ISO-10303-21;
HEADER;
FILE_DESCRIPTION(('FreeCAD Model'),'2;1');
FILE_NAME('Open CASCADE Shape Model','2026-09-20T11:42:50',('FreeCAD'),(
    'FreeCAD'),'Open CASCADE STEP processor 7.8','FreeCAD','Unknown');
FILE_SCHEMA(('AUTOMOTIVE_DESIGN { 1 0 10303 214 1 1 1 1 }'));
ENDSEC;
DATA;
#1 = APPLICATION_PROTOCOL_DEFINITION('international standard',
  'automotive_design',2000,#2);
#2 = APPLICATION_CONTEXT(
  'core data for automotive mechanical design processes');
#3 = SHAPE_DEFINITION_REPRESENTATION(#4,#10);
#4 = PRODUCT_DEFINITION_SHAPE('','',#5);
#5 = PRODUCT_DEFINITION('design','',#6,#9);
#6 = PRODUCT_DEFINITION_FORMATION('','',#7);
#7 = PRODUCT('Open CASCADE STEP translator 7.8 4',
  'Open CASCADE STEP translator 7.8 4','',(#8));
#8 = PRODUCT_CONTEXT('',#2,'mechanical');
#9 = PRODUCT_DEFINITION_CONTEXT('part definition',#2,'design');
#10 = ADVANCED_BREP_SHAPE_REPRESENTATION('',(#11,#15),#5081);
#11 = AXIS2_PLACEMENT_3D('',#12,#13,#14);
#12 = CARTESIAN_POINT('',(0.,0.,0.));
#13 = DIRECTION('',(0.,0.,1.));
#14 = DIRECTION('',(1.,0.,-0.));
#15 = MANIFOLD_SOLID_BREP('',#16);
#16 = CLOSED_SHELL('',(#17,#100,#189,#317,#399,#455,#495,#520,#560,#609,
    #665,#689,#771,#802,#826,#858,#890,#907,#968,#1032,#1072,#1682,#1706
    ,#2282,#2322,#2355,#2430,#2479,#2496,#2573,#2604,#2628,#2660,#2692,
    #2709,#2743,#2776,#2839,#2864,#2881,#2900,#2940,#2964,#2997,#3014,
    #3056,#3080,#3152,#3191,#3211,#3233,#3250,#3268,#3286,#3298,#3315,
    #3327,#3344,#3379,#3403,#3427,#3444,#3461,#3478,#3495,#3512,#3529,
    #3546,#3563,#3580,#3597,#3614,#3631,#3648,#3665,#3682,#3699,#3716,
    #3733,#3750,#3767,#3784,#3801,#3818,#3835,#3852,#3869,#3886,#3903,
    #3920,#3937,#3954,#3971,#3988,#4005,#4022,#4039,#4056,#4073,#4090,
    #4107,#4124,#4141,#4158,#4175,#4192,#4209,#4226,#4243,#4260,#4277,
    #4294,#4311,#4328,#4345,#4362,#4379,#4396,#4413,#4430,#4447,#4464,
    #4481,#4498,#4515,#4532,#4549,#4561,#4578,#4618,#4642,#4668,#4685,
    #4716,#4740,#4772,#4804,#4821,#4840,#4852,#4894,#4918,#4953,#4980,
    #5000,#5017,#5029,#5042,#5054,#5067));
#17 = ADVANCED_FACE('',(#18),#95,.T.);
#18 = FACE_BOUND('',#19,.T.);
#19 = EDGE_LOOP('',(#20,#30,#39,#48,#56,#64,#72,#81,#89));
#20 = ORIENTED_EDGE('',*,*,#21,.F.);
#21 = EDGE_CURVE('',#22,#24,#26,.T.);
#22 = VERTEX_POINT('',#23);
#23 = CARTESIAN_POINT('',(-73.65176148596,-49.84309249817,8.));
#24 = VERTEX_POINT('',#25);
#25 = CARTESIAN_POINT('',(-36.65588553296,-68.1648596368,8.));
#26 = LINE('',#27,#28);
#27 = CARTESIAN_POINT('',(-22.76590795324,-75.04370567628,8.));
#28 = VECTOR('',#29,1.);
#29 = DIRECTION('',(0.896127585788,-0.443796518676,0.));
#30 = ORIENTED_EDGE('',*,*,#31,.T.);
#31 = EDGE_CURVE('',#22,#32,#34,.T.);
#32 = VERTEX_POINT('',#33);
#33 = CARTESIAN_POINT('',(75.,-64.,8.));
#34 = CIRCLE('',#35,75.);
#35 = AXIS2_PLACEMENT_3D('',#36,#37,#38);
#36 = CARTESIAN_POINT('',(0.,-64.,8.));
#37 = DIRECTION('',(0.,0.,1.));
#38 = DIRECTION('',(1.,0.,0.));
#39 = ORIENTED_EDGE('',*,*,#40,.T.);
#40 = EDGE_CURVE('',#32,#41,#43,.T.);
#41 = VERTEX_POINT('',#42);
#42 = CARTESIAN_POINT('',(73.651761485961,-49.84309249817,8.));
#43 = CIRCLE('',#44,75.);
#44 = AXIS2_PLACEMENT_3D('',#45,#46,#47);
#45 = CARTESIAN_POINT('',(0.,-64.,8.));
#46 = DIRECTION('',(0.,0.,1.));
#47 = DIRECTION('',(1.,0.,0.));
#48 = ORIENTED_EDGE('',*,*,#49,.T.);
#49 = EDGE_CURVE('',#41,#50,#52,.T.);
#50 = VERTEX_POINT('',#51);
#51 = CARTESIAN_POINT('',(36.655885532963,-68.1648596368,8.));
#52 = LINE('',#53,#54);
#53 = CARTESIAN_POINT('',(22.765907953243,-75.04370567628,8.));
#54 = VECTOR('',#55,1.);
#55 = DIRECTION('',(-0.896127585788,-0.443796518676,0.));
#56 = ORIENTED_EDGE('',*,*,#57,.T.);
#57 = EDGE_CURVE('',#50,#58,#60,.T.);
#58 = VERTEX_POINT('',#59);
#59 = CARTESIAN_POINT('',(34.43690293958,-63.68422170786,8.));
#60 = LINE('',#61,#62);
#61 = CARTESIAN_POINT('',(32.217920346202,-59.20358377892,8.));
#62 = VECTOR('',#63,1.);
#63 = DIRECTION('',(-0.443796518676,0.896127585788,0.));
#64 = ORIENTED_EDGE('',*,*,#65,.F.);
#65 = EDGE_CURVE('',#66,#58,#68,.T.);
#66 = VERTEX_POINT('',#67);
#67 = CARTESIAN_POINT('',(29.939025409886,-65.91174200828,8.));
#68 = LINE('',#69,#70);
#69 = CARTESIAN_POINT('',(22.787244324333,-69.45357645065,8.));
#70 = VECTOR('',#71,1.);
#71 = DIRECTION('',(0.896127585788,0.443796518676,0.));
#72 = ORIENTED_EDGE('',*,*,#73,.F.);
#73 = EDGE_CURVE('',#74,#66,#76,.T.);
#74 = VERTEX_POINT('',#75);
#75 = CARTESIAN_POINT('',(-29.93902540988,-65.91174200828,8.));
#76 = CIRCLE('',#77,30.);
#77 = AXIS2_PLACEMENT_3D('',#78,#79,#80);
#78 = CARTESIAN_POINT('',(0.,-64.,8.));
#79 = DIRECTION('',(0.,0.,1.));
#80 = DIRECTION('',(1.,0.,0.));
#81 = ORIENTED_EDGE('',*,*,#82,.T.);
#82 = EDGE_CURVE('',#74,#83,#85,.T.);
#83 = VERTEX_POINT('',#84);
#84 = CARTESIAN_POINT('',(-34.43690293958,-63.68422170785,8.));
#85 = LINE('',#86,#87);
#86 = CARTESIAN_POINT('',(-22.78724432433,-69.45357645065,8.));
#87 = VECTOR('',#88,1.);
#88 = DIRECTION('',(-0.896127585788,0.443796518676,0.));
#89 = ORIENTED_EDGE('',*,*,#90,.T.);
#90 = EDGE_CURVE('',#83,#24,#91,.T.);
#91 = LINE('',#92,#93);
#92 = CARTESIAN_POINT('',(-23.34198997267,-41.28103206315,8.));
#93 = VECTOR('',#94,1.);
#94 = DIRECTION('',(-0.443796518676,-0.896127585788,0.));
#95 = PLANE('',#96);
#96 = AXIS2_PLACEMENT_3D('',#97,#98,#99);
#97 = CARTESIAN_POINT('',(0.,-64.,8.));
#98 = DIRECTION('',(0.,0.,1.));
#99 = DIRECTION('',(1.,0.,0.));
#100 = ADVANCED_FACE('',(#101,#142),#184,.T.);
#101 = FACE_BOUND('',#102,.T.);
#102 = EDGE_LOOP('',(#103,#113,#119,#120,#128,#136));
#103 = ORIENTED_EDGE('',*,*,#104,.F.);
#104 = EDGE_CURVE('',#105,#107,#109,.T.);
#105 = VERTEX_POINT('',#106);
#106 = CARTESIAN_POINT('',(-73.65176148596,-49.84309249817,7.8));
#107 = VERTEX_POINT('',#108);
#108 = CARTESIAN_POINT('',(-85.04677516553,-44.19984762829,7.8));
#109 = LINE('',#110,#111);
#110 = CARTESIAN_POINT('',(-36.65588553296,-68.1648596368,7.8));
#111 = VECTOR('',#112,1.);
#112 = DIRECTION('',(-0.896127585788,0.443796518676,0.));
#113 = ORIENTED_EDGE('',*,*,#114,.T.);
#114 = EDGE_CURVE('',#105,#22,#115,.T.);
#115 = LINE('',#116,#117);
#116 = CARTESIAN_POINT('',(-73.65176148596,-49.84309249817,0.));
#117 = VECTOR('',#118,1.);
#118 = DIRECTION('',(0.,0.,1.));
#119 = ORIENTED_EDGE('',*,*,#21,.T.);
#120 = ORIENTED_EDGE('',*,*,#121,.T.);
#121 = EDGE_CURVE('',#24,#122,#124,.T.);
#122 = VERTEX_POINT('',#123);
#123 = CARTESIAN_POINT('',(-36.65588553296,-68.1648596368,27.));
#124 = LINE('',#125,#126);
#125 = CARTESIAN_POINT('',(-36.65588553296,-68.1648596368,7.8));
#126 = VECTOR('',#127,1.);
#127 = DIRECTION('',(0.,0.,1.));
#128 = ORIENTED_EDGE('',*,*,#129,.T.);
#129 = EDGE_CURVE('',#122,#130,#132,.T.);
#130 = VERTEX_POINT('',#131);
#131 = CARTESIAN_POINT('',(-85.04677516553,-44.19984762829,27.));
#132 = LINE('',#133,#134);
#133 = CARTESIAN_POINT('',(-36.65588553296,-68.1648596368,27.));
#134 = VECTOR('',#135,1.);
#135 = DIRECTION('',(-0.896127585788,0.443796518676,0.));
#136 = ORIENTED_EDGE('',*,*,#137,.F.);
#137 = EDGE_CURVE('',#107,#130,#138,.T.);
#138 = LINE('',#139,#140);
#139 = CARTESIAN_POINT('',(-85.04677516553,-44.19984762829,7.8));
#140 = VECTOR('',#141,1.);
#141 = DIRECTION('',(0.,0.,1.));
#142 = FACE_BOUND('',#143,.T.);
#143 = EDGE_LOOP('',(#144,#154,#162,#170,#178));
#144 = ORIENTED_EDGE('',*,*,#145,.F.);
#145 = EDGE_CURVE('',#146,#148,#150,.T.);
#146 = VERTEX_POINT('',#147);
#147 = CARTESIAN_POINT('',(-65.78003207108,-53.74147277983,9.));
#148 = VERTEX_POINT('',#149);
#149 = CARTESIAN_POINT('',(-59.50713897056,-56.84804841056,9.));
#150 = LINE('',#151,#152);
#151 = CARTESIAN_POINT('',(-48.08151225176,-62.50645402368,9.));
#152 = VECTOR('',#153,1.);
#153 = DIRECTION('',(0.896127585788,-0.443796518676,0.));
#154 = ORIENTED_EDGE('',*,*,#155,.F.);
#155 = EDGE_CURVE('',#156,#146,#158,.T.);
#156 = VERTEX_POINT('',#157);
#157 = CARTESIAN_POINT('',(-65.78003207108,-53.74147277983,13.));
#158 = LINE('',#159,#160);
#159 = CARTESIAN_POINT('',(-65.78003207108,-53.74147277983,8.4));
#160 = VECTOR('',#161,1.);
#161 = DIRECTION('',(0.,0.,-1.));
#162 = ORIENTED_EDGE('',*,*,#163,.F.);
#163 = EDGE_CURVE('',#164,#156,#166,.T.);
#164 = VERTEX_POINT('',#165);
#165 = CARTESIAN_POINT('',(-62.64358552082,-55.29476059519,16.5));
#166 = LINE('',#167,#168);
#167 = CARTESIAN_POINT('',(-59.66396129808,-56.77038401979,19.825));
#168 = VECTOR('',#169,1.);
#169 = DIRECTION('',(-0.633657892719,0.313811527823,-0.707106781187));
#170 = ORIENTED_EDGE('',*,*,#171,.F.);
#171 = EDGE_CURVE('',#172,#164,#174,.T.);
#172 = VERTEX_POINT('',#173);
#173 = CARTESIAN_POINT('',(-59.50713897056,-56.84804841056,13.));
#174 = LINE('',#175,#176);
#175 = CARTESIAN_POINT('',(-54.19758302477,-59.47754278372,7.075));
#176 = VECTOR('',#177,1.);
#177 = DIRECTION('',(-0.633657892719,0.313811527823,0.707106781187));
#178 = ORIENTED_EDGE('',*,*,#179,.F.);
#179 = EDGE_CURVE('',#148,#172,#180,.T.);
#180 = LINE('',#181,#182);
#181 = CARTESIAN_POINT('',(-59.50713897056,-56.84804841056,10.4));
#182 = VECTOR('',#183,1.);
#183 = DIRECTION('',(0.,0.,1.));
#184 = PLANE('',#185);
#185 = AXIS2_PLACEMENT_3D('',#186,#187,#188);
#186 = CARTESIAN_POINT('',(-36.65588553296,-68.1648596368,7.8));
#187 = DIRECTION('',(-0.443796518676,-0.896127585788,0.));
#188 = DIRECTION('',(0.,0.,1.));
#189 = ADVANCED_FACE('',(#190),#312,.T.);
#190 = FACE_BOUND('',#191,.T.);
#191 = EDGE_LOOP('',(#192,#193,#194,#203,#211,#220,#228,#237,#245,#254,
    #262,#271,#279,#288,#296,#305,#311));
#192 = ORIENTED_EDGE('',*,*,#31,.F.);
#193 = ORIENTED_EDGE('',*,*,#114,.F.);
#194 = ORIENTED_EDGE('',*,*,#195,.F.);
#195 = EDGE_CURVE('',#196,#105,#198,.T.);
#196 = VERTEX_POINT('',#197);
#197 = CARTESIAN_POINT('',(-55.89990073891,-13.99798906664,7.8));
#198 = CIRCLE('',#199,75.);
#199 = AXIS2_PLACEMENT_3D('',#200,#201,#202);
#200 = CARTESIAN_POINT('',(0.,-64.,7.8));
#201 = DIRECTION('',(0.,0.,1.));
#202 = DIRECTION('',(1.,0.,0.));
#203 = ORIENTED_EDGE('',*,*,#204,.T.);
#204 = EDGE_CURVE('',#196,#205,#207,.T.);
#205 = VERTEX_POINT('',#206);
#206 = CARTESIAN_POINT('',(-55.89990073891,-13.99798906664,8.));
#207 = LINE('',#208,#209);
#208 = CARTESIAN_POINT('',(-55.89990073891,-13.99798906664,0.));
#209 = VECTOR('',#210,1.);
#210 = DIRECTION('',(0.,0.,1.));
#211 = ORIENTED_EDGE('',*,*,#212,.F.);
#212 = EDGE_CURVE('',#213,#205,#215,.T.);
#213 = VERTEX_POINT('',#214);
#214 = CARTESIAN_POINT('',(-4.,10.893257373411,8.));
#215 = CIRCLE('',#216,75.);
#216 = AXIS2_PLACEMENT_3D('',#217,#218,#219);
#217 = CARTESIAN_POINT('',(0.,-64.,8.));
#218 = DIRECTION('',(0.,0.,1.));
#219 = DIRECTION('',(1.,0.,0.));
#220 = ORIENTED_EDGE('',*,*,#221,.F.);
#221 = EDGE_CURVE('',#222,#213,#224,.T.);
#222 = VERTEX_POINT('',#223);
#223 = CARTESIAN_POINT('',(-3.999999999999,10.893257373411,0.));
#224 = LINE('',#225,#226);
#225 = CARTESIAN_POINT('',(-4.,10.893257373411,0.));
#226 = VECTOR('',#227,1.);
#227 = DIRECTION('',(0.,0.,1.));
#228 = ORIENTED_EDGE('',*,*,#229,.T.);
#229 = EDGE_CURVE('',#222,#230,#232,.T.);
#230 = VERTEX_POINT('',#231);
#231 = CARTESIAN_POINT('',(71.722856697228,-85.9278778542,0.));
#232 = CIRCLE('',#233,75.);
#233 = AXIS2_PLACEMENT_3D('',#234,#235,#236);
#234 = CARTESIAN_POINT('',(0.,-64.,0.));
#235 = DIRECTION('',(0.,0.,1.));
#236 = DIRECTION('',(1.,0.,0.));
#237 = ORIENTED_EDGE('',*,*,#238,.T.);
#238 = EDGE_CURVE('',#230,#239,#241,.T.);
#239 = VERTEX_POINT('',#240);
#240 = CARTESIAN_POINT('',(71.722856697228,-85.9278778542,6.));
#241 = LINE('',#242,#243);
#242 = CARTESIAN_POINT('',(71.722856697228,-85.9278778542,0.));
#243 = VECTOR('',#244,1.);
#244 = DIRECTION('',(0.,0.,1.));
#245 = ORIENTED_EDGE('',*,*,#246,.T.);
#246 = EDGE_CURVE('',#239,#247,#249,.T.);
#247 = VERTEX_POINT('',#248);
#248 = CARTESIAN_POINT('',(66.825489314128,-29.95071251953,6.));
#249 = CIRCLE('',#250,75.);
#250 = AXIS2_PLACEMENT_3D('',#251,#252,#253);
#251 = CARTESIAN_POINT('',(0.,-64.,6.));
#252 = DIRECTION('',(0.,0.,1.));
#253 = DIRECTION('',(1.,0.,0.));
#254 = ORIENTED_EDGE('',*,*,#255,.F.);
#255 = EDGE_CURVE('',#256,#247,#258,.T.);
#256 = VERTEX_POINT('',#257);
#257 = CARTESIAN_POINT('',(66.825489314128,-29.95071251953,0.));
#258 = LINE('',#259,#260);
#259 = CARTESIAN_POINT('',(66.825489314128,-29.95071251953,0.));
#260 = VECTOR('',#261,1.);
#261 = DIRECTION('',(0.,0.,1.));
#262 = ORIENTED_EDGE('',*,*,#263,.T.);
#263 = EDGE_CURVE('',#256,#264,#266,.T.);
#264 = VERTEX_POINT('',#265);
#265 = CARTESIAN_POINT('',(3.999999999999,10.893257373411,0.));
#266 = CIRCLE('',#267,75.);
#267 = AXIS2_PLACEMENT_3D('',#268,#269,#270);
#268 = CARTESIAN_POINT('',(0.,-64.,0.));
#269 = DIRECTION('',(0.,0.,1.));
#270 = DIRECTION('',(1.,0.,0.));
#271 = ORIENTED_EDGE('',*,*,#272,.T.);
#272 = EDGE_CURVE('',#264,#273,#275,.T.);
#273 = VERTEX_POINT('',#274);
#274 = CARTESIAN_POINT('',(4.,10.893257373411,8.));
#275 = LINE('',#276,#277);
#276 = CARTESIAN_POINT('',(4.,10.893257373411,0.));
#277 = VECTOR('',#278,1.);
#278 = DIRECTION('',(0.,0.,1.));
#279 = ORIENTED_EDGE('',*,*,#280,.F.);
#280 = EDGE_CURVE('',#281,#273,#283,.T.);
#281 = VERTEX_POINT('',#282);
#282 = CARTESIAN_POINT('',(55.899900738915,-13.99798906664,8.));
#283 = CIRCLE('',#284,75.);
#284 = AXIS2_PLACEMENT_3D('',#285,#286,#287);
#285 = CARTESIAN_POINT('',(0.,-64.,8.));
#286 = DIRECTION('',(0.,0.,1.));
#287 = DIRECTION('',(1.,0.,0.));
#288 = ORIENTED_EDGE('',*,*,#289,.F.);
#289 = EDGE_CURVE('',#290,#281,#292,.T.);
#290 = VERTEX_POINT('',#291);
#291 = CARTESIAN_POINT('',(55.899900738915,-13.99798906664,7.8));
#292 = LINE('',#293,#294);
#293 = CARTESIAN_POINT('',(55.899900738915,-13.99798906664,0.));
#294 = VECTOR('',#295,1.);
#295 = DIRECTION('',(0.,0.,1.));
#296 = ORIENTED_EDGE('',*,*,#297,.F.);
#297 = EDGE_CURVE('',#298,#290,#300,.T.);
#298 = VERTEX_POINT('',#299);
#299 = CARTESIAN_POINT('',(73.651761485961,-49.84309249817,7.8));
#300 = CIRCLE('',#301,75.);
#301 = AXIS2_PLACEMENT_3D('',#302,#303,#304);
#302 = CARTESIAN_POINT('',(0.,-64.,7.8));
#303 = DIRECTION('',(0.,0.,1.));
#304 = DIRECTION('',(1.,0.,0.));
#305 = ORIENTED_EDGE('',*,*,#306,.T.);
#306 = EDGE_CURVE('',#298,#41,#307,.T.);
#307 = LINE('',#308,#309);
#308 = CARTESIAN_POINT('',(73.651761485961,-49.84309249817,0.));
#309 = VECTOR('',#310,1.);
#310 = DIRECTION('',(0.,0.,1.));
#311 = ORIENTED_EDGE('',*,*,#40,.F.);
#312 = CYLINDRICAL_SURFACE('',#313,75.);
#313 = AXIS2_PLACEMENT_3D('',#314,#315,#316);
#314 = CARTESIAN_POINT('',(0.,-64.,0.));
#315 = DIRECTION('',(0.,0.,1.));
#316 = DIRECTION('',(1.,0.,0.));
#317 = ADVANCED_FACE('',(#318,#352),#394,.F.);
#318 = FACE_BOUND('',#319,.F.);
#319 = EDGE_LOOP('',(#320,#328,#329,#330,#338,#346));
#320 = ORIENTED_EDGE('',*,*,#321,.F.);
#321 = EDGE_CURVE('',#298,#322,#324,.T.);
#322 = VERTEX_POINT('',#323);
#323 = CARTESIAN_POINT('',(85.046775165536,-44.19984762829,7.8));
#324 = LINE('',#325,#326);
#325 = CARTESIAN_POINT('',(36.655885532963,-68.1648596368,7.8));
#326 = VECTOR('',#327,1.);
#327 = DIRECTION('',(0.896127585788,0.443796518676,0.));
#328 = ORIENTED_EDGE('',*,*,#306,.T.);
#329 = ORIENTED_EDGE('',*,*,#49,.T.);
#330 = ORIENTED_EDGE('',*,*,#331,.T.);
#331 = EDGE_CURVE('',#50,#332,#334,.T.);
#332 = VERTEX_POINT('',#333);
#333 = CARTESIAN_POINT('',(36.655885532963,-68.1648596368,27.));
#334 = LINE('',#335,#336);
#335 = CARTESIAN_POINT('',(36.655885532963,-68.1648596368,7.8));
#336 = VECTOR('',#337,1.);
#337 = DIRECTION('',(0.,0.,1.));
#338 = ORIENTED_EDGE('',*,*,#339,.T.);
#339 = EDGE_CURVE('',#332,#340,#342,.T.);
#340 = VERTEX_POINT('',#341);
#341 = CARTESIAN_POINT('',(85.046775165536,-44.19984762829,27.));
#342 = LINE('',#343,#344);
#343 = CARTESIAN_POINT('',(36.655885532963,-68.1648596368,27.));
#344 = VECTOR('',#345,1.);
#345 = DIRECTION('',(0.896127585788,0.443796518676,0.));
#346 = ORIENTED_EDGE('',*,*,#347,.F.);
#347 = EDGE_CURVE('',#322,#340,#348,.T.);
#348 = LINE('',#349,#350);
#349 = CARTESIAN_POINT('',(85.046775165536,-44.19984762829,7.8));
#350 = VECTOR('',#351,1.);
#351 = DIRECTION('',(0.,0.,1.));
#352 = FACE_BOUND('',#353,.F.);
#353 = EDGE_LOOP('',(#354,#364,#372,#380,#388));
#354 = ORIENTED_EDGE('',*,*,#355,.F.);
#355 = EDGE_CURVE('',#356,#358,#360,.T.);
#356 = VERTEX_POINT('',#357);
#357 = CARTESIAN_POINT('',(65.780032071086,-53.74147277983,9.));
#358 = VERTEX_POINT('',#359);
#359 = CARTESIAN_POINT('',(59.507138970567,-56.84804841056,9.));
#360 = LINE('',#361,#362);
#361 = CARTESIAN_POINT('',(48.081512251765,-62.50645402368,9.));
#362 = VECTOR('',#363,1.);
#363 = DIRECTION('',(-0.896127585788,-0.443796518676,-0.));
#364 = ORIENTED_EDGE('',*,*,#365,.F.);
#365 = EDGE_CURVE('',#366,#356,#368,.T.);
#366 = VERTEX_POINT('',#367);
#367 = CARTESIAN_POINT('',(65.780032071086,-53.74147277983,13.));
#368 = LINE('',#369,#370);
#369 = CARTESIAN_POINT('',(65.780032071086,-53.74147277983,8.4));
#370 = VECTOR('',#371,1.);
#371 = DIRECTION('',(0.,0.,-1.));
#372 = ORIENTED_EDGE('',*,*,#373,.F.);
#373 = EDGE_CURVE('',#374,#366,#376,.T.);
#374 = VERTEX_POINT('',#375);
#375 = CARTESIAN_POINT('',(62.643585520826,-55.29476059519,16.5));
#376 = LINE('',#377,#378);
#377 = CARTESIAN_POINT('',(59.66396129808,-56.77038401979,19.825));
#378 = VECTOR('',#379,1.);
#379 = DIRECTION('',(0.633657892719,0.313811527823,-0.707106781187));
#380 = ORIENTED_EDGE('',*,*,#381,.F.);
#381 = EDGE_CURVE('',#382,#374,#384,.T.);
#382 = VERTEX_POINT('',#383);
#383 = CARTESIAN_POINT('',(59.507138970567,-56.84804841056,13.));
#384 = LINE('',#385,#386);
#385 = CARTESIAN_POINT('',(54.197583024771,-59.47754278372,7.075));
#386 = VECTOR('',#387,1.);
#387 = DIRECTION('',(0.633657892719,0.313811527823,0.707106781187));
#388 = ORIENTED_EDGE('',*,*,#389,.F.);
#389 = EDGE_CURVE('',#358,#382,#390,.T.);
#390 = LINE('',#391,#392);
#391 = CARTESIAN_POINT('',(59.507138970567,-56.84804841056,10.4));
#392 = VECTOR('',#393,1.);
#393 = DIRECTION('',(0.,0.,1.));
#394 = PLANE('',#395);
#395 = AXIS2_PLACEMENT_3D('',#396,#397,#398);
#396 = CARTESIAN_POINT('',(36.655885532963,-68.1648596368,7.8));
#397 = DIRECTION('',(-0.443796518676,0.896127585788,0.));
#398 = DIRECTION('',(0.,0.,1.));
#399 = ADVANCED_FACE('',(#400),#450,.F.);
#400 = FACE_BOUND('',#401,.F.);
#401 = EDGE_LOOP('',(#402,#403,#404,#412,#420,#428,#436,#444));
#402 = ORIENTED_EDGE('',*,*,#331,.F.);
#403 = ORIENTED_EDGE('',*,*,#57,.T.);
#404 = ORIENTED_EDGE('',*,*,#405,.F.);
#405 = EDGE_CURVE('',#406,#58,#408,.T.);
#406 = VERTEX_POINT('',#407);
#407 = CARTESIAN_POINT('',(34.43690293958,-63.68422170786,16.));
#408 = LINE('',#409,#410);
#409 = CARTESIAN_POINT('',(34.43690293958,-63.68422170786,7.9));
#410 = VECTOR('',#411,1.);
#411 = DIRECTION('',(0.,0.,-1.));
#412 = ORIENTED_EDGE('',*,*,#413,.T.);
#413 = EDGE_CURVE('',#406,#414,#416,.T.);
#414 = VERTEX_POINT('',#415);
#415 = CARTESIAN_POINT('',(21.123007379296,-36.80039413421,16.));
#416 = LINE('',#417,#418);
#417 = CARTESIAN_POINT('',(29.534559997291,-53.78525999747,16.));
#418 = VECTOR('',#419,1.);
#419 = DIRECTION('',(-0.443796518676,0.896127585788,0.));
#420 = ORIENTED_EDGE('',*,*,#421,.T.);
#421 = EDGE_CURVE('',#414,#422,#424,.T.);
#422 = VERTEX_POINT('',#423);
#423 = CARTESIAN_POINT('',(21.123007379296,-36.80039413421,8.));
#424 = LINE('',#425,#426);
#425 = CARTESIAN_POINT('',(21.123007379296,-36.80039413421,7.9));
#426 = VECTOR('',#427,1.);
#427 = DIRECTION('',(0.,0.,-1.));
#428 = ORIENTED_EDGE('',*,*,#429,.T.);
#429 = EDGE_CURVE('',#422,#430,#432,.T.);
#430 = VERTEX_POINT('',#431);
#431 = CARTESIAN_POINT('',(18.904024785917,-32.31975620527,8.));
#432 = LINE('',#433,#434);
#433 = CARTESIAN_POINT('',(32.217920346202,-59.20358377892,8.));
#434 = VECTOR('',#435,1.);
#435 = DIRECTION('',(-0.443796518676,0.896127585788,0.));
#436 = ORIENTED_EDGE('',*,*,#437,.T.);
#437 = EDGE_CURVE('',#430,#438,#440,.T.);
#438 = VERTEX_POINT('',#439);
#439 = CARTESIAN_POINT('',(18.904024785917,-32.31975620527,27.));
#440 = LINE('',#441,#442);
#441 = CARTESIAN_POINT('',(18.904024785917,-32.31975620527,7.8));
#442 = VECTOR('',#443,1.);
#443 = DIRECTION('',(0.,0.,1.));
#444 = ORIENTED_EDGE('',*,*,#445,.F.);
#445 = EDGE_CURVE('',#332,#438,#446,.T.);
#446 = LINE('',#447,#448);
#447 = CARTESIAN_POINT('',(36.655885532963,-68.1648596368,27.));
#448 = VECTOR('',#449,1.);
#449 = DIRECTION('',(-0.443796518676,0.896127585788,0.));
#450 = PLANE('',#451);
#451 = AXIS2_PLACEMENT_3D('',#452,#453,#454);
#452 = CARTESIAN_POINT('',(36.655885532963,-68.1648596368,7.8));
#453 = DIRECTION('',(0.896127585788,0.443796518676,0.));
#454 = DIRECTION('',(0.,0.,1.));
#455 = ADVANCED_FACE('',(#456),#490,.F.);
#456 = FACE_BOUND('',#457,.F.);
#457 = EDGE_LOOP('',(#458,#459,#467,#475,#483,#489));
#458 = ORIENTED_EDGE('',*,*,#65,.F.);
#459 = ORIENTED_EDGE('',*,*,#460,.T.);
#460 = EDGE_CURVE('',#66,#461,#463,.T.);
#461 = VERTEX_POINT('',#462);
#462 = CARTESIAN_POINT('',(29.939025409885,-65.91174200828,11.));
#463 = LINE('',#464,#465);
#464 = CARTESIAN_POINT('',(29.939025409885,-65.91174200828,8.));
#465 = VECTOR('',#466,1.);
#466 = DIRECTION('',(0.,0.,1.));
#467 = ORIENTED_EDGE('',*,*,#468,.T.);
#468 = EDGE_CURVE('',#461,#469,#471,.T.);
#469 = VERTEX_POINT('',#470);
#470 = CARTESIAN_POINT('',(30.454998948678,-65.65621225573,11.));
#471 = LINE('',#472,#473);
#472 = CARTESIAN_POINT('',(14.722096052237,-73.44774511873,11.));
#473 = VECTOR('',#474,1.);
#474 = DIRECTION('',(0.896127585788,0.443796518676,-0.));
#475 = ORIENTED_EDGE('',*,*,#476,.T.);
#476 = EDGE_CURVE('',#469,#477,#479,.T.);
#477 = VERTEX_POINT('',#478);
#478 = CARTESIAN_POINT('',(30.454998948678,-65.65621225573,16.));
#479 = LINE('',#480,#481);
#480 = CARTESIAN_POINT('',(30.454998948678,-65.65621225573,11.));
#481 = VECTOR('',#482,1.);
#482 = DIRECTION('',(0.,0.,1.));
#483 = ORIENTED_EDGE('',*,*,#484,.T.);
#484 = EDGE_CURVE('',#477,#406,#485,.T.);
#485 = LINE('',#486,#487);
#486 = CARTESIAN_POINT('',(22.787244324333,-69.45357645065,16.));
#487 = VECTOR('',#488,1.);
#488 = DIRECTION('',(0.896127585788,0.443796518676,0.));
#489 = ORIENTED_EDGE('',*,*,#405,.T.);
#490 = PLANE('',#491);
#491 = AXIS2_PLACEMENT_3D('',#492,#493,#494);
#492 = CARTESIAN_POINT('',(22.787244324333,-69.45357645065,8.));
#493 = DIRECTION('',(-0.443796518676,0.896127585788,0.));
#494 = DIRECTION('',(0.,0.,1.));
#495 = ADVANCED_FACE('',(#496),#515,.T.);
#496 = FACE_BOUND('',#497,.T.);
#497 = EDGE_LOOP('',(#498,#499,#500,#509));
#498 = ORIENTED_EDGE('',*,*,#73,.T.);
#499 = ORIENTED_EDGE('',*,*,#460,.T.);
#500 = ORIENTED_EDGE('',*,*,#501,.F.);
#501 = EDGE_CURVE('',#502,#461,#504,.T.);
#502 = VERTEX_POINT('',#503);
#503 = CARTESIAN_POINT('',(-29.93902540988,-65.91174200828,11.));
#504 = CIRCLE('',#505,30.);
#505 = AXIS2_PLACEMENT_3D('',#506,#507,#508);
#506 = CARTESIAN_POINT('',(0.,-64.,11.));
#507 = DIRECTION('',(0.,0.,1.));
#508 = DIRECTION('',(1.,0.,-0.));
#509 = ORIENTED_EDGE('',*,*,#510,.F.);
#510 = EDGE_CURVE('',#74,#502,#511,.T.);
#511 = LINE('',#512,#513);
#512 = CARTESIAN_POINT('',(-29.93902540988,-65.91174200828,8.));
#513 = VECTOR('',#514,1.);
#514 = DIRECTION('',(0.,0.,1.));
#515 = CYLINDRICAL_SURFACE('',#516,30.);
#516 = AXIS2_PLACEMENT_3D('',#517,#518,#519);
#517 = CARTESIAN_POINT('',(0.,-64.,8.));
#518 = DIRECTION('',(0.,0.,1.));
#519 = DIRECTION('',(1.,0.,0.));
#520 = ADVANCED_FACE('',(#521),#555,.T.);
#521 = FACE_BOUND('',#522,.T.);
#522 = EDGE_LOOP('',(#523,#524,#525,#533,#541,#549));
#523 = ORIENTED_EDGE('',*,*,#82,.F.);
#524 = ORIENTED_EDGE('',*,*,#510,.T.);
#525 = ORIENTED_EDGE('',*,*,#526,.T.);
#526 = EDGE_CURVE('',#502,#527,#529,.T.);
#527 = VERTEX_POINT('',#528);
#528 = CARTESIAN_POINT('',(-30.45499894867,-65.65621225573,11.));
#529 = LINE('',#530,#531);
#530 = CARTESIAN_POINT('',(-14.72209605223,-73.44774511873,11.));
#531 = VECTOR('',#532,1.);
#532 = DIRECTION('',(-0.896127585788,0.443796518676,0.));
#533 = ORIENTED_EDGE('',*,*,#534,.T.);
#534 = EDGE_CURVE('',#527,#535,#537,.T.);
#535 = VERTEX_POINT('',#536);
#536 = CARTESIAN_POINT('',(-30.45499894867,-65.65621225573,16.));
#537 = LINE('',#538,#539);
#538 = CARTESIAN_POINT('',(-30.45499894867,-65.65621225573,11.));
#539 = VECTOR('',#540,1.);
#540 = DIRECTION('',(0.,0.,1.));
#541 = ORIENTED_EDGE('',*,*,#542,.T.);
#542 = EDGE_CURVE('',#535,#543,#545,.T.);
#543 = VERTEX_POINT('',#544);
#544 = CARTESIAN_POINT('',(-34.43690293958,-63.68422170785,16.));
#545 = LINE('',#546,#547);
#546 = CARTESIAN_POINT('',(-22.78724432433,-69.45357645065,16.));
#547 = VECTOR('',#548,1.);
#548 = DIRECTION('',(-0.896127585788,0.443796518676,0.));
#549 = ORIENTED_EDGE('',*,*,#550,.T.);
#550 = EDGE_CURVE('',#543,#83,#551,.T.);
#551 = LINE('',#552,#553);
#552 = CARTESIAN_POINT('',(-34.43690293958,-63.68422170785,7.9));
#553 = VECTOR('',#554,1.);
#554 = DIRECTION('',(0.,0.,-1.));
#555 = PLANE('',#556);
#556 = AXIS2_PLACEMENT_3D('',#557,#558,#559);
#557 = CARTESIAN_POINT('',(-22.78724432433,-69.45357645065,8.));
#558 = DIRECTION('',(-0.443796518676,-0.896127585788,0.));
#559 = DIRECTION('',(0.,0.,1.));
#560 = ADVANCED_FACE('',(#561),#604,.F.);
#561 = FACE_BOUND('',#562,.F.);
#562 = EDGE_LOOP('',(#563,#573,#581,#589,#595,#596,#597,#598));
#563 = ORIENTED_EDGE('',*,*,#564,.F.);
#564 = EDGE_CURVE('',#565,#567,#569,.T.);
#565 = VERTEX_POINT('',#566);
#566 = CARTESIAN_POINT('',(-18.90402478591,-32.31975620527,8.));
#567 = VERTEX_POINT('',#568);
#568 = CARTESIAN_POINT('',(-18.90402478591,-32.31975620527,27.));
#569 = LINE('',#570,#571);
#570 = CARTESIAN_POINT('',(-18.90402478591,-32.31975620527,7.8));
#571 = VECTOR('',#572,1.);
#572 = DIRECTION('',(0.,0.,1.));
#573 = ORIENTED_EDGE('',*,*,#574,.T.);
#574 = EDGE_CURVE('',#565,#575,#577,.T.);
#575 = VERTEX_POINT('',#576);
#576 = CARTESIAN_POINT('',(-21.12300737929,-36.80039413421,8.));
#577 = LINE('',#578,#579);
#578 = CARTESIAN_POINT('',(-23.34198997267,-41.28103206315,8.));
#579 = VECTOR('',#580,1.);
#580 = DIRECTION('',(-0.443796518676,-0.896127585788,0.));
#581 = ORIENTED_EDGE('',*,*,#582,.F.);
#582 = EDGE_CURVE('',#583,#575,#585,.T.);
#583 = VERTEX_POINT('',#584);
#584 = CARTESIAN_POINT('',(-21.12300737929,-36.80039413421,16.));
#585 = LINE('',#586,#587);
#586 = CARTESIAN_POINT('',(-21.12300737929,-36.80039413421,7.9));
#587 = VECTOR('',#588,1.);
#588 = DIRECTION('',(0.,0.,-1.));
#589 = ORIENTED_EDGE('',*,*,#590,.T.);
#590 = EDGE_CURVE('',#583,#543,#591,.T.);
#591 = LINE('',#592,#593);
#592 = CARTESIAN_POINT('',(-20.65862962376,-35.8627082817,16.));
#593 = VECTOR('',#594,1.);
#594 = DIRECTION('',(-0.443796518676,-0.896127585788,0.));
#595 = ORIENTED_EDGE('',*,*,#550,.T.);
#596 = ORIENTED_EDGE('',*,*,#90,.T.);
#597 = ORIENTED_EDGE('',*,*,#121,.T.);
#598 = ORIENTED_EDGE('',*,*,#599,.F.);
#599 = EDGE_CURVE('',#567,#122,#600,.T.);
#600 = LINE('',#601,#602);
#601 = CARTESIAN_POINT('',(-18.90402478591,-32.31975620527,27.));
#602 = VECTOR('',#603,1.);
#603 = DIRECTION('',(-0.443796518676,-0.896127585788,0.));
#604 = PLANE('',#605);
#605 = AXIS2_PLACEMENT_3D('',#606,#607,#608);
#606 = CARTESIAN_POINT('',(-18.90402478591,-32.31975620527,7.8));
#607 = DIRECTION('',(-0.896127585788,0.443796518676,0.));
#608 = DIRECTION('',(0.,0.,1.));
#609 = ADVANCED_FACE('',(#610),#660,.F.);
#610 = FACE_BOUND('',#611,.F.);
#611 = EDGE_LOOP('',(#612,#613,#614,#622,#630,#638,#646,#654));
#612 = ORIENTED_EDGE('',*,*,#104,.F.);
#613 = ORIENTED_EDGE('',*,*,#195,.F.);
#614 = ORIENTED_EDGE('',*,*,#615,.T.);
#615 = EDGE_CURVE('',#196,#616,#618,.T.);
#616 = VERTEX_POINT('',#617);
#617 = CARTESIAN_POINT('',(-67.29491441849,-8.354744196759,7.8));
#618 = LINE('',#619,#620);
#619 = CARTESIAN_POINT('',(-18.90402478591,-32.31975620527,7.8));
#620 = VECTOR('',#621,1.);
#621 = DIRECTION('',(-0.896127585788,0.443796518676,0.));
#622 = ORIENTED_EDGE('',*,*,#623,.T.);
#623 = EDGE_CURVE('',#616,#624,#626,.T.);
#624 = VERTEX_POINT('',#625);
#625 = CARTESIAN_POINT('',(-68.18250745584,-10.14699936833,7.8));
#626 = LINE('',#627,#628);
#627 = CARTESIAN_POINT('',(-67.29491441849,-8.354744196759,7.8));
#628 = VECTOR('',#629,1.);
#629 = DIRECTION('',(-0.443796518676,-0.896127585788,0.));
#630 = ORIENTED_EDGE('',*,*,#631,.T.);
#631 = EDGE_CURVE('',#624,#632,#634,.T.);
#632 = VERTEX_POINT('',#633);
#633 = CARTESIAN_POINT('',(-66.39025228426,-11.03459240568,7.8));
#634 = LINE('',#635,#636);
#635 = CARTESIAN_POINT('',(-43.09093505376,-22.57330189126,7.8));
#636 = VECTOR('',#637,1.);
#637 = DIRECTION('',(0.896127585788,-0.443796518676,0.));
#638 = ORIENTED_EDGE('',*,*,#639,.T.);
#639 = EDGE_CURVE('',#632,#640,#642,.T.);
#640 = VERTEX_POINT('',#641);
#641 = CARTESIAN_POINT('',(-82.3669269566,-43.29518549407,7.8));
#642 = LINE('',#643,#644);
#643 = CARTESIAN_POINT('',(-65.94645576558,-10.1384648199,7.8));
#644 = VECTOR('',#645,1.);
#645 = DIRECTION('',(-0.443796518676,-0.896127585788,0.));
#646 = ORIENTED_EDGE('',*,*,#647,.F.);
#647 = EDGE_CURVE('',#648,#640,#650,.T.);
#648 = VERTEX_POINT('',#649);
#649 = CARTESIAN_POINT('',(-84.15918212818,-42.40759245671,7.8));
#650 = LINE('',#651,#652);
#651 = CARTESIAN_POINT('',(-59.0676097261,-54.83389497965,7.8));
#652 = VECTOR('',#653,1.);
#653 = DIRECTION('',(0.896127585788,-0.443796518676,0.));
#654 = ORIENTED_EDGE('',*,*,#655,.T.);
#655 = EDGE_CURVE('',#648,#107,#656,.T.);
#656 = LINE('',#657,#658);
#657 = CARTESIAN_POINT('',(-67.29491441849,-8.354744196759,7.8));
#658 = VECTOR('',#659,1.);
#659 = DIRECTION('',(-0.443796518676,-0.896127585788,0.));
#660 = PLANE('',#661);
#661 = AXIS2_PLACEMENT_3D('',#662,#663,#664);
#662 = CARTESIAN_POINT('',(-18.90402478591,-32.31975620527,7.8));
#663 = DIRECTION('',(0.,0.,1.));
#664 = DIRECTION('',(-0.896127585788,0.443796518676,0.));
#665 = ADVANCED_FACE('',(#666),#684,.T.);
#666 = FACE_BOUND('',#667,.T.);
#667 = EDGE_LOOP('',(#668,#669,#677,#683));
#668 = ORIENTED_EDGE('',*,*,#599,.F.);
#669 = ORIENTED_EDGE('',*,*,#670,.T.);
#670 = EDGE_CURVE('',#567,#671,#673,.T.);
#671 = VERTEX_POINT('',#672);
#672 = CARTESIAN_POINT('',(-67.29491441849,-8.354744196759,27.));
#673 = LINE('',#674,#675);
#674 = CARTESIAN_POINT('',(-18.90402478591,-32.31975620527,27.));
#675 = VECTOR('',#676,1.);
#676 = DIRECTION('',(-0.896127585788,0.443796518676,0.));
#677 = ORIENTED_EDGE('',*,*,#678,.T.);
#678 = EDGE_CURVE('',#671,#130,#679,.T.);
#679 = LINE('',#680,#681);
#680 = CARTESIAN_POINT('',(-67.29491441849,-8.354744196759,27.));
#681 = VECTOR('',#682,1.);
#682 = DIRECTION('',(-0.443796518676,-0.896127585788,0.));
#683 = ORIENTED_EDGE('',*,*,#129,.F.);
#684 = PLANE('',#685);
#685 = AXIS2_PLACEMENT_3D('',#686,#687,#688);
#686 = CARTESIAN_POINT('',(-18.90402478591,-32.31975620527,27.));
#687 = DIRECTION('',(0.,0.,1.));
#688 = DIRECTION('',(-0.896127585788,0.443796518676,0.));
#689 = ADVANCED_FACE('',(#690,#724),#766,.T.);
#690 = FACE_BOUND('',#691,.T.);
#691 = EDGE_LOOP('',(#692,#693,#699,#700,#708,#716,#722,#723));
#692 = ORIENTED_EDGE('',*,*,#678,.F.);
#693 = ORIENTED_EDGE('',*,*,#694,.F.);
#694 = EDGE_CURVE('',#616,#671,#695,.T.);
#695 = LINE('',#696,#697);
#696 = CARTESIAN_POINT('',(-67.29491441849,-8.354744196759,7.8));
#697 = VECTOR('',#698,1.);
#698 = DIRECTION('',(0.,0.,1.));
#699 = ORIENTED_EDGE('',*,*,#623,.T.);
#700 = ORIENTED_EDGE('',*,*,#701,.T.);
#701 = EDGE_CURVE('',#624,#702,#704,.T.);
#702 = VERTEX_POINT('',#703);
#703 = CARTESIAN_POINT('',(-68.18250745584,-10.14699936833,8.));
#704 = LINE('',#705,#706);
#705 = CARTESIAN_POINT('',(-68.18250745584,-10.14699936833,6.8));
#706 = VECTOR('',#707,1.);
#707 = DIRECTION('',(0.,0.,1.));
#708 = ORIENTED_EDGE('',*,*,#709,.F.);
#709 = EDGE_CURVE('',#710,#702,#712,.T.);
#710 = VERTEX_POINT('',#711);
#711 = CARTESIAN_POINT('',(-84.15918212818,-42.40759245671,8.));
#712 = LINE('',#713,#714);
#713 = CARTESIAN_POINT('',(-67.73871093716,-9.250871782547,8.));
#714 = VECTOR('',#715,1.);
#715 = DIRECTION('',(0.443796518676,0.896127585788,0.));
#716 = ORIENTED_EDGE('',*,*,#717,.F.);
#717 = EDGE_CURVE('',#648,#710,#718,.T.);
#718 = LINE('',#719,#720);
#719 = CARTESIAN_POINT('',(-84.15918212818,-42.40759245671,6.8));
#720 = VECTOR('',#721,1.);
#721 = DIRECTION('',(0.,0.,1.));
#722 = ORIENTED_EDGE('',*,*,#655,.T.);
#723 = ORIENTED_EDGE('',*,*,#137,.T.);
#724 = FACE_BOUND('',#725,.T.);
#725 = EDGE_LOOP('',(#726,#736,#744,#752,#760));
#726 = ORIENTED_EDGE('',*,*,#727,.T.);
#727 = EDGE_CURVE('',#728,#730,#732,.T.);
#728 = VERTEX_POINT('',#729);
#729 = CARTESIAN_POINT('',(-80.78632858624,-35.59702280472,13.4));
#730 = VERTEX_POINT('',#731);
#731 = CARTESIAN_POINT('',(-80.78632858624,-35.59702280472,8.2));
#732 = LINE('',#733,#734);
#733 = CARTESIAN_POINT('',(-80.78632858624,-35.59702280472,8.));
#734 = VECTOR('',#735,1.);
#735 = DIRECTION('',(0.,0.,-1.));
#736 = ORIENTED_EDGE('',*,*,#737,.T.);
#737 = EDGE_CURVE('',#730,#738,#740,.T.);
#738 = VERTEX_POINT('',#739);
#739 = CARTESIAN_POINT('',(-71.55536099778,-16.95756902032,8.2));
#740 = LINE('',#741,#742);
#741 = CARTESIAN_POINT('',(-69.42513770813,-12.65615660854,8.2));
#742 = VECTOR('',#743,1.);
#743 = DIRECTION('',(0.443796518676,0.896127585788,0.));
#744 = ORIENTED_EDGE('',*,*,#745,.T.);
#745 = EDGE_CURVE('',#738,#746,#748,.T.);
#746 = VERTEX_POINT('',#747);
#747 = CARTESIAN_POINT('',(-71.55536099778,-16.95756902032,13.4));
#748 = LINE('',#749,#750);
#749 = CARTESIAN_POINT('',(-71.55536099778,-16.95756902032,10.6));
#750 = VECTOR('',#751,1.);
#751 = DIRECTION('',(0.,0.,1.));
#752 = ORIENTED_EDGE('',*,*,#753,.T.);
#753 = EDGE_CURVE('',#746,#754,#756,.T.);
#754 = VERTEX_POINT('',#755);
#755 = CARTESIAN_POINT('',(-76.17084479201,-26.27729591252,23.4));
#756 = LINE('',#757,#758);
#757 = CARTESIAN_POINT('',(-72.13540065985,-18.12880295336,
    14.656725595696));
#758 = VECTOR('',#759,1.);
#759 = DIRECTION('',(-0.31990320475,-0.645958394207,0.693108716252));
#760 = ORIENTED_EDGE('',*,*,#761,.T.);
#761 = EDGE_CURVE('',#754,#728,#762,.T.);
#762 = LINE('',#763,#764);
#763 = CARTESIAN_POINT('',(-77.90209467024,-29.77308893588,
    19.649039200615));
#764 = VECTOR('',#765,1.);
#765 = DIRECTION('',(-0.31990320475,-0.645958394207,-0.693108716252));
#766 = PLANE('',#767);
#767 = AXIS2_PLACEMENT_3D('',#768,#769,#770);
#768 = CARTESIAN_POINT('',(-67.29491441849,-8.354744196759,7.8));
#769 = DIRECTION('',(-0.896127585788,0.443796518676,0.));
#770 = DIRECTION('',(0.,0.,1.));
#771 = ADVANCED_FACE('',(#772),#797,.F.);
#772 = FACE_BOUND('',#773,.F.);
#773 = EDGE_LOOP('',(#774,#784,#790,#791));
#774 = ORIENTED_EDGE('',*,*,#775,.F.);
#775 = EDGE_CURVE('',#776,#778,#780,.T.);
#776 = VERTEX_POINT('',#777);
#777 = CARTESIAN_POINT('',(-55.24669239127,-48.24522358699,9.));
#778 = VERTEX_POINT('',#779);
#779 = CARTESIAN_POINT('',(-61.51958549179,-45.13864795626,9.));
#780 = LINE('',#781,#782);
#781 = CARTESIAN_POINT('',(-45.43409532689,-53.1047954665,9.));
#782 = VECTOR('',#783,1.);
#783 = DIRECTION('',(-0.896127585788,0.443796518676,0.));
#784 = ORIENTED_EDGE('',*,*,#785,.T.);
#785 = EDGE_CURVE('',#776,#148,#786,.T.);
#786 = LINE('',#787,#788);
#787 = CARTESIAN_POINT('',(-40.42388866749,-18.31456222166,9.));
#788 = VECTOR('',#789,1.);
#789 = DIRECTION('',(-0.443796518676,-0.896127585788,0.));
#790 = ORIENTED_EDGE('',*,*,#145,.F.);
#791 = ORIENTED_EDGE('',*,*,#792,.F.);
#792 = EDGE_CURVE('',#778,#146,#793,.T.);
#793 = LINE('',#794,#795);
#794 = CARTESIAN_POINT('',(-46.69678176801,-15.20798659093,9.));
#795 = VECTOR('',#796,1.);
#796 = DIRECTION('',(-0.443796518676,-0.896127585788,0.));
#797 = PLANE('',#798);
#798 = AXIS2_PLACEMENT_3D('',#799,#800,#801);
#799 = CARTESIAN_POINT('',(-40.42388866749,-18.31456222166,9.));
#800 = DIRECTION('',(0.,0.,-1.));
#801 = DIRECTION('',(-0.896127585788,0.443796518676,0.));
#802 = ADVANCED_FACE('',(#803),#821,.F.);
#803 = FACE_BOUND('',#804,.F.);
#804 = EDGE_LOOP('',(#805,#813,#814,#815));
#805 = ORIENTED_EDGE('',*,*,#806,.F.);
#806 = EDGE_CURVE('',#778,#807,#809,.T.);
#807 = VERTEX_POINT('',#808);
#808 = CARTESIAN_POINT('',(-61.51958549179,-45.13864795626,13.));
#809 = LINE('',#810,#811);
#810 = CARTESIAN_POINT('',(-61.51958549179,-45.13864795626,8.6));
#811 = VECTOR('',#812,1.);
#812 = DIRECTION('',(0.,0.,1.));
#813 = ORIENTED_EDGE('',*,*,#792,.T.);
#814 = ORIENTED_EDGE('',*,*,#155,.F.);
#815 = ORIENTED_EDGE('',*,*,#816,.F.);
#816 = EDGE_CURVE('',#807,#156,#817,.T.);
#817 = LINE('',#818,#819);
#818 = CARTESIAN_POINT('',(-46.69678176801,-15.20798659093,13.));
#819 = VECTOR('',#820,1.);
#820 = DIRECTION('',(-0.443796518676,-0.896127585788,0.));
#821 = PLANE('',#822);
#822 = AXIS2_PLACEMENT_3D('',#823,#824,#825);
#823 = CARTESIAN_POINT('',(-46.69678176801,-15.20798659093,9.));
#824 = DIRECTION('',(-0.896127585788,0.443796518676,0.));
#825 = DIRECTION('',(0.,0.,1.));
#826 = ADVANCED_FACE('',(#827),#853,.F.);
#827 = FACE_BOUND('',#828,.F.);
#828 = EDGE_LOOP('',(#829,#837,#838,#839,#847));
#829 = ORIENTED_EDGE('',*,*,#830,.F.);
#830 = EDGE_CURVE('',#807,#831,#833,.T.);
#831 = VERTEX_POINT('',#832);
#832 = CARTESIAN_POINT('',(-61.16113445747,-45.31616656373,13.4));
#833 = LINE('',#834,#835);
#834 = CARTESIAN_POINT('',(-56.12041678742,-47.81252198128,19.025));
#835 = VECTOR('',#836,1.);
#836 = DIRECTION('',(0.633657892719,-0.313811527823,0.707106781187));
#837 = ORIENTED_EDGE('',*,*,#816,.T.);
#838 = ORIENTED_EDGE('',*,*,#163,.F.);
#839 = ORIENTED_EDGE('',*,*,#840,.F.);
#840 = EDGE_CURVE('',#841,#164,#843,.T.);
#841 = VERTEX_POINT('',#842);
#842 = CARTESIAN_POINT('',(-56.95233896532,-43.80282043504,16.5));
#843 = LINE('',#844,#845);
#844 = CARTESIAN_POINT('',(-43.56033521775,-16.76127440629,16.5));
#845 = VECTOR('',#846,1.);
#846 = DIRECTION('',(-0.443796518676,-0.896127585788,0.));
#847 = ORIENTED_EDGE('',*,*,#848,.F.);
#848 = EDGE_CURVE('',#831,#841,#849,.T.);
#849 = LINE('',#850,#851);
#850 = CARTESIAN_POINT('',(-47.40726364946,-40.37072144041,
    23.530451713396));
#851 = VECTOR('',#852,1.);
#852 = DIRECTION('',(0.773406819399,0.278091966744,0.569654939187));
#853 = PLANE('',#854);
#854 = AXIS2_PLACEMENT_3D('',#855,#856,#857);
#855 = CARTESIAN_POINT('',(-46.69678176801,-15.20798659093,13.));
#856 = DIRECTION('',(-0.633657892719,0.313811527823,0.707106781187));
#857 = DIRECTION('',(0.633657892719,-0.313811527823,0.707106781186));
#858 = ADVANCED_FACE('',(#859),#885,.F.);
#859 = FACE_BOUND('',#860,.F.);
#860 = EDGE_LOOP('',(#861,#869,#870,#871,#879));
#861 = ORIENTED_EDGE('',*,*,#862,.F.);
#862 = EDGE_CURVE('',#841,#863,#865,.T.);
#863 = VERTEX_POINT('',#864);
#864 = CARTESIAN_POINT('',(-55.60514342559,-48.06770497952,13.4));
#865 = LINE('',#866,#867);
#866 = CARTESIAN_POINT('',(-56.91920399312,-43.90771747979,
    16.423753894081));
#867 = VECTOR('',#868,1.);
#868 = DIRECTION('',(0.247560191374,-0.78371372446,-0.569654939187));
#869 = ORIENTED_EDGE('',*,*,#840,.T.);
#870 = ORIENTED_EDGE('',*,*,#171,.F.);
#871 = ORIENTED_EDGE('',*,*,#872,.F.);
#872 = EDGE_CURVE('',#873,#172,#875,.T.);
#873 = VERTEX_POINT('',#874);
#874 = CARTESIAN_POINT('',(-55.24669239127,-48.24522358699,13.));
#875 = LINE('',#876,#877);
#876 = CARTESIAN_POINT('',(-40.42388866749,-18.31456222166,13.));
#877 = VECTOR('',#878,1.);
#878 = DIRECTION('',(-0.443796518676,-0.896127585788,0.));
#879 = ORIENTED_EDGE('',*,*,#880,.F.);
#880 = EDGE_CURVE('',#863,#873,#881,.T.);
#881 = LINE('',#882,#883);
#882 = CARTESIAN_POINT('',(-50.83326403126,-50.43092144147,8.075));
#883 = VECTOR('',#884,1.);
#884 = DIRECTION('',(0.633657892719,-0.313811527823,-0.707106781187));
#885 = PLANE('',#886);
#886 = AXIS2_PLACEMENT_3D('',#887,#888,#889);
#887 = CARTESIAN_POINT('',(-43.56033521775,-16.76127440629,16.5));
#888 = DIRECTION('',(0.633657892719,-0.313811527823,0.707106781187));
#889 = DIRECTION('',(0.633657892719,-0.313811527823,-0.707106781186));
#890 = ADVANCED_FACE('',(#891),#902,.F.);
#891 = FACE_BOUND('',#892,.F.);
#892 = EDGE_LOOP('',(#893,#899,#900,#901));
#893 = ORIENTED_EDGE('',*,*,#894,.F.);
#894 = EDGE_CURVE('',#873,#776,#895,.T.);
#895 = LINE('',#896,#897);
#896 = CARTESIAN_POINT('',(-55.24669239127,-48.24522358699,10.6));
#897 = VECTOR('',#898,1.);
#898 = DIRECTION('',(0.,0.,-1.));
#899 = ORIENTED_EDGE('',*,*,#872,.T.);
#900 = ORIENTED_EDGE('',*,*,#179,.F.);
#901 = ORIENTED_EDGE('',*,*,#785,.F.);
#902 = PLANE('',#903);
#903 = AXIS2_PLACEMENT_3D('',#904,#905,#906);
#904 = CARTESIAN_POINT('',(-40.42388866749,-18.31456222166,13.));
#905 = DIRECTION('',(0.896127585788,-0.443796518676,0.));
#906 = DIRECTION('',(0.,0.,-1.));
#907 = ADVANCED_FACE('',(#908,#921),#963,.F.);
#908 = FACE_BOUND('',#909,.F.);
#909 = EDGE_LOOP('',(#910,#911,#912,#918,#919,#920));
#910 = ORIENTED_EDGE('',*,*,#615,.F.);
#911 = ORIENTED_EDGE('',*,*,#204,.T.);
#912 = ORIENTED_EDGE('',*,*,#913,.T.);
#913 = EDGE_CURVE('',#205,#565,#914,.T.);
#914 = LINE('',#915,#916);
#915 = CARTESIAN_POINT('',(-5.014047206197,-39.19860224475,8.));
#916 = VECTOR('',#917,1.);
#917 = DIRECTION('',(0.896127585788,-0.443796518676,0.));
#918 = ORIENTED_EDGE('',*,*,#564,.T.);
#919 = ORIENTED_EDGE('',*,*,#670,.T.);
#920 = ORIENTED_EDGE('',*,*,#694,.F.);
#921 = FACE_BOUND('',#922,.F.);
#922 = EDGE_LOOP('',(#923,#933,#941,#949,#957));
#923 = ORIENTED_EDGE('',*,*,#924,.F.);
#924 = EDGE_CURVE('',#925,#927,#929,.T.);
#925 = VERTEX_POINT('',#926);
#926 = CARTESIAN_POINT('',(-48.02817132404,-17.89636934829,9.));
#927 = VERTEX_POINT('',#928);
#928 = CARTESIAN_POINT('',(-41.75527822352,-21.00294497903,9.));
#929 = LINE('',#930,#931);
#930 = CARTESIAN_POINT('',(-30.32965150471,-26.66135059215,9.));
#931 = VECTOR('',#932,1.);
#932 = DIRECTION('',(0.896127585788,-0.443796518676,0.));
#933 = ORIENTED_EDGE('',*,*,#934,.F.);
#934 = EDGE_CURVE('',#935,#925,#937,.T.);
#935 = VERTEX_POINT('',#936);
#936 = CARTESIAN_POINT('',(-48.02817132404,-17.89636934829,13.));
#937 = LINE('',#938,#939);
#938 = CARTESIAN_POINT('',(-48.02817132404,-17.89636934829,8.4));
#939 = VECTOR('',#940,1.);
#940 = DIRECTION('',(0.,0.,-1.));
#941 = ORIENTED_EDGE('',*,*,#942,.F.);
#942 = EDGE_CURVE('',#943,#935,#945,.T.);
#943 = VERTEX_POINT('',#944);
#944 = CARTESIAN_POINT('',(-44.89172477378,-19.44965716366,16.5));
#945 = LINE('',#946,#947);
#946 = CARTESIAN_POINT('',(-41.91210055103,-20.92528058826,19.825));
#947 = VECTOR('',#948,1.);
#948 = DIRECTION('',(-0.633657892719,0.313811527823,-0.707106781187));
#949 = ORIENTED_EDGE('',*,*,#950,.F.);
#950 = EDGE_CURVE('',#951,#943,#953,.T.);
#951 = VERTEX_POINT('',#952);
#952 = CARTESIAN_POINT('',(-41.75527822352,-21.00294497903,13.));
#953 = LINE('',#954,#955);
#954 = CARTESIAN_POINT('',(-36.44572227772,-23.63243935218,7.075));
#955 = VECTOR('',#956,1.);
#956 = DIRECTION('',(-0.633657892719,0.313811527823,0.707106781187));
#957 = ORIENTED_EDGE('',*,*,#958,.F.);
#958 = EDGE_CURVE('',#927,#951,#959,.T.);
#959 = LINE('',#960,#961);
#960 = CARTESIAN_POINT('',(-41.75527822352,-21.00294497903,10.4));
#961 = VECTOR('',#962,1.);
#962 = DIRECTION('',(0.,0.,1.));
#963 = PLANE('',#964);
#964 = AXIS2_PLACEMENT_3D('',#965,#966,#967);
#965 = CARTESIAN_POINT('',(-18.90402478591,-32.31975620527,7.8));
#966 = DIRECTION('',(-0.443796518676,-0.896127585788,0.));
#967 = DIRECTION('',(0.,0.,1.));
#968 = ADVANCED_FACE('',(#969),#1027,.T.);
#969 = FACE_BOUND('',#970,.T.);
#970 = EDGE_LOOP('',(#971,#977,#978,#986,#994,#1000,#1001,#1002,#1003,
    #1011,#1020,#1026));
#971 = ORIENTED_EDGE('',*,*,#972,.F.);
#972 = EDGE_CURVE('',#281,#430,#973,.T.);
#973 = LINE('',#974,#975);
#974 = CARTESIAN_POINT('',(5.014047206197,-39.19860224475,8.));
#975 = VECTOR('',#976,1.);
#976 = DIRECTION('',(-0.896127585788,-0.443796518676,0.));
#977 = ORIENTED_EDGE('',*,*,#280,.T.);
#978 = ORIENTED_EDGE('',*,*,#979,.T.);
#979 = EDGE_CURVE('',#273,#980,#982,.T.);
#980 = VERTEX_POINT('',#981);
#981 = CARTESIAN_POINT('',(4.,6.,8.));
#982 = LINE('',#983,#984);
#983 = CARTESIAN_POINT('',(4.,-29.,8.));
#984 = VECTOR('',#985,1.);
#985 = DIRECTION('',(-1.110223024625E-16,-1.,0.));
#986 = ORIENTED_EDGE('',*,*,#987,.T.);
#987 = EDGE_CURVE('',#980,#988,#990,.T.);
#988 = VERTEX_POINT('',#989);
#989 = CARTESIAN_POINT('',(-4.,6.,8.));
#990 = LINE('',#991,#992);
#991 = CARTESIAN_POINT('',(2.,6.,8.));
#992 = VECTOR('',#993,1.);
#993 = DIRECTION('',(-1.,1.110223024625E-16,0.));
#994 = ORIENTED_EDGE('',*,*,#995,.F.);
#995 = EDGE_CURVE('',#213,#988,#996,.T.);
#996 = LINE('',#997,#998);
#997 = CARTESIAN_POINT('',(-4.,-29.,8.));
#998 = VECTOR('',#999,1.);
#999 = DIRECTION('',(-1.110223024625E-16,-1.,0.));
#1000 = ORIENTED_EDGE('',*,*,#212,.T.);
#1001 = ORIENTED_EDGE('',*,*,#913,.T.);
#1002 = ORIENTED_EDGE('',*,*,#574,.T.);
#1003 = ORIENTED_EDGE('',*,*,#1004,.F.);
#1004 = EDGE_CURVE('',#1005,#575,#1007,.T.);
#1005 = VERTEX_POINT('',#1006);
#1006 = CARTESIAN_POINT('',(-16.6251298496,-39.02791443463,8.));
#1007 = LINE('',#1008,#1009);
#1008 = CARTESIAN_POINT('',(-9.473348764049,-42.569748877,8.));
#1009 = VECTOR('',#1010,1.);
#1010 = DIRECTION('',(-0.896127585788,0.443796518676,0.));
#1011 = ORIENTED_EDGE('',*,*,#1012,.F.);
#1012 = EDGE_CURVE('',#1013,#1005,#1015,.T.);
#1013 = VERTEX_POINT('',#1014);
#1014 = CARTESIAN_POINT('',(16.625129849602,-39.02791443463,8.));
#1015 = CIRCLE('',#1016,30.);
#1016 = AXIS2_PLACEMENT_3D('',#1017,#1018,#1019);
#1017 = CARTESIAN_POINT('',(0.,-64.,8.));
#1018 = DIRECTION('',(0.,0.,1.));
#1019 = DIRECTION('',(1.,0.,0.));
#1020 = ORIENTED_EDGE('',*,*,#1021,.T.);
#1021 = EDGE_CURVE('',#1013,#422,#1022,.T.);
#1022 = LINE('',#1023,#1024);
#1023 = CARTESIAN_POINT('',(9.473348764049,-42.569748877,8.));
#1024 = VECTOR('',#1025,1.);
#1025 = DIRECTION('',(0.896127585788,0.443796518676,0.));
#1026 = ORIENTED_EDGE('',*,*,#429,.T.);
#1027 = PLANE('',#1028);
#1028 = AXIS2_PLACEMENT_3D('',#1029,#1030,#1031);
#1029 = CARTESIAN_POINT('',(0.,-64.,8.));
#1030 = DIRECTION('',(0.,0.,1.));
#1031 = DIRECTION('',(1.,0.,0.));
#1032 = ADVANCED_FACE('',(#1033),#1067,.T.);
#1033 = FACE_BOUND('',#1034,.T.);
#1034 = EDGE_LOOP('',(#1035,#1043,#1044,#1045,#1053,#1061));
#1035 = ORIENTED_EDGE('',*,*,#1036,.F.);
#1036 = EDGE_CURVE('',#222,#1037,#1039,.T.);
#1037 = VERTEX_POINT('',#1038);
#1038 = CARTESIAN_POINT('',(-4.,39.,0.));
#1039 = LINE('',#1040,#1041);
#1040 = CARTESIAN_POINT('',(-4.,6.,0.));
#1041 = VECTOR('',#1042,1.);
#1042 = DIRECTION('',(1.110223024625E-16,1.,0.));
#1043 = ORIENTED_EDGE('',*,*,#221,.T.);
#1044 = ORIENTED_EDGE('',*,*,#995,.T.);
#1045 = ORIENTED_EDGE('',*,*,#1046,.T.);
#1046 = EDGE_CURVE('',#988,#1047,#1049,.T.);
#1047 = VERTEX_POINT('',#1048);
#1048 = CARTESIAN_POINT('',(-4.,6.,10.));
#1049 = LINE('',#1050,#1051);
#1050 = CARTESIAN_POINT('',(-4.,6.,0.));
#1051 = VECTOR('',#1052,1.);
#1052 = DIRECTION('',(0.,0.,1.));
#1053 = ORIENTED_EDGE('',*,*,#1054,.T.);
#1054 = EDGE_CURVE('',#1047,#1055,#1057,.T.);
#1055 = VERTEX_POINT('',#1056);
#1056 = CARTESIAN_POINT('',(-4.,39.,10.));
#1057 = LINE('',#1058,#1059);
#1058 = CARTESIAN_POINT('',(-4.,6.,10.));
#1059 = VECTOR('',#1060,1.);
#1060 = DIRECTION('',(1.110223024625E-16,1.,0.));
#1061 = ORIENTED_EDGE('',*,*,#1062,.T.);
#1062 = EDGE_CURVE('',#1055,#1037,#1063,.T.);
#1063 = LINE('',#1064,#1065);
#1064 = CARTESIAN_POINT('',(-4.,39.,0.));
#1065 = VECTOR('',#1066,1.);
#1066 = DIRECTION('',(0.,0.,-1.));
#1067 = PLANE('',#1068);
#1068 = AXIS2_PLACEMENT_3D('',#1069,#1070,#1071);
#1069 = CARTESIAN_POINT('',(-4.,6.,0.));
#1070 = DIRECTION('',(-1.,1.110223024625E-16,0.));
#1071 = DIRECTION('',(0.,0.,1.));
#1072 = ADVANCED_FACE('',(#1073,#1666),#1677,.T.);
#1073 = FACE_BOUND('',#1074,.T.);
#1074 = EDGE_LOOP('',(#1075,#1076,#1077,#1085,#1093,#1101,#1109,#1117,
    #1123,#1124,#1132,#1140,#1148,#1156,#1164,#1172,#1180,#1188,#1196,
    #1204,#1212,#1220,#1228,#1236,#1244,#1252,#1260,#1268,#1276,#1284,
    #1292,#1300,#1308,#1316,#1324,#1332,#1340,#1348,#1356,#1364,#1372,
    #1380,#1388,#1396,#1404,#1412,#1420,#1428,#1436,#1444,#1452,#1460,
    #1468,#1476,#1484,#1492,#1500,#1508,#1516,#1524,#1532,#1540,#1548,
    #1556,#1564,#1572,#1580,#1588,#1596,#1604,#1612,#1620,#1628,#1636,
    #1644,#1652,#1660));
#1075 = ORIENTED_EDGE('',*,*,#229,.F.);
#1076 = ORIENTED_EDGE('',*,*,#1036,.T.);
#1077 = ORIENTED_EDGE('',*,*,#1078,.T.);
#1078 = EDGE_CURVE('',#1037,#1079,#1081,.T.);
#1079 = VERTEX_POINT('',#1080);
#1080 = CARTESIAN_POINT('',(-7.,39.,0.));
#1081 = LINE('',#1082,#1083);
#1082 = CARTESIAN_POINT('',(7.,39.,0.));
#1083 = VECTOR('',#1084,1.);
#1084 = DIRECTION('',(-1.,1.110223024625E-16,0.));
#1085 = ORIENTED_EDGE('',*,*,#1086,.T.);
#1086 = EDGE_CURVE('',#1079,#1087,#1089,.T.);
#1087 = VERTEX_POINT('',#1088);
#1088 = CARTESIAN_POINT('',(-7.,57.,0.));
#1089 = LINE('',#1090,#1091);
#1090 = CARTESIAN_POINT('',(-7.,39.,0.));
#1091 = VECTOR('',#1092,1.);
#1092 = DIRECTION('',(1.110223024625E-16,1.,0.));
#1093 = ORIENTED_EDGE('',*,*,#1094,.F.);
#1094 = EDGE_CURVE('',#1095,#1087,#1097,.T.);
#1095 = VERTEX_POINT('',#1096);
#1096 = CARTESIAN_POINT('',(7.,57.,0.));
#1097 = LINE('',#1098,#1099);
#1098 = CARTESIAN_POINT('',(7.,57.,0.));
#1099 = VECTOR('',#1100,1.);
#1100 = DIRECTION('',(-1.,1.110223024625E-16,0.));
#1101 = ORIENTED_EDGE('',*,*,#1102,.F.);
#1102 = EDGE_CURVE('',#1103,#1095,#1105,.T.);
#1103 = VERTEX_POINT('',#1104);
#1104 = CARTESIAN_POINT('',(7.,39.,0.));
#1105 = LINE('',#1106,#1107);
#1106 = CARTESIAN_POINT('',(7.,39.,0.));
#1107 = VECTOR('',#1108,1.);
#1108 = DIRECTION('',(1.110223024625E-16,1.,0.));
#1109 = ORIENTED_EDGE('',*,*,#1110,.T.);
#1110 = EDGE_CURVE('',#1103,#1111,#1113,.T.);
#1111 = VERTEX_POINT('',#1112);
#1112 = CARTESIAN_POINT('',(4.,39.,0.));
#1113 = LINE('',#1114,#1115);
#1114 = CARTESIAN_POINT('',(7.,39.,0.));
#1115 = VECTOR('',#1116,1.);
#1116 = DIRECTION('',(-1.,1.110223024625E-16,0.));
#1117 = ORIENTED_EDGE('',*,*,#1118,.F.);
#1118 = EDGE_CURVE('',#264,#1111,#1119,.T.);
#1119 = LINE('',#1120,#1121);
#1120 = CARTESIAN_POINT('',(4.,6.,0.));
#1121 = VECTOR('',#1122,1.);
#1122 = DIRECTION('',(1.110223024625E-16,1.,0.));
#1123 = ORIENTED_EDGE('',*,*,#263,.F.);
#1124 = ORIENTED_EDGE('',*,*,#1125,.F.);
#1125 = EDGE_CURVE('',#1126,#256,#1128,.T.);
#1126 = VERTEX_POINT('',#1127);
#1127 = CARTESIAN_POINT('',(89.100652418837,-18.60095002604,0.));
#1128 = LINE('',#1129,#1130);
#1129 = CARTESIAN_POINT('',(89.100652418837,-18.60095002604,0.));
#1130 = VECTOR('',#1131,1.);
#1131 = DIRECTION('',(-0.891006524188,-0.45399049974,0.));
#1132 = ORIENTED_EDGE('',*,*,#1133,.F.);
#1133 = EDGE_CURVE('',#1134,#1126,#1136,.T.);
#1134 = VERTEX_POINT('',#1135);
#1135 = CARTESIAN_POINT('',(89.579796948351,-19.55385305009,0.));
#1136 = LINE('',#1137,#1138);
#1137 = CARTESIAN_POINT('',(89.579796948351,-19.55385305009,0.));
#1138 = VECTOR('',#1139,1.);
#1139 = DIRECTION('',(-0.44923237277,0.893414951328,0.));
#1140 = ORIENTED_EDGE('',*,*,#1141,.F.);
#1141 = EDGE_CURVE('',#1142,#1134,#1144,.T.);
#1142 = VERTEX_POINT('',#1143);
#1143 = CARTESIAN_POINT('',(90.048750847436,-20.51181228406,0.));
#1144 = LINE('',#1145,#1146);
#1145 = CARTESIAN_POINT('',(90.048750847436,-20.51181228406,0.));
#1146 = VECTOR('',#1147,1.);
#1147 = DIRECTION('',(-0.439677925614,0.898155510882,0.));
#1148 = ORIENTED_EDGE('',*,*,#1149,.F.);
#1149 = EDGE_CURVE('',#1150,#1142,#1152,.T.);
#1150 = VERTEX_POINT('',#1151);
#1151 = CARTESIAN_POINT('',(90.507460767727,-21.47471875015,0.));
#1152 = LINE('',#1153,#1154);
#1153 = CARTESIAN_POINT('',(90.507460767727,-21.47471875015,0.));
#1154 = VECTOR('',#1155,1.);
#1155 = DIRECTION('',(-0.430073460537,0.902793895937,0.));
#1156 = ORIENTED_EDGE('',*,*,#1157,.F.);
#1157 = EDGE_CURVE('',#1158,#1150,#1160,.T.);
#1158 = VERTEX_POINT('',#1159);
#1159 = CARTESIAN_POINT('',(90.955874526215,-22.44246290777,0.));
#1160 = LINE('',#1161,#1162);
#1161 = CARTESIAN_POINT('',(90.955874526215,-22.44246290777,0.));
#1162 = VECTOR('',#1163,1.);
#1163 = DIRECTION('',(-0.420420070145,0.90732957883,0.));
#1164 = ORIENTED_EDGE('',*,*,#1165,.F.);
#1165 = EDGE_CURVE('',#1166,#1158,#1168,.T.);
#1166 = VERTEX_POINT('',#1167);
#1167 = CARTESIAN_POINT('',(91.393941111186,-23.414934666,0.));
#1168 = LINE('',#1169,#1170);
#1169 = CARTESIAN_POINT('',(91.393941111186,-23.414934666,0.));
#1170 = VECTOR('',#1171,1.);
#1171 = DIRECTION('',(-0.410718852613,0.911762043577,0.));
#1172 = ORIENTED_EDGE('',*,*,#1173,.F.);
#1173 = EDGE_CURVE('',#1174,#1166,#1176,.T.);
#1174 = VERTEX_POINT('',#1175);
#1175 = CARTESIAN_POINT('',(91.821610688027,-24.39202339608,0.));
#1176 = LINE('',#1177,#1178);
#1177 = CARTESIAN_POINT('',(91.821610688027,-24.39202339608,0.));
#1178 = VECTOR('',#1179,1.);
#1179 = DIRECTION('',(-0.400970911555,0.916090785942,0.));
#1180 = ORIENTED_EDGE('',*,*,#1181,.F.);
#1181 = EDGE_CURVE('',#1182,#1174,#1184,.T.);
#1182 = VERTEX_POINT('',#1183);
#1183 = CARTESIAN_POINT('',(92.23883460489,-25.37361794405,0.));
#1184 = LINE('',#1185,#1186);
#1185 = CARTESIAN_POINT('',(92.23883460489,-25.37361794405,0.));
#1186 = VECTOR('',#1187,1.);
#1187 = DIRECTION('',(-0.391177355899,0.920315313483,0.));
#1188 = ORIENTED_EDGE('',*,*,#1189,.F.);
#1189 = EDGE_CURVE('',#1190,#1182,#1192,.T.);
#1190 = VERTEX_POINT('',#1191);
#1191 = CARTESIAN_POINT('',(92.64556539823,-26.35960664336,0.));
#1192 = LINE('',#1193,#1194);
#1193 = CARTESIAN_POINT('',(92.64556539823,-26.35960664336,0.));
#1194 = VECTOR('',#1195,1.);
#1195 = DIRECTION('',(-0.381339299764,0.924435145619,0.));
#1196 = ORIENTED_EDGE('',*,*,#1197,.F.);
#1197 = EDGE_CURVE('',#1198,#1190,#1200,.T.);
#1198 = VERTEX_POINT('',#1199);
#1199 = CARTESIAN_POINT('',(93.041756798202,-27.34987732757,0.));
#1200 = LINE('',#1201,#1202);
#1201 = CARTESIAN_POINT('',(93.041756798202,-27.34987732757,0.));
#1202 = VECTOR('',#1203,1.);
#1203 = DIRECTION('',(-0.371457862331,0.928449813675,0.));
#1204 = ORIENTED_EDGE('',*,*,#1205,.F.);
#1205 = EDGE_CURVE('',#1206,#1198,#1208,.T.);
#1206 = VERTEX_POINT('',#1207);
#1207 = CARTESIAN_POINT('',(93.42736373393,-28.34431734312,0.));
#1208 = LINE('',#1209,#1210);
#1209 = CARTESIAN_POINT('',(93.42736373393,-28.34431734312,0.));
#1210 = VECTOR('',#1211,1.);
#1211 = DIRECTION('',(-0.361534167715,0.932358860941,0.));
#1212 = ORIENTED_EDGE('',*,*,#1213,.F.);
#1213 = EDGE_CURVE('',#1214,#1206,#1216,.T.);
#1214 = VERTEX_POINT('',#1215);
#1215 = CARTESIAN_POINT('',(93.802342338626,-29.34281356215,0.));
#1216 = LINE('',#1217,#1218);
#1217 = CARTESIAN_POINT('',(93.802342338626,-29.34281356215,0.));
#1218 = VECTOR('',#1219,1.);
#1219 = DIRECTION('',(-0.351569344841,0.936161842722,0.));
#1220 = ORIENTED_EDGE('',*,*,#1221,.F.);
#1221 = EDGE_CURVE('',#1222,#1214,#1224,.T.);
#1222 = VERTEX_POINT('',#1223);
#1223 = CARTESIAN_POINT('',(94.166649954588,-30.34525239538,0.));
#1224 = LINE('',#1225,#1226);
#1225 = CARTESIAN_POINT('',(94.166649954588,-30.34525239538,0.));
#1226 = VECTOR('',#1227,1.);
#1227 = DIRECTION('',(-0.34156452731,0.939858326389,0.));
#1228 = ORIENTED_EDGE('',*,*,#1229,.F.);
#1229 = EDGE_CURVE('',#1230,#1222,#1232,.T.);
#1230 = VERTEX_POINT('',#1231);
#1231 = CARTESIAN_POINT('',(94.520245138047,-31.35151980499,0.));
#1232 = LINE('',#1233,#1234);
#1233 = CARTESIAN_POINT('',(94.520245138047,-31.35151980499,0.));
#1234 = VECTOR('',#1235,1.);
#1235 = DIRECTION('',(-0.331520853273,0.943447891431,0.));
#1236 = ORIENTED_EDGE('',*,*,#1237,.F.);
#1237 = EDGE_CURVE('',#1238,#1230,#1240,.T.);
#1238 = VERTEX_POINT('',#1239);
#1239 = CARTESIAN_POINT('',(94.863087663888,-32.36150131764,0.));
#1240 = LINE('',#1241,#1242);
#1241 = CARTESIAN_POINT('',(94.863087663888,-32.36150131764,0.));
#1242 = VECTOR('',#1243,1.);
#1243 = DIRECTION('',(-0.321439465303,0.946930129495,0.));
#1244 = ORIENTED_EDGE('',*,*,#1245,.F.);
#1245 = EDGE_CURVE('',#1246,#1238,#1248,.T.);
#1246 = VERTEX_POINT('',#1247);
#1247 = CARTESIAN_POINT('',(95.195138530219,-33.37508203745,0.));
#1248 = LINE('',#1249,#1250);
#1249 = CARTESIAN_POINT('',(95.195138530219,-33.37508203745,0.));
#1250 = VECTOR('',#1251,1.);
#1251 = DIRECTION('',(-0.311321510262,0.950304644442,0.));
#1252 = ORIENTED_EDGE('',*,*,#1253,.F.);
#1253 = EDGE_CURVE('',#1254,#1246,#1256,.T.);
#1254 = VERTEX_POINT('',#1255);
#1255 = CARTESIAN_POINT('',(95.516359962812,-34.39214665913,0.));
#1256 = LINE('',#1257,#1258);
#1257 = CARTESIAN_POINT('',(95.516359962812,-34.39214665913,0.));
#1258 = VECTOR('',#1259,1.);
#1259 = DIRECTION('',(-0.301168139172,0.953571052385,0.));
#1260 = ORIENTED_EDGE('',*,*,#1261,.F.);
#1261 = EDGE_CURVE('',#1262,#1254,#1264,.T.);
#1262 = VERTEX_POINT('',#1263);
#1263 = CARTESIAN_POINT('',(95.8267154194,-35.41257948101,0.));
#1264 = LINE('',#1265,#1266);
#1265 = CARTESIAN_POINT('',(95.8267154194,-35.41257948101,0.));
#1266 = VECTOR('',#1267,1.);
#1267 = DIRECTION('',(-0.290980507085,0.956728981738,0.));
#1268 = ORIENTED_EDGE('',*,*,#1269,.F.);
#1269 = EDGE_CURVE('',#1270,#1262,#1272,.T.);
#1270 = VERTEX_POINT('',#1271);
#1271 = CARTESIAN_POINT('',(96.126169593832,-36.4362644183,0.));
#1272 = LINE('',#1273,#1274);
#1273 = CARTESIAN_POINT('',(96.126169593832,-36.4362644183,0.));
#1274 = VECTOR('',#1275,1.);
#1275 = DIRECTION('',(-0.280759772949,0.959778073251,0.));
#1276 = ORIENTED_EDGE('',*,*,#1277,.F.);
#1277 = EDGE_CURVE('',#1278,#1270,#1280,.T.);
#1278 = VERTEX_POINT('',#1279);
#1279 = CARTESIAN_POINT('',(96.414688420092,-37.46308501621,0.));
#1280 = LINE('',#1281,#1282);
#1281 = CARTESIAN_POINT('',(96.414688420092,-37.46308501621,0.));
#1282 = VECTOR('',#1283,1.);
#1283 = DIRECTION('',(-0.270507099478,0.962717980061,0.));
#1284 = ORIENTED_EDGE('',*,*,#1285,.F.);
#1285 = EDGE_CURVE('',#1286,#1278,#1288,.T.);
#1286 = VERTEX_POINT('',#1287);
#1287 = CARTESIAN_POINT('',(96.692239076173,-38.49292446327,0.));
#1288 = LINE('',#1289,#1290);
#1289 = CARTESIAN_POINT('',(96.692239076173,-38.49292446327,0.));
#1290 = VECTOR('',#1291,1.);
#1291 = DIRECTION('',(-0.260223653021,0.965548367721,0.));
#1292 = ORIENTED_EDGE('',*,*,#1293,.F.);
#1293 = EDGE_CURVE('',#1294,#1286,#1296,.T.);
#1294 = VERTEX_POINT('',#1295);
#1295 = CARTESIAN_POINT('',(96.958789987812,-39.52566560456,0.));
#1296 = LINE('',#1297,#1298);
#1297 = CARTESIAN_POINT('',(96.958789987812,-39.52566560456,0.));
#1298 = VECTOR('',#1299,1.);
#1299 = DIRECTION('',(-0.249910603426,0.968268914246,0.));
#1300 = ORIENTED_EDGE('',*,*,#1301,.F.);
#1301 = EDGE_CURVE('',#1302,#1294,#1304,.T.);
#1302 = VERTEX_POINT('',#1303);
#1303 = CARTESIAN_POINT('',(97.214310832078,-40.56119095508,0.));
#1304 = LINE('',#1305,#1306);
#1305 = CARTESIAN_POINT('',(97.214310832078,-40.56119095508,0.));
#1306 = VECTOR('',#1307,1.);
#1307 = DIRECTION('',(-0.23956912391,0.970879310146,0.));
#1308 = ORIENTED_EDGE('',*,*,#1309,.F.);
#1309 = EDGE_CURVE('',#1310,#1302,#1312,.T.);
#1310 = VERTEX_POINT('',#1311);
#1311 = CARTESIAN_POINT('',(97.458772540827,-41.59938271307,0.));
#1312 = LINE('',#1313,#1314);
#1313 = CARTESIAN_POINT('',(97.458772540827,-41.59938271307,0.));
#1314 = VECTOR('',#1315,1.);
#1315 = DIRECTION('',(-0.229200390922,0.973379258461,0.));
#1316 = ORIENTED_EDGE('',*,*,#1317,.F.);
#1317 = EDGE_CURVE('',#1318,#1310,#1320,.T.);
#1318 = VERTEX_POINT('',#1319);
#1319 = CARTESIAN_POINT('',(97.692147304007,-42.64012277347,0.));
#1320 = LINE('',#1321,#1322);
#1321 = CARTESIAN_POINT('',(97.692147304007,-42.64012277347,0.));
#1322 = VECTOR('',#1323,1.);
#1323 = DIRECTION('',(-0.218805584015,0.975768474795,0.));
#1324 = ORIENTED_EDGE('',*,*,#1325,.F.);
#1325 = EDGE_CURVE('',#1326,#1318,#1328,.T.);
#1326 = VERTEX_POINT('',#1327);
#1327 = CARTESIAN_POINT('',(97.914408572818,-43.68329274131,0.));
#1328 = LINE('',#1329,#1330);
#1329 = CARTESIAN_POINT('',(97.914408572818,-43.68329274131,0.));
#1330 = VECTOR('',#1331,1.);
#1331 = DIRECTION('',(-0.208385885704,0.978046687352,0.));
#1332 = ORIENTED_EDGE('',*,*,#1333,.F.);
#1333 = EDGE_CURVE('',#1334,#1326,#1336,.T.);
#1334 = VERTEX_POINT('',#1335);
#1335 = CARTESIAN_POINT('',(98.125531062738,-44.72877394519,0.));
#1336 = LINE('',#1337,#1338);
#1337 = CARTESIAN_POINT('',(98.125531062738,-44.72877394519,0.));
#1338 = VECTOR('',#1339,1.);
#1339 = DIRECTION('',(-0.197942481339,0.98021363696,0.));
#1340 = ORIENTED_EDGE('',*,*,#1341,.F.);
#1341 = EDGE_CURVE('',#1342,#1334,#1344,.T.);
#1342 = VERTEX_POINT('',#1343);
#1343 = CARTESIAN_POINT('',(98.325490756395,-45.77644745078,0.));
#1344 = LINE('',#1345,#1346);
#1345 = CARTESIAN_POINT('',(98.325490756395,-45.77644745078,0.));
#1346 = VECTOR('',#1347,1.);
#1347 = DIRECTION('',(-0.187476558964,0.982269077106,0.));
#1348 = ORIENTED_EDGE('',*,*,#1349,.F.);
#1349 = EDGE_CURVE('',#1350,#1342,#1352,.T.);
#1350 = VERTEX_POINT('',#1351);
#1351 = CARTESIAN_POINT('',(98.514264906302,-46.82619407437,0.));
#1352 = LINE('',#1353,#1354);
#1353 = CARTESIAN_POINT('',(98.514264906302,-46.82619407437,0.));
#1354 = VECTOR('',#1355,1.);
#1355 = DIRECTION('',(-0.176989309188,0.984212773964,0.));
#1356 = ORIENTED_EDGE('',*,*,#1357,.F.);
#1357 = EDGE_CURVE('',#1358,#1350,#1360,.T.);
#1358 = VERTEX_POINT('',#1359);
#1359 = CARTESIAN_POINT('',(98.691832037441,-47.8778943964,0.));
#1360 = LINE('',#1361,#1362);
#1361 = CARTESIAN_POINT('',(98.691832037441,-47.8778943964,0.));
#1362 = VECTOR('',#1363,1.);
#1363 = DIRECTION('',(-0.166481925044,0.986044506416,0.));
#1364 = ORIENTED_EDGE('',*,*,#1365,.F.);
#1365 = EDGE_CURVE('',#1366,#1358,#1368,.T.);
#1366 = VERTEX_POINT('',#1367);
#1367 = CARTESIAN_POINT('',(98.858171949711,-48.93142877505,0.));
#1368 = LINE('',#1369,#1370);
#1369 = CARTESIAN_POINT('',(98.858171949711,-48.93142877505,0.));
#1370 = VECTOR('',#1371,1.);
#1371 = DIRECTION('',(-0.155955601854,0.987764066086,0.));
#1372 = ORIENTED_EDGE('',*,*,#1373,.F.);
#1373 = EDGE_CURVE('',#1374,#1366,#1376,.T.);
#1374 = VERTEX_POINT('',#1375);
#1375 = CARTESIAN_POINT('',(99.013265720224,-49.98667735986,0.));
#1376 = LINE('',#1377,#1378);
#1377 = CARTESIAN_POINT('',(99.013265720224,-49.98667735986,0.));
#1378 = VECTOR('',#1379,1.);
#1379 = DIRECTION('',(-0.145411537099,0.989371257354,0.));
#1380 = ORIENTED_EDGE('',*,*,#1381,.F.);
#1381 = EDGE_CURVE('',#1382,#1374,#1384,.T.);
#1382 = VERTEX_POINT('',#1383);
#1383 = CARTESIAN_POINT('',(99.0353669007,-50.14907376293,0.));
#1384 = LINE('',#1385,#1386);
#1385 = CARTESIAN_POINT('',(99.157095705454,-51.04352010539,0.));
#1386 = VECTOR('',#1387,1.);
#1387 = DIRECTION('',(-0.134850930274,0.990865897387,0.));
#1388 = ORIENTED_EDGE('',*,*,#1389,.F.);
#1389 = EDGE_CURVE('',#1390,#1382,#1392,.T.);
#1390 = VERTEX_POINT('',#1391);
#1391 = CARTESIAN_POINT('',(98.424036171464,-55.38901261653,0.));
#1392 = LINE('',#1393,#1394);
#1393 = CARTESIAN_POINT('',(98.774195291857,-52.38767096602,
    1.110223024625E-16));
#1394 = VECTOR('',#1395,1.);
#1395 = DIRECTION('',(0.115881546653,0.993263040259,0.));
#1396 = ORIENTED_EDGE('',*,*,#1397,.F.);
#1397 = EDGE_CURVE('',#1398,#1390,#1400,.T.);
#1398 = VERTEX_POINT('',#1399);
#1399 = CARTESIAN_POINT('',(99.935985246284,-60.44318855778,0.));
#1400 = LINE('',#1401,#1402);
#1401 = CARTESIAN_POINT('',(98.002071181913,-53.9784589585,0.));
#1402 = VECTOR('',#1403,1.);
#1403 = DIRECTION('',(-0.28659936246,0.958050523426,0.));
#1404 = ORIENTED_EDGE('',*,*,#1405,.F.);
#1405 = EDGE_CURVE('',#1406,#1398,#1408,.T.);
#1406 = VERTEX_POINT('',#1407);
#1407 = CARTESIAN_POINT('',(99.942419671851,-60.60695562429,0.));
#1408 = LINE('',#1409,#1410);
#1409 = CARTESIAN_POINT('',(99.942419671851,-60.60695562429,0.));
#1410 = VECTOR('',#1411,1.);
#1411 = DIRECTION('',(-3.925981575905E-02,0.999229036241,0.));
#1412 = ORIENTED_EDGE('',*,*,#1413,.F.);
#1413 = EDGE_CURVE('',#1414,#1406,#1416,.T.);
#1414 = VERTEX_POINT('',#1415);
#1415 = CARTESIAN_POINT('',(99.972924117946,-61.67310436259,0.));
#1416 = LINE('',#1417,#1418);
#1417 = CARTESIAN_POINT('',(99.972924117946,-61.67310436259,0.));
#1418 = VECTOR('',#1419,1.);
#1419 = DIRECTION('',(-2.860010676326E-02,0.999590933279,0.));
#1420 = ORIENTED_EDGE('',*,*,#1421,.F.);
#1421 = EDGE_CURVE('',#1422,#1414,#1424,.T.);
#1422 = VERTEX_POINT('',#1423);
#1423 = CARTESIAN_POINT('',(99.992055607669,-62.73951780939,0.));
#1424 = LINE('',#1425,#1426);
#1425 = CARTESIAN_POINT('',(99.992055607669,-62.73951780939,0.));
#1426 = VECTOR('',#1427,1.);
#1427 = DIRECTION('',(-1.793714420888E-02,0.999839116487,0.));
#1428 = ORIENTED_EDGE('',*,*,#1429,.F.);
#1429 = EDGE_CURVE('',#1430,#1422,#1432,.T.);
#1430 = VERTEX_POINT('',#1431);
#1431 = CARTESIAN_POINT('',(99.999811964615,-63.8060746491,0.));
#1432 = LINE('',#1433,#1434);
#1433 = CARTESIAN_POINT('',(99.999811964615,-63.8060746491,0.));
#1434 = VECTOR('',#1435,1.);
#1435 = DIRECTION('',(-7.272141118432E-03,0.999973557632,0.));
#1436 = ORIENTED_EDGE('',*,*,#1437,.F.);
#1437 = EDGE_CURVE('',#1438,#1430,#1440,.T.);
#1438 = VERTEX_POINT('',#1439);
#1439 = CARTESIAN_POINT('',(99.996192306417,-64.87265354983,0.));
#1440 = LINE('',#1441,#1442);
#1441 = CARTESIAN_POINT('',(99.996192306417,-64.87265354983,0.));
#1442 = VECTOR('',#1443,1.);
#1443 = DIRECTION('',(3.393689253481E-03,0.99999424142,0.));
#1444 = ORIENTED_EDGE('',*,*,#1445,.F.);
#1445 = EDGE_CURVE('',#1446,#1438,#1448,.T.);
#1446 = VERTEX_POINT('',#1447);
#1447 = CARTESIAN_POINT('',(99.98119704485,-65.93913317718,0.));
#1448 = LINE('',#1449,#1450);
#1449 = CARTESIAN_POINT('',(99.98119704485,-65.93913317718,0.));
#1450 = VECTOR('',#1451,1.);
#1451 = DIRECTION('',(1.405913355803E-02,0.999901165498,0.));
#1452 = ORIENTED_EDGE('',*,*,#1453,.F.);
#1453 = EDGE_CURVE('',#1454,#1446,#1456,.T.);
#1454 = VERTEX_POINT('',#1455);
#1455 = CARTESIAN_POINT('',(99.95482788578,-67.00539220802,0.));
#1456 = LINE('',#1457,#1458);
#1457 = CARTESIAN_POINT('',(99.95482788578,-67.00539220802,0.));
#1458 = VECTOR('',#1459,1.);
#1459 = DIRECTION('',(2.472297849046E-02,0.999694340453,0.));
#1460 = ORIENTED_EDGE('',*,*,#1461,.F.);
#1461 = EDGE_CURVE('',#1462,#1454,#1464,.T.);
#1462 = VERTEX_POINT('',#1463);
#1463 = CARTESIAN_POINT('',(99.917087828972,-68.07130934436,0.));
#1464 = LINE('',#1465,#1466);
#1465 = CARTESIAN_POINT('',(99.917087828972,-68.07130934436,0.));
#1466 = VECTOR('',#1467,1.);
#1467 = DIRECTION('',(3.538401092776E-02,0.999373789816,0.));
#1468 = ORIENTED_EDGE('',*,*,#1469,.F.);
#1469 = EDGE_CURVE('',#1470,#1462,#1472,.T.);
#1470 = VERTEX_POINT('',#1471);
#1471 = CARTESIAN_POINT('',(99.867981167749,-69.13676332705,0.));
#1472 = LINE('',#1473,#1474);
#1473 = CARTESIAN_POINT('',(99.867981167749,-69.13676332705,0.));
#1474 = VECTOR('',#1475,1.);
#1475 = DIRECTION('',(4.604101806704E-02,0.998939550051,0.));
#1476 = ORIENTED_EDGE('',*,*,#1477,.F.);
#1477 = EDGE_CURVE('',#1478,#1470,#1480,.T.);
#1478 = VERTEX_POINT('',#1479);
#1479 = CARTESIAN_POINT('',(99.807513488502,-70.20163294967,0.));
#1480 = LINE('',#1481,#1482);
#1481 = CARTESIAN_POINT('',(99.807513488502,-70.20163294967,0.));
#1482 = VECTOR('',#1483,1.);
#1483 = DIRECTION('',(5.669278756343E-02,0.998391670557,0.));
#1484 = ORIENTED_EDGE('',*,*,#1485,.F.);
#1485 = EDGE_CURVE('',#1486,#1478,#1488,.T.);
#1486 = VERTEX_POINT('',#1487);
#1487 = CARTESIAN_POINT('',(99.735691670057,-71.26579707226,0.));
#1488 = LINE('',#1489,#1490);
#1489 = CARTESIAN_POINT('',(99.735691670057,-71.26579707226,0.));
#1490 = VECTOR('',#1491,1.);
#1491 = DIRECTION('',(6.733810766742E-02,0.997730213663,0.));
#1492 = ORIENTED_EDGE('',*,*,#1493,.F.);
#1493 = EDGE_CURVE('',#1494,#1486,#1496,.T.);
#1494 = VERTEX_POINT('',#1495);
#1495 = CARTESIAN_POINT('',(99.65252388289,-72.32913463512,0.));
#1496 = LINE('',#1497,#1498);
#1497 = CARTESIAN_POINT('',(99.65252388289,-72.32913463512,0.));
#1498 = VECTOR('',#1499,1.);
#1499 = DIRECTION('',(7.797576736372E-02,0.996955254615,0.));
#1500 = ORIENTED_EDGE('',*,*,#1501,.F.);
#1501 = EDGE_CURVE('',#1502,#1494,#1504,.T.);
#1502 = VERTEX_POINT('',#1503);
#1503 = CARTESIAN_POINT('',(99.558019588199,-73.39152467258,0.));
#1504 = LINE('',#1505,#1506);
#1505 = CARTESIAN_POINT('',(99.558019588199,-73.39152467258,0.));
#1506 = VECTOR('',#1507,1.);
#1507 = DIRECTION('',(8.860455650827E-02,0.996066881573,0.));
#1508 = ORIENTED_EDGE('',*,*,#1509,.F.);
#1509 = EDGE_CURVE('',#1510,#1502,#1512,.T.);
#1510 = VERTEX_POINT('',#1511);
#1511 = CARTESIAN_POINT('',(99.452189536827,-74.45284632676,0.));
#1512 = LINE('',#1513,#1514);
#1513 = CARTESIAN_POINT('',(99.452189536827,-74.45284632676,0.));
#1514 = VECTOR('',#1515,1.);
#1515 = DIRECTION('',(9.922326596619E-02,0.995065195598,0.));
#1516 = ORIENTED_EDGE('',*,*,#1517,.F.);
#1517 = EDGE_CURVE('',#1518,#1510,#1520,.T.);
#1518 = VERTEX_POINT('',#1519);
#1519 = CARTESIAN_POINT('',(99.33504576804,-75.51297886133,0.));
#1520 = LINE('',#1521,#1522);
#1521 = CARTESIAN_POINT('',(99.33504576804,-75.51297886133,0.));
#1522 = VECTOR('',#1523,1.);
#1523 = DIRECTION('',(0.109830687749,0.993950310644,0.));
#1524 = ORIENTED_EDGE('',*,*,#1525,.F.);
#1525 = EDGE_CURVE('',#1526,#1518,#1528,.T.);
#1526 = VERTEX_POINT('',#1527);
#1527 = CARTESIAN_POINT('',(99.206601608154,-76.57180167521,0.));
#1528 = LINE('',#1529,#1530);
#1529 = CARTESIAN_POINT('',(99.206601608154,-76.57180167521,0.));
#1530 = VECTOR('',#1531,1.);
#1531 = DIRECTION('',(0.120425615153,0.992722353539,0.));
#1532 = ORIENTED_EDGE('',*,*,#1533,.F.);
#1533 = EDGE_CURVE('',#1534,#1526,#1536,.T.);
#1534 = VERTEX_POINT('',#1535);
#1535 = CARTESIAN_POINT('',(99.066871669026,-77.62919431634,0.));
#1536 = LINE('',#1537,#1538);
#1537 = CARTESIAN_POINT('',(99.066871669026,-77.62919431634,0.));
#1538 = VECTOR('',#1539,1.);
#1539 = DIRECTION('',(0.131006842894,0.991381463976,0.));
#1540 = ORIENTED_EDGE('',*,*,#1541,.F.);
#1541 = EDGE_CURVE('',#1542,#1534,#1544,.T.);
#1542 = VERTEX_POINT('',#1543);
#1543 = CARTESIAN_POINT('',(98.915871846383,-78.68503649535,0.));
#1544 = LINE('',#1545,#1546);
#1545 = CARTESIAN_POINT('',(98.915871846383,-78.68503649535,0.));
#1546 = VECTOR('',#1547,1.);
#1547 = DIRECTION('',(0.14157316725,0.989927794496,0.));
#1548 = ORIENTED_EDGE('',*,*,#1549,.F.);
#1549 = EDGE_CURVE('',#1550,#1542,#1552,.T.);
#1550 = VERTEX_POINT('',#1551);
#1551 = CARTESIAN_POINT('',(98.753619318021,-79.73920809925,0.));
#1552 = LINE('',#1553,#1554);
#1553 = CARTESIAN_POINT('',(98.753619318021,-79.73920809925,0.));
#1554 = VECTOR('',#1555,1.);
#1555 = DIRECTION('',(0.15212338619,0.988361510468,0.));
#1556 = ORIENTED_EDGE('',*,*,#1557,.F.);
#1557 = EDGE_CURVE('',#1558,#1550,#1560,.T.);
#1558 = VERTEX_POINT('',#1559);
#1559 = CARTESIAN_POINT('',(98.580132541846,-80.79158920507,0.));
#1560 = LINE('',#1561,#1562);
#1561 = CARTESIAN_POINT('',(98.580132541846,-80.79158920507,0.));
#1562 = VECTOR('',#1563,1.);
#1563 = DIRECTION('',(0.162656299518,0.986682790073,0.));
#1564 = ORIENTED_EDGE('',*,*,#1565,.F.);
#1565 = EDGE_CURVE('',#1566,#1558,#1568,.T.);
#1566 = VERTEX_POINT('',#1567);
#1567 = CARTESIAN_POINT('',(98.395431253778,-81.84206009358,0.));
#1568 = LINE('',#1569,#1570);
#1569 = CARTESIAN_POINT('',(98.395431253778,-81.84206009358,0.));
#1570 = VECTOR('',#1571,1.);
#1571 = DIRECTION('',(0.173170709006,0.984891824284,0.));
#1572 = ORIENTED_EDGE('',*,*,#1573,.F.);
#1573 = EDGE_CURVE('',#1574,#1566,#1576,.T.);
#1574 = VERTEX_POINT('',#1575);
#1575 = CARTESIAN_POINT('',(98.199536465503,-82.89050126281,0.));
#1576 = LINE('',#1577,#1578);
#1577 = CARTESIAN_POINT('',(98.199536465503,-82.89050126281,0.));
#1578 = VECTOR('',#1579,1.);
#1579 = DIRECTION('',(0.183665418531,0.982988816842,0.));
#1580 = ORIENTED_EDGE('',*,*,#1581,.F.);
#1581 = EDGE_CURVE('',#1582,#1574,#1584,.T.);
#1582 = VERTEX_POINT('',#1583);
#1583 = CARTESIAN_POINT('',(97.992470462083,-83.93679344172,0.));
#1584 = LINE('',#1585,#1586);
#1585 = CARTESIAN_POINT('',(97.992470462083,-83.93679344172,0.));
#1586 = VECTOR('',#1587,1.);
#1587 = DIRECTION('',(0.194139234211,0.980973984232,0.));
#1588 = ORIENTED_EDGE('',*,*,#1589,.F.);
#1589 = EDGE_CURVE('',#1590,#1582,#1592,.T.);
#1590 = VERTEX_POINT('',#1591);
#1591 = CARTESIAN_POINT('',(97.774256799423,-84.98081760372,0.));
#1592 = LINE('',#1593,#1594);
#1593 = CARTESIAN_POINT('',(97.774256799423,-84.98081760372,0.));
#1594 = VECTOR('',#1595,1.);
#1595 = DIRECTION('',(0.204590964541,0.978847555663,0.));
#1596 = ORIENTED_EDGE('',*,*,#1597,.F.);
#1597 = EDGE_CURVE('',#1598,#1590,#1600,.T.);
#1598 = VERTEX_POINT('',#1599);
#1599 = CARTESIAN_POINT('',(97.544920301588,-86.02245498024,0.));
#1600 = LINE('',#1601,#1602);
#1601 = CARTESIAN_POINT('',(97.544920301588,-86.02245498024,0.));
#1602 = VECTOR('',#1603,1.);
#1603 = DIRECTION('',(0.215019420528,0.976609773039,0.));
#1604 = ORIENTED_EDGE('',*,*,#1605,.F.);
#1605 = EDGE_CURVE('',#1606,#1598,#1608,.T.);
#1606 = VERTEX_POINT('',#1607);
#1607 = CARTESIAN_POINT('',(97.304487057982,-87.06158707424,0.));
#1608 = LINE('',#1609,#1610);
#1609 = CARTESIAN_POINT('',(97.304487057982,-87.06158707424,0.));
#1610 = VECTOR('',#1611,1.);
#1611 = DIRECTION('',(0.225423415826,0.974260890931,0.));
#1612 = ORIENTED_EDGE('',*,*,#1613,.F.);
#1613 = EDGE_CURVE('',#1614,#1606,#1616,.T.);
#1614 = VERTEX_POINT('',#1615);
#1615 = CARTESIAN_POINT('',(97.05298442038,-88.09809567367,0.));
#1616 = LINE('',#1617,#1618);
#1617 = CARTESIAN_POINT('',(97.05298442038,-88.09809567367,0.));
#1618 = VECTOR('',#1619,1.);
#1619 = DIRECTION('',(0.235801766875,0.971801176547,0.));
#1620 = ORIENTED_EDGE('',*,*,#1621,.F.);
#1621 = EDGE_CURVE('',#1622,#1614,#1624,.T.);
#1622 = VERTEX_POINT('',#1623);
#1623 = CARTESIAN_POINT('',(96.790440999812,-89.13186286493,0.));
#1624 = LINE('',#1625,#1626);
#1625 = CARTESIAN_POINT('',(96.790440999812,-89.13186286493,0.));
#1626 = VECTOR('',#1627,1.);
#1627 = DIRECTION('',(0.246153293029,0.969230909707,0.));
#1628 = ORIENTED_EDGE('',*,*,#1629,.F.);
#1629 = EDGE_CURVE('',#1630,#1622,#1632,.T.);
#1630 = VERTEX_POINT('',#1631);
#1631 = CARTESIAN_POINT('',(96.516886663315,-90.16277104629,0.));
#1632 = LINE('',#1633,#1634);
#1633 = CARTESIAN_POINT('',(96.516886663315,-90.16277104629,0.));
#1634 = VECTOR('',#1635,1.);
#1635 = DIRECTION('',(0.256476816694,0.966550382804,0.));
#1636 = ORIENTED_EDGE('',*,*,#1637,.F.);
#1637 = EDGE_CURVE('',#1638,#1630,#1640,.T.);
#1638 = VERTEX_POINT('',#1639);
#1639 = CARTESIAN_POINT('',(96.232352530529,-91.19070294126,0.));
#1640 = LINE('',#1641,#1642);
#1641 = CARTESIAN_POINT('',(96.232352530529,-91.19070294126,0.));
#1642 = VECTOR('',#1643,1.);
#1643 = DIRECTION('',(0.266771163463,0.963759900776,0.));
#1644 = ORIENTED_EDGE('',*,*,#1645,.F.);
#1645 = EDGE_CURVE('',#1646,#1638,#1648,.T.);
#1646 = VERTEX_POINT('',#1647);
#1647 = CARTESIAN_POINT('',(95.936870970162,-92.21554161192,0.));
#1648 = LINE('',#1649,#1650);
#1649 = CARTESIAN_POINT('',(95.936870970162,-92.21554161192,0.));
#1650 = VECTOR('',#1651,1.);
#1651 = DIRECTION('',(0.277035162247,0.960859781071,0.));
#1652 = ORIENTED_EDGE('',*,*,#1653,.F.);
#1653 = EDGE_CURVE('',#1654,#1646,#1656,.T.);
#1654 = VERTEX_POINT('',#1655);
#1655 = CARTESIAN_POINT('',(95.630475596304,-93.23717047227,0.));
#1656 = LINE('',#1657,#1658);
#1657 = CARTESIAN_POINT('',(95.630475596304,-93.23717047227,0.));
#1658 = VECTOR('',#1659,1.);
#1659 = DIRECTION('',(0.287267645409,0.957850353605,0.));
#1660 = ORIENTED_EDGE('',*,*,#1661,.F.);
#1661 = EDGE_CURVE('',#230,#1654,#1662,.T.);
#1662 = LINE('',#1663,#1664);
#1663 = CARTESIAN_POINT('',(68.853942429339,-85.05076274003,0.));
#1664 = VECTOR('',#1665,1.);
#1665 = DIRECTION('',(0.956304755963,-0.292371704723,0.));
#1666 = FACE_BOUND('',#1667,.T.);
#1667 = EDGE_LOOP('',(#1668));
#1668 = ORIENTED_EDGE('',*,*,#1669,.T.);
#1669 = EDGE_CURVE('',#1670,#1670,#1672,.T.);
#1670 = VERTEX_POINT('',#1671);
#1671 = CARTESIAN_POINT('',(15.3,-64.,0.));
#1672 = CIRCLE('',#1673,15.3);
#1673 = AXIS2_PLACEMENT_3D('',#1674,#1675,#1676);
#1674 = CARTESIAN_POINT('',(0.,-64.,0.));
#1675 = DIRECTION('',(0.,0.,1.));
#1676 = DIRECTION('',(1.,0.,0.));
#1677 = PLANE('',#1678);
#1678 = AXIS2_PLACEMENT_3D('',#1679,#1680,#1681);
#1679 = CARTESIAN_POINT('',(14.780615419735,-43.31649703153,
    9.502025100438E-19));
#1680 = DIRECTION('',(-0.,-0.,-1.));
#1681 = DIRECTION('',(-1.,0.,0.));
#1682 = ADVANCED_FACE('',(#1683),#1701,.F.);
#1683 = FACE_BOUND('',#1684,.F.);
#1684 = EDGE_LOOP('',(#1685,#1686,#1687,#1695));
#1685 = ORIENTED_EDGE('',*,*,#1661,.F.);
#1686 = ORIENTED_EDGE('',*,*,#238,.T.);
#1687 = ORIENTED_EDGE('',*,*,#1688,.T.);
#1688 = EDGE_CURVE('',#239,#1689,#1691,.T.);
#1689 = VERTEX_POINT('',#1690);
#1690 = CARTESIAN_POINT('',(95.630475596304,-93.23717047227,6.));
#1691 = LINE('',#1692,#1693);
#1692 = CARTESIAN_POINT('',(68.853942429339,-85.05076274003,6.));
#1693 = VECTOR('',#1694,1.);
#1694 = DIRECTION('',(0.956304755963,-0.292371704723,0.));
#1695 = ORIENTED_EDGE('',*,*,#1696,.F.);
#1696 = EDGE_CURVE('',#1654,#1689,#1697,.T.);
#1697 = LINE('',#1698,#1699);
#1698 = CARTESIAN_POINT('',(95.630475596304,-93.23717047227,0.));
#1699 = VECTOR('',#1700,1.);
#1700 = DIRECTION('',(0.,0.,1.));
#1701 = PLANE('',#1702);
#1702 = AXIS2_PLACEMENT_3D('',#1703,#1704,#1705);
#1703 = CARTESIAN_POINT('',(68.853942429339,-85.05076274003,0.));
#1704 = DIRECTION('',(0.292371704723,0.956304755963,0.));
#1705 = DIRECTION('',(0.956304755963,-0.292371704723,0.));
#1706 = ADVANCED_FACE('',(#1707),#2277,.T.);
#1707 = FACE_BOUND('',#1708,.T.);
#1708 = EDGE_LOOP('',(#1709,#1710,#1711,#1719,#1727,#1735,#1743,#1751,
    #1759,#1767,#1775,#1783,#1791,#1799,#1807,#1815,#1823,#1831,#1839,
    #1847,#1855,#1863,#1871,#1879,#1887,#1895,#1903,#1911,#1919,#1927,
    #1935,#1943,#1951,#1959,#1967,#1975,#1983,#1991,#1999,#2007,#2015,
    #2023,#2031,#2039,#2047,#2055,#2063,#2071,#2079,#2087,#2095,#2103,
    #2111,#2119,#2127,#2135,#2143,#2151,#2159,#2167,#2175,#2183,#2191,
    #2199,#2207,#2215,#2223,#2231,#2239,#2247,#2255,#2263,#2271));
#1709 = ORIENTED_EDGE('',*,*,#246,.F.);
#1710 = ORIENTED_EDGE('',*,*,#1688,.T.);
#1711 = ORIENTED_EDGE('',*,*,#1712,.T.);
#1712 = EDGE_CURVE('',#1689,#1713,#1715,.T.);
#1713 = VERTEX_POINT('',#1714);
#1714 = CARTESIAN_POINT('',(95.936870970162,-92.21554161192,6.));
#1715 = LINE('',#1716,#1717);
#1716 = CARTESIAN_POINT('',(95.630475596304,-93.23717047227,6.));
#1717 = VECTOR('',#1718,1.);
#1718 = DIRECTION('',(0.287267645409,0.957850353605,0.));
#1719 = ORIENTED_EDGE('',*,*,#1720,.T.);
#1720 = EDGE_CURVE('',#1713,#1721,#1723,.T.);
#1721 = VERTEX_POINT('',#1722);
#1722 = CARTESIAN_POINT('',(96.232352530529,-91.19070294126,6.));
#1723 = LINE('',#1724,#1725);
#1724 = CARTESIAN_POINT('',(95.936870970162,-92.21554161192,6.));
#1725 = VECTOR('',#1726,1.);
#1726 = DIRECTION('',(0.277035162247,0.960859781071,0.));
#1727 = ORIENTED_EDGE('',*,*,#1728,.T.);
#1728 = EDGE_CURVE('',#1721,#1729,#1731,.T.);
#1729 = VERTEX_POINT('',#1730);
#1730 = CARTESIAN_POINT('',(96.516886663315,-90.16277104629,6.));
#1731 = LINE('',#1732,#1733);
#1732 = CARTESIAN_POINT('',(96.232352530529,-91.19070294126,6.));
#1733 = VECTOR('',#1734,1.);
#1734 = DIRECTION('',(0.266771163463,0.963759900776,0.));
#1735 = ORIENTED_EDGE('',*,*,#1736,.T.);
#1736 = EDGE_CURVE('',#1729,#1737,#1739,.T.);
#1737 = VERTEX_POINT('',#1738);
#1738 = CARTESIAN_POINT('',(96.790440999812,-89.13186286493,6.));
#1739 = LINE('',#1740,#1741);
#1740 = CARTESIAN_POINT('',(96.516886663315,-90.16277104629,6.));
#1741 = VECTOR('',#1742,1.);
#1742 = DIRECTION('',(0.256476816694,0.966550382804,0.));
#1743 = ORIENTED_EDGE('',*,*,#1744,.T.);
#1744 = EDGE_CURVE('',#1737,#1745,#1747,.T.);
#1745 = VERTEX_POINT('',#1746);
#1746 = CARTESIAN_POINT('',(97.05298442038,-88.09809567367,6.));
#1747 = LINE('',#1748,#1749);
#1748 = CARTESIAN_POINT('',(96.790440999812,-89.13186286493,6.));
#1749 = VECTOR('',#1750,1.);
#1750 = DIRECTION('',(0.246153293029,0.969230909707,0.));
#1751 = ORIENTED_EDGE('',*,*,#1752,.T.);
#1752 = EDGE_CURVE('',#1745,#1753,#1755,.T.);
#1753 = VERTEX_POINT('',#1754);
#1754 = CARTESIAN_POINT('',(97.304487057982,-87.06158707424,6.));
#1755 = LINE('',#1756,#1757);
#1756 = CARTESIAN_POINT('',(97.05298442038,-88.09809567367,6.));
#1757 = VECTOR('',#1758,1.);
#1758 = DIRECTION('',(0.235801766875,0.971801176547,0.));
#1759 = ORIENTED_EDGE('',*,*,#1760,.T.);
#1760 = EDGE_CURVE('',#1753,#1761,#1763,.T.);
#1761 = VERTEX_POINT('',#1762);
#1762 = CARTESIAN_POINT('',(97.544920301588,-86.02245498024,6.));
#1763 = LINE('',#1764,#1765);
#1764 = CARTESIAN_POINT('',(97.304487057982,-87.06158707424,6.));
#1765 = VECTOR('',#1766,1.);
#1766 = DIRECTION('',(0.225423415826,0.974260890931,0.));
#1767 = ORIENTED_EDGE('',*,*,#1768,.T.);
#1768 = EDGE_CURVE('',#1761,#1769,#1771,.T.);
#1769 = VERTEX_POINT('',#1770);
#1770 = CARTESIAN_POINT('',(97.774256799423,-84.98081760372,6.));
#1771 = LINE('',#1772,#1773);
#1772 = CARTESIAN_POINT('',(97.544920301588,-86.02245498024,6.));
#1773 = VECTOR('',#1774,1.);
#1774 = DIRECTION('',(0.215019420528,0.976609773039,0.));
#1775 = ORIENTED_EDGE('',*,*,#1776,.T.);
#1776 = EDGE_CURVE('',#1769,#1777,#1779,.T.);
#1777 = VERTEX_POINT('',#1778);
#1778 = CARTESIAN_POINT('',(97.992470462083,-83.93679344172,6.));
#1779 = LINE('',#1780,#1781);
#1780 = CARTESIAN_POINT('',(97.774256799423,-84.98081760372,6.));
#1781 = VECTOR('',#1782,1.);
#1782 = DIRECTION('',(0.204590964541,0.978847555663,0.));
#1783 = ORIENTED_EDGE('',*,*,#1784,.T.);
#1784 = EDGE_CURVE('',#1777,#1785,#1787,.T.);
#1785 = VERTEX_POINT('',#1786);
#1786 = CARTESIAN_POINT('',(98.199536465503,-82.89050126281,6.));
#1787 = LINE('',#1788,#1789);
#1788 = CARTESIAN_POINT('',(97.992470462083,-83.93679344172,6.));
#1789 = VECTOR('',#1790,1.);
#1790 = DIRECTION('',(0.194139234211,0.980973984232,0.));
#1791 = ORIENTED_EDGE('',*,*,#1792,.T.);
#1792 = EDGE_CURVE('',#1785,#1793,#1795,.T.);
#1793 = VERTEX_POINT('',#1794);
#1794 = CARTESIAN_POINT('',(98.395431253778,-81.84206009358,6.));
#1795 = LINE('',#1796,#1797);
#1796 = CARTESIAN_POINT('',(98.199536465503,-82.89050126281,6.));
#1797 = VECTOR('',#1798,1.);
#1798 = DIRECTION('',(0.183665418531,0.982988816842,0.));
#1799 = ORIENTED_EDGE('',*,*,#1800,.T.);
#1800 = EDGE_CURVE('',#1793,#1801,#1803,.T.);
#1801 = VERTEX_POINT('',#1802);
#1802 = CARTESIAN_POINT('',(98.580132541846,-80.79158920507,6.));
#1803 = LINE('',#1804,#1805);
#1804 = CARTESIAN_POINT('',(98.395431253778,-81.84206009358,6.));
#1805 = VECTOR('',#1806,1.);
#1806 = DIRECTION('',(0.173170709006,0.984891824284,0.));
#1807 = ORIENTED_EDGE('',*,*,#1808,.T.);
#1808 = EDGE_CURVE('',#1801,#1809,#1811,.T.);
#1809 = VERTEX_POINT('',#1810);
#1810 = CARTESIAN_POINT('',(98.753619318021,-79.73920809925,6.));
#1811 = LINE('',#1812,#1813);
#1812 = CARTESIAN_POINT('',(98.580132541846,-80.79158920507,6.));
#1813 = VECTOR('',#1814,1.);
#1814 = DIRECTION('',(0.162656299518,0.986682790073,0.));
#1815 = ORIENTED_EDGE('',*,*,#1816,.T.);
#1816 = EDGE_CURVE('',#1809,#1817,#1819,.T.);
#1817 = VERTEX_POINT('',#1818);
#1818 = CARTESIAN_POINT('',(98.915871846383,-78.68503649535,6.));
#1819 = LINE('',#1820,#1821);
#1820 = CARTESIAN_POINT('',(98.753619318021,-79.73920809925,6.));
#1821 = VECTOR('',#1822,1.);
#1822 = DIRECTION('',(0.15212338619,0.988361510468,0.));
#1823 = ORIENTED_EDGE('',*,*,#1824,.T.);
#1824 = EDGE_CURVE('',#1817,#1825,#1827,.T.);
#1825 = VERTEX_POINT('',#1826);
#1826 = CARTESIAN_POINT('',(99.066871669026,-77.62919431634,6.));
#1827 = LINE('',#1828,#1829);
#1828 = CARTESIAN_POINT('',(98.915871846383,-78.68503649535,6.));
#1829 = VECTOR('',#1830,1.);
#1830 = DIRECTION('',(0.14157316725,0.989927794496,0.));
#1831 = ORIENTED_EDGE('',*,*,#1832,.T.);
#1832 = EDGE_CURVE('',#1825,#1833,#1835,.T.);
#1833 = VERTEX_POINT('',#1834);
#1834 = CARTESIAN_POINT('',(99.206601608154,-76.57180167521,6.));
#1835 = LINE('',#1836,#1837);
#1836 = CARTESIAN_POINT('',(99.066871669026,-77.62919431634,6.));
#1837 = VECTOR('',#1838,1.);
#1838 = DIRECTION('',(0.131006842894,0.991381463976,0.));
#1839 = ORIENTED_EDGE('',*,*,#1840,.T.);
#1840 = EDGE_CURVE('',#1833,#1841,#1843,.T.);
#1841 = VERTEX_POINT('',#1842);
#1842 = CARTESIAN_POINT('',(99.33504576804,-75.51297886133,6.));
#1843 = LINE('',#1844,#1845);
#1844 = CARTESIAN_POINT('',(99.206601608154,-76.57180167521,6.));
#1845 = VECTOR('',#1846,1.);
#1846 = DIRECTION('',(0.120425615153,0.992722353539,0.));
#1847 = ORIENTED_EDGE('',*,*,#1848,.T.);
#1848 = EDGE_CURVE('',#1841,#1849,#1851,.T.);
#1849 = VERTEX_POINT('',#1850);
#1850 = CARTESIAN_POINT('',(99.452189536827,-74.45284632676,6.));
#1851 = LINE('',#1852,#1853);
#1852 = CARTESIAN_POINT('',(99.33504576804,-75.51297886133,6.));
#1853 = VECTOR('',#1854,1.);
#1854 = DIRECTION('',(0.109830687749,0.993950310644,0.));
#1855 = ORIENTED_EDGE('',*,*,#1856,.T.);
#1856 = EDGE_CURVE('',#1849,#1857,#1859,.T.);
#1857 = VERTEX_POINT('',#1858);
#1858 = CARTESIAN_POINT('',(99.558019588199,-73.39152467258,6.));
#1859 = LINE('',#1860,#1861);
#1860 = CARTESIAN_POINT('',(99.452189536827,-74.45284632676,6.));
#1861 = VECTOR('',#1862,1.);
#1862 = DIRECTION('',(9.922326596619E-02,0.995065195598,0.));
#1863 = ORIENTED_EDGE('',*,*,#1864,.T.);
#1864 = EDGE_CURVE('',#1857,#1865,#1867,.T.);
#1865 = VERTEX_POINT('',#1866);
#1866 = CARTESIAN_POINT('',(99.65252388289,-72.32913463512,6.));
#1867 = LINE('',#1868,#1869);
#1868 = CARTESIAN_POINT('',(99.558019588199,-73.39152467258,6.));
#1869 = VECTOR('',#1870,1.);
#1870 = DIRECTION('',(8.860455650827E-02,0.996066881573,0.));
#1871 = ORIENTED_EDGE('',*,*,#1872,.T.);
#1872 = EDGE_CURVE('',#1865,#1873,#1875,.T.);
#1873 = VERTEX_POINT('',#1874);
#1874 = CARTESIAN_POINT('',(99.735691670057,-71.26579707226,6.));
#1875 = LINE('',#1876,#1877);
#1876 = CARTESIAN_POINT('',(99.65252388289,-72.32913463512,6.));
#1877 = VECTOR('',#1878,1.);
#1878 = DIRECTION('',(7.797576736372E-02,0.996955254615,0.));
#1879 = ORIENTED_EDGE('',*,*,#1880,.T.);
#1880 = EDGE_CURVE('',#1873,#1881,#1883,.T.);
#1881 = VERTEX_POINT('',#1882);
#1882 = CARTESIAN_POINT('',(99.807513488502,-70.20163294967,6.));
#1883 = LINE('',#1884,#1885);
#1884 = CARTESIAN_POINT('',(99.735691670057,-71.26579707226,6.));
#1885 = VECTOR('',#1886,1.);
#1886 = DIRECTION('',(6.733810766742E-02,0.997730213663,0.));
#1887 = ORIENTED_EDGE('',*,*,#1888,.T.);
#1888 = EDGE_CURVE('',#1881,#1889,#1891,.T.);
#1889 = VERTEX_POINT('',#1890);
#1890 = CARTESIAN_POINT('',(99.867981167749,-69.13676332705,6.));
#1891 = LINE('',#1892,#1893);
#1892 = CARTESIAN_POINT('',(99.807513488502,-70.20163294967,6.));
#1893 = VECTOR('',#1894,1.);
#1894 = DIRECTION('',(5.669278756343E-02,0.998391670557,0.));
#1895 = ORIENTED_EDGE('',*,*,#1896,.T.);
#1896 = EDGE_CURVE('',#1889,#1897,#1899,.T.);
#1897 = VERTEX_POINT('',#1898);
#1898 = CARTESIAN_POINT('',(99.917087828972,-68.07130934436,6.));
#1899 = LINE('',#1900,#1901);
#1900 = CARTESIAN_POINT('',(99.867981167749,-69.13676332705,6.));
#1901 = VECTOR('',#1902,1.);
#1902 = DIRECTION('',(4.604101806704E-02,0.998939550051,0.));
#1903 = ORIENTED_EDGE('',*,*,#1904,.T.);
#1904 = EDGE_CURVE('',#1897,#1905,#1907,.T.);
#1905 = VERTEX_POINT('',#1906);
#1906 = CARTESIAN_POINT('',(99.95482788578,-67.00539220802,6.));
#1907 = LINE('',#1908,#1909);
#1908 = CARTESIAN_POINT('',(99.917087828972,-68.07130934436,6.));
#1909 = VECTOR('',#1910,1.);
#1910 = DIRECTION('',(3.538401092776E-02,0.999373789816,0.));
#1911 = ORIENTED_EDGE('',*,*,#1912,.T.);
#1912 = EDGE_CURVE('',#1905,#1913,#1915,.T.);
#1913 = VERTEX_POINT('',#1914);
#1914 = CARTESIAN_POINT('',(99.98119704485,-65.93913317718,6.));
#1915 = LINE('',#1916,#1917);
#1916 = CARTESIAN_POINT('',(99.95482788578,-67.00539220802,6.));
#1917 = VECTOR('',#1918,1.);
#1918 = DIRECTION('',(2.472297849046E-02,0.999694340453,0.));
#1919 = ORIENTED_EDGE('',*,*,#1920,.T.);
#1920 = EDGE_CURVE('',#1913,#1921,#1923,.T.);
#1921 = VERTEX_POINT('',#1922);
#1922 = CARTESIAN_POINT('',(99.996192306417,-64.87265354983,6.));
#1923 = LINE('',#1924,#1925);
#1924 = CARTESIAN_POINT('',(99.98119704485,-65.93913317718,6.));
#1925 = VECTOR('',#1926,1.);
#1926 = DIRECTION('',(1.405913355803E-02,0.999901165498,0.));
#1927 = ORIENTED_EDGE('',*,*,#1928,.T.);
#1928 = EDGE_CURVE('',#1921,#1929,#1931,.T.);
#1929 = VERTEX_POINT('',#1930);
#1930 = CARTESIAN_POINT('',(99.999811964615,-63.8060746491,6.));
#1931 = LINE('',#1932,#1933);
#1932 = CARTESIAN_POINT('',(99.996192306417,-64.87265354983,6.));
#1933 = VECTOR('',#1934,1.);
#1934 = DIRECTION('',(3.393689253481E-03,0.99999424142,0.));
#1935 = ORIENTED_EDGE('',*,*,#1936,.T.);
#1936 = EDGE_CURVE('',#1929,#1937,#1939,.T.);
#1937 = VERTEX_POINT('',#1938);
#1938 = CARTESIAN_POINT('',(99.992055607669,-62.73951780939,6.));
#1939 = LINE('',#1940,#1941);
#1940 = CARTESIAN_POINT('',(99.999811964615,-63.8060746491,6.));
#1941 = VECTOR('',#1942,1.);
#1942 = DIRECTION('',(-7.272141118432E-03,0.999973557632,0.));
#1943 = ORIENTED_EDGE('',*,*,#1944,.T.);
#1944 = EDGE_CURVE('',#1937,#1945,#1947,.T.);
#1945 = VERTEX_POINT('',#1946);
#1946 = CARTESIAN_POINT('',(99.972924117946,-61.67310436259,6.));
#1947 = LINE('',#1948,#1949);
#1948 = CARTESIAN_POINT('',(99.992055607669,-62.73951780939,6.));
#1949 = VECTOR('',#1950,1.);
#1950 = DIRECTION('',(-1.793714420888E-02,0.999839116487,0.));
#1951 = ORIENTED_EDGE('',*,*,#1952,.T.);
#1952 = EDGE_CURVE('',#1945,#1953,#1955,.T.);
#1953 = VERTEX_POINT('',#1954);
#1954 = CARTESIAN_POINT('',(99.942419671851,-60.60695562429,6.));
#1955 = LINE('',#1956,#1957);
#1956 = CARTESIAN_POINT('',(99.972924117946,-61.67310436259,6.));
#1957 = VECTOR('',#1958,1.);
#1958 = DIRECTION('',(-2.860010676326E-02,0.999590933279,0.));
#1959 = ORIENTED_EDGE('',*,*,#1960,.T.);
#1960 = EDGE_CURVE('',#1953,#1961,#1963,.T.);
#1961 = VERTEX_POINT('',#1962);
#1962 = CARTESIAN_POINT('',(99.935985246284,-60.44318855778,6.));
#1963 = LINE('',#1964,#1965);
#1964 = CARTESIAN_POINT('',(99.942419671851,-60.60695562429,6.));
#1965 = VECTOR('',#1966,1.);
#1966 = DIRECTION('',(-3.925981575905E-02,0.999229036241,0.));
#1967 = ORIENTED_EDGE('',*,*,#1968,.T.);
#1968 = EDGE_CURVE('',#1961,#1969,#1971,.T.);
#1969 = VERTEX_POINT('',#1970);
#1970 = CARTESIAN_POINT('',(98.424036171464,-55.38901261653,6.));
#1971 = LINE('',#1972,#1973);
#1972 = CARTESIAN_POINT('',(98.002071181913,-53.9784589585,6.));
#1973 = VECTOR('',#1974,1.);
#1974 = DIRECTION('',(-0.28659936246,0.958050523426,0.));
#1975 = ORIENTED_EDGE('',*,*,#1976,.T.);
#1976 = EDGE_CURVE('',#1969,#1977,#1979,.T.);
#1977 = VERTEX_POINT('',#1978);
#1978 = CARTESIAN_POINT('',(99.0353669007,-50.14907376293,6.));
#1979 = LINE('',#1980,#1981);
#1980 = CARTESIAN_POINT('',(98.774195291857,-52.38767096602,6.));
#1981 = VECTOR('',#1982,1.);
#1982 = DIRECTION('',(0.115881546653,0.993263040259,0.));
#1983 = ORIENTED_EDGE('',*,*,#1984,.T.);
#1984 = EDGE_CURVE('',#1977,#1985,#1987,.T.);
#1985 = VERTEX_POINT('',#1986);
#1986 = CARTESIAN_POINT('',(99.013265720224,-49.98667735986,6.));
#1987 = LINE('',#1988,#1989);
#1988 = CARTESIAN_POINT('',(99.157095705454,-51.04352010539,6.));
#1989 = VECTOR('',#1990,1.);
#1990 = DIRECTION('',(-0.134850930274,0.990865897387,0.));
#1991 = ORIENTED_EDGE('',*,*,#1992,.T.);
#1992 = EDGE_CURVE('',#1985,#1993,#1995,.T.);
#1993 = VERTEX_POINT('',#1994);
#1994 = CARTESIAN_POINT('',(98.858171949711,-48.93142877505,6.));
#1995 = LINE('',#1996,#1997);
#1996 = CARTESIAN_POINT('',(99.013265720224,-49.98667735986,6.));
#1997 = VECTOR('',#1998,1.);
#1998 = DIRECTION('',(-0.145411537099,0.989371257354,0.));
#1999 = ORIENTED_EDGE('',*,*,#2000,.T.);
#2000 = EDGE_CURVE('',#1993,#2001,#2003,.T.);
#2001 = VERTEX_POINT('',#2002);
#2002 = CARTESIAN_POINT('',(98.691832037441,-47.8778943964,6.));
#2003 = LINE('',#2004,#2005);
#2004 = CARTESIAN_POINT('',(98.858171949711,-48.93142877505,6.));
#2005 = VECTOR('',#2006,1.);
#2006 = DIRECTION('',(-0.155955601854,0.987764066086,0.));
#2007 = ORIENTED_EDGE('',*,*,#2008,.T.);
#2008 = EDGE_CURVE('',#2001,#2009,#2011,.T.);
#2009 = VERTEX_POINT('',#2010);
#2010 = CARTESIAN_POINT('',(98.514264906302,-46.82619407437,6.));
#2011 = LINE('',#2012,#2013);
#2012 = CARTESIAN_POINT('',(98.691832037441,-47.8778943964,6.));
#2013 = VECTOR('',#2014,1.);
#2014 = DIRECTION('',(-0.166481925044,0.986044506416,0.));
#2015 = ORIENTED_EDGE('',*,*,#2016,.T.);
#2016 = EDGE_CURVE('',#2009,#2017,#2019,.T.);
#2017 = VERTEX_POINT('',#2018);
#2018 = CARTESIAN_POINT('',(98.325490756395,-45.77644745078,6.));
#2019 = LINE('',#2020,#2021);
#2020 = CARTESIAN_POINT('',(98.514264906302,-46.82619407437,6.));
#2021 = VECTOR('',#2022,1.);
#2022 = DIRECTION('',(-0.176989309188,0.984212773964,0.));
#2023 = ORIENTED_EDGE('',*,*,#2024,.T.);
#2024 = EDGE_CURVE('',#2017,#2025,#2027,.T.);
#2025 = VERTEX_POINT('',#2026);
#2026 = CARTESIAN_POINT('',(98.125531062738,-44.72877394519,6.));
#2027 = LINE('',#2028,#2029);
#2028 = CARTESIAN_POINT('',(98.325490756395,-45.77644745078,6.));
#2029 = VECTOR('',#2030,1.);
#2030 = DIRECTION('',(-0.187476558964,0.982269077106,0.));
#2031 = ORIENTED_EDGE('',*,*,#2032,.T.);
#2032 = EDGE_CURVE('',#2025,#2033,#2035,.T.);
#2033 = VERTEX_POINT('',#2034);
#2034 = CARTESIAN_POINT('',(97.914408572818,-43.68329274131,6.));
#2035 = LINE('',#2036,#2037);
#2036 = CARTESIAN_POINT('',(98.125531062738,-44.72877394519,6.));
#2037 = VECTOR('',#2038,1.);
#2038 = DIRECTION('',(-0.197942481339,0.98021363696,0.));
#2039 = ORIENTED_EDGE('',*,*,#2040,.T.);
#2040 = EDGE_CURVE('',#2033,#2041,#2043,.T.);
#2041 = VERTEX_POINT('',#2042);
#2042 = CARTESIAN_POINT('',(97.692147304007,-42.64012277347,6.));
#2043 = LINE('',#2044,#2045);
#2044 = CARTESIAN_POINT('',(97.914408572818,-43.68329274131,6.));
#2045 = VECTOR('',#2046,1.);
#2046 = DIRECTION('',(-0.208385885704,0.978046687352,0.));
#2047 = ORIENTED_EDGE('',*,*,#2048,.T.);
#2048 = EDGE_CURVE('',#2041,#2049,#2051,.T.);
#2049 = VERTEX_POINT('',#2050);
#2050 = CARTESIAN_POINT('',(97.458772540827,-41.59938271307,6.));
#2051 = LINE('',#2052,#2053);
#2052 = CARTESIAN_POINT('',(97.692147304007,-42.64012277347,6.));
#2053 = VECTOR('',#2054,1.);
#2054 = DIRECTION('',(-0.218805584015,0.975768474795,0.));
#2055 = ORIENTED_EDGE('',*,*,#2056,.T.);
#2056 = EDGE_CURVE('',#2049,#2057,#2059,.T.);
#2057 = VERTEX_POINT('',#2058);
#2058 = CARTESIAN_POINT('',(97.214310832078,-40.56119095508,6.));
#2059 = LINE('',#2060,#2061);
#2060 = CARTESIAN_POINT('',(97.458772540827,-41.59938271307,6.));
#2061 = VECTOR('',#2062,1.);
#2062 = DIRECTION('',(-0.229200390922,0.973379258461,0.));
#2063 = ORIENTED_EDGE('',*,*,#2064,.T.);
#2064 = EDGE_CURVE('',#2057,#2065,#2067,.T.);
#2065 = VERTEX_POINT('',#2066);
#2066 = CARTESIAN_POINT('',(96.958789987812,-39.52566560456,6.));
#2067 = LINE('',#2068,#2069);
#2068 = CARTESIAN_POINT('',(97.214310832078,-40.56119095508,6.));
#2069 = VECTOR('',#2070,1.);
#2070 = DIRECTION('',(-0.23956912391,0.970879310146,0.));
#2071 = ORIENTED_EDGE('',*,*,#2072,.T.);
#2072 = EDGE_CURVE('',#2065,#2073,#2075,.T.);
#2073 = VERTEX_POINT('',#2074);
#2074 = CARTESIAN_POINT('',(96.692239076173,-38.49292446327,6.));
#2075 = LINE('',#2076,#2077);
#2076 = CARTESIAN_POINT('',(96.958789987812,-39.52566560456,6.));
#2077 = VECTOR('',#2078,1.);
#2078 = DIRECTION('',(-0.249910603426,0.968268914246,0.));
#2079 = ORIENTED_EDGE('',*,*,#2080,.T.);
#2080 = EDGE_CURVE('',#2073,#2081,#2083,.T.);
#2081 = VERTEX_POINT('',#2082);
#2082 = CARTESIAN_POINT('',(96.414688420092,-37.46308501621,6.));
#2083 = LINE('',#2084,#2085);
#2084 = CARTESIAN_POINT('',(96.692239076173,-38.49292446327,6.));
#2085 = VECTOR('',#2086,1.);
#2086 = DIRECTION('',(-0.260223653021,0.965548367721,0.));
#2087 = ORIENTED_EDGE('',*,*,#2088,.T.);
#2088 = EDGE_CURVE('',#2081,#2089,#2091,.T.);
#2089 = VERTEX_POINT('',#2090);
#2090 = CARTESIAN_POINT('',(96.126169593832,-36.4362644183,6.));
#2091 = LINE('',#2092,#2093);
#2092 = CARTESIAN_POINT('',(96.414688420092,-37.46308501621,6.));
#2093 = VECTOR('',#2094,1.);
#2094 = DIRECTION('',(-0.270507099478,0.962717980061,0.));
#2095 = ORIENTED_EDGE('',*,*,#2096,.T.);
#2096 = EDGE_CURVE('',#2089,#2097,#2099,.T.);
#2097 = VERTEX_POINT('',#2098);
#2098 = CARTESIAN_POINT('',(95.8267154194,-35.41257948101,6.));
#2099 = LINE('',#2100,#2101);
#2100 = CARTESIAN_POINT('',(96.126169593832,-36.4362644183,6.));
#2101 = VECTOR('',#2102,1.);
#2102 = DIRECTION('',(-0.280759772949,0.959778073251,0.));
#2103 = ORIENTED_EDGE('',*,*,#2104,.T.);
#2104 = EDGE_CURVE('',#2097,#2105,#2107,.T.);
#2105 = VERTEX_POINT('',#2106);
#2106 = CARTESIAN_POINT('',(95.516359962812,-34.39214665913,6.));
#2107 = LINE('',#2108,#2109);
#2108 = CARTESIAN_POINT('',(95.8267154194,-35.41257948101,6.));
#2109 = VECTOR('',#2110,1.);
#2110 = DIRECTION('',(-0.290980507085,0.956728981738,0.));
#2111 = ORIENTED_EDGE('',*,*,#2112,.T.);
#2112 = EDGE_CURVE('',#2105,#2113,#2115,.T.);
#2113 = VERTEX_POINT('',#2114);
#2114 = CARTESIAN_POINT('',(95.195138530219,-33.37508203745,6.));
#2115 = LINE('',#2116,#2117);
#2116 = CARTESIAN_POINT('',(95.516359962812,-34.39214665913,6.));
#2117 = VECTOR('',#2118,1.);
#2118 = DIRECTION('',(-0.301168139172,0.953571052385,0.));
#2119 = ORIENTED_EDGE('',*,*,#2120,.T.);
#2120 = EDGE_CURVE('',#2113,#2121,#2123,.T.);
#2121 = VERTEX_POINT('',#2122);
#2122 = CARTESIAN_POINT('',(94.863087663888,-32.36150131764,6.));
#2123 = LINE('',#2124,#2125);
#2124 = CARTESIAN_POINT('',(95.195138530219,-33.37508203745,6.));
#2125 = VECTOR('',#2126,1.);
#2126 = DIRECTION('',(-0.311321510262,0.950304644442,0.));
#2127 = ORIENTED_EDGE('',*,*,#2128,.T.);
#2128 = EDGE_CURVE('',#2121,#2129,#2131,.T.);
#2129 = VERTEX_POINT('',#2130);
#2130 = CARTESIAN_POINT('',(94.520245138047,-31.35151980499,6.));
#2131 = LINE('',#2132,#2133);
#2132 = CARTESIAN_POINT('',(94.863087663888,-32.36150131764,6.));
#2133 = VECTOR('',#2134,1.);
#2134 = DIRECTION('',(-0.321439465303,0.946930129495,0.));
#2135 = ORIENTED_EDGE('',*,*,#2136,.T.);
#2136 = EDGE_CURVE('',#2129,#2137,#2139,.T.);
#2137 = VERTEX_POINT('',#2138);
#2138 = CARTESIAN_POINT('',(94.166649954588,-30.34525239538,6.));
#2139 = LINE('',#2140,#2141);
#2140 = CARTESIAN_POINT('',(94.520245138047,-31.35151980499,6.));
#2141 = VECTOR('',#2142,1.);
#2142 = DIRECTION('',(-0.331520853273,0.943447891431,0.));
#2143 = ORIENTED_EDGE('',*,*,#2144,.T.);
#2144 = EDGE_CURVE('',#2137,#2145,#2147,.T.);
#2145 = VERTEX_POINT('',#2146);
#2146 = CARTESIAN_POINT('',(93.802342338626,-29.34281356215,6.));
#2147 = LINE('',#2148,#2149);
#2148 = CARTESIAN_POINT('',(94.166649954588,-30.34525239538,6.));
#2149 = VECTOR('',#2150,1.);
#2150 = DIRECTION('',(-0.34156452731,0.939858326389,0.));
#2151 = ORIENTED_EDGE('',*,*,#2152,.T.);
#2152 = EDGE_CURVE('',#2145,#2153,#2155,.T.);
#2153 = VERTEX_POINT('',#2154);
#2154 = CARTESIAN_POINT('',(93.42736373393,-28.34431734312,6.));
#2155 = LINE('',#2156,#2157);
#2156 = CARTESIAN_POINT('',(93.802342338626,-29.34281356215,6.));
#2157 = VECTOR('',#2158,1.);
#2158 = DIRECTION('',(-0.351569344841,0.936161842722,0.));
#2159 = ORIENTED_EDGE('',*,*,#2160,.T.);
#2160 = EDGE_CURVE('',#2153,#2161,#2163,.T.);
#2161 = VERTEX_POINT('',#2162);
#2162 = CARTESIAN_POINT('',(93.041756798202,-27.34987732757,6.));
#2163 = LINE('',#2164,#2165);
#2164 = CARTESIAN_POINT('',(93.42736373393,-28.34431734312,6.));
#2165 = VECTOR('',#2166,1.);
#2166 = DIRECTION('',(-0.361534167715,0.932358860941,0.));
#2167 = ORIENTED_EDGE('',*,*,#2168,.T.);
#2168 = EDGE_CURVE('',#2161,#2169,#2171,.T.);
#2169 = VERTEX_POINT('',#2170);
#2170 = CARTESIAN_POINT('',(92.64556539823,-26.35960664336,6.));
#2171 = LINE('',#2172,#2173);
#2172 = CARTESIAN_POINT('',(93.041756798202,-27.34987732757,6.));
#2173 = VECTOR('',#2174,1.);
#2174 = DIRECTION('',(-0.371457862331,0.928449813675,0.));
#2175 = ORIENTED_EDGE('',*,*,#2176,.T.);
#2176 = EDGE_CURVE('',#2169,#2177,#2179,.T.);
#2177 = VERTEX_POINT('',#2178);
#2178 = CARTESIAN_POINT('',(92.23883460489,-25.37361794405,6.));
#2179 = LINE('',#2180,#2181);
#2180 = CARTESIAN_POINT('',(92.64556539823,-26.35960664336,6.));
#2181 = VECTOR('',#2182,1.);
#2182 = DIRECTION('',(-0.381339299764,0.924435145619,0.));
#2183 = ORIENTED_EDGE('',*,*,#2184,.T.);
#2184 = EDGE_CURVE('',#2177,#2185,#2187,.T.);
#2185 = VERTEX_POINT('',#2186);
#2186 = CARTESIAN_POINT('',(91.821610688027,-24.39202339608,6.));
#2187 = LINE('',#2188,#2189);
#2188 = CARTESIAN_POINT('',(92.23883460489,-25.37361794405,6.));
#2189 = VECTOR('',#2190,1.);
#2190 = DIRECTION('',(-0.391177355899,0.920315313483,0.));
#2191 = ORIENTED_EDGE('',*,*,#2192,.T.);
#2192 = EDGE_CURVE('',#2185,#2193,#2195,.T.);
#2193 = VERTEX_POINT('',#2194);
#2194 = CARTESIAN_POINT('',(91.393941111186,-23.414934666,6.));
#2195 = LINE('',#2196,#2197);
#2196 = CARTESIAN_POINT('',(91.821610688027,-24.39202339608,6.));
#2197 = VECTOR('',#2198,1.);
#2198 = DIRECTION('',(-0.400970911555,0.916090785942,0.));
#2199 = ORIENTED_EDGE('',*,*,#2200,.T.);
#2200 = EDGE_CURVE('',#2193,#2201,#2203,.T.);
#2201 = VERTEX_POINT('',#2202);
#2202 = CARTESIAN_POINT('',(90.955874526215,-22.44246290777,6.));
#2203 = LINE('',#2204,#2205);
#2204 = CARTESIAN_POINT('',(91.393941111186,-23.414934666,6.));
#2205 = VECTOR('',#2206,1.);
#2206 = DIRECTION('',(-0.410718852613,0.911762043577,0.));
#2207 = ORIENTED_EDGE('',*,*,#2208,.T.);
#2208 = EDGE_CURVE('',#2201,#2209,#2211,.T.);
#2209 = VERTEX_POINT('',#2210);
#2210 = CARTESIAN_POINT('',(90.507460767727,-21.47471875015,6.));
#2211 = LINE('',#2212,#2213);
#2212 = CARTESIAN_POINT('',(90.955874526215,-22.44246290777,6.));
#2213 = VECTOR('',#2214,1.);
#2214 = DIRECTION('',(-0.420420070145,0.90732957883,0.));
#2215 = ORIENTED_EDGE('',*,*,#2216,.T.);
#2216 = EDGE_CURVE('',#2209,#2217,#2219,.T.);
#2217 = VERTEX_POINT('',#2218);
#2218 = CARTESIAN_POINT('',(90.048750847436,-20.51181228406,6.));
#2219 = LINE('',#2220,#2221);
#2220 = CARTESIAN_POINT('',(90.507460767727,-21.47471875015,6.));
#2221 = VECTOR('',#2222,1.);
#2222 = DIRECTION('',(-0.430073460537,0.902793895937,0.));
#2223 = ORIENTED_EDGE('',*,*,#2224,.T.);
#2224 = EDGE_CURVE('',#2217,#2225,#2227,.T.);
#2225 = VERTEX_POINT('',#2226);
#2226 = CARTESIAN_POINT('',(89.579796948351,-19.55385305009,6.));
#2227 = LINE('',#2228,#2229);
#2228 = CARTESIAN_POINT('',(90.048750847436,-20.51181228406,6.));
#2229 = VECTOR('',#2230,1.);
#2230 = DIRECTION('',(-0.439677925614,0.898155510882,0.));
#2231 = ORIENTED_EDGE('',*,*,#2232,.T.);
#2232 = EDGE_CURVE('',#2225,#2233,#2235,.T.);
#2233 = VERTEX_POINT('',#2234);
#2234 = CARTESIAN_POINT('',(89.100652418837,-18.60095002604,6.));
#2235 = LINE('',#2236,#2237);
#2236 = CARTESIAN_POINT('',(89.579796948351,-19.55385305009,6.));
#2237 = VECTOR('',#2238,1.);
#2238 = DIRECTION('',(-0.44923237277,0.893414951328,0.));
#2239 = ORIENTED_EDGE('',*,*,#2240,.T.);
#2240 = EDGE_CURVE('',#2233,#2241,#2243,.T.);
#2241 = VERTEX_POINT('',#2242);
#2242 = CARTESIAN_POINT('',(86.433257167301,-19.96005579056,6.));
#2243 = LINE('',#2244,#2245);
#2244 = CARTESIAN_POINT('',(89.100652418837,-18.60095002604,6.));
#2245 = VECTOR('',#2246,1.);
#2246 = DIRECTION('',(-0.891006524188,-0.45399049974,0.));
#2247 = ORIENTED_EDGE('',*,*,#2248,.T.);
#2248 = EDGE_CURVE('',#2241,#2249,#2251,.T.);
#2249 = VERTEX_POINT('',#2250);
#2250 = CARTESIAN_POINT('',(94.912713157644,-37.0820342326,6.));
#2251 = LINE('',#2252,#2253);
#2252 = CARTESIAN_POINT('',(97.721434162848,-42.75349010849,6.));
#2253 = VECTOR('',#2254,1.);
#2254 = DIRECTION('',(0.443796518676,-0.896127585788,0.));
#2255 = ORIENTED_EDGE('',*,*,#2256,.F.);
#2256 = EDGE_CURVE('',#2257,#2249,#2259,.T.);
#2257 = VERTEX_POINT('',#2258);
#2258 = CARTESIAN_POINT('',(82.366926956607,-43.29518549407,6.));
#2259 = LINE('',#2260,#2261);
#2260 = CARTESIAN_POINT('',(80.326129627883,-44.30586607591,6.));
#2261 = VECTOR('',#2262,1.);
#2262 = DIRECTION('',(0.896127585788,0.443796518676,0.));
#2263 = ORIENTED_EDGE('',*,*,#2264,.F.);
#2264 = EDGE_CURVE('',#2265,#2257,#2267,.T.);
#2265 = VERTEX_POINT('',#2266);
#2266 = CARTESIAN_POINT('',(73.958354070989,-26.31633639811,6.));
#2267 = LINE('',#2268,#2269);
#2268 = CARTESIAN_POINT('',(85.17564796181,-48.96664136996,6.));
#2269 = VECTOR('',#2270,1.);
#2270 = DIRECTION('',(0.443796518676,-0.896127585788,0.));
#2271 = ORIENTED_EDGE('',*,*,#2272,.T.);
#2272 = EDGE_CURVE('',#2265,#247,#2273,.T.);
#2273 = LINE('',#2274,#2275);
#2274 = CARTESIAN_POINT('',(89.100652418837,-18.60095002604,6.));
#2275 = VECTOR('',#2276,1.);
#2276 = DIRECTION('',(-0.891006524188,-0.45399049974,0.));
#2277 = PLANE('',#2278);
#2278 = AXIS2_PLACEMENT_3D('',#2279,#2280,#2281);
#2279 = CARTESIAN_POINT('',(83.902774309565,-56.65945840953,6.));
#2280 = DIRECTION('',(0.,0.,1.));
#2281 = DIRECTION('',(1.,0.,0.));
#2282 = ADVANCED_FACE('',(#2283),#2317,.F.);
#2283 = FACE_BOUND('',#2284,.F.);
#2284 = EDGE_LOOP('',(#2285,#2286,#2292,#2293,#2301,#2309,#2315,#2316));
#2285 = ORIENTED_EDGE('',*,*,#1125,.F.);
#2286 = ORIENTED_EDGE('',*,*,#2287,.T.);
#2287 = EDGE_CURVE('',#1126,#2233,#2288,.T.);
#2288 = LINE('',#2289,#2290);
#2289 = CARTESIAN_POINT('',(89.100652418837,-18.60095002604,0.));
#2290 = VECTOR('',#2291,1.);
#2291 = DIRECTION('',(0.,0.,1.));
#2292 = ORIENTED_EDGE('',*,*,#2240,.T.);
#2293 = ORIENTED_EDGE('',*,*,#2294,.T.);
#2294 = EDGE_CURVE('',#2241,#2295,#2297,.T.);
#2295 = VERTEX_POINT('',#2296);
#2296 = CARTESIAN_POINT('',(86.433257167301,-19.96005579056,5.8));
#2297 = LINE('',#2298,#2299);
#2298 = CARTESIAN_POINT('',(86.433257167301,-19.96005579056,2.9));
#2299 = VECTOR('',#2300,1.);
#2300 = DIRECTION('',(0.,0.,-1.));
#2301 = ORIENTED_EDGE('',*,*,#2302,.F.);
#2302 = EDGE_CURVE('',#2303,#2295,#2305,.T.);
#2303 = VERTEX_POINT('',#2304);
#2304 = CARTESIAN_POINT('',(73.958354070989,-26.31633639811,5.8));
#2305 = LINE('',#2306,#2307);
#2306 = CARTESIAN_POINT('',(81.433210884176,-22.50770662046,5.8));
#2307 = VECTOR('',#2308,1.);
#2308 = DIRECTION('',(0.891006524188,0.45399049974,0.));
#2309 = ORIENTED_EDGE('',*,*,#2310,.F.);
#2310 = EDGE_CURVE('',#2265,#2303,#2311,.T.);
#2311 = LINE('',#2312,#2313);
#2312 = CARTESIAN_POINT('',(73.958354070989,-26.31633639811,2.9));
#2313 = VECTOR('',#2314,1.);
#2314 = DIRECTION('',(0.,0.,-1.));
#2315 = ORIENTED_EDGE('',*,*,#2272,.T.);
#2316 = ORIENTED_EDGE('',*,*,#255,.F.);
#2317 = PLANE('',#2318);
#2318 = AXIS2_PLACEMENT_3D('',#2319,#2320,#2321);
#2319 = CARTESIAN_POINT('',(89.100652418837,-18.60095002604,0.));
#2320 = DIRECTION('',(0.45399049974,-0.891006524188,0.));
#2321 = DIRECTION('',(-0.891006524188,-0.45399049974,0.));
#2322 = ADVANCED_FACE('',(#2323),#2350,.F.);
#2323 = FACE_BOUND('',#2324,.F.);
#2324 = EDGE_LOOP('',(#2325,#2326,#2327,#2328,#2336,#2344));
#2325 = ORIENTED_EDGE('',*,*,#1118,.F.);
#2326 = ORIENTED_EDGE('',*,*,#272,.T.);
#2327 = ORIENTED_EDGE('',*,*,#979,.T.);
#2328 = ORIENTED_EDGE('',*,*,#2329,.T.);
#2329 = EDGE_CURVE('',#980,#2330,#2332,.T.);
#2330 = VERTEX_POINT('',#2331);
#2331 = CARTESIAN_POINT('',(4.,6.,10.));
#2332 = LINE('',#2333,#2334);
#2333 = CARTESIAN_POINT('',(4.,6.,0.));
#2334 = VECTOR('',#2335,1.);
#2335 = DIRECTION('',(0.,0.,1.));
#2336 = ORIENTED_EDGE('',*,*,#2337,.T.);
#2337 = EDGE_CURVE('',#2330,#2338,#2340,.T.);
#2338 = VERTEX_POINT('',#2339);
#2339 = CARTESIAN_POINT('',(4.,39.,10.));
#2340 = LINE('',#2341,#2342);
#2341 = CARTESIAN_POINT('',(4.,6.,10.));
#2342 = VECTOR('',#2343,1.);
#2343 = DIRECTION('',(1.110223024625E-16,1.,0.));
#2344 = ORIENTED_EDGE('',*,*,#2345,.T.);
#2345 = EDGE_CURVE('',#2338,#1111,#2346,.T.);
#2346 = LINE('',#2347,#2348);
#2347 = CARTESIAN_POINT('',(4.,39.,0.));
#2348 = VECTOR('',#2349,1.);
#2349 = DIRECTION('',(0.,0.,-1.));
#2350 = PLANE('',#2351);
#2351 = AXIS2_PLACEMENT_3D('',#2352,#2353,#2354);
#2352 = CARTESIAN_POINT('',(4.,6.,0.));
#2353 = DIRECTION('',(-1.,1.110223024625E-16,0.));
#2354 = DIRECTION('',(0.,0.,1.));
#2355 = ADVANCED_FACE('',(#2356,#2383),#2425,.T.);
#2356 = FACE_BOUND('',#2357,.T.);
#2357 = EDGE_LOOP('',(#2358,#2366,#2367,#2368,#2369,#2377));
#2358 = ORIENTED_EDGE('',*,*,#2359,.F.);
#2359 = EDGE_CURVE('',#290,#2360,#2362,.T.);
#2360 = VERTEX_POINT('',#2361);
#2361 = CARTESIAN_POINT('',(67.29491441849,-8.354744196759,7.8));
#2362 = LINE('',#2363,#2364);
#2363 = CARTESIAN_POINT('',(18.904024785917,-32.31975620527,7.8));
#2364 = VECTOR('',#2365,1.);
#2365 = DIRECTION('',(0.896127585788,0.443796518676,0.));
#2366 = ORIENTED_EDGE('',*,*,#289,.T.);
#2367 = ORIENTED_EDGE('',*,*,#972,.T.);
#2368 = ORIENTED_EDGE('',*,*,#437,.T.);
#2369 = ORIENTED_EDGE('',*,*,#2370,.T.);
#2370 = EDGE_CURVE('',#438,#2371,#2373,.T.);
#2371 = VERTEX_POINT('',#2372);
#2372 = CARTESIAN_POINT('',(67.29491441849,-8.354744196759,27.));
#2373 = LINE('',#2374,#2375);
#2374 = CARTESIAN_POINT('',(18.904024785917,-32.31975620527,27.));
#2375 = VECTOR('',#2376,1.);
#2376 = DIRECTION('',(0.896127585788,0.443796518676,0.));
#2377 = ORIENTED_EDGE('',*,*,#2378,.F.);
#2378 = EDGE_CURVE('',#2360,#2371,#2379,.T.);
#2379 = LINE('',#2380,#2381);
#2380 = CARTESIAN_POINT('',(67.29491441849,-8.354744196759,7.8));
#2381 = VECTOR('',#2382,1.);
#2382 = DIRECTION('',(0.,0.,1.));
#2383 = FACE_BOUND('',#2384,.T.);
#2384 = EDGE_LOOP('',(#2385,#2395,#2403,#2411,#2419));
#2385 = ORIENTED_EDGE('',*,*,#2386,.F.);
#2386 = EDGE_CURVE('',#2387,#2389,#2391,.T.);
#2387 = VERTEX_POINT('',#2388);
#2388 = CARTESIAN_POINT('',(48.02817132404,-17.89636934829,9.));
#2389 = VERTEX_POINT('',#2390);
#2390 = CARTESIAN_POINT('',(41.755278223521,-21.00294497903,9.));
#2391 = LINE('',#2392,#2393);
#2392 = CARTESIAN_POINT('',(30.329651504719,-26.66135059215,9.));
#2393 = VECTOR('',#2394,1.);
#2394 = DIRECTION('',(-0.896127585788,-0.443796518676,-0.));
#2395 = ORIENTED_EDGE('',*,*,#2396,.F.);
#2396 = EDGE_CURVE('',#2397,#2387,#2399,.T.);
#2397 = VERTEX_POINT('',#2398);
#2398 = CARTESIAN_POINT('',(48.02817132404,-17.89636934829,13.));
#2399 = LINE('',#2400,#2401);
#2400 = CARTESIAN_POINT('',(48.02817132404,-17.89636934829,8.4));
#2401 = VECTOR('',#2402,1.);
#2402 = DIRECTION('',(0.,0.,-1.));
#2403 = ORIENTED_EDGE('',*,*,#2404,.F.);
#2404 = EDGE_CURVE('',#2405,#2397,#2407,.T.);
#2405 = VERTEX_POINT('',#2406);
#2406 = CARTESIAN_POINT('',(44.89172477378,-19.44965716366,16.5));
#2407 = LINE('',#2408,#2409);
#2408 = CARTESIAN_POINT('',(41.912100551034,-20.92528058826,19.825));
#2409 = VECTOR('',#2410,1.);
#2410 = DIRECTION('',(0.633657892719,0.313811527823,-0.707106781187));
#2411 = ORIENTED_EDGE('',*,*,#2412,.F.);
#2412 = EDGE_CURVE('',#2413,#2405,#2415,.T.);
#2413 = VERTEX_POINT('',#2414);
#2414 = CARTESIAN_POINT('',(41.755278223521,-21.00294497903,13.));
#2415 = LINE('',#2416,#2417);
#2416 = CARTESIAN_POINT('',(36.445722277725,-23.63243935218,7.075));
#2417 = VECTOR('',#2418,1.);
#2418 = DIRECTION('',(0.633657892719,0.313811527823,0.707106781187));
#2419 = ORIENTED_EDGE('',*,*,#2420,.F.);
#2420 = EDGE_CURVE('',#2389,#2413,#2421,.T.);
#2421 = LINE('',#2422,#2423);
#2422 = CARTESIAN_POINT('',(41.755278223521,-21.00294497903,10.4));
#2423 = VECTOR('',#2424,1.);
#2424 = DIRECTION('',(0.,0.,1.));
#2425 = PLANE('',#2426);
#2426 = AXIS2_PLACEMENT_3D('',#2427,#2428,#2429);
#2427 = CARTESIAN_POINT('',(18.904024785917,-32.31975620527,7.8));
#2428 = DIRECTION('',(-0.443796518676,0.896127585788,0.));
#2429 = DIRECTION('',(0.,0.,1.));
#2430 = ADVANCED_FACE('',(#2431),#2474,.F.);
#2431 = FACE_BOUND('',#2432,.F.);
#2432 = EDGE_LOOP('',(#2433,#2434,#2435,#2436,#2444,#2452,#2460,#2468));
#2433 = ORIENTED_EDGE('',*,*,#2359,.F.);
#2434 = ORIENTED_EDGE('',*,*,#297,.F.);
#2435 = ORIENTED_EDGE('',*,*,#321,.T.);
#2436 = ORIENTED_EDGE('',*,*,#2437,.T.);
#2437 = EDGE_CURVE('',#322,#2438,#2440,.T.);
#2438 = VERTEX_POINT('',#2439);
#2439 = CARTESIAN_POINT('',(84.159182128184,-42.40759245671,7.8));
#2440 = LINE('',#2441,#2442);
#2441 = CARTESIAN_POINT('',(85.046775165536,-44.19984762829,7.8));
#2442 = VECTOR('',#2443,1.);
#2443 = DIRECTION('',(-0.443796518676,0.896127585788,0.));
#2444 = ORIENTED_EDGE('',*,*,#2445,.T.);
#2445 = EDGE_CURVE('',#2438,#2446,#2448,.T.);
#2446 = VERTEX_POINT('',#2447);
#2447 = CARTESIAN_POINT('',(82.366926956607,-43.29518549407,7.8));
#2448 = LINE('',#2449,#2450);
#2449 = CARTESIAN_POINT('',(59.067609726109,-54.83389497965,7.8));
#2450 = VECTOR('',#2451,1.);
#2451 = DIRECTION('',(-0.896127585788,-0.443796518676,0.));
#2452 = ORIENTED_EDGE('',*,*,#2453,.T.);
#2453 = EDGE_CURVE('',#2446,#2454,#2456,.T.);
#2454 = VERTEX_POINT('',#2455);
#2455 = CARTESIAN_POINT('',(66.390252284265,-11.03459240568,7.8));
#2456 = LINE('',#2457,#2458);
#2457 = CARTESIAN_POINT('',(82.810723475283,-44.19131307985,7.8));
#2458 = VECTOR('',#2459,1.);
#2459 = DIRECTION('',(-0.443796518676,0.896127585788,0.));
#2460 = ORIENTED_EDGE('',*,*,#2461,.F.);
#2461 = EDGE_CURVE('',#2462,#2454,#2464,.T.);
#2462 = VERTEX_POINT('',#2463);
#2463 = CARTESIAN_POINT('',(68.182507455842,-10.14699936833,7.8));
#2464 = LINE('',#2465,#2466);
#2465 = CARTESIAN_POINT('',(43.090935053767,-22.57330189126,7.8));
#2466 = VECTOR('',#2467,1.);
#2467 = DIRECTION('',(-0.896127585788,-0.443796518676,0.));
#2468 = ORIENTED_EDGE('',*,*,#2469,.T.);
#2469 = EDGE_CURVE('',#2462,#2360,#2470,.T.);
#2470 = LINE('',#2471,#2472);
#2471 = CARTESIAN_POINT('',(85.046775165536,-44.19984762829,7.8));
#2472 = VECTOR('',#2473,1.);
#2473 = DIRECTION('',(-0.443796518676,0.896127585788,0.));
#2474 = PLANE('',#2475);
#2475 = AXIS2_PLACEMENT_3D('',#2476,#2477,#2478);
#2476 = CARTESIAN_POINT('',(36.655885532963,-68.1648596368,7.8));
#2477 = DIRECTION('',(0.,0.,1.));
#2478 = DIRECTION('',(0.896127585788,0.443796518676,0.));
#2479 = ADVANCED_FACE('',(#2480),#2491,.T.);
#2480 = FACE_BOUND('',#2481,.T.);
#2481 = EDGE_LOOP('',(#2482,#2483,#2484,#2490));
#2482 = ORIENTED_EDGE('',*,*,#445,.F.);
#2483 = ORIENTED_EDGE('',*,*,#339,.T.);
#2484 = ORIENTED_EDGE('',*,*,#2485,.T.);
#2485 = EDGE_CURVE('',#340,#2371,#2486,.T.);
#2486 = LINE('',#2487,#2488);
#2487 = CARTESIAN_POINT('',(85.046775165536,-44.19984762829,27.));
#2488 = VECTOR('',#2489,1.);
#2489 = DIRECTION('',(-0.443796518676,0.896127585788,0.));
#2490 = ORIENTED_EDGE('',*,*,#2370,.F.);
#2491 = PLANE('',#2492);
#2492 = AXIS2_PLACEMENT_3D('',#2493,#2494,#2495);
#2493 = CARTESIAN_POINT('',(36.655885532963,-68.1648596368,27.));
#2494 = DIRECTION('',(0.,0.,1.));
#2495 = DIRECTION('',(0.896127585788,0.443796518676,0.));
#2496 = ADVANCED_FACE('',(#2497,#2526),#2568,.T.);
#2497 = FACE_BOUND('',#2498,.T.);
#2498 = EDGE_LOOP('',(#2499,#2500,#2501,#2502,#2510,#2518,#2524,#2525));
#2499 = ORIENTED_EDGE('',*,*,#2485,.F.);
#2500 = ORIENTED_EDGE('',*,*,#347,.F.);
#2501 = ORIENTED_EDGE('',*,*,#2437,.T.);
#2502 = ORIENTED_EDGE('',*,*,#2503,.T.);
#2503 = EDGE_CURVE('',#2438,#2504,#2506,.T.);
#2504 = VERTEX_POINT('',#2505);
#2505 = CARTESIAN_POINT('',(84.159182128184,-42.40759245671,8.));
#2506 = LINE('',#2507,#2508);
#2507 = CARTESIAN_POINT('',(84.159182128184,-42.40759245671,6.8));
#2508 = VECTOR('',#2509,1.);
#2509 = DIRECTION('',(0.,0.,1.));
#2510 = ORIENTED_EDGE('',*,*,#2511,.F.);
#2511 = EDGE_CURVE('',#2512,#2504,#2514,.T.);
#2512 = VERTEX_POINT('',#2513);
#2513 = CARTESIAN_POINT('',(68.182507455842,-10.14699936833,8.));
#2514 = LINE('',#2515,#2516);
#2515 = CARTESIAN_POINT('',(84.60297864686,-43.3037200425,8.));
#2516 = VECTOR('',#2517,1.);
#2517 = DIRECTION('',(0.443796518676,-0.896127585788,0.));
#2518 = ORIENTED_EDGE('',*,*,#2519,.F.);
#2519 = EDGE_CURVE('',#2462,#2512,#2520,.T.);
#2520 = LINE('',#2521,#2522);
#2521 = CARTESIAN_POINT('',(68.182507455842,-10.14699936833,6.8));
#2522 = VECTOR('',#2523,1.);
#2523 = DIRECTION('',(0.,0.,1.));
#2524 = ORIENTED_EDGE('',*,*,#2469,.T.);
#2525 = ORIENTED_EDGE('',*,*,#2378,.T.);
#2526 = FACE_BOUND('',#2527,.T.);
#2527 = EDGE_LOOP('',(#2528,#2538,#2546,#2554,#2562));
#2528 = ORIENTED_EDGE('',*,*,#2529,.T.);
#2529 = EDGE_CURVE('',#2530,#2532,#2534,.T.);
#2530 = VERTEX_POINT('',#2531);
#2531 = CARTESIAN_POINT('',(71.555360997781,-16.95756902032,13.4));
#2532 = VERTEX_POINT('',#2533);
#2533 = CARTESIAN_POINT('',(71.555360997781,-16.95756902032,8.2));
#2534 = LINE('',#2535,#2536);
#2535 = CARTESIAN_POINT('',(71.555360997781,-16.95756902032,8.));
#2536 = VECTOR('',#2537,1.);
#2537 = DIRECTION('',(0.,0.,-1.));
#2538 = ORIENTED_EDGE('',*,*,#2539,.T.);
#2539 = EDGE_CURVE('',#2532,#2540,#2542,.T.);
#2540 = VERTEX_POINT('',#2541);
#2541 = CARTESIAN_POINT('',(80.786328586245,-35.59702280472,8.2));
#2542 = LINE('',#2543,#2544);
#2543 = CARTESIAN_POINT('',(82.916551875891,-39.89843521651,8.2));
#2544 = VECTOR('',#2545,1.);
#2545 = DIRECTION('',(0.443796518676,-0.896127585788,0.));
#2546 = ORIENTED_EDGE('',*,*,#2547,.T.);
#2547 = EDGE_CURVE('',#2540,#2548,#2550,.T.);
#2548 = VERTEX_POINT('',#2549);
#2549 = CARTESIAN_POINT('',(80.786328586245,-35.59702280472,13.4));
#2550 = LINE('',#2551,#2552);
#2551 = CARTESIAN_POINT('',(80.786328586245,-35.59702280472,10.6));
#2552 = VECTOR('',#2553,1.);
#2553 = DIRECTION('',(0.,0.,1.));
#2554 = ORIENTED_EDGE('',*,*,#2555,.T.);
#2555 = EDGE_CURVE('',#2548,#2556,#2558,.T.);
#2556 = VERTEX_POINT('',#2557);
#2557 = CARTESIAN_POINT('',(76.170844792013,-26.27729591252,23.4));
#2558 = LINE('',#2559,#2560);
#2559 = CARTESIAN_POINT('',(80.206288924172,-34.42578887169,
    14.656725595696));
#2560 = VECTOR('',#2561,1.);
#2561 = DIRECTION('',(-0.31990320475,0.645958394207,0.693108716252));
#2562 = ORIENTED_EDGE('',*,*,#2563,.T.);
#2563 = EDGE_CURVE('',#2556,#2530,#2564,.T.);
#2564 = LINE('',#2565,#2566);
#2565 = CARTESIAN_POINT('',(74.439594913777,-22.78150288916,
    19.649039200615));
#2566 = VECTOR('',#2567,1.);
#2567 = DIRECTION('',(-0.31990320475,0.645958394207,-0.693108716252));
#2568 = PLANE('',#2569);
#2569 = AXIS2_PLACEMENT_3D('',#2570,#2571,#2572);
#2570 = CARTESIAN_POINT('',(85.046775165536,-44.19984762829,7.8));
#2571 = DIRECTION('',(0.896127585788,0.443796518676,0.));
#2572 = DIRECTION('',(0.,0.,1.));
#2573 = ADVANCED_FACE('',(#2574),#2599,.F.);
#2574 = FACE_BOUND('',#2575,.F.);
#2575 = EDGE_LOOP('',(#2576,#2577,#2585,#2593));
#2576 = ORIENTED_EDGE('',*,*,#355,.T.);
#2577 = ORIENTED_EDGE('',*,*,#2578,.T.);
#2578 = EDGE_CURVE('',#358,#2579,#2581,.T.);
#2579 = VERTEX_POINT('',#2580);
#2580 = CARTESIAN_POINT('',(55.246692391276,-48.24522358699,9.));
#2581 = LINE('',#2582,#2583);
#2582 = CARTESIAN_POINT('',(60.838528526596,-59.53643116793,9.));
#2583 = VECTOR('',#2584,1.);
#2584 = DIRECTION('',(-0.443796518676,0.896127585788,0.));
#2585 = ORIENTED_EDGE('',*,*,#2586,.F.);
#2586 = EDGE_CURVE('',#2587,#2579,#2589,.T.);
#2587 = VERTEX_POINT('',#2588);
#2588 = CARTESIAN_POINT('',(61.519585491795,-45.13864795626,9.));
#2589 = LINE('',#2590,#2591);
#2590 = CARTESIAN_POINT('',(45.434095326893,-53.1047954665,9.));
#2591 = VECTOR('',#2592,1.);
#2592 = DIRECTION('',(-0.896127585788,-0.443796518676,-0.));
#2593 = ORIENTED_EDGE('',*,*,#2594,.F.);
#2594 = EDGE_CURVE('',#356,#2587,#2595,.T.);
#2595 = LINE('',#2596,#2597);
#2596 = CARTESIAN_POINT('',(67.111421627114,-56.42985553719,9.));
#2597 = VECTOR('',#2598,1.);
#2598 = DIRECTION('',(-0.443796518676,0.896127585788,0.));
#2599 = PLANE('',#2600);
#2600 = AXIS2_PLACEMENT_3D('',#2601,#2602,#2603);
#2601 = CARTESIAN_POINT('',(60.838528526596,-59.53643116793,9.));
#2602 = DIRECTION('',(0.,0.,-1.));
#2603 = DIRECTION('',(0.896127585788,0.443796518676,0.));
#2604 = ADVANCED_FACE('',(#2605),#2623,.F.);
#2605 = FACE_BOUND('',#2606,.F.);
#2606 = EDGE_LOOP('',(#2607,#2608,#2609,#2617));
#2607 = ORIENTED_EDGE('',*,*,#365,.T.);
#2608 = ORIENTED_EDGE('',*,*,#2594,.T.);
#2609 = ORIENTED_EDGE('',*,*,#2610,.F.);
#2610 = EDGE_CURVE('',#2611,#2587,#2613,.T.);
#2611 = VERTEX_POINT('',#2612);
#2612 = CARTESIAN_POINT('',(61.519585491795,-45.13864795626,13.));
#2613 = LINE('',#2614,#2615);
#2614 = CARTESIAN_POINT('',(61.519585491795,-45.13864795626,11.2));
#2615 = VECTOR('',#2616,1.);
#2616 = DIRECTION('',(0.,0.,-1.));
#2617 = ORIENTED_EDGE('',*,*,#2618,.F.);
#2618 = EDGE_CURVE('',#366,#2611,#2619,.T.);
#2619 = LINE('',#2620,#2621);
#2620 = CARTESIAN_POINT('',(67.111421627114,-56.42985553719,13.));
#2621 = VECTOR('',#2622,1.);
#2622 = DIRECTION('',(-0.443796518676,0.896127585788,0.));
#2623 = PLANE('',#2624);
#2624 = AXIS2_PLACEMENT_3D('',#2625,#2626,#2627);
#2625 = CARTESIAN_POINT('',(67.111421627114,-56.42985553719,9.));
#2626 = DIRECTION('',(0.896127585788,0.443796518676,0.));
#2627 = DIRECTION('',(0.,0.,1.));
#2628 = ADVANCED_FACE('',(#2629),#2655,.F.);
#2629 = FACE_BOUND('',#2630,.F.);
#2630 = EDGE_LOOP('',(#2631,#2632,#2633,#2641,#2649));
#2631 = ORIENTED_EDGE('',*,*,#373,.T.);
#2632 = ORIENTED_EDGE('',*,*,#2618,.T.);
#2633 = ORIENTED_EDGE('',*,*,#2634,.F.);
#2634 = EDGE_CURVE('',#2635,#2611,#2637,.T.);
#2635 = VERTEX_POINT('',#2636);
#2636 = CARTESIAN_POINT('',(61.161134457479,-45.31616656373,13.4));
#2637 = LINE('',#2638,#2639);
#2638 = CARTESIAN_POINT('',(54.955450925895,-48.38945745556,20.325));
#2639 = VECTOR('',#2640,1.);
#2640 = DIRECTION('',(0.633657892719,0.313811527823,-0.707106781187));
#2641 = ORIENTED_EDGE('',*,*,#2642,.F.);
#2642 = EDGE_CURVE('',#2643,#2635,#2645,.T.);
#2643 = VERTEX_POINT('',#2644);
#2644 = CARTESIAN_POINT('',(56.952338965323,-43.80282043504,16.5));
#2645 = LINE('',#2646,#2647);
#2646 = CARTESIAN_POINT('',(53.360313247706,-42.51124468041,
    19.145716510903));
#2647 = VECTOR('',#2648,1.);
#2648 = DIRECTION('',(0.773406819399,-0.278091966744,-0.569654939187));
#2649 = ORIENTED_EDGE('',*,*,#2650,.F.);
#2650 = EDGE_CURVE('',#374,#2643,#2651,.T.);
#2651 = LINE('',#2652,#2653);
#2652 = CARTESIAN_POINT('',(63.974975076855,-57.98314335256,16.5));
#2653 = VECTOR('',#2654,1.);
#2654 = DIRECTION('',(-0.443796518676,0.896127585788,0.));
#2655 = PLANE('',#2656);
#2656 = AXIS2_PLACEMENT_3D('',#2657,#2658,#2659);
#2657 = CARTESIAN_POINT('',(67.111421627114,-56.42985553719,13.));
#2658 = DIRECTION('',(0.633657892719,0.313811527823,0.707106781187));
#2659 = DIRECTION('',(-0.633657892719,-0.313811527823,0.707106781186));
#2660 = ADVANCED_FACE('',(#2661),#2687,.F.);
#2661 = FACE_BOUND('',#2662,.F.);
#2662 = EDGE_LOOP('',(#2663,#2664,#2665,#2673,#2681));
#2663 = ORIENTED_EDGE('',*,*,#381,.T.);
#2664 = ORIENTED_EDGE('',*,*,#2650,.T.);
#2665 = ORIENTED_EDGE('',*,*,#2666,.F.);
#2666 = EDGE_CURVE('',#2667,#2643,#2669,.T.);
#2667 = VERTEX_POINT('',#2668);
#2668 = CARTESIAN_POINT('',(55.605143425591,-48.06770497952,13.4));
#2669 = LINE('',#2670,#2671);
#2670 = CARTESIAN_POINT('',(55.013689248704,-49.94010115616,
    12.039018691589));
#2671 = VECTOR('',#2672,1.);
#2672 = DIRECTION('',(0.247560191374,0.78371372446,0.569654939187));
#2673 = ORIENTED_EDGE('',*,*,#2674,.F.);
#2674 = EDGE_CURVE('',#2675,#2667,#2677,.T.);
#2675 = VERTEX_POINT('',#2676);
#2676 = CARTESIAN_POINT('',(55.246692391276,-48.24522358699,13.));
#2677 = LINE('',#2678,#2679);
#2678 = CARTESIAN_POINT('',(51.998229892793,-49.85398596719,9.375));
#2679 = VECTOR('',#2680,1.);
#2680 = DIRECTION('',(0.633657892719,0.313811527823,0.707106781187));
#2681 = ORIENTED_EDGE('',*,*,#2682,.F.);
#2682 = EDGE_CURVE('',#382,#2675,#2683,.T.);
#2683 = LINE('',#2684,#2685);
#2684 = CARTESIAN_POINT('',(60.838528526596,-59.53643116793,13.));
#2685 = VECTOR('',#2686,1.);
#2686 = DIRECTION('',(-0.443796518676,0.896127585788,0.));
#2687 = PLANE('',#2688);
#2688 = AXIS2_PLACEMENT_3D('',#2689,#2690,#2691);
#2689 = CARTESIAN_POINT('',(63.974975076855,-57.98314335256,16.5));
#2690 = DIRECTION('',(-0.633657892719,-0.313811527823,0.707106781187));
#2691 = DIRECTION('',(-0.633657892719,-0.313811527823,-0.707106781186));
#2692 = ADVANCED_FACE('',(#2693),#2704,.F.);
#2693 = FACE_BOUND('',#2694,.F.);
#2694 = EDGE_LOOP('',(#2695,#2696,#2697,#2703));
#2695 = ORIENTED_EDGE('',*,*,#389,.T.);
#2696 = ORIENTED_EDGE('',*,*,#2682,.T.);
#2697 = ORIENTED_EDGE('',*,*,#2698,.F.);
#2698 = EDGE_CURVE('',#2579,#2675,#2699,.T.);
#2699 = LINE('',#2700,#2701);
#2700 = CARTESIAN_POINT('',(55.246692391276,-48.24522358699,13.2));
#2701 = VECTOR('',#2702,1.);
#2702 = DIRECTION('',(0.,0.,1.));
#2703 = ORIENTED_EDGE('',*,*,#2578,.F.);
#2704 = PLANE('',#2705);
#2705 = AXIS2_PLACEMENT_3D('',#2706,#2707,#2708);
#2706 = CARTESIAN_POINT('',(60.838528526596,-59.53643116793,13.));
#2707 = DIRECTION('',(-0.896127585788,-0.443796518676,0.));
#2708 = DIRECTION('',(0.,0.,-1.));
#2709 = ADVANCED_FACE('',(#2710),#2738,.T.);
#2710 = FACE_BOUND('',#2711,.T.);
#2711 = EDGE_LOOP('',(#2712,#2720,#2729,#2736,#2737));
#2712 = ORIENTED_EDGE('',*,*,#2713,.F.);
#2713 = EDGE_CURVE('',#2714,#414,#2716,.T.);
#2714 = VERTEX_POINT('',#2715);
#2715 = CARTESIAN_POINT('',(17.14110338839,-38.77238468208,16.));
#2716 = LINE('',#2717,#2718);
#2717 = CARTESIAN_POINT('',(9.473348764049,-42.569748877,16.));
#2718 = VECTOR('',#2719,1.);
#2719 = DIRECTION('',(0.896127585788,0.443796518676,0.));
#2720 = ORIENTED_EDGE('',*,*,#2721,.F.);
#2721 = EDGE_CURVE('',#2722,#2714,#2724,.T.);
#2722 = VERTEX_POINT('',#2723);
#2723 = CARTESIAN_POINT('',(30.5,-64.,16.));
#2724 = CIRCLE('',#2725,30.5);
#2725 = AXIS2_PLACEMENT_3D('',#2726,#2727,#2728);
#2726 = CARTESIAN_POINT('',(0.,-64.,16.));
#2727 = DIRECTION('',(0.,0.,1.));
#2728 = DIRECTION('',(1.,0.,-0.));
#2729 = ORIENTED_EDGE('',*,*,#2730,.F.);
#2730 = EDGE_CURVE('',#477,#2722,#2731,.T.);
#2731 = CIRCLE('',#2732,30.5);
#2732 = AXIS2_PLACEMENT_3D('',#2733,#2734,#2735);
#2733 = CARTESIAN_POINT('',(0.,-64.,16.));
#2734 = DIRECTION('',(0.,0.,1.));
#2735 = DIRECTION('',(1.,0.,-0.));
#2736 = ORIENTED_EDGE('',*,*,#484,.T.);
#2737 = ORIENTED_EDGE('',*,*,#413,.T.);
#2738 = PLANE('',#2739);
#2739 = AXIS2_PLACEMENT_3D('',#2740,#2741,#2742);
#2740 = CARTESIAN_POINT('',(8.126045049446E-15,-50.50554790103,16.));
#2741 = DIRECTION('',(0.,0.,1.));
#2742 = DIRECTION('',(1.,0.,0.));
#2743 = ADVANCED_FACE('',(#2744),#2771,.T.);
#2744 = FACE_BOUND('',#2745,.T.);
#2745 = EDGE_LOOP('',(#2746,#2747,#2755,#2763,#2769,#2770));
#2746 = ORIENTED_EDGE('',*,*,#1021,.F.);
#2747 = ORIENTED_EDGE('',*,*,#2748,.T.);
#2748 = EDGE_CURVE('',#1013,#2749,#2751,.T.);
#2749 = VERTEX_POINT('',#2750);
#2750 = CARTESIAN_POINT('',(16.625129849601,-39.02791443463,11.));
#2751 = LINE('',#2752,#2753);
#2752 = CARTESIAN_POINT('',(16.625129849601,-39.02791443463,8.));
#2753 = VECTOR('',#2754,1.);
#2754 = DIRECTION('',(0.,0.,1.));
#2755 = ORIENTED_EDGE('',*,*,#2756,.T.);
#2756 = EDGE_CURVE('',#2749,#2757,#2759,.T.);
#2757 = VERTEX_POINT('',#2758);
#2758 = CARTESIAN_POINT('',(17.14110338839,-38.77238468208,11.));
#2759 = LINE('',#2760,#2761);
#2760 = CARTESIAN_POINT('',(1.408200491953,-46.56391754508,11.));
#2761 = VECTOR('',#2762,1.);
#2762 = DIRECTION('',(0.896127585788,0.443796518676,-0.));
#2763 = ORIENTED_EDGE('',*,*,#2764,.T.);
#2764 = EDGE_CURVE('',#2757,#2714,#2765,.T.);
#2765 = LINE('',#2766,#2767);
#2766 = CARTESIAN_POINT('',(17.14110338839,-38.77238468208,11.));
#2767 = VECTOR('',#2768,1.);
#2768 = DIRECTION('',(0.,0.,1.));
#2769 = ORIENTED_EDGE('',*,*,#2713,.T.);
#2770 = ORIENTED_EDGE('',*,*,#421,.T.);
#2771 = PLANE('',#2772);
#2772 = AXIS2_PLACEMENT_3D('',#2773,#2774,#2775);
#2773 = CARTESIAN_POINT('',(9.473348764049,-42.569748877,8.));
#2774 = DIRECTION('',(-0.443796518676,0.896127585788,0.));
#2775 = DIRECTION('',(0.,0.,1.));
#2776 = ADVANCED_FACE('',(#2777,#2823),#2834,.T.);
#2777 = FACE_BOUND('',#2778,.T.);
#2778 = EDGE_LOOP('',(#2779,#2788,#2795,#2796,#2805,#2813,#2820,#2821,
    #2822));
#2779 = ORIENTED_EDGE('',*,*,#2780,.T.);
#2780 = EDGE_CURVE('',#469,#2781,#2783,.T.);
#2781 = VERTEX_POINT('',#2782);
#2782 = CARTESIAN_POINT('',(30.5,-64.,11.));
#2783 = CIRCLE('',#2784,30.5);
#2784 = AXIS2_PLACEMENT_3D('',#2785,#2786,#2787);
#2785 = CARTESIAN_POINT('',(0.,-64.,11.));
#2786 = DIRECTION('',(0.,0.,1.));
#2787 = DIRECTION('',(1.,0.,-0.));
#2788 = ORIENTED_EDGE('',*,*,#2789,.T.);
#2789 = EDGE_CURVE('',#2781,#2757,#2790,.T.);
#2790 = CIRCLE('',#2791,30.5);
#2791 = AXIS2_PLACEMENT_3D('',#2792,#2793,#2794);
#2792 = CARTESIAN_POINT('',(0.,-64.,11.));
#2793 = DIRECTION('',(0.,0.,1.));
#2794 = DIRECTION('',(1.,0.,-0.));
#2795 = ORIENTED_EDGE('',*,*,#2756,.F.);
#2796 = ORIENTED_EDGE('',*,*,#2797,.T.);
#2797 = EDGE_CURVE('',#2749,#2798,#2800,.T.);
#2798 = VERTEX_POINT('',#2799);
#2799 = CARTESIAN_POINT('',(-16.6251298496,-39.02791443463,11.));
#2800 = CIRCLE('',#2801,30.);
#2801 = AXIS2_PLACEMENT_3D('',#2802,#2803,#2804);
#2802 = CARTESIAN_POINT('',(0.,-64.,11.));
#2803 = DIRECTION('',(0.,0.,1.));
#2804 = DIRECTION('',(1.,0.,-0.));
#2805 = ORIENTED_EDGE('',*,*,#2806,.T.);
#2806 = EDGE_CURVE('',#2798,#2807,#2809,.T.);
#2807 = VERTEX_POINT('',#2808);
#2808 = CARTESIAN_POINT('',(-17.14110338839,-38.77238468208,11.));
#2809 = LINE('',#2810,#2811);
#2810 = CARTESIAN_POINT('',(-1.408200491953,-46.56391754508,11.));
#2811 = VECTOR('',#2812,1.);
#2812 = DIRECTION('',(-0.896127585788,0.443796518676,0.));
#2813 = ORIENTED_EDGE('',*,*,#2814,.T.);
#2814 = EDGE_CURVE('',#2807,#527,#2815,.T.);
#2815 = CIRCLE('',#2816,30.5);
#2816 = AXIS2_PLACEMENT_3D('',#2817,#2818,#2819);
#2817 = CARTESIAN_POINT('',(0.,-64.,11.));
#2818 = DIRECTION('',(0.,0.,1.));
#2819 = DIRECTION('',(1.,0.,-0.));
#2820 = ORIENTED_EDGE('',*,*,#526,.F.);
#2821 = ORIENTED_EDGE('',*,*,#501,.T.);
#2822 = ORIENTED_EDGE('',*,*,#468,.T.);
#2823 = FACE_BOUND('',#2824,.T.);
#2824 = EDGE_LOOP('',(#2825));
#2825 = ORIENTED_EDGE('',*,*,#2826,.F.);
#2826 = EDGE_CURVE('',#2827,#2827,#2829,.T.);
#2827 = VERTEX_POINT('',#2828);
#2828 = CARTESIAN_POINT('',(15.3,-64.,11.));
#2829 = CIRCLE('',#2830,15.3);
#2830 = AXIS2_PLACEMENT_3D('',#2831,#2832,#2833);
#2831 = CARTESIAN_POINT('',(0.,-64.,11.));
#2832 = DIRECTION('',(0.,0.,1.));
#2833 = DIRECTION('',(1.,0.,-0.));
#2834 = PLANE('',#2835);
#2835 = AXIS2_PLACEMENT_3D('',#2836,#2837,#2838);
#2836 = CARTESIAN_POINT('',(0.,-64.,11.));
#2837 = DIRECTION('',(0.,0.,1.));
#2838 = DIRECTION('',(1.,0.,-0.));
#2839 = ADVANCED_FACE('',(#2840),#2859,.T.);
#2840 = FACE_BOUND('',#2841,.T.);
#2841 = EDGE_LOOP('',(#2842,#2851,#2857,#2858));
#2842 = ORIENTED_EDGE('',*,*,#2843,.F.);
#2843 = EDGE_CURVE('',#2844,#535,#2846,.T.);
#2844 = VERTEX_POINT('',#2845);
#2845 = CARTESIAN_POINT('',(-17.14110338839,-38.77238468208,16.));
#2846 = CIRCLE('',#2847,30.5);
#2847 = AXIS2_PLACEMENT_3D('',#2848,#2849,#2850);
#2848 = CARTESIAN_POINT('',(0.,-64.,16.));
#2849 = DIRECTION('',(0.,0.,1.));
#2850 = DIRECTION('',(1.,0.,-0.));
#2851 = ORIENTED_EDGE('',*,*,#2852,.T.);
#2852 = EDGE_CURVE('',#2844,#583,#2853,.T.);
#2853 = LINE('',#2854,#2855);
#2854 = CARTESIAN_POINT('',(-9.473348764049,-42.569748877,16.));
#2855 = VECTOR('',#2856,1.);
#2856 = DIRECTION('',(-0.896127585788,0.443796518676,0.));
#2857 = ORIENTED_EDGE('',*,*,#590,.T.);
#2858 = ORIENTED_EDGE('',*,*,#542,.F.);
#2859 = PLANE('',#2860);
#2860 = AXIS2_PLACEMENT_3D('',#2861,#2862,#2863);
#2861 = CARTESIAN_POINT('',(8.126045049446E-15,-50.50554790103,16.));
#2862 = DIRECTION('',(0.,0.,1.));
#2863 = DIRECTION('',(1.,0.,0.));
#2864 = ADVANCED_FACE('',(#2865),#2876,.F.);
#2865 = FACE_BOUND('',#2866,.F.);
#2866 = EDGE_LOOP('',(#2867,#2873,#2874,#2875));
#2867 = ORIENTED_EDGE('',*,*,#2868,.F.);
#2868 = EDGE_CURVE('',#2807,#2844,#2869,.T.);
#2869 = LINE('',#2870,#2871);
#2870 = CARTESIAN_POINT('',(-17.14110338839,-38.77238468208,11.));
#2871 = VECTOR('',#2872,1.);
#2872 = DIRECTION('',(0.,0.,1.));
#2873 = ORIENTED_EDGE('',*,*,#2814,.T.);
#2874 = ORIENTED_EDGE('',*,*,#534,.T.);
#2875 = ORIENTED_EDGE('',*,*,#2843,.F.);
#2876 = CYLINDRICAL_SURFACE('',#2877,30.5);
#2877 = AXIS2_PLACEMENT_3D('',#2878,#2879,#2880);
#2878 = CARTESIAN_POINT('',(0.,-64.,11.));
#2879 = DIRECTION('',(0.,0.,1.));
#2880 = DIRECTION('',(1.,0.,-0.));
#2881 = ADVANCED_FACE('',(#2882),#2895,.F.);
#2882 = FACE_BOUND('',#2883,.F.);
#2883 = EDGE_LOOP('',(#2884,#2885,#2891,#2892,#2893,#2894));
#2884 = ORIENTED_EDGE('',*,*,#1004,.F.);
#2885 = ORIENTED_EDGE('',*,*,#2886,.T.);
#2886 = EDGE_CURVE('',#1005,#2798,#2887,.T.);
#2887 = LINE('',#2888,#2889);
#2888 = CARTESIAN_POINT('',(-16.6251298496,-39.02791443463,8.));
#2889 = VECTOR('',#2890,1.);
#2890 = DIRECTION('',(0.,0.,1.));
#2891 = ORIENTED_EDGE('',*,*,#2806,.T.);
#2892 = ORIENTED_EDGE('',*,*,#2868,.T.);
#2893 = ORIENTED_EDGE('',*,*,#2852,.T.);
#2894 = ORIENTED_EDGE('',*,*,#582,.T.);
#2895 = PLANE('',#2896);
#2896 = AXIS2_PLACEMENT_3D('',#2897,#2898,#2899);
#2897 = CARTESIAN_POINT('',(-9.473348764049,-42.569748877,8.));
#2898 = DIRECTION('',(-0.443796518676,-0.896127585788,0.));
#2899 = DIRECTION('',(0.,0.,1.));
#2900 = ADVANCED_FACE('',(#2901),#2935,.F.);
#2901 = FACE_BOUND('',#2902,.F.);
#2902 = EDGE_LOOP('',(#2903,#2913,#2921,#2927,#2928,#2929));
#2903 = ORIENTED_EDGE('',*,*,#2904,.F.);
#2904 = EDGE_CURVE('',#2905,#2907,#2909,.T.);
#2905 = VERTEX_POINT('',#2906);
#2906 = CARTESIAN_POINT('',(-78.9360384853,-4.821441144222,5.8));
#2907 = VERTEX_POINT('',#2908);
#2908 = CARTESIAN_POINT('',(-78.9360384853,-4.821441144222,8.));
#2909 = LINE('',#2910,#2911);
#2910 = CARTESIAN_POINT('',(-78.9360384853,-4.821441144222,5.8));
#2911 = VECTOR('',#2912,1.);
#2912 = DIRECTION('',(0.,0.,1.));
#2913 = ORIENTED_EDGE('',*,*,#2914,.F.);
#2914 = EDGE_CURVE('',#2915,#2905,#2917,.T.);
#2915 = VERTEX_POINT('',#2916);
#2916 = CARTESIAN_POINT('',(-66.39025228426,-11.03459240568,5.8));
#2917 = LINE('',#2918,#2919);
#2918 = CARTESIAN_POINT('',(-66.39025228426,-11.03459240568,5.8));
#2919 = VECTOR('',#2920,1.);
#2920 = DIRECTION('',(-0.896127585788,0.443796518676,0.));
#2921 = ORIENTED_EDGE('',*,*,#2922,.T.);
#2922 = EDGE_CURVE('',#2915,#632,#2923,.T.);
#2923 = LINE('',#2924,#2925);
#2924 = CARTESIAN_POINT('',(-66.39025228426,-11.03459240568,5.8));
#2925 = VECTOR('',#2926,1.);
#2926 = DIRECTION('',(0.,0.,1.));
#2927 = ORIENTED_EDGE('',*,*,#631,.F.);
#2928 = ORIENTED_EDGE('',*,*,#701,.T.);
#2929 = ORIENTED_EDGE('',*,*,#2930,.T.);
#2930 = EDGE_CURVE('',#702,#2907,#2931,.T.);
#2931 = LINE('',#2932,#2933);
#2932 = CARTESIAN_POINT('',(-66.39025228426,-11.03459240568,8.));
#2933 = VECTOR('',#2934,1.);
#2934 = DIRECTION('',(-0.896127585788,0.443796518676,0.));
#2935 = PLANE('',#2936);
#2936 = AXIS2_PLACEMENT_3D('',#2937,#2938,#2939);
#2937 = CARTESIAN_POINT('',(-66.39025228426,-11.03459240568,5.8));
#2938 = DIRECTION('',(-0.443796518676,-0.896127585788,0.));
#2939 = DIRECTION('',(0.,0.,1.));
#2940 = ADVANCED_FACE('',(#2941),#2959,.F.);
#2941 = FACE_BOUND('',#2942,.F.);
#2942 = EDGE_LOOP('',(#2943,#2944,#2952,#2958));
#2943 = ORIENTED_EDGE('',*,*,#2922,.F.);
#2944 = ORIENTED_EDGE('',*,*,#2945,.T.);
#2945 = EDGE_CURVE('',#2915,#2946,#2948,.T.);
#2946 = VERTEX_POINT('',#2947);
#2947 = CARTESIAN_POINT('',(-82.3669269566,-43.29518549407,5.8));
#2948 = LINE('',#2949,#2950);
#2949 = CARTESIAN_POINT('',(-66.39025228426,-11.03459240568,5.8));
#2950 = VECTOR('',#2951,1.);
#2951 = DIRECTION('',(-0.443796518676,-0.896127585788,0.));
#2952 = ORIENTED_EDGE('',*,*,#2953,.T.);
#2953 = EDGE_CURVE('',#2946,#640,#2954,.T.);
#2954 = LINE('',#2955,#2956);
#2955 = CARTESIAN_POINT('',(-82.3669269566,-43.29518549407,5.8));
#2956 = VECTOR('',#2957,1.);
#2957 = DIRECTION('',(0.,0.,1.));
#2958 = ORIENTED_EDGE('',*,*,#639,.F.);
#2959 = PLANE('',#2960);
#2960 = AXIS2_PLACEMENT_3D('',#2961,#2962,#2963);
#2961 = CARTESIAN_POINT('',(-66.39025228426,-11.03459240568,5.8));
#2962 = DIRECTION('',(-0.896127585788,0.443796518676,0.));
#2963 = DIRECTION('',(0.,0.,1.));
#2964 = ADVANCED_FACE('',(#2965),#2992,.T.);
#2965 = FACE_BOUND('',#2966,.T.);
#2966 = EDGE_LOOP('',(#2967,#2977,#2983,#2984,#2985,#2986));
#2967 = ORIENTED_EDGE('',*,*,#2968,.F.);
#2968 = EDGE_CURVE('',#2969,#2971,#2973,.T.);
#2969 = VERTEX_POINT('',#2970);
#2970 = CARTESIAN_POINT('',(-94.91271315764,-37.0820342326,5.8));
#2971 = VERTEX_POINT('',#2972);
#2972 = CARTESIAN_POINT('',(-94.91271315764,-37.0820342326,8.));
#2973 = LINE('',#2974,#2975);
#2974 = CARTESIAN_POINT('',(-94.91271315764,-37.0820342326,5.8));
#2975 = VECTOR('',#2976,1.);
#2976 = DIRECTION('',(0.,0.,1.));
#2977 = ORIENTED_EDGE('',*,*,#2978,.F.);
#2978 = EDGE_CURVE('',#2946,#2969,#2979,.T.);
#2979 = LINE('',#2980,#2981);
#2980 = CARTESIAN_POINT('',(-82.3669269566,-43.29518549407,5.8));
#2981 = VECTOR('',#2982,1.);
#2982 = DIRECTION('',(-0.896127585788,0.443796518676,0.));
#2983 = ORIENTED_EDGE('',*,*,#2953,.T.);
#2984 = ORIENTED_EDGE('',*,*,#647,.F.);
#2985 = ORIENTED_EDGE('',*,*,#717,.T.);
#2986 = ORIENTED_EDGE('',*,*,#2987,.T.);
#2987 = EDGE_CURVE('',#710,#2971,#2988,.T.);
#2988 = LINE('',#2989,#2990);
#2989 = CARTESIAN_POINT('',(-82.3669269566,-43.29518549407,8.));
#2990 = VECTOR('',#2991,1.);
#2991 = DIRECTION('',(-0.896127585788,0.443796518676,0.));
#2992 = PLANE('',#2993);
#2993 = AXIS2_PLACEMENT_3D('',#2994,#2995,#2996);
#2994 = CARTESIAN_POINT('',(-82.3669269566,-43.29518549407,5.8));
#2995 = DIRECTION('',(-0.443796518676,-0.896127585788,0.));
#2996 = DIRECTION('',(0.,0.,1.));
#2997 = ADVANCED_FACE('',(#2998),#3009,.T.);
#2998 = FACE_BOUND('',#2999,.T.);
#2999 = EDGE_LOOP('',(#3000,#3001,#3002,#3003));
#3000 = ORIENTED_EDGE('',*,*,#2987,.F.);
#3001 = ORIENTED_EDGE('',*,*,#709,.T.);
#3002 = ORIENTED_EDGE('',*,*,#2930,.T.);
#3003 = ORIENTED_EDGE('',*,*,#3004,.T.);
#3004 = EDGE_CURVE('',#2907,#2971,#3005,.T.);
#3005 = LINE('',#3006,#3007);
#3006 = CARTESIAN_POINT('',(-78.9360384853,-4.821441144222,8.));
#3007 = VECTOR('',#3008,1.);
#3008 = DIRECTION('',(-0.443796518676,-0.896127585788,0.));
#3009 = PLANE('',#3010);
#3010 = AXIS2_PLACEMENT_3D('',#3011,#3012,#3013);
#3011 = CARTESIAN_POINT('',(-66.39025228426,-11.03459240568,8.));
#3012 = DIRECTION('',(0.,0.,1.));
#3013 = DIRECTION('',(-0.896127585788,0.443796518676,0.));
#3014 = ADVANCED_FACE('',(#3015),#3051,.T.);
#3015 = FACE_BOUND('',#3016,.T.);
#3016 = EDGE_LOOP('',(#3017,#3027,#3033,#3034,#3040,#3041,#3042,#3043,
    #3044,#3045));
#3017 = ORIENTED_EDGE('',*,*,#3018,.F.);
#3018 = EDGE_CURVE('',#3019,#3021,#3023,.T.);
#3019 = VERTEX_POINT('',#3020);
#3020 = CARTESIAN_POINT('',(-35.62149826251,-57.964367346,8.2));
#3021 = VERTEX_POINT('',#3022);
#3022 = CARTESIAN_POINT('',(-35.62149826251,-57.964367346,13.4));
#3023 = LINE('',#3024,#3025);
#3024 = CARTESIAN_POINT('',(-35.62149826251,-57.964367346,8.2));
#3025 = VECTOR('',#3026,1.);
#3026 = DIRECTION('',(0.,0.,1.));
#3027 = ORIENTED_EDGE('',*,*,#3028,.T.);
#3028 = EDGE_CURVE('',#3019,#730,#3029,.T.);
#3029 = LINE('',#3030,#3031);
#3030 = CARTESIAN_POINT('',(-35.62149826251,-57.964367346,8.2));
#3031 = VECTOR('',#3032,1.);
#3032 = DIRECTION('',(-0.896127585788,0.443796518676,0.));
#3033 = ORIENTED_EDGE('',*,*,#727,.F.);
#3034 = ORIENTED_EDGE('',*,*,#3035,.F.);
#3035 = EDGE_CURVE('',#831,#728,#3036,.T.);
#3036 = LINE('',#3037,#3038);
#3037 = CARTESIAN_POINT('',(-35.62149826251,-57.964367346,13.4));
#3038 = VECTOR('',#3039,1.);
#3039 = DIRECTION('',(-0.896127585788,0.443796518676,0.));
#3040 = ORIENTED_EDGE('',*,*,#830,.F.);
#3041 = ORIENTED_EDGE('',*,*,#806,.F.);
#3042 = ORIENTED_EDGE('',*,*,#775,.F.);
#3043 = ORIENTED_EDGE('',*,*,#894,.F.);
#3044 = ORIENTED_EDGE('',*,*,#880,.F.);
#3045 = ORIENTED_EDGE('',*,*,#3046,.F.);
#3046 = EDGE_CURVE('',#3021,#863,#3047,.T.);
#3047 = LINE('',#3048,#3049);
#3048 = CARTESIAN_POINT('',(-35.62149826251,-57.964367346,13.4));
#3049 = VECTOR('',#3050,1.);
#3050 = DIRECTION('',(-0.896127585788,0.443796518676,0.));
#3051 = PLANE('',#3052);
#3052 = AXIS2_PLACEMENT_3D('',#3053,#3054,#3055);
#3053 = CARTESIAN_POINT('',(-35.62149826251,-57.964367346,8.2));
#3054 = DIRECTION('',(0.443796518676,0.896127585788,0.));
#3055 = DIRECTION('',(0.,0.,1.));
#3056 = ADVANCED_FACE('',(#3057),#3075,.T.);
#3057 = FACE_BOUND('',#3058,.T.);
#3058 = EDGE_LOOP('',(#3059,#3067,#3073,#3074));
#3059 = ORIENTED_EDGE('',*,*,#3060,.F.);
#3060 = EDGE_CURVE('',#3061,#3019,#3063,.T.);
#3061 = VERTEX_POINT('',#3062);
#3062 = CARTESIAN_POINT('',(-26.39053067404,-39.3249135616,8.2));
#3063 = LINE('',#3064,#3065);
#3064 = CARTESIAN_POINT('',(-26.39053067404,-39.3249135616,8.2));
#3065 = VECTOR('',#3066,1.);
#3066 = DIRECTION('',(-0.443796518676,-0.896127585788,0.));
#3067 = ORIENTED_EDGE('',*,*,#3068,.T.);
#3068 = EDGE_CURVE('',#3061,#738,#3069,.T.);
#3069 = LINE('',#3070,#3071);
#3070 = CARTESIAN_POINT('',(-26.39053067404,-39.3249135616,8.2));
#3071 = VECTOR('',#3072,1.);
#3072 = DIRECTION('',(-0.896127585788,0.443796518676,0.));
#3073 = ORIENTED_EDGE('',*,*,#737,.F.);
#3074 = ORIENTED_EDGE('',*,*,#3028,.F.);
#3075 = PLANE('',#3076);
#3076 = AXIS2_PLACEMENT_3D('',#3077,#3078,#3079);
#3077 = CARTESIAN_POINT('',(-26.39053067404,-39.3249135616,8.2));
#3078 = DIRECTION('',(0.,0.,1.));
#3079 = DIRECTION('',(-0.443796518676,-0.896127585788,0.));
#3080 = ADVANCED_FACE('',(#3081),#3147,.T.);
#3081 = FACE_BOUND('',#3082,.T.);
#3082 = EDGE_LOOP('',(#3083,#3091,#3099,#3107,#3115,#3123,#3131,#3139,
    #3145,#3146));
#3083 = ORIENTED_EDGE('',*,*,#3084,.F.);
#3084 = EDGE_CURVE('',#3085,#3061,#3087,.T.);
#3085 = VERTEX_POINT('',#3086);
#3086 = CARTESIAN_POINT('',(-26.39053067404,-39.3249135616,13.4));
#3087 = LINE('',#3088,#3089);
#3088 = CARTESIAN_POINT('',(-26.39053067404,-39.3249135616,13.4));
#3089 = VECTOR('',#3090,1.);
#3090 = DIRECTION('',(0.,0.,-1.));
#3091 = ORIENTED_EDGE('',*,*,#3092,.T.);
#3092 = EDGE_CURVE('',#3085,#3093,#3095,.T.);
#3093 = VERTEX_POINT('',#3094);
#3094 = CARTESIAN_POINT('',(-46.37417583712,-29.42825119512,13.4));
#3095 = LINE('',#3096,#3097);
#3096 = CARTESIAN_POINT('',(-26.39053067404,-39.3249135616,13.4));
#3097 = VECTOR('',#3098,1.);
#3098 = DIRECTION('',(-0.896127585788,0.443796518676,0.));
#3099 = ORIENTED_EDGE('',*,*,#3100,.F.);
#3100 = EDGE_CURVE('',#3101,#3093,#3103,.T.);
#3101 = VERTEX_POINT('',#3102);
#3102 = CARTESIAN_POINT('',(-46.01572480281,-29.60576980259,13.));
#3103 = LINE('',#3104,#3105);
#3104 = CARTESIAN_POINT('',(-42.76726230432,-31.21453218279,9.375));
#3105 = VECTOR('',#3106,1.);
#3106 = DIRECTION('',(-0.633657892719,0.313811527823,0.707106781187));
#3107 = ORIENTED_EDGE('',*,*,#3108,.F.);
#3108 = EDGE_CURVE('',#3109,#3101,#3111,.T.);
#3109 = VERTEX_POINT('',#3110);
#3110 = CARTESIAN_POINT('',(-46.01572480281,-29.60576980259,9.));
#3111 = LINE('',#3112,#3113);
#3112 = CARTESIAN_POINT('',(-46.01572480281,-29.60576980259,13.2));
#3113 = VECTOR('',#3114,1.);
#3114 = DIRECTION('',(0.,0.,1.));
#3115 = ORIENTED_EDGE('',*,*,#3116,.F.);
#3116 = EDGE_CURVE('',#3117,#3109,#3119,.T.);
#3117 = VERTEX_POINT('',#3118);
#3118 = CARTESIAN_POINT('',(-52.28861790333,-26.49919417186,9.));
#3119 = LINE('',#3120,#3121);
#3120 = CARTESIAN_POINT('',(-36.20312773842,-34.4653416821,9.));
#3121 = VECTOR('',#3122,1.);
#3122 = DIRECTION('',(0.896127585788,-0.443796518676,0.));
#3123 = ORIENTED_EDGE('',*,*,#3124,.F.);
#3124 = EDGE_CURVE('',#3125,#3117,#3127,.T.);
#3125 = VERTEX_POINT('',#3126);
#3126 = CARTESIAN_POINT('',(-52.28861790333,-26.49919417186,13.));
#3127 = LINE('',#3128,#3129);
#3128 = CARTESIAN_POINT('',(-52.28861790333,-26.49919417186,11.2));
#3129 = VECTOR('',#3130,1.);
#3130 = DIRECTION('',(0.,0.,-1.));
#3131 = ORIENTED_EDGE('',*,*,#3132,.F.);
#3132 = EDGE_CURVE('',#3133,#3125,#3135,.T.);
#3133 = VERTEX_POINT('',#3134);
#3134 = CARTESIAN_POINT('',(-51.93016686901,-26.67671277933,13.4));
#3135 = LINE('',#3136,#3137);
#3136 = CARTESIAN_POINT('',(-45.72448333743,-29.75000367116,20.325));
#3137 = VECTOR('',#3138,1.);
#3138 = DIRECTION('',(-0.633657892719,0.313811527823,-0.707106781187));
#3139 = ORIENTED_EDGE('',*,*,#3140,.T.);
#3140 = EDGE_CURVE('',#3133,#746,#3141,.T.);
#3141 = LINE('',#3142,#3143);
#3142 = CARTESIAN_POINT('',(-26.39053067404,-39.3249135616,13.4));
#3143 = VECTOR('',#3144,1.);
#3144 = DIRECTION('',(-0.896127585788,0.443796518676,0.));
#3145 = ORIENTED_EDGE('',*,*,#745,.F.);
#3146 = ORIENTED_EDGE('',*,*,#3068,.F.);
#3147 = PLANE('',#3148);
#3148 = AXIS2_PLACEMENT_3D('',#3149,#3150,#3151);
#3149 = CARTESIAN_POINT('',(-26.39053067404,-39.3249135616,13.4));
#3150 = DIRECTION('',(-0.443796518676,-0.896127585788,0.));
#3151 = DIRECTION('',(0.,0.,-1.));
#3152 = ADVANCED_FACE('',(#3153),#3186,.T.);
#3153 = FACE_BOUND('',#3154,.T.);
#3154 = EDGE_LOOP('',(#3155,#3163,#3169,#3170,#3171,#3179,#3185));
#3155 = ORIENTED_EDGE('',*,*,#3156,.F.);
#3156 = EDGE_CURVE('',#3157,#3085,#3159,.T.);
#3157 = VERTEX_POINT('',#3158);
#3158 = CARTESIAN_POINT('',(-31.00601446827,-48.6446404538,23.4));
#3159 = LINE('',#3160,#3161);
#3160 = CARTESIAN_POINT('',(-31.00601446827,-48.6446404538,23.4));
#3161 = VECTOR('',#3162,1.);
#3162 = DIRECTION('',(0.31990320475,0.645958394207,-0.693108716252));
#3163 = ORIENTED_EDGE('',*,*,#3164,.T.);
#3164 = EDGE_CURVE('',#3157,#754,#3165,.T.);
#3165 = LINE('',#3166,#3167);
#3166 = CARTESIAN_POINT('',(-31.00601446827,-48.6446404538,23.4));
#3167 = VECTOR('',#3168,1.);
#3168 = DIRECTION('',(-0.896127585788,0.443796518676,0.));
#3169 = ORIENTED_EDGE('',*,*,#753,.F.);
#3170 = ORIENTED_EDGE('',*,*,#3140,.F.);
#3171 = ORIENTED_EDGE('',*,*,#3172,.F.);
#3172 = EDGE_CURVE('',#3173,#3133,#3175,.T.);
#3173 = VERTEX_POINT('',#3174);
#3174 = CARTESIAN_POINT('',(-50.58297132928,-30.94159732381,16.5));
#3175 = LINE('',#3176,#3177);
#3176 = CARTESIAN_POINT('',(-49.4331979477,-34.58149263233,
    19.145716510903));
#3177 = VECTOR('',#3178,1.);
#3178 = DIRECTION('',(-0.247560191374,0.78371372446,-0.569654939187));
#3179 = ORIENTED_EDGE('',*,*,#3180,.F.);
#3180 = EDGE_CURVE('',#3093,#3173,#3181,.T.);
#3181 = LINE('',#3182,#3183);
#3182 = CARTESIAN_POINT('',(-44.52640422559,-28.7638525518,
    12.039018691589));
#3183 = VECTOR('',#3184,1.);
#3184 = DIRECTION('',(-0.773406819399,-0.278091966744,0.569654939187));
#3185 = ORIENTED_EDGE('',*,*,#3092,.F.);
#3186 = PLANE('',#3187);
#3187 = AXIS2_PLACEMENT_3D('',#3188,#3189,#3190);
#3188 = CARTESIAN_POINT('',(-31.00601446827,-48.6446404538,23.4));
#3189 = DIRECTION('',(-0.307599235337,-0.621113840584,-0.720833064902));
#3190 = DIRECTION('',(0.31990320475,0.645958394207,-0.693108716252));
#3191 = ADVANCED_FACE('',(#3192),#3206,.T.);
#3192 = FACE_BOUND('',#3193,.T.);
#3193 = EDGE_LOOP('',(#3194,#3200,#3201,#3202,#3203,#3204,#3205));
#3194 = ORIENTED_EDGE('',*,*,#3195,.F.);
#3195 = EDGE_CURVE('',#3021,#3157,#3196,.T.);
#3196 = LINE('',#3197,#3198);
#3197 = CARTESIAN_POINT('',(-35.62149826251,-57.964367346,13.4));
#3198 = VECTOR('',#3199,1.);
#3199 = DIRECTION('',(0.31990320475,0.645958394207,0.693108716252));
#3200 = ORIENTED_EDGE('',*,*,#3046,.T.);
#3201 = ORIENTED_EDGE('',*,*,#862,.F.);
#3202 = ORIENTED_EDGE('',*,*,#848,.F.);
#3203 = ORIENTED_EDGE('',*,*,#3035,.T.);
#3204 = ORIENTED_EDGE('',*,*,#761,.F.);
#3205 = ORIENTED_EDGE('',*,*,#3164,.F.);
#3206 = PLANE('',#3207);
#3207 = AXIS2_PLACEMENT_3D('',#3208,#3209,#3210);
#3208 = CARTESIAN_POINT('',(-35.62149826251,-57.964367346,13.4));
#3209 = DIRECTION('',(0.307599235337,0.621113840584,-0.720833064902));
#3210 = DIRECTION('',(0.31990320475,0.645958394207,0.693108716252));
#3211 = ADVANCED_FACE('',(#3212),#3228,.F.);
#3212 = FACE_BOUND('',#3213,.F.);
#3213 = EDGE_LOOP('',(#3214,#3215,#3221,#3222));
#3214 = ORIENTED_EDGE('',*,*,#924,.T.);
#3215 = ORIENTED_EDGE('',*,*,#3216,.T.);
#3216 = EDGE_CURVE('',#927,#3109,#3217,.T.);
#3217 = LINE('',#3218,#3219);
#3218 = CARTESIAN_POINT('',(-40.42388866749,-18.31456222166,9.));
#3219 = VECTOR('',#3220,1.);
#3220 = DIRECTION('',(-0.443796518676,-0.896127585788,0.));
#3221 = ORIENTED_EDGE('',*,*,#3116,.F.);
#3222 = ORIENTED_EDGE('',*,*,#3223,.F.);
#3223 = EDGE_CURVE('',#925,#3117,#3224,.T.);
#3224 = LINE('',#3225,#3226);
#3225 = CARTESIAN_POINT('',(-46.69678176801,-15.20798659093,9.));
#3226 = VECTOR('',#3227,1.);
#3227 = DIRECTION('',(-0.443796518676,-0.896127585788,0.));
#3228 = PLANE('',#3229);
#3229 = AXIS2_PLACEMENT_3D('',#3230,#3231,#3232);
#3230 = CARTESIAN_POINT('',(-40.42388866749,-18.31456222166,9.));
#3231 = DIRECTION('',(0.,0.,-1.));
#3232 = DIRECTION('',(-0.896127585788,0.443796518676,0.));
#3233 = ADVANCED_FACE('',(#3234),#3245,.F.);
#3234 = FACE_BOUND('',#3235,.F.);
#3235 = EDGE_LOOP('',(#3236,#3237,#3238,#3239));
#3236 = ORIENTED_EDGE('',*,*,#934,.T.);
#3237 = ORIENTED_EDGE('',*,*,#3223,.T.);
#3238 = ORIENTED_EDGE('',*,*,#3124,.F.);
#3239 = ORIENTED_EDGE('',*,*,#3240,.F.);
#3240 = EDGE_CURVE('',#935,#3125,#3241,.T.);
#3241 = LINE('',#3242,#3243);
#3242 = CARTESIAN_POINT('',(-46.69678176801,-15.20798659093,13.));
#3243 = VECTOR('',#3244,1.);
#3244 = DIRECTION('',(-0.443796518676,-0.896127585788,0.));
#3245 = PLANE('',#3246);
#3246 = AXIS2_PLACEMENT_3D('',#3247,#3248,#3249);
#3247 = CARTESIAN_POINT('',(-46.69678176801,-15.20798659093,9.));
#3248 = DIRECTION('',(-0.896127585788,0.443796518676,0.));
#3249 = DIRECTION('',(0.,0.,1.));
#3250 = ADVANCED_FACE('',(#3251),#3263,.F.);
#3251 = FACE_BOUND('',#3252,.F.);
#3252 = EDGE_LOOP('',(#3253,#3254,#3255,#3256,#3257));
#3253 = ORIENTED_EDGE('',*,*,#942,.T.);
#3254 = ORIENTED_EDGE('',*,*,#3240,.T.);
#3255 = ORIENTED_EDGE('',*,*,#3132,.F.);
#3256 = ORIENTED_EDGE('',*,*,#3172,.F.);
#3257 = ORIENTED_EDGE('',*,*,#3258,.F.);
#3258 = EDGE_CURVE('',#943,#3173,#3259,.T.);
#3259 = LINE('',#3260,#3261);
#3260 = CARTESIAN_POINT('',(-43.56033521775,-16.76127440629,16.5));
#3261 = VECTOR('',#3262,1.);
#3262 = DIRECTION('',(-0.443796518676,-0.896127585788,0.));
#3263 = PLANE('',#3264);
#3264 = AXIS2_PLACEMENT_3D('',#3265,#3266,#3267);
#3265 = CARTESIAN_POINT('',(-46.69678176801,-15.20798659093,13.));
#3266 = DIRECTION('',(-0.633657892719,0.313811527823,0.707106781187));
#3267 = DIRECTION('',(0.633657892719,-0.313811527823,0.707106781186));
#3268 = ADVANCED_FACE('',(#3269),#3281,.F.);
#3269 = FACE_BOUND('',#3270,.F.);
#3270 = EDGE_LOOP('',(#3271,#3272,#3273,#3274,#3275));
#3271 = ORIENTED_EDGE('',*,*,#950,.T.);
#3272 = ORIENTED_EDGE('',*,*,#3258,.T.);
#3273 = ORIENTED_EDGE('',*,*,#3180,.F.);
#3274 = ORIENTED_EDGE('',*,*,#3100,.F.);
#3275 = ORIENTED_EDGE('',*,*,#3276,.F.);
#3276 = EDGE_CURVE('',#951,#3101,#3277,.T.);
#3277 = LINE('',#3278,#3279);
#3278 = CARTESIAN_POINT('',(-40.42388866749,-18.31456222166,13.));
#3279 = VECTOR('',#3280,1.);
#3280 = DIRECTION('',(-0.443796518676,-0.896127585788,0.));
#3281 = PLANE('',#3282);
#3282 = AXIS2_PLACEMENT_3D('',#3283,#3284,#3285);
#3283 = CARTESIAN_POINT('',(-43.56033521775,-16.76127440629,16.5));
#3284 = DIRECTION('',(0.633657892719,-0.313811527823,0.707106781187));
#3285 = DIRECTION('',(0.633657892719,-0.313811527823,-0.707106781186));
#3286 = ADVANCED_FACE('',(#3287),#3293,.F.);
#3287 = FACE_BOUND('',#3288,.F.);
#3288 = EDGE_LOOP('',(#3289,#3290,#3291,#3292));
#3289 = ORIENTED_EDGE('',*,*,#958,.T.);
#3290 = ORIENTED_EDGE('',*,*,#3276,.T.);
#3291 = ORIENTED_EDGE('',*,*,#3108,.F.);
#3292 = ORIENTED_EDGE('',*,*,#3216,.F.);
#3293 = PLANE('',#3294);
#3294 = AXIS2_PLACEMENT_3D('',#3295,#3296,#3297);
#3295 = CARTESIAN_POINT('',(-40.42388866749,-18.31456222166,13.));
#3296 = DIRECTION('',(0.896127585788,-0.443796518676,0.));
#3297 = DIRECTION('',(0.,0.,-1.));
#3298 = ADVANCED_FACE('',(#3299),#3310,.F.);
#3299 = FACE_BOUND('',#3300,.F.);
#3300 = EDGE_LOOP('',(#3301,#3302,#3303,#3304));
#3301 = ORIENTED_EDGE('',*,*,#2329,.F.);
#3302 = ORIENTED_EDGE('',*,*,#987,.T.);
#3303 = ORIENTED_EDGE('',*,*,#1046,.T.);
#3304 = ORIENTED_EDGE('',*,*,#3305,.F.);
#3305 = EDGE_CURVE('',#2330,#1047,#3306,.T.);
#3306 = LINE('',#3307,#3308);
#3307 = CARTESIAN_POINT('',(4.,6.,10.));
#3308 = VECTOR('',#3309,1.);
#3309 = DIRECTION('',(-1.,1.110223024625E-16,0.));
#3310 = PLANE('',#3311);
#3311 = AXIS2_PLACEMENT_3D('',#3312,#3313,#3314);
#3312 = CARTESIAN_POINT('',(4.,6.,0.));
#3313 = DIRECTION('',(1.110223024625E-16,1.,0.));
#3314 = DIRECTION('',(0.,0.,1.));
#3315 = ADVANCED_FACE('',(#3316),#3322,.T.);
#3316 = FACE_BOUND('',#3317,.T.);
#3317 = EDGE_LOOP('',(#3318,#3319,#3320,#3321));
#3318 = ORIENTED_EDGE('',*,*,#2797,.F.);
#3319 = ORIENTED_EDGE('',*,*,#2748,.F.);
#3320 = ORIENTED_EDGE('',*,*,#1012,.T.);
#3321 = ORIENTED_EDGE('',*,*,#2886,.T.);
#3322 = CYLINDRICAL_SURFACE('',#3323,30.);
#3323 = AXIS2_PLACEMENT_3D('',#3324,#3325,#3326);
#3324 = CARTESIAN_POINT('',(0.,-64.,8.));
#3325 = DIRECTION('',(0.,0.,1.));
#3326 = DIRECTION('',(1.,0.,0.));
#3327 = ADVANCED_FACE('',(#3328),#3339,.T.);
#3328 = FACE_BOUND('',#3329,.T.);
#3329 = EDGE_LOOP('',(#3330,#3331,#3332,#3333));
#3330 = ORIENTED_EDGE('',*,*,#1054,.F.);
#3331 = ORIENTED_EDGE('',*,*,#3305,.F.);
#3332 = ORIENTED_EDGE('',*,*,#2337,.T.);
#3333 = ORIENTED_EDGE('',*,*,#3334,.T.);
#3334 = EDGE_CURVE('',#2338,#1055,#3335,.T.);
#3335 = LINE('',#3336,#3337);
#3336 = CARTESIAN_POINT('',(5.5,39.,10.));
#3337 = VECTOR('',#3338,1.);
#3338 = DIRECTION('',(-1.,1.110223024625E-16,0.));
#3339 = PLANE('',#3340);
#3340 = AXIS2_PLACEMENT_3D('',#3341,#3342,#3343);
#3341 = CARTESIAN_POINT('',(4.,6.,10.));
#3342 = DIRECTION('',(0.,0.,1.));
#3343 = DIRECTION('',(1.110223024625E-16,1.,0.));
#3344 = ADVANCED_FACE('',(#3345),#3374,.F.);
#3345 = FACE_BOUND('',#3346,.F.);
#3346 = EDGE_LOOP('',(#3347,#3357,#3363,#3364,#3365,#3366,#3367,#3368));
#3347 = ORIENTED_EDGE('',*,*,#3348,.F.);
#3348 = EDGE_CURVE('',#3349,#3351,#3353,.T.);
#3349 = VERTEX_POINT('',#3350);
#3350 = CARTESIAN_POINT('',(7.,39.,16.));
#3351 = VERTEX_POINT('',#3352);
#3352 = CARTESIAN_POINT('',(-7.,39.,16.));
#3353 = LINE('',#3354,#3355);
#3354 = CARTESIAN_POINT('',(7.,39.,16.));
#3355 = VECTOR('',#3356,1.);
#3356 = DIRECTION('',(-1.,1.110223024625E-16,0.));
#3357 = ORIENTED_EDGE('',*,*,#3358,.F.);
#3358 = EDGE_CURVE('',#1103,#3349,#3359,.T.);
#3359 = LINE('',#3360,#3361);
#3360 = CARTESIAN_POINT('',(7.,39.,0.));
#3361 = VECTOR('',#3362,1.);
#3362 = DIRECTION('',(0.,0.,1.));
#3363 = ORIENTED_EDGE('',*,*,#1110,.T.);
#3364 = ORIENTED_EDGE('',*,*,#2345,.F.);
#3365 = ORIENTED_EDGE('',*,*,#3334,.T.);
#3366 = ORIENTED_EDGE('',*,*,#1062,.T.);
#3367 = ORIENTED_EDGE('',*,*,#1078,.T.);
#3368 = ORIENTED_EDGE('',*,*,#3369,.T.);
#3369 = EDGE_CURVE('',#1079,#3351,#3370,.T.);
#3370 = LINE('',#3371,#3372);
#3371 = CARTESIAN_POINT('',(-7.,39.,0.));
#3372 = VECTOR('',#3373,1.);
#3373 = DIRECTION('',(0.,0.,1.));
#3374 = PLANE('',#3375);
#3375 = AXIS2_PLACEMENT_3D('',#3376,#3377,#3378);
#3376 = CARTESIAN_POINT('',(7.,39.,0.));
#3377 = DIRECTION('',(1.110223024625E-16,1.,0.));
#3378 = DIRECTION('',(0.,0.,1.));
#3379 = ADVANCED_FACE('',(#3380),#3398,.T.);
#3380 = FACE_BOUND('',#3381,.T.);
#3381 = EDGE_LOOP('',(#3382,#3383,#3384,#3392));
#3382 = ORIENTED_EDGE('',*,*,#1086,.F.);
#3383 = ORIENTED_EDGE('',*,*,#3369,.T.);
#3384 = ORIENTED_EDGE('',*,*,#3385,.T.);
#3385 = EDGE_CURVE('',#3351,#3386,#3388,.T.);
#3386 = VERTEX_POINT('',#3387);
#3387 = CARTESIAN_POINT('',(-7.,57.,16.));
#3388 = LINE('',#3389,#3390);
#3389 = CARTESIAN_POINT('',(-7.,39.,16.));
#3390 = VECTOR('',#3391,1.);
#3391 = DIRECTION('',(1.110223024625E-16,1.,0.));
#3392 = ORIENTED_EDGE('',*,*,#3393,.F.);
#3393 = EDGE_CURVE('',#1087,#3386,#3394,.T.);
#3394 = LINE('',#3395,#3396);
#3395 = CARTESIAN_POINT('',(-7.,57.,0.));
#3396 = VECTOR('',#3397,1.);
#3397 = DIRECTION('',(0.,0.,1.));
#3398 = PLANE('',#3399);
#3399 = AXIS2_PLACEMENT_3D('',#3400,#3401,#3402);
#3400 = CARTESIAN_POINT('',(-7.,39.,0.));
#3401 = DIRECTION('',(-1.,1.110223024625E-16,0.));
#3402 = DIRECTION('',(0.,0.,1.));
#3403 = ADVANCED_FACE('',(#3404),#3422,.T.);
#3404 = FACE_BOUND('',#3405,.T.);
#3405 = EDGE_LOOP('',(#3406,#3414,#3415,#3416));
#3406 = ORIENTED_EDGE('',*,*,#3407,.F.);
#3407 = EDGE_CURVE('',#1095,#3408,#3410,.T.);
#3408 = VERTEX_POINT('',#3409);
#3409 = CARTESIAN_POINT('',(7.,57.,16.));
#3410 = LINE('',#3411,#3412);
#3411 = CARTESIAN_POINT('',(7.,57.,0.));
#3412 = VECTOR('',#3413,1.);
#3413 = DIRECTION('',(0.,0.,1.));
#3414 = ORIENTED_EDGE('',*,*,#1094,.T.);
#3415 = ORIENTED_EDGE('',*,*,#3393,.T.);
#3416 = ORIENTED_EDGE('',*,*,#3417,.F.);
#3417 = EDGE_CURVE('',#3408,#3386,#3418,.T.);
#3418 = LINE('',#3419,#3420);
#3419 = CARTESIAN_POINT('',(7.,57.,16.));
#3420 = VECTOR('',#3421,1.);
#3421 = DIRECTION('',(-1.,1.110223024625E-16,0.));
#3422 = PLANE('',#3423);
#3423 = AXIS2_PLACEMENT_3D('',#3424,#3425,#3426);
#3424 = CARTESIAN_POINT('',(7.,57.,0.));
#3425 = DIRECTION('',(1.110223024625E-16,1.,0.));
#3426 = DIRECTION('',(0.,0.,1.));
#3427 = ADVANCED_FACE('',(#3428),#3439,.F.);
#3428 = FACE_BOUND('',#3429,.F.);
#3429 = EDGE_LOOP('',(#3430,#3431,#3432,#3438));
#3430 = ORIENTED_EDGE('',*,*,#1102,.F.);
#3431 = ORIENTED_EDGE('',*,*,#3358,.T.);
#3432 = ORIENTED_EDGE('',*,*,#3433,.T.);
#3433 = EDGE_CURVE('',#3349,#3408,#3434,.T.);
#3434 = LINE('',#3435,#3436);
#3435 = CARTESIAN_POINT('',(7.,39.,16.));
#3436 = VECTOR('',#3437,1.);
#3437 = DIRECTION('',(1.110223024625E-16,1.,0.));
#3438 = ORIENTED_EDGE('',*,*,#3407,.F.);
#3439 = PLANE('',#3440);
#3440 = AXIS2_PLACEMENT_3D('',#3441,#3442,#3443);
#3441 = CARTESIAN_POINT('',(7.,39.,0.));
#3442 = DIRECTION('',(-1.,1.110223024625E-16,0.));
#3443 = DIRECTION('',(0.,0.,1.));
#3444 = ADVANCED_FACE('',(#3445),#3456,.F.);
#3445 = FACE_BOUND('',#3446,.F.);
#3446 = EDGE_LOOP('',(#3447,#3453,#3454,#3455));
#3447 = ORIENTED_EDGE('',*,*,#3448,.T.);
#3448 = EDGE_CURVE('',#1134,#2225,#3449,.T.);
#3449 = LINE('',#3450,#3451);
#3450 = CARTESIAN_POINT('',(89.579796948351,-19.55385305009,0.));
#3451 = VECTOR('',#3452,1.);
#3452 = DIRECTION('',(0.,0.,1.));
#3453 = ORIENTED_EDGE('',*,*,#2232,.T.);
#3454 = ORIENTED_EDGE('',*,*,#2287,.F.);
#3455 = ORIENTED_EDGE('',*,*,#1133,.F.);
#3456 = PLANE('',#3457);
#3457 = AXIS2_PLACEMENT_3D('',#3458,#3459,#3460);
#3458 = CARTESIAN_POINT('',(89.579796948351,-19.55385305009,0.));
#3459 = DIRECTION('',(-0.893414951328,-0.44923237277,0.));
#3460 = DIRECTION('',(-0.44923237277,0.893414951328,0.));
#3461 = ADVANCED_FACE('',(#3462),#3473,.F.);
#3462 = FACE_BOUND('',#3463,.F.);
#3463 = EDGE_LOOP('',(#3464,#3470,#3471,#3472));
#3464 = ORIENTED_EDGE('',*,*,#3465,.T.);
#3465 = EDGE_CURVE('',#1142,#2217,#3466,.T.);
#3466 = LINE('',#3467,#3468);
#3467 = CARTESIAN_POINT('',(90.048750847436,-20.51181228406,0.));
#3468 = VECTOR('',#3469,1.);
#3469 = DIRECTION('',(0.,0.,1.));
#3470 = ORIENTED_EDGE('',*,*,#2224,.T.);
#3471 = ORIENTED_EDGE('',*,*,#3448,.F.);
#3472 = ORIENTED_EDGE('',*,*,#1141,.F.);
#3473 = PLANE('',#3474);
#3474 = AXIS2_PLACEMENT_3D('',#3475,#3476,#3477);
#3475 = CARTESIAN_POINT('',(90.048750847436,-20.51181228406,0.));
#3476 = DIRECTION('',(-0.898155510882,-0.439677925614,0.));
#3477 = DIRECTION('',(-0.439677925614,0.898155510882,0.));
#3478 = ADVANCED_FACE('',(#3479),#3490,.F.);
#3479 = FACE_BOUND('',#3480,.F.);
#3480 = EDGE_LOOP('',(#3481,#3487,#3488,#3489));
#3481 = ORIENTED_EDGE('',*,*,#3482,.T.);
#3482 = EDGE_CURVE('',#1150,#2209,#3483,.T.);
#3483 = LINE('',#3484,#3485);
#3484 = CARTESIAN_POINT('',(90.507460767727,-21.47471875015,0.));
#3485 = VECTOR('',#3486,1.);
#3486 = DIRECTION('',(0.,0.,1.));
#3487 = ORIENTED_EDGE('',*,*,#2216,.T.);
#3488 = ORIENTED_EDGE('',*,*,#3465,.F.);
#3489 = ORIENTED_EDGE('',*,*,#1149,.F.);
#3490 = PLANE('',#3491);
#3491 = AXIS2_PLACEMENT_3D('',#3492,#3493,#3494);
#3492 = CARTESIAN_POINT('',(90.507460767727,-21.47471875015,0.));
#3493 = DIRECTION('',(-0.902793895937,-0.430073460537,0.));
#3494 = DIRECTION('',(-0.430073460537,0.902793895937,0.));
#3495 = ADVANCED_FACE('',(#3496),#3507,.F.);
#3496 = FACE_BOUND('',#3497,.F.);
#3497 = EDGE_LOOP('',(#3498,#3504,#3505,#3506));
#3498 = ORIENTED_EDGE('',*,*,#3499,.T.);
#3499 = EDGE_CURVE('',#1158,#2201,#3500,.T.);
#3500 = LINE('',#3501,#3502);
#3501 = CARTESIAN_POINT('',(90.955874526215,-22.44246290777,0.));
#3502 = VECTOR('',#3503,1.);
#3503 = DIRECTION('',(0.,0.,1.));
#3504 = ORIENTED_EDGE('',*,*,#2208,.T.);
#3505 = ORIENTED_EDGE('',*,*,#3482,.F.);
#3506 = ORIENTED_EDGE('',*,*,#1157,.F.);
#3507 = PLANE('',#3508);
#3508 = AXIS2_PLACEMENT_3D('',#3509,#3510,#3511);
#3509 = CARTESIAN_POINT('',(90.955874526215,-22.44246290777,0.));
#3510 = DIRECTION('',(-0.90732957883,-0.420420070145,0.));
#3511 = DIRECTION('',(-0.420420070145,0.90732957883,0.));
#3512 = ADVANCED_FACE('',(#3513),#3524,.F.);
#3513 = FACE_BOUND('',#3514,.F.);
#3514 = EDGE_LOOP('',(#3515,#3521,#3522,#3523));
#3515 = ORIENTED_EDGE('',*,*,#3516,.T.);
#3516 = EDGE_CURVE('',#1166,#2193,#3517,.T.);
#3517 = LINE('',#3518,#3519);
#3518 = CARTESIAN_POINT('',(91.393941111186,-23.414934666,0.));
#3519 = VECTOR('',#3520,1.);
#3520 = DIRECTION('',(0.,0.,1.));
#3521 = ORIENTED_EDGE('',*,*,#2200,.T.);
#3522 = ORIENTED_EDGE('',*,*,#3499,.F.);
#3523 = ORIENTED_EDGE('',*,*,#1165,.F.);
#3524 = PLANE('',#3525);
#3525 = AXIS2_PLACEMENT_3D('',#3526,#3527,#3528);
#3526 = CARTESIAN_POINT('',(91.393941111186,-23.414934666,0.));
#3527 = DIRECTION('',(-0.911762043577,-0.410718852613,0.));
#3528 = DIRECTION('',(-0.410718852613,0.911762043577,0.));
#3529 = ADVANCED_FACE('',(#3530),#3541,.F.);
#3530 = FACE_BOUND('',#3531,.F.);
#3531 = EDGE_LOOP('',(#3532,#3538,#3539,#3540));
#3532 = ORIENTED_EDGE('',*,*,#3533,.T.);
#3533 = EDGE_CURVE('',#1174,#2185,#3534,.T.);
#3534 = LINE('',#3535,#3536);
#3535 = CARTESIAN_POINT('',(91.821610688027,-24.39202339608,0.));
#3536 = VECTOR('',#3537,1.);
#3537 = DIRECTION('',(0.,0.,1.));
#3538 = ORIENTED_EDGE('',*,*,#2192,.T.);
#3539 = ORIENTED_EDGE('',*,*,#3516,.F.);
#3540 = ORIENTED_EDGE('',*,*,#1173,.F.);
#3541 = PLANE('',#3542);
#3542 = AXIS2_PLACEMENT_3D('',#3543,#3544,#3545);
#3543 = CARTESIAN_POINT('',(91.821610688027,-24.39202339608,0.));
#3544 = DIRECTION('',(-0.916090785942,-0.400970911555,0.));
#3545 = DIRECTION('',(-0.400970911555,0.916090785942,0.));
#3546 = ADVANCED_FACE('',(#3547),#3558,.F.);
#3547 = FACE_BOUND('',#3548,.F.);
#3548 = EDGE_LOOP('',(#3549,#3555,#3556,#3557));
#3549 = ORIENTED_EDGE('',*,*,#3550,.T.);
#3550 = EDGE_CURVE('',#1182,#2177,#3551,.T.);
#3551 = LINE('',#3552,#3553);
#3552 = CARTESIAN_POINT('',(92.23883460489,-25.37361794405,0.));
#3553 = VECTOR('',#3554,1.);
#3554 = DIRECTION('',(0.,0.,1.));
#3555 = ORIENTED_EDGE('',*,*,#2184,.T.);
#3556 = ORIENTED_EDGE('',*,*,#3533,.F.);
#3557 = ORIENTED_EDGE('',*,*,#1181,.F.);
#3558 = PLANE('',#3559);
#3559 = AXIS2_PLACEMENT_3D('',#3560,#3561,#3562);
#3560 = CARTESIAN_POINT('',(92.23883460489,-25.37361794405,0.));
#3561 = DIRECTION('',(-0.920315313483,-0.391177355899,0.));
#3562 = DIRECTION('',(-0.391177355899,0.920315313483,0.));
#3563 = ADVANCED_FACE('',(#3564),#3575,.F.);
#3564 = FACE_BOUND('',#3565,.F.);
#3565 = EDGE_LOOP('',(#3566,#3572,#3573,#3574));
#3566 = ORIENTED_EDGE('',*,*,#3567,.T.);
#3567 = EDGE_CURVE('',#1190,#2169,#3568,.T.);
#3568 = LINE('',#3569,#3570);
#3569 = CARTESIAN_POINT('',(92.64556539823,-26.35960664336,0.));
#3570 = VECTOR('',#3571,1.);
#3571 = DIRECTION('',(0.,0.,1.));
#3572 = ORIENTED_EDGE('',*,*,#2176,.T.);
#3573 = ORIENTED_EDGE('',*,*,#3550,.F.);
#3574 = ORIENTED_EDGE('',*,*,#1189,.F.);
#3575 = PLANE('',#3576);
#3576 = AXIS2_PLACEMENT_3D('',#3577,#3578,#3579);
#3577 = CARTESIAN_POINT('',(92.64556539823,-26.35960664336,0.));
#3578 = DIRECTION('',(-0.924435145619,-0.381339299764,0.));
#3579 = DIRECTION('',(-0.381339299764,0.924435145619,0.));
#3580 = ADVANCED_FACE('',(#3581),#3592,.F.);
#3581 = FACE_BOUND('',#3582,.F.);
#3582 = EDGE_LOOP('',(#3583,#3589,#3590,#3591));
#3583 = ORIENTED_EDGE('',*,*,#3584,.T.);
#3584 = EDGE_CURVE('',#1198,#2161,#3585,.T.);
#3585 = LINE('',#3586,#3587);
#3586 = CARTESIAN_POINT('',(93.041756798202,-27.34987732757,0.));
#3587 = VECTOR('',#3588,1.);
#3588 = DIRECTION('',(0.,0.,1.));
#3589 = ORIENTED_EDGE('',*,*,#2168,.T.);
#3590 = ORIENTED_EDGE('',*,*,#3567,.F.);
#3591 = ORIENTED_EDGE('',*,*,#1197,.F.);
#3592 = PLANE('',#3593);
#3593 = AXIS2_PLACEMENT_3D('',#3594,#3595,#3596);
#3594 = CARTESIAN_POINT('',(93.041756798202,-27.34987732757,0.));
#3595 = DIRECTION('',(-0.928449813675,-0.371457862331,0.));
#3596 = DIRECTION('',(-0.371457862331,0.928449813675,0.));
#3597 = ADVANCED_FACE('',(#3598),#3609,.F.);
#3598 = FACE_BOUND('',#3599,.F.);
#3599 = EDGE_LOOP('',(#3600,#3606,#3607,#3608));
#3600 = ORIENTED_EDGE('',*,*,#3601,.T.);
#3601 = EDGE_CURVE('',#1206,#2153,#3602,.T.);
#3602 = LINE('',#3603,#3604);
#3603 = CARTESIAN_POINT('',(93.42736373393,-28.34431734312,0.));
#3604 = VECTOR('',#3605,1.);
#3605 = DIRECTION('',(0.,0.,1.));
#3606 = ORIENTED_EDGE('',*,*,#2160,.T.);
#3607 = ORIENTED_EDGE('',*,*,#3584,.F.);
#3608 = ORIENTED_EDGE('',*,*,#1205,.F.);
#3609 = PLANE('',#3610);
#3610 = AXIS2_PLACEMENT_3D('',#3611,#3612,#3613);
#3611 = CARTESIAN_POINT('',(93.42736373393,-28.34431734312,0.));
#3612 = DIRECTION('',(-0.932358860941,-0.361534167715,0.));
#3613 = DIRECTION('',(-0.361534167715,0.932358860941,0.));
#3614 = ADVANCED_FACE('',(#3615),#3626,.F.);
#3615 = FACE_BOUND('',#3616,.F.);
#3616 = EDGE_LOOP('',(#3617,#3623,#3624,#3625));
#3617 = ORIENTED_EDGE('',*,*,#3618,.T.);
#3618 = EDGE_CURVE('',#1214,#2145,#3619,.T.);
#3619 = LINE('',#3620,#3621);
#3620 = CARTESIAN_POINT('',(93.802342338626,-29.34281356215,0.));
#3621 = VECTOR('',#3622,1.);
#3622 = DIRECTION('',(0.,0.,1.));
#3623 = ORIENTED_EDGE('',*,*,#2152,.T.);
#3624 = ORIENTED_EDGE('',*,*,#3601,.F.);
#3625 = ORIENTED_EDGE('',*,*,#1213,.F.);
#3626 = PLANE('',#3627);
#3627 = AXIS2_PLACEMENT_3D('',#3628,#3629,#3630);
#3628 = CARTESIAN_POINT('',(93.802342338626,-29.34281356215,0.));
#3629 = DIRECTION('',(-0.936161842722,-0.351569344841,0.));
#3630 = DIRECTION('',(-0.351569344841,0.936161842722,0.));
#3631 = ADVANCED_FACE('',(#3632),#3643,.F.);
#3632 = FACE_BOUND('',#3633,.F.);
#3633 = EDGE_LOOP('',(#3634,#3640,#3641,#3642));
#3634 = ORIENTED_EDGE('',*,*,#3635,.T.);
#3635 = EDGE_CURVE('',#1222,#2137,#3636,.T.);
#3636 = LINE('',#3637,#3638);
#3637 = CARTESIAN_POINT('',(94.166649954588,-30.34525239538,0.));
#3638 = VECTOR('',#3639,1.);
#3639 = DIRECTION('',(0.,0.,1.));
#3640 = ORIENTED_EDGE('',*,*,#2144,.T.);
#3641 = ORIENTED_EDGE('',*,*,#3618,.F.);
#3642 = ORIENTED_EDGE('',*,*,#1221,.F.);
#3643 = PLANE('',#3644);
#3644 = AXIS2_PLACEMENT_3D('',#3645,#3646,#3647);
#3645 = CARTESIAN_POINT('',(94.166649954588,-30.34525239538,0.));
#3646 = DIRECTION('',(-0.939858326389,-0.34156452731,0.));
#3647 = DIRECTION('',(-0.34156452731,0.939858326389,0.));
#3648 = ADVANCED_FACE('',(#3649),#3660,.F.);
#3649 = FACE_BOUND('',#3650,.F.);
#3650 = EDGE_LOOP('',(#3651,#3657,#3658,#3659));
#3651 = ORIENTED_EDGE('',*,*,#3652,.T.);
#3652 = EDGE_CURVE('',#1230,#2129,#3653,.T.);
#3653 = LINE('',#3654,#3655);
#3654 = CARTESIAN_POINT('',(94.520245138047,-31.35151980499,0.));
#3655 = VECTOR('',#3656,1.);
#3656 = DIRECTION('',(0.,0.,1.));
#3657 = ORIENTED_EDGE('',*,*,#2136,.T.);
#3658 = ORIENTED_EDGE('',*,*,#3635,.F.);
#3659 = ORIENTED_EDGE('',*,*,#1229,.F.);
#3660 = PLANE('',#3661);
#3661 = AXIS2_PLACEMENT_3D('',#3662,#3663,#3664);
#3662 = CARTESIAN_POINT('',(94.520245138047,-31.35151980499,0.));
#3663 = DIRECTION('',(-0.943447891431,-0.331520853273,0.));
#3664 = DIRECTION('',(-0.331520853273,0.943447891431,0.));
#3665 = ADVANCED_FACE('',(#3666),#3677,.F.);
#3666 = FACE_BOUND('',#3667,.F.);
#3667 = EDGE_LOOP('',(#3668,#3674,#3675,#3676));
#3668 = ORIENTED_EDGE('',*,*,#3669,.T.);
#3669 = EDGE_CURVE('',#1238,#2121,#3670,.T.);
#3670 = LINE('',#3671,#3672);
#3671 = CARTESIAN_POINT('',(94.863087663888,-32.36150131764,0.));
#3672 = VECTOR('',#3673,1.);
#3673 = DIRECTION('',(0.,0.,1.));
#3674 = ORIENTED_EDGE('',*,*,#2128,.T.);
#3675 = ORIENTED_EDGE('',*,*,#3652,.F.);
#3676 = ORIENTED_EDGE('',*,*,#1237,.F.);
#3677 = PLANE('',#3678);
#3678 = AXIS2_PLACEMENT_3D('',#3679,#3680,#3681);
#3679 = CARTESIAN_POINT('',(94.863087663888,-32.36150131764,0.));
#3680 = DIRECTION('',(-0.946930129495,-0.321439465303,0.));
#3681 = DIRECTION('',(-0.321439465303,0.946930129495,0.));
#3682 = ADVANCED_FACE('',(#3683),#3694,.F.);
#3683 = FACE_BOUND('',#3684,.F.);
#3684 = EDGE_LOOP('',(#3685,#3691,#3692,#3693));
#3685 = ORIENTED_EDGE('',*,*,#3686,.T.);
#3686 = EDGE_CURVE('',#1246,#2113,#3687,.T.);
#3687 = LINE('',#3688,#3689);
#3688 = CARTESIAN_POINT('',(95.195138530219,-33.37508203745,0.));
#3689 = VECTOR('',#3690,1.);
#3690 = DIRECTION('',(0.,0.,1.));
#3691 = ORIENTED_EDGE('',*,*,#2120,.T.);
#3692 = ORIENTED_EDGE('',*,*,#3669,.F.);
#3693 = ORIENTED_EDGE('',*,*,#1245,.F.);
#3694 = PLANE('',#3695);
#3695 = AXIS2_PLACEMENT_3D('',#3696,#3697,#3698);
#3696 = CARTESIAN_POINT('',(95.195138530219,-33.37508203745,0.));
#3697 = DIRECTION('',(-0.950304644442,-0.311321510262,0.));
#3698 = DIRECTION('',(-0.311321510262,0.950304644442,0.));
#3699 = ADVANCED_FACE('',(#3700),#3711,.F.);
#3700 = FACE_BOUND('',#3701,.F.);
#3701 = EDGE_LOOP('',(#3702,#3708,#3709,#3710));
#3702 = ORIENTED_EDGE('',*,*,#3703,.T.);
#3703 = EDGE_CURVE('',#1254,#2105,#3704,.T.);
#3704 = LINE('',#3705,#3706);
#3705 = CARTESIAN_POINT('',(95.516359962812,-34.39214665913,0.));
#3706 = VECTOR('',#3707,1.);
#3707 = DIRECTION('',(0.,0.,1.));
#3708 = ORIENTED_EDGE('',*,*,#2112,.T.);
#3709 = ORIENTED_EDGE('',*,*,#3686,.F.);
#3710 = ORIENTED_EDGE('',*,*,#1253,.F.);
#3711 = PLANE('',#3712);
#3712 = AXIS2_PLACEMENT_3D('',#3713,#3714,#3715);
#3713 = CARTESIAN_POINT('',(95.516359962812,-34.39214665913,0.));
#3714 = DIRECTION('',(-0.953571052385,-0.301168139172,0.));
#3715 = DIRECTION('',(-0.301168139172,0.953571052385,0.));
#3716 = ADVANCED_FACE('',(#3717),#3728,.F.);
#3717 = FACE_BOUND('',#3718,.F.);
#3718 = EDGE_LOOP('',(#3719,#3725,#3726,#3727));
#3719 = ORIENTED_EDGE('',*,*,#3720,.T.);
#3720 = EDGE_CURVE('',#1262,#2097,#3721,.T.);
#3721 = LINE('',#3722,#3723);
#3722 = CARTESIAN_POINT('',(95.8267154194,-35.41257948101,0.));
#3723 = VECTOR('',#3724,1.);
#3724 = DIRECTION('',(0.,0.,1.));
#3725 = ORIENTED_EDGE('',*,*,#2104,.T.);
#3726 = ORIENTED_EDGE('',*,*,#3703,.F.);
#3727 = ORIENTED_EDGE('',*,*,#1261,.F.);
#3728 = PLANE('',#3729);
#3729 = AXIS2_PLACEMENT_3D('',#3730,#3731,#3732);
#3730 = CARTESIAN_POINT('',(95.8267154194,-35.41257948101,0.));
#3731 = DIRECTION('',(-0.956728981738,-0.290980507085,0.));
#3732 = DIRECTION('',(-0.290980507085,0.956728981738,0.));
#3733 = ADVANCED_FACE('',(#3734),#3745,.F.);
#3734 = FACE_BOUND('',#3735,.F.);
#3735 = EDGE_LOOP('',(#3736,#3742,#3743,#3744));
#3736 = ORIENTED_EDGE('',*,*,#3737,.T.);
#3737 = EDGE_CURVE('',#1270,#2089,#3738,.T.);
#3738 = LINE('',#3739,#3740);
#3739 = CARTESIAN_POINT('',(96.126169593832,-36.4362644183,0.));
#3740 = VECTOR('',#3741,1.);
#3741 = DIRECTION('',(0.,0.,1.));
#3742 = ORIENTED_EDGE('',*,*,#2096,.T.);
#3743 = ORIENTED_EDGE('',*,*,#3720,.F.);
#3744 = ORIENTED_EDGE('',*,*,#1269,.F.);
#3745 = PLANE('',#3746);
#3746 = AXIS2_PLACEMENT_3D('',#3747,#3748,#3749);
#3747 = CARTESIAN_POINT('',(96.126169593832,-36.4362644183,0.));
#3748 = DIRECTION('',(-0.959778073251,-0.280759772949,0.));
#3749 = DIRECTION('',(-0.280759772949,0.959778073251,0.));
#3750 = ADVANCED_FACE('',(#3751),#3762,.F.);
#3751 = FACE_BOUND('',#3752,.F.);
#3752 = EDGE_LOOP('',(#3753,#3759,#3760,#3761));
#3753 = ORIENTED_EDGE('',*,*,#3754,.T.);
#3754 = EDGE_CURVE('',#1278,#2081,#3755,.T.);
#3755 = LINE('',#3756,#3757);
#3756 = CARTESIAN_POINT('',(96.414688420092,-37.46308501621,0.));
#3757 = VECTOR('',#3758,1.);
#3758 = DIRECTION('',(0.,0.,1.));
#3759 = ORIENTED_EDGE('',*,*,#2088,.T.);
#3760 = ORIENTED_EDGE('',*,*,#3737,.F.);
#3761 = ORIENTED_EDGE('',*,*,#1277,.F.);
#3762 = PLANE('',#3763);
#3763 = AXIS2_PLACEMENT_3D('',#3764,#3765,#3766);
#3764 = CARTESIAN_POINT('',(96.414688420092,-37.46308501621,0.));
#3765 = DIRECTION('',(-0.962717980061,-0.270507099478,0.));
#3766 = DIRECTION('',(-0.270507099478,0.962717980061,0.));
#3767 = ADVANCED_FACE('',(#3768),#3779,.F.);
#3768 = FACE_BOUND('',#3769,.F.);
#3769 = EDGE_LOOP('',(#3770,#3776,#3777,#3778));
#3770 = ORIENTED_EDGE('',*,*,#3771,.T.);
#3771 = EDGE_CURVE('',#1286,#2073,#3772,.T.);
#3772 = LINE('',#3773,#3774);
#3773 = CARTESIAN_POINT('',(96.692239076173,-38.49292446327,0.));
#3774 = VECTOR('',#3775,1.);
#3775 = DIRECTION('',(0.,0.,1.));
#3776 = ORIENTED_EDGE('',*,*,#2080,.T.);
#3777 = ORIENTED_EDGE('',*,*,#3754,.F.);
#3778 = ORIENTED_EDGE('',*,*,#1285,.F.);
#3779 = PLANE('',#3780);
#3780 = AXIS2_PLACEMENT_3D('',#3781,#3782,#3783);
#3781 = CARTESIAN_POINT('',(96.692239076173,-38.49292446327,0.));
#3782 = DIRECTION('',(-0.965548367721,-0.260223653021,0.));
#3783 = DIRECTION('',(-0.260223653021,0.965548367721,0.));
#3784 = ADVANCED_FACE('',(#3785),#3796,.F.);
#3785 = FACE_BOUND('',#3786,.F.);
#3786 = EDGE_LOOP('',(#3787,#3793,#3794,#3795));
#3787 = ORIENTED_EDGE('',*,*,#3788,.T.);
#3788 = EDGE_CURVE('',#1294,#2065,#3789,.T.);
#3789 = LINE('',#3790,#3791);
#3790 = CARTESIAN_POINT('',(96.958789987812,-39.52566560456,0.));
#3791 = VECTOR('',#3792,1.);
#3792 = DIRECTION('',(0.,0.,1.));
#3793 = ORIENTED_EDGE('',*,*,#2072,.T.);
#3794 = ORIENTED_EDGE('',*,*,#3771,.F.);
#3795 = ORIENTED_EDGE('',*,*,#1293,.F.);
#3796 = PLANE('',#3797);
#3797 = AXIS2_PLACEMENT_3D('',#3798,#3799,#3800);
#3798 = CARTESIAN_POINT('',(96.958789987812,-39.52566560456,0.));
#3799 = DIRECTION('',(-0.968268914246,-0.249910603426,0.));
#3800 = DIRECTION('',(-0.249910603426,0.968268914246,0.));
#3801 = ADVANCED_FACE('',(#3802),#3813,.F.);
#3802 = FACE_BOUND('',#3803,.F.);
#3803 = EDGE_LOOP('',(#3804,#3810,#3811,#3812));
#3804 = ORIENTED_EDGE('',*,*,#3805,.T.);
#3805 = EDGE_CURVE('',#1302,#2057,#3806,.T.);
#3806 = LINE('',#3807,#3808);
#3807 = CARTESIAN_POINT('',(97.214310832078,-40.56119095508,0.));
#3808 = VECTOR('',#3809,1.);
#3809 = DIRECTION('',(0.,0.,1.));
#3810 = ORIENTED_EDGE('',*,*,#2064,.T.);
#3811 = ORIENTED_EDGE('',*,*,#3788,.F.);
#3812 = ORIENTED_EDGE('',*,*,#1301,.F.);
#3813 = PLANE('',#3814);
#3814 = AXIS2_PLACEMENT_3D('',#3815,#3816,#3817);
#3815 = CARTESIAN_POINT('',(97.214310832078,-40.56119095508,0.));
#3816 = DIRECTION('',(-0.970879310146,-0.23956912391,0.));
#3817 = DIRECTION('',(-0.23956912391,0.970879310146,0.));
#3818 = ADVANCED_FACE('',(#3819),#3830,.F.);
#3819 = FACE_BOUND('',#3820,.F.);
#3820 = EDGE_LOOP('',(#3821,#3827,#3828,#3829));
#3821 = ORIENTED_EDGE('',*,*,#3822,.T.);
#3822 = EDGE_CURVE('',#1310,#2049,#3823,.T.);
#3823 = LINE('',#3824,#3825);
#3824 = CARTESIAN_POINT('',(97.458772540827,-41.59938271307,0.));
#3825 = VECTOR('',#3826,1.);
#3826 = DIRECTION('',(0.,0.,1.));
#3827 = ORIENTED_EDGE('',*,*,#2056,.T.);
#3828 = ORIENTED_EDGE('',*,*,#3805,.F.);
#3829 = ORIENTED_EDGE('',*,*,#1309,.F.);
#3830 = PLANE('',#3831);
#3831 = AXIS2_PLACEMENT_3D('',#3832,#3833,#3834);
#3832 = CARTESIAN_POINT('',(97.458772540827,-41.59938271307,0.));
#3833 = DIRECTION('',(-0.973379258461,-0.229200390922,0.));
#3834 = DIRECTION('',(-0.229200390922,0.973379258461,0.));
#3835 = ADVANCED_FACE('',(#3836),#3847,.F.);
#3836 = FACE_BOUND('',#3837,.F.);
#3837 = EDGE_LOOP('',(#3838,#3844,#3845,#3846));
#3838 = ORIENTED_EDGE('',*,*,#3839,.T.);
#3839 = EDGE_CURVE('',#1318,#2041,#3840,.T.);
#3840 = LINE('',#3841,#3842);
#3841 = CARTESIAN_POINT('',(97.692147304007,-42.64012277347,0.));
#3842 = VECTOR('',#3843,1.);
#3843 = DIRECTION('',(0.,0.,1.));
#3844 = ORIENTED_EDGE('',*,*,#2048,.T.);
#3845 = ORIENTED_EDGE('',*,*,#3822,.F.);
#3846 = ORIENTED_EDGE('',*,*,#1317,.F.);
#3847 = PLANE('',#3848);
#3848 = AXIS2_PLACEMENT_3D('',#3849,#3850,#3851);
#3849 = CARTESIAN_POINT('',(97.692147304007,-42.64012277347,0.));
#3850 = DIRECTION('',(-0.975768474795,-0.218805584015,0.));
#3851 = DIRECTION('',(-0.218805584015,0.975768474795,0.));
#3852 = ADVANCED_FACE('',(#3853),#3864,.F.);
#3853 = FACE_BOUND('',#3854,.F.);
#3854 = EDGE_LOOP('',(#3855,#3861,#3862,#3863));
#3855 = ORIENTED_EDGE('',*,*,#3856,.T.);
#3856 = EDGE_CURVE('',#1326,#2033,#3857,.T.);
#3857 = LINE('',#3858,#3859);
#3858 = CARTESIAN_POINT('',(97.914408572818,-43.68329274131,0.));
#3859 = VECTOR('',#3860,1.);
#3860 = DIRECTION('',(0.,0.,1.));
#3861 = ORIENTED_EDGE('',*,*,#2040,.T.);
#3862 = ORIENTED_EDGE('',*,*,#3839,.F.);
#3863 = ORIENTED_EDGE('',*,*,#1325,.F.);
#3864 = PLANE('',#3865);
#3865 = AXIS2_PLACEMENT_3D('',#3866,#3867,#3868);
#3866 = CARTESIAN_POINT('',(97.914408572818,-43.68329274131,0.));
#3867 = DIRECTION('',(-0.978046687352,-0.208385885704,0.));
#3868 = DIRECTION('',(-0.208385885704,0.978046687352,0.));
#3869 = ADVANCED_FACE('',(#3870),#3881,.F.);
#3870 = FACE_BOUND('',#3871,.F.);
#3871 = EDGE_LOOP('',(#3872,#3878,#3879,#3880));
#3872 = ORIENTED_EDGE('',*,*,#3873,.T.);
#3873 = EDGE_CURVE('',#1334,#2025,#3874,.T.);
#3874 = LINE('',#3875,#3876);
#3875 = CARTESIAN_POINT('',(98.125531062738,-44.72877394519,0.));
#3876 = VECTOR('',#3877,1.);
#3877 = DIRECTION('',(0.,0.,1.));
#3878 = ORIENTED_EDGE('',*,*,#2032,.T.);
#3879 = ORIENTED_EDGE('',*,*,#3856,.F.);
#3880 = ORIENTED_EDGE('',*,*,#1333,.F.);
#3881 = PLANE('',#3882);
#3882 = AXIS2_PLACEMENT_3D('',#3883,#3884,#3885);
#3883 = CARTESIAN_POINT('',(98.125531062738,-44.72877394519,0.));
#3884 = DIRECTION('',(-0.98021363696,-0.197942481339,0.));
#3885 = DIRECTION('',(-0.197942481339,0.98021363696,0.));
#3886 = ADVANCED_FACE('',(#3887),#3898,.F.);
#3887 = FACE_BOUND('',#3888,.F.);
#3888 = EDGE_LOOP('',(#3889,#3895,#3896,#3897));
#3889 = ORIENTED_EDGE('',*,*,#3890,.T.);
#3890 = EDGE_CURVE('',#1342,#2017,#3891,.T.);
#3891 = LINE('',#3892,#3893);
#3892 = CARTESIAN_POINT('',(98.325490756395,-45.77644745078,0.));
#3893 = VECTOR('',#3894,1.);
#3894 = DIRECTION('',(0.,0.,1.));
#3895 = ORIENTED_EDGE('',*,*,#2024,.T.);
#3896 = ORIENTED_EDGE('',*,*,#3873,.F.);
#3897 = ORIENTED_EDGE('',*,*,#1341,.F.);
#3898 = PLANE('',#3899);
#3899 = AXIS2_PLACEMENT_3D('',#3900,#3901,#3902);
#3900 = CARTESIAN_POINT('',(98.325490756395,-45.77644745078,0.));
#3901 = DIRECTION('',(-0.982269077106,-0.187476558964,0.));
#3902 = DIRECTION('',(-0.187476558964,0.982269077106,0.));
#3903 = ADVANCED_FACE('',(#3904),#3915,.F.);
#3904 = FACE_BOUND('',#3905,.F.);
#3905 = EDGE_LOOP('',(#3906,#3912,#3913,#3914));
#3906 = ORIENTED_EDGE('',*,*,#3907,.T.);
#3907 = EDGE_CURVE('',#1350,#2009,#3908,.T.);
#3908 = LINE('',#3909,#3910);
#3909 = CARTESIAN_POINT('',(98.514264906302,-46.82619407437,0.));
#3910 = VECTOR('',#3911,1.);
#3911 = DIRECTION('',(0.,0.,1.));
#3912 = ORIENTED_EDGE('',*,*,#2016,.T.);
#3913 = ORIENTED_EDGE('',*,*,#3890,.F.);
#3914 = ORIENTED_EDGE('',*,*,#1349,.F.);
#3915 = PLANE('',#3916);
#3916 = AXIS2_PLACEMENT_3D('',#3917,#3918,#3919);
#3917 = CARTESIAN_POINT('',(98.514264906302,-46.82619407437,0.));
#3918 = DIRECTION('',(-0.984212773964,-0.176989309188,0.));
#3919 = DIRECTION('',(-0.176989309188,0.984212773964,0.));
#3920 = ADVANCED_FACE('',(#3921),#3932,.F.);
#3921 = FACE_BOUND('',#3922,.F.);
#3922 = EDGE_LOOP('',(#3923,#3929,#3930,#3931));
#3923 = ORIENTED_EDGE('',*,*,#3924,.T.);
#3924 = EDGE_CURVE('',#1358,#2001,#3925,.T.);
#3925 = LINE('',#3926,#3927);
#3926 = CARTESIAN_POINT('',(98.691832037441,-47.8778943964,0.));
#3927 = VECTOR('',#3928,1.);
#3928 = DIRECTION('',(0.,0.,1.));
#3929 = ORIENTED_EDGE('',*,*,#2008,.T.);
#3930 = ORIENTED_EDGE('',*,*,#3907,.F.);
#3931 = ORIENTED_EDGE('',*,*,#1357,.F.);
#3932 = PLANE('',#3933);
#3933 = AXIS2_PLACEMENT_3D('',#3934,#3935,#3936);
#3934 = CARTESIAN_POINT('',(98.691832037441,-47.8778943964,0.));
#3935 = DIRECTION('',(-0.986044506416,-0.166481925044,0.));
#3936 = DIRECTION('',(-0.166481925044,0.986044506416,0.));
#3937 = ADVANCED_FACE('',(#3938),#3949,.F.);
#3938 = FACE_BOUND('',#3939,.F.);
#3939 = EDGE_LOOP('',(#3940,#3946,#3947,#3948));
#3940 = ORIENTED_EDGE('',*,*,#3941,.T.);
#3941 = EDGE_CURVE('',#1366,#1993,#3942,.T.);
#3942 = LINE('',#3943,#3944);
#3943 = CARTESIAN_POINT('',(98.858171949711,-48.93142877505,0.));
#3944 = VECTOR('',#3945,1.);
#3945 = DIRECTION('',(0.,0.,1.));
#3946 = ORIENTED_EDGE('',*,*,#2000,.T.);
#3947 = ORIENTED_EDGE('',*,*,#3924,.F.);
#3948 = ORIENTED_EDGE('',*,*,#1365,.F.);
#3949 = PLANE('',#3950);
#3950 = AXIS2_PLACEMENT_3D('',#3951,#3952,#3953);
#3951 = CARTESIAN_POINT('',(98.858171949711,-48.93142877505,0.));
#3952 = DIRECTION('',(-0.987764066086,-0.155955601854,0.));
#3953 = DIRECTION('',(-0.155955601854,0.987764066086,0.));
#3954 = ADVANCED_FACE('',(#3955),#3966,.F.);
#3955 = FACE_BOUND('',#3956,.F.);
#3956 = EDGE_LOOP('',(#3957,#3963,#3964,#3965));
#3957 = ORIENTED_EDGE('',*,*,#3958,.T.);
#3958 = EDGE_CURVE('',#1374,#1985,#3959,.T.);
#3959 = LINE('',#3960,#3961);
#3960 = CARTESIAN_POINT('',(99.013265720224,-49.98667735986,0.));
#3961 = VECTOR('',#3962,1.);
#3962 = DIRECTION('',(0.,0.,1.));
#3963 = ORIENTED_EDGE('',*,*,#1992,.T.);
#3964 = ORIENTED_EDGE('',*,*,#3941,.F.);
#3965 = ORIENTED_EDGE('',*,*,#1373,.F.);
#3966 = PLANE('',#3967);
#3967 = AXIS2_PLACEMENT_3D('',#3968,#3969,#3970);
#3968 = CARTESIAN_POINT('',(99.013265720224,-49.98667735986,0.));
#3969 = DIRECTION('',(-0.989371257354,-0.145411537099,0.));
#3970 = DIRECTION('',(-0.145411537099,0.989371257354,0.));
#3971 = ADVANCED_FACE('',(#3972),#3983,.F.);
#3972 = FACE_BOUND('',#3973,.F.);
#3973 = EDGE_LOOP('',(#3974,#3975,#3981,#3982));
#3974 = ORIENTED_EDGE('',*,*,#1381,.F.);
#3975 = ORIENTED_EDGE('',*,*,#3976,.T.);
#3976 = EDGE_CURVE('',#1382,#1977,#3977,.T.);
#3977 = LINE('',#3978,#3979);
#3978 = CARTESIAN_POINT('',(99.0353669007,-50.14907376293,-0.5));
#3979 = VECTOR('',#3980,1.);
#3980 = DIRECTION('',(0.,0.,1.));
#3981 = ORIENTED_EDGE('',*,*,#1984,.T.);
#3982 = ORIENTED_EDGE('',*,*,#3958,.F.);
#3983 = PLANE('',#3984);
#3984 = AXIS2_PLACEMENT_3D('',#3985,#3986,#3987);
#3985 = CARTESIAN_POINT('',(99.157095705454,-51.04352010539,0.));
#3986 = DIRECTION('',(-0.990865897387,-0.134850930274,0.));
#3987 = DIRECTION('',(-0.134850930274,0.990865897387,0.));
#3988 = ADVANCED_FACE('',(#3989),#4000,.T.);
#3989 = FACE_BOUND('',#3990,.T.);
#3990 = EDGE_LOOP('',(#3991,#3997,#3998,#3999));
#3991 = ORIENTED_EDGE('',*,*,#3992,.F.);
#3992 = EDGE_CURVE('',#1390,#1969,#3993,.T.);
#3993 = LINE('',#3994,#3995);
#3994 = CARTESIAN_POINT('',(98.424036171464,-55.38901261653,-1.));
#3995 = VECTOR('',#3996,1.);
#3996 = DIRECTION('',(0.,0.,1.));
#3997 = ORIENTED_EDGE('',*,*,#1389,.T.);
#3998 = ORIENTED_EDGE('',*,*,#3976,.T.);
#3999 = ORIENTED_EDGE('',*,*,#1976,.F.);
#4000 = PLANE('',#4001);
#4001 = AXIS2_PLACEMENT_3D('',#4002,#4003,#4004);
#4002 = CARTESIAN_POINT('',(99.465583054233,-46.46153405564,-1.));
#4003 = DIRECTION('',(0.993263040259,-0.115881546653,0.));
#4004 = DIRECTION('',(-0.115881546653,-0.993263040259,0.));
#4005 = ADVANCED_FACE('',(#4006),#4017,.T.);
#4006 = FACE_BOUND('',#4007,.T.);
#4007 = EDGE_LOOP('',(#4008,#4009,#4010,#4011));
#4008 = ORIENTED_EDGE('',*,*,#1397,.T.);
#4009 = ORIENTED_EDGE('',*,*,#3992,.T.);
#4010 = ORIENTED_EDGE('',*,*,#1968,.F.);
#4011 = ORIENTED_EDGE('',*,*,#4012,.T.);
#4012 = EDGE_CURVE('',#1961,#1398,#4013,.T.);
#4013 = LINE('',#4014,#4015);
#4014 = CARTESIAN_POINT('',(99.935985246284,-60.44318855778,-0.5));
#4015 = VECTOR('',#4016,1.);
#4016 = DIRECTION('',(0.,0.,-1.));
#4017 = PLANE('',#4018);
#4018 = AXIS2_PLACEMENT_3D('',#4019,#4020,#4021);
#4019 = CARTESIAN_POINT('',(98.424036171464,-55.38901261653,-1.));
#4020 = DIRECTION('',(0.958050523426,0.28659936246,0.));
#4021 = DIRECTION('',(0.28659936246,-0.958050523426,0.));
#4022 = ADVANCED_FACE('',(#4023),#4034,.F.);
#4023 = FACE_BOUND('',#4024,.F.);
#4024 = EDGE_LOOP('',(#4025,#4026,#4032,#4033));
#4025 = ORIENTED_EDGE('',*,*,#1405,.F.);
#4026 = ORIENTED_EDGE('',*,*,#4027,.T.);
#4027 = EDGE_CURVE('',#1406,#1953,#4028,.T.);
#4028 = LINE('',#4029,#4030);
#4029 = CARTESIAN_POINT('',(99.942419671851,-60.60695562429,0.));
#4030 = VECTOR('',#4031,1.);
#4031 = DIRECTION('',(0.,0.,1.));
#4032 = ORIENTED_EDGE('',*,*,#1960,.T.);
#4033 = ORIENTED_EDGE('',*,*,#4012,.T.);
#4034 = PLANE('',#4035);
#4035 = AXIS2_PLACEMENT_3D('',#4036,#4037,#4038);
#4036 = CARTESIAN_POINT('',(99.942419671851,-60.60695562429,0.));
#4037 = DIRECTION('',(-0.999229036241,-3.925981575905E-02,0.));
#4038 = DIRECTION('',(-3.925981575905E-02,0.999229036241,0.));
#4039 = ADVANCED_FACE('',(#4040),#4051,.F.);
#4040 = FACE_BOUND('',#4041,.F.);
#4041 = EDGE_LOOP('',(#4042,#4048,#4049,#4050));
#4042 = ORIENTED_EDGE('',*,*,#4043,.T.);
#4043 = EDGE_CURVE('',#1414,#1945,#4044,.T.);
#4044 = LINE('',#4045,#4046);
#4045 = CARTESIAN_POINT('',(99.972924117946,-61.67310436259,0.));
#4046 = VECTOR('',#4047,1.);
#4047 = DIRECTION('',(0.,0.,1.));
#4048 = ORIENTED_EDGE('',*,*,#1952,.T.);
#4049 = ORIENTED_EDGE('',*,*,#4027,.F.);
#4050 = ORIENTED_EDGE('',*,*,#1413,.F.);
#4051 = PLANE('',#4052);
#4052 = AXIS2_PLACEMENT_3D('',#4053,#4054,#4055);
#4053 = CARTESIAN_POINT('',(99.972924117946,-61.67310436259,0.));
#4054 = DIRECTION('',(-0.999590933279,-2.860010676326E-02,0.));
#4055 = DIRECTION('',(-2.860010676326E-02,0.999590933279,0.));
#4056 = ADVANCED_FACE('',(#4057),#4068,.F.);
#4057 = FACE_BOUND('',#4058,.F.);
#4058 = EDGE_LOOP('',(#4059,#4065,#4066,#4067));
#4059 = ORIENTED_EDGE('',*,*,#4060,.T.);
#4060 = EDGE_CURVE('',#1422,#1937,#4061,.T.);
#4061 = LINE('',#4062,#4063);
#4062 = CARTESIAN_POINT('',(99.992055607669,-62.73951780939,0.));
#4063 = VECTOR('',#4064,1.);
#4064 = DIRECTION('',(0.,0.,1.));
#4065 = ORIENTED_EDGE('',*,*,#1944,.T.);
#4066 = ORIENTED_EDGE('',*,*,#4043,.F.);
#4067 = ORIENTED_EDGE('',*,*,#1421,.F.);
#4068 = PLANE('',#4069);
#4069 = AXIS2_PLACEMENT_3D('',#4070,#4071,#4072);
#4070 = CARTESIAN_POINT('',(99.992055607669,-62.73951780939,0.));
#4071 = DIRECTION('',(-0.999839116487,-1.793714420888E-02,0.));
#4072 = DIRECTION('',(-1.793714420888E-02,0.999839116487,0.));
#4073 = ADVANCED_FACE('',(#4074),#4085,.F.);
#4074 = FACE_BOUND('',#4075,.F.);
#4075 = EDGE_LOOP('',(#4076,#4082,#4083,#4084));
#4076 = ORIENTED_EDGE('',*,*,#4077,.T.);
#4077 = EDGE_CURVE('',#1430,#1929,#4078,.T.);
#4078 = LINE('',#4079,#4080);
#4079 = CARTESIAN_POINT('',(99.999811964615,-63.8060746491,0.));
#4080 = VECTOR('',#4081,1.);
#4081 = DIRECTION('',(0.,0.,1.));
#4082 = ORIENTED_EDGE('',*,*,#1936,.T.);
#4083 = ORIENTED_EDGE('',*,*,#4060,.F.);
#4084 = ORIENTED_EDGE('',*,*,#1429,.F.);
#4085 = PLANE('',#4086);
#4086 = AXIS2_PLACEMENT_3D('',#4087,#4088,#4089);
#4087 = CARTESIAN_POINT('',(99.999811964615,-63.8060746491,0.));
#4088 = DIRECTION('',(-0.999973557632,-7.272141118432E-03,0.));
#4089 = DIRECTION('',(-7.272141118432E-03,0.999973557632,0.));
#4090 = ADVANCED_FACE('',(#4091),#4102,.F.);
#4091 = FACE_BOUND('',#4092,.F.);
#4092 = EDGE_LOOP('',(#4093,#4099,#4100,#4101));
#4093 = ORIENTED_EDGE('',*,*,#4094,.T.);
#4094 = EDGE_CURVE('',#1438,#1921,#4095,.T.);
#4095 = LINE('',#4096,#4097);
#4096 = CARTESIAN_POINT('',(99.996192306417,-64.87265354983,0.));
#4097 = VECTOR('',#4098,1.);
#4098 = DIRECTION('',(0.,0.,1.));
#4099 = ORIENTED_EDGE('',*,*,#1928,.T.);
#4100 = ORIENTED_EDGE('',*,*,#4077,.F.);
#4101 = ORIENTED_EDGE('',*,*,#1437,.F.);
#4102 = PLANE('',#4103);
#4103 = AXIS2_PLACEMENT_3D('',#4104,#4105,#4106);
#4104 = CARTESIAN_POINT('',(99.996192306417,-64.87265354983,0.));
#4105 = DIRECTION('',(-0.99999424142,3.393689253481E-03,0.));
#4106 = DIRECTION('',(3.393689253481E-03,0.99999424142,0.));
#4107 = ADVANCED_FACE('',(#4108),#4119,.F.);
#4108 = FACE_BOUND('',#4109,.F.);
#4109 = EDGE_LOOP('',(#4110,#4116,#4117,#4118));
#4110 = ORIENTED_EDGE('',*,*,#4111,.T.);
#4111 = EDGE_CURVE('',#1446,#1913,#4112,.T.);
#4112 = LINE('',#4113,#4114);
#4113 = CARTESIAN_POINT('',(99.98119704485,-65.93913317718,0.));
#4114 = VECTOR('',#4115,1.);
#4115 = DIRECTION('',(0.,0.,1.));
#4116 = ORIENTED_EDGE('',*,*,#1920,.T.);
#4117 = ORIENTED_EDGE('',*,*,#4094,.F.);
#4118 = ORIENTED_EDGE('',*,*,#1445,.F.);
#4119 = PLANE('',#4120);
#4120 = AXIS2_PLACEMENT_3D('',#4121,#4122,#4123);
#4121 = CARTESIAN_POINT('',(99.98119704485,-65.93913317718,0.));
#4122 = DIRECTION('',(-0.999901165498,1.405913355803E-02,0.));
#4123 = DIRECTION('',(1.405913355803E-02,0.999901165498,0.));
#4124 = ADVANCED_FACE('',(#4125),#4136,.F.);
#4125 = FACE_BOUND('',#4126,.F.);
#4126 = EDGE_LOOP('',(#4127,#4133,#4134,#4135));
#4127 = ORIENTED_EDGE('',*,*,#4128,.T.);
#4128 = EDGE_CURVE('',#1454,#1905,#4129,.T.);
#4129 = LINE('',#4130,#4131);
#4130 = CARTESIAN_POINT('',(99.95482788578,-67.00539220802,0.));
#4131 = VECTOR('',#4132,1.);
#4132 = DIRECTION('',(0.,0.,1.));
#4133 = ORIENTED_EDGE('',*,*,#1912,.T.);
#4134 = ORIENTED_EDGE('',*,*,#4111,.F.);
#4135 = ORIENTED_EDGE('',*,*,#1453,.F.);
#4136 = PLANE('',#4137);
#4137 = AXIS2_PLACEMENT_3D('',#4138,#4139,#4140);
#4138 = CARTESIAN_POINT('',(99.95482788578,-67.00539220802,0.));
#4139 = DIRECTION('',(-0.999694340453,2.472297849046E-02,0.));
#4140 = DIRECTION('',(2.472297849046E-02,0.999694340453,0.));
#4141 = ADVANCED_FACE('',(#4142),#4153,.F.);
#4142 = FACE_BOUND('',#4143,.F.);
#4143 = EDGE_LOOP('',(#4144,#4150,#4151,#4152));
#4144 = ORIENTED_EDGE('',*,*,#4145,.T.);
#4145 = EDGE_CURVE('',#1462,#1897,#4146,.T.);
#4146 = LINE('',#4147,#4148);
#4147 = CARTESIAN_POINT('',(99.917087828972,-68.07130934436,0.));
#4148 = VECTOR('',#4149,1.);
#4149 = DIRECTION('',(0.,0.,1.));
#4150 = ORIENTED_EDGE('',*,*,#1904,.T.);
#4151 = ORIENTED_EDGE('',*,*,#4128,.F.);
#4152 = ORIENTED_EDGE('',*,*,#1461,.F.);
#4153 = PLANE('',#4154);
#4154 = AXIS2_PLACEMENT_3D('',#4155,#4156,#4157);
#4155 = CARTESIAN_POINT('',(99.917087828972,-68.07130934436,0.));
#4156 = DIRECTION('',(-0.999373789816,3.538401092776E-02,0.));
#4157 = DIRECTION('',(3.538401092776E-02,0.999373789816,0.));
#4158 = ADVANCED_FACE('',(#4159),#4170,.F.);
#4159 = FACE_BOUND('',#4160,.F.);
#4160 = EDGE_LOOP('',(#4161,#4167,#4168,#4169));
#4161 = ORIENTED_EDGE('',*,*,#4162,.T.);
#4162 = EDGE_CURVE('',#1470,#1889,#4163,.T.);
#4163 = LINE('',#4164,#4165);
#4164 = CARTESIAN_POINT('',(99.867981167749,-69.13676332705,0.));
#4165 = VECTOR('',#4166,1.);
#4166 = DIRECTION('',(0.,0.,1.));
#4167 = ORIENTED_EDGE('',*,*,#1896,.T.);
#4168 = ORIENTED_EDGE('',*,*,#4145,.F.);
#4169 = ORIENTED_EDGE('',*,*,#1469,.F.);
#4170 = PLANE('',#4171);
#4171 = AXIS2_PLACEMENT_3D('',#4172,#4173,#4174);
#4172 = CARTESIAN_POINT('',(99.867981167749,-69.13676332705,0.));
#4173 = DIRECTION('',(-0.998939550051,4.604101806704E-02,0.));
#4174 = DIRECTION('',(4.604101806704E-02,0.998939550051,0.));
#4175 = ADVANCED_FACE('',(#4176),#4187,.F.);
#4176 = FACE_BOUND('',#4177,.F.);
#4177 = EDGE_LOOP('',(#4178,#4184,#4185,#4186));
#4178 = ORIENTED_EDGE('',*,*,#4179,.T.);
#4179 = EDGE_CURVE('',#1478,#1881,#4180,.T.);
#4180 = LINE('',#4181,#4182);
#4181 = CARTESIAN_POINT('',(99.807513488502,-70.20163294967,0.));
#4182 = VECTOR('',#4183,1.);
#4183 = DIRECTION('',(0.,0.,1.));
#4184 = ORIENTED_EDGE('',*,*,#1888,.T.);
#4185 = ORIENTED_EDGE('',*,*,#4162,.F.);
#4186 = ORIENTED_EDGE('',*,*,#1477,.F.);
#4187 = PLANE('',#4188);
#4188 = AXIS2_PLACEMENT_3D('',#4189,#4190,#4191);
#4189 = CARTESIAN_POINT('',(99.807513488502,-70.20163294967,0.));
#4190 = DIRECTION('',(-0.998391670557,5.669278756343E-02,0.));
#4191 = DIRECTION('',(5.669278756343E-02,0.998391670557,0.));
#4192 = ADVANCED_FACE('',(#4193),#4204,.F.);
#4193 = FACE_BOUND('',#4194,.F.);
#4194 = EDGE_LOOP('',(#4195,#4201,#4202,#4203));
#4195 = ORIENTED_EDGE('',*,*,#4196,.T.);
#4196 = EDGE_CURVE('',#1486,#1873,#4197,.T.);
#4197 = LINE('',#4198,#4199);
#4198 = CARTESIAN_POINT('',(99.735691670057,-71.26579707226,0.));
#4199 = VECTOR('',#4200,1.);
#4200 = DIRECTION('',(0.,0.,1.));
#4201 = ORIENTED_EDGE('',*,*,#1880,.T.);
#4202 = ORIENTED_EDGE('',*,*,#4179,.F.);
#4203 = ORIENTED_EDGE('',*,*,#1485,.F.);
#4204 = PLANE('',#4205);
#4205 = AXIS2_PLACEMENT_3D('',#4206,#4207,#4208);
#4206 = CARTESIAN_POINT('',(99.735691670057,-71.26579707226,0.));
#4207 = DIRECTION('',(-0.997730213663,6.733810766742E-02,0.));
#4208 = DIRECTION('',(6.733810766742E-02,0.997730213663,0.));
#4209 = ADVANCED_FACE('',(#4210),#4221,.F.);
#4210 = FACE_BOUND('',#4211,.F.);
#4211 = EDGE_LOOP('',(#4212,#4218,#4219,#4220));
#4212 = ORIENTED_EDGE('',*,*,#4213,.T.);
#4213 = EDGE_CURVE('',#1494,#1865,#4214,.T.);
#4214 = LINE('',#4215,#4216);
#4215 = CARTESIAN_POINT('',(99.65252388289,-72.32913463512,0.));
#4216 = VECTOR('',#4217,1.);
#4217 = DIRECTION('',(0.,0.,1.));
#4218 = ORIENTED_EDGE('',*,*,#1872,.T.);
#4219 = ORIENTED_EDGE('',*,*,#4196,.F.);
#4220 = ORIENTED_EDGE('',*,*,#1493,.F.);
#4221 = PLANE('',#4222);
#4222 = AXIS2_PLACEMENT_3D('',#4223,#4224,#4225);
#4223 = CARTESIAN_POINT('',(99.65252388289,-72.32913463512,0.));
#4224 = DIRECTION('',(-0.996955254615,7.797576736372E-02,0.));
#4225 = DIRECTION('',(7.797576736372E-02,0.996955254615,0.));
#4226 = ADVANCED_FACE('',(#4227),#4238,.F.);
#4227 = FACE_BOUND('',#4228,.F.);
#4228 = EDGE_LOOP('',(#4229,#4235,#4236,#4237));
#4229 = ORIENTED_EDGE('',*,*,#4230,.T.);
#4230 = EDGE_CURVE('',#1502,#1857,#4231,.T.);
#4231 = LINE('',#4232,#4233);
#4232 = CARTESIAN_POINT('',(99.558019588199,-73.39152467258,0.));
#4233 = VECTOR('',#4234,1.);
#4234 = DIRECTION('',(0.,0.,1.));
#4235 = ORIENTED_EDGE('',*,*,#1864,.T.);
#4236 = ORIENTED_EDGE('',*,*,#4213,.F.);
#4237 = ORIENTED_EDGE('',*,*,#1501,.F.);
#4238 = PLANE('',#4239);
#4239 = AXIS2_PLACEMENT_3D('',#4240,#4241,#4242);
#4240 = CARTESIAN_POINT('',(99.558019588199,-73.39152467258,0.));
#4241 = DIRECTION('',(-0.996066881573,8.860455650827E-02,0.));
#4242 = DIRECTION('',(8.860455650827E-02,0.996066881573,0.));
#4243 = ADVANCED_FACE('',(#4244),#4255,.F.);
#4244 = FACE_BOUND('',#4245,.F.);
#4245 = EDGE_LOOP('',(#4246,#4252,#4253,#4254));
#4246 = ORIENTED_EDGE('',*,*,#4247,.T.);
#4247 = EDGE_CURVE('',#1510,#1849,#4248,.T.);
#4248 = LINE('',#4249,#4250);
#4249 = CARTESIAN_POINT('',(99.452189536827,-74.45284632676,0.));
#4250 = VECTOR('',#4251,1.);
#4251 = DIRECTION('',(0.,0.,1.));
#4252 = ORIENTED_EDGE('',*,*,#1856,.T.);
#4253 = ORIENTED_EDGE('',*,*,#4230,.F.);
#4254 = ORIENTED_EDGE('',*,*,#1509,.F.);
#4255 = PLANE('',#4256);
#4256 = AXIS2_PLACEMENT_3D('',#4257,#4258,#4259);
#4257 = CARTESIAN_POINT('',(99.452189536827,-74.45284632676,0.));
#4258 = DIRECTION('',(-0.995065195598,9.922326596619E-02,0.));
#4259 = DIRECTION('',(9.922326596619E-02,0.995065195598,0.));
#4260 = ADVANCED_FACE('',(#4261),#4272,.F.);
#4261 = FACE_BOUND('',#4262,.F.);
#4262 = EDGE_LOOP('',(#4263,#4269,#4270,#4271));
#4263 = ORIENTED_EDGE('',*,*,#4264,.T.);
#4264 = EDGE_CURVE('',#1518,#1841,#4265,.T.);
#4265 = LINE('',#4266,#4267);
#4266 = CARTESIAN_POINT('',(99.33504576804,-75.51297886133,0.));
#4267 = VECTOR('',#4268,1.);
#4268 = DIRECTION('',(0.,0.,1.));
#4269 = ORIENTED_EDGE('',*,*,#1848,.T.);
#4270 = ORIENTED_EDGE('',*,*,#4247,.F.);
#4271 = ORIENTED_EDGE('',*,*,#1517,.F.);
#4272 = PLANE('',#4273);
#4273 = AXIS2_PLACEMENT_3D('',#4274,#4275,#4276);
#4274 = CARTESIAN_POINT('',(99.33504576804,-75.51297886133,0.));
#4275 = DIRECTION('',(-0.993950310644,0.109830687749,0.));
#4276 = DIRECTION('',(0.109830687749,0.993950310644,0.));
#4277 = ADVANCED_FACE('',(#4278),#4289,.F.);
#4278 = FACE_BOUND('',#4279,.F.);
#4279 = EDGE_LOOP('',(#4280,#4286,#4287,#4288));
#4280 = ORIENTED_EDGE('',*,*,#4281,.T.);
#4281 = EDGE_CURVE('',#1526,#1833,#4282,.T.);
#4282 = LINE('',#4283,#4284);
#4283 = CARTESIAN_POINT('',(99.206601608154,-76.57180167521,0.));
#4284 = VECTOR('',#4285,1.);
#4285 = DIRECTION('',(0.,0.,1.));
#4286 = ORIENTED_EDGE('',*,*,#1840,.T.);
#4287 = ORIENTED_EDGE('',*,*,#4264,.F.);
#4288 = ORIENTED_EDGE('',*,*,#1525,.F.);
#4289 = PLANE('',#4290);
#4290 = AXIS2_PLACEMENT_3D('',#4291,#4292,#4293);
#4291 = CARTESIAN_POINT('',(99.206601608154,-76.57180167521,0.));
#4292 = DIRECTION('',(-0.992722353539,0.120425615153,0.));
#4293 = DIRECTION('',(0.120425615153,0.992722353539,0.));
#4294 = ADVANCED_FACE('',(#4295),#4306,.F.);
#4295 = FACE_BOUND('',#4296,.F.);
#4296 = EDGE_LOOP('',(#4297,#4303,#4304,#4305));
#4297 = ORIENTED_EDGE('',*,*,#4298,.T.);
#4298 = EDGE_CURVE('',#1534,#1825,#4299,.T.);
#4299 = LINE('',#4300,#4301);
#4300 = CARTESIAN_POINT('',(99.066871669026,-77.62919431634,0.));
#4301 = VECTOR('',#4302,1.);
#4302 = DIRECTION('',(0.,0.,1.));
#4303 = ORIENTED_EDGE('',*,*,#1832,.T.);
#4304 = ORIENTED_EDGE('',*,*,#4281,.F.);
#4305 = ORIENTED_EDGE('',*,*,#1533,.F.);
#4306 = PLANE('',#4307);
#4307 = AXIS2_PLACEMENT_3D('',#4308,#4309,#4310);
#4308 = CARTESIAN_POINT('',(99.066871669026,-77.62919431634,0.));
#4309 = DIRECTION('',(-0.991381463976,0.131006842894,0.));
#4310 = DIRECTION('',(0.131006842894,0.991381463976,0.));
#4311 = ADVANCED_FACE('',(#4312),#4323,.F.);
#4312 = FACE_BOUND('',#4313,.F.);
#4313 = EDGE_LOOP('',(#4314,#4320,#4321,#4322));
#4314 = ORIENTED_EDGE('',*,*,#4315,.T.);
#4315 = EDGE_CURVE('',#1542,#1817,#4316,.T.);
#4316 = LINE('',#4317,#4318);
#4317 = CARTESIAN_POINT('',(98.915871846383,-78.68503649535,0.));
#4318 = VECTOR('',#4319,1.);
#4319 = DIRECTION('',(0.,0.,1.));
#4320 = ORIENTED_EDGE('',*,*,#1824,.T.);
#4321 = ORIENTED_EDGE('',*,*,#4298,.F.);
#4322 = ORIENTED_EDGE('',*,*,#1541,.F.);
#4323 = PLANE('',#4324);
#4324 = AXIS2_PLACEMENT_3D('',#4325,#4326,#4327);
#4325 = CARTESIAN_POINT('',(98.915871846383,-78.68503649535,0.));
#4326 = DIRECTION('',(-0.989927794496,0.14157316725,0.));
#4327 = DIRECTION('',(0.14157316725,0.989927794496,0.));
#4328 = ADVANCED_FACE('',(#4329),#4340,.F.);
#4329 = FACE_BOUND('',#4330,.F.);
#4330 = EDGE_LOOP('',(#4331,#4337,#4338,#4339));
#4331 = ORIENTED_EDGE('',*,*,#4332,.T.);
#4332 = EDGE_CURVE('',#1550,#1809,#4333,.T.);
#4333 = LINE('',#4334,#4335);
#4334 = CARTESIAN_POINT('',(98.753619318021,-79.73920809925,0.));
#4335 = VECTOR('',#4336,1.);
#4336 = DIRECTION('',(0.,0.,1.));
#4337 = ORIENTED_EDGE('',*,*,#1816,.T.);
#4338 = ORIENTED_EDGE('',*,*,#4315,.F.);
#4339 = ORIENTED_EDGE('',*,*,#1549,.F.);
#4340 = PLANE('',#4341);
#4341 = AXIS2_PLACEMENT_3D('',#4342,#4343,#4344);
#4342 = CARTESIAN_POINT('',(98.753619318021,-79.73920809925,0.));
#4343 = DIRECTION('',(-0.988361510468,0.15212338619,0.));
#4344 = DIRECTION('',(0.15212338619,0.988361510468,0.));
#4345 = ADVANCED_FACE('',(#4346),#4357,.F.);
#4346 = FACE_BOUND('',#4347,.F.);
#4347 = EDGE_LOOP('',(#4348,#4354,#4355,#4356));
#4348 = ORIENTED_EDGE('',*,*,#4349,.T.);
#4349 = EDGE_CURVE('',#1558,#1801,#4350,.T.);
#4350 = LINE('',#4351,#4352);
#4351 = CARTESIAN_POINT('',(98.580132541846,-80.79158920507,0.));
#4352 = VECTOR('',#4353,1.);
#4353 = DIRECTION('',(0.,0.,1.));
#4354 = ORIENTED_EDGE('',*,*,#1808,.T.);
#4355 = ORIENTED_EDGE('',*,*,#4332,.F.);
#4356 = ORIENTED_EDGE('',*,*,#1557,.F.);
#4357 = PLANE('',#4358);
#4358 = AXIS2_PLACEMENT_3D('',#4359,#4360,#4361);
#4359 = CARTESIAN_POINT('',(98.580132541846,-80.79158920507,0.));
#4360 = DIRECTION('',(-0.986682790073,0.162656299518,0.));
#4361 = DIRECTION('',(0.162656299518,0.986682790073,0.));
#4362 = ADVANCED_FACE('',(#4363),#4374,.F.);
#4363 = FACE_BOUND('',#4364,.F.);
#4364 = EDGE_LOOP('',(#4365,#4371,#4372,#4373));
#4365 = ORIENTED_EDGE('',*,*,#4366,.T.);
#4366 = EDGE_CURVE('',#1566,#1793,#4367,.T.);
#4367 = LINE('',#4368,#4369);
#4368 = CARTESIAN_POINT('',(98.395431253778,-81.84206009358,0.));
#4369 = VECTOR('',#4370,1.);
#4370 = DIRECTION('',(0.,0.,1.));
#4371 = ORIENTED_EDGE('',*,*,#1800,.T.);
#4372 = ORIENTED_EDGE('',*,*,#4349,.F.);
#4373 = ORIENTED_EDGE('',*,*,#1565,.F.);
#4374 = PLANE('',#4375);
#4375 = AXIS2_PLACEMENT_3D('',#4376,#4377,#4378);
#4376 = CARTESIAN_POINT('',(98.395431253778,-81.84206009358,0.));
#4377 = DIRECTION('',(-0.984891824284,0.173170709006,0.));
#4378 = DIRECTION('',(0.173170709006,0.984891824284,0.));
#4379 = ADVANCED_FACE('',(#4380),#4391,.F.);
#4380 = FACE_BOUND('',#4381,.F.);
#4381 = EDGE_LOOP('',(#4382,#4388,#4389,#4390));
#4382 = ORIENTED_EDGE('',*,*,#4383,.T.);
#4383 = EDGE_CURVE('',#1574,#1785,#4384,.T.);
#4384 = LINE('',#4385,#4386);
#4385 = CARTESIAN_POINT('',(98.199536465503,-82.89050126281,0.));
#4386 = VECTOR('',#4387,1.);
#4387 = DIRECTION('',(0.,0.,1.));
#4388 = ORIENTED_EDGE('',*,*,#1792,.T.);
#4389 = ORIENTED_EDGE('',*,*,#4366,.F.);
#4390 = ORIENTED_EDGE('',*,*,#1573,.F.);
#4391 = PLANE('',#4392);
#4392 = AXIS2_PLACEMENT_3D('',#4393,#4394,#4395);
#4393 = CARTESIAN_POINT('',(98.199536465503,-82.89050126281,0.));
#4394 = DIRECTION('',(-0.982988816842,0.183665418531,0.));
#4395 = DIRECTION('',(0.183665418531,0.982988816842,0.));
#4396 = ADVANCED_FACE('',(#4397),#4408,.F.);
#4397 = FACE_BOUND('',#4398,.F.);
#4398 = EDGE_LOOP('',(#4399,#4405,#4406,#4407));
#4399 = ORIENTED_EDGE('',*,*,#4400,.T.);
#4400 = EDGE_CURVE('',#1582,#1777,#4401,.T.);
#4401 = LINE('',#4402,#4403);
#4402 = CARTESIAN_POINT('',(97.992470462083,-83.93679344172,0.));
#4403 = VECTOR('',#4404,1.);
#4404 = DIRECTION('',(0.,0.,1.));
#4405 = ORIENTED_EDGE('',*,*,#1784,.T.);
#4406 = ORIENTED_EDGE('',*,*,#4383,.F.);
#4407 = ORIENTED_EDGE('',*,*,#1581,.F.);
#4408 = PLANE('',#4409);
#4409 = AXIS2_PLACEMENT_3D('',#4410,#4411,#4412);
#4410 = CARTESIAN_POINT('',(97.992470462083,-83.93679344172,0.));
#4411 = DIRECTION('',(-0.980973984232,0.194139234211,0.));
#4412 = DIRECTION('',(0.194139234211,0.980973984232,0.));
#4413 = ADVANCED_FACE('',(#4414),#4425,.F.);
#4414 = FACE_BOUND('',#4415,.F.);
#4415 = EDGE_LOOP('',(#4416,#4422,#4423,#4424));
#4416 = ORIENTED_EDGE('',*,*,#4417,.T.);
#4417 = EDGE_CURVE('',#1590,#1769,#4418,.T.);
#4418 = LINE('',#4419,#4420);
#4419 = CARTESIAN_POINT('',(97.774256799423,-84.98081760372,0.));
#4420 = VECTOR('',#4421,1.);
#4421 = DIRECTION('',(0.,0.,1.));
#4422 = ORIENTED_EDGE('',*,*,#1776,.T.);
#4423 = ORIENTED_EDGE('',*,*,#4400,.F.);
#4424 = ORIENTED_EDGE('',*,*,#1589,.F.);
#4425 = PLANE('',#4426);
#4426 = AXIS2_PLACEMENT_3D('',#4427,#4428,#4429);
#4427 = CARTESIAN_POINT('',(97.774256799423,-84.98081760372,0.));
#4428 = DIRECTION('',(-0.978847555663,0.204590964541,0.));
#4429 = DIRECTION('',(0.204590964541,0.978847555663,0.));
#4430 = ADVANCED_FACE('',(#4431),#4442,.F.);
#4431 = FACE_BOUND('',#4432,.F.);
#4432 = EDGE_LOOP('',(#4433,#4439,#4440,#4441));
#4433 = ORIENTED_EDGE('',*,*,#4434,.T.);
#4434 = EDGE_CURVE('',#1598,#1761,#4435,.T.);
#4435 = LINE('',#4436,#4437);
#4436 = CARTESIAN_POINT('',(97.544920301588,-86.02245498024,0.));
#4437 = VECTOR('',#4438,1.);
#4438 = DIRECTION('',(0.,0.,1.));
#4439 = ORIENTED_EDGE('',*,*,#1768,.T.);
#4440 = ORIENTED_EDGE('',*,*,#4417,.F.);
#4441 = ORIENTED_EDGE('',*,*,#1597,.F.);
#4442 = PLANE('',#4443);
#4443 = AXIS2_PLACEMENT_3D('',#4444,#4445,#4446);
#4444 = CARTESIAN_POINT('',(97.544920301588,-86.02245498024,0.));
#4445 = DIRECTION('',(-0.976609773039,0.215019420528,0.));
#4446 = DIRECTION('',(0.215019420528,0.976609773039,0.));
#4447 = ADVANCED_FACE('',(#4448),#4459,.F.);
#4448 = FACE_BOUND('',#4449,.F.);
#4449 = EDGE_LOOP('',(#4450,#4456,#4457,#4458));
#4450 = ORIENTED_EDGE('',*,*,#4451,.T.);
#4451 = EDGE_CURVE('',#1606,#1753,#4452,.T.);
#4452 = LINE('',#4453,#4454);
#4453 = CARTESIAN_POINT('',(97.304487057982,-87.06158707424,0.));
#4454 = VECTOR('',#4455,1.);
#4455 = DIRECTION('',(0.,0.,1.));
#4456 = ORIENTED_EDGE('',*,*,#1760,.T.);
#4457 = ORIENTED_EDGE('',*,*,#4434,.F.);
#4458 = ORIENTED_EDGE('',*,*,#1605,.F.);
#4459 = PLANE('',#4460);
#4460 = AXIS2_PLACEMENT_3D('',#4461,#4462,#4463);
#4461 = CARTESIAN_POINT('',(97.304487057982,-87.06158707424,0.));
#4462 = DIRECTION('',(-0.974260890931,0.225423415826,0.));
#4463 = DIRECTION('',(0.225423415826,0.974260890931,0.));
#4464 = ADVANCED_FACE('',(#4465),#4476,.F.);
#4465 = FACE_BOUND('',#4466,.F.);
#4466 = EDGE_LOOP('',(#4467,#4473,#4474,#4475));
#4467 = ORIENTED_EDGE('',*,*,#4468,.T.);
#4468 = EDGE_CURVE('',#1614,#1745,#4469,.T.);
#4469 = LINE('',#4470,#4471);
#4470 = CARTESIAN_POINT('',(97.05298442038,-88.09809567367,0.));
#4471 = VECTOR('',#4472,1.);
#4472 = DIRECTION('',(0.,0.,1.));
#4473 = ORIENTED_EDGE('',*,*,#1752,.T.);
#4474 = ORIENTED_EDGE('',*,*,#4451,.F.);
#4475 = ORIENTED_EDGE('',*,*,#1613,.F.);
#4476 = PLANE('',#4477);
#4477 = AXIS2_PLACEMENT_3D('',#4478,#4479,#4480);
#4478 = CARTESIAN_POINT('',(97.05298442038,-88.09809567367,0.));
#4479 = DIRECTION('',(-0.971801176547,0.235801766875,0.));
#4480 = DIRECTION('',(0.235801766875,0.971801176547,0.));
#4481 = ADVANCED_FACE('',(#4482),#4493,.F.);
#4482 = FACE_BOUND('',#4483,.F.);
#4483 = EDGE_LOOP('',(#4484,#4490,#4491,#4492));
#4484 = ORIENTED_EDGE('',*,*,#4485,.T.);
#4485 = EDGE_CURVE('',#1622,#1737,#4486,.T.);
#4486 = LINE('',#4487,#4488);
#4487 = CARTESIAN_POINT('',(96.790440999812,-89.13186286493,0.));
#4488 = VECTOR('',#4489,1.);
#4489 = DIRECTION('',(0.,0.,1.));
#4490 = ORIENTED_EDGE('',*,*,#1744,.T.);
#4491 = ORIENTED_EDGE('',*,*,#4468,.F.);
#4492 = ORIENTED_EDGE('',*,*,#1621,.F.);
#4493 = PLANE('',#4494);
#4494 = AXIS2_PLACEMENT_3D('',#4495,#4496,#4497);
#4495 = CARTESIAN_POINT('',(96.790440999812,-89.13186286493,0.));
#4496 = DIRECTION('',(-0.969230909707,0.246153293029,0.));
#4497 = DIRECTION('',(0.246153293029,0.969230909707,0.));
#4498 = ADVANCED_FACE('',(#4499),#4510,.F.);
#4499 = FACE_BOUND('',#4500,.F.);
#4500 = EDGE_LOOP('',(#4501,#4507,#4508,#4509));
#4501 = ORIENTED_EDGE('',*,*,#4502,.T.);
#4502 = EDGE_CURVE('',#1630,#1729,#4503,.T.);
#4503 = LINE('',#4504,#4505);
#4504 = CARTESIAN_POINT('',(96.516886663315,-90.16277104629,0.));
#4505 = VECTOR('',#4506,1.);
#4506 = DIRECTION('',(0.,0.,1.));
#4507 = ORIENTED_EDGE('',*,*,#1736,.T.);
#4508 = ORIENTED_EDGE('',*,*,#4485,.F.);
#4509 = ORIENTED_EDGE('',*,*,#1629,.F.);
#4510 = PLANE('',#4511);
#4511 = AXIS2_PLACEMENT_3D('',#4512,#4513,#4514);
#4512 = CARTESIAN_POINT('',(96.516886663315,-90.16277104629,0.));
#4513 = DIRECTION('',(-0.966550382804,0.256476816694,0.));
#4514 = DIRECTION('',(0.256476816694,0.966550382804,0.));
#4515 = ADVANCED_FACE('',(#4516),#4527,.F.);
#4516 = FACE_BOUND('',#4517,.F.);
#4517 = EDGE_LOOP('',(#4518,#4524,#4525,#4526));
#4518 = ORIENTED_EDGE('',*,*,#4519,.T.);
#4519 = EDGE_CURVE('',#1638,#1721,#4520,.T.);
#4520 = LINE('',#4521,#4522);
#4521 = CARTESIAN_POINT('',(96.232352530529,-91.19070294126,0.));
#4522 = VECTOR('',#4523,1.);
#4523 = DIRECTION('',(0.,0.,1.));
#4524 = ORIENTED_EDGE('',*,*,#1728,.T.);
#4525 = ORIENTED_EDGE('',*,*,#4502,.F.);
#4526 = ORIENTED_EDGE('',*,*,#1637,.F.);
#4527 = PLANE('',#4528);
#4528 = AXIS2_PLACEMENT_3D('',#4529,#4530,#4531);
#4529 = CARTESIAN_POINT('',(96.232352530529,-91.19070294126,0.));
#4530 = DIRECTION('',(-0.963759900776,0.266771163463,0.));
#4531 = DIRECTION('',(0.266771163463,0.963759900776,0.));
#4532 = ADVANCED_FACE('',(#4533),#4544,.F.);
#4533 = FACE_BOUND('',#4534,.F.);
#4534 = EDGE_LOOP('',(#4535,#4541,#4542,#4543));
#4535 = ORIENTED_EDGE('',*,*,#4536,.T.);
#4536 = EDGE_CURVE('',#1646,#1713,#4537,.T.);
#4537 = LINE('',#4538,#4539);
#4538 = CARTESIAN_POINT('',(95.936870970162,-92.21554161192,0.));
#4539 = VECTOR('',#4540,1.);
#4540 = DIRECTION('',(0.,0.,1.));
#4541 = ORIENTED_EDGE('',*,*,#1720,.T.);
#4542 = ORIENTED_EDGE('',*,*,#4519,.F.);
#4543 = ORIENTED_EDGE('',*,*,#1645,.F.);
#4544 = PLANE('',#4545);
#4545 = AXIS2_PLACEMENT_3D('',#4546,#4547,#4548);
#4546 = CARTESIAN_POINT('',(95.936870970162,-92.21554161192,0.));
#4547 = DIRECTION('',(-0.960859781071,0.277035162247,0.));
#4548 = DIRECTION('',(0.277035162247,0.960859781071,0.));
#4549 = ADVANCED_FACE('',(#4550),#4556,.F.);
#4550 = FACE_BOUND('',#4551,.F.);
#4551 = EDGE_LOOP('',(#4552,#4553,#4554,#4555));
#4552 = ORIENTED_EDGE('',*,*,#1696,.T.);
#4553 = ORIENTED_EDGE('',*,*,#1712,.T.);
#4554 = ORIENTED_EDGE('',*,*,#4536,.F.);
#4555 = ORIENTED_EDGE('',*,*,#1653,.F.);
#4556 = PLANE('',#4557);
#4557 = AXIS2_PLACEMENT_3D('',#4558,#4559,#4560);
#4558 = CARTESIAN_POINT('',(95.630475596304,-93.23717047227,0.));
#4559 = DIRECTION('',(-0.957850353605,0.287267645409,0.));
#4560 = DIRECTION('',(0.287267645409,0.957850353605,0.));
#4561 = ADVANCED_FACE('',(#4562),#4573,.F.);
#4562 = FACE_BOUND('',#4563,.F.);
#4563 = EDGE_LOOP('',(#4564,#4565,#4571,#4572));
#4564 = ORIENTED_EDGE('',*,*,#2826,.F.);
#4565 = ORIENTED_EDGE('',*,*,#4566,.F.);
#4566 = EDGE_CURVE('',#1670,#2827,#4567,.T.);
#4567 = LINE('',#4568,#4569);
#4568 = CARTESIAN_POINT('',(15.3,-64.,-1.));
#4569 = VECTOR('',#4570,1.);
#4570 = DIRECTION('',(0.,0.,1.));
#4571 = ORIENTED_EDGE('',*,*,#1669,.T.);
#4572 = ORIENTED_EDGE('',*,*,#4566,.T.);
#4573 = CYLINDRICAL_SURFACE('',#4574,15.3);
#4574 = AXIS2_PLACEMENT_3D('',#4575,#4576,#4577);
#4575 = CARTESIAN_POINT('',(0.,-64.,-1.));
#4576 = DIRECTION('',(0.,0.,1.));
#4577 = DIRECTION('',(1.,0.,0.));
#4578 = ADVANCED_FACE('',(#4579),#4613,.T.);
#4579 = FACE_BOUND('',#4580,.T.);
#4580 = EDGE_LOOP('',(#4581,#4589,#4590,#4591,#4599,#4607));
#4581 = ORIENTED_EDGE('',*,*,#4582,.F.);
#4582 = EDGE_CURVE('',#2249,#4583,#4585,.T.);
#4583 = VERTEX_POINT('',#4584);
#4584 = CARTESIAN_POINT('',(94.912713157644,-37.0820342326,8.));
#4585 = LINE('',#4586,#4587);
#4586 = CARTESIAN_POINT('',(94.912713157644,-37.0820342326,5.8));
#4587 = VECTOR('',#4588,1.);
#4588 = DIRECTION('',(0.,0.,1.));
#4589 = ORIENTED_EDGE('',*,*,#2248,.F.);
#4590 = ORIENTED_EDGE('',*,*,#2294,.T.);
#4591 = ORIENTED_EDGE('',*,*,#4592,.T.);
#4592 = EDGE_CURVE('',#2295,#4593,#4595,.T.);
#4593 = VERTEX_POINT('',#4594);
#4594 = CARTESIAN_POINT('',(78.936038485303,-4.821441144222,5.8));
#4595 = LINE('',#4596,#4597);
#4596 = CARTESIAN_POINT('',(94.912713157644,-37.0820342326,5.8));
#4597 = VECTOR('',#4598,1.);
#4598 = DIRECTION('',(-0.443796518676,0.896127585788,0.));
#4599 = ORIENTED_EDGE('',*,*,#4600,.T.);
#4600 = EDGE_CURVE('',#4593,#4601,#4603,.T.);
#4601 = VERTEX_POINT('',#4602);
#4602 = CARTESIAN_POINT('',(78.936038485303,-4.821441144222,8.));
#4603 = LINE('',#4604,#4605);
#4604 = CARTESIAN_POINT('',(78.936038485303,-4.821441144222,5.8));
#4605 = VECTOR('',#4606,1.);
#4606 = DIRECTION('',(0.,0.,1.));
#4607 = ORIENTED_EDGE('',*,*,#4608,.F.);
#4608 = EDGE_CURVE('',#4583,#4601,#4609,.T.);
#4609 = LINE('',#4610,#4611);
#4610 = CARTESIAN_POINT('',(94.912713157644,-37.0820342326,8.));
#4611 = VECTOR('',#4612,1.);
#4612 = DIRECTION('',(-0.443796518676,0.896127585788,0.));
#4613 = PLANE('',#4614);
#4614 = AXIS2_PLACEMENT_3D('',#4615,#4616,#4617);
#4615 = CARTESIAN_POINT('',(94.912713157644,-37.0820342326,5.8));
#4616 = DIRECTION('',(0.896127585788,0.443796518676,0.));
#4617 = DIRECTION('',(0.,0.,1.));
#4618 = ADVANCED_FACE('',(#4619),#4637,.F.);
#4619 = FACE_BOUND('',#4620,.F.);
#4620 = EDGE_LOOP('',(#4621,#4622,#4623,#4629,#4630,#4631));
#4621 = ORIENTED_EDGE('',*,*,#4582,.F.);
#4622 = ORIENTED_EDGE('',*,*,#2256,.F.);
#4623 = ORIENTED_EDGE('',*,*,#4624,.T.);
#4624 = EDGE_CURVE('',#2257,#2446,#4625,.T.);
#4625 = LINE('',#4626,#4627);
#4626 = CARTESIAN_POINT('',(82.366926956607,-43.29518549407,5.8));
#4627 = VECTOR('',#4628,1.);
#4628 = DIRECTION('',(0.,0.,1.));
#4629 = ORIENTED_EDGE('',*,*,#2445,.F.);
#4630 = ORIENTED_EDGE('',*,*,#2503,.T.);
#4631 = ORIENTED_EDGE('',*,*,#4632,.T.);
#4632 = EDGE_CURVE('',#2504,#4583,#4633,.T.);
#4633 = LINE('',#4634,#4635);
#4634 = CARTESIAN_POINT('',(82.366926956607,-43.29518549407,8.));
#4635 = VECTOR('',#4636,1.);
#4636 = DIRECTION('',(0.896127585788,0.443796518676,0.));
#4637 = PLANE('',#4638);
#4638 = AXIS2_PLACEMENT_3D('',#4639,#4640,#4641);
#4639 = CARTESIAN_POINT('',(82.366926956607,-43.29518549407,5.8));
#4640 = DIRECTION('',(-0.443796518676,0.896127585788,0.));
#4641 = DIRECTION('',(0.,0.,1.));
#4642 = ADVANCED_FACE('',(#4643),#4663,.F.);
#4643 = FACE_BOUND('',#4644,.F.);
#4644 = EDGE_LOOP('',(#4645,#4646,#4647,#4648,#4656,#4662));
#4645 = ORIENTED_EDGE('',*,*,#4624,.F.);
#4646 = ORIENTED_EDGE('',*,*,#2264,.F.);
#4647 = ORIENTED_EDGE('',*,*,#2310,.T.);
#4648 = ORIENTED_EDGE('',*,*,#4649,.T.);
#4649 = EDGE_CURVE('',#2303,#4650,#4652,.T.);
#4650 = VERTEX_POINT('',#4651);
#4651 = CARTESIAN_POINT('',(66.390252284265,-11.03459240568,5.8));
#4652 = LINE('',#4653,#4654);
#4653 = CARTESIAN_POINT('',(82.366926956607,-43.29518549407,5.8));
#4654 = VECTOR('',#4655,1.);
#4655 = DIRECTION('',(-0.443796518676,0.896127585788,0.));
#4656 = ORIENTED_EDGE('',*,*,#4657,.T.);
#4657 = EDGE_CURVE('',#4650,#2454,#4658,.T.);
#4658 = LINE('',#4659,#4660);
#4659 = CARTESIAN_POINT('',(66.390252284265,-11.03459240568,5.8));
#4660 = VECTOR('',#4661,1.);
#4661 = DIRECTION('',(0.,0.,1.));
#4662 = ORIENTED_EDGE('',*,*,#2453,.F.);
#4663 = PLANE('',#4664);
#4664 = AXIS2_PLACEMENT_3D('',#4665,#4666,#4667);
#4665 = CARTESIAN_POINT('',(82.366926956607,-43.29518549407,5.8));
#4666 = DIRECTION('',(0.896127585788,0.443796518676,0.));
#4667 = DIRECTION('',(0.,0.,1.));
#4668 = ADVANCED_FACE('',(#4669),#4680,.F.);
#4669 = FACE_BOUND('',#4670,.F.);
#4670 = EDGE_LOOP('',(#4671,#4672,#4673,#4674));
#4671 = ORIENTED_EDGE('',*,*,#4649,.F.);
#4672 = ORIENTED_EDGE('',*,*,#2302,.T.);
#4673 = ORIENTED_EDGE('',*,*,#4592,.T.);
#4674 = ORIENTED_EDGE('',*,*,#4675,.F.);
#4675 = EDGE_CURVE('',#4650,#4593,#4676,.T.);
#4676 = LINE('',#4677,#4678);
#4677 = CARTESIAN_POINT('',(66.390252284265,-11.03459240568,5.8));
#4678 = VECTOR('',#4679,1.);
#4679 = DIRECTION('',(0.896127585788,0.443796518676,0.));
#4680 = PLANE('',#4681);
#4681 = AXIS2_PLACEMENT_3D('',#4682,#4683,#4684);
#4682 = CARTESIAN_POINT('',(82.366926956607,-43.29518549407,5.8));
#4683 = DIRECTION('',(0.,0.,1.));
#4684 = DIRECTION('',(0.896127585788,0.443796518676,0.));
#4685 = ADVANCED_FACE('',(#4686),#4711,.F.);
#4686 = FACE_BOUND('',#4687,.F.);
#4687 = EDGE_LOOP('',(#4688,#4698,#4704,#4705));
#4688 = ORIENTED_EDGE('',*,*,#4689,.F.);
#4689 = EDGE_CURVE('',#4690,#4692,#4694,.T.);
#4690 = VERTEX_POINT('',#4691);
#4691 = CARTESIAN_POINT('',(46.015724802812,-29.60576980259,9.));
#4692 = VERTEX_POINT('',#4693);
#4693 = CARTESIAN_POINT('',(52.288617903331,-26.49919417186,9.));
#4694 = LINE('',#4695,#4696);
#4695 = CARTESIAN_POINT('',(36.203127738429,-34.4653416821,9.));
#4696 = VECTOR('',#4697,1.);
#4697 = DIRECTION('',(0.896127585788,0.443796518676,0.));
#4698 = ORIENTED_EDGE('',*,*,#4699,.T.);
#4699 = EDGE_CURVE('',#4690,#2389,#4700,.T.);
#4700 = LINE('',#4701,#4702);
#4701 = CARTESIAN_POINT('',(60.838528526596,-59.53643116793,9.));
#4702 = VECTOR('',#4703,1.);
#4703 = DIRECTION('',(-0.443796518676,0.896127585788,0.));
#4704 = ORIENTED_EDGE('',*,*,#2386,.F.);
#4705 = ORIENTED_EDGE('',*,*,#4706,.F.);
#4706 = EDGE_CURVE('',#4692,#2387,#4707,.T.);
#4707 = LINE('',#4708,#4709);
#4708 = CARTESIAN_POINT('',(67.111421627114,-56.42985553719,9.));
#4709 = VECTOR('',#4710,1.);
#4710 = DIRECTION('',(-0.443796518676,0.896127585788,0.));
#4711 = PLANE('',#4712);
#4712 = AXIS2_PLACEMENT_3D('',#4713,#4714,#4715);
#4713 = CARTESIAN_POINT('',(60.838528526596,-59.53643116793,9.));
#4714 = DIRECTION('',(0.,0.,-1.));
#4715 = DIRECTION('',(0.896127585788,0.443796518676,0.));
#4716 = ADVANCED_FACE('',(#4717),#4735,.F.);
#4717 = FACE_BOUND('',#4718,.F.);
#4718 = EDGE_LOOP('',(#4719,#4727,#4728,#4729));
#4719 = ORIENTED_EDGE('',*,*,#4720,.F.);
#4720 = EDGE_CURVE('',#4692,#4721,#4723,.T.);
#4721 = VERTEX_POINT('',#4722);
#4722 = CARTESIAN_POINT('',(52.288617903331,-26.49919417186,13.));
#4723 = LINE('',#4724,#4725);
#4724 = CARTESIAN_POINT('',(52.288617903331,-26.49919417186,8.6));
#4725 = VECTOR('',#4726,1.);
#4726 = DIRECTION('',(0.,0.,1.));
#4727 = ORIENTED_EDGE('',*,*,#4706,.T.);
#4728 = ORIENTED_EDGE('',*,*,#2396,.F.);
#4729 = ORIENTED_EDGE('',*,*,#4730,.F.);
#4730 = EDGE_CURVE('',#4721,#2397,#4731,.T.);
#4731 = LINE('',#4732,#4733);
#4732 = CARTESIAN_POINT('',(67.111421627114,-56.42985553719,13.));
#4733 = VECTOR('',#4734,1.);
#4734 = DIRECTION('',(-0.443796518676,0.896127585788,0.));
#4735 = PLANE('',#4736);
#4736 = AXIS2_PLACEMENT_3D('',#4737,#4738,#4739);
#4737 = CARTESIAN_POINT('',(67.111421627114,-56.42985553719,9.));
#4738 = DIRECTION('',(0.896127585788,0.443796518676,0.));
#4739 = DIRECTION('',(0.,0.,1.));
#4740 = ADVANCED_FACE('',(#4741),#4767,.F.);
#4741 = FACE_BOUND('',#4742,.F.);
#4742 = EDGE_LOOP('',(#4743,#4751,#4752,#4753,#4761));
#4743 = ORIENTED_EDGE('',*,*,#4744,.F.);
#4744 = EDGE_CURVE('',#4721,#4745,#4747,.T.);
#4745 = VERTEX_POINT('',#4746);
#4746 = CARTESIAN_POINT('',(51.930166869015,-26.67671277933,13.4));
#4747 = LINE('',#4748,#4749);
#4748 = CARTESIAN_POINT('',(46.889449198956,-29.17306819688,19.025));
#4749 = VECTOR('',#4750,1.);
#4750 = DIRECTION('',(-0.633657892719,-0.313811527823,0.707106781187));
#4751 = ORIENTED_EDGE('',*,*,#4730,.T.);
#4752 = ORIENTED_EDGE('',*,*,#2404,.F.);
#4753 = ORIENTED_EDGE('',*,*,#4754,.F.);
#4754 = EDGE_CURVE('',#4755,#2405,#4757,.T.);
#4755 = VERTEX_POINT('',#4756);
#4756 = CARTESIAN_POINT('',(50.582971329283,-30.94159732381,16.5));
#4757 = LINE('',#4758,#4759);
#4758 = CARTESIAN_POINT('',(63.974975076855,-57.98314335256,16.5));
#4759 = VECTOR('',#4760,1.);
#4760 = DIRECTION('',(-0.443796518676,0.896127585788,0.));
#4761 = ORIENTED_EDGE('',*,*,#4762,.F.);
#4762 = EDGE_CURVE('',#4745,#4755,#4763,.T.);
#4763 = LINE('',#4764,#4765);
#4764 = CARTESIAN_POINT('',(47.527683203287,-40.6138763087,
    23.530451713396));
#4765 = VECTOR('',#4766,1.);
#4766 = DIRECTION('',(-0.247560191374,-0.78371372446,0.569654939187));
#4767 = PLANE('',#4768);
#4768 = AXIS2_PLACEMENT_3D('',#4769,#4770,#4771);
#4769 = CARTESIAN_POINT('',(67.111421627114,-56.42985553719,13.));
#4770 = DIRECTION('',(0.633657892719,0.313811527823,0.707106781187));
#4771 = DIRECTION('',(-0.633657892719,-0.313811527823,0.707106781186));
#4772 = ADVANCED_FACE('',(#4773),#4799,.F.);
#4773 = FACE_BOUND('',#4774,.F.);
#4774 = EDGE_LOOP('',(#4775,#4783,#4784,#4785,#4793));
#4775 = ORIENTED_EDGE('',*,*,#4776,.F.);
#4776 = EDGE_CURVE('',#4755,#4777,#4779,.T.);
#4777 = VERTEX_POINT('',#4778);
#4778 = CARTESIAN_POINT('',(46.374175837127,-29.42825119512,13.4));
#4779 = LINE('',#4780,#4781);
#4780 = CARTESIAN_POINT('',(50.479453823836,-30.9043757918,
    16.423753894081));
#4781 = VECTOR('',#4782,1.);
#4782 = DIRECTION('',(-0.773406819399,0.278091966744,-0.569654939187));
#4783 = ORIENTED_EDGE('',*,*,#4754,.T.);
#4784 = ORIENTED_EDGE('',*,*,#2412,.F.);
#4785 = ORIENTED_EDGE('',*,*,#4786,.F.);
#4786 = EDGE_CURVE('',#4787,#2413,#4789,.T.);
#4787 = VERTEX_POINT('',#4788);
#4788 = CARTESIAN_POINT('',(46.015724802812,-29.60576980259,13.));
#4789 = LINE('',#4790,#4791);
#4790 = CARTESIAN_POINT('',(60.838528526596,-59.53643116793,13.));
#4791 = VECTOR('',#4792,1.);
#4792 = DIRECTION('',(-0.443796518676,0.896127585788,0.));
#4793 = ORIENTED_EDGE('',*,*,#4794,.F.);
#4794 = EDGE_CURVE('',#4777,#4787,#4795,.T.);
#4795 = LINE('',#4796,#4797);
#4796 = CARTESIAN_POINT('',(41.602296442804,-31.79146765707,8.075));
#4797 = VECTOR('',#4798,1.);
#4798 = DIRECTION('',(-0.633657892719,-0.313811527823,-0.707106781187));
#4799 = PLANE('',#4800);
#4800 = AXIS2_PLACEMENT_3D('',#4801,#4802,#4803);
#4801 = CARTESIAN_POINT('',(63.974975076855,-57.98314335256,16.5));
#4802 = DIRECTION('',(-0.633657892719,-0.313811527823,0.707106781187));
#4803 = DIRECTION('',(-0.633657892719,-0.313811527823,-0.707106781186));
#4804 = ADVANCED_FACE('',(#4805),#4816,.F.);
#4805 = FACE_BOUND('',#4806,.F.);
#4806 = EDGE_LOOP('',(#4807,#4813,#4814,#4815));
#4807 = ORIENTED_EDGE('',*,*,#4808,.F.);
#4808 = EDGE_CURVE('',#4787,#4690,#4809,.T.);
#4809 = LINE('',#4810,#4811);
#4810 = CARTESIAN_POINT('',(46.015724802812,-29.60576980259,10.6));
#4811 = VECTOR('',#4812,1.);
#4812 = DIRECTION('',(0.,0.,-1.));
#4813 = ORIENTED_EDGE('',*,*,#4786,.T.);
#4814 = ORIENTED_EDGE('',*,*,#2420,.F.);
#4815 = ORIENTED_EDGE('',*,*,#4699,.F.);
#4816 = PLANE('',#4817);
#4817 = AXIS2_PLACEMENT_3D('',#4818,#4819,#4820);
#4818 = CARTESIAN_POINT('',(60.838528526596,-59.53643116793,13.));
#4819 = DIRECTION('',(-0.896127585788,-0.443796518676,0.));
#4820 = DIRECTION('',(0.,0.,-1.));
#4821 = ADVANCED_FACE('',(#4822),#4835,.T.);
#4822 = FACE_BOUND('',#4823,.T.);
#4823 = EDGE_LOOP('',(#4824,#4825,#4826,#4827,#4828,#4829));
#4824 = ORIENTED_EDGE('',*,*,#4600,.F.);
#4825 = ORIENTED_EDGE('',*,*,#4675,.F.);
#4826 = ORIENTED_EDGE('',*,*,#4657,.T.);
#4827 = ORIENTED_EDGE('',*,*,#2461,.F.);
#4828 = ORIENTED_EDGE('',*,*,#2519,.T.);
#4829 = ORIENTED_EDGE('',*,*,#4830,.T.);
#4830 = EDGE_CURVE('',#2512,#4601,#4831,.T.);
#4831 = LINE('',#4832,#4833);
#4832 = CARTESIAN_POINT('',(66.390252284265,-11.03459240568,8.));
#4833 = VECTOR('',#4834,1.);
#4834 = DIRECTION('',(0.896127585788,0.443796518676,0.));
#4835 = PLANE('',#4836);
#4836 = AXIS2_PLACEMENT_3D('',#4837,#4838,#4839);
#4837 = CARTESIAN_POINT('',(66.390252284265,-11.03459240568,5.8));
#4838 = DIRECTION('',(-0.443796518676,0.896127585788,0.));
#4839 = DIRECTION('',(0.,0.,1.));
#4840 = ADVANCED_FACE('',(#4841),#4847,.T.);
#4841 = FACE_BOUND('',#4842,.T.);
#4842 = EDGE_LOOP('',(#4843,#4844,#4845,#4846));
#4843 = ORIENTED_EDGE('',*,*,#4830,.F.);
#4844 = ORIENTED_EDGE('',*,*,#2511,.T.);
#4845 = ORIENTED_EDGE('',*,*,#4632,.T.);
#4846 = ORIENTED_EDGE('',*,*,#4608,.T.);
#4847 = PLANE('',#4848);
#4848 = AXIS2_PLACEMENT_3D('',#4849,#4850,#4851);
#4849 = CARTESIAN_POINT('',(82.366926956607,-43.29518549407,8.));
#4850 = DIRECTION('',(0.,0.,1.));
#4851 = DIRECTION('',(0.896127585788,0.443796518676,0.));
#4852 = ADVANCED_FACE('',(#4853),#4889,.T.);
#4853 = FACE_BOUND('',#4854,.T.);
#4854 = EDGE_LOOP('',(#4855,#4865,#4871,#4872,#4878,#4879,#4880,#4881,
    #4882,#4883));
#4855 = ORIENTED_EDGE('',*,*,#4856,.F.);
#4856 = EDGE_CURVE('',#4857,#4859,#4861,.T.);
#4857 = VERTEX_POINT('',#4858);
#4858 = CARTESIAN_POINT('',(26.390530674046,-39.3249135616,8.2));
#4859 = VERTEX_POINT('',#4860);
#4860 = CARTESIAN_POINT('',(26.390530674046,-39.3249135616,13.4));
#4861 = LINE('',#4862,#4863);
#4862 = CARTESIAN_POINT('',(26.390530674046,-39.3249135616,8.2));
#4863 = VECTOR('',#4864,1.);
#4864 = DIRECTION('',(0.,0.,1.));
#4865 = ORIENTED_EDGE('',*,*,#4866,.T.);
#4866 = EDGE_CURVE('',#4857,#2532,#4867,.T.);
#4867 = LINE('',#4868,#4869);
#4868 = CARTESIAN_POINT('',(26.390530674046,-39.3249135616,8.2));
#4869 = VECTOR('',#4870,1.);
#4870 = DIRECTION('',(0.896127585788,0.443796518676,0.));
#4871 = ORIENTED_EDGE('',*,*,#2529,.F.);
#4872 = ORIENTED_EDGE('',*,*,#4873,.F.);
#4873 = EDGE_CURVE('',#4745,#2530,#4874,.T.);
#4874 = LINE('',#4875,#4876);
#4875 = CARTESIAN_POINT('',(26.390530674046,-39.3249135616,13.4));
#4876 = VECTOR('',#4877,1.);
#4877 = DIRECTION('',(0.896127585788,0.443796518676,0.));
#4878 = ORIENTED_EDGE('',*,*,#4744,.F.);
#4879 = ORIENTED_EDGE('',*,*,#4720,.F.);
#4880 = ORIENTED_EDGE('',*,*,#4689,.F.);
#4881 = ORIENTED_EDGE('',*,*,#4808,.F.);
#4882 = ORIENTED_EDGE('',*,*,#4794,.F.);
#4883 = ORIENTED_EDGE('',*,*,#4884,.F.);
#4884 = EDGE_CURVE('',#4859,#4777,#4885,.T.);
#4885 = LINE('',#4886,#4887);
#4886 = CARTESIAN_POINT('',(26.390530674046,-39.3249135616,13.4));
#4887 = VECTOR('',#4888,1.);
#4888 = DIRECTION('',(0.896127585788,0.443796518676,0.));
#4889 = PLANE('',#4890);
#4890 = AXIS2_PLACEMENT_3D('',#4891,#4892,#4893);
#4891 = CARTESIAN_POINT('',(26.390530674046,-39.3249135616,8.2));
#4892 = DIRECTION('',(0.443796518676,-0.896127585788,0.));
#4893 = DIRECTION('',(0.,0.,1.));
#4894 = ADVANCED_FACE('',(#4895),#4913,.T.);
#4895 = FACE_BOUND('',#4896,.T.);
#4896 = EDGE_LOOP('',(#4897,#4905,#4911,#4912));
#4897 = ORIENTED_EDGE('',*,*,#4898,.F.);
#4898 = EDGE_CURVE('',#4899,#4857,#4901,.T.);
#4899 = VERTEX_POINT('',#4900);
#4900 = CARTESIAN_POINT('',(35.62149826251,-57.964367346,8.2));
#4901 = LINE('',#4902,#4903);
#4902 = CARTESIAN_POINT('',(35.62149826251,-57.964367346,8.2));
#4903 = VECTOR('',#4904,1.);
#4904 = DIRECTION('',(-0.443796518676,0.896127585788,0.));
#4905 = ORIENTED_EDGE('',*,*,#4906,.T.);
#4906 = EDGE_CURVE('',#4899,#2540,#4907,.T.);
#4907 = LINE('',#4908,#4909);
#4908 = CARTESIAN_POINT('',(35.62149826251,-57.964367346,8.2));
#4909 = VECTOR('',#4910,1.);
#4910 = DIRECTION('',(0.896127585788,0.443796518676,0.));
#4911 = ORIENTED_EDGE('',*,*,#2539,.F.);
#4912 = ORIENTED_EDGE('',*,*,#4866,.F.);
#4913 = PLANE('',#4914);
#4914 = AXIS2_PLACEMENT_3D('',#4915,#4916,#4917);
#4915 = CARTESIAN_POINT('',(35.62149826251,-57.964367346,8.2));
#4916 = DIRECTION('',(0.,0.,1.));
#4917 = DIRECTION('',(-0.443796518676,0.896127585788,0.));
#4918 = ADVANCED_FACE('',(#4919),#4948,.T.);
#4919 = FACE_BOUND('',#4920,.T.);
#4920 = EDGE_LOOP('',(#4921,#4929,#4935,#4936,#4937,#4938,#4939,#4940,
    #4946,#4947));
#4921 = ORIENTED_EDGE('',*,*,#4922,.F.);
#4922 = EDGE_CURVE('',#4923,#4899,#4925,.T.);
#4923 = VERTEX_POINT('',#4924);
#4924 = CARTESIAN_POINT('',(35.62149826251,-57.964367346,13.4));
#4925 = LINE('',#4926,#4927);
#4926 = CARTESIAN_POINT('',(35.62149826251,-57.964367346,13.4));
#4927 = VECTOR('',#4928,1.);
#4928 = DIRECTION('',(0.,0.,-1.));
#4929 = ORIENTED_EDGE('',*,*,#4930,.T.);
#4930 = EDGE_CURVE('',#4923,#2667,#4931,.T.);
#4931 = LINE('',#4932,#4933);
#4932 = CARTESIAN_POINT('',(35.62149826251,-57.964367346,13.4));
#4933 = VECTOR('',#4934,1.);
#4934 = DIRECTION('',(0.896127585788,0.443796518676,0.));
#4935 = ORIENTED_EDGE('',*,*,#2674,.F.);
#4936 = ORIENTED_EDGE('',*,*,#2698,.F.);
#4937 = ORIENTED_EDGE('',*,*,#2586,.F.);
#4938 = ORIENTED_EDGE('',*,*,#2610,.F.);
#4939 = ORIENTED_EDGE('',*,*,#2634,.F.);
#4940 = ORIENTED_EDGE('',*,*,#4941,.T.);
#4941 = EDGE_CURVE('',#2635,#2548,#4942,.T.);
#4942 = LINE('',#4943,#4944);
#4943 = CARTESIAN_POINT('',(35.62149826251,-57.964367346,13.4));
#4944 = VECTOR('',#4945,1.);
#4945 = DIRECTION('',(0.896127585788,0.443796518676,0.));
#4946 = ORIENTED_EDGE('',*,*,#2547,.F.);
#4947 = ORIENTED_EDGE('',*,*,#4906,.F.);
#4948 = PLANE('',#4949);
#4949 = AXIS2_PLACEMENT_3D('',#4950,#4951,#4952);
#4950 = CARTESIAN_POINT('',(35.62149826251,-57.964367346,13.4));
#4951 = DIRECTION('',(-0.443796518676,0.896127585788,0.));
#4952 = DIRECTION('',(0.,0.,-1.));
#4953 = ADVANCED_FACE('',(#4954),#4975,.T.);
#4954 = FACE_BOUND('',#4955,.T.);
#4955 = EDGE_LOOP('',(#4956,#4964,#4970,#4971,#4972,#4973,#4974));
#4956 = ORIENTED_EDGE('',*,*,#4957,.F.);
#4957 = EDGE_CURVE('',#4958,#4923,#4960,.T.);
#4958 = VERTEX_POINT('',#4959);
#4959 = CARTESIAN_POINT('',(31.006014468278,-48.6446404538,23.4));
#4960 = LINE('',#4961,#4962);
#4961 = CARTESIAN_POINT('',(31.006014468278,-48.6446404538,23.4));
#4962 = VECTOR('',#4963,1.);
#4963 = DIRECTION('',(0.31990320475,-0.645958394207,-0.693108716252));
#4964 = ORIENTED_EDGE('',*,*,#4965,.T.);
#4965 = EDGE_CURVE('',#4958,#2556,#4966,.T.);
#4966 = LINE('',#4967,#4968);
#4967 = CARTESIAN_POINT('',(31.006014468278,-48.6446404538,23.4));
#4968 = VECTOR('',#4969,1.);
#4969 = DIRECTION('',(0.896127585788,0.443796518676,0.));
#4970 = ORIENTED_EDGE('',*,*,#2555,.F.);
#4971 = ORIENTED_EDGE('',*,*,#4941,.F.);
#4972 = ORIENTED_EDGE('',*,*,#2642,.F.);
#4973 = ORIENTED_EDGE('',*,*,#2666,.F.);
#4974 = ORIENTED_EDGE('',*,*,#4930,.F.);
#4975 = PLANE('',#4976);
#4976 = AXIS2_PLACEMENT_3D('',#4977,#4978,#4979);
#4977 = CARTESIAN_POINT('',(31.006014468278,-48.6446404538,23.4));
#4978 = DIRECTION('',(-0.307599235337,0.621113840584,-0.720833064902));
#4979 = DIRECTION('',(0.31990320475,-0.645958394207,-0.693108716252));
#4980 = ADVANCED_FACE('',(#4981),#4995,.T.);
#4981 = FACE_BOUND('',#4982,.T.);
#4982 = EDGE_LOOP('',(#4983,#4989,#4990,#4991,#4992,#4993,#4994));
#4983 = ORIENTED_EDGE('',*,*,#4984,.F.);
#4984 = EDGE_CURVE('',#4859,#4958,#4985,.T.);
#4985 = LINE('',#4986,#4987);
#4986 = CARTESIAN_POINT('',(26.390530674046,-39.3249135616,13.4));
#4987 = VECTOR('',#4988,1.);
#4988 = DIRECTION('',(0.31990320475,-0.645958394207,0.693108716252));
#4989 = ORIENTED_EDGE('',*,*,#4884,.T.);
#4990 = ORIENTED_EDGE('',*,*,#4776,.F.);
#4991 = ORIENTED_EDGE('',*,*,#4762,.F.);
#4992 = ORIENTED_EDGE('',*,*,#4873,.T.);
#4993 = ORIENTED_EDGE('',*,*,#2563,.F.);
#4994 = ORIENTED_EDGE('',*,*,#4965,.F.);
#4995 = PLANE('',#4996);
#4996 = AXIS2_PLACEMENT_3D('',#4997,#4998,#4999);
#4997 = CARTESIAN_POINT('',(26.390530674046,-39.3249135616,13.4));
#4998 = DIRECTION('',(0.307599235337,-0.621113840584,-0.720833064902));
#4999 = DIRECTION('',(0.31990320475,-0.645958394207,0.693108716252));
#5000 = ADVANCED_FACE('',(#5001),#5012,.T.);
#5001 = FACE_BOUND('',#5002,.T.);
#5002 = EDGE_LOOP('',(#5003,#5004,#5010,#5011));
#5003 = ORIENTED_EDGE('',*,*,#2904,.F.);
#5004 = ORIENTED_EDGE('',*,*,#5005,.T.);
#5005 = EDGE_CURVE('',#2905,#2969,#5006,.T.);
#5006 = LINE('',#5007,#5008);
#5007 = CARTESIAN_POINT('',(-78.9360384853,-4.821441144222,5.8));
#5008 = VECTOR('',#5009,1.);
#5009 = DIRECTION('',(-0.443796518676,-0.896127585788,0.));
#5010 = ORIENTED_EDGE('',*,*,#2968,.T.);
#5011 = ORIENTED_EDGE('',*,*,#3004,.F.);
#5012 = PLANE('',#5013);
#5013 = AXIS2_PLACEMENT_3D('',#5014,#5015,#5016);
#5014 = CARTESIAN_POINT('',(-78.9360384853,-4.821441144222,5.8));
#5015 = DIRECTION('',(-0.896127585788,0.443796518676,0.));
#5016 = DIRECTION('',(0.,0.,1.));
#5017 = ADVANCED_FACE('',(#5018),#5024,.F.);
#5018 = FACE_BOUND('',#5019,.F.);
#5019 = EDGE_LOOP('',(#5020,#5021,#5022,#5023));
#5020 = ORIENTED_EDGE('',*,*,#2945,.F.);
#5021 = ORIENTED_EDGE('',*,*,#2914,.T.);
#5022 = ORIENTED_EDGE('',*,*,#5005,.T.);
#5023 = ORIENTED_EDGE('',*,*,#2978,.F.);
#5024 = PLANE('',#5025);
#5025 = AXIS2_PLACEMENT_3D('',#5026,#5027,#5028);
#5026 = CARTESIAN_POINT('',(-66.39025228426,-11.03459240568,5.8));
#5027 = DIRECTION('',(0.,0.,1.));
#5028 = DIRECTION('',(-0.896127585788,0.443796518676,0.));
#5029 = ADVANCED_FACE('',(#5030),#5037,.T.);
#5030 = FACE_BOUND('',#5031,.T.);
#5031 = EDGE_LOOP('',(#5032,#5033,#5034,#5035,#5036));
#5032 = ORIENTED_EDGE('',*,*,#3060,.T.);
#5033 = ORIENTED_EDGE('',*,*,#3018,.T.);
#5034 = ORIENTED_EDGE('',*,*,#3195,.T.);
#5035 = ORIENTED_EDGE('',*,*,#3156,.T.);
#5036 = ORIENTED_EDGE('',*,*,#3084,.T.);
#5037 = PLANE('',#5038);
#5038 = AXIS2_PLACEMENT_3D('',#5039,#5040,#5041);
#5039 = CARTESIAN_POINT('',(-31.00601446827,-48.6446404538,
    13.551152018738));
#5040 = DIRECTION('',(-0.896127585788,0.443796518676,0.));
#5041 = DIRECTION('',(0.,0.,1.));
#5042 = ADVANCED_FACE('',(#5043),#5049,.T.);
#5043 = FACE_BOUND('',#5044,.T.);
#5044 = EDGE_LOOP('',(#5045,#5046,#5047,#5048));
#5045 = ORIENTED_EDGE('',*,*,#3348,.F.);
#5046 = ORIENTED_EDGE('',*,*,#3433,.T.);
#5047 = ORIENTED_EDGE('',*,*,#3417,.T.);
#5048 = ORIENTED_EDGE('',*,*,#3385,.F.);
#5049 = PLANE('',#5050);
#5050 = AXIS2_PLACEMENT_3D('',#5051,#5052,#5053);
#5051 = CARTESIAN_POINT('',(7.,39.,16.));
#5052 = DIRECTION('',(0.,0.,1.));
#5053 = DIRECTION('',(1.110223024625E-16,1.,0.));
#5054 = ADVANCED_FACE('',(#5055),#5062,.T.);
#5055 = FACE_BOUND('',#5056,.T.);
#5056 = EDGE_LOOP('',(#5057,#5058,#5059,#5060,#5061));
#5057 = ORIENTED_EDGE('',*,*,#4898,.T.);
#5058 = ORIENTED_EDGE('',*,*,#4856,.T.);
#5059 = ORIENTED_EDGE('',*,*,#4984,.T.);
#5060 = ORIENTED_EDGE('',*,*,#4957,.T.);
#5061 = ORIENTED_EDGE('',*,*,#4922,.T.);
#5062 = PLANE('',#5063);
#5063 = AXIS2_PLACEMENT_3D('',#5064,#5065,#5066);
#5064 = CARTESIAN_POINT('',(31.006014468278,-48.6446404538,
    13.551152018738));
#5065 = DIRECTION('',(0.896127585788,0.443796518676,0.));
#5066 = DIRECTION('',(0.,0.,1.));
#5067 = ADVANCED_FACE('',(#5068),#5076,.F.);
#5068 = FACE_BOUND('',#5069,.F.);
#5069 = EDGE_LOOP('',(#5070,#5071,#5072,#5073,#5074,#5075));
#5070 = ORIENTED_EDGE('',*,*,#2764,.T.);
#5071 = ORIENTED_EDGE('',*,*,#2721,.F.);
#5072 = ORIENTED_EDGE('',*,*,#2730,.F.);
#5073 = ORIENTED_EDGE('',*,*,#476,.F.);
#5074 = ORIENTED_EDGE('',*,*,#2780,.T.);
#5075 = ORIENTED_EDGE('',*,*,#2789,.T.);
#5076 = CYLINDRICAL_SURFACE('',#5077,30.5);
#5077 = AXIS2_PLACEMENT_3D('',#5078,#5079,#5080);
#5078 = CARTESIAN_POINT('',(0.,-64.,11.));
#5079 = DIRECTION('',(0.,0.,1.));
#5080 = DIRECTION('',(1.,0.,-0.));
#5081 = ( GEOMETRIC_REPRESENTATION_CONTEXT(3) 
GLOBAL_UNCERTAINTY_ASSIGNED_CONTEXT((#5085)) 
GLOBAL_UNIT_ASSIGNED_CONTEXT((#5082,#5083,#5084)) REPRESENTATION_CONTEXT
('Context #1','3D Context with UNIT and UNCERTAINTY') );
#5082 = ( LENGTH_UNIT() NAMED_UNIT(*) SI_UNIT(.MILLI.,.METRE.) );
#5083 = ( NAMED_UNIT(*) PLANE_ANGLE_UNIT() SI_UNIT($,.RADIAN.) );
#5084 = ( NAMED_UNIT(*) SI_UNIT($,.STERADIAN.) SOLID_ANGLE_UNIT() );
#5085 = UNCERTAINTY_MEASURE_WITH_UNIT(LENGTH_MEASURE(1.E-07),#5082,
  'distance_accuracy_value','confusion accuracy');
#5086 = PRODUCT_RELATED_PRODUCT_CATEGORY('part',$,(#7));
ENDSEC;
END-ISO-10303-21;
