ISO-10303-21;
HEADER;
FILE_DESCRIPTION(('FreeCAD Model'),'2;1');
FILE_NAME('Open CASCADE Shape Model','2026-09-20T10:48:45',('FreeCAD'),(
    'FreeCAD'),'Open CASCADE STEP processor 7.8','FreeCAD','Unknown');
FILE_SCHEMA(('AUTOMOTIVE_DESIGN { 1 0 10303 214 1 1 1 1 }'));
ENDSEC;
DATA;
#1 = APPLICATION_PROTOCOL_DEFINITION('international standard',
  'automotive_design',2000,#2);
#2 = APPLICATION_CONTEXT(
  'core data for automotive mechanical design processes');
#3 = SHAPE_DEFINITION_REPRESENTATION(#4,#10);
#4 = PRODUCT_DEFINITION_SHAPE('','',#5);
#5 = PRODUCT_DEFINITION('design','',#6,#9);
#6 = PRODUCT_DEFINITION_FORMATION('','',#7);
#7 = PRODUCT('Open CASCADE STEP translator 7.8 1',
  'Open CASCADE STEP translator 7.8 1','',(#8));
#8 = PRODUCT_CONTEXT('',#2,'mechanical');
#9 = PRODUCT_DEFINITION_CONTEXT('part definition',#2,'design');
#10 = ADVANCED_BREP_SHAPE_REPRESENTATION('',(#11,#15),#9184);
#11 = AXIS2_PLACEMENT_3D('',#12,#13,#14);
#12 = CARTESIAN_POINT('',(0.,0.,0.));
#13 = DIRECTION('',(0.,0.,1.));
#14 = DIRECTION('',(1.,0.,-0.));
#15 = MANIFOLD_SOLID_BREP('',#16);
#16 = CLOSED_SHELL('',(#17,#34,#161,#183,#200,#218,#238,#255,#267,#496,
    #551,#576,#624,#659,#707,#741,#789,#814,#862,#887,#935,#960,#1008,
    #1033,#1081,#1106,#1154,#1179,#1227,#1252,#1300,#1325,#1373,#1391,
    #1409,#1427,#1445,#1463,#1491,#1510,#1528,#1556,#1574,#1592,#1610,
    #1628,#1646,#1664,#1682,#1700,#1718,#1736,#1754,#1772,#1790,#1808,
    #1826,#1844,#1984,#2026,#2058,#2090,#2122,#2154,#2186,#2218,#2250,
    #2282,#2314,#2346,#2378,#2468,#2549,#2574,#2599,#2640,#2730,#2771,
    #2819,#2876,#2966,#3007,#3095,#3113,#3161,#3186,#3218,#3300,#3348,
    #3373,#3405,#3456,#3504,#3529,#3611,#3804,#3877,#3894,#3952,#3983,
    #4007,#4031,#4048,#4079,#4111,#4127,#4175,#4194,#4206,#4223,#4247,
    #4306,#4337,#4361,#4385,#4402,#4426,#4499,#4516,#4533,#4550,#4567,
    #4584,#4596,#4775,#4841,#4865,#4931,#4962,#4986,#5010,#5027,#5045,
    #5063,#5127,#5151,#5183,#5199,#5242,#5305,#5317,#5334,#5402,#5454,
    #5557,#5597,#5621,#5646,#5672,#5698,#5723,#5761,#5779,#5852,#5864,
    #5896,#5920,#5960,#6064,#6108,#6261,#6273,#6319,#6365,#6377,#6440,
    #6498,#6554,#6632,#6703,#6743,#6794,#6829,#6886,#6919,#6943,#6967,
    #6990,#7008,#7020,#7100,#7125,#7143,#7165,#7183,#7200,#7217,#7230,
    #7242,#7254,#7300,#7346,#7400,#7458,#7514,#7601,#7663,#7703,#7754,
    #7789,#7846,#7868,#7886,#7903,#7920,#7933,#7957,#7981,#8007,#8019,
    #8037,#8050,#8068,#8081,#8098,#8116,#8134,#8156,#8174,#8191,#8208,
    #8221,#8232,#8255,#8272,#8290,#8312,#8330,#8347,#8364,#8377,#8400,
    #8417,#8435,#8446,#8468,#8485,#8502,#8514,#8536,#8553,#8570,#8582,
    #8604,#8621,#8638,#8650,#8672,#8689,#8706,#8718,#8740,#8758,#8775,
    #8788,#8800,#8813,#8838,#8856,#8887,#8911,#8935,#8952,#8983,#9007,
    #9031,#9048,#9060,#9082,#9100,#9117,#9130,#9143,#9155,#9167));
#17 = ADVANCED_FACE('',(#18),#29,.T.);
#18 = FACE_BOUND('',#19,.T.);
#19 = EDGE_LOOP('',(#20));
#20 = ORIENTED_EDGE('',*,*,#21,.T.);
#21 = EDGE_CURVE('',#22,#22,#24,.T.);
#22 = VERTEX_POINT('',#23);
#23 = CARTESIAN_POINT('',(12.5,-64.,34.));
#24 = CIRCLE('',#25,12.5);
#25 = AXIS2_PLACEMENT_3D('',#26,#27,#28);
#26 = CARTESIAN_POINT('',(0.,-64.,34.));
#27 = DIRECTION('',(0.,0.,1.));
#28 = DIRECTION('',(1.,0.,-0.));
#29 = PLANE('',#30);
#30 = AXIS2_PLACEMENT_3D('',#31,#32,#33);
#31 = CARTESIAN_POINT('',(0.,-64.,34.));
#32 = DIRECTION('',(0.,0.,1.));
#33 = DIRECTION('',(1.,0.,-0.));
#34 = ADVANCED_FACE('',(#35,#111),#156,.T.);
#35 = FACE_BOUND('',#36,.T.);
#36 = EDGE_LOOP('',(#37,#44,#45,#46,#55,#63,#72,#79,#86,#87,#96,#104));
#37 = ORIENTED_EDGE('',*,*,#38,.T.);
#38 = EDGE_CURVE('',#39,#22,#41,.T.);
#39 = VERTEX_POINT('',#40);
#40 = CARTESIAN_POINT('',(12.5,-64.,33.));
#41 = B_SPLINE_CURVE_WITH_KNOTS('',1,(#42,#43),.UNSPECIFIED.,.F.,.F.,(2,
    2),(0.,15.),.PIECEWISE_BEZIER_KNOTS.);
#42 = CARTESIAN_POINT('',(12.5,-64.,19.));
#43 = CARTESIAN_POINT('',(12.5,-64.,34.));
#44 = ORIENTED_EDGE('',*,*,#21,.F.);
#45 = ORIENTED_EDGE('',*,*,#38,.F.);
#46 = ORIENTED_EDGE('',*,*,#47,.F.);
#47 = EDGE_CURVE('',#48,#39,#50,.T.);
#48 = VERTEX_POINT('',#49);
#49 = CARTESIAN_POINT('',(11.737120600897,-59.7,27.8));
#50 = ELLIPSE('',#51,19.615093497485,12.5);
#51 = AXIS2_PLACEMENT_3D('',#52,#53,#54);
#52 = CARTESIAN_POINT('',(0.,-64.,33.));
#53 = DIRECTION('',(0.,-0.770645272311,-0.637264359795));
#54 = DIRECTION('',(0.,-0.637264359795,0.770645272311));
#55 = ORIENTED_EDGE('',*,*,#56,.F.);
#56 = EDGE_CURVE('',#57,#48,#59,.T.);
#57 = VERTEX_POINT('',#58);
#58 = CARTESIAN_POINT('',(11.737120600897,-59.7,21.4));
#59 = LINE('',#60,#61);
#60 = CARTESIAN_POINT('',(11.737120600897,-59.7,19.));
#61 = VECTOR('',#62,1.);
#62 = DIRECTION('',(0.,0.,1.));
#63 = ORIENTED_EDGE('',*,*,#64,.F.);
#64 = EDGE_CURVE('',#65,#57,#67,.T.);
#65 = VERTEX_POINT('',#66);
#66 = CARTESIAN_POINT('',(12.5,-64.,21.4));
#67 = CIRCLE('',#68,12.5);
#68 = AXIS2_PLACEMENT_3D('',#69,#70,#71);
#69 = CARTESIAN_POINT('',(0.,-64.,21.4));
#70 = DIRECTION('',(0.,0.,1.));
#71 = DIRECTION('',(1.,0.,-0.));
#72 = ORIENTED_EDGE('',*,*,#73,.F.);
#73 = EDGE_CURVE('',#74,#65,#76,.T.);
#74 = VERTEX_POINT('',#75);
#75 = CARTESIAN_POINT('',(12.5,-64.,19.));
#76 = B_SPLINE_CURVE_WITH_KNOTS('',1,(#77,#78),.UNSPECIFIED.,.F.,.F.,(2,
    2),(0.,15.),.PIECEWISE_BEZIER_KNOTS.);
#77 = CARTESIAN_POINT('',(12.5,-64.,19.));
#78 = CARTESIAN_POINT('',(12.5,-64.,34.));
#79 = ORIENTED_EDGE('',*,*,#80,.T.);
#80 = EDGE_CURVE('',#74,#74,#81,.T.);
#81 = CIRCLE('',#82,12.5);
#82 = AXIS2_PLACEMENT_3D('',#83,#84,#85);
#83 = CARTESIAN_POINT('',(0.,-64.,19.));
#84 = DIRECTION('',(0.,0.,1.));
#85 = DIRECTION('',(1.,0.,0.));
#86 = ORIENTED_EDGE('',*,*,#73,.T.);
#87 = ORIENTED_EDGE('',*,*,#88,.F.);
#88 = EDGE_CURVE('',#89,#65,#91,.T.);
#89 = VERTEX_POINT('',#90);
#90 = CARTESIAN_POINT('',(11.737120600897,-68.3,21.4));
#91 = CIRCLE('',#92,12.5);
#92 = AXIS2_PLACEMENT_3D('',#93,#94,#95);
#93 = CARTESIAN_POINT('',(0.,-64.,21.4));
#94 = DIRECTION('',(0.,0.,1.));
#95 = DIRECTION('',(1.,0.,-0.));
#96 = ORIENTED_EDGE('',*,*,#97,.T.);
#97 = EDGE_CURVE('',#89,#98,#100,.T.);
#98 = VERTEX_POINT('',#99);
#99 = CARTESIAN_POINT('',(11.737120600897,-68.3,27.8));
#100 = LINE('',#101,#102);
#101 = CARTESIAN_POINT('',(11.737120600897,-68.3,19.));
#102 = VECTOR('',#103,1.);
#103 = DIRECTION('',(0.,0.,1.));
#104 = ORIENTED_EDGE('',*,*,#105,.F.);
#105 = EDGE_CURVE('',#39,#98,#106,.T.);
#106 = ELLIPSE('',#107,19.615093497485,12.5);
#107 = AXIS2_PLACEMENT_3D('',#108,#109,#110);
#108 = CARTESIAN_POINT('',(0.,-64.,33.));
#109 = DIRECTION('',(0.,0.770645272311,-0.637264359795));
#110 = DIRECTION('',(0.,0.637264359795,0.770645272311));
#111 = FACE_BOUND('',#112,.T.);
#112 = EDGE_LOOP('',(#113,#124,#132,#141,#150));
#113 = ORIENTED_EDGE('',*,*,#114,.F.);
#114 = EDGE_CURVE('',#115,#117,#119,.T.);
#115 = VERTEX_POINT('',#116);
#116 = CARTESIAN_POINT('',(-11.73712060089,-59.7,21.4));
#117 = VERTEX_POINT('',#118);
#118 = CARTESIAN_POINT('',(-11.73712060089,-68.3,21.4));
#119 = CIRCLE('',#120,12.5);
#120 = AXIS2_PLACEMENT_3D('',#121,#122,#123);
#121 = CARTESIAN_POINT('',(0.,-64.,21.4));
#122 = DIRECTION('',(0.,0.,1.));
#123 = DIRECTION('',(1.,0.,-0.));
#124 = ORIENTED_EDGE('',*,*,#125,.T.);
#125 = EDGE_CURVE('',#115,#126,#128,.T.);
#126 = VERTEX_POINT('',#127);
#127 = CARTESIAN_POINT('',(-11.73712060089,-59.7,27.8));
#128 = LINE('',#129,#130);
#129 = CARTESIAN_POINT('',(-11.73712060089,-59.7,19.));
#130 = VECTOR('',#131,1.);
#131 = DIRECTION('',(0.,0.,1.));
#132 = ORIENTED_EDGE('',*,*,#133,.F.);
#133 = EDGE_CURVE('',#134,#126,#136,.T.);
#134 = VERTEX_POINT('',#135);
#135 = CARTESIAN_POINT('',(-12.5,-64.,33.));
#136 = ELLIPSE('',#137,19.615093497485,12.5);
#137 = AXIS2_PLACEMENT_3D('',#138,#139,#140);
#138 = CARTESIAN_POINT('',(0.,-64.,33.));
#139 = DIRECTION('',(0.,-0.770645272311,-0.637264359795));
#140 = DIRECTION('',(0.,-0.637264359795,0.770645272311));
#141 = ORIENTED_EDGE('',*,*,#142,.F.);
#142 = EDGE_CURVE('',#143,#134,#145,.T.);
#143 = VERTEX_POINT('',#144);
#144 = CARTESIAN_POINT('',(-11.73712060089,-68.3,27.8));
#145 = ELLIPSE('',#146,19.615093497485,12.5);
#146 = AXIS2_PLACEMENT_3D('',#147,#148,#149);
#147 = CARTESIAN_POINT('',(0.,-64.,33.));
#148 = DIRECTION('',(0.,0.770645272311,-0.637264359795));
#149 = DIRECTION('',(0.,0.637264359795,0.770645272311));
#150 = ORIENTED_EDGE('',*,*,#151,.F.);
#151 = EDGE_CURVE('',#117,#143,#152,.T.);
#152 = LINE('',#153,#154);
#153 = CARTESIAN_POINT('',(-11.73712060089,-68.3,19.));
#154 = VECTOR('',#155,1.);
#155 = DIRECTION('',(0.,0.,1.));
#156 = CYLINDRICAL_SURFACE('',#157,12.5);
#157 = AXIS2_PLACEMENT_3D('',#158,#159,#160);
#158 = CARTESIAN_POINT('',(0.,-64.,19.));
#159 = DIRECTION('',(0.,0.,1.));
#160 = DIRECTION('',(1.,0.,0.));
#161 = ADVANCED_FACE('',(#162),#178,.T.);
#162 = FACE_BOUND('',#163,.T.);
#163 = EDGE_LOOP('',(#164,#170,#171,#177));
#164 = ORIENTED_EDGE('',*,*,#165,.T.);
#165 = EDGE_CURVE('',#134,#39,#166,.T.);
#166 = LINE('',#167,#168);
#167 = CARTESIAN_POINT('',(-15.,-64.,33.));
#168 = VECTOR('',#169,1.);
#169 = DIRECTION('',(1.,0.,0.));
#170 = ORIENTED_EDGE('',*,*,#105,.T.);
#171 = ORIENTED_EDGE('',*,*,#172,.F.);
#172 = EDGE_CURVE('',#143,#98,#173,.T.);
#173 = LINE('',#174,#175);
#174 = CARTESIAN_POINT('',(-15.,-68.3,27.8));
#175 = VECTOR('',#176,1.);
#176 = DIRECTION('',(1.,0.,0.));
#177 = ORIENTED_EDGE('',*,*,#142,.T.);
#178 = PLANE('',#179);
#179 = AXIS2_PLACEMENT_3D('',#180,#181,#182);
#180 = CARTESIAN_POINT('',(-15.,-64.,33.));
#181 = DIRECTION('',(0.,0.770645272311,-0.637264359795));
#182 = DIRECTION('',(0.,-0.637264359795,-0.770645272311));
#183 = ADVANCED_FACE('',(#184),#195,.T.);
#184 = FACE_BOUND('',#185,.T.);
#185 = EDGE_LOOP('',(#186,#187,#188,#189));
#186 = ORIENTED_EDGE('',*,*,#151,.T.);
#187 = ORIENTED_EDGE('',*,*,#172,.T.);
#188 = ORIENTED_EDGE('',*,*,#97,.F.);
#189 = ORIENTED_EDGE('',*,*,#190,.F.);
#190 = EDGE_CURVE('',#117,#89,#191,.T.);
#191 = LINE('',#192,#193);
#192 = CARTESIAN_POINT('',(-15.,-68.3,21.4));
#193 = VECTOR('',#194,1.);
#194 = DIRECTION('',(1.,0.,0.));
#195 = PLANE('',#196);
#196 = AXIS2_PLACEMENT_3D('',#197,#198,#199);
#197 = CARTESIAN_POINT('',(-15.,-68.3,27.8));
#198 = DIRECTION('',(-0.,1.,0.));
#199 = DIRECTION('',(0.,0.,-1.));
#200 = ADVANCED_FACE('',(#201),#213,.T.);
#201 = FACE_BOUND('',#202,.T.);
#202 = EDGE_LOOP('',(#203,#204,#205,#206,#207));
#203 = ORIENTED_EDGE('',*,*,#114,.T.);
#204 = ORIENTED_EDGE('',*,*,#190,.T.);
#205 = ORIENTED_EDGE('',*,*,#88,.T.);
#206 = ORIENTED_EDGE('',*,*,#64,.T.);
#207 = ORIENTED_EDGE('',*,*,#208,.F.);
#208 = EDGE_CURVE('',#115,#57,#209,.T.);
#209 = LINE('',#210,#211);
#210 = CARTESIAN_POINT('',(-15.,-59.7,21.4));
#211 = VECTOR('',#212,1.);
#212 = DIRECTION('',(1.,0.,0.));
#213 = PLANE('',#214);
#214 = AXIS2_PLACEMENT_3D('',#215,#216,#217);
#215 = CARTESIAN_POINT('',(-15.,-68.3,21.4));
#216 = DIRECTION('',(0.,0.,1.));
#217 = DIRECTION('',(0.,1.,0.));
#218 = ADVANCED_FACE('',(#219,#230),#233,.T.);
#219 = FACE_BOUND('',#220,.T.);
#220 = EDGE_LOOP('',(#221));
#221 = ORIENTED_EDGE('',*,*,#222,.T.);
#222 = EDGE_CURVE('',#223,#223,#225,.T.);
#223 = VERTEX_POINT('',#224);
#224 = CARTESIAN_POINT('',(14.5,-64.,19.));
#225 = CIRCLE('',#226,14.5);
#226 = AXIS2_PLACEMENT_3D('',#227,#228,#229);
#227 = CARTESIAN_POINT('',(0.,-64.,19.));
#228 = DIRECTION('',(0.,0.,1.));
#229 = DIRECTION('',(1.,0.,0.));
#230 = FACE_BOUND('',#231,.T.);
#231 = EDGE_LOOP('',(#232));
#232 = ORIENTED_EDGE('',*,*,#80,.F.);
#233 = PLANE('',#234);
#234 = AXIS2_PLACEMENT_3D('',#235,#236,#237);
#235 = CARTESIAN_POINT('',(0.,-64.,19.));
#236 = DIRECTION('',(0.,0.,1.));
#237 = DIRECTION('',(1.,0.,0.));
#238 = ADVANCED_FACE('',(#239),#250,.T.);
#239 = FACE_BOUND('',#240,.T.);
#240 = EDGE_LOOP('',(#241,#242,#243,#244));
#241 = ORIENTED_EDGE('',*,*,#125,.F.);
#242 = ORIENTED_EDGE('',*,*,#208,.T.);
#243 = ORIENTED_EDGE('',*,*,#56,.T.);
#244 = ORIENTED_EDGE('',*,*,#245,.F.);
#245 = EDGE_CURVE('',#126,#48,#246,.T.);
#246 = LINE('',#247,#248);
#247 = CARTESIAN_POINT('',(-15.,-59.7,27.8));
#248 = VECTOR('',#249,1.);
#249 = DIRECTION('',(1.,0.,0.));
#250 = PLANE('',#251);
#251 = AXIS2_PLACEMENT_3D('',#252,#253,#254);
#252 = CARTESIAN_POINT('',(-15.,-59.7,21.4));
#253 = DIRECTION('',(0.,-1.,0.));
#254 = DIRECTION('',(0.,0.,1.));
#255 = ADVANCED_FACE('',(#256),#262,.T.);
#256 = FACE_BOUND('',#257,.T.);
#257 = EDGE_LOOP('',(#258,#259,#260,#261));
#258 = ORIENTED_EDGE('',*,*,#133,.T.);
#259 = ORIENTED_EDGE('',*,*,#245,.T.);
#260 = ORIENTED_EDGE('',*,*,#47,.T.);
#261 = ORIENTED_EDGE('',*,*,#165,.F.);
#262 = PLANE('',#263);
#263 = AXIS2_PLACEMENT_3D('',#264,#265,#266);
#264 = CARTESIAN_POINT('',(-15.,-59.7,27.8));
#265 = DIRECTION('',(0.,-0.770645272311,-0.637264359795));
#266 = DIRECTION('',(0.,-0.637264359795,0.770645272311));
#267 = ADVANCED_FACE('',(#268),#491,.T.);
#268 = FACE_BOUND('',#269,.T.);
#269 = EDGE_LOOP('',(#270,#280,#289,#297,#306,#312,#313,#314,#323,#331,
    #340,#348,#357,#365,#374,#382,#391,#399,#408,#416,#425,#433,#442,
    #450,#459,#467,#476,#484));
#270 = ORIENTED_EDGE('',*,*,#271,.F.);
#271 = EDGE_CURVE('',#272,#274,#276,.T.);
#272 = VERTEX_POINT('',#273);
#273 = CARTESIAN_POINT('',(3.5,-78.07124727947,4.));
#274 = VERTEX_POINT('',#275);
#275 = CARTESIAN_POINT('',(3.5,-78.07124727947,14.));
#276 = LINE('',#277,#278);
#277 = CARTESIAN_POINT('',(3.5,-78.07124727947,4.));
#278 = VECTOR('',#279,1.);
#279 = DIRECTION('',(0.,0.,1.));
#280 = ORIENTED_EDGE('',*,*,#281,.T.);
#281 = EDGE_CURVE('',#272,#282,#284,.T.);
#282 = VERTEX_POINT('',#283);
#283 = CARTESIAN_POINT('',(12.915308603666,-70.59126722808,4.));
#284 = CIRCLE('',#285,14.5);
#285 = AXIS2_PLACEMENT_3D('',#286,#287,#288);
#286 = CARTESIAN_POINT('',(0.,-64.,4.));
#287 = DIRECTION('',(0.,0.,1.));
#288 = DIRECTION('',(1.,0.,0.));
#289 = ORIENTED_EDGE('',*,*,#290,.T.);
#290 = EDGE_CURVE('',#282,#291,#293,.T.);
#291 = VERTEX_POINT('',#292);
#292 = CARTESIAN_POINT('',(12.915308603666,-70.59126722808,14.));
#293 = LINE('',#294,#295);
#294 = CARTESIAN_POINT('',(12.915308603666,-70.59126722808,4.));
#295 = VECTOR('',#296,1.);
#296 = DIRECTION('',(0.,0.,1.));
#297 = ORIENTED_EDGE('',*,*,#298,.T.);
#298 = EDGE_CURVE('',#291,#299,#301,.T.);
#299 = VERTEX_POINT('',#300);
#300 = CARTESIAN_POINT('',(14.5,-64.,14.));
#301 = CIRCLE('',#302,14.5);
#302 = AXIS2_PLACEMENT_3D('',#303,#304,#305);
#303 = CARTESIAN_POINT('',(0.,-64.,14.));
#304 = DIRECTION('',(0.,0.,1.));
#305 = DIRECTION('',(1.,0.,0.));
#306 = ORIENTED_EDGE('',*,*,#307,.T.);
#307 = EDGE_CURVE('',#299,#223,#308,.T.);
#308 = LINE('',#309,#310);
#309 = CARTESIAN_POINT('',(14.5,-64.,4.));
#310 = VECTOR('',#311,1.);
#311 = DIRECTION('',(0.,0.,1.));
#312 = ORIENTED_EDGE('',*,*,#222,.F.);
#313 = ORIENTED_EDGE('',*,*,#307,.F.);
#314 = ORIENTED_EDGE('',*,*,#315,.T.);
#315 = EDGE_CURVE('',#299,#316,#318,.T.);
#316 = VERTEX_POINT('',#317);
#317 = CARTESIAN_POINT('',(14.498216554062,-63.77258682638,14.));
#318 = CIRCLE('',#319,14.5);
#319 = AXIS2_PLACEMENT_3D('',#320,#321,#322);
#320 = CARTESIAN_POINT('',(0.,-64.,14.));
#321 = DIRECTION('',(0.,0.,1.));
#322 = DIRECTION('',(1.,0.,0.));
#323 = ORIENTED_EDGE('',*,*,#324,.F.);
#324 = EDGE_CURVE('',#325,#316,#327,.T.);
#325 = VERTEX_POINT('',#326);
#326 = CARTESIAN_POINT('',(14.498216554062,-63.77258682638,4.));
#327 = LINE('',#328,#329);
#328 = CARTESIAN_POINT('',(14.498216554062,-63.77258682638,4.));
#329 = VECTOR('',#330,1.);
#330 = DIRECTION('',(0.,0.,1.));
#331 = ORIENTED_EDGE('',*,*,#332,.T.);
#332 = EDGE_CURVE('',#325,#333,#335,.T.);
#333 = VERTEX_POINT('',#334);
#334 = CARTESIAN_POINT('',(11.106885695832,-54.6786755158,4.));
#335 = CIRCLE('',#336,14.5);
#336 = AXIS2_PLACEMENT_3D('',#337,#338,#339);
#337 = CARTESIAN_POINT('',(0.,-64.,4.));
#338 = DIRECTION('',(0.,0.,1.));
#339 = DIRECTION('',(1.,0.,0.));
#340 = ORIENTED_EDGE('',*,*,#341,.T.);
#341 = EDGE_CURVE('',#333,#342,#344,.T.);
#342 = VERTEX_POINT('',#343);
#343 = CARTESIAN_POINT('',(11.106885695833,-54.6786755158,14.));
#344 = LINE('',#345,#346);
#345 = CARTESIAN_POINT('',(11.106885695833,-54.6786755158,4.));
#346 = VECTOR('',#347,1.);
#347 = DIRECTION('',(0.,0.,1.));
#348 = ORIENTED_EDGE('',*,*,#349,.T.);
#349 = EDGE_CURVE('',#342,#350,#352,.T.);
#350 = VERTEX_POINT('',#351);
#351 = CARTESIAN_POINT('',(5.44573310571,-50.56147363207,14.));
#352 = CIRCLE('',#353,14.5);
#353 = AXIS2_PLACEMENT_3D('',#354,#355,#356);
#354 = CARTESIAN_POINT('',(0.,-64.,14.));
#355 = DIRECTION('',(0.,0.,1.));
#356 = DIRECTION('',(1.,0.,0.));
#357 = ORIENTED_EDGE('',*,*,#358,.F.);
#358 = EDGE_CURVE('',#359,#350,#361,.T.);
#359 = VERTEX_POINT('',#360);
#360 = CARTESIAN_POINT('',(5.44573310571,-50.56147363207,4.));
#361 = LINE('',#362,#363);
#362 = CARTESIAN_POINT('',(5.44573310571,-50.56147363207,4.));
#363 = VECTOR('',#364,1.);
#364 = DIRECTION('',(0.,0.,1.));
#365 = ORIENTED_EDGE('',*,*,#366,.T.);
#366 = EDGE_CURVE('',#359,#367,#369,.T.);
#367 = VERTEX_POINT('',#368);
#368 = CARTESIAN_POINT('',(3.500000000001,-49.92875272053,4.));
#369 = CIRCLE('',#370,14.5);
#370 = AXIS2_PLACEMENT_3D('',#371,#372,#373);
#371 = CARTESIAN_POINT('',(0.,-64.,4.));
#372 = DIRECTION('',(0.,0.,1.));
#373 = DIRECTION('',(1.,0.,0.));
#374 = ORIENTED_EDGE('',*,*,#375,.T.);
#375 = EDGE_CURVE('',#367,#376,#378,.T.);
#376 = VERTEX_POINT('',#377);
#377 = CARTESIAN_POINT('',(3.5,-49.92875272053,14.));
#378 = LINE('',#379,#380);
#379 = CARTESIAN_POINT('',(3.5,-49.92875272053,4.));
#380 = VECTOR('',#381,1.);
#381 = DIRECTION('',(0.,0.,1.));
#382 = ORIENTED_EDGE('',*,*,#383,.T.);
#383 = EDGE_CURVE('',#376,#384,#386,.T.);
#384 = VERTEX_POINT('',#385);
#385 = CARTESIAN_POINT('',(-3.5,-49.92875272053,14.));
#386 = CIRCLE('',#387,14.5);
#387 = AXIS2_PLACEMENT_3D('',#388,#389,#390);
#388 = CARTESIAN_POINT('',(0.,-64.,14.));
#389 = DIRECTION('',(0.,0.,1.));
#390 = DIRECTION('',(1.,0.,0.));
#391 = ORIENTED_EDGE('',*,*,#392,.F.);
#392 = EDGE_CURVE('',#393,#384,#395,.T.);
#393 = VERTEX_POINT('',#394);
#394 = CARTESIAN_POINT('',(-3.5,-49.92875272053,4.));
#395 = LINE('',#396,#397);
#396 = CARTESIAN_POINT('',(-3.5,-49.92875272053,4.));
#397 = VECTOR('',#398,1.);
#398 = DIRECTION('',(0.,0.,1.));
#399 = ORIENTED_EDGE('',*,*,#400,.T.);
#400 = EDGE_CURVE('',#393,#401,#403,.T.);
#401 = VERTEX_POINT('',#402);
#402 = CARTESIAN_POINT('',(-5.44573310571,-50.56147363207,4.));
#403 = CIRCLE('',#404,14.5);
#404 = AXIS2_PLACEMENT_3D('',#405,#406,#407);
#405 = CARTESIAN_POINT('',(0.,-64.,4.));
#406 = DIRECTION('',(0.,0.,1.));
#407 = DIRECTION('',(1.,0.,0.));
#408 = ORIENTED_EDGE('',*,*,#409,.T.);
#409 = EDGE_CURVE('',#401,#410,#412,.T.);
#410 = VERTEX_POINT('',#411);
#411 = CARTESIAN_POINT('',(-5.44573310571,-50.56147363207,14.));
#412 = LINE('',#413,#414);
#413 = CARTESIAN_POINT('',(-5.44573310571,-50.56147363207,4.));
#414 = VECTOR('',#415,1.);
#415 = DIRECTION('',(0.,0.,1.));
#416 = ORIENTED_EDGE('',*,*,#417,.T.);
#417 = EDGE_CURVE('',#410,#418,#420,.T.);
#418 = VERTEX_POINT('',#419);
#419 = CARTESIAN_POINT('',(-11.10688569583,-54.6786755158,14.));
#420 = CIRCLE('',#421,14.5);
#421 = AXIS2_PLACEMENT_3D('',#422,#423,#424);
#422 = CARTESIAN_POINT('',(0.,-64.,14.));
#423 = DIRECTION('',(0.,0.,1.));
#424 = DIRECTION('',(1.,0.,0.));
#425 = ORIENTED_EDGE('',*,*,#426,.F.);
#426 = EDGE_CURVE('',#427,#418,#429,.T.);
#427 = VERTEX_POINT('',#428);
#428 = CARTESIAN_POINT('',(-11.10688569583,-54.6786755158,4.));
#429 = LINE('',#430,#431);
#430 = CARTESIAN_POINT('',(-11.10688569583,-54.6786755158,4.));
#431 = VECTOR('',#432,1.);
#432 = DIRECTION('',(0.,0.,1.));
#433 = ORIENTED_EDGE('',*,*,#434,.T.);
#434 = EDGE_CURVE('',#427,#435,#437,.T.);
#435 = VERTEX_POINT('',#436);
#436 = CARTESIAN_POINT('',(-14.49821655406,-63.77258682638,4.));
#437 = CIRCLE('',#438,14.5);
#438 = AXIS2_PLACEMENT_3D('',#439,#440,#441);
#439 = CARTESIAN_POINT('',(0.,-64.,4.));
#440 = DIRECTION('',(0.,0.,1.));
#441 = DIRECTION('',(1.,0.,0.));
#442 = ORIENTED_EDGE('',*,*,#443,.T.);
#443 = EDGE_CURVE('',#435,#444,#446,.T.);
#444 = VERTEX_POINT('',#445);
#445 = CARTESIAN_POINT('',(-14.49821655406,-63.77258682638,14.));
#446 = LINE('',#447,#448);
#447 = CARTESIAN_POINT('',(-14.49821655406,-63.77258682638,4.));
#448 = VECTOR('',#449,1.);
#449 = DIRECTION('',(0.,0.,1.));
#450 = ORIENTED_EDGE('',*,*,#451,.T.);
#451 = EDGE_CURVE('',#444,#452,#454,.T.);
#452 = VERTEX_POINT('',#453);
#453 = CARTESIAN_POINT('',(-12.91530860366,-70.59126722808,14.));
#454 = CIRCLE('',#455,14.5);
#455 = AXIS2_PLACEMENT_3D('',#456,#457,#458);
#456 = CARTESIAN_POINT('',(0.,-64.,14.));
#457 = DIRECTION('',(0.,0.,1.));
#458 = DIRECTION('',(1.,0.,0.));
#459 = ORIENTED_EDGE('',*,*,#460,.F.);
#460 = EDGE_CURVE('',#461,#452,#463,.T.);
#461 = VERTEX_POINT('',#462);
#462 = CARTESIAN_POINT('',(-12.91530860366,-70.59126722808,4.));
#463 = LINE('',#464,#465);
#464 = CARTESIAN_POINT('',(-12.91530860366,-70.59126722808,4.));
#465 = VECTOR('',#466,1.);
#466 = DIRECTION('',(0.,0.,1.));
#467 = ORIENTED_EDGE('',*,*,#468,.T.);
#468 = EDGE_CURVE('',#461,#469,#471,.T.);
#469 = VERTEX_POINT('',#470);
#470 = CARTESIAN_POINT('',(-3.5,-78.07124727947,4.));
#471 = CIRCLE('',#472,14.5);
#472 = AXIS2_PLACEMENT_3D('',#473,#474,#475);
#473 = CARTESIAN_POINT('',(0.,-64.,4.));
#474 = DIRECTION('',(0.,0.,1.));
#475 = DIRECTION('',(1.,0.,0.));
#476 = ORIENTED_EDGE('',*,*,#477,.T.);
#477 = EDGE_CURVE('',#469,#478,#480,.T.);
#478 = VERTEX_POINT('',#479);
#479 = CARTESIAN_POINT('',(-3.5,-78.07124727947,14.));
#480 = LINE('',#481,#482);
#481 = CARTESIAN_POINT('',(-3.5,-78.07124727947,4.));
#482 = VECTOR('',#483,1.);
#483 = DIRECTION('',(0.,0.,1.));
#484 = ORIENTED_EDGE('',*,*,#485,.T.);
#485 = EDGE_CURVE('',#478,#274,#486,.T.);
#486 = CIRCLE('',#487,14.5);
#487 = AXIS2_PLACEMENT_3D('',#488,#489,#490);
#488 = CARTESIAN_POINT('',(0.,-64.,14.));
#489 = DIRECTION('',(0.,0.,1.));
#490 = DIRECTION('',(1.,0.,0.));
#491 = CYLINDRICAL_SURFACE('',#492,14.5);
#492 = AXIS2_PLACEMENT_3D('',#493,#494,#495);
#493 = CARTESIAN_POINT('',(0.,-64.,4.));
#494 = DIRECTION('',(0.,0.,1.));
#495 = DIRECTION('',(1.,0.,0.));
#496 = ADVANCED_FACE('',(#497),#546,.T.);
#497 = FACE_BOUND('',#498,.T.);
#498 = EDGE_LOOP('',(#499,#507,#508,#516,#524,#532,#540));
#499 = ORIENTED_EDGE('',*,*,#500,.F.);
#500 = EDGE_CURVE('',#272,#501,#503,.T.);
#501 = VERTEX_POINT('',#502);
#502 = CARTESIAN_POINT('',(3.5,-103.8465807817,4.));
#503 = LINE('',#504,#505);
#504 = CARTESIAN_POINT('',(3.5,-64.,4.));
#505 = VECTOR('',#506,1.);
#506 = DIRECTION('',(1.110223024625E-16,-1.,0.));
#507 = ORIENTED_EDGE('',*,*,#271,.T.);
#508 = ORIENTED_EDGE('',*,*,#509,.T.);
#509 = EDGE_CURVE('',#274,#510,#512,.T.);
#510 = VERTEX_POINT('',#511);
#511 = CARTESIAN_POINT('',(3.5,-78.58595214581,14.));
#512 = LINE('',#513,#514);
#513 = CARTESIAN_POINT('',(3.5,-64.,14.));
#514 = VECTOR('',#515,1.);
#515 = DIRECTION('',(1.110223024625E-16,-1.,0.));
#516 = ORIENTED_EDGE('',*,*,#517,.F.);
#517 = EDGE_CURVE('',#518,#510,#520,.T.);
#518 = VERTEX_POINT('',#519);
#519 = CARTESIAN_POINT('',(3.5,-78.58595214581,10.));
#520 = LINE('',#521,#522);
#521 = CARTESIAN_POINT('',(3.5,-78.58595214581,9.));
#522 = VECTOR('',#523,1.);
#523 = DIRECTION('',(0.,0.,1.));
#524 = ORIENTED_EDGE('',*,*,#525,.T.);
#525 = EDGE_CURVE('',#518,#526,#528,.T.);
#526 = VERTEX_POINT('',#527);
#527 = CARTESIAN_POINT('',(3.5,-103.8465807817,10.));
#528 = LINE('',#529,#530);
#529 = CARTESIAN_POINT('',(3.5,-64.,10.));
#530 = VECTOR('',#531,1.);
#531 = DIRECTION('',(1.110223024625E-16,-1.,0.));
#532 = ORIENTED_EDGE('',*,*,#533,.F.);
#533 = EDGE_CURVE('',#534,#526,#536,.T.);
#534 = VERTEX_POINT('',#535);
#535 = CARTESIAN_POINT('',(3.500000000005,-103.8465807817,8.8));
#536 = LINE('',#537,#538);
#537 = CARTESIAN_POINT('',(3.5,-103.8465807817,3.5));
#538 = VECTOR('',#539,1.);
#539 = DIRECTION('',(0.,0.,1.));
#540 = ORIENTED_EDGE('',*,*,#541,.F.);
#541 = EDGE_CURVE('',#501,#534,#542,.T.);
#542 = LINE('',#543,#544);
#543 = CARTESIAN_POINT('',(3.5,-103.8465807817,3.5));
#544 = VECTOR('',#545,1.);
#545 = DIRECTION('',(0.,0.,1.));
#546 = PLANE('',#547);
#547 = AXIS2_PLACEMENT_3D('',#548,#549,#550);
#548 = CARTESIAN_POINT('',(3.5,-64.,4.));
#549 = DIRECTION('',(1.,1.110223024625E-16,0.));
#550 = DIRECTION('',(0.,0.,1.));
#551 = ADVANCED_FACE('',(#552),#571,.T.);
#552 = FACE_BOUND('',#553,.T.);
#553 = EDGE_LOOP('',(#554,#555,#556,#565));
#554 = ORIENTED_EDGE('',*,*,#281,.F.);
#555 = ORIENTED_EDGE('',*,*,#500,.T.);
#556 = ORIENTED_EDGE('',*,*,#557,.T.);
#557 = EDGE_CURVE('',#501,#558,#560,.T.);
#558 = VERTEX_POINT('',#559);
#559 = CARTESIAN_POINT('',(38.022988803618,-76.41983584593,4.));
#560 = CIRCLE('',#561,40.);
#561 = AXIS2_PLACEMENT_3D('',#562,#563,#564);
#562 = CARTESIAN_POINT('',(0.,-64.,4.));
#563 = DIRECTION('',(0.,0.,1.));
#564 = DIRECTION('',(1.,0.,0.));
#565 = ORIENTED_EDGE('',*,*,#566,.F.);
#566 = EDGE_CURVE('',#282,#558,#567,.T.);
#567 = LINE('',#568,#569);
#568 = CARTESIAN_POINT('',(-0.791453975198,-67.40934020085,4.));
#569 = VECTOR('',#570,1.);
#570 = DIRECTION('',(0.974097200243,-0.226129707199,0.));
#571 = PLANE('',#572);
#572 = AXIS2_PLACEMENT_3D('',#573,#574,#575);
#573 = CARTESIAN_POINT('',(-140.,-147.5,4.));
#574 = DIRECTION('',(0.,0.,1.));
#575 = DIRECTION('',(1.,0.,0.));
#576 = ADVANCED_FACE('',(#577),#619,.F.);
#577 = FACE_BOUND('',#578,.F.);
#578 = EDGE_LOOP('',(#579,#580,#581,#589,#597,#605,#613));
#579 = ORIENTED_EDGE('',*,*,#566,.F.);
#580 = ORIENTED_EDGE('',*,*,#290,.T.);
#581 = ORIENTED_EDGE('',*,*,#582,.T.);
#582 = EDGE_CURVE('',#291,#583,#585,.T.);
#583 = VERTEX_POINT('',#584);
#584 = CARTESIAN_POINT('',(13.416681172926,-70.7076572888,14.));
#585 = LINE('',#586,#587);
#586 = CARTESIAN_POINT('',(-0.791453975198,-67.40934020085,14.));
#587 = VECTOR('',#588,1.);
#588 = DIRECTION('',(0.974097200243,-0.226129707199,0.));
#589 = ORIENTED_EDGE('',*,*,#590,.F.);
#590 = EDGE_CURVE('',#591,#583,#593,.T.);
#591 = VERTEX_POINT('',#592);
#592 = CARTESIAN_POINT('',(13.416681172926,-70.7076572888,10.));
#593 = LINE('',#594,#595);
#594 = CARTESIAN_POINT('',(13.416681172926,-70.7076572888,9.));
#595 = VECTOR('',#596,1.);
#596 = DIRECTION('',(0.,0.,1.));
#597 = ORIENTED_EDGE('',*,*,#598,.T.);
#598 = EDGE_CURVE('',#591,#599,#601,.T.);
#599 = VERTEX_POINT('',#600);
#600 = CARTESIAN_POINT('',(38.022988803618,-76.41983584593,10.));
#601 = LINE('',#602,#603);
#602 = CARTESIAN_POINT('',(-0.791453975197,-67.40934020085,10.));
#603 = VECTOR('',#604,1.);
#604 = DIRECTION('',(0.974097200243,-0.226129707199,0.));
#605 = ORIENTED_EDGE('',*,*,#606,.F.);
#606 = EDGE_CURVE('',#607,#599,#609,.T.);
#607 = VERTEX_POINT('',#608);
#608 = CARTESIAN_POINT('',(38.022988803619,-76.41983584593,8.8));
#609 = LINE('',#610,#611);
#610 = CARTESIAN_POINT('',(38.022988803618,-76.41983584593,3.5));
#611 = VECTOR('',#612,1.);
#612 = DIRECTION('',(0.,0.,1.));
#613 = ORIENTED_EDGE('',*,*,#614,.F.);
#614 = EDGE_CURVE('',#558,#607,#615,.T.);
#615 = LINE('',#616,#617);
#616 = CARTESIAN_POINT('',(38.022988803618,-76.41983584593,3.5));
#617 = VECTOR('',#618,1.);
#618 = DIRECTION('',(0.,0.,1.));
#619 = PLANE('',#620);
#620 = AXIS2_PLACEMENT_3D('',#621,#622,#623);
#621 = CARTESIAN_POINT('',(-0.791453975198,-67.40934020085,4.));
#622 = DIRECTION('',(0.226129707199,0.974097200243,0.));
#623 = DIRECTION('',(0.,0.,1.));
#624 = ADVANCED_FACE('',(#625),#654,.T.);
#625 = FACE_BOUND('',#626,.T.);
#626 = EDGE_LOOP('',(#627,#635,#636,#637,#638,#647));
#627 = ORIENTED_EDGE('',*,*,#628,.F.);
#628 = EDGE_CURVE('',#316,#629,#631,.T.);
#629 = VERTEX_POINT('',#630);
#630 = CARTESIAN_POINT('',(14.999589123319,-63.88897688709,14.));
#631 = LINE('',#632,#633);
#632 = CARTESIAN_POINT('',(0.791453975198,-60.59065979914,14.));
#633 = VECTOR('',#634,1.);
#634 = DIRECTION('',(0.974097200243,-0.226129707199,0.));
#635 = ORIENTED_EDGE('',*,*,#315,.F.);
#636 = ORIENTED_EDGE('',*,*,#298,.F.);
#637 = ORIENTED_EDGE('',*,*,#582,.T.);
#638 = ORIENTED_EDGE('',*,*,#639,.T.);
#639 = EDGE_CURVE('',#583,#640,#642,.T.);
#640 = VERTEX_POINT('',#641);
#641 = CARTESIAN_POINT('',(15.,-64.,14.));
#642 = CIRCLE('',#643,15.);
#643 = AXIS2_PLACEMENT_3D('',#644,#645,#646);
#644 = CARTESIAN_POINT('',(0.,-64.,14.));
#645 = DIRECTION('',(0.,0.,1.));
#646 = DIRECTION('',(1.,0.,0.));
#647 = ORIENTED_EDGE('',*,*,#648,.T.);
#648 = EDGE_CURVE('',#640,#629,#649,.T.);
#649 = CIRCLE('',#650,15.);
#650 = AXIS2_PLACEMENT_3D('',#651,#652,#653);
#651 = CARTESIAN_POINT('',(0.,-64.,14.));
#652 = DIRECTION('',(0.,0.,1.));
#653 = DIRECTION('',(1.,0.,0.));
#654 = PLANE('',#655);
#655 = AXIS2_PLACEMENT_3D('',#656,#657,#658);
#656 = CARTESIAN_POINT('',(-0.791453975198,-67.40934020085,14.));
#657 = DIRECTION('',(0.,0.,1.));
#658 = DIRECTION('',(0.974097200243,-0.226129707199,0.));
#659 = ADVANCED_FACE('',(#660),#702,.T.);
#660 = FACE_BOUND('',#661,.T.);
#661 = EDGE_LOOP('',(#662,#670,#671,#672,#680,#688,#696));
#662 = ORIENTED_EDGE('',*,*,#663,.F.);
#663 = EDGE_CURVE('',#325,#664,#666,.T.);
#664 = VERTEX_POINT('',#665);
#665 = CARTESIAN_POINT('',(39.605896754013,-69.60115544422,4.));
#666 = LINE('',#667,#668);
#667 = CARTESIAN_POINT('',(0.791453975198,-60.59065979914,4.));
#668 = VECTOR('',#669,1.);
#669 = DIRECTION('',(0.974097200243,-0.226129707199,0.));
#670 = ORIENTED_EDGE('',*,*,#324,.T.);
#671 = ORIENTED_EDGE('',*,*,#628,.T.);
#672 = ORIENTED_EDGE('',*,*,#673,.F.);
#673 = EDGE_CURVE('',#674,#629,#676,.T.);
#674 = VERTEX_POINT('',#675);
#675 = CARTESIAN_POINT('',(14.999589123319,-63.88897688709,10.));
#676 = LINE('',#677,#678);
#677 = CARTESIAN_POINT('',(14.999589123319,-63.88897688709,9.));
#678 = VECTOR('',#679,1.);
#679 = DIRECTION('',(0.,0.,1.));
#680 = ORIENTED_EDGE('',*,*,#681,.T.);
#681 = EDGE_CURVE('',#674,#682,#684,.T.);
#682 = VERTEX_POINT('',#683);
#683 = CARTESIAN_POINT('',(39.605896754013,-69.60115544423,10.));
#684 = LINE('',#685,#686);
#685 = CARTESIAN_POINT('',(0.791453975198,-60.59065979914,10.));
#686 = VECTOR('',#687,1.);
#687 = DIRECTION('',(0.974097200243,-0.226129707199,0.));
#688 = ORIENTED_EDGE('',*,*,#689,.F.);
#689 = EDGE_CURVE('',#690,#682,#692,.T.);
#690 = VERTEX_POINT('',#691);
#691 = CARTESIAN_POINT('',(39.605896754013,-69.60115544423,8.8));
#692 = LINE('',#693,#694);
#693 = CARTESIAN_POINT('',(39.605896754013,-69.60115544423,3.5));
#694 = VECTOR('',#695,1.);
#695 = DIRECTION('',(0.,0.,1.));
#696 = ORIENTED_EDGE('',*,*,#697,.F.);
#697 = EDGE_CURVE('',#664,#690,#698,.T.);
#698 = LINE('',#699,#700);
#699 = CARTESIAN_POINT('',(39.605896754013,-69.60115544423,3.5));
#700 = VECTOR('',#701,1.);
#701 = DIRECTION('',(0.,0.,1.));
#702 = PLANE('',#703);
#703 = AXIS2_PLACEMENT_3D('',#704,#705,#706);
#704 = CARTESIAN_POINT('',(0.791453975198,-60.59065979914,4.));
#705 = DIRECTION('',(0.226129707199,0.974097200243,0.));
#706 = DIRECTION('',(0.,0.,1.));
#707 = ADVANCED_FACE('',(#708),#736,.T.);
#708 = FACE_BOUND('',#709,.T.);
#709 = EDGE_LOOP('',(#710,#711,#712,#721,#730));
#710 = ORIENTED_EDGE('',*,*,#332,.F.);
#711 = ORIENTED_EDGE('',*,*,#663,.T.);
#712 = ORIENTED_EDGE('',*,*,#713,.T.);
#713 = EDGE_CURVE('',#664,#714,#716,.T.);
#714 = VERTEX_POINT('',#715);
#715 = CARTESIAN_POINT('',(40.,-64.,4.));
#716 = CIRCLE('',#717,40.);
#717 = AXIS2_PLACEMENT_3D('',#718,#719,#720);
#718 = CARTESIAN_POINT('',(0.,-64.,4.));
#719 = DIRECTION('',(0.,0.,1.));
#720 = DIRECTION('',(1.,0.,0.));
#721 = ORIENTED_EDGE('',*,*,#722,.T.);
#722 = EDGE_CURVE('',#714,#723,#725,.T.);
#723 = VERTEX_POINT('',#724);
#724 = CARTESIAN_POINT('',(26.267207360035,-33.83323322752,4.));
#725 = CIRCLE('',#726,40.);
#726 = AXIS2_PLACEMENT_3D('',#727,#728,#729);
#727 = CARTESIAN_POINT('',(0.,-64.,4.));
#728 = DIRECTION('',(0.,0.,1.));
#729 = DIRECTION('',(1.,0.,0.));
#730 = ORIENTED_EDGE('',*,*,#731,.F.);
#731 = EDGE_CURVE('',#333,#723,#732,.T.);
#732 = LINE('',#733,#734);
#733 = CARTESIAN_POINT('',(2.830576295061,-66.05860094186,4.));
#734 = VECTOR('',#735,1.);
#735 = DIRECTION('',(0.588171697675,0.808736084303,0.));
#736 = PLANE('',#737);
#737 = AXIS2_PLACEMENT_3D('',#738,#739,#740);
#738 = CARTESIAN_POINT('',(-140.,-147.5,4.));
#739 = DIRECTION('',(0.,0.,1.));
#740 = DIRECTION('',(1.,0.,0.));
#741 = ADVANCED_FACE('',(#742),#784,.F.);
#742 = FACE_BOUND('',#743,.F.);
#743 = EDGE_LOOP('',(#744,#745,#746,#754,#762,#770,#778));
#744 = ORIENTED_EDGE('',*,*,#731,.F.);
#745 = ORIENTED_EDGE('',*,*,#341,.T.);
#746 = ORIENTED_EDGE('',*,*,#747,.T.);
#747 = EDGE_CURVE('',#342,#748,#750,.T.);
#748 = VERTEX_POINT('',#749);
#749 = CARTESIAN_POINT('',(11.409620530872,-54.26241511762,14.));
#750 = LINE('',#751,#752);
#751 = CARTESIAN_POINT('',(2.830576295061,-66.05860094186,14.));
#752 = VECTOR('',#753,1.);
#753 = DIRECTION('',(0.588171697675,0.808736084303,0.));
#754 = ORIENTED_EDGE('',*,*,#755,.F.);
#755 = EDGE_CURVE('',#756,#748,#758,.T.);
#756 = VERTEX_POINT('',#757);
#757 = CARTESIAN_POINT('',(11.409620530872,-54.26241511762,10.));
#758 = LINE('',#759,#760);
#759 = CARTESIAN_POINT('',(11.409620530872,-54.26241511762,9.));
#760 = VECTOR('',#761,1.);
#761 = DIRECTION('',(0.,0.,1.));
#762 = ORIENTED_EDGE('',*,*,#763,.T.);
#763 = EDGE_CURVE('',#756,#764,#766,.T.);
#764 = VERTEX_POINT('',#765);
#765 = CARTESIAN_POINT('',(26.267207360035,-33.83323322752,10.));
#766 = LINE('',#767,#768);
#767 = CARTESIAN_POINT('',(2.83057629506,-66.05860094186,10.));
#768 = VECTOR('',#769,1.);
#769 = DIRECTION('',(0.588171697675,0.808736084303,0.));
#770 = ORIENTED_EDGE('',*,*,#771,.F.);
#771 = EDGE_CURVE('',#772,#764,#774,.T.);
#772 = VERTEX_POINT('',#773);
#773 = CARTESIAN_POINT('',(26.267207360034,-33.83323322752,8.8));
#774 = LINE('',#775,#776);
#775 = CARTESIAN_POINT('',(26.267207360035,-33.83323322752,3.5));
#776 = VECTOR('',#777,1.);
#777 = DIRECTION('',(0.,0.,1.));
#778 = ORIENTED_EDGE('',*,*,#779,.F.);
#779 = EDGE_CURVE('',#723,#772,#780,.T.);
#780 = LINE('',#781,#782);
#781 = CARTESIAN_POINT('',(26.267207360035,-33.83323322752,3.5));
#782 = VECTOR('',#783,1.);
#783 = DIRECTION('',(0.,0.,1.));
#784 = PLANE('',#785);
#785 = AXIS2_PLACEMENT_3D('',#786,#787,#788);
#786 = CARTESIAN_POINT('',(2.830576295061,-66.05860094186,4.));
#787 = DIRECTION('',(-0.808736084303,0.588171697675,0.));
#788 = DIRECTION('',(0.,0.,1.));
#789 = ADVANCED_FACE('',(#790),#809,.T.);
#790 = FACE_BOUND('',#791,.T.);
#791 = EDGE_LOOP('',(#792,#800,#801,#802));
#792 = ORIENTED_EDGE('',*,*,#793,.F.);
#793 = EDGE_CURVE('',#350,#794,#796,.T.);
#794 = VERTEX_POINT('',#795);
#795 = CARTESIAN_POINT('',(5.748467940747,-50.14521323389,14.));
#796 = LINE('',#797,#798);
#797 = CARTESIAN_POINT('',(-2.830576295061,-61.94139905813,14.));
#798 = VECTOR('',#799,1.);
#799 = DIRECTION('',(0.588171697675,0.808736084303,0.));
#800 = ORIENTED_EDGE('',*,*,#349,.F.);
#801 = ORIENTED_EDGE('',*,*,#747,.T.);
#802 = ORIENTED_EDGE('',*,*,#803,.T.);
#803 = EDGE_CURVE('',#748,#794,#804,.T.);
#804 = CIRCLE('',#805,15.);
#805 = AXIS2_PLACEMENT_3D('',#806,#807,#808);
#806 = CARTESIAN_POINT('',(0.,-64.,14.));
#807 = DIRECTION('',(0.,0.,1.));
#808 = DIRECTION('',(1.,0.,0.));
#809 = PLANE('',#810);
#810 = AXIS2_PLACEMENT_3D('',#811,#812,#813);
#811 = CARTESIAN_POINT('',(2.830576295061,-66.05860094186,14.));
#812 = DIRECTION('',(0.,0.,1.));
#813 = DIRECTION('',(0.588171697675,0.808736084303,0.));
#814 = ADVANCED_FACE('',(#815),#857,.T.);
#815 = FACE_BOUND('',#816,.T.);
#816 = EDGE_LOOP('',(#817,#825,#826,#827,#835,#843,#851));
#817 = ORIENTED_EDGE('',*,*,#818,.F.);
#818 = EDGE_CURVE('',#359,#819,#821,.T.);
#819 = VERTEX_POINT('',#820);
#820 = CARTESIAN_POINT('',(20.606054769912,-29.71603134379,4.));
#821 = LINE('',#822,#823);
#822 = CARTESIAN_POINT('',(-2.830576295061,-61.94139905813,4.));
#823 = VECTOR('',#824,1.);
#824 = DIRECTION('',(0.588171697675,0.808736084303,0.));
#825 = ORIENTED_EDGE('',*,*,#358,.T.);
#826 = ORIENTED_EDGE('',*,*,#793,.T.);
#827 = ORIENTED_EDGE('',*,*,#828,.F.);
#828 = EDGE_CURVE('',#829,#794,#831,.T.);
#829 = VERTEX_POINT('',#830);
#830 = CARTESIAN_POINT('',(5.748467940747,-50.14521323389,10.));
#831 = LINE('',#832,#833);
#832 = CARTESIAN_POINT('',(5.748467940747,-50.14521323389,9.));
#833 = VECTOR('',#834,1.);
#834 = DIRECTION('',(0.,0.,1.));
#835 = ORIENTED_EDGE('',*,*,#836,.T.);
#836 = EDGE_CURVE('',#829,#837,#839,.T.);
#837 = VERTEX_POINT('',#838);
#838 = CARTESIAN_POINT('',(20.606054769912,-29.71603134379,10.));
#839 = LINE('',#840,#841);
#840 = CARTESIAN_POINT('',(-2.830576295063,-61.94139905813,10.));
#841 = VECTOR('',#842,1.);
#842 = DIRECTION('',(0.588171697675,0.808736084303,0.));
#843 = ORIENTED_EDGE('',*,*,#844,.F.);
#844 = EDGE_CURVE('',#845,#837,#847,.T.);
#845 = VERTEX_POINT('',#846);
#846 = CARTESIAN_POINT('',(20.60605476991,-29.71603134379,8.8));
#847 = LINE('',#848,#849);
#848 = CARTESIAN_POINT('',(20.606054769912,-29.71603134379,3.5));
#849 = VECTOR('',#850,1.);
#850 = DIRECTION('',(0.,0.,1.));
#851 = ORIENTED_EDGE('',*,*,#852,.F.);
#852 = EDGE_CURVE('',#819,#845,#853,.T.);
#853 = LINE('',#854,#855);
#854 = CARTESIAN_POINT('',(20.606054769912,-29.71603134379,3.5));
#855 = VECTOR('',#856,1.);
#856 = DIRECTION('',(0.,0.,1.));
#857 = PLANE('',#858);
#858 = AXIS2_PLACEMENT_3D('',#859,#860,#861);
#859 = CARTESIAN_POINT('',(-2.830576295061,-61.94139905813,4.));
#860 = DIRECTION('',(-0.808736084303,0.588171697675,0.));
#861 = DIRECTION('',(0.,0.,1.));
#862 = ADVANCED_FACE('',(#863),#882,.T.);
#863 = FACE_BOUND('',#864,.T.);
#864 = EDGE_LOOP('',(#865,#866,#867,#876));
#865 = ORIENTED_EDGE('',*,*,#366,.F.);
#866 = ORIENTED_EDGE('',*,*,#818,.T.);
#867 = ORIENTED_EDGE('',*,*,#868,.T.);
#868 = EDGE_CURVE('',#819,#869,#871,.T.);
#869 = VERTEX_POINT('',#870);
#870 = CARTESIAN_POINT('',(3.499999999999,-24.1534192182,4.));
#871 = CIRCLE('',#872,40.);
#872 = AXIS2_PLACEMENT_3D('',#873,#874,#875);
#873 = CARTESIAN_POINT('',(0.,-64.,4.));
#874 = DIRECTION('',(0.,0.,1.));
#875 = DIRECTION('',(1.,0.,0.));
#876 = ORIENTED_EDGE('',*,*,#877,.F.);
#877 = EDGE_CURVE('',#367,#869,#878,.T.);
#878 = LINE('',#879,#880);
#879 = CARTESIAN_POINT('',(3.5,-64.,4.));
#880 = VECTOR('',#881,1.);
#881 = DIRECTION('',(1.110223024625E-16,1.,0.));
#882 = PLANE('',#883);
#883 = AXIS2_PLACEMENT_3D('',#884,#885,#886);
#884 = CARTESIAN_POINT('',(-140.,-147.5,4.));
#885 = DIRECTION('',(0.,0.,1.));
#886 = DIRECTION('',(1.,0.,0.));
#887 = ADVANCED_FACE('',(#888),#930,.F.);
#888 = FACE_BOUND('',#889,.F.);
#889 = EDGE_LOOP('',(#890,#891,#892,#900,#908,#916,#924));
#890 = ORIENTED_EDGE('',*,*,#877,.F.);
#891 = ORIENTED_EDGE('',*,*,#375,.T.);
#892 = ORIENTED_EDGE('',*,*,#893,.T.);
#893 = EDGE_CURVE('',#376,#894,#896,.T.);
#894 = VERTEX_POINT('',#895);
#895 = CARTESIAN_POINT('',(3.5,-49.41404785418,14.));
#896 = LINE('',#897,#898);
#897 = CARTESIAN_POINT('',(3.5,-64.,14.));
#898 = VECTOR('',#899,1.);
#899 = DIRECTION('',(1.110223024625E-16,1.,0.));
#900 = ORIENTED_EDGE('',*,*,#901,.F.);
#901 = EDGE_CURVE('',#902,#894,#904,.T.);
#902 = VERTEX_POINT('',#903);
#903 = CARTESIAN_POINT('',(3.5,-49.41404785418,10.));
#904 = LINE('',#905,#906);
#905 = CARTESIAN_POINT('',(3.5,-49.41404785418,9.));
#906 = VECTOR('',#907,1.);
#907 = DIRECTION('',(0.,0.,1.));
#908 = ORIENTED_EDGE('',*,*,#909,.T.);
#909 = EDGE_CURVE('',#902,#910,#912,.T.);
#910 = VERTEX_POINT('',#911);
#911 = CARTESIAN_POINT('',(3.5,-24.1534192182,10.));
#912 = LINE('',#913,#914);
#913 = CARTESIAN_POINT('',(3.5,-64.,10.));
#914 = VECTOR('',#915,1.);
#915 = DIRECTION('',(1.110223024625E-16,1.,0.));
#916 = ORIENTED_EDGE('',*,*,#917,.F.);
#917 = EDGE_CURVE('',#918,#910,#920,.T.);
#918 = VERTEX_POINT('',#919);
#919 = CARTESIAN_POINT('',(3.5,-24.1534192182,8.8));
#920 = LINE('',#921,#922);
#921 = CARTESIAN_POINT('',(3.5,-24.1534192182,3.5));
#922 = VECTOR('',#923,1.);
#923 = DIRECTION('',(0.,0.,1.));
#924 = ORIENTED_EDGE('',*,*,#925,.F.);
#925 = EDGE_CURVE('',#869,#918,#926,.T.);
#926 = LINE('',#927,#928);
#927 = CARTESIAN_POINT('',(3.5,-24.1534192182,3.5));
#928 = VECTOR('',#929,1.);
#929 = DIRECTION('',(0.,0.,1.));
#930 = PLANE('',#931);
#931 = AXIS2_PLACEMENT_3D('',#932,#933,#934);
#932 = CARTESIAN_POINT('',(3.5,-64.,4.));
#933 = DIRECTION('',(-1.,1.110223024625E-16,0.));
#934 = DIRECTION('',(0.,0.,1.));
#935 = ADVANCED_FACE('',(#936),#955,.T.);
#936 = FACE_BOUND('',#937,.T.);
#937 = EDGE_LOOP('',(#938,#947,#953,#954));
#938 = ORIENTED_EDGE('',*,*,#939,.T.);
#939 = EDGE_CURVE('',#894,#940,#942,.T.);
#940 = VERTEX_POINT('',#941);
#941 = CARTESIAN_POINT('',(-3.5,-49.41404785418,14.));
#942 = CIRCLE('',#943,15.);
#943 = AXIS2_PLACEMENT_3D('',#944,#945,#946);
#944 = CARTESIAN_POINT('',(0.,-64.,14.));
#945 = DIRECTION('',(0.,0.,1.));
#946 = DIRECTION('',(1.,0.,0.));
#947 = ORIENTED_EDGE('',*,*,#948,.F.);
#948 = EDGE_CURVE('',#384,#940,#949,.T.);
#949 = LINE('',#950,#951);
#950 = CARTESIAN_POINT('',(-3.5,-64.,14.));
#951 = VECTOR('',#952,1.);
#952 = DIRECTION('',(1.110223024625E-16,1.,0.));
#953 = ORIENTED_EDGE('',*,*,#383,.F.);
#954 = ORIENTED_EDGE('',*,*,#893,.T.);
#955 = PLANE('',#956);
#956 = AXIS2_PLACEMENT_3D('',#957,#958,#959);
#957 = CARTESIAN_POINT('',(3.809722833574E-15,102.93648731995,14.));
#958 = DIRECTION('',(0.,0.,1.));
#959 = DIRECTION('',(1.,0.,0.));
#960 = ADVANCED_FACE('',(#961),#1003,.T.);
#961 = FACE_BOUND('',#962,.T.);
#962 = EDGE_LOOP('',(#963,#971,#972,#973,#981,#989,#997));
#963 = ORIENTED_EDGE('',*,*,#964,.F.);
#964 = EDGE_CURVE('',#393,#965,#967,.T.);
#965 = VERTEX_POINT('',#966);
#966 = CARTESIAN_POINT('',(-3.5,-24.1534192182,4.));
#967 = LINE('',#968,#969);
#968 = CARTESIAN_POINT('',(-3.5,-64.,4.));
#969 = VECTOR('',#970,1.);
#970 = DIRECTION('',(1.110223024625E-16,1.,0.));
#971 = ORIENTED_EDGE('',*,*,#392,.T.);
#972 = ORIENTED_EDGE('',*,*,#948,.T.);
#973 = ORIENTED_EDGE('',*,*,#974,.F.);
#974 = EDGE_CURVE('',#975,#940,#977,.T.);
#975 = VERTEX_POINT('',#976);
#976 = CARTESIAN_POINT('',(-3.5,-49.41404785418,10.));
#977 = LINE('',#978,#979);
#978 = CARTESIAN_POINT('',(-3.5,-49.41404785418,9.));
#979 = VECTOR('',#980,1.);
#980 = DIRECTION('',(0.,0.,1.));
#981 = ORIENTED_EDGE('',*,*,#982,.T.);
#982 = EDGE_CURVE('',#975,#983,#985,.T.);
#983 = VERTEX_POINT('',#984);
#984 = CARTESIAN_POINT('',(-3.5,-24.1534192182,10.));
#985 = LINE('',#986,#987);
#986 = CARTESIAN_POINT('',(-3.5,-64.,10.));
#987 = VECTOR('',#988,1.);
#988 = DIRECTION('',(1.110223024625E-16,1.,0.));
#989 = ORIENTED_EDGE('',*,*,#990,.F.);
#990 = EDGE_CURVE('',#991,#983,#993,.T.);
#991 = VERTEX_POINT('',#992);
#992 = CARTESIAN_POINT('',(-3.5,-24.1534192182,8.8));
#993 = LINE('',#994,#995);
#994 = CARTESIAN_POINT('',(-3.5,-24.1534192182,3.5));
#995 = VECTOR('',#996,1.);
#996 = DIRECTION('',(0.,0.,1.));
#997 = ORIENTED_EDGE('',*,*,#998,.F.);
#998 = EDGE_CURVE('',#965,#991,#999,.T.);
#999 = LINE('',#1000,#1001);
#1000 = CARTESIAN_POINT('',(-3.5,-24.1534192182,3.5));
#1001 = VECTOR('',#1002,1.);
#1002 = DIRECTION('',(0.,0.,1.));
#1003 = PLANE('',#1004);
#1004 = AXIS2_PLACEMENT_3D('',#1005,#1006,#1007);
#1005 = CARTESIAN_POINT('',(-3.5,-64.,4.));
#1006 = DIRECTION('',(-1.,1.110223024625E-16,0.));
#1007 = DIRECTION('',(0.,0.,1.));
#1008 = ADVANCED_FACE('',(#1009),#1028,.T.);
#1009 = FACE_BOUND('',#1010,.T.);
#1010 = EDGE_LOOP('',(#1011,#1012,#1013,#1022));
#1011 = ORIENTED_EDGE('',*,*,#400,.F.);
#1012 = ORIENTED_EDGE('',*,*,#964,.T.);
#1013 = ORIENTED_EDGE('',*,*,#1014,.T.);
#1014 = EDGE_CURVE('',#965,#1015,#1017,.T.);
#1015 = VERTEX_POINT('',#1016);
#1016 = CARTESIAN_POINT('',(-20.60605476991,-29.71603134379,4.));
#1017 = CIRCLE('',#1018,40.);
#1018 = AXIS2_PLACEMENT_3D('',#1019,#1020,#1021);
#1019 = CARTESIAN_POINT('',(0.,-64.,4.));
#1020 = DIRECTION('',(0.,0.,1.));
#1021 = DIRECTION('',(1.,0.,0.));
#1022 = ORIENTED_EDGE('',*,*,#1023,.F.);
#1023 = EDGE_CURVE('',#401,#1015,#1024,.T.);
#1024 = LINE('',#1025,#1026);
#1025 = CARTESIAN_POINT('',(2.830576295061,-61.94139905813,4.));
#1026 = VECTOR('',#1027,1.);
#1027 = DIRECTION('',(-0.588171697675,0.808736084303,0.));
#1028 = PLANE('',#1029);
#1029 = AXIS2_PLACEMENT_3D('',#1030,#1031,#1032);
#1030 = CARTESIAN_POINT('',(-140.,-147.5,4.));
#1031 = DIRECTION('',(0.,0.,1.));
#1032 = DIRECTION('',(1.,0.,0.));
#1033 = ADVANCED_FACE('',(#1034),#1076,.F.);
#1034 = FACE_BOUND('',#1035,.F.);
#1035 = EDGE_LOOP('',(#1036,#1037,#1038,#1046,#1054,#1062,#1070));
#1036 = ORIENTED_EDGE('',*,*,#1023,.F.);
#1037 = ORIENTED_EDGE('',*,*,#409,.T.);
#1038 = ORIENTED_EDGE('',*,*,#1039,.T.);
#1039 = EDGE_CURVE('',#410,#1040,#1042,.T.);
#1040 = VERTEX_POINT('',#1041);
#1041 = CARTESIAN_POINT('',(-5.748467940747,-50.14521323389,14.));
#1042 = LINE('',#1043,#1044);
#1043 = CARTESIAN_POINT('',(2.830576295061,-61.94139905813,14.));
#1044 = VECTOR('',#1045,1.);
#1045 = DIRECTION('',(-0.588171697675,0.808736084303,0.));
#1046 = ORIENTED_EDGE('',*,*,#1047,.F.);
#1047 = EDGE_CURVE('',#1048,#1040,#1050,.T.);
#1048 = VERTEX_POINT('',#1049);
#1049 = CARTESIAN_POINT('',(-5.748467940747,-50.14521323389,10.));
#1050 = LINE('',#1051,#1052);
#1051 = CARTESIAN_POINT('',(-5.748467940747,-50.14521323389,9.));
#1052 = VECTOR('',#1053,1.);
#1053 = DIRECTION('',(0.,0.,1.));
#1054 = ORIENTED_EDGE('',*,*,#1055,.T.);
#1055 = EDGE_CURVE('',#1048,#1056,#1058,.T.);
#1056 = VERTEX_POINT('',#1057);
#1057 = CARTESIAN_POINT('',(-20.60605476991,-29.71603134379,10.));
#1058 = LINE('',#1059,#1060);
#1059 = CARTESIAN_POINT('',(2.830576295063,-61.94139905813,10.));
#1060 = VECTOR('',#1061,1.);
#1061 = DIRECTION('',(-0.588171697675,0.808736084303,0.));
#1062 = ORIENTED_EDGE('',*,*,#1063,.F.);
#1063 = EDGE_CURVE('',#1064,#1056,#1066,.T.);
#1064 = VERTEX_POINT('',#1065);
#1065 = CARTESIAN_POINT('',(-20.6060547699,-29.71603134379,8.8));
#1066 = LINE('',#1067,#1068);
#1067 = CARTESIAN_POINT('',(-20.60605476991,-29.71603134379,3.5));
#1068 = VECTOR('',#1069,1.);
#1069 = DIRECTION('',(0.,0.,1.));
#1070 = ORIENTED_EDGE('',*,*,#1071,.F.);
#1071 = EDGE_CURVE('',#1015,#1064,#1072,.T.);
#1072 = LINE('',#1073,#1074);
#1073 = CARTESIAN_POINT('',(-20.60605476991,-29.71603134379,3.5));
#1074 = VECTOR('',#1075,1.);
#1075 = DIRECTION('',(0.,0.,1.));
#1076 = PLANE('',#1077);
#1077 = AXIS2_PLACEMENT_3D('',#1078,#1079,#1080);
#1078 = CARTESIAN_POINT('',(2.830576295061,-61.94139905813,4.));
#1079 = DIRECTION('',(-0.808736084303,-0.588171697675,0.));
#1080 = DIRECTION('',(0.,0.,1.));
#1081 = ADVANCED_FACE('',(#1082),#1101,.T.);
#1082 = FACE_BOUND('',#1083,.T.);
#1083 = EDGE_LOOP('',(#1084,#1092,#1093,#1094));
#1084 = ORIENTED_EDGE('',*,*,#1085,.F.);
#1085 = EDGE_CURVE('',#418,#1086,#1088,.T.);
#1086 = VERTEX_POINT('',#1087);
#1087 = CARTESIAN_POINT('',(-11.40962053087,-54.26241511762,14.));
#1088 = LINE('',#1089,#1090);
#1089 = CARTESIAN_POINT('',(-2.830576295061,-66.05860094186,14.));
#1090 = VECTOR('',#1091,1.);
#1091 = DIRECTION('',(-0.588171697675,0.808736084303,0.));
#1092 = ORIENTED_EDGE('',*,*,#417,.F.);
#1093 = ORIENTED_EDGE('',*,*,#1039,.T.);
#1094 = ORIENTED_EDGE('',*,*,#1095,.T.);
#1095 = EDGE_CURVE('',#1040,#1086,#1096,.T.);
#1096 = CIRCLE('',#1097,15.);
#1097 = AXIS2_PLACEMENT_3D('',#1098,#1099,#1100);
#1098 = CARTESIAN_POINT('',(0.,-64.,14.));
#1099 = DIRECTION('',(0.,0.,1.));
#1100 = DIRECTION('',(1.,0.,0.));
#1101 = PLANE('',#1102);
#1102 = AXIS2_PLACEMENT_3D('',#1103,#1104,#1105);
#1103 = CARTESIAN_POINT('',(2.830576295061,-61.94139905813,14.));
#1104 = DIRECTION('',(0.,0.,1.));
#1105 = DIRECTION('',(-0.588171697675,0.808736084303,0.));
#1106 = ADVANCED_FACE('',(#1107),#1149,.T.);
#1107 = FACE_BOUND('',#1108,.T.);
#1108 = EDGE_LOOP('',(#1109,#1117,#1118,#1119,#1127,#1135,#1143));
#1109 = ORIENTED_EDGE('',*,*,#1110,.F.);
#1110 = EDGE_CURVE('',#427,#1111,#1113,.T.);
#1111 = VERTEX_POINT('',#1112);
#1112 = CARTESIAN_POINT('',(-26.26720736003,-33.83323322752,4.));
#1113 = LINE('',#1114,#1115);
#1114 = CARTESIAN_POINT('',(-2.830576295061,-66.05860094186,4.));
#1115 = VECTOR('',#1116,1.);
#1116 = DIRECTION('',(-0.588171697675,0.808736084303,0.));
#1117 = ORIENTED_EDGE('',*,*,#426,.T.);
#1118 = ORIENTED_EDGE('',*,*,#1085,.T.);
#1119 = ORIENTED_EDGE('',*,*,#1120,.F.);
#1120 = EDGE_CURVE('',#1121,#1086,#1123,.T.);
#1121 = VERTEX_POINT('',#1122);
#1122 = CARTESIAN_POINT('',(-11.40962053087,-54.26241511762,10.));
#1123 = LINE('',#1124,#1125);
#1124 = CARTESIAN_POINT('',(-11.40962053087,-54.26241511762,9.));
#1125 = VECTOR('',#1126,1.);
#1126 = DIRECTION('',(0.,0.,1.));
#1127 = ORIENTED_EDGE('',*,*,#1128,.T.);
#1128 = EDGE_CURVE('',#1121,#1129,#1131,.T.);
#1129 = VERTEX_POINT('',#1130);
#1130 = CARTESIAN_POINT('',(-26.26720736003,-33.83323322752,10.));
#1131 = LINE('',#1132,#1133);
#1132 = CARTESIAN_POINT('',(-2.83057629506,-66.05860094186,10.));
#1133 = VECTOR('',#1134,1.);
#1134 = DIRECTION('',(-0.588171697675,0.808736084303,0.));
#1135 = ORIENTED_EDGE('',*,*,#1136,.F.);
#1136 = EDGE_CURVE('',#1137,#1129,#1139,.T.);
#1137 = VERTEX_POINT('',#1138);
#1138 = CARTESIAN_POINT('',(-26.26720736003,-33.83323322752,8.8));
#1139 = LINE('',#1140,#1141);
#1140 = CARTESIAN_POINT('',(-26.26720736003,-33.83323322752,3.5));
#1141 = VECTOR('',#1142,1.);
#1142 = DIRECTION('',(0.,0.,1.));
#1143 = ORIENTED_EDGE('',*,*,#1144,.F.);
#1144 = EDGE_CURVE('',#1111,#1137,#1145,.T.);
#1145 = LINE('',#1146,#1147);
#1146 = CARTESIAN_POINT('',(-26.26720736003,-33.83323322752,3.5));
#1147 = VECTOR('',#1148,1.);
#1148 = DIRECTION('',(0.,0.,1.));
#1149 = PLANE('',#1150);
#1150 = AXIS2_PLACEMENT_3D('',#1151,#1152,#1153);
#1151 = CARTESIAN_POINT('',(-2.830576295061,-66.05860094186,4.));
#1152 = DIRECTION('',(-0.808736084303,-0.588171697675,0.));
#1153 = DIRECTION('',(0.,0.,1.));
#1154 = ADVANCED_FACE('',(#1155),#1174,.T.);
#1155 = FACE_BOUND('',#1156,.T.);
#1156 = EDGE_LOOP('',(#1157,#1158,#1159,#1168));
#1157 = ORIENTED_EDGE('',*,*,#434,.F.);
#1158 = ORIENTED_EDGE('',*,*,#1110,.T.);
#1159 = ORIENTED_EDGE('',*,*,#1160,.T.);
#1160 = EDGE_CURVE('',#1111,#1161,#1163,.T.);
#1161 = VERTEX_POINT('',#1162);
#1162 = CARTESIAN_POINT('',(-39.60589675401,-69.60115544422,4.));
#1163 = CIRCLE('',#1164,40.);
#1164 = AXIS2_PLACEMENT_3D('',#1165,#1166,#1167);
#1165 = CARTESIAN_POINT('',(0.,-64.,4.));
#1166 = DIRECTION('',(0.,0.,1.));
#1167 = DIRECTION('',(1.,0.,0.));
#1168 = ORIENTED_EDGE('',*,*,#1169,.F.);
#1169 = EDGE_CURVE('',#435,#1161,#1170,.T.);
#1170 = LINE('',#1171,#1172);
#1171 = CARTESIAN_POINT('',(-0.791453975198,-60.59065979914,4.));
#1172 = VECTOR('',#1173,1.);
#1173 = DIRECTION('',(-0.974097200243,-0.226129707199,0.));
#1174 = PLANE('',#1175);
#1175 = AXIS2_PLACEMENT_3D('',#1176,#1177,#1178);
#1176 = CARTESIAN_POINT('',(-140.,-147.5,4.));
#1177 = DIRECTION('',(0.,0.,1.));
#1178 = DIRECTION('',(1.,0.,0.));
#1179 = ADVANCED_FACE('',(#1180),#1222,.F.);
#1180 = FACE_BOUND('',#1181,.F.);
#1181 = EDGE_LOOP('',(#1182,#1183,#1184,#1192,#1200,#1208,#1216));
#1182 = ORIENTED_EDGE('',*,*,#1169,.F.);
#1183 = ORIENTED_EDGE('',*,*,#443,.T.);
#1184 = ORIENTED_EDGE('',*,*,#1185,.T.);
#1185 = EDGE_CURVE('',#444,#1186,#1188,.T.);
#1186 = VERTEX_POINT('',#1187);
#1187 = CARTESIAN_POINT('',(-14.99958912331,-63.88897688709,14.));
#1188 = LINE('',#1189,#1190);
#1189 = CARTESIAN_POINT('',(-0.791453975198,-60.59065979914,14.));
#1190 = VECTOR('',#1191,1.);
#1191 = DIRECTION('',(-0.974097200243,-0.226129707199,0.));
#1192 = ORIENTED_EDGE('',*,*,#1193,.F.);
#1193 = EDGE_CURVE('',#1194,#1186,#1196,.T.);
#1194 = VERTEX_POINT('',#1195);
#1195 = CARTESIAN_POINT('',(-14.99958912331,-63.88897688709,10.));
#1196 = LINE('',#1197,#1198);
#1197 = CARTESIAN_POINT('',(-14.99958912331,-63.88897688709,9.));
#1198 = VECTOR('',#1199,1.);
#1199 = DIRECTION('',(0.,0.,1.));
#1200 = ORIENTED_EDGE('',*,*,#1201,.T.);
#1201 = EDGE_CURVE('',#1194,#1202,#1204,.T.);
#1202 = VERTEX_POINT('',#1203);
#1203 = CARTESIAN_POINT('',(-39.60589675401,-69.60115544423,10.));
#1204 = LINE('',#1205,#1206);
#1205 = CARTESIAN_POINT('',(-0.791453975198,-60.59065979914,10.));
#1206 = VECTOR('',#1207,1.);
#1207 = DIRECTION('',(-0.974097200243,-0.226129707199,0.));
#1208 = ORIENTED_EDGE('',*,*,#1209,.F.);
#1209 = EDGE_CURVE('',#1210,#1202,#1212,.T.);
#1210 = VERTEX_POINT('',#1211);
#1211 = CARTESIAN_POINT('',(-39.60589675401,-69.60115544423,8.8));
#1212 = LINE('',#1213,#1214);
#1213 = CARTESIAN_POINT('',(-39.60589675401,-69.60115544423,3.5));
#1214 = VECTOR('',#1215,1.);
#1215 = DIRECTION('',(0.,0.,1.));
#1216 = ORIENTED_EDGE('',*,*,#1217,.F.);
#1217 = EDGE_CURVE('',#1161,#1210,#1218,.T.);
#1218 = LINE('',#1219,#1220);
#1219 = CARTESIAN_POINT('',(-39.60589675401,-69.60115544423,3.5));
#1220 = VECTOR('',#1221,1.);
#1221 = DIRECTION('',(0.,0.,1.));
#1222 = PLANE('',#1223);
#1223 = AXIS2_PLACEMENT_3D('',#1224,#1225,#1226);
#1224 = CARTESIAN_POINT('',(-0.791453975198,-60.59065979914,4.));
#1225 = DIRECTION('',(0.226129707199,-0.974097200243,0.));
#1226 = DIRECTION('',(0.,0.,1.));
#1227 = ADVANCED_FACE('',(#1228),#1247,.T.);
#1228 = FACE_BOUND('',#1229,.T.);
#1229 = EDGE_LOOP('',(#1230,#1238,#1239,#1240));
#1230 = ORIENTED_EDGE('',*,*,#1231,.F.);
#1231 = EDGE_CURVE('',#452,#1232,#1234,.T.);
#1232 = VERTEX_POINT('',#1233);
#1233 = CARTESIAN_POINT('',(-13.41668117292,-70.7076572888,14.));
#1234 = LINE('',#1235,#1236);
#1235 = CARTESIAN_POINT('',(0.791453975198,-67.40934020085,14.));
#1236 = VECTOR('',#1237,1.);
#1237 = DIRECTION('',(-0.974097200243,-0.226129707199,0.));
#1238 = ORIENTED_EDGE('',*,*,#451,.F.);
#1239 = ORIENTED_EDGE('',*,*,#1185,.T.);
#1240 = ORIENTED_EDGE('',*,*,#1241,.T.);
#1241 = EDGE_CURVE('',#1186,#1232,#1242,.T.);
#1242 = CIRCLE('',#1243,15.);
#1243 = AXIS2_PLACEMENT_3D('',#1244,#1245,#1246);
#1244 = CARTESIAN_POINT('',(0.,-64.,14.));
#1245 = DIRECTION('',(0.,0.,1.));
#1246 = DIRECTION('',(1.,0.,0.));
#1247 = PLANE('',#1248);
#1248 = AXIS2_PLACEMENT_3D('',#1249,#1250,#1251);
#1249 = CARTESIAN_POINT('',(-0.791453975198,-60.59065979914,14.));
#1250 = DIRECTION('',(0.,0.,1.));
#1251 = DIRECTION('',(-0.974097200243,-0.226129707199,0.));
#1252 = ADVANCED_FACE('',(#1253),#1295,.T.);
#1253 = FACE_BOUND('',#1254,.T.);
#1254 = EDGE_LOOP('',(#1255,#1263,#1264,#1265,#1273,#1281,#1289));
#1255 = ORIENTED_EDGE('',*,*,#1256,.F.);
#1256 = EDGE_CURVE('',#461,#1257,#1259,.T.);
#1257 = VERTEX_POINT('',#1258);
#1258 = CARTESIAN_POINT('',(-38.02298880361,-76.41983584593,4.));
#1259 = LINE('',#1260,#1261);
#1260 = CARTESIAN_POINT('',(0.791453975198,-67.40934020085,4.));
#1261 = VECTOR('',#1262,1.);
#1262 = DIRECTION('',(-0.974097200243,-0.226129707199,0.));
#1263 = ORIENTED_EDGE('',*,*,#460,.T.);
#1264 = ORIENTED_EDGE('',*,*,#1231,.T.);
#1265 = ORIENTED_EDGE('',*,*,#1266,.F.);
#1266 = EDGE_CURVE('',#1267,#1232,#1269,.T.);
#1267 = VERTEX_POINT('',#1268);
#1268 = CARTESIAN_POINT('',(-13.41668117292,-70.7076572888,10.));
#1269 = LINE('',#1270,#1271);
#1270 = CARTESIAN_POINT('',(-13.41668117292,-70.7076572888,9.));
#1271 = VECTOR('',#1272,1.);
#1272 = DIRECTION('',(0.,0.,1.));
#1273 = ORIENTED_EDGE('',*,*,#1274,.T.);
#1274 = EDGE_CURVE('',#1267,#1275,#1277,.T.);
#1275 = VERTEX_POINT('',#1276);
#1276 = CARTESIAN_POINT('',(-38.02298880361,-76.41983584593,10.));
#1277 = LINE('',#1278,#1279);
#1278 = CARTESIAN_POINT('',(0.791453975197,-67.40934020085,10.));
#1279 = VECTOR('',#1280,1.);
#1280 = DIRECTION('',(-0.974097200243,-0.226129707199,0.));
#1281 = ORIENTED_EDGE('',*,*,#1282,.F.);
#1282 = EDGE_CURVE('',#1283,#1275,#1285,.T.);
#1283 = VERTEX_POINT('',#1284);
#1284 = CARTESIAN_POINT('',(-38.02298880361,-76.41983584593,8.8));
#1285 = LINE('',#1286,#1287);
#1286 = CARTESIAN_POINT('',(-38.02298880361,-76.41983584593,3.5));
#1287 = VECTOR('',#1288,1.);
#1288 = DIRECTION('',(0.,0.,1.));
#1289 = ORIENTED_EDGE('',*,*,#1290,.F.);
#1290 = EDGE_CURVE('',#1257,#1283,#1291,.T.);
#1291 = LINE('',#1292,#1293);
#1292 = CARTESIAN_POINT('',(-38.02298880361,-76.41983584593,3.5));
#1293 = VECTOR('',#1294,1.);
#1294 = DIRECTION('',(0.,0.,1.));
#1295 = PLANE('',#1296);
#1296 = AXIS2_PLACEMENT_3D('',#1297,#1298,#1299);
#1297 = CARTESIAN_POINT('',(0.791453975198,-67.40934020085,4.));
#1298 = DIRECTION('',(0.226129707199,-0.974097200243,0.));
#1299 = DIRECTION('',(0.,0.,1.));
#1300 = ADVANCED_FACE('',(#1301),#1320,.T.);
#1301 = FACE_BOUND('',#1302,.T.);
#1302 = EDGE_LOOP('',(#1303,#1304,#1305,#1314));
#1303 = ORIENTED_EDGE('',*,*,#468,.F.);
#1304 = ORIENTED_EDGE('',*,*,#1256,.T.);
#1305 = ORIENTED_EDGE('',*,*,#1306,.T.);
#1306 = EDGE_CURVE('',#1257,#1307,#1309,.T.);
#1307 = VERTEX_POINT('',#1308);
#1308 = CARTESIAN_POINT('',(-3.500000000001,-103.8465807817,4.));
#1309 = CIRCLE('',#1310,40.);
#1310 = AXIS2_PLACEMENT_3D('',#1311,#1312,#1313);
#1311 = CARTESIAN_POINT('',(0.,-64.,4.));
#1312 = DIRECTION('',(0.,0.,1.));
#1313 = DIRECTION('',(1.,0.,0.));
#1314 = ORIENTED_EDGE('',*,*,#1315,.F.);
#1315 = EDGE_CURVE('',#469,#1307,#1316,.T.);
#1316 = LINE('',#1317,#1318);
#1317 = CARTESIAN_POINT('',(-3.5,-64.,4.));
#1318 = VECTOR('',#1319,1.);
#1319 = DIRECTION('',(1.110223024625E-16,-1.,0.));
#1320 = PLANE('',#1321);
#1321 = AXIS2_PLACEMENT_3D('',#1322,#1323,#1324);
#1322 = CARTESIAN_POINT('',(-140.,-147.5,4.));
#1323 = DIRECTION('',(0.,0.,1.));
#1324 = DIRECTION('',(1.,0.,0.));
#1325 = ADVANCED_FACE('',(#1326),#1368,.F.);
#1326 = FACE_BOUND('',#1327,.F.);
#1327 = EDGE_LOOP('',(#1328,#1329,#1330,#1338,#1346,#1354,#1362));
#1328 = ORIENTED_EDGE('',*,*,#1315,.F.);
#1329 = ORIENTED_EDGE('',*,*,#477,.T.);
#1330 = ORIENTED_EDGE('',*,*,#1331,.T.);
#1331 = EDGE_CURVE('',#478,#1332,#1334,.T.);
#1332 = VERTEX_POINT('',#1333);
#1333 = CARTESIAN_POINT('',(-3.5,-78.58595214581,14.));
#1334 = LINE('',#1335,#1336);
#1335 = CARTESIAN_POINT('',(-3.5,-64.,14.));
#1336 = VECTOR('',#1337,1.);
#1337 = DIRECTION('',(1.110223024625E-16,-1.,0.));
#1338 = ORIENTED_EDGE('',*,*,#1339,.F.);
#1339 = EDGE_CURVE('',#1340,#1332,#1342,.T.);
#1340 = VERTEX_POINT('',#1341);
#1341 = CARTESIAN_POINT('',(-3.5,-78.58595214581,10.));
#1342 = LINE('',#1343,#1344);
#1343 = CARTESIAN_POINT('',(-3.5,-78.58595214581,9.));
#1344 = VECTOR('',#1345,1.);
#1345 = DIRECTION('',(0.,0.,1.));
#1346 = ORIENTED_EDGE('',*,*,#1347,.T.);
#1347 = EDGE_CURVE('',#1340,#1348,#1350,.T.);
#1348 = VERTEX_POINT('',#1349);
#1349 = CARTESIAN_POINT('',(-3.5,-103.8465807817,10.));
#1350 = LINE('',#1351,#1352);
#1351 = CARTESIAN_POINT('',(-3.5,-64.,10.));
#1352 = VECTOR('',#1353,1.);
#1353 = DIRECTION('',(1.110223024625E-16,-1.,0.));
#1354 = ORIENTED_EDGE('',*,*,#1355,.F.);
#1355 = EDGE_CURVE('',#1356,#1348,#1358,.T.);
#1356 = VERTEX_POINT('',#1357);
#1357 = CARTESIAN_POINT('',(-3.500000000004,-103.8465807817,8.8));
#1358 = LINE('',#1359,#1360);
#1359 = CARTESIAN_POINT('',(-3.5,-103.8465807817,3.5));
#1360 = VECTOR('',#1361,1.);
#1361 = DIRECTION('',(0.,0.,1.));
#1362 = ORIENTED_EDGE('',*,*,#1363,.F.);
#1363 = EDGE_CURVE('',#1307,#1356,#1364,.T.);
#1364 = LINE('',#1365,#1366);
#1365 = CARTESIAN_POINT('',(-3.5,-103.8465807817,3.5));
#1366 = VECTOR('',#1367,1.);
#1367 = DIRECTION('',(0.,0.,1.));
#1368 = PLANE('',#1369);
#1369 = AXIS2_PLACEMENT_3D('',#1370,#1371,#1372);
#1370 = CARTESIAN_POINT('',(-3.5,-64.,4.));
#1371 = DIRECTION('',(1.,1.110223024625E-16,0.));
#1372 = DIRECTION('',(0.,0.,1.));
#1373 = ADVANCED_FACE('',(#1374),#1386,.T.);
#1374 = FACE_BOUND('',#1375,.T.);
#1375 = EDGE_LOOP('',(#1376,#1377,#1384,#1385));
#1376 = ORIENTED_EDGE('',*,*,#1331,.T.);
#1377 = ORIENTED_EDGE('',*,*,#1378,.T.);
#1378 = EDGE_CURVE('',#1332,#510,#1379,.T.);
#1379 = CIRCLE('',#1380,15.);
#1380 = AXIS2_PLACEMENT_3D('',#1381,#1382,#1383);
#1381 = CARTESIAN_POINT('',(0.,-64.,14.));
#1382 = DIRECTION('',(0.,0.,1.));
#1383 = DIRECTION('',(1.,0.,0.));
#1384 = ORIENTED_EDGE('',*,*,#509,.F.);
#1385 = ORIENTED_EDGE('',*,*,#485,.F.);
#1386 = PLANE('',#1387);
#1387 = AXIS2_PLACEMENT_3D('',#1388,#1389,#1390);
#1388 = CARTESIAN_POINT('',(0.,-136.7793566267,14.));
#1389 = DIRECTION('',(0.,0.,1.));
#1390 = DIRECTION('',(1.,0.,0.));
#1391 = ADVANCED_FACE('',(#1392),#1404,.T.);
#1392 = FACE_BOUND('',#1393,.T.);
#1393 = EDGE_LOOP('',(#1394,#1401,#1402,#1403));
#1394 = ORIENTED_EDGE('',*,*,#1395,.T.);
#1395 = EDGE_CURVE('',#1340,#518,#1396,.T.);
#1396 = CIRCLE('',#1397,15.);
#1397 = AXIS2_PLACEMENT_3D('',#1398,#1399,#1400);
#1398 = CARTESIAN_POINT('',(0.,-64.,10.));
#1399 = DIRECTION('',(0.,0.,1.));
#1400 = DIRECTION('',(1.,0.,0.));
#1401 = ORIENTED_EDGE('',*,*,#517,.T.);
#1402 = ORIENTED_EDGE('',*,*,#1378,.F.);
#1403 = ORIENTED_EDGE('',*,*,#1339,.F.);
#1404 = CYLINDRICAL_SURFACE('',#1405,15.);
#1405 = AXIS2_PLACEMENT_3D('',#1406,#1407,#1408);
#1406 = CARTESIAN_POINT('',(0.,-64.,9.));
#1407 = DIRECTION('',(0.,0.,1.));
#1408 = DIRECTION('',(1.,0.,0.));
#1409 = ADVANCED_FACE('',(#1410),#1422,.T.);
#1410 = FACE_BOUND('',#1411,.T.);
#1411 = EDGE_LOOP('',(#1412,#1419,#1420,#1421));
#1412 = ORIENTED_EDGE('',*,*,#1413,.T.);
#1413 = EDGE_CURVE('',#1348,#526,#1414,.T.);
#1414 = CIRCLE('',#1415,40.);
#1415 = AXIS2_PLACEMENT_3D('',#1416,#1417,#1418);
#1416 = CARTESIAN_POINT('',(0.,-64.,10.));
#1417 = DIRECTION('',(0.,0.,1.));
#1418 = DIRECTION('',(1.,0.,0.));
#1419 = ORIENTED_EDGE('',*,*,#525,.F.);
#1420 = ORIENTED_EDGE('',*,*,#1395,.F.);
#1421 = ORIENTED_EDGE('',*,*,#1347,.T.);
#1422 = PLANE('',#1423);
#1423 = AXIS2_PLACEMENT_3D('',#1424,#1425,#1426);
#1424 = CARTESIAN_POINT('',(3.030691199925E-02,-72.10258691561,10.));
#1425 = DIRECTION('',(0.,0.,1.));
#1426 = DIRECTION('',(1.,0.,0.));
#1427 = ADVANCED_FACE('',(#1428),#1440,.T.);
#1428 = FACE_BOUND('',#1429,.T.);
#1429 = EDGE_LOOP('',(#1430,#1431,#1432,#1433));
#1430 = ORIENTED_EDGE('',*,*,#533,.T.);
#1431 = ORIENTED_EDGE('',*,*,#1413,.F.);
#1432 = ORIENTED_EDGE('',*,*,#1355,.F.);
#1433 = ORIENTED_EDGE('',*,*,#1434,.T.);
#1434 = EDGE_CURVE('',#1356,#534,#1435,.T.);
#1435 = CIRCLE('',#1436,40.);
#1436 = AXIS2_PLACEMENT_3D('',#1437,#1438,#1439);
#1437 = CARTESIAN_POINT('',(0.,-64.,8.8));
#1438 = DIRECTION('',(0.,0.,1.));
#1439 = DIRECTION('',(1.,0.,0.));
#1440 = CYLINDRICAL_SURFACE('',#1441,40.);
#1441 = AXIS2_PLACEMENT_3D('',#1442,#1443,#1444);
#1442 = CARTESIAN_POINT('',(0.,-64.,8.7));
#1443 = DIRECTION('',(0.,0.,1.));
#1444 = DIRECTION('',(1.,0.,0.));
#1445 = ADVANCED_FACE('',(#1446),#1458,.F.);
#1446 = FACE_BOUND('',#1447,.F.);
#1447 = EDGE_LOOP('',(#1448,#1449,#1450,#1451));
#1448 = ORIENTED_EDGE('',*,*,#541,.F.);
#1449 = ORIENTED_EDGE('',*,*,#557,.T.);
#1450 = ORIENTED_EDGE('',*,*,#614,.T.);
#1451 = ORIENTED_EDGE('',*,*,#1452,.F.);
#1452 = EDGE_CURVE('',#534,#607,#1453,.T.);
#1453 = CIRCLE('',#1454,40.);
#1454 = AXIS2_PLACEMENT_3D('',#1455,#1456,#1457);
#1455 = CARTESIAN_POINT('',(0.,-64.,8.8));
#1456 = DIRECTION('',(0.,0.,1.));
#1457 = DIRECTION('',(1.,0.,0.));
#1458 = CYLINDRICAL_SURFACE('',#1459,40.);
#1459 = AXIS2_PLACEMENT_3D('',#1460,#1461,#1462);
#1460 = CARTESIAN_POINT('',(0.,-64.,3.5));
#1461 = DIRECTION('',(0.,0.,1.));
#1462 = DIRECTION('',(1.,0.,0.));
#1463 = ADVANCED_FACE('',(#1464),#1486,.T.);
#1464 = FACE_BOUND('',#1465,.T.);
#1465 = EDGE_LOOP('',(#1466,#1475,#1476,#1477,#1478,#1479));
#1466 = ORIENTED_EDGE('',*,*,#1467,.T.);
#1467 = EDGE_CURVE('',#1468,#674,#1470,.T.);
#1468 = VERTEX_POINT('',#1469);
#1469 = CARTESIAN_POINT('',(15.,-64.,10.));
#1470 = CIRCLE('',#1471,15.);
#1471 = AXIS2_PLACEMENT_3D('',#1472,#1473,#1474);
#1472 = CARTESIAN_POINT('',(0.,-64.,10.));
#1473 = DIRECTION('',(0.,0.,1.));
#1474 = DIRECTION('',(1.,0.,0.));
#1475 = ORIENTED_EDGE('',*,*,#673,.T.);
#1476 = ORIENTED_EDGE('',*,*,#648,.F.);
#1477 = ORIENTED_EDGE('',*,*,#639,.F.);
#1478 = ORIENTED_EDGE('',*,*,#590,.F.);
#1479 = ORIENTED_EDGE('',*,*,#1480,.T.);
#1480 = EDGE_CURVE('',#591,#1468,#1481,.T.);
#1481 = CIRCLE('',#1482,15.);
#1482 = AXIS2_PLACEMENT_3D('',#1483,#1484,#1485);
#1483 = CARTESIAN_POINT('',(0.,-64.,10.));
#1484 = DIRECTION('',(0.,0.,1.));
#1485 = DIRECTION('',(1.,0.,0.));
#1486 = CYLINDRICAL_SURFACE('',#1487,15.);
#1487 = AXIS2_PLACEMENT_3D('',#1488,#1489,#1490);
#1488 = CARTESIAN_POINT('',(0.,-64.,9.));
#1489 = DIRECTION('',(0.,0.,1.));
#1490 = DIRECTION('',(1.,0.,0.));
#1491 = ADVANCED_FACE('',(#1492),#1505,.T.);
#1492 = FACE_BOUND('',#1493,.T.);
#1493 = EDGE_LOOP('',(#1494,#1501,#1502,#1503,#1504));
#1494 = ORIENTED_EDGE('',*,*,#1495,.T.);
#1495 = EDGE_CURVE('',#599,#682,#1496,.T.);
#1496 = CIRCLE('',#1497,40.);
#1497 = AXIS2_PLACEMENT_3D('',#1498,#1499,#1500);
#1498 = CARTESIAN_POINT('',(0.,-64.,10.));
#1499 = DIRECTION('',(0.,0.,1.));
#1500 = DIRECTION('',(1.,0.,0.));
#1501 = ORIENTED_EDGE('',*,*,#681,.F.);
#1502 = ORIENTED_EDGE('',*,*,#1467,.F.);
#1503 = ORIENTED_EDGE('',*,*,#1480,.F.);
#1504 = ORIENTED_EDGE('',*,*,#598,.T.);
#1505 = PLANE('',#1506);
#1506 = AXIS2_PLACEMENT_3D('',#1507,#1508,#1509);
#1507 = CARTESIAN_POINT('',(3.030691199925E-02,-72.10258691561,10.));
#1508 = DIRECTION('',(0.,0.,1.));
#1509 = DIRECTION('',(1.,0.,0.));
#1510 = ADVANCED_FACE('',(#1511),#1523,.T.);
#1511 = FACE_BOUND('',#1512,.T.);
#1512 = EDGE_LOOP('',(#1513,#1514,#1515,#1516));
#1513 = ORIENTED_EDGE('',*,*,#689,.T.);
#1514 = ORIENTED_EDGE('',*,*,#1495,.F.);
#1515 = ORIENTED_EDGE('',*,*,#606,.F.);
#1516 = ORIENTED_EDGE('',*,*,#1517,.T.);
#1517 = EDGE_CURVE('',#607,#690,#1518,.T.);
#1518 = CIRCLE('',#1519,40.);
#1519 = AXIS2_PLACEMENT_3D('',#1520,#1521,#1522);
#1520 = CARTESIAN_POINT('',(0.,-64.,8.8));
#1521 = DIRECTION('',(0.,0.,1.));
#1522 = DIRECTION('',(1.,0.,0.));
#1523 = CYLINDRICAL_SURFACE('',#1524,40.);
#1524 = AXIS2_PLACEMENT_3D('',#1525,#1526,#1527);
#1525 = CARTESIAN_POINT('',(0.,-64.,8.7));
#1526 = DIRECTION('',(0.,0.,1.));
#1527 = DIRECTION('',(1.,0.,0.));
#1528 = ADVANCED_FACE('',(#1529),#1551,.F.);
#1529 = FACE_BOUND('',#1530,.F.);
#1530 = EDGE_LOOP('',(#1531,#1532,#1533,#1542,#1549,#1550));
#1531 = ORIENTED_EDGE('',*,*,#722,.T.);
#1532 = ORIENTED_EDGE('',*,*,#779,.T.);
#1533 = ORIENTED_EDGE('',*,*,#1534,.F.);
#1534 = EDGE_CURVE('',#1535,#772,#1537,.T.);
#1535 = VERTEX_POINT('',#1536);
#1536 = CARTESIAN_POINT('',(40.,-64.,8.8));
#1537 = CIRCLE('',#1538,40.);
#1538 = AXIS2_PLACEMENT_3D('',#1539,#1540,#1541);
#1539 = CARTESIAN_POINT('',(0.,-64.,8.8));
#1540 = DIRECTION('',(0.,0.,1.));
#1541 = DIRECTION('',(1.,0.,0.));
#1542 = ORIENTED_EDGE('',*,*,#1543,.F.);
#1543 = EDGE_CURVE('',#690,#1535,#1544,.T.);
#1544 = CIRCLE('',#1545,40.);
#1545 = AXIS2_PLACEMENT_3D('',#1546,#1547,#1548);
#1546 = CARTESIAN_POINT('',(0.,-64.,8.8));
#1547 = DIRECTION('',(0.,0.,1.));
#1548 = DIRECTION('',(1.,0.,0.));
#1549 = ORIENTED_EDGE('',*,*,#697,.F.);
#1550 = ORIENTED_EDGE('',*,*,#713,.T.);
#1551 = CYLINDRICAL_SURFACE('',#1552,40.);
#1552 = AXIS2_PLACEMENT_3D('',#1553,#1554,#1555);
#1553 = CARTESIAN_POINT('',(0.,-64.,3.5));
#1554 = DIRECTION('',(0.,0.,1.));
#1555 = DIRECTION('',(1.,0.,0.));
#1556 = ADVANCED_FACE('',(#1557),#1569,.T.);
#1557 = FACE_BOUND('',#1558,.T.);
#1558 = EDGE_LOOP('',(#1559,#1560,#1567,#1568));
#1559 = ORIENTED_EDGE('',*,*,#755,.F.);
#1560 = ORIENTED_EDGE('',*,*,#1561,.T.);
#1561 = EDGE_CURVE('',#756,#829,#1562,.T.);
#1562 = CIRCLE('',#1563,15.);
#1563 = AXIS2_PLACEMENT_3D('',#1564,#1565,#1566);
#1564 = CARTESIAN_POINT('',(0.,-64.,10.));
#1565 = DIRECTION('',(0.,0.,1.));
#1566 = DIRECTION('',(1.,0.,0.));
#1567 = ORIENTED_EDGE('',*,*,#828,.T.);
#1568 = ORIENTED_EDGE('',*,*,#803,.F.);
#1569 = CYLINDRICAL_SURFACE('',#1570,15.);
#1570 = AXIS2_PLACEMENT_3D('',#1571,#1572,#1573);
#1571 = CARTESIAN_POINT('',(0.,-64.,9.));
#1572 = DIRECTION('',(0.,0.,1.));
#1573 = DIRECTION('',(1.,0.,0.));
#1574 = ADVANCED_FACE('',(#1575),#1587,.T.);
#1575 = FACE_BOUND('',#1576,.T.);
#1576 = EDGE_LOOP('',(#1577,#1584,#1585,#1586));
#1577 = ORIENTED_EDGE('',*,*,#1578,.T.);
#1578 = EDGE_CURVE('',#764,#837,#1579,.T.);
#1579 = CIRCLE('',#1580,40.);
#1580 = AXIS2_PLACEMENT_3D('',#1581,#1582,#1583);
#1581 = CARTESIAN_POINT('',(0.,-64.,10.));
#1582 = DIRECTION('',(0.,0.,1.));
#1583 = DIRECTION('',(1.,0.,0.));
#1584 = ORIENTED_EDGE('',*,*,#836,.F.);
#1585 = ORIENTED_EDGE('',*,*,#1561,.F.);
#1586 = ORIENTED_EDGE('',*,*,#763,.T.);
#1587 = PLANE('',#1588);
#1588 = AXIS2_PLACEMENT_3D('',#1589,#1590,#1591);
#1589 = CARTESIAN_POINT('',(3.030691199925E-02,-72.10258691561,10.));
#1590 = DIRECTION('',(0.,0.,1.));
#1591 = DIRECTION('',(1.,0.,0.));
#1592 = ADVANCED_FACE('',(#1593),#1605,.T.);
#1593 = FACE_BOUND('',#1594,.T.);
#1594 = EDGE_LOOP('',(#1595,#1596,#1597,#1604));
#1595 = ORIENTED_EDGE('',*,*,#1578,.F.);
#1596 = ORIENTED_EDGE('',*,*,#771,.F.);
#1597 = ORIENTED_EDGE('',*,*,#1598,.T.);
#1598 = EDGE_CURVE('',#772,#845,#1599,.T.);
#1599 = CIRCLE('',#1600,40.);
#1600 = AXIS2_PLACEMENT_3D('',#1601,#1602,#1603);
#1601 = CARTESIAN_POINT('',(0.,-64.,8.8));
#1602 = DIRECTION('',(0.,0.,1.));
#1603 = DIRECTION('',(1.,0.,0.));
#1604 = ORIENTED_EDGE('',*,*,#844,.T.);
#1605 = CYLINDRICAL_SURFACE('',#1606,40.);
#1606 = AXIS2_PLACEMENT_3D('',#1607,#1608,#1609);
#1607 = CARTESIAN_POINT('',(0.,-64.,8.7));
#1608 = DIRECTION('',(0.,0.,1.));
#1609 = DIRECTION('',(1.,0.,0.));
#1610 = ADVANCED_FACE('',(#1611),#1623,.F.);
#1611 = FACE_BOUND('',#1612,.F.);
#1612 = EDGE_LOOP('',(#1613,#1620,#1621,#1622));
#1613 = ORIENTED_EDGE('',*,*,#1614,.F.);
#1614 = EDGE_CURVE('',#845,#918,#1615,.T.);
#1615 = CIRCLE('',#1616,40.);
#1616 = AXIS2_PLACEMENT_3D('',#1617,#1618,#1619);
#1617 = CARTESIAN_POINT('',(0.,-64.,8.8));
#1618 = DIRECTION('',(0.,0.,1.));
#1619 = DIRECTION('',(1.,0.,0.));
#1620 = ORIENTED_EDGE('',*,*,#852,.F.);
#1621 = ORIENTED_EDGE('',*,*,#868,.T.);
#1622 = ORIENTED_EDGE('',*,*,#925,.T.);
#1623 = CYLINDRICAL_SURFACE('',#1624,40.);
#1624 = AXIS2_PLACEMENT_3D('',#1625,#1626,#1627);
#1625 = CARTESIAN_POINT('',(0.,-64.,3.5));
#1626 = DIRECTION('',(0.,0.,1.));
#1627 = DIRECTION('',(1.,0.,0.));
#1628 = ADVANCED_FACE('',(#1629),#1641,.T.);
#1629 = FACE_BOUND('',#1630,.T.);
#1630 = EDGE_LOOP('',(#1631,#1632,#1639,#1640));
#1631 = ORIENTED_EDGE('',*,*,#901,.F.);
#1632 = ORIENTED_EDGE('',*,*,#1633,.T.);
#1633 = EDGE_CURVE('',#902,#975,#1634,.T.);
#1634 = CIRCLE('',#1635,15.);
#1635 = AXIS2_PLACEMENT_3D('',#1636,#1637,#1638);
#1636 = CARTESIAN_POINT('',(0.,-64.,10.));
#1637 = DIRECTION('',(0.,0.,1.));
#1638 = DIRECTION('',(1.,0.,0.));
#1639 = ORIENTED_EDGE('',*,*,#974,.T.);
#1640 = ORIENTED_EDGE('',*,*,#939,.F.);
#1641 = CYLINDRICAL_SURFACE('',#1642,15.);
#1642 = AXIS2_PLACEMENT_3D('',#1643,#1644,#1645);
#1643 = CARTESIAN_POINT('',(0.,-64.,9.));
#1644 = DIRECTION('',(0.,0.,1.));
#1645 = DIRECTION('',(1.,0.,0.));
#1646 = ADVANCED_FACE('',(#1647),#1659,.T.);
#1647 = FACE_BOUND('',#1648,.T.);
#1648 = EDGE_LOOP('',(#1649,#1650,#1651,#1658));
#1649 = ORIENTED_EDGE('',*,*,#1633,.F.);
#1650 = ORIENTED_EDGE('',*,*,#909,.T.);
#1651 = ORIENTED_EDGE('',*,*,#1652,.T.);
#1652 = EDGE_CURVE('',#910,#983,#1653,.T.);
#1653 = CIRCLE('',#1654,40.);
#1654 = AXIS2_PLACEMENT_3D('',#1655,#1656,#1657);
#1655 = CARTESIAN_POINT('',(0.,-64.,10.));
#1656 = DIRECTION('',(0.,0.,1.));
#1657 = DIRECTION('',(1.,0.,0.));
#1658 = ORIENTED_EDGE('',*,*,#982,.F.);
#1659 = PLANE('',#1660);
#1660 = AXIS2_PLACEMENT_3D('',#1661,#1662,#1663);
#1661 = CARTESIAN_POINT('',(3.030691199925E-02,-72.10258691561,10.));
#1662 = DIRECTION('',(0.,0.,1.));
#1663 = DIRECTION('',(1.,0.,0.));
#1664 = ADVANCED_FACE('',(#1665),#1677,.T.);
#1665 = FACE_BOUND('',#1666,.T.);
#1666 = EDGE_LOOP('',(#1667,#1668,#1669,#1676));
#1667 = ORIENTED_EDGE('',*,*,#1652,.F.);
#1668 = ORIENTED_EDGE('',*,*,#917,.F.);
#1669 = ORIENTED_EDGE('',*,*,#1670,.T.);
#1670 = EDGE_CURVE('',#918,#991,#1671,.T.);
#1671 = CIRCLE('',#1672,40.);
#1672 = AXIS2_PLACEMENT_3D('',#1673,#1674,#1675);
#1673 = CARTESIAN_POINT('',(0.,-64.,8.8));
#1674 = DIRECTION('',(0.,0.,1.));
#1675 = DIRECTION('',(1.,0.,0.));
#1676 = ORIENTED_EDGE('',*,*,#990,.T.);
#1677 = CYLINDRICAL_SURFACE('',#1678,40.);
#1678 = AXIS2_PLACEMENT_3D('',#1679,#1680,#1681);
#1679 = CARTESIAN_POINT('',(0.,-64.,8.7));
#1680 = DIRECTION('',(0.,0.,1.));
#1681 = DIRECTION('',(1.,0.,0.));
#1682 = ADVANCED_FACE('',(#1683),#1695,.F.);
#1683 = FACE_BOUND('',#1684,.F.);
#1684 = EDGE_LOOP('',(#1685,#1692,#1693,#1694));
#1685 = ORIENTED_EDGE('',*,*,#1686,.F.);
#1686 = EDGE_CURVE('',#991,#1064,#1687,.T.);
#1687 = CIRCLE('',#1688,40.);
#1688 = AXIS2_PLACEMENT_3D('',#1689,#1690,#1691);
#1689 = CARTESIAN_POINT('',(0.,-64.,8.8));
#1690 = DIRECTION('',(0.,0.,1.));
#1691 = DIRECTION('',(1.,0.,0.));
#1692 = ORIENTED_EDGE('',*,*,#998,.F.);
#1693 = ORIENTED_EDGE('',*,*,#1014,.T.);
#1694 = ORIENTED_EDGE('',*,*,#1071,.T.);
#1695 = CYLINDRICAL_SURFACE('',#1696,40.);
#1696 = AXIS2_PLACEMENT_3D('',#1697,#1698,#1699);
#1697 = CARTESIAN_POINT('',(0.,-64.,3.5));
#1698 = DIRECTION('',(0.,0.,1.));
#1699 = DIRECTION('',(1.,0.,0.));
#1700 = ADVANCED_FACE('',(#1701),#1713,.T.);
#1701 = FACE_BOUND('',#1702,.T.);
#1702 = EDGE_LOOP('',(#1703,#1704,#1711,#1712));
#1703 = ORIENTED_EDGE('',*,*,#1047,.F.);
#1704 = ORIENTED_EDGE('',*,*,#1705,.T.);
#1705 = EDGE_CURVE('',#1048,#1121,#1706,.T.);
#1706 = CIRCLE('',#1707,15.);
#1707 = AXIS2_PLACEMENT_3D('',#1708,#1709,#1710);
#1708 = CARTESIAN_POINT('',(0.,-64.,10.));
#1709 = DIRECTION('',(0.,0.,1.));
#1710 = DIRECTION('',(1.,0.,0.));
#1711 = ORIENTED_EDGE('',*,*,#1120,.T.);
#1712 = ORIENTED_EDGE('',*,*,#1095,.F.);
#1713 = CYLINDRICAL_SURFACE('',#1714,15.);
#1714 = AXIS2_PLACEMENT_3D('',#1715,#1716,#1717);
#1715 = CARTESIAN_POINT('',(0.,-64.,9.));
#1716 = DIRECTION('',(0.,0.,1.));
#1717 = DIRECTION('',(1.,0.,0.));
#1718 = ADVANCED_FACE('',(#1719),#1731,.T.);
#1719 = FACE_BOUND('',#1720,.T.);
#1720 = EDGE_LOOP('',(#1721,#1722,#1729,#1730));
#1721 = ORIENTED_EDGE('',*,*,#1055,.T.);
#1722 = ORIENTED_EDGE('',*,*,#1723,.T.);
#1723 = EDGE_CURVE('',#1056,#1129,#1724,.T.);
#1724 = CIRCLE('',#1725,40.);
#1725 = AXIS2_PLACEMENT_3D('',#1726,#1727,#1728);
#1726 = CARTESIAN_POINT('',(0.,-64.,10.));
#1727 = DIRECTION('',(0.,0.,1.));
#1728 = DIRECTION('',(1.,0.,0.));
#1729 = ORIENTED_EDGE('',*,*,#1128,.F.);
#1730 = ORIENTED_EDGE('',*,*,#1705,.F.);
#1731 = PLANE('',#1732);
#1732 = AXIS2_PLACEMENT_3D('',#1733,#1734,#1735);
#1733 = CARTESIAN_POINT('',(3.030691199925E-02,-72.10258691561,10.));
#1734 = DIRECTION('',(0.,0.,1.));
#1735 = DIRECTION('',(1.,0.,0.));
#1736 = ADVANCED_FACE('',(#1737),#1749,.T.);
#1737 = FACE_BOUND('',#1738,.T.);
#1738 = EDGE_LOOP('',(#1739,#1740,#1741,#1748));
#1739 = ORIENTED_EDGE('',*,*,#1723,.F.);
#1740 = ORIENTED_EDGE('',*,*,#1063,.F.);
#1741 = ORIENTED_EDGE('',*,*,#1742,.T.);
#1742 = EDGE_CURVE('',#1064,#1137,#1743,.T.);
#1743 = CIRCLE('',#1744,40.);
#1744 = AXIS2_PLACEMENT_3D('',#1745,#1746,#1747);
#1745 = CARTESIAN_POINT('',(0.,-64.,8.8));
#1746 = DIRECTION('',(0.,0.,1.));
#1747 = DIRECTION('',(1.,0.,0.));
#1748 = ORIENTED_EDGE('',*,*,#1136,.T.);
#1749 = CYLINDRICAL_SURFACE('',#1750,40.);
#1750 = AXIS2_PLACEMENT_3D('',#1751,#1752,#1753);
#1751 = CARTESIAN_POINT('',(0.,-64.,8.7));
#1752 = DIRECTION('',(0.,0.,1.));
#1753 = DIRECTION('',(1.,0.,0.));
#1754 = ADVANCED_FACE('',(#1755),#1767,.F.);
#1755 = FACE_BOUND('',#1756,.F.);
#1756 = EDGE_LOOP('',(#1757,#1764,#1765,#1766));
#1757 = ORIENTED_EDGE('',*,*,#1758,.F.);
#1758 = EDGE_CURVE('',#1137,#1210,#1759,.T.);
#1759 = CIRCLE('',#1760,40.);
#1760 = AXIS2_PLACEMENT_3D('',#1761,#1762,#1763);
#1761 = CARTESIAN_POINT('',(0.,-64.,8.8));
#1762 = DIRECTION('',(0.,0.,1.));
#1763 = DIRECTION('',(1.,0.,0.));
#1764 = ORIENTED_EDGE('',*,*,#1144,.F.);
#1765 = ORIENTED_EDGE('',*,*,#1160,.T.);
#1766 = ORIENTED_EDGE('',*,*,#1217,.T.);
#1767 = CYLINDRICAL_SURFACE('',#1768,40.);
#1768 = AXIS2_PLACEMENT_3D('',#1769,#1770,#1771);
#1769 = CARTESIAN_POINT('',(0.,-64.,3.5));
#1770 = DIRECTION('',(0.,0.,1.));
#1771 = DIRECTION('',(1.,0.,0.));
#1772 = ADVANCED_FACE('',(#1773),#1785,.T.);
#1773 = FACE_BOUND('',#1774,.T.);
#1774 = EDGE_LOOP('',(#1775,#1782,#1783,#1784));
#1775 = ORIENTED_EDGE('',*,*,#1776,.T.);
#1776 = EDGE_CURVE('',#1194,#1267,#1777,.T.);
#1777 = CIRCLE('',#1778,15.);
#1778 = AXIS2_PLACEMENT_3D('',#1779,#1780,#1781);
#1779 = CARTESIAN_POINT('',(0.,-64.,10.));
#1780 = DIRECTION('',(0.,0.,1.));
#1781 = DIRECTION('',(1.,0.,0.));
#1782 = ORIENTED_EDGE('',*,*,#1266,.T.);
#1783 = ORIENTED_EDGE('',*,*,#1241,.F.);
#1784 = ORIENTED_EDGE('',*,*,#1193,.F.);
#1785 = CYLINDRICAL_SURFACE('',#1786,15.);
#1786 = AXIS2_PLACEMENT_3D('',#1787,#1788,#1789);
#1787 = CARTESIAN_POINT('',(0.,-64.,9.));
#1788 = DIRECTION('',(0.,0.,1.));
#1789 = DIRECTION('',(1.,0.,0.));
#1790 = ADVANCED_FACE('',(#1791),#1803,.T.);
#1791 = FACE_BOUND('',#1792,.T.);
#1792 = EDGE_LOOP('',(#1793,#1794,#1801,#1802));
#1793 = ORIENTED_EDGE('',*,*,#1201,.T.);
#1794 = ORIENTED_EDGE('',*,*,#1795,.T.);
#1795 = EDGE_CURVE('',#1202,#1275,#1796,.T.);
#1796 = CIRCLE('',#1797,40.);
#1797 = AXIS2_PLACEMENT_3D('',#1798,#1799,#1800);
#1798 = CARTESIAN_POINT('',(0.,-64.,10.));
#1799 = DIRECTION('',(0.,0.,1.));
#1800 = DIRECTION('',(1.,0.,0.));
#1801 = ORIENTED_EDGE('',*,*,#1274,.F.);
#1802 = ORIENTED_EDGE('',*,*,#1776,.F.);
#1803 = PLANE('',#1804);
#1804 = AXIS2_PLACEMENT_3D('',#1805,#1806,#1807);
#1805 = CARTESIAN_POINT('',(3.030691199925E-02,-72.10258691561,10.));
#1806 = DIRECTION('',(0.,0.,1.));
#1807 = DIRECTION('',(1.,0.,0.));
#1808 = ADVANCED_FACE('',(#1809),#1821,.T.);
#1809 = FACE_BOUND('',#1810,.T.);
#1810 = EDGE_LOOP('',(#1811,#1812,#1813,#1814));
#1811 = ORIENTED_EDGE('',*,*,#1282,.T.);
#1812 = ORIENTED_EDGE('',*,*,#1795,.F.);
#1813 = ORIENTED_EDGE('',*,*,#1209,.F.);
#1814 = ORIENTED_EDGE('',*,*,#1815,.T.);
#1815 = EDGE_CURVE('',#1210,#1283,#1816,.T.);
#1816 = CIRCLE('',#1817,40.);
#1817 = AXIS2_PLACEMENT_3D('',#1818,#1819,#1820);
#1818 = CARTESIAN_POINT('',(0.,-64.,8.8));
#1819 = DIRECTION('',(0.,0.,1.));
#1820 = DIRECTION('',(1.,0.,0.));
#1821 = CYLINDRICAL_SURFACE('',#1822,40.);
#1822 = AXIS2_PLACEMENT_3D('',#1823,#1824,#1825);
#1823 = CARTESIAN_POINT('',(0.,-64.,8.7));
#1824 = DIRECTION('',(0.,0.,1.));
#1825 = DIRECTION('',(1.,0.,0.));
#1826 = ADVANCED_FACE('',(#1827),#1839,.F.);
#1827 = FACE_BOUND('',#1828,.F.);
#1828 = EDGE_LOOP('',(#1829,#1836,#1837,#1838));
#1829 = ORIENTED_EDGE('',*,*,#1830,.F.);
#1830 = EDGE_CURVE('',#1283,#1356,#1831,.T.);
#1831 = CIRCLE('',#1832,40.);
#1832 = AXIS2_PLACEMENT_3D('',#1833,#1834,#1835);
#1833 = CARTESIAN_POINT('',(0.,-64.,8.8));
#1834 = DIRECTION('',(0.,0.,1.));
#1835 = DIRECTION('',(1.,0.,0.));
#1836 = ORIENTED_EDGE('',*,*,#1290,.F.);
#1837 = ORIENTED_EDGE('',*,*,#1306,.T.);
#1838 = ORIENTED_EDGE('',*,*,#1363,.T.);
#1839 = CYLINDRICAL_SURFACE('',#1840,40.);
#1840 = AXIS2_PLACEMENT_3D('',#1841,#1842,#1843);
#1841 = CARTESIAN_POINT('',(0.,-64.,3.5));
#1842 = DIRECTION('',(0.,0.,1.));
#1843 = DIRECTION('',(1.,0.,0.));
#1844 = ADVANCED_FACE('',(#1845,#1964),#1979,.T.);
#1845 = FACE_BOUND('',#1846,.T.);
#1846 = EDGE_LOOP('',(#1847,#1858,#1867,#1876,#1885,#1894,#1903,#1912,
    #1921,#1930,#1939,#1948,#1957));
#1847 = ORIENTED_EDGE('',*,*,#1848,.T.);
#1848 = EDGE_CURVE('',#1849,#1851,#1853,.T.);
#1849 = VERTEX_POINT('',#1850);
#1850 = CARTESIAN_POINT('',(75.,-64.,8.8));
#1851 = VERTEX_POINT('',#1852);
#1852 = CARTESIAN_POINT('',(46.89539341834,-5.469477397352,8.8));
#1853 = CIRCLE('',#1854,75.);
#1854 = AXIS2_PLACEMENT_3D('',#1855,#1856,#1857);
#1855 = CARTESIAN_POINT('',(0.,-64.,8.8));
#1856 = DIRECTION('',(0.,0.,1.));
#1857 = DIRECTION('',(1.,0.,0.));
#1858 = ORIENTED_EDGE('',*,*,#1859,.T.);
#1859 = EDGE_CURVE('',#1851,#1860,#1862,.T.);
#1860 = VERTEX_POINT('',#1861);
#1861 = CARTESIAN_POINT('',(41.234240828219,-1.352275513627,8.8));
#1862 = CIRCLE('',#1863,75.);
#1863 = AXIS2_PLACEMENT_3D('',#1864,#1865,#1866);
#1864 = CARTESIAN_POINT('',(0.,-64.,8.8));
#1865 = DIRECTION('',(0.,0.,1.));
#1866 = DIRECTION('',(1.,0.,0.));
#1867 = ORIENTED_EDGE('',*,*,#1868,.T.);
#1868 = EDGE_CURVE('',#1860,#1869,#1871,.T.);
#1869 = VERTEX_POINT('',#1870);
#1870 = CARTESIAN_POINT('',(3.499999999999,10.918288821889,8.8));
#1871 = CIRCLE('',#1872,75.);
#1872 = AXIS2_PLACEMENT_3D('',#1873,#1874,#1875);
#1873 = CARTESIAN_POINT('',(0.,-64.,8.8));
#1874 = DIRECTION('',(0.,0.,1.));
#1875 = DIRECTION('',(1.,0.,0.));
#1876 = ORIENTED_EDGE('',*,*,#1877,.T.);
#1877 = EDGE_CURVE('',#1869,#1878,#1880,.T.);
#1878 = VERTEX_POINT('',#1879);
#1879 = CARTESIAN_POINT('',(-3.5,10.918288821889,8.8));
#1880 = CIRCLE('',#1881,75.);
#1881 = AXIS2_PLACEMENT_3D('',#1882,#1883,#1884);
#1882 = CARTESIAN_POINT('',(0.,-64.,8.8));
#1883 = DIRECTION('',(0.,0.,1.));
#1884 = DIRECTION('',(1.,0.,0.));
#1885 = ORIENTED_EDGE('',*,*,#1886,.T.);
#1886 = EDGE_CURVE('',#1878,#1887,#1889,.T.);
#1887 = VERTEX_POINT('',#1888);
#1888 = CARTESIAN_POINT('',(-41.23424082821,-1.352275513625,8.8));
#1889 = CIRCLE('',#1890,75.);
#1890 = AXIS2_PLACEMENT_3D('',#1891,#1892,#1893);
#1891 = CARTESIAN_POINT('',(0.,-64.,8.8));
#1892 = DIRECTION('',(0.,0.,1.));
#1893 = DIRECTION('',(1.,0.,0.));
#1894 = ORIENTED_EDGE('',*,*,#1895,.T.);
#1895 = EDGE_CURVE('',#1887,#1896,#1898,.T.);
#1896 = VERTEX_POINT('',#1897);
#1897 = CARTESIAN_POINT('',(-46.89539341834,-5.469477397352,8.8));
#1898 = CIRCLE('',#1899,75.);
#1899 = AXIS2_PLACEMENT_3D('',#1900,#1901,#1902);
#1900 = CARTESIAN_POINT('',(0.,-64.,8.8));
#1901 = DIRECTION('',(0.,0.,1.));
#1902 = DIRECTION('',(1.,0.,0.));
#1903 = ORIENTED_EDGE('',*,*,#1904,.T.);
#1904 = EDGE_CURVE('',#1896,#1905,#1907,.T.);
#1905 = VERTEX_POINT('',#1906);
#1906 = CARTESIAN_POINT('',(-73.76914936362,-77.53191051431,8.8));
#1907 = CIRCLE('',#1908,75.);
#1908 = AXIS2_PLACEMENT_3D('',#1909,#1910,#1911);
#1909 = CARTESIAN_POINT('',(0.,-64.,8.8));
#1910 = DIRECTION('',(0.,0.,1.));
#1911 = DIRECTION('',(1.,0.,0.));
#1912 = ORIENTED_EDGE('',*,*,#1913,.T.);
#1913 = EDGE_CURVE('',#1905,#1914,#1916,.T.);
#1914 = VERTEX_POINT('',#1915);
#1915 = CARTESIAN_POINT('',(-72.18624141322,-84.35059091602,8.8));
#1916 = CIRCLE('',#1917,75.);
#1917 = AXIS2_PLACEMENT_3D('',#1918,#1919,#1920);
#1918 = CARTESIAN_POINT('',(0.,-64.,8.8));
#1919 = DIRECTION('',(0.,0.,1.));
#1920 = DIRECTION('',(1.,0.,0.));
#1921 = ORIENTED_EDGE('',*,*,#1922,.T.);
#1922 = EDGE_CURVE('',#1914,#1923,#1925,.T.);
#1923 = VERTEX_POINT('',#1924);
#1924 = CARTESIAN_POINT('',(-3.500000000003,-138.9182888218,8.8));
#1925 = CIRCLE('',#1926,75.);
#1926 = AXIS2_PLACEMENT_3D('',#1927,#1928,#1929);
#1927 = CARTESIAN_POINT('',(0.,-64.,8.8));
#1928 = DIRECTION('',(0.,0.,1.));
#1929 = DIRECTION('',(1.,0.,0.));
#1930 = ORIENTED_EDGE('',*,*,#1931,.T.);
#1931 = EDGE_CURVE('',#1923,#1932,#1934,.T.);
#1932 = VERTEX_POINT('',#1933);
#1933 = CARTESIAN_POINT('',(3.500000000002,-138.9182888218,8.8));
#1934 = CIRCLE('',#1935,75.);
#1935 = AXIS2_PLACEMENT_3D('',#1936,#1937,#1938);
#1936 = CARTESIAN_POINT('',(0.,-64.,8.8));
#1937 = DIRECTION('',(0.,0.,1.));
#1938 = DIRECTION('',(1.,0.,0.));
#1939 = ORIENTED_EDGE('',*,*,#1940,.T.);
#1940 = EDGE_CURVE('',#1932,#1941,#1943,.T.);
#1941 = VERTEX_POINT('',#1942);
#1942 = CARTESIAN_POINT('',(72.186241413227,-84.35059091602,8.8));
#1943 = CIRCLE('',#1944,75.);
#1944 = AXIS2_PLACEMENT_3D('',#1945,#1946,#1947);
#1945 = CARTESIAN_POINT('',(0.,-64.,8.8));
#1946 = DIRECTION('',(0.,0.,1.));
#1947 = DIRECTION('',(1.,0.,0.));
#1948 = ORIENTED_EDGE('',*,*,#1949,.T.);
#1949 = EDGE_CURVE('',#1941,#1950,#1952,.T.);
#1950 = VERTEX_POINT('',#1951);
#1951 = CARTESIAN_POINT('',(73.769149363624,-77.53191051431,8.8));
#1952 = CIRCLE('',#1953,75.);
#1953 = AXIS2_PLACEMENT_3D('',#1954,#1955,#1956);
#1954 = CARTESIAN_POINT('',(0.,-64.,8.8));
#1955 = DIRECTION('',(0.,0.,1.));
#1956 = DIRECTION('',(1.,0.,0.));
#1957 = ORIENTED_EDGE('',*,*,#1958,.T.);
#1958 = EDGE_CURVE('',#1950,#1849,#1959,.T.);
#1959 = CIRCLE('',#1960,75.);
#1960 = AXIS2_PLACEMENT_3D('',#1961,#1962,#1963);
#1961 = CARTESIAN_POINT('',(0.,-64.,8.8));
#1962 = DIRECTION('',(0.,0.,1.));
#1963 = DIRECTION('',(1.,0.,0.));
#1964 = FACE_BOUND('',#1965,.T.);
#1965 = EDGE_LOOP('',(#1966,#1967,#1968,#1969,#1970,#1971,#1972,#1973,
    #1974,#1975,#1976,#1977,#1978));
#1966 = ORIENTED_EDGE('',*,*,#1534,.F.);
#1967 = ORIENTED_EDGE('',*,*,#1543,.F.);
#1968 = ORIENTED_EDGE('',*,*,#1517,.F.);
#1969 = ORIENTED_EDGE('',*,*,#1452,.F.);
#1970 = ORIENTED_EDGE('',*,*,#1434,.F.);
#1971 = ORIENTED_EDGE('',*,*,#1830,.F.);
#1972 = ORIENTED_EDGE('',*,*,#1815,.F.);
#1973 = ORIENTED_EDGE('',*,*,#1758,.F.);
#1974 = ORIENTED_EDGE('',*,*,#1742,.F.);
#1975 = ORIENTED_EDGE('',*,*,#1686,.F.);
#1976 = ORIENTED_EDGE('',*,*,#1670,.F.);
#1977 = ORIENTED_EDGE('',*,*,#1614,.F.);
#1978 = ORIENTED_EDGE('',*,*,#1598,.F.);
#1979 = PLANE('',#1980);
#1980 = AXIS2_PLACEMENT_3D('',#1981,#1982,#1983);
#1981 = CARTESIAN_POINT('',(0.,-64.,8.8));
#1982 = DIRECTION('',(0.,0.,1.));
#1983 = DIRECTION('',(1.,0.,0.));
#1984 = ADVANCED_FACE('',(#1985),#2021,.T.);
#1985 = FACE_BOUND('',#1986,.T.);
#1986 = EDGE_LOOP('',(#1987,#1998,#2007,#2013,#2014,#2015));
#1987 = ORIENTED_EDGE('',*,*,#1988,.T.);
#1988 = EDGE_CURVE('',#1989,#1991,#1993,.T.);
#1989 = VERTEX_POINT('',#1990);
#1990 = CARTESIAN_POINT('',(73.769149363623,-77.53191051431,4.));
#1991 = VERTEX_POINT('',#1992);
#1992 = CARTESIAN_POINT('',(75.,-64.,4.));
#1993 = CIRCLE('',#1994,75.);
#1994 = AXIS2_PLACEMENT_3D('',#1995,#1996,#1997);
#1995 = CARTESIAN_POINT('',(0.,-64.,4.));
#1996 = DIRECTION('',(0.,0.,1.));
#1997 = DIRECTION('',(1.,0.,0.));
#1998 = ORIENTED_EDGE('',*,*,#1999,.T.);
#1999 = EDGE_CURVE('',#1991,#2000,#2002,.T.);
#2000 = VERTEX_POINT('',#2001);
#2001 = CARTESIAN_POINT('',(46.89539341834,-5.469477397352,4.));
#2002 = CIRCLE('',#2003,75.);
#2003 = AXIS2_PLACEMENT_3D('',#2004,#2005,#2006);
#2004 = CARTESIAN_POINT('',(0.,-64.,4.));
#2005 = DIRECTION('',(0.,0.,1.));
#2006 = DIRECTION('',(1.,0.,0.));
#2007 = ORIENTED_EDGE('',*,*,#2008,.T.);
#2008 = EDGE_CURVE('',#2000,#1851,#2009,.T.);
#2009 = LINE('',#2010,#2011);
#2010 = CARTESIAN_POINT('',(46.895393418341,-5.469477397353,4.));
#2011 = VECTOR('',#2012,1.);
#2012 = DIRECTION('',(0.,0.,1.));
#2013 = ORIENTED_EDGE('',*,*,#1848,.F.);
#2014 = ORIENTED_EDGE('',*,*,#1958,.F.);
#2015 = ORIENTED_EDGE('',*,*,#2016,.F.);
#2016 = EDGE_CURVE('',#1989,#1950,#2017,.T.);
#2017 = LINE('',#2018,#2019);
#2018 = CARTESIAN_POINT('',(73.769149363623,-77.53191051431,4.));
#2019 = VECTOR('',#2020,1.);
#2020 = DIRECTION('',(0.,0.,1.));
#2021 = CYLINDRICAL_SURFACE('',#2022,75.);
#2022 = AXIS2_PLACEMENT_3D('',#2023,#2024,#2025);
#2023 = CARTESIAN_POINT('',(0.,-64.,4.));
#2024 = DIRECTION('',(0.,0.,1.));
#2025 = DIRECTION('',(1.,0.,0.));
#2026 = ADVANCED_FACE('',(#2027),#2053,.F.);
#2027 = FACE_BOUND('',#2028,.F.);
#2028 = EDGE_LOOP('',(#2029,#2040,#2046,#2047));
#2029 = ORIENTED_EDGE('',*,*,#2030,.F.);
#2030 = EDGE_CURVE('',#2031,#2033,#2035,.T.);
#2031 = VERTEX_POINT('',#2032);
#2032 = CARTESIAN_POINT('',(46.895393418341,-5.469477397353,10.));
#2033 = VERTEX_POINT('',#2034);
#2034 = CARTESIAN_POINT('',(41.234240828219,-1.352275513627,10.));
#2035 = CIRCLE('',#2036,75.);
#2036 = AXIS2_PLACEMENT_3D('',#2037,#2038,#2039);
#2037 = CARTESIAN_POINT('',(0.,-64.,10.));
#2038 = DIRECTION('',(0.,0.,1.));
#2039 = DIRECTION('',(1.,0.,0.));
#2040 = ORIENTED_EDGE('',*,*,#2041,.F.);
#2041 = EDGE_CURVE('',#1851,#2031,#2042,.T.);
#2042 = LINE('',#2043,#2044);
#2043 = CARTESIAN_POINT('',(46.895393418341,-5.469477397353,4.));
#2044 = VECTOR('',#2045,1.);
#2045 = DIRECTION('',(0.,0.,1.));
#2046 = ORIENTED_EDGE('',*,*,#1859,.T.);
#2047 = ORIENTED_EDGE('',*,*,#2048,.T.);
#2048 = EDGE_CURVE('',#1860,#2033,#2049,.T.);
#2049 = LINE('',#2050,#2051);
#2050 = CARTESIAN_POINT('',(41.234240828219,-1.352275513627,4.));
#2051 = VECTOR('',#2052,1.);
#2052 = DIRECTION('',(0.,0.,1.));
#2053 = CYLINDRICAL_SURFACE('',#2054,75.);
#2054 = AXIS2_PLACEMENT_3D('',#2055,#2056,#2057);
#2055 = CARTESIAN_POINT('',(0.,-64.,8.8));
#2056 = DIRECTION('',(0.,0.,1.));
#2057 = DIRECTION('',(1.,0.,0.));
#2058 = ADVANCED_FACE('',(#2059),#2085,.T.);
#2059 = FACE_BOUND('',#2060,.T.);
#2060 = EDGE_LOOP('',(#2061,#2062,#2070,#2079));
#2061 = ORIENTED_EDGE('',*,*,#1868,.F.);
#2062 = ORIENTED_EDGE('',*,*,#2063,.F.);
#2063 = EDGE_CURVE('',#2064,#1860,#2066,.T.);
#2064 = VERTEX_POINT('',#2065);
#2065 = CARTESIAN_POINT('',(41.234240828218,-1.352275513627,4.));
#2066 = LINE('',#2067,#2068);
#2067 = CARTESIAN_POINT('',(41.234240828219,-1.352275513627,4.));
#2068 = VECTOR('',#2069,1.);
#2069 = DIRECTION('',(0.,0.,1.));
#2070 = ORIENTED_EDGE('',*,*,#2071,.T.);
#2071 = EDGE_CURVE('',#2064,#2072,#2074,.T.);
#2072 = VERTEX_POINT('',#2073);
#2073 = CARTESIAN_POINT('',(3.499999999998,10.918288821889,4.));
#2074 = CIRCLE('',#2075,75.);
#2075 = AXIS2_PLACEMENT_3D('',#2076,#2077,#2078);
#2076 = CARTESIAN_POINT('',(0.,-64.,4.));
#2077 = DIRECTION('',(0.,0.,1.));
#2078 = DIRECTION('',(1.,0.,0.));
#2079 = ORIENTED_EDGE('',*,*,#2080,.T.);
#2080 = EDGE_CURVE('',#2072,#1869,#2081,.T.);
#2081 = LINE('',#2082,#2083);
#2082 = CARTESIAN_POINT('',(3.5,10.918288821889,4.));
#2083 = VECTOR('',#2084,1.);
#2084 = DIRECTION('',(0.,0.,1.));
#2085 = CYLINDRICAL_SURFACE('',#2086,75.);
#2086 = AXIS2_PLACEMENT_3D('',#2087,#2088,#2089);
#2087 = CARTESIAN_POINT('',(0.,-64.,4.));
#2088 = DIRECTION('',(0.,0.,1.));
#2089 = DIRECTION('',(1.,0.,0.));
#2090 = ADVANCED_FACE('',(#2091),#2117,.F.);
#2091 = FACE_BOUND('',#2092,.F.);
#2092 = EDGE_LOOP('',(#2093,#2101,#2102,#2110));
#2093 = ORIENTED_EDGE('',*,*,#2094,.F.);
#2094 = EDGE_CURVE('',#1869,#2095,#2097,.T.);
#2095 = VERTEX_POINT('',#2096);
#2096 = CARTESIAN_POINT('',(3.5,10.918288821889,10.));
#2097 = LINE('',#2098,#2099);
#2098 = CARTESIAN_POINT('',(3.5,10.918288821889,4.));
#2099 = VECTOR('',#2100,1.);
#2100 = DIRECTION('',(0.,0.,1.));
#2101 = ORIENTED_EDGE('',*,*,#1877,.T.);
#2102 = ORIENTED_EDGE('',*,*,#2103,.T.);
#2103 = EDGE_CURVE('',#1878,#2104,#2106,.T.);
#2104 = VERTEX_POINT('',#2105);
#2105 = CARTESIAN_POINT('',(-3.5,10.918288821889,10.));
#2106 = LINE('',#2107,#2108);
#2107 = CARTESIAN_POINT('',(-3.5,10.918288821889,4.));
#2108 = VECTOR('',#2109,1.);
#2109 = DIRECTION('',(0.,0.,1.));
#2110 = ORIENTED_EDGE('',*,*,#2111,.F.);
#2111 = EDGE_CURVE('',#2095,#2104,#2112,.T.);
#2112 = CIRCLE('',#2113,75.);
#2113 = AXIS2_PLACEMENT_3D('',#2114,#2115,#2116);
#2114 = CARTESIAN_POINT('',(0.,-64.,10.));
#2115 = DIRECTION('',(0.,0.,1.));
#2116 = DIRECTION('',(1.,0.,0.));
#2117 = CYLINDRICAL_SURFACE('',#2118,75.);
#2118 = AXIS2_PLACEMENT_3D('',#2119,#2120,#2121);
#2119 = CARTESIAN_POINT('',(0.,-64.,8.8));
#2120 = DIRECTION('',(0.,0.,1.));
#2121 = DIRECTION('',(1.,0.,0.));
#2122 = ADVANCED_FACE('',(#2123),#2149,.T.);
#2123 = FACE_BOUND('',#2124,.T.);
#2124 = EDGE_LOOP('',(#2125,#2126,#2134,#2143));
#2125 = ORIENTED_EDGE('',*,*,#1886,.F.);
#2126 = ORIENTED_EDGE('',*,*,#2127,.F.);
#2127 = EDGE_CURVE('',#2128,#1878,#2130,.T.);
#2128 = VERTEX_POINT('',#2129);
#2129 = CARTESIAN_POINT('',(-3.499999999998,10.918288821889,4.));
#2130 = LINE('',#2131,#2132);
#2131 = CARTESIAN_POINT('',(-3.5,10.918288821889,4.));
#2132 = VECTOR('',#2133,1.);
#2133 = DIRECTION('',(0.,0.,1.));
#2134 = ORIENTED_EDGE('',*,*,#2135,.T.);
#2135 = EDGE_CURVE('',#2128,#2136,#2138,.T.);
#2136 = VERTEX_POINT('',#2137);
#2137 = CARTESIAN_POINT('',(-41.23424082821,-1.352275513627,4.));
#2138 = CIRCLE('',#2139,75.);
#2139 = AXIS2_PLACEMENT_3D('',#2140,#2141,#2142);
#2140 = CARTESIAN_POINT('',(0.,-64.,4.));
#2141 = DIRECTION('',(0.,0.,1.));
#2142 = DIRECTION('',(1.,0.,0.));
#2143 = ORIENTED_EDGE('',*,*,#2144,.T.);
#2144 = EDGE_CURVE('',#2136,#1887,#2145,.T.);
#2145 = LINE('',#2146,#2147);
#2146 = CARTESIAN_POINT('',(-41.23424082821,-1.352275513627,4.));
#2147 = VECTOR('',#2148,1.);
#2148 = DIRECTION('',(0.,0.,1.));
#2149 = CYLINDRICAL_SURFACE('',#2150,75.);
#2150 = AXIS2_PLACEMENT_3D('',#2151,#2152,#2153);
#2151 = CARTESIAN_POINT('',(0.,-64.,4.));
#2152 = DIRECTION('',(0.,0.,1.));
#2153 = DIRECTION('',(1.,0.,0.));
#2154 = ADVANCED_FACE('',(#2155),#2181,.F.);
#2155 = FACE_BOUND('',#2156,.F.);
#2156 = EDGE_LOOP('',(#2157,#2165,#2166,#2174));
#2157 = ORIENTED_EDGE('',*,*,#2158,.F.);
#2158 = EDGE_CURVE('',#1887,#2159,#2161,.T.);
#2159 = VERTEX_POINT('',#2160);
#2160 = CARTESIAN_POINT('',(-41.23424082821,-1.352275513627,10.));
#2161 = LINE('',#2162,#2163);
#2162 = CARTESIAN_POINT('',(-41.23424082821,-1.352275513627,4.));
#2163 = VECTOR('',#2164,1.);
#2164 = DIRECTION('',(0.,0.,1.));
#2165 = ORIENTED_EDGE('',*,*,#1895,.T.);
#2166 = ORIENTED_EDGE('',*,*,#2167,.T.);
#2167 = EDGE_CURVE('',#1896,#2168,#2170,.T.);
#2168 = VERTEX_POINT('',#2169);
#2169 = CARTESIAN_POINT('',(-46.89539341834,-5.469477397353,10.));
#2170 = LINE('',#2171,#2172);
#2171 = CARTESIAN_POINT('',(-46.89539341834,-5.469477397353,4.));
#2172 = VECTOR('',#2173,1.);
#2173 = DIRECTION('',(0.,0.,1.));
#2174 = ORIENTED_EDGE('',*,*,#2175,.F.);
#2175 = EDGE_CURVE('',#2159,#2168,#2176,.T.);
#2176 = CIRCLE('',#2177,75.);
#2177 = AXIS2_PLACEMENT_3D('',#2178,#2179,#2180);
#2178 = CARTESIAN_POINT('',(0.,-64.,10.));
#2179 = DIRECTION('',(0.,0.,1.));
#2180 = DIRECTION('',(1.,0.,0.));
#2181 = CYLINDRICAL_SURFACE('',#2182,75.);
#2182 = AXIS2_PLACEMENT_3D('',#2183,#2184,#2185);
#2183 = CARTESIAN_POINT('',(0.,-64.,8.8));
#2184 = DIRECTION('',(0.,0.,1.));
#2185 = DIRECTION('',(1.,0.,0.));
#2186 = ADVANCED_FACE('',(#2187),#2213,.T.);
#2187 = FACE_BOUND('',#2188,.T.);
#2188 = EDGE_LOOP('',(#2189,#2190,#2198,#2207));
#2189 = ORIENTED_EDGE('',*,*,#1904,.F.);
#2190 = ORIENTED_EDGE('',*,*,#2191,.F.);
#2191 = EDGE_CURVE('',#2192,#1896,#2194,.T.);
#2192 = VERTEX_POINT('',#2193);
#2193 = CARTESIAN_POINT('',(-46.89539341834,-5.469477397353,4.));
#2194 = LINE('',#2195,#2196);
#2195 = CARTESIAN_POINT('',(-46.89539341834,-5.469477397353,4.));
#2196 = VECTOR('',#2197,1.);
#2197 = DIRECTION('',(0.,0.,1.));
#2198 = ORIENTED_EDGE('',*,*,#2199,.T.);
#2199 = EDGE_CURVE('',#2192,#2200,#2202,.T.);
#2200 = VERTEX_POINT('',#2201);
#2201 = CARTESIAN_POINT('',(-73.76914936362,-77.53191051431,4.));
#2202 = CIRCLE('',#2203,75.);
#2203 = AXIS2_PLACEMENT_3D('',#2204,#2205,#2206);
#2204 = CARTESIAN_POINT('',(0.,-64.,4.));
#2205 = DIRECTION('',(0.,0.,1.));
#2206 = DIRECTION('',(1.,0.,0.));
#2207 = ORIENTED_EDGE('',*,*,#2208,.T.);
#2208 = EDGE_CURVE('',#2200,#1905,#2209,.T.);
#2209 = LINE('',#2210,#2211);
#2210 = CARTESIAN_POINT('',(-73.76914936362,-77.53191051431,4.));
#2211 = VECTOR('',#2212,1.);
#2212 = DIRECTION('',(0.,0.,1.));
#2213 = CYLINDRICAL_SURFACE('',#2214,75.);
#2214 = AXIS2_PLACEMENT_3D('',#2215,#2216,#2217);
#2215 = CARTESIAN_POINT('',(0.,-64.,4.));
#2216 = DIRECTION('',(0.,0.,1.));
#2217 = DIRECTION('',(1.,0.,0.));
#2218 = ADVANCED_FACE('',(#2219),#2245,.F.);
#2219 = FACE_BOUND('',#2220,.F.);
#2220 = EDGE_LOOP('',(#2221,#2229,#2238,#2244));
#2221 = ORIENTED_EDGE('',*,*,#2222,.T.);
#2222 = EDGE_CURVE('',#1914,#2223,#2225,.T.);
#2223 = VERTEX_POINT('',#2224);
#2224 = CARTESIAN_POINT('',(-72.18624141322,-84.35059091602,10.));
#2225 = LINE('',#2226,#2227);
#2226 = CARTESIAN_POINT('',(-72.18624141322,-84.35059091602,4.));
#2227 = VECTOR('',#2228,1.);
#2228 = DIRECTION('',(0.,0.,1.));
#2229 = ORIENTED_EDGE('',*,*,#2230,.F.);
#2230 = EDGE_CURVE('',#2231,#2223,#2233,.T.);
#2231 = VERTEX_POINT('',#2232);
#2232 = CARTESIAN_POINT('',(-73.76914936362,-77.53191051431,10.));
#2233 = CIRCLE('',#2234,75.);
#2234 = AXIS2_PLACEMENT_3D('',#2235,#2236,#2237);
#2235 = CARTESIAN_POINT('',(0.,-64.,10.));
#2236 = DIRECTION('',(0.,0.,1.));
#2237 = DIRECTION('',(1.,0.,0.));
#2238 = ORIENTED_EDGE('',*,*,#2239,.F.);
#2239 = EDGE_CURVE('',#1905,#2231,#2240,.T.);
#2240 = LINE('',#2241,#2242);
#2241 = CARTESIAN_POINT('',(-73.76914936362,-77.53191051431,4.));
#2242 = VECTOR('',#2243,1.);
#2243 = DIRECTION('',(0.,0.,1.));
#2244 = ORIENTED_EDGE('',*,*,#1913,.T.);
#2245 = CYLINDRICAL_SURFACE('',#2246,75.);
#2246 = AXIS2_PLACEMENT_3D('',#2247,#2248,#2249);
#2247 = CARTESIAN_POINT('',(0.,-64.,8.8));
#2248 = DIRECTION('',(0.,0.,1.));
#2249 = DIRECTION('',(1.,0.,0.));
#2250 = ADVANCED_FACE('',(#2251),#2277,.T.);
#2251 = FACE_BOUND('',#2252,.T.);
#2252 = EDGE_LOOP('',(#2253,#2254,#2262,#2271));
#2253 = ORIENTED_EDGE('',*,*,#1922,.F.);
#2254 = ORIENTED_EDGE('',*,*,#2255,.F.);
#2255 = EDGE_CURVE('',#2256,#1914,#2258,.T.);
#2256 = VERTEX_POINT('',#2257);
#2257 = CARTESIAN_POINT('',(-72.18624141322,-84.35059091602,4.));
#2258 = LINE('',#2259,#2260);
#2259 = CARTESIAN_POINT('',(-72.18624141322,-84.35059091602,4.));
#2260 = VECTOR('',#2261,1.);
#2261 = DIRECTION('',(0.,0.,1.));
#2262 = ORIENTED_EDGE('',*,*,#2263,.T.);
#2263 = EDGE_CURVE('',#2256,#2264,#2266,.T.);
#2264 = VERTEX_POINT('',#2265);
#2265 = CARTESIAN_POINT('',(-3.5,-138.9182888218,4.));
#2266 = CIRCLE('',#2267,75.);
#2267 = AXIS2_PLACEMENT_3D('',#2268,#2269,#2270);
#2268 = CARTESIAN_POINT('',(0.,-64.,4.));
#2269 = DIRECTION('',(0.,0.,1.));
#2270 = DIRECTION('',(1.,0.,0.));
#2271 = ORIENTED_EDGE('',*,*,#2272,.T.);
#2272 = EDGE_CURVE('',#2264,#1923,#2273,.T.);
#2273 = LINE('',#2274,#2275);
#2274 = CARTESIAN_POINT('',(-3.5,-138.9182888218,4.));
#2275 = VECTOR('',#2276,1.);
#2276 = DIRECTION('',(0.,0.,1.));
#2277 = CYLINDRICAL_SURFACE('',#2278,75.);
#2278 = AXIS2_PLACEMENT_3D('',#2279,#2280,#2281);
#2279 = CARTESIAN_POINT('',(0.,-64.,4.));
#2280 = DIRECTION('',(0.,0.,1.));
#2281 = DIRECTION('',(1.,0.,0.));
#2282 = ADVANCED_FACE('',(#2283),#2309,.F.);
#2283 = FACE_BOUND('',#2284,.F.);
#2284 = EDGE_LOOP('',(#2285,#2293,#2302,#2308));
#2285 = ORIENTED_EDGE('',*,*,#2286,.T.);
#2286 = EDGE_CURVE('',#1932,#2287,#2289,.T.);
#2287 = VERTEX_POINT('',#2288);
#2288 = CARTESIAN_POINT('',(3.5,-138.9182888218,10.));
#2289 = LINE('',#2290,#2291);
#2290 = CARTESIAN_POINT('',(3.5,-138.9182888218,4.));
#2291 = VECTOR('',#2292,1.);
#2292 = DIRECTION('',(0.,0.,1.));
#2293 = ORIENTED_EDGE('',*,*,#2294,.F.);
#2294 = EDGE_CURVE('',#2295,#2287,#2297,.T.);
#2295 = VERTEX_POINT('',#2296);
#2296 = CARTESIAN_POINT('',(-3.5,-138.9182888218,10.));
#2297 = CIRCLE('',#2298,75.);
#2298 = AXIS2_PLACEMENT_3D('',#2299,#2300,#2301);
#2299 = CARTESIAN_POINT('',(0.,-64.,10.));
#2300 = DIRECTION('',(0.,0.,1.));
#2301 = DIRECTION('',(1.,0.,0.));
#2302 = ORIENTED_EDGE('',*,*,#2303,.F.);
#2303 = EDGE_CURVE('',#1923,#2295,#2304,.T.);
#2304 = LINE('',#2305,#2306);
#2305 = CARTESIAN_POINT('',(-3.5,-138.9182888218,4.));
#2306 = VECTOR('',#2307,1.);
#2307 = DIRECTION('',(0.,0.,1.));
#2308 = ORIENTED_EDGE('',*,*,#1931,.T.);
#2309 = CYLINDRICAL_SURFACE('',#2310,75.);
#2310 = AXIS2_PLACEMENT_3D('',#2311,#2312,#2313);
#2311 = CARTESIAN_POINT('',(0.,-64.,8.8));
#2312 = DIRECTION('',(0.,0.,1.));
#2313 = DIRECTION('',(1.,0.,0.));
#2314 = ADVANCED_FACE('',(#2315),#2341,.T.);
#2315 = FACE_BOUND('',#2316,.T.);
#2316 = EDGE_LOOP('',(#2317,#2325,#2334,#2340));
#2317 = ORIENTED_EDGE('',*,*,#2318,.F.);
#2318 = EDGE_CURVE('',#2319,#1932,#2321,.T.);
#2319 = VERTEX_POINT('',#2320);
#2320 = CARTESIAN_POINT('',(3.500000000001,-138.9182888218,4.));
#2321 = LINE('',#2322,#2323);
#2322 = CARTESIAN_POINT('',(3.5,-138.9182888218,4.));
#2323 = VECTOR('',#2324,1.);
#2324 = DIRECTION('',(0.,0.,1.));
#2325 = ORIENTED_EDGE('',*,*,#2326,.T.);
#2326 = EDGE_CURVE('',#2319,#2327,#2329,.T.);
#2327 = VERTEX_POINT('',#2328);
#2328 = CARTESIAN_POINT('',(72.186241413227,-84.35059091602,4.));
#2329 = CIRCLE('',#2330,75.);
#2330 = AXIS2_PLACEMENT_3D('',#2331,#2332,#2333);
#2331 = CARTESIAN_POINT('',(0.,-64.,4.));
#2332 = DIRECTION('',(0.,0.,1.));
#2333 = DIRECTION('',(1.,0.,0.));
#2334 = ORIENTED_EDGE('',*,*,#2335,.T.);
#2335 = EDGE_CURVE('',#2327,#1941,#2336,.T.);
#2336 = LINE('',#2337,#2338);
#2337 = CARTESIAN_POINT('',(72.186241413227,-84.35059091602,4.));
#2338 = VECTOR('',#2339,1.);
#2339 = DIRECTION('',(0.,0.,1.));
#2340 = ORIENTED_EDGE('',*,*,#1940,.F.);
#2341 = CYLINDRICAL_SURFACE('',#2342,75.);
#2342 = AXIS2_PLACEMENT_3D('',#2343,#2344,#2345);
#2343 = CARTESIAN_POINT('',(0.,-64.,4.));
#2344 = DIRECTION('',(0.,0.,1.));
#2345 = DIRECTION('',(1.,0.,0.));
#2346 = ADVANCED_FACE('',(#2347),#2373,.F.);
#2347 = FACE_BOUND('',#2348,.F.);
#2348 = EDGE_LOOP('',(#2349,#2357,#2366,#2372));
#2349 = ORIENTED_EDGE('',*,*,#2350,.T.);
#2350 = EDGE_CURVE('',#1950,#2351,#2353,.T.);
#2351 = VERTEX_POINT('',#2352);
#2352 = CARTESIAN_POINT('',(73.769149363623,-77.53191051431,10.));
#2353 = LINE('',#2354,#2355);
#2354 = CARTESIAN_POINT('',(73.769149363623,-77.53191051431,4.));
#2355 = VECTOR('',#2356,1.);
#2356 = DIRECTION('',(0.,0.,1.));
#2357 = ORIENTED_EDGE('',*,*,#2358,.F.);
#2358 = EDGE_CURVE('',#2359,#2351,#2361,.T.);
#2359 = VERTEX_POINT('',#2360);
#2360 = CARTESIAN_POINT('',(72.186241413227,-84.35059091602,10.));
#2361 = CIRCLE('',#2362,75.);
#2362 = AXIS2_PLACEMENT_3D('',#2363,#2364,#2365);
#2363 = CARTESIAN_POINT('',(0.,-64.,10.));
#2364 = DIRECTION('',(0.,0.,1.));
#2365 = DIRECTION('',(1.,0.,0.));
#2366 = ORIENTED_EDGE('',*,*,#2367,.F.);
#2367 = EDGE_CURVE('',#1941,#2359,#2368,.T.);
#2368 = LINE('',#2369,#2370);
#2369 = CARTESIAN_POINT('',(72.186241413227,-84.35059091602,4.));
#2370 = VECTOR('',#2371,1.);
#2371 = DIRECTION('',(0.,0.,1.));
#2372 = ORIENTED_EDGE('',*,*,#1949,.T.);
#2373 = CYLINDRICAL_SURFACE('',#2374,75.);
#2374 = AXIS2_PLACEMENT_3D('',#2375,#2376,#2377);
#2375 = CARTESIAN_POINT('',(0.,-64.,8.8));
#2376 = DIRECTION('',(0.,0.,1.));
#2377 = DIRECTION('',(1.,0.,0.));
#2378 = ADVANCED_FACE('',(#2379,#2429),#2463,.T.);
#2379 = FACE_BOUND('',#2380,.T.);
#2380 = EDGE_LOOP('',(#2381,#2391,#2399,#2405,#2406,#2407,#2415,#2423));
#2381 = ORIENTED_EDGE('',*,*,#2382,.T.);
#2382 = EDGE_CURVE('',#2383,#2385,#2387,.T.);
#2383 = VERTEX_POINT('',#2384);
#2384 = CARTESIAN_POINT('',(140.,-65.,4.));
#2385 = VERTEX_POINT('',#2386);
#2386 = CARTESIAN_POINT('',(140.,65.,4.));
#2387 = LINE('',#2388,#2389);
#2388 = CARTESIAN_POINT('',(140.,-147.5,4.));
#2389 = VECTOR('',#2390,1.);
#2390 = DIRECTION('',(0.,1.,0.));
#2391 = ORIENTED_EDGE('',*,*,#2392,.F.);
#2392 = EDGE_CURVE('',#2393,#2385,#2395,.T.);
#2393 = VERTEX_POINT('',#2394);
#2394 = CARTESIAN_POINT('',(98.145922434598,65.,4.));
#2395 = LINE('',#2396,#2397);
#2396 = CARTESIAN_POINT('',(85.,65.,4.));
#2397 = VECTOR('',#2398,1.);
#2398 = DIRECTION('',(1.,0.,0.));
#2399 = ORIENTED_EDGE('',*,*,#2400,.F.);
#2400 = EDGE_CURVE('',#2000,#2393,#2401,.T.);
#2401 = LINE('',#2402,#2403);
#2402 = CARTESIAN_POINT('',(2.830576295061,-66.05860094186,4.));
#2403 = VECTOR('',#2404,1.);
#2404 = DIRECTION('',(0.588171697675,0.808736084303,0.));
#2405 = ORIENTED_EDGE('',*,*,#1999,.F.);
#2406 = ORIENTED_EDGE('',*,*,#1988,.F.);
#2407 = ORIENTED_EDGE('',*,*,#2408,.T.);
#2408 = EDGE_CURVE('',#1989,#2409,#2411,.T.);
#2409 = VERTEX_POINT('',#2410);
#2410 = CARTESIAN_POINT('',(85.,-80.13907226919,4.));
#2411 = LINE('',#2412,#2413);
#2412 = CARTESIAN_POINT('',(0.791453975198,-60.59065979914,4.));
#2413 = VECTOR('',#2414,1.);
#2414 = DIRECTION('',(0.974097200243,-0.226129707199,0.));
#2415 = ORIENTED_EDGE('',*,*,#2416,.T.);
#2416 = EDGE_CURVE('',#2409,#2417,#2419,.T.);
#2417 = VERTEX_POINT('',#2418);
#2418 = CARTESIAN_POINT('',(85.,-65.,4.));
#2419 = LINE('',#2420,#2421);
#2420 = CARTESIAN_POINT('',(85.,-115.,4.));
#2421 = VECTOR('',#2422,1.);
#2422 = DIRECTION('',(0.,1.,0.));
#2423 = ORIENTED_EDGE('',*,*,#2424,.T.);
#2424 = EDGE_CURVE('',#2417,#2383,#2425,.T.);
#2425 = LINE('',#2426,#2427);
#2426 = CARTESIAN_POINT('',(85.,-65.,4.));
#2427 = VECTOR('',#2428,1.);
#2428 = DIRECTION('',(1.,0.,0.));
#2429 = FACE_BOUND('',#2430,.T.);
#2430 = EDGE_LOOP('',(#2431,#2441,#2449,#2457));
#2431 = ORIENTED_EDGE('',*,*,#2432,.T.);
#2432 = EDGE_CURVE('',#2433,#2435,#2437,.T.);
#2433 = VERTEX_POINT('',#2434);
#2434 = CARTESIAN_POINT('',(110.77721181453,-22.18601498783,4.));
#2435 = VERTEX_POINT('',#2436);
#2436 = CARTESIAN_POINT('',(94.838096645066,-23.58050687179,4.));
#2437 = LINE('',#2438,#2439);
#2438 = CARTESIAN_POINT('',(-27.06862062565,-34.24596264064,4.));
#2439 = VECTOR('',#2440,1.);
#2440 = DIRECTION('',(-0.996194698092,-8.715574274762E-02,0.));
#2441 = ORIENTED_EDGE('',*,*,#2442,.T.);
#2442 = EDGE_CURVE('',#2435,#2443,#2445,.T.);
#2443 = VERTEX_POINT('',#2444);
#2444 = CARTESIAN_POINT('',(93.269293275608,-5.649002306142,4.));
#2445 = LINE('',#2446,#2447);
#2446 = CARTESIAN_POINT('',(99.325765593253,-74.87479766704,4.));
#2447 = VECTOR('',#2448,1.);
#2448 = DIRECTION('',(-8.715574274762E-02,0.996194698092,0.));
#2449 = ORIENTED_EDGE('',*,*,#2450,.F.);
#2450 = EDGE_CURVE('',#2451,#2443,#2453,.T.);
#2451 = VERTEX_POINT('',#2452);
#2452 = CARTESIAN_POINT('',(109.20840844507,-4.25451042218,4.));
#2453 = LINE('',#2454,#2455);
#2454 = CARTESIAN_POINT('',(-28.63742399511,-16.31445807499,4.));
#2455 = VECTOR('',#2456,1.);
#2456 = DIRECTION('',(-0.996194698092,-8.715574274762E-02,0.));
#2457 = ORIENTED_EDGE('',*,*,#2458,.F.);
#2458 = EDGE_CURVE('',#2433,#2451,#2459,.T.);
#2459 = LINE('',#2460,#2461);
#2460 = CARTESIAN_POINT('',(115.26488076272,-73.48030578308,4.));
#2461 = VECTOR('',#2462,1.);
#2462 = DIRECTION('',(-8.715574274762E-02,0.996194698092,0.));
#2463 = PLANE('',#2464);
#2464 = AXIS2_PLACEMENT_3D('',#2465,#2466,#2467);
#2465 = CARTESIAN_POINT('',(-140.,-147.5,4.));
#2466 = DIRECTION('',(0.,0.,1.));
#2467 = DIRECTION('',(1.,0.,0.));
#2468 = ADVANCED_FACE('',(#2469),#2544,.F.);
#2469 = FACE_BOUND('',#2470,.F.);
#2470 = EDGE_LOOP('',(#2471,#2472,#2473,#2474,#2482,#2490,#2498,#2506,
    #2514,#2522,#2530,#2538));
#2471 = ORIENTED_EDGE('',*,*,#2400,.F.);
#2472 = ORIENTED_EDGE('',*,*,#2008,.T.);
#2473 = ORIENTED_EDGE('',*,*,#2041,.T.);
#2474 = ORIENTED_EDGE('',*,*,#2475,.T.);
#2475 = EDGE_CURVE('',#2031,#2476,#2478,.T.);
#2476 = VERTEX_POINT('',#2477);
#2477 = CARTESIAN_POINT('',(62.788759921521,16.38390154451,10.));
#2478 = LINE('',#2479,#2480);
#2479 = CARTESIAN_POINT('',(2.83057629506,-66.05860094186,10.));
#2480 = VECTOR('',#2481,1.);
#2481 = DIRECTION('',(0.588171697675,0.808736084303,0.));
#2482 = ORIENTED_EDGE('',*,*,#2483,.T.);
#2483 = EDGE_CURVE('',#2476,#2484,#2486,.T.);
#2484 = VERTEX_POINT('',#2485);
#2485 = CARTESIAN_POINT('',(62.788759921521,16.38390154451,14.));
#2486 = LINE('',#2487,#2488);
#2487 = CARTESIAN_POINT('',(62.788759921521,16.38390154451,10.));
#2488 = VECTOR('',#2489,1.);
#2489 = DIRECTION('',(0.,0.,1.));
#2490 = ORIENTED_EDGE('',*,*,#2491,.T.);
#2491 = EDGE_CURVE('',#2484,#2492,#2494,.T.);
#2492 = VERTEX_POINT('',#2493);
#2493 = CARTESIAN_POINT('',(98.075,64.902481652411,14.));
#2494 = LINE('',#2495,#2496);
#2495 = CARTESIAN_POINT('',(2.830576295061,-66.05860094186,14.));
#2496 = VECTOR('',#2497,1.);
#2497 = DIRECTION('',(0.588171697675,0.808736084303,0.));
#2498 = ORIENTED_EDGE('',*,*,#2499,.F.);
#2499 = EDGE_CURVE('',#2500,#2492,#2502,.T.);
#2500 = VERTEX_POINT('',#2501);
#2501 = CARTESIAN_POINT('',(97.418649707337,64.,13.249885379814));
#2502 = LINE('',#2503,#2504);
#2503 = CARTESIAN_POINT('',(64.293349602218,18.452712355468,
    -24.6076004546));
#2504 = VECTOR('',#2505,1.);
#2505 = DIRECTION('',(0.488139084663,0.671191241411,0.557873239614));
#2506 = ORIENTED_EDGE('',*,*,#2507,.F.);
#2507 = EDGE_CURVE('',#2508,#2500,#2510,.T.);
#2508 = VERTEX_POINT('',#2509);
#2509 = CARTESIAN_POINT('',(97.418649707337,64.,12.3));
#2510 = LINE('',#2511,#2512);
#2511 = CARTESIAN_POINT('',(97.418649707337,64.,7.604810526994));
#2512 = VECTOR('',#2513,1.);
#2513 = DIRECTION('',(0.,-0.,1.));
#2514 = ORIENTED_EDGE('',*,*,#2515,.F.);
#2515 = EDGE_CURVE('',#2516,#2508,#2518,.T.);
#2516 = VERTEX_POINT('',#2517);
#2517 = CARTESIAN_POINT('',(95.8,61.774356652411,12.3));
#2518 = LINE('',#2519,#2520);
#2519 = CARTESIAN_POINT('',(48.417603322092,-3.376438779702,12.3));
#2520 = VECTOR('',#2521,1.);
#2521 = DIRECTION('',(0.588171697675,0.808736084303,-0.));
#2522 = ORIENTED_EDGE('',*,*,#2523,.T.);
#2523 = EDGE_CURVE('',#2516,#2524,#2526,.T.);
#2524 = VERTEX_POINT('',#2525);
#2525 = CARTESIAN_POINT('',(95.8,61.774356652411,8.));
#2526 = LINE('',#2527,#2528);
#2527 = CARTESIAN_POINT('',(95.8,61.774356652411,6.));
#2528 = VECTOR('',#2529,1.);
#2529 = DIRECTION('',(-0.,0.,-1.));
#2530 = ORIENTED_EDGE('',*,*,#2531,.F.);
#2531 = EDGE_CURVE('',#2532,#2524,#2534,.T.);
#2532 = VERTEX_POINT('',#2533);
#2533 = CARTESIAN_POINT('',(98.145922434598,65.,8.));
#2534 = LINE('',#2535,#2536);
#2535 = CARTESIAN_POINT('',(49.9657114302,-1.247790131054,8.));
#2536 = VECTOR('',#2537,1.);
#2537 = DIRECTION('',(-0.588171697675,-0.808736084303,-0.));
#2538 = ORIENTED_EDGE('',*,*,#2539,.T.);
#2539 = EDGE_CURVE('',#2532,#2393,#2540,.T.);
#2540 = LINE('',#2541,#2542);
#2541 = CARTESIAN_POINT('',(98.145922434598,65.,4.));
#2542 = VECTOR('',#2543,1.);
#2543 = DIRECTION('',(0.,0.,-1.));
#2544 = PLANE('',#2545);
#2545 = AXIS2_PLACEMENT_3D('',#2546,#2547,#2548);
#2546 = CARTESIAN_POINT('',(2.830576295061,-66.05860094186,4.));
#2547 = DIRECTION('',(-0.808736084303,0.588171697675,0.));
#2548 = DIRECTION('',(0.,0.,1.));
#2549 = ADVANCED_FACE('',(#2550),#2569,.T.);
#2550 = FACE_BOUND('',#2551,.T.);
#2551 = EDGE_LOOP('',(#2552,#2553,#2554,#2562,#2568));
#2552 = ORIENTED_EDGE('',*,*,#2016,.T.);
#2553 = ORIENTED_EDGE('',*,*,#2350,.T.);
#2554 = ORIENTED_EDGE('',*,*,#2555,.T.);
#2555 = EDGE_CURVE('',#2351,#2556,#2558,.T.);
#2556 = VERTEX_POINT('',#2557);
#2557 = CARTESIAN_POINT('',(85.,-80.13907226919,10.));
#2558 = LINE('',#2559,#2560);
#2559 = CARTESIAN_POINT('',(0.791453975198,-60.59065979914,10.));
#2560 = VECTOR('',#2561,1.);
#2561 = DIRECTION('',(0.974097200243,-0.226129707199,0.));
#2562 = ORIENTED_EDGE('',*,*,#2563,.T.);
#2563 = EDGE_CURVE('',#2556,#2409,#2564,.T.);
#2564 = LINE('',#2565,#2566);
#2565 = CARTESIAN_POINT('',(85.,-80.13907226919,4.));
#2566 = VECTOR('',#2567,1.);
#2567 = DIRECTION('',(0.,0.,-1.));
#2568 = ORIENTED_EDGE('',*,*,#2408,.F.);
#2569 = PLANE('',#2570);
#2570 = AXIS2_PLACEMENT_3D('',#2571,#2572,#2573);
#2571 = CARTESIAN_POINT('',(0.791453975198,-60.59065979914,4.));
#2572 = DIRECTION('',(0.226129707199,0.974097200243,0.));
#2573 = DIRECTION('',(0.,0.,1.));
#2574 = ADVANCED_FACE('',(#2575),#2594,.T.);
#2575 = FACE_BOUND('',#2576,.T.);
#2576 = EDGE_LOOP('',(#2577,#2585,#2586,#2587));
#2577 = ORIENTED_EDGE('',*,*,#2578,.F.);
#2578 = EDGE_CURVE('',#2033,#2579,#2581,.T.);
#2579 = VERTEX_POINT('',#2580);
#2580 = CARTESIAN_POINT('',(57.127607331397,20.501103428237,10.));
#2581 = LINE('',#2582,#2583);
#2582 = CARTESIAN_POINT('',(-2.830576295063,-61.94139905813,10.));
#2583 = VECTOR('',#2584,1.);
#2584 = DIRECTION('',(0.588171697675,0.808736084303,0.));
#2585 = ORIENTED_EDGE('',*,*,#2030,.F.);
#2586 = ORIENTED_EDGE('',*,*,#2475,.T.);
#2587 = ORIENTED_EDGE('',*,*,#2588,.T.);
#2588 = EDGE_CURVE('',#2476,#2579,#2589,.T.);
#2589 = CIRCLE('',#2590,102.);
#2590 = AXIS2_PLACEMENT_3D('',#2591,#2592,#2593);
#2591 = CARTESIAN_POINT('',(0.,-64.,10.));
#2592 = DIRECTION('',(0.,0.,1.));
#2593 = DIRECTION('',(1.,0.,0.));
#2594 = PLANE('',#2595);
#2595 = AXIS2_PLACEMENT_3D('',#2596,#2597,#2598);
#2596 = CARTESIAN_POINT('',(3.030691199925E-02,-72.10258691561,10.));
#2597 = DIRECTION('',(0.,0.,1.));
#2598 = DIRECTION('',(1.,0.,0.));
#2599 = ADVANCED_FACE('',(#2600),#2635,.T.);
#2600 = FACE_BOUND('',#2601,.T.);
#2601 = EDGE_LOOP('',(#2602,#2603,#2604,#2605,#2613,#2621,#2629));
#2602 = ORIENTED_EDGE('',*,*,#2063,.T.);
#2603 = ORIENTED_EDGE('',*,*,#2048,.T.);
#2604 = ORIENTED_EDGE('',*,*,#2578,.T.);
#2605 = ORIENTED_EDGE('',*,*,#2606,.T.);
#2606 = EDGE_CURVE('',#2579,#2607,#2609,.T.);
#2607 = VERTEX_POINT('',#2608);
#2608 = CARTESIAN_POINT('',(57.127607331397,20.501103428237,14.));
#2609 = LINE('',#2610,#2611);
#2610 = CARTESIAN_POINT('',(57.127607331397,20.501103428237,10.));
#2611 = VECTOR('',#2612,1.);
#2612 = DIRECTION('',(0.,0.,1.));
#2613 = ORIENTED_EDGE('',*,*,#2614,.T.);
#2614 = EDGE_CURVE('',#2607,#2615,#2617,.T.);
#2615 = VERTEX_POINT('',#2616);
#2616 = CARTESIAN_POINT('',(89.490441201766,65.,14.));
#2617 = LINE('',#2618,#2619);
#2618 = CARTESIAN_POINT('',(-2.830576295061,-61.94139905813,14.));
#2619 = VECTOR('',#2620,1.);
#2620 = DIRECTION('',(0.588171697675,0.808736084303,0.));
#2621 = ORIENTED_EDGE('',*,*,#2622,.T.);
#2622 = EDGE_CURVE('',#2615,#2623,#2625,.T.);
#2623 = VERTEX_POINT('',#2624);
#2624 = CARTESIAN_POINT('',(89.490441201766,65.,4.));
#2625 = LINE('',#2626,#2627);
#2626 = CARTESIAN_POINT('',(89.490441201766,65.,4.));
#2627 = VECTOR('',#2628,1.);
#2628 = DIRECTION('',(0.,0.,-1.));
#2629 = ORIENTED_EDGE('',*,*,#2630,.F.);
#2630 = EDGE_CURVE('',#2064,#2623,#2631,.T.);
#2631 = LINE('',#2632,#2633);
#2632 = CARTESIAN_POINT('',(-2.830576295061,-61.94139905813,4.));
#2633 = VECTOR('',#2634,1.);
#2634 = DIRECTION('',(0.588171697675,0.808736084303,0.));
#2635 = PLANE('',#2636);
#2636 = AXIS2_PLACEMENT_3D('',#2637,#2638,#2639);
#2637 = CARTESIAN_POINT('',(-2.830576295061,-61.94139905813,4.));
#2638 = DIRECTION('',(-0.808736084303,0.588171697675,0.));
#2639 = DIRECTION('',(0.,0.,1.));
#2640 = ADVANCED_FACE('',(#2641,#2691),#2725,.T.);
#2641 = FACE_BOUND('',#2642,.T.);
#2642 = EDGE_LOOP('',(#2643,#2653,#2659,#2660,#2661,#2669,#2677,#2685));
#2643 = ORIENTED_EDGE('',*,*,#2644,.F.);
#2644 = EDGE_CURVE('',#2645,#2647,#2649,.T.);
#2645 = VERTEX_POINT('',#2646);
#2646 = CARTESIAN_POINT('',(3.5,139.5,4.));
#2647 = VERTEX_POINT('',#2648);
#2648 = CARTESIAN_POINT('',(140.,139.5,4.));
#2649 = LINE('',#2650,#2651);
#2650 = CARTESIAN_POINT('',(-140.,139.5,4.));
#2651 = VECTOR('',#2652,1.);
#2652 = DIRECTION('',(1.,0.,0.));
#2653 = ORIENTED_EDGE('',*,*,#2654,.F.);
#2654 = EDGE_CURVE('',#2072,#2645,#2655,.T.);
#2655 = LINE('',#2656,#2657);
#2656 = CARTESIAN_POINT('',(3.5,-64.,4.));
#2657 = VECTOR('',#2658,1.);
#2658 = DIRECTION('',(1.110223024625E-16,1.,0.));
#2659 = ORIENTED_EDGE('',*,*,#2071,.F.);
#2660 = ORIENTED_EDGE('',*,*,#2630,.T.);
#2661 = ORIENTED_EDGE('',*,*,#2662,.F.);
#2662 = EDGE_CURVE('',#2663,#2623,#2665,.T.);
#2663 = VERTEX_POINT('',#2664);
#2664 = CARTESIAN_POINT('',(85.,65.,4.));
#2665 = LINE('',#2666,#2667);
#2666 = CARTESIAN_POINT('',(85.,65.,4.));
#2667 = VECTOR('',#2668,1.);
#2668 = DIRECTION('',(1.,0.,0.));
#2669 = ORIENTED_EDGE('',*,*,#2670,.T.);
#2670 = EDGE_CURVE('',#2663,#2671,#2673,.T.);
#2671 = VERTEX_POINT('',#2672);
#2672 = CARTESIAN_POINT('',(85.,115.,4.));
#2673 = LINE('',#2674,#2675);
#2674 = CARTESIAN_POINT('',(85.,65.,4.));
#2675 = VECTOR('',#2676,1.);
#2676 = DIRECTION('',(0.,1.,0.));
#2677 = ORIENTED_EDGE('',*,*,#2678,.T.);
#2678 = EDGE_CURVE('',#2671,#2679,#2681,.T.);
#2679 = VERTEX_POINT('',#2680);
#2680 = CARTESIAN_POINT('',(140.,115.,4.));
#2681 = LINE('',#2682,#2683);
#2682 = CARTESIAN_POINT('',(85.,115.,4.));
#2683 = VECTOR('',#2684,1.);
#2684 = DIRECTION('',(1.,0.,0.));
#2685 = ORIENTED_EDGE('',*,*,#2686,.T.);
#2686 = EDGE_CURVE('',#2679,#2647,#2687,.T.);
#2687 = LINE('',#2688,#2689);
#2688 = CARTESIAN_POINT('',(140.,-147.5,4.));
#2689 = VECTOR('',#2690,1.);
#2690 = DIRECTION('',(0.,1.,0.));
#2691 = FACE_BOUND('',#2692,.T.);
#2692 = EDGE_LOOP('',(#2693,#2703,#2711,#2719));
#2693 = ORIENTED_EDGE('',*,*,#2694,.T.);
#2694 = EDGE_CURVE('',#2695,#2697,#2699,.T.);
#2695 = VERTEX_POINT('',#2696);
#2696 = CARTESIAN_POINT('',(51.311741722233,45.745638461995,4.));
#2697 = VERTEX_POINT('',#2698);
#2698 = CARTESIAN_POINT('',(44.504870800578,29.082310215335,4.));
#2699 = LINE('',#2700,#2701);
#2700 = CARTESIAN_POINT('',(0.403596990882,-78.87830928883,4.));
#2701 = VECTOR('',#2702,1.);
#2702 = DIRECTION('',(-0.378159495647,-0.925740458148,0.));
#2703 = ORIENTED_EDGE('',*,*,#2704,.T.);
#2704 = EDGE_CURVE('',#2697,#2705,#2707,.T.);
#2705 = VERTEX_POINT('',#2706);
#2706 = CARTESIAN_POINT('',(33.395985302805,33.620224163105,4.));
#2707 = LINE('',#2708,#2709);
#2708 = CARTESIAN_POINT('',(-3.646290790015,48.751774611838,4.));
#2709 = VECTOR('',#2710,1.);
#2710 = DIRECTION('',(-0.925740458148,0.378159495647,0.));
#2711 = ORIENTED_EDGE('',*,*,#2712,.F.);
#2712 = EDGE_CURVE('',#2713,#2705,#2715,.T.);
#2713 = VERTEX_POINT('',#2714);
#2714 = CARTESIAN_POINT('',(40.20285622446,50.283552409764,4.));
#2715 = LINE('',#2716,#2717);
#2716 = CARTESIAN_POINT('',(-10.70528850689,-74.34039534106,4.));
#2717 = VECTOR('',#2718,1.);
#2718 = DIRECTION('',(-0.378159495647,-0.925740458148,0.));
#2719 = ORIENTED_EDGE('',*,*,#2720,.F.);
#2720 = EDGE_CURVE('',#2695,#2713,#2721,.T.);
#2721 = LINE('',#2722,#2723);
#2722 = CARTESIAN_POINT('',(3.16058013164,65.415102858497,4.));
#2723 = VECTOR('',#2724,1.);
#2724 = DIRECTION('',(-0.925740458148,0.378159495647,0.));
#2725 = PLANE('',#2726);
#2726 = AXIS2_PLACEMENT_3D('',#2727,#2728,#2729);
#2727 = CARTESIAN_POINT('',(-140.,-147.5,4.));
#2728 = DIRECTION('',(0.,0.,1.));
#2729 = DIRECTION('',(1.,0.,0.));
#2730 = ADVANCED_FACE('',(#2731),#2766,.F.);
#2731 = FACE_BOUND('',#2732,.F.);
#2732 = EDGE_LOOP('',(#2733,#2734,#2735,#2736,#2744,#2752,#2760));
#2733 = ORIENTED_EDGE('',*,*,#2654,.F.);
#2734 = ORIENTED_EDGE('',*,*,#2080,.T.);
#2735 = ORIENTED_EDGE('',*,*,#2094,.T.);
#2736 = ORIENTED_EDGE('',*,*,#2737,.T.);
#2737 = EDGE_CURVE('',#2095,#2738,#2740,.T.);
#2738 = VERTEX_POINT('',#2739);
#2739 = CARTESIAN_POINT('',(3.5,58.94997892773,10.));
#2740 = LINE('',#2741,#2742);
#2741 = CARTESIAN_POINT('',(3.5,-15.93458606827,10.));
#2742 = VECTOR('',#2743,1.);
#2743 = DIRECTION('',(1.110223024625E-16,1.,0.));
#2744 = ORIENTED_EDGE('',*,*,#2745,.T.);
#2745 = EDGE_CURVE('',#2738,#2746,#2748,.T.);
#2746 = VERTEX_POINT('',#2747);
#2747 = CARTESIAN_POINT('',(3.5,58.94997892773,14.));
#2748 = LINE('',#2749,#2750);
#2749 = CARTESIAN_POINT('',(3.5,58.94997892773,7.));
#2750 = VECTOR('',#2751,1.);
#2751 = DIRECTION('',(0.,0.,1.));
#2752 = ORIENTED_EDGE('',*,*,#2753,.T.);
#2753 = EDGE_CURVE('',#2746,#2754,#2756,.T.);
#2754 = VERTEX_POINT('',#2755);
#2755 = CARTESIAN_POINT('',(3.5,139.5,14.));
#2756 = LINE('',#2757,#2758);
#2757 = CARTESIAN_POINT('',(3.5,-64.,14.));
#2758 = VECTOR('',#2759,1.);
#2759 = DIRECTION('',(1.110223024625E-16,1.,0.));
#2760 = ORIENTED_EDGE('',*,*,#2761,.F.);
#2761 = EDGE_CURVE('',#2645,#2754,#2762,.T.);
#2762 = LINE('',#2763,#2764);
#2763 = CARTESIAN_POINT('',(3.5,139.5,4.));
#2764 = VECTOR('',#2765,1.);
#2765 = DIRECTION('',(0.,0.,1.));
#2766 = PLANE('',#2767);
#2767 = AXIS2_PLACEMENT_3D('',#2768,#2769,#2770);
#2768 = CARTESIAN_POINT('',(3.5,-64.,4.));
#2769 = DIRECTION('',(-1.,1.110223024625E-16,0.));
#2770 = DIRECTION('',(0.,0.,1.));
#2771 = ADVANCED_FACE('',(#2772),#2814,.T.);
#2772 = FACE_BOUND('',#2773,.T.);
#2773 = EDGE_LOOP('',(#2774,#2782,#2783,#2784,#2792,#2800,#2808));
#2774 = ORIENTED_EDGE('',*,*,#2775,.F.);
#2775 = EDGE_CURVE('',#2128,#2776,#2778,.T.);
#2776 = VERTEX_POINT('',#2777);
#2777 = CARTESIAN_POINT('',(-3.5,139.5,4.));
#2778 = LINE('',#2779,#2780);
#2779 = CARTESIAN_POINT('',(-3.5,-64.,4.));
#2780 = VECTOR('',#2781,1.);
#2781 = DIRECTION('',(1.110223024625E-16,1.,0.));
#2782 = ORIENTED_EDGE('',*,*,#2127,.T.);
#2783 = ORIENTED_EDGE('',*,*,#2103,.T.);
#2784 = ORIENTED_EDGE('',*,*,#2785,.T.);
#2785 = EDGE_CURVE('',#2104,#2786,#2788,.T.);
#2786 = VERTEX_POINT('',#2787);
#2787 = CARTESIAN_POINT('',(-3.5,58.94997892773,10.));
#2788 = LINE('',#2789,#2790);
#2789 = CARTESIAN_POINT('',(-3.5,-64.,10.));
#2790 = VECTOR('',#2791,1.);
#2791 = DIRECTION('',(1.110223024625E-16,1.,0.));
#2792 = ORIENTED_EDGE('',*,*,#2793,.T.);
#2793 = EDGE_CURVE('',#2786,#2794,#2796,.T.);
#2794 = VERTEX_POINT('',#2795);
#2795 = CARTESIAN_POINT('',(-3.5,58.94997892773,14.));
#2796 = LINE('',#2797,#2798);
#2797 = CARTESIAN_POINT('',(-3.5,58.94997892773,7.));
#2798 = VECTOR('',#2799,1.);
#2799 = DIRECTION('',(0.,0.,1.));
#2800 = ORIENTED_EDGE('',*,*,#2801,.T.);
#2801 = EDGE_CURVE('',#2794,#2802,#2804,.T.);
#2802 = VERTEX_POINT('',#2803);
#2803 = CARTESIAN_POINT('',(-3.5,139.5,14.));
#2804 = LINE('',#2805,#2806);
#2805 = CARTESIAN_POINT('',(-3.5,-64.,14.));
#2806 = VECTOR('',#2807,1.);
#2807 = DIRECTION('',(1.110223024625E-16,1.,0.));
#2808 = ORIENTED_EDGE('',*,*,#2809,.F.);
#2809 = EDGE_CURVE('',#2776,#2802,#2810,.T.);
#2810 = LINE('',#2811,#2812);
#2811 = CARTESIAN_POINT('',(-3.5,139.5,4.));
#2812 = VECTOR('',#2813,1.);
#2813 = DIRECTION('',(0.,0.,1.));
#2814 = PLANE('',#2815);
#2815 = AXIS2_PLACEMENT_3D('',#2816,#2817,#2818);
#2816 = CARTESIAN_POINT('',(-3.5,-64.,4.));
#2817 = DIRECTION('',(-1.,1.110223024625E-16,0.));
#2818 = DIRECTION('',(0.,0.,1.));
#2819 = ADVANCED_FACE('',(#2820),#2871,.T.);
#2820 = FACE_BOUND('',#2821,.T.);
#2821 = EDGE_LOOP('',(#2822,#2823,#2824,#2825,#2833,#2841,#2849,#2857,
    #2865));
#2822 = ORIENTED_EDGE('',*,*,#2785,.F.);
#2823 = ORIENTED_EDGE('',*,*,#2111,.F.);
#2824 = ORIENTED_EDGE('',*,*,#2737,.T.);
#2825 = ORIENTED_EDGE('',*,*,#2826,.T.);
#2826 = EDGE_CURVE('',#2738,#2827,#2829,.T.);
#2827 = VERTEX_POINT('',#2828);
#2828 = CARTESIAN_POINT('',(2.364425582849,58.977272256556,10.));
#2829 = LINE('',#2830,#2831);
#2830 = CARTESIAN_POINT('',(3.546365306206,58.948864545855,10.));
#2831 = VECTOR('',#2832,1.);
#2832 = DIRECTION('',(-0.999711288748,2.402788273771E-02,0.));
#2833 = ORIENTED_EDGE('',*,*,#2834,.T.);
#2834 = EDGE_CURVE('',#2827,#2835,#2837,.T.);
#2835 = VERTEX_POINT('',#2836);
#2836 = CARTESIAN_POINT('',(1.182267407057,58.994317932896,10.));
#2837 = LINE('',#2838,#2839);
#2838 = CARTESIAN_POINT('',(2.364425582849,58.977272256556,10.));
#2839 = VECTOR('',#2840,1.);
#2840 = DIRECTION('',(-0.999896060748,1.441761768734E-02,0.));
#2841 = ORIENTED_EDGE('',*,*,#2842,.T.);
#2842 = EDGE_CURVE('',#2835,#2843,#2845,.T.);
#2843 = VERTEX_POINT('',#2844);
#2844 = CARTESIAN_POINT('',(7.531577814756E-15,59.,10.));
#2845 = LINE('',#2846,#2847);
#2846 = CARTESIAN_POINT('',(1.182267407057,58.994317932896,10.));
#2847 = VECTOR('',#2848,1.);
#2848 = DIRECTION('',(-0.999988451016,4.806020573997E-03,0.));
#2849 = ORIENTED_EDGE('',*,*,#2850,.T.);
#2850 = EDGE_CURVE('',#2843,#2851,#2853,.T.);
#2851 = VERTEX_POINT('',#2852);
#2852 = CARTESIAN_POINT('',(-1.182267407057,58.994317932896,10.));
#2853 = LINE('',#2854,#2855);
#2854 = CARTESIAN_POINT('',(7.531577814756E-15,59.,10.));
#2855 = VECTOR('',#2856,1.);
#2856 = DIRECTION('',(-0.999988451016,-4.806020573997E-03,0.));
#2857 = ORIENTED_EDGE('',*,*,#2858,.T.);
#2858 = EDGE_CURVE('',#2851,#2859,#2861,.T.);
#2859 = VERTEX_POINT('',#2860);
#2860 = CARTESIAN_POINT('',(-2.364425582849,58.977272256556,10.));
#2861 = LINE('',#2862,#2863);
#2862 = CARTESIAN_POINT('',(-1.182267407057,58.994317932896,10.));
#2863 = VECTOR('',#2864,1.);
#2864 = DIRECTION('',(-0.999896060748,-1.441761768734E-02,0.));
#2865 = ORIENTED_EDGE('',*,*,#2866,.T.);
#2866 = EDGE_CURVE('',#2859,#2786,#2867,.T.);
#2867 = LINE('',#2868,#2869);
#2868 = CARTESIAN_POINT('',(-2.364425582849,58.977272256556,10.));
#2869 = VECTOR('',#2870,1.);
#2870 = DIRECTION('',(-0.999711288748,-2.402788273771E-02,0.));
#2871 = PLANE('',#2872);
#2872 = AXIS2_PLACEMENT_3D('',#2873,#2874,#2875);
#2873 = CARTESIAN_POINT('',(3.030691199925E-02,-72.10258691561,10.));
#2874 = DIRECTION('',(0.,0.,1.));
#2875 = DIRECTION('',(1.,0.,0.));
#2876 = ADVANCED_FACE('',(#2877,#2927),#2961,.T.);
#2877 = FACE_BOUND('',#2878,.T.);
#2878 = EDGE_LOOP('',(#2879,#2889,#2897,#2905,#2913,#2919,#2920,#2921));
#2879 = ORIENTED_EDGE('',*,*,#2880,.F.);
#2880 = EDGE_CURVE('',#2881,#2883,#2885,.T.);
#2881 = VERTEX_POINT('',#2882);
#2882 = CARTESIAN_POINT('',(-140.,115.,4.));
#2883 = VERTEX_POINT('',#2884);
#2884 = CARTESIAN_POINT('',(-140.,139.5,4.));
#2885 = LINE('',#2886,#2887);
#2886 = CARTESIAN_POINT('',(-140.,-147.5,4.));
#2887 = VECTOR('',#2888,1.);
#2888 = DIRECTION('',(0.,1.,0.));
#2889 = ORIENTED_EDGE('',*,*,#2890,.T.);
#2890 = EDGE_CURVE('',#2881,#2891,#2893,.T.);
#2891 = VERTEX_POINT('',#2892);
#2892 = CARTESIAN_POINT('',(-85.,115.,4.));
#2893 = LINE('',#2894,#2895);
#2894 = CARTESIAN_POINT('',(-140.,115.,4.));
#2895 = VECTOR('',#2896,1.);
#2896 = DIRECTION('',(1.,0.,0.));
#2897 = ORIENTED_EDGE('',*,*,#2898,.F.);
#2898 = EDGE_CURVE('',#2899,#2891,#2901,.T.);
#2899 = VERTEX_POINT('',#2900);
#2900 = CARTESIAN_POINT('',(-85.,65.,4.));
#2901 = LINE('',#2902,#2903);
#2902 = CARTESIAN_POINT('',(-85.,65.,4.));
#2903 = VECTOR('',#2904,1.);
#2904 = DIRECTION('',(0.,1.,0.));
#2905 = ORIENTED_EDGE('',*,*,#2906,.F.);
#2906 = EDGE_CURVE('',#2907,#2899,#2909,.T.);
#2907 = VERTEX_POINT('',#2908);
#2908 = CARTESIAN_POINT('',(-89.49044120176,65.,4.));
#2909 = LINE('',#2910,#2911);
#2910 = CARTESIAN_POINT('',(-140.,65.,4.));
#2911 = VECTOR('',#2912,1.);
#2912 = DIRECTION('',(1.,0.,0.));
#2913 = ORIENTED_EDGE('',*,*,#2914,.F.);
#2914 = EDGE_CURVE('',#2136,#2907,#2915,.T.);
#2915 = LINE('',#2916,#2917);
#2916 = CARTESIAN_POINT('',(2.830576295061,-61.94139905813,4.));
#2917 = VECTOR('',#2918,1.);
#2918 = DIRECTION('',(-0.588171697675,0.808736084303,0.));
#2919 = ORIENTED_EDGE('',*,*,#2135,.F.);
#2920 = ORIENTED_EDGE('',*,*,#2775,.T.);
#2921 = ORIENTED_EDGE('',*,*,#2922,.F.);
#2922 = EDGE_CURVE('',#2883,#2776,#2923,.T.);
#2923 = LINE('',#2924,#2925);
#2924 = CARTESIAN_POINT('',(-140.,139.5,4.));
#2925 = VECTOR('',#2926,1.);
#2926 = DIRECTION('',(1.,0.,0.));
#2927 = FACE_BOUND('',#2928,.T.);
#2928 = EDGE_LOOP('',(#2929,#2939,#2947,#2955));
#2929 = ORIENTED_EDGE('',*,*,#2930,.T.);
#2930 = EDGE_CURVE('',#2931,#2933,#2935,.T.);
#2931 = VERTEX_POINT('',#2932);
#2932 = CARTESIAN_POINT('',(-40.20285622446,50.283552409764,4.));
#2933 = VERTEX_POINT('',#2934);
#2934 = CARTESIAN_POINT('',(-33.3959853028,33.620224163105,4.));
#2935 = LINE('',#2936,#2937);
#2936 = CARTESIAN_POINT('',(-9.315356073881,-25.32953907555,4.));
#2937 = VECTOR('',#2938,1.);
#2938 = DIRECTION('',(0.378159495647,-0.925740458148,0.));
#2939 = ORIENTED_EDGE('',*,*,#2940,.T.);
#2940 = EDGE_CURVE('',#2933,#2941,#2943,.T.);
#2941 = VERTEX_POINT('',#2942);
#2942 = CARTESIAN_POINT('',(-44.50487080057,29.082310215335,4.));
#2943 = LINE('',#2944,#2945);
#2944 = CARTESIAN_POINT('',(-110.7786218803,2.009875320213,4.));
#2945 = VECTOR('',#2946,1.);
#2946 = DIRECTION('',(-0.925740458148,-0.378159495647,0.));
#2947 = ORIENTED_EDGE('',*,*,#2948,.F.);
#2948 = EDGE_CURVE('',#2949,#2941,#2951,.T.);
#2949 = VERTEX_POINT('',#2950);
#2950 = CARTESIAN_POINT('',(-51.31174172223,45.745638461995,4.));
#2951 = LINE('',#2952,#2953);
#2952 = CARTESIAN_POINT('',(-20.42424157165,-29.86745302332,4.));
#2953 = VECTOR('',#2954,1.);
#2954 = DIRECTION('',(0.378159495647,-0.925740458148,0.));
#2955 = ORIENTED_EDGE('',*,*,#2956,.F.);
#2956 = EDGE_CURVE('',#2931,#2949,#2957,.T.);
#2957 = LINE('',#2958,#2959);
#2958 = CARTESIAN_POINT('',(-117.5854928019,18.673203566873,4.));
#2959 = VECTOR('',#2960,1.);
#2960 = DIRECTION('',(-0.925740458148,-0.378159495647,0.));
#2961 = PLANE('',#2962);
#2962 = AXIS2_PLACEMENT_3D('',#2963,#2964,#2965);
#2963 = CARTESIAN_POINT('',(-140.,-147.5,4.));
#2964 = DIRECTION('',(0.,0.,1.));
#2965 = DIRECTION('',(1.,0.,0.));
#2966 = ADVANCED_FACE('',(#2967),#3002,.F.);
#2967 = FACE_BOUND('',#2968,.F.);
#2968 = EDGE_LOOP('',(#2969,#2970,#2971,#2979,#2987,#2995,#3001));
#2969 = ORIENTED_EDGE('',*,*,#2144,.T.);
#2970 = ORIENTED_EDGE('',*,*,#2158,.T.);
#2971 = ORIENTED_EDGE('',*,*,#2972,.T.);
#2972 = EDGE_CURVE('',#2159,#2973,#2975,.T.);
#2973 = VERTEX_POINT('',#2974);
#2974 = CARTESIAN_POINT('',(-57.12760733139,20.501103428237,10.));
#2975 = LINE('',#2976,#2977);
#2976 = CARTESIAN_POINT('',(2.830576295063,-61.94139905813,10.));
#2977 = VECTOR('',#2978,1.);
#2978 = DIRECTION('',(-0.588171697675,0.808736084303,0.));
#2979 = ORIENTED_EDGE('',*,*,#2980,.T.);
#2980 = EDGE_CURVE('',#2973,#2981,#2983,.T.);
#2981 = VERTEX_POINT('',#2982);
#2982 = CARTESIAN_POINT('',(-57.12760733139,20.501103428237,14.));
#2983 = LINE('',#2984,#2985);
#2984 = CARTESIAN_POINT('',(-57.12760733139,20.501103428237,10.));
#2985 = VECTOR('',#2986,1.);
#2986 = DIRECTION('',(0.,0.,1.));
#2987 = ORIENTED_EDGE('',*,*,#2988,.T.);
#2988 = EDGE_CURVE('',#2981,#2989,#2991,.T.);
#2989 = VERTEX_POINT('',#2990);
#2990 = CARTESIAN_POINT('',(-89.49044120176,65.,14.));
#2991 = LINE('',#2992,#2993);
#2992 = CARTESIAN_POINT('',(2.830576295061,-61.94139905813,14.));
#2993 = VECTOR('',#2994,1.);
#2994 = DIRECTION('',(-0.588171697675,0.808736084303,0.));
#2995 = ORIENTED_EDGE('',*,*,#2996,.T.);
#2996 = EDGE_CURVE('',#2989,#2907,#2997,.T.);
#2997 = LINE('',#2998,#2999);
#2998 = CARTESIAN_POINT('',(-89.49044120176,65.,4.));
#2999 = VECTOR('',#3000,1.);
#3000 = DIRECTION('',(0.,0.,-1.));
#3001 = ORIENTED_EDGE('',*,*,#2914,.F.);
#3002 = PLANE('',#3003);
#3003 = AXIS2_PLACEMENT_3D('',#3004,#3005,#3006);
#3004 = CARTESIAN_POINT('',(2.830576295061,-61.94139905813,4.));
#3005 = DIRECTION('',(-0.808736084303,-0.588171697675,0.));
#3006 = DIRECTION('',(0.,0.,1.));
#3007 = ADVANCED_FACE('',(#3008),#3090,.T.);
#3008 = FACE_BOUND('',#3009,.T.);
#3009 = EDGE_LOOP('',(#3010,#3018,#3019,#3020,#3028,#3036,#3044,#3052,
    #3060,#3068,#3076,#3084));
#3010 = ORIENTED_EDGE('',*,*,#3011,.F.);
#3011 = EDGE_CURVE('',#2192,#3012,#3014,.T.);
#3012 = VERTEX_POINT('',#3013);
#3013 = CARTESIAN_POINT('',(-98.14592243459,65.,4.));
#3014 = LINE('',#3015,#3016);
#3015 = CARTESIAN_POINT('',(-2.830576295061,-66.05860094186,4.));
#3016 = VECTOR('',#3017,1.);
#3017 = DIRECTION('',(-0.588171697675,0.808736084303,0.));
#3018 = ORIENTED_EDGE('',*,*,#2191,.T.);
#3019 = ORIENTED_EDGE('',*,*,#2167,.T.);
#3020 = ORIENTED_EDGE('',*,*,#3021,.T.);
#3021 = EDGE_CURVE('',#2168,#3022,#3024,.T.);
#3022 = VERTEX_POINT('',#3023);
#3023 = CARTESIAN_POINT('',(-62.78875992152,16.38390154451,10.));
#3024 = LINE('',#3025,#3026);
#3025 = CARTESIAN_POINT('',(-2.83057629506,-66.05860094186,10.));
#3026 = VECTOR('',#3027,1.);
#3027 = DIRECTION('',(-0.588171697675,0.808736084303,0.));
#3028 = ORIENTED_EDGE('',*,*,#3029,.T.);
#3029 = EDGE_CURVE('',#3022,#3030,#3032,.T.);
#3030 = VERTEX_POINT('',#3031);
#3031 = CARTESIAN_POINT('',(-62.78875992152,16.38390154451,14.));
#3032 = LINE('',#3033,#3034);
#3033 = CARTESIAN_POINT('',(-62.78875992152,16.38390154451,10.));
#3034 = VECTOR('',#3035,1.);
#3035 = DIRECTION('',(0.,0.,1.));
#3036 = ORIENTED_EDGE('',*,*,#3037,.T.);
#3037 = EDGE_CURVE('',#3030,#3038,#3040,.T.);
#3038 = VERTEX_POINT('',#3039);
#3039 = CARTESIAN_POINT('',(-98.075,64.902481652411,14.));
#3040 = LINE('',#3041,#3042);
#3041 = CARTESIAN_POINT('',(-2.830576295061,-66.05860094186,14.));
#3042 = VECTOR('',#3043,1.);
#3043 = DIRECTION('',(-0.588171697675,0.808736084303,0.));
#3044 = ORIENTED_EDGE('',*,*,#3045,.F.);
#3045 = EDGE_CURVE('',#3046,#3038,#3048,.T.);
#3046 = VERTEX_POINT('',#3047);
#3047 = CARTESIAN_POINT('',(-97.41864970733,64.,13.249885379814));
#3048 = LINE('',#3049,#3050);
#3049 = CARTESIAN_POINT('',(-63.33172054667,17.130472404096,
    -25.70660508951));
#3050 = VECTOR('',#3051,1.);
#3051 = DIRECTION('',(-0.488139084663,0.671191241411,0.557873239614));
#3052 = ORIENTED_EDGE('',*,*,#3053,.F.);
#3053 = EDGE_CURVE('',#3054,#3046,#3056,.T.);
#3054 = VERTEX_POINT('',#3055);
#3055 = CARTESIAN_POINT('',(-97.41864970733,64.,12.3));
#3056 = LINE('',#3057,#3058);
#3057 = CARTESIAN_POINT('',(-97.41864970733,64.,7.604810526994));
#3058 = VECTOR('',#3059,1.);
#3059 = DIRECTION('',(0.,-0.,1.));
#3060 = ORIENTED_EDGE('',*,*,#3061,.F.);
#3061 = EDGE_CURVE('',#3062,#3054,#3064,.T.);
#3062 = VERTEX_POINT('',#3063);
#3063 = CARTESIAN_POINT('',(-95.8,61.774356652411,12.3));
#3064 = LINE('',#3065,#3066);
#3065 = CARTESIAN_POINT('',(-49.87057629506,-1.378600941864,12.3));
#3066 = VECTOR('',#3067,1.);
#3067 = DIRECTION('',(-0.588171697675,0.808736084303,0.));
#3068 = ORIENTED_EDGE('',*,*,#3069,.F.);
#3069 = EDGE_CURVE('',#3070,#3062,#3072,.T.);
#3070 = VERTEX_POINT('',#3071);
#3071 = CARTESIAN_POINT('',(-95.8,61.774356652411,8.));
#3072 = LINE('',#3073,#3074);
#3073 = CARTESIAN_POINT('',(-95.8,61.774356652411,6.));
#3074 = VECTOR('',#3075,1.);
#3075 = DIRECTION('',(0.,0.,1.));
#3076 = ORIENTED_EDGE('',*,*,#3077,.T.);
#3077 = EDGE_CURVE('',#3070,#3078,#3080,.T.);
#3078 = VERTEX_POINT('',#3079);
#3079 = CARTESIAN_POINT('',(-98.14592243459,65.,8.));
#3080 = LINE('',#3081,#3082);
#3081 = CARTESIAN_POINT('',(-49.87057629506,-1.378600941864,8.));
#3082 = VECTOR('',#3083,1.);
#3083 = DIRECTION('',(-0.588171697675,0.808736084303,0.));
#3084 = ORIENTED_EDGE('',*,*,#3085,.T.);
#3085 = EDGE_CURVE('',#3078,#3012,#3086,.T.);
#3086 = LINE('',#3087,#3088);
#3087 = CARTESIAN_POINT('',(-98.14592243459,65.,4.));
#3088 = VECTOR('',#3089,1.);
#3089 = DIRECTION('',(0.,0.,-1.));
#3090 = PLANE('',#3091);
#3091 = AXIS2_PLACEMENT_3D('',#3092,#3093,#3094);
#3092 = CARTESIAN_POINT('',(-2.830576295061,-66.05860094186,4.));
#3093 = DIRECTION('',(-0.808736084303,-0.588171697675,0.));
#3094 = DIRECTION('',(0.,0.,1.));
#3095 = ADVANCED_FACE('',(#3096),#3108,.T.);
#3096 = FACE_BOUND('',#3097,.T.);
#3097 = EDGE_LOOP('',(#3098,#3099,#3100,#3107));
#3098 = ORIENTED_EDGE('',*,*,#2175,.F.);
#3099 = ORIENTED_EDGE('',*,*,#2972,.T.);
#3100 = ORIENTED_EDGE('',*,*,#3101,.T.);
#3101 = EDGE_CURVE('',#2973,#3022,#3102,.T.);
#3102 = CIRCLE('',#3103,102.);
#3103 = AXIS2_PLACEMENT_3D('',#3104,#3105,#3106);
#3104 = CARTESIAN_POINT('',(0.,-64.,10.));
#3105 = DIRECTION('',(0.,0.,1.));
#3106 = DIRECTION('',(1.,0.,0.));
#3107 = ORIENTED_EDGE('',*,*,#3021,.F.);
#3108 = PLANE('',#3109);
#3109 = AXIS2_PLACEMENT_3D('',#3110,#3111,#3112);
#3110 = CARTESIAN_POINT('',(3.030691199925E-02,-72.10258691561,10.));
#3111 = DIRECTION('',(0.,0.,1.));
#3112 = DIRECTION('',(1.,0.,0.));
#3113 = ADVANCED_FACE('',(#3114),#3156,.T.);
#3114 = FACE_BOUND('',#3115,.T.);
#3115 = EDGE_LOOP('',(#3116,#3126,#3134,#3142,#3148,#3149,#3150));
#3116 = ORIENTED_EDGE('',*,*,#3117,.F.);
#3117 = EDGE_CURVE('',#3118,#3120,#3122,.T.);
#3118 = VERTEX_POINT('',#3119);
#3119 = CARTESIAN_POINT('',(-140.,-65.,4.));
#3120 = VERTEX_POINT('',#3121);
#3121 = CARTESIAN_POINT('',(-140.,65.,4.));
#3122 = LINE('',#3123,#3124);
#3123 = CARTESIAN_POINT('',(-140.,-147.5,4.));
#3124 = VECTOR('',#3125,1.);
#3125 = DIRECTION('',(0.,1.,0.));
#3126 = ORIENTED_EDGE('',*,*,#3127,.T.);
#3127 = EDGE_CURVE('',#3118,#3128,#3130,.T.);
#3128 = VERTEX_POINT('',#3129);
#3129 = CARTESIAN_POINT('',(-85.,-65.,4.));
#3130 = LINE('',#3131,#3132);
#3131 = CARTESIAN_POINT('',(-140.,-65.,4.));
#3132 = VECTOR('',#3133,1.);
#3133 = DIRECTION('',(1.,0.,0.));
#3134 = ORIENTED_EDGE('',*,*,#3135,.F.);
#3135 = EDGE_CURVE('',#3136,#3128,#3138,.T.);
#3136 = VERTEX_POINT('',#3137);
#3137 = CARTESIAN_POINT('',(-85.,-80.13907226919,4.));
#3138 = LINE('',#3139,#3140);
#3139 = CARTESIAN_POINT('',(-85.,-115.,4.));
#3140 = VECTOR('',#3141,1.);
#3141 = DIRECTION('',(0.,1.,0.));
#3142 = ORIENTED_EDGE('',*,*,#3143,.F.);
#3143 = EDGE_CURVE('',#2200,#3136,#3144,.T.);
#3144 = LINE('',#3145,#3146);
#3145 = CARTESIAN_POINT('',(-0.791453975198,-60.59065979914,4.));
#3146 = VECTOR('',#3147,1.);
#3147 = DIRECTION('',(-0.974097200243,-0.226129707199,0.));
#3148 = ORIENTED_EDGE('',*,*,#2199,.F.);
#3149 = ORIENTED_EDGE('',*,*,#3011,.T.);
#3150 = ORIENTED_EDGE('',*,*,#3151,.F.);
#3151 = EDGE_CURVE('',#3120,#3012,#3152,.T.);
#3152 = LINE('',#3153,#3154);
#3153 = CARTESIAN_POINT('',(-140.,65.,4.));
#3154 = VECTOR('',#3155,1.);
#3155 = DIRECTION('',(1.,0.,0.));
#3156 = PLANE('',#3157);
#3157 = AXIS2_PLACEMENT_3D('',#3158,#3159,#3160);
#3158 = CARTESIAN_POINT('',(-140.,-147.5,4.));
#3159 = DIRECTION('',(0.,0.,1.));
#3160 = DIRECTION('',(1.,0.,0.));
#3161 = ADVANCED_FACE('',(#3162),#3181,.F.);
#3162 = FACE_BOUND('',#3163,.F.);
#3163 = EDGE_LOOP('',(#3164,#3165,#3166,#3174,#3180));
#3164 = ORIENTED_EDGE('',*,*,#2208,.T.);
#3165 = ORIENTED_EDGE('',*,*,#2239,.T.);
#3166 = ORIENTED_EDGE('',*,*,#3167,.T.);
#3167 = EDGE_CURVE('',#2231,#3168,#3170,.T.);
#3168 = VERTEX_POINT('',#3169);
#3169 = CARTESIAN_POINT('',(-85.,-80.13907226919,10.));
#3170 = LINE('',#3171,#3172);
#3171 = CARTESIAN_POINT('',(-0.791453975198,-60.59065979914,10.));
#3172 = VECTOR('',#3173,1.);
#3173 = DIRECTION('',(-0.974097200243,-0.226129707199,0.));
#3174 = ORIENTED_EDGE('',*,*,#3175,.F.);
#3175 = EDGE_CURVE('',#3136,#3168,#3176,.T.);
#3176 = LINE('',#3177,#3178);
#3177 = CARTESIAN_POINT('',(-85.,-80.13907226919,4.));
#3178 = VECTOR('',#3179,1.);
#3179 = DIRECTION('',(0.,0.,1.));
#3180 = ORIENTED_EDGE('',*,*,#3143,.F.);
#3181 = PLANE('',#3182);
#3182 = AXIS2_PLACEMENT_3D('',#3183,#3184,#3185);
#3183 = CARTESIAN_POINT('',(-0.791453975198,-60.59065979914,4.));
#3184 = DIRECTION('',(0.226129707199,-0.974097200243,0.));
#3185 = DIRECTION('',(0.,0.,1.));
#3186 = ADVANCED_FACE('',(#3187),#3213,.T.);
#3187 = FACE_BOUND('',#3188,.T.);
#3188 = EDGE_LOOP('',(#3189,#3190,#3191,#3199,#3207));
#3189 = ORIENTED_EDGE('',*,*,#2255,.T.);
#3190 = ORIENTED_EDGE('',*,*,#2222,.T.);
#3191 = ORIENTED_EDGE('',*,*,#3192,.T.);
#3192 = EDGE_CURVE('',#2223,#3193,#3195,.T.);
#3193 = VERTEX_POINT('',#3194);
#3194 = CARTESIAN_POINT('',(-85.,-87.32521344509,10.));
#3195 = LINE('',#3196,#3197);
#3196 = CARTESIAN_POINT('',(0.791453975197,-67.40934020085,10.));
#3197 = VECTOR('',#3198,1.);
#3198 = DIRECTION('',(-0.974097200243,-0.226129707199,0.));
#3199 = ORIENTED_EDGE('',*,*,#3200,.F.);
#3200 = EDGE_CURVE('',#3201,#3193,#3203,.T.);
#3201 = VERTEX_POINT('',#3202);
#3202 = CARTESIAN_POINT('',(-85.,-87.32521344509,4.));
#3203 = LINE('',#3204,#3205);
#3204 = CARTESIAN_POINT('',(-85.,-87.32521344509,4.));
#3205 = VECTOR('',#3206,1.);
#3206 = DIRECTION('',(0.,0.,1.));
#3207 = ORIENTED_EDGE('',*,*,#3208,.F.);
#3208 = EDGE_CURVE('',#2256,#3201,#3209,.T.);
#3209 = LINE('',#3210,#3211);
#3210 = CARTESIAN_POINT('',(0.791453975198,-67.40934020085,4.));
#3211 = VECTOR('',#3212,1.);
#3212 = DIRECTION('',(-0.974097200243,-0.226129707199,0.));
#3213 = PLANE('',#3214);
#3214 = AXIS2_PLACEMENT_3D('',#3215,#3216,#3217);
#3215 = CARTESIAN_POINT('',(0.791453975198,-67.40934020085,4.));
#3216 = DIRECTION('',(0.226129707199,-0.974097200243,0.));
#3217 = DIRECTION('',(0.,0.,1.));
#3218 = ADVANCED_FACE('',(#3219),#3295,.T.);
#3219 = FACE_BOUND('',#3220,.T.);
#3220 = EDGE_LOOP('',(#3221,#3222,#3223,#3231,#3239,#3247,#3255,#3263,
    #3271,#3280,#3288,#3294));
#3221 = ORIENTED_EDGE('',*,*,#2230,.F.);
#3222 = ORIENTED_EDGE('',*,*,#3167,.T.);
#3223 = ORIENTED_EDGE('',*,*,#3224,.F.);
#3224 = EDGE_CURVE('',#3225,#3168,#3227,.T.);
#3225 = VERTEX_POINT('',#3226);
#3226 = CARTESIAN_POINT('',(-85.,-65.,10.));
#3227 = LINE('',#3228,#3229);
#3228 = CARTESIAN_POINT('',(-85.,-89.5,10.));
#3229 = VECTOR('',#3230,1.);
#3230 = DIRECTION('',(0.,-1.,0.));
#3231 = ORIENTED_EDGE('',*,*,#3232,.F.);
#3232 = EDGE_CURVE('',#3233,#3225,#3235,.T.);
#3233 = VERTEX_POINT('',#3234);
#3234 = CARTESIAN_POINT('',(-96.5,-65.,10.));
#3235 = LINE('',#3236,#3237);
#3236 = CARTESIAN_POINT('',(-70.,-65.,10.));
#3237 = VECTOR('',#3238,1.);
#3238 = DIRECTION('',(1.,0.,0.));
#3239 = ORIENTED_EDGE('',*,*,#3240,.F.);
#3240 = EDGE_CURVE('',#3241,#3233,#3243,.T.);
#3241 = VERTEX_POINT('',#3242);
#3242 = CARTESIAN_POINT('',(-96.5,-79.25333333333,10.));
#3243 = LINE('',#3244,#3245);
#3244 = CARTESIAN_POINT('',(-96.5,-94.0512934578,10.));
#3245 = VECTOR('',#3246,1.);
#3246 = DIRECTION('',(0.,1.,0.));
#3247 = ORIENTED_EDGE('',*,*,#3248,.F.);
#3248 = EDGE_CURVE('',#3249,#3241,#3251,.T.);
#3249 = VERTEX_POINT('',#3250);
#3250 = CARTESIAN_POINT('',(-89.6,-79.25333333333,10.));
#3251 = LINE('',#3252,#3253);
#3252 = CARTESIAN_POINT('',(-71.,-79.25333333333,10.));
#3253 = VECTOR('',#3254,1.);
#3254 = DIRECTION('',(-1.,0.,0.));
#3255 = ORIENTED_EDGE('',*,*,#3256,.T.);
#3256 = EDGE_CURVE('',#3249,#3257,#3259,.T.);
#3257 = VERTEX_POINT('',#3258);
#3258 = CARTESIAN_POINT('',(-89.6,-100.7466666666,10.));
#3259 = LINE('',#3260,#3261);
#3260 = CARTESIAN_POINT('',(-89.6,-77.,10.));
#3261 = VECTOR('',#3262,1.);
#3262 = DIRECTION('',(0.,-1.,0.));
#3263 = ORIENTED_EDGE('',*,*,#3264,.F.);
#3264 = EDGE_CURVE('',#3265,#3257,#3267,.T.);
#3265 = VERTEX_POINT('',#3266);
#3266 = CARTESIAN_POINT('',(-95.15084071561,-100.7466666666,10.));
#3267 = LINE('',#3268,#3269);
#3268 = CARTESIAN_POINT('',(-71.,-100.7466666666,10.));
#3269 = VECTOR('',#3270,1.);
#3270 = DIRECTION('',(1.,0.,0.));
#3271 = ORIENTED_EDGE('',*,*,#3272,.T.);
#3272 = EDGE_CURVE('',#3265,#3273,#3275,.T.);
#3273 = VERTEX_POINT('',#3274);
#3274 = CARTESIAN_POINT('',(-88.33459118601,-115.,10.));
#3275 = CIRCLE('',#3276,102.);
#3276 = AXIS2_PLACEMENT_3D('',#3277,#3278,#3279);
#3277 = CARTESIAN_POINT('',(0.,-64.,10.));
#3278 = DIRECTION('',(0.,0.,1.));
#3279 = DIRECTION('',(1.,0.,0.));
#3280 = ORIENTED_EDGE('',*,*,#3281,.T.);
#3281 = EDGE_CURVE('',#3273,#3282,#3284,.T.);
#3282 = VERTEX_POINT('',#3283);
#3283 = CARTESIAN_POINT('',(-85.,-115.,10.));
#3284 = LINE('',#3285,#3286);
#3285 = CARTESIAN_POINT('',(-70.,-115.,10.));
#3286 = VECTOR('',#3287,1.);
#3287 = DIRECTION('',(1.,0.,0.));
#3288 = ORIENTED_EDGE('',*,*,#3289,.F.);
#3289 = EDGE_CURVE('',#3193,#3282,#3290,.T.);
#3290 = LINE('',#3291,#3292);
#3291 = CARTESIAN_POINT('',(-85.,-89.5,10.));
#3292 = VECTOR('',#3293,1.);
#3293 = DIRECTION('',(0.,-1.,0.));
#3294 = ORIENTED_EDGE('',*,*,#3192,.F.);
#3295 = PLANE('',#3296);
#3296 = AXIS2_PLACEMENT_3D('',#3297,#3298,#3299);
#3297 = CARTESIAN_POINT('',(3.030691199925E-02,-72.10258691561,10.));
#3298 = DIRECTION('',(0.,0.,1.));
#3299 = DIRECTION('',(1.,0.,0.));
#3300 = ADVANCED_FACE('',(#3301),#3343,.T.);
#3301 = FACE_BOUND('',#3302,.T.);
#3302 = EDGE_LOOP('',(#3303,#3313,#3321,#3327,#3328,#3329,#3337));
#3303 = ORIENTED_EDGE('',*,*,#3304,.F.);
#3304 = EDGE_CURVE('',#3305,#3307,#3309,.T.);
#3305 = VERTEX_POINT('',#3306);
#3306 = CARTESIAN_POINT('',(-140.,-139.5,4.));
#3307 = VERTEX_POINT('',#3308);
#3308 = CARTESIAN_POINT('',(-140.,-115.,4.));
#3309 = LINE('',#3310,#3311);
#3310 = CARTESIAN_POINT('',(-140.,-147.5,4.));
#3311 = VECTOR('',#3312,1.);
#3312 = DIRECTION('',(0.,1.,0.));
#3313 = ORIENTED_EDGE('',*,*,#3314,.T.);
#3314 = EDGE_CURVE('',#3305,#3315,#3317,.T.);
#3315 = VERTEX_POINT('',#3316);
#3316 = CARTESIAN_POINT('',(-3.5,-139.5,4.));
#3317 = LINE('',#3318,#3319);
#3318 = CARTESIAN_POINT('',(-140.,-139.5,4.));
#3319 = VECTOR('',#3320,1.);
#3320 = DIRECTION('',(1.,0.,0.));
#3321 = ORIENTED_EDGE('',*,*,#3322,.F.);
#3322 = EDGE_CURVE('',#2264,#3315,#3323,.T.);
#3323 = LINE('',#3324,#3325);
#3324 = CARTESIAN_POINT('',(-3.5,-64.,4.));
#3325 = VECTOR('',#3326,1.);
#3326 = DIRECTION('',(1.110223024625E-16,-1.,0.));
#3327 = ORIENTED_EDGE('',*,*,#2263,.F.);
#3328 = ORIENTED_EDGE('',*,*,#3208,.T.);
#3329 = ORIENTED_EDGE('',*,*,#3330,.F.);
#3330 = EDGE_CURVE('',#3331,#3201,#3333,.T.);
#3331 = VERTEX_POINT('',#3332);
#3332 = CARTESIAN_POINT('',(-85.,-115.,4.));
#3333 = LINE('',#3334,#3335);
#3334 = CARTESIAN_POINT('',(-85.,-115.,4.));
#3335 = VECTOR('',#3336,1.);
#3336 = DIRECTION('',(0.,1.,0.));
#3337 = ORIENTED_EDGE('',*,*,#3338,.F.);
#3338 = EDGE_CURVE('',#3307,#3331,#3339,.T.);
#3339 = LINE('',#3340,#3341);
#3340 = CARTESIAN_POINT('',(-140.,-115.,4.));
#3341 = VECTOR('',#3342,1.);
#3342 = DIRECTION('',(1.,0.,0.));
#3343 = PLANE('',#3344);
#3344 = AXIS2_PLACEMENT_3D('',#3345,#3346,#3347);
#3345 = CARTESIAN_POINT('',(-140.,-147.5,4.));
#3346 = DIRECTION('',(0.,0.,1.));
#3347 = DIRECTION('',(1.,0.,0.));
#3348 = ADVANCED_FACE('',(#3349),#3368,.F.);
#3349 = FACE_BOUND('',#3350,.F.);
#3350 = EDGE_LOOP('',(#3351,#3352,#3353,#3361,#3367));
#3351 = ORIENTED_EDGE('',*,*,#2272,.T.);
#3352 = ORIENTED_EDGE('',*,*,#2303,.T.);
#3353 = ORIENTED_EDGE('',*,*,#3354,.T.);
#3354 = EDGE_CURVE('',#2295,#3355,#3357,.T.);
#3355 = VERTEX_POINT('',#3356);
#3356 = CARTESIAN_POINT('',(-3.5,-139.5,10.));
#3357 = LINE('',#3358,#3359);
#3358 = CARTESIAN_POINT('',(-3.5,-64.,10.));
#3359 = VECTOR('',#3360,1.);
#3360 = DIRECTION('',(1.110223024625E-16,-1.,0.));
#3361 = ORIENTED_EDGE('',*,*,#3362,.F.);
#3362 = EDGE_CURVE('',#3315,#3355,#3363,.T.);
#3363 = LINE('',#3364,#3365);
#3364 = CARTESIAN_POINT('',(-3.5,-139.5,4.));
#3365 = VECTOR('',#3366,1.);
#3366 = DIRECTION('',(0.,0.,1.));
#3367 = ORIENTED_EDGE('',*,*,#3322,.F.);
#3368 = PLANE('',#3369);
#3369 = AXIS2_PLACEMENT_3D('',#3370,#3371,#3372);
#3370 = CARTESIAN_POINT('',(-3.5,-64.,4.));
#3371 = DIRECTION('',(1.,1.110223024625E-16,0.));
#3372 = DIRECTION('',(0.,0.,1.));
#3373 = ADVANCED_FACE('',(#3374),#3400,.T.);
#3374 = FACE_BOUND('',#3375,.T.);
#3375 = EDGE_LOOP('',(#3376,#3377,#3378,#3386,#3394));
#3376 = ORIENTED_EDGE('',*,*,#2318,.T.);
#3377 = ORIENTED_EDGE('',*,*,#2286,.T.);
#3378 = ORIENTED_EDGE('',*,*,#3379,.T.);
#3379 = EDGE_CURVE('',#2287,#3380,#3382,.T.);
#3380 = VERTEX_POINT('',#3381);
#3381 = CARTESIAN_POINT('',(3.5,-139.5,10.));
#3382 = LINE('',#3383,#3384);
#3383 = CARTESIAN_POINT('',(3.5,-64.,10.));
#3384 = VECTOR('',#3385,1.);
#3385 = DIRECTION('',(1.110223024625E-16,-1.,0.));
#3386 = ORIENTED_EDGE('',*,*,#3387,.F.);
#3387 = EDGE_CURVE('',#3388,#3380,#3390,.T.);
#3388 = VERTEX_POINT('',#3389);
#3389 = CARTESIAN_POINT('',(3.5,-139.5,4.));
#3390 = LINE('',#3391,#3392);
#3391 = CARTESIAN_POINT('',(3.5,-139.5,4.));
#3392 = VECTOR('',#3393,1.);
#3393 = DIRECTION('',(0.,0.,1.));
#3394 = ORIENTED_EDGE('',*,*,#3395,.F.);
#3395 = EDGE_CURVE('',#2319,#3388,#3396,.T.);
#3396 = LINE('',#3397,#3398);
#3397 = CARTESIAN_POINT('',(3.5,-64.,4.));
#3398 = VECTOR('',#3399,1.);
#3399 = DIRECTION('',(1.110223024625E-16,-1.,0.));
#3400 = PLANE('',#3401);
#3401 = AXIS2_PLACEMENT_3D('',#3402,#3403,#3404);
#3402 = CARTESIAN_POINT('',(3.5,-64.,4.));
#3403 = DIRECTION('',(1.,1.110223024625E-16,0.));
#3404 = DIRECTION('',(0.,0.,1.));
#3405 = ADVANCED_FACE('',(#3406),#3451,.T.);
#3406 = FACE_BOUND('',#3407,.T.);
#3407 = EDGE_LOOP('',(#3408,#3409,#3410,#3418,#3427,#3435,#3444,#3450));
#3408 = ORIENTED_EDGE('',*,*,#2294,.F.);
#3409 = ORIENTED_EDGE('',*,*,#3354,.T.);
#3410 = ORIENTED_EDGE('',*,*,#3411,.F.);
#3411 = EDGE_CURVE('',#3412,#3355,#3414,.T.);
#3412 = VERTEX_POINT('',#3413);
#3413 = CARTESIAN_POINT('',(-68.5838902367,-139.5,10.));
#3414 = LINE('',#3415,#3416);
#3415 = CARTESIAN_POINT('',(-70.,-139.5,10.));
#3416 = VECTOR('',#3417,1.);
#3417 = DIRECTION('',(1.,0.,0.));
#3418 = ORIENTED_EDGE('',*,*,#3419,.T.);
#3419 = EDGE_CURVE('',#3412,#3420,#3422,.T.);
#3420 = VERTEX_POINT('',#3421);
#3421 = CARTESIAN_POINT('',(-58.58114030983,-147.5,10.));
#3422 = CIRCLE('',#3423,102.);
#3423 = AXIS2_PLACEMENT_3D('',#3424,#3425,#3426);
#3424 = CARTESIAN_POINT('',(0.,-64.,10.));
#3425 = DIRECTION('',(0.,0.,1.));
#3426 = DIRECTION('',(1.,0.,0.));
#3427 = ORIENTED_EDGE('',*,*,#3428,.F.);
#3428 = EDGE_CURVE('',#3429,#3420,#3431,.T.);
#3429 = VERTEX_POINT('',#3430);
#3430 = CARTESIAN_POINT('',(58.58114030983,-147.5,10.));
#3431 = LINE('',#3432,#3433);
#3432 = CARTESIAN_POINT('',(0.,-147.5,10.));
#3433 = VECTOR('',#3434,1.);
#3434 = DIRECTION('',(-1.,0.,0.));
#3435 = ORIENTED_EDGE('',*,*,#3436,.T.);
#3436 = EDGE_CURVE('',#3429,#3437,#3439,.T.);
#3437 = VERTEX_POINT('',#3438);
#3438 = CARTESIAN_POINT('',(68.583890236702,-139.5,10.));
#3439 = CIRCLE('',#3440,102.);
#3440 = AXIS2_PLACEMENT_3D('',#3441,#3442,#3443);
#3441 = CARTESIAN_POINT('',(0.,-64.,10.));
#3442 = DIRECTION('',(0.,0.,1.));
#3443 = DIRECTION('',(1.,0.,0.));
#3444 = ORIENTED_EDGE('',*,*,#3445,.F.);
#3445 = EDGE_CURVE('',#3380,#3437,#3446,.T.);
#3446 = LINE('',#3447,#3448);
#3447 = CARTESIAN_POINT('',(-70.,-139.5,10.));
#3448 = VECTOR('',#3449,1.);
#3449 = DIRECTION('',(1.,0.,0.));
#3450 = ORIENTED_EDGE('',*,*,#3379,.F.);
#3451 = PLANE('',#3452);
#3452 = AXIS2_PLACEMENT_3D('',#3453,#3454,#3455);
#3453 = CARTESIAN_POINT('',(3.030691199925E-02,-72.10258691561,10.));
#3454 = DIRECTION('',(0.,0.,1.));
#3455 = DIRECTION('',(1.,0.,0.));
#3456 = ADVANCED_FACE('',(#3457),#3499,.T.);
#3457 = FACE_BOUND('',#3458,.T.);
#3458 = EDGE_LOOP('',(#3459,#3469,#3477,#3485,#3491,#3492,#3493));
#3459 = ORIENTED_EDGE('',*,*,#3460,.T.);
#3460 = EDGE_CURVE('',#3461,#3463,#3465,.T.);
#3461 = VERTEX_POINT('',#3462);
#3462 = CARTESIAN_POINT('',(140.,-139.5,4.));
#3463 = VERTEX_POINT('',#3464);
#3464 = CARTESIAN_POINT('',(140.,-115.,4.));
#3465 = LINE('',#3466,#3467);
#3466 = CARTESIAN_POINT('',(140.,-147.5,4.));
#3467 = VECTOR('',#3468,1.);
#3468 = DIRECTION('',(0.,1.,0.));
#3469 = ORIENTED_EDGE('',*,*,#3470,.F.);
#3470 = EDGE_CURVE('',#3471,#3463,#3473,.T.);
#3471 = VERTEX_POINT('',#3472);
#3472 = CARTESIAN_POINT('',(85.,-115.,4.));
#3473 = LINE('',#3474,#3475);
#3474 = CARTESIAN_POINT('',(85.,-115.,4.));
#3475 = VECTOR('',#3476,1.);
#3476 = DIRECTION('',(1.,0.,0.));
#3477 = ORIENTED_EDGE('',*,*,#3478,.T.);
#3478 = EDGE_CURVE('',#3471,#3479,#3481,.T.);
#3479 = VERTEX_POINT('',#3480);
#3480 = CARTESIAN_POINT('',(85.,-87.32521344509,4.));
#3481 = LINE('',#3482,#3483);
#3482 = CARTESIAN_POINT('',(85.,-115.,4.));
#3483 = VECTOR('',#3484,1.);
#3484 = DIRECTION('',(0.,1.,0.));
#3485 = ORIENTED_EDGE('',*,*,#3486,.F.);
#3486 = EDGE_CURVE('',#2327,#3479,#3487,.T.);
#3487 = LINE('',#3488,#3489);
#3488 = CARTESIAN_POINT('',(-0.791453975198,-67.40934020085,4.));
#3489 = VECTOR('',#3490,1.);
#3490 = DIRECTION('',(0.974097200243,-0.226129707199,0.));
#3491 = ORIENTED_EDGE('',*,*,#2326,.F.);
#3492 = ORIENTED_EDGE('',*,*,#3395,.T.);
#3493 = ORIENTED_EDGE('',*,*,#3494,.T.);
#3494 = EDGE_CURVE('',#3388,#3461,#3495,.T.);
#3495 = LINE('',#3496,#3497);
#3496 = CARTESIAN_POINT('',(-140.,-139.5,4.));
#3497 = VECTOR('',#3498,1.);
#3498 = DIRECTION('',(1.,0.,0.));
#3499 = PLANE('',#3500);
#3500 = AXIS2_PLACEMENT_3D('',#3501,#3502,#3503);
#3501 = CARTESIAN_POINT('',(-140.,-147.5,4.));
#3502 = DIRECTION('',(0.,0.,1.));
#3503 = DIRECTION('',(1.,0.,0.));
#3504 = ADVANCED_FACE('',(#3505),#3524,.F.);
#3505 = FACE_BOUND('',#3506,.F.);
#3506 = EDGE_LOOP('',(#3507,#3508,#3509,#3517,#3523));
#3507 = ORIENTED_EDGE('',*,*,#2335,.T.);
#3508 = ORIENTED_EDGE('',*,*,#2367,.T.);
#3509 = ORIENTED_EDGE('',*,*,#3510,.T.);
#3510 = EDGE_CURVE('',#2359,#3511,#3513,.T.);
#3511 = VERTEX_POINT('',#3512);
#3512 = CARTESIAN_POINT('',(85.,-87.32521344509,10.));
#3513 = LINE('',#3514,#3515);
#3514 = CARTESIAN_POINT('',(-0.791453975197,-67.40934020085,10.));
#3515 = VECTOR('',#3516,1.);
#3516 = DIRECTION('',(0.974097200243,-0.226129707199,0.));
#3517 = ORIENTED_EDGE('',*,*,#3518,.T.);
#3518 = EDGE_CURVE('',#3511,#3479,#3519,.T.);
#3519 = LINE('',#3520,#3521);
#3520 = CARTESIAN_POINT('',(85.,-87.32521344509,4.));
#3521 = VECTOR('',#3522,1.);
#3522 = DIRECTION('',(0.,0.,-1.));
#3523 = ORIENTED_EDGE('',*,*,#3486,.F.);
#3524 = PLANE('',#3525);
#3525 = AXIS2_PLACEMENT_3D('',#3526,#3527,#3528);
#3526 = CARTESIAN_POINT('',(-0.791453975198,-67.40934020085,4.));
#3527 = DIRECTION('',(0.226129707199,0.974097200243,0.));
#3528 = DIRECTION('',(0.,0.,1.));
#3529 = ADVANCED_FACE('',(#3530),#3606,.T.);
#3530 = FACE_BOUND('',#3531,.T.);
#3531 = EDGE_LOOP('',(#3532,#3533,#3534,#3535,#3543,#3551,#3560,#3568,
    #3576,#3584,#3592,#3600));
#3532 = ORIENTED_EDGE('',*,*,#2555,.F.);
#3533 = ORIENTED_EDGE('',*,*,#2358,.F.);
#3534 = ORIENTED_EDGE('',*,*,#3510,.T.);
#3535 = ORIENTED_EDGE('',*,*,#3536,.T.);
#3536 = EDGE_CURVE('',#3511,#3537,#3539,.T.);
#3537 = VERTEX_POINT('',#3538);
#3538 = CARTESIAN_POINT('',(85.,-115.,10.));
#3539 = LINE('',#3540,#3541);
#3540 = CARTESIAN_POINT('',(85.,-89.5,10.));
#3541 = VECTOR('',#3542,1.);
#3542 = DIRECTION('',(0.,-1.,0.));
#3543 = ORIENTED_EDGE('',*,*,#3544,.T.);
#3544 = EDGE_CURVE('',#3537,#3545,#3547,.T.);
#3545 = VERTEX_POINT('',#3546);
#3546 = CARTESIAN_POINT('',(88.334591186013,-115.,10.));
#3547 = LINE('',#3548,#3549);
#3548 = CARTESIAN_POINT('',(42.5,-115.,10.));
#3549 = VECTOR('',#3550,1.);
#3550 = DIRECTION('',(1.,0.,0.));
#3551 = ORIENTED_EDGE('',*,*,#3552,.T.);
#3552 = EDGE_CURVE('',#3545,#3553,#3555,.T.);
#3553 = VERTEX_POINT('',#3554);
#3554 = CARTESIAN_POINT('',(95.150840715615,-100.7466666666,10.));
#3555 = CIRCLE('',#3556,102.);
#3556 = AXIS2_PLACEMENT_3D('',#3557,#3558,#3559);
#3557 = CARTESIAN_POINT('',(0.,-64.,10.));
#3558 = DIRECTION('',(0.,0.,1.));
#3559 = DIRECTION('',(1.,0.,0.));
#3560 = ORIENTED_EDGE('',*,*,#3561,.F.);
#3561 = EDGE_CURVE('',#3562,#3553,#3564,.T.);
#3562 = VERTEX_POINT('',#3563);
#3563 = CARTESIAN_POINT('',(89.6,-100.7466666666,10.));
#3564 = LINE('',#3565,#3566);
#3565 = CARTESIAN_POINT('',(44.8,-100.7466666666,10.));
#3566 = VECTOR('',#3567,1.);
#3567 = DIRECTION('',(1.,0.,0.));
#3568 = ORIENTED_EDGE('',*,*,#3569,.F.);
#3569 = EDGE_CURVE('',#3570,#3562,#3572,.T.);
#3570 = VERTEX_POINT('',#3571);
#3571 = CARTESIAN_POINT('',(89.6,-79.25333333333,10.));
#3572 = LINE('',#3573,#3574);
#3573 = CARTESIAN_POINT('',(89.6,-77.,10.));
#3574 = VECTOR('',#3575,1.);
#3575 = DIRECTION('',(0.,-1.,0.));
#3576 = ORIENTED_EDGE('',*,*,#3577,.F.);
#3577 = EDGE_CURVE('',#3578,#3570,#3580,.T.);
#3578 = VERTEX_POINT('',#3579);
#3579 = CARTESIAN_POINT('',(96.5,-79.25333333333,10.));
#3580 = LINE('',#3581,#3582);
#3581 = CARTESIAN_POINT('',(44.8,-79.25333333333,10.));
#3582 = VECTOR('',#3583,1.);
#3583 = DIRECTION('',(-1.,0.,0.));
#3584 = ORIENTED_EDGE('',*,*,#3585,.F.);
#3585 = EDGE_CURVE('',#3586,#3578,#3588,.T.);
#3586 = VERTEX_POINT('',#3587);
#3587 = CARTESIAN_POINT('',(96.5,-65.,10.));
#3588 = LINE('',#3589,#3590);
#3589 = CARTESIAN_POINT('',(96.5,-94.0512934578,10.));
#3590 = VECTOR('',#3591,1.);
#3591 = DIRECTION('',(0.,-1.,0.));
#3592 = ORIENTED_EDGE('',*,*,#3593,.F.);
#3593 = EDGE_CURVE('',#3594,#3586,#3596,.T.);
#3594 = VERTEX_POINT('',#3595);
#3595 = CARTESIAN_POINT('',(85.,-65.,10.));
#3596 = LINE('',#3597,#3598);
#3597 = CARTESIAN_POINT('',(42.5,-65.,10.));
#3598 = VECTOR('',#3599,1.);
#3599 = DIRECTION('',(1.,0.,0.));
#3600 = ORIENTED_EDGE('',*,*,#3601,.T.);
#3601 = EDGE_CURVE('',#3594,#2556,#3602,.T.);
#3602 = LINE('',#3603,#3604);
#3603 = CARTESIAN_POINT('',(85.,-89.5,10.));
#3604 = VECTOR('',#3605,1.);
#3605 = DIRECTION('',(0.,-1.,0.));
#3606 = PLANE('',#3607);
#3607 = AXIS2_PLACEMENT_3D('',#3608,#3609,#3610);
#3608 = CARTESIAN_POINT('',(3.030691199925E-02,-72.10258691561,10.));
#3609 = DIRECTION('',(0.,0.,1.));
#3610 = DIRECTION('',(1.,0.,0.));
#3611 = ADVANCED_FACE('',(#3612,#3715,#3757),#3799,.T.);
#3612 = FACE_BOUND('',#3613,.T.);
#3613 = EDGE_LOOP('',(#3614,#3624,#3632,#3640,#3648,#3654,#3655,#3663,
    #3671,#3677,#3678,#3686,#3694,#3700,#3701,#3709));
#3614 = ORIENTED_EDGE('',*,*,#3615,.F.);
#3615 = EDGE_CURVE('',#3616,#3618,#3620,.T.);
#3616 = VERTEX_POINT('',#3617);
#3617 = CARTESIAN_POINT('',(140.,-147.5,0.));
#3618 = VERTEX_POINT('',#3619);
#3619 = CARTESIAN_POINT('',(140.,-147.5,14.));
#3620 = LINE('',#3621,#3622);
#3621 = CARTESIAN_POINT('',(140.,-147.5,0.));
#3622 = VECTOR('',#3623,1.);
#3623 = DIRECTION('',(0.,0.,1.));
#3624 = ORIENTED_EDGE('',*,*,#3625,.T.);
#3625 = EDGE_CURVE('',#3616,#3626,#3628,.T.);
#3626 = VERTEX_POINT('',#3627);
#3627 = CARTESIAN_POINT('',(140.,147.5,0.));
#3628 = LINE('',#3629,#3630);
#3629 = CARTESIAN_POINT('',(140.,-147.5,0.));
#3630 = VECTOR('',#3631,1.);
#3631 = DIRECTION('',(0.,1.,0.));
#3632 = ORIENTED_EDGE('',*,*,#3633,.T.);
#3633 = EDGE_CURVE('',#3626,#3634,#3636,.T.);
#3634 = VERTEX_POINT('',#3635);
#3635 = CARTESIAN_POINT('',(140.,147.5,14.));
#3636 = LINE('',#3637,#3638);
#3637 = CARTESIAN_POINT('',(140.,147.5,4.));
#3638 = VECTOR('',#3639,1.);
#3639 = DIRECTION('',(0.,0.,1.));
#3640 = ORIENTED_EDGE('',*,*,#3641,.F.);
#3641 = EDGE_CURVE('',#3642,#3634,#3644,.T.);
#3642 = VERTEX_POINT('',#3643);
#3643 = CARTESIAN_POINT('',(140.,139.5,14.));
#3644 = LINE('',#3645,#3646);
#3645 = CARTESIAN_POINT('',(140.,139.5,14.));
#3646 = VECTOR('',#3647,1.);
#3647 = DIRECTION('',(0.,1.,0.));
#3648 = ORIENTED_EDGE('',*,*,#3649,.F.);
#3649 = EDGE_CURVE('',#2647,#3642,#3650,.T.);
#3650 = LINE('',#3651,#3652);
#3651 = CARTESIAN_POINT('',(140.,139.5,4.));
#3652 = VECTOR('',#3653,1.);
#3653 = DIRECTION('',(0.,0.,1.));
#3654 = ORIENTED_EDGE('',*,*,#2686,.F.);
#3655 = ORIENTED_EDGE('',*,*,#3656,.T.);
#3656 = EDGE_CURVE('',#2679,#3657,#3659,.T.);
#3657 = VERTEX_POINT('',#3658);
#3658 = CARTESIAN_POINT('',(140.,115.,24.));
#3659 = LINE('',#3660,#3661);
#3660 = CARTESIAN_POINT('',(140.,115.,4.));
#3661 = VECTOR('',#3662,1.);
#3662 = DIRECTION('',(0.,0.,1.));
#3663 = ORIENTED_EDGE('',*,*,#3664,.F.);
#3664 = EDGE_CURVE('',#3665,#3657,#3667,.T.);
#3665 = VERTEX_POINT('',#3666);
#3666 = CARTESIAN_POINT('',(140.,65.,24.));
#3667 = LINE('',#3668,#3669);
#3668 = CARTESIAN_POINT('',(140.,65.,24.));
#3669 = VECTOR('',#3670,1.);
#3670 = DIRECTION('',(0.,1.,0.));
#3671 = ORIENTED_EDGE('',*,*,#3672,.F.);
#3672 = EDGE_CURVE('',#2385,#3665,#3673,.T.);
#3673 = LINE('',#3674,#3675);
#3674 = CARTESIAN_POINT('',(140.,65.,4.));
#3675 = VECTOR('',#3676,1.);
#3676 = DIRECTION('',(0.,0.,1.));
#3677 = ORIENTED_EDGE('',*,*,#2382,.F.);
#3678 = ORIENTED_EDGE('',*,*,#3679,.T.);
#3679 = EDGE_CURVE('',#2383,#3680,#3682,.T.);
#3680 = VERTEX_POINT('',#3681);
#3681 = CARTESIAN_POINT('',(140.,-65.,24.));
#3682 = LINE('',#3683,#3684);
#3683 = CARTESIAN_POINT('',(140.,-65.,4.));
#3684 = VECTOR('',#3685,1.);
#3685 = DIRECTION('',(0.,0.,1.));
#3686 = ORIENTED_EDGE('',*,*,#3687,.F.);
#3687 = EDGE_CURVE('',#3688,#3680,#3690,.T.);
#3688 = VERTEX_POINT('',#3689);
#3689 = CARTESIAN_POINT('',(140.,-115.,24.));
#3690 = LINE('',#3691,#3692);
#3691 = CARTESIAN_POINT('',(140.,-115.,24.));
#3692 = VECTOR('',#3693,1.);
#3693 = DIRECTION('',(0.,1.,0.));
#3694 = ORIENTED_EDGE('',*,*,#3695,.F.);
#3695 = EDGE_CURVE('',#3463,#3688,#3696,.T.);
#3696 = LINE('',#3697,#3698);
#3697 = CARTESIAN_POINT('',(140.,-115.,4.));
#3698 = VECTOR('',#3699,1.);
#3699 = DIRECTION('',(0.,0.,1.));
#3700 = ORIENTED_EDGE('',*,*,#3460,.F.);
#3701 = ORIENTED_EDGE('',*,*,#3702,.T.);
#3702 = EDGE_CURVE('',#3461,#3703,#3705,.T.);
#3703 = VERTEX_POINT('',#3704);
#3704 = CARTESIAN_POINT('',(140.,-139.5,14.));
#3705 = LINE('',#3706,#3707);
#3706 = CARTESIAN_POINT('',(140.,-139.5,4.));
#3707 = VECTOR('',#3708,1.);
#3708 = DIRECTION('',(0.,0.,1.));
#3709 = ORIENTED_EDGE('',*,*,#3710,.F.);
#3710 = EDGE_CURVE('',#3618,#3703,#3711,.T.);
#3711 = LINE('',#3712,#3713);
#3712 = CARTESIAN_POINT('',(140.,-147.5,14.));
#3713 = VECTOR('',#3714,1.);
#3714 = DIRECTION('',(0.,1.,0.));
#3715 = FACE_BOUND('',#3716,.T.);
#3716 = EDGE_LOOP('',(#3717,#3727,#3735,#3743,#3751));
#3717 = ORIENTED_EDGE('',*,*,#3718,.T.);
#3718 = EDGE_CURVE('',#3719,#3721,#3723,.T.);
#3719 = VERTEX_POINT('',#3720);
#3720 = CARTESIAN_POINT('',(140.,102.4,8.4));
#3721 = VERTEX_POINT('',#3722);
#3722 = CARTESIAN_POINT('',(140.,102.4,3.6));
#3723 = LINE('',#3724,#3725);
#3724 = CARTESIAN_POINT('',(140.,102.4,5.167688022284));
#3725 = VECTOR('',#3726,1.);
#3726 = DIRECTION('',(0.,0.,-1.));
#3727 = ORIENTED_EDGE('',*,*,#3728,.T.);
#3728 = EDGE_CURVE('',#3721,#3729,#3731,.T.);
#3729 = VERTEX_POINT('',#3730);
#3730 = CARTESIAN_POINT('',(140.,77.6,3.6));
#3731 = LINE('',#3732,#3733);
#3732 = CARTESIAN_POINT('',(140.,38.8,3.6));
#3733 = VECTOR('',#3734,1.);
#3734 = DIRECTION('',(0.,-1.,0.));
#3735 = ORIENTED_EDGE('',*,*,#3736,.T.);
#3736 = EDGE_CURVE('',#3729,#3737,#3739,.T.);
#3737 = VERTEX_POINT('',#3738);
#3738 = CARTESIAN_POINT('',(140.,77.6,8.4));
#3739 = LINE('',#3740,#3741);
#3740 = CARTESIAN_POINT('',(140.,77.6,7.567688022284));
#3741 = VECTOR('',#3742,1.);
#3742 = DIRECTION('',(0.,0.,1.));
#3743 = ORIENTED_EDGE('',*,*,#3744,.T.);
#3744 = EDGE_CURVE('',#3737,#3745,#3747,.T.);
#3745 = VERTEX_POINT('',#3746);
#3746 = CARTESIAN_POINT('',(140.,90.,20.4));
#3747 = LINE('',#3748,#3749);
#3748 = CARTESIAN_POINT('',(140.,63.348172950416,-5.392090693146));
#3749 = VECTOR('',#3750,1.);
#3750 = DIRECTION('',(0.,0.718602141767,0.695421427516));
#3751 = ORIENTED_EDGE('',*,*,#3752,.T.);
#3752 = EDGE_CURVE('',#3745,#3719,#3753,.T.);
#3753 = LINE('',#3754,#3755);
#3754 = CARTESIAN_POINT('',(140.,76.376813615946,33.583728758762));
#3755 = VECTOR('',#3756,1.);
#3756 = DIRECTION('',(0.,0.718602141767,-0.695421427516));
#3757 = FACE_BOUND('',#3758,.T.);
#3758 = EDGE_LOOP('',(#3759,#3769,#3777,#3785,#3793));
#3759 = ORIENTED_EDGE('',*,*,#3760,.T.);
#3760 = EDGE_CURVE('',#3761,#3763,#3765,.T.);
#3761 = VERTEX_POINT('',#3762);
#3762 = CARTESIAN_POINT('',(140.,-77.6,8.4));
#3763 = VERTEX_POINT('',#3764);
#3764 = CARTESIAN_POINT('',(140.,-77.6,3.6));
#3765 = LINE('',#3766,#3767);
#3766 = CARTESIAN_POINT('',(140.,-77.6,5.167688022284));
#3767 = VECTOR('',#3768,1.);
#3768 = DIRECTION('',(0.,0.,-1.));
#3769 = ORIENTED_EDGE('',*,*,#3770,.T.);
#3770 = EDGE_CURVE('',#3763,#3771,#3773,.T.);
#3771 = VERTEX_POINT('',#3772);
#3772 = CARTESIAN_POINT('',(140.,-102.4,3.6));
#3773 = LINE('',#3774,#3775);
#3774 = CARTESIAN_POINT('',(140.,-51.2,3.6));
#3775 = VECTOR('',#3776,1.);
#3776 = DIRECTION('',(0.,-1.,0.));
#3777 = ORIENTED_EDGE('',*,*,#3778,.T.);
#3778 = EDGE_CURVE('',#3771,#3779,#3781,.T.);
#3779 = VERTEX_POINT('',#3780);
#3780 = CARTESIAN_POINT('',(140.,-102.4,8.4));
#3781 = LINE('',#3782,#3783);
#3782 = CARTESIAN_POINT('',(140.,-102.4,7.567688022284));
#3783 = VECTOR('',#3784,1.);
#3784 = DIRECTION('',(0.,0.,1.));
#3785 = ORIENTED_EDGE('',*,*,#3786,.T.);
#3786 = EDGE_CURVE('',#3779,#3787,#3789,.T.);
#3787 = VERTEX_POINT('',#3788);
#3788 = CARTESIAN_POINT('',(140.,-90.,20.4));
#3789 = LINE('',#3790,#3791);
#3790 = CARTESIAN_POINT('',(140.,-70.17681361594,39.583728758762));
#3791 = VECTOR('',#3792,1.);
#3792 = DIRECTION('',(0.,0.718602141767,0.695421427516));
#3793 = ORIENTED_EDGE('',*,*,#3794,.T.);
#3794 = EDGE_CURVE('',#3787,#3761,#3795,.T.);
#3795 = LINE('',#3796,#3797);
#3796 = CARTESIAN_POINT('',(140.,-57.14817295041,-11.39209069314));
#3797 = VECTOR('',#3798,1.);
#3798 = DIRECTION('',(0.,0.718602141767,-0.695421427516));
#3799 = PLANE('',#3800);
#3800 = AXIS2_PLACEMENT_3D('',#3801,#3802,#3803);
#3801 = CARTESIAN_POINT('',(140.,0.,6.735376044568));
#3802 = DIRECTION('',(1.,0.,0.));
#3803 = DIRECTION('',(0.,0.,1.));
#3804 = ADVANCED_FACE('',(#3805),#3872,.F.);
#3805 = FACE_BOUND('',#3806,.F.);
#3806 = EDGE_LOOP('',(#3807,#3808,#3816,#3822,#3823,#3824,#3825,#3833,
    #3841,#3849,#3857,#3865,#3871));
#3807 = ORIENTED_EDGE('',*,*,#2662,.F.);
#3808 = ORIENTED_EDGE('',*,*,#3809,.T.);
#3809 = EDGE_CURVE('',#2663,#3810,#3812,.T.);
#3810 = VERTEX_POINT('',#3811);
#3811 = CARTESIAN_POINT('',(85.,65.,24.));
#3812 = LINE('',#3813,#3814);
#3813 = CARTESIAN_POINT('',(85.,65.,4.));
#3814 = VECTOR('',#3815,1.);
#3815 = DIRECTION('',(0.,0.,1.));
#3816 = ORIENTED_EDGE('',*,*,#3817,.T.);
#3817 = EDGE_CURVE('',#3810,#3665,#3818,.T.);
#3818 = LINE('',#3819,#3820);
#3819 = CARTESIAN_POINT('',(85.,65.,24.));
#3820 = VECTOR('',#3821,1.);
#3821 = DIRECTION('',(1.,0.,0.));
#3822 = ORIENTED_EDGE('',*,*,#3672,.F.);
#3823 = ORIENTED_EDGE('',*,*,#2392,.F.);
#3824 = ORIENTED_EDGE('',*,*,#2539,.F.);
#3825 = ORIENTED_EDGE('',*,*,#3826,.T.);
#3826 = EDGE_CURVE('',#2532,#3827,#3829,.T.);
#3827 = VERTEX_POINT('',#3828);
#3828 = CARTESIAN_POINT('',(104.2,65.,8.));
#3829 = LINE('',#3830,#3831);
#3830 = CARTESIAN_POINT('',(90.4,65.,8.));
#3831 = VECTOR('',#3832,1.);
#3832 = DIRECTION('',(1.,0.,0.));
#3833 = ORIENTED_EDGE('',*,*,#3834,.F.);
#3834 = EDGE_CURVE('',#3835,#3827,#3837,.T.);
#3835 = VERTEX_POINT('',#3836);
#3836 = CARTESIAN_POINT('',(104.2,65.,12.3));
#3837 = LINE('',#3838,#3839);
#3838 = CARTESIAN_POINT('',(104.2,65.,6.));
#3839 = VECTOR('',#3840,1.);
#3840 = DIRECTION('',(-0.,0.,-1.));
#3841 = ORIENTED_EDGE('',*,*,#3842,.F.);
#3842 = EDGE_CURVE('',#3843,#3835,#3845,.T.);
#3843 = VERTEX_POINT('',#3844);
#3844 = CARTESIAN_POINT('',(103.4125,65.,12.3));
#3845 = LINE('',#3846,#3847);
#3846 = CARTESIAN_POINT('',(90.4,65.,12.3));
#3847 = VECTOR('',#3848,1.);
#3848 = DIRECTION('',(1.,0.,0.));
#3849 = ORIENTED_EDGE('',*,*,#3850,.F.);
#3850 = EDGE_CURVE('',#3851,#3843,#3853,.T.);
#3851 = VERTEX_POINT('',#3852);
#3852 = CARTESIAN_POINT('',(100.,65.,16.2));
#3853 = LINE('',#3854,#3855);
#3854 = CARTESIAN_POINT('',(101.52079646017,65.,14.461946902655));
#3855 = VECTOR('',#3856,1.);
#3856 = DIRECTION('',(0.658504607869,0.,-0.752576694707));
#3857 = ORIENTED_EDGE('',*,*,#3858,.F.);
#3858 = EDGE_CURVE('',#3859,#3851,#3861,.T.);
#3859 = VERTEX_POINT('',#3860);
#3860 = CARTESIAN_POINT('',(98.075,65.,14.));
#3861 = LINE('',#3862,#3863);
#3862 = CARTESIAN_POINT('',(93.724778761062,65.,9.028318584071));
#3863 = VECTOR('',#3864,1.);
#3864 = DIRECTION('',(0.658504607869,-0.,0.752576694707));
#3865 = ORIENTED_EDGE('',*,*,#3866,.T.);
#3866 = EDGE_CURVE('',#3859,#2615,#3867,.T.);
#3867 = LINE('',#3868,#3869);
#3868 = CARTESIAN_POINT('',(43.915288147531,65.,14.));
#3869 = VECTOR('',#3870,1.);
#3870 = DIRECTION('',(-1.,0.,0.));
#3871 = ORIENTED_EDGE('',*,*,#2622,.T.);
#3872 = PLANE('',#3873);
#3873 = AXIS2_PLACEMENT_3D('',#3874,#3875,#3876);
#3874 = CARTESIAN_POINT('',(85.,65.,4.));
#3875 = DIRECTION('',(0.,1.,0.));
#3876 = DIRECTION('',(0.,0.,1.));
#3877 = ADVANCED_FACE('',(#3878),#3889,.F.);
#3878 = FACE_BOUND('',#3879,.F.);
#3879 = EDGE_LOOP('',(#3880,#3886,#3887,#3888));
#3880 = ORIENTED_EDGE('',*,*,#3881,.T.);
#3881 = EDGE_CURVE('',#2417,#3594,#3882,.T.);
#3882 = LINE('',#3883,#3884);
#3883 = CARTESIAN_POINT('',(85.,-65.,4.));
#3884 = VECTOR('',#3885,1.);
#3885 = DIRECTION('',(0.,0.,1.));
#3886 = ORIENTED_EDGE('',*,*,#3601,.T.);
#3887 = ORIENTED_EDGE('',*,*,#2563,.T.);
#3888 = ORIENTED_EDGE('',*,*,#2416,.T.);
#3889 = PLANE('',#3890);
#3890 = AXIS2_PLACEMENT_3D('',#3891,#3892,#3893);
#3891 = CARTESIAN_POINT('',(85.,-115.,4.));
#3892 = DIRECTION('',(1.,0.,0.));
#3893 = DIRECTION('',(0.,0.,1.));
#3894 = ADVANCED_FACE('',(#3895),#3947,.T.);
#3895 = FACE_BOUND('',#3896,.T.);
#3896 = EDGE_LOOP('',(#3897,#3898,#3899,#3900,#3908,#3916,#3924,#3932,
    #3940,#3946));
#3897 = ORIENTED_EDGE('',*,*,#2424,.F.);
#3898 = ORIENTED_EDGE('',*,*,#3881,.T.);
#3899 = ORIENTED_EDGE('',*,*,#3593,.T.);
#3900 = ORIENTED_EDGE('',*,*,#3901,.F.);
#3901 = EDGE_CURVE('',#3902,#3586,#3904,.T.);
#3902 = VERTEX_POINT('',#3903);
#3903 = CARTESIAN_POINT('',(96.5,-65.,8.));
#3904 = LINE('',#3905,#3906);
#3905 = CARTESIAN_POINT('',(96.5,-65.,8.1));
#3906 = VECTOR('',#3907,1.);
#3907 = DIRECTION('',(0.,-0.,1.));
#3908 = ORIENTED_EDGE('',*,*,#3909,.F.);
#3909 = EDGE_CURVE('',#3910,#3902,#3912,.T.);
#3910 = VERTEX_POINT('',#3911);
#3911 = CARTESIAN_POINT('',(103.5,-65.,8.));
#3912 = LINE('',#3913,#3914);
#3913 = CARTESIAN_POINT('',(90.75,-65.,8.));
#3914 = VECTOR('',#3915,1.);
#3915 = DIRECTION('',(-1.,0.,0.));
#3916 = ORIENTED_EDGE('',*,*,#3917,.F.);
#3917 = EDGE_CURVE('',#3918,#3910,#3920,.T.);
#3918 = VERTEX_POINT('',#3919);
#3919 = CARTESIAN_POINT('',(103.5,-65.,12.2));
#3920 = LINE('',#3921,#3922);
#3921 = CARTESIAN_POINT('',(103.5,-65.,6.));
#3922 = VECTOR('',#3923,1.);
#3923 = DIRECTION('',(0.,0.,-1.));
#3924 = ORIENTED_EDGE('',*,*,#3925,.F.);
#3925 = EDGE_CURVE('',#3926,#3918,#3928,.T.);
#3926 = VERTEX_POINT('',#3927);
#3927 = CARTESIAN_POINT('',(101.99509792142,-65.,13.919888089806));
#3928 = LINE('',#3929,#3930);
#3929 = CARTESIAN_POINT('',(101.52079646017,-65.,14.461946902655));
#3930 = VECTOR('',#3931,1.);
#3931 = DIRECTION('',(0.658504607869,0.,-0.752576694707));
#3932 = ORIENTED_EDGE('',*,*,#3933,.T.);
#3933 = EDGE_CURVE('',#3926,#3934,#3936,.T.);
#3934 = VERTEX_POINT('',#3935);
#3935 = CARTESIAN_POINT('',(101.99509792142,-65.,24.));
#3936 = LINE('',#3937,#3938);
#3937 = CARTESIAN_POINT('',(101.99509792142,-65.,10.));
#3938 = VECTOR('',#3939,1.);
#3939 = DIRECTION('',(0.,0.,1.));
#3940 = ORIENTED_EDGE('',*,*,#3941,.T.);
#3941 = EDGE_CURVE('',#3934,#3680,#3942,.T.);
#3942 = LINE('',#3943,#3944);
#3943 = CARTESIAN_POINT('',(85.,-65.,24.));
#3944 = VECTOR('',#3945,1.);
#3945 = DIRECTION('',(1.,0.,0.));
#3946 = ORIENTED_EDGE('',*,*,#3679,.F.);
#3947 = PLANE('',#3948);
#3948 = AXIS2_PLACEMENT_3D('',#3949,#3950,#3951);
#3949 = CARTESIAN_POINT('',(85.,-65.,4.));
#3950 = DIRECTION('',(0.,1.,0.));
#3951 = DIRECTION('',(0.,0.,1.));
#3952 = ADVANCED_FACE('',(#3953),#3978,.F.);
#3953 = FACE_BOUND('',#3954,.F.);
#3954 = EDGE_LOOP('',(#3955,#3963,#3964,#3972));
#3955 = ORIENTED_EDGE('',*,*,#3956,.F.);
#3956 = EDGE_CURVE('',#2433,#3957,#3959,.T.);
#3957 = VERTEX_POINT('',#3958);
#3958 = CARTESIAN_POINT('',(110.77721181453,-22.18601498783,10.));
#3959 = LINE('',#3960,#3961);
#3960 = CARTESIAN_POINT('',(110.77721181453,-22.18601498783,3.8));
#3961 = VECTOR('',#3962,1.);
#3962 = DIRECTION('',(0.,0.,1.));
#3963 = ORIENTED_EDGE('',*,*,#2432,.T.);
#3964 = ORIENTED_EDGE('',*,*,#3965,.T.);
#3965 = EDGE_CURVE('',#2435,#3966,#3968,.T.);
#3966 = VERTEX_POINT('',#3967);
#3967 = CARTESIAN_POINT('',(94.838096645066,-23.58050687179,10.));
#3968 = LINE('',#3969,#3970);
#3969 = CARTESIAN_POINT('',(94.838096645066,-23.58050687179,3.8));
#3970 = VECTOR('',#3971,1.);
#3971 = DIRECTION('',(0.,0.,1.));
#3972 = ORIENTED_EDGE('',*,*,#3973,.T.);
#3973 = EDGE_CURVE('',#3966,#3957,#3974,.T.);
#3974 = LINE('',#3975,#3976);
#3975 = CARTESIAN_POINT('',(94.838096645066,-23.58050687179,10.));
#3976 = VECTOR('',#3977,1.);
#3977 = DIRECTION('',(0.996194698092,8.715574274762E-02,0.));
#3978 = PLANE('',#3979);
#3979 = AXIS2_PLACEMENT_3D('',#3980,#3981,#3982);
#3980 = CARTESIAN_POINT('',(94.838096645066,-23.58050687179,3.8));
#3981 = DIRECTION('',(-8.715574274762E-02,0.996194698092,0.));
#3982 = DIRECTION('',(0.,0.,1.));
#3983 = ADVANCED_FACE('',(#3984),#4002,.F.);
#3984 = FACE_BOUND('',#3985,.F.);
#3985 = EDGE_LOOP('',(#3986,#3987,#3988,#3996));
#3986 = ORIENTED_EDGE('',*,*,#3965,.F.);
#3987 = ORIENTED_EDGE('',*,*,#2442,.T.);
#3988 = ORIENTED_EDGE('',*,*,#3989,.T.);
#3989 = EDGE_CURVE('',#2443,#3990,#3992,.T.);
#3990 = VERTEX_POINT('',#3991);
#3991 = CARTESIAN_POINT('',(93.269293275608,-5.649002306142,10.));
#3992 = LINE('',#3993,#3994);
#3993 = CARTESIAN_POINT('',(93.269293275608,-5.649002306142,3.8));
#3994 = VECTOR('',#3995,1.);
#3995 = DIRECTION('',(0.,0.,1.));
#3996 = ORIENTED_EDGE('',*,*,#3997,.F.);
#3997 = EDGE_CURVE('',#3966,#3990,#3998,.T.);
#3998 = LINE('',#3999,#4000);
#3999 = CARTESIAN_POINT('',(94.838096645066,-23.58050687179,10.));
#4000 = VECTOR('',#4001,1.);
#4001 = DIRECTION('',(-8.715574274762E-02,0.996194698092,0.));
#4002 = PLANE('',#4003);
#4003 = AXIS2_PLACEMENT_3D('',#4004,#4005,#4006);
#4004 = CARTESIAN_POINT('',(94.838096645066,-23.58050687179,3.8));
#4005 = DIRECTION('',(0.996194698092,8.715574274762E-02,0.));
#4006 = DIRECTION('',(0.,0.,1.));
#4007 = ADVANCED_FACE('',(#4008),#4026,.T.);
#4008 = FACE_BOUND('',#4009,.T.);
#4009 = EDGE_LOOP('',(#4010,#4018,#4019,#4020));
#4010 = ORIENTED_EDGE('',*,*,#4011,.F.);
#4011 = EDGE_CURVE('',#2451,#4012,#4014,.T.);
#4012 = VERTEX_POINT('',#4013);
#4013 = CARTESIAN_POINT('',(109.20840844507,-4.25451042218,10.));
#4014 = LINE('',#4015,#4016);
#4015 = CARTESIAN_POINT('',(109.20840844507,-4.25451042218,3.8));
#4016 = VECTOR('',#4017,1.);
#4017 = DIRECTION('',(0.,0.,1.));
#4018 = ORIENTED_EDGE('',*,*,#2450,.T.);
#4019 = ORIENTED_EDGE('',*,*,#3989,.T.);
#4020 = ORIENTED_EDGE('',*,*,#4021,.T.);
#4021 = EDGE_CURVE('',#3990,#4012,#4022,.T.);
#4022 = LINE('',#4023,#4024);
#4023 = CARTESIAN_POINT('',(93.269293275608,-5.649002306142,10.));
#4024 = VECTOR('',#4025,1.);
#4025 = DIRECTION('',(0.996194698092,8.715574274762E-02,0.));
#4026 = PLANE('',#4027);
#4027 = AXIS2_PLACEMENT_3D('',#4028,#4029,#4030);
#4028 = CARTESIAN_POINT('',(93.269293275608,-5.649002306142,3.8));
#4029 = DIRECTION('',(-8.715574274762E-02,0.996194698092,0.));
#4030 = DIRECTION('',(0.,0.,1.));
#4031 = ADVANCED_FACE('',(#4032),#4043,.T.);
#4032 = FACE_BOUND('',#4033,.T.);
#4033 = EDGE_LOOP('',(#4034,#4035,#4036,#4037));
#4034 = ORIENTED_EDGE('',*,*,#3956,.F.);
#4035 = ORIENTED_EDGE('',*,*,#2458,.T.);
#4036 = ORIENTED_EDGE('',*,*,#4011,.T.);
#4037 = ORIENTED_EDGE('',*,*,#4038,.F.);
#4038 = EDGE_CURVE('',#3957,#4012,#4039,.T.);
#4039 = LINE('',#4040,#4041);
#4040 = CARTESIAN_POINT('',(110.77721181453,-22.18601498783,10.));
#4041 = VECTOR('',#4042,1.);
#4042 = DIRECTION('',(-8.715574274762E-02,0.996194698092,0.));
#4043 = PLANE('',#4044);
#4044 = AXIS2_PLACEMENT_3D('',#4045,#4046,#4047);
#4045 = CARTESIAN_POINT('',(110.77721181453,-22.18601498783,3.8));
#4046 = DIRECTION('',(0.996194698092,8.715574274762E-02,0.));
#4047 = DIRECTION('',(0.,0.,1.));
#4048 = ADVANCED_FACE('',(#4049),#4074,.T.);
#4049 = FACE_BOUND('',#4050,.T.);
#4050 = EDGE_LOOP('',(#4051,#4059,#4060,#4068));
#4051 = ORIENTED_EDGE('',*,*,#4052,.F.);
#4052 = EDGE_CURVE('',#2516,#4053,#4055,.T.);
#4053 = VERTEX_POINT('',#4054);
#4054 = CARTESIAN_POINT('',(95.8,65.5,12.3));
#4055 = LINE('',#4056,#4057);
#4056 = CARTESIAN_POINT('',(95.8,58.,12.3));
#4057 = VECTOR('',#4058,1.);
#4058 = DIRECTION('',(-0.,1.,0.));
#4059 = ORIENTED_EDGE('',*,*,#2523,.T.);
#4060 = ORIENTED_EDGE('',*,*,#4061,.T.);
#4061 = EDGE_CURVE('',#2524,#4062,#4064,.T.);
#4062 = VERTEX_POINT('',#4063);
#4063 = CARTESIAN_POINT('',(95.8,65.5,8.));
#4064 = LINE('',#4065,#4066);
#4065 = CARTESIAN_POINT('',(95.8,58.,8.));
#4066 = VECTOR('',#4067,1.);
#4067 = DIRECTION('',(-0.,1.,0.));
#4068 = ORIENTED_EDGE('',*,*,#4069,.T.);
#4069 = EDGE_CURVE('',#4062,#4053,#4070,.T.);
#4070 = LINE('',#4071,#4072);
#4071 = CARTESIAN_POINT('',(95.8,65.5,8.));
#4072 = VECTOR('',#4073,1.);
#4073 = DIRECTION('',(0.,0.,1.));
#4074 = PLANE('',#4075);
#4075 = AXIS2_PLACEMENT_3D('',#4076,#4077,#4078);
#4076 = CARTESIAN_POINT('',(95.8,58.,8.));
#4077 = DIRECTION('',(1.,0.,-0.));
#4078 = DIRECTION('',(0.,0.,1.));
#4079 = ADVANCED_FACE('',(#4080),#4106,.F.);
#4080 = FACE_BOUND('',#4081,.F.);
#4081 = EDGE_LOOP('',(#4082,#4083,#4084,#4092,#4100));
#4082 = ORIENTED_EDGE('',*,*,#4052,.F.);
#4083 = ORIENTED_EDGE('',*,*,#2515,.T.);
#4084 = ORIENTED_EDGE('',*,*,#4085,.T.);
#4085 = EDGE_CURVE('',#2508,#4086,#4088,.T.);
#4086 = VERTEX_POINT('',#4087);
#4087 = CARTESIAN_POINT('',(96.5875,64.,12.3));
#4088 = LINE('',#4089,#4090);
#4089 = CARTESIAN_POINT('',(97.9,64.,12.3));
#4090 = VECTOR('',#4091,1.);
#4091 = DIRECTION('',(-1.,0.,0.));
#4092 = ORIENTED_EDGE('',*,*,#4093,.T.);
#4093 = EDGE_CURVE('',#4086,#4094,#4096,.T.);
#4094 = VERTEX_POINT('',#4095);
#4095 = CARTESIAN_POINT('',(96.5875,65.5,12.3));
#4096 = LINE('',#4097,#4098);
#4097 = CARTESIAN_POINT('',(96.5875,61.,12.3));
#4098 = VECTOR('',#4099,1.);
#4099 = DIRECTION('',(0.,1.,-0.));
#4100 = ORIENTED_EDGE('',*,*,#4101,.F.);
#4101 = EDGE_CURVE('',#4053,#4094,#4102,.T.);
#4102 = LINE('',#4103,#4104);
#4103 = CARTESIAN_POINT('',(95.8,65.5,12.3));
#4104 = VECTOR('',#4105,1.);
#4105 = DIRECTION('',(1.,0.,-0.));
#4106 = PLANE('',#4107);
#4107 = AXIS2_PLACEMENT_3D('',#4108,#4109,#4110);
#4108 = CARTESIAN_POINT('',(95.8,58.,12.3));
#4109 = DIRECTION('',(0.,0.,1.));
#4110 = DIRECTION('',(1.,0.,-0.));
#4111 = ADVANCED_FACE('',(#4112),#4122,.F.);
#4112 = FACE_BOUND('',#4113,.F.);
#4113 = EDGE_LOOP('',(#4114,#4120,#4121));
#4114 = ORIENTED_EDGE('',*,*,#4115,.T.);
#4115 = EDGE_CURVE('',#2500,#4086,#4116,.T.);
#4116 = LINE('',#4117,#4118);
#4117 = CARTESIAN_POINT('',(100.,64.,16.2));
#4118 = VECTOR('',#4119,1.);
#4119 = DIRECTION('',(-0.658504607869,0.,-0.752576694707));
#4120 = ORIENTED_EDGE('',*,*,#4085,.F.);
#4121 = ORIENTED_EDGE('',*,*,#2507,.T.);
#4122 = PLANE('',#4123);
#4123 = AXIS2_PLACEMENT_3D('',#4124,#4125,#4126);
#4124 = CARTESIAN_POINT('',(100.,64.,11.209621053989));
#4125 = DIRECTION('',(-0.,-1.,-0.));
#4126 = DIRECTION('',(0.,0.,-1.));
#4127 = ADVANCED_FACE('',(#4128),#4170,.F.);
#4128 = FACE_BOUND('',#4129,.F.);
#4129 = EDGE_LOOP('',(#4130,#4136,#4137,#4145,#4153,#4161,#4167,#4168,
    #4169));
#4130 = ORIENTED_EDGE('',*,*,#4131,.F.);
#4131 = EDGE_CURVE('',#3859,#2492,#4132,.T.);
#4132 = LINE('',#4133,#4134);
#4133 = CARTESIAN_POINT('',(98.075,-1.02930047093,14.));
#4134 = VECTOR('',#4135,1.);
#4135 = DIRECTION('',(0.,-1.,0.));
#4136 = ORIENTED_EDGE('',*,*,#3858,.T.);
#4137 = ORIENTED_EDGE('',*,*,#4138,.T.);
#4138 = EDGE_CURVE('',#3851,#4139,#4141,.T.);
#4139 = VERTEX_POINT('',#4140);
#4140 = CARTESIAN_POINT('',(100.,85.659999999997,16.2));
#4141 = LINE('',#4142,#4143);
#4142 = CARTESIAN_POINT('',(100.,64.,16.2));
#4143 = VECTOR('',#4144,1.);
#4144 = DIRECTION('',(0.,1.,0.));
#4145 = ORIENTED_EDGE('',*,*,#4146,.F.);
#4146 = EDGE_CURVE('',#4147,#4139,#4149,.T.);
#4147 = VERTEX_POINT('',#4148);
#4148 = CARTESIAN_POINT('',(96.5,81.526666666661,12.2));
#4149 = LINE('',#4150,#4151);
#4150 = CARTESIAN_POINT('',(96.479909806133,81.50294110438,
    12.177039778438));
#4151 = VECTOR('',#4152,1.);
#4152 = DIRECTION('',(0.519821089745,0.613883953604,0.594081245423));
#4153 = ORIENTED_EDGE('',*,*,#4154,.F.);
#4154 = EDGE_CURVE('',#4155,#4147,#4157,.T.);
#4155 = VERTEX_POINT('',#4156);
#4156 = CARTESIAN_POINT('',(96.5,65.5,12.2));
#4157 = LINE('',#4158,#4159);
#4158 = CARTESIAN_POINT('',(96.5,64.,12.2));
#4159 = VECTOR('',#4160,1.);
#4160 = DIRECTION('',(0.,1.,0.));
#4161 = ORIENTED_EDGE('',*,*,#4162,.F.);
#4162 = EDGE_CURVE('',#4094,#4155,#4163,.T.);
#4163 = LINE('',#4164,#4165);
#4164 = CARTESIAN_POINT('',(97.057522123894,65.5,12.837168141593));
#4165 = VECTOR('',#4166,1.);
#4166 = DIRECTION('',(-0.658504607869,0.,-0.752576694707));
#4167 = ORIENTED_EDGE('',*,*,#4093,.F.);
#4168 = ORIENTED_EDGE('',*,*,#4115,.F.);
#4169 = ORIENTED_EDGE('',*,*,#2499,.T.);
#4170 = PLANE('',#4171);
#4171 = AXIS2_PLACEMENT_3D('',#4172,#4173,#4174);
#4172 = CARTESIAN_POINT('',(100.,64.,16.2));
#4173 = DIRECTION('',(-0.752576694707,0.,0.658504607869));
#4174 = DIRECTION('',(-0.658504607869,0.,-0.752576694707));
#4175 = ADVANCED_FACE('',(#4176),#4189,.T.);
#4176 = FACE_BOUND('',#4177,.T.);
#4177 = EDGE_LOOP('',(#4178,#4179,#4186,#4187,#4188));
#4178 = ORIENTED_EDGE('',*,*,#2614,.F.);
#4179 = ORIENTED_EDGE('',*,*,#4180,.F.);
#4180 = EDGE_CURVE('',#2484,#2607,#4181,.T.);
#4181 = CIRCLE('',#4182,102.);
#4182 = AXIS2_PLACEMENT_3D('',#4183,#4184,#4185);
#4183 = CARTESIAN_POINT('',(0.,-64.,14.));
#4184 = DIRECTION('',(0.,0.,1.));
#4185 = DIRECTION('',(1.,0.,0.));
#4186 = ORIENTED_EDGE('',*,*,#2491,.T.);
#4187 = ORIENTED_EDGE('',*,*,#4131,.F.);
#4188 = ORIENTED_EDGE('',*,*,#3866,.T.);
#4189 = PLANE('',#4190);
#4190 = AXIS2_PLACEMENT_3D('',#4191,#4192,#4193);
#4191 = CARTESIAN_POINT('',(2.830576295061,-66.05860094186,14.));
#4192 = DIRECTION('',(0.,0.,1.));
#4193 = DIRECTION('',(0.588171697675,0.808736084303,0.));
#4194 = ADVANCED_FACE('',(#4195),#4201,.F.);
#4195 = FACE_BOUND('',#4196,.F.);
#4196 = EDGE_LOOP('',(#4197,#4198,#4199,#4200));
#4197 = ORIENTED_EDGE('',*,*,#2483,.F.);
#4198 = ORIENTED_EDGE('',*,*,#2588,.T.);
#4199 = ORIENTED_EDGE('',*,*,#2606,.T.);
#4200 = ORIENTED_EDGE('',*,*,#4180,.F.);
#4201 = CYLINDRICAL_SURFACE('',#4202,102.);
#4202 = AXIS2_PLACEMENT_3D('',#4203,#4204,#4205);
#4203 = CARTESIAN_POINT('',(0.,-64.,10.));
#4204 = DIRECTION('',(0.,0.,1.));
#4205 = DIRECTION('',(1.,0.,0.));
#4206 = ADVANCED_FACE('',(#4207),#4218,.F.);
#4207 = FACE_BOUND('',#4208,.F.);
#4208 = EDGE_LOOP('',(#4209,#4210,#4211,#4217));
#4209 = ORIENTED_EDGE('',*,*,#2644,.F.);
#4210 = ORIENTED_EDGE('',*,*,#2761,.T.);
#4211 = ORIENTED_EDGE('',*,*,#4212,.T.);
#4212 = EDGE_CURVE('',#2754,#3642,#4213,.T.);
#4213 = LINE('',#4214,#4215);
#4214 = CARTESIAN_POINT('',(-140.,139.5,14.));
#4215 = VECTOR('',#4216,1.);
#4216 = DIRECTION('',(1.,0.,0.));
#4217 = ORIENTED_EDGE('',*,*,#3649,.F.);
#4218 = PLANE('',#4219);
#4219 = AXIS2_PLACEMENT_3D('',#4220,#4221,#4222);
#4220 = CARTESIAN_POINT('',(-140.,139.5,4.));
#4221 = DIRECTION('',(0.,1.,0.));
#4222 = DIRECTION('',(0.,0.,1.));
#4223 = ADVANCED_FACE('',(#4224),#4242,.F.);
#4224 = FACE_BOUND('',#4225,.F.);
#4225 = EDGE_LOOP('',(#4226,#4227,#4228,#4236));
#4226 = ORIENTED_EDGE('',*,*,#3809,.F.);
#4227 = ORIENTED_EDGE('',*,*,#2670,.T.);
#4228 = ORIENTED_EDGE('',*,*,#4229,.T.);
#4229 = EDGE_CURVE('',#2671,#4230,#4232,.T.);
#4230 = VERTEX_POINT('',#4231);
#4231 = CARTESIAN_POINT('',(85.,115.,24.));
#4232 = LINE('',#4233,#4234);
#4233 = CARTESIAN_POINT('',(85.,115.,4.));
#4234 = VECTOR('',#4235,1.);
#4235 = DIRECTION('',(0.,0.,1.));
#4236 = ORIENTED_EDGE('',*,*,#4237,.F.);
#4237 = EDGE_CURVE('',#3810,#4230,#4238,.T.);
#4238 = LINE('',#4239,#4240);
#4239 = CARTESIAN_POINT('',(85.,65.,24.));
#4240 = VECTOR('',#4241,1.);
#4241 = DIRECTION('',(0.,1.,0.));
#4242 = PLANE('',#4243);
#4243 = AXIS2_PLACEMENT_3D('',#4244,#4245,#4246);
#4244 = CARTESIAN_POINT('',(85.,65.,4.));
#4245 = DIRECTION('',(1.,0.,0.));
#4246 = DIRECTION('',(0.,0.,1.));
#4247 = ADVANCED_FACE('',(#4248,#4259),#4301,.T.);
#4248 = FACE_BOUND('',#4249,.T.);
#4249 = EDGE_LOOP('',(#4250,#4251,#4252,#4258));
#4250 = ORIENTED_EDGE('',*,*,#2678,.F.);
#4251 = ORIENTED_EDGE('',*,*,#4229,.T.);
#4252 = ORIENTED_EDGE('',*,*,#4253,.T.);
#4253 = EDGE_CURVE('',#4230,#3657,#4254,.T.);
#4254 = LINE('',#4255,#4256);
#4255 = CARTESIAN_POINT('',(85.,115.,24.));
#4256 = VECTOR('',#4257,1.);
#4257 = DIRECTION('',(1.,0.,0.));
#4258 = ORIENTED_EDGE('',*,*,#3656,.F.);
#4259 = FACE_BOUND('',#4260,.T.);
#4260 = EDGE_LOOP('',(#4261,#4271,#4279,#4287,#4295));
#4261 = ORIENTED_EDGE('',*,*,#4262,.F.);
#4262 = EDGE_CURVE('',#4263,#4265,#4267,.T.);
#4263 = VERTEX_POINT('',#4264);
#4264 = CARTESIAN_POINT('',(103.5,115.,8.));
#4265 = VERTEX_POINT('',#4266);
#4266 = CARTESIAN_POINT('',(96.5,115.,8.));
#4267 = LINE('',#4268,#4269);
#4268 = CARTESIAN_POINT('',(90.75,115.,8.));
#4269 = VECTOR('',#4270,1.);
#4270 = DIRECTION('',(-1.,0.,0.));
#4271 = ORIENTED_EDGE('',*,*,#4272,.F.);
#4272 = EDGE_CURVE('',#4273,#4263,#4275,.T.);
#4273 = VERTEX_POINT('',#4274);
#4274 = CARTESIAN_POINT('',(103.5,115.,12.2));
#4275 = LINE('',#4276,#4277);
#4276 = CARTESIAN_POINT('',(103.5,115.,6.));
#4277 = VECTOR('',#4278,1.);
#4278 = DIRECTION('',(0.,0.,-1.));
#4279 = ORIENTED_EDGE('',*,*,#4280,.F.);
#4280 = EDGE_CURVE('',#4281,#4273,#4283,.T.);
#4281 = VERTEX_POINT('',#4282);
#4282 = CARTESIAN_POINT('',(100.,115.,16.2));
#4283 = LINE('',#4284,#4285);
#4284 = CARTESIAN_POINT('',(101.52079646017,115.,14.461946902655));
#4285 = VECTOR('',#4286,1.);
#4286 = DIRECTION('',(0.658504607869,0.,-0.752576694707));
#4287 = ORIENTED_EDGE('',*,*,#4288,.F.);
#4288 = EDGE_CURVE('',#4289,#4281,#4291,.T.);
#4289 = VERTEX_POINT('',#4290);
#4290 = CARTESIAN_POINT('',(96.5,115.,12.2));
#4291 = LINE('',#4292,#4293);
#4292 = CARTESIAN_POINT('',(93.724778761062,115.,9.028318584071));
#4293 = VECTOR('',#4294,1.);
#4294 = DIRECTION('',(0.658504607869,-0.,0.752576694707));
#4295 = ORIENTED_EDGE('',*,*,#4296,.F.);
#4296 = EDGE_CURVE('',#4265,#4289,#4297,.T.);
#4297 = LINE('',#4298,#4299);
#4298 = CARTESIAN_POINT('',(96.5,115.,8.1));
#4299 = VECTOR('',#4300,1.);
#4300 = DIRECTION('',(0.,-0.,1.));
#4301 = PLANE('',#4302);
#4302 = AXIS2_PLACEMENT_3D('',#4303,#4304,#4305);
#4303 = CARTESIAN_POINT('',(85.,115.,4.));
#4304 = DIRECTION('',(0.,1.,0.));
#4305 = DIRECTION('',(0.,0.,1.));
#4306 = ADVANCED_FACE('',(#4307),#4332,.F.);
#4307 = FACE_BOUND('',#4308,.F.);
#4308 = EDGE_LOOP('',(#4309,#4317,#4318,#4326));
#4309 = ORIENTED_EDGE('',*,*,#4310,.F.);
#4310 = EDGE_CURVE('',#2695,#4311,#4313,.T.);
#4311 = VERTEX_POINT('',#4312);
#4312 = CARTESIAN_POINT('',(51.311741722233,45.745638461995,26.));
#4313 = LINE('',#4314,#4315);
#4314 = CARTESIAN_POINT('',(51.311741722233,45.745638461995,3.8));
#4315 = VECTOR('',#4316,1.);
#4316 = DIRECTION('',(0.,0.,1.));
#4317 = ORIENTED_EDGE('',*,*,#2694,.T.);
#4318 = ORIENTED_EDGE('',*,*,#4319,.T.);
#4319 = EDGE_CURVE('',#2697,#4320,#4322,.T.);
#4320 = VERTEX_POINT('',#4321);
#4321 = CARTESIAN_POINT('',(44.504870800578,29.082310215335,26.));
#4322 = LINE('',#4323,#4324);
#4323 = CARTESIAN_POINT('',(44.504870800578,29.082310215335,3.8));
#4324 = VECTOR('',#4325,1.);
#4325 = DIRECTION('',(0.,0.,1.));
#4326 = ORIENTED_EDGE('',*,*,#4327,.T.);
#4327 = EDGE_CURVE('',#4320,#4311,#4328,.T.);
#4328 = LINE('',#4329,#4330);
#4329 = CARTESIAN_POINT('',(44.504870800578,29.082310215335,26.));
#4330 = VECTOR('',#4331,1.);
#4331 = DIRECTION('',(0.378159495647,0.925740458148,0.));
#4332 = PLANE('',#4333);
#4333 = AXIS2_PLACEMENT_3D('',#4334,#4335,#4336);
#4334 = CARTESIAN_POINT('',(44.504870800578,29.082310215335,3.8));
#4335 = DIRECTION('',(-0.925740458148,0.378159495647,0.));
#4336 = DIRECTION('',(0.,0.,1.));
#4337 = ADVANCED_FACE('',(#4338),#4356,.F.);
#4338 = FACE_BOUND('',#4339,.F.);
#4339 = EDGE_LOOP('',(#4340,#4341,#4342,#4350));
#4340 = ORIENTED_EDGE('',*,*,#4319,.F.);
#4341 = ORIENTED_EDGE('',*,*,#2704,.T.);
#4342 = ORIENTED_EDGE('',*,*,#4343,.T.);
#4343 = EDGE_CURVE('',#2705,#4344,#4346,.T.);
#4344 = VERTEX_POINT('',#4345);
#4345 = CARTESIAN_POINT('',(33.395985302805,33.620224163105,26.));
#4346 = LINE('',#4347,#4348);
#4347 = CARTESIAN_POINT('',(33.395985302805,33.620224163105,3.8));
#4348 = VECTOR('',#4349,1.);
#4349 = DIRECTION('',(0.,0.,1.));
#4350 = ORIENTED_EDGE('',*,*,#4351,.F.);
#4351 = EDGE_CURVE('',#4320,#4344,#4352,.T.);
#4352 = LINE('',#4353,#4354);
#4353 = CARTESIAN_POINT('',(44.504870800578,29.082310215335,26.));
#4354 = VECTOR('',#4355,1.);
#4355 = DIRECTION('',(-0.925740458148,0.378159495647,0.));
#4356 = PLANE('',#4357);
#4357 = AXIS2_PLACEMENT_3D('',#4358,#4359,#4360);
#4358 = CARTESIAN_POINT('',(44.504870800578,29.082310215335,3.8));
#4359 = DIRECTION('',(0.378159495647,0.925740458148,0.));
#4360 = DIRECTION('',(0.,0.,1.));
#4361 = ADVANCED_FACE('',(#4362),#4380,.T.);
#4362 = FACE_BOUND('',#4363,.T.);
#4363 = EDGE_LOOP('',(#4364,#4372,#4373,#4374));
#4364 = ORIENTED_EDGE('',*,*,#4365,.F.);
#4365 = EDGE_CURVE('',#2713,#4366,#4368,.T.);
#4366 = VERTEX_POINT('',#4367);
#4367 = CARTESIAN_POINT('',(40.20285622446,50.283552409764,26.));
#4368 = LINE('',#4369,#4370);
#4369 = CARTESIAN_POINT('',(40.20285622446,50.283552409764,3.8));
#4370 = VECTOR('',#4371,1.);
#4371 = DIRECTION('',(0.,0.,1.));
#4372 = ORIENTED_EDGE('',*,*,#2712,.T.);
#4373 = ORIENTED_EDGE('',*,*,#4343,.T.);
#4374 = ORIENTED_EDGE('',*,*,#4375,.T.);
#4375 = EDGE_CURVE('',#4344,#4366,#4376,.T.);
#4376 = LINE('',#4377,#4378);
#4377 = CARTESIAN_POINT('',(33.395985302805,33.620224163105,26.));
#4378 = VECTOR('',#4379,1.);
#4379 = DIRECTION('',(0.378159495647,0.925740458148,0.));
#4380 = PLANE('',#4381);
#4381 = AXIS2_PLACEMENT_3D('',#4382,#4383,#4384);
#4382 = CARTESIAN_POINT('',(33.395985302805,33.620224163105,3.8));
#4383 = DIRECTION('',(-0.925740458148,0.378159495647,0.));
#4384 = DIRECTION('',(0.,0.,1.));
#4385 = ADVANCED_FACE('',(#4386),#4397,.T.);
#4386 = FACE_BOUND('',#4387,.T.);
#4387 = EDGE_LOOP('',(#4388,#4389,#4390,#4391));
#4388 = ORIENTED_EDGE('',*,*,#4310,.F.);
#4389 = ORIENTED_EDGE('',*,*,#2720,.T.);
#4390 = ORIENTED_EDGE('',*,*,#4365,.T.);
#4391 = ORIENTED_EDGE('',*,*,#4392,.F.);
#4392 = EDGE_CURVE('',#4311,#4366,#4393,.T.);
#4393 = LINE('',#4394,#4395);
#4394 = CARTESIAN_POINT('',(51.311741722233,45.745638461995,26.));
#4395 = VECTOR('',#4396,1.);
#4396 = DIRECTION('',(-0.925740458148,0.378159495647,0.));
#4397 = PLANE('',#4398);
#4398 = AXIS2_PLACEMENT_3D('',#4399,#4400,#4401);
#4399 = CARTESIAN_POINT('',(51.311741722233,45.745638461995,3.8));
#4400 = DIRECTION('',(0.378159495647,0.925740458148,0.));
#4401 = DIRECTION('',(0.,0.,1.));
#4402 = ADVANCED_FACE('',(#4403),#4421,.T.);
#4403 = FACE_BOUND('',#4404,.T.);
#4404 = EDGE_LOOP('',(#4405,#4406,#4407,#4415));
#4405 = ORIENTED_EDGE('',*,*,#2826,.F.);
#4406 = ORIENTED_EDGE('',*,*,#2745,.T.);
#4407 = ORIENTED_EDGE('',*,*,#4408,.F.);
#4408 = EDGE_CURVE('',#4409,#2746,#4411,.T.);
#4409 = VERTEX_POINT('',#4410);
#4410 = CARTESIAN_POINT('',(2.364425582849,58.977272256556,14.));
#4411 = LINE('',#4412,#4413);
#4412 = CARTESIAN_POINT('',(1.245894233615,59.004155958281,14.));
#4413 = VECTOR('',#4414,1.);
#4414 = DIRECTION('',(0.999711288748,-2.402788273771E-02,0.));
#4415 = ORIENTED_EDGE('',*,*,#4416,.F.);
#4416 = EDGE_CURVE('',#2827,#4409,#4417,.T.);
#4417 = LINE('',#4418,#4419);
#4418 = CARTESIAN_POINT('',(2.364425582849,58.977272256556,10.));
#4419 = VECTOR('',#4420,1.);
#4420 = DIRECTION('',(0.,0.,1.));
#4421 = PLANE('',#4422);
#4422 = AXIS2_PLACEMENT_3D('',#4423,#4424,#4425);
#4423 = CARTESIAN_POINT('',(3.546365306206,58.948864545855,10.));
#4424 = DIRECTION('',(-2.402788273771E-02,-0.999711288748,0.));
#4425 = DIRECTION('',(-0.999711288748,2.402788273771E-02,0.));
#4426 = ADVANCED_FACE('',(#4427),#4494,.T.);
#4427 = FACE_BOUND('',#4428,.T.);
#4428 = EDGE_LOOP('',(#4429,#4439,#4445,#4446,#4454,#4462,#4470,#4478,
    #4484,#4485,#4486,#4487,#4488));
#4429 = ORIENTED_EDGE('',*,*,#4430,.F.);
#4430 = EDGE_CURVE('',#4431,#4433,#4435,.T.);
#4431 = VERTEX_POINT('',#4432);
#4432 = CARTESIAN_POINT('',(-140.,139.5,14.));
#4433 = VERTEX_POINT('',#4434);
#4434 = CARTESIAN_POINT('',(-140.,147.5,14.));
#4435 = LINE('',#4436,#4437);
#4436 = CARTESIAN_POINT('',(-140.,139.5,14.));
#4437 = VECTOR('',#4438,1.);
#4438 = DIRECTION('',(0.,1.,0.));
#4439 = ORIENTED_EDGE('',*,*,#4440,.T.);
#4440 = EDGE_CURVE('',#4431,#2802,#4441,.T.);
#4441 = LINE('',#4442,#4443);
#4442 = CARTESIAN_POINT('',(-140.,139.5,14.));
#4443 = VECTOR('',#4444,1.);
#4444 = DIRECTION('',(1.,0.,0.));
#4445 = ORIENTED_EDGE('',*,*,#2801,.F.);
#4446 = ORIENTED_EDGE('',*,*,#4447,.T.);
#4447 = EDGE_CURVE('',#2794,#4448,#4450,.T.);
#4448 = VERTEX_POINT('',#4449);
#4449 = CARTESIAN_POINT('',(-2.364425582849,58.977272256556,14.));
#4450 = LINE('',#4451,#4452);
#4451 = CARTESIAN_POINT('',(-0.654924371937,59.018359813632,14.));
#4452 = VECTOR('',#4453,1.);
#4453 = DIRECTION('',(0.999711288748,2.402788273771E-02,0.));
#4454 = ORIENTED_EDGE('',*,*,#4455,.T.);
#4455 = EDGE_CURVE('',#4448,#4456,#4458,.T.);
#4456 = VERTEX_POINT('',#4457);
#4457 = CARTESIAN_POINT('',(-1.182267407057,58.994317932896,14.));
#4458 = LINE('',#4459,#4460);
#4459 = CARTESIAN_POINT('',(-0.274518806754,59.007406865625,14.));
#4460 = VECTOR('',#4461,1.);
#4461 = DIRECTION('',(0.999896060748,1.441761768734E-02,0.));
#4462 = ORIENTED_EDGE('',*,*,#4463,.T.);
#4463 = EDGE_CURVE('',#4456,#4464,#4466,.T.);
#4464 = VERTEX_POINT('',#4465);
#4465 = CARTESIAN_POINT('',(7.531577814756E-15,59.,14.));
#4466 = LINE('',#4467,#4468);
#4467 = CARTESIAN_POINT('',(0.105578611665,59.00050741884,14.));
#4468 = VECTOR('',#4469,1.);
#4469 = DIRECTION('',(0.999988451016,4.806020573997E-03,0.));
#4470 = ORIENTED_EDGE('',*,*,#4471,.T.);
#4471 = EDGE_CURVE('',#4464,#4472,#4474,.T.);
#4472 = VERTEX_POINT('',#4473);
#4473 = CARTESIAN_POINT('',(1.182267407057,58.994317932896,14.));
#4474 = LINE('',#4475,#4476);
#4475 = CARTESIAN_POINT('',(0.485555091864,58.997666385288,14.));
#4476 = VECTOR('',#4477,1.);
#4477 = DIRECTION('',(0.999988451016,-4.806020573997E-03,0.));
#4478 = ORIENTED_EDGE('',*,*,#4479,.T.);
#4479 = EDGE_CURVE('',#4472,#4409,#4480,.T.);
#4480 = LINE('',#4481,#4482);
#4481 = CARTESIAN_POINT('',(0.865597894651,58.998884027455,14.));
#4482 = VECTOR('',#4483,1.);
#4483 = DIRECTION('',(0.999896060748,-1.441761768734E-02,0.));
#4484 = ORIENTED_EDGE('',*,*,#4408,.T.);
#4485 = ORIENTED_EDGE('',*,*,#2753,.T.);
#4486 = ORIENTED_EDGE('',*,*,#4212,.T.);
#4487 = ORIENTED_EDGE('',*,*,#3641,.T.);
#4488 = ORIENTED_EDGE('',*,*,#4489,.F.);
#4489 = EDGE_CURVE('',#4433,#3634,#4490,.T.);
#4490 = LINE('',#4491,#4492);
#4491 = CARTESIAN_POINT('',(-140.,147.5,14.));
#4492 = VECTOR('',#4493,1.);
#4493 = DIRECTION('',(1.,0.,0.));
#4494 = PLANE('',#4495);
#4495 = AXIS2_PLACEMENT_3D('',#4496,#4497,#4498);
#4496 = CARTESIAN_POINT('',(3.809722833574E-15,102.93648731995,14.));
#4497 = DIRECTION('',(0.,0.,1.));
#4498 = DIRECTION('',(1.,0.,0.));
#4499 = ADVANCED_FACE('',(#4500),#4511,.T.);
#4500 = FACE_BOUND('',#4501,.T.);
#4501 = EDGE_LOOP('',(#4502,#4503,#4509,#4510));
#4502 = ORIENTED_EDGE('',*,*,#2866,.F.);
#4503 = ORIENTED_EDGE('',*,*,#4504,.T.);
#4504 = EDGE_CURVE('',#2859,#4448,#4505,.T.);
#4505 = LINE('',#4506,#4507);
#4506 = CARTESIAN_POINT('',(-2.364425582849,58.977272256556,10.));
#4507 = VECTOR('',#4508,1.);
#4508 = DIRECTION('',(0.,0.,1.));
#4509 = ORIENTED_EDGE('',*,*,#4447,.F.);
#4510 = ORIENTED_EDGE('',*,*,#2793,.F.);
#4511 = PLANE('',#4512);
#4512 = AXIS2_PLACEMENT_3D('',#4513,#4514,#4515);
#4513 = CARTESIAN_POINT('',(-2.364425582849,58.977272256556,10.));
#4514 = DIRECTION('',(2.402788273771E-02,-0.999711288748,0.));
#4515 = DIRECTION('',(-0.999711288748,-2.402788273771E-02,0.));
#4516 = ADVANCED_FACE('',(#4517),#4528,.F.);
#4517 = FACE_BOUND('',#4518,.F.);
#4518 = EDGE_LOOP('',(#4519,#4520,#4526,#4527));
#4519 = ORIENTED_EDGE('',*,*,#2922,.F.);
#4520 = ORIENTED_EDGE('',*,*,#4521,.T.);
#4521 = EDGE_CURVE('',#2883,#4431,#4522,.T.);
#4522 = LINE('',#4523,#4524);
#4523 = CARTESIAN_POINT('',(-140.,139.5,4.));
#4524 = VECTOR('',#4525,1.);
#4525 = DIRECTION('',(0.,0.,1.));
#4526 = ORIENTED_EDGE('',*,*,#4440,.T.);
#4527 = ORIENTED_EDGE('',*,*,#2809,.F.);
#4528 = PLANE('',#4529);
#4529 = AXIS2_PLACEMENT_3D('',#4530,#4531,#4532);
#4530 = CARTESIAN_POINT('',(-140.,139.5,4.));
#4531 = DIRECTION('',(0.,1.,0.));
#4532 = DIRECTION('',(0.,0.,1.));
#4533 = ADVANCED_FACE('',(#4534),#4545,.T.);
#4534 = FACE_BOUND('',#4535,.T.);
#4535 = EDGE_LOOP('',(#4536,#4537,#4538,#4539));
#4536 = ORIENTED_EDGE('',*,*,#2834,.F.);
#4537 = ORIENTED_EDGE('',*,*,#4416,.T.);
#4538 = ORIENTED_EDGE('',*,*,#4479,.F.);
#4539 = ORIENTED_EDGE('',*,*,#4540,.F.);
#4540 = EDGE_CURVE('',#2835,#4472,#4541,.T.);
#4541 = LINE('',#4542,#4543);
#4542 = CARTESIAN_POINT('',(1.182267407057,58.994317932896,10.));
#4543 = VECTOR('',#4544,1.);
#4544 = DIRECTION('',(0.,0.,1.));
#4545 = PLANE('',#4546);
#4546 = AXIS2_PLACEMENT_3D('',#4547,#4548,#4549);
#4547 = CARTESIAN_POINT('',(2.364425582849,58.977272256556,10.));
#4548 = DIRECTION('',(-1.441761768734E-02,-0.999896060748,0.));
#4549 = DIRECTION('',(-0.999896060748,1.441761768734E-02,0.));
#4550 = ADVANCED_FACE('',(#4551),#4562,.T.);
#4551 = FACE_BOUND('',#4552,.T.);
#4552 = EDGE_LOOP('',(#4553,#4554,#4555,#4556));
#4553 = ORIENTED_EDGE('',*,*,#2842,.F.);
#4554 = ORIENTED_EDGE('',*,*,#4540,.T.);
#4555 = ORIENTED_EDGE('',*,*,#4471,.F.);
#4556 = ORIENTED_EDGE('',*,*,#4557,.F.);
#4557 = EDGE_CURVE('',#2843,#4464,#4558,.T.);
#4558 = LINE('',#4559,#4560);
#4559 = CARTESIAN_POINT('',(7.531577814756E-15,59.,10.));
#4560 = VECTOR('',#4561,1.);
#4561 = DIRECTION('',(0.,0.,1.));
#4562 = PLANE('',#4563);
#4563 = AXIS2_PLACEMENT_3D('',#4564,#4565,#4566);
#4564 = CARTESIAN_POINT('',(1.182267407057,58.994317932896,10.));
#4565 = DIRECTION('',(-4.806020573997E-03,-0.999988451016,0.));
#4566 = DIRECTION('',(-0.999988451016,4.806020573997E-03,0.));
#4567 = ADVANCED_FACE('',(#4568),#4579,.T.);
#4568 = FACE_BOUND('',#4569,.T.);
#4569 = EDGE_LOOP('',(#4570,#4571,#4572,#4573));
#4570 = ORIENTED_EDGE('',*,*,#2850,.F.);
#4571 = ORIENTED_EDGE('',*,*,#4557,.T.);
#4572 = ORIENTED_EDGE('',*,*,#4463,.F.);
#4573 = ORIENTED_EDGE('',*,*,#4574,.F.);
#4574 = EDGE_CURVE('',#2851,#4456,#4575,.T.);
#4575 = LINE('',#4576,#4577);
#4576 = CARTESIAN_POINT('',(-1.182267407057,58.994317932896,10.));
#4577 = VECTOR('',#4578,1.);
#4578 = DIRECTION('',(0.,0.,1.));
#4579 = PLANE('',#4580);
#4580 = AXIS2_PLACEMENT_3D('',#4581,#4582,#4583);
#4581 = CARTESIAN_POINT('',(7.531577814756E-15,59.,10.));
#4582 = DIRECTION('',(4.806020573997E-03,-0.999988451016,0.));
#4583 = DIRECTION('',(-0.999988451016,-4.806020573997E-03,0.));
#4584 = ADVANCED_FACE('',(#4585),#4591,.T.);
#4585 = FACE_BOUND('',#4586,.T.);
#4586 = EDGE_LOOP('',(#4587,#4588,#4589,#4590));
#4587 = ORIENTED_EDGE('',*,*,#2858,.F.);
#4588 = ORIENTED_EDGE('',*,*,#4574,.T.);
#4589 = ORIENTED_EDGE('',*,*,#4455,.F.);
#4590 = ORIENTED_EDGE('',*,*,#4504,.F.);
#4591 = PLANE('',#4592);
#4592 = AXIS2_PLACEMENT_3D('',#4593,#4594,#4595);
#4593 = CARTESIAN_POINT('',(-1.182267407057,58.994317932896,10.));
#4594 = DIRECTION('',(1.441761768734E-02,-0.999896060748,0.));
#4595 = DIRECTION('',(-0.999896060748,-1.441761768734E-02,0.));
#4596 = ADVANCED_FACE('',(#4597,#4686,#4728),#4770,.T.);
#4597 = FACE_BOUND('',#4598,.T.);
#4598 = EDGE_LOOP('',(#4599,#4609,#4617,#4623,#4624,#4632,#4640,#4646,
    #4647,#4655,#4663,#4669,#4670,#4671,#4672,#4680));
#4599 = ORIENTED_EDGE('',*,*,#4600,.T.);
#4600 = EDGE_CURVE('',#4601,#4603,#4605,.T.);
#4601 = VERTEX_POINT('',#4602);
#4602 = CARTESIAN_POINT('',(-140.,-147.5,0.));
#4603 = VERTEX_POINT('',#4604);
#4604 = CARTESIAN_POINT('',(-140.,-147.5,14.));
#4605 = LINE('',#4606,#4607);
#4606 = CARTESIAN_POINT('',(-140.,-147.5,0.));
#4607 = VECTOR('',#4608,1.);
#4608 = DIRECTION('',(0.,0.,1.));
#4609 = ORIENTED_EDGE('',*,*,#4610,.T.);
#4610 = EDGE_CURVE('',#4603,#4611,#4613,.T.);
#4611 = VERTEX_POINT('',#4612);
#4612 = CARTESIAN_POINT('',(-140.,-139.5,14.));
#4613 = LINE('',#4614,#4615);
#4614 = CARTESIAN_POINT('',(-140.,-147.5,14.));
#4615 = VECTOR('',#4616,1.);
#4616 = DIRECTION('',(0.,1.,0.));
#4617 = ORIENTED_EDGE('',*,*,#4618,.F.);
#4618 = EDGE_CURVE('',#3305,#4611,#4619,.T.);
#4619 = LINE('',#4620,#4621);
#4620 = CARTESIAN_POINT('',(-140.,-139.5,4.));
#4621 = VECTOR('',#4622,1.);
#4622 = DIRECTION('',(0.,0.,1.));
#4623 = ORIENTED_EDGE('',*,*,#3304,.T.);
#4624 = ORIENTED_EDGE('',*,*,#4625,.T.);
#4625 = EDGE_CURVE('',#3307,#4626,#4628,.T.);
#4626 = VERTEX_POINT('',#4627);
#4627 = CARTESIAN_POINT('',(-140.,-115.,24.));
#4628 = LINE('',#4629,#4630);
#4629 = CARTESIAN_POINT('',(-140.,-115.,4.));
#4630 = VECTOR('',#4631,1.);
#4631 = DIRECTION('',(0.,0.,1.));
#4632 = ORIENTED_EDGE('',*,*,#4633,.T.);
#4633 = EDGE_CURVE('',#4626,#4634,#4636,.T.);
#4634 = VERTEX_POINT('',#4635);
#4635 = CARTESIAN_POINT('',(-140.,-65.,24.));
#4636 = LINE('',#4637,#4638);
#4637 = CARTESIAN_POINT('',(-140.,-115.,24.));
#4638 = VECTOR('',#4639,1.);
#4639 = DIRECTION('',(0.,1.,0.));
#4640 = ORIENTED_EDGE('',*,*,#4641,.F.);
#4641 = EDGE_CURVE('',#3118,#4634,#4642,.T.);
#4642 = LINE('',#4643,#4644);
#4643 = CARTESIAN_POINT('',(-140.,-65.,4.));
#4644 = VECTOR('',#4645,1.);
#4645 = DIRECTION('',(0.,0.,1.));
#4646 = ORIENTED_EDGE('',*,*,#3117,.T.);
#4647 = ORIENTED_EDGE('',*,*,#4648,.T.);
#4648 = EDGE_CURVE('',#3120,#4649,#4651,.T.);
#4649 = VERTEX_POINT('',#4650);
#4650 = CARTESIAN_POINT('',(-140.,65.,24.));
#4651 = LINE('',#4652,#4653);
#4652 = CARTESIAN_POINT('',(-140.,65.,4.));
#4653 = VECTOR('',#4654,1.);
#4654 = DIRECTION('',(0.,0.,1.));
#4655 = ORIENTED_EDGE('',*,*,#4656,.T.);
#4656 = EDGE_CURVE('',#4649,#4657,#4659,.T.);
#4657 = VERTEX_POINT('',#4658);
#4658 = CARTESIAN_POINT('',(-140.,115.,24.));
#4659 = LINE('',#4660,#4661);
#4660 = CARTESIAN_POINT('',(-140.,65.,24.));
#4661 = VECTOR('',#4662,1.);
#4662 = DIRECTION('',(0.,1.,0.));
#4663 = ORIENTED_EDGE('',*,*,#4664,.F.);
#4664 = EDGE_CURVE('',#2881,#4657,#4665,.T.);
#4665 = LINE('',#4666,#4667);
#4666 = CARTESIAN_POINT('',(-140.,115.,4.));
#4667 = VECTOR('',#4668,1.);
#4668 = DIRECTION('',(0.,0.,1.));
#4669 = ORIENTED_EDGE('',*,*,#2880,.T.);
#4670 = ORIENTED_EDGE('',*,*,#4521,.T.);
#4671 = ORIENTED_EDGE('',*,*,#4430,.T.);
#4672 = ORIENTED_EDGE('',*,*,#4673,.F.);
#4673 = EDGE_CURVE('',#4674,#4433,#4676,.T.);
#4674 = VERTEX_POINT('',#4675);
#4675 = CARTESIAN_POINT('',(-140.,147.5,0.));
#4676 = LINE('',#4677,#4678);
#4677 = CARTESIAN_POINT('',(-140.,147.5,4.));
#4678 = VECTOR('',#4679,1.);
#4679 = DIRECTION('',(0.,0.,1.));
#4680 = ORIENTED_EDGE('',*,*,#4681,.F.);
#4681 = EDGE_CURVE('',#4601,#4674,#4682,.T.);
#4682 = LINE('',#4683,#4684);
#4683 = CARTESIAN_POINT('',(-140.,-147.5,0.));
#4684 = VECTOR('',#4685,1.);
#4685 = DIRECTION('',(0.,1.,0.));
#4686 = FACE_BOUND('',#4687,.T.);
#4687 = EDGE_LOOP('',(#4688,#4698,#4706,#4714,#4722));
#4688 = ORIENTED_EDGE('',*,*,#4689,.T.);
#4689 = EDGE_CURVE('',#4690,#4692,#4694,.T.);
#4690 = VERTEX_POINT('',#4691);
#4691 = CARTESIAN_POINT('',(-140.,77.6,8.4));
#4692 = VERTEX_POINT('',#4693);
#4693 = CARTESIAN_POINT('',(-140.,77.6,3.6));
#4694 = LINE('',#4695,#4696);
#4695 = CARTESIAN_POINT('',(-140.,77.6,7.567688022284));
#4696 = VECTOR('',#4697,1.);
#4697 = DIRECTION('',(0.,0.,-1.));
#4698 = ORIENTED_EDGE('',*,*,#4699,.T.);
#4699 = EDGE_CURVE('',#4692,#4700,#4702,.T.);
#4700 = VERTEX_POINT('',#4701);
#4701 = CARTESIAN_POINT('',(-140.,102.4,3.6));
#4702 = LINE('',#4703,#4704);
#4703 = CARTESIAN_POINT('',(-140.,38.8,3.6));
#4704 = VECTOR('',#4705,1.);
#4705 = DIRECTION('',(0.,1.,0.));
#4706 = ORIENTED_EDGE('',*,*,#4707,.T.);
#4707 = EDGE_CURVE('',#4700,#4708,#4710,.T.);
#4708 = VERTEX_POINT('',#4709);
#4709 = CARTESIAN_POINT('',(-140.,102.4,8.4));
#4710 = LINE('',#4711,#4712);
#4711 = CARTESIAN_POINT('',(-140.,102.4,5.167688022284));
#4712 = VECTOR('',#4713,1.);
#4713 = DIRECTION('',(0.,0.,1.));
#4714 = ORIENTED_EDGE('',*,*,#4715,.T.);
#4715 = EDGE_CURVE('',#4708,#4716,#4718,.T.);
#4716 = VERTEX_POINT('',#4717);
#4717 = CARTESIAN_POINT('',(-140.,90.,20.4));
#4718 = LINE('',#4719,#4720);
#4719 = CARTESIAN_POINT('',(-140.,76.376813615946,33.583728758762));
#4720 = VECTOR('',#4721,1.);
#4721 = DIRECTION('',(0.,-0.718602141767,0.695421427516));
#4722 = ORIENTED_EDGE('',*,*,#4723,.T.);
#4723 = EDGE_CURVE('',#4716,#4690,#4724,.T.);
#4724 = LINE('',#4725,#4726);
#4725 = CARTESIAN_POINT('',(-140.,63.348172950416,-5.392090693146));
#4726 = VECTOR('',#4727,1.);
#4727 = DIRECTION('',(0.,-0.718602141767,-0.695421427516));
#4728 = FACE_BOUND('',#4729,.T.);
#4729 = EDGE_LOOP('',(#4730,#4740,#4748,#4756,#4764));
#4730 = ORIENTED_EDGE('',*,*,#4731,.T.);
#4731 = EDGE_CURVE('',#4732,#4734,#4736,.T.);
#4732 = VERTEX_POINT('',#4733);
#4733 = CARTESIAN_POINT('',(-140.,-102.4,8.4));
#4734 = VERTEX_POINT('',#4735);
#4735 = CARTESIAN_POINT('',(-140.,-102.4,3.6));
#4736 = LINE('',#4737,#4738);
#4737 = CARTESIAN_POINT('',(-140.,-102.4,7.567688022284));
#4738 = VECTOR('',#4739,1.);
#4739 = DIRECTION('',(0.,0.,-1.));
#4740 = ORIENTED_EDGE('',*,*,#4741,.T.);
#4741 = EDGE_CURVE('',#4734,#4742,#4744,.T.);
#4742 = VERTEX_POINT('',#4743);
#4743 = CARTESIAN_POINT('',(-140.,-77.6,3.6));
#4744 = LINE('',#4745,#4746);
#4745 = CARTESIAN_POINT('',(-140.,-51.2,3.6));
#4746 = VECTOR('',#4747,1.);
#4747 = DIRECTION('',(0.,1.,0.));
#4748 = ORIENTED_EDGE('',*,*,#4749,.T.);
#4749 = EDGE_CURVE('',#4742,#4750,#4752,.T.);
#4750 = VERTEX_POINT('',#4751);
#4751 = CARTESIAN_POINT('',(-140.,-77.6,8.4));
#4752 = LINE('',#4753,#4754);
#4753 = CARTESIAN_POINT('',(-140.,-77.6,5.167688022284));
#4754 = VECTOR('',#4755,1.);
#4755 = DIRECTION('',(0.,0.,1.));
#4756 = ORIENTED_EDGE('',*,*,#4757,.T.);
#4757 = EDGE_CURVE('',#4750,#4758,#4760,.T.);
#4758 = VERTEX_POINT('',#4759);
#4759 = CARTESIAN_POINT('',(-140.,-90.,20.4));
#4760 = LINE('',#4761,#4762);
#4761 = CARTESIAN_POINT('',(-140.,-57.14817295041,-11.39209069314));
#4762 = VECTOR('',#4763,1.);
#4763 = DIRECTION('',(0.,-0.718602141767,0.695421427516));
#4764 = ORIENTED_EDGE('',*,*,#4765,.T.);
#4765 = EDGE_CURVE('',#4758,#4732,#4766,.T.);
#4766 = LINE('',#4767,#4768);
#4767 = CARTESIAN_POINT('',(-140.,-70.17681361594,39.583728758762));
#4768 = VECTOR('',#4769,1.);
#4769 = DIRECTION('',(0.,-0.718602141767,-0.695421427516));
#4770 = PLANE('',#4771);
#4771 = AXIS2_PLACEMENT_3D('',#4772,#4773,#4774);
#4772 = CARTESIAN_POINT('',(-140.,0.,6.735376044568));
#4773 = DIRECTION('',(-1.,-0.,-0.));
#4774 = DIRECTION('',(0.,0.,-1.));
#4775 = ADVANCED_FACE('',(#4776,#4794),#4836,.T.);
#4776 = FACE_BOUND('',#4777,.T.);
#4777 = EDGE_LOOP('',(#4778,#4779,#4780,#4788));
#4778 = ORIENTED_EDGE('',*,*,#2890,.F.);
#4779 = ORIENTED_EDGE('',*,*,#4664,.T.);
#4780 = ORIENTED_EDGE('',*,*,#4781,.T.);
#4781 = EDGE_CURVE('',#4657,#4782,#4784,.T.);
#4782 = VERTEX_POINT('',#4783);
#4783 = CARTESIAN_POINT('',(-85.,115.,24.));
#4784 = LINE('',#4785,#4786);
#4785 = CARTESIAN_POINT('',(-140.,115.,24.));
#4786 = VECTOR('',#4787,1.);
#4787 = DIRECTION('',(1.,0.,0.));
#4788 = ORIENTED_EDGE('',*,*,#4789,.F.);
#4789 = EDGE_CURVE('',#2891,#4782,#4790,.T.);
#4790 = LINE('',#4791,#4792);
#4791 = CARTESIAN_POINT('',(-85.,115.,4.));
#4792 = VECTOR('',#4793,1.);
#4793 = DIRECTION('',(0.,0.,1.));
#4794 = FACE_BOUND('',#4795,.T.);
#4795 = EDGE_LOOP('',(#4796,#4806,#4814,#4822,#4830));
#4796 = ORIENTED_EDGE('',*,*,#4797,.F.);
#4797 = EDGE_CURVE('',#4798,#4800,#4802,.T.);
#4798 = VERTEX_POINT('',#4799);
#4799 = CARTESIAN_POINT('',(-96.5,115.,8.));
#4800 = VERTEX_POINT('',#4801);
#4801 = CARTESIAN_POINT('',(-103.5,115.,8.));
#4802 = LINE('',#4803,#4804);
#4803 = CARTESIAN_POINT('',(-121.75,115.,8.));
#4804 = VECTOR('',#4805,1.);
#4805 = DIRECTION('',(-1.,0.,0.));
#4806 = ORIENTED_EDGE('',*,*,#4807,.F.);
#4807 = EDGE_CURVE('',#4808,#4798,#4810,.T.);
#4808 = VERTEX_POINT('',#4809);
#4809 = CARTESIAN_POINT('',(-96.5,115.,12.2));
#4810 = LINE('',#4811,#4812);
#4811 = CARTESIAN_POINT('',(-96.5,115.,6.));
#4812 = VECTOR('',#4813,1.);
#4813 = DIRECTION('',(0.,0.,-1.));
#4814 = ORIENTED_EDGE('',*,*,#4815,.F.);
#4815 = EDGE_CURVE('',#4816,#4808,#4818,.T.);
#4816 = VERTEX_POINT('',#4817);
#4817 = CARTESIAN_POINT('',(-100.,115.,16.2));
#4818 = LINE('',#4819,#4820);
#4819 = CARTESIAN_POINT('',(-103.8995575221,115.,20.656637168142));
#4820 = VECTOR('',#4821,1.);
#4821 = DIRECTION('',(0.658504607869,0.,-0.752576694707));
#4822 = ORIENTED_EDGE('',*,*,#4823,.F.);
#4823 = EDGE_CURVE('',#4824,#4816,#4826,.T.);
#4824 = VERTEX_POINT('',#4825);
#4825 = CARTESIAN_POINT('',(-103.5,115.,12.2));
#4826 = LINE('',#4827,#4828);
#4827 = CARTESIAN_POINT('',(-111.6955752212,115.,2.833628318584));
#4828 = VECTOR('',#4829,1.);
#4829 = DIRECTION('',(0.658504607869,-0.,0.752576694707));
#4830 = ORIENTED_EDGE('',*,*,#4831,.F.);
#4831 = EDGE_CURVE('',#4800,#4824,#4832,.T.);
#4832 = LINE('',#4833,#4834);
#4833 = CARTESIAN_POINT('',(-103.5,115.,8.1));
#4834 = VECTOR('',#4835,1.);
#4835 = DIRECTION('',(0.,-0.,1.));
#4836 = PLANE('',#4837);
#4837 = AXIS2_PLACEMENT_3D('',#4838,#4839,#4840);
#4838 = CARTESIAN_POINT('',(-140.,115.,4.));
#4839 = DIRECTION('',(0.,1.,0.));
#4840 = DIRECTION('',(0.,0.,1.));
#4841 = ADVANCED_FACE('',(#4842),#4860,.T.);
#4842 = FACE_BOUND('',#4843,.T.);
#4843 = EDGE_LOOP('',(#4844,#4852,#4853,#4854));
#4844 = ORIENTED_EDGE('',*,*,#4845,.F.);
#4845 = EDGE_CURVE('',#2899,#4846,#4848,.T.);
#4846 = VERTEX_POINT('',#4847);
#4847 = CARTESIAN_POINT('',(-85.,65.,24.));
#4848 = LINE('',#4849,#4850);
#4849 = CARTESIAN_POINT('',(-85.,65.,4.));
#4850 = VECTOR('',#4851,1.);
#4851 = DIRECTION('',(0.,0.,1.));
#4852 = ORIENTED_EDGE('',*,*,#2898,.T.);
#4853 = ORIENTED_EDGE('',*,*,#4789,.T.);
#4854 = ORIENTED_EDGE('',*,*,#4855,.F.);
#4855 = EDGE_CURVE('',#4846,#4782,#4856,.T.);
#4856 = LINE('',#4857,#4858);
#4857 = CARTESIAN_POINT('',(-85.,65.,24.));
#4858 = VECTOR('',#4859,1.);
#4859 = DIRECTION('',(0.,1.,0.));
#4860 = PLANE('',#4861);
#4861 = AXIS2_PLACEMENT_3D('',#4862,#4863,#4864);
#4862 = CARTESIAN_POINT('',(-85.,65.,4.));
#4863 = DIRECTION('',(1.,0.,0.));
#4864 = DIRECTION('',(0.,0.,1.));
#4865 = ADVANCED_FACE('',(#4866),#4926,.F.);
#4866 = FACE_BOUND('',#4867,.F.);
#4867 = EDGE_LOOP('',(#4868,#4869,#4870,#4876,#4877,#4878,#4879,#4887,
    #4895,#4903,#4911,#4919,#4925));
#4868 = ORIENTED_EDGE('',*,*,#3151,.F.);
#4869 = ORIENTED_EDGE('',*,*,#4648,.T.);
#4870 = ORIENTED_EDGE('',*,*,#4871,.T.);
#4871 = EDGE_CURVE('',#4649,#4846,#4872,.T.);
#4872 = LINE('',#4873,#4874);
#4873 = CARTESIAN_POINT('',(-140.,65.,24.));
#4874 = VECTOR('',#4875,1.);
#4875 = DIRECTION('',(1.,0.,0.));
#4876 = ORIENTED_EDGE('',*,*,#4845,.F.);
#4877 = ORIENTED_EDGE('',*,*,#2906,.F.);
#4878 = ORIENTED_EDGE('',*,*,#2996,.F.);
#4879 = ORIENTED_EDGE('',*,*,#4880,.T.);
#4880 = EDGE_CURVE('',#2989,#4881,#4883,.T.);
#4881 = VERTEX_POINT('',#4882);
#4882 = CARTESIAN_POINT('',(-98.075,65.,14.));
#4883 = LINE('',#4884,#4885);
#4884 = CARTESIAN_POINT('',(-68.58471185246,65.,14.));
#4885 = VECTOR('',#4886,1.);
#4886 = DIRECTION('',(-1.,0.,0.));
#4887 = ORIENTED_EDGE('',*,*,#4888,.F.);
#4888 = EDGE_CURVE('',#4889,#4881,#4891,.T.);
#4889 = VERTEX_POINT('',#4890);
#4890 = CARTESIAN_POINT('',(-100.,65.,16.2));
#4891 = LINE('',#4892,#4893);
#4892 = CARTESIAN_POINT('',(-103.8995575221,65.,20.656637168142));
#4893 = VECTOR('',#4894,1.);
#4894 = DIRECTION('',(0.658504607869,0.,-0.752576694707));
#4895 = ORIENTED_EDGE('',*,*,#4896,.F.);
#4896 = EDGE_CURVE('',#4897,#4889,#4899,.T.);
#4897 = VERTEX_POINT('',#4898);
#4898 = CARTESIAN_POINT('',(-103.4125,65.,12.3));
#4899 = LINE('',#4900,#4901);
#4900 = CARTESIAN_POINT('',(-111.6955752212,65.,2.833628318584));
#4901 = VECTOR('',#4902,1.);
#4902 = DIRECTION('',(0.658504607869,-0.,0.752576694707));
#4903 = ORIENTED_EDGE('',*,*,#4904,.F.);
#4904 = EDGE_CURVE('',#4905,#4897,#4907,.T.);
#4905 = VERTEX_POINT('',#4906);
#4906 = CARTESIAN_POINT('',(-104.2,65.,12.3));
#4907 = LINE('',#4908,#4909);
#4908 = CARTESIAN_POINT('',(-122.1,65.,12.3));
#4909 = VECTOR('',#4910,1.);
#4910 = DIRECTION('',(1.,0.,0.));
#4911 = ORIENTED_EDGE('',*,*,#4912,.T.);
#4912 = EDGE_CURVE('',#4905,#4913,#4915,.T.);
#4913 = VERTEX_POINT('',#4914);
#4914 = CARTESIAN_POINT('',(-104.2,65.,8.));
#4915 = LINE('',#4916,#4917);
#4916 = CARTESIAN_POINT('',(-104.2,65.,6.));
#4917 = VECTOR('',#4918,1.);
#4918 = DIRECTION('',(-0.,0.,-1.));
#4919 = ORIENTED_EDGE('',*,*,#4920,.F.);
#4920 = EDGE_CURVE('',#3078,#4913,#4921,.T.);
#4921 = LINE('',#4922,#4923);
#4922 = CARTESIAN_POINT('',(-121.75,65.,8.));
#4923 = VECTOR('',#4924,1.);
#4924 = DIRECTION('',(-1.,0.,0.));
#4925 = ORIENTED_EDGE('',*,*,#3085,.T.);
#4926 = PLANE('',#4927);
#4927 = AXIS2_PLACEMENT_3D('',#4928,#4929,#4930);
#4928 = CARTESIAN_POINT('',(-140.,65.,4.));
#4929 = DIRECTION('',(0.,1.,0.));
#4930 = DIRECTION('',(0.,0.,1.));
#4931 = ADVANCED_FACE('',(#4932),#4957,.F.);
#4932 = FACE_BOUND('',#4933,.F.);
#4933 = EDGE_LOOP('',(#4934,#4942,#4943,#4951));
#4934 = ORIENTED_EDGE('',*,*,#4935,.F.);
#4935 = EDGE_CURVE('',#2931,#4936,#4938,.T.);
#4936 = VERTEX_POINT('',#4937);
#4937 = CARTESIAN_POINT('',(-40.20285622446,50.283552409764,26.));
#4938 = LINE('',#4939,#4940);
#4939 = CARTESIAN_POINT('',(-40.20285622446,50.283552409764,3.8));
#4940 = VECTOR('',#4941,1.);
#4941 = DIRECTION('',(0.,0.,1.));
#4942 = ORIENTED_EDGE('',*,*,#2930,.T.);
#4943 = ORIENTED_EDGE('',*,*,#4944,.T.);
#4944 = EDGE_CURVE('',#2933,#4945,#4947,.T.);
#4945 = VERTEX_POINT('',#4946);
#4946 = CARTESIAN_POINT('',(-33.3959853028,33.620224163105,26.));
#4947 = LINE('',#4948,#4949);
#4948 = CARTESIAN_POINT('',(-33.3959853028,33.620224163105,3.8));
#4949 = VECTOR('',#4950,1.);
#4950 = DIRECTION('',(0.,0.,1.));
#4951 = ORIENTED_EDGE('',*,*,#4952,.T.);
#4952 = EDGE_CURVE('',#4945,#4936,#4953,.T.);
#4953 = LINE('',#4954,#4955);
#4954 = CARTESIAN_POINT('',(-33.3959853028,33.620224163105,26.));
#4955 = VECTOR('',#4956,1.);
#4956 = DIRECTION('',(-0.378159495647,0.925740458148,0.));
#4957 = PLANE('',#4958);
#4958 = AXIS2_PLACEMENT_3D('',#4959,#4960,#4961);
#4959 = CARTESIAN_POINT('',(-33.3959853028,33.620224163105,3.8));
#4960 = DIRECTION('',(-0.925740458148,-0.378159495647,0.));
#4961 = DIRECTION('',(0.,0.,1.));
#4962 = ADVANCED_FACE('',(#4963),#4981,.F.);
#4963 = FACE_BOUND('',#4964,.F.);
#4964 = EDGE_LOOP('',(#4965,#4966,#4967,#4975));
#4965 = ORIENTED_EDGE('',*,*,#4944,.F.);
#4966 = ORIENTED_EDGE('',*,*,#2940,.T.);
#4967 = ORIENTED_EDGE('',*,*,#4968,.T.);
#4968 = EDGE_CURVE('',#2941,#4969,#4971,.T.);
#4969 = VERTEX_POINT('',#4970);
#4970 = CARTESIAN_POINT('',(-44.50487080057,29.082310215335,26.));
#4971 = LINE('',#4972,#4973);
#4972 = CARTESIAN_POINT('',(-44.50487080057,29.082310215335,3.8));
#4973 = VECTOR('',#4974,1.);
#4974 = DIRECTION('',(0.,0.,1.));
#4975 = ORIENTED_EDGE('',*,*,#4976,.F.);
#4976 = EDGE_CURVE('',#4945,#4969,#4977,.T.);
#4977 = LINE('',#4978,#4979);
#4978 = CARTESIAN_POINT('',(-33.3959853028,33.620224163105,26.));
#4979 = VECTOR('',#4980,1.);
#4980 = DIRECTION('',(-0.925740458148,-0.378159495647,0.));
#4981 = PLANE('',#4982);
#4982 = AXIS2_PLACEMENT_3D('',#4983,#4984,#4985);
#4983 = CARTESIAN_POINT('',(-33.3959853028,33.620224163105,3.8));
#4984 = DIRECTION('',(-0.378159495647,0.925740458148,0.));
#4985 = DIRECTION('',(0.,0.,1.));
#4986 = ADVANCED_FACE('',(#4987),#5005,.T.);
#4987 = FACE_BOUND('',#4988,.T.);
#4988 = EDGE_LOOP('',(#4989,#4997,#4998,#4999));
#4989 = ORIENTED_EDGE('',*,*,#4990,.F.);
#4990 = EDGE_CURVE('',#2949,#4991,#4993,.T.);
#4991 = VERTEX_POINT('',#4992);
#4992 = CARTESIAN_POINT('',(-51.31174172223,45.745638461995,26.));
#4993 = LINE('',#4994,#4995);
#4994 = CARTESIAN_POINT('',(-51.31174172223,45.745638461995,3.8));
#4995 = VECTOR('',#4996,1.);
#4996 = DIRECTION('',(0.,0.,1.));
#4997 = ORIENTED_EDGE('',*,*,#2948,.T.);
#4998 = ORIENTED_EDGE('',*,*,#4968,.T.);
#4999 = ORIENTED_EDGE('',*,*,#5000,.T.);
#5000 = EDGE_CURVE('',#4969,#4991,#5001,.T.);
#5001 = LINE('',#5002,#5003);
#5002 = CARTESIAN_POINT('',(-44.50487080057,29.082310215335,26.));
#5003 = VECTOR('',#5004,1.);
#5004 = DIRECTION('',(-0.378159495647,0.925740458148,0.));
#5005 = PLANE('',#5006);
#5006 = AXIS2_PLACEMENT_3D('',#5007,#5008,#5009);
#5007 = CARTESIAN_POINT('',(-44.50487080057,29.082310215335,3.8));
#5008 = DIRECTION('',(-0.925740458148,-0.378159495647,0.));
#5009 = DIRECTION('',(0.,0.,1.));
#5010 = ADVANCED_FACE('',(#5011),#5022,.T.);
#5011 = FACE_BOUND('',#5012,.T.);
#5012 = EDGE_LOOP('',(#5013,#5014,#5015,#5016));
#5013 = ORIENTED_EDGE('',*,*,#4935,.F.);
#5014 = ORIENTED_EDGE('',*,*,#2956,.T.);
#5015 = ORIENTED_EDGE('',*,*,#4990,.T.);
#5016 = ORIENTED_EDGE('',*,*,#5017,.F.);
#5017 = EDGE_CURVE('',#4936,#4991,#5018,.T.);
#5018 = LINE('',#5019,#5020);
#5019 = CARTESIAN_POINT('',(-40.20285622446,50.283552409764,26.));
#5020 = VECTOR('',#5021,1.);
#5021 = DIRECTION('',(-0.925740458148,-0.378159495647,0.));
#5022 = PLANE('',#5023);
#5023 = AXIS2_PLACEMENT_3D('',#5024,#5025,#5026);
#5024 = CARTESIAN_POINT('',(-40.20285622446,50.283552409764,3.8));
#5025 = DIRECTION('',(-0.378159495647,0.925740458148,0.));
#5026 = DIRECTION('',(0.,0.,1.));
#5027 = ADVANCED_FACE('',(#5028),#5040,.F.);
#5028 = FACE_BOUND('',#5029,.F.);
#5029 = EDGE_LOOP('',(#5030,#5031,#5032,#5033));
#5030 = ORIENTED_EDGE('',*,*,#2980,.F.);
#5031 = ORIENTED_EDGE('',*,*,#3101,.T.);
#5032 = ORIENTED_EDGE('',*,*,#3029,.T.);
#5033 = ORIENTED_EDGE('',*,*,#5034,.F.);
#5034 = EDGE_CURVE('',#2981,#3030,#5035,.T.);
#5035 = CIRCLE('',#5036,102.);
#5036 = AXIS2_PLACEMENT_3D('',#5037,#5038,#5039);
#5037 = CARTESIAN_POINT('',(0.,-64.,14.));
#5038 = DIRECTION('',(0.,0.,1.));
#5039 = DIRECTION('',(1.,0.,0.));
#5040 = CYLINDRICAL_SURFACE('',#5041,102.);
#5041 = AXIS2_PLACEMENT_3D('',#5042,#5043,#5044);
#5042 = CARTESIAN_POINT('',(0.,-64.,10.));
#5043 = DIRECTION('',(0.,0.,1.));
#5044 = DIRECTION('',(1.,0.,0.));
#5045 = ADVANCED_FACE('',(#5046),#5058,.T.);
#5046 = FACE_BOUND('',#5047,.T.);
#5047 = EDGE_LOOP('',(#5048,#5049,#5050,#5051,#5052));
#5048 = ORIENTED_EDGE('',*,*,#3037,.F.);
#5049 = ORIENTED_EDGE('',*,*,#5034,.F.);
#5050 = ORIENTED_EDGE('',*,*,#2988,.T.);
#5051 = ORIENTED_EDGE('',*,*,#4880,.T.);
#5052 = ORIENTED_EDGE('',*,*,#5053,.F.);
#5053 = EDGE_CURVE('',#3038,#4881,#5054,.T.);
#5054 = LINE('',#5055,#5056);
#5055 = CARTESIAN_POINT('',(-98.075,1.029300470935,14.));
#5056 = VECTOR('',#5057,1.);
#5057 = DIRECTION('',(0.,1.,-0.));
#5058 = PLANE('',#5059);
#5059 = AXIS2_PLACEMENT_3D('',#5060,#5061,#5062);
#5060 = CARTESIAN_POINT('',(2.830576295061,-61.94139905813,14.));
#5061 = DIRECTION('',(0.,0.,1.));
#5062 = DIRECTION('',(-0.588171697675,0.808736084303,0.));
#5063 = ADVANCED_FACE('',(#5064),#5122,.T.);
#5064 = FACE_BOUND('',#5065,.T.);
#5065 = EDGE_LOOP('',(#5066,#5067,#5075,#5083,#5091,#5099,#5107,#5115,
    #5121));
#5066 = ORIENTED_EDGE('',*,*,#3077,.F.);
#5067 = ORIENTED_EDGE('',*,*,#5068,.T.);
#5068 = EDGE_CURVE('',#3070,#5069,#5071,.T.);
#5069 = VERTEX_POINT('',#5070);
#5070 = CARTESIAN_POINT('',(-95.8,65.5,8.));
#5071 = LINE('',#5072,#5073);
#5072 = CARTESIAN_POINT('',(-95.8,58.,8.));
#5073 = VECTOR('',#5074,1.);
#5074 = DIRECTION('',(-0.,1.,0.));
#5075 = ORIENTED_EDGE('',*,*,#5076,.F.);
#5076 = EDGE_CURVE('',#5077,#5069,#5079,.T.);
#5077 = VERTEX_POINT('',#5078);
#5078 = CARTESIAN_POINT('',(-96.5,65.5,8.));
#5079 = LINE('',#5080,#5081);
#5080 = CARTESIAN_POINT('',(-104.2,65.5,8.));
#5081 = VECTOR('',#5082,1.);
#5082 = DIRECTION('',(1.,0.,-0.));
#5083 = ORIENTED_EDGE('',*,*,#5084,.T.);
#5084 = EDGE_CURVE('',#5077,#5085,#5087,.T.);
#5085 = VERTEX_POINT('',#5086);
#5086 = CARTESIAN_POINT('',(-96.5,77.6,8.));
#5087 = LINE('',#5088,#5089);
#5088 = CARTESIAN_POINT('',(-96.5,64.,8.));
#5089 = VECTOR('',#5090,1.);
#5090 = DIRECTION('',(0.,1.,0.));
#5091 = ORIENTED_EDGE('',*,*,#5092,.T.);
#5092 = EDGE_CURVE('',#5085,#5093,#5095,.T.);
#5093 = VERTEX_POINT('',#5094);
#5094 = CARTESIAN_POINT('',(-103.5,77.6,8.));
#5095 = LINE('',#5096,#5097);
#5096 = CARTESIAN_POINT('',(-122.75,77.6,8.));
#5097 = VECTOR('',#5098,1.);
#5098 = DIRECTION('',(-1.,0.,0.));
#5099 = ORIENTED_EDGE('',*,*,#5100,.F.);
#5100 = EDGE_CURVE('',#5101,#5093,#5103,.T.);
#5101 = VERTEX_POINT('',#5102);
#5102 = CARTESIAN_POINT('',(-103.5,65.5,8.));
#5103 = LINE('',#5104,#5105);
#5104 = CARTESIAN_POINT('',(-103.5,64.,8.));
#5105 = VECTOR('',#5106,1.);
#5106 = DIRECTION('',(0.,1.,0.));
#5107 = ORIENTED_EDGE('',*,*,#5108,.F.);
#5108 = EDGE_CURVE('',#5109,#5101,#5111,.T.);
#5109 = VERTEX_POINT('',#5110);
#5110 = CARTESIAN_POINT('',(-104.2,65.5,8.));
#5111 = LINE('',#5112,#5113);
#5112 = CARTESIAN_POINT('',(-104.2,65.5,8.));
#5113 = VECTOR('',#5114,1.);
#5114 = DIRECTION('',(1.,0.,-0.));
#5115 = ORIENTED_EDGE('',*,*,#5116,.F.);
#5116 = EDGE_CURVE('',#4913,#5109,#5117,.T.);
#5117 = LINE('',#5118,#5119);
#5118 = CARTESIAN_POINT('',(-104.2,58.,8.));
#5119 = VECTOR('',#5120,1.);
#5120 = DIRECTION('',(-0.,1.,0.));
#5121 = ORIENTED_EDGE('',*,*,#4920,.F.);
#5122 = PLANE('',#5123);
#5123 = AXIS2_PLACEMENT_3D('',#5124,#5125,#5126);
#5124 = CARTESIAN_POINT('',(-99.60485279821,70.035925686247,8.));
#5125 = DIRECTION('',(0.,0.,1.));
#5126 = DIRECTION('',(1.,0.,-0.));
#5127 = ADVANCED_FACE('',(#5128),#5146,.F.);
#5128 = FACE_BOUND('',#5129,.F.);
#5129 = EDGE_LOOP('',(#5130,#5138,#5139,#5140));
#5130 = ORIENTED_EDGE('',*,*,#5131,.F.);
#5131 = EDGE_CURVE('',#3062,#5132,#5134,.T.);
#5132 = VERTEX_POINT('',#5133);
#5133 = CARTESIAN_POINT('',(-95.8,65.5,12.3));
#5134 = LINE('',#5135,#5136);
#5135 = CARTESIAN_POINT('',(-95.8,58.,12.3));
#5136 = VECTOR('',#5137,1.);
#5137 = DIRECTION('',(-0.,1.,0.));
#5138 = ORIENTED_EDGE('',*,*,#3069,.F.);
#5139 = ORIENTED_EDGE('',*,*,#5068,.T.);
#5140 = ORIENTED_EDGE('',*,*,#5141,.T.);
#5141 = EDGE_CURVE('',#5069,#5132,#5142,.T.);
#5142 = LINE('',#5143,#5144);
#5143 = CARTESIAN_POINT('',(-95.8,65.5,8.));
#5144 = VECTOR('',#5145,1.);
#5145 = DIRECTION('',(0.,0.,1.));
#5146 = PLANE('',#5147);
#5147 = AXIS2_PLACEMENT_3D('',#5148,#5149,#5150);
#5148 = CARTESIAN_POINT('',(-95.8,58.,8.));
#5149 = DIRECTION('',(1.,0.,-0.));
#5150 = DIRECTION('',(0.,0.,1.));
#5151 = ADVANCED_FACE('',(#5152),#5178,.F.);
#5152 = FACE_BOUND('',#5153,.F.);
#5153 = EDGE_LOOP('',(#5154,#5155,#5156,#5164,#5172));
#5154 = ORIENTED_EDGE('',*,*,#3061,.F.);
#5155 = ORIENTED_EDGE('',*,*,#5131,.T.);
#5156 = ORIENTED_EDGE('',*,*,#5157,.F.);
#5157 = EDGE_CURVE('',#5158,#5132,#5160,.T.);
#5158 = VERTEX_POINT('',#5159);
#5159 = CARTESIAN_POINT('',(-96.5875,65.5,12.3));
#5160 = LINE('',#5161,#5162);
#5161 = CARTESIAN_POINT('',(-104.2,65.5,12.3));
#5162 = VECTOR('',#5163,1.);
#5163 = DIRECTION('',(1.,0.,-0.));
#5164 = ORIENTED_EDGE('',*,*,#5165,.T.);
#5165 = EDGE_CURVE('',#5158,#5166,#5168,.T.);
#5166 = VERTEX_POINT('',#5167);
#5167 = CARTESIAN_POINT('',(-96.5875,64.,12.3));
#5168 = LINE('',#5169,#5170);
#5169 = CARTESIAN_POINT('',(-96.5875,61.,12.3));
#5170 = VECTOR('',#5171,1.);
#5171 = DIRECTION('',(-0.,-1.,0.));
#5172 = ORIENTED_EDGE('',*,*,#5173,.T.);
#5173 = EDGE_CURVE('',#5166,#3054,#5174,.T.);
#5174 = LINE('',#5175,#5176);
#5175 = CARTESIAN_POINT('',(-102.1,64.,12.3));
#5176 = VECTOR('',#5177,1.);
#5177 = DIRECTION('',(-1.,0.,0.));
#5178 = PLANE('',#5179);
#5179 = AXIS2_PLACEMENT_3D('',#5180,#5181,#5182);
#5180 = CARTESIAN_POINT('',(-104.2,58.,12.3));
#5181 = DIRECTION('',(0.,0.,1.));
#5182 = DIRECTION('',(1.,0.,-0.));
#5183 = ADVANCED_FACE('',(#5184),#5194,.F.);
#5184 = FACE_BOUND('',#5185,.F.);
#5185 = EDGE_LOOP('',(#5186,#5187,#5188));
#5186 = ORIENTED_EDGE('',*,*,#3053,.F.);
#5187 = ORIENTED_EDGE('',*,*,#5173,.F.);
#5188 = ORIENTED_EDGE('',*,*,#5189,.T.);
#5189 = EDGE_CURVE('',#5166,#3046,#5190,.T.);
#5190 = LINE('',#5191,#5192);
#5191 = CARTESIAN_POINT('',(-96.5,64.,12.2));
#5192 = VECTOR('',#5193,1.);
#5193 = DIRECTION('',(-0.658504607869,0.,0.752576694707));
#5194 = PLANE('',#5195);
#5195 = AXIS2_PLACEMENT_3D('',#5196,#5197,#5198);
#5196 = CARTESIAN_POINT('',(-100.,64.,11.209621053989));
#5197 = DIRECTION('',(-0.,-1.,-0.));
#5198 = DIRECTION('',(0.,0.,-1.));
#5199 = ADVANCED_FACE('',(#5200),#5237,.F.);
#5200 = FACE_BOUND('',#5201,.F.);
#5201 = EDGE_LOOP('',(#5202,#5203,#5204,#5212,#5220,#5228,#5234,#5235,
    #5236));
#5202 = ORIENTED_EDGE('',*,*,#5189,.F.);
#5203 = ORIENTED_EDGE('',*,*,#5165,.F.);
#5204 = ORIENTED_EDGE('',*,*,#5205,.F.);
#5205 = EDGE_CURVE('',#5206,#5158,#5208,.T.);
#5206 = VERTEX_POINT('',#5207);
#5207 = CARTESIAN_POINT('',(-96.5,65.5,12.2));
#5208 = LINE('',#5209,#5210);
#5209 = CARTESIAN_POINT('',(-97.12876106194,65.5,12.918584070796));
#5210 = VECTOR('',#5211,1.);
#5211 = DIRECTION('',(-0.658504607869,-0.,0.752576694707));
#5212 = ORIENTED_EDGE('',*,*,#5213,.T.);
#5213 = EDGE_CURVE('',#5206,#5214,#5216,.T.);
#5214 = VERTEX_POINT('',#5215);
#5215 = CARTESIAN_POINT('',(-96.5,81.526666666661,12.2));
#5216 = LINE('',#5217,#5218);
#5217 = CARTESIAN_POINT('',(-96.5,64.,12.2));
#5218 = VECTOR('',#5219,1.);
#5219 = DIRECTION('',(0.,1.,0.));
#5220 = ORIENTED_EDGE('',*,*,#5221,.F.);
#5221 = EDGE_CURVE('',#5222,#5214,#5224,.T.);
#5222 = VERTEX_POINT('',#5223);
#5223 = CARTESIAN_POINT('',(-100.,85.659999999997,16.2));
#5224 = LINE('',#5225,#5226);
#5225 = CARTESIAN_POINT('',(-102.469009338,88.575782456309,
    19.021724957719));
#5226 = VECTOR('',#5227,1.);
#5227 = DIRECTION('',(0.519821089745,-0.613883953604,-0.594081245423));
#5228 = ORIENTED_EDGE('',*,*,#5229,.F.);
#5229 = EDGE_CURVE('',#4889,#5222,#5230,.T.);
#5230 = LINE('',#5231,#5232);
#5231 = CARTESIAN_POINT('',(-100.,64.,16.2));
#5232 = VECTOR('',#5233,1.);
#5233 = DIRECTION('',(0.,1.,0.));
#5234 = ORIENTED_EDGE('',*,*,#4888,.T.);
#5235 = ORIENTED_EDGE('',*,*,#5053,.F.);
#5236 = ORIENTED_EDGE('',*,*,#3045,.F.);
#5237 = PLANE('',#5238);
#5238 = AXIS2_PLACEMENT_3D('',#5239,#5240,#5241);
#5239 = CARTESIAN_POINT('',(-96.5,64.,12.2));
#5240 = DIRECTION('',(0.752576694707,-0.,0.658504607869));
#5241 = DIRECTION('',(-0.658504607869,0.,0.752576694707));
#5242 = ADVANCED_FACE('',(#5243),#5300,.T.);
#5243 = FACE_BOUND('',#5244,.T.);
#5244 = EDGE_LOOP('',(#5245,#5246,#5247,#5255,#5263,#5271,#5279,#5287,
    #5293,#5294));
#5245 = ORIENTED_EDGE('',*,*,#3127,.F.);
#5246 = ORIENTED_EDGE('',*,*,#4641,.T.);
#5247 = ORIENTED_EDGE('',*,*,#5248,.T.);
#5248 = EDGE_CURVE('',#4634,#5249,#5251,.T.);
#5249 = VERTEX_POINT('',#5250);
#5250 = CARTESIAN_POINT('',(-101.9950979214,-65.,24.));
#5251 = LINE('',#5252,#5253);
#5252 = CARTESIAN_POINT('',(-140.,-65.,24.));
#5253 = VECTOR('',#5254,1.);
#5254 = DIRECTION('',(1.,0.,0.));
#5255 = ORIENTED_EDGE('',*,*,#5256,.F.);
#5256 = EDGE_CURVE('',#5257,#5249,#5259,.T.);
#5257 = VERTEX_POINT('',#5258);
#5258 = CARTESIAN_POINT('',(-101.9950979214,-65.,13.919888089829));
#5259 = LINE('',#5260,#5261);
#5260 = CARTESIAN_POINT('',(-101.9950979214,-65.,10.));
#5261 = VECTOR('',#5262,1.);
#5262 = DIRECTION('',(0.,0.,1.));
#5263 = ORIENTED_EDGE('',*,*,#5264,.F.);
#5264 = EDGE_CURVE('',#5265,#5257,#5267,.T.);
#5265 = VERTEX_POINT('',#5266);
#5266 = CARTESIAN_POINT('',(-103.5,-65.,12.2));
#5267 = LINE('',#5268,#5269);
#5268 = CARTESIAN_POINT('',(-111.6955752212,-65.,2.833628318584));
#5269 = VECTOR('',#5270,1.);
#5270 = DIRECTION('',(0.658504607869,-0.,0.752576694707));
#5271 = ORIENTED_EDGE('',*,*,#5272,.F.);
#5272 = EDGE_CURVE('',#5273,#5265,#5275,.T.);
#5273 = VERTEX_POINT('',#5274);
#5274 = CARTESIAN_POINT('',(-103.5,-65.,8.));
#5275 = LINE('',#5276,#5277);
#5276 = CARTESIAN_POINT('',(-103.5,-65.,8.1));
#5277 = VECTOR('',#5278,1.);
#5278 = DIRECTION('',(0.,-0.,1.));
#5279 = ORIENTED_EDGE('',*,*,#5280,.F.);
#5280 = EDGE_CURVE('',#5281,#5273,#5283,.T.);
#5281 = VERTEX_POINT('',#5282);
#5282 = CARTESIAN_POINT('',(-96.5,-65.,8.));
#5283 = LINE('',#5284,#5285);
#5284 = CARTESIAN_POINT('',(-121.75,-65.,8.));
#5285 = VECTOR('',#5286,1.);
#5286 = DIRECTION('',(-1.,0.,0.));
#5287 = ORIENTED_EDGE('',*,*,#5288,.F.);
#5288 = EDGE_CURVE('',#3233,#5281,#5289,.T.);
#5289 = LINE('',#5290,#5291);
#5290 = CARTESIAN_POINT('',(-96.5,-65.,6.));
#5291 = VECTOR('',#5292,1.);
#5292 = DIRECTION('',(0.,0.,-1.));
#5293 = ORIENTED_EDGE('',*,*,#3232,.T.);
#5294 = ORIENTED_EDGE('',*,*,#5295,.F.);
#5295 = EDGE_CURVE('',#3128,#3225,#5296,.T.);
#5296 = LINE('',#5297,#5298);
#5297 = CARTESIAN_POINT('',(-85.,-65.,4.));
#5298 = VECTOR('',#5299,1.);
#5299 = DIRECTION('',(0.,0.,1.));
#5300 = PLANE('',#5301);
#5301 = AXIS2_PLACEMENT_3D('',#5302,#5303,#5304);
#5302 = CARTESIAN_POINT('',(-140.,-65.,4.));
#5303 = DIRECTION('',(0.,1.,0.));
#5304 = DIRECTION('',(0.,0.,1.));
#5305 = ADVANCED_FACE('',(#5306),#5312,.T.);
#5306 = FACE_BOUND('',#5307,.T.);
#5307 = EDGE_LOOP('',(#5308,#5309,#5310,#5311));
#5308 = ORIENTED_EDGE('',*,*,#5295,.T.);
#5309 = ORIENTED_EDGE('',*,*,#3224,.T.);
#5310 = ORIENTED_EDGE('',*,*,#3175,.F.);
#5311 = ORIENTED_EDGE('',*,*,#3135,.T.);
#5312 = PLANE('',#5313);
#5313 = AXIS2_PLACEMENT_3D('',#5314,#5315,#5316);
#5314 = CARTESIAN_POINT('',(-85.,-115.,4.));
#5315 = DIRECTION('',(1.,0.,0.));
#5316 = DIRECTION('',(0.,0.,1.));
#5317 = ADVANCED_FACE('',(#5318),#5329,.T.);
#5318 = FACE_BOUND('',#5319,.T.);
#5319 = EDGE_LOOP('',(#5320,#5326,#5327,#5328));
#5320 = ORIENTED_EDGE('',*,*,#5321,.F.);
#5321 = EDGE_CURVE('',#3331,#3282,#5322,.T.);
#5322 = LINE('',#5323,#5324);
#5323 = CARTESIAN_POINT('',(-85.,-115.,4.));
#5324 = VECTOR('',#5325,1.);
#5325 = DIRECTION('',(0.,0.,1.));
#5326 = ORIENTED_EDGE('',*,*,#3330,.T.);
#5327 = ORIENTED_EDGE('',*,*,#3200,.T.);
#5328 = ORIENTED_EDGE('',*,*,#3289,.T.);
#5329 = PLANE('',#5330);
#5330 = AXIS2_PLACEMENT_3D('',#5331,#5332,#5333);
#5331 = CARTESIAN_POINT('',(-85.,-115.,4.));
#5332 = DIRECTION('',(1.,0.,0.));
#5333 = DIRECTION('',(0.,0.,1.));
#5334 = ADVANCED_FACE('',(#5335,#5355),#5397,.F.);
#5335 = FACE_BOUND('',#5336,.F.);
#5336 = EDGE_LOOP('',(#5337,#5338,#5339,#5347,#5353,#5354));
#5337 = ORIENTED_EDGE('',*,*,#3338,.F.);
#5338 = ORIENTED_EDGE('',*,*,#4625,.T.);
#5339 = ORIENTED_EDGE('',*,*,#5340,.T.);
#5340 = EDGE_CURVE('',#4626,#5341,#5343,.T.);
#5341 = VERTEX_POINT('',#5342);
#5342 = CARTESIAN_POINT('',(-88.33459118601,-115.,24.));
#5343 = LINE('',#5344,#5345);
#5344 = CARTESIAN_POINT('',(-140.,-115.,24.));
#5345 = VECTOR('',#5346,1.);
#5346 = DIRECTION('',(1.,0.,0.));
#5347 = ORIENTED_EDGE('',*,*,#5348,.F.);
#5348 = EDGE_CURVE('',#3273,#5341,#5349,.T.);
#5349 = LINE('',#5350,#5351);
#5350 = CARTESIAN_POINT('',(-88.33459118601,-115.,10.));
#5351 = VECTOR('',#5352,1.);
#5352 = DIRECTION('',(0.,0.,1.));
#5353 = ORIENTED_EDGE('',*,*,#3281,.T.);
#5354 = ORIENTED_EDGE('',*,*,#5321,.F.);
#5355 = FACE_BOUND('',#5356,.F.);
#5356 = EDGE_LOOP('',(#5357,#5367,#5375,#5383,#5391));
#5357 = ORIENTED_EDGE('',*,*,#5358,.F.);
#5358 = EDGE_CURVE('',#5359,#5361,#5363,.T.);
#5359 = VERTEX_POINT('',#5360);
#5360 = CARTESIAN_POINT('',(-96.5,-115.,8.));
#5361 = VERTEX_POINT('',#5362);
#5362 = CARTESIAN_POINT('',(-103.5,-115.,8.));
#5363 = LINE('',#5364,#5365);
#5364 = CARTESIAN_POINT('',(-121.75,-115.,8.));
#5365 = VECTOR('',#5366,1.);
#5366 = DIRECTION('',(-1.,0.,0.));
#5367 = ORIENTED_EDGE('',*,*,#5368,.F.);
#5368 = EDGE_CURVE('',#5369,#5359,#5371,.T.);
#5369 = VERTEX_POINT('',#5370);
#5370 = CARTESIAN_POINT('',(-96.5,-115.,12.2));
#5371 = LINE('',#5372,#5373);
#5372 = CARTESIAN_POINT('',(-96.5,-115.,6.));
#5373 = VECTOR('',#5374,1.);
#5374 = DIRECTION('',(0.,0.,-1.));
#5375 = ORIENTED_EDGE('',*,*,#5376,.F.);
#5376 = EDGE_CURVE('',#5377,#5369,#5379,.T.);
#5377 = VERTEX_POINT('',#5378);
#5378 = CARTESIAN_POINT('',(-100.,-115.,16.2));
#5379 = LINE('',#5380,#5381);
#5380 = CARTESIAN_POINT('',(-103.8995575221,-115.,20.656637168142));
#5381 = VECTOR('',#5382,1.);
#5382 = DIRECTION('',(0.658504607869,0.,-0.752576694707));
#5383 = ORIENTED_EDGE('',*,*,#5384,.F.);
#5384 = EDGE_CURVE('',#5385,#5377,#5387,.T.);
#5385 = VERTEX_POINT('',#5386);
#5386 = CARTESIAN_POINT('',(-103.5,-115.,12.2));
#5387 = LINE('',#5388,#5389);
#5388 = CARTESIAN_POINT('',(-111.6955752212,-115.,2.833628318584));
#5389 = VECTOR('',#5390,1.);
#5390 = DIRECTION('',(0.658504607869,-0.,0.752576694707));
#5391 = ORIENTED_EDGE('',*,*,#5392,.F.);
#5392 = EDGE_CURVE('',#5361,#5385,#5393,.T.);
#5393 = LINE('',#5394,#5395);
#5394 = CARTESIAN_POINT('',(-103.5,-115.,8.1));
#5395 = VECTOR('',#5396,1.);
#5396 = DIRECTION('',(0.,-0.,1.));
#5397 = PLANE('',#5398);
#5398 = AXIS2_PLACEMENT_3D('',#5399,#5400,#5401);
#5399 = CARTESIAN_POINT('',(-140.,-115.,4.));
#5400 = DIRECTION('',(0.,1.,0.));
#5401 = DIRECTION('',(0.,0.,1.));
#5402 = ADVANCED_FACE('',(#5403),#5449,.F.);
#5403 = FACE_BOUND('',#5404,.F.);
#5404 = EDGE_LOOP('',(#5405,#5406,#5415,#5424,#5433,#5440,#5441,#5442));
#5405 = ORIENTED_EDGE('',*,*,#5256,.F.);
#5406 = ORIENTED_EDGE('',*,*,#5407,.T.);
#5407 = EDGE_CURVE('',#5257,#5408,#5410,.T.);
#5408 = VERTEX_POINT('',#5409);
#5409 = CARTESIAN_POINT('',(-100.,-84.09975124224,16.2));
#5410 = ELLIPSE('',#5411,154.89641041413,102.);
#5411 = AXIS2_PLACEMENT_3D('',#5412,#5413,#5414);
#5412 = CARTESIAN_POINT('',(0.,-64.,130.48571428571));
#5413 = DIRECTION('',(-0.752576694707,0.,0.658504607869));
#5414 = DIRECTION('',(0.658504607869,0.,0.752576694707));
#5415 = ORIENTED_EDGE('',*,*,#5416,.T.);
#5416 = EDGE_CURVE('',#5408,#5417,#5419,.T.);
#5417 = VERTEX_POINT('',#5418);
#5418 = CARTESIAN_POINT('',(-99.73993527606,-85.35287594507,
    15.902783172649));
#5419 = ELLIPSE('',#5420,154.89641041413,102.);
#5420 = AXIS2_PLACEMENT_3D('',#5421,#5422,#5423);
#5421 = CARTESIAN_POINT('',(0.,-64.,-98.08571428571));
#5422 = DIRECTION('',(0.752576694707,0.,0.658504607869));
#5423 = DIRECTION('',(-0.658504607869,0.,0.752576694707));
#5424 = ORIENTED_EDGE('',*,*,#5425,.F.);
#5425 = EDGE_CURVE('',#5426,#5417,#5428,.T.);
#5426 = VERTEX_POINT('',#5427);
#5427 = CARTESIAN_POINT('',(-98.6306240475,-90.,20.4));
#5428 = ELLIPSE('',#5429,141.94224324076,102.);
#5429 = AXIS2_PLACEMENT_3D('',#5430,#5431,#5432);
#5430 = CARTESIAN_POINT('',(0.,-64.,-4.761290322572));
#5431 = DIRECTION('',(-0.,-0.695421427516,-0.718602141767));
#5432 = DIRECTION('',(0.,-0.718602141767,0.695421427516));
#5433 = ORIENTED_EDGE('',*,*,#5434,.F.);
#5434 = EDGE_CURVE('',#3265,#5426,#5435,.T.);
#5435 = ELLIPSE('',#5436,141.94224324076,102.);
#5436 = AXIS2_PLACEMENT_3D('',#5437,#5438,#5439);
#5437 = CARTESIAN_POINT('',(0.,-64.,45.561290322564));
#5438 = DIRECTION('',(0.,0.695421427516,-0.718602141767));
#5439 = DIRECTION('',(0.,0.718602141767,0.695421427516));
#5440 = ORIENTED_EDGE('',*,*,#3272,.T.);
#5441 = ORIENTED_EDGE('',*,*,#5348,.T.);
#5442 = ORIENTED_EDGE('',*,*,#5443,.F.);
#5443 = EDGE_CURVE('',#5249,#5341,#5444,.T.);
#5444 = CIRCLE('',#5445,102.);
#5445 = AXIS2_PLACEMENT_3D('',#5446,#5447,#5448);
#5446 = CARTESIAN_POINT('',(0.,-64.,24.));
#5447 = DIRECTION('',(0.,0.,1.));
#5448 = DIRECTION('',(1.,0.,0.));
#5449 = CYLINDRICAL_SURFACE('',#5450,102.);
#5450 = AXIS2_PLACEMENT_3D('',#5451,#5452,#5453);
#5451 = CARTESIAN_POINT('',(0.,-64.,10.));
#5452 = DIRECTION('',(0.,0.,1.));
#5453 = DIRECTION('',(1.,0.,0.));
#5454 = ADVANCED_FACE('',(#5455),#5552,.T.);
#5455 = FACE_BOUND('',#5456,.T.);
#5456 = EDGE_LOOP('',(#5457,#5458,#5466,#5474,#5482,#5490,#5496,#5497,
    #5498,#5506,#5514,#5522,#5530,#5538,#5546));
#5457 = ORIENTED_EDGE('',*,*,#4765,.F.);
#5458 = ORIENTED_EDGE('',*,*,#5459,.T.);
#5459 = EDGE_CURVE('',#4758,#5460,#5462,.T.);
#5460 = VERTEX_POINT('',#5461);
#5461 = CARTESIAN_POINT('',(-119.3,-90.,20.4));
#5462 = LINE('',#5463,#5464);
#5463 = CARTESIAN_POINT('',(-142.,-90.,20.4));
#5464 = VECTOR('',#5465,1.);
#5465 = DIRECTION('',(1.,0.,0.));
#5466 = ORIENTED_EDGE('',*,*,#5467,.T.);
#5467 = EDGE_CURVE('',#5460,#5468,#5470,.T.);
#5468 = VERTEX_POINT('',#5469);
#5469 = CARTESIAN_POINT('',(-119.3,-96.3,14.303225806452));
#5470 = LINE('',#5471,#5472);
#5471 = CARTESIAN_POINT('',(-119.3,-96.97375067168,13.651209027405));
#5472 = VECTOR('',#5473,1.);
#5473 = DIRECTION('',(0.,-0.718602141767,-0.695421427516));
#5474 = ORIENTED_EDGE('',*,*,#5475,.T.);
#5475 = EDGE_CURVE('',#5468,#5476,#5478,.T.);
#5476 = VERTEX_POINT('',#5477);
#5477 = CARTESIAN_POINT('',(-110.7,-96.3,14.303225806452));
#5478 = LINE('',#5479,#5480);
#5479 = CARTESIAN_POINT('',(-130.65,-96.3,14.303225806452));
#5480 = VECTOR('',#5481,1.);
#5481 = DIRECTION('',(1.,0.,0.));
#5482 = ORIENTED_EDGE('',*,*,#5483,.F.);
#5483 = EDGE_CURVE('',#5484,#5476,#5486,.T.);
#5484 = VERTEX_POINT('',#5485);
#5485 = CARTESIAN_POINT('',(-110.7,-90.,20.4));
#5486 = LINE('',#5487,#5488);
#5487 = CARTESIAN_POINT('',(-110.7,-96.97375067168,13.651209027405));
#5488 = VECTOR('',#5489,1.);
#5489 = DIRECTION('',(0.,-0.718602141767,-0.695421427516));
#5490 = ORIENTED_EDGE('',*,*,#5491,.T.);
#5491 = EDGE_CURVE('',#5484,#5426,#5492,.T.);
#5492 = LINE('',#5493,#5494);
#5493 = CARTESIAN_POINT('',(-142.,-90.,20.4));
#5494 = VECTOR('',#5495,1.);
#5495 = DIRECTION('',(1.,0.,0.));
#5496 = ORIENTED_EDGE('',*,*,#5434,.F.);
#5497 = ORIENTED_EDGE('',*,*,#3264,.T.);
#5498 = ORIENTED_EDGE('',*,*,#5499,.T.);
#5499 = EDGE_CURVE('',#3257,#5500,#5502,.T.);
#5500 = VERTEX_POINT('',#5501);
#5501 = CARTESIAN_POINT('',(-89.6,-102.4,8.4));
#5502 = LINE('',#5503,#5504);
#5503 = CARTESIAN_POINT('',(-89.6,-90.,20.4));
#5504 = VECTOR('',#5505,1.);
#5505 = DIRECTION('',(0.,-0.718602141767,-0.695421427516));
#5506 = ORIENTED_EDGE('',*,*,#5507,.F.);
#5507 = EDGE_CURVE('',#5508,#5500,#5510,.T.);
#5508 = VERTEX_POINT('',#5509);
#5509 = CARTESIAN_POINT('',(-96.5,-102.4,8.4));
#5510 = LINE('',#5511,#5512);
#5511 = CARTESIAN_POINT('',(-142.,-102.4,8.4));
#5512 = VECTOR('',#5513,1.);
#5513 = DIRECTION('',(1.,0.,0.));
#5514 = ORIENTED_EDGE('',*,*,#5515,.F.);
#5515 = EDGE_CURVE('',#5516,#5508,#5518,.T.);
#5516 = VERTEX_POINT('',#5517);
#5517 = CARTESIAN_POINT('',(-96.5,-98.47333333333,12.2));
#5518 = LINE('',#5519,#5520);
#5519 = CARTESIAN_POINT('',(-96.5,-99.81139172488,10.905104782377));
#5520 = VECTOR('',#5521,1.);
#5521 = DIRECTION('',(0.,-0.718602141767,-0.695421427516));
#5522 = ORIENTED_EDGE('',*,*,#5523,.F.);
#5523 = EDGE_CURVE('',#5524,#5516,#5526,.T.);
#5524 = VERTEX_POINT('',#5525);
#5525 = CARTESIAN_POINT('',(-100.,-94.34,16.2));
#5526 = LINE('',#5527,#5528);
#5527 = CARTESIAN_POINT('',(-102.469009338,-91.42421754369,
    19.021724957719));
#5528 = VECTOR('',#5529,1.);
#5529 = DIRECTION('',(0.519821089745,-0.613883953604,-0.594081245423));
#5530 = ORIENTED_EDGE('',*,*,#5531,.F.);
#5531 = EDGE_CURVE('',#5532,#5524,#5534,.T.);
#5532 = VERTEX_POINT('',#5533);
#5533 = CARTESIAN_POINT('',(-103.5,-98.47333333333,12.2));
#5534 = LINE('',#5535,#5536);
#5535 = CARTESIAN_POINT('',(-107.7894708463,-103.5389941423,
    7.297747604229));
#5536 = VECTOR('',#5537,1.);
#5537 = DIRECTION('',(0.519821089745,0.613883953604,0.594081245423));
#5538 = ORIENTED_EDGE('',*,*,#5539,.F.);
#5539 = EDGE_CURVE('',#5540,#5532,#5542,.T.);
#5540 = VERTEX_POINT('',#5541);
#5541 = CARTESIAN_POINT('',(-103.5,-102.4,8.4));
#5542 = LINE('',#5543,#5544);
#5543 = CARTESIAN_POINT('',(-103.5,-98.76195593767,11.920687802258));
#5544 = VECTOR('',#5545,1.);
#5545 = DIRECTION('',(0.,0.718602141767,0.695421427516));
#5546 = ORIENTED_EDGE('',*,*,#5547,.F.);
#5547 = EDGE_CURVE('',#4732,#5540,#5548,.T.);
#5548 = LINE('',#5549,#5550);
#5549 = CARTESIAN_POINT('',(-142.,-102.4,8.4));
#5550 = VECTOR('',#5551,1.);
#5551 = DIRECTION('',(1.,0.,0.));
#5552 = PLANE('',#5553);
#5553 = AXIS2_PLACEMENT_3D('',#5554,#5555,#5556);
#5554 = CARTESIAN_POINT('',(-142.,-90.,20.4));
#5555 = DIRECTION('',(0.,0.695421427516,-0.718602141767));
#5556 = DIRECTION('',(0.,-0.718602141767,-0.695421427516));
#5557 = ADVANCED_FACE('',(#5558),#5592,.F.);
#5558 = FACE_BOUND('',#5559,.F.);
#5559 = EDGE_LOOP('',(#5560,#5568,#5576,#5584,#5590,#5591));
#5560 = ORIENTED_EDGE('',*,*,#5561,.T.);
#5561 = EDGE_CURVE('',#5500,#5562,#5564,.T.);
#5562 = VERTEX_POINT('',#5563);
#5563 = CARTESIAN_POINT('',(-89.6,-102.4,3.6));
#5564 = LINE('',#5565,#5566);
#5565 = CARTESIAN_POINT('',(-89.6,-102.4,8.4));
#5566 = VECTOR('',#5567,1.);
#5567 = DIRECTION('',(0.,0.,-1.));
#5568 = ORIENTED_EDGE('',*,*,#5569,.T.);
#5569 = EDGE_CURVE('',#5562,#5570,#5572,.T.);
#5570 = VERTEX_POINT('',#5571);
#5571 = CARTESIAN_POINT('',(-89.6,-77.6,3.6));
#5572 = LINE('',#5573,#5574);
#5573 = CARTESIAN_POINT('',(-89.6,-102.4,3.6));
#5574 = VECTOR('',#5575,1.);
#5575 = DIRECTION('',(0.,1.,0.));
#5576 = ORIENTED_EDGE('',*,*,#5577,.T.);
#5577 = EDGE_CURVE('',#5570,#5578,#5580,.T.);
#5578 = VERTEX_POINT('',#5579);
#5579 = CARTESIAN_POINT('',(-89.6,-77.6,8.4));
#5580 = LINE('',#5581,#5582);
#5581 = CARTESIAN_POINT('',(-89.6,-77.6,3.6));
#5582 = VECTOR('',#5583,1.);
#5583 = DIRECTION('',(0.,0.,1.));
#5584 = ORIENTED_EDGE('',*,*,#5585,.T.);
#5585 = EDGE_CURVE('',#5578,#3249,#5586,.T.);
#5586 = LINE('',#5587,#5588);
#5587 = CARTESIAN_POINT('',(-89.6,-77.6,8.4));
#5588 = VECTOR('',#5589,1.);
#5589 = DIRECTION('',(0.,-0.718602141767,0.695421427516));
#5590 = ORIENTED_EDGE('',*,*,#3256,.T.);
#5591 = ORIENTED_EDGE('',*,*,#5499,.T.);
#5592 = PLANE('',#5593);
#5593 = AXIS2_PLACEMENT_3D('',#5594,#5595,#5596);
#5594 = CARTESIAN_POINT('',(-89.6,-90.,9.343075305071));
#5595 = DIRECTION('',(1.,0.,0.));
#5596 = DIRECTION('',(0.,0.,1.));
#5597 = ADVANCED_FACE('',(#5598),#5616,.T.);
#5598 = FACE_BOUND('',#5599,.T.);
#5599 = EDGE_LOOP('',(#5600,#5608,#5614,#5615));
#5600 = ORIENTED_EDGE('',*,*,#5601,.F.);
#5601 = EDGE_CURVE('',#5602,#3241,#5604,.T.);
#5602 = VERTEX_POINT('',#5603);
#5603 = CARTESIAN_POINT('',(-96.5,-77.6,8.4));
#5604 = LINE('',#5605,#5606);
#5605 = CARTESIAN_POINT('',(-96.5,-87.41472326706,17.898119290704));
#5606 = VECTOR('',#5607,1.);
#5607 = DIRECTION('',(0.,-0.718602141767,0.695421427516));
#5608 = ORIENTED_EDGE('',*,*,#5609,.T.);
#5609 = EDGE_CURVE('',#5602,#5578,#5610,.T.);
#5610 = LINE('',#5611,#5612);
#5611 = CARTESIAN_POINT('',(-142.,-77.6,8.4));
#5612 = VECTOR('',#5613,1.);
#5613 = DIRECTION('',(1.,0.,0.));
#5614 = ORIENTED_EDGE('',*,*,#5585,.T.);
#5615 = ORIENTED_EDGE('',*,*,#3248,.T.);
#5616 = PLANE('',#5617);
#5617 = AXIS2_PLACEMENT_3D('',#5618,#5619,#5620);
#5618 = CARTESIAN_POINT('',(-142.,-77.6,8.4));
#5619 = DIRECTION('',(0.,-0.695421427516,-0.718602141767));
#5620 = DIRECTION('',(0.,-0.718602141767,0.695421427516));
#5621 = ADVANCED_FACE('',(#5622),#5641,.F.);
#5622 = FACE_BOUND('',#5623,.F.);
#5623 = EDGE_LOOP('',(#5624,#5632,#5638,#5639,#5640));
#5624 = ORIENTED_EDGE('',*,*,#5625,.F.);
#5625 = EDGE_CURVE('',#5626,#5602,#5628,.T.);
#5626 = VERTEX_POINT('',#5627);
#5627 = CARTESIAN_POINT('',(-96.5,-77.6,8.));
#5628 = LINE('',#5629,#5630);
#5629 = CARTESIAN_POINT('',(-96.5,-77.6,5.8));
#5630 = VECTOR('',#5631,1.);
#5631 = DIRECTION('',(-0.,0.,1.));
#5632 = ORIENTED_EDGE('',*,*,#5633,.T.);
#5633 = EDGE_CURVE('',#5626,#5281,#5634,.T.);
#5634 = LINE('',#5635,#5636);
#5635 = CARTESIAN_POINT('',(-96.5,-116.,8.));
#5636 = VECTOR('',#5637,1.);
#5637 = DIRECTION('',(0.,1.,0.));
#5638 = ORIENTED_EDGE('',*,*,#5288,.F.);
#5639 = ORIENTED_EDGE('',*,*,#3240,.F.);
#5640 = ORIENTED_EDGE('',*,*,#5601,.F.);
#5641 = PLANE('',#5642);
#5642 = AXIS2_PLACEMENT_3D('',#5643,#5644,#5645);
#5643 = CARTESIAN_POINT('',(-96.5,-116.,8.));
#5644 = DIRECTION('',(1.,0.,0.));
#5645 = DIRECTION('',(0.,0.,1.));
#5646 = ADVANCED_FACE('',(#5647),#5667,.T.);
#5647 = FACE_BOUND('',#5648,.T.);
#5648 = EDGE_LOOP('',(#5649,#5650,#5651,#5659,#5665,#5666));
#5649 = ORIENTED_EDGE('',*,*,#3314,.F.);
#5650 = ORIENTED_EDGE('',*,*,#4618,.T.);
#5651 = ORIENTED_EDGE('',*,*,#5652,.T.);
#5652 = EDGE_CURVE('',#4611,#5653,#5655,.T.);
#5653 = VERTEX_POINT('',#5654);
#5654 = CARTESIAN_POINT('',(-68.5838902367,-139.5,14.));
#5655 = LINE('',#5656,#5657);
#5656 = CARTESIAN_POINT('',(-140.,-139.5,14.));
#5657 = VECTOR('',#5658,1.);
#5658 = DIRECTION('',(1.,0.,0.));
#5659 = ORIENTED_EDGE('',*,*,#5660,.F.);
#5660 = EDGE_CURVE('',#3412,#5653,#5661,.T.);
#5661 = LINE('',#5662,#5663);
#5662 = CARTESIAN_POINT('',(-68.5838902367,-139.5,10.));
#5663 = VECTOR('',#5664,1.);
#5664 = DIRECTION('',(0.,0.,1.));
#5665 = ORIENTED_EDGE('',*,*,#3411,.T.);
#5666 = ORIENTED_EDGE('',*,*,#3362,.F.);
#5667 = PLANE('',#5668);
#5668 = AXIS2_PLACEMENT_3D('',#5669,#5670,#5671);
#5669 = CARTESIAN_POINT('',(-140.,-139.5,4.));
#5670 = DIRECTION('',(0.,1.,0.));
#5671 = DIRECTION('',(0.,0.,1.));
#5672 = ADVANCED_FACE('',(#5673),#5693,.T.);
#5673 = FACE_BOUND('',#5674,.T.);
#5674 = EDGE_LOOP('',(#5675,#5676,#5677,#5678,#5686,#5692));
#5675 = ORIENTED_EDGE('',*,*,#3494,.F.);
#5676 = ORIENTED_EDGE('',*,*,#3387,.T.);
#5677 = ORIENTED_EDGE('',*,*,#3445,.T.);
#5678 = ORIENTED_EDGE('',*,*,#5679,.T.);
#5679 = EDGE_CURVE('',#3437,#5680,#5682,.T.);
#5680 = VERTEX_POINT('',#5681);
#5681 = CARTESIAN_POINT('',(68.583890236702,-139.5,14.));
#5682 = LINE('',#5683,#5684);
#5683 = CARTESIAN_POINT('',(68.583890236702,-139.5,10.));
#5684 = VECTOR('',#5685,1.);
#5685 = DIRECTION('',(0.,0.,1.));
#5686 = ORIENTED_EDGE('',*,*,#5687,.T.);
#5687 = EDGE_CURVE('',#5680,#3703,#5688,.T.);
#5688 = LINE('',#5689,#5690);
#5689 = CARTESIAN_POINT('',(-140.,-139.5,14.));
#5690 = VECTOR('',#5691,1.);
#5691 = DIRECTION('',(1.,0.,0.));
#5692 = ORIENTED_EDGE('',*,*,#3702,.F.);
#5693 = PLANE('',#5694);
#5694 = AXIS2_PLACEMENT_3D('',#5695,#5696,#5697);
#5695 = CARTESIAN_POINT('',(-140.,-139.5,4.));
#5696 = DIRECTION('',(0.,1.,0.));
#5697 = DIRECTION('',(0.,0.,1.));
#5698 = ADVANCED_FACE('',(#5699),#5718,.F.);
#5699 = FACE_BOUND('',#5700,.F.);
#5700 = EDGE_LOOP('',(#5701,#5702,#5710,#5717));
#5701 = ORIENTED_EDGE('',*,*,#3419,.T.);
#5702 = ORIENTED_EDGE('',*,*,#5703,.T.);
#5703 = EDGE_CURVE('',#3420,#5704,#5706,.T.);
#5704 = VERTEX_POINT('',#5705);
#5705 = CARTESIAN_POINT('',(-58.58114030983,-147.5,14.));
#5706 = LINE('',#5707,#5708);
#5707 = CARTESIAN_POINT('',(-58.58114030983,-147.5,10.));
#5708 = VECTOR('',#5709,1.);
#5709 = DIRECTION('',(0.,0.,1.));
#5710 = ORIENTED_EDGE('',*,*,#5711,.F.);
#5711 = EDGE_CURVE('',#5653,#5704,#5712,.T.);
#5712 = CIRCLE('',#5713,102.);
#5713 = AXIS2_PLACEMENT_3D('',#5714,#5715,#5716);
#5714 = CARTESIAN_POINT('',(0.,-64.,14.));
#5715 = DIRECTION('',(0.,0.,1.));
#5716 = DIRECTION('',(1.,0.,0.));
#5717 = ORIENTED_EDGE('',*,*,#5660,.F.);
#5718 = CYLINDRICAL_SURFACE('',#5719,102.);
#5719 = AXIS2_PLACEMENT_3D('',#5720,#5721,#5722);
#5720 = CARTESIAN_POINT('',(0.,-64.,10.));
#5721 = DIRECTION('',(0.,0.,1.));
#5722 = DIRECTION('',(1.,0.,0.));
#5723 = ADVANCED_FACE('',(#5724),#5756,.T.);
#5724 = FACE_BOUND('',#5725,.T.);
#5725 = EDGE_LOOP('',(#5726,#5727,#5733,#5734,#5742,#5748,#5749,#5750));
#5726 = ORIENTED_EDGE('',*,*,#4600,.F.);
#5727 = ORIENTED_EDGE('',*,*,#5728,.T.);
#5728 = EDGE_CURVE('',#4601,#3616,#5729,.T.);
#5729 = LINE('',#5730,#5731);
#5730 = CARTESIAN_POINT('',(-140.,-147.5,0.));
#5731 = VECTOR('',#5732,1.);
#5732 = DIRECTION('',(1.,0.,0.));
#5733 = ORIENTED_EDGE('',*,*,#3615,.T.);
#5734 = ORIENTED_EDGE('',*,*,#5735,.F.);
#5735 = EDGE_CURVE('',#5736,#3618,#5738,.T.);
#5736 = VERTEX_POINT('',#5737);
#5737 = CARTESIAN_POINT('',(58.58114030983,-147.5,14.));
#5738 = LINE('',#5739,#5740);
#5739 = CARTESIAN_POINT('',(-140.,-147.5,14.));
#5740 = VECTOR('',#5741,1.);
#5741 = DIRECTION('',(1.,0.,0.));
#5742 = ORIENTED_EDGE('',*,*,#5743,.F.);
#5743 = EDGE_CURVE('',#3429,#5736,#5744,.T.);
#5744 = LINE('',#5745,#5746);
#5745 = CARTESIAN_POINT('',(58.58114030983,-147.5,10.));
#5746 = VECTOR('',#5747,1.);
#5747 = DIRECTION('',(0.,0.,1.));
#5748 = ORIENTED_EDGE('',*,*,#3428,.T.);
#5749 = ORIENTED_EDGE('',*,*,#5703,.T.);
#5750 = ORIENTED_EDGE('',*,*,#5751,.F.);
#5751 = EDGE_CURVE('',#4603,#5704,#5752,.T.);
#5752 = LINE('',#5753,#5754);
#5753 = CARTESIAN_POINT('',(-140.,-147.5,14.));
#5754 = VECTOR('',#5755,1.);
#5755 = DIRECTION('',(1.,0.,0.));
#5756 = PLANE('',#5757);
#5757 = AXIS2_PLACEMENT_3D('',#5758,#5759,#5760);
#5758 = CARTESIAN_POINT('',(0.,-147.5,7.));
#5759 = DIRECTION('',(-0.,-1.,-0.));
#5760 = DIRECTION('',(0.,0.,-1.));
#5761 = ADVANCED_FACE('',(#5762),#5774,.F.);
#5762 = FACE_BOUND('',#5763,.F.);
#5763 = EDGE_LOOP('',(#5764,#5765,#5766,#5773));
#5764 = ORIENTED_EDGE('',*,*,#3436,.T.);
#5765 = ORIENTED_EDGE('',*,*,#5679,.T.);
#5766 = ORIENTED_EDGE('',*,*,#5767,.F.);
#5767 = EDGE_CURVE('',#5736,#5680,#5768,.T.);
#5768 = CIRCLE('',#5769,102.);
#5769 = AXIS2_PLACEMENT_3D('',#5770,#5771,#5772);
#5770 = CARTESIAN_POINT('',(0.,-64.,14.));
#5771 = DIRECTION('',(0.,0.,1.));
#5772 = DIRECTION('',(1.,0.,0.));
#5773 = ORIENTED_EDGE('',*,*,#5743,.F.);
#5774 = CYLINDRICAL_SURFACE('',#5775,102.);
#5775 = AXIS2_PLACEMENT_3D('',#5776,#5777,#5778);
#5776 = CARTESIAN_POINT('',(0.,-64.,10.));
#5777 = DIRECTION('',(0.,0.,1.));
#5778 = DIRECTION('',(1.,0.,0.));
#5779 = ADVANCED_FACE('',(#5780,#5805),#5847,.F.);
#5780 = FACE_BOUND('',#5781,.F.);
#5781 = EDGE_LOOP('',(#5782,#5783,#5789,#5790,#5798,#5804));
#5782 = ORIENTED_EDGE('',*,*,#3470,.F.);
#5783 = ORIENTED_EDGE('',*,*,#5784,.T.);
#5784 = EDGE_CURVE('',#3471,#3537,#5785,.T.);
#5785 = LINE('',#5786,#5787);
#5786 = CARTESIAN_POINT('',(85.,-115.,4.));
#5787 = VECTOR('',#5788,1.);
#5788 = DIRECTION('',(0.,0.,1.));
#5789 = ORIENTED_EDGE('',*,*,#3544,.T.);
#5790 = ORIENTED_EDGE('',*,*,#5791,.T.);
#5791 = EDGE_CURVE('',#3545,#5792,#5794,.T.);
#5792 = VERTEX_POINT('',#5793);
#5793 = CARTESIAN_POINT('',(88.334591186013,-115.,24.));
#5794 = LINE('',#5795,#5796);
#5795 = CARTESIAN_POINT('',(88.334591186013,-115.,10.));
#5796 = VECTOR('',#5797,1.);
#5797 = DIRECTION('',(0.,0.,1.));
#5798 = ORIENTED_EDGE('',*,*,#5799,.T.);
#5799 = EDGE_CURVE('',#5792,#3688,#5800,.T.);
#5800 = LINE('',#5801,#5802);
#5801 = CARTESIAN_POINT('',(85.,-115.,24.));
#5802 = VECTOR('',#5803,1.);
#5803 = DIRECTION('',(1.,0.,0.));
#5804 = ORIENTED_EDGE('',*,*,#3695,.F.);
#5805 = FACE_BOUND('',#5806,.F.);
#5806 = EDGE_LOOP('',(#5807,#5817,#5825,#5833,#5841));
#5807 = ORIENTED_EDGE('',*,*,#5808,.F.);
#5808 = EDGE_CURVE('',#5809,#5811,#5813,.T.);
#5809 = VERTEX_POINT('',#5810);
#5810 = CARTESIAN_POINT('',(103.5,-115.,8.));
#5811 = VERTEX_POINT('',#5812);
#5812 = CARTESIAN_POINT('',(96.5,-115.,8.));
#5813 = LINE('',#5814,#5815);
#5814 = CARTESIAN_POINT('',(90.75,-115.,8.));
#5815 = VECTOR('',#5816,1.);
#5816 = DIRECTION('',(-1.,0.,0.));
#5817 = ORIENTED_EDGE('',*,*,#5818,.F.);
#5818 = EDGE_CURVE('',#5819,#5809,#5821,.T.);
#5819 = VERTEX_POINT('',#5820);
#5820 = CARTESIAN_POINT('',(103.5,-115.,12.2));
#5821 = LINE('',#5822,#5823);
#5822 = CARTESIAN_POINT('',(103.5,-115.,6.));
#5823 = VECTOR('',#5824,1.);
#5824 = DIRECTION('',(0.,0.,-1.));
#5825 = ORIENTED_EDGE('',*,*,#5826,.F.);
#5826 = EDGE_CURVE('',#5827,#5819,#5829,.T.);
#5827 = VERTEX_POINT('',#5828);
#5828 = CARTESIAN_POINT('',(100.,-115.,16.2));
#5829 = LINE('',#5830,#5831);
#5830 = CARTESIAN_POINT('',(101.52079646017,-115.,14.461946902655));
#5831 = VECTOR('',#5832,1.);
#5832 = DIRECTION('',(0.658504607869,0.,-0.752576694707));
#5833 = ORIENTED_EDGE('',*,*,#5834,.F.);
#5834 = EDGE_CURVE('',#5835,#5827,#5837,.T.);
#5835 = VERTEX_POINT('',#5836);
#5836 = CARTESIAN_POINT('',(96.5,-115.,12.2));
#5837 = LINE('',#5838,#5839);
#5838 = CARTESIAN_POINT('',(93.724778761062,-115.,9.028318584071));
#5839 = VECTOR('',#5840,1.);
#5840 = DIRECTION('',(0.658504607869,-0.,0.752576694707));
#5841 = ORIENTED_EDGE('',*,*,#5842,.F.);
#5842 = EDGE_CURVE('',#5811,#5835,#5843,.T.);
#5843 = LINE('',#5844,#5845);
#5844 = CARTESIAN_POINT('',(96.5,-115.,8.1));
#5845 = VECTOR('',#5846,1.);
#5846 = DIRECTION('',(0.,-0.,1.));
#5847 = PLANE('',#5848);
#5848 = AXIS2_PLACEMENT_3D('',#5849,#5850,#5851);
#5849 = CARTESIAN_POINT('',(85.,-115.,4.));
#5850 = DIRECTION('',(0.,1.,0.));
#5851 = DIRECTION('',(0.,0.,1.));
#5852 = ADVANCED_FACE('',(#5853),#5859,.F.);
#5853 = FACE_BOUND('',#5854,.F.);
#5854 = EDGE_LOOP('',(#5855,#5856,#5857,#5858));
#5855 = ORIENTED_EDGE('',*,*,#5784,.F.);
#5856 = ORIENTED_EDGE('',*,*,#3478,.T.);
#5857 = ORIENTED_EDGE('',*,*,#3518,.F.);
#5858 = ORIENTED_EDGE('',*,*,#3536,.T.);
#5859 = PLANE('',#5860);
#5860 = AXIS2_PLACEMENT_3D('',#5861,#5862,#5863);
#5861 = CARTESIAN_POINT('',(85.,-115.,4.));
#5862 = DIRECTION('',(1.,0.,0.));
#5863 = DIRECTION('',(0.,0.,1.));
#5864 = ADVANCED_FACE('',(#5865),#5891,.F.);
#5865 = FACE_BOUND('',#5866,.F.);
#5866 = EDGE_LOOP('',(#5867,#5875,#5883,#5889,#5890));
#5867 = ORIENTED_EDGE('',*,*,#5868,.F.);
#5868 = EDGE_CURVE('',#5869,#3902,#5871,.T.);
#5869 = VERTEX_POINT('',#5870);
#5870 = CARTESIAN_POINT('',(96.5,-77.6,8.));
#5871 = LINE('',#5872,#5873);
#5872 = CARTESIAN_POINT('',(96.5,-116.,8.));
#5873 = VECTOR('',#5874,1.);
#5874 = DIRECTION('',(0.,1.,0.));
#5875 = ORIENTED_EDGE('',*,*,#5876,.F.);
#5876 = EDGE_CURVE('',#5877,#5869,#5879,.T.);
#5877 = VERTEX_POINT('',#5878);
#5878 = CARTESIAN_POINT('',(96.5,-77.6,8.4));
#5879 = LINE('',#5880,#5881);
#5880 = CARTESIAN_POINT('',(96.5,-77.6,7.9));
#5881 = VECTOR('',#5882,1.);
#5882 = DIRECTION('',(-0.,-0.,-1.));
#5883 = ORIENTED_EDGE('',*,*,#5884,.F.);
#5884 = EDGE_CURVE('',#3578,#5877,#5885,.T.);
#5885 = LINE('',#5886,#5887);
#5886 = CARTESIAN_POINT('',(96.5,-88.46415905427,18.913702310585));
#5887 = VECTOR('',#5888,1.);
#5888 = DIRECTION('',(0.,0.718602141767,-0.695421427516));
#5889 = ORIENTED_EDGE('',*,*,#3585,.F.);
#5890 = ORIENTED_EDGE('',*,*,#3901,.F.);
#5891 = PLANE('',#5892);
#5892 = AXIS2_PLACEMENT_3D('',#5893,#5894,#5895);
#5893 = CARTESIAN_POINT('',(96.5,-116.,12.2));
#5894 = DIRECTION('',(-1.,0.,0.));
#5895 = DIRECTION('',(0.,0.,-1.));
#5896 = ADVANCED_FACE('',(#5897),#5915,.T.);
#5897 = FACE_BOUND('',#5898,.T.);
#5898 = EDGE_LOOP('',(#5899,#5907,#5913,#5914));
#5899 = ORIENTED_EDGE('',*,*,#5900,.F.);
#5900 = EDGE_CURVE('',#5901,#3570,#5903,.T.);
#5901 = VERTEX_POINT('',#5902);
#5902 = CARTESIAN_POINT('',(89.6,-77.6,8.4));
#5903 = LINE('',#5904,#5905);
#5904 = CARTESIAN_POINT('',(89.6,-77.6,8.4));
#5905 = VECTOR('',#5906,1.);
#5906 = DIRECTION('',(0.,-0.718602141767,0.695421427516));
#5907 = ORIENTED_EDGE('',*,*,#5908,.T.);
#5908 = EDGE_CURVE('',#5901,#5877,#5909,.T.);
#5909 = LINE('',#5910,#5911);
#5910 = CARTESIAN_POINT('',(89.6,-77.6,8.4));
#5911 = VECTOR('',#5912,1.);
#5912 = DIRECTION('',(1.,0.,0.));
#5913 = ORIENTED_EDGE('',*,*,#5884,.F.);
#5914 = ORIENTED_EDGE('',*,*,#3577,.T.);
#5915 = PLANE('',#5916);
#5916 = AXIS2_PLACEMENT_3D('',#5917,#5918,#5919);
#5917 = CARTESIAN_POINT('',(89.6,-77.6,8.4));
#5918 = DIRECTION('',(0.,-0.695421427516,-0.718602141767));
#5919 = DIRECTION('',(0.,-0.718602141767,0.695421427516));
#5920 = ADVANCED_FACE('',(#5921),#5955,.T.);
#5921 = FACE_BOUND('',#5922,.T.);
#5922 = EDGE_LOOP('',(#5923,#5933,#5941,#5947,#5948,#5949));
#5923 = ORIENTED_EDGE('',*,*,#5924,.T.);
#5924 = EDGE_CURVE('',#5925,#5927,#5929,.T.);
#5925 = VERTEX_POINT('',#5926);
#5926 = CARTESIAN_POINT('',(89.6,-102.4,8.4));
#5927 = VERTEX_POINT('',#5928);
#5928 = CARTESIAN_POINT('',(89.6,-102.4,3.6));
#5929 = LINE('',#5930,#5931);
#5930 = CARTESIAN_POINT('',(89.6,-102.4,8.4));
#5931 = VECTOR('',#5932,1.);
#5932 = DIRECTION('',(0.,0.,-1.));
#5933 = ORIENTED_EDGE('',*,*,#5934,.T.);
#5934 = EDGE_CURVE('',#5927,#5935,#5937,.T.);
#5935 = VERTEX_POINT('',#5936);
#5936 = CARTESIAN_POINT('',(89.6,-77.6,3.6));
#5937 = LINE('',#5938,#5939);
#5938 = CARTESIAN_POINT('',(89.6,-102.4,3.6));
#5939 = VECTOR('',#5940,1.);
#5940 = DIRECTION('',(0.,1.,0.));
#5941 = ORIENTED_EDGE('',*,*,#5942,.T.);
#5942 = EDGE_CURVE('',#5935,#5901,#5943,.T.);
#5943 = LINE('',#5944,#5945);
#5944 = CARTESIAN_POINT('',(89.6,-77.6,3.6));
#5945 = VECTOR('',#5946,1.);
#5946 = DIRECTION('',(0.,0.,1.));
#5947 = ORIENTED_EDGE('',*,*,#5900,.T.);
#5948 = ORIENTED_EDGE('',*,*,#3569,.T.);
#5949 = ORIENTED_EDGE('',*,*,#5950,.T.);
#5950 = EDGE_CURVE('',#3562,#5925,#5951,.T.);
#5951 = LINE('',#5952,#5953);
#5952 = CARTESIAN_POINT('',(89.6,-90.,20.4));
#5953 = VECTOR('',#5954,1.);
#5954 = DIRECTION('',(0.,-0.718602141767,-0.695421427516));
#5955 = PLANE('',#5956);
#5956 = AXIS2_PLACEMENT_3D('',#5957,#5958,#5959);
#5957 = CARTESIAN_POINT('',(89.6,-90.,9.343075305071));
#5958 = DIRECTION('',(1.,0.,0.));
#5959 = DIRECTION('',(0.,0.,1.));
#5960 = ADVANCED_FACE('',(#5961),#6059,.T.);
#5961 = FACE_BOUND('',#5962,.T.);
#5962 = EDGE_LOOP('',(#5963,#5964,#5965,#5974,#5982,#5990,#5998,#6006,
    #6012,#6013,#6021,#6029,#6037,#6045,#6053));
#5963 = ORIENTED_EDGE('',*,*,#5950,.F.);
#5964 = ORIENTED_EDGE('',*,*,#3561,.T.);
#5965 = ORIENTED_EDGE('',*,*,#5966,.F.);
#5966 = EDGE_CURVE('',#5967,#3553,#5969,.T.);
#5967 = VERTEX_POINT('',#5968);
#5968 = CARTESIAN_POINT('',(98.630624047504,-90.,20.4));
#5969 = ELLIPSE('',#5970,141.94224324076,102.);
#5970 = AXIS2_PLACEMENT_3D('',#5971,#5972,#5973);
#5971 = CARTESIAN_POINT('',(0.,-64.,45.561290322564));
#5972 = DIRECTION('',(0.,0.695421427516,-0.718602141767));
#5973 = DIRECTION('',(0.,0.718602141767,0.695421427516));
#5974 = ORIENTED_EDGE('',*,*,#5975,.T.);
#5975 = EDGE_CURVE('',#5967,#5976,#5978,.T.);
#5976 = VERTEX_POINT('',#5977);
#5977 = CARTESIAN_POINT('',(110.7,-90.,20.4));
#5978 = LINE('',#5979,#5980);
#5979 = CARTESIAN_POINT('',(89.6,-90.,20.4));
#5980 = VECTOR('',#5981,1.);
#5981 = DIRECTION('',(1.,0.,0.));
#5982 = ORIENTED_EDGE('',*,*,#5983,.T.);
#5983 = EDGE_CURVE('',#5976,#5984,#5986,.T.);
#5984 = VERTEX_POINT('',#5985);
#5985 = CARTESIAN_POINT('',(110.7,-96.3,14.303225806452));
#5986 = LINE('',#5987,#5988);
#5987 = CARTESIAN_POINT('',(110.7,-96.97375067168,13.651209027405));
#5988 = VECTOR('',#5989,1.);
#5989 = DIRECTION('',(0.,-0.718602141767,-0.695421427516));
#5990 = ORIENTED_EDGE('',*,*,#5991,.T.);
#5991 = EDGE_CURVE('',#5984,#5992,#5994,.T.);
#5992 = VERTEX_POINT('',#5993);
#5993 = CARTESIAN_POINT('',(119.3,-96.3,14.303225806452));
#5994 = LINE('',#5995,#5996);
#5995 = CARTESIAN_POINT('',(100.15,-96.3,14.303225806452));
#5996 = VECTOR('',#5997,1.);
#5997 = DIRECTION('',(1.,0.,0.));
#5998 = ORIENTED_EDGE('',*,*,#5999,.F.);
#5999 = EDGE_CURVE('',#6000,#5992,#6002,.T.);
#6000 = VERTEX_POINT('',#6001);
#6001 = CARTESIAN_POINT('',(119.3,-90.,20.4));
#6002 = LINE('',#6003,#6004);
#6003 = CARTESIAN_POINT('',(119.3,-96.97375067168,13.651209027405));
#6004 = VECTOR('',#6005,1.);
#6005 = DIRECTION('',(0.,-0.718602141767,-0.695421427516));
#6006 = ORIENTED_EDGE('',*,*,#6007,.T.);
#6007 = EDGE_CURVE('',#6000,#3787,#6008,.T.);
#6008 = LINE('',#6009,#6010);
#6009 = CARTESIAN_POINT('',(89.6,-90.,20.4));
#6010 = VECTOR('',#6011,1.);
#6011 = DIRECTION('',(1.,0.,0.));
#6012 = ORIENTED_EDGE('',*,*,#3786,.F.);
#6013 = ORIENTED_EDGE('',*,*,#6014,.F.);
#6014 = EDGE_CURVE('',#6015,#3779,#6017,.T.);
#6015 = VERTEX_POINT('',#6016);
#6016 = CARTESIAN_POINT('',(103.5,-102.4,8.4));
#6017 = LINE('',#6018,#6019);
#6018 = CARTESIAN_POINT('',(89.6,-102.4,8.4));
#6019 = VECTOR('',#6020,1.);
#6020 = DIRECTION('',(1.,0.,0.));
#6021 = ORIENTED_EDGE('',*,*,#6022,.F.);
#6022 = EDGE_CURVE('',#6023,#6015,#6025,.T.);
#6023 = VERTEX_POINT('',#6024);
#6024 = CARTESIAN_POINT('',(103.5,-98.47333333333,12.2));
#6025 = LINE('',#6026,#6027);
#6026 = CARTESIAN_POINT('',(103.5,-99.81139172488,10.905104782377));
#6027 = VECTOR('',#6028,1.);
#6028 = DIRECTION('',(0.,-0.718602141767,-0.695421427516));
#6029 = ORIENTED_EDGE('',*,*,#6030,.F.);
#6030 = EDGE_CURVE('',#6031,#6023,#6033,.T.);
#6031 = VERTEX_POINT('',#6032);
#6032 = CARTESIAN_POINT('',(100.,-94.34,16.2));
#6033 = LINE('',#6034,#6035);
#6034 = CARTESIAN_POINT('',(101.80037131442,-96.46615279037,
    14.14243278351));
#6035 = VECTOR('',#6036,1.);
#6036 = DIRECTION('',(0.519821089745,-0.613883953604,-0.594081245423));
#6037 = ORIENTED_EDGE('',*,*,#6038,.F.);
#6038 = EDGE_CURVE('',#6039,#6031,#6041,.T.);
#6039 = VERTEX_POINT('',#6040);
#6040 = CARTESIAN_POINT('',(96.5,-98.47333333333,12.2));
#6041 = LINE('',#6042,#6043);
#6042 = CARTESIAN_POINT('',(96.479909806133,-98.49705889562,
    12.177039778438));
#6043 = VECTOR('',#6044,1.);
#6044 = DIRECTION('',(0.519821089745,0.613883953604,0.594081245423));
#6045 = ORIENTED_EDGE('',*,*,#6046,.F.);
#6046 = EDGE_CURVE('',#6047,#6039,#6049,.T.);
#6047 = VERTEX_POINT('',#6048);
#6048 = CARTESIAN_POINT('',(96.5,-102.4,8.4));
#6049 = LINE('',#6050,#6051);
#6050 = CARTESIAN_POINT('',(96.5,-98.76195593767,11.920687802258));
#6051 = VECTOR('',#6052,1.);
#6052 = DIRECTION('',(0.,0.718602141767,0.695421427516));
#6053 = ORIENTED_EDGE('',*,*,#6054,.F.);
#6054 = EDGE_CURVE('',#5925,#6047,#6055,.T.);
#6055 = LINE('',#6056,#6057);
#6056 = CARTESIAN_POINT('',(89.6,-102.4,8.4));
#6057 = VECTOR('',#6058,1.);
#6058 = DIRECTION('',(1.,0.,0.));
#6059 = PLANE('',#6060);
#6060 = AXIS2_PLACEMENT_3D('',#6061,#6062,#6063);
#6061 = CARTESIAN_POINT('',(89.6,-90.,20.4));
#6062 = DIRECTION('',(0.,0.695421427516,-0.718602141767));
#6063 = DIRECTION('',(0.,-0.718602141767,-0.695421427516));
#6064 = ADVANCED_FACE('',(#6065),#6103,.F.);
#6065 = FACE_BOUND('',#6066,.F.);
#6066 = EDGE_LOOP('',(#6067,#6076,#6085,#6092,#6093,#6100,#6101,#6102));
#6067 = ORIENTED_EDGE('',*,*,#6068,.F.);
#6068 = EDGE_CURVE('',#6069,#5967,#6071,.T.);
#6069 = VERTEX_POINT('',#6070);
#6070 = CARTESIAN_POINT('',(99.739935276068,-85.35287594507,
    15.902783172649));
#6071 = ELLIPSE('',#6072,141.94224324076,102.);
#6072 = AXIS2_PLACEMENT_3D('',#6073,#6074,#6075);
#6073 = CARTESIAN_POINT('',(0.,-64.,-4.761290322572));
#6074 = DIRECTION('',(-0.,-0.695421427516,-0.718602141767));
#6075 = DIRECTION('',(0.,-0.718602141767,0.695421427516));
#6076 = ORIENTED_EDGE('',*,*,#6077,.T.);
#6077 = EDGE_CURVE('',#6069,#6078,#6080,.T.);
#6078 = VERTEX_POINT('',#6079);
#6079 = CARTESIAN_POINT('',(100.,-84.09975124224,16.2));
#6080 = ELLIPSE('',#6081,154.89641041413,102.);
#6081 = AXIS2_PLACEMENT_3D('',#6082,#6083,#6084);
#6082 = CARTESIAN_POINT('',(0.,-64.,-98.08571428571));
#6083 = DIRECTION('',(-0.752576694707,0.,0.658504607869));
#6084 = DIRECTION('',(0.658504607869,0.,0.752576694707));
#6085 = ORIENTED_EDGE('',*,*,#6086,.T.);
#6086 = EDGE_CURVE('',#6078,#3926,#6087,.T.);
#6087 = ELLIPSE('',#6088,154.89641041413,102.);
#6088 = AXIS2_PLACEMENT_3D('',#6089,#6090,#6091);
#6089 = CARTESIAN_POINT('',(0.,-64.,130.48571428571));
#6090 = DIRECTION('',(0.752576694707,0.,0.658504607869));
#6091 = DIRECTION('',(-0.658504607869,0.,0.752576694707));
#6092 = ORIENTED_EDGE('',*,*,#3933,.T.);
#6093 = ORIENTED_EDGE('',*,*,#6094,.F.);
#6094 = EDGE_CURVE('',#5792,#3934,#6095,.T.);
#6095 = CIRCLE('',#6096,102.);
#6096 = AXIS2_PLACEMENT_3D('',#6097,#6098,#6099);
#6097 = CARTESIAN_POINT('',(0.,-64.,24.));
#6098 = DIRECTION('',(0.,0.,1.));
#6099 = DIRECTION('',(1.,0.,0.));
#6100 = ORIENTED_EDGE('',*,*,#5791,.F.);
#6101 = ORIENTED_EDGE('',*,*,#3552,.T.);
#6102 = ORIENTED_EDGE('',*,*,#5966,.F.);
#6103 = CYLINDRICAL_SURFACE('',#6104,102.);
#6104 = AXIS2_PLACEMENT_3D('',#6105,#6106,#6107);
#6105 = CARTESIAN_POINT('',(0.,-64.,10.));
#6106 = DIRECTION('',(0.,0.,1.));
#6107 = DIRECTION('',(1.,0.,0.));
#6108 = ADVANCED_FACE('',(#6109,#6120,#6154,#6188,#6222),#6256,.F.);
#6109 = FACE_BOUND('',#6110,.F.);
#6110 = EDGE_LOOP('',(#6111,#6112,#6113,#6114));
#6111 = ORIENTED_EDGE('',*,*,#4681,.F.);
#6112 = ORIENTED_EDGE('',*,*,#5728,.T.);
#6113 = ORIENTED_EDGE('',*,*,#3625,.T.);
#6114 = ORIENTED_EDGE('',*,*,#6115,.F.);
#6115 = EDGE_CURVE('',#4674,#3626,#6116,.T.);
#6116 = LINE('',#6117,#6118);
#6117 = CARTESIAN_POINT('',(-140.,147.5,0.));
#6118 = VECTOR('',#6119,1.);
#6119 = DIRECTION('',(1.,0.,0.));
#6120 = FACE_BOUND('',#6121,.F.);
#6121 = EDGE_LOOP('',(#6122,#6132,#6140,#6148));
#6122 = ORIENTED_EDGE('',*,*,#6123,.T.);
#6123 = EDGE_CURVE('',#6124,#6126,#6128,.T.);
#6124 = VERTEX_POINT('',#6125);
#6125 = CARTESIAN_POINT('',(-110.7,-96.3,0.));
#6126 = VERTEX_POINT('',#6127);
#6127 = CARTESIAN_POINT('',(-119.3,-96.3,0.));
#6128 = LINE('',#6129,#6130);
#6129 = CARTESIAN_POINT('',(-129.65,-96.3,0.));
#6130 = VECTOR('',#6131,1.);
#6131 = DIRECTION('',(-1.,0.,0.));
#6132 = ORIENTED_EDGE('',*,*,#6133,.T.);
#6133 = EDGE_CURVE('',#6126,#6134,#6136,.T.);
#6134 = VERTEX_POINT('',#6135);
#6135 = CARTESIAN_POINT('',(-119.3,-83.7,0.));
#6136 = LINE('',#6137,#6138);
#6137 = CARTESIAN_POINT('',(-119.3,-121.9,0.));
#6138 = VECTOR('',#6139,1.);
#6139 = DIRECTION('',(0.,1.,0.));
#6140 = ORIENTED_EDGE('',*,*,#6141,.F.);
#6141 = EDGE_CURVE('',#6142,#6134,#6144,.T.);
#6142 = VERTEX_POINT('',#6143);
#6143 = CARTESIAN_POINT('',(-110.7,-83.7,0.));
#6144 = LINE('',#6145,#6146);
#6145 = CARTESIAN_POINT('',(-129.65,-83.7,0.));
#6146 = VECTOR('',#6147,1.);
#6147 = DIRECTION('',(-1.,0.,0.));
#6148 = ORIENTED_EDGE('',*,*,#6149,.F.);
#6149 = EDGE_CURVE('',#6124,#6142,#6150,.T.);
#6150 = LINE('',#6151,#6152);
#6151 = CARTESIAN_POINT('',(-110.7,-121.9,0.));
#6152 = VECTOR('',#6153,1.);
#6153 = DIRECTION('',(0.,1.,0.));
#6154 = FACE_BOUND('',#6155,.F.);
#6155 = EDGE_LOOP('',(#6156,#6166,#6174,#6182));
#6156 = ORIENTED_EDGE('',*,*,#6157,.T.);
#6157 = EDGE_CURVE('',#6158,#6160,#6162,.T.);
#6158 = VERTEX_POINT('',#6159);
#6159 = CARTESIAN_POINT('',(119.3,-96.3,0.));
#6160 = VERTEX_POINT('',#6161);
#6161 = CARTESIAN_POINT('',(110.7,-96.3,0.));
#6162 = LINE('',#6163,#6164);
#6163 = CARTESIAN_POINT('',(-14.65,-96.3,0.));
#6164 = VECTOR('',#6165,1.);
#6165 = DIRECTION('',(-1.,0.,0.));
#6166 = ORIENTED_EDGE('',*,*,#6167,.T.);
#6167 = EDGE_CURVE('',#6160,#6168,#6170,.T.);
#6168 = VERTEX_POINT('',#6169);
#6169 = CARTESIAN_POINT('',(110.7,-83.7,0.));
#6170 = LINE('',#6171,#6172);
#6171 = CARTESIAN_POINT('',(110.7,-121.9,0.));
#6172 = VECTOR('',#6173,1.);
#6173 = DIRECTION('',(0.,1.,0.));
#6174 = ORIENTED_EDGE('',*,*,#6175,.F.);
#6175 = EDGE_CURVE('',#6176,#6168,#6178,.T.);
#6176 = VERTEX_POINT('',#6177);
#6177 = CARTESIAN_POINT('',(119.3,-83.7,0.));
#6178 = LINE('',#6179,#6180);
#6179 = CARTESIAN_POINT('',(-14.65,-83.7,0.));
#6180 = VECTOR('',#6181,1.);
#6181 = DIRECTION('',(-1.,0.,0.));
#6182 = ORIENTED_EDGE('',*,*,#6183,.F.);
#6183 = EDGE_CURVE('',#6158,#6176,#6184,.T.);
#6184 = LINE('',#6185,#6186);
#6185 = CARTESIAN_POINT('',(119.3,-121.9,0.));
#6186 = VECTOR('',#6187,1.);
#6187 = DIRECTION('',(0.,1.,0.));
#6188 = FACE_BOUND('',#6189,.F.);
#6189 = EDGE_LOOP('',(#6190,#6200,#6208,#6216));
#6190 = ORIENTED_EDGE('',*,*,#6191,.T.);
#6191 = EDGE_CURVE('',#6192,#6194,#6196,.T.);
#6192 = VERTEX_POINT('',#6193);
#6193 = CARTESIAN_POINT('',(-110.7,83.7,0.));
#6194 = VERTEX_POINT('',#6195);
#6195 = CARTESIAN_POINT('',(-119.3,83.7,0.));
#6196 = LINE('',#6197,#6198);
#6197 = CARTESIAN_POINT('',(-129.65,83.7,0.));
#6198 = VECTOR('',#6199,1.);
#6199 = DIRECTION('',(-1.,0.,0.));
#6200 = ORIENTED_EDGE('',*,*,#6201,.T.);
#6201 = EDGE_CURVE('',#6194,#6202,#6204,.T.);
#6202 = VERTEX_POINT('',#6203);
#6203 = CARTESIAN_POINT('',(-119.3,96.3,0.));
#6204 = LINE('',#6205,#6206);
#6205 = CARTESIAN_POINT('',(-119.3,-31.9,0.));
#6206 = VECTOR('',#6207,1.);
#6207 = DIRECTION('',(0.,1.,0.));
#6208 = ORIENTED_EDGE('',*,*,#6209,.F.);
#6209 = EDGE_CURVE('',#6210,#6202,#6212,.T.);
#6210 = VERTEX_POINT('',#6211);
#6211 = CARTESIAN_POINT('',(-110.7,96.3,0.));
#6212 = LINE('',#6213,#6214);
#6213 = CARTESIAN_POINT('',(-129.65,96.3,0.));
#6214 = VECTOR('',#6215,1.);
#6215 = DIRECTION('',(-1.,0.,0.));
#6216 = ORIENTED_EDGE('',*,*,#6217,.F.);
#6217 = EDGE_CURVE('',#6192,#6210,#6218,.T.);
#6218 = LINE('',#6219,#6220);
#6219 = CARTESIAN_POINT('',(-110.7,-31.9,0.));
#6220 = VECTOR('',#6221,1.);
#6221 = DIRECTION('',(0.,1.,0.));
#6222 = FACE_BOUND('',#6223,.F.);
#6223 = EDGE_LOOP('',(#6224,#6234,#6242,#6250));
#6224 = ORIENTED_EDGE('',*,*,#6225,.T.);
#6225 = EDGE_CURVE('',#6226,#6228,#6230,.T.);
#6226 = VERTEX_POINT('',#6227);
#6227 = CARTESIAN_POINT('',(119.3,83.7,0.));
#6228 = VERTEX_POINT('',#6229);
#6229 = CARTESIAN_POINT('',(110.7,83.7,0.));
#6230 = LINE('',#6231,#6232);
#6231 = CARTESIAN_POINT('',(-14.65,83.7,0.));
#6232 = VECTOR('',#6233,1.);
#6233 = DIRECTION('',(-1.,0.,0.));
#6234 = ORIENTED_EDGE('',*,*,#6235,.T.);
#6235 = EDGE_CURVE('',#6228,#6236,#6238,.T.);
#6236 = VERTEX_POINT('',#6237);
#6237 = CARTESIAN_POINT('',(110.7,96.3,0.));
#6238 = LINE('',#6239,#6240);
#6239 = CARTESIAN_POINT('',(110.7,-31.9,0.));
#6240 = VECTOR('',#6241,1.);
#6241 = DIRECTION('',(0.,1.,0.));
#6242 = ORIENTED_EDGE('',*,*,#6243,.F.);
#6243 = EDGE_CURVE('',#6244,#6236,#6246,.T.);
#6244 = VERTEX_POINT('',#6245);
#6245 = CARTESIAN_POINT('',(119.3,96.3,0.));
#6246 = LINE('',#6247,#6248);
#6247 = CARTESIAN_POINT('',(-14.65,96.3,0.));
#6248 = VECTOR('',#6249,1.);
#6249 = DIRECTION('',(-1.,0.,0.));
#6250 = ORIENTED_EDGE('',*,*,#6251,.F.);
#6251 = EDGE_CURVE('',#6226,#6244,#6252,.T.);
#6252 = LINE('',#6253,#6254);
#6253 = CARTESIAN_POINT('',(119.3,-31.9,0.));
#6254 = VECTOR('',#6255,1.);
#6255 = DIRECTION('',(0.,1.,0.));
#6256 = PLANE('',#6257);
#6257 = AXIS2_PLACEMENT_3D('',#6258,#6259,#6260);
#6258 = CARTESIAN_POINT('',(-140.,-147.5,0.));
#6259 = DIRECTION('',(0.,0.,1.));
#6260 = DIRECTION('',(1.,0.,0.));
#6261 = ADVANCED_FACE('',(#6262),#6268,.T.);
#6262 = FACE_BOUND('',#6263,.T.);
#6263 = EDGE_LOOP('',(#6264,#6265,#6266,#6267));
#6264 = ORIENTED_EDGE('',*,*,#6115,.F.);
#6265 = ORIENTED_EDGE('',*,*,#4673,.T.);
#6266 = ORIENTED_EDGE('',*,*,#4489,.T.);
#6267 = ORIENTED_EDGE('',*,*,#3633,.F.);
#6268 = PLANE('',#6269);
#6269 = AXIS2_PLACEMENT_3D('',#6270,#6271,#6272);
#6270 = CARTESIAN_POINT('',(0.,147.5,7.));
#6271 = DIRECTION('',(0.,1.,0.));
#6272 = DIRECTION('',(0.,0.,1.));
#6273 = ADVANCED_FACE('',(#6274,#6280),#6314,.T.);
#6274 = FACE_BOUND('',#6275,.T.);
#6275 = EDGE_LOOP('',(#6276,#6277,#6278,#6279));
#6276 = ORIENTED_EDGE('',*,*,#4237,.F.);
#6277 = ORIENTED_EDGE('',*,*,#3817,.T.);
#6278 = ORIENTED_EDGE('',*,*,#3664,.T.);
#6279 = ORIENTED_EDGE('',*,*,#4253,.F.);
#6280 = FACE_BOUND('',#6281,.T.);
#6281 = EDGE_LOOP('',(#6282,#6292,#6300,#6308));
#6282 = ORIENTED_EDGE('',*,*,#6283,.T.);
#6283 = EDGE_CURVE('',#6284,#6286,#6288,.T.);
#6284 = VERTEX_POINT('',#6285);
#6285 = CARTESIAN_POINT('',(119.3,83.7,24.));
#6286 = VERTEX_POINT('',#6287);
#6287 = CARTESIAN_POINT('',(110.7,83.7,24.));
#6288 = LINE('',#6289,#6290);
#6289 = CARTESIAN_POINT('',(97.85,83.7,24.));
#6290 = VECTOR('',#6291,1.);
#6291 = DIRECTION('',(-1.,0.,0.));
#6292 = ORIENTED_EDGE('',*,*,#6293,.T.);
#6293 = EDGE_CURVE('',#6286,#6294,#6296,.T.);
#6294 = VERTEX_POINT('',#6295);
#6295 = CARTESIAN_POINT('',(110.7,96.3,24.));
#6296 = LINE('',#6297,#6298);
#6297 = CARTESIAN_POINT('',(110.7,74.35,24.));
#6298 = VECTOR('',#6299,1.);
#6299 = DIRECTION('',(0.,1.,0.));
#6300 = ORIENTED_EDGE('',*,*,#6301,.F.);
#6301 = EDGE_CURVE('',#6302,#6294,#6304,.T.);
#6302 = VERTEX_POINT('',#6303);
#6303 = CARTESIAN_POINT('',(119.3,96.3,24.));
#6304 = LINE('',#6305,#6306);
#6305 = CARTESIAN_POINT('',(97.85,96.3,24.));
#6306 = VECTOR('',#6307,1.);
#6307 = DIRECTION('',(-1.,0.,0.));
#6308 = ORIENTED_EDGE('',*,*,#6309,.F.);
#6309 = EDGE_CURVE('',#6284,#6302,#6310,.T.);
#6310 = LINE('',#6311,#6312);
#6311 = CARTESIAN_POINT('',(119.3,74.35,24.));
#6312 = VECTOR('',#6313,1.);
#6313 = DIRECTION('',(0.,1.,0.));
#6314 = PLANE('',#6315);
#6315 = AXIS2_PLACEMENT_3D('',#6316,#6317,#6318);
#6316 = CARTESIAN_POINT('',(85.,65.,24.));
#6317 = DIRECTION('',(0.,0.,1.));
#6318 = DIRECTION('',(1.,0.,0.));
#6319 = ADVANCED_FACE('',(#6320,#6326),#6360,.T.);
#6320 = FACE_BOUND('',#6321,.T.);
#6321 = EDGE_LOOP('',(#6322,#6323,#6324,#6325));
#6322 = ORIENTED_EDGE('',*,*,#6094,.F.);
#6323 = ORIENTED_EDGE('',*,*,#5799,.T.);
#6324 = ORIENTED_EDGE('',*,*,#3687,.T.);
#6325 = ORIENTED_EDGE('',*,*,#3941,.F.);
#6326 = FACE_BOUND('',#6327,.T.);
#6327 = EDGE_LOOP('',(#6328,#6338,#6346,#6354));
#6328 = ORIENTED_EDGE('',*,*,#6329,.T.);
#6329 = EDGE_CURVE('',#6330,#6332,#6334,.T.);
#6330 = VERTEX_POINT('',#6331);
#6331 = CARTESIAN_POINT('',(119.3,-96.3,24.));
#6332 = VERTEX_POINT('',#6333);
#6333 = CARTESIAN_POINT('',(110.7,-96.3,24.));
#6334 = LINE('',#6335,#6336);
#6335 = CARTESIAN_POINT('',(97.85,-96.3,24.));
#6336 = VECTOR('',#6337,1.);
#6337 = DIRECTION('',(-1.,0.,0.));
#6338 = ORIENTED_EDGE('',*,*,#6339,.T.);
#6339 = EDGE_CURVE('',#6332,#6340,#6342,.T.);
#6340 = VERTEX_POINT('',#6341);
#6341 = CARTESIAN_POINT('',(110.7,-83.7,24.));
#6342 = LINE('',#6343,#6344);
#6343 = CARTESIAN_POINT('',(110.7,-105.65,24.));
#6344 = VECTOR('',#6345,1.);
#6345 = DIRECTION('',(0.,1.,0.));
#6346 = ORIENTED_EDGE('',*,*,#6347,.F.);
#6347 = EDGE_CURVE('',#6348,#6340,#6350,.T.);
#6348 = VERTEX_POINT('',#6349);
#6349 = CARTESIAN_POINT('',(119.3,-83.7,24.));
#6350 = LINE('',#6351,#6352);
#6351 = CARTESIAN_POINT('',(97.85,-83.7,24.));
#6352 = VECTOR('',#6353,1.);
#6353 = DIRECTION('',(-1.,0.,0.));
#6354 = ORIENTED_EDGE('',*,*,#6355,.F.);
#6355 = EDGE_CURVE('',#6330,#6348,#6356,.T.);
#6356 = LINE('',#6357,#6358);
#6357 = CARTESIAN_POINT('',(119.3,-105.65,24.));
#6358 = VECTOR('',#6359,1.);
#6359 = DIRECTION('',(0.,1.,0.));
#6360 = PLANE('',#6361);
#6361 = AXIS2_PLACEMENT_3D('',#6362,#6363,#6364);
#6362 = CARTESIAN_POINT('',(85.,-115.,24.));
#6363 = DIRECTION('',(0.,0.,1.));
#6364 = DIRECTION('',(1.,0.,0.));
#6365 = ADVANCED_FACE('',(#6366),#6372,.T.);
#6366 = FACE_BOUND('',#6367,.T.);
#6367 = EDGE_LOOP('',(#6368,#6369,#6370,#6371));
#6368 = ORIENTED_EDGE('',*,*,#5767,.F.);
#6369 = ORIENTED_EDGE('',*,*,#5735,.T.);
#6370 = ORIENTED_EDGE('',*,*,#3710,.T.);
#6371 = ORIENTED_EDGE('',*,*,#5687,.F.);
#6372 = PLANE('',#6373);
#6373 = AXIS2_PLACEMENT_3D('',#6374,#6375,#6376);
#6374 = CARTESIAN_POINT('',(0.,-136.7793566267,14.));
#6375 = DIRECTION('',(0.,0.,1.));
#6376 = DIRECTION('',(1.,0.,0.));
#6377 = ADVANCED_FACE('',(#6378),#6435,.T.);
#6378 = FACE_BOUND('',#6379,.T.);
#6379 = EDGE_LOOP('',(#6380,#6390,#6396,#6397,#6405,#6413,#6421,#6429));
#6380 = ORIENTED_EDGE('',*,*,#6381,.F.);
#6381 = EDGE_CURVE('',#6382,#6384,#6386,.T.);
#6382 = VERTEX_POINT('',#6383);
#6383 = CARTESIAN_POINT('',(89.6,102.4,3.6));
#6384 = VERTEX_POINT('',#6385);
#6385 = CARTESIAN_POINT('',(89.6,102.4,8.4));
#6386 = LINE('',#6387,#6388);
#6387 = CARTESIAN_POINT('',(89.6,102.4,3.6));
#6388 = VECTOR('',#6389,1.);
#6389 = DIRECTION('',(0.,0.,1.));
#6390 = ORIENTED_EDGE('',*,*,#6391,.T.);
#6391 = EDGE_CURVE('',#6382,#3721,#6392,.T.);
#6392 = LINE('',#6393,#6394);
#6393 = CARTESIAN_POINT('',(89.6,102.4,3.6));
#6394 = VECTOR('',#6395,1.);
#6395 = DIRECTION('',(1.,0.,0.));
#6396 = ORIENTED_EDGE('',*,*,#3718,.F.);
#6397 = ORIENTED_EDGE('',*,*,#6398,.F.);
#6398 = EDGE_CURVE('',#6399,#3719,#6401,.T.);
#6399 = VERTEX_POINT('',#6400);
#6400 = CARTESIAN_POINT('',(103.5,102.4,8.4));
#6401 = LINE('',#6402,#6403);
#6402 = CARTESIAN_POINT('',(89.6,102.4,8.4));
#6403 = VECTOR('',#6404,1.);
#6404 = DIRECTION('',(1.,0.,0.));
#6405 = ORIENTED_EDGE('',*,*,#6406,.F.);
#6406 = EDGE_CURVE('',#6407,#6399,#6409,.T.);
#6407 = VERTEX_POINT('',#6408);
#6408 = CARTESIAN_POINT('',(103.5,102.4,8.));
#6409 = LINE('',#6410,#6411);
#6410 = CARTESIAN_POINT('',(103.5,102.4,5.8));
#6411 = VECTOR('',#6412,1.);
#6412 = DIRECTION('',(-0.,0.,1.));
#6413 = ORIENTED_EDGE('',*,*,#6414,.F.);
#6414 = EDGE_CURVE('',#6415,#6407,#6417,.T.);
#6415 = VERTEX_POINT('',#6416);
#6416 = CARTESIAN_POINT('',(96.5,102.4,8.));
#6417 = LINE('',#6418,#6419);
#6418 = CARTESIAN_POINT('',(93.05,102.4,8.));
#6419 = VECTOR('',#6420,1.);
#6420 = DIRECTION('',(1.,0.,0.));
#6421 = ORIENTED_EDGE('',*,*,#6422,.F.);
#6422 = EDGE_CURVE('',#6423,#6415,#6425,.T.);
#6423 = VERTEX_POINT('',#6424);
#6424 = CARTESIAN_POINT('',(96.5,102.4,8.4));
#6425 = LINE('',#6426,#6427);
#6426 = CARTESIAN_POINT('',(96.5,102.4,7.9));
#6427 = VECTOR('',#6428,1.);
#6428 = DIRECTION('',(-0.,-0.,-1.));
#6429 = ORIENTED_EDGE('',*,*,#6430,.F.);
#6430 = EDGE_CURVE('',#6384,#6423,#6431,.T.);
#6431 = LINE('',#6432,#6433);
#6432 = CARTESIAN_POINT('',(89.6,102.4,8.4));
#6433 = VECTOR('',#6434,1.);
#6434 = DIRECTION('',(1.,0.,0.));
#6435 = PLANE('',#6436);
#6436 = AXIS2_PLACEMENT_3D('',#6437,#6438,#6439);
#6437 = CARTESIAN_POINT('',(89.6,102.4,3.6));
#6438 = DIRECTION('',(0.,-1.,0.));
#6439 = DIRECTION('',(0.,0.,1.));
#6440 = ADVANCED_FACE('',(#6441,#6459),#6493,.T.);
#6441 = FACE_BOUND('',#6442,.T.);
#6442 = EDGE_LOOP('',(#6443,#6451,#6457,#6458));
#6443 = ORIENTED_EDGE('',*,*,#6444,.F.);
#6444 = EDGE_CURVE('',#6445,#6382,#6447,.T.);
#6445 = VERTEX_POINT('',#6446);
#6446 = CARTESIAN_POINT('',(89.6,77.6,3.6));
#6447 = LINE('',#6448,#6449);
#6448 = CARTESIAN_POINT('',(89.6,77.6,3.6));
#6449 = VECTOR('',#6450,1.);
#6450 = DIRECTION('',(0.,1.,0.));
#6451 = ORIENTED_EDGE('',*,*,#6452,.T.);
#6452 = EDGE_CURVE('',#6445,#3729,#6453,.T.);
#6453 = LINE('',#6454,#6455);
#6454 = CARTESIAN_POINT('',(89.6,77.6,3.6));
#6455 = VECTOR('',#6456,1.);
#6456 = DIRECTION('',(1.,0.,0.));
#6457 = ORIENTED_EDGE('',*,*,#3728,.F.);
#6458 = ORIENTED_EDGE('',*,*,#6391,.F.);
#6459 = FACE_BOUND('',#6460,.T.);
#6460 = EDGE_LOOP('',(#6461,#6471,#6479,#6487));
#6461 = ORIENTED_EDGE('',*,*,#6462,.T.);
#6462 = EDGE_CURVE('',#6463,#6465,#6467,.T.);
#6463 = VERTEX_POINT('',#6464);
#6464 = CARTESIAN_POINT('',(119.3,83.7,3.6));
#6465 = VERTEX_POINT('',#6466);
#6466 = CARTESIAN_POINT('',(110.7,83.7,3.6));
#6467 = LINE('',#6468,#6469);
#6468 = CARTESIAN_POINT('',(100.15,83.7,3.6));
#6469 = VECTOR('',#6470,1.);
#6470 = DIRECTION('',(-1.,0.,0.));
#6471 = ORIENTED_EDGE('',*,*,#6472,.T.);
#6472 = EDGE_CURVE('',#6465,#6473,#6475,.T.);
#6473 = VERTEX_POINT('',#6474);
#6474 = CARTESIAN_POINT('',(110.7,96.3,3.6));
#6475 = LINE('',#6476,#6477);
#6476 = CARTESIAN_POINT('',(110.7,80.65,3.6));
#6477 = VECTOR('',#6478,1.);
#6478 = DIRECTION('',(0.,1.,0.));
#6479 = ORIENTED_EDGE('',*,*,#6480,.F.);
#6480 = EDGE_CURVE('',#6481,#6473,#6483,.T.);
#6481 = VERTEX_POINT('',#6482);
#6482 = CARTESIAN_POINT('',(119.3,96.3,3.6));
#6483 = LINE('',#6484,#6485);
#6484 = CARTESIAN_POINT('',(100.15,96.3,3.6));
#6485 = VECTOR('',#6486,1.);
#6486 = DIRECTION('',(-1.,0.,0.));
#6487 = ORIENTED_EDGE('',*,*,#6488,.F.);
#6488 = EDGE_CURVE('',#6463,#6481,#6489,.T.);
#6489 = LINE('',#6490,#6491);
#6490 = CARTESIAN_POINT('',(119.3,80.65,3.6));
#6491 = VECTOR('',#6492,1.);
#6492 = DIRECTION('',(0.,1.,0.));
#6493 = PLANE('',#6494);
#6494 = AXIS2_PLACEMENT_3D('',#6495,#6496,#6497);
#6495 = CARTESIAN_POINT('',(89.6,77.6,3.6));
#6496 = DIRECTION('',(0.,0.,1.));
#6497 = DIRECTION('',(0.,1.,0.));
#6498 = ADVANCED_FACE('',(#6499),#6549,.T.);
#6499 = FACE_BOUND('',#6500,.T.);
#6500 = EDGE_LOOP('',(#6501,#6509,#6517,#6525,#6533,#6541,#6547,#6548));
#6501 = ORIENTED_EDGE('',*,*,#6502,.F.);
#6502 = EDGE_CURVE('',#6503,#6445,#6505,.T.);
#6503 = VERTEX_POINT('',#6504);
#6504 = CARTESIAN_POINT('',(89.6,77.6,8.4));
#6505 = LINE('',#6506,#6507);
#6506 = CARTESIAN_POINT('',(89.6,77.6,8.4));
#6507 = VECTOR('',#6508,1.);
#6508 = DIRECTION('',(0.,0.,-1.));
#6509 = ORIENTED_EDGE('',*,*,#6510,.T.);
#6510 = EDGE_CURVE('',#6503,#6511,#6513,.T.);
#6511 = VERTEX_POINT('',#6512);
#6512 = CARTESIAN_POINT('',(96.5,77.6,8.4));
#6513 = LINE('',#6514,#6515);
#6514 = CARTESIAN_POINT('',(89.6,77.6,8.4));
#6515 = VECTOR('',#6516,1.);
#6516 = DIRECTION('',(1.,0.,0.));
#6517 = ORIENTED_EDGE('',*,*,#6518,.F.);
#6518 = EDGE_CURVE('',#6519,#6511,#6521,.T.);
#6519 = VERTEX_POINT('',#6520);
#6520 = CARTESIAN_POINT('',(96.5,77.6,8.));
#6521 = LINE('',#6522,#6523);
#6522 = CARTESIAN_POINT('',(96.5,77.6,10.3));
#6523 = VECTOR('',#6524,1.);
#6524 = DIRECTION('',(0.,-0.,1.));
#6525 = ORIENTED_EDGE('',*,*,#6526,.F.);
#6526 = EDGE_CURVE('',#6527,#6519,#6529,.T.);
#6527 = VERTEX_POINT('',#6528);
#6528 = CARTESIAN_POINT('',(103.5,77.6,8.));
#6529 = LINE('',#6530,#6531);
#6530 = CARTESIAN_POINT('',(93.05,77.6,8.));
#6531 = VECTOR('',#6532,1.);
#6532 = DIRECTION('',(-1.,0.,0.));
#6533 = ORIENTED_EDGE('',*,*,#6534,.F.);
#6534 = EDGE_CURVE('',#6535,#6527,#6537,.T.);
#6535 = VERTEX_POINT('',#6536);
#6536 = CARTESIAN_POINT('',(103.5,77.6,8.4));
#6537 = LINE('',#6538,#6539);
#6538 = CARTESIAN_POINT('',(103.5,77.6,8.2));
#6539 = VECTOR('',#6540,1.);
#6540 = DIRECTION('',(0.,0.,-1.));
#6541 = ORIENTED_EDGE('',*,*,#6542,.T.);
#6542 = EDGE_CURVE('',#6535,#3737,#6543,.T.);
#6543 = LINE('',#6544,#6545);
#6544 = CARTESIAN_POINT('',(89.6,77.6,8.4));
#6545 = VECTOR('',#6546,1.);
#6546 = DIRECTION('',(1.,0.,0.));
#6547 = ORIENTED_EDGE('',*,*,#3736,.F.);
#6548 = ORIENTED_EDGE('',*,*,#6452,.F.);
#6549 = PLANE('',#6550);
#6550 = AXIS2_PLACEMENT_3D('',#6551,#6552,#6553);
#6551 = CARTESIAN_POINT('',(89.6,77.6,8.4));
#6552 = DIRECTION('',(0.,1.,0.));
#6553 = DIRECTION('',(0.,0.,-1.));
#6554 = ADVANCED_FACE('',(#6555),#6627,.T.);
#6555 = FACE_BOUND('',#6556,.T.);
#6556 = EDGE_LOOP('',(#6557,#6565,#6573,#6581,#6589,#6597,#6603,#6604,
    #6605,#6613,#6619,#6620,#6626));
#6557 = ORIENTED_EDGE('',*,*,#6558,.F.);
#6558 = EDGE_CURVE('',#6559,#6503,#6561,.T.);
#6559 = VERTEX_POINT('',#6560);
#6560 = CARTESIAN_POINT('',(89.6,90.,20.4));
#6561 = LINE('',#6562,#6563);
#6562 = CARTESIAN_POINT('',(89.6,90.,20.4));
#6563 = VECTOR('',#6564,1.);
#6564 = DIRECTION('',(0.,-0.718602141767,-0.695421427516));
#6565 = ORIENTED_EDGE('',*,*,#6566,.T.);
#6566 = EDGE_CURVE('',#6559,#6567,#6569,.T.);
#6567 = VERTEX_POINT('',#6568);
#6568 = CARTESIAN_POINT('',(110.7,90.,20.4));
#6569 = LINE('',#6570,#6571);
#6570 = CARTESIAN_POINT('',(89.6,90.,20.4));
#6571 = VECTOR('',#6572,1.);
#6572 = DIRECTION('',(1.,0.,0.));
#6573 = ORIENTED_EDGE('',*,*,#6574,.T.);
#6574 = EDGE_CURVE('',#6567,#6575,#6577,.T.);
#6575 = VERTEX_POINT('',#6576);
#6576 = CARTESIAN_POINT('',(110.7,83.7,14.303225806452));
#6577 = LINE('',#6578,#6579);
#6578 = CARTESIAN_POINT('',(110.7,83.026249328318,13.651209027405));
#6579 = VECTOR('',#6580,1.);
#6580 = DIRECTION('',(0.,-0.718602141767,-0.695421427516));
#6581 = ORIENTED_EDGE('',*,*,#6582,.T.);
#6582 = EDGE_CURVE('',#6575,#6583,#6585,.T.);
#6583 = VERTEX_POINT('',#6584);
#6584 = CARTESIAN_POINT('',(119.3,83.7,14.303225806452));
#6585 = LINE('',#6586,#6587);
#6586 = CARTESIAN_POINT('',(100.15,83.7,14.303225806452));
#6587 = VECTOR('',#6588,1.);
#6588 = DIRECTION('',(1.,0.,0.));
#6589 = ORIENTED_EDGE('',*,*,#6590,.F.);
#6590 = EDGE_CURVE('',#6591,#6583,#6593,.T.);
#6591 = VERTEX_POINT('',#6592);
#6592 = CARTESIAN_POINT('',(119.3,90.,20.4));
#6593 = LINE('',#6594,#6595);
#6594 = CARTESIAN_POINT('',(119.3,83.026249328318,13.651209027405));
#6595 = VECTOR('',#6596,1.);
#6596 = DIRECTION('',(0.,-0.718602141767,-0.695421427516));
#6597 = ORIENTED_EDGE('',*,*,#6598,.T.);
#6598 = EDGE_CURVE('',#6591,#3745,#6599,.T.);
#6599 = LINE('',#6600,#6601);
#6600 = CARTESIAN_POINT('',(89.6,90.,20.4));
#6601 = VECTOR('',#6602,1.);
#6602 = DIRECTION('',(1.,0.,0.));
#6603 = ORIENTED_EDGE('',*,*,#3744,.F.);
#6604 = ORIENTED_EDGE('',*,*,#6542,.F.);
#6605 = ORIENTED_EDGE('',*,*,#6606,.F.);
#6606 = EDGE_CURVE('',#6607,#6535,#6609,.T.);
#6607 = VERTEX_POINT('',#6608);
#6608 = CARTESIAN_POINT('',(103.5,81.526666666661,12.2));
#6609 = LINE('',#6610,#6611);
#6610 = CARTESIAN_POINT('',(103.5,80.188608275117,10.905104782377));
#6611 = VECTOR('',#6612,1.);
#6612 = DIRECTION('',(0.,-0.718602141767,-0.695421427516));
#6613 = ORIENTED_EDGE('',*,*,#6614,.F.);
#6614 = EDGE_CURVE('',#4139,#6607,#6615,.T.);
#6615 = LINE('',#6616,#6617);
#6616 = CARTESIAN_POINT('',(101.80037131442,83.533847209623,
    14.14243278351));
#6617 = VECTOR('',#6618,1.);
#6618 = DIRECTION('',(0.519821089745,-0.613883953604,-0.594081245423));
#6619 = ORIENTED_EDGE('',*,*,#4146,.F.);
#6620 = ORIENTED_EDGE('',*,*,#6621,.F.);
#6621 = EDGE_CURVE('',#6511,#4147,#6622,.T.);
#6622 = LINE('',#6623,#6624);
#6623 = CARTESIAN_POINT('',(96.5,81.238044062328,11.920687802258));
#6624 = VECTOR('',#6625,1.);
#6625 = DIRECTION('',(0.,0.718602141767,0.695421427516));
#6626 = ORIENTED_EDGE('',*,*,#6510,.F.);
#6627 = PLANE('',#6628);
#6628 = AXIS2_PLACEMENT_3D('',#6629,#6630,#6631);
#6629 = CARTESIAN_POINT('',(89.6,90.,20.4));
#6630 = DIRECTION('',(0.,0.695421427516,-0.718602141767));
#6631 = DIRECTION('',(0.,-0.718602141767,-0.695421427516));
#6632 = ADVANCED_FACE('',(#6633),#6698,.T.);
#6633 = FACE_BOUND('',#6634,.T.);
#6634 = EDGE_LOOP('',(#6635,#6641,#6642,#6650,#6658,#6666,#6672,#6673,
    #6674,#6675,#6683,#6691,#6697));
#6635 = ORIENTED_EDGE('',*,*,#6636,.F.);
#6636 = EDGE_CURVE('',#6384,#6559,#6637,.T.);
#6637 = LINE('',#6638,#6639);
#6638 = CARTESIAN_POINT('',(89.6,102.4,8.4));
#6639 = VECTOR('',#6640,1.);
#6640 = DIRECTION('',(0.,-0.718602141767,0.695421427516));
#6641 = ORIENTED_EDGE('',*,*,#6430,.T.);
#6642 = ORIENTED_EDGE('',*,*,#6643,.F.);
#6643 = EDGE_CURVE('',#6644,#6423,#6646,.T.);
#6644 = VERTEX_POINT('',#6645);
#6645 = CARTESIAN_POINT('',(96.5,98.473333333331,12.2));
#6646 = LINE('',#6647,#6648);
#6647 = CARTESIAN_POINT('',(96.5,91.535840945722,18.913702310585));
#6648 = VECTOR('',#6649,1.);
#6649 = DIRECTION('',(0.,0.718602141767,-0.695421427516));
#6650 = ORIENTED_EDGE('',*,*,#6651,.F.);
#6651 = EDGE_CURVE('',#6652,#6644,#6654,.T.);
#6652 = VERTEX_POINT('',#6653);
#6653 = CARTESIAN_POINT('',(100.,94.339999999995,16.2));
#6654 = LINE('',#6655,#6656);
#6655 = CARTESIAN_POINT('',(100.94538859341,93.223541089673,
    17.280444106762));
#6656 = VECTOR('',#6657,1.);
#6657 = DIRECTION('',(-0.519821089745,0.613883953604,-0.594081245423));
#6658 = ORIENTED_EDGE('',*,*,#6659,.F.);
#6659 = EDGE_CURVE('',#6660,#6652,#6662,.T.);
#6660 = VERTEX_POINT('',#6661);
#6661 = CARTESIAN_POINT('',(103.5,98.473333333331,12.2));
#6662 = LINE('',#6663,#6664);
#6663 = CARTESIAN_POINT('',(97.334892527145,91.19263498443,
    19.245837111835));
#6664 = VECTOR('',#6665,1.);
#6665 = DIRECTION('',(-0.519821089745,-0.613883953604,0.594081245423));
#6666 = ORIENTED_EDGE('',*,*,#6667,.F.);
#6667 = EDGE_CURVE('',#6399,#6660,#6668,.T.);
#6668 = LINE('',#6669,#6670);
#6669 = CARTESIAN_POINT('',(103.5,92.585276732933,17.898119290704));
#6670 = VECTOR('',#6671,1.);
#6671 = DIRECTION('',(0.,-0.718602141767,0.695421427516));
#6672 = ORIENTED_EDGE('',*,*,#6398,.T.);
#6673 = ORIENTED_EDGE('',*,*,#3752,.F.);
#6674 = ORIENTED_EDGE('',*,*,#6598,.F.);
#6675 = ORIENTED_EDGE('',*,*,#6676,.F.);
#6676 = EDGE_CURVE('',#6677,#6591,#6679,.T.);
#6677 = VERTEX_POINT('',#6678);
#6678 = CARTESIAN_POINT('',(119.3,96.3,14.303225806452));
#6679 = LINE('',#6680,#6681);
#6680 = CARTESIAN_POINT('',(119.3,99.920499731327,10.799516389038));
#6681 = VECTOR('',#6682,1.);
#6682 = DIRECTION('',(0.,-0.718602141767,0.695421427516));
#6683 = ORIENTED_EDGE('',*,*,#6684,.F.);
#6684 = EDGE_CURVE('',#6685,#6677,#6687,.T.);
#6685 = VERTEX_POINT('',#6686);
#6686 = CARTESIAN_POINT('',(110.7,96.3,14.303225806452));
#6687 = LINE('',#6688,#6689);
#6688 = CARTESIAN_POINT('',(100.15,96.3,14.303225806452));
#6689 = VECTOR('',#6690,1.);
#6690 = DIRECTION('',(1.,0.,0.));
#6691 = ORIENTED_EDGE('',*,*,#6692,.T.);
#6692 = EDGE_CURVE('',#6685,#6567,#6693,.T.);
#6693 = LINE('',#6694,#6695);
#6694 = CARTESIAN_POINT('',(110.7,99.920499731327,10.799516389038));
#6695 = VECTOR('',#6696,1.);
#6696 = DIRECTION('',(0.,-0.718602141767,0.695421427516));
#6697 = ORIENTED_EDGE('',*,*,#6566,.F.);
#6698 = PLANE('',#6699);
#6699 = AXIS2_PLACEMENT_3D('',#6700,#6701,#6702);
#6700 = CARTESIAN_POINT('',(89.6,102.4,8.4));
#6701 = DIRECTION('',(0.,-0.695421427516,-0.718602141767));
#6702 = DIRECTION('',(0.,-0.718602141767,0.695421427516));
#6703 = ADVANCED_FACE('',(#6704),#6738,.T.);
#6704 = FACE_BOUND('',#6705,.T.);
#6705 = EDGE_LOOP('',(#6706,#6707,#6713,#6714,#6722,#6730,#6736,#6737));
#6706 = ORIENTED_EDGE('',*,*,#5942,.F.);
#6707 = ORIENTED_EDGE('',*,*,#6708,.T.);
#6708 = EDGE_CURVE('',#5935,#3763,#6709,.T.);
#6709 = LINE('',#6710,#6711);
#6710 = CARTESIAN_POINT('',(89.6,-77.6,3.6));
#6711 = VECTOR('',#6712,1.);
#6712 = DIRECTION('',(1.,0.,0.));
#6713 = ORIENTED_EDGE('',*,*,#3760,.F.);
#6714 = ORIENTED_EDGE('',*,*,#6715,.F.);
#6715 = EDGE_CURVE('',#6716,#3761,#6718,.T.);
#6716 = VERTEX_POINT('',#6717);
#6717 = CARTESIAN_POINT('',(103.5,-77.6,8.4));
#6718 = LINE('',#6719,#6720);
#6719 = CARTESIAN_POINT('',(89.6,-77.6,8.4));
#6720 = VECTOR('',#6721,1.);
#6721 = DIRECTION('',(1.,0.,0.));
#6722 = ORIENTED_EDGE('',*,*,#6723,.F.);
#6723 = EDGE_CURVE('',#6724,#6716,#6726,.T.);
#6724 = VERTEX_POINT('',#6725);
#6725 = CARTESIAN_POINT('',(103.5,-77.6,8.));
#6726 = LINE('',#6727,#6728);
#6727 = CARTESIAN_POINT('',(103.5,-77.6,5.8));
#6728 = VECTOR('',#6729,1.);
#6729 = DIRECTION('',(-0.,0.,1.));
#6730 = ORIENTED_EDGE('',*,*,#6731,.F.);
#6731 = EDGE_CURVE('',#5869,#6724,#6732,.T.);
#6732 = LINE('',#6733,#6734);
#6733 = CARTESIAN_POINT('',(93.05,-77.6,8.));
#6734 = VECTOR('',#6735,1.);
#6735 = DIRECTION('',(1.,0.,0.));
#6736 = ORIENTED_EDGE('',*,*,#5876,.F.);
#6737 = ORIENTED_EDGE('',*,*,#5908,.F.);
#6738 = PLANE('',#6739);
#6739 = AXIS2_PLACEMENT_3D('',#6740,#6741,#6742);
#6740 = CARTESIAN_POINT('',(89.6,-77.6,3.6));
#6741 = DIRECTION('',(0.,-1.,0.));
#6742 = DIRECTION('',(0.,0.,1.));
#6743 = ADVANCED_FACE('',(#6744,#6755),#6789,.T.);
#6744 = FACE_BOUND('',#6745,.T.);
#6745 = EDGE_LOOP('',(#6746,#6747,#6753,#6754));
#6746 = ORIENTED_EDGE('',*,*,#5934,.F.);
#6747 = ORIENTED_EDGE('',*,*,#6748,.T.);
#6748 = EDGE_CURVE('',#5927,#3771,#6749,.T.);
#6749 = LINE('',#6750,#6751);
#6750 = CARTESIAN_POINT('',(89.6,-102.4,3.6));
#6751 = VECTOR('',#6752,1.);
#6752 = DIRECTION('',(1.,0.,0.));
#6753 = ORIENTED_EDGE('',*,*,#3770,.F.);
#6754 = ORIENTED_EDGE('',*,*,#6708,.F.);
#6755 = FACE_BOUND('',#6756,.T.);
#6756 = EDGE_LOOP('',(#6757,#6767,#6775,#6783));
#6757 = ORIENTED_EDGE('',*,*,#6758,.T.);
#6758 = EDGE_CURVE('',#6759,#6761,#6763,.T.);
#6759 = VERTEX_POINT('',#6760);
#6760 = CARTESIAN_POINT('',(119.3,-96.3,3.6));
#6761 = VERTEX_POINT('',#6762);
#6762 = CARTESIAN_POINT('',(110.7,-96.3,3.6));
#6763 = LINE('',#6764,#6765);
#6764 = CARTESIAN_POINT('',(100.15,-96.3,3.6));
#6765 = VECTOR('',#6766,1.);
#6766 = DIRECTION('',(-1.,0.,0.));
#6767 = ORIENTED_EDGE('',*,*,#6768,.T.);
#6768 = EDGE_CURVE('',#6761,#6769,#6771,.T.);
#6769 = VERTEX_POINT('',#6770);
#6770 = CARTESIAN_POINT('',(110.7,-83.7,3.6));
#6771 = LINE('',#6772,#6773);
#6772 = CARTESIAN_POINT('',(110.7,-99.35,3.6));
#6773 = VECTOR('',#6774,1.);
#6774 = DIRECTION('',(0.,1.,0.));
#6775 = ORIENTED_EDGE('',*,*,#6776,.F.);
#6776 = EDGE_CURVE('',#6777,#6769,#6779,.T.);
#6777 = VERTEX_POINT('',#6778);
#6778 = CARTESIAN_POINT('',(119.3,-83.7,3.6));
#6779 = LINE('',#6780,#6781);
#6780 = CARTESIAN_POINT('',(100.15,-83.7,3.6));
#6781 = VECTOR('',#6782,1.);
#6782 = DIRECTION('',(-1.,0.,0.));
#6783 = ORIENTED_EDGE('',*,*,#6784,.F.);
#6784 = EDGE_CURVE('',#6759,#6777,#6785,.T.);
#6785 = LINE('',#6786,#6787);
#6786 = CARTESIAN_POINT('',(119.3,-99.35,3.6));
#6787 = VECTOR('',#6788,1.);
#6788 = DIRECTION('',(0.,1.,0.));
#6789 = PLANE('',#6790);
#6790 = AXIS2_PLACEMENT_3D('',#6791,#6792,#6793);
#6791 = CARTESIAN_POINT('',(89.6,-102.4,3.6));
#6792 = DIRECTION('',(0.,0.,1.));
#6793 = DIRECTION('',(0.,1.,0.));
#6794 = ADVANCED_FACE('',(#6795),#6824,.T.);
#6795 = FACE_BOUND('',#6796,.T.);
#6796 = EDGE_LOOP('',(#6797,#6798,#6799,#6807,#6815,#6821,#6822,#6823));
#6797 = ORIENTED_EDGE('',*,*,#5924,.F.);
#6798 = ORIENTED_EDGE('',*,*,#6054,.T.);
#6799 = ORIENTED_EDGE('',*,*,#6800,.F.);
#6800 = EDGE_CURVE('',#6801,#6047,#6803,.T.);
#6801 = VERTEX_POINT('',#6802);
#6802 = CARTESIAN_POINT('',(96.5,-102.4,8.));
#6803 = LINE('',#6804,#6805);
#6804 = CARTESIAN_POINT('',(96.5,-102.4,10.3));
#6805 = VECTOR('',#6806,1.);
#6806 = DIRECTION('',(0.,-0.,1.));
#6807 = ORIENTED_EDGE('',*,*,#6808,.F.);
#6808 = EDGE_CURVE('',#6809,#6801,#6811,.T.);
#6809 = VERTEX_POINT('',#6810);
#6810 = CARTESIAN_POINT('',(103.5,-102.4,8.));
#6811 = LINE('',#6812,#6813);
#6812 = CARTESIAN_POINT('',(93.05,-102.4,8.));
#6813 = VECTOR('',#6814,1.);
#6814 = DIRECTION('',(-1.,0.,0.));
#6815 = ORIENTED_EDGE('',*,*,#6816,.F.);
#6816 = EDGE_CURVE('',#6015,#6809,#6817,.T.);
#6817 = LINE('',#6818,#6819);
#6818 = CARTESIAN_POINT('',(103.5,-102.4,8.2));
#6819 = VECTOR('',#6820,1.);
#6820 = DIRECTION('',(0.,0.,-1.));
#6821 = ORIENTED_EDGE('',*,*,#6014,.T.);
#6822 = ORIENTED_EDGE('',*,*,#3778,.F.);
#6823 = ORIENTED_EDGE('',*,*,#6748,.F.);
#6824 = PLANE('',#6825);
#6825 = AXIS2_PLACEMENT_3D('',#6826,#6827,#6828);
#6826 = CARTESIAN_POINT('',(89.6,-102.4,8.4));
#6827 = DIRECTION('',(0.,1.,0.));
#6828 = DIRECTION('',(0.,0.,-1.));
#6829 = ADVANCED_FACE('',(#6830),#6881,.T.);
#6830 = FACE_BOUND('',#6831,.T.);
#6831 = EDGE_LOOP('',(#6832,#6840,#6841,#6842,#6843,#6851,#6859,#6865,
    #6866,#6867,#6875));
#6832 = ORIENTED_EDGE('',*,*,#6833,.F.);
#6833 = EDGE_CURVE('',#6716,#6834,#6836,.T.);
#6834 = VERTEX_POINT('',#6835);
#6835 = CARTESIAN_POINT('',(103.5,-81.52666666666,12.2));
#6836 = LINE('',#6837,#6838);
#6837 = CARTESIAN_POINT('',(103.5,-87.41472326706,17.898119290704));
#6838 = VECTOR('',#6839,1.);
#6839 = DIRECTION('',(0.,-0.718602141767,0.695421427516));
#6840 = ORIENTED_EDGE('',*,*,#6715,.T.);
#6841 = ORIENTED_EDGE('',*,*,#3794,.F.);
#6842 = ORIENTED_EDGE('',*,*,#6007,.F.);
#6843 = ORIENTED_EDGE('',*,*,#6844,.F.);
#6844 = EDGE_CURVE('',#6845,#6000,#6847,.T.);
#6845 = VERTEX_POINT('',#6846);
#6846 = CARTESIAN_POINT('',(119.3,-83.7,14.303225806452));
#6847 = LINE('',#6848,#6849);
#6848 = CARTESIAN_POINT('',(119.3,-80.07950026867,10.799516389038));
#6849 = VECTOR('',#6850,1.);
#6850 = DIRECTION('',(0.,-0.718602141767,0.695421427516));
#6851 = ORIENTED_EDGE('',*,*,#6852,.F.);
#6852 = EDGE_CURVE('',#6853,#6845,#6855,.T.);
#6853 = VERTEX_POINT('',#6854);
#6854 = CARTESIAN_POINT('',(110.7,-83.7,14.303225806452));
#6855 = LINE('',#6856,#6857);
#6856 = CARTESIAN_POINT('',(100.15,-83.7,14.303225806452));
#6857 = VECTOR('',#6858,1.);
#6858 = DIRECTION('',(1.,0.,0.));
#6859 = ORIENTED_EDGE('',*,*,#6860,.T.);
#6860 = EDGE_CURVE('',#6853,#5976,#6861,.T.);
#6861 = LINE('',#6862,#6863);
#6862 = CARTESIAN_POINT('',(110.7,-80.07950026867,10.799516389038));
#6863 = VECTOR('',#6864,1.);
#6864 = DIRECTION('',(0.,-0.718602141767,0.695421427516));
#6865 = ORIENTED_EDGE('',*,*,#5975,.F.);
#6866 = ORIENTED_EDGE('',*,*,#6068,.F.);
#6867 = ORIENTED_EDGE('',*,*,#6868,.F.);
#6868 = EDGE_CURVE('',#6869,#6069,#6871,.T.);
#6869 = VERTEX_POINT('',#6870);
#6870 = CARTESIAN_POINT('',(100.,-85.66,16.2));
#6871 = LINE('',#6872,#6873);
#6872 = CARTESIAN_POINT('',(100.94538859341,-86.77645891032,
    17.280444106762));
#6873 = VECTOR('',#6874,1.);
#6874 = DIRECTION('',(-0.519821089745,0.613883953604,-0.594081245423));
#6875 = ORIENTED_EDGE('',*,*,#6876,.F.);
#6876 = EDGE_CURVE('',#6834,#6869,#6877,.T.);
#6877 = LINE('',#6878,#6879);
#6878 = CARTESIAN_POINT('',(97.334892527145,-88.80736501557,
    19.245837111835));
#6879 = VECTOR('',#6880,1.);
#6880 = DIRECTION('',(-0.519821089745,-0.613883953604,0.594081245423));
#6881 = PLANE('',#6882);
#6882 = AXIS2_PLACEMENT_3D('',#6883,#6884,#6885);
#6883 = CARTESIAN_POINT('',(89.6,-77.6,8.4));
#6884 = DIRECTION('',(0.,-0.695421427516,-0.718602141767));
#6885 = DIRECTION('',(0.,-0.718602141767,0.695421427516));
#6886 = ADVANCED_FACE('',(#6887),#6914,.F.);
#6887 = FACE_BOUND('',#6888,.F.);
#6888 = EDGE_LOOP('',(#6889,#6890,#6891,#6899,#6907,#6913));
#6889 = ORIENTED_EDGE('',*,*,#4138,.F.);
#6890 = ORIENTED_EDGE('',*,*,#3850,.T.);
#6891 = ORIENTED_EDGE('',*,*,#6892,.F.);
#6892 = EDGE_CURVE('',#6893,#3843,#6895,.T.);
#6893 = VERTEX_POINT('',#6894);
#6894 = CARTESIAN_POINT('',(103.4125,65.5,12.3));
#6895 = LINE('',#6896,#6897);
#6896 = CARTESIAN_POINT('',(103.4125,61.,12.3));
#6897 = VECTOR('',#6898,1.);
#6898 = DIRECTION('',(-0.,-1.,0.));
#6899 = ORIENTED_EDGE('',*,*,#6900,.F.);
#6900 = EDGE_CURVE('',#6901,#6893,#6903,.T.);
#6901 = VERTEX_POINT('',#6902);
#6902 = CARTESIAN_POINT('',(103.5,65.5,12.2));
#6903 = LINE('',#6904,#6905);
#6904 = CARTESIAN_POINT('',(102.87123893805,65.5,12.918584070796));
#6905 = VECTOR('',#6906,1.);
#6906 = DIRECTION('',(-0.658504607869,-0.,0.752576694707));
#6907 = ORIENTED_EDGE('',*,*,#6908,.T.);
#6908 = EDGE_CURVE('',#6901,#6607,#6909,.T.);
#6909 = LINE('',#6910,#6911);
#6910 = CARTESIAN_POINT('',(103.5,64.,12.2));
#6911 = VECTOR('',#6912,1.);
#6912 = DIRECTION('',(0.,1.,0.));
#6913 = ORIENTED_EDGE('',*,*,#6614,.F.);
#6914 = PLANE('',#6915);
#6915 = AXIS2_PLACEMENT_3D('',#6916,#6917,#6918);
#6916 = CARTESIAN_POINT('',(103.5,64.,12.2));
#6917 = DIRECTION('',(0.752576694707,-0.,0.658504607869));
#6918 = DIRECTION('',(-0.658504607869,0.,0.752576694707));
#6919 = ADVANCED_FACE('',(#6920),#6938,.F.);
#6920 = FACE_BOUND('',#6921,.F.);
#6921 = EDGE_LOOP('',(#6922,#6923,#6931,#6937));
#6922 = ORIENTED_EDGE('',*,*,#3842,.T.);
#6923 = ORIENTED_EDGE('',*,*,#6924,.T.);
#6924 = EDGE_CURVE('',#3835,#6925,#6927,.T.);
#6925 = VERTEX_POINT('',#6926);
#6926 = CARTESIAN_POINT('',(104.2,65.5,12.3));
#6927 = LINE('',#6928,#6929);
#6928 = CARTESIAN_POINT('',(104.2,58.,12.3));
#6929 = VECTOR('',#6930,1.);
#6930 = DIRECTION('',(-0.,1.,0.));
#6931 = ORIENTED_EDGE('',*,*,#6932,.F.);
#6932 = EDGE_CURVE('',#6893,#6925,#6933,.T.);
#6933 = LINE('',#6934,#6935);
#6934 = CARTESIAN_POINT('',(95.8,65.5,12.3));
#6935 = VECTOR('',#6936,1.);
#6936 = DIRECTION('',(1.,0.,-0.));
#6937 = ORIENTED_EDGE('',*,*,#6892,.T.);
#6938 = PLANE('',#6939);
#6939 = AXIS2_PLACEMENT_3D('',#6940,#6941,#6942);
#6940 = CARTESIAN_POINT('',(95.8,58.,12.3));
#6941 = DIRECTION('',(0.,0.,1.));
#6942 = DIRECTION('',(1.,0.,-0.));
#6943 = ADVANCED_FACE('',(#6944),#6962,.F.);
#6944 = FACE_BOUND('',#6945,.F.);
#6945 = EDGE_LOOP('',(#6946,#6947,#6948,#6956));
#6946 = ORIENTED_EDGE('',*,*,#6924,.F.);
#6947 = ORIENTED_EDGE('',*,*,#3834,.T.);
#6948 = ORIENTED_EDGE('',*,*,#6949,.T.);
#6949 = EDGE_CURVE('',#3827,#6950,#6952,.T.);
#6950 = VERTEX_POINT('',#6951);
#6951 = CARTESIAN_POINT('',(104.2,65.5,8.));
#6952 = LINE('',#6953,#6954);
#6953 = CARTESIAN_POINT('',(104.2,58.,8.));
#6954 = VECTOR('',#6955,1.);
#6955 = DIRECTION('',(-0.,1.,0.));
#6956 = ORIENTED_EDGE('',*,*,#6957,.T.);
#6957 = EDGE_CURVE('',#6950,#6925,#6958,.T.);
#6958 = LINE('',#6959,#6960);
#6959 = CARTESIAN_POINT('',(104.2,65.5,8.));
#6960 = VECTOR('',#6961,1.);
#6961 = DIRECTION('',(0.,0.,1.));
#6962 = PLANE('',#6963);
#6963 = AXIS2_PLACEMENT_3D('',#6964,#6965,#6966);
#6964 = CARTESIAN_POINT('',(104.2,58.,8.));
#6965 = DIRECTION('',(1.,0.,-0.));
#6966 = DIRECTION('',(0.,0.,1.));
#6967 = ADVANCED_FACE('',(#6968),#6985,.F.);
#6968 = FACE_BOUND('',#6969,.F.);
#6969 = EDGE_LOOP('',(#6970,#6971,#6977,#6978,#6979));
#6970 = ORIENTED_EDGE('',*,*,#6876,.F.);
#6971 = ORIENTED_EDGE('',*,*,#6972,.T.);
#6972 = EDGE_CURVE('',#6834,#3918,#6973,.T.);
#6973 = LINE('',#6974,#6975);
#6974 = CARTESIAN_POINT('',(103.5,-116.,12.2));
#6975 = VECTOR('',#6976,1.);
#6976 = DIRECTION('',(0.,1.,0.));
#6977 = ORIENTED_EDGE('',*,*,#3925,.F.);
#6978 = ORIENTED_EDGE('',*,*,#6086,.F.);
#6979 = ORIENTED_EDGE('',*,*,#6980,.F.);
#6980 = EDGE_CURVE('',#6869,#6078,#6981,.T.);
#6981 = LINE('',#6982,#6983);
#6982 = CARTESIAN_POINT('',(100.,-116.,16.2));
#6983 = VECTOR('',#6984,1.);
#6984 = DIRECTION('',(0.,1.,0.));
#6985 = PLANE('',#6986);
#6986 = AXIS2_PLACEMENT_3D('',#6987,#6988,#6989);
#6987 = CARTESIAN_POINT('',(103.5,-116.,12.2));
#6988 = DIRECTION('',(0.752576694707,-0.,0.658504607869));
#6989 = DIRECTION('',(-0.658504607869,0.,0.752576694707));
#6990 = ADVANCED_FACE('',(#6991),#7003,.F.);
#6991 = FACE_BOUND('',#6992,.F.);
#6992 = EDGE_LOOP('',(#6993,#6994,#7000,#7001,#7002));
#6993 = ORIENTED_EDGE('',*,*,#6723,.F.);
#6994 = ORIENTED_EDGE('',*,*,#6995,.T.);
#6995 = EDGE_CURVE('',#6724,#3910,#6996,.T.);
#6996 = LINE('',#6997,#6998);
#6997 = CARTESIAN_POINT('',(103.5,-116.,8.));
#6998 = VECTOR('',#6999,1.);
#6999 = DIRECTION('',(0.,1.,0.));
#7000 = ORIENTED_EDGE('',*,*,#3917,.F.);
#7001 = ORIENTED_EDGE('',*,*,#6972,.F.);
#7002 = ORIENTED_EDGE('',*,*,#6833,.F.);
#7003 = PLANE('',#7004);
#7004 = AXIS2_PLACEMENT_3D('',#7005,#7006,#7007);
#7005 = CARTESIAN_POINT('',(103.5,-116.,8.));
#7006 = DIRECTION('',(1.,0.,0.));
#7007 = DIRECTION('',(0.,0.,1.));
#7008 = ADVANCED_FACE('',(#7009),#7015,.F.);
#7009 = FACE_BOUND('',#7010,.F.);
#7010 = EDGE_LOOP('',(#7011,#7012,#7013,#7014));
#7011 = ORIENTED_EDGE('',*,*,#6731,.F.);
#7012 = ORIENTED_EDGE('',*,*,#5868,.T.);
#7013 = ORIENTED_EDGE('',*,*,#3909,.F.);
#7014 = ORIENTED_EDGE('',*,*,#6995,.F.);
#7015 = PLANE('',#7016);
#7016 = AXIS2_PLACEMENT_3D('',#7017,#7018,#7019);
#7017 = CARTESIAN_POINT('',(96.5,-116.,8.));
#7018 = DIRECTION('',(0.,0.,-1.));
#7019 = DIRECTION('',(1.,0.,0.));
#7020 = ADVANCED_FACE('',(#7021,#7027,#7061),#7095,.T.);
#7021 = FACE_BOUND('',#7022,.T.);
#7022 = EDGE_LOOP('',(#7023,#7024,#7025,#7026));
#7023 = ORIENTED_EDGE('',*,*,#3997,.F.);
#7024 = ORIENTED_EDGE('',*,*,#3973,.T.);
#7025 = ORIENTED_EDGE('',*,*,#4038,.T.);
#7026 = ORIENTED_EDGE('',*,*,#4021,.F.);
#7027 = FACE_BOUND('',#7028,.T.);
#7028 = EDGE_LOOP('',(#7029,#7039,#7047,#7055));
#7029 = ORIENTED_EDGE('',*,*,#7030,.T.);
#7030 = EDGE_CURVE('',#7031,#7033,#7035,.T.);
#7031 = VERTEX_POINT('',#7032);
#7032 = CARTESIAN_POINT('',(100.82032260178,-16.23115502263,10.));
#7033 = VERTEX_POINT('',#7034);
#7034 = CARTESIAN_POINT('',(96.437065930184,-16.61464029072,10.));
#7035 = LINE('',#7036,#7037);
#7036 = CARTESIAN_POINT('',(95.341251762283,-16.71051160774,10.));
#7037 = VECTOR('',#7038,1.);
#7038 = DIRECTION('',(-0.996194698092,-8.715574274762E-02,0.));
#7039 = ORIENTED_EDGE('',*,*,#7040,.T.);
#7040 = EDGE_CURVE('',#7033,#7041,#7043,.T.);
#7041 = VERTEX_POINT('',#7042);
#7042 = CARTESIAN_POINT('',(96.053580662094,-12.23138361912,10.));
#7043 = LINE('',#7044,#7045);
#7044 = CARTESIAN_POINT('',(96.733395455526,-20.00170226423,10.));
#7045 = VECTOR('',#7046,1.);
#7046 = DIRECTION('',(-8.715574274762E-02,0.996194698092,0.));
#7047 = ORIENTED_EDGE('',*,*,#7048,.F.);
#7048 = EDGE_CURVE('',#7049,#7041,#7051,.T.);
#7049 = VERTEX_POINT('',#7050);
#7050 = CARTESIAN_POINT('',(100.43683733369,-11.84789835103,10.));
#7051 = LINE('',#7052,#7053);
#7052 = CARTESIAN_POINT('',(94.957766494193,-12.32725493614,10.));
#7053 = VECTOR('',#7054,1.);
#7054 = DIRECTION('',(-0.996194698092,-8.715574274762E-02,0.));
#7055 = ORIENTED_EDGE('',*,*,#7056,.F.);
#7056 = EDGE_CURVE('',#7031,#7049,#7057,.T.);
#7057 = LINE('',#7058,#7059);
#7058 = CARTESIAN_POINT('',(101.11665212712,-19.61821699614,10.));
#7059 = VECTOR('',#7060,1.);
#7060 = DIRECTION('',(-8.715574274762E-02,0.996194698092,0.));
#7061 = FACE_BOUND('',#7062,.T.);
#7062 = EDGE_LOOP('',(#7063,#7073,#7081,#7089));
#7063 = ORIENTED_EDGE('',*,*,#7064,.T.);
#7064 = EDGE_CURVE('',#7065,#7067,#7069,.T.);
#7065 = VERTEX_POINT('',#7066);
#7066 = CARTESIAN_POINT('',(108.39140230728,-15.56877137775,10.));
#7067 = VERTEX_POINT('',#7068);
#7068 = CARTESIAN_POINT('',(104.00814563568,-15.95225664584,10.));
#7069 = LINE('',#7070,#7071);
#7070 = CARTESIAN_POINT('',(99.126791615031,-16.3793197853,10.));
#7071 = VECTOR('',#7072,1.);
#7072 = DIRECTION('',(-0.996194698092,-8.715574274762E-02,0.));
#7073 = ORIENTED_EDGE('',*,*,#7074,.T.);
#7074 = EDGE_CURVE('',#7067,#7075,#7077,.T.);
#7075 = VERTEX_POINT('',#7076);
#7076 = CARTESIAN_POINT('',(103.62466036759,-11.56899997423,10.));
#7077 = LINE('',#7078,#7079);
#7078 = CARTESIAN_POINT('',(104.30447516102,-19.33931861935,10.));
#7079 = VECTOR('',#7080,1.);
#7080 = DIRECTION('',(-8.715574274762E-02,0.996194698092,0.));
#7081 = ORIENTED_EDGE('',*,*,#7082,.F.);
#7082 = EDGE_CURVE('',#7083,#7075,#7085,.T.);
#7083 = VERTEX_POINT('',#7084);
#7084 = CARTESIAN_POINT('',(108.00791703919,-11.18551470614,10.));
#7085 = LINE('',#7086,#7087);
#7086 = CARTESIAN_POINT('',(98.743306346942,-11.9960631137,10.));
#7087 = VECTOR('',#7088,1.);
#7088 = DIRECTION('',(-0.996194698092,-8.715574274762E-02,0.));
#7089 = ORIENTED_EDGE('',*,*,#7090,.F.);
#7090 = EDGE_CURVE('',#7065,#7083,#7091,.T.);
#7091 = LINE('',#7092,#7093);
#7092 = CARTESIAN_POINT('',(108.68773183262,-18.95583335126,10.));
#7093 = VECTOR('',#7094,1.);
#7094 = DIRECTION('',(-8.715574274762E-02,0.996194698092,0.));
#7095 = PLANE('',#7096);
#7096 = AXIS2_PLACEMENT_3D('',#7097,#7098,#7099);
#7097 = CARTESIAN_POINT('',(94.838096645066,-23.58050687179,10.));
#7098 = DIRECTION('',(0.,0.,1.));
#7099 = DIRECTION('',(0.996194698092,8.715574274762E-02,0.));
#7100 = ADVANCED_FACE('',(#7101),#7120,.F.);
#7101 = FACE_BOUND('',#7102,.F.);
#7102 = EDGE_LOOP('',(#7103,#7111,#7112,#7113,#7114));
#7103 = ORIENTED_EDGE('',*,*,#7104,.F.);
#7104 = EDGE_CURVE('',#4062,#7105,#7107,.T.);
#7105 = VERTEX_POINT('',#7106);
#7106 = CARTESIAN_POINT('',(96.5,65.5,8.));
#7107 = LINE('',#7108,#7109);
#7108 = CARTESIAN_POINT('',(95.8,65.5,8.));
#7109 = VECTOR('',#7110,1.);
#7110 = DIRECTION('',(1.,0.,-0.));
#7111 = ORIENTED_EDGE('',*,*,#4069,.T.);
#7112 = ORIENTED_EDGE('',*,*,#4101,.T.);
#7113 = ORIENTED_EDGE('',*,*,#4162,.T.);
#7114 = ORIENTED_EDGE('',*,*,#7115,.T.);
#7115 = EDGE_CURVE('',#4155,#7105,#7116,.T.);
#7116 = LINE('',#7117,#7118);
#7117 = CARTESIAN_POINT('',(96.5,65.5,10.1));
#7118 = VECTOR('',#7119,1.);
#7119 = DIRECTION('',(0.,0.,-1.));
#7120 = PLANE('',#7121);
#7121 = AXIS2_PLACEMENT_3D('',#7122,#7123,#7124);
#7122 = CARTESIAN_POINT('',(95.8,65.5,8.));
#7123 = DIRECTION('',(-0.,1.,0.));
#7124 = DIRECTION('',(0.,0.,1.));
#7125 = ADVANCED_FACE('',(#7126),#7138,.F.);
#7126 = FACE_BOUND('',#7127,.F.);
#7127 = EDGE_LOOP('',(#7128,#7129,#7130,#7131,#7132));
#7128 = ORIENTED_EDGE('',*,*,#7115,.F.);
#7129 = ORIENTED_EDGE('',*,*,#4154,.T.);
#7130 = ORIENTED_EDGE('',*,*,#6621,.F.);
#7131 = ORIENTED_EDGE('',*,*,#6518,.F.);
#7132 = ORIENTED_EDGE('',*,*,#7133,.F.);
#7133 = EDGE_CURVE('',#7105,#6519,#7134,.T.);
#7134 = LINE('',#7135,#7136);
#7135 = CARTESIAN_POINT('',(96.5,64.,8.));
#7136 = VECTOR('',#7137,1.);
#7137 = DIRECTION('',(0.,1.,0.));
#7138 = PLANE('',#7139);
#7139 = AXIS2_PLACEMENT_3D('',#7140,#7141,#7142);
#7140 = CARTESIAN_POINT('',(96.5,64.,12.2));
#7141 = DIRECTION('',(-1.,0.,0.));
#7142 = DIRECTION('',(0.,0.,-1.));
#7143 = ADVANCED_FACE('',(#7144),#7160,.F.);
#7144 = FACE_BOUND('',#7145,.F.);
#7145 = EDGE_LOOP('',(#7146,#7147,#7153,#7154));
#7146 = ORIENTED_EDGE('',*,*,#6414,.F.);
#7147 = ORIENTED_EDGE('',*,*,#7148,.T.);
#7148 = EDGE_CURVE('',#6415,#4265,#7149,.T.);
#7149 = LINE('',#7150,#7151);
#7150 = CARTESIAN_POINT('',(96.5,64.,8.));
#7151 = VECTOR('',#7152,1.);
#7152 = DIRECTION('',(0.,1.,0.));
#7153 = ORIENTED_EDGE('',*,*,#4262,.F.);
#7154 = ORIENTED_EDGE('',*,*,#7155,.F.);
#7155 = EDGE_CURVE('',#6407,#4263,#7156,.T.);
#7156 = LINE('',#7157,#7158);
#7157 = CARTESIAN_POINT('',(103.5,64.,8.));
#7158 = VECTOR('',#7159,1.);
#7159 = DIRECTION('',(0.,1.,0.));
#7160 = PLANE('',#7161);
#7161 = AXIS2_PLACEMENT_3D('',#7162,#7163,#7164);
#7162 = CARTESIAN_POINT('',(96.5,64.,8.));
#7163 = DIRECTION('',(0.,0.,-1.));
#7164 = DIRECTION('',(1.,0.,0.));
#7165 = ADVANCED_FACE('',(#7166),#7178,.F.);
#7166 = FACE_BOUND('',#7167,.F.);
#7167 = EDGE_LOOP('',(#7168,#7169,#7175,#7176,#7177));
#7168 = ORIENTED_EDGE('',*,*,#6643,.F.);
#7169 = ORIENTED_EDGE('',*,*,#7170,.T.);
#7170 = EDGE_CURVE('',#6644,#4289,#7171,.T.);
#7171 = LINE('',#7172,#7173);
#7172 = CARTESIAN_POINT('',(96.5,64.,12.2));
#7173 = VECTOR('',#7174,1.);
#7174 = DIRECTION('',(0.,1.,0.));
#7175 = ORIENTED_EDGE('',*,*,#4296,.F.);
#7176 = ORIENTED_EDGE('',*,*,#7148,.F.);
#7177 = ORIENTED_EDGE('',*,*,#6422,.F.);
#7178 = PLANE('',#7179);
#7179 = AXIS2_PLACEMENT_3D('',#7180,#7181,#7182);
#7180 = CARTESIAN_POINT('',(96.5,64.,12.2));
#7181 = DIRECTION('',(-1.,0.,0.));
#7182 = DIRECTION('',(0.,0.,-1.));
#7183 = ADVANCED_FACE('',(#7184),#7195,.F.);
#7184 = FACE_BOUND('',#7185,.F.);
#7185 = EDGE_LOOP('',(#7186,#7187,#7193,#7194));
#7186 = ORIENTED_EDGE('',*,*,#6651,.F.);
#7187 = ORIENTED_EDGE('',*,*,#7188,.T.);
#7188 = EDGE_CURVE('',#6652,#4281,#7189,.T.);
#7189 = LINE('',#7190,#7191);
#7190 = CARTESIAN_POINT('',(100.,64.,16.2));
#7191 = VECTOR('',#7192,1.);
#7192 = DIRECTION('',(0.,1.,0.));
#7193 = ORIENTED_EDGE('',*,*,#4288,.F.);
#7194 = ORIENTED_EDGE('',*,*,#7170,.F.);
#7195 = PLANE('',#7196);
#7196 = AXIS2_PLACEMENT_3D('',#7197,#7198,#7199);
#7197 = CARTESIAN_POINT('',(100.,64.,16.2));
#7198 = DIRECTION('',(-0.752576694707,0.,0.658504607869));
#7199 = DIRECTION('',(-0.658504607869,0.,-0.752576694707));
#7200 = ADVANCED_FACE('',(#7201),#7212,.F.);
#7201 = FACE_BOUND('',#7202,.F.);
#7202 = EDGE_LOOP('',(#7203,#7204,#7210,#7211));
#7203 = ORIENTED_EDGE('',*,*,#6659,.F.);
#7204 = ORIENTED_EDGE('',*,*,#7205,.T.);
#7205 = EDGE_CURVE('',#6660,#4273,#7206,.T.);
#7206 = LINE('',#7207,#7208);
#7207 = CARTESIAN_POINT('',(103.5,64.,12.2));
#7208 = VECTOR('',#7209,1.);
#7209 = DIRECTION('',(0.,1.,0.));
#7210 = ORIENTED_EDGE('',*,*,#4280,.F.);
#7211 = ORIENTED_EDGE('',*,*,#7188,.F.);
#7212 = PLANE('',#7213);
#7213 = AXIS2_PLACEMENT_3D('',#7214,#7215,#7216);
#7214 = CARTESIAN_POINT('',(103.5,64.,12.2));
#7215 = DIRECTION('',(0.752576694707,-0.,0.658504607869));
#7216 = DIRECTION('',(-0.658504607869,0.,0.752576694707));
#7217 = ADVANCED_FACE('',(#7218),#7225,.F.);
#7218 = FACE_BOUND('',#7219,.F.);
#7219 = EDGE_LOOP('',(#7220,#7221,#7222,#7223,#7224));
#7220 = ORIENTED_EDGE('',*,*,#6406,.F.);
#7221 = ORIENTED_EDGE('',*,*,#7155,.T.);
#7222 = ORIENTED_EDGE('',*,*,#4272,.F.);
#7223 = ORIENTED_EDGE('',*,*,#7205,.F.);
#7224 = ORIENTED_EDGE('',*,*,#6667,.F.);
#7225 = PLANE('',#7226);
#7226 = AXIS2_PLACEMENT_3D('',#7227,#7228,#7229);
#7227 = CARTESIAN_POINT('',(103.5,64.,8.));
#7228 = DIRECTION('',(1.,0.,0.));
#7229 = DIRECTION('',(0.,0.,1.));
#7230 = ADVANCED_FACE('',(#7231),#7237,.T.);
#7231 = FACE_BOUND('',#7232,.T.);
#7232 = EDGE_LOOP('',(#7233,#7234,#7235,#7236));
#7233 = ORIENTED_EDGE('',*,*,#4351,.F.);
#7234 = ORIENTED_EDGE('',*,*,#4327,.T.);
#7235 = ORIENTED_EDGE('',*,*,#4392,.T.);
#7236 = ORIENTED_EDGE('',*,*,#4375,.F.);
#7237 = PLANE('',#7238);
#7238 = AXIS2_PLACEMENT_3D('',#7239,#7240,#7241);
#7239 = CARTESIAN_POINT('',(44.504870800578,29.082310215335,26.));
#7240 = DIRECTION('',(0.,0.,1.));
#7241 = DIRECTION('',(0.378159495647,0.925740458148,0.));
#7242 = ADVANCED_FACE('',(#7243),#7249,.T.);
#7243 = FACE_BOUND('',#7244,.T.);
#7244 = EDGE_LOOP('',(#7245,#7246,#7247,#7248));
#7245 = ORIENTED_EDGE('',*,*,#4610,.F.);
#7246 = ORIENTED_EDGE('',*,*,#5751,.T.);
#7247 = ORIENTED_EDGE('',*,*,#5711,.F.);
#7248 = ORIENTED_EDGE('',*,*,#5652,.F.);
#7249 = PLANE('',#7250);
#7250 = AXIS2_PLACEMENT_3D('',#7251,#7252,#7253);
#7251 = CARTESIAN_POINT('',(0.,-136.7793566267,14.));
#7252 = DIRECTION('',(0.,0.,1.));
#7253 = DIRECTION('',(1.,0.,0.));
#7254 = ADVANCED_FACE('',(#7255,#7261),#7295,.T.);
#7255 = FACE_BOUND('',#7256,.T.);
#7256 = EDGE_LOOP('',(#7257,#7258,#7259,#7260));
#7257 = ORIENTED_EDGE('',*,*,#4633,.F.);
#7258 = ORIENTED_EDGE('',*,*,#5340,.T.);
#7259 = ORIENTED_EDGE('',*,*,#5443,.F.);
#7260 = ORIENTED_EDGE('',*,*,#5248,.F.);
#7261 = FACE_BOUND('',#7262,.T.);
#7262 = EDGE_LOOP('',(#7263,#7273,#7281,#7289));
#7263 = ORIENTED_EDGE('',*,*,#7264,.T.);
#7264 = EDGE_CURVE('',#7265,#7267,#7269,.T.);
#7265 = VERTEX_POINT('',#7266);
#7266 = CARTESIAN_POINT('',(-110.7,-96.3,24.));
#7267 = VERTEX_POINT('',#7268);
#7268 = CARTESIAN_POINT('',(-119.3,-96.3,24.));
#7269 = LINE('',#7270,#7271);
#7270 = CARTESIAN_POINT('',(-129.65,-96.3,24.));
#7271 = VECTOR('',#7272,1.);
#7272 = DIRECTION('',(-1.,0.,0.));
#7273 = ORIENTED_EDGE('',*,*,#7274,.T.);
#7274 = EDGE_CURVE('',#7267,#7275,#7277,.T.);
#7275 = VERTEX_POINT('',#7276);
#7276 = CARTESIAN_POINT('',(-119.3,-83.7,24.));
#7277 = LINE('',#7278,#7279);
#7278 = CARTESIAN_POINT('',(-119.3,-105.65,24.));
#7279 = VECTOR('',#7280,1.);
#7280 = DIRECTION('',(0.,1.,0.));
#7281 = ORIENTED_EDGE('',*,*,#7282,.F.);
#7282 = EDGE_CURVE('',#7283,#7275,#7285,.T.);
#7283 = VERTEX_POINT('',#7284);
#7284 = CARTESIAN_POINT('',(-110.7,-83.7,24.));
#7285 = LINE('',#7286,#7287);
#7286 = CARTESIAN_POINT('',(-129.65,-83.7,24.));
#7287 = VECTOR('',#7288,1.);
#7288 = DIRECTION('',(-1.,0.,0.));
#7289 = ORIENTED_EDGE('',*,*,#7290,.F.);
#7290 = EDGE_CURVE('',#7265,#7283,#7291,.T.);
#7291 = LINE('',#7292,#7293);
#7292 = CARTESIAN_POINT('',(-110.7,-105.65,24.));
#7293 = VECTOR('',#7294,1.);
#7294 = DIRECTION('',(0.,1.,0.));
#7295 = PLANE('',#7296);
#7296 = AXIS2_PLACEMENT_3D('',#7297,#7298,#7299);
#7297 = CARTESIAN_POINT('',(-140.,-115.,24.));
#7298 = DIRECTION('',(0.,0.,1.));
#7299 = DIRECTION('',(1.,0.,0.));
#7300 = ADVANCED_FACE('',(#7301,#7307),#7341,.T.);
#7301 = FACE_BOUND('',#7302,.T.);
#7302 = EDGE_LOOP('',(#7303,#7304,#7305,#7306));
#7303 = ORIENTED_EDGE('',*,*,#4656,.F.);
#7304 = ORIENTED_EDGE('',*,*,#4871,.T.);
#7305 = ORIENTED_EDGE('',*,*,#4855,.T.);
#7306 = ORIENTED_EDGE('',*,*,#4781,.F.);
#7307 = FACE_BOUND('',#7308,.T.);
#7308 = EDGE_LOOP('',(#7309,#7319,#7327,#7335));
#7309 = ORIENTED_EDGE('',*,*,#7310,.T.);
#7310 = EDGE_CURVE('',#7311,#7313,#7315,.T.);
#7311 = VERTEX_POINT('',#7312);
#7312 = CARTESIAN_POINT('',(-110.7,83.7,24.));
#7313 = VERTEX_POINT('',#7314);
#7314 = CARTESIAN_POINT('',(-119.3,83.7,24.));
#7315 = LINE('',#7316,#7317);
#7316 = CARTESIAN_POINT('',(-129.65,83.7,24.));
#7317 = VECTOR('',#7318,1.);
#7318 = DIRECTION('',(-1.,0.,0.));
#7319 = ORIENTED_EDGE('',*,*,#7320,.T.);
#7320 = EDGE_CURVE('',#7313,#7321,#7323,.T.);
#7321 = VERTEX_POINT('',#7322);
#7322 = CARTESIAN_POINT('',(-119.3,96.3,24.));
#7323 = LINE('',#7324,#7325);
#7324 = CARTESIAN_POINT('',(-119.3,74.35,24.));
#7325 = VECTOR('',#7326,1.);
#7326 = DIRECTION('',(0.,1.,0.));
#7327 = ORIENTED_EDGE('',*,*,#7328,.F.);
#7328 = EDGE_CURVE('',#7329,#7321,#7331,.T.);
#7329 = VERTEX_POINT('',#7330);
#7330 = CARTESIAN_POINT('',(-110.7,96.3,24.));
#7331 = LINE('',#7332,#7333);
#7332 = CARTESIAN_POINT('',(-129.65,96.3,24.));
#7333 = VECTOR('',#7334,1.);
#7334 = DIRECTION('',(-1.,0.,0.));
#7335 = ORIENTED_EDGE('',*,*,#7336,.F.);
#7336 = EDGE_CURVE('',#7311,#7329,#7337,.T.);
#7337 = LINE('',#7338,#7339);
#7338 = CARTESIAN_POINT('',(-110.7,74.35,24.));
#7339 = VECTOR('',#7340,1.);
#7340 = DIRECTION('',(0.,1.,0.));
#7341 = PLANE('',#7342);
#7342 = AXIS2_PLACEMENT_3D('',#7343,#7344,#7345);
#7343 = CARTESIAN_POINT('',(-140.,65.,24.));
#7344 = DIRECTION('',(0.,0.,1.));
#7345 = DIRECTION('',(1.,0.,0.));
#7346 = ADVANCED_FACE('',(#7347),#7395,.T.);
#7347 = FACE_BOUND('',#7348,.T.);
#7348 = EDGE_LOOP('',(#7349,#7350,#7358,#7364,#7365,#7373,#7381,#7389));
#7349 = ORIENTED_EDGE('',*,*,#4689,.F.);
#7350 = ORIENTED_EDGE('',*,*,#7351,.T.);
#7351 = EDGE_CURVE('',#4690,#7352,#7354,.T.);
#7352 = VERTEX_POINT('',#7353);
#7353 = CARTESIAN_POINT('',(-103.5,77.6,8.4));
#7354 = LINE('',#7355,#7356);
#7355 = CARTESIAN_POINT('',(-142.,77.6,8.4));
#7356 = VECTOR('',#7357,1.);
#7357 = DIRECTION('',(1.,0.,0.));
#7358 = ORIENTED_EDGE('',*,*,#7359,.F.);
#7359 = EDGE_CURVE('',#5093,#7352,#7360,.T.);
#7360 = LINE('',#7361,#7362);
#7361 = CARTESIAN_POINT('',(-103.5,77.6,10.3));
#7362 = VECTOR('',#7363,1.);
#7363 = DIRECTION('',(0.,-0.,1.));
#7364 = ORIENTED_EDGE('',*,*,#5092,.F.);
#7365 = ORIENTED_EDGE('',*,*,#7366,.F.);
#7366 = EDGE_CURVE('',#7367,#5085,#7369,.T.);
#7367 = VERTEX_POINT('',#7368);
#7368 = CARTESIAN_POINT('',(-96.5,77.6,8.4));
#7369 = LINE('',#7370,#7371);
#7370 = CARTESIAN_POINT('',(-96.5,77.6,8.2));
#7371 = VECTOR('',#7372,1.);
#7372 = DIRECTION('',(0.,0.,-1.));
#7373 = ORIENTED_EDGE('',*,*,#7374,.T.);
#7374 = EDGE_CURVE('',#7367,#7375,#7377,.T.);
#7375 = VERTEX_POINT('',#7376);
#7376 = CARTESIAN_POINT('',(-89.6,77.6,8.4));
#7377 = LINE('',#7378,#7379);
#7378 = CARTESIAN_POINT('',(-142.,77.6,8.4));
#7379 = VECTOR('',#7380,1.);
#7380 = DIRECTION('',(1.,0.,0.));
#7381 = ORIENTED_EDGE('',*,*,#7382,.T.);
#7382 = EDGE_CURVE('',#7375,#7383,#7385,.T.);
#7383 = VERTEX_POINT('',#7384);
#7384 = CARTESIAN_POINT('',(-89.6,77.6,3.6));
#7385 = LINE('',#7386,#7387);
#7386 = CARTESIAN_POINT('',(-89.6,77.6,8.4));
#7387 = VECTOR('',#7388,1.);
#7388 = DIRECTION('',(0.,0.,-1.));
#7389 = ORIENTED_EDGE('',*,*,#7390,.F.);
#7390 = EDGE_CURVE('',#4692,#7383,#7391,.T.);
#7391 = LINE('',#7392,#7393);
#7392 = CARTESIAN_POINT('',(-142.,77.6,3.6));
#7393 = VECTOR('',#7394,1.);
#7394 = DIRECTION('',(1.,0.,0.));
#7395 = PLANE('',#7396);
#7396 = AXIS2_PLACEMENT_3D('',#7397,#7398,#7399);
#7397 = CARTESIAN_POINT('',(-142.,77.6,8.4));
#7398 = DIRECTION('',(0.,1.,0.));
#7399 = DIRECTION('',(0.,0.,-1.));
#7400 = ADVANCED_FACE('',(#7401,#7419),#7453,.T.);
#7401 = FACE_BOUND('',#7402,.T.);
#7402 = EDGE_LOOP('',(#7403,#7404,#7405,#7413));
#7403 = ORIENTED_EDGE('',*,*,#4699,.F.);
#7404 = ORIENTED_EDGE('',*,*,#7390,.T.);
#7405 = ORIENTED_EDGE('',*,*,#7406,.T.);
#7406 = EDGE_CURVE('',#7383,#7407,#7409,.T.);
#7407 = VERTEX_POINT('',#7408);
#7408 = CARTESIAN_POINT('',(-89.6,102.4,3.6));
#7409 = LINE('',#7410,#7411);
#7410 = CARTESIAN_POINT('',(-89.6,77.6,3.6));
#7411 = VECTOR('',#7412,1.);
#7412 = DIRECTION('',(0.,1.,0.));
#7413 = ORIENTED_EDGE('',*,*,#7414,.F.);
#7414 = EDGE_CURVE('',#4700,#7407,#7415,.T.);
#7415 = LINE('',#7416,#7417);
#7416 = CARTESIAN_POINT('',(-142.,102.4,3.6));
#7417 = VECTOR('',#7418,1.);
#7418 = DIRECTION('',(1.,0.,0.));
#7419 = FACE_BOUND('',#7420,.T.);
#7420 = EDGE_LOOP('',(#7421,#7431,#7439,#7447));
#7421 = ORIENTED_EDGE('',*,*,#7422,.T.);
#7422 = EDGE_CURVE('',#7423,#7425,#7427,.T.);
#7423 = VERTEX_POINT('',#7424);
#7424 = CARTESIAN_POINT('',(-110.7,83.7,3.6));
#7425 = VERTEX_POINT('',#7426);
#7426 = CARTESIAN_POINT('',(-119.3,83.7,3.6));
#7427 = LINE('',#7428,#7429);
#7428 = CARTESIAN_POINT('',(-130.65,83.7,3.6));
#7429 = VECTOR('',#7430,1.);
#7430 = DIRECTION('',(-1.,0.,0.));
#7431 = ORIENTED_EDGE('',*,*,#7432,.T.);
#7432 = EDGE_CURVE('',#7425,#7433,#7435,.T.);
#7433 = VERTEX_POINT('',#7434);
#7434 = CARTESIAN_POINT('',(-119.3,96.3,3.6));
#7435 = LINE('',#7436,#7437);
#7436 = CARTESIAN_POINT('',(-119.3,80.65,3.6));
#7437 = VECTOR('',#7438,1.);
#7438 = DIRECTION('',(0.,1.,0.));
#7439 = ORIENTED_EDGE('',*,*,#7440,.F.);
#7440 = EDGE_CURVE('',#7441,#7433,#7443,.T.);
#7441 = VERTEX_POINT('',#7442);
#7442 = CARTESIAN_POINT('',(-110.7,96.3,3.6));
#7443 = LINE('',#7444,#7445);
#7444 = CARTESIAN_POINT('',(-130.65,96.3,3.6));
#7445 = VECTOR('',#7446,1.);
#7446 = DIRECTION('',(-1.,0.,0.));
#7447 = ORIENTED_EDGE('',*,*,#7448,.F.);
#7448 = EDGE_CURVE('',#7423,#7441,#7449,.T.);
#7449 = LINE('',#7450,#7451);
#7450 = CARTESIAN_POINT('',(-110.7,80.65,3.6));
#7451 = VECTOR('',#7452,1.);
#7452 = DIRECTION('',(0.,1.,0.));
#7453 = PLANE('',#7454);
#7454 = AXIS2_PLACEMENT_3D('',#7455,#7456,#7457);
#7455 = CARTESIAN_POINT('',(-142.,77.6,3.6));
#7456 = DIRECTION('',(0.,0.,1.));
#7457 = DIRECTION('',(0.,1.,0.));
#7458 = ADVANCED_FACE('',(#7459),#7509,.T.);
#7459 = FACE_BOUND('',#7460,.T.);
#7460 = EDGE_LOOP('',(#7461,#7462,#7463,#7471,#7479,#7487,#7495,#7503));
#7461 = ORIENTED_EDGE('',*,*,#4707,.F.);
#7462 = ORIENTED_EDGE('',*,*,#7414,.T.);
#7463 = ORIENTED_EDGE('',*,*,#7464,.T.);
#7464 = EDGE_CURVE('',#7407,#7465,#7467,.T.);
#7465 = VERTEX_POINT('',#7466);
#7466 = CARTESIAN_POINT('',(-89.6,102.4,8.4));
#7467 = LINE('',#7468,#7469);
#7468 = CARTESIAN_POINT('',(-89.6,102.4,3.6));
#7469 = VECTOR('',#7470,1.);
#7470 = DIRECTION('',(0.,0.,1.));
#7471 = ORIENTED_EDGE('',*,*,#7472,.F.);
#7472 = EDGE_CURVE('',#7473,#7465,#7475,.T.);
#7473 = VERTEX_POINT('',#7474);
#7474 = CARTESIAN_POINT('',(-96.5,102.4,8.4));
#7475 = LINE('',#7476,#7477);
#7476 = CARTESIAN_POINT('',(-142.,102.4,8.4));
#7477 = VECTOR('',#7478,1.);
#7478 = DIRECTION('',(1.,0.,0.));
#7479 = ORIENTED_EDGE('',*,*,#7480,.F.);
#7480 = EDGE_CURVE('',#7481,#7473,#7483,.T.);
#7481 = VERTEX_POINT('',#7482);
#7482 = CARTESIAN_POINT('',(-96.5,102.4,8.));
#7483 = LINE('',#7484,#7485);
#7484 = CARTESIAN_POINT('',(-96.5,102.4,5.8));
#7485 = VECTOR('',#7486,1.);
#7486 = DIRECTION('',(-0.,0.,1.));
#7487 = ORIENTED_EDGE('',*,*,#7488,.F.);
#7488 = EDGE_CURVE('',#7489,#7481,#7491,.T.);
#7489 = VERTEX_POINT('',#7490);
#7490 = CARTESIAN_POINT('',(-103.5,102.4,8.));
#7491 = LINE('',#7492,#7493);
#7492 = CARTESIAN_POINT('',(-122.75,102.4,8.));
#7493 = VECTOR('',#7494,1.);
#7494 = DIRECTION('',(1.,0.,0.));
#7495 = ORIENTED_EDGE('',*,*,#7496,.F.);
#7496 = EDGE_CURVE('',#7497,#7489,#7499,.T.);
#7497 = VERTEX_POINT('',#7498);
#7498 = CARTESIAN_POINT('',(-103.5,102.4,8.4));
#7499 = LINE('',#7500,#7501);
#7500 = CARTESIAN_POINT('',(-103.5,102.4,7.9));
#7501 = VECTOR('',#7502,1.);
#7502 = DIRECTION('',(-0.,-0.,-1.));
#7503 = ORIENTED_EDGE('',*,*,#7504,.F.);
#7504 = EDGE_CURVE('',#4708,#7497,#7505,.T.);
#7505 = LINE('',#7506,#7507);
#7506 = CARTESIAN_POINT('',(-142.,102.4,8.4));
#7507 = VECTOR('',#7508,1.);
#7508 = DIRECTION('',(1.,0.,0.));
#7509 = PLANE('',#7510);
#7510 = AXIS2_PLACEMENT_3D('',#7511,#7512,#7513);
#7511 = CARTESIAN_POINT('',(-142.,102.4,3.6));
#7512 = DIRECTION('',(0.,-1.,0.));
#7513 = DIRECTION('',(0.,0.,1.));
#7514 = ADVANCED_FACE('',(#7515),#7596,.T.);
#7515 = FACE_BOUND('',#7516,.T.);
#7516 = EDGE_LOOP('',(#7517,#7518,#7519,#7527,#7535,#7543,#7549,#7550,
    #7558,#7566,#7574,#7582,#7590));
#7517 = ORIENTED_EDGE('',*,*,#4715,.F.);
#7518 = ORIENTED_EDGE('',*,*,#7504,.T.);
#7519 = ORIENTED_EDGE('',*,*,#7520,.F.);
#7520 = EDGE_CURVE('',#7521,#7497,#7523,.T.);
#7521 = VERTEX_POINT('',#7522);
#7522 = CARTESIAN_POINT('',(-103.5,98.473333333331,12.2));
#7523 = LINE('',#7524,#7525);
#7524 = CARTESIAN_POINT('',(-103.5,91.535840945722,18.913702310585));
#7525 = VECTOR('',#7526,1.);
#7526 = DIRECTION('',(0.,0.718602141767,-0.695421427516));
#7527 = ORIENTED_EDGE('',*,*,#7528,.F.);
#7528 = EDGE_CURVE('',#7529,#7521,#7531,.T.);
#7529 = VERTEX_POINT('',#7530);
#7530 = CARTESIAN_POINT('',(-100.,94.339999999995,16.2));
#7531 = LINE('',#7532,#7533);
#7532 = CARTESIAN_POINT('',(-103.323992059,98.265476336359,
    12.401151932553));
#7533 = VECTOR('',#7534,1.);
#7534 = DIRECTION('',(-0.519821089745,0.613883953604,-0.594081245423));
#7535 = ORIENTED_EDGE('',*,*,#7536,.F.);
#7536 = EDGE_CURVE('',#7537,#7529,#7539,.T.);
#7537 = VERTEX_POINT('',#7538);
#7538 = CARTESIAN_POINT('',(-96.5,98.473333333331,12.2));
#7539 = LINE('',#7540,#7541);
#7540 = CARTESIAN_POINT('',(-106.9344881252,86.150699737744,
    24.125129286044));
#7541 = VECTOR('',#7542,1.);
#7542 = DIRECTION('',(-0.519821089745,-0.613883953604,0.594081245423));
#7543 = ORIENTED_EDGE('',*,*,#7544,.F.);
#7544 = EDGE_CURVE('',#7473,#7537,#7545,.T.);
#7545 = LINE('',#7546,#7547);
#7546 = CARTESIAN_POINT('',(-96.5,92.585276732933,17.898119290704));
#7547 = VECTOR('',#7548,1.);
#7548 = DIRECTION('',(0.,-0.718602141767,0.695421427516));
#7549 = ORIENTED_EDGE('',*,*,#7472,.T.);
#7550 = ORIENTED_EDGE('',*,*,#7551,.T.);
#7551 = EDGE_CURVE('',#7465,#7552,#7554,.T.);
#7552 = VERTEX_POINT('',#7553);
#7553 = CARTESIAN_POINT('',(-89.6,90.,20.4));
#7554 = LINE('',#7555,#7556);
#7555 = CARTESIAN_POINT('',(-89.6,102.4,8.4));
#7556 = VECTOR('',#7557,1.);
#7557 = DIRECTION('',(0.,-0.718602141767,0.695421427516));
#7558 = ORIENTED_EDGE('',*,*,#7559,.F.);
#7559 = EDGE_CURVE('',#7560,#7552,#7562,.T.);
#7560 = VERTEX_POINT('',#7561);
#7561 = CARTESIAN_POINT('',(-110.7,90.,20.4));
#7562 = LINE('',#7563,#7564);
#7563 = CARTESIAN_POINT('',(-142.,90.,20.4));
#7564 = VECTOR('',#7565,1.);
#7565 = DIRECTION('',(1.,0.,0.));
#7566 = ORIENTED_EDGE('',*,*,#7567,.F.);
#7567 = EDGE_CURVE('',#7568,#7560,#7570,.T.);
#7568 = VERTEX_POINT('',#7569);
#7569 = CARTESIAN_POINT('',(-110.7,96.3,14.303225806452));
#7570 = LINE('',#7571,#7572);
#7571 = CARTESIAN_POINT('',(-110.7,99.920499731327,10.799516389038));
#7572 = VECTOR('',#7573,1.);
#7573 = DIRECTION('',(0.,-0.718602141767,0.695421427516));
#7574 = ORIENTED_EDGE('',*,*,#7575,.F.);
#7575 = EDGE_CURVE('',#7576,#7568,#7578,.T.);
#7576 = VERTEX_POINT('',#7577);
#7577 = CARTESIAN_POINT('',(-119.3,96.3,14.303225806452));
#7578 = LINE('',#7579,#7580);
#7579 = CARTESIAN_POINT('',(-130.65,96.3,14.303225806452));
#7580 = VECTOR('',#7581,1.);
#7581 = DIRECTION('',(1.,0.,0.));
#7582 = ORIENTED_EDGE('',*,*,#7583,.T.);
#7583 = EDGE_CURVE('',#7576,#7584,#7586,.T.);
#7584 = VERTEX_POINT('',#7585);
#7585 = CARTESIAN_POINT('',(-119.3,90.,20.4));
#7586 = LINE('',#7587,#7588);
#7587 = CARTESIAN_POINT('',(-119.3,99.920499731327,10.799516389038));
#7588 = VECTOR('',#7589,1.);
#7589 = DIRECTION('',(0.,-0.718602141767,0.695421427516));
#7590 = ORIENTED_EDGE('',*,*,#7591,.F.);
#7591 = EDGE_CURVE('',#4716,#7584,#7592,.T.);
#7592 = LINE('',#7593,#7594);
#7593 = CARTESIAN_POINT('',(-142.,90.,20.4));
#7594 = VECTOR('',#7595,1.);
#7595 = DIRECTION('',(1.,0.,0.));
#7596 = PLANE('',#7597);
#7597 = AXIS2_PLACEMENT_3D('',#7598,#7599,#7600);
#7598 = CARTESIAN_POINT('',(-142.,102.4,8.4));
#7599 = DIRECTION('',(0.,-0.695421427516,-0.718602141767));
#7600 = DIRECTION('',(0.,-0.718602141767,0.695421427516));
#7601 = ADVANCED_FACE('',(#7602),#7658,.T.);
#7602 = FACE_BOUND('',#7603,.T.);
#7603 = EDGE_LOOP('',(#7604,#7605,#7606,#7614,#7622,#7628,#7629,#7635,
    #7636,#7642,#7643,#7651,#7657));
#7604 = ORIENTED_EDGE('',*,*,#4723,.F.);
#7605 = ORIENTED_EDGE('',*,*,#7591,.T.);
#7606 = ORIENTED_EDGE('',*,*,#7607,.T.);
#7607 = EDGE_CURVE('',#7584,#7608,#7610,.T.);
#7608 = VERTEX_POINT('',#7609);
#7609 = CARTESIAN_POINT('',(-119.3,83.7,14.303225806452));
#7610 = LINE('',#7611,#7612);
#7611 = CARTESIAN_POINT('',(-119.3,83.026249328318,13.651209027405));
#7612 = VECTOR('',#7613,1.);
#7613 = DIRECTION('',(0.,-0.718602141767,-0.695421427516));
#7614 = ORIENTED_EDGE('',*,*,#7615,.T.);
#7615 = EDGE_CURVE('',#7608,#7616,#7618,.T.);
#7616 = VERTEX_POINT('',#7617);
#7617 = CARTESIAN_POINT('',(-110.7,83.7,14.303225806452));
#7618 = LINE('',#7619,#7620);
#7619 = CARTESIAN_POINT('',(-130.65,83.7,14.303225806452));
#7620 = VECTOR('',#7621,1.);
#7621 = DIRECTION('',(1.,0.,0.));
#7622 = ORIENTED_EDGE('',*,*,#7623,.F.);
#7623 = EDGE_CURVE('',#7560,#7616,#7624,.T.);
#7624 = LINE('',#7625,#7626);
#7625 = CARTESIAN_POINT('',(-110.7,83.026249328318,13.651209027405));
#7626 = VECTOR('',#7627,1.);
#7627 = DIRECTION('',(0.,-0.718602141767,-0.695421427516));
#7628 = ORIENTED_EDGE('',*,*,#7559,.T.);
#7629 = ORIENTED_EDGE('',*,*,#7630,.T.);
#7630 = EDGE_CURVE('',#7552,#7375,#7631,.T.);
#7631 = LINE('',#7632,#7633);
#7632 = CARTESIAN_POINT('',(-89.6,90.,20.4));
#7633 = VECTOR('',#7634,1.);
#7634 = DIRECTION('',(0.,-0.718602141767,-0.695421427516));
#7635 = ORIENTED_EDGE('',*,*,#7374,.F.);
#7636 = ORIENTED_EDGE('',*,*,#7637,.F.);
#7637 = EDGE_CURVE('',#5214,#7367,#7638,.T.);
#7638 = LINE('',#7639,#7640);
#7639 = CARTESIAN_POINT('',(-96.5,80.188608275117,10.905104782377));
#7640 = VECTOR('',#7641,1.);
#7641 = DIRECTION('',(0.,-0.718602141767,-0.695421427516));
#7642 = ORIENTED_EDGE('',*,*,#5221,.F.);
#7643 = ORIENTED_EDGE('',*,*,#7644,.F.);
#7644 = EDGE_CURVE('',#7645,#5222,#7647,.T.);
#7645 = VERTEX_POINT('',#7646);
#7646 = CARTESIAN_POINT('',(-103.5,81.526666666661,12.2));
#7647 = LINE('',#7648,#7649);
#7648 = CARTESIAN_POINT('',(-107.7894708463,76.461005857694,
    7.297747604229));
#7649 = VECTOR('',#7650,1.);
#7650 = DIRECTION('',(0.519821089745,0.613883953604,0.594081245423));
#7651 = ORIENTED_EDGE('',*,*,#7652,.F.);
#7652 = EDGE_CURVE('',#7352,#7645,#7653,.T.);
#7653 = LINE('',#7654,#7655);
#7654 = CARTESIAN_POINT('',(-103.5,81.238044062328,11.920687802258));
#7655 = VECTOR('',#7656,1.);
#7656 = DIRECTION('',(0.,0.718602141767,0.695421427516));
#7657 = ORIENTED_EDGE('',*,*,#7351,.F.);
#7658 = PLANE('',#7659);
#7659 = AXIS2_PLACEMENT_3D('',#7660,#7661,#7662);
#7660 = CARTESIAN_POINT('',(-142.,90.,20.4));
#7661 = DIRECTION('',(0.,0.695421427516,-0.718602141767));
#7662 = DIRECTION('',(0.,-0.718602141767,-0.695421427516));
#7663 = ADVANCED_FACE('',(#7664),#7698,.T.);
#7664 = FACE_BOUND('',#7665,.T.);
#7665 = EDGE_LOOP('',(#7666,#7667,#7668,#7676,#7684,#7690,#7691,#7692));
#7666 = ORIENTED_EDGE('',*,*,#4731,.F.);
#7667 = ORIENTED_EDGE('',*,*,#5547,.T.);
#7668 = ORIENTED_EDGE('',*,*,#7669,.F.);
#7669 = EDGE_CURVE('',#7670,#5540,#7672,.T.);
#7670 = VERTEX_POINT('',#7671);
#7671 = CARTESIAN_POINT('',(-103.5,-102.4,8.));
#7672 = LINE('',#7673,#7674);
#7673 = CARTESIAN_POINT('',(-103.5,-102.4,10.3));
#7674 = VECTOR('',#7675,1.);
#7675 = DIRECTION('',(0.,-0.,1.));
#7676 = ORIENTED_EDGE('',*,*,#7677,.F.);
#7677 = EDGE_CURVE('',#7678,#7670,#7680,.T.);
#7678 = VERTEX_POINT('',#7679);
#7679 = CARTESIAN_POINT('',(-96.5,-102.4,8.));
#7680 = LINE('',#7681,#7682);
#7681 = CARTESIAN_POINT('',(-122.75,-102.4,8.));
#7682 = VECTOR('',#7683,1.);
#7683 = DIRECTION('',(-1.,0.,0.));
#7684 = ORIENTED_EDGE('',*,*,#7685,.F.);
#7685 = EDGE_CURVE('',#5508,#7678,#7686,.T.);
#7686 = LINE('',#7687,#7688);
#7687 = CARTESIAN_POINT('',(-96.5,-102.4,8.2));
#7688 = VECTOR('',#7689,1.);
#7689 = DIRECTION('',(0.,0.,-1.));
#7690 = ORIENTED_EDGE('',*,*,#5507,.T.);
#7691 = ORIENTED_EDGE('',*,*,#5561,.T.);
#7692 = ORIENTED_EDGE('',*,*,#7693,.F.);
#7693 = EDGE_CURVE('',#4734,#5562,#7694,.T.);
#7694 = LINE('',#7695,#7696);
#7695 = CARTESIAN_POINT('',(-142.,-102.4,3.6));
#7696 = VECTOR('',#7697,1.);
#7697 = DIRECTION('',(1.,0.,0.));
#7698 = PLANE('',#7699);
#7699 = AXIS2_PLACEMENT_3D('',#7700,#7701,#7702);
#7700 = CARTESIAN_POINT('',(-142.,-102.4,8.4));
#7701 = DIRECTION('',(0.,1.,0.));
#7702 = DIRECTION('',(0.,0.,-1.));
#7703 = ADVANCED_FACE('',(#7704,#7715),#7749,.T.);
#7704 = FACE_BOUND('',#7705,.T.);
#7705 = EDGE_LOOP('',(#7706,#7707,#7708,#7709));
#7706 = ORIENTED_EDGE('',*,*,#4741,.F.);
#7707 = ORIENTED_EDGE('',*,*,#7693,.T.);
#7708 = ORIENTED_EDGE('',*,*,#5569,.T.);
#7709 = ORIENTED_EDGE('',*,*,#7710,.F.);
#7710 = EDGE_CURVE('',#4742,#5570,#7711,.T.);
#7711 = LINE('',#7712,#7713);
#7712 = CARTESIAN_POINT('',(-142.,-77.6,3.6));
#7713 = VECTOR('',#7714,1.);
#7714 = DIRECTION('',(1.,0.,0.));
#7715 = FACE_BOUND('',#7716,.T.);
#7716 = EDGE_LOOP('',(#7717,#7727,#7735,#7743));
#7717 = ORIENTED_EDGE('',*,*,#7718,.T.);
#7718 = EDGE_CURVE('',#7719,#7721,#7723,.T.);
#7719 = VERTEX_POINT('',#7720);
#7720 = CARTESIAN_POINT('',(-110.7,-96.3,3.6));
#7721 = VERTEX_POINT('',#7722);
#7722 = CARTESIAN_POINT('',(-119.3,-96.3,3.6));
#7723 = LINE('',#7724,#7725);
#7724 = CARTESIAN_POINT('',(-130.65,-96.3,3.6));
#7725 = VECTOR('',#7726,1.);
#7726 = DIRECTION('',(-1.,0.,0.));
#7727 = ORIENTED_EDGE('',*,*,#7728,.T.);
#7728 = EDGE_CURVE('',#7721,#7729,#7731,.T.);
#7729 = VERTEX_POINT('',#7730);
#7730 = CARTESIAN_POINT('',(-119.3,-83.7,3.6));
#7731 = LINE('',#7732,#7733);
#7732 = CARTESIAN_POINT('',(-119.3,-99.35,3.6));
#7733 = VECTOR('',#7734,1.);
#7734 = DIRECTION('',(0.,1.,0.));
#7735 = ORIENTED_EDGE('',*,*,#7736,.F.);
#7736 = EDGE_CURVE('',#7737,#7729,#7739,.T.);
#7737 = VERTEX_POINT('',#7738);
#7738 = CARTESIAN_POINT('',(-110.7,-83.7,3.6));
#7739 = LINE('',#7740,#7741);
#7740 = CARTESIAN_POINT('',(-130.65,-83.7,3.6));
#7741 = VECTOR('',#7742,1.);
#7742 = DIRECTION('',(-1.,0.,0.));
#7743 = ORIENTED_EDGE('',*,*,#7744,.F.);
#7744 = EDGE_CURVE('',#7719,#7737,#7745,.T.);
#7745 = LINE('',#7746,#7747);
#7746 = CARTESIAN_POINT('',(-110.7,-99.35,3.6));
#7747 = VECTOR('',#7748,1.);
#7748 = DIRECTION('',(0.,1.,0.));
#7749 = PLANE('',#7750);
#7750 = AXIS2_PLACEMENT_3D('',#7751,#7752,#7753);
#7751 = CARTESIAN_POINT('',(-142.,-102.4,3.6));
#7752 = DIRECTION('',(0.,0.,1.));
#7753 = DIRECTION('',(0.,1.,0.));
#7754 = ADVANCED_FACE('',(#7755),#7784,.T.);
#7755 = FACE_BOUND('',#7756,.T.);
#7756 = EDGE_LOOP('',(#7757,#7758,#7759,#7760,#7761,#7762,#7770,#7778));
#7757 = ORIENTED_EDGE('',*,*,#4749,.F.);
#7758 = ORIENTED_EDGE('',*,*,#7710,.T.);
#7759 = ORIENTED_EDGE('',*,*,#5577,.T.);
#7760 = ORIENTED_EDGE('',*,*,#5609,.F.);
#7761 = ORIENTED_EDGE('',*,*,#5625,.F.);
#7762 = ORIENTED_EDGE('',*,*,#7763,.F.);
#7763 = EDGE_CURVE('',#7764,#5626,#7766,.T.);
#7764 = VERTEX_POINT('',#7765);
#7765 = CARTESIAN_POINT('',(-103.5,-77.6,8.));
#7766 = LINE('',#7767,#7768);
#7767 = CARTESIAN_POINT('',(-122.75,-77.6,8.));
#7768 = VECTOR('',#7769,1.);
#7769 = DIRECTION('',(1.,0.,0.));
#7770 = ORIENTED_EDGE('',*,*,#7771,.F.);
#7771 = EDGE_CURVE('',#7772,#7764,#7774,.T.);
#7772 = VERTEX_POINT('',#7773);
#7773 = CARTESIAN_POINT('',(-103.5,-77.6,8.4));
#7774 = LINE('',#7775,#7776);
#7775 = CARTESIAN_POINT('',(-103.5,-77.6,7.9));
#7776 = VECTOR('',#7777,1.);
#7777 = DIRECTION('',(-0.,-0.,-1.));
#7778 = ORIENTED_EDGE('',*,*,#7779,.F.);
#7779 = EDGE_CURVE('',#4750,#7772,#7780,.T.);
#7780 = LINE('',#7781,#7782);
#7781 = CARTESIAN_POINT('',(-142.,-77.6,8.4));
#7782 = VECTOR('',#7783,1.);
#7783 = DIRECTION('',(1.,0.,0.));
#7784 = PLANE('',#7785);
#7785 = AXIS2_PLACEMENT_3D('',#7786,#7787,#7788);
#7786 = CARTESIAN_POINT('',(-142.,-77.6,3.6));
#7787 = DIRECTION('',(0.,-1.,0.));
#7788 = DIRECTION('',(0.,0.,1.));
#7789 = ADVANCED_FACE('',(#7790),#7841,.T.);
#7790 = FACE_BOUND('',#7791,.T.);
#7791 = EDGE_LOOP('',(#7792,#7793,#7794,#7802,#7810,#7816,#7817,#7818,
    #7826,#7834,#7840));
#7792 = ORIENTED_EDGE('',*,*,#4757,.F.);
#7793 = ORIENTED_EDGE('',*,*,#7779,.T.);
#7794 = ORIENTED_EDGE('',*,*,#7795,.F.);
#7795 = EDGE_CURVE('',#7796,#7772,#7798,.T.);
#7796 = VERTEX_POINT('',#7797);
#7797 = CARTESIAN_POINT('',(-103.5,-81.52666666666,12.2));
#7798 = LINE('',#7799,#7800);
#7799 = CARTESIAN_POINT('',(-103.5,-88.46415905427,18.913702310585));
#7800 = VECTOR('',#7801,1.);
#7801 = DIRECTION('',(0.,0.718602141767,-0.695421427516));
#7802 = ORIENTED_EDGE('',*,*,#7803,.F.);
#7803 = EDGE_CURVE('',#7804,#7796,#7806,.T.);
#7804 = VERTEX_POINT('',#7805);
#7805 = CARTESIAN_POINT('',(-100.,-85.66,16.2));
#7806 = LINE('',#7807,#7808);
#7807 = CARTESIAN_POINT('',(-103.323992059,-81.73452366364,
    12.401151932553));
#7808 = VECTOR('',#7809,1.);
#7809 = DIRECTION('',(-0.519821089745,0.613883953604,-0.594081245423));
#7810 = ORIENTED_EDGE('',*,*,#7811,.F.);
#7811 = EDGE_CURVE('',#5417,#7804,#7812,.T.);
#7812 = LINE('',#7813,#7814);
#7813 = CARTESIAN_POINT('',(-106.9344881252,-93.84930026225,
    24.125129286044));
#7814 = VECTOR('',#7815,1.);
#7815 = DIRECTION('',(-0.519821089745,-0.613883953604,0.594081245423));
#7816 = ORIENTED_EDGE('',*,*,#5425,.F.);
#7817 = ORIENTED_EDGE('',*,*,#5491,.F.);
#7818 = ORIENTED_EDGE('',*,*,#7819,.F.);
#7819 = EDGE_CURVE('',#7820,#5484,#7822,.T.);
#7820 = VERTEX_POINT('',#7821);
#7821 = CARTESIAN_POINT('',(-110.7,-83.7,14.303225806452));
#7822 = LINE('',#7823,#7824);
#7823 = CARTESIAN_POINT('',(-110.7,-80.07950026867,10.799516389038));
#7824 = VECTOR('',#7825,1.);
#7825 = DIRECTION('',(0.,-0.718602141767,0.695421427516));
#7826 = ORIENTED_EDGE('',*,*,#7827,.F.);
#7827 = EDGE_CURVE('',#7828,#7820,#7830,.T.);
#7828 = VERTEX_POINT('',#7829);
#7829 = CARTESIAN_POINT('',(-119.3,-83.7,14.303225806452));
#7830 = LINE('',#7831,#7832);
#7831 = CARTESIAN_POINT('',(-130.65,-83.7,14.303225806452));
#7832 = VECTOR('',#7833,1.);
#7833 = DIRECTION('',(1.,0.,0.));
#7834 = ORIENTED_EDGE('',*,*,#7835,.T.);
#7835 = EDGE_CURVE('',#7828,#5460,#7836,.T.);
#7836 = LINE('',#7837,#7838);
#7837 = CARTESIAN_POINT('',(-119.3,-80.07950026867,10.799516389038));
#7838 = VECTOR('',#7839,1.);
#7839 = DIRECTION('',(0.,-0.718602141767,0.695421427516));
#7840 = ORIENTED_EDGE('',*,*,#5459,.F.);
#7841 = PLANE('',#7842);
#7842 = AXIS2_PLACEMENT_3D('',#7843,#7844,#7845);
#7843 = CARTESIAN_POINT('',(-142.,-77.6,8.4));
#7844 = DIRECTION('',(0.,-0.695421427516,-0.718602141767));
#7845 = DIRECTION('',(0.,-0.718602141767,0.695421427516));
#7846 = ADVANCED_FACE('',(#7847),#7863,.F.);
#7847 = FACE_BOUND('',#7848,.F.);
#7848 = EDGE_LOOP('',(#7849,#7850,#7856,#7857));
#7849 = ORIENTED_EDGE('',*,*,#7488,.F.);
#7850 = ORIENTED_EDGE('',*,*,#7851,.T.);
#7851 = EDGE_CURVE('',#7489,#4800,#7852,.T.);
#7852 = LINE('',#7853,#7854);
#7853 = CARTESIAN_POINT('',(-103.5,64.,8.));
#7854 = VECTOR('',#7855,1.);
#7855 = DIRECTION('',(0.,1.,0.));
#7856 = ORIENTED_EDGE('',*,*,#4797,.F.);
#7857 = ORIENTED_EDGE('',*,*,#7858,.F.);
#7858 = EDGE_CURVE('',#7481,#4798,#7859,.T.);
#7859 = LINE('',#7860,#7861);
#7860 = CARTESIAN_POINT('',(-96.5,64.,8.));
#7861 = VECTOR('',#7862,1.);
#7862 = DIRECTION('',(0.,1.,0.));
#7863 = PLANE('',#7864);
#7864 = AXIS2_PLACEMENT_3D('',#7865,#7866,#7867);
#7865 = CARTESIAN_POINT('',(-103.5,64.,8.));
#7866 = DIRECTION('',(0.,0.,-1.));
#7867 = DIRECTION('',(1.,0.,0.));
#7868 = ADVANCED_FACE('',(#7869),#7881,.F.);
#7869 = FACE_BOUND('',#7870,.F.);
#7870 = EDGE_LOOP('',(#7871,#7872,#7878,#7879,#7880));
#7871 = ORIENTED_EDGE('',*,*,#7520,.F.);
#7872 = ORIENTED_EDGE('',*,*,#7873,.T.);
#7873 = EDGE_CURVE('',#7521,#4824,#7874,.T.);
#7874 = LINE('',#7875,#7876);
#7875 = CARTESIAN_POINT('',(-103.5,64.,12.2));
#7876 = VECTOR('',#7877,1.);
#7877 = DIRECTION('',(0.,1.,0.));
#7878 = ORIENTED_EDGE('',*,*,#4831,.F.);
#7879 = ORIENTED_EDGE('',*,*,#7851,.F.);
#7880 = ORIENTED_EDGE('',*,*,#7496,.F.);
#7881 = PLANE('',#7882);
#7882 = AXIS2_PLACEMENT_3D('',#7883,#7884,#7885);
#7883 = CARTESIAN_POINT('',(-103.5,64.,12.2));
#7884 = DIRECTION('',(-1.,0.,0.));
#7885 = DIRECTION('',(0.,0.,-1.));
#7886 = ADVANCED_FACE('',(#7887),#7898,.F.);
#7887 = FACE_BOUND('',#7888,.F.);
#7888 = EDGE_LOOP('',(#7889,#7890,#7896,#7897));
#7889 = ORIENTED_EDGE('',*,*,#7528,.F.);
#7890 = ORIENTED_EDGE('',*,*,#7891,.T.);
#7891 = EDGE_CURVE('',#7529,#4816,#7892,.T.);
#7892 = LINE('',#7893,#7894);
#7893 = CARTESIAN_POINT('',(-100.,64.,16.2));
#7894 = VECTOR('',#7895,1.);
#7895 = DIRECTION('',(0.,1.,0.));
#7896 = ORIENTED_EDGE('',*,*,#4823,.F.);
#7897 = ORIENTED_EDGE('',*,*,#7873,.F.);
#7898 = PLANE('',#7899);
#7899 = AXIS2_PLACEMENT_3D('',#7900,#7901,#7902);
#7900 = CARTESIAN_POINT('',(-100.,64.,16.2));
#7901 = DIRECTION('',(-0.752576694707,0.,0.658504607869));
#7902 = DIRECTION('',(-0.658504607869,0.,-0.752576694707));
#7903 = ADVANCED_FACE('',(#7904),#7915,.F.);
#7904 = FACE_BOUND('',#7905,.F.);
#7905 = EDGE_LOOP('',(#7906,#7907,#7913,#7914));
#7906 = ORIENTED_EDGE('',*,*,#7536,.F.);
#7907 = ORIENTED_EDGE('',*,*,#7908,.T.);
#7908 = EDGE_CURVE('',#7537,#4808,#7909,.T.);
#7909 = LINE('',#7910,#7911);
#7910 = CARTESIAN_POINT('',(-96.5,64.,12.2));
#7911 = VECTOR('',#7912,1.);
#7912 = DIRECTION('',(0.,1.,0.));
#7913 = ORIENTED_EDGE('',*,*,#4815,.F.);
#7914 = ORIENTED_EDGE('',*,*,#7891,.F.);
#7915 = PLANE('',#7916);
#7916 = AXIS2_PLACEMENT_3D('',#7917,#7918,#7919);
#7917 = CARTESIAN_POINT('',(-96.5,64.,12.2));
#7918 = DIRECTION('',(0.752576694707,-0.,0.658504607869));
#7919 = DIRECTION('',(-0.658504607869,0.,0.752576694707));
#7920 = ADVANCED_FACE('',(#7921),#7928,.F.);
#7921 = FACE_BOUND('',#7922,.F.);
#7922 = EDGE_LOOP('',(#7923,#7924,#7925,#7926,#7927));
#7923 = ORIENTED_EDGE('',*,*,#7480,.F.);
#7924 = ORIENTED_EDGE('',*,*,#7858,.T.);
#7925 = ORIENTED_EDGE('',*,*,#4807,.F.);
#7926 = ORIENTED_EDGE('',*,*,#7908,.F.);
#7927 = ORIENTED_EDGE('',*,*,#7544,.F.);
#7928 = PLANE('',#7929);
#7929 = AXIS2_PLACEMENT_3D('',#7930,#7931,#7932);
#7930 = CARTESIAN_POINT('',(-96.5,64.,8.));
#7931 = DIRECTION('',(1.,0.,0.));
#7932 = DIRECTION('',(0.,0.,1.));
#7933 = ADVANCED_FACE('',(#7934),#7952,.T.);
#7934 = FACE_BOUND('',#7935,.T.);
#7935 = EDGE_LOOP('',(#7936,#7944,#7945,#7946));
#7936 = ORIENTED_EDGE('',*,*,#7937,.F.);
#7937 = EDGE_CURVE('',#4905,#7938,#7940,.T.);
#7938 = VERTEX_POINT('',#7939);
#7939 = CARTESIAN_POINT('',(-104.2,65.5,12.3));
#7940 = LINE('',#7941,#7942);
#7941 = CARTESIAN_POINT('',(-104.2,58.,12.3));
#7942 = VECTOR('',#7943,1.);
#7943 = DIRECTION('',(-0.,1.,0.));
#7944 = ORIENTED_EDGE('',*,*,#4912,.T.);
#7945 = ORIENTED_EDGE('',*,*,#5116,.T.);
#7946 = ORIENTED_EDGE('',*,*,#7947,.T.);
#7947 = EDGE_CURVE('',#5109,#7938,#7948,.T.);
#7948 = LINE('',#7949,#7950);
#7949 = CARTESIAN_POINT('',(-104.2,65.5,8.));
#7950 = VECTOR('',#7951,1.);
#7951 = DIRECTION('',(0.,0.,1.));
#7952 = PLANE('',#7953);
#7953 = AXIS2_PLACEMENT_3D('',#7954,#7955,#7956);
#7954 = CARTESIAN_POINT('',(-104.2,58.,8.));
#7955 = DIRECTION('',(1.,0.,-0.));
#7956 = DIRECTION('',(0.,0.,1.));
#7957 = ADVANCED_FACE('',(#7958),#7976,.F.);
#7958 = FACE_BOUND('',#7959,.F.);
#7959 = EDGE_LOOP('',(#7960,#7961,#7962,#7970));
#7960 = ORIENTED_EDGE('',*,*,#7937,.F.);
#7961 = ORIENTED_EDGE('',*,*,#4904,.T.);
#7962 = ORIENTED_EDGE('',*,*,#7963,.T.);
#7963 = EDGE_CURVE('',#4897,#7964,#7966,.T.);
#7964 = VERTEX_POINT('',#7965);
#7965 = CARTESIAN_POINT('',(-103.4125,65.5,12.3));
#7966 = LINE('',#7967,#7968);
#7967 = CARTESIAN_POINT('',(-103.4125,61.,12.3));
#7968 = VECTOR('',#7969,1.);
#7969 = DIRECTION('',(0.,1.,-0.));
#7970 = ORIENTED_EDGE('',*,*,#7971,.F.);
#7971 = EDGE_CURVE('',#7938,#7964,#7972,.T.);
#7972 = LINE('',#7973,#7974);
#7973 = CARTESIAN_POINT('',(-104.2,65.5,12.3));
#7974 = VECTOR('',#7975,1.);
#7975 = DIRECTION('',(1.,0.,-0.));
#7976 = PLANE('',#7977);
#7977 = AXIS2_PLACEMENT_3D('',#7978,#7979,#7980);
#7978 = CARTESIAN_POINT('',(-104.2,58.,12.3));
#7979 = DIRECTION('',(0.,0.,1.));
#7980 = DIRECTION('',(1.,0.,-0.));
#7981 = ADVANCED_FACE('',(#7982),#8002,.F.);
#7982 = FACE_BOUND('',#7983,.F.);
#7983 = EDGE_LOOP('',(#7984,#7985,#7986,#7987,#7988,#7996));
#7984 = ORIENTED_EDGE('',*,*,#7963,.F.);
#7985 = ORIENTED_EDGE('',*,*,#4896,.T.);
#7986 = ORIENTED_EDGE('',*,*,#5229,.T.);
#7987 = ORIENTED_EDGE('',*,*,#7644,.F.);
#7988 = ORIENTED_EDGE('',*,*,#7989,.F.);
#7989 = EDGE_CURVE('',#7990,#7645,#7992,.T.);
#7990 = VERTEX_POINT('',#7991);
#7991 = CARTESIAN_POINT('',(-103.5,65.5,12.2));
#7992 = LINE('',#7993,#7994);
#7993 = CARTESIAN_POINT('',(-103.5,64.,12.2));
#7994 = VECTOR('',#7995,1.);
#7995 = DIRECTION('',(0.,1.,0.));
#7996 = ORIENTED_EDGE('',*,*,#7997,.F.);
#7997 = EDGE_CURVE('',#7964,#7990,#7998,.T.);
#7998 = LINE('',#7999,#8000);
#7999 = CARTESIAN_POINT('',(-102.9424778761,65.5,12.837168141593));
#8000 = VECTOR('',#8001,1.);
#8001 = DIRECTION('',(-0.658504607869,0.,-0.752576694707));
#8002 = PLANE('',#8003);
#8003 = AXIS2_PLACEMENT_3D('',#8004,#8005,#8006);
#8004 = CARTESIAN_POINT('',(-100.,64.,16.2));
#8005 = DIRECTION('',(-0.752576694707,0.,0.658504607869));
#8006 = DIRECTION('',(-0.658504607869,0.,-0.752576694707));
#8007 = ADVANCED_FACE('',(#8008),#8014,.T.);
#8008 = FACE_BOUND('',#8009,.T.);
#8009 = EDGE_LOOP('',(#8010,#8011,#8012,#8013));
#8010 = ORIENTED_EDGE('',*,*,#4976,.F.);
#8011 = ORIENTED_EDGE('',*,*,#4952,.T.);
#8012 = ORIENTED_EDGE('',*,*,#5017,.T.);
#8013 = ORIENTED_EDGE('',*,*,#5000,.F.);
#8014 = PLANE('',#8015);
#8015 = AXIS2_PLACEMENT_3D('',#8016,#8017,#8018);
#8016 = CARTESIAN_POINT('',(-33.3959853028,33.620224163105,26.));
#8017 = DIRECTION('',(0.,0.,1.));
#8018 = DIRECTION('',(-0.378159495647,0.925740458148,0.));
#8019 = ADVANCED_FACE('',(#8020),#8032,.F.);
#8020 = FACE_BOUND('',#8021,.F.);
#8021 = EDGE_LOOP('',(#8022,#8023,#8029,#8030,#8031));
#8022 = ORIENTED_EDGE('',*,*,#5076,.F.);
#8023 = ORIENTED_EDGE('',*,*,#8024,.T.);
#8024 = EDGE_CURVE('',#5077,#5206,#8025,.T.);
#8025 = LINE('',#8026,#8027);
#8026 = CARTESIAN_POINT('',(-96.5,65.5,8.));
#8027 = VECTOR('',#8028,1.);
#8028 = DIRECTION('',(0.,-0.,1.));
#8029 = ORIENTED_EDGE('',*,*,#5205,.T.);
#8030 = ORIENTED_EDGE('',*,*,#5157,.T.);
#8031 = ORIENTED_EDGE('',*,*,#5141,.F.);
#8032 = PLANE('',#8033);
#8033 = AXIS2_PLACEMENT_3D('',#8034,#8035,#8036);
#8034 = CARTESIAN_POINT('',(-104.2,65.5,8.));
#8035 = DIRECTION('',(-0.,1.,0.));
#8036 = DIRECTION('',(0.,0.,1.));
#8037 = ADVANCED_FACE('',(#8038),#8045,.F.);
#8038 = FACE_BOUND('',#8039,.F.);
#8039 = EDGE_LOOP('',(#8040,#8041,#8042,#8043,#8044));
#8040 = ORIENTED_EDGE('',*,*,#8024,.F.);
#8041 = ORIENTED_EDGE('',*,*,#5084,.T.);
#8042 = ORIENTED_EDGE('',*,*,#7366,.F.);
#8043 = ORIENTED_EDGE('',*,*,#7637,.F.);
#8044 = ORIENTED_EDGE('',*,*,#5213,.F.);
#8045 = PLANE('',#8046);
#8046 = AXIS2_PLACEMENT_3D('',#8047,#8048,#8049);
#8047 = CARTESIAN_POINT('',(-96.5,64.,8.));
#8048 = DIRECTION('',(1.,0.,0.));
#8049 = DIRECTION('',(0.,0.,1.));
#8050 = ADVANCED_FACE('',(#8051),#8063,.F.);
#8051 = FACE_BOUND('',#8052,.F.);
#8052 = EDGE_LOOP('',(#8053,#8054,#8060,#8061,#8062));
#8053 = ORIENTED_EDGE('',*,*,#5100,.F.);
#8054 = ORIENTED_EDGE('',*,*,#8055,.F.);
#8055 = EDGE_CURVE('',#7990,#5101,#8056,.T.);
#8056 = LINE('',#8057,#8058);
#8057 = CARTESIAN_POINT('',(-103.5,65.5,10.1));
#8058 = VECTOR('',#8059,1.);
#8059 = DIRECTION('',(0.,0.,-1.));
#8060 = ORIENTED_EDGE('',*,*,#7989,.T.);
#8061 = ORIENTED_EDGE('',*,*,#7652,.F.);
#8062 = ORIENTED_EDGE('',*,*,#7359,.F.);
#8063 = PLANE('',#8064);
#8064 = AXIS2_PLACEMENT_3D('',#8065,#8066,#8067);
#8065 = CARTESIAN_POINT('',(-103.5,64.,12.2));
#8066 = DIRECTION('',(-1.,0.,0.));
#8067 = DIRECTION('',(0.,0.,-1.));
#8068 = ADVANCED_FACE('',(#8069),#8076,.F.);
#8069 = FACE_BOUND('',#8070,.F.);
#8070 = EDGE_LOOP('',(#8071,#8072,#8073,#8074,#8075));
#8071 = ORIENTED_EDGE('',*,*,#5108,.F.);
#8072 = ORIENTED_EDGE('',*,*,#7947,.T.);
#8073 = ORIENTED_EDGE('',*,*,#7971,.T.);
#8074 = ORIENTED_EDGE('',*,*,#7997,.T.);
#8075 = ORIENTED_EDGE('',*,*,#8055,.T.);
#8076 = PLANE('',#8077);
#8077 = AXIS2_PLACEMENT_3D('',#8078,#8079,#8080);
#8078 = CARTESIAN_POINT('',(-104.2,65.5,8.));
#8079 = DIRECTION('',(-0.,1.,0.));
#8080 = DIRECTION('',(0.,0.,1.));
#8081 = ADVANCED_FACE('',(#8082),#8093,.F.);
#8082 = FACE_BOUND('',#8083,.F.);
#8083 = EDGE_LOOP('',(#8084,#8085,#8091,#8092));
#8084 = ORIENTED_EDGE('',*,*,#7763,.F.);
#8085 = ORIENTED_EDGE('',*,*,#8086,.T.);
#8086 = EDGE_CURVE('',#7764,#5273,#8087,.T.);
#8087 = LINE('',#8088,#8089);
#8088 = CARTESIAN_POINT('',(-103.5,-116.,8.));
#8089 = VECTOR('',#8090,1.);
#8090 = DIRECTION('',(0.,1.,0.));
#8091 = ORIENTED_EDGE('',*,*,#5280,.F.);
#8092 = ORIENTED_EDGE('',*,*,#5633,.F.);
#8093 = PLANE('',#8094);
#8094 = AXIS2_PLACEMENT_3D('',#8095,#8096,#8097);
#8095 = CARTESIAN_POINT('',(-103.5,-116.,8.));
#8096 = DIRECTION('',(0.,0.,-1.));
#8097 = DIRECTION('',(1.,0.,0.));
#8098 = ADVANCED_FACE('',(#8099),#8111,.F.);
#8099 = FACE_BOUND('',#8100,.F.);
#8100 = EDGE_LOOP('',(#8101,#8102,#8108,#8109,#8110));
#8101 = ORIENTED_EDGE('',*,*,#7795,.F.);
#8102 = ORIENTED_EDGE('',*,*,#8103,.T.);
#8103 = EDGE_CURVE('',#7796,#5265,#8104,.T.);
#8104 = LINE('',#8105,#8106);
#8105 = CARTESIAN_POINT('',(-103.5,-116.,12.2));
#8106 = VECTOR('',#8107,1.);
#8107 = DIRECTION('',(0.,1.,0.));
#8108 = ORIENTED_EDGE('',*,*,#5272,.F.);
#8109 = ORIENTED_EDGE('',*,*,#8086,.F.);
#8110 = ORIENTED_EDGE('',*,*,#7771,.F.);
#8111 = PLANE('',#8112);
#8112 = AXIS2_PLACEMENT_3D('',#8113,#8114,#8115);
#8113 = CARTESIAN_POINT('',(-103.5,-116.,12.2));
#8114 = DIRECTION('',(-1.,0.,0.));
#8115 = DIRECTION('',(0.,0.,-1.));
#8116 = ADVANCED_FACE('',(#8117),#8129,.F.);
#8117 = FACE_BOUND('',#8118,.F.);
#8118 = EDGE_LOOP('',(#8119,#8120,#8126,#8127,#8128));
#8119 = ORIENTED_EDGE('',*,*,#7803,.F.);
#8120 = ORIENTED_EDGE('',*,*,#8121,.T.);
#8121 = EDGE_CURVE('',#7804,#5408,#8122,.T.);
#8122 = LINE('',#8123,#8124);
#8123 = CARTESIAN_POINT('',(-100.,-116.,16.2));
#8124 = VECTOR('',#8125,1.);
#8125 = DIRECTION('',(0.,1.,0.));
#8126 = ORIENTED_EDGE('',*,*,#5407,.F.);
#8127 = ORIENTED_EDGE('',*,*,#5264,.F.);
#8128 = ORIENTED_EDGE('',*,*,#8103,.F.);
#8129 = PLANE('',#8130);
#8130 = AXIS2_PLACEMENT_3D('',#8131,#8132,#8133);
#8131 = CARTESIAN_POINT('',(-100.,-116.,16.2));
#8132 = DIRECTION('',(-0.752576694707,0.,0.658504607869));
#8133 = DIRECTION('',(-0.658504607869,0.,-0.752576694707));
#8134 = ADVANCED_FACE('',(#8135),#8151,.F.);
#8135 = FACE_BOUND('',#8136,.F.);
#8136 = EDGE_LOOP('',(#8137,#8138,#8144,#8145));
#8137 = ORIENTED_EDGE('',*,*,#5358,.T.);
#8138 = ORIENTED_EDGE('',*,*,#8139,.T.);
#8139 = EDGE_CURVE('',#5361,#7670,#8140,.T.);
#8140 = LINE('',#8141,#8142);
#8141 = CARTESIAN_POINT('',(-103.5,-116.,8.));
#8142 = VECTOR('',#8143,1.);
#8143 = DIRECTION('',(0.,1.,0.));
#8144 = ORIENTED_EDGE('',*,*,#7677,.F.);
#8145 = ORIENTED_EDGE('',*,*,#8146,.F.);
#8146 = EDGE_CURVE('',#5359,#7678,#8147,.T.);
#8147 = LINE('',#8148,#8149);
#8148 = CARTESIAN_POINT('',(-96.5,-116.,8.));
#8149 = VECTOR('',#8150,1.);
#8150 = DIRECTION('',(0.,1.,0.));
#8151 = PLANE('',#8152);
#8152 = AXIS2_PLACEMENT_3D('',#8153,#8154,#8155);
#8153 = CARTESIAN_POINT('',(-103.5,-116.,8.));
#8154 = DIRECTION('',(0.,0.,-1.));
#8155 = DIRECTION('',(1.,0.,0.));
#8156 = ADVANCED_FACE('',(#8157),#8169,.F.);
#8157 = FACE_BOUND('',#8158,.F.);
#8158 = EDGE_LOOP('',(#8159,#8160,#8166,#8167,#8168));
#8159 = ORIENTED_EDGE('',*,*,#5392,.T.);
#8160 = ORIENTED_EDGE('',*,*,#8161,.T.);
#8161 = EDGE_CURVE('',#5385,#5532,#8162,.T.);
#8162 = LINE('',#8163,#8164);
#8163 = CARTESIAN_POINT('',(-103.5,-116.,12.2));
#8164 = VECTOR('',#8165,1.);
#8165 = DIRECTION('',(0.,1.,0.));
#8166 = ORIENTED_EDGE('',*,*,#5539,.F.);
#8167 = ORIENTED_EDGE('',*,*,#7669,.F.);
#8168 = ORIENTED_EDGE('',*,*,#8139,.F.);
#8169 = PLANE('',#8170);
#8170 = AXIS2_PLACEMENT_3D('',#8171,#8172,#8173);
#8171 = CARTESIAN_POINT('',(-103.5,-116.,12.2));
#8172 = DIRECTION('',(-1.,0.,0.));
#8173 = DIRECTION('',(0.,0.,-1.));
#8174 = ADVANCED_FACE('',(#8175),#8186,.F.);
#8175 = FACE_BOUND('',#8176,.F.);
#8176 = EDGE_LOOP('',(#8177,#8178,#8184,#8185));
#8177 = ORIENTED_EDGE('',*,*,#5384,.T.);
#8178 = ORIENTED_EDGE('',*,*,#8179,.T.);
#8179 = EDGE_CURVE('',#5377,#5524,#8180,.T.);
#8180 = LINE('',#8181,#8182);
#8181 = CARTESIAN_POINT('',(-100.,-116.,16.2));
#8182 = VECTOR('',#8183,1.);
#8183 = DIRECTION('',(0.,1.,0.));
#8184 = ORIENTED_EDGE('',*,*,#5531,.F.);
#8185 = ORIENTED_EDGE('',*,*,#8161,.F.);
#8186 = PLANE('',#8187);
#8187 = AXIS2_PLACEMENT_3D('',#8188,#8189,#8190);
#8188 = CARTESIAN_POINT('',(-100.,-116.,16.2));
#8189 = DIRECTION('',(-0.752576694707,0.,0.658504607869));
#8190 = DIRECTION('',(-0.658504607869,0.,-0.752576694707));
#8191 = ADVANCED_FACE('',(#8192),#8203,.F.);
#8192 = FACE_BOUND('',#8193,.F.);
#8193 = EDGE_LOOP('',(#8194,#8195,#8201,#8202));
#8194 = ORIENTED_EDGE('',*,*,#5376,.T.);
#8195 = ORIENTED_EDGE('',*,*,#8196,.T.);
#8196 = EDGE_CURVE('',#5369,#5516,#8197,.T.);
#8197 = LINE('',#8198,#8199);
#8198 = CARTESIAN_POINT('',(-96.5,-116.,12.2));
#8199 = VECTOR('',#8200,1.);
#8200 = DIRECTION('',(0.,1.,0.));
#8201 = ORIENTED_EDGE('',*,*,#5523,.F.);
#8202 = ORIENTED_EDGE('',*,*,#8179,.F.);
#8203 = PLANE('',#8204);
#8204 = AXIS2_PLACEMENT_3D('',#8205,#8206,#8207);
#8205 = CARTESIAN_POINT('',(-96.5,-116.,12.2));
#8206 = DIRECTION('',(0.752576694707,-0.,0.658504607869));
#8207 = DIRECTION('',(-0.658504607869,0.,0.752576694707));
#8208 = ADVANCED_FACE('',(#8209),#8216,.F.);
#8209 = FACE_BOUND('',#8210,.F.);
#8210 = EDGE_LOOP('',(#8211,#8212,#8213,#8214,#8215));
#8211 = ORIENTED_EDGE('',*,*,#5368,.T.);
#8212 = ORIENTED_EDGE('',*,*,#8146,.T.);
#8213 = ORIENTED_EDGE('',*,*,#7685,.F.);
#8214 = ORIENTED_EDGE('',*,*,#5515,.F.);
#8215 = ORIENTED_EDGE('',*,*,#8196,.F.);
#8216 = PLANE('',#8217);
#8217 = AXIS2_PLACEMENT_3D('',#8218,#8219,#8220);
#8218 = CARTESIAN_POINT('',(-96.5,-116.,8.));
#8219 = DIRECTION('',(1.,0.,0.));
#8220 = DIRECTION('',(0.,0.,1.));
#8221 = ADVANCED_FACE('',(#8222),#8227,.F.);
#8222 = FACE_BOUND('',#8223,.F.);
#8223 = EDGE_LOOP('',(#8224,#8225,#8226));
#8224 = ORIENTED_EDGE('',*,*,#8121,.F.);
#8225 = ORIENTED_EDGE('',*,*,#7811,.F.);
#8226 = ORIENTED_EDGE('',*,*,#5416,.F.);
#8227 = PLANE('',#8228);
#8228 = AXIS2_PLACEMENT_3D('',#8229,#8230,#8231);
#8229 = CARTESIAN_POINT('',(-96.5,-116.,12.2));
#8230 = DIRECTION('',(0.752576694707,-0.,0.658504607869));
#8231 = DIRECTION('',(-0.658504607869,0.,0.752576694707));
#8232 = ADVANCED_FACE('',(#8233),#8250,.F.);
#8233 = FACE_BOUND('',#8234,.F.);
#8234 = EDGE_LOOP('',(#8235,#8241,#8242,#8243,#8249));
#8235 = ORIENTED_EDGE('',*,*,#8236,.F.);
#8236 = EDGE_CURVE('',#5476,#7265,#8237,.T.);
#8237 = LINE('',#8238,#8239);
#8238 = CARTESIAN_POINT('',(-110.7,-96.3,-1.));
#8239 = VECTOR('',#8240,1.);
#8240 = DIRECTION('',(0.,0.,1.));
#8241 = ORIENTED_EDGE('',*,*,#5483,.F.);
#8242 = ORIENTED_EDGE('',*,*,#7819,.F.);
#8243 = ORIENTED_EDGE('',*,*,#8244,.T.);
#8244 = EDGE_CURVE('',#7820,#7283,#8245,.T.);
#8245 = LINE('',#8246,#8247);
#8246 = CARTESIAN_POINT('',(-110.7,-83.7,-1.));
#8247 = VECTOR('',#8248,1.);
#8248 = DIRECTION('',(0.,0.,1.));
#8249 = ORIENTED_EDGE('',*,*,#7290,.F.);
#8250 = PLANE('',#8251);
#8251 = AXIS2_PLACEMENT_3D('',#8252,#8253,#8254);
#8252 = CARTESIAN_POINT('',(-110.7,-96.3,-1.));
#8253 = DIRECTION('',(1.,0.,0.));
#8254 = DIRECTION('',(0.,0.,1.));
#8255 = ADVANCED_FACE('',(#8256),#8267,.T.);
#8256 = FACE_BOUND('',#8257,.T.);
#8257 = EDGE_LOOP('',(#8258,#8259,#8260,#8266));
#8258 = ORIENTED_EDGE('',*,*,#8236,.F.);
#8259 = ORIENTED_EDGE('',*,*,#5475,.F.);
#8260 = ORIENTED_EDGE('',*,*,#8261,.T.);
#8261 = EDGE_CURVE('',#5468,#7267,#8262,.T.);
#8262 = LINE('',#8263,#8264);
#8263 = CARTESIAN_POINT('',(-119.3,-96.3,-1.));
#8264 = VECTOR('',#8265,1.);
#8265 = DIRECTION('',(0.,0.,1.));
#8266 = ORIENTED_EDGE('',*,*,#7264,.F.);
#8267 = PLANE('',#8268);
#8268 = AXIS2_PLACEMENT_3D('',#8269,#8270,#8271);
#8269 = CARTESIAN_POINT('',(-119.3,-96.3,-1.));
#8270 = DIRECTION('',(0.,1.,0.));
#8271 = DIRECTION('',(0.,0.,1.));
#8272 = ADVANCED_FACE('',(#8273),#8285,.T.);
#8273 = FACE_BOUND('',#8274,.T.);
#8274 = EDGE_LOOP('',(#8275,#8276,#8277,#8278,#8284));
#8275 = ORIENTED_EDGE('',*,*,#8261,.F.);
#8276 = ORIENTED_EDGE('',*,*,#5467,.F.);
#8277 = ORIENTED_EDGE('',*,*,#7835,.F.);
#8278 = ORIENTED_EDGE('',*,*,#8279,.T.);
#8279 = EDGE_CURVE('',#7828,#7275,#8280,.T.);
#8280 = LINE('',#8281,#8282);
#8281 = CARTESIAN_POINT('',(-119.3,-83.7,-1.));
#8282 = VECTOR('',#8283,1.);
#8283 = DIRECTION('',(0.,0.,1.));
#8284 = ORIENTED_EDGE('',*,*,#7274,.F.);
#8285 = PLANE('',#8286);
#8286 = AXIS2_PLACEMENT_3D('',#8287,#8288,#8289);
#8287 = CARTESIAN_POINT('',(-119.3,-96.3,-1.));
#8288 = DIRECTION('',(1.,0.,0.));
#8289 = DIRECTION('',(0.,0.,1.));
#8290 = ADVANCED_FACE('',(#8291),#8307,.F.);
#8291 = FACE_BOUND('',#8292,.F.);
#8292 = EDGE_LOOP('',(#8293,#8294,#8300,#8301));
#8293 = ORIENTED_EDGE('',*,*,#5808,.T.);
#8294 = ORIENTED_EDGE('',*,*,#8295,.T.);
#8295 = EDGE_CURVE('',#5811,#6801,#8296,.T.);
#8296 = LINE('',#8297,#8298);
#8297 = CARTESIAN_POINT('',(96.5,-116.,8.));
#8298 = VECTOR('',#8299,1.);
#8299 = DIRECTION('',(0.,1.,0.));
#8300 = ORIENTED_EDGE('',*,*,#6808,.F.);
#8301 = ORIENTED_EDGE('',*,*,#8302,.F.);
#8302 = EDGE_CURVE('',#5809,#6809,#8303,.T.);
#8303 = LINE('',#8304,#8305);
#8304 = CARTESIAN_POINT('',(103.5,-116.,8.));
#8305 = VECTOR('',#8306,1.);
#8306 = DIRECTION('',(0.,1.,0.));
#8307 = PLANE('',#8308);
#8308 = AXIS2_PLACEMENT_3D('',#8309,#8310,#8311);
#8309 = CARTESIAN_POINT('',(96.5,-116.,8.));
#8310 = DIRECTION('',(0.,0.,-1.));
#8311 = DIRECTION('',(1.,0.,0.));
#8312 = ADVANCED_FACE('',(#8313),#8325,.F.);
#8313 = FACE_BOUND('',#8314,.F.);
#8314 = EDGE_LOOP('',(#8315,#8316,#8322,#8323,#8324));
#8315 = ORIENTED_EDGE('',*,*,#5842,.T.);
#8316 = ORIENTED_EDGE('',*,*,#8317,.T.);
#8317 = EDGE_CURVE('',#5835,#6039,#8318,.T.);
#8318 = LINE('',#8319,#8320);
#8319 = CARTESIAN_POINT('',(96.5,-116.,12.2));
#8320 = VECTOR('',#8321,1.);
#8321 = DIRECTION('',(0.,1.,0.));
#8322 = ORIENTED_EDGE('',*,*,#6046,.F.);
#8323 = ORIENTED_EDGE('',*,*,#6800,.F.);
#8324 = ORIENTED_EDGE('',*,*,#8295,.F.);
#8325 = PLANE('',#8326);
#8326 = AXIS2_PLACEMENT_3D('',#8327,#8328,#8329);
#8327 = CARTESIAN_POINT('',(96.5,-116.,12.2));
#8328 = DIRECTION('',(-1.,0.,0.));
#8329 = DIRECTION('',(0.,0.,-1.));
#8330 = ADVANCED_FACE('',(#8331),#8342,.F.);
#8331 = FACE_BOUND('',#8332,.F.);
#8332 = EDGE_LOOP('',(#8333,#8334,#8340,#8341));
#8333 = ORIENTED_EDGE('',*,*,#5834,.T.);
#8334 = ORIENTED_EDGE('',*,*,#8335,.T.);
#8335 = EDGE_CURVE('',#5827,#6031,#8336,.T.);
#8336 = LINE('',#8337,#8338);
#8337 = CARTESIAN_POINT('',(100.,-116.,16.2));
#8338 = VECTOR('',#8339,1.);
#8339 = DIRECTION('',(0.,1.,0.));
#8340 = ORIENTED_EDGE('',*,*,#6038,.F.);
#8341 = ORIENTED_EDGE('',*,*,#8317,.F.);
#8342 = PLANE('',#8343);
#8343 = AXIS2_PLACEMENT_3D('',#8344,#8345,#8346);
#8344 = CARTESIAN_POINT('',(100.,-116.,16.2));
#8345 = DIRECTION('',(-0.752576694707,0.,0.658504607869));
#8346 = DIRECTION('',(-0.658504607869,0.,-0.752576694707));
#8347 = ADVANCED_FACE('',(#8348),#8359,.F.);
#8348 = FACE_BOUND('',#8349,.F.);
#8349 = EDGE_LOOP('',(#8350,#8351,#8357,#8358));
#8350 = ORIENTED_EDGE('',*,*,#5826,.T.);
#8351 = ORIENTED_EDGE('',*,*,#8352,.T.);
#8352 = EDGE_CURVE('',#5819,#6023,#8353,.T.);
#8353 = LINE('',#8354,#8355);
#8354 = CARTESIAN_POINT('',(103.5,-116.,12.2));
#8355 = VECTOR('',#8356,1.);
#8356 = DIRECTION('',(0.,1.,0.));
#8357 = ORIENTED_EDGE('',*,*,#6030,.F.);
#8358 = ORIENTED_EDGE('',*,*,#8335,.F.);
#8359 = PLANE('',#8360);
#8360 = AXIS2_PLACEMENT_3D('',#8361,#8362,#8363);
#8361 = CARTESIAN_POINT('',(103.5,-116.,12.2));
#8362 = DIRECTION('',(0.752576694707,-0.,0.658504607869));
#8363 = DIRECTION('',(-0.658504607869,0.,0.752576694707));
#8364 = ADVANCED_FACE('',(#8365),#8372,.F.);
#8365 = FACE_BOUND('',#8366,.F.);
#8366 = EDGE_LOOP('',(#8367,#8368,#8369,#8370,#8371));
#8367 = ORIENTED_EDGE('',*,*,#5818,.T.);
#8368 = ORIENTED_EDGE('',*,*,#8302,.T.);
#8369 = ORIENTED_EDGE('',*,*,#6816,.F.);
#8370 = ORIENTED_EDGE('',*,*,#6022,.F.);
#8371 = ORIENTED_EDGE('',*,*,#8352,.F.);
#8372 = PLANE('',#8373);
#8373 = AXIS2_PLACEMENT_3D('',#8374,#8375,#8376);
#8374 = CARTESIAN_POINT('',(103.5,-116.,8.));
#8375 = DIRECTION('',(1.,0.,0.));
#8376 = DIRECTION('',(0.,0.,1.));
#8377 = ADVANCED_FACE('',(#8378),#8395,.F.);
#8378 = FACE_BOUND('',#8379,.F.);
#8379 = EDGE_LOOP('',(#8380,#8386,#8387,#8388,#8394));
#8380 = ORIENTED_EDGE('',*,*,#8381,.F.);
#8381 = EDGE_CURVE('',#5992,#6330,#8382,.T.);
#8382 = LINE('',#8383,#8384);
#8383 = CARTESIAN_POINT('',(119.3,-96.3,-1.));
#8384 = VECTOR('',#8385,1.);
#8385 = DIRECTION('',(0.,0.,1.));
#8386 = ORIENTED_EDGE('',*,*,#5999,.F.);
#8387 = ORIENTED_EDGE('',*,*,#6844,.F.);
#8388 = ORIENTED_EDGE('',*,*,#8389,.T.);
#8389 = EDGE_CURVE('',#6845,#6348,#8390,.T.);
#8390 = LINE('',#8391,#8392);
#8391 = CARTESIAN_POINT('',(119.3,-83.7,-1.));
#8392 = VECTOR('',#8393,1.);
#8393 = DIRECTION('',(0.,0.,1.));
#8394 = ORIENTED_EDGE('',*,*,#6355,.F.);
#8395 = PLANE('',#8396);
#8396 = AXIS2_PLACEMENT_3D('',#8397,#8398,#8399);
#8397 = CARTESIAN_POINT('',(119.3,-96.3,-1.));
#8398 = DIRECTION('',(1.,0.,0.));
#8399 = DIRECTION('',(0.,0.,1.));
#8400 = ADVANCED_FACE('',(#8401),#8412,.T.);
#8401 = FACE_BOUND('',#8402,.T.);
#8402 = EDGE_LOOP('',(#8403,#8404,#8405,#8411));
#8403 = ORIENTED_EDGE('',*,*,#8381,.F.);
#8404 = ORIENTED_EDGE('',*,*,#5991,.F.);
#8405 = ORIENTED_EDGE('',*,*,#8406,.T.);
#8406 = EDGE_CURVE('',#5984,#6332,#8407,.T.);
#8407 = LINE('',#8408,#8409);
#8408 = CARTESIAN_POINT('',(110.7,-96.3,-1.));
#8409 = VECTOR('',#8410,1.);
#8410 = DIRECTION('',(0.,0.,1.));
#8411 = ORIENTED_EDGE('',*,*,#6329,.F.);
#8412 = PLANE('',#8413);
#8413 = AXIS2_PLACEMENT_3D('',#8414,#8415,#8416);
#8414 = CARTESIAN_POINT('',(110.7,-96.3,-1.));
#8415 = DIRECTION('',(0.,1.,0.));
#8416 = DIRECTION('',(0.,0.,1.));
#8417 = ADVANCED_FACE('',(#8418),#8430,.T.);
#8418 = FACE_BOUND('',#8419,.T.);
#8419 = EDGE_LOOP('',(#8420,#8421,#8422,#8423,#8429));
#8420 = ORIENTED_EDGE('',*,*,#8406,.F.);
#8421 = ORIENTED_EDGE('',*,*,#5983,.F.);
#8422 = ORIENTED_EDGE('',*,*,#6860,.F.);
#8423 = ORIENTED_EDGE('',*,*,#8424,.T.);
#8424 = EDGE_CURVE('',#6853,#6340,#8425,.T.);
#8425 = LINE('',#8426,#8427);
#8426 = CARTESIAN_POINT('',(110.7,-83.7,-1.));
#8427 = VECTOR('',#8428,1.);
#8428 = DIRECTION('',(0.,0.,1.));
#8429 = ORIENTED_EDGE('',*,*,#6339,.F.);
#8430 = PLANE('',#8431);
#8431 = AXIS2_PLACEMENT_3D('',#8432,#8433,#8434);
#8432 = CARTESIAN_POINT('',(110.7,-96.3,-1.));
#8433 = DIRECTION('',(1.,0.,0.));
#8434 = DIRECTION('',(0.,0.,1.));
#8435 = ADVANCED_FACE('',(#8436),#8441,.F.);
#8436 = FACE_BOUND('',#8437,.F.);
#8437 = EDGE_LOOP('',(#8438,#8439,#8440));
#8438 = ORIENTED_EDGE('',*,*,#6868,.F.);
#8439 = ORIENTED_EDGE('',*,*,#6980,.T.);
#8440 = ORIENTED_EDGE('',*,*,#6077,.F.);
#8441 = PLANE('',#8442);
#8442 = AXIS2_PLACEMENT_3D('',#8443,#8444,#8445);
#8443 = CARTESIAN_POINT('',(100.,-116.,16.2));
#8444 = DIRECTION('',(-0.752576694707,0.,0.658504607869));
#8445 = DIRECTION('',(-0.658504607869,0.,-0.752576694707));
#8446 = ADVANCED_FACE('',(#8447),#8463,.T.);
#8447 = FACE_BOUND('',#8448,.T.);
#8448 = EDGE_LOOP('',(#8449,#8455,#8456,#8462));
#8449 = ORIENTED_EDGE('',*,*,#8450,.F.);
#8450 = EDGE_CURVE('',#6124,#7719,#8451,.T.);
#8451 = LINE('',#8452,#8453);
#8452 = CARTESIAN_POINT('',(-110.7,-96.3,-1.));
#8453 = VECTOR('',#8454,1.);
#8454 = DIRECTION('',(0.,0.,1.));
#8455 = ORIENTED_EDGE('',*,*,#6123,.T.);
#8456 = ORIENTED_EDGE('',*,*,#8457,.T.);
#8457 = EDGE_CURVE('',#6126,#7721,#8458,.T.);
#8458 = LINE('',#8459,#8460);
#8459 = CARTESIAN_POINT('',(-119.3,-96.3,-1.));
#8460 = VECTOR('',#8461,1.);
#8461 = DIRECTION('',(0.,0.,1.));
#8462 = ORIENTED_EDGE('',*,*,#7718,.F.);
#8463 = PLANE('',#8464);
#8464 = AXIS2_PLACEMENT_3D('',#8465,#8466,#8467);
#8465 = CARTESIAN_POINT('',(-119.3,-96.3,-1.));
#8466 = DIRECTION('',(0.,1.,0.));
#8467 = DIRECTION('',(0.,0.,1.));
#8468 = ADVANCED_FACE('',(#8469),#8480,.T.);
#8469 = FACE_BOUND('',#8470,.T.);
#8470 = EDGE_LOOP('',(#8471,#8472,#8473,#8479));
#8471 = ORIENTED_EDGE('',*,*,#8457,.F.);
#8472 = ORIENTED_EDGE('',*,*,#6133,.T.);
#8473 = ORIENTED_EDGE('',*,*,#8474,.T.);
#8474 = EDGE_CURVE('',#6134,#7729,#8475,.T.);
#8475 = LINE('',#8476,#8477);
#8476 = CARTESIAN_POINT('',(-119.3,-83.7,-1.));
#8477 = VECTOR('',#8478,1.);
#8478 = DIRECTION('',(0.,0.,1.));
#8479 = ORIENTED_EDGE('',*,*,#7728,.F.);
#8480 = PLANE('',#8481);
#8481 = AXIS2_PLACEMENT_3D('',#8482,#8483,#8484);
#8482 = CARTESIAN_POINT('',(-119.3,-96.3,-1.));
#8483 = DIRECTION('',(1.,0.,0.));
#8484 = DIRECTION('',(0.,0.,1.));
#8485 = ADVANCED_FACE('',(#8486),#8497,.F.);
#8486 = FACE_BOUND('',#8487,.F.);
#8487 = EDGE_LOOP('',(#8488,#8494,#8495,#8496));
#8488 = ORIENTED_EDGE('',*,*,#8489,.F.);
#8489 = EDGE_CURVE('',#6142,#7737,#8490,.T.);
#8490 = LINE('',#8491,#8492);
#8491 = CARTESIAN_POINT('',(-110.7,-83.7,-1.));
#8492 = VECTOR('',#8493,1.);
#8493 = DIRECTION('',(0.,0.,1.));
#8494 = ORIENTED_EDGE('',*,*,#6141,.T.);
#8495 = ORIENTED_EDGE('',*,*,#8474,.T.);
#8496 = ORIENTED_EDGE('',*,*,#7736,.F.);
#8497 = PLANE('',#8498);
#8498 = AXIS2_PLACEMENT_3D('',#8499,#8500,#8501);
#8499 = CARTESIAN_POINT('',(-119.3,-83.7,-1.));
#8500 = DIRECTION('',(0.,1.,0.));
#8501 = DIRECTION('',(0.,0.,1.));
#8502 = ADVANCED_FACE('',(#8503),#8509,.F.);
#8503 = FACE_BOUND('',#8504,.F.);
#8504 = EDGE_LOOP('',(#8505,#8506,#8507,#8508));
#8505 = ORIENTED_EDGE('',*,*,#8450,.F.);
#8506 = ORIENTED_EDGE('',*,*,#6149,.T.);
#8507 = ORIENTED_EDGE('',*,*,#8489,.T.);
#8508 = ORIENTED_EDGE('',*,*,#7744,.F.);
#8509 = PLANE('',#8510);
#8510 = AXIS2_PLACEMENT_3D('',#8511,#8512,#8513);
#8511 = CARTESIAN_POINT('',(-110.7,-96.3,-1.));
#8512 = DIRECTION('',(1.,0.,0.));
#8513 = DIRECTION('',(0.,0.,1.));
#8514 = ADVANCED_FACE('',(#8515),#8531,.T.);
#8515 = FACE_BOUND('',#8516,.T.);
#8516 = EDGE_LOOP('',(#8517,#8523,#8524,#8530));
#8517 = ORIENTED_EDGE('',*,*,#8518,.F.);
#8518 = EDGE_CURVE('',#6158,#6759,#8519,.T.);
#8519 = LINE('',#8520,#8521);
#8520 = CARTESIAN_POINT('',(119.3,-96.3,-1.));
#8521 = VECTOR('',#8522,1.);
#8522 = DIRECTION('',(0.,0.,1.));
#8523 = ORIENTED_EDGE('',*,*,#6157,.T.);
#8524 = ORIENTED_EDGE('',*,*,#8525,.T.);
#8525 = EDGE_CURVE('',#6160,#6761,#8526,.T.);
#8526 = LINE('',#8527,#8528);
#8527 = CARTESIAN_POINT('',(110.7,-96.3,-1.));
#8528 = VECTOR('',#8529,1.);
#8529 = DIRECTION('',(0.,0.,1.));
#8530 = ORIENTED_EDGE('',*,*,#6758,.F.);
#8531 = PLANE('',#8532);
#8532 = AXIS2_PLACEMENT_3D('',#8533,#8534,#8535);
#8533 = CARTESIAN_POINT('',(110.7,-96.3,-1.));
#8534 = DIRECTION('',(0.,1.,0.));
#8535 = DIRECTION('',(0.,0.,1.));
#8536 = ADVANCED_FACE('',(#8537),#8548,.T.);
#8537 = FACE_BOUND('',#8538,.T.);
#8538 = EDGE_LOOP('',(#8539,#8540,#8541,#8547));
#8539 = ORIENTED_EDGE('',*,*,#8525,.F.);
#8540 = ORIENTED_EDGE('',*,*,#6167,.T.);
#8541 = ORIENTED_EDGE('',*,*,#8542,.T.);
#8542 = EDGE_CURVE('',#6168,#6769,#8543,.T.);
#8543 = LINE('',#8544,#8545);
#8544 = CARTESIAN_POINT('',(110.7,-83.7,-1.));
#8545 = VECTOR('',#8546,1.);
#8546 = DIRECTION('',(0.,0.,1.));
#8547 = ORIENTED_EDGE('',*,*,#6768,.F.);
#8548 = PLANE('',#8549);
#8549 = AXIS2_PLACEMENT_3D('',#8550,#8551,#8552);
#8550 = CARTESIAN_POINT('',(110.7,-96.3,-1.));
#8551 = DIRECTION('',(1.,0.,0.));
#8552 = DIRECTION('',(0.,0.,1.));
#8553 = ADVANCED_FACE('',(#8554),#8565,.F.);
#8554 = FACE_BOUND('',#8555,.F.);
#8555 = EDGE_LOOP('',(#8556,#8562,#8563,#8564));
#8556 = ORIENTED_EDGE('',*,*,#8557,.F.);
#8557 = EDGE_CURVE('',#6176,#6777,#8558,.T.);
#8558 = LINE('',#8559,#8560);
#8559 = CARTESIAN_POINT('',(119.3,-83.7,-1.));
#8560 = VECTOR('',#8561,1.);
#8561 = DIRECTION('',(0.,0.,1.));
#8562 = ORIENTED_EDGE('',*,*,#6175,.T.);
#8563 = ORIENTED_EDGE('',*,*,#8542,.T.);
#8564 = ORIENTED_EDGE('',*,*,#6776,.F.);
#8565 = PLANE('',#8566);
#8566 = AXIS2_PLACEMENT_3D('',#8567,#8568,#8569);
#8567 = CARTESIAN_POINT('',(110.7,-83.7,-1.));
#8568 = DIRECTION('',(0.,1.,0.));
#8569 = DIRECTION('',(0.,0.,1.));
#8570 = ADVANCED_FACE('',(#8571),#8577,.F.);
#8571 = FACE_BOUND('',#8572,.F.);
#8572 = EDGE_LOOP('',(#8573,#8574,#8575,#8576));
#8573 = ORIENTED_EDGE('',*,*,#8518,.F.);
#8574 = ORIENTED_EDGE('',*,*,#6183,.T.);
#8575 = ORIENTED_EDGE('',*,*,#8557,.T.);
#8576 = ORIENTED_EDGE('',*,*,#6784,.F.);
#8577 = PLANE('',#8578);
#8578 = AXIS2_PLACEMENT_3D('',#8579,#8580,#8581);
#8579 = CARTESIAN_POINT('',(119.3,-96.3,-1.));
#8580 = DIRECTION('',(1.,0.,0.));
#8581 = DIRECTION('',(0.,0.,1.));
#8582 = ADVANCED_FACE('',(#8583),#8599,.T.);
#8583 = FACE_BOUND('',#8584,.T.);
#8584 = EDGE_LOOP('',(#8585,#8591,#8592,#8598));
#8585 = ORIENTED_EDGE('',*,*,#8586,.F.);
#8586 = EDGE_CURVE('',#6192,#7423,#8587,.T.);
#8587 = LINE('',#8588,#8589);
#8588 = CARTESIAN_POINT('',(-110.7,83.7,-1.));
#8589 = VECTOR('',#8590,1.);
#8590 = DIRECTION('',(0.,0.,1.));
#8591 = ORIENTED_EDGE('',*,*,#6191,.T.);
#8592 = ORIENTED_EDGE('',*,*,#8593,.T.);
#8593 = EDGE_CURVE('',#6194,#7425,#8594,.T.);
#8594 = LINE('',#8595,#8596);
#8595 = CARTESIAN_POINT('',(-119.3,83.7,-1.));
#8596 = VECTOR('',#8597,1.);
#8597 = DIRECTION('',(0.,0.,1.));
#8598 = ORIENTED_EDGE('',*,*,#7422,.F.);
#8599 = PLANE('',#8600);
#8600 = AXIS2_PLACEMENT_3D('',#8601,#8602,#8603);
#8601 = CARTESIAN_POINT('',(-119.3,83.7,-1.));
#8602 = DIRECTION('',(0.,1.,0.));
#8603 = DIRECTION('',(0.,0.,1.));
#8604 = ADVANCED_FACE('',(#8605),#8616,.T.);
#8605 = FACE_BOUND('',#8606,.T.);
#8606 = EDGE_LOOP('',(#8607,#8608,#8609,#8615));
#8607 = ORIENTED_EDGE('',*,*,#8593,.F.);
#8608 = ORIENTED_EDGE('',*,*,#6201,.T.);
#8609 = ORIENTED_EDGE('',*,*,#8610,.T.);
#8610 = EDGE_CURVE('',#6202,#7433,#8611,.T.);
#8611 = LINE('',#8612,#8613);
#8612 = CARTESIAN_POINT('',(-119.3,96.3,-1.));
#8613 = VECTOR('',#8614,1.);
#8614 = DIRECTION('',(0.,0.,1.));
#8615 = ORIENTED_EDGE('',*,*,#7432,.F.);
#8616 = PLANE('',#8617);
#8617 = AXIS2_PLACEMENT_3D('',#8618,#8619,#8620);
#8618 = CARTESIAN_POINT('',(-119.3,83.7,-1.));
#8619 = DIRECTION('',(1.,0.,0.));
#8620 = DIRECTION('',(0.,0.,1.));
#8621 = ADVANCED_FACE('',(#8622),#8633,.F.);
#8622 = FACE_BOUND('',#8623,.F.);
#8623 = EDGE_LOOP('',(#8624,#8630,#8631,#8632));
#8624 = ORIENTED_EDGE('',*,*,#8625,.F.);
#8625 = EDGE_CURVE('',#6210,#7441,#8626,.T.);
#8626 = LINE('',#8627,#8628);
#8627 = CARTESIAN_POINT('',(-110.7,96.3,-1.));
#8628 = VECTOR('',#8629,1.);
#8629 = DIRECTION('',(0.,0.,1.));
#8630 = ORIENTED_EDGE('',*,*,#6209,.T.);
#8631 = ORIENTED_EDGE('',*,*,#8610,.T.);
#8632 = ORIENTED_EDGE('',*,*,#7440,.F.);
#8633 = PLANE('',#8634);
#8634 = AXIS2_PLACEMENT_3D('',#8635,#8636,#8637);
#8635 = CARTESIAN_POINT('',(-119.3,96.3,-1.));
#8636 = DIRECTION('',(0.,1.,0.));
#8637 = DIRECTION('',(0.,0.,1.));
#8638 = ADVANCED_FACE('',(#8639),#8645,.F.);
#8639 = FACE_BOUND('',#8640,.F.);
#8640 = EDGE_LOOP('',(#8641,#8642,#8643,#8644));
#8641 = ORIENTED_EDGE('',*,*,#8586,.F.);
#8642 = ORIENTED_EDGE('',*,*,#6217,.T.);
#8643 = ORIENTED_EDGE('',*,*,#8625,.T.);
#8644 = ORIENTED_EDGE('',*,*,#7448,.F.);
#8645 = PLANE('',#8646);
#8646 = AXIS2_PLACEMENT_3D('',#8647,#8648,#8649);
#8647 = CARTESIAN_POINT('',(-110.7,83.7,-1.));
#8648 = DIRECTION('',(1.,0.,0.));
#8649 = DIRECTION('',(0.,0.,1.));
#8650 = ADVANCED_FACE('',(#8651),#8667,.T.);
#8651 = FACE_BOUND('',#8652,.T.);
#8652 = EDGE_LOOP('',(#8653,#8659,#8660,#8666));
#8653 = ORIENTED_EDGE('',*,*,#8654,.F.);
#8654 = EDGE_CURVE('',#6226,#6463,#8655,.T.);
#8655 = LINE('',#8656,#8657);
#8656 = CARTESIAN_POINT('',(119.3,83.7,-1.));
#8657 = VECTOR('',#8658,1.);
#8658 = DIRECTION('',(0.,0.,1.));
#8659 = ORIENTED_EDGE('',*,*,#6225,.T.);
#8660 = ORIENTED_EDGE('',*,*,#8661,.T.);
#8661 = EDGE_CURVE('',#6228,#6465,#8662,.T.);
#8662 = LINE('',#8663,#8664);
#8663 = CARTESIAN_POINT('',(110.7,83.7,-1.));
#8664 = VECTOR('',#8665,1.);
#8665 = DIRECTION('',(0.,0.,1.));
#8666 = ORIENTED_EDGE('',*,*,#6462,.F.);
#8667 = PLANE('',#8668);
#8668 = AXIS2_PLACEMENT_3D('',#8669,#8670,#8671);
#8669 = CARTESIAN_POINT('',(110.7,83.7,-1.));
#8670 = DIRECTION('',(0.,1.,0.));
#8671 = DIRECTION('',(0.,0.,1.));
#8672 = ADVANCED_FACE('',(#8673),#8684,.T.);
#8673 = FACE_BOUND('',#8674,.T.);
#8674 = EDGE_LOOP('',(#8675,#8676,#8677,#8683));
#8675 = ORIENTED_EDGE('',*,*,#8661,.F.);
#8676 = ORIENTED_EDGE('',*,*,#6235,.T.);
#8677 = ORIENTED_EDGE('',*,*,#8678,.T.);
#8678 = EDGE_CURVE('',#6236,#6473,#8679,.T.);
#8679 = LINE('',#8680,#8681);
#8680 = CARTESIAN_POINT('',(110.7,96.3,-1.));
#8681 = VECTOR('',#8682,1.);
#8682 = DIRECTION('',(0.,0.,1.));
#8683 = ORIENTED_EDGE('',*,*,#6472,.F.);
#8684 = PLANE('',#8685);
#8685 = AXIS2_PLACEMENT_3D('',#8686,#8687,#8688);
#8686 = CARTESIAN_POINT('',(110.7,83.7,-1.));
#8687 = DIRECTION('',(1.,0.,0.));
#8688 = DIRECTION('',(0.,0.,1.));
#8689 = ADVANCED_FACE('',(#8690),#8701,.F.);
#8690 = FACE_BOUND('',#8691,.F.);
#8691 = EDGE_LOOP('',(#8692,#8698,#8699,#8700));
#8692 = ORIENTED_EDGE('',*,*,#8693,.F.);
#8693 = EDGE_CURVE('',#6244,#6481,#8694,.T.);
#8694 = LINE('',#8695,#8696);
#8695 = CARTESIAN_POINT('',(119.3,96.3,-1.));
#8696 = VECTOR('',#8697,1.);
#8697 = DIRECTION('',(0.,0.,1.));
#8698 = ORIENTED_EDGE('',*,*,#6243,.T.);
#8699 = ORIENTED_EDGE('',*,*,#8678,.T.);
#8700 = ORIENTED_EDGE('',*,*,#6480,.F.);
#8701 = PLANE('',#8702);
#8702 = AXIS2_PLACEMENT_3D('',#8703,#8704,#8705);
#8703 = CARTESIAN_POINT('',(110.7,96.3,-1.));
#8704 = DIRECTION('',(0.,1.,0.));
#8705 = DIRECTION('',(0.,0.,1.));
#8706 = ADVANCED_FACE('',(#8707),#8713,.F.);
#8707 = FACE_BOUND('',#8708,.F.);
#8708 = EDGE_LOOP('',(#8709,#8710,#8711,#8712));
#8709 = ORIENTED_EDGE('',*,*,#8654,.F.);
#8710 = ORIENTED_EDGE('',*,*,#6251,.T.);
#8711 = ORIENTED_EDGE('',*,*,#8693,.T.);
#8712 = ORIENTED_EDGE('',*,*,#6488,.F.);
#8713 = PLANE('',#8714);
#8714 = AXIS2_PLACEMENT_3D('',#8715,#8716,#8717);
#8715 = CARTESIAN_POINT('',(119.3,83.7,-1.));
#8716 = DIRECTION('',(1.,0.,0.));
#8717 = DIRECTION('',(0.,0.,1.));
#8718 = ADVANCED_FACE('',(#8719),#8735,.T.);
#8719 = FACE_BOUND('',#8720,.T.);
#8720 = EDGE_LOOP('',(#8721,#8727,#8728,#8734));
#8721 = ORIENTED_EDGE('',*,*,#8722,.F.);
#8722 = EDGE_CURVE('',#6583,#6284,#8723,.T.);
#8723 = LINE('',#8724,#8725);
#8724 = CARTESIAN_POINT('',(119.3,83.7,-1.));
#8725 = VECTOR('',#8726,1.);
#8726 = DIRECTION('',(0.,0.,1.));
#8727 = ORIENTED_EDGE('',*,*,#6582,.F.);
#8728 = ORIENTED_EDGE('',*,*,#8729,.T.);
#8729 = EDGE_CURVE('',#6575,#6286,#8730,.T.);
#8730 = LINE('',#8731,#8732);
#8731 = CARTESIAN_POINT('',(110.7,83.7,-1.));
#8732 = VECTOR('',#8733,1.);
#8733 = DIRECTION('',(0.,0.,1.));
#8734 = ORIENTED_EDGE('',*,*,#6283,.F.);
#8735 = PLANE('',#8736);
#8736 = AXIS2_PLACEMENT_3D('',#8737,#8738,#8739);
#8737 = CARTESIAN_POINT('',(110.7,83.7,-1.));
#8738 = DIRECTION('',(0.,1.,0.));
#8739 = DIRECTION('',(0.,0.,1.));
#8740 = ADVANCED_FACE('',(#8741),#8753,.T.);
#8741 = FACE_BOUND('',#8742,.T.);
#8742 = EDGE_LOOP('',(#8743,#8744,#8745,#8746,#8752));
#8743 = ORIENTED_EDGE('',*,*,#8729,.F.);
#8744 = ORIENTED_EDGE('',*,*,#6574,.F.);
#8745 = ORIENTED_EDGE('',*,*,#6692,.F.);
#8746 = ORIENTED_EDGE('',*,*,#8747,.T.);
#8747 = EDGE_CURVE('',#6685,#6294,#8748,.T.);
#8748 = LINE('',#8749,#8750);
#8749 = CARTESIAN_POINT('',(110.7,96.3,-1.));
#8750 = VECTOR('',#8751,1.);
#8751 = DIRECTION('',(0.,0.,1.));
#8752 = ORIENTED_EDGE('',*,*,#6293,.F.);
#8753 = PLANE('',#8754);
#8754 = AXIS2_PLACEMENT_3D('',#8755,#8756,#8757);
#8755 = CARTESIAN_POINT('',(110.7,83.7,-1.));
#8756 = DIRECTION('',(1.,0.,0.));
#8757 = DIRECTION('',(0.,0.,1.));
#8758 = ADVANCED_FACE('',(#8759),#8770,.F.);
#8759 = FACE_BOUND('',#8760,.F.);
#8760 = EDGE_LOOP('',(#8761,#8767,#8768,#8769));
#8761 = ORIENTED_EDGE('',*,*,#8762,.F.);
#8762 = EDGE_CURVE('',#6677,#6302,#8763,.T.);
#8763 = LINE('',#8764,#8765);
#8764 = CARTESIAN_POINT('',(119.3,96.3,-1.));
#8765 = VECTOR('',#8766,1.);
#8766 = DIRECTION('',(0.,0.,1.));
#8767 = ORIENTED_EDGE('',*,*,#6684,.F.);
#8768 = ORIENTED_EDGE('',*,*,#8747,.T.);
#8769 = ORIENTED_EDGE('',*,*,#6301,.F.);
#8770 = PLANE('',#8771);
#8771 = AXIS2_PLACEMENT_3D('',#8772,#8773,#8774);
#8772 = CARTESIAN_POINT('',(110.7,96.3,-1.));
#8773 = DIRECTION('',(0.,1.,0.));
#8774 = DIRECTION('',(0.,0.,1.));
#8775 = ADVANCED_FACE('',(#8776),#8783,.F.);
#8776 = FACE_BOUND('',#8777,.F.);
#8777 = EDGE_LOOP('',(#8778,#8779,#8780,#8781,#8782));
#8778 = ORIENTED_EDGE('',*,*,#8722,.F.);
#8779 = ORIENTED_EDGE('',*,*,#6590,.F.);
#8780 = ORIENTED_EDGE('',*,*,#6676,.F.);
#8781 = ORIENTED_EDGE('',*,*,#8762,.T.);
#8782 = ORIENTED_EDGE('',*,*,#6309,.F.);
#8783 = PLANE('',#8784);
#8784 = AXIS2_PLACEMENT_3D('',#8785,#8786,#8787);
#8785 = CARTESIAN_POINT('',(119.3,83.7,-1.));
#8786 = DIRECTION('',(1.,0.,0.));
#8787 = DIRECTION('',(0.,0.,1.));
#8788 = ADVANCED_FACE('',(#8789),#8795,.F.);
#8789 = FACE_BOUND('',#8790,.F.);
#8790 = EDGE_LOOP('',(#8791,#8792,#8793,#8794));
#8791 = ORIENTED_EDGE('',*,*,#8389,.F.);
#8792 = ORIENTED_EDGE('',*,*,#6852,.F.);
#8793 = ORIENTED_EDGE('',*,*,#8424,.T.);
#8794 = ORIENTED_EDGE('',*,*,#6347,.F.);
#8795 = PLANE('',#8796);
#8796 = AXIS2_PLACEMENT_3D('',#8797,#8798,#8799);
#8797 = CARTESIAN_POINT('',(110.7,-83.7,-1.));
#8798 = DIRECTION('',(0.,1.,0.));
#8799 = DIRECTION('',(0.,0.,1.));
#8800 = ADVANCED_FACE('',(#8801),#8808,.T.);
#8801 = FACE_BOUND('',#8802,.T.);
#8802 = EDGE_LOOP('',(#8803,#8804,#8805,#8806,#8807));
#8803 = ORIENTED_EDGE('',*,*,#6444,.T.);
#8804 = ORIENTED_EDGE('',*,*,#6381,.T.);
#8805 = ORIENTED_EDGE('',*,*,#6636,.T.);
#8806 = ORIENTED_EDGE('',*,*,#6558,.T.);
#8807 = ORIENTED_EDGE('',*,*,#6502,.T.);
#8808 = PLANE('',#8809);
#8809 = AXIS2_PLACEMENT_3D('',#8810,#8811,#8812);
#8810 = CARTESIAN_POINT('',(89.6,90.,9.343075305071));
#8811 = DIRECTION('',(1.,0.,0.));
#8812 = DIRECTION('',(0.,0.,1.));
#8813 = ADVANCED_FACE('',(#8814),#8833,.F.);
#8814 = FACE_BOUND('',#8815,.F.);
#8815 = EDGE_LOOP('',(#8816,#8817,#8825,#8831,#8832));
#8816 = ORIENTED_EDGE('',*,*,#6908,.F.);
#8817 = ORIENTED_EDGE('',*,*,#8818,.F.);
#8818 = EDGE_CURVE('',#8819,#6901,#8821,.T.);
#8819 = VERTEX_POINT('',#8820);
#8820 = CARTESIAN_POINT('',(103.5,65.5,8.));
#8821 = LINE('',#8822,#8823);
#8822 = CARTESIAN_POINT('',(103.5,65.5,8.));
#8823 = VECTOR('',#8824,1.);
#8824 = DIRECTION('',(0.,-0.,1.));
#8825 = ORIENTED_EDGE('',*,*,#8826,.T.);
#8826 = EDGE_CURVE('',#8819,#6527,#8827,.T.);
#8827 = LINE('',#8828,#8829);
#8828 = CARTESIAN_POINT('',(103.5,64.,8.));
#8829 = VECTOR('',#8830,1.);
#8830 = DIRECTION('',(0.,1.,0.));
#8831 = ORIENTED_EDGE('',*,*,#6534,.F.);
#8832 = ORIENTED_EDGE('',*,*,#6606,.F.);
#8833 = PLANE('',#8834);
#8834 = AXIS2_PLACEMENT_3D('',#8835,#8836,#8837);
#8835 = CARTESIAN_POINT('',(103.5,64.,8.));
#8836 = DIRECTION('',(1.,0.,0.));
#8837 = DIRECTION('',(0.,0.,1.));
#8838 = ADVANCED_FACE('',(#8839),#8851,.F.);
#8839 = FACE_BOUND('',#8840,.F.);
#8840 = EDGE_LOOP('',(#8841,#8847,#8848,#8849,#8850));
#8841 = ORIENTED_EDGE('',*,*,#8842,.F.);
#8842 = EDGE_CURVE('',#8819,#6950,#8843,.T.);
#8843 = LINE('',#8844,#8845);
#8844 = CARTESIAN_POINT('',(95.8,65.5,8.));
#8845 = VECTOR('',#8846,1.);
#8846 = DIRECTION('',(1.,0.,-0.));
#8847 = ORIENTED_EDGE('',*,*,#8818,.T.);
#8848 = ORIENTED_EDGE('',*,*,#6900,.T.);
#8849 = ORIENTED_EDGE('',*,*,#6932,.T.);
#8850 = ORIENTED_EDGE('',*,*,#6957,.F.);
#8851 = PLANE('',#8852);
#8852 = AXIS2_PLACEMENT_3D('',#8853,#8854,#8855);
#8853 = CARTESIAN_POINT('',(95.8,65.5,8.));
#8854 = DIRECTION('',(-0.,1.,0.));
#8855 = DIRECTION('',(0.,0.,1.));
#8856 = ADVANCED_FACE('',(#8857),#8882,.T.);
#8857 = FACE_BOUND('',#8858,.T.);
#8858 = EDGE_LOOP('',(#8859,#8867,#8875,#8881));
#8859 = ORIENTED_EDGE('',*,*,#8860,.F.);
#8860 = EDGE_CURVE('',#8861,#7031,#8863,.T.);
#8861 = VERTEX_POINT('',#8862);
#8862 = CARTESIAN_POINT('',(100.82032260178,-16.23115502263,3.5));
#8863 = LINE('',#8864,#8865);
#8864 = CARTESIAN_POINT('',(100.82032260178,-16.23115502263,2.8));
#8865 = VECTOR('',#8866,1.);
#8866 = DIRECTION('',(0.,0.,1.));
#8867 = ORIENTED_EDGE('',*,*,#8868,.F.);
#8868 = EDGE_CURVE('',#8869,#8861,#8871,.T.);
#8869 = VERTEX_POINT('',#8870);
#8870 = CARTESIAN_POINT('',(96.437065930184,-16.61464029072,3.5));
#8871 = LINE('',#8872,#8873);
#8872 = CARTESIAN_POINT('',(96.437065930184,-16.61464029072,3.5));
#8873 = VECTOR('',#8874,1.);
#8874 = DIRECTION('',(0.996194698092,8.715574274762E-02,0.));
#8875 = ORIENTED_EDGE('',*,*,#8876,.T.);
#8876 = EDGE_CURVE('',#8869,#7033,#8877,.T.);
#8877 = LINE('',#8878,#8879);
#8878 = CARTESIAN_POINT('',(96.437065930184,-16.61464029072,3.5));
#8879 = VECTOR('',#8880,1.);
#8880 = DIRECTION('',(0.,0.,1.));
#8881 = ORIENTED_EDGE('',*,*,#7030,.F.);
#8882 = PLANE('',#8883);
#8883 = AXIS2_PLACEMENT_3D('',#8884,#8885,#8886);
#8884 = CARTESIAN_POINT('',(98.628694265986,-16.42289765668,6.75));
#8885 = DIRECTION('',(-8.715574274762E-02,0.996194698092,0.));
#8886 = DIRECTION('',(0.996194698092,8.715574274762E-02,0.));
#8887 = ADVANCED_FACE('',(#8888),#8906,.T.);
#8888 = FACE_BOUND('',#8889,.T.);
#8889 = EDGE_LOOP('',(#8890,#8891,#8899,#8905));
#8890 = ORIENTED_EDGE('',*,*,#8876,.F.);
#8891 = ORIENTED_EDGE('',*,*,#8892,.T.);
#8892 = EDGE_CURVE('',#8869,#8893,#8895,.T.);
#8893 = VERTEX_POINT('',#8894);
#8894 = CARTESIAN_POINT('',(96.053580662094,-12.23138361912,3.5));
#8895 = LINE('',#8896,#8897);
#8896 = CARTESIAN_POINT('',(96.437065930184,-16.61464029072,3.5));
#8897 = VECTOR('',#8898,1.);
#8898 = DIRECTION('',(-8.715574274762E-02,0.996194698092,0.));
#8899 = ORIENTED_EDGE('',*,*,#8900,.T.);
#8900 = EDGE_CURVE('',#8893,#7041,#8901,.T.);
#8901 = LINE('',#8902,#8903);
#8902 = CARTESIAN_POINT('',(96.053580662094,-12.23138361912,3.5));
#8903 = VECTOR('',#8904,1.);
#8904 = DIRECTION('',(0.,0.,1.));
#8905 = ORIENTED_EDGE('',*,*,#7040,.F.);
#8906 = PLANE('',#8907);
#8907 = AXIS2_PLACEMENT_3D('',#8908,#8909,#8910);
#8908 = CARTESIAN_POINT('',(96.245323296139,-14.42301195492,6.75));
#8909 = DIRECTION('',(0.996194698092,8.715574274762E-02,0.));
#8910 = DIRECTION('',(-8.715574274762E-02,0.996194698092,0.));
#8911 = ADVANCED_FACE('',(#8912),#8930,.T.);
#8912 = FACE_BOUND('',#8913,.T.);
#8913 = EDGE_LOOP('',(#8914,#8922,#8923,#8924));
#8914 = ORIENTED_EDGE('',*,*,#8915,.T.);
#8915 = EDGE_CURVE('',#8916,#7049,#8918,.T.);
#8916 = VERTEX_POINT('',#8917);
#8917 = CARTESIAN_POINT('',(100.43683733369,-11.84789835103,3.5));
#8918 = LINE('',#8919,#8920);
#8919 = CARTESIAN_POINT('',(100.43683733369,-11.84789835103,2.8));
#8920 = VECTOR('',#8921,1.);
#8921 = DIRECTION('',(0.,0.,1.));
#8922 = ORIENTED_EDGE('',*,*,#7048,.T.);
#8923 = ORIENTED_EDGE('',*,*,#8900,.F.);
#8924 = ORIENTED_EDGE('',*,*,#8925,.T.);
#8925 = EDGE_CURVE('',#8893,#8916,#8926,.T.);
#8926 = LINE('',#8927,#8928);
#8927 = CARTESIAN_POINT('',(96.053580662094,-12.23138361912,3.5));
#8928 = VECTOR('',#8929,1.);
#8929 = DIRECTION('',(0.996194698092,8.715574274762E-02,0.));
#8930 = PLANE('',#8931);
#8931 = AXIS2_PLACEMENT_3D('',#8932,#8933,#8934);
#8932 = CARTESIAN_POINT('',(98.245208997896,-12.03964098507,6.75));
#8933 = DIRECTION('',(8.715574274762E-02,-0.996194698092,0.));
#8934 = DIRECTION('',(-0.996194698092,-8.715574274762E-02,0.));
#8935 = ADVANCED_FACE('',(#8936),#8947,.T.);
#8936 = FACE_BOUND('',#8937,.T.);
#8937 = EDGE_LOOP('',(#8938,#8939,#8940,#8941));
#8938 = ORIENTED_EDGE('',*,*,#8860,.T.);
#8939 = ORIENTED_EDGE('',*,*,#7056,.T.);
#8940 = ORIENTED_EDGE('',*,*,#8915,.F.);
#8941 = ORIENTED_EDGE('',*,*,#8942,.F.);
#8942 = EDGE_CURVE('',#8861,#8916,#8943,.T.);
#8943 = LINE('',#8944,#8945);
#8944 = CARTESIAN_POINT('',(100.82032260178,-16.23115502263,3.5));
#8945 = VECTOR('',#8946,1.);
#8946 = DIRECTION('',(-8.715574274762E-02,0.996194698092,0.));
#8947 = PLANE('',#8948);
#8948 = AXIS2_PLACEMENT_3D('',#8949,#8950,#8951);
#8949 = CARTESIAN_POINT('',(100.62857996774,-14.03952668683,6.75));
#8950 = DIRECTION('',(-0.996194698092,-8.715574274762E-02,-0.));
#8951 = DIRECTION('',(8.715574274762E-02,-0.996194698092,0.));
#8952 = ADVANCED_FACE('',(#8953),#8978,.T.);
#8953 = FACE_BOUND('',#8954,.T.);
#8954 = EDGE_LOOP('',(#8955,#8963,#8971,#8977));
#8955 = ORIENTED_EDGE('',*,*,#8956,.F.);
#8956 = EDGE_CURVE('',#8957,#7065,#8959,.T.);
#8957 = VERTEX_POINT('',#8958);
#8958 = CARTESIAN_POINT('',(108.39140230728,-15.56877137775,3.5));
#8959 = LINE('',#8960,#8961);
#8960 = CARTESIAN_POINT('',(108.39140230728,-15.56877137775,2.8));
#8961 = VECTOR('',#8962,1.);
#8962 = DIRECTION('',(0.,0.,1.));
#8963 = ORIENTED_EDGE('',*,*,#8964,.F.);
#8964 = EDGE_CURVE('',#8965,#8957,#8967,.T.);
#8965 = VERTEX_POINT('',#8966);
#8966 = CARTESIAN_POINT('',(104.00814563568,-15.95225664584,3.5));
#8967 = LINE('',#8968,#8969);
#8968 = CARTESIAN_POINT('',(104.00814563568,-15.95225664584,3.5));
#8969 = VECTOR('',#8970,1.);
#8970 = DIRECTION('',(0.996194698092,8.715574274762E-02,0.));
#8971 = ORIENTED_EDGE('',*,*,#8972,.T.);
#8972 = EDGE_CURVE('',#8965,#7067,#8973,.T.);
#8973 = LINE('',#8974,#8975);
#8974 = CARTESIAN_POINT('',(104.00814563568,-15.95225664584,3.5));
#8975 = VECTOR('',#8976,1.);
#8976 = DIRECTION('',(0.,0.,1.));
#8977 = ORIENTED_EDGE('',*,*,#7064,.F.);
#8978 = PLANE('',#8979);
#8979 = AXIS2_PLACEMENT_3D('',#8980,#8981,#8982);
#8980 = CARTESIAN_POINT('',(106.19977397148,-15.76051401179,6.75));
#8981 = DIRECTION('',(-8.715574274762E-02,0.996194698092,0.));
#8982 = DIRECTION('',(0.996194698092,8.715574274762E-02,0.));
#8983 = ADVANCED_FACE('',(#8984),#9002,.T.);
#8984 = FACE_BOUND('',#8985,.T.);
#8985 = EDGE_LOOP('',(#8986,#8987,#8995,#9001));
#8986 = ORIENTED_EDGE('',*,*,#8972,.F.);
#8987 = ORIENTED_EDGE('',*,*,#8988,.T.);
#8988 = EDGE_CURVE('',#8965,#8989,#8991,.T.);
#8989 = VERTEX_POINT('',#8990);
#8990 = CARTESIAN_POINT('',(103.62466036759,-11.56899997423,3.5));
#8991 = LINE('',#8992,#8993);
#8992 = CARTESIAN_POINT('',(104.00814563568,-15.95225664584,3.5));
#8993 = VECTOR('',#8994,1.);
#8994 = DIRECTION('',(-8.715574274762E-02,0.996194698092,0.));
#8995 = ORIENTED_EDGE('',*,*,#8996,.T.);
#8996 = EDGE_CURVE('',#8989,#7075,#8997,.T.);
#8997 = LINE('',#8998,#8999);
#8998 = CARTESIAN_POINT('',(103.62466036759,-11.56899997423,2.8));
#8999 = VECTOR('',#9000,1.);
#9000 = DIRECTION('',(0.,0.,1.));
#9001 = ORIENTED_EDGE('',*,*,#7074,.F.);
#9002 = PLANE('',#9003);
#9003 = AXIS2_PLACEMENT_3D('',#9004,#9005,#9006);
#9004 = CARTESIAN_POINT('',(103.81640300163,-13.76062831004,6.75));
#9005 = DIRECTION('',(0.996194698092,8.715574274762E-02,0.));
#9006 = DIRECTION('',(-8.715574274762E-02,0.996194698092,0.));
#9007 = ADVANCED_FACE('',(#9008),#9026,.T.);
#9008 = FACE_BOUND('',#9009,.T.);
#9009 = EDGE_LOOP('',(#9010,#9011,#9012,#9020));
#9010 = ORIENTED_EDGE('',*,*,#7082,.T.);
#9011 = ORIENTED_EDGE('',*,*,#8996,.F.);
#9012 = ORIENTED_EDGE('',*,*,#9013,.T.);
#9013 = EDGE_CURVE('',#8989,#9014,#9016,.T.);
#9014 = VERTEX_POINT('',#9015);
#9015 = CARTESIAN_POINT('',(108.00791703919,-11.18551470614,3.5));
#9016 = LINE('',#9017,#9018);
#9017 = CARTESIAN_POINT('',(103.62466036759,-11.56899997423,3.5));
#9018 = VECTOR('',#9019,1.);
#9019 = DIRECTION('',(0.996194698092,8.715574274762E-02,0.));
#9020 = ORIENTED_EDGE('',*,*,#9021,.T.);
#9021 = EDGE_CURVE('',#9014,#7083,#9022,.T.);
#9022 = LINE('',#9023,#9024);
#9023 = CARTESIAN_POINT('',(108.00791703919,-11.18551470614,3.5));
#9024 = VECTOR('',#9025,1.);
#9025 = DIRECTION('',(0.,0.,1.));
#9026 = PLANE('',#9027);
#9027 = AXIS2_PLACEMENT_3D('',#9028,#9029,#9030);
#9028 = CARTESIAN_POINT('',(105.81628870339,-11.37725734019,6.75));
#9029 = DIRECTION('',(8.715574274762E-02,-0.996194698092,0.));
#9030 = DIRECTION('',(-0.996194698092,-8.715574274762E-02,0.));
#9031 = ADVANCED_FACE('',(#9032),#9043,.T.);
#9032 = FACE_BOUND('',#9033,.T.);
#9033 = EDGE_LOOP('',(#9034,#9035,#9036,#9037));
#9034 = ORIENTED_EDGE('',*,*,#8956,.T.);
#9035 = ORIENTED_EDGE('',*,*,#7090,.T.);
#9036 = ORIENTED_EDGE('',*,*,#9021,.F.);
#9037 = ORIENTED_EDGE('',*,*,#9038,.F.);
#9038 = EDGE_CURVE('',#8957,#9014,#9039,.T.);
#9039 = LINE('',#9040,#9041);
#9040 = CARTESIAN_POINT('',(108.39140230728,-15.56877137775,3.5));
#9041 = VECTOR('',#9042,1.);
#9042 = DIRECTION('',(-8.715574274762E-02,0.996194698092,0.));
#9043 = PLANE('',#9044);
#9044 = AXIS2_PLACEMENT_3D('',#9045,#9046,#9047);
#9045 = CARTESIAN_POINT('',(108.19965967324,-13.37714304195,6.75));
#9046 = DIRECTION('',(-0.996194698092,-8.715574274762E-02,-0.));
#9047 = DIRECTION('',(8.715574274762E-02,-0.996194698092,0.));
#9048 = ADVANCED_FACE('',(#9049),#9055,.F.);
#9049 = FACE_BOUND('',#9050,.F.);
#9050 = EDGE_LOOP('',(#9051,#9052,#9053,#9054));
#9051 = ORIENTED_EDGE('',*,*,#8244,.F.);
#9052 = ORIENTED_EDGE('',*,*,#7827,.F.);
#9053 = ORIENTED_EDGE('',*,*,#8279,.T.);
#9054 = ORIENTED_EDGE('',*,*,#7282,.F.);
#9055 = PLANE('',#9056);
#9056 = AXIS2_PLACEMENT_3D('',#9057,#9058,#9059);
#9057 = CARTESIAN_POINT('',(-119.3,-83.7,-1.));
#9058 = DIRECTION('',(0.,1.,0.));
#9059 = DIRECTION('',(0.,0.,1.));
#9060 = ADVANCED_FACE('',(#9061),#9077,.T.);
#9061 = FACE_BOUND('',#9062,.T.);
#9062 = EDGE_LOOP('',(#9063,#9069,#9070,#9076));
#9063 = ORIENTED_EDGE('',*,*,#9064,.F.);
#9064 = EDGE_CURVE('',#7616,#7311,#9065,.T.);
#9065 = LINE('',#9066,#9067);
#9066 = CARTESIAN_POINT('',(-110.7,83.7,-1.));
#9067 = VECTOR('',#9068,1.);
#9068 = DIRECTION('',(0.,0.,1.));
#9069 = ORIENTED_EDGE('',*,*,#7615,.F.);
#9070 = ORIENTED_EDGE('',*,*,#9071,.T.);
#9071 = EDGE_CURVE('',#7608,#7313,#9072,.T.);
#9072 = LINE('',#9073,#9074);
#9073 = CARTESIAN_POINT('',(-119.3,83.7,-1.));
#9074 = VECTOR('',#9075,1.);
#9075 = DIRECTION('',(0.,0.,1.));
#9076 = ORIENTED_EDGE('',*,*,#7310,.F.);
#9077 = PLANE('',#9078);
#9078 = AXIS2_PLACEMENT_3D('',#9079,#9080,#9081);
#9079 = CARTESIAN_POINT('',(-119.3,83.7,-1.));
#9080 = DIRECTION('',(0.,1.,0.));
#9081 = DIRECTION('',(0.,0.,1.));
#9082 = ADVANCED_FACE('',(#9083),#9095,.T.);
#9083 = FACE_BOUND('',#9084,.T.);
#9084 = EDGE_LOOP('',(#9085,#9086,#9087,#9088,#9094));
#9085 = ORIENTED_EDGE('',*,*,#9071,.F.);
#9086 = ORIENTED_EDGE('',*,*,#7607,.F.);
#9087 = ORIENTED_EDGE('',*,*,#7583,.F.);
#9088 = ORIENTED_EDGE('',*,*,#9089,.T.);
#9089 = EDGE_CURVE('',#7576,#7321,#9090,.T.);
#9090 = LINE('',#9091,#9092);
#9091 = CARTESIAN_POINT('',(-119.3,96.3,-1.));
#9092 = VECTOR('',#9093,1.);
#9093 = DIRECTION('',(0.,0.,1.));
#9094 = ORIENTED_EDGE('',*,*,#7320,.F.);
#9095 = PLANE('',#9096);
#9096 = AXIS2_PLACEMENT_3D('',#9097,#9098,#9099);
#9097 = CARTESIAN_POINT('',(-119.3,83.7,-1.));
#9098 = DIRECTION('',(1.,0.,0.));
#9099 = DIRECTION('',(0.,0.,1.));
#9100 = ADVANCED_FACE('',(#9101),#9112,.F.);
#9101 = FACE_BOUND('',#9102,.F.);
#9102 = EDGE_LOOP('',(#9103,#9109,#9110,#9111));
#9103 = ORIENTED_EDGE('',*,*,#9104,.F.);
#9104 = EDGE_CURVE('',#7568,#7329,#9105,.T.);
#9105 = LINE('',#9106,#9107);
#9106 = CARTESIAN_POINT('',(-110.7,96.3,-1.));
#9107 = VECTOR('',#9108,1.);
#9108 = DIRECTION('',(0.,0.,1.));
#9109 = ORIENTED_EDGE('',*,*,#7575,.F.);
#9110 = ORIENTED_EDGE('',*,*,#9089,.T.);
#9111 = ORIENTED_EDGE('',*,*,#7328,.F.);
#9112 = PLANE('',#9113);
#9113 = AXIS2_PLACEMENT_3D('',#9114,#9115,#9116);
#9114 = CARTESIAN_POINT('',(-119.3,96.3,-1.));
#9115 = DIRECTION('',(0.,1.,0.));
#9116 = DIRECTION('',(0.,0.,1.));
#9117 = ADVANCED_FACE('',(#9118),#9125,.F.);
#9118 = FACE_BOUND('',#9119,.F.);
#9119 = EDGE_LOOP('',(#9120,#9121,#9122,#9123,#9124));
#9120 = ORIENTED_EDGE('',*,*,#9064,.F.);
#9121 = ORIENTED_EDGE('',*,*,#7623,.F.);
#9122 = ORIENTED_EDGE('',*,*,#7567,.F.);
#9123 = ORIENTED_EDGE('',*,*,#9104,.T.);
#9124 = ORIENTED_EDGE('',*,*,#7336,.F.);
#9125 = PLANE('',#9126);
#9126 = AXIS2_PLACEMENT_3D('',#9127,#9128,#9129);
#9127 = CARTESIAN_POINT('',(-110.7,83.7,-1.));
#9128 = DIRECTION('',(1.,0.,0.));
#9129 = DIRECTION('',(0.,0.,1.));
#9130 = ADVANCED_FACE('',(#9131),#9138,.F.);
#9131 = FACE_BOUND('',#9132,.F.);
#9132 = EDGE_LOOP('',(#9133,#9134,#9135,#9136,#9137));
#9133 = ORIENTED_EDGE('',*,*,#7406,.T.);
#9134 = ORIENTED_EDGE('',*,*,#7464,.T.);
#9135 = ORIENTED_EDGE('',*,*,#7551,.T.);
#9136 = ORIENTED_EDGE('',*,*,#7630,.T.);
#9137 = ORIENTED_EDGE('',*,*,#7382,.T.);
#9138 = PLANE('',#9139);
#9139 = AXIS2_PLACEMENT_3D('',#9140,#9141,#9142);
#9140 = CARTESIAN_POINT('',(-89.6,90.,9.343075305071));
#9141 = DIRECTION('',(1.,0.,0.));
#9142 = DIRECTION('',(0.,0.,1.));
#9143 = ADVANCED_FACE('',(#9144),#9150,.T.);
#9144 = FACE_BOUND('',#9145,.T.);
#9145 = EDGE_LOOP('',(#9146,#9147,#9148,#9149));
#9146 = ORIENTED_EDGE('',*,*,#8892,.F.);
#9147 = ORIENTED_EDGE('',*,*,#8868,.T.);
#9148 = ORIENTED_EDGE('',*,*,#8942,.T.);
#9149 = ORIENTED_EDGE('',*,*,#8925,.F.);
#9150 = PLANE('',#9151);
#9151 = AXIS2_PLACEMENT_3D('',#9152,#9153,#9154);
#9152 = CARTESIAN_POINT('',(96.437065930184,-16.61464029072,3.5));
#9153 = DIRECTION('',(0.,0.,1.));
#9154 = DIRECTION('',(0.996194698092,8.715574274762E-02,0.));
#9155 = ADVANCED_FACE('',(#9156),#9162,.T.);
#9156 = FACE_BOUND('',#9157,.T.);
#9157 = EDGE_LOOP('',(#9158,#9159,#9160,#9161));
#9158 = ORIENTED_EDGE('',*,*,#8988,.F.);
#9159 = ORIENTED_EDGE('',*,*,#8964,.T.);
#9160 = ORIENTED_EDGE('',*,*,#9038,.T.);
#9161 = ORIENTED_EDGE('',*,*,#9013,.F.);
#9162 = PLANE('',#9163);
#9163 = AXIS2_PLACEMENT_3D('',#9164,#9165,#9166);
#9164 = CARTESIAN_POINT('',(104.00814563568,-15.95225664584,3.5));
#9165 = DIRECTION('',(0.,0.,1.));
#9166 = DIRECTION('',(0.996194698092,8.715574274762E-02,0.));
#9167 = ADVANCED_FACE('',(#9168),#9179,.T.);
#9168 = FACE_BOUND('',#9169,.T.);
#9169 = EDGE_LOOP('',(#9170,#9171,#9172,#9173,#9174,#9175,#9176,#9177,
    #9178));
#9170 = ORIENTED_EDGE('',*,*,#2531,.F.);
#9171 = ORIENTED_EDGE('',*,*,#3826,.T.);
#9172 = ORIENTED_EDGE('',*,*,#6949,.T.);
#9173 = ORIENTED_EDGE('',*,*,#8842,.F.);
#9174 = ORIENTED_EDGE('',*,*,#8826,.T.);
#9175 = ORIENTED_EDGE('',*,*,#6526,.T.);
#9176 = ORIENTED_EDGE('',*,*,#7133,.F.);
#9177 = ORIENTED_EDGE('',*,*,#7104,.F.);
#9178 = ORIENTED_EDGE('',*,*,#4061,.F.);
#9179 = PLANE('',#9180);
#9180 = AXIS2_PLACEMENT_3D('',#9181,#9182,#9183);
#9181 = CARTESIAN_POINT('',(99.604852798213,70.035925686248,8.));
#9182 = DIRECTION('',(0.,0.,1.));
#9183 = DIRECTION('',(1.,0.,-0.));
#9184 = ( GEOMETRIC_REPRESENTATION_CONTEXT(3) 
GLOBAL_UNCERTAINTY_ASSIGNED_CONTEXT((#9188)) 
GLOBAL_UNIT_ASSIGNED_CONTEXT((#9185,#9186,#9187)) REPRESENTATION_CONTEXT
('Context #1','3D Context with UNIT and UNCERTAINTY') );
#9185 = ( LENGTH_UNIT() NAMED_UNIT(*) SI_UNIT(.MILLI.,.METRE.) );
#9186 = ( NAMED_UNIT(*) PLANE_ANGLE_UNIT() SI_UNIT($,.RADIAN.) );
#9187 = ( NAMED_UNIT(*) SI_UNIT($,.STERADIAN.) SOLID_ANGLE_UNIT() );
#9188 = UNCERTAINTY_MEASURE_WITH_UNIT(LENGTH_MEASURE(2.E-07),#9185,
  'distance_accuracy_value','confusion accuracy');
#9189 = PRODUCT_RELATED_PRODUCT_CATEGORY('part',$,(#7));
ENDSEC;
END-ISO-10303-21;
