ISO-10303-21;
HEADER;
FILE_DESCRIPTION(('FreeCAD Model'),'2;1');
FILE_NAME('Open CASCADE Shape Model','2026-09-20T14:47:26',('FreeCAD'),(
    'FreeCAD'),'Open CASCADE STEP processor 7.8','FreeCAD','Unknown');
FILE_SCHEMA(('AUTOMOTIVE_DESIGN { 1 0 10303 214 1 1 1 1 }'));
ENDSEC;
DATA;
#1 = APPLICATION_PROTOCOL_DEFINITION('international standard',
  'automotive_design',2000,#2);
#2 = APPLICATION_CONTEXT(
  'core data for automotive mechanical design processes');
#3 = SHAPE_DEFINITION_REPRESENTATION(#4,#10);
#4 = PRODUCT_DEFINITION_SHAPE('','',#5);
#5 = PRODUCT_DEFINITION('design','',#6,#9);
#6 = PRODUCT_DEFINITION_FORMATION('','',#7);
#7 = PRODUCT('Open CASCADE STEP translator 7.8 2',
  'Open CASCADE STEP translator 7.8 2','',(#8));
#8 = PRODUCT_CONTEXT('',#2,'mechanical');
#9 = PRODUCT_DEFINITION_CONTEXT('part definition',#2,'design');
#10 = ADVANCED_BREP_SHAPE_REPRESENTATION('',(#11,#15),#4877);
#11 = AXIS2_PLACEMENT_3D('',#12,#13,#14);
#12 = CARTESIAN_POINT('',(0.,0.,0.));
#13 = DIRECTION('',(0.,0.,1.));
#14 = DIRECTION('',(1.,0.,-0.));
#15 = MANIFOLD_SOLID_BREP('',#16);
#16 = CLOSED_SHELL('',(#17,#57,#88,#112,#338,#355,#422,#446,#502,#542,
    #558,#575,#623,#735,#766,#824,#864,#942,#966,#1709,#1733,#1757,#1774
    ,#1791,#1838,#1925,#2012,#2043,#2094,#2111,#2128,#2161,#2185,#2211,
    #2235,#2275,#2299,#2327,#2338,#2361,#2378,#2396,#2409,#2431,#2448,
    #2465,#2482,#2494,#2506,#2541,#2565,#2589,#2606,#2630,#2670,#2694,
    #2718,#2742,#2766,#2790,#2814,#2838,#2862,#2886,#2910,#2934,#2958,
    #2982,#3006,#3030,#3054,#3078,#3102,#3126,#3150,#3174,#3198,#3222,
    #3246,#3270,#3294,#3318,#3342,#3366,#3390,#3414,#3438,#3462,#3486,
    #3510,#3534,#3558,#3582,#3606,#3630,#3654,#3678,#3702,#3726,#3750,
    #3774,#3798,#3822,#3846,#3870,#3894,#3918,#3942,#3966,#3990,#4014,
    #4038,#4062,#4086,#4110,#4134,#4158,#4182,#4206,#4230,#4254,#4278,
    #4318,#4342,#4366,#4390,#4421,#4445,#4469,#4493,#4517,#4541,#4558,
    #4580,#4593,#4610,#4627,#4644,#4656,#4679,#4696,#4714,#4726,#4821,
    #4840,#4852,#4864));
#17 = ADVANCED_FACE('',(#18),#52,.F.);
#18 = FACE_BOUND('',#19,.F.);
#19 = EDGE_LOOP('',(#20,#30,#38,#46));
#20 = ORIENTED_EDGE('',*,*,#21,.F.);
#21 = EDGE_CURVE('',#22,#24,#26,.T.);
#22 = VERTEX_POINT('',#23);
#23 = CARTESIAN_POINT('',(-340.,-147.5,0.));
#24 = VERTEX_POINT('',#25);
#25 = CARTESIAN_POINT('',(-340.,147.5,0.));
#26 = LINE('',#27,#28);
#27 = CARTESIAN_POINT('',(-340.,-147.5,0.));
#28 = VECTOR('',#29,1.);
#29 = DIRECTION('',(0.,1.,0.));
#30 = ORIENTED_EDGE('',*,*,#31,.T.);
#31 = EDGE_CURVE('',#22,#32,#34,.T.);
#32 = VERTEX_POINT('',#33);
#33 = CARTESIAN_POINT('',(-140.,-147.5,0.));
#34 = LINE('',#35,#36);
#35 = CARTESIAN_POINT('',(-340.,-147.5,0.));
#36 = VECTOR('',#37,1.);
#37 = DIRECTION('',(1.,0.,0.));
#38 = ORIENTED_EDGE('',*,*,#39,.T.);
#39 = EDGE_CURVE('',#32,#40,#42,.T.);
#40 = VERTEX_POINT('',#41);
#41 = CARTESIAN_POINT('',(-140.,147.5,0.));
#42 = LINE('',#43,#44);
#43 = CARTESIAN_POINT('',(-140.,-147.5,0.));
#44 = VECTOR('',#45,1.);
#45 = DIRECTION('',(0.,1.,0.));
#46 = ORIENTED_EDGE('',*,*,#47,.F.);
#47 = EDGE_CURVE('',#24,#40,#48,.T.);
#48 = LINE('',#49,#50);
#49 = CARTESIAN_POINT('',(-340.,147.5,0.));
#50 = VECTOR('',#51,1.);
#51 = DIRECTION('',(1.,0.,0.));
#52 = PLANE('',#53);
#53 = AXIS2_PLACEMENT_3D('',#54,#55,#56);
#54 = CARTESIAN_POINT('',(-340.,-147.5,0.));
#55 = DIRECTION('',(0.,0.,1.));
#56 = DIRECTION('',(1.,0.,0.));
#57 = ADVANCED_FACE('',(#58),#83,.T.);
#58 = FACE_BOUND('',#59,.T.);
#59 = EDGE_LOOP('',(#60,#68,#76,#82));
#60 = ORIENTED_EDGE('',*,*,#61,.T.);
#61 = EDGE_CURVE('',#22,#62,#64,.T.);
#62 = VERTEX_POINT('',#63);
#63 = CARTESIAN_POINT('',(-340.,-147.5,14.));
#64 = LINE('',#65,#66);
#65 = CARTESIAN_POINT('',(-340.,-147.5,0.));
#66 = VECTOR('',#67,1.);
#67 = DIRECTION('',(0.,0.,1.));
#68 = ORIENTED_EDGE('',*,*,#69,.T.);
#69 = EDGE_CURVE('',#62,#70,#72,.T.);
#70 = VERTEX_POINT('',#71);
#71 = CARTESIAN_POINT('',(-340.,147.5,14.));
#72 = LINE('',#73,#74);
#73 = CARTESIAN_POINT('',(-340.,-147.5,14.));
#74 = VECTOR('',#75,1.);
#75 = DIRECTION('',(0.,1.,0.));
#76 = ORIENTED_EDGE('',*,*,#77,.F.);
#77 = EDGE_CURVE('',#24,#70,#78,.T.);
#78 = LINE('',#79,#80);
#79 = CARTESIAN_POINT('',(-340.,147.5,4.));
#80 = VECTOR('',#81,1.);
#81 = DIRECTION('',(0.,0.,1.));
#82 = ORIENTED_EDGE('',*,*,#21,.F.);
#83 = PLANE('',#84);
#84 = AXIS2_PLACEMENT_3D('',#85,#86,#87);
#85 = CARTESIAN_POINT('',(-340.,0.,7.));
#86 = DIRECTION('',(-1.,-0.,-0.));
#87 = DIRECTION('',(0.,0.,-1.));
#88 = ADVANCED_FACE('',(#89),#107,.T.);
#89 = FACE_BOUND('',#90,.T.);
#90 = EDGE_LOOP('',(#91,#92,#100,#106));
#91 = ORIENTED_EDGE('',*,*,#31,.T.);
#92 = ORIENTED_EDGE('',*,*,#93,.T.);
#93 = EDGE_CURVE('',#32,#94,#96,.T.);
#94 = VERTEX_POINT('',#95);
#95 = CARTESIAN_POINT('',(-140.,-147.5,14.));
#96 = LINE('',#97,#98);
#97 = CARTESIAN_POINT('',(-140.,-147.5,0.));
#98 = VECTOR('',#99,1.);
#99 = DIRECTION('',(0.,0.,1.));
#100 = ORIENTED_EDGE('',*,*,#101,.F.);
#101 = EDGE_CURVE('',#62,#94,#102,.T.);
#102 = LINE('',#103,#104);
#103 = CARTESIAN_POINT('',(-340.,-147.5,14.));
#104 = VECTOR('',#105,1.);
#105 = DIRECTION('',(1.,0.,0.));
#106 = ORIENTED_EDGE('',*,*,#61,.F.);
#107 = PLANE('',#108);
#108 = AXIS2_PLACEMENT_3D('',#109,#110,#111);
#109 = CARTESIAN_POINT('',(-240.,-147.5,7.));
#110 = DIRECTION('',(-0.,-1.,-0.));
#111 = DIRECTION('',(0.,0.,-1.));
#112 = ADVANCED_FACE('',(#113,#291),#333,.T.);
#113 = FACE_BOUND('',#114,.T.);
#114 = EDGE_LOOP('',(#115,#116,#117,#125,#133,#141,#149,#157,#165,#173,
    #181,#189,#197,#205,#213,#221,#229,#237,#245,#253,#261,#269,#277,
    #285));
#115 = ORIENTED_EDGE('',*,*,#93,.F.);
#116 = ORIENTED_EDGE('',*,*,#39,.T.);
#117 = ORIENTED_EDGE('',*,*,#118,.T.);
#118 = EDGE_CURVE('',#40,#119,#121,.T.);
#119 = VERTEX_POINT('',#120);
#120 = CARTESIAN_POINT('',(-140.,147.5,14.));
#121 = LINE('',#122,#123);
#122 = CARTESIAN_POINT('',(-140.,147.5,4.));
#123 = VECTOR('',#124,1.);
#124 = DIRECTION('',(0.,0.,1.));
#125 = ORIENTED_EDGE('',*,*,#126,.F.);
#126 = EDGE_CURVE('',#127,#119,#129,.T.);
#127 = VERTEX_POINT('',#128);
#128 = CARTESIAN_POINT('',(-140.,139.5,14.));
#129 = LINE('',#130,#131);
#130 = CARTESIAN_POINT('',(-140.,139.5,14.));
#131 = VECTOR('',#132,1.);
#132 = DIRECTION('',(0.,1.,0.));
#133 = ORIENTED_EDGE('',*,*,#134,.F.);
#134 = EDGE_CURVE('',#135,#127,#137,.T.);
#135 = VERTEX_POINT('',#136);
#136 = CARTESIAN_POINT('',(-140.,139.5,4.));
#137 = LINE('',#138,#139);
#138 = CARTESIAN_POINT('',(-140.,139.5,4.));
#139 = VECTOR('',#140,1.);
#140 = DIRECTION('',(0.,0.,1.));
#141 = ORIENTED_EDGE('',*,*,#142,.F.);
#142 = EDGE_CURVE('',#143,#135,#145,.T.);
#143 = VERTEX_POINT('',#144);
#144 = CARTESIAN_POINT('',(-140.,115.,4.));
#145 = LINE('',#146,#147);
#146 = CARTESIAN_POINT('',(-140.,-147.5,4.));
#147 = VECTOR('',#148,1.);
#148 = DIRECTION('',(0.,1.,0.));
#149 = ORIENTED_EDGE('',*,*,#150,.T.);
#150 = EDGE_CURVE('',#143,#151,#153,.T.);
#151 = VERTEX_POINT('',#152);
#152 = CARTESIAN_POINT('',(-140.,115.,24.));
#153 = LINE('',#154,#155);
#154 = CARTESIAN_POINT('',(-140.,115.,4.));
#155 = VECTOR('',#156,1.);
#156 = DIRECTION('',(0.,0.,1.));
#157 = ORIENTED_EDGE('',*,*,#158,.F.);
#158 = EDGE_CURVE('',#159,#151,#161,.T.);
#159 = VERTEX_POINT('',#160);
#160 = CARTESIAN_POINT('',(-140.,99.031694510383,24.));
#161 = LINE('',#162,#163);
#162 = CARTESIAN_POINT('',(-140.,65.,24.));
#163 = VECTOR('',#164,1.);
#164 = DIRECTION('',(0.,1.,0.));
#165 = ORIENTED_EDGE('',*,*,#166,.T.);
#166 = EDGE_CURVE('',#159,#167,#169,.T.);
#167 = VERTEX_POINT('',#168);
#168 = CARTESIAN_POINT('',(-140.,99.031694510383,17.6));
#169 = LINE('',#170,#171);
#170 = CARTESIAN_POINT('',(-140.,99.031694510383,12.167688022284));
#171 = VECTOR('',#172,1.);
#172 = DIRECTION('',(0.,0.,-1.));
#173 = ORIENTED_EDGE('',*,*,#174,.T.);
#174 = EDGE_CURVE('',#167,#175,#177,.T.);
#175 = VERTEX_POINT('',#176);
#176 = CARTESIAN_POINT('',(-140.,92.4,17.6));
#177 = LINE('',#178,#179);
#178 = CARTESIAN_POINT('',(-140.,14.584778301514,17.6));
#179 = VECTOR('',#180,1.);
#180 = DIRECTION('',(0.,-1.,0.));
#181 = ORIENTED_EDGE('',*,*,#182,.F.);
#182 = EDGE_CURVE('',#183,#175,#185,.T.);
#183 = VERTEX_POINT('',#184);
#184 = CARTESIAN_POINT('',(-140.,102.,8.));
#185 = LINE('',#186,#187);
#186 = CARTESIAN_POINT('',(-140.,93.75,16.25));
#187 = VECTOR('',#188,1.);
#188 = DIRECTION('',(0.,-0.707106781187,0.707106781187));
#189 = ORIENTED_EDGE('',*,*,#190,.F.);
#190 = EDGE_CURVE('',#191,#183,#193,.T.);
#191 = VERTEX_POINT('',#192);
#192 = CARTESIAN_POINT('',(-140.,102.,4.));
#193 = LINE('',#194,#195);
#194 = CARTESIAN_POINT('',(-140.,102.,4.));
#195 = VECTOR('',#196,1.);
#196 = DIRECTION('',(0.,0.,1.));
#197 = ORIENTED_EDGE('',*,*,#198,.F.);
#198 = EDGE_CURVE('',#199,#191,#201,.T.);
#199 = VERTEX_POINT('',#200);
#200 = CARTESIAN_POINT('',(-140.,78.,4.));
#201 = LINE('',#202,#203);
#202 = CARTESIAN_POINT('',(-140.,-147.5,4.));
#203 = VECTOR('',#204,1.);
#204 = DIRECTION('',(0.,1.,0.));
#205 = ORIENTED_EDGE('',*,*,#206,.F.);
#206 = EDGE_CURVE('',#207,#199,#209,.T.);
#207 = VERTEX_POINT('',#208);
#208 = CARTESIAN_POINT('',(-140.,78.,8.));
#209 = LINE('',#210,#211);
#210 = CARTESIAN_POINT('',(-140.,78.,6.));
#211 = VECTOR('',#212,1.);
#212 = DIRECTION('',(0.,0.,-1.));
#213 = ORIENTED_EDGE('',*,*,#214,.F.);
#214 = EDGE_CURVE('',#215,#207,#217,.T.);
#215 = VERTEX_POINT('',#216);
#216 = CARTESIAN_POINT('',(-140.,87.6,17.6));
#217 = LINE('',#218,#219);
#218 = CARTESIAN_POINT('',(-140.,79.75,9.75));
#219 = VECTOR('',#220,1.);
#220 = DIRECTION('',(0.,-0.707106781187,-0.707106781187));
#221 = ORIENTED_EDGE('',*,*,#222,.T.);
#222 = EDGE_CURVE('',#215,#223,#225,.T.);
#223 = VERTEX_POINT('',#224);
#224 = CARTESIAN_POINT('',(-140.,65.,17.6));
#225 = LINE('',#226,#227);
#226 = CARTESIAN_POINT('',(-140.,14.584778301514,17.6));
#227 = VECTOR('',#228,1.);
#228 = DIRECTION('',(0.,-1.,0.));
#229 = ORIENTED_EDGE('',*,*,#230,.F.);
#230 = EDGE_CURVE('',#231,#223,#233,.T.);
#231 = VERTEX_POINT('',#232);
#232 = CARTESIAN_POINT('',(-140.,65.,4.));
#233 = LINE('',#234,#235);
#234 = CARTESIAN_POINT('',(-140.,65.,4.));
#235 = VECTOR('',#236,1.);
#236 = DIRECTION('',(0.,0.,1.));
#237 = ORIENTED_EDGE('',*,*,#238,.F.);
#238 = EDGE_CURVE('',#239,#231,#241,.T.);
#239 = VERTEX_POINT('',#240);
#240 = CARTESIAN_POINT('',(-140.,-65.,4.));
#241 = LINE('',#242,#243);
#242 = CARTESIAN_POINT('',(-140.,-147.5,4.));
#243 = VECTOR('',#244,1.);
#244 = DIRECTION('',(0.,1.,0.));
#245 = ORIENTED_EDGE('',*,*,#246,.T.);
#246 = EDGE_CURVE('',#239,#247,#249,.T.);
#247 = VERTEX_POINT('',#248);
#248 = CARTESIAN_POINT('',(-140.,-65.,24.));
#249 = LINE('',#250,#251);
#250 = CARTESIAN_POINT('',(-140.,-65.,4.));
#251 = VECTOR('',#252,1.);
#252 = DIRECTION('',(0.,0.,1.));
#253 = ORIENTED_EDGE('',*,*,#254,.F.);
#254 = EDGE_CURVE('',#255,#247,#257,.T.);
#255 = VERTEX_POINT('',#256);
#256 = CARTESIAN_POINT('',(-140.,-115.,24.));
#257 = LINE('',#258,#259);
#258 = CARTESIAN_POINT('',(-140.,-115.,24.));
#259 = VECTOR('',#260,1.);
#260 = DIRECTION('',(0.,1.,0.));
#261 = ORIENTED_EDGE('',*,*,#262,.F.);
#262 = EDGE_CURVE('',#263,#255,#265,.T.);
#263 = VERTEX_POINT('',#264);
#264 = CARTESIAN_POINT('',(-140.,-115.,4.));
#265 = LINE('',#266,#267);
#266 = CARTESIAN_POINT('',(-140.,-115.,4.));
#267 = VECTOR('',#268,1.);
#268 = DIRECTION('',(0.,0.,1.));
#269 = ORIENTED_EDGE('',*,*,#270,.F.);
#270 = EDGE_CURVE('',#271,#263,#273,.T.);
#271 = VERTEX_POINT('',#272);
#272 = CARTESIAN_POINT('',(-140.,-139.5,4.));
#273 = LINE('',#274,#275);
#274 = CARTESIAN_POINT('',(-140.,-147.5,4.));
#275 = VECTOR('',#276,1.);
#276 = DIRECTION('',(0.,1.,0.));
#277 = ORIENTED_EDGE('',*,*,#278,.T.);
#278 = EDGE_CURVE('',#271,#279,#281,.T.);
#279 = VERTEX_POINT('',#280);
#280 = CARTESIAN_POINT('',(-140.,-139.5,14.));
#281 = LINE('',#282,#283);
#282 = CARTESIAN_POINT('',(-140.,-139.5,4.));
#283 = VECTOR('',#284,1.);
#284 = DIRECTION('',(0.,0.,1.));
#285 = ORIENTED_EDGE('',*,*,#286,.F.);
#286 = EDGE_CURVE('',#94,#279,#287,.T.);
#287 = LINE('',#288,#289);
#288 = CARTESIAN_POINT('',(-140.,-147.5,14.));
#289 = VECTOR('',#290,1.);
#290 = DIRECTION('',(0.,1.,0.));
#291 = FACE_BOUND('',#292,.T.);
#292 = EDGE_LOOP('',(#293,#303,#311,#319,#327));
#293 = ORIENTED_EDGE('',*,*,#294,.F.);
#294 = EDGE_CURVE('',#295,#297,#299,.T.);
#295 = VERTEX_POINT('',#296);
#296 = CARTESIAN_POINT('',(-140.,-102.,8.));
#297 = VERTEX_POINT('',#298);
#298 = CARTESIAN_POINT('',(-140.,-102.,4.));
#299 = LINE('',#300,#301);
#300 = CARTESIAN_POINT('',(-140.,-102.,6.));
#301 = VECTOR('',#302,1.);
#302 = DIRECTION('',(0.,0.,-1.));
#303 = ORIENTED_EDGE('',*,*,#304,.F.);
#304 = EDGE_CURVE('',#305,#295,#307,.T.);
#305 = VERTEX_POINT('',#306);
#306 = CARTESIAN_POINT('',(-140.,-90.,20.));
#307 = LINE('',#308,#309);
#308 = CARTESIAN_POINT('',(-140.,-100.25,9.75));
#309 = VECTOR('',#310,1.);
#310 = DIRECTION('',(0.,-0.707106781187,-0.707106781187));
#311 = ORIENTED_EDGE('',*,*,#312,.F.);
#312 = EDGE_CURVE('',#313,#305,#315,.T.);
#313 = VERTEX_POINT('',#314);
#314 = CARTESIAN_POINT('',(-140.,-78.,8.));
#315 = LINE('',#316,#317);
#316 = CARTESIAN_POINT('',(-140.,-86.25,16.25));
#317 = VECTOR('',#318,1.);
#318 = DIRECTION('',(0.,-0.707106781187,0.707106781187));
#319 = ORIENTED_EDGE('',*,*,#320,.F.);
#320 = EDGE_CURVE('',#321,#313,#323,.T.);
#321 = VERTEX_POINT('',#322);
#322 = CARTESIAN_POINT('',(-140.,-78.,4.));
#323 = LINE('',#324,#325);
#324 = CARTESIAN_POINT('',(-140.,-78.,4.));
#325 = VECTOR('',#326,1.);
#326 = DIRECTION('',(0.,0.,1.));
#327 = ORIENTED_EDGE('',*,*,#328,.F.);
#328 = EDGE_CURVE('',#297,#321,#329,.T.);
#329 = LINE('',#330,#331);
#330 = CARTESIAN_POINT('',(-140.,-147.5,4.));
#331 = VECTOR('',#332,1.);
#332 = DIRECTION('',(0.,1.,0.));
#333 = PLANE('',#334);
#334 = AXIS2_PLACEMENT_3D('',#335,#336,#337);
#335 = CARTESIAN_POINT('',(-140.,0.,6.735376044568));
#336 = DIRECTION('',(1.,0.,0.));
#337 = DIRECTION('',(0.,0.,1.));
#338 = ADVANCED_FACE('',(#339),#350,.T.);
#339 = FACE_BOUND('',#340,.T.);
#340 = EDGE_LOOP('',(#341,#342,#343,#349));
#341 = ORIENTED_EDGE('',*,*,#47,.F.);
#342 = ORIENTED_EDGE('',*,*,#77,.T.);
#343 = ORIENTED_EDGE('',*,*,#344,.T.);
#344 = EDGE_CURVE('',#70,#119,#345,.T.);
#345 = LINE('',#346,#347);
#346 = CARTESIAN_POINT('',(-340.,147.5,14.));
#347 = VECTOR('',#348,1.);
#348 = DIRECTION('',(1.,0.,0.));
#349 = ORIENTED_EDGE('',*,*,#118,.F.);
#350 = PLANE('',#351);
#351 = AXIS2_PLACEMENT_3D('',#352,#353,#354);
#352 = CARTESIAN_POINT('',(-240.,147.5,7.));
#353 = DIRECTION('',(0.,1.,0.));
#354 = DIRECTION('',(0.,0.,1.));
#355 = ADVANCED_FACE('',(#356),#417,.T.);
#356 = FACE_BOUND('',#357,.T.);
#357 = EDGE_LOOP('',(#358,#359,#360,#361,#369,#377,#385,#393,#401,#409,
    #415,#416));
#358 = ORIENTED_EDGE('',*,*,#69,.F.);
#359 = ORIENTED_EDGE('',*,*,#101,.T.);
#360 = ORIENTED_EDGE('',*,*,#286,.T.);
#361 = ORIENTED_EDGE('',*,*,#362,.F.);
#362 = EDGE_CURVE('',#363,#279,#365,.T.);
#363 = VERTEX_POINT('',#364);
#364 = CARTESIAN_POINT('',(-332.,-139.5,14.));
#365 = LINE('',#366,#367);
#366 = CARTESIAN_POINT('',(-340.,-139.5,14.));
#367 = VECTOR('',#368,1.);
#368 = DIRECTION('',(1.,0.,0.));
#369 = ORIENTED_EDGE('',*,*,#370,.T.);
#370 = EDGE_CURVE('',#363,#371,#373,.T.);
#371 = VERTEX_POINT('',#372);
#372 = CARTESIAN_POINT('',(-332.,139.5,14.));
#373 = LINE('',#374,#375);
#374 = CARTESIAN_POINT('',(-332.,-147.5,14.));
#375 = VECTOR('',#376,1.);
#376 = DIRECTION('',(0.,1.,0.));
#377 = ORIENTED_EDGE('',*,*,#378,.T.);
#378 = EDGE_CURVE('',#371,#379,#381,.T.);
#379 = VERTEX_POINT('',#380);
#380 = CARTESIAN_POINT('',(-227.1466367905,139.5,14.));
#381 = LINE('',#382,#383);
#382 = CARTESIAN_POINT('',(-340.,139.5,14.));
#383 = VECTOR('',#384,1.);
#384 = DIRECTION('',(1.,0.,0.));
#385 = ORIENTED_EDGE('',*,*,#386,.T.);
#386 = EDGE_CURVE('',#379,#387,#389,.T.);
#387 = VERTEX_POINT('',#388);
#388 = CARTESIAN_POINT('',(-224.8665325118,142.025978,14.));
#389 = LINE('',#390,#391);
#390 = CARTESIAN_POINT('',(-272.0860367968,89.714585880807,14.));
#391 = VECTOR('',#392,1.);
#392 = DIRECTION('',(0.67005572795,0.742310798414,0.));
#393 = ORIENTED_EDGE('',*,*,#394,.T.);
#394 = EDGE_CURVE('',#387,#395,#397,.T.);
#395 = VERTEX_POINT('',#396);
#396 = CARTESIAN_POINT('',(-221.7854431692,145.33914648954,14.));
#397 = LINE('',#398,#399);
#398 = CARTESIAN_POINT('',(-271.0290792576,92.386295968888,14.));
#399 = VECTOR('',#400,1.);
#400 = DIRECTION('',(0.680993992769,0.732289001565,0.));
#401 = ORIENTED_EDGE('',*,*,#402,.T.);
#402 = EDGE_CURVE('',#395,#403,#405,.T.);
#403 = VERTEX_POINT('',#404);
#404 = CARTESIAN_POINT('',(-215.5991291729,139.5,14.));
#405 = LINE('',#406,#407);
#406 = CARTESIAN_POINT('',(-181.4332786467,107.25149042228,14.));
#407 = VECTOR('',#408,1.);
#408 = DIRECTION('',(0.727217527524,-0.686407071396,0.));
#409 = ORIENTED_EDGE('',*,*,#410,.T.);
#410 = EDGE_CURVE('',#403,#127,#411,.T.);
#411 = LINE('',#412,#413);
#412 = CARTESIAN_POINT('',(-340.,139.5,14.));
#413 = VECTOR('',#414,1.);
#414 = DIRECTION('',(1.,0.,0.));
#415 = ORIENTED_EDGE('',*,*,#126,.T.);
#416 = ORIENTED_EDGE('',*,*,#344,.F.);
#417 = PLANE('',#418);
#418 = AXIS2_PLACEMENT_3D('',#419,#420,#421);
#419 = CARTESIAN_POINT('',(-277.8689956331,0.,14.));
#420 = DIRECTION('',(0.,0.,1.));
#421 = DIRECTION('',(1.,0.,0.));
#422 = ADVANCED_FACE('',(#423),#441,.F.);
#423 = FACE_BOUND('',#424,.F.);
#424 = EDGE_LOOP('',(#425,#433,#439,#440));
#425 = ORIENTED_EDGE('',*,*,#426,.F.);
#426 = EDGE_CURVE('',#427,#135,#429,.T.);
#427 = VERTEX_POINT('',#428);
#428 = CARTESIAN_POINT('',(-215.5991291729,139.5,4.));
#429 = LINE('',#430,#431);
#430 = CARTESIAN_POINT('',(-340.,139.5,4.));
#431 = VECTOR('',#432,1.);
#432 = DIRECTION('',(1.,0.,0.));
#433 = ORIENTED_EDGE('',*,*,#434,.T.);
#434 = EDGE_CURVE('',#427,#403,#435,.T.);
#435 = LINE('',#436,#437);
#436 = CARTESIAN_POINT('',(-215.5991291729,139.5,3.9));
#437 = VECTOR('',#438,1.);
#438 = DIRECTION('',(0.,0.,1.));
#439 = ORIENTED_EDGE('',*,*,#410,.T.);
#440 = ORIENTED_EDGE('',*,*,#134,.F.);
#441 = PLANE('',#442);
#442 = AXIS2_PLACEMENT_3D('',#443,#444,#445);
#443 = CARTESIAN_POINT('',(-340.,139.5,4.));
#444 = DIRECTION('',(0.,1.,0.));
#445 = DIRECTION('',(0.,0.,1.));
#446 = ADVANCED_FACE('',(#447),#497,.T.);
#447 = FACE_BOUND('',#448,.T.);
#448 = EDGE_LOOP('',(#449,#450,#458,#466,#474,#482,#490,#496));
#449 = ORIENTED_EDGE('',*,*,#426,.F.);
#450 = ORIENTED_EDGE('',*,*,#451,.T.);
#451 = EDGE_CURVE('',#427,#452,#454,.T.);
#452 = VERTEX_POINT('',#453);
#453 = CARTESIAN_POINT('',(-183.970131738,109.64597877695,4.));
#454 = LINE('',#455,#456);
#455 = CARTESIAN_POINT('',(-161.0485395396,88.010715080584,4.));
#456 = VECTOR('',#457,1.);
#457 = DIRECTION('',(0.727217527524,-0.686407071396,0.));
#458 = ORIENTED_EDGE('',*,*,#459,.T.);
#459 = EDGE_CURVE('',#452,#460,#462,.T.);
#460 = VERTEX_POINT('',#461);
#461 = CARTESIAN_POINT('',(-186.5258829368,106.89771886061,4.));
#462 = LINE('',#463,#464);
#463 = CARTESIAN_POINT('',(-285.5449983897,0.420114122851,4.));
#464 = VECTOR('',#465,1.);
#465 = DIRECTION('',(-0.680993992769,-0.732289001565,0.));
#466 = ORIENTED_EDGE('',*,*,#467,.T.);
#467 = EDGE_CURVE('',#460,#468,#470,.T.);
#468 = VERTEX_POINT('',#469);
#469 = CARTESIAN_POINT('',(-188.6186815515,104.5792445221,4.));
#470 = LINE('',#471,#472);
#471 = CARTESIAN_POINT('',(-285.5036193419,-2.753224294314,4.));
#472 = VECTOR('',#473,1.);
#473 = DIRECTION('',(-0.67005572795,-0.742310798414,0.));
#474 = ORIENTED_EDGE('',*,*,#475,.F.);
#475 = EDGE_CURVE('',#476,#468,#478,.T.);
#476 = VERTEX_POINT('',#477);
#477 = CARTESIAN_POINT('',(-165.,99.239914916026,4.));
#478 = LINE('',#479,#480);
#479 = CARTESIAN_POINT('',(-139.228250949,93.413854625259,4.));
#480 = VECTOR('',#481,1.);
#481 = DIRECTION('',(-0.975387035788,0.220499728835,0.));
#482 = ORIENTED_EDGE('',*,*,#483,.T.);
#483 = EDGE_CURVE('',#476,#484,#486,.T.);
#484 = VERTEX_POINT('',#485);
#485 = CARTESIAN_POINT('',(-165.,115.,4.));
#486 = LINE('',#487,#488);
#487 = CARTESIAN_POINT('',(-165.,65.,4.));
#488 = VECTOR('',#489,1.);
#489 = DIRECTION('',(0.,1.,0.));
#490 = ORIENTED_EDGE('',*,*,#491,.T.);
#491 = EDGE_CURVE('',#484,#143,#492,.T.);
#492 = LINE('',#493,#494);
#493 = CARTESIAN_POINT('',(-165.,115.,4.));
#494 = VECTOR('',#495,1.);
#495 = DIRECTION('',(1.,0.,0.));
#496 = ORIENTED_EDGE('',*,*,#142,.T.);
#497 = PLANE('',#498);
#498 = AXIS2_PLACEMENT_3D('',#499,#500,#501);
#499 = CARTESIAN_POINT('',(-340.,-147.5,4.));
#500 = DIRECTION('',(0.,0.,1.));
#501 = DIRECTION('',(1.,0.,0.));
#502 = ADVANCED_FACE('',(#503),#537,.T.);
#503 = FACE_BOUND('',#504,.T.);
#504 = EDGE_LOOP('',(#505,#506,#514,#522,#530,#536));
#505 = ORIENTED_EDGE('',*,*,#491,.F.);
#506 = ORIENTED_EDGE('',*,*,#507,.T.);
#507 = EDGE_CURVE('',#484,#508,#510,.T.);
#508 = VERTEX_POINT('',#509);
#509 = CARTESIAN_POINT('',(-165.,115.,17.6));
#510 = LINE('',#511,#512);
#511 = CARTESIAN_POINT('',(-165.,115.,4.));
#512 = VECTOR('',#513,1.);
#513 = DIRECTION('',(0.,0.,1.));
#514 = ORIENTED_EDGE('',*,*,#515,.T.);
#515 = EDGE_CURVE('',#508,#516,#518,.T.);
#516 = VERTEX_POINT('',#517);
#517 = CARTESIAN_POINT('',(-153.7124426956,115.,17.6));
#518 = LINE('',#519,#520);
#519 = CARTESIAN_POINT('',(-176.5654177242,115.,17.6));
#520 = VECTOR('',#521,1.);
#521 = DIRECTION('',(1.,0.,0.));
#522 = ORIENTED_EDGE('',*,*,#523,.T.);
#523 = EDGE_CURVE('',#516,#524,#526,.T.);
#524 = VERTEX_POINT('',#525);
#525 = CARTESIAN_POINT('',(-153.7124426956,115.,24.));
#526 = LINE('',#527,#528);
#527 = CARTESIAN_POINT('',(-153.7124426956,115.,10.8));
#528 = VECTOR('',#529,1.);
#529 = DIRECTION('',(0.,0.,1.));
#530 = ORIENTED_EDGE('',*,*,#531,.T.);
#531 = EDGE_CURVE('',#524,#151,#532,.T.);
#532 = LINE('',#533,#534);
#533 = CARTESIAN_POINT('',(-165.,115.,24.));
#534 = VECTOR('',#535,1.);
#535 = DIRECTION('',(1.,0.,0.));
#536 = ORIENTED_EDGE('',*,*,#150,.F.);
#537 = PLANE('',#538);
#538 = AXIS2_PLACEMENT_3D('',#539,#540,#541);
#539 = CARTESIAN_POINT('',(-165.,115.,4.));
#540 = DIRECTION('',(0.,1.,0.));
#541 = DIRECTION('',(0.,0.,1.));
#542 = ADVANCED_FACE('',(#543),#553,.T.);
#543 = FACE_BOUND('',#544,.T.);
#544 = EDGE_LOOP('',(#545,#546,#552));
#545 = ORIENTED_EDGE('',*,*,#531,.F.);
#546 = ORIENTED_EDGE('',*,*,#547,.T.);
#547 = EDGE_CURVE('',#524,#159,#548,.T.);
#548 = LINE('',#549,#550);
#549 = CARTESIAN_POINT('',(-125.5288308634,82.179842896948,24.));
#550 = VECTOR('',#551,1.);
#551 = DIRECTION('',(0.651484677469,-0.758661792252,0.));
#552 = ORIENTED_EDGE('',*,*,#158,.T.);
#553 = PLANE('',#554);
#554 = AXIS2_PLACEMENT_3D('',#555,#556,#557);
#555 = CARTESIAN_POINT('',(-165.,65.,24.));
#556 = DIRECTION('',(0.,0.,1.));
#557 = DIRECTION('',(1.,0.,0.));
#558 = ADVANCED_FACE('',(#559),#570,.T.);
#559 = FACE_BOUND('',#560,.T.);
#560 = EDGE_LOOP('',(#561,#567,#568,#569));
#561 = ORIENTED_EDGE('',*,*,#562,.F.);
#562 = EDGE_CURVE('',#167,#516,#563,.T.);
#563 = LINE('',#564,#565);
#564 = CARTESIAN_POINT('',(-117.2672419443,72.559122605389,17.6));
#565 = VECTOR('',#566,1.);
#566 = DIRECTION('',(-0.651484677469,0.758661792252,0.));
#567 = ORIENTED_EDGE('',*,*,#166,.F.);
#568 = ORIENTED_EDGE('',*,*,#547,.F.);
#569 = ORIENTED_EDGE('',*,*,#523,.F.);
#570 = PLANE('',#571);
#571 = AXIS2_PLACEMENT_3D('',#572,#573,#574);
#572 = CARTESIAN_POINT('',(-117.2672419443,72.559122605389,17.6));
#573 = DIRECTION('',(-0.758661792252,-0.651484677469,0.));
#574 = DIRECTION('',(-0.651484677469,0.758661792252,0.));
#575 = ADVANCED_FACE('',(#576),#618,.T.);
#576 = FACE_BOUND('',#577,.T.);
#577 = EDGE_LOOP('',(#578,#579,#580,#588,#594,#595,#603,#611,#617));
#578 = ORIENTED_EDGE('',*,*,#562,.T.);
#579 = ORIENTED_EDGE('',*,*,#515,.F.);
#580 = ORIENTED_EDGE('',*,*,#581,.T.);
#581 = EDGE_CURVE('',#508,#582,#584,.T.);
#582 = VERTEX_POINT('',#583);
#583 = CARTESIAN_POINT('',(-165.,65.,17.6));
#584 = LINE('',#585,#586);
#585 = CARTESIAN_POINT('',(-165.,47.084778301514,17.6));
#586 = VECTOR('',#587,1.);
#587 = DIRECTION('',(0.,-1.,0.));
#588 = ORIENTED_EDGE('',*,*,#589,.T.);
#589 = EDGE_CURVE('',#582,#223,#590,.T.);
#590 = LINE('',#591,#592);
#591 = CARTESIAN_POINT('',(-176.5654177242,65.,17.6));
#592 = VECTOR('',#593,1.);
#593 = DIRECTION('',(1.,0.,0.));
#594 = ORIENTED_EDGE('',*,*,#222,.F.);
#595 = ORIENTED_EDGE('',*,*,#596,.T.);
#596 = EDGE_CURVE('',#215,#597,#599,.T.);
#597 = VERTEX_POINT('',#598);
#598 = CARTESIAN_POINT('',(-130.1832754897,87.6,17.6));
#599 = LINE('',#600,#601);
#600 = CARTESIAN_POINT('',(-168.0654177242,87.6,17.6));
#601 = VECTOR('',#602,1.);
#602 = DIRECTION('',(1.,0.,0.));
#603 = ORIENTED_EDGE('',*,*,#604,.T.);
#604 = EDGE_CURVE('',#597,#605,#607,.T.);
#605 = VERTEX_POINT('',#606);
#606 = CARTESIAN_POINT('',(-134.3051733944,92.4,17.6));
#607 = LINE('',#608,#609);
#608 = CARTESIAN_POINT('',(-117.2672419443,72.559122605389,17.6));
#609 = VECTOR('',#610,1.);
#610 = DIRECTION('',(-0.651484677469,0.758661792252,0.));
#611 = ORIENTED_EDGE('',*,*,#612,.T.);
#612 = EDGE_CURVE('',#605,#175,#613,.T.);
#613 = LINE('',#614,#615);
#614 = CARTESIAN_POINT('',(-168.0654177242,92.4,17.6));
#615 = VECTOR('',#616,1.);
#616 = DIRECTION('',(-1.,0.,0.));
#617 = ORIENTED_EDGE('',*,*,#174,.F.);
#618 = PLANE('',#619);
#619 = AXIS2_PLACEMENT_3D('',#620,#621,#622);
#620 = CARTESIAN_POINT('',(-188.1308354484,29.169556603028,17.6));
#621 = DIRECTION('',(0.,0.,1.));
#622 = DIRECTION('',(1.,0.,0.));
#623 = ADVANCED_FACE('',(#624),#730,.F.);
#624 = FACE_BOUND('',#625,.F.);
#625 = EDGE_LOOP('',(#626,#627,#635,#643,#651,#659,#667,#675,#683,#691,
    #699,#707,#715,#723,#729));
#626 = ORIENTED_EDGE('',*,*,#182,.F.);
#627 = ORIENTED_EDGE('',*,*,#628,.T.);
#628 = EDGE_CURVE('',#183,#629,#631,.T.);
#629 = VERTEX_POINT('',#630);
#630 = CARTESIAN_POINT('',(-103.5,102.,8.));
#631 = LINE('',#632,#633);
#632 = CARTESIAN_POINT('',(-148.,102.,8.));
#633 = VECTOR('',#634,1.);
#634 = DIRECTION('',(1.,0.,0.));
#635 = ORIENTED_EDGE('',*,*,#636,.F.);
#636 = EDGE_CURVE('',#637,#629,#639,.T.);
#637 = VERTEX_POINT('',#638);
#638 = CARTESIAN_POINT('',(-103.5,97.8,12.2));
#639 = LINE('',#640,#641);
#640 = CARTESIAN_POINT('',(-103.5,91.45,18.55));
#641 = VECTOR('',#642,1.);
#642 = DIRECTION('',(0.,0.707106781187,-0.707106781187));
#643 = ORIENTED_EDGE('',*,*,#644,.F.);
#644 = EDGE_CURVE('',#645,#637,#647,.T.);
#645 = VERTEX_POINT('',#646);
#646 = CARTESIAN_POINT('',(-100.,93.8,16.2));
#647 = LINE('',#648,#649);
#648 = CARTESIAN_POINT('',(-104.5242937853,98.970621468927,
    11.029378531073));
#649 = VECTOR('',#650,1.);
#650 = DIRECTION('',(-0.526152219602,0.601316822402,-0.601316822402));
#651 = ORIENTED_EDGE('',*,*,#652,.F.);
#652 = EDGE_CURVE('',#653,#645,#655,.T.);
#653 = VERTEX_POINT('',#654);
#654 = CARTESIAN_POINT('',(-96.5,97.8,12.2));
#655 = LINE('',#656,#657);
#656 = CARTESIAN_POINT('',(-107.6466101694,85.061016949153,
    24.938983050847));
#657 = VECTOR('',#658,1.);
#658 = DIRECTION('',(-0.526152219602,-0.601316822402,0.601316822402));
#659 = ORIENTED_EDGE('',*,*,#660,.F.);
#660 = EDGE_CURVE('',#661,#653,#663,.T.);
#661 = VERTEX_POINT('',#662);
#662 = CARTESIAN_POINT('',(-96.5,102.,8.));
#663 = LINE('',#664,#665);
#664 = CARTESIAN_POINT('',(-96.5,92.5,17.5));
#665 = VECTOR('',#666,1.);
#666 = DIRECTION('',(0.,-0.707106781187,0.707106781187));
#667 = ORIENTED_EDGE('',*,*,#668,.T.);
#668 = EDGE_CURVE('',#661,#669,#671,.T.);
#669 = VERTEX_POINT('',#670);
#670 = CARTESIAN_POINT('',(-90.,102.,8.));
#671 = LINE('',#672,#673);
#672 = CARTESIAN_POINT('',(-148.,102.,8.));
#673 = VECTOR('',#674,1.);
#674 = DIRECTION('',(1.,0.,0.));
#675 = ORIENTED_EDGE('',*,*,#676,.T.);
#676 = EDGE_CURVE('',#669,#677,#679,.T.);
#677 = VERTEX_POINT('',#678);
#678 = CARTESIAN_POINT('',(-90.,90.,20.));
#679 = LINE('',#680,#681);
#680 = CARTESIAN_POINT('',(-90.,102.,8.));
#681 = VECTOR('',#682,1.);
#682 = DIRECTION('',(0.,-0.707106781187,0.707106781187));
#683 = ORIENTED_EDGE('',*,*,#684,.F.);
#684 = EDGE_CURVE('',#685,#677,#687,.T.);
#685 = VERTEX_POINT('',#686);
#686 = CARTESIAN_POINT('',(-110.7,90.,20.));
#687 = LINE('',#688,#689);
#688 = CARTESIAN_POINT('',(-148.,90.,20.));
#689 = VECTOR('',#690,1.);
#690 = DIRECTION('',(1.,0.,0.));
#691 = ORIENTED_EDGE('',*,*,#692,.F.);
#692 = EDGE_CURVE('',#693,#685,#695,.T.);
#693 = VERTEX_POINT('',#694);
#694 = CARTESIAN_POINT('',(-110.7,96.3,13.7));
#695 = LINE('',#696,#697);
#696 = CARTESIAN_POINT('',(-110.7,99.675,10.325));
#697 = VECTOR('',#698,1.);
#698 = DIRECTION('',(0.,-0.707106781187,0.707106781187));
#699 = ORIENTED_EDGE('',*,*,#700,.F.);
#700 = EDGE_CURVE('',#701,#693,#703,.T.);
#701 = VERTEX_POINT('',#702);
#702 = CARTESIAN_POINT('',(-119.3,96.3,13.7));
#703 = LINE('',#704,#705);
#704 = CARTESIAN_POINT('',(-133.65,96.3,13.7));
#705 = VECTOR('',#706,1.);
#706 = DIRECTION('',(1.,0.,0.));
#707 = ORIENTED_EDGE('',*,*,#708,.T.);
#708 = EDGE_CURVE('',#701,#709,#711,.T.);
#709 = VERTEX_POINT('',#710);
#710 = CARTESIAN_POINT('',(-119.3,90.,20.));
#711 = LINE('',#712,#713);
#712 = CARTESIAN_POINT('',(-119.3,99.675,10.325));
#713 = VECTOR('',#714,1.);
#714 = DIRECTION('',(0.,-0.707106781187,0.707106781187));
#715 = ORIENTED_EDGE('',*,*,#716,.F.);
#716 = EDGE_CURVE('',#717,#709,#719,.T.);
#717 = VERTEX_POINT('',#718);
#718 = CARTESIAN_POINT('',(-132.244224442,90.,20.));
#719 = LINE('',#720,#721);
#720 = CARTESIAN_POINT('',(-148.,90.,20.));
#721 = VECTOR('',#722,1.);
#722 = DIRECTION('',(1.,0.,0.));
#723 = ORIENTED_EDGE('',*,*,#724,.T.);
#724 = EDGE_CURVE('',#717,#605,#725,.T.);
#725 = LINE('',#726,#727);
#726 = CARTESIAN_POINT('',(-133.7543625816,91.758574141779,
    18.241425858221));
#727 = VECTOR('',#728,1.);
#728 = DIRECTION('',(-0.519021883378,0.60440726525,-0.60440726525));
#729 = ORIENTED_EDGE('',*,*,#612,.T.);
#730 = PLANE('',#731);
#731 = AXIS2_PLACEMENT_3D('',#732,#733,#734);
#732 = CARTESIAN_POINT('',(-148.,102.,8.));
#733 = DIRECTION('',(0.,-0.707106781187,-0.707106781187));
#734 = DIRECTION('',(0.,-0.707106781187,0.707106781187));
#735 = ADVANCED_FACE('',(#736),#761,.F.);
#736 = FACE_BOUND('',#737,.F.);
#737 = EDGE_LOOP('',(#738,#739,#747,#753,#754,#760));
#738 = ORIENTED_EDGE('',*,*,#190,.F.);
#739 = ORIENTED_EDGE('',*,*,#740,.T.);
#740 = EDGE_CURVE('',#191,#741,#743,.T.);
#741 = VERTEX_POINT('',#742);
#742 = CARTESIAN_POINT('',(-90.,102.,4.));
#743 = LINE('',#744,#745);
#744 = CARTESIAN_POINT('',(-148.,102.,4.));
#745 = VECTOR('',#746,1.);
#746 = DIRECTION('',(1.,0.,0.));
#747 = ORIENTED_EDGE('',*,*,#748,.T.);
#748 = EDGE_CURVE('',#741,#669,#749,.T.);
#749 = LINE('',#750,#751);
#750 = CARTESIAN_POINT('',(-90.,102.,4.));
#751 = VECTOR('',#752,1.);
#752 = DIRECTION('',(0.,0.,1.));
#753 = ORIENTED_EDGE('',*,*,#668,.F.);
#754 = ORIENTED_EDGE('',*,*,#755,.F.);
#755 = EDGE_CURVE('',#629,#661,#756,.T.);
#756 = LINE('',#757,#758);
#757 = CARTESIAN_POINT('',(-148.,102.,8.));
#758 = VECTOR('',#759,1.);
#759 = DIRECTION('',(1.,0.,0.));
#760 = ORIENTED_EDGE('',*,*,#628,.F.);
#761 = PLANE('',#762);
#762 = AXIS2_PLACEMENT_3D('',#763,#764,#765);
#763 = CARTESIAN_POINT('',(-148.,102.,4.));
#764 = DIRECTION('',(0.,-1.,0.));
#765 = DIRECTION('',(0.,0.,1.));
#766 = ADVANCED_FACE('',(#767,#785),#819,.T.);
#767 = FACE_BOUND('',#768,.T.);
#768 = EDGE_LOOP('',(#769,#770,#771,#779));
#769 = ORIENTED_EDGE('',*,*,#198,.T.);
#770 = ORIENTED_EDGE('',*,*,#740,.T.);
#771 = ORIENTED_EDGE('',*,*,#772,.F.);
#772 = EDGE_CURVE('',#773,#741,#775,.T.);
#773 = VERTEX_POINT('',#774);
#774 = CARTESIAN_POINT('',(-90.,78.,4.));
#775 = LINE('',#776,#777);
#776 = CARTESIAN_POINT('',(-90.,78.,4.));
#777 = VECTOR('',#778,1.);
#778 = DIRECTION('',(0.,1.,0.));
#779 = ORIENTED_EDGE('',*,*,#780,.F.);
#780 = EDGE_CURVE('',#199,#773,#781,.T.);
#781 = LINE('',#782,#783);
#782 = CARTESIAN_POINT('',(-148.,78.,4.));
#783 = VECTOR('',#784,1.);
#784 = DIRECTION('',(1.,0.,0.));
#785 = FACE_BOUND('',#786,.T.);
#786 = EDGE_LOOP('',(#787,#797,#805,#813));
#787 = ORIENTED_EDGE('',*,*,#788,.F.);
#788 = EDGE_CURVE('',#789,#791,#793,.T.);
#789 = VERTEX_POINT('',#790);
#790 = CARTESIAN_POINT('',(-119.3,96.3,4.));
#791 = VERTEX_POINT('',#792);
#792 = CARTESIAN_POINT('',(-110.7,96.3,4.));
#793 = LINE('',#794,#795);
#794 = CARTESIAN_POINT('',(-117.15,96.3,4.));
#795 = VECTOR('',#796,1.);
#796 = DIRECTION('',(1.,0.,0.));
#797 = ORIENTED_EDGE('',*,*,#798,.T.);
#798 = EDGE_CURVE('',#789,#799,#801,.T.);
#799 = VERTEX_POINT('',#800);
#800 = CARTESIAN_POINT('',(-119.3,83.7,4.));
#801 = LINE('',#802,#803);
#802 = CARTESIAN_POINT('',(-119.3,86.85,4.));
#803 = VECTOR('',#804,1.);
#804 = DIRECTION('',(0.,-1.,0.));
#805 = ORIENTED_EDGE('',*,*,#806,.T.);
#806 = EDGE_CURVE('',#799,#807,#809,.T.);
#807 = VERTEX_POINT('',#808);
#808 = CARTESIAN_POINT('',(-110.7,83.7,4.));
#809 = LINE('',#810,#811);
#810 = CARTESIAN_POINT('',(-117.15,83.7,4.));
#811 = VECTOR('',#812,1.);
#812 = DIRECTION('',(1.,0.,0.));
#813 = ORIENTED_EDGE('',*,*,#814,.F.);
#814 = EDGE_CURVE('',#791,#807,#815,.T.);
#815 = LINE('',#816,#817);
#816 = CARTESIAN_POINT('',(-110.7,86.85,4.));
#817 = VECTOR('',#818,1.);
#818 = DIRECTION('',(0.,-1.,0.));
#819 = PLANE('',#820);
#820 = AXIS2_PLACEMENT_3D('',#821,#822,#823);
#821 = CARTESIAN_POINT('',(-115.,90.,4.));
#822 = DIRECTION('',(-0.,-0.,-1.));
#823 = DIRECTION('',(-1.,0.,0.));
#824 = ADVANCED_FACE('',(#825),#859,.F.);
#825 = FACE_BOUND('',#826,.F.);
#826 = EDGE_LOOP('',(#827,#828,#836,#844,#852,#858));
#827 = ORIENTED_EDGE('',*,*,#206,.F.);
#828 = ORIENTED_EDGE('',*,*,#829,.T.);
#829 = EDGE_CURVE('',#207,#830,#832,.T.);
#830 = VERTEX_POINT('',#831);
#831 = CARTESIAN_POINT('',(-103.5,78.,8.));
#832 = LINE('',#833,#834);
#833 = CARTESIAN_POINT('',(-148.,78.,8.));
#834 = VECTOR('',#835,1.);
#835 = DIRECTION('',(1.,0.,0.));
#836 = ORIENTED_EDGE('',*,*,#837,.T.);
#837 = EDGE_CURVE('',#830,#838,#840,.T.);
#838 = VERTEX_POINT('',#839);
#839 = CARTESIAN_POINT('',(-96.5,78.,8.));
#840 = LINE('',#841,#842);
#841 = CARTESIAN_POINT('',(-148.,78.,8.));
#842 = VECTOR('',#843,1.);
#843 = DIRECTION('',(1.,0.,0.));
#844 = ORIENTED_EDGE('',*,*,#845,.T.);
#845 = EDGE_CURVE('',#838,#846,#848,.T.);
#846 = VERTEX_POINT('',#847);
#847 = CARTESIAN_POINT('',(-90.,78.,8.));
#848 = LINE('',#849,#850);
#849 = CARTESIAN_POINT('',(-148.,78.,8.));
#850 = VECTOR('',#851,1.);
#851 = DIRECTION('',(1.,0.,0.));
#852 = ORIENTED_EDGE('',*,*,#853,.T.);
#853 = EDGE_CURVE('',#846,#773,#854,.T.);
#854 = LINE('',#855,#856);
#855 = CARTESIAN_POINT('',(-90.,78.,8.));
#856 = VECTOR('',#857,1.);
#857 = DIRECTION('',(0.,0.,-1.));
#858 = ORIENTED_EDGE('',*,*,#780,.F.);
#859 = PLANE('',#860);
#860 = AXIS2_PLACEMENT_3D('',#861,#862,#863);
#861 = CARTESIAN_POINT('',(-148.,78.,8.));
#862 = DIRECTION('',(0.,1.,0.));
#863 = DIRECTION('',(0.,0.,-1.));
#864 = ADVANCED_FACE('',(#865),#937,.F.);
#865 = FACE_BOUND('',#866,.F.);
#866 = EDGE_LOOP('',(#867,#868,#869,#875,#876,#884,#892,#898,#899,#905,
    #906,#914,#922,#930,#936));
#867 = ORIENTED_EDGE('',*,*,#214,.F.);
#868 = ORIENTED_EDGE('',*,*,#596,.T.);
#869 = ORIENTED_EDGE('',*,*,#870,.T.);
#870 = EDGE_CURVE('',#597,#717,#871,.T.);
#871 = LINE('',#872,#873);
#872 = CARTESIAN_POINT('',(-129.2370739829,86.49813689284,16.49813689284
    ));
#873 = VECTOR('',#874,1.);
#874 = DIRECTION('',(-0.519021883378,0.60440726525,0.60440726525));
#875 = ORIENTED_EDGE('',*,*,#716,.T.);
#876 = ORIENTED_EDGE('',*,*,#877,.T.);
#877 = EDGE_CURVE('',#709,#878,#880,.T.);
#878 = VERTEX_POINT('',#879);
#879 = CARTESIAN_POINT('',(-119.3,83.7,13.7));
#880 = LINE('',#881,#882);
#881 = CARTESIAN_POINT('',(-119.3,83.175,13.175));
#882 = VECTOR('',#883,1.);
#883 = DIRECTION('',(0.,-0.707106781187,-0.707106781187));
#884 = ORIENTED_EDGE('',*,*,#885,.T.);
#885 = EDGE_CURVE('',#878,#886,#888,.T.);
#886 = VERTEX_POINT('',#887);
#887 = CARTESIAN_POINT('',(-110.7,83.7,13.7));
#888 = LINE('',#889,#890);
#889 = CARTESIAN_POINT('',(-133.65,83.7,13.7));
#890 = VECTOR('',#891,1.);
#891 = DIRECTION('',(1.,0.,0.));
#892 = ORIENTED_EDGE('',*,*,#893,.F.);
#893 = EDGE_CURVE('',#685,#886,#894,.T.);
#894 = LINE('',#895,#896);
#895 = CARTESIAN_POINT('',(-110.7,83.175,13.175));
#896 = VECTOR('',#897,1.);
#897 = DIRECTION('',(0.,-0.707106781187,-0.707106781187));
#898 = ORIENTED_EDGE('',*,*,#684,.T.);
#899 = ORIENTED_EDGE('',*,*,#900,.T.);
#900 = EDGE_CURVE('',#677,#846,#901,.T.);
#901 = LINE('',#902,#903);
#902 = CARTESIAN_POINT('',(-90.,90.,20.));
#903 = VECTOR('',#904,1.);
#904 = DIRECTION('',(0.,-0.707106781187,-0.707106781187));
#905 = ORIENTED_EDGE('',*,*,#845,.F.);
#906 = ORIENTED_EDGE('',*,*,#907,.F.);
#907 = EDGE_CURVE('',#908,#838,#910,.T.);
#908 = VERTEX_POINT('',#909);
#909 = CARTESIAN_POINT('',(-96.5,82.2,12.2));
#910 = LINE('',#911,#912);
#911 = CARTESIAN_POINT('',(-96.5,80.5,10.5));
#912 = VECTOR('',#913,1.);
#913 = DIRECTION('',(0.,-0.707106781187,-0.707106781187));
#914 = ORIENTED_EDGE('',*,*,#915,.F.);
#915 = EDGE_CURVE('',#916,#908,#918,.T.);
#916 = VERTEX_POINT('',#917);
#917 = CARTESIAN_POINT('',(-100.,86.2,16.2));
#918 = LINE('',#919,#920);
#919 = CARTESIAN_POINT('',(-103.2172316384,89.876836158192,
    19.876836158192));
#920 = VECTOR('',#921,1.);
#921 = DIRECTION('',(0.526152219602,-0.601316822402,-0.601316822402));
#922 = ORIENTED_EDGE('',*,*,#923,.F.);
#923 = EDGE_CURVE('',#924,#916,#926,.T.);
#924 = VERTEX_POINT('',#925);
#925 = CARTESIAN_POINT('',(-103.5,82.2,12.2));
#926 = LINE('',#927,#928);
#927 = CARTESIAN_POINT('',(-108.9536723163,75.967231638418,
    5.967231638418));
#928 = VECTOR('',#929,1.);
#929 = DIRECTION('',(0.526152219602,0.601316822402,0.601316822402));
#930 = ORIENTED_EDGE('',*,*,#931,.F.);
#931 = EDGE_CURVE('',#830,#924,#932,.T.);
#932 = LINE('',#933,#934);
#933 = CARTESIAN_POINT('',(-103.5,81.55,11.55));
#934 = VECTOR('',#935,1.);
#935 = DIRECTION('',(0.,0.707106781187,0.707106781187));
#936 = ORIENTED_EDGE('',*,*,#829,.F.);
#937 = PLANE('',#938);
#938 = AXIS2_PLACEMENT_3D('',#939,#940,#941);
#939 = CARTESIAN_POINT('',(-148.,90.,20.));
#940 = DIRECTION('',(0.,0.707106781187,-0.707106781187));
#941 = DIRECTION('',(0.,-0.707106781187,-0.707106781187));
#942 = ADVANCED_FACE('',(#943),#961,.F.);
#943 = FACE_BOUND('',#944,.F.);
#944 = EDGE_LOOP('',(#945,#953,#959,#960));
#945 = ORIENTED_EDGE('',*,*,#946,.F.);
#946 = EDGE_CURVE('',#947,#231,#949,.T.);
#947 = VERTEX_POINT('',#948);
#948 = CARTESIAN_POINT('',(-165.,65.,4.));
#949 = LINE('',#950,#951);
#950 = CARTESIAN_POINT('',(-165.,65.,4.));
#951 = VECTOR('',#952,1.);
#952 = DIRECTION('',(1.,0.,0.));
#953 = ORIENTED_EDGE('',*,*,#954,.T.);
#954 = EDGE_CURVE('',#947,#582,#955,.T.);
#955 = LINE('',#956,#957);
#956 = CARTESIAN_POINT('',(-165.,65.,4.));
#957 = VECTOR('',#958,1.);
#958 = DIRECTION('',(0.,0.,1.));
#959 = ORIENTED_EDGE('',*,*,#589,.T.);
#960 = ORIENTED_EDGE('',*,*,#230,.F.);
#961 = PLANE('',#962);
#962 = AXIS2_PLACEMENT_3D('',#963,#964,#965);
#963 = CARTESIAN_POINT('',(-165.,65.,4.));
#964 = DIRECTION('',(0.,1.,0.));
#965 = DIRECTION('',(0.,0.,1.));
#966 = ADVANCED_FACE('',(#967),#1704,.T.);
#967 = FACE_BOUND('',#968,.T.);
#968 = EDGE_LOOP('',(#969,#979,#985,#986,#994,#1002,#1010,#1018,#1026,
    #1034,#1040,#1041,#1042,#1050,#1058,#1066,#1074,#1082,#1090,#1098,
    #1106,#1114,#1122,#1130,#1138,#1146,#1154,#1162,#1170,#1178,#1186,
    #1194,#1202,#1210,#1218,#1226,#1234,#1242,#1250,#1258,#1266,#1274,
    #1282,#1290,#1298,#1306,#1314,#1322,#1330,#1338,#1346,#1354,#1362,
    #1370,#1378,#1386,#1394,#1402,#1410,#1418,#1426,#1434,#1442,#1450,
    #1458,#1466,#1474,#1482,#1490,#1498,#1506,#1514,#1522,#1530,#1538,
    #1546,#1554,#1562,#1570,#1578,#1586,#1594,#1602,#1610,#1618,#1626,
    #1634,#1642,#1650,#1658,#1666,#1674,#1682,#1690,#1698));
#969 = ORIENTED_EDGE('',*,*,#970,.F.);
#970 = EDGE_CURVE('',#971,#973,#975,.T.);
#971 = VERTEX_POINT('',#972);
#972 = CARTESIAN_POINT('',(-332.,-139.5,4.));
#973 = VERTEX_POINT('',#974);
#974 = CARTESIAN_POINT('',(-332.,139.5,4.));
#975 = LINE('',#976,#977);
#976 = CARTESIAN_POINT('',(-332.,-147.5,4.));
#977 = VECTOR('',#978,1.);
#978 = DIRECTION('',(0.,1.,0.));
#979 = ORIENTED_EDGE('',*,*,#980,.T.);
#980 = EDGE_CURVE('',#971,#271,#981,.T.);
#981 = LINE('',#982,#983);
#982 = CARTESIAN_POINT('',(-340.,-139.5,4.));
#983 = VECTOR('',#984,1.);
#984 = DIRECTION('',(1.,0.,0.));
#985 = ORIENTED_EDGE('',*,*,#270,.T.);
#986 = ORIENTED_EDGE('',*,*,#987,.F.);
#987 = EDGE_CURVE('',#988,#263,#990,.T.);
#988 = VERTEX_POINT('',#989);
#989 = CARTESIAN_POINT('',(-165.,-115.,4.));
#990 = LINE('',#991,#992);
#991 = CARTESIAN_POINT('',(-165.,-115.,4.));
#992 = VECTOR('',#993,1.);
#993 = DIRECTION('',(1.,0.,0.));
#994 = ORIENTED_EDGE('',*,*,#995,.T.);
#995 = EDGE_CURVE('',#988,#996,#998,.T.);
#996 = VERTEX_POINT('',#997);
#997 = CARTESIAN_POINT('',(-165.,-99.23991491602,4.));
#998 = LINE('',#999,#1000);
#999 = CARTESIAN_POINT('',(-165.,-115.,4.));
#1000 = VECTOR('',#1001,1.);
#1001 = DIRECTION('',(0.,1.,0.));
#1002 = ORIENTED_EDGE('',*,*,#1003,.T.);
#1003 = EDGE_CURVE('',#996,#1004,#1006,.T.);
#1004 = VERTEX_POINT('',#1005);
#1005 = CARTESIAN_POINT('',(-327.228250949,-135.9138546252,4.));
#1006 = LINE('',#1007,#1008);
#1007 = CARTESIAN_POINT('',(-139.228250949,-93.41385462525,4.));
#1008 = VECTOR('',#1009,1.);
#1009 = DIRECTION('',(-0.975387035788,-0.220499728835,0.));
#1010 = ORIENTED_EDGE('',*,*,#1011,.F.);
#1011 = EDGE_CURVE('',#1012,#1004,#1014,.T.);
#1012 = VERTEX_POINT('',#1013);
#1013 = CARTESIAN_POINT('',(-328.7717490509,-129.0861453747,4.));
#1014 = LINE('',#1015,#1016);
#1015 = CARTESIAN_POINT('',(-328.7717490509,-129.0861453747,4.));
#1016 = VECTOR('',#1017,1.);
#1017 = DIRECTION('',(0.220499728835,-0.975387035788,0.));
#1018 = ORIENTED_EDGE('',*,*,#1019,.F.);
#1019 = EDGE_CURVE('',#1020,#1012,#1022,.T.);
#1020 = VERTEX_POINT('',#1021);
#1021 = CARTESIAN_POINT('',(-165.,-92.06327657333,4.));
#1022 = LINE('',#1023,#1024);
#1023 = CARTESIAN_POINT('',(-140.7717490509,-86.58614537474,4.));
#1024 = VECTOR('',#1025,1.);
#1025 = DIRECTION('',(-0.975387035788,-0.220499728835,0.));
#1026 = ORIENTED_EDGE('',*,*,#1027,.T.);
#1027 = EDGE_CURVE('',#1020,#1028,#1030,.T.);
#1028 = VERTEX_POINT('',#1029);
#1029 = CARTESIAN_POINT('',(-165.,-65.,4.));
#1030 = LINE('',#1031,#1032);
#1031 = CARTESIAN_POINT('',(-165.,-115.,4.));
#1032 = VECTOR('',#1033,1.);
#1033 = DIRECTION('',(0.,1.,0.));
#1034 = ORIENTED_EDGE('',*,*,#1035,.T.);
#1035 = EDGE_CURVE('',#1028,#239,#1036,.T.);
#1036 = LINE('',#1037,#1038);
#1037 = CARTESIAN_POINT('',(-165.,-65.,4.));
#1038 = VECTOR('',#1039,1.);
#1039 = DIRECTION('',(1.,0.,0.));
#1040 = ORIENTED_EDGE('',*,*,#238,.T.);
#1041 = ORIENTED_EDGE('',*,*,#946,.F.);
#1042 = ORIENTED_EDGE('',*,*,#1043,.T.);
#1043 = EDGE_CURVE('',#947,#1044,#1046,.T.);
#1044 = VERTEX_POINT('',#1045);
#1045 = CARTESIAN_POINT('',(-165.,92.063276573336,4.));
#1046 = LINE('',#1047,#1048);
#1047 = CARTESIAN_POINT('',(-165.,65.,4.));
#1048 = VECTOR('',#1049,1.);
#1049 = DIRECTION('',(0.,1.,0.));
#1050 = ORIENTED_EDGE('',*,*,#1051,.T.);
#1051 = EDGE_CURVE('',#1044,#1052,#1054,.T.);
#1052 = VERTEX_POINT('',#1053);
#1053 = CARTESIAN_POINT('',(-193.8184865788,98.578094018023,4.));
#1054 = LINE('',#1055,#1056);
#1055 = CARTESIAN_POINT('',(-140.7717490509,86.586145374741,4.));
#1056 = VECTOR('',#1057,1.);
#1057 = DIRECTION('',(-0.975387035788,0.220499728835,0.));
#1058 = ORIENTED_EDGE('',*,*,#1059,.T.);
#1059 = EDGE_CURVE('',#1052,#1060,#1062,.T.);
#1060 = VERTEX_POINT('',#1061);
#1061 = CARTESIAN_POINT('',(-193.9446259366,98.429730614289,4.));
#1062 = LINE('',#1063,#1064);
#1063 = CARTESIAN_POINT('',(-285.2662526392,-8.981529538411,4.));
#1064 = VECTOR('',#1065,1.);
#1065 = DIRECTION('',(-0.647739236369,-0.761862114603,0.));
#1066 = ORIENTED_EDGE('',*,*,#1067,.T.);
#1067 = EDGE_CURVE('',#1060,#1068,#1070,.T.);
#1068 = VERTEX_POINT('',#1069);
#1069 = CARTESIAN_POINT('',(-196.3328892442,95.534735772948,4.));
#1070 = LINE('',#1071,#1072);
#1071 = CARTESIAN_POINT('',(-285.0737253948,-12.03475292421,4.));
#1072 = VECTOR('',#1073,1.);
#1073 = DIRECTION('',(-0.636365921066,-0.771387331051,0.));
#1074 = ORIENTED_EDGE('',*,*,#1075,.T.);
#1075 = EDGE_CURVE('',#1068,#1076,#1078,.T.);
#1076 = VERTEX_POINT('',#1077);
#1077 = CARTESIAN_POINT('',(-198.6779432071,92.604630200017,4.));
#1078 = LINE('',#1079,#1080);
#1079 = CARTESIAN_POINT('',(-284.8343016418,-15.04629382055,4.));
#1080 = VECTOR('',#1081,1.);
#1081 = DIRECTION('',(-0.624852553048,-0.780742778993,0.));
#1082 = ORIENTED_EDGE('',*,*,#1083,.T.);
#1083 = EDGE_CURVE('',#1076,#1084,#1086,.T.);
#1084 = VERTEX_POINT('',#1085);
#1085 = CARTESIAN_POINT('',(-200.9792717212,89.640058759137,4.));
#1086 = LINE('',#1087,#1088);
#1087 = CARTESIAN_POINT('',(-284.5497474712,-18.01542988291,4.));
#1088 = VECTOR('',#1089,1.);
#1089 = DIRECTION('',(-0.613201666199,-0.789926399465,0.));
#1090 = ORIENTED_EDGE('',*,*,#1091,.T.);
#1091 = EDGE_CURVE('',#1084,#1092,#1094,.T.);
#1092 = VERTEX_POINT('',#1093);
#1093 = CARTESIAN_POINT('',(-203.2363683053,86.641673899265,4.));
#1094 = LINE('',#1095,#1096);
#1095 = CARTESIAN_POINT('',(-284.221839919,-20.94149895562,4.));
#1096 = VECTOR('',#1097,1.);
#1097 = DIRECTION('',(-0.60141582467,-0.798936171315,0.));
#1098 = ORIENTED_EDGE('',*,*,#1099,.T.);
#1099 = EDGE_CURVE('',#1092,#1100,#1102,.T.);
#1100 = VERTEX_POINT('',#1101);
#1101 = CARTESIAN_POINT('',(-205.4487362129,83.610135511086,4.));
#1102 = LINE('',#1103,#1104);
#1103 = CARTESIAN_POINT('',(-283.8523650659,-23.82389922524,4.));
#1104 = VECTOR('',#1105,1.);
#1105 = DIRECTION('',(-0.589497622315,-0.807770111656,0.));
#1106 = ORIENTED_EDGE('',*,*,#1107,.T.);
#1107 = EDGE_CURVE('',#1100,#1108,#1110,.T.);
#1108 = VERTEX_POINT('',#1109);
#1109 = CARTESIAN_POINT('',(-207.6158885417,80.546110781781,4.));
#1110 = LINE('',#1111,#1112);
#1111 = CARTESIAN_POINT('',(-283.4431161358,-26.66208931588,4.));
#1112 = VECTOR('',#1113,1.);
#1113 = DIRECTION('',(-0.577449682115,-0.816426276295,0.));
#1114 = ORIENTED_EDGE('',*,*,#1115,.T.);
#1115 = EDGE_CURVE('',#1108,#1116,#1118,.T.);
#1116 = VERTEX_POINT('',#1117);
#1117 = CARTESIAN_POINT('',(-209.7373483402,77.450274048192,4.));
#1118 = LINE('',#1119,#1120);
#1119 = CARTESIAN_POINT('',(-282.9958915942,-29.4555883265,4.));
#1120 = VECTOR('',#1121,1.);
#1121 = DIRECTION('',(-0.565274655605,-0.824902760167,0.));
#1122 = ORIENTED_EDGE('',*,*,#1123,.T.);
#1123 = EDGE_CURVE('',#1116,#1124,#1126,.T.);
#1124 = VERTEX_POINT('',#1125);
#1125 = CARTESIAN_POINT('',(-211.8126487133,74.323306648412,4.));
#1126 = LINE('',#1127,#1128);
#1127 = CARTESIAN_POINT('',(-282.5124932481,-32.20397581024,4.));
#1128 = VECTOR('',#1129,1.);
#1129 = DIRECTION('',(-0.55297522229,-0.833197697748,0.));
#1130 = ORIENTED_EDGE('',*,*,#1131,.T.);
#1131 = EDGE_CURVE('',#1124,#1132,#1134,.T.);
#1132 = VERTEX_POINT('',#1133);
#1133 = CARTESIAN_POINT('',(-213.8413329246,71.165896771833,4.));
#1134 = LINE('',#1135,#1136);
#1135 = CARTESIAN_POINT('',(-281.9947243505,-34.90689169585,4.));
#1136 = VECTOR('',#1137,1.);
#1137 = DIRECTION('',(-0.540554089056,-0.841309263473,0.));
#1138 = ORIENTED_EDGE('',*,*,#1139,.T.);
#1139 = EDGE_CURVE('',#1132,#1140,#1142,.T.);
#1140 = VERTEX_POINT('',#1141);
#1141 = CARTESIAN_POINT('',(-215.8229544971,67.978739307693,4.));
#1142 = LINE('',#1143,#1144);
#1143 = CARTESIAN_POINT('',(-281.4443877096,-37.56403615143,4.));
#1144 = VECTOR('',#1145,1.);
#1145 = DIRECTION('',(-0.528013989569,-0.849235672131,0.));
#1146 = ORIENTED_EDGE('',*,*,#1147,.T.);
#1147 = EDGE_CURVE('',#1140,#1148,#1150,.T.);
#1148 = VERTEX_POINT('',#1149);
#1149 = CARTESIAN_POINT('',(-217.7570773115,64.762535692137,4.));
#1150 = LINE('',#1151,#1152);
#1151 = CARTESIAN_POINT('',(-280.8632838052,-40.17516939075,4.));
#1152 = VECTOR('',#1153,1.);
#1153 = DIRECTION('',(-0.515357683682,-0.856975179261,0.));
#1154 = ORIENTED_EDGE('',*,*,#1155,.T.);
#1155 = EDGE_CURVE('',#1148,#1156,#1158,.T.);
#1156 = VERTEX_POINT('',#1157);
#1157 = CARTESIAN_POINT('',(-219.643275702,61.517993753848,4.));
#1158 = LINE('',#1159,#1160);
#1159 = CARTESIAN_POINT('',(-280.2532089144,-42.74011142228,4.));
#1160 = VECTOR('',#1161,1.);
#1161 = DIRECTION('',(-0.50258795682,-0.864526081538,0.));
#1162 = ORIENTED_EDGE('',*,*,#1163,.T.);
#1163 = EDGE_CURVE('',#1156,#1164,#1166,.T.);
#1164 = VERTEX_POINT('',#1165);
#1165 = CARTESIAN_POINT('',(-221.4811345503,58.245827558266,4.));
#1166 = LINE('',#1167,#1168);
#1167 = CARTESIAN_POINT('',(-279.6159532475,-45.25874174139,4.));
#1168 = VECTOR('',#1169,1.);
#1169 = DIRECTION('',(-0.48970761937,-0.871886717143,0.));
#1170 = ORIENTED_EDGE('',*,*,#1171,.T.);
#1171 = EDGE_CURVE('',#1164,#1172,#1174,.T.);
#1172 = VERTEX_POINT('',#1173);
#1173 = CARTESIAN_POINT('',(-223.2702493766,54.946757250432,4.));
#1174 = LINE('',#1175,#1176);
#1175 = CARTESIAN_POINT('',(-278.9532990966,-47.73099896606,4.));
#1176 = VECTOR('',#1177,1.);
#1177 = DIRECTION('',(-0.476719506064,-0.879055466133,0.));
#1178 = ORIENTED_EDGE('',*,*,#1179,.T.);
#1179 = EDGE_CURVE('',#1172,#1180,#1182,.T.);
#1180 = VERTEX_POINT('',#1181);
#1181 = CARTESIAN_POINT('',(-225.0102264289,51.6215088965,4.));
#1182 = LINE('',#1183,#1184);
#1183 = CARTESIAN_POINT('',(-278.2670189972,-50.15688041646,4.));
#1184 = VECTOR('',#1185,1.);
#1185 = DIRECTION('',(-0.463626475352,-0.886030750794,0.));
#1186 = ORIENTED_EDGE('',*,*,#1187,.T.);
#1187 = EDGE_CURVE('',#1180,#1188,#1190,.T.);
#1188 = VERTEX_POINT('',#1189);
#1189 = CARTESIAN_POINT('',(-226.7006827695,48.270814323944,4.));
#1190 = LINE('',#1191,#1192);
#1191 = CARTESIAN_POINT('',(-277.5588739068,-52.53644163891,4.));
#1192 = VECTOR('',#1193,1.);
#1193 = DIRECTION('',(-0.450431408775,-0.892811035992,0.));
#1194 = ORIENTED_EDGE('',*,*,#1195,.T.);
#1195 = EDGE_CURVE('',#1188,#1196,#1198,.T.);
#1196 = VERTEX_POINT('',#1197);
#1197 = CARTESIAN_POINT('',(-228.3412463591,44.89541096049,4.));
#1198 = LINE('',#1199,#1200);
#1199 = CARTESIAN_POINT('',(-276.8306114002,-54.86979587484,4.));
#1200 = VECTOR('',#1201,1.);
#1201 = DIRECTION('',(-0.43713721033,-0.899394829508,0.));
#1202 = ORIENTED_EDGE('',*,*,#1203,.T.);
#1203 = EDGE_CURVE('',#1196,#1204,#1206,.T.);
#1204 = VERTEX_POINT('',#1205);
#1205 = CARTESIAN_POINT('',(-229.9315561394,41.496041671829,4.));
#1206 = LINE('',#1207,#1208);
#1207 = CARTESIAN_POINT('',(-276.083963883,-57.15711347515,4.));
#1208 = VECTOR('',#1209,1.);
#1209 = DIRECTION('',(-0.423746805832,-0.905780682366,0.));
#1210 = ORIENTED_EDGE('',*,*,#1211,.T.);
#1211 = EDGE_CURVE('',#1204,#1212,#1214,.T.);
#1212 = VERTEX_POINT('',#1213);
#1213 = CARTESIAN_POINT('',(-231.4712621115,38.073454598121,4.));
#1214 = LINE('',#1215,#1216);
#1215 = CARTESIAN_POINT('',(-275.3206468272,-59.39862126071,4.));
#1216 = VECTOR('',#1217,1.);
#1217 = DIRECTION('',(-0.410263142269,-0.911967189155,0.));
#1218 = ORIENTED_EDGE('',*,*,#1219,.T.);
#1219 = EDGE_CURVE('',#1212,#1220,#1222,.T.);
#1220 = VERTEX_POINT('',#1221);
#1221 = CARTESIAN_POINT('',(-232.960025414,34.628402989341,4.));
#1222 = LINE('',#1223,#1224);
#1223 = CARTESIAN_POINT('',(-274.542357028,-61.59460182965,4.));
#1224 = VECTOR('',#1225,1.);
#1225 = DIRECTION('',(-0.396689187153,-0.917952988336,0.));
#1226 = ORIENTED_EDGE('',*,*,#1227,.T.);
#1227 = EDGE_CURVE('',#1220,#1228,#1230,.T.);
#1228 = VERTEX_POINT('',#1229);
#1229 = CARTESIAN_POINT('',(-234.3975183966,31.161645039509,4.));
#1230 = LINE('',#1231,#1232);
#1231 = CARTESIAN_POINT('',(-273.7507708841,-63.74539281216,4.));
#1232 = VECTOR('',#1233,1.);
#1233 = DIRECTION('',(-0.383027927868,-0.923736762543,0.));
#1234 = ORIENTED_EDGE('',*,*,#1235,.T.);
#1235 = EDGE_CURVE('',#1228,#1236,#1238,.T.);
#1236 = VERTEX_POINT('',#1237);
#1237 = CARTESIAN_POINT('',(-235.783424693,27.673943719819,4.));
#1238 = LINE('',#1239,#1240);
#1239 = CARTESIAN_POINT('',(-272.9475427047,-65.8513860735,4.));
#1240 = VECTOR('',#1241,1.);
#1241 = DIRECTION('',(-0.369282371011,-0.92931723887,0.));
#1242 = ORIENTED_EDGE('',*,*,#1243,.T.);
#1243 = EDGE_CURVE('',#1236,#1244,#1246,.T.);
#1244 = VERTEX_POINT('',#1245);
#1245 = CARTESIAN_POINT('',(-237.1174392901,24.166066610724,4.));
#1246 = LINE('',#1247,#1248);
#1247 = CARTESIAN_POINT('',(-272.1343030417,-67.91302686618,4.));
#1248 = VECTOR('',#1249,1.);
#1249 = DIRECTION('',(-0.355455541733,-0.934693189154,0.));
#1250 = ORIENTED_EDGE('',*,*,#1251,.T.);
#1251 = EDGE_CURVE('',#1244,#1252,#1254,.T.);
#1252 = VERTEX_POINT('',#1253);
#1253 = CARTESIAN_POINT('',(-238.3992685952,20.638785733007,4.));
#1254 = LINE('',#1255,#1256);
#1255 = CARTESIAN_POINT('',(-271.3126570516,-69.93081293196,4.));
#1256 = VECTOR('',#1257,1.);
#1257 = DIRECTION('',(-0.341550483072,-0.939863430246,0.));
#1258 = ORIENTED_EDGE('',*,*,#1259,.T.);
#1259 = EDGE_CURVE('',#1252,#1260,#1262,.T.);
#1260 = VERTEX_POINT('',#1261);
#1261 = CARTESIAN_POINT('',(-239.6286305008,17.092877377874,4.));
#1262 = LINE('',#1263,#1264);
#1263 = CARTESIAN_POINT('',(-270.4841828867,-71.9052935548,4.));
#1264 = VECTOR('',#1265,1.);
#1265 = DIRECTION('',(-0.32757025528,-0.944826824268,0.));
#1266 = ORIENTED_EDGE('',*,*,#1267,.T.);
#1267 = EDGE_CURVE('',#1260,#1268,#1270,.T.);
#1268 = VERTEX_POINT('',#1269);
#1269 = CARTESIAN_POINT('',(-240.8052544462,13.5291219361,4.));
#1270 = LINE('',#1271,#1272);
#1271 = CARTESIAN_POINT('',(-269.6504301177,-73.83706856549,4.));
#1272 = VECTOR('',#1273,1.);
#1273 = DIRECTION('',(-0.313517935154,-0.949582278866,0.));
#1274 = ORIENTED_EDGE('',*,*,#1275,.T.);
#1275 = EDGE_CURVE('',#1268,#1276,#1278,.T.);
#1276 = VERTEX_POINT('',#1277);
#1277 = CARTESIAN_POINT('',(-241.9288814778,9.948303726288,4.));
#1278 = LINE('',#1279,#1280);
#1279 = CARTESIAN_POINT('',(-268.812918189,-75.72678729913,4.));
#1280 = VECTOR('',#1281,1.);
#1281 = DIRECTION('',(-0.29939661536,-0.95412874745,0.));
#1282 = ORIENTED_EDGE('',*,*,#1283,.T.);
#1283 = EDGE_CURVE('',#1276,#1284,#1286,.T.);
#1284 = VERTEX_POINT('',#1285);
#1285 = CARTESIAN_POINT('',(-242.9992643053,6.351210822246,4.));
#1286 = LINE('',#1287,#1288);
#1287 = CARTESIAN_POINT('',(-267.9731349085,-77.57514750633,4.));
#1288 = VECTOR('',#1289,1.);
#1289 = DIRECTION('',(-0.285209403744,-0.958465229425,0.));
#1290 = ORIENTED_EDGE('',*,*,#1291,.T.);
#1291 = EDGE_CURVE('',#1284,#1292,#1294,.T.);
#1292 = VERTEX_POINT('',#1293);
#1293 = CARTESIAN_POINT('',(-244.0161673568,2.738634879554,4.));
#1294 = LINE('',#1295,#1296);
#1295 = CARTESIAN_POINT('',(-267.1325349728,-79.38289421941,4.));
#1296 = VECTOR('',#1297,1.);
#1297 = DIRECTION('',(-0.270959422659,-0.962590770407,0.));
#1298 = ORIENTED_EDGE('',*,*,#1299,.T.);
#1299 = EDGE_CURVE('',#1292,#1300,#1302,.T.);
#1300 = VERTEX_POINT('',#1301);
#1301 = CARTESIAN_POINT('',(-244.9793668301,-0.888629038672,4.));
#1302 = LINE('',#1303,#1304);
#1303 = CARTESIAN_POINT('',(-266.2925385288,-81.15081857442,4.));
#1304 = VECTOR('',#1305,1.);
#1305 = DIRECTION('',(-0.256649808268,-0.96650446244,0.));
#1306 = ORIENTED_EDGE('',*,*,#1307,.T.);
#1307 = EDGE_CURVE('',#1300,#1308,#1310,.T.);
#1308 = VERTEX_POINT('',#1309);
#1309 = CARTESIAN_POINT('',(-245.8886507423,-4.529782636756,4.));
#1310 = LINE('',#1311,#1312);
#1311 = CARTESIAN_POINT('',(-265.4545297741,-82.87975659043,4.));
#1312 = VECTOR('',#1313,1.);
#1313 = DIRECTION('',(-0.242283709862,-0.97020544419,0.));
#1314 = ORIENTED_EDGE('',*,*,#1315,.T.);
#1315 = EDGE_CURVE('',#1308,#1316,#1318,.T.);
#1316 = VERTEX_POINT('',#1317);
#1317 = CARTESIAN_POINT('',(-246.7438189763,-8.184024562152,4.));
#1318 = LINE('',#1319,#1320);
#1319 = CARTESIAN_POINT('',(-264.6198555969,-84.57058790708,4.));
#1320 = VECTOR('',#1321,1.);
#1321 = DIRECTION('',(-0.22786428916,-0.973692901138,0.));
#1322 = ORIENTED_EDGE('',*,*,#1323,.T.);
#1323 = EDGE_CURVE('',#1316,#1324,#1326,.T.);
#1324 = VERTEX_POINT('',#1325);
#1325 = CARTESIAN_POINT('',(-247.544683325,-11.8505505818,4.));
#1326 = LINE('',#1327,#1328);
#1327 = CARTESIAN_POINT('',(-263.7898242558,-86.22423448172,4.));
#1328 = VECTOR('',#1329,1.);
#1329 = DIRECTION('',(-0.213394719619,-0.976966065756,0.));
#1330 = ORIENTED_EDGE('',*,*,#1331,.T.);
#1331 = EDGE_CURVE('',#1324,#1332,#1334,.T.);
#1332 = VERTEX_POINT('',#1333);
#1333 = CARTESIAN_POINT('',(-248.2910675325,-15.52855375916,4.));
#1334 = LINE('',#1335,#1336);
#1335 = CARTESIAN_POINT('',(-262.9657041022,-87.84165924735,4.));
#1336 = VECTOR('',#1337,1.);
#1337 = DIRECTION('',(-0.19887818573,-0.980024217681,0.));
#1338 = ORIENTED_EDGE('',*,*,#1339,.T.);
#1339 = EDGE_CURVE('',#1332,#1340,#1342,.T.);
#1340 = VERTEX_POINT('',#1341);
#1341 = CARTESIAN_POINT('',(-248.982807333,-19.21722463174,4.));
#1342 = LINE('',#1343,#1344);
#1343 = CARTESIAN_POINT('',(-262.1487223455,-89.42386473267,4.));
#1344 = VECTOR('',#1345,1.);
#1345 = DIRECTION('',(-0.184317882323,-0.982866683867,0.));
#1346 = ORIENTED_EDGE('',*,*,#1347,.T.);
#1347 = EDGE_CURVE('',#1340,#1348,#1350,.T.);
#1348 = VERTEX_POINT('',#1349);
#1349 = CARTESIAN_POINT('',(-249.619750487,-22.91575138929,4.));
#1350 = LINE('',#1351,#1352);
#1351 = CARTESIAN_POINT('',(-261.3400638621,-90.97189164558,4.));
#1352 = VECTOR('',#1353,1.);
#1353 = DIRECTION('',(-0.169717013858,-0.98549283874,0.));
#1354 = ORIENTED_EDGE('',*,*,#1355,.T.);
#1355 = EDGE_CURVE('',#1348,#1356,#1358,.T.);
#1356 = VERTEX_POINT('',#1357);
#1357 = CARTESIAN_POINT('',(-300.9294305686,-14.47082806693,4.));
#1358 = LINE('',#1359,#1360);
#1359 = CARTESIAN_POINT('',(-309.2907571869,-13.09465963142,4.));
#1360 = VECTOR('',#1361,1.);
#1361 = DIRECTION('',(-0.986724616954,0.162402371584,0.));
#1362 = ORIENTED_EDGE('',*,*,#1363,.T.);
#1363 = EDGE_CURVE('',#1356,#1364,#1366,.T.);
#1364 = VERTEX_POINT('',#1365);
#1365 = CARTESIAN_POINT('',(-300.1615628808,-10.01206409124,4.));
#1366 = LINE('',#1367,#1368);
#1367 = CARTESIAN_POINT('',(-312.2330789664,-80.10752703084,4.));
#1368 = VECTOR('',#1369,1.);
#1369 = DIRECTION('',(0.169717013858,0.98549283874,0.));
#1370 = ORIENTED_EDGE('',*,*,#1371,.T.);
#1371 = EDGE_CURVE('',#1364,#1372,#1374,.T.);
#1372 = VERTEX_POINT('',#1373);
#1373 = CARTESIAN_POINT('',(-299.3276350211,-5.565181891116,4.));
#1374 = LINE('',#1375,#1376);
#1375 = CARTESIAN_POINT('',(-312.8749669486,-77.80571026022,4.));
#1376 = VECTOR('',#1377,1.);
#1377 = DIRECTION('',(0.184317882323,0.982866683867,0.));
#1378 = ORIENTED_EDGE('',*,*,#1379,.T.);
#1379 = EDGE_CURVE('',#1372,#1380,#1382,.T.);
#1380 = VERTEX_POINT('',#1381);
#1381 = CARTESIAN_POINT('',(-298.427830522,-1.131160145514,4.));
#1382 = LINE('',#1383,#1384);
#1383 = CARTESIAN_POINT('',(-313.5140142684,-75.47227186444,4.));
#1384 = VECTOR('',#1385,1.);
#1385 = DIRECTION('',(0.19887818573,0.980024217681,0.));
#1386 = ORIENTED_EDGE('',*,*,#1387,.T.);
#1387 = EDGE_CURVE('',#1380,#1388,#1390,.T.);
#1388 = VERTEX_POINT('',#1389);
#1389 = CARTESIAN_POINT('',(-297.4623474145,3.289025296973,4.));
#1390 = LINE('',#1391,#1392);
#1391 = CARTESIAN_POINT('',(-314.1490752093,-73.10633646848,4.));
#1392 = VECTOR('',#1393,1.);
#1393 = DIRECTION('',(0.213394719619,0.976966065756,0.));
#1394 = ORIENTED_EDGE('',*,*,#1395,.T.);
#1395 = EDGE_CURVE('',#1388,#1396,#1398,.T.);
#1396 = VERTEX_POINT('',#1397);
#1397 = CARTESIAN_POINT('',(-296.4313981839,7.694401632876,4.));
#1398 = LINE('',#1399,#1400);
#1399 = CARTESIAN_POINT('',(-314.7789641706,-70.70706627737,4.));
#1400 = VECTOR('',#1401,1.);
#1401 = DIRECTION('',(0.22786428916,0.973692901138,0.));
#1402 = ORIENTED_EDGE('',*,*,#1403,.T.);
#1403 = EDGE_CURVE('',#1396,#1404,#1406,.T.);
#1404 = VERTEX_POINT('',#1405);
#1405 = CARTESIAN_POINT('',(-295.3352097237,12.083999317941,4.));
#1406 = LINE('',#1407,#1408);
#1407 = CARTESIAN_POINT('',(-315.4024568486,-68.27366245652,4.));
#1408 = VECTOR('',#1409,1.);
#1409 = DIRECTION('',(0.242283709862,0.97020544419,0.));
#1410 = ORIENTED_EDGE('',*,*,#1411,.T.);
#1411 = EDGE_CURVE('',#1404,#1412,#1414,.T.);
#1412 = VERTEX_POINT('',#1413);
#1413 = CARTESIAN_POINT('',(-294.1740232853,16.456852280515,4.));
#1414 = LINE('',#1415,#1416);
#1415 = CARTESIAN_POINT('',(-316.0182914619,-65.80536647543,4.));
#1416 = VECTOR('',#1417,1.);
#1417 = DIRECTION('',(0.256649808268,0.96650446244,0.));
#1418 = ORIENTED_EDGE('',*,*,#1419,.T.);
#1419 = EDGE_CURVE('',#1412,#1420,#1422,.T.);
#1420 = VERTEX_POINT('',#1421);
#1421 = CARTESIAN_POINT('',(-292.948094425,20.811998134155,4.));
#1422 = LINE('',#1423,#1424);
#1423 = CARTESIAN_POINT('',(-316.6251700189,-63.30146141389,4.));
#1424 = VECTOR('',#1425,1.);
#1425 = DIRECTION('',(0.270959422659,0.962590770407,0.));
#1426 = ORIENTED_EDGE('',*,*,#1427,.T.);
#1427 = EDGE_CURVE('',#1420,#1428,#1430,.T.);
#1428 = VERTEX_POINT('',#1429);
#1429 = CARTESIAN_POINT('',(-291.6576929477,25.148478389439,4.));
#1430 = LINE('',#1431,#1432);
#1431 = CARTESIAN_POINT('',(-317.2217596271,-60.76127322897,4.));
#1432 = VECTOR('',#1433,1.);
#1433 = DIRECTION('',(0.285209403744,0.958465229425,0.));
#1434 = ORIENTED_EDGE('',*,*,#1435,.T.);
#1435 = EDGE_CURVE('',#1428,#1436,#1438,.T.);
#1436 = VERTEX_POINT('',#1437);
#1437 = CARTESIAN_POINT('',(-290.3031028477,29.465338664903,4.));
#1438 = LINE('',#1439,#1440);
#1439 = CARTESIAN_POINT('',(-317.8066938418,-58.18417198183,4.));
#1440 = VECTOR('',#1441,1.);
#1441 = DIRECTION('',(0.29939661536,0.95412874745,0.));
#1442 = ORIENTED_EDGE('',*,*,#1443,.T.);
#1443 = EDGE_CURVE('',#1436,#1444,#1446,.T.);
#1444 = VERTEX_POINT('',#1445);
#1445 = CARTESIAN_POINT('',(-288.8846222458,33.761628897092,4.));
#1446 = LINE('',#1447,#1448);
#1447 = CARTESIAN_POINT('',(-318.3785740541,-55.56957302299,4.));
#1448 = VECTOR('',#1449,1.);
#1449 = DIRECTION('',(0.313517935154,0.949582278866,0.));
#1450 = ORIENTED_EDGE('',*,*,#1451,.T.);
#1451 = EDGE_CURVE('',#1444,#1452,#1454,.T.);
#1452 = VERTEX_POINT('',#1453);
#1453 = CARTESIAN_POINT('',(-287.4025633243,38.036403549647,4.));
#1454 = LINE('',#1455,#1456);
#1455 = CARTESIAN_POINT('',(-318.935970917,-52.91693813495,4.));
#1456 = VECTOR('',#1457,1.);
#1457 = DIRECTION('',(0.32757025528,0.944826824268,0.));
#1458 = ORIENTED_EDGE('',*,*,#1459,.T.);
#1459 = EDGE_CURVE('',#1452,#1460,#1462,.T.);
#1460 = VERTEX_POINT('',#1461);
#1461 = CARTESIAN_POINT('',(-285.8572522577,42.288721821402,4.));
#1462 = LINE('',#1463,#1464);
#1463 = CARTESIAN_POINT('',(-319.477425807,-50.22577663094,4.));
#1464 = VECTOR('',#1465,1.);
#1465 = DIRECTION('',(0.341550483072,0.939863430246,0.));
#1466 = ORIENTED_EDGE('',*,*,#1467,.T.);
#1467 = EDGE_CURVE('',#1460,#1468,#1470,.T.);
#1468 = VERTEX_POINT('',#1469);
#1469 = CARTESIAN_POINT('',(-284.2490291411,46.517647853437,4.));
#1470 = LINE('',#1471,#1472);
#1471 = CARTESIAN_POINT('',(-320.0014523211,-47.49564640875,4.));
#1472 = VECTOR('',#1473,1.);
#1473 = DIRECTION('',(0.355455541733,0.934693189154,0.));
#1474 = ORIENTED_EDGE('',*,*,#1475,.T.);
#1475 = EDGE_CURVE('',#1468,#1476,#1478,.T.);
#1476 = VERTEX_POINT('',#1477);
#1477 = CARTESIAN_POINT('',(-282.5782479157,50.722250935045,4.));
#1478 = LINE('',#1479,#1480);
#1479 = CARTESIAN_POINT('',(-320.5065378079,-44.7261549586,4.));
#1480 = VECTOR('',#1481,1.);
#1481 = DIRECTION('',(0.369282371011,0.92931723887,0.));
#1482 = ORIENTED_EDGE('',*,*,#1483,.T.);
#1483 = EDGE_CURVE('',#1476,#1484,#1486,.T.);
#1484 = VERTEX_POINT('',#1485);
#1485 = CARTESIAN_POINT('',(-280.8452762905,54.901605708563,4.));
#1486 = LINE('',#1487,#1488);
#1487 = CARTESIAN_POINT('',(-320.99114493,-41.91696032394,4.));
#1488 = VECTOR('',#1489,1.);
#1489 = DIRECTION('',(0.383027927868,0.923736762543,0.));
#1490 = ORIENTED_EDGE('',*,*,#1491,.T.);
#1491 = EDGE_CURVE('',#1484,#1492,#1494,.T.);
#1492 = VERTEX_POINT('',#1493);
#1493 = CARTESIAN_POINT('',(-279.0504956612,59.054792373027,4.));
#1494 = LINE('',#1495,#1496);
#1495 = CARTESIAN_POINT('',(-321.4537132582,-39.06777201428,4.));
#1496 = VECTOR('',#1497,1.);
#1497 = DIRECTION('',(0.396689187153,0.917952988336,0.));
#1498 = ORIENTED_EDGE('',*,*,#1499,.T.);
#1499 = EDGE_CURVE('',#1492,#1500,#1502,.T.);
#1500 = VERTEX_POINT('',#1501);
#1501 = CARTESIAN_POINT('',(-277.194301027,63.180896886606,4.));
#1502 = LINE('',#1503,#1504);
#1503 = CARTESIAN_POINT('',(-321.8926608943,-36.17835186905,4.));
#1504 = VECTOR('',#1505,1.);
#1505 = DIRECTION('',(0.410263142269,0.911967189155,0.));
#1506 = ORIENTED_EDGE('',*,*,#1507,.T.);
#1507 = EDGE_CURVE('',#1500,#1508,#1510,.T.);
#1508 = VERTEX_POINT('',#1509);
#1509 = CARTESIAN_POINT('',(-275.277100903,67.279011167761,4.));
#1510 = LINE('',#1511,#1512);
#1511 = CARTESIAN_POINT('',(-322.3063861227,-33.24851487167,4.));
#1512 = VECTOR('',#1513,1.);
#1513 = DIRECTION('',(0.423746805832,0.905780682366,0.));
#1514 = ORIENTED_EDGE('',*,*,#1515,.T.);
#1515 = EDGE_CURVE('',#1508,#1516,#1518,.T.);
#1516 = VERTEX_POINT('',#1517);
#1517 = CARTESIAN_POINT('',(-273.2993172304,71.348233295104,4.));
#1518 = LINE('',#1519,#1520);
#1519 = CARTESIAN_POINT('',(-322.693269087,-30.27812991293,4.));
#1520 = VECTOR('',#1521,1.);
#1521 = DIRECTION('',(0.43713721033,0.899394829508,0.));
#1522 = ORIENTED_EDGE('',*,*,#1523,.T.);
#1523 = EDGE_CURVE('',#1516,#1524,#1526,.T.);
#1524 = VERTEX_POINT('',#1525);
#1525 = CARTESIAN_POINT('',(-271.2613852841,75.387667705889,4.));
#1526 = LINE('',#1527,#1528);
#1527 = CARTESIAN_POINT('',(-323.0516734932,-27.2671205028,4.));
#1528 = VECTOR('',#1529,1.);
#1529 = DIRECTION('',(0.450431408775,0.892811035992,0.));
#1530 = ORIENTED_EDGE('',*,*,#1531,.T.);
#1531 = EDGE_CURVE('',#1524,#1532,#1534,.T.);
#1532 = VERTEX_POINT('',#1533);
#1533 = CARTESIAN_POINT('',(-269.1637535762,79.396425393114,4.));
#1534 = LINE('',#1535,#1536);
#1535 = CARTESIAN_POINT('',(-323.3799483345,-24.21546543013,4.));
#1536 = VECTOR('',#1537,1.);
#1537 = DIRECTION('',(0.463626475352,0.886030750794,0.));
#1538 = ORIENTED_EDGE('',*,*,#1539,.T.);
#1539 = EDGE_CURVE('',#1532,#1540,#1542,.T.);
#1540 = VERTEX_POINT('',#1541);
#1541 = CARTESIAN_POINT('',(-267.0068837577,83.373624101171,4.));
#1542 = LINE('',#1543,#1544);
#1543 = CARTESIAN_POINT('',(-323.6764296389,-21.1231993693,4.));
#1544 = VECTOR('',#1545,1.);
#1545 = DIRECTION('',(0.476719506064,0.879055466133,0.));
#1546 = ORIENTED_EDGE('',*,*,#1547,.T.);
#1547 = EDGE_CURVE('',#1540,#1548,#1550,.T.);
#1548 = VERTEX_POINT('',#1549);
#1549 = CARTESIAN_POINT('',(-264.7912505172,87.318388520017,4.));
#1550 = LINE('',#1551,#1552);
#1551 = CARTESIAN_POINT('',(-323.9394422366,-17.99041343325,4.));
#1552 = VECTOR('',#1553,1.);
#1553 = DIRECTION('',(0.48970761937,0.871886717143,0.));
#1554 = ORIENTED_EDGE('',*,*,#1555,.T.);
#1555 = EDGE_CURVE('',#1548,#1556,#1558,.T.);
#1556 = VERTEX_POINT('',#1557);
#1557 = CARTESIAN_POINT('',(-262.5173414755,91.229850477816,4.));
#1558 = LINE('',#1559,#1560);
#1559 = CARTESIAN_POINT('',(-324.1673015459,-14.81725567233,4.));
#1560 = VECTOR('',#1561,1.);
#1561 = DIRECTION('',(0.50258795682,0.864526081538,0.));
#1562 = ORIENTED_EDGE('',*,*,#1563,.T.);
#1563 = EDGE_CURVE('',#1556,#1564,#1566,.T.);
#1564 = VERTEX_POINT('',#1565);
#1565 = CARTESIAN_POINT('',(-260.1856570794,95.107149132004,4.));
#1566 = LINE('',#1567,#1568);
#1567 = CARTESIAN_POINT('',(-324.3583153757,-11.60393151832,4.));
#1568 = VECTOR('',#1569,1.);
#1569 = DIRECTION('',(0.515357683682,0.856975179261,0.));
#1570 = ORIENTED_EDGE('',*,*,#1571,.T.);
#1571 = EDGE_CURVE('',#1564,#1572,#1574,.T.);
#1572 = VERTEX_POINT('',#1573);
#1573 = CARTESIAN_POINT('',(-257.7967104906,98.949431158747,4.));
#1574 = LINE('',#1575,#1576);
#1575 = CARTESIAN_POINT('',(-324.5107857434,-8.350704173103,4.));
#1576 = VECTOR('',#1577,1.);
#1577 = DIRECTION('',(0.528013989569,0.849235672131,0.));
#1578 = ORIENTED_EDGE('',*,*,#1579,.T.);
#1579 = EDGE_CURVE('',#1572,#1580,#1582,.T.);
#1580 = VERTEX_POINT('',#1581);
#1581 = CARTESIAN_POINT('',(-255.3510274735,102.75585094074,4.));
#1582 = LINE('',#1583,#1584);
#1583 = CARTESIAN_POINT('',(-324.6230107065,-5.057894941584,4.));
#1584 = VECTOR('',#1585,1.);
#1585 = DIRECTION('',(0.540554089056,0.841309263473,0.));
#1586 = ORIENTED_EDGE('',*,*,#1587,.T.);
#1587 = EDGE_CURVE('',#1580,#1588,#1590,.T.);
#1588 = VERTEX_POINT('',#1589);
#1589 = CARTESIAN_POINT('',(-252.8491462789,106.52557075332,4.));
#1590 = LINE('',#1591,#1592);
#1591 = CARTESIAN_POINT('',(-324.6932862056,-1.72588350842,4.));
#1592 = VECTOR('',#1593,1.);
#1593 = DIRECTION('',(0.55297522229,0.833197697748,0.));
#1594 = ORIENTED_EDGE('',*,*,#1595,.T.);
#1595 = EDGE_CURVE('',#1588,#1596,#1598,.T.);
#1596 = VERTEX_POINT('',#1597);
#1597 = CARTESIAN_POINT('',(-250.2916175261,110.25776094883,4.));
#1598 = LINE('',#1599,#1600);
#1599 = CARTESIAN_POINT('',(-324.7199079179,1.644891841865,4.));
#1600 = VECTOR('',#1601,1.);
#1601 = DIRECTION('',(0.565274655605,0.824902760167,0.));
#1602 = ORIENTED_EDGE('',*,*,#1603,.T.);
#1603 = EDGE_CURVE('',#1596,#1604,#1606,.T.);
#1604 = VERTEX_POINT('',#1605);
#1605 = CARTESIAN_POINT('',(-249.6288592704,111.19480061054,4.));
#1606 = LINE('',#1607,#1608);
#1607 = CARTESIAN_POINT('',(-324.7011731187,5.053934061618,4.));
#1608 = VECTOR('',#1609,1.);
#1609 = DIRECTION('',(0.577449682115,0.816426276295,0.));
#1610 = ORIENTED_EDGE('',*,*,#1611,.T.);
#1611 = EDGE_CURVE('',#1604,#1612,#1614,.T.);
#1612 = VERTEX_POINT('',#1613);
#1613 = CARTESIAN_POINT('',(-328.7717490509,129.08614537474,4.));
#1614 = LINE('',#1615,#1616);
#1615 = CARTESIAN_POINT('',(-140.7717490509,86.586145374741,4.));
#1616 = VECTOR('',#1617,1.);
#1617 = DIRECTION('',(-0.975387035788,0.220499728835,0.));
#1618 = ORIENTED_EDGE('',*,*,#1619,.F.);
#1619 = EDGE_CURVE('',#1620,#1612,#1622,.T.);
#1620 = VERTEX_POINT('',#1621);
#1621 = CARTESIAN_POINT('',(-327.228250949,135.91385462525,4.));
#1622 = LINE('',#1623,#1624);
#1623 = CARTESIAN_POINT('',(-327.228250949,135.91385462525,4.));
#1624 = VECTOR('',#1625,1.);
#1625 = DIRECTION('',(-0.220499728835,-0.975387035788,0.));
#1626 = ORIENTED_EDGE('',*,*,#1627,.F.);
#1627 = EDGE_CURVE('',#1628,#1620,#1630,.T.);
#1628 = VERTEX_POINT('',#1629);
#1629 = CARTESIAN_POINT('',(-245.1863860768,117.36715644936,4.));
#1630 = LINE('',#1631,#1632);
#1631 = CARTESIAN_POINT('',(-139.228250949,93.413854625259,4.));
#1632 = VECTOR('',#1633,1.);
#1633 = DIRECTION('',(-0.975387035788,0.220499728835,0.));
#1634 = ORIENTED_EDGE('',*,*,#1635,.T.);
#1635 = EDGE_CURVE('',#1628,#1636,#1638,.T.);
#1636 = VERTEX_POINT('',#1637);
#1637 = CARTESIAN_POINT('',(-245.0118809334,117.60627537672,4.));
#1638 = LINE('',#1639,#1640);
#1639 = CARTESIAN_POINT('',(-324.6353825502,8.500687233964,4.));
#1640 = VECTOR('',#1641,1.);
#1641 = DIRECTION('',(0.589497622315,0.807770111656,0.));
#1642 = ORIENTED_EDGE('',*,*,#1643,.T.);
#1643 = EDGE_CURVE('',#1636,#1644,#1646,.T.);
#1644 = VERTEX_POINT('',#1645);
#1645 = CARTESIAN_POINT('',(-242.2908350688,121.22098233298,4.));
#1646 = LINE('',#1647,#1648);
#1647 = CARTESIAN_POINT('',(-324.5208422947,11.984536524058,4.));
#1648 = VECTOR('',#1649,1.);
#1649 = DIRECTION('',(0.60141582467,0.798936171315,0.));
#1650 = ORIENTED_EDGE('',*,*,#1651,.T.);
#1651 = EDGE_CURVE('',#1644,#1652,#1654,.T.);
#1652 = VERTEX_POINT('',#1653);
#1653 = CARTESIAN_POINT('',(-239.5164653407,124.79492547588,4.));
#1654 = LINE('',#1655,#1656);
#1655 = CARTESIAN_POINT('',(-324.3558656513,15.504808187884,4.));
#1656 = VECTOR('',#1657,1.);
#1657 = DIRECTION('',(0.613201666199,0.789926399465,0.));
#1658 = ORIENTED_EDGE('',*,*,#1659,.T.);
#1659 = EDGE_CURVE('',#1652,#1660,#1662,.T.);
#1660 = VERTEX_POINT('',#1661);
#1661 = CARTESIAN_POINT('',(-236.689382338,128.32731824467,4.));
#1662 = LINE('',#1663,#1664);
#1663 = CARTESIAN_POINT('',(-324.1387750141,19.060769638672,4.));
#1664 = VECTOR('',#1665,1.);
#1665 = DIRECTION('',(0.624852553048,0.780742778993,0.));
#1666 = ORIENTED_EDGE('',*,*,#1667,.T.);
#1667 = EDGE_CURVE('',#1660,#1668,#1670,.T.);
#1668 = VERTEX_POINT('',#1669);
#1669 = CARTESIAN_POINT('',(-233.810208251,131.81738322312,4.));
#1670 = LINE('',#1671,#1672);
#1671 = CARTESIAN_POINT('',(-323.8679037503,22.651629571012,4.));
#1672 = VECTOR('',#1673,1.);
#1673 = DIRECTION('',(0.636365921066,0.771387331051,0.));
#1674 = ORIENTED_EDGE('',*,*,#1675,.T.);
#1675 = EDGE_CURVE('',#1668,#1676,#1678,.T.);
#1676 = VERTEX_POINT('',#1677);
#1677 = CARTESIAN_POINT('',(-230.8795767342,135.26435231057,4.));
#1678 = LINE('',#1679,#1680);
#1679 = CARTESIAN_POINT('',(-323.5415980757,26.276538142675,4.));
#1680 = VECTOR('',#1681,1.);
#1681 = DIRECTION('',(0.647739236369,0.761862114603,0.));
#1682 = ORIENTED_EDGE('',*,*,#1683,.T.);
#1683 = EDGE_CURVE('',#1676,#1684,#1686,.T.);
#1684 = VERTEX_POINT('',#1685);
#1685 = CARTESIAN_POINT('',(-227.8981327671,138.66746689101,4.));
#1686 = LINE('',#1687,#1688);
#1687 = CARTESIAN_POINT('',(-323.1582189275,29.934587214061,4.));
#1688 = VECTOR('',#1689,1.);
#1689 = DIRECTION('',(0.658969995893,0.752169225981,0.));
#1690 = ORIENTED_EDGE('',*,*,#1691,.T.);
#1691 = EDGE_CURVE('',#1684,#1692,#1694,.T.);
#1692 = VERTEX_POINT('',#1693);
#1693 = CARTESIAN_POINT('',(-227.1466367905,139.5,4.));
#1694 = LINE('',#1695,#1696);
#1695 = CARTESIAN_POINT('',(-322.7161438306,33.62481064523,4.));
#1696 = VECTOR('',#1697,1.);
#1697 = DIRECTION('',(0.67005572795,0.742310798414,0.));
#1698 = ORIENTED_EDGE('',*,*,#1699,.F.);
#1699 = EDGE_CURVE('',#973,#1692,#1700,.T.);
#1700 = LINE('',#1701,#1702);
#1701 = CARTESIAN_POINT('',(-340.,139.5,4.));
#1702 = VECTOR('',#1703,1.);
#1703 = DIRECTION('',(1.,0.,0.));
#1704 = PLANE('',#1705);
#1705 = AXIS2_PLACEMENT_3D('',#1706,#1707,#1708);
#1706 = CARTESIAN_POINT('',(-340.,-147.5,4.));
#1707 = DIRECTION('',(0.,0.,1.));
#1708 = DIRECTION('',(1.,0.,0.));
#1709 = ADVANCED_FACE('',(#1710),#1728,.T.);
#1710 = FACE_BOUND('',#1711,.T.);
#1711 = EDGE_LOOP('',(#1712,#1713,#1721,#1727));
#1712 = ORIENTED_EDGE('',*,*,#1035,.F.);
#1713 = ORIENTED_EDGE('',*,*,#1714,.T.);
#1714 = EDGE_CURVE('',#1028,#1715,#1717,.T.);
#1715 = VERTEX_POINT('',#1716);
#1716 = CARTESIAN_POINT('',(-165.,-65.,24.));
#1717 = LINE('',#1718,#1719);
#1718 = CARTESIAN_POINT('',(-165.,-65.,4.));
#1719 = VECTOR('',#1720,1.);
#1720 = DIRECTION('',(0.,0.,1.));
#1721 = ORIENTED_EDGE('',*,*,#1722,.T.);
#1722 = EDGE_CURVE('',#1715,#247,#1723,.T.);
#1723 = LINE('',#1724,#1725);
#1724 = CARTESIAN_POINT('',(-165.,-65.,24.));
#1725 = VECTOR('',#1726,1.);
#1726 = DIRECTION('',(1.,0.,0.));
#1727 = ORIENTED_EDGE('',*,*,#246,.F.);
#1728 = PLANE('',#1729);
#1729 = AXIS2_PLACEMENT_3D('',#1730,#1731,#1732);
#1730 = CARTESIAN_POINT('',(-165.,-65.,4.));
#1731 = DIRECTION('',(0.,1.,0.));
#1732 = DIRECTION('',(0.,0.,1.));
#1733 = ADVANCED_FACE('',(#1734),#1752,.T.);
#1734 = FACE_BOUND('',#1735,.T.);
#1735 = EDGE_LOOP('',(#1736,#1744,#1750,#1751));
#1736 = ORIENTED_EDGE('',*,*,#1737,.F.);
#1737 = EDGE_CURVE('',#1738,#1715,#1740,.T.);
#1738 = VERTEX_POINT('',#1739);
#1739 = CARTESIAN_POINT('',(-165.,-115.,24.));
#1740 = LINE('',#1741,#1742);
#1741 = CARTESIAN_POINT('',(-165.,-115.,24.));
#1742 = VECTOR('',#1743,1.);
#1743 = DIRECTION('',(0.,1.,0.));
#1744 = ORIENTED_EDGE('',*,*,#1745,.T.);
#1745 = EDGE_CURVE('',#1738,#255,#1746,.T.);
#1746 = LINE('',#1747,#1748);
#1747 = CARTESIAN_POINT('',(-165.,-115.,24.));
#1748 = VECTOR('',#1749,1.);
#1749 = DIRECTION('',(1.,0.,0.));
#1750 = ORIENTED_EDGE('',*,*,#254,.T.);
#1751 = ORIENTED_EDGE('',*,*,#1722,.F.);
#1752 = PLANE('',#1753);
#1753 = AXIS2_PLACEMENT_3D('',#1754,#1755,#1756);
#1754 = CARTESIAN_POINT('',(-165.,-115.,24.));
#1755 = DIRECTION('',(0.,0.,1.));
#1756 = DIRECTION('',(1.,0.,0.));
#1757 = ADVANCED_FACE('',(#1758),#1769,.F.);
#1758 = FACE_BOUND('',#1759,.F.);
#1759 = EDGE_LOOP('',(#1760,#1761,#1767,#1768));
#1760 = ORIENTED_EDGE('',*,*,#987,.F.);
#1761 = ORIENTED_EDGE('',*,*,#1762,.T.);
#1762 = EDGE_CURVE('',#988,#1738,#1763,.T.);
#1763 = LINE('',#1764,#1765);
#1764 = CARTESIAN_POINT('',(-165.,-115.,4.));
#1765 = VECTOR('',#1766,1.);
#1766 = DIRECTION('',(0.,0.,1.));
#1767 = ORIENTED_EDGE('',*,*,#1745,.T.);
#1768 = ORIENTED_EDGE('',*,*,#262,.F.);
#1769 = PLANE('',#1770);
#1770 = AXIS2_PLACEMENT_3D('',#1771,#1772,#1773);
#1771 = CARTESIAN_POINT('',(-165.,-115.,4.));
#1772 = DIRECTION('',(0.,1.,0.));
#1773 = DIRECTION('',(0.,0.,1.));
#1774 = ADVANCED_FACE('',(#1775),#1786,.T.);
#1775 = FACE_BOUND('',#1776,.T.);
#1776 = EDGE_LOOP('',(#1777,#1778,#1784,#1785));
#1777 = ORIENTED_EDGE('',*,*,#980,.F.);
#1778 = ORIENTED_EDGE('',*,*,#1779,.F.);
#1779 = EDGE_CURVE('',#363,#971,#1780,.T.);
#1780 = LINE('',#1781,#1782);
#1781 = CARTESIAN_POINT('',(-332.,-139.5,4.));
#1782 = VECTOR('',#1783,1.);
#1783 = DIRECTION('',(0.,0.,-1.));
#1784 = ORIENTED_EDGE('',*,*,#362,.T.);
#1785 = ORIENTED_EDGE('',*,*,#278,.F.);
#1786 = PLANE('',#1787);
#1787 = AXIS2_PLACEMENT_3D('',#1788,#1789,#1790);
#1788 = CARTESIAN_POINT('',(-340.,-139.5,4.));
#1789 = DIRECTION('',(0.,1.,0.));
#1790 = DIRECTION('',(0.,0.,1.));
#1791 = ADVANCED_FACE('',(#1792),#1833,.F.);
#1792 = FACE_BOUND('',#1793,.F.);
#1793 = EDGE_LOOP('',(#1794,#1795,#1803,#1811,#1819,#1827));
#1794 = ORIENTED_EDGE('',*,*,#294,.F.);
#1795 = ORIENTED_EDGE('',*,*,#1796,.T.);
#1796 = EDGE_CURVE('',#295,#1797,#1799,.T.);
#1797 = VERTEX_POINT('',#1798);
#1798 = CARTESIAN_POINT('',(-103.5,-102.,8.));
#1799 = LINE('',#1800,#1801);
#1800 = CARTESIAN_POINT('',(-148.,-102.,8.));
#1801 = VECTOR('',#1802,1.);
#1802 = DIRECTION('',(1.,0.,0.));
#1803 = ORIENTED_EDGE('',*,*,#1804,.T.);
#1804 = EDGE_CURVE('',#1797,#1805,#1807,.T.);
#1805 = VERTEX_POINT('',#1806);
#1806 = CARTESIAN_POINT('',(-96.5,-102.,8.));
#1807 = LINE('',#1808,#1809);
#1808 = CARTESIAN_POINT('',(-148.,-102.,8.));
#1809 = VECTOR('',#1810,1.);
#1810 = DIRECTION('',(1.,0.,0.));
#1811 = ORIENTED_EDGE('',*,*,#1812,.T.);
#1812 = EDGE_CURVE('',#1805,#1813,#1815,.T.);
#1813 = VERTEX_POINT('',#1814);
#1814 = CARTESIAN_POINT('',(-90.,-102.,8.));
#1815 = LINE('',#1816,#1817);
#1816 = CARTESIAN_POINT('',(-148.,-102.,8.));
#1817 = VECTOR('',#1818,1.);
#1818 = DIRECTION('',(1.,0.,0.));
#1819 = ORIENTED_EDGE('',*,*,#1820,.T.);
#1820 = EDGE_CURVE('',#1813,#1821,#1823,.T.);
#1821 = VERTEX_POINT('',#1822);
#1822 = CARTESIAN_POINT('',(-90.,-102.,4.));
#1823 = LINE('',#1824,#1825);
#1824 = CARTESIAN_POINT('',(-90.,-102.,8.));
#1825 = VECTOR('',#1826,1.);
#1826 = DIRECTION('',(0.,0.,-1.));
#1827 = ORIENTED_EDGE('',*,*,#1828,.F.);
#1828 = EDGE_CURVE('',#297,#1821,#1829,.T.);
#1829 = LINE('',#1830,#1831);
#1830 = CARTESIAN_POINT('',(-148.,-102.,4.));
#1831 = VECTOR('',#1832,1.);
#1832 = DIRECTION('',(1.,0.,0.));
#1833 = PLANE('',#1834);
#1834 = AXIS2_PLACEMENT_3D('',#1835,#1836,#1837);
#1835 = CARTESIAN_POINT('',(-148.,-102.,8.));
#1836 = DIRECTION('',(0.,1.,0.));
#1837 = DIRECTION('',(0.,0.,-1.));
#1838 = ADVANCED_FACE('',(#1839),#1920,.F.);
#1839 = FACE_BOUND('',#1840,.F.);
#1840 = EDGE_LOOP('',(#1841,#1842,#1850,#1858,#1866,#1874,#1882,#1888,
    #1889,#1897,#1905,#1913,#1919));
#1841 = ORIENTED_EDGE('',*,*,#304,.F.);
#1842 = ORIENTED_EDGE('',*,*,#1843,.T.);
#1843 = EDGE_CURVE('',#305,#1844,#1846,.T.);
#1844 = VERTEX_POINT('',#1845);
#1845 = CARTESIAN_POINT('',(-119.3,-90.,20.));
#1846 = LINE('',#1847,#1848);
#1847 = CARTESIAN_POINT('',(-148.,-90.,20.));
#1848 = VECTOR('',#1849,1.);
#1849 = DIRECTION('',(1.,0.,0.));
#1850 = ORIENTED_EDGE('',*,*,#1851,.T.);
#1851 = EDGE_CURVE('',#1844,#1852,#1854,.T.);
#1852 = VERTEX_POINT('',#1853);
#1853 = CARTESIAN_POINT('',(-119.3,-96.3,13.7));
#1854 = LINE('',#1855,#1856);
#1855 = CARTESIAN_POINT('',(-119.3,-96.825,13.175));
#1856 = VECTOR('',#1857,1.);
#1857 = DIRECTION('',(0.,-0.707106781187,-0.707106781187));
#1858 = ORIENTED_EDGE('',*,*,#1859,.T.);
#1859 = EDGE_CURVE('',#1852,#1860,#1862,.T.);
#1860 = VERTEX_POINT('',#1861);
#1861 = CARTESIAN_POINT('',(-110.7,-96.3,13.7));
#1862 = LINE('',#1863,#1864);
#1863 = CARTESIAN_POINT('',(-133.65,-96.3,13.7));
#1864 = VECTOR('',#1865,1.);
#1865 = DIRECTION('',(1.,0.,0.));
#1866 = ORIENTED_EDGE('',*,*,#1867,.F.);
#1867 = EDGE_CURVE('',#1868,#1860,#1870,.T.);
#1868 = VERTEX_POINT('',#1869);
#1869 = CARTESIAN_POINT('',(-110.7,-90.,20.));
#1870 = LINE('',#1871,#1872);
#1871 = CARTESIAN_POINT('',(-110.7,-96.825,13.175));
#1872 = VECTOR('',#1873,1.);
#1873 = DIRECTION('',(0.,-0.707106781187,-0.707106781187));
#1874 = ORIENTED_EDGE('',*,*,#1875,.T.);
#1875 = EDGE_CURVE('',#1868,#1876,#1878,.T.);
#1876 = VERTEX_POINT('',#1877);
#1877 = CARTESIAN_POINT('',(-90.,-90.,20.));
#1878 = LINE('',#1879,#1880);
#1879 = CARTESIAN_POINT('',(-148.,-90.,20.));
#1880 = VECTOR('',#1881,1.);
#1881 = DIRECTION('',(1.,0.,0.));
#1882 = ORIENTED_EDGE('',*,*,#1883,.T.);
#1883 = EDGE_CURVE('',#1876,#1813,#1884,.T.);
#1884 = LINE('',#1885,#1886);
#1885 = CARTESIAN_POINT('',(-90.,-90.,20.));
#1886 = VECTOR('',#1887,1.);
#1887 = DIRECTION('',(0.,-0.707106781187,-0.707106781187));
#1888 = ORIENTED_EDGE('',*,*,#1812,.F.);
#1889 = ORIENTED_EDGE('',*,*,#1890,.F.);
#1890 = EDGE_CURVE('',#1891,#1805,#1893,.T.);
#1891 = VERTEX_POINT('',#1892);
#1892 = CARTESIAN_POINT('',(-96.5,-97.8,12.2));
#1893 = LINE('',#1894,#1895);
#1894 = CARTESIAN_POINT('',(-96.5,-99.5,10.5));
#1895 = VECTOR('',#1896,1.);
#1896 = DIRECTION('',(0.,-0.707106781187,-0.707106781187));
#1897 = ORIENTED_EDGE('',*,*,#1898,.F.);
#1898 = EDGE_CURVE('',#1899,#1891,#1901,.T.);
#1899 = VERTEX_POINT('',#1900);
#1900 = CARTESIAN_POINT('',(-100.,-93.8,16.2));
#1901 = LINE('',#1902,#1903);
#1902 = CARTESIAN_POINT('',(-103.2172316384,-90.1231638418,
    19.876836158192));
#1903 = VECTOR('',#1904,1.);
#1904 = DIRECTION('',(0.526152219602,-0.601316822402,-0.601316822402));
#1905 = ORIENTED_EDGE('',*,*,#1906,.F.);
#1906 = EDGE_CURVE('',#1907,#1899,#1909,.T.);
#1907 = VERTEX_POINT('',#1908);
#1908 = CARTESIAN_POINT('',(-103.5,-97.8,12.2));
#1909 = LINE('',#1910,#1911);
#1910 = CARTESIAN_POINT('',(-108.9536723163,-104.0327683615,
    5.967231638418));
#1911 = VECTOR('',#1912,1.);
#1912 = DIRECTION('',(0.526152219602,0.601316822402,0.601316822402));
#1913 = ORIENTED_EDGE('',*,*,#1914,.F.);
#1914 = EDGE_CURVE('',#1797,#1907,#1915,.T.);
#1915 = LINE('',#1916,#1917);
#1916 = CARTESIAN_POINT('',(-103.5,-98.45,11.55));
#1917 = VECTOR('',#1918,1.);
#1918 = DIRECTION('',(0.,0.707106781187,0.707106781187));
#1919 = ORIENTED_EDGE('',*,*,#1796,.F.);
#1920 = PLANE('',#1921);
#1921 = AXIS2_PLACEMENT_3D('',#1922,#1923,#1924);
#1922 = CARTESIAN_POINT('',(-148.,-90.,20.));
#1923 = DIRECTION('',(0.,0.707106781187,-0.707106781187));
#1924 = DIRECTION('',(0.,-0.707106781187,-0.707106781187));
#1925 = ADVANCED_FACE('',(#1926),#2007,.F.);
#1926 = FACE_BOUND('',#1927,.F.);
#1927 = EDGE_LOOP('',(#1928,#1929,#1937,#1945,#1953,#1961,#1969,#1977,
    #1983,#1984,#1992,#2000,#2006));
#1928 = ORIENTED_EDGE('',*,*,#312,.F.);
#1929 = ORIENTED_EDGE('',*,*,#1930,.T.);
#1930 = EDGE_CURVE('',#313,#1931,#1933,.T.);
#1931 = VERTEX_POINT('',#1932);
#1932 = CARTESIAN_POINT('',(-103.5,-78.,8.));
#1933 = LINE('',#1934,#1935);
#1934 = CARTESIAN_POINT('',(-148.,-78.,8.));
#1935 = VECTOR('',#1936,1.);
#1936 = DIRECTION('',(1.,0.,0.));
#1937 = ORIENTED_EDGE('',*,*,#1938,.F.);
#1938 = EDGE_CURVE('',#1939,#1931,#1941,.T.);
#1939 = VERTEX_POINT('',#1940);
#1940 = CARTESIAN_POINT('',(-103.5,-82.2,12.2));
#1941 = LINE('',#1942,#1943);
#1942 = CARTESIAN_POINT('',(-103.5,-88.55,18.55));
#1943 = VECTOR('',#1944,1.);
#1944 = DIRECTION('',(0.,0.707106781187,-0.707106781187));
#1945 = ORIENTED_EDGE('',*,*,#1946,.F.);
#1946 = EDGE_CURVE('',#1947,#1939,#1949,.T.);
#1947 = VERTEX_POINT('',#1948);
#1948 = CARTESIAN_POINT('',(-100.,-86.2,16.2));
#1949 = LINE('',#1950,#1951);
#1950 = CARTESIAN_POINT('',(-104.5242937853,-81.02937853107,
    11.029378531073));
#1951 = VECTOR('',#1952,1.);
#1952 = DIRECTION('',(-0.526152219602,0.601316822402,-0.601316822402));
#1953 = ORIENTED_EDGE('',*,*,#1954,.F.);
#1954 = EDGE_CURVE('',#1955,#1947,#1957,.T.);
#1955 = VERTEX_POINT('',#1956);
#1956 = CARTESIAN_POINT('',(-96.5,-82.2,12.2));
#1957 = LINE('',#1958,#1959);
#1958 = CARTESIAN_POINT('',(-107.6466101694,-94.93898305084,
    24.938983050847));
#1959 = VECTOR('',#1960,1.);
#1960 = DIRECTION('',(-0.526152219602,-0.601316822402,0.601316822402));
#1961 = ORIENTED_EDGE('',*,*,#1962,.F.);
#1962 = EDGE_CURVE('',#1963,#1955,#1965,.T.);
#1963 = VERTEX_POINT('',#1964);
#1964 = CARTESIAN_POINT('',(-96.5,-78.,8.));
#1965 = LINE('',#1966,#1967);
#1966 = CARTESIAN_POINT('',(-96.5,-87.5,17.5));
#1967 = VECTOR('',#1968,1.);
#1968 = DIRECTION('',(0.,-0.707106781187,0.707106781187));
#1969 = ORIENTED_EDGE('',*,*,#1970,.T.);
#1970 = EDGE_CURVE('',#1963,#1971,#1973,.T.);
#1971 = VERTEX_POINT('',#1972);
#1972 = CARTESIAN_POINT('',(-90.,-78.,8.));
#1973 = LINE('',#1974,#1975);
#1974 = CARTESIAN_POINT('',(-148.,-78.,8.));
#1975 = VECTOR('',#1976,1.);
#1976 = DIRECTION('',(1.,0.,0.));
#1977 = ORIENTED_EDGE('',*,*,#1978,.T.);
#1978 = EDGE_CURVE('',#1971,#1876,#1979,.T.);
#1979 = LINE('',#1980,#1981);
#1980 = CARTESIAN_POINT('',(-90.,-78.,8.));
#1981 = VECTOR('',#1982,1.);
#1982 = DIRECTION('',(0.,-0.707106781187,0.707106781187));
#1983 = ORIENTED_EDGE('',*,*,#1875,.F.);
#1984 = ORIENTED_EDGE('',*,*,#1985,.F.);
#1985 = EDGE_CURVE('',#1986,#1868,#1988,.T.);
#1986 = VERTEX_POINT('',#1987);
#1987 = CARTESIAN_POINT('',(-110.7,-83.7,13.7));
#1988 = LINE('',#1989,#1990);
#1989 = CARTESIAN_POINT('',(-110.7,-80.325,10.325));
#1990 = VECTOR('',#1991,1.);
#1991 = DIRECTION('',(0.,-0.707106781187,0.707106781187));
#1992 = ORIENTED_EDGE('',*,*,#1993,.F.);
#1993 = EDGE_CURVE('',#1994,#1986,#1996,.T.);
#1994 = VERTEX_POINT('',#1995);
#1995 = CARTESIAN_POINT('',(-119.3,-83.7,13.7));
#1996 = LINE('',#1997,#1998);
#1997 = CARTESIAN_POINT('',(-133.65,-83.7,13.7));
#1998 = VECTOR('',#1999,1.);
#1999 = DIRECTION('',(1.,0.,0.));
#2000 = ORIENTED_EDGE('',*,*,#2001,.T.);
#2001 = EDGE_CURVE('',#1994,#1844,#2002,.T.);
#2002 = LINE('',#2003,#2004);
#2003 = CARTESIAN_POINT('',(-119.3,-80.325,10.325));
#2004 = VECTOR('',#2005,1.);
#2005 = DIRECTION('',(0.,-0.707106781187,0.707106781187));
#2006 = ORIENTED_EDGE('',*,*,#1843,.F.);
#2007 = PLANE('',#2008);
#2008 = AXIS2_PLACEMENT_3D('',#2009,#2010,#2011);
#2009 = CARTESIAN_POINT('',(-148.,-78.,8.));
#2010 = DIRECTION('',(0.,-0.707106781187,-0.707106781187));
#2011 = DIRECTION('',(0.,-0.707106781187,0.707106781187));
#2012 = ADVANCED_FACE('',(#2013),#2038,.F.);
#2013 = FACE_BOUND('',#2014,.F.);
#2014 = EDGE_LOOP('',(#2015,#2016,#2024,#2030,#2031,#2037));
#2015 = ORIENTED_EDGE('',*,*,#320,.F.);
#2016 = ORIENTED_EDGE('',*,*,#2017,.T.);
#2017 = EDGE_CURVE('',#321,#2018,#2020,.T.);
#2018 = VERTEX_POINT('',#2019);
#2019 = CARTESIAN_POINT('',(-90.,-78.,4.));
#2020 = LINE('',#2021,#2022);
#2021 = CARTESIAN_POINT('',(-148.,-78.,4.));
#2022 = VECTOR('',#2023,1.);
#2023 = DIRECTION('',(1.,0.,0.));
#2024 = ORIENTED_EDGE('',*,*,#2025,.T.);
#2025 = EDGE_CURVE('',#2018,#1971,#2026,.T.);
#2026 = LINE('',#2027,#2028);
#2027 = CARTESIAN_POINT('',(-90.,-78.,4.));
#2028 = VECTOR('',#2029,1.);
#2029 = DIRECTION('',(0.,0.,1.));
#2030 = ORIENTED_EDGE('',*,*,#1970,.F.);
#2031 = ORIENTED_EDGE('',*,*,#2032,.F.);
#2032 = EDGE_CURVE('',#1931,#1963,#2033,.T.);
#2033 = LINE('',#2034,#2035);
#2034 = CARTESIAN_POINT('',(-148.,-78.,8.));
#2035 = VECTOR('',#2036,1.);
#2036 = DIRECTION('',(1.,0.,0.));
#2037 = ORIENTED_EDGE('',*,*,#1930,.F.);
#2038 = PLANE('',#2039);
#2039 = AXIS2_PLACEMENT_3D('',#2040,#2041,#2042);
#2040 = CARTESIAN_POINT('',(-148.,-78.,4.));
#2041 = DIRECTION('',(0.,-1.,0.));
#2042 = DIRECTION('',(0.,0.,1.));
#2043 = ADVANCED_FACE('',(#2044,#2055),#2089,.T.);
#2044 = FACE_BOUND('',#2045,.T.);
#2045 = EDGE_LOOP('',(#2046,#2047,#2048,#2054));
#2046 = ORIENTED_EDGE('',*,*,#328,.T.);
#2047 = ORIENTED_EDGE('',*,*,#2017,.T.);
#2048 = ORIENTED_EDGE('',*,*,#2049,.F.);
#2049 = EDGE_CURVE('',#1821,#2018,#2050,.T.);
#2050 = LINE('',#2051,#2052);
#2051 = CARTESIAN_POINT('',(-90.,-102.,4.));
#2052 = VECTOR('',#2053,1.);
#2053 = DIRECTION('',(0.,1.,0.));
#2054 = ORIENTED_EDGE('',*,*,#1828,.F.);
#2055 = FACE_BOUND('',#2056,.T.);
#2056 = EDGE_LOOP('',(#2057,#2067,#2075,#2083));
#2057 = ORIENTED_EDGE('',*,*,#2058,.F.);
#2058 = EDGE_CURVE('',#2059,#2061,#2063,.T.);
#2059 = VERTEX_POINT('',#2060);
#2060 = CARTESIAN_POINT('',(-119.3,-83.7,4.));
#2061 = VERTEX_POINT('',#2062);
#2062 = CARTESIAN_POINT('',(-110.7,-83.7,4.));
#2063 = LINE('',#2064,#2065);
#2064 = CARTESIAN_POINT('',(-117.15,-83.7,4.));
#2065 = VECTOR('',#2066,1.);
#2066 = DIRECTION('',(1.,0.,0.));
#2067 = ORIENTED_EDGE('',*,*,#2068,.T.);
#2068 = EDGE_CURVE('',#2059,#2069,#2071,.T.);
#2069 = VERTEX_POINT('',#2070);
#2070 = CARTESIAN_POINT('',(-119.3,-96.3,4.));
#2071 = LINE('',#2072,#2073);
#2072 = CARTESIAN_POINT('',(-119.3,-93.15,4.));
#2073 = VECTOR('',#2074,1.);
#2074 = DIRECTION('',(0.,-1.,0.));
#2075 = ORIENTED_EDGE('',*,*,#2076,.T.);
#2076 = EDGE_CURVE('',#2069,#2077,#2079,.T.);
#2077 = VERTEX_POINT('',#2078);
#2078 = CARTESIAN_POINT('',(-110.7,-96.3,4.));
#2079 = LINE('',#2080,#2081);
#2080 = CARTESIAN_POINT('',(-117.15,-96.3,4.));
#2081 = VECTOR('',#2082,1.);
#2082 = DIRECTION('',(1.,0.,0.));
#2083 = ORIENTED_EDGE('',*,*,#2084,.F.);
#2084 = EDGE_CURVE('',#2061,#2077,#2085,.T.);
#2085 = LINE('',#2086,#2087);
#2086 = CARTESIAN_POINT('',(-110.7,-93.15,4.));
#2087 = VECTOR('',#2088,1.);
#2088 = DIRECTION('',(0.,-1.,0.));
#2089 = PLANE('',#2090);
#2090 = AXIS2_PLACEMENT_3D('',#2091,#2092,#2093);
#2091 = CARTESIAN_POINT('',(-115.,-90.,4.));
#2092 = DIRECTION('',(-0.,-0.,-1.));
#2093 = DIRECTION('',(-1.,0.,0.));
#2094 = ADVANCED_FACE('',(#2095),#2106,.T.);
#2095 = FACE_BOUND('',#2096,.T.);
#2096 = EDGE_LOOP('',(#2097,#2098,#2099,#2105));
#2097 = ORIENTED_EDGE('',*,*,#1779,.T.);
#2098 = ORIENTED_EDGE('',*,*,#970,.T.);
#2099 = ORIENTED_EDGE('',*,*,#2100,.F.);
#2100 = EDGE_CURVE('',#371,#973,#2101,.T.);
#2101 = LINE('',#2102,#2103);
#2102 = CARTESIAN_POINT('',(-332.,139.5,4.));
#2103 = VECTOR('',#2104,1.);
#2104 = DIRECTION('',(0.,0.,-1.));
#2105 = ORIENTED_EDGE('',*,*,#370,.F.);
#2106 = PLANE('',#2107);
#2107 = AXIS2_PLACEMENT_3D('',#2108,#2109,#2110);
#2108 = CARTESIAN_POINT('',(-332.,-147.5,4.));
#2109 = DIRECTION('',(1.,0.,0.));
#2110 = DIRECTION('',(0.,0.,1.));
#2111 = ADVANCED_FACE('',(#2112),#2123,.F.);
#2112 = FACE_BOUND('',#2113,.F.);
#2113 = EDGE_LOOP('',(#2114,#2115,#2116,#2117));
#2114 = ORIENTED_EDGE('',*,*,#1699,.F.);
#2115 = ORIENTED_EDGE('',*,*,#2100,.F.);
#2116 = ORIENTED_EDGE('',*,*,#378,.T.);
#2117 = ORIENTED_EDGE('',*,*,#2118,.T.);
#2118 = EDGE_CURVE('',#379,#1692,#2119,.T.);
#2119 = LINE('',#2120,#2121);
#2120 = CARTESIAN_POINT('',(-227.1466367905,139.5,3.9));
#2121 = VECTOR('',#2122,1.);
#2122 = DIRECTION('',(0.,0.,-1.));
#2123 = PLANE('',#2124);
#2124 = AXIS2_PLACEMENT_3D('',#2125,#2126,#2127);
#2125 = CARTESIAN_POINT('',(-340.,139.5,4.));
#2126 = DIRECTION('',(0.,1.,0.));
#2127 = DIRECTION('',(0.,0.,1.));
#2128 = ADVANCED_FACE('',(#2129),#2156,.F.);
#2129 = FACE_BOUND('',#2130,.F.);
#2130 = EDGE_LOOP('',(#2131,#2132,#2133,#2141,#2149,#2155));
#2131 = ORIENTED_EDGE('',*,*,#2118,.F.);
#2132 = ORIENTED_EDGE('',*,*,#386,.T.);
#2133 = ORIENTED_EDGE('',*,*,#2134,.T.);
#2134 = EDGE_CURVE('',#387,#2135,#2137,.T.);
#2135 = VERTEX_POINT('',#2136);
#2136 = CARTESIAN_POINT('',(-224.8665325118,142.025978,16.8));
#2137 = LINE('',#2138,#2139);
#2138 = CARTESIAN_POINT('',(-224.8665325118,142.025978,3.8));
#2139 = VECTOR('',#2140,1.);
#2140 = DIRECTION('',(0.,0.,1.));
#2141 = ORIENTED_EDGE('',*,*,#2142,.T.);
#2142 = EDGE_CURVE('',#2135,#2143,#2145,.T.);
#2143 = VERTEX_POINT('',#2144);
#2144 = CARTESIAN_POINT('',(-227.8981327671,138.66746689101,16.8));
#2145 = LINE('',#2146,#2147);
#2146 = CARTESIAN_POINT('',(-250.5560149436,113.56628514255,16.8));
#2147 = VECTOR('',#2148,1.);
#2148 = DIRECTION('',(-0.67005572795,-0.742310798414,0.));
#2149 = ORIENTED_EDGE('',*,*,#2150,.F.);
#2150 = EDGE_CURVE('',#1684,#2143,#2151,.T.);
#2151 = LINE('',#2152,#2153);
#2152 = CARTESIAN_POINT('',(-227.8981327671,138.66746689101,3.8));
#2153 = VECTOR('',#2154,1.);
#2154 = DIRECTION('',(0.,0.,1.));
#2155 = ORIENTED_EDGE('',*,*,#1691,.T.);
#2156 = PLANE('',#2157);
#2157 = AXIS2_PLACEMENT_3D('',#2158,#2159,#2160);
#2158 = CARTESIAN_POINT('',(-224.8665325118,142.025978,3.8));
#2159 = DIRECTION('',(0.742310798414,-0.67005572795,0.));
#2160 = DIRECTION('',(-0.67005572795,-0.742310798414,0.));
#2161 = ADVANCED_FACE('',(#2162),#2180,.F.);
#2162 = FACE_BOUND('',#2163,.F.);
#2163 = EDGE_LOOP('',(#2164,#2165,#2166,#2174));
#2164 = ORIENTED_EDGE('',*,*,#2134,.F.);
#2165 = ORIENTED_EDGE('',*,*,#394,.T.);
#2166 = ORIENTED_EDGE('',*,*,#2167,.T.);
#2167 = EDGE_CURVE('',#395,#2168,#2170,.T.);
#2168 = VERTEX_POINT('',#2169);
#2169 = CARTESIAN_POINT('',(-221.7854431692,145.33914648954,16.8));
#2170 = LINE('',#2171,#2172);
#2171 = CARTESIAN_POINT('',(-221.7854431692,145.33914648954,3.8));
#2172 = VECTOR('',#2173,1.);
#2173 = DIRECTION('',(0.,0.,1.));
#2174 = ORIENTED_EDGE('',*,*,#2175,.T.);
#2175 = EDGE_CURVE('',#2168,#2135,#2176,.T.);
#2176 = LINE('',#2177,#2178);
#2177 = CARTESIAN_POINT('',(-249.226543357,115.83108023378,16.8));
#2178 = VECTOR('',#2179,1.);
#2179 = DIRECTION('',(-0.680993992769,-0.732289001565,0.));
#2180 = PLANE('',#2181);
#2181 = AXIS2_PLACEMENT_3D('',#2182,#2183,#2184);
#2182 = CARTESIAN_POINT('',(-221.7854431692,145.33914648954,3.8));
#2183 = DIRECTION('',(0.732289001565,-0.680993992769,0.));
#2184 = DIRECTION('',(-0.680993992769,-0.732289001565,0.));
#2185 = ADVANCED_FACE('',(#2186),#2206,.F.);
#2186 = FACE_BOUND('',#2187,.F.);
#2187 = EDGE_LOOP('',(#2188,#2189,#2190,#2198,#2204,#2205));
#2188 = ORIENTED_EDGE('',*,*,#434,.F.);
#2189 = ORIENTED_EDGE('',*,*,#451,.T.);
#2190 = ORIENTED_EDGE('',*,*,#2191,.T.);
#2191 = EDGE_CURVE('',#452,#2192,#2194,.T.);
#2192 = VERTEX_POINT('',#2193);
#2193 = CARTESIAN_POINT('',(-183.970131738,109.64597877695,16.8));
#2194 = LINE('',#2195,#2196);
#2195 = CARTESIAN_POINT('',(-183.970131738,109.64597877695,3.8));
#2196 = VECTOR('',#2197,1.);
#2197 = DIRECTION('',(0.,0.,1.));
#2198 = ORIENTED_EDGE('',*,*,#2199,.T.);
#2199 = EDGE_CURVE('',#2192,#2168,#2200,.T.);
#2200 = LINE('',#2201,#2202);
#2201 = CARTESIAN_POINT('',(-187.4617818606,112.94168225541,16.8));
#2202 = VECTOR('',#2203,1.);
#2203 = DIRECTION('',(-0.727217527524,0.686407071396,0.));
#2204 = ORIENTED_EDGE('',*,*,#2167,.F.);
#2205 = ORIENTED_EDGE('',*,*,#402,.T.);
#2206 = PLANE('',#2207);
#2207 = AXIS2_PLACEMENT_3D('',#2208,#2209,#2210);
#2208 = CARTESIAN_POINT('',(-183.970131738,109.64597877695,3.8));
#2209 = DIRECTION('',(-0.686407071396,-0.727217527524,0.));
#2210 = DIRECTION('',(-0.727217527524,0.686407071396,0.));
#2211 = ADVANCED_FACE('',(#2212),#2230,.F.);
#2212 = FACE_BOUND('',#2213,.F.);
#2213 = EDGE_LOOP('',(#2214,#2215,#2216,#2224));
#2214 = ORIENTED_EDGE('',*,*,#2191,.F.);
#2215 = ORIENTED_EDGE('',*,*,#459,.T.);
#2216 = ORIENTED_EDGE('',*,*,#2217,.T.);
#2217 = EDGE_CURVE('',#460,#2218,#2220,.T.);
#2218 = VERTEX_POINT('',#2219);
#2219 = CARTESIAN_POINT('',(-186.5258829368,106.89771886061,16.8));
#2220 = LINE('',#2221,#2222);
#2221 = CARTESIAN_POINT('',(-186.5258829368,106.89771886061,3.8));
#2222 = VECTOR('',#2223,1.);
#2223 = DIRECTION('',(0.,0.,1.));
#2224 = ORIENTED_EDGE('',*,*,#2225,.T.);
#2225 = EDGE_CURVE('',#2218,#2192,#2226,.T.);
#2226 = LINE('',#2227,#2228);
#2227 = CARTESIAN_POINT('',(-212.5577729892,78.905009706345,16.8));
#2228 = VECTOR('',#2229,1.);
#2229 = DIRECTION('',(0.680993992769,0.732289001565,0.));
#2230 = PLANE('',#2231);
#2231 = AXIS2_PLACEMENT_3D('',#2232,#2233,#2234);
#2232 = CARTESIAN_POINT('',(-186.5258829368,106.89771886061,3.8));
#2233 = DIRECTION('',(-0.732289001565,0.680993992769,0.));
#2234 = DIRECTION('',(0.680993992769,0.732289001565,0.));
#2235 = ADVANCED_FACE('',(#2236),#2270,.F.);
#2236 = FACE_BOUND('',#2237,.F.);
#2237 = EDGE_LOOP('',(#2238,#2246,#2254,#2262,#2268,#2269));
#2238 = ORIENTED_EDGE('',*,*,#2239,.F.);
#2239 = EDGE_CURVE('',#2240,#468,#2242,.T.);
#2240 = VERTEX_POINT('',#2241);
#2241 = CARTESIAN_POINT('',(-188.6186815515,104.5792445221,14.));
#2242 = LINE('',#2243,#2244);
#2243 = CARTESIAN_POINT('',(-188.6186815515,104.5792445221,3.9));
#2244 = VECTOR('',#2245,1.);
#2245 = DIRECTION('',(0.,0.,-1.));
#2246 = ORIENTED_EDGE('',*,*,#2247,.T.);
#2247 = EDGE_CURVE('',#2240,#2248,#2250,.T.);
#2248 = VERTEX_POINT('',#2249);
#2249 = CARTESIAN_POINT('',(-189.040583137,104.11184742407,14.));
#2250 = LINE('',#2251,#2252);
#2251 = CARTESIAN_POINT('',(-180.5188804131,113.55248301441,14.));
#2252 = VECTOR('',#2253,1.);
#2253 = DIRECTION('',(-0.67005572795,-0.742310798414,0.));
#2254 = ORIENTED_EDGE('',*,*,#2255,.T.);
#2255 = EDGE_CURVE('',#2248,#2256,#2258,.T.);
#2256 = VERTEX_POINT('',#2257);
#2257 = CARTESIAN_POINT('',(-189.040583137,104.11184742407,16.8));
#2258 = LINE('',#2259,#2260);
#2259 = CARTESIAN_POINT('',(-189.040583137,104.11184742407,3.8));
#2260 = VECTOR('',#2261,1.);
#2261 = DIRECTION('',(0.,0.,1.));
#2262 = ORIENTED_EDGE('',*,*,#2263,.T.);
#2263 = EDGE_CURVE('',#2256,#2218,#2264,.T.);
#2264 = LINE('',#2265,#2266);
#2265 = CARTESIAN_POINT('',(-213.3434904549,77.188250203016,16.8));
#2266 = VECTOR('',#2267,1.);
#2267 = DIRECTION('',(0.67005572795,0.742310798414,0.));
#2268 = ORIENTED_EDGE('',*,*,#2217,.F.);
#2269 = ORIENTED_EDGE('',*,*,#467,.T.);
#2270 = PLANE('',#2271);
#2271 = AXIS2_PLACEMENT_3D('',#2272,#2273,#2274);
#2272 = CARTESIAN_POINT('',(-189.040583137,104.11184742407,3.8));
#2273 = DIRECTION('',(-0.742310798414,0.67005572795,0.));
#2274 = DIRECTION('',(0.67005572795,0.742310798414,0.));
#2275 = ADVANCED_FACE('',(#2276),#2294,.F.);
#2276 = FACE_BOUND('',#2277,.F.);
#2277 = EDGE_LOOP('',(#2278,#2279,#2287,#2293));
#2278 = ORIENTED_EDGE('',*,*,#475,.F.);
#2279 = ORIENTED_EDGE('',*,*,#2280,.T.);
#2280 = EDGE_CURVE('',#476,#2281,#2283,.T.);
#2281 = VERTEX_POINT('',#2282);
#2282 = CARTESIAN_POINT('',(-165.,99.239914916026,14.));
#2283 = LINE('',#2284,#2285);
#2284 = CARTESIAN_POINT('',(-165.,99.239914916026,4.));
#2285 = VECTOR('',#2286,1.);
#2286 = DIRECTION('',(0.,0.,1.));
#2287 = ORIENTED_EDGE('',*,*,#2288,.T.);
#2288 = EDGE_CURVE('',#2281,#2240,#2289,.T.);
#2289 = LINE('',#2290,#2291);
#2290 = CARTESIAN_POINT('',(-139.228250949,93.413854625259,14.));
#2291 = VECTOR('',#2292,1.);
#2292 = DIRECTION('',(-0.975387035788,0.220499728835,0.));
#2293 = ORIENTED_EDGE('',*,*,#2239,.T.);
#2294 = PLANE('',#2295);
#2295 = AXIS2_PLACEMENT_3D('',#2296,#2297,#2298);
#2296 = CARTESIAN_POINT('',(-139.228250949,93.413854625259,4.));
#2297 = DIRECTION('',(-0.220499728835,-0.975387035788,0.));
#2298 = DIRECTION('',(0.,0.,1.));
#2299 = ADVANCED_FACE('',(#2300),#2322,.F.);
#2300 = FACE_BOUND('',#2301,.F.);
#2301 = EDGE_LOOP('',(#2302,#2303,#2304,#2312,#2318,#2319,#2320,#2321));
#2302 = ORIENTED_EDGE('',*,*,#954,.F.);
#2303 = ORIENTED_EDGE('',*,*,#1043,.T.);
#2304 = ORIENTED_EDGE('',*,*,#2305,.T.);
#2305 = EDGE_CURVE('',#1044,#2306,#2308,.T.);
#2306 = VERTEX_POINT('',#2307);
#2307 = CARTESIAN_POINT('',(-165.,92.063276573336,14.));
#2308 = LINE('',#2309,#2310);
#2309 = CARTESIAN_POINT('',(-165.,92.063276573336,4.));
#2310 = VECTOR('',#2311,1.);
#2311 = DIRECTION('',(0.,0.,1.));
#2312 = ORIENTED_EDGE('',*,*,#2313,.T.);
#2313 = EDGE_CURVE('',#2306,#2281,#2314,.T.);
#2314 = LINE('',#2315,#2316);
#2315 = CARTESIAN_POINT('',(-165.,79.206927312629,14.));
#2316 = VECTOR('',#2317,1.);
#2317 = DIRECTION('',(0.,1.,0.));
#2318 = ORIENTED_EDGE('',*,*,#2280,.F.);
#2319 = ORIENTED_EDGE('',*,*,#483,.T.);
#2320 = ORIENTED_EDGE('',*,*,#507,.T.);
#2321 = ORIENTED_EDGE('',*,*,#581,.T.);
#2322 = PLANE('',#2323);
#2323 = AXIS2_PLACEMENT_3D('',#2324,#2325,#2326);
#2324 = CARTESIAN_POINT('',(-165.,65.,4.));
#2325 = DIRECTION('',(1.,0.,0.));
#2326 = DIRECTION('',(0.,0.,1.));
#2327 = ADVANCED_FACE('',(#2328),#2333,.T.);
#2328 = FACE_BOUND('',#2329,.T.);
#2329 = EDGE_LOOP('',(#2330,#2331,#2332));
#2330 = ORIENTED_EDGE('',*,*,#604,.F.);
#2331 = ORIENTED_EDGE('',*,*,#870,.T.);
#2332 = ORIENTED_EDGE('',*,*,#724,.T.);
#2333 = PLANE('',#2334);
#2334 = AXIS2_PLACEMENT_3D('',#2335,#2336,#2337);
#2335 = CARTESIAN_POINT('',(-117.2672419443,72.559122605389,17.6));
#2336 = DIRECTION('',(-0.758661792252,-0.651484677469,0.));
#2337 = DIRECTION('',(-0.651484677469,0.758661792252,0.));
#2338 = ADVANCED_FACE('',(#2339),#2356,.T.);
#2339 = FACE_BOUND('',#2340,.T.);
#2340 = EDGE_LOOP('',(#2341,#2347,#2348,#2354,#2355));
#2341 = ORIENTED_EDGE('',*,*,#2342,.F.);
#2342 = EDGE_CURVE('',#799,#878,#2343,.T.);
#2343 = LINE('',#2344,#2345);
#2344 = CARTESIAN_POINT('',(-119.3,83.7,-1.));
#2345 = VECTOR('',#2346,1.);
#2346 = DIRECTION('',(0.,0.,1.));
#2347 = ORIENTED_EDGE('',*,*,#798,.F.);
#2348 = ORIENTED_EDGE('',*,*,#2349,.T.);
#2349 = EDGE_CURVE('',#789,#701,#2350,.T.);
#2350 = LINE('',#2351,#2352);
#2351 = CARTESIAN_POINT('',(-119.3,96.3,-1.));
#2352 = VECTOR('',#2353,1.);
#2353 = DIRECTION('',(0.,0.,1.));
#2354 = ORIENTED_EDGE('',*,*,#708,.T.);
#2355 = ORIENTED_EDGE('',*,*,#877,.T.);
#2356 = PLANE('',#2357);
#2357 = AXIS2_PLACEMENT_3D('',#2358,#2359,#2360);
#2358 = CARTESIAN_POINT('',(-119.3,83.7,-1.));
#2359 = DIRECTION('',(1.,0.,0.));
#2360 = DIRECTION('',(0.,0.,1.));
#2361 = ADVANCED_FACE('',(#2362),#2373,.F.);
#2362 = FACE_BOUND('',#2363,.F.);
#2363 = EDGE_LOOP('',(#2364,#2370,#2371,#2372));
#2364 = ORIENTED_EDGE('',*,*,#2365,.F.);
#2365 = EDGE_CURVE('',#791,#693,#2366,.T.);
#2366 = LINE('',#2367,#2368);
#2367 = CARTESIAN_POINT('',(-110.7,96.3,-1.));
#2368 = VECTOR('',#2369,1.);
#2369 = DIRECTION('',(0.,0.,1.));
#2370 = ORIENTED_EDGE('',*,*,#788,.F.);
#2371 = ORIENTED_EDGE('',*,*,#2349,.T.);
#2372 = ORIENTED_EDGE('',*,*,#700,.T.);
#2373 = PLANE('',#2374);
#2374 = AXIS2_PLACEMENT_3D('',#2375,#2376,#2377);
#2375 = CARTESIAN_POINT('',(-119.3,96.3,-1.));
#2376 = DIRECTION('',(0.,1.,0.));
#2377 = DIRECTION('',(0.,0.,1.));
#2378 = ADVANCED_FACE('',(#2379),#2391,.F.);
#2379 = FACE_BOUND('',#2380,.F.);
#2380 = EDGE_LOOP('',(#2381,#2387,#2388,#2389,#2390));
#2381 = ORIENTED_EDGE('',*,*,#2382,.F.);
#2382 = EDGE_CURVE('',#807,#886,#2383,.T.);
#2383 = LINE('',#2384,#2385);
#2384 = CARTESIAN_POINT('',(-110.7,83.7,-1.));
#2385 = VECTOR('',#2386,1.);
#2386 = DIRECTION('',(0.,0.,1.));
#2387 = ORIENTED_EDGE('',*,*,#814,.F.);
#2388 = ORIENTED_EDGE('',*,*,#2365,.T.);
#2389 = ORIENTED_EDGE('',*,*,#692,.T.);
#2390 = ORIENTED_EDGE('',*,*,#893,.T.);
#2391 = PLANE('',#2392);
#2392 = AXIS2_PLACEMENT_3D('',#2393,#2394,#2395);
#2393 = CARTESIAN_POINT('',(-110.7,83.7,-1.));
#2394 = DIRECTION('',(1.,0.,0.));
#2395 = DIRECTION('',(0.,0.,1.));
#2396 = ADVANCED_FACE('',(#2397),#2404,.T.);
#2397 = FACE_BOUND('',#2398,.T.);
#2398 = EDGE_LOOP('',(#2399,#2400,#2401,#2402,#2403));
#2399 = ORIENTED_EDGE('',*,*,#772,.T.);
#2400 = ORIENTED_EDGE('',*,*,#748,.T.);
#2401 = ORIENTED_EDGE('',*,*,#676,.T.);
#2402 = ORIENTED_EDGE('',*,*,#900,.T.);
#2403 = ORIENTED_EDGE('',*,*,#853,.T.);
#2404 = PLANE('',#2405);
#2405 = AXIS2_PLACEMENT_3D('',#2406,#2407,#2408);
#2406 = CARTESIAN_POINT('',(-90.,90.,9.389826944734));
#2407 = DIRECTION('',(1.,0.,0.));
#2408 = DIRECTION('',(0.,0.,1.));
#2409 = ADVANCED_FACE('',(#2410),#2426,.F.);
#2410 = FACE_BOUND('',#2411,.F.);
#2411 = EDGE_LOOP('',(#2412,#2413,#2419,#2420));
#2412 = ORIENTED_EDGE('',*,*,#907,.T.);
#2413 = ORIENTED_EDGE('',*,*,#2414,.T.);
#2414 = EDGE_CURVE('',#838,#661,#2415,.T.);
#2415 = LINE('',#2416,#2417);
#2416 = CARTESIAN_POINT('',(-96.5,64.,8.));
#2417 = VECTOR('',#2418,1.);
#2418 = DIRECTION('',(0.,1.,0.));
#2419 = ORIENTED_EDGE('',*,*,#660,.T.);
#2420 = ORIENTED_EDGE('',*,*,#2421,.F.);
#2421 = EDGE_CURVE('',#908,#653,#2422,.T.);
#2422 = LINE('',#2423,#2424);
#2423 = CARTESIAN_POINT('',(-96.5,64.,12.2));
#2424 = VECTOR('',#2425,1.);
#2425 = DIRECTION('',(0.,1.,0.));
#2426 = PLANE('',#2427);
#2427 = AXIS2_PLACEMENT_3D('',#2428,#2429,#2430);
#2428 = CARTESIAN_POINT('',(-96.5,64.,8.));
#2429 = DIRECTION('',(1.,0.,0.));
#2430 = DIRECTION('',(0.,0.,1.));
#2431 = ADVANCED_FACE('',(#2432),#2443,.F.);
#2432 = FACE_BOUND('',#2433,.F.);
#2433 = EDGE_LOOP('',(#2434,#2435,#2436,#2437));
#2434 = ORIENTED_EDGE('',*,*,#915,.T.);
#2435 = ORIENTED_EDGE('',*,*,#2421,.T.);
#2436 = ORIENTED_EDGE('',*,*,#652,.T.);
#2437 = ORIENTED_EDGE('',*,*,#2438,.F.);
#2438 = EDGE_CURVE('',#916,#645,#2439,.T.);
#2439 = LINE('',#2440,#2441);
#2440 = CARTESIAN_POINT('',(-100.,64.,16.2));
#2441 = VECTOR('',#2442,1.);
#2442 = DIRECTION('',(0.,1.,0.));
#2443 = PLANE('',#2444);
#2444 = AXIS2_PLACEMENT_3D('',#2445,#2446,#2447);
#2445 = CARTESIAN_POINT('',(-96.5,64.,12.2));
#2446 = DIRECTION('',(0.752576694707,-0.,0.658504607869));
#2447 = DIRECTION('',(-0.658504607869,0.,0.752576694707));
#2448 = ADVANCED_FACE('',(#2449),#2460,.F.);
#2449 = FACE_BOUND('',#2450,.F.);
#2450 = EDGE_LOOP('',(#2451,#2452,#2453,#2454));
#2451 = ORIENTED_EDGE('',*,*,#923,.T.);
#2452 = ORIENTED_EDGE('',*,*,#2438,.T.);
#2453 = ORIENTED_EDGE('',*,*,#644,.T.);
#2454 = ORIENTED_EDGE('',*,*,#2455,.F.);
#2455 = EDGE_CURVE('',#924,#637,#2456,.T.);
#2456 = LINE('',#2457,#2458);
#2457 = CARTESIAN_POINT('',(-103.5,64.,12.2));
#2458 = VECTOR('',#2459,1.);
#2459 = DIRECTION('',(0.,1.,0.));
#2460 = PLANE('',#2461);
#2461 = AXIS2_PLACEMENT_3D('',#2462,#2463,#2464);
#2462 = CARTESIAN_POINT('',(-100.,64.,16.2));
#2463 = DIRECTION('',(-0.752576694707,0.,0.658504607869));
#2464 = DIRECTION('',(-0.658504607869,0.,-0.752576694707));
#2465 = ADVANCED_FACE('',(#2466),#2477,.F.);
#2466 = FACE_BOUND('',#2467,.F.);
#2467 = EDGE_LOOP('',(#2468,#2469,#2470,#2471));
#2468 = ORIENTED_EDGE('',*,*,#931,.T.);
#2469 = ORIENTED_EDGE('',*,*,#2455,.T.);
#2470 = ORIENTED_EDGE('',*,*,#636,.T.);
#2471 = ORIENTED_EDGE('',*,*,#2472,.F.);
#2472 = EDGE_CURVE('',#830,#629,#2473,.T.);
#2473 = LINE('',#2474,#2475);
#2474 = CARTESIAN_POINT('',(-103.5,64.,8.));
#2475 = VECTOR('',#2476,1.);
#2476 = DIRECTION('',(0.,1.,0.));
#2477 = PLANE('',#2478);
#2478 = AXIS2_PLACEMENT_3D('',#2479,#2480,#2481);
#2479 = CARTESIAN_POINT('',(-103.5,64.,12.2));
#2480 = DIRECTION('',(-1.,0.,0.));
#2481 = DIRECTION('',(0.,0.,-1.));
#2482 = ADVANCED_FACE('',(#2483),#2489,.F.);
#2483 = FACE_BOUND('',#2484,.F.);
#2484 = EDGE_LOOP('',(#2485,#2486,#2487,#2488));
#2485 = ORIENTED_EDGE('',*,*,#837,.F.);
#2486 = ORIENTED_EDGE('',*,*,#2472,.T.);
#2487 = ORIENTED_EDGE('',*,*,#755,.T.);
#2488 = ORIENTED_EDGE('',*,*,#2414,.F.);
#2489 = PLANE('',#2490);
#2490 = AXIS2_PLACEMENT_3D('',#2491,#2492,#2493);
#2491 = CARTESIAN_POINT('',(-103.5,64.,8.));
#2492 = DIRECTION('',(0.,0.,-1.));
#2493 = DIRECTION('',(1.,0.,0.));
#2494 = ADVANCED_FACE('',(#2495),#2501,.T.);
#2495 = FACE_BOUND('',#2496,.T.);
#2496 = EDGE_LOOP('',(#2497,#2498,#2499,#2500));
#2497 = ORIENTED_EDGE('',*,*,#2382,.F.);
#2498 = ORIENTED_EDGE('',*,*,#806,.F.);
#2499 = ORIENTED_EDGE('',*,*,#2342,.T.);
#2500 = ORIENTED_EDGE('',*,*,#885,.T.);
#2501 = PLANE('',#2502);
#2502 = AXIS2_PLACEMENT_3D('',#2503,#2504,#2505);
#2503 = CARTESIAN_POINT('',(-119.3,83.7,-1.));
#2504 = DIRECTION('',(0.,1.,0.));
#2505 = DIRECTION('',(0.,0.,1.));
#2506 = ADVANCED_FACE('',(#2507),#2536,.F.);
#2507 = FACE_BOUND('',#2508,.F.);
#2508 = EDGE_LOOP('',(#2509,#2510,#2511,#2519,#2527,#2533,#2534,#2535));
#2509 = ORIENTED_EDGE('',*,*,#1762,.F.);
#2510 = ORIENTED_EDGE('',*,*,#995,.T.);
#2511 = ORIENTED_EDGE('',*,*,#2512,.T.);
#2512 = EDGE_CURVE('',#996,#2513,#2515,.T.);
#2513 = VERTEX_POINT('',#2514);
#2514 = CARTESIAN_POINT('',(-165.,-99.23991491602,14.));
#2515 = LINE('',#2516,#2517);
#2516 = CARTESIAN_POINT('',(-165.,-99.23991491602,4.));
#2517 = VECTOR('',#2518,1.);
#2518 = DIRECTION('',(0.,0.,1.));
#2519 = ORIENTED_EDGE('',*,*,#2520,.T.);
#2520 = EDGE_CURVE('',#2513,#2521,#2523,.T.);
#2521 = VERTEX_POINT('',#2522);
#2522 = CARTESIAN_POINT('',(-165.,-92.06327657333,14.));
#2523 = LINE('',#2524,#2525);
#2524 = CARTESIAN_POINT('',(-165.,-100.7930726873,14.));
#2525 = VECTOR('',#2526,1.);
#2526 = DIRECTION('',(0.,1.,0.));
#2527 = ORIENTED_EDGE('',*,*,#2528,.F.);
#2528 = EDGE_CURVE('',#1020,#2521,#2529,.T.);
#2529 = LINE('',#2530,#2531);
#2530 = CARTESIAN_POINT('',(-165.,-92.06327657333,4.));
#2531 = VECTOR('',#2532,1.);
#2532 = DIRECTION('',(0.,0.,1.));
#2533 = ORIENTED_EDGE('',*,*,#1027,.T.);
#2534 = ORIENTED_EDGE('',*,*,#1714,.T.);
#2535 = ORIENTED_EDGE('',*,*,#1737,.F.);
#2536 = PLANE('',#2537);
#2537 = AXIS2_PLACEMENT_3D('',#2538,#2539,#2540);
#2538 = CARTESIAN_POINT('',(-165.,-115.,4.));
#2539 = DIRECTION('',(1.,0.,0.));
#2540 = DIRECTION('',(0.,0.,1.));
#2541 = ADVANCED_FACE('',(#2542),#2560,.T.);
#2542 = FACE_BOUND('',#2543,.T.);
#2543 = EDGE_LOOP('',(#2544,#2545,#2546,#2554));
#2544 = ORIENTED_EDGE('',*,*,#1003,.F.);
#2545 = ORIENTED_EDGE('',*,*,#2512,.T.);
#2546 = ORIENTED_EDGE('',*,*,#2547,.T.);
#2547 = EDGE_CURVE('',#2513,#2548,#2550,.T.);
#2548 = VERTEX_POINT('',#2549);
#2549 = CARTESIAN_POINT('',(-327.228250949,-135.9138546252,14.));
#2550 = LINE('',#2551,#2552);
#2551 = CARTESIAN_POINT('',(-139.228250949,-93.41385462525,14.));
#2552 = VECTOR('',#2553,1.);
#2553 = DIRECTION('',(-0.975387035788,-0.220499728835,0.));
#2554 = ORIENTED_EDGE('',*,*,#2555,.F.);
#2555 = EDGE_CURVE('',#1004,#2548,#2556,.T.);
#2556 = LINE('',#2557,#2558);
#2557 = CARTESIAN_POINT('',(-327.228250949,-135.9138546252,4.));
#2558 = VECTOR('',#2559,1.);
#2559 = DIRECTION('',(0.,0.,1.));
#2560 = PLANE('',#2561);
#2561 = AXIS2_PLACEMENT_3D('',#2562,#2563,#2564);
#2562 = CARTESIAN_POINT('',(-139.228250949,-93.41385462525,4.));
#2563 = DIRECTION('',(0.220499728835,-0.975387035788,0.));
#2564 = DIRECTION('',(0.,0.,1.));
#2565 = ADVANCED_FACE('',(#2566),#2584,.T.);
#2566 = FACE_BOUND('',#2567,.T.);
#2567 = EDGE_LOOP('',(#2568,#2576,#2577,#2578));
#2568 = ORIENTED_EDGE('',*,*,#2569,.F.);
#2569 = EDGE_CURVE('',#1012,#2570,#2572,.T.);
#2570 = VERTEX_POINT('',#2571);
#2571 = CARTESIAN_POINT('',(-328.7717490509,-129.0861453747,14.));
#2572 = LINE('',#2573,#2574);
#2573 = CARTESIAN_POINT('',(-328.7717490509,-129.0861453747,4.));
#2574 = VECTOR('',#2575,1.);
#2575 = DIRECTION('',(0.,0.,1.));
#2576 = ORIENTED_EDGE('',*,*,#1011,.T.);
#2577 = ORIENTED_EDGE('',*,*,#2555,.T.);
#2578 = ORIENTED_EDGE('',*,*,#2579,.F.);
#2579 = EDGE_CURVE('',#2570,#2548,#2580,.T.);
#2580 = LINE('',#2581,#2582);
#2581 = CARTESIAN_POINT('',(-328.7717490509,-129.0861453747,14.));
#2582 = VECTOR('',#2583,1.);
#2583 = DIRECTION('',(0.220499728835,-0.975387035788,0.));
#2584 = PLANE('',#2585);
#2585 = AXIS2_PLACEMENT_3D('',#2586,#2587,#2588);
#2586 = CARTESIAN_POINT('',(-328.7717490509,-129.0861453747,4.));
#2587 = DIRECTION('',(-0.975387035788,-0.220499728835,0.));
#2588 = DIRECTION('',(0.,0.,1.));
#2589 = ADVANCED_FACE('',(#2590),#2601,.F.);
#2590 = FACE_BOUND('',#2591,.F.);
#2591 = EDGE_LOOP('',(#2592,#2593,#2594,#2600));
#2592 = ORIENTED_EDGE('',*,*,#1019,.F.);
#2593 = ORIENTED_EDGE('',*,*,#2528,.T.);
#2594 = ORIENTED_EDGE('',*,*,#2595,.T.);
#2595 = EDGE_CURVE('',#2521,#2570,#2596,.T.);
#2596 = LINE('',#2597,#2598);
#2597 = CARTESIAN_POINT('',(-140.7717490509,-86.58614537474,14.));
#2598 = VECTOR('',#2599,1.);
#2599 = DIRECTION('',(-0.975387035788,-0.220499728835,0.));
#2600 = ORIENTED_EDGE('',*,*,#2569,.F.);
#2601 = PLANE('',#2602);
#2602 = AXIS2_PLACEMENT_3D('',#2603,#2604,#2605);
#2603 = CARTESIAN_POINT('',(-140.7717490509,-86.58614537474,4.));
#2604 = DIRECTION('',(0.220499728835,-0.975387035788,0.));
#2605 = DIRECTION('',(0.,0.,1.));
#2606 = ADVANCED_FACE('',(#2607),#2625,.T.);
#2607 = FACE_BOUND('',#2608,.T.);
#2608 = EDGE_LOOP('',(#2609,#2610,#2611,#2619));
#2609 = ORIENTED_EDGE('',*,*,#1051,.F.);
#2610 = ORIENTED_EDGE('',*,*,#2305,.T.);
#2611 = ORIENTED_EDGE('',*,*,#2612,.T.);
#2612 = EDGE_CURVE('',#2306,#2613,#2615,.T.);
#2613 = VERTEX_POINT('',#2614);
#2614 = CARTESIAN_POINT('',(-193.8184865788,98.578094018023,14.));
#2615 = LINE('',#2616,#2617);
#2616 = CARTESIAN_POINT('',(-140.7717490509,86.586145374741,14.));
#2617 = VECTOR('',#2618,1.);
#2618 = DIRECTION('',(-0.975387035788,0.220499728835,0.));
#2619 = ORIENTED_EDGE('',*,*,#2620,.T.);
#2620 = EDGE_CURVE('',#2613,#1052,#2621,.T.);
#2621 = LINE('',#2622,#2623);
#2622 = CARTESIAN_POINT('',(-193.8184865788,98.578094018023,3.9));
#2623 = VECTOR('',#2624,1.);
#2624 = DIRECTION('',(0.,0.,-1.));
#2625 = PLANE('',#2626);
#2626 = AXIS2_PLACEMENT_3D('',#2627,#2628,#2629);
#2627 = CARTESIAN_POINT('',(-140.7717490509,86.586145374741,4.));
#2628 = DIRECTION('',(-0.220499728835,-0.975387035788,0.));
#2629 = DIRECTION('',(0.,0.,1.));
#2630 = ADVANCED_FACE('',(#2631),#2665,.F.);
#2631 = FACE_BOUND('',#2632,.F.);
#2632 = EDGE_LOOP('',(#2633,#2634,#2635,#2643,#2651,#2659));
#2633 = ORIENTED_EDGE('',*,*,#2620,.T.);
#2634 = ORIENTED_EDGE('',*,*,#1059,.T.);
#2635 = ORIENTED_EDGE('',*,*,#2636,.T.);
#2636 = EDGE_CURVE('',#1060,#2637,#2639,.T.);
#2637 = VERTEX_POINT('',#2638);
#2638 = CARTESIAN_POINT('',(-193.9446259366,98.429730614289,16.8));
#2639 = LINE('',#2640,#2641);
#2640 = CARTESIAN_POINT('',(-193.9446259366,98.429730614289,3.8));
#2641 = VECTOR('',#2642,1.);
#2642 = DIRECTION('',(0.,0.,1.));
#2643 = ORIENTED_EDGE('',*,*,#2644,.T.);
#2644 = EDGE_CURVE('',#2637,#2645,#2647,.T.);
#2645 = VERTEX_POINT('',#2646);
#2646 = CARTESIAN_POINT('',(-191.5136788982,101.28897758764,16.8));
#2647 = LINE('',#2648,#2649);
#2648 = CARTESIAN_POINT('',(-214.8880925477,73.796308916748,16.8));
#2649 = VECTOR('',#2650,1.);
#2650 = DIRECTION('',(0.647739236369,0.761862114603,0.));
#2651 = ORIENTED_EDGE('',*,*,#2652,.F.);
#2652 = EDGE_CURVE('',#2653,#2645,#2655,.T.);
#2653 = VERTEX_POINT('',#2654);
#2654 = CARTESIAN_POINT('',(-191.5136788982,101.28897758764,14.));
#2655 = LINE('',#2656,#2657);
#2656 = CARTESIAN_POINT('',(-191.5136788982,101.28897758764,3.8));
#2657 = VECTOR('',#2658,1.);
#2658 = DIRECTION('',(0.,0.,1.));
#2659 = ORIENTED_EDGE('',*,*,#2660,.T.);
#2660 = EDGE_CURVE('',#2653,#2613,#2661,.T.);
#2661 = LINE('',#2662,#2663);
#2662 = CARTESIAN_POINT('',(-183.7036946709,110.47497523043,14.));
#2663 = VECTOR('',#2664,1.);
#2664 = DIRECTION('',(-0.647739236369,-0.761862114603,0.));
#2665 = PLANE('',#2666);
#2666 = AXIS2_PLACEMENT_3D('',#2667,#2668,#2669);
#2667 = CARTESIAN_POINT('',(-193.9446259366,98.429730614289,3.8));
#2668 = DIRECTION('',(-0.761862114603,0.647739236369,0.));
#2669 = DIRECTION('',(0.647739236369,0.761862114603,0.));
#2670 = ADVANCED_FACE('',(#2671),#2689,.F.);
#2671 = FACE_BOUND('',#2672,.F.);
#2672 = EDGE_LOOP('',(#2673,#2674,#2675,#2683));
#2673 = ORIENTED_EDGE('',*,*,#2636,.F.);
#2674 = ORIENTED_EDGE('',*,*,#1067,.T.);
#2675 = ORIENTED_EDGE('',*,*,#2676,.T.);
#2676 = EDGE_CURVE('',#1068,#2677,#2679,.T.);
#2677 = VERTEX_POINT('',#2678);
#2678 = CARTESIAN_POINT('',(-196.3328892442,95.534735772948,16.8));
#2679 = LINE('',#2680,#2681);
#2680 = CARTESIAN_POINT('',(-196.3328892442,95.534735772948,3.8));
#2681 = VECTOR('',#2682,1.);
#2682 = DIRECTION('',(0.,0.,1.));
#2683 = ORIENTED_EDGE('',*,*,#2684,.T.);
#2684 = EDGE_CURVE('',#2677,#2637,#2685,.T.);
#2685 = LINE('',#2686,#2687);
#2686 = CARTESIAN_POINT('',(-215.6488689541,72.120373781118,16.8));
#2687 = VECTOR('',#2688,1.);
#2688 = DIRECTION('',(0.636365921066,0.771387331051,0.));
#2689 = PLANE('',#2690);
#2690 = AXIS2_PLACEMENT_3D('',#2691,#2692,#2693);
#2691 = CARTESIAN_POINT('',(-196.3328892442,95.534735772948,3.8));
#2692 = DIRECTION('',(-0.771387331051,0.636365921066,0.));
#2693 = DIRECTION('',(0.636365921066,0.771387331051,0.));
#2694 = ADVANCED_FACE('',(#2695),#2713,.F.);
#2695 = FACE_BOUND('',#2696,.F.);
#2696 = EDGE_LOOP('',(#2697,#2698,#2699,#2707));
#2697 = ORIENTED_EDGE('',*,*,#2676,.F.);
#2698 = ORIENTED_EDGE('',*,*,#1075,.T.);
#2699 = ORIENTED_EDGE('',*,*,#2700,.T.);
#2700 = EDGE_CURVE('',#1076,#2701,#2703,.T.);
#2701 = VERTEX_POINT('',#2702);
#2702 = CARTESIAN_POINT('',(-198.6779432071,92.604630200017,16.8));
#2703 = LINE('',#2704,#2705);
#2704 = CARTESIAN_POINT('',(-198.6779432071,92.604630200017,3.8));
#2705 = VECTOR('',#2706,1.);
#2706 = DIRECTION('',(0.,0.,1.));
#2707 = ORIENTED_EDGE('',*,*,#2708,.T.);
#2708 = EDGE_CURVE('',#2701,#2677,#2709,.T.);
#2709 = LINE('',#2710,#2711);
#2710 = CARTESIAN_POINT('',(-216.4031882345,70.457233996674,16.8));
#2711 = VECTOR('',#2712,1.);
#2712 = DIRECTION('',(0.624852553048,0.780742778993,0.));
#2713 = PLANE('',#2714);
#2714 = AXIS2_PLACEMENT_3D('',#2715,#2716,#2717);
#2715 = CARTESIAN_POINT('',(-198.6779432071,92.604630200017,3.8));
#2716 = DIRECTION('',(-0.780742778993,0.624852553048,0.));
#2717 = DIRECTION('',(0.624852553048,0.780742778993,0.));
#2718 = ADVANCED_FACE('',(#2719),#2737,.F.);
#2719 = FACE_BOUND('',#2720,.F.);
#2720 = EDGE_LOOP('',(#2721,#2722,#2723,#2731));
#2721 = ORIENTED_EDGE('',*,*,#2700,.F.);
#2722 = ORIENTED_EDGE('',*,*,#1083,.T.);
#2723 = ORIENTED_EDGE('',*,*,#2724,.T.);
#2724 = EDGE_CURVE('',#1084,#2725,#2727,.T.);
#2725 = VERTEX_POINT('',#2726);
#2726 = CARTESIAN_POINT('',(-200.9792717212,89.640058759137,16.8));
#2727 = LINE('',#2728,#2729);
#2728 = CARTESIAN_POINT('',(-200.9792717212,89.640058759137,3.8));
#2729 = VECTOR('',#2730,1.);
#2730 = DIRECTION('',(0.,0.,1.));
#2731 = ORIENTED_EDGE('',*,*,#2732,.T.);
#2732 = EDGE_CURVE('',#2725,#2701,#2733,.T.);
#2733 = LINE('',#2734,#2735);
#2734 = CARTESIAN_POINT('',(-217.1519417078,68.806424937731,16.8));
#2735 = VECTOR('',#2736,1.);
#2736 = DIRECTION('',(0.613201666199,0.789926399465,0.));
#2737 = PLANE('',#2738);
#2738 = AXIS2_PLACEMENT_3D('',#2739,#2740,#2741);
#2739 = CARTESIAN_POINT('',(-200.9792717212,89.640058759137,3.8));
#2740 = DIRECTION('',(-0.789926399465,0.613201666199,0.));
#2741 = DIRECTION('',(0.613201666199,0.789926399465,0.));
#2742 = ADVANCED_FACE('',(#2743),#2761,.F.);
#2743 = FACE_BOUND('',#2744,.F.);
#2744 = EDGE_LOOP('',(#2745,#2746,#2747,#2755));
#2745 = ORIENTED_EDGE('',*,*,#2724,.F.);
#2746 = ORIENTED_EDGE('',*,*,#1091,.T.);
#2747 = ORIENTED_EDGE('',*,*,#2748,.T.);
#2748 = EDGE_CURVE('',#1092,#2749,#2751,.T.);
#2749 = VERTEX_POINT('',#2750);
#2750 = CARTESIAN_POINT('',(-203.2363683053,86.641673899265,16.8));
#2751 = LINE('',#2752,#2753);
#2752 = CARTESIAN_POINT('',(-203.2363683053,86.641673899265,3.8));
#2753 = VECTOR('',#2754,1.);
#2754 = DIRECTION('',(0.,0.,1.));
#2755 = ORIENTED_EDGE('',*,*,#2756,.T.);
#2756 = EDGE_CURVE('',#2749,#2725,#2757,.T.);
#2757 = LINE('',#2758,#2759);
#2758 = CARTESIAN_POINT('',(-217.8959968102,67.16744826337,16.8));
#2759 = VECTOR('',#2760,1.);
#2760 = DIRECTION('',(0.60141582467,0.798936171315,0.));
#2761 = PLANE('',#2762);
#2762 = AXIS2_PLACEMENT_3D('',#2763,#2764,#2765);
#2763 = CARTESIAN_POINT('',(-203.2363683053,86.641673899265,3.8));
#2764 = DIRECTION('',(-0.798936171315,0.60141582467,0.));
#2765 = DIRECTION('',(0.60141582467,0.798936171315,0.));
#2766 = ADVANCED_FACE('',(#2767),#2785,.F.);
#2767 = FACE_BOUND('',#2768,.F.);
#2768 = EDGE_LOOP('',(#2769,#2770,#2771,#2779));
#2769 = ORIENTED_EDGE('',*,*,#2748,.F.);
#2770 = ORIENTED_EDGE('',*,*,#1099,.T.);
#2771 = ORIENTED_EDGE('',*,*,#2772,.T.);
#2772 = EDGE_CURVE('',#1100,#2773,#2775,.T.);
#2773 = VERTEX_POINT('',#2774);
#2774 = CARTESIAN_POINT('',(-205.4487362129,83.610135511086,16.8));
#2775 = LINE('',#2776,#2777);
#2776 = CARTESIAN_POINT('',(-205.4487362129,83.610135511086,3.8));
#2777 = VECTOR('',#2778,1.);
#2778 = DIRECTION('',(0.,0.,1.));
#2779 = ORIENTED_EDGE('',*,*,#2780,.T.);
#2780 = EDGE_CURVE('',#2773,#2749,#2781,.T.);
#2781 = LINE('',#2782,#2783);
#2782 = CARTESIAN_POINT('',(-218.6361959954,65.539772785634,16.8));
#2783 = VECTOR('',#2784,1.);
#2784 = DIRECTION('',(0.589497622315,0.807770111656,0.));
#2785 = PLANE('',#2786);
#2786 = AXIS2_PLACEMENT_3D('',#2787,#2788,#2789);
#2787 = CARTESIAN_POINT('',(-205.4487362129,83.610135511086,3.8));
#2788 = DIRECTION('',(-0.807770111656,0.589497622315,0.));
#2789 = DIRECTION('',(0.589497622315,0.807770111656,0.));
#2790 = ADVANCED_FACE('',(#2791),#2809,.F.);
#2791 = FACE_BOUND('',#2792,.F.);
#2792 = EDGE_LOOP('',(#2793,#2794,#2795,#2803));
#2793 = ORIENTED_EDGE('',*,*,#2772,.F.);
#2794 = ORIENTED_EDGE('',*,*,#1107,.T.);
#2795 = ORIENTED_EDGE('',*,*,#2796,.T.);
#2796 = EDGE_CURVE('',#1108,#2797,#2799,.T.);
#2797 = VERTEX_POINT('',#2798);
#2798 = CARTESIAN_POINT('',(-207.6158885417,80.546110781781,16.8));
#2799 = LINE('',#2800,#2801);
#2800 = CARTESIAN_POINT('',(-207.6158885417,80.546110781781,3.8));
#2801 = VECTOR('',#2802,1.);
#2802 = DIRECTION('',(0.,0.,1.));
#2803 = ORIENTED_EDGE('',*,*,#2804,.T.);
#2804 = EDGE_CURVE('',#2797,#2773,#2805,.T.);
#2805 = LINE('',#2806,#2807);
#2806 = CARTESIAN_POINT('',(-219.3733556639,63.922835371605,16.8));
#2807 = VECTOR('',#2808,1.);
#2808 = DIRECTION('',(0.577449682115,0.816426276295,0.));
#2809 = PLANE('',#2810);
#2810 = AXIS2_PLACEMENT_3D('',#2811,#2812,#2813);
#2811 = CARTESIAN_POINT('',(-207.6158885417,80.546110781781,3.8));
#2812 = DIRECTION('',(-0.816426276295,0.577449682115,0.));
#2813 = DIRECTION('',(0.577449682115,0.816426276295,0.));
#2814 = ADVANCED_FACE('',(#2815),#2833,.F.);
#2815 = FACE_BOUND('',#2816,.F.);
#2816 = EDGE_LOOP('',(#2817,#2818,#2819,#2827));
#2817 = ORIENTED_EDGE('',*,*,#2796,.F.);
#2818 = ORIENTED_EDGE('',*,*,#1115,.T.);
#2819 = ORIENTED_EDGE('',*,*,#2820,.T.);
#2820 = EDGE_CURVE('',#1116,#2821,#2823,.T.);
#2821 = VERTEX_POINT('',#2822);
#2822 = CARTESIAN_POINT('',(-209.7373483402,77.450274048192,16.8));
#2823 = LINE('',#2824,#2825);
#2824 = CARTESIAN_POINT('',(-209.7373483402,77.450274048192,3.8));
#2825 = VECTOR('',#2826,1.);
#2826 = DIRECTION('',(0.,0.,1.));
#2827 = ORIENTED_EDGE('',*,*,#2828,.T.);
#2828 = EDGE_CURVE('',#2821,#2797,#2829,.T.);
#2829 = LINE('',#2830,#2831);
#2830 = CARTESIAN_POINT('',(-220.1082651207,62.316041878253,16.8));
#2831 = VECTOR('',#2832,1.);
#2832 = DIRECTION('',(0.565274655605,0.824902760167,0.));
#2833 = PLANE('',#2834);
#2834 = AXIS2_PLACEMENT_3D('',#2835,#2836,#2837);
#2835 = CARTESIAN_POINT('',(-209.7373483402,77.450274048192,3.8));
#2836 = DIRECTION('',(-0.824902760167,0.565274655605,0.));
#2837 = DIRECTION('',(0.565274655605,0.824902760167,0.));
#2838 = ADVANCED_FACE('',(#2839),#2857,.F.);
#2839 = FACE_BOUND('',#2840,.F.);
#2840 = EDGE_LOOP('',(#2841,#2842,#2843,#2851));
#2841 = ORIENTED_EDGE('',*,*,#2820,.F.);
#2842 = ORIENTED_EDGE('',*,*,#1123,.T.);
#2843 = ORIENTED_EDGE('',*,*,#2844,.T.);
#2844 = EDGE_CURVE('',#1124,#2845,#2847,.T.);
#2845 = VERTEX_POINT('',#2846);
#2846 = CARTESIAN_POINT('',(-211.8126487133,74.323306648412,16.8));
#2847 = LINE('',#2848,#2849);
#2848 = CARTESIAN_POINT('',(-211.8126487133,74.323306648412,3.8));
#2849 = VECTOR('',#2850,1.);
#2850 = DIRECTION('',(0.,0.,1.));
#2851 = ORIENTED_EDGE('',*,*,#2852,.T.);
#2852 = EDGE_CURVE('',#2845,#2821,#2853,.T.);
#2853 = LINE('',#2854,#2855);
#2854 = CARTESIAN_POINT('',(-220.8416855642,60.718768119633,16.8));
#2855 = VECTOR('',#2856,1.);
#2856 = DIRECTION('',(0.55297522229,0.833197697748,0.));
#2857 = PLANE('',#2858);
#2858 = AXIS2_PLACEMENT_3D('',#2859,#2860,#2861);
#2859 = CARTESIAN_POINT('',(-211.8126487133,74.323306648412,3.8));
#2860 = DIRECTION('',(-0.833197697748,0.55297522229,0.));
#2861 = DIRECTION('',(0.55297522229,0.833197697748,0.));
#2862 = ADVANCED_FACE('',(#2863),#2881,.F.);
#2863 = FACE_BOUND('',#2864,.F.);
#2864 = EDGE_LOOP('',(#2865,#2866,#2867,#2875));
#2865 = ORIENTED_EDGE('',*,*,#2844,.F.);
#2866 = ORIENTED_EDGE('',*,*,#1131,.T.);
#2867 = ORIENTED_EDGE('',*,*,#2868,.T.);
#2868 = EDGE_CURVE('',#1132,#2869,#2871,.T.);
#2869 = VERTEX_POINT('',#2870);
#2870 = CARTESIAN_POINT('',(-213.8413329246,71.165896771833,16.8));
#2871 = LINE('',#2872,#2873);
#2872 = CARTESIAN_POINT('',(-213.8413329246,71.165896771833,3.8));
#2873 = VECTOR('',#2874,1.);
#2874 = DIRECTION('',(0.,0.,1.));
#2875 = ORIENTED_EDGE('',*,*,#2876,.T.);
#2876 = EDGE_CURVE('',#2869,#2845,#2877,.T.);
#2877 = LINE('',#2878,#2879);
#2878 = CARTESIAN_POINT('',(-221.5743491065,59.130360864871,16.8));
#2879 = VECTOR('',#2880,1.);
#2880 = DIRECTION('',(0.540554089056,0.841309263473,0.));
#2881 = PLANE('',#2882);
#2882 = AXIS2_PLACEMENT_3D('',#2883,#2884,#2885);
#2883 = CARTESIAN_POINT('',(-213.8413329246,71.165896771833,3.8));
#2884 = DIRECTION('',(-0.841309263473,0.540554089056,0.));
#2885 = DIRECTION('',(0.540554089056,0.841309263473,0.));
#2886 = ADVANCED_FACE('',(#2887),#2905,.F.);
#2887 = FACE_BOUND('',#2888,.F.);
#2888 = EDGE_LOOP('',(#2889,#2890,#2891,#2899));
#2889 = ORIENTED_EDGE('',*,*,#2868,.F.);
#2890 = ORIENTED_EDGE('',*,*,#1139,.T.);
#2891 = ORIENTED_EDGE('',*,*,#2892,.T.);
#2892 = EDGE_CURVE('',#1140,#2893,#2895,.T.);
#2893 = VERTEX_POINT('',#2894);
#2894 = CARTESIAN_POINT('',(-215.8229544971,67.978739307693,16.8));
#2895 = LINE('',#2896,#2897);
#2896 = CARTESIAN_POINT('',(-215.8229544971,67.978739307693,3.8));
#2897 = VECTOR('',#2898,1.);
#2898 = DIRECTION('',(0.,0.,1.));
#2899 = ORIENTED_EDGE('',*,*,#2900,.T.);
#2900 = EDGE_CURVE('',#2893,#2869,#2901,.T.);
#2901 = LINE('',#2902,#2903);
#2902 = CARTESIAN_POINT('',(-222.3069578253,57.55013886646,16.8));
#2903 = VECTOR('',#2904,1.);
#2904 = DIRECTION('',(0.528013989569,0.849235672131,0.));
#2905 = PLANE('',#2906);
#2906 = AXIS2_PLACEMENT_3D('',#2907,#2908,#2909);
#2907 = CARTESIAN_POINT('',(-215.8229544971,67.978739307693,3.8));
#2908 = DIRECTION('',(-0.849235672131,0.528013989569,0.));
#2909 = DIRECTION('',(0.528013989569,0.849235672131,0.));
#2910 = ADVANCED_FACE('',(#2911),#2929,.F.);
#2911 = FACE_BOUND('',#2912,.F.);
#2912 = EDGE_LOOP('',(#2913,#2914,#2915,#2923));
#2913 = ORIENTED_EDGE('',*,*,#2892,.F.);
#2914 = ORIENTED_EDGE('',*,*,#1147,.T.);
#2915 = ORIENTED_EDGE('',*,*,#2916,.T.);
#2916 = EDGE_CURVE('',#1148,#2917,#2919,.T.);
#2917 = VERTEX_POINT('',#2918);
#2918 = CARTESIAN_POINT('',(-217.7570773115,64.762535692137,16.8));
#2919 = LINE('',#2920,#2921);
#2920 = CARTESIAN_POINT('',(-217.7570773115,64.762535692137,3.8));
#2921 = VECTOR('',#2922,1.);
#2922 = DIRECTION('',(0.,0.,1.));
#2923 = ORIENTED_EDGE('',*,*,#2924,.T.);
#2924 = EDGE_CURVE('',#2917,#2893,#2925,.T.);
#2925 = LINE('',#2926,#2927);
#2926 = CARTESIAN_POINT('',(-223.0401828498,55.977393917605,16.8));
#2927 = VECTOR('',#2928,1.);
#2928 = DIRECTION('',(0.515357683682,0.856975179261,0.));
#2929 = PLANE('',#2930);
#2930 = AXIS2_PLACEMENT_3D('',#2931,#2932,#2933);
#2931 = CARTESIAN_POINT('',(-217.7570773115,64.762535692137,3.8));
#2932 = DIRECTION('',(-0.856975179261,0.515357683682,0.));
#2933 = DIRECTION('',(0.515357683682,0.856975179261,0.));
#2934 = ADVANCED_FACE('',(#2935),#2953,.F.);
#2935 = FACE_BOUND('',#2936,.F.);
#2936 = EDGE_LOOP('',(#2937,#2938,#2939,#2947));
#2937 = ORIENTED_EDGE('',*,*,#2916,.F.);
#2938 = ORIENTED_EDGE('',*,*,#1155,.T.);
#2939 = ORIENTED_EDGE('',*,*,#2940,.T.);
#2940 = EDGE_CURVE('',#1156,#2941,#2943,.T.);
#2941 = VERTEX_POINT('',#2942);
#2942 = CARTESIAN_POINT('',(-219.643275702,61.517993753848,16.8));
#2943 = LINE('',#2944,#2945);
#2944 = CARTESIAN_POINT('',(-219.643275702,61.517993753848,3.8));
#2945 = VECTOR('',#2946,1.);
#2946 = DIRECTION('',(0.,0.,1.));
#2947 = ORIENTED_EDGE('',*,*,#2948,.T.);
#2948 = EDGE_CURVE('',#2941,#2917,#2949,.T.);
#2949 = LINE('',#2950,#2951);
#2950 = CARTESIAN_POINT('',(-223.7746634796,54.411391937619,16.8));
#2951 = VECTOR('',#2952,1.);
#2952 = DIRECTION('',(0.50258795682,0.864526081538,0.));
#2953 = PLANE('',#2954);
#2954 = AXIS2_PLACEMENT_3D('',#2955,#2956,#2957);
#2955 = CARTESIAN_POINT('',(-219.643275702,61.517993753848,3.8));
#2956 = DIRECTION('',(-0.864526081538,0.50258795682,0.));
#2957 = DIRECTION('',(0.50258795682,0.864526081538,0.));
#2958 = ADVANCED_FACE('',(#2959),#2977,.F.);
#2959 = FACE_BOUND('',#2960,.F.);
#2960 = EDGE_LOOP('',(#2961,#2962,#2963,#2971));
#2961 = ORIENTED_EDGE('',*,*,#2940,.F.);
#2962 = ORIENTED_EDGE('',*,*,#1163,.T.);
#2963 = ORIENTED_EDGE('',*,*,#2964,.T.);
#2964 = EDGE_CURVE('',#1164,#2965,#2967,.T.);
#2965 = VERTEX_POINT('',#2966);
#2966 = CARTESIAN_POINT('',(-221.4811345503,58.245827558266,16.8));
#2967 = LINE('',#2968,#2969);
#2968 = CARTESIAN_POINT('',(-221.4811345503,58.245827558266,3.8));
#2969 = VECTOR('',#2970,1.);
#2970 = DIRECTION('',(0.,0.,1.));
#2971 = ORIENTED_EDGE('',*,*,#2972,.T.);
#2972 = EDGE_CURVE('',#2965,#2941,#2973,.T.);
#2973 = LINE('',#2974,#2975);
#2974 = CARTESIAN_POINT('',(-224.5110063404,52.851374084437,16.8));
#2975 = VECTOR('',#2976,1.);
#2976 = DIRECTION('',(0.48970761937,0.871886717143,0.));
#2977 = PLANE('',#2978);
#2978 = AXIS2_PLACEMENT_3D('',#2979,#2980,#2981);
#2979 = CARTESIAN_POINT('',(-221.4811345503,58.245827558266,3.8));
#2980 = DIRECTION('',(-0.871886717143,0.48970761937,0.));
#2981 = DIRECTION('',(0.48970761937,0.871886717143,0.));
#2982 = ADVANCED_FACE('',(#2983),#3001,.F.);
#2983 = FACE_BOUND('',#2984,.F.);
#2984 = EDGE_LOOP('',(#2985,#2986,#2987,#2995));
#2985 = ORIENTED_EDGE('',*,*,#2964,.F.);
#2986 = ORIENTED_EDGE('',*,*,#1171,.T.);
#2987 = ORIENTED_EDGE('',*,*,#2988,.T.);
#2988 = EDGE_CURVE('',#1172,#2989,#2991,.T.);
#2989 = VERTEX_POINT('',#2990);
#2990 = CARTESIAN_POINT('',(-223.2702493766,54.946757250432,16.8));
#2991 = LINE('',#2992,#2993);
#2992 = CARTESIAN_POINT('',(-223.2702493766,54.946757250432,3.8));
#2993 = VECTOR('',#2994,1.);
#2994 = DIRECTION('',(0.,0.,1.));
#2995 = ORIENTED_EDGE('',*,*,#2996,.T.);
#2996 = EDGE_CURVE('',#2989,#2965,#2997,.T.);
#2997 = LINE('',#2998,#2999);
#2998 = CARTESIAN_POINT('',(-225.2497845729,51.29655789292,16.8));
#2999 = VECTOR('',#3000,1.);
#3000 = DIRECTION('',(0.476719506064,0.879055466133,0.));
#3001 = PLANE('',#3002);
#3002 = AXIS2_PLACEMENT_3D('',#3003,#3004,#3005);
#3003 = CARTESIAN_POINT('',(-223.2702493766,54.946757250432,3.8));
#3004 = DIRECTION('',(-0.879055466133,0.476719506064,0.));
#3005 = DIRECTION('',(0.476719506064,0.879055466133,0.));
#3006 = ADVANCED_FACE('',(#3007),#3025,.F.);
#3007 = FACE_BOUND('',#3008,.F.);
#3008 = EDGE_LOOP('',(#3009,#3010,#3011,#3019));
#3009 = ORIENTED_EDGE('',*,*,#2988,.F.);
#3010 = ORIENTED_EDGE('',*,*,#1179,.T.);
#3011 = ORIENTED_EDGE('',*,*,#3012,.T.);
#3012 = EDGE_CURVE('',#1180,#3013,#3015,.T.);
#3013 = VERTEX_POINT('',#3014);
#3014 = CARTESIAN_POINT('',(-225.0102264289,51.6215088965,16.8));
#3015 = LINE('',#3016,#3017);
#3016 = CARTESIAN_POINT('',(-225.0102264289,51.6215088965,3.8));
#3017 = VECTOR('',#3018,1.);
#3018 = DIRECTION('',(0.,0.,1.));
#3019 = ORIENTED_EDGE('',*,*,#3020,.T.);
#3020 = EDGE_CURVE('',#3013,#2989,#3021,.T.);
#3021 = LINE('',#3022,#3023);
#3022 = CARTESIAN_POINT('',(-225.9915370603,49.746138438144,16.8));
#3023 = VECTOR('',#3024,1.);
#3024 = DIRECTION('',(0.463626475352,0.886030750794,0.));
#3025 = PLANE('',#3026);
#3026 = AXIS2_PLACEMENT_3D('',#3027,#3028,#3029);
#3027 = CARTESIAN_POINT('',(-225.0102264289,51.6215088965,3.8));
#3028 = DIRECTION('',(-0.886030750794,0.463626475352,0.));
#3029 = DIRECTION('',(0.463626475352,0.886030750794,0.));
#3030 = ADVANCED_FACE('',(#3031),#3049,.F.);
#3031 = FACE_BOUND('',#3032,.F.);
#3032 = EDGE_LOOP('',(#3033,#3034,#3035,#3043));
#3033 = ORIENTED_EDGE('',*,*,#3012,.F.);
#3034 = ORIENTED_EDGE('',*,*,#1187,.T.);
#3035 = ORIENTED_EDGE('',*,*,#3036,.T.);
#3036 = EDGE_CURVE('',#1188,#3037,#3039,.T.);
#3037 = VERTEX_POINT('',#3038);
#3038 = CARTESIAN_POINT('',(-226.7006827695,48.270814323944,16.8));
#3039 = LINE('',#3040,#3041);
#3040 = CARTESIAN_POINT('',(-226.7006827695,48.270814323944,3.8));
#3041 = VECTOR('',#3042,1.);
#3042 = DIRECTION('',(0.,0.,1.));
#3043 = ORIENTED_EDGE('',*,*,#3044,.T.);
#3044 = EDGE_CURVE('',#3037,#3013,#3045,.T.);
#3045 = LINE('',#3046,#3047);
#3046 = CARTESIAN_POINT('',(-226.7367676921,48.199289522303,16.8));
#3047 = VECTOR('',#3048,1.);
#3048 = DIRECTION('',(0.450431408775,0.892811035992,0.));
#3049 = PLANE('',#3050);
#3050 = AXIS2_PLACEMENT_3D('',#3051,#3052,#3053);
#3051 = CARTESIAN_POINT('',(-226.7006827695,48.270814323944,3.8));
#3052 = DIRECTION('',(-0.892811035992,0.450431408775,0.));
#3053 = DIRECTION('',(0.450431408775,0.892811035992,0.));
#3054 = ADVANCED_FACE('',(#3055),#3073,.F.);
#3055 = FACE_BOUND('',#3056,.F.);
#3056 = EDGE_LOOP('',(#3057,#3058,#3059,#3067));
#3057 = ORIENTED_EDGE('',*,*,#3036,.F.);
#3058 = ORIENTED_EDGE('',*,*,#1195,.T.);
#3059 = ORIENTED_EDGE('',*,*,#3060,.T.);
#3060 = EDGE_CURVE('',#1196,#3061,#3063,.T.);
#3061 = VERTEX_POINT('',#3062);
#3062 = CARTESIAN_POINT('',(-228.3412463591,44.89541096049,16.8));
#3063 = LINE('',#3064,#3065);
#3064 = CARTESIAN_POINT('',(-228.3412463591,44.89541096049,3.8));
#3065 = VECTOR('',#3066,1.);
#3066 = DIRECTION('',(0.,0.,1.));
#3067 = ORIENTED_EDGE('',*,*,#3068,.T.);
#3068 = EDGE_CURVE('',#3061,#3037,#3069,.T.);
#3069 = LINE('',#3070,#3071);
#3070 = CARTESIAN_POINT('',(-227.4859446653,46.655164884145,16.8));
#3071 = VECTOR('',#3072,1.);
#3072 = DIRECTION('',(0.43713721033,0.899394829508,0.));
#3073 = PLANE('',#3074);
#3074 = AXIS2_PLACEMENT_3D('',#3075,#3076,#3077);
#3075 = CARTESIAN_POINT('',(-228.3412463591,44.89541096049,3.8));
#3076 = DIRECTION('',(-0.899394829508,0.43713721033,0.));
#3077 = DIRECTION('',(0.43713721033,0.899394829508,0.));
#3078 = ADVANCED_FACE('',(#3079),#3097,.F.);
#3079 = FACE_BOUND('',#3080,.F.);
#3080 = EDGE_LOOP('',(#3081,#3082,#3083,#3091));
#3081 = ORIENTED_EDGE('',*,*,#3060,.F.);
#3082 = ORIENTED_EDGE('',*,*,#1203,.T.);
#3083 = ORIENTED_EDGE('',*,*,#3084,.T.);
#3084 = EDGE_CURVE('',#1204,#3085,#3087,.T.);
#3085 = VERTEX_POINT('',#3086);
#3086 = CARTESIAN_POINT('',(-229.9315561394,41.496041671829,16.8));
#3087 = LINE('',#3088,#3089);
#3088 = CARTESIAN_POINT('',(-229.9315561394,41.496041671829,3.8));
#3089 = VECTOR('',#3090,1.);
#3090 = DIRECTION('',(0.,0.,1.));
#3091 = ORIENTED_EDGE('',*,*,#3092,.T.);
#3092 = EDGE_CURVE('',#3085,#3061,#3093,.T.);
#3093 = LINE('',#3094,#3095);
#3094 = CARTESIAN_POINT('',(-228.2394998259,45.112899429982,16.8));
#3095 = VECTOR('',#3096,1.);
#3096 = DIRECTION('',(0.423746805832,0.905780682366,0.));
#3097 = PLANE('',#3098);
#3098 = AXIS2_PLACEMENT_3D('',#3099,#3100,#3101);
#3099 = CARTESIAN_POINT('',(-229.9315561394,41.496041671829,3.8));
#3100 = DIRECTION('',(-0.905780682366,0.423746805832,0.));
#3101 = DIRECTION('',(0.423746805832,0.905780682366,0.));
#3102 = ADVANCED_FACE('',(#3103),#3121,.F.);
#3103 = FACE_BOUND('',#3104,.F.);
#3104 = EDGE_LOOP('',(#3105,#3106,#3107,#3115));
#3105 = ORIENTED_EDGE('',*,*,#3084,.F.);
#3106 = ORIENTED_EDGE('',*,*,#1211,.T.);
#3107 = ORIENTED_EDGE('',*,*,#3108,.T.);
#3108 = EDGE_CURVE('',#1212,#3109,#3111,.T.);
#3109 = VERTEX_POINT('',#3110);
#3110 = CARTESIAN_POINT('',(-231.4712621115,38.073454598121,16.8));
#3111 = LINE('',#3112,#3113);
#3112 = CARTESIAN_POINT('',(-231.4712621115,38.073454598121,3.8));
#3113 = VECTOR('',#3114,1.);
#3114 = DIRECTION('',(0.,0.,1.));
#3115 = ORIENTED_EDGE('',*,*,#3116,.T.);
#3116 = EDGE_CURVE('',#3109,#3085,#3117,.T.);
#3117 = LINE('',#3118,#3119);
#3118 = CARTESIAN_POINT('',(-228.9978280477,43.571610484564,16.8));
#3119 = VECTOR('',#3120,1.);
#3120 = DIRECTION('',(0.410263142269,0.911967189155,0.));
#3121 = PLANE('',#3122);
#3122 = AXIS2_PLACEMENT_3D('',#3123,#3124,#3125);
#3123 = CARTESIAN_POINT('',(-231.4712621115,38.073454598121,3.8));
#3124 = DIRECTION('',(-0.911967189155,0.410263142269,0.));
#3125 = DIRECTION('',(0.410263142269,0.911967189155,0.));
#3126 = ADVANCED_FACE('',(#3127),#3145,.F.);
#3127 = FACE_BOUND('',#3128,.F.);
#3128 = EDGE_LOOP('',(#3129,#3130,#3131,#3139));
#3129 = ORIENTED_EDGE('',*,*,#3108,.F.);
#3130 = ORIENTED_EDGE('',*,*,#1219,.T.);
#3131 = ORIENTED_EDGE('',*,*,#3132,.T.);
#3132 = EDGE_CURVE('',#1220,#3133,#3135,.T.);
#3133 = VERTEX_POINT('',#3134);
#3134 = CARTESIAN_POINT('',(-232.960025414,34.628402989341,16.8));
#3135 = LINE('',#3136,#3137);
#3136 = CARTESIAN_POINT('',(-232.960025414,34.628402989341,3.8));
#3137 = VECTOR('',#3138,1.);
#3138 = DIRECTION('',(0.,0.,1.));
#3139 = ORIENTED_EDGE('',*,*,#3140,.T.);
#3140 = EDGE_CURVE('',#3133,#3109,#3141,.T.);
#3141 = LINE('',#3142,#3143);
#3142 = CARTESIAN_POINT('',(-229.7612866524,42.030399061331,16.8));
#3143 = VECTOR('',#3144,1.);
#3144 = DIRECTION('',(0.396689187153,0.917952988336,0.));
#3145 = PLANE('',#3146);
#3146 = AXIS2_PLACEMENT_3D('',#3147,#3148,#3149);
#3147 = CARTESIAN_POINT('',(-232.960025414,34.628402989341,3.8));
#3148 = DIRECTION('',(-0.917952988336,0.396689187153,0.));
#3149 = DIRECTION('',(0.396689187153,0.917952988336,0.));
#3150 = ADVANCED_FACE('',(#3151),#3169,.F.);
#3151 = FACE_BOUND('',#3152,.F.);
#3152 = EDGE_LOOP('',(#3153,#3154,#3155,#3163));
#3153 = ORIENTED_EDGE('',*,*,#3132,.F.);
#3154 = ORIENTED_EDGE('',*,*,#1227,.T.);
#3155 = ORIENTED_EDGE('',*,*,#3156,.T.);
#3156 = EDGE_CURVE('',#1228,#3157,#3159,.T.);
#3157 = VERTEX_POINT('',#3158);
#3158 = CARTESIAN_POINT('',(-234.3975183966,31.161645039509,16.8));
#3159 = LINE('',#3160,#3161);
#3160 = CARTESIAN_POINT('',(-234.3975183966,31.161645039509,3.8));
#3161 = VECTOR('',#3162,1.);
#3162 = DIRECTION('',(0.,0.,1.));
#3163 = ORIENTED_EDGE('',*,*,#3164,.T.);
#3164 = EDGE_CURVE('',#3157,#3133,#3165,.T.);
#3165 = LINE('',#3166,#3167);
#3166 = CARTESIAN_POINT('',(-230.5301948687,40.488351150039,16.8));
#3167 = VECTOR('',#3168,1.);
#3168 = DIRECTION('',(0.383027927868,0.923736762543,0.));
#3169 = PLANE('',#3170);
#3170 = AXIS2_PLACEMENT_3D('',#3171,#3172,#3173);
#3171 = CARTESIAN_POINT('',(-234.3975183966,31.161645039509,3.8));
#3172 = DIRECTION('',(-0.923736762543,0.383027927868,0.));
#3173 = DIRECTION('',(0.383027927868,0.923736762543,0.));
#3174 = ADVANCED_FACE('',(#3175),#3193,.F.);
#3175 = FACE_BOUND('',#3176,.F.);
#3176 = EDGE_LOOP('',(#3177,#3178,#3179,#3187));
#3177 = ORIENTED_EDGE('',*,*,#3156,.F.);
#3178 = ORIENTED_EDGE('',*,*,#1235,.T.);
#3179 = ORIENTED_EDGE('',*,*,#3180,.T.);
#3180 = EDGE_CURVE('',#1236,#3181,#3183,.T.);
#3181 = VERTEX_POINT('',#3182);
#3182 = CARTESIAN_POINT('',(-235.783424693,27.673943719819,16.8));
#3183 = LINE('',#3184,#3185);
#3184 = CARTESIAN_POINT('',(-235.783424693,27.673943719819,3.8));
#3185 = VECTOR('',#3186,1.);
#3186 = DIRECTION('',(0.,0.,1.));
#3187 = ORIENTED_EDGE('',*,*,#3188,.T.);
#3188 = EDGE_CURVE('',#3181,#3157,#3189,.T.);
#3189 = LINE('',#3190,#3191);
#3190 = CARTESIAN_POINT('',(-231.3048333341,38.944539021233,16.8));
#3191 = VECTOR('',#3192,1.);
#3192 = DIRECTION('',(0.369282371011,0.92931723887,0.));
#3193 = PLANE('',#3194);
#3194 = AXIS2_PLACEMENT_3D('',#3195,#3196,#3197);
#3195 = CARTESIAN_POINT('',(-235.783424693,27.673943719819,3.8));
#3196 = DIRECTION('',(-0.92931723887,0.369282371011,0.));
#3197 = DIRECTION('',(0.369282371011,0.92931723887,0.));
#3198 = ADVANCED_FACE('',(#3199),#3217,.F.);
#3199 = FACE_BOUND('',#3200,.F.);
#3200 = EDGE_LOOP('',(#3201,#3202,#3203,#3211));
#3201 = ORIENTED_EDGE('',*,*,#3180,.F.);
#3202 = ORIENTED_EDGE('',*,*,#1243,.T.);
#3203 = ORIENTED_EDGE('',*,*,#3204,.T.);
#3204 = EDGE_CURVE('',#1244,#3205,#3207,.T.);
#3205 = VERTEX_POINT('',#3206);
#3206 = CARTESIAN_POINT('',(-237.1174392901,24.166066610724,16.8));
#3207 = LINE('',#3208,#3209);
#3208 = CARTESIAN_POINT('',(-237.1174392901,24.166066610724,3.8));
#3209 = VECTOR('',#3210,1.);
#3210 = DIRECTION('',(0.,0.,1.));
#3211 = ORIENTED_EDGE('',*,*,#3212,.T.);
#3212 = EDGE_CURVE('',#3205,#3181,#3213,.T.);
#3213 = LINE('',#3214,#3215);
#3214 = CARTESIAN_POINT('',(-232.0854436367,37.398022545734,16.8));
#3215 = VECTOR('',#3216,1.);
#3216 = DIRECTION('',(0.355455541733,0.934693189154,0.));
#3217 = PLANE('',#3218);
#3218 = AXIS2_PLACEMENT_3D('',#3219,#3220,#3221);
#3219 = CARTESIAN_POINT('',(-237.1174392901,24.166066610724,3.8));
#3220 = DIRECTION('',(-0.934693189154,0.355455541733,0.));
#3221 = DIRECTION('',(0.355455541733,0.934693189154,0.));
#3222 = ADVANCED_FACE('',(#3223),#3241,.F.);
#3223 = FACE_BOUND('',#3224,.F.);
#3224 = EDGE_LOOP('',(#3225,#3226,#3227,#3235));
#3225 = ORIENTED_EDGE('',*,*,#3204,.F.);
#3226 = ORIENTED_EDGE('',*,*,#1251,.T.);
#3227 = ORIENTED_EDGE('',*,*,#3228,.T.);
#3228 = EDGE_CURVE('',#1252,#3229,#3231,.T.);
#3229 = VERTEX_POINT('',#3230);
#3230 = CARTESIAN_POINT('',(-238.3992685952,20.638785733007,16.8));
#3231 = LINE('',#3232,#3233);
#3232 = CARTESIAN_POINT('',(-238.3992685952,20.638785733007,3.8));
#3233 = VECTOR('',#3234,1.);
#3234 = DIRECTION('',(0.,0.,1.));
#3235 = ORIENTED_EDGE('',*,*,#3236,.T.);
#3236 = EDGE_CURVE('',#3229,#3205,#3237,.T.);
#3237 = LINE('',#3238,#3239);
#3238 = CARTESIAN_POINT('',(-232.8722278989,35.847850528242,16.8));
#3239 = VECTOR('',#3240,1.);
#3240 = DIRECTION('',(0.341550483072,0.939863430246,0.));
#3241 = PLANE('',#3242);
#3242 = AXIS2_PLACEMENT_3D('',#3243,#3244,#3245);
#3243 = CARTESIAN_POINT('',(-238.3992685952,20.638785733007,3.8));
#3244 = DIRECTION('',(-0.939863430246,0.341550483072,0.));
#3245 = DIRECTION('',(0.341550483072,0.939863430246,0.));
#3246 = ADVANCED_FACE('',(#3247),#3265,.F.);
#3247 = FACE_BOUND('',#3248,.F.);
#3248 = EDGE_LOOP('',(#3249,#3250,#3251,#3259));
#3249 = ORIENTED_EDGE('',*,*,#3228,.F.);
#3250 = ORIENTED_EDGE('',*,*,#1259,.T.);
#3251 = ORIENTED_EDGE('',*,*,#3252,.T.);
#3252 = EDGE_CURVE('',#1260,#3253,#3255,.T.);
#3253 = VERTEX_POINT('',#3254);
#3254 = CARTESIAN_POINT('',(-239.6286305008,17.092877377874,16.8));
#3255 = LINE('',#3256,#3257);
#3256 = CARTESIAN_POINT('',(-239.6286305008,17.092877377874,3.8));
#3257 = VECTOR('',#3258,1.);
#3258 = DIRECTION('',(0.,0.,1.));
#3259 = ORIENTED_EDGE('',*,*,#3260,.T.);
#3260 = EDGE_CURVE('',#3253,#3229,#3261,.T.);
#3261 = LINE('',#3262,#3263);
#3262 = CARTESIAN_POINT('',(-233.6653484046,34.29306205367,16.8));
#3263 = VECTOR('',#3264,1.);
#3264 = DIRECTION('',(0.32757025528,0.944826824268,0.));
#3265 = PLANE('',#3266);
#3266 = AXIS2_PLACEMENT_3D('',#3267,#3268,#3269);
#3267 = CARTESIAN_POINT('',(-239.6286305008,17.092877377874,3.8));
#3268 = DIRECTION('',(-0.944826824268,0.32757025528,0.));
#3269 = DIRECTION('',(0.32757025528,0.944826824268,0.));
#3270 = ADVANCED_FACE('',(#3271),#3289,.F.);
#3271 = FACE_BOUND('',#3272,.F.);
#3272 = EDGE_LOOP('',(#3273,#3274,#3275,#3283));
#3273 = ORIENTED_EDGE('',*,*,#3252,.F.);
#3274 = ORIENTED_EDGE('',*,*,#1267,.T.);
#3275 = ORIENTED_EDGE('',*,*,#3276,.T.);
#3276 = EDGE_CURVE('',#1268,#3277,#3279,.T.);
#3277 = VERTEX_POINT('',#3278);
#3278 = CARTESIAN_POINT('',(-240.8052544462,13.5291219361,16.8));
#3279 = LINE('',#3280,#3281);
#3280 = CARTESIAN_POINT('',(-240.8052544462,13.5291219361,3.8));
#3281 = VECTOR('',#3282,1.);
#3282 = DIRECTION('',(0.,0.,1.));
#3283 = ORIENTED_EDGE('',*,*,#3284,.T.);
#3284 = EDGE_CURVE('',#3277,#3253,#3285,.T.);
#3285 = LINE('',#3286,#3287);
#3286 = CARTESIAN_POINT('',(-234.4649272673,32.732687844683,16.8));
#3287 = VECTOR('',#3288,1.);
#3288 = DIRECTION('',(0.313517935154,0.949582278866,0.));
#3289 = PLANE('',#3290);
#3290 = AXIS2_PLACEMENT_3D('',#3291,#3292,#3293);
#3291 = CARTESIAN_POINT('',(-240.8052544462,13.5291219361,3.8));
#3292 = DIRECTION('',(-0.949582278866,0.313517935154,0.));
#3293 = DIRECTION('',(0.313517935154,0.949582278866,0.));
#3294 = ADVANCED_FACE('',(#3295),#3313,.F.);
#3295 = FACE_BOUND('',#3296,.F.);
#3296 = EDGE_LOOP('',(#3297,#3298,#3299,#3307));
#3297 = ORIENTED_EDGE('',*,*,#3276,.F.);
#3298 = ORIENTED_EDGE('',*,*,#1275,.T.);
#3299 = ORIENTED_EDGE('',*,*,#3300,.T.);
#3300 = EDGE_CURVE('',#1276,#3301,#3303,.T.);
#3301 = VERTEX_POINT('',#3302);
#3302 = CARTESIAN_POINT('',(-241.9288814778,9.948303726288,16.8));
#3303 = LINE('',#3304,#3305);
#3304 = CARTESIAN_POINT('',(-241.9288814778,9.948303726288,3.8));
#3305 = VECTOR('',#3306,1.);
#3306 = DIRECTION('',(0.,0.,1.));
#3307 = ORIENTED_EDGE('',*,*,#3308,.T.);
#3308 = EDGE_CURVE('',#3301,#3277,#3309,.T.);
#3309 = LINE('',#3310,#3311);
#3310 = CARTESIAN_POINT('',(-235.2710461428,31.165751629578,16.8));
#3311 = VECTOR('',#3312,1.);
#3312 = DIRECTION('',(0.29939661536,0.95412874745,0.));
#3313 = PLANE('',#3314);
#3314 = AXIS2_PLACEMENT_3D('',#3315,#3316,#3317);
#3315 = CARTESIAN_POINT('',(-241.9288814778,9.948303726288,3.8));
#3316 = DIRECTION('',(-0.95412874745,0.29939661536,0.));
#3317 = DIRECTION('',(0.29939661536,0.95412874745,0.));
#3318 = ADVANCED_FACE('',(#3319),#3337,.F.);
#3319 = FACE_BOUND('',#3320,.F.);
#3320 = EDGE_LOOP('',(#3321,#3322,#3323,#3331));
#3321 = ORIENTED_EDGE('',*,*,#3300,.F.);
#3322 = ORIENTED_EDGE('',*,*,#1283,.T.);
#3323 = ORIENTED_EDGE('',*,*,#3324,.T.);
#3324 = EDGE_CURVE('',#1284,#3325,#3327,.T.);
#3325 = VERTEX_POINT('',#3326);
#3326 = CARTESIAN_POINT('',(-242.9992643053,6.351210822246,16.8));
#3327 = LINE('',#3328,#3329);
#3328 = CARTESIAN_POINT('',(-242.9992643053,6.351210822246,3.8));
#3329 = VECTOR('',#3330,1.);
#3330 = DIRECTION('',(0.,0.,1.));
#3331 = ORIENTED_EDGE('',*,*,#3332,.T.);
#3332 = EDGE_CURVE('',#3325,#3301,#3333,.T.);
#3333 = LINE('',#3334,#3335);
#3334 = CARTESIAN_POINT('',(-236.0837459841,29.591271518827,16.8));
#3335 = VECTOR('',#3336,1.);
#3336 = DIRECTION('',(0.285209403744,0.958465229425,0.));
#3337 = PLANE('',#3338);
#3338 = AXIS2_PLACEMENT_3D('',#3339,#3340,#3341);
#3339 = CARTESIAN_POINT('',(-242.9992643053,6.351210822246,3.8));
#3340 = DIRECTION('',(-0.958465229425,0.285209403744,0.));
#3341 = DIRECTION('',(0.285209403744,0.958465229425,0.));
#3342 = ADVANCED_FACE('',(#3343),#3361,.F.);
#3343 = FACE_BOUND('',#3344,.F.);
#3344 = EDGE_LOOP('',(#3345,#3346,#3347,#3355));
#3345 = ORIENTED_EDGE('',*,*,#3324,.F.);
#3346 = ORIENTED_EDGE('',*,*,#1291,.T.);
#3347 = ORIENTED_EDGE('',*,*,#3348,.T.);
#3348 = EDGE_CURVE('',#1292,#3349,#3351,.T.);
#3349 = VERTEX_POINT('',#3350);
#3350 = CARTESIAN_POINT('',(-244.0161673568,2.738634879554,16.8));
#3351 = LINE('',#3352,#3353);
#3352 = CARTESIAN_POINT('',(-244.0161673568,2.738634879554,3.8));
#3353 = VECTOR('',#3354,1.);
#3354 = DIRECTION('',(0.,0.,1.));
#3355 = ORIENTED_EDGE('',*,*,#3356,.T.);
#3356 = EDGE_CURVE('',#3349,#3325,#3357,.T.);
#3357 = LINE('',#3358,#3359);
#3358 = CARTESIAN_POINT('',(-236.9030268402,28.008261389008,16.8));
#3359 = VECTOR('',#3360,1.);
#3360 = DIRECTION('',(0.270959422659,0.962590770407,0.));
#3361 = PLANE('',#3362);
#3362 = AXIS2_PLACEMENT_3D('',#3363,#3364,#3365);
#3363 = CARTESIAN_POINT('',(-244.0161673568,2.738634879554,3.8));
#3364 = DIRECTION('',(-0.962590770407,0.270959422659,0.));
#3365 = DIRECTION('',(0.270959422659,0.962590770407,0.));
#3366 = ADVANCED_FACE('',(#3367),#3385,.F.);
#3367 = FACE_BOUND('',#3368,.F.);
#3368 = EDGE_LOOP('',(#3369,#3370,#3371,#3379));
#3369 = ORIENTED_EDGE('',*,*,#3348,.F.);
#3370 = ORIENTED_EDGE('',*,*,#1299,.T.);
#3371 = ORIENTED_EDGE('',*,*,#3372,.T.);
#3372 = EDGE_CURVE('',#1300,#3373,#3375,.T.);
#3373 = VERTEX_POINT('',#3374);
#3374 = CARTESIAN_POINT('',(-244.9793668301,-0.888629038672,16.8));
#3375 = LINE('',#3376,#3377);
#3376 = CARTESIAN_POINT('',(-244.9793668301,-0.888629038672,3.8));
#3377 = VECTOR('',#3378,1.);
#3378 = DIRECTION('',(0.,0.,1.));
#3379 = ORIENTED_EDGE('',*,*,#3380,.T.);
#3380 = EDGE_CURVE('',#3373,#3349,#3381,.T.);
#3381 = LINE('',#3382,#3383);
#3382 = CARTESIAN_POINT('',(-237.7288476986,26.415732273018,16.8));
#3383 = VECTOR('',#3384,1.);
#3384 = DIRECTION('',(0.256649808268,0.96650446244,0.));
#3385 = PLANE('',#3386);
#3386 = AXIS2_PLACEMENT_3D('',#3387,#3388,#3389);
#3387 = CARTESIAN_POINT('',(-244.9793668301,-0.888629038672,3.8));
#3388 = DIRECTION('',(-0.96650446244,0.256649808268,0.));
#3389 = DIRECTION('',(0.256649808268,0.96650446244,0.));
#3390 = ADVANCED_FACE('',(#3391),#3409,.F.);
#3391 = FACE_BOUND('',#3392,.F.);
#3392 = EDGE_LOOP('',(#3393,#3394,#3395,#3403));
#3393 = ORIENTED_EDGE('',*,*,#3372,.F.);
#3394 = ORIENTED_EDGE('',*,*,#1307,.T.);
#3395 = ORIENTED_EDGE('',*,*,#3396,.T.);
#3396 = EDGE_CURVE('',#1308,#3397,#3399,.T.);
#3397 = VERTEX_POINT('',#3398);
#3398 = CARTESIAN_POINT('',(-245.8886507423,-4.529782636756,16.8));
#3399 = LINE('',#3400,#3401);
#3400 = CARTESIAN_POINT('',(-245.8886507423,-4.529782636756,3.8));
#3401 = VECTOR('',#3402,1.);
#3402 = DIRECTION('',(0.,0.,1.));
#3403 = ORIENTED_EDGE('',*,*,#3404,.T.);
#3404 = EDGE_CURVE('',#3397,#3373,#3405,.T.);
#3405 = LINE('',#3406,#3407);
#3406 = CARTESIAN_POINT('',(-238.5611263717,24.812693754883,16.8));
#3407 = VECTOR('',#3408,1.);
#3408 = DIRECTION('',(0.242283709862,0.97020544419,0.));
#3409 = PLANE('',#3410);
#3410 = AXIS2_PLACEMENT_3D('',#3411,#3412,#3413);
#3411 = CARTESIAN_POINT('',(-245.8886507423,-4.529782636756,3.8));
#3412 = DIRECTION('',(-0.97020544419,0.242283709862,0.));
#3413 = DIRECTION('',(0.242283709862,0.97020544419,0.));
#3414 = ADVANCED_FACE('',(#3415),#3433,.F.);
#3415 = FACE_BOUND('',#3416,.F.);
#3416 = EDGE_LOOP('',(#3417,#3418,#3419,#3427));
#3417 = ORIENTED_EDGE('',*,*,#3396,.F.);
#3418 = ORIENTED_EDGE('',*,*,#1315,.T.);
#3419 = ORIENTED_EDGE('',*,*,#3420,.T.);
#3420 = EDGE_CURVE('',#1316,#3421,#3423,.T.);
#3421 = VERTEX_POINT('',#3422);
#3422 = CARTESIAN_POINT('',(-246.7438189763,-8.184024562152,16.8));
#3423 = LINE('',#3424,#3425);
#3424 = CARTESIAN_POINT('',(-246.7438189763,-8.184024562152,3.8));
#3425 = VECTOR('',#3426,1.);
#3426 = DIRECTION('',(0.,0.,1.));
#3427 = ORIENTED_EDGE('',*,*,#3428,.T.);
#3428 = EDGE_CURVE('',#3421,#3397,#3429,.T.);
#3429 = LINE('',#3430,#3431);
#3430 = CARTESIAN_POINT('',(-239.3997394274,23.198155368195,16.8));
#3431 = VECTOR('',#3432,1.);
#3432 = DIRECTION('',(0.22786428916,0.973692901138,0.));
#3433 = PLANE('',#3434);
#3434 = AXIS2_PLACEMENT_3D('',#3435,#3436,#3437);
#3435 = CARTESIAN_POINT('',(-246.7438189763,-8.184024562152,3.8));
#3436 = DIRECTION('',(-0.973692901138,0.22786428916,0.));
#3437 = DIRECTION('',(0.22786428916,0.973692901138,0.));
#3438 = ADVANCED_FACE('',(#3439),#3457,.F.);
#3439 = FACE_BOUND('',#3440,.F.);
#3440 = EDGE_LOOP('',(#3441,#3442,#3443,#3451));
#3441 = ORIENTED_EDGE('',*,*,#3420,.F.);
#3442 = ORIENTED_EDGE('',*,*,#1323,.T.);
#3443 = ORIENTED_EDGE('',*,*,#3444,.T.);
#3444 = EDGE_CURVE('',#1324,#3445,#3447,.T.);
#3445 = VERTEX_POINT('',#3446);
#3446 = CARTESIAN_POINT('',(-247.544683325,-11.8505505818,16.8));
#3447 = LINE('',#3448,#3449);
#3448 = CARTESIAN_POINT('',(-247.544683325,-11.8505505818,3.8));
#3449 = VECTOR('',#3450,1.);
#3450 = DIRECTION('',(0.,0.,1.));
#3451 = ORIENTED_EDGE('',*,*,#3452,.T.);
#3452 = EDGE_CURVE('',#3445,#3421,#3453,.T.);
#3453 = LINE('',#3454,#3455);
#3454 = CARTESIAN_POINT('',(-240.2445221634,21.571127996474,16.8));
#3455 = VECTOR('',#3456,1.);
#3456 = DIRECTION('',(0.213394719619,0.976966065756,0.));
#3457 = PLANE('',#3458);
#3458 = AXIS2_PLACEMENT_3D('',#3459,#3460,#3461);
#3459 = CARTESIAN_POINT('',(-247.544683325,-11.8505505818,3.8));
#3460 = DIRECTION('',(-0.976966065756,0.213394719619,0.));
#3461 = DIRECTION('',(0.213394719619,0.976966065756,0.));
#3462 = ADVANCED_FACE('',(#3463),#3481,.F.);
#3463 = FACE_BOUND('',#3464,.F.);
#3464 = EDGE_LOOP('',(#3465,#3466,#3467,#3475));
#3465 = ORIENTED_EDGE('',*,*,#3444,.F.);
#3466 = ORIENTED_EDGE('',*,*,#1331,.T.);
#3467 = ORIENTED_EDGE('',*,*,#3468,.T.);
#3468 = EDGE_CURVE('',#1332,#3469,#3471,.T.);
#3469 = VERTEX_POINT('',#3470);
#3470 = CARTESIAN_POINT('',(-248.2910675325,-15.52855375916,16.8));
#3471 = LINE('',#3472,#3473);
#3472 = CARTESIAN_POINT('',(-248.2910675325,-15.52855375916,3.8));
#3473 = VECTOR('',#3474,1.);
#3474 = DIRECTION('',(0.,0.,1.));
#3475 = ORIENTED_EDGE('',*,*,#3476,.T.);
#3476 = EDGE_CURVE('',#3469,#3445,#3477,.T.);
#3477 = LINE('',#3478,#3479);
#3478 = CARTESIAN_POINT('',(-241.0952686262,19.930625274391,16.8));
#3479 = VECTOR('',#3480,1.);
#3480 = DIRECTION('',(0.19887818573,0.980024217681,0.));
#3481 = PLANE('',#3482);
#3482 = AXIS2_PLACEMENT_3D('',#3483,#3484,#3485);
#3483 = CARTESIAN_POINT('',(-248.2910675325,-15.52855375916,3.8));
#3484 = DIRECTION('',(-0.980024217681,0.19887818573,0.));
#3485 = DIRECTION('',(0.19887818573,0.980024217681,0.));
#3486 = ADVANCED_FACE('',(#3487),#3505,.F.);
#3487 = FACE_BOUND('',#3488,.F.);
#3488 = EDGE_LOOP('',(#3489,#3490,#3491,#3499));
#3489 = ORIENTED_EDGE('',*,*,#3468,.F.);
#3490 = ORIENTED_EDGE('',*,*,#1339,.T.);
#3491 = ORIENTED_EDGE('',*,*,#3492,.T.);
#3492 = EDGE_CURVE('',#1340,#3493,#3495,.T.);
#3493 = VERTEX_POINT('',#3494);
#3494 = CARTESIAN_POINT('',(-248.982807333,-19.21722463174,16.8));
#3495 = LINE('',#3496,#3497);
#3496 = CARTESIAN_POINT('',(-248.982807333,-19.21722463174,3.8));
#3497 = VECTOR('',#3498,1.);
#3498 = DIRECTION('',(0.,0.,1.));
#3499 = ORIENTED_EDGE('',*,*,#3500,.T.);
#3500 = EDGE_CURVE('',#3493,#3469,#3501,.T.);
#3501 = LINE('',#3502,#3503);
#3502 = CARTESIAN_POINT('',(-241.951731674,18.275664988287,16.8));
#3503 = VECTOR('',#3504,1.);
#3504 = DIRECTION('',(0.184317882323,0.982866683867,0.));
#3505 = PLANE('',#3506);
#3506 = AXIS2_PLACEMENT_3D('',#3507,#3508,#3509);
#3507 = CARTESIAN_POINT('',(-248.982807333,-19.21722463174,3.8));
#3508 = DIRECTION('',(-0.982866683867,0.184317882323,0.));
#3509 = DIRECTION('',(0.184317882323,0.982866683867,0.));
#3510 = ADVANCED_FACE('',(#3511),#3529,.F.);
#3511 = FACE_BOUND('',#3512,.F.);
#3512 = EDGE_LOOP('',(#3513,#3514,#3515,#3523));
#3513 = ORIENTED_EDGE('',*,*,#3492,.F.);
#3514 = ORIENTED_EDGE('',*,*,#1347,.T.);
#3515 = ORIENTED_EDGE('',*,*,#3516,.T.);
#3516 = EDGE_CURVE('',#1348,#3517,#3519,.T.);
#3517 = VERTEX_POINT('',#3518);
#3518 = CARTESIAN_POINT('',(-249.619750487,-22.91575138929,16.8));
#3519 = LINE('',#3520,#3521);
#3520 = CARTESIAN_POINT('',(-249.619750487,-22.91575138929,3.8));
#3521 = VECTOR('',#3522,1.);
#3522 = DIRECTION('',(0.,0.,1.));
#3523 = ORIENTED_EDGE('',*,*,#3524,.T.);
#3524 = EDGE_CURVE('',#3517,#3493,#3525,.T.);
#3525 = LINE('',#3526,#3527);
#3526 = CARTESIAN_POINT('',(-242.8136230838,16.605270474861,16.8));
#3527 = VECTOR('',#3528,1.);
#3528 = DIRECTION('',(0.169717013858,0.98549283874,0.));
#3529 = PLANE('',#3530);
#3530 = AXIS2_PLACEMENT_3D('',#3531,#3532,#3533);
#3531 = CARTESIAN_POINT('',(-249.619750487,-22.91575138929,3.8));
#3532 = DIRECTION('',(-0.98549283874,0.169717013858,0.));
#3533 = DIRECTION('',(0.169717013858,0.98549283874,0.));
#3534 = ADVANCED_FACE('',(#3535),#3553,.F.);
#3535 = FACE_BOUND('',#3536,.F.);
#3536 = EDGE_LOOP('',(#3537,#3538,#3539,#3547));
#3537 = ORIENTED_EDGE('',*,*,#3516,.F.);
#3538 = ORIENTED_EDGE('',*,*,#1355,.T.);
#3539 = ORIENTED_EDGE('',*,*,#3540,.T.);
#3540 = EDGE_CURVE('',#1356,#3541,#3543,.T.);
#3541 = VERTEX_POINT('',#3542);
#3542 = CARTESIAN_POINT('',(-300.9294305686,-14.47082806693,16.8));
#3543 = LINE('',#3544,#3545);
#3544 = CARTESIAN_POINT('',(-300.9294305686,-14.47082806693,3.8));
#3545 = VECTOR('',#3546,1.);
#3546 = DIRECTION('',(0.,0.,1.));
#3547 = ORIENTED_EDGE('',*,*,#3548,.T.);
#3548 = EDGE_CURVE('',#3541,#3517,#3549,.T.);
#3549 = LINE('',#3550,#3551);
#3550 = CARTESIAN_POINT('',(-280.0122336668,-17.91353368647,16.8));
#3551 = VECTOR('',#3552,1.);
#3552 = DIRECTION('',(0.986724616954,-0.162402371584,0.));
#3553 = PLANE('',#3554);
#3554 = AXIS2_PLACEMENT_3D('',#3555,#3556,#3557);
#3555 = CARTESIAN_POINT('',(-300.9294305686,-14.47082806693,3.8));
#3556 = DIRECTION('',(0.162402371584,0.986724616954,0.));
#3557 = DIRECTION('',(0.986724616954,-0.162402371584,0.));
#3558 = ADVANCED_FACE('',(#3559),#3577,.F.);
#3559 = FACE_BOUND('',#3560,.F.);
#3560 = EDGE_LOOP('',(#3561,#3562,#3563,#3571));
#3561 = ORIENTED_EDGE('',*,*,#3540,.F.);
#3562 = ORIENTED_EDGE('',*,*,#1363,.T.);
#3563 = ORIENTED_EDGE('',*,*,#3564,.T.);
#3564 = EDGE_CURVE('',#1364,#3565,#3567,.T.);
#3565 = VERTEX_POINT('',#3566);
#3566 = CARTESIAN_POINT('',(-300.1615628808,-10.01206409124,16.8));
#3567 = LINE('',#3568,#3569);
#3568 = CARTESIAN_POINT('',(-300.1615628808,-10.01206409124,3.8));
#3569 = VECTOR('',#3570,1.);
#3570 = DIRECTION('',(0.,0.,1.));
#3571 = ORIENTED_EDGE('',*,*,#3572,.T.);
#3572 = EDGE_CURVE('',#3565,#3541,#3573,.T.);
#3573 = LINE('',#3574,#3575);
#3574 = CARTESIAN_POINT('',(-293.706638188,27.4696350896,16.8));
#3575 = VECTOR('',#3576,1.);
#3576 = DIRECTION('',(-0.169717013858,-0.98549283874,0.));
#3577 = PLANE('',#3578);
#3578 = AXIS2_PLACEMENT_3D('',#3579,#3580,#3581);
#3579 = CARTESIAN_POINT('',(-300.1615628808,-10.01206409124,3.8));
#3580 = DIRECTION('',(0.98549283874,-0.169717013858,0.));
#3581 = DIRECTION('',(-0.169717013858,-0.98549283874,0.));
#3582 = ADVANCED_FACE('',(#3583),#3601,.F.);
#3583 = FACE_BOUND('',#3584,.F.);
#3584 = EDGE_LOOP('',(#3585,#3586,#3587,#3595));
#3585 = ORIENTED_EDGE('',*,*,#3564,.F.);
#3586 = ORIENTED_EDGE('',*,*,#1371,.T.);
#3587 = ORIENTED_EDGE('',*,*,#3588,.T.);
#3588 = EDGE_CURVE('',#1372,#3589,#3591,.T.);
#3589 = VERTEX_POINT('',#3590);
#3590 = CARTESIAN_POINT('',(-299.3276350211,-5.565181891116,16.8));
#3591 = LINE('',#3592,#3593);
#3592 = CARTESIAN_POINT('',(-299.3276350211,-5.565181891116,3.8));
#3593 = VECTOR('',#3594,1.);
#3594 = DIRECTION('',(0.,0.,1.));
#3595 = ORIENTED_EDGE('',*,*,#3596,.T.);
#3596 = EDGE_CURVE('',#3589,#3565,#3597,.T.);
#3597 = LINE('',#3598,#3599);
#3598 = CARTESIAN_POINT('',(-292.6779762772,29.893819460748,16.8));
#3599 = VECTOR('',#3600,1.);
#3600 = DIRECTION('',(-0.184317882323,-0.982866683867,0.));
#3601 = PLANE('',#3602);
#3602 = AXIS2_PLACEMENT_3D('',#3603,#3604,#3605);
#3603 = CARTESIAN_POINT('',(-299.3276350211,-5.565181891116,3.8));
#3604 = DIRECTION('',(0.982866683867,-0.184317882323,0.));
#3605 = DIRECTION('',(-0.184317882323,-0.982866683867,0.));
#3606 = ADVANCED_FACE('',(#3607),#3625,.F.);
#3607 = FACE_BOUND('',#3608,.F.);
#3608 = EDGE_LOOP('',(#3609,#3610,#3611,#3619));
#3609 = ORIENTED_EDGE('',*,*,#3588,.F.);
#3610 = ORIENTED_EDGE('',*,*,#1379,.T.);
#3611 = ORIENTED_EDGE('',*,*,#3612,.T.);
#3612 = EDGE_CURVE('',#1380,#3613,#3615,.T.);
#3613 = VERTEX_POINT('',#3614);
#3614 = CARTESIAN_POINT('',(-298.427830522,-1.131160145514,16.8));
#3615 = LINE('',#3616,#3617);
#3616 = CARTESIAN_POINT('',(-298.427830522,-1.131160145514,3.8));
#3617 = VECTOR('',#3618,1.);
#3618 = DIRECTION('',(0.,0.,1.));
#3619 = ORIENTED_EDGE('',*,*,#3620,.T.);
#3620 = EDGE_CURVE('',#3613,#3589,#3621,.T.);
#3621 = LINE('',#3622,#3623);
#3622 = CARTESIAN_POINT('',(-291.6435787924,32.300012657295,16.8));
#3623 = VECTOR('',#3624,1.);
#3624 = DIRECTION('',(-0.19887818573,-0.980024217681,0.));
#3625 = PLANE('',#3626);
#3626 = AXIS2_PLACEMENT_3D('',#3627,#3628,#3629);
#3627 = CARTESIAN_POINT('',(-298.427830522,-1.131160145514,3.8));
#3628 = DIRECTION('',(0.980024217681,-0.19887818573,0.));
#3629 = DIRECTION('',(-0.19887818573,-0.980024217681,0.));
#3630 = ADVANCED_FACE('',(#3631),#3649,.F.);
#3631 = FACE_BOUND('',#3632,.F.);
#3632 = EDGE_LOOP('',(#3633,#3634,#3635,#3643));
#3633 = ORIENTED_EDGE('',*,*,#3612,.F.);
#3634 = ORIENTED_EDGE('',*,*,#1387,.T.);
#3635 = ORIENTED_EDGE('',*,*,#3636,.T.);
#3636 = EDGE_CURVE('',#1388,#3637,#3639,.T.);
#3637 = VERTEX_POINT('',#3638);
#3638 = CARTESIAN_POINT('',(-297.4623474145,3.289025296973,16.8));
#3639 = LINE('',#3640,#3641);
#3640 = CARTESIAN_POINT('',(-297.4623474145,3.289025296973,3.8));
#3641 = VECTOR('',#3642,1.);
#3642 = DIRECTION('',(0.,0.,1.));
#3643 = ORIENTED_EDGE('',*,*,#3644,.T.);
#3644 = EDGE_CURVE('',#3637,#3613,#3645,.T.);
#3645 = LINE('',#3646,#3647);
#3646 = CARTESIAN_POINT('',(-290.6037731169,34.689026009732,16.8));
#3647 = VECTOR('',#3648,1.);
#3648 = DIRECTION('',(-0.213394719619,-0.976966065756,0.));
#3649 = PLANE('',#3650);
#3650 = AXIS2_PLACEMENT_3D('',#3651,#3652,#3653);
#3651 = CARTESIAN_POINT('',(-297.4623474145,3.289025296973,3.8));
#3652 = DIRECTION('',(0.976966065756,-0.213394719619,0.));
#3653 = DIRECTION('',(-0.213394719619,-0.976966065756,0.));
#3654 = ADVANCED_FACE('',(#3655),#3673,.F.);
#3655 = FACE_BOUND('',#3656,.F.);
#3656 = EDGE_LOOP('',(#3657,#3658,#3659,#3667));
#3657 = ORIENTED_EDGE('',*,*,#3636,.F.);
#3658 = ORIENTED_EDGE('',*,*,#1395,.T.);
#3659 = ORIENTED_EDGE('',*,*,#3660,.T.);
#3660 = EDGE_CURVE('',#1396,#3661,#3663,.T.);
#3661 = VERTEX_POINT('',#3662);
#3662 = CARTESIAN_POINT('',(-296.4313981839,7.694401632876,16.8));
#3663 = LINE('',#3664,#3665);
#3664 = CARTESIAN_POINT('',(-296.4313981839,7.694401632876,3.8));
#3665 = VECTOR('',#3666,1.);
#3666 = DIRECTION('',(0.,0.,1.));
#3667 = ORIENTED_EDGE('',*,*,#3668,.T.);
#3668 = EDGE_CURVE('',#3661,#3637,#3669,.T.);
#3669 = LINE('',#3670,#3671);
#3670 = CARTESIAN_POINT('',(-289.5588480011,37.061676997902,16.8));
#3671 = VECTOR('',#3672,1.);
#3672 = DIRECTION('',(-0.22786428916,-0.973692901138,0.));
#3673 = PLANE('',#3674);
#3674 = AXIS2_PLACEMENT_3D('',#3675,#3676,#3677);
#3675 = CARTESIAN_POINT('',(-296.4313981839,7.694401632876,3.8));
#3676 = DIRECTION('',(0.973692901138,-0.22786428916,0.));
#3677 = DIRECTION('',(-0.22786428916,-0.973692901138,0.));
#3678 = ADVANCED_FACE('',(#3679),#3697,.F.);
#3679 = FACE_BOUND('',#3680,.F.);
#3680 = EDGE_LOOP('',(#3681,#3682,#3683,#3691));
#3681 = ORIENTED_EDGE('',*,*,#3660,.F.);
#3682 = ORIENTED_EDGE('',*,*,#1403,.T.);
#3683 = ORIENTED_EDGE('',*,*,#3684,.T.);
#3684 = EDGE_CURVE('',#1404,#3685,#3687,.T.);
#3685 = VERTEX_POINT('',#3686);
#3686 = CARTESIAN_POINT('',(-295.3352097237,12.083999317941,16.8));
#3687 = LINE('',#3688,#3689);
#3688 = CARTESIAN_POINT('',(-295.3352097237,12.083999317941,3.8));
#3689 = VECTOR('',#3690,1.);
#3690 = DIRECTION('',(0.,0.,1.));
#3691 = ORIENTED_EDGE('',*,*,#3692,.T.);
#3692 = EDGE_CURVE('',#3685,#3661,#3693,.T.);
#3693 = LINE('',#3694,#3695);
#3694 = CARTESIAN_POINT('',(-288.5090534462,39.418787888802,16.8));
#3695 = VECTOR('',#3696,1.);
#3696 = DIRECTION('',(-0.242283709862,-0.97020544419,0.));
#3697 = PLANE('',#3698);
#3698 = AXIS2_PLACEMENT_3D('',#3699,#3700,#3701);
#3699 = CARTESIAN_POINT('',(-295.3352097237,12.083999317941,3.8));
#3700 = DIRECTION('',(0.97020544419,-0.242283709862,0.));
#3701 = DIRECTION('',(-0.242283709862,-0.97020544419,0.));
#3702 = ADVANCED_FACE('',(#3703),#3721,.F.);
#3703 = FACE_BOUND('',#3704,.F.);
#3704 = EDGE_LOOP('',(#3705,#3706,#3707,#3715));
#3705 = ORIENTED_EDGE('',*,*,#3684,.F.);
#3706 = ORIENTED_EDGE('',*,*,#1411,.T.);
#3707 = ORIENTED_EDGE('',*,*,#3708,.T.);
#3708 = EDGE_CURVE('',#1412,#3709,#3711,.T.);
#3709 = VERTEX_POINT('',#3710);
#3710 = CARTESIAN_POINT('',(-294.1740232853,16.456852280515,16.8));
#3711 = LINE('',#3712,#3713);
#3712 = CARTESIAN_POINT('',(-294.1740232853,16.456852280515,3.8));
#3713 = VECTOR('',#3714,1.);
#3714 = DIRECTION('',(0.,0.,1.));
#3715 = ORIENTED_EDGE('',*,*,#3716,.T.);
#3716 = EDGE_CURVE('',#3709,#3685,#3717,.T.);
#3717 = LINE('',#3718,#3719);
#3718 = CARTESIAN_POINT('',(-287.4546006317,41.761184372005,16.8));
#3719 = VECTOR('',#3720,1.);
#3720 = DIRECTION('',(-0.256649808268,-0.96650446244,0.));
#3721 = PLANE('',#3722);
#3722 = AXIS2_PLACEMENT_3D('',#3723,#3724,#3725);
#3723 = CARTESIAN_POINT('',(-294.1740232853,16.456852280515,3.8));
#3724 = DIRECTION('',(0.96650446244,-0.256649808268,0.));
#3725 = DIRECTION('',(-0.256649808268,-0.96650446244,0.));
#3726 = ADVANCED_FACE('',(#3727),#3745,.F.);
#3727 = FACE_BOUND('',#3728,.F.);
#3728 = EDGE_LOOP('',(#3729,#3730,#3731,#3739));
#3729 = ORIENTED_EDGE('',*,*,#3708,.F.);
#3730 = ORIENTED_EDGE('',*,*,#1419,.T.);
#3731 = ORIENTED_EDGE('',*,*,#3732,.T.);
#3732 = EDGE_CURVE('',#1420,#3733,#3735,.T.);
#3733 = VERTEX_POINT('',#3734);
#3734 = CARTESIAN_POINT('',(-292.948094425,20.811998134155,16.8));
#3735 = LINE('',#3736,#3737);
#3736 = CARTESIAN_POINT('',(-292.948094425,20.811998134155,3.8));
#3737 = VECTOR('',#3738,1.);
#3738 = DIRECTION('',(0.,0.,1.));
#3739 = ORIENTED_EDGE('',*,*,#3740,.T.);
#3740 = EDGE_CURVE('',#3733,#3709,#3741,.T.);
#3741 = LINE('',#3742,#3743);
#3742 = CARTESIAN_POINT('',(-286.3956618864,44.089694194539,16.8));
#3743 = VECTOR('',#3744,1.);
#3744 = DIRECTION('',(-0.270959422659,-0.962590770407,0.));
#3745 = PLANE('',#3746);
#3746 = AXIS2_PLACEMENT_3D('',#3747,#3748,#3749);
#3747 = CARTESIAN_POINT('',(-292.948094425,20.811998134155,3.8));
#3748 = DIRECTION('',(0.962590770407,-0.270959422659,0.));
#3749 = DIRECTION('',(-0.270959422659,-0.962590770407,0.));
#3750 = ADVANCED_FACE('',(#3751),#3769,.F.);
#3751 = FACE_BOUND('',#3752,.F.);
#3752 = EDGE_LOOP('',(#3753,#3754,#3755,#3763));
#3753 = ORIENTED_EDGE('',*,*,#3732,.F.);
#3754 = ORIENTED_EDGE('',*,*,#1427,.T.);
#3755 = ORIENTED_EDGE('',*,*,#3756,.T.);
#3756 = EDGE_CURVE('',#1428,#3757,#3759,.T.);
#3757 = VERTEX_POINT('',#3758);
#3758 = CARTESIAN_POINT('',(-291.6576929477,25.148478389439,16.8));
#3759 = LINE('',#3760,#3761);
#3760 = CARTESIAN_POINT('',(-291.6576929477,25.148478389439,3.8));
#3761 = VECTOR('',#3762,1.);
#3762 = DIRECTION('',(0.,0.,1.));
#3763 = ORIENTED_EDGE('',*,*,#3764,.T.);
#3764 = EDGE_CURVE('',#3757,#3733,#3765,.T.);
#3765 = LINE('',#3766,#3767);
#3766 = CARTESIAN_POINT('',(-285.3323707027,46.405145796186,16.8));
#3767 = VECTOR('',#3768,1.);
#3768 = DIRECTION('',(-0.285209403744,-0.958465229425,0.));
#3769 = PLANE('',#3770);
#3770 = AXIS2_PLACEMENT_3D('',#3771,#3772,#3773);
#3771 = CARTESIAN_POINT('',(-291.6576929477,25.148478389439,3.8));
#3772 = DIRECTION('',(0.958465229425,-0.285209403744,0.));
#3773 = DIRECTION('',(-0.285209403744,-0.958465229425,0.));
#3774 = ADVANCED_FACE('',(#3775),#3793,.F.);
#3775 = FACE_BOUND('',#3776,.F.);
#3776 = EDGE_LOOP('',(#3777,#3778,#3779,#3787));
#3777 = ORIENTED_EDGE('',*,*,#3756,.F.);
#3778 = ORIENTED_EDGE('',*,*,#1435,.T.);
#3779 = ORIENTED_EDGE('',*,*,#3780,.T.);
#3780 = EDGE_CURVE('',#1436,#3781,#3783,.T.);
#3781 = VERTEX_POINT('',#3782);
#3782 = CARTESIAN_POINT('',(-290.3031028477,29.465338664903,16.8));
#3783 = LINE('',#3784,#3785);
#3784 = CARTESIAN_POINT('',(-290.3031028477,29.465338664903,3.8));
#3785 = VECTOR('',#3786,1.);
#3786 = DIRECTION('',(0.,0.,1.));
#3787 = ORIENTED_EDGE('',*,*,#3788,.T.);
#3788 = EDGE_CURVE('',#3781,#3757,#3789,.T.);
#3789 = LINE('',#3790,#3791);
#3790 = CARTESIAN_POINT('',(-284.2648217956,48.708366946888,16.8));
#3791 = VECTOR('',#3792,1.);
#3792 = DIRECTION('',(-0.29939661536,-0.95412874745,0.));
#3793 = PLANE('',#3794);
#3794 = AXIS2_PLACEMENT_3D('',#3795,#3796,#3797);
#3795 = CARTESIAN_POINT('',(-290.3031028477,29.465338664903,3.8));
#3796 = DIRECTION('',(0.95412874745,-0.29939661536,0.));
#3797 = DIRECTION('',(-0.29939661536,-0.95412874745,0.));
#3798 = ADVANCED_FACE('',(#3799),#3817,.F.);
#3799 = FACE_BOUND('',#3800,.F.);
#3800 = EDGE_LOOP('',(#3801,#3802,#3803,#3811));
#3801 = ORIENTED_EDGE('',*,*,#3780,.F.);
#3802 = ORIENTED_EDGE('',*,*,#1443,.T.);
#3803 = ORIENTED_EDGE('',*,*,#3804,.T.);
#3804 = EDGE_CURVE('',#1444,#3805,#3807,.T.);
#3805 = VERTEX_POINT('',#3806);
#3806 = CARTESIAN_POINT('',(-288.8846222458,33.761628897092,16.8));
#3807 = LINE('',#3808,#3809);
#3808 = CARTESIAN_POINT('',(-288.8846222458,33.761628897092,3.8));
#3809 = VECTOR('',#3810,1.);
#3810 = DIRECTION('',(0.,0.,1.));
#3811 = ORIENTED_EDGE('',*,*,#3812,.T.);
#3812 = EDGE_CURVE('',#3805,#3781,#3813,.T.);
#3813 = LINE('',#3814,#3815);
#3814 = CARTESIAN_POINT('',(-283.1930712037,51.000183387172,16.8));
#3815 = VECTOR('',#3816,1.);
#3816 = DIRECTION('',(-0.313517935154,-0.949582278866,0.));
#3817 = PLANE('',#3818);
#3818 = AXIS2_PLACEMENT_3D('',#3819,#3820,#3821);
#3819 = CARTESIAN_POINT('',(-288.8846222458,33.761628897092,3.8));
#3820 = DIRECTION('',(0.949582278866,-0.313517935154,0.));
#3821 = DIRECTION('',(-0.313517935154,-0.949582278866,0.));
#3822 = ADVANCED_FACE('',(#3823),#3841,.F.);
#3823 = FACE_BOUND('',#3824,.F.);
#3824 = EDGE_LOOP('',(#3825,#3826,#3827,#3835));
#3825 = ORIENTED_EDGE('',*,*,#3804,.F.);
#3826 = ORIENTED_EDGE('',*,*,#1451,.T.);
#3827 = ORIENTED_EDGE('',*,*,#3828,.T.);
#3828 = EDGE_CURVE('',#1452,#3829,#3831,.T.);
#3829 = VERTEX_POINT('',#3830);
#3830 = CARTESIAN_POINT('',(-287.4025633243,38.036403549647,16.8));
#3831 = LINE('',#3832,#3833);
#3832 = CARTESIAN_POINT('',(-287.4025633243,38.036403549647,3.8));
#3833 = VECTOR('',#3834,1.);
#3834 = DIRECTION('',(0.,0.,1.));
#3835 = ORIENTED_EDGE('',*,*,#3836,.T.);
#3836 = EDGE_CURVE('',#3829,#3805,#3837,.T.);
#3837 = LINE('',#3838,#3839);
#3838 = CARTESIAN_POINT('',(-282.1171364349,53.281417473521,16.8));
#3839 = VECTOR('',#3840,1.);
#3840 = DIRECTION('',(-0.32757025528,-0.944826824268,0.));
#3841 = PLANE('',#3842);
#3842 = AXIS2_PLACEMENT_3D('',#3843,#3844,#3845);
#3843 = CARTESIAN_POINT('',(-287.4025633243,38.036403549647,3.8));
#3844 = DIRECTION('',(0.944826824268,-0.32757025528,0.));
#3845 = DIRECTION('',(-0.32757025528,-0.944826824268,0.));
#3846 = ADVANCED_FACE('',(#3847),#3865,.F.);
#3847 = FACE_BOUND('',#3848,.F.);
#3848 = EDGE_LOOP('',(#3849,#3850,#3851,#3859));
#3849 = ORIENTED_EDGE('',*,*,#3828,.F.);
#3850 = ORIENTED_EDGE('',*,*,#1459,.T.);
#3851 = ORIENTED_EDGE('',*,*,#3852,.T.);
#3852 = EDGE_CURVE('',#1460,#3853,#3855,.T.);
#3853 = VERTEX_POINT('',#3854);
#3854 = CARTESIAN_POINT('',(-285.8572522577,42.288721821402,16.8));
#3855 = LINE('',#3856,#3857);
#3856 = CARTESIAN_POINT('',(-285.8572522577,42.288721821402,3.8));
#3857 = VECTOR('',#3858,1.);
#3858 = DIRECTION('',(0.,0.,1.));
#3859 = ORIENTED_EDGE('',*,*,#3860,.T.);
#3860 = EDGE_CURVE('',#3853,#3829,#3861,.T.);
#3861 = LINE('',#3862,#3863);
#3862 = CARTESIAN_POINT('',(-281.0369966543,55.552886829284,16.8));
#3863 = VECTOR('',#3864,1.);
#3864 = DIRECTION('',(-0.341550483072,-0.939863430246,0.));
#3865 = PLANE('',#3866);
#3866 = AXIS2_PLACEMENT_3D('',#3867,#3868,#3869);
#3867 = CARTESIAN_POINT('',(-285.8572522577,42.288721821402,3.8));
#3868 = DIRECTION('',(0.939863430246,-0.341550483072,0.));
#3869 = DIRECTION('',(-0.341550483072,-0.939863430246,0.));
#3870 = ADVANCED_FACE('',(#3871),#3889,.F.);
#3871 = FACE_BOUND('',#3872,.F.);
#3872 = EDGE_LOOP('',(#3873,#3874,#3875,#3883));
#3873 = ORIENTED_EDGE('',*,*,#3852,.F.);
#3874 = ORIENTED_EDGE('',*,*,#1467,.T.);
#3875 = ORIENTED_EDGE('',*,*,#3876,.T.);
#3876 = EDGE_CURVE('',#1468,#3877,#3879,.T.);
#3877 = VERTEX_POINT('',#3878);
#3878 = CARTESIAN_POINT('',(-284.2490291411,46.517647853437,16.8));
#3879 = LINE('',#3880,#3881);
#3880 = CARTESIAN_POINT('',(-284.2490291411,46.517647853437,3.8));
#3881 = VECTOR('',#3882,1.);
#3882 = DIRECTION('',(0.,0.,1.));
#3883 = ORIENTED_EDGE('',*,*,#3884,.T.);
#3884 = EDGE_CURVE('',#3877,#3853,#3885,.T.);
#3885 = LINE('',#3886,#3887);
#3886 = CARTESIAN_POINT('',(-279.9525929161,57.815403003147,16.8));
#3887 = VECTOR('',#3888,1.);
#3888 = DIRECTION('',(-0.355455541733,-0.934693189154,0.));
#3889 = PLANE('',#3890);
#3890 = AXIS2_PLACEMENT_3D('',#3891,#3892,#3893);
#3891 = CARTESIAN_POINT('',(-284.2490291411,46.517647853437,3.8));
#3892 = DIRECTION('',(0.934693189154,-0.355455541733,0.));
#3893 = DIRECTION('',(-0.355455541733,-0.934693189154,0.));
#3894 = ADVANCED_FACE('',(#3895),#3913,.F.);
#3895 = FACE_BOUND('',#3896,.F.);
#3896 = EDGE_LOOP('',(#3897,#3898,#3899,#3907));
#3897 = ORIENTED_EDGE('',*,*,#3876,.F.);
#3898 = ORIENTED_EDGE('',*,*,#1475,.T.);
#3899 = ORIENTED_EDGE('',*,*,#3900,.T.);
#3900 = EDGE_CURVE('',#1476,#3901,#3903,.T.);
#3901 = VERTEX_POINT('',#3902);
#3902 = CARTESIAN_POINT('',(-282.5782479157,50.722250935045,16.8));
#3903 = LINE('',#3904,#3905);
#3904 = CARTESIAN_POINT('',(-282.5782479157,50.722250935045,3.8));
#3905 = VECTOR('',#3906,1.);
#3906 = DIRECTION('',(0.,0.,1.));
#3907 = ORIENTED_EDGE('',*,*,#3908,.T.);
#3908 = EDGE_CURVE('',#3901,#3877,#3909,.T.);
#3909 = LINE('',#3910,#3911);
#3910 = CARTESIAN_POINT('',(-278.8638284373,60.069770136118,16.8));
#3911 = VECTOR('',#3912,1.);
#3912 = DIRECTION('',(-0.369282371011,-0.92931723887,0.));
#3913 = PLANE('',#3914);
#3914 = AXIS2_PLACEMENT_3D('',#3915,#3916,#3917);
#3915 = CARTESIAN_POINT('',(-282.5782479157,50.722250935045,3.8));
#3916 = DIRECTION('',(0.92931723887,-0.369282371011,0.));
#3917 = DIRECTION('',(-0.369282371011,-0.92931723887,0.));
#3918 = ADVANCED_FACE('',(#3919),#3937,.F.);
#3919 = FACE_BOUND('',#3920,.F.);
#3920 = EDGE_LOOP('',(#3921,#3922,#3923,#3931));
#3921 = ORIENTED_EDGE('',*,*,#3900,.F.);
#3922 = ORIENTED_EDGE('',*,*,#1483,.T.);
#3923 = ORIENTED_EDGE('',*,*,#3924,.T.);
#3924 = EDGE_CURVE('',#1484,#3925,#3927,.T.);
#3925 = VERTEX_POINT('',#3926);
#3926 = CARTESIAN_POINT('',(-280.8452762905,54.901605708563,16.8));
#3927 = LINE('',#3928,#3929);
#3928 = CARTESIAN_POINT('',(-280.8452762905,54.901605708563,3.8));
#3929 = VECTOR('',#3930,1.);
#3930 = DIRECTION('',(0.,0.,1.));
#3931 = ORIENTED_EDGE('',*,*,#3932,.T.);
#3932 = EDGE_CURVE('',#3925,#3901,#3933,.T.);
#3933 = LINE('',#3934,#3935);
#3934 = CARTESIAN_POINT('',(-277.7705689145,62.316783638261,16.8));
#3935 = VECTOR('',#3936,1.);
#3936 = DIRECTION('',(-0.383027927868,-0.923736762543,0.));
#3937 = PLANE('',#3938);
#3938 = AXIS2_PLACEMENT_3D('',#3939,#3940,#3941);
#3939 = CARTESIAN_POINT('',(-280.8452762905,54.901605708563,3.8));
#3940 = DIRECTION('',(0.923736762543,-0.383027927868,0.));
#3941 = DIRECTION('',(-0.383027927868,-0.923736762543,0.));
#3942 = ADVANCED_FACE('',(#3943),#3961,.F.);
#3943 = FACE_BOUND('',#3944,.F.);
#3944 = EDGE_LOOP('',(#3945,#3946,#3947,#3955));
#3945 = ORIENTED_EDGE('',*,*,#3924,.F.);
#3946 = ORIENTED_EDGE('',*,*,#1491,.T.);
#3947 = ORIENTED_EDGE('',*,*,#3948,.T.);
#3948 = EDGE_CURVE('',#1492,#3949,#3951,.T.);
#3949 = VERTEX_POINT('',#3950);
#3950 = CARTESIAN_POINT('',(-279.0504956612,59.054792373027,16.8));
#3951 = LINE('',#3952,#3953);
#3952 = CARTESIAN_POINT('',(-279.0504956612,59.054792373027,3.8));
#3953 = VECTOR('',#3954,1.);
#3954 = DIRECTION('',(0.,0.,1.));
#3955 = ORIENTED_EDGE('',*,*,#3956,.T.);
#3956 = EDGE_CURVE('',#3949,#3925,#3957,.T.);
#3957 = LINE('',#3958,#3959);
#3958 = CARTESIAN_POINT('',(-276.6726428825,64.557228876694,16.8));
#3959 = VECTOR('',#3960,1.);
#3960 = DIRECTION('',(-0.396689187153,-0.917952988336,0.));
#3961 = PLANE('',#3962);
#3962 = AXIS2_PLACEMENT_3D('',#3963,#3964,#3965);
#3963 = CARTESIAN_POINT('',(-279.0504956612,59.054792373027,3.8));
#3964 = DIRECTION('',(0.917952988336,-0.396689187153,0.));
#3965 = DIRECTION('',(-0.396689187153,-0.917952988336,0.));
#3966 = ADVANCED_FACE('',(#3967),#3985,.F.);
#3967 = FACE_BOUND('',#3968,.F.);
#3968 = EDGE_LOOP('',(#3969,#3970,#3971,#3979));
#3969 = ORIENTED_EDGE('',*,*,#3948,.F.);
#3970 = ORIENTED_EDGE('',*,*,#1499,.T.);
#3971 = ORIENTED_EDGE('',*,*,#3972,.T.);
#3972 = EDGE_CURVE('',#1500,#3973,#3975,.T.);
#3973 = VERTEX_POINT('',#3974);
#3974 = CARTESIAN_POINT('',(-277.194301027,63.180896886606,16.8));
#3975 = LINE('',#3976,#3977);
#3976 = CARTESIAN_POINT('',(-277.194301027,63.180896886606,3.8));
#3977 = VECTOR('',#3978,1.);
#3978 = DIRECTION('',(0.,0.,1.));
#3979 = ORIENTED_EDGE('',*,*,#3980,.T.);
#3980 = EDGE_CURVE('',#3973,#3949,#3981,.T.);
#3981 = LINE('',#3982,#3983);
#3982 = CARTESIAN_POINT('',(-275.5698421148,66.791879876221,16.8));
#3983 = VECTOR('',#3984,1.);
#3984 = DIRECTION('',(-0.410263142269,-0.911967189155,0.));
#3985 = PLANE('',#3986);
#3986 = AXIS2_PLACEMENT_3D('',#3987,#3988,#3989);
#3987 = CARTESIAN_POINT('',(-277.194301027,63.180896886606,3.8));
#3988 = DIRECTION('',(0.911967189155,-0.410263142269,0.));
#3989 = DIRECTION('',(-0.410263142269,-0.911967189155,0.));
#3990 = ADVANCED_FACE('',(#3991),#4009,.F.);
#3991 = FACE_BOUND('',#3992,.F.);
#3992 = EDGE_LOOP('',(#3993,#3994,#3995,#4003));
#3993 = ORIENTED_EDGE('',*,*,#3972,.F.);
#3994 = ORIENTED_EDGE('',*,*,#1507,.T.);
#3995 = ORIENTED_EDGE('',*,*,#3996,.T.);
#3996 = EDGE_CURVE('',#1508,#3997,#3999,.T.);
#3997 = VERTEX_POINT('',#3998);
#3998 = CARTESIAN_POINT('',(-275.277100903,67.279011167761,16.8));
#3999 = LINE('',#4000,#4001);
#4000 = CARTESIAN_POINT('',(-275.277100903,67.279011167761,3.8));
#4001 = VECTOR('',#4002,1.);
#4002 = DIRECTION('',(0.,0.,1.));
#4003 = ORIENTED_EDGE('',*,*,#4004,.T.);
#4004 = EDGE_CURVE('',#3997,#3973,#4005,.T.);
#4005 = LINE('',#4006,#4007);
#4006 = CARTESIAN_POINT('',(-274.4619220656,69.021498033445,16.8));
#4007 = VECTOR('',#4008,1.);
#4008 = DIRECTION('',(-0.423746805832,-0.905780682366,0.));
#4009 = PLANE('',#4010);
#4010 = AXIS2_PLACEMENT_3D('',#4011,#4012,#4013);
#4011 = CARTESIAN_POINT('',(-275.277100903,67.279011167761,3.8));
#4012 = DIRECTION('',(0.905780682366,-0.423746805832,0.));
#4013 = DIRECTION('',(-0.423746805832,-0.905780682366,0.));
#4014 = ADVANCED_FACE('',(#4015),#4033,.F.);
#4015 = FACE_BOUND('',#4016,.F.);
#4016 = EDGE_LOOP('',(#4017,#4018,#4019,#4027));
#4017 = ORIENTED_EDGE('',*,*,#3996,.F.);
#4018 = ORIENTED_EDGE('',*,*,#1515,.T.);
#4019 = ORIENTED_EDGE('',*,*,#4020,.T.);
#4020 = EDGE_CURVE('',#1516,#4021,#4023,.T.);
#4021 = VERTEX_POINT('',#4022);
#4022 = CARTESIAN_POINT('',(-273.2993172304,71.348233295104,16.8));
#4023 = LINE('',#4024,#4025);
#4024 = CARTESIAN_POINT('',(-273.2993172304,71.348233295104,3.8));
#4025 = VECTOR('',#4026,1.);
#4026 = DIRECTION('',(0.,0.,1.));
#4027 = ORIENTED_EDGE('',*,*,#4028,.T.);
#4028 = EDGE_CURVE('',#4021,#3997,#4029,.T.);
#4029 = LINE('',#4030,#4031);
#4030 = CARTESIAN_POINT('',(-273.3486023521,71.246830846051,16.8));
#4031 = VECTOR('',#4032,1.);
#4032 = DIRECTION('',(-0.43713721033,-0.899394829508,0.));
#4033 = PLANE('',#4034);
#4034 = AXIS2_PLACEMENT_3D('',#4035,#4036,#4037);
#4035 = CARTESIAN_POINT('',(-273.2993172304,71.348233295104,3.8));
#4036 = DIRECTION('',(0.899394829508,-0.43713721033,0.));
#4037 = DIRECTION('',(-0.43713721033,-0.899394829508,0.));
#4038 = ADVANCED_FACE('',(#4039),#4057,.F.);
#4039 = FACE_BOUND('',#4040,.F.);
#4040 = EDGE_LOOP('',(#4041,#4042,#4043,#4051));
#4041 = ORIENTED_EDGE('',*,*,#4020,.F.);
#4042 = ORIENTED_EDGE('',*,*,#1523,.T.);
#4043 = ORIENTED_EDGE('',*,*,#4044,.T.);
#4044 = EDGE_CURVE('',#1524,#4045,#4047,.T.);
#4045 = VERTEX_POINT('',#4046);
#4046 = CARTESIAN_POINT('',(-271.2613852841,75.387667705889,16.8));
#4047 = LINE('',#4048,#4049);
#4048 = CARTESIAN_POINT('',(-271.2613852841,75.387667705889,3.8));
#4049 = VECTOR('',#4050,1.);
#4050 = DIRECTION('',(0.,0.,1.));
#4051 = ORIENTED_EDGE('',*,*,#4052,.T.);
#4052 = EDGE_CURVE('',#4045,#4021,#4053,.T.);
#4053 = LINE('',#4054,#4055);
#4054 = CARTESIAN_POINT('',(-272.2295672784,73.468610658414,16.8));
#4055 = VECTOR('',#4056,1.);
#4056 = DIRECTION('',(-0.450431408775,-0.892811035992,0.));
#4057 = PLANE('',#4058);
#4058 = AXIS2_PLACEMENT_3D('',#4059,#4060,#4061);
#4059 = CARTESIAN_POINT('',(-271.2613852841,75.387667705889,3.8));
#4060 = DIRECTION('',(0.892811035992,-0.450431408775,0.));
#4061 = DIRECTION('',(-0.450431408775,-0.892811035992,0.));
#4062 = ADVANCED_FACE('',(#4063),#4081,.F.);
#4063 = FACE_BOUND('',#4064,.F.);
#4064 = EDGE_LOOP('',(#4065,#4066,#4067,#4075));
#4065 = ORIENTED_EDGE('',*,*,#4044,.F.);
#4066 = ORIENTED_EDGE('',*,*,#1531,.T.);
#4067 = ORIENTED_EDGE('',*,*,#4068,.T.);
#4068 = EDGE_CURVE('',#1532,#4069,#4071,.T.);
#4069 = VERTEX_POINT('',#4070);
#4070 = CARTESIAN_POINT('',(-269.1637535762,79.396425393114,16.8));
#4071 = LINE('',#4072,#4073);
#4072 = CARTESIAN_POINT('',(-269.1637535762,79.396425393114,3.8));
#4073 = VECTOR('',#4074,1.);
#4074 = DIRECTION('',(0.,0.,1.));
#4075 = ORIENTED_EDGE('',*,*,#4076,.T.);
#4076 = EDGE_CURVE('',#4069,#4045,#4077,.T.);
#4077 = LINE('',#4078,#4079);
#4078 = CARTESIAN_POINT('',(-271.1044663977,75.687553424493,16.8));
#4079 = VECTOR('',#4080,1.);
#4080 = DIRECTION('',(-0.463626475352,-0.886030750794,0.));
#4081 = PLANE('',#4082);
#4082 = AXIS2_PLACEMENT_3D('',#4083,#4084,#4085);
#4083 = CARTESIAN_POINT('',(-269.1637535762,79.396425393114,3.8));
#4084 = DIRECTION('',(0.886030750794,-0.463626475352,0.));
#4085 = DIRECTION('',(-0.463626475352,-0.886030750794,0.));
#4086 = ADVANCED_FACE('',(#4087),#4105,.F.);
#4087 = FACE_BOUND('',#4088,.F.);
#4088 = EDGE_LOOP('',(#4089,#4090,#4091,#4099));
#4089 = ORIENTED_EDGE('',*,*,#4068,.F.);
#4090 = ORIENTED_EDGE('',*,*,#1539,.T.);
#4091 = ORIENTED_EDGE('',*,*,#4092,.T.);
#4092 = EDGE_CURVE('',#1540,#4093,#4095,.T.);
#4093 = VERTEX_POINT('',#4094);
#4094 = CARTESIAN_POINT('',(-267.0068837577,83.373624101171,16.8));
#4095 = LINE('',#4096,#4097);
#4096 = CARTESIAN_POINT('',(-267.0068837577,83.373624101171,3.8));
#4097 = VECTOR('',#4098,1.);
#4098 = DIRECTION('',(0.,0.,1.));
#4099 = ORIENTED_EDGE('',*,*,#4100,.T.);
#4100 = EDGE_CURVE('',#4093,#4069,#4101,.T.);
#4101 = LINE('',#4102,#4103);
#4102 = CARTESIAN_POINT('',(-269.9729151152,77.90435748969,16.8));
#4103 = VECTOR('',#4104,1.);
#4104 = DIRECTION('',(-0.476719506064,-0.879055466133,0.));
#4105 = PLANE('',#4106);
#4106 = AXIS2_PLACEMENT_3D('',#4107,#4108,#4109);
#4107 = CARTESIAN_POINT('',(-267.0068837577,83.373624101171,3.8));
#4108 = DIRECTION('',(0.879055466133,-0.476719506064,0.));
#4109 = DIRECTION('',(-0.476719506064,-0.879055466133,0.));
#4110 = ADVANCED_FACE('',(#4111),#4129,.F.);
#4111 = FACE_BOUND('',#4112,.F.);
#4112 = EDGE_LOOP('',(#4113,#4114,#4115,#4123));
#4113 = ORIENTED_EDGE('',*,*,#4092,.F.);
#4114 = ORIENTED_EDGE('',*,*,#1547,.T.);
#4115 = ORIENTED_EDGE('',*,*,#4116,.T.);
#4116 = EDGE_CURVE('',#1548,#4117,#4119,.T.);
#4117 = VERTEX_POINT('',#4118);
#4118 = CARTESIAN_POINT('',(-264.7912505172,87.318388520017,16.8));
#4119 = LINE('',#4120,#4121);
#4120 = CARTESIAN_POINT('',(-264.7912505172,87.318388520017,3.8));
#4121 = VECTOR('',#4122,1.);
#4122 = DIRECTION('',(0.,0.,1.));
#4123 = ORIENTED_EDGE('',*,*,#4124,.T.);
#4124 = EDGE_CURVE('',#4117,#4093,#4125,.T.);
#4125 = LINE('',#4126,#4127);
#4126 = CARTESIAN_POINT('',(-268.8344953295,80.119702392595,16.8));
#4127 = VECTOR('',#4128,1.);
#4128 = DIRECTION('',(-0.48970761937,-0.871886717143,0.));
#4129 = PLANE('',#4130);
#4130 = AXIS2_PLACEMENT_3D('',#4131,#4132,#4133);
#4131 = CARTESIAN_POINT('',(-264.7912505172,87.318388520017,3.8));
#4132 = DIRECTION('',(0.871886717143,-0.48970761937,0.));
#4133 = DIRECTION('',(-0.48970761937,-0.871886717143,0.));
#4134 = ADVANCED_FACE('',(#4135),#4153,.F.);
#4135 = FACE_BOUND('',#4136,.F.);
#4136 = EDGE_LOOP('',(#4137,#4138,#4139,#4147));
#4137 = ORIENTED_EDGE('',*,*,#4116,.F.);
#4138 = ORIENTED_EDGE('',*,*,#1555,.T.);
#4139 = ORIENTED_EDGE('',*,*,#4140,.T.);
#4140 = EDGE_CURVE('',#1556,#4141,#4143,.T.);
#4141 = VERTEX_POINT('',#4142);
#4142 = CARTESIAN_POINT('',(-262.5173414755,91.229850477816,16.8));
#4143 = LINE('',#4144,#4145);
#4144 = CARTESIAN_POINT('',(-262.5173414755,91.229850477816,3.8));
#4145 = VECTOR('',#4146,1.);
#4146 = DIRECTION('',(0.,0.,1.));
#4147 = ORIENTED_EDGE('',*,*,#4148,.T.);
#4148 = EDGE_CURVE('',#4141,#4117,#4149,.T.);
#4149 = LINE('',#4150,#4151);
#4150 = CARTESIAN_POINT('',(-267.6887561112,82.334247687567,16.8));
#4151 = VECTOR('',#4152,1.);
#4152 = DIRECTION('',(-0.50258795682,-0.864526081538,0.));
#4153 = PLANE('',#4154);
#4154 = AXIS2_PLACEMENT_3D('',#4155,#4156,#4157);
#4155 = CARTESIAN_POINT('',(-262.5173414755,91.229850477816,3.8));
#4156 = DIRECTION('',(0.864526081538,-0.50258795682,0.));
#4157 = DIRECTION('',(-0.50258795682,-0.864526081538,0.));
#4158 = ADVANCED_FACE('',(#4159),#4177,.F.);
#4159 = FACE_BOUND('',#4160,.F.);
#4160 = EDGE_LOOP('',(#4161,#4162,#4163,#4171));
#4161 = ORIENTED_EDGE('',*,*,#4140,.F.);
#4162 = ORIENTED_EDGE('',*,*,#1563,.T.);
#4163 = ORIENTED_EDGE('',*,*,#4164,.T.);
#4164 = EDGE_CURVE('',#1564,#4165,#4167,.T.);
#4165 = VERTEX_POINT('',#4166);
#4166 = CARTESIAN_POINT('',(-260.1856570794,95.107149132004,16.8));
#4167 = LINE('',#4168,#4169);
#4168 = CARTESIAN_POINT('',(-260.1856570794,95.107149132004,3.8));
#4169 = VECTOR('',#4170,1.);
#4170 = DIRECTION('',(0.,0.,1.));
#4171 = ORIENTED_EDGE('',*,*,#4172,.T.);
#4172 = EDGE_CURVE('',#4165,#4141,#4173,.T.);
#4173 = LINE('',#4174,#4175);
#4174 = CARTESIAN_POINT('',(-266.5352144203,84.548631790032,16.8));
#4175 = VECTOR('',#4176,1.);
#4176 = DIRECTION('',(-0.515357683682,-0.856975179261,0.));
#4177 = PLANE('',#4178);
#4178 = AXIS2_PLACEMENT_3D('',#4179,#4180,#4181);
#4179 = CARTESIAN_POINT('',(-260.1856570794,95.107149132004,3.8));
#4180 = DIRECTION('',(0.856975179261,-0.515357683682,0.));
#4181 = DIRECTION('',(-0.515357683682,-0.856975179261,0.));
#4182 = ADVANCED_FACE('',(#4183),#4201,.F.);
#4183 = FACE_BOUND('',#4184,.F.);
#4184 = EDGE_LOOP('',(#4185,#4186,#4187,#4195));
#4185 = ORIENTED_EDGE('',*,*,#4164,.F.);
#4186 = ORIENTED_EDGE('',*,*,#1571,.T.);
#4187 = ORIENTED_EDGE('',*,*,#4188,.T.);
#4188 = EDGE_CURVE('',#1572,#4189,#4191,.T.);
#4189 = VERTEX_POINT('',#4190);
#4190 = CARTESIAN_POINT('',(-257.7967104906,98.949431158747,16.8));
#4191 = LINE('',#4192,#4193);
#4192 = CARTESIAN_POINT('',(-257.7967104906,98.949431158747,3.8));
#4193 = VECTOR('',#4194,1.);
#4194 = DIRECTION('',(0.,0.,1.));
#4195 = ORIENTED_EDGE('',*,*,#4196,.T.);
#4196 = EDGE_CURVE('',#4189,#4165,#4197,.T.);
#4197 = LINE('',#4198,#4199);
#4198 = CARTESIAN_POINT('',(-265.3733558592,86.763470844775,16.8));
#4199 = VECTOR('',#4200,1.);
#4200 = DIRECTION('',(-0.528013989569,-0.849235672131,0.));
#4201 = PLANE('',#4202);
#4202 = AXIS2_PLACEMENT_3D('',#4203,#4204,#4205);
#4203 = CARTESIAN_POINT('',(-257.7967104906,98.949431158747,3.8));
#4204 = DIRECTION('',(0.849235672131,-0.528013989569,0.));
#4205 = DIRECTION('',(-0.528013989569,-0.849235672131,0.));
#4206 = ADVANCED_FACE('',(#4207),#4225,.F.);
#4207 = FACE_BOUND('',#4208,.F.);
#4208 = EDGE_LOOP('',(#4209,#4210,#4211,#4219));
#4209 = ORIENTED_EDGE('',*,*,#4188,.F.);
#4210 = ORIENTED_EDGE('',*,*,#1579,.T.);
#4211 = ORIENTED_EDGE('',*,*,#4212,.T.);
#4212 = EDGE_CURVE('',#1580,#4213,#4215,.T.);
#4213 = VERTEX_POINT('',#4214);
#4214 = CARTESIAN_POINT('',(-255.3510274735,102.75585094074,16.8));
#4215 = LINE('',#4216,#4217);
#4216 = CARTESIAN_POINT('',(-255.3510274735,102.75585094074,3.8));
#4217 = VECTOR('',#4218,1.);
#4218 = DIRECTION('',(0.,0.,1.));
#4219 = ORIENTED_EDGE('',*,*,#4220,.T.);
#4220 = EDGE_CURVE('',#4213,#4189,#4221,.T.);
#4221 = LINE('',#4222,#4223);
#4222 = CARTESIAN_POINT('',(-264.2026354625,88.97935761914,16.8));
#4223 = VECTOR('',#4224,1.);
#4224 = DIRECTION('',(-0.540554089056,-0.841309263473,0.));
#4225 = PLANE('',#4226);
#4226 = AXIS2_PLACEMENT_3D('',#4227,#4228,#4229);
#4227 = CARTESIAN_POINT('',(-255.3510274735,102.75585094074,3.8));
#4228 = DIRECTION('',(0.841309263473,-0.540554089056,0.));
#4229 = DIRECTION('',(-0.540554089056,-0.841309263473,0.));
#4230 = ADVANCED_FACE('',(#4231),#4249,.F.);
#4231 = FACE_BOUND('',#4232,.F.);
#4232 = EDGE_LOOP('',(#4233,#4234,#4235,#4243));
#4233 = ORIENTED_EDGE('',*,*,#4212,.F.);
#4234 = ORIENTED_EDGE('',*,*,#1587,.T.);
#4235 = ORIENTED_EDGE('',*,*,#4236,.T.);
#4236 = EDGE_CURVE('',#1588,#4237,#4239,.T.);
#4237 = VERTEX_POINT('',#4238);
#4238 = CARTESIAN_POINT('',(-252.8491462789,106.52557075332,16.8));
#4239 = LINE('',#4240,#4241);
#4240 = CARTESIAN_POINT('',(-252.8491462789,106.52557075332,3.8));
#4241 = VECTOR('',#4242,1.);
#4242 = DIRECTION('',(0.,0.,1.));
#4243 = ORIENTED_EDGE('',*,*,#4244,.T.);
#4244 = EDGE_CURVE('',#4237,#4213,#4245,.T.);
#4245 = LINE('',#4246,#4247);
#4246 = CARTESIAN_POINT('',(-263.0224785217,91.196860421443,16.8));
#4247 = VECTOR('',#4248,1.);
#4248 = DIRECTION('',(-0.55297522229,-0.833197697748,0.));
#4249 = PLANE('',#4250);
#4250 = AXIS2_PLACEMENT_3D('',#4251,#4252,#4253);
#4251 = CARTESIAN_POINT('',(-252.8491462789,106.52557075332,3.8));
#4252 = DIRECTION('',(0.833197697748,-0.55297522229,0.));
#4253 = DIRECTION('',(-0.55297522229,-0.833197697748,0.));
#4254 = ADVANCED_FACE('',(#4255),#4273,.F.);
#4255 = FACE_BOUND('',#4256,.F.);
#4256 = EDGE_LOOP('',(#4257,#4258,#4259,#4267));
#4257 = ORIENTED_EDGE('',*,*,#4236,.F.);
#4258 = ORIENTED_EDGE('',*,*,#1595,.T.);
#4259 = ORIENTED_EDGE('',*,*,#4260,.T.);
#4260 = EDGE_CURVE('',#1596,#4261,#4263,.T.);
#4261 = VERTEX_POINT('',#4262);
#4262 = CARTESIAN_POINT('',(-250.2916175261,110.25776094883,16.8));
#4263 = LINE('',#4264,#4265);
#4264 = CARTESIAN_POINT('',(-250.2916175261,110.25776094883,3.8));
#4265 = VECTOR('',#4266,1.);
#4266 = DIRECTION('',(0.,0.,1.));
#4267 = ORIENTED_EDGE('',*,*,#4268,.T.);
#4268 = EDGE_CURVE('',#4261,#4237,#4269,.T.);
#4269 = LINE('',#4270,#4271);
#4270 = CARTESIAN_POINT('',(-261.8322814444,93.416522046626,16.8));
#4271 = VECTOR('',#4272,1.);
#4272 = DIRECTION('',(-0.565274655605,-0.824902760167,0.));
#4273 = PLANE('',#4274);
#4274 = AXIS2_PLACEMENT_3D('',#4275,#4276,#4277);
#4275 = CARTESIAN_POINT('',(-250.2916175261,110.25776094883,3.8));
#4276 = DIRECTION('',(0.824902760167,-0.565274655605,0.));
#4277 = DIRECTION('',(-0.565274655605,-0.824902760167,0.));
#4278 = ADVANCED_FACE('',(#4279),#4313,.F.);
#4279 = FACE_BOUND('',#4280,.F.);
#4280 = EDGE_LOOP('',(#4281,#4289,#4297,#4305,#4311,#4312));
#4281 = ORIENTED_EDGE('',*,*,#4282,.T.);
#4282 = EDGE_CURVE('',#1604,#4283,#4285,.T.);
#4283 = VERTEX_POINT('',#4284);
#4284 = CARTESIAN_POINT('',(-249.6288592704,111.19480061054,14.));
#4285 = LINE('',#4286,#4287);
#4286 = CARTESIAN_POINT('',(-249.6288592704,111.19480061054,3.9));
#4287 = VECTOR('',#4288,1.);
#4288 = DIRECTION('',(0.,0.,1.));
#4289 = ORIENTED_EDGE('',*,*,#4290,.T.);
#4290 = EDGE_CURVE('',#4283,#4291,#4293,.T.);
#4291 = VERTEX_POINT('',#4292);
#4292 = CARTESIAN_POINT('',(-247.6790040812,113.95160013919,14.));
#4293 = LINE('',#4294,#4295);
#4294 = CARTESIAN_POINT('',(-234.4388630545,132.67115159247,14.));
#4295 = VECTOR('',#4296,1.);
#4296 = DIRECTION('',(0.577449682115,0.816426276295,0.));
#4297 = ORIENTED_EDGE('',*,*,#4298,.T.);
#4298 = EDGE_CURVE('',#4291,#4299,#4301,.T.);
#4299 = VERTEX_POINT('',#4300);
#4300 = CARTESIAN_POINT('',(-247.6790040812,113.95160013919,16.8));
#4301 = LINE('',#4302,#4303);
#4302 = CARTESIAN_POINT('',(-247.6790040812,113.95160013919,3.8));
#4303 = VECTOR('',#4304,1.);
#4304 = DIRECTION('',(0.,0.,1.));
#4305 = ORIENTED_EDGE('',*,*,#4306,.T.);
#4306 = EDGE_CURVE('',#4299,#4261,#4307,.T.);
#4307 = LINE('',#4308,#4309);
#4308 = CARTESIAN_POINT('',(-260.6314126469,95.638858749124,16.8));
#4309 = VECTOR('',#4310,1.);
#4310 = DIRECTION('',(-0.577449682115,-0.816426276295,0.));
#4311 = ORIENTED_EDGE('',*,*,#4260,.F.);
#4312 = ORIENTED_EDGE('',*,*,#1603,.T.);
#4313 = PLANE('',#4314);
#4314 = AXIS2_PLACEMENT_3D('',#4315,#4316,#4317);
#4315 = CARTESIAN_POINT('',(-247.6790040812,113.95160013919,3.8));
#4316 = DIRECTION('',(0.816426276295,-0.577449682115,0.));
#4317 = DIRECTION('',(-0.577449682115,-0.816426276295,0.));
#4318 = ADVANCED_FACE('',(#4319),#4337,.T.);
#4319 = FACE_BOUND('',#4320,.T.);
#4320 = EDGE_LOOP('',(#4321,#4322,#4323,#4331));
#4321 = ORIENTED_EDGE('',*,*,#1611,.F.);
#4322 = ORIENTED_EDGE('',*,*,#4282,.T.);
#4323 = ORIENTED_EDGE('',*,*,#4324,.T.);
#4324 = EDGE_CURVE('',#4283,#4325,#4327,.T.);
#4325 = VERTEX_POINT('',#4326);
#4326 = CARTESIAN_POINT('',(-328.7717490509,129.08614537474,14.));
#4327 = LINE('',#4328,#4329);
#4328 = CARTESIAN_POINT('',(-140.7717490509,86.586145374741,14.));
#4329 = VECTOR('',#4330,1.);
#4330 = DIRECTION('',(-0.975387035788,0.220499728835,0.));
#4331 = ORIENTED_EDGE('',*,*,#4332,.F.);
#4332 = EDGE_CURVE('',#1612,#4325,#4333,.T.);
#4333 = LINE('',#4334,#4335);
#4334 = CARTESIAN_POINT('',(-328.7717490509,129.08614537474,4.));
#4335 = VECTOR('',#4336,1.);
#4336 = DIRECTION('',(0.,0.,1.));
#4337 = PLANE('',#4338);
#4338 = AXIS2_PLACEMENT_3D('',#4339,#4340,#4341);
#4339 = CARTESIAN_POINT('',(-140.7717490509,86.586145374741,4.));
#4340 = DIRECTION('',(-0.220499728835,-0.975387035788,0.));
#4341 = DIRECTION('',(0.,0.,1.));
#4342 = ADVANCED_FACE('',(#4343),#4361,.T.);
#4343 = FACE_BOUND('',#4344,.T.);
#4344 = EDGE_LOOP('',(#4345,#4353,#4354,#4355));
#4345 = ORIENTED_EDGE('',*,*,#4346,.F.);
#4346 = EDGE_CURVE('',#1620,#4347,#4349,.T.);
#4347 = VERTEX_POINT('',#4348);
#4348 = CARTESIAN_POINT('',(-327.228250949,135.91385462525,14.));
#4349 = LINE('',#4350,#4351);
#4350 = CARTESIAN_POINT('',(-327.228250949,135.91385462525,4.));
#4351 = VECTOR('',#4352,1.);
#4352 = DIRECTION('',(0.,0.,1.));
#4353 = ORIENTED_EDGE('',*,*,#1619,.T.);
#4354 = ORIENTED_EDGE('',*,*,#4332,.T.);
#4355 = ORIENTED_EDGE('',*,*,#4356,.F.);
#4356 = EDGE_CURVE('',#4347,#4325,#4357,.T.);
#4357 = LINE('',#4358,#4359);
#4358 = CARTESIAN_POINT('',(-327.228250949,135.91385462525,14.));
#4359 = VECTOR('',#4360,1.);
#4360 = DIRECTION('',(-0.220499728835,-0.975387035788,0.));
#4361 = PLANE('',#4362);
#4362 = AXIS2_PLACEMENT_3D('',#4363,#4364,#4365);
#4363 = CARTESIAN_POINT('',(-327.228250949,135.91385462525,4.));
#4364 = DIRECTION('',(-0.975387035788,0.220499728835,0.));
#4365 = DIRECTION('',(0.,0.,1.));
#4366 = ADVANCED_FACE('',(#4367),#4385,.F.);
#4367 = FACE_BOUND('',#4368,.F.);
#4368 = EDGE_LOOP('',(#4369,#4370,#4378,#4384));
#4369 = ORIENTED_EDGE('',*,*,#1627,.F.);
#4370 = ORIENTED_EDGE('',*,*,#4371,.T.);
#4371 = EDGE_CURVE('',#1628,#4372,#4374,.T.);
#4372 = VERTEX_POINT('',#4373);
#4373 = CARTESIAN_POINT('',(-245.1863860768,117.36715644936,14.));
#4374 = LINE('',#4375,#4376);
#4375 = CARTESIAN_POINT('',(-245.1863860768,117.36715644936,3.9));
#4376 = VECTOR('',#4377,1.);
#4377 = DIRECTION('',(0.,0.,1.));
#4378 = ORIENTED_EDGE('',*,*,#4379,.T.);
#4379 = EDGE_CURVE('',#4372,#4347,#4380,.T.);
#4380 = LINE('',#4381,#4382);
#4381 = CARTESIAN_POINT('',(-139.228250949,93.413854625259,14.));
#4382 = VECTOR('',#4383,1.);
#4383 = DIRECTION('',(-0.975387035788,0.220499728835,0.));
#4384 = ORIENTED_EDGE('',*,*,#4346,.F.);
#4385 = PLANE('',#4386);
#4386 = AXIS2_PLACEMENT_3D('',#4387,#4388,#4389);
#4387 = CARTESIAN_POINT('',(-139.228250949,93.413854625259,4.));
#4388 = DIRECTION('',(-0.220499728835,-0.975387035788,0.));
#4389 = DIRECTION('',(0.,0.,1.));
#4390 = ADVANCED_FACE('',(#4391),#4416,.F.);
#4391 = FACE_BOUND('',#4392,.F.);
#4392 = EDGE_LOOP('',(#4393,#4394,#4395,#4403,#4409,#4410));
#4393 = ORIENTED_EDGE('',*,*,#4371,.F.);
#4394 = ORIENTED_EDGE('',*,*,#1635,.T.);
#4395 = ORIENTED_EDGE('',*,*,#4396,.T.);
#4396 = EDGE_CURVE('',#1636,#4397,#4399,.T.);
#4397 = VERTEX_POINT('',#4398);
#4398 = CARTESIAN_POINT('',(-245.0118809334,117.60627537672,16.8));
#4399 = LINE('',#4400,#4401);
#4400 = CARTESIAN_POINT('',(-245.0118809334,117.60627537672,3.8));
#4401 = VECTOR('',#4402,1.);
#4402 = DIRECTION('',(0.,0.,1.));
#4403 = ORIENTED_EDGE('',*,*,#4404,.T.);
#4404 = EDGE_CURVE('',#4397,#4299,#4405,.T.);
#4405 = LINE('',#4406,#4407);
#4406 = CARTESIAN_POINT('',(-259.4192134798,97.864359244855,16.8));
#4407 = VECTOR('',#4408,1.);
#4408 = DIRECTION('',(-0.589497622315,-0.807770111656,0.));
#4409 = ORIENTED_EDGE('',*,*,#4298,.F.);
#4410 = ORIENTED_EDGE('',*,*,#4411,.T.);
#4411 = EDGE_CURVE('',#4291,#4372,#4412,.T.);
#4412 = LINE('',#4413,#4414);
#4413 = CARTESIAN_POINT('',(-232.3915373939,134.89953649286,14.));
#4414 = VECTOR('',#4415,1.);
#4415 = DIRECTION('',(0.589497622315,0.807770111656,0.));
#4416 = PLANE('',#4417);
#4417 = AXIS2_PLACEMENT_3D('',#4418,#4419,#4420);
#4418 = CARTESIAN_POINT('',(-245.0118809334,117.60627537672,3.8));
#4419 = DIRECTION('',(0.807770111656,-0.589497622315,0.));
#4420 = DIRECTION('',(-0.589497622315,-0.807770111656,0.));
#4421 = ADVANCED_FACE('',(#4422),#4440,.F.);
#4422 = FACE_BOUND('',#4423,.F.);
#4423 = EDGE_LOOP('',(#4424,#4425,#4426,#4434));
#4424 = ORIENTED_EDGE('',*,*,#4396,.F.);
#4425 = ORIENTED_EDGE('',*,*,#1643,.T.);
#4426 = ORIENTED_EDGE('',*,*,#4427,.T.);
#4427 = EDGE_CURVE('',#1644,#4428,#4430,.T.);
#4428 = VERTEX_POINT('',#4429);
#4429 = CARTESIAN_POINT('',(-242.2908350688,121.22098233298,16.8));
#4430 = LINE('',#4431,#4432);
#4431 = CARTESIAN_POINT('',(-242.2908350688,121.22098233298,3.8));
#4432 = VECTOR('',#4433,1.);
#4433 = DIRECTION('',(0.,0.,1.));
#4434 = ORIENTED_EDGE('',*,*,#4435,.T.);
#4435 = EDGE_CURVE('',#4428,#4397,#4436,.T.);
#4436 = LINE('',#4437,#4438);
#4437 = CARTESIAN_POINT('',(-258.1949991858,100.09348374304,16.8));
#4438 = VECTOR('',#4439,1.);
#4439 = DIRECTION('',(-0.60141582467,-0.798936171315,0.));
#4440 = PLANE('',#4441);
#4441 = AXIS2_PLACEMENT_3D('',#4442,#4443,#4444);
#4442 = CARTESIAN_POINT('',(-242.2908350688,121.22098233298,3.8));
#4443 = DIRECTION('',(0.798936171315,-0.60141582467,0.));
#4444 = DIRECTION('',(-0.60141582467,-0.798936171315,0.));
#4445 = ADVANCED_FACE('',(#4446),#4464,.F.);
#4446 = FACE_BOUND('',#4447,.F.);
#4447 = EDGE_LOOP('',(#4448,#4449,#4450,#4458));
#4448 = ORIENTED_EDGE('',*,*,#4427,.F.);
#4449 = ORIENTED_EDGE('',*,*,#1651,.T.);
#4450 = ORIENTED_EDGE('',*,*,#4451,.T.);
#4451 = EDGE_CURVE('',#1652,#4452,#4454,.T.);
#4452 = VERTEX_POINT('',#4453);
#4453 = CARTESIAN_POINT('',(-239.5164653407,124.79492547588,16.8));
#4454 = LINE('',#4455,#4456);
#4455 = CARTESIAN_POINT('',(-239.5164653407,124.79492547588,3.8));
#4456 = VECTOR('',#4457,1.);
#4457 = DIRECTION('',(0.,0.,1.));
#4458 = ORIENTED_EDGE('',*,*,#4459,.T.);
#4459 = EDGE_CURVE('',#4452,#4428,#4460,.T.);
#4460 = LINE('',#4461,#4462);
#4461 = CARTESIAN_POINT('',(-256.9580598878,102.32666300853,16.8));
#4462 = VECTOR('',#4463,1.);
#4463 = DIRECTION('',(-0.613201666199,-0.789926399465,0.));
#4464 = PLANE('',#4465);
#4465 = AXIS2_PLACEMENT_3D('',#4466,#4467,#4468);
#4466 = CARTESIAN_POINT('',(-239.5164653407,124.79492547588,3.8));
#4467 = DIRECTION('',(0.789926399465,-0.613201666199,0.));
#4468 = DIRECTION('',(-0.613201666199,-0.789926399465,0.));
#4469 = ADVANCED_FACE('',(#4470),#4488,.F.);
#4470 = FACE_BOUND('',#4471,.F.);
#4471 = EDGE_LOOP('',(#4472,#4473,#4474,#4482));
#4472 = ORIENTED_EDGE('',*,*,#4451,.F.);
#4473 = ORIENTED_EDGE('',*,*,#1659,.T.);
#4474 = ORIENTED_EDGE('',*,*,#4475,.T.);
#4475 = EDGE_CURVE('',#1660,#4476,#4478,.T.);
#4476 = VERTEX_POINT('',#4477);
#4477 = CARTESIAN_POINT('',(-236.689382338,128.32731824467,16.8));
#4478 = LINE('',#4479,#4480);
#4479 = CARTESIAN_POINT('',(-236.689382338,128.32731824467,3.8));
#4480 = VECTOR('',#4481,1.);
#4481 = DIRECTION('',(0.,0.,1.));
#4482 = ORIENTED_EDGE('',*,*,#4483,.T.);
#4483 = EDGE_CURVE('',#4476,#4452,#4484,.T.);
#4484 = LINE('',#4485,#4486);
#4485 = CARTESIAN_POINT('',(-255.7076616068,104.5642974559,16.8));
#4486 = VECTOR('',#4487,1.);
#4487 = DIRECTION('',(-0.624852553048,-0.780742778993,0.));
#4488 = PLANE('',#4489);
#4489 = AXIS2_PLACEMENT_3D('',#4490,#4491,#4492);
#4490 = CARTESIAN_POINT('',(-236.689382338,128.32731824467,3.8));
#4491 = DIRECTION('',(0.780742778993,-0.624852553048,0.));
#4492 = DIRECTION('',(-0.624852553048,-0.780742778993,0.));
#4493 = ADVANCED_FACE('',(#4494),#4512,.F.);
#4494 = FACE_BOUND('',#4495,.F.);
#4495 = EDGE_LOOP('',(#4496,#4497,#4498,#4506));
#4496 = ORIENTED_EDGE('',*,*,#4475,.F.);
#4497 = ORIENTED_EDGE('',*,*,#1667,.T.);
#4498 = ORIENTED_EDGE('',*,*,#4499,.T.);
#4499 = EDGE_CURVE('',#1668,#4500,#4502,.T.);
#4500 = VERTEX_POINT('',#4501);
#4501 = CARTESIAN_POINT('',(-233.810208251,131.81738322312,16.8));
#4502 = LINE('',#4503,#4504);
#4503 = CARTESIAN_POINT('',(-233.810208251,131.81738322312,3.8));
#4504 = VECTOR('',#4505,1.);
#4505 = DIRECTION('',(0.,0.,1.));
#4506 = ORIENTED_EDGE('',*,*,#4507,.T.);
#4507 = EDGE_CURVE('',#4500,#4476,#4508,.T.);
#4508 = LINE('',#4509,#4510);
#4509 = CARTESIAN_POINT('',(-254.4430473096,106.80675627631,16.8));
#4510 = VECTOR('',#4511,1.);
#4511 = DIRECTION('',(-0.636365921066,-0.771387331051,0.));
#4512 = PLANE('',#4513);
#4513 = AXIS2_PLACEMENT_3D('',#4514,#4515,#4516);
#4514 = CARTESIAN_POINT('',(-233.810208251,131.81738322312,3.8));
#4515 = DIRECTION('',(0.771387331051,-0.636365921066,0.));
#4516 = DIRECTION('',(-0.636365921066,-0.771387331051,0.));
#4517 = ADVANCED_FACE('',(#4518),#4536,.F.);
#4518 = FACE_BOUND('',#4519,.F.);
#4519 = EDGE_LOOP('',(#4520,#4521,#4522,#4530));
#4520 = ORIENTED_EDGE('',*,*,#4499,.F.);
#4521 = ORIENTED_EDGE('',*,*,#1675,.T.);
#4522 = ORIENTED_EDGE('',*,*,#4523,.T.);
#4523 = EDGE_CURVE('',#1676,#4524,#4526,.T.);
#4524 = VERTEX_POINT('',#4525);
#4525 = CARTESIAN_POINT('',(-230.8795767342,135.26435231057,16.8));
#4526 = LINE('',#4527,#4528);
#4527 = CARTESIAN_POINT('',(-230.8795767342,135.26435231057,3.8));
#4528 = VECTOR('',#4529,1.);
#4529 = DIRECTION('',(0.,0.,1.));
#4530 = ORIENTED_EDGE('',*,*,#4531,.T.);
#4531 = EDGE_CURVE('',#4524,#4500,#4532,.T.);
#4532 = LINE('',#4533,#4534);
#4533 = CARTESIAN_POINT('',(-253.1634379841,109.05437659781,16.8));
#4534 = VECTOR('',#4535,1.);
#4535 = DIRECTION('',(-0.647739236369,-0.761862114603,0.));
#4536 = PLANE('',#4537);
#4537 = AXIS2_PLACEMENT_3D('',#4538,#4539,#4540);
#4538 = CARTESIAN_POINT('',(-230.8795767342,135.26435231057,3.8));
#4539 = DIRECTION('',(0.761862114603,-0.647739236369,0.));
#4540 = DIRECTION('',(-0.647739236369,-0.761862114603,0.));
#4541 = ADVANCED_FACE('',(#4542),#4553,.F.);
#4542 = FACE_BOUND('',#4543,.F.);
#4543 = EDGE_LOOP('',(#4544,#4545,#4546,#4547));
#4544 = ORIENTED_EDGE('',*,*,#4523,.F.);
#4545 = ORIENTED_EDGE('',*,*,#1683,.T.);
#4546 = ORIENTED_EDGE('',*,*,#2150,.T.);
#4547 = ORIENTED_EDGE('',*,*,#4548,.T.);
#4548 = EDGE_CURVE('',#2143,#4524,#4549,.T.);
#4549 = LINE('',#4550,#4551);
#4550 = CARTESIAN_POINT('',(-251.8680337414,111.30746267971,16.8));
#4551 = VECTOR('',#4552,1.);
#4552 = DIRECTION('',(-0.658969995893,-0.752169225981,0.));
#4553 = PLANE('',#4554);
#4554 = AXIS2_PLACEMENT_3D('',#4555,#4556,#4557);
#4555 = CARTESIAN_POINT('',(-227.8981327671,138.66746689101,3.8));
#4556 = DIRECTION('',(0.752169225981,-0.658969995893,0.));
#4557 = DIRECTION('',(-0.658969995893,-0.752169225981,0.));
#4558 = ADVANCED_FACE('',(#4559),#4575,.F.);
#4559 = FACE_BOUND('',#4560,.F.);
#4560 = EDGE_LOOP('',(#4561,#4562,#4568,#4569));
#4561 = ORIENTED_EDGE('',*,*,#1804,.F.);
#4562 = ORIENTED_EDGE('',*,*,#4563,.T.);
#4563 = EDGE_CURVE('',#1797,#1931,#4564,.T.);
#4564 = LINE('',#4565,#4566);
#4565 = CARTESIAN_POINT('',(-103.5,-116.,8.));
#4566 = VECTOR('',#4567,1.);
#4567 = DIRECTION('',(0.,1.,0.));
#4568 = ORIENTED_EDGE('',*,*,#2032,.T.);
#4569 = ORIENTED_EDGE('',*,*,#4570,.F.);
#4570 = EDGE_CURVE('',#1805,#1963,#4571,.T.);
#4571 = LINE('',#4572,#4573);
#4572 = CARTESIAN_POINT('',(-96.5,-116.,8.));
#4573 = VECTOR('',#4574,1.);
#4574 = DIRECTION('',(0.,1.,0.));
#4575 = PLANE('',#4576);
#4576 = AXIS2_PLACEMENT_3D('',#4577,#4578,#4579);
#4577 = CARTESIAN_POINT('',(-103.5,-116.,8.));
#4578 = DIRECTION('',(0.,0.,-1.));
#4579 = DIRECTION('',(1.,0.,0.));
#4580 = ADVANCED_FACE('',(#4581),#4588,.T.);
#4581 = FACE_BOUND('',#4582,.T.);
#4582 = EDGE_LOOP('',(#4583,#4584,#4585,#4586,#4587));
#4583 = ORIENTED_EDGE('',*,*,#2049,.T.);
#4584 = ORIENTED_EDGE('',*,*,#2025,.T.);
#4585 = ORIENTED_EDGE('',*,*,#1978,.T.);
#4586 = ORIENTED_EDGE('',*,*,#1883,.T.);
#4587 = ORIENTED_EDGE('',*,*,#1820,.T.);
#4588 = PLANE('',#4589);
#4589 = AXIS2_PLACEMENT_3D('',#4590,#4591,#4592);
#4590 = CARTESIAN_POINT('',(-90.,-90.,9.389826944734));
#4591 = DIRECTION('',(1.,0.,0.));
#4592 = DIRECTION('',(0.,0.,1.));
#4593 = ADVANCED_FACE('',(#4594),#4605,.F.);
#4594 = FACE_BOUND('',#4595,.F.);
#4595 = EDGE_LOOP('',(#4596,#4597,#4603,#4604));
#4596 = ORIENTED_EDGE('',*,*,#1914,.T.);
#4597 = ORIENTED_EDGE('',*,*,#4598,.T.);
#4598 = EDGE_CURVE('',#1907,#1939,#4599,.T.);
#4599 = LINE('',#4600,#4601);
#4600 = CARTESIAN_POINT('',(-103.5,-116.,12.2));
#4601 = VECTOR('',#4602,1.);
#4602 = DIRECTION('',(0.,1.,0.));
#4603 = ORIENTED_EDGE('',*,*,#1938,.T.);
#4604 = ORIENTED_EDGE('',*,*,#4563,.F.);
#4605 = PLANE('',#4606);
#4606 = AXIS2_PLACEMENT_3D('',#4607,#4608,#4609);
#4607 = CARTESIAN_POINT('',(-103.5,-116.,12.2));
#4608 = DIRECTION('',(-1.,0.,0.));
#4609 = DIRECTION('',(0.,0.,-1.));
#4610 = ADVANCED_FACE('',(#4611),#4622,.F.);
#4611 = FACE_BOUND('',#4612,.F.);
#4612 = EDGE_LOOP('',(#4613,#4614,#4620,#4621));
#4613 = ORIENTED_EDGE('',*,*,#1906,.T.);
#4614 = ORIENTED_EDGE('',*,*,#4615,.T.);
#4615 = EDGE_CURVE('',#1899,#1947,#4616,.T.);
#4616 = LINE('',#4617,#4618);
#4617 = CARTESIAN_POINT('',(-100.,-116.,16.2));
#4618 = VECTOR('',#4619,1.);
#4619 = DIRECTION('',(0.,1.,0.));
#4620 = ORIENTED_EDGE('',*,*,#1946,.T.);
#4621 = ORIENTED_EDGE('',*,*,#4598,.F.);
#4622 = PLANE('',#4623);
#4623 = AXIS2_PLACEMENT_3D('',#4624,#4625,#4626);
#4624 = CARTESIAN_POINT('',(-100.,-116.,16.2));
#4625 = DIRECTION('',(-0.752576694707,0.,0.658504607869));
#4626 = DIRECTION('',(-0.658504607869,0.,-0.752576694707));
#4627 = ADVANCED_FACE('',(#4628),#4639,.F.);
#4628 = FACE_BOUND('',#4629,.F.);
#4629 = EDGE_LOOP('',(#4630,#4631,#4637,#4638));
#4630 = ORIENTED_EDGE('',*,*,#1898,.T.);
#4631 = ORIENTED_EDGE('',*,*,#4632,.T.);
#4632 = EDGE_CURVE('',#1891,#1955,#4633,.T.);
#4633 = LINE('',#4634,#4635);
#4634 = CARTESIAN_POINT('',(-96.5,-116.,12.2));
#4635 = VECTOR('',#4636,1.);
#4636 = DIRECTION('',(0.,1.,0.));
#4637 = ORIENTED_EDGE('',*,*,#1954,.T.);
#4638 = ORIENTED_EDGE('',*,*,#4615,.F.);
#4639 = PLANE('',#4640);
#4640 = AXIS2_PLACEMENT_3D('',#4641,#4642,#4643);
#4641 = CARTESIAN_POINT('',(-96.5,-116.,12.2));
#4642 = DIRECTION('',(0.752576694707,-0.,0.658504607869));
#4643 = DIRECTION('',(-0.658504607869,0.,0.752576694707));
#4644 = ADVANCED_FACE('',(#4645),#4651,.F.);
#4645 = FACE_BOUND('',#4646,.F.);
#4646 = EDGE_LOOP('',(#4647,#4648,#4649,#4650));
#4647 = ORIENTED_EDGE('',*,*,#1890,.T.);
#4648 = ORIENTED_EDGE('',*,*,#4570,.T.);
#4649 = ORIENTED_EDGE('',*,*,#1962,.T.);
#4650 = ORIENTED_EDGE('',*,*,#4632,.F.);
#4651 = PLANE('',#4652);
#4652 = AXIS2_PLACEMENT_3D('',#4653,#4654,#4655);
#4653 = CARTESIAN_POINT('',(-96.5,-116.,8.));
#4654 = DIRECTION('',(1.,0.,0.));
#4655 = DIRECTION('',(0.,0.,1.));
#4656 = ADVANCED_FACE('',(#4657),#4674,.F.);
#4657 = FACE_BOUND('',#4658,.F.);
#4658 = EDGE_LOOP('',(#4659,#4665,#4666,#4672,#4673));
#4659 = ORIENTED_EDGE('',*,*,#4660,.F.);
#4660 = EDGE_CURVE('',#2077,#1860,#4661,.T.);
#4661 = LINE('',#4662,#4663);
#4662 = CARTESIAN_POINT('',(-110.7,-96.3,-1.));
#4663 = VECTOR('',#4664,1.);
#4664 = DIRECTION('',(0.,0.,1.));
#4665 = ORIENTED_EDGE('',*,*,#2084,.F.);
#4666 = ORIENTED_EDGE('',*,*,#4667,.T.);
#4667 = EDGE_CURVE('',#2061,#1986,#4668,.T.);
#4668 = LINE('',#4669,#4670);
#4669 = CARTESIAN_POINT('',(-110.7,-83.7,-1.));
#4670 = VECTOR('',#4671,1.);
#4671 = DIRECTION('',(0.,0.,1.));
#4672 = ORIENTED_EDGE('',*,*,#1985,.T.);
#4673 = ORIENTED_EDGE('',*,*,#1867,.T.);
#4674 = PLANE('',#4675);
#4675 = AXIS2_PLACEMENT_3D('',#4676,#4677,#4678);
#4676 = CARTESIAN_POINT('',(-110.7,-96.3,-1.));
#4677 = DIRECTION('',(1.,0.,0.));
#4678 = DIRECTION('',(0.,0.,1.));
#4679 = ADVANCED_FACE('',(#4680),#4691,.T.);
#4680 = FACE_BOUND('',#4681,.T.);
#4681 = EDGE_LOOP('',(#4682,#4683,#4684,#4690));
#4682 = ORIENTED_EDGE('',*,*,#4660,.F.);
#4683 = ORIENTED_EDGE('',*,*,#2076,.F.);
#4684 = ORIENTED_EDGE('',*,*,#4685,.T.);
#4685 = EDGE_CURVE('',#2069,#1852,#4686,.T.);
#4686 = LINE('',#4687,#4688);
#4687 = CARTESIAN_POINT('',(-119.3,-96.3,-1.));
#4688 = VECTOR('',#4689,1.);
#4689 = DIRECTION('',(0.,0.,1.));
#4690 = ORIENTED_EDGE('',*,*,#1859,.T.);
#4691 = PLANE('',#4692);
#4692 = AXIS2_PLACEMENT_3D('',#4693,#4694,#4695);
#4693 = CARTESIAN_POINT('',(-119.3,-96.3,-1.));
#4694 = DIRECTION('',(0.,1.,0.));
#4695 = DIRECTION('',(0.,0.,1.));
#4696 = ADVANCED_FACE('',(#4697),#4709,.T.);
#4697 = FACE_BOUND('',#4698,.T.);
#4698 = EDGE_LOOP('',(#4699,#4700,#4701,#4707,#4708));
#4699 = ORIENTED_EDGE('',*,*,#4685,.F.);
#4700 = ORIENTED_EDGE('',*,*,#2068,.F.);
#4701 = ORIENTED_EDGE('',*,*,#4702,.T.);
#4702 = EDGE_CURVE('',#2059,#1994,#4703,.T.);
#4703 = LINE('',#4704,#4705);
#4704 = CARTESIAN_POINT('',(-119.3,-83.7,-1.));
#4705 = VECTOR('',#4706,1.);
#4706 = DIRECTION('',(0.,0.,1.));
#4707 = ORIENTED_EDGE('',*,*,#2001,.T.);
#4708 = ORIENTED_EDGE('',*,*,#1851,.T.);
#4709 = PLANE('',#4710);
#4710 = AXIS2_PLACEMENT_3D('',#4711,#4712,#4713);
#4711 = CARTESIAN_POINT('',(-119.3,-96.3,-1.));
#4712 = DIRECTION('',(1.,0.,0.));
#4713 = DIRECTION('',(0.,0.,1.));
#4714 = ADVANCED_FACE('',(#4715),#4721,.F.);
#4715 = FACE_BOUND('',#4716,.F.);
#4716 = EDGE_LOOP('',(#4717,#4718,#4719,#4720));
#4717 = ORIENTED_EDGE('',*,*,#4667,.F.);
#4718 = ORIENTED_EDGE('',*,*,#2058,.F.);
#4719 = ORIENTED_EDGE('',*,*,#4702,.T.);
#4720 = ORIENTED_EDGE('',*,*,#1993,.T.);
#4721 = PLANE('',#4722);
#4722 = AXIS2_PLACEMENT_3D('',#4723,#4724,#4725);
#4723 = CARTESIAN_POINT('',(-119.3,-83.7,-1.));
#4724 = DIRECTION('',(0.,1.,0.));
#4725 = DIRECTION('',(0.,0.,1.));
#4726 = ADVANCED_FACE('',(#4727),#4816,.T.);
#4727 = FACE_BOUND('',#4728,.T.);
#4728 = EDGE_LOOP('',(#4729,#4730,#4731,#4732,#4733,#4734,#4735,#4736,
    #4737,#4738,#4739,#4740,#4741,#4742,#4743,#4744,#4745,#4746,#4747,
    #4748,#4749,#4750,#4751,#4752,#4753,#4754,#4755,#4756,#4757,#4758,
    #4759,#4760,#4761,#4762,#4763,#4764,#4765,#4766,#4767,#4768,#4769,
    #4770,#4771,#4772,#4773,#4774,#4775,#4776,#4777,#4778,#4779,#4780,
    #4781,#4782,#4783,#4784,#4785,#4786,#4787,#4788,#4789,#4790,#4791,
    #4792,#4793,#4794,#4795,#4796,#4797,#4798,#4799,#4800,#4801,#4802,
    #4803,#4804,#4805,#4806,#4807,#4813,#4814,#4815));
#4729 = ORIENTED_EDGE('',*,*,#2175,.T.);
#4730 = ORIENTED_EDGE('',*,*,#2142,.T.);
#4731 = ORIENTED_EDGE('',*,*,#4548,.T.);
#4732 = ORIENTED_EDGE('',*,*,#4531,.T.);
#4733 = ORIENTED_EDGE('',*,*,#4507,.T.);
#4734 = ORIENTED_EDGE('',*,*,#4483,.T.);
#4735 = ORIENTED_EDGE('',*,*,#4459,.T.);
#4736 = ORIENTED_EDGE('',*,*,#4435,.T.);
#4737 = ORIENTED_EDGE('',*,*,#4404,.T.);
#4738 = ORIENTED_EDGE('',*,*,#4306,.T.);
#4739 = ORIENTED_EDGE('',*,*,#4268,.T.);
#4740 = ORIENTED_EDGE('',*,*,#4244,.T.);
#4741 = ORIENTED_EDGE('',*,*,#4220,.T.);
#4742 = ORIENTED_EDGE('',*,*,#4196,.T.);
#4743 = ORIENTED_EDGE('',*,*,#4172,.T.);
#4744 = ORIENTED_EDGE('',*,*,#4148,.T.);
#4745 = ORIENTED_EDGE('',*,*,#4124,.T.);
#4746 = ORIENTED_EDGE('',*,*,#4100,.T.);
#4747 = ORIENTED_EDGE('',*,*,#4076,.T.);
#4748 = ORIENTED_EDGE('',*,*,#4052,.T.);
#4749 = ORIENTED_EDGE('',*,*,#4028,.T.);
#4750 = ORIENTED_EDGE('',*,*,#4004,.T.);
#4751 = ORIENTED_EDGE('',*,*,#3980,.T.);
#4752 = ORIENTED_EDGE('',*,*,#3956,.T.);
#4753 = ORIENTED_EDGE('',*,*,#3932,.T.);
#4754 = ORIENTED_EDGE('',*,*,#3908,.T.);
#4755 = ORIENTED_EDGE('',*,*,#3884,.T.);
#4756 = ORIENTED_EDGE('',*,*,#3860,.T.);
#4757 = ORIENTED_EDGE('',*,*,#3836,.T.);
#4758 = ORIENTED_EDGE('',*,*,#3812,.T.);
#4759 = ORIENTED_EDGE('',*,*,#3788,.T.);
#4760 = ORIENTED_EDGE('',*,*,#3764,.T.);
#4761 = ORIENTED_EDGE('',*,*,#3740,.T.);
#4762 = ORIENTED_EDGE('',*,*,#3716,.T.);
#4763 = ORIENTED_EDGE('',*,*,#3692,.T.);
#4764 = ORIENTED_EDGE('',*,*,#3668,.T.);
#4765 = ORIENTED_EDGE('',*,*,#3644,.T.);
#4766 = ORIENTED_EDGE('',*,*,#3620,.T.);
#4767 = ORIENTED_EDGE('',*,*,#3596,.T.);
#4768 = ORIENTED_EDGE('',*,*,#3572,.T.);
#4769 = ORIENTED_EDGE('',*,*,#3548,.T.);
#4770 = ORIENTED_EDGE('',*,*,#3524,.T.);
#4771 = ORIENTED_EDGE('',*,*,#3500,.T.);
#4772 = ORIENTED_EDGE('',*,*,#3476,.T.);
#4773 = ORIENTED_EDGE('',*,*,#3452,.T.);
#4774 = ORIENTED_EDGE('',*,*,#3428,.T.);
#4775 = ORIENTED_EDGE('',*,*,#3404,.T.);
#4776 = ORIENTED_EDGE('',*,*,#3380,.T.);
#4777 = ORIENTED_EDGE('',*,*,#3356,.T.);
#4778 = ORIENTED_EDGE('',*,*,#3332,.T.);
#4779 = ORIENTED_EDGE('',*,*,#3308,.T.);
#4780 = ORIENTED_EDGE('',*,*,#3284,.T.);
#4781 = ORIENTED_EDGE('',*,*,#3260,.T.);
#4782 = ORIENTED_EDGE('',*,*,#3236,.T.);
#4783 = ORIENTED_EDGE('',*,*,#3212,.T.);
#4784 = ORIENTED_EDGE('',*,*,#3188,.T.);
#4785 = ORIENTED_EDGE('',*,*,#3164,.T.);
#4786 = ORIENTED_EDGE('',*,*,#3140,.T.);
#4787 = ORIENTED_EDGE('',*,*,#3116,.T.);
#4788 = ORIENTED_EDGE('',*,*,#3092,.T.);
#4789 = ORIENTED_EDGE('',*,*,#3068,.T.);
#4790 = ORIENTED_EDGE('',*,*,#3044,.T.);
#4791 = ORIENTED_EDGE('',*,*,#3020,.T.);
#4792 = ORIENTED_EDGE('',*,*,#2996,.T.);
#4793 = ORIENTED_EDGE('',*,*,#2972,.T.);
#4794 = ORIENTED_EDGE('',*,*,#2948,.T.);
#4795 = ORIENTED_EDGE('',*,*,#2924,.T.);
#4796 = ORIENTED_EDGE('',*,*,#2900,.T.);
#4797 = ORIENTED_EDGE('',*,*,#2876,.T.);
#4798 = ORIENTED_EDGE('',*,*,#2852,.T.);
#4799 = ORIENTED_EDGE('',*,*,#2828,.T.);
#4800 = ORIENTED_EDGE('',*,*,#2804,.T.);
#4801 = ORIENTED_EDGE('',*,*,#2780,.T.);
#4802 = ORIENTED_EDGE('',*,*,#2756,.T.);
#4803 = ORIENTED_EDGE('',*,*,#2732,.T.);
#4804 = ORIENTED_EDGE('',*,*,#2708,.T.);
#4805 = ORIENTED_EDGE('',*,*,#2684,.T.);
#4806 = ORIENTED_EDGE('',*,*,#2644,.T.);
#4807 = ORIENTED_EDGE('',*,*,#4808,.T.);
#4808 = EDGE_CURVE('',#2645,#2256,#4809,.T.);
#4809 = LINE('',#4810,#4811);
#4810 = CARTESIAN_POINT('',(-214.1199449404,75.485469480547,16.8));
#4811 = VECTOR('',#4812,1.);
#4812 = DIRECTION('',(0.658969995893,0.752169225981,0.));
#4813 = ORIENTED_EDGE('',*,*,#2263,.T.);
#4814 = ORIENTED_EDGE('',*,*,#2225,.T.);
#4815 = ORIENTED_EDGE('',*,*,#2199,.T.);
#4816 = PLANE('',#4817);
#4817 = AXIS2_PLACEMENT_3D('',#4818,#4819,#4820);
#4818 = CARTESIAN_POINT('',(-246.0575307481,57.857062846701,16.8));
#4819 = DIRECTION('',(0.,0.,1.));
#4820 = DIRECTION('',(1.,0.,0.));
#4821 = ADVANCED_FACE('',(#4822),#4835,.T.);
#4822 = FACE_BOUND('',#4823,.T.);
#4823 = EDGE_LOOP('',(#4824,#4825,#4826,#4827,#4828,#4834));
#4824 = ORIENTED_EDGE('',*,*,#2612,.F.);
#4825 = ORIENTED_EDGE('',*,*,#2313,.T.);
#4826 = ORIENTED_EDGE('',*,*,#2288,.T.);
#4827 = ORIENTED_EDGE('',*,*,#2247,.T.);
#4828 = ORIENTED_EDGE('',*,*,#4829,.T.);
#4829 = EDGE_CURVE('',#2248,#2653,#4830,.T.);
#4830 = LINE('',#4831,#4832);
#4831 = CARTESIAN_POINT('',(-182.1131084526,112.0190864544,14.));
#4832 = VECTOR('',#4833,1.);
#4833 = DIRECTION('',(-0.658969995893,-0.752169225981,0.));
#4834 = ORIENTED_EDGE('',*,*,#2660,.T.);
#4835 = PLANE('',#4836);
#4836 = AXIS2_PLACEMENT_3D('',#4837,#4838,#4839);
#4837 = CARTESIAN_POINT('',(-139.228250949,93.413854625259,14.));
#4838 = DIRECTION('',(0.,0.,1.));
#4839 = DIRECTION('',(-0.975387035788,0.220499728835,0.));
#4840 = ADVANCED_FACE('',(#4841),#4847,.F.);
#4841 = FACE_BOUND('',#4842,.F.);
#4842 = EDGE_LOOP('',(#4843,#4844,#4845,#4846));
#4843 = ORIENTED_EDGE('',*,*,#2255,.F.);
#4844 = ORIENTED_EDGE('',*,*,#4829,.T.);
#4845 = ORIENTED_EDGE('',*,*,#2652,.T.);
#4846 = ORIENTED_EDGE('',*,*,#4808,.T.);
#4847 = PLANE('',#4848);
#4848 = AXIS2_PLACEMENT_3D('',#4849,#4850,#4851);
#4849 = CARTESIAN_POINT('',(-191.5136788982,101.28897758764,3.8));
#4850 = DIRECTION('',(-0.752169225981,0.658969995893,0.));
#4851 = DIRECTION('',(0.658969995893,0.752169225981,0.));
#4852 = ADVANCED_FACE('',(#4853),#4859,.T.);
#4853 = FACE_BOUND('',#4854,.T.);
#4854 = EDGE_LOOP('',(#4855,#4856,#4857,#4858));
#4855 = ORIENTED_EDGE('',*,*,#2547,.F.);
#4856 = ORIENTED_EDGE('',*,*,#2520,.T.);
#4857 = ORIENTED_EDGE('',*,*,#2595,.T.);
#4858 = ORIENTED_EDGE('',*,*,#2579,.T.);
#4859 = PLANE('',#4860);
#4860 = AXIS2_PLACEMENT_3D('',#4861,#4862,#4863);
#4861 = CARTESIAN_POINT('',(-140.7717490509,-86.58614537474,14.));
#4862 = DIRECTION('',(0.,0.,1.));
#4863 = DIRECTION('',(-0.975387035788,-0.220499728835,0.));
#4864 = ADVANCED_FACE('',(#4865),#4872,.T.);
#4865 = FACE_BOUND('',#4866,.T.);
#4866 = EDGE_LOOP('',(#4867,#4868,#4869,#4870,#4871));
#4867 = ORIENTED_EDGE('',*,*,#4324,.F.);
#4868 = ORIENTED_EDGE('',*,*,#4290,.T.);
#4869 = ORIENTED_EDGE('',*,*,#4411,.T.);
#4870 = ORIENTED_EDGE('',*,*,#4379,.T.);
#4871 = ORIENTED_EDGE('',*,*,#4356,.T.);
#4872 = PLANE('',#4873);
#4873 = AXIS2_PLACEMENT_3D('',#4874,#4875,#4876);
#4874 = CARTESIAN_POINT('',(-139.228250949,93.413854625259,14.));
#4875 = DIRECTION('',(0.,0.,1.));
#4876 = DIRECTION('',(-0.975387035788,0.220499728835,0.));
#4877 = ( GEOMETRIC_REPRESENTATION_CONTEXT(3) 
GLOBAL_UNCERTAINTY_ASSIGNED_CONTEXT((#4881)) 
GLOBAL_UNIT_ASSIGNED_CONTEXT((#4878,#4879,#4880)) REPRESENTATION_CONTEXT
('Context #1','3D Context with UNIT and UNCERTAINTY') );
#4878 = ( LENGTH_UNIT() NAMED_UNIT(*) SI_UNIT(.MILLI.,.METRE.) );
#4879 = ( NAMED_UNIT(*) PLANE_ANGLE_UNIT() SI_UNIT($,.RADIAN.) );
#4880 = ( NAMED_UNIT(*) SI_UNIT($,.STERADIAN.) SOLID_ANGLE_UNIT() );
#4881 = UNCERTAINTY_MEASURE_WITH_UNIT(LENGTH_MEASURE(1.E-07),#4878,
  'distance_accuracy_value','confusion accuracy');
#4882 = PRODUCT_RELATED_PRODUCT_CATEGORY('part',$,(#7));
ENDSEC;
END-ISO-10303-21;
