ISO-10303-21;
HEADER;
FILE_DESCRIPTION(('FreeCAD Model'),'2;1');
FILE_NAME('Open CASCADE Shape Model','2026-09-20T08:13:44',('FreeCAD'),(
    'FreeCAD'),'Open CASCADE STEP processor 7.8','FreeCAD','Unknown');
FILE_SCHEMA(('AUTOMOTIVE_DESIGN { 1 0 10303 214 1 1 1 1 }'));
ENDSEC;
DATA;
#1 = APPLICATION_PROTOCOL_DEFINITION('international standard',
  'automotive_design',2000,#2);
#2 = APPLICATION_CONTEXT(
  'core data for automotive mechanical design processes');
#3 = SHAPE_DEFINITION_REPRESENTATION(#4,#10);
#4 = PRODUCT_DEFINITION_SHAPE('','',#5);
#5 = PRODUCT_DEFINITION('design','',#6,#9);
#6 = PRODUCT_DEFINITION_FORMATION('','',#7);
#7 = PRODUCT('Open CASCADE STEP translator 7.8 1',
  'Open CASCADE STEP translator 7.8 1','',(#8));
#8 = PRODUCT_CONTEXT('',#2,'mechanical');
#9 = PRODUCT_DEFINITION_CONTEXT('part definition',#2,'design');
#10 = ADVANCED_BREP_SHAPE_REPRESENTATION('',(#11,#15),#4445);
#11 = AXIS2_PLACEMENT_3D('',#12,#13,#14);
#12 = CARTESIAN_POINT('',(0.,0.,0.));
#13 = DIRECTION('',(0.,0.,1.));
#14 = DIRECTION('',(1.,0.,-0.));
#15 = MANIFOLD_SOLID_BREP('',#16);
#16 = CLOSED_SHELL('',(#17,#90,#121,#325,#349,#373,#420,#476,#501,#550,
    #600,#631,#791,#848,#865,#889,#938,#962,#1020,#1044,#1090,#1141,
    #1172,#1228,#1275,#1299,#1350,#1381,#1437,#1495,#1542,#1559,#1584,
    #1633,#1657,#1675,#1687,#1867,#2050,#2074,#2123,#2154,#2178,#2202,
    #2219,#2241,#2258,#2275,#2287,#2318,#2342,#2366,#2383,#2405,#2422,
    #2439,#2451,#2493,#2549,#2566,#2591,#2638,#2666,#2688,#2706,#2723,
    #2736,#2758,#2776,#2793,#2806,#2853,#2881,#2894,#2907,#2934,#2962,
    #2976,#3001,#3057,#3081,#3137,#3162,#3218,#3242,#3298,#3316,#3329,
    #3349,#3367,#3400,#3424,#3465,#3523,#3547,#3571,#3629,#3660,#3681,
    #3712,#3768,#3815,#3839,#3862,#3893,#3949,#3979,#4026,#4043,#4061,
    #4079,#4091,#4109,#4121,#4139,#4157,#4169,#4185,#4203,#4221,#4233,
    #4258,#4270,#4292,#4310,#4327,#4340,#4362,#4380,#4397,#4410,#4423,
    #4436));
#17 = ADVANCED_FACE('',(#18),#85,.T.);
#18 = FACE_BOUND('',#19,.T.);
#19 = EDGE_LOOP('',(#20,#30,#38,#47,#55,#63,#71,#79));
#20 = ORIENTED_EDGE('',*,*,#21,.F.);
#21 = EDGE_CURVE('',#22,#24,#26,.T.);
#22 = VERTEX_POINT('',#23);
#23 = CARTESIAN_POINT('',(3.5,139.5,4.));
#24 = VERTEX_POINT('',#25);
#25 = CARTESIAN_POINT('',(140.,139.5,4.));
#26 = LINE('',#27,#28);
#27 = CARTESIAN_POINT('',(-140.,139.5,4.));
#28 = VECTOR('',#29,1.);
#29 = DIRECTION('',(1.,0.,-0.));
#30 = ORIENTED_EDGE('',*,*,#31,.F.);
#31 = EDGE_CURVE('',#32,#22,#34,.T.);
#32 = VERTEX_POINT('',#33);
#33 = CARTESIAN_POINT('',(3.499999999998,10.918288821889,4.));
#34 = LINE('',#35,#36);
#35 = CARTESIAN_POINT('',(3.5,-64.,4.));
#36 = VECTOR('',#37,1.);
#37 = DIRECTION('',(1.110223024625E-16,1.,0.));
#38 = ORIENTED_EDGE('',*,*,#39,.F.);
#39 = EDGE_CURVE('',#40,#32,#42,.T.);
#40 = VERTEX_POINT('',#41);
#41 = CARTESIAN_POINT('',(41.234240828218,-1.352275513627,4.));
#42 = CIRCLE('',#43,75.);
#43 = AXIS2_PLACEMENT_3D('',#44,#45,#46);
#44 = CARTESIAN_POINT('',(0.,-64.,4.));
#45 = DIRECTION('',(0.,0.,1.));
#46 = DIRECTION('',(1.,0.,-0.));
#47 = ORIENTED_EDGE('',*,*,#48,.T.);
#48 = EDGE_CURVE('',#40,#49,#51,.T.);
#49 = VERTEX_POINT('',#50);
#50 = CARTESIAN_POINT('',(89.490441201766,65.,4.));
#51 = LINE('',#52,#53);
#52 = CARTESIAN_POINT('',(-2.830576295061,-61.94139905813,4.));
#53 = VECTOR('',#54,1.);
#54 = DIRECTION('',(0.588171697675,0.808736084303,0.));
#55 = ORIENTED_EDGE('',*,*,#56,.F.);
#56 = EDGE_CURVE('',#57,#49,#59,.T.);
#57 = VERTEX_POINT('',#58);
#58 = CARTESIAN_POINT('',(85.,65.,4.));
#59 = LINE('',#60,#61);
#60 = CARTESIAN_POINT('',(85.,65.,4.));
#61 = VECTOR('',#62,1.);
#62 = DIRECTION('',(1.,0.,-0.));
#63 = ORIENTED_EDGE('',*,*,#64,.T.);
#64 = EDGE_CURVE('',#57,#65,#67,.T.);
#65 = VERTEX_POINT('',#66);
#66 = CARTESIAN_POINT('',(85.,115.,4.));
#67 = LINE('',#68,#69);
#68 = CARTESIAN_POINT('',(85.,65.,4.));
#69 = VECTOR('',#70,1.);
#70 = DIRECTION('',(-0.,1.,0.));
#71 = ORIENTED_EDGE('',*,*,#72,.T.);
#72 = EDGE_CURVE('',#65,#73,#75,.T.);
#73 = VERTEX_POINT('',#74);
#74 = CARTESIAN_POINT('',(140.,115.,4.));
#75 = LINE('',#76,#77);
#76 = CARTESIAN_POINT('',(85.,115.,4.));
#77 = VECTOR('',#78,1.);
#78 = DIRECTION('',(1.,0.,-0.));
#79 = ORIENTED_EDGE('',*,*,#80,.T.);
#80 = EDGE_CURVE('',#73,#24,#81,.T.);
#81 = LINE('',#82,#83);
#82 = CARTESIAN_POINT('',(140.,-147.5,4.));
#83 = VECTOR('',#84,1.);
#84 = DIRECTION('',(-0.,1.,0.));
#85 = PLANE('',#86);
#86 = AXIS2_PLACEMENT_3D('',#87,#88,#89);
#87 = CARTESIAN_POINT('',(-140.,-147.5,4.));
#88 = DIRECTION('',(0.,0.,1.));
#89 = DIRECTION('',(1.,0.,-0.));
#90 = ADVANCED_FACE('',(#91),#116,.F.);
#91 = FACE_BOUND('',#92,.F.);
#92 = EDGE_LOOP('',(#93,#94,#102,#110));
#93 = ORIENTED_EDGE('',*,*,#21,.F.);
#94 = ORIENTED_EDGE('',*,*,#95,.T.);
#95 = EDGE_CURVE('',#22,#96,#98,.T.);
#96 = VERTEX_POINT('',#97);
#97 = CARTESIAN_POINT('',(3.5,139.5,14.));
#98 = LINE('',#99,#100);
#99 = CARTESIAN_POINT('',(3.5,139.5,4.));
#100 = VECTOR('',#101,1.);
#101 = DIRECTION('',(0.,0.,1.));
#102 = ORIENTED_EDGE('',*,*,#103,.T.);
#103 = EDGE_CURVE('',#96,#104,#106,.T.);
#104 = VERTEX_POINT('',#105);
#105 = CARTESIAN_POINT('',(140.,139.5,14.));
#106 = LINE('',#107,#108);
#107 = CARTESIAN_POINT('',(-140.,139.5,14.));
#108 = VECTOR('',#109,1.);
#109 = DIRECTION('',(1.,0.,-0.));
#110 = ORIENTED_EDGE('',*,*,#111,.F.);
#111 = EDGE_CURVE('',#24,#104,#112,.T.);
#112 = LINE('',#113,#114);
#113 = CARTESIAN_POINT('',(140.,139.5,4.));
#114 = VECTOR('',#115,1.);
#115 = DIRECTION('',(0.,0.,1.));
#116 = PLANE('',#117);
#117 = AXIS2_PLACEMENT_3D('',#118,#119,#120);
#118 = CARTESIAN_POINT('',(-140.,139.5,4.));
#119 = DIRECTION('',(-0.,1.,0.));
#120 = DIRECTION('',(0.,0.,1.));
#121 = ADVANCED_FACE('',(#122,#236,#278),#320,.T.);
#122 = FACE_BOUND('',#123,.T.);
#123 = EDGE_LOOP('',(#124,#134,#142,#150,#156,#157,#158,#166,#174,#182,
    #190,#198,#206,#214,#222,#230));
#124 = ORIENTED_EDGE('',*,*,#125,.F.);
#125 = EDGE_CURVE('',#126,#128,#130,.T.);
#126 = VERTEX_POINT('',#127);
#127 = CARTESIAN_POINT('',(140.,-147.5,0.));
#128 = VERTEX_POINT('',#129);
#129 = CARTESIAN_POINT('',(140.,-147.5,14.));
#130 = LINE('',#131,#132);
#131 = CARTESIAN_POINT('',(140.,-147.5,0.));
#132 = VECTOR('',#133,1.);
#133 = DIRECTION('',(0.,0.,1.));
#134 = ORIENTED_EDGE('',*,*,#135,.T.);
#135 = EDGE_CURVE('',#126,#136,#138,.T.);
#136 = VERTEX_POINT('',#137);
#137 = CARTESIAN_POINT('',(140.,147.5,0.));
#138 = LINE('',#139,#140);
#139 = CARTESIAN_POINT('',(140.,-147.5,0.));
#140 = VECTOR('',#141,1.);
#141 = DIRECTION('',(-0.,1.,0.));
#142 = ORIENTED_EDGE('',*,*,#143,.T.);
#143 = EDGE_CURVE('',#136,#144,#146,.T.);
#144 = VERTEX_POINT('',#145);
#145 = CARTESIAN_POINT('',(140.,147.5,14.));
#146 = LINE('',#147,#148);
#147 = CARTESIAN_POINT('',(140.,147.5,4.));
#148 = VECTOR('',#149,1.);
#149 = DIRECTION('',(0.,0.,1.));
#150 = ORIENTED_EDGE('',*,*,#151,.F.);
#151 = EDGE_CURVE('',#104,#144,#152,.T.);
#152 = LINE('',#153,#154);
#153 = CARTESIAN_POINT('',(140.,139.5,14.));
#154 = VECTOR('',#155,1.);
#155 = DIRECTION('',(-0.,1.,0.));
#156 = ORIENTED_EDGE('',*,*,#111,.F.);
#157 = ORIENTED_EDGE('',*,*,#80,.F.);
#158 = ORIENTED_EDGE('',*,*,#159,.T.);
#159 = EDGE_CURVE('',#73,#160,#162,.T.);
#160 = VERTEX_POINT('',#161);
#161 = CARTESIAN_POINT('',(140.,115.,24.));
#162 = LINE('',#163,#164);
#163 = CARTESIAN_POINT('',(140.,115.,4.));
#164 = VECTOR('',#165,1.);
#165 = DIRECTION('',(0.,0.,1.));
#166 = ORIENTED_EDGE('',*,*,#167,.F.);
#167 = EDGE_CURVE('',#168,#160,#170,.T.);
#168 = VERTEX_POINT('',#169);
#169 = CARTESIAN_POINT('',(140.,65.,24.));
#170 = LINE('',#171,#172);
#171 = CARTESIAN_POINT('',(140.,65.,24.));
#172 = VECTOR('',#173,1.);
#173 = DIRECTION('',(-0.,1.,0.));
#174 = ORIENTED_EDGE('',*,*,#175,.F.);
#175 = EDGE_CURVE('',#176,#168,#178,.T.);
#176 = VERTEX_POINT('',#177);
#177 = CARTESIAN_POINT('',(140.,65.,4.));
#178 = LINE('',#179,#180);
#179 = CARTESIAN_POINT('',(140.,65.,4.));
#180 = VECTOR('',#181,1.);
#181 = DIRECTION('',(0.,0.,1.));
#182 = ORIENTED_EDGE('',*,*,#183,.F.);
#183 = EDGE_CURVE('',#184,#176,#186,.T.);
#184 = VERTEX_POINT('',#185);
#185 = CARTESIAN_POINT('',(140.,-65.,4.));
#186 = LINE('',#187,#188);
#187 = CARTESIAN_POINT('',(140.,-147.5,4.));
#188 = VECTOR('',#189,1.);
#189 = DIRECTION('',(-0.,1.,0.));
#190 = ORIENTED_EDGE('',*,*,#191,.T.);
#191 = EDGE_CURVE('',#184,#192,#194,.T.);
#192 = VERTEX_POINT('',#193);
#193 = CARTESIAN_POINT('',(140.,-65.,24.));
#194 = LINE('',#195,#196);
#195 = CARTESIAN_POINT('',(140.,-65.,4.));
#196 = VECTOR('',#197,1.);
#197 = DIRECTION('',(0.,0.,1.));
#198 = ORIENTED_EDGE('',*,*,#199,.F.);
#199 = EDGE_CURVE('',#200,#192,#202,.T.);
#200 = VERTEX_POINT('',#201);
#201 = CARTESIAN_POINT('',(140.,-115.,24.));
#202 = LINE('',#203,#204);
#203 = CARTESIAN_POINT('',(140.,-115.,24.));
#204 = VECTOR('',#205,1.);
#205 = DIRECTION('',(-0.,1.,0.));
#206 = ORIENTED_EDGE('',*,*,#207,.F.);
#207 = EDGE_CURVE('',#208,#200,#210,.T.);
#208 = VERTEX_POINT('',#209);
#209 = CARTESIAN_POINT('',(140.,-115.,4.));
#210 = LINE('',#211,#212);
#211 = CARTESIAN_POINT('',(140.,-115.,4.));
#212 = VECTOR('',#213,1.);
#213 = DIRECTION('',(0.,0.,1.));
#214 = ORIENTED_EDGE('',*,*,#215,.F.);
#215 = EDGE_CURVE('',#216,#208,#218,.T.);
#216 = VERTEX_POINT('',#217);
#217 = CARTESIAN_POINT('',(140.,-139.5,4.));
#218 = LINE('',#219,#220);
#219 = CARTESIAN_POINT('',(140.,-147.5,4.));
#220 = VECTOR('',#221,1.);
#221 = DIRECTION('',(-0.,1.,0.));
#222 = ORIENTED_EDGE('',*,*,#223,.T.);
#223 = EDGE_CURVE('',#216,#224,#226,.T.);
#224 = VERTEX_POINT('',#225);
#225 = CARTESIAN_POINT('',(140.,-139.5,14.));
#226 = LINE('',#227,#228);
#227 = CARTESIAN_POINT('',(140.,-139.5,4.));
#228 = VECTOR('',#229,1.);
#229 = DIRECTION('',(0.,0.,1.));
#230 = ORIENTED_EDGE('',*,*,#231,.F.);
#231 = EDGE_CURVE('',#128,#224,#232,.T.);
#232 = LINE('',#233,#234);
#233 = CARTESIAN_POINT('',(140.,-147.5,14.));
#234 = VECTOR('',#235,1.);
#235 = DIRECTION('',(-0.,1.,0.));
#236 = FACE_BOUND('',#237,.T.);
#237 = EDGE_LOOP('',(#238,#248,#256,#264,#272));
#238 = ORIENTED_EDGE('',*,*,#239,.T.);
#239 = EDGE_CURVE('',#240,#242,#244,.T.);
#240 = VERTEX_POINT('',#241);
#241 = CARTESIAN_POINT('',(140.,102.4,8.4));
#242 = VERTEX_POINT('',#243);
#243 = CARTESIAN_POINT('',(140.,102.4,3.6));
#244 = LINE('',#245,#246);
#245 = CARTESIAN_POINT('',(140.,102.4,5.167688022284));
#246 = VECTOR('',#247,1.);
#247 = DIRECTION('',(0.,0.,-1.));
#248 = ORIENTED_EDGE('',*,*,#249,.T.);
#249 = EDGE_CURVE('',#242,#250,#252,.T.);
#250 = VERTEX_POINT('',#251);
#251 = CARTESIAN_POINT('',(140.,77.6,3.6));
#252 = LINE('',#253,#254);
#253 = CARTESIAN_POINT('',(140.,38.8,3.6));
#254 = VECTOR('',#255,1.);
#255 = DIRECTION('',(0.,-1.,0.));
#256 = ORIENTED_EDGE('',*,*,#257,.T.);
#257 = EDGE_CURVE('',#250,#258,#260,.T.);
#258 = VERTEX_POINT('',#259);
#259 = CARTESIAN_POINT('',(140.,77.6,8.4));
#260 = LINE('',#261,#262);
#261 = CARTESIAN_POINT('',(140.,77.6,7.567688022284));
#262 = VECTOR('',#263,1.);
#263 = DIRECTION('',(0.,-0.,1.));
#264 = ORIENTED_EDGE('',*,*,#265,.T.);
#265 = EDGE_CURVE('',#258,#266,#268,.T.);
#266 = VERTEX_POINT('',#267);
#267 = CARTESIAN_POINT('',(140.,90.,20.4));
#268 = LINE('',#269,#270);
#269 = CARTESIAN_POINT('',(140.,63.348172950416,-5.392090693146));
#270 = VECTOR('',#271,1.);
#271 = DIRECTION('',(-0.,0.718602141767,0.695421427516));
#272 = ORIENTED_EDGE('',*,*,#273,.T.);
#273 = EDGE_CURVE('',#266,#240,#274,.T.);
#274 = LINE('',#275,#276);
#275 = CARTESIAN_POINT('',(140.,76.376813615946,33.583728758762));
#276 = VECTOR('',#277,1.);
#277 = DIRECTION('',(0.,0.718602141767,-0.695421427516));
#278 = FACE_BOUND('',#279,.T.);
#279 = EDGE_LOOP('',(#280,#290,#298,#306,#314));
#280 = ORIENTED_EDGE('',*,*,#281,.T.);
#281 = EDGE_CURVE('',#282,#284,#286,.T.);
#282 = VERTEX_POINT('',#283);
#283 = CARTESIAN_POINT('',(140.,-77.6,8.4));
#284 = VERTEX_POINT('',#285);
#285 = CARTESIAN_POINT('',(140.,-77.6,3.6));
#286 = LINE('',#287,#288);
#287 = CARTESIAN_POINT('',(140.,-77.6,5.167688022284));
#288 = VECTOR('',#289,1.);
#289 = DIRECTION('',(0.,0.,-1.));
#290 = ORIENTED_EDGE('',*,*,#291,.T.);
#291 = EDGE_CURVE('',#284,#292,#294,.T.);
#292 = VERTEX_POINT('',#293);
#293 = CARTESIAN_POINT('',(140.,-102.4,3.6));
#294 = LINE('',#295,#296);
#295 = CARTESIAN_POINT('',(140.,-51.2,3.6));
#296 = VECTOR('',#297,1.);
#297 = DIRECTION('',(0.,-1.,0.));
#298 = ORIENTED_EDGE('',*,*,#299,.T.);
#299 = EDGE_CURVE('',#292,#300,#302,.T.);
#300 = VERTEX_POINT('',#301);
#301 = CARTESIAN_POINT('',(140.,-102.4,8.4));
#302 = LINE('',#303,#304);
#303 = CARTESIAN_POINT('',(140.,-102.4,7.567688022284));
#304 = VECTOR('',#305,1.);
#305 = DIRECTION('',(0.,-0.,1.));
#306 = ORIENTED_EDGE('',*,*,#307,.T.);
#307 = EDGE_CURVE('',#300,#308,#310,.T.);
#308 = VERTEX_POINT('',#309);
#309 = CARTESIAN_POINT('',(140.,-90.,20.4));
#310 = LINE('',#311,#312);
#311 = CARTESIAN_POINT('',(140.,-70.17681361594,39.583728758762));
#312 = VECTOR('',#313,1.);
#313 = DIRECTION('',(-0.,0.718602141767,0.695421427516));
#314 = ORIENTED_EDGE('',*,*,#315,.T.);
#315 = EDGE_CURVE('',#308,#282,#316,.T.);
#316 = LINE('',#317,#318);
#317 = CARTESIAN_POINT('',(140.,-57.14817295041,-11.39209069314));
#318 = VECTOR('',#319,1.);
#319 = DIRECTION('',(0.,0.718602141767,-0.695421427516));
#320 = PLANE('',#321);
#321 = AXIS2_PLACEMENT_3D('',#322,#323,#324);
#322 = CARTESIAN_POINT('',(140.,0.,6.735376044568));
#323 = DIRECTION('',(1.,0.,0.));
#324 = DIRECTION('',(-0.,0.,1.));
#325 = ADVANCED_FACE('',(#326),#344,.T.);
#326 = FACE_BOUND('',#327,.T.);
#327 = EDGE_LOOP('',(#328,#329,#337,#343));
#328 = ORIENTED_EDGE('',*,*,#72,.F.);
#329 = ORIENTED_EDGE('',*,*,#330,.T.);
#330 = EDGE_CURVE('',#65,#331,#333,.T.);
#331 = VERTEX_POINT('',#332);
#332 = CARTESIAN_POINT('',(85.,115.,24.));
#333 = LINE('',#334,#335);
#334 = CARTESIAN_POINT('',(85.,115.,4.));
#335 = VECTOR('',#336,1.);
#336 = DIRECTION('',(0.,0.,1.));
#337 = ORIENTED_EDGE('',*,*,#338,.T.);
#338 = EDGE_CURVE('',#331,#160,#339,.T.);
#339 = LINE('',#340,#341);
#340 = CARTESIAN_POINT('',(85.,115.,24.));
#341 = VECTOR('',#342,1.);
#342 = DIRECTION('',(1.,0.,-0.));
#343 = ORIENTED_EDGE('',*,*,#159,.F.);
#344 = PLANE('',#345);
#345 = AXIS2_PLACEMENT_3D('',#346,#347,#348);
#346 = CARTESIAN_POINT('',(85.,115.,4.));
#347 = DIRECTION('',(-0.,1.,0.));
#348 = DIRECTION('',(0.,0.,1.));
#349 = ADVANCED_FACE('',(#350),#368,.F.);
#350 = FACE_BOUND('',#351,.F.);
#351 = EDGE_LOOP('',(#352,#360,#361,#362));
#352 = ORIENTED_EDGE('',*,*,#353,.F.);
#353 = EDGE_CURVE('',#57,#354,#356,.T.);
#354 = VERTEX_POINT('',#355);
#355 = CARTESIAN_POINT('',(85.,65.,24.));
#356 = LINE('',#357,#358);
#357 = CARTESIAN_POINT('',(85.,65.,4.));
#358 = VECTOR('',#359,1.);
#359 = DIRECTION('',(0.,0.,1.));
#360 = ORIENTED_EDGE('',*,*,#64,.T.);
#361 = ORIENTED_EDGE('',*,*,#330,.T.);
#362 = ORIENTED_EDGE('',*,*,#363,.F.);
#363 = EDGE_CURVE('',#354,#331,#364,.T.);
#364 = LINE('',#365,#366);
#365 = CARTESIAN_POINT('',(85.,65.,24.));
#366 = VECTOR('',#367,1.);
#367 = DIRECTION('',(-0.,1.,0.));
#368 = PLANE('',#369);
#369 = AXIS2_PLACEMENT_3D('',#370,#371,#372);
#370 = CARTESIAN_POINT('',(85.,65.,4.));
#371 = DIRECTION('',(1.,0.,-0.));
#372 = DIRECTION('',(0.,0.,1.));
#373 = ADVANCED_FACE('',(#374),#415,.F.);
#374 = FACE_BOUND('',#375,.F.);
#375 = EDGE_LOOP('',(#376,#377,#378,#384,#385,#393,#401,#409));
#376 = ORIENTED_EDGE('',*,*,#56,.F.);
#377 = ORIENTED_EDGE('',*,*,#353,.T.);
#378 = ORIENTED_EDGE('',*,*,#379,.T.);
#379 = EDGE_CURVE('',#354,#168,#380,.T.);
#380 = LINE('',#381,#382);
#381 = CARTESIAN_POINT('',(85.,65.,24.));
#382 = VECTOR('',#383,1.);
#383 = DIRECTION('',(1.,0.,-0.));
#384 = ORIENTED_EDGE('',*,*,#175,.F.);
#385 = ORIENTED_EDGE('',*,*,#386,.F.);
#386 = EDGE_CURVE('',#387,#176,#389,.T.);
#387 = VERTEX_POINT('',#388);
#388 = CARTESIAN_POINT('',(98.145922434598,65.,4.));
#389 = LINE('',#390,#391);
#390 = CARTESIAN_POINT('',(85.,65.,4.));
#391 = VECTOR('',#392,1.);
#392 = DIRECTION('',(1.,0.,-0.));
#393 = ORIENTED_EDGE('',*,*,#394,.F.);
#394 = EDGE_CURVE('',#395,#387,#397,.T.);
#395 = VERTEX_POINT('',#396);
#396 = CARTESIAN_POINT('',(98.145922434598,65.,14.));
#397 = LINE('',#398,#399);
#398 = CARTESIAN_POINT('',(98.145922434598,65.,4.));
#399 = VECTOR('',#400,1.);
#400 = DIRECTION('',(0.,0.,-1.));
#401 = ORIENTED_EDGE('',*,*,#402,.T.);
#402 = EDGE_CURVE('',#395,#403,#405,.T.);
#403 = VERTEX_POINT('',#404);
#404 = CARTESIAN_POINT('',(89.490441201766,65.,14.));
#405 = LINE('',#406,#407);
#406 = CARTESIAN_POINT('',(43.915288147531,65.,14.));
#407 = VECTOR('',#408,1.);
#408 = DIRECTION('',(-1.,-0.,0.));
#409 = ORIENTED_EDGE('',*,*,#410,.T.);
#410 = EDGE_CURVE('',#403,#49,#411,.T.);
#411 = LINE('',#412,#413);
#412 = CARTESIAN_POINT('',(89.490441201766,65.,4.));
#413 = VECTOR('',#414,1.);
#414 = DIRECTION('',(0.,0.,-1.));
#415 = PLANE('',#416);
#416 = AXIS2_PLACEMENT_3D('',#417,#418,#419);
#417 = CARTESIAN_POINT('',(85.,65.,4.));
#418 = DIRECTION('',(-0.,1.,0.));
#419 = DIRECTION('',(0.,0.,1.));
#420 = ADVANCED_FACE('',(#421),#471,.T.);
#421 = FACE_BOUND('',#422,.T.);
#422 = EDGE_LOOP('',(#423,#433,#441,#447,#448,#449,#457,#465));
#423 = ORIENTED_EDGE('',*,*,#424,.F.);
#424 = EDGE_CURVE('',#425,#427,#429,.T.);
#425 = VERTEX_POINT('',#426);
#426 = CARTESIAN_POINT('',(5.44573310571,-50.56147363207,4.));
#427 = VERTEX_POINT('',#428);
#428 = CARTESIAN_POINT('',(20.606054769912,-29.71603134379,4.));
#429 = LINE('',#430,#431);
#430 = CARTESIAN_POINT('',(-2.830576295061,-61.94139905813,4.));
#431 = VECTOR('',#432,1.);
#432 = DIRECTION('',(0.588171697675,0.808736084303,0.));
#433 = ORIENTED_EDGE('',*,*,#434,.T.);
#434 = EDGE_CURVE('',#425,#435,#437,.T.);
#435 = VERTEX_POINT('',#436);
#436 = CARTESIAN_POINT('',(5.44573310571,-50.56147363207,14.));
#437 = LINE('',#438,#439);
#438 = CARTESIAN_POINT('',(5.44573310571,-50.56147363207,4.));
#439 = VECTOR('',#440,1.);
#440 = DIRECTION('',(0.,0.,1.));
#441 = ORIENTED_EDGE('',*,*,#442,.T.);
#442 = EDGE_CURVE('',#435,#403,#443,.T.);
#443 = LINE('',#444,#445);
#444 = CARTESIAN_POINT('',(-2.830576295061,-61.94139905813,14.));
#445 = VECTOR('',#446,1.);
#446 = DIRECTION('',(0.588171697675,0.808736084303,0.));
#447 = ORIENTED_EDGE('',*,*,#410,.T.);
#448 = ORIENTED_EDGE('',*,*,#48,.F.);
#449 = ORIENTED_EDGE('',*,*,#450,.T.);
#450 = EDGE_CURVE('',#40,#451,#453,.T.);
#451 = VERTEX_POINT('',#452);
#452 = CARTESIAN_POINT('',(41.234240828219,-1.352275513627,10.));
#453 = LINE('',#454,#455);
#454 = CARTESIAN_POINT('',(41.234240828219,-1.352275513627,4.));
#455 = VECTOR('',#456,1.);
#456 = DIRECTION('',(0.,0.,1.));
#457 = ORIENTED_EDGE('',*,*,#458,.T.);
#458 = EDGE_CURVE('',#451,#459,#461,.T.);
#459 = VERTEX_POINT('',#460);
#460 = CARTESIAN_POINT('',(20.606054769912,-29.71603134379,10.));
#461 = LINE('',#462,#463);
#462 = CARTESIAN_POINT('',(-2.830576295061,-61.94139905813,10.));
#463 = VECTOR('',#464,1.);
#464 = DIRECTION('',(-0.588171697675,-0.808736084303,0.));
#465 = ORIENTED_EDGE('',*,*,#466,.F.);
#466 = EDGE_CURVE('',#427,#459,#467,.T.);
#467 = LINE('',#468,#469);
#468 = CARTESIAN_POINT('',(20.606054769912,-29.71603134379,3.5));
#469 = VECTOR('',#470,1.);
#470 = DIRECTION('',(0.,0.,1.));
#471 = PLANE('',#472);
#472 = AXIS2_PLACEMENT_3D('',#473,#474,#475);
#473 = CARTESIAN_POINT('',(-2.830576295061,-61.94139905813,4.));
#474 = DIRECTION('',(-0.808736084303,0.588171697675,0.));
#475 = DIRECTION('',(0.,0.,1.));
#476 = ADVANCED_FACE('',(#477),#496,.T.);
#477 = FACE_BOUND('',#478,.T.);
#478 = EDGE_LOOP('',(#479,#488,#489,#490));
#479 = ORIENTED_EDGE('',*,*,#480,.F.);
#480 = EDGE_CURVE('',#451,#481,#483,.T.);
#481 = VERTEX_POINT('',#482);
#482 = CARTESIAN_POINT('',(3.5,10.918288821889,10.));
#483 = CIRCLE('',#484,75.);
#484 = AXIS2_PLACEMENT_3D('',#485,#486,#487);
#485 = CARTESIAN_POINT('',(0.,-64.,10.));
#486 = DIRECTION('',(0.,0.,1.));
#487 = DIRECTION('',(1.,0.,-0.));
#488 = ORIENTED_EDGE('',*,*,#450,.F.);
#489 = ORIENTED_EDGE('',*,*,#39,.T.);
#490 = ORIENTED_EDGE('',*,*,#491,.T.);
#491 = EDGE_CURVE('',#32,#481,#492,.T.);
#492 = LINE('',#493,#494);
#493 = CARTESIAN_POINT('',(3.5,10.918288821889,4.));
#494 = VECTOR('',#495,1.);
#495 = DIRECTION('',(0.,0.,1.));
#496 = CYLINDRICAL_SURFACE('',#497,75.);
#497 = AXIS2_PLACEMENT_3D('',#498,#499,#500);
#498 = CARTESIAN_POINT('',(0.,-64.,4.));
#499 = DIRECTION('',(0.,0.,1.));
#500 = DIRECTION('',(1.,0.,-0.));
#501 = ADVANCED_FACE('',(#502),#545,.F.);
#502 = FACE_BOUND('',#503,.F.);
#503 = EDGE_LOOP('',(#504,#514,#522,#528,#529,#530,#531,#539));
#504 = ORIENTED_EDGE('',*,*,#505,.F.);
#505 = EDGE_CURVE('',#506,#508,#510,.T.);
#506 = VERTEX_POINT('',#507);
#507 = CARTESIAN_POINT('',(3.500000000001,-49.92875272053,4.));
#508 = VERTEX_POINT('',#509);
#509 = CARTESIAN_POINT('',(3.499999999999,-24.1534192182,4.));
#510 = LINE('',#511,#512);
#511 = CARTESIAN_POINT('',(3.5,-64.,4.));
#512 = VECTOR('',#513,1.);
#513 = DIRECTION('',(1.110223024625E-16,1.,0.));
#514 = ORIENTED_EDGE('',*,*,#515,.T.);
#515 = EDGE_CURVE('',#506,#516,#518,.T.);
#516 = VERTEX_POINT('',#517);
#517 = CARTESIAN_POINT('',(3.5,-49.92875272053,14.));
#518 = LINE('',#519,#520);
#519 = CARTESIAN_POINT('',(3.5,-49.92875272053,4.));
#520 = VECTOR('',#521,1.);
#521 = DIRECTION('',(0.,0.,1.));
#522 = ORIENTED_EDGE('',*,*,#523,.T.);
#523 = EDGE_CURVE('',#516,#96,#524,.T.);
#524 = LINE('',#525,#526);
#525 = CARTESIAN_POINT('',(3.5,-64.,14.));
#526 = VECTOR('',#527,1.);
#527 = DIRECTION('',(1.110223024625E-16,1.,0.));
#528 = ORIENTED_EDGE('',*,*,#95,.F.);
#529 = ORIENTED_EDGE('',*,*,#31,.F.);
#530 = ORIENTED_EDGE('',*,*,#491,.T.);
#531 = ORIENTED_EDGE('',*,*,#532,.T.);
#532 = EDGE_CURVE('',#481,#533,#535,.T.);
#533 = VERTEX_POINT('',#534);
#534 = CARTESIAN_POINT('',(3.5,-24.1534192182,10.));
#535 = LINE('',#536,#537);
#536 = CARTESIAN_POINT('',(3.5,-64.,10.));
#537 = VECTOR('',#538,1.);
#538 = DIRECTION('',(-1.110223024625E-16,-1.,0.));
#539 = ORIENTED_EDGE('',*,*,#540,.F.);
#540 = EDGE_CURVE('',#508,#533,#541,.T.);
#541 = LINE('',#542,#543);
#542 = CARTESIAN_POINT('',(3.5,-24.1534192182,3.5));
#543 = VECTOR('',#544,1.);
#544 = DIRECTION('',(0.,0.,1.));
#545 = PLANE('',#546);
#546 = AXIS2_PLACEMENT_3D('',#547,#548,#549);
#547 = CARTESIAN_POINT('',(3.5,-64.,4.));
#548 = DIRECTION('',(-1.,1.110223024625E-16,0.));
#549 = DIRECTION('',(0.,0.,1.));
#550 = ADVANCED_FACE('',(#551),#595,.T.);
#551 = FACE_BOUND('',#552,.T.);
#552 = EDGE_LOOP('',(#553,#563,#571,#579,#586,#587,#588,#589));
#553 = ORIENTED_EDGE('',*,*,#554,.F.);
#554 = EDGE_CURVE('',#555,#557,#559,.T.);
#555 = VERTEX_POINT('',#556);
#556 = CARTESIAN_POINT('',(-140.,139.5,14.));
#557 = VERTEX_POINT('',#558);
#558 = CARTESIAN_POINT('',(-140.,147.5,14.));
#559 = LINE('',#560,#561);
#560 = CARTESIAN_POINT('',(-140.,139.5,14.));
#561 = VECTOR('',#562,1.);
#562 = DIRECTION('',(-0.,1.,0.));
#563 = ORIENTED_EDGE('',*,*,#564,.T.);
#564 = EDGE_CURVE('',#555,#565,#567,.T.);
#565 = VERTEX_POINT('',#566);
#566 = CARTESIAN_POINT('',(-3.5,139.5,14.));
#567 = LINE('',#568,#569);
#568 = CARTESIAN_POINT('',(-140.,139.5,14.));
#569 = VECTOR('',#570,1.);
#570 = DIRECTION('',(1.,0.,-0.));
#571 = ORIENTED_EDGE('',*,*,#572,.F.);
#572 = EDGE_CURVE('',#573,#565,#575,.T.);
#573 = VERTEX_POINT('',#574);
#574 = CARTESIAN_POINT('',(-3.5,-49.92875272053,14.));
#575 = LINE('',#576,#577);
#576 = CARTESIAN_POINT('',(-3.5,-64.,14.));
#577 = VECTOR('',#578,1.);
#578 = DIRECTION('',(1.110223024625E-16,1.,0.));
#579 = ORIENTED_EDGE('',*,*,#580,.F.);
#580 = EDGE_CURVE('',#516,#573,#581,.T.);
#581 = CIRCLE('',#582,14.5);
#582 = AXIS2_PLACEMENT_3D('',#583,#584,#585);
#583 = CARTESIAN_POINT('',(0.,-64.,14.));
#584 = DIRECTION('',(0.,0.,1.));
#585 = DIRECTION('',(1.,0.,-0.));
#586 = ORIENTED_EDGE('',*,*,#523,.T.);
#587 = ORIENTED_EDGE('',*,*,#103,.T.);
#588 = ORIENTED_EDGE('',*,*,#151,.T.);
#589 = ORIENTED_EDGE('',*,*,#590,.F.);
#590 = EDGE_CURVE('',#557,#144,#591,.T.);
#591 = LINE('',#592,#593);
#592 = CARTESIAN_POINT('',(-140.,147.5,14.));
#593 = VECTOR('',#594,1.);
#594 = DIRECTION('',(1.,0.,-0.));
#595 = PLANE('',#596);
#596 = AXIS2_PLACEMENT_3D('',#597,#598,#599);
#597 = CARTESIAN_POINT('',(3.809722833574E-15,102.93648731995,14.));
#598 = DIRECTION('',(0.,0.,1.));
#599 = DIRECTION('',(1.,0.,-0.));
#600 = ADVANCED_FACE('',(#601),#626,.T.);
#601 = FACE_BOUND('',#602,.T.);
#602 = EDGE_LOOP('',(#603,#611,#612,#620));
#603 = ORIENTED_EDGE('',*,*,#604,.T.);
#604 = EDGE_CURVE('',#605,#126,#607,.T.);
#605 = VERTEX_POINT('',#606);
#606 = CARTESIAN_POINT('',(-140.,-147.5,0.));
#607 = LINE('',#608,#609);
#608 = CARTESIAN_POINT('',(-140.,-147.5,0.));
#609 = VECTOR('',#610,1.);
#610 = DIRECTION('',(1.,0.,-0.));
#611 = ORIENTED_EDGE('',*,*,#125,.T.);
#612 = ORIENTED_EDGE('',*,*,#613,.F.);
#613 = EDGE_CURVE('',#614,#128,#616,.T.);
#614 = VERTEX_POINT('',#615);
#615 = CARTESIAN_POINT('',(-140.,-147.5,14.));
#616 = LINE('',#617,#618);
#617 = CARTESIAN_POINT('',(-140.,-147.5,14.));
#618 = VECTOR('',#619,1.);
#619 = DIRECTION('',(1.,0.,-0.));
#620 = ORIENTED_EDGE('',*,*,#621,.F.);
#621 = EDGE_CURVE('',#605,#614,#622,.T.);
#622 = LINE('',#623,#624);
#623 = CARTESIAN_POINT('',(-140.,-147.5,0.));
#624 = VECTOR('',#625,1.);
#625 = DIRECTION('',(0.,0.,1.));
#626 = PLANE('',#627);
#627 = AXIS2_PLACEMENT_3D('',#628,#629,#630);
#628 = CARTESIAN_POINT('',(0.,-147.5,7.));
#629 = DIRECTION('',(-0.,-1.,-0.));
#630 = DIRECTION('',(0.,0.,-1.));
#631 = ADVANCED_FACE('',(#632,#650,#684,#718,#752),#786,.F.);
#632 = FACE_BOUND('',#633,.F.);
#633 = EDGE_LOOP('',(#634,#642,#643,#644));
#634 = ORIENTED_EDGE('',*,*,#635,.F.);
#635 = EDGE_CURVE('',#605,#636,#638,.T.);
#636 = VERTEX_POINT('',#637);
#637 = CARTESIAN_POINT('',(-140.,147.5,0.));
#638 = LINE('',#639,#640);
#639 = CARTESIAN_POINT('',(-140.,-147.5,0.));
#640 = VECTOR('',#641,1.);
#641 = DIRECTION('',(-0.,1.,0.));
#642 = ORIENTED_EDGE('',*,*,#604,.T.);
#643 = ORIENTED_EDGE('',*,*,#135,.T.);
#644 = ORIENTED_EDGE('',*,*,#645,.F.);
#645 = EDGE_CURVE('',#636,#136,#646,.T.);
#646 = LINE('',#647,#648);
#647 = CARTESIAN_POINT('',(-140.,147.5,0.));
#648 = VECTOR('',#649,1.);
#649 = DIRECTION('',(1.,0.,-0.));
#650 = FACE_BOUND('',#651,.F.);
#651 = EDGE_LOOP('',(#652,#662,#670,#678));
#652 = ORIENTED_EDGE('',*,*,#653,.T.);
#653 = EDGE_CURVE('',#654,#656,#658,.T.);
#654 = VERTEX_POINT('',#655);
#655 = CARTESIAN_POINT('',(-110.7,-96.3,0.));
#656 = VERTEX_POINT('',#657);
#657 = CARTESIAN_POINT('',(-119.3,-96.3,0.));
#658 = LINE('',#659,#660);
#659 = CARTESIAN_POINT('',(-129.65,-96.3,0.));
#660 = VECTOR('',#661,1.);
#661 = DIRECTION('',(-1.,-0.,0.));
#662 = ORIENTED_EDGE('',*,*,#663,.T.);
#663 = EDGE_CURVE('',#656,#664,#666,.T.);
#664 = VERTEX_POINT('',#665);
#665 = CARTESIAN_POINT('',(-119.3,-83.7,0.));
#666 = LINE('',#667,#668);
#667 = CARTESIAN_POINT('',(-119.3,-121.9,0.));
#668 = VECTOR('',#669,1.);
#669 = DIRECTION('',(-0.,1.,0.));
#670 = ORIENTED_EDGE('',*,*,#671,.F.);
#671 = EDGE_CURVE('',#672,#664,#674,.T.);
#672 = VERTEX_POINT('',#673);
#673 = CARTESIAN_POINT('',(-110.7,-83.7,0.));
#674 = LINE('',#675,#676);
#675 = CARTESIAN_POINT('',(-129.65,-83.7,0.));
#676 = VECTOR('',#677,1.);
#677 = DIRECTION('',(-1.,-0.,0.));
#678 = ORIENTED_EDGE('',*,*,#679,.F.);
#679 = EDGE_CURVE('',#654,#672,#680,.T.);
#680 = LINE('',#681,#682);
#681 = CARTESIAN_POINT('',(-110.7,-121.9,0.));
#682 = VECTOR('',#683,1.);
#683 = DIRECTION('',(-0.,1.,0.));
#684 = FACE_BOUND('',#685,.F.);
#685 = EDGE_LOOP('',(#686,#696,#704,#712));
#686 = ORIENTED_EDGE('',*,*,#687,.T.);
#687 = EDGE_CURVE('',#688,#690,#692,.T.);
#688 = VERTEX_POINT('',#689);
#689 = CARTESIAN_POINT('',(119.3,-96.3,0.));
#690 = VERTEX_POINT('',#691);
#691 = CARTESIAN_POINT('',(110.7,-96.3,0.));
#692 = LINE('',#693,#694);
#693 = CARTESIAN_POINT('',(-14.65,-96.3,0.));
#694 = VECTOR('',#695,1.);
#695 = DIRECTION('',(-1.,-0.,0.));
#696 = ORIENTED_EDGE('',*,*,#697,.T.);
#697 = EDGE_CURVE('',#690,#698,#700,.T.);
#698 = VERTEX_POINT('',#699);
#699 = CARTESIAN_POINT('',(110.7,-83.7,0.));
#700 = LINE('',#701,#702);
#701 = CARTESIAN_POINT('',(110.7,-121.9,0.));
#702 = VECTOR('',#703,1.);
#703 = DIRECTION('',(-0.,1.,0.));
#704 = ORIENTED_EDGE('',*,*,#705,.F.);
#705 = EDGE_CURVE('',#706,#698,#708,.T.);
#706 = VERTEX_POINT('',#707);
#707 = CARTESIAN_POINT('',(119.3,-83.7,0.));
#708 = LINE('',#709,#710);
#709 = CARTESIAN_POINT('',(-14.65,-83.7,0.));
#710 = VECTOR('',#711,1.);
#711 = DIRECTION('',(-1.,-0.,0.));
#712 = ORIENTED_EDGE('',*,*,#713,.F.);
#713 = EDGE_CURVE('',#688,#706,#714,.T.);
#714 = LINE('',#715,#716);
#715 = CARTESIAN_POINT('',(119.3,-121.9,0.));
#716 = VECTOR('',#717,1.);
#717 = DIRECTION('',(-0.,1.,0.));
#718 = FACE_BOUND('',#719,.F.);
#719 = EDGE_LOOP('',(#720,#730,#738,#746));
#720 = ORIENTED_EDGE('',*,*,#721,.T.);
#721 = EDGE_CURVE('',#722,#724,#726,.T.);
#722 = VERTEX_POINT('',#723);
#723 = CARTESIAN_POINT('',(-110.7,83.7,0.));
#724 = VERTEX_POINT('',#725);
#725 = CARTESIAN_POINT('',(-119.3,83.7,0.));
#726 = LINE('',#727,#728);
#727 = CARTESIAN_POINT('',(-129.65,83.7,0.));
#728 = VECTOR('',#729,1.);
#729 = DIRECTION('',(-1.,-0.,0.));
#730 = ORIENTED_EDGE('',*,*,#731,.T.);
#731 = EDGE_CURVE('',#724,#732,#734,.T.);
#732 = VERTEX_POINT('',#733);
#733 = CARTESIAN_POINT('',(-119.3,96.3,0.));
#734 = LINE('',#735,#736);
#735 = CARTESIAN_POINT('',(-119.3,-31.9,0.));
#736 = VECTOR('',#737,1.);
#737 = DIRECTION('',(-0.,1.,0.));
#738 = ORIENTED_EDGE('',*,*,#739,.F.);
#739 = EDGE_CURVE('',#740,#732,#742,.T.);
#740 = VERTEX_POINT('',#741);
#741 = CARTESIAN_POINT('',(-110.7,96.3,0.));
#742 = LINE('',#743,#744);
#743 = CARTESIAN_POINT('',(-129.65,96.3,0.));
#744 = VECTOR('',#745,1.);
#745 = DIRECTION('',(-1.,-0.,0.));
#746 = ORIENTED_EDGE('',*,*,#747,.F.);
#747 = EDGE_CURVE('',#722,#740,#748,.T.);
#748 = LINE('',#749,#750);
#749 = CARTESIAN_POINT('',(-110.7,-31.9,0.));
#750 = VECTOR('',#751,1.);
#751 = DIRECTION('',(-0.,1.,0.));
#752 = FACE_BOUND('',#753,.F.);
#753 = EDGE_LOOP('',(#754,#764,#772,#780));
#754 = ORIENTED_EDGE('',*,*,#755,.T.);
#755 = EDGE_CURVE('',#756,#758,#760,.T.);
#756 = VERTEX_POINT('',#757);
#757 = CARTESIAN_POINT('',(119.3,83.7,0.));
#758 = VERTEX_POINT('',#759);
#759 = CARTESIAN_POINT('',(110.7,83.7,0.));
#760 = LINE('',#761,#762);
#761 = CARTESIAN_POINT('',(-14.65,83.7,0.));
#762 = VECTOR('',#763,1.);
#763 = DIRECTION('',(-1.,-0.,0.));
#764 = ORIENTED_EDGE('',*,*,#765,.T.);
#765 = EDGE_CURVE('',#758,#766,#768,.T.);
#766 = VERTEX_POINT('',#767);
#767 = CARTESIAN_POINT('',(110.7,96.3,0.));
#768 = LINE('',#769,#770);
#769 = CARTESIAN_POINT('',(110.7,-31.9,0.));
#770 = VECTOR('',#771,1.);
#771 = DIRECTION('',(-0.,1.,0.));
#772 = ORIENTED_EDGE('',*,*,#773,.F.);
#773 = EDGE_CURVE('',#774,#766,#776,.T.);
#774 = VERTEX_POINT('',#775);
#775 = CARTESIAN_POINT('',(119.3,96.3,0.));
#776 = LINE('',#777,#778);
#777 = CARTESIAN_POINT('',(-14.65,96.3,0.));
#778 = VECTOR('',#779,1.);
#779 = DIRECTION('',(-1.,-0.,0.));
#780 = ORIENTED_EDGE('',*,*,#781,.F.);
#781 = EDGE_CURVE('',#756,#774,#782,.T.);
#782 = LINE('',#783,#784);
#783 = CARTESIAN_POINT('',(119.3,-31.9,0.));
#784 = VECTOR('',#785,1.);
#785 = DIRECTION('',(-0.,1.,0.));
#786 = PLANE('',#787);
#787 = AXIS2_PLACEMENT_3D('',#788,#789,#790);
#788 = CARTESIAN_POINT('',(-140.,-147.5,0.));
#789 = DIRECTION('',(0.,0.,1.));
#790 = DIRECTION('',(1.,0.,-0.));
#791 = ADVANCED_FACE('',(#792),#843,.T.);
#792 = FACE_BOUND('',#793,.T.);
#793 = EDGE_LOOP('',(#794,#802,#803,#804,#812,#820,#829,#837));
#794 = ORIENTED_EDGE('',*,*,#795,.F.);
#795 = EDGE_CURVE('',#614,#796,#798,.T.);
#796 = VERTEX_POINT('',#797);
#797 = CARTESIAN_POINT('',(-140.,-139.5,14.));
#798 = LINE('',#799,#800);
#799 = CARTESIAN_POINT('',(-140.,-147.5,14.));
#800 = VECTOR('',#801,1.);
#801 = DIRECTION('',(-0.,1.,0.));
#802 = ORIENTED_EDGE('',*,*,#613,.T.);
#803 = ORIENTED_EDGE('',*,*,#231,.T.);
#804 = ORIENTED_EDGE('',*,*,#805,.F.);
#805 = EDGE_CURVE('',#806,#224,#808,.T.);
#806 = VERTEX_POINT('',#807);
#807 = CARTESIAN_POINT('',(3.5,-139.5,14.));
#808 = LINE('',#809,#810);
#809 = CARTESIAN_POINT('',(-140.,-139.5,14.));
#810 = VECTOR('',#811,1.);
#811 = DIRECTION('',(1.,0.,-0.));
#812 = ORIENTED_EDGE('',*,*,#813,.F.);
#813 = EDGE_CURVE('',#814,#806,#816,.T.);
#814 = VERTEX_POINT('',#815);
#815 = CARTESIAN_POINT('',(3.5,-78.07124727947,14.));
#816 = LINE('',#817,#818);
#817 = CARTESIAN_POINT('',(3.5,-64.,14.));
#818 = VECTOR('',#819,1.);
#819 = DIRECTION('',(1.110223024625E-16,-1.,0.));
#820 = ORIENTED_EDGE('',*,*,#821,.F.);
#821 = EDGE_CURVE('',#822,#814,#824,.T.);
#822 = VERTEX_POINT('',#823);
#823 = CARTESIAN_POINT('',(-3.5,-78.07124727947,14.));
#824 = CIRCLE('',#825,14.5);
#825 = AXIS2_PLACEMENT_3D('',#826,#827,#828);
#826 = CARTESIAN_POINT('',(0.,-64.,14.));
#827 = DIRECTION('',(0.,0.,1.));
#828 = DIRECTION('',(1.,0.,-0.));
#829 = ORIENTED_EDGE('',*,*,#830,.T.);
#830 = EDGE_CURVE('',#822,#831,#833,.T.);
#831 = VERTEX_POINT('',#832);
#832 = CARTESIAN_POINT('',(-3.5,-139.5,14.));
#833 = LINE('',#834,#835);
#834 = CARTESIAN_POINT('',(-3.5,-64.,14.));
#835 = VECTOR('',#836,1.);
#836 = DIRECTION('',(1.110223024625E-16,-1.,0.));
#837 = ORIENTED_EDGE('',*,*,#838,.F.);
#838 = EDGE_CURVE('',#796,#831,#839,.T.);
#839 = LINE('',#840,#841);
#840 = CARTESIAN_POINT('',(-140.,-139.5,14.));
#841 = VECTOR('',#842,1.);
#842 = DIRECTION('',(1.,0.,-0.));
#843 = PLANE('',#844);
#844 = AXIS2_PLACEMENT_3D('',#845,#846,#847);
#845 = CARTESIAN_POINT('',(0.,-136.7793566267,14.));
#846 = DIRECTION('',(0.,0.,1.));
#847 = DIRECTION('',(1.,0.,-0.));
#848 = ADVANCED_FACE('',(#849),#860,.T.);
#849 = FACE_BOUND('',#850,.T.);
#850 = EDGE_LOOP('',(#851,#852,#858,#859));
#851 = ORIENTED_EDGE('',*,*,#645,.F.);
#852 = ORIENTED_EDGE('',*,*,#853,.T.);
#853 = EDGE_CURVE('',#636,#557,#854,.T.);
#854 = LINE('',#855,#856);
#855 = CARTESIAN_POINT('',(-140.,147.5,4.));
#856 = VECTOR('',#857,1.);
#857 = DIRECTION('',(0.,0.,1.));
#858 = ORIENTED_EDGE('',*,*,#590,.T.);
#859 = ORIENTED_EDGE('',*,*,#143,.F.);
#860 = PLANE('',#861);
#861 = AXIS2_PLACEMENT_3D('',#862,#863,#864);
#862 = CARTESIAN_POINT('',(0.,147.5,7.));
#863 = DIRECTION('',(0.,1.,0.));
#864 = DIRECTION('',(0.,-0.,1.));
#865 = ADVANCED_FACE('',(#866),#884,.T.);
#866 = FACE_BOUND('',#867,.T.);
#867 = EDGE_LOOP('',(#868,#876,#882,#883));
#868 = ORIENTED_EDGE('',*,*,#869,.F.);
#869 = EDGE_CURVE('',#870,#216,#872,.T.);
#870 = VERTEX_POINT('',#871);
#871 = CARTESIAN_POINT('',(3.5,-139.5,4.));
#872 = LINE('',#873,#874);
#873 = CARTESIAN_POINT('',(-140.,-139.5,4.));
#874 = VECTOR('',#875,1.);
#875 = DIRECTION('',(1.,0.,-0.));
#876 = ORIENTED_EDGE('',*,*,#877,.T.);
#877 = EDGE_CURVE('',#870,#806,#878,.T.);
#878 = LINE('',#879,#880);
#879 = CARTESIAN_POINT('',(3.5,-139.5,4.));
#880 = VECTOR('',#881,1.);
#881 = DIRECTION('',(0.,0.,1.));
#882 = ORIENTED_EDGE('',*,*,#805,.T.);
#883 = ORIENTED_EDGE('',*,*,#223,.F.);
#884 = PLANE('',#885);
#885 = AXIS2_PLACEMENT_3D('',#886,#887,#888);
#886 = CARTESIAN_POINT('',(-140.,-139.5,4.));
#887 = DIRECTION('',(-0.,1.,0.));
#888 = DIRECTION('',(0.,0.,1.));
#889 = ADVANCED_FACE('',(#890),#933,.T.);
#890 = FACE_BOUND('',#891,.T.);
#891 = EDGE_LOOP('',(#892,#893,#901,#909,#917,#926,#932));
#892 = ORIENTED_EDGE('',*,*,#215,.T.);
#893 = ORIENTED_EDGE('',*,*,#894,.F.);
#894 = EDGE_CURVE('',#895,#208,#897,.T.);
#895 = VERTEX_POINT('',#896);
#896 = CARTESIAN_POINT('',(85.,-115.,4.));
#897 = LINE('',#898,#899);
#898 = CARTESIAN_POINT('',(85.,-115.,4.));
#899 = VECTOR('',#900,1.);
#900 = DIRECTION('',(1.,0.,-0.));
#901 = ORIENTED_EDGE('',*,*,#902,.T.);
#902 = EDGE_CURVE('',#895,#903,#905,.T.);
#903 = VERTEX_POINT('',#904);
#904 = CARTESIAN_POINT('',(85.,-87.32521344509,4.));
#905 = LINE('',#906,#907);
#906 = CARTESIAN_POINT('',(85.,-115.,4.));
#907 = VECTOR('',#908,1.);
#908 = DIRECTION('',(-0.,1.,0.));
#909 = ORIENTED_EDGE('',*,*,#910,.F.);
#910 = EDGE_CURVE('',#911,#903,#913,.T.);
#911 = VERTEX_POINT('',#912);
#912 = CARTESIAN_POINT('',(72.186241413227,-84.35059091602,4.));
#913 = LINE('',#914,#915);
#914 = CARTESIAN_POINT('',(-0.791453975198,-67.40934020085,4.));
#915 = VECTOR('',#916,1.);
#916 = DIRECTION('',(0.974097200243,-0.226129707199,0.));
#917 = ORIENTED_EDGE('',*,*,#918,.F.);
#918 = EDGE_CURVE('',#919,#911,#921,.T.);
#919 = VERTEX_POINT('',#920);
#920 = CARTESIAN_POINT('',(3.500000000001,-138.9182888218,4.));
#921 = CIRCLE('',#922,75.);
#922 = AXIS2_PLACEMENT_3D('',#923,#924,#925);
#923 = CARTESIAN_POINT('',(0.,-64.,4.));
#924 = DIRECTION('',(0.,0.,1.));
#925 = DIRECTION('',(1.,0.,-0.));
#926 = ORIENTED_EDGE('',*,*,#927,.T.);
#927 = EDGE_CURVE('',#919,#870,#928,.T.);
#928 = LINE('',#929,#930);
#929 = CARTESIAN_POINT('',(3.5,-64.,4.));
#930 = VECTOR('',#931,1.);
#931 = DIRECTION('',(1.110223024625E-16,-1.,0.));
#932 = ORIENTED_EDGE('',*,*,#869,.T.);
#933 = PLANE('',#934);
#934 = AXIS2_PLACEMENT_3D('',#935,#936,#937);
#935 = CARTESIAN_POINT('',(-140.,-147.5,4.));
#936 = DIRECTION('',(0.,0.,1.));
#937 = DIRECTION('',(1.,0.,-0.));
#938 = ADVANCED_FACE('',(#939),#957,.F.);
#939 = FACE_BOUND('',#940,.F.);
#940 = EDGE_LOOP('',(#941,#942,#950,#956));
#941 = ORIENTED_EDGE('',*,*,#894,.F.);
#942 = ORIENTED_EDGE('',*,*,#943,.T.);
#943 = EDGE_CURVE('',#895,#944,#946,.T.);
#944 = VERTEX_POINT('',#945);
#945 = CARTESIAN_POINT('',(85.,-115.,24.));
#946 = LINE('',#947,#948);
#947 = CARTESIAN_POINT('',(85.,-115.,4.));
#948 = VECTOR('',#949,1.);
#949 = DIRECTION('',(0.,0.,1.));
#950 = ORIENTED_EDGE('',*,*,#951,.T.);
#951 = EDGE_CURVE('',#944,#200,#952,.T.);
#952 = LINE('',#953,#954);
#953 = CARTESIAN_POINT('',(85.,-115.,24.));
#954 = VECTOR('',#955,1.);
#955 = DIRECTION('',(1.,0.,-0.));
#956 = ORIENTED_EDGE('',*,*,#207,.F.);
#957 = PLANE('',#958);
#958 = AXIS2_PLACEMENT_3D('',#959,#960,#961);
#959 = CARTESIAN_POINT('',(85.,-115.,4.));
#960 = DIRECTION('',(-0.,1.,0.));
#961 = DIRECTION('',(0.,0.,1.));
#962 = ADVANCED_FACE('',(#963,#981),#1015,.T.);
#963 = FACE_BOUND('',#964,.T.);
#964 = EDGE_LOOP('',(#965,#973,#974,#975));
#965 = ORIENTED_EDGE('',*,*,#966,.F.);
#966 = EDGE_CURVE('',#944,#967,#969,.T.);
#967 = VERTEX_POINT('',#968);
#968 = CARTESIAN_POINT('',(85.,-65.,24.));
#969 = LINE('',#970,#971);
#970 = CARTESIAN_POINT('',(85.,-115.,24.));
#971 = VECTOR('',#972,1.);
#972 = DIRECTION('',(-0.,1.,0.));
#973 = ORIENTED_EDGE('',*,*,#951,.T.);
#974 = ORIENTED_EDGE('',*,*,#199,.T.);
#975 = ORIENTED_EDGE('',*,*,#976,.F.);
#976 = EDGE_CURVE('',#967,#192,#977,.T.);
#977 = LINE('',#978,#979);
#978 = CARTESIAN_POINT('',(85.,-65.,24.));
#979 = VECTOR('',#980,1.);
#980 = DIRECTION('',(1.,0.,-0.));
#981 = FACE_BOUND('',#982,.T.);
#982 = EDGE_LOOP('',(#983,#993,#1001,#1009));
#983 = ORIENTED_EDGE('',*,*,#984,.T.);
#984 = EDGE_CURVE('',#985,#987,#989,.T.);
#985 = VERTEX_POINT('',#986);
#986 = CARTESIAN_POINT('',(119.3,-96.3,24.));
#987 = VERTEX_POINT('',#988);
#988 = CARTESIAN_POINT('',(110.7,-96.3,24.));
#989 = LINE('',#990,#991);
#990 = CARTESIAN_POINT('',(97.85,-96.3,24.));
#991 = VECTOR('',#992,1.);
#992 = DIRECTION('',(-1.,-0.,0.));
#993 = ORIENTED_EDGE('',*,*,#994,.T.);
#994 = EDGE_CURVE('',#987,#995,#997,.T.);
#995 = VERTEX_POINT('',#996);
#996 = CARTESIAN_POINT('',(110.7,-83.7,24.));
#997 = LINE('',#998,#999);
#998 = CARTESIAN_POINT('',(110.7,-105.65,24.));
#999 = VECTOR('',#1000,1.);
#1000 = DIRECTION('',(-0.,1.,0.));
#1001 = ORIENTED_EDGE('',*,*,#1002,.F.);
#1002 = EDGE_CURVE('',#1003,#995,#1005,.T.);
#1003 = VERTEX_POINT('',#1004);
#1004 = CARTESIAN_POINT('',(119.3,-83.7,24.));
#1005 = LINE('',#1006,#1007);
#1006 = CARTESIAN_POINT('',(97.85,-83.7,24.));
#1007 = VECTOR('',#1008,1.);
#1008 = DIRECTION('',(-1.,-0.,0.));
#1009 = ORIENTED_EDGE('',*,*,#1010,.F.);
#1010 = EDGE_CURVE('',#985,#1003,#1011,.T.);
#1011 = LINE('',#1012,#1013);
#1012 = CARTESIAN_POINT('',(119.3,-105.65,24.));
#1013 = VECTOR('',#1014,1.);
#1014 = DIRECTION('',(-0.,1.,0.));
#1015 = PLANE('',#1016);
#1016 = AXIS2_PLACEMENT_3D('',#1017,#1018,#1019);
#1017 = CARTESIAN_POINT('',(85.,-115.,24.));
#1018 = DIRECTION('',(0.,0.,1.));
#1019 = DIRECTION('',(1.,0.,-0.));
#1020 = ADVANCED_FACE('',(#1021),#1039,.T.);
#1021 = FACE_BOUND('',#1022,.T.);
#1022 = EDGE_LOOP('',(#1023,#1031,#1037,#1038));
#1023 = ORIENTED_EDGE('',*,*,#1024,.F.);
#1024 = EDGE_CURVE('',#1025,#184,#1027,.T.);
#1025 = VERTEX_POINT('',#1026);
#1026 = CARTESIAN_POINT('',(85.,-65.,4.));
#1027 = LINE('',#1028,#1029);
#1028 = CARTESIAN_POINT('',(85.,-65.,4.));
#1029 = VECTOR('',#1030,1.);
#1030 = DIRECTION('',(1.,0.,-0.));
#1031 = ORIENTED_EDGE('',*,*,#1032,.T.);
#1032 = EDGE_CURVE('',#1025,#967,#1033,.T.);
#1033 = LINE('',#1034,#1035);
#1034 = CARTESIAN_POINT('',(85.,-65.,4.));
#1035 = VECTOR('',#1036,1.);
#1036 = DIRECTION('',(0.,0.,1.));
#1037 = ORIENTED_EDGE('',*,*,#976,.T.);
#1038 = ORIENTED_EDGE('',*,*,#191,.F.);
#1039 = PLANE('',#1040);
#1040 = AXIS2_PLACEMENT_3D('',#1041,#1042,#1043);
#1041 = CARTESIAN_POINT('',(85.,-65.,4.));
#1042 = DIRECTION('',(-0.,1.,0.));
#1043 = DIRECTION('',(0.,0.,1.));
#1044 = ADVANCED_FACE('',(#1045,#1051),#1085,.T.);
#1045 = FACE_BOUND('',#1046,.T.);
#1046 = EDGE_LOOP('',(#1047,#1048,#1049,#1050));
#1047 = ORIENTED_EDGE('',*,*,#363,.F.);
#1048 = ORIENTED_EDGE('',*,*,#379,.T.);
#1049 = ORIENTED_EDGE('',*,*,#167,.T.);
#1050 = ORIENTED_EDGE('',*,*,#338,.F.);
#1051 = FACE_BOUND('',#1052,.T.);
#1052 = EDGE_LOOP('',(#1053,#1063,#1071,#1079));
#1053 = ORIENTED_EDGE('',*,*,#1054,.T.);
#1054 = EDGE_CURVE('',#1055,#1057,#1059,.T.);
#1055 = VERTEX_POINT('',#1056);
#1056 = CARTESIAN_POINT('',(119.3,83.7,24.));
#1057 = VERTEX_POINT('',#1058);
#1058 = CARTESIAN_POINT('',(110.7,83.7,24.));
#1059 = LINE('',#1060,#1061);
#1060 = CARTESIAN_POINT('',(97.85,83.7,24.));
#1061 = VECTOR('',#1062,1.);
#1062 = DIRECTION('',(-1.,-0.,0.));
#1063 = ORIENTED_EDGE('',*,*,#1064,.T.);
#1064 = EDGE_CURVE('',#1057,#1065,#1067,.T.);
#1065 = VERTEX_POINT('',#1066);
#1066 = CARTESIAN_POINT('',(110.7,96.3,24.));
#1067 = LINE('',#1068,#1069);
#1068 = CARTESIAN_POINT('',(110.7,74.35,24.));
#1069 = VECTOR('',#1070,1.);
#1070 = DIRECTION('',(-0.,1.,0.));
#1071 = ORIENTED_EDGE('',*,*,#1072,.F.);
#1072 = EDGE_CURVE('',#1073,#1065,#1075,.T.);
#1073 = VERTEX_POINT('',#1074);
#1074 = CARTESIAN_POINT('',(119.3,96.3,24.));
#1075 = LINE('',#1076,#1077);
#1076 = CARTESIAN_POINT('',(97.85,96.3,24.));
#1077 = VECTOR('',#1078,1.);
#1078 = DIRECTION('',(-1.,-0.,0.));
#1079 = ORIENTED_EDGE('',*,*,#1080,.F.);
#1080 = EDGE_CURVE('',#1055,#1073,#1081,.T.);
#1081 = LINE('',#1082,#1083);
#1082 = CARTESIAN_POINT('',(119.3,74.35,24.));
#1083 = VECTOR('',#1084,1.);
#1084 = DIRECTION('',(-0.,1.,0.));
#1085 = PLANE('',#1086);
#1086 = AXIS2_PLACEMENT_3D('',#1087,#1088,#1089);
#1087 = CARTESIAN_POINT('',(85.,65.,24.));
#1088 = DIRECTION('',(0.,0.,1.));
#1089 = DIRECTION('',(1.,0.,-0.));
#1090 = ADVANCED_FACE('',(#1091),#1136,.T.);
#1091 = FACE_BOUND('',#1092,.T.);
#1092 = EDGE_LOOP('',(#1093,#1094,#1095,#1103,#1112,#1121,#1129,#1135));
#1093 = ORIENTED_EDGE('',*,*,#183,.T.);
#1094 = ORIENTED_EDGE('',*,*,#386,.F.);
#1095 = ORIENTED_EDGE('',*,*,#1096,.F.);
#1096 = EDGE_CURVE('',#1097,#387,#1099,.T.);
#1097 = VERTEX_POINT('',#1098);
#1098 = CARTESIAN_POINT('',(46.89539341834,-5.469477397352,4.));
#1099 = LINE('',#1100,#1101);
#1100 = CARTESIAN_POINT('',(2.830576295061,-66.05860094186,4.));
#1101 = VECTOR('',#1102,1.);
#1102 = DIRECTION('',(0.588171697675,0.808736084303,0.));
#1103 = ORIENTED_EDGE('',*,*,#1104,.F.);
#1104 = EDGE_CURVE('',#1105,#1097,#1107,.T.);
#1105 = VERTEX_POINT('',#1106);
#1106 = CARTESIAN_POINT('',(75.,-64.,4.));
#1107 = CIRCLE('',#1108,75.);
#1108 = AXIS2_PLACEMENT_3D('',#1109,#1110,#1111);
#1109 = CARTESIAN_POINT('',(0.,-64.,4.));
#1110 = DIRECTION('',(0.,0.,1.));
#1111 = DIRECTION('',(1.,0.,-0.));
#1112 = ORIENTED_EDGE('',*,*,#1113,.F.);
#1113 = EDGE_CURVE('',#1114,#1105,#1116,.T.);
#1114 = VERTEX_POINT('',#1115);
#1115 = CARTESIAN_POINT('',(73.769149363623,-77.53191051431,4.));
#1116 = CIRCLE('',#1117,75.);
#1117 = AXIS2_PLACEMENT_3D('',#1118,#1119,#1120);
#1118 = CARTESIAN_POINT('',(0.,-64.,4.));
#1119 = DIRECTION('',(0.,0.,1.));
#1120 = DIRECTION('',(1.,0.,-0.));
#1121 = ORIENTED_EDGE('',*,*,#1122,.T.);
#1122 = EDGE_CURVE('',#1114,#1123,#1125,.T.);
#1123 = VERTEX_POINT('',#1124);
#1124 = CARTESIAN_POINT('',(85.,-80.13907226919,4.));
#1125 = LINE('',#1126,#1127);
#1126 = CARTESIAN_POINT('',(0.791453975198,-60.59065979914,4.));
#1127 = VECTOR('',#1128,1.);
#1128 = DIRECTION('',(0.974097200243,-0.226129707199,0.));
#1129 = ORIENTED_EDGE('',*,*,#1130,.T.);
#1130 = EDGE_CURVE('',#1123,#1025,#1131,.T.);
#1131 = LINE('',#1132,#1133);
#1132 = CARTESIAN_POINT('',(85.,-115.,4.));
#1133 = VECTOR('',#1134,1.);
#1134 = DIRECTION('',(-0.,1.,0.));
#1135 = ORIENTED_EDGE('',*,*,#1024,.T.);
#1136 = PLANE('',#1137);
#1137 = AXIS2_PLACEMENT_3D('',#1138,#1139,#1140);
#1138 = CARTESIAN_POINT('',(-140.,-147.5,4.));
#1139 = DIRECTION('',(0.,0.,1.));
#1140 = DIRECTION('',(1.,0.,-0.));
#1141 = ADVANCED_FACE('',(#1142),#1167,.T.);
#1142 = FACE_BOUND('',#1143,.T.);
#1143 = EDGE_LOOP('',(#1144,#1154,#1160,#1161));
#1144 = ORIENTED_EDGE('',*,*,#1145,.F.);
#1145 = EDGE_CURVE('',#1146,#1148,#1150,.T.);
#1146 = VERTEX_POINT('',#1147);
#1147 = CARTESIAN_POINT('',(89.6,102.4,3.6));
#1148 = VERTEX_POINT('',#1149);
#1149 = CARTESIAN_POINT('',(89.6,102.4,8.4));
#1150 = LINE('',#1151,#1152);
#1151 = CARTESIAN_POINT('',(89.6,102.4,3.6));
#1152 = VECTOR('',#1153,1.);
#1153 = DIRECTION('',(0.,0.,1.));
#1154 = ORIENTED_EDGE('',*,*,#1155,.T.);
#1155 = EDGE_CURVE('',#1146,#242,#1156,.T.);
#1156 = LINE('',#1157,#1158);
#1157 = CARTESIAN_POINT('',(89.6,102.4,3.6));
#1158 = VECTOR('',#1159,1.);
#1159 = DIRECTION('',(1.,0.,0.));
#1160 = ORIENTED_EDGE('',*,*,#239,.F.);
#1161 = ORIENTED_EDGE('',*,*,#1162,.F.);
#1162 = EDGE_CURVE('',#1148,#240,#1163,.T.);
#1163 = LINE('',#1164,#1165);
#1164 = CARTESIAN_POINT('',(89.6,102.4,8.4));
#1165 = VECTOR('',#1166,1.);
#1166 = DIRECTION('',(1.,0.,0.));
#1167 = PLANE('',#1168);
#1168 = AXIS2_PLACEMENT_3D('',#1169,#1170,#1171);
#1169 = CARTESIAN_POINT('',(89.6,102.4,3.6));
#1170 = DIRECTION('',(0.,-1.,0.));
#1171 = DIRECTION('',(0.,0.,1.));
#1172 = ADVANCED_FACE('',(#1173),#1223,.T.);
#1173 = FACE_BOUND('',#1174,.T.);
#1174 = EDGE_LOOP('',(#1175,#1183,#1184,#1185,#1193,#1201,#1209,#1217));
#1175 = ORIENTED_EDGE('',*,*,#1176,.F.);
#1176 = EDGE_CURVE('',#1148,#1177,#1179,.T.);
#1177 = VERTEX_POINT('',#1178);
#1178 = CARTESIAN_POINT('',(89.6,90.,20.4));
#1179 = LINE('',#1180,#1181);
#1180 = CARTESIAN_POINT('',(89.6,102.4,8.4));
#1181 = VECTOR('',#1182,1.);
#1182 = DIRECTION('',(0.,-0.718602141767,0.695421427516));
#1183 = ORIENTED_EDGE('',*,*,#1162,.T.);
#1184 = ORIENTED_EDGE('',*,*,#273,.F.);
#1185 = ORIENTED_EDGE('',*,*,#1186,.F.);
#1186 = EDGE_CURVE('',#1187,#266,#1189,.T.);
#1187 = VERTEX_POINT('',#1188);
#1188 = CARTESIAN_POINT('',(119.3,90.,20.4));
#1189 = LINE('',#1190,#1191);
#1190 = CARTESIAN_POINT('',(89.6,90.,20.4));
#1191 = VECTOR('',#1192,1.);
#1192 = DIRECTION('',(1.,0.,0.));
#1193 = ORIENTED_EDGE('',*,*,#1194,.F.);
#1194 = EDGE_CURVE('',#1195,#1187,#1197,.T.);
#1195 = VERTEX_POINT('',#1196);
#1196 = CARTESIAN_POINT('',(119.3,96.3,14.303225806452));
#1197 = LINE('',#1198,#1199);
#1198 = CARTESIAN_POINT('',(119.3,99.920499731327,10.799516389038));
#1199 = VECTOR('',#1200,1.);
#1200 = DIRECTION('',(0.,-0.718602141767,0.695421427516));
#1201 = ORIENTED_EDGE('',*,*,#1202,.F.);
#1202 = EDGE_CURVE('',#1203,#1195,#1205,.T.);
#1203 = VERTEX_POINT('',#1204);
#1204 = CARTESIAN_POINT('',(110.7,96.3,14.303225806452));
#1205 = LINE('',#1206,#1207);
#1206 = CARTESIAN_POINT('',(100.15,96.3,14.303225806452));
#1207 = VECTOR('',#1208,1.);
#1208 = DIRECTION('',(1.,0.,0.));
#1209 = ORIENTED_EDGE('',*,*,#1210,.T.);
#1210 = EDGE_CURVE('',#1203,#1211,#1213,.T.);
#1211 = VERTEX_POINT('',#1212);
#1212 = CARTESIAN_POINT('',(110.7,90.,20.4));
#1213 = LINE('',#1214,#1215);
#1214 = CARTESIAN_POINT('',(110.7,99.920499731327,10.799516389038));
#1215 = VECTOR('',#1216,1.);
#1216 = DIRECTION('',(0.,-0.718602141767,0.695421427516));
#1217 = ORIENTED_EDGE('',*,*,#1218,.F.);
#1218 = EDGE_CURVE('',#1177,#1211,#1219,.T.);
#1219 = LINE('',#1220,#1221);
#1220 = CARTESIAN_POINT('',(89.6,90.,20.4));
#1221 = VECTOR('',#1222,1.);
#1222 = DIRECTION('',(1.,0.,0.));
#1223 = PLANE('',#1224);
#1224 = AXIS2_PLACEMENT_3D('',#1225,#1226,#1227);
#1225 = CARTESIAN_POINT('',(89.6,102.4,8.4));
#1226 = DIRECTION('',(0.,-0.695421427516,-0.718602141767));
#1227 = DIRECTION('',(0.,-0.718602141767,0.695421427516));
#1228 = ADVANCED_FACE('',(#1229),#1270,.T.);
#1229 = FACE_BOUND('',#1230,.T.);
#1230 = EDGE_LOOP('',(#1231,#1239,#1240,#1248,#1256,#1262,#1263,#1264));
#1231 = ORIENTED_EDGE('',*,*,#1232,.F.);
#1232 = EDGE_CURVE('',#1177,#1233,#1235,.T.);
#1233 = VERTEX_POINT('',#1234);
#1234 = CARTESIAN_POINT('',(89.6,77.6,8.4));
#1235 = LINE('',#1236,#1237);
#1236 = CARTESIAN_POINT('',(89.6,90.,20.4));
#1237 = VECTOR('',#1238,1.);
#1238 = DIRECTION('',(0.,-0.718602141767,-0.695421427516));
#1239 = ORIENTED_EDGE('',*,*,#1218,.T.);
#1240 = ORIENTED_EDGE('',*,*,#1241,.T.);
#1241 = EDGE_CURVE('',#1211,#1242,#1244,.T.);
#1242 = VERTEX_POINT('',#1243);
#1243 = CARTESIAN_POINT('',(110.7,83.7,14.303225806452));
#1244 = LINE('',#1245,#1246);
#1245 = CARTESIAN_POINT('',(110.7,83.026249328318,13.651209027405));
#1246 = VECTOR('',#1247,1.);
#1247 = DIRECTION('',(0.,-0.718602141767,-0.695421427516));
#1248 = ORIENTED_EDGE('',*,*,#1249,.T.);
#1249 = EDGE_CURVE('',#1242,#1250,#1252,.T.);
#1250 = VERTEX_POINT('',#1251);
#1251 = CARTESIAN_POINT('',(119.3,83.7,14.303225806452));
#1252 = LINE('',#1253,#1254);
#1253 = CARTESIAN_POINT('',(100.15,83.7,14.303225806452));
#1254 = VECTOR('',#1255,1.);
#1255 = DIRECTION('',(1.,0.,0.));
#1256 = ORIENTED_EDGE('',*,*,#1257,.F.);
#1257 = EDGE_CURVE('',#1187,#1250,#1258,.T.);
#1258 = LINE('',#1259,#1260);
#1259 = CARTESIAN_POINT('',(119.3,83.026249328318,13.651209027405));
#1260 = VECTOR('',#1261,1.);
#1261 = DIRECTION('',(0.,-0.718602141767,-0.695421427516));
#1262 = ORIENTED_EDGE('',*,*,#1186,.T.);
#1263 = ORIENTED_EDGE('',*,*,#265,.F.);
#1264 = ORIENTED_EDGE('',*,*,#1265,.F.);
#1265 = EDGE_CURVE('',#1233,#258,#1266,.T.);
#1266 = LINE('',#1267,#1268);
#1267 = CARTESIAN_POINT('',(89.6,77.6,8.4));
#1268 = VECTOR('',#1269,1.);
#1269 = DIRECTION('',(1.,0.,0.));
#1270 = PLANE('',#1271);
#1271 = AXIS2_PLACEMENT_3D('',#1272,#1273,#1274);
#1272 = CARTESIAN_POINT('',(89.6,90.,20.4));
#1273 = DIRECTION('',(0.,0.695421427516,-0.718602141767));
#1274 = DIRECTION('',(0.,-0.718602141767,-0.695421427516));
#1275 = ADVANCED_FACE('',(#1276),#1294,.T.);
#1276 = FACE_BOUND('',#1277,.T.);
#1277 = EDGE_LOOP('',(#1278,#1286,#1287,#1288));
#1278 = ORIENTED_EDGE('',*,*,#1279,.F.);
#1279 = EDGE_CURVE('',#1233,#1280,#1282,.T.);
#1280 = VERTEX_POINT('',#1281);
#1281 = CARTESIAN_POINT('',(89.6,77.6,3.6));
#1282 = LINE('',#1283,#1284);
#1283 = CARTESIAN_POINT('',(89.6,77.6,8.4));
#1284 = VECTOR('',#1285,1.);
#1285 = DIRECTION('',(0.,0.,-1.));
#1286 = ORIENTED_EDGE('',*,*,#1265,.T.);
#1287 = ORIENTED_EDGE('',*,*,#257,.F.);
#1288 = ORIENTED_EDGE('',*,*,#1289,.F.);
#1289 = EDGE_CURVE('',#1280,#250,#1290,.T.);
#1290 = LINE('',#1291,#1292);
#1291 = CARTESIAN_POINT('',(89.6,77.6,3.6));
#1292 = VECTOR('',#1293,1.);
#1293 = DIRECTION('',(1.,0.,0.));
#1294 = PLANE('',#1295);
#1295 = AXIS2_PLACEMENT_3D('',#1296,#1297,#1298);
#1296 = CARTESIAN_POINT('',(89.6,77.6,8.4));
#1297 = DIRECTION('',(-0.,1.,0.));
#1298 = DIRECTION('',(0.,0.,-1.));
#1299 = ADVANCED_FACE('',(#1300,#1311),#1345,.T.);
#1300 = FACE_BOUND('',#1301,.T.);
#1301 = EDGE_LOOP('',(#1302,#1308,#1309,#1310));
#1302 = ORIENTED_EDGE('',*,*,#1303,.F.);
#1303 = EDGE_CURVE('',#1280,#1146,#1304,.T.);
#1304 = LINE('',#1305,#1306);
#1305 = CARTESIAN_POINT('',(89.6,77.6,3.6));
#1306 = VECTOR('',#1307,1.);
#1307 = DIRECTION('',(0.,1.,0.));
#1308 = ORIENTED_EDGE('',*,*,#1289,.T.);
#1309 = ORIENTED_EDGE('',*,*,#249,.F.);
#1310 = ORIENTED_EDGE('',*,*,#1155,.F.);
#1311 = FACE_BOUND('',#1312,.T.);
#1312 = EDGE_LOOP('',(#1313,#1323,#1331,#1339));
#1313 = ORIENTED_EDGE('',*,*,#1314,.T.);
#1314 = EDGE_CURVE('',#1315,#1317,#1319,.T.);
#1315 = VERTEX_POINT('',#1316);
#1316 = CARTESIAN_POINT('',(119.3,83.7,3.6));
#1317 = VERTEX_POINT('',#1318);
#1318 = CARTESIAN_POINT('',(110.7,83.7,3.6));
#1319 = LINE('',#1320,#1321);
#1320 = CARTESIAN_POINT('',(100.15,83.7,3.6));
#1321 = VECTOR('',#1322,1.);
#1322 = DIRECTION('',(-1.,-0.,0.));
#1323 = ORIENTED_EDGE('',*,*,#1324,.T.);
#1324 = EDGE_CURVE('',#1317,#1325,#1327,.T.);
#1325 = VERTEX_POINT('',#1326);
#1326 = CARTESIAN_POINT('',(110.7,96.3,3.6));
#1327 = LINE('',#1328,#1329);
#1328 = CARTESIAN_POINT('',(110.7,80.65,3.6));
#1329 = VECTOR('',#1330,1.);
#1330 = DIRECTION('',(-0.,1.,0.));
#1331 = ORIENTED_EDGE('',*,*,#1332,.F.);
#1332 = EDGE_CURVE('',#1333,#1325,#1335,.T.);
#1333 = VERTEX_POINT('',#1334);
#1334 = CARTESIAN_POINT('',(119.3,96.3,3.6));
#1335 = LINE('',#1336,#1337);
#1336 = CARTESIAN_POINT('',(100.15,96.3,3.6));
#1337 = VECTOR('',#1338,1.);
#1338 = DIRECTION('',(-1.,-0.,0.));
#1339 = ORIENTED_EDGE('',*,*,#1340,.F.);
#1340 = EDGE_CURVE('',#1315,#1333,#1341,.T.);
#1341 = LINE('',#1342,#1343);
#1342 = CARTESIAN_POINT('',(119.3,80.65,3.6));
#1343 = VECTOR('',#1344,1.);
#1344 = DIRECTION('',(-0.,1.,0.));
#1345 = PLANE('',#1346);
#1346 = AXIS2_PLACEMENT_3D('',#1347,#1348,#1349);
#1347 = CARTESIAN_POINT('',(89.6,77.6,3.6));
#1348 = DIRECTION('',(0.,0.,1.));
#1349 = DIRECTION('',(0.,1.,0.));
#1350 = ADVANCED_FACE('',(#1351),#1376,.T.);
#1351 = FACE_BOUND('',#1352,.T.);
#1352 = EDGE_LOOP('',(#1353,#1363,#1369,#1370));
#1353 = ORIENTED_EDGE('',*,*,#1354,.F.);
#1354 = EDGE_CURVE('',#1355,#1357,#1359,.T.);
#1355 = VERTEX_POINT('',#1356);
#1356 = CARTESIAN_POINT('',(89.6,-77.6,3.6));
#1357 = VERTEX_POINT('',#1358);
#1358 = CARTESIAN_POINT('',(89.6,-77.6,8.4));
#1359 = LINE('',#1360,#1361);
#1360 = CARTESIAN_POINT('',(89.6,-77.6,3.6));
#1361 = VECTOR('',#1362,1.);
#1362 = DIRECTION('',(0.,0.,1.));
#1363 = ORIENTED_EDGE('',*,*,#1364,.T.);
#1364 = EDGE_CURVE('',#1355,#284,#1365,.T.);
#1365 = LINE('',#1366,#1367);
#1366 = CARTESIAN_POINT('',(89.6,-77.6,3.6));
#1367 = VECTOR('',#1368,1.);
#1368 = DIRECTION('',(1.,0.,0.));
#1369 = ORIENTED_EDGE('',*,*,#281,.F.);
#1370 = ORIENTED_EDGE('',*,*,#1371,.F.);
#1371 = EDGE_CURVE('',#1357,#282,#1372,.T.);
#1372 = LINE('',#1373,#1374);
#1373 = CARTESIAN_POINT('',(89.6,-77.6,8.4));
#1374 = VECTOR('',#1375,1.);
#1375 = DIRECTION('',(1.,0.,0.));
#1376 = PLANE('',#1377);
#1377 = AXIS2_PLACEMENT_3D('',#1378,#1379,#1380);
#1378 = CARTESIAN_POINT('',(89.6,-77.6,3.6));
#1379 = DIRECTION('',(0.,-1.,0.));
#1380 = DIRECTION('',(0.,0.,1.));
#1381 = ADVANCED_FACE('',(#1382),#1432,.T.);
#1382 = FACE_BOUND('',#1383,.T.);
#1383 = EDGE_LOOP('',(#1384,#1392,#1393,#1394,#1402,#1410,#1418,#1426));
#1384 = ORIENTED_EDGE('',*,*,#1385,.F.);
#1385 = EDGE_CURVE('',#1357,#1386,#1388,.T.);
#1386 = VERTEX_POINT('',#1387);
#1387 = CARTESIAN_POINT('',(89.6,-90.,20.4));
#1388 = LINE('',#1389,#1390);
#1389 = CARTESIAN_POINT('',(89.6,-77.6,8.4));
#1390 = VECTOR('',#1391,1.);
#1391 = DIRECTION('',(0.,-0.718602141767,0.695421427516));
#1392 = ORIENTED_EDGE('',*,*,#1371,.T.);
#1393 = ORIENTED_EDGE('',*,*,#315,.F.);
#1394 = ORIENTED_EDGE('',*,*,#1395,.F.);
#1395 = EDGE_CURVE('',#1396,#308,#1398,.T.);
#1396 = VERTEX_POINT('',#1397);
#1397 = CARTESIAN_POINT('',(119.3,-90.,20.4));
#1398 = LINE('',#1399,#1400);
#1399 = CARTESIAN_POINT('',(89.6,-90.,20.4));
#1400 = VECTOR('',#1401,1.);
#1401 = DIRECTION('',(1.,0.,0.));
#1402 = ORIENTED_EDGE('',*,*,#1403,.F.);
#1403 = EDGE_CURVE('',#1404,#1396,#1406,.T.);
#1404 = VERTEX_POINT('',#1405);
#1405 = CARTESIAN_POINT('',(119.3,-83.7,14.303225806452));
#1406 = LINE('',#1407,#1408);
#1407 = CARTESIAN_POINT('',(119.3,-80.07950026867,10.799516389038));
#1408 = VECTOR('',#1409,1.);
#1409 = DIRECTION('',(0.,-0.718602141767,0.695421427516));
#1410 = ORIENTED_EDGE('',*,*,#1411,.F.);
#1411 = EDGE_CURVE('',#1412,#1404,#1414,.T.);
#1412 = VERTEX_POINT('',#1413);
#1413 = CARTESIAN_POINT('',(110.7,-83.7,14.303225806452));
#1414 = LINE('',#1415,#1416);
#1415 = CARTESIAN_POINT('',(100.15,-83.7,14.303225806452));
#1416 = VECTOR('',#1417,1.);
#1417 = DIRECTION('',(1.,0.,0.));
#1418 = ORIENTED_EDGE('',*,*,#1419,.T.);
#1419 = EDGE_CURVE('',#1412,#1420,#1422,.T.);
#1420 = VERTEX_POINT('',#1421);
#1421 = CARTESIAN_POINT('',(110.7,-90.,20.4));
#1422 = LINE('',#1423,#1424);
#1423 = CARTESIAN_POINT('',(110.7,-80.07950026867,10.799516389038));
#1424 = VECTOR('',#1425,1.);
#1425 = DIRECTION('',(0.,-0.718602141767,0.695421427516));
#1426 = ORIENTED_EDGE('',*,*,#1427,.F.);
#1427 = EDGE_CURVE('',#1386,#1420,#1428,.T.);
#1428 = LINE('',#1429,#1430);
#1429 = CARTESIAN_POINT('',(89.6,-90.,20.4));
#1430 = VECTOR('',#1431,1.);
#1431 = DIRECTION('',(1.,0.,0.));
#1432 = PLANE('',#1433);
#1433 = AXIS2_PLACEMENT_3D('',#1434,#1435,#1436);
#1434 = CARTESIAN_POINT('',(89.6,-77.6,8.4));
#1435 = DIRECTION('',(0.,-0.695421427516,-0.718602141767));
#1436 = DIRECTION('',(0.,-0.718602141767,0.695421427516));
#1437 = ADVANCED_FACE('',(#1438,#1456),#1490,.T.);
#1438 = FACE_BOUND('',#1439,.T.);
#1439 = EDGE_LOOP('',(#1440,#1448,#1454,#1455));
#1440 = ORIENTED_EDGE('',*,*,#1441,.F.);
#1441 = EDGE_CURVE('',#1442,#1355,#1444,.T.);
#1442 = VERTEX_POINT('',#1443);
#1443 = CARTESIAN_POINT('',(89.6,-102.4,3.6));
#1444 = LINE('',#1445,#1446);
#1445 = CARTESIAN_POINT('',(89.6,-102.4,3.6));
#1446 = VECTOR('',#1447,1.);
#1447 = DIRECTION('',(0.,1.,0.));
#1448 = ORIENTED_EDGE('',*,*,#1449,.T.);
#1449 = EDGE_CURVE('',#1442,#292,#1450,.T.);
#1450 = LINE('',#1451,#1452);
#1451 = CARTESIAN_POINT('',(89.6,-102.4,3.6));
#1452 = VECTOR('',#1453,1.);
#1453 = DIRECTION('',(1.,0.,0.));
#1454 = ORIENTED_EDGE('',*,*,#291,.F.);
#1455 = ORIENTED_EDGE('',*,*,#1364,.F.);
#1456 = FACE_BOUND('',#1457,.T.);
#1457 = EDGE_LOOP('',(#1458,#1468,#1476,#1484));
#1458 = ORIENTED_EDGE('',*,*,#1459,.T.);
#1459 = EDGE_CURVE('',#1460,#1462,#1464,.T.);
#1460 = VERTEX_POINT('',#1461);
#1461 = CARTESIAN_POINT('',(119.3,-96.3,3.6));
#1462 = VERTEX_POINT('',#1463);
#1463 = CARTESIAN_POINT('',(110.7,-96.3,3.6));
#1464 = LINE('',#1465,#1466);
#1465 = CARTESIAN_POINT('',(100.15,-96.3,3.6));
#1466 = VECTOR('',#1467,1.);
#1467 = DIRECTION('',(-1.,-0.,0.));
#1468 = ORIENTED_EDGE('',*,*,#1469,.T.);
#1469 = EDGE_CURVE('',#1462,#1470,#1472,.T.);
#1470 = VERTEX_POINT('',#1471);
#1471 = CARTESIAN_POINT('',(110.7,-83.7,3.6));
#1472 = LINE('',#1473,#1474);
#1473 = CARTESIAN_POINT('',(110.7,-99.35,3.6));
#1474 = VECTOR('',#1475,1.);
#1475 = DIRECTION('',(-0.,1.,0.));
#1476 = ORIENTED_EDGE('',*,*,#1477,.F.);
#1477 = EDGE_CURVE('',#1478,#1470,#1480,.T.);
#1478 = VERTEX_POINT('',#1479);
#1479 = CARTESIAN_POINT('',(119.3,-83.7,3.6));
#1480 = LINE('',#1481,#1482);
#1481 = CARTESIAN_POINT('',(100.15,-83.7,3.6));
#1482 = VECTOR('',#1483,1.);
#1483 = DIRECTION('',(-1.,-0.,0.));
#1484 = ORIENTED_EDGE('',*,*,#1485,.F.);
#1485 = EDGE_CURVE('',#1460,#1478,#1486,.T.);
#1486 = LINE('',#1487,#1488);
#1487 = CARTESIAN_POINT('',(119.3,-99.35,3.6));
#1488 = VECTOR('',#1489,1.);
#1489 = DIRECTION('',(-0.,1.,0.));
#1490 = PLANE('',#1491);
#1491 = AXIS2_PLACEMENT_3D('',#1492,#1493,#1494);
#1492 = CARTESIAN_POINT('',(89.6,-102.4,3.6));
#1493 = DIRECTION('',(0.,0.,1.));
#1494 = DIRECTION('',(0.,1.,0.));
#1495 = ADVANCED_FACE('',(#1496),#1537,.T.);
#1496 = FACE_BOUND('',#1497,.T.);
#1497 = EDGE_LOOP('',(#1498,#1506,#1507,#1515,#1523,#1529,#1530,#1531));
#1498 = ORIENTED_EDGE('',*,*,#1499,.F.);
#1499 = EDGE_CURVE('',#1386,#1500,#1502,.T.);
#1500 = VERTEX_POINT('',#1501);
#1501 = CARTESIAN_POINT('',(89.6,-102.4,8.4));
#1502 = LINE('',#1503,#1504);
#1503 = CARTESIAN_POINT('',(89.6,-90.,20.4));
#1504 = VECTOR('',#1505,1.);
#1505 = DIRECTION('',(0.,-0.718602141767,-0.695421427516));
#1506 = ORIENTED_EDGE('',*,*,#1427,.T.);
#1507 = ORIENTED_EDGE('',*,*,#1508,.T.);
#1508 = EDGE_CURVE('',#1420,#1509,#1511,.T.);
#1509 = VERTEX_POINT('',#1510);
#1510 = CARTESIAN_POINT('',(110.7,-96.3,14.303225806452));
#1511 = LINE('',#1512,#1513);
#1512 = CARTESIAN_POINT('',(110.7,-96.97375067168,13.651209027405));
#1513 = VECTOR('',#1514,1.);
#1514 = DIRECTION('',(0.,-0.718602141767,-0.695421427516));
#1515 = ORIENTED_EDGE('',*,*,#1516,.T.);
#1516 = EDGE_CURVE('',#1509,#1517,#1519,.T.);
#1517 = VERTEX_POINT('',#1518);
#1518 = CARTESIAN_POINT('',(119.3,-96.3,14.303225806452));
#1519 = LINE('',#1520,#1521);
#1520 = CARTESIAN_POINT('',(100.15,-96.3,14.303225806452));
#1521 = VECTOR('',#1522,1.);
#1522 = DIRECTION('',(1.,0.,0.));
#1523 = ORIENTED_EDGE('',*,*,#1524,.F.);
#1524 = EDGE_CURVE('',#1396,#1517,#1525,.T.);
#1525 = LINE('',#1526,#1527);
#1526 = CARTESIAN_POINT('',(119.3,-96.97375067168,13.651209027405));
#1527 = VECTOR('',#1528,1.);
#1528 = DIRECTION('',(0.,-0.718602141767,-0.695421427516));
#1529 = ORIENTED_EDGE('',*,*,#1395,.T.);
#1530 = ORIENTED_EDGE('',*,*,#307,.F.);
#1531 = ORIENTED_EDGE('',*,*,#1532,.F.);
#1532 = EDGE_CURVE('',#1500,#300,#1533,.T.);
#1533 = LINE('',#1534,#1535);
#1534 = CARTESIAN_POINT('',(89.6,-102.4,8.4));
#1535 = VECTOR('',#1536,1.);
#1536 = DIRECTION('',(1.,0.,0.));
#1537 = PLANE('',#1538);
#1538 = AXIS2_PLACEMENT_3D('',#1539,#1540,#1541);
#1539 = CARTESIAN_POINT('',(89.6,-90.,20.4));
#1540 = DIRECTION('',(0.,0.695421427516,-0.718602141767));
#1541 = DIRECTION('',(0.,-0.718602141767,-0.695421427516));
#1542 = ADVANCED_FACE('',(#1543),#1554,.T.);
#1543 = FACE_BOUND('',#1544,.T.);
#1544 = EDGE_LOOP('',(#1545,#1551,#1552,#1553));
#1545 = ORIENTED_EDGE('',*,*,#1546,.F.);
#1546 = EDGE_CURVE('',#1500,#1442,#1547,.T.);
#1547 = LINE('',#1548,#1549);
#1548 = CARTESIAN_POINT('',(89.6,-102.4,8.4));
#1549 = VECTOR('',#1550,1.);
#1550 = DIRECTION('',(0.,0.,-1.));
#1551 = ORIENTED_EDGE('',*,*,#1532,.T.);
#1552 = ORIENTED_EDGE('',*,*,#299,.F.);
#1553 = ORIENTED_EDGE('',*,*,#1449,.F.);
#1554 = PLANE('',#1555);
#1555 = AXIS2_PLACEMENT_3D('',#1556,#1557,#1558);
#1556 = CARTESIAN_POINT('',(89.6,-102.4,8.4));
#1557 = DIRECTION('',(-0.,1.,0.));
#1558 = DIRECTION('',(0.,0.,-1.));
#1559 = ADVANCED_FACE('',(#1560),#1579,.T.);
#1560 = FACE_BOUND('',#1561,.T.);
#1561 = EDGE_LOOP('',(#1562,#1563,#1572,#1578));
#1562 = ORIENTED_EDGE('',*,*,#442,.F.);
#1563 = ORIENTED_EDGE('',*,*,#1564,.F.);
#1564 = EDGE_CURVE('',#1565,#435,#1567,.T.);
#1565 = VERTEX_POINT('',#1566);
#1566 = CARTESIAN_POINT('',(11.106885695833,-54.6786755158,14.));
#1567 = CIRCLE('',#1568,14.5);
#1568 = AXIS2_PLACEMENT_3D('',#1569,#1570,#1571);
#1569 = CARTESIAN_POINT('',(0.,-64.,14.));
#1570 = DIRECTION('',(0.,0.,1.));
#1571 = DIRECTION('',(1.,0.,-0.));
#1572 = ORIENTED_EDGE('',*,*,#1573,.T.);
#1573 = EDGE_CURVE('',#1565,#395,#1574,.T.);
#1574 = LINE('',#1575,#1576);
#1575 = CARTESIAN_POINT('',(2.830576295061,-66.05860094186,14.));
#1576 = VECTOR('',#1577,1.);
#1577 = DIRECTION('',(0.588171697675,0.808736084303,0.));
#1578 = ORIENTED_EDGE('',*,*,#402,.T.);
#1579 = PLANE('',#1580);
#1580 = AXIS2_PLACEMENT_3D('',#1581,#1582,#1583);
#1581 = CARTESIAN_POINT('',(2.830576295061,-66.05860094186,14.));
#1582 = DIRECTION('',(0.,0.,1.));
#1583 = DIRECTION('',(0.588171697675,0.808736084303,0.));
#1584 = ADVANCED_FACE('',(#1585),#1628,.F.);
#1585 = FACE_BOUND('',#1586,.F.);
#1586 = EDGE_LOOP('',(#1587,#1597,#1603,#1604,#1605,#1606,#1614,#1622));
#1587 = ORIENTED_EDGE('',*,*,#1588,.F.);
#1588 = EDGE_CURVE('',#1589,#1591,#1593,.T.);
#1589 = VERTEX_POINT('',#1590);
#1590 = CARTESIAN_POINT('',(11.106885695832,-54.6786755158,4.));
#1591 = VERTEX_POINT('',#1592);
#1592 = CARTESIAN_POINT('',(26.267207360035,-33.83323322752,4.));
#1593 = LINE('',#1594,#1595);
#1594 = CARTESIAN_POINT('',(2.830576295061,-66.05860094186,4.));
#1595 = VECTOR('',#1596,1.);
#1596 = DIRECTION('',(0.588171697675,0.808736084303,0.));
#1597 = ORIENTED_EDGE('',*,*,#1598,.T.);
#1598 = EDGE_CURVE('',#1589,#1565,#1599,.T.);
#1599 = LINE('',#1600,#1601);
#1600 = CARTESIAN_POINT('',(11.106885695833,-54.6786755158,4.));
#1601 = VECTOR('',#1602,1.);
#1602 = DIRECTION('',(0.,0.,1.));
#1603 = ORIENTED_EDGE('',*,*,#1573,.T.);
#1604 = ORIENTED_EDGE('',*,*,#394,.T.);
#1605 = ORIENTED_EDGE('',*,*,#1096,.F.);
#1606 = ORIENTED_EDGE('',*,*,#1607,.T.);
#1607 = EDGE_CURVE('',#1097,#1608,#1610,.T.);
#1608 = VERTEX_POINT('',#1609);
#1609 = CARTESIAN_POINT('',(46.895393418341,-5.469477397353,10.));
#1610 = LINE('',#1611,#1612);
#1611 = CARTESIAN_POINT('',(46.895393418341,-5.469477397353,4.));
#1612 = VECTOR('',#1613,1.);
#1613 = DIRECTION('',(0.,0.,1.));
#1614 = ORIENTED_EDGE('',*,*,#1615,.T.);
#1615 = EDGE_CURVE('',#1608,#1616,#1618,.T.);
#1616 = VERTEX_POINT('',#1617);
#1617 = CARTESIAN_POINT('',(26.267207360035,-33.83323322752,10.));
#1618 = LINE('',#1619,#1620);
#1619 = CARTESIAN_POINT('',(2.830576295061,-66.05860094186,10.));
#1620 = VECTOR('',#1621,1.);
#1621 = DIRECTION('',(-0.588171697675,-0.808736084303,0.));
#1622 = ORIENTED_EDGE('',*,*,#1623,.F.);
#1623 = EDGE_CURVE('',#1591,#1616,#1624,.T.);
#1624 = LINE('',#1625,#1626);
#1625 = CARTESIAN_POINT('',(26.267207360035,-33.83323322752,3.5));
#1626 = VECTOR('',#1627,1.);
#1627 = DIRECTION('',(0.,0.,1.));
#1628 = PLANE('',#1629);
#1629 = AXIS2_PLACEMENT_3D('',#1630,#1631,#1632);
#1630 = CARTESIAN_POINT('',(2.830576295061,-66.05860094186,4.));
#1631 = DIRECTION('',(-0.808736084303,0.588171697675,0.));
#1632 = DIRECTION('',(0.,0.,1.));
#1633 = ADVANCED_FACE('',(#1634),#1652,.T.);
#1634 = FACE_BOUND('',#1635,.T.);
#1635 = EDGE_LOOP('',(#1636,#1643,#1644,#1651));
#1636 = ORIENTED_EDGE('',*,*,#1637,.F.);
#1637 = EDGE_CURVE('',#425,#506,#1638,.T.);
#1638 = CIRCLE('',#1639,14.5);
#1639 = AXIS2_PLACEMENT_3D('',#1640,#1641,#1642);
#1640 = CARTESIAN_POINT('',(0.,-64.,4.));
#1641 = DIRECTION('',(0.,0.,1.));
#1642 = DIRECTION('',(1.,0.,-0.));
#1643 = ORIENTED_EDGE('',*,*,#424,.T.);
#1644 = ORIENTED_EDGE('',*,*,#1645,.T.);
#1645 = EDGE_CURVE('',#427,#508,#1646,.T.);
#1646 = CIRCLE('',#1647,40.);
#1647 = AXIS2_PLACEMENT_3D('',#1648,#1649,#1650);
#1648 = CARTESIAN_POINT('',(0.,-64.,4.));
#1649 = DIRECTION('',(0.,0.,1.));
#1650 = DIRECTION('',(1.,0.,-0.));
#1651 = ORIENTED_EDGE('',*,*,#505,.F.);
#1652 = PLANE('',#1653);
#1653 = AXIS2_PLACEMENT_3D('',#1654,#1655,#1656);
#1654 = CARTESIAN_POINT('',(-140.,-147.5,4.));
#1655 = DIRECTION('',(0.,0.,1.));
#1656 = DIRECTION('',(1.,0.,-0.));
#1657 = ADVANCED_FACE('',(#1658),#1670,.F.);
#1658 = FACE_BOUND('',#1659,.F.);
#1659 = EDGE_LOOP('',(#1660,#1667,#1668,#1669));
#1660 = ORIENTED_EDGE('',*,*,#1661,.F.);
#1661 = EDGE_CURVE('',#459,#533,#1662,.T.);
#1662 = CIRCLE('',#1663,40.);
#1663 = AXIS2_PLACEMENT_3D('',#1664,#1665,#1666);
#1664 = CARTESIAN_POINT('',(0.,-64.,10.));
#1665 = DIRECTION('',(0.,0.,1.));
#1666 = DIRECTION('',(1.,0.,-0.));
#1667 = ORIENTED_EDGE('',*,*,#466,.F.);
#1668 = ORIENTED_EDGE('',*,*,#1645,.T.);
#1669 = ORIENTED_EDGE('',*,*,#540,.T.);
#1670 = CYLINDRICAL_SURFACE('',#1671,40.);
#1671 = AXIS2_PLACEMENT_3D('',#1672,#1673,#1674);
#1672 = CARTESIAN_POINT('',(0.,-64.,3.5));
#1673 = DIRECTION('',(0.,0.,1.));
#1674 = DIRECTION('',(1.,0.,-0.));
#1675 = ADVANCED_FACE('',(#1676),#1682,.T.);
#1676 = FACE_BOUND('',#1677,.T.);
#1677 = EDGE_LOOP('',(#1678,#1679,#1680,#1681));
#1678 = ORIENTED_EDGE('',*,*,#458,.F.);
#1679 = ORIENTED_EDGE('',*,*,#480,.T.);
#1680 = ORIENTED_EDGE('',*,*,#532,.T.);
#1681 = ORIENTED_EDGE('',*,*,#1661,.F.);
#1682 = PLANE('',#1683);
#1683 = AXIS2_PLACEMENT_3D('',#1684,#1685,#1686);
#1684 = CARTESIAN_POINT('',(0.,-64.,10.));
#1685 = DIRECTION('',(0.,0.,1.));
#1686 = DIRECTION('',(1.,0.,-0.));
#1687 = ADVANCED_FACE('',(#1688),#1862,.T.);
#1688 = FACE_BOUND('',#1689,.T.);
#1689 = EDGE_LOOP('',(#1690,#1698,#1707,#1715,#1724,#1732,#1739,#1740,
    #1749,#1757,#1764,#1765,#1766,#1767,#1768,#1769,#1770,#1778,#1787,
    #1795,#1804,#1812,#1821,#1829,#1838,#1846,#1855,#1861));
#1690 = ORIENTED_EDGE('',*,*,#1691,.F.);
#1691 = EDGE_CURVE('',#1692,#814,#1694,.T.);
#1692 = VERTEX_POINT('',#1693);
#1693 = CARTESIAN_POINT('',(3.5,-78.07124727947,4.));
#1694 = LINE('',#1695,#1696);
#1695 = CARTESIAN_POINT('',(3.5,-78.07124727947,4.));
#1696 = VECTOR('',#1697,1.);
#1697 = DIRECTION('',(0.,0.,1.));
#1698 = ORIENTED_EDGE('',*,*,#1699,.T.);
#1699 = EDGE_CURVE('',#1692,#1700,#1702,.T.);
#1700 = VERTEX_POINT('',#1701);
#1701 = CARTESIAN_POINT('',(12.915308603666,-70.59126722808,4.));
#1702 = CIRCLE('',#1703,14.5);
#1703 = AXIS2_PLACEMENT_3D('',#1704,#1705,#1706);
#1704 = CARTESIAN_POINT('',(0.,-64.,4.));
#1705 = DIRECTION('',(0.,0.,1.));
#1706 = DIRECTION('',(1.,0.,-0.));
#1707 = ORIENTED_EDGE('',*,*,#1708,.T.);
#1708 = EDGE_CURVE('',#1700,#1709,#1711,.T.);
#1709 = VERTEX_POINT('',#1710);
#1710 = CARTESIAN_POINT('',(12.915308603666,-70.59126722808,14.));
#1711 = LINE('',#1712,#1713);
#1712 = CARTESIAN_POINT('',(12.915308603666,-70.59126722808,4.));
#1713 = VECTOR('',#1714,1.);
#1714 = DIRECTION('',(0.,0.,1.));
#1715 = ORIENTED_EDGE('',*,*,#1716,.T.);
#1716 = EDGE_CURVE('',#1709,#1717,#1719,.T.);
#1717 = VERTEX_POINT('',#1718);
#1718 = CARTESIAN_POINT('',(14.5,-64.,14.));
#1719 = CIRCLE('',#1720,14.5);
#1720 = AXIS2_PLACEMENT_3D('',#1721,#1722,#1723);
#1721 = CARTESIAN_POINT('',(0.,-64.,14.));
#1722 = DIRECTION('',(0.,0.,1.));
#1723 = DIRECTION('',(1.,0.,-0.));
#1724 = ORIENTED_EDGE('',*,*,#1725,.T.);
#1725 = EDGE_CURVE('',#1717,#1726,#1728,.T.);
#1726 = VERTEX_POINT('',#1727);
#1727 = CARTESIAN_POINT('',(14.5,-64.,19.));
#1728 = LINE('',#1729,#1730);
#1729 = CARTESIAN_POINT('',(14.5,-64.,4.));
#1730 = VECTOR('',#1731,1.);
#1731 = DIRECTION('',(0.,0.,1.));
#1732 = ORIENTED_EDGE('',*,*,#1733,.F.);
#1733 = EDGE_CURVE('',#1726,#1726,#1734,.T.);
#1734 = CIRCLE('',#1735,14.5);
#1735 = AXIS2_PLACEMENT_3D('',#1736,#1737,#1738);
#1736 = CARTESIAN_POINT('',(0.,-64.,19.));
#1737 = DIRECTION('',(0.,0.,1.));
#1738 = DIRECTION('',(1.,0.,-0.));
#1739 = ORIENTED_EDGE('',*,*,#1725,.F.);
#1740 = ORIENTED_EDGE('',*,*,#1741,.T.);
#1741 = EDGE_CURVE('',#1717,#1742,#1744,.T.);
#1742 = VERTEX_POINT('',#1743);
#1743 = CARTESIAN_POINT('',(14.498216554062,-63.77258682638,14.));
#1744 = CIRCLE('',#1745,14.5);
#1745 = AXIS2_PLACEMENT_3D('',#1746,#1747,#1748);
#1746 = CARTESIAN_POINT('',(0.,-64.,14.));
#1747 = DIRECTION('',(0.,0.,1.));
#1748 = DIRECTION('',(1.,0.,-0.));
#1749 = ORIENTED_EDGE('',*,*,#1750,.F.);
#1750 = EDGE_CURVE('',#1751,#1742,#1753,.T.);
#1751 = VERTEX_POINT('',#1752);
#1752 = CARTESIAN_POINT('',(14.498216554062,-63.77258682638,4.));
#1753 = LINE('',#1754,#1755);
#1754 = CARTESIAN_POINT('',(14.498216554062,-63.77258682638,4.));
#1755 = VECTOR('',#1756,1.);
#1756 = DIRECTION('',(0.,0.,1.));
#1757 = ORIENTED_EDGE('',*,*,#1758,.T.);
#1758 = EDGE_CURVE('',#1751,#1589,#1759,.T.);
#1759 = CIRCLE('',#1760,14.5);
#1760 = AXIS2_PLACEMENT_3D('',#1761,#1762,#1763);
#1761 = CARTESIAN_POINT('',(0.,-64.,4.));
#1762 = DIRECTION('',(0.,0.,1.));
#1763 = DIRECTION('',(1.,0.,-0.));
#1764 = ORIENTED_EDGE('',*,*,#1598,.T.);
#1765 = ORIENTED_EDGE('',*,*,#1564,.T.);
#1766 = ORIENTED_EDGE('',*,*,#434,.F.);
#1767 = ORIENTED_EDGE('',*,*,#1637,.T.);
#1768 = ORIENTED_EDGE('',*,*,#515,.T.);
#1769 = ORIENTED_EDGE('',*,*,#580,.T.);
#1770 = ORIENTED_EDGE('',*,*,#1771,.F.);
#1771 = EDGE_CURVE('',#1772,#573,#1774,.T.);
#1772 = VERTEX_POINT('',#1773);
#1773 = CARTESIAN_POINT('',(-3.5,-49.92875272053,4.));
#1774 = LINE('',#1775,#1776);
#1775 = CARTESIAN_POINT('',(-3.5,-49.92875272053,4.));
#1776 = VECTOR('',#1777,1.);
#1777 = DIRECTION('',(0.,0.,1.));
#1778 = ORIENTED_EDGE('',*,*,#1779,.T.);
#1779 = EDGE_CURVE('',#1772,#1780,#1782,.T.);
#1780 = VERTEX_POINT('',#1781);
#1781 = CARTESIAN_POINT('',(-5.44573310571,-50.56147363207,4.));
#1782 = CIRCLE('',#1783,14.5);
#1783 = AXIS2_PLACEMENT_3D('',#1784,#1785,#1786);
#1784 = CARTESIAN_POINT('',(0.,-64.,4.));
#1785 = DIRECTION('',(0.,0.,1.));
#1786 = DIRECTION('',(1.,0.,-0.));
#1787 = ORIENTED_EDGE('',*,*,#1788,.T.);
#1788 = EDGE_CURVE('',#1780,#1789,#1791,.T.);
#1789 = VERTEX_POINT('',#1790);
#1790 = CARTESIAN_POINT('',(-5.44573310571,-50.56147363207,14.));
#1791 = LINE('',#1792,#1793);
#1792 = CARTESIAN_POINT('',(-5.44573310571,-50.56147363207,4.));
#1793 = VECTOR('',#1794,1.);
#1794 = DIRECTION('',(0.,0.,1.));
#1795 = ORIENTED_EDGE('',*,*,#1796,.T.);
#1796 = EDGE_CURVE('',#1789,#1797,#1799,.T.);
#1797 = VERTEX_POINT('',#1798);
#1798 = CARTESIAN_POINT('',(-11.10688569583,-54.6786755158,14.));
#1799 = CIRCLE('',#1800,14.5);
#1800 = AXIS2_PLACEMENT_3D('',#1801,#1802,#1803);
#1801 = CARTESIAN_POINT('',(0.,-64.,14.));
#1802 = DIRECTION('',(0.,0.,1.));
#1803 = DIRECTION('',(1.,0.,-0.));
#1804 = ORIENTED_EDGE('',*,*,#1805,.F.);
#1805 = EDGE_CURVE('',#1806,#1797,#1808,.T.);
#1806 = VERTEX_POINT('',#1807);
#1807 = CARTESIAN_POINT('',(-11.10688569583,-54.6786755158,4.));
#1808 = LINE('',#1809,#1810);
#1809 = CARTESIAN_POINT('',(-11.10688569583,-54.6786755158,4.));
#1810 = VECTOR('',#1811,1.);
#1811 = DIRECTION('',(0.,0.,1.));
#1812 = ORIENTED_EDGE('',*,*,#1813,.T.);
#1813 = EDGE_CURVE('',#1806,#1814,#1816,.T.);
#1814 = VERTEX_POINT('',#1815);
#1815 = CARTESIAN_POINT('',(-14.49821655406,-63.77258682638,4.));
#1816 = CIRCLE('',#1817,14.5);
#1817 = AXIS2_PLACEMENT_3D('',#1818,#1819,#1820);
#1818 = CARTESIAN_POINT('',(0.,-64.,4.));
#1819 = DIRECTION('',(0.,0.,1.));
#1820 = DIRECTION('',(1.,0.,-0.));
#1821 = ORIENTED_EDGE('',*,*,#1822,.T.);
#1822 = EDGE_CURVE('',#1814,#1823,#1825,.T.);
#1823 = VERTEX_POINT('',#1824);
#1824 = CARTESIAN_POINT('',(-14.49821655406,-63.77258682638,14.));
#1825 = LINE('',#1826,#1827);
#1826 = CARTESIAN_POINT('',(-14.49821655406,-63.77258682638,4.));
#1827 = VECTOR('',#1828,1.);
#1828 = DIRECTION('',(0.,0.,1.));
#1829 = ORIENTED_EDGE('',*,*,#1830,.T.);
#1830 = EDGE_CURVE('',#1823,#1831,#1833,.T.);
#1831 = VERTEX_POINT('',#1832);
#1832 = CARTESIAN_POINT('',(-12.91530860366,-70.59126722808,14.));
#1833 = CIRCLE('',#1834,14.5);
#1834 = AXIS2_PLACEMENT_3D('',#1835,#1836,#1837);
#1835 = CARTESIAN_POINT('',(0.,-64.,14.));
#1836 = DIRECTION('',(0.,0.,1.));
#1837 = DIRECTION('',(1.,0.,-0.));
#1838 = ORIENTED_EDGE('',*,*,#1839,.F.);
#1839 = EDGE_CURVE('',#1840,#1831,#1842,.T.);
#1840 = VERTEX_POINT('',#1841);
#1841 = CARTESIAN_POINT('',(-12.91530860366,-70.59126722808,4.));
#1842 = LINE('',#1843,#1844);
#1843 = CARTESIAN_POINT('',(-12.91530860366,-70.59126722808,4.));
#1844 = VECTOR('',#1845,1.);
#1845 = DIRECTION('',(0.,0.,1.));
#1846 = ORIENTED_EDGE('',*,*,#1847,.T.);
#1847 = EDGE_CURVE('',#1840,#1848,#1850,.T.);
#1848 = VERTEX_POINT('',#1849);
#1849 = CARTESIAN_POINT('',(-3.5,-78.07124727947,4.));
#1850 = CIRCLE('',#1851,14.5);
#1851 = AXIS2_PLACEMENT_3D('',#1852,#1853,#1854);
#1852 = CARTESIAN_POINT('',(0.,-64.,4.));
#1853 = DIRECTION('',(0.,0.,1.));
#1854 = DIRECTION('',(1.,0.,-0.));
#1855 = ORIENTED_EDGE('',*,*,#1856,.T.);
#1856 = EDGE_CURVE('',#1848,#822,#1857,.T.);
#1857 = LINE('',#1858,#1859);
#1858 = CARTESIAN_POINT('',(-3.5,-78.07124727947,4.));
#1859 = VECTOR('',#1860,1.);
#1860 = DIRECTION('',(0.,0.,1.));
#1861 = ORIENTED_EDGE('',*,*,#821,.T.);
#1862 = CYLINDRICAL_SURFACE('',#1863,14.5);
#1863 = AXIS2_PLACEMENT_3D('',#1864,#1865,#1866);
#1864 = CARTESIAN_POINT('',(0.,-64.,4.));
#1865 = DIRECTION('',(0.,0.,1.));
#1866 = DIRECTION('',(1.,0.,-0.));
#1867 = ADVANCED_FACE('',(#1868,#1961,#2003),#2045,.T.);
#1868 = FACE_BOUND('',#1869,.T.);
#1869 = EDGE_LOOP('',(#1870,#1871,#1872,#1880,#1888,#1896,#1904,#1912,
    #1920,#1928,#1936,#1944,#1952,#1958,#1959,#1960));
#1870 = ORIENTED_EDGE('',*,*,#621,.T.);
#1871 = ORIENTED_EDGE('',*,*,#795,.T.);
#1872 = ORIENTED_EDGE('',*,*,#1873,.F.);
#1873 = EDGE_CURVE('',#1874,#796,#1876,.T.);
#1874 = VERTEX_POINT('',#1875);
#1875 = CARTESIAN_POINT('',(-140.,-139.5,4.));
#1876 = LINE('',#1877,#1878);
#1877 = CARTESIAN_POINT('',(-140.,-139.5,4.));
#1878 = VECTOR('',#1879,1.);
#1879 = DIRECTION('',(0.,0.,1.));
#1880 = ORIENTED_EDGE('',*,*,#1881,.T.);
#1881 = EDGE_CURVE('',#1874,#1882,#1884,.T.);
#1882 = VERTEX_POINT('',#1883);
#1883 = CARTESIAN_POINT('',(-140.,-115.,4.));
#1884 = LINE('',#1885,#1886);
#1885 = CARTESIAN_POINT('',(-140.,-147.5,4.));
#1886 = VECTOR('',#1887,1.);
#1887 = DIRECTION('',(-0.,1.,0.));
#1888 = ORIENTED_EDGE('',*,*,#1889,.T.);
#1889 = EDGE_CURVE('',#1882,#1890,#1892,.T.);
#1890 = VERTEX_POINT('',#1891);
#1891 = CARTESIAN_POINT('',(-140.,-115.,24.));
#1892 = LINE('',#1893,#1894);
#1893 = CARTESIAN_POINT('',(-140.,-115.,4.));
#1894 = VECTOR('',#1895,1.);
#1895 = DIRECTION('',(0.,0.,1.));
#1896 = ORIENTED_EDGE('',*,*,#1897,.T.);
#1897 = EDGE_CURVE('',#1890,#1898,#1900,.T.);
#1898 = VERTEX_POINT('',#1899);
#1899 = CARTESIAN_POINT('',(-140.,-65.,24.));
#1900 = LINE('',#1901,#1902);
#1901 = CARTESIAN_POINT('',(-140.,-115.,24.));
#1902 = VECTOR('',#1903,1.);
#1903 = DIRECTION('',(-0.,1.,0.));
#1904 = ORIENTED_EDGE('',*,*,#1905,.F.);
#1905 = EDGE_CURVE('',#1906,#1898,#1908,.T.);
#1906 = VERTEX_POINT('',#1907);
#1907 = CARTESIAN_POINT('',(-140.,-65.,4.));
#1908 = LINE('',#1909,#1910);
#1909 = CARTESIAN_POINT('',(-140.,-65.,4.));
#1910 = VECTOR('',#1911,1.);
#1911 = DIRECTION('',(0.,0.,1.));
#1912 = ORIENTED_EDGE('',*,*,#1913,.T.);
#1913 = EDGE_CURVE('',#1906,#1914,#1916,.T.);
#1914 = VERTEX_POINT('',#1915);
#1915 = CARTESIAN_POINT('',(-140.,65.,4.));
#1916 = LINE('',#1917,#1918);
#1917 = CARTESIAN_POINT('',(-140.,-147.5,4.));
#1918 = VECTOR('',#1919,1.);
#1919 = DIRECTION('',(-0.,1.,0.));
#1920 = ORIENTED_EDGE('',*,*,#1921,.T.);
#1921 = EDGE_CURVE('',#1914,#1922,#1924,.T.);
#1922 = VERTEX_POINT('',#1923);
#1923 = CARTESIAN_POINT('',(-140.,65.,24.));
#1924 = LINE('',#1925,#1926);
#1925 = CARTESIAN_POINT('',(-140.,65.,4.));
#1926 = VECTOR('',#1927,1.);
#1927 = DIRECTION('',(0.,0.,1.));
#1928 = ORIENTED_EDGE('',*,*,#1929,.T.);
#1929 = EDGE_CURVE('',#1922,#1930,#1932,.T.);
#1930 = VERTEX_POINT('',#1931);
#1931 = CARTESIAN_POINT('',(-140.,115.,24.));
#1932 = LINE('',#1933,#1934);
#1933 = CARTESIAN_POINT('',(-140.,65.,24.));
#1934 = VECTOR('',#1935,1.);
#1935 = DIRECTION('',(-0.,1.,0.));
#1936 = ORIENTED_EDGE('',*,*,#1937,.F.);
#1937 = EDGE_CURVE('',#1938,#1930,#1940,.T.);
#1938 = VERTEX_POINT('',#1939);
#1939 = CARTESIAN_POINT('',(-140.,115.,4.));
#1940 = LINE('',#1941,#1942);
#1941 = CARTESIAN_POINT('',(-140.,115.,4.));
#1942 = VECTOR('',#1943,1.);
#1943 = DIRECTION('',(0.,0.,1.));
#1944 = ORIENTED_EDGE('',*,*,#1945,.T.);
#1945 = EDGE_CURVE('',#1938,#1946,#1948,.T.);
#1946 = VERTEX_POINT('',#1947);
#1947 = CARTESIAN_POINT('',(-140.,139.5,4.));
#1948 = LINE('',#1949,#1950);
#1949 = CARTESIAN_POINT('',(-140.,-147.5,4.));
#1950 = VECTOR('',#1951,1.);
#1951 = DIRECTION('',(-0.,1.,0.));
#1952 = ORIENTED_EDGE('',*,*,#1953,.T.);
#1953 = EDGE_CURVE('',#1946,#555,#1954,.T.);
#1954 = LINE('',#1955,#1956);
#1955 = CARTESIAN_POINT('',(-140.,139.5,4.));
#1956 = VECTOR('',#1957,1.);
#1957 = DIRECTION('',(0.,0.,1.));
#1958 = ORIENTED_EDGE('',*,*,#554,.T.);
#1959 = ORIENTED_EDGE('',*,*,#853,.F.);
#1960 = ORIENTED_EDGE('',*,*,#635,.F.);
#1961 = FACE_BOUND('',#1962,.T.);
#1962 = EDGE_LOOP('',(#1963,#1973,#1981,#1989,#1997));
#1963 = ORIENTED_EDGE('',*,*,#1964,.T.);
#1964 = EDGE_CURVE('',#1965,#1967,#1969,.T.);
#1965 = VERTEX_POINT('',#1966);
#1966 = CARTESIAN_POINT('',(-140.,77.6,8.4));
#1967 = VERTEX_POINT('',#1968);
#1968 = CARTESIAN_POINT('',(-140.,77.6,3.6));
#1969 = LINE('',#1970,#1971);
#1970 = CARTESIAN_POINT('',(-140.,77.6,7.567688022284));
#1971 = VECTOR('',#1972,1.);
#1972 = DIRECTION('',(0.,0.,-1.));
#1973 = ORIENTED_EDGE('',*,*,#1974,.T.);
#1974 = EDGE_CURVE('',#1967,#1975,#1977,.T.);
#1975 = VERTEX_POINT('',#1976);
#1976 = CARTESIAN_POINT('',(-140.,102.4,3.6));
#1977 = LINE('',#1978,#1979);
#1978 = CARTESIAN_POINT('',(-140.,38.8,3.6));
#1979 = VECTOR('',#1980,1.);
#1980 = DIRECTION('',(0.,1.,0.));
#1981 = ORIENTED_EDGE('',*,*,#1982,.T.);
#1982 = EDGE_CURVE('',#1975,#1983,#1985,.T.);
#1983 = VERTEX_POINT('',#1984);
#1984 = CARTESIAN_POINT('',(-140.,102.4,8.4));
#1985 = LINE('',#1986,#1987);
#1986 = CARTESIAN_POINT('',(-140.,102.4,5.167688022284));
#1987 = VECTOR('',#1988,1.);
#1988 = DIRECTION('',(-0.,0.,1.));
#1989 = ORIENTED_EDGE('',*,*,#1990,.T.);
#1990 = EDGE_CURVE('',#1983,#1991,#1993,.T.);
#1991 = VERTEX_POINT('',#1992);
#1992 = CARTESIAN_POINT('',(-140.,90.,20.4));
#1993 = LINE('',#1994,#1995);
#1994 = CARTESIAN_POINT('',(-140.,76.376813615946,33.583728758762));
#1995 = VECTOR('',#1996,1.);
#1996 = DIRECTION('',(0.,-0.718602141767,0.695421427516));
#1997 = ORIENTED_EDGE('',*,*,#1998,.T.);
#1998 = EDGE_CURVE('',#1991,#1965,#1999,.T.);
#1999 = LINE('',#2000,#2001);
#2000 = CARTESIAN_POINT('',(-140.,63.348172950416,-5.392090693146));
#2001 = VECTOR('',#2002,1.);
#2002 = DIRECTION('',(0.,-0.718602141767,-0.695421427516));
#2003 = FACE_BOUND('',#2004,.T.);
#2004 = EDGE_LOOP('',(#2005,#2015,#2023,#2031,#2039));
#2005 = ORIENTED_EDGE('',*,*,#2006,.T.);
#2006 = EDGE_CURVE('',#2007,#2009,#2011,.T.);
#2007 = VERTEX_POINT('',#2008);
#2008 = CARTESIAN_POINT('',(-140.,-102.4,8.4));
#2009 = VERTEX_POINT('',#2010);
#2010 = CARTESIAN_POINT('',(-140.,-102.4,3.6));
#2011 = LINE('',#2012,#2013);
#2012 = CARTESIAN_POINT('',(-140.,-102.4,7.567688022284));
#2013 = VECTOR('',#2014,1.);
#2014 = DIRECTION('',(0.,0.,-1.));
#2015 = ORIENTED_EDGE('',*,*,#2016,.T.);
#2016 = EDGE_CURVE('',#2009,#2017,#2019,.T.);
#2017 = VERTEX_POINT('',#2018);
#2018 = CARTESIAN_POINT('',(-140.,-77.6,3.6));
#2019 = LINE('',#2020,#2021);
#2020 = CARTESIAN_POINT('',(-140.,-51.2,3.6));
#2021 = VECTOR('',#2022,1.);
#2022 = DIRECTION('',(0.,1.,0.));
#2023 = ORIENTED_EDGE('',*,*,#2024,.T.);
#2024 = EDGE_CURVE('',#2017,#2025,#2027,.T.);
#2025 = VERTEX_POINT('',#2026);
#2026 = CARTESIAN_POINT('',(-140.,-77.6,8.4));
#2027 = LINE('',#2028,#2029);
#2028 = CARTESIAN_POINT('',(-140.,-77.6,5.167688022284));
#2029 = VECTOR('',#2030,1.);
#2030 = DIRECTION('',(-0.,0.,1.));
#2031 = ORIENTED_EDGE('',*,*,#2032,.T.);
#2032 = EDGE_CURVE('',#2025,#2033,#2035,.T.);
#2033 = VERTEX_POINT('',#2034);
#2034 = CARTESIAN_POINT('',(-140.,-90.,20.4));
#2035 = LINE('',#2036,#2037);
#2036 = CARTESIAN_POINT('',(-140.,-57.14817295041,-11.39209069314));
#2037 = VECTOR('',#2038,1.);
#2038 = DIRECTION('',(0.,-0.718602141767,0.695421427516));
#2039 = ORIENTED_EDGE('',*,*,#2040,.T.);
#2040 = EDGE_CURVE('',#2033,#2007,#2041,.T.);
#2041 = LINE('',#2042,#2043);
#2042 = CARTESIAN_POINT('',(-140.,-70.17681361594,39.583728758762));
#2043 = VECTOR('',#2044,1.);
#2044 = DIRECTION('',(0.,-0.718602141767,-0.695421427516));
#2045 = PLANE('',#2046);
#2046 = AXIS2_PLACEMENT_3D('',#2047,#2048,#2049);
#2047 = CARTESIAN_POINT('',(-140.,0.,6.735376044568));
#2048 = DIRECTION('',(-1.,-0.,-0.));
#2049 = DIRECTION('',(0.,0.,-1.));
#2050 = ADVANCED_FACE('',(#2051),#2069,.F.);
#2051 = FACE_BOUND('',#2052,.F.);
#2052 = EDGE_LOOP('',(#2053,#2061,#2062,#2063));
#2053 = ORIENTED_EDGE('',*,*,#2054,.F.);
#2054 = EDGE_CURVE('',#1946,#2055,#2057,.T.);
#2055 = VERTEX_POINT('',#2056);
#2056 = CARTESIAN_POINT('',(-3.5,139.5,4.));
#2057 = LINE('',#2058,#2059);
#2058 = CARTESIAN_POINT('',(-140.,139.5,4.));
#2059 = VECTOR('',#2060,1.);
#2060 = DIRECTION('',(1.,0.,-0.));
#2061 = ORIENTED_EDGE('',*,*,#1953,.T.);
#2062 = ORIENTED_EDGE('',*,*,#564,.T.);
#2063 = ORIENTED_EDGE('',*,*,#2064,.F.);
#2064 = EDGE_CURVE('',#2055,#565,#2065,.T.);
#2065 = LINE('',#2066,#2067);
#2066 = CARTESIAN_POINT('',(-3.5,139.5,4.));
#2067 = VECTOR('',#2068,1.);
#2068 = DIRECTION('',(0.,0.,1.));
#2069 = PLANE('',#2070);
#2070 = AXIS2_PLACEMENT_3D('',#2071,#2072,#2073);
#2071 = CARTESIAN_POINT('',(-140.,139.5,4.));
#2072 = DIRECTION('',(-0.,1.,0.));
#2073 = DIRECTION('',(0.,0.,1.));
#2074 = ADVANCED_FACE('',(#2075),#2118,.T.);
#2075 = FACE_BOUND('',#2076,.T.);
#2076 = EDGE_LOOP('',(#2077,#2085,#2086,#2087,#2088,#2096,#2104,#2112));
#2077 = ORIENTED_EDGE('',*,*,#2078,.F.);
#2078 = EDGE_CURVE('',#1772,#2079,#2081,.T.);
#2079 = VERTEX_POINT('',#2080);
#2080 = CARTESIAN_POINT('',(-3.5,-24.1534192182,4.));
#2081 = LINE('',#2082,#2083);
#2082 = CARTESIAN_POINT('',(-3.5,-64.,4.));
#2083 = VECTOR('',#2084,1.);
#2084 = DIRECTION('',(1.110223024625E-16,1.,0.));
#2085 = ORIENTED_EDGE('',*,*,#1771,.T.);
#2086 = ORIENTED_EDGE('',*,*,#572,.T.);
#2087 = ORIENTED_EDGE('',*,*,#2064,.F.);
#2088 = ORIENTED_EDGE('',*,*,#2089,.F.);
#2089 = EDGE_CURVE('',#2090,#2055,#2092,.T.);
#2090 = VERTEX_POINT('',#2091);
#2091 = CARTESIAN_POINT('',(-3.499999999998,10.918288821889,4.));
#2092 = LINE('',#2093,#2094);
#2093 = CARTESIAN_POINT('',(-3.5,-64.,4.));
#2094 = VECTOR('',#2095,1.);
#2095 = DIRECTION('',(1.110223024625E-16,1.,0.));
#2096 = ORIENTED_EDGE('',*,*,#2097,.T.);
#2097 = EDGE_CURVE('',#2090,#2098,#2100,.T.);
#2098 = VERTEX_POINT('',#2099);
#2099 = CARTESIAN_POINT('',(-3.5,10.918288821889,10.));
#2100 = LINE('',#2101,#2102);
#2101 = CARTESIAN_POINT('',(-3.5,10.918288821889,4.));
#2102 = VECTOR('',#2103,1.);
#2103 = DIRECTION('',(0.,0.,1.));
#2104 = ORIENTED_EDGE('',*,*,#2105,.T.);
#2105 = EDGE_CURVE('',#2098,#2106,#2108,.T.);
#2106 = VERTEX_POINT('',#2107);
#2107 = CARTESIAN_POINT('',(-3.5,-24.1534192182,10.));
#2108 = LINE('',#2109,#2110);
#2109 = CARTESIAN_POINT('',(-3.5,-64.,10.));
#2110 = VECTOR('',#2111,1.);
#2111 = DIRECTION('',(-1.110223024625E-16,-1.,0.));
#2112 = ORIENTED_EDGE('',*,*,#2113,.F.);
#2113 = EDGE_CURVE('',#2079,#2106,#2114,.T.);
#2114 = LINE('',#2115,#2116);
#2115 = CARTESIAN_POINT('',(-3.5,-24.1534192182,3.5));
#2116 = VECTOR('',#2117,1.);
#2117 = DIRECTION('',(0.,0.,1.));
#2118 = PLANE('',#2119);
#2119 = AXIS2_PLACEMENT_3D('',#2120,#2121,#2122);
#2120 = CARTESIAN_POINT('',(-3.5,-64.,4.));
#2121 = DIRECTION('',(-1.,1.110223024625E-16,0.));
#2122 = DIRECTION('',(0.,0.,1.));
#2123 = ADVANCED_FACE('',(#2124),#2149,.T.);
#2124 = FACE_BOUND('',#2125,.T.);
#2125 = EDGE_LOOP('',(#2126,#2134,#2135,#2143));
#2126 = ORIENTED_EDGE('',*,*,#2127,.F.);
#2127 = EDGE_CURVE('',#654,#2128,#2130,.T.);
#2128 = VERTEX_POINT('',#2129);
#2129 = CARTESIAN_POINT('',(-110.7,-96.3,3.6));
#2130 = LINE('',#2131,#2132);
#2131 = CARTESIAN_POINT('',(-110.7,-96.3,-1.));
#2132 = VECTOR('',#2133,1.);
#2133 = DIRECTION('',(0.,0.,1.));
#2134 = ORIENTED_EDGE('',*,*,#653,.T.);
#2135 = ORIENTED_EDGE('',*,*,#2136,.T.);
#2136 = EDGE_CURVE('',#656,#2137,#2139,.T.);
#2137 = VERTEX_POINT('',#2138);
#2138 = CARTESIAN_POINT('',(-119.3,-96.3,3.6));
#2139 = LINE('',#2140,#2141);
#2140 = CARTESIAN_POINT('',(-119.3,-96.3,-1.));
#2141 = VECTOR('',#2142,1.);
#2142 = DIRECTION('',(0.,0.,1.));
#2143 = ORIENTED_EDGE('',*,*,#2144,.F.);
#2144 = EDGE_CURVE('',#2128,#2137,#2145,.T.);
#2145 = LINE('',#2146,#2147);
#2146 = CARTESIAN_POINT('',(-130.65,-96.3,3.6));
#2147 = VECTOR('',#2148,1.);
#2148 = DIRECTION('',(-1.,-0.,0.));
#2149 = PLANE('',#2150);
#2150 = AXIS2_PLACEMENT_3D('',#2151,#2152,#2153);
#2151 = CARTESIAN_POINT('',(-119.3,-96.3,-1.));
#2152 = DIRECTION('',(-0.,1.,0.));
#2153 = DIRECTION('',(0.,0.,1.));
#2154 = ADVANCED_FACE('',(#2155),#2173,.F.);
#2155 = FACE_BOUND('',#2156,.F.);
#2156 = EDGE_LOOP('',(#2157,#2158,#2159,#2167));
#2157 = ORIENTED_EDGE('',*,*,#2127,.F.);
#2158 = ORIENTED_EDGE('',*,*,#679,.T.);
#2159 = ORIENTED_EDGE('',*,*,#2160,.T.);
#2160 = EDGE_CURVE('',#672,#2161,#2163,.T.);
#2161 = VERTEX_POINT('',#2162);
#2162 = CARTESIAN_POINT('',(-110.7,-83.7,3.6));
#2163 = LINE('',#2164,#2165);
#2164 = CARTESIAN_POINT('',(-110.7,-83.7,-1.));
#2165 = VECTOR('',#2166,1.);
#2166 = DIRECTION('',(0.,0.,1.));
#2167 = ORIENTED_EDGE('',*,*,#2168,.F.);
#2168 = EDGE_CURVE('',#2128,#2161,#2169,.T.);
#2169 = LINE('',#2170,#2171);
#2170 = CARTESIAN_POINT('',(-110.7,-99.35,3.6));
#2171 = VECTOR('',#2172,1.);
#2172 = DIRECTION('',(-0.,1.,0.));
#2173 = PLANE('',#2174);
#2174 = AXIS2_PLACEMENT_3D('',#2175,#2176,#2177);
#2175 = CARTESIAN_POINT('',(-110.7,-96.3,-1.));
#2176 = DIRECTION('',(1.,0.,-0.));
#2177 = DIRECTION('',(0.,0.,1.));
#2178 = ADVANCED_FACE('',(#2179),#2197,.T.);
#2179 = FACE_BOUND('',#2180,.T.);
#2180 = EDGE_LOOP('',(#2181,#2182,#2183,#2191));
#2181 = ORIENTED_EDGE('',*,*,#2136,.F.);
#2182 = ORIENTED_EDGE('',*,*,#663,.T.);
#2183 = ORIENTED_EDGE('',*,*,#2184,.T.);
#2184 = EDGE_CURVE('',#664,#2185,#2187,.T.);
#2185 = VERTEX_POINT('',#2186);
#2186 = CARTESIAN_POINT('',(-119.3,-83.7,3.6));
#2187 = LINE('',#2188,#2189);
#2188 = CARTESIAN_POINT('',(-119.3,-83.7,-1.));
#2189 = VECTOR('',#2190,1.);
#2190 = DIRECTION('',(0.,0.,1.));
#2191 = ORIENTED_EDGE('',*,*,#2192,.F.);
#2192 = EDGE_CURVE('',#2137,#2185,#2193,.T.);
#2193 = LINE('',#2194,#2195);
#2194 = CARTESIAN_POINT('',(-119.3,-99.35,3.6));
#2195 = VECTOR('',#2196,1.);
#2196 = DIRECTION('',(-0.,1.,0.));
#2197 = PLANE('',#2198);
#2198 = AXIS2_PLACEMENT_3D('',#2199,#2200,#2201);
#2199 = CARTESIAN_POINT('',(-119.3,-96.3,-1.));
#2200 = DIRECTION('',(1.,0.,-0.));
#2201 = DIRECTION('',(0.,0.,1.));
#2202 = ADVANCED_FACE('',(#2203),#2214,.F.);
#2203 = FACE_BOUND('',#2204,.F.);
#2204 = EDGE_LOOP('',(#2205,#2206,#2207,#2208));
#2205 = ORIENTED_EDGE('',*,*,#2160,.F.);
#2206 = ORIENTED_EDGE('',*,*,#671,.T.);
#2207 = ORIENTED_EDGE('',*,*,#2184,.T.);
#2208 = ORIENTED_EDGE('',*,*,#2209,.F.);
#2209 = EDGE_CURVE('',#2161,#2185,#2210,.T.);
#2210 = LINE('',#2211,#2212);
#2211 = CARTESIAN_POINT('',(-130.65,-83.7,3.6));
#2212 = VECTOR('',#2213,1.);
#2213 = DIRECTION('',(-1.,-0.,0.));
#2214 = PLANE('',#2215);
#2215 = AXIS2_PLACEMENT_3D('',#2216,#2217,#2218);
#2216 = CARTESIAN_POINT('',(-119.3,-83.7,-1.));
#2217 = DIRECTION('',(-0.,1.,0.));
#2218 = DIRECTION('',(0.,0.,1.));
#2219 = ADVANCED_FACE('',(#2220),#2236,.T.);
#2220 = FACE_BOUND('',#2221,.T.);
#2221 = EDGE_LOOP('',(#2222,#2228,#2229,#2235));
#2222 = ORIENTED_EDGE('',*,*,#2223,.F.);
#2223 = EDGE_CURVE('',#688,#1460,#2224,.T.);
#2224 = LINE('',#2225,#2226);
#2225 = CARTESIAN_POINT('',(119.3,-96.3,-1.));
#2226 = VECTOR('',#2227,1.);
#2227 = DIRECTION('',(0.,0.,1.));
#2228 = ORIENTED_EDGE('',*,*,#687,.T.);
#2229 = ORIENTED_EDGE('',*,*,#2230,.T.);
#2230 = EDGE_CURVE('',#690,#1462,#2231,.T.);
#2231 = LINE('',#2232,#2233);
#2232 = CARTESIAN_POINT('',(110.7,-96.3,-1.));
#2233 = VECTOR('',#2234,1.);
#2234 = DIRECTION('',(0.,0.,1.));
#2235 = ORIENTED_EDGE('',*,*,#1459,.F.);
#2236 = PLANE('',#2237);
#2237 = AXIS2_PLACEMENT_3D('',#2238,#2239,#2240);
#2238 = CARTESIAN_POINT('',(110.7,-96.3,-1.));
#2239 = DIRECTION('',(-0.,1.,0.));
#2240 = DIRECTION('',(0.,0.,1.));
#2241 = ADVANCED_FACE('',(#2242),#2253,.F.);
#2242 = FACE_BOUND('',#2243,.F.);
#2243 = EDGE_LOOP('',(#2244,#2245,#2246,#2252));
#2244 = ORIENTED_EDGE('',*,*,#2223,.F.);
#2245 = ORIENTED_EDGE('',*,*,#713,.T.);
#2246 = ORIENTED_EDGE('',*,*,#2247,.T.);
#2247 = EDGE_CURVE('',#706,#1478,#2248,.T.);
#2248 = LINE('',#2249,#2250);
#2249 = CARTESIAN_POINT('',(119.3,-83.7,-1.));
#2250 = VECTOR('',#2251,1.);
#2251 = DIRECTION('',(0.,0.,1.));
#2252 = ORIENTED_EDGE('',*,*,#1485,.F.);
#2253 = PLANE('',#2254);
#2254 = AXIS2_PLACEMENT_3D('',#2255,#2256,#2257);
#2255 = CARTESIAN_POINT('',(119.3,-96.3,-1.));
#2256 = DIRECTION('',(1.,0.,-0.));
#2257 = DIRECTION('',(0.,0.,1.));
#2258 = ADVANCED_FACE('',(#2259),#2270,.T.);
#2259 = FACE_BOUND('',#2260,.T.);
#2260 = EDGE_LOOP('',(#2261,#2262,#2263,#2269));
#2261 = ORIENTED_EDGE('',*,*,#2230,.F.);
#2262 = ORIENTED_EDGE('',*,*,#697,.T.);
#2263 = ORIENTED_EDGE('',*,*,#2264,.T.);
#2264 = EDGE_CURVE('',#698,#1470,#2265,.T.);
#2265 = LINE('',#2266,#2267);
#2266 = CARTESIAN_POINT('',(110.7,-83.7,-1.));
#2267 = VECTOR('',#2268,1.);
#2268 = DIRECTION('',(0.,0.,1.));
#2269 = ORIENTED_EDGE('',*,*,#1469,.F.);
#2270 = PLANE('',#2271);
#2271 = AXIS2_PLACEMENT_3D('',#2272,#2273,#2274);
#2272 = CARTESIAN_POINT('',(110.7,-96.3,-1.));
#2273 = DIRECTION('',(1.,0.,-0.));
#2274 = DIRECTION('',(0.,0.,1.));
#2275 = ADVANCED_FACE('',(#2276),#2282,.F.);
#2276 = FACE_BOUND('',#2277,.F.);
#2277 = EDGE_LOOP('',(#2278,#2279,#2280,#2281));
#2278 = ORIENTED_EDGE('',*,*,#2247,.F.);
#2279 = ORIENTED_EDGE('',*,*,#705,.T.);
#2280 = ORIENTED_EDGE('',*,*,#2264,.T.);
#2281 = ORIENTED_EDGE('',*,*,#1477,.F.);
#2282 = PLANE('',#2283);
#2283 = AXIS2_PLACEMENT_3D('',#2284,#2285,#2286);
#2284 = CARTESIAN_POINT('',(110.7,-83.7,-1.));
#2285 = DIRECTION('',(-0.,1.,0.));
#2286 = DIRECTION('',(0.,0.,1.));
#2287 = ADVANCED_FACE('',(#2288),#2313,.T.);
#2288 = FACE_BOUND('',#2289,.T.);
#2289 = EDGE_LOOP('',(#2290,#2298,#2299,#2307));
#2290 = ORIENTED_EDGE('',*,*,#2291,.F.);
#2291 = EDGE_CURVE('',#722,#2292,#2294,.T.);
#2292 = VERTEX_POINT('',#2293);
#2293 = CARTESIAN_POINT('',(-110.7,83.7,3.6));
#2294 = LINE('',#2295,#2296);
#2295 = CARTESIAN_POINT('',(-110.7,83.7,-1.));
#2296 = VECTOR('',#2297,1.);
#2297 = DIRECTION('',(0.,0.,1.));
#2298 = ORIENTED_EDGE('',*,*,#721,.T.);
#2299 = ORIENTED_EDGE('',*,*,#2300,.T.);
#2300 = EDGE_CURVE('',#724,#2301,#2303,.T.);
#2301 = VERTEX_POINT('',#2302);
#2302 = CARTESIAN_POINT('',(-119.3,83.7,3.6));
#2303 = LINE('',#2304,#2305);
#2304 = CARTESIAN_POINT('',(-119.3,83.7,-1.));
#2305 = VECTOR('',#2306,1.);
#2306 = DIRECTION('',(0.,0.,1.));
#2307 = ORIENTED_EDGE('',*,*,#2308,.F.);
#2308 = EDGE_CURVE('',#2292,#2301,#2309,.T.);
#2309 = LINE('',#2310,#2311);
#2310 = CARTESIAN_POINT('',(-130.65,83.7,3.6));
#2311 = VECTOR('',#2312,1.);
#2312 = DIRECTION('',(-1.,-0.,0.));
#2313 = PLANE('',#2314);
#2314 = AXIS2_PLACEMENT_3D('',#2315,#2316,#2317);
#2315 = CARTESIAN_POINT('',(-119.3,83.7,-1.));
#2316 = DIRECTION('',(-0.,1.,0.));
#2317 = DIRECTION('',(0.,0.,1.));
#2318 = ADVANCED_FACE('',(#2319),#2337,.F.);
#2319 = FACE_BOUND('',#2320,.F.);
#2320 = EDGE_LOOP('',(#2321,#2322,#2323,#2331));
#2321 = ORIENTED_EDGE('',*,*,#2291,.F.);
#2322 = ORIENTED_EDGE('',*,*,#747,.T.);
#2323 = ORIENTED_EDGE('',*,*,#2324,.T.);
#2324 = EDGE_CURVE('',#740,#2325,#2327,.T.);
#2325 = VERTEX_POINT('',#2326);
#2326 = CARTESIAN_POINT('',(-110.7,96.3,3.6));
#2327 = LINE('',#2328,#2329);
#2328 = CARTESIAN_POINT('',(-110.7,96.3,-1.));
#2329 = VECTOR('',#2330,1.);
#2330 = DIRECTION('',(0.,0.,1.));
#2331 = ORIENTED_EDGE('',*,*,#2332,.F.);
#2332 = EDGE_CURVE('',#2292,#2325,#2333,.T.);
#2333 = LINE('',#2334,#2335);
#2334 = CARTESIAN_POINT('',(-110.7,80.65,3.6));
#2335 = VECTOR('',#2336,1.);
#2336 = DIRECTION('',(-0.,1.,0.));
#2337 = PLANE('',#2338);
#2338 = AXIS2_PLACEMENT_3D('',#2339,#2340,#2341);
#2339 = CARTESIAN_POINT('',(-110.7,83.7,-1.));
#2340 = DIRECTION('',(1.,0.,-0.));
#2341 = DIRECTION('',(0.,0.,1.));
#2342 = ADVANCED_FACE('',(#2343),#2361,.F.);
#2343 = FACE_BOUND('',#2344,.F.);
#2344 = EDGE_LOOP('',(#2345,#2346,#2347,#2355));
#2345 = ORIENTED_EDGE('',*,*,#2324,.F.);
#2346 = ORIENTED_EDGE('',*,*,#739,.T.);
#2347 = ORIENTED_EDGE('',*,*,#2348,.T.);
#2348 = EDGE_CURVE('',#732,#2349,#2351,.T.);
#2349 = VERTEX_POINT('',#2350);
#2350 = CARTESIAN_POINT('',(-119.3,96.3,3.6));
#2351 = LINE('',#2352,#2353);
#2352 = CARTESIAN_POINT('',(-119.3,96.3,-1.));
#2353 = VECTOR('',#2354,1.);
#2354 = DIRECTION('',(0.,0.,1.));
#2355 = ORIENTED_EDGE('',*,*,#2356,.F.);
#2356 = EDGE_CURVE('',#2325,#2349,#2357,.T.);
#2357 = LINE('',#2358,#2359);
#2358 = CARTESIAN_POINT('',(-130.65,96.3,3.6));
#2359 = VECTOR('',#2360,1.);
#2360 = DIRECTION('',(-1.,-0.,0.));
#2361 = PLANE('',#2362);
#2362 = AXIS2_PLACEMENT_3D('',#2363,#2364,#2365);
#2363 = CARTESIAN_POINT('',(-119.3,96.3,-1.));
#2364 = DIRECTION('',(-0.,1.,0.));
#2365 = DIRECTION('',(0.,0.,1.));
#2366 = ADVANCED_FACE('',(#2367),#2378,.T.);
#2367 = FACE_BOUND('',#2368,.T.);
#2368 = EDGE_LOOP('',(#2369,#2370,#2371,#2372));
#2369 = ORIENTED_EDGE('',*,*,#2300,.F.);
#2370 = ORIENTED_EDGE('',*,*,#731,.T.);
#2371 = ORIENTED_EDGE('',*,*,#2348,.T.);
#2372 = ORIENTED_EDGE('',*,*,#2373,.F.);
#2373 = EDGE_CURVE('',#2301,#2349,#2374,.T.);
#2374 = LINE('',#2375,#2376);
#2375 = CARTESIAN_POINT('',(-119.3,80.65,3.6));
#2376 = VECTOR('',#2377,1.);
#2377 = DIRECTION('',(-0.,1.,0.));
#2378 = PLANE('',#2379);
#2379 = AXIS2_PLACEMENT_3D('',#2380,#2381,#2382);
#2380 = CARTESIAN_POINT('',(-119.3,83.7,-1.));
#2381 = DIRECTION('',(1.,0.,-0.));
#2382 = DIRECTION('',(0.,0.,1.));
#2383 = ADVANCED_FACE('',(#2384),#2400,.T.);
#2384 = FACE_BOUND('',#2385,.T.);
#2385 = EDGE_LOOP('',(#2386,#2392,#2393,#2399));
#2386 = ORIENTED_EDGE('',*,*,#2387,.F.);
#2387 = EDGE_CURVE('',#756,#1315,#2388,.T.);
#2388 = LINE('',#2389,#2390);
#2389 = CARTESIAN_POINT('',(119.3,83.7,-1.));
#2390 = VECTOR('',#2391,1.);
#2391 = DIRECTION('',(0.,0.,1.));
#2392 = ORIENTED_EDGE('',*,*,#755,.T.);
#2393 = ORIENTED_EDGE('',*,*,#2394,.T.);
#2394 = EDGE_CURVE('',#758,#1317,#2395,.T.);
#2395 = LINE('',#2396,#2397);
#2396 = CARTESIAN_POINT('',(110.7,83.7,-1.));
#2397 = VECTOR('',#2398,1.);
#2398 = DIRECTION('',(0.,0.,1.));
#2399 = ORIENTED_EDGE('',*,*,#1314,.F.);
#2400 = PLANE('',#2401);
#2401 = AXIS2_PLACEMENT_3D('',#2402,#2403,#2404);
#2402 = CARTESIAN_POINT('',(110.7,83.7,-1.));
#2403 = DIRECTION('',(-0.,1.,0.));
#2404 = DIRECTION('',(0.,0.,1.));
#2405 = ADVANCED_FACE('',(#2406),#2417,.F.);
#2406 = FACE_BOUND('',#2407,.F.);
#2407 = EDGE_LOOP('',(#2408,#2409,#2410,#2416));
#2408 = ORIENTED_EDGE('',*,*,#2387,.F.);
#2409 = ORIENTED_EDGE('',*,*,#781,.T.);
#2410 = ORIENTED_EDGE('',*,*,#2411,.T.);
#2411 = EDGE_CURVE('',#774,#1333,#2412,.T.);
#2412 = LINE('',#2413,#2414);
#2413 = CARTESIAN_POINT('',(119.3,96.3,-1.));
#2414 = VECTOR('',#2415,1.);
#2415 = DIRECTION('',(0.,0.,1.));
#2416 = ORIENTED_EDGE('',*,*,#1340,.F.);
#2417 = PLANE('',#2418);
#2418 = AXIS2_PLACEMENT_3D('',#2419,#2420,#2421);
#2419 = CARTESIAN_POINT('',(119.3,83.7,-1.));
#2420 = DIRECTION('',(1.,0.,-0.));
#2421 = DIRECTION('',(0.,0.,1.));
#2422 = ADVANCED_FACE('',(#2423),#2434,.T.);
#2423 = FACE_BOUND('',#2424,.T.);
#2424 = EDGE_LOOP('',(#2425,#2426,#2427,#2433));
#2425 = ORIENTED_EDGE('',*,*,#2394,.F.);
#2426 = ORIENTED_EDGE('',*,*,#765,.T.);
#2427 = ORIENTED_EDGE('',*,*,#2428,.T.);
#2428 = EDGE_CURVE('',#766,#1325,#2429,.T.);
#2429 = LINE('',#2430,#2431);
#2430 = CARTESIAN_POINT('',(110.7,96.3,-1.));
#2431 = VECTOR('',#2432,1.);
#2432 = DIRECTION('',(0.,0.,1.));
#2433 = ORIENTED_EDGE('',*,*,#1324,.F.);
#2434 = PLANE('',#2435);
#2435 = AXIS2_PLACEMENT_3D('',#2436,#2437,#2438);
#2436 = CARTESIAN_POINT('',(110.7,83.7,-1.));
#2437 = DIRECTION('',(1.,0.,-0.));
#2438 = DIRECTION('',(0.,0.,1.));
#2439 = ADVANCED_FACE('',(#2440),#2446,.F.);
#2440 = FACE_BOUND('',#2441,.F.);
#2441 = EDGE_LOOP('',(#2442,#2443,#2444,#2445));
#2442 = ORIENTED_EDGE('',*,*,#2411,.F.);
#2443 = ORIENTED_EDGE('',*,*,#773,.T.);
#2444 = ORIENTED_EDGE('',*,*,#2428,.T.);
#2445 = ORIENTED_EDGE('',*,*,#1332,.F.);
#2446 = PLANE('',#2447);
#2447 = AXIS2_PLACEMENT_3D('',#2448,#2449,#2450);
#2448 = CARTESIAN_POINT('',(110.7,96.3,-1.));
#2449 = DIRECTION('',(-0.,1.,0.));
#2450 = DIRECTION('',(0.,0.,1.));
#2451 = ADVANCED_FACE('',(#2452),#2488,.T.);
#2452 = FACE_BOUND('',#2453,.T.);
#2453 = EDGE_LOOP('',(#2454,#2462,#2463,#2464,#2465,#2466,#2474,#2482));
#2454 = ORIENTED_EDGE('',*,*,#2455,.F.);
#2455 = EDGE_CURVE('',#1692,#2456,#2458,.T.);
#2456 = VERTEX_POINT('',#2457);
#2457 = CARTESIAN_POINT('',(3.5,-103.8465807817,4.));
#2458 = LINE('',#2459,#2460);
#2459 = CARTESIAN_POINT('',(3.5,-64.,4.));
#2460 = VECTOR('',#2461,1.);
#2461 = DIRECTION('',(1.110223024625E-16,-1.,0.));
#2462 = ORIENTED_EDGE('',*,*,#1691,.T.);
#2463 = ORIENTED_EDGE('',*,*,#813,.T.);
#2464 = ORIENTED_EDGE('',*,*,#877,.F.);
#2465 = ORIENTED_EDGE('',*,*,#927,.F.);
#2466 = ORIENTED_EDGE('',*,*,#2467,.T.);
#2467 = EDGE_CURVE('',#919,#2468,#2470,.T.);
#2468 = VERTEX_POINT('',#2469);
#2469 = CARTESIAN_POINT('',(3.5,-138.9182888218,10.));
#2470 = LINE('',#2471,#2472);
#2471 = CARTESIAN_POINT('',(3.5,-138.9182888218,4.));
#2472 = VECTOR('',#2473,1.);
#2473 = DIRECTION('',(0.,0.,1.));
#2474 = ORIENTED_EDGE('',*,*,#2475,.T.);
#2475 = EDGE_CURVE('',#2468,#2476,#2478,.T.);
#2476 = VERTEX_POINT('',#2477);
#2477 = CARTESIAN_POINT('',(3.5,-103.8465807817,10.));
#2478 = LINE('',#2479,#2480);
#2479 = CARTESIAN_POINT('',(3.5,-64.,10.));
#2480 = VECTOR('',#2481,1.);
#2481 = DIRECTION('',(-1.110223024625E-16,1.,0.));
#2482 = ORIENTED_EDGE('',*,*,#2483,.F.);
#2483 = EDGE_CURVE('',#2456,#2476,#2484,.T.);
#2484 = LINE('',#2485,#2486);
#2485 = CARTESIAN_POINT('',(3.5,-103.8465807817,3.5));
#2486 = VECTOR('',#2487,1.);
#2487 = DIRECTION('',(0.,0.,1.));
#2488 = PLANE('',#2489);
#2489 = AXIS2_PLACEMENT_3D('',#2490,#2491,#2492);
#2490 = CARTESIAN_POINT('',(3.5,-64.,4.));
#2491 = DIRECTION('',(1.,1.110223024625E-16,0.));
#2492 = DIRECTION('',(0.,0.,1.));
#2493 = ADVANCED_FACE('',(#2494),#2544,.F.);
#2494 = FACE_BOUND('',#2495,.F.);
#2495 = EDGE_LOOP('',(#2496,#2504,#2505,#2506,#2514,#2522,#2530,#2538));
#2496 = ORIENTED_EDGE('',*,*,#2497,.F.);
#2497 = EDGE_CURVE('',#1848,#2498,#2500,.T.);
#2498 = VERTEX_POINT('',#2499);
#2499 = CARTESIAN_POINT('',(-3.500000000001,-103.8465807817,4.));
#2500 = LINE('',#2501,#2502);
#2501 = CARTESIAN_POINT('',(-3.5,-64.,4.));
#2502 = VECTOR('',#2503,1.);
#2503 = DIRECTION('',(1.110223024625E-16,-1.,0.));
#2504 = ORIENTED_EDGE('',*,*,#1856,.T.);
#2505 = ORIENTED_EDGE('',*,*,#830,.T.);
#2506 = ORIENTED_EDGE('',*,*,#2507,.F.);
#2507 = EDGE_CURVE('',#2508,#831,#2510,.T.);
#2508 = VERTEX_POINT('',#2509);
#2509 = CARTESIAN_POINT('',(-3.5,-139.5,4.));
#2510 = LINE('',#2511,#2512);
#2511 = CARTESIAN_POINT('',(-3.5,-139.5,4.));
#2512 = VECTOR('',#2513,1.);
#2513 = DIRECTION('',(0.,0.,1.));
#2514 = ORIENTED_EDGE('',*,*,#2515,.F.);
#2515 = EDGE_CURVE('',#2516,#2508,#2518,.T.);
#2516 = VERTEX_POINT('',#2517);
#2517 = CARTESIAN_POINT('',(-3.5,-138.9182888218,4.));
#2518 = LINE('',#2519,#2520);
#2519 = CARTESIAN_POINT('',(-3.5,-64.,4.));
#2520 = VECTOR('',#2521,1.);
#2521 = DIRECTION('',(1.110223024625E-16,-1.,0.));
#2522 = ORIENTED_EDGE('',*,*,#2523,.T.);
#2523 = EDGE_CURVE('',#2516,#2524,#2526,.T.);
#2524 = VERTEX_POINT('',#2525);
#2525 = CARTESIAN_POINT('',(-3.5,-138.9182888218,10.));
#2526 = LINE('',#2527,#2528);
#2527 = CARTESIAN_POINT('',(-3.5,-138.9182888218,4.));
#2528 = VECTOR('',#2529,1.);
#2529 = DIRECTION('',(0.,0.,1.));
#2530 = ORIENTED_EDGE('',*,*,#2531,.T.);
#2531 = EDGE_CURVE('',#2524,#2532,#2534,.T.);
#2532 = VERTEX_POINT('',#2533);
#2533 = CARTESIAN_POINT('',(-3.5,-103.8465807817,10.));
#2534 = LINE('',#2535,#2536);
#2535 = CARTESIAN_POINT('',(-3.5,-64.,10.));
#2536 = VECTOR('',#2537,1.);
#2537 = DIRECTION('',(-1.110223024625E-16,1.,0.));
#2538 = ORIENTED_EDGE('',*,*,#2539,.F.);
#2539 = EDGE_CURVE('',#2498,#2532,#2540,.T.);
#2540 = LINE('',#2541,#2542);
#2541 = CARTESIAN_POINT('',(-3.5,-103.8465807817,3.5));
#2542 = VECTOR('',#2543,1.);
#2543 = DIRECTION('',(0.,0.,1.));
#2544 = PLANE('',#2545);
#2545 = AXIS2_PLACEMENT_3D('',#2546,#2547,#2548);
#2546 = CARTESIAN_POINT('',(-3.5,-64.,4.));
#2547 = DIRECTION('',(1.,1.110223024625E-16,0.));
#2548 = DIRECTION('',(0.,0.,1.));
#2549 = ADVANCED_FACE('',(#2550),#2561,.T.);
#2550 = FACE_BOUND('',#2551,.T.);
#2551 = EDGE_LOOP('',(#2552,#2558,#2559,#2560));
#2552 = ORIENTED_EDGE('',*,*,#2553,.F.);
#2553 = EDGE_CURVE('',#1874,#2508,#2554,.T.);
#2554 = LINE('',#2555,#2556);
#2555 = CARTESIAN_POINT('',(-140.,-139.5,4.));
#2556 = VECTOR('',#2557,1.);
#2557 = DIRECTION('',(1.,0.,-0.));
#2558 = ORIENTED_EDGE('',*,*,#1873,.T.);
#2559 = ORIENTED_EDGE('',*,*,#838,.T.);
#2560 = ORIENTED_EDGE('',*,*,#2507,.F.);
#2561 = PLANE('',#2562);
#2562 = AXIS2_PLACEMENT_3D('',#2563,#2564,#2565);
#2563 = CARTESIAN_POINT('',(-140.,-139.5,4.));
#2564 = DIRECTION('',(-0.,1.,0.));
#2565 = DIRECTION('',(0.,0.,1.));
#2566 = ADVANCED_FACE('',(#2567),#2586,.T.);
#2567 = FACE_BOUND('',#2568,.T.);
#2568 = EDGE_LOOP('',(#2569,#2570,#2578,#2585));
#2569 = ORIENTED_EDGE('',*,*,#918,.T.);
#2570 = ORIENTED_EDGE('',*,*,#2571,.T.);
#2571 = EDGE_CURVE('',#911,#2572,#2574,.T.);
#2572 = VERTEX_POINT('',#2573);
#2573 = CARTESIAN_POINT('',(72.186241413227,-84.35059091602,10.));
#2574 = LINE('',#2575,#2576);
#2575 = CARTESIAN_POINT('',(72.186241413227,-84.35059091602,4.));
#2576 = VECTOR('',#2577,1.);
#2577 = DIRECTION('',(0.,0.,1.));
#2578 = ORIENTED_EDGE('',*,*,#2579,.F.);
#2579 = EDGE_CURVE('',#2468,#2572,#2580,.T.);
#2580 = CIRCLE('',#2581,75.);
#2581 = AXIS2_PLACEMENT_3D('',#2582,#2583,#2584);
#2582 = CARTESIAN_POINT('',(0.,-64.,10.));
#2583 = DIRECTION('',(0.,0.,1.));
#2584 = DIRECTION('',(1.,0.,-0.));
#2585 = ORIENTED_EDGE('',*,*,#2467,.F.);
#2586 = CYLINDRICAL_SURFACE('',#2587,75.);
#2587 = AXIS2_PLACEMENT_3D('',#2588,#2589,#2590);
#2588 = CARTESIAN_POINT('',(0.,-64.,4.));
#2589 = DIRECTION('',(0.,0.,1.));
#2590 = DIRECTION('',(1.,0.,-0.));
#2591 = ADVANCED_FACE('',(#2592),#2633,.F.);
#2592 = FACE_BOUND('',#2593,.F.);
#2593 = EDGE_LOOP('',(#2594,#2602,#2603,#2611,#2617,#2618,#2619,#2627));
#2594 = ORIENTED_EDGE('',*,*,#2595,.F.);
#2595 = EDGE_CURVE('',#1700,#2596,#2598,.T.);
#2596 = VERTEX_POINT('',#2597);
#2597 = CARTESIAN_POINT('',(38.022988803618,-76.41983584593,4.));
#2598 = LINE('',#2599,#2600);
#2599 = CARTESIAN_POINT('',(-0.791453975198,-67.40934020085,4.));
#2600 = VECTOR('',#2601,1.);
#2601 = DIRECTION('',(0.974097200243,-0.226129707199,0.));
#2602 = ORIENTED_EDGE('',*,*,#1708,.T.);
#2603 = ORIENTED_EDGE('',*,*,#2604,.T.);
#2604 = EDGE_CURVE('',#1709,#2605,#2607,.T.);
#2605 = VERTEX_POINT('',#2606);
#2606 = CARTESIAN_POINT('',(85.,-87.32521344509,14.));
#2607 = LINE('',#2608,#2609);
#2608 = CARTESIAN_POINT('',(-0.791453975198,-67.40934020085,14.));
#2609 = VECTOR('',#2610,1.);
#2610 = DIRECTION('',(0.974097200243,-0.226129707199,0.));
#2611 = ORIENTED_EDGE('',*,*,#2612,.T.);
#2612 = EDGE_CURVE('',#2605,#903,#2613,.T.);
#2613 = LINE('',#2614,#2615);
#2614 = CARTESIAN_POINT('',(85.,-87.32521344509,4.));
#2615 = VECTOR('',#2616,1.);
#2616 = DIRECTION('',(-0.,0.,-1.));
#2617 = ORIENTED_EDGE('',*,*,#910,.F.);
#2618 = ORIENTED_EDGE('',*,*,#2571,.T.);
#2619 = ORIENTED_EDGE('',*,*,#2620,.T.);
#2620 = EDGE_CURVE('',#2572,#2621,#2623,.T.);
#2621 = VERTEX_POINT('',#2622);
#2622 = CARTESIAN_POINT('',(38.022988803618,-76.41983584593,10.));
#2623 = LINE('',#2624,#2625);
#2624 = CARTESIAN_POINT('',(-0.791453975198,-67.40934020085,10.));
#2625 = VECTOR('',#2626,1.);
#2626 = DIRECTION('',(-0.974097200243,0.226129707199,0.));
#2627 = ORIENTED_EDGE('',*,*,#2628,.F.);
#2628 = EDGE_CURVE('',#2596,#2621,#2629,.T.);
#2629 = LINE('',#2630,#2631);
#2630 = CARTESIAN_POINT('',(38.022988803618,-76.41983584593,3.5));
#2631 = VECTOR('',#2632,1.);
#2632 = DIRECTION('',(0.,0.,1.));
#2633 = PLANE('',#2634);
#2634 = AXIS2_PLACEMENT_3D('',#2635,#2636,#2637);
#2635 = CARTESIAN_POINT('',(-0.791453975198,-67.40934020085,4.));
#2636 = DIRECTION('',(0.226129707199,0.974097200243,0.));
#2637 = DIRECTION('',(0.,0.,1.));
#2638 = ADVANCED_FACE('',(#2639),#2661,.F.);
#2639 = FACE_BOUND('',#2640,.F.);
#2640 = EDGE_LOOP('',(#2641,#2642,#2643,#2644,#2652,#2658,#2659,#2660));
#2641 = ORIENTED_EDGE('',*,*,#943,.F.);
#2642 = ORIENTED_EDGE('',*,*,#902,.T.);
#2643 = ORIENTED_EDGE('',*,*,#2612,.F.);
#2644 = ORIENTED_EDGE('',*,*,#2645,.T.);
#2645 = EDGE_CURVE('',#2605,#2646,#2648,.T.);
#2646 = VERTEX_POINT('',#2647);
#2647 = CARTESIAN_POINT('',(85.,-80.13907226919,14.));
#2648 = LINE('',#2649,#2650);
#2649 = CARTESIAN_POINT('',(85.,-91.20467010042,14.));
#2650 = VECTOR('',#2651,1.);
#2651 = DIRECTION('',(-0.,1.,0.));
#2652 = ORIENTED_EDGE('',*,*,#2653,.T.);
#2653 = EDGE_CURVE('',#2646,#1123,#2654,.T.);
#2654 = LINE('',#2655,#2656);
#2655 = CARTESIAN_POINT('',(85.,-80.13907226919,4.));
#2656 = VECTOR('',#2657,1.);
#2657 = DIRECTION('',(-0.,0.,-1.));
#2658 = ORIENTED_EDGE('',*,*,#1130,.T.);
#2659 = ORIENTED_EDGE('',*,*,#1032,.T.);
#2660 = ORIENTED_EDGE('',*,*,#966,.F.);
#2661 = PLANE('',#2662);
#2662 = AXIS2_PLACEMENT_3D('',#2663,#2664,#2665);
#2663 = CARTESIAN_POINT('',(85.,-115.,4.));
#2664 = DIRECTION('',(1.,0.,-0.));
#2665 = DIRECTION('',(0.,0.,1.));
#2666 = ADVANCED_FACE('',(#2667),#2683,.T.);
#2667 = FACE_BOUND('',#2668,.T.);
#2668 = EDGE_LOOP('',(#2669,#2675,#2676,#2682));
#2669 = ORIENTED_EDGE('',*,*,#2670,.F.);
#2670 = EDGE_CURVE('',#1517,#985,#2671,.T.);
#2671 = LINE('',#2672,#2673);
#2672 = CARTESIAN_POINT('',(119.3,-96.3,-1.));
#2673 = VECTOR('',#2674,1.);
#2674 = DIRECTION('',(0.,0.,1.));
#2675 = ORIENTED_EDGE('',*,*,#1516,.F.);
#2676 = ORIENTED_EDGE('',*,*,#2677,.T.);
#2677 = EDGE_CURVE('',#1509,#987,#2678,.T.);
#2678 = LINE('',#2679,#2680);
#2679 = CARTESIAN_POINT('',(110.7,-96.3,-1.));
#2680 = VECTOR('',#2681,1.);
#2681 = DIRECTION('',(0.,0.,1.));
#2682 = ORIENTED_EDGE('',*,*,#984,.F.);
#2683 = PLANE('',#2684);
#2684 = AXIS2_PLACEMENT_3D('',#2685,#2686,#2687);
#2685 = CARTESIAN_POINT('',(110.7,-96.3,-1.));
#2686 = DIRECTION('',(-0.,1.,0.));
#2687 = DIRECTION('',(0.,0.,1.));
#2688 = ADVANCED_FACE('',(#2689),#2701,.F.);
#2689 = FACE_BOUND('',#2690,.F.);
#2690 = EDGE_LOOP('',(#2691,#2692,#2693,#2694,#2700));
#2691 = ORIENTED_EDGE('',*,*,#2670,.F.);
#2692 = ORIENTED_EDGE('',*,*,#1524,.F.);
#2693 = ORIENTED_EDGE('',*,*,#1403,.F.);
#2694 = ORIENTED_EDGE('',*,*,#2695,.T.);
#2695 = EDGE_CURVE('',#1404,#1003,#2696,.T.);
#2696 = LINE('',#2697,#2698);
#2697 = CARTESIAN_POINT('',(119.3,-83.7,-1.));
#2698 = VECTOR('',#2699,1.);
#2699 = DIRECTION('',(0.,0.,1.));
#2700 = ORIENTED_EDGE('',*,*,#1010,.F.);
#2701 = PLANE('',#2702);
#2702 = AXIS2_PLACEMENT_3D('',#2703,#2704,#2705);
#2703 = CARTESIAN_POINT('',(119.3,-96.3,-1.));
#2704 = DIRECTION('',(1.,0.,-0.));
#2705 = DIRECTION('',(0.,0.,1.));
#2706 = ADVANCED_FACE('',(#2707),#2718,.F.);
#2707 = FACE_BOUND('',#2708,.F.);
#2708 = EDGE_LOOP('',(#2709,#2710,#2711,#2717));
#2709 = ORIENTED_EDGE('',*,*,#2695,.F.);
#2710 = ORIENTED_EDGE('',*,*,#1411,.F.);
#2711 = ORIENTED_EDGE('',*,*,#2712,.T.);
#2712 = EDGE_CURVE('',#1412,#995,#2713,.T.);
#2713 = LINE('',#2714,#2715);
#2714 = CARTESIAN_POINT('',(110.7,-83.7,-1.));
#2715 = VECTOR('',#2716,1.);
#2716 = DIRECTION('',(0.,0.,1.));
#2717 = ORIENTED_EDGE('',*,*,#1002,.F.);
#2718 = PLANE('',#2719);
#2719 = AXIS2_PLACEMENT_3D('',#2720,#2721,#2722);
#2720 = CARTESIAN_POINT('',(110.7,-83.7,-1.));
#2721 = DIRECTION('',(-0.,1.,0.));
#2722 = DIRECTION('',(0.,0.,1.));
#2723 = ADVANCED_FACE('',(#2724),#2731,.T.);
#2724 = FACE_BOUND('',#2725,.T.);
#2725 = EDGE_LOOP('',(#2726,#2727,#2728,#2729,#2730));
#2726 = ORIENTED_EDGE('',*,*,#2677,.F.);
#2727 = ORIENTED_EDGE('',*,*,#1508,.F.);
#2728 = ORIENTED_EDGE('',*,*,#1419,.F.);
#2729 = ORIENTED_EDGE('',*,*,#2712,.T.);
#2730 = ORIENTED_EDGE('',*,*,#994,.F.);
#2731 = PLANE('',#2732);
#2732 = AXIS2_PLACEMENT_3D('',#2733,#2734,#2735);
#2733 = CARTESIAN_POINT('',(110.7,-96.3,-1.));
#2734 = DIRECTION('',(1.,0.,-0.));
#2735 = DIRECTION('',(0.,0.,1.));
#2736 = ADVANCED_FACE('',(#2737),#2753,.T.);
#2737 = FACE_BOUND('',#2738,.T.);
#2738 = EDGE_LOOP('',(#2739,#2745,#2746,#2752));
#2739 = ORIENTED_EDGE('',*,*,#2740,.F.);
#2740 = EDGE_CURVE('',#1250,#1055,#2741,.T.);
#2741 = LINE('',#2742,#2743);
#2742 = CARTESIAN_POINT('',(119.3,83.7,-1.));
#2743 = VECTOR('',#2744,1.);
#2744 = DIRECTION('',(0.,0.,1.));
#2745 = ORIENTED_EDGE('',*,*,#1249,.F.);
#2746 = ORIENTED_EDGE('',*,*,#2747,.T.);
#2747 = EDGE_CURVE('',#1242,#1057,#2748,.T.);
#2748 = LINE('',#2749,#2750);
#2749 = CARTESIAN_POINT('',(110.7,83.7,-1.));
#2750 = VECTOR('',#2751,1.);
#2751 = DIRECTION('',(0.,0.,1.));
#2752 = ORIENTED_EDGE('',*,*,#1054,.F.);
#2753 = PLANE('',#2754);
#2754 = AXIS2_PLACEMENT_3D('',#2755,#2756,#2757);
#2755 = CARTESIAN_POINT('',(110.7,83.7,-1.));
#2756 = DIRECTION('',(-0.,1.,0.));
#2757 = DIRECTION('',(0.,0.,1.));
#2758 = ADVANCED_FACE('',(#2759),#2771,.F.);
#2759 = FACE_BOUND('',#2760,.F.);
#2760 = EDGE_LOOP('',(#2761,#2762,#2763,#2764,#2770));
#2761 = ORIENTED_EDGE('',*,*,#2740,.F.);
#2762 = ORIENTED_EDGE('',*,*,#1257,.F.);
#2763 = ORIENTED_EDGE('',*,*,#1194,.F.);
#2764 = ORIENTED_EDGE('',*,*,#2765,.T.);
#2765 = EDGE_CURVE('',#1195,#1073,#2766,.T.);
#2766 = LINE('',#2767,#2768);
#2767 = CARTESIAN_POINT('',(119.3,96.3,-1.));
#2768 = VECTOR('',#2769,1.);
#2769 = DIRECTION('',(0.,0.,1.));
#2770 = ORIENTED_EDGE('',*,*,#1080,.F.);
#2771 = PLANE('',#2772);
#2772 = AXIS2_PLACEMENT_3D('',#2773,#2774,#2775);
#2773 = CARTESIAN_POINT('',(119.3,83.7,-1.));
#2774 = DIRECTION('',(1.,0.,-0.));
#2775 = DIRECTION('',(0.,0.,1.));
#2776 = ADVANCED_FACE('',(#2777),#2788,.F.);
#2777 = FACE_BOUND('',#2778,.F.);
#2778 = EDGE_LOOP('',(#2779,#2780,#2781,#2787));
#2779 = ORIENTED_EDGE('',*,*,#2765,.F.);
#2780 = ORIENTED_EDGE('',*,*,#1202,.F.);
#2781 = ORIENTED_EDGE('',*,*,#2782,.T.);
#2782 = EDGE_CURVE('',#1203,#1065,#2783,.T.);
#2783 = LINE('',#2784,#2785);
#2784 = CARTESIAN_POINT('',(110.7,96.3,-1.));
#2785 = VECTOR('',#2786,1.);
#2786 = DIRECTION('',(0.,0.,1.));
#2787 = ORIENTED_EDGE('',*,*,#1072,.F.);
#2788 = PLANE('',#2789);
#2789 = AXIS2_PLACEMENT_3D('',#2790,#2791,#2792);
#2790 = CARTESIAN_POINT('',(110.7,96.3,-1.));
#2791 = DIRECTION('',(-0.,1.,0.));
#2792 = DIRECTION('',(0.,0.,1.));
#2793 = ADVANCED_FACE('',(#2794),#2801,.T.);
#2794 = FACE_BOUND('',#2795,.T.);
#2795 = EDGE_LOOP('',(#2796,#2797,#2798,#2799,#2800));
#2796 = ORIENTED_EDGE('',*,*,#2747,.F.);
#2797 = ORIENTED_EDGE('',*,*,#1241,.F.);
#2798 = ORIENTED_EDGE('',*,*,#1210,.F.);
#2799 = ORIENTED_EDGE('',*,*,#2782,.T.);
#2800 = ORIENTED_EDGE('',*,*,#1064,.F.);
#2801 = PLANE('',#2802);
#2802 = AXIS2_PLACEMENT_3D('',#2803,#2804,#2805);
#2803 = CARTESIAN_POINT('',(110.7,83.7,-1.));
#2804 = DIRECTION('',(1.,0.,-0.));
#2805 = DIRECTION('',(0.,0.,1.));
#2806 = ADVANCED_FACE('',(#2807),#2848,.T.);
#2807 = FACE_BOUND('',#2808,.T.);
#2808 = EDGE_LOOP('',(#2809,#2817,#2818,#2824,#2825,#2826,#2834,#2842));
#2809 = ORIENTED_EDGE('',*,*,#2810,.F.);
#2810 = EDGE_CURVE('',#1751,#2811,#2813,.T.);
#2811 = VERTEX_POINT('',#2812);
#2812 = CARTESIAN_POINT('',(39.605896754013,-69.60115544422,4.));
#2813 = LINE('',#2814,#2815);
#2814 = CARTESIAN_POINT('',(0.791453975198,-60.59065979914,4.));
#2815 = VECTOR('',#2816,1.);
#2816 = DIRECTION('',(0.974097200243,-0.226129707199,0.));
#2817 = ORIENTED_EDGE('',*,*,#1750,.T.);
#2818 = ORIENTED_EDGE('',*,*,#2819,.T.);
#2819 = EDGE_CURVE('',#1742,#2646,#2820,.T.);
#2820 = LINE('',#2821,#2822);
#2821 = CARTESIAN_POINT('',(0.791453975198,-60.59065979914,14.));
#2822 = VECTOR('',#2823,1.);
#2823 = DIRECTION('',(0.974097200243,-0.226129707199,0.));
#2824 = ORIENTED_EDGE('',*,*,#2653,.T.);
#2825 = ORIENTED_EDGE('',*,*,#1122,.F.);
#2826 = ORIENTED_EDGE('',*,*,#2827,.T.);
#2827 = EDGE_CURVE('',#1114,#2828,#2830,.T.);
#2828 = VERTEX_POINT('',#2829);
#2829 = CARTESIAN_POINT('',(73.769149363623,-77.53191051431,10.));
#2830 = LINE('',#2831,#2832);
#2831 = CARTESIAN_POINT('',(73.769149363623,-77.53191051431,4.));
#2832 = VECTOR('',#2833,1.);
#2833 = DIRECTION('',(0.,0.,1.));
#2834 = ORIENTED_EDGE('',*,*,#2835,.T.);
#2835 = EDGE_CURVE('',#2828,#2836,#2838,.T.);
#2836 = VERTEX_POINT('',#2837);
#2837 = CARTESIAN_POINT('',(39.605896754013,-69.60115544423,10.));
#2838 = LINE('',#2839,#2840);
#2839 = CARTESIAN_POINT('',(0.791453975198,-60.59065979914,10.));
#2840 = VECTOR('',#2841,1.);
#2841 = DIRECTION('',(-0.974097200243,0.226129707199,0.));
#2842 = ORIENTED_EDGE('',*,*,#2843,.F.);
#2843 = EDGE_CURVE('',#2811,#2836,#2844,.T.);
#2844 = LINE('',#2845,#2846);
#2845 = CARTESIAN_POINT('',(39.605896754013,-69.60115544423,3.5));
#2846 = VECTOR('',#2847,1.);
#2847 = DIRECTION('',(0.,0.,1.));
#2848 = PLANE('',#2849);
#2849 = AXIS2_PLACEMENT_3D('',#2850,#2851,#2852);
#2850 = CARTESIAN_POINT('',(0.791453975198,-60.59065979914,4.));
#2851 = DIRECTION('',(0.226129707199,0.974097200243,0.));
#2852 = DIRECTION('',(0.,0.,1.));
#2853 = ADVANCED_FACE('',(#2854),#2876,.T.);
#2854 = FACE_BOUND('',#2855,.T.);
#2855 = EDGE_LOOP('',(#2856,#2857,#2858,#2867,#2874,#2875));
#2856 = ORIENTED_EDGE('',*,*,#1104,.T.);
#2857 = ORIENTED_EDGE('',*,*,#1607,.T.);
#2858 = ORIENTED_EDGE('',*,*,#2859,.F.);
#2859 = EDGE_CURVE('',#2860,#1608,#2862,.T.);
#2860 = VERTEX_POINT('',#2861);
#2861 = CARTESIAN_POINT('',(75.,-64.,10.));
#2862 = CIRCLE('',#2863,75.);
#2863 = AXIS2_PLACEMENT_3D('',#2864,#2865,#2866);
#2864 = CARTESIAN_POINT('',(0.,-64.,10.));
#2865 = DIRECTION('',(0.,0.,1.));
#2866 = DIRECTION('',(1.,0.,-0.));
#2867 = ORIENTED_EDGE('',*,*,#2868,.F.);
#2868 = EDGE_CURVE('',#2828,#2860,#2869,.T.);
#2869 = CIRCLE('',#2870,75.);
#2870 = AXIS2_PLACEMENT_3D('',#2871,#2872,#2873);
#2871 = CARTESIAN_POINT('',(0.,-64.,10.));
#2872 = DIRECTION('',(0.,0.,1.));
#2873 = DIRECTION('',(1.,0.,-0.));
#2874 = ORIENTED_EDGE('',*,*,#2827,.F.);
#2875 = ORIENTED_EDGE('',*,*,#1113,.T.);
#2876 = CYLINDRICAL_SURFACE('',#2877,75.);
#2877 = AXIS2_PLACEMENT_3D('',#2878,#2879,#2880);
#2878 = CARTESIAN_POINT('',(0.,-64.,4.));
#2879 = DIRECTION('',(0.,0.,1.));
#2880 = DIRECTION('',(1.,0.,-0.));
#2881 = ADVANCED_FACE('',(#2882),#2889,.T.);
#2882 = FACE_BOUND('',#2883,.T.);
#2883 = EDGE_LOOP('',(#2884,#2885,#2886,#2887,#2888));
#2884 = ORIENTED_EDGE('',*,*,#1303,.T.);
#2885 = ORIENTED_EDGE('',*,*,#1145,.T.);
#2886 = ORIENTED_EDGE('',*,*,#1176,.T.);
#2887 = ORIENTED_EDGE('',*,*,#1232,.T.);
#2888 = ORIENTED_EDGE('',*,*,#1279,.T.);
#2889 = PLANE('',#2890);
#2890 = AXIS2_PLACEMENT_3D('',#2891,#2892,#2893);
#2891 = CARTESIAN_POINT('',(89.6,90.,9.343075305071));
#2892 = DIRECTION('',(1.,0.,0.));
#2893 = DIRECTION('',(-0.,0.,1.));
#2894 = ADVANCED_FACE('',(#2895),#2902,.T.);
#2895 = FACE_BOUND('',#2896,.T.);
#2896 = EDGE_LOOP('',(#2897,#2898,#2899,#2900,#2901));
#2897 = ORIENTED_EDGE('',*,*,#1441,.T.);
#2898 = ORIENTED_EDGE('',*,*,#1354,.T.);
#2899 = ORIENTED_EDGE('',*,*,#1385,.T.);
#2900 = ORIENTED_EDGE('',*,*,#1499,.T.);
#2901 = ORIENTED_EDGE('',*,*,#1546,.T.);
#2902 = PLANE('',#2903);
#2903 = AXIS2_PLACEMENT_3D('',#2904,#2905,#2906);
#2904 = CARTESIAN_POINT('',(89.6,-90.,9.343075305071));
#2905 = DIRECTION('',(1.,0.,0.));
#2906 = DIRECTION('',(-0.,0.,1.));
#2907 = ADVANCED_FACE('',(#2908),#2929,.T.);
#2908 = FACE_BOUND('',#2909,.T.);
#2909 = EDGE_LOOP('',(#2910,#2911,#2912,#2921,#2928));
#2910 = ORIENTED_EDGE('',*,*,#1758,.F.);
#2911 = ORIENTED_EDGE('',*,*,#2810,.T.);
#2912 = ORIENTED_EDGE('',*,*,#2913,.T.);
#2913 = EDGE_CURVE('',#2811,#2914,#2916,.T.);
#2914 = VERTEX_POINT('',#2915);
#2915 = CARTESIAN_POINT('',(40.,-64.,4.));
#2916 = CIRCLE('',#2917,40.);
#2917 = AXIS2_PLACEMENT_3D('',#2918,#2919,#2920);
#2918 = CARTESIAN_POINT('',(0.,-64.,4.));
#2919 = DIRECTION('',(0.,0.,1.));
#2920 = DIRECTION('',(1.,0.,-0.));
#2921 = ORIENTED_EDGE('',*,*,#2922,.T.);
#2922 = EDGE_CURVE('',#2914,#1591,#2923,.T.);
#2923 = CIRCLE('',#2924,40.);
#2924 = AXIS2_PLACEMENT_3D('',#2925,#2926,#2927);
#2925 = CARTESIAN_POINT('',(0.,-64.,4.));
#2926 = DIRECTION('',(0.,0.,1.));
#2927 = DIRECTION('',(1.,0.,-0.));
#2928 = ORIENTED_EDGE('',*,*,#1588,.F.);
#2929 = PLANE('',#2930);
#2930 = AXIS2_PLACEMENT_3D('',#2931,#2932,#2933);
#2931 = CARTESIAN_POINT('',(-140.,-147.5,4.));
#2932 = DIRECTION('',(0.,0.,1.));
#2933 = DIRECTION('',(1.,0.,-0.));
#2934 = ADVANCED_FACE('',(#2935),#2957,.F.);
#2935 = FACE_BOUND('',#2936,.F.);
#2936 = EDGE_LOOP('',(#2937,#2938,#2947,#2954,#2955,#2956));
#2937 = ORIENTED_EDGE('',*,*,#1623,.T.);
#2938 = ORIENTED_EDGE('',*,*,#2939,.F.);
#2939 = EDGE_CURVE('',#2940,#1616,#2942,.T.);
#2940 = VERTEX_POINT('',#2941);
#2941 = CARTESIAN_POINT('',(40.,-64.,10.));
#2942 = CIRCLE('',#2943,40.);
#2943 = AXIS2_PLACEMENT_3D('',#2944,#2945,#2946);
#2944 = CARTESIAN_POINT('',(0.,-64.,10.));
#2945 = DIRECTION('',(0.,0.,1.));
#2946 = DIRECTION('',(1.,0.,-0.));
#2947 = ORIENTED_EDGE('',*,*,#2948,.F.);
#2948 = EDGE_CURVE('',#2836,#2940,#2949,.T.);
#2949 = CIRCLE('',#2950,40.);
#2950 = AXIS2_PLACEMENT_3D('',#2951,#2952,#2953);
#2951 = CARTESIAN_POINT('',(0.,-64.,10.));
#2952 = DIRECTION('',(0.,0.,1.));
#2953 = DIRECTION('',(1.,0.,-0.));
#2954 = ORIENTED_EDGE('',*,*,#2843,.F.);
#2955 = ORIENTED_EDGE('',*,*,#2913,.T.);
#2956 = ORIENTED_EDGE('',*,*,#2922,.T.);
#2957 = CYLINDRICAL_SURFACE('',#2958,40.);
#2958 = AXIS2_PLACEMENT_3D('',#2959,#2960,#2961);
#2959 = CARTESIAN_POINT('',(0.,-64.,3.5));
#2960 = DIRECTION('',(0.,0.,1.));
#2961 = DIRECTION('',(1.,0.,-0.));
#2962 = ADVANCED_FACE('',(#2963),#2971,.T.);
#2963 = FACE_BOUND('',#2964,.T.);
#2964 = EDGE_LOOP('',(#2965,#2966,#2967,#2968,#2969,#2970));
#2965 = ORIENTED_EDGE('',*,*,#2835,.F.);
#2966 = ORIENTED_EDGE('',*,*,#2868,.T.);
#2967 = ORIENTED_EDGE('',*,*,#2859,.T.);
#2968 = ORIENTED_EDGE('',*,*,#1615,.T.);
#2969 = ORIENTED_EDGE('',*,*,#2939,.F.);
#2970 = ORIENTED_EDGE('',*,*,#2948,.F.);
#2971 = PLANE('',#2972);
#2972 = AXIS2_PLACEMENT_3D('',#2973,#2974,#2975);
#2973 = CARTESIAN_POINT('',(0.,-64.,10.));
#2974 = DIRECTION('',(0.,0.,1.));
#2975 = DIRECTION('',(1.,0.,-0.));
#2976 = ADVANCED_FACE('',(#2977),#2996,.T.);
#2977 = FACE_BOUND('',#2978,.T.);
#2978 = EDGE_LOOP('',(#2979,#2980,#2988,#2995));
#2979 = ORIENTED_EDGE('',*,*,#1847,.F.);
#2980 = ORIENTED_EDGE('',*,*,#2981,.T.);
#2981 = EDGE_CURVE('',#1840,#2982,#2984,.T.);
#2982 = VERTEX_POINT('',#2983);
#2983 = CARTESIAN_POINT('',(-38.02298880361,-76.41983584593,4.));
#2984 = LINE('',#2985,#2986);
#2985 = CARTESIAN_POINT('',(0.791453975198,-67.40934020085,4.));
#2986 = VECTOR('',#2987,1.);
#2987 = DIRECTION('',(-0.974097200243,-0.226129707199,0.));
#2988 = ORIENTED_EDGE('',*,*,#2989,.T.);
#2989 = EDGE_CURVE('',#2982,#2498,#2990,.T.);
#2990 = CIRCLE('',#2991,40.);
#2991 = AXIS2_PLACEMENT_3D('',#2992,#2993,#2994);
#2992 = CARTESIAN_POINT('',(0.,-64.,4.));
#2993 = DIRECTION('',(0.,0.,1.));
#2994 = DIRECTION('',(1.,0.,-0.));
#2995 = ORIENTED_EDGE('',*,*,#2497,.F.);
#2996 = PLANE('',#2997);
#2997 = AXIS2_PLACEMENT_3D('',#2998,#2999,#3000);
#2998 = CARTESIAN_POINT('',(-140.,-147.5,4.));
#2999 = DIRECTION('',(0.,0.,1.));
#3000 = DIRECTION('',(1.,0.,-0.));
#3001 = ADVANCED_FACE('',(#3002),#3052,.T.);
#3002 = FACE_BOUND('',#3003,.T.);
#3003 = EDGE_LOOP('',(#3004,#3005,#3006,#3014,#3022,#3030,#3038,#3046));
#3004 = ORIENTED_EDGE('',*,*,#2981,.F.);
#3005 = ORIENTED_EDGE('',*,*,#1839,.T.);
#3006 = ORIENTED_EDGE('',*,*,#3007,.T.);
#3007 = EDGE_CURVE('',#1831,#3008,#3010,.T.);
#3008 = VERTEX_POINT('',#3009);
#3009 = CARTESIAN_POINT('',(-85.,-87.32521344509,14.));
#3010 = LINE('',#3011,#3012);
#3011 = CARTESIAN_POINT('',(0.791453975198,-67.40934020085,14.));
#3012 = VECTOR('',#3013,1.);
#3013 = DIRECTION('',(-0.974097200243,-0.226129707199,0.));
#3014 = ORIENTED_EDGE('',*,*,#3015,.F.);
#3015 = EDGE_CURVE('',#3016,#3008,#3018,.T.);
#3016 = VERTEX_POINT('',#3017);
#3017 = CARTESIAN_POINT('',(-85.,-87.32521344509,4.));
#3018 = LINE('',#3019,#3020);
#3019 = CARTESIAN_POINT('',(-85.,-87.32521344509,4.));
#3020 = VECTOR('',#3021,1.);
#3021 = DIRECTION('',(0.,0.,1.));
#3022 = ORIENTED_EDGE('',*,*,#3023,.F.);
#3023 = EDGE_CURVE('',#3024,#3016,#3026,.T.);
#3024 = VERTEX_POINT('',#3025);
#3025 = CARTESIAN_POINT('',(-72.18624141322,-84.35059091602,4.));
#3026 = LINE('',#3027,#3028);
#3027 = CARTESIAN_POINT('',(0.791453975198,-67.40934020085,4.));
#3028 = VECTOR('',#3029,1.);
#3029 = DIRECTION('',(-0.974097200243,-0.226129707199,0.));
#3030 = ORIENTED_EDGE('',*,*,#3031,.T.);
#3031 = EDGE_CURVE('',#3024,#3032,#3034,.T.);
#3032 = VERTEX_POINT('',#3033);
#3033 = CARTESIAN_POINT('',(-72.18624141322,-84.35059091602,10.));
#3034 = LINE('',#3035,#3036);
#3035 = CARTESIAN_POINT('',(-72.18624141322,-84.35059091602,4.));
#3036 = VECTOR('',#3037,1.);
#3037 = DIRECTION('',(0.,0.,1.));
#3038 = ORIENTED_EDGE('',*,*,#3039,.T.);
#3039 = EDGE_CURVE('',#3032,#3040,#3042,.T.);
#3040 = VERTEX_POINT('',#3041);
#3041 = CARTESIAN_POINT('',(-38.02298880361,-76.41983584593,10.));
#3042 = LINE('',#3043,#3044);
#3043 = CARTESIAN_POINT('',(0.791453975198,-67.40934020085,10.));
#3044 = VECTOR('',#3045,1.);
#3045 = DIRECTION('',(0.974097200243,0.226129707199,-0.));
#3046 = ORIENTED_EDGE('',*,*,#3047,.F.);
#3047 = EDGE_CURVE('',#2982,#3040,#3048,.T.);
#3048 = LINE('',#3049,#3050);
#3049 = CARTESIAN_POINT('',(-38.02298880361,-76.41983584593,3.5));
#3050 = VECTOR('',#3051,1.);
#3051 = DIRECTION('',(0.,0.,1.));
#3052 = PLANE('',#3053);
#3053 = AXIS2_PLACEMENT_3D('',#3054,#3055,#3056);
#3054 = CARTESIAN_POINT('',(0.791453975198,-67.40934020085,4.));
#3055 = DIRECTION('',(0.226129707199,-0.974097200243,0.));
#3056 = DIRECTION('',(0.,0.,1.));
#3057 = ADVANCED_FACE('',(#3058),#3076,.T.);
#3058 = FACE_BOUND('',#3059,.T.);
#3059 = EDGE_LOOP('',(#3060,#3061,#3062,#3070));
#3060 = ORIENTED_EDGE('',*,*,#3007,.F.);
#3061 = ORIENTED_EDGE('',*,*,#1830,.F.);
#3062 = ORIENTED_EDGE('',*,*,#3063,.T.);
#3063 = EDGE_CURVE('',#1823,#3064,#3066,.T.);
#3064 = VERTEX_POINT('',#3065);
#3065 = CARTESIAN_POINT('',(-85.,-80.13907226919,14.));
#3066 = LINE('',#3067,#3068);
#3067 = CARTESIAN_POINT('',(-0.791453975198,-60.59065979914,14.));
#3068 = VECTOR('',#3069,1.);
#3069 = DIRECTION('',(-0.974097200243,-0.226129707199,0.));
#3070 = ORIENTED_EDGE('',*,*,#3071,.F.);
#3071 = EDGE_CURVE('',#3008,#3064,#3072,.T.);
#3072 = LINE('',#3073,#3074);
#3073 = CARTESIAN_POINT('',(-85.,-87.79532989957,14.));
#3074 = VECTOR('',#3075,1.);
#3075 = DIRECTION('',(-0.,1.,0.));
#3076 = PLANE('',#3077);
#3077 = AXIS2_PLACEMENT_3D('',#3078,#3079,#3080);
#3078 = CARTESIAN_POINT('',(-0.791453975198,-60.59065979914,14.));
#3079 = DIRECTION('',(0.,0.,1.));
#3080 = DIRECTION('',(-0.974097200243,-0.226129707199,0.));
#3081 = ADVANCED_FACE('',(#3082),#3132,.F.);
#3082 = FACE_BOUND('',#3083,.F.);
#3083 = EDGE_LOOP('',(#3084,#3092,#3093,#3094,#3102,#3110,#3118,#3126));
#3084 = ORIENTED_EDGE('',*,*,#3085,.F.);
#3085 = EDGE_CURVE('',#1814,#3086,#3088,.T.);
#3086 = VERTEX_POINT('',#3087);
#3087 = CARTESIAN_POINT('',(-39.60589675401,-69.60115544422,4.));
#3088 = LINE('',#3089,#3090);
#3089 = CARTESIAN_POINT('',(-0.791453975198,-60.59065979914,4.));
#3090 = VECTOR('',#3091,1.);
#3091 = DIRECTION('',(-0.974097200243,-0.226129707199,0.));
#3092 = ORIENTED_EDGE('',*,*,#1822,.T.);
#3093 = ORIENTED_EDGE('',*,*,#3063,.T.);
#3094 = ORIENTED_EDGE('',*,*,#3095,.F.);
#3095 = EDGE_CURVE('',#3096,#3064,#3098,.T.);
#3096 = VERTEX_POINT('',#3097);
#3097 = CARTESIAN_POINT('',(-85.,-80.13907226919,4.));
#3098 = LINE('',#3099,#3100);
#3099 = CARTESIAN_POINT('',(-85.,-80.13907226919,4.));
#3100 = VECTOR('',#3101,1.);
#3101 = DIRECTION('',(0.,0.,1.));
#3102 = ORIENTED_EDGE('',*,*,#3103,.F.);
#3103 = EDGE_CURVE('',#3104,#3096,#3106,.T.);
#3104 = VERTEX_POINT('',#3105);
#3105 = CARTESIAN_POINT('',(-73.76914936362,-77.53191051431,4.));
#3106 = LINE('',#3107,#3108);
#3107 = CARTESIAN_POINT('',(-0.791453975198,-60.59065979914,4.));
#3108 = VECTOR('',#3109,1.);
#3109 = DIRECTION('',(-0.974097200243,-0.226129707199,0.));
#3110 = ORIENTED_EDGE('',*,*,#3111,.T.);
#3111 = EDGE_CURVE('',#3104,#3112,#3114,.T.);
#3112 = VERTEX_POINT('',#3113);
#3113 = CARTESIAN_POINT('',(-73.76914936362,-77.53191051431,10.));
#3114 = LINE('',#3115,#3116);
#3115 = CARTESIAN_POINT('',(-73.76914936362,-77.53191051431,4.));
#3116 = VECTOR('',#3117,1.);
#3117 = DIRECTION('',(0.,0.,1.));
#3118 = ORIENTED_EDGE('',*,*,#3119,.T.);
#3119 = EDGE_CURVE('',#3112,#3120,#3122,.T.);
#3120 = VERTEX_POINT('',#3121);
#3121 = CARTESIAN_POINT('',(-39.60589675401,-69.60115544423,10.));
#3122 = LINE('',#3123,#3124);
#3123 = CARTESIAN_POINT('',(-0.791453975198,-60.59065979914,10.));
#3124 = VECTOR('',#3125,1.);
#3125 = DIRECTION('',(0.974097200243,0.226129707199,-0.));
#3126 = ORIENTED_EDGE('',*,*,#3127,.F.);
#3127 = EDGE_CURVE('',#3086,#3120,#3128,.T.);
#3128 = LINE('',#3129,#3130);
#3129 = CARTESIAN_POINT('',(-39.60589675401,-69.60115544423,3.5));
#3130 = VECTOR('',#3131,1.);
#3131 = DIRECTION('',(0.,0.,1.));
#3132 = PLANE('',#3133);
#3133 = AXIS2_PLACEMENT_3D('',#3134,#3135,#3136);
#3134 = CARTESIAN_POINT('',(-0.791453975198,-60.59065979914,4.));
#3135 = DIRECTION('',(0.226129707199,-0.974097200243,0.));
#3136 = DIRECTION('',(0.,0.,1.));
#3137 = ADVANCED_FACE('',(#3138),#3157,.T.);
#3138 = FACE_BOUND('',#3139,.T.);
#3139 = EDGE_LOOP('',(#3140,#3141,#3149,#3156));
#3140 = ORIENTED_EDGE('',*,*,#1813,.F.);
#3141 = ORIENTED_EDGE('',*,*,#3142,.T.);
#3142 = EDGE_CURVE('',#1806,#3143,#3145,.T.);
#3143 = VERTEX_POINT('',#3144);
#3144 = CARTESIAN_POINT('',(-26.26720736003,-33.83323322752,4.));
#3145 = LINE('',#3146,#3147);
#3146 = CARTESIAN_POINT('',(-2.830576295061,-66.05860094186,4.));
#3147 = VECTOR('',#3148,1.);
#3148 = DIRECTION('',(-0.588171697675,0.808736084303,0.));
#3149 = ORIENTED_EDGE('',*,*,#3150,.T.);
#3150 = EDGE_CURVE('',#3143,#3086,#3151,.T.);
#3151 = CIRCLE('',#3152,40.);
#3152 = AXIS2_PLACEMENT_3D('',#3153,#3154,#3155);
#3153 = CARTESIAN_POINT('',(0.,-64.,4.));
#3154 = DIRECTION('',(0.,0.,1.));
#3155 = DIRECTION('',(1.,0.,-0.));
#3156 = ORIENTED_EDGE('',*,*,#3085,.F.);
#3157 = PLANE('',#3158);
#3158 = AXIS2_PLACEMENT_3D('',#3159,#3160,#3161);
#3159 = CARTESIAN_POINT('',(-140.,-147.5,4.));
#3160 = DIRECTION('',(0.,0.,1.));
#3161 = DIRECTION('',(1.,0.,-0.));
#3162 = ADVANCED_FACE('',(#3163),#3213,.T.);
#3163 = FACE_BOUND('',#3164,.T.);
#3164 = EDGE_LOOP('',(#3165,#3166,#3167,#3175,#3183,#3191,#3199,#3207));
#3165 = ORIENTED_EDGE('',*,*,#3142,.F.);
#3166 = ORIENTED_EDGE('',*,*,#1805,.T.);
#3167 = ORIENTED_EDGE('',*,*,#3168,.T.);
#3168 = EDGE_CURVE('',#1797,#3169,#3171,.T.);
#3169 = VERTEX_POINT('',#3170);
#3170 = CARTESIAN_POINT('',(-98.14592243459,65.,14.));
#3171 = LINE('',#3172,#3173);
#3172 = CARTESIAN_POINT('',(-2.830576295061,-66.05860094186,14.));
#3173 = VECTOR('',#3174,1.);
#3174 = DIRECTION('',(-0.588171697675,0.808736084303,0.));
#3175 = ORIENTED_EDGE('',*,*,#3176,.T.);
#3176 = EDGE_CURVE('',#3169,#3177,#3179,.T.);
#3177 = VERTEX_POINT('',#3178);
#3178 = CARTESIAN_POINT('',(-98.14592243459,65.,4.));
#3179 = LINE('',#3180,#3181);
#3180 = CARTESIAN_POINT('',(-98.14592243459,65.,4.));
#3181 = VECTOR('',#3182,1.);
#3182 = DIRECTION('',(-0.,0.,-1.));
#3183 = ORIENTED_EDGE('',*,*,#3184,.F.);
#3184 = EDGE_CURVE('',#3185,#3177,#3187,.T.);
#3185 = VERTEX_POINT('',#3186);
#3186 = CARTESIAN_POINT('',(-46.89539341834,-5.469477397353,4.));
#3187 = LINE('',#3188,#3189);
#3188 = CARTESIAN_POINT('',(-2.830576295061,-66.05860094186,4.));
#3189 = VECTOR('',#3190,1.);
#3190 = DIRECTION('',(-0.588171697675,0.808736084303,0.));
#3191 = ORIENTED_EDGE('',*,*,#3192,.T.);
#3192 = EDGE_CURVE('',#3185,#3193,#3195,.T.);
#3193 = VERTEX_POINT('',#3194);
#3194 = CARTESIAN_POINT('',(-46.89539341834,-5.469477397353,10.));
#3195 = LINE('',#3196,#3197);
#3196 = CARTESIAN_POINT('',(-46.89539341834,-5.469477397353,4.));
#3197 = VECTOR('',#3198,1.);
#3198 = DIRECTION('',(0.,0.,1.));
#3199 = ORIENTED_EDGE('',*,*,#3200,.T.);
#3200 = EDGE_CURVE('',#3193,#3201,#3203,.T.);
#3201 = VERTEX_POINT('',#3202);
#3202 = CARTESIAN_POINT('',(-26.26720736003,-33.83323322752,10.));
#3203 = LINE('',#3204,#3205);
#3204 = CARTESIAN_POINT('',(-2.830576295061,-66.05860094186,10.));
#3205 = VECTOR('',#3206,1.);
#3206 = DIRECTION('',(0.588171697675,-0.808736084303,0.));
#3207 = ORIENTED_EDGE('',*,*,#3208,.F.);
#3208 = EDGE_CURVE('',#3143,#3201,#3209,.T.);
#3209 = LINE('',#3210,#3211);
#3210 = CARTESIAN_POINT('',(-26.26720736003,-33.83323322752,3.5));
#3211 = VECTOR('',#3212,1.);
#3212 = DIRECTION('',(0.,0.,1.));
#3213 = PLANE('',#3214);
#3214 = AXIS2_PLACEMENT_3D('',#3215,#3216,#3217);
#3215 = CARTESIAN_POINT('',(-2.830576295061,-66.05860094186,4.));
#3216 = DIRECTION('',(-0.808736084303,-0.588171697675,0.));
#3217 = DIRECTION('',(0.,0.,1.));
#3218 = ADVANCED_FACE('',(#3219),#3237,.T.);
#3219 = FACE_BOUND('',#3220,.T.);
#3220 = EDGE_LOOP('',(#3221,#3222,#3223,#3231));
#3221 = ORIENTED_EDGE('',*,*,#3168,.F.);
#3222 = ORIENTED_EDGE('',*,*,#1796,.F.);
#3223 = ORIENTED_EDGE('',*,*,#3224,.T.);
#3224 = EDGE_CURVE('',#1789,#3225,#3227,.T.);
#3225 = VERTEX_POINT('',#3226);
#3226 = CARTESIAN_POINT('',(-89.49044120176,65.,14.));
#3227 = LINE('',#3228,#3229);
#3228 = CARTESIAN_POINT('',(2.830576295061,-61.94139905813,14.));
#3229 = VECTOR('',#3230,1.);
#3230 = DIRECTION('',(-0.588171697675,0.808736084303,0.));
#3231 = ORIENTED_EDGE('',*,*,#3232,.T.);
#3232 = EDGE_CURVE('',#3225,#3169,#3233,.T.);
#3233 = LINE('',#3234,#3235);
#3234 = CARTESIAN_POINT('',(-68.58471185246,65.,14.));
#3235 = VECTOR('',#3236,1.);
#3236 = DIRECTION('',(-1.,-0.,0.));
#3237 = PLANE('',#3238);
#3238 = AXIS2_PLACEMENT_3D('',#3239,#3240,#3241);
#3239 = CARTESIAN_POINT('',(2.830576295061,-61.94139905813,14.));
#3240 = DIRECTION('',(0.,0.,1.));
#3241 = DIRECTION('',(-0.588171697675,0.808736084303,0.));
#3242 = ADVANCED_FACE('',(#3243),#3293,.F.);
#3243 = FACE_BOUND('',#3244,.F.);
#3244 = EDGE_LOOP('',(#3245,#3253,#3254,#3255,#3263,#3271,#3279,#3287));
#3245 = ORIENTED_EDGE('',*,*,#3246,.F.);
#3246 = EDGE_CURVE('',#1780,#3247,#3249,.T.);
#3247 = VERTEX_POINT('',#3248);
#3248 = CARTESIAN_POINT('',(-20.60605476991,-29.71603134379,4.));
#3249 = LINE('',#3250,#3251);
#3250 = CARTESIAN_POINT('',(2.830576295061,-61.94139905813,4.));
#3251 = VECTOR('',#3252,1.);
#3252 = DIRECTION('',(-0.588171697675,0.808736084303,0.));
#3253 = ORIENTED_EDGE('',*,*,#1788,.T.);
#3254 = ORIENTED_EDGE('',*,*,#3224,.T.);
#3255 = ORIENTED_EDGE('',*,*,#3256,.T.);
#3256 = EDGE_CURVE('',#3225,#3257,#3259,.T.);
#3257 = VERTEX_POINT('',#3258);
#3258 = CARTESIAN_POINT('',(-89.49044120176,65.,4.));
#3259 = LINE('',#3260,#3261);
#3260 = CARTESIAN_POINT('',(-89.49044120176,65.,4.));
#3261 = VECTOR('',#3262,1.);
#3262 = DIRECTION('',(-0.,0.,-1.));
#3263 = ORIENTED_EDGE('',*,*,#3264,.F.);
#3264 = EDGE_CURVE('',#3265,#3257,#3267,.T.);
#3265 = VERTEX_POINT('',#3266);
#3266 = CARTESIAN_POINT('',(-41.23424082821,-1.352275513627,4.));
#3267 = LINE('',#3268,#3269);
#3268 = CARTESIAN_POINT('',(2.830576295061,-61.94139905813,4.));
#3269 = VECTOR('',#3270,1.);
#3270 = DIRECTION('',(-0.588171697675,0.808736084303,0.));
#3271 = ORIENTED_EDGE('',*,*,#3272,.T.);
#3272 = EDGE_CURVE('',#3265,#3273,#3275,.T.);
#3273 = VERTEX_POINT('',#3274);
#3274 = CARTESIAN_POINT('',(-41.23424082821,-1.352275513627,10.));
#3275 = LINE('',#3276,#3277);
#3276 = CARTESIAN_POINT('',(-41.23424082821,-1.352275513627,4.));
#3277 = VECTOR('',#3278,1.);
#3278 = DIRECTION('',(0.,0.,1.));
#3279 = ORIENTED_EDGE('',*,*,#3280,.T.);
#3280 = EDGE_CURVE('',#3273,#3281,#3283,.T.);
#3281 = VERTEX_POINT('',#3282);
#3282 = CARTESIAN_POINT('',(-20.60605476991,-29.71603134379,10.));
#3283 = LINE('',#3284,#3285);
#3284 = CARTESIAN_POINT('',(2.830576295061,-61.94139905813,10.));
#3285 = VECTOR('',#3286,1.);
#3286 = DIRECTION('',(0.588171697675,-0.808736084303,0.));
#3287 = ORIENTED_EDGE('',*,*,#3288,.F.);
#3288 = EDGE_CURVE('',#3247,#3281,#3289,.T.);
#3289 = LINE('',#3290,#3291);
#3290 = CARTESIAN_POINT('',(-20.60605476991,-29.71603134379,3.5));
#3291 = VECTOR('',#3292,1.);
#3292 = DIRECTION('',(0.,0.,1.));
#3293 = PLANE('',#3294);
#3294 = AXIS2_PLACEMENT_3D('',#3295,#3296,#3297);
#3295 = CARTESIAN_POINT('',(2.830576295061,-61.94139905813,4.));
#3296 = DIRECTION('',(-0.808736084303,-0.588171697675,0.));
#3297 = DIRECTION('',(0.,0.,1.));
#3298 = ADVANCED_FACE('',(#3299),#3311,.T.);
#3299 = FACE_BOUND('',#3300,.T.);
#3300 = EDGE_LOOP('',(#3301,#3302,#3303,#3310));
#3301 = ORIENTED_EDGE('',*,*,#1779,.F.);
#3302 = ORIENTED_EDGE('',*,*,#2078,.T.);
#3303 = ORIENTED_EDGE('',*,*,#3304,.T.);
#3304 = EDGE_CURVE('',#2079,#3247,#3305,.T.);
#3305 = CIRCLE('',#3306,40.);
#3306 = AXIS2_PLACEMENT_3D('',#3307,#3308,#3309);
#3307 = CARTESIAN_POINT('',(0.,-64.,4.));
#3308 = DIRECTION('',(0.,0.,1.));
#3309 = DIRECTION('',(1.,0.,-0.));
#3310 = ORIENTED_EDGE('',*,*,#3246,.F.);
#3311 = PLANE('',#3312);
#3312 = AXIS2_PLACEMENT_3D('',#3313,#3314,#3315);
#3313 = CARTESIAN_POINT('',(-140.,-147.5,4.));
#3314 = DIRECTION('',(0.,0.,1.));
#3315 = DIRECTION('',(1.,0.,-0.));
#3316 = ADVANCED_FACE('',(#3317),#3324,.T.);
#3317 = FACE_BOUND('',#3318,.T.);
#3318 = EDGE_LOOP('',(#3319,#3320,#3321,#3322,#3323));
#3319 = ORIENTED_EDGE('',*,*,#2819,.F.);
#3320 = ORIENTED_EDGE('',*,*,#1741,.F.);
#3321 = ORIENTED_EDGE('',*,*,#1716,.F.);
#3322 = ORIENTED_EDGE('',*,*,#2604,.T.);
#3323 = ORIENTED_EDGE('',*,*,#2645,.T.);
#3324 = PLANE('',#3325);
#3325 = AXIS2_PLACEMENT_3D('',#3326,#3327,#3328);
#3326 = CARTESIAN_POINT('',(-0.791453975198,-67.40934020085,14.));
#3327 = DIRECTION('',(0.,0.,1.));
#3328 = DIRECTION('',(0.974097200243,-0.226129707199,0.));
#3329 = ADVANCED_FACE('',(#3330,#3333),#3344,.T.);
#3330 = FACE_BOUND('',#3331,.T.);
#3331 = EDGE_LOOP('',(#3332));
#3332 = ORIENTED_EDGE('',*,*,#1733,.T.);
#3333 = FACE_BOUND('',#3334,.T.);
#3334 = EDGE_LOOP('',(#3335));
#3335 = ORIENTED_EDGE('',*,*,#3336,.F.);
#3336 = EDGE_CURVE('',#3337,#3337,#3339,.T.);
#3337 = VERTEX_POINT('',#3338);
#3338 = CARTESIAN_POINT('',(12.5,-64.,19.));
#3339 = CIRCLE('',#3340,12.5);
#3340 = AXIS2_PLACEMENT_3D('',#3341,#3342,#3343);
#3341 = CARTESIAN_POINT('',(0.,-64.,19.));
#3342 = DIRECTION('',(0.,0.,1.));
#3343 = DIRECTION('',(1.,0.,-0.));
#3344 = PLANE('',#3345);
#3345 = AXIS2_PLACEMENT_3D('',#3346,#3347,#3348);
#3346 = CARTESIAN_POINT('',(0.,-64.,19.));
#3347 = DIRECTION('',(0.,0.,1.));
#3348 = DIRECTION('',(1.,0.,-0.));
#3349 = ADVANCED_FACE('',(#3350),#3362,.T.);
#3350 = FACE_BOUND('',#3351,.T.);
#3351 = EDGE_LOOP('',(#3352,#3353,#3354,#3361));
#3352 = ORIENTED_EDGE('',*,*,#1699,.F.);
#3353 = ORIENTED_EDGE('',*,*,#2455,.T.);
#3354 = ORIENTED_EDGE('',*,*,#3355,.T.);
#3355 = EDGE_CURVE('',#2456,#2596,#3356,.T.);
#3356 = CIRCLE('',#3357,40.);
#3357 = AXIS2_PLACEMENT_3D('',#3358,#3359,#3360);
#3358 = CARTESIAN_POINT('',(0.,-64.,4.));
#3359 = DIRECTION('',(0.,0.,1.));
#3360 = DIRECTION('',(1.,0.,-0.));
#3361 = ORIENTED_EDGE('',*,*,#2595,.F.);
#3362 = PLANE('',#3363);
#3363 = AXIS2_PLACEMENT_3D('',#3364,#3365,#3366);
#3364 = CARTESIAN_POINT('',(-140.,-147.5,4.));
#3365 = DIRECTION('',(0.,0.,1.));
#3366 = DIRECTION('',(1.,0.,-0.));
#3367 = ADVANCED_FACE('',(#3368),#3395,.T.);
#3368 = FACE_BOUND('',#3369,.T.);
#3369 = EDGE_LOOP('',(#3370,#3371,#3372,#3373,#3380,#3381,#3389));
#3370 = ORIENTED_EDGE('',*,*,#1881,.F.);
#3371 = ORIENTED_EDGE('',*,*,#2553,.T.);
#3372 = ORIENTED_EDGE('',*,*,#2515,.F.);
#3373 = ORIENTED_EDGE('',*,*,#3374,.F.);
#3374 = EDGE_CURVE('',#3024,#2516,#3375,.T.);
#3375 = CIRCLE('',#3376,75.);
#3376 = AXIS2_PLACEMENT_3D('',#3377,#3378,#3379);
#3377 = CARTESIAN_POINT('',(0.,-64.,4.));
#3378 = DIRECTION('',(0.,0.,1.));
#3379 = DIRECTION('',(1.,0.,-0.));
#3380 = ORIENTED_EDGE('',*,*,#3023,.T.);
#3381 = ORIENTED_EDGE('',*,*,#3382,.F.);
#3382 = EDGE_CURVE('',#3383,#3016,#3385,.T.);
#3383 = VERTEX_POINT('',#3384);
#3384 = CARTESIAN_POINT('',(-85.,-115.,4.));
#3385 = LINE('',#3386,#3387);
#3386 = CARTESIAN_POINT('',(-85.,-115.,4.));
#3387 = VECTOR('',#3388,1.);
#3388 = DIRECTION('',(-0.,1.,0.));
#3389 = ORIENTED_EDGE('',*,*,#3390,.F.);
#3390 = EDGE_CURVE('',#1882,#3383,#3391,.T.);
#3391 = LINE('',#3392,#3393);
#3392 = CARTESIAN_POINT('',(-140.,-115.,4.));
#3393 = VECTOR('',#3394,1.);
#3394 = DIRECTION('',(1.,0.,-0.));
#3395 = PLANE('',#3396);
#3396 = AXIS2_PLACEMENT_3D('',#3397,#3398,#3399);
#3397 = CARTESIAN_POINT('',(-140.,-147.5,4.));
#3398 = DIRECTION('',(0.,0.,1.));
#3399 = DIRECTION('',(1.,0.,-0.));
#3400 = ADVANCED_FACE('',(#3401),#3419,.F.);
#3401 = FACE_BOUND('',#3402,.F.);
#3402 = EDGE_LOOP('',(#3403,#3404,#3405,#3413));
#3403 = ORIENTED_EDGE('',*,*,#3390,.F.);
#3404 = ORIENTED_EDGE('',*,*,#1889,.T.);
#3405 = ORIENTED_EDGE('',*,*,#3406,.T.);
#3406 = EDGE_CURVE('',#1890,#3407,#3409,.T.);
#3407 = VERTEX_POINT('',#3408);
#3408 = CARTESIAN_POINT('',(-85.,-115.,24.));
#3409 = LINE('',#3410,#3411);
#3410 = CARTESIAN_POINT('',(-140.,-115.,24.));
#3411 = VECTOR('',#3412,1.);
#3412 = DIRECTION('',(1.,0.,-0.));
#3413 = ORIENTED_EDGE('',*,*,#3414,.F.);
#3414 = EDGE_CURVE('',#3383,#3407,#3415,.T.);
#3415 = LINE('',#3416,#3417);
#3416 = CARTESIAN_POINT('',(-85.,-115.,4.));
#3417 = VECTOR('',#3418,1.);
#3418 = DIRECTION('',(0.,0.,1.));
#3419 = PLANE('',#3420);
#3420 = AXIS2_PLACEMENT_3D('',#3421,#3422,#3423);
#3421 = CARTESIAN_POINT('',(-140.,-115.,4.));
#3422 = DIRECTION('',(-0.,1.,0.));
#3423 = DIRECTION('',(0.,0.,1.));
#3424 = ADVANCED_FACE('',(#3425),#3460,.T.);
#3425 = FACE_BOUND('',#3426,.T.);
#3426 = EDGE_LOOP('',(#3427,#3428,#3436,#3444,#3450,#3451,#3458,#3459));
#3427 = ORIENTED_EDGE('',*,*,#1945,.F.);
#3428 = ORIENTED_EDGE('',*,*,#3429,.T.);
#3429 = EDGE_CURVE('',#1938,#3430,#3432,.T.);
#3430 = VERTEX_POINT('',#3431);
#3431 = CARTESIAN_POINT('',(-85.,115.,4.));
#3432 = LINE('',#3433,#3434);
#3433 = CARTESIAN_POINT('',(-140.,115.,4.));
#3434 = VECTOR('',#3435,1.);
#3435 = DIRECTION('',(1.,0.,-0.));
#3436 = ORIENTED_EDGE('',*,*,#3437,.F.);
#3437 = EDGE_CURVE('',#3438,#3430,#3440,.T.);
#3438 = VERTEX_POINT('',#3439);
#3439 = CARTESIAN_POINT('',(-85.,65.,4.));
#3440 = LINE('',#3441,#3442);
#3441 = CARTESIAN_POINT('',(-85.,65.,4.));
#3442 = VECTOR('',#3443,1.);
#3443 = DIRECTION('',(-0.,1.,0.));
#3444 = ORIENTED_EDGE('',*,*,#3445,.F.);
#3445 = EDGE_CURVE('',#3257,#3438,#3446,.T.);
#3446 = LINE('',#3447,#3448);
#3447 = CARTESIAN_POINT('',(-140.,65.,4.));
#3448 = VECTOR('',#3449,1.);
#3449 = DIRECTION('',(1.,0.,-0.));
#3450 = ORIENTED_EDGE('',*,*,#3264,.F.);
#3451 = ORIENTED_EDGE('',*,*,#3452,.F.);
#3452 = EDGE_CURVE('',#2090,#3265,#3453,.T.);
#3453 = CIRCLE('',#3454,75.);
#3454 = AXIS2_PLACEMENT_3D('',#3455,#3456,#3457);
#3455 = CARTESIAN_POINT('',(0.,-64.,4.));
#3456 = DIRECTION('',(0.,0.,1.));
#3457 = DIRECTION('',(1.,0.,-0.));
#3458 = ORIENTED_EDGE('',*,*,#2089,.T.);
#3459 = ORIENTED_EDGE('',*,*,#2054,.F.);
#3460 = PLANE('',#3461);
#3461 = AXIS2_PLACEMENT_3D('',#3462,#3463,#3464);
#3462 = CARTESIAN_POINT('',(-140.,-147.5,4.));
#3463 = DIRECTION('',(0.,0.,1.));
#3464 = DIRECTION('',(1.,0.,-0.));
#3465 = ADVANCED_FACE('',(#3466,#3484),#3518,.T.);
#3466 = FACE_BOUND('',#3467,.T.);
#3467 = EDGE_LOOP('',(#3468,#3469,#3470,#3478));
#3468 = ORIENTED_EDGE('',*,*,#1897,.F.);
#3469 = ORIENTED_EDGE('',*,*,#3406,.T.);
#3470 = ORIENTED_EDGE('',*,*,#3471,.T.);
#3471 = EDGE_CURVE('',#3407,#3472,#3474,.T.);
#3472 = VERTEX_POINT('',#3473);
#3473 = CARTESIAN_POINT('',(-85.,-65.,24.));
#3474 = LINE('',#3475,#3476);
#3475 = CARTESIAN_POINT('',(-85.,-115.,24.));
#3476 = VECTOR('',#3477,1.);
#3477 = DIRECTION('',(-0.,1.,0.));
#3478 = ORIENTED_EDGE('',*,*,#3479,.F.);
#3479 = EDGE_CURVE('',#1898,#3472,#3480,.T.);
#3480 = LINE('',#3481,#3482);
#3481 = CARTESIAN_POINT('',(-140.,-65.,24.));
#3482 = VECTOR('',#3483,1.);
#3483 = DIRECTION('',(1.,0.,-0.));
#3484 = FACE_BOUND('',#3485,.T.);
#3485 = EDGE_LOOP('',(#3486,#3496,#3504,#3512));
#3486 = ORIENTED_EDGE('',*,*,#3487,.T.);
#3487 = EDGE_CURVE('',#3488,#3490,#3492,.T.);
#3488 = VERTEX_POINT('',#3489);
#3489 = CARTESIAN_POINT('',(-110.7,-96.3,24.));
#3490 = VERTEX_POINT('',#3491);
#3491 = CARTESIAN_POINT('',(-119.3,-96.3,24.));
#3492 = LINE('',#3493,#3494);
#3493 = CARTESIAN_POINT('',(-129.65,-96.3,24.));
#3494 = VECTOR('',#3495,1.);
#3495 = DIRECTION('',(-1.,-0.,0.));
#3496 = ORIENTED_EDGE('',*,*,#3497,.T.);
#3497 = EDGE_CURVE('',#3490,#3498,#3500,.T.);
#3498 = VERTEX_POINT('',#3499);
#3499 = CARTESIAN_POINT('',(-119.3,-83.7,24.));
#3500 = LINE('',#3501,#3502);
#3501 = CARTESIAN_POINT('',(-119.3,-105.65,24.));
#3502 = VECTOR('',#3503,1.);
#3503 = DIRECTION('',(-0.,1.,0.));
#3504 = ORIENTED_EDGE('',*,*,#3505,.F.);
#3505 = EDGE_CURVE('',#3506,#3498,#3508,.T.);
#3506 = VERTEX_POINT('',#3507);
#3507 = CARTESIAN_POINT('',(-110.7,-83.7,24.));
#3508 = LINE('',#3509,#3510);
#3509 = CARTESIAN_POINT('',(-129.65,-83.7,24.));
#3510 = VECTOR('',#3511,1.);
#3511 = DIRECTION('',(-1.,-0.,0.));
#3512 = ORIENTED_EDGE('',*,*,#3513,.F.);
#3513 = EDGE_CURVE('',#3488,#3506,#3514,.T.);
#3514 = LINE('',#3515,#3516);
#3515 = CARTESIAN_POINT('',(-110.7,-105.65,24.));
#3516 = VECTOR('',#3517,1.);
#3517 = DIRECTION('',(-0.,1.,0.));
#3518 = PLANE('',#3519);
#3519 = AXIS2_PLACEMENT_3D('',#3520,#3521,#3522);
#3520 = CARTESIAN_POINT('',(-140.,-115.,24.));
#3521 = DIRECTION('',(0.,0.,1.));
#3522 = DIRECTION('',(1.,0.,-0.));
#3523 = ADVANCED_FACE('',(#3524),#3542,.T.);
#3524 = FACE_BOUND('',#3525,.T.);
#3525 = EDGE_LOOP('',(#3526,#3527,#3528,#3536));
#3526 = ORIENTED_EDGE('',*,*,#3429,.F.);
#3527 = ORIENTED_EDGE('',*,*,#1937,.T.);
#3528 = ORIENTED_EDGE('',*,*,#3529,.T.);
#3529 = EDGE_CURVE('',#1930,#3530,#3532,.T.);
#3530 = VERTEX_POINT('',#3531);
#3531 = CARTESIAN_POINT('',(-85.,115.,24.));
#3532 = LINE('',#3533,#3534);
#3533 = CARTESIAN_POINT('',(-140.,115.,24.));
#3534 = VECTOR('',#3535,1.);
#3535 = DIRECTION('',(1.,0.,-0.));
#3536 = ORIENTED_EDGE('',*,*,#3537,.F.);
#3537 = EDGE_CURVE('',#3430,#3530,#3538,.T.);
#3538 = LINE('',#3539,#3540);
#3539 = CARTESIAN_POINT('',(-85.,115.,4.));
#3540 = VECTOR('',#3541,1.);
#3541 = DIRECTION('',(0.,0.,1.));
#3542 = PLANE('',#3543);
#3543 = AXIS2_PLACEMENT_3D('',#3544,#3545,#3546);
#3544 = CARTESIAN_POINT('',(-140.,115.,4.));
#3545 = DIRECTION('',(-0.,1.,0.));
#3546 = DIRECTION('',(0.,0.,1.));
#3547 = ADVANCED_FACE('',(#3548),#3566,.T.);
#3548 = FACE_BOUND('',#3549,.T.);
#3549 = EDGE_LOOP('',(#3550,#3558,#3559,#3560));
#3550 = ORIENTED_EDGE('',*,*,#3551,.F.);
#3551 = EDGE_CURVE('',#1906,#3552,#3554,.T.);
#3552 = VERTEX_POINT('',#3553);
#3553 = CARTESIAN_POINT('',(-85.,-65.,4.));
#3554 = LINE('',#3555,#3556);
#3555 = CARTESIAN_POINT('',(-140.,-65.,4.));
#3556 = VECTOR('',#3557,1.);
#3557 = DIRECTION('',(1.,0.,-0.));
#3558 = ORIENTED_EDGE('',*,*,#1905,.T.);
#3559 = ORIENTED_EDGE('',*,*,#3479,.T.);
#3560 = ORIENTED_EDGE('',*,*,#3561,.F.);
#3561 = EDGE_CURVE('',#3552,#3472,#3562,.T.);
#3562 = LINE('',#3563,#3564);
#3563 = CARTESIAN_POINT('',(-85.,-65.,4.));
#3564 = VECTOR('',#3565,1.);
#3565 = DIRECTION('',(0.,0.,1.));
#3566 = PLANE('',#3567);
#3567 = AXIS2_PLACEMENT_3D('',#3568,#3569,#3570);
#3568 = CARTESIAN_POINT('',(-140.,-65.,4.));
#3569 = DIRECTION('',(-0.,1.,0.));
#3570 = DIRECTION('',(0.,0.,1.));
#3571 = ADVANCED_FACE('',(#3572,#3590),#3624,.T.);
#3572 = FACE_BOUND('',#3573,.T.);
#3573 = EDGE_LOOP('',(#3574,#3575,#3583,#3589));
#3574 = ORIENTED_EDGE('',*,*,#1929,.F.);
#3575 = ORIENTED_EDGE('',*,*,#3576,.T.);
#3576 = EDGE_CURVE('',#1922,#3577,#3579,.T.);
#3577 = VERTEX_POINT('',#3578);
#3578 = CARTESIAN_POINT('',(-85.,65.,24.));
#3579 = LINE('',#3580,#3581);
#3580 = CARTESIAN_POINT('',(-140.,65.,24.));
#3581 = VECTOR('',#3582,1.);
#3582 = DIRECTION('',(1.,0.,-0.));
#3583 = ORIENTED_EDGE('',*,*,#3584,.T.);
#3584 = EDGE_CURVE('',#3577,#3530,#3585,.T.);
#3585 = LINE('',#3586,#3587);
#3586 = CARTESIAN_POINT('',(-85.,65.,24.));
#3587 = VECTOR('',#3588,1.);
#3588 = DIRECTION('',(-0.,1.,0.));
#3589 = ORIENTED_EDGE('',*,*,#3529,.F.);
#3590 = FACE_BOUND('',#3591,.T.);
#3591 = EDGE_LOOP('',(#3592,#3602,#3610,#3618));
#3592 = ORIENTED_EDGE('',*,*,#3593,.T.);
#3593 = EDGE_CURVE('',#3594,#3596,#3598,.T.);
#3594 = VERTEX_POINT('',#3595);
#3595 = CARTESIAN_POINT('',(-110.7,83.7,24.));
#3596 = VERTEX_POINT('',#3597);
#3597 = CARTESIAN_POINT('',(-119.3,83.7,24.));
#3598 = LINE('',#3599,#3600);
#3599 = CARTESIAN_POINT('',(-129.65,83.7,24.));
#3600 = VECTOR('',#3601,1.);
#3601 = DIRECTION('',(-1.,-0.,0.));
#3602 = ORIENTED_EDGE('',*,*,#3603,.T.);
#3603 = EDGE_CURVE('',#3596,#3604,#3606,.T.);
#3604 = VERTEX_POINT('',#3605);
#3605 = CARTESIAN_POINT('',(-119.3,96.3,24.));
#3606 = LINE('',#3607,#3608);
#3607 = CARTESIAN_POINT('',(-119.3,74.35,24.));
#3608 = VECTOR('',#3609,1.);
#3609 = DIRECTION('',(-0.,1.,0.));
#3610 = ORIENTED_EDGE('',*,*,#3611,.F.);
#3611 = EDGE_CURVE('',#3612,#3604,#3614,.T.);
#3612 = VERTEX_POINT('',#3613);
#3613 = CARTESIAN_POINT('',(-110.7,96.3,24.));
#3614 = LINE('',#3615,#3616);
#3615 = CARTESIAN_POINT('',(-129.65,96.3,24.));
#3616 = VECTOR('',#3617,1.);
#3617 = DIRECTION('',(-1.,-0.,0.));
#3618 = ORIENTED_EDGE('',*,*,#3619,.F.);
#3619 = EDGE_CURVE('',#3594,#3612,#3620,.T.);
#3620 = LINE('',#3621,#3622);
#3621 = CARTESIAN_POINT('',(-110.7,74.35,24.));
#3622 = VECTOR('',#3623,1.);
#3623 = DIRECTION('',(-0.,1.,0.));
#3624 = PLANE('',#3625);
#3625 = AXIS2_PLACEMENT_3D('',#3626,#3627,#3628);
#3626 = CARTESIAN_POINT('',(-140.,65.,24.));
#3627 = DIRECTION('',(0.,0.,1.));
#3628 = DIRECTION('',(1.,0.,-0.));
#3629 = ADVANCED_FACE('',(#3630),#3655,.T.);
#3630 = FACE_BOUND('',#3631,.T.);
#3631 = EDGE_LOOP('',(#3632,#3633,#3634,#3640,#3641,#3648,#3649));
#3632 = ORIENTED_EDGE('',*,*,#1913,.F.);
#3633 = ORIENTED_EDGE('',*,*,#3551,.T.);
#3634 = ORIENTED_EDGE('',*,*,#3635,.F.);
#3635 = EDGE_CURVE('',#3096,#3552,#3636,.T.);
#3636 = LINE('',#3637,#3638);
#3637 = CARTESIAN_POINT('',(-85.,-115.,4.));
#3638 = VECTOR('',#3639,1.);
#3639 = DIRECTION('',(-0.,1.,0.));
#3640 = ORIENTED_EDGE('',*,*,#3103,.F.);
#3641 = ORIENTED_EDGE('',*,*,#3642,.F.);
#3642 = EDGE_CURVE('',#3185,#3104,#3643,.T.);
#3643 = CIRCLE('',#3644,75.);
#3644 = AXIS2_PLACEMENT_3D('',#3645,#3646,#3647);
#3645 = CARTESIAN_POINT('',(0.,-64.,4.));
#3646 = DIRECTION('',(0.,0.,1.));
#3647 = DIRECTION('',(1.,0.,-0.));
#3648 = ORIENTED_EDGE('',*,*,#3184,.T.);
#3649 = ORIENTED_EDGE('',*,*,#3650,.F.);
#3650 = EDGE_CURVE('',#1914,#3177,#3651,.T.);
#3651 = LINE('',#3652,#3653);
#3652 = CARTESIAN_POINT('',(-140.,65.,4.));
#3653 = VECTOR('',#3654,1.);
#3654 = DIRECTION('',(1.,0.,-0.));
#3655 = PLANE('',#3656);
#3656 = AXIS2_PLACEMENT_3D('',#3657,#3658,#3659);
#3657 = CARTESIAN_POINT('',(-140.,-147.5,4.));
#3658 = DIRECTION('',(0.,0.,1.));
#3659 = DIRECTION('',(1.,0.,-0.));
#3660 = ADVANCED_FACE('',(#3661),#3676,.F.);
#3661 = FACE_BOUND('',#3662,.F.);
#3662 = EDGE_LOOP('',(#3663,#3664,#3665,#3666,#3672,#3673,#3674,#3675));
#3663 = ORIENTED_EDGE('',*,*,#3650,.F.);
#3664 = ORIENTED_EDGE('',*,*,#1921,.T.);
#3665 = ORIENTED_EDGE('',*,*,#3576,.T.);
#3666 = ORIENTED_EDGE('',*,*,#3667,.F.);
#3667 = EDGE_CURVE('',#3438,#3577,#3668,.T.);
#3668 = LINE('',#3669,#3670);
#3669 = CARTESIAN_POINT('',(-85.,65.,4.));
#3670 = VECTOR('',#3671,1.);
#3671 = DIRECTION('',(0.,0.,1.));
#3672 = ORIENTED_EDGE('',*,*,#3445,.F.);
#3673 = ORIENTED_EDGE('',*,*,#3256,.F.);
#3674 = ORIENTED_EDGE('',*,*,#3232,.T.);
#3675 = ORIENTED_EDGE('',*,*,#3176,.T.);
#3676 = PLANE('',#3677);
#3677 = AXIS2_PLACEMENT_3D('',#3678,#3679,#3680);
#3678 = CARTESIAN_POINT('',(-140.,65.,4.));
#3679 = DIRECTION('',(-0.,1.,0.));
#3680 = DIRECTION('',(0.,0.,1.));
#3681 = ADVANCED_FACE('',(#3682),#3707,.T.);
#3682 = FACE_BOUND('',#3683,.T.);
#3683 = EDGE_LOOP('',(#3684,#3685,#3693,#3701));
#3684 = ORIENTED_EDGE('',*,*,#1964,.F.);
#3685 = ORIENTED_EDGE('',*,*,#3686,.T.);
#3686 = EDGE_CURVE('',#1965,#3687,#3689,.T.);
#3687 = VERTEX_POINT('',#3688);
#3688 = CARTESIAN_POINT('',(-89.6,77.6,8.4));
#3689 = LINE('',#3690,#3691);
#3690 = CARTESIAN_POINT('',(-142.,77.6,8.4));
#3691 = VECTOR('',#3692,1.);
#3692 = DIRECTION('',(1.,0.,0.));
#3693 = ORIENTED_EDGE('',*,*,#3694,.T.);
#3694 = EDGE_CURVE('',#3687,#3695,#3697,.T.);
#3695 = VERTEX_POINT('',#3696);
#3696 = CARTESIAN_POINT('',(-89.6,77.6,3.6));
#3697 = LINE('',#3698,#3699);
#3698 = CARTESIAN_POINT('',(-89.6,77.6,8.4));
#3699 = VECTOR('',#3700,1.);
#3700 = DIRECTION('',(0.,0.,-1.));
#3701 = ORIENTED_EDGE('',*,*,#3702,.F.);
#3702 = EDGE_CURVE('',#1967,#3695,#3703,.T.);
#3703 = LINE('',#3704,#3705);
#3704 = CARTESIAN_POINT('',(-142.,77.6,3.6));
#3705 = VECTOR('',#3706,1.);
#3706 = DIRECTION('',(1.,0.,0.));
#3707 = PLANE('',#3708);
#3708 = AXIS2_PLACEMENT_3D('',#3709,#3710,#3711);
#3709 = CARTESIAN_POINT('',(-142.,77.6,8.4));
#3710 = DIRECTION('',(-0.,1.,0.));
#3711 = DIRECTION('',(0.,0.,-1.));
#3712 = ADVANCED_FACE('',(#3713),#3763,.T.);
#3713 = FACE_BOUND('',#3714,.T.);
#3714 = EDGE_LOOP('',(#3715,#3716,#3724,#3732,#3740,#3748,#3756,#3762));
#3715 = ORIENTED_EDGE('',*,*,#1998,.F.);
#3716 = ORIENTED_EDGE('',*,*,#3717,.T.);
#3717 = EDGE_CURVE('',#1991,#3718,#3720,.T.);
#3718 = VERTEX_POINT('',#3719);
#3719 = CARTESIAN_POINT('',(-119.3,90.,20.4));
#3720 = LINE('',#3721,#3722);
#3721 = CARTESIAN_POINT('',(-142.,90.,20.4));
#3722 = VECTOR('',#3723,1.);
#3723 = DIRECTION('',(1.,0.,0.));
#3724 = ORIENTED_EDGE('',*,*,#3725,.T.);
#3725 = EDGE_CURVE('',#3718,#3726,#3728,.T.);
#3726 = VERTEX_POINT('',#3727);
#3727 = CARTESIAN_POINT('',(-119.3,83.7,14.303225806452));
#3728 = LINE('',#3729,#3730);
#3729 = CARTESIAN_POINT('',(-119.3,83.026249328318,13.651209027405));
#3730 = VECTOR('',#3731,1.);
#3731 = DIRECTION('',(0.,-0.718602141767,-0.695421427516));
#3732 = ORIENTED_EDGE('',*,*,#3733,.T.);
#3733 = EDGE_CURVE('',#3726,#3734,#3736,.T.);
#3734 = VERTEX_POINT('',#3735);
#3735 = CARTESIAN_POINT('',(-110.7,83.7,14.303225806452));
#3736 = LINE('',#3737,#3738);
#3737 = CARTESIAN_POINT('',(-130.65,83.7,14.303225806452));
#3738 = VECTOR('',#3739,1.);
#3739 = DIRECTION('',(1.,0.,0.));
#3740 = ORIENTED_EDGE('',*,*,#3741,.F.);
#3741 = EDGE_CURVE('',#3742,#3734,#3744,.T.);
#3742 = VERTEX_POINT('',#3743);
#3743 = CARTESIAN_POINT('',(-110.7,90.,20.4));
#3744 = LINE('',#3745,#3746);
#3745 = CARTESIAN_POINT('',(-110.7,83.026249328318,13.651209027405));
#3746 = VECTOR('',#3747,1.);
#3747 = DIRECTION('',(0.,-0.718602141767,-0.695421427516));
#3748 = ORIENTED_EDGE('',*,*,#3749,.T.);
#3749 = EDGE_CURVE('',#3742,#3750,#3752,.T.);
#3750 = VERTEX_POINT('',#3751);
#3751 = CARTESIAN_POINT('',(-89.6,90.,20.4));
#3752 = LINE('',#3753,#3754);
#3753 = CARTESIAN_POINT('',(-142.,90.,20.4));
#3754 = VECTOR('',#3755,1.);
#3755 = DIRECTION('',(1.,0.,0.));
#3756 = ORIENTED_EDGE('',*,*,#3757,.T.);
#3757 = EDGE_CURVE('',#3750,#3687,#3758,.T.);
#3758 = LINE('',#3759,#3760);
#3759 = CARTESIAN_POINT('',(-89.6,90.,20.4));
#3760 = VECTOR('',#3761,1.);
#3761 = DIRECTION('',(0.,-0.718602141767,-0.695421427516));
#3762 = ORIENTED_EDGE('',*,*,#3686,.F.);
#3763 = PLANE('',#3764);
#3764 = AXIS2_PLACEMENT_3D('',#3765,#3766,#3767);
#3765 = CARTESIAN_POINT('',(-142.,90.,20.4));
#3766 = DIRECTION('',(0.,0.695421427516,-0.718602141767));
#3767 = DIRECTION('',(0.,-0.718602141767,-0.695421427516));
#3768 = ADVANCED_FACE('',(#3769),#3810,.T.);
#3769 = FACE_BOUND('',#3770,.T.);
#3770 = EDGE_LOOP('',(#3771,#3772,#3780,#3786,#3787,#3795,#3803,#3809));
#3771 = ORIENTED_EDGE('',*,*,#1990,.F.);
#3772 = ORIENTED_EDGE('',*,*,#3773,.T.);
#3773 = EDGE_CURVE('',#1983,#3774,#3776,.T.);
#3774 = VERTEX_POINT('',#3775);
#3775 = CARTESIAN_POINT('',(-89.6,102.4,8.4));
#3776 = LINE('',#3777,#3778);
#3777 = CARTESIAN_POINT('',(-142.,102.4,8.4));
#3778 = VECTOR('',#3779,1.);
#3779 = DIRECTION('',(1.,0.,0.));
#3780 = ORIENTED_EDGE('',*,*,#3781,.T.);
#3781 = EDGE_CURVE('',#3774,#3750,#3782,.T.);
#3782 = LINE('',#3783,#3784);
#3783 = CARTESIAN_POINT('',(-89.6,102.4,8.4));
#3784 = VECTOR('',#3785,1.);
#3785 = DIRECTION('',(0.,-0.718602141767,0.695421427516));
#3786 = ORIENTED_EDGE('',*,*,#3749,.F.);
#3787 = ORIENTED_EDGE('',*,*,#3788,.F.);
#3788 = EDGE_CURVE('',#3789,#3742,#3791,.T.);
#3789 = VERTEX_POINT('',#3790);
#3790 = CARTESIAN_POINT('',(-110.7,96.3,14.303225806452));
#3791 = LINE('',#3792,#3793);
#3792 = CARTESIAN_POINT('',(-110.7,99.920499731327,10.799516389038));
#3793 = VECTOR('',#3794,1.);
#3794 = DIRECTION('',(0.,-0.718602141767,0.695421427516));
#3795 = ORIENTED_EDGE('',*,*,#3796,.F.);
#3796 = EDGE_CURVE('',#3797,#3789,#3799,.T.);
#3797 = VERTEX_POINT('',#3798);
#3798 = CARTESIAN_POINT('',(-119.3,96.3,14.303225806452));
#3799 = LINE('',#3800,#3801);
#3800 = CARTESIAN_POINT('',(-130.65,96.3,14.303225806452));
#3801 = VECTOR('',#3802,1.);
#3802 = DIRECTION('',(1.,0.,0.));
#3803 = ORIENTED_EDGE('',*,*,#3804,.T.);
#3804 = EDGE_CURVE('',#3797,#3718,#3805,.T.);
#3805 = LINE('',#3806,#3807);
#3806 = CARTESIAN_POINT('',(-119.3,99.920499731327,10.799516389038));
#3807 = VECTOR('',#3808,1.);
#3808 = DIRECTION('',(0.,-0.718602141767,0.695421427516));
#3809 = ORIENTED_EDGE('',*,*,#3717,.F.);
#3810 = PLANE('',#3811);
#3811 = AXIS2_PLACEMENT_3D('',#3812,#3813,#3814);
#3812 = CARTESIAN_POINT('',(-142.,102.4,8.4));
#3813 = DIRECTION('',(0.,-0.695421427516,-0.718602141767));
#3814 = DIRECTION('',(0.,-0.718602141767,0.695421427516));
#3815 = ADVANCED_FACE('',(#3816),#3834,.T.);
#3816 = FACE_BOUND('',#3817,.T.);
#3817 = EDGE_LOOP('',(#3818,#3819,#3827,#3833));
#3818 = ORIENTED_EDGE('',*,*,#1982,.F.);
#3819 = ORIENTED_EDGE('',*,*,#3820,.T.);
#3820 = EDGE_CURVE('',#1975,#3821,#3823,.T.);
#3821 = VERTEX_POINT('',#3822);
#3822 = CARTESIAN_POINT('',(-89.6,102.4,3.6));
#3823 = LINE('',#3824,#3825);
#3824 = CARTESIAN_POINT('',(-142.,102.4,3.6));
#3825 = VECTOR('',#3826,1.);
#3826 = DIRECTION('',(1.,0.,0.));
#3827 = ORIENTED_EDGE('',*,*,#3828,.T.);
#3828 = EDGE_CURVE('',#3821,#3774,#3829,.T.);
#3829 = LINE('',#3830,#3831);
#3830 = CARTESIAN_POINT('',(-89.6,102.4,3.6));
#3831 = VECTOR('',#3832,1.);
#3832 = DIRECTION('',(0.,0.,1.));
#3833 = ORIENTED_EDGE('',*,*,#3773,.F.);
#3834 = PLANE('',#3835);
#3835 = AXIS2_PLACEMENT_3D('',#3836,#3837,#3838);
#3836 = CARTESIAN_POINT('',(-142.,102.4,3.6));
#3837 = DIRECTION('',(0.,-1.,0.));
#3838 = DIRECTION('',(0.,0.,1.));
#3839 = ADVANCED_FACE('',(#3840,#3851),#3857,.T.);
#3840 = FACE_BOUND('',#3841,.T.);
#3841 = EDGE_LOOP('',(#3842,#3843,#3844,#3850));
#3842 = ORIENTED_EDGE('',*,*,#1974,.F.);
#3843 = ORIENTED_EDGE('',*,*,#3702,.T.);
#3844 = ORIENTED_EDGE('',*,*,#3845,.T.);
#3845 = EDGE_CURVE('',#3695,#3821,#3846,.T.);
#3846 = LINE('',#3847,#3848);
#3847 = CARTESIAN_POINT('',(-89.6,77.6,3.6));
#3848 = VECTOR('',#3849,1.);
#3849 = DIRECTION('',(0.,1.,0.));
#3850 = ORIENTED_EDGE('',*,*,#3820,.F.);
#3851 = FACE_BOUND('',#3852,.T.);
#3852 = EDGE_LOOP('',(#3853,#3854,#3855,#3856));
#3853 = ORIENTED_EDGE('',*,*,#2308,.T.);
#3854 = ORIENTED_EDGE('',*,*,#2373,.T.);
#3855 = ORIENTED_EDGE('',*,*,#2356,.F.);
#3856 = ORIENTED_EDGE('',*,*,#2332,.F.);
#3857 = PLANE('',#3858);
#3858 = AXIS2_PLACEMENT_3D('',#3859,#3860,#3861);
#3859 = CARTESIAN_POINT('',(-142.,77.6,3.6));
#3860 = DIRECTION('',(0.,0.,1.));
#3861 = DIRECTION('',(0.,1.,0.));
#3862 = ADVANCED_FACE('',(#3863),#3888,.T.);
#3863 = FACE_BOUND('',#3864,.T.);
#3864 = EDGE_LOOP('',(#3865,#3866,#3874,#3882));
#3865 = ORIENTED_EDGE('',*,*,#2006,.F.);
#3866 = ORIENTED_EDGE('',*,*,#3867,.T.);
#3867 = EDGE_CURVE('',#2007,#3868,#3870,.T.);
#3868 = VERTEX_POINT('',#3869);
#3869 = CARTESIAN_POINT('',(-89.6,-102.4,8.4));
#3870 = LINE('',#3871,#3872);
#3871 = CARTESIAN_POINT('',(-142.,-102.4,8.4));
#3872 = VECTOR('',#3873,1.);
#3873 = DIRECTION('',(1.,0.,0.));
#3874 = ORIENTED_EDGE('',*,*,#3875,.T.);
#3875 = EDGE_CURVE('',#3868,#3876,#3878,.T.);
#3876 = VERTEX_POINT('',#3877);
#3877 = CARTESIAN_POINT('',(-89.6,-102.4,3.6));
#3878 = LINE('',#3879,#3880);
#3879 = CARTESIAN_POINT('',(-89.6,-102.4,8.4));
#3880 = VECTOR('',#3881,1.);
#3881 = DIRECTION('',(0.,0.,-1.));
#3882 = ORIENTED_EDGE('',*,*,#3883,.F.);
#3883 = EDGE_CURVE('',#2009,#3876,#3884,.T.);
#3884 = LINE('',#3885,#3886);
#3885 = CARTESIAN_POINT('',(-142.,-102.4,3.6));
#3886 = VECTOR('',#3887,1.);
#3887 = DIRECTION('',(1.,0.,0.));
#3888 = PLANE('',#3889);
#3889 = AXIS2_PLACEMENT_3D('',#3890,#3891,#3892);
#3890 = CARTESIAN_POINT('',(-142.,-102.4,8.4));
#3891 = DIRECTION('',(-0.,1.,0.));
#3892 = DIRECTION('',(0.,0.,-1.));
#3893 = ADVANCED_FACE('',(#3894),#3944,.T.);
#3894 = FACE_BOUND('',#3895,.T.);
#3895 = EDGE_LOOP('',(#3896,#3897,#3905,#3913,#3921,#3929,#3937,#3943));
#3896 = ORIENTED_EDGE('',*,*,#2040,.F.);
#3897 = ORIENTED_EDGE('',*,*,#3898,.T.);
#3898 = EDGE_CURVE('',#2033,#3899,#3901,.T.);
#3899 = VERTEX_POINT('',#3900);
#3900 = CARTESIAN_POINT('',(-119.3,-90.,20.4));
#3901 = LINE('',#3902,#3903);
#3902 = CARTESIAN_POINT('',(-142.,-90.,20.4));
#3903 = VECTOR('',#3904,1.);
#3904 = DIRECTION('',(1.,0.,0.));
#3905 = ORIENTED_EDGE('',*,*,#3906,.T.);
#3906 = EDGE_CURVE('',#3899,#3907,#3909,.T.);
#3907 = VERTEX_POINT('',#3908);
#3908 = CARTESIAN_POINT('',(-119.3,-96.3,14.303225806452));
#3909 = LINE('',#3910,#3911);
#3910 = CARTESIAN_POINT('',(-119.3,-96.97375067168,13.651209027405));
#3911 = VECTOR('',#3912,1.);
#3912 = DIRECTION('',(0.,-0.718602141767,-0.695421427516));
#3913 = ORIENTED_EDGE('',*,*,#3914,.T.);
#3914 = EDGE_CURVE('',#3907,#3915,#3917,.T.);
#3915 = VERTEX_POINT('',#3916);
#3916 = CARTESIAN_POINT('',(-110.7,-96.3,14.303225806452));
#3917 = LINE('',#3918,#3919);
#3918 = CARTESIAN_POINT('',(-130.65,-96.3,14.303225806452));
#3919 = VECTOR('',#3920,1.);
#3920 = DIRECTION('',(1.,0.,0.));
#3921 = ORIENTED_EDGE('',*,*,#3922,.F.);
#3922 = EDGE_CURVE('',#3923,#3915,#3925,.T.);
#3923 = VERTEX_POINT('',#3924);
#3924 = CARTESIAN_POINT('',(-110.7,-90.,20.4));
#3925 = LINE('',#3926,#3927);
#3926 = CARTESIAN_POINT('',(-110.7,-96.97375067168,13.651209027405));
#3927 = VECTOR('',#3928,1.);
#3928 = DIRECTION('',(0.,-0.718602141767,-0.695421427516));
#3929 = ORIENTED_EDGE('',*,*,#3930,.T.);
#3930 = EDGE_CURVE('',#3923,#3931,#3933,.T.);
#3931 = VERTEX_POINT('',#3932);
#3932 = CARTESIAN_POINT('',(-89.6,-90.,20.4));
#3933 = LINE('',#3934,#3935);
#3934 = CARTESIAN_POINT('',(-142.,-90.,20.4));
#3935 = VECTOR('',#3936,1.);
#3936 = DIRECTION('',(1.,0.,0.));
#3937 = ORIENTED_EDGE('',*,*,#3938,.T.);
#3938 = EDGE_CURVE('',#3931,#3868,#3939,.T.);
#3939 = LINE('',#3940,#3941);
#3940 = CARTESIAN_POINT('',(-89.6,-90.,20.4));
#3941 = VECTOR('',#3942,1.);
#3942 = DIRECTION('',(0.,-0.718602141767,-0.695421427516));
#3943 = ORIENTED_EDGE('',*,*,#3867,.F.);
#3944 = PLANE('',#3945);
#3945 = AXIS2_PLACEMENT_3D('',#3946,#3947,#3948);
#3946 = CARTESIAN_POINT('',(-142.,-90.,20.4));
#3947 = DIRECTION('',(0.,0.695421427516,-0.718602141767));
#3948 = DIRECTION('',(0.,-0.718602141767,-0.695421427516));
#3949 = ADVANCED_FACE('',(#3950,#3968),#3974,.T.);
#3950 = FACE_BOUND('',#3951,.T.);
#3951 = EDGE_LOOP('',(#3952,#3953,#3954,#3962));
#3952 = ORIENTED_EDGE('',*,*,#2016,.F.);
#3953 = ORIENTED_EDGE('',*,*,#3883,.T.);
#3954 = ORIENTED_EDGE('',*,*,#3955,.T.);
#3955 = EDGE_CURVE('',#3876,#3956,#3958,.T.);
#3956 = VERTEX_POINT('',#3957);
#3957 = CARTESIAN_POINT('',(-89.6,-77.6,3.6));
#3958 = LINE('',#3959,#3960);
#3959 = CARTESIAN_POINT('',(-89.6,-102.4,3.6));
#3960 = VECTOR('',#3961,1.);
#3961 = DIRECTION('',(0.,1.,0.));
#3962 = ORIENTED_EDGE('',*,*,#3963,.F.);
#3963 = EDGE_CURVE('',#2017,#3956,#3964,.T.);
#3964 = LINE('',#3965,#3966);
#3965 = CARTESIAN_POINT('',(-142.,-77.6,3.6));
#3966 = VECTOR('',#3967,1.);
#3967 = DIRECTION('',(1.,0.,0.));
#3968 = FACE_BOUND('',#3969,.T.);
#3969 = EDGE_LOOP('',(#3970,#3971,#3972,#3973));
#3970 = ORIENTED_EDGE('',*,*,#2144,.T.);
#3971 = ORIENTED_EDGE('',*,*,#2192,.T.);
#3972 = ORIENTED_EDGE('',*,*,#2209,.F.);
#3973 = ORIENTED_EDGE('',*,*,#2168,.F.);
#3974 = PLANE('',#3975);
#3975 = AXIS2_PLACEMENT_3D('',#3976,#3977,#3978);
#3976 = CARTESIAN_POINT('',(-142.,-102.4,3.6));
#3977 = DIRECTION('',(0.,0.,1.));
#3978 = DIRECTION('',(0.,1.,0.));
#3979 = ADVANCED_FACE('',(#3980),#4021,.T.);
#3980 = FACE_BOUND('',#3981,.T.);
#3981 = EDGE_LOOP('',(#3982,#3983,#3991,#3997,#3998,#4006,#4014,#4020));
#3982 = ORIENTED_EDGE('',*,*,#2032,.F.);
#3983 = ORIENTED_EDGE('',*,*,#3984,.T.);
#3984 = EDGE_CURVE('',#2025,#3985,#3987,.T.);
#3985 = VERTEX_POINT('',#3986);
#3986 = CARTESIAN_POINT('',(-89.6,-77.6,8.4));
#3987 = LINE('',#3988,#3989);
#3988 = CARTESIAN_POINT('',(-142.,-77.6,8.4));
#3989 = VECTOR('',#3990,1.);
#3990 = DIRECTION('',(1.,0.,0.));
#3991 = ORIENTED_EDGE('',*,*,#3992,.T.);
#3992 = EDGE_CURVE('',#3985,#3931,#3993,.T.);
#3993 = LINE('',#3994,#3995);
#3994 = CARTESIAN_POINT('',(-89.6,-77.6,8.4));
#3995 = VECTOR('',#3996,1.);
#3996 = DIRECTION('',(0.,-0.718602141767,0.695421427516));
#3997 = ORIENTED_EDGE('',*,*,#3930,.F.);
#3998 = ORIENTED_EDGE('',*,*,#3999,.F.);
#3999 = EDGE_CURVE('',#4000,#3923,#4002,.T.);
#4000 = VERTEX_POINT('',#4001);
#4001 = CARTESIAN_POINT('',(-110.7,-83.7,14.303225806452));
#4002 = LINE('',#4003,#4004);
#4003 = CARTESIAN_POINT('',(-110.7,-80.07950026867,10.799516389038));
#4004 = VECTOR('',#4005,1.);
#4005 = DIRECTION('',(0.,-0.718602141767,0.695421427516));
#4006 = ORIENTED_EDGE('',*,*,#4007,.F.);
#4007 = EDGE_CURVE('',#4008,#4000,#4010,.T.);
#4008 = VERTEX_POINT('',#4009);
#4009 = CARTESIAN_POINT('',(-119.3,-83.7,14.303225806452));
#4010 = LINE('',#4011,#4012);
#4011 = CARTESIAN_POINT('',(-130.65,-83.7,14.303225806452));
#4012 = VECTOR('',#4013,1.);
#4013 = DIRECTION('',(1.,0.,0.));
#4014 = ORIENTED_EDGE('',*,*,#4015,.T.);
#4015 = EDGE_CURVE('',#4008,#3899,#4016,.T.);
#4016 = LINE('',#4017,#4018);
#4017 = CARTESIAN_POINT('',(-119.3,-80.07950026867,10.799516389038));
#4018 = VECTOR('',#4019,1.);
#4019 = DIRECTION('',(0.,-0.718602141767,0.695421427516));
#4020 = ORIENTED_EDGE('',*,*,#3898,.F.);
#4021 = PLANE('',#4022);
#4022 = AXIS2_PLACEMENT_3D('',#4023,#4024,#4025);
#4023 = CARTESIAN_POINT('',(-142.,-77.6,8.4));
#4024 = DIRECTION('',(0.,-0.695421427516,-0.718602141767));
#4025 = DIRECTION('',(0.,-0.718602141767,0.695421427516));
#4026 = ADVANCED_FACE('',(#4027),#4038,.T.);
#4027 = FACE_BOUND('',#4028,.T.);
#4028 = EDGE_LOOP('',(#4029,#4030,#4031,#4037));
#4029 = ORIENTED_EDGE('',*,*,#2024,.F.);
#4030 = ORIENTED_EDGE('',*,*,#3963,.T.);
#4031 = ORIENTED_EDGE('',*,*,#4032,.T.);
#4032 = EDGE_CURVE('',#3956,#3985,#4033,.T.);
#4033 = LINE('',#4034,#4035);
#4034 = CARTESIAN_POINT('',(-89.6,-77.6,3.6));
#4035 = VECTOR('',#4036,1.);
#4036 = DIRECTION('',(0.,0.,1.));
#4037 = ORIENTED_EDGE('',*,*,#3984,.F.);
#4038 = PLANE('',#4039);
#4039 = AXIS2_PLACEMENT_3D('',#4040,#4041,#4042);
#4040 = CARTESIAN_POINT('',(-142.,-77.6,3.6));
#4041 = DIRECTION('',(0.,-1.,0.));
#4042 = DIRECTION('',(0.,0.,1.));
#4043 = ADVANCED_FACE('',(#4044),#4056,.F.);
#4044 = FACE_BOUND('',#4045,.F.);
#4045 = EDGE_LOOP('',(#4046,#4053,#4054,#4055));
#4046 = ORIENTED_EDGE('',*,*,#4047,.F.);
#4047 = EDGE_CURVE('',#2106,#3281,#4048,.T.);
#4048 = CIRCLE('',#4049,40.);
#4049 = AXIS2_PLACEMENT_3D('',#4050,#4051,#4052);
#4050 = CARTESIAN_POINT('',(0.,-64.,10.));
#4051 = DIRECTION('',(0.,0.,1.));
#4052 = DIRECTION('',(1.,0.,-0.));
#4053 = ORIENTED_EDGE('',*,*,#2113,.F.);
#4054 = ORIENTED_EDGE('',*,*,#3304,.T.);
#4055 = ORIENTED_EDGE('',*,*,#3288,.T.);
#4056 = CYLINDRICAL_SURFACE('',#4057,40.);
#4057 = AXIS2_PLACEMENT_3D('',#4058,#4059,#4060);
#4058 = CARTESIAN_POINT('',(0.,-64.,3.5));
#4059 = DIRECTION('',(0.,0.,1.));
#4060 = DIRECTION('',(1.,0.,-0.));
#4061 = ADVANCED_FACE('',(#4062),#4074,.T.);
#4062 = FACE_BOUND('',#4063,.T.);
#4063 = EDGE_LOOP('',(#4064,#4065,#4072,#4073));
#4064 = ORIENTED_EDGE('',*,*,#2105,.F.);
#4065 = ORIENTED_EDGE('',*,*,#4066,.T.);
#4066 = EDGE_CURVE('',#2098,#3273,#4067,.T.);
#4067 = CIRCLE('',#4068,75.);
#4068 = AXIS2_PLACEMENT_3D('',#4069,#4070,#4071);
#4069 = CARTESIAN_POINT('',(0.,-64.,10.));
#4070 = DIRECTION('',(0.,0.,1.));
#4071 = DIRECTION('',(1.,0.,-0.));
#4072 = ORIENTED_EDGE('',*,*,#3280,.T.);
#4073 = ORIENTED_EDGE('',*,*,#4047,.F.);
#4074 = PLANE('',#4075);
#4075 = AXIS2_PLACEMENT_3D('',#4076,#4077,#4078);
#4076 = CARTESIAN_POINT('',(0.,-64.,10.));
#4077 = DIRECTION('',(0.,0.,1.));
#4078 = DIRECTION('',(1.,0.,-0.));
#4079 = ADVANCED_FACE('',(#4080),#4086,.T.);
#4080 = FACE_BOUND('',#4081,.T.);
#4081 = EDGE_LOOP('',(#4082,#4083,#4084,#4085));
#4082 = ORIENTED_EDGE('',*,*,#4066,.F.);
#4083 = ORIENTED_EDGE('',*,*,#2097,.F.);
#4084 = ORIENTED_EDGE('',*,*,#3452,.T.);
#4085 = ORIENTED_EDGE('',*,*,#3272,.T.);
#4086 = CYLINDRICAL_SURFACE('',#4087,75.);
#4087 = AXIS2_PLACEMENT_3D('',#4088,#4089,#4090);
#4088 = CARTESIAN_POINT('',(0.,-64.,4.));
#4089 = DIRECTION('',(0.,0.,1.));
#4090 = DIRECTION('',(1.,0.,-0.));
#4091 = ADVANCED_FACE('',(#4092),#4104,.F.);
#4092 = FACE_BOUND('',#4093,.F.);
#4093 = EDGE_LOOP('',(#4094,#4095,#4096,#4103));
#4094 = ORIENTED_EDGE('',*,*,#3355,.T.);
#4095 = ORIENTED_EDGE('',*,*,#2628,.T.);
#4096 = ORIENTED_EDGE('',*,*,#4097,.F.);
#4097 = EDGE_CURVE('',#2476,#2621,#4098,.T.);
#4098 = CIRCLE('',#4099,40.);
#4099 = AXIS2_PLACEMENT_3D('',#4100,#4101,#4102);
#4100 = CARTESIAN_POINT('',(0.,-64.,10.));
#4101 = DIRECTION('',(0.,0.,1.));
#4102 = DIRECTION('',(1.,0.,-0.));
#4103 = ORIENTED_EDGE('',*,*,#2483,.F.);
#4104 = CYLINDRICAL_SURFACE('',#4105,40.);
#4105 = AXIS2_PLACEMENT_3D('',#4106,#4107,#4108);
#4106 = CARTESIAN_POINT('',(0.,-64.,3.5));
#4107 = DIRECTION('',(0.,0.,1.));
#4108 = DIRECTION('',(1.,0.,-0.));
#4109 = ADVANCED_FACE('',(#4110),#4116,.T.);
#4110 = FACE_BOUND('',#4111,.T.);
#4111 = EDGE_LOOP('',(#4112,#4113,#4114,#4115));
#4112 = ORIENTED_EDGE('',*,*,#2475,.F.);
#4113 = ORIENTED_EDGE('',*,*,#2579,.T.);
#4114 = ORIENTED_EDGE('',*,*,#2620,.T.);
#4115 = ORIENTED_EDGE('',*,*,#4097,.F.);
#4116 = PLANE('',#4117);
#4117 = AXIS2_PLACEMENT_3D('',#4118,#4119,#4120);
#4118 = CARTESIAN_POINT('',(0.,-64.,10.));
#4119 = DIRECTION('',(0.,0.,1.));
#4120 = DIRECTION('',(1.,0.,-0.));
#4121 = ADVANCED_FACE('',(#4122),#4134,.F.);
#4122 = FACE_BOUND('',#4123,.F.);
#4123 = EDGE_LOOP('',(#4124,#4131,#4132,#4133));
#4124 = ORIENTED_EDGE('',*,*,#4125,.F.);
#4125 = EDGE_CURVE('',#3040,#2532,#4126,.T.);
#4126 = CIRCLE('',#4127,40.);
#4127 = AXIS2_PLACEMENT_3D('',#4128,#4129,#4130);
#4128 = CARTESIAN_POINT('',(0.,-64.,10.));
#4129 = DIRECTION('',(0.,0.,1.));
#4130 = DIRECTION('',(1.,0.,-0.));
#4131 = ORIENTED_EDGE('',*,*,#3047,.F.);
#4132 = ORIENTED_EDGE('',*,*,#2989,.T.);
#4133 = ORIENTED_EDGE('',*,*,#2539,.T.);
#4134 = CYLINDRICAL_SURFACE('',#4135,40.);
#4135 = AXIS2_PLACEMENT_3D('',#4136,#4137,#4138);
#4136 = CARTESIAN_POINT('',(0.,-64.,3.5));
#4137 = DIRECTION('',(0.,0.,1.));
#4138 = DIRECTION('',(1.,0.,-0.));
#4139 = ADVANCED_FACE('',(#4140),#4152,.T.);
#4140 = FACE_BOUND('',#4141,.T.);
#4141 = EDGE_LOOP('',(#4142,#4143,#4150,#4151));
#4142 = ORIENTED_EDGE('',*,*,#3039,.F.);
#4143 = ORIENTED_EDGE('',*,*,#4144,.T.);
#4144 = EDGE_CURVE('',#3032,#2524,#4145,.T.);
#4145 = CIRCLE('',#4146,75.);
#4146 = AXIS2_PLACEMENT_3D('',#4147,#4148,#4149);
#4147 = CARTESIAN_POINT('',(0.,-64.,10.));
#4148 = DIRECTION('',(0.,0.,1.));
#4149 = DIRECTION('',(1.,0.,-0.));
#4150 = ORIENTED_EDGE('',*,*,#2531,.T.);
#4151 = ORIENTED_EDGE('',*,*,#4125,.F.);
#4152 = PLANE('',#4153);
#4153 = AXIS2_PLACEMENT_3D('',#4154,#4155,#4156);
#4154 = CARTESIAN_POINT('',(0.,-64.,10.));
#4155 = DIRECTION('',(0.,0.,1.));
#4156 = DIRECTION('',(1.,0.,-0.));
#4157 = ADVANCED_FACE('',(#4158),#4164,.T.);
#4158 = FACE_BOUND('',#4159,.T.);
#4159 = EDGE_LOOP('',(#4160,#4161,#4162,#4163));
#4160 = ORIENTED_EDGE('',*,*,#4144,.F.);
#4161 = ORIENTED_EDGE('',*,*,#3031,.F.);
#4162 = ORIENTED_EDGE('',*,*,#3374,.T.);
#4163 = ORIENTED_EDGE('',*,*,#2523,.T.);
#4164 = CYLINDRICAL_SURFACE('',#4165,75.);
#4165 = AXIS2_PLACEMENT_3D('',#4166,#4167,#4168);
#4166 = CARTESIAN_POINT('',(0.,-64.,4.));
#4167 = DIRECTION('',(0.,0.,1.));
#4168 = DIRECTION('',(1.,0.,-0.));
#4169 = ADVANCED_FACE('',(#4170),#4180,.T.);
#4170 = FACE_BOUND('',#4171,.T.);
#4171 = EDGE_LOOP('',(#4172,#4173,#4174,#4175,#4176,#4177,#4178,#4179));
#4172 = ORIENTED_EDGE('',*,*,#3414,.F.);
#4173 = ORIENTED_EDGE('',*,*,#3382,.T.);
#4174 = ORIENTED_EDGE('',*,*,#3015,.T.);
#4175 = ORIENTED_EDGE('',*,*,#3071,.T.);
#4176 = ORIENTED_EDGE('',*,*,#3095,.F.);
#4177 = ORIENTED_EDGE('',*,*,#3635,.T.);
#4178 = ORIENTED_EDGE('',*,*,#3561,.T.);
#4179 = ORIENTED_EDGE('',*,*,#3471,.F.);
#4180 = PLANE('',#4181);
#4181 = AXIS2_PLACEMENT_3D('',#4182,#4183,#4184);
#4182 = CARTESIAN_POINT('',(-85.,-115.,4.));
#4183 = DIRECTION('',(1.,0.,-0.));
#4184 = DIRECTION('',(0.,0.,1.));
#4185 = ADVANCED_FACE('',(#4186),#4198,.F.);
#4186 = FACE_BOUND('',#4187,.F.);
#4187 = EDGE_LOOP('',(#4188,#4195,#4196,#4197));
#4188 = ORIENTED_EDGE('',*,*,#4189,.F.);
#4189 = EDGE_CURVE('',#3201,#3120,#4190,.T.);
#4190 = CIRCLE('',#4191,40.);
#4191 = AXIS2_PLACEMENT_3D('',#4192,#4193,#4194);
#4192 = CARTESIAN_POINT('',(0.,-64.,10.));
#4193 = DIRECTION('',(0.,0.,1.));
#4194 = DIRECTION('',(1.,0.,-0.));
#4195 = ORIENTED_EDGE('',*,*,#3208,.F.);
#4196 = ORIENTED_EDGE('',*,*,#3150,.T.);
#4197 = ORIENTED_EDGE('',*,*,#3127,.T.);
#4198 = CYLINDRICAL_SURFACE('',#4199,40.);
#4199 = AXIS2_PLACEMENT_3D('',#4200,#4201,#4202);
#4200 = CARTESIAN_POINT('',(0.,-64.,3.5));
#4201 = DIRECTION('',(0.,0.,1.));
#4202 = DIRECTION('',(1.,0.,-0.));
#4203 = ADVANCED_FACE('',(#4204),#4216,.T.);
#4204 = FACE_BOUND('',#4205,.T.);
#4205 = EDGE_LOOP('',(#4206,#4207,#4214,#4215));
#4206 = ORIENTED_EDGE('',*,*,#3200,.F.);
#4207 = ORIENTED_EDGE('',*,*,#4208,.T.);
#4208 = EDGE_CURVE('',#3193,#3112,#4209,.T.);
#4209 = CIRCLE('',#4210,75.);
#4210 = AXIS2_PLACEMENT_3D('',#4211,#4212,#4213);
#4211 = CARTESIAN_POINT('',(0.,-64.,10.));
#4212 = DIRECTION('',(0.,0.,1.));
#4213 = DIRECTION('',(1.,0.,-0.));
#4214 = ORIENTED_EDGE('',*,*,#3119,.T.);
#4215 = ORIENTED_EDGE('',*,*,#4189,.F.);
#4216 = PLANE('',#4217);
#4217 = AXIS2_PLACEMENT_3D('',#4218,#4219,#4220);
#4218 = CARTESIAN_POINT('',(0.,-64.,10.));
#4219 = DIRECTION('',(0.,0.,1.));
#4220 = DIRECTION('',(1.,0.,-0.));
#4221 = ADVANCED_FACE('',(#4222),#4228,.T.);
#4222 = FACE_BOUND('',#4223,.T.);
#4223 = EDGE_LOOP('',(#4224,#4225,#4226,#4227));
#4224 = ORIENTED_EDGE('',*,*,#4208,.F.);
#4225 = ORIENTED_EDGE('',*,*,#3192,.F.);
#4226 = ORIENTED_EDGE('',*,*,#3642,.T.);
#4227 = ORIENTED_EDGE('',*,*,#3111,.T.);
#4228 = CYLINDRICAL_SURFACE('',#4229,75.);
#4229 = AXIS2_PLACEMENT_3D('',#4230,#4231,#4232);
#4230 = CARTESIAN_POINT('',(0.,-64.,4.));
#4231 = DIRECTION('',(0.,0.,1.));
#4232 = DIRECTION('',(1.,0.,-0.));
#4233 = ADVANCED_FACE('',(#4234),#4253,.T.);
#4234 = FACE_BOUND('',#4235,.T.);
#4235 = EDGE_LOOP('',(#4236,#4245,#4251,#4252));
#4236 = ORIENTED_EDGE('',*,*,#4237,.F.);
#4237 = EDGE_CURVE('',#4238,#4238,#4240,.T.);
#4238 = VERTEX_POINT('',#4239);
#4239 = CARTESIAN_POINT('',(12.5,-64.,23.));
#4240 = CIRCLE('',#4241,12.5);
#4241 = AXIS2_PLACEMENT_3D('',#4242,#4243,#4244);
#4242 = CARTESIAN_POINT('',(0.,-64.,23.));
#4243 = DIRECTION('',(0.,0.,1.));
#4244 = DIRECTION('',(1.,0.,-0.));
#4245 = ORIENTED_EDGE('',*,*,#4246,.F.);
#4246 = EDGE_CURVE('',#3337,#4238,#4247,.T.);
#4247 = LINE('',#4248,#4249);
#4248 = CARTESIAN_POINT('',(12.5,-64.,19.));
#4249 = VECTOR('',#4250,1.);
#4250 = DIRECTION('',(0.,0.,1.));
#4251 = ORIENTED_EDGE('',*,*,#3336,.T.);
#4252 = ORIENTED_EDGE('',*,*,#4246,.T.);
#4253 = CYLINDRICAL_SURFACE('',#4254,12.5);
#4254 = AXIS2_PLACEMENT_3D('',#4255,#4256,#4257);
#4255 = CARTESIAN_POINT('',(0.,-64.,19.));
#4256 = DIRECTION('',(0.,0.,1.));
#4257 = DIRECTION('',(1.,0.,-0.));
#4258 = ADVANCED_FACE('',(#4259),#4265,.T.);
#4259 = FACE_BOUND('',#4260,.T.);
#4260 = EDGE_LOOP('',(#4261,#4262,#4263,#4264));
#4261 = ORIENTED_EDGE('',*,*,#3667,.F.);
#4262 = ORIENTED_EDGE('',*,*,#3437,.T.);
#4263 = ORIENTED_EDGE('',*,*,#3537,.T.);
#4264 = ORIENTED_EDGE('',*,*,#3584,.F.);
#4265 = PLANE('',#4266);
#4266 = AXIS2_PLACEMENT_3D('',#4267,#4268,#4269);
#4267 = CARTESIAN_POINT('',(-85.,65.,4.));
#4268 = DIRECTION('',(1.,0.,-0.));
#4269 = DIRECTION('',(0.,0.,1.));
#4270 = ADVANCED_FACE('',(#4271),#4287,.T.);
#4271 = FACE_BOUND('',#4272,.T.);
#4272 = EDGE_LOOP('',(#4273,#4279,#4280,#4286));
#4273 = ORIENTED_EDGE('',*,*,#4274,.F.);
#4274 = EDGE_CURVE('',#3915,#3488,#4275,.T.);
#4275 = LINE('',#4276,#4277);
#4276 = CARTESIAN_POINT('',(-110.7,-96.3,-1.));
#4277 = VECTOR('',#4278,1.);
#4278 = DIRECTION('',(0.,0.,1.));
#4279 = ORIENTED_EDGE('',*,*,#3914,.F.);
#4280 = ORIENTED_EDGE('',*,*,#4281,.T.);
#4281 = EDGE_CURVE('',#3907,#3490,#4282,.T.);
#4282 = LINE('',#4283,#4284);
#4283 = CARTESIAN_POINT('',(-119.3,-96.3,-1.));
#4284 = VECTOR('',#4285,1.);
#4285 = DIRECTION('',(0.,0.,1.));
#4286 = ORIENTED_EDGE('',*,*,#3487,.F.);
#4287 = PLANE('',#4288);
#4288 = AXIS2_PLACEMENT_3D('',#4289,#4290,#4291);
#4289 = CARTESIAN_POINT('',(-119.3,-96.3,-1.));
#4290 = DIRECTION('',(-0.,1.,0.));
#4291 = DIRECTION('',(0.,0.,1.));
#4292 = ADVANCED_FACE('',(#4293),#4305,.F.);
#4293 = FACE_BOUND('',#4294,.F.);
#4294 = EDGE_LOOP('',(#4295,#4296,#4297,#4298,#4304));
#4295 = ORIENTED_EDGE('',*,*,#4274,.F.);
#4296 = ORIENTED_EDGE('',*,*,#3922,.F.);
#4297 = ORIENTED_EDGE('',*,*,#3999,.F.);
#4298 = ORIENTED_EDGE('',*,*,#4299,.T.);
#4299 = EDGE_CURVE('',#4000,#3506,#4300,.T.);
#4300 = LINE('',#4301,#4302);
#4301 = CARTESIAN_POINT('',(-110.7,-83.7,-1.));
#4302 = VECTOR('',#4303,1.);
#4303 = DIRECTION('',(0.,0.,1.));
#4304 = ORIENTED_EDGE('',*,*,#3513,.F.);
#4305 = PLANE('',#4306);
#4306 = AXIS2_PLACEMENT_3D('',#4307,#4308,#4309);
#4307 = CARTESIAN_POINT('',(-110.7,-96.3,-1.));
#4308 = DIRECTION('',(1.,0.,-0.));
#4309 = DIRECTION('',(0.,0.,1.));
#4310 = ADVANCED_FACE('',(#4311),#4322,.F.);
#4311 = FACE_BOUND('',#4312,.F.);
#4312 = EDGE_LOOP('',(#4313,#4314,#4315,#4321));
#4313 = ORIENTED_EDGE('',*,*,#4299,.F.);
#4314 = ORIENTED_EDGE('',*,*,#4007,.F.);
#4315 = ORIENTED_EDGE('',*,*,#4316,.T.);
#4316 = EDGE_CURVE('',#4008,#3498,#4317,.T.);
#4317 = LINE('',#4318,#4319);
#4318 = CARTESIAN_POINT('',(-119.3,-83.7,-1.));
#4319 = VECTOR('',#4320,1.);
#4320 = DIRECTION('',(0.,0.,1.));
#4321 = ORIENTED_EDGE('',*,*,#3505,.F.);
#4322 = PLANE('',#4323);
#4323 = AXIS2_PLACEMENT_3D('',#4324,#4325,#4326);
#4324 = CARTESIAN_POINT('',(-119.3,-83.7,-1.));
#4325 = DIRECTION('',(-0.,1.,0.));
#4326 = DIRECTION('',(0.,0.,1.));
#4327 = ADVANCED_FACE('',(#4328),#4335,.T.);
#4328 = FACE_BOUND('',#4329,.T.);
#4329 = EDGE_LOOP('',(#4330,#4331,#4332,#4333,#4334));
#4330 = ORIENTED_EDGE('',*,*,#4281,.F.);
#4331 = ORIENTED_EDGE('',*,*,#3906,.F.);
#4332 = ORIENTED_EDGE('',*,*,#4015,.F.);
#4333 = ORIENTED_EDGE('',*,*,#4316,.T.);
#4334 = ORIENTED_EDGE('',*,*,#3497,.F.);
#4335 = PLANE('',#4336);
#4336 = AXIS2_PLACEMENT_3D('',#4337,#4338,#4339);
#4337 = CARTESIAN_POINT('',(-119.3,-96.3,-1.));
#4338 = DIRECTION('',(1.,0.,-0.));
#4339 = DIRECTION('',(0.,0.,1.));
#4340 = ADVANCED_FACE('',(#4341),#4357,.T.);
#4341 = FACE_BOUND('',#4342,.T.);
#4342 = EDGE_LOOP('',(#4343,#4349,#4350,#4356));
#4343 = ORIENTED_EDGE('',*,*,#4344,.F.);
#4344 = EDGE_CURVE('',#3734,#3594,#4345,.T.);
#4345 = LINE('',#4346,#4347);
#4346 = CARTESIAN_POINT('',(-110.7,83.7,-1.));
#4347 = VECTOR('',#4348,1.);
#4348 = DIRECTION('',(0.,0.,1.));
#4349 = ORIENTED_EDGE('',*,*,#3733,.F.);
#4350 = ORIENTED_EDGE('',*,*,#4351,.T.);
#4351 = EDGE_CURVE('',#3726,#3596,#4352,.T.);
#4352 = LINE('',#4353,#4354);
#4353 = CARTESIAN_POINT('',(-119.3,83.7,-1.));
#4354 = VECTOR('',#4355,1.);
#4355 = DIRECTION('',(0.,0.,1.));
#4356 = ORIENTED_EDGE('',*,*,#3593,.F.);
#4357 = PLANE('',#4358);
#4358 = AXIS2_PLACEMENT_3D('',#4359,#4360,#4361);
#4359 = CARTESIAN_POINT('',(-119.3,83.7,-1.));
#4360 = DIRECTION('',(-0.,1.,0.));
#4361 = DIRECTION('',(0.,0.,1.));
#4362 = ADVANCED_FACE('',(#4363),#4375,.F.);
#4363 = FACE_BOUND('',#4364,.F.);
#4364 = EDGE_LOOP('',(#4365,#4366,#4367,#4368,#4374));
#4365 = ORIENTED_EDGE('',*,*,#4344,.F.);
#4366 = ORIENTED_EDGE('',*,*,#3741,.F.);
#4367 = ORIENTED_EDGE('',*,*,#3788,.F.);
#4368 = ORIENTED_EDGE('',*,*,#4369,.T.);
#4369 = EDGE_CURVE('',#3789,#3612,#4370,.T.);
#4370 = LINE('',#4371,#4372);
#4371 = CARTESIAN_POINT('',(-110.7,96.3,-1.));
#4372 = VECTOR('',#4373,1.);
#4373 = DIRECTION('',(0.,0.,1.));
#4374 = ORIENTED_EDGE('',*,*,#3619,.F.);
#4375 = PLANE('',#4376);
#4376 = AXIS2_PLACEMENT_3D('',#4377,#4378,#4379);
#4377 = CARTESIAN_POINT('',(-110.7,83.7,-1.));
#4378 = DIRECTION('',(1.,0.,-0.));
#4379 = DIRECTION('',(0.,0.,1.));
#4380 = ADVANCED_FACE('',(#4381),#4392,.F.);
#4381 = FACE_BOUND('',#4382,.F.);
#4382 = EDGE_LOOP('',(#4383,#4384,#4385,#4391));
#4383 = ORIENTED_EDGE('',*,*,#4369,.F.);
#4384 = ORIENTED_EDGE('',*,*,#3796,.F.);
#4385 = ORIENTED_EDGE('',*,*,#4386,.T.);
#4386 = EDGE_CURVE('',#3797,#3604,#4387,.T.);
#4387 = LINE('',#4388,#4389);
#4388 = CARTESIAN_POINT('',(-119.3,96.3,-1.));
#4389 = VECTOR('',#4390,1.);
#4390 = DIRECTION('',(0.,0.,1.));
#4391 = ORIENTED_EDGE('',*,*,#3611,.F.);
#4392 = PLANE('',#4393);
#4393 = AXIS2_PLACEMENT_3D('',#4394,#4395,#4396);
#4394 = CARTESIAN_POINT('',(-119.3,96.3,-1.));
#4395 = DIRECTION('',(-0.,1.,0.));
#4396 = DIRECTION('',(0.,0.,1.));
#4397 = ADVANCED_FACE('',(#4398),#4405,.T.);
#4398 = FACE_BOUND('',#4399,.T.);
#4399 = EDGE_LOOP('',(#4400,#4401,#4402,#4403,#4404));
#4400 = ORIENTED_EDGE('',*,*,#4351,.F.);
#4401 = ORIENTED_EDGE('',*,*,#3725,.F.);
#4402 = ORIENTED_EDGE('',*,*,#3804,.F.);
#4403 = ORIENTED_EDGE('',*,*,#4386,.T.);
#4404 = ORIENTED_EDGE('',*,*,#3603,.F.);
#4405 = PLANE('',#4406);
#4406 = AXIS2_PLACEMENT_3D('',#4407,#4408,#4409);
#4407 = CARTESIAN_POINT('',(-119.3,83.7,-1.));
#4408 = DIRECTION('',(1.,0.,-0.));
#4409 = DIRECTION('',(0.,0.,1.));
#4410 = ADVANCED_FACE('',(#4411),#4418,.F.);
#4411 = FACE_BOUND('',#4412,.F.);
#4412 = EDGE_LOOP('',(#4413,#4414,#4415,#4416,#4417));
#4413 = ORIENTED_EDGE('',*,*,#3845,.T.);
#4414 = ORIENTED_EDGE('',*,*,#3828,.T.);
#4415 = ORIENTED_EDGE('',*,*,#3781,.T.);
#4416 = ORIENTED_EDGE('',*,*,#3757,.T.);
#4417 = ORIENTED_EDGE('',*,*,#3694,.T.);
#4418 = PLANE('',#4419);
#4419 = AXIS2_PLACEMENT_3D('',#4420,#4421,#4422);
#4420 = CARTESIAN_POINT('',(-89.6,90.,9.343075305071));
#4421 = DIRECTION('',(1.,0.,0.));
#4422 = DIRECTION('',(-0.,0.,1.));
#4423 = ADVANCED_FACE('',(#4424),#4431,.F.);
#4424 = FACE_BOUND('',#4425,.F.);
#4425 = EDGE_LOOP('',(#4426,#4427,#4428,#4429,#4430));
#4426 = ORIENTED_EDGE('',*,*,#3955,.T.);
#4427 = ORIENTED_EDGE('',*,*,#4032,.T.);
#4428 = ORIENTED_EDGE('',*,*,#3992,.T.);
#4429 = ORIENTED_EDGE('',*,*,#3938,.T.);
#4430 = ORIENTED_EDGE('',*,*,#3875,.T.);
#4431 = PLANE('',#4432);
#4432 = AXIS2_PLACEMENT_3D('',#4433,#4434,#4435);
#4433 = CARTESIAN_POINT('',(-89.6,-90.,9.343075305071));
#4434 = DIRECTION('',(1.,0.,0.));
#4435 = DIRECTION('',(-0.,0.,1.));
#4436 = ADVANCED_FACE('',(#4437),#4440,.T.);
#4437 = FACE_BOUND('',#4438,.T.);
#4438 = EDGE_LOOP('',(#4439));
#4439 = ORIENTED_EDGE('',*,*,#4237,.T.);
#4440 = PLANE('',#4441);
#4441 = AXIS2_PLACEMENT_3D('',#4442,#4443,#4444);
#4442 = CARTESIAN_POINT('',(0.,-64.,23.));
#4443 = DIRECTION('',(0.,0.,1.));
#4444 = DIRECTION('',(1.,0.,-0.));
#4445 = ( GEOMETRIC_REPRESENTATION_CONTEXT(3) 
GLOBAL_UNCERTAINTY_ASSIGNED_CONTEXT((#4449)) 
GLOBAL_UNIT_ASSIGNED_CONTEXT((#4446,#4447,#4448)) REPRESENTATION_CONTEXT
('Context #1','3D Context with UNIT and UNCERTAINTY') );
#4446 = ( LENGTH_UNIT() NAMED_UNIT(*) SI_UNIT(.MILLI.,.METRE.) );
#4447 = ( NAMED_UNIT(*) PLANE_ANGLE_UNIT() SI_UNIT($,.RADIAN.) );
#4448 = ( NAMED_UNIT(*) SI_UNIT($,.STERADIAN.) SOLID_ANGLE_UNIT() );
#4449 = UNCERTAINTY_MEASURE_WITH_UNIT(LENGTH_MEASURE(1.E-07),#4446,
  'distance_accuracy_value','confusion accuracy');
#4450 = PRODUCT_RELATED_PRODUCT_CATEGORY('part',$,(#7));
ENDSEC;
END-ISO-10303-21;
