ISO-10303-21;
HEADER;
FILE_DESCRIPTION(('FreeCAD Model'),'2;1');
FILE_NAME('Open CASCADE Shape Model','2026-09-20T11:46:18',('FreeCAD'),(
    'FreeCAD'),'Open CASCADE STEP processor 7.8','FreeCAD','Unknown');
FILE_SCHEMA(('AUTOMOTIVE_DESIGN { 1 0 10303 214 1 1 1 1 }'));
ENDSEC;
DATA;
#1 = APPLICATION_PROTOCOL_DEFINITION('international standard',
  'automotive_design',2000,#2);
#2 = APPLICATION_CONTEXT(
  'core data for automotive mechanical design processes');
#3 = SHAPE_DEFINITION_REPRESENTATION(#4,#10);
#4 = PRODUCT_DEFINITION_SHAPE('','',#5);
#5 = PRODUCT_DEFINITION('design','',#6,#9);
#6 = PRODUCT_DEFINITION_FORMATION('','',#7);
#7 = PRODUCT('Open CASCADE STEP translator 7.8 4',
  'Open CASCADE STEP translator 7.8 4','',(#8));
#8 = PRODUCT_CONTEXT('',#2,'mechanical');
#9 = PRODUCT_DEFINITION_CONTEXT('part definition',#2,'design');
#10 = ADVANCED_BREP_SHAPE_REPRESENTATION('',(#11,#15),#2606);
#11 = AXIS2_PLACEMENT_3D('',#12,#13,#14);
#12 = CARTESIAN_POINT('',(0.,0.,0.));
#13 = DIRECTION('',(0.,0.,1.));
#14 = DIRECTION('',(1.,0.,-0.));
#15 = MANIFOLD_SOLID_BREP('',#16);
#16 = CLOSED_SHELL('',(#17,#100,#189,#253,#342,#440,#487,#534,#623,#687,
    #767,#807,#831,#856,#880,#913,#930,#1007,#1038,#1062,#1094,#1126,
    #1143,#1183,#1207,#1240,#1271,#1295,#1327,#1359,#1376,#1400,#1425,
    #1442,#1459,#1513,#1525,#1542,#1619,#1650,#1674,#1706,#1738,#1755,
    #1795,#1819,#1852,#1883,#1907,#1939,#1971,#1988,#2015,#2040,#2057,
    #2099,#2123,#2158,#2185,#2205,#2222,#2234,#2265,#2296,#2318,#2330,
    #2347,#2389,#2413,#2448,#2475,#2495,#2512,#2524,#2537,#2550,#2584));
#17 = ADVANCED_FACE('',(#18),#95,.T.);
#18 = FACE_BOUND('',#19,.T.);
#19 = EDGE_LOOP('',(#20,#30,#39,#48,#56,#64,#72,#81,#89));
#20 = ORIENTED_EDGE('',*,*,#21,.F.);
#21 = EDGE_CURVE('',#22,#24,#26,.T.);
#22 = VERTEX_POINT('',#23);
#23 = CARTESIAN_POINT('',(-73.65176148596,-49.84309249817,8.));
#24 = VERTEX_POINT('',#25);
#25 = CARTESIAN_POINT('',(-36.65588553296,-68.1648596368,8.));
#26 = LINE('',#27,#28);
#27 = CARTESIAN_POINT('',(-22.76590795324,-75.04370567628,8.));
#28 = VECTOR('',#29,1.);
#29 = DIRECTION('',(0.896127585788,-0.443796518676,0.));
#30 = ORIENTED_EDGE('',*,*,#31,.T.);
#31 = EDGE_CURVE('',#22,#32,#34,.T.);
#32 = VERTEX_POINT('',#33);
#33 = CARTESIAN_POINT('',(75.,-64.,8.));
#34 = CIRCLE('',#35,75.);
#35 = AXIS2_PLACEMENT_3D('',#36,#37,#38);
#36 = CARTESIAN_POINT('',(0.,-64.,8.));
#37 = DIRECTION('',(0.,0.,1.));
#38 = DIRECTION('',(1.,0.,0.));
#39 = ORIENTED_EDGE('',*,*,#40,.T.);
#40 = EDGE_CURVE('',#32,#41,#43,.T.);
#41 = VERTEX_POINT('',#42);
#42 = CARTESIAN_POINT('',(73.651761485961,-49.84309249817,8.));
#43 = CIRCLE('',#44,75.);
#44 = AXIS2_PLACEMENT_3D('',#45,#46,#47);
#45 = CARTESIAN_POINT('',(0.,-64.,8.));
#46 = DIRECTION('',(0.,0.,1.));
#47 = DIRECTION('',(1.,0.,0.));
#48 = ORIENTED_EDGE('',*,*,#49,.T.);
#49 = EDGE_CURVE('',#41,#50,#52,.T.);
#50 = VERTEX_POINT('',#51);
#51 = CARTESIAN_POINT('',(36.655885532963,-68.1648596368,8.));
#52 = LINE('',#53,#54);
#53 = CARTESIAN_POINT('',(22.765907953243,-75.04370567628,8.));
#54 = VECTOR('',#55,1.);
#55 = DIRECTION('',(-0.896127585788,-0.443796518676,0.));
#56 = ORIENTED_EDGE('',*,*,#57,.T.);
#57 = EDGE_CURVE('',#50,#58,#60,.T.);
#58 = VERTEX_POINT('',#59);
#59 = CARTESIAN_POINT('',(34.43690293958,-63.68422170786,8.));
#60 = LINE('',#61,#62);
#61 = CARTESIAN_POINT('',(32.217920346202,-59.20358377892,8.));
#62 = VECTOR('',#63,1.);
#63 = DIRECTION('',(-0.443796518676,0.896127585788,0.));
#64 = ORIENTED_EDGE('',*,*,#65,.F.);
#65 = EDGE_CURVE('',#66,#58,#68,.T.);
#66 = VERTEX_POINT('',#67);
#67 = CARTESIAN_POINT('',(29.939025409886,-65.91174200828,8.));
#68 = LINE('',#69,#70);
#69 = CARTESIAN_POINT('',(22.787244324333,-69.45357645065,8.));
#70 = VECTOR('',#71,1.);
#71 = DIRECTION('',(0.896127585788,0.443796518676,0.));
#72 = ORIENTED_EDGE('',*,*,#73,.F.);
#73 = EDGE_CURVE('',#74,#66,#76,.T.);
#74 = VERTEX_POINT('',#75);
#75 = CARTESIAN_POINT('',(-29.93902540988,-65.91174200828,8.));
#76 = CIRCLE('',#77,30.);
#77 = AXIS2_PLACEMENT_3D('',#78,#79,#80);
#78 = CARTESIAN_POINT('',(0.,-64.,8.));
#79 = DIRECTION('',(0.,0.,1.));
#80 = DIRECTION('',(1.,0.,0.));
#81 = ORIENTED_EDGE('',*,*,#82,.T.);
#82 = EDGE_CURVE('',#74,#83,#85,.T.);
#83 = VERTEX_POINT('',#84);
#84 = CARTESIAN_POINT('',(-34.43690293958,-63.68422170785,8.));
#85 = LINE('',#86,#87);
#86 = CARTESIAN_POINT('',(-22.78724432433,-69.45357645065,8.));
#87 = VECTOR('',#88,1.);
#88 = DIRECTION('',(-0.896127585788,0.443796518676,0.));
#89 = ORIENTED_EDGE('',*,*,#90,.T.);
#90 = EDGE_CURVE('',#83,#24,#91,.T.);
#91 = LINE('',#92,#93);
#92 = CARTESIAN_POINT('',(-23.34198997267,-41.28103206315,8.));
#93 = VECTOR('',#94,1.);
#94 = DIRECTION('',(-0.443796518676,-0.896127585788,0.));
#95 = PLANE('',#96);
#96 = AXIS2_PLACEMENT_3D('',#97,#98,#99);
#97 = CARTESIAN_POINT('',(0.,-64.,8.));
#98 = DIRECTION('',(0.,0.,1.));
#99 = DIRECTION('',(1.,0.,0.));
#100 = ADVANCED_FACE('',(#101,#142),#184,.F.);
#101 = FACE_BOUND('',#102,.F.);
#102 = EDGE_LOOP('',(#103,#113,#119,#120,#128,#136));
#103 = ORIENTED_EDGE('',*,*,#104,.F.);
#104 = EDGE_CURVE('',#105,#107,#109,.T.);
#105 = VERTEX_POINT('',#106);
#106 = CARTESIAN_POINT('',(73.651761485961,-49.84309249817,7.8));
#107 = VERTEX_POINT('',#108);
#108 = CARTESIAN_POINT('',(85.046775165536,-44.19984762829,7.8));
#109 = LINE('',#110,#111);
#110 = CARTESIAN_POINT('',(36.655885532963,-68.1648596368,7.8));
#111 = VECTOR('',#112,1.);
#112 = DIRECTION('',(0.896127585788,0.443796518676,0.));
#113 = ORIENTED_EDGE('',*,*,#114,.T.);
#114 = EDGE_CURVE('',#105,#41,#115,.T.);
#115 = LINE('',#116,#117);
#116 = CARTESIAN_POINT('',(73.651761485961,-49.84309249817,0.));
#117 = VECTOR('',#118,1.);
#118 = DIRECTION('',(0.,0.,1.));
#119 = ORIENTED_EDGE('',*,*,#49,.T.);
#120 = ORIENTED_EDGE('',*,*,#121,.T.);
#121 = EDGE_CURVE('',#50,#122,#124,.T.);
#122 = VERTEX_POINT('',#123);
#123 = CARTESIAN_POINT('',(36.655885532963,-68.1648596368,27.));
#124 = LINE('',#125,#126);
#125 = CARTESIAN_POINT('',(36.655885532963,-68.1648596368,7.8));
#126 = VECTOR('',#127,1.);
#127 = DIRECTION('',(0.,0.,1.));
#128 = ORIENTED_EDGE('',*,*,#129,.T.);
#129 = EDGE_CURVE('',#122,#130,#132,.T.);
#130 = VERTEX_POINT('',#131);
#131 = CARTESIAN_POINT('',(85.046775165536,-44.19984762829,27.));
#132 = LINE('',#133,#134);
#133 = CARTESIAN_POINT('',(36.655885532963,-68.1648596368,27.));
#134 = VECTOR('',#135,1.);
#135 = DIRECTION('',(0.896127585788,0.443796518676,0.));
#136 = ORIENTED_EDGE('',*,*,#137,.F.);
#137 = EDGE_CURVE('',#107,#130,#138,.T.);
#138 = LINE('',#139,#140);
#139 = CARTESIAN_POINT('',(85.046775165536,-44.19984762829,7.8));
#140 = VECTOR('',#141,1.);
#141 = DIRECTION('',(0.,0.,1.));
#142 = FACE_BOUND('',#143,.F.);
#143 = EDGE_LOOP('',(#144,#154,#162,#170,#178));
#144 = ORIENTED_EDGE('',*,*,#145,.F.);
#145 = EDGE_CURVE('',#146,#148,#150,.T.);
#146 = VERTEX_POINT('',#147);
#147 = CARTESIAN_POINT('',(65.780032071086,-53.74147277983,9.));
#148 = VERTEX_POINT('',#149);
#149 = CARTESIAN_POINT('',(59.507138970567,-56.84804841056,9.));
#150 = LINE('',#151,#152);
#151 = CARTESIAN_POINT('',(48.081512251765,-62.50645402368,9.));
#152 = VECTOR('',#153,1.);
#153 = DIRECTION('',(-0.896127585788,-0.443796518676,-0.));
#154 = ORIENTED_EDGE('',*,*,#155,.F.);
#155 = EDGE_CURVE('',#156,#146,#158,.T.);
#156 = VERTEX_POINT('',#157);
#157 = CARTESIAN_POINT('',(65.780032071086,-53.74147277983,13.));
#158 = LINE('',#159,#160);
#159 = CARTESIAN_POINT('',(65.780032071086,-53.74147277983,8.4));
#160 = VECTOR('',#161,1.);
#161 = DIRECTION('',(0.,0.,-1.));
#162 = ORIENTED_EDGE('',*,*,#163,.F.);
#163 = EDGE_CURVE('',#164,#156,#166,.T.);
#164 = VERTEX_POINT('',#165);
#165 = CARTESIAN_POINT('',(62.643585520826,-55.29476059519,16.5));
#166 = LINE('',#167,#168);
#167 = CARTESIAN_POINT('',(59.66396129808,-56.77038401979,19.825));
#168 = VECTOR('',#169,1.);
#169 = DIRECTION('',(0.633657892719,0.313811527823,-0.707106781187));
#170 = ORIENTED_EDGE('',*,*,#171,.F.);
#171 = EDGE_CURVE('',#172,#164,#174,.T.);
#172 = VERTEX_POINT('',#173);
#173 = CARTESIAN_POINT('',(59.507138970567,-56.84804841056,13.));
#174 = LINE('',#175,#176);
#175 = CARTESIAN_POINT('',(54.197583024771,-59.47754278372,7.075));
#176 = VECTOR('',#177,1.);
#177 = DIRECTION('',(0.633657892719,0.313811527823,0.707106781187));
#178 = ORIENTED_EDGE('',*,*,#179,.F.);
#179 = EDGE_CURVE('',#148,#172,#180,.T.);
#180 = LINE('',#181,#182);
#181 = CARTESIAN_POINT('',(59.507138970567,-56.84804841056,10.4));
#182 = VECTOR('',#183,1.);
#183 = DIRECTION('',(0.,0.,1.));
#184 = PLANE('',#185);
#185 = AXIS2_PLACEMENT_3D('',#186,#187,#188);
#186 = CARTESIAN_POINT('',(36.655885532963,-68.1648596368,7.8));
#187 = DIRECTION('',(-0.443796518676,0.896127585788,0.));
#188 = DIRECTION('',(0.,0.,1.));
#189 = ADVANCED_FACE('',(#190),#248,.F.);
#190 = FACE_BOUND('',#191,.F.);
#191 = EDGE_LOOP('',(#192,#202,#209,#210,#218,#226,#234,#242));
#192 = ORIENTED_EDGE('',*,*,#193,.F.);
#193 = EDGE_CURVE('',#194,#196,#198,.T.);
#194 = VERTEX_POINT('',#195);
#195 = CARTESIAN_POINT('',(55.899900738915,-13.99798906664,7.8));
#196 = VERTEX_POINT('',#197);
#197 = CARTESIAN_POINT('',(67.29491441849,-8.354744196759,7.8));
#198 = LINE('',#199,#200);
#199 = CARTESIAN_POINT('',(18.904024785917,-32.31975620527,7.8));
#200 = VECTOR('',#201,1.);
#201 = DIRECTION('',(0.896127585788,0.443796518676,0.));
#202 = ORIENTED_EDGE('',*,*,#203,.F.);
#203 = EDGE_CURVE('',#105,#194,#204,.T.);
#204 = CIRCLE('',#205,75.);
#205 = AXIS2_PLACEMENT_3D('',#206,#207,#208);
#206 = CARTESIAN_POINT('',(0.,-64.,7.8));
#207 = DIRECTION('',(0.,0.,1.));
#208 = DIRECTION('',(1.,0.,0.));
#209 = ORIENTED_EDGE('',*,*,#104,.T.);
#210 = ORIENTED_EDGE('',*,*,#211,.T.);
#211 = EDGE_CURVE('',#107,#212,#214,.T.);
#212 = VERTEX_POINT('',#213);
#213 = CARTESIAN_POINT('',(84.159182128184,-42.40759245671,7.8));
#214 = LINE('',#215,#216);
#215 = CARTESIAN_POINT('',(85.046775165536,-44.19984762829,7.8));
#216 = VECTOR('',#217,1.);
#217 = DIRECTION('',(-0.443796518676,0.896127585788,0.));
#218 = ORIENTED_EDGE('',*,*,#219,.T.);
#219 = EDGE_CURVE('',#212,#220,#222,.T.);
#220 = VERTEX_POINT('',#221);
#221 = CARTESIAN_POINT('',(82.366926956607,-43.29518549407,7.8));
#222 = LINE('',#223,#224);
#223 = CARTESIAN_POINT('',(59.067609726109,-54.83389497965,7.8));
#224 = VECTOR('',#225,1.);
#225 = DIRECTION('',(-0.896127585788,-0.443796518676,0.));
#226 = ORIENTED_EDGE('',*,*,#227,.T.);
#227 = EDGE_CURVE('',#220,#228,#230,.T.);
#228 = VERTEX_POINT('',#229);
#229 = CARTESIAN_POINT('',(66.390252284265,-11.03459240568,7.8));
#230 = LINE('',#231,#232);
#231 = CARTESIAN_POINT('',(82.810723475283,-44.19131307985,7.8));
#232 = VECTOR('',#233,1.);
#233 = DIRECTION('',(-0.443796518676,0.896127585788,0.));
#234 = ORIENTED_EDGE('',*,*,#235,.F.);
#235 = EDGE_CURVE('',#236,#228,#238,.T.);
#236 = VERTEX_POINT('',#237);
#237 = CARTESIAN_POINT('',(68.182507455842,-10.14699936833,7.8));
#238 = LINE('',#239,#240);
#239 = CARTESIAN_POINT('',(43.090935053767,-22.57330189126,7.8));
#240 = VECTOR('',#241,1.);
#241 = DIRECTION('',(-0.896127585788,-0.443796518676,0.));
#242 = ORIENTED_EDGE('',*,*,#243,.T.);
#243 = EDGE_CURVE('',#236,#196,#244,.T.);
#244 = LINE('',#245,#246);
#245 = CARTESIAN_POINT('',(85.046775165536,-44.19984762829,7.8));
#246 = VECTOR('',#247,1.);
#247 = DIRECTION('',(-0.443796518676,0.896127585788,0.));
#248 = PLANE('',#249);
#249 = AXIS2_PLACEMENT_3D('',#250,#251,#252);
#250 = CARTESIAN_POINT('',(36.655885532963,-68.1648596368,7.8));
#251 = DIRECTION('',(0.,0.,1.));
#252 = DIRECTION('',(0.896127585788,0.443796518676,0.));
#253 = ADVANCED_FACE('',(#254,#295),#337,.T.);
#254 = FACE_BOUND('',#255,.T.);
#255 = EDGE_LOOP('',(#256,#257,#265,#273,#281,#289));
#256 = ORIENTED_EDGE('',*,*,#193,.F.);
#257 = ORIENTED_EDGE('',*,*,#258,.T.);
#258 = EDGE_CURVE('',#194,#259,#261,.T.);
#259 = VERTEX_POINT('',#260);
#260 = CARTESIAN_POINT('',(55.899900738915,-13.99798906664,8.));
#261 = LINE('',#262,#263);
#262 = CARTESIAN_POINT('',(55.899900738915,-13.99798906664,0.));
#263 = VECTOR('',#264,1.);
#264 = DIRECTION('',(0.,0.,1.));
#265 = ORIENTED_EDGE('',*,*,#266,.T.);
#266 = EDGE_CURVE('',#259,#267,#269,.T.);
#267 = VERTEX_POINT('',#268);
#268 = CARTESIAN_POINT('',(18.904024785917,-32.31975620527,8.));
#269 = LINE('',#270,#271);
#270 = CARTESIAN_POINT('',(5.014047206197,-39.19860224475,8.));
#271 = VECTOR('',#272,1.);
#272 = DIRECTION('',(-0.896127585788,-0.443796518676,0.));
#273 = ORIENTED_EDGE('',*,*,#274,.T.);
#274 = EDGE_CURVE('',#267,#275,#277,.T.);
#275 = VERTEX_POINT('',#276);
#276 = CARTESIAN_POINT('',(18.904024785917,-32.31975620527,27.));
#277 = LINE('',#278,#279);
#278 = CARTESIAN_POINT('',(18.904024785917,-32.31975620527,7.8));
#279 = VECTOR('',#280,1.);
#280 = DIRECTION('',(0.,0.,1.));
#281 = ORIENTED_EDGE('',*,*,#282,.T.);
#282 = EDGE_CURVE('',#275,#283,#285,.T.);
#283 = VERTEX_POINT('',#284);
#284 = CARTESIAN_POINT('',(67.29491441849,-8.354744196759,27.));
#285 = LINE('',#286,#287);
#286 = CARTESIAN_POINT('',(18.904024785917,-32.31975620527,27.));
#287 = VECTOR('',#288,1.);
#288 = DIRECTION('',(0.896127585788,0.443796518676,0.));
#289 = ORIENTED_EDGE('',*,*,#290,.F.);
#290 = EDGE_CURVE('',#196,#283,#291,.T.);
#291 = LINE('',#292,#293);
#292 = CARTESIAN_POINT('',(67.29491441849,-8.354744196759,7.8));
#293 = VECTOR('',#294,1.);
#294 = DIRECTION('',(0.,0.,1.));
#295 = FACE_BOUND('',#296,.T.);
#296 = EDGE_LOOP('',(#297,#307,#315,#323,#331));
#297 = ORIENTED_EDGE('',*,*,#298,.F.);
#298 = EDGE_CURVE('',#299,#301,#303,.T.);
#299 = VERTEX_POINT('',#300);
#300 = CARTESIAN_POINT('',(48.02817132404,-17.89636934829,9.));
#301 = VERTEX_POINT('',#302);
#302 = CARTESIAN_POINT('',(41.755278223521,-21.00294497903,9.));
#303 = LINE('',#304,#305);
#304 = CARTESIAN_POINT('',(30.329651504719,-26.66135059215,9.));
#305 = VECTOR('',#306,1.);
#306 = DIRECTION('',(-0.896127585788,-0.443796518676,-0.));
#307 = ORIENTED_EDGE('',*,*,#308,.F.);
#308 = EDGE_CURVE('',#309,#299,#311,.T.);
#309 = VERTEX_POINT('',#310);
#310 = CARTESIAN_POINT('',(48.02817132404,-17.89636934829,13.));
#311 = LINE('',#312,#313);
#312 = CARTESIAN_POINT('',(48.02817132404,-17.89636934829,8.4));
#313 = VECTOR('',#314,1.);
#314 = DIRECTION('',(0.,0.,-1.));
#315 = ORIENTED_EDGE('',*,*,#316,.F.);
#316 = EDGE_CURVE('',#317,#309,#319,.T.);
#317 = VERTEX_POINT('',#318);
#318 = CARTESIAN_POINT('',(44.89172477378,-19.44965716366,16.5));
#319 = LINE('',#320,#321);
#320 = CARTESIAN_POINT('',(41.912100551034,-20.92528058826,19.825));
#321 = VECTOR('',#322,1.);
#322 = DIRECTION('',(0.633657892719,0.313811527823,-0.707106781187));
#323 = ORIENTED_EDGE('',*,*,#324,.F.);
#324 = EDGE_CURVE('',#325,#317,#327,.T.);
#325 = VERTEX_POINT('',#326);
#326 = CARTESIAN_POINT('',(41.755278223521,-21.00294497903,13.));
#327 = LINE('',#328,#329);
#328 = CARTESIAN_POINT('',(36.445722277725,-23.63243935218,7.075));
#329 = VECTOR('',#330,1.);
#330 = DIRECTION('',(0.633657892719,0.313811527823,0.707106781187));
#331 = ORIENTED_EDGE('',*,*,#332,.F.);
#332 = EDGE_CURVE('',#301,#325,#333,.T.);
#333 = LINE('',#334,#335);
#334 = CARTESIAN_POINT('',(41.755278223521,-21.00294497903,10.4));
#335 = VECTOR('',#336,1.);
#336 = DIRECTION('',(0.,0.,1.));
#337 = PLANE('',#338);
#338 = AXIS2_PLACEMENT_3D('',#339,#340,#341);
#339 = CARTESIAN_POINT('',(18.904024785917,-32.31975620527,7.8));
#340 = DIRECTION('',(-0.443796518676,0.896127585788,0.));
#341 = DIRECTION('',(0.,0.,1.));
#342 = ADVANCED_FACE('',(#343),#435,.T.);
#343 = FACE_BOUND('',#344,.T.);
#344 = EDGE_LOOP('',(#345,#346,#355,#363,#371,#379,#388,#396,#404,#412,
    #421,#429));
#345 = ORIENTED_EDGE('',*,*,#266,.F.);
#346 = ORIENTED_EDGE('',*,*,#347,.T.);
#347 = EDGE_CURVE('',#259,#348,#350,.T.);
#348 = VERTEX_POINT('',#349);
#349 = CARTESIAN_POINT('',(4.,10.893257373411,8.));
#350 = CIRCLE('',#351,75.);
#351 = AXIS2_PLACEMENT_3D('',#352,#353,#354);
#352 = CARTESIAN_POINT('',(0.,-64.,8.));
#353 = DIRECTION('',(0.,0.,1.));
#354 = DIRECTION('',(1.,0.,0.));
#355 = ORIENTED_EDGE('',*,*,#356,.T.);
#356 = EDGE_CURVE('',#348,#357,#359,.T.);
#357 = VERTEX_POINT('',#358);
#358 = CARTESIAN_POINT('',(4.,6.,8.));
#359 = LINE('',#360,#361);
#360 = CARTESIAN_POINT('',(4.,-29.,8.));
#361 = VECTOR('',#362,1.);
#362 = DIRECTION('',(-1.110223024625E-16,-1.,0.));
#363 = ORIENTED_EDGE('',*,*,#364,.T.);
#364 = EDGE_CURVE('',#357,#365,#367,.T.);
#365 = VERTEX_POINT('',#366);
#366 = CARTESIAN_POINT('',(-4.,6.,8.));
#367 = LINE('',#368,#369);
#368 = CARTESIAN_POINT('',(2.,6.,8.));
#369 = VECTOR('',#370,1.);
#370 = DIRECTION('',(-1.,1.110223024625E-16,0.));
#371 = ORIENTED_EDGE('',*,*,#372,.F.);
#372 = EDGE_CURVE('',#373,#365,#375,.T.);
#373 = VERTEX_POINT('',#374);
#374 = CARTESIAN_POINT('',(-4.,10.893257373411,8.));
#375 = LINE('',#376,#377);
#376 = CARTESIAN_POINT('',(-4.,-29.,8.));
#377 = VECTOR('',#378,1.);
#378 = DIRECTION('',(-1.110223024625E-16,-1.,0.));
#379 = ORIENTED_EDGE('',*,*,#380,.T.);
#380 = EDGE_CURVE('',#373,#381,#383,.T.);
#381 = VERTEX_POINT('',#382);
#382 = CARTESIAN_POINT('',(-55.89990073891,-13.99798906664,8.));
#383 = CIRCLE('',#384,75.);
#384 = AXIS2_PLACEMENT_3D('',#385,#386,#387);
#385 = CARTESIAN_POINT('',(0.,-64.,8.));
#386 = DIRECTION('',(0.,0.,1.));
#387 = DIRECTION('',(1.,0.,0.));
#388 = ORIENTED_EDGE('',*,*,#389,.T.);
#389 = EDGE_CURVE('',#381,#390,#392,.T.);
#390 = VERTEX_POINT('',#391);
#391 = CARTESIAN_POINT('',(-18.90402478591,-32.31975620527,8.));
#392 = LINE('',#393,#394);
#393 = CARTESIAN_POINT('',(-5.014047206197,-39.19860224475,8.));
#394 = VECTOR('',#395,1.);
#395 = DIRECTION('',(0.896127585788,-0.443796518676,0.));
#396 = ORIENTED_EDGE('',*,*,#397,.T.);
#397 = EDGE_CURVE('',#390,#398,#400,.T.);
#398 = VERTEX_POINT('',#399);
#399 = CARTESIAN_POINT('',(-21.12300737929,-36.80039413421,8.));
#400 = LINE('',#401,#402);
#401 = CARTESIAN_POINT('',(-23.34198997267,-41.28103206315,8.));
#402 = VECTOR('',#403,1.);
#403 = DIRECTION('',(-0.443796518676,-0.896127585788,0.));
#404 = ORIENTED_EDGE('',*,*,#405,.F.);
#405 = EDGE_CURVE('',#406,#398,#408,.T.);
#406 = VERTEX_POINT('',#407);
#407 = CARTESIAN_POINT('',(-16.6251298496,-39.02791443463,8.));
#408 = LINE('',#409,#410);
#409 = CARTESIAN_POINT('',(-9.473348764049,-42.569748877,8.));
#410 = VECTOR('',#411,1.);
#411 = DIRECTION('',(-0.896127585788,0.443796518676,0.));
#412 = ORIENTED_EDGE('',*,*,#413,.F.);
#413 = EDGE_CURVE('',#414,#406,#416,.T.);
#414 = VERTEX_POINT('',#415);
#415 = CARTESIAN_POINT('',(16.625129849602,-39.02791443463,8.));
#416 = CIRCLE('',#417,30.);
#417 = AXIS2_PLACEMENT_3D('',#418,#419,#420);
#418 = CARTESIAN_POINT('',(0.,-64.,8.));
#419 = DIRECTION('',(0.,0.,1.));
#420 = DIRECTION('',(1.,0.,0.));
#421 = ORIENTED_EDGE('',*,*,#422,.T.);
#422 = EDGE_CURVE('',#414,#423,#425,.T.);
#423 = VERTEX_POINT('',#424);
#424 = CARTESIAN_POINT('',(21.123007379296,-36.80039413421,8.));
#425 = LINE('',#426,#427);
#426 = CARTESIAN_POINT('',(9.473348764049,-42.569748877,8.));
#427 = VECTOR('',#428,1.);
#428 = DIRECTION('',(0.896127585788,0.443796518676,0.));
#429 = ORIENTED_EDGE('',*,*,#430,.T.);
#430 = EDGE_CURVE('',#423,#267,#431,.T.);
#431 = LINE('',#432,#433);
#432 = CARTESIAN_POINT('',(32.217920346202,-59.20358377892,8.));
#433 = VECTOR('',#434,1.);
#434 = DIRECTION('',(-0.443796518676,0.896127585788,0.));
#435 = PLANE('',#436);
#436 = AXIS2_PLACEMENT_3D('',#437,#438,#439);
#437 = CARTESIAN_POINT('',(0.,-64.,8.));
#438 = DIRECTION('',(0.,0.,1.));
#439 = DIRECTION('',(1.,0.,0.));
#440 = ADVANCED_FACE('',(#441),#482,.F.);
#441 = FACE_BOUND('',#442,.F.);
#442 = EDGE_LOOP('',(#443,#453,#459,#460,#468,#476));
#443 = ORIENTED_EDGE('',*,*,#444,.F.);
#444 = EDGE_CURVE('',#445,#447,#449,.T.);
#445 = VERTEX_POINT('',#446);
#446 = CARTESIAN_POINT('',(3.999999999999,10.893257373411,0.));
#447 = VERTEX_POINT('',#448);
#448 = CARTESIAN_POINT('',(4.,39.,0.));
#449 = LINE('',#450,#451);
#450 = CARTESIAN_POINT('',(4.,6.,0.));
#451 = VECTOR('',#452,1.);
#452 = DIRECTION('',(1.110223024625E-16,1.,0.));
#453 = ORIENTED_EDGE('',*,*,#454,.T.);
#454 = EDGE_CURVE('',#445,#348,#455,.T.);
#455 = LINE('',#456,#457);
#456 = CARTESIAN_POINT('',(4.,10.893257373411,0.));
#457 = VECTOR('',#458,1.);
#458 = DIRECTION('',(0.,0.,1.));
#459 = ORIENTED_EDGE('',*,*,#356,.T.);
#460 = ORIENTED_EDGE('',*,*,#461,.T.);
#461 = EDGE_CURVE('',#357,#462,#464,.T.);
#462 = VERTEX_POINT('',#463);
#463 = CARTESIAN_POINT('',(4.,6.,10.));
#464 = LINE('',#465,#466);
#465 = CARTESIAN_POINT('',(4.,6.,0.));
#466 = VECTOR('',#467,1.);
#467 = DIRECTION('',(0.,0.,1.));
#468 = ORIENTED_EDGE('',*,*,#469,.T.);
#469 = EDGE_CURVE('',#462,#470,#472,.T.);
#470 = VERTEX_POINT('',#471);
#471 = CARTESIAN_POINT('',(4.,39.,10.));
#472 = LINE('',#473,#474);
#473 = CARTESIAN_POINT('',(4.,6.,10.));
#474 = VECTOR('',#475,1.);
#475 = DIRECTION('',(1.110223024625E-16,1.,0.));
#476 = ORIENTED_EDGE('',*,*,#477,.T.);
#477 = EDGE_CURVE('',#470,#447,#478,.T.);
#478 = LINE('',#479,#480);
#479 = CARTESIAN_POINT('',(4.,39.,0.));
#480 = VECTOR('',#481,1.);
#481 = DIRECTION('',(0.,0.,-1.));
#482 = PLANE('',#483);
#483 = AXIS2_PLACEMENT_3D('',#484,#485,#486);
#484 = CARTESIAN_POINT('',(4.,6.,0.));
#485 = DIRECTION('',(-1.,1.110223024625E-16,0.));
#486 = DIRECTION('',(0.,0.,1.));
#487 = ADVANCED_FACE('',(#488),#529,.T.);
#488 = FACE_BOUND('',#489,.T.);
#489 = EDGE_LOOP('',(#490,#500,#506,#507,#515,#523));
#490 = ORIENTED_EDGE('',*,*,#491,.F.);
#491 = EDGE_CURVE('',#492,#494,#496,.T.);
#492 = VERTEX_POINT('',#493);
#493 = CARTESIAN_POINT('',(-3.999999999999,10.893257373411,0.));
#494 = VERTEX_POINT('',#495);
#495 = CARTESIAN_POINT('',(-4.,39.,0.));
#496 = LINE('',#497,#498);
#497 = CARTESIAN_POINT('',(-4.,6.,0.));
#498 = VECTOR('',#499,1.);
#499 = DIRECTION('',(1.110223024625E-16,1.,0.));
#500 = ORIENTED_EDGE('',*,*,#501,.T.);
#501 = EDGE_CURVE('',#492,#373,#502,.T.);
#502 = LINE('',#503,#504);
#503 = CARTESIAN_POINT('',(-4.,10.893257373411,0.));
#504 = VECTOR('',#505,1.);
#505 = DIRECTION('',(0.,0.,1.));
#506 = ORIENTED_EDGE('',*,*,#372,.T.);
#507 = ORIENTED_EDGE('',*,*,#508,.T.);
#508 = EDGE_CURVE('',#365,#509,#511,.T.);
#509 = VERTEX_POINT('',#510);
#510 = CARTESIAN_POINT('',(-4.,6.,10.));
#511 = LINE('',#512,#513);
#512 = CARTESIAN_POINT('',(-4.,6.,0.));
#513 = VECTOR('',#514,1.);
#514 = DIRECTION('',(0.,0.,1.));
#515 = ORIENTED_EDGE('',*,*,#516,.T.);
#516 = EDGE_CURVE('',#509,#517,#519,.T.);
#517 = VERTEX_POINT('',#518);
#518 = CARTESIAN_POINT('',(-4.,39.,10.));
#519 = LINE('',#520,#521);
#520 = CARTESIAN_POINT('',(-4.,6.,10.));
#521 = VECTOR('',#522,1.);
#522 = DIRECTION('',(1.110223024625E-16,1.,0.));
#523 = ORIENTED_EDGE('',*,*,#524,.T.);
#524 = EDGE_CURVE('',#517,#494,#525,.T.);
#525 = LINE('',#526,#527);
#526 = CARTESIAN_POINT('',(-4.,39.,0.));
#527 = VECTOR('',#528,1.);
#528 = DIRECTION('',(0.,0.,-1.));
#529 = PLANE('',#530);
#530 = AXIS2_PLACEMENT_3D('',#531,#532,#533);
#531 = CARTESIAN_POINT('',(-4.,6.,0.));
#532 = DIRECTION('',(-1.,1.110223024625E-16,0.));
#533 = DIRECTION('',(0.,0.,1.));
#534 = ADVANCED_FACE('',(#535,#576),#618,.F.);
#535 = FACE_BOUND('',#536,.F.);
#536 = EDGE_LOOP('',(#537,#547,#553,#554,#562,#570));
#537 = ORIENTED_EDGE('',*,*,#538,.F.);
#538 = EDGE_CURVE('',#539,#541,#543,.T.);
#539 = VERTEX_POINT('',#540);
#540 = CARTESIAN_POINT('',(-55.89990073891,-13.99798906664,7.8));
#541 = VERTEX_POINT('',#542);
#542 = CARTESIAN_POINT('',(-67.29491441849,-8.354744196759,7.8));
#543 = LINE('',#544,#545);
#544 = CARTESIAN_POINT('',(-18.90402478591,-32.31975620527,7.8));
#545 = VECTOR('',#546,1.);
#546 = DIRECTION('',(-0.896127585788,0.443796518676,0.));
#547 = ORIENTED_EDGE('',*,*,#548,.T.);
#548 = EDGE_CURVE('',#539,#381,#549,.T.);
#549 = LINE('',#550,#551);
#550 = CARTESIAN_POINT('',(-55.89990073891,-13.99798906664,0.));
#551 = VECTOR('',#552,1.);
#552 = DIRECTION('',(0.,0.,1.));
#553 = ORIENTED_EDGE('',*,*,#389,.T.);
#554 = ORIENTED_EDGE('',*,*,#555,.T.);
#555 = EDGE_CURVE('',#390,#556,#558,.T.);
#556 = VERTEX_POINT('',#557);
#557 = CARTESIAN_POINT('',(-18.90402478591,-32.31975620527,27.));
#558 = LINE('',#559,#560);
#559 = CARTESIAN_POINT('',(-18.90402478591,-32.31975620527,7.8));
#560 = VECTOR('',#561,1.);
#561 = DIRECTION('',(0.,0.,1.));
#562 = ORIENTED_EDGE('',*,*,#563,.T.);
#563 = EDGE_CURVE('',#556,#564,#566,.T.);
#564 = VERTEX_POINT('',#565);
#565 = CARTESIAN_POINT('',(-67.29491441849,-8.354744196759,27.));
#566 = LINE('',#567,#568);
#567 = CARTESIAN_POINT('',(-18.90402478591,-32.31975620527,27.));
#568 = VECTOR('',#569,1.);
#569 = DIRECTION('',(-0.896127585788,0.443796518676,0.));
#570 = ORIENTED_EDGE('',*,*,#571,.F.);
#571 = EDGE_CURVE('',#541,#564,#572,.T.);
#572 = LINE('',#573,#574);
#573 = CARTESIAN_POINT('',(-67.29491441849,-8.354744196759,7.8));
#574 = VECTOR('',#575,1.);
#575 = DIRECTION('',(0.,0.,1.));
#576 = FACE_BOUND('',#577,.F.);
#577 = EDGE_LOOP('',(#578,#588,#596,#604,#612));
#578 = ORIENTED_EDGE('',*,*,#579,.F.);
#579 = EDGE_CURVE('',#580,#582,#584,.T.);
#580 = VERTEX_POINT('',#581);
#581 = CARTESIAN_POINT('',(-48.02817132404,-17.89636934829,9.));
#582 = VERTEX_POINT('',#583);
#583 = CARTESIAN_POINT('',(-41.75527822352,-21.00294497903,9.));
#584 = LINE('',#585,#586);
#585 = CARTESIAN_POINT('',(-30.32965150471,-26.66135059215,9.));
#586 = VECTOR('',#587,1.);
#587 = DIRECTION('',(0.896127585788,-0.443796518676,0.));
#588 = ORIENTED_EDGE('',*,*,#589,.F.);
#589 = EDGE_CURVE('',#590,#580,#592,.T.);
#590 = VERTEX_POINT('',#591);
#591 = CARTESIAN_POINT('',(-48.02817132404,-17.89636934829,13.));
#592 = LINE('',#593,#594);
#593 = CARTESIAN_POINT('',(-48.02817132404,-17.89636934829,8.4));
#594 = VECTOR('',#595,1.);
#595 = DIRECTION('',(0.,0.,-1.));
#596 = ORIENTED_EDGE('',*,*,#597,.F.);
#597 = EDGE_CURVE('',#598,#590,#600,.T.);
#598 = VERTEX_POINT('',#599);
#599 = CARTESIAN_POINT('',(-44.89172477378,-19.44965716366,16.5));
#600 = LINE('',#601,#602);
#601 = CARTESIAN_POINT('',(-41.91210055103,-20.92528058826,19.825));
#602 = VECTOR('',#603,1.);
#603 = DIRECTION('',(-0.633657892719,0.313811527823,-0.707106781187));
#604 = ORIENTED_EDGE('',*,*,#605,.F.);
#605 = EDGE_CURVE('',#606,#598,#608,.T.);
#606 = VERTEX_POINT('',#607);
#607 = CARTESIAN_POINT('',(-41.75527822352,-21.00294497903,13.));
#608 = LINE('',#609,#610);
#609 = CARTESIAN_POINT('',(-36.44572227772,-23.63243935218,7.075));
#610 = VECTOR('',#611,1.);
#611 = DIRECTION('',(-0.633657892719,0.313811527823,0.707106781187));
#612 = ORIENTED_EDGE('',*,*,#613,.F.);
#613 = EDGE_CURVE('',#582,#606,#614,.T.);
#614 = LINE('',#615,#616);
#615 = CARTESIAN_POINT('',(-41.75527822352,-21.00294497903,10.4));
#616 = VECTOR('',#617,1.);
#617 = DIRECTION('',(0.,0.,1.));
#618 = PLANE('',#619);
#619 = AXIS2_PLACEMENT_3D('',#620,#621,#622);
#620 = CARTESIAN_POINT('',(-18.90402478591,-32.31975620527,7.8));
#621 = DIRECTION('',(-0.443796518676,-0.896127585788,0.));
#622 = DIRECTION('',(0.,0.,1.));
#623 = ADVANCED_FACE('',(#624),#682,.F.);
#624 = FACE_BOUND('',#625,.F.);
#625 = EDGE_LOOP('',(#626,#636,#643,#644,#652,#660,#668,#676));
#626 = ORIENTED_EDGE('',*,*,#627,.F.);
#627 = EDGE_CURVE('',#628,#630,#632,.T.);
#628 = VERTEX_POINT('',#629);
#629 = CARTESIAN_POINT('',(-73.65176148596,-49.84309249817,7.8));
#630 = VERTEX_POINT('',#631);
#631 = CARTESIAN_POINT('',(-85.04677516553,-44.19984762829,7.8));
#632 = LINE('',#633,#634);
#633 = CARTESIAN_POINT('',(-36.65588553296,-68.1648596368,7.8));
#634 = VECTOR('',#635,1.);
#635 = DIRECTION('',(-0.896127585788,0.443796518676,0.));
#636 = ORIENTED_EDGE('',*,*,#637,.F.);
#637 = EDGE_CURVE('',#539,#628,#638,.T.);
#638 = CIRCLE('',#639,75.);
#639 = AXIS2_PLACEMENT_3D('',#640,#641,#642);
#640 = CARTESIAN_POINT('',(0.,-64.,7.8));
#641 = DIRECTION('',(0.,0.,1.));
#642 = DIRECTION('',(1.,0.,0.));
#643 = ORIENTED_EDGE('',*,*,#538,.T.);
#644 = ORIENTED_EDGE('',*,*,#645,.T.);
#645 = EDGE_CURVE('',#541,#646,#648,.T.);
#646 = VERTEX_POINT('',#647);
#647 = CARTESIAN_POINT('',(-68.18250745584,-10.14699936833,7.8));
#648 = LINE('',#649,#650);
#649 = CARTESIAN_POINT('',(-67.29491441849,-8.354744196759,7.8));
#650 = VECTOR('',#651,1.);
#651 = DIRECTION('',(-0.443796518676,-0.896127585788,0.));
#652 = ORIENTED_EDGE('',*,*,#653,.T.);
#653 = EDGE_CURVE('',#646,#654,#656,.T.);
#654 = VERTEX_POINT('',#655);
#655 = CARTESIAN_POINT('',(-66.39025228426,-11.03459240568,7.8));
#656 = LINE('',#657,#658);
#657 = CARTESIAN_POINT('',(-43.09093505376,-22.57330189126,7.8));
#658 = VECTOR('',#659,1.);
#659 = DIRECTION('',(0.896127585788,-0.443796518676,0.));
#660 = ORIENTED_EDGE('',*,*,#661,.T.);
#661 = EDGE_CURVE('',#654,#662,#664,.T.);
#662 = VERTEX_POINT('',#663);
#663 = CARTESIAN_POINT('',(-82.3669269566,-43.29518549407,7.8));
#664 = LINE('',#665,#666);
#665 = CARTESIAN_POINT('',(-65.94645576558,-10.1384648199,7.8));
#666 = VECTOR('',#667,1.);
#667 = DIRECTION('',(-0.443796518676,-0.896127585788,0.));
#668 = ORIENTED_EDGE('',*,*,#669,.F.);
#669 = EDGE_CURVE('',#670,#662,#672,.T.);
#670 = VERTEX_POINT('',#671);
#671 = CARTESIAN_POINT('',(-84.15918212818,-42.40759245671,7.8));
#672 = LINE('',#673,#674);
#673 = CARTESIAN_POINT('',(-59.0676097261,-54.83389497965,7.8));
#674 = VECTOR('',#675,1.);
#675 = DIRECTION('',(0.896127585788,-0.443796518676,0.));
#676 = ORIENTED_EDGE('',*,*,#677,.T.);
#677 = EDGE_CURVE('',#670,#630,#678,.T.);
#678 = LINE('',#679,#680);
#679 = CARTESIAN_POINT('',(-67.29491441849,-8.354744196759,7.8));
#680 = VECTOR('',#681,1.);
#681 = DIRECTION('',(-0.443796518676,-0.896127585788,0.));
#682 = PLANE('',#683);
#683 = AXIS2_PLACEMENT_3D('',#684,#685,#686);
#684 = CARTESIAN_POINT('',(-18.90402478591,-32.31975620527,7.8));
#685 = DIRECTION('',(0.,0.,1.));
#686 = DIRECTION('',(-0.896127585788,0.443796518676,0.));
#687 = ADVANCED_FACE('',(#688,#720),#762,.T.);
#688 = FACE_BOUND('',#689,.T.);
#689 = EDGE_LOOP('',(#690,#691,#697,#698,#706,#714));
#690 = ORIENTED_EDGE('',*,*,#627,.F.);
#691 = ORIENTED_EDGE('',*,*,#692,.T.);
#692 = EDGE_CURVE('',#628,#22,#693,.T.);
#693 = LINE('',#694,#695);
#694 = CARTESIAN_POINT('',(-73.65176148596,-49.84309249817,0.));
#695 = VECTOR('',#696,1.);
#696 = DIRECTION('',(0.,0.,1.));
#697 = ORIENTED_EDGE('',*,*,#21,.T.);
#698 = ORIENTED_EDGE('',*,*,#699,.T.);
#699 = EDGE_CURVE('',#24,#700,#702,.T.);
#700 = VERTEX_POINT('',#701);
#701 = CARTESIAN_POINT('',(-36.65588553296,-68.1648596368,27.));
#702 = LINE('',#703,#704);
#703 = CARTESIAN_POINT('',(-36.65588553296,-68.1648596368,7.8));
#704 = VECTOR('',#705,1.);
#705 = DIRECTION('',(0.,0.,1.));
#706 = ORIENTED_EDGE('',*,*,#707,.T.);
#707 = EDGE_CURVE('',#700,#708,#710,.T.);
#708 = VERTEX_POINT('',#709);
#709 = CARTESIAN_POINT('',(-85.04677516553,-44.19984762829,27.));
#710 = LINE('',#711,#712);
#711 = CARTESIAN_POINT('',(-36.65588553296,-68.1648596368,27.));
#712 = VECTOR('',#713,1.);
#713 = DIRECTION('',(-0.896127585788,0.443796518676,0.));
#714 = ORIENTED_EDGE('',*,*,#715,.F.);
#715 = EDGE_CURVE('',#630,#708,#716,.T.);
#716 = LINE('',#717,#718);
#717 = CARTESIAN_POINT('',(-85.04677516553,-44.19984762829,7.8));
#718 = VECTOR('',#719,1.);
#719 = DIRECTION('',(0.,0.,1.));
#720 = FACE_BOUND('',#721,.T.);
#721 = EDGE_LOOP('',(#722,#732,#740,#748,#756));
#722 = ORIENTED_EDGE('',*,*,#723,.F.);
#723 = EDGE_CURVE('',#724,#726,#728,.T.);
#724 = VERTEX_POINT('',#725);
#725 = CARTESIAN_POINT('',(-65.78003207108,-53.74147277983,9.));
#726 = VERTEX_POINT('',#727);
#727 = CARTESIAN_POINT('',(-59.50713897056,-56.84804841056,9.));
#728 = LINE('',#729,#730);
#729 = CARTESIAN_POINT('',(-48.08151225176,-62.50645402368,9.));
#730 = VECTOR('',#731,1.);
#731 = DIRECTION('',(0.896127585788,-0.443796518676,0.));
#732 = ORIENTED_EDGE('',*,*,#733,.F.);
#733 = EDGE_CURVE('',#734,#724,#736,.T.);
#734 = VERTEX_POINT('',#735);
#735 = CARTESIAN_POINT('',(-65.78003207108,-53.74147277983,13.));
#736 = LINE('',#737,#738);
#737 = CARTESIAN_POINT('',(-65.78003207108,-53.74147277983,8.4));
#738 = VECTOR('',#739,1.);
#739 = DIRECTION('',(0.,0.,-1.));
#740 = ORIENTED_EDGE('',*,*,#741,.F.);
#741 = EDGE_CURVE('',#742,#734,#744,.T.);
#742 = VERTEX_POINT('',#743);
#743 = CARTESIAN_POINT('',(-62.64358552082,-55.29476059519,16.5));
#744 = LINE('',#745,#746);
#745 = CARTESIAN_POINT('',(-59.66396129808,-56.77038401979,19.825));
#746 = VECTOR('',#747,1.);
#747 = DIRECTION('',(-0.633657892719,0.313811527823,-0.707106781187));
#748 = ORIENTED_EDGE('',*,*,#749,.F.);
#749 = EDGE_CURVE('',#750,#742,#752,.T.);
#750 = VERTEX_POINT('',#751);
#751 = CARTESIAN_POINT('',(-59.50713897056,-56.84804841056,13.));
#752 = LINE('',#753,#754);
#753 = CARTESIAN_POINT('',(-54.19758302477,-59.47754278372,7.075));
#754 = VECTOR('',#755,1.);
#755 = DIRECTION('',(-0.633657892719,0.313811527823,0.707106781187));
#756 = ORIENTED_EDGE('',*,*,#757,.F.);
#757 = EDGE_CURVE('',#726,#750,#758,.T.);
#758 = LINE('',#759,#760);
#759 = CARTESIAN_POINT('',(-59.50713897056,-56.84804841056,10.4));
#760 = VECTOR('',#761,1.);
#761 = DIRECTION('',(0.,0.,1.));
#762 = PLANE('',#763);
#763 = AXIS2_PLACEMENT_3D('',#764,#765,#766);
#764 = CARTESIAN_POINT('',(-36.65588553296,-68.1648596368,7.8));
#765 = DIRECTION('',(-0.443796518676,-0.896127585788,0.));
#766 = DIRECTION('',(0.,0.,1.));
#767 = ADVANCED_FACE('',(#768),#802,.F.);
#768 = FACE_BOUND('',#769,.F.);
#769 = EDGE_LOOP('',(#770,#771,#772,#780,#788,#794,#795,#796));
#770 = ORIENTED_EDGE('',*,*,#121,.F.);
#771 = ORIENTED_EDGE('',*,*,#57,.T.);
#772 = ORIENTED_EDGE('',*,*,#773,.F.);
#773 = EDGE_CURVE('',#774,#58,#776,.T.);
#774 = VERTEX_POINT('',#775);
#775 = CARTESIAN_POINT('',(34.43690293958,-63.68422170786,16.));
#776 = LINE('',#777,#778);
#777 = CARTESIAN_POINT('',(34.43690293958,-63.68422170786,7.9));
#778 = VECTOR('',#779,1.);
#779 = DIRECTION('',(0.,0.,-1.));
#780 = ORIENTED_EDGE('',*,*,#781,.T.);
#781 = EDGE_CURVE('',#774,#782,#784,.T.);
#782 = VERTEX_POINT('',#783);
#783 = CARTESIAN_POINT('',(21.123007379296,-36.80039413421,16.));
#784 = LINE('',#785,#786);
#785 = CARTESIAN_POINT('',(29.534559997291,-53.78525999747,16.));
#786 = VECTOR('',#787,1.);
#787 = DIRECTION('',(-0.443796518676,0.896127585788,0.));
#788 = ORIENTED_EDGE('',*,*,#789,.T.);
#789 = EDGE_CURVE('',#782,#423,#790,.T.);
#790 = LINE('',#791,#792);
#791 = CARTESIAN_POINT('',(21.123007379296,-36.80039413421,7.9));
#792 = VECTOR('',#793,1.);
#793 = DIRECTION('',(0.,0.,-1.));
#794 = ORIENTED_EDGE('',*,*,#430,.T.);
#795 = ORIENTED_EDGE('',*,*,#274,.T.);
#796 = ORIENTED_EDGE('',*,*,#797,.F.);
#797 = EDGE_CURVE('',#122,#275,#798,.T.);
#798 = LINE('',#799,#800);
#799 = CARTESIAN_POINT('',(36.655885532963,-68.1648596368,27.));
#800 = VECTOR('',#801,1.);
#801 = DIRECTION('',(-0.443796518676,0.896127585788,0.));
#802 = PLANE('',#803);
#803 = AXIS2_PLACEMENT_3D('',#804,#805,#806);
#804 = CARTESIAN_POINT('',(36.655885532963,-68.1648596368,7.8));
#805 = DIRECTION('',(0.896127585788,0.443796518676,0.));
#806 = DIRECTION('',(0.,0.,1.));
#807 = ADVANCED_FACE('',(#808),#826,.F.);
#808 = FACE_BOUND('',#809,.F.);
#809 = EDGE_LOOP('',(#810,#811,#819,#825));
#810 = ORIENTED_EDGE('',*,*,#65,.F.);
#811 = ORIENTED_EDGE('',*,*,#812,.T.);
#812 = EDGE_CURVE('',#66,#813,#815,.T.);
#813 = VERTEX_POINT('',#814);
#814 = CARTESIAN_POINT('',(29.939025409886,-65.91174200828,16.));
#815 = LINE('',#816,#817);
#816 = CARTESIAN_POINT('',(29.939025409885,-65.91174200828,8.));
#817 = VECTOR('',#818,1.);
#818 = DIRECTION('',(0.,0.,1.));
#819 = ORIENTED_EDGE('',*,*,#820,.T.);
#820 = EDGE_CURVE('',#813,#774,#821,.T.);
#821 = LINE('',#822,#823);
#822 = CARTESIAN_POINT('',(22.787244324333,-69.45357645065,16.));
#823 = VECTOR('',#824,1.);
#824 = DIRECTION('',(0.896127585788,0.443796518676,0.));
#825 = ORIENTED_EDGE('',*,*,#773,.T.);
#826 = PLANE('',#827);
#827 = AXIS2_PLACEMENT_3D('',#828,#829,#830);
#828 = CARTESIAN_POINT('',(22.787244324333,-69.45357645065,8.));
#829 = DIRECTION('',(-0.443796518676,0.896127585788,0.));
#830 = DIRECTION('',(0.,0.,1.));
#831 = ADVANCED_FACE('',(#832),#851,.T.);
#832 = FACE_BOUND('',#833,.T.);
#833 = EDGE_LOOP('',(#834,#835,#844,#850));
#834 = ORIENTED_EDGE('',*,*,#812,.T.);
#835 = ORIENTED_EDGE('',*,*,#836,.F.);
#836 = EDGE_CURVE('',#837,#813,#839,.T.);
#837 = VERTEX_POINT('',#838);
#838 = CARTESIAN_POINT('',(-29.93902540988,-65.91174200828,16.));
#839 = CIRCLE('',#840,30.);
#840 = AXIS2_PLACEMENT_3D('',#841,#842,#843);
#841 = CARTESIAN_POINT('',(0.,-64.,16.));
#842 = DIRECTION('',(0.,0.,1.));
#843 = DIRECTION('',(1.,0.,0.));
#844 = ORIENTED_EDGE('',*,*,#845,.F.);
#845 = EDGE_CURVE('',#74,#837,#846,.T.);
#846 = LINE('',#847,#848);
#847 = CARTESIAN_POINT('',(-29.93902540988,-65.91174200828,8.));
#848 = VECTOR('',#849,1.);
#849 = DIRECTION('',(0.,0.,1.));
#850 = ORIENTED_EDGE('',*,*,#73,.T.);
#851 = CYLINDRICAL_SURFACE('',#852,30.);
#852 = AXIS2_PLACEMENT_3D('',#853,#854,#855);
#853 = CARTESIAN_POINT('',(0.,-64.,8.));
#854 = DIRECTION('',(0.,0.,1.));
#855 = DIRECTION('',(1.,0.,0.));
#856 = ADVANCED_FACE('',(#857),#875,.T.);
#857 = FACE_BOUND('',#858,.T.);
#858 = EDGE_LOOP('',(#859,#860,#861,#869));
#859 = ORIENTED_EDGE('',*,*,#82,.F.);
#860 = ORIENTED_EDGE('',*,*,#845,.T.);
#861 = ORIENTED_EDGE('',*,*,#862,.T.);
#862 = EDGE_CURVE('',#837,#863,#865,.T.);
#863 = VERTEX_POINT('',#864);
#864 = CARTESIAN_POINT('',(-34.43690293958,-63.68422170785,16.));
#865 = LINE('',#866,#867);
#866 = CARTESIAN_POINT('',(-22.78724432433,-69.45357645065,16.));
#867 = VECTOR('',#868,1.);
#868 = DIRECTION('',(-0.896127585788,0.443796518676,0.));
#869 = ORIENTED_EDGE('',*,*,#870,.T.);
#870 = EDGE_CURVE('',#863,#83,#871,.T.);
#871 = LINE('',#872,#873);
#872 = CARTESIAN_POINT('',(-34.43690293958,-63.68422170785,7.9));
#873 = VECTOR('',#874,1.);
#874 = DIRECTION('',(0.,0.,-1.));
#875 = PLANE('',#876);
#876 = AXIS2_PLACEMENT_3D('',#877,#878,#879);
#877 = CARTESIAN_POINT('',(-22.78724432433,-69.45357645065,8.));
#878 = DIRECTION('',(-0.443796518676,-0.896127585788,0.));
#879 = DIRECTION('',(0.,0.,1.));
#880 = ADVANCED_FACE('',(#881),#908,.F.);
#881 = FACE_BOUND('',#882,.F.);
#882 = EDGE_LOOP('',(#883,#884,#885,#893,#899,#900,#901,#902));
#883 = ORIENTED_EDGE('',*,*,#555,.F.);
#884 = ORIENTED_EDGE('',*,*,#397,.T.);
#885 = ORIENTED_EDGE('',*,*,#886,.F.);
#886 = EDGE_CURVE('',#887,#398,#889,.T.);
#887 = VERTEX_POINT('',#888);
#888 = CARTESIAN_POINT('',(-21.12300737929,-36.80039413421,16.));
#889 = LINE('',#890,#891);
#890 = CARTESIAN_POINT('',(-21.12300737929,-36.80039413421,7.9));
#891 = VECTOR('',#892,1.);
#892 = DIRECTION('',(0.,0.,-1.));
#893 = ORIENTED_EDGE('',*,*,#894,.T.);
#894 = EDGE_CURVE('',#887,#863,#895,.T.);
#895 = LINE('',#896,#897);
#896 = CARTESIAN_POINT('',(-20.65862962376,-35.8627082817,16.));
#897 = VECTOR('',#898,1.);
#898 = DIRECTION('',(-0.443796518676,-0.896127585788,0.));
#899 = ORIENTED_EDGE('',*,*,#870,.T.);
#900 = ORIENTED_EDGE('',*,*,#90,.T.);
#901 = ORIENTED_EDGE('',*,*,#699,.T.);
#902 = ORIENTED_EDGE('',*,*,#903,.F.);
#903 = EDGE_CURVE('',#556,#700,#904,.T.);
#904 = LINE('',#905,#906);
#905 = CARTESIAN_POINT('',(-18.90402478591,-32.31975620527,27.));
#906 = VECTOR('',#907,1.);
#907 = DIRECTION('',(-0.443796518676,-0.896127585788,0.));
#908 = PLANE('',#909);
#909 = AXIS2_PLACEMENT_3D('',#910,#911,#912);
#910 = CARTESIAN_POINT('',(-18.90402478591,-32.31975620527,7.8));
#911 = DIRECTION('',(-0.896127585788,0.443796518676,0.));
#912 = DIRECTION('',(0.,0.,1.));
#913 = ADVANCED_FACE('',(#914),#925,.T.);
#914 = FACE_BOUND('',#915,.T.);
#915 = EDGE_LOOP('',(#916,#917,#918,#924));
#916 = ORIENTED_EDGE('',*,*,#797,.F.);
#917 = ORIENTED_EDGE('',*,*,#129,.T.);
#918 = ORIENTED_EDGE('',*,*,#919,.T.);
#919 = EDGE_CURVE('',#130,#283,#920,.T.);
#920 = LINE('',#921,#922);
#921 = CARTESIAN_POINT('',(85.046775165536,-44.19984762829,27.));
#922 = VECTOR('',#923,1.);
#923 = DIRECTION('',(-0.443796518676,0.896127585788,0.));
#924 = ORIENTED_EDGE('',*,*,#282,.F.);
#925 = PLANE('',#926);
#926 = AXIS2_PLACEMENT_3D('',#927,#928,#929);
#927 = CARTESIAN_POINT('',(36.655885532963,-68.1648596368,27.));
#928 = DIRECTION('',(0.,0.,1.));
#929 = DIRECTION('',(0.896127585788,0.443796518676,0.));
#930 = ADVANCED_FACE('',(#931,#960),#1002,.T.);
#931 = FACE_BOUND('',#932,.T.);
#932 = EDGE_LOOP('',(#933,#934,#935,#936,#944,#952,#958,#959));
#933 = ORIENTED_EDGE('',*,*,#919,.F.);
#934 = ORIENTED_EDGE('',*,*,#137,.F.);
#935 = ORIENTED_EDGE('',*,*,#211,.T.);
#936 = ORIENTED_EDGE('',*,*,#937,.T.);
#937 = EDGE_CURVE('',#212,#938,#940,.T.);
#938 = VERTEX_POINT('',#939);
#939 = CARTESIAN_POINT('',(84.159182128184,-42.40759245671,8.));
#940 = LINE('',#941,#942);
#941 = CARTESIAN_POINT('',(84.159182128184,-42.40759245671,6.8));
#942 = VECTOR('',#943,1.);
#943 = DIRECTION('',(0.,0.,1.));
#944 = ORIENTED_EDGE('',*,*,#945,.F.);
#945 = EDGE_CURVE('',#946,#938,#948,.T.);
#946 = VERTEX_POINT('',#947);
#947 = CARTESIAN_POINT('',(68.182507455842,-10.14699936833,8.));
#948 = LINE('',#949,#950);
#949 = CARTESIAN_POINT('',(84.60297864686,-43.3037200425,8.));
#950 = VECTOR('',#951,1.);
#951 = DIRECTION('',(0.443796518676,-0.896127585788,0.));
#952 = ORIENTED_EDGE('',*,*,#953,.F.);
#953 = EDGE_CURVE('',#236,#946,#954,.T.);
#954 = LINE('',#955,#956);
#955 = CARTESIAN_POINT('',(68.182507455842,-10.14699936833,6.8));
#956 = VECTOR('',#957,1.);
#957 = DIRECTION('',(0.,0.,1.));
#958 = ORIENTED_EDGE('',*,*,#243,.T.);
#959 = ORIENTED_EDGE('',*,*,#290,.T.);
#960 = FACE_BOUND('',#961,.T.);
#961 = EDGE_LOOP('',(#962,#972,#980,#988,#996));
#962 = ORIENTED_EDGE('',*,*,#963,.T.);
#963 = EDGE_CURVE('',#964,#966,#968,.T.);
#964 = VERTEX_POINT('',#965);
#965 = CARTESIAN_POINT('',(71.555360997781,-16.95756902032,13.4));
#966 = VERTEX_POINT('',#967);
#967 = CARTESIAN_POINT('',(71.555360997781,-16.95756902032,8.2));
#968 = LINE('',#969,#970);
#969 = CARTESIAN_POINT('',(71.555360997781,-16.95756902032,8.));
#970 = VECTOR('',#971,1.);
#971 = DIRECTION('',(0.,0.,-1.));
#972 = ORIENTED_EDGE('',*,*,#973,.T.);
#973 = EDGE_CURVE('',#966,#974,#976,.T.);
#974 = VERTEX_POINT('',#975);
#975 = CARTESIAN_POINT('',(80.786328586245,-35.59702280472,8.2));
#976 = LINE('',#977,#978);
#977 = CARTESIAN_POINT('',(82.916551875891,-39.89843521651,8.2));
#978 = VECTOR('',#979,1.);
#979 = DIRECTION('',(0.443796518676,-0.896127585788,0.));
#980 = ORIENTED_EDGE('',*,*,#981,.T.);
#981 = EDGE_CURVE('',#974,#982,#984,.T.);
#982 = VERTEX_POINT('',#983);
#983 = CARTESIAN_POINT('',(80.786328586245,-35.59702280472,13.4));
#984 = LINE('',#985,#986);
#985 = CARTESIAN_POINT('',(80.786328586245,-35.59702280472,10.6));
#986 = VECTOR('',#987,1.);
#987 = DIRECTION('',(0.,0.,1.));
#988 = ORIENTED_EDGE('',*,*,#989,.T.);
#989 = EDGE_CURVE('',#982,#990,#992,.T.);
#990 = VERTEX_POINT('',#991);
#991 = CARTESIAN_POINT('',(76.170844792013,-26.27729591252,23.4));
#992 = LINE('',#993,#994);
#993 = CARTESIAN_POINT('',(80.206288924172,-34.42578887169,
    14.656725595696));
#994 = VECTOR('',#995,1.);
#995 = DIRECTION('',(-0.31990320475,0.645958394207,0.693108716252));
#996 = ORIENTED_EDGE('',*,*,#997,.T.);
#997 = EDGE_CURVE('',#990,#964,#998,.T.);
#998 = LINE('',#999,#1000);
#999 = CARTESIAN_POINT('',(74.439594913777,-22.78150288916,
    19.649039200615));
#1000 = VECTOR('',#1001,1.);
#1001 = DIRECTION('',(-0.31990320475,0.645958394207,-0.693108716252));
#1002 = PLANE('',#1003);
#1003 = AXIS2_PLACEMENT_3D('',#1004,#1005,#1006);
#1004 = CARTESIAN_POINT('',(85.046775165536,-44.19984762829,7.8));
#1005 = DIRECTION('',(0.896127585788,0.443796518676,0.));
#1006 = DIRECTION('',(0.,0.,1.));
#1007 = ADVANCED_FACE('',(#1008),#1033,.F.);
#1008 = FACE_BOUND('',#1009,.F.);
#1009 = EDGE_LOOP('',(#1010,#1011,#1019,#1027));
#1010 = ORIENTED_EDGE('',*,*,#145,.T.);
#1011 = ORIENTED_EDGE('',*,*,#1012,.T.);
#1012 = EDGE_CURVE('',#148,#1013,#1015,.T.);
#1013 = VERTEX_POINT('',#1014);
#1014 = CARTESIAN_POINT('',(55.246692391276,-48.24522358699,9.));
#1015 = LINE('',#1016,#1017);
#1016 = CARTESIAN_POINT('',(60.838528526596,-59.53643116793,9.));
#1017 = VECTOR('',#1018,1.);
#1018 = DIRECTION('',(-0.443796518676,0.896127585788,0.));
#1019 = ORIENTED_EDGE('',*,*,#1020,.F.);
#1020 = EDGE_CURVE('',#1021,#1013,#1023,.T.);
#1021 = VERTEX_POINT('',#1022);
#1022 = CARTESIAN_POINT('',(61.519585491795,-45.13864795626,9.));
#1023 = LINE('',#1024,#1025);
#1024 = CARTESIAN_POINT('',(45.434095326893,-53.1047954665,9.));
#1025 = VECTOR('',#1026,1.);
#1026 = DIRECTION('',(-0.896127585788,-0.443796518676,-0.));
#1027 = ORIENTED_EDGE('',*,*,#1028,.F.);
#1028 = EDGE_CURVE('',#146,#1021,#1029,.T.);
#1029 = LINE('',#1030,#1031);
#1030 = CARTESIAN_POINT('',(67.111421627114,-56.42985553719,9.));
#1031 = VECTOR('',#1032,1.);
#1032 = DIRECTION('',(-0.443796518676,0.896127585788,0.));
#1033 = PLANE('',#1034);
#1034 = AXIS2_PLACEMENT_3D('',#1035,#1036,#1037);
#1035 = CARTESIAN_POINT('',(60.838528526596,-59.53643116793,9.));
#1036 = DIRECTION('',(0.,0.,-1.));
#1037 = DIRECTION('',(0.896127585788,0.443796518676,0.));
#1038 = ADVANCED_FACE('',(#1039),#1057,.F.);
#1039 = FACE_BOUND('',#1040,.F.);
#1040 = EDGE_LOOP('',(#1041,#1042,#1043,#1051));
#1041 = ORIENTED_EDGE('',*,*,#155,.T.);
#1042 = ORIENTED_EDGE('',*,*,#1028,.T.);
#1043 = ORIENTED_EDGE('',*,*,#1044,.F.);
#1044 = EDGE_CURVE('',#1045,#1021,#1047,.T.);
#1045 = VERTEX_POINT('',#1046);
#1046 = CARTESIAN_POINT('',(61.519585491795,-45.13864795626,13.));
#1047 = LINE('',#1048,#1049);
#1048 = CARTESIAN_POINT('',(61.519585491795,-45.13864795626,11.2));
#1049 = VECTOR('',#1050,1.);
#1050 = DIRECTION('',(0.,0.,-1.));
#1051 = ORIENTED_EDGE('',*,*,#1052,.F.);
#1052 = EDGE_CURVE('',#156,#1045,#1053,.T.);
#1053 = LINE('',#1054,#1055);
#1054 = CARTESIAN_POINT('',(67.111421627114,-56.42985553719,13.));
#1055 = VECTOR('',#1056,1.);
#1056 = DIRECTION('',(-0.443796518676,0.896127585788,0.));
#1057 = PLANE('',#1058);
#1058 = AXIS2_PLACEMENT_3D('',#1059,#1060,#1061);
#1059 = CARTESIAN_POINT('',(67.111421627114,-56.42985553719,9.));
#1060 = DIRECTION('',(0.896127585788,0.443796518676,0.));
#1061 = DIRECTION('',(0.,0.,1.));
#1062 = ADVANCED_FACE('',(#1063),#1089,.F.);
#1063 = FACE_BOUND('',#1064,.F.);
#1064 = EDGE_LOOP('',(#1065,#1066,#1067,#1075,#1083));
#1065 = ORIENTED_EDGE('',*,*,#163,.T.);
#1066 = ORIENTED_EDGE('',*,*,#1052,.T.);
#1067 = ORIENTED_EDGE('',*,*,#1068,.F.);
#1068 = EDGE_CURVE('',#1069,#1045,#1071,.T.);
#1069 = VERTEX_POINT('',#1070);
#1070 = CARTESIAN_POINT('',(61.161134457479,-45.31616656373,13.4));
#1071 = LINE('',#1072,#1073);
#1072 = CARTESIAN_POINT('',(54.955450925895,-48.38945745556,20.325));
#1073 = VECTOR('',#1074,1.);
#1074 = DIRECTION('',(0.633657892719,0.313811527823,-0.707106781187));
#1075 = ORIENTED_EDGE('',*,*,#1076,.F.);
#1076 = EDGE_CURVE('',#1077,#1069,#1079,.T.);
#1077 = VERTEX_POINT('',#1078);
#1078 = CARTESIAN_POINT('',(56.952338965323,-43.80282043504,16.5));
#1079 = LINE('',#1080,#1081);
#1080 = CARTESIAN_POINT('',(53.360313247706,-42.51124468041,
    19.145716510903));
#1081 = VECTOR('',#1082,1.);
#1082 = DIRECTION('',(0.773406819399,-0.278091966744,-0.569654939187));
#1083 = ORIENTED_EDGE('',*,*,#1084,.F.);
#1084 = EDGE_CURVE('',#164,#1077,#1085,.T.);
#1085 = LINE('',#1086,#1087);
#1086 = CARTESIAN_POINT('',(63.974975076855,-57.98314335256,16.5));
#1087 = VECTOR('',#1088,1.);
#1088 = DIRECTION('',(-0.443796518676,0.896127585788,0.));
#1089 = PLANE('',#1090);
#1090 = AXIS2_PLACEMENT_3D('',#1091,#1092,#1093);
#1091 = CARTESIAN_POINT('',(67.111421627114,-56.42985553719,13.));
#1092 = DIRECTION('',(0.633657892719,0.313811527823,0.707106781187));
#1093 = DIRECTION('',(-0.633657892719,-0.313811527823,0.707106781186));
#1094 = ADVANCED_FACE('',(#1095),#1121,.F.);
#1095 = FACE_BOUND('',#1096,.F.);
#1096 = EDGE_LOOP('',(#1097,#1098,#1099,#1107,#1115));
#1097 = ORIENTED_EDGE('',*,*,#171,.T.);
#1098 = ORIENTED_EDGE('',*,*,#1084,.T.);
#1099 = ORIENTED_EDGE('',*,*,#1100,.F.);
#1100 = EDGE_CURVE('',#1101,#1077,#1103,.T.);
#1101 = VERTEX_POINT('',#1102);
#1102 = CARTESIAN_POINT('',(55.605143425591,-48.06770497952,13.4));
#1103 = LINE('',#1104,#1105);
#1104 = CARTESIAN_POINT('',(55.013689248704,-49.94010115616,
    12.039018691589));
#1105 = VECTOR('',#1106,1.);
#1106 = DIRECTION('',(0.247560191374,0.78371372446,0.569654939187));
#1107 = ORIENTED_EDGE('',*,*,#1108,.F.);
#1108 = EDGE_CURVE('',#1109,#1101,#1111,.T.);
#1109 = VERTEX_POINT('',#1110);
#1110 = CARTESIAN_POINT('',(55.246692391276,-48.24522358699,13.));
#1111 = LINE('',#1112,#1113);
#1112 = CARTESIAN_POINT('',(51.998229892793,-49.85398596719,9.375));
#1113 = VECTOR('',#1114,1.);
#1114 = DIRECTION('',(0.633657892719,0.313811527823,0.707106781187));
#1115 = ORIENTED_EDGE('',*,*,#1116,.F.);
#1116 = EDGE_CURVE('',#172,#1109,#1117,.T.);
#1117 = LINE('',#1118,#1119);
#1118 = CARTESIAN_POINT('',(60.838528526596,-59.53643116793,13.));
#1119 = VECTOR('',#1120,1.);
#1120 = DIRECTION('',(-0.443796518676,0.896127585788,0.));
#1121 = PLANE('',#1122);
#1122 = AXIS2_PLACEMENT_3D('',#1123,#1124,#1125);
#1123 = CARTESIAN_POINT('',(63.974975076855,-57.98314335256,16.5));
#1124 = DIRECTION('',(-0.633657892719,-0.313811527823,0.707106781187));
#1125 = DIRECTION('',(-0.633657892719,-0.313811527823,-0.707106781186));
#1126 = ADVANCED_FACE('',(#1127),#1138,.F.);
#1127 = FACE_BOUND('',#1128,.F.);
#1128 = EDGE_LOOP('',(#1129,#1130,#1131,#1137));
#1129 = ORIENTED_EDGE('',*,*,#179,.T.);
#1130 = ORIENTED_EDGE('',*,*,#1116,.T.);
#1131 = ORIENTED_EDGE('',*,*,#1132,.F.);
#1132 = EDGE_CURVE('',#1013,#1109,#1133,.T.);
#1133 = LINE('',#1134,#1135);
#1134 = CARTESIAN_POINT('',(55.246692391276,-48.24522358699,13.2));
#1135 = VECTOR('',#1136,1.);
#1136 = DIRECTION('',(0.,0.,1.));
#1137 = ORIENTED_EDGE('',*,*,#1012,.F.);
#1138 = PLANE('',#1139);
#1139 = AXIS2_PLACEMENT_3D('',#1140,#1141,#1142);
#1140 = CARTESIAN_POINT('',(60.838528526596,-59.53643116793,13.));
#1141 = DIRECTION('',(-0.896127585788,-0.443796518676,0.));
#1142 = DIRECTION('',(0.,0.,-1.));
#1143 = ADVANCED_FACE('',(#1144),#1178,.F.);
#1144 = FACE_BOUND('',#1145,.F.);
#1145 = EDGE_LOOP('',(#1146,#1156,#1164,#1170,#1171,#1172));
#1146 = ORIENTED_EDGE('',*,*,#1147,.F.);
#1147 = EDGE_CURVE('',#1148,#1150,#1152,.T.);
#1148 = VERTEX_POINT('',#1149);
#1149 = CARTESIAN_POINT('',(94.912713157644,-37.0820342326,5.8));
#1150 = VERTEX_POINT('',#1151);
#1151 = CARTESIAN_POINT('',(94.912713157644,-37.0820342326,8.));
#1152 = LINE('',#1153,#1154);
#1153 = CARTESIAN_POINT('',(94.912713157644,-37.0820342326,5.8));
#1154 = VECTOR('',#1155,1.);
#1155 = DIRECTION('',(0.,0.,1.));
#1156 = ORIENTED_EDGE('',*,*,#1157,.F.);
#1157 = EDGE_CURVE('',#1158,#1148,#1160,.T.);
#1158 = VERTEX_POINT('',#1159);
#1159 = CARTESIAN_POINT('',(82.366926956607,-43.29518549407,5.8));
#1160 = LINE('',#1161,#1162);
#1161 = CARTESIAN_POINT('',(82.366926956607,-43.29518549407,5.8));
#1162 = VECTOR('',#1163,1.);
#1163 = DIRECTION('',(0.896127585788,0.443796518676,0.));
#1164 = ORIENTED_EDGE('',*,*,#1165,.T.);
#1165 = EDGE_CURVE('',#1158,#220,#1166,.T.);
#1166 = LINE('',#1167,#1168);
#1167 = CARTESIAN_POINT('',(82.366926956607,-43.29518549407,5.8));
#1168 = VECTOR('',#1169,1.);
#1169 = DIRECTION('',(0.,0.,1.));
#1170 = ORIENTED_EDGE('',*,*,#219,.F.);
#1171 = ORIENTED_EDGE('',*,*,#937,.T.);
#1172 = ORIENTED_EDGE('',*,*,#1173,.T.);
#1173 = EDGE_CURVE('',#938,#1150,#1174,.T.);
#1174 = LINE('',#1175,#1176);
#1175 = CARTESIAN_POINT('',(82.366926956607,-43.29518549407,8.));
#1176 = VECTOR('',#1177,1.);
#1177 = DIRECTION('',(0.896127585788,0.443796518676,0.));
#1178 = PLANE('',#1179);
#1179 = AXIS2_PLACEMENT_3D('',#1180,#1181,#1182);
#1180 = CARTESIAN_POINT('',(82.366926956607,-43.29518549407,5.8));
#1181 = DIRECTION('',(-0.443796518676,0.896127585788,0.));
#1182 = DIRECTION('',(0.,0.,1.));
#1183 = ADVANCED_FACE('',(#1184),#1202,.F.);
#1184 = FACE_BOUND('',#1185,.F.);
#1185 = EDGE_LOOP('',(#1186,#1187,#1195,#1201));
#1186 = ORIENTED_EDGE('',*,*,#1165,.F.);
#1187 = ORIENTED_EDGE('',*,*,#1188,.T.);
#1188 = EDGE_CURVE('',#1158,#1189,#1191,.T.);
#1189 = VERTEX_POINT('',#1190);
#1190 = CARTESIAN_POINT('',(66.390252284265,-11.03459240568,5.8));
#1191 = LINE('',#1192,#1193);
#1192 = CARTESIAN_POINT('',(82.366926956607,-43.29518549407,5.8));
#1193 = VECTOR('',#1194,1.);
#1194 = DIRECTION('',(-0.443796518676,0.896127585788,0.));
#1195 = ORIENTED_EDGE('',*,*,#1196,.T.);
#1196 = EDGE_CURVE('',#1189,#228,#1197,.T.);
#1197 = LINE('',#1198,#1199);
#1198 = CARTESIAN_POINT('',(66.390252284265,-11.03459240568,5.8));
#1199 = VECTOR('',#1200,1.);
#1200 = DIRECTION('',(0.,0.,1.));
#1201 = ORIENTED_EDGE('',*,*,#227,.F.);
#1202 = PLANE('',#1203);
#1203 = AXIS2_PLACEMENT_3D('',#1204,#1205,#1206);
#1204 = CARTESIAN_POINT('',(82.366926956607,-43.29518549407,5.8));
#1205 = DIRECTION('',(0.896127585788,0.443796518676,0.));
#1206 = DIRECTION('',(0.,0.,1.));
#1207 = ADVANCED_FACE('',(#1208),#1235,.T.);
#1208 = FACE_BOUND('',#1209,.T.);
#1209 = EDGE_LOOP('',(#1210,#1220,#1226,#1227,#1228,#1229));
#1210 = ORIENTED_EDGE('',*,*,#1211,.F.);
#1211 = EDGE_CURVE('',#1212,#1214,#1216,.T.);
#1212 = VERTEX_POINT('',#1213);
#1213 = CARTESIAN_POINT('',(78.936038485303,-4.821441144222,5.8));
#1214 = VERTEX_POINT('',#1215);
#1215 = CARTESIAN_POINT('',(78.936038485303,-4.821441144222,8.));
#1216 = LINE('',#1217,#1218);
#1217 = CARTESIAN_POINT('',(78.936038485303,-4.821441144222,5.8));
#1218 = VECTOR('',#1219,1.);
#1219 = DIRECTION('',(0.,0.,1.));
#1220 = ORIENTED_EDGE('',*,*,#1221,.F.);
#1221 = EDGE_CURVE('',#1189,#1212,#1222,.T.);
#1222 = LINE('',#1223,#1224);
#1223 = CARTESIAN_POINT('',(66.390252284265,-11.03459240568,5.8));
#1224 = VECTOR('',#1225,1.);
#1225 = DIRECTION('',(0.896127585788,0.443796518676,0.));
#1226 = ORIENTED_EDGE('',*,*,#1196,.T.);
#1227 = ORIENTED_EDGE('',*,*,#235,.F.);
#1228 = ORIENTED_EDGE('',*,*,#953,.T.);
#1229 = ORIENTED_EDGE('',*,*,#1230,.T.);
#1230 = EDGE_CURVE('',#946,#1214,#1231,.T.);
#1231 = LINE('',#1232,#1233);
#1232 = CARTESIAN_POINT('',(66.390252284265,-11.03459240568,8.));
#1233 = VECTOR('',#1234,1.);
#1234 = DIRECTION('',(0.896127585788,0.443796518676,0.));
#1235 = PLANE('',#1236);
#1236 = AXIS2_PLACEMENT_3D('',#1237,#1238,#1239);
#1237 = CARTESIAN_POINT('',(66.390252284265,-11.03459240568,5.8));
#1238 = DIRECTION('',(-0.443796518676,0.896127585788,0.));
#1239 = DIRECTION('',(0.,0.,1.));
#1240 = ADVANCED_FACE('',(#1241),#1266,.F.);
#1241 = FACE_BOUND('',#1242,.F.);
#1242 = EDGE_LOOP('',(#1243,#1253,#1259,#1260));
#1243 = ORIENTED_EDGE('',*,*,#1244,.F.);
#1244 = EDGE_CURVE('',#1245,#1247,#1249,.T.);
#1245 = VERTEX_POINT('',#1246);
#1246 = CARTESIAN_POINT('',(46.015724802812,-29.60576980259,9.));
#1247 = VERTEX_POINT('',#1248);
#1248 = CARTESIAN_POINT('',(52.288617903331,-26.49919417186,9.));
#1249 = LINE('',#1250,#1251);
#1250 = CARTESIAN_POINT('',(36.203127738429,-34.4653416821,9.));
#1251 = VECTOR('',#1252,1.);
#1252 = DIRECTION('',(0.896127585788,0.443796518676,0.));
#1253 = ORIENTED_EDGE('',*,*,#1254,.T.);
#1254 = EDGE_CURVE('',#1245,#301,#1255,.T.);
#1255 = LINE('',#1256,#1257);
#1256 = CARTESIAN_POINT('',(60.838528526596,-59.53643116793,9.));
#1257 = VECTOR('',#1258,1.);
#1258 = DIRECTION('',(-0.443796518676,0.896127585788,0.));
#1259 = ORIENTED_EDGE('',*,*,#298,.F.);
#1260 = ORIENTED_EDGE('',*,*,#1261,.F.);
#1261 = EDGE_CURVE('',#1247,#299,#1262,.T.);
#1262 = LINE('',#1263,#1264);
#1263 = CARTESIAN_POINT('',(67.111421627114,-56.42985553719,9.));
#1264 = VECTOR('',#1265,1.);
#1265 = DIRECTION('',(-0.443796518676,0.896127585788,0.));
#1266 = PLANE('',#1267);
#1267 = AXIS2_PLACEMENT_3D('',#1268,#1269,#1270);
#1268 = CARTESIAN_POINT('',(60.838528526596,-59.53643116793,9.));
#1269 = DIRECTION('',(0.,0.,-1.));
#1270 = DIRECTION('',(0.896127585788,0.443796518676,0.));
#1271 = ADVANCED_FACE('',(#1272),#1290,.F.);
#1272 = FACE_BOUND('',#1273,.F.);
#1273 = EDGE_LOOP('',(#1274,#1282,#1283,#1284));
#1274 = ORIENTED_EDGE('',*,*,#1275,.F.);
#1275 = EDGE_CURVE('',#1247,#1276,#1278,.T.);
#1276 = VERTEX_POINT('',#1277);
#1277 = CARTESIAN_POINT('',(52.288617903331,-26.49919417186,13.));
#1278 = LINE('',#1279,#1280);
#1279 = CARTESIAN_POINT('',(52.288617903331,-26.49919417186,8.6));
#1280 = VECTOR('',#1281,1.);
#1281 = DIRECTION('',(0.,0.,1.));
#1282 = ORIENTED_EDGE('',*,*,#1261,.T.);
#1283 = ORIENTED_EDGE('',*,*,#308,.F.);
#1284 = ORIENTED_EDGE('',*,*,#1285,.F.);
#1285 = EDGE_CURVE('',#1276,#309,#1286,.T.);
#1286 = LINE('',#1287,#1288);
#1287 = CARTESIAN_POINT('',(67.111421627114,-56.42985553719,13.));
#1288 = VECTOR('',#1289,1.);
#1289 = DIRECTION('',(-0.443796518676,0.896127585788,0.));
#1290 = PLANE('',#1291);
#1291 = AXIS2_PLACEMENT_3D('',#1292,#1293,#1294);
#1292 = CARTESIAN_POINT('',(67.111421627114,-56.42985553719,9.));
#1293 = DIRECTION('',(0.896127585788,0.443796518676,0.));
#1294 = DIRECTION('',(0.,0.,1.));
#1295 = ADVANCED_FACE('',(#1296),#1322,.F.);
#1296 = FACE_BOUND('',#1297,.F.);
#1297 = EDGE_LOOP('',(#1298,#1306,#1307,#1308,#1316));
#1298 = ORIENTED_EDGE('',*,*,#1299,.F.);
#1299 = EDGE_CURVE('',#1276,#1300,#1302,.T.);
#1300 = VERTEX_POINT('',#1301);
#1301 = CARTESIAN_POINT('',(51.930166869015,-26.67671277933,13.4));
#1302 = LINE('',#1303,#1304);
#1303 = CARTESIAN_POINT('',(46.889449198956,-29.17306819688,19.025));
#1304 = VECTOR('',#1305,1.);
#1305 = DIRECTION('',(-0.633657892719,-0.313811527823,0.707106781187));
#1306 = ORIENTED_EDGE('',*,*,#1285,.T.);
#1307 = ORIENTED_EDGE('',*,*,#316,.F.);
#1308 = ORIENTED_EDGE('',*,*,#1309,.F.);
#1309 = EDGE_CURVE('',#1310,#317,#1312,.T.);
#1310 = VERTEX_POINT('',#1311);
#1311 = CARTESIAN_POINT('',(50.582971329283,-30.94159732381,16.5));
#1312 = LINE('',#1313,#1314);
#1313 = CARTESIAN_POINT('',(63.974975076855,-57.98314335256,16.5));
#1314 = VECTOR('',#1315,1.);
#1315 = DIRECTION('',(-0.443796518676,0.896127585788,0.));
#1316 = ORIENTED_EDGE('',*,*,#1317,.F.);
#1317 = EDGE_CURVE('',#1300,#1310,#1318,.T.);
#1318 = LINE('',#1319,#1320);
#1319 = CARTESIAN_POINT('',(47.527683203287,-40.6138763087,
    23.530451713396));
#1320 = VECTOR('',#1321,1.);
#1321 = DIRECTION('',(-0.247560191374,-0.78371372446,0.569654939187));
#1322 = PLANE('',#1323);
#1323 = AXIS2_PLACEMENT_3D('',#1324,#1325,#1326);
#1324 = CARTESIAN_POINT('',(67.111421627114,-56.42985553719,13.));
#1325 = DIRECTION('',(0.633657892719,0.313811527823,0.707106781187));
#1326 = DIRECTION('',(-0.633657892719,-0.313811527823,0.707106781186));
#1327 = ADVANCED_FACE('',(#1328),#1354,.F.);
#1328 = FACE_BOUND('',#1329,.F.);
#1329 = EDGE_LOOP('',(#1330,#1338,#1339,#1340,#1348));
#1330 = ORIENTED_EDGE('',*,*,#1331,.F.);
#1331 = EDGE_CURVE('',#1310,#1332,#1334,.T.);
#1332 = VERTEX_POINT('',#1333);
#1333 = CARTESIAN_POINT('',(46.374175837127,-29.42825119512,13.4));
#1334 = LINE('',#1335,#1336);
#1335 = CARTESIAN_POINT('',(50.479453823836,-30.9043757918,
    16.423753894081));
#1336 = VECTOR('',#1337,1.);
#1337 = DIRECTION('',(-0.773406819399,0.278091966744,-0.569654939187));
#1338 = ORIENTED_EDGE('',*,*,#1309,.T.);
#1339 = ORIENTED_EDGE('',*,*,#324,.F.);
#1340 = ORIENTED_EDGE('',*,*,#1341,.F.);
#1341 = EDGE_CURVE('',#1342,#325,#1344,.T.);
#1342 = VERTEX_POINT('',#1343);
#1343 = CARTESIAN_POINT('',(46.015724802812,-29.60576980259,13.));
#1344 = LINE('',#1345,#1346);
#1345 = CARTESIAN_POINT('',(60.838528526596,-59.53643116793,13.));
#1346 = VECTOR('',#1347,1.);
#1347 = DIRECTION('',(-0.443796518676,0.896127585788,0.));
#1348 = ORIENTED_EDGE('',*,*,#1349,.F.);
#1349 = EDGE_CURVE('',#1332,#1342,#1350,.T.);
#1350 = LINE('',#1351,#1352);
#1351 = CARTESIAN_POINT('',(41.602296442804,-31.79146765707,8.075));
#1352 = VECTOR('',#1353,1.);
#1353 = DIRECTION('',(-0.633657892719,-0.313811527823,-0.707106781187));
#1354 = PLANE('',#1355);
#1355 = AXIS2_PLACEMENT_3D('',#1356,#1357,#1358);
#1356 = CARTESIAN_POINT('',(63.974975076855,-57.98314335256,16.5));
#1357 = DIRECTION('',(-0.633657892719,-0.313811527823,0.707106781187));
#1358 = DIRECTION('',(-0.633657892719,-0.313811527823,-0.707106781186));
#1359 = ADVANCED_FACE('',(#1360),#1371,.F.);
#1360 = FACE_BOUND('',#1361,.F.);
#1361 = EDGE_LOOP('',(#1362,#1368,#1369,#1370));
#1362 = ORIENTED_EDGE('',*,*,#1363,.F.);
#1363 = EDGE_CURVE('',#1342,#1245,#1364,.T.);
#1364 = LINE('',#1365,#1366);
#1365 = CARTESIAN_POINT('',(46.015724802812,-29.60576980259,10.6));
#1366 = VECTOR('',#1367,1.);
#1367 = DIRECTION('',(0.,0.,-1.));
#1368 = ORIENTED_EDGE('',*,*,#1341,.T.);
#1369 = ORIENTED_EDGE('',*,*,#332,.F.);
#1370 = ORIENTED_EDGE('',*,*,#1254,.F.);
#1371 = PLANE('',#1372);
#1372 = AXIS2_PLACEMENT_3D('',#1373,#1374,#1375);
#1373 = CARTESIAN_POINT('',(60.838528526596,-59.53643116793,13.));
#1374 = DIRECTION('',(-0.896127585788,-0.443796518676,0.));
#1375 = DIRECTION('',(0.,0.,-1.));
#1376 = ADVANCED_FACE('',(#1377),#1395,.T.);
#1377 = FACE_BOUND('',#1378,.T.);
#1378 = EDGE_LOOP('',(#1379,#1380,#1388,#1394));
#1379 = ORIENTED_EDGE('',*,*,#422,.F.);
#1380 = ORIENTED_EDGE('',*,*,#1381,.T.);
#1381 = EDGE_CURVE('',#414,#1382,#1384,.T.);
#1382 = VERTEX_POINT('',#1383);
#1383 = CARTESIAN_POINT('',(16.625129849602,-39.02791443463,16.));
#1384 = LINE('',#1385,#1386);
#1385 = CARTESIAN_POINT('',(16.625129849601,-39.02791443463,8.));
#1386 = VECTOR('',#1387,1.);
#1387 = DIRECTION('',(0.,0.,1.));
#1388 = ORIENTED_EDGE('',*,*,#1389,.T.);
#1389 = EDGE_CURVE('',#1382,#782,#1390,.T.);
#1390 = LINE('',#1391,#1392);
#1391 = CARTESIAN_POINT('',(9.473348764049,-42.569748877,16.));
#1392 = VECTOR('',#1393,1.);
#1393 = DIRECTION('',(0.896127585788,0.443796518676,0.));
#1394 = ORIENTED_EDGE('',*,*,#789,.T.);
#1395 = PLANE('',#1396);
#1396 = AXIS2_PLACEMENT_3D('',#1397,#1398,#1399);
#1397 = CARTESIAN_POINT('',(9.473348764049,-42.569748877,8.));
#1398 = DIRECTION('',(-0.443796518676,0.896127585788,0.));
#1399 = DIRECTION('',(0.,0.,1.));
#1400 = ADVANCED_FACE('',(#1401),#1420,.T.);
#1401 = FACE_BOUND('',#1402,.T.);
#1402 = EDGE_LOOP('',(#1403,#1412,#1413,#1414));
#1403 = ORIENTED_EDGE('',*,*,#1404,.F.);
#1404 = EDGE_CURVE('',#1382,#1405,#1407,.T.);
#1405 = VERTEX_POINT('',#1406);
#1406 = CARTESIAN_POINT('',(-16.6251298496,-39.02791443463,16.));
#1407 = CIRCLE('',#1408,30.);
#1408 = AXIS2_PLACEMENT_3D('',#1409,#1410,#1411);
#1409 = CARTESIAN_POINT('',(0.,-64.,16.));
#1410 = DIRECTION('',(0.,0.,1.));
#1411 = DIRECTION('',(1.,0.,0.));
#1412 = ORIENTED_EDGE('',*,*,#1381,.F.);
#1413 = ORIENTED_EDGE('',*,*,#413,.T.);
#1414 = ORIENTED_EDGE('',*,*,#1415,.T.);
#1415 = EDGE_CURVE('',#406,#1405,#1416,.T.);
#1416 = LINE('',#1417,#1418);
#1417 = CARTESIAN_POINT('',(-16.6251298496,-39.02791443463,8.));
#1418 = VECTOR('',#1419,1.);
#1419 = DIRECTION('',(0.,0.,1.));
#1420 = CYLINDRICAL_SURFACE('',#1421,30.);
#1421 = AXIS2_PLACEMENT_3D('',#1422,#1423,#1424);
#1422 = CARTESIAN_POINT('',(0.,-64.,8.));
#1423 = DIRECTION('',(0.,0.,1.));
#1424 = DIRECTION('',(1.,0.,0.));
#1425 = ADVANCED_FACE('',(#1426),#1437,.F.);
#1426 = FACE_BOUND('',#1427,.F.);
#1427 = EDGE_LOOP('',(#1428,#1429,#1430,#1436));
#1428 = ORIENTED_EDGE('',*,*,#405,.F.);
#1429 = ORIENTED_EDGE('',*,*,#1415,.T.);
#1430 = ORIENTED_EDGE('',*,*,#1431,.T.);
#1431 = EDGE_CURVE('',#1405,#887,#1432,.T.);
#1432 = LINE('',#1433,#1434);
#1433 = CARTESIAN_POINT('',(-9.473348764049,-42.569748877,16.));
#1434 = VECTOR('',#1435,1.);
#1435 = DIRECTION('',(-0.896127585788,0.443796518676,0.));
#1436 = ORIENTED_EDGE('',*,*,#886,.T.);
#1437 = PLANE('',#1438);
#1438 = AXIS2_PLACEMENT_3D('',#1439,#1440,#1441);
#1439 = CARTESIAN_POINT('',(-9.473348764049,-42.569748877,8.));
#1440 = DIRECTION('',(-0.443796518676,-0.896127585788,0.));
#1441 = DIRECTION('',(0.,0.,1.));
#1442 = ADVANCED_FACE('',(#1443),#1454,.F.);
#1443 = FACE_BOUND('',#1444,.F.);
#1444 = EDGE_LOOP('',(#1445,#1446,#1447,#1448));
#1445 = ORIENTED_EDGE('',*,*,#461,.F.);
#1446 = ORIENTED_EDGE('',*,*,#364,.T.);
#1447 = ORIENTED_EDGE('',*,*,#508,.T.);
#1448 = ORIENTED_EDGE('',*,*,#1449,.F.);
#1449 = EDGE_CURVE('',#462,#509,#1450,.T.);
#1450 = LINE('',#1451,#1452);
#1451 = CARTESIAN_POINT('',(4.,6.,10.));
#1452 = VECTOR('',#1453,1.);
#1453 = DIRECTION('',(-1.,1.110223024625E-16,0.));
#1454 = PLANE('',#1455);
#1455 = AXIS2_PLACEMENT_3D('',#1456,#1457,#1458);
#1456 = CARTESIAN_POINT('',(4.,6.,0.));
#1457 = DIRECTION('',(1.110223024625E-16,1.,0.));
#1458 = DIRECTION('',(0.,0.,1.));
#1459 = ADVANCED_FACE('',(#1460),#1508,.F.);
#1460 = FACE_BOUND('',#1461,.F.);
#1461 = EDGE_LOOP('',(#1462,#1472,#1480,#1486,#1487,#1493,#1494,#1502));
#1462 = ORIENTED_EDGE('',*,*,#1463,.F.);
#1463 = EDGE_CURVE('',#1464,#1466,#1468,.T.);
#1464 = VERTEX_POINT('',#1465);
#1465 = CARTESIAN_POINT('',(7.,39.,16.));
#1466 = VERTEX_POINT('',#1467);
#1467 = CARTESIAN_POINT('',(-7.,39.,16.));
#1468 = LINE('',#1469,#1470);
#1469 = CARTESIAN_POINT('',(7.,39.,16.));
#1470 = VECTOR('',#1471,1.);
#1471 = DIRECTION('',(-1.,1.110223024625E-16,0.));
#1472 = ORIENTED_EDGE('',*,*,#1473,.F.);
#1473 = EDGE_CURVE('',#1474,#1464,#1476,.T.);
#1474 = VERTEX_POINT('',#1475);
#1475 = CARTESIAN_POINT('',(7.,39.,0.));
#1476 = LINE('',#1477,#1478);
#1477 = CARTESIAN_POINT('',(7.,39.,0.));
#1478 = VECTOR('',#1479,1.);
#1479 = DIRECTION('',(0.,0.,1.));
#1480 = ORIENTED_EDGE('',*,*,#1481,.T.);
#1481 = EDGE_CURVE('',#1474,#447,#1482,.T.);
#1482 = LINE('',#1483,#1484);
#1483 = CARTESIAN_POINT('',(7.,39.,0.));
#1484 = VECTOR('',#1485,1.);
#1485 = DIRECTION('',(-1.,1.110223024625E-16,0.));
#1486 = ORIENTED_EDGE('',*,*,#477,.F.);
#1487 = ORIENTED_EDGE('',*,*,#1488,.T.);
#1488 = EDGE_CURVE('',#470,#517,#1489,.T.);
#1489 = LINE('',#1490,#1491);
#1490 = CARTESIAN_POINT('',(5.5,39.,10.));
#1491 = VECTOR('',#1492,1.);
#1492 = DIRECTION('',(-1.,1.110223024625E-16,0.));
#1493 = ORIENTED_EDGE('',*,*,#524,.T.);
#1494 = ORIENTED_EDGE('',*,*,#1495,.T.);
#1495 = EDGE_CURVE('',#494,#1496,#1498,.T.);
#1496 = VERTEX_POINT('',#1497);
#1497 = CARTESIAN_POINT('',(-7.,39.,0.));
#1498 = LINE('',#1499,#1500);
#1499 = CARTESIAN_POINT('',(7.,39.,0.));
#1500 = VECTOR('',#1501,1.);
#1501 = DIRECTION('',(-1.,1.110223024625E-16,0.));
#1502 = ORIENTED_EDGE('',*,*,#1503,.T.);
#1503 = EDGE_CURVE('',#1496,#1466,#1504,.T.);
#1504 = LINE('',#1505,#1506);
#1505 = CARTESIAN_POINT('',(-7.,39.,0.));
#1506 = VECTOR('',#1507,1.);
#1507 = DIRECTION('',(0.,0.,1.));
#1508 = PLANE('',#1509);
#1509 = AXIS2_PLACEMENT_3D('',#1510,#1511,#1512);
#1510 = CARTESIAN_POINT('',(7.,39.,0.));
#1511 = DIRECTION('',(1.110223024625E-16,1.,0.));
#1512 = DIRECTION('',(0.,0.,1.));
#1513 = ADVANCED_FACE('',(#1514),#1520,.T.);
#1514 = FACE_BOUND('',#1515,.T.);
#1515 = EDGE_LOOP('',(#1516,#1517,#1518,#1519));
#1516 = ORIENTED_EDGE('',*,*,#516,.F.);
#1517 = ORIENTED_EDGE('',*,*,#1449,.F.);
#1518 = ORIENTED_EDGE('',*,*,#469,.T.);
#1519 = ORIENTED_EDGE('',*,*,#1488,.T.);
#1520 = PLANE('',#1521);
#1521 = AXIS2_PLACEMENT_3D('',#1522,#1523,#1524);
#1522 = CARTESIAN_POINT('',(4.,6.,10.));
#1523 = DIRECTION('',(0.,0.,1.));
#1524 = DIRECTION('',(1.110223024625E-16,1.,0.));
#1525 = ADVANCED_FACE('',(#1526),#1537,.T.);
#1526 = FACE_BOUND('',#1527,.T.);
#1527 = EDGE_LOOP('',(#1528,#1529,#1530,#1536));
#1528 = ORIENTED_EDGE('',*,*,#903,.F.);
#1529 = ORIENTED_EDGE('',*,*,#563,.T.);
#1530 = ORIENTED_EDGE('',*,*,#1531,.T.);
#1531 = EDGE_CURVE('',#564,#708,#1532,.T.);
#1532 = LINE('',#1533,#1534);
#1533 = CARTESIAN_POINT('',(-67.29491441849,-8.354744196759,27.));
#1534 = VECTOR('',#1535,1.);
#1535 = DIRECTION('',(-0.443796518676,-0.896127585788,0.));
#1536 = ORIENTED_EDGE('',*,*,#707,.F.);
#1537 = PLANE('',#1538);
#1538 = AXIS2_PLACEMENT_3D('',#1539,#1540,#1541);
#1539 = CARTESIAN_POINT('',(-18.90402478591,-32.31975620527,27.));
#1540 = DIRECTION('',(0.,0.,1.));
#1541 = DIRECTION('',(-0.896127585788,0.443796518676,0.));
#1542 = ADVANCED_FACE('',(#1543,#1572),#1614,.T.);
#1543 = FACE_BOUND('',#1544,.T.);
#1544 = EDGE_LOOP('',(#1545,#1546,#1547,#1548,#1556,#1564,#1570,#1571));
#1545 = ORIENTED_EDGE('',*,*,#1531,.F.);
#1546 = ORIENTED_EDGE('',*,*,#571,.F.);
#1547 = ORIENTED_EDGE('',*,*,#645,.T.);
#1548 = ORIENTED_EDGE('',*,*,#1549,.T.);
#1549 = EDGE_CURVE('',#646,#1550,#1552,.T.);
#1550 = VERTEX_POINT('',#1551);
#1551 = CARTESIAN_POINT('',(-68.18250745584,-10.14699936833,8.));
#1552 = LINE('',#1553,#1554);
#1553 = CARTESIAN_POINT('',(-68.18250745584,-10.14699936833,6.8));
#1554 = VECTOR('',#1555,1.);
#1555 = DIRECTION('',(0.,0.,1.));
#1556 = ORIENTED_EDGE('',*,*,#1557,.F.);
#1557 = EDGE_CURVE('',#1558,#1550,#1560,.T.);
#1558 = VERTEX_POINT('',#1559);
#1559 = CARTESIAN_POINT('',(-84.15918212818,-42.40759245671,8.));
#1560 = LINE('',#1561,#1562);
#1561 = CARTESIAN_POINT('',(-67.73871093716,-9.250871782547,8.));
#1562 = VECTOR('',#1563,1.);
#1563 = DIRECTION('',(0.443796518676,0.896127585788,0.));
#1564 = ORIENTED_EDGE('',*,*,#1565,.F.);
#1565 = EDGE_CURVE('',#670,#1558,#1566,.T.);
#1566 = LINE('',#1567,#1568);
#1567 = CARTESIAN_POINT('',(-84.15918212818,-42.40759245671,6.8));
#1568 = VECTOR('',#1569,1.);
#1569 = DIRECTION('',(0.,0.,1.));
#1570 = ORIENTED_EDGE('',*,*,#677,.T.);
#1571 = ORIENTED_EDGE('',*,*,#715,.T.);
#1572 = FACE_BOUND('',#1573,.T.);
#1573 = EDGE_LOOP('',(#1574,#1584,#1592,#1600,#1608));
#1574 = ORIENTED_EDGE('',*,*,#1575,.T.);
#1575 = EDGE_CURVE('',#1576,#1578,#1580,.T.);
#1576 = VERTEX_POINT('',#1577);
#1577 = CARTESIAN_POINT('',(-80.78632858624,-35.59702280472,13.4));
#1578 = VERTEX_POINT('',#1579);
#1579 = CARTESIAN_POINT('',(-80.78632858624,-35.59702280472,8.2));
#1580 = LINE('',#1581,#1582);
#1581 = CARTESIAN_POINT('',(-80.78632858624,-35.59702280472,8.));
#1582 = VECTOR('',#1583,1.);
#1583 = DIRECTION('',(0.,0.,-1.));
#1584 = ORIENTED_EDGE('',*,*,#1585,.T.);
#1585 = EDGE_CURVE('',#1578,#1586,#1588,.T.);
#1586 = VERTEX_POINT('',#1587);
#1587 = CARTESIAN_POINT('',(-71.55536099778,-16.95756902032,8.2));
#1588 = LINE('',#1589,#1590);
#1589 = CARTESIAN_POINT('',(-69.42513770813,-12.65615660854,8.2));
#1590 = VECTOR('',#1591,1.);
#1591 = DIRECTION('',(0.443796518676,0.896127585788,0.));
#1592 = ORIENTED_EDGE('',*,*,#1593,.T.);
#1593 = EDGE_CURVE('',#1586,#1594,#1596,.T.);
#1594 = VERTEX_POINT('',#1595);
#1595 = CARTESIAN_POINT('',(-71.55536099778,-16.95756902032,13.4));
#1596 = LINE('',#1597,#1598);
#1597 = CARTESIAN_POINT('',(-71.55536099778,-16.95756902032,10.6));
#1598 = VECTOR('',#1599,1.);
#1599 = DIRECTION('',(0.,0.,1.));
#1600 = ORIENTED_EDGE('',*,*,#1601,.T.);
#1601 = EDGE_CURVE('',#1594,#1602,#1604,.T.);
#1602 = VERTEX_POINT('',#1603);
#1603 = CARTESIAN_POINT('',(-76.17084479201,-26.27729591252,23.4));
#1604 = LINE('',#1605,#1606);
#1605 = CARTESIAN_POINT('',(-72.13540065985,-18.12880295336,
    14.656725595696));
#1606 = VECTOR('',#1607,1.);
#1607 = DIRECTION('',(-0.31990320475,-0.645958394207,0.693108716252));
#1608 = ORIENTED_EDGE('',*,*,#1609,.T.);
#1609 = EDGE_CURVE('',#1602,#1576,#1610,.T.);
#1610 = LINE('',#1611,#1612);
#1611 = CARTESIAN_POINT('',(-77.90209467024,-29.77308893588,
    19.649039200615));
#1612 = VECTOR('',#1613,1.);
#1613 = DIRECTION('',(-0.31990320475,-0.645958394207,-0.693108716252));
#1614 = PLANE('',#1615);
#1615 = AXIS2_PLACEMENT_3D('',#1616,#1617,#1618);
#1616 = CARTESIAN_POINT('',(-67.29491441849,-8.354744196759,7.8));
#1617 = DIRECTION('',(-0.896127585788,0.443796518676,0.));
#1618 = DIRECTION('',(0.,0.,1.));
#1619 = ADVANCED_FACE('',(#1620),#1645,.F.);
#1620 = FACE_BOUND('',#1621,.F.);
#1621 = EDGE_LOOP('',(#1622,#1623,#1631,#1639));
#1622 = ORIENTED_EDGE('',*,*,#579,.T.);
#1623 = ORIENTED_EDGE('',*,*,#1624,.T.);
#1624 = EDGE_CURVE('',#582,#1625,#1627,.T.);
#1625 = VERTEX_POINT('',#1626);
#1626 = CARTESIAN_POINT('',(-46.01572480281,-29.60576980259,9.));
#1627 = LINE('',#1628,#1629);
#1628 = CARTESIAN_POINT('',(-40.42388866749,-18.31456222166,9.));
#1629 = VECTOR('',#1630,1.);
#1630 = DIRECTION('',(-0.443796518676,-0.896127585788,0.));
#1631 = ORIENTED_EDGE('',*,*,#1632,.F.);
#1632 = EDGE_CURVE('',#1633,#1625,#1635,.T.);
#1633 = VERTEX_POINT('',#1634);
#1634 = CARTESIAN_POINT('',(-52.28861790333,-26.49919417186,9.));
#1635 = LINE('',#1636,#1637);
#1636 = CARTESIAN_POINT('',(-36.20312773842,-34.4653416821,9.));
#1637 = VECTOR('',#1638,1.);
#1638 = DIRECTION('',(0.896127585788,-0.443796518676,0.));
#1639 = ORIENTED_EDGE('',*,*,#1640,.F.);
#1640 = EDGE_CURVE('',#580,#1633,#1641,.T.);
#1641 = LINE('',#1642,#1643);
#1642 = CARTESIAN_POINT('',(-46.69678176801,-15.20798659093,9.));
#1643 = VECTOR('',#1644,1.);
#1644 = DIRECTION('',(-0.443796518676,-0.896127585788,0.));
#1645 = PLANE('',#1646);
#1646 = AXIS2_PLACEMENT_3D('',#1647,#1648,#1649);
#1647 = CARTESIAN_POINT('',(-40.42388866749,-18.31456222166,9.));
#1648 = DIRECTION('',(0.,0.,-1.));
#1649 = DIRECTION('',(-0.896127585788,0.443796518676,0.));
#1650 = ADVANCED_FACE('',(#1651),#1669,.F.);
#1651 = FACE_BOUND('',#1652,.F.);
#1652 = EDGE_LOOP('',(#1653,#1654,#1655,#1663));
#1653 = ORIENTED_EDGE('',*,*,#589,.T.);
#1654 = ORIENTED_EDGE('',*,*,#1640,.T.);
#1655 = ORIENTED_EDGE('',*,*,#1656,.F.);
#1656 = EDGE_CURVE('',#1657,#1633,#1659,.T.);
#1657 = VERTEX_POINT('',#1658);
#1658 = CARTESIAN_POINT('',(-52.28861790333,-26.49919417186,13.));
#1659 = LINE('',#1660,#1661);
#1660 = CARTESIAN_POINT('',(-52.28861790333,-26.49919417186,11.2));
#1661 = VECTOR('',#1662,1.);
#1662 = DIRECTION('',(0.,0.,-1.));
#1663 = ORIENTED_EDGE('',*,*,#1664,.F.);
#1664 = EDGE_CURVE('',#590,#1657,#1665,.T.);
#1665 = LINE('',#1666,#1667);
#1666 = CARTESIAN_POINT('',(-46.69678176801,-15.20798659093,13.));
#1667 = VECTOR('',#1668,1.);
#1668 = DIRECTION('',(-0.443796518676,-0.896127585788,0.));
#1669 = PLANE('',#1670);
#1670 = AXIS2_PLACEMENT_3D('',#1671,#1672,#1673);
#1671 = CARTESIAN_POINT('',(-46.69678176801,-15.20798659093,9.));
#1672 = DIRECTION('',(-0.896127585788,0.443796518676,0.));
#1673 = DIRECTION('',(0.,0.,1.));
#1674 = ADVANCED_FACE('',(#1675),#1701,.F.);
#1675 = FACE_BOUND('',#1676,.F.);
#1676 = EDGE_LOOP('',(#1677,#1678,#1679,#1687,#1695));
#1677 = ORIENTED_EDGE('',*,*,#597,.T.);
#1678 = ORIENTED_EDGE('',*,*,#1664,.T.);
#1679 = ORIENTED_EDGE('',*,*,#1680,.F.);
#1680 = EDGE_CURVE('',#1681,#1657,#1683,.T.);
#1681 = VERTEX_POINT('',#1682);
#1682 = CARTESIAN_POINT('',(-51.93016686901,-26.67671277933,13.4));
#1683 = LINE('',#1684,#1685);
#1684 = CARTESIAN_POINT('',(-45.72448333743,-29.75000367116,20.325));
#1685 = VECTOR('',#1686,1.);
#1686 = DIRECTION('',(-0.633657892719,0.313811527823,-0.707106781187));
#1687 = ORIENTED_EDGE('',*,*,#1688,.F.);
#1688 = EDGE_CURVE('',#1689,#1681,#1691,.T.);
#1689 = VERTEX_POINT('',#1690);
#1690 = CARTESIAN_POINT('',(-50.58297132928,-30.94159732381,16.5));
#1691 = LINE('',#1692,#1693);
#1692 = CARTESIAN_POINT('',(-49.4331979477,-34.58149263233,
    19.145716510903));
#1693 = VECTOR('',#1694,1.);
#1694 = DIRECTION('',(-0.247560191374,0.78371372446,-0.569654939187));
#1695 = ORIENTED_EDGE('',*,*,#1696,.F.);
#1696 = EDGE_CURVE('',#598,#1689,#1697,.T.);
#1697 = LINE('',#1698,#1699);
#1698 = CARTESIAN_POINT('',(-43.56033521775,-16.76127440629,16.5));
#1699 = VECTOR('',#1700,1.);
#1700 = DIRECTION('',(-0.443796518676,-0.896127585788,0.));
#1701 = PLANE('',#1702);
#1702 = AXIS2_PLACEMENT_3D('',#1703,#1704,#1705);
#1703 = CARTESIAN_POINT('',(-46.69678176801,-15.20798659093,13.));
#1704 = DIRECTION('',(-0.633657892719,0.313811527823,0.707106781187));
#1705 = DIRECTION('',(0.633657892719,-0.313811527823,0.707106781186));
#1706 = ADVANCED_FACE('',(#1707),#1733,.F.);
#1707 = FACE_BOUND('',#1708,.F.);
#1708 = EDGE_LOOP('',(#1709,#1710,#1711,#1719,#1727));
#1709 = ORIENTED_EDGE('',*,*,#605,.T.);
#1710 = ORIENTED_EDGE('',*,*,#1696,.T.);
#1711 = ORIENTED_EDGE('',*,*,#1712,.F.);
#1712 = EDGE_CURVE('',#1713,#1689,#1715,.T.);
#1713 = VERTEX_POINT('',#1714);
#1714 = CARTESIAN_POINT('',(-46.37417583712,-29.42825119512,13.4));
#1715 = LINE('',#1716,#1717);
#1716 = CARTESIAN_POINT('',(-44.52640422559,-28.7638525518,
    12.039018691589));
#1717 = VECTOR('',#1718,1.);
#1718 = DIRECTION('',(-0.773406819399,-0.278091966744,0.569654939187));
#1719 = ORIENTED_EDGE('',*,*,#1720,.F.);
#1720 = EDGE_CURVE('',#1721,#1713,#1723,.T.);
#1721 = VERTEX_POINT('',#1722);
#1722 = CARTESIAN_POINT('',(-46.01572480281,-29.60576980259,13.));
#1723 = LINE('',#1724,#1725);
#1724 = CARTESIAN_POINT('',(-42.76726230432,-31.21453218279,9.375));
#1725 = VECTOR('',#1726,1.);
#1726 = DIRECTION('',(-0.633657892719,0.313811527823,0.707106781187));
#1727 = ORIENTED_EDGE('',*,*,#1728,.F.);
#1728 = EDGE_CURVE('',#606,#1721,#1729,.T.);
#1729 = LINE('',#1730,#1731);
#1730 = CARTESIAN_POINT('',(-40.42388866749,-18.31456222166,13.));
#1731 = VECTOR('',#1732,1.);
#1732 = DIRECTION('',(-0.443796518676,-0.896127585788,0.));
#1733 = PLANE('',#1734);
#1734 = AXIS2_PLACEMENT_3D('',#1735,#1736,#1737);
#1735 = CARTESIAN_POINT('',(-43.56033521775,-16.76127440629,16.5));
#1736 = DIRECTION('',(0.633657892719,-0.313811527823,0.707106781187));
#1737 = DIRECTION('',(0.633657892719,-0.313811527823,-0.707106781186));
#1738 = ADVANCED_FACE('',(#1739),#1750,.F.);
#1739 = FACE_BOUND('',#1740,.F.);
#1740 = EDGE_LOOP('',(#1741,#1742,#1743,#1749));
#1741 = ORIENTED_EDGE('',*,*,#613,.T.);
#1742 = ORIENTED_EDGE('',*,*,#1728,.T.);
#1743 = ORIENTED_EDGE('',*,*,#1744,.F.);
#1744 = EDGE_CURVE('',#1625,#1721,#1745,.T.);
#1745 = LINE('',#1746,#1747);
#1746 = CARTESIAN_POINT('',(-46.01572480281,-29.60576980259,13.2));
#1747 = VECTOR('',#1748,1.);
#1748 = DIRECTION('',(0.,0.,1.));
#1749 = ORIENTED_EDGE('',*,*,#1624,.F.);
#1750 = PLANE('',#1751);
#1751 = AXIS2_PLACEMENT_3D('',#1752,#1753,#1754);
#1752 = CARTESIAN_POINT('',(-40.42388866749,-18.31456222166,13.));
#1753 = DIRECTION('',(0.896127585788,-0.443796518676,0.));
#1754 = DIRECTION('',(0.,0.,-1.));
#1755 = ADVANCED_FACE('',(#1756),#1790,.F.);
#1756 = FACE_BOUND('',#1757,.F.);
#1757 = EDGE_LOOP('',(#1758,#1768,#1776,#1782,#1783,#1784));
#1758 = ORIENTED_EDGE('',*,*,#1759,.F.);
#1759 = EDGE_CURVE('',#1760,#1762,#1764,.T.);
#1760 = VERTEX_POINT('',#1761);
#1761 = CARTESIAN_POINT('',(-78.9360384853,-4.821441144222,5.8));
#1762 = VERTEX_POINT('',#1763);
#1763 = CARTESIAN_POINT('',(-78.9360384853,-4.821441144222,8.));
#1764 = LINE('',#1765,#1766);
#1765 = CARTESIAN_POINT('',(-78.9360384853,-4.821441144222,5.8));
#1766 = VECTOR('',#1767,1.);
#1767 = DIRECTION('',(0.,0.,1.));
#1768 = ORIENTED_EDGE('',*,*,#1769,.F.);
#1769 = EDGE_CURVE('',#1770,#1760,#1772,.T.);
#1770 = VERTEX_POINT('',#1771);
#1771 = CARTESIAN_POINT('',(-66.39025228426,-11.03459240568,5.8));
#1772 = LINE('',#1773,#1774);
#1773 = CARTESIAN_POINT('',(-66.39025228426,-11.03459240568,5.8));
#1774 = VECTOR('',#1775,1.);
#1775 = DIRECTION('',(-0.896127585788,0.443796518676,0.));
#1776 = ORIENTED_EDGE('',*,*,#1777,.T.);
#1777 = EDGE_CURVE('',#1770,#654,#1778,.T.);
#1778 = LINE('',#1779,#1780);
#1779 = CARTESIAN_POINT('',(-66.39025228426,-11.03459240568,5.8));
#1780 = VECTOR('',#1781,1.);
#1781 = DIRECTION('',(0.,0.,1.));
#1782 = ORIENTED_EDGE('',*,*,#653,.F.);
#1783 = ORIENTED_EDGE('',*,*,#1549,.T.);
#1784 = ORIENTED_EDGE('',*,*,#1785,.T.);
#1785 = EDGE_CURVE('',#1550,#1762,#1786,.T.);
#1786 = LINE('',#1787,#1788);
#1787 = CARTESIAN_POINT('',(-66.39025228426,-11.03459240568,8.));
#1788 = VECTOR('',#1789,1.);
#1789 = DIRECTION('',(-0.896127585788,0.443796518676,0.));
#1790 = PLANE('',#1791);
#1791 = AXIS2_PLACEMENT_3D('',#1792,#1793,#1794);
#1792 = CARTESIAN_POINT('',(-66.39025228426,-11.03459240568,5.8));
#1793 = DIRECTION('',(-0.443796518676,-0.896127585788,0.));
#1794 = DIRECTION('',(0.,0.,1.));
#1795 = ADVANCED_FACE('',(#1796),#1814,.F.);
#1796 = FACE_BOUND('',#1797,.F.);
#1797 = EDGE_LOOP('',(#1798,#1799,#1807,#1813));
#1798 = ORIENTED_EDGE('',*,*,#1777,.F.);
#1799 = ORIENTED_EDGE('',*,*,#1800,.T.);
#1800 = EDGE_CURVE('',#1770,#1801,#1803,.T.);
#1801 = VERTEX_POINT('',#1802);
#1802 = CARTESIAN_POINT('',(-82.3669269566,-43.29518549407,5.8));
#1803 = LINE('',#1804,#1805);
#1804 = CARTESIAN_POINT('',(-66.39025228426,-11.03459240568,5.8));
#1805 = VECTOR('',#1806,1.);
#1806 = DIRECTION('',(-0.443796518676,-0.896127585788,0.));
#1807 = ORIENTED_EDGE('',*,*,#1808,.T.);
#1808 = EDGE_CURVE('',#1801,#662,#1809,.T.);
#1809 = LINE('',#1810,#1811);
#1810 = CARTESIAN_POINT('',(-82.3669269566,-43.29518549407,5.8));
#1811 = VECTOR('',#1812,1.);
#1812 = DIRECTION('',(0.,0.,1.));
#1813 = ORIENTED_EDGE('',*,*,#661,.F.);
#1814 = PLANE('',#1815);
#1815 = AXIS2_PLACEMENT_3D('',#1816,#1817,#1818);
#1816 = CARTESIAN_POINT('',(-66.39025228426,-11.03459240568,5.8));
#1817 = DIRECTION('',(-0.896127585788,0.443796518676,0.));
#1818 = DIRECTION('',(0.,0.,1.));
#1819 = ADVANCED_FACE('',(#1820),#1847,.T.);
#1820 = FACE_BOUND('',#1821,.T.);
#1821 = EDGE_LOOP('',(#1822,#1832,#1838,#1839,#1840,#1841));
#1822 = ORIENTED_EDGE('',*,*,#1823,.F.);
#1823 = EDGE_CURVE('',#1824,#1826,#1828,.T.);
#1824 = VERTEX_POINT('',#1825);
#1825 = CARTESIAN_POINT('',(-94.91271315764,-37.0820342326,5.8));
#1826 = VERTEX_POINT('',#1827);
#1827 = CARTESIAN_POINT('',(-94.91271315764,-37.0820342326,8.));
#1828 = LINE('',#1829,#1830);
#1829 = CARTESIAN_POINT('',(-94.91271315764,-37.0820342326,5.8));
#1830 = VECTOR('',#1831,1.);
#1831 = DIRECTION('',(0.,0.,1.));
#1832 = ORIENTED_EDGE('',*,*,#1833,.F.);
#1833 = EDGE_CURVE('',#1801,#1824,#1834,.T.);
#1834 = LINE('',#1835,#1836);
#1835 = CARTESIAN_POINT('',(-82.3669269566,-43.29518549407,5.8));
#1836 = VECTOR('',#1837,1.);
#1837 = DIRECTION('',(-0.896127585788,0.443796518676,0.));
#1838 = ORIENTED_EDGE('',*,*,#1808,.T.);
#1839 = ORIENTED_EDGE('',*,*,#669,.F.);
#1840 = ORIENTED_EDGE('',*,*,#1565,.T.);
#1841 = ORIENTED_EDGE('',*,*,#1842,.T.);
#1842 = EDGE_CURVE('',#1558,#1826,#1843,.T.);
#1843 = LINE('',#1844,#1845);
#1844 = CARTESIAN_POINT('',(-82.3669269566,-43.29518549407,8.));
#1845 = VECTOR('',#1846,1.);
#1846 = DIRECTION('',(-0.896127585788,0.443796518676,0.));
#1847 = PLANE('',#1848);
#1848 = AXIS2_PLACEMENT_3D('',#1849,#1850,#1851);
#1849 = CARTESIAN_POINT('',(-82.3669269566,-43.29518549407,5.8));
#1850 = DIRECTION('',(-0.443796518676,-0.896127585788,0.));
#1851 = DIRECTION('',(0.,0.,1.));
#1852 = ADVANCED_FACE('',(#1853),#1878,.F.);
#1853 = FACE_BOUND('',#1854,.F.);
#1854 = EDGE_LOOP('',(#1855,#1865,#1871,#1872));
#1855 = ORIENTED_EDGE('',*,*,#1856,.F.);
#1856 = EDGE_CURVE('',#1857,#1859,#1861,.T.);
#1857 = VERTEX_POINT('',#1858);
#1858 = CARTESIAN_POINT('',(-55.24669239127,-48.24522358699,9.));
#1859 = VERTEX_POINT('',#1860);
#1860 = CARTESIAN_POINT('',(-61.51958549179,-45.13864795626,9.));
#1861 = LINE('',#1862,#1863);
#1862 = CARTESIAN_POINT('',(-45.43409532689,-53.1047954665,9.));
#1863 = VECTOR('',#1864,1.);
#1864 = DIRECTION('',(-0.896127585788,0.443796518676,0.));
#1865 = ORIENTED_EDGE('',*,*,#1866,.T.);
#1866 = EDGE_CURVE('',#1857,#726,#1867,.T.);
#1867 = LINE('',#1868,#1869);
#1868 = CARTESIAN_POINT('',(-40.42388866749,-18.31456222166,9.));
#1869 = VECTOR('',#1870,1.);
#1870 = DIRECTION('',(-0.443796518676,-0.896127585788,0.));
#1871 = ORIENTED_EDGE('',*,*,#723,.F.);
#1872 = ORIENTED_EDGE('',*,*,#1873,.F.);
#1873 = EDGE_CURVE('',#1859,#724,#1874,.T.);
#1874 = LINE('',#1875,#1876);
#1875 = CARTESIAN_POINT('',(-46.69678176801,-15.20798659093,9.));
#1876 = VECTOR('',#1877,1.);
#1877 = DIRECTION('',(-0.443796518676,-0.896127585788,0.));
#1878 = PLANE('',#1879);
#1879 = AXIS2_PLACEMENT_3D('',#1880,#1881,#1882);
#1880 = CARTESIAN_POINT('',(-40.42388866749,-18.31456222166,9.));
#1881 = DIRECTION('',(0.,0.,-1.));
#1882 = DIRECTION('',(-0.896127585788,0.443796518676,0.));
#1883 = ADVANCED_FACE('',(#1884),#1902,.F.);
#1884 = FACE_BOUND('',#1885,.F.);
#1885 = EDGE_LOOP('',(#1886,#1894,#1895,#1896));
#1886 = ORIENTED_EDGE('',*,*,#1887,.F.);
#1887 = EDGE_CURVE('',#1859,#1888,#1890,.T.);
#1888 = VERTEX_POINT('',#1889);
#1889 = CARTESIAN_POINT('',(-61.51958549179,-45.13864795626,13.));
#1890 = LINE('',#1891,#1892);
#1891 = CARTESIAN_POINT('',(-61.51958549179,-45.13864795626,8.6));
#1892 = VECTOR('',#1893,1.);
#1893 = DIRECTION('',(0.,0.,1.));
#1894 = ORIENTED_EDGE('',*,*,#1873,.T.);
#1895 = ORIENTED_EDGE('',*,*,#733,.F.);
#1896 = ORIENTED_EDGE('',*,*,#1897,.F.);
#1897 = EDGE_CURVE('',#1888,#734,#1898,.T.);
#1898 = LINE('',#1899,#1900);
#1899 = CARTESIAN_POINT('',(-46.69678176801,-15.20798659093,13.));
#1900 = VECTOR('',#1901,1.);
#1901 = DIRECTION('',(-0.443796518676,-0.896127585788,0.));
#1902 = PLANE('',#1903);
#1903 = AXIS2_PLACEMENT_3D('',#1904,#1905,#1906);
#1904 = CARTESIAN_POINT('',(-46.69678176801,-15.20798659093,9.));
#1905 = DIRECTION('',(-0.896127585788,0.443796518676,0.));
#1906 = DIRECTION('',(0.,0.,1.));
#1907 = ADVANCED_FACE('',(#1908),#1934,.F.);
#1908 = FACE_BOUND('',#1909,.F.);
#1909 = EDGE_LOOP('',(#1910,#1918,#1919,#1920,#1928));
#1910 = ORIENTED_EDGE('',*,*,#1911,.F.);
#1911 = EDGE_CURVE('',#1888,#1912,#1914,.T.);
#1912 = VERTEX_POINT('',#1913);
#1913 = CARTESIAN_POINT('',(-61.16113445747,-45.31616656373,13.4));
#1914 = LINE('',#1915,#1916);
#1915 = CARTESIAN_POINT('',(-56.12041678742,-47.81252198128,19.025));
#1916 = VECTOR('',#1917,1.);
#1917 = DIRECTION('',(0.633657892719,-0.313811527823,0.707106781187));
#1918 = ORIENTED_EDGE('',*,*,#1897,.T.);
#1919 = ORIENTED_EDGE('',*,*,#741,.F.);
#1920 = ORIENTED_EDGE('',*,*,#1921,.F.);
#1921 = EDGE_CURVE('',#1922,#742,#1924,.T.);
#1922 = VERTEX_POINT('',#1923);
#1923 = CARTESIAN_POINT('',(-56.95233896532,-43.80282043504,16.5));
#1924 = LINE('',#1925,#1926);
#1925 = CARTESIAN_POINT('',(-43.56033521775,-16.76127440629,16.5));
#1926 = VECTOR('',#1927,1.);
#1927 = DIRECTION('',(-0.443796518676,-0.896127585788,0.));
#1928 = ORIENTED_EDGE('',*,*,#1929,.F.);
#1929 = EDGE_CURVE('',#1912,#1922,#1930,.T.);
#1930 = LINE('',#1931,#1932);
#1931 = CARTESIAN_POINT('',(-47.40726364946,-40.37072144041,
    23.530451713396));
#1932 = VECTOR('',#1933,1.);
#1933 = DIRECTION('',(0.773406819399,0.278091966744,0.569654939187));
#1934 = PLANE('',#1935);
#1935 = AXIS2_PLACEMENT_3D('',#1936,#1937,#1938);
#1936 = CARTESIAN_POINT('',(-46.69678176801,-15.20798659093,13.));
#1937 = DIRECTION('',(-0.633657892719,0.313811527823,0.707106781187));
#1938 = DIRECTION('',(0.633657892719,-0.313811527823,0.707106781186));
#1939 = ADVANCED_FACE('',(#1940),#1966,.F.);
#1940 = FACE_BOUND('',#1941,.F.);
#1941 = EDGE_LOOP('',(#1942,#1950,#1951,#1952,#1960));
#1942 = ORIENTED_EDGE('',*,*,#1943,.F.);
#1943 = EDGE_CURVE('',#1922,#1944,#1946,.T.);
#1944 = VERTEX_POINT('',#1945);
#1945 = CARTESIAN_POINT('',(-55.60514342559,-48.06770497952,13.4));
#1946 = LINE('',#1947,#1948);
#1947 = CARTESIAN_POINT('',(-56.91920399312,-43.90771747979,
    16.423753894081));
#1948 = VECTOR('',#1949,1.);
#1949 = DIRECTION('',(0.247560191374,-0.78371372446,-0.569654939187));
#1950 = ORIENTED_EDGE('',*,*,#1921,.T.);
#1951 = ORIENTED_EDGE('',*,*,#749,.F.);
#1952 = ORIENTED_EDGE('',*,*,#1953,.F.);
#1953 = EDGE_CURVE('',#1954,#750,#1956,.T.);
#1954 = VERTEX_POINT('',#1955);
#1955 = CARTESIAN_POINT('',(-55.24669239127,-48.24522358699,13.));
#1956 = LINE('',#1957,#1958);
#1957 = CARTESIAN_POINT('',(-40.42388866749,-18.31456222166,13.));
#1958 = VECTOR('',#1959,1.);
#1959 = DIRECTION('',(-0.443796518676,-0.896127585788,0.));
#1960 = ORIENTED_EDGE('',*,*,#1961,.F.);
#1961 = EDGE_CURVE('',#1944,#1954,#1962,.T.);
#1962 = LINE('',#1963,#1964);
#1963 = CARTESIAN_POINT('',(-50.83326403126,-50.43092144147,8.075));
#1964 = VECTOR('',#1965,1.);
#1965 = DIRECTION('',(0.633657892719,-0.313811527823,-0.707106781187));
#1966 = PLANE('',#1967);
#1967 = AXIS2_PLACEMENT_3D('',#1968,#1969,#1970);
#1968 = CARTESIAN_POINT('',(-43.56033521775,-16.76127440629,16.5));
#1969 = DIRECTION('',(0.633657892719,-0.313811527823,0.707106781187));
#1970 = DIRECTION('',(0.633657892719,-0.313811527823,-0.707106781186));
#1971 = ADVANCED_FACE('',(#1972),#1983,.F.);
#1972 = FACE_BOUND('',#1973,.F.);
#1973 = EDGE_LOOP('',(#1974,#1980,#1981,#1982));
#1974 = ORIENTED_EDGE('',*,*,#1975,.F.);
#1975 = EDGE_CURVE('',#1954,#1857,#1976,.T.);
#1976 = LINE('',#1977,#1978);
#1977 = CARTESIAN_POINT('',(-55.24669239127,-48.24522358699,10.6));
#1978 = VECTOR('',#1979,1.);
#1979 = DIRECTION('',(0.,0.,-1.));
#1980 = ORIENTED_EDGE('',*,*,#1953,.T.);
#1981 = ORIENTED_EDGE('',*,*,#757,.F.);
#1982 = ORIENTED_EDGE('',*,*,#1866,.F.);
#1983 = PLANE('',#1984);
#1984 = AXIS2_PLACEMENT_3D('',#1985,#1986,#1987);
#1985 = CARTESIAN_POINT('',(-40.42388866749,-18.31456222166,13.));
#1986 = DIRECTION('',(0.896127585788,-0.443796518676,0.));
#1987 = DIRECTION('',(0.,0.,-1.));
#1988 = ADVANCED_FACE('',(#1989,#1999),#2010,.T.);
#1989 = FACE_BOUND('',#1990,.T.);
#1990 = EDGE_LOOP('',(#1991,#1992,#1993,#1994,#1995,#1996,#1997,#1998));
#1991 = ORIENTED_EDGE('',*,*,#1389,.F.);
#1992 = ORIENTED_EDGE('',*,*,#1404,.T.);
#1993 = ORIENTED_EDGE('',*,*,#1431,.T.);
#1994 = ORIENTED_EDGE('',*,*,#894,.T.);
#1995 = ORIENTED_EDGE('',*,*,#862,.F.);
#1996 = ORIENTED_EDGE('',*,*,#836,.T.);
#1997 = ORIENTED_EDGE('',*,*,#820,.T.);
#1998 = ORIENTED_EDGE('',*,*,#781,.T.);
#1999 = FACE_BOUND('',#2000,.T.);
#2000 = EDGE_LOOP('',(#2001));
#2001 = ORIENTED_EDGE('',*,*,#2002,.F.);
#2002 = EDGE_CURVE('',#2003,#2003,#2005,.T.);
#2003 = VERTEX_POINT('',#2004);
#2004 = CARTESIAN_POINT('',(15.3,-64.,16.));
#2005 = CIRCLE('',#2006,15.3);
#2006 = AXIS2_PLACEMENT_3D('',#2007,#2008,#2009);
#2007 = CARTESIAN_POINT('',(0.,-64.,16.));
#2008 = DIRECTION('',(0.,0.,1.));
#2009 = DIRECTION('',(1.,0.,0.));
#2010 = PLANE('',#2011);
#2011 = AXIS2_PLACEMENT_3D('',#2012,#2013,#2014);
#2012 = CARTESIAN_POINT('',(8.126045049446E-15,-50.50554790103,16.));
#2013 = DIRECTION('',(0.,0.,1.));
#2014 = DIRECTION('',(1.,0.,0.));
#2015 = ADVANCED_FACE('',(#2016),#2035,.F.);
#2016 = FACE_BOUND('',#2017,.F.);
#2017 = EDGE_LOOP('',(#2018,#2019,#2027,#2034));
#2018 = ORIENTED_EDGE('',*,*,#2002,.F.);
#2019 = ORIENTED_EDGE('',*,*,#2020,.F.);
#2020 = EDGE_CURVE('',#2021,#2003,#2023,.T.);
#2021 = VERTEX_POINT('',#2022);
#2022 = CARTESIAN_POINT('',(15.3,-64.,0.));
#2023 = LINE('',#2024,#2025);
#2024 = CARTESIAN_POINT('',(15.3,-64.,-1.));
#2025 = VECTOR('',#2026,1.);
#2026 = DIRECTION('',(0.,0.,1.));
#2027 = ORIENTED_EDGE('',*,*,#2028,.T.);
#2028 = EDGE_CURVE('',#2021,#2021,#2029,.T.);
#2029 = CIRCLE('',#2030,15.3);
#2030 = AXIS2_PLACEMENT_3D('',#2031,#2032,#2033);
#2031 = CARTESIAN_POINT('',(0.,-64.,0.));
#2032 = DIRECTION('',(0.,0.,1.));
#2033 = DIRECTION('',(1.,0.,0.));
#2034 = ORIENTED_EDGE('',*,*,#2020,.T.);
#2035 = CYLINDRICAL_SURFACE('',#2036,15.3);
#2036 = AXIS2_PLACEMENT_3D('',#2037,#2038,#2039);
#2037 = CARTESIAN_POINT('',(0.,-64.,-1.));
#2038 = DIRECTION('',(0.,0.,1.));
#2039 = DIRECTION('',(1.,0.,0.));
#2040 = ADVANCED_FACE('',(#2041),#2052,.T.);
#2041 = FACE_BOUND('',#2042,.T.);
#2042 = EDGE_LOOP('',(#2043,#2044,#2045,#2046));
#2043 = ORIENTED_EDGE('',*,*,#1230,.F.);
#2044 = ORIENTED_EDGE('',*,*,#945,.T.);
#2045 = ORIENTED_EDGE('',*,*,#1173,.T.);
#2046 = ORIENTED_EDGE('',*,*,#2047,.T.);
#2047 = EDGE_CURVE('',#1150,#1214,#2048,.T.);
#2048 = LINE('',#2049,#2050);
#2049 = CARTESIAN_POINT('',(94.912713157644,-37.0820342326,8.));
#2050 = VECTOR('',#2051,1.);
#2051 = DIRECTION('',(-0.443796518676,0.896127585788,0.));
#2052 = PLANE('',#2053);
#2053 = AXIS2_PLACEMENT_3D('',#2054,#2055,#2056);
#2054 = CARTESIAN_POINT('',(82.366926956607,-43.29518549407,8.));
#2055 = DIRECTION('',(0.,0.,1.));
#2056 = DIRECTION('',(0.896127585788,0.443796518676,0.));
#2057 = ADVANCED_FACE('',(#2058),#2094,.T.);
#2058 = FACE_BOUND('',#2059,.T.);
#2059 = EDGE_LOOP('',(#2060,#2070,#2076,#2077,#2083,#2084,#2085,#2086,
    #2087,#2088));
#2060 = ORIENTED_EDGE('',*,*,#2061,.F.);
#2061 = EDGE_CURVE('',#2062,#2064,#2066,.T.);
#2062 = VERTEX_POINT('',#2063);
#2063 = CARTESIAN_POINT('',(26.390530674046,-39.3249135616,8.2));
#2064 = VERTEX_POINT('',#2065);
#2065 = CARTESIAN_POINT('',(26.390530674046,-39.3249135616,13.4));
#2066 = LINE('',#2067,#2068);
#2067 = CARTESIAN_POINT('',(26.390530674046,-39.3249135616,8.2));
#2068 = VECTOR('',#2069,1.);
#2069 = DIRECTION('',(0.,0.,1.));
#2070 = ORIENTED_EDGE('',*,*,#2071,.T.);
#2071 = EDGE_CURVE('',#2062,#966,#2072,.T.);
#2072 = LINE('',#2073,#2074);
#2073 = CARTESIAN_POINT('',(26.390530674046,-39.3249135616,8.2));
#2074 = VECTOR('',#2075,1.);
#2075 = DIRECTION('',(0.896127585788,0.443796518676,0.));
#2076 = ORIENTED_EDGE('',*,*,#963,.F.);
#2077 = ORIENTED_EDGE('',*,*,#2078,.F.);
#2078 = EDGE_CURVE('',#1300,#964,#2079,.T.);
#2079 = LINE('',#2080,#2081);
#2080 = CARTESIAN_POINT('',(26.390530674046,-39.3249135616,13.4));
#2081 = VECTOR('',#2082,1.);
#2082 = DIRECTION('',(0.896127585788,0.443796518676,0.));
#2083 = ORIENTED_EDGE('',*,*,#1299,.F.);
#2084 = ORIENTED_EDGE('',*,*,#1275,.F.);
#2085 = ORIENTED_EDGE('',*,*,#1244,.F.);
#2086 = ORIENTED_EDGE('',*,*,#1363,.F.);
#2087 = ORIENTED_EDGE('',*,*,#1349,.F.);
#2088 = ORIENTED_EDGE('',*,*,#2089,.F.);
#2089 = EDGE_CURVE('',#2064,#1332,#2090,.T.);
#2090 = LINE('',#2091,#2092);
#2091 = CARTESIAN_POINT('',(26.390530674046,-39.3249135616,13.4));
#2092 = VECTOR('',#2093,1.);
#2093 = DIRECTION('',(0.896127585788,0.443796518676,0.));
#2094 = PLANE('',#2095);
#2095 = AXIS2_PLACEMENT_3D('',#2096,#2097,#2098);
#2096 = CARTESIAN_POINT('',(26.390530674046,-39.3249135616,8.2));
#2097 = DIRECTION('',(0.443796518676,-0.896127585788,0.));
#2098 = DIRECTION('',(0.,0.,1.));
#2099 = ADVANCED_FACE('',(#2100),#2118,.T.);
#2100 = FACE_BOUND('',#2101,.T.);
#2101 = EDGE_LOOP('',(#2102,#2110,#2116,#2117));
#2102 = ORIENTED_EDGE('',*,*,#2103,.F.);
#2103 = EDGE_CURVE('',#2104,#2062,#2106,.T.);
#2104 = VERTEX_POINT('',#2105);
#2105 = CARTESIAN_POINT('',(35.62149826251,-57.964367346,8.2));
#2106 = LINE('',#2107,#2108);
#2107 = CARTESIAN_POINT('',(35.62149826251,-57.964367346,8.2));
#2108 = VECTOR('',#2109,1.);
#2109 = DIRECTION('',(-0.443796518676,0.896127585788,0.));
#2110 = ORIENTED_EDGE('',*,*,#2111,.T.);
#2111 = EDGE_CURVE('',#2104,#974,#2112,.T.);
#2112 = LINE('',#2113,#2114);
#2113 = CARTESIAN_POINT('',(35.62149826251,-57.964367346,8.2));
#2114 = VECTOR('',#2115,1.);
#2115 = DIRECTION('',(0.896127585788,0.443796518676,0.));
#2116 = ORIENTED_EDGE('',*,*,#973,.F.);
#2117 = ORIENTED_EDGE('',*,*,#2071,.F.);
#2118 = PLANE('',#2119);
#2119 = AXIS2_PLACEMENT_3D('',#2120,#2121,#2122);
#2120 = CARTESIAN_POINT('',(35.62149826251,-57.964367346,8.2));
#2121 = DIRECTION('',(0.,0.,1.));
#2122 = DIRECTION('',(-0.443796518676,0.896127585788,0.));
#2123 = ADVANCED_FACE('',(#2124),#2153,.T.);
#2124 = FACE_BOUND('',#2125,.T.);
#2125 = EDGE_LOOP('',(#2126,#2134,#2140,#2141,#2142,#2143,#2144,#2145,
    #2151,#2152));
#2126 = ORIENTED_EDGE('',*,*,#2127,.F.);
#2127 = EDGE_CURVE('',#2128,#2104,#2130,.T.);
#2128 = VERTEX_POINT('',#2129);
#2129 = CARTESIAN_POINT('',(35.62149826251,-57.964367346,13.4));
#2130 = LINE('',#2131,#2132);
#2131 = CARTESIAN_POINT('',(35.62149826251,-57.964367346,13.4));
#2132 = VECTOR('',#2133,1.);
#2133 = DIRECTION('',(0.,0.,-1.));
#2134 = ORIENTED_EDGE('',*,*,#2135,.T.);
#2135 = EDGE_CURVE('',#2128,#1101,#2136,.T.);
#2136 = LINE('',#2137,#2138);
#2137 = CARTESIAN_POINT('',(35.62149826251,-57.964367346,13.4));
#2138 = VECTOR('',#2139,1.);
#2139 = DIRECTION('',(0.896127585788,0.443796518676,0.));
#2140 = ORIENTED_EDGE('',*,*,#1108,.F.);
#2141 = ORIENTED_EDGE('',*,*,#1132,.F.);
#2142 = ORIENTED_EDGE('',*,*,#1020,.F.);
#2143 = ORIENTED_EDGE('',*,*,#1044,.F.);
#2144 = ORIENTED_EDGE('',*,*,#1068,.F.);
#2145 = ORIENTED_EDGE('',*,*,#2146,.T.);
#2146 = EDGE_CURVE('',#1069,#982,#2147,.T.);
#2147 = LINE('',#2148,#2149);
#2148 = CARTESIAN_POINT('',(35.62149826251,-57.964367346,13.4));
#2149 = VECTOR('',#2150,1.);
#2150 = DIRECTION('',(0.896127585788,0.443796518676,0.));
#2151 = ORIENTED_EDGE('',*,*,#981,.F.);
#2152 = ORIENTED_EDGE('',*,*,#2111,.F.);
#2153 = PLANE('',#2154);
#2154 = AXIS2_PLACEMENT_3D('',#2155,#2156,#2157);
#2155 = CARTESIAN_POINT('',(35.62149826251,-57.964367346,13.4));
#2156 = DIRECTION('',(-0.443796518676,0.896127585788,0.));
#2157 = DIRECTION('',(0.,0.,-1.));
#2158 = ADVANCED_FACE('',(#2159),#2180,.T.);
#2159 = FACE_BOUND('',#2160,.T.);
#2160 = EDGE_LOOP('',(#2161,#2169,#2175,#2176,#2177,#2178,#2179));
#2161 = ORIENTED_EDGE('',*,*,#2162,.F.);
#2162 = EDGE_CURVE('',#2163,#2128,#2165,.T.);
#2163 = VERTEX_POINT('',#2164);
#2164 = CARTESIAN_POINT('',(31.006014468278,-48.6446404538,23.4));
#2165 = LINE('',#2166,#2167);
#2166 = CARTESIAN_POINT('',(31.006014468278,-48.6446404538,23.4));
#2167 = VECTOR('',#2168,1.);
#2168 = DIRECTION('',(0.31990320475,-0.645958394207,-0.693108716252));
#2169 = ORIENTED_EDGE('',*,*,#2170,.T.);
#2170 = EDGE_CURVE('',#2163,#990,#2171,.T.);
#2171 = LINE('',#2172,#2173);
#2172 = CARTESIAN_POINT('',(31.006014468278,-48.6446404538,23.4));
#2173 = VECTOR('',#2174,1.);
#2174 = DIRECTION('',(0.896127585788,0.443796518676,0.));
#2175 = ORIENTED_EDGE('',*,*,#989,.F.);
#2176 = ORIENTED_EDGE('',*,*,#2146,.F.);
#2177 = ORIENTED_EDGE('',*,*,#1076,.F.);
#2178 = ORIENTED_EDGE('',*,*,#1100,.F.);
#2179 = ORIENTED_EDGE('',*,*,#2135,.F.);
#2180 = PLANE('',#2181);
#2181 = AXIS2_PLACEMENT_3D('',#2182,#2183,#2184);
#2182 = CARTESIAN_POINT('',(31.006014468278,-48.6446404538,23.4));
#2183 = DIRECTION('',(-0.307599235337,0.621113840584,-0.720833064902));
#2184 = DIRECTION('',(0.31990320475,-0.645958394207,-0.693108716252));
#2185 = ADVANCED_FACE('',(#2186),#2200,.T.);
#2186 = FACE_BOUND('',#2187,.T.);
#2187 = EDGE_LOOP('',(#2188,#2194,#2195,#2196,#2197,#2198,#2199));
#2188 = ORIENTED_EDGE('',*,*,#2189,.F.);
#2189 = EDGE_CURVE('',#2064,#2163,#2190,.T.);
#2190 = LINE('',#2191,#2192);
#2191 = CARTESIAN_POINT('',(26.390530674046,-39.3249135616,13.4));
#2192 = VECTOR('',#2193,1.);
#2193 = DIRECTION('',(0.31990320475,-0.645958394207,0.693108716252));
#2194 = ORIENTED_EDGE('',*,*,#2089,.T.);
#2195 = ORIENTED_EDGE('',*,*,#1331,.F.);
#2196 = ORIENTED_EDGE('',*,*,#1317,.F.);
#2197 = ORIENTED_EDGE('',*,*,#2078,.T.);
#2198 = ORIENTED_EDGE('',*,*,#997,.F.);
#2199 = ORIENTED_EDGE('',*,*,#2170,.F.);
#2200 = PLANE('',#2201);
#2201 = AXIS2_PLACEMENT_3D('',#2202,#2203,#2204);
#2202 = CARTESIAN_POINT('',(26.390530674046,-39.3249135616,13.4));
#2203 = DIRECTION('',(0.307599235337,-0.621113840584,-0.720833064902));
#2204 = DIRECTION('',(0.31990320475,-0.645958394207,0.693108716252));
#2205 = ADVANCED_FACE('',(#2206),#2217,.T.);
#2206 = FACE_BOUND('',#2207,.T.);
#2207 = EDGE_LOOP('',(#2208,#2209,#2215,#2216));
#2208 = ORIENTED_EDGE('',*,*,#1147,.F.);
#2209 = ORIENTED_EDGE('',*,*,#2210,.T.);
#2210 = EDGE_CURVE('',#1148,#1212,#2211,.T.);
#2211 = LINE('',#2212,#2213);
#2212 = CARTESIAN_POINT('',(94.912713157644,-37.0820342326,5.8));
#2213 = VECTOR('',#2214,1.);
#2214 = DIRECTION('',(-0.443796518676,0.896127585788,0.));
#2215 = ORIENTED_EDGE('',*,*,#1211,.T.);
#2216 = ORIENTED_EDGE('',*,*,#2047,.F.);
#2217 = PLANE('',#2218);
#2218 = AXIS2_PLACEMENT_3D('',#2219,#2220,#2221);
#2219 = CARTESIAN_POINT('',(94.912713157644,-37.0820342326,5.8));
#2220 = DIRECTION('',(0.896127585788,0.443796518676,0.));
#2221 = DIRECTION('',(0.,0.,1.));
#2222 = ADVANCED_FACE('',(#2223),#2229,.F.);
#2223 = FACE_BOUND('',#2224,.F.);
#2224 = EDGE_LOOP('',(#2225,#2226,#2227,#2228));
#2225 = ORIENTED_EDGE('',*,*,#1188,.F.);
#2226 = ORIENTED_EDGE('',*,*,#1157,.T.);
#2227 = ORIENTED_EDGE('',*,*,#2210,.T.);
#2228 = ORIENTED_EDGE('',*,*,#1221,.F.);
#2229 = PLANE('',#2230);
#2230 = AXIS2_PLACEMENT_3D('',#2231,#2232,#2233);
#2231 = CARTESIAN_POINT('',(82.366926956607,-43.29518549407,5.8));
#2232 = DIRECTION('',(0.,0.,1.));
#2233 = DIRECTION('',(0.896127585788,0.443796518676,0.));
#2234 = ADVANCED_FACE('',(#2235),#2260,.F.);
#2235 = FACE_BOUND('',#2236,.F.);
#2236 = EDGE_LOOP('',(#2237,#2245,#2246,#2254));
#2237 = ORIENTED_EDGE('',*,*,#2238,.F.);
#2238 = EDGE_CURVE('',#1474,#2239,#2241,.T.);
#2239 = VERTEX_POINT('',#2240);
#2240 = CARTESIAN_POINT('',(7.,57.,0.));
#2241 = LINE('',#2242,#2243);
#2242 = CARTESIAN_POINT('',(7.,39.,0.));
#2243 = VECTOR('',#2244,1.);
#2244 = DIRECTION('',(1.110223024625E-16,1.,0.));
#2245 = ORIENTED_EDGE('',*,*,#1473,.T.);
#2246 = ORIENTED_EDGE('',*,*,#2247,.T.);
#2247 = EDGE_CURVE('',#1464,#2248,#2250,.T.);
#2248 = VERTEX_POINT('',#2249);
#2249 = CARTESIAN_POINT('',(7.,57.,16.));
#2250 = LINE('',#2251,#2252);
#2251 = CARTESIAN_POINT('',(7.,39.,16.));
#2252 = VECTOR('',#2253,1.);
#2253 = DIRECTION('',(1.110223024625E-16,1.,0.));
#2254 = ORIENTED_EDGE('',*,*,#2255,.F.);
#2255 = EDGE_CURVE('',#2239,#2248,#2256,.T.);
#2256 = LINE('',#2257,#2258);
#2257 = CARTESIAN_POINT('',(7.,57.,0.));
#2258 = VECTOR('',#2259,1.);
#2259 = DIRECTION('',(0.,0.,1.));
#2260 = PLANE('',#2261);
#2261 = AXIS2_PLACEMENT_3D('',#2262,#2263,#2264);
#2262 = CARTESIAN_POINT('',(7.,39.,0.));
#2263 = DIRECTION('',(-1.,1.110223024625E-16,0.));
#2264 = DIRECTION('',(0.,0.,1.));
#2265 = ADVANCED_FACE('',(#2266),#2291,.T.);
#2266 = FACE_BOUND('',#2267,.T.);
#2267 = EDGE_LOOP('',(#2268,#2269,#2277,#2285));
#2268 = ORIENTED_EDGE('',*,*,#2255,.F.);
#2269 = ORIENTED_EDGE('',*,*,#2270,.T.);
#2270 = EDGE_CURVE('',#2239,#2271,#2273,.T.);
#2271 = VERTEX_POINT('',#2272);
#2272 = CARTESIAN_POINT('',(-7.,57.,0.));
#2273 = LINE('',#2274,#2275);
#2274 = CARTESIAN_POINT('',(7.,57.,0.));
#2275 = VECTOR('',#2276,1.);
#2276 = DIRECTION('',(-1.,1.110223024625E-16,0.));
#2277 = ORIENTED_EDGE('',*,*,#2278,.T.);
#2278 = EDGE_CURVE('',#2271,#2279,#2281,.T.);
#2279 = VERTEX_POINT('',#2280);
#2280 = CARTESIAN_POINT('',(-7.,57.,16.));
#2281 = LINE('',#2282,#2283);
#2282 = CARTESIAN_POINT('',(-7.,57.,0.));
#2283 = VECTOR('',#2284,1.);
#2284 = DIRECTION('',(0.,0.,1.));
#2285 = ORIENTED_EDGE('',*,*,#2286,.F.);
#2286 = EDGE_CURVE('',#2248,#2279,#2287,.T.);
#2287 = LINE('',#2288,#2289);
#2288 = CARTESIAN_POINT('',(7.,57.,16.));
#2289 = VECTOR('',#2290,1.);
#2290 = DIRECTION('',(-1.,1.110223024625E-16,0.));
#2291 = PLANE('',#2292);
#2292 = AXIS2_PLACEMENT_3D('',#2293,#2294,#2295);
#2293 = CARTESIAN_POINT('',(7.,57.,0.));
#2294 = DIRECTION('',(1.110223024625E-16,1.,0.));
#2295 = DIRECTION('',(0.,0.,1.));
#2296 = ADVANCED_FACE('',(#2297),#2313,.T.);
#2297 = FACE_BOUND('',#2298,.T.);
#2298 = EDGE_LOOP('',(#2299,#2305,#2306,#2312));
#2299 = ORIENTED_EDGE('',*,*,#2300,.F.);
#2300 = EDGE_CURVE('',#1496,#2271,#2301,.T.);
#2301 = LINE('',#2302,#2303);
#2302 = CARTESIAN_POINT('',(-7.,39.,0.));
#2303 = VECTOR('',#2304,1.);
#2304 = DIRECTION('',(1.110223024625E-16,1.,0.));
#2305 = ORIENTED_EDGE('',*,*,#1503,.T.);
#2306 = ORIENTED_EDGE('',*,*,#2307,.T.);
#2307 = EDGE_CURVE('',#1466,#2279,#2308,.T.);
#2308 = LINE('',#2309,#2310);
#2309 = CARTESIAN_POINT('',(-7.,39.,16.));
#2310 = VECTOR('',#2311,1.);
#2311 = DIRECTION('',(1.110223024625E-16,1.,0.));
#2312 = ORIENTED_EDGE('',*,*,#2278,.F.);
#2313 = PLANE('',#2314);
#2314 = AXIS2_PLACEMENT_3D('',#2315,#2316,#2317);
#2315 = CARTESIAN_POINT('',(-7.,39.,0.));
#2316 = DIRECTION('',(-1.,1.110223024625E-16,0.));
#2317 = DIRECTION('',(0.,0.,1.));
#2318 = ADVANCED_FACE('',(#2319),#2325,.T.);
#2319 = FACE_BOUND('',#2320,.T.);
#2320 = EDGE_LOOP('',(#2321,#2322,#2323,#2324));
#2321 = ORIENTED_EDGE('',*,*,#1463,.F.);
#2322 = ORIENTED_EDGE('',*,*,#2247,.T.);
#2323 = ORIENTED_EDGE('',*,*,#2286,.T.);
#2324 = ORIENTED_EDGE('',*,*,#2307,.F.);
#2325 = PLANE('',#2326);
#2326 = AXIS2_PLACEMENT_3D('',#2327,#2328,#2329);
#2327 = CARTESIAN_POINT('',(7.,39.,16.));
#2328 = DIRECTION('',(0.,0.,1.));
#2329 = DIRECTION('',(1.110223024625E-16,1.,0.));
#2330 = ADVANCED_FACE('',(#2331),#2342,.T.);
#2331 = FACE_BOUND('',#2332,.T.);
#2332 = EDGE_LOOP('',(#2333,#2334,#2335,#2336));
#2333 = ORIENTED_EDGE('',*,*,#1842,.F.);
#2334 = ORIENTED_EDGE('',*,*,#1557,.T.);
#2335 = ORIENTED_EDGE('',*,*,#1785,.T.);
#2336 = ORIENTED_EDGE('',*,*,#2337,.T.);
#2337 = EDGE_CURVE('',#1762,#1826,#2338,.T.);
#2338 = LINE('',#2339,#2340);
#2339 = CARTESIAN_POINT('',(-78.9360384853,-4.821441144222,8.));
#2340 = VECTOR('',#2341,1.);
#2341 = DIRECTION('',(-0.443796518676,-0.896127585788,0.));
#2342 = PLANE('',#2343);
#2343 = AXIS2_PLACEMENT_3D('',#2344,#2345,#2346);
#2344 = CARTESIAN_POINT('',(-66.39025228426,-11.03459240568,8.));
#2345 = DIRECTION('',(0.,0.,1.));
#2346 = DIRECTION('',(-0.896127585788,0.443796518676,0.));
#2347 = ADVANCED_FACE('',(#2348),#2384,.T.);
#2348 = FACE_BOUND('',#2349,.T.);
#2349 = EDGE_LOOP('',(#2350,#2360,#2366,#2367,#2373,#2374,#2375,#2376,
    #2377,#2378));
#2350 = ORIENTED_EDGE('',*,*,#2351,.F.);
#2351 = EDGE_CURVE('',#2352,#2354,#2356,.T.);
#2352 = VERTEX_POINT('',#2353);
#2353 = CARTESIAN_POINT('',(-35.62149826251,-57.964367346,8.2));
#2354 = VERTEX_POINT('',#2355);
#2355 = CARTESIAN_POINT('',(-35.62149826251,-57.964367346,13.4));
#2356 = LINE('',#2357,#2358);
#2357 = CARTESIAN_POINT('',(-35.62149826251,-57.964367346,8.2));
#2358 = VECTOR('',#2359,1.);
#2359 = DIRECTION('',(0.,0.,1.));
#2360 = ORIENTED_EDGE('',*,*,#2361,.T.);
#2361 = EDGE_CURVE('',#2352,#1578,#2362,.T.);
#2362 = LINE('',#2363,#2364);
#2363 = CARTESIAN_POINT('',(-35.62149826251,-57.964367346,8.2));
#2364 = VECTOR('',#2365,1.);
#2365 = DIRECTION('',(-0.896127585788,0.443796518676,0.));
#2366 = ORIENTED_EDGE('',*,*,#1575,.F.);
#2367 = ORIENTED_EDGE('',*,*,#2368,.F.);
#2368 = EDGE_CURVE('',#1912,#1576,#2369,.T.);
#2369 = LINE('',#2370,#2371);
#2370 = CARTESIAN_POINT('',(-35.62149826251,-57.964367346,13.4));
#2371 = VECTOR('',#2372,1.);
#2372 = DIRECTION('',(-0.896127585788,0.443796518676,0.));
#2373 = ORIENTED_EDGE('',*,*,#1911,.F.);
#2374 = ORIENTED_EDGE('',*,*,#1887,.F.);
#2375 = ORIENTED_EDGE('',*,*,#1856,.F.);
#2376 = ORIENTED_EDGE('',*,*,#1975,.F.);
#2377 = ORIENTED_EDGE('',*,*,#1961,.F.);
#2378 = ORIENTED_EDGE('',*,*,#2379,.F.);
#2379 = EDGE_CURVE('',#2354,#1944,#2380,.T.);
#2380 = LINE('',#2381,#2382);
#2381 = CARTESIAN_POINT('',(-35.62149826251,-57.964367346,13.4));
#2382 = VECTOR('',#2383,1.);
#2383 = DIRECTION('',(-0.896127585788,0.443796518676,0.));
#2384 = PLANE('',#2385);
#2385 = AXIS2_PLACEMENT_3D('',#2386,#2387,#2388);
#2386 = CARTESIAN_POINT('',(-35.62149826251,-57.964367346,8.2));
#2387 = DIRECTION('',(0.443796518676,0.896127585788,0.));
#2388 = DIRECTION('',(0.,0.,1.));
#2389 = ADVANCED_FACE('',(#2390),#2408,.T.);
#2390 = FACE_BOUND('',#2391,.T.);
#2391 = EDGE_LOOP('',(#2392,#2400,#2406,#2407));
#2392 = ORIENTED_EDGE('',*,*,#2393,.F.);
#2393 = EDGE_CURVE('',#2394,#2352,#2396,.T.);
#2394 = VERTEX_POINT('',#2395);
#2395 = CARTESIAN_POINT('',(-26.39053067404,-39.3249135616,8.2));
#2396 = LINE('',#2397,#2398);
#2397 = CARTESIAN_POINT('',(-26.39053067404,-39.3249135616,8.2));
#2398 = VECTOR('',#2399,1.);
#2399 = DIRECTION('',(-0.443796518676,-0.896127585788,0.));
#2400 = ORIENTED_EDGE('',*,*,#2401,.T.);
#2401 = EDGE_CURVE('',#2394,#1586,#2402,.T.);
#2402 = LINE('',#2403,#2404);
#2403 = CARTESIAN_POINT('',(-26.39053067404,-39.3249135616,8.2));
#2404 = VECTOR('',#2405,1.);
#2405 = DIRECTION('',(-0.896127585788,0.443796518676,0.));
#2406 = ORIENTED_EDGE('',*,*,#1585,.F.);
#2407 = ORIENTED_EDGE('',*,*,#2361,.F.);
#2408 = PLANE('',#2409);
#2409 = AXIS2_PLACEMENT_3D('',#2410,#2411,#2412);
#2410 = CARTESIAN_POINT('',(-26.39053067404,-39.3249135616,8.2));
#2411 = DIRECTION('',(0.,0.,1.));
#2412 = DIRECTION('',(-0.443796518676,-0.896127585788,0.));
#2413 = ADVANCED_FACE('',(#2414),#2443,.T.);
#2414 = FACE_BOUND('',#2415,.T.);
#2415 = EDGE_LOOP('',(#2416,#2424,#2430,#2431,#2432,#2433,#2434,#2435,
    #2441,#2442));
#2416 = ORIENTED_EDGE('',*,*,#2417,.F.);
#2417 = EDGE_CURVE('',#2418,#2394,#2420,.T.);
#2418 = VERTEX_POINT('',#2419);
#2419 = CARTESIAN_POINT('',(-26.39053067404,-39.3249135616,13.4));
#2420 = LINE('',#2421,#2422);
#2421 = CARTESIAN_POINT('',(-26.39053067404,-39.3249135616,13.4));
#2422 = VECTOR('',#2423,1.);
#2423 = DIRECTION('',(0.,0.,-1.));
#2424 = ORIENTED_EDGE('',*,*,#2425,.T.);
#2425 = EDGE_CURVE('',#2418,#1713,#2426,.T.);
#2426 = LINE('',#2427,#2428);
#2427 = CARTESIAN_POINT('',(-26.39053067404,-39.3249135616,13.4));
#2428 = VECTOR('',#2429,1.);
#2429 = DIRECTION('',(-0.896127585788,0.443796518676,0.));
#2430 = ORIENTED_EDGE('',*,*,#1720,.F.);
#2431 = ORIENTED_EDGE('',*,*,#1744,.F.);
#2432 = ORIENTED_EDGE('',*,*,#1632,.F.);
#2433 = ORIENTED_EDGE('',*,*,#1656,.F.);
#2434 = ORIENTED_EDGE('',*,*,#1680,.F.);
#2435 = ORIENTED_EDGE('',*,*,#2436,.T.);
#2436 = EDGE_CURVE('',#1681,#1594,#2437,.T.);
#2437 = LINE('',#2438,#2439);
#2438 = CARTESIAN_POINT('',(-26.39053067404,-39.3249135616,13.4));
#2439 = VECTOR('',#2440,1.);
#2440 = DIRECTION('',(-0.896127585788,0.443796518676,0.));
#2441 = ORIENTED_EDGE('',*,*,#1593,.F.);
#2442 = ORIENTED_EDGE('',*,*,#2401,.F.);
#2443 = PLANE('',#2444);
#2444 = AXIS2_PLACEMENT_3D('',#2445,#2446,#2447);
#2445 = CARTESIAN_POINT('',(-26.39053067404,-39.3249135616,13.4));
#2446 = DIRECTION('',(-0.443796518676,-0.896127585788,0.));
#2447 = DIRECTION('',(0.,0.,-1.));
#2448 = ADVANCED_FACE('',(#2449),#2470,.T.);
#2449 = FACE_BOUND('',#2450,.T.);
#2450 = EDGE_LOOP('',(#2451,#2459,#2465,#2466,#2467,#2468,#2469));
#2451 = ORIENTED_EDGE('',*,*,#2452,.F.);
#2452 = EDGE_CURVE('',#2453,#2418,#2455,.T.);
#2453 = VERTEX_POINT('',#2454);
#2454 = CARTESIAN_POINT('',(-31.00601446827,-48.6446404538,23.4));
#2455 = LINE('',#2456,#2457);
#2456 = CARTESIAN_POINT('',(-31.00601446827,-48.6446404538,23.4));
#2457 = VECTOR('',#2458,1.);
#2458 = DIRECTION('',(0.31990320475,0.645958394207,-0.693108716252));
#2459 = ORIENTED_EDGE('',*,*,#2460,.T.);
#2460 = EDGE_CURVE('',#2453,#1602,#2461,.T.);
#2461 = LINE('',#2462,#2463);
#2462 = CARTESIAN_POINT('',(-31.00601446827,-48.6446404538,23.4));
#2463 = VECTOR('',#2464,1.);
#2464 = DIRECTION('',(-0.896127585788,0.443796518676,0.));
#2465 = ORIENTED_EDGE('',*,*,#1601,.F.);
#2466 = ORIENTED_EDGE('',*,*,#2436,.F.);
#2467 = ORIENTED_EDGE('',*,*,#1688,.F.);
#2468 = ORIENTED_EDGE('',*,*,#1712,.F.);
#2469 = ORIENTED_EDGE('',*,*,#2425,.F.);
#2470 = PLANE('',#2471);
#2471 = AXIS2_PLACEMENT_3D('',#2472,#2473,#2474);
#2472 = CARTESIAN_POINT('',(-31.00601446827,-48.6446404538,23.4));
#2473 = DIRECTION('',(-0.307599235337,-0.621113840584,-0.720833064902));
#2474 = DIRECTION('',(0.31990320475,0.645958394207,-0.693108716252));
#2475 = ADVANCED_FACE('',(#2476),#2490,.T.);
#2476 = FACE_BOUND('',#2477,.T.);
#2477 = EDGE_LOOP('',(#2478,#2484,#2485,#2486,#2487,#2488,#2489));
#2478 = ORIENTED_EDGE('',*,*,#2479,.F.);
#2479 = EDGE_CURVE('',#2354,#2453,#2480,.T.);
#2480 = LINE('',#2481,#2482);
#2481 = CARTESIAN_POINT('',(-35.62149826251,-57.964367346,13.4));
#2482 = VECTOR('',#2483,1.);
#2483 = DIRECTION('',(0.31990320475,0.645958394207,0.693108716252));
#2484 = ORIENTED_EDGE('',*,*,#2379,.T.);
#2485 = ORIENTED_EDGE('',*,*,#1943,.F.);
#2486 = ORIENTED_EDGE('',*,*,#1929,.F.);
#2487 = ORIENTED_EDGE('',*,*,#2368,.T.);
#2488 = ORIENTED_EDGE('',*,*,#1609,.F.);
#2489 = ORIENTED_EDGE('',*,*,#2460,.F.);
#2490 = PLANE('',#2491);
#2491 = AXIS2_PLACEMENT_3D('',#2492,#2493,#2494);
#2492 = CARTESIAN_POINT('',(-35.62149826251,-57.964367346,13.4));
#2493 = DIRECTION('',(0.307599235337,0.621113840584,-0.720833064902));
#2494 = DIRECTION('',(0.31990320475,0.645958394207,0.693108716252));
#2495 = ADVANCED_FACE('',(#2496),#2507,.T.);
#2496 = FACE_BOUND('',#2497,.T.);
#2497 = EDGE_LOOP('',(#2498,#2499,#2505,#2506));
#2498 = ORIENTED_EDGE('',*,*,#1759,.F.);
#2499 = ORIENTED_EDGE('',*,*,#2500,.T.);
#2500 = EDGE_CURVE('',#1760,#1824,#2501,.T.);
#2501 = LINE('',#2502,#2503);
#2502 = CARTESIAN_POINT('',(-78.9360384853,-4.821441144222,5.8));
#2503 = VECTOR('',#2504,1.);
#2504 = DIRECTION('',(-0.443796518676,-0.896127585788,0.));
#2505 = ORIENTED_EDGE('',*,*,#1823,.T.);
#2506 = ORIENTED_EDGE('',*,*,#2337,.F.);
#2507 = PLANE('',#2508);
#2508 = AXIS2_PLACEMENT_3D('',#2509,#2510,#2511);
#2509 = CARTESIAN_POINT('',(-78.9360384853,-4.821441144222,5.8));
#2510 = DIRECTION('',(-0.896127585788,0.443796518676,0.));
#2511 = DIRECTION('',(0.,0.,1.));
#2512 = ADVANCED_FACE('',(#2513),#2519,.F.);
#2513 = FACE_BOUND('',#2514,.F.);
#2514 = EDGE_LOOP('',(#2515,#2516,#2517,#2518));
#2515 = ORIENTED_EDGE('',*,*,#1800,.F.);
#2516 = ORIENTED_EDGE('',*,*,#1769,.T.);
#2517 = ORIENTED_EDGE('',*,*,#2500,.T.);
#2518 = ORIENTED_EDGE('',*,*,#1833,.F.);
#2519 = PLANE('',#2520);
#2520 = AXIS2_PLACEMENT_3D('',#2521,#2522,#2523);
#2521 = CARTESIAN_POINT('',(-66.39025228426,-11.03459240568,5.8));
#2522 = DIRECTION('',(0.,0.,1.));
#2523 = DIRECTION('',(-0.896127585788,0.443796518676,0.));
#2524 = ADVANCED_FACE('',(#2525),#2532,.T.);
#2525 = FACE_BOUND('',#2526,.T.);
#2526 = EDGE_LOOP('',(#2527,#2528,#2529,#2530,#2531));
#2527 = ORIENTED_EDGE('',*,*,#2103,.T.);
#2528 = ORIENTED_EDGE('',*,*,#2061,.T.);
#2529 = ORIENTED_EDGE('',*,*,#2189,.T.);
#2530 = ORIENTED_EDGE('',*,*,#2162,.T.);
#2531 = ORIENTED_EDGE('',*,*,#2127,.T.);
#2532 = PLANE('',#2533);
#2533 = AXIS2_PLACEMENT_3D('',#2534,#2535,#2536);
#2534 = CARTESIAN_POINT('',(31.006014468278,-48.6446404538,
    13.551152018738));
#2535 = DIRECTION('',(0.896127585788,0.443796518676,0.));
#2536 = DIRECTION('',(0.,0.,1.));
#2537 = ADVANCED_FACE('',(#2538),#2545,.T.);
#2538 = FACE_BOUND('',#2539,.T.);
#2539 = EDGE_LOOP('',(#2540,#2541,#2542,#2543,#2544));
#2540 = ORIENTED_EDGE('',*,*,#2393,.T.);
#2541 = ORIENTED_EDGE('',*,*,#2351,.T.);
#2542 = ORIENTED_EDGE('',*,*,#2479,.T.);
#2543 = ORIENTED_EDGE('',*,*,#2452,.T.);
#2544 = ORIENTED_EDGE('',*,*,#2417,.T.);
#2545 = PLANE('',#2546);
#2546 = AXIS2_PLACEMENT_3D('',#2547,#2548,#2549);
#2547 = CARTESIAN_POINT('',(-31.00601446827,-48.6446404538,
    13.551152018738));
#2548 = DIRECTION('',(-0.896127585788,0.443796518676,0.));
#2549 = DIRECTION('',(0.,0.,1.));
#2550 = ADVANCED_FACE('',(#2551,#2576),#2579,.T.);
#2551 = FACE_BOUND('',#2552,.T.);
#2552 = EDGE_LOOP('',(#2553,#2562,#2563,#2564,#2565,#2566,#2567,#2568,
    #2569));
#2553 = ORIENTED_EDGE('',*,*,#2554,.F.);
#2554 = EDGE_CURVE('',#492,#2555,#2557,.T.);
#2555 = VERTEX_POINT('',#2556);
#2556 = CARTESIAN_POINT('',(75.,-64.,0.));
#2557 = CIRCLE('',#2558,75.);
#2558 = AXIS2_PLACEMENT_3D('',#2559,#2560,#2561);
#2559 = CARTESIAN_POINT('',(0.,-64.,0.));
#2560 = DIRECTION('',(0.,0.,1.));
#2561 = DIRECTION('',(1.,0.,0.));
#2562 = ORIENTED_EDGE('',*,*,#491,.T.);
#2563 = ORIENTED_EDGE('',*,*,#1495,.T.);
#2564 = ORIENTED_EDGE('',*,*,#2300,.T.);
#2565 = ORIENTED_EDGE('',*,*,#2270,.F.);
#2566 = ORIENTED_EDGE('',*,*,#2238,.F.);
#2567 = ORIENTED_EDGE('',*,*,#1481,.T.);
#2568 = ORIENTED_EDGE('',*,*,#444,.F.);
#2569 = ORIENTED_EDGE('',*,*,#2570,.F.);
#2570 = EDGE_CURVE('',#2555,#445,#2571,.T.);
#2571 = CIRCLE('',#2572,75.);
#2572 = AXIS2_PLACEMENT_3D('',#2573,#2574,#2575);
#2573 = CARTESIAN_POINT('',(0.,-64.,0.));
#2574 = DIRECTION('',(0.,0.,1.));
#2575 = DIRECTION('',(1.,0.,0.));
#2576 = FACE_BOUND('',#2577,.T.);
#2577 = EDGE_LOOP('',(#2578));
#2578 = ORIENTED_EDGE('',*,*,#2028,.T.);
#2579 = PLANE('',#2580);
#2580 = AXIS2_PLACEMENT_3D('',#2581,#2582,#2583);
#2581 = CARTESIAN_POINT('',(2.649797088529,-41.27944876969,0.));
#2582 = DIRECTION('',(-0.,-0.,-1.));
#2583 = DIRECTION('',(-1.,0.,0.));
#2584 = ADVANCED_FACE('',(#2585),#2601,.T.);
#2585 = FACE_BOUND('',#2586,.T.);
#2586 = EDGE_LOOP('',(#2587,#2588,#2589,#2590,#2591,#2592,#2593,#2594,
    #2595,#2596,#2597,#2598,#2599,#2600));
#2587 = ORIENTED_EDGE('',*,*,#31,.F.);
#2588 = ORIENTED_EDGE('',*,*,#692,.F.);
#2589 = ORIENTED_EDGE('',*,*,#637,.F.);
#2590 = ORIENTED_EDGE('',*,*,#548,.T.);
#2591 = ORIENTED_EDGE('',*,*,#380,.F.);
#2592 = ORIENTED_EDGE('',*,*,#501,.F.);
#2593 = ORIENTED_EDGE('',*,*,#2554,.T.);
#2594 = ORIENTED_EDGE('',*,*,#2570,.T.);
#2595 = ORIENTED_EDGE('',*,*,#454,.T.);
#2596 = ORIENTED_EDGE('',*,*,#347,.F.);
#2597 = ORIENTED_EDGE('',*,*,#258,.F.);
#2598 = ORIENTED_EDGE('',*,*,#203,.F.);
#2599 = ORIENTED_EDGE('',*,*,#114,.T.);
#2600 = ORIENTED_EDGE('',*,*,#40,.F.);
#2601 = CYLINDRICAL_SURFACE('',#2602,75.);
#2602 = AXIS2_PLACEMENT_3D('',#2603,#2604,#2605);
#2603 = CARTESIAN_POINT('',(0.,-64.,0.));
#2604 = DIRECTION('',(0.,0.,1.));
#2605 = DIRECTION('',(1.,0.,0.));
#2606 = ( GEOMETRIC_REPRESENTATION_CONTEXT(3) 
GLOBAL_UNCERTAINTY_ASSIGNED_CONTEXT((#2610)) 
GLOBAL_UNIT_ASSIGNED_CONTEXT((#2607,#2608,#2609)) REPRESENTATION_CONTEXT
('Context #1','3D Context with UNIT and UNCERTAINTY') );
#2607 = ( LENGTH_UNIT() NAMED_UNIT(*) SI_UNIT(.MILLI.,.METRE.) );
#2608 = ( NAMED_UNIT(*) PLANE_ANGLE_UNIT() SI_UNIT($,.RADIAN.) );
#2609 = ( NAMED_UNIT(*) SI_UNIT($,.STERADIAN.) SOLID_ANGLE_UNIT() );
#2610 = UNCERTAINTY_MEASURE_WITH_UNIT(LENGTH_MEASURE(1.E-07),#2607,
  'distance_accuracy_value','confusion accuracy');
#2611 = PRODUCT_RELATED_PRODUCT_CATEGORY('part',$,(#7));
ENDSEC;
END-ISO-10303-21;
