ISO-10303-21;
HEADER;
FILE_DESCRIPTION(('FreeCAD Model'),'2;1');
FILE_NAME('Open CASCADE Shape Model','2026-09-20T11:47:54',('FreeCAD'),(
    'FreeCAD'),'Open CASCADE STEP processor 7.8','FreeCAD','Unknown');
FILE_SCHEMA(('AUTOMOTIVE_DESIGN { 1 0 10303 214 1 1 1 1 }'));
ENDSEC;
DATA;
#1 = APPLICATION_PROTOCOL_DEFINITION('international standard',
  'automotive_design',2000,#2);
#2 = APPLICATION_CONTEXT(
  'core data for automotive mechanical design processes');
#3 = SHAPE_DEFINITION_REPRESENTATION(#4,#10);
#4 = PRODUCT_DEFINITION_SHAPE('','',#5);
#5 = PRODUCT_DEFINITION('design','',#6,#9);
#6 = PRODUCT_DEFINITION_FORMATION('','',#7);
#7 = PRODUCT('Open CASCADE STEP translator 7.8 2',
  'Open CASCADE STEP translator 7.8 2','',(#8));
#8 = PRODUCT_CONTEXT('',#2,'mechanical');
#9 = PRODUCT_DEFINITION_CONTEXT('part definition',#2,'design');
#10 = ADVANCED_BREP_SHAPE_REPRESENTATION('',(#11,#15),#4519);
#11 = AXIS2_PLACEMENT_3D('',#12,#13,#14);
#12 = CARTESIAN_POINT('',(0.,0.,0.));
#13 = DIRECTION('',(0.,0.,1.));
#14 = DIRECTION('',(1.,0.,-0.));
#15 = MANIFOLD_SOLID_BREP('',#16);
#16 = CLOSED_SHELL('',(#17,#57,#88,#112,#338,#355,#422,#446,#1189,#1213,
    #1237,#1254,#1278,#1333,#1405,#1429,#1487,#1511,#1558,#1582,#1598,
    #1624,#1680,#1697,#1728,#1784,#1842,#1889,#1906,#1923,#1940,#1973,
    #1997,#2023,#2058,#2082,#2106,#2123,#2158,#2182,#2222,#2246,#2270,
    #2294,#2318,#2342,#2366,#2390,#2414,#2438,#2462,#2486,#2510,#2534,
    #2558,#2582,#2606,#2630,#2654,#2678,#2702,#2726,#2750,#2774,#2798,
    #2822,#2846,#2870,#2894,#2918,#2942,#2966,#2990,#3014,#3038,#3062,
    #3086,#3110,#3134,#3158,#3182,#3206,#3230,#3254,#3278,#3302,#3326,
    #3350,#3374,#3398,#3422,#3446,#3470,#3494,#3518,#3542,#3566,#3590,
    #3614,#3638,#3662,#3686,#3710,#3734,#3758,#3782,#3806,#3830,#3870,
    #3894,#3918,#3942,#3973,#3997,#4021,#4045,#4069,#4093,#4110,#4121,
    #4134,#4157,#4174,#4192,#4204,#4228,#4268,#4285,#4298,#4321,#4338,
    #4356,#4368,#4463,#4475,#4494,#4506));
#17 = ADVANCED_FACE('',(#18),#52,.F.);
#18 = FACE_BOUND('',#19,.F.);
#19 = EDGE_LOOP('',(#20,#30,#38,#46));
#20 = ORIENTED_EDGE('',*,*,#21,.F.);
#21 = EDGE_CURVE('',#22,#24,#26,.T.);
#22 = VERTEX_POINT('',#23);
#23 = CARTESIAN_POINT('',(-340.,-147.5,0.));
#24 = VERTEX_POINT('',#25);
#25 = CARTESIAN_POINT('',(-340.,147.5,0.));
#26 = LINE('',#27,#28);
#27 = CARTESIAN_POINT('',(-340.,-147.5,0.));
#28 = VECTOR('',#29,1.);
#29 = DIRECTION('',(0.,1.,0.));
#30 = ORIENTED_EDGE('',*,*,#31,.T.);
#31 = EDGE_CURVE('',#22,#32,#34,.T.);
#32 = VERTEX_POINT('',#33);
#33 = CARTESIAN_POINT('',(-140.,-147.5,0.));
#34 = LINE('',#35,#36);
#35 = CARTESIAN_POINT('',(-340.,-147.5,0.));
#36 = VECTOR('',#37,1.);
#37 = DIRECTION('',(1.,0.,0.));
#38 = ORIENTED_EDGE('',*,*,#39,.T.);
#39 = EDGE_CURVE('',#32,#40,#42,.T.);
#40 = VERTEX_POINT('',#41);
#41 = CARTESIAN_POINT('',(-140.,147.5,0.));
#42 = LINE('',#43,#44);
#43 = CARTESIAN_POINT('',(-140.,-147.5,0.));
#44 = VECTOR('',#45,1.);
#45 = DIRECTION('',(0.,1.,0.));
#46 = ORIENTED_EDGE('',*,*,#47,.F.);
#47 = EDGE_CURVE('',#24,#40,#48,.T.);
#48 = LINE('',#49,#50);
#49 = CARTESIAN_POINT('',(-340.,147.5,0.));
#50 = VECTOR('',#51,1.);
#51 = DIRECTION('',(1.,0.,0.));
#52 = PLANE('',#53);
#53 = AXIS2_PLACEMENT_3D('',#54,#55,#56);
#54 = CARTESIAN_POINT('',(-340.,-147.5,0.));
#55 = DIRECTION('',(0.,0.,1.));
#56 = DIRECTION('',(1.,0.,0.));
#57 = ADVANCED_FACE('',(#58),#83,.T.);
#58 = FACE_BOUND('',#59,.T.);
#59 = EDGE_LOOP('',(#60,#68,#76,#82));
#60 = ORIENTED_EDGE('',*,*,#61,.T.);
#61 = EDGE_CURVE('',#22,#62,#64,.T.);
#62 = VERTEX_POINT('',#63);
#63 = CARTESIAN_POINT('',(-340.,-147.5,14.));
#64 = LINE('',#65,#66);
#65 = CARTESIAN_POINT('',(-340.,-147.5,0.));
#66 = VECTOR('',#67,1.);
#67 = DIRECTION('',(0.,0.,1.));
#68 = ORIENTED_EDGE('',*,*,#69,.T.);
#69 = EDGE_CURVE('',#62,#70,#72,.T.);
#70 = VERTEX_POINT('',#71);
#71 = CARTESIAN_POINT('',(-340.,147.5,14.));
#72 = LINE('',#73,#74);
#73 = CARTESIAN_POINT('',(-340.,-147.5,14.));
#74 = VECTOR('',#75,1.);
#75 = DIRECTION('',(0.,1.,0.));
#76 = ORIENTED_EDGE('',*,*,#77,.F.);
#77 = EDGE_CURVE('',#24,#70,#78,.T.);
#78 = LINE('',#79,#80);
#79 = CARTESIAN_POINT('',(-340.,147.5,4.));
#80 = VECTOR('',#81,1.);
#81 = DIRECTION('',(0.,0.,1.));
#82 = ORIENTED_EDGE('',*,*,#21,.F.);
#83 = PLANE('',#84);
#84 = AXIS2_PLACEMENT_3D('',#85,#86,#87);
#85 = CARTESIAN_POINT('',(-340.,0.,7.));
#86 = DIRECTION('',(-1.,-0.,-0.));
#87 = DIRECTION('',(0.,0.,-1.));
#88 = ADVANCED_FACE('',(#89),#107,.T.);
#89 = FACE_BOUND('',#90,.T.);
#90 = EDGE_LOOP('',(#91,#92,#100,#106));
#91 = ORIENTED_EDGE('',*,*,#31,.T.);
#92 = ORIENTED_EDGE('',*,*,#93,.T.);
#93 = EDGE_CURVE('',#32,#94,#96,.T.);
#94 = VERTEX_POINT('',#95);
#95 = CARTESIAN_POINT('',(-140.,-147.5,14.));
#96 = LINE('',#97,#98);
#97 = CARTESIAN_POINT('',(-140.,-147.5,0.));
#98 = VECTOR('',#99,1.);
#99 = DIRECTION('',(0.,0.,1.));
#100 = ORIENTED_EDGE('',*,*,#101,.F.);
#101 = EDGE_CURVE('',#62,#94,#102,.T.);
#102 = LINE('',#103,#104);
#103 = CARTESIAN_POINT('',(-340.,-147.5,14.));
#104 = VECTOR('',#105,1.);
#105 = DIRECTION('',(1.,0.,0.));
#106 = ORIENTED_EDGE('',*,*,#61,.F.);
#107 = PLANE('',#108);
#108 = AXIS2_PLACEMENT_3D('',#109,#110,#111);
#109 = CARTESIAN_POINT('',(-240.,-147.5,7.));
#110 = DIRECTION('',(-0.,-1.,-0.));
#111 = DIRECTION('',(0.,0.,-1.));
#112 = ADVANCED_FACE('',(#113,#291),#333,.T.);
#113 = FACE_BOUND('',#114,.T.);
#114 = EDGE_LOOP('',(#115,#116,#117,#125,#133,#141,#149,#157,#165,#173,
    #181,#189,#197,#205,#213,#221,#229,#237,#245,#253,#261,#269,#277,
    #285));
#115 = ORIENTED_EDGE('',*,*,#93,.F.);
#116 = ORIENTED_EDGE('',*,*,#39,.T.);
#117 = ORIENTED_EDGE('',*,*,#118,.T.);
#118 = EDGE_CURVE('',#40,#119,#121,.T.);
#119 = VERTEX_POINT('',#120);
#120 = CARTESIAN_POINT('',(-140.,147.5,14.));
#121 = LINE('',#122,#123);
#122 = CARTESIAN_POINT('',(-140.,147.5,4.));
#123 = VECTOR('',#124,1.);
#124 = DIRECTION('',(0.,0.,1.));
#125 = ORIENTED_EDGE('',*,*,#126,.F.);
#126 = EDGE_CURVE('',#127,#119,#129,.T.);
#127 = VERTEX_POINT('',#128);
#128 = CARTESIAN_POINT('',(-140.,139.5,14.));
#129 = LINE('',#130,#131);
#130 = CARTESIAN_POINT('',(-140.,139.5,14.));
#131 = VECTOR('',#132,1.);
#132 = DIRECTION('',(0.,1.,0.));
#133 = ORIENTED_EDGE('',*,*,#134,.F.);
#134 = EDGE_CURVE('',#135,#127,#137,.T.);
#135 = VERTEX_POINT('',#136);
#136 = CARTESIAN_POINT('',(-140.,139.5,4.));
#137 = LINE('',#138,#139);
#138 = CARTESIAN_POINT('',(-140.,139.5,4.));
#139 = VECTOR('',#140,1.);
#140 = DIRECTION('',(0.,0.,1.));
#141 = ORIENTED_EDGE('',*,*,#142,.F.);
#142 = EDGE_CURVE('',#143,#135,#145,.T.);
#143 = VERTEX_POINT('',#144);
#144 = CARTESIAN_POINT('',(-140.,115.,4.));
#145 = LINE('',#146,#147);
#146 = CARTESIAN_POINT('',(-140.,-147.5,4.));
#147 = VECTOR('',#148,1.);
#148 = DIRECTION('',(0.,1.,0.));
#149 = ORIENTED_EDGE('',*,*,#150,.T.);
#150 = EDGE_CURVE('',#143,#151,#153,.T.);
#151 = VERTEX_POINT('',#152);
#152 = CARTESIAN_POINT('',(-140.,115.,24.));
#153 = LINE('',#154,#155);
#154 = CARTESIAN_POINT('',(-140.,115.,4.));
#155 = VECTOR('',#156,1.);
#156 = DIRECTION('',(0.,0.,1.));
#157 = ORIENTED_EDGE('',*,*,#158,.F.);
#158 = EDGE_CURVE('',#159,#151,#161,.T.);
#159 = VERTEX_POINT('',#160);
#160 = CARTESIAN_POINT('',(-140.,99.031694510383,24.));
#161 = LINE('',#162,#163);
#162 = CARTESIAN_POINT('',(-140.,65.,24.));
#163 = VECTOR('',#164,1.);
#164 = DIRECTION('',(0.,1.,0.));
#165 = ORIENTED_EDGE('',*,*,#166,.T.);
#166 = EDGE_CURVE('',#159,#167,#169,.T.);
#167 = VERTEX_POINT('',#168);
#168 = CARTESIAN_POINT('',(-140.,99.031694510383,17.6));
#169 = LINE('',#170,#171);
#170 = CARTESIAN_POINT('',(-140.,99.031694510383,12.167688022284));
#171 = VECTOR('',#172,1.);
#172 = DIRECTION('',(0.,-0.,-1.));
#173 = ORIENTED_EDGE('',*,*,#174,.T.);
#174 = EDGE_CURVE('',#167,#175,#177,.T.);
#175 = VERTEX_POINT('',#176);
#176 = CARTESIAN_POINT('',(-140.,92.4,17.6));
#177 = LINE('',#178,#179);
#178 = CARTESIAN_POINT('',(-140.,14.584778301514,17.6));
#179 = VECTOR('',#180,1.);
#180 = DIRECTION('',(0.,-1.,0.));
#181 = ORIENTED_EDGE('',*,*,#182,.F.);
#182 = EDGE_CURVE('',#183,#175,#185,.T.);
#183 = VERTEX_POINT('',#184);
#184 = CARTESIAN_POINT('',(-140.,102.,8.));
#185 = LINE('',#186,#187);
#186 = CARTESIAN_POINT('',(-140.,93.75,16.25));
#187 = VECTOR('',#188,1.);
#188 = DIRECTION('',(0.,-0.707106781187,0.707106781187));
#189 = ORIENTED_EDGE('',*,*,#190,.F.);
#190 = EDGE_CURVE('',#191,#183,#193,.T.);
#191 = VERTEX_POINT('',#192);
#192 = CARTESIAN_POINT('',(-140.,102.,4.));
#193 = LINE('',#194,#195);
#194 = CARTESIAN_POINT('',(-140.,102.,4.));
#195 = VECTOR('',#196,1.);
#196 = DIRECTION('',(0.,0.,1.));
#197 = ORIENTED_EDGE('',*,*,#198,.F.);
#198 = EDGE_CURVE('',#199,#191,#201,.T.);
#199 = VERTEX_POINT('',#200);
#200 = CARTESIAN_POINT('',(-140.,78.,4.));
#201 = LINE('',#202,#203);
#202 = CARTESIAN_POINT('',(-140.,-147.5,4.));
#203 = VECTOR('',#204,1.);
#204 = DIRECTION('',(0.,1.,0.));
#205 = ORIENTED_EDGE('',*,*,#206,.F.);
#206 = EDGE_CURVE('',#207,#199,#209,.T.);
#207 = VERTEX_POINT('',#208);
#208 = CARTESIAN_POINT('',(-140.,78.,8.));
#209 = LINE('',#210,#211);
#210 = CARTESIAN_POINT('',(-140.,78.,6.));
#211 = VECTOR('',#212,1.);
#212 = DIRECTION('',(0.,0.,-1.));
#213 = ORIENTED_EDGE('',*,*,#214,.F.);
#214 = EDGE_CURVE('',#215,#207,#217,.T.);
#215 = VERTEX_POINT('',#216);
#216 = CARTESIAN_POINT('',(-140.,87.6,17.6));
#217 = LINE('',#218,#219);
#218 = CARTESIAN_POINT('',(-140.,79.75,9.75));
#219 = VECTOR('',#220,1.);
#220 = DIRECTION('',(0.,-0.707106781187,-0.707106781187));
#221 = ORIENTED_EDGE('',*,*,#222,.T.);
#222 = EDGE_CURVE('',#215,#223,#225,.T.);
#223 = VERTEX_POINT('',#224);
#224 = CARTESIAN_POINT('',(-140.,65.,17.6));
#225 = LINE('',#226,#227);
#226 = CARTESIAN_POINT('',(-140.,14.584778301514,17.6));
#227 = VECTOR('',#228,1.);
#228 = DIRECTION('',(0.,-1.,0.));
#229 = ORIENTED_EDGE('',*,*,#230,.F.);
#230 = EDGE_CURVE('',#231,#223,#233,.T.);
#231 = VERTEX_POINT('',#232);
#232 = CARTESIAN_POINT('',(-140.,65.,4.));
#233 = LINE('',#234,#235);
#234 = CARTESIAN_POINT('',(-140.,65.,4.));
#235 = VECTOR('',#236,1.);
#236 = DIRECTION('',(0.,0.,1.));
#237 = ORIENTED_EDGE('',*,*,#238,.F.);
#238 = EDGE_CURVE('',#239,#231,#241,.T.);
#239 = VERTEX_POINT('',#240);
#240 = CARTESIAN_POINT('',(-140.,-65.,4.));
#241 = LINE('',#242,#243);
#242 = CARTESIAN_POINT('',(-140.,-147.5,4.));
#243 = VECTOR('',#244,1.);
#244 = DIRECTION('',(0.,1.,0.));
#245 = ORIENTED_EDGE('',*,*,#246,.T.);
#246 = EDGE_CURVE('',#239,#247,#249,.T.);
#247 = VERTEX_POINT('',#248);
#248 = CARTESIAN_POINT('',(-140.,-65.,24.));
#249 = LINE('',#250,#251);
#250 = CARTESIAN_POINT('',(-140.,-65.,4.));
#251 = VECTOR('',#252,1.);
#252 = DIRECTION('',(0.,0.,1.));
#253 = ORIENTED_EDGE('',*,*,#254,.F.);
#254 = EDGE_CURVE('',#255,#247,#257,.T.);
#255 = VERTEX_POINT('',#256);
#256 = CARTESIAN_POINT('',(-140.,-115.,24.));
#257 = LINE('',#258,#259);
#258 = CARTESIAN_POINT('',(-140.,-115.,24.));
#259 = VECTOR('',#260,1.);
#260 = DIRECTION('',(0.,1.,0.));
#261 = ORIENTED_EDGE('',*,*,#262,.F.);
#262 = EDGE_CURVE('',#263,#255,#265,.T.);
#263 = VERTEX_POINT('',#264);
#264 = CARTESIAN_POINT('',(-140.,-115.,4.));
#265 = LINE('',#266,#267);
#266 = CARTESIAN_POINT('',(-140.,-115.,4.));
#267 = VECTOR('',#268,1.);
#268 = DIRECTION('',(0.,0.,1.));
#269 = ORIENTED_EDGE('',*,*,#270,.F.);
#270 = EDGE_CURVE('',#271,#263,#273,.T.);
#271 = VERTEX_POINT('',#272);
#272 = CARTESIAN_POINT('',(-140.,-139.5,4.));
#273 = LINE('',#274,#275);
#274 = CARTESIAN_POINT('',(-140.,-147.5,4.));
#275 = VECTOR('',#276,1.);
#276 = DIRECTION('',(0.,1.,0.));
#277 = ORIENTED_EDGE('',*,*,#278,.T.);
#278 = EDGE_CURVE('',#271,#279,#281,.T.);
#279 = VERTEX_POINT('',#280);
#280 = CARTESIAN_POINT('',(-140.,-139.5,14.));
#281 = LINE('',#282,#283);
#282 = CARTESIAN_POINT('',(-140.,-139.5,4.));
#283 = VECTOR('',#284,1.);
#284 = DIRECTION('',(0.,0.,1.));
#285 = ORIENTED_EDGE('',*,*,#286,.F.);
#286 = EDGE_CURVE('',#94,#279,#287,.T.);
#287 = LINE('',#288,#289);
#288 = CARTESIAN_POINT('',(-140.,-147.5,14.));
#289 = VECTOR('',#290,1.);
#290 = DIRECTION('',(0.,1.,0.));
#291 = FACE_BOUND('',#292,.T.);
#292 = EDGE_LOOP('',(#293,#303,#311,#319,#327));
#293 = ORIENTED_EDGE('',*,*,#294,.F.);
#294 = EDGE_CURVE('',#295,#297,#299,.T.);
#295 = VERTEX_POINT('',#296);
#296 = CARTESIAN_POINT('',(-140.,-102.,8.));
#297 = VERTEX_POINT('',#298);
#298 = CARTESIAN_POINT('',(-140.,-102.,4.));
#299 = LINE('',#300,#301);
#300 = CARTESIAN_POINT('',(-140.,-102.,6.));
#301 = VECTOR('',#302,1.);
#302 = DIRECTION('',(0.,0.,-1.));
#303 = ORIENTED_EDGE('',*,*,#304,.F.);
#304 = EDGE_CURVE('',#305,#295,#307,.T.);
#305 = VERTEX_POINT('',#306);
#306 = CARTESIAN_POINT('',(-140.,-90.,20.));
#307 = LINE('',#308,#309);
#308 = CARTESIAN_POINT('',(-140.,-100.25,9.75));
#309 = VECTOR('',#310,1.);
#310 = DIRECTION('',(0.,-0.707106781187,-0.707106781187));
#311 = ORIENTED_EDGE('',*,*,#312,.F.);
#312 = EDGE_CURVE('',#313,#305,#315,.T.);
#313 = VERTEX_POINT('',#314);
#314 = CARTESIAN_POINT('',(-140.,-78.,8.));
#315 = LINE('',#316,#317);
#316 = CARTESIAN_POINT('',(-140.,-86.25,16.25));
#317 = VECTOR('',#318,1.);
#318 = DIRECTION('',(0.,-0.707106781187,0.707106781187));
#319 = ORIENTED_EDGE('',*,*,#320,.F.);
#320 = EDGE_CURVE('',#321,#313,#323,.T.);
#321 = VERTEX_POINT('',#322);
#322 = CARTESIAN_POINT('',(-140.,-78.,4.));
#323 = LINE('',#324,#325);
#324 = CARTESIAN_POINT('',(-140.,-78.,4.));
#325 = VECTOR('',#326,1.);
#326 = DIRECTION('',(0.,0.,1.));
#327 = ORIENTED_EDGE('',*,*,#328,.F.);
#328 = EDGE_CURVE('',#297,#321,#329,.T.);
#329 = LINE('',#330,#331);
#330 = CARTESIAN_POINT('',(-140.,-147.5,4.));
#331 = VECTOR('',#332,1.);
#332 = DIRECTION('',(0.,1.,0.));
#333 = PLANE('',#334);
#334 = AXIS2_PLACEMENT_3D('',#335,#336,#337);
#335 = CARTESIAN_POINT('',(-140.,0.,6.735376044568));
#336 = DIRECTION('',(1.,0.,0.));
#337 = DIRECTION('',(0.,0.,1.));
#338 = ADVANCED_FACE('',(#339),#350,.T.);
#339 = FACE_BOUND('',#340,.T.);
#340 = EDGE_LOOP('',(#341,#342,#343,#349));
#341 = ORIENTED_EDGE('',*,*,#47,.F.);
#342 = ORIENTED_EDGE('',*,*,#77,.T.);
#343 = ORIENTED_EDGE('',*,*,#344,.T.);
#344 = EDGE_CURVE('',#70,#119,#345,.T.);
#345 = LINE('',#346,#347);
#346 = CARTESIAN_POINT('',(-340.,147.5,14.));
#347 = VECTOR('',#348,1.);
#348 = DIRECTION('',(1.,0.,0.));
#349 = ORIENTED_EDGE('',*,*,#118,.F.);
#350 = PLANE('',#351);
#351 = AXIS2_PLACEMENT_3D('',#352,#353,#354);
#352 = CARTESIAN_POINT('',(-240.,147.5,7.));
#353 = DIRECTION('',(0.,1.,0.));
#354 = DIRECTION('',(0.,0.,1.));
#355 = ADVANCED_FACE('',(#356),#417,.T.);
#356 = FACE_BOUND('',#357,.T.);
#357 = EDGE_LOOP('',(#358,#359,#360,#361,#369,#377,#385,#393,#401,#409,
    #415,#416));
#358 = ORIENTED_EDGE('',*,*,#69,.F.);
#359 = ORIENTED_EDGE('',*,*,#101,.T.);
#360 = ORIENTED_EDGE('',*,*,#286,.T.);
#361 = ORIENTED_EDGE('',*,*,#362,.F.);
#362 = EDGE_CURVE('',#363,#279,#365,.T.);
#363 = VERTEX_POINT('',#364);
#364 = CARTESIAN_POINT('',(-332.,-139.5,14.));
#365 = LINE('',#366,#367);
#366 = CARTESIAN_POINT('',(-340.,-139.5,14.));
#367 = VECTOR('',#368,1.);
#368 = DIRECTION('',(1.,0.,0.));
#369 = ORIENTED_EDGE('',*,*,#370,.T.);
#370 = EDGE_CURVE('',#363,#371,#373,.T.);
#371 = VERTEX_POINT('',#372);
#372 = CARTESIAN_POINT('',(-332.,139.5,14.));
#373 = LINE('',#374,#375);
#374 = CARTESIAN_POINT('',(-332.,-147.5,14.));
#375 = VECTOR('',#376,1.);
#376 = DIRECTION('',(0.,1.,0.));
#377 = ORIENTED_EDGE('',*,*,#378,.T.);
#378 = EDGE_CURVE('',#371,#379,#381,.T.);
#379 = VERTEX_POINT('',#380);
#380 = CARTESIAN_POINT('',(-227.1466367905,139.5,14.));
#381 = LINE('',#382,#383);
#382 = CARTESIAN_POINT('',(-340.,139.5,14.));
#383 = VECTOR('',#384,1.);
#384 = DIRECTION('',(1.,0.,0.));
#385 = ORIENTED_EDGE('',*,*,#386,.T.);
#386 = EDGE_CURVE('',#379,#387,#389,.T.);
#387 = VERTEX_POINT('',#388);
#388 = CARTESIAN_POINT('',(-224.8665325118,142.025978,14.));
#389 = LINE('',#390,#391);
#390 = CARTESIAN_POINT('',(-272.0860367968,89.714585880807,14.));
#391 = VECTOR('',#392,1.);
#392 = DIRECTION('',(0.67005572795,0.742310798414,0.));
#393 = ORIENTED_EDGE('',*,*,#394,.T.);
#394 = EDGE_CURVE('',#387,#395,#397,.T.);
#395 = VERTEX_POINT('',#396);
#396 = CARTESIAN_POINT('',(-221.7854431692,145.33914648954,14.));
#397 = LINE('',#398,#399);
#398 = CARTESIAN_POINT('',(-271.0290792576,92.386295968888,14.));
#399 = VECTOR('',#400,1.);
#400 = DIRECTION('',(0.680993992769,0.732289001565,0.));
#401 = ORIENTED_EDGE('',*,*,#402,.T.);
#402 = EDGE_CURVE('',#395,#403,#405,.T.);
#403 = VERTEX_POINT('',#404);
#404 = CARTESIAN_POINT('',(-215.5991291729,139.5,14.));
#405 = LINE('',#406,#407);
#406 = CARTESIAN_POINT('',(-181.4332786467,107.25149042228,14.));
#407 = VECTOR('',#408,1.);
#408 = DIRECTION('',(0.727217527524,-0.686407071396,0.));
#409 = ORIENTED_EDGE('',*,*,#410,.T.);
#410 = EDGE_CURVE('',#403,#127,#411,.T.);
#411 = LINE('',#412,#413);
#412 = CARTESIAN_POINT('',(-340.,139.5,14.));
#413 = VECTOR('',#414,1.);
#414 = DIRECTION('',(1.,0.,0.));
#415 = ORIENTED_EDGE('',*,*,#126,.T.);
#416 = ORIENTED_EDGE('',*,*,#344,.F.);
#417 = PLANE('',#418);
#418 = AXIS2_PLACEMENT_3D('',#419,#420,#421);
#419 = CARTESIAN_POINT('',(-277.8689956331,0.,14.));
#420 = DIRECTION('',(0.,0.,1.));
#421 = DIRECTION('',(1.,0.,0.));
#422 = ADVANCED_FACE('',(#423),#441,.T.);
#423 = FACE_BOUND('',#424,.T.);
#424 = EDGE_LOOP('',(#425,#433,#439,#440));
#425 = ORIENTED_EDGE('',*,*,#426,.F.);
#426 = EDGE_CURVE('',#427,#271,#429,.T.);
#427 = VERTEX_POINT('',#428);
#428 = CARTESIAN_POINT('',(-332.,-139.5,4.));
#429 = LINE('',#430,#431);
#430 = CARTESIAN_POINT('',(-340.,-139.5,4.));
#431 = VECTOR('',#432,1.);
#432 = DIRECTION('',(1.,0.,0.));
#433 = ORIENTED_EDGE('',*,*,#434,.F.);
#434 = EDGE_CURVE('',#363,#427,#435,.T.);
#435 = LINE('',#436,#437);
#436 = CARTESIAN_POINT('',(-332.,-139.5,4.));
#437 = VECTOR('',#438,1.);
#438 = DIRECTION('',(0.,0.,-1.));
#439 = ORIENTED_EDGE('',*,*,#362,.T.);
#440 = ORIENTED_EDGE('',*,*,#278,.F.);
#441 = PLANE('',#442);
#442 = AXIS2_PLACEMENT_3D('',#443,#444,#445);
#443 = CARTESIAN_POINT('',(-340.,-139.5,4.));
#444 = DIRECTION('',(0.,1.,0.));
#445 = DIRECTION('',(0.,0.,1.));
#446 = ADVANCED_FACE('',(#447),#1184,.T.);
#447 = FACE_BOUND('',#448,.T.);
#448 = EDGE_LOOP('',(#449,#457,#458,#459,#467,#475,#483,#491,#499,#507,
    #513,#514,#522,#530,#538,#546,#554,#562,#570,#578,#586,#594,#602,
    #610,#618,#626,#634,#642,#650,#658,#666,#674,#682,#690,#698,#706,
    #714,#722,#730,#738,#746,#754,#762,#770,#778,#786,#794,#802,#810,
    #818,#826,#834,#842,#850,#858,#866,#874,#882,#890,#898,#906,#914,
    #922,#930,#938,#946,#954,#962,#970,#978,#986,#994,#1002,#1010,#1018,
    #1026,#1034,#1042,#1050,#1058,#1066,#1074,#1082,#1090,#1098,#1106,
    #1114,#1122,#1130,#1138,#1146,#1154,#1162,#1170,#1178));
#449 = ORIENTED_EDGE('',*,*,#450,.F.);
#450 = EDGE_CURVE('',#427,#451,#453,.T.);
#451 = VERTEX_POINT('',#452);
#452 = CARTESIAN_POINT('',(-332.,139.5,4.));
#453 = LINE('',#454,#455);
#454 = CARTESIAN_POINT('',(-332.,-147.5,4.));
#455 = VECTOR('',#456,1.);
#456 = DIRECTION('',(0.,1.,0.));
#457 = ORIENTED_EDGE('',*,*,#426,.T.);
#458 = ORIENTED_EDGE('',*,*,#270,.T.);
#459 = ORIENTED_EDGE('',*,*,#460,.F.);
#460 = EDGE_CURVE('',#461,#263,#463,.T.);
#461 = VERTEX_POINT('',#462);
#462 = CARTESIAN_POINT('',(-165.,-115.,4.));
#463 = LINE('',#464,#465);
#464 = CARTESIAN_POINT('',(-165.,-115.,4.));
#465 = VECTOR('',#466,1.);
#466 = DIRECTION('',(1.,0.,0.));
#467 = ORIENTED_EDGE('',*,*,#468,.T.);
#468 = EDGE_CURVE('',#461,#469,#471,.T.);
#469 = VERTEX_POINT('',#470);
#470 = CARTESIAN_POINT('',(-165.,-99.23991491602,4.));
#471 = LINE('',#472,#473);
#472 = CARTESIAN_POINT('',(-165.,-115.,4.));
#473 = VECTOR('',#474,1.);
#474 = DIRECTION('',(0.,1.,0.));
#475 = ORIENTED_EDGE('',*,*,#476,.T.);
#476 = EDGE_CURVE('',#469,#477,#479,.T.);
#477 = VERTEX_POINT('',#478);
#478 = CARTESIAN_POINT('',(-327.228250949,-135.9138546252,4.));
#479 = LINE('',#480,#481);
#480 = CARTESIAN_POINT('',(-139.228250949,-93.41385462525,4.));
#481 = VECTOR('',#482,1.);
#482 = DIRECTION('',(-0.975387035788,-0.220499728835,0.));
#483 = ORIENTED_EDGE('',*,*,#484,.F.);
#484 = EDGE_CURVE('',#485,#477,#487,.T.);
#485 = VERTEX_POINT('',#486);
#486 = CARTESIAN_POINT('',(-328.7717490509,-129.0861453747,4.));
#487 = LINE('',#488,#489);
#488 = CARTESIAN_POINT('',(-328.7717490509,-129.0861453747,4.));
#489 = VECTOR('',#490,1.);
#490 = DIRECTION('',(0.220499728835,-0.975387035788,0.));
#491 = ORIENTED_EDGE('',*,*,#492,.F.);
#492 = EDGE_CURVE('',#493,#485,#495,.T.);
#493 = VERTEX_POINT('',#494);
#494 = CARTESIAN_POINT('',(-165.,-92.06327657333,4.));
#495 = LINE('',#496,#497);
#496 = CARTESIAN_POINT('',(-140.7717490509,-86.58614537474,4.));
#497 = VECTOR('',#498,1.);
#498 = DIRECTION('',(-0.975387035788,-0.220499728835,0.));
#499 = ORIENTED_EDGE('',*,*,#500,.T.);
#500 = EDGE_CURVE('',#493,#501,#503,.T.);
#501 = VERTEX_POINT('',#502);
#502 = CARTESIAN_POINT('',(-165.,-65.,4.));
#503 = LINE('',#504,#505);
#504 = CARTESIAN_POINT('',(-165.,-115.,4.));
#505 = VECTOR('',#506,1.);
#506 = DIRECTION('',(0.,1.,0.));
#507 = ORIENTED_EDGE('',*,*,#508,.T.);
#508 = EDGE_CURVE('',#501,#239,#509,.T.);
#509 = LINE('',#510,#511);
#510 = CARTESIAN_POINT('',(-165.,-65.,4.));
#511 = VECTOR('',#512,1.);
#512 = DIRECTION('',(1.,0.,0.));
#513 = ORIENTED_EDGE('',*,*,#238,.T.);
#514 = ORIENTED_EDGE('',*,*,#515,.F.);
#515 = EDGE_CURVE('',#516,#231,#518,.T.);
#516 = VERTEX_POINT('',#517);
#517 = CARTESIAN_POINT('',(-165.,65.,4.));
#518 = LINE('',#519,#520);
#519 = CARTESIAN_POINT('',(-165.,65.,4.));
#520 = VECTOR('',#521,1.);
#521 = DIRECTION('',(1.,0.,0.));
#522 = ORIENTED_EDGE('',*,*,#523,.T.);
#523 = EDGE_CURVE('',#516,#524,#526,.T.);
#524 = VERTEX_POINT('',#525);
#525 = CARTESIAN_POINT('',(-165.,92.063276573336,4.));
#526 = LINE('',#527,#528);
#527 = CARTESIAN_POINT('',(-165.,65.,4.));
#528 = VECTOR('',#529,1.);
#529 = DIRECTION('',(0.,1.,0.));
#530 = ORIENTED_EDGE('',*,*,#531,.T.);
#531 = EDGE_CURVE('',#524,#532,#534,.T.);
#532 = VERTEX_POINT('',#533);
#533 = CARTESIAN_POINT('',(-193.8184865788,98.578094018023,4.));
#534 = LINE('',#535,#536);
#535 = CARTESIAN_POINT('',(-140.7717490509,86.586145374741,4.));
#536 = VECTOR('',#537,1.);
#537 = DIRECTION('',(-0.975387035788,0.220499728835,0.));
#538 = ORIENTED_EDGE('',*,*,#539,.T.);
#539 = EDGE_CURVE('',#532,#540,#542,.T.);
#540 = VERTEX_POINT('',#541);
#541 = CARTESIAN_POINT('',(-193.9446259366,98.429730614289,4.));
#542 = LINE('',#543,#544);
#543 = CARTESIAN_POINT('',(-285.2662526392,-8.981529538411,4.));
#544 = VECTOR('',#545,1.);
#545 = DIRECTION('',(-0.647739236369,-0.761862114603,0.));
#546 = ORIENTED_EDGE('',*,*,#547,.T.);
#547 = EDGE_CURVE('',#540,#548,#550,.T.);
#548 = VERTEX_POINT('',#549);
#549 = CARTESIAN_POINT('',(-196.3328892442,95.534735772948,4.));
#550 = LINE('',#551,#552);
#551 = CARTESIAN_POINT('',(-285.0737253948,-12.03475292421,4.));
#552 = VECTOR('',#553,1.);
#553 = DIRECTION('',(-0.636365921066,-0.771387331051,0.));
#554 = ORIENTED_EDGE('',*,*,#555,.T.);
#555 = EDGE_CURVE('',#548,#556,#558,.T.);
#556 = VERTEX_POINT('',#557);
#557 = CARTESIAN_POINT('',(-198.6779432071,92.604630200017,4.));
#558 = LINE('',#559,#560);
#559 = CARTESIAN_POINT('',(-284.8343016418,-15.04629382055,4.));
#560 = VECTOR('',#561,1.);
#561 = DIRECTION('',(-0.624852553048,-0.780742778993,0.));
#562 = ORIENTED_EDGE('',*,*,#563,.T.);
#563 = EDGE_CURVE('',#556,#564,#566,.T.);
#564 = VERTEX_POINT('',#565);
#565 = CARTESIAN_POINT('',(-200.9792717212,89.640058759137,4.));
#566 = LINE('',#567,#568);
#567 = CARTESIAN_POINT('',(-284.5497474712,-18.01542988291,4.));
#568 = VECTOR('',#569,1.);
#569 = DIRECTION('',(-0.613201666199,-0.789926399465,0.));
#570 = ORIENTED_EDGE('',*,*,#571,.T.);
#571 = EDGE_CURVE('',#564,#572,#574,.T.);
#572 = VERTEX_POINT('',#573);
#573 = CARTESIAN_POINT('',(-203.2363683053,86.641673899265,4.));
#574 = LINE('',#575,#576);
#575 = CARTESIAN_POINT('',(-284.221839919,-20.94149895562,4.));
#576 = VECTOR('',#577,1.);
#577 = DIRECTION('',(-0.60141582467,-0.798936171315,0.));
#578 = ORIENTED_EDGE('',*,*,#579,.T.);
#579 = EDGE_CURVE('',#572,#580,#582,.T.);
#580 = VERTEX_POINT('',#581);
#581 = CARTESIAN_POINT('',(-205.4487362129,83.610135511086,4.));
#582 = LINE('',#583,#584);
#583 = CARTESIAN_POINT('',(-283.8523650659,-23.82389922524,4.));
#584 = VECTOR('',#585,1.);
#585 = DIRECTION('',(-0.589497622315,-0.807770111656,0.));
#586 = ORIENTED_EDGE('',*,*,#587,.T.);
#587 = EDGE_CURVE('',#580,#588,#590,.T.);
#588 = VERTEX_POINT('',#589);
#589 = CARTESIAN_POINT('',(-207.6158885417,80.546110781781,4.));
#590 = LINE('',#591,#592);
#591 = CARTESIAN_POINT('',(-283.4431161358,-26.66208931588,4.));
#592 = VECTOR('',#593,1.);
#593 = DIRECTION('',(-0.577449682115,-0.816426276295,0.));
#594 = ORIENTED_EDGE('',*,*,#595,.T.);
#595 = EDGE_CURVE('',#588,#596,#598,.T.);
#596 = VERTEX_POINT('',#597);
#597 = CARTESIAN_POINT('',(-209.7373483402,77.450274048192,4.));
#598 = LINE('',#599,#600);
#599 = CARTESIAN_POINT('',(-282.9958915942,-29.4555883265,4.));
#600 = VECTOR('',#601,1.);
#601 = DIRECTION('',(-0.565274655605,-0.824902760167,0.));
#602 = ORIENTED_EDGE('',*,*,#603,.T.);
#603 = EDGE_CURVE('',#596,#604,#606,.T.);
#604 = VERTEX_POINT('',#605);
#605 = CARTESIAN_POINT('',(-211.8126487133,74.323306648412,4.));
#606 = LINE('',#607,#608);
#607 = CARTESIAN_POINT('',(-282.5124932481,-32.20397581024,4.));
#608 = VECTOR('',#609,1.);
#609 = DIRECTION('',(-0.55297522229,-0.833197697748,0.));
#610 = ORIENTED_EDGE('',*,*,#611,.T.);
#611 = EDGE_CURVE('',#604,#612,#614,.T.);
#612 = VERTEX_POINT('',#613);
#613 = CARTESIAN_POINT('',(-213.8413329246,71.165896771833,4.));
#614 = LINE('',#615,#616);
#615 = CARTESIAN_POINT('',(-281.9947243505,-34.90689169585,4.));
#616 = VECTOR('',#617,1.);
#617 = DIRECTION('',(-0.540554089056,-0.841309263473,0.));
#618 = ORIENTED_EDGE('',*,*,#619,.T.);
#619 = EDGE_CURVE('',#612,#620,#622,.T.);
#620 = VERTEX_POINT('',#621);
#621 = CARTESIAN_POINT('',(-215.8229544971,67.978739307693,4.));
#622 = LINE('',#623,#624);
#623 = CARTESIAN_POINT('',(-281.4443877096,-37.56403615143,4.));
#624 = VECTOR('',#625,1.);
#625 = DIRECTION('',(-0.528013989569,-0.849235672131,0.));
#626 = ORIENTED_EDGE('',*,*,#627,.T.);
#627 = EDGE_CURVE('',#620,#628,#630,.T.);
#628 = VERTEX_POINT('',#629);
#629 = CARTESIAN_POINT('',(-217.7570773115,64.762535692137,4.));
#630 = LINE('',#631,#632);
#631 = CARTESIAN_POINT('',(-280.8632838052,-40.17516939075,4.));
#632 = VECTOR('',#633,1.);
#633 = DIRECTION('',(-0.515357683682,-0.856975179261,0.));
#634 = ORIENTED_EDGE('',*,*,#635,.T.);
#635 = EDGE_CURVE('',#628,#636,#638,.T.);
#636 = VERTEX_POINT('',#637);
#637 = CARTESIAN_POINT('',(-219.643275702,61.517993753848,4.));
#638 = LINE('',#639,#640);
#639 = CARTESIAN_POINT('',(-280.2532089144,-42.74011142228,4.));
#640 = VECTOR('',#641,1.);
#641 = DIRECTION('',(-0.50258795682,-0.864526081538,0.));
#642 = ORIENTED_EDGE('',*,*,#643,.T.);
#643 = EDGE_CURVE('',#636,#644,#646,.T.);
#644 = VERTEX_POINT('',#645);
#645 = CARTESIAN_POINT('',(-221.4811345503,58.245827558266,4.));
#646 = LINE('',#647,#648);
#647 = CARTESIAN_POINT('',(-279.6159532475,-45.25874174139,4.));
#648 = VECTOR('',#649,1.);
#649 = DIRECTION('',(-0.48970761937,-0.871886717143,0.));
#650 = ORIENTED_EDGE('',*,*,#651,.T.);
#651 = EDGE_CURVE('',#644,#652,#654,.T.);
#652 = VERTEX_POINT('',#653);
#653 = CARTESIAN_POINT('',(-223.2702493766,54.946757250432,4.));
#654 = LINE('',#655,#656);
#655 = CARTESIAN_POINT('',(-278.9532990966,-47.73099896606,4.));
#656 = VECTOR('',#657,1.);
#657 = DIRECTION('',(-0.476719506064,-0.879055466133,0.));
#658 = ORIENTED_EDGE('',*,*,#659,.T.);
#659 = EDGE_CURVE('',#652,#660,#662,.T.);
#660 = VERTEX_POINT('',#661);
#661 = CARTESIAN_POINT('',(-225.0102264289,51.6215088965,4.));
#662 = LINE('',#663,#664);
#663 = CARTESIAN_POINT('',(-278.2670189972,-50.15688041646,4.));
#664 = VECTOR('',#665,1.);
#665 = DIRECTION('',(-0.463626475352,-0.886030750794,0.));
#666 = ORIENTED_EDGE('',*,*,#667,.T.);
#667 = EDGE_CURVE('',#660,#668,#670,.T.);
#668 = VERTEX_POINT('',#669);
#669 = CARTESIAN_POINT('',(-226.7006827695,48.270814323944,4.));
#670 = LINE('',#671,#672);
#671 = CARTESIAN_POINT('',(-277.5588739068,-52.53644163891,4.));
#672 = VECTOR('',#673,1.);
#673 = DIRECTION('',(-0.450431408775,-0.892811035992,0.));
#674 = ORIENTED_EDGE('',*,*,#675,.T.);
#675 = EDGE_CURVE('',#668,#676,#678,.T.);
#676 = VERTEX_POINT('',#677);
#677 = CARTESIAN_POINT('',(-228.3412463591,44.89541096049,4.));
#678 = LINE('',#679,#680);
#679 = CARTESIAN_POINT('',(-276.8306114002,-54.86979587484,4.));
#680 = VECTOR('',#681,1.);
#681 = DIRECTION('',(-0.43713721033,-0.899394829508,0.));
#682 = ORIENTED_EDGE('',*,*,#683,.T.);
#683 = EDGE_CURVE('',#676,#684,#686,.T.);
#684 = VERTEX_POINT('',#685);
#685 = CARTESIAN_POINT('',(-229.9315561394,41.496041671829,4.));
#686 = LINE('',#687,#688);
#687 = CARTESIAN_POINT('',(-276.083963883,-57.15711347515,4.));
#688 = VECTOR('',#689,1.);
#689 = DIRECTION('',(-0.423746805832,-0.905780682366,0.));
#690 = ORIENTED_EDGE('',*,*,#691,.T.);
#691 = EDGE_CURVE('',#684,#692,#694,.T.);
#692 = VERTEX_POINT('',#693);
#693 = CARTESIAN_POINT('',(-231.4712621115,38.073454598121,4.));
#694 = LINE('',#695,#696);
#695 = CARTESIAN_POINT('',(-275.3206468272,-59.39862126071,4.));
#696 = VECTOR('',#697,1.);
#697 = DIRECTION('',(-0.410263142269,-0.911967189155,0.));
#698 = ORIENTED_EDGE('',*,*,#699,.T.);
#699 = EDGE_CURVE('',#692,#700,#702,.T.);
#700 = VERTEX_POINT('',#701);
#701 = CARTESIAN_POINT('',(-232.960025414,34.628402989341,4.));
#702 = LINE('',#703,#704);
#703 = CARTESIAN_POINT('',(-274.542357028,-61.59460182965,4.));
#704 = VECTOR('',#705,1.);
#705 = DIRECTION('',(-0.396689187153,-0.917952988336,0.));
#706 = ORIENTED_EDGE('',*,*,#707,.T.);
#707 = EDGE_CURVE('',#700,#708,#710,.T.);
#708 = VERTEX_POINT('',#709);
#709 = CARTESIAN_POINT('',(-234.3975183966,31.161645039509,4.));
#710 = LINE('',#711,#712);
#711 = CARTESIAN_POINT('',(-273.7507708841,-63.74539281216,4.));
#712 = VECTOR('',#713,1.);
#713 = DIRECTION('',(-0.383027927868,-0.923736762543,0.));
#714 = ORIENTED_EDGE('',*,*,#715,.T.);
#715 = EDGE_CURVE('',#708,#716,#718,.T.);
#716 = VERTEX_POINT('',#717);
#717 = CARTESIAN_POINT('',(-235.783424693,27.673943719819,4.));
#718 = LINE('',#719,#720);
#719 = CARTESIAN_POINT('',(-272.9475427047,-65.8513860735,4.));
#720 = VECTOR('',#721,1.);
#721 = DIRECTION('',(-0.369282371011,-0.92931723887,0.));
#722 = ORIENTED_EDGE('',*,*,#723,.T.);
#723 = EDGE_CURVE('',#716,#724,#726,.T.);
#724 = VERTEX_POINT('',#725);
#725 = CARTESIAN_POINT('',(-237.1174392901,24.166066610724,4.));
#726 = LINE('',#727,#728);
#727 = CARTESIAN_POINT('',(-272.1343030417,-67.91302686618,4.));
#728 = VECTOR('',#729,1.);
#729 = DIRECTION('',(-0.355455541733,-0.934693189154,0.));
#730 = ORIENTED_EDGE('',*,*,#731,.T.);
#731 = EDGE_CURVE('',#724,#732,#734,.T.);
#732 = VERTEX_POINT('',#733);
#733 = CARTESIAN_POINT('',(-238.3992685952,20.638785733007,4.));
#734 = LINE('',#735,#736);
#735 = CARTESIAN_POINT('',(-271.3126570516,-69.93081293196,4.));
#736 = VECTOR('',#737,1.);
#737 = DIRECTION('',(-0.341550483072,-0.939863430246,0.));
#738 = ORIENTED_EDGE('',*,*,#739,.T.);
#739 = EDGE_CURVE('',#732,#740,#742,.T.);
#740 = VERTEX_POINT('',#741);
#741 = CARTESIAN_POINT('',(-239.6286305008,17.092877377874,4.));
#742 = LINE('',#743,#744);
#743 = CARTESIAN_POINT('',(-270.4841828867,-71.9052935548,4.));
#744 = VECTOR('',#745,1.);
#745 = DIRECTION('',(-0.32757025528,-0.944826824268,0.));
#746 = ORIENTED_EDGE('',*,*,#747,.T.);
#747 = EDGE_CURVE('',#740,#748,#750,.T.);
#748 = VERTEX_POINT('',#749);
#749 = CARTESIAN_POINT('',(-240.8052544462,13.5291219361,4.));
#750 = LINE('',#751,#752);
#751 = CARTESIAN_POINT('',(-269.6504301177,-73.83706856549,4.));
#752 = VECTOR('',#753,1.);
#753 = DIRECTION('',(-0.313517935154,-0.949582278866,0.));
#754 = ORIENTED_EDGE('',*,*,#755,.T.);
#755 = EDGE_CURVE('',#748,#756,#758,.T.);
#756 = VERTEX_POINT('',#757);
#757 = CARTESIAN_POINT('',(-241.9288814778,9.948303726288,4.));
#758 = LINE('',#759,#760);
#759 = CARTESIAN_POINT('',(-268.812918189,-75.72678729913,4.));
#760 = VECTOR('',#761,1.);
#761 = DIRECTION('',(-0.29939661536,-0.95412874745,0.));
#762 = ORIENTED_EDGE('',*,*,#763,.T.);
#763 = EDGE_CURVE('',#756,#764,#766,.T.);
#764 = VERTEX_POINT('',#765);
#765 = CARTESIAN_POINT('',(-242.9992643053,6.351210822246,4.));
#766 = LINE('',#767,#768);
#767 = CARTESIAN_POINT('',(-267.9731349085,-77.57514750633,4.));
#768 = VECTOR('',#769,1.);
#769 = DIRECTION('',(-0.285209403744,-0.958465229425,0.));
#770 = ORIENTED_EDGE('',*,*,#771,.T.);
#771 = EDGE_CURVE('',#764,#772,#774,.T.);
#772 = VERTEX_POINT('',#773);
#773 = CARTESIAN_POINT('',(-244.0161673568,2.738634879554,4.));
#774 = LINE('',#775,#776);
#775 = CARTESIAN_POINT('',(-267.1325349728,-79.38289421941,4.));
#776 = VECTOR('',#777,1.);
#777 = DIRECTION('',(-0.270959422659,-0.962590770407,0.));
#778 = ORIENTED_EDGE('',*,*,#779,.T.);
#779 = EDGE_CURVE('',#772,#780,#782,.T.);
#780 = VERTEX_POINT('',#781);
#781 = CARTESIAN_POINT('',(-244.9793668301,-0.888629038672,4.));
#782 = LINE('',#783,#784);
#783 = CARTESIAN_POINT('',(-266.2925385288,-81.15081857442,4.));
#784 = VECTOR('',#785,1.);
#785 = DIRECTION('',(-0.256649808268,-0.96650446244,0.));
#786 = ORIENTED_EDGE('',*,*,#787,.T.);
#787 = EDGE_CURVE('',#780,#788,#790,.T.);
#788 = VERTEX_POINT('',#789);
#789 = CARTESIAN_POINT('',(-245.8886507423,-4.529782636756,4.));
#790 = LINE('',#791,#792);
#791 = CARTESIAN_POINT('',(-265.4545297741,-82.87975659043,4.));
#792 = VECTOR('',#793,1.);
#793 = DIRECTION('',(-0.242283709862,-0.97020544419,0.));
#794 = ORIENTED_EDGE('',*,*,#795,.T.);
#795 = EDGE_CURVE('',#788,#796,#798,.T.);
#796 = VERTEX_POINT('',#797);
#797 = CARTESIAN_POINT('',(-246.7438189763,-8.184024562152,4.));
#798 = LINE('',#799,#800);
#799 = CARTESIAN_POINT('',(-264.6198555969,-84.57058790708,4.));
#800 = VECTOR('',#801,1.);
#801 = DIRECTION('',(-0.22786428916,-0.973692901138,0.));
#802 = ORIENTED_EDGE('',*,*,#803,.T.);
#803 = EDGE_CURVE('',#796,#804,#806,.T.);
#804 = VERTEX_POINT('',#805);
#805 = CARTESIAN_POINT('',(-247.544683325,-11.8505505818,4.));
#806 = LINE('',#807,#808);
#807 = CARTESIAN_POINT('',(-263.7898242558,-86.22423448172,4.));
#808 = VECTOR('',#809,1.);
#809 = DIRECTION('',(-0.213394719619,-0.976966065756,0.));
#810 = ORIENTED_EDGE('',*,*,#811,.T.);
#811 = EDGE_CURVE('',#804,#812,#814,.T.);
#812 = VERTEX_POINT('',#813);
#813 = CARTESIAN_POINT('',(-248.2910675325,-15.52855375916,4.));
#814 = LINE('',#815,#816);
#815 = CARTESIAN_POINT('',(-262.9657041022,-87.84165924735,4.));
#816 = VECTOR('',#817,1.);
#817 = DIRECTION('',(-0.19887818573,-0.980024217681,0.));
#818 = ORIENTED_EDGE('',*,*,#819,.T.);
#819 = EDGE_CURVE('',#812,#820,#822,.T.);
#820 = VERTEX_POINT('',#821);
#821 = CARTESIAN_POINT('',(-248.982807333,-19.21722463174,4.));
#822 = LINE('',#823,#824);
#823 = CARTESIAN_POINT('',(-262.1487223455,-89.42386473267,4.));
#824 = VECTOR('',#825,1.);
#825 = DIRECTION('',(-0.184317882323,-0.982866683867,0.));
#826 = ORIENTED_EDGE('',*,*,#827,.T.);
#827 = EDGE_CURVE('',#820,#828,#830,.T.);
#828 = VERTEX_POINT('',#829);
#829 = CARTESIAN_POINT('',(-249.619750487,-22.91575138929,4.));
#830 = LINE('',#831,#832);
#831 = CARTESIAN_POINT('',(-261.3400638621,-90.97189164558,4.));
#832 = VECTOR('',#833,1.);
#833 = DIRECTION('',(-0.169717013858,-0.98549283874,0.));
#834 = ORIENTED_EDGE('',*,*,#835,.T.);
#835 = EDGE_CURVE('',#828,#836,#838,.T.);
#836 = VERTEX_POINT('',#837);
#837 = CARTESIAN_POINT('',(-300.9294305686,-14.47082806693,4.));
#838 = LINE('',#839,#840);
#839 = CARTESIAN_POINT('',(-309.2907571869,-13.09465963142,4.));
#840 = VECTOR('',#841,1.);
#841 = DIRECTION('',(-0.986724616954,0.162402371584,0.));
#842 = ORIENTED_EDGE('',*,*,#843,.T.);
#843 = EDGE_CURVE('',#836,#844,#846,.T.);
#844 = VERTEX_POINT('',#845);
#845 = CARTESIAN_POINT('',(-300.1615628808,-10.01206409124,4.));
#846 = LINE('',#847,#848);
#847 = CARTESIAN_POINT('',(-312.2330789664,-80.10752703084,4.));
#848 = VECTOR('',#849,1.);
#849 = DIRECTION('',(0.169717013858,0.98549283874,0.));
#850 = ORIENTED_EDGE('',*,*,#851,.T.);
#851 = EDGE_CURVE('',#844,#852,#854,.T.);
#852 = VERTEX_POINT('',#853);
#853 = CARTESIAN_POINT('',(-299.3276350211,-5.565181891116,4.));
#854 = LINE('',#855,#856);
#855 = CARTESIAN_POINT('',(-312.8749669486,-77.80571026022,4.));
#856 = VECTOR('',#857,1.);
#857 = DIRECTION('',(0.184317882323,0.982866683867,0.));
#858 = ORIENTED_EDGE('',*,*,#859,.T.);
#859 = EDGE_CURVE('',#852,#860,#862,.T.);
#860 = VERTEX_POINT('',#861);
#861 = CARTESIAN_POINT('',(-298.427830522,-1.131160145514,4.));
#862 = LINE('',#863,#864);
#863 = CARTESIAN_POINT('',(-313.5140142684,-75.47227186444,4.));
#864 = VECTOR('',#865,1.);
#865 = DIRECTION('',(0.19887818573,0.980024217681,0.));
#866 = ORIENTED_EDGE('',*,*,#867,.T.);
#867 = EDGE_CURVE('',#860,#868,#870,.T.);
#868 = VERTEX_POINT('',#869);
#869 = CARTESIAN_POINT('',(-297.4623474145,3.289025296973,4.));
#870 = LINE('',#871,#872);
#871 = CARTESIAN_POINT('',(-314.1490752093,-73.10633646848,4.));
#872 = VECTOR('',#873,1.);
#873 = DIRECTION('',(0.213394719619,0.976966065756,0.));
#874 = ORIENTED_EDGE('',*,*,#875,.T.);
#875 = EDGE_CURVE('',#868,#876,#878,.T.);
#876 = VERTEX_POINT('',#877);
#877 = CARTESIAN_POINT('',(-296.4313981839,7.694401632876,4.));
#878 = LINE('',#879,#880);
#879 = CARTESIAN_POINT('',(-314.7789641706,-70.70706627737,4.));
#880 = VECTOR('',#881,1.);
#881 = DIRECTION('',(0.22786428916,0.973692901138,0.));
#882 = ORIENTED_EDGE('',*,*,#883,.T.);
#883 = EDGE_CURVE('',#876,#884,#886,.T.);
#884 = VERTEX_POINT('',#885);
#885 = CARTESIAN_POINT('',(-295.3352097237,12.083999317941,4.));
#886 = LINE('',#887,#888);
#887 = CARTESIAN_POINT('',(-315.4024568486,-68.27366245652,4.));
#888 = VECTOR('',#889,1.);
#889 = DIRECTION('',(0.242283709862,0.97020544419,0.));
#890 = ORIENTED_EDGE('',*,*,#891,.T.);
#891 = EDGE_CURVE('',#884,#892,#894,.T.);
#892 = VERTEX_POINT('',#893);
#893 = CARTESIAN_POINT('',(-294.1740232853,16.456852280515,4.));
#894 = LINE('',#895,#896);
#895 = CARTESIAN_POINT('',(-316.0182914619,-65.80536647543,4.));
#896 = VECTOR('',#897,1.);
#897 = DIRECTION('',(0.256649808268,0.96650446244,0.));
#898 = ORIENTED_EDGE('',*,*,#899,.T.);
#899 = EDGE_CURVE('',#892,#900,#902,.T.);
#900 = VERTEX_POINT('',#901);
#901 = CARTESIAN_POINT('',(-292.948094425,20.811998134155,4.));
#902 = LINE('',#903,#904);
#903 = CARTESIAN_POINT('',(-316.6251700189,-63.30146141389,4.));
#904 = VECTOR('',#905,1.);
#905 = DIRECTION('',(0.270959422659,0.962590770407,0.));
#906 = ORIENTED_EDGE('',*,*,#907,.T.);
#907 = EDGE_CURVE('',#900,#908,#910,.T.);
#908 = VERTEX_POINT('',#909);
#909 = CARTESIAN_POINT('',(-291.6576929477,25.148478389439,4.));
#910 = LINE('',#911,#912);
#911 = CARTESIAN_POINT('',(-317.2217596271,-60.76127322897,4.));
#912 = VECTOR('',#913,1.);
#913 = DIRECTION('',(0.285209403744,0.958465229425,0.));
#914 = ORIENTED_EDGE('',*,*,#915,.T.);
#915 = EDGE_CURVE('',#908,#916,#918,.T.);
#916 = VERTEX_POINT('',#917);
#917 = CARTESIAN_POINT('',(-290.3031028477,29.465338664903,4.));
#918 = LINE('',#919,#920);
#919 = CARTESIAN_POINT('',(-317.8066938418,-58.18417198183,4.));
#920 = VECTOR('',#921,1.);
#921 = DIRECTION('',(0.29939661536,0.95412874745,0.));
#922 = ORIENTED_EDGE('',*,*,#923,.T.);
#923 = EDGE_CURVE('',#916,#924,#926,.T.);
#924 = VERTEX_POINT('',#925);
#925 = CARTESIAN_POINT('',(-288.8846222458,33.761628897092,4.));
#926 = LINE('',#927,#928);
#927 = CARTESIAN_POINT('',(-318.3785740541,-55.56957302299,4.));
#928 = VECTOR('',#929,1.);
#929 = DIRECTION('',(0.313517935154,0.949582278866,0.));
#930 = ORIENTED_EDGE('',*,*,#931,.T.);
#931 = EDGE_CURVE('',#924,#932,#934,.T.);
#932 = VERTEX_POINT('',#933);
#933 = CARTESIAN_POINT('',(-287.4025633243,38.036403549647,4.));
#934 = LINE('',#935,#936);
#935 = CARTESIAN_POINT('',(-318.935970917,-52.91693813495,4.));
#936 = VECTOR('',#937,1.);
#937 = DIRECTION('',(0.32757025528,0.944826824268,0.));
#938 = ORIENTED_EDGE('',*,*,#939,.T.);
#939 = EDGE_CURVE('',#932,#940,#942,.T.);
#940 = VERTEX_POINT('',#941);
#941 = CARTESIAN_POINT('',(-285.8572522577,42.288721821402,4.));
#942 = LINE('',#943,#944);
#943 = CARTESIAN_POINT('',(-319.477425807,-50.22577663094,4.));
#944 = VECTOR('',#945,1.);
#945 = DIRECTION('',(0.341550483072,0.939863430246,0.));
#946 = ORIENTED_EDGE('',*,*,#947,.T.);
#947 = EDGE_CURVE('',#940,#948,#950,.T.);
#948 = VERTEX_POINT('',#949);
#949 = CARTESIAN_POINT('',(-284.2490291411,46.517647853437,4.));
#950 = LINE('',#951,#952);
#951 = CARTESIAN_POINT('',(-320.0014523211,-47.49564640875,4.));
#952 = VECTOR('',#953,1.);
#953 = DIRECTION('',(0.355455541733,0.934693189154,0.));
#954 = ORIENTED_EDGE('',*,*,#955,.T.);
#955 = EDGE_CURVE('',#948,#956,#958,.T.);
#956 = VERTEX_POINT('',#957);
#957 = CARTESIAN_POINT('',(-282.5782479157,50.722250935045,4.));
#958 = LINE('',#959,#960);
#959 = CARTESIAN_POINT('',(-320.5065378079,-44.7261549586,4.));
#960 = VECTOR('',#961,1.);
#961 = DIRECTION('',(0.369282371011,0.92931723887,0.));
#962 = ORIENTED_EDGE('',*,*,#963,.T.);
#963 = EDGE_CURVE('',#956,#964,#966,.T.);
#964 = VERTEX_POINT('',#965);
#965 = CARTESIAN_POINT('',(-280.8452762905,54.901605708563,4.));
#966 = LINE('',#967,#968);
#967 = CARTESIAN_POINT('',(-320.99114493,-41.91696032394,4.));
#968 = VECTOR('',#969,1.);
#969 = DIRECTION('',(0.383027927868,0.923736762543,0.));
#970 = ORIENTED_EDGE('',*,*,#971,.T.);
#971 = EDGE_CURVE('',#964,#972,#974,.T.);
#972 = VERTEX_POINT('',#973);
#973 = CARTESIAN_POINT('',(-279.0504956612,59.054792373027,4.));
#974 = LINE('',#975,#976);
#975 = CARTESIAN_POINT('',(-321.4537132582,-39.06777201428,4.));
#976 = VECTOR('',#977,1.);
#977 = DIRECTION('',(0.396689187153,0.917952988336,0.));
#978 = ORIENTED_EDGE('',*,*,#979,.T.);
#979 = EDGE_CURVE('',#972,#980,#982,.T.);
#980 = VERTEX_POINT('',#981);
#981 = CARTESIAN_POINT('',(-277.194301027,63.180896886606,4.));
#982 = LINE('',#983,#984);
#983 = CARTESIAN_POINT('',(-321.8926608943,-36.17835186905,4.));
#984 = VECTOR('',#985,1.);
#985 = DIRECTION('',(0.410263142269,0.911967189155,0.));
#986 = ORIENTED_EDGE('',*,*,#987,.T.);
#987 = EDGE_CURVE('',#980,#988,#990,.T.);
#988 = VERTEX_POINT('',#989);
#989 = CARTESIAN_POINT('',(-275.277100903,67.279011167761,4.));
#990 = LINE('',#991,#992);
#991 = CARTESIAN_POINT('',(-322.3063861227,-33.24851487167,4.));
#992 = VECTOR('',#993,1.);
#993 = DIRECTION('',(0.423746805832,0.905780682366,0.));
#994 = ORIENTED_EDGE('',*,*,#995,.T.);
#995 = EDGE_CURVE('',#988,#996,#998,.T.);
#996 = VERTEX_POINT('',#997);
#997 = CARTESIAN_POINT('',(-273.2993172304,71.348233295104,4.));
#998 = LINE('',#999,#1000);
#999 = CARTESIAN_POINT('',(-322.693269087,-30.27812991293,4.));
#1000 = VECTOR('',#1001,1.);
#1001 = DIRECTION('',(0.43713721033,0.899394829508,0.));
#1002 = ORIENTED_EDGE('',*,*,#1003,.T.);
#1003 = EDGE_CURVE('',#996,#1004,#1006,.T.);
#1004 = VERTEX_POINT('',#1005);
#1005 = CARTESIAN_POINT('',(-271.2613852841,75.387667705889,4.));
#1006 = LINE('',#1007,#1008);
#1007 = CARTESIAN_POINT('',(-323.0516734932,-27.2671205028,4.));
#1008 = VECTOR('',#1009,1.);
#1009 = DIRECTION('',(0.450431408775,0.892811035992,0.));
#1010 = ORIENTED_EDGE('',*,*,#1011,.T.);
#1011 = EDGE_CURVE('',#1004,#1012,#1014,.T.);
#1012 = VERTEX_POINT('',#1013);
#1013 = CARTESIAN_POINT('',(-269.1637535762,79.396425393114,4.));
#1014 = LINE('',#1015,#1016);
#1015 = CARTESIAN_POINT('',(-323.3799483345,-24.21546543013,4.));
#1016 = VECTOR('',#1017,1.);
#1017 = DIRECTION('',(0.463626475352,0.886030750794,0.));
#1018 = ORIENTED_EDGE('',*,*,#1019,.T.);
#1019 = EDGE_CURVE('',#1012,#1020,#1022,.T.);
#1020 = VERTEX_POINT('',#1021);
#1021 = CARTESIAN_POINT('',(-267.0068837577,83.373624101171,4.));
#1022 = LINE('',#1023,#1024);
#1023 = CARTESIAN_POINT('',(-323.6764296389,-21.1231993693,4.));
#1024 = VECTOR('',#1025,1.);
#1025 = DIRECTION('',(0.476719506064,0.879055466133,0.));
#1026 = ORIENTED_EDGE('',*,*,#1027,.T.);
#1027 = EDGE_CURVE('',#1020,#1028,#1030,.T.);
#1028 = VERTEX_POINT('',#1029);
#1029 = CARTESIAN_POINT('',(-264.7912505172,87.318388520017,4.));
#1030 = LINE('',#1031,#1032);
#1031 = CARTESIAN_POINT('',(-323.9394422366,-17.99041343325,4.));
#1032 = VECTOR('',#1033,1.);
#1033 = DIRECTION('',(0.48970761937,0.871886717143,0.));
#1034 = ORIENTED_EDGE('',*,*,#1035,.T.);
#1035 = EDGE_CURVE('',#1028,#1036,#1038,.T.);
#1036 = VERTEX_POINT('',#1037);
#1037 = CARTESIAN_POINT('',(-262.5173414755,91.229850477816,4.));
#1038 = LINE('',#1039,#1040);
#1039 = CARTESIAN_POINT('',(-324.1673015459,-14.81725567233,4.));
#1040 = VECTOR('',#1041,1.);
#1041 = DIRECTION('',(0.50258795682,0.864526081538,0.));
#1042 = ORIENTED_EDGE('',*,*,#1043,.T.);
#1043 = EDGE_CURVE('',#1036,#1044,#1046,.T.);
#1044 = VERTEX_POINT('',#1045);
#1045 = CARTESIAN_POINT('',(-260.1856570794,95.107149132004,4.));
#1046 = LINE('',#1047,#1048);
#1047 = CARTESIAN_POINT('',(-324.3583153757,-11.60393151832,4.));
#1048 = VECTOR('',#1049,1.);
#1049 = DIRECTION('',(0.515357683682,0.856975179261,0.));
#1050 = ORIENTED_EDGE('',*,*,#1051,.T.);
#1051 = EDGE_CURVE('',#1044,#1052,#1054,.T.);
#1052 = VERTEX_POINT('',#1053);
#1053 = CARTESIAN_POINT('',(-257.7967104906,98.949431158747,4.));
#1054 = LINE('',#1055,#1056);
#1055 = CARTESIAN_POINT('',(-324.5107857434,-8.350704173103,4.));
#1056 = VECTOR('',#1057,1.);
#1057 = DIRECTION('',(0.528013989569,0.849235672131,0.));
#1058 = ORIENTED_EDGE('',*,*,#1059,.T.);
#1059 = EDGE_CURVE('',#1052,#1060,#1062,.T.);
#1060 = VERTEX_POINT('',#1061);
#1061 = CARTESIAN_POINT('',(-255.3510274735,102.75585094074,4.));
#1062 = LINE('',#1063,#1064);
#1063 = CARTESIAN_POINT('',(-324.6230107065,-5.057894941584,4.));
#1064 = VECTOR('',#1065,1.);
#1065 = DIRECTION('',(0.540554089056,0.841309263473,0.));
#1066 = ORIENTED_EDGE('',*,*,#1067,.T.);
#1067 = EDGE_CURVE('',#1060,#1068,#1070,.T.);
#1068 = VERTEX_POINT('',#1069);
#1069 = CARTESIAN_POINT('',(-252.8491462789,106.52557075332,4.));
#1070 = LINE('',#1071,#1072);
#1071 = CARTESIAN_POINT('',(-324.6932862056,-1.72588350842,4.));
#1072 = VECTOR('',#1073,1.);
#1073 = DIRECTION('',(0.55297522229,0.833197697748,0.));
#1074 = ORIENTED_EDGE('',*,*,#1075,.T.);
#1075 = EDGE_CURVE('',#1068,#1076,#1078,.T.);
#1076 = VERTEX_POINT('',#1077);
#1077 = CARTESIAN_POINT('',(-250.2916175261,110.25776094883,4.));
#1078 = LINE('',#1079,#1080);
#1079 = CARTESIAN_POINT('',(-324.7199079179,1.644891841865,4.));
#1080 = VECTOR('',#1081,1.);
#1081 = DIRECTION('',(0.565274655605,0.824902760167,0.));
#1082 = ORIENTED_EDGE('',*,*,#1083,.T.);
#1083 = EDGE_CURVE('',#1076,#1084,#1086,.T.);
#1084 = VERTEX_POINT('',#1085);
#1085 = CARTESIAN_POINT('',(-249.6288592704,111.19480061054,4.));
#1086 = LINE('',#1087,#1088);
#1087 = CARTESIAN_POINT('',(-324.7011731187,5.053934061618,4.));
#1088 = VECTOR('',#1089,1.);
#1089 = DIRECTION('',(0.577449682115,0.816426276295,0.));
#1090 = ORIENTED_EDGE('',*,*,#1091,.T.);
#1091 = EDGE_CURVE('',#1084,#1092,#1094,.T.);
#1092 = VERTEX_POINT('',#1093);
#1093 = CARTESIAN_POINT('',(-328.7717490509,129.08614537474,4.));
#1094 = LINE('',#1095,#1096);
#1095 = CARTESIAN_POINT('',(-140.7717490509,86.586145374741,4.));
#1096 = VECTOR('',#1097,1.);
#1097 = DIRECTION('',(-0.975387035788,0.220499728835,0.));
#1098 = ORIENTED_EDGE('',*,*,#1099,.F.);
#1099 = EDGE_CURVE('',#1100,#1092,#1102,.T.);
#1100 = VERTEX_POINT('',#1101);
#1101 = CARTESIAN_POINT('',(-327.228250949,135.91385462525,4.));
#1102 = LINE('',#1103,#1104);
#1103 = CARTESIAN_POINT('',(-327.228250949,135.91385462525,4.));
#1104 = VECTOR('',#1105,1.);
#1105 = DIRECTION('',(-0.220499728835,-0.975387035788,0.));
#1106 = ORIENTED_EDGE('',*,*,#1107,.F.);
#1107 = EDGE_CURVE('',#1108,#1100,#1110,.T.);
#1108 = VERTEX_POINT('',#1109);
#1109 = CARTESIAN_POINT('',(-245.1863860768,117.36715644936,4.));
#1110 = LINE('',#1111,#1112);
#1111 = CARTESIAN_POINT('',(-139.228250949,93.413854625259,4.));
#1112 = VECTOR('',#1113,1.);
#1113 = DIRECTION('',(-0.975387035788,0.220499728835,0.));
#1114 = ORIENTED_EDGE('',*,*,#1115,.T.);
#1115 = EDGE_CURVE('',#1108,#1116,#1118,.T.);
#1116 = VERTEX_POINT('',#1117);
#1117 = CARTESIAN_POINT('',(-245.0118809334,117.60627537672,4.));
#1118 = LINE('',#1119,#1120);
#1119 = CARTESIAN_POINT('',(-324.6353825502,8.500687233964,4.));
#1120 = VECTOR('',#1121,1.);
#1121 = DIRECTION('',(0.589497622315,0.807770111656,0.));
#1122 = ORIENTED_EDGE('',*,*,#1123,.T.);
#1123 = EDGE_CURVE('',#1116,#1124,#1126,.T.);
#1124 = VERTEX_POINT('',#1125);
#1125 = CARTESIAN_POINT('',(-242.2908350688,121.22098233298,4.));
#1126 = LINE('',#1127,#1128);
#1127 = CARTESIAN_POINT('',(-324.5208422947,11.984536524058,4.));
#1128 = VECTOR('',#1129,1.);
#1129 = DIRECTION('',(0.60141582467,0.798936171315,0.));
#1130 = ORIENTED_EDGE('',*,*,#1131,.T.);
#1131 = EDGE_CURVE('',#1124,#1132,#1134,.T.);
#1132 = VERTEX_POINT('',#1133);
#1133 = CARTESIAN_POINT('',(-239.5164653407,124.79492547588,4.));
#1134 = LINE('',#1135,#1136);
#1135 = CARTESIAN_POINT('',(-324.3558656513,15.504808187884,4.));
#1136 = VECTOR('',#1137,1.);
#1137 = DIRECTION('',(0.613201666199,0.789926399465,0.));
#1138 = ORIENTED_EDGE('',*,*,#1139,.T.);
#1139 = EDGE_CURVE('',#1132,#1140,#1142,.T.);
#1140 = VERTEX_POINT('',#1141);
#1141 = CARTESIAN_POINT('',(-236.689382338,128.32731824467,4.));
#1142 = LINE('',#1143,#1144);
#1143 = CARTESIAN_POINT('',(-324.1387750141,19.060769638672,4.));
#1144 = VECTOR('',#1145,1.);
#1145 = DIRECTION('',(0.624852553048,0.780742778993,0.));
#1146 = ORIENTED_EDGE('',*,*,#1147,.T.);
#1147 = EDGE_CURVE('',#1140,#1148,#1150,.T.);
#1148 = VERTEX_POINT('',#1149);
#1149 = CARTESIAN_POINT('',(-233.810208251,131.81738322312,4.));
#1150 = LINE('',#1151,#1152);
#1151 = CARTESIAN_POINT('',(-323.8679037503,22.651629571012,4.));
#1152 = VECTOR('',#1153,1.);
#1153 = DIRECTION('',(0.636365921066,0.771387331051,0.));
#1154 = ORIENTED_EDGE('',*,*,#1155,.T.);
#1155 = EDGE_CURVE('',#1148,#1156,#1158,.T.);
#1156 = VERTEX_POINT('',#1157);
#1157 = CARTESIAN_POINT('',(-230.8795767342,135.26435231057,4.));
#1158 = LINE('',#1159,#1160);
#1159 = CARTESIAN_POINT('',(-323.5415980757,26.276538142675,4.));
#1160 = VECTOR('',#1161,1.);
#1161 = DIRECTION('',(0.647739236369,0.761862114603,0.));
#1162 = ORIENTED_EDGE('',*,*,#1163,.T.);
#1163 = EDGE_CURVE('',#1156,#1164,#1166,.T.);
#1164 = VERTEX_POINT('',#1165);
#1165 = CARTESIAN_POINT('',(-227.8981327671,138.66746689101,4.));
#1166 = LINE('',#1167,#1168);
#1167 = CARTESIAN_POINT('',(-323.1582189275,29.934587214061,4.));
#1168 = VECTOR('',#1169,1.);
#1169 = DIRECTION('',(0.658969995893,0.752169225981,0.));
#1170 = ORIENTED_EDGE('',*,*,#1171,.T.);
#1171 = EDGE_CURVE('',#1164,#1172,#1174,.T.);
#1172 = VERTEX_POINT('',#1173);
#1173 = CARTESIAN_POINT('',(-227.1466367905,139.5,4.));
#1174 = LINE('',#1175,#1176);
#1175 = CARTESIAN_POINT('',(-322.7161438306,33.62481064523,4.));
#1176 = VECTOR('',#1177,1.);
#1177 = DIRECTION('',(0.67005572795,0.742310798414,0.));
#1178 = ORIENTED_EDGE('',*,*,#1179,.F.);
#1179 = EDGE_CURVE('',#451,#1172,#1180,.T.);
#1180 = LINE('',#1181,#1182);
#1181 = CARTESIAN_POINT('',(-340.,139.5,4.));
#1182 = VECTOR('',#1183,1.);
#1183 = DIRECTION('',(1.,0.,0.));
#1184 = PLANE('',#1185);
#1185 = AXIS2_PLACEMENT_3D('',#1186,#1187,#1188);
#1186 = CARTESIAN_POINT('',(-340.,-147.5,4.));
#1187 = DIRECTION('',(0.,0.,1.));
#1188 = DIRECTION('',(1.,0.,0.));
#1189 = ADVANCED_FACE('',(#1190),#1208,.F.);
#1190 = FACE_BOUND('',#1191,.F.);
#1191 = EDGE_LOOP('',(#1192,#1193,#1201,#1207));
#1192 = ORIENTED_EDGE('',*,*,#460,.F.);
#1193 = ORIENTED_EDGE('',*,*,#1194,.T.);
#1194 = EDGE_CURVE('',#461,#1195,#1197,.T.);
#1195 = VERTEX_POINT('',#1196);
#1196 = CARTESIAN_POINT('',(-165.,-115.,24.));
#1197 = LINE('',#1198,#1199);
#1198 = CARTESIAN_POINT('',(-165.,-115.,4.));
#1199 = VECTOR('',#1200,1.);
#1200 = DIRECTION('',(0.,0.,1.));
#1201 = ORIENTED_EDGE('',*,*,#1202,.T.);
#1202 = EDGE_CURVE('',#1195,#255,#1203,.T.);
#1203 = LINE('',#1204,#1205);
#1204 = CARTESIAN_POINT('',(-165.,-115.,24.));
#1205 = VECTOR('',#1206,1.);
#1206 = DIRECTION('',(1.,0.,0.));
#1207 = ORIENTED_EDGE('',*,*,#262,.F.);
#1208 = PLANE('',#1209);
#1209 = AXIS2_PLACEMENT_3D('',#1210,#1211,#1212);
#1210 = CARTESIAN_POINT('',(-165.,-115.,4.));
#1211 = DIRECTION('',(0.,1.,0.));
#1212 = DIRECTION('',(0.,0.,1.));
#1213 = ADVANCED_FACE('',(#1214),#1232,.T.);
#1214 = FACE_BOUND('',#1215,.T.);
#1215 = EDGE_LOOP('',(#1216,#1224,#1225,#1226));
#1216 = ORIENTED_EDGE('',*,*,#1217,.F.);
#1217 = EDGE_CURVE('',#1195,#1218,#1220,.T.);
#1218 = VERTEX_POINT('',#1219);
#1219 = CARTESIAN_POINT('',(-165.,-65.,24.));
#1220 = LINE('',#1221,#1222);
#1221 = CARTESIAN_POINT('',(-165.,-115.,24.));
#1222 = VECTOR('',#1223,1.);
#1223 = DIRECTION('',(0.,1.,0.));
#1224 = ORIENTED_EDGE('',*,*,#1202,.T.);
#1225 = ORIENTED_EDGE('',*,*,#254,.T.);
#1226 = ORIENTED_EDGE('',*,*,#1227,.F.);
#1227 = EDGE_CURVE('',#1218,#247,#1228,.T.);
#1228 = LINE('',#1229,#1230);
#1229 = CARTESIAN_POINT('',(-165.,-65.,24.));
#1230 = VECTOR('',#1231,1.);
#1231 = DIRECTION('',(1.,0.,0.));
#1232 = PLANE('',#1233);
#1233 = AXIS2_PLACEMENT_3D('',#1234,#1235,#1236);
#1234 = CARTESIAN_POINT('',(-165.,-115.,24.));
#1235 = DIRECTION('',(0.,0.,1.));
#1236 = DIRECTION('',(1.,0.,0.));
#1237 = ADVANCED_FACE('',(#1238),#1249,.T.);
#1238 = FACE_BOUND('',#1239,.T.);
#1239 = EDGE_LOOP('',(#1240,#1241,#1247,#1248));
#1240 = ORIENTED_EDGE('',*,*,#508,.F.);
#1241 = ORIENTED_EDGE('',*,*,#1242,.T.);
#1242 = EDGE_CURVE('',#501,#1218,#1243,.T.);
#1243 = LINE('',#1244,#1245);
#1244 = CARTESIAN_POINT('',(-165.,-65.,4.));
#1245 = VECTOR('',#1246,1.);
#1246 = DIRECTION('',(0.,0.,1.));
#1247 = ORIENTED_EDGE('',*,*,#1227,.T.);
#1248 = ORIENTED_EDGE('',*,*,#246,.F.);
#1249 = PLANE('',#1250);
#1250 = AXIS2_PLACEMENT_3D('',#1251,#1252,#1253);
#1251 = CARTESIAN_POINT('',(-165.,-65.,4.));
#1252 = DIRECTION('',(0.,1.,0.));
#1253 = DIRECTION('',(0.,0.,1.));
#1254 = ADVANCED_FACE('',(#1255),#1273,.F.);
#1255 = FACE_BOUND('',#1256,.F.);
#1256 = EDGE_LOOP('',(#1257,#1258,#1266,#1272));
#1257 = ORIENTED_EDGE('',*,*,#515,.F.);
#1258 = ORIENTED_EDGE('',*,*,#1259,.T.);
#1259 = EDGE_CURVE('',#516,#1260,#1262,.T.);
#1260 = VERTEX_POINT('',#1261);
#1261 = CARTESIAN_POINT('',(-165.,65.,17.6));
#1262 = LINE('',#1263,#1264);
#1263 = CARTESIAN_POINT('',(-165.,65.,4.));
#1264 = VECTOR('',#1265,1.);
#1265 = DIRECTION('',(0.,0.,1.));
#1266 = ORIENTED_EDGE('',*,*,#1267,.T.);
#1267 = EDGE_CURVE('',#1260,#223,#1268,.T.);
#1268 = LINE('',#1269,#1270);
#1269 = CARTESIAN_POINT('',(-176.5654177242,65.,17.6));
#1270 = VECTOR('',#1271,1.);
#1271 = DIRECTION('',(1.,0.,0.));
#1272 = ORIENTED_EDGE('',*,*,#230,.F.);
#1273 = PLANE('',#1274);
#1274 = AXIS2_PLACEMENT_3D('',#1275,#1276,#1277);
#1275 = CARTESIAN_POINT('',(-165.,65.,4.));
#1276 = DIRECTION('',(0.,1.,0.));
#1277 = DIRECTION('',(0.,0.,1.));
#1278 = ADVANCED_FACE('',(#1279),#1328,.T.);
#1279 = FACE_BOUND('',#1280,.T.);
#1280 = EDGE_LOOP('',(#1281,#1289,#1297,#1303,#1304,#1305,#1313,#1321,
    #1327));
#1281 = ORIENTED_EDGE('',*,*,#1282,.T.);
#1282 = EDGE_CURVE('',#167,#1283,#1285,.T.);
#1283 = VERTEX_POINT('',#1284);
#1284 = CARTESIAN_POINT('',(-153.7124426956,115.,17.6));
#1285 = LINE('',#1286,#1287);
#1286 = CARTESIAN_POINT('',(-117.2672419443,72.559122605389,17.6));
#1287 = VECTOR('',#1288,1.);
#1288 = DIRECTION('',(-0.651484677469,0.758661792252,0.));
#1289 = ORIENTED_EDGE('',*,*,#1290,.F.);
#1290 = EDGE_CURVE('',#1291,#1283,#1293,.T.);
#1291 = VERTEX_POINT('',#1292);
#1292 = CARTESIAN_POINT('',(-165.,115.,17.6));
#1293 = LINE('',#1294,#1295);
#1294 = CARTESIAN_POINT('',(-176.5654177242,115.,17.6));
#1295 = VECTOR('',#1296,1.);
#1296 = DIRECTION('',(1.,0.,0.));
#1297 = ORIENTED_EDGE('',*,*,#1298,.T.);
#1298 = EDGE_CURVE('',#1291,#1260,#1299,.T.);
#1299 = LINE('',#1300,#1301);
#1300 = CARTESIAN_POINT('',(-165.,47.084778301514,17.6));
#1301 = VECTOR('',#1302,1.);
#1302 = DIRECTION('',(0.,-1.,0.));
#1303 = ORIENTED_EDGE('',*,*,#1267,.T.);
#1304 = ORIENTED_EDGE('',*,*,#222,.F.);
#1305 = ORIENTED_EDGE('',*,*,#1306,.T.);
#1306 = EDGE_CURVE('',#215,#1307,#1309,.T.);
#1307 = VERTEX_POINT('',#1308);
#1308 = CARTESIAN_POINT('',(-130.1832754897,87.6,17.6));
#1309 = LINE('',#1310,#1311);
#1310 = CARTESIAN_POINT('',(-168.0654177242,87.6,17.6));
#1311 = VECTOR('',#1312,1.);
#1312 = DIRECTION('',(1.,-0.,0.));
#1313 = ORIENTED_EDGE('',*,*,#1314,.T.);
#1314 = EDGE_CURVE('',#1307,#1315,#1317,.T.);
#1315 = VERTEX_POINT('',#1316);
#1316 = CARTESIAN_POINT('',(-134.3051733944,92.4,17.6));
#1317 = LINE('',#1318,#1319);
#1318 = CARTESIAN_POINT('',(-117.2672419443,72.559122605389,17.6));
#1319 = VECTOR('',#1320,1.);
#1320 = DIRECTION('',(-0.651484677469,0.758661792252,0.));
#1321 = ORIENTED_EDGE('',*,*,#1322,.T.);
#1322 = EDGE_CURVE('',#1315,#175,#1323,.T.);
#1323 = LINE('',#1324,#1325);
#1324 = CARTESIAN_POINT('',(-168.0654177242,92.4,17.6));
#1325 = VECTOR('',#1326,1.);
#1326 = DIRECTION('',(-1.,-0.,0.));
#1327 = ORIENTED_EDGE('',*,*,#174,.F.);
#1328 = PLANE('',#1329);
#1329 = AXIS2_PLACEMENT_3D('',#1330,#1331,#1332);
#1330 = CARTESIAN_POINT('',(-188.1308354484,29.169556603028,17.6));
#1331 = DIRECTION('',(0.,0.,1.));
#1332 = DIRECTION('',(1.,0.,-0.));
#1333 = ADVANCED_FACE('',(#1334),#1400,.F.);
#1334 = FACE_BOUND('',#1335,.F.);
#1335 = EDGE_LOOP('',(#1336,#1337,#1338,#1346,#1354,#1362,#1370,#1378,
    #1386,#1394));
#1336 = ORIENTED_EDGE('',*,*,#214,.F.);
#1337 = ORIENTED_EDGE('',*,*,#1306,.T.);
#1338 = ORIENTED_EDGE('',*,*,#1339,.T.);
#1339 = EDGE_CURVE('',#1307,#1340,#1342,.T.);
#1340 = VERTEX_POINT('',#1341);
#1341 = CARTESIAN_POINT('',(-132.244224442,90.,20.));
#1342 = LINE('',#1343,#1344);
#1343 = CARTESIAN_POINT('',(-129.2370739829,86.49813689284,
    16.49813689284));
#1344 = VECTOR('',#1345,1.);
#1345 = DIRECTION('',(-0.519021883378,0.60440726525,0.60440726525));
#1346 = ORIENTED_EDGE('',*,*,#1347,.T.);
#1347 = EDGE_CURVE('',#1340,#1348,#1350,.T.);
#1348 = VERTEX_POINT('',#1349);
#1349 = CARTESIAN_POINT('',(-119.3,90.,20.));
#1350 = LINE('',#1351,#1352);
#1351 = CARTESIAN_POINT('',(-148.,90.,20.));
#1352 = VECTOR('',#1353,1.);
#1353 = DIRECTION('',(1.,0.,0.));
#1354 = ORIENTED_EDGE('',*,*,#1355,.T.);
#1355 = EDGE_CURVE('',#1348,#1356,#1358,.T.);
#1356 = VERTEX_POINT('',#1357);
#1357 = CARTESIAN_POINT('',(-119.3,83.7,13.7));
#1358 = LINE('',#1359,#1360);
#1359 = CARTESIAN_POINT('',(-119.3,83.175,13.175));
#1360 = VECTOR('',#1361,1.);
#1361 = DIRECTION('',(0.,-0.707106781187,-0.707106781187));
#1362 = ORIENTED_EDGE('',*,*,#1363,.T.);
#1363 = EDGE_CURVE('',#1356,#1364,#1366,.T.);
#1364 = VERTEX_POINT('',#1365);
#1365 = CARTESIAN_POINT('',(-110.7,83.7,13.7));
#1366 = LINE('',#1367,#1368);
#1367 = CARTESIAN_POINT('',(-133.65,83.7,13.7));
#1368 = VECTOR('',#1369,1.);
#1369 = DIRECTION('',(1.,0.,0.));
#1370 = ORIENTED_EDGE('',*,*,#1371,.F.);
#1371 = EDGE_CURVE('',#1372,#1364,#1374,.T.);
#1372 = VERTEX_POINT('',#1373);
#1373 = CARTESIAN_POINT('',(-110.7,90.,20.));
#1374 = LINE('',#1375,#1376);
#1375 = CARTESIAN_POINT('',(-110.7,83.175,13.175));
#1376 = VECTOR('',#1377,1.);
#1377 = DIRECTION('',(0.,-0.707106781187,-0.707106781187));
#1378 = ORIENTED_EDGE('',*,*,#1379,.T.);
#1379 = EDGE_CURVE('',#1372,#1380,#1382,.T.);
#1380 = VERTEX_POINT('',#1381);
#1381 = CARTESIAN_POINT('',(-90.,90.,20.));
#1382 = LINE('',#1383,#1384);
#1383 = CARTESIAN_POINT('',(-148.,90.,20.));
#1384 = VECTOR('',#1385,1.);
#1385 = DIRECTION('',(1.,0.,0.));
#1386 = ORIENTED_EDGE('',*,*,#1387,.T.);
#1387 = EDGE_CURVE('',#1380,#1388,#1390,.T.);
#1388 = VERTEX_POINT('',#1389);
#1389 = CARTESIAN_POINT('',(-90.,78.,8.));
#1390 = LINE('',#1391,#1392);
#1391 = CARTESIAN_POINT('',(-90.,90.,20.));
#1392 = VECTOR('',#1393,1.);
#1393 = DIRECTION('',(0.,-0.707106781187,-0.707106781187));
#1394 = ORIENTED_EDGE('',*,*,#1395,.F.);
#1395 = EDGE_CURVE('',#207,#1388,#1396,.T.);
#1396 = LINE('',#1397,#1398);
#1397 = CARTESIAN_POINT('',(-148.,78.,8.));
#1398 = VECTOR('',#1399,1.);
#1399 = DIRECTION('',(1.,0.,0.));
#1400 = PLANE('',#1401);
#1401 = AXIS2_PLACEMENT_3D('',#1402,#1403,#1404);
#1402 = CARTESIAN_POINT('',(-148.,90.,20.));
#1403 = DIRECTION('',(0.,0.707106781187,-0.707106781187));
#1404 = DIRECTION('',(0.,-0.707106781187,-0.707106781187));
#1405 = ADVANCED_FACE('',(#1406),#1424,.F.);
#1406 = FACE_BOUND('',#1407,.F.);
#1407 = EDGE_LOOP('',(#1408,#1409,#1410,#1418));
#1408 = ORIENTED_EDGE('',*,*,#206,.F.);
#1409 = ORIENTED_EDGE('',*,*,#1395,.T.);
#1410 = ORIENTED_EDGE('',*,*,#1411,.T.);
#1411 = EDGE_CURVE('',#1388,#1412,#1414,.T.);
#1412 = VERTEX_POINT('',#1413);
#1413 = CARTESIAN_POINT('',(-90.,78.,4.));
#1414 = LINE('',#1415,#1416);
#1415 = CARTESIAN_POINT('',(-90.,78.,8.));
#1416 = VECTOR('',#1417,1.);
#1417 = DIRECTION('',(0.,0.,-1.));
#1418 = ORIENTED_EDGE('',*,*,#1419,.F.);
#1419 = EDGE_CURVE('',#199,#1412,#1420,.T.);
#1420 = LINE('',#1421,#1422);
#1421 = CARTESIAN_POINT('',(-148.,78.,4.));
#1422 = VECTOR('',#1423,1.);
#1423 = DIRECTION('',(1.,0.,0.));
#1424 = PLANE('',#1425);
#1425 = AXIS2_PLACEMENT_3D('',#1426,#1427,#1428);
#1426 = CARTESIAN_POINT('',(-148.,78.,8.));
#1427 = DIRECTION('',(0.,1.,0.));
#1428 = DIRECTION('',(0.,0.,-1.));
#1429 = ADVANCED_FACE('',(#1430,#1448),#1482,.T.);
#1430 = FACE_BOUND('',#1431,.T.);
#1431 = EDGE_LOOP('',(#1432,#1433,#1441,#1447));
#1432 = ORIENTED_EDGE('',*,*,#198,.T.);
#1433 = ORIENTED_EDGE('',*,*,#1434,.T.);
#1434 = EDGE_CURVE('',#191,#1435,#1437,.T.);
#1435 = VERTEX_POINT('',#1436);
#1436 = CARTESIAN_POINT('',(-90.,102.,4.));
#1437 = LINE('',#1438,#1439);
#1438 = CARTESIAN_POINT('',(-148.,102.,4.));
#1439 = VECTOR('',#1440,1.);
#1440 = DIRECTION('',(1.,0.,0.));
#1441 = ORIENTED_EDGE('',*,*,#1442,.F.);
#1442 = EDGE_CURVE('',#1412,#1435,#1443,.T.);
#1443 = LINE('',#1444,#1445);
#1444 = CARTESIAN_POINT('',(-90.,78.,4.));
#1445 = VECTOR('',#1446,1.);
#1446 = DIRECTION('',(0.,1.,0.));
#1447 = ORIENTED_EDGE('',*,*,#1419,.F.);
#1448 = FACE_BOUND('',#1449,.T.);
#1449 = EDGE_LOOP('',(#1450,#1460,#1468,#1476));
#1450 = ORIENTED_EDGE('',*,*,#1451,.F.);
#1451 = EDGE_CURVE('',#1452,#1454,#1456,.T.);
#1452 = VERTEX_POINT('',#1453);
#1453 = CARTESIAN_POINT('',(-119.3,96.3,4.));
#1454 = VERTEX_POINT('',#1455);
#1455 = CARTESIAN_POINT('',(-110.7,96.3,4.));
#1456 = LINE('',#1457,#1458);
#1457 = CARTESIAN_POINT('',(-117.15,96.3,4.));
#1458 = VECTOR('',#1459,1.);
#1459 = DIRECTION('',(1.,0.,0.));
#1460 = ORIENTED_EDGE('',*,*,#1461,.T.);
#1461 = EDGE_CURVE('',#1452,#1462,#1464,.T.);
#1462 = VERTEX_POINT('',#1463);
#1463 = CARTESIAN_POINT('',(-119.3,83.7,4.));
#1464 = LINE('',#1465,#1466);
#1465 = CARTESIAN_POINT('',(-119.3,86.85,4.));
#1466 = VECTOR('',#1467,1.);
#1467 = DIRECTION('',(0.,-1.,0.));
#1468 = ORIENTED_EDGE('',*,*,#1469,.T.);
#1469 = EDGE_CURVE('',#1462,#1470,#1472,.T.);
#1470 = VERTEX_POINT('',#1471);
#1471 = CARTESIAN_POINT('',(-110.7,83.7,4.));
#1472 = LINE('',#1473,#1474);
#1473 = CARTESIAN_POINT('',(-117.15,83.7,4.));
#1474 = VECTOR('',#1475,1.);
#1475 = DIRECTION('',(1.,0.,0.));
#1476 = ORIENTED_EDGE('',*,*,#1477,.F.);
#1477 = EDGE_CURVE('',#1454,#1470,#1478,.T.);
#1478 = LINE('',#1479,#1480);
#1479 = CARTESIAN_POINT('',(-110.7,86.85,4.));
#1480 = VECTOR('',#1481,1.);
#1481 = DIRECTION('',(0.,-1.,0.));
#1482 = PLANE('',#1483);
#1483 = AXIS2_PLACEMENT_3D('',#1484,#1485,#1486);
#1484 = CARTESIAN_POINT('',(-115.,90.,4.));
#1485 = DIRECTION('',(-0.,-0.,-1.));
#1486 = DIRECTION('',(-1.,0.,0.));
#1487 = ADVANCED_FACE('',(#1488),#1506,.F.);
#1488 = FACE_BOUND('',#1489,.F.);
#1489 = EDGE_LOOP('',(#1490,#1491,#1492,#1500));
#1490 = ORIENTED_EDGE('',*,*,#190,.F.);
#1491 = ORIENTED_EDGE('',*,*,#1434,.T.);
#1492 = ORIENTED_EDGE('',*,*,#1493,.T.);
#1493 = EDGE_CURVE('',#1435,#1494,#1496,.T.);
#1494 = VERTEX_POINT('',#1495);
#1495 = CARTESIAN_POINT('',(-90.,102.,8.));
#1496 = LINE('',#1497,#1498);
#1497 = CARTESIAN_POINT('',(-90.,102.,4.));
#1498 = VECTOR('',#1499,1.);
#1499 = DIRECTION('',(0.,0.,1.));
#1500 = ORIENTED_EDGE('',*,*,#1501,.F.);
#1501 = EDGE_CURVE('',#183,#1494,#1502,.T.);
#1502 = LINE('',#1503,#1504);
#1503 = CARTESIAN_POINT('',(-148.,102.,8.));
#1504 = VECTOR('',#1505,1.);
#1505 = DIRECTION('',(1.,0.,0.));
#1506 = PLANE('',#1507);
#1507 = AXIS2_PLACEMENT_3D('',#1508,#1509,#1510);
#1508 = CARTESIAN_POINT('',(-148.,102.,4.));
#1509 = DIRECTION('',(0.,-1.,0.));
#1510 = DIRECTION('',(0.,0.,1.));
#1511 = ADVANCED_FACE('',(#1512),#1553,.F.);
#1512 = FACE_BOUND('',#1513,.F.);
#1513 = EDGE_LOOP('',(#1514,#1515,#1516,#1522,#1523,#1531,#1539,#1545,
    #1546,#1552));
#1514 = ORIENTED_EDGE('',*,*,#182,.F.);
#1515 = ORIENTED_EDGE('',*,*,#1501,.T.);
#1516 = ORIENTED_EDGE('',*,*,#1517,.T.);
#1517 = EDGE_CURVE('',#1494,#1380,#1518,.T.);
#1518 = LINE('',#1519,#1520);
#1519 = CARTESIAN_POINT('',(-90.,102.,8.));
#1520 = VECTOR('',#1521,1.);
#1521 = DIRECTION('',(0.,-0.707106781187,0.707106781187));
#1522 = ORIENTED_EDGE('',*,*,#1379,.F.);
#1523 = ORIENTED_EDGE('',*,*,#1524,.F.);
#1524 = EDGE_CURVE('',#1525,#1372,#1527,.T.);
#1525 = VERTEX_POINT('',#1526);
#1526 = CARTESIAN_POINT('',(-110.7,96.3,13.7));
#1527 = LINE('',#1528,#1529);
#1528 = CARTESIAN_POINT('',(-110.7,99.675,10.325));
#1529 = VECTOR('',#1530,1.);
#1530 = DIRECTION('',(0.,-0.707106781187,0.707106781187));
#1531 = ORIENTED_EDGE('',*,*,#1532,.F.);
#1532 = EDGE_CURVE('',#1533,#1525,#1535,.T.);
#1533 = VERTEX_POINT('',#1534);
#1534 = CARTESIAN_POINT('',(-119.3,96.3,13.7));
#1535 = LINE('',#1536,#1537);
#1536 = CARTESIAN_POINT('',(-133.65,96.3,13.7));
#1537 = VECTOR('',#1538,1.);
#1538 = DIRECTION('',(1.,0.,0.));
#1539 = ORIENTED_EDGE('',*,*,#1540,.T.);
#1540 = EDGE_CURVE('',#1533,#1348,#1541,.T.);
#1541 = LINE('',#1542,#1543);
#1542 = CARTESIAN_POINT('',(-119.3,99.675,10.325));
#1543 = VECTOR('',#1544,1.);
#1544 = DIRECTION('',(0.,-0.707106781187,0.707106781187));
#1545 = ORIENTED_EDGE('',*,*,#1347,.F.);
#1546 = ORIENTED_EDGE('',*,*,#1547,.T.);
#1547 = EDGE_CURVE('',#1340,#1315,#1548,.T.);
#1548 = LINE('',#1549,#1550);
#1549 = CARTESIAN_POINT('',(-133.7543625816,91.758574141779,
    18.241425858221));
#1550 = VECTOR('',#1551,1.);
#1551 = DIRECTION('',(-0.519021883378,0.60440726525,-0.60440726525));
#1552 = ORIENTED_EDGE('',*,*,#1322,.T.);
#1553 = PLANE('',#1554);
#1554 = AXIS2_PLACEMENT_3D('',#1555,#1556,#1557);
#1555 = CARTESIAN_POINT('',(-148.,102.,8.));
#1556 = DIRECTION('',(0.,-0.707106781187,-0.707106781187));
#1557 = DIRECTION('',(0.,-0.707106781187,0.707106781187));
#1558 = ADVANCED_FACE('',(#1559),#1577,.T.);
#1559 = FACE_BOUND('',#1560,.T.);
#1560 = EDGE_LOOP('',(#1561,#1562,#1563,#1571));
#1561 = ORIENTED_EDGE('',*,*,#1282,.F.);
#1562 = ORIENTED_EDGE('',*,*,#166,.F.);
#1563 = ORIENTED_EDGE('',*,*,#1564,.F.);
#1564 = EDGE_CURVE('',#1565,#159,#1567,.T.);
#1565 = VERTEX_POINT('',#1566);
#1566 = CARTESIAN_POINT('',(-153.7124426956,115.,24.));
#1567 = LINE('',#1568,#1569);
#1568 = CARTESIAN_POINT('',(-125.5288308634,82.179842896948,24.));
#1569 = VECTOR('',#1570,1.);
#1570 = DIRECTION('',(0.651484677469,-0.758661792252,0.));
#1571 = ORIENTED_EDGE('',*,*,#1572,.F.);
#1572 = EDGE_CURVE('',#1283,#1565,#1573,.T.);
#1573 = LINE('',#1574,#1575);
#1574 = CARTESIAN_POINT('',(-153.7124426956,115.,10.8));
#1575 = VECTOR('',#1576,1.);
#1576 = DIRECTION('',(0.,-0.,1.));
#1577 = PLANE('',#1578);
#1578 = AXIS2_PLACEMENT_3D('',#1579,#1580,#1581);
#1579 = CARTESIAN_POINT('',(-117.2672419443,72.559122605389,17.6));
#1580 = DIRECTION('',(-0.758661792252,-0.651484677469,0.));
#1581 = DIRECTION('',(-0.651484677469,0.758661792252,0.));
#1582 = ADVANCED_FACE('',(#1583),#1593,.T.);
#1583 = FACE_BOUND('',#1584,.T.);
#1584 = EDGE_LOOP('',(#1585,#1591,#1592));
#1585 = ORIENTED_EDGE('',*,*,#1586,.F.);
#1586 = EDGE_CURVE('',#1565,#151,#1587,.T.);
#1587 = LINE('',#1588,#1589);
#1588 = CARTESIAN_POINT('',(-165.,115.,24.));
#1589 = VECTOR('',#1590,1.);
#1590 = DIRECTION('',(1.,0.,0.));
#1591 = ORIENTED_EDGE('',*,*,#1564,.T.);
#1592 = ORIENTED_EDGE('',*,*,#158,.T.);
#1593 = PLANE('',#1594);
#1594 = AXIS2_PLACEMENT_3D('',#1595,#1596,#1597);
#1595 = CARTESIAN_POINT('',(-165.,65.,24.));
#1596 = DIRECTION('',(0.,0.,1.));
#1597 = DIRECTION('',(1.,0.,0.));
#1598 = ADVANCED_FACE('',(#1599),#1619,.T.);
#1599 = FACE_BOUND('',#1600,.T.);
#1600 = EDGE_LOOP('',(#1601,#1609,#1615,#1616,#1617,#1618));
#1601 = ORIENTED_EDGE('',*,*,#1602,.F.);
#1602 = EDGE_CURVE('',#1603,#143,#1605,.T.);
#1603 = VERTEX_POINT('',#1604);
#1604 = CARTESIAN_POINT('',(-165.,115.,4.));
#1605 = LINE('',#1606,#1607);
#1606 = CARTESIAN_POINT('',(-165.,115.,4.));
#1607 = VECTOR('',#1608,1.);
#1608 = DIRECTION('',(1.,0.,0.));
#1609 = ORIENTED_EDGE('',*,*,#1610,.T.);
#1610 = EDGE_CURVE('',#1603,#1291,#1611,.T.);
#1611 = LINE('',#1612,#1613);
#1612 = CARTESIAN_POINT('',(-165.,115.,4.));
#1613 = VECTOR('',#1614,1.);
#1614 = DIRECTION('',(0.,0.,1.));
#1615 = ORIENTED_EDGE('',*,*,#1290,.T.);
#1616 = ORIENTED_EDGE('',*,*,#1572,.T.);
#1617 = ORIENTED_EDGE('',*,*,#1586,.T.);
#1618 = ORIENTED_EDGE('',*,*,#150,.F.);
#1619 = PLANE('',#1620);
#1620 = AXIS2_PLACEMENT_3D('',#1621,#1622,#1623);
#1621 = CARTESIAN_POINT('',(-165.,115.,4.));
#1622 = DIRECTION('',(0.,1.,0.));
#1623 = DIRECTION('',(0.,0.,1.));
#1624 = ADVANCED_FACE('',(#1625),#1675,.T.);
#1625 = FACE_BOUND('',#1626,.T.);
#1626 = EDGE_LOOP('',(#1627,#1635,#1643,#1651,#1659,#1667,#1673,#1674));
#1627 = ORIENTED_EDGE('',*,*,#1628,.F.);
#1628 = EDGE_CURVE('',#1629,#135,#1631,.T.);
#1629 = VERTEX_POINT('',#1630);
#1630 = CARTESIAN_POINT('',(-215.5991291729,139.5,4.));
#1631 = LINE('',#1632,#1633);
#1632 = CARTESIAN_POINT('',(-340.,139.5,4.));
#1633 = VECTOR('',#1634,1.);
#1634 = DIRECTION('',(1.,0.,0.));
#1635 = ORIENTED_EDGE('',*,*,#1636,.T.);
#1636 = EDGE_CURVE('',#1629,#1637,#1639,.T.);
#1637 = VERTEX_POINT('',#1638);
#1638 = CARTESIAN_POINT('',(-183.970131738,109.64597877695,4.));
#1639 = LINE('',#1640,#1641);
#1640 = CARTESIAN_POINT('',(-161.0485395396,88.010715080584,4.));
#1641 = VECTOR('',#1642,1.);
#1642 = DIRECTION('',(0.727217527524,-0.686407071396,0.));
#1643 = ORIENTED_EDGE('',*,*,#1644,.T.);
#1644 = EDGE_CURVE('',#1637,#1645,#1647,.T.);
#1645 = VERTEX_POINT('',#1646);
#1646 = CARTESIAN_POINT('',(-186.5258829368,106.89771886061,4.));
#1647 = LINE('',#1648,#1649);
#1648 = CARTESIAN_POINT('',(-285.5449983897,0.420114122851,4.));
#1649 = VECTOR('',#1650,1.);
#1650 = DIRECTION('',(-0.680993992769,-0.732289001565,0.));
#1651 = ORIENTED_EDGE('',*,*,#1652,.T.);
#1652 = EDGE_CURVE('',#1645,#1653,#1655,.T.);
#1653 = VERTEX_POINT('',#1654);
#1654 = CARTESIAN_POINT('',(-188.6186815515,104.5792445221,4.));
#1655 = LINE('',#1656,#1657);
#1656 = CARTESIAN_POINT('',(-285.5036193419,-2.753224294314,4.));
#1657 = VECTOR('',#1658,1.);
#1658 = DIRECTION('',(-0.67005572795,-0.742310798414,0.));
#1659 = ORIENTED_EDGE('',*,*,#1660,.F.);
#1660 = EDGE_CURVE('',#1661,#1653,#1663,.T.);
#1661 = VERTEX_POINT('',#1662);
#1662 = CARTESIAN_POINT('',(-165.,99.239914916026,4.));
#1663 = LINE('',#1664,#1665);
#1664 = CARTESIAN_POINT('',(-139.228250949,93.413854625259,4.));
#1665 = VECTOR('',#1666,1.);
#1666 = DIRECTION('',(-0.975387035788,0.220499728835,0.));
#1667 = ORIENTED_EDGE('',*,*,#1668,.T.);
#1668 = EDGE_CURVE('',#1661,#1603,#1669,.T.);
#1669 = LINE('',#1670,#1671);
#1670 = CARTESIAN_POINT('',(-165.,65.,4.));
#1671 = VECTOR('',#1672,1.);
#1672 = DIRECTION('',(0.,1.,0.));
#1673 = ORIENTED_EDGE('',*,*,#1602,.T.);
#1674 = ORIENTED_EDGE('',*,*,#142,.T.);
#1675 = PLANE('',#1676);
#1676 = AXIS2_PLACEMENT_3D('',#1677,#1678,#1679);
#1677 = CARTESIAN_POINT('',(-340.,-147.5,4.));
#1678 = DIRECTION('',(0.,0.,1.));
#1679 = DIRECTION('',(1.,0.,0.));
#1680 = ADVANCED_FACE('',(#1681),#1692,.F.);
#1681 = FACE_BOUND('',#1682,.F.);
#1682 = EDGE_LOOP('',(#1683,#1684,#1690,#1691));
#1683 = ORIENTED_EDGE('',*,*,#1628,.F.);
#1684 = ORIENTED_EDGE('',*,*,#1685,.T.);
#1685 = EDGE_CURVE('',#1629,#403,#1686,.T.);
#1686 = LINE('',#1687,#1688);
#1687 = CARTESIAN_POINT('',(-215.5991291729,139.5,3.9));
#1688 = VECTOR('',#1689,1.);
#1689 = DIRECTION('',(0.,0.,1.));
#1690 = ORIENTED_EDGE('',*,*,#410,.T.);
#1691 = ORIENTED_EDGE('',*,*,#134,.F.);
#1692 = PLANE('',#1693);
#1693 = AXIS2_PLACEMENT_3D('',#1694,#1695,#1696);
#1694 = CARTESIAN_POINT('',(-340.,139.5,4.));
#1695 = DIRECTION('',(0.,1.,0.));
#1696 = DIRECTION('',(0.,0.,1.));
#1697 = ADVANCED_FACE('',(#1698),#1723,.F.);
#1698 = FACE_BOUND('',#1699,.F.);
#1699 = EDGE_LOOP('',(#1700,#1701,#1709,#1717));
#1700 = ORIENTED_EDGE('',*,*,#294,.F.);
#1701 = ORIENTED_EDGE('',*,*,#1702,.T.);
#1702 = EDGE_CURVE('',#295,#1703,#1705,.T.);
#1703 = VERTEX_POINT('',#1704);
#1704 = CARTESIAN_POINT('',(-90.,-102.,8.));
#1705 = LINE('',#1706,#1707);
#1706 = CARTESIAN_POINT('',(-148.,-102.,8.));
#1707 = VECTOR('',#1708,1.);
#1708 = DIRECTION('',(1.,0.,0.));
#1709 = ORIENTED_EDGE('',*,*,#1710,.T.);
#1710 = EDGE_CURVE('',#1703,#1711,#1713,.T.);
#1711 = VERTEX_POINT('',#1712);
#1712 = CARTESIAN_POINT('',(-90.,-102.,4.));
#1713 = LINE('',#1714,#1715);
#1714 = CARTESIAN_POINT('',(-90.,-102.,8.));
#1715 = VECTOR('',#1716,1.);
#1716 = DIRECTION('',(0.,0.,-1.));
#1717 = ORIENTED_EDGE('',*,*,#1718,.F.);
#1718 = EDGE_CURVE('',#297,#1711,#1719,.T.);
#1719 = LINE('',#1720,#1721);
#1720 = CARTESIAN_POINT('',(-148.,-102.,4.));
#1721 = VECTOR('',#1722,1.);
#1722 = DIRECTION('',(1.,0.,0.));
#1723 = PLANE('',#1724);
#1724 = AXIS2_PLACEMENT_3D('',#1725,#1726,#1727);
#1725 = CARTESIAN_POINT('',(-148.,-102.,8.));
#1726 = DIRECTION('',(0.,1.,0.));
#1727 = DIRECTION('',(0.,0.,-1.));
#1728 = ADVANCED_FACE('',(#1729),#1779,.F.);
#1729 = FACE_BOUND('',#1730,.F.);
#1730 = EDGE_LOOP('',(#1731,#1732,#1740,#1748,#1756,#1764,#1772,#1778));
#1731 = ORIENTED_EDGE('',*,*,#304,.F.);
#1732 = ORIENTED_EDGE('',*,*,#1733,.T.);
#1733 = EDGE_CURVE('',#305,#1734,#1736,.T.);
#1734 = VERTEX_POINT('',#1735);
#1735 = CARTESIAN_POINT('',(-119.3,-90.,20.));
#1736 = LINE('',#1737,#1738);
#1737 = CARTESIAN_POINT('',(-148.,-90.,20.));
#1738 = VECTOR('',#1739,1.);
#1739 = DIRECTION('',(1.,0.,0.));
#1740 = ORIENTED_EDGE('',*,*,#1741,.T.);
#1741 = EDGE_CURVE('',#1734,#1742,#1744,.T.);
#1742 = VERTEX_POINT('',#1743);
#1743 = CARTESIAN_POINT('',(-119.3,-96.3,13.7));
#1744 = LINE('',#1745,#1746);
#1745 = CARTESIAN_POINT('',(-119.3,-96.825,13.175));
#1746 = VECTOR('',#1747,1.);
#1747 = DIRECTION('',(0.,-0.707106781187,-0.707106781187));
#1748 = ORIENTED_EDGE('',*,*,#1749,.T.);
#1749 = EDGE_CURVE('',#1742,#1750,#1752,.T.);
#1750 = VERTEX_POINT('',#1751);
#1751 = CARTESIAN_POINT('',(-110.7,-96.3,13.7));
#1752 = LINE('',#1753,#1754);
#1753 = CARTESIAN_POINT('',(-133.65,-96.3,13.7));
#1754 = VECTOR('',#1755,1.);
#1755 = DIRECTION('',(1.,0.,0.));
#1756 = ORIENTED_EDGE('',*,*,#1757,.F.);
#1757 = EDGE_CURVE('',#1758,#1750,#1760,.T.);
#1758 = VERTEX_POINT('',#1759);
#1759 = CARTESIAN_POINT('',(-110.7,-90.,20.));
#1760 = LINE('',#1761,#1762);
#1761 = CARTESIAN_POINT('',(-110.7,-96.825,13.175));
#1762 = VECTOR('',#1763,1.);
#1763 = DIRECTION('',(0.,-0.707106781187,-0.707106781187));
#1764 = ORIENTED_EDGE('',*,*,#1765,.T.);
#1765 = EDGE_CURVE('',#1758,#1766,#1768,.T.);
#1766 = VERTEX_POINT('',#1767);
#1767 = CARTESIAN_POINT('',(-90.,-90.,20.));
#1768 = LINE('',#1769,#1770);
#1769 = CARTESIAN_POINT('',(-148.,-90.,20.));
#1770 = VECTOR('',#1771,1.);
#1771 = DIRECTION('',(1.,0.,0.));
#1772 = ORIENTED_EDGE('',*,*,#1773,.T.);
#1773 = EDGE_CURVE('',#1766,#1703,#1774,.T.);
#1774 = LINE('',#1775,#1776);
#1775 = CARTESIAN_POINT('',(-90.,-90.,20.));
#1776 = VECTOR('',#1777,1.);
#1777 = DIRECTION('',(0.,-0.707106781187,-0.707106781187));
#1778 = ORIENTED_EDGE('',*,*,#1702,.F.);
#1779 = PLANE('',#1780);
#1780 = AXIS2_PLACEMENT_3D('',#1781,#1782,#1783);
#1781 = CARTESIAN_POINT('',(-148.,-90.,20.));
#1782 = DIRECTION('',(0.,0.707106781187,-0.707106781187));
#1783 = DIRECTION('',(0.,-0.707106781187,-0.707106781187));
#1784 = ADVANCED_FACE('',(#1785,#1803),#1837,.T.);
#1785 = FACE_BOUND('',#1786,.T.);
#1786 = EDGE_LOOP('',(#1787,#1788,#1796,#1802));
#1787 = ORIENTED_EDGE('',*,*,#328,.T.);
#1788 = ORIENTED_EDGE('',*,*,#1789,.T.);
#1789 = EDGE_CURVE('',#321,#1790,#1792,.T.);
#1790 = VERTEX_POINT('',#1791);
#1791 = CARTESIAN_POINT('',(-90.,-78.,4.));
#1792 = LINE('',#1793,#1794);
#1793 = CARTESIAN_POINT('',(-148.,-78.,4.));
#1794 = VECTOR('',#1795,1.);
#1795 = DIRECTION('',(1.,0.,0.));
#1796 = ORIENTED_EDGE('',*,*,#1797,.F.);
#1797 = EDGE_CURVE('',#1711,#1790,#1798,.T.);
#1798 = LINE('',#1799,#1800);
#1799 = CARTESIAN_POINT('',(-90.,-102.,4.));
#1800 = VECTOR('',#1801,1.);
#1801 = DIRECTION('',(0.,1.,0.));
#1802 = ORIENTED_EDGE('',*,*,#1718,.F.);
#1803 = FACE_BOUND('',#1804,.T.);
#1804 = EDGE_LOOP('',(#1805,#1815,#1823,#1831));
#1805 = ORIENTED_EDGE('',*,*,#1806,.F.);
#1806 = EDGE_CURVE('',#1807,#1809,#1811,.T.);
#1807 = VERTEX_POINT('',#1808);
#1808 = CARTESIAN_POINT('',(-119.3,-83.7,4.));
#1809 = VERTEX_POINT('',#1810);
#1810 = CARTESIAN_POINT('',(-110.7,-83.7,4.));
#1811 = LINE('',#1812,#1813);
#1812 = CARTESIAN_POINT('',(-117.15,-83.7,4.));
#1813 = VECTOR('',#1814,1.);
#1814 = DIRECTION('',(1.,0.,0.));
#1815 = ORIENTED_EDGE('',*,*,#1816,.T.);
#1816 = EDGE_CURVE('',#1807,#1817,#1819,.T.);
#1817 = VERTEX_POINT('',#1818);
#1818 = CARTESIAN_POINT('',(-119.3,-96.3,4.));
#1819 = LINE('',#1820,#1821);
#1820 = CARTESIAN_POINT('',(-119.3,-93.15,4.));
#1821 = VECTOR('',#1822,1.);
#1822 = DIRECTION('',(0.,-1.,0.));
#1823 = ORIENTED_EDGE('',*,*,#1824,.T.);
#1824 = EDGE_CURVE('',#1817,#1825,#1827,.T.);
#1825 = VERTEX_POINT('',#1826);
#1826 = CARTESIAN_POINT('',(-110.7,-96.3,4.));
#1827 = LINE('',#1828,#1829);
#1828 = CARTESIAN_POINT('',(-117.15,-96.3,4.));
#1829 = VECTOR('',#1830,1.);
#1830 = DIRECTION('',(1.,0.,0.));
#1831 = ORIENTED_EDGE('',*,*,#1832,.F.);
#1832 = EDGE_CURVE('',#1809,#1825,#1833,.T.);
#1833 = LINE('',#1834,#1835);
#1834 = CARTESIAN_POINT('',(-110.7,-93.15,4.));
#1835 = VECTOR('',#1836,1.);
#1836 = DIRECTION('',(0.,-1.,0.));
#1837 = PLANE('',#1838);
#1838 = AXIS2_PLACEMENT_3D('',#1839,#1840,#1841);
#1839 = CARTESIAN_POINT('',(-115.,-90.,4.));
#1840 = DIRECTION('',(-0.,-0.,-1.));
#1841 = DIRECTION('',(-1.,0.,0.));
#1842 = ADVANCED_FACE('',(#1843),#1884,.F.);
#1843 = FACE_BOUND('',#1844,.F.);
#1844 = EDGE_LOOP('',(#1845,#1846,#1854,#1860,#1861,#1869,#1877,#1883));
#1845 = ORIENTED_EDGE('',*,*,#312,.F.);
#1846 = ORIENTED_EDGE('',*,*,#1847,.T.);
#1847 = EDGE_CURVE('',#313,#1848,#1850,.T.);
#1848 = VERTEX_POINT('',#1849);
#1849 = CARTESIAN_POINT('',(-90.,-78.,8.));
#1850 = LINE('',#1851,#1852);
#1851 = CARTESIAN_POINT('',(-148.,-78.,8.));
#1852 = VECTOR('',#1853,1.);
#1853 = DIRECTION('',(1.,0.,0.));
#1854 = ORIENTED_EDGE('',*,*,#1855,.T.);
#1855 = EDGE_CURVE('',#1848,#1766,#1856,.T.);
#1856 = LINE('',#1857,#1858);
#1857 = CARTESIAN_POINT('',(-90.,-78.,8.));
#1858 = VECTOR('',#1859,1.);
#1859 = DIRECTION('',(0.,-0.707106781187,0.707106781187));
#1860 = ORIENTED_EDGE('',*,*,#1765,.F.);
#1861 = ORIENTED_EDGE('',*,*,#1862,.F.);
#1862 = EDGE_CURVE('',#1863,#1758,#1865,.T.);
#1863 = VERTEX_POINT('',#1864);
#1864 = CARTESIAN_POINT('',(-110.7,-83.7,13.7));
#1865 = LINE('',#1866,#1867);
#1866 = CARTESIAN_POINT('',(-110.7,-80.325,10.325));
#1867 = VECTOR('',#1868,1.);
#1868 = DIRECTION('',(0.,-0.707106781187,0.707106781187));
#1869 = ORIENTED_EDGE('',*,*,#1870,.F.);
#1870 = EDGE_CURVE('',#1871,#1863,#1873,.T.);
#1871 = VERTEX_POINT('',#1872);
#1872 = CARTESIAN_POINT('',(-119.3,-83.7,13.7));
#1873 = LINE('',#1874,#1875);
#1874 = CARTESIAN_POINT('',(-133.65,-83.7,13.7));
#1875 = VECTOR('',#1876,1.);
#1876 = DIRECTION('',(1.,0.,0.));
#1877 = ORIENTED_EDGE('',*,*,#1878,.T.);
#1878 = EDGE_CURVE('',#1871,#1734,#1879,.T.);
#1879 = LINE('',#1880,#1881);
#1880 = CARTESIAN_POINT('',(-119.3,-80.325,10.325));
#1881 = VECTOR('',#1882,1.);
#1882 = DIRECTION('',(0.,-0.707106781187,0.707106781187));
#1883 = ORIENTED_EDGE('',*,*,#1733,.F.);
#1884 = PLANE('',#1885);
#1885 = AXIS2_PLACEMENT_3D('',#1886,#1887,#1888);
#1886 = CARTESIAN_POINT('',(-148.,-78.,8.));
#1887 = DIRECTION('',(0.,-0.707106781187,-0.707106781187));
#1888 = DIRECTION('',(0.,-0.707106781187,0.707106781187));
#1889 = ADVANCED_FACE('',(#1890),#1901,.F.);
#1890 = FACE_BOUND('',#1891,.F.);
#1891 = EDGE_LOOP('',(#1892,#1893,#1894,#1900));
#1892 = ORIENTED_EDGE('',*,*,#320,.F.);
#1893 = ORIENTED_EDGE('',*,*,#1789,.T.);
#1894 = ORIENTED_EDGE('',*,*,#1895,.T.);
#1895 = EDGE_CURVE('',#1790,#1848,#1896,.T.);
#1896 = LINE('',#1897,#1898);
#1897 = CARTESIAN_POINT('',(-90.,-78.,4.));
#1898 = VECTOR('',#1899,1.);
#1899 = DIRECTION('',(0.,0.,1.));
#1900 = ORIENTED_EDGE('',*,*,#1847,.F.);
#1901 = PLANE('',#1902);
#1902 = AXIS2_PLACEMENT_3D('',#1903,#1904,#1905);
#1903 = CARTESIAN_POINT('',(-148.,-78.,4.));
#1904 = DIRECTION('',(0.,-1.,0.));
#1905 = DIRECTION('',(0.,0.,1.));
#1906 = ADVANCED_FACE('',(#1907),#1918,.T.);
#1907 = FACE_BOUND('',#1908,.T.);
#1908 = EDGE_LOOP('',(#1909,#1910,#1911,#1917));
#1909 = ORIENTED_EDGE('',*,*,#434,.T.);
#1910 = ORIENTED_EDGE('',*,*,#450,.T.);
#1911 = ORIENTED_EDGE('',*,*,#1912,.F.);
#1912 = EDGE_CURVE('',#371,#451,#1913,.T.);
#1913 = LINE('',#1914,#1915);
#1914 = CARTESIAN_POINT('',(-332.,139.5,4.));
#1915 = VECTOR('',#1916,1.);
#1916 = DIRECTION('',(0.,0.,-1.));
#1917 = ORIENTED_EDGE('',*,*,#370,.F.);
#1918 = PLANE('',#1919);
#1919 = AXIS2_PLACEMENT_3D('',#1920,#1921,#1922);
#1920 = CARTESIAN_POINT('',(-332.,-147.5,4.));
#1921 = DIRECTION('',(1.,0.,0.));
#1922 = DIRECTION('',(0.,0.,1.));
#1923 = ADVANCED_FACE('',(#1924),#1935,.F.);
#1924 = FACE_BOUND('',#1925,.F.);
#1925 = EDGE_LOOP('',(#1926,#1927,#1928,#1929));
#1926 = ORIENTED_EDGE('',*,*,#1179,.F.);
#1927 = ORIENTED_EDGE('',*,*,#1912,.F.);
#1928 = ORIENTED_EDGE('',*,*,#378,.T.);
#1929 = ORIENTED_EDGE('',*,*,#1930,.T.);
#1930 = EDGE_CURVE('',#379,#1172,#1931,.T.);
#1931 = LINE('',#1932,#1933);
#1932 = CARTESIAN_POINT('',(-227.1466367905,139.5,3.9));
#1933 = VECTOR('',#1934,1.);
#1934 = DIRECTION('',(0.,0.,-1.));
#1935 = PLANE('',#1936);
#1936 = AXIS2_PLACEMENT_3D('',#1937,#1938,#1939);
#1937 = CARTESIAN_POINT('',(-340.,139.5,4.));
#1938 = DIRECTION('',(0.,1.,0.));
#1939 = DIRECTION('',(0.,0.,1.));
#1940 = ADVANCED_FACE('',(#1941),#1968,.F.);
#1941 = FACE_BOUND('',#1942,.F.);
#1942 = EDGE_LOOP('',(#1943,#1944,#1952,#1960,#1966,#1967));
#1943 = ORIENTED_EDGE('',*,*,#386,.T.);
#1944 = ORIENTED_EDGE('',*,*,#1945,.T.);
#1945 = EDGE_CURVE('',#387,#1946,#1948,.T.);
#1946 = VERTEX_POINT('',#1947);
#1947 = CARTESIAN_POINT('',(-224.8665325118,142.025978,18.));
#1948 = LINE('',#1949,#1950);
#1949 = CARTESIAN_POINT('',(-224.8665325118,142.025978,3.8));
#1950 = VECTOR('',#1951,1.);
#1951 = DIRECTION('',(0.,0.,1.));
#1952 = ORIENTED_EDGE('',*,*,#1953,.T.);
#1953 = EDGE_CURVE('',#1946,#1954,#1956,.T.);
#1954 = VERTEX_POINT('',#1955);
#1955 = CARTESIAN_POINT('',(-227.8981327671,138.66746689101,18.));
#1956 = LINE('',#1957,#1958);
#1957 = CARTESIAN_POINT('',(-224.8665325118,142.025978,18.));
#1958 = VECTOR('',#1959,1.);
#1959 = DIRECTION('',(-0.67005572795,-0.742310798414,0.));
#1960 = ORIENTED_EDGE('',*,*,#1961,.F.);
#1961 = EDGE_CURVE('',#1164,#1954,#1962,.T.);
#1962 = LINE('',#1963,#1964);
#1963 = CARTESIAN_POINT('',(-227.8981327671,138.66746689101,3.8));
#1964 = VECTOR('',#1965,1.);
#1965 = DIRECTION('',(0.,0.,1.));
#1966 = ORIENTED_EDGE('',*,*,#1171,.T.);
#1967 = ORIENTED_EDGE('',*,*,#1930,.F.);
#1968 = PLANE('',#1969);
#1969 = AXIS2_PLACEMENT_3D('',#1970,#1971,#1972);
#1970 = CARTESIAN_POINT('',(-224.8665325118,142.025978,3.8));
#1971 = DIRECTION('',(0.742310798414,-0.67005572795,0.));
#1972 = DIRECTION('',(-0.67005572795,-0.742310798414,0.));
#1973 = ADVANCED_FACE('',(#1974),#1992,.F.);
#1974 = FACE_BOUND('',#1975,.F.);
#1975 = EDGE_LOOP('',(#1976,#1977,#1985,#1991));
#1976 = ORIENTED_EDGE('',*,*,#394,.T.);
#1977 = ORIENTED_EDGE('',*,*,#1978,.T.);
#1978 = EDGE_CURVE('',#395,#1979,#1981,.T.);
#1979 = VERTEX_POINT('',#1980);
#1980 = CARTESIAN_POINT('',(-221.7854431692,145.33914648954,18.));
#1981 = LINE('',#1982,#1983);
#1982 = CARTESIAN_POINT('',(-221.7854431692,145.33914648954,3.8));
#1983 = VECTOR('',#1984,1.);
#1984 = DIRECTION('',(0.,0.,1.));
#1985 = ORIENTED_EDGE('',*,*,#1986,.T.);
#1986 = EDGE_CURVE('',#1979,#1946,#1987,.T.);
#1987 = LINE('',#1988,#1989);
#1988 = CARTESIAN_POINT('',(-221.7854431692,145.33914648954,18.));
#1989 = VECTOR('',#1990,1.);
#1990 = DIRECTION('',(-0.680993992769,-0.732289001565,0.));
#1991 = ORIENTED_EDGE('',*,*,#1945,.F.);
#1992 = PLANE('',#1993);
#1993 = AXIS2_PLACEMENT_3D('',#1994,#1995,#1996);
#1994 = CARTESIAN_POINT('',(-221.7854431692,145.33914648954,3.8));
#1995 = DIRECTION('',(0.732289001565,-0.680993992769,0.));
#1996 = DIRECTION('',(-0.680993992769,-0.732289001565,0.));
#1997 = ADVANCED_FACE('',(#1998),#2018,.F.);
#1998 = FACE_BOUND('',#1999,.F.);
#1999 = EDGE_LOOP('',(#2000,#2001,#2009,#2015,#2016,#2017));
#2000 = ORIENTED_EDGE('',*,*,#1636,.T.);
#2001 = ORIENTED_EDGE('',*,*,#2002,.T.);
#2002 = EDGE_CURVE('',#1637,#2003,#2005,.T.);
#2003 = VERTEX_POINT('',#2004);
#2004 = CARTESIAN_POINT('',(-183.970131738,109.64597877695,18.));
#2005 = LINE('',#2006,#2007);
#2006 = CARTESIAN_POINT('',(-183.970131738,109.64597877695,3.8));
#2007 = VECTOR('',#2008,1.);
#2008 = DIRECTION('',(0.,0.,1.));
#2009 = ORIENTED_EDGE('',*,*,#2010,.T.);
#2010 = EDGE_CURVE('',#2003,#1979,#2011,.T.);
#2011 = LINE('',#2012,#2013);
#2012 = CARTESIAN_POINT('',(-183.970131738,109.64597877695,18.));
#2013 = VECTOR('',#2014,1.);
#2014 = DIRECTION('',(-0.727217527524,0.686407071396,0.));
#2015 = ORIENTED_EDGE('',*,*,#1978,.F.);
#2016 = ORIENTED_EDGE('',*,*,#402,.T.);
#2017 = ORIENTED_EDGE('',*,*,#1685,.F.);
#2018 = PLANE('',#2019);
#2019 = AXIS2_PLACEMENT_3D('',#2020,#2021,#2022);
#2020 = CARTESIAN_POINT('',(-183.970131738,109.64597877695,3.8));
#2021 = DIRECTION('',(-0.686407071396,-0.727217527524,0.));
#2022 = DIRECTION('',(-0.727217527524,0.686407071396,0.));
#2023 = ADVANCED_FACE('',(#2024),#2053,.F.);
#2024 = FACE_BOUND('',#2025,.F.);
#2025 = EDGE_LOOP('',(#2026,#2027,#2028,#2036,#2044,#2050,#2051,#2052));
#2026 = ORIENTED_EDGE('',*,*,#1194,.F.);
#2027 = ORIENTED_EDGE('',*,*,#468,.T.);
#2028 = ORIENTED_EDGE('',*,*,#2029,.T.);
#2029 = EDGE_CURVE('',#469,#2030,#2032,.T.);
#2030 = VERTEX_POINT('',#2031);
#2031 = CARTESIAN_POINT('',(-165.,-99.23991491602,14.));
#2032 = LINE('',#2033,#2034);
#2033 = CARTESIAN_POINT('',(-165.,-99.23991491602,4.));
#2034 = VECTOR('',#2035,1.);
#2035 = DIRECTION('',(0.,0.,1.));
#2036 = ORIENTED_EDGE('',*,*,#2037,.T.);
#2037 = EDGE_CURVE('',#2030,#2038,#2040,.T.);
#2038 = VERTEX_POINT('',#2039);
#2039 = CARTESIAN_POINT('',(-165.,-92.06327657333,14.));
#2040 = LINE('',#2041,#2042);
#2041 = CARTESIAN_POINT('',(-165.,-100.7930726873,14.));
#2042 = VECTOR('',#2043,1.);
#2043 = DIRECTION('',(0.,1.,0.));
#2044 = ORIENTED_EDGE('',*,*,#2045,.F.);
#2045 = EDGE_CURVE('',#493,#2038,#2046,.T.);
#2046 = LINE('',#2047,#2048);
#2047 = CARTESIAN_POINT('',(-165.,-92.06327657333,4.));
#2048 = VECTOR('',#2049,1.);
#2049 = DIRECTION('',(0.,0.,1.));
#2050 = ORIENTED_EDGE('',*,*,#500,.T.);
#2051 = ORIENTED_EDGE('',*,*,#1242,.T.);
#2052 = ORIENTED_EDGE('',*,*,#1217,.F.);
#2053 = PLANE('',#2054);
#2054 = AXIS2_PLACEMENT_3D('',#2055,#2056,#2057);
#2055 = CARTESIAN_POINT('',(-165.,-115.,4.));
#2056 = DIRECTION('',(1.,0.,0.));
#2057 = DIRECTION('',(0.,0.,1.));
#2058 = ADVANCED_FACE('',(#2059),#2077,.T.);
#2059 = FACE_BOUND('',#2060,.T.);
#2060 = EDGE_LOOP('',(#2061,#2062,#2063,#2071));
#2061 = ORIENTED_EDGE('',*,*,#476,.F.);
#2062 = ORIENTED_EDGE('',*,*,#2029,.T.);
#2063 = ORIENTED_EDGE('',*,*,#2064,.T.);
#2064 = EDGE_CURVE('',#2030,#2065,#2067,.T.);
#2065 = VERTEX_POINT('',#2066);
#2066 = CARTESIAN_POINT('',(-327.228250949,-135.9138546252,14.));
#2067 = LINE('',#2068,#2069);
#2068 = CARTESIAN_POINT('',(-139.228250949,-93.41385462525,14.));
#2069 = VECTOR('',#2070,1.);
#2070 = DIRECTION('',(-0.975387035788,-0.220499728835,0.));
#2071 = ORIENTED_EDGE('',*,*,#2072,.F.);
#2072 = EDGE_CURVE('',#477,#2065,#2073,.T.);
#2073 = LINE('',#2074,#2075);
#2074 = CARTESIAN_POINT('',(-327.228250949,-135.9138546252,4.));
#2075 = VECTOR('',#2076,1.);
#2076 = DIRECTION('',(0.,0.,1.));
#2077 = PLANE('',#2078);
#2078 = AXIS2_PLACEMENT_3D('',#2079,#2080,#2081);
#2079 = CARTESIAN_POINT('',(-139.228250949,-93.41385462525,4.));
#2080 = DIRECTION('',(0.220499728835,-0.975387035788,0.));
#2081 = DIRECTION('',(0.,0.,1.));
#2082 = ADVANCED_FACE('',(#2083),#2101,.T.);
#2083 = FACE_BOUND('',#2084,.T.);
#2084 = EDGE_LOOP('',(#2085,#2093,#2094,#2095));
#2085 = ORIENTED_EDGE('',*,*,#2086,.F.);
#2086 = EDGE_CURVE('',#485,#2087,#2089,.T.);
#2087 = VERTEX_POINT('',#2088);
#2088 = CARTESIAN_POINT('',(-328.7717490509,-129.0861453747,14.));
#2089 = LINE('',#2090,#2091);
#2090 = CARTESIAN_POINT('',(-328.7717490509,-129.0861453747,4.));
#2091 = VECTOR('',#2092,1.);
#2092 = DIRECTION('',(0.,0.,1.));
#2093 = ORIENTED_EDGE('',*,*,#484,.T.);
#2094 = ORIENTED_EDGE('',*,*,#2072,.T.);
#2095 = ORIENTED_EDGE('',*,*,#2096,.F.);
#2096 = EDGE_CURVE('',#2087,#2065,#2097,.T.);
#2097 = LINE('',#2098,#2099);
#2098 = CARTESIAN_POINT('',(-328.7717490509,-129.0861453747,14.));
#2099 = VECTOR('',#2100,1.);
#2100 = DIRECTION('',(0.220499728835,-0.975387035788,0.));
#2101 = PLANE('',#2102);
#2102 = AXIS2_PLACEMENT_3D('',#2103,#2104,#2105);
#2103 = CARTESIAN_POINT('',(-328.7717490509,-129.0861453747,4.));
#2104 = DIRECTION('',(-0.975387035788,-0.220499728835,0.));
#2105 = DIRECTION('',(0.,0.,1.));
#2106 = ADVANCED_FACE('',(#2107),#2118,.F.);
#2107 = FACE_BOUND('',#2108,.F.);
#2108 = EDGE_LOOP('',(#2109,#2110,#2111,#2117));
#2109 = ORIENTED_EDGE('',*,*,#492,.F.);
#2110 = ORIENTED_EDGE('',*,*,#2045,.T.);
#2111 = ORIENTED_EDGE('',*,*,#2112,.T.);
#2112 = EDGE_CURVE('',#2038,#2087,#2113,.T.);
#2113 = LINE('',#2114,#2115);
#2114 = CARTESIAN_POINT('',(-140.7717490509,-86.58614537474,14.));
#2115 = VECTOR('',#2116,1.);
#2116 = DIRECTION('',(-0.975387035788,-0.220499728835,0.));
#2117 = ORIENTED_EDGE('',*,*,#2086,.F.);
#2118 = PLANE('',#2119);
#2119 = AXIS2_PLACEMENT_3D('',#2120,#2121,#2122);
#2120 = CARTESIAN_POINT('',(-140.7717490509,-86.58614537474,4.));
#2121 = DIRECTION('',(0.220499728835,-0.975387035788,0.));
#2122 = DIRECTION('',(0.,0.,1.));
#2123 = ADVANCED_FACE('',(#2124),#2153,.F.);
#2124 = FACE_BOUND('',#2125,.F.);
#2125 = EDGE_LOOP('',(#2126,#2127,#2128,#2136,#2144,#2150,#2151,#2152));
#2126 = ORIENTED_EDGE('',*,*,#1259,.F.);
#2127 = ORIENTED_EDGE('',*,*,#523,.T.);
#2128 = ORIENTED_EDGE('',*,*,#2129,.T.);
#2129 = EDGE_CURVE('',#524,#2130,#2132,.T.);
#2130 = VERTEX_POINT('',#2131);
#2131 = CARTESIAN_POINT('',(-165.,92.063276573336,14.));
#2132 = LINE('',#2133,#2134);
#2133 = CARTESIAN_POINT('',(-165.,92.063276573336,4.));
#2134 = VECTOR('',#2135,1.);
#2135 = DIRECTION('',(0.,0.,1.));
#2136 = ORIENTED_EDGE('',*,*,#2137,.T.);
#2137 = EDGE_CURVE('',#2130,#2138,#2140,.T.);
#2138 = VERTEX_POINT('',#2139);
#2139 = CARTESIAN_POINT('',(-165.,99.239914916026,14.));
#2140 = LINE('',#2141,#2142);
#2141 = CARTESIAN_POINT('',(-165.,79.206927312629,14.));
#2142 = VECTOR('',#2143,1.);
#2143 = DIRECTION('',(0.,1.,0.));
#2144 = ORIENTED_EDGE('',*,*,#2145,.F.);
#2145 = EDGE_CURVE('',#1661,#2138,#2146,.T.);
#2146 = LINE('',#2147,#2148);
#2147 = CARTESIAN_POINT('',(-165.,99.239914916026,4.));
#2148 = VECTOR('',#2149,1.);
#2149 = DIRECTION('',(0.,0.,1.));
#2150 = ORIENTED_EDGE('',*,*,#1668,.T.);
#2151 = ORIENTED_EDGE('',*,*,#1610,.T.);
#2152 = ORIENTED_EDGE('',*,*,#1298,.T.);
#2153 = PLANE('',#2154);
#2154 = AXIS2_PLACEMENT_3D('',#2155,#2156,#2157);
#2155 = CARTESIAN_POINT('',(-165.,65.,4.));
#2156 = DIRECTION('',(1.,0.,0.));
#2157 = DIRECTION('',(0.,0.,1.));
#2158 = ADVANCED_FACE('',(#2159),#2177,.T.);
#2159 = FACE_BOUND('',#2160,.T.);
#2160 = EDGE_LOOP('',(#2161,#2162,#2163,#2171));
#2161 = ORIENTED_EDGE('',*,*,#531,.F.);
#2162 = ORIENTED_EDGE('',*,*,#2129,.T.);
#2163 = ORIENTED_EDGE('',*,*,#2164,.T.);
#2164 = EDGE_CURVE('',#2130,#2165,#2167,.T.);
#2165 = VERTEX_POINT('',#2166);
#2166 = CARTESIAN_POINT('',(-193.8184865788,98.578094018023,14.));
#2167 = LINE('',#2168,#2169);
#2168 = CARTESIAN_POINT('',(-140.7717490509,86.586145374741,14.));
#2169 = VECTOR('',#2170,1.);
#2170 = DIRECTION('',(-0.975387035788,0.220499728835,0.));
#2171 = ORIENTED_EDGE('',*,*,#2172,.T.);
#2172 = EDGE_CURVE('',#2165,#532,#2173,.T.);
#2173 = LINE('',#2174,#2175);
#2174 = CARTESIAN_POINT('',(-193.8184865788,98.578094018023,3.9));
#2175 = VECTOR('',#2176,1.);
#2176 = DIRECTION('',(0.,0.,-1.));
#2177 = PLANE('',#2178);
#2178 = AXIS2_PLACEMENT_3D('',#2179,#2180,#2181);
#2179 = CARTESIAN_POINT('',(-140.7717490509,86.586145374741,4.));
#2180 = DIRECTION('',(-0.220499728835,-0.975387035788,0.));
#2181 = DIRECTION('',(0.,0.,1.));
#2182 = ADVANCED_FACE('',(#2183),#2217,.F.);
#2183 = FACE_BOUND('',#2184,.F.);
#2184 = EDGE_LOOP('',(#2185,#2186,#2194,#2202,#2210,#2216));
#2185 = ORIENTED_EDGE('',*,*,#539,.T.);
#2186 = ORIENTED_EDGE('',*,*,#2187,.T.);
#2187 = EDGE_CURVE('',#540,#2188,#2190,.T.);
#2188 = VERTEX_POINT('',#2189);
#2189 = CARTESIAN_POINT('',(-193.9446259366,98.429730614289,18.));
#2190 = LINE('',#2191,#2192);
#2191 = CARTESIAN_POINT('',(-193.9446259366,98.429730614289,3.8));
#2192 = VECTOR('',#2193,1.);
#2193 = DIRECTION('',(0.,0.,1.));
#2194 = ORIENTED_EDGE('',*,*,#2195,.T.);
#2195 = EDGE_CURVE('',#2188,#2196,#2198,.T.);
#2196 = VERTEX_POINT('',#2197);
#2197 = CARTESIAN_POINT('',(-191.5136788982,101.28897758764,18.));
#2198 = LINE('',#2199,#2200);
#2199 = CARTESIAN_POINT('',(-193.9446259366,98.429730614289,18.));
#2200 = VECTOR('',#2201,1.);
#2201 = DIRECTION('',(0.647739236369,0.761862114603,0.));
#2202 = ORIENTED_EDGE('',*,*,#2203,.F.);
#2203 = EDGE_CURVE('',#2204,#2196,#2206,.T.);
#2204 = VERTEX_POINT('',#2205);
#2205 = CARTESIAN_POINT('',(-191.5136788982,101.28897758764,14.));
#2206 = LINE('',#2207,#2208);
#2207 = CARTESIAN_POINT('',(-191.5136788982,101.28897758764,3.8));
#2208 = VECTOR('',#2209,1.);
#2209 = DIRECTION('',(0.,0.,1.));
#2210 = ORIENTED_EDGE('',*,*,#2211,.T.);
#2211 = EDGE_CURVE('',#2204,#2165,#2212,.T.);
#2212 = LINE('',#2213,#2214);
#2213 = CARTESIAN_POINT('',(-183.7036946709,110.47497523043,14.));
#2214 = VECTOR('',#2215,1.);
#2215 = DIRECTION('',(-0.647739236369,-0.761862114603,0.));
#2216 = ORIENTED_EDGE('',*,*,#2172,.T.);
#2217 = PLANE('',#2218);
#2218 = AXIS2_PLACEMENT_3D('',#2219,#2220,#2221);
#2219 = CARTESIAN_POINT('',(-193.9446259366,98.429730614289,3.8));
#2220 = DIRECTION('',(-0.761862114603,0.647739236369,0.));
#2221 = DIRECTION('',(0.647739236369,0.761862114603,0.));
#2222 = ADVANCED_FACE('',(#2223),#2241,.F.);
#2223 = FACE_BOUND('',#2224,.F.);
#2224 = EDGE_LOOP('',(#2225,#2226,#2234,#2240));
#2225 = ORIENTED_EDGE('',*,*,#547,.T.);
#2226 = ORIENTED_EDGE('',*,*,#2227,.T.);
#2227 = EDGE_CURVE('',#548,#2228,#2230,.T.);
#2228 = VERTEX_POINT('',#2229);
#2229 = CARTESIAN_POINT('',(-196.3328892442,95.534735772948,18.));
#2230 = LINE('',#2231,#2232);
#2231 = CARTESIAN_POINT('',(-196.3328892442,95.534735772948,3.8));
#2232 = VECTOR('',#2233,1.);
#2233 = DIRECTION('',(0.,0.,1.));
#2234 = ORIENTED_EDGE('',*,*,#2235,.T.);
#2235 = EDGE_CURVE('',#2228,#2188,#2236,.T.);
#2236 = LINE('',#2237,#2238);
#2237 = CARTESIAN_POINT('',(-196.3328892442,95.534735772948,18.));
#2238 = VECTOR('',#2239,1.);
#2239 = DIRECTION('',(0.636365921066,0.771387331051,0.));
#2240 = ORIENTED_EDGE('',*,*,#2187,.F.);
#2241 = PLANE('',#2242);
#2242 = AXIS2_PLACEMENT_3D('',#2243,#2244,#2245);
#2243 = CARTESIAN_POINT('',(-196.3328892442,95.534735772948,3.8));
#2244 = DIRECTION('',(-0.771387331051,0.636365921066,0.));
#2245 = DIRECTION('',(0.636365921066,0.771387331051,0.));
#2246 = ADVANCED_FACE('',(#2247),#2265,.F.);
#2247 = FACE_BOUND('',#2248,.F.);
#2248 = EDGE_LOOP('',(#2249,#2250,#2258,#2264));
#2249 = ORIENTED_EDGE('',*,*,#555,.T.);
#2250 = ORIENTED_EDGE('',*,*,#2251,.T.);
#2251 = EDGE_CURVE('',#556,#2252,#2254,.T.);
#2252 = VERTEX_POINT('',#2253);
#2253 = CARTESIAN_POINT('',(-198.6779432071,92.604630200017,18.));
#2254 = LINE('',#2255,#2256);
#2255 = CARTESIAN_POINT('',(-198.6779432071,92.604630200017,3.8));
#2256 = VECTOR('',#2257,1.);
#2257 = DIRECTION('',(0.,0.,1.));
#2258 = ORIENTED_EDGE('',*,*,#2259,.T.);
#2259 = EDGE_CURVE('',#2252,#2228,#2260,.T.);
#2260 = LINE('',#2261,#2262);
#2261 = CARTESIAN_POINT('',(-198.6779432071,92.604630200017,18.));
#2262 = VECTOR('',#2263,1.);
#2263 = DIRECTION('',(0.624852553048,0.780742778993,0.));
#2264 = ORIENTED_EDGE('',*,*,#2227,.F.);
#2265 = PLANE('',#2266);
#2266 = AXIS2_PLACEMENT_3D('',#2267,#2268,#2269);
#2267 = CARTESIAN_POINT('',(-198.6779432071,92.604630200017,3.8));
#2268 = DIRECTION('',(-0.780742778993,0.624852553048,0.));
#2269 = DIRECTION('',(0.624852553048,0.780742778993,0.));
#2270 = ADVANCED_FACE('',(#2271),#2289,.F.);
#2271 = FACE_BOUND('',#2272,.F.);
#2272 = EDGE_LOOP('',(#2273,#2274,#2282,#2288));
#2273 = ORIENTED_EDGE('',*,*,#563,.T.);
#2274 = ORIENTED_EDGE('',*,*,#2275,.T.);
#2275 = EDGE_CURVE('',#564,#2276,#2278,.T.);
#2276 = VERTEX_POINT('',#2277);
#2277 = CARTESIAN_POINT('',(-200.9792717212,89.640058759137,18.));
#2278 = LINE('',#2279,#2280);
#2279 = CARTESIAN_POINT('',(-200.9792717212,89.640058759137,3.8));
#2280 = VECTOR('',#2281,1.);
#2281 = DIRECTION('',(0.,0.,1.));
#2282 = ORIENTED_EDGE('',*,*,#2283,.T.);
#2283 = EDGE_CURVE('',#2276,#2252,#2284,.T.);
#2284 = LINE('',#2285,#2286);
#2285 = CARTESIAN_POINT('',(-200.9792717212,89.640058759137,18.));
#2286 = VECTOR('',#2287,1.);
#2287 = DIRECTION('',(0.613201666199,0.789926399465,0.));
#2288 = ORIENTED_EDGE('',*,*,#2251,.F.);
#2289 = PLANE('',#2290);
#2290 = AXIS2_PLACEMENT_3D('',#2291,#2292,#2293);
#2291 = CARTESIAN_POINT('',(-200.9792717212,89.640058759137,3.8));
#2292 = DIRECTION('',(-0.789926399465,0.613201666199,0.));
#2293 = DIRECTION('',(0.613201666199,0.789926399465,0.));
#2294 = ADVANCED_FACE('',(#2295),#2313,.F.);
#2295 = FACE_BOUND('',#2296,.F.);
#2296 = EDGE_LOOP('',(#2297,#2298,#2306,#2312));
#2297 = ORIENTED_EDGE('',*,*,#571,.T.);
#2298 = ORIENTED_EDGE('',*,*,#2299,.T.);
#2299 = EDGE_CURVE('',#572,#2300,#2302,.T.);
#2300 = VERTEX_POINT('',#2301);
#2301 = CARTESIAN_POINT('',(-203.2363683053,86.641673899265,18.));
#2302 = LINE('',#2303,#2304);
#2303 = CARTESIAN_POINT('',(-203.2363683053,86.641673899265,3.8));
#2304 = VECTOR('',#2305,1.);
#2305 = DIRECTION('',(0.,0.,1.));
#2306 = ORIENTED_EDGE('',*,*,#2307,.T.);
#2307 = EDGE_CURVE('',#2300,#2276,#2308,.T.);
#2308 = LINE('',#2309,#2310);
#2309 = CARTESIAN_POINT('',(-203.2363683053,86.641673899265,18.));
#2310 = VECTOR('',#2311,1.);
#2311 = DIRECTION('',(0.60141582467,0.798936171315,0.));
#2312 = ORIENTED_EDGE('',*,*,#2275,.F.);
#2313 = PLANE('',#2314);
#2314 = AXIS2_PLACEMENT_3D('',#2315,#2316,#2317);
#2315 = CARTESIAN_POINT('',(-203.2363683053,86.641673899265,3.8));
#2316 = DIRECTION('',(-0.798936171315,0.60141582467,0.));
#2317 = DIRECTION('',(0.60141582467,0.798936171315,0.));
#2318 = ADVANCED_FACE('',(#2319),#2337,.F.);
#2319 = FACE_BOUND('',#2320,.F.);
#2320 = EDGE_LOOP('',(#2321,#2322,#2330,#2336));
#2321 = ORIENTED_EDGE('',*,*,#579,.T.);
#2322 = ORIENTED_EDGE('',*,*,#2323,.T.);
#2323 = EDGE_CURVE('',#580,#2324,#2326,.T.);
#2324 = VERTEX_POINT('',#2325);
#2325 = CARTESIAN_POINT('',(-205.4487362129,83.610135511086,18.));
#2326 = LINE('',#2327,#2328);
#2327 = CARTESIAN_POINT('',(-205.4487362129,83.610135511086,3.8));
#2328 = VECTOR('',#2329,1.);
#2329 = DIRECTION('',(0.,0.,1.));
#2330 = ORIENTED_EDGE('',*,*,#2331,.T.);
#2331 = EDGE_CURVE('',#2324,#2300,#2332,.T.);
#2332 = LINE('',#2333,#2334);
#2333 = CARTESIAN_POINT('',(-205.4487362129,83.610135511086,18.));
#2334 = VECTOR('',#2335,1.);
#2335 = DIRECTION('',(0.589497622315,0.807770111656,0.));
#2336 = ORIENTED_EDGE('',*,*,#2299,.F.);
#2337 = PLANE('',#2338);
#2338 = AXIS2_PLACEMENT_3D('',#2339,#2340,#2341);
#2339 = CARTESIAN_POINT('',(-205.4487362129,83.610135511086,3.8));
#2340 = DIRECTION('',(-0.807770111656,0.589497622315,0.));
#2341 = DIRECTION('',(0.589497622315,0.807770111656,0.));
#2342 = ADVANCED_FACE('',(#2343),#2361,.F.);
#2343 = FACE_BOUND('',#2344,.F.);
#2344 = EDGE_LOOP('',(#2345,#2346,#2354,#2360));
#2345 = ORIENTED_EDGE('',*,*,#587,.T.);
#2346 = ORIENTED_EDGE('',*,*,#2347,.T.);
#2347 = EDGE_CURVE('',#588,#2348,#2350,.T.);
#2348 = VERTEX_POINT('',#2349);
#2349 = CARTESIAN_POINT('',(-207.6158885417,80.546110781781,18.));
#2350 = LINE('',#2351,#2352);
#2351 = CARTESIAN_POINT('',(-207.6158885417,80.546110781781,3.8));
#2352 = VECTOR('',#2353,1.);
#2353 = DIRECTION('',(0.,0.,1.));
#2354 = ORIENTED_EDGE('',*,*,#2355,.T.);
#2355 = EDGE_CURVE('',#2348,#2324,#2356,.T.);
#2356 = LINE('',#2357,#2358);
#2357 = CARTESIAN_POINT('',(-207.6158885417,80.546110781781,18.));
#2358 = VECTOR('',#2359,1.);
#2359 = DIRECTION('',(0.577449682115,0.816426276295,0.));
#2360 = ORIENTED_EDGE('',*,*,#2323,.F.);
#2361 = PLANE('',#2362);
#2362 = AXIS2_PLACEMENT_3D('',#2363,#2364,#2365);
#2363 = CARTESIAN_POINT('',(-207.6158885417,80.546110781781,3.8));
#2364 = DIRECTION('',(-0.816426276295,0.577449682115,0.));
#2365 = DIRECTION('',(0.577449682115,0.816426276295,0.));
#2366 = ADVANCED_FACE('',(#2367),#2385,.F.);
#2367 = FACE_BOUND('',#2368,.F.);
#2368 = EDGE_LOOP('',(#2369,#2370,#2378,#2384));
#2369 = ORIENTED_EDGE('',*,*,#595,.T.);
#2370 = ORIENTED_EDGE('',*,*,#2371,.T.);
#2371 = EDGE_CURVE('',#596,#2372,#2374,.T.);
#2372 = VERTEX_POINT('',#2373);
#2373 = CARTESIAN_POINT('',(-209.7373483402,77.450274048192,18.));
#2374 = LINE('',#2375,#2376);
#2375 = CARTESIAN_POINT('',(-209.7373483402,77.450274048192,3.8));
#2376 = VECTOR('',#2377,1.);
#2377 = DIRECTION('',(0.,0.,1.));
#2378 = ORIENTED_EDGE('',*,*,#2379,.T.);
#2379 = EDGE_CURVE('',#2372,#2348,#2380,.T.);
#2380 = LINE('',#2381,#2382);
#2381 = CARTESIAN_POINT('',(-209.7373483402,77.450274048192,18.));
#2382 = VECTOR('',#2383,1.);
#2383 = DIRECTION('',(0.565274655605,0.824902760167,0.));
#2384 = ORIENTED_EDGE('',*,*,#2347,.F.);
#2385 = PLANE('',#2386);
#2386 = AXIS2_PLACEMENT_3D('',#2387,#2388,#2389);
#2387 = CARTESIAN_POINT('',(-209.7373483402,77.450274048192,3.8));
#2388 = DIRECTION('',(-0.824902760167,0.565274655605,0.));
#2389 = DIRECTION('',(0.565274655605,0.824902760167,0.));
#2390 = ADVANCED_FACE('',(#2391),#2409,.F.);
#2391 = FACE_BOUND('',#2392,.F.);
#2392 = EDGE_LOOP('',(#2393,#2394,#2402,#2408));
#2393 = ORIENTED_EDGE('',*,*,#603,.T.);
#2394 = ORIENTED_EDGE('',*,*,#2395,.T.);
#2395 = EDGE_CURVE('',#604,#2396,#2398,.T.);
#2396 = VERTEX_POINT('',#2397);
#2397 = CARTESIAN_POINT('',(-211.8126487133,74.323306648412,18.));
#2398 = LINE('',#2399,#2400);
#2399 = CARTESIAN_POINT('',(-211.8126487133,74.323306648412,3.8));
#2400 = VECTOR('',#2401,1.);
#2401 = DIRECTION('',(0.,0.,1.));
#2402 = ORIENTED_EDGE('',*,*,#2403,.T.);
#2403 = EDGE_CURVE('',#2396,#2372,#2404,.T.);
#2404 = LINE('',#2405,#2406);
#2405 = CARTESIAN_POINT('',(-211.8126487133,74.323306648412,18.));
#2406 = VECTOR('',#2407,1.);
#2407 = DIRECTION('',(0.55297522229,0.833197697748,0.));
#2408 = ORIENTED_EDGE('',*,*,#2371,.F.);
#2409 = PLANE('',#2410);
#2410 = AXIS2_PLACEMENT_3D('',#2411,#2412,#2413);
#2411 = CARTESIAN_POINT('',(-211.8126487133,74.323306648412,3.8));
#2412 = DIRECTION('',(-0.833197697748,0.55297522229,0.));
#2413 = DIRECTION('',(0.55297522229,0.833197697748,0.));
#2414 = ADVANCED_FACE('',(#2415),#2433,.F.);
#2415 = FACE_BOUND('',#2416,.F.);
#2416 = EDGE_LOOP('',(#2417,#2418,#2426,#2432));
#2417 = ORIENTED_EDGE('',*,*,#611,.T.);
#2418 = ORIENTED_EDGE('',*,*,#2419,.T.);
#2419 = EDGE_CURVE('',#612,#2420,#2422,.T.);
#2420 = VERTEX_POINT('',#2421);
#2421 = CARTESIAN_POINT('',(-213.8413329246,71.165896771833,18.));
#2422 = LINE('',#2423,#2424);
#2423 = CARTESIAN_POINT('',(-213.8413329246,71.165896771833,3.8));
#2424 = VECTOR('',#2425,1.);
#2425 = DIRECTION('',(0.,0.,1.));
#2426 = ORIENTED_EDGE('',*,*,#2427,.T.);
#2427 = EDGE_CURVE('',#2420,#2396,#2428,.T.);
#2428 = LINE('',#2429,#2430);
#2429 = CARTESIAN_POINT('',(-213.8413329246,71.165896771833,18.));
#2430 = VECTOR('',#2431,1.);
#2431 = DIRECTION('',(0.540554089056,0.841309263473,0.));
#2432 = ORIENTED_EDGE('',*,*,#2395,.F.);
#2433 = PLANE('',#2434);
#2434 = AXIS2_PLACEMENT_3D('',#2435,#2436,#2437);
#2435 = CARTESIAN_POINT('',(-213.8413329246,71.165896771833,3.8));
#2436 = DIRECTION('',(-0.841309263473,0.540554089056,0.));
#2437 = DIRECTION('',(0.540554089056,0.841309263473,0.));
#2438 = ADVANCED_FACE('',(#2439),#2457,.F.);
#2439 = FACE_BOUND('',#2440,.F.);
#2440 = EDGE_LOOP('',(#2441,#2442,#2450,#2456));
#2441 = ORIENTED_EDGE('',*,*,#619,.T.);
#2442 = ORIENTED_EDGE('',*,*,#2443,.T.);
#2443 = EDGE_CURVE('',#620,#2444,#2446,.T.);
#2444 = VERTEX_POINT('',#2445);
#2445 = CARTESIAN_POINT('',(-215.8229544971,67.978739307693,18.));
#2446 = LINE('',#2447,#2448);
#2447 = CARTESIAN_POINT('',(-215.8229544971,67.978739307693,3.8));
#2448 = VECTOR('',#2449,1.);
#2449 = DIRECTION('',(0.,0.,1.));
#2450 = ORIENTED_EDGE('',*,*,#2451,.T.);
#2451 = EDGE_CURVE('',#2444,#2420,#2452,.T.);
#2452 = LINE('',#2453,#2454);
#2453 = CARTESIAN_POINT('',(-215.8229544971,67.978739307693,18.));
#2454 = VECTOR('',#2455,1.);
#2455 = DIRECTION('',(0.528013989569,0.849235672131,0.));
#2456 = ORIENTED_EDGE('',*,*,#2419,.F.);
#2457 = PLANE('',#2458);
#2458 = AXIS2_PLACEMENT_3D('',#2459,#2460,#2461);
#2459 = CARTESIAN_POINT('',(-215.8229544971,67.978739307693,3.8));
#2460 = DIRECTION('',(-0.849235672131,0.528013989569,0.));
#2461 = DIRECTION('',(0.528013989569,0.849235672131,0.));
#2462 = ADVANCED_FACE('',(#2463),#2481,.F.);
#2463 = FACE_BOUND('',#2464,.F.);
#2464 = EDGE_LOOP('',(#2465,#2466,#2474,#2480));
#2465 = ORIENTED_EDGE('',*,*,#627,.T.);
#2466 = ORIENTED_EDGE('',*,*,#2467,.T.);
#2467 = EDGE_CURVE('',#628,#2468,#2470,.T.);
#2468 = VERTEX_POINT('',#2469);
#2469 = CARTESIAN_POINT('',(-217.7570773115,64.762535692137,18.));
#2470 = LINE('',#2471,#2472);
#2471 = CARTESIAN_POINT('',(-217.7570773115,64.762535692137,3.8));
#2472 = VECTOR('',#2473,1.);
#2473 = DIRECTION('',(0.,0.,1.));
#2474 = ORIENTED_EDGE('',*,*,#2475,.T.);
#2475 = EDGE_CURVE('',#2468,#2444,#2476,.T.);
#2476 = LINE('',#2477,#2478);
#2477 = CARTESIAN_POINT('',(-217.7570773115,64.762535692137,18.));
#2478 = VECTOR('',#2479,1.);
#2479 = DIRECTION('',(0.515357683682,0.856975179261,0.));
#2480 = ORIENTED_EDGE('',*,*,#2443,.F.);
#2481 = PLANE('',#2482);
#2482 = AXIS2_PLACEMENT_3D('',#2483,#2484,#2485);
#2483 = CARTESIAN_POINT('',(-217.7570773115,64.762535692137,3.8));
#2484 = DIRECTION('',(-0.856975179261,0.515357683682,0.));
#2485 = DIRECTION('',(0.515357683682,0.856975179261,0.));
#2486 = ADVANCED_FACE('',(#2487),#2505,.F.);
#2487 = FACE_BOUND('',#2488,.F.);
#2488 = EDGE_LOOP('',(#2489,#2490,#2498,#2504));
#2489 = ORIENTED_EDGE('',*,*,#635,.T.);
#2490 = ORIENTED_EDGE('',*,*,#2491,.T.);
#2491 = EDGE_CURVE('',#636,#2492,#2494,.T.);
#2492 = VERTEX_POINT('',#2493);
#2493 = CARTESIAN_POINT('',(-219.643275702,61.517993753848,18.));
#2494 = LINE('',#2495,#2496);
#2495 = CARTESIAN_POINT('',(-219.643275702,61.517993753848,3.8));
#2496 = VECTOR('',#2497,1.);
#2497 = DIRECTION('',(0.,0.,1.));
#2498 = ORIENTED_EDGE('',*,*,#2499,.T.);
#2499 = EDGE_CURVE('',#2492,#2468,#2500,.T.);
#2500 = LINE('',#2501,#2502);
#2501 = CARTESIAN_POINT('',(-219.643275702,61.517993753848,18.));
#2502 = VECTOR('',#2503,1.);
#2503 = DIRECTION('',(0.50258795682,0.864526081538,0.));
#2504 = ORIENTED_EDGE('',*,*,#2467,.F.);
#2505 = PLANE('',#2506);
#2506 = AXIS2_PLACEMENT_3D('',#2507,#2508,#2509);
#2507 = CARTESIAN_POINT('',(-219.643275702,61.517993753848,3.8));
#2508 = DIRECTION('',(-0.864526081538,0.50258795682,0.));
#2509 = DIRECTION('',(0.50258795682,0.864526081538,0.));
#2510 = ADVANCED_FACE('',(#2511),#2529,.F.);
#2511 = FACE_BOUND('',#2512,.F.);
#2512 = EDGE_LOOP('',(#2513,#2514,#2522,#2528));
#2513 = ORIENTED_EDGE('',*,*,#643,.T.);
#2514 = ORIENTED_EDGE('',*,*,#2515,.T.);
#2515 = EDGE_CURVE('',#644,#2516,#2518,.T.);
#2516 = VERTEX_POINT('',#2517);
#2517 = CARTESIAN_POINT('',(-221.4811345503,58.245827558266,18.));
#2518 = LINE('',#2519,#2520);
#2519 = CARTESIAN_POINT('',(-221.4811345503,58.245827558266,3.8));
#2520 = VECTOR('',#2521,1.);
#2521 = DIRECTION('',(0.,0.,1.));
#2522 = ORIENTED_EDGE('',*,*,#2523,.T.);
#2523 = EDGE_CURVE('',#2516,#2492,#2524,.T.);
#2524 = LINE('',#2525,#2526);
#2525 = CARTESIAN_POINT('',(-221.4811345503,58.245827558266,18.));
#2526 = VECTOR('',#2527,1.);
#2527 = DIRECTION('',(0.48970761937,0.871886717143,0.));
#2528 = ORIENTED_EDGE('',*,*,#2491,.F.);
#2529 = PLANE('',#2530);
#2530 = AXIS2_PLACEMENT_3D('',#2531,#2532,#2533);
#2531 = CARTESIAN_POINT('',(-221.4811345503,58.245827558266,3.8));
#2532 = DIRECTION('',(-0.871886717143,0.48970761937,0.));
#2533 = DIRECTION('',(0.48970761937,0.871886717143,0.));
#2534 = ADVANCED_FACE('',(#2535),#2553,.F.);
#2535 = FACE_BOUND('',#2536,.F.);
#2536 = EDGE_LOOP('',(#2537,#2538,#2546,#2552));
#2537 = ORIENTED_EDGE('',*,*,#651,.T.);
#2538 = ORIENTED_EDGE('',*,*,#2539,.T.);
#2539 = EDGE_CURVE('',#652,#2540,#2542,.T.);
#2540 = VERTEX_POINT('',#2541);
#2541 = CARTESIAN_POINT('',(-223.2702493766,54.946757250432,18.));
#2542 = LINE('',#2543,#2544);
#2543 = CARTESIAN_POINT('',(-223.2702493766,54.946757250432,3.8));
#2544 = VECTOR('',#2545,1.);
#2545 = DIRECTION('',(0.,0.,1.));
#2546 = ORIENTED_EDGE('',*,*,#2547,.T.);
#2547 = EDGE_CURVE('',#2540,#2516,#2548,.T.);
#2548 = LINE('',#2549,#2550);
#2549 = CARTESIAN_POINT('',(-223.2702493766,54.946757250432,18.));
#2550 = VECTOR('',#2551,1.);
#2551 = DIRECTION('',(0.476719506064,0.879055466133,0.));
#2552 = ORIENTED_EDGE('',*,*,#2515,.F.);
#2553 = PLANE('',#2554);
#2554 = AXIS2_PLACEMENT_3D('',#2555,#2556,#2557);
#2555 = CARTESIAN_POINT('',(-223.2702493766,54.946757250432,3.8));
#2556 = DIRECTION('',(-0.879055466133,0.476719506064,0.));
#2557 = DIRECTION('',(0.476719506064,0.879055466133,0.));
#2558 = ADVANCED_FACE('',(#2559),#2577,.F.);
#2559 = FACE_BOUND('',#2560,.F.);
#2560 = EDGE_LOOP('',(#2561,#2562,#2570,#2576));
#2561 = ORIENTED_EDGE('',*,*,#659,.T.);
#2562 = ORIENTED_EDGE('',*,*,#2563,.T.);
#2563 = EDGE_CURVE('',#660,#2564,#2566,.T.);
#2564 = VERTEX_POINT('',#2565);
#2565 = CARTESIAN_POINT('',(-225.0102264289,51.6215088965,18.));
#2566 = LINE('',#2567,#2568);
#2567 = CARTESIAN_POINT('',(-225.0102264289,51.6215088965,3.8));
#2568 = VECTOR('',#2569,1.);
#2569 = DIRECTION('',(0.,0.,1.));
#2570 = ORIENTED_EDGE('',*,*,#2571,.T.);
#2571 = EDGE_CURVE('',#2564,#2540,#2572,.T.);
#2572 = LINE('',#2573,#2574);
#2573 = CARTESIAN_POINT('',(-225.0102264289,51.6215088965,18.));
#2574 = VECTOR('',#2575,1.);
#2575 = DIRECTION('',(0.463626475352,0.886030750794,0.));
#2576 = ORIENTED_EDGE('',*,*,#2539,.F.);
#2577 = PLANE('',#2578);
#2578 = AXIS2_PLACEMENT_3D('',#2579,#2580,#2581);
#2579 = CARTESIAN_POINT('',(-225.0102264289,51.6215088965,3.8));
#2580 = DIRECTION('',(-0.886030750794,0.463626475352,0.));
#2581 = DIRECTION('',(0.463626475352,0.886030750794,0.));
#2582 = ADVANCED_FACE('',(#2583),#2601,.F.);
#2583 = FACE_BOUND('',#2584,.F.);
#2584 = EDGE_LOOP('',(#2585,#2586,#2594,#2600));
#2585 = ORIENTED_EDGE('',*,*,#667,.T.);
#2586 = ORIENTED_EDGE('',*,*,#2587,.T.);
#2587 = EDGE_CURVE('',#668,#2588,#2590,.T.);
#2588 = VERTEX_POINT('',#2589);
#2589 = CARTESIAN_POINT('',(-226.7006827695,48.270814323944,18.));
#2590 = LINE('',#2591,#2592);
#2591 = CARTESIAN_POINT('',(-226.7006827695,48.270814323944,3.8));
#2592 = VECTOR('',#2593,1.);
#2593 = DIRECTION('',(0.,0.,1.));
#2594 = ORIENTED_EDGE('',*,*,#2595,.T.);
#2595 = EDGE_CURVE('',#2588,#2564,#2596,.T.);
#2596 = LINE('',#2597,#2598);
#2597 = CARTESIAN_POINT('',(-226.7006827695,48.270814323944,18.));
#2598 = VECTOR('',#2599,1.);
#2599 = DIRECTION('',(0.450431408775,0.892811035992,0.));
#2600 = ORIENTED_EDGE('',*,*,#2563,.F.);
#2601 = PLANE('',#2602);
#2602 = AXIS2_PLACEMENT_3D('',#2603,#2604,#2605);
#2603 = CARTESIAN_POINT('',(-226.7006827695,48.270814323944,3.8));
#2604 = DIRECTION('',(-0.892811035992,0.450431408775,0.));
#2605 = DIRECTION('',(0.450431408775,0.892811035992,0.));
#2606 = ADVANCED_FACE('',(#2607),#2625,.F.);
#2607 = FACE_BOUND('',#2608,.F.);
#2608 = EDGE_LOOP('',(#2609,#2610,#2618,#2624));
#2609 = ORIENTED_EDGE('',*,*,#675,.T.);
#2610 = ORIENTED_EDGE('',*,*,#2611,.T.);
#2611 = EDGE_CURVE('',#676,#2612,#2614,.T.);
#2612 = VERTEX_POINT('',#2613);
#2613 = CARTESIAN_POINT('',(-228.3412463591,44.89541096049,18.));
#2614 = LINE('',#2615,#2616);
#2615 = CARTESIAN_POINT('',(-228.3412463591,44.89541096049,3.8));
#2616 = VECTOR('',#2617,1.);
#2617 = DIRECTION('',(0.,0.,1.));
#2618 = ORIENTED_EDGE('',*,*,#2619,.T.);
#2619 = EDGE_CURVE('',#2612,#2588,#2620,.T.);
#2620 = LINE('',#2621,#2622);
#2621 = CARTESIAN_POINT('',(-228.3412463591,44.89541096049,18.));
#2622 = VECTOR('',#2623,1.);
#2623 = DIRECTION('',(0.43713721033,0.899394829508,0.));
#2624 = ORIENTED_EDGE('',*,*,#2587,.F.);
#2625 = PLANE('',#2626);
#2626 = AXIS2_PLACEMENT_3D('',#2627,#2628,#2629);
#2627 = CARTESIAN_POINT('',(-228.3412463591,44.89541096049,3.8));
#2628 = DIRECTION('',(-0.899394829508,0.43713721033,0.));
#2629 = DIRECTION('',(0.43713721033,0.899394829508,0.));
#2630 = ADVANCED_FACE('',(#2631),#2649,.F.);
#2631 = FACE_BOUND('',#2632,.F.);
#2632 = EDGE_LOOP('',(#2633,#2634,#2642,#2648));
#2633 = ORIENTED_EDGE('',*,*,#683,.T.);
#2634 = ORIENTED_EDGE('',*,*,#2635,.T.);
#2635 = EDGE_CURVE('',#684,#2636,#2638,.T.);
#2636 = VERTEX_POINT('',#2637);
#2637 = CARTESIAN_POINT('',(-229.9315561394,41.496041671829,18.));
#2638 = LINE('',#2639,#2640);
#2639 = CARTESIAN_POINT('',(-229.9315561394,41.496041671829,3.8));
#2640 = VECTOR('',#2641,1.);
#2641 = DIRECTION('',(0.,0.,1.));
#2642 = ORIENTED_EDGE('',*,*,#2643,.T.);
#2643 = EDGE_CURVE('',#2636,#2612,#2644,.T.);
#2644 = LINE('',#2645,#2646);
#2645 = CARTESIAN_POINT('',(-229.9315561394,41.496041671829,18.));
#2646 = VECTOR('',#2647,1.);
#2647 = DIRECTION('',(0.423746805832,0.905780682366,0.));
#2648 = ORIENTED_EDGE('',*,*,#2611,.F.);
#2649 = PLANE('',#2650);
#2650 = AXIS2_PLACEMENT_3D('',#2651,#2652,#2653);
#2651 = CARTESIAN_POINT('',(-229.9315561394,41.496041671829,3.8));
#2652 = DIRECTION('',(-0.905780682366,0.423746805832,0.));
#2653 = DIRECTION('',(0.423746805832,0.905780682366,0.));
#2654 = ADVANCED_FACE('',(#2655),#2673,.F.);
#2655 = FACE_BOUND('',#2656,.F.);
#2656 = EDGE_LOOP('',(#2657,#2658,#2666,#2672));
#2657 = ORIENTED_EDGE('',*,*,#691,.T.);
#2658 = ORIENTED_EDGE('',*,*,#2659,.T.);
#2659 = EDGE_CURVE('',#692,#2660,#2662,.T.);
#2660 = VERTEX_POINT('',#2661);
#2661 = CARTESIAN_POINT('',(-231.4712621115,38.073454598121,18.));
#2662 = LINE('',#2663,#2664);
#2663 = CARTESIAN_POINT('',(-231.4712621115,38.073454598121,3.8));
#2664 = VECTOR('',#2665,1.);
#2665 = DIRECTION('',(0.,0.,1.));
#2666 = ORIENTED_EDGE('',*,*,#2667,.T.);
#2667 = EDGE_CURVE('',#2660,#2636,#2668,.T.);
#2668 = LINE('',#2669,#2670);
#2669 = CARTESIAN_POINT('',(-231.4712621115,38.073454598121,18.));
#2670 = VECTOR('',#2671,1.);
#2671 = DIRECTION('',(0.410263142269,0.911967189155,0.));
#2672 = ORIENTED_EDGE('',*,*,#2635,.F.);
#2673 = PLANE('',#2674);
#2674 = AXIS2_PLACEMENT_3D('',#2675,#2676,#2677);
#2675 = CARTESIAN_POINT('',(-231.4712621115,38.073454598121,3.8));
#2676 = DIRECTION('',(-0.911967189155,0.410263142269,0.));
#2677 = DIRECTION('',(0.410263142269,0.911967189155,0.));
#2678 = ADVANCED_FACE('',(#2679),#2697,.F.);
#2679 = FACE_BOUND('',#2680,.F.);
#2680 = EDGE_LOOP('',(#2681,#2682,#2690,#2696));
#2681 = ORIENTED_EDGE('',*,*,#699,.T.);
#2682 = ORIENTED_EDGE('',*,*,#2683,.T.);
#2683 = EDGE_CURVE('',#700,#2684,#2686,.T.);
#2684 = VERTEX_POINT('',#2685);
#2685 = CARTESIAN_POINT('',(-232.960025414,34.628402989341,18.));
#2686 = LINE('',#2687,#2688);
#2687 = CARTESIAN_POINT('',(-232.960025414,34.628402989341,3.8));
#2688 = VECTOR('',#2689,1.);
#2689 = DIRECTION('',(0.,0.,1.));
#2690 = ORIENTED_EDGE('',*,*,#2691,.T.);
#2691 = EDGE_CURVE('',#2684,#2660,#2692,.T.);
#2692 = LINE('',#2693,#2694);
#2693 = CARTESIAN_POINT('',(-232.960025414,34.628402989341,18.));
#2694 = VECTOR('',#2695,1.);
#2695 = DIRECTION('',(0.396689187153,0.917952988336,0.));
#2696 = ORIENTED_EDGE('',*,*,#2659,.F.);
#2697 = PLANE('',#2698);
#2698 = AXIS2_PLACEMENT_3D('',#2699,#2700,#2701);
#2699 = CARTESIAN_POINT('',(-232.960025414,34.628402989341,3.8));
#2700 = DIRECTION('',(-0.917952988336,0.396689187153,0.));
#2701 = DIRECTION('',(0.396689187153,0.917952988336,0.));
#2702 = ADVANCED_FACE('',(#2703),#2721,.F.);
#2703 = FACE_BOUND('',#2704,.F.);
#2704 = EDGE_LOOP('',(#2705,#2706,#2714,#2720));
#2705 = ORIENTED_EDGE('',*,*,#707,.T.);
#2706 = ORIENTED_EDGE('',*,*,#2707,.T.);
#2707 = EDGE_CURVE('',#708,#2708,#2710,.T.);
#2708 = VERTEX_POINT('',#2709);
#2709 = CARTESIAN_POINT('',(-234.3975183966,31.161645039509,18.));
#2710 = LINE('',#2711,#2712);
#2711 = CARTESIAN_POINT('',(-234.3975183966,31.161645039509,3.8));
#2712 = VECTOR('',#2713,1.);
#2713 = DIRECTION('',(0.,0.,1.));
#2714 = ORIENTED_EDGE('',*,*,#2715,.T.);
#2715 = EDGE_CURVE('',#2708,#2684,#2716,.T.);
#2716 = LINE('',#2717,#2718);
#2717 = CARTESIAN_POINT('',(-234.3975183966,31.161645039509,18.));
#2718 = VECTOR('',#2719,1.);
#2719 = DIRECTION('',(0.383027927868,0.923736762543,0.));
#2720 = ORIENTED_EDGE('',*,*,#2683,.F.);
#2721 = PLANE('',#2722);
#2722 = AXIS2_PLACEMENT_3D('',#2723,#2724,#2725);
#2723 = CARTESIAN_POINT('',(-234.3975183966,31.161645039509,3.8));
#2724 = DIRECTION('',(-0.923736762543,0.383027927868,0.));
#2725 = DIRECTION('',(0.383027927868,0.923736762543,0.));
#2726 = ADVANCED_FACE('',(#2727),#2745,.F.);
#2727 = FACE_BOUND('',#2728,.F.);
#2728 = EDGE_LOOP('',(#2729,#2730,#2738,#2744));
#2729 = ORIENTED_EDGE('',*,*,#715,.T.);
#2730 = ORIENTED_EDGE('',*,*,#2731,.T.);
#2731 = EDGE_CURVE('',#716,#2732,#2734,.T.);
#2732 = VERTEX_POINT('',#2733);
#2733 = CARTESIAN_POINT('',(-235.783424693,27.673943719819,18.));
#2734 = LINE('',#2735,#2736);
#2735 = CARTESIAN_POINT('',(-235.783424693,27.673943719819,3.8));
#2736 = VECTOR('',#2737,1.);
#2737 = DIRECTION('',(0.,0.,1.));
#2738 = ORIENTED_EDGE('',*,*,#2739,.T.);
#2739 = EDGE_CURVE('',#2732,#2708,#2740,.T.);
#2740 = LINE('',#2741,#2742);
#2741 = CARTESIAN_POINT('',(-235.783424693,27.673943719819,18.));
#2742 = VECTOR('',#2743,1.);
#2743 = DIRECTION('',(0.369282371011,0.92931723887,0.));
#2744 = ORIENTED_EDGE('',*,*,#2707,.F.);
#2745 = PLANE('',#2746);
#2746 = AXIS2_PLACEMENT_3D('',#2747,#2748,#2749);
#2747 = CARTESIAN_POINT('',(-235.783424693,27.673943719819,3.8));
#2748 = DIRECTION('',(-0.92931723887,0.369282371011,0.));
#2749 = DIRECTION('',(0.369282371011,0.92931723887,0.));
#2750 = ADVANCED_FACE('',(#2751),#2769,.F.);
#2751 = FACE_BOUND('',#2752,.F.);
#2752 = EDGE_LOOP('',(#2753,#2754,#2762,#2768));
#2753 = ORIENTED_EDGE('',*,*,#723,.T.);
#2754 = ORIENTED_EDGE('',*,*,#2755,.T.);
#2755 = EDGE_CURVE('',#724,#2756,#2758,.T.);
#2756 = VERTEX_POINT('',#2757);
#2757 = CARTESIAN_POINT('',(-237.1174392901,24.166066610724,18.));
#2758 = LINE('',#2759,#2760);
#2759 = CARTESIAN_POINT('',(-237.1174392901,24.166066610724,3.8));
#2760 = VECTOR('',#2761,1.);
#2761 = DIRECTION('',(0.,0.,1.));
#2762 = ORIENTED_EDGE('',*,*,#2763,.T.);
#2763 = EDGE_CURVE('',#2756,#2732,#2764,.T.);
#2764 = LINE('',#2765,#2766);
#2765 = CARTESIAN_POINT('',(-237.1174392901,24.166066610724,18.));
#2766 = VECTOR('',#2767,1.);
#2767 = DIRECTION('',(0.355455541733,0.934693189154,0.));
#2768 = ORIENTED_EDGE('',*,*,#2731,.F.);
#2769 = PLANE('',#2770);
#2770 = AXIS2_PLACEMENT_3D('',#2771,#2772,#2773);
#2771 = CARTESIAN_POINT('',(-237.1174392901,24.166066610724,3.8));
#2772 = DIRECTION('',(-0.934693189154,0.355455541733,0.));
#2773 = DIRECTION('',(0.355455541733,0.934693189154,0.));
#2774 = ADVANCED_FACE('',(#2775),#2793,.F.);
#2775 = FACE_BOUND('',#2776,.F.);
#2776 = EDGE_LOOP('',(#2777,#2778,#2786,#2792));
#2777 = ORIENTED_EDGE('',*,*,#731,.T.);
#2778 = ORIENTED_EDGE('',*,*,#2779,.T.);
#2779 = EDGE_CURVE('',#732,#2780,#2782,.T.);
#2780 = VERTEX_POINT('',#2781);
#2781 = CARTESIAN_POINT('',(-238.3992685952,20.638785733007,18.));
#2782 = LINE('',#2783,#2784);
#2783 = CARTESIAN_POINT('',(-238.3992685952,20.638785733007,3.8));
#2784 = VECTOR('',#2785,1.);
#2785 = DIRECTION('',(0.,0.,1.));
#2786 = ORIENTED_EDGE('',*,*,#2787,.T.);
#2787 = EDGE_CURVE('',#2780,#2756,#2788,.T.);
#2788 = LINE('',#2789,#2790);
#2789 = CARTESIAN_POINT('',(-238.3992685952,20.638785733007,18.));
#2790 = VECTOR('',#2791,1.);
#2791 = DIRECTION('',(0.341550483072,0.939863430246,0.));
#2792 = ORIENTED_EDGE('',*,*,#2755,.F.);
#2793 = PLANE('',#2794);
#2794 = AXIS2_PLACEMENT_3D('',#2795,#2796,#2797);
#2795 = CARTESIAN_POINT('',(-238.3992685952,20.638785733007,3.8));
#2796 = DIRECTION('',(-0.939863430246,0.341550483072,0.));
#2797 = DIRECTION('',(0.341550483072,0.939863430246,0.));
#2798 = ADVANCED_FACE('',(#2799),#2817,.F.);
#2799 = FACE_BOUND('',#2800,.F.);
#2800 = EDGE_LOOP('',(#2801,#2802,#2810,#2816));
#2801 = ORIENTED_EDGE('',*,*,#739,.T.);
#2802 = ORIENTED_EDGE('',*,*,#2803,.T.);
#2803 = EDGE_CURVE('',#740,#2804,#2806,.T.);
#2804 = VERTEX_POINT('',#2805);
#2805 = CARTESIAN_POINT('',(-239.6286305008,17.092877377874,18.));
#2806 = LINE('',#2807,#2808);
#2807 = CARTESIAN_POINT('',(-239.6286305008,17.092877377874,3.8));
#2808 = VECTOR('',#2809,1.);
#2809 = DIRECTION('',(0.,0.,1.));
#2810 = ORIENTED_EDGE('',*,*,#2811,.T.);
#2811 = EDGE_CURVE('',#2804,#2780,#2812,.T.);
#2812 = LINE('',#2813,#2814);
#2813 = CARTESIAN_POINT('',(-239.6286305008,17.092877377874,18.));
#2814 = VECTOR('',#2815,1.);
#2815 = DIRECTION('',(0.32757025528,0.944826824268,0.));
#2816 = ORIENTED_EDGE('',*,*,#2779,.F.);
#2817 = PLANE('',#2818);
#2818 = AXIS2_PLACEMENT_3D('',#2819,#2820,#2821);
#2819 = CARTESIAN_POINT('',(-239.6286305008,17.092877377874,3.8));
#2820 = DIRECTION('',(-0.944826824268,0.32757025528,0.));
#2821 = DIRECTION('',(0.32757025528,0.944826824268,0.));
#2822 = ADVANCED_FACE('',(#2823),#2841,.F.);
#2823 = FACE_BOUND('',#2824,.F.);
#2824 = EDGE_LOOP('',(#2825,#2826,#2834,#2840));
#2825 = ORIENTED_EDGE('',*,*,#747,.T.);
#2826 = ORIENTED_EDGE('',*,*,#2827,.T.);
#2827 = EDGE_CURVE('',#748,#2828,#2830,.T.);
#2828 = VERTEX_POINT('',#2829);
#2829 = CARTESIAN_POINT('',(-240.8052544462,13.5291219361,18.));
#2830 = LINE('',#2831,#2832);
#2831 = CARTESIAN_POINT('',(-240.8052544462,13.5291219361,3.8));
#2832 = VECTOR('',#2833,1.);
#2833 = DIRECTION('',(0.,0.,1.));
#2834 = ORIENTED_EDGE('',*,*,#2835,.T.);
#2835 = EDGE_CURVE('',#2828,#2804,#2836,.T.);
#2836 = LINE('',#2837,#2838);
#2837 = CARTESIAN_POINT('',(-240.8052544462,13.5291219361,18.));
#2838 = VECTOR('',#2839,1.);
#2839 = DIRECTION('',(0.313517935154,0.949582278866,0.));
#2840 = ORIENTED_EDGE('',*,*,#2803,.F.);
#2841 = PLANE('',#2842);
#2842 = AXIS2_PLACEMENT_3D('',#2843,#2844,#2845);
#2843 = CARTESIAN_POINT('',(-240.8052544462,13.5291219361,3.8));
#2844 = DIRECTION('',(-0.949582278866,0.313517935154,0.));
#2845 = DIRECTION('',(0.313517935154,0.949582278866,0.));
#2846 = ADVANCED_FACE('',(#2847),#2865,.F.);
#2847 = FACE_BOUND('',#2848,.F.);
#2848 = EDGE_LOOP('',(#2849,#2850,#2858,#2864));
#2849 = ORIENTED_EDGE('',*,*,#755,.T.);
#2850 = ORIENTED_EDGE('',*,*,#2851,.T.);
#2851 = EDGE_CURVE('',#756,#2852,#2854,.T.);
#2852 = VERTEX_POINT('',#2853);
#2853 = CARTESIAN_POINT('',(-241.9288814778,9.948303726288,18.));
#2854 = LINE('',#2855,#2856);
#2855 = CARTESIAN_POINT('',(-241.9288814778,9.948303726288,3.8));
#2856 = VECTOR('',#2857,1.);
#2857 = DIRECTION('',(0.,0.,1.));
#2858 = ORIENTED_EDGE('',*,*,#2859,.T.);
#2859 = EDGE_CURVE('',#2852,#2828,#2860,.T.);
#2860 = LINE('',#2861,#2862);
#2861 = CARTESIAN_POINT('',(-241.9288814778,9.948303726288,18.));
#2862 = VECTOR('',#2863,1.);
#2863 = DIRECTION('',(0.29939661536,0.95412874745,0.));
#2864 = ORIENTED_EDGE('',*,*,#2827,.F.);
#2865 = PLANE('',#2866);
#2866 = AXIS2_PLACEMENT_3D('',#2867,#2868,#2869);
#2867 = CARTESIAN_POINT('',(-241.9288814778,9.948303726288,3.8));
#2868 = DIRECTION('',(-0.95412874745,0.29939661536,0.));
#2869 = DIRECTION('',(0.29939661536,0.95412874745,0.));
#2870 = ADVANCED_FACE('',(#2871),#2889,.F.);
#2871 = FACE_BOUND('',#2872,.F.);
#2872 = EDGE_LOOP('',(#2873,#2874,#2882,#2888));
#2873 = ORIENTED_EDGE('',*,*,#763,.T.);
#2874 = ORIENTED_EDGE('',*,*,#2875,.T.);
#2875 = EDGE_CURVE('',#764,#2876,#2878,.T.);
#2876 = VERTEX_POINT('',#2877);
#2877 = CARTESIAN_POINT('',(-242.9992643053,6.351210822246,18.));
#2878 = LINE('',#2879,#2880);
#2879 = CARTESIAN_POINT('',(-242.9992643053,6.351210822246,3.8));
#2880 = VECTOR('',#2881,1.);
#2881 = DIRECTION('',(0.,0.,1.));
#2882 = ORIENTED_EDGE('',*,*,#2883,.T.);
#2883 = EDGE_CURVE('',#2876,#2852,#2884,.T.);
#2884 = LINE('',#2885,#2886);
#2885 = CARTESIAN_POINT('',(-242.9992643053,6.351210822246,18.));
#2886 = VECTOR('',#2887,1.);
#2887 = DIRECTION('',(0.285209403744,0.958465229425,0.));
#2888 = ORIENTED_EDGE('',*,*,#2851,.F.);
#2889 = PLANE('',#2890);
#2890 = AXIS2_PLACEMENT_3D('',#2891,#2892,#2893);
#2891 = CARTESIAN_POINT('',(-242.9992643053,6.351210822246,3.8));
#2892 = DIRECTION('',(-0.958465229425,0.285209403744,0.));
#2893 = DIRECTION('',(0.285209403744,0.958465229425,0.));
#2894 = ADVANCED_FACE('',(#2895),#2913,.F.);
#2895 = FACE_BOUND('',#2896,.F.);
#2896 = EDGE_LOOP('',(#2897,#2898,#2906,#2912));
#2897 = ORIENTED_EDGE('',*,*,#771,.T.);
#2898 = ORIENTED_EDGE('',*,*,#2899,.T.);
#2899 = EDGE_CURVE('',#772,#2900,#2902,.T.);
#2900 = VERTEX_POINT('',#2901);
#2901 = CARTESIAN_POINT('',(-244.0161673568,2.738634879554,18.));
#2902 = LINE('',#2903,#2904);
#2903 = CARTESIAN_POINT('',(-244.0161673568,2.738634879554,3.8));
#2904 = VECTOR('',#2905,1.);
#2905 = DIRECTION('',(0.,0.,1.));
#2906 = ORIENTED_EDGE('',*,*,#2907,.T.);
#2907 = EDGE_CURVE('',#2900,#2876,#2908,.T.);
#2908 = LINE('',#2909,#2910);
#2909 = CARTESIAN_POINT('',(-244.0161673568,2.738634879554,18.));
#2910 = VECTOR('',#2911,1.);
#2911 = DIRECTION('',(0.270959422659,0.962590770407,0.));
#2912 = ORIENTED_EDGE('',*,*,#2875,.F.);
#2913 = PLANE('',#2914);
#2914 = AXIS2_PLACEMENT_3D('',#2915,#2916,#2917);
#2915 = CARTESIAN_POINT('',(-244.0161673568,2.738634879554,3.8));
#2916 = DIRECTION('',(-0.962590770407,0.270959422659,0.));
#2917 = DIRECTION('',(0.270959422659,0.962590770407,0.));
#2918 = ADVANCED_FACE('',(#2919),#2937,.F.);
#2919 = FACE_BOUND('',#2920,.F.);
#2920 = EDGE_LOOP('',(#2921,#2922,#2930,#2936));
#2921 = ORIENTED_EDGE('',*,*,#779,.T.);
#2922 = ORIENTED_EDGE('',*,*,#2923,.T.);
#2923 = EDGE_CURVE('',#780,#2924,#2926,.T.);
#2924 = VERTEX_POINT('',#2925);
#2925 = CARTESIAN_POINT('',(-244.9793668301,-0.888629038672,18.));
#2926 = LINE('',#2927,#2928);
#2927 = CARTESIAN_POINT('',(-244.9793668301,-0.888629038672,3.8));
#2928 = VECTOR('',#2929,1.);
#2929 = DIRECTION('',(0.,0.,1.));
#2930 = ORIENTED_EDGE('',*,*,#2931,.T.);
#2931 = EDGE_CURVE('',#2924,#2900,#2932,.T.);
#2932 = LINE('',#2933,#2934);
#2933 = CARTESIAN_POINT('',(-244.9793668301,-0.888629038672,18.));
#2934 = VECTOR('',#2935,1.);
#2935 = DIRECTION('',(0.256649808268,0.96650446244,0.));
#2936 = ORIENTED_EDGE('',*,*,#2899,.F.);
#2937 = PLANE('',#2938);
#2938 = AXIS2_PLACEMENT_3D('',#2939,#2940,#2941);
#2939 = CARTESIAN_POINT('',(-244.9793668301,-0.888629038672,3.8));
#2940 = DIRECTION('',(-0.96650446244,0.256649808268,0.));
#2941 = DIRECTION('',(0.256649808268,0.96650446244,0.));
#2942 = ADVANCED_FACE('',(#2943),#2961,.F.);
#2943 = FACE_BOUND('',#2944,.F.);
#2944 = EDGE_LOOP('',(#2945,#2946,#2954,#2960));
#2945 = ORIENTED_EDGE('',*,*,#787,.T.);
#2946 = ORIENTED_EDGE('',*,*,#2947,.T.);
#2947 = EDGE_CURVE('',#788,#2948,#2950,.T.);
#2948 = VERTEX_POINT('',#2949);
#2949 = CARTESIAN_POINT('',(-245.8886507423,-4.529782636756,18.));
#2950 = LINE('',#2951,#2952);
#2951 = CARTESIAN_POINT('',(-245.8886507423,-4.529782636756,3.8));
#2952 = VECTOR('',#2953,1.);
#2953 = DIRECTION('',(0.,0.,1.));
#2954 = ORIENTED_EDGE('',*,*,#2955,.T.);
#2955 = EDGE_CURVE('',#2948,#2924,#2956,.T.);
#2956 = LINE('',#2957,#2958);
#2957 = CARTESIAN_POINT('',(-245.8886507423,-4.529782636756,18.));
#2958 = VECTOR('',#2959,1.);
#2959 = DIRECTION('',(0.242283709862,0.97020544419,0.));
#2960 = ORIENTED_EDGE('',*,*,#2923,.F.);
#2961 = PLANE('',#2962);
#2962 = AXIS2_PLACEMENT_3D('',#2963,#2964,#2965);
#2963 = CARTESIAN_POINT('',(-245.8886507423,-4.529782636756,3.8));
#2964 = DIRECTION('',(-0.97020544419,0.242283709862,0.));
#2965 = DIRECTION('',(0.242283709862,0.97020544419,0.));
#2966 = ADVANCED_FACE('',(#2967),#2985,.F.);
#2967 = FACE_BOUND('',#2968,.F.);
#2968 = EDGE_LOOP('',(#2969,#2970,#2978,#2984));
#2969 = ORIENTED_EDGE('',*,*,#795,.T.);
#2970 = ORIENTED_EDGE('',*,*,#2971,.T.);
#2971 = EDGE_CURVE('',#796,#2972,#2974,.T.);
#2972 = VERTEX_POINT('',#2973);
#2973 = CARTESIAN_POINT('',(-246.7438189763,-8.184024562152,18.));
#2974 = LINE('',#2975,#2976);
#2975 = CARTESIAN_POINT('',(-246.7438189763,-8.184024562152,3.8));
#2976 = VECTOR('',#2977,1.);
#2977 = DIRECTION('',(0.,0.,1.));
#2978 = ORIENTED_EDGE('',*,*,#2979,.T.);
#2979 = EDGE_CURVE('',#2972,#2948,#2980,.T.);
#2980 = LINE('',#2981,#2982);
#2981 = CARTESIAN_POINT('',(-246.7438189763,-8.184024562152,18.));
#2982 = VECTOR('',#2983,1.);
#2983 = DIRECTION('',(0.22786428916,0.973692901138,0.));
#2984 = ORIENTED_EDGE('',*,*,#2947,.F.);
#2985 = PLANE('',#2986);
#2986 = AXIS2_PLACEMENT_3D('',#2987,#2988,#2989);
#2987 = CARTESIAN_POINT('',(-246.7438189763,-8.184024562152,3.8));
#2988 = DIRECTION('',(-0.973692901138,0.22786428916,0.));
#2989 = DIRECTION('',(0.22786428916,0.973692901138,0.));
#2990 = ADVANCED_FACE('',(#2991),#3009,.F.);
#2991 = FACE_BOUND('',#2992,.F.);
#2992 = EDGE_LOOP('',(#2993,#2994,#3002,#3008));
#2993 = ORIENTED_EDGE('',*,*,#803,.T.);
#2994 = ORIENTED_EDGE('',*,*,#2995,.T.);
#2995 = EDGE_CURVE('',#804,#2996,#2998,.T.);
#2996 = VERTEX_POINT('',#2997);
#2997 = CARTESIAN_POINT('',(-247.544683325,-11.8505505818,18.));
#2998 = LINE('',#2999,#3000);
#2999 = CARTESIAN_POINT('',(-247.544683325,-11.8505505818,3.8));
#3000 = VECTOR('',#3001,1.);
#3001 = DIRECTION('',(0.,0.,1.));
#3002 = ORIENTED_EDGE('',*,*,#3003,.T.);
#3003 = EDGE_CURVE('',#2996,#2972,#3004,.T.);
#3004 = LINE('',#3005,#3006);
#3005 = CARTESIAN_POINT('',(-247.544683325,-11.8505505818,18.));
#3006 = VECTOR('',#3007,1.);
#3007 = DIRECTION('',(0.213394719619,0.976966065756,0.));
#3008 = ORIENTED_EDGE('',*,*,#2971,.F.);
#3009 = PLANE('',#3010);
#3010 = AXIS2_PLACEMENT_3D('',#3011,#3012,#3013);
#3011 = CARTESIAN_POINT('',(-247.544683325,-11.8505505818,3.8));
#3012 = DIRECTION('',(-0.976966065756,0.213394719619,0.));
#3013 = DIRECTION('',(0.213394719619,0.976966065756,0.));
#3014 = ADVANCED_FACE('',(#3015),#3033,.F.);
#3015 = FACE_BOUND('',#3016,.F.);
#3016 = EDGE_LOOP('',(#3017,#3018,#3026,#3032));
#3017 = ORIENTED_EDGE('',*,*,#811,.T.);
#3018 = ORIENTED_EDGE('',*,*,#3019,.T.);
#3019 = EDGE_CURVE('',#812,#3020,#3022,.T.);
#3020 = VERTEX_POINT('',#3021);
#3021 = CARTESIAN_POINT('',(-248.2910675325,-15.52855375916,18.));
#3022 = LINE('',#3023,#3024);
#3023 = CARTESIAN_POINT('',(-248.2910675325,-15.52855375916,3.8));
#3024 = VECTOR('',#3025,1.);
#3025 = DIRECTION('',(0.,0.,1.));
#3026 = ORIENTED_EDGE('',*,*,#3027,.T.);
#3027 = EDGE_CURVE('',#3020,#2996,#3028,.T.);
#3028 = LINE('',#3029,#3030);
#3029 = CARTESIAN_POINT('',(-248.2910675325,-15.52855375916,18.));
#3030 = VECTOR('',#3031,1.);
#3031 = DIRECTION('',(0.19887818573,0.980024217681,0.));
#3032 = ORIENTED_EDGE('',*,*,#2995,.F.);
#3033 = PLANE('',#3034);
#3034 = AXIS2_PLACEMENT_3D('',#3035,#3036,#3037);
#3035 = CARTESIAN_POINT('',(-248.2910675325,-15.52855375916,3.8));
#3036 = DIRECTION('',(-0.980024217681,0.19887818573,0.));
#3037 = DIRECTION('',(0.19887818573,0.980024217681,0.));
#3038 = ADVANCED_FACE('',(#3039),#3057,.F.);
#3039 = FACE_BOUND('',#3040,.F.);
#3040 = EDGE_LOOP('',(#3041,#3042,#3050,#3056));
#3041 = ORIENTED_EDGE('',*,*,#819,.T.);
#3042 = ORIENTED_EDGE('',*,*,#3043,.T.);
#3043 = EDGE_CURVE('',#820,#3044,#3046,.T.);
#3044 = VERTEX_POINT('',#3045);
#3045 = CARTESIAN_POINT('',(-248.982807333,-19.21722463174,18.));
#3046 = LINE('',#3047,#3048);
#3047 = CARTESIAN_POINT('',(-248.982807333,-19.21722463174,3.8));
#3048 = VECTOR('',#3049,1.);
#3049 = DIRECTION('',(0.,0.,1.));
#3050 = ORIENTED_EDGE('',*,*,#3051,.T.);
#3051 = EDGE_CURVE('',#3044,#3020,#3052,.T.);
#3052 = LINE('',#3053,#3054);
#3053 = CARTESIAN_POINT('',(-248.982807333,-19.21722463174,18.));
#3054 = VECTOR('',#3055,1.);
#3055 = DIRECTION('',(0.184317882323,0.982866683867,0.));
#3056 = ORIENTED_EDGE('',*,*,#3019,.F.);
#3057 = PLANE('',#3058);
#3058 = AXIS2_PLACEMENT_3D('',#3059,#3060,#3061);
#3059 = CARTESIAN_POINT('',(-248.982807333,-19.21722463174,3.8));
#3060 = DIRECTION('',(-0.982866683867,0.184317882323,0.));
#3061 = DIRECTION('',(0.184317882323,0.982866683867,0.));
#3062 = ADVANCED_FACE('',(#3063),#3081,.F.);
#3063 = FACE_BOUND('',#3064,.F.);
#3064 = EDGE_LOOP('',(#3065,#3066,#3074,#3080));
#3065 = ORIENTED_EDGE('',*,*,#827,.T.);
#3066 = ORIENTED_EDGE('',*,*,#3067,.T.);
#3067 = EDGE_CURVE('',#828,#3068,#3070,.T.);
#3068 = VERTEX_POINT('',#3069);
#3069 = CARTESIAN_POINT('',(-249.619750487,-22.91575138929,18.));
#3070 = LINE('',#3071,#3072);
#3071 = CARTESIAN_POINT('',(-249.619750487,-22.91575138929,3.8));
#3072 = VECTOR('',#3073,1.);
#3073 = DIRECTION('',(0.,0.,1.));
#3074 = ORIENTED_EDGE('',*,*,#3075,.T.);
#3075 = EDGE_CURVE('',#3068,#3044,#3076,.T.);
#3076 = LINE('',#3077,#3078);
#3077 = CARTESIAN_POINT('',(-249.619750487,-22.91575138929,18.));
#3078 = VECTOR('',#3079,1.);
#3079 = DIRECTION('',(0.169717013858,0.98549283874,0.));
#3080 = ORIENTED_EDGE('',*,*,#3043,.F.);
#3081 = PLANE('',#3082);
#3082 = AXIS2_PLACEMENT_3D('',#3083,#3084,#3085);
#3083 = CARTESIAN_POINT('',(-249.619750487,-22.91575138929,3.8));
#3084 = DIRECTION('',(-0.98549283874,0.169717013858,0.));
#3085 = DIRECTION('',(0.169717013858,0.98549283874,0.));
#3086 = ADVANCED_FACE('',(#3087),#3105,.F.);
#3087 = FACE_BOUND('',#3088,.F.);
#3088 = EDGE_LOOP('',(#3089,#3090,#3098,#3104));
#3089 = ORIENTED_EDGE('',*,*,#835,.T.);
#3090 = ORIENTED_EDGE('',*,*,#3091,.T.);
#3091 = EDGE_CURVE('',#836,#3092,#3094,.T.);
#3092 = VERTEX_POINT('',#3093);
#3093 = CARTESIAN_POINT('',(-300.9294305686,-14.47082806693,18.));
#3094 = LINE('',#3095,#3096);
#3095 = CARTESIAN_POINT('',(-300.9294305686,-14.47082806693,3.8));
#3096 = VECTOR('',#3097,1.);
#3097 = DIRECTION('',(0.,0.,1.));
#3098 = ORIENTED_EDGE('',*,*,#3099,.T.);
#3099 = EDGE_CURVE('',#3092,#3068,#3100,.T.);
#3100 = LINE('',#3101,#3102);
#3101 = CARTESIAN_POINT('',(-300.9294305686,-14.47082806693,18.));
#3102 = VECTOR('',#3103,1.);
#3103 = DIRECTION('',(0.986724616954,-0.162402371584,0.));
#3104 = ORIENTED_EDGE('',*,*,#3067,.F.);
#3105 = PLANE('',#3106);
#3106 = AXIS2_PLACEMENT_3D('',#3107,#3108,#3109);
#3107 = CARTESIAN_POINT('',(-300.9294305686,-14.47082806693,3.8));
#3108 = DIRECTION('',(0.162402371584,0.986724616954,0.));
#3109 = DIRECTION('',(0.986724616954,-0.162402371584,0.));
#3110 = ADVANCED_FACE('',(#3111),#3129,.F.);
#3111 = FACE_BOUND('',#3112,.F.);
#3112 = EDGE_LOOP('',(#3113,#3114,#3122,#3128));
#3113 = ORIENTED_EDGE('',*,*,#843,.T.);
#3114 = ORIENTED_EDGE('',*,*,#3115,.T.);
#3115 = EDGE_CURVE('',#844,#3116,#3118,.T.);
#3116 = VERTEX_POINT('',#3117);
#3117 = CARTESIAN_POINT('',(-300.1615628808,-10.01206409124,18.));
#3118 = LINE('',#3119,#3120);
#3119 = CARTESIAN_POINT('',(-300.1615628808,-10.01206409124,3.8));
#3120 = VECTOR('',#3121,1.);
#3121 = DIRECTION('',(0.,0.,1.));
#3122 = ORIENTED_EDGE('',*,*,#3123,.T.);
#3123 = EDGE_CURVE('',#3116,#3092,#3124,.T.);
#3124 = LINE('',#3125,#3126);
#3125 = CARTESIAN_POINT('',(-300.1615628808,-10.01206409124,18.));
#3126 = VECTOR('',#3127,1.);
#3127 = DIRECTION('',(-0.169717013858,-0.98549283874,0.));
#3128 = ORIENTED_EDGE('',*,*,#3091,.F.);
#3129 = PLANE('',#3130);
#3130 = AXIS2_PLACEMENT_3D('',#3131,#3132,#3133);
#3131 = CARTESIAN_POINT('',(-300.1615628808,-10.01206409124,3.8));
#3132 = DIRECTION('',(0.98549283874,-0.169717013858,0.));
#3133 = DIRECTION('',(-0.169717013858,-0.98549283874,0.));
#3134 = ADVANCED_FACE('',(#3135),#3153,.F.);
#3135 = FACE_BOUND('',#3136,.F.);
#3136 = EDGE_LOOP('',(#3137,#3138,#3146,#3152));
#3137 = ORIENTED_EDGE('',*,*,#851,.T.);
#3138 = ORIENTED_EDGE('',*,*,#3139,.T.);
#3139 = EDGE_CURVE('',#852,#3140,#3142,.T.);
#3140 = VERTEX_POINT('',#3141);
#3141 = CARTESIAN_POINT('',(-299.3276350211,-5.565181891116,18.));
#3142 = LINE('',#3143,#3144);
#3143 = CARTESIAN_POINT('',(-299.3276350211,-5.565181891116,3.8));
#3144 = VECTOR('',#3145,1.);
#3145 = DIRECTION('',(0.,0.,1.));
#3146 = ORIENTED_EDGE('',*,*,#3147,.T.);
#3147 = EDGE_CURVE('',#3140,#3116,#3148,.T.);
#3148 = LINE('',#3149,#3150);
#3149 = CARTESIAN_POINT('',(-299.3276350211,-5.565181891116,18.));
#3150 = VECTOR('',#3151,1.);
#3151 = DIRECTION('',(-0.184317882323,-0.982866683867,0.));
#3152 = ORIENTED_EDGE('',*,*,#3115,.F.);
#3153 = PLANE('',#3154);
#3154 = AXIS2_PLACEMENT_3D('',#3155,#3156,#3157);
#3155 = CARTESIAN_POINT('',(-299.3276350211,-5.565181891116,3.8));
#3156 = DIRECTION('',(0.982866683867,-0.184317882323,0.));
#3157 = DIRECTION('',(-0.184317882323,-0.982866683867,0.));
#3158 = ADVANCED_FACE('',(#3159),#3177,.F.);
#3159 = FACE_BOUND('',#3160,.F.);
#3160 = EDGE_LOOP('',(#3161,#3162,#3170,#3176));
#3161 = ORIENTED_EDGE('',*,*,#859,.T.);
#3162 = ORIENTED_EDGE('',*,*,#3163,.T.);
#3163 = EDGE_CURVE('',#860,#3164,#3166,.T.);
#3164 = VERTEX_POINT('',#3165);
#3165 = CARTESIAN_POINT('',(-298.427830522,-1.131160145514,18.));
#3166 = LINE('',#3167,#3168);
#3167 = CARTESIAN_POINT('',(-298.427830522,-1.131160145514,3.8));
#3168 = VECTOR('',#3169,1.);
#3169 = DIRECTION('',(0.,0.,1.));
#3170 = ORIENTED_EDGE('',*,*,#3171,.T.);
#3171 = EDGE_CURVE('',#3164,#3140,#3172,.T.);
#3172 = LINE('',#3173,#3174);
#3173 = CARTESIAN_POINT('',(-298.427830522,-1.131160145514,18.));
#3174 = VECTOR('',#3175,1.);
#3175 = DIRECTION('',(-0.19887818573,-0.980024217681,0.));
#3176 = ORIENTED_EDGE('',*,*,#3139,.F.);
#3177 = PLANE('',#3178);
#3178 = AXIS2_PLACEMENT_3D('',#3179,#3180,#3181);
#3179 = CARTESIAN_POINT('',(-298.427830522,-1.131160145514,3.8));
#3180 = DIRECTION('',(0.980024217681,-0.19887818573,0.));
#3181 = DIRECTION('',(-0.19887818573,-0.980024217681,0.));
#3182 = ADVANCED_FACE('',(#3183),#3201,.F.);
#3183 = FACE_BOUND('',#3184,.F.);
#3184 = EDGE_LOOP('',(#3185,#3186,#3194,#3200));
#3185 = ORIENTED_EDGE('',*,*,#867,.T.);
#3186 = ORIENTED_EDGE('',*,*,#3187,.T.);
#3187 = EDGE_CURVE('',#868,#3188,#3190,.T.);
#3188 = VERTEX_POINT('',#3189);
#3189 = CARTESIAN_POINT('',(-297.4623474145,3.289025296973,18.));
#3190 = LINE('',#3191,#3192);
#3191 = CARTESIAN_POINT('',(-297.4623474145,3.289025296973,3.8));
#3192 = VECTOR('',#3193,1.);
#3193 = DIRECTION('',(0.,0.,1.));
#3194 = ORIENTED_EDGE('',*,*,#3195,.T.);
#3195 = EDGE_CURVE('',#3188,#3164,#3196,.T.);
#3196 = LINE('',#3197,#3198);
#3197 = CARTESIAN_POINT('',(-297.4623474145,3.289025296973,18.));
#3198 = VECTOR('',#3199,1.);
#3199 = DIRECTION('',(-0.213394719619,-0.976966065756,0.));
#3200 = ORIENTED_EDGE('',*,*,#3163,.F.);
#3201 = PLANE('',#3202);
#3202 = AXIS2_PLACEMENT_3D('',#3203,#3204,#3205);
#3203 = CARTESIAN_POINT('',(-297.4623474145,3.289025296973,3.8));
#3204 = DIRECTION('',(0.976966065756,-0.213394719619,0.));
#3205 = DIRECTION('',(-0.213394719619,-0.976966065756,0.));
#3206 = ADVANCED_FACE('',(#3207),#3225,.F.);
#3207 = FACE_BOUND('',#3208,.F.);
#3208 = EDGE_LOOP('',(#3209,#3210,#3218,#3224));
#3209 = ORIENTED_EDGE('',*,*,#875,.T.);
#3210 = ORIENTED_EDGE('',*,*,#3211,.T.);
#3211 = EDGE_CURVE('',#876,#3212,#3214,.T.);
#3212 = VERTEX_POINT('',#3213);
#3213 = CARTESIAN_POINT('',(-296.4313981839,7.694401632876,18.));
#3214 = LINE('',#3215,#3216);
#3215 = CARTESIAN_POINT('',(-296.4313981839,7.694401632876,3.8));
#3216 = VECTOR('',#3217,1.);
#3217 = DIRECTION('',(0.,0.,1.));
#3218 = ORIENTED_EDGE('',*,*,#3219,.T.);
#3219 = EDGE_CURVE('',#3212,#3188,#3220,.T.);
#3220 = LINE('',#3221,#3222);
#3221 = CARTESIAN_POINT('',(-296.4313981839,7.694401632876,18.));
#3222 = VECTOR('',#3223,1.);
#3223 = DIRECTION('',(-0.22786428916,-0.973692901138,0.));
#3224 = ORIENTED_EDGE('',*,*,#3187,.F.);
#3225 = PLANE('',#3226);
#3226 = AXIS2_PLACEMENT_3D('',#3227,#3228,#3229);
#3227 = CARTESIAN_POINT('',(-296.4313981839,7.694401632876,3.8));
#3228 = DIRECTION('',(0.973692901138,-0.22786428916,0.));
#3229 = DIRECTION('',(-0.22786428916,-0.973692901138,0.));
#3230 = ADVANCED_FACE('',(#3231),#3249,.F.);
#3231 = FACE_BOUND('',#3232,.F.);
#3232 = EDGE_LOOP('',(#3233,#3234,#3242,#3248));
#3233 = ORIENTED_EDGE('',*,*,#883,.T.);
#3234 = ORIENTED_EDGE('',*,*,#3235,.T.);
#3235 = EDGE_CURVE('',#884,#3236,#3238,.T.);
#3236 = VERTEX_POINT('',#3237);
#3237 = CARTESIAN_POINT('',(-295.3352097237,12.083999317941,18.));
#3238 = LINE('',#3239,#3240);
#3239 = CARTESIAN_POINT('',(-295.3352097237,12.083999317941,3.8));
#3240 = VECTOR('',#3241,1.);
#3241 = DIRECTION('',(0.,0.,1.));
#3242 = ORIENTED_EDGE('',*,*,#3243,.T.);
#3243 = EDGE_CURVE('',#3236,#3212,#3244,.T.);
#3244 = LINE('',#3245,#3246);
#3245 = CARTESIAN_POINT('',(-295.3352097237,12.083999317941,18.));
#3246 = VECTOR('',#3247,1.);
#3247 = DIRECTION('',(-0.242283709862,-0.97020544419,0.));
#3248 = ORIENTED_EDGE('',*,*,#3211,.F.);
#3249 = PLANE('',#3250);
#3250 = AXIS2_PLACEMENT_3D('',#3251,#3252,#3253);
#3251 = CARTESIAN_POINT('',(-295.3352097237,12.083999317941,3.8));
#3252 = DIRECTION('',(0.97020544419,-0.242283709862,0.));
#3253 = DIRECTION('',(-0.242283709862,-0.97020544419,0.));
#3254 = ADVANCED_FACE('',(#3255),#3273,.F.);
#3255 = FACE_BOUND('',#3256,.F.);
#3256 = EDGE_LOOP('',(#3257,#3258,#3266,#3272));
#3257 = ORIENTED_EDGE('',*,*,#891,.T.);
#3258 = ORIENTED_EDGE('',*,*,#3259,.T.);
#3259 = EDGE_CURVE('',#892,#3260,#3262,.T.);
#3260 = VERTEX_POINT('',#3261);
#3261 = CARTESIAN_POINT('',(-294.1740232853,16.456852280515,18.));
#3262 = LINE('',#3263,#3264);
#3263 = CARTESIAN_POINT('',(-294.1740232853,16.456852280515,3.8));
#3264 = VECTOR('',#3265,1.);
#3265 = DIRECTION('',(0.,0.,1.));
#3266 = ORIENTED_EDGE('',*,*,#3267,.T.);
#3267 = EDGE_CURVE('',#3260,#3236,#3268,.T.);
#3268 = LINE('',#3269,#3270);
#3269 = CARTESIAN_POINT('',(-294.1740232853,16.456852280515,18.));
#3270 = VECTOR('',#3271,1.);
#3271 = DIRECTION('',(-0.256649808268,-0.96650446244,0.));
#3272 = ORIENTED_EDGE('',*,*,#3235,.F.);
#3273 = PLANE('',#3274);
#3274 = AXIS2_PLACEMENT_3D('',#3275,#3276,#3277);
#3275 = CARTESIAN_POINT('',(-294.1740232853,16.456852280515,3.8));
#3276 = DIRECTION('',(0.96650446244,-0.256649808268,0.));
#3277 = DIRECTION('',(-0.256649808268,-0.96650446244,0.));
#3278 = ADVANCED_FACE('',(#3279),#3297,.F.);
#3279 = FACE_BOUND('',#3280,.F.);
#3280 = EDGE_LOOP('',(#3281,#3282,#3290,#3296));
#3281 = ORIENTED_EDGE('',*,*,#899,.T.);
#3282 = ORIENTED_EDGE('',*,*,#3283,.T.);
#3283 = EDGE_CURVE('',#900,#3284,#3286,.T.);
#3284 = VERTEX_POINT('',#3285);
#3285 = CARTESIAN_POINT('',(-292.948094425,20.811998134155,18.));
#3286 = LINE('',#3287,#3288);
#3287 = CARTESIAN_POINT('',(-292.948094425,20.811998134155,3.8));
#3288 = VECTOR('',#3289,1.);
#3289 = DIRECTION('',(0.,0.,1.));
#3290 = ORIENTED_EDGE('',*,*,#3291,.T.);
#3291 = EDGE_CURVE('',#3284,#3260,#3292,.T.);
#3292 = LINE('',#3293,#3294);
#3293 = CARTESIAN_POINT('',(-292.948094425,20.811998134155,18.));
#3294 = VECTOR('',#3295,1.);
#3295 = DIRECTION('',(-0.270959422659,-0.962590770407,0.));
#3296 = ORIENTED_EDGE('',*,*,#3259,.F.);
#3297 = PLANE('',#3298);
#3298 = AXIS2_PLACEMENT_3D('',#3299,#3300,#3301);
#3299 = CARTESIAN_POINT('',(-292.948094425,20.811998134155,3.8));
#3300 = DIRECTION('',(0.962590770407,-0.270959422659,0.));
#3301 = DIRECTION('',(-0.270959422659,-0.962590770407,0.));
#3302 = ADVANCED_FACE('',(#3303),#3321,.F.);
#3303 = FACE_BOUND('',#3304,.F.);
#3304 = EDGE_LOOP('',(#3305,#3306,#3314,#3320));
#3305 = ORIENTED_EDGE('',*,*,#907,.T.);
#3306 = ORIENTED_EDGE('',*,*,#3307,.T.);
#3307 = EDGE_CURVE('',#908,#3308,#3310,.T.);
#3308 = VERTEX_POINT('',#3309);
#3309 = CARTESIAN_POINT('',(-291.6576929477,25.148478389439,18.));
#3310 = LINE('',#3311,#3312);
#3311 = CARTESIAN_POINT('',(-291.6576929477,25.148478389439,3.8));
#3312 = VECTOR('',#3313,1.);
#3313 = DIRECTION('',(0.,0.,1.));
#3314 = ORIENTED_EDGE('',*,*,#3315,.T.);
#3315 = EDGE_CURVE('',#3308,#3284,#3316,.T.);
#3316 = LINE('',#3317,#3318);
#3317 = CARTESIAN_POINT('',(-291.6576929477,25.148478389439,18.));
#3318 = VECTOR('',#3319,1.);
#3319 = DIRECTION('',(-0.285209403744,-0.958465229425,0.));
#3320 = ORIENTED_EDGE('',*,*,#3283,.F.);
#3321 = PLANE('',#3322);
#3322 = AXIS2_PLACEMENT_3D('',#3323,#3324,#3325);
#3323 = CARTESIAN_POINT('',(-291.6576929477,25.148478389439,3.8));
#3324 = DIRECTION('',(0.958465229425,-0.285209403744,0.));
#3325 = DIRECTION('',(-0.285209403744,-0.958465229425,0.));
#3326 = ADVANCED_FACE('',(#3327),#3345,.F.);
#3327 = FACE_BOUND('',#3328,.F.);
#3328 = EDGE_LOOP('',(#3329,#3330,#3338,#3344));
#3329 = ORIENTED_EDGE('',*,*,#915,.T.);
#3330 = ORIENTED_EDGE('',*,*,#3331,.T.);
#3331 = EDGE_CURVE('',#916,#3332,#3334,.T.);
#3332 = VERTEX_POINT('',#3333);
#3333 = CARTESIAN_POINT('',(-290.3031028477,29.465338664903,18.));
#3334 = LINE('',#3335,#3336);
#3335 = CARTESIAN_POINT('',(-290.3031028477,29.465338664903,3.8));
#3336 = VECTOR('',#3337,1.);
#3337 = DIRECTION('',(0.,0.,1.));
#3338 = ORIENTED_EDGE('',*,*,#3339,.T.);
#3339 = EDGE_CURVE('',#3332,#3308,#3340,.T.);
#3340 = LINE('',#3341,#3342);
#3341 = CARTESIAN_POINT('',(-290.3031028477,29.465338664903,18.));
#3342 = VECTOR('',#3343,1.);
#3343 = DIRECTION('',(-0.29939661536,-0.95412874745,0.));
#3344 = ORIENTED_EDGE('',*,*,#3307,.F.);
#3345 = PLANE('',#3346);
#3346 = AXIS2_PLACEMENT_3D('',#3347,#3348,#3349);
#3347 = CARTESIAN_POINT('',(-290.3031028477,29.465338664903,3.8));
#3348 = DIRECTION('',(0.95412874745,-0.29939661536,0.));
#3349 = DIRECTION('',(-0.29939661536,-0.95412874745,0.));
#3350 = ADVANCED_FACE('',(#3351),#3369,.F.);
#3351 = FACE_BOUND('',#3352,.F.);
#3352 = EDGE_LOOP('',(#3353,#3354,#3362,#3368));
#3353 = ORIENTED_EDGE('',*,*,#923,.T.);
#3354 = ORIENTED_EDGE('',*,*,#3355,.T.);
#3355 = EDGE_CURVE('',#924,#3356,#3358,.T.);
#3356 = VERTEX_POINT('',#3357);
#3357 = CARTESIAN_POINT('',(-288.8846222458,33.761628897092,18.));
#3358 = LINE('',#3359,#3360);
#3359 = CARTESIAN_POINT('',(-288.8846222458,33.761628897092,3.8));
#3360 = VECTOR('',#3361,1.);
#3361 = DIRECTION('',(0.,0.,1.));
#3362 = ORIENTED_EDGE('',*,*,#3363,.T.);
#3363 = EDGE_CURVE('',#3356,#3332,#3364,.T.);
#3364 = LINE('',#3365,#3366);
#3365 = CARTESIAN_POINT('',(-288.8846222458,33.761628897092,18.));
#3366 = VECTOR('',#3367,1.);
#3367 = DIRECTION('',(-0.313517935154,-0.949582278866,0.));
#3368 = ORIENTED_EDGE('',*,*,#3331,.F.);
#3369 = PLANE('',#3370);
#3370 = AXIS2_PLACEMENT_3D('',#3371,#3372,#3373);
#3371 = CARTESIAN_POINT('',(-288.8846222458,33.761628897092,3.8));
#3372 = DIRECTION('',(0.949582278866,-0.313517935154,0.));
#3373 = DIRECTION('',(-0.313517935154,-0.949582278866,0.));
#3374 = ADVANCED_FACE('',(#3375),#3393,.F.);
#3375 = FACE_BOUND('',#3376,.F.);
#3376 = EDGE_LOOP('',(#3377,#3378,#3386,#3392));
#3377 = ORIENTED_EDGE('',*,*,#931,.T.);
#3378 = ORIENTED_EDGE('',*,*,#3379,.T.);
#3379 = EDGE_CURVE('',#932,#3380,#3382,.T.);
#3380 = VERTEX_POINT('',#3381);
#3381 = CARTESIAN_POINT('',(-287.4025633243,38.036403549647,18.));
#3382 = LINE('',#3383,#3384);
#3383 = CARTESIAN_POINT('',(-287.4025633243,38.036403549647,3.8));
#3384 = VECTOR('',#3385,1.);
#3385 = DIRECTION('',(0.,0.,1.));
#3386 = ORIENTED_EDGE('',*,*,#3387,.T.);
#3387 = EDGE_CURVE('',#3380,#3356,#3388,.T.);
#3388 = LINE('',#3389,#3390);
#3389 = CARTESIAN_POINT('',(-287.4025633243,38.036403549647,18.));
#3390 = VECTOR('',#3391,1.);
#3391 = DIRECTION('',(-0.32757025528,-0.944826824268,0.));
#3392 = ORIENTED_EDGE('',*,*,#3355,.F.);
#3393 = PLANE('',#3394);
#3394 = AXIS2_PLACEMENT_3D('',#3395,#3396,#3397);
#3395 = CARTESIAN_POINT('',(-287.4025633243,38.036403549647,3.8));
#3396 = DIRECTION('',(0.944826824268,-0.32757025528,0.));
#3397 = DIRECTION('',(-0.32757025528,-0.944826824268,0.));
#3398 = ADVANCED_FACE('',(#3399),#3417,.F.);
#3399 = FACE_BOUND('',#3400,.F.);
#3400 = EDGE_LOOP('',(#3401,#3402,#3410,#3416));
#3401 = ORIENTED_EDGE('',*,*,#939,.T.);
#3402 = ORIENTED_EDGE('',*,*,#3403,.T.);
#3403 = EDGE_CURVE('',#940,#3404,#3406,.T.);
#3404 = VERTEX_POINT('',#3405);
#3405 = CARTESIAN_POINT('',(-285.8572522577,42.288721821402,18.));
#3406 = LINE('',#3407,#3408);
#3407 = CARTESIAN_POINT('',(-285.8572522577,42.288721821402,3.8));
#3408 = VECTOR('',#3409,1.);
#3409 = DIRECTION('',(0.,0.,1.));
#3410 = ORIENTED_EDGE('',*,*,#3411,.T.);
#3411 = EDGE_CURVE('',#3404,#3380,#3412,.T.);
#3412 = LINE('',#3413,#3414);
#3413 = CARTESIAN_POINT('',(-285.8572522577,42.288721821402,18.));
#3414 = VECTOR('',#3415,1.);
#3415 = DIRECTION('',(-0.341550483072,-0.939863430246,0.));
#3416 = ORIENTED_EDGE('',*,*,#3379,.F.);
#3417 = PLANE('',#3418);
#3418 = AXIS2_PLACEMENT_3D('',#3419,#3420,#3421);
#3419 = CARTESIAN_POINT('',(-285.8572522577,42.288721821402,3.8));
#3420 = DIRECTION('',(0.939863430246,-0.341550483072,0.));
#3421 = DIRECTION('',(-0.341550483072,-0.939863430246,0.));
#3422 = ADVANCED_FACE('',(#3423),#3441,.F.);
#3423 = FACE_BOUND('',#3424,.F.);
#3424 = EDGE_LOOP('',(#3425,#3426,#3434,#3440));
#3425 = ORIENTED_EDGE('',*,*,#947,.T.);
#3426 = ORIENTED_EDGE('',*,*,#3427,.T.);
#3427 = EDGE_CURVE('',#948,#3428,#3430,.T.);
#3428 = VERTEX_POINT('',#3429);
#3429 = CARTESIAN_POINT('',(-284.2490291411,46.517647853437,18.));
#3430 = LINE('',#3431,#3432);
#3431 = CARTESIAN_POINT('',(-284.2490291411,46.517647853437,3.8));
#3432 = VECTOR('',#3433,1.);
#3433 = DIRECTION('',(0.,0.,1.));
#3434 = ORIENTED_EDGE('',*,*,#3435,.T.);
#3435 = EDGE_CURVE('',#3428,#3404,#3436,.T.);
#3436 = LINE('',#3437,#3438);
#3437 = CARTESIAN_POINT('',(-284.2490291411,46.517647853437,18.));
#3438 = VECTOR('',#3439,1.);
#3439 = DIRECTION('',(-0.355455541733,-0.934693189154,0.));
#3440 = ORIENTED_EDGE('',*,*,#3403,.F.);
#3441 = PLANE('',#3442);
#3442 = AXIS2_PLACEMENT_3D('',#3443,#3444,#3445);
#3443 = CARTESIAN_POINT('',(-284.2490291411,46.517647853437,3.8));
#3444 = DIRECTION('',(0.934693189154,-0.355455541733,0.));
#3445 = DIRECTION('',(-0.355455541733,-0.934693189154,0.));
#3446 = ADVANCED_FACE('',(#3447),#3465,.F.);
#3447 = FACE_BOUND('',#3448,.F.);
#3448 = EDGE_LOOP('',(#3449,#3450,#3458,#3464));
#3449 = ORIENTED_EDGE('',*,*,#955,.T.);
#3450 = ORIENTED_EDGE('',*,*,#3451,.T.);
#3451 = EDGE_CURVE('',#956,#3452,#3454,.T.);
#3452 = VERTEX_POINT('',#3453);
#3453 = CARTESIAN_POINT('',(-282.5782479157,50.722250935045,18.));
#3454 = LINE('',#3455,#3456);
#3455 = CARTESIAN_POINT('',(-282.5782479157,50.722250935045,3.8));
#3456 = VECTOR('',#3457,1.);
#3457 = DIRECTION('',(0.,0.,1.));
#3458 = ORIENTED_EDGE('',*,*,#3459,.T.);
#3459 = EDGE_CURVE('',#3452,#3428,#3460,.T.);
#3460 = LINE('',#3461,#3462);
#3461 = CARTESIAN_POINT('',(-282.5782479157,50.722250935045,18.));
#3462 = VECTOR('',#3463,1.);
#3463 = DIRECTION('',(-0.369282371011,-0.92931723887,0.));
#3464 = ORIENTED_EDGE('',*,*,#3427,.F.);
#3465 = PLANE('',#3466);
#3466 = AXIS2_PLACEMENT_3D('',#3467,#3468,#3469);
#3467 = CARTESIAN_POINT('',(-282.5782479157,50.722250935045,3.8));
#3468 = DIRECTION('',(0.92931723887,-0.369282371011,0.));
#3469 = DIRECTION('',(-0.369282371011,-0.92931723887,0.));
#3470 = ADVANCED_FACE('',(#3471),#3489,.F.);
#3471 = FACE_BOUND('',#3472,.F.);
#3472 = EDGE_LOOP('',(#3473,#3474,#3482,#3488));
#3473 = ORIENTED_EDGE('',*,*,#963,.T.);
#3474 = ORIENTED_EDGE('',*,*,#3475,.T.);
#3475 = EDGE_CURVE('',#964,#3476,#3478,.T.);
#3476 = VERTEX_POINT('',#3477);
#3477 = CARTESIAN_POINT('',(-280.8452762905,54.901605708563,18.));
#3478 = LINE('',#3479,#3480);
#3479 = CARTESIAN_POINT('',(-280.8452762905,54.901605708563,3.8));
#3480 = VECTOR('',#3481,1.);
#3481 = DIRECTION('',(0.,0.,1.));
#3482 = ORIENTED_EDGE('',*,*,#3483,.T.);
#3483 = EDGE_CURVE('',#3476,#3452,#3484,.T.);
#3484 = LINE('',#3485,#3486);
#3485 = CARTESIAN_POINT('',(-280.8452762905,54.901605708563,18.));
#3486 = VECTOR('',#3487,1.);
#3487 = DIRECTION('',(-0.383027927868,-0.923736762543,0.));
#3488 = ORIENTED_EDGE('',*,*,#3451,.F.);
#3489 = PLANE('',#3490);
#3490 = AXIS2_PLACEMENT_3D('',#3491,#3492,#3493);
#3491 = CARTESIAN_POINT('',(-280.8452762905,54.901605708563,3.8));
#3492 = DIRECTION('',(0.923736762543,-0.383027927868,0.));
#3493 = DIRECTION('',(-0.383027927868,-0.923736762543,0.));
#3494 = ADVANCED_FACE('',(#3495),#3513,.F.);
#3495 = FACE_BOUND('',#3496,.F.);
#3496 = EDGE_LOOP('',(#3497,#3498,#3506,#3512));
#3497 = ORIENTED_EDGE('',*,*,#971,.T.);
#3498 = ORIENTED_EDGE('',*,*,#3499,.T.);
#3499 = EDGE_CURVE('',#972,#3500,#3502,.T.);
#3500 = VERTEX_POINT('',#3501);
#3501 = CARTESIAN_POINT('',(-279.0504956612,59.054792373027,18.));
#3502 = LINE('',#3503,#3504);
#3503 = CARTESIAN_POINT('',(-279.0504956612,59.054792373027,3.8));
#3504 = VECTOR('',#3505,1.);
#3505 = DIRECTION('',(0.,0.,1.));
#3506 = ORIENTED_EDGE('',*,*,#3507,.T.);
#3507 = EDGE_CURVE('',#3500,#3476,#3508,.T.);
#3508 = LINE('',#3509,#3510);
#3509 = CARTESIAN_POINT('',(-279.0504956612,59.054792373027,18.));
#3510 = VECTOR('',#3511,1.);
#3511 = DIRECTION('',(-0.396689187153,-0.917952988336,0.));
#3512 = ORIENTED_EDGE('',*,*,#3475,.F.);
#3513 = PLANE('',#3514);
#3514 = AXIS2_PLACEMENT_3D('',#3515,#3516,#3517);
#3515 = CARTESIAN_POINT('',(-279.0504956612,59.054792373027,3.8));
#3516 = DIRECTION('',(0.917952988336,-0.396689187153,0.));
#3517 = DIRECTION('',(-0.396689187153,-0.917952988336,0.));
#3518 = ADVANCED_FACE('',(#3519),#3537,.F.);
#3519 = FACE_BOUND('',#3520,.F.);
#3520 = EDGE_LOOP('',(#3521,#3522,#3530,#3536));
#3521 = ORIENTED_EDGE('',*,*,#979,.T.);
#3522 = ORIENTED_EDGE('',*,*,#3523,.T.);
#3523 = EDGE_CURVE('',#980,#3524,#3526,.T.);
#3524 = VERTEX_POINT('',#3525);
#3525 = CARTESIAN_POINT('',(-277.194301027,63.180896886606,18.));
#3526 = LINE('',#3527,#3528);
#3527 = CARTESIAN_POINT('',(-277.194301027,63.180896886606,3.8));
#3528 = VECTOR('',#3529,1.);
#3529 = DIRECTION('',(0.,0.,1.));
#3530 = ORIENTED_EDGE('',*,*,#3531,.T.);
#3531 = EDGE_CURVE('',#3524,#3500,#3532,.T.);
#3532 = LINE('',#3533,#3534);
#3533 = CARTESIAN_POINT('',(-277.194301027,63.180896886606,18.));
#3534 = VECTOR('',#3535,1.);
#3535 = DIRECTION('',(-0.410263142269,-0.911967189155,0.));
#3536 = ORIENTED_EDGE('',*,*,#3499,.F.);
#3537 = PLANE('',#3538);
#3538 = AXIS2_PLACEMENT_3D('',#3539,#3540,#3541);
#3539 = CARTESIAN_POINT('',(-277.194301027,63.180896886606,3.8));
#3540 = DIRECTION('',(0.911967189155,-0.410263142269,0.));
#3541 = DIRECTION('',(-0.410263142269,-0.911967189155,0.));
#3542 = ADVANCED_FACE('',(#3543),#3561,.F.);
#3543 = FACE_BOUND('',#3544,.F.);
#3544 = EDGE_LOOP('',(#3545,#3546,#3554,#3560));
#3545 = ORIENTED_EDGE('',*,*,#987,.T.);
#3546 = ORIENTED_EDGE('',*,*,#3547,.T.);
#3547 = EDGE_CURVE('',#988,#3548,#3550,.T.);
#3548 = VERTEX_POINT('',#3549);
#3549 = CARTESIAN_POINT('',(-275.277100903,67.279011167761,18.));
#3550 = LINE('',#3551,#3552);
#3551 = CARTESIAN_POINT('',(-275.277100903,67.279011167761,3.8));
#3552 = VECTOR('',#3553,1.);
#3553 = DIRECTION('',(0.,0.,1.));
#3554 = ORIENTED_EDGE('',*,*,#3555,.T.);
#3555 = EDGE_CURVE('',#3548,#3524,#3556,.T.);
#3556 = LINE('',#3557,#3558);
#3557 = CARTESIAN_POINT('',(-275.277100903,67.279011167761,18.));
#3558 = VECTOR('',#3559,1.);
#3559 = DIRECTION('',(-0.423746805832,-0.905780682366,0.));
#3560 = ORIENTED_EDGE('',*,*,#3523,.F.);
#3561 = PLANE('',#3562);
#3562 = AXIS2_PLACEMENT_3D('',#3563,#3564,#3565);
#3563 = CARTESIAN_POINT('',(-275.277100903,67.279011167761,3.8));
#3564 = DIRECTION('',(0.905780682366,-0.423746805832,0.));
#3565 = DIRECTION('',(-0.423746805832,-0.905780682366,0.));
#3566 = ADVANCED_FACE('',(#3567),#3585,.F.);
#3567 = FACE_BOUND('',#3568,.F.);
#3568 = EDGE_LOOP('',(#3569,#3570,#3578,#3584));
#3569 = ORIENTED_EDGE('',*,*,#995,.T.);
#3570 = ORIENTED_EDGE('',*,*,#3571,.T.);
#3571 = EDGE_CURVE('',#996,#3572,#3574,.T.);
#3572 = VERTEX_POINT('',#3573);
#3573 = CARTESIAN_POINT('',(-273.2993172304,71.348233295104,18.));
#3574 = LINE('',#3575,#3576);
#3575 = CARTESIAN_POINT('',(-273.2993172304,71.348233295104,3.8));
#3576 = VECTOR('',#3577,1.);
#3577 = DIRECTION('',(0.,0.,1.));
#3578 = ORIENTED_EDGE('',*,*,#3579,.T.);
#3579 = EDGE_CURVE('',#3572,#3548,#3580,.T.);
#3580 = LINE('',#3581,#3582);
#3581 = CARTESIAN_POINT('',(-273.2993172304,71.348233295104,18.));
#3582 = VECTOR('',#3583,1.);
#3583 = DIRECTION('',(-0.43713721033,-0.899394829508,0.));
#3584 = ORIENTED_EDGE('',*,*,#3547,.F.);
#3585 = PLANE('',#3586);
#3586 = AXIS2_PLACEMENT_3D('',#3587,#3588,#3589);
#3587 = CARTESIAN_POINT('',(-273.2993172304,71.348233295104,3.8));
#3588 = DIRECTION('',(0.899394829508,-0.43713721033,0.));
#3589 = DIRECTION('',(-0.43713721033,-0.899394829508,0.));
#3590 = ADVANCED_FACE('',(#3591),#3609,.F.);
#3591 = FACE_BOUND('',#3592,.F.);
#3592 = EDGE_LOOP('',(#3593,#3594,#3602,#3608));
#3593 = ORIENTED_EDGE('',*,*,#1003,.T.);
#3594 = ORIENTED_EDGE('',*,*,#3595,.T.);
#3595 = EDGE_CURVE('',#1004,#3596,#3598,.T.);
#3596 = VERTEX_POINT('',#3597);
#3597 = CARTESIAN_POINT('',(-271.2613852841,75.387667705889,18.));
#3598 = LINE('',#3599,#3600);
#3599 = CARTESIAN_POINT('',(-271.2613852841,75.387667705889,3.8));
#3600 = VECTOR('',#3601,1.);
#3601 = DIRECTION('',(0.,0.,1.));
#3602 = ORIENTED_EDGE('',*,*,#3603,.T.);
#3603 = EDGE_CURVE('',#3596,#3572,#3604,.T.);
#3604 = LINE('',#3605,#3606);
#3605 = CARTESIAN_POINT('',(-271.2613852841,75.387667705889,18.));
#3606 = VECTOR('',#3607,1.);
#3607 = DIRECTION('',(-0.450431408775,-0.892811035992,0.));
#3608 = ORIENTED_EDGE('',*,*,#3571,.F.);
#3609 = PLANE('',#3610);
#3610 = AXIS2_PLACEMENT_3D('',#3611,#3612,#3613);
#3611 = CARTESIAN_POINT('',(-271.2613852841,75.387667705889,3.8));
#3612 = DIRECTION('',(0.892811035992,-0.450431408775,0.));
#3613 = DIRECTION('',(-0.450431408775,-0.892811035992,0.));
#3614 = ADVANCED_FACE('',(#3615),#3633,.F.);
#3615 = FACE_BOUND('',#3616,.F.);
#3616 = EDGE_LOOP('',(#3617,#3618,#3626,#3632));
#3617 = ORIENTED_EDGE('',*,*,#1011,.T.);
#3618 = ORIENTED_EDGE('',*,*,#3619,.T.);
#3619 = EDGE_CURVE('',#1012,#3620,#3622,.T.);
#3620 = VERTEX_POINT('',#3621);
#3621 = CARTESIAN_POINT('',(-269.1637535762,79.396425393114,18.));
#3622 = LINE('',#3623,#3624);
#3623 = CARTESIAN_POINT('',(-269.1637535762,79.396425393114,3.8));
#3624 = VECTOR('',#3625,1.);
#3625 = DIRECTION('',(0.,0.,1.));
#3626 = ORIENTED_EDGE('',*,*,#3627,.T.);
#3627 = EDGE_CURVE('',#3620,#3596,#3628,.T.);
#3628 = LINE('',#3629,#3630);
#3629 = CARTESIAN_POINT('',(-269.1637535762,79.396425393114,18.));
#3630 = VECTOR('',#3631,1.);
#3631 = DIRECTION('',(-0.463626475352,-0.886030750794,0.));
#3632 = ORIENTED_EDGE('',*,*,#3595,.F.);
#3633 = PLANE('',#3634);
#3634 = AXIS2_PLACEMENT_3D('',#3635,#3636,#3637);
#3635 = CARTESIAN_POINT('',(-269.1637535762,79.396425393114,3.8));
#3636 = DIRECTION('',(0.886030750794,-0.463626475352,0.));
#3637 = DIRECTION('',(-0.463626475352,-0.886030750794,0.));
#3638 = ADVANCED_FACE('',(#3639),#3657,.F.);
#3639 = FACE_BOUND('',#3640,.F.);
#3640 = EDGE_LOOP('',(#3641,#3642,#3650,#3656));
#3641 = ORIENTED_EDGE('',*,*,#1019,.T.);
#3642 = ORIENTED_EDGE('',*,*,#3643,.T.);
#3643 = EDGE_CURVE('',#1020,#3644,#3646,.T.);
#3644 = VERTEX_POINT('',#3645);
#3645 = CARTESIAN_POINT('',(-267.0068837577,83.373624101171,18.));
#3646 = LINE('',#3647,#3648);
#3647 = CARTESIAN_POINT('',(-267.0068837577,83.373624101171,3.8));
#3648 = VECTOR('',#3649,1.);
#3649 = DIRECTION('',(0.,0.,1.));
#3650 = ORIENTED_EDGE('',*,*,#3651,.T.);
#3651 = EDGE_CURVE('',#3644,#3620,#3652,.T.);
#3652 = LINE('',#3653,#3654);
#3653 = CARTESIAN_POINT('',(-267.0068837577,83.373624101171,18.));
#3654 = VECTOR('',#3655,1.);
#3655 = DIRECTION('',(-0.476719506064,-0.879055466133,0.));
#3656 = ORIENTED_EDGE('',*,*,#3619,.F.);
#3657 = PLANE('',#3658);
#3658 = AXIS2_PLACEMENT_3D('',#3659,#3660,#3661);
#3659 = CARTESIAN_POINT('',(-267.0068837577,83.373624101171,3.8));
#3660 = DIRECTION('',(0.879055466133,-0.476719506064,0.));
#3661 = DIRECTION('',(-0.476719506064,-0.879055466133,0.));
#3662 = ADVANCED_FACE('',(#3663),#3681,.F.);
#3663 = FACE_BOUND('',#3664,.F.);
#3664 = EDGE_LOOP('',(#3665,#3666,#3674,#3680));
#3665 = ORIENTED_EDGE('',*,*,#1027,.T.);
#3666 = ORIENTED_EDGE('',*,*,#3667,.T.);
#3667 = EDGE_CURVE('',#1028,#3668,#3670,.T.);
#3668 = VERTEX_POINT('',#3669);
#3669 = CARTESIAN_POINT('',(-264.7912505172,87.318388520017,18.));
#3670 = LINE('',#3671,#3672);
#3671 = CARTESIAN_POINT('',(-264.7912505172,87.318388520017,3.8));
#3672 = VECTOR('',#3673,1.);
#3673 = DIRECTION('',(0.,0.,1.));
#3674 = ORIENTED_EDGE('',*,*,#3675,.T.);
#3675 = EDGE_CURVE('',#3668,#3644,#3676,.T.);
#3676 = LINE('',#3677,#3678);
#3677 = CARTESIAN_POINT('',(-264.7912505172,87.318388520017,18.));
#3678 = VECTOR('',#3679,1.);
#3679 = DIRECTION('',(-0.48970761937,-0.871886717143,0.));
#3680 = ORIENTED_EDGE('',*,*,#3643,.F.);
#3681 = PLANE('',#3682);
#3682 = AXIS2_PLACEMENT_3D('',#3683,#3684,#3685);
#3683 = CARTESIAN_POINT('',(-264.7912505172,87.318388520017,3.8));
#3684 = DIRECTION('',(0.871886717143,-0.48970761937,0.));
#3685 = DIRECTION('',(-0.48970761937,-0.871886717143,0.));
#3686 = ADVANCED_FACE('',(#3687),#3705,.F.);
#3687 = FACE_BOUND('',#3688,.F.);
#3688 = EDGE_LOOP('',(#3689,#3690,#3698,#3704));
#3689 = ORIENTED_EDGE('',*,*,#1035,.T.);
#3690 = ORIENTED_EDGE('',*,*,#3691,.T.);
#3691 = EDGE_CURVE('',#1036,#3692,#3694,.T.);
#3692 = VERTEX_POINT('',#3693);
#3693 = CARTESIAN_POINT('',(-262.5173414755,91.229850477816,18.));
#3694 = LINE('',#3695,#3696);
#3695 = CARTESIAN_POINT('',(-262.5173414755,91.229850477816,3.8));
#3696 = VECTOR('',#3697,1.);
#3697 = DIRECTION('',(0.,0.,1.));
#3698 = ORIENTED_EDGE('',*,*,#3699,.T.);
#3699 = EDGE_CURVE('',#3692,#3668,#3700,.T.);
#3700 = LINE('',#3701,#3702);
#3701 = CARTESIAN_POINT('',(-262.5173414755,91.229850477816,18.));
#3702 = VECTOR('',#3703,1.);
#3703 = DIRECTION('',(-0.50258795682,-0.864526081538,0.));
#3704 = ORIENTED_EDGE('',*,*,#3667,.F.);
#3705 = PLANE('',#3706);
#3706 = AXIS2_PLACEMENT_3D('',#3707,#3708,#3709);
#3707 = CARTESIAN_POINT('',(-262.5173414755,91.229850477816,3.8));
#3708 = DIRECTION('',(0.864526081538,-0.50258795682,0.));
#3709 = DIRECTION('',(-0.50258795682,-0.864526081538,0.));
#3710 = ADVANCED_FACE('',(#3711),#3729,.F.);
#3711 = FACE_BOUND('',#3712,.F.);
#3712 = EDGE_LOOP('',(#3713,#3714,#3722,#3728));
#3713 = ORIENTED_EDGE('',*,*,#1043,.T.);
#3714 = ORIENTED_EDGE('',*,*,#3715,.T.);
#3715 = EDGE_CURVE('',#1044,#3716,#3718,.T.);
#3716 = VERTEX_POINT('',#3717);
#3717 = CARTESIAN_POINT('',(-260.1856570794,95.107149132004,18.));
#3718 = LINE('',#3719,#3720);
#3719 = CARTESIAN_POINT('',(-260.1856570794,95.107149132004,3.8));
#3720 = VECTOR('',#3721,1.);
#3721 = DIRECTION('',(0.,0.,1.));
#3722 = ORIENTED_EDGE('',*,*,#3723,.T.);
#3723 = EDGE_CURVE('',#3716,#3692,#3724,.T.);
#3724 = LINE('',#3725,#3726);
#3725 = CARTESIAN_POINT('',(-260.1856570794,95.107149132004,18.));
#3726 = VECTOR('',#3727,1.);
#3727 = DIRECTION('',(-0.515357683682,-0.856975179261,0.));
#3728 = ORIENTED_EDGE('',*,*,#3691,.F.);
#3729 = PLANE('',#3730);
#3730 = AXIS2_PLACEMENT_3D('',#3731,#3732,#3733);
#3731 = CARTESIAN_POINT('',(-260.1856570794,95.107149132004,3.8));
#3732 = DIRECTION('',(0.856975179261,-0.515357683682,0.));
#3733 = DIRECTION('',(-0.515357683682,-0.856975179261,0.));
#3734 = ADVANCED_FACE('',(#3735),#3753,.F.);
#3735 = FACE_BOUND('',#3736,.F.);
#3736 = EDGE_LOOP('',(#3737,#3738,#3746,#3752));
#3737 = ORIENTED_EDGE('',*,*,#1051,.T.);
#3738 = ORIENTED_EDGE('',*,*,#3739,.T.);
#3739 = EDGE_CURVE('',#1052,#3740,#3742,.T.);
#3740 = VERTEX_POINT('',#3741);
#3741 = CARTESIAN_POINT('',(-257.7967104906,98.949431158747,18.));
#3742 = LINE('',#3743,#3744);
#3743 = CARTESIAN_POINT('',(-257.7967104906,98.949431158747,3.8));
#3744 = VECTOR('',#3745,1.);
#3745 = DIRECTION('',(0.,0.,1.));
#3746 = ORIENTED_EDGE('',*,*,#3747,.T.);
#3747 = EDGE_CURVE('',#3740,#3716,#3748,.T.);
#3748 = LINE('',#3749,#3750);
#3749 = CARTESIAN_POINT('',(-257.7967104906,98.949431158747,18.));
#3750 = VECTOR('',#3751,1.);
#3751 = DIRECTION('',(-0.528013989569,-0.849235672131,0.));
#3752 = ORIENTED_EDGE('',*,*,#3715,.F.);
#3753 = PLANE('',#3754);
#3754 = AXIS2_PLACEMENT_3D('',#3755,#3756,#3757);
#3755 = CARTESIAN_POINT('',(-257.7967104906,98.949431158747,3.8));
#3756 = DIRECTION('',(0.849235672131,-0.528013989569,0.));
#3757 = DIRECTION('',(-0.528013989569,-0.849235672131,0.));
#3758 = ADVANCED_FACE('',(#3759),#3777,.F.);
#3759 = FACE_BOUND('',#3760,.F.);
#3760 = EDGE_LOOP('',(#3761,#3762,#3770,#3776));
#3761 = ORIENTED_EDGE('',*,*,#1059,.T.);
#3762 = ORIENTED_EDGE('',*,*,#3763,.T.);
#3763 = EDGE_CURVE('',#1060,#3764,#3766,.T.);
#3764 = VERTEX_POINT('',#3765);
#3765 = CARTESIAN_POINT('',(-255.3510274735,102.75585094074,18.));
#3766 = LINE('',#3767,#3768);
#3767 = CARTESIAN_POINT('',(-255.3510274735,102.75585094074,3.8));
#3768 = VECTOR('',#3769,1.);
#3769 = DIRECTION('',(0.,0.,1.));
#3770 = ORIENTED_EDGE('',*,*,#3771,.T.);
#3771 = EDGE_CURVE('',#3764,#3740,#3772,.T.);
#3772 = LINE('',#3773,#3774);
#3773 = CARTESIAN_POINT('',(-255.3510274735,102.75585094074,18.));
#3774 = VECTOR('',#3775,1.);
#3775 = DIRECTION('',(-0.540554089056,-0.841309263473,0.));
#3776 = ORIENTED_EDGE('',*,*,#3739,.F.);
#3777 = PLANE('',#3778);
#3778 = AXIS2_PLACEMENT_3D('',#3779,#3780,#3781);
#3779 = CARTESIAN_POINT('',(-255.3510274735,102.75585094074,3.8));
#3780 = DIRECTION('',(0.841309263473,-0.540554089056,0.));
#3781 = DIRECTION('',(-0.540554089056,-0.841309263473,0.));
#3782 = ADVANCED_FACE('',(#3783),#3801,.F.);
#3783 = FACE_BOUND('',#3784,.F.);
#3784 = EDGE_LOOP('',(#3785,#3786,#3794,#3800));
#3785 = ORIENTED_EDGE('',*,*,#1067,.T.);
#3786 = ORIENTED_EDGE('',*,*,#3787,.T.);
#3787 = EDGE_CURVE('',#1068,#3788,#3790,.T.);
#3788 = VERTEX_POINT('',#3789);
#3789 = CARTESIAN_POINT('',(-252.8491462789,106.52557075332,18.));
#3790 = LINE('',#3791,#3792);
#3791 = CARTESIAN_POINT('',(-252.8491462789,106.52557075332,3.8));
#3792 = VECTOR('',#3793,1.);
#3793 = DIRECTION('',(0.,0.,1.));
#3794 = ORIENTED_EDGE('',*,*,#3795,.T.);
#3795 = EDGE_CURVE('',#3788,#3764,#3796,.T.);
#3796 = LINE('',#3797,#3798);
#3797 = CARTESIAN_POINT('',(-252.8491462789,106.52557075332,18.));
#3798 = VECTOR('',#3799,1.);
#3799 = DIRECTION('',(-0.55297522229,-0.833197697748,0.));
#3800 = ORIENTED_EDGE('',*,*,#3763,.F.);
#3801 = PLANE('',#3802);
#3802 = AXIS2_PLACEMENT_3D('',#3803,#3804,#3805);
#3803 = CARTESIAN_POINT('',(-252.8491462789,106.52557075332,3.8));
#3804 = DIRECTION('',(0.833197697748,-0.55297522229,0.));
#3805 = DIRECTION('',(-0.55297522229,-0.833197697748,0.));
#3806 = ADVANCED_FACE('',(#3807),#3825,.F.);
#3807 = FACE_BOUND('',#3808,.F.);
#3808 = EDGE_LOOP('',(#3809,#3810,#3818,#3824));
#3809 = ORIENTED_EDGE('',*,*,#1075,.T.);
#3810 = ORIENTED_EDGE('',*,*,#3811,.T.);
#3811 = EDGE_CURVE('',#1076,#3812,#3814,.T.);
#3812 = VERTEX_POINT('',#3813);
#3813 = CARTESIAN_POINT('',(-250.2916175261,110.25776094883,18.));
#3814 = LINE('',#3815,#3816);
#3815 = CARTESIAN_POINT('',(-250.2916175261,110.25776094883,3.8));
#3816 = VECTOR('',#3817,1.);
#3817 = DIRECTION('',(0.,0.,1.));
#3818 = ORIENTED_EDGE('',*,*,#3819,.T.);
#3819 = EDGE_CURVE('',#3812,#3788,#3820,.T.);
#3820 = LINE('',#3821,#3822);
#3821 = CARTESIAN_POINT('',(-250.2916175261,110.25776094883,18.));
#3822 = VECTOR('',#3823,1.);
#3823 = DIRECTION('',(-0.565274655605,-0.824902760167,0.));
#3824 = ORIENTED_EDGE('',*,*,#3787,.F.);
#3825 = PLANE('',#3826);
#3826 = AXIS2_PLACEMENT_3D('',#3827,#3828,#3829);
#3827 = CARTESIAN_POINT('',(-250.2916175261,110.25776094883,3.8));
#3828 = DIRECTION('',(0.824902760167,-0.565274655605,0.));
#3829 = DIRECTION('',(-0.565274655605,-0.824902760167,0.));
#3830 = ADVANCED_FACE('',(#3831),#3865,.F.);
#3831 = FACE_BOUND('',#3832,.F.);
#3832 = EDGE_LOOP('',(#3833,#3843,#3851,#3857,#3858,#3859));
#3833 = ORIENTED_EDGE('',*,*,#3834,.T.);
#3834 = EDGE_CURVE('',#3835,#3837,#3839,.T.);
#3835 = VERTEX_POINT('',#3836);
#3836 = CARTESIAN_POINT('',(-249.6288592704,111.19480061054,14.));
#3837 = VERTEX_POINT('',#3838);
#3838 = CARTESIAN_POINT('',(-247.6790040812,113.95160013919,14.));
#3839 = LINE('',#3840,#3841);
#3840 = CARTESIAN_POINT('',(-234.4388630545,132.67115159247,14.));
#3841 = VECTOR('',#3842,1.);
#3842 = DIRECTION('',(0.577449682115,0.816426276295,0.));
#3843 = ORIENTED_EDGE('',*,*,#3844,.T.);
#3844 = EDGE_CURVE('',#3837,#3845,#3847,.T.);
#3845 = VERTEX_POINT('',#3846);
#3846 = CARTESIAN_POINT('',(-247.6790040812,113.95160013919,18.));
#3847 = LINE('',#3848,#3849);
#3848 = CARTESIAN_POINT('',(-247.6790040812,113.95160013919,3.8));
#3849 = VECTOR('',#3850,1.);
#3850 = DIRECTION('',(0.,0.,1.));
#3851 = ORIENTED_EDGE('',*,*,#3852,.T.);
#3852 = EDGE_CURVE('',#3845,#3812,#3853,.T.);
#3853 = LINE('',#3854,#3855);
#3854 = CARTESIAN_POINT('',(-247.6790040812,113.95160013919,18.));
#3855 = VECTOR('',#3856,1.);
#3856 = DIRECTION('',(-0.577449682115,-0.816426276295,0.));
#3857 = ORIENTED_EDGE('',*,*,#3811,.F.);
#3858 = ORIENTED_EDGE('',*,*,#1083,.T.);
#3859 = ORIENTED_EDGE('',*,*,#3860,.T.);
#3860 = EDGE_CURVE('',#1084,#3835,#3861,.T.);
#3861 = LINE('',#3862,#3863);
#3862 = CARTESIAN_POINT('',(-249.6288592704,111.19480061054,3.9));
#3863 = VECTOR('',#3864,1.);
#3864 = DIRECTION('',(0.,0.,1.));
#3865 = PLANE('',#3866);
#3866 = AXIS2_PLACEMENT_3D('',#3867,#3868,#3869);
#3867 = CARTESIAN_POINT('',(-247.6790040812,113.95160013919,3.8));
#3868 = DIRECTION('',(0.816426276295,-0.577449682115,0.));
#3869 = DIRECTION('',(-0.577449682115,-0.816426276295,0.));
#3870 = ADVANCED_FACE('',(#3871),#3889,.T.);
#3871 = FACE_BOUND('',#3872,.T.);
#3872 = EDGE_LOOP('',(#3873,#3874,#3875,#3883));
#3873 = ORIENTED_EDGE('',*,*,#1091,.F.);
#3874 = ORIENTED_EDGE('',*,*,#3860,.T.);
#3875 = ORIENTED_EDGE('',*,*,#3876,.T.);
#3876 = EDGE_CURVE('',#3835,#3877,#3879,.T.);
#3877 = VERTEX_POINT('',#3878);
#3878 = CARTESIAN_POINT('',(-328.7717490509,129.08614537474,14.));
#3879 = LINE('',#3880,#3881);
#3880 = CARTESIAN_POINT('',(-140.7717490509,86.586145374741,14.));
#3881 = VECTOR('',#3882,1.);
#3882 = DIRECTION('',(-0.975387035788,0.220499728835,0.));
#3883 = ORIENTED_EDGE('',*,*,#3884,.F.);
#3884 = EDGE_CURVE('',#1092,#3877,#3885,.T.);
#3885 = LINE('',#3886,#3887);
#3886 = CARTESIAN_POINT('',(-328.7717490509,129.08614537474,4.));
#3887 = VECTOR('',#3888,1.);
#3888 = DIRECTION('',(0.,0.,1.));
#3889 = PLANE('',#3890);
#3890 = AXIS2_PLACEMENT_3D('',#3891,#3892,#3893);
#3891 = CARTESIAN_POINT('',(-140.7717490509,86.586145374741,4.));
#3892 = DIRECTION('',(-0.220499728835,-0.975387035788,0.));
#3893 = DIRECTION('',(0.,0.,1.));
#3894 = ADVANCED_FACE('',(#3895),#3913,.T.);
#3895 = FACE_BOUND('',#3896,.T.);
#3896 = EDGE_LOOP('',(#3897,#3905,#3906,#3907));
#3897 = ORIENTED_EDGE('',*,*,#3898,.F.);
#3898 = EDGE_CURVE('',#1100,#3899,#3901,.T.);
#3899 = VERTEX_POINT('',#3900);
#3900 = CARTESIAN_POINT('',(-327.228250949,135.91385462525,14.));
#3901 = LINE('',#3902,#3903);
#3902 = CARTESIAN_POINT('',(-327.228250949,135.91385462525,4.));
#3903 = VECTOR('',#3904,1.);
#3904 = DIRECTION('',(0.,0.,1.));
#3905 = ORIENTED_EDGE('',*,*,#1099,.T.);
#3906 = ORIENTED_EDGE('',*,*,#3884,.T.);
#3907 = ORIENTED_EDGE('',*,*,#3908,.F.);
#3908 = EDGE_CURVE('',#3899,#3877,#3909,.T.);
#3909 = LINE('',#3910,#3911);
#3910 = CARTESIAN_POINT('',(-327.228250949,135.91385462525,14.));
#3911 = VECTOR('',#3912,1.);
#3912 = DIRECTION('',(-0.220499728835,-0.975387035788,0.));
#3913 = PLANE('',#3914);
#3914 = AXIS2_PLACEMENT_3D('',#3915,#3916,#3917);
#3915 = CARTESIAN_POINT('',(-327.228250949,135.91385462525,4.));
#3916 = DIRECTION('',(-0.975387035788,0.220499728835,0.));
#3917 = DIRECTION('',(0.,0.,1.));
#3918 = ADVANCED_FACE('',(#3919),#3937,.F.);
#3919 = FACE_BOUND('',#3920,.F.);
#3920 = EDGE_LOOP('',(#3921,#3922,#3930,#3936));
#3921 = ORIENTED_EDGE('',*,*,#1107,.F.);
#3922 = ORIENTED_EDGE('',*,*,#3923,.T.);
#3923 = EDGE_CURVE('',#1108,#3924,#3926,.T.);
#3924 = VERTEX_POINT('',#3925);
#3925 = CARTESIAN_POINT('',(-245.1863860768,117.36715644936,14.));
#3926 = LINE('',#3927,#3928);
#3927 = CARTESIAN_POINT('',(-245.1863860768,117.36715644936,3.9));
#3928 = VECTOR('',#3929,1.);
#3929 = DIRECTION('',(0.,0.,1.));
#3930 = ORIENTED_EDGE('',*,*,#3931,.T.);
#3931 = EDGE_CURVE('',#3924,#3899,#3932,.T.);
#3932 = LINE('',#3933,#3934);
#3933 = CARTESIAN_POINT('',(-139.228250949,93.413854625259,14.));
#3934 = VECTOR('',#3935,1.);
#3935 = DIRECTION('',(-0.975387035788,0.220499728835,0.));
#3936 = ORIENTED_EDGE('',*,*,#3898,.F.);
#3937 = PLANE('',#3938);
#3938 = AXIS2_PLACEMENT_3D('',#3939,#3940,#3941);
#3939 = CARTESIAN_POINT('',(-139.228250949,93.413854625259,4.));
#3940 = DIRECTION('',(-0.220499728835,-0.975387035788,0.));
#3941 = DIRECTION('',(0.,0.,1.));
#3942 = ADVANCED_FACE('',(#3943),#3968,.F.);
#3943 = FACE_BOUND('',#3944,.F.);
#3944 = EDGE_LOOP('',(#3945,#3946,#3954,#3960,#3961,#3967));
#3945 = ORIENTED_EDGE('',*,*,#1115,.T.);
#3946 = ORIENTED_EDGE('',*,*,#3947,.T.);
#3947 = EDGE_CURVE('',#1116,#3948,#3950,.T.);
#3948 = VERTEX_POINT('',#3949);
#3949 = CARTESIAN_POINT('',(-245.0118809334,117.60627537672,18.));
#3950 = LINE('',#3951,#3952);
#3951 = CARTESIAN_POINT('',(-245.0118809334,117.60627537672,3.8));
#3952 = VECTOR('',#3953,1.);
#3953 = DIRECTION('',(0.,0.,1.));
#3954 = ORIENTED_EDGE('',*,*,#3955,.T.);
#3955 = EDGE_CURVE('',#3948,#3845,#3956,.T.);
#3956 = LINE('',#3957,#3958);
#3957 = CARTESIAN_POINT('',(-245.0118809334,117.60627537672,18.));
#3958 = VECTOR('',#3959,1.);
#3959 = DIRECTION('',(-0.589497622315,-0.807770111656,0.));
#3960 = ORIENTED_EDGE('',*,*,#3844,.F.);
#3961 = ORIENTED_EDGE('',*,*,#3962,.T.);
#3962 = EDGE_CURVE('',#3837,#3924,#3963,.T.);
#3963 = LINE('',#3964,#3965);
#3964 = CARTESIAN_POINT('',(-232.3915373939,134.89953649286,14.));
#3965 = VECTOR('',#3966,1.);
#3966 = DIRECTION('',(0.589497622315,0.807770111656,0.));
#3967 = ORIENTED_EDGE('',*,*,#3923,.F.);
#3968 = PLANE('',#3969);
#3969 = AXIS2_PLACEMENT_3D('',#3970,#3971,#3972);
#3970 = CARTESIAN_POINT('',(-245.0118809334,117.60627537672,3.8));
#3971 = DIRECTION('',(0.807770111656,-0.589497622315,0.));
#3972 = DIRECTION('',(-0.589497622315,-0.807770111656,0.));
#3973 = ADVANCED_FACE('',(#3974),#3992,.F.);
#3974 = FACE_BOUND('',#3975,.F.);
#3975 = EDGE_LOOP('',(#3976,#3977,#3985,#3991));
#3976 = ORIENTED_EDGE('',*,*,#1123,.T.);
#3977 = ORIENTED_EDGE('',*,*,#3978,.T.);
#3978 = EDGE_CURVE('',#1124,#3979,#3981,.T.);
#3979 = VERTEX_POINT('',#3980);
#3980 = CARTESIAN_POINT('',(-242.2908350688,121.22098233298,18.));
#3981 = LINE('',#3982,#3983);
#3982 = CARTESIAN_POINT('',(-242.2908350688,121.22098233298,3.8));
#3983 = VECTOR('',#3984,1.);
#3984 = DIRECTION('',(0.,0.,1.));
#3985 = ORIENTED_EDGE('',*,*,#3986,.T.);
#3986 = EDGE_CURVE('',#3979,#3948,#3987,.T.);
#3987 = LINE('',#3988,#3989);
#3988 = CARTESIAN_POINT('',(-242.2908350688,121.22098233298,18.));
#3989 = VECTOR('',#3990,1.);
#3990 = DIRECTION('',(-0.60141582467,-0.798936171315,0.));
#3991 = ORIENTED_EDGE('',*,*,#3947,.F.);
#3992 = PLANE('',#3993);
#3993 = AXIS2_PLACEMENT_3D('',#3994,#3995,#3996);
#3994 = CARTESIAN_POINT('',(-242.2908350688,121.22098233298,3.8));
#3995 = DIRECTION('',(0.798936171315,-0.60141582467,0.));
#3996 = DIRECTION('',(-0.60141582467,-0.798936171315,0.));
#3997 = ADVANCED_FACE('',(#3998),#4016,.F.);
#3998 = FACE_BOUND('',#3999,.F.);
#3999 = EDGE_LOOP('',(#4000,#4001,#4009,#4015));
#4000 = ORIENTED_EDGE('',*,*,#1131,.T.);
#4001 = ORIENTED_EDGE('',*,*,#4002,.T.);
#4002 = EDGE_CURVE('',#1132,#4003,#4005,.T.);
#4003 = VERTEX_POINT('',#4004);
#4004 = CARTESIAN_POINT('',(-239.5164653407,124.79492547588,18.));
#4005 = LINE('',#4006,#4007);
#4006 = CARTESIAN_POINT('',(-239.5164653407,124.79492547588,3.8));
#4007 = VECTOR('',#4008,1.);
#4008 = DIRECTION('',(0.,0.,1.));
#4009 = ORIENTED_EDGE('',*,*,#4010,.T.);
#4010 = EDGE_CURVE('',#4003,#3979,#4011,.T.);
#4011 = LINE('',#4012,#4013);
#4012 = CARTESIAN_POINT('',(-239.5164653407,124.79492547588,18.));
#4013 = VECTOR('',#4014,1.);
#4014 = DIRECTION('',(-0.613201666199,-0.789926399465,0.));
#4015 = ORIENTED_EDGE('',*,*,#3978,.F.);
#4016 = PLANE('',#4017);
#4017 = AXIS2_PLACEMENT_3D('',#4018,#4019,#4020);
#4018 = CARTESIAN_POINT('',(-239.5164653407,124.79492547588,3.8));
#4019 = DIRECTION('',(0.789926399465,-0.613201666199,0.));
#4020 = DIRECTION('',(-0.613201666199,-0.789926399465,0.));
#4021 = ADVANCED_FACE('',(#4022),#4040,.F.);
#4022 = FACE_BOUND('',#4023,.F.);
#4023 = EDGE_LOOP('',(#4024,#4025,#4033,#4039));
#4024 = ORIENTED_EDGE('',*,*,#1139,.T.);
#4025 = ORIENTED_EDGE('',*,*,#4026,.T.);
#4026 = EDGE_CURVE('',#1140,#4027,#4029,.T.);
#4027 = VERTEX_POINT('',#4028);
#4028 = CARTESIAN_POINT('',(-236.689382338,128.32731824467,18.));
#4029 = LINE('',#4030,#4031);
#4030 = CARTESIAN_POINT('',(-236.689382338,128.32731824467,3.8));
#4031 = VECTOR('',#4032,1.);
#4032 = DIRECTION('',(0.,0.,1.));
#4033 = ORIENTED_EDGE('',*,*,#4034,.T.);
#4034 = EDGE_CURVE('',#4027,#4003,#4035,.T.);
#4035 = LINE('',#4036,#4037);
#4036 = CARTESIAN_POINT('',(-236.689382338,128.32731824467,18.));
#4037 = VECTOR('',#4038,1.);
#4038 = DIRECTION('',(-0.624852553048,-0.780742778993,0.));
#4039 = ORIENTED_EDGE('',*,*,#4002,.F.);
#4040 = PLANE('',#4041);
#4041 = AXIS2_PLACEMENT_3D('',#4042,#4043,#4044);
#4042 = CARTESIAN_POINT('',(-236.689382338,128.32731824467,3.8));
#4043 = DIRECTION('',(0.780742778993,-0.624852553048,0.));
#4044 = DIRECTION('',(-0.624852553048,-0.780742778993,0.));
#4045 = ADVANCED_FACE('',(#4046),#4064,.F.);
#4046 = FACE_BOUND('',#4047,.F.);
#4047 = EDGE_LOOP('',(#4048,#4049,#4057,#4063));
#4048 = ORIENTED_EDGE('',*,*,#1147,.T.);
#4049 = ORIENTED_EDGE('',*,*,#4050,.T.);
#4050 = EDGE_CURVE('',#1148,#4051,#4053,.T.);
#4051 = VERTEX_POINT('',#4052);
#4052 = CARTESIAN_POINT('',(-233.810208251,131.81738322312,18.));
#4053 = LINE('',#4054,#4055);
#4054 = CARTESIAN_POINT('',(-233.810208251,131.81738322312,3.8));
#4055 = VECTOR('',#4056,1.);
#4056 = DIRECTION('',(0.,0.,1.));
#4057 = ORIENTED_EDGE('',*,*,#4058,.T.);
#4058 = EDGE_CURVE('',#4051,#4027,#4059,.T.);
#4059 = LINE('',#4060,#4061);
#4060 = CARTESIAN_POINT('',(-233.810208251,131.81738322312,18.));
#4061 = VECTOR('',#4062,1.);
#4062 = DIRECTION('',(-0.636365921066,-0.771387331051,0.));
#4063 = ORIENTED_EDGE('',*,*,#4026,.F.);
#4064 = PLANE('',#4065);
#4065 = AXIS2_PLACEMENT_3D('',#4066,#4067,#4068);
#4066 = CARTESIAN_POINT('',(-233.810208251,131.81738322312,3.8));
#4067 = DIRECTION('',(0.771387331051,-0.636365921066,0.));
#4068 = DIRECTION('',(-0.636365921066,-0.771387331051,0.));
#4069 = ADVANCED_FACE('',(#4070),#4088,.F.);
#4070 = FACE_BOUND('',#4071,.F.);
#4071 = EDGE_LOOP('',(#4072,#4073,#4081,#4087));
#4072 = ORIENTED_EDGE('',*,*,#1155,.T.);
#4073 = ORIENTED_EDGE('',*,*,#4074,.T.);
#4074 = EDGE_CURVE('',#1156,#4075,#4077,.T.);
#4075 = VERTEX_POINT('',#4076);
#4076 = CARTESIAN_POINT('',(-230.8795767342,135.26435231057,18.));
#4077 = LINE('',#4078,#4079);
#4078 = CARTESIAN_POINT('',(-230.8795767342,135.26435231057,3.8));
#4079 = VECTOR('',#4080,1.);
#4080 = DIRECTION('',(0.,0.,1.));
#4081 = ORIENTED_EDGE('',*,*,#4082,.T.);
#4082 = EDGE_CURVE('',#4075,#4051,#4083,.T.);
#4083 = LINE('',#4084,#4085);
#4084 = CARTESIAN_POINT('',(-230.8795767342,135.26435231057,18.));
#4085 = VECTOR('',#4086,1.);
#4086 = DIRECTION('',(-0.647739236369,-0.761862114603,0.));
#4087 = ORIENTED_EDGE('',*,*,#4050,.F.);
#4088 = PLANE('',#4089);
#4089 = AXIS2_PLACEMENT_3D('',#4090,#4091,#4092);
#4090 = CARTESIAN_POINT('',(-230.8795767342,135.26435231057,3.8));
#4091 = DIRECTION('',(0.761862114603,-0.647739236369,0.));
#4092 = DIRECTION('',(-0.647739236369,-0.761862114603,0.));
#4093 = ADVANCED_FACE('',(#4094),#4105,.F.);
#4094 = FACE_BOUND('',#4095,.F.);
#4095 = EDGE_LOOP('',(#4096,#4097,#4098,#4104));
#4096 = ORIENTED_EDGE('',*,*,#1163,.T.);
#4097 = ORIENTED_EDGE('',*,*,#1961,.T.);
#4098 = ORIENTED_EDGE('',*,*,#4099,.T.);
#4099 = EDGE_CURVE('',#1954,#4075,#4100,.T.);
#4100 = LINE('',#4101,#4102);
#4101 = CARTESIAN_POINT('',(-227.8981327671,138.66746689101,18.));
#4102 = VECTOR('',#4103,1.);
#4103 = DIRECTION('',(-0.658969995893,-0.752169225981,0.));
#4104 = ORIENTED_EDGE('',*,*,#4074,.F.);
#4105 = PLANE('',#4106);
#4106 = AXIS2_PLACEMENT_3D('',#4107,#4108,#4109);
#4107 = CARTESIAN_POINT('',(-227.8981327671,138.66746689101,3.8));
#4108 = DIRECTION('',(0.752169225981,-0.658969995893,0.));
#4109 = DIRECTION('',(-0.658969995893,-0.752169225981,0.));
#4110 = ADVANCED_FACE('',(#4111),#4116,.T.);
#4111 = FACE_BOUND('',#4112,.T.);
#4112 = EDGE_LOOP('',(#4113,#4114,#4115));
#4113 = ORIENTED_EDGE('',*,*,#1314,.F.);
#4114 = ORIENTED_EDGE('',*,*,#1339,.T.);
#4115 = ORIENTED_EDGE('',*,*,#1547,.T.);
#4116 = PLANE('',#4117);
#4117 = AXIS2_PLACEMENT_3D('',#4118,#4119,#4120);
#4118 = CARTESIAN_POINT('',(-117.2672419443,72.559122605389,17.6));
#4119 = DIRECTION('',(-0.758661792252,-0.651484677469,0.));
#4120 = DIRECTION('',(-0.651484677469,0.758661792252,0.));
#4121 = ADVANCED_FACE('',(#4122),#4129,.T.);
#4122 = FACE_BOUND('',#4123,.T.);
#4123 = EDGE_LOOP('',(#4124,#4125,#4126,#4127,#4128));
#4124 = ORIENTED_EDGE('',*,*,#1442,.T.);
#4125 = ORIENTED_EDGE('',*,*,#1493,.T.);
#4126 = ORIENTED_EDGE('',*,*,#1517,.T.);
#4127 = ORIENTED_EDGE('',*,*,#1387,.T.);
#4128 = ORIENTED_EDGE('',*,*,#1411,.T.);
#4129 = PLANE('',#4130);
#4130 = AXIS2_PLACEMENT_3D('',#4131,#4132,#4133);
#4131 = CARTESIAN_POINT('',(-90.,90.,9.389826944734));
#4132 = DIRECTION('',(1.,0.,0.));
#4133 = DIRECTION('',(0.,0.,1.));
#4134 = ADVANCED_FACE('',(#4135),#4152,.F.);
#4135 = FACE_BOUND('',#4136,.F.);
#4136 = EDGE_LOOP('',(#4137,#4143,#4144,#4150,#4151));
#4137 = ORIENTED_EDGE('',*,*,#4138,.F.);
#4138 = EDGE_CURVE('',#1470,#1364,#4139,.T.);
#4139 = LINE('',#4140,#4141);
#4140 = CARTESIAN_POINT('',(-110.7,83.7,-1.));
#4141 = VECTOR('',#4142,1.);
#4142 = DIRECTION('',(0.,0.,1.));
#4143 = ORIENTED_EDGE('',*,*,#1477,.F.);
#4144 = ORIENTED_EDGE('',*,*,#4145,.T.);
#4145 = EDGE_CURVE('',#1454,#1525,#4146,.T.);
#4146 = LINE('',#4147,#4148);
#4147 = CARTESIAN_POINT('',(-110.7,96.3,-1.));
#4148 = VECTOR('',#4149,1.);
#4149 = DIRECTION('',(0.,0.,1.));
#4150 = ORIENTED_EDGE('',*,*,#1524,.T.);
#4151 = ORIENTED_EDGE('',*,*,#1371,.T.);
#4152 = PLANE('',#4153);
#4153 = AXIS2_PLACEMENT_3D('',#4154,#4155,#4156);
#4154 = CARTESIAN_POINT('',(-110.7,83.7,-1.));
#4155 = DIRECTION('',(1.,0.,0.));
#4156 = DIRECTION('',(0.,0.,1.));
#4157 = ADVANCED_FACE('',(#4158),#4169,.T.);
#4158 = FACE_BOUND('',#4159,.T.);
#4159 = EDGE_LOOP('',(#4160,#4161,#4162,#4168));
#4160 = ORIENTED_EDGE('',*,*,#4138,.F.);
#4161 = ORIENTED_EDGE('',*,*,#1469,.F.);
#4162 = ORIENTED_EDGE('',*,*,#4163,.T.);
#4163 = EDGE_CURVE('',#1462,#1356,#4164,.T.);
#4164 = LINE('',#4165,#4166);
#4165 = CARTESIAN_POINT('',(-119.3,83.7,-1.));
#4166 = VECTOR('',#4167,1.);
#4167 = DIRECTION('',(0.,0.,1.));
#4168 = ORIENTED_EDGE('',*,*,#1363,.T.);
#4169 = PLANE('',#4170);
#4170 = AXIS2_PLACEMENT_3D('',#4171,#4172,#4173);
#4171 = CARTESIAN_POINT('',(-119.3,83.7,-1.));
#4172 = DIRECTION('',(0.,1.,0.));
#4173 = DIRECTION('',(0.,0.,1.));
#4174 = ADVANCED_FACE('',(#4175),#4187,.T.);
#4175 = FACE_BOUND('',#4176,.T.);
#4176 = EDGE_LOOP('',(#4177,#4178,#4179,#4185,#4186));
#4177 = ORIENTED_EDGE('',*,*,#4163,.F.);
#4178 = ORIENTED_EDGE('',*,*,#1461,.F.);
#4179 = ORIENTED_EDGE('',*,*,#4180,.T.);
#4180 = EDGE_CURVE('',#1452,#1533,#4181,.T.);
#4181 = LINE('',#4182,#4183);
#4182 = CARTESIAN_POINT('',(-119.3,96.3,-1.));
#4183 = VECTOR('',#4184,1.);
#4184 = DIRECTION('',(0.,0.,1.));
#4185 = ORIENTED_EDGE('',*,*,#1540,.T.);
#4186 = ORIENTED_EDGE('',*,*,#1355,.T.);
#4187 = PLANE('',#4188);
#4188 = AXIS2_PLACEMENT_3D('',#4189,#4190,#4191);
#4189 = CARTESIAN_POINT('',(-119.3,83.7,-1.));
#4190 = DIRECTION('',(1.,0.,0.));
#4191 = DIRECTION('',(0.,0.,1.));
#4192 = ADVANCED_FACE('',(#4193),#4199,.F.);
#4193 = FACE_BOUND('',#4194,.F.);
#4194 = EDGE_LOOP('',(#4195,#4196,#4197,#4198));
#4195 = ORIENTED_EDGE('',*,*,#4145,.F.);
#4196 = ORIENTED_EDGE('',*,*,#1451,.F.);
#4197 = ORIENTED_EDGE('',*,*,#4180,.T.);
#4198 = ORIENTED_EDGE('',*,*,#1532,.T.);
#4199 = PLANE('',#4200);
#4200 = AXIS2_PLACEMENT_3D('',#4201,#4202,#4203);
#4201 = CARTESIAN_POINT('',(-119.3,96.3,-1.));
#4202 = DIRECTION('',(0.,1.,0.));
#4203 = DIRECTION('',(0.,0.,1.));
#4204 = ADVANCED_FACE('',(#4205),#4223,.F.);
#4205 = FACE_BOUND('',#4206,.F.);
#4206 = EDGE_LOOP('',(#4207,#4208,#4216,#4222));
#4207 = ORIENTED_EDGE('',*,*,#1644,.T.);
#4208 = ORIENTED_EDGE('',*,*,#4209,.T.);
#4209 = EDGE_CURVE('',#1645,#4210,#4212,.T.);
#4210 = VERTEX_POINT('',#4211);
#4211 = CARTESIAN_POINT('',(-186.5258829368,106.89771886061,18.));
#4212 = LINE('',#4213,#4214);
#4213 = CARTESIAN_POINT('',(-186.5258829368,106.89771886061,3.8));
#4214 = VECTOR('',#4215,1.);
#4215 = DIRECTION('',(0.,0.,1.));
#4216 = ORIENTED_EDGE('',*,*,#4217,.T.);
#4217 = EDGE_CURVE('',#4210,#2003,#4218,.T.);
#4218 = LINE('',#4219,#4220);
#4219 = CARTESIAN_POINT('',(-186.5258829368,106.89771886061,18.));
#4220 = VECTOR('',#4221,1.);
#4221 = DIRECTION('',(0.680993992769,0.732289001565,0.));
#4222 = ORIENTED_EDGE('',*,*,#2002,.F.);
#4223 = PLANE('',#4224);
#4224 = AXIS2_PLACEMENT_3D('',#4225,#4226,#4227);
#4225 = CARTESIAN_POINT('',(-186.5258829368,106.89771886061,3.8));
#4226 = DIRECTION('',(-0.732289001565,0.680993992769,0.));
#4227 = DIRECTION('',(0.680993992769,0.732289001565,0.));
#4228 = ADVANCED_FACE('',(#4229),#4263,.F.);
#4229 = FACE_BOUND('',#4230,.F.);
#4230 = EDGE_LOOP('',(#4231,#4241,#4249,#4255,#4256,#4257));
#4231 = ORIENTED_EDGE('',*,*,#4232,.T.);
#4232 = EDGE_CURVE('',#4233,#4235,#4237,.T.);
#4233 = VERTEX_POINT('',#4234);
#4234 = CARTESIAN_POINT('',(-188.6186815515,104.5792445221,14.));
#4235 = VERTEX_POINT('',#4236);
#4236 = CARTESIAN_POINT('',(-189.040583137,104.11184742407,14.));
#4237 = LINE('',#4238,#4239);
#4238 = CARTESIAN_POINT('',(-180.5188804131,113.55248301441,14.));
#4239 = VECTOR('',#4240,1.);
#4240 = DIRECTION('',(-0.67005572795,-0.742310798414,0.));
#4241 = ORIENTED_EDGE('',*,*,#4242,.T.);
#4242 = EDGE_CURVE('',#4235,#4243,#4245,.T.);
#4243 = VERTEX_POINT('',#4244);
#4244 = CARTESIAN_POINT('',(-189.040583137,104.11184742407,18.));
#4245 = LINE('',#4246,#4247);
#4246 = CARTESIAN_POINT('',(-189.040583137,104.11184742407,3.8));
#4247 = VECTOR('',#4248,1.);
#4248 = DIRECTION('',(0.,0.,1.));
#4249 = ORIENTED_EDGE('',*,*,#4250,.T.);
#4250 = EDGE_CURVE('',#4243,#4210,#4251,.T.);
#4251 = LINE('',#4252,#4253);
#4252 = CARTESIAN_POINT('',(-189.040583137,104.11184742407,18.));
#4253 = VECTOR('',#4254,1.);
#4254 = DIRECTION('',(0.67005572795,0.742310798414,0.));
#4255 = ORIENTED_EDGE('',*,*,#4209,.F.);
#4256 = ORIENTED_EDGE('',*,*,#1652,.T.);
#4257 = ORIENTED_EDGE('',*,*,#4258,.F.);
#4258 = EDGE_CURVE('',#4233,#1653,#4259,.T.);
#4259 = LINE('',#4260,#4261);
#4260 = CARTESIAN_POINT('',(-188.6186815515,104.5792445221,3.9));
#4261 = VECTOR('',#4262,1.);
#4262 = DIRECTION('',(0.,0.,-1.));
#4263 = PLANE('',#4264);
#4264 = AXIS2_PLACEMENT_3D('',#4265,#4266,#4267);
#4265 = CARTESIAN_POINT('',(-189.040583137,104.11184742407,3.8));
#4266 = DIRECTION('',(-0.742310798414,0.67005572795,0.));
#4267 = DIRECTION('',(0.67005572795,0.742310798414,0.));
#4268 = ADVANCED_FACE('',(#4269),#4280,.F.);
#4269 = FACE_BOUND('',#4270,.F.);
#4270 = EDGE_LOOP('',(#4271,#4272,#4273,#4279));
#4271 = ORIENTED_EDGE('',*,*,#1660,.F.);
#4272 = ORIENTED_EDGE('',*,*,#2145,.T.);
#4273 = ORIENTED_EDGE('',*,*,#4274,.T.);
#4274 = EDGE_CURVE('',#2138,#4233,#4275,.T.);
#4275 = LINE('',#4276,#4277);
#4276 = CARTESIAN_POINT('',(-139.228250949,93.413854625259,14.));
#4277 = VECTOR('',#4278,1.);
#4278 = DIRECTION('',(-0.975387035788,0.220499728835,0.));
#4279 = ORIENTED_EDGE('',*,*,#4258,.T.);
#4280 = PLANE('',#4281);
#4281 = AXIS2_PLACEMENT_3D('',#4282,#4283,#4284);
#4282 = CARTESIAN_POINT('',(-139.228250949,93.413854625259,4.));
#4283 = DIRECTION('',(-0.220499728835,-0.975387035788,0.));
#4284 = DIRECTION('',(0.,0.,1.));
#4285 = ADVANCED_FACE('',(#4286),#4293,.T.);
#4286 = FACE_BOUND('',#4287,.T.);
#4287 = EDGE_LOOP('',(#4288,#4289,#4290,#4291,#4292));
#4288 = ORIENTED_EDGE('',*,*,#1797,.T.);
#4289 = ORIENTED_EDGE('',*,*,#1895,.T.);
#4290 = ORIENTED_EDGE('',*,*,#1855,.T.);
#4291 = ORIENTED_EDGE('',*,*,#1773,.T.);
#4292 = ORIENTED_EDGE('',*,*,#1710,.T.);
#4293 = PLANE('',#4294);
#4294 = AXIS2_PLACEMENT_3D('',#4295,#4296,#4297);
#4295 = CARTESIAN_POINT('',(-90.,-90.,9.389826944734));
#4296 = DIRECTION('',(1.,0.,0.));
#4297 = DIRECTION('',(0.,0.,1.));
#4298 = ADVANCED_FACE('',(#4299),#4316,.T.);
#4299 = FACE_BOUND('',#4300,.T.);
#4300 = EDGE_LOOP('',(#4301,#4307,#4308,#4314,#4315));
#4301 = ORIENTED_EDGE('',*,*,#4302,.F.);
#4302 = EDGE_CURVE('',#1817,#1742,#4303,.T.);
#4303 = LINE('',#4304,#4305);
#4304 = CARTESIAN_POINT('',(-119.3,-96.3,-1.));
#4305 = VECTOR('',#4306,1.);
#4306 = DIRECTION('',(0.,0.,1.));
#4307 = ORIENTED_EDGE('',*,*,#1816,.F.);
#4308 = ORIENTED_EDGE('',*,*,#4309,.T.);
#4309 = EDGE_CURVE('',#1807,#1871,#4310,.T.);
#4310 = LINE('',#4311,#4312);
#4311 = CARTESIAN_POINT('',(-119.3,-83.7,-1.));
#4312 = VECTOR('',#4313,1.);
#4313 = DIRECTION('',(0.,0.,1.));
#4314 = ORIENTED_EDGE('',*,*,#1878,.T.);
#4315 = ORIENTED_EDGE('',*,*,#1741,.T.);
#4316 = PLANE('',#4317);
#4317 = AXIS2_PLACEMENT_3D('',#4318,#4319,#4320);
#4318 = CARTESIAN_POINT('',(-119.3,-96.3,-1.));
#4319 = DIRECTION('',(1.,0.,0.));
#4320 = DIRECTION('',(0.,0.,1.));
#4321 = ADVANCED_FACE('',(#4322),#4333,.T.);
#4322 = FACE_BOUND('',#4323,.T.);
#4323 = EDGE_LOOP('',(#4324,#4330,#4331,#4332));
#4324 = ORIENTED_EDGE('',*,*,#4325,.F.);
#4325 = EDGE_CURVE('',#1825,#1750,#4326,.T.);
#4326 = LINE('',#4327,#4328);
#4327 = CARTESIAN_POINT('',(-110.7,-96.3,-1.));
#4328 = VECTOR('',#4329,1.);
#4329 = DIRECTION('',(0.,0.,1.));
#4330 = ORIENTED_EDGE('',*,*,#1824,.F.);
#4331 = ORIENTED_EDGE('',*,*,#4302,.T.);
#4332 = ORIENTED_EDGE('',*,*,#1749,.T.);
#4333 = PLANE('',#4334);
#4334 = AXIS2_PLACEMENT_3D('',#4335,#4336,#4337);
#4335 = CARTESIAN_POINT('',(-119.3,-96.3,-1.));
#4336 = DIRECTION('',(0.,1.,0.));
#4337 = DIRECTION('',(0.,0.,1.));
#4338 = ADVANCED_FACE('',(#4339),#4351,.F.);
#4339 = FACE_BOUND('',#4340,.F.);
#4340 = EDGE_LOOP('',(#4341,#4342,#4343,#4349,#4350));
#4341 = ORIENTED_EDGE('',*,*,#4325,.F.);
#4342 = ORIENTED_EDGE('',*,*,#1832,.F.);
#4343 = ORIENTED_EDGE('',*,*,#4344,.T.);
#4344 = EDGE_CURVE('',#1809,#1863,#4345,.T.);
#4345 = LINE('',#4346,#4347);
#4346 = CARTESIAN_POINT('',(-110.7,-83.7,-1.));
#4347 = VECTOR('',#4348,1.);
#4348 = DIRECTION('',(0.,0.,1.));
#4349 = ORIENTED_EDGE('',*,*,#1862,.T.);
#4350 = ORIENTED_EDGE('',*,*,#1757,.T.);
#4351 = PLANE('',#4352);
#4352 = AXIS2_PLACEMENT_3D('',#4353,#4354,#4355);
#4353 = CARTESIAN_POINT('',(-110.7,-96.3,-1.));
#4354 = DIRECTION('',(1.,0.,0.));
#4355 = DIRECTION('',(0.,0.,1.));
#4356 = ADVANCED_FACE('',(#4357),#4363,.F.);
#4357 = FACE_BOUND('',#4358,.F.);
#4358 = EDGE_LOOP('',(#4359,#4360,#4361,#4362));
#4359 = ORIENTED_EDGE('',*,*,#4344,.F.);
#4360 = ORIENTED_EDGE('',*,*,#1806,.F.);
#4361 = ORIENTED_EDGE('',*,*,#4309,.T.);
#4362 = ORIENTED_EDGE('',*,*,#1870,.T.);
#4363 = PLANE('',#4364);
#4364 = AXIS2_PLACEMENT_3D('',#4365,#4366,#4367);
#4365 = CARTESIAN_POINT('',(-119.3,-83.7,-1.));
#4366 = DIRECTION('',(0.,1.,0.));
#4367 = DIRECTION('',(0.,0.,1.));
#4368 = ADVANCED_FACE('',(#4369),#4458,.T.);
#4369 = FACE_BOUND('',#4370,.T.);
#4370 = EDGE_LOOP('',(#4371,#4372,#4373,#4374,#4375,#4376,#4377,#4378,
    #4379,#4380,#4381,#4382,#4383,#4384,#4385,#4386,#4387,#4388,#4389,
    #4390,#4391,#4392,#4393,#4394,#4395,#4396,#4397,#4398,#4399,#4400,
    #4401,#4402,#4403,#4404,#4405,#4406,#4407,#4408,#4409,#4410,#4411,
    #4412,#4413,#4414,#4415,#4416,#4417,#4418,#4419,#4420,#4421,#4422,
    #4423,#4424,#4425,#4426,#4427,#4428,#4429,#4430,#4431,#4432,#4433,
    #4434,#4435,#4436,#4437,#4438,#4439,#4440,#4441,#4442,#4443,#4444,
    #4445,#4446,#4447,#4448,#4449,#4455,#4456,#4457));
#4371 = ORIENTED_EDGE('',*,*,#1986,.T.);
#4372 = ORIENTED_EDGE('',*,*,#1953,.T.);
#4373 = ORIENTED_EDGE('',*,*,#4099,.T.);
#4374 = ORIENTED_EDGE('',*,*,#4082,.T.);
#4375 = ORIENTED_EDGE('',*,*,#4058,.T.);
#4376 = ORIENTED_EDGE('',*,*,#4034,.T.);
#4377 = ORIENTED_EDGE('',*,*,#4010,.T.);
#4378 = ORIENTED_EDGE('',*,*,#3986,.T.);
#4379 = ORIENTED_EDGE('',*,*,#3955,.T.);
#4380 = ORIENTED_EDGE('',*,*,#3852,.T.);
#4381 = ORIENTED_EDGE('',*,*,#3819,.T.);
#4382 = ORIENTED_EDGE('',*,*,#3795,.T.);
#4383 = ORIENTED_EDGE('',*,*,#3771,.T.);
#4384 = ORIENTED_EDGE('',*,*,#3747,.T.);
#4385 = ORIENTED_EDGE('',*,*,#3723,.T.);
#4386 = ORIENTED_EDGE('',*,*,#3699,.T.);
#4387 = ORIENTED_EDGE('',*,*,#3675,.T.);
#4388 = ORIENTED_EDGE('',*,*,#3651,.T.);
#4389 = ORIENTED_EDGE('',*,*,#3627,.T.);
#4390 = ORIENTED_EDGE('',*,*,#3603,.T.);
#4391 = ORIENTED_EDGE('',*,*,#3579,.T.);
#4392 = ORIENTED_EDGE('',*,*,#3555,.T.);
#4393 = ORIENTED_EDGE('',*,*,#3531,.T.);
#4394 = ORIENTED_EDGE('',*,*,#3507,.T.);
#4395 = ORIENTED_EDGE('',*,*,#3483,.T.);
#4396 = ORIENTED_EDGE('',*,*,#3459,.T.);
#4397 = ORIENTED_EDGE('',*,*,#3435,.T.);
#4398 = ORIENTED_EDGE('',*,*,#3411,.T.);
#4399 = ORIENTED_EDGE('',*,*,#3387,.T.);
#4400 = ORIENTED_EDGE('',*,*,#3363,.T.);
#4401 = ORIENTED_EDGE('',*,*,#3339,.T.);
#4402 = ORIENTED_EDGE('',*,*,#3315,.T.);
#4403 = ORIENTED_EDGE('',*,*,#3291,.T.);
#4404 = ORIENTED_EDGE('',*,*,#3267,.T.);
#4405 = ORIENTED_EDGE('',*,*,#3243,.T.);
#4406 = ORIENTED_EDGE('',*,*,#3219,.T.);
#4407 = ORIENTED_EDGE('',*,*,#3195,.T.);
#4408 = ORIENTED_EDGE('',*,*,#3171,.T.);
#4409 = ORIENTED_EDGE('',*,*,#3147,.T.);
#4410 = ORIENTED_EDGE('',*,*,#3123,.T.);
#4411 = ORIENTED_EDGE('',*,*,#3099,.T.);
#4412 = ORIENTED_EDGE('',*,*,#3075,.T.);
#4413 = ORIENTED_EDGE('',*,*,#3051,.T.);
#4414 = ORIENTED_EDGE('',*,*,#3027,.T.);
#4415 = ORIENTED_EDGE('',*,*,#3003,.T.);
#4416 = ORIENTED_EDGE('',*,*,#2979,.T.);
#4417 = ORIENTED_EDGE('',*,*,#2955,.T.);
#4418 = ORIENTED_EDGE('',*,*,#2931,.T.);
#4419 = ORIENTED_EDGE('',*,*,#2907,.T.);
#4420 = ORIENTED_EDGE('',*,*,#2883,.T.);
#4421 = ORIENTED_EDGE('',*,*,#2859,.T.);
#4422 = ORIENTED_EDGE('',*,*,#2835,.T.);
#4423 = ORIENTED_EDGE('',*,*,#2811,.T.);
#4424 = ORIENTED_EDGE('',*,*,#2787,.T.);
#4425 = ORIENTED_EDGE('',*,*,#2763,.T.);
#4426 = ORIENTED_EDGE('',*,*,#2739,.T.);
#4427 = ORIENTED_EDGE('',*,*,#2715,.T.);
#4428 = ORIENTED_EDGE('',*,*,#2691,.T.);
#4429 = ORIENTED_EDGE('',*,*,#2667,.T.);
#4430 = ORIENTED_EDGE('',*,*,#2643,.T.);
#4431 = ORIENTED_EDGE('',*,*,#2619,.T.);
#4432 = ORIENTED_EDGE('',*,*,#2595,.T.);
#4433 = ORIENTED_EDGE('',*,*,#2571,.T.);
#4434 = ORIENTED_EDGE('',*,*,#2547,.T.);
#4435 = ORIENTED_EDGE('',*,*,#2523,.T.);
#4436 = ORIENTED_EDGE('',*,*,#2499,.T.);
#4437 = ORIENTED_EDGE('',*,*,#2475,.T.);
#4438 = ORIENTED_EDGE('',*,*,#2451,.T.);
#4439 = ORIENTED_EDGE('',*,*,#2427,.T.);
#4440 = ORIENTED_EDGE('',*,*,#2403,.T.);
#4441 = ORIENTED_EDGE('',*,*,#2379,.T.);
#4442 = ORIENTED_EDGE('',*,*,#2355,.T.);
#4443 = ORIENTED_EDGE('',*,*,#2331,.T.);
#4444 = ORIENTED_EDGE('',*,*,#2307,.T.);
#4445 = ORIENTED_EDGE('',*,*,#2283,.T.);
#4446 = ORIENTED_EDGE('',*,*,#2259,.T.);
#4447 = ORIENTED_EDGE('',*,*,#2235,.T.);
#4448 = ORIENTED_EDGE('',*,*,#2195,.T.);
#4449 = ORIENTED_EDGE('',*,*,#4450,.T.);
#4450 = EDGE_CURVE('',#2196,#4243,#4451,.T.);
#4451 = LINE('',#4452,#4453);
#4452 = CARTESIAN_POINT('',(-191.5136788982,101.28897758764,18.));
#4453 = VECTOR('',#4454,1.);
#4454 = DIRECTION('',(0.658969995893,0.752169225981,0.));
#4455 = ORIENTED_EDGE('',*,*,#4250,.T.);
#4456 = ORIENTED_EDGE('',*,*,#4217,.T.);
#4457 = ORIENTED_EDGE('',*,*,#2010,.T.);
#4458 = PLANE('',#4459);
#4459 = AXIS2_PLACEMENT_3D('',#4460,#4461,#4462);
#4460 = CARTESIAN_POINT('',(-246.2346319238,57.944770095596,18.));
#4461 = DIRECTION('',(0.,0.,1.));
#4462 = DIRECTION('',(1.,0.,0.));
#4463 = ADVANCED_FACE('',(#4464),#4470,.T.);
#4464 = FACE_BOUND('',#4465,.T.);
#4465 = EDGE_LOOP('',(#4466,#4467,#4468,#4469));
#4466 = ORIENTED_EDGE('',*,*,#2064,.F.);
#4467 = ORIENTED_EDGE('',*,*,#2037,.T.);
#4468 = ORIENTED_EDGE('',*,*,#2112,.T.);
#4469 = ORIENTED_EDGE('',*,*,#2096,.T.);
#4470 = PLANE('',#4471);
#4471 = AXIS2_PLACEMENT_3D('',#4472,#4473,#4474);
#4472 = CARTESIAN_POINT('',(-140.7717490509,-86.58614537474,14.));
#4473 = DIRECTION('',(0.,0.,1.));
#4474 = DIRECTION('',(-0.975387035788,-0.220499728835,0.));
#4475 = ADVANCED_FACE('',(#4476),#4489,.T.);
#4476 = FACE_BOUND('',#4477,.T.);
#4477 = EDGE_LOOP('',(#4478,#4479,#4480,#4481,#4482,#4488));
#4478 = ORIENTED_EDGE('',*,*,#2164,.F.);
#4479 = ORIENTED_EDGE('',*,*,#2137,.T.);
#4480 = ORIENTED_EDGE('',*,*,#4274,.T.);
#4481 = ORIENTED_EDGE('',*,*,#4232,.T.);
#4482 = ORIENTED_EDGE('',*,*,#4483,.T.);
#4483 = EDGE_CURVE('',#4235,#2204,#4484,.T.);
#4484 = LINE('',#4485,#4486);
#4485 = CARTESIAN_POINT('',(-182.1131084526,112.0190864544,14.));
#4486 = VECTOR('',#4487,1.);
#4487 = DIRECTION('',(-0.658969995893,-0.752169225981,0.));
#4488 = ORIENTED_EDGE('',*,*,#2211,.T.);
#4489 = PLANE('',#4490);
#4490 = AXIS2_PLACEMENT_3D('',#4491,#4492,#4493);
#4491 = CARTESIAN_POINT('',(-139.228250949,93.413854625259,14.));
#4492 = DIRECTION('',(0.,0.,1.));
#4493 = DIRECTION('',(-0.975387035788,0.220499728835,0.));
#4494 = ADVANCED_FACE('',(#4495),#4501,.F.);
#4495 = FACE_BOUND('',#4496,.F.);
#4496 = EDGE_LOOP('',(#4497,#4498,#4499,#4500));
#4497 = ORIENTED_EDGE('',*,*,#4483,.T.);
#4498 = ORIENTED_EDGE('',*,*,#2203,.T.);
#4499 = ORIENTED_EDGE('',*,*,#4450,.T.);
#4500 = ORIENTED_EDGE('',*,*,#4242,.F.);
#4501 = PLANE('',#4502);
#4502 = AXIS2_PLACEMENT_3D('',#4503,#4504,#4505);
#4503 = CARTESIAN_POINT('',(-191.5136788982,101.28897758764,3.8));
#4504 = DIRECTION('',(-0.752169225981,0.658969995893,0.));
#4505 = DIRECTION('',(0.658969995893,0.752169225981,0.));
#4506 = ADVANCED_FACE('',(#4507),#4514,.T.);
#4507 = FACE_BOUND('',#4508,.T.);
#4508 = EDGE_LOOP('',(#4509,#4510,#4511,#4512,#4513));
#4509 = ORIENTED_EDGE('',*,*,#3876,.F.);
#4510 = ORIENTED_EDGE('',*,*,#3834,.T.);
#4511 = ORIENTED_EDGE('',*,*,#3962,.T.);
#4512 = ORIENTED_EDGE('',*,*,#3931,.T.);
#4513 = ORIENTED_EDGE('',*,*,#3908,.T.);
#4514 = PLANE('',#4515);
#4515 = AXIS2_PLACEMENT_3D('',#4516,#4517,#4518);
#4516 = CARTESIAN_POINT('',(-139.228250949,93.413854625259,14.));
#4517 = DIRECTION('',(0.,0.,1.));
#4518 = DIRECTION('',(-0.975387035788,0.220499728835,0.));
#4519 = ( GEOMETRIC_REPRESENTATION_CONTEXT(3) 
GLOBAL_UNCERTAINTY_ASSIGNED_CONTEXT((#4523)) 
GLOBAL_UNIT_ASSIGNED_CONTEXT((#4520,#4521,#4522)) REPRESENTATION_CONTEXT
('Context #1','3D Context with UNIT and UNCERTAINTY') );
#4520 = ( LENGTH_UNIT() NAMED_UNIT(*) SI_UNIT(.MILLI.,.METRE.) );
#4521 = ( NAMED_UNIT(*) PLANE_ANGLE_UNIT() SI_UNIT($,.RADIAN.) );
#4522 = ( NAMED_UNIT(*) SI_UNIT($,.STERADIAN.) SOLID_ANGLE_UNIT() );
#4523 = UNCERTAINTY_MEASURE_WITH_UNIT(LENGTH_MEASURE(1.E-07),#4520,
  'distance_accuracy_value','confusion accuracy');
#4524 = PRODUCT_RELATED_PRODUCT_CATEGORY('part',$,(#7));
ENDSEC;
END-ISO-10303-21;
