ISO-10303-21;
HEADER;
FILE_DESCRIPTION(('FreeCAD Model'),'2;1');
FILE_NAME('Open CASCADE Shape Model','2026-09-20T11:42:55',('FreeCAD'),(
    'FreeCAD'),'Open CASCADE STEP processor 7.8','FreeCAD','Unknown');
FILE_SCHEMA(('AUTOMOTIVE_DESIGN { 1 0 10303 214 1 1 1 1 }'));
ENDSEC;
DATA;
#1 = APPLICATION_PROTOCOL_DEFINITION('international standard',
  'automotive_design',2000,#2);
#2 = APPLICATION_CONTEXT(
  'core data for automotive mechanical design processes');
#3 = SHAPE_DEFINITION_REPRESENTATION(#4,#10);
#4 = PRODUCT_DEFINITION_SHAPE('','',#5);
#5 = PRODUCT_DEFINITION('design','',#6,#9);
#6 = PRODUCT_DEFINITION_FORMATION('','',#7);
#7 = PRODUCT('Open CASCADE STEP translator 7.8 3',
  'Open CASCADE STEP translator 7.8 3','',(#8));
#8 = PRODUCT_CONTEXT('',#2,'mechanical');
#9 = PRODUCT_DEFINITION_CONTEXT('part definition',#2,'design');
#10 = ADVANCED_BREP_SHAPE_REPRESENTATION('',(#11,#15),#4519);
#11 = AXIS2_PLACEMENT_3D('',#12,#13,#14);
#12 = CARTESIAN_POINT('',(0.,0.,0.));
#13 = DIRECTION('',(0.,0.,1.));
#14 = DIRECTION('',(1.,0.,-0.));
#15 = MANIFOLD_SOLID_BREP('',#16);
#16 = CLOSED_SHELL('',(#17,#785,#1009,#1033,#1057,#1081,#1121,#1145,
    #1169,#1193,#1217,#1241,#1265,#1305,#1329,#1353,#1377,#1408,#1432,
    #1456,#1480,#1504,#1528,#1552,#1576,#1600,#1624,#1648,#1672,#1696,
    #1720,#1744,#1768,#1792,#1816,#1840,#1864,#1888,#1912,#1936,#1960,
    #1984,#2008,#2032,#2056,#2080,#2104,#2128,#2152,#2176,#2200,#2224,
    #2248,#2272,#2296,#2320,#2344,#2368,#2392,#2416,#2440,#2464,#2488,
    #2512,#2536,#2560,#2584,#2608,#2632,#2656,#2680,#2704,#2728,#2752,
    #2776,#2800,#2824,#2848,#2872,#2896,#2920,#2944,#2968,#2992,#3016,
    #3056,#3080,#3136,#3153,#3177,#3224,#3248,#3272,#3289,#3306,#3337,
    #3361,#3412,#3436,#3483,#3516,#3532,#3549,#3585,#3657,#3681,#3739,
    #3763,#3810,#3822,#3839,#3904,#3928,#3952,#4008,#4048,#4171,#4188,
    #4201,#4234,#4251,#4268,#4280,#4292,#4311,#4330,#4342,#4353,#4366,
    #4389,#4406,#4424,#4436,#4449,#4471,#4489,#4506));
#17 = ADVANCED_FACE('',(#18),#780,.T.);
#18 = FACE_BOUND('',#19,.T.);
#19 = EDGE_LOOP('',(#20,#30,#38,#46,#54,#62,#70,#78,#86,#94,#102,#110,
    #118,#126,#134,#142,#150,#158,#166,#174,#182,#190,#198,#206,#214,
    #222,#230,#238,#246,#254,#262,#270,#278,#286,#294,#302,#310,#318,
    #326,#334,#342,#350,#358,#366,#374,#382,#390,#398,#406,#414,#422,
    #430,#438,#446,#454,#462,#470,#478,#486,#494,#502,#510,#518,#526,
    #534,#542,#550,#558,#566,#574,#582,#590,#598,#606,#614,#622,#630,
    #638,#646,#654,#662,#670,#678,#686,#694,#702,#710,#718,#726,#734,
    #742,#750,#758,#766,#774));
#20 = ORIENTED_EDGE('',*,*,#21,.F.);
#21 = EDGE_CURVE('',#22,#24,#26,.T.);
#22 = VERTEX_POINT('',#23);
#23 = CARTESIAN_POINT('',(140.,-139.5,4.));
#24 = VERTEX_POINT('',#25);
#25 = CARTESIAN_POINT('',(140.,-115.,4.));
#26 = LINE('',#27,#28);
#27 = CARTESIAN_POINT('',(140.,-147.5,4.));
#28 = VECTOR('',#29,1.);
#29 = DIRECTION('',(0.,1.,0.));
#30 = ORIENTED_EDGE('',*,*,#31,.T.);
#31 = EDGE_CURVE('',#22,#32,#34,.T.);
#32 = VERTEX_POINT('',#33);
#33 = CARTESIAN_POINT('',(332.,-139.5,4.));
#34 = LINE('',#35,#36);
#35 = CARTESIAN_POINT('',(140.,-139.5,4.));
#36 = VECTOR('',#37,1.);
#37 = DIRECTION('',(1.,0.,0.));
#38 = ORIENTED_EDGE('',*,*,#39,.T.);
#39 = EDGE_CURVE('',#32,#40,#42,.T.);
#40 = VERTEX_POINT('',#41);
#41 = CARTESIAN_POINT('',(332.,139.5,4.));
#42 = LINE('',#43,#44);
#43 = CARTESIAN_POINT('',(332.,-147.5,4.));
#44 = VECTOR('',#45,1.);
#45 = DIRECTION('',(0.,1.,0.));
#46 = ORIENTED_EDGE('',*,*,#47,.F.);
#47 = EDGE_CURVE('',#48,#40,#50,.T.);
#48 = VERTEX_POINT('',#49);
#49 = CARTESIAN_POINT('',(227.14663679053,139.5,4.));
#50 = LINE('',#51,#52);
#51 = CARTESIAN_POINT('',(140.,139.5,4.));
#52 = VECTOR('',#53,1.);
#53 = DIRECTION('',(1.,0.,0.));
#54 = ORIENTED_EDGE('',*,*,#55,.T.);
#55 = EDGE_CURVE('',#48,#56,#58,.T.);
#56 = VERTEX_POINT('',#57);
#57 = CARTESIAN_POINT('',(227.89813276712,138.66746689101,4.));
#58 = LINE('',#59,#60);
#59 = CARTESIAN_POINT('',(279.33447610243,81.684515330349,4.));
#60 = VECTOR('',#61,1.);
#61 = DIRECTION('',(0.67005572795,-0.742310798414,0.));
#62 = ORIENTED_EDGE('',*,*,#63,.T.);
#63 = EDGE_CURVE('',#56,#64,#66,.T.);
#64 = VERTEX_POINT('',#65);
#65 = CARTESIAN_POINT('',(230.87957673429,135.26435231057,4.));
#66 = LINE('',#67,#68);
#67 = CARTESIAN_POINT('',(281.2247953624,77.798725099393,4.));
#68 = VECTOR('',#69,1.);
#69 = DIRECTION('',(0.658969995893,-0.752169225981,0.));
#70 = ORIENTED_EDGE('',*,*,#71,.T.);
#71 = EDGE_CURVE('',#64,#72,#74,.T.);
#72 = VERTEX_POINT('',#73);
#73 = CARTESIAN_POINT('',(233.81020825107,131.81738322312,4.));
#74 = LINE('',#75,#76);
#75 = CARTESIAN_POINT('',(283.05030200096,73.901852032121,4.));
#76 = VECTOR('',#77,1.);
#77 = DIRECTION('',(0.647739236369,-0.761862114603,0.));
#78 = ORIENTED_EDGE('',*,*,#79,.T.);
#79 = EDGE_CURVE('',#72,#80,#82,.T.);
#80 = VERTEX_POINT('',#81);
#81 = CARTESIAN_POINT('',(236.68938233806,128.32731824467,4.));
#82 = LINE('',#83,#84);
#83 = CARTESIAN_POINT('',(284.81133224435,69.995058024084,4.));
#84 = VECTOR('',#85,1.);
#85 = DIRECTION('',(0.636365921066,-0.771387331051,0.));
#86 = ORIENTED_EDGE('',*,*,#87,.T.);
#87 = EDGE_CURVE('',#80,#88,#90,.T.);
#88 = VERTEX_POINT('',#89);
#89 = CARTESIAN_POINT('',(239.51646534073,124.79492547588,4.));
#90 = LINE('',#91,#92);
#91 = CARTESIAN_POINT('',(286.50824521046,66.079485127015,4.));
#92 = VECTOR('',#93,1.);
#93 = DIRECTION('',(0.624852553048,-0.780742778993,0.));
#94 = ORIENTED_EDGE('',*,*,#95,.T.);
#95 = EDGE_CURVE('',#88,#96,#98,.T.);
#96 = VERTEX_POINT('',#97);
#97 = CARTESIAN_POINT('',(242.29083506886,121.22098233298,4.));
#98 = LINE('',#99,#100);
#99 = CARTESIAN_POINT('',(288.14142217247,62.156255049045,4.));
#100 = VECTOR('',#101,1.);
#101 = DIRECTION('',(0.613201666199,-0.789926399465,0.));
#102 = ORIENTED_EDGE('',*,*,#103,.T.);
#103 = EDGE_CURVE('',#96,#104,#106,.T.);
#104 = VERTEX_POINT('',#105);
#105 = CARTESIAN_POINT('',(245.01188093347,117.60627537672,4.));
#106 = LINE('',#107,#108);
#107 = CARTESIAN_POINT('',(289.7112658106,58.226468678989,4.));
#108 = VECTOR('',#109,1.);
#109 = DIRECTION('',(0.60141582467,-0.798936171315,0.));
#110 = ORIENTED_EDGE('',*,*,#111,.T.);
#111 = EDGE_CURVE('',#104,#112,#114,.T.);
#112 = VERTEX_POINT('',#113);
#113 = CARTESIAN_POINT('',(245.18638607683,117.36715644934,4.));
#114 = LINE('',#115,#116);
#115 = CARTESIAN_POINT('',(291.2181994526,54.291205635039,4.));
#116 = VECTOR('',#117,1.);
#117 = DIRECTION('',(0.589497622315,-0.807770111656,0.));
#118 = ORIENTED_EDGE('',*,*,#119,.T.);
#119 = EDGE_CURVE('',#112,#120,#122,.T.);
#120 = VERTEX_POINT('',#121);
#121 = CARTESIAN_POINT('',(327.22825094907,135.91385462525,4.));
#122 = LINE('',#123,#124);
#123 = CARTESIAN_POINT('',(139.22825094907,93.413854625259,4.));
#124 = VECTOR('',#125,1.);
#125 = DIRECTION('',(0.975387035788,0.220499728835,0.));
#126 = ORIENTED_EDGE('',*,*,#127,.F.);
#127 = EDGE_CURVE('',#128,#120,#130,.T.);
#128 = VERTEX_POINT('',#129);
#129 = CARTESIAN_POINT('',(328.77174905092,129.08614537474,4.));
#130 = LINE('',#131,#132);
#131 = CARTESIAN_POINT('',(328.77174905092,129.08614537474,4.));
#132 = VECTOR('',#133,1.);
#133 = DIRECTION('',(-0.220499728835,0.975387035788,0.));
#134 = ORIENTED_EDGE('',*,*,#135,.F.);
#135 = EDGE_CURVE('',#136,#128,#138,.T.);
#136 = VERTEX_POINT('',#137);
#137 = CARTESIAN_POINT('',(249.62885927046,111.19480061053,4.));
#138 = LINE('',#139,#140);
#139 = CARTESIAN_POINT('',(140.77174905092,86.586145374741,4.));
#140 = VECTOR('',#141,1.);
#141 = DIRECTION('',(0.975387035788,0.220499728835,0.));
#142 = ORIENTED_EDGE('',*,*,#143,.T.);
#143 = EDGE_CURVE('',#136,#144,#146,.T.);
#144 = VERTEX_POINT('',#145);
#145 = CARTESIAN_POINT('',(250.29161752616,110.25776094883,4.));
#146 = LINE('',#147,#148);
#147 = CARTESIAN_POINT('',(292.66266630379,50.351523838117,4.));
#148 = VECTOR('',#149,1.);
#149 = DIRECTION('',(0.577449682115,-0.816426276295,0.));
#150 = ORIENTED_EDGE('',*,*,#151,.T.);
#151 = EDGE_CURVE('',#144,#152,#154,.T.);
#152 = VERTEX_POINT('',#153);
#153 = CARTESIAN_POINT('',(252.84914627899,106.52557075332,4.));
#154 = LINE('',#155,#156);
#155 = CARTESIAN_POINT('',(294.04512866745,46.408459110182,4.));
#156 = VECTOR('',#157,1.);
#157 = DIRECTION('',(0.565274655605,-0.824902760167,0.));
#158 = ORIENTED_EDGE('',*,*,#159,.T.);
#159 = EDGE_CURVE('',#152,#160,#162,.T.);
#160 = VERTEX_POINT('',#161);
#161 = CARTESIAN_POINT('',(255.35102747353,102.75585094074,4.));
#162 = LINE('',#163,#164);
#163 = CARTESIAN_POINT('',(295.36606715627,42.463024797699,4.));
#164 = VECTOR('',#165,1.);
#165 = DIRECTION('',(0.55297522229,-0.833197697748,0.));
#166 = ORIENTED_EDGE('',*,*,#167,.T.);
#167 = EDGE_CURVE('',#160,#168,#170,.T.);
#168 = VERTEX_POINT('',#169);
#169 = CARTESIAN_POINT('',(257.79671049065,98.949431158747,4.));
#170 = LINE('',#171,#172);
#171 = CARTESIAN_POINT('',(296.62597989566,38.516211420483,4.));
#172 = VECTOR('',#173,1.);
#173 = DIRECTION('',(0.540554089056,-0.841309263473,0.));
#174 = ORIENTED_EDGE('',*,*,#175,.T.);
#175 = EDGE_CURVE('',#168,#176,#178,.T.);
#176 = VERTEX_POINT('',#177);
#177 = CARTESIAN_POINT('',(260.18565707941,95.107149132004,4.));
#178 = LINE('',#179,#180);
#179 = CARTESIAN_POINT('',(297.82538171977,34.568986346157,4.));
#180 = VECTOR('',#181,1.);
#181 = DIRECTION('',(0.528013989569,-0.849235672131,0.));
#182 = ORIENTED_EDGE('',*,*,#183,.T.);
#183 = EDGE_CURVE('',#176,#184,#186,.T.);
#184 = VERTEX_POINT('',#185);
#185 = CARTESIAN_POINT('',(262.51734147556,91.229850477816,4.));
#186 = LINE('',#187,#188);
#187 = CARTESIAN_POINT('',(298.9648033608,30.6222934903,4.));
#188 = VECTOR('',#189,1.);
#189 = DIRECTION('',(0.515357683682,-0.856975179261,0.));
#190 = ORIENTED_EDGE('',*,*,#191,.T.);
#191 = EDGE_CURVE('',#184,#192,#194,.T.);
#192 = VERTEX_POINT('',#193);
#193 = CARTESIAN_POINT('',(264.7912505172,87.318388520017,4.));
#194 = LINE('',#195,#196);
#195 = CARTESIAN_POINT('',(300.04479063277,26.677053042537,4.));
#196 = VECTOR('',#197,1.);
#197 = DIRECTION('',(0.50258795682,-0.864526081538,0.));
#198 = ORIENTED_EDGE('',*,*,#199,.T.);
#199 = EDGE_CURVE('',#192,#200,#202,.T.);
#200 = VERTEX_POINT('',#201);
#201 = CARTESIAN_POINT('',(267.00688375779,83.373624101171,4.));
#202 = LINE('',#203,#204);
#203 = CARTESIAN_POINT('',(301.06590361005,22.734161218584,4.));
#204 = VECTOR('',#205,1.);
#205 = DIRECTION('',(0.48970761937,-0.871886717143,0.));
#206 = ORIENTED_EDGE('',*,*,#207,.T.);
#207 = EDGE_CURVE('',#200,#208,#210,.T.);
#208 = VERTEX_POINT('',#209);
#209 = CARTESIAN_POINT('',(269.16375357621,79.396425393114,4.));
#210 = LINE('',#211,#212);
#211 = CARTESIAN_POINT('',(302.02871580195,18.794490038422,4.));
#212 = VECTOR('',#213,1.);
#213 = DIRECTION('',(0.476719506064,-0.879055466133,0.));
#214 = ORIENTED_EDGE('',*,*,#215,.T.);
#215 = EDGE_CURVE('',#208,#216,#218,.T.);
#216 = VERTEX_POINT('',#217);
#217 = CARTESIAN_POINT('',(271.26138528414,75.387667705889,4.));
#218 = LINE('',#219,#220);
#219 = CARTESIAN_POINT('',(302.93381332377,14.858887130634,4.));
#220 = VECTOR('',#221,1.);
#221 = DIRECTION('',(0.463626475352,-0.886030750794,0.));
#222 = ORIENTED_EDGE('',*,*,#223,.T.);
#223 = EDGE_CURVE('',#216,#224,#226,.T.);
#224 = VERTEX_POINT('',#225);
#225 = CARTESIAN_POINT('',(273.29931723049,71.348233295104,4.));
#226 = LINE('',#227,#228);
#227 = CARTESIAN_POINT('',(303.78179406535,10.928175562945,4.));
#228 = VECTOR('',#229,1.);
#229 = DIRECTION('',(0.450431408775,-0.892811035992,0.));
#230 = ORIENTED_EDGE('',*,*,#231,.T.);
#231 = EDGE_CURVE('',#224,#232,#234,.T.);
#232 = VERTEX_POINT('',#233);
#233 = CARTESIAN_POINT('',(275.27710090303,67.279011167761,4.));
#234 = LINE('',#235,#236);
#235 = CARTESIAN_POINT('',(304.57326685782,7.003153699016,4.));
#236 = VECTOR('',#237,1.);
#237 = DIRECTION('',(0.43713721033,-0.899394829508,0.));
#238 = ORIENTED_EDGE('',*,*,#239,.T.);
#239 = EDGE_CURVE('',#232,#240,#242,.T.);
#240 = VERTEX_POINT('',#241);
#241 = CARTESIAN_POINT('',(277.19430102706,63.180896886606,4.));
#242 = LINE('',#243,#244);
#243 = CARTESIAN_POINT('',(305.3088506394,3.084595081464,4.));
#244 = VECTOR('',#245,1.);
#245 = DIRECTION('',(0.423746805832,-0.905780682366,0.));
#246 = ORIENTED_EDGE('',*,*,#247,.T.);
#247 = EDGE_CURVE('',#240,#248,#250,.T.);
#248 = VERTEX_POINT('',#249);
#249 = CARTESIAN_POINT('',(279.05049566125,59.054792373027,4.));
#250 = LINE('',#251,#252);
#251 = CARTESIAN_POINT('',(305.98917362098,-0.826751658907,4.));
#252 = VECTOR('',#253,1.);
#253 = DIRECTION('',(0.410263142269,-0.911967189155,0.));
#254 = ORIENTED_EDGE('',*,*,#255,.T.);
#255 = EDGE_CURVE('',#248,#256,#258,.T.);
#256 = VERTEX_POINT('',#257);
#257 = CARTESIAN_POINT('',(280.8452762905,54.901605708563,4.));
#258 = LINE('',#259,#260);
#259 = CARTESIAN_POINT('',(306.61487245239,-4.730162867707,4.));
#260 = VECTOR('',#261,1.);
#261 = DIRECTION('',(0.396689187153,-0.917952988336,0.));
#262 = ORIENTED_EDGE('',*,*,#263,.T.);
#263 = EDGE_CURVE('',#256,#264,#266,.T.);
#264 = VERTEX_POINT('',#265);
#265 = CARTESIAN_POINT('',(282.57824791579,50.722250935045,4.));
#266 = LINE('',#267,#268);
#267 = CARTESIAN_POINT('',(307.18659139002,-8.624939905486,4.));
#268 = VECTOR('',#269,1.);
#269 = DIRECTION('',(0.383027927868,-0.923736762543,0.));
#270 = ORIENTED_EDGE('',*,*,#271,.T.);
#271 = EDGE_CURVE('',#264,#272,#274,.T.);
#272 = VERTEX_POINT('',#273);
#273 = CARTESIAN_POINT('',(284.24902914118,46.517647853437,4.));
#274 = LINE('',#275,#276);
#275 = CARTESIAN_POINT('',(307.70498146669,-12.51040916027,4.));
#276 = VECTOR('',#277,1.);
#277 = DIRECTION('',(0.369282371011,-0.92931723887,0.));
#278 = ORIENTED_EDGE('',*,*,#279,.T.);
#279 = EDGE_CURVE('',#272,#280,#282,.T.);
#280 = VERTEX_POINT('',#281);
#281 = CARTESIAN_POINT('',(285.85725225772,42.288721821402,4.));
#282 = LINE('',#283,#284);
#283 = CARTESIAN_POINT('',(308.17069966456,-16.38592203424,4.));
#284 = VECTOR('',#285,1.);
#285 = DIRECTION('',(0.355455541733,-0.934693189154,0.));
#286 = ORIENTED_EDGE('',*,*,#287,.T.);
#287 = EDGE_CURVE('',#280,#288,#290,.T.);
#288 = VERTEX_POINT('',#289);
#289 = CARTESIAN_POINT('',(287.40256332436,38.036403549647,4.));
#290 = LINE('',#291,#292);
#291 = CARTESIAN_POINT('',(308.58440809172,-20.25085490463,4.));
#292 = VECTOR('',#293,1.);
#293 = DIRECTION('',(0.341550483072,-0.939863430246,0.));
#294 = ORIENTED_EDGE('',*,*,#295,.T.);
#295 = EDGE_CURVE('',#288,#296,#298,.T.);
#296 = VERTEX_POINT('',#297);
#297 = CARTESIAN_POINT('',(288.88462224588,33.761628897092,4.));
#298 = LINE('',#299,#300);
#299 = CARTESIAN_POINT('',(308.94677316343,-24.10460905919,4.));
#300 = VECTOR('',#301,1.);
#301 = DIRECTION('',(0.32757025528,-0.944826824268,0.));
#302 = ORIENTED_EDGE('',*,*,#303,.T.);
#303 = EDGE_CURVE('',#296,#304,#306,.T.);
#304 = VERTEX_POINT('',#305);
#305 = CARTESIAN_POINT('',(290.30310284772,29.465338664903,4.));
#306 = LINE('',#307,#308);
#307 = CARTESIAN_POINT('',(309.25846478871,-27.94661060615,4.));
#308 = VECTOR('',#309,1.);
#309 = DIRECTION('',(0.313517935154,-0.949582278866,0.));
#310 = ORIENTED_EDGE('',*,*,#311,.T.);
#311 = EDGE_CURVE('',#304,#312,#314,.T.);
#312 = VERTEX_POINT('',#313);
#313 = CARTESIAN_POINT('',(291.65769294776,25.148478389439,4.));
#314 = LINE('',#315,#316);
#315 = CARTESIAN_POINT('',(309.52015556293,-31.77631035916,4.));
#316 = VECTOR('',#317,1.);
#317 = DIRECTION('',(0.29939661536,-0.95412874745,0.));
#318 = ORIENTED_EDGE('',*,*,#319,.T.);
#319 = EDGE_CURVE('',#312,#320,#322,.T.);
#320 = VERTEX_POINT('',#321);
#321 = CARTESIAN_POINT('',(292.94809442502,20.811998134155,4.));
#322 = LINE('',#323,#324);
#323 = CARTESIAN_POINT('',(309.73251996738,-35.59318369724,4.));
#324 = VECTOR('',#325,1.);
#325 = DIRECTION('',(0.285209403744,-0.958465229425,0.));
#326 = ORIENTED_EDGE('',*,*,#327,.T.);
#327 = EDGE_CURVE('',#320,#328,#330,.T.);
#328 = VERTEX_POINT('',#329);
#329 = CARTESIAN_POINT('',(294.17402328532,16.456852280515,4.));
#330 = LINE('',#331,#332);
#331 = CARTESIAN_POINT('',(309.89623357637,-39.39673040012,4.));
#332 = VECTOR('',#333,1.);
#333 = DIRECTION('',(0.270959422659,-0.962590770407,0.));
#334 = ORIENTED_EDGE('',*,*,#335,.T.);
#335 = EDGE_CURVE('',#328,#336,#338,.T.);
#336 = VERTEX_POINT('',#337);
#337 = CARTESIAN_POINT('',(295.33520972371,12.083999317941,4.));
#338 = LINE('',#339,#340);
#339 = CARTESIAN_POINT('',(310.01197227272,-43.18647445918,4.));
#340 = VECTOR('',#341,1.);
#341 = DIRECTION('',(0.256649808268,-0.96650446244,0.));
#342 = ORIENTED_EDGE('',*,*,#343,.T.);
#343 = EDGE_CURVE('',#336,#344,#346,.T.);
#344 = VERTEX_POINT('',#345);
#345 = CARTESIAN_POINT('',(296.4313981839,7.694401632876,4.));
#346 = LINE('',#347,#348);
#347 = CARTESIAN_POINT('',(310.08041147232,-46.96196386441,4.));
#348 = VECTOR('',#349,1.);
#349 = DIRECTION('',(0.242283709862,-0.97020544419,0.));
#350 = ORIENTED_EDGE('',*,*,#351,.T.);
#351 = EDGE_CURVE('',#344,#352,#354,.T.);
#352 = VERTEX_POINT('',#353);
#353 = CARTESIAN_POINT('',(297.4623474145,3.289025296973,4.));
#354 = LINE('',#355,#356);
#355 = CARTESIAN_POINT('',(310.10222535853,-50.72277036754,4.));
#356 = VECTOR('',#357,1.);
#357 = DIRECTION('',(0.22786428916,-0.973692901138,0.));
#358 = ORIENTED_EDGE('',*,*,#359,.T.);
#359 = EDGE_CURVE('',#352,#360,#362,.T.);
#360 = VERTEX_POINT('',#361);
#361 = CARTESIAN_POINT('',(298.42783052207,-1.131160145514,4.));
#362 = LINE('',#363,#364);
#363 = CARTESIAN_POINT('',(310.07808612705,-54.46848922183,4.));
#364 = VECTOR('',#365,1.);
#365 = DIRECTION('',(0.213394719619,-0.976966065756,0.));
#366 = ORIENTED_EDGE('',*,*,#367,.T.);
#367 = EDGE_CURVE('',#360,#368,#370,.T.);
#368 = VERTEX_POINT('',#369);
#369 = CARTESIAN_POINT('',(299.32763502113,-5.565181891116,4.));
#370 = LINE('',#371,#372);
#371 = CARTESIAN_POINT('',(310.00866324203,-58.19873889887,4.));
#372 = VECTOR('',#373,1.);
#373 = DIRECTION('',(0.19887818573,-0.980024217681,0.));
#374 = ORIENTED_EDGE('',*,*,#375,.T.);
#375 = EDGE_CURVE('',#368,#376,#378,.T.);
#376 = VERTEX_POINT('',#377);
#377 = CARTESIAN_POINT('',(300.16156288084,-10.01206409124,4.));
#378 = LINE('',#379,#380);
#379 = CARTESIAN_POINT('',(309.89462270413,-61.9131607827,4.));
#380 = VECTOR('',#381,1.);
#381 = DIRECTION('',(0.184317882323,-0.982866683867,0.));
#382 = ORIENTED_EDGE('',*,*,#383,.T.);
#383 = EDGE_CURVE('',#376,#384,#386,.T.);
#384 = VERTEX_POINT('',#385);
#385 = CARTESIAN_POINT('',(300.92943056867,-14.47082806693,4.));
#386 = LINE('',#387,#388);
#387 = CARTESIAN_POINT('',(309.73662633108,-65.61141884176,4.));
#388 = VECTOR('',#389,1.);
#389 = DIRECTION('',(0.169717013858,-0.98549283874,0.));
#390 = ORIENTED_EDGE('',*,*,#391,.T.);
#391 = EDGE_CURVE('',#384,#392,#394,.T.);
#392 = VERTEX_POINT('',#393);
#393 = CARTESIAN_POINT('',(249.61975048704,-22.91575138929,4.));
#394 = LINE('',#395,#396);
#395 = CARTESIAN_POINT('',(186.27337017574,-33.34176308196,4.));
#396 = VECTOR('',#397,1.);
#397 = DIRECTION('',(-0.986724616954,-0.162402371584,0.));
#398 = ORIENTED_EDGE('',*,*,#399,.T.);
#399 = EDGE_CURVE('',#392,#400,#402,.T.);
#400 = VERTEX_POINT('',#401);
#401 = CARTESIAN_POINT('',(248.98280733302,-19.21722463174,4.));
#402 = LINE('',#403,#404);
#403 = CARTESIAN_POINT('',(258.14120580589,-72.39713808987,4.));
#404 = VECTOR('',#405,1.);
#405 = DIRECTION('',(-0.169717013858,0.98549283874,0.));
#406 = ORIENTED_EDGE('',*,*,#407,.T.);
#407 = EDGE_CURVE('',#400,#408,#410,.T.);
#408 = VERTEX_POINT('',#409);
#409 = CARTESIAN_POINT('',(248.29106753252,-15.52855375916,4.));
#410 = LINE('',#411,#412);
#411 = CARTESIAN_POINT('',(258.40554427086,-69.4635387188,4.));
#412 = VECTOR('',#413,1.);
#413 = DIRECTION('',(-0.184317882323,0.982866683867,0.));
#414 = ORIENTED_EDGE('',*,*,#415,.T.);
#415 = EDGE_CURVE('',#408,#416,#418,.T.);
#416 = VERTEX_POINT('',#417);
#417 = CARTESIAN_POINT('',(247.54468332505,-11.8505505818,4.));
#418 = LINE('',#419,#420);
#419 = CARTESIAN_POINT('',(258.63725872258,-66.5121138203,4.));
#420 = VECTOR('',#421,1.);
#421 = DIRECTION('',(-0.19887818573,0.980024217681,0.));
#422 = ORIENTED_EDGE('',*,*,#423,.T.);
#423 = EDGE_CURVE('',#416,#424,#426,.T.);
#424 = VERTEX_POINT('',#425);
#425 = CARTESIAN_POINT('',(246.74381897636,-8.184024562152,4.));
#426 = LINE('',#427,#428);
#427 = CARTESIAN_POINT('',(258.8356614454,-63.54303150401,4.));
#428 = VECTOR('',#429,1.);
#429 = DIRECTION('',(-0.213394719619,0.976966065756,0.));
#430 = ORIENTED_EDGE('',*,*,#431,.T.);
#431 = EDGE_CURVE('',#424,#432,#434,.T.);
#432 = VERTEX_POINT('',#433);
#433 = CARTESIAN_POINT('',(245.88865074234,-4.529782636756,4.));
#434 = LINE('',#435,#436);
#435 = CARTESIAN_POINT('',(259.00005805252,-60.55648286659,4.));
#436 = VECTOR('',#437,1.);
#437 = DIRECTION('',(-0.22786428916,0.973692901138,0.));
#438 = ORIENTED_EDGE('',*,*,#439,.T.);
#439 = EDGE_CURVE('',#432,#440,#442,.T.);
#440 = VERTEX_POINT('',#441);
#441 = CARTESIAN_POINT('',(244.97936683015,-0.888629038672,4.));
#442 = LINE('',#443,#444);
#443 = CARTESIAN_POINT('',(259.12974821166,-57.55268235675,4.));
#444 = VECTOR('',#445,1.);
#445 = DIRECTION('',(-0.242283709862,0.97020544419,0.));
#446 = ORIENTED_EDGE('',*,*,#447,.T.);
#447 = EDGE_CURVE('',#440,#448,#450,.T.);
#448 = VERTEX_POINT('',#449);
#449 = CARTESIAN_POINT('',(244.01616735686,2.738634879554,4.));
#450 = LINE('',#451,#452);
#451 = CARTESIAN_POINT('',(259.22402638379,-54.53186811777,4.));
#452 = VECTOR('',#453,1.);
#453 = DIRECTION('',(-0.256649808268,0.96650446244,0.));
#454 = ORIENTED_EDGE('',*,*,#455,.T.);
#455 = EDGE_CURVE('',#448,#456,#458,.T.);
#456 = VERTEX_POINT('',#457);
#457 = CARTESIAN_POINT('',(242.99926430539,6.351210822246,4.));
#458 = LINE('',#459,#460);
#459 = CARTESIAN_POINT('',(259.28218257438,-51.49430230747,4.));
#460 = VECTOR('',#461,1.);
#461 = DIRECTION('',(-0.270959422659,0.962590770407,0.));
#462 = ORIENTED_EDGE('',*,*,#463,.T.);
#463 = EDGE_CURVE('',#456,#464,#466,.T.);
#464 = VERTEX_POINT('',#465);
#465 = CARTESIAN_POINT('',(241.92888147785,9.948303726288,4.));
#466 = LINE('',#467,#468);
#467 = CARTESIAN_POINT('',(259.30350309641,-48.44027139494,4.));
#468 = VECTOR('',#469,1.);
#469 = DIRECTION('',(-0.285209403744,0.958465229425,0.));
#470 = ORIENTED_EDGE('',*,*,#471,.T.);
#471 = EDGE_CURVE('',#464,#472,#474,.T.);
#472 = VERTEX_POINT('',#473);
#473 = CARTESIAN_POINT('',(240.80525444627,13.5291219361,4.));
#474 = LINE('',#475,#476);
#475 = CARTESIAN_POINT('',(259.28727134435,-45.37008643382,4.));
#476 = VECTOR('',#477,1.);
#477 = DIRECTION('',(-0.29939661536,0.95412874745,0.));
#478 = ORIENTED_EDGE('',*,*,#479,.T.);
#479 = EDGE_CURVE('',#472,#480,#482,.T.);
#480 = VERTEX_POINT('',#481);
#481 = CARTESIAN_POINT('',(239.62863050081,17.092877377874,4.));
#482 = LINE('',#483,#484);
#483 = CARTESIAN_POINT('',(259.23276857863,-42.28408331167,4.));
#484 = VECTOR('',#485,1.);
#485 = DIRECTION('',(-0.313517935154,0.949582278866,0.));
#486 = ORIENTED_EDGE('',*,*,#487,.T.);
#487 = EDGE_CURVE('',#480,#488,#490,.T.);
#488 = VERTEX_POINT('',#489);
#489 = CARTESIAN_POINT('',(238.39926859527,20.638785733007,4.));
#490 = LINE('',#491,#492);
#491 = CARTESIAN_POINT('',(259.13927471959,-39.18262297519,4.));
#492 = VECTOR('',#493,1.);
#493 = DIRECTION('',(-0.32757025528,0.944826824268,0.));
#494 = ORIENTED_EDGE('',*,*,#495,.T.);
#495 = EDGE_CURVE('',#488,#496,#498,.T.);
#496 = VERTEX_POINT('',#497);
#497 = CARTESIAN_POINT('',(237.11743929014,24.166066610724,4.));
#498 = LINE('',#499,#500);
#499 = CARTESIAN_POINT('',(259.00606915044,-36.06609163092,4.));
#500 = VECTOR('',#501,1.);
#501 = DIRECTION('',(-0.341550483072,0.939863430246,0.));
#502 = ORIENTED_EDGE('',*,*,#503,.T.);
#503 = EDGE_CURVE('',#496,#504,#506,.T.);
#504 = VERTEX_POINT('',#505);
#505 = CARTESIAN_POINT('',(235.78342469303,27.673943719819,4.));
#506 = LINE('',#507,#508);
#507 = CARTESIAN_POINT('',(258.83243152828,-32.9349009211,4.));
#508 = VECTOR('',#509,1.);
#509 = DIRECTION('',(-0.355455541733,0.934693189154,0.));
#510 = ORIENTED_EDGE('',*,*,#511,.T.);
#511 = EDGE_CURVE('',#504,#512,#514,.T.);
#512 = VERTEX_POINT('',#513);
#513 = CARTESIAN_POINT('',(234.39751839662,31.161645039509,4.));
#514 = LINE('',#515,#516);
#515 = CARTESIAN_POINT('',(258.61764260258,-29.78948807452,4.));
#516 = VECTOR('',#517,1.);
#517 = DIRECTION('',(-0.369282371011,0.92931723887,0.));
#518 = ORIENTED_EDGE('',*,*,#519,.T.);
#519 = EDGE_CURVE('',#512,#520,#522,.T.);
#520 = VERTEX_POINT('',#521);
#521 = CARTESIAN_POINT('',(232.960025414,34.628402989341,4.));
#522 = LINE('',#523,#524);
#523 = CARTESIAN_POINT('',(258.3609850402,-26.63031603202,4.));
#524 = VECTOR('',#525,1.);
#525 = DIRECTION('',(-0.383027927868,0.923736762543,0.));
#526 = ORIENTED_EDGE('',*,*,#527,.T.);
#527 = EDGE_CURVE('',#520,#528,#530,.T.);
#528 = VERTEX_POINT('',#529);
#529 = CARTESIAN_POINT('',(231.47126211157,38.07345459812,4.));
#530 = LINE('',#531,#532);
#531 = CARTESIAN_POINT('',(258.06174425638,-23.45787354645,4.));
#532 = VECTOR('',#533,1.);
#533 = DIRECTION('',(-0.396689187153,0.917952988336,0.));
#534 = ORIENTED_EDGE('',*,*,#535,.T.);
#535 = EDGE_CURVE('',#528,#536,#538,.T.);
#536 = VERTEX_POINT('',#537);
#537 = CARTESIAN_POINT('',(229.93155613942,41.496041671829,4.));
#538 = LINE('',#539,#540);
#539 = CARTESIAN_POINT('',(257.71920925073,-20.27267525692,4.));
#540 = VECTOR('',#541,1.);
#541 = DIRECTION('',(-0.410263142269,0.911967189155,0.));
#542 = ORIENTED_EDGE('',*,*,#543,.T.);
#543 = EDGE_CURVE('',#536,#544,#546,.T.);
#544 = VERTEX_POINT('',#545);
#545 = CARTESIAN_POINT('',(228.34124635918,44.89541096049,4.));
#546 = LINE('',#547,#548);
#547 = CARTESIAN_POINT('',(257.33267344759,-17.0752617371,4.));
#548 = VECTOR('',#549,1.);
#549 = DIRECTION('',(-0.423746805832,0.905780682366,0.));
#550 = ORIENTED_EDGE('',*,*,#551,.T.);
#551 = EDGE_CURVE('',#544,#552,#554,.T.);
#552 = VERTEX_POINT('',#553);
#553 = CARTESIAN_POINT('',(226.7006827695,48.270814323944,4.));
#554 = LINE('',#555,#556);
#555 = CARTESIAN_POINT('',(256.90143553985,-13.8661995175,4.));
#556 = VECTOR('',#557,1.);
#557 = DIRECTION('',(-0.43713721033,0.899394829508,0.));
#558 = ORIENTED_EDGE('',*,*,#559,.T.);
#559 = EDGE_CURVE('',#552,#560,#562,.T.);
#560 = VERTEX_POINT('',#561);
#561 = CARTESIAN_POINT('',(225.01022642897,51.6215088965,4.));
#562 = LINE('',#563,#564);
#563 = CARTESIAN_POINT('',(256.42480033554,-10.64608108149,4.));
#564 = VECTOR('',#565,1.);
#565 = DIRECTION('',(-0.450431408775,0.892811035992,0.));
#566 = ORIENTED_EDGE('',*,*,#567,.T.);
#567 = EDGE_CURVE('',#560,#568,#570,.T.);
#568 = VERTEX_POINT('',#569);
#569 = CARTESIAN_POINT('',(223.27024937668,54.946757250432,4.));
#570 = LINE('',#571,#572);
#571 = CARTESIAN_POINT('',(255.90207960636,-7.415524835111,4.));
#572 = VECTOR('',#573,1.);
#573 = DIRECTION('',(-0.463626475352,0.886030750794,0.));
#574 = ORIENTED_EDGE('',*,*,#575,.T.);
#575 = EDGE_CURVE('',#568,#576,#578,.T.);
#576 = VERTEX_POINT('',#577);
#577 = CARTESIAN_POINT('',(221.48113455036,58.245827558266,4.));
#578 = LINE('',#579,#580);
#579 = CARTESIAN_POINT('',(255.33259293728,-4.175175050398,4.));
#580 = VECTOR('',#581,1.);
#581 = DIRECTION('',(-0.476719506064,0.879055466133,0.));
#582 = ORIENTED_EDGE('',*,*,#583,.T.);
#583 = EDGE_CURVE('',#576,#584,#586,.T.);
#584 = VERTEX_POINT('',#585);
#585 = CARTESIAN_POINT('',(219.64327570205,61.517993753848,4.));
#586 = LINE('',#587,#588);
#587 = CARTESIAN_POINT('',(254.71566857653,-0.925701782346,4.));
#588 = VECTOR('',#589,1.);
#589 = DIRECTION('',(-0.48970761937,0.871886717143,0.));
#590 = ORIENTED_EDGE('',*,*,#591,.T.);
#591 = EDGE_CURVE('',#584,#592,#594,.T.);
#592 = VERTEX_POINT('',#593);
#593 = CARTESIAN_POINT('',(217.75707731151,64.762535692137,4.));
#594 = LINE('',#595,#596);
#595 = CARTESIAN_POINT('',(254.05064428512,2.332199240634,4.));
#596 = VECTOR('',#597,1.);
#597 = DIRECTION('',(-0.50258795682,0.864526081538,0.));
#598 = ORIENTED_EDGE('',*,*,#599,.T.);
#599 = EDGE_CURVE('',#592,#600,#602,.T.);
#600 = VERTEX_POINT('',#601);
#601 = CARTESIAN_POINT('',(215.82295449713,67.978739307693,4.));
#602 = LINE('',#603,#604);
#603 = CARTESIAN_POINT('',(253.33686818501,5.59780675274,4.));
#604 = VECTOR('',#605,1.);
#605 = DIRECTION('',(-0.515357683682,0.856975179261,0.));
#606 = ORIENTED_EDGE('',*,*,#607,.T.);
#607 = EDGE_CURVE('',#600,#608,#610,.T.);
#608 = VERTEX_POINT('',#609);
#609 = CARTESIAN_POINT('',(213.84133292463,71.165896771833,4.));
#610 = LINE('',#611,#612);
#611 = CARTESIAN_POINT('',(252.5736996053,8.870374113264,4.));
#612 = VECTOR('',#613,1.);
#613 = DIRECTION('',(-0.528013989569,0.849235672131,0.));
#614 = ORIENTED_EDGE('',*,*,#615,.T.);
#615 = EDGE_CURVE('',#608,#616,#618,.T.);
#616 = VERTEX_POINT('',#617);
#617 = CARTESIAN_POINT('',(211.81264871336,74.323306648412,4.));
#618 = LINE('',#619,#620);
#619 = CARTESIAN_POINT('',(251.76050992547,12.149129495505,4.));
#620 = VECTOR('',#621,1.);
#621 = DIRECTION('',(-0.540554089056,0.841309263473,0.));
#622 = ORIENTED_EDGE('',*,*,#623,.T.);
#623 = EDGE_CURVE('',#616,#624,#626,.T.);
#624 = VERTEX_POINT('',#625);
#625 = CARTESIAN_POINT('',(209.73734834027,77.450274048192,4.));
#626 = LINE('',#627,#628);
#627 = CARTESIAN_POINT('',(250.89668341491,15.433276102056,4.));
#628 = VECTOR('',#629,1.);
#629 = DIRECTION('',(-0.55297522229,0.833197697748,0.));
#630 = ORIENTED_EDGE('',*,*,#631,.T.);
#631 = EDGE_CURVE('',#624,#632,#634,.T.);
#632 = VERTEX_POINT('',#633);
#633 = CARTESIAN_POINT('',(207.61588854175,80.546110781781,4.));
#634 = LINE('',#635,#636);
#635 = CARTESIAN_POINT('',(249.98161806805,18.721992406366,4.));
#636 = VECTOR('',#637,1.);
#637 = DIRECTION('',(-0.565274655605,0.824902760167,0.));
#638 = ORIENTED_EDGE('',*,*,#639,.T.);
#639 = EDGE_CURVE('',#632,#640,#642,.T.);
#640 = VERTEX_POINT('',#641);
#641 = CARTESIAN_POINT('',(205.44873621299,83.610135511086,4.));
#642 = LINE('',#643,#644);
#643 = CARTESIAN_POINT('',(249.01472643405,22.014432420454,4.));
#644 = VECTOR('',#645,1.);
#645 = DIRECTION('',(-0.577449682115,0.816426276295,0.));
#646 = ORIENTED_EDGE('',*,*,#647,.T.);
#647 = EDGE_CURVE('',#640,#648,#650,.T.);
#648 = VERTEX_POINT('',#649);
#649 = CARTESIAN_POINT('',(203.23636830534,86.641673899265,4.));
#650 = LINE('',#651,#652);
#651 = CARTESIAN_POINT('',(247.99543644058,25.309725988682,4.));
#652 = VECTOR('',#653,1.);
#653 = DIRECTION('',(-0.589497622315,0.807770111656,0.));
#654 = ORIENTED_EDGE('',*,*,#655,.T.);
#655 = EDGE_CURVE('',#648,#656,#658,.T.);
#656 = VERTEX_POINT('',#657);
#657 = CARTESIAN_POINT('',(200.97927172126,89.640058759137,4.));
#658 = LINE('',#659,#660);
#659 = CARTESIAN_POINT('',(246.92319221057,28.606979107372,4.));
#660 = VECTOR('',#661,1.);
#661 = DIRECTION('',(-0.60141582467,0.798936171315,0.));
#662 = ORIENTED_EDGE('',*,*,#663,.T.);
#663 = EDGE_CURVE('',#656,#664,#666,.T.);
#664 = VERTEX_POINT('',#665);
#665 = CARTESIAN_POINT('',(198.67794320718,92.604630200017,4.));
#666 = LINE('',#667,#668);
#667 = CARTESIAN_POINT('',(245.79745487134,31.905274270132,4.));
#668 = VECTOR('',#669,1.);
#669 = DIRECTION('',(-0.613201666199,0.789926399465,0.));
#670 = ORIENTED_EDGE('',*,*,#671,.T.);
#671 = EDGE_CURVE('',#664,#672,#674,.T.);
#672 = VERTEX_POINT('',#673);
#673 = CARTESIAN_POINT('',(196.3328892442,95.534735772948,4.));
#674 = LINE('',#675,#676);
#675 = CARTESIAN_POINT('',(244.61770335534,35.203670838652,4.));
#676 = VECTOR('',#677,1.);
#677 = DIRECTION('',(-0.624852553048,0.780742778993,0.));
#678 = ORIENTED_EDGE('',*,*,#679,.T.);
#679 = EDGE_CURVE('',#672,#680,#682,.T.);
#680 = VERTEX_POINT('',#681);
#681 = CARTESIAN_POINT('',(193.9446259366,98.429730614289,4.));
#682 = LINE('',#683,#684);
#683 = CARTESIAN_POINT('',(243.38343519154,38.501205438753,4.));
#684 = VECTOR('',#685,1.);
#685 = DIRECTION('',(-0.636365921066,0.771387331051,0.));
#686 = ORIENTED_EDGE('',*,*,#687,.T.);
#687 = EDGE_CURVE('',#680,#688,#690,.T.);
#688 = VERTEX_POINT('',#689);
#689 = CARTESIAN_POINT('',(193.81848657884,98.578094018019,4.));
#690 = LINE('',#691,#692);
#691 = CARTESIAN_POINT('',(242.09416728694,41.796892381441,4.));
#692 = VECTOR('',#693,1.);
#693 = DIRECTION('',(-0.647739236369,0.761862114603,0.));
#694 = ORIENTED_EDGE('',*,*,#695,.F.);
#695 = EDGE_CURVE('',#696,#688,#698,.T.);
#696 = VERTEX_POINT('',#697);
#697 = CARTESIAN_POINT('',(165.,92.063276573336,4.));
#698 = LINE('',#699,#700);
#699 = CARTESIAN_POINT('',(140.77174905092,86.586145374741,4.));
#700 = VECTOR('',#701,1.);
#701 = DIRECTION('',(0.975387035788,0.220499728835,0.));
#702 = ORIENTED_EDGE('',*,*,#703,.F.);
#703 = EDGE_CURVE('',#704,#696,#706,.T.);
#704 = VERTEX_POINT('',#705);
#705 = CARTESIAN_POINT('',(165.,65.,4.));
#706 = LINE('',#707,#708);
#707 = CARTESIAN_POINT('',(165.,65.,4.));
#708 = VECTOR('',#709,1.);
#709 = DIRECTION('',(0.,1.,0.));
#710 = ORIENTED_EDGE('',*,*,#711,.F.);
#711 = EDGE_CURVE('',#712,#704,#714,.T.);
#712 = VERTEX_POINT('',#713);
#713 = CARTESIAN_POINT('',(140.,65.,4.));
#714 = LINE('',#715,#716);
#715 = CARTESIAN_POINT('',(140.,65.,4.));
#716 = VECTOR('',#717,1.);
#717 = DIRECTION('',(1.,0.,0.));
#718 = ORIENTED_EDGE('',*,*,#719,.F.);
#719 = EDGE_CURVE('',#720,#712,#722,.T.);
#720 = VERTEX_POINT('',#721);
#721 = CARTESIAN_POINT('',(140.,-65.,4.));
#722 = LINE('',#723,#724);
#723 = CARTESIAN_POINT('',(140.,-147.5,4.));
#724 = VECTOR('',#725,1.);
#725 = DIRECTION('',(0.,1.,0.));
#726 = ORIENTED_EDGE('',*,*,#727,.T.);
#727 = EDGE_CURVE('',#720,#728,#730,.T.);
#728 = VERTEX_POINT('',#729);
#729 = CARTESIAN_POINT('',(165.,-65.,4.));
#730 = LINE('',#731,#732);
#731 = CARTESIAN_POINT('',(140.,-65.,4.));
#732 = VECTOR('',#733,1.);
#733 = DIRECTION('',(1.,0.,0.));
#734 = ORIENTED_EDGE('',*,*,#735,.F.);
#735 = EDGE_CURVE('',#736,#728,#738,.T.);
#736 = VERTEX_POINT('',#737);
#737 = CARTESIAN_POINT('',(165.,-92.06327657333,4.));
#738 = LINE('',#739,#740);
#739 = CARTESIAN_POINT('',(165.,-115.,4.));
#740 = VECTOR('',#741,1.);
#741 = DIRECTION('',(0.,1.,0.));
#742 = ORIENTED_EDGE('',*,*,#743,.T.);
#743 = EDGE_CURVE('',#736,#744,#746,.T.);
#744 = VERTEX_POINT('',#745);
#745 = CARTESIAN_POINT('',(328.77174905092,-129.0861453747,4.));
#746 = LINE('',#747,#748);
#747 = CARTESIAN_POINT('',(140.77174905092,-86.58614537474,4.));
#748 = VECTOR('',#749,1.);
#749 = DIRECTION('',(0.975387035788,-0.220499728835,0.));
#750 = ORIENTED_EDGE('',*,*,#751,.F.);
#751 = EDGE_CURVE('',#752,#744,#754,.T.);
#752 = VERTEX_POINT('',#753);
#753 = CARTESIAN_POINT('',(327.22825094907,-135.9138546252,4.));
#754 = LINE('',#755,#756);
#755 = CARTESIAN_POINT('',(327.22825094907,-135.9138546252,4.));
#756 = VECTOR('',#757,1.);
#757 = DIRECTION('',(0.220499728835,0.975387035788,0.));
#758 = ORIENTED_EDGE('',*,*,#759,.F.);
#759 = EDGE_CURVE('',#760,#752,#762,.T.);
#760 = VERTEX_POINT('',#761);
#761 = CARTESIAN_POINT('',(165.,-99.23991491602,4.));
#762 = LINE('',#763,#764);
#763 = CARTESIAN_POINT('',(139.22825094907,-93.41385462525,4.));
#764 = VECTOR('',#765,1.);
#765 = DIRECTION('',(0.975387035788,-0.220499728835,0.));
#766 = ORIENTED_EDGE('',*,*,#767,.F.);
#767 = EDGE_CURVE('',#768,#760,#770,.T.);
#768 = VERTEX_POINT('',#769);
#769 = CARTESIAN_POINT('',(165.,-115.,4.));
#770 = LINE('',#771,#772);
#771 = CARTESIAN_POINT('',(165.,-115.,4.));
#772 = VECTOR('',#773,1.);
#773 = DIRECTION('',(0.,1.,0.));
#774 = ORIENTED_EDGE('',*,*,#775,.F.);
#775 = EDGE_CURVE('',#24,#768,#776,.T.);
#776 = LINE('',#777,#778);
#777 = CARTESIAN_POINT('',(140.,-115.,4.));
#778 = VECTOR('',#779,1.);
#779 = DIRECTION('',(1.,0.,0.));
#780 = PLANE('',#781);
#781 = AXIS2_PLACEMENT_3D('',#782,#783,#784);
#782 = CARTESIAN_POINT('',(140.,-147.5,4.));
#783 = DIRECTION('',(0.,0.,1.));
#784 = DIRECTION('',(1.,0.,0.));
#785 = ADVANCED_FACE('',(#786,#962),#1004,.T.);
#786 = FACE_BOUND('',#787,.T.);
#787 = EDGE_LOOP('',(#788,#798,#806,#814,#820,#821,#829,#837,#843,#844,
    #852,#860,#868,#876,#884,#892,#900,#908,#916,#924,#932,#940,#948,
    #956));
#788 = ORIENTED_EDGE('',*,*,#789,.F.);
#789 = EDGE_CURVE('',#790,#792,#794,.T.);
#790 = VERTEX_POINT('',#791);
#791 = CARTESIAN_POINT('',(140.,-147.5,0.));
#792 = VERTEX_POINT('',#793);
#793 = CARTESIAN_POINT('',(140.,147.5,0.));
#794 = LINE('',#795,#796);
#795 = CARTESIAN_POINT('',(140.,-147.5,0.));
#796 = VECTOR('',#797,1.);
#797 = DIRECTION('',(0.,1.,0.));
#798 = ORIENTED_EDGE('',*,*,#799,.T.);
#799 = EDGE_CURVE('',#790,#800,#802,.T.);
#800 = VERTEX_POINT('',#801);
#801 = CARTESIAN_POINT('',(140.,-147.5,14.));
#802 = LINE('',#803,#804);
#803 = CARTESIAN_POINT('',(140.,-147.5,0.));
#804 = VECTOR('',#805,1.);
#805 = DIRECTION('',(0.,0.,1.));
#806 = ORIENTED_EDGE('',*,*,#807,.T.);
#807 = EDGE_CURVE('',#800,#808,#810,.T.);
#808 = VERTEX_POINT('',#809);
#809 = CARTESIAN_POINT('',(140.,-139.5,14.));
#810 = LINE('',#811,#812);
#811 = CARTESIAN_POINT('',(140.,-147.5,14.));
#812 = VECTOR('',#813,1.);
#813 = DIRECTION('',(0.,1.,0.));
#814 = ORIENTED_EDGE('',*,*,#815,.F.);
#815 = EDGE_CURVE('',#22,#808,#816,.T.);
#816 = LINE('',#817,#818);
#817 = CARTESIAN_POINT('',(140.,-139.5,4.));
#818 = VECTOR('',#819,1.);
#819 = DIRECTION('',(0.,0.,1.));
#820 = ORIENTED_EDGE('',*,*,#21,.T.);
#821 = ORIENTED_EDGE('',*,*,#822,.T.);
#822 = EDGE_CURVE('',#24,#823,#825,.T.);
#823 = VERTEX_POINT('',#824);
#824 = CARTESIAN_POINT('',(140.,-115.,24.));
#825 = LINE('',#826,#827);
#826 = CARTESIAN_POINT('',(140.,-115.,4.));
#827 = VECTOR('',#828,1.);
#828 = DIRECTION('',(0.,0.,1.));
#829 = ORIENTED_EDGE('',*,*,#830,.T.);
#830 = EDGE_CURVE('',#823,#831,#833,.T.);
#831 = VERTEX_POINT('',#832);
#832 = CARTESIAN_POINT('',(140.,-65.,24.));
#833 = LINE('',#834,#835);
#834 = CARTESIAN_POINT('',(140.,-115.,24.));
#835 = VECTOR('',#836,1.);
#836 = DIRECTION('',(0.,1.,0.));
#837 = ORIENTED_EDGE('',*,*,#838,.F.);
#838 = EDGE_CURVE('',#720,#831,#839,.T.);
#839 = LINE('',#840,#841);
#840 = CARTESIAN_POINT('',(140.,-65.,4.));
#841 = VECTOR('',#842,1.);
#842 = DIRECTION('',(0.,0.,1.));
#843 = ORIENTED_EDGE('',*,*,#719,.T.);
#844 = ORIENTED_EDGE('',*,*,#845,.T.);
#845 = EDGE_CURVE('',#712,#846,#848,.T.);
#846 = VERTEX_POINT('',#847);
#847 = CARTESIAN_POINT('',(140.,65.,17.6));
#848 = LINE('',#849,#850);
#849 = CARTESIAN_POINT('',(140.,65.,4.));
#850 = VECTOR('',#851,1.);
#851 = DIRECTION('',(0.,0.,1.));
#852 = ORIENTED_EDGE('',*,*,#853,.T.);
#853 = EDGE_CURVE('',#846,#854,#856,.T.);
#854 = VERTEX_POINT('',#855);
#855 = CARTESIAN_POINT('',(140.,87.6,17.6));
#856 = LINE('',#857,#858);
#857 = CARTESIAN_POINT('',(140.,14.584778301514,17.6));
#858 = VECTOR('',#859,1.);
#859 = DIRECTION('',(0.,1.,0.));
#860 = ORIENTED_EDGE('',*,*,#861,.T.);
#861 = EDGE_CURVE('',#854,#862,#864,.T.);
#862 = VERTEX_POINT('',#863);
#863 = CARTESIAN_POINT('',(140.,78.,8.));
#864 = LINE('',#865,#866);
#865 = CARTESIAN_POINT('',(140.,79.75,9.75));
#866 = VECTOR('',#867,1.);
#867 = DIRECTION('',(0.,-0.707106781187,-0.707106781187));
#868 = ORIENTED_EDGE('',*,*,#869,.T.);
#869 = EDGE_CURVE('',#862,#870,#872,.T.);
#870 = VERTEX_POINT('',#871);
#871 = CARTESIAN_POINT('',(140.,78.,4.));
#872 = LINE('',#873,#874);
#873 = CARTESIAN_POINT('',(140.,78.,6.));
#874 = VECTOR('',#875,1.);
#875 = DIRECTION('',(0.,0.,-1.));
#876 = ORIENTED_EDGE('',*,*,#877,.T.);
#877 = EDGE_CURVE('',#870,#878,#880,.T.);
#878 = VERTEX_POINT('',#879);
#879 = CARTESIAN_POINT('',(140.,102.,4.));
#880 = LINE('',#881,#882);
#881 = CARTESIAN_POINT('',(140.,-147.5,4.));
#882 = VECTOR('',#883,1.);
#883 = DIRECTION('',(0.,1.,0.));
#884 = ORIENTED_EDGE('',*,*,#885,.T.);
#885 = EDGE_CURVE('',#878,#886,#888,.T.);
#886 = VERTEX_POINT('',#887);
#887 = CARTESIAN_POINT('',(140.,102.,8.));
#888 = LINE('',#889,#890);
#889 = CARTESIAN_POINT('',(140.,102.,4.));
#890 = VECTOR('',#891,1.);
#891 = DIRECTION('',(0.,0.,1.));
#892 = ORIENTED_EDGE('',*,*,#893,.T.);
#893 = EDGE_CURVE('',#886,#894,#896,.T.);
#894 = VERTEX_POINT('',#895);
#895 = CARTESIAN_POINT('',(140.,92.4,17.6));
#896 = LINE('',#897,#898);
#897 = CARTESIAN_POINT('',(140.,93.75,16.25));
#898 = VECTOR('',#899,1.);
#899 = DIRECTION('',(0.,-0.707106781187,0.707106781187));
#900 = ORIENTED_EDGE('',*,*,#901,.T.);
#901 = EDGE_CURVE('',#894,#902,#904,.T.);
#902 = VERTEX_POINT('',#903);
#903 = CARTESIAN_POINT('',(140.,99.031694510383,17.6));
#904 = LINE('',#905,#906);
#905 = CARTESIAN_POINT('',(140.,14.584778301514,17.6));
#906 = VECTOR('',#907,1.);
#907 = DIRECTION('',(0.,1.,0.));
#908 = ORIENTED_EDGE('',*,*,#909,.T.);
#909 = EDGE_CURVE('',#902,#910,#912,.T.);
#910 = VERTEX_POINT('',#911);
#911 = CARTESIAN_POINT('',(140.,99.031694510383,24.));
#912 = LINE('',#913,#914);
#913 = CARTESIAN_POINT('',(140.,99.031694510383,12.167688022284));
#914 = VECTOR('',#915,1.);
#915 = DIRECTION('',(-0.,0.,1.));
#916 = ORIENTED_EDGE('',*,*,#917,.T.);
#917 = EDGE_CURVE('',#910,#918,#920,.T.);
#918 = VERTEX_POINT('',#919);
#919 = CARTESIAN_POINT('',(140.,115.,24.));
#920 = LINE('',#921,#922);
#921 = CARTESIAN_POINT('',(140.,65.,24.));
#922 = VECTOR('',#923,1.);
#923 = DIRECTION('',(0.,1.,0.));
#924 = ORIENTED_EDGE('',*,*,#925,.F.);
#925 = EDGE_CURVE('',#926,#918,#928,.T.);
#926 = VERTEX_POINT('',#927);
#927 = CARTESIAN_POINT('',(140.,115.,4.));
#928 = LINE('',#929,#930);
#929 = CARTESIAN_POINT('',(140.,115.,4.));
#930 = VECTOR('',#931,1.);
#931 = DIRECTION('',(0.,0.,1.));
#932 = ORIENTED_EDGE('',*,*,#933,.T.);
#933 = EDGE_CURVE('',#926,#934,#936,.T.);
#934 = VERTEX_POINT('',#935);
#935 = CARTESIAN_POINT('',(140.,139.5,4.));
#936 = LINE('',#937,#938);
#937 = CARTESIAN_POINT('',(140.,-147.5,4.));
#938 = VECTOR('',#939,1.);
#939 = DIRECTION('',(0.,1.,0.));
#940 = ORIENTED_EDGE('',*,*,#941,.T.);
#941 = EDGE_CURVE('',#934,#942,#944,.T.);
#942 = VERTEX_POINT('',#943);
#943 = CARTESIAN_POINT('',(140.,139.5,14.));
#944 = LINE('',#945,#946);
#945 = CARTESIAN_POINT('',(140.,139.5,4.));
#946 = VECTOR('',#947,1.);
#947 = DIRECTION('',(0.,0.,1.));
#948 = ORIENTED_EDGE('',*,*,#949,.T.);
#949 = EDGE_CURVE('',#942,#950,#952,.T.);
#950 = VERTEX_POINT('',#951);
#951 = CARTESIAN_POINT('',(140.,147.5,14.));
#952 = LINE('',#953,#954);
#953 = CARTESIAN_POINT('',(140.,139.5,14.));
#954 = VECTOR('',#955,1.);
#955 = DIRECTION('',(0.,1.,0.));
#956 = ORIENTED_EDGE('',*,*,#957,.F.);
#957 = EDGE_CURVE('',#792,#950,#958,.T.);
#958 = LINE('',#959,#960);
#959 = CARTESIAN_POINT('',(140.,147.5,4.));
#960 = VECTOR('',#961,1.);
#961 = DIRECTION('',(0.,0.,1.));
#962 = FACE_BOUND('',#963,.T.);
#963 = EDGE_LOOP('',(#964,#974,#982,#990,#998));
#964 = ORIENTED_EDGE('',*,*,#965,.T.);
#965 = EDGE_CURVE('',#966,#968,#970,.T.);
#966 = VERTEX_POINT('',#967);
#967 = CARTESIAN_POINT('',(140.,-102.,4.));
#968 = VERTEX_POINT('',#969);
#969 = CARTESIAN_POINT('',(140.,-78.,4.));
#970 = LINE('',#971,#972);
#971 = CARTESIAN_POINT('',(140.,-147.5,4.));
#972 = VECTOR('',#973,1.);
#973 = DIRECTION('',(0.,1.,0.));
#974 = ORIENTED_EDGE('',*,*,#975,.T.);
#975 = EDGE_CURVE('',#968,#976,#978,.T.);
#976 = VERTEX_POINT('',#977);
#977 = CARTESIAN_POINT('',(140.,-78.,8.));
#978 = LINE('',#979,#980);
#979 = CARTESIAN_POINT('',(140.,-78.,4.));
#980 = VECTOR('',#981,1.);
#981 = DIRECTION('',(0.,0.,1.));
#982 = ORIENTED_EDGE('',*,*,#983,.T.);
#983 = EDGE_CURVE('',#976,#984,#986,.T.);
#984 = VERTEX_POINT('',#985);
#985 = CARTESIAN_POINT('',(140.,-90.,20.));
#986 = LINE('',#987,#988);
#987 = CARTESIAN_POINT('',(140.,-86.25,16.25));
#988 = VECTOR('',#989,1.);
#989 = DIRECTION('',(0.,-0.707106781187,0.707106781187));
#990 = ORIENTED_EDGE('',*,*,#991,.T.);
#991 = EDGE_CURVE('',#984,#992,#994,.T.);
#992 = VERTEX_POINT('',#993);
#993 = CARTESIAN_POINT('',(140.,-102.,8.));
#994 = LINE('',#995,#996);
#995 = CARTESIAN_POINT('',(140.,-100.25,9.75));
#996 = VECTOR('',#997,1.);
#997 = DIRECTION('',(0.,-0.707106781187,-0.707106781187));
#998 = ORIENTED_EDGE('',*,*,#999,.T.);
#999 = EDGE_CURVE('',#992,#966,#1000,.T.);
#1000 = LINE('',#1001,#1002);
#1001 = CARTESIAN_POINT('',(140.,-102.,6.));
#1002 = VECTOR('',#1003,1.);
#1003 = DIRECTION('',(0.,0.,-1.));
#1004 = PLANE('',#1005);
#1005 = AXIS2_PLACEMENT_3D('',#1006,#1007,#1008);
#1006 = CARTESIAN_POINT('',(140.,0.,6.735376044568));
#1007 = DIRECTION('',(-1.,-0.,-0.));
#1008 = DIRECTION('',(0.,0.,-1.));
#1009 = ADVANCED_FACE('',(#1010),#1028,.T.);
#1010 = FACE_BOUND('',#1011,.T.);
#1011 = EDGE_LOOP('',(#1012,#1013,#1014,#1022));
#1012 = ORIENTED_EDGE('',*,*,#31,.F.);
#1013 = ORIENTED_EDGE('',*,*,#815,.T.);
#1014 = ORIENTED_EDGE('',*,*,#1015,.T.);
#1015 = EDGE_CURVE('',#808,#1016,#1018,.T.);
#1016 = VERTEX_POINT('',#1017);
#1017 = CARTESIAN_POINT('',(332.,-139.5,14.));
#1018 = LINE('',#1019,#1020);
#1019 = CARTESIAN_POINT('',(140.,-139.5,14.));
#1020 = VECTOR('',#1021,1.);
#1021 = DIRECTION('',(1.,0.,0.));
#1022 = ORIENTED_EDGE('',*,*,#1023,.T.);
#1023 = EDGE_CURVE('',#1016,#32,#1024,.T.);
#1024 = LINE('',#1025,#1026);
#1025 = CARTESIAN_POINT('',(332.,-139.5,4.));
#1026 = VECTOR('',#1027,1.);
#1027 = DIRECTION('',(0.,0.,-1.));
#1028 = PLANE('',#1029);
#1029 = AXIS2_PLACEMENT_3D('',#1030,#1031,#1032);
#1030 = CARTESIAN_POINT('',(140.,-139.5,4.));
#1031 = DIRECTION('',(0.,1.,0.));
#1032 = DIRECTION('',(0.,0.,1.));
#1033 = ADVANCED_FACE('',(#1034),#1052,.F.);
#1034 = FACE_BOUND('',#1035,.F.);
#1035 = EDGE_LOOP('',(#1036,#1037,#1038,#1046));
#1036 = ORIENTED_EDGE('',*,*,#1023,.T.);
#1037 = ORIENTED_EDGE('',*,*,#39,.T.);
#1038 = ORIENTED_EDGE('',*,*,#1039,.F.);
#1039 = EDGE_CURVE('',#1040,#40,#1042,.T.);
#1040 = VERTEX_POINT('',#1041);
#1041 = CARTESIAN_POINT('',(332.,139.5,14.));
#1042 = LINE('',#1043,#1044);
#1043 = CARTESIAN_POINT('',(332.,139.5,4.));
#1044 = VECTOR('',#1045,1.);
#1045 = DIRECTION('',(0.,0.,-1.));
#1046 = ORIENTED_EDGE('',*,*,#1047,.F.);
#1047 = EDGE_CURVE('',#1016,#1040,#1048,.T.);
#1048 = LINE('',#1049,#1050);
#1049 = CARTESIAN_POINT('',(332.,-147.5,14.));
#1050 = VECTOR('',#1051,1.);
#1051 = DIRECTION('',(0.,1.,0.));
#1052 = PLANE('',#1053);
#1053 = AXIS2_PLACEMENT_3D('',#1054,#1055,#1056);
#1054 = CARTESIAN_POINT('',(332.,-147.5,4.));
#1055 = DIRECTION('',(1.,0.,0.));
#1056 = DIRECTION('',(0.,0.,1.));
#1057 = ADVANCED_FACE('',(#1058),#1076,.F.);
#1058 = FACE_BOUND('',#1059,.F.);
#1059 = EDGE_LOOP('',(#1060,#1061,#1069,#1075));
#1060 = ORIENTED_EDGE('',*,*,#47,.F.);
#1061 = ORIENTED_EDGE('',*,*,#1062,.T.);
#1062 = EDGE_CURVE('',#48,#1063,#1065,.T.);
#1063 = VERTEX_POINT('',#1064);
#1064 = CARTESIAN_POINT('',(227.14663679053,139.5,14.));
#1065 = LINE('',#1066,#1067);
#1066 = CARTESIAN_POINT('',(227.14663679053,139.5,3.9));
#1067 = VECTOR('',#1068,1.);
#1068 = DIRECTION('',(0.,0.,1.));
#1069 = ORIENTED_EDGE('',*,*,#1070,.T.);
#1070 = EDGE_CURVE('',#1063,#1040,#1071,.T.);
#1071 = LINE('',#1072,#1073);
#1072 = CARTESIAN_POINT('',(140.,139.5,14.));
#1073 = VECTOR('',#1074,1.);
#1074 = DIRECTION('',(1.,0.,0.));
#1075 = ORIENTED_EDGE('',*,*,#1039,.T.);
#1076 = PLANE('',#1077);
#1077 = AXIS2_PLACEMENT_3D('',#1078,#1079,#1080);
#1078 = CARTESIAN_POINT('',(140.,139.5,4.));
#1079 = DIRECTION('',(0.,1.,0.));
#1080 = DIRECTION('',(0.,0.,1.));
#1081 = ADVANCED_FACE('',(#1082),#1116,.F.);
#1082 = FACE_BOUND('',#1083,.F.);
#1083 = EDGE_LOOP('',(#1084,#1085,#1093,#1101,#1109,#1115));
#1084 = ORIENTED_EDGE('',*,*,#55,.T.);
#1085 = ORIENTED_EDGE('',*,*,#1086,.T.);
#1086 = EDGE_CURVE('',#56,#1087,#1089,.T.);
#1087 = VERTEX_POINT('',#1088);
#1088 = CARTESIAN_POINT('',(227.89813276712,138.66746689101,18.));
#1089 = LINE('',#1090,#1091);
#1090 = CARTESIAN_POINT('',(227.89813276712,138.66746689101,3.8));
#1091 = VECTOR('',#1092,1.);
#1092 = DIRECTION('',(0.,0.,1.));
#1093 = ORIENTED_EDGE('',*,*,#1094,.T.);
#1094 = EDGE_CURVE('',#1087,#1095,#1097,.T.);
#1095 = VERTEX_POINT('',#1096);
#1096 = CARTESIAN_POINT('',(224.86653251185,142.025978,18.));
#1097 = LINE('',#1098,#1099);
#1098 = CARTESIAN_POINT('',(227.89813276712,138.66746689101,18.));
#1099 = VECTOR('',#1100,1.);
#1100 = DIRECTION('',(-0.67005572795,0.742310798414,0.));
#1101 = ORIENTED_EDGE('',*,*,#1102,.F.);
#1102 = EDGE_CURVE('',#1103,#1095,#1105,.T.);
#1103 = VERTEX_POINT('',#1104);
#1104 = CARTESIAN_POINT('',(224.86653251185,142.025978,14.));
#1105 = LINE('',#1106,#1107);
#1106 = CARTESIAN_POINT('',(224.86653251185,142.025978,3.8));
#1107 = VECTOR('',#1108,1.);
#1108 = DIRECTION('',(0.,0.,1.));
#1109 = ORIENTED_EDGE('',*,*,#1110,.T.);
#1110 = EDGE_CURVE('',#1103,#1063,#1111,.T.);
#1111 = LINE('',#1112,#1113);
#1112 = CARTESIAN_POINT('',(273.60183692451,88.035330326292,14.));
#1113 = VECTOR('',#1114,1.);
#1114 = DIRECTION('',(0.67005572795,-0.742310798414,0.));
#1115 = ORIENTED_EDGE('',*,*,#1062,.F.);
#1116 = PLANE('',#1117);
#1117 = AXIS2_PLACEMENT_3D('',#1118,#1119,#1120);
#1118 = CARTESIAN_POINT('',(227.89813276712,138.66746689101,3.8));
#1119 = DIRECTION('',(-0.742310798414,-0.67005572795,0.));
#1120 = DIRECTION('',(-0.67005572795,0.742310798414,0.));
#1121 = ADVANCED_FACE('',(#1122),#1140,.F.);
#1122 = FACE_BOUND('',#1123,.F.);
#1123 = EDGE_LOOP('',(#1124,#1125,#1133,#1139));
#1124 = ORIENTED_EDGE('',*,*,#63,.T.);
#1125 = ORIENTED_EDGE('',*,*,#1126,.T.);
#1126 = EDGE_CURVE('',#64,#1127,#1129,.T.);
#1127 = VERTEX_POINT('',#1128);
#1128 = CARTESIAN_POINT('',(230.87957673429,135.26435231057,18.));
#1129 = LINE('',#1130,#1131);
#1130 = CARTESIAN_POINT('',(230.87957673429,135.26435231057,3.8));
#1131 = VECTOR('',#1132,1.);
#1132 = DIRECTION('',(0.,0.,1.));
#1133 = ORIENTED_EDGE('',*,*,#1134,.T.);
#1134 = EDGE_CURVE('',#1127,#1087,#1135,.T.);
#1135 = LINE('',#1136,#1137);
#1136 = CARTESIAN_POINT('',(230.87957673429,135.26435231057,18.));
#1137 = VECTOR('',#1138,1.);
#1138 = DIRECTION('',(-0.658969995893,0.752169225981,0.));
#1139 = ORIENTED_EDGE('',*,*,#1086,.F.);
#1140 = PLANE('',#1141);
#1141 = AXIS2_PLACEMENT_3D('',#1142,#1143,#1144);
#1142 = CARTESIAN_POINT('',(230.87957673429,135.26435231057,3.8));
#1143 = DIRECTION('',(-0.752169225981,-0.658969995893,0.));
#1144 = DIRECTION('',(-0.658969995893,0.752169225981,0.));
#1145 = ADVANCED_FACE('',(#1146),#1164,.F.);
#1146 = FACE_BOUND('',#1147,.F.);
#1147 = EDGE_LOOP('',(#1148,#1149,#1157,#1163));
#1148 = ORIENTED_EDGE('',*,*,#71,.T.);
#1149 = ORIENTED_EDGE('',*,*,#1150,.T.);
#1150 = EDGE_CURVE('',#72,#1151,#1153,.T.);
#1151 = VERTEX_POINT('',#1152);
#1152 = CARTESIAN_POINT('',(233.81020825107,131.81738322312,18.));
#1153 = LINE('',#1154,#1155);
#1154 = CARTESIAN_POINT('',(233.81020825107,131.81738322312,3.8));
#1155 = VECTOR('',#1156,1.);
#1156 = DIRECTION('',(0.,0.,1.));
#1157 = ORIENTED_EDGE('',*,*,#1158,.T.);
#1158 = EDGE_CURVE('',#1151,#1127,#1159,.T.);
#1159 = LINE('',#1160,#1161);
#1160 = CARTESIAN_POINT('',(233.81020825107,131.81738322312,18.));
#1161 = VECTOR('',#1162,1.);
#1162 = DIRECTION('',(-0.647739236369,0.761862114603,0.));
#1163 = ORIENTED_EDGE('',*,*,#1126,.F.);
#1164 = PLANE('',#1165);
#1165 = AXIS2_PLACEMENT_3D('',#1166,#1167,#1168);
#1166 = CARTESIAN_POINT('',(233.81020825107,131.81738322312,3.8));
#1167 = DIRECTION('',(-0.761862114603,-0.647739236369,0.));
#1168 = DIRECTION('',(-0.647739236369,0.761862114603,0.));
#1169 = ADVANCED_FACE('',(#1170),#1188,.F.);
#1170 = FACE_BOUND('',#1171,.F.);
#1171 = EDGE_LOOP('',(#1172,#1173,#1181,#1187));
#1172 = ORIENTED_EDGE('',*,*,#79,.T.);
#1173 = ORIENTED_EDGE('',*,*,#1174,.T.);
#1174 = EDGE_CURVE('',#80,#1175,#1177,.T.);
#1175 = VERTEX_POINT('',#1176);
#1176 = CARTESIAN_POINT('',(236.68938233806,128.32731824467,18.));
#1177 = LINE('',#1178,#1179);
#1178 = CARTESIAN_POINT('',(236.68938233806,128.32731824467,3.8));
#1179 = VECTOR('',#1180,1.);
#1180 = DIRECTION('',(0.,0.,1.));
#1181 = ORIENTED_EDGE('',*,*,#1182,.T.);
#1182 = EDGE_CURVE('',#1175,#1151,#1183,.T.);
#1183 = LINE('',#1184,#1185);
#1184 = CARTESIAN_POINT('',(236.68938233806,128.32731824467,18.));
#1185 = VECTOR('',#1186,1.);
#1186 = DIRECTION('',(-0.636365921066,0.771387331051,0.));
#1187 = ORIENTED_EDGE('',*,*,#1150,.F.);
#1188 = PLANE('',#1189);
#1189 = AXIS2_PLACEMENT_3D('',#1190,#1191,#1192);
#1190 = CARTESIAN_POINT('',(236.68938233806,128.32731824467,3.8));
#1191 = DIRECTION('',(-0.771387331051,-0.636365921066,0.));
#1192 = DIRECTION('',(-0.636365921066,0.771387331051,0.));
#1193 = ADVANCED_FACE('',(#1194),#1212,.F.);
#1194 = FACE_BOUND('',#1195,.F.);
#1195 = EDGE_LOOP('',(#1196,#1197,#1205,#1211));
#1196 = ORIENTED_EDGE('',*,*,#87,.T.);
#1197 = ORIENTED_EDGE('',*,*,#1198,.T.);
#1198 = EDGE_CURVE('',#88,#1199,#1201,.T.);
#1199 = VERTEX_POINT('',#1200);
#1200 = CARTESIAN_POINT('',(239.51646534073,124.79492547588,18.));
#1201 = LINE('',#1202,#1203);
#1202 = CARTESIAN_POINT('',(239.51646534073,124.79492547588,3.8));
#1203 = VECTOR('',#1204,1.);
#1204 = DIRECTION('',(0.,0.,1.));
#1205 = ORIENTED_EDGE('',*,*,#1206,.T.);
#1206 = EDGE_CURVE('',#1199,#1175,#1207,.T.);
#1207 = LINE('',#1208,#1209);
#1208 = CARTESIAN_POINT('',(239.51646534073,124.79492547588,18.));
#1209 = VECTOR('',#1210,1.);
#1210 = DIRECTION('',(-0.624852553048,0.780742778993,0.));
#1211 = ORIENTED_EDGE('',*,*,#1174,.F.);
#1212 = PLANE('',#1213);
#1213 = AXIS2_PLACEMENT_3D('',#1214,#1215,#1216);
#1214 = CARTESIAN_POINT('',(239.51646534073,124.79492547588,3.8));
#1215 = DIRECTION('',(-0.780742778993,-0.624852553048,0.));
#1216 = DIRECTION('',(-0.624852553048,0.780742778993,0.));
#1217 = ADVANCED_FACE('',(#1218),#1236,.F.);
#1218 = FACE_BOUND('',#1219,.F.);
#1219 = EDGE_LOOP('',(#1220,#1221,#1229,#1235));
#1220 = ORIENTED_EDGE('',*,*,#95,.T.);
#1221 = ORIENTED_EDGE('',*,*,#1222,.T.);
#1222 = EDGE_CURVE('',#96,#1223,#1225,.T.);
#1223 = VERTEX_POINT('',#1224);
#1224 = CARTESIAN_POINT('',(242.29083506886,121.22098233298,18.));
#1225 = LINE('',#1226,#1227);
#1226 = CARTESIAN_POINT('',(242.29083506886,121.22098233298,3.8));
#1227 = VECTOR('',#1228,1.);
#1228 = DIRECTION('',(0.,0.,1.));
#1229 = ORIENTED_EDGE('',*,*,#1230,.T.);
#1230 = EDGE_CURVE('',#1223,#1199,#1231,.T.);
#1231 = LINE('',#1232,#1233);
#1232 = CARTESIAN_POINT('',(242.29083506886,121.22098233298,18.));
#1233 = VECTOR('',#1234,1.);
#1234 = DIRECTION('',(-0.613201666199,0.789926399465,0.));
#1235 = ORIENTED_EDGE('',*,*,#1198,.F.);
#1236 = PLANE('',#1237);
#1237 = AXIS2_PLACEMENT_3D('',#1238,#1239,#1240);
#1238 = CARTESIAN_POINT('',(242.29083506886,121.22098233298,3.8));
#1239 = DIRECTION('',(-0.789926399465,-0.613201666199,0.));
#1240 = DIRECTION('',(-0.613201666199,0.789926399465,0.));
#1241 = ADVANCED_FACE('',(#1242),#1260,.F.);
#1242 = FACE_BOUND('',#1243,.F.);
#1243 = EDGE_LOOP('',(#1244,#1245,#1253,#1259));
#1244 = ORIENTED_EDGE('',*,*,#103,.T.);
#1245 = ORIENTED_EDGE('',*,*,#1246,.T.);
#1246 = EDGE_CURVE('',#104,#1247,#1249,.T.);
#1247 = VERTEX_POINT('',#1248);
#1248 = CARTESIAN_POINT('',(245.01188093347,117.60627537672,18.));
#1249 = LINE('',#1250,#1251);
#1250 = CARTESIAN_POINT('',(245.01188093347,117.60627537672,3.8));
#1251 = VECTOR('',#1252,1.);
#1252 = DIRECTION('',(0.,0.,1.));
#1253 = ORIENTED_EDGE('',*,*,#1254,.T.);
#1254 = EDGE_CURVE('',#1247,#1223,#1255,.T.);
#1255 = LINE('',#1256,#1257);
#1256 = CARTESIAN_POINT('',(245.01188093347,117.60627537672,18.));
#1257 = VECTOR('',#1258,1.);
#1258 = DIRECTION('',(-0.60141582467,0.798936171315,0.));
#1259 = ORIENTED_EDGE('',*,*,#1222,.F.);
#1260 = PLANE('',#1261);
#1261 = AXIS2_PLACEMENT_3D('',#1262,#1263,#1264);
#1262 = CARTESIAN_POINT('',(245.01188093347,117.60627537672,3.8));
#1263 = DIRECTION('',(-0.798936171315,-0.60141582467,0.));
#1264 = DIRECTION('',(-0.60141582467,0.798936171315,0.));
#1265 = ADVANCED_FACE('',(#1266),#1300,.F.);
#1266 = FACE_BOUND('',#1267,.F.);
#1267 = EDGE_LOOP('',(#1268,#1278,#1286,#1292,#1293,#1294));
#1268 = ORIENTED_EDGE('',*,*,#1269,.T.);
#1269 = EDGE_CURVE('',#1270,#1272,#1274,.T.);
#1270 = VERTEX_POINT('',#1271);
#1271 = CARTESIAN_POINT('',(245.18638607683,117.36715644934,14.));
#1272 = VERTEX_POINT('',#1273);
#1273 = CARTESIAN_POINT('',(247.67900408121,113.95160013919,14.));
#1274 = LINE('',#1275,#1276);
#1275 = CARTESIAN_POINT('',(235.61889189023,130.4771938012,14.));
#1276 = VECTOR('',#1277,1.);
#1277 = DIRECTION('',(0.589497622315,-0.807770111656,0.));
#1278 = ORIENTED_EDGE('',*,*,#1279,.T.);
#1279 = EDGE_CURVE('',#1272,#1280,#1282,.T.);
#1280 = VERTEX_POINT('',#1281);
#1281 = CARTESIAN_POINT('',(247.67900408121,113.95160013919,18.));
#1282 = LINE('',#1283,#1284);
#1283 = CARTESIAN_POINT('',(247.67900408121,113.95160013919,3.8));
#1284 = VECTOR('',#1285,1.);
#1285 = DIRECTION('',(0.,0.,1.));
#1286 = ORIENTED_EDGE('',*,*,#1287,.T.);
#1287 = EDGE_CURVE('',#1280,#1247,#1288,.T.);
#1288 = LINE('',#1289,#1290);
#1289 = CARTESIAN_POINT('',(247.67900408121,113.95160013919,18.));
#1290 = VECTOR('',#1291,1.);
#1291 = DIRECTION('',(-0.589497622315,0.807770111656,0.));
#1292 = ORIENTED_EDGE('',*,*,#1246,.F.);
#1293 = ORIENTED_EDGE('',*,*,#111,.T.);
#1294 = ORIENTED_EDGE('',*,*,#1295,.T.);
#1295 = EDGE_CURVE('',#112,#1270,#1296,.T.);
#1296 = LINE('',#1297,#1298);
#1297 = CARTESIAN_POINT('',(245.18638607683,117.36715644934,3.9));
#1298 = VECTOR('',#1299,1.);
#1299 = DIRECTION('',(0.,0.,1.));
#1300 = PLANE('',#1301);
#1301 = AXIS2_PLACEMENT_3D('',#1302,#1303,#1304);
#1302 = CARTESIAN_POINT('',(247.67900408121,113.95160013919,3.8));
#1303 = DIRECTION('',(-0.807770111656,-0.589497622315,0.));
#1304 = DIRECTION('',(-0.589497622315,0.807770111656,0.));
#1305 = ADVANCED_FACE('',(#1306),#1324,.T.);
#1306 = FACE_BOUND('',#1307,.T.);
#1307 = EDGE_LOOP('',(#1308,#1309,#1310,#1318));
#1308 = ORIENTED_EDGE('',*,*,#119,.F.);
#1309 = ORIENTED_EDGE('',*,*,#1295,.T.);
#1310 = ORIENTED_EDGE('',*,*,#1311,.T.);
#1311 = EDGE_CURVE('',#1270,#1312,#1314,.T.);
#1312 = VERTEX_POINT('',#1313);
#1313 = CARTESIAN_POINT('',(327.22825094907,135.91385462525,14.));
#1314 = LINE('',#1315,#1316);
#1315 = CARTESIAN_POINT('',(139.22825094907,93.413854625259,14.));
#1316 = VECTOR('',#1317,1.);
#1317 = DIRECTION('',(0.975387035788,0.220499728835,0.));
#1318 = ORIENTED_EDGE('',*,*,#1319,.F.);
#1319 = EDGE_CURVE('',#120,#1312,#1320,.T.);
#1320 = LINE('',#1321,#1322);
#1321 = CARTESIAN_POINT('',(327.22825094907,135.91385462525,4.));
#1322 = VECTOR('',#1323,1.);
#1323 = DIRECTION('',(0.,0.,1.));
#1324 = PLANE('',#1325);
#1325 = AXIS2_PLACEMENT_3D('',#1326,#1327,#1328);
#1326 = CARTESIAN_POINT('',(139.22825094907,93.413854625259,4.));
#1327 = DIRECTION('',(-0.220499728835,0.975387035788,0.));
#1328 = DIRECTION('',(0.,0.,1.));
#1329 = ADVANCED_FACE('',(#1330),#1348,.T.);
#1330 = FACE_BOUND('',#1331,.T.);
#1331 = EDGE_LOOP('',(#1332,#1340,#1341,#1342));
#1332 = ORIENTED_EDGE('',*,*,#1333,.F.);
#1333 = EDGE_CURVE('',#128,#1334,#1336,.T.);
#1334 = VERTEX_POINT('',#1335);
#1335 = CARTESIAN_POINT('',(328.77174905092,129.08614537474,14.));
#1336 = LINE('',#1337,#1338);
#1337 = CARTESIAN_POINT('',(328.77174905092,129.08614537474,4.));
#1338 = VECTOR('',#1339,1.);
#1339 = DIRECTION('',(0.,0.,1.));
#1340 = ORIENTED_EDGE('',*,*,#127,.T.);
#1341 = ORIENTED_EDGE('',*,*,#1319,.T.);
#1342 = ORIENTED_EDGE('',*,*,#1343,.F.);
#1343 = EDGE_CURVE('',#1334,#1312,#1344,.T.);
#1344 = LINE('',#1345,#1346);
#1345 = CARTESIAN_POINT('',(328.77174905092,129.08614537474,14.));
#1346 = VECTOR('',#1347,1.);
#1347 = DIRECTION('',(-0.220499728835,0.975387035788,0.));
#1348 = PLANE('',#1349);
#1349 = AXIS2_PLACEMENT_3D('',#1350,#1351,#1352);
#1350 = CARTESIAN_POINT('',(328.77174905092,129.08614537474,4.));
#1351 = DIRECTION('',(0.975387035788,0.220499728835,0.));
#1352 = DIRECTION('',(0.,0.,1.));
#1353 = ADVANCED_FACE('',(#1354),#1372,.F.);
#1354 = FACE_BOUND('',#1355,.F.);
#1355 = EDGE_LOOP('',(#1356,#1357,#1365,#1371));
#1356 = ORIENTED_EDGE('',*,*,#135,.F.);
#1357 = ORIENTED_EDGE('',*,*,#1358,.T.);
#1358 = EDGE_CURVE('',#136,#1359,#1361,.T.);
#1359 = VERTEX_POINT('',#1360);
#1360 = CARTESIAN_POINT('',(249.62885927046,111.19480061053,14.));
#1361 = LINE('',#1362,#1363);
#1362 = CARTESIAN_POINT('',(249.62885927046,111.19480061053,3.9));
#1363 = VECTOR('',#1364,1.);
#1364 = DIRECTION('',(0.,0.,1.));
#1365 = ORIENTED_EDGE('',*,*,#1366,.T.);
#1366 = EDGE_CURVE('',#1359,#1334,#1367,.T.);
#1367 = LINE('',#1368,#1369);
#1368 = CARTESIAN_POINT('',(140.77174905092,86.586145374741,14.));
#1369 = VECTOR('',#1370,1.);
#1370 = DIRECTION('',(0.975387035788,0.220499728835,0.));
#1371 = ORIENTED_EDGE('',*,*,#1333,.F.);
#1372 = PLANE('',#1373);
#1373 = AXIS2_PLACEMENT_3D('',#1374,#1375,#1376);
#1374 = CARTESIAN_POINT('',(140.77174905092,86.586145374741,4.));
#1375 = DIRECTION('',(-0.220499728835,0.975387035788,0.));
#1376 = DIRECTION('',(0.,0.,1.));
#1377 = ADVANCED_FACE('',(#1378),#1403,.F.);
#1378 = FACE_BOUND('',#1379,.F.);
#1379 = EDGE_LOOP('',(#1380,#1381,#1389,#1395,#1396,#1402));
#1380 = ORIENTED_EDGE('',*,*,#143,.T.);
#1381 = ORIENTED_EDGE('',*,*,#1382,.T.);
#1382 = EDGE_CURVE('',#144,#1383,#1385,.T.);
#1383 = VERTEX_POINT('',#1384);
#1384 = CARTESIAN_POINT('',(250.29161752616,110.25776094883,18.));
#1385 = LINE('',#1386,#1387);
#1386 = CARTESIAN_POINT('',(250.29161752616,110.25776094883,3.8));
#1387 = VECTOR('',#1388,1.);
#1388 = DIRECTION('',(0.,0.,1.));
#1389 = ORIENTED_EDGE('',*,*,#1390,.T.);
#1390 = EDGE_CURVE('',#1383,#1280,#1391,.T.);
#1391 = LINE('',#1392,#1393);
#1392 = CARTESIAN_POINT('',(250.29161752616,110.25776094883,18.));
#1393 = VECTOR('',#1394,1.);
#1394 = DIRECTION('',(-0.577449682115,0.816426276295,0.));
#1395 = ORIENTED_EDGE('',*,*,#1279,.F.);
#1396 = ORIENTED_EDGE('',*,*,#1397,.T.);
#1397 = EDGE_CURVE('',#1272,#1359,#1398,.T.);
#1398 = LINE('',#1399,#1400);
#1399 = CARTESIAN_POINT('',(237.61195307279,128.1848835276,14.));
#1400 = VECTOR('',#1401,1.);
#1401 = DIRECTION('',(0.577449682115,-0.816426276295,0.));
#1402 = ORIENTED_EDGE('',*,*,#1358,.F.);
#1403 = PLANE('',#1404);
#1404 = AXIS2_PLACEMENT_3D('',#1405,#1406,#1407);
#1405 = CARTESIAN_POINT('',(250.29161752616,110.25776094883,3.8));
#1406 = DIRECTION('',(-0.816426276295,-0.577449682115,0.));
#1407 = DIRECTION('',(-0.577449682115,0.816426276295,0.));
#1408 = ADVANCED_FACE('',(#1409),#1427,.F.);
#1409 = FACE_BOUND('',#1410,.F.);
#1410 = EDGE_LOOP('',(#1411,#1412,#1420,#1426));
#1411 = ORIENTED_EDGE('',*,*,#151,.T.);
#1412 = ORIENTED_EDGE('',*,*,#1413,.T.);
#1413 = EDGE_CURVE('',#152,#1414,#1416,.T.);
#1414 = VERTEX_POINT('',#1415);
#1415 = CARTESIAN_POINT('',(252.84914627899,106.52557075332,18.));
#1416 = LINE('',#1417,#1418);
#1417 = CARTESIAN_POINT('',(252.84914627899,106.52557075332,3.8));
#1418 = VECTOR('',#1419,1.);
#1419 = DIRECTION('',(0.,0.,1.));
#1420 = ORIENTED_EDGE('',*,*,#1421,.T.);
#1421 = EDGE_CURVE('',#1414,#1383,#1422,.T.);
#1422 = LINE('',#1423,#1424);
#1423 = CARTESIAN_POINT('',(252.84914627899,106.52557075332,18.));
#1424 = VECTOR('',#1425,1.);
#1425 = DIRECTION('',(-0.565274655605,0.824902760167,0.));
#1426 = ORIENTED_EDGE('',*,*,#1382,.F.);
#1427 = PLANE('',#1428);
#1428 = AXIS2_PLACEMENT_3D('',#1429,#1430,#1431);
#1429 = CARTESIAN_POINT('',(252.84914627899,106.52557075332,3.8));
#1430 = DIRECTION('',(-0.824902760167,-0.565274655605,0.));
#1431 = DIRECTION('',(-0.565274655605,0.824902760167,0.));
#1432 = ADVANCED_FACE('',(#1433),#1451,.F.);
#1433 = FACE_BOUND('',#1434,.F.);
#1434 = EDGE_LOOP('',(#1435,#1436,#1444,#1450));
#1435 = ORIENTED_EDGE('',*,*,#159,.T.);
#1436 = ORIENTED_EDGE('',*,*,#1437,.T.);
#1437 = EDGE_CURVE('',#160,#1438,#1440,.T.);
#1438 = VERTEX_POINT('',#1439);
#1439 = CARTESIAN_POINT('',(255.35102747353,102.75585094074,18.));
#1440 = LINE('',#1441,#1442);
#1441 = CARTESIAN_POINT('',(255.35102747353,102.75585094074,3.8));
#1442 = VECTOR('',#1443,1.);
#1443 = DIRECTION('',(0.,0.,1.));
#1444 = ORIENTED_EDGE('',*,*,#1445,.T.);
#1445 = EDGE_CURVE('',#1438,#1414,#1446,.T.);
#1446 = LINE('',#1447,#1448);
#1447 = CARTESIAN_POINT('',(255.35102747353,102.75585094074,18.));
#1448 = VECTOR('',#1449,1.);
#1449 = DIRECTION('',(-0.55297522229,0.833197697748,0.));
#1450 = ORIENTED_EDGE('',*,*,#1413,.F.);
#1451 = PLANE('',#1452);
#1452 = AXIS2_PLACEMENT_3D('',#1453,#1454,#1455);
#1453 = CARTESIAN_POINT('',(255.35102747353,102.75585094074,3.8));
#1454 = DIRECTION('',(-0.833197697748,-0.55297522229,0.));
#1455 = DIRECTION('',(-0.55297522229,0.833197697748,0.));
#1456 = ADVANCED_FACE('',(#1457),#1475,.F.);
#1457 = FACE_BOUND('',#1458,.F.);
#1458 = EDGE_LOOP('',(#1459,#1460,#1468,#1474));
#1459 = ORIENTED_EDGE('',*,*,#167,.T.);
#1460 = ORIENTED_EDGE('',*,*,#1461,.T.);
#1461 = EDGE_CURVE('',#168,#1462,#1464,.T.);
#1462 = VERTEX_POINT('',#1463);
#1463 = CARTESIAN_POINT('',(257.79671049065,98.949431158747,18.));
#1464 = LINE('',#1465,#1466);
#1465 = CARTESIAN_POINT('',(257.79671049065,98.949431158747,3.8));
#1466 = VECTOR('',#1467,1.);
#1467 = DIRECTION('',(0.,0.,1.));
#1468 = ORIENTED_EDGE('',*,*,#1469,.T.);
#1469 = EDGE_CURVE('',#1462,#1438,#1470,.T.);
#1470 = LINE('',#1471,#1472);
#1471 = CARTESIAN_POINT('',(257.79671049065,98.949431158747,18.));
#1472 = VECTOR('',#1473,1.);
#1473 = DIRECTION('',(-0.540554089056,0.841309263473,0.));
#1474 = ORIENTED_EDGE('',*,*,#1437,.F.);
#1475 = PLANE('',#1476);
#1476 = AXIS2_PLACEMENT_3D('',#1477,#1478,#1479);
#1477 = CARTESIAN_POINT('',(257.79671049065,98.949431158747,3.8));
#1478 = DIRECTION('',(-0.841309263473,-0.540554089056,0.));
#1479 = DIRECTION('',(-0.540554089056,0.841309263473,0.));
#1480 = ADVANCED_FACE('',(#1481),#1499,.F.);
#1481 = FACE_BOUND('',#1482,.F.);
#1482 = EDGE_LOOP('',(#1483,#1484,#1492,#1498));
#1483 = ORIENTED_EDGE('',*,*,#175,.T.);
#1484 = ORIENTED_EDGE('',*,*,#1485,.T.);
#1485 = EDGE_CURVE('',#176,#1486,#1488,.T.);
#1486 = VERTEX_POINT('',#1487);
#1487 = CARTESIAN_POINT('',(260.18565707941,95.107149132004,18.));
#1488 = LINE('',#1489,#1490);
#1489 = CARTESIAN_POINT('',(260.18565707941,95.107149132004,3.8));
#1490 = VECTOR('',#1491,1.);
#1491 = DIRECTION('',(0.,0.,1.));
#1492 = ORIENTED_EDGE('',*,*,#1493,.T.);
#1493 = EDGE_CURVE('',#1486,#1462,#1494,.T.);
#1494 = LINE('',#1495,#1496);
#1495 = CARTESIAN_POINT('',(260.18565707941,95.107149132004,18.));
#1496 = VECTOR('',#1497,1.);
#1497 = DIRECTION('',(-0.528013989569,0.849235672131,0.));
#1498 = ORIENTED_EDGE('',*,*,#1461,.F.);
#1499 = PLANE('',#1500);
#1500 = AXIS2_PLACEMENT_3D('',#1501,#1502,#1503);
#1501 = CARTESIAN_POINT('',(260.18565707941,95.107149132004,3.8));
#1502 = DIRECTION('',(-0.849235672131,-0.528013989569,0.));
#1503 = DIRECTION('',(-0.528013989569,0.849235672131,0.));
#1504 = ADVANCED_FACE('',(#1505),#1523,.F.);
#1505 = FACE_BOUND('',#1506,.F.);
#1506 = EDGE_LOOP('',(#1507,#1508,#1516,#1522));
#1507 = ORIENTED_EDGE('',*,*,#183,.T.);
#1508 = ORIENTED_EDGE('',*,*,#1509,.T.);
#1509 = EDGE_CURVE('',#184,#1510,#1512,.T.);
#1510 = VERTEX_POINT('',#1511);
#1511 = CARTESIAN_POINT('',(262.51734147556,91.229850477816,18.));
#1512 = LINE('',#1513,#1514);
#1513 = CARTESIAN_POINT('',(262.51734147556,91.229850477816,3.8));
#1514 = VECTOR('',#1515,1.);
#1515 = DIRECTION('',(0.,0.,1.));
#1516 = ORIENTED_EDGE('',*,*,#1517,.T.);
#1517 = EDGE_CURVE('',#1510,#1486,#1518,.T.);
#1518 = LINE('',#1519,#1520);
#1519 = CARTESIAN_POINT('',(262.51734147556,91.229850477816,18.));
#1520 = VECTOR('',#1521,1.);
#1521 = DIRECTION('',(-0.515357683682,0.856975179261,0.));
#1522 = ORIENTED_EDGE('',*,*,#1485,.F.);
#1523 = PLANE('',#1524);
#1524 = AXIS2_PLACEMENT_3D('',#1525,#1526,#1527);
#1525 = CARTESIAN_POINT('',(262.51734147556,91.229850477816,3.8));
#1526 = DIRECTION('',(-0.856975179261,-0.515357683682,0.));
#1527 = DIRECTION('',(-0.515357683682,0.856975179261,0.));
#1528 = ADVANCED_FACE('',(#1529),#1547,.F.);
#1529 = FACE_BOUND('',#1530,.F.);
#1530 = EDGE_LOOP('',(#1531,#1532,#1540,#1546));
#1531 = ORIENTED_EDGE('',*,*,#191,.T.);
#1532 = ORIENTED_EDGE('',*,*,#1533,.T.);
#1533 = EDGE_CURVE('',#192,#1534,#1536,.T.);
#1534 = VERTEX_POINT('',#1535);
#1535 = CARTESIAN_POINT('',(264.7912505172,87.318388520017,18.));
#1536 = LINE('',#1537,#1538);
#1537 = CARTESIAN_POINT('',(264.7912505172,87.318388520017,3.8));
#1538 = VECTOR('',#1539,1.);
#1539 = DIRECTION('',(0.,0.,1.));
#1540 = ORIENTED_EDGE('',*,*,#1541,.T.);
#1541 = EDGE_CURVE('',#1534,#1510,#1542,.T.);
#1542 = LINE('',#1543,#1544);
#1543 = CARTESIAN_POINT('',(264.7912505172,87.318388520017,18.));
#1544 = VECTOR('',#1545,1.);
#1545 = DIRECTION('',(-0.50258795682,0.864526081538,0.));
#1546 = ORIENTED_EDGE('',*,*,#1509,.F.);
#1547 = PLANE('',#1548);
#1548 = AXIS2_PLACEMENT_3D('',#1549,#1550,#1551);
#1549 = CARTESIAN_POINT('',(264.7912505172,87.318388520017,3.8));
#1550 = DIRECTION('',(-0.864526081538,-0.50258795682,0.));
#1551 = DIRECTION('',(-0.50258795682,0.864526081538,0.));
#1552 = ADVANCED_FACE('',(#1553),#1571,.F.);
#1553 = FACE_BOUND('',#1554,.F.);
#1554 = EDGE_LOOP('',(#1555,#1556,#1564,#1570));
#1555 = ORIENTED_EDGE('',*,*,#199,.T.);
#1556 = ORIENTED_EDGE('',*,*,#1557,.T.);
#1557 = EDGE_CURVE('',#200,#1558,#1560,.T.);
#1558 = VERTEX_POINT('',#1559);
#1559 = CARTESIAN_POINT('',(267.00688375779,83.373624101171,18.));
#1560 = LINE('',#1561,#1562);
#1561 = CARTESIAN_POINT('',(267.00688375779,83.373624101171,3.8));
#1562 = VECTOR('',#1563,1.);
#1563 = DIRECTION('',(0.,0.,1.));
#1564 = ORIENTED_EDGE('',*,*,#1565,.T.);
#1565 = EDGE_CURVE('',#1558,#1534,#1566,.T.);
#1566 = LINE('',#1567,#1568);
#1567 = CARTESIAN_POINT('',(267.00688375779,83.373624101171,18.));
#1568 = VECTOR('',#1569,1.);
#1569 = DIRECTION('',(-0.48970761937,0.871886717143,0.));
#1570 = ORIENTED_EDGE('',*,*,#1533,.F.);
#1571 = PLANE('',#1572);
#1572 = AXIS2_PLACEMENT_3D('',#1573,#1574,#1575);
#1573 = CARTESIAN_POINT('',(267.00688375779,83.373624101171,3.8));
#1574 = DIRECTION('',(-0.871886717143,-0.48970761937,0.));
#1575 = DIRECTION('',(-0.48970761937,0.871886717143,0.));
#1576 = ADVANCED_FACE('',(#1577),#1595,.F.);
#1577 = FACE_BOUND('',#1578,.F.);
#1578 = EDGE_LOOP('',(#1579,#1580,#1588,#1594));
#1579 = ORIENTED_EDGE('',*,*,#207,.T.);
#1580 = ORIENTED_EDGE('',*,*,#1581,.T.);
#1581 = EDGE_CURVE('',#208,#1582,#1584,.T.);
#1582 = VERTEX_POINT('',#1583);
#1583 = CARTESIAN_POINT('',(269.16375357621,79.396425393114,18.));
#1584 = LINE('',#1585,#1586);
#1585 = CARTESIAN_POINT('',(269.16375357621,79.396425393114,3.8));
#1586 = VECTOR('',#1587,1.);
#1587 = DIRECTION('',(0.,0.,1.));
#1588 = ORIENTED_EDGE('',*,*,#1589,.T.);
#1589 = EDGE_CURVE('',#1582,#1558,#1590,.T.);
#1590 = LINE('',#1591,#1592);
#1591 = CARTESIAN_POINT('',(269.16375357621,79.396425393114,18.));
#1592 = VECTOR('',#1593,1.);
#1593 = DIRECTION('',(-0.476719506064,0.879055466133,0.));
#1594 = ORIENTED_EDGE('',*,*,#1557,.F.);
#1595 = PLANE('',#1596);
#1596 = AXIS2_PLACEMENT_3D('',#1597,#1598,#1599);
#1597 = CARTESIAN_POINT('',(269.16375357621,79.396425393114,3.8));
#1598 = DIRECTION('',(-0.879055466133,-0.476719506064,0.));
#1599 = DIRECTION('',(-0.476719506064,0.879055466133,0.));
#1600 = ADVANCED_FACE('',(#1601),#1619,.F.);
#1601 = FACE_BOUND('',#1602,.F.);
#1602 = EDGE_LOOP('',(#1603,#1604,#1612,#1618));
#1603 = ORIENTED_EDGE('',*,*,#215,.T.);
#1604 = ORIENTED_EDGE('',*,*,#1605,.T.);
#1605 = EDGE_CURVE('',#216,#1606,#1608,.T.);
#1606 = VERTEX_POINT('',#1607);
#1607 = CARTESIAN_POINT('',(271.26138528414,75.387667705889,18.));
#1608 = LINE('',#1609,#1610);
#1609 = CARTESIAN_POINT('',(271.26138528414,75.387667705889,3.8));
#1610 = VECTOR('',#1611,1.);
#1611 = DIRECTION('',(0.,0.,1.));
#1612 = ORIENTED_EDGE('',*,*,#1613,.T.);
#1613 = EDGE_CURVE('',#1606,#1582,#1614,.T.);
#1614 = LINE('',#1615,#1616);
#1615 = CARTESIAN_POINT('',(271.26138528414,75.387667705889,18.));
#1616 = VECTOR('',#1617,1.);
#1617 = DIRECTION('',(-0.463626475352,0.886030750794,0.));
#1618 = ORIENTED_EDGE('',*,*,#1581,.F.);
#1619 = PLANE('',#1620);
#1620 = AXIS2_PLACEMENT_3D('',#1621,#1622,#1623);
#1621 = CARTESIAN_POINT('',(271.26138528414,75.387667705889,3.8));
#1622 = DIRECTION('',(-0.886030750794,-0.463626475352,0.));
#1623 = DIRECTION('',(-0.463626475352,0.886030750794,0.));
#1624 = ADVANCED_FACE('',(#1625),#1643,.F.);
#1625 = FACE_BOUND('',#1626,.F.);
#1626 = EDGE_LOOP('',(#1627,#1628,#1636,#1642));
#1627 = ORIENTED_EDGE('',*,*,#223,.T.);
#1628 = ORIENTED_EDGE('',*,*,#1629,.T.);
#1629 = EDGE_CURVE('',#224,#1630,#1632,.T.);
#1630 = VERTEX_POINT('',#1631);
#1631 = CARTESIAN_POINT('',(273.29931723049,71.348233295104,18.));
#1632 = LINE('',#1633,#1634);
#1633 = CARTESIAN_POINT('',(273.29931723049,71.348233295104,3.8));
#1634 = VECTOR('',#1635,1.);
#1635 = DIRECTION('',(0.,0.,1.));
#1636 = ORIENTED_EDGE('',*,*,#1637,.T.);
#1637 = EDGE_CURVE('',#1630,#1606,#1638,.T.);
#1638 = LINE('',#1639,#1640);
#1639 = CARTESIAN_POINT('',(273.29931723049,71.348233295104,18.));
#1640 = VECTOR('',#1641,1.);
#1641 = DIRECTION('',(-0.450431408775,0.892811035992,0.));
#1642 = ORIENTED_EDGE('',*,*,#1605,.F.);
#1643 = PLANE('',#1644);
#1644 = AXIS2_PLACEMENT_3D('',#1645,#1646,#1647);
#1645 = CARTESIAN_POINT('',(273.29931723049,71.348233295104,3.8));
#1646 = DIRECTION('',(-0.892811035992,-0.450431408775,0.));
#1647 = DIRECTION('',(-0.450431408775,0.892811035992,0.));
#1648 = ADVANCED_FACE('',(#1649),#1667,.F.);
#1649 = FACE_BOUND('',#1650,.F.);
#1650 = EDGE_LOOP('',(#1651,#1652,#1660,#1666));
#1651 = ORIENTED_EDGE('',*,*,#231,.T.);
#1652 = ORIENTED_EDGE('',*,*,#1653,.T.);
#1653 = EDGE_CURVE('',#232,#1654,#1656,.T.);
#1654 = VERTEX_POINT('',#1655);
#1655 = CARTESIAN_POINT('',(275.27710090303,67.279011167761,18.));
#1656 = LINE('',#1657,#1658);
#1657 = CARTESIAN_POINT('',(275.27710090303,67.279011167761,3.8));
#1658 = VECTOR('',#1659,1.);
#1659 = DIRECTION('',(0.,0.,1.));
#1660 = ORIENTED_EDGE('',*,*,#1661,.T.);
#1661 = EDGE_CURVE('',#1654,#1630,#1662,.T.);
#1662 = LINE('',#1663,#1664);
#1663 = CARTESIAN_POINT('',(275.27710090303,67.279011167761,18.));
#1664 = VECTOR('',#1665,1.);
#1665 = DIRECTION('',(-0.43713721033,0.899394829508,0.));
#1666 = ORIENTED_EDGE('',*,*,#1629,.F.);
#1667 = PLANE('',#1668);
#1668 = AXIS2_PLACEMENT_3D('',#1669,#1670,#1671);
#1669 = CARTESIAN_POINT('',(275.27710090303,67.279011167761,3.8));
#1670 = DIRECTION('',(-0.899394829508,-0.43713721033,0.));
#1671 = DIRECTION('',(-0.43713721033,0.899394829508,0.));
#1672 = ADVANCED_FACE('',(#1673),#1691,.F.);
#1673 = FACE_BOUND('',#1674,.F.);
#1674 = EDGE_LOOP('',(#1675,#1676,#1684,#1690));
#1675 = ORIENTED_EDGE('',*,*,#239,.T.);
#1676 = ORIENTED_EDGE('',*,*,#1677,.T.);
#1677 = EDGE_CURVE('',#240,#1678,#1680,.T.);
#1678 = VERTEX_POINT('',#1679);
#1679 = CARTESIAN_POINT('',(277.19430102706,63.180896886606,18.));
#1680 = LINE('',#1681,#1682);
#1681 = CARTESIAN_POINT('',(277.19430102706,63.180896886606,3.8));
#1682 = VECTOR('',#1683,1.);
#1683 = DIRECTION('',(0.,0.,1.));
#1684 = ORIENTED_EDGE('',*,*,#1685,.T.);
#1685 = EDGE_CURVE('',#1678,#1654,#1686,.T.);
#1686 = LINE('',#1687,#1688);
#1687 = CARTESIAN_POINT('',(277.19430102706,63.180896886606,18.));
#1688 = VECTOR('',#1689,1.);
#1689 = DIRECTION('',(-0.423746805832,0.905780682366,0.));
#1690 = ORIENTED_EDGE('',*,*,#1653,.F.);
#1691 = PLANE('',#1692);
#1692 = AXIS2_PLACEMENT_3D('',#1693,#1694,#1695);
#1693 = CARTESIAN_POINT('',(277.19430102706,63.180896886606,3.8));
#1694 = DIRECTION('',(-0.905780682366,-0.423746805832,0.));
#1695 = DIRECTION('',(-0.423746805832,0.905780682366,0.));
#1696 = ADVANCED_FACE('',(#1697),#1715,.F.);
#1697 = FACE_BOUND('',#1698,.F.);
#1698 = EDGE_LOOP('',(#1699,#1700,#1708,#1714));
#1699 = ORIENTED_EDGE('',*,*,#247,.T.);
#1700 = ORIENTED_EDGE('',*,*,#1701,.T.);
#1701 = EDGE_CURVE('',#248,#1702,#1704,.T.);
#1702 = VERTEX_POINT('',#1703);
#1703 = CARTESIAN_POINT('',(279.05049566125,59.054792373027,18.));
#1704 = LINE('',#1705,#1706);
#1705 = CARTESIAN_POINT('',(279.05049566125,59.054792373027,3.8));
#1706 = VECTOR('',#1707,1.);
#1707 = DIRECTION('',(0.,0.,1.));
#1708 = ORIENTED_EDGE('',*,*,#1709,.T.);
#1709 = EDGE_CURVE('',#1702,#1678,#1710,.T.);
#1710 = LINE('',#1711,#1712);
#1711 = CARTESIAN_POINT('',(279.05049566125,59.054792373027,18.));
#1712 = VECTOR('',#1713,1.);
#1713 = DIRECTION('',(-0.410263142269,0.911967189155,0.));
#1714 = ORIENTED_EDGE('',*,*,#1677,.F.);
#1715 = PLANE('',#1716);
#1716 = AXIS2_PLACEMENT_3D('',#1717,#1718,#1719);
#1717 = CARTESIAN_POINT('',(279.05049566125,59.054792373027,3.8));
#1718 = DIRECTION('',(-0.911967189155,-0.410263142269,0.));
#1719 = DIRECTION('',(-0.410263142269,0.911967189155,0.));
#1720 = ADVANCED_FACE('',(#1721),#1739,.F.);
#1721 = FACE_BOUND('',#1722,.F.);
#1722 = EDGE_LOOP('',(#1723,#1724,#1732,#1738));
#1723 = ORIENTED_EDGE('',*,*,#255,.T.);
#1724 = ORIENTED_EDGE('',*,*,#1725,.T.);
#1725 = EDGE_CURVE('',#256,#1726,#1728,.T.);
#1726 = VERTEX_POINT('',#1727);
#1727 = CARTESIAN_POINT('',(280.8452762905,54.901605708563,18.));
#1728 = LINE('',#1729,#1730);
#1729 = CARTESIAN_POINT('',(280.8452762905,54.901605708563,3.8));
#1730 = VECTOR('',#1731,1.);
#1731 = DIRECTION('',(0.,0.,1.));
#1732 = ORIENTED_EDGE('',*,*,#1733,.T.);
#1733 = EDGE_CURVE('',#1726,#1702,#1734,.T.);
#1734 = LINE('',#1735,#1736);
#1735 = CARTESIAN_POINT('',(280.8452762905,54.901605708563,18.));
#1736 = VECTOR('',#1737,1.);
#1737 = DIRECTION('',(-0.396689187153,0.917952988336,0.));
#1738 = ORIENTED_EDGE('',*,*,#1701,.F.);
#1739 = PLANE('',#1740);
#1740 = AXIS2_PLACEMENT_3D('',#1741,#1742,#1743);
#1741 = CARTESIAN_POINT('',(280.8452762905,54.901605708563,3.8));
#1742 = DIRECTION('',(-0.917952988336,-0.396689187153,0.));
#1743 = DIRECTION('',(-0.396689187153,0.917952988336,0.));
#1744 = ADVANCED_FACE('',(#1745),#1763,.F.);
#1745 = FACE_BOUND('',#1746,.F.);
#1746 = EDGE_LOOP('',(#1747,#1748,#1756,#1762));
#1747 = ORIENTED_EDGE('',*,*,#263,.T.);
#1748 = ORIENTED_EDGE('',*,*,#1749,.T.);
#1749 = EDGE_CURVE('',#264,#1750,#1752,.T.);
#1750 = VERTEX_POINT('',#1751);
#1751 = CARTESIAN_POINT('',(282.57824791579,50.722250935045,18.));
#1752 = LINE('',#1753,#1754);
#1753 = CARTESIAN_POINT('',(282.57824791579,50.722250935045,3.8));
#1754 = VECTOR('',#1755,1.);
#1755 = DIRECTION('',(0.,0.,1.));
#1756 = ORIENTED_EDGE('',*,*,#1757,.T.);
#1757 = EDGE_CURVE('',#1750,#1726,#1758,.T.);
#1758 = LINE('',#1759,#1760);
#1759 = CARTESIAN_POINT('',(282.57824791579,50.722250935045,18.));
#1760 = VECTOR('',#1761,1.);
#1761 = DIRECTION('',(-0.383027927868,0.923736762543,0.));
#1762 = ORIENTED_EDGE('',*,*,#1725,.F.);
#1763 = PLANE('',#1764);
#1764 = AXIS2_PLACEMENT_3D('',#1765,#1766,#1767);
#1765 = CARTESIAN_POINT('',(282.57824791579,50.722250935045,3.8));
#1766 = DIRECTION('',(-0.923736762543,-0.383027927868,0.));
#1767 = DIRECTION('',(-0.383027927868,0.923736762543,0.));
#1768 = ADVANCED_FACE('',(#1769),#1787,.F.);
#1769 = FACE_BOUND('',#1770,.F.);
#1770 = EDGE_LOOP('',(#1771,#1772,#1780,#1786));
#1771 = ORIENTED_EDGE('',*,*,#271,.T.);
#1772 = ORIENTED_EDGE('',*,*,#1773,.T.);
#1773 = EDGE_CURVE('',#272,#1774,#1776,.T.);
#1774 = VERTEX_POINT('',#1775);
#1775 = CARTESIAN_POINT('',(284.24902914118,46.517647853437,18.));
#1776 = LINE('',#1777,#1778);
#1777 = CARTESIAN_POINT('',(284.24902914118,46.517647853437,3.8));
#1778 = VECTOR('',#1779,1.);
#1779 = DIRECTION('',(0.,0.,1.));
#1780 = ORIENTED_EDGE('',*,*,#1781,.T.);
#1781 = EDGE_CURVE('',#1774,#1750,#1782,.T.);
#1782 = LINE('',#1783,#1784);
#1783 = CARTESIAN_POINT('',(284.24902914118,46.517647853437,18.));
#1784 = VECTOR('',#1785,1.);
#1785 = DIRECTION('',(-0.369282371011,0.92931723887,0.));
#1786 = ORIENTED_EDGE('',*,*,#1749,.F.);
#1787 = PLANE('',#1788);
#1788 = AXIS2_PLACEMENT_3D('',#1789,#1790,#1791);
#1789 = CARTESIAN_POINT('',(284.24902914118,46.517647853437,3.8));
#1790 = DIRECTION('',(-0.92931723887,-0.369282371011,0.));
#1791 = DIRECTION('',(-0.369282371011,0.92931723887,0.));
#1792 = ADVANCED_FACE('',(#1793),#1811,.F.);
#1793 = FACE_BOUND('',#1794,.F.);
#1794 = EDGE_LOOP('',(#1795,#1796,#1804,#1810));
#1795 = ORIENTED_EDGE('',*,*,#279,.T.);
#1796 = ORIENTED_EDGE('',*,*,#1797,.T.);
#1797 = EDGE_CURVE('',#280,#1798,#1800,.T.);
#1798 = VERTEX_POINT('',#1799);
#1799 = CARTESIAN_POINT('',(285.85725225772,42.288721821402,18.));
#1800 = LINE('',#1801,#1802);
#1801 = CARTESIAN_POINT('',(285.85725225772,42.288721821402,3.8));
#1802 = VECTOR('',#1803,1.);
#1803 = DIRECTION('',(0.,0.,1.));
#1804 = ORIENTED_EDGE('',*,*,#1805,.T.);
#1805 = EDGE_CURVE('',#1798,#1774,#1806,.T.);
#1806 = LINE('',#1807,#1808);
#1807 = CARTESIAN_POINT('',(285.85725225772,42.288721821402,18.));
#1808 = VECTOR('',#1809,1.);
#1809 = DIRECTION('',(-0.355455541733,0.934693189154,0.));
#1810 = ORIENTED_EDGE('',*,*,#1773,.F.);
#1811 = PLANE('',#1812);
#1812 = AXIS2_PLACEMENT_3D('',#1813,#1814,#1815);
#1813 = CARTESIAN_POINT('',(285.85725225772,42.288721821402,3.8));
#1814 = DIRECTION('',(-0.934693189154,-0.355455541733,0.));
#1815 = DIRECTION('',(-0.355455541733,0.934693189154,0.));
#1816 = ADVANCED_FACE('',(#1817),#1835,.F.);
#1817 = FACE_BOUND('',#1818,.F.);
#1818 = EDGE_LOOP('',(#1819,#1820,#1828,#1834));
#1819 = ORIENTED_EDGE('',*,*,#287,.T.);
#1820 = ORIENTED_EDGE('',*,*,#1821,.T.);
#1821 = EDGE_CURVE('',#288,#1822,#1824,.T.);
#1822 = VERTEX_POINT('',#1823);
#1823 = CARTESIAN_POINT('',(287.40256332436,38.036403549647,18.));
#1824 = LINE('',#1825,#1826);
#1825 = CARTESIAN_POINT('',(287.40256332436,38.036403549647,3.8));
#1826 = VECTOR('',#1827,1.);
#1827 = DIRECTION('',(0.,0.,1.));
#1828 = ORIENTED_EDGE('',*,*,#1829,.T.);
#1829 = EDGE_CURVE('',#1822,#1798,#1830,.T.);
#1830 = LINE('',#1831,#1832);
#1831 = CARTESIAN_POINT('',(287.40256332436,38.036403549647,18.));
#1832 = VECTOR('',#1833,1.);
#1833 = DIRECTION('',(-0.341550483072,0.939863430246,0.));
#1834 = ORIENTED_EDGE('',*,*,#1797,.F.);
#1835 = PLANE('',#1836);
#1836 = AXIS2_PLACEMENT_3D('',#1837,#1838,#1839);
#1837 = CARTESIAN_POINT('',(287.40256332436,38.036403549647,3.8));
#1838 = DIRECTION('',(-0.939863430246,-0.341550483072,0.));
#1839 = DIRECTION('',(-0.341550483072,0.939863430246,0.));
#1840 = ADVANCED_FACE('',(#1841),#1859,.F.);
#1841 = FACE_BOUND('',#1842,.F.);
#1842 = EDGE_LOOP('',(#1843,#1844,#1852,#1858));
#1843 = ORIENTED_EDGE('',*,*,#295,.T.);
#1844 = ORIENTED_EDGE('',*,*,#1845,.T.);
#1845 = EDGE_CURVE('',#296,#1846,#1848,.T.);
#1846 = VERTEX_POINT('',#1847);
#1847 = CARTESIAN_POINT('',(288.88462224588,33.761628897092,18.));
#1848 = LINE('',#1849,#1850);
#1849 = CARTESIAN_POINT('',(288.88462224588,33.761628897092,3.8));
#1850 = VECTOR('',#1851,1.);
#1851 = DIRECTION('',(0.,0.,1.));
#1852 = ORIENTED_EDGE('',*,*,#1853,.T.);
#1853 = EDGE_CURVE('',#1846,#1822,#1854,.T.);
#1854 = LINE('',#1855,#1856);
#1855 = CARTESIAN_POINT('',(288.88462224588,33.761628897092,18.));
#1856 = VECTOR('',#1857,1.);
#1857 = DIRECTION('',(-0.32757025528,0.944826824268,0.));
#1858 = ORIENTED_EDGE('',*,*,#1821,.F.);
#1859 = PLANE('',#1860);
#1860 = AXIS2_PLACEMENT_3D('',#1861,#1862,#1863);
#1861 = CARTESIAN_POINT('',(288.88462224588,33.761628897092,3.8));
#1862 = DIRECTION('',(-0.944826824268,-0.32757025528,0.));
#1863 = DIRECTION('',(-0.32757025528,0.944826824268,0.));
#1864 = ADVANCED_FACE('',(#1865),#1883,.F.);
#1865 = FACE_BOUND('',#1866,.F.);
#1866 = EDGE_LOOP('',(#1867,#1868,#1876,#1882));
#1867 = ORIENTED_EDGE('',*,*,#303,.T.);
#1868 = ORIENTED_EDGE('',*,*,#1869,.T.);
#1869 = EDGE_CURVE('',#304,#1870,#1872,.T.);
#1870 = VERTEX_POINT('',#1871);
#1871 = CARTESIAN_POINT('',(290.30310284772,29.465338664903,18.));
#1872 = LINE('',#1873,#1874);
#1873 = CARTESIAN_POINT('',(290.30310284772,29.465338664903,3.8));
#1874 = VECTOR('',#1875,1.);
#1875 = DIRECTION('',(0.,0.,1.));
#1876 = ORIENTED_EDGE('',*,*,#1877,.T.);
#1877 = EDGE_CURVE('',#1870,#1846,#1878,.T.);
#1878 = LINE('',#1879,#1880);
#1879 = CARTESIAN_POINT('',(290.30310284772,29.465338664903,18.));
#1880 = VECTOR('',#1881,1.);
#1881 = DIRECTION('',(-0.313517935154,0.949582278866,0.));
#1882 = ORIENTED_EDGE('',*,*,#1845,.F.);
#1883 = PLANE('',#1884);
#1884 = AXIS2_PLACEMENT_3D('',#1885,#1886,#1887);
#1885 = CARTESIAN_POINT('',(290.30310284772,29.465338664903,3.8));
#1886 = DIRECTION('',(-0.949582278866,-0.313517935154,0.));
#1887 = DIRECTION('',(-0.313517935154,0.949582278866,0.));
#1888 = ADVANCED_FACE('',(#1889),#1907,.F.);
#1889 = FACE_BOUND('',#1890,.F.);
#1890 = EDGE_LOOP('',(#1891,#1892,#1900,#1906));
#1891 = ORIENTED_EDGE('',*,*,#311,.T.);
#1892 = ORIENTED_EDGE('',*,*,#1893,.T.);
#1893 = EDGE_CURVE('',#312,#1894,#1896,.T.);
#1894 = VERTEX_POINT('',#1895);
#1895 = CARTESIAN_POINT('',(291.65769294776,25.148478389439,18.));
#1896 = LINE('',#1897,#1898);
#1897 = CARTESIAN_POINT('',(291.65769294776,25.148478389439,3.8));
#1898 = VECTOR('',#1899,1.);
#1899 = DIRECTION('',(0.,0.,1.));
#1900 = ORIENTED_EDGE('',*,*,#1901,.T.);
#1901 = EDGE_CURVE('',#1894,#1870,#1902,.T.);
#1902 = LINE('',#1903,#1904);
#1903 = CARTESIAN_POINT('',(291.65769294776,25.148478389439,18.));
#1904 = VECTOR('',#1905,1.);
#1905 = DIRECTION('',(-0.29939661536,0.95412874745,0.));
#1906 = ORIENTED_EDGE('',*,*,#1869,.F.);
#1907 = PLANE('',#1908);
#1908 = AXIS2_PLACEMENT_3D('',#1909,#1910,#1911);
#1909 = CARTESIAN_POINT('',(291.65769294776,25.148478389439,3.8));
#1910 = DIRECTION('',(-0.95412874745,-0.29939661536,0.));
#1911 = DIRECTION('',(-0.29939661536,0.95412874745,0.));
#1912 = ADVANCED_FACE('',(#1913),#1931,.F.);
#1913 = FACE_BOUND('',#1914,.F.);
#1914 = EDGE_LOOP('',(#1915,#1916,#1924,#1930));
#1915 = ORIENTED_EDGE('',*,*,#319,.T.);
#1916 = ORIENTED_EDGE('',*,*,#1917,.T.);
#1917 = EDGE_CURVE('',#320,#1918,#1920,.T.);
#1918 = VERTEX_POINT('',#1919);
#1919 = CARTESIAN_POINT('',(292.94809442502,20.811998134155,18.));
#1920 = LINE('',#1921,#1922);
#1921 = CARTESIAN_POINT('',(292.94809442502,20.811998134155,3.8));
#1922 = VECTOR('',#1923,1.);
#1923 = DIRECTION('',(0.,0.,1.));
#1924 = ORIENTED_EDGE('',*,*,#1925,.T.);
#1925 = EDGE_CURVE('',#1918,#1894,#1926,.T.);
#1926 = LINE('',#1927,#1928);
#1927 = CARTESIAN_POINT('',(292.94809442502,20.811998134155,18.));
#1928 = VECTOR('',#1929,1.);
#1929 = DIRECTION('',(-0.285209403744,0.958465229425,0.));
#1930 = ORIENTED_EDGE('',*,*,#1893,.F.);
#1931 = PLANE('',#1932);
#1932 = AXIS2_PLACEMENT_3D('',#1933,#1934,#1935);
#1933 = CARTESIAN_POINT('',(292.94809442502,20.811998134155,3.8));
#1934 = DIRECTION('',(-0.958465229425,-0.285209403744,0.));
#1935 = DIRECTION('',(-0.285209403744,0.958465229425,0.));
#1936 = ADVANCED_FACE('',(#1937),#1955,.F.);
#1937 = FACE_BOUND('',#1938,.F.);
#1938 = EDGE_LOOP('',(#1939,#1940,#1948,#1954));
#1939 = ORIENTED_EDGE('',*,*,#327,.T.);
#1940 = ORIENTED_EDGE('',*,*,#1941,.T.);
#1941 = EDGE_CURVE('',#328,#1942,#1944,.T.);
#1942 = VERTEX_POINT('',#1943);
#1943 = CARTESIAN_POINT('',(294.17402328532,16.456852280515,18.));
#1944 = LINE('',#1945,#1946);
#1945 = CARTESIAN_POINT('',(294.17402328532,16.456852280515,3.8));
#1946 = VECTOR('',#1947,1.);
#1947 = DIRECTION('',(0.,0.,1.));
#1948 = ORIENTED_EDGE('',*,*,#1949,.T.);
#1949 = EDGE_CURVE('',#1942,#1918,#1950,.T.);
#1950 = LINE('',#1951,#1952);
#1951 = CARTESIAN_POINT('',(294.17402328532,16.456852280515,18.));
#1952 = VECTOR('',#1953,1.);
#1953 = DIRECTION('',(-0.270959422659,0.962590770407,0.));
#1954 = ORIENTED_EDGE('',*,*,#1917,.F.);
#1955 = PLANE('',#1956);
#1956 = AXIS2_PLACEMENT_3D('',#1957,#1958,#1959);
#1957 = CARTESIAN_POINT('',(294.17402328532,16.456852280515,3.8));
#1958 = DIRECTION('',(-0.962590770407,-0.270959422659,0.));
#1959 = DIRECTION('',(-0.270959422659,0.962590770407,0.));
#1960 = ADVANCED_FACE('',(#1961),#1979,.F.);
#1961 = FACE_BOUND('',#1962,.F.);
#1962 = EDGE_LOOP('',(#1963,#1964,#1972,#1978));
#1963 = ORIENTED_EDGE('',*,*,#335,.T.);
#1964 = ORIENTED_EDGE('',*,*,#1965,.T.);
#1965 = EDGE_CURVE('',#336,#1966,#1968,.T.);
#1966 = VERTEX_POINT('',#1967);
#1967 = CARTESIAN_POINT('',(295.33520972371,12.083999317941,18.));
#1968 = LINE('',#1969,#1970);
#1969 = CARTESIAN_POINT('',(295.33520972371,12.083999317941,3.8));
#1970 = VECTOR('',#1971,1.);
#1971 = DIRECTION('',(0.,0.,1.));
#1972 = ORIENTED_EDGE('',*,*,#1973,.T.);
#1973 = EDGE_CURVE('',#1966,#1942,#1974,.T.);
#1974 = LINE('',#1975,#1976);
#1975 = CARTESIAN_POINT('',(295.33520972371,12.083999317941,18.));
#1976 = VECTOR('',#1977,1.);
#1977 = DIRECTION('',(-0.256649808268,0.96650446244,0.));
#1978 = ORIENTED_EDGE('',*,*,#1941,.F.);
#1979 = PLANE('',#1980);
#1980 = AXIS2_PLACEMENT_3D('',#1981,#1982,#1983);
#1981 = CARTESIAN_POINT('',(295.33520972371,12.083999317941,3.8));
#1982 = DIRECTION('',(-0.96650446244,-0.256649808268,0.));
#1983 = DIRECTION('',(-0.256649808268,0.96650446244,0.));
#1984 = ADVANCED_FACE('',(#1985),#2003,.F.);
#1985 = FACE_BOUND('',#1986,.F.);
#1986 = EDGE_LOOP('',(#1987,#1988,#1996,#2002));
#1987 = ORIENTED_EDGE('',*,*,#343,.T.);
#1988 = ORIENTED_EDGE('',*,*,#1989,.T.);
#1989 = EDGE_CURVE('',#344,#1990,#1992,.T.);
#1990 = VERTEX_POINT('',#1991);
#1991 = CARTESIAN_POINT('',(296.4313981839,7.694401632876,18.));
#1992 = LINE('',#1993,#1994);
#1993 = CARTESIAN_POINT('',(296.4313981839,7.694401632876,3.8));
#1994 = VECTOR('',#1995,1.);
#1995 = DIRECTION('',(0.,0.,1.));
#1996 = ORIENTED_EDGE('',*,*,#1997,.T.);
#1997 = EDGE_CURVE('',#1990,#1966,#1998,.T.);
#1998 = LINE('',#1999,#2000);
#1999 = CARTESIAN_POINT('',(296.4313981839,7.694401632876,18.));
#2000 = VECTOR('',#2001,1.);
#2001 = DIRECTION('',(-0.242283709862,0.97020544419,0.));
#2002 = ORIENTED_EDGE('',*,*,#1965,.F.);
#2003 = PLANE('',#2004);
#2004 = AXIS2_PLACEMENT_3D('',#2005,#2006,#2007);
#2005 = CARTESIAN_POINT('',(296.4313981839,7.694401632876,3.8));
#2006 = DIRECTION('',(-0.97020544419,-0.242283709862,0.));
#2007 = DIRECTION('',(-0.242283709862,0.97020544419,0.));
#2008 = ADVANCED_FACE('',(#2009),#2027,.F.);
#2009 = FACE_BOUND('',#2010,.F.);
#2010 = EDGE_LOOP('',(#2011,#2012,#2020,#2026));
#2011 = ORIENTED_EDGE('',*,*,#351,.T.);
#2012 = ORIENTED_EDGE('',*,*,#2013,.T.);
#2013 = EDGE_CURVE('',#352,#2014,#2016,.T.);
#2014 = VERTEX_POINT('',#2015);
#2015 = CARTESIAN_POINT('',(297.4623474145,3.289025296973,18.));
#2016 = LINE('',#2017,#2018);
#2017 = CARTESIAN_POINT('',(297.4623474145,3.289025296973,3.8));
#2018 = VECTOR('',#2019,1.);
#2019 = DIRECTION('',(0.,0.,1.));
#2020 = ORIENTED_EDGE('',*,*,#2021,.T.);
#2021 = EDGE_CURVE('',#2014,#1990,#2022,.T.);
#2022 = LINE('',#2023,#2024);
#2023 = CARTESIAN_POINT('',(297.4623474145,3.289025296973,18.));
#2024 = VECTOR('',#2025,1.);
#2025 = DIRECTION('',(-0.22786428916,0.973692901138,0.));
#2026 = ORIENTED_EDGE('',*,*,#1989,.F.);
#2027 = PLANE('',#2028);
#2028 = AXIS2_PLACEMENT_3D('',#2029,#2030,#2031);
#2029 = CARTESIAN_POINT('',(297.4623474145,3.289025296973,3.8));
#2030 = DIRECTION('',(-0.973692901138,-0.22786428916,0.));
#2031 = DIRECTION('',(-0.22786428916,0.973692901138,0.));
#2032 = ADVANCED_FACE('',(#2033),#2051,.F.);
#2033 = FACE_BOUND('',#2034,.F.);
#2034 = EDGE_LOOP('',(#2035,#2036,#2044,#2050));
#2035 = ORIENTED_EDGE('',*,*,#359,.T.);
#2036 = ORIENTED_EDGE('',*,*,#2037,.T.);
#2037 = EDGE_CURVE('',#360,#2038,#2040,.T.);
#2038 = VERTEX_POINT('',#2039);
#2039 = CARTESIAN_POINT('',(298.42783052207,-1.131160145514,18.));
#2040 = LINE('',#2041,#2042);
#2041 = CARTESIAN_POINT('',(298.42783052207,-1.131160145514,3.8));
#2042 = VECTOR('',#2043,1.);
#2043 = DIRECTION('',(0.,0.,1.));
#2044 = ORIENTED_EDGE('',*,*,#2045,.T.);
#2045 = EDGE_CURVE('',#2038,#2014,#2046,.T.);
#2046 = LINE('',#2047,#2048);
#2047 = CARTESIAN_POINT('',(298.42783052207,-1.131160145514,18.));
#2048 = VECTOR('',#2049,1.);
#2049 = DIRECTION('',(-0.213394719619,0.976966065756,0.));
#2050 = ORIENTED_EDGE('',*,*,#2013,.F.);
#2051 = PLANE('',#2052);
#2052 = AXIS2_PLACEMENT_3D('',#2053,#2054,#2055);
#2053 = CARTESIAN_POINT('',(298.42783052207,-1.131160145514,3.8));
#2054 = DIRECTION('',(-0.976966065756,-0.213394719619,0.));
#2055 = DIRECTION('',(-0.213394719619,0.976966065756,0.));
#2056 = ADVANCED_FACE('',(#2057),#2075,.F.);
#2057 = FACE_BOUND('',#2058,.F.);
#2058 = EDGE_LOOP('',(#2059,#2060,#2068,#2074));
#2059 = ORIENTED_EDGE('',*,*,#367,.T.);
#2060 = ORIENTED_EDGE('',*,*,#2061,.T.);
#2061 = EDGE_CURVE('',#368,#2062,#2064,.T.);
#2062 = VERTEX_POINT('',#2063);
#2063 = CARTESIAN_POINT('',(299.32763502113,-5.565181891116,18.));
#2064 = LINE('',#2065,#2066);
#2065 = CARTESIAN_POINT('',(299.32763502113,-5.565181891116,3.8));
#2066 = VECTOR('',#2067,1.);
#2067 = DIRECTION('',(0.,0.,1.));
#2068 = ORIENTED_EDGE('',*,*,#2069,.T.);
#2069 = EDGE_CURVE('',#2062,#2038,#2070,.T.);
#2070 = LINE('',#2071,#2072);
#2071 = CARTESIAN_POINT('',(299.32763502113,-5.565181891116,18.));
#2072 = VECTOR('',#2073,1.);
#2073 = DIRECTION('',(-0.19887818573,0.980024217681,0.));
#2074 = ORIENTED_EDGE('',*,*,#2037,.F.);
#2075 = PLANE('',#2076);
#2076 = AXIS2_PLACEMENT_3D('',#2077,#2078,#2079);
#2077 = CARTESIAN_POINT('',(299.32763502113,-5.565181891116,3.8));
#2078 = DIRECTION('',(-0.980024217681,-0.19887818573,0.));
#2079 = DIRECTION('',(-0.19887818573,0.980024217681,0.));
#2080 = ADVANCED_FACE('',(#2081),#2099,.F.);
#2081 = FACE_BOUND('',#2082,.F.);
#2082 = EDGE_LOOP('',(#2083,#2084,#2092,#2098));
#2083 = ORIENTED_EDGE('',*,*,#375,.T.);
#2084 = ORIENTED_EDGE('',*,*,#2085,.T.);
#2085 = EDGE_CURVE('',#376,#2086,#2088,.T.);
#2086 = VERTEX_POINT('',#2087);
#2087 = CARTESIAN_POINT('',(300.16156288084,-10.01206409124,18.));
#2088 = LINE('',#2089,#2090);
#2089 = CARTESIAN_POINT('',(300.16156288084,-10.01206409124,3.8));
#2090 = VECTOR('',#2091,1.);
#2091 = DIRECTION('',(0.,0.,1.));
#2092 = ORIENTED_EDGE('',*,*,#2093,.T.);
#2093 = EDGE_CURVE('',#2086,#2062,#2094,.T.);
#2094 = LINE('',#2095,#2096);
#2095 = CARTESIAN_POINT('',(300.16156288084,-10.01206409124,18.));
#2096 = VECTOR('',#2097,1.);
#2097 = DIRECTION('',(-0.184317882323,0.982866683867,0.));
#2098 = ORIENTED_EDGE('',*,*,#2061,.F.);
#2099 = PLANE('',#2100);
#2100 = AXIS2_PLACEMENT_3D('',#2101,#2102,#2103);
#2101 = CARTESIAN_POINT('',(300.16156288084,-10.01206409124,3.8));
#2102 = DIRECTION('',(-0.982866683867,-0.184317882323,0.));
#2103 = DIRECTION('',(-0.184317882323,0.982866683867,0.));
#2104 = ADVANCED_FACE('',(#2105),#2123,.F.);
#2105 = FACE_BOUND('',#2106,.F.);
#2106 = EDGE_LOOP('',(#2107,#2108,#2116,#2122));
#2107 = ORIENTED_EDGE('',*,*,#383,.T.);
#2108 = ORIENTED_EDGE('',*,*,#2109,.T.);
#2109 = EDGE_CURVE('',#384,#2110,#2112,.T.);
#2110 = VERTEX_POINT('',#2111);
#2111 = CARTESIAN_POINT('',(300.92943056867,-14.47082806693,18.));
#2112 = LINE('',#2113,#2114);
#2113 = CARTESIAN_POINT('',(300.92943056867,-14.47082806693,3.8));
#2114 = VECTOR('',#2115,1.);
#2115 = DIRECTION('',(0.,0.,1.));
#2116 = ORIENTED_EDGE('',*,*,#2117,.T.);
#2117 = EDGE_CURVE('',#2110,#2086,#2118,.T.);
#2118 = LINE('',#2119,#2120);
#2119 = CARTESIAN_POINT('',(300.92943056867,-14.47082806693,18.));
#2120 = VECTOR('',#2121,1.);
#2121 = DIRECTION('',(-0.169717013858,0.98549283874,0.));
#2122 = ORIENTED_EDGE('',*,*,#2085,.F.);
#2123 = PLANE('',#2124);
#2124 = AXIS2_PLACEMENT_3D('',#2125,#2126,#2127);
#2125 = CARTESIAN_POINT('',(300.92943056867,-14.47082806693,3.8));
#2126 = DIRECTION('',(-0.98549283874,-0.169717013858,0.));
#2127 = DIRECTION('',(-0.169717013858,0.98549283874,0.));
#2128 = ADVANCED_FACE('',(#2129),#2147,.F.);
#2129 = FACE_BOUND('',#2130,.F.);
#2130 = EDGE_LOOP('',(#2131,#2132,#2140,#2146));
#2131 = ORIENTED_EDGE('',*,*,#391,.T.);
#2132 = ORIENTED_EDGE('',*,*,#2133,.T.);
#2133 = EDGE_CURVE('',#392,#2134,#2136,.T.);
#2134 = VERTEX_POINT('',#2135);
#2135 = CARTESIAN_POINT('',(249.61975048704,-22.91575138929,18.));
#2136 = LINE('',#2137,#2138);
#2137 = CARTESIAN_POINT('',(249.61975048704,-22.91575138929,3.8));
#2138 = VECTOR('',#2139,1.);
#2139 = DIRECTION('',(0.,0.,1.));
#2140 = ORIENTED_EDGE('',*,*,#2141,.T.);
#2141 = EDGE_CURVE('',#2134,#2110,#2142,.T.);
#2142 = LINE('',#2143,#2144);
#2143 = CARTESIAN_POINT('',(249.61975048704,-22.91575138929,18.));
#2144 = VECTOR('',#2145,1.);
#2145 = DIRECTION('',(0.986724616954,0.162402371584,0.));
#2146 = ORIENTED_EDGE('',*,*,#2109,.F.);
#2147 = PLANE('',#2148);
#2148 = AXIS2_PLACEMENT_3D('',#2149,#2150,#2151);
#2149 = CARTESIAN_POINT('',(249.61975048704,-22.91575138929,3.8));
#2150 = DIRECTION('',(-0.162402371584,0.986724616954,0.));
#2151 = DIRECTION('',(0.986724616954,0.162402371584,0.));
#2152 = ADVANCED_FACE('',(#2153),#2171,.F.);
#2153 = FACE_BOUND('',#2154,.F.);
#2154 = EDGE_LOOP('',(#2155,#2156,#2164,#2170));
#2155 = ORIENTED_EDGE('',*,*,#399,.T.);
#2156 = ORIENTED_EDGE('',*,*,#2157,.T.);
#2157 = EDGE_CURVE('',#400,#2158,#2160,.T.);
#2158 = VERTEX_POINT('',#2159);
#2159 = CARTESIAN_POINT('',(248.98280733302,-19.21722463174,18.));
#2160 = LINE('',#2161,#2162);
#2161 = CARTESIAN_POINT('',(248.98280733302,-19.21722463174,3.8));
#2162 = VECTOR('',#2163,1.);
#2163 = DIRECTION('',(0.,0.,1.));
#2164 = ORIENTED_EDGE('',*,*,#2165,.T.);
#2165 = EDGE_CURVE('',#2158,#2134,#2166,.T.);
#2166 = LINE('',#2167,#2168);
#2167 = CARTESIAN_POINT('',(248.98280733302,-19.21722463174,18.));
#2168 = VECTOR('',#2169,1.);
#2169 = DIRECTION('',(0.169717013858,-0.98549283874,0.));
#2170 = ORIENTED_EDGE('',*,*,#2133,.F.);
#2171 = PLANE('',#2172);
#2172 = AXIS2_PLACEMENT_3D('',#2173,#2174,#2175);
#2173 = CARTESIAN_POINT('',(248.98280733302,-19.21722463174,3.8));
#2174 = DIRECTION('',(0.98549283874,0.169717013858,0.));
#2175 = DIRECTION('',(0.169717013858,-0.98549283874,0.));
#2176 = ADVANCED_FACE('',(#2177),#2195,.F.);
#2177 = FACE_BOUND('',#2178,.F.);
#2178 = EDGE_LOOP('',(#2179,#2180,#2188,#2194));
#2179 = ORIENTED_EDGE('',*,*,#407,.T.);
#2180 = ORIENTED_EDGE('',*,*,#2181,.T.);
#2181 = EDGE_CURVE('',#408,#2182,#2184,.T.);
#2182 = VERTEX_POINT('',#2183);
#2183 = CARTESIAN_POINT('',(248.29106753252,-15.52855375916,18.));
#2184 = LINE('',#2185,#2186);
#2185 = CARTESIAN_POINT('',(248.29106753252,-15.52855375916,3.8));
#2186 = VECTOR('',#2187,1.);
#2187 = DIRECTION('',(0.,0.,1.));
#2188 = ORIENTED_EDGE('',*,*,#2189,.T.);
#2189 = EDGE_CURVE('',#2182,#2158,#2190,.T.);
#2190 = LINE('',#2191,#2192);
#2191 = CARTESIAN_POINT('',(248.29106753252,-15.52855375916,18.));
#2192 = VECTOR('',#2193,1.);
#2193 = DIRECTION('',(0.184317882323,-0.982866683867,0.));
#2194 = ORIENTED_EDGE('',*,*,#2157,.F.);
#2195 = PLANE('',#2196);
#2196 = AXIS2_PLACEMENT_3D('',#2197,#2198,#2199);
#2197 = CARTESIAN_POINT('',(248.29106753252,-15.52855375916,3.8));
#2198 = DIRECTION('',(0.982866683867,0.184317882323,0.));
#2199 = DIRECTION('',(0.184317882323,-0.982866683867,0.));
#2200 = ADVANCED_FACE('',(#2201),#2219,.F.);
#2201 = FACE_BOUND('',#2202,.F.);
#2202 = EDGE_LOOP('',(#2203,#2204,#2212,#2218));
#2203 = ORIENTED_EDGE('',*,*,#415,.T.);
#2204 = ORIENTED_EDGE('',*,*,#2205,.T.);
#2205 = EDGE_CURVE('',#416,#2206,#2208,.T.);
#2206 = VERTEX_POINT('',#2207);
#2207 = CARTESIAN_POINT('',(247.54468332505,-11.8505505818,18.));
#2208 = LINE('',#2209,#2210);
#2209 = CARTESIAN_POINT('',(247.54468332505,-11.8505505818,3.8));
#2210 = VECTOR('',#2211,1.);
#2211 = DIRECTION('',(0.,0.,1.));
#2212 = ORIENTED_EDGE('',*,*,#2213,.T.);
#2213 = EDGE_CURVE('',#2206,#2182,#2214,.T.);
#2214 = LINE('',#2215,#2216);
#2215 = CARTESIAN_POINT('',(247.54468332505,-11.8505505818,18.));
#2216 = VECTOR('',#2217,1.);
#2217 = DIRECTION('',(0.19887818573,-0.980024217681,0.));
#2218 = ORIENTED_EDGE('',*,*,#2181,.F.);
#2219 = PLANE('',#2220);
#2220 = AXIS2_PLACEMENT_3D('',#2221,#2222,#2223);
#2221 = CARTESIAN_POINT('',(247.54468332505,-11.8505505818,3.8));
#2222 = DIRECTION('',(0.980024217681,0.19887818573,0.));
#2223 = DIRECTION('',(0.19887818573,-0.980024217681,0.));
#2224 = ADVANCED_FACE('',(#2225),#2243,.F.);
#2225 = FACE_BOUND('',#2226,.F.);
#2226 = EDGE_LOOP('',(#2227,#2228,#2236,#2242));
#2227 = ORIENTED_EDGE('',*,*,#423,.T.);
#2228 = ORIENTED_EDGE('',*,*,#2229,.T.);
#2229 = EDGE_CURVE('',#424,#2230,#2232,.T.);
#2230 = VERTEX_POINT('',#2231);
#2231 = CARTESIAN_POINT('',(246.74381897636,-8.184024562152,18.));
#2232 = LINE('',#2233,#2234);
#2233 = CARTESIAN_POINT('',(246.74381897636,-8.184024562152,3.8));
#2234 = VECTOR('',#2235,1.);
#2235 = DIRECTION('',(0.,0.,1.));
#2236 = ORIENTED_EDGE('',*,*,#2237,.T.);
#2237 = EDGE_CURVE('',#2230,#2206,#2238,.T.);
#2238 = LINE('',#2239,#2240);
#2239 = CARTESIAN_POINT('',(246.74381897636,-8.184024562152,18.));
#2240 = VECTOR('',#2241,1.);
#2241 = DIRECTION('',(0.213394719619,-0.976966065756,0.));
#2242 = ORIENTED_EDGE('',*,*,#2205,.F.);
#2243 = PLANE('',#2244);
#2244 = AXIS2_PLACEMENT_3D('',#2245,#2246,#2247);
#2245 = CARTESIAN_POINT('',(246.74381897636,-8.184024562152,3.8));
#2246 = DIRECTION('',(0.976966065756,0.213394719619,0.));
#2247 = DIRECTION('',(0.213394719619,-0.976966065756,0.));
#2248 = ADVANCED_FACE('',(#2249),#2267,.F.);
#2249 = FACE_BOUND('',#2250,.F.);
#2250 = EDGE_LOOP('',(#2251,#2252,#2260,#2266));
#2251 = ORIENTED_EDGE('',*,*,#431,.T.);
#2252 = ORIENTED_EDGE('',*,*,#2253,.T.);
#2253 = EDGE_CURVE('',#432,#2254,#2256,.T.);
#2254 = VERTEX_POINT('',#2255);
#2255 = CARTESIAN_POINT('',(245.88865074234,-4.529782636756,18.));
#2256 = LINE('',#2257,#2258);
#2257 = CARTESIAN_POINT('',(245.88865074234,-4.529782636756,3.8));
#2258 = VECTOR('',#2259,1.);
#2259 = DIRECTION('',(0.,0.,1.));
#2260 = ORIENTED_EDGE('',*,*,#2261,.T.);
#2261 = EDGE_CURVE('',#2254,#2230,#2262,.T.);
#2262 = LINE('',#2263,#2264);
#2263 = CARTESIAN_POINT('',(245.88865074234,-4.529782636756,18.));
#2264 = VECTOR('',#2265,1.);
#2265 = DIRECTION('',(0.22786428916,-0.973692901138,0.));
#2266 = ORIENTED_EDGE('',*,*,#2229,.F.);
#2267 = PLANE('',#2268);
#2268 = AXIS2_PLACEMENT_3D('',#2269,#2270,#2271);
#2269 = CARTESIAN_POINT('',(245.88865074234,-4.529782636756,3.8));
#2270 = DIRECTION('',(0.973692901138,0.22786428916,0.));
#2271 = DIRECTION('',(0.22786428916,-0.973692901138,0.));
#2272 = ADVANCED_FACE('',(#2273),#2291,.F.);
#2273 = FACE_BOUND('',#2274,.F.);
#2274 = EDGE_LOOP('',(#2275,#2276,#2284,#2290));
#2275 = ORIENTED_EDGE('',*,*,#439,.T.);
#2276 = ORIENTED_EDGE('',*,*,#2277,.T.);
#2277 = EDGE_CURVE('',#440,#2278,#2280,.T.);
#2278 = VERTEX_POINT('',#2279);
#2279 = CARTESIAN_POINT('',(244.97936683015,-0.888629038672,18.));
#2280 = LINE('',#2281,#2282);
#2281 = CARTESIAN_POINT('',(244.97936683015,-0.888629038672,3.8));
#2282 = VECTOR('',#2283,1.);
#2283 = DIRECTION('',(0.,0.,1.));
#2284 = ORIENTED_EDGE('',*,*,#2285,.T.);
#2285 = EDGE_CURVE('',#2278,#2254,#2286,.T.);
#2286 = LINE('',#2287,#2288);
#2287 = CARTESIAN_POINT('',(244.97936683015,-0.888629038672,18.));
#2288 = VECTOR('',#2289,1.);
#2289 = DIRECTION('',(0.242283709862,-0.97020544419,0.));
#2290 = ORIENTED_EDGE('',*,*,#2253,.F.);
#2291 = PLANE('',#2292);
#2292 = AXIS2_PLACEMENT_3D('',#2293,#2294,#2295);
#2293 = CARTESIAN_POINT('',(244.97936683015,-0.888629038672,3.8));
#2294 = DIRECTION('',(0.97020544419,0.242283709862,0.));
#2295 = DIRECTION('',(0.242283709862,-0.97020544419,0.));
#2296 = ADVANCED_FACE('',(#2297),#2315,.F.);
#2297 = FACE_BOUND('',#2298,.F.);
#2298 = EDGE_LOOP('',(#2299,#2300,#2308,#2314));
#2299 = ORIENTED_EDGE('',*,*,#447,.T.);
#2300 = ORIENTED_EDGE('',*,*,#2301,.T.);
#2301 = EDGE_CURVE('',#448,#2302,#2304,.T.);
#2302 = VERTEX_POINT('',#2303);
#2303 = CARTESIAN_POINT('',(244.01616735686,2.738634879554,18.));
#2304 = LINE('',#2305,#2306);
#2305 = CARTESIAN_POINT('',(244.01616735686,2.738634879554,3.8));
#2306 = VECTOR('',#2307,1.);
#2307 = DIRECTION('',(0.,0.,1.));
#2308 = ORIENTED_EDGE('',*,*,#2309,.T.);
#2309 = EDGE_CURVE('',#2302,#2278,#2310,.T.);
#2310 = LINE('',#2311,#2312);
#2311 = CARTESIAN_POINT('',(244.01616735686,2.738634879554,18.));
#2312 = VECTOR('',#2313,1.);
#2313 = DIRECTION('',(0.256649808268,-0.96650446244,0.));
#2314 = ORIENTED_EDGE('',*,*,#2277,.F.);
#2315 = PLANE('',#2316);
#2316 = AXIS2_PLACEMENT_3D('',#2317,#2318,#2319);
#2317 = CARTESIAN_POINT('',(244.01616735686,2.738634879554,3.8));
#2318 = DIRECTION('',(0.96650446244,0.256649808268,0.));
#2319 = DIRECTION('',(0.256649808268,-0.96650446244,0.));
#2320 = ADVANCED_FACE('',(#2321),#2339,.F.);
#2321 = FACE_BOUND('',#2322,.F.);
#2322 = EDGE_LOOP('',(#2323,#2324,#2332,#2338));
#2323 = ORIENTED_EDGE('',*,*,#455,.T.);
#2324 = ORIENTED_EDGE('',*,*,#2325,.T.);
#2325 = EDGE_CURVE('',#456,#2326,#2328,.T.);
#2326 = VERTEX_POINT('',#2327);
#2327 = CARTESIAN_POINT('',(242.99926430539,6.351210822246,18.));
#2328 = LINE('',#2329,#2330);
#2329 = CARTESIAN_POINT('',(242.99926430539,6.351210822246,3.8));
#2330 = VECTOR('',#2331,1.);
#2331 = DIRECTION('',(0.,0.,1.));
#2332 = ORIENTED_EDGE('',*,*,#2333,.T.);
#2333 = EDGE_CURVE('',#2326,#2302,#2334,.T.);
#2334 = LINE('',#2335,#2336);
#2335 = CARTESIAN_POINT('',(242.99926430539,6.351210822246,18.));
#2336 = VECTOR('',#2337,1.);
#2337 = DIRECTION('',(0.270959422659,-0.962590770407,0.));
#2338 = ORIENTED_EDGE('',*,*,#2301,.F.);
#2339 = PLANE('',#2340);
#2340 = AXIS2_PLACEMENT_3D('',#2341,#2342,#2343);
#2341 = CARTESIAN_POINT('',(242.99926430539,6.351210822246,3.8));
#2342 = DIRECTION('',(0.962590770407,0.270959422659,0.));
#2343 = DIRECTION('',(0.270959422659,-0.962590770407,0.));
#2344 = ADVANCED_FACE('',(#2345),#2363,.F.);
#2345 = FACE_BOUND('',#2346,.F.);
#2346 = EDGE_LOOP('',(#2347,#2348,#2356,#2362));
#2347 = ORIENTED_EDGE('',*,*,#463,.T.);
#2348 = ORIENTED_EDGE('',*,*,#2349,.T.);
#2349 = EDGE_CURVE('',#464,#2350,#2352,.T.);
#2350 = VERTEX_POINT('',#2351);
#2351 = CARTESIAN_POINT('',(241.92888147785,9.948303726288,18.));
#2352 = LINE('',#2353,#2354);
#2353 = CARTESIAN_POINT('',(241.92888147785,9.948303726288,3.8));
#2354 = VECTOR('',#2355,1.);
#2355 = DIRECTION('',(0.,0.,1.));
#2356 = ORIENTED_EDGE('',*,*,#2357,.T.);
#2357 = EDGE_CURVE('',#2350,#2326,#2358,.T.);
#2358 = LINE('',#2359,#2360);
#2359 = CARTESIAN_POINT('',(241.92888147785,9.948303726288,18.));
#2360 = VECTOR('',#2361,1.);
#2361 = DIRECTION('',(0.285209403744,-0.958465229425,0.));
#2362 = ORIENTED_EDGE('',*,*,#2325,.F.);
#2363 = PLANE('',#2364);
#2364 = AXIS2_PLACEMENT_3D('',#2365,#2366,#2367);
#2365 = CARTESIAN_POINT('',(241.92888147785,9.948303726288,3.8));
#2366 = DIRECTION('',(0.958465229425,0.285209403744,0.));
#2367 = DIRECTION('',(0.285209403744,-0.958465229425,0.));
#2368 = ADVANCED_FACE('',(#2369),#2387,.F.);
#2369 = FACE_BOUND('',#2370,.F.);
#2370 = EDGE_LOOP('',(#2371,#2372,#2380,#2386));
#2371 = ORIENTED_EDGE('',*,*,#471,.T.);
#2372 = ORIENTED_EDGE('',*,*,#2373,.T.);
#2373 = EDGE_CURVE('',#472,#2374,#2376,.T.);
#2374 = VERTEX_POINT('',#2375);
#2375 = CARTESIAN_POINT('',(240.80525444627,13.5291219361,18.));
#2376 = LINE('',#2377,#2378);
#2377 = CARTESIAN_POINT('',(240.80525444627,13.5291219361,3.8));
#2378 = VECTOR('',#2379,1.);
#2379 = DIRECTION('',(0.,0.,1.));
#2380 = ORIENTED_EDGE('',*,*,#2381,.T.);
#2381 = EDGE_CURVE('',#2374,#2350,#2382,.T.);
#2382 = LINE('',#2383,#2384);
#2383 = CARTESIAN_POINT('',(240.80525444627,13.5291219361,18.));
#2384 = VECTOR('',#2385,1.);
#2385 = DIRECTION('',(0.29939661536,-0.95412874745,0.));
#2386 = ORIENTED_EDGE('',*,*,#2349,.F.);
#2387 = PLANE('',#2388);
#2388 = AXIS2_PLACEMENT_3D('',#2389,#2390,#2391);
#2389 = CARTESIAN_POINT('',(240.80525444627,13.5291219361,3.8));
#2390 = DIRECTION('',(0.95412874745,0.29939661536,0.));
#2391 = DIRECTION('',(0.29939661536,-0.95412874745,0.));
#2392 = ADVANCED_FACE('',(#2393),#2411,.F.);
#2393 = FACE_BOUND('',#2394,.F.);
#2394 = EDGE_LOOP('',(#2395,#2396,#2404,#2410));
#2395 = ORIENTED_EDGE('',*,*,#479,.T.);
#2396 = ORIENTED_EDGE('',*,*,#2397,.T.);
#2397 = EDGE_CURVE('',#480,#2398,#2400,.T.);
#2398 = VERTEX_POINT('',#2399);
#2399 = CARTESIAN_POINT('',(239.62863050081,17.092877377874,18.));
#2400 = LINE('',#2401,#2402);
#2401 = CARTESIAN_POINT('',(239.62863050081,17.092877377874,3.8));
#2402 = VECTOR('',#2403,1.);
#2403 = DIRECTION('',(0.,0.,1.));
#2404 = ORIENTED_EDGE('',*,*,#2405,.T.);
#2405 = EDGE_CURVE('',#2398,#2374,#2406,.T.);
#2406 = LINE('',#2407,#2408);
#2407 = CARTESIAN_POINT('',(239.62863050081,17.092877377874,18.));
#2408 = VECTOR('',#2409,1.);
#2409 = DIRECTION('',(0.313517935154,-0.949582278866,0.));
#2410 = ORIENTED_EDGE('',*,*,#2373,.F.);
#2411 = PLANE('',#2412);
#2412 = AXIS2_PLACEMENT_3D('',#2413,#2414,#2415);
#2413 = CARTESIAN_POINT('',(239.62863050081,17.092877377874,3.8));
#2414 = DIRECTION('',(0.949582278866,0.313517935154,0.));
#2415 = DIRECTION('',(0.313517935154,-0.949582278866,0.));
#2416 = ADVANCED_FACE('',(#2417),#2435,.F.);
#2417 = FACE_BOUND('',#2418,.F.);
#2418 = EDGE_LOOP('',(#2419,#2420,#2428,#2434));
#2419 = ORIENTED_EDGE('',*,*,#487,.T.);
#2420 = ORIENTED_EDGE('',*,*,#2421,.T.);
#2421 = EDGE_CURVE('',#488,#2422,#2424,.T.);
#2422 = VERTEX_POINT('',#2423);
#2423 = CARTESIAN_POINT('',(238.39926859527,20.638785733007,18.));
#2424 = LINE('',#2425,#2426);
#2425 = CARTESIAN_POINT('',(238.39926859527,20.638785733007,3.8));
#2426 = VECTOR('',#2427,1.);
#2427 = DIRECTION('',(0.,0.,1.));
#2428 = ORIENTED_EDGE('',*,*,#2429,.T.);
#2429 = EDGE_CURVE('',#2422,#2398,#2430,.T.);
#2430 = LINE('',#2431,#2432);
#2431 = CARTESIAN_POINT('',(238.39926859527,20.638785733007,18.));
#2432 = VECTOR('',#2433,1.);
#2433 = DIRECTION('',(0.32757025528,-0.944826824268,0.));
#2434 = ORIENTED_EDGE('',*,*,#2397,.F.);
#2435 = PLANE('',#2436);
#2436 = AXIS2_PLACEMENT_3D('',#2437,#2438,#2439);
#2437 = CARTESIAN_POINT('',(238.39926859527,20.638785733007,3.8));
#2438 = DIRECTION('',(0.944826824268,0.32757025528,0.));
#2439 = DIRECTION('',(0.32757025528,-0.944826824268,0.));
#2440 = ADVANCED_FACE('',(#2441),#2459,.F.);
#2441 = FACE_BOUND('',#2442,.F.);
#2442 = EDGE_LOOP('',(#2443,#2444,#2452,#2458));
#2443 = ORIENTED_EDGE('',*,*,#495,.T.);
#2444 = ORIENTED_EDGE('',*,*,#2445,.T.);
#2445 = EDGE_CURVE('',#496,#2446,#2448,.T.);
#2446 = VERTEX_POINT('',#2447);
#2447 = CARTESIAN_POINT('',(237.11743929014,24.166066610724,18.));
#2448 = LINE('',#2449,#2450);
#2449 = CARTESIAN_POINT('',(237.11743929014,24.166066610724,3.8));
#2450 = VECTOR('',#2451,1.);
#2451 = DIRECTION('',(0.,0.,1.));
#2452 = ORIENTED_EDGE('',*,*,#2453,.T.);
#2453 = EDGE_CURVE('',#2446,#2422,#2454,.T.);
#2454 = LINE('',#2455,#2456);
#2455 = CARTESIAN_POINT('',(237.11743929014,24.166066610724,18.));
#2456 = VECTOR('',#2457,1.);
#2457 = DIRECTION('',(0.341550483072,-0.939863430246,0.));
#2458 = ORIENTED_EDGE('',*,*,#2421,.F.);
#2459 = PLANE('',#2460);
#2460 = AXIS2_PLACEMENT_3D('',#2461,#2462,#2463);
#2461 = CARTESIAN_POINT('',(237.11743929014,24.166066610724,3.8));
#2462 = DIRECTION('',(0.939863430246,0.341550483072,0.));
#2463 = DIRECTION('',(0.341550483072,-0.939863430246,0.));
#2464 = ADVANCED_FACE('',(#2465),#2483,.F.);
#2465 = FACE_BOUND('',#2466,.F.);
#2466 = EDGE_LOOP('',(#2467,#2468,#2476,#2482));
#2467 = ORIENTED_EDGE('',*,*,#503,.T.);
#2468 = ORIENTED_EDGE('',*,*,#2469,.T.);
#2469 = EDGE_CURVE('',#504,#2470,#2472,.T.);
#2470 = VERTEX_POINT('',#2471);
#2471 = CARTESIAN_POINT('',(235.78342469303,27.673943719819,18.));
#2472 = LINE('',#2473,#2474);
#2473 = CARTESIAN_POINT('',(235.78342469303,27.673943719819,3.8));
#2474 = VECTOR('',#2475,1.);
#2475 = DIRECTION('',(0.,0.,1.));
#2476 = ORIENTED_EDGE('',*,*,#2477,.T.);
#2477 = EDGE_CURVE('',#2470,#2446,#2478,.T.);
#2478 = LINE('',#2479,#2480);
#2479 = CARTESIAN_POINT('',(235.78342469303,27.673943719819,18.));
#2480 = VECTOR('',#2481,1.);
#2481 = DIRECTION('',(0.355455541733,-0.934693189154,0.));
#2482 = ORIENTED_EDGE('',*,*,#2445,.F.);
#2483 = PLANE('',#2484);
#2484 = AXIS2_PLACEMENT_3D('',#2485,#2486,#2487);
#2485 = CARTESIAN_POINT('',(235.78342469303,27.673943719819,3.8));
#2486 = DIRECTION('',(0.934693189154,0.355455541733,0.));
#2487 = DIRECTION('',(0.355455541733,-0.934693189154,0.));
#2488 = ADVANCED_FACE('',(#2489),#2507,.F.);
#2489 = FACE_BOUND('',#2490,.F.);
#2490 = EDGE_LOOP('',(#2491,#2492,#2500,#2506));
#2491 = ORIENTED_EDGE('',*,*,#511,.T.);
#2492 = ORIENTED_EDGE('',*,*,#2493,.T.);
#2493 = EDGE_CURVE('',#512,#2494,#2496,.T.);
#2494 = VERTEX_POINT('',#2495);
#2495 = CARTESIAN_POINT('',(234.39751839662,31.161645039509,18.));
#2496 = LINE('',#2497,#2498);
#2497 = CARTESIAN_POINT('',(234.39751839662,31.161645039509,3.8));
#2498 = VECTOR('',#2499,1.);
#2499 = DIRECTION('',(0.,0.,1.));
#2500 = ORIENTED_EDGE('',*,*,#2501,.T.);
#2501 = EDGE_CURVE('',#2494,#2470,#2502,.T.);
#2502 = LINE('',#2503,#2504);
#2503 = CARTESIAN_POINT('',(234.39751839662,31.161645039509,18.));
#2504 = VECTOR('',#2505,1.);
#2505 = DIRECTION('',(0.369282371011,-0.92931723887,0.));
#2506 = ORIENTED_EDGE('',*,*,#2469,.F.);
#2507 = PLANE('',#2508);
#2508 = AXIS2_PLACEMENT_3D('',#2509,#2510,#2511);
#2509 = CARTESIAN_POINT('',(234.39751839662,31.161645039509,3.8));
#2510 = DIRECTION('',(0.92931723887,0.369282371011,0.));
#2511 = DIRECTION('',(0.369282371011,-0.92931723887,0.));
#2512 = ADVANCED_FACE('',(#2513),#2531,.F.);
#2513 = FACE_BOUND('',#2514,.F.);
#2514 = EDGE_LOOP('',(#2515,#2516,#2524,#2530));
#2515 = ORIENTED_EDGE('',*,*,#519,.T.);
#2516 = ORIENTED_EDGE('',*,*,#2517,.T.);
#2517 = EDGE_CURVE('',#520,#2518,#2520,.T.);
#2518 = VERTEX_POINT('',#2519);
#2519 = CARTESIAN_POINT('',(232.960025414,34.628402989341,18.));
#2520 = LINE('',#2521,#2522);
#2521 = CARTESIAN_POINT('',(232.960025414,34.628402989341,3.8));
#2522 = VECTOR('',#2523,1.);
#2523 = DIRECTION('',(0.,0.,1.));
#2524 = ORIENTED_EDGE('',*,*,#2525,.T.);
#2525 = EDGE_CURVE('',#2518,#2494,#2526,.T.);
#2526 = LINE('',#2527,#2528);
#2527 = CARTESIAN_POINT('',(232.960025414,34.628402989341,18.));
#2528 = VECTOR('',#2529,1.);
#2529 = DIRECTION('',(0.383027927868,-0.923736762543,0.));
#2530 = ORIENTED_EDGE('',*,*,#2493,.F.);
#2531 = PLANE('',#2532);
#2532 = AXIS2_PLACEMENT_3D('',#2533,#2534,#2535);
#2533 = CARTESIAN_POINT('',(232.960025414,34.628402989341,3.8));
#2534 = DIRECTION('',(0.923736762543,0.383027927868,0.));
#2535 = DIRECTION('',(0.383027927868,-0.923736762543,0.));
#2536 = ADVANCED_FACE('',(#2537),#2555,.F.);
#2537 = FACE_BOUND('',#2538,.F.);
#2538 = EDGE_LOOP('',(#2539,#2540,#2548,#2554));
#2539 = ORIENTED_EDGE('',*,*,#527,.T.);
#2540 = ORIENTED_EDGE('',*,*,#2541,.T.);
#2541 = EDGE_CURVE('',#528,#2542,#2544,.T.);
#2542 = VERTEX_POINT('',#2543);
#2543 = CARTESIAN_POINT('',(231.47126211157,38.07345459812,18.));
#2544 = LINE('',#2545,#2546);
#2545 = CARTESIAN_POINT('',(231.47126211157,38.07345459812,3.8));
#2546 = VECTOR('',#2547,1.);
#2547 = DIRECTION('',(0.,0.,1.));
#2548 = ORIENTED_EDGE('',*,*,#2549,.T.);
#2549 = EDGE_CURVE('',#2542,#2518,#2550,.T.);
#2550 = LINE('',#2551,#2552);
#2551 = CARTESIAN_POINT('',(231.47126211157,38.07345459812,18.));
#2552 = VECTOR('',#2553,1.);
#2553 = DIRECTION('',(0.396689187153,-0.917952988336,0.));
#2554 = ORIENTED_EDGE('',*,*,#2517,.F.);
#2555 = PLANE('',#2556);
#2556 = AXIS2_PLACEMENT_3D('',#2557,#2558,#2559);
#2557 = CARTESIAN_POINT('',(231.47126211157,38.07345459812,3.8));
#2558 = DIRECTION('',(0.917952988336,0.396689187153,0.));
#2559 = DIRECTION('',(0.396689187153,-0.917952988336,0.));
#2560 = ADVANCED_FACE('',(#2561),#2579,.F.);
#2561 = FACE_BOUND('',#2562,.F.);
#2562 = EDGE_LOOP('',(#2563,#2564,#2572,#2578));
#2563 = ORIENTED_EDGE('',*,*,#535,.T.);
#2564 = ORIENTED_EDGE('',*,*,#2565,.T.);
#2565 = EDGE_CURVE('',#536,#2566,#2568,.T.);
#2566 = VERTEX_POINT('',#2567);
#2567 = CARTESIAN_POINT('',(229.93155613942,41.496041671829,18.));
#2568 = LINE('',#2569,#2570);
#2569 = CARTESIAN_POINT('',(229.93155613942,41.496041671829,3.8));
#2570 = VECTOR('',#2571,1.);
#2571 = DIRECTION('',(0.,0.,1.));
#2572 = ORIENTED_EDGE('',*,*,#2573,.T.);
#2573 = EDGE_CURVE('',#2566,#2542,#2574,.T.);
#2574 = LINE('',#2575,#2576);
#2575 = CARTESIAN_POINT('',(229.93155613942,41.496041671829,18.));
#2576 = VECTOR('',#2577,1.);
#2577 = DIRECTION('',(0.410263142269,-0.911967189155,0.));
#2578 = ORIENTED_EDGE('',*,*,#2541,.F.);
#2579 = PLANE('',#2580);
#2580 = AXIS2_PLACEMENT_3D('',#2581,#2582,#2583);
#2581 = CARTESIAN_POINT('',(229.93155613942,41.496041671829,3.8));
#2582 = DIRECTION('',(0.911967189155,0.410263142269,0.));
#2583 = DIRECTION('',(0.410263142269,-0.911967189155,0.));
#2584 = ADVANCED_FACE('',(#2585),#2603,.F.);
#2585 = FACE_BOUND('',#2586,.F.);
#2586 = EDGE_LOOP('',(#2587,#2588,#2596,#2602));
#2587 = ORIENTED_EDGE('',*,*,#543,.T.);
#2588 = ORIENTED_EDGE('',*,*,#2589,.T.);
#2589 = EDGE_CURVE('',#544,#2590,#2592,.T.);
#2590 = VERTEX_POINT('',#2591);
#2591 = CARTESIAN_POINT('',(228.34124635918,44.89541096049,18.));
#2592 = LINE('',#2593,#2594);
#2593 = CARTESIAN_POINT('',(228.34124635918,44.89541096049,3.8));
#2594 = VECTOR('',#2595,1.);
#2595 = DIRECTION('',(0.,0.,1.));
#2596 = ORIENTED_EDGE('',*,*,#2597,.T.);
#2597 = EDGE_CURVE('',#2590,#2566,#2598,.T.);
#2598 = LINE('',#2599,#2600);
#2599 = CARTESIAN_POINT('',(228.34124635918,44.89541096049,18.));
#2600 = VECTOR('',#2601,1.);
#2601 = DIRECTION('',(0.423746805832,-0.905780682366,0.));
#2602 = ORIENTED_EDGE('',*,*,#2565,.F.);
#2603 = PLANE('',#2604);
#2604 = AXIS2_PLACEMENT_3D('',#2605,#2606,#2607);
#2605 = CARTESIAN_POINT('',(228.34124635918,44.89541096049,3.8));
#2606 = DIRECTION('',(0.905780682366,0.423746805832,0.));
#2607 = DIRECTION('',(0.423746805832,-0.905780682366,0.));
#2608 = ADVANCED_FACE('',(#2609),#2627,.F.);
#2609 = FACE_BOUND('',#2610,.F.);
#2610 = EDGE_LOOP('',(#2611,#2612,#2620,#2626));
#2611 = ORIENTED_EDGE('',*,*,#551,.T.);
#2612 = ORIENTED_EDGE('',*,*,#2613,.T.);
#2613 = EDGE_CURVE('',#552,#2614,#2616,.T.);
#2614 = VERTEX_POINT('',#2615);
#2615 = CARTESIAN_POINT('',(226.7006827695,48.270814323944,18.));
#2616 = LINE('',#2617,#2618);
#2617 = CARTESIAN_POINT('',(226.7006827695,48.270814323944,3.8));
#2618 = VECTOR('',#2619,1.);
#2619 = DIRECTION('',(0.,0.,1.));
#2620 = ORIENTED_EDGE('',*,*,#2621,.T.);
#2621 = EDGE_CURVE('',#2614,#2590,#2622,.T.);
#2622 = LINE('',#2623,#2624);
#2623 = CARTESIAN_POINT('',(226.7006827695,48.270814323944,18.));
#2624 = VECTOR('',#2625,1.);
#2625 = DIRECTION('',(0.43713721033,-0.899394829508,0.));
#2626 = ORIENTED_EDGE('',*,*,#2589,.F.);
#2627 = PLANE('',#2628);
#2628 = AXIS2_PLACEMENT_3D('',#2629,#2630,#2631);
#2629 = CARTESIAN_POINT('',(226.7006827695,48.270814323944,3.8));
#2630 = DIRECTION('',(0.899394829508,0.43713721033,0.));
#2631 = DIRECTION('',(0.43713721033,-0.899394829508,0.));
#2632 = ADVANCED_FACE('',(#2633),#2651,.F.);
#2633 = FACE_BOUND('',#2634,.F.);
#2634 = EDGE_LOOP('',(#2635,#2636,#2644,#2650));
#2635 = ORIENTED_EDGE('',*,*,#559,.T.);
#2636 = ORIENTED_EDGE('',*,*,#2637,.T.);
#2637 = EDGE_CURVE('',#560,#2638,#2640,.T.);
#2638 = VERTEX_POINT('',#2639);
#2639 = CARTESIAN_POINT('',(225.01022642897,51.6215088965,18.));
#2640 = LINE('',#2641,#2642);
#2641 = CARTESIAN_POINT('',(225.01022642897,51.6215088965,3.8));
#2642 = VECTOR('',#2643,1.);
#2643 = DIRECTION('',(0.,0.,1.));
#2644 = ORIENTED_EDGE('',*,*,#2645,.T.);
#2645 = EDGE_CURVE('',#2638,#2614,#2646,.T.);
#2646 = LINE('',#2647,#2648);
#2647 = CARTESIAN_POINT('',(225.01022642897,51.6215088965,18.));
#2648 = VECTOR('',#2649,1.);
#2649 = DIRECTION('',(0.450431408775,-0.892811035992,0.));
#2650 = ORIENTED_EDGE('',*,*,#2613,.F.);
#2651 = PLANE('',#2652);
#2652 = AXIS2_PLACEMENT_3D('',#2653,#2654,#2655);
#2653 = CARTESIAN_POINT('',(225.01022642897,51.6215088965,3.8));
#2654 = DIRECTION('',(0.892811035992,0.450431408775,0.));
#2655 = DIRECTION('',(0.450431408775,-0.892811035992,0.));
#2656 = ADVANCED_FACE('',(#2657),#2675,.F.);
#2657 = FACE_BOUND('',#2658,.F.);
#2658 = EDGE_LOOP('',(#2659,#2660,#2668,#2674));
#2659 = ORIENTED_EDGE('',*,*,#567,.T.);
#2660 = ORIENTED_EDGE('',*,*,#2661,.T.);
#2661 = EDGE_CURVE('',#568,#2662,#2664,.T.);
#2662 = VERTEX_POINT('',#2663);
#2663 = CARTESIAN_POINT('',(223.27024937668,54.946757250432,18.));
#2664 = LINE('',#2665,#2666);
#2665 = CARTESIAN_POINT('',(223.27024937668,54.946757250432,3.8));
#2666 = VECTOR('',#2667,1.);
#2667 = DIRECTION('',(0.,0.,1.));
#2668 = ORIENTED_EDGE('',*,*,#2669,.T.);
#2669 = EDGE_CURVE('',#2662,#2638,#2670,.T.);
#2670 = LINE('',#2671,#2672);
#2671 = CARTESIAN_POINT('',(223.27024937668,54.946757250432,18.));
#2672 = VECTOR('',#2673,1.);
#2673 = DIRECTION('',(0.463626475352,-0.886030750794,0.));
#2674 = ORIENTED_EDGE('',*,*,#2637,.F.);
#2675 = PLANE('',#2676);
#2676 = AXIS2_PLACEMENT_3D('',#2677,#2678,#2679);
#2677 = CARTESIAN_POINT('',(223.27024937668,54.946757250432,3.8));
#2678 = DIRECTION('',(0.886030750794,0.463626475352,0.));
#2679 = DIRECTION('',(0.463626475352,-0.886030750794,0.));
#2680 = ADVANCED_FACE('',(#2681),#2699,.F.);
#2681 = FACE_BOUND('',#2682,.F.);
#2682 = EDGE_LOOP('',(#2683,#2684,#2692,#2698));
#2683 = ORIENTED_EDGE('',*,*,#575,.T.);
#2684 = ORIENTED_EDGE('',*,*,#2685,.T.);
#2685 = EDGE_CURVE('',#576,#2686,#2688,.T.);
#2686 = VERTEX_POINT('',#2687);
#2687 = CARTESIAN_POINT('',(221.48113455036,58.245827558266,18.));
#2688 = LINE('',#2689,#2690);
#2689 = CARTESIAN_POINT('',(221.48113455036,58.245827558266,3.8));
#2690 = VECTOR('',#2691,1.);
#2691 = DIRECTION('',(0.,0.,1.));
#2692 = ORIENTED_EDGE('',*,*,#2693,.T.);
#2693 = EDGE_CURVE('',#2686,#2662,#2694,.T.);
#2694 = LINE('',#2695,#2696);
#2695 = CARTESIAN_POINT('',(221.48113455036,58.245827558266,18.));
#2696 = VECTOR('',#2697,1.);
#2697 = DIRECTION('',(0.476719506064,-0.879055466133,0.));
#2698 = ORIENTED_EDGE('',*,*,#2661,.F.);
#2699 = PLANE('',#2700);
#2700 = AXIS2_PLACEMENT_3D('',#2701,#2702,#2703);
#2701 = CARTESIAN_POINT('',(221.48113455036,58.245827558266,3.8));
#2702 = DIRECTION('',(0.879055466133,0.476719506064,0.));
#2703 = DIRECTION('',(0.476719506064,-0.879055466133,0.));
#2704 = ADVANCED_FACE('',(#2705),#2723,.F.);
#2705 = FACE_BOUND('',#2706,.F.);
#2706 = EDGE_LOOP('',(#2707,#2708,#2716,#2722));
#2707 = ORIENTED_EDGE('',*,*,#583,.T.);
#2708 = ORIENTED_EDGE('',*,*,#2709,.T.);
#2709 = EDGE_CURVE('',#584,#2710,#2712,.T.);
#2710 = VERTEX_POINT('',#2711);
#2711 = CARTESIAN_POINT('',(219.64327570205,61.517993753848,18.));
#2712 = LINE('',#2713,#2714);
#2713 = CARTESIAN_POINT('',(219.64327570205,61.517993753848,3.8));
#2714 = VECTOR('',#2715,1.);
#2715 = DIRECTION('',(0.,0.,1.));
#2716 = ORIENTED_EDGE('',*,*,#2717,.T.);
#2717 = EDGE_CURVE('',#2710,#2686,#2718,.T.);
#2718 = LINE('',#2719,#2720);
#2719 = CARTESIAN_POINT('',(219.64327570205,61.517993753848,18.));
#2720 = VECTOR('',#2721,1.);
#2721 = DIRECTION('',(0.48970761937,-0.871886717143,0.));
#2722 = ORIENTED_EDGE('',*,*,#2685,.F.);
#2723 = PLANE('',#2724);
#2724 = AXIS2_PLACEMENT_3D('',#2725,#2726,#2727);
#2725 = CARTESIAN_POINT('',(219.64327570205,61.517993753848,3.8));
#2726 = DIRECTION('',(0.871886717143,0.48970761937,0.));
#2727 = DIRECTION('',(0.48970761937,-0.871886717143,0.));
#2728 = ADVANCED_FACE('',(#2729),#2747,.F.);
#2729 = FACE_BOUND('',#2730,.F.);
#2730 = EDGE_LOOP('',(#2731,#2732,#2740,#2746));
#2731 = ORIENTED_EDGE('',*,*,#591,.T.);
#2732 = ORIENTED_EDGE('',*,*,#2733,.T.);
#2733 = EDGE_CURVE('',#592,#2734,#2736,.T.);
#2734 = VERTEX_POINT('',#2735);
#2735 = CARTESIAN_POINT('',(217.75707731151,64.762535692137,18.));
#2736 = LINE('',#2737,#2738);
#2737 = CARTESIAN_POINT('',(217.75707731151,64.762535692137,3.8));
#2738 = VECTOR('',#2739,1.);
#2739 = DIRECTION('',(0.,0.,1.));
#2740 = ORIENTED_EDGE('',*,*,#2741,.T.);
#2741 = EDGE_CURVE('',#2734,#2710,#2742,.T.);
#2742 = LINE('',#2743,#2744);
#2743 = CARTESIAN_POINT('',(217.75707731151,64.762535692137,18.));
#2744 = VECTOR('',#2745,1.);
#2745 = DIRECTION('',(0.50258795682,-0.864526081538,0.));
#2746 = ORIENTED_EDGE('',*,*,#2709,.F.);
#2747 = PLANE('',#2748);
#2748 = AXIS2_PLACEMENT_3D('',#2749,#2750,#2751);
#2749 = CARTESIAN_POINT('',(217.75707731151,64.762535692137,3.8));
#2750 = DIRECTION('',(0.864526081538,0.50258795682,0.));
#2751 = DIRECTION('',(0.50258795682,-0.864526081538,0.));
#2752 = ADVANCED_FACE('',(#2753),#2771,.F.);
#2753 = FACE_BOUND('',#2754,.F.);
#2754 = EDGE_LOOP('',(#2755,#2756,#2764,#2770));
#2755 = ORIENTED_EDGE('',*,*,#599,.T.);
#2756 = ORIENTED_EDGE('',*,*,#2757,.T.);
#2757 = EDGE_CURVE('',#600,#2758,#2760,.T.);
#2758 = VERTEX_POINT('',#2759);
#2759 = CARTESIAN_POINT('',(215.82295449713,67.978739307693,18.));
#2760 = LINE('',#2761,#2762);
#2761 = CARTESIAN_POINT('',(215.82295449713,67.978739307693,3.8));
#2762 = VECTOR('',#2763,1.);
#2763 = DIRECTION('',(0.,0.,1.));
#2764 = ORIENTED_EDGE('',*,*,#2765,.T.);
#2765 = EDGE_CURVE('',#2758,#2734,#2766,.T.);
#2766 = LINE('',#2767,#2768);
#2767 = CARTESIAN_POINT('',(215.82295449713,67.978739307693,18.));
#2768 = VECTOR('',#2769,1.);
#2769 = DIRECTION('',(0.515357683682,-0.856975179261,0.));
#2770 = ORIENTED_EDGE('',*,*,#2733,.F.);
#2771 = PLANE('',#2772);
#2772 = AXIS2_PLACEMENT_3D('',#2773,#2774,#2775);
#2773 = CARTESIAN_POINT('',(215.82295449713,67.978739307693,3.8));
#2774 = DIRECTION('',(0.856975179261,0.515357683682,0.));
#2775 = DIRECTION('',(0.515357683682,-0.856975179261,0.));
#2776 = ADVANCED_FACE('',(#2777),#2795,.F.);
#2777 = FACE_BOUND('',#2778,.F.);
#2778 = EDGE_LOOP('',(#2779,#2780,#2788,#2794));
#2779 = ORIENTED_EDGE('',*,*,#607,.T.);
#2780 = ORIENTED_EDGE('',*,*,#2781,.T.);
#2781 = EDGE_CURVE('',#608,#2782,#2784,.T.);
#2782 = VERTEX_POINT('',#2783);
#2783 = CARTESIAN_POINT('',(213.84133292463,71.165896771833,18.));
#2784 = LINE('',#2785,#2786);
#2785 = CARTESIAN_POINT('',(213.84133292463,71.165896771833,3.8));
#2786 = VECTOR('',#2787,1.);
#2787 = DIRECTION('',(0.,0.,1.));
#2788 = ORIENTED_EDGE('',*,*,#2789,.T.);
#2789 = EDGE_CURVE('',#2782,#2758,#2790,.T.);
#2790 = LINE('',#2791,#2792);
#2791 = CARTESIAN_POINT('',(213.84133292463,71.165896771833,18.));
#2792 = VECTOR('',#2793,1.);
#2793 = DIRECTION('',(0.528013989569,-0.849235672131,0.));
#2794 = ORIENTED_EDGE('',*,*,#2757,.F.);
#2795 = PLANE('',#2796);
#2796 = AXIS2_PLACEMENT_3D('',#2797,#2798,#2799);
#2797 = CARTESIAN_POINT('',(213.84133292463,71.165896771833,3.8));
#2798 = DIRECTION('',(0.849235672131,0.528013989569,0.));
#2799 = DIRECTION('',(0.528013989569,-0.849235672131,0.));
#2800 = ADVANCED_FACE('',(#2801),#2819,.F.);
#2801 = FACE_BOUND('',#2802,.F.);
#2802 = EDGE_LOOP('',(#2803,#2804,#2812,#2818));
#2803 = ORIENTED_EDGE('',*,*,#615,.T.);
#2804 = ORIENTED_EDGE('',*,*,#2805,.T.);
#2805 = EDGE_CURVE('',#616,#2806,#2808,.T.);
#2806 = VERTEX_POINT('',#2807);
#2807 = CARTESIAN_POINT('',(211.81264871336,74.323306648412,18.));
#2808 = LINE('',#2809,#2810);
#2809 = CARTESIAN_POINT('',(211.81264871336,74.323306648412,3.8));
#2810 = VECTOR('',#2811,1.);
#2811 = DIRECTION('',(0.,0.,1.));
#2812 = ORIENTED_EDGE('',*,*,#2813,.T.);
#2813 = EDGE_CURVE('',#2806,#2782,#2814,.T.);
#2814 = LINE('',#2815,#2816);
#2815 = CARTESIAN_POINT('',(211.81264871336,74.323306648412,18.));
#2816 = VECTOR('',#2817,1.);
#2817 = DIRECTION('',(0.540554089056,-0.841309263473,0.));
#2818 = ORIENTED_EDGE('',*,*,#2781,.F.);
#2819 = PLANE('',#2820);
#2820 = AXIS2_PLACEMENT_3D('',#2821,#2822,#2823);
#2821 = CARTESIAN_POINT('',(211.81264871336,74.323306648412,3.8));
#2822 = DIRECTION('',(0.841309263473,0.540554089056,0.));
#2823 = DIRECTION('',(0.540554089056,-0.841309263473,0.));
#2824 = ADVANCED_FACE('',(#2825),#2843,.F.);
#2825 = FACE_BOUND('',#2826,.F.);
#2826 = EDGE_LOOP('',(#2827,#2828,#2836,#2842));
#2827 = ORIENTED_EDGE('',*,*,#623,.T.);
#2828 = ORIENTED_EDGE('',*,*,#2829,.T.);
#2829 = EDGE_CURVE('',#624,#2830,#2832,.T.);
#2830 = VERTEX_POINT('',#2831);
#2831 = CARTESIAN_POINT('',(209.73734834027,77.450274048192,18.));
#2832 = LINE('',#2833,#2834);
#2833 = CARTESIAN_POINT('',(209.73734834027,77.450274048192,3.8));
#2834 = VECTOR('',#2835,1.);
#2835 = DIRECTION('',(0.,0.,1.));
#2836 = ORIENTED_EDGE('',*,*,#2837,.T.);
#2837 = EDGE_CURVE('',#2830,#2806,#2838,.T.);
#2838 = LINE('',#2839,#2840);
#2839 = CARTESIAN_POINT('',(209.73734834027,77.450274048192,18.));
#2840 = VECTOR('',#2841,1.);
#2841 = DIRECTION('',(0.55297522229,-0.833197697748,0.));
#2842 = ORIENTED_EDGE('',*,*,#2805,.F.);
#2843 = PLANE('',#2844);
#2844 = AXIS2_PLACEMENT_3D('',#2845,#2846,#2847);
#2845 = CARTESIAN_POINT('',(209.73734834027,77.450274048192,3.8));
#2846 = DIRECTION('',(0.833197697748,0.55297522229,0.));
#2847 = DIRECTION('',(0.55297522229,-0.833197697748,0.));
#2848 = ADVANCED_FACE('',(#2849),#2867,.F.);
#2849 = FACE_BOUND('',#2850,.F.);
#2850 = EDGE_LOOP('',(#2851,#2852,#2860,#2866));
#2851 = ORIENTED_EDGE('',*,*,#631,.T.);
#2852 = ORIENTED_EDGE('',*,*,#2853,.T.);
#2853 = EDGE_CURVE('',#632,#2854,#2856,.T.);
#2854 = VERTEX_POINT('',#2855);
#2855 = CARTESIAN_POINT('',(207.61588854175,80.546110781781,18.));
#2856 = LINE('',#2857,#2858);
#2857 = CARTESIAN_POINT('',(207.61588854175,80.546110781781,3.8));
#2858 = VECTOR('',#2859,1.);
#2859 = DIRECTION('',(0.,0.,1.));
#2860 = ORIENTED_EDGE('',*,*,#2861,.T.);
#2861 = EDGE_CURVE('',#2854,#2830,#2862,.T.);
#2862 = LINE('',#2863,#2864);
#2863 = CARTESIAN_POINT('',(207.61588854175,80.546110781781,18.));
#2864 = VECTOR('',#2865,1.);
#2865 = DIRECTION('',(0.565274655605,-0.824902760167,0.));
#2866 = ORIENTED_EDGE('',*,*,#2829,.F.);
#2867 = PLANE('',#2868);
#2868 = AXIS2_PLACEMENT_3D('',#2869,#2870,#2871);
#2869 = CARTESIAN_POINT('',(207.61588854175,80.546110781781,3.8));
#2870 = DIRECTION('',(0.824902760167,0.565274655605,0.));
#2871 = DIRECTION('',(0.565274655605,-0.824902760167,0.));
#2872 = ADVANCED_FACE('',(#2873),#2891,.F.);
#2873 = FACE_BOUND('',#2874,.F.);
#2874 = EDGE_LOOP('',(#2875,#2876,#2884,#2890));
#2875 = ORIENTED_EDGE('',*,*,#639,.T.);
#2876 = ORIENTED_EDGE('',*,*,#2877,.T.);
#2877 = EDGE_CURVE('',#640,#2878,#2880,.T.);
#2878 = VERTEX_POINT('',#2879);
#2879 = CARTESIAN_POINT('',(205.44873621299,83.610135511086,18.));
#2880 = LINE('',#2881,#2882);
#2881 = CARTESIAN_POINT('',(205.44873621299,83.610135511086,3.8));
#2882 = VECTOR('',#2883,1.);
#2883 = DIRECTION('',(0.,0.,1.));
#2884 = ORIENTED_EDGE('',*,*,#2885,.T.);
#2885 = EDGE_CURVE('',#2878,#2854,#2886,.T.);
#2886 = LINE('',#2887,#2888);
#2887 = CARTESIAN_POINT('',(205.44873621299,83.610135511086,18.));
#2888 = VECTOR('',#2889,1.);
#2889 = DIRECTION('',(0.577449682115,-0.816426276295,0.));
#2890 = ORIENTED_EDGE('',*,*,#2853,.F.);
#2891 = PLANE('',#2892);
#2892 = AXIS2_PLACEMENT_3D('',#2893,#2894,#2895);
#2893 = CARTESIAN_POINT('',(205.44873621299,83.610135511086,3.8));
#2894 = DIRECTION('',(0.816426276295,0.577449682115,0.));
#2895 = DIRECTION('',(0.577449682115,-0.816426276295,0.));
#2896 = ADVANCED_FACE('',(#2897),#2915,.F.);
#2897 = FACE_BOUND('',#2898,.F.);
#2898 = EDGE_LOOP('',(#2899,#2900,#2908,#2914));
#2899 = ORIENTED_EDGE('',*,*,#647,.T.);
#2900 = ORIENTED_EDGE('',*,*,#2901,.T.);
#2901 = EDGE_CURVE('',#648,#2902,#2904,.T.);
#2902 = VERTEX_POINT('',#2903);
#2903 = CARTESIAN_POINT('',(203.23636830534,86.641673899265,18.));
#2904 = LINE('',#2905,#2906);
#2905 = CARTESIAN_POINT('',(203.23636830534,86.641673899265,3.8));
#2906 = VECTOR('',#2907,1.);
#2907 = DIRECTION('',(0.,0.,1.));
#2908 = ORIENTED_EDGE('',*,*,#2909,.T.);
#2909 = EDGE_CURVE('',#2902,#2878,#2910,.T.);
#2910 = LINE('',#2911,#2912);
#2911 = CARTESIAN_POINT('',(203.23636830534,86.641673899265,18.));
#2912 = VECTOR('',#2913,1.);
#2913 = DIRECTION('',(0.589497622315,-0.807770111656,0.));
#2914 = ORIENTED_EDGE('',*,*,#2877,.F.);
#2915 = PLANE('',#2916);
#2916 = AXIS2_PLACEMENT_3D('',#2917,#2918,#2919);
#2917 = CARTESIAN_POINT('',(203.23636830534,86.641673899265,3.8));
#2918 = DIRECTION('',(0.807770111656,0.589497622315,0.));
#2919 = DIRECTION('',(0.589497622315,-0.807770111656,0.));
#2920 = ADVANCED_FACE('',(#2921),#2939,.F.);
#2921 = FACE_BOUND('',#2922,.F.);
#2922 = EDGE_LOOP('',(#2923,#2924,#2932,#2938));
#2923 = ORIENTED_EDGE('',*,*,#655,.T.);
#2924 = ORIENTED_EDGE('',*,*,#2925,.T.);
#2925 = EDGE_CURVE('',#656,#2926,#2928,.T.);
#2926 = VERTEX_POINT('',#2927);
#2927 = CARTESIAN_POINT('',(200.97927172126,89.640058759137,18.));
#2928 = LINE('',#2929,#2930);
#2929 = CARTESIAN_POINT('',(200.97927172126,89.640058759137,3.8));
#2930 = VECTOR('',#2931,1.);
#2931 = DIRECTION('',(0.,0.,1.));
#2932 = ORIENTED_EDGE('',*,*,#2933,.T.);
#2933 = EDGE_CURVE('',#2926,#2902,#2934,.T.);
#2934 = LINE('',#2935,#2936);
#2935 = CARTESIAN_POINT('',(200.97927172126,89.640058759137,18.));
#2936 = VECTOR('',#2937,1.);
#2937 = DIRECTION('',(0.60141582467,-0.798936171315,0.));
#2938 = ORIENTED_EDGE('',*,*,#2901,.F.);
#2939 = PLANE('',#2940);
#2940 = AXIS2_PLACEMENT_3D('',#2941,#2942,#2943);
#2941 = CARTESIAN_POINT('',(200.97927172126,89.640058759137,3.8));
#2942 = DIRECTION('',(0.798936171315,0.60141582467,0.));
#2943 = DIRECTION('',(0.60141582467,-0.798936171315,0.));
#2944 = ADVANCED_FACE('',(#2945),#2963,.F.);
#2945 = FACE_BOUND('',#2946,.F.);
#2946 = EDGE_LOOP('',(#2947,#2948,#2956,#2962));
#2947 = ORIENTED_EDGE('',*,*,#663,.T.);
#2948 = ORIENTED_EDGE('',*,*,#2949,.T.);
#2949 = EDGE_CURVE('',#664,#2950,#2952,.T.);
#2950 = VERTEX_POINT('',#2951);
#2951 = CARTESIAN_POINT('',(198.67794320718,92.604630200017,18.));
#2952 = LINE('',#2953,#2954);
#2953 = CARTESIAN_POINT('',(198.67794320718,92.604630200017,3.8));
#2954 = VECTOR('',#2955,1.);
#2955 = DIRECTION('',(0.,0.,1.));
#2956 = ORIENTED_EDGE('',*,*,#2957,.T.);
#2957 = EDGE_CURVE('',#2950,#2926,#2958,.T.);
#2958 = LINE('',#2959,#2960);
#2959 = CARTESIAN_POINT('',(198.67794320718,92.604630200017,18.));
#2960 = VECTOR('',#2961,1.);
#2961 = DIRECTION('',(0.613201666199,-0.789926399465,0.));
#2962 = ORIENTED_EDGE('',*,*,#2925,.F.);
#2963 = PLANE('',#2964);
#2964 = AXIS2_PLACEMENT_3D('',#2965,#2966,#2967);
#2965 = CARTESIAN_POINT('',(198.67794320718,92.604630200017,3.8));
#2966 = DIRECTION('',(0.789926399465,0.613201666199,0.));
#2967 = DIRECTION('',(0.613201666199,-0.789926399465,0.));
#2968 = ADVANCED_FACE('',(#2969),#2987,.F.);
#2969 = FACE_BOUND('',#2970,.F.);
#2970 = EDGE_LOOP('',(#2971,#2972,#2980,#2986));
#2971 = ORIENTED_EDGE('',*,*,#671,.T.);
#2972 = ORIENTED_EDGE('',*,*,#2973,.T.);
#2973 = EDGE_CURVE('',#672,#2974,#2976,.T.);
#2974 = VERTEX_POINT('',#2975);
#2975 = CARTESIAN_POINT('',(196.3328892442,95.534735772948,18.));
#2976 = LINE('',#2977,#2978);
#2977 = CARTESIAN_POINT('',(196.3328892442,95.534735772948,3.8));
#2978 = VECTOR('',#2979,1.);
#2979 = DIRECTION('',(0.,0.,1.));
#2980 = ORIENTED_EDGE('',*,*,#2981,.T.);
#2981 = EDGE_CURVE('',#2974,#2950,#2982,.T.);
#2982 = LINE('',#2983,#2984);
#2983 = CARTESIAN_POINT('',(196.3328892442,95.534735772948,18.));
#2984 = VECTOR('',#2985,1.);
#2985 = DIRECTION('',(0.624852553048,-0.780742778993,0.));
#2986 = ORIENTED_EDGE('',*,*,#2949,.F.);
#2987 = PLANE('',#2988);
#2988 = AXIS2_PLACEMENT_3D('',#2989,#2990,#2991);
#2989 = CARTESIAN_POINT('',(196.3328892442,95.534735772948,3.8));
#2990 = DIRECTION('',(0.780742778993,0.624852553048,0.));
#2991 = DIRECTION('',(0.624852553048,-0.780742778993,0.));
#2992 = ADVANCED_FACE('',(#2993),#3011,.F.);
#2993 = FACE_BOUND('',#2994,.F.);
#2994 = EDGE_LOOP('',(#2995,#2996,#3004,#3010));
#2995 = ORIENTED_EDGE('',*,*,#679,.T.);
#2996 = ORIENTED_EDGE('',*,*,#2997,.T.);
#2997 = EDGE_CURVE('',#680,#2998,#3000,.T.);
#2998 = VERTEX_POINT('',#2999);
#2999 = CARTESIAN_POINT('',(193.9446259366,98.429730614289,18.));
#3000 = LINE('',#3001,#3002);
#3001 = CARTESIAN_POINT('',(193.9446259366,98.429730614289,3.8));
#3002 = VECTOR('',#3003,1.);
#3003 = DIRECTION('',(0.,0.,1.));
#3004 = ORIENTED_EDGE('',*,*,#3005,.T.);
#3005 = EDGE_CURVE('',#2998,#2974,#3006,.T.);
#3006 = LINE('',#3007,#3008);
#3007 = CARTESIAN_POINT('',(193.9446259366,98.429730614289,18.));
#3008 = VECTOR('',#3009,1.);
#3009 = DIRECTION('',(0.636365921066,-0.771387331051,0.));
#3010 = ORIENTED_EDGE('',*,*,#2973,.F.);
#3011 = PLANE('',#3012);
#3012 = AXIS2_PLACEMENT_3D('',#3013,#3014,#3015);
#3013 = CARTESIAN_POINT('',(193.9446259366,98.429730614289,3.8));
#3014 = DIRECTION('',(0.771387331051,0.636365921066,0.));
#3015 = DIRECTION('',(0.636365921066,-0.771387331051,0.));
#3016 = ADVANCED_FACE('',(#3017),#3051,.F.);
#3017 = FACE_BOUND('',#3018,.F.);
#3018 = EDGE_LOOP('',(#3019,#3029,#3037,#3043,#3044,#3045));
#3019 = ORIENTED_EDGE('',*,*,#3020,.T.);
#3020 = EDGE_CURVE('',#3021,#3023,#3025,.T.);
#3021 = VERTEX_POINT('',#3022);
#3022 = CARTESIAN_POINT('',(193.81848657884,98.578094018019,14.));
#3023 = VERTEX_POINT('',#3024);
#3024 = CARTESIAN_POINT('',(191.51367889827,101.28897758764,14.));
#3025 = LINE('',#3026,#3027);
#3026 = CARTESIAN_POINT('',(184.49671714326,109.54223294195,14.));
#3027 = VECTOR('',#3028,1.);
#3028 = DIRECTION('',(-0.647739236369,0.761862114603,0.));
#3029 = ORIENTED_EDGE('',*,*,#3030,.T.);
#3030 = EDGE_CURVE('',#3023,#3031,#3033,.T.);
#3031 = VERTEX_POINT('',#3032);
#3032 = CARTESIAN_POINT('',(191.51367889827,101.28897758764,18.));
#3033 = LINE('',#3034,#3035);
#3034 = CARTESIAN_POINT('',(191.51367889827,101.28897758764,3.8));
#3035 = VECTOR('',#3036,1.);
#3036 = DIRECTION('',(0.,0.,1.));
#3037 = ORIENTED_EDGE('',*,*,#3038,.T.);
#3038 = EDGE_CURVE('',#3031,#2998,#3039,.T.);
#3039 = LINE('',#3040,#3041);
#3040 = CARTESIAN_POINT('',(191.51367889827,101.28897758764,18.));
#3041 = VECTOR('',#3042,1.);
#3042 = DIRECTION('',(0.647739236369,-0.761862114603,0.));
#3043 = ORIENTED_EDGE('',*,*,#2997,.F.);
#3044 = ORIENTED_EDGE('',*,*,#687,.T.);
#3045 = ORIENTED_EDGE('',*,*,#3046,.F.);
#3046 = EDGE_CURVE('',#3021,#688,#3047,.T.);
#3047 = LINE('',#3048,#3049);
#3048 = CARTESIAN_POINT('',(193.81848657884,98.578094018019,3.9));
#3049 = VECTOR('',#3050,1.);
#3050 = DIRECTION('',(0.,0.,-1.));
#3051 = PLANE('',#3052);
#3052 = AXIS2_PLACEMENT_3D('',#3053,#3054,#3055);
#3053 = CARTESIAN_POINT('',(191.51367889827,101.28897758764,3.8));
#3054 = DIRECTION('',(0.761862114603,0.647739236369,0.));
#3055 = DIRECTION('',(0.647739236369,-0.761862114603,0.));
#3056 = ADVANCED_FACE('',(#3057),#3075,.F.);
#3057 = FACE_BOUND('',#3058,.F.);
#3058 = EDGE_LOOP('',(#3059,#3060,#3068,#3074));
#3059 = ORIENTED_EDGE('',*,*,#695,.F.);
#3060 = ORIENTED_EDGE('',*,*,#3061,.F.);
#3061 = EDGE_CURVE('',#3062,#696,#3064,.T.);
#3062 = VERTEX_POINT('',#3063);
#3063 = CARTESIAN_POINT('',(165.,92.063276573336,14.));
#3064 = LINE('',#3065,#3066);
#3065 = CARTESIAN_POINT('',(165.,92.063276573336,4.));
#3066 = VECTOR('',#3067,1.);
#3067 = DIRECTION('',(0.,0.,-1.));
#3068 = ORIENTED_EDGE('',*,*,#3069,.T.);
#3069 = EDGE_CURVE('',#3062,#3021,#3070,.T.);
#3070 = LINE('',#3071,#3072);
#3071 = CARTESIAN_POINT('',(140.77174905092,86.586145374741,14.));
#3072 = VECTOR('',#3073,1.);
#3073 = DIRECTION('',(0.975387035788,0.220499728835,0.));
#3074 = ORIENTED_EDGE('',*,*,#3046,.T.);
#3075 = PLANE('',#3076);
#3076 = AXIS2_PLACEMENT_3D('',#3077,#3078,#3079);
#3077 = CARTESIAN_POINT('',(140.77174905092,86.586145374741,4.));
#3078 = DIRECTION('',(-0.220499728835,0.975387035788,0.));
#3079 = DIRECTION('',(0.,0.,1.));
#3080 = ADVANCED_FACE('',(#3081),#3131,.T.);
#3081 = FACE_BOUND('',#3082,.T.);
#3082 = EDGE_LOOP('',(#3083,#3091,#3092,#3093,#3101,#3109,#3117,#3125));
#3083 = ORIENTED_EDGE('',*,*,#3084,.F.);
#3084 = EDGE_CURVE('',#704,#3085,#3087,.T.);
#3085 = VERTEX_POINT('',#3086);
#3086 = CARTESIAN_POINT('',(165.,65.,17.6));
#3087 = LINE('',#3088,#3089);
#3088 = CARTESIAN_POINT('',(165.,65.,4.));
#3089 = VECTOR('',#3090,1.);
#3090 = DIRECTION('',(0.,0.,1.));
#3091 = ORIENTED_EDGE('',*,*,#703,.T.);
#3092 = ORIENTED_EDGE('',*,*,#3061,.F.);
#3093 = ORIENTED_EDGE('',*,*,#3094,.T.);
#3094 = EDGE_CURVE('',#3062,#3095,#3097,.T.);
#3095 = VERTEX_POINT('',#3096);
#3096 = CARTESIAN_POINT('',(165.,99.239914916026,14.));
#3097 = LINE('',#3098,#3099);
#3098 = CARTESIAN_POINT('',(165.,75.793072687371,14.));
#3099 = VECTOR('',#3100,1.);
#3100 = DIRECTION('',(0.,1.,0.));
#3101 = ORIENTED_EDGE('',*,*,#3102,.T.);
#3102 = EDGE_CURVE('',#3095,#3103,#3105,.T.);
#3103 = VERTEX_POINT('',#3104);
#3104 = CARTESIAN_POINT('',(165.,99.239914916026,4.));
#3105 = LINE('',#3106,#3107);
#3106 = CARTESIAN_POINT('',(165.,99.239914916026,4.));
#3107 = VECTOR('',#3108,1.);
#3108 = DIRECTION('',(0.,0.,-1.));
#3109 = ORIENTED_EDGE('',*,*,#3110,.T.);
#3110 = EDGE_CURVE('',#3103,#3111,#3113,.T.);
#3111 = VERTEX_POINT('',#3112);
#3112 = CARTESIAN_POINT('',(165.,115.,4.));
#3113 = LINE('',#3114,#3115);
#3114 = CARTESIAN_POINT('',(165.,65.,4.));
#3115 = VECTOR('',#3116,1.);
#3116 = DIRECTION('',(0.,1.,0.));
#3117 = ORIENTED_EDGE('',*,*,#3118,.T.);
#3118 = EDGE_CURVE('',#3111,#3119,#3121,.T.);
#3119 = VERTEX_POINT('',#3120);
#3120 = CARTESIAN_POINT('',(165.,115.,17.6));
#3121 = LINE('',#3122,#3123);
#3122 = CARTESIAN_POINT('',(165.,115.,4.));
#3123 = VECTOR('',#3124,1.);
#3124 = DIRECTION('',(0.,0.,1.));
#3125 = ORIENTED_EDGE('',*,*,#3126,.T.);
#3126 = EDGE_CURVE('',#3119,#3085,#3127,.T.);
#3127 = LINE('',#3128,#3129);
#3128 = CARTESIAN_POINT('',(165.,47.084778301514,17.6));
#3129 = VECTOR('',#3130,1.);
#3130 = DIRECTION('',(0.,-1.,0.));
#3131 = PLANE('',#3132);
#3132 = AXIS2_PLACEMENT_3D('',#3133,#3134,#3135);
#3133 = CARTESIAN_POINT('',(165.,65.,4.));
#3134 = DIRECTION('',(1.,0.,0.));
#3135 = DIRECTION('',(0.,0.,1.));
#3136 = ADVANCED_FACE('',(#3137),#3148,.F.);
#3137 = FACE_BOUND('',#3138,.F.);
#3138 = EDGE_LOOP('',(#3139,#3140,#3141,#3147));
#3139 = ORIENTED_EDGE('',*,*,#711,.F.);
#3140 = ORIENTED_EDGE('',*,*,#845,.T.);
#3141 = ORIENTED_EDGE('',*,*,#3142,.T.);
#3142 = EDGE_CURVE('',#846,#3085,#3143,.T.);
#3143 = LINE('',#3144,#3145);
#3144 = CARTESIAN_POINT('',(164.06541772421,65.,17.6));
#3145 = VECTOR('',#3146,1.);
#3146 = DIRECTION('',(1.,0.,0.));
#3147 = ORIENTED_EDGE('',*,*,#3084,.F.);
#3148 = PLANE('',#3149);
#3149 = AXIS2_PLACEMENT_3D('',#3150,#3151,#3152);
#3150 = CARTESIAN_POINT('',(140.,65.,4.));
#3151 = DIRECTION('',(0.,1.,0.));
#3152 = DIRECTION('',(0.,0.,1.));
#3153 = ADVANCED_FACE('',(#3154),#3172,.T.);
#3154 = FACE_BOUND('',#3155,.T.);
#3155 = EDGE_LOOP('',(#3156,#3157,#3158,#3166));
#3156 = ORIENTED_EDGE('',*,*,#727,.F.);
#3157 = ORIENTED_EDGE('',*,*,#838,.T.);
#3158 = ORIENTED_EDGE('',*,*,#3159,.T.);
#3159 = EDGE_CURVE('',#831,#3160,#3162,.T.);
#3160 = VERTEX_POINT('',#3161);
#3161 = CARTESIAN_POINT('',(165.,-65.,24.));
#3162 = LINE('',#3163,#3164);
#3163 = CARTESIAN_POINT('',(140.,-65.,24.));
#3164 = VECTOR('',#3165,1.);
#3165 = DIRECTION('',(1.,0.,0.));
#3166 = ORIENTED_EDGE('',*,*,#3167,.F.);
#3167 = EDGE_CURVE('',#728,#3160,#3168,.T.);
#3168 = LINE('',#3169,#3170);
#3169 = CARTESIAN_POINT('',(165.,-65.,4.));
#3170 = VECTOR('',#3171,1.);
#3171 = DIRECTION('',(0.,0.,1.));
#3172 = PLANE('',#3173);
#3173 = AXIS2_PLACEMENT_3D('',#3174,#3175,#3176);
#3174 = CARTESIAN_POINT('',(140.,-65.,4.));
#3175 = DIRECTION('',(0.,1.,0.));
#3176 = DIRECTION('',(0.,0.,1.));
#3177 = ADVANCED_FACE('',(#3178),#3219,.T.);
#3178 = FACE_BOUND('',#3179,.T.);
#3179 = EDGE_LOOP('',(#3180,#3188,#3189,#3197,#3205,#3211,#3212,#3213));
#3180 = ORIENTED_EDGE('',*,*,#3181,.F.);
#3181 = EDGE_CURVE('',#768,#3182,#3184,.T.);
#3182 = VERTEX_POINT('',#3183);
#3183 = CARTESIAN_POINT('',(165.,-115.,24.));
#3184 = LINE('',#3185,#3186);
#3185 = CARTESIAN_POINT('',(165.,-115.,4.));
#3186 = VECTOR('',#3187,1.);
#3187 = DIRECTION('',(0.,0.,1.));
#3188 = ORIENTED_EDGE('',*,*,#767,.T.);
#3189 = ORIENTED_EDGE('',*,*,#3190,.F.);
#3190 = EDGE_CURVE('',#3191,#760,#3193,.T.);
#3191 = VERTEX_POINT('',#3192);
#3192 = CARTESIAN_POINT('',(165.,-99.23991491602,14.));
#3193 = LINE('',#3194,#3195);
#3194 = CARTESIAN_POINT('',(165.,-99.23991491602,4.));
#3195 = VECTOR('',#3196,1.);
#3196 = DIRECTION('',(0.,0.,-1.));
#3197 = ORIENTED_EDGE('',*,*,#3198,.T.);
#3198 = EDGE_CURVE('',#3191,#3199,#3201,.T.);
#3199 = VERTEX_POINT('',#3200);
#3200 = CARTESIAN_POINT('',(165.,-92.06327657333,14.));
#3201 = LINE('',#3202,#3203);
#3202 = CARTESIAN_POINT('',(165.,-104.2069273126,14.));
#3203 = VECTOR('',#3204,1.);
#3204 = DIRECTION('',(0.,1.,0.));
#3205 = ORIENTED_EDGE('',*,*,#3206,.T.);
#3206 = EDGE_CURVE('',#3199,#736,#3207,.T.);
#3207 = LINE('',#3208,#3209);
#3208 = CARTESIAN_POINT('',(165.,-92.06327657333,4.));
#3209 = VECTOR('',#3210,1.);
#3210 = DIRECTION('',(0.,0.,-1.));
#3211 = ORIENTED_EDGE('',*,*,#735,.T.);
#3212 = ORIENTED_EDGE('',*,*,#3167,.T.);
#3213 = ORIENTED_EDGE('',*,*,#3214,.F.);
#3214 = EDGE_CURVE('',#3182,#3160,#3215,.T.);
#3215 = LINE('',#3216,#3217);
#3216 = CARTESIAN_POINT('',(165.,-115.,24.));
#3217 = VECTOR('',#3218,1.);
#3218 = DIRECTION('',(0.,1.,0.));
#3219 = PLANE('',#3220);
#3220 = AXIS2_PLACEMENT_3D('',#3221,#3222,#3223);
#3221 = CARTESIAN_POINT('',(165.,-115.,4.));
#3222 = DIRECTION('',(1.,0.,0.));
#3223 = DIRECTION('',(0.,0.,1.));
#3224 = ADVANCED_FACE('',(#3225),#3243,.T.);
#3225 = FACE_BOUND('',#3226,.T.);
#3226 = EDGE_LOOP('',(#3227,#3228,#3229,#3237));
#3227 = ORIENTED_EDGE('',*,*,#743,.F.);
#3228 = ORIENTED_EDGE('',*,*,#3206,.F.);
#3229 = ORIENTED_EDGE('',*,*,#3230,.T.);
#3230 = EDGE_CURVE('',#3199,#3231,#3233,.T.);
#3231 = VERTEX_POINT('',#3232);
#3232 = CARTESIAN_POINT('',(328.77174905092,-129.0861453747,14.));
#3233 = LINE('',#3234,#3235);
#3234 = CARTESIAN_POINT('',(140.77174905092,-86.58614537474,14.));
#3235 = VECTOR('',#3236,1.);
#3236 = DIRECTION('',(0.975387035788,-0.220499728835,0.));
#3237 = ORIENTED_EDGE('',*,*,#3238,.F.);
#3238 = EDGE_CURVE('',#744,#3231,#3239,.T.);
#3239 = LINE('',#3240,#3241);
#3240 = CARTESIAN_POINT('',(328.77174905092,-129.0861453747,4.));
#3241 = VECTOR('',#3242,1.);
#3242 = DIRECTION('',(0.,0.,1.));
#3243 = PLANE('',#3244);
#3244 = AXIS2_PLACEMENT_3D('',#3245,#3246,#3247);
#3245 = CARTESIAN_POINT('',(140.77174905092,-86.58614537474,4.));
#3246 = DIRECTION('',(0.220499728835,0.975387035788,0.));
#3247 = DIRECTION('',(0.,0.,1.));
#3248 = ADVANCED_FACE('',(#3249),#3267,.T.);
#3249 = FACE_BOUND('',#3250,.T.);
#3250 = EDGE_LOOP('',(#3251,#3259,#3260,#3261));
#3251 = ORIENTED_EDGE('',*,*,#3252,.F.);
#3252 = EDGE_CURVE('',#752,#3253,#3255,.T.);
#3253 = VERTEX_POINT('',#3254);
#3254 = CARTESIAN_POINT('',(327.22825094907,-135.9138546252,14.));
#3255 = LINE('',#3256,#3257);
#3256 = CARTESIAN_POINT('',(327.22825094907,-135.9138546252,4.));
#3257 = VECTOR('',#3258,1.);
#3258 = DIRECTION('',(0.,0.,1.));
#3259 = ORIENTED_EDGE('',*,*,#751,.T.);
#3260 = ORIENTED_EDGE('',*,*,#3238,.T.);
#3261 = ORIENTED_EDGE('',*,*,#3262,.F.);
#3262 = EDGE_CURVE('',#3253,#3231,#3263,.T.);
#3263 = LINE('',#3264,#3265);
#3264 = CARTESIAN_POINT('',(327.22825094907,-135.9138546252,14.));
#3265 = VECTOR('',#3266,1.);
#3266 = DIRECTION('',(0.220499728835,0.975387035788,0.));
#3267 = PLANE('',#3268);
#3268 = AXIS2_PLACEMENT_3D('',#3269,#3270,#3271);
#3269 = CARTESIAN_POINT('',(327.22825094907,-135.9138546252,4.));
#3270 = DIRECTION('',(0.975387035788,-0.220499728835,0.));
#3271 = DIRECTION('',(0.,0.,1.));
#3272 = ADVANCED_FACE('',(#3273),#3284,.F.);
#3273 = FACE_BOUND('',#3274,.F.);
#3274 = EDGE_LOOP('',(#3275,#3276,#3277,#3283));
#3275 = ORIENTED_EDGE('',*,*,#759,.F.);
#3276 = ORIENTED_EDGE('',*,*,#3190,.F.);
#3277 = ORIENTED_EDGE('',*,*,#3278,.T.);
#3278 = EDGE_CURVE('',#3191,#3253,#3279,.T.);
#3279 = LINE('',#3280,#3281);
#3280 = CARTESIAN_POINT('',(139.22825094907,-93.41385462525,14.));
#3281 = VECTOR('',#3282,1.);
#3282 = DIRECTION('',(0.975387035788,-0.220499728835,0.));
#3283 = ORIENTED_EDGE('',*,*,#3252,.F.);
#3284 = PLANE('',#3285);
#3285 = AXIS2_PLACEMENT_3D('',#3286,#3287,#3288);
#3286 = CARTESIAN_POINT('',(139.22825094907,-93.41385462525,4.));
#3287 = DIRECTION('',(0.220499728835,0.975387035788,0.));
#3288 = DIRECTION('',(0.,0.,1.));
#3289 = ADVANCED_FACE('',(#3290),#3301,.F.);
#3290 = FACE_BOUND('',#3291,.F.);
#3291 = EDGE_LOOP('',(#3292,#3293,#3294,#3300));
#3292 = ORIENTED_EDGE('',*,*,#775,.F.);
#3293 = ORIENTED_EDGE('',*,*,#822,.T.);
#3294 = ORIENTED_EDGE('',*,*,#3295,.T.);
#3295 = EDGE_CURVE('',#823,#3182,#3296,.T.);
#3296 = LINE('',#3297,#3298);
#3297 = CARTESIAN_POINT('',(140.,-115.,24.));
#3298 = VECTOR('',#3299,1.);
#3299 = DIRECTION('',(1.,0.,0.));
#3300 = ORIENTED_EDGE('',*,*,#3181,.F.);
#3301 = PLANE('',#3302);
#3302 = AXIS2_PLACEMENT_3D('',#3303,#3304,#3305);
#3303 = CARTESIAN_POINT('',(140.,-115.,4.));
#3304 = DIRECTION('',(0.,1.,0.));
#3305 = DIRECTION('',(0.,0.,1.));
#3306 = ADVANCED_FACE('',(#3307),#3332,.F.);
#3307 = FACE_BOUND('',#3308,.F.);
#3308 = EDGE_LOOP('',(#3309,#3310,#3318,#3326));
#3309 = ORIENTED_EDGE('',*,*,#789,.F.);
#3310 = ORIENTED_EDGE('',*,*,#3311,.T.);
#3311 = EDGE_CURVE('',#790,#3312,#3314,.T.);
#3312 = VERTEX_POINT('',#3313);
#3313 = CARTESIAN_POINT('',(340.,-147.5,0.));
#3314 = LINE('',#3315,#3316);
#3315 = CARTESIAN_POINT('',(140.,-147.5,0.));
#3316 = VECTOR('',#3317,1.);
#3317 = DIRECTION('',(1.,0.,0.));
#3318 = ORIENTED_EDGE('',*,*,#3319,.T.);
#3319 = EDGE_CURVE('',#3312,#3320,#3322,.T.);
#3320 = VERTEX_POINT('',#3321);
#3321 = CARTESIAN_POINT('',(340.,147.5,0.));
#3322 = LINE('',#3323,#3324);
#3323 = CARTESIAN_POINT('',(340.,-147.5,0.));
#3324 = VECTOR('',#3325,1.);
#3325 = DIRECTION('',(0.,1.,0.));
#3326 = ORIENTED_EDGE('',*,*,#3327,.F.);
#3327 = EDGE_CURVE('',#792,#3320,#3328,.T.);
#3328 = LINE('',#3329,#3330);
#3329 = CARTESIAN_POINT('',(140.,147.5,0.));
#3330 = VECTOR('',#3331,1.);
#3331 = DIRECTION('',(1.,0.,0.));
#3332 = PLANE('',#3333);
#3333 = AXIS2_PLACEMENT_3D('',#3334,#3335,#3336);
#3334 = CARTESIAN_POINT('',(140.,-147.5,0.));
#3335 = DIRECTION('',(0.,0.,1.));
#3336 = DIRECTION('',(1.,0.,0.));
#3337 = ADVANCED_FACE('',(#3338),#3356,.T.);
#3338 = FACE_BOUND('',#3339,.T.);
#3339 = EDGE_LOOP('',(#3340,#3341,#3342,#3350));
#3340 = ORIENTED_EDGE('',*,*,#3327,.F.);
#3341 = ORIENTED_EDGE('',*,*,#957,.T.);
#3342 = ORIENTED_EDGE('',*,*,#3343,.T.);
#3343 = EDGE_CURVE('',#950,#3344,#3346,.T.);
#3344 = VERTEX_POINT('',#3345);
#3345 = CARTESIAN_POINT('',(340.,147.5,14.));
#3346 = LINE('',#3347,#3348);
#3347 = CARTESIAN_POINT('',(140.,147.5,14.));
#3348 = VECTOR('',#3349,1.);
#3349 = DIRECTION('',(1.,0.,0.));
#3350 = ORIENTED_EDGE('',*,*,#3351,.F.);
#3351 = EDGE_CURVE('',#3320,#3344,#3352,.T.);
#3352 = LINE('',#3353,#3354);
#3353 = CARTESIAN_POINT('',(340.,147.5,4.));
#3354 = VECTOR('',#3355,1.);
#3355 = DIRECTION('',(0.,0.,1.));
#3356 = PLANE('',#3357);
#3357 = AXIS2_PLACEMENT_3D('',#3358,#3359,#3360);
#3358 = CARTESIAN_POINT('',(240.,147.5,7.));
#3359 = DIRECTION('',(0.,1.,0.));
#3360 = DIRECTION('',(0.,0.,1.));
#3361 = ADVANCED_FACE('',(#3362),#3407,.T.);
#3362 = FACE_BOUND('',#3363,.T.);
#3363 = EDGE_LOOP('',(#3364,#3365,#3366,#3374,#3380,#3381,#3382,#3390,
    #3398,#3404,#3405,#3406));
#3364 = ORIENTED_EDGE('',*,*,#1015,.F.);
#3365 = ORIENTED_EDGE('',*,*,#807,.F.);
#3366 = ORIENTED_EDGE('',*,*,#3367,.T.);
#3367 = EDGE_CURVE('',#800,#3368,#3370,.T.);
#3368 = VERTEX_POINT('',#3369);
#3369 = CARTESIAN_POINT('',(340.,-147.5,14.));
#3370 = LINE('',#3371,#3372);
#3371 = CARTESIAN_POINT('',(140.,-147.5,14.));
#3372 = VECTOR('',#3373,1.);
#3373 = DIRECTION('',(1.,0.,0.));
#3374 = ORIENTED_EDGE('',*,*,#3375,.T.);
#3375 = EDGE_CURVE('',#3368,#3344,#3376,.T.);
#3376 = LINE('',#3377,#3378);
#3377 = CARTESIAN_POINT('',(340.,139.5,14.));
#3378 = VECTOR('',#3379,1.);
#3379 = DIRECTION('',(0.,1.,0.));
#3380 = ORIENTED_EDGE('',*,*,#3343,.F.);
#3381 = ORIENTED_EDGE('',*,*,#949,.F.);
#3382 = ORIENTED_EDGE('',*,*,#3383,.T.);
#3383 = EDGE_CURVE('',#942,#3384,#3386,.T.);
#3384 = VERTEX_POINT('',#3385);
#3385 = CARTESIAN_POINT('',(215.59912917291,139.5,14.));
#3386 = LINE('',#3387,#3388);
#3387 = CARTESIAN_POINT('',(140.,139.5,14.));
#3388 = VECTOR('',#3389,1.);
#3389 = DIRECTION('',(1.,0.,0.));
#3390 = ORIENTED_EDGE('',*,*,#3391,.T.);
#3391 = EDGE_CURVE('',#3384,#3392,#3394,.T.);
#3392 = VERTEX_POINT('',#3393);
#3393 = CARTESIAN_POINT('',(221.78544316927,145.33914648954,14.));
#3394 = LINE('',#3395,#3396);
#3395 = CARTESIAN_POINT('',(200.34093436236,125.09807427859,14.));
#3396 = VECTOR('',#3397,1.);
#3397 = DIRECTION('',(0.727217527524,0.686407071396,0.));
#3398 = ORIENTED_EDGE('',*,*,#3399,.T.);
#3399 = EDGE_CURVE('',#3392,#1103,#3400,.T.);
#3400 = LINE('',#3401,#3402);
#3401 = CARTESIAN_POINT('',(272.56962392894,90.729711724099,14.));
#3402 = VECTOR('',#3403,1.);
#3403 = DIRECTION('',(0.680993992769,-0.732289001565,0.));
#3404 = ORIENTED_EDGE('',*,*,#1110,.T.);
#3405 = ORIENTED_EDGE('',*,*,#1070,.T.);
#3406 = ORIENTED_EDGE('',*,*,#1047,.F.);
#3407 = PLANE('',#3408);
#3408 = AXIS2_PLACEMENT_3D('',#3409,#3410,#3411);
#3409 = CARTESIAN_POINT('',(277.86899563318,0.,14.));
#3410 = DIRECTION('',(0.,0.,1.));
#3411 = DIRECTION('',(1.,0.,0.));
#3412 = ADVANCED_FACE('',(#3413),#3431,.F.);
#3413 = FACE_BOUND('',#3414,.F.);
#3414 = EDGE_LOOP('',(#3415,#3423,#3424,#3425));
#3415 = ORIENTED_EDGE('',*,*,#3416,.F.);
#3416 = EDGE_CURVE('',#934,#3417,#3419,.T.);
#3417 = VERTEX_POINT('',#3418);
#3418 = CARTESIAN_POINT('',(215.59912917291,139.5,4.));
#3419 = LINE('',#3420,#3421);
#3420 = CARTESIAN_POINT('',(140.,139.5,4.));
#3421 = VECTOR('',#3422,1.);
#3422 = DIRECTION('',(1.,0.,0.));
#3423 = ORIENTED_EDGE('',*,*,#941,.T.);
#3424 = ORIENTED_EDGE('',*,*,#3383,.T.);
#3425 = ORIENTED_EDGE('',*,*,#3426,.T.);
#3426 = EDGE_CURVE('',#3384,#3417,#3427,.T.);
#3427 = LINE('',#3428,#3429);
#3428 = CARTESIAN_POINT('',(215.59912917291,139.5,3.9));
#3429 = VECTOR('',#3430,1.);
#3430 = DIRECTION('',(0.,0.,-1.));
#3431 = PLANE('',#3432);
#3432 = AXIS2_PLACEMENT_3D('',#3433,#3434,#3435);
#3433 = CARTESIAN_POINT('',(140.,139.5,4.));
#3434 = DIRECTION('',(0.,1.,0.));
#3435 = DIRECTION('',(0.,0.,1.));
#3436 = ADVANCED_FACE('',(#3437),#3478,.T.);
#3437 = FACE_BOUND('',#3438,.T.);
#3438 = EDGE_LOOP('',(#3439,#3447,#3448,#3449,#3455,#3456,#3464,#3472));
#3439 = ORIENTED_EDGE('',*,*,#3440,.T.);
#3440 = EDGE_CURVE('',#3441,#3417,#3443,.T.);
#3441 = VERTEX_POINT('',#3442);
#3442 = CARTESIAN_POINT('',(183.97013173804,109.64597877695,4.));
#3443 = LINE('',#3444,#3445);
#3444 = CARTESIAN_POINT('',(127.07166202153,55.940573603345,4.));
#3445 = VECTOR('',#3446,1.);
#3446 = DIRECTION('',(0.727217527524,0.686407071396,0.));
#3447 = ORIENTED_EDGE('',*,*,#3416,.F.);
#3448 = ORIENTED_EDGE('',*,*,#933,.F.);
#3449 = ORIENTED_EDGE('',*,*,#3450,.T.);
#3450 = EDGE_CURVE('',#926,#3111,#3451,.T.);
#3451 = LINE('',#3452,#3453);
#3452 = CARTESIAN_POINT('',(140.,115.,4.));
#3453 = VECTOR('',#3454,1.);
#3454 = DIRECTION('',(1.,0.,0.));
#3455 = ORIENTED_EDGE('',*,*,#3110,.F.);
#3456 = ORIENTED_EDGE('',*,*,#3457,.T.);
#3457 = EDGE_CURVE('',#3103,#3458,#3460,.T.);
#3458 = VERTEX_POINT('',#3459);
#3459 = CARTESIAN_POINT('',(188.61868155155,104.57924452209,4.));
#3460 = LINE('',#3461,#3462);
#3461 = CARTESIAN_POINT('',(139.22825094907,93.413854625259,4.));
#3462 = VECTOR('',#3463,1.);
#3463 = DIRECTION('',(0.975387035788,0.220499728835,0.));
#3464 = ORIENTED_EDGE('',*,*,#3465,.T.);
#3465 = EDGE_CURVE('',#3458,#3466,#3468,.T.);
#3466 = VERTEX_POINT('',#3467);
#3467 = CARTESIAN_POINT('',(186.52588293681,106.89771886061,4.));
#3468 = LINE('',#3469,#3470);
#3469 = CARTESIAN_POINT('',(239.34880138599,48.378671663567,4.));
#3470 = VECTOR('',#3471,1.);
#3471 = DIRECTION('',(-0.67005572795,0.742310798414,0.));
#3472 = ORIENTED_EDGE('',*,*,#3473,.T.);
#3473 = EDGE_CURVE('',#3466,#3441,#3474,.T.);
#3474 = LINE('',#3475,#3476);
#3475 = CARTESIAN_POINT('',(237.89184097162,51.662685184655,4.));
#3476 = VECTOR('',#3477,1.);
#3477 = DIRECTION('',(-0.680993992769,0.732289001565,0.));
#3478 = PLANE('',#3479);
#3479 = AXIS2_PLACEMENT_3D('',#3480,#3481,#3482);
#3480 = CARTESIAN_POINT('',(140.,-147.5,4.));
#3481 = DIRECTION('',(0.,0.,1.));
#3482 = DIRECTION('',(1.,0.,0.));
#3483 = ADVANCED_FACE('',(#3484),#3511,.T.);
#3484 = FACE_BOUND('',#3485,.T.);
#3485 = EDGE_LOOP('',(#3486,#3487,#3488,#3496,#3504,#3510));
#3486 = ORIENTED_EDGE('',*,*,#3450,.F.);
#3487 = ORIENTED_EDGE('',*,*,#925,.T.);
#3488 = ORIENTED_EDGE('',*,*,#3489,.T.);
#3489 = EDGE_CURVE('',#918,#3490,#3492,.T.);
#3490 = VERTEX_POINT('',#3491);
#3491 = CARTESIAN_POINT('',(153.71244269563,115.,24.));
#3492 = LINE('',#3493,#3494);
#3493 = CARTESIAN_POINT('',(140.,115.,24.));
#3494 = VECTOR('',#3495,1.);
#3495 = DIRECTION('',(1.,0.,0.));
#3496 = ORIENTED_EDGE('',*,*,#3497,.T.);
#3497 = EDGE_CURVE('',#3490,#3498,#3500,.T.);
#3498 = VERTEX_POINT('',#3499);
#3499 = CARTESIAN_POINT('',(153.71244269563,115.,17.6));
#3500 = LINE('',#3501,#3502);
#3501 = CARTESIAN_POINT('',(153.71244269563,115.,10.8));
#3502 = VECTOR('',#3503,1.);
#3503 = DIRECTION('',(0.,0.,-1.));
#3504 = ORIENTED_EDGE('',*,*,#3505,.T.);
#3505 = EDGE_CURVE('',#3498,#3119,#3506,.T.);
#3506 = LINE('',#3507,#3508);
#3507 = CARTESIAN_POINT('',(164.06541772421,115.,17.6));
#3508 = VECTOR('',#3509,1.);
#3509 = DIRECTION('',(1.,0.,0.));
#3510 = ORIENTED_EDGE('',*,*,#3118,.F.);
#3511 = PLANE('',#3512);
#3512 = AXIS2_PLACEMENT_3D('',#3513,#3514,#3515);
#3513 = CARTESIAN_POINT('',(140.,115.,4.));
#3514 = DIRECTION('',(0.,1.,0.));
#3515 = DIRECTION('',(0.,0.,1.));
#3516 = ADVANCED_FACE('',(#3517),#3527,.T.);
#3517 = FACE_BOUND('',#3518,.T.);
#3518 = EDGE_LOOP('',(#3519,#3520,#3526));
#3519 = ORIENTED_EDGE('',*,*,#917,.F.);
#3520 = ORIENTED_EDGE('',*,*,#3521,.T.);
#3521 = EDGE_CURVE('',#910,#3490,#3522,.T.);
#3522 = LINE('',#3523,#3524);
#3523 = CARTESIAN_POINT('',(143.02539101263,102.55479896285,24.));
#3524 = VECTOR('',#3525,1.);
#3525 = DIRECTION('',(0.651484677469,0.758661792252,-0.));
#3526 = ORIENTED_EDGE('',*,*,#3489,.F.);
#3527 = PLANE('',#3528);
#3528 = AXIS2_PLACEMENT_3D('',#3529,#3530,#3531);
#3529 = CARTESIAN_POINT('',(140.,65.,24.));
#3530 = DIRECTION('',(0.,0.,1.));
#3531 = DIRECTION('',(1.,0.,0.));
#3532 = ADVANCED_FACE('',(#3533),#3544,.T.);
#3533 = FACE_BOUND('',#3534,.T.);
#3534 = EDGE_LOOP('',(#3535,#3541,#3542,#3543));
#3535 = ORIENTED_EDGE('',*,*,#3536,.F.);
#3536 = EDGE_CURVE('',#3498,#902,#3537,.T.);
#3537 = LINE('',#3538,#3539);
#3538 = CARTESIAN_POINT('',(162.87116936722,125.66544806304,17.6));
#3539 = VECTOR('',#3540,1.);
#3540 = DIRECTION('',(-0.651484677469,-0.758661792252,0.));
#3541 = ORIENTED_EDGE('',*,*,#3497,.F.);
#3542 = ORIENTED_EDGE('',*,*,#3521,.F.);
#3543 = ORIENTED_EDGE('',*,*,#909,.F.);
#3544 = PLANE('',#3545);
#3545 = AXIS2_PLACEMENT_3D('',#3546,#3547,#3548);
#3546 = CARTESIAN_POINT('',(162.87116936722,125.66544806304,17.6));
#3547 = DIRECTION('',(0.758661792252,-0.651484677469,0.));
#3548 = DIRECTION('',(-0.651484677469,-0.758661792252,0.));
#3549 = ADVANCED_FACE('',(#3550),#3580,.T.);
#3550 = FACE_BOUND('',#3551,.T.);
#3551 = EDGE_LOOP('',(#3552,#3553,#3554,#3555,#3563,#3571,#3577,#3578,
    #3579));
#3552 = ORIENTED_EDGE('',*,*,#3505,.F.);
#3553 = ORIENTED_EDGE('',*,*,#3536,.T.);
#3554 = ORIENTED_EDGE('',*,*,#901,.F.);
#3555 = ORIENTED_EDGE('',*,*,#3556,.T.);
#3556 = EDGE_CURVE('',#894,#3557,#3559,.T.);
#3557 = VERTEX_POINT('',#3558);
#3558 = CARTESIAN_POINT('',(134.3051733944,92.4,17.6));
#3559 = LINE('',#3560,#3561);
#3560 = CARTESIAN_POINT('',(139.06541772421,92.4,17.6));
#3561 = VECTOR('',#3562,1.);
#3562 = DIRECTION('',(-1.,-0.,0.));
#3563 = ORIENTED_EDGE('',*,*,#3564,.T.);
#3564 = EDGE_CURVE('',#3557,#3565,#3567,.T.);
#3565 = VERTEX_POINT('',#3566);
#3566 = CARTESIAN_POINT('',(130.18327548971,87.6,17.6));
#3567 = LINE('',#3568,#3569);
#3568 = CARTESIAN_POINT('',(162.87116936722,125.66544806304,17.6));
#3569 = VECTOR('',#3570,1.);
#3570 = DIRECTION('',(-0.651484677469,-0.758661792252,0.));
#3571 = ORIENTED_EDGE('',*,*,#3572,.T.);
#3572 = EDGE_CURVE('',#3565,#854,#3573,.T.);
#3573 = LINE('',#3574,#3575);
#3574 = CARTESIAN_POINT('',(139.06541772421,87.6,17.6));
#3575 = VECTOR('',#3576,1.);
#3576 = DIRECTION('',(1.,-0.,0.));
#3577 = ORIENTED_EDGE('',*,*,#853,.F.);
#3578 = ORIENTED_EDGE('',*,*,#3142,.T.);
#3579 = ORIENTED_EDGE('',*,*,#3126,.F.);
#3580 = PLANE('',#3581);
#3581 = AXIS2_PLACEMENT_3D('',#3582,#3583,#3584);
#3582 = CARTESIAN_POINT('',(188.13083544842,29.169556603028,17.6));
#3583 = DIRECTION('',(0.,0.,1.));
#3584 = DIRECTION('',(1.,0.,-0.));
#3585 = ADVANCED_FACE('',(#3586),#3652,.F.);
#3586 = FACE_BOUND('',#3587,.F.);
#3587 = EDGE_LOOP('',(#3588,#3598,#3604,#3605,#3606,#3614,#3622,#3630,
    #3638,#3646));
#3588 = ORIENTED_EDGE('',*,*,#3589,.F.);
#3589 = EDGE_CURVE('',#3590,#3592,#3594,.T.);
#3590 = VERTEX_POINT('',#3591);
#3591 = CARTESIAN_POINT('',(90.,102.,8.));
#3592 = VERTEX_POINT('',#3593);
#3593 = CARTESIAN_POINT('',(90.,90.,20.));
#3594 = LINE('',#3595,#3596);
#3595 = CARTESIAN_POINT('',(90.,102.,8.));
#3596 = VECTOR('',#3597,1.);
#3597 = DIRECTION('',(0.,-0.707106781187,0.707106781187));
#3598 = ORIENTED_EDGE('',*,*,#3599,.T.);
#3599 = EDGE_CURVE('',#3590,#886,#3600,.T.);
#3600 = LINE('',#3601,#3602);
#3601 = CARTESIAN_POINT('',(90.,102.,8.));
#3602 = VECTOR('',#3603,1.);
#3603 = DIRECTION('',(1.,0.,0.));
#3604 = ORIENTED_EDGE('',*,*,#893,.T.);
#3605 = ORIENTED_EDGE('',*,*,#3556,.T.);
#3606 = ORIENTED_EDGE('',*,*,#3607,.T.);
#3607 = EDGE_CURVE('',#3557,#3608,#3610,.T.);
#3608 = VERTEX_POINT('',#3609);
#3609 = CARTESIAN_POINT('',(132.24422444205,90.,20.));
#3610 = LINE('',#3611,#3612);
#3611 = CARTESIAN_POINT('',(140.41445554185,99.514333005293,
    10.485666994707));
#3612 = VECTOR('',#3613,1.);
#3613 = DIRECTION('',(-0.519021883378,-0.60440726525,0.60440726525));
#3614 = ORIENTED_EDGE('',*,*,#3615,.F.);
#3615 = EDGE_CURVE('',#3616,#3608,#3618,.T.);
#3616 = VERTEX_POINT('',#3617);
#3617 = CARTESIAN_POINT('',(119.3,90.,20.));
#3618 = LINE('',#3619,#3620);
#3619 = CARTESIAN_POINT('',(90.,90.,20.));
#3620 = VECTOR('',#3621,1.);
#3621 = DIRECTION('',(1.,0.,0.));
#3622 = ORIENTED_EDGE('',*,*,#3623,.F.);
#3623 = EDGE_CURVE('',#3624,#3616,#3626,.T.);
#3624 = VERTEX_POINT('',#3625);
#3625 = CARTESIAN_POINT('',(119.3,96.3,13.7));
#3626 = LINE('',#3627,#3628);
#3627 = CARTESIAN_POINT('',(119.3,99.675,10.325));
#3628 = VECTOR('',#3629,1.);
#3629 = DIRECTION('',(0.,-0.707106781187,0.707106781187));
#3630 = ORIENTED_EDGE('',*,*,#3631,.F.);
#3631 = EDGE_CURVE('',#3632,#3624,#3634,.T.);
#3632 = VERTEX_POINT('',#3633);
#3633 = CARTESIAN_POINT('',(110.7,96.3,13.7));
#3634 = LINE('',#3635,#3636);
#3635 = CARTESIAN_POINT('',(100.35,96.3,13.7));
#3636 = VECTOR('',#3637,1.);
#3637 = DIRECTION('',(1.,0.,0.));
#3638 = ORIENTED_EDGE('',*,*,#3639,.T.);
#3639 = EDGE_CURVE('',#3632,#3640,#3642,.T.);
#3640 = VERTEX_POINT('',#3641);
#3641 = CARTESIAN_POINT('',(110.7,90.,20.));
#3642 = LINE('',#3643,#3644);
#3643 = CARTESIAN_POINT('',(110.7,99.675,10.325));
#3644 = VECTOR('',#3645,1.);
#3645 = DIRECTION('',(0.,-0.707106781187,0.707106781187));
#3646 = ORIENTED_EDGE('',*,*,#3647,.F.);
#3647 = EDGE_CURVE('',#3592,#3640,#3648,.T.);
#3648 = LINE('',#3649,#3650);
#3649 = CARTESIAN_POINT('',(90.,90.,20.));
#3650 = VECTOR('',#3651,1.);
#3651 = DIRECTION('',(1.,0.,0.));
#3652 = PLANE('',#3653);
#3653 = AXIS2_PLACEMENT_3D('',#3654,#3655,#3656);
#3654 = CARTESIAN_POINT('',(90.,102.,8.));
#3655 = DIRECTION('',(0.,-0.707106781187,-0.707106781187));
#3656 = DIRECTION('',(0.,-0.707106781187,0.707106781187));
#3657 = ADVANCED_FACE('',(#3658),#3676,.F.);
#3658 = FACE_BOUND('',#3659,.F.);
#3659 = EDGE_LOOP('',(#3660,#3668,#3674,#3675));
#3660 = ORIENTED_EDGE('',*,*,#3661,.F.);
#3661 = EDGE_CURVE('',#3662,#3590,#3664,.T.);
#3662 = VERTEX_POINT('',#3663);
#3663 = CARTESIAN_POINT('',(90.,102.,4.));
#3664 = LINE('',#3665,#3666);
#3665 = CARTESIAN_POINT('',(90.,102.,4.));
#3666 = VECTOR('',#3667,1.);
#3667 = DIRECTION('',(0.,0.,1.));
#3668 = ORIENTED_EDGE('',*,*,#3669,.T.);
#3669 = EDGE_CURVE('',#3662,#878,#3670,.T.);
#3670 = LINE('',#3671,#3672);
#3671 = CARTESIAN_POINT('',(90.,102.,4.));
#3672 = VECTOR('',#3673,1.);
#3673 = DIRECTION('',(1.,0.,0.));
#3674 = ORIENTED_EDGE('',*,*,#885,.T.);
#3675 = ORIENTED_EDGE('',*,*,#3599,.F.);
#3676 = PLANE('',#3677);
#3677 = AXIS2_PLACEMENT_3D('',#3678,#3679,#3680);
#3678 = CARTESIAN_POINT('',(90.,102.,4.));
#3679 = DIRECTION('',(0.,-1.,0.));
#3680 = DIRECTION('',(0.,0.,1.));
#3681 = ADVANCED_FACE('',(#3682,#3700),#3734,.T.);
#3682 = FACE_BOUND('',#3683,.T.);
#3683 = EDGE_LOOP('',(#3684,#3692,#3693,#3694));
#3684 = ORIENTED_EDGE('',*,*,#3685,.T.);
#3685 = EDGE_CURVE('',#3686,#3662,#3688,.T.);
#3686 = VERTEX_POINT('',#3687);
#3687 = CARTESIAN_POINT('',(90.,78.,4.));
#3688 = LINE('',#3689,#3690);
#3689 = CARTESIAN_POINT('',(90.,78.,4.));
#3690 = VECTOR('',#3691,1.);
#3691 = DIRECTION('',(0.,1.,0.));
#3692 = ORIENTED_EDGE('',*,*,#3669,.T.);
#3693 = ORIENTED_EDGE('',*,*,#877,.F.);
#3694 = ORIENTED_EDGE('',*,*,#3695,.F.);
#3695 = EDGE_CURVE('',#3686,#870,#3696,.T.);
#3696 = LINE('',#3697,#3698);
#3697 = CARTESIAN_POINT('',(90.,78.,4.));
#3698 = VECTOR('',#3699,1.);
#3699 = DIRECTION('',(1.,0.,0.));
#3700 = FACE_BOUND('',#3701,.T.);
#3701 = EDGE_LOOP('',(#3702,#3712,#3720,#3728));
#3702 = ORIENTED_EDGE('',*,*,#3703,.F.);
#3703 = EDGE_CURVE('',#3704,#3706,#3708,.T.);
#3704 = VERTEX_POINT('',#3705);
#3705 = CARTESIAN_POINT('',(110.7,96.3,4.));
#3706 = VERTEX_POINT('',#3707);
#3707 = CARTESIAN_POINT('',(119.3,96.3,4.));
#3708 = LINE('',#3709,#3710);
#3709 = CARTESIAN_POINT('',(112.85,96.3,4.));
#3710 = VECTOR('',#3711,1.);
#3711 = DIRECTION('',(1.,0.,0.));
#3712 = ORIENTED_EDGE('',*,*,#3713,.T.);
#3713 = EDGE_CURVE('',#3704,#3714,#3716,.T.);
#3714 = VERTEX_POINT('',#3715);
#3715 = CARTESIAN_POINT('',(110.7,83.7,4.));
#3716 = LINE('',#3717,#3718);
#3717 = CARTESIAN_POINT('',(110.7,86.85,4.));
#3718 = VECTOR('',#3719,1.);
#3719 = DIRECTION('',(0.,-1.,0.));
#3720 = ORIENTED_EDGE('',*,*,#3721,.T.);
#3721 = EDGE_CURVE('',#3714,#3722,#3724,.T.);
#3722 = VERTEX_POINT('',#3723);
#3723 = CARTESIAN_POINT('',(119.3,83.7,4.));
#3724 = LINE('',#3725,#3726);
#3725 = CARTESIAN_POINT('',(112.85,83.7,4.));
#3726 = VECTOR('',#3727,1.);
#3727 = DIRECTION('',(1.,0.,0.));
#3728 = ORIENTED_EDGE('',*,*,#3729,.F.);
#3729 = EDGE_CURVE('',#3706,#3722,#3730,.T.);
#3730 = LINE('',#3731,#3732);
#3731 = CARTESIAN_POINT('',(119.3,86.85,4.));
#3732 = VECTOR('',#3733,1.);
#3733 = DIRECTION('',(0.,-1.,0.));
#3734 = PLANE('',#3735);
#3735 = AXIS2_PLACEMENT_3D('',#3736,#3737,#3738);
#3736 = CARTESIAN_POINT('',(115.,90.,4.));
#3737 = DIRECTION('',(-0.,-0.,-1.));
#3738 = DIRECTION('',(-1.,0.,0.));
#3739 = ADVANCED_FACE('',(#3740),#3758,.F.);
#3740 = FACE_BOUND('',#3741,.F.);
#3741 = EDGE_LOOP('',(#3742,#3750,#3756,#3757));
#3742 = ORIENTED_EDGE('',*,*,#3743,.F.);
#3743 = EDGE_CURVE('',#3744,#3686,#3746,.T.);
#3744 = VERTEX_POINT('',#3745);
#3745 = CARTESIAN_POINT('',(90.,78.,8.));
#3746 = LINE('',#3747,#3748);
#3747 = CARTESIAN_POINT('',(90.,78.,8.));
#3748 = VECTOR('',#3749,1.);
#3749 = DIRECTION('',(0.,0.,-1.));
#3750 = ORIENTED_EDGE('',*,*,#3751,.T.);
#3751 = EDGE_CURVE('',#3744,#862,#3752,.T.);
#3752 = LINE('',#3753,#3754);
#3753 = CARTESIAN_POINT('',(90.,78.,8.));
#3754 = VECTOR('',#3755,1.);
#3755 = DIRECTION('',(1.,0.,0.));
#3756 = ORIENTED_EDGE('',*,*,#869,.T.);
#3757 = ORIENTED_EDGE('',*,*,#3695,.F.);
#3758 = PLANE('',#3759);
#3759 = AXIS2_PLACEMENT_3D('',#3760,#3761,#3762);
#3760 = CARTESIAN_POINT('',(90.,78.,8.));
#3761 = DIRECTION('',(0.,1.,0.));
#3762 = DIRECTION('',(0.,0.,-1.));
#3763 = ADVANCED_FACE('',(#3764),#3805,.F.);
#3764 = FACE_BOUND('',#3765,.F.);
#3765 = EDGE_LOOP('',(#3766,#3772,#3773,#3781,#3789,#3795,#3796,#3802,
    #3803,#3804));
#3766 = ORIENTED_EDGE('',*,*,#3767,.F.);
#3767 = EDGE_CURVE('',#3592,#3744,#3768,.T.);
#3768 = LINE('',#3769,#3770);
#3769 = CARTESIAN_POINT('',(90.,90.,20.));
#3770 = VECTOR('',#3771,1.);
#3771 = DIRECTION('',(0.,-0.707106781187,-0.707106781187));
#3772 = ORIENTED_EDGE('',*,*,#3647,.T.);
#3773 = ORIENTED_EDGE('',*,*,#3774,.T.);
#3774 = EDGE_CURVE('',#3640,#3775,#3777,.T.);
#3775 = VERTEX_POINT('',#3776);
#3776 = CARTESIAN_POINT('',(110.7,83.7,13.7));
#3777 = LINE('',#3778,#3779);
#3778 = CARTESIAN_POINT('',(110.7,83.175,13.175));
#3779 = VECTOR('',#3780,1.);
#3780 = DIRECTION('',(0.,-0.707106781187,-0.707106781187));
#3781 = ORIENTED_EDGE('',*,*,#3782,.T.);
#3782 = EDGE_CURVE('',#3775,#3783,#3785,.T.);
#3783 = VERTEX_POINT('',#3784);
#3784 = CARTESIAN_POINT('',(119.3,83.7,13.7));
#3785 = LINE('',#3786,#3787);
#3786 = CARTESIAN_POINT('',(100.35,83.7,13.7));
#3787 = VECTOR('',#3788,1.);
#3788 = DIRECTION('',(1.,0.,0.));
#3789 = ORIENTED_EDGE('',*,*,#3790,.F.);
#3790 = EDGE_CURVE('',#3616,#3783,#3791,.T.);
#3791 = LINE('',#3792,#3793);
#3792 = CARTESIAN_POINT('',(119.3,83.175,13.175));
#3793 = VECTOR('',#3794,1.);
#3794 = DIRECTION('',(0.,-0.707106781187,-0.707106781187));
#3795 = ORIENTED_EDGE('',*,*,#3615,.T.);
#3796 = ORIENTED_EDGE('',*,*,#3797,.T.);
#3797 = EDGE_CURVE('',#3608,#3565,#3798,.T.);
#3798 = LINE('',#3799,#3800);
#3799 = CARTESIAN_POINT('',(135.89716694307,94.253895756354,
    24.253895756354));
#3800 = VECTOR('',#3801,1.);
#3801 = DIRECTION('',(-0.519021883378,-0.60440726525,-0.60440726525));
#3802 = ORIENTED_EDGE('',*,*,#3572,.T.);
#3803 = ORIENTED_EDGE('',*,*,#861,.T.);
#3804 = ORIENTED_EDGE('',*,*,#3751,.F.);
#3805 = PLANE('',#3806);
#3806 = AXIS2_PLACEMENT_3D('',#3807,#3808,#3809);
#3807 = CARTESIAN_POINT('',(90.,90.,20.));
#3808 = DIRECTION('',(0.,0.707106781187,-0.707106781187));
#3809 = DIRECTION('',(0.,-0.707106781187,-0.707106781187));
#3810 = ADVANCED_FACE('',(#3811),#3817,.T.);
#3811 = FACE_BOUND('',#3812,.T.);
#3812 = EDGE_LOOP('',(#3813,#3814,#3815,#3816));
#3813 = ORIENTED_EDGE('',*,*,#830,.F.);
#3814 = ORIENTED_EDGE('',*,*,#3295,.T.);
#3815 = ORIENTED_EDGE('',*,*,#3214,.T.);
#3816 = ORIENTED_EDGE('',*,*,#3159,.F.);
#3817 = PLANE('',#3818);
#3818 = AXIS2_PLACEMENT_3D('',#3819,#3820,#3821);
#3819 = CARTESIAN_POINT('',(140.,-115.,24.));
#3820 = DIRECTION('',(0.,0.,1.));
#3821 = DIRECTION('',(1.,0.,0.));
#3822 = ADVANCED_FACE('',(#3823),#3834,.T.);
#3823 = FACE_BOUND('',#3824,.T.);
#3824 = EDGE_LOOP('',(#3825,#3826,#3832,#3833));
#3825 = ORIENTED_EDGE('',*,*,#3311,.T.);
#3826 = ORIENTED_EDGE('',*,*,#3827,.T.);
#3827 = EDGE_CURVE('',#3312,#3368,#3828,.T.);
#3828 = LINE('',#3829,#3830);
#3829 = CARTESIAN_POINT('',(340.,-147.5,0.));
#3830 = VECTOR('',#3831,1.);
#3831 = DIRECTION('',(0.,0.,1.));
#3832 = ORIENTED_EDGE('',*,*,#3367,.F.);
#3833 = ORIENTED_EDGE('',*,*,#799,.F.);
#3834 = PLANE('',#3835);
#3835 = AXIS2_PLACEMENT_3D('',#3836,#3837,#3838);
#3836 = CARTESIAN_POINT('',(240.,-147.5,7.));
#3837 = DIRECTION('',(-0.,-1.,-0.));
#3838 = DIRECTION('',(0.,0.,-1.));
#3839 = ADVANCED_FACE('',(#3840,#3865),#3899,.T.);
#3840 = FACE_BOUND('',#3841,.T.);
#3841 = EDGE_LOOP('',(#3842,#3852,#3858,#3859));
#3842 = ORIENTED_EDGE('',*,*,#3843,.T.);
#3843 = EDGE_CURVE('',#3844,#3846,#3848,.T.);
#3844 = VERTEX_POINT('',#3845);
#3845 = CARTESIAN_POINT('',(90.,-102.,4.));
#3846 = VERTEX_POINT('',#3847);
#3847 = CARTESIAN_POINT('',(90.,-78.,4.));
#3848 = LINE('',#3849,#3850);
#3849 = CARTESIAN_POINT('',(90.,-102.,4.));
#3850 = VECTOR('',#3851,1.);
#3851 = DIRECTION('',(0.,1.,0.));
#3852 = ORIENTED_EDGE('',*,*,#3853,.T.);
#3853 = EDGE_CURVE('',#3846,#968,#3854,.T.);
#3854 = LINE('',#3855,#3856);
#3855 = CARTESIAN_POINT('',(90.,-78.,4.));
#3856 = VECTOR('',#3857,1.);
#3857 = DIRECTION('',(1.,0.,0.));
#3858 = ORIENTED_EDGE('',*,*,#965,.F.);
#3859 = ORIENTED_EDGE('',*,*,#3860,.F.);
#3860 = EDGE_CURVE('',#3844,#966,#3861,.T.);
#3861 = LINE('',#3862,#3863);
#3862 = CARTESIAN_POINT('',(90.,-102.,4.));
#3863 = VECTOR('',#3864,1.);
#3864 = DIRECTION('',(1.,0.,0.));
#3865 = FACE_BOUND('',#3866,.T.);
#3866 = EDGE_LOOP('',(#3867,#3877,#3885,#3893));
#3867 = ORIENTED_EDGE('',*,*,#3868,.F.);
#3868 = EDGE_CURVE('',#3869,#3871,#3873,.T.);
#3869 = VERTEX_POINT('',#3870);
#3870 = CARTESIAN_POINT('',(110.7,-83.7,4.));
#3871 = VERTEX_POINT('',#3872);
#3872 = CARTESIAN_POINT('',(119.3,-83.7,4.));
#3873 = LINE('',#3874,#3875);
#3874 = CARTESIAN_POINT('',(112.85,-83.7,4.));
#3875 = VECTOR('',#3876,1.);
#3876 = DIRECTION('',(1.,0.,0.));
#3877 = ORIENTED_EDGE('',*,*,#3878,.T.);
#3878 = EDGE_CURVE('',#3869,#3879,#3881,.T.);
#3879 = VERTEX_POINT('',#3880);
#3880 = CARTESIAN_POINT('',(110.7,-96.3,4.));
#3881 = LINE('',#3882,#3883);
#3882 = CARTESIAN_POINT('',(110.7,-93.15,4.));
#3883 = VECTOR('',#3884,1.);
#3884 = DIRECTION('',(0.,-1.,0.));
#3885 = ORIENTED_EDGE('',*,*,#3886,.T.);
#3886 = EDGE_CURVE('',#3879,#3887,#3889,.T.);
#3887 = VERTEX_POINT('',#3888);
#3888 = CARTESIAN_POINT('',(119.3,-96.3,4.));
#3889 = LINE('',#3890,#3891);
#3890 = CARTESIAN_POINT('',(112.85,-96.3,4.));
#3891 = VECTOR('',#3892,1.);
#3892 = DIRECTION('',(1.,0.,0.));
#3893 = ORIENTED_EDGE('',*,*,#3894,.F.);
#3894 = EDGE_CURVE('',#3871,#3887,#3895,.T.);
#3895 = LINE('',#3896,#3897);
#3896 = CARTESIAN_POINT('',(119.3,-93.15,4.));
#3897 = VECTOR('',#3898,1.);
#3898 = DIRECTION('',(0.,-1.,0.));
#3899 = PLANE('',#3900);
#3900 = AXIS2_PLACEMENT_3D('',#3901,#3902,#3903);
#3901 = CARTESIAN_POINT('',(115.,-90.,4.));
#3902 = DIRECTION('',(-0.,-0.,-1.));
#3903 = DIRECTION('',(-1.,0.,0.));
#3904 = ADVANCED_FACE('',(#3905),#3923,.F.);
#3905 = FACE_BOUND('',#3906,.F.);
#3906 = EDGE_LOOP('',(#3907,#3915,#3921,#3922));
#3907 = ORIENTED_EDGE('',*,*,#3908,.F.);
#3908 = EDGE_CURVE('',#3909,#3844,#3911,.T.);
#3909 = VERTEX_POINT('',#3910);
#3910 = CARTESIAN_POINT('',(90.,-102.,8.));
#3911 = LINE('',#3912,#3913);
#3912 = CARTESIAN_POINT('',(90.,-102.,8.));
#3913 = VECTOR('',#3914,1.);
#3914 = DIRECTION('',(0.,0.,-1.));
#3915 = ORIENTED_EDGE('',*,*,#3916,.T.);
#3916 = EDGE_CURVE('',#3909,#992,#3917,.T.);
#3917 = LINE('',#3918,#3919);
#3918 = CARTESIAN_POINT('',(90.,-102.,8.));
#3919 = VECTOR('',#3920,1.);
#3920 = DIRECTION('',(1.,0.,0.));
#3921 = ORIENTED_EDGE('',*,*,#999,.T.);
#3922 = ORIENTED_EDGE('',*,*,#3860,.F.);
#3923 = PLANE('',#3924);
#3924 = AXIS2_PLACEMENT_3D('',#3925,#3926,#3927);
#3925 = CARTESIAN_POINT('',(90.,-102.,8.));
#3926 = DIRECTION('',(0.,1.,0.));
#3927 = DIRECTION('',(0.,0.,-1.));
#3928 = ADVANCED_FACE('',(#3929),#3947,.F.);
#3929 = FACE_BOUND('',#3930,.F.);
#3930 = EDGE_LOOP('',(#3931,#3939,#3940,#3941));
#3931 = ORIENTED_EDGE('',*,*,#3932,.F.);
#3932 = EDGE_CURVE('',#3846,#3933,#3935,.T.);
#3933 = VERTEX_POINT('',#3934);
#3934 = CARTESIAN_POINT('',(90.,-78.,8.));
#3935 = LINE('',#3936,#3937);
#3936 = CARTESIAN_POINT('',(90.,-78.,4.));
#3937 = VECTOR('',#3938,1.);
#3938 = DIRECTION('',(0.,0.,1.));
#3939 = ORIENTED_EDGE('',*,*,#3853,.T.);
#3940 = ORIENTED_EDGE('',*,*,#975,.T.);
#3941 = ORIENTED_EDGE('',*,*,#3942,.F.);
#3942 = EDGE_CURVE('',#3933,#976,#3943,.T.);
#3943 = LINE('',#3944,#3945);
#3944 = CARTESIAN_POINT('',(90.,-78.,8.));
#3945 = VECTOR('',#3946,1.);
#3946 = DIRECTION('',(1.,0.,0.));
#3947 = PLANE('',#3948);
#3948 = AXIS2_PLACEMENT_3D('',#3949,#3950,#3951);
#3949 = CARTESIAN_POINT('',(90.,-78.,4.));
#3950 = DIRECTION('',(0.,-1.,0.));
#3951 = DIRECTION('',(0.,0.,1.));
#3952 = ADVANCED_FACE('',(#3953),#4003,.F.);
#3953 = FACE_BOUND('',#3954,.F.);
#3954 = EDGE_LOOP('',(#3955,#3963,#3971,#3979,#3987,#3995,#4001,#4002));
#3955 = ORIENTED_EDGE('',*,*,#3956,.F.);
#3956 = EDGE_CURVE('',#3957,#3909,#3959,.T.);
#3957 = VERTEX_POINT('',#3958);
#3958 = CARTESIAN_POINT('',(90.,-90.,20.));
#3959 = LINE('',#3960,#3961);
#3960 = CARTESIAN_POINT('',(90.,-90.,20.));
#3961 = VECTOR('',#3962,1.);
#3962 = DIRECTION('',(0.,-0.707106781187,-0.707106781187));
#3963 = ORIENTED_EDGE('',*,*,#3964,.T.);
#3964 = EDGE_CURVE('',#3957,#3965,#3967,.T.);
#3965 = VERTEX_POINT('',#3966);
#3966 = CARTESIAN_POINT('',(110.7,-90.,20.));
#3967 = LINE('',#3968,#3969);
#3968 = CARTESIAN_POINT('',(90.,-90.,20.));
#3969 = VECTOR('',#3970,1.);
#3970 = DIRECTION('',(1.,0.,0.));
#3971 = ORIENTED_EDGE('',*,*,#3972,.T.);
#3972 = EDGE_CURVE('',#3965,#3973,#3975,.T.);
#3973 = VERTEX_POINT('',#3974);
#3974 = CARTESIAN_POINT('',(110.7,-96.3,13.7));
#3975 = LINE('',#3976,#3977);
#3976 = CARTESIAN_POINT('',(110.7,-96.825,13.175));
#3977 = VECTOR('',#3978,1.);
#3978 = DIRECTION('',(0.,-0.707106781187,-0.707106781187));
#3979 = ORIENTED_EDGE('',*,*,#3980,.T.);
#3980 = EDGE_CURVE('',#3973,#3981,#3983,.T.);
#3981 = VERTEX_POINT('',#3982);
#3982 = CARTESIAN_POINT('',(119.3,-96.3,13.7));
#3983 = LINE('',#3984,#3985);
#3984 = CARTESIAN_POINT('',(100.35,-96.3,13.7));
#3985 = VECTOR('',#3986,1.);
#3986 = DIRECTION('',(1.,0.,0.));
#3987 = ORIENTED_EDGE('',*,*,#3988,.F.);
#3988 = EDGE_CURVE('',#3989,#3981,#3991,.T.);
#3989 = VERTEX_POINT('',#3990);
#3990 = CARTESIAN_POINT('',(119.3,-90.,20.));
#3991 = LINE('',#3992,#3993);
#3992 = CARTESIAN_POINT('',(119.3,-96.825,13.175));
#3993 = VECTOR('',#3994,1.);
#3994 = DIRECTION('',(0.,-0.707106781187,-0.707106781187));
#3995 = ORIENTED_EDGE('',*,*,#3996,.T.);
#3996 = EDGE_CURVE('',#3989,#984,#3997,.T.);
#3997 = LINE('',#3998,#3999);
#3998 = CARTESIAN_POINT('',(90.,-90.,20.));
#3999 = VECTOR('',#4000,1.);
#4000 = DIRECTION('',(1.,0.,0.));
#4001 = ORIENTED_EDGE('',*,*,#991,.T.);
#4002 = ORIENTED_EDGE('',*,*,#3916,.F.);
#4003 = PLANE('',#4004);
#4004 = AXIS2_PLACEMENT_3D('',#4005,#4006,#4007);
#4005 = CARTESIAN_POINT('',(90.,-90.,20.));
#4006 = DIRECTION('',(0.,0.707106781187,-0.707106781187));
#4007 = DIRECTION('',(0.,-0.707106781187,-0.707106781187));
#4008 = ADVANCED_FACE('',(#4009),#4043,.F.);
#4009 = FACE_BOUND('',#4010,.F.);
#4010 = EDGE_LOOP('',(#4011,#4017,#4018,#4019,#4020,#4028,#4036,#4042));
#4011 = ORIENTED_EDGE('',*,*,#4012,.F.);
#4012 = EDGE_CURVE('',#3933,#3957,#4013,.T.);
#4013 = LINE('',#4014,#4015);
#4014 = CARTESIAN_POINT('',(90.,-78.,8.));
#4015 = VECTOR('',#4016,1.);
#4016 = DIRECTION('',(0.,-0.707106781187,0.707106781187));
#4017 = ORIENTED_EDGE('',*,*,#3942,.T.);
#4018 = ORIENTED_EDGE('',*,*,#983,.T.);
#4019 = ORIENTED_EDGE('',*,*,#3996,.F.);
#4020 = ORIENTED_EDGE('',*,*,#4021,.F.);
#4021 = EDGE_CURVE('',#4022,#3989,#4024,.T.);
#4022 = VERTEX_POINT('',#4023);
#4023 = CARTESIAN_POINT('',(119.3,-83.7,13.7));
#4024 = LINE('',#4025,#4026);
#4025 = CARTESIAN_POINT('',(119.3,-80.325,10.325));
#4026 = VECTOR('',#4027,1.);
#4027 = DIRECTION('',(0.,-0.707106781187,0.707106781187));
#4028 = ORIENTED_EDGE('',*,*,#4029,.F.);
#4029 = EDGE_CURVE('',#4030,#4022,#4032,.T.);
#4030 = VERTEX_POINT('',#4031);
#4031 = CARTESIAN_POINT('',(110.7,-83.7,13.7));
#4032 = LINE('',#4033,#4034);
#4033 = CARTESIAN_POINT('',(100.35,-83.7,13.7));
#4034 = VECTOR('',#4035,1.);
#4035 = DIRECTION('',(1.,0.,0.));
#4036 = ORIENTED_EDGE('',*,*,#4037,.T.);
#4037 = EDGE_CURVE('',#4030,#3965,#4038,.T.);
#4038 = LINE('',#4039,#4040);
#4039 = CARTESIAN_POINT('',(110.7,-80.325,10.325));
#4040 = VECTOR('',#4041,1.);
#4041 = DIRECTION('',(0.,-0.707106781187,0.707106781187));
#4042 = ORIENTED_EDGE('',*,*,#3964,.F.);
#4043 = PLANE('',#4044);
#4044 = AXIS2_PLACEMENT_3D('',#4045,#4046,#4047);
#4045 = CARTESIAN_POINT('',(90.,-78.,8.));
#4046 = DIRECTION('',(0.,-0.707106781187,-0.707106781187));
#4047 = DIRECTION('',(0.,-0.707106781187,0.707106781187));
#4048 = ADVANCED_FACE('',(#4049),#4166,.T.);
#4049 = FACE_BOUND('',#4050,.T.);
#4050 = EDGE_LOOP('',(#4051,#4052,#4053,#4054,#4055,#4056,#4057,#4058,
    #4059,#4060,#4061,#4062,#4063,#4064,#4065,#4066,#4067,#4068,#4069,
    #4070,#4071,#4072,#4073,#4074,#4075,#4076,#4077,#4078,#4079,#4080,
    #4081,#4082,#4083,#4084,#4085,#4086,#4087,#4088,#4089,#4090,#4098,
    #4106,#4114,#4122,#4128,#4129,#4130,#4131,#4132,#4133,#4134,#4135,
    #4136,#4137,#4138,#4139,#4140,#4141,#4142,#4143,#4144,#4145,#4146,
    #4147,#4148,#4149,#4150,#4151,#4152,#4153,#4154,#4155,#4156,#4157,
    #4158,#4159,#4160,#4161,#4162,#4163,#4164,#4165));
#4051 = ORIENTED_EDGE('',*,*,#2117,.T.);
#4052 = ORIENTED_EDGE('',*,*,#2093,.T.);
#4053 = ORIENTED_EDGE('',*,*,#2069,.T.);
#4054 = ORIENTED_EDGE('',*,*,#2045,.T.);
#4055 = ORIENTED_EDGE('',*,*,#2021,.T.);
#4056 = ORIENTED_EDGE('',*,*,#1997,.T.);
#4057 = ORIENTED_EDGE('',*,*,#1973,.T.);
#4058 = ORIENTED_EDGE('',*,*,#1949,.T.);
#4059 = ORIENTED_EDGE('',*,*,#1925,.T.);
#4060 = ORIENTED_EDGE('',*,*,#1901,.T.);
#4061 = ORIENTED_EDGE('',*,*,#1877,.T.);
#4062 = ORIENTED_EDGE('',*,*,#1853,.T.);
#4063 = ORIENTED_EDGE('',*,*,#1829,.T.);
#4064 = ORIENTED_EDGE('',*,*,#1805,.T.);
#4065 = ORIENTED_EDGE('',*,*,#1781,.T.);
#4066 = ORIENTED_EDGE('',*,*,#1757,.T.);
#4067 = ORIENTED_EDGE('',*,*,#1733,.T.);
#4068 = ORIENTED_EDGE('',*,*,#1709,.T.);
#4069 = ORIENTED_EDGE('',*,*,#1685,.T.);
#4070 = ORIENTED_EDGE('',*,*,#1661,.T.);
#4071 = ORIENTED_EDGE('',*,*,#1637,.T.);
#4072 = ORIENTED_EDGE('',*,*,#1613,.T.);
#4073 = ORIENTED_EDGE('',*,*,#1589,.T.);
#4074 = ORIENTED_EDGE('',*,*,#1565,.T.);
#4075 = ORIENTED_EDGE('',*,*,#1541,.T.);
#4076 = ORIENTED_EDGE('',*,*,#1517,.T.);
#4077 = ORIENTED_EDGE('',*,*,#1493,.T.);
#4078 = ORIENTED_EDGE('',*,*,#1469,.T.);
#4079 = ORIENTED_EDGE('',*,*,#1445,.T.);
#4080 = ORIENTED_EDGE('',*,*,#1421,.T.);
#4081 = ORIENTED_EDGE('',*,*,#1390,.T.);
#4082 = ORIENTED_EDGE('',*,*,#1287,.T.);
#4083 = ORIENTED_EDGE('',*,*,#1254,.T.);
#4084 = ORIENTED_EDGE('',*,*,#1230,.T.);
#4085 = ORIENTED_EDGE('',*,*,#1206,.T.);
#4086 = ORIENTED_EDGE('',*,*,#1182,.T.);
#4087 = ORIENTED_EDGE('',*,*,#1158,.T.);
#4088 = ORIENTED_EDGE('',*,*,#1134,.T.);
#4089 = ORIENTED_EDGE('',*,*,#1094,.T.);
#4090 = ORIENTED_EDGE('',*,*,#4091,.T.);
#4091 = EDGE_CURVE('',#1095,#4092,#4094,.T.);
#4092 = VERTEX_POINT('',#4093);
#4093 = CARTESIAN_POINT('',(221.78544316927,145.33914648954,18.));
#4094 = LINE('',#4095,#4096);
#4095 = CARTESIAN_POINT('',(224.86653251185,142.025978,18.));
#4096 = VECTOR('',#4097,1.);
#4097 = DIRECTION('',(-0.680993992769,0.732289001565,0.));
#4098 = ORIENTED_EDGE('',*,*,#4099,.T.);
#4099 = EDGE_CURVE('',#4092,#4100,#4102,.T.);
#4100 = VERTEX_POINT('',#4101);
#4101 = CARTESIAN_POINT('',(183.97013173804,109.64597877695,18.));
#4102 = LINE('',#4103,#4104);
#4103 = CARTESIAN_POINT('',(221.78544316927,145.33914648954,18.));
#4104 = VECTOR('',#4105,1.);
#4105 = DIRECTION('',(-0.727217527524,-0.686407071396,0.));
#4106 = ORIENTED_EDGE('',*,*,#4107,.T.);
#4107 = EDGE_CURVE('',#4100,#4108,#4110,.T.);
#4108 = VERTEX_POINT('',#4109);
#4109 = CARTESIAN_POINT('',(186.52588293681,106.89771886061,18.));
#4110 = LINE('',#4111,#4112);
#4111 = CARTESIAN_POINT('',(183.97013173804,109.64597877695,18.));
#4112 = VECTOR('',#4113,1.);
#4113 = DIRECTION('',(0.680993992769,-0.732289001565,0.));
#4114 = ORIENTED_EDGE('',*,*,#4115,.T.);
#4115 = EDGE_CURVE('',#4108,#4116,#4118,.T.);
#4116 = VERTEX_POINT('',#4117);
#4117 = CARTESIAN_POINT('',(189.04058313701,104.11184742407,18.));
#4118 = LINE('',#4119,#4120);
#4119 = CARTESIAN_POINT('',(186.52588293681,106.89771886061,18.));
#4120 = VECTOR('',#4121,1.);
#4121 = DIRECTION('',(0.67005572795,-0.742310798414,0.));
#4122 = ORIENTED_EDGE('',*,*,#4123,.T.);
#4123 = EDGE_CURVE('',#4116,#3031,#4124,.T.);
#4124 = LINE('',#4125,#4126);
#4125 = CARTESIAN_POINT('',(189.04058313701,104.11184742407,18.));
#4126 = VECTOR('',#4127,1.);
#4127 = DIRECTION('',(0.658969995893,-0.752169225981,0.));
#4128 = ORIENTED_EDGE('',*,*,#3038,.T.);
#4129 = ORIENTED_EDGE('',*,*,#3005,.T.);
#4130 = ORIENTED_EDGE('',*,*,#2981,.T.);
#4131 = ORIENTED_EDGE('',*,*,#2957,.T.);
#4132 = ORIENTED_EDGE('',*,*,#2933,.T.);
#4133 = ORIENTED_EDGE('',*,*,#2909,.T.);
#4134 = ORIENTED_EDGE('',*,*,#2885,.T.);
#4135 = ORIENTED_EDGE('',*,*,#2861,.T.);
#4136 = ORIENTED_EDGE('',*,*,#2837,.T.);
#4137 = ORIENTED_EDGE('',*,*,#2813,.T.);
#4138 = ORIENTED_EDGE('',*,*,#2789,.T.);
#4139 = ORIENTED_EDGE('',*,*,#2765,.T.);
#4140 = ORIENTED_EDGE('',*,*,#2741,.T.);
#4141 = ORIENTED_EDGE('',*,*,#2717,.T.);
#4142 = ORIENTED_EDGE('',*,*,#2693,.T.);
#4143 = ORIENTED_EDGE('',*,*,#2669,.T.);
#4144 = ORIENTED_EDGE('',*,*,#2645,.T.);
#4145 = ORIENTED_EDGE('',*,*,#2621,.T.);
#4146 = ORIENTED_EDGE('',*,*,#2597,.T.);
#4147 = ORIENTED_EDGE('',*,*,#2573,.T.);
#4148 = ORIENTED_EDGE('',*,*,#2549,.T.);
#4149 = ORIENTED_EDGE('',*,*,#2525,.T.);
#4150 = ORIENTED_EDGE('',*,*,#2501,.T.);
#4151 = ORIENTED_EDGE('',*,*,#2477,.T.);
#4152 = ORIENTED_EDGE('',*,*,#2453,.T.);
#4153 = ORIENTED_EDGE('',*,*,#2429,.T.);
#4154 = ORIENTED_EDGE('',*,*,#2405,.T.);
#4155 = ORIENTED_EDGE('',*,*,#2381,.T.);
#4156 = ORIENTED_EDGE('',*,*,#2357,.T.);
#4157 = ORIENTED_EDGE('',*,*,#2333,.T.);
#4158 = ORIENTED_EDGE('',*,*,#2309,.T.);
#4159 = ORIENTED_EDGE('',*,*,#2285,.T.);
#4160 = ORIENTED_EDGE('',*,*,#2261,.T.);
#4161 = ORIENTED_EDGE('',*,*,#2237,.T.);
#4162 = ORIENTED_EDGE('',*,*,#2213,.T.);
#4163 = ORIENTED_EDGE('',*,*,#2189,.T.);
#4164 = ORIENTED_EDGE('',*,*,#2165,.T.);
#4165 = ORIENTED_EDGE('',*,*,#2141,.T.);
#4166 = PLANE('',#4167);
#4167 = AXIS2_PLACEMENT_3D('',#4168,#4169,#4170);
#4168 = CARTESIAN_POINT('',(246.23463192379,57.944770095596,18.));
#4169 = DIRECTION('',(0.,0.,1.));
#4170 = DIRECTION('',(1.,0.,0.));
#4171 = ADVANCED_FACE('',(#4172),#4183,.F.);
#4172 = FACE_BOUND('',#4173,.F.);
#4173 = EDGE_LOOP('',(#4174,#4175,#4176,#4177));
#4174 = ORIENTED_EDGE('',*,*,#3399,.T.);
#4175 = ORIENTED_EDGE('',*,*,#1102,.T.);
#4176 = ORIENTED_EDGE('',*,*,#4091,.T.);
#4177 = ORIENTED_EDGE('',*,*,#4178,.F.);
#4178 = EDGE_CURVE('',#3392,#4092,#4179,.T.);
#4179 = LINE('',#4180,#4181);
#4180 = CARTESIAN_POINT('',(221.78544316927,145.33914648954,3.8));
#4181 = VECTOR('',#4182,1.);
#4182 = DIRECTION('',(0.,0.,1.));
#4183 = PLANE('',#4184);
#4184 = AXIS2_PLACEMENT_3D('',#4185,#4186,#4187);
#4185 = CARTESIAN_POINT('',(224.86653251185,142.025978,3.8));
#4186 = DIRECTION('',(-0.732289001565,-0.680993992769,0.));
#4187 = DIRECTION('',(-0.680993992769,0.732289001565,0.));
#4188 = ADVANCED_FACE('',(#4189),#4196,.T.);
#4189 = FACE_BOUND('',#4190,.T.);
#4190 = EDGE_LOOP('',(#4191,#4192,#4193,#4194,#4195));
#4191 = ORIENTED_EDGE('',*,*,#1311,.F.);
#4192 = ORIENTED_EDGE('',*,*,#1269,.T.);
#4193 = ORIENTED_EDGE('',*,*,#1397,.T.);
#4194 = ORIENTED_EDGE('',*,*,#1366,.T.);
#4195 = ORIENTED_EDGE('',*,*,#1343,.T.);
#4196 = PLANE('',#4197);
#4197 = AXIS2_PLACEMENT_3D('',#4198,#4199,#4200);
#4198 = CARTESIAN_POINT('',(140.77174905092,86.586145374741,14.));
#4199 = DIRECTION('',(0.,0.,1.));
#4200 = DIRECTION('',(0.975387035788,0.220499728835,0.));
#4201 = ADVANCED_FACE('',(#4202),#4229,.T.);
#4202 = FACE_BOUND('',#4203,.T.);
#4203 = EDGE_LOOP('',(#4204,#4212,#4213,#4214,#4215,#4223));
#4204 = ORIENTED_EDGE('',*,*,#4205,.F.);
#4205 = EDGE_CURVE('',#3095,#4206,#4208,.T.);
#4206 = VERTEX_POINT('',#4207);
#4207 = CARTESIAN_POINT('',(188.61868155155,104.57924452209,14.));
#4208 = LINE('',#4209,#4210);
#4209 = CARTESIAN_POINT('',(139.22825094907,93.413854625259,14.));
#4210 = VECTOR('',#4211,1.);
#4211 = DIRECTION('',(0.975387035788,0.220499728835,0.));
#4212 = ORIENTED_EDGE('',*,*,#3094,.F.);
#4213 = ORIENTED_EDGE('',*,*,#3069,.T.);
#4214 = ORIENTED_EDGE('',*,*,#3020,.T.);
#4215 = ORIENTED_EDGE('',*,*,#4216,.T.);
#4216 = EDGE_CURVE('',#3023,#4217,#4219,.T.);
#4217 = VERTEX_POINT('',#4218);
#4218 = CARTESIAN_POINT('',(189.04058313701,104.11184742407,14.));
#4219 = LINE('',#4220,#4221);
#4220 = CARTESIAN_POINT('',(182.90378678048,111.11658116653,14.));
#4221 = VECTOR('',#4222,1.);
#4222 = DIRECTION('',(-0.658969995893,0.752169225981,0.));
#4223 = ORIENTED_EDGE('',*,*,#4224,.T.);
#4224 = EDGE_CURVE('',#4217,#4206,#4225,.T.);
#4225 = LINE('',#4226,#4227);
#4226 = CARTESIAN_POINT('',(181.30604188983,112.68043843683,14.));
#4227 = VECTOR('',#4228,1.);
#4228 = DIRECTION('',(-0.67005572795,0.742310798414,0.));
#4229 = PLANE('',#4230);
#4230 = AXIS2_PLACEMENT_3D('',#4231,#4232,#4233);
#4231 = CARTESIAN_POINT('',(140.77174905092,86.586145374741,14.));
#4232 = DIRECTION('',(0.,0.,1.));
#4233 = DIRECTION('',(0.975387035788,0.220499728835,0.));
#4234 = ADVANCED_FACE('',(#4235),#4246,.F.);
#4235 = FACE_BOUND('',#4236,.F.);
#4236 = EDGE_LOOP('',(#4237,#4238,#4244,#4245));
#4237 = ORIENTED_EDGE('',*,*,#4216,.T.);
#4238 = ORIENTED_EDGE('',*,*,#4239,.T.);
#4239 = EDGE_CURVE('',#4217,#4116,#4240,.T.);
#4240 = LINE('',#4241,#4242);
#4241 = CARTESIAN_POINT('',(189.04058313701,104.11184742407,3.8));
#4242 = VECTOR('',#4243,1.);
#4243 = DIRECTION('',(0.,0.,1.));
#4244 = ORIENTED_EDGE('',*,*,#4123,.T.);
#4245 = ORIENTED_EDGE('',*,*,#3030,.F.);
#4246 = PLANE('',#4247);
#4247 = AXIS2_PLACEMENT_3D('',#4248,#4249,#4250);
#4248 = CARTESIAN_POINT('',(189.04058313701,104.11184742407,3.8));
#4249 = DIRECTION('',(0.752169225981,0.658969995893,0.));
#4250 = DIRECTION('',(0.658969995893,-0.752169225981,0.));
#4251 = ADVANCED_FACE('',(#4252),#4263,.T.);
#4252 = FACE_BOUND('',#4253,.T.);
#4253 = EDGE_LOOP('',(#4254,#4255,#4256,#4257));
#4254 = ORIENTED_EDGE('',*,*,#3457,.F.);
#4255 = ORIENTED_EDGE('',*,*,#3102,.F.);
#4256 = ORIENTED_EDGE('',*,*,#4205,.T.);
#4257 = ORIENTED_EDGE('',*,*,#4258,.T.);
#4258 = EDGE_CURVE('',#4206,#3458,#4259,.T.);
#4259 = LINE('',#4260,#4261);
#4260 = CARTESIAN_POINT('',(188.61868155155,104.57924452209,3.9));
#4261 = VECTOR('',#4262,1.);
#4262 = DIRECTION('',(0.,0.,-1.));
#4263 = PLANE('',#4264);
#4264 = AXIS2_PLACEMENT_3D('',#4265,#4266,#4267);
#4265 = CARTESIAN_POINT('',(139.22825094907,93.413854625259,4.));
#4266 = DIRECTION('',(-0.220499728835,0.975387035788,0.));
#4267 = DIRECTION('',(0.,0.,1.));
#4268 = ADVANCED_FACE('',(#4269),#4275,.T.);
#4269 = FACE_BOUND('',#4270,.T.);
#4270 = EDGE_LOOP('',(#4271,#4272,#4273,#4274));
#4271 = ORIENTED_EDGE('',*,*,#3230,.F.);
#4272 = ORIENTED_EDGE('',*,*,#3198,.F.);
#4273 = ORIENTED_EDGE('',*,*,#3278,.T.);
#4274 = ORIENTED_EDGE('',*,*,#3262,.T.);
#4275 = PLANE('',#4276);
#4276 = AXIS2_PLACEMENT_3D('',#4277,#4278,#4279);
#4277 = CARTESIAN_POINT('',(139.22825094907,-93.41385462525,14.));
#4278 = DIRECTION('',(0.,0.,1.));
#4279 = DIRECTION('',(0.975387035788,-0.220499728835,0.));
#4280 = ADVANCED_FACE('',(#4281),#4287,.T.);
#4281 = FACE_BOUND('',#4282,.T.);
#4282 = EDGE_LOOP('',(#4283,#4284,#4285,#4286));
#4283 = ORIENTED_EDGE('',*,*,#3827,.F.);
#4284 = ORIENTED_EDGE('',*,*,#3319,.T.);
#4285 = ORIENTED_EDGE('',*,*,#3351,.T.);
#4286 = ORIENTED_EDGE('',*,*,#3375,.F.);
#4287 = PLANE('',#4288);
#4288 = AXIS2_PLACEMENT_3D('',#4289,#4290,#4291);
#4289 = CARTESIAN_POINT('',(340.,0.,7.));
#4290 = DIRECTION('',(1.,0.,0.));
#4291 = DIRECTION('',(0.,0.,1.));
#4292 = ADVANCED_FACE('',(#4293),#4306,.F.);
#4293 = FACE_BOUND('',#4294,.F.);
#4294 = EDGE_LOOP('',(#4295,#4296,#4297,#4298,#4304,#4305));
#4295 = ORIENTED_EDGE('',*,*,#3391,.T.);
#4296 = ORIENTED_EDGE('',*,*,#4178,.T.);
#4297 = ORIENTED_EDGE('',*,*,#4099,.T.);
#4298 = ORIENTED_EDGE('',*,*,#4299,.F.);
#4299 = EDGE_CURVE('',#3441,#4100,#4300,.T.);
#4300 = LINE('',#4301,#4302);
#4301 = CARTESIAN_POINT('',(183.97013173804,109.64597877695,3.8));
#4302 = VECTOR('',#4303,1.);
#4303 = DIRECTION('',(0.,0.,1.));
#4304 = ORIENTED_EDGE('',*,*,#3440,.T.);
#4305 = ORIENTED_EDGE('',*,*,#3426,.F.);
#4306 = PLANE('',#4307);
#4307 = AXIS2_PLACEMENT_3D('',#4308,#4309,#4310);
#4308 = CARTESIAN_POINT('',(221.78544316927,145.33914648954,3.8));
#4309 = DIRECTION('',(0.686407071396,-0.727217527524,0.));
#4310 = DIRECTION('',(-0.727217527524,-0.686407071396,0.));
#4311 = ADVANCED_FACE('',(#4312),#4325,.F.);
#4312 = FACE_BOUND('',#4313,.F.);
#4313 = EDGE_LOOP('',(#4314,#4315,#4321,#4322,#4323,#4324));
#4314 = ORIENTED_EDGE('',*,*,#3465,.T.);
#4315 = ORIENTED_EDGE('',*,*,#4316,.T.);
#4316 = EDGE_CURVE('',#3466,#4108,#4317,.T.);
#4317 = LINE('',#4318,#4319);
#4318 = CARTESIAN_POINT('',(186.52588293681,106.89771886061,3.8));
#4319 = VECTOR('',#4320,1.);
#4320 = DIRECTION('',(0.,0.,1.));
#4321 = ORIENTED_EDGE('',*,*,#4115,.T.);
#4322 = ORIENTED_EDGE('',*,*,#4239,.F.);
#4323 = ORIENTED_EDGE('',*,*,#4224,.T.);
#4324 = ORIENTED_EDGE('',*,*,#4258,.T.);
#4325 = PLANE('',#4326);
#4326 = AXIS2_PLACEMENT_3D('',#4327,#4328,#4329);
#4327 = CARTESIAN_POINT('',(186.52588293681,106.89771886061,3.8));
#4328 = DIRECTION('',(0.742310798414,0.67005572795,0.));
#4329 = DIRECTION('',(0.67005572795,-0.742310798414,0.));
#4330 = ADVANCED_FACE('',(#4331),#4337,.F.);
#4331 = FACE_BOUND('',#4332,.F.);
#4332 = EDGE_LOOP('',(#4333,#4334,#4335,#4336));
#4333 = ORIENTED_EDGE('',*,*,#3473,.T.);
#4334 = ORIENTED_EDGE('',*,*,#4299,.T.);
#4335 = ORIENTED_EDGE('',*,*,#4107,.T.);
#4336 = ORIENTED_EDGE('',*,*,#4316,.F.);
#4337 = PLANE('',#4338);
#4338 = AXIS2_PLACEMENT_3D('',#4339,#4340,#4341);
#4339 = CARTESIAN_POINT('',(183.97013173804,109.64597877695,3.8));
#4340 = DIRECTION('',(0.732289001565,0.680993992769,0.));
#4341 = DIRECTION('',(0.680993992769,-0.732289001565,0.));
#4342 = ADVANCED_FACE('',(#4343),#4348,.T.);
#4343 = FACE_BOUND('',#4344,.T.);
#4344 = EDGE_LOOP('',(#4345,#4346,#4347));
#4345 = ORIENTED_EDGE('',*,*,#3564,.F.);
#4346 = ORIENTED_EDGE('',*,*,#3607,.T.);
#4347 = ORIENTED_EDGE('',*,*,#3797,.T.);
#4348 = PLANE('',#4349);
#4349 = AXIS2_PLACEMENT_3D('',#4350,#4351,#4352);
#4350 = CARTESIAN_POINT('',(162.87116936722,125.66544806304,17.6));
#4351 = DIRECTION('',(0.758661792252,-0.651484677469,0.));
#4352 = DIRECTION('',(-0.651484677469,-0.758661792252,0.));
#4353 = ADVANCED_FACE('',(#4354),#4361,.F.);
#4354 = FACE_BOUND('',#4355,.F.);
#4355 = EDGE_LOOP('',(#4356,#4357,#4358,#4359,#4360));
#4356 = ORIENTED_EDGE('',*,*,#3685,.T.);
#4357 = ORIENTED_EDGE('',*,*,#3661,.T.);
#4358 = ORIENTED_EDGE('',*,*,#3589,.T.);
#4359 = ORIENTED_EDGE('',*,*,#3767,.T.);
#4360 = ORIENTED_EDGE('',*,*,#3743,.T.);
#4361 = PLANE('',#4362);
#4362 = AXIS2_PLACEMENT_3D('',#4363,#4364,#4365);
#4363 = CARTESIAN_POINT('',(90.,90.,9.389826944734));
#4364 = DIRECTION('',(1.,0.,0.));
#4365 = DIRECTION('',(0.,0.,1.));
#4366 = ADVANCED_FACE('',(#4367),#4384,.T.);
#4367 = FACE_BOUND('',#4368,.T.);
#4368 = EDGE_LOOP('',(#4369,#4375,#4376,#4382,#4383));
#4369 = ORIENTED_EDGE('',*,*,#4370,.F.);
#4370 = EDGE_CURVE('',#3714,#3775,#4371,.T.);
#4371 = LINE('',#4372,#4373);
#4372 = CARTESIAN_POINT('',(110.7,83.7,-1.));
#4373 = VECTOR('',#4374,1.);
#4374 = DIRECTION('',(0.,0.,1.));
#4375 = ORIENTED_EDGE('',*,*,#3713,.F.);
#4376 = ORIENTED_EDGE('',*,*,#4377,.T.);
#4377 = EDGE_CURVE('',#3704,#3632,#4378,.T.);
#4378 = LINE('',#4379,#4380);
#4379 = CARTESIAN_POINT('',(110.7,96.3,-1.));
#4380 = VECTOR('',#4381,1.);
#4381 = DIRECTION('',(0.,0.,1.));
#4382 = ORIENTED_EDGE('',*,*,#3639,.T.);
#4383 = ORIENTED_EDGE('',*,*,#3774,.T.);
#4384 = PLANE('',#4385);
#4385 = AXIS2_PLACEMENT_3D('',#4386,#4387,#4388);
#4386 = CARTESIAN_POINT('',(110.7,83.7,-1.));
#4387 = DIRECTION('',(1.,0.,0.));
#4388 = DIRECTION('',(0.,0.,1.));
#4389 = ADVANCED_FACE('',(#4390),#4401,.F.);
#4390 = FACE_BOUND('',#4391,.F.);
#4391 = EDGE_LOOP('',(#4392,#4398,#4399,#4400));
#4392 = ORIENTED_EDGE('',*,*,#4393,.F.);
#4393 = EDGE_CURVE('',#3706,#3624,#4394,.T.);
#4394 = LINE('',#4395,#4396);
#4395 = CARTESIAN_POINT('',(119.3,96.3,-1.));
#4396 = VECTOR('',#4397,1.);
#4397 = DIRECTION('',(0.,0.,1.));
#4398 = ORIENTED_EDGE('',*,*,#3703,.F.);
#4399 = ORIENTED_EDGE('',*,*,#4377,.T.);
#4400 = ORIENTED_EDGE('',*,*,#3631,.T.);
#4401 = PLANE('',#4402);
#4402 = AXIS2_PLACEMENT_3D('',#4403,#4404,#4405);
#4403 = CARTESIAN_POINT('',(110.7,96.3,-1.));
#4404 = DIRECTION('',(0.,1.,0.));
#4405 = DIRECTION('',(0.,0.,1.));
#4406 = ADVANCED_FACE('',(#4407),#4419,.F.);
#4407 = FACE_BOUND('',#4408,.F.);
#4408 = EDGE_LOOP('',(#4409,#4415,#4416,#4417,#4418));
#4409 = ORIENTED_EDGE('',*,*,#4410,.F.);
#4410 = EDGE_CURVE('',#3722,#3783,#4411,.T.);
#4411 = LINE('',#4412,#4413);
#4412 = CARTESIAN_POINT('',(119.3,83.7,-1.));
#4413 = VECTOR('',#4414,1.);
#4414 = DIRECTION('',(0.,0.,1.));
#4415 = ORIENTED_EDGE('',*,*,#3729,.F.);
#4416 = ORIENTED_EDGE('',*,*,#4393,.T.);
#4417 = ORIENTED_EDGE('',*,*,#3623,.T.);
#4418 = ORIENTED_EDGE('',*,*,#3790,.T.);
#4419 = PLANE('',#4420);
#4420 = AXIS2_PLACEMENT_3D('',#4421,#4422,#4423);
#4421 = CARTESIAN_POINT('',(119.3,83.7,-1.));
#4422 = DIRECTION('',(1.,0.,0.));
#4423 = DIRECTION('',(0.,0.,1.));
#4424 = ADVANCED_FACE('',(#4425),#4431,.T.);
#4425 = FACE_BOUND('',#4426,.T.);
#4426 = EDGE_LOOP('',(#4427,#4428,#4429,#4430));
#4427 = ORIENTED_EDGE('',*,*,#4410,.F.);
#4428 = ORIENTED_EDGE('',*,*,#3721,.F.);
#4429 = ORIENTED_EDGE('',*,*,#4370,.T.);
#4430 = ORIENTED_EDGE('',*,*,#3782,.T.);
#4431 = PLANE('',#4432);
#4432 = AXIS2_PLACEMENT_3D('',#4433,#4434,#4435);
#4433 = CARTESIAN_POINT('',(110.7,83.7,-1.));
#4434 = DIRECTION('',(0.,1.,0.));
#4435 = DIRECTION('',(0.,0.,1.));
#4436 = ADVANCED_FACE('',(#4437),#4444,.F.);
#4437 = FACE_BOUND('',#4438,.F.);
#4438 = EDGE_LOOP('',(#4439,#4440,#4441,#4442,#4443));
#4439 = ORIENTED_EDGE('',*,*,#3843,.T.);
#4440 = ORIENTED_EDGE('',*,*,#3932,.T.);
#4441 = ORIENTED_EDGE('',*,*,#4012,.T.);
#4442 = ORIENTED_EDGE('',*,*,#3956,.T.);
#4443 = ORIENTED_EDGE('',*,*,#3908,.T.);
#4444 = PLANE('',#4445);
#4445 = AXIS2_PLACEMENT_3D('',#4446,#4447,#4448);
#4446 = CARTESIAN_POINT('',(90.,-90.,9.389826944734));
#4447 = DIRECTION('',(1.,0.,0.));
#4448 = DIRECTION('',(0.,0.,1.));
#4449 = ADVANCED_FACE('',(#4450),#4466,.F.);
#4450 = FACE_BOUND('',#4451,.F.);
#4451 = EDGE_LOOP('',(#4452,#4458,#4459,#4465));
#4452 = ORIENTED_EDGE('',*,*,#4453,.F.);
#4453 = EDGE_CURVE('',#3871,#4022,#4454,.T.);
#4454 = LINE('',#4455,#4456);
#4455 = CARTESIAN_POINT('',(119.3,-83.7,-1.));
#4456 = VECTOR('',#4457,1.);
#4457 = DIRECTION('',(0.,0.,1.));
#4458 = ORIENTED_EDGE('',*,*,#3868,.F.);
#4459 = ORIENTED_EDGE('',*,*,#4460,.T.);
#4460 = EDGE_CURVE('',#3869,#4030,#4461,.T.);
#4461 = LINE('',#4462,#4463);
#4462 = CARTESIAN_POINT('',(110.7,-83.7,-1.));
#4463 = VECTOR('',#4464,1.);
#4464 = DIRECTION('',(0.,0.,1.));
#4465 = ORIENTED_EDGE('',*,*,#4029,.T.);
#4466 = PLANE('',#4467);
#4467 = AXIS2_PLACEMENT_3D('',#4468,#4469,#4470);
#4468 = CARTESIAN_POINT('',(110.7,-83.7,-1.));
#4469 = DIRECTION('',(0.,1.,0.));
#4470 = DIRECTION('',(0.,0.,1.));
#4471 = ADVANCED_FACE('',(#4472),#4484,.T.);
#4472 = FACE_BOUND('',#4473,.T.);
#4473 = EDGE_LOOP('',(#4474,#4480,#4481,#4482,#4483));
#4474 = ORIENTED_EDGE('',*,*,#4475,.F.);
#4475 = EDGE_CURVE('',#3879,#3973,#4476,.T.);
#4476 = LINE('',#4477,#4478);
#4477 = CARTESIAN_POINT('',(110.7,-96.3,-1.));
#4478 = VECTOR('',#4479,1.);
#4479 = DIRECTION('',(0.,0.,1.));
#4480 = ORIENTED_EDGE('',*,*,#3878,.F.);
#4481 = ORIENTED_EDGE('',*,*,#4460,.T.);
#4482 = ORIENTED_EDGE('',*,*,#4037,.T.);
#4483 = ORIENTED_EDGE('',*,*,#3972,.T.);
#4484 = PLANE('',#4485);
#4485 = AXIS2_PLACEMENT_3D('',#4486,#4487,#4488);
#4486 = CARTESIAN_POINT('',(110.7,-96.3,-1.));
#4487 = DIRECTION('',(1.,0.,0.));
#4488 = DIRECTION('',(0.,0.,1.));
#4489 = ADVANCED_FACE('',(#4490),#4501,.T.);
#4490 = FACE_BOUND('',#4491,.T.);
#4491 = EDGE_LOOP('',(#4492,#4498,#4499,#4500));
#4492 = ORIENTED_EDGE('',*,*,#4493,.F.);
#4493 = EDGE_CURVE('',#3887,#3981,#4494,.T.);
#4494 = LINE('',#4495,#4496);
#4495 = CARTESIAN_POINT('',(119.3,-96.3,-1.));
#4496 = VECTOR('',#4497,1.);
#4497 = DIRECTION('',(0.,0.,1.));
#4498 = ORIENTED_EDGE('',*,*,#3886,.F.);
#4499 = ORIENTED_EDGE('',*,*,#4475,.T.);
#4500 = ORIENTED_EDGE('',*,*,#3980,.T.);
#4501 = PLANE('',#4502);
#4502 = AXIS2_PLACEMENT_3D('',#4503,#4504,#4505);
#4503 = CARTESIAN_POINT('',(110.7,-96.3,-1.));
#4504 = DIRECTION('',(0.,1.,0.));
#4505 = DIRECTION('',(0.,0.,1.));
#4506 = ADVANCED_FACE('',(#4507),#4514,.F.);
#4507 = FACE_BOUND('',#4508,.F.);
#4508 = EDGE_LOOP('',(#4509,#4510,#4511,#4512,#4513));
#4509 = ORIENTED_EDGE('',*,*,#4493,.F.);
#4510 = ORIENTED_EDGE('',*,*,#3894,.F.);
#4511 = ORIENTED_EDGE('',*,*,#4453,.T.);
#4512 = ORIENTED_EDGE('',*,*,#4021,.T.);
#4513 = ORIENTED_EDGE('',*,*,#3988,.T.);
#4514 = PLANE('',#4515);
#4515 = AXIS2_PLACEMENT_3D('',#4516,#4517,#4518);
#4516 = CARTESIAN_POINT('',(119.3,-96.3,-1.));
#4517 = DIRECTION('',(1.,0.,0.));
#4518 = DIRECTION('',(0.,0.,1.));
#4519 = ( GEOMETRIC_REPRESENTATION_CONTEXT(3) 
GLOBAL_UNCERTAINTY_ASSIGNED_CONTEXT((#4523)) 
GLOBAL_UNIT_ASSIGNED_CONTEXT((#4520,#4521,#4522)) REPRESENTATION_CONTEXT
('Context #1','3D Context with UNIT and UNCERTAINTY') );
#4520 = ( LENGTH_UNIT() NAMED_UNIT(*) SI_UNIT(.MILLI.,.METRE.) );
#4521 = ( NAMED_UNIT(*) PLANE_ANGLE_UNIT() SI_UNIT($,.RADIAN.) );
#4522 = ( NAMED_UNIT(*) SI_UNIT($,.STERADIAN.) SOLID_ANGLE_UNIT() );
#4523 = UNCERTAINTY_MEASURE_WITH_UNIT(LENGTH_MEASURE(1.E-07),#4520,
  'distance_accuracy_value','confusion accuracy');
#4524 = PRODUCT_RELATED_PRODUCT_CATEGORY('part',$,(#7));
ENDSEC;
END-ISO-10303-21;
