ISO-10303-21;
HEADER;
FILE_DESCRIPTION(('FreeCAD Model'),'2;1');
FILE_NAME('Open CASCADE Shape Model','2026-09-20T11:46:18',('FreeCAD'),(
    'FreeCAD'),'Open CASCADE STEP processor 7.8','FreeCAD','Unknown');
FILE_SCHEMA(('AUTOMOTIVE_DESIGN { 1 0 10303 214 1 1 1 1 }'));
ENDSEC;
DATA;
#1 = APPLICATION_PROTOCOL_DEFINITION('international standard',
  'automotive_design',2000,#2);
#2 = APPLICATION_CONTEXT(
  'core data for automotive mechanical design processes');
#3 = SHAPE_DEFINITION_REPRESENTATION(#4,#10);
#4 = PRODUCT_DEFINITION_SHAPE('','',#5);
#5 = PRODUCT_DEFINITION('design','',#6,#9);
#6 = PRODUCT_DEFINITION_FORMATION('','',#7);
#7 = PRODUCT('Open CASCADE STEP translator 7.8 1',
  'Open CASCADE STEP translator 7.8 1','',(#8));
#8 = PRODUCT_CONTEXT('',#2,'mechanical');
#9 = PRODUCT_DEFINITION_CONTEXT('part definition',#2,'design');
#10 = ADVANCED_BREP_SHAPE_REPRESENTATION('',(#11,#15),#5932);
#11 = AXIS2_PLACEMENT_3D('',#12,#13,#14);
#12 = CARTESIAN_POINT('',(0.,0.,0.));
#13 = DIRECTION('',(0.,0.,1.));
#14 = DIRECTION('',(1.,0.,-0.));
#15 = MANIFOLD_SOLID_BREP('',#16);
#16 = CLOSED_SHELL('',(#17,#124,#155,#195,#399,#433,#457,#497,#521,#561,
    #592,#616,#640,#657,#746,#770,#1396,#1450,#1610,#1627,#1673,#1731,
    #1762,#1821,#1852,#1901,#1932,#1950,#1981,#2039,#2063,#2119,#2159,
    #2190,#2248,#2272,#2336,#2384,#2409,#2426,#2445,#2457,#2647,#2664,
    #2681,#2698,#2715,#2732,#2765,#2782,#2808,#2848,#2873,#2913,#2938,
    #2962,#2986,#3017,#3059,#3122,#3162,#3204,#3235,#3259,#3283,#3308,
    #3332,#3363,#3381,#3393,#3410,#3427,#3444,#3456,#3471,#3485,#3502,
    #3519,#3533,#3580,#3605,#3645,#3670,#3710,#3745,#3785,#3820,#3860,
    #3885,#3925,#3950,#3990,#4015,#4055,#4080,#4120,#4145,#4185,#4210,
    #4250,#4275,#4315,#4333,#4345,#4376,#4400,#4424,#4441,#4463,#4480,
    #4497,#4509,#4540,#4564,#4588,#4605,#4627,#4644,#4661,#4673,#4695,
    #4713,#4730,#4743,#4765,#4783,#4800,#4813,#4826,#4841,#4887,#4907,
    #4947,#5005,#5029,#5084,#5115,#5145,#5169,#5225,#5265,#5282,#5305,
    #5317,#5329,#5352,#5369,#5387,#5399,#5417,#5540,#5552,#5564,#5577,
    #5591,#5603,#5615,#5627,#5639,#5651,#5663,#5675,#5687,#5709,#5727,
    #5744,#5757,#5788,#5812,#5836,#5853,#5866,#5886,#5898,#5923));
#17 = ADVANCED_FACE('',(#18,#85),#119,.T.);
#18 = FACE_BOUND('',#19,.T.);
#19 = EDGE_LOOP('',(#20,#30,#38,#47,#55,#63,#71,#79));
#20 = ORIENTED_EDGE('',*,*,#21,.F.);
#21 = EDGE_CURVE('',#22,#24,#26,.T.);
#22 = VERTEX_POINT('',#23);
#23 = CARTESIAN_POINT('',(3.5,139.5,4.));
#24 = VERTEX_POINT('',#25);
#25 = CARTESIAN_POINT('',(140.,139.5,4.));
#26 = LINE('',#27,#28);
#27 = CARTESIAN_POINT('',(-140.,139.5,4.));
#28 = VECTOR('',#29,1.);
#29 = DIRECTION('',(1.,0.,0.));
#30 = ORIENTED_EDGE('',*,*,#31,.F.);
#31 = EDGE_CURVE('',#32,#22,#34,.T.);
#32 = VERTEX_POINT('',#33);
#33 = CARTESIAN_POINT('',(3.499999999998,10.918288821889,4.));
#34 = LINE('',#35,#36);
#35 = CARTESIAN_POINT('',(3.5,-64.,4.));
#36 = VECTOR('',#37,1.);
#37 = DIRECTION('',(1.110223024625E-16,1.,0.));
#38 = ORIENTED_EDGE('',*,*,#39,.F.);
#39 = EDGE_CURVE('',#40,#32,#42,.T.);
#40 = VERTEX_POINT('',#41);
#41 = CARTESIAN_POINT('',(41.234240828218,-1.352275513627,4.));
#42 = CIRCLE('',#43,75.);
#43 = AXIS2_PLACEMENT_3D('',#44,#45,#46);
#44 = CARTESIAN_POINT('',(0.,-64.,4.));
#45 = DIRECTION('',(0.,0.,1.));
#46 = DIRECTION('',(1.,0.,0.));
#47 = ORIENTED_EDGE('',*,*,#48,.T.);
#48 = EDGE_CURVE('',#40,#49,#51,.T.);
#49 = VERTEX_POINT('',#50);
#50 = CARTESIAN_POINT('',(89.490441201766,65.,4.));
#51 = LINE('',#52,#53);
#52 = CARTESIAN_POINT('',(-2.830576295061,-61.94139905813,4.));
#53 = VECTOR('',#54,1.);
#54 = DIRECTION('',(0.588171697675,0.808736084303,0.));
#55 = ORIENTED_EDGE('',*,*,#56,.F.);
#56 = EDGE_CURVE('',#57,#49,#59,.T.);
#57 = VERTEX_POINT('',#58);
#58 = CARTESIAN_POINT('',(85.,65.,4.));
#59 = LINE('',#60,#61);
#60 = CARTESIAN_POINT('',(85.,65.,4.));
#61 = VECTOR('',#62,1.);
#62 = DIRECTION('',(1.,0.,0.));
#63 = ORIENTED_EDGE('',*,*,#64,.T.);
#64 = EDGE_CURVE('',#57,#65,#67,.T.);
#65 = VERTEX_POINT('',#66);
#66 = CARTESIAN_POINT('',(85.,115.,4.));
#67 = LINE('',#68,#69);
#68 = CARTESIAN_POINT('',(85.,65.,4.));
#69 = VECTOR('',#70,1.);
#70 = DIRECTION('',(0.,1.,0.));
#71 = ORIENTED_EDGE('',*,*,#72,.T.);
#72 = EDGE_CURVE('',#65,#73,#75,.T.);
#73 = VERTEX_POINT('',#74);
#74 = CARTESIAN_POINT('',(140.,115.,4.));
#75 = LINE('',#76,#77);
#76 = CARTESIAN_POINT('',(85.,115.,4.));
#77 = VECTOR('',#78,1.);
#78 = DIRECTION('',(1.,0.,0.));
#79 = ORIENTED_EDGE('',*,*,#80,.T.);
#80 = EDGE_CURVE('',#73,#24,#81,.T.);
#81 = LINE('',#82,#83);
#82 = CARTESIAN_POINT('',(140.,-147.5,4.));
#83 = VECTOR('',#84,1.);
#84 = DIRECTION('',(0.,1.,0.));
#85 = FACE_BOUND('',#86,.T.);
#86 = EDGE_LOOP('',(#87,#97,#105,#113));
#87 = ORIENTED_EDGE('',*,*,#88,.T.);
#88 = EDGE_CURVE('',#89,#91,#93,.T.);
#89 = VERTEX_POINT('',#90);
#90 = CARTESIAN_POINT('',(51.311741722233,45.745638461995,4.));
#91 = VERTEX_POINT('',#92);
#92 = CARTESIAN_POINT('',(44.504870800578,29.082310215335,4.));
#93 = LINE('',#94,#95);
#94 = CARTESIAN_POINT('',(0.403596990882,-78.87830928883,4.));
#95 = VECTOR('',#96,1.);
#96 = DIRECTION('',(-0.378159495647,-0.925740458148,0.));
#97 = ORIENTED_EDGE('',*,*,#98,.T.);
#98 = EDGE_CURVE('',#91,#99,#101,.T.);
#99 = VERTEX_POINT('',#100);
#100 = CARTESIAN_POINT('',(33.395985302805,33.620224163105,4.));
#101 = LINE('',#102,#103);
#102 = CARTESIAN_POINT('',(-3.646290790015,48.751774611838,4.));
#103 = VECTOR('',#104,1.);
#104 = DIRECTION('',(-0.925740458148,0.378159495647,0.));
#105 = ORIENTED_EDGE('',*,*,#106,.F.);
#106 = EDGE_CURVE('',#107,#99,#109,.T.);
#107 = VERTEX_POINT('',#108);
#108 = CARTESIAN_POINT('',(40.20285622446,50.283552409764,4.));
#109 = LINE('',#110,#111);
#110 = CARTESIAN_POINT('',(-10.70528850689,-74.34039534106,4.));
#111 = VECTOR('',#112,1.);
#112 = DIRECTION('',(-0.378159495647,-0.925740458148,0.));
#113 = ORIENTED_EDGE('',*,*,#114,.F.);
#114 = EDGE_CURVE('',#89,#107,#115,.T.);
#115 = LINE('',#116,#117);
#116 = CARTESIAN_POINT('',(3.16058013164,65.415102858497,4.));
#117 = VECTOR('',#118,1.);
#118 = DIRECTION('',(-0.925740458148,0.378159495647,0.));
#119 = PLANE('',#120);
#120 = AXIS2_PLACEMENT_3D('',#121,#122,#123);
#121 = CARTESIAN_POINT('',(-140.,-147.5,4.));
#122 = DIRECTION('',(0.,0.,1.));
#123 = DIRECTION('',(1.,0.,0.));
#124 = ADVANCED_FACE('',(#125),#150,.F.);
#125 = FACE_BOUND('',#126,.F.);
#126 = EDGE_LOOP('',(#127,#128,#136,#144));
#127 = ORIENTED_EDGE('',*,*,#21,.F.);
#128 = ORIENTED_EDGE('',*,*,#129,.T.);
#129 = EDGE_CURVE('',#22,#130,#132,.T.);
#130 = VERTEX_POINT('',#131);
#131 = CARTESIAN_POINT('',(3.5,139.5,14.));
#132 = LINE('',#133,#134);
#133 = CARTESIAN_POINT('',(3.5,139.5,4.));
#134 = VECTOR('',#135,1.);
#135 = DIRECTION('',(0.,0.,1.));
#136 = ORIENTED_EDGE('',*,*,#137,.T.);
#137 = EDGE_CURVE('',#130,#138,#140,.T.);
#138 = VERTEX_POINT('',#139);
#139 = CARTESIAN_POINT('',(140.,139.5,14.));
#140 = LINE('',#141,#142);
#141 = CARTESIAN_POINT('',(-140.,139.5,14.));
#142 = VECTOR('',#143,1.);
#143 = DIRECTION('',(1.,0.,0.));
#144 = ORIENTED_EDGE('',*,*,#145,.F.);
#145 = EDGE_CURVE('',#24,#138,#146,.T.);
#146 = LINE('',#147,#148);
#147 = CARTESIAN_POINT('',(140.,139.5,4.));
#148 = VECTOR('',#149,1.);
#149 = DIRECTION('',(0.,0.,1.));
#150 = PLANE('',#151);
#151 = AXIS2_PLACEMENT_3D('',#152,#153,#154);
#152 = CARTESIAN_POINT('',(-140.,139.5,4.));
#153 = DIRECTION('',(0.,1.,0.));
#154 = DIRECTION('',(0.,0.,1.));
#155 = ADVANCED_FACE('',(#156),#190,.F.);
#156 = FACE_BOUND('',#157,.F.);
#157 = EDGE_LOOP('',(#158,#159,#167,#175,#183,#189));
#158 = ORIENTED_EDGE('',*,*,#31,.F.);
#159 = ORIENTED_EDGE('',*,*,#160,.T.);
#160 = EDGE_CURVE('',#32,#161,#163,.T.);
#161 = VERTEX_POINT('',#162);
#162 = CARTESIAN_POINT('',(3.5,10.918288821889,10.));
#163 = LINE('',#164,#165);
#164 = CARTESIAN_POINT('',(3.5,10.918288821889,4.));
#165 = VECTOR('',#166,1.);
#166 = DIRECTION('',(0.,0.,1.));
#167 = ORIENTED_EDGE('',*,*,#168,.T.);
#168 = EDGE_CURVE('',#161,#169,#171,.T.);
#169 = VERTEX_POINT('',#170);
#170 = CARTESIAN_POINT('',(3.5,58.94997892773,10.));
#171 = LINE('',#172,#173);
#172 = CARTESIAN_POINT('',(3.5,-15.93458606827,10.));
#173 = VECTOR('',#174,1.);
#174 = DIRECTION('',(1.110223024625E-16,1.,-0.));
#175 = ORIENTED_EDGE('',*,*,#176,.T.);
#176 = EDGE_CURVE('',#169,#177,#179,.T.);
#177 = VERTEX_POINT('',#178);
#178 = CARTESIAN_POINT('',(3.5,58.94997892773,14.));
#179 = LINE('',#180,#181);
#180 = CARTESIAN_POINT('',(3.5,58.94997892773,7.));
#181 = VECTOR('',#182,1.);
#182 = DIRECTION('',(0.,0.,1.));
#183 = ORIENTED_EDGE('',*,*,#184,.T.);
#184 = EDGE_CURVE('',#177,#130,#185,.T.);
#185 = LINE('',#186,#187);
#186 = CARTESIAN_POINT('',(3.5,-64.,14.));
#187 = VECTOR('',#188,1.);
#188 = DIRECTION('',(1.110223024625E-16,1.,0.));
#189 = ORIENTED_EDGE('',*,*,#129,.F.);
#190 = PLANE('',#191);
#191 = AXIS2_PLACEMENT_3D('',#192,#193,#194);
#192 = CARTESIAN_POINT('',(3.5,-64.,4.));
#193 = DIRECTION('',(-1.,1.110223024625E-16,0.));
#194 = DIRECTION('',(0.,0.,1.));
#195 = ADVANCED_FACE('',(#196,#310,#352),#394,.T.);
#196 = FACE_BOUND('',#197,.T.);
#197 = EDGE_LOOP('',(#198,#208,#216,#224,#230,#231,#232,#240,#248,#256,
    #264,#272,#280,#288,#296,#304));
#198 = ORIENTED_EDGE('',*,*,#199,.F.);
#199 = EDGE_CURVE('',#200,#202,#204,.T.);
#200 = VERTEX_POINT('',#201);
#201 = CARTESIAN_POINT('',(140.,-147.5,0.));
#202 = VERTEX_POINT('',#203);
#203 = CARTESIAN_POINT('',(140.,-147.5,14.));
#204 = LINE('',#205,#206);
#205 = CARTESIAN_POINT('',(140.,-147.5,0.));
#206 = VECTOR('',#207,1.);
#207 = DIRECTION('',(0.,0.,1.));
#208 = ORIENTED_EDGE('',*,*,#209,.T.);
#209 = EDGE_CURVE('',#200,#210,#212,.T.);
#210 = VERTEX_POINT('',#211);
#211 = CARTESIAN_POINT('',(140.,147.5,0.));
#212 = LINE('',#213,#214);
#213 = CARTESIAN_POINT('',(140.,-147.5,0.));
#214 = VECTOR('',#215,1.);
#215 = DIRECTION('',(0.,1.,0.));
#216 = ORIENTED_EDGE('',*,*,#217,.T.);
#217 = EDGE_CURVE('',#210,#218,#220,.T.);
#218 = VERTEX_POINT('',#219);
#219 = CARTESIAN_POINT('',(140.,147.5,14.));
#220 = LINE('',#221,#222);
#221 = CARTESIAN_POINT('',(140.,147.5,4.));
#222 = VECTOR('',#223,1.);
#223 = DIRECTION('',(0.,0.,1.));
#224 = ORIENTED_EDGE('',*,*,#225,.F.);
#225 = EDGE_CURVE('',#138,#218,#226,.T.);
#226 = LINE('',#227,#228);
#227 = CARTESIAN_POINT('',(140.,139.5,14.));
#228 = VECTOR('',#229,1.);
#229 = DIRECTION('',(0.,1.,0.));
#230 = ORIENTED_EDGE('',*,*,#145,.F.);
#231 = ORIENTED_EDGE('',*,*,#80,.F.);
#232 = ORIENTED_EDGE('',*,*,#233,.T.);
#233 = EDGE_CURVE('',#73,#234,#236,.T.);
#234 = VERTEX_POINT('',#235);
#235 = CARTESIAN_POINT('',(140.,115.,24.));
#236 = LINE('',#237,#238);
#237 = CARTESIAN_POINT('',(140.,115.,4.));
#238 = VECTOR('',#239,1.);
#239 = DIRECTION('',(0.,0.,1.));
#240 = ORIENTED_EDGE('',*,*,#241,.F.);
#241 = EDGE_CURVE('',#242,#234,#244,.T.);
#242 = VERTEX_POINT('',#243);
#243 = CARTESIAN_POINT('',(140.,65.,24.));
#244 = LINE('',#245,#246);
#245 = CARTESIAN_POINT('',(140.,65.,24.));
#246 = VECTOR('',#247,1.);
#247 = DIRECTION('',(0.,1.,0.));
#248 = ORIENTED_EDGE('',*,*,#249,.F.);
#249 = EDGE_CURVE('',#250,#242,#252,.T.);
#250 = VERTEX_POINT('',#251);
#251 = CARTESIAN_POINT('',(140.,65.,4.));
#252 = LINE('',#253,#254);
#253 = CARTESIAN_POINT('',(140.,65.,4.));
#254 = VECTOR('',#255,1.);
#255 = DIRECTION('',(0.,0.,1.));
#256 = ORIENTED_EDGE('',*,*,#257,.F.);
#257 = EDGE_CURVE('',#258,#250,#260,.T.);
#258 = VERTEX_POINT('',#259);
#259 = CARTESIAN_POINT('',(140.,-65.,4.));
#260 = LINE('',#261,#262);
#261 = CARTESIAN_POINT('',(140.,-147.5,4.));
#262 = VECTOR('',#263,1.);
#263 = DIRECTION('',(0.,1.,0.));
#264 = ORIENTED_EDGE('',*,*,#265,.T.);
#265 = EDGE_CURVE('',#258,#266,#268,.T.);
#266 = VERTEX_POINT('',#267);
#267 = CARTESIAN_POINT('',(140.,-65.,24.));
#268 = LINE('',#269,#270);
#269 = CARTESIAN_POINT('',(140.,-65.,4.));
#270 = VECTOR('',#271,1.);
#271 = DIRECTION('',(0.,0.,1.));
#272 = ORIENTED_EDGE('',*,*,#273,.F.);
#273 = EDGE_CURVE('',#274,#266,#276,.T.);
#274 = VERTEX_POINT('',#275);
#275 = CARTESIAN_POINT('',(140.,-115.,24.));
#276 = LINE('',#277,#278);
#277 = CARTESIAN_POINT('',(140.,-115.,24.));
#278 = VECTOR('',#279,1.);
#279 = DIRECTION('',(0.,1.,0.));
#280 = ORIENTED_EDGE('',*,*,#281,.F.);
#281 = EDGE_CURVE('',#282,#274,#284,.T.);
#282 = VERTEX_POINT('',#283);
#283 = CARTESIAN_POINT('',(140.,-115.,4.));
#284 = LINE('',#285,#286);
#285 = CARTESIAN_POINT('',(140.,-115.,4.));
#286 = VECTOR('',#287,1.);
#287 = DIRECTION('',(0.,0.,1.));
#288 = ORIENTED_EDGE('',*,*,#289,.F.);
#289 = EDGE_CURVE('',#290,#282,#292,.T.);
#290 = VERTEX_POINT('',#291);
#291 = CARTESIAN_POINT('',(140.,-139.5,4.));
#292 = LINE('',#293,#294);
#293 = CARTESIAN_POINT('',(140.,-147.5,4.));
#294 = VECTOR('',#295,1.);
#295 = DIRECTION('',(0.,1.,0.));
#296 = ORIENTED_EDGE('',*,*,#297,.T.);
#297 = EDGE_CURVE('',#290,#298,#300,.T.);
#298 = VERTEX_POINT('',#299);
#299 = CARTESIAN_POINT('',(140.,-139.5,14.));
#300 = LINE('',#301,#302);
#301 = CARTESIAN_POINT('',(140.,-139.5,4.));
#302 = VECTOR('',#303,1.);
#303 = DIRECTION('',(0.,0.,1.));
#304 = ORIENTED_EDGE('',*,*,#305,.F.);
#305 = EDGE_CURVE('',#202,#298,#306,.T.);
#306 = LINE('',#307,#308);
#307 = CARTESIAN_POINT('',(140.,-147.5,14.));
#308 = VECTOR('',#309,1.);
#309 = DIRECTION('',(0.,1.,0.));
#310 = FACE_BOUND('',#311,.T.);
#311 = EDGE_LOOP('',(#312,#322,#330,#338,#346));
#312 = ORIENTED_EDGE('',*,*,#313,.T.);
#313 = EDGE_CURVE('',#314,#316,#318,.T.);
#314 = VERTEX_POINT('',#315);
#315 = CARTESIAN_POINT('',(140.,102.4,8.4));
#316 = VERTEX_POINT('',#317);
#317 = CARTESIAN_POINT('',(140.,102.4,3.6));
#318 = LINE('',#319,#320);
#319 = CARTESIAN_POINT('',(140.,102.4,5.167688022284));
#320 = VECTOR('',#321,1.);
#321 = DIRECTION('',(0.,0.,-1.));
#322 = ORIENTED_EDGE('',*,*,#323,.T.);
#323 = EDGE_CURVE('',#316,#324,#326,.T.);
#324 = VERTEX_POINT('',#325);
#325 = CARTESIAN_POINT('',(140.,77.6,3.6));
#326 = LINE('',#327,#328);
#327 = CARTESIAN_POINT('',(140.,38.8,3.6));
#328 = VECTOR('',#329,1.);
#329 = DIRECTION('',(0.,-1.,0.));
#330 = ORIENTED_EDGE('',*,*,#331,.T.);
#331 = EDGE_CURVE('',#324,#332,#334,.T.);
#332 = VERTEX_POINT('',#333);
#333 = CARTESIAN_POINT('',(140.,77.6,8.4));
#334 = LINE('',#335,#336);
#335 = CARTESIAN_POINT('',(140.,77.6,7.567688022284));
#336 = VECTOR('',#337,1.);
#337 = DIRECTION('',(0.,0.,1.));
#338 = ORIENTED_EDGE('',*,*,#339,.T.);
#339 = EDGE_CURVE('',#332,#340,#342,.T.);
#340 = VERTEX_POINT('',#341);
#341 = CARTESIAN_POINT('',(140.,90.,20.4));
#342 = LINE('',#343,#344);
#343 = CARTESIAN_POINT('',(140.,63.348172950416,-5.392090693146));
#344 = VECTOR('',#345,1.);
#345 = DIRECTION('',(0.,0.718602141767,0.695421427516));
#346 = ORIENTED_EDGE('',*,*,#347,.T.);
#347 = EDGE_CURVE('',#340,#314,#348,.T.);
#348 = LINE('',#349,#350);
#349 = CARTESIAN_POINT('',(140.,76.376813615946,33.583728758762));
#350 = VECTOR('',#351,1.);
#351 = DIRECTION('',(0.,0.718602141767,-0.695421427516));
#352 = FACE_BOUND('',#353,.T.);
#353 = EDGE_LOOP('',(#354,#364,#372,#380,#388));
#354 = ORIENTED_EDGE('',*,*,#355,.T.);
#355 = EDGE_CURVE('',#356,#358,#360,.T.);
#356 = VERTEX_POINT('',#357);
#357 = CARTESIAN_POINT('',(140.,-77.6,8.4));
#358 = VERTEX_POINT('',#359);
#359 = CARTESIAN_POINT('',(140.,-77.6,3.6));
#360 = LINE('',#361,#362);
#361 = CARTESIAN_POINT('',(140.,-77.6,5.167688022284));
#362 = VECTOR('',#363,1.);
#363 = DIRECTION('',(0.,0.,-1.));
#364 = ORIENTED_EDGE('',*,*,#365,.T.);
#365 = EDGE_CURVE('',#358,#366,#368,.T.);
#366 = VERTEX_POINT('',#367);
#367 = CARTESIAN_POINT('',(140.,-102.4,3.6));
#368 = LINE('',#369,#370);
#369 = CARTESIAN_POINT('',(140.,-51.2,3.6));
#370 = VECTOR('',#371,1.);
#371 = DIRECTION('',(0.,-1.,0.));
#372 = ORIENTED_EDGE('',*,*,#373,.T.);
#373 = EDGE_CURVE('',#366,#374,#376,.T.);
#374 = VERTEX_POINT('',#375);
#375 = CARTESIAN_POINT('',(140.,-102.4,8.4));
#376 = LINE('',#377,#378);
#377 = CARTESIAN_POINT('',(140.,-102.4,7.567688022284));
#378 = VECTOR('',#379,1.);
#379 = DIRECTION('',(0.,0.,1.));
#380 = ORIENTED_EDGE('',*,*,#381,.T.);
#381 = EDGE_CURVE('',#374,#382,#384,.T.);
#382 = VERTEX_POINT('',#383);
#383 = CARTESIAN_POINT('',(140.,-90.,20.4));
#384 = LINE('',#385,#386);
#385 = CARTESIAN_POINT('',(140.,-70.17681361594,39.583728758762));
#386 = VECTOR('',#387,1.);
#387 = DIRECTION('',(0.,0.718602141767,0.695421427516));
#388 = ORIENTED_EDGE('',*,*,#389,.T.);
#389 = EDGE_CURVE('',#382,#356,#390,.T.);
#390 = LINE('',#391,#392);
#391 = CARTESIAN_POINT('',(140.,-57.14817295041,-11.39209069314));
#392 = VECTOR('',#393,1.);
#393 = DIRECTION('',(0.,0.718602141767,-0.695421427516));
#394 = PLANE('',#395);
#395 = AXIS2_PLACEMENT_3D('',#396,#397,#398);
#396 = CARTESIAN_POINT('',(140.,0.,6.735376044568));
#397 = DIRECTION('',(1.,0.,0.));
#398 = DIRECTION('',(0.,0.,1.));
#399 = ADVANCED_FACE('',(#400),#428,.T.);
#400 = FACE_BOUND('',#401,.T.);
#401 = EDGE_LOOP('',(#402,#413,#419,#420,#421));
#402 = ORIENTED_EDGE('',*,*,#403,.F.);
#403 = EDGE_CURVE('',#404,#406,#408,.T.);
#404 = VERTEX_POINT('',#405);
#405 = CARTESIAN_POINT('',(41.234240828219,-1.352275513627,10.));
#406 = VERTEX_POINT('',#407);
#407 = CARTESIAN_POINT('',(25.437775014607,6.554373374769,10.));
#408 = CIRCLE('',#409,75.);
#409 = AXIS2_PLACEMENT_3D('',#410,#411,#412);
#410 = CARTESIAN_POINT('',(0.,-64.,10.));
#411 = DIRECTION('',(0.,0.,1.));
#412 = DIRECTION('',(1.,0.,0.));
#413 = ORIENTED_EDGE('',*,*,#414,.F.);
#414 = EDGE_CURVE('',#40,#404,#415,.T.);
#415 = LINE('',#416,#417);
#416 = CARTESIAN_POINT('',(41.234240828219,-1.352275513627,4.));
#417 = VECTOR('',#418,1.);
#418 = DIRECTION('',(0.,0.,1.));
#419 = ORIENTED_EDGE('',*,*,#39,.T.);
#420 = ORIENTED_EDGE('',*,*,#160,.T.);
#421 = ORIENTED_EDGE('',*,*,#422,.F.);
#422 = EDGE_CURVE('',#406,#161,#423,.T.);
#423 = CIRCLE('',#424,75.);
#424 = AXIS2_PLACEMENT_3D('',#425,#426,#427);
#425 = CARTESIAN_POINT('',(0.,-64.,10.));
#426 = DIRECTION('',(0.,0.,1.));
#427 = DIRECTION('',(1.,0.,0.));
#428 = CYLINDRICAL_SURFACE('',#429,75.);
#429 = AXIS2_PLACEMENT_3D('',#430,#431,#432);
#430 = CARTESIAN_POINT('',(0.,-64.,4.));
#431 = DIRECTION('',(0.,0.,1.));
#432 = DIRECTION('',(1.,0.,0.));
#433 = ADVANCED_FACE('',(#434),#452,.T.);
#434 = FACE_BOUND('',#435,.T.);
#435 = EDGE_LOOP('',(#436,#437,#445,#451));
#436 = ORIENTED_EDGE('',*,*,#72,.F.);
#437 = ORIENTED_EDGE('',*,*,#438,.T.);
#438 = EDGE_CURVE('',#65,#439,#441,.T.);
#439 = VERTEX_POINT('',#440);
#440 = CARTESIAN_POINT('',(85.,115.,24.));
#441 = LINE('',#442,#443);
#442 = CARTESIAN_POINT('',(85.,115.,4.));
#443 = VECTOR('',#444,1.);
#444 = DIRECTION('',(0.,0.,1.));
#445 = ORIENTED_EDGE('',*,*,#446,.T.);
#446 = EDGE_CURVE('',#439,#234,#447,.T.);
#447 = LINE('',#448,#449);
#448 = CARTESIAN_POINT('',(85.,115.,24.));
#449 = VECTOR('',#450,1.);
#450 = DIRECTION('',(1.,0.,0.));
#451 = ORIENTED_EDGE('',*,*,#233,.F.);
#452 = PLANE('',#453);
#453 = AXIS2_PLACEMENT_3D('',#454,#455,#456);
#454 = CARTESIAN_POINT('',(85.,115.,4.));
#455 = DIRECTION('',(0.,1.,0.));
#456 = DIRECTION('',(0.,0.,1.));
#457 = ADVANCED_FACE('',(#458),#492,.T.);
#458 = FACE_BOUND('',#459,.T.);
#459 = EDGE_LOOP('',(#460,#461,#469,#477,#485,#491));
#460 = ORIENTED_EDGE('',*,*,#414,.T.);
#461 = ORIENTED_EDGE('',*,*,#462,.T.);
#462 = EDGE_CURVE('',#404,#463,#465,.T.);
#463 = VERTEX_POINT('',#464);
#464 = CARTESIAN_POINT('',(57.127607331397,20.501103428237,10.));
#465 = LINE('',#466,#467);
#466 = CARTESIAN_POINT('',(-2.830576295063,-61.94139905813,10.));
#467 = VECTOR('',#468,1.);
#468 = DIRECTION('',(0.588171697675,0.808736084303,0.));
#469 = ORIENTED_EDGE('',*,*,#470,.T.);
#470 = EDGE_CURVE('',#463,#471,#473,.T.);
#471 = VERTEX_POINT('',#472);
#472 = CARTESIAN_POINT('',(57.127607331397,20.501103428237,14.));
#473 = LINE('',#474,#475);
#474 = CARTESIAN_POINT('',(57.127607331397,20.501103428237,10.));
#475 = VECTOR('',#476,1.);
#476 = DIRECTION('',(0.,0.,1.));
#477 = ORIENTED_EDGE('',*,*,#478,.T.);
#478 = EDGE_CURVE('',#471,#479,#481,.T.);
#479 = VERTEX_POINT('',#480);
#480 = CARTESIAN_POINT('',(89.490441201766,65.,14.));
#481 = LINE('',#482,#483);
#482 = CARTESIAN_POINT('',(-2.830576295061,-61.94139905813,14.));
#483 = VECTOR('',#484,1.);
#484 = DIRECTION('',(0.588171697675,0.808736084303,0.));
#485 = ORIENTED_EDGE('',*,*,#486,.T.);
#486 = EDGE_CURVE('',#479,#49,#487,.T.);
#487 = LINE('',#488,#489);
#488 = CARTESIAN_POINT('',(89.490441201766,65.,4.));
#489 = VECTOR('',#490,1.);
#490 = DIRECTION('',(0.,0.,-1.));
#491 = ORIENTED_EDGE('',*,*,#48,.F.);
#492 = PLANE('',#493);
#493 = AXIS2_PLACEMENT_3D('',#494,#495,#496);
#494 = CARTESIAN_POINT('',(-2.830576295061,-61.94139905813,4.));
#495 = DIRECTION('',(-0.808736084303,0.588171697675,0.));
#496 = DIRECTION('',(0.,0.,1.));
#497 = ADVANCED_FACE('',(#498),#516,.F.);
#498 = FACE_BOUND('',#499,.F.);
#499 = EDGE_LOOP('',(#500,#508,#509,#510));
#500 = ORIENTED_EDGE('',*,*,#501,.F.);
#501 = EDGE_CURVE('',#57,#502,#504,.T.);
#502 = VERTEX_POINT('',#503);
#503 = CARTESIAN_POINT('',(85.,65.,24.));
#504 = LINE('',#505,#506);
#505 = CARTESIAN_POINT('',(85.,65.,4.));
#506 = VECTOR('',#507,1.);
#507 = DIRECTION('',(0.,0.,1.));
#508 = ORIENTED_EDGE('',*,*,#64,.T.);
#509 = ORIENTED_EDGE('',*,*,#438,.T.);
#510 = ORIENTED_EDGE('',*,*,#511,.F.);
#511 = EDGE_CURVE('',#502,#439,#512,.T.);
#512 = LINE('',#513,#514);
#513 = CARTESIAN_POINT('',(85.,65.,24.));
#514 = VECTOR('',#515,1.);
#515 = DIRECTION('',(0.,1.,0.));
#516 = PLANE('',#517);
#517 = AXIS2_PLACEMENT_3D('',#518,#519,#520);
#518 = CARTESIAN_POINT('',(85.,65.,4.));
#519 = DIRECTION('',(1.,0.,0.));
#520 = DIRECTION('',(0.,0.,1.));
#521 = ADVANCED_FACE('',(#522),#556,.F.);
#522 = FACE_BOUND('',#523,.F.);
#523 = EDGE_LOOP('',(#524,#525,#526,#532,#533,#541,#549,#555));
#524 = ORIENTED_EDGE('',*,*,#56,.F.);
#525 = ORIENTED_EDGE('',*,*,#501,.T.);
#526 = ORIENTED_EDGE('',*,*,#527,.T.);
#527 = EDGE_CURVE('',#502,#242,#528,.T.);
#528 = LINE('',#529,#530);
#529 = CARTESIAN_POINT('',(85.,65.,24.));
#530 = VECTOR('',#531,1.);
#531 = DIRECTION('',(1.,0.,0.));
#532 = ORIENTED_EDGE('',*,*,#249,.F.);
#533 = ORIENTED_EDGE('',*,*,#534,.F.);
#534 = EDGE_CURVE('',#535,#250,#537,.T.);
#535 = VERTEX_POINT('',#536);
#536 = CARTESIAN_POINT('',(98.145922434598,65.,4.));
#537 = LINE('',#538,#539);
#538 = CARTESIAN_POINT('',(85.,65.,4.));
#539 = VECTOR('',#540,1.);
#540 = DIRECTION('',(1.,0.,0.));
#541 = ORIENTED_EDGE('',*,*,#542,.F.);
#542 = EDGE_CURVE('',#543,#535,#545,.T.);
#543 = VERTEX_POINT('',#544);
#544 = CARTESIAN_POINT('',(98.145922434598,65.,14.));
#545 = LINE('',#546,#547);
#546 = CARTESIAN_POINT('',(98.145922434598,65.,4.));
#547 = VECTOR('',#548,1.);
#548 = DIRECTION('',(0.,0.,-1.));
#549 = ORIENTED_EDGE('',*,*,#550,.T.);
#550 = EDGE_CURVE('',#543,#479,#551,.T.);
#551 = LINE('',#552,#553);
#552 = CARTESIAN_POINT('',(43.915288147531,65.,14.));
#553 = VECTOR('',#554,1.);
#554 = DIRECTION('',(-1.,0.,0.));
#555 = ORIENTED_EDGE('',*,*,#486,.T.);
#556 = PLANE('',#557);
#557 = AXIS2_PLACEMENT_3D('',#558,#559,#560);
#558 = CARTESIAN_POINT('',(85.,65.,4.));
#559 = DIRECTION('',(0.,1.,0.));
#560 = DIRECTION('',(0.,0.,1.));
#561 = ADVANCED_FACE('',(#562),#587,.F.);
#562 = FACE_BOUND('',#563,.F.);
#563 = EDGE_LOOP('',(#564,#572,#573,#581));
#564 = ORIENTED_EDGE('',*,*,#565,.F.);
#565 = EDGE_CURVE('',#89,#566,#568,.T.);
#566 = VERTEX_POINT('',#567);
#567 = CARTESIAN_POINT('',(51.311741722233,45.745638461995,26.));
#568 = LINE('',#569,#570);
#569 = CARTESIAN_POINT('',(51.311741722233,45.745638461995,3.8));
#570 = VECTOR('',#571,1.);
#571 = DIRECTION('',(0.,0.,1.));
#572 = ORIENTED_EDGE('',*,*,#88,.T.);
#573 = ORIENTED_EDGE('',*,*,#574,.T.);
#574 = EDGE_CURVE('',#91,#575,#577,.T.);
#575 = VERTEX_POINT('',#576);
#576 = CARTESIAN_POINT('',(44.504870800578,29.082310215335,26.));
#577 = LINE('',#578,#579);
#578 = CARTESIAN_POINT('',(44.504870800578,29.082310215335,3.8));
#579 = VECTOR('',#580,1.);
#580 = DIRECTION('',(0.,0.,1.));
#581 = ORIENTED_EDGE('',*,*,#582,.T.);
#582 = EDGE_CURVE('',#575,#566,#583,.T.);
#583 = LINE('',#584,#585);
#584 = CARTESIAN_POINT('',(44.504870800578,29.082310215335,26.));
#585 = VECTOR('',#586,1.);
#586 = DIRECTION('',(0.378159495647,0.925740458148,0.));
#587 = PLANE('',#588);
#588 = AXIS2_PLACEMENT_3D('',#589,#590,#591);
#589 = CARTESIAN_POINT('',(44.504870800578,29.082310215335,3.8));
#590 = DIRECTION('',(-0.925740458148,0.378159495647,0.));
#591 = DIRECTION('',(0.,0.,1.));
#592 = ADVANCED_FACE('',(#593),#611,.T.);
#593 = FACE_BOUND('',#594,.T.);
#594 = EDGE_LOOP('',(#595,#596,#597,#605));
#595 = ORIENTED_EDGE('',*,*,#565,.F.);
#596 = ORIENTED_EDGE('',*,*,#114,.T.);
#597 = ORIENTED_EDGE('',*,*,#598,.T.);
#598 = EDGE_CURVE('',#107,#599,#601,.T.);
#599 = VERTEX_POINT('',#600);
#600 = CARTESIAN_POINT('',(40.20285622446,50.283552409764,26.));
#601 = LINE('',#602,#603);
#602 = CARTESIAN_POINT('',(40.20285622446,50.283552409764,3.8));
#603 = VECTOR('',#604,1.);
#604 = DIRECTION('',(0.,0.,1.));
#605 = ORIENTED_EDGE('',*,*,#606,.F.);
#606 = EDGE_CURVE('',#566,#599,#607,.T.);
#607 = LINE('',#608,#609);
#608 = CARTESIAN_POINT('',(51.311741722233,45.745638461995,26.));
#609 = VECTOR('',#610,1.);
#610 = DIRECTION('',(-0.925740458148,0.378159495647,0.));
#611 = PLANE('',#612);
#612 = AXIS2_PLACEMENT_3D('',#613,#614,#615);
#613 = CARTESIAN_POINT('',(51.311741722233,45.745638461995,3.8));
#614 = DIRECTION('',(0.378159495647,0.925740458148,0.));
#615 = DIRECTION('',(0.,0.,1.));
#616 = ADVANCED_FACE('',(#617),#635,.T.);
#617 = FACE_BOUND('',#618,.T.);
#618 = EDGE_LOOP('',(#619,#620,#621,#629));
#619 = ORIENTED_EDGE('',*,*,#598,.F.);
#620 = ORIENTED_EDGE('',*,*,#106,.T.);
#621 = ORIENTED_EDGE('',*,*,#622,.T.);
#622 = EDGE_CURVE('',#99,#623,#625,.T.);
#623 = VERTEX_POINT('',#624);
#624 = CARTESIAN_POINT('',(33.395985302805,33.620224163105,26.));
#625 = LINE('',#626,#627);
#626 = CARTESIAN_POINT('',(33.395985302805,33.620224163105,3.8));
#627 = VECTOR('',#628,1.);
#628 = DIRECTION('',(0.,0.,1.));
#629 = ORIENTED_EDGE('',*,*,#630,.T.);
#630 = EDGE_CURVE('',#623,#599,#631,.T.);
#631 = LINE('',#632,#633);
#632 = CARTESIAN_POINT('',(33.395985302805,33.620224163105,26.));
#633 = VECTOR('',#634,1.);
#634 = DIRECTION('',(0.378159495647,0.925740458148,0.));
#635 = PLANE('',#636);
#636 = AXIS2_PLACEMENT_3D('',#637,#638,#639);
#637 = CARTESIAN_POINT('',(33.395985302805,33.620224163105,3.8));
#638 = DIRECTION('',(-0.925740458148,0.378159495647,0.));
#639 = DIRECTION('',(0.,0.,1.));
#640 = ADVANCED_FACE('',(#641),#652,.F.);
#641 = FACE_BOUND('',#642,.F.);
#642 = EDGE_LOOP('',(#643,#644,#645,#646));
#643 = ORIENTED_EDGE('',*,*,#574,.F.);
#644 = ORIENTED_EDGE('',*,*,#98,.T.);
#645 = ORIENTED_EDGE('',*,*,#622,.T.);
#646 = ORIENTED_EDGE('',*,*,#647,.F.);
#647 = EDGE_CURVE('',#575,#623,#648,.T.);
#648 = LINE('',#649,#650);
#649 = CARTESIAN_POINT('',(44.504870800578,29.082310215335,26.));
#650 = VECTOR('',#651,1.);
#651 = DIRECTION('',(-0.925740458148,0.378159495647,0.));
#652 = PLANE('',#653);
#653 = AXIS2_PLACEMENT_3D('',#654,#655,#656);
#654 = CARTESIAN_POINT('',(44.504870800578,29.082310215335,3.8));
#655 = DIRECTION('',(0.378159495647,0.925740458148,0.));
#656 = DIRECTION('',(0.,0.,1.));
#657 = ADVANCED_FACE('',(#658),#741,.T.);
#658 = FACE_BOUND('',#659,.T.);
#659 = EDGE_LOOP('',(#660,#670,#678,#686,#694,#702,#710,#718,#726,#732,
    #733,#734,#735));
#660 = ORIENTED_EDGE('',*,*,#661,.F.);
#661 = EDGE_CURVE('',#662,#664,#666,.T.);
#662 = VERTEX_POINT('',#663);
#663 = CARTESIAN_POINT('',(-140.,139.5,14.));
#664 = VERTEX_POINT('',#665);
#665 = CARTESIAN_POINT('',(-140.,147.5,14.));
#666 = LINE('',#667,#668);
#667 = CARTESIAN_POINT('',(-140.,139.5,14.));
#668 = VECTOR('',#669,1.);
#669 = DIRECTION('',(0.,1.,0.));
#670 = ORIENTED_EDGE('',*,*,#671,.T.);
#671 = EDGE_CURVE('',#662,#672,#674,.T.);
#672 = VERTEX_POINT('',#673);
#673 = CARTESIAN_POINT('',(-3.5,139.5,14.));
#674 = LINE('',#675,#676);
#675 = CARTESIAN_POINT('',(-140.,139.5,14.));
#676 = VECTOR('',#677,1.);
#677 = DIRECTION('',(1.,0.,0.));
#678 = ORIENTED_EDGE('',*,*,#679,.F.);
#679 = EDGE_CURVE('',#680,#672,#682,.T.);
#680 = VERTEX_POINT('',#681);
#681 = CARTESIAN_POINT('',(-3.5,58.94997892773,14.));
#682 = LINE('',#683,#684);
#683 = CARTESIAN_POINT('',(-3.5,-64.,14.));
#684 = VECTOR('',#685,1.);
#685 = DIRECTION('',(1.110223024625E-16,1.,0.));
#686 = ORIENTED_EDGE('',*,*,#687,.T.);
#687 = EDGE_CURVE('',#680,#688,#690,.T.);
#688 = VERTEX_POINT('',#689);
#689 = CARTESIAN_POINT('',(-2.364425582849,58.977272256556,14.));
#690 = LINE('',#691,#692);
#691 = CARTESIAN_POINT('',(-0.654924371937,59.018359813632,14.));
#692 = VECTOR('',#693,1.);
#693 = DIRECTION('',(0.999711288748,2.402788273768E-02,-0.));
#694 = ORIENTED_EDGE('',*,*,#695,.T.);
#695 = EDGE_CURVE('',#688,#696,#698,.T.);
#696 = VERTEX_POINT('',#697);
#697 = CARTESIAN_POINT('',(-1.182267407057,58.994317932896,14.));
#698 = LINE('',#699,#700);
#699 = CARTESIAN_POINT('',(-0.274518806754,59.007406865625,14.));
#700 = VECTOR('',#701,1.);
#701 = DIRECTION('',(0.999896060748,1.441761768731E-02,-0.));
#702 = ORIENTED_EDGE('',*,*,#703,.T.);
#703 = EDGE_CURVE('',#696,#704,#706,.T.);
#704 = VERTEX_POINT('',#705);
#705 = CARTESIAN_POINT('',(7.531577814756E-15,59.,14.));
#706 = LINE('',#707,#708);
#707 = CARTESIAN_POINT('',(0.105578611665,59.00050741884,14.));
#708 = VECTOR('',#709,1.);
#709 = DIRECTION('',(0.999988451016,4.806020573991E-03,-0.));
#710 = ORIENTED_EDGE('',*,*,#711,.T.);
#711 = EDGE_CURVE('',#704,#712,#714,.T.);
#712 = VERTEX_POINT('',#713);
#713 = CARTESIAN_POINT('',(1.182267407057,58.994317932896,14.));
#714 = LINE('',#715,#716);
#715 = CARTESIAN_POINT('',(0.485555091864,58.997666385288,14.));
#716 = VECTOR('',#717,1.);
#717 = DIRECTION('',(0.999988451016,-4.806020573991E-03,0.));
#718 = ORIENTED_EDGE('',*,*,#719,.T.);
#719 = EDGE_CURVE('',#712,#720,#722,.T.);
#720 = VERTEX_POINT('',#721);
#721 = CARTESIAN_POINT('',(2.364425582849,58.977272256556,14.));
#722 = LINE('',#723,#724);
#723 = CARTESIAN_POINT('',(0.865597894651,58.998884027455,14.));
#724 = VECTOR('',#725,1.);
#725 = DIRECTION('',(0.999896060748,-1.441761768731E-02,0.));
#726 = ORIENTED_EDGE('',*,*,#727,.T.);
#727 = EDGE_CURVE('',#720,#177,#728,.T.);
#728 = LINE('',#729,#730);
#729 = CARTESIAN_POINT('',(1.245894233615,59.004155958281,14.));
#730 = VECTOR('',#731,1.);
#731 = DIRECTION('',(0.999711288748,-2.402788273768E-02,0.));
#732 = ORIENTED_EDGE('',*,*,#184,.T.);
#733 = ORIENTED_EDGE('',*,*,#137,.T.);
#734 = ORIENTED_EDGE('',*,*,#225,.T.);
#735 = ORIENTED_EDGE('',*,*,#736,.F.);
#736 = EDGE_CURVE('',#664,#218,#737,.T.);
#737 = LINE('',#738,#739);
#738 = CARTESIAN_POINT('',(-140.,147.5,14.));
#739 = VECTOR('',#740,1.);
#740 = DIRECTION('',(1.,0.,0.));
#741 = PLANE('',#742);
#742 = AXIS2_PLACEMENT_3D('',#743,#744,#745);
#743 = CARTESIAN_POINT('',(3.809722833574E-15,102.93648731995,14.));
#744 = DIRECTION('',(0.,0.,1.));
#745 = DIRECTION('',(1.,0.,0.));
#746 = ADVANCED_FACE('',(#747),#765,.T.);
#747 = FACE_BOUND('',#748,.T.);
#748 = EDGE_LOOP('',(#749,#757,#758,#759));
#749 = ORIENTED_EDGE('',*,*,#750,.F.);
#750 = EDGE_CURVE('',#169,#751,#753,.T.);
#751 = VERTEX_POINT('',#752);
#752 = CARTESIAN_POINT('',(2.364425582849,58.977272256556,10.));
#753 = LINE('',#754,#755);
#754 = CARTESIAN_POINT('',(3.546365306206,58.948864545855,10.));
#755 = VECTOR('',#756,1.);
#756 = DIRECTION('',(-0.999711288748,2.402788273768E-02,0.));
#757 = ORIENTED_EDGE('',*,*,#176,.T.);
#758 = ORIENTED_EDGE('',*,*,#727,.F.);
#759 = ORIENTED_EDGE('',*,*,#760,.F.);
#760 = EDGE_CURVE('',#751,#720,#761,.T.);
#761 = LINE('',#762,#763);
#762 = CARTESIAN_POINT('',(2.364425582849,58.977272256556,10.));
#763 = VECTOR('',#764,1.);
#764 = DIRECTION('',(0.,0.,1.));
#765 = PLANE('',#766);
#766 = AXIS2_PLACEMENT_3D('',#767,#768,#769);
#767 = CARTESIAN_POINT('',(3.546365306206,58.948864545855,10.));
#768 = DIRECTION('',(-2.402788273768E-02,-0.999711288748,0.));
#769 = DIRECTION('',(-0.999711288748,2.402788273768E-02,0.));
#770 = ADVANCED_FACE('',(#771,#1167),#1391,.T.);
#771 = FACE_BOUND('',#772,.T.);
#772 = EDGE_LOOP('',(#773,#783,#792,#801,#809,#818,#826,#835,#843,#851,
    #859,#868,#876,#884,#892,#901,#909,#917,#925,#934,#942,#950,#959,
    #967,#976,#984,#992,#1001,#1009,#1017,#1025,#1034,#1042,#1050,#1058,
    #1067,#1075,#1083,#1091,#1100,#1109,#1117,#1124,#1125,#1126,#1127,
    #1128,#1129,#1137,#1145,#1153,#1161));
#773 = ORIENTED_EDGE('',*,*,#774,.F.);
#774 = EDGE_CURVE('',#775,#777,#779,.T.);
#775 = VERTEX_POINT('',#776);
#776 = CARTESIAN_POINT('',(-3.5,10.918288821889,10.));
#777 = VERTEX_POINT('',#778);
#778 = CARTESIAN_POINT('',(-3.5,58.94997892773,10.));
#779 = LINE('',#780,#781);
#780 = CARTESIAN_POINT('',(-3.5,-64.,10.));
#781 = VECTOR('',#782,1.);
#782 = DIRECTION('',(1.110223024625E-16,1.,0.));
#783 = ORIENTED_EDGE('',*,*,#784,.T.);
#784 = EDGE_CURVE('',#775,#785,#787,.T.);
#785 = VERTEX_POINT('',#786);
#786 = CARTESIAN_POINT('',(-25.4377750146,6.554373374769,10.));
#787 = CIRCLE('',#788,75.);
#788 = AXIS2_PLACEMENT_3D('',#789,#790,#791);
#789 = CARTESIAN_POINT('',(0.,-64.,10.));
#790 = DIRECTION('',(0.,0.,1.));
#791 = DIRECTION('',(1.,0.,0.));
#792 = ORIENTED_EDGE('',*,*,#793,.T.);
#793 = EDGE_CURVE('',#785,#794,#796,.T.);
#794 = VERTEX_POINT('',#795);
#795 = CARTESIAN_POINT('',(-41.23424082821,-1.352275513627,10.));
#796 = CIRCLE('',#797,75.);
#797 = AXIS2_PLACEMENT_3D('',#798,#799,#800);
#798 = CARTESIAN_POINT('',(0.,-64.,10.));
#799 = DIRECTION('',(0.,0.,1.));
#800 = DIRECTION('',(1.,0.,0.));
#801 = ORIENTED_EDGE('',*,*,#802,.T.);
#802 = EDGE_CURVE('',#794,#803,#805,.T.);
#803 = VERTEX_POINT('',#804);
#804 = CARTESIAN_POINT('',(-57.12760733139,20.501103428237,10.));
#805 = LINE('',#806,#807);
#806 = CARTESIAN_POINT('',(2.830576295063,-61.94139905813,10.));
#807 = VECTOR('',#808,1.);
#808 = DIRECTION('',(-0.588171697675,0.808736084303,0.));
#809 = ORIENTED_EDGE('',*,*,#810,.T.);
#810 = EDGE_CURVE('',#803,#811,#813,.T.);
#811 = VERTEX_POINT('',#812);
#812 = CARTESIAN_POINT('',(-62.78875992152,16.38390154451,10.));
#813 = CIRCLE('',#814,102.);
#814 = AXIS2_PLACEMENT_3D('',#815,#816,#817);
#815 = CARTESIAN_POINT('',(0.,-64.,10.));
#816 = DIRECTION('',(0.,0.,1.));
#817 = DIRECTION('',(1.,0.,0.));
#818 = ORIENTED_EDGE('',*,*,#819,.F.);
#819 = EDGE_CURVE('',#820,#811,#822,.T.);
#820 = VERTEX_POINT('',#821);
#821 = CARTESIAN_POINT('',(-46.89539341834,-5.469477397353,10.));
#822 = LINE('',#823,#824);
#823 = CARTESIAN_POINT('',(-2.83057629506,-66.05860094186,10.));
#824 = VECTOR('',#825,1.);
#825 = DIRECTION('',(-0.588171697675,0.808736084303,0.));
#826 = ORIENTED_EDGE('',*,*,#827,.T.);
#827 = EDGE_CURVE('',#820,#828,#830,.T.);
#828 = VERTEX_POINT('',#829);
#829 = CARTESIAN_POINT('',(-73.76914936362,-77.53191051431,10.));
#830 = CIRCLE('',#831,75.);
#831 = AXIS2_PLACEMENT_3D('',#832,#833,#834);
#832 = CARTESIAN_POINT('',(0.,-64.,10.));
#833 = DIRECTION('',(0.,0.,1.));
#834 = DIRECTION('',(1.,0.,0.));
#835 = ORIENTED_EDGE('',*,*,#836,.T.);
#836 = EDGE_CURVE('',#828,#837,#839,.T.);
#837 = VERTEX_POINT('',#838);
#838 = CARTESIAN_POINT('',(-85.,-80.13907226919,10.));
#839 = LINE('',#840,#841);
#840 = CARTESIAN_POINT('',(-0.791453975198,-60.59065979914,10.));
#841 = VECTOR('',#842,1.);
#842 = DIRECTION('',(-0.974097200243,-0.226129707199,0.));
#843 = ORIENTED_EDGE('',*,*,#844,.F.);
#844 = EDGE_CURVE('',#845,#837,#847,.T.);
#845 = VERTEX_POINT('',#846);
#846 = CARTESIAN_POINT('',(-85.,-65.,10.));
#847 = LINE('',#848,#849);
#848 = CARTESIAN_POINT('',(-85.,-89.5,10.));
#849 = VECTOR('',#850,1.);
#850 = DIRECTION('',(0.,-1.,0.));
#851 = ORIENTED_EDGE('',*,*,#852,.F.);
#852 = EDGE_CURVE('',#853,#845,#855,.T.);
#853 = VERTEX_POINT('',#854);
#854 = CARTESIAN_POINT('',(-101.9950979214,-65.,10.));
#855 = LINE('',#856,#857);
#856 = CARTESIAN_POINT('',(-70.,-65.,10.));
#857 = VECTOR('',#858,1.);
#858 = DIRECTION('',(1.,0.,0.));
#859 = ORIENTED_EDGE('',*,*,#860,.T.);
#860 = EDGE_CURVE('',#853,#861,#863,.T.);
#861 = VERTEX_POINT('',#862);
#862 = CARTESIAN_POINT('',(-100.8530407187,-79.25333333333,10.));
#863 = CIRCLE('',#864,102.);
#864 = AXIS2_PLACEMENT_3D('',#865,#866,#867);
#865 = CARTESIAN_POINT('',(0.,-64.,10.));
#866 = DIRECTION('',(0.,0.,1.));
#867 = DIRECTION('',(1.,0.,0.));
#868 = ORIENTED_EDGE('',*,*,#869,.F.);
#869 = EDGE_CURVE('',#870,#861,#872,.T.);
#870 = VERTEX_POINT('',#871);
#871 = CARTESIAN_POINT('',(-89.6,-79.25333333333,10.));
#872 = LINE('',#873,#874);
#873 = CARTESIAN_POINT('',(-71.,-79.25333333333,10.));
#874 = VECTOR('',#875,1.);
#875 = DIRECTION('',(-1.,0.,0.));
#876 = ORIENTED_EDGE('',*,*,#877,.T.);
#877 = EDGE_CURVE('',#870,#878,#880,.T.);
#878 = VERTEX_POINT('',#879);
#879 = CARTESIAN_POINT('',(-89.6,-100.7466666666,10.));
#880 = LINE('',#881,#882);
#881 = CARTESIAN_POINT('',(-89.6,-77.,10.));
#882 = VECTOR('',#883,1.);
#883 = DIRECTION('',(0.,-1.,0.));
#884 = ORIENTED_EDGE('',*,*,#885,.F.);
#885 = EDGE_CURVE('',#886,#878,#888,.T.);
#886 = VERTEX_POINT('',#887);
#887 = CARTESIAN_POINT('',(-95.15084071561,-100.7466666666,10.));
#888 = LINE('',#889,#890);
#889 = CARTESIAN_POINT('',(-71.,-100.7466666666,10.));
#890 = VECTOR('',#891,1.);
#891 = DIRECTION('',(1.,0.,0.));
#892 = ORIENTED_EDGE('',*,*,#893,.T.);
#893 = EDGE_CURVE('',#886,#894,#896,.T.);
#894 = VERTEX_POINT('',#895);
#895 = CARTESIAN_POINT('',(-88.33459118601,-115.,10.));
#896 = CIRCLE('',#897,102.);
#897 = AXIS2_PLACEMENT_3D('',#898,#899,#900);
#898 = CARTESIAN_POINT('',(0.,-64.,10.));
#899 = DIRECTION('',(0.,0.,1.));
#900 = DIRECTION('',(1.,0.,0.));
#901 = ORIENTED_EDGE('',*,*,#902,.T.);
#902 = EDGE_CURVE('',#894,#903,#905,.T.);
#903 = VERTEX_POINT('',#904);
#904 = CARTESIAN_POINT('',(-85.,-115.,10.));
#905 = LINE('',#906,#907);
#906 = CARTESIAN_POINT('',(-70.,-115.,10.));
#907 = VECTOR('',#908,1.);
#908 = DIRECTION('',(1.,0.,0.));
#909 = ORIENTED_EDGE('',*,*,#910,.F.);
#910 = EDGE_CURVE('',#911,#903,#913,.T.);
#911 = VERTEX_POINT('',#912);
#912 = CARTESIAN_POINT('',(-85.,-87.32521344509,10.));
#913 = LINE('',#914,#915);
#914 = CARTESIAN_POINT('',(-85.,-89.5,10.));
#915 = VECTOR('',#916,1.);
#916 = DIRECTION('',(0.,-1.,0.));
#917 = ORIENTED_EDGE('',*,*,#918,.F.);
#918 = EDGE_CURVE('',#919,#911,#921,.T.);
#919 = VERTEX_POINT('',#920);
#920 = CARTESIAN_POINT('',(-72.18624141322,-84.35059091602,10.));
#921 = LINE('',#922,#923);
#922 = CARTESIAN_POINT('',(0.791453975197,-67.40934020085,10.));
#923 = VECTOR('',#924,1.);
#924 = DIRECTION('',(-0.974097200243,-0.226129707199,0.));
#925 = ORIENTED_EDGE('',*,*,#926,.T.);
#926 = EDGE_CURVE('',#919,#927,#929,.T.);
#927 = VERTEX_POINT('',#928);
#928 = CARTESIAN_POINT('',(-3.5,-138.9182888218,10.));
#929 = CIRCLE('',#930,75.);
#930 = AXIS2_PLACEMENT_3D('',#931,#932,#933);
#931 = CARTESIAN_POINT('',(0.,-64.,10.));
#932 = DIRECTION('',(0.,0.,1.));
#933 = DIRECTION('',(1.,0.,0.));
#934 = ORIENTED_EDGE('',*,*,#935,.T.);
#935 = EDGE_CURVE('',#927,#936,#938,.T.);
#936 = VERTEX_POINT('',#937);
#937 = CARTESIAN_POINT('',(-3.5,-139.5,10.));
#938 = LINE('',#939,#940);
#939 = CARTESIAN_POINT('',(-3.5,-64.,10.));
#940 = VECTOR('',#941,1.);
#941 = DIRECTION('',(1.110223024625E-16,-1.,0.));
#942 = ORIENTED_EDGE('',*,*,#943,.F.);
#943 = EDGE_CURVE('',#944,#936,#946,.T.);
#944 = VERTEX_POINT('',#945);
#945 = CARTESIAN_POINT('',(-68.5838902367,-139.5,10.));
#946 = LINE('',#947,#948);
#947 = CARTESIAN_POINT('',(-70.,-139.5,10.));
#948 = VECTOR('',#949,1.);
#949 = DIRECTION('',(1.,0.,0.));
#950 = ORIENTED_EDGE('',*,*,#951,.T.);
#951 = EDGE_CURVE('',#944,#952,#954,.T.);
#952 = VERTEX_POINT('',#953);
#953 = CARTESIAN_POINT('',(-58.58114030983,-147.5,10.));
#954 = CIRCLE('',#955,102.);
#955 = AXIS2_PLACEMENT_3D('',#956,#957,#958);
#956 = CARTESIAN_POINT('',(0.,-64.,10.));
#957 = DIRECTION('',(0.,0.,1.));
#958 = DIRECTION('',(1.,0.,0.));
#959 = ORIENTED_EDGE('',*,*,#960,.F.);
#960 = EDGE_CURVE('',#961,#952,#963,.T.);
#961 = VERTEX_POINT('',#962);
#962 = CARTESIAN_POINT('',(58.58114030983,-147.5,10.));
#963 = LINE('',#964,#965);
#964 = CARTESIAN_POINT('',(0.,-147.5,10.));
#965 = VECTOR('',#966,1.);
#966 = DIRECTION('',(-1.,0.,0.));
#967 = ORIENTED_EDGE('',*,*,#968,.T.);
#968 = EDGE_CURVE('',#961,#969,#971,.T.);
#969 = VERTEX_POINT('',#970);
#970 = CARTESIAN_POINT('',(68.583890236702,-139.5,10.));
#971 = CIRCLE('',#972,102.);
#972 = AXIS2_PLACEMENT_3D('',#973,#974,#975);
#973 = CARTESIAN_POINT('',(0.,-64.,10.));
#974 = DIRECTION('',(0.,0.,1.));
#975 = DIRECTION('',(1.,0.,0.));
#976 = ORIENTED_EDGE('',*,*,#977,.F.);
#977 = EDGE_CURVE('',#978,#969,#980,.T.);
#978 = VERTEX_POINT('',#979);
#979 = CARTESIAN_POINT('',(3.5,-139.5,10.));
#980 = LINE('',#981,#982);
#981 = CARTESIAN_POINT('',(-70.,-139.5,10.));
#982 = VECTOR('',#983,1.);
#983 = DIRECTION('',(1.,0.,0.));
#984 = ORIENTED_EDGE('',*,*,#985,.F.);
#985 = EDGE_CURVE('',#986,#978,#988,.T.);
#986 = VERTEX_POINT('',#987);
#987 = CARTESIAN_POINT('',(3.5,-138.9182888218,10.));
#988 = LINE('',#989,#990);
#989 = CARTESIAN_POINT('',(3.5,-64.,10.));
#990 = VECTOR('',#991,1.);
#991 = DIRECTION('',(1.110223024625E-16,-1.,0.));
#992 = ORIENTED_EDGE('',*,*,#993,.T.);
#993 = EDGE_CURVE('',#986,#994,#996,.T.);
#994 = VERTEX_POINT('',#995);
#995 = CARTESIAN_POINT('',(72.186241413227,-84.35059091602,10.));
#996 = CIRCLE('',#997,75.);
#997 = AXIS2_PLACEMENT_3D('',#998,#999,#1000);
#998 = CARTESIAN_POINT('',(0.,-64.,10.));
#999 = DIRECTION('',(0.,0.,1.));
#1000 = DIRECTION('',(1.,0.,0.));
#1001 = ORIENTED_EDGE('',*,*,#1002,.T.);
#1002 = EDGE_CURVE('',#994,#1003,#1005,.T.);
#1003 = VERTEX_POINT('',#1004);
#1004 = CARTESIAN_POINT('',(85.,-87.32521344509,10.));
#1005 = LINE('',#1006,#1007);
#1006 = CARTESIAN_POINT('',(-0.791453975197,-67.40934020085,10.));
#1007 = VECTOR('',#1008,1.);
#1008 = DIRECTION('',(0.974097200243,-0.226129707199,0.));
#1009 = ORIENTED_EDGE('',*,*,#1010,.T.);
#1010 = EDGE_CURVE('',#1003,#1011,#1013,.T.);
#1011 = VERTEX_POINT('',#1012);
#1012 = CARTESIAN_POINT('',(85.,-115.,10.));
#1013 = LINE('',#1014,#1015);
#1014 = CARTESIAN_POINT('',(85.,-89.5,10.));
#1015 = VECTOR('',#1016,1.);
#1016 = DIRECTION('',(0.,-1.,0.));
#1017 = ORIENTED_EDGE('',*,*,#1018,.T.);
#1018 = EDGE_CURVE('',#1011,#1019,#1021,.T.);
#1019 = VERTEX_POINT('',#1020);
#1020 = CARTESIAN_POINT('',(88.334591186013,-115.,10.));
#1021 = LINE('',#1022,#1023);
#1022 = CARTESIAN_POINT('',(42.5,-115.,10.));
#1023 = VECTOR('',#1024,1.);
#1024 = DIRECTION('',(1.,0.,0.));
#1025 = ORIENTED_EDGE('',*,*,#1026,.T.);
#1026 = EDGE_CURVE('',#1019,#1027,#1029,.T.);
#1027 = VERTEX_POINT('',#1028);
#1028 = CARTESIAN_POINT('',(95.150840715615,-100.7466666666,10.));
#1029 = CIRCLE('',#1030,102.);
#1030 = AXIS2_PLACEMENT_3D('',#1031,#1032,#1033);
#1031 = CARTESIAN_POINT('',(0.,-64.,10.));
#1032 = DIRECTION('',(0.,0.,1.));
#1033 = DIRECTION('',(1.,0.,0.));
#1034 = ORIENTED_EDGE('',*,*,#1035,.F.);
#1035 = EDGE_CURVE('',#1036,#1027,#1038,.T.);
#1036 = VERTEX_POINT('',#1037);
#1037 = CARTESIAN_POINT('',(89.6,-100.7466666666,10.));
#1038 = LINE('',#1039,#1040);
#1039 = CARTESIAN_POINT('',(44.8,-100.7466666666,10.));
#1040 = VECTOR('',#1041,1.);
#1041 = DIRECTION('',(1.,0.,0.));
#1042 = ORIENTED_EDGE('',*,*,#1043,.F.);
#1043 = EDGE_CURVE('',#1044,#1036,#1046,.T.);
#1044 = VERTEX_POINT('',#1045);
#1045 = CARTESIAN_POINT('',(89.6,-79.25333333333,10.));
#1046 = LINE('',#1047,#1048);
#1047 = CARTESIAN_POINT('',(89.6,-77.,10.));
#1048 = VECTOR('',#1049,1.);
#1049 = DIRECTION('',(0.,-1.,0.));
#1050 = ORIENTED_EDGE('',*,*,#1051,.F.);
#1051 = EDGE_CURVE('',#1052,#1044,#1054,.T.);
#1052 = VERTEX_POINT('',#1053);
#1053 = CARTESIAN_POINT('',(100.85304071877,-79.25333333333,10.));
#1054 = LINE('',#1055,#1056);
#1055 = CARTESIAN_POINT('',(44.8,-79.25333333333,10.));
#1056 = VECTOR('',#1057,1.);
#1057 = DIRECTION('',(-1.,0.,0.));
#1058 = ORIENTED_EDGE('',*,*,#1059,.T.);
#1059 = EDGE_CURVE('',#1052,#1060,#1062,.T.);
#1060 = VERTEX_POINT('',#1061);
#1061 = CARTESIAN_POINT('',(101.99509792142,-65.,10.));
#1062 = CIRCLE('',#1063,102.);
#1063 = AXIS2_PLACEMENT_3D('',#1064,#1065,#1066);
#1064 = CARTESIAN_POINT('',(0.,-64.,10.));
#1065 = DIRECTION('',(0.,0.,1.));
#1066 = DIRECTION('',(1.,0.,0.));
#1067 = ORIENTED_EDGE('',*,*,#1068,.F.);
#1068 = EDGE_CURVE('',#1069,#1060,#1071,.T.);
#1069 = VERTEX_POINT('',#1070);
#1070 = CARTESIAN_POINT('',(85.,-65.,10.));
#1071 = LINE('',#1072,#1073);
#1072 = CARTESIAN_POINT('',(42.5,-65.,10.));
#1073 = VECTOR('',#1074,1.);
#1074 = DIRECTION('',(1.,0.,0.));
#1075 = ORIENTED_EDGE('',*,*,#1076,.T.);
#1076 = EDGE_CURVE('',#1069,#1077,#1079,.T.);
#1077 = VERTEX_POINT('',#1078);
#1078 = CARTESIAN_POINT('',(85.,-80.13907226919,10.));
#1079 = LINE('',#1080,#1081);
#1080 = CARTESIAN_POINT('',(85.,-89.5,10.));
#1081 = VECTOR('',#1082,1.);
#1082 = DIRECTION('',(0.,-1.,0.));
#1083 = ORIENTED_EDGE('',*,*,#1084,.F.);
#1084 = EDGE_CURVE('',#1085,#1077,#1087,.T.);
#1085 = VERTEX_POINT('',#1086);
#1086 = CARTESIAN_POINT('',(73.769149363623,-77.53191051431,10.));
#1087 = LINE('',#1088,#1089);
#1088 = CARTESIAN_POINT('',(0.791453975198,-60.59065979914,10.));
#1089 = VECTOR('',#1090,1.);
#1090 = DIRECTION('',(0.974097200243,-0.226129707199,0.));
#1091 = ORIENTED_EDGE('',*,*,#1092,.T.);
#1092 = EDGE_CURVE('',#1085,#1093,#1095,.T.);
#1093 = VERTEX_POINT('',#1094);
#1094 = CARTESIAN_POINT('',(75.,-64.,10.));
#1095 = CIRCLE('',#1096,75.);
#1096 = AXIS2_PLACEMENT_3D('',#1097,#1098,#1099);
#1097 = CARTESIAN_POINT('',(0.,-64.,10.));
#1098 = DIRECTION('',(0.,0.,1.));
#1099 = DIRECTION('',(1.,0.,0.));
#1100 = ORIENTED_EDGE('',*,*,#1101,.T.);
#1101 = EDGE_CURVE('',#1093,#1102,#1104,.T.);
#1102 = VERTEX_POINT('',#1103);
#1103 = CARTESIAN_POINT('',(46.895393418341,-5.469477397353,10.));
#1104 = CIRCLE('',#1105,75.);
#1105 = AXIS2_PLACEMENT_3D('',#1106,#1107,#1108);
#1106 = CARTESIAN_POINT('',(0.,-64.,10.));
#1107 = DIRECTION('',(0.,0.,1.));
#1108 = DIRECTION('',(1.,0.,0.));
#1109 = ORIENTED_EDGE('',*,*,#1110,.T.);
#1110 = EDGE_CURVE('',#1102,#1111,#1113,.T.);
#1111 = VERTEX_POINT('',#1112);
#1112 = CARTESIAN_POINT('',(62.788759921521,16.38390154451,10.));
#1113 = LINE('',#1114,#1115);
#1114 = CARTESIAN_POINT('',(2.83057629506,-66.05860094186,10.));
#1115 = VECTOR('',#1116,1.);
#1116 = DIRECTION('',(0.588171697675,0.808736084303,0.));
#1117 = ORIENTED_EDGE('',*,*,#1118,.T.);
#1118 = EDGE_CURVE('',#1111,#463,#1119,.T.);
#1119 = CIRCLE('',#1120,102.);
#1120 = AXIS2_PLACEMENT_3D('',#1121,#1122,#1123);
#1121 = CARTESIAN_POINT('',(0.,-64.,10.));
#1122 = DIRECTION('',(0.,0.,1.));
#1123 = DIRECTION('',(1.,0.,0.));
#1124 = ORIENTED_EDGE('',*,*,#462,.F.);
#1125 = ORIENTED_EDGE('',*,*,#403,.T.);
#1126 = ORIENTED_EDGE('',*,*,#422,.T.);
#1127 = ORIENTED_EDGE('',*,*,#168,.T.);
#1128 = ORIENTED_EDGE('',*,*,#750,.T.);
#1129 = ORIENTED_EDGE('',*,*,#1130,.T.);
#1130 = EDGE_CURVE('',#751,#1131,#1133,.T.);
#1131 = VERTEX_POINT('',#1132);
#1132 = CARTESIAN_POINT('',(1.182267407057,58.994317932896,10.));
#1133 = LINE('',#1134,#1135);
#1134 = CARTESIAN_POINT('',(2.364425582849,58.977272256556,10.));
#1135 = VECTOR('',#1136,1.);
#1136 = DIRECTION('',(-0.999896060748,1.441761768731E-02,0.));
#1137 = ORIENTED_EDGE('',*,*,#1138,.T.);
#1138 = EDGE_CURVE('',#1131,#1139,#1141,.T.);
#1139 = VERTEX_POINT('',#1140);
#1140 = CARTESIAN_POINT('',(7.531577814756E-15,59.,10.));
#1141 = LINE('',#1142,#1143);
#1142 = CARTESIAN_POINT('',(1.182267407057,58.994317932896,10.));
#1143 = VECTOR('',#1144,1.);
#1144 = DIRECTION('',(-0.999988451016,4.806020573991E-03,0.));
#1145 = ORIENTED_EDGE('',*,*,#1146,.T.);
#1146 = EDGE_CURVE('',#1139,#1147,#1149,.T.);
#1147 = VERTEX_POINT('',#1148);
#1148 = CARTESIAN_POINT('',(-1.182267407057,58.994317932896,10.));
#1149 = LINE('',#1150,#1151);
#1150 = CARTESIAN_POINT('',(7.531577814756E-15,59.,10.));
#1151 = VECTOR('',#1152,1.);
#1152 = DIRECTION('',(-0.999988451016,-4.806020573991E-03,0.));
#1153 = ORIENTED_EDGE('',*,*,#1154,.T.);
#1154 = EDGE_CURVE('',#1147,#1155,#1157,.T.);
#1155 = VERTEX_POINT('',#1156);
#1156 = CARTESIAN_POINT('',(-2.364425582849,58.977272256556,10.));
#1157 = LINE('',#1158,#1159);
#1158 = CARTESIAN_POINT('',(-1.182267407057,58.994317932896,10.));
#1159 = VECTOR('',#1160,1.);
#1160 = DIRECTION('',(-0.999896060748,-1.441761768731E-02,0.));
#1161 = ORIENTED_EDGE('',*,*,#1162,.T.);
#1162 = EDGE_CURVE('',#1155,#777,#1163,.T.);
#1163 = LINE('',#1164,#1165);
#1164 = CARTESIAN_POINT('',(-2.364425582849,58.977272256556,10.));
#1165 = VECTOR('',#1166,1.);
#1166 = DIRECTION('',(-0.999711288748,-2.402788273768E-02,0.));
#1167 = FACE_BOUND('',#1168,.T.);
#1168 = EDGE_LOOP('',(#1169,#1179,#1188,#1196,#1205,#1213,#1222,#1231,
    #1239,#1248,#1257,#1265,#1274,#1282,#1291,#1299,#1308,#1316,#1325,
    #1333,#1342,#1350,#1359,#1367,#1376,#1384));
#1169 = ORIENTED_EDGE('',*,*,#1170,.T.);
#1170 = EDGE_CURVE('',#1171,#1173,#1175,.T.);
#1171 = VERTEX_POINT('',#1172);
#1172 = CARTESIAN_POINT('',(3.5,-49.41404785418,10.));
#1173 = VERTEX_POINT('',#1174);
#1174 = CARTESIAN_POINT('',(3.5,-24.1534192182,10.));
#1175 = LINE('',#1176,#1177);
#1176 = CARTESIAN_POINT('',(3.5,-64.,10.));
#1177 = VECTOR('',#1178,1.);
#1178 = DIRECTION('',(1.110223024625E-16,1.,0.));
#1179 = ORIENTED_EDGE('',*,*,#1180,.F.);
#1180 = EDGE_CURVE('',#1181,#1173,#1183,.T.);
#1181 = VERTEX_POINT('',#1182);
#1182 = CARTESIAN_POINT('',(20.606054769912,-29.71603134379,10.));
#1183 = CIRCLE('',#1184,40.);
#1184 = AXIS2_PLACEMENT_3D('',#1185,#1186,#1187);
#1185 = CARTESIAN_POINT('',(0.,-64.,10.));
#1186 = DIRECTION('',(0.,0.,1.));
#1187 = DIRECTION('',(1.,0.,0.));
#1188 = ORIENTED_EDGE('',*,*,#1189,.F.);
#1189 = EDGE_CURVE('',#1190,#1181,#1192,.T.);
#1190 = VERTEX_POINT('',#1191);
#1191 = CARTESIAN_POINT('',(5.748467940747,-50.14521323389,10.));
#1192 = LINE('',#1193,#1194);
#1193 = CARTESIAN_POINT('',(-2.830576295063,-61.94139905813,10.));
#1194 = VECTOR('',#1195,1.);
#1195 = DIRECTION('',(0.588171697675,0.808736084303,0.));
#1196 = ORIENTED_EDGE('',*,*,#1197,.F.);
#1197 = EDGE_CURVE('',#1198,#1190,#1200,.T.);
#1198 = VERTEX_POINT('',#1199);
#1199 = CARTESIAN_POINT('',(11.409620530872,-54.26241511762,10.));
#1200 = CIRCLE('',#1201,15.);
#1201 = AXIS2_PLACEMENT_3D('',#1202,#1203,#1204);
#1202 = CARTESIAN_POINT('',(0.,-64.,10.));
#1203 = DIRECTION('',(0.,0.,1.));
#1204 = DIRECTION('',(1.,0.,0.));
#1205 = ORIENTED_EDGE('',*,*,#1206,.T.);
#1206 = EDGE_CURVE('',#1198,#1207,#1209,.T.);
#1207 = VERTEX_POINT('',#1208);
#1208 = CARTESIAN_POINT('',(26.267207360035,-33.83323322752,10.));
#1209 = LINE('',#1210,#1211);
#1210 = CARTESIAN_POINT('',(2.83057629506,-66.05860094186,10.));
#1211 = VECTOR('',#1212,1.);
#1212 = DIRECTION('',(0.588171697675,0.808736084303,0.));
#1213 = ORIENTED_EDGE('',*,*,#1214,.F.);
#1214 = EDGE_CURVE('',#1215,#1207,#1217,.T.);
#1215 = VERTEX_POINT('',#1216);
#1216 = CARTESIAN_POINT('',(40.,-64.,10.));
#1217 = CIRCLE('',#1218,40.);
#1218 = AXIS2_PLACEMENT_3D('',#1219,#1220,#1221);
#1219 = CARTESIAN_POINT('',(0.,-64.,10.));
#1220 = DIRECTION('',(0.,0.,1.));
#1221 = DIRECTION('',(1.,0.,0.));
#1222 = ORIENTED_EDGE('',*,*,#1223,.F.);
#1223 = EDGE_CURVE('',#1224,#1215,#1226,.T.);
#1224 = VERTEX_POINT('',#1225);
#1225 = CARTESIAN_POINT('',(39.605896754013,-69.60115544423,10.));
#1226 = CIRCLE('',#1227,40.);
#1227 = AXIS2_PLACEMENT_3D('',#1228,#1229,#1230);
#1228 = CARTESIAN_POINT('',(0.,-64.,10.));
#1229 = DIRECTION('',(0.,0.,1.));
#1230 = DIRECTION('',(1.,0.,0.));
#1231 = ORIENTED_EDGE('',*,*,#1232,.F.);
#1232 = EDGE_CURVE('',#1233,#1224,#1235,.T.);
#1233 = VERTEX_POINT('',#1234);
#1234 = CARTESIAN_POINT('',(14.999589123319,-63.88897688709,10.));
#1235 = LINE('',#1236,#1237);
#1236 = CARTESIAN_POINT('',(0.791453975198,-60.59065979914,10.));
#1237 = VECTOR('',#1238,1.);
#1238 = DIRECTION('',(0.974097200243,-0.226129707199,0.));
#1239 = ORIENTED_EDGE('',*,*,#1240,.F.);
#1240 = EDGE_CURVE('',#1241,#1233,#1243,.T.);
#1241 = VERTEX_POINT('',#1242);
#1242 = CARTESIAN_POINT('',(15.,-64.,10.));
#1243 = CIRCLE('',#1244,15.);
#1244 = AXIS2_PLACEMENT_3D('',#1245,#1246,#1247);
#1245 = CARTESIAN_POINT('',(0.,-64.,10.));
#1246 = DIRECTION('',(0.,0.,1.));
#1247 = DIRECTION('',(1.,0.,0.));
#1248 = ORIENTED_EDGE('',*,*,#1249,.F.);
#1249 = EDGE_CURVE('',#1250,#1241,#1252,.T.);
#1250 = VERTEX_POINT('',#1251);
#1251 = CARTESIAN_POINT('',(13.416681172926,-70.7076572888,10.));
#1252 = CIRCLE('',#1253,15.);
#1253 = AXIS2_PLACEMENT_3D('',#1254,#1255,#1256);
#1254 = CARTESIAN_POINT('',(0.,-64.,10.));
#1255 = DIRECTION('',(0.,0.,1.));
#1256 = DIRECTION('',(1.,0.,0.));
#1257 = ORIENTED_EDGE('',*,*,#1258,.T.);
#1258 = EDGE_CURVE('',#1250,#1259,#1261,.T.);
#1259 = VERTEX_POINT('',#1260);
#1260 = CARTESIAN_POINT('',(38.022988803618,-76.41983584593,10.));
#1261 = LINE('',#1262,#1263);
#1262 = CARTESIAN_POINT('',(-0.791453975197,-67.40934020085,10.));
#1263 = VECTOR('',#1264,1.);
#1264 = DIRECTION('',(0.974097200243,-0.226129707199,0.));
#1265 = ORIENTED_EDGE('',*,*,#1266,.F.);
#1266 = EDGE_CURVE('',#1267,#1259,#1269,.T.);
#1267 = VERTEX_POINT('',#1268);
#1268 = CARTESIAN_POINT('',(3.5,-103.8465807817,10.));
#1269 = CIRCLE('',#1270,40.);
#1270 = AXIS2_PLACEMENT_3D('',#1271,#1272,#1273);
#1271 = CARTESIAN_POINT('',(0.,-64.,10.));
#1272 = DIRECTION('',(0.,0.,1.));
#1273 = DIRECTION('',(1.,0.,0.));
#1274 = ORIENTED_EDGE('',*,*,#1275,.F.);
#1275 = EDGE_CURVE('',#1276,#1267,#1278,.T.);
#1276 = VERTEX_POINT('',#1277);
#1277 = CARTESIAN_POINT('',(3.5,-78.58595214581,10.));
#1278 = LINE('',#1279,#1280);
#1279 = CARTESIAN_POINT('',(3.5,-64.,10.));
#1280 = VECTOR('',#1281,1.);
#1281 = DIRECTION('',(1.110223024625E-16,-1.,0.));
#1282 = ORIENTED_EDGE('',*,*,#1283,.F.);
#1283 = EDGE_CURVE('',#1284,#1276,#1286,.T.);
#1284 = VERTEX_POINT('',#1285);
#1285 = CARTESIAN_POINT('',(-3.5,-78.58595214581,10.));
#1286 = CIRCLE('',#1287,15.);
#1287 = AXIS2_PLACEMENT_3D('',#1288,#1289,#1290);
#1288 = CARTESIAN_POINT('',(0.,-64.,10.));
#1289 = DIRECTION('',(0.,0.,1.));
#1290 = DIRECTION('',(1.,0.,0.));
#1291 = ORIENTED_EDGE('',*,*,#1292,.T.);
#1292 = EDGE_CURVE('',#1284,#1293,#1295,.T.);
#1293 = VERTEX_POINT('',#1294);
#1294 = CARTESIAN_POINT('',(-3.5,-103.8465807817,10.));
#1295 = LINE('',#1296,#1297);
#1296 = CARTESIAN_POINT('',(-3.5,-64.,10.));
#1297 = VECTOR('',#1298,1.);
#1298 = DIRECTION('',(1.110223024625E-16,-1.,0.));
#1299 = ORIENTED_EDGE('',*,*,#1300,.F.);
#1300 = EDGE_CURVE('',#1301,#1293,#1303,.T.);
#1301 = VERTEX_POINT('',#1302);
#1302 = CARTESIAN_POINT('',(-38.02298880361,-76.41983584593,10.));
#1303 = CIRCLE('',#1304,40.);
#1304 = AXIS2_PLACEMENT_3D('',#1305,#1306,#1307);
#1305 = CARTESIAN_POINT('',(0.,-64.,10.));
#1306 = DIRECTION('',(0.,0.,1.));
#1307 = DIRECTION('',(1.,0.,0.));
#1308 = ORIENTED_EDGE('',*,*,#1309,.F.);
#1309 = EDGE_CURVE('',#1310,#1301,#1312,.T.);
#1310 = VERTEX_POINT('',#1311);
#1311 = CARTESIAN_POINT('',(-13.41668117292,-70.7076572888,10.));
#1312 = LINE('',#1313,#1314);
#1313 = CARTESIAN_POINT('',(0.791453975197,-67.40934020085,10.));
#1314 = VECTOR('',#1315,1.);
#1315 = DIRECTION('',(-0.974097200243,-0.226129707199,0.));
#1316 = ORIENTED_EDGE('',*,*,#1317,.F.);
#1317 = EDGE_CURVE('',#1318,#1310,#1320,.T.);
#1318 = VERTEX_POINT('',#1319);
#1319 = CARTESIAN_POINT('',(-14.99958912331,-63.88897688709,10.));
#1320 = CIRCLE('',#1321,15.);
#1321 = AXIS2_PLACEMENT_3D('',#1322,#1323,#1324);
#1322 = CARTESIAN_POINT('',(0.,-64.,10.));
#1323 = DIRECTION('',(0.,0.,1.));
#1324 = DIRECTION('',(1.,0.,0.));
#1325 = ORIENTED_EDGE('',*,*,#1326,.T.);
#1326 = EDGE_CURVE('',#1318,#1327,#1329,.T.);
#1327 = VERTEX_POINT('',#1328);
#1328 = CARTESIAN_POINT('',(-39.60589675401,-69.60115544423,10.));
#1329 = LINE('',#1330,#1331);
#1330 = CARTESIAN_POINT('',(-0.791453975198,-60.59065979914,10.));
#1331 = VECTOR('',#1332,1.);
#1332 = DIRECTION('',(-0.974097200243,-0.226129707199,0.));
#1333 = ORIENTED_EDGE('',*,*,#1334,.F.);
#1334 = EDGE_CURVE('',#1335,#1327,#1337,.T.);
#1335 = VERTEX_POINT('',#1336);
#1336 = CARTESIAN_POINT('',(-26.26720736003,-33.83323322752,10.));
#1337 = CIRCLE('',#1338,40.);
#1338 = AXIS2_PLACEMENT_3D('',#1339,#1340,#1341);
#1339 = CARTESIAN_POINT('',(0.,-64.,10.));
#1340 = DIRECTION('',(0.,0.,1.));
#1341 = DIRECTION('',(1.,0.,0.));
#1342 = ORIENTED_EDGE('',*,*,#1343,.F.);
#1343 = EDGE_CURVE('',#1344,#1335,#1346,.T.);
#1344 = VERTEX_POINT('',#1345);
#1345 = CARTESIAN_POINT('',(-11.40962053087,-54.26241511762,10.));
#1346 = LINE('',#1347,#1348);
#1347 = CARTESIAN_POINT('',(-2.83057629506,-66.05860094186,10.));
#1348 = VECTOR('',#1349,1.);
#1349 = DIRECTION('',(-0.588171697675,0.808736084303,0.));
#1350 = ORIENTED_EDGE('',*,*,#1351,.F.);
#1351 = EDGE_CURVE('',#1352,#1344,#1354,.T.);
#1352 = VERTEX_POINT('',#1353);
#1353 = CARTESIAN_POINT('',(-5.748467940747,-50.14521323389,10.));
#1354 = CIRCLE('',#1355,15.);
#1355 = AXIS2_PLACEMENT_3D('',#1356,#1357,#1358);
#1356 = CARTESIAN_POINT('',(0.,-64.,10.));
#1357 = DIRECTION('',(0.,0.,1.));
#1358 = DIRECTION('',(1.,0.,0.));
#1359 = ORIENTED_EDGE('',*,*,#1360,.T.);
#1360 = EDGE_CURVE('',#1352,#1361,#1363,.T.);
#1361 = VERTEX_POINT('',#1362);
#1362 = CARTESIAN_POINT('',(-20.60605476991,-29.71603134379,10.));
#1363 = LINE('',#1364,#1365);
#1364 = CARTESIAN_POINT('',(2.830576295063,-61.94139905813,10.));
#1365 = VECTOR('',#1366,1.);
#1366 = DIRECTION('',(-0.588171697675,0.808736084303,0.));
#1367 = ORIENTED_EDGE('',*,*,#1368,.F.);
#1368 = EDGE_CURVE('',#1369,#1361,#1371,.T.);
#1369 = VERTEX_POINT('',#1370);
#1370 = CARTESIAN_POINT('',(-3.5,-24.1534192182,10.));
#1371 = CIRCLE('',#1372,40.);
#1372 = AXIS2_PLACEMENT_3D('',#1373,#1374,#1375);
#1373 = CARTESIAN_POINT('',(0.,-64.,10.));
#1374 = DIRECTION('',(0.,0.,1.));
#1375 = DIRECTION('',(1.,0.,0.));
#1376 = ORIENTED_EDGE('',*,*,#1377,.F.);
#1377 = EDGE_CURVE('',#1378,#1369,#1380,.T.);
#1378 = VERTEX_POINT('',#1379);
#1379 = CARTESIAN_POINT('',(-3.5,-49.41404785418,10.));
#1380 = LINE('',#1381,#1382);
#1381 = CARTESIAN_POINT('',(-3.5,-64.,10.));
#1382 = VECTOR('',#1383,1.);
#1383 = DIRECTION('',(1.110223024625E-16,1.,0.));
#1384 = ORIENTED_EDGE('',*,*,#1385,.F.);
#1385 = EDGE_CURVE('',#1171,#1378,#1386,.T.);
#1386 = CIRCLE('',#1387,15.);
#1387 = AXIS2_PLACEMENT_3D('',#1388,#1389,#1390);
#1388 = CARTESIAN_POINT('',(0.,-64.,10.));
#1389 = DIRECTION('',(0.,0.,1.));
#1390 = DIRECTION('',(1.,0.,0.));
#1391 = PLANE('',#1392);
#1392 = AXIS2_PLACEMENT_3D('',#1393,#1394,#1395);
#1393 = CARTESIAN_POINT('',(3.030691199925E-02,-72.10258691561,10.));
#1394 = DIRECTION('',(0.,0.,1.));
#1395 = DIRECTION('',(1.,0.,-0.));
#1396 = ADVANCED_FACE('',(#1397),#1445,.T.);
#1397 = FACE_BOUND('',#1398,.T.);
#1398 = EDGE_LOOP('',(#1399,#1409,#1415,#1416,#1424,#1430,#1431,#1439));
#1399 = ORIENTED_EDGE('',*,*,#1400,.F.);
#1400 = EDGE_CURVE('',#1401,#1403,#1405,.T.);
#1401 = VERTEX_POINT('',#1402);
#1402 = CARTESIAN_POINT('',(-140.,-147.5,0.));
#1403 = VERTEX_POINT('',#1404);
#1404 = CARTESIAN_POINT('',(-140.,-147.5,14.));
#1405 = LINE('',#1406,#1407);
#1406 = CARTESIAN_POINT('',(-140.,-147.5,0.));
#1407 = VECTOR('',#1408,1.);
#1408 = DIRECTION('',(0.,0.,1.));
#1409 = ORIENTED_EDGE('',*,*,#1410,.T.);
#1410 = EDGE_CURVE('',#1401,#200,#1411,.T.);
#1411 = LINE('',#1412,#1413);
#1412 = CARTESIAN_POINT('',(-140.,-147.5,0.));
#1413 = VECTOR('',#1414,1.);
#1414 = DIRECTION('',(1.,0.,0.));
#1415 = ORIENTED_EDGE('',*,*,#199,.T.);
#1416 = ORIENTED_EDGE('',*,*,#1417,.F.);
#1417 = EDGE_CURVE('',#1418,#202,#1420,.T.);
#1418 = VERTEX_POINT('',#1419);
#1419 = CARTESIAN_POINT('',(58.58114030983,-147.5,14.));
#1420 = LINE('',#1421,#1422);
#1421 = CARTESIAN_POINT('',(-140.,-147.5,14.));
#1422 = VECTOR('',#1423,1.);
#1423 = DIRECTION('',(1.,0.,0.));
#1424 = ORIENTED_EDGE('',*,*,#1425,.F.);
#1425 = EDGE_CURVE('',#961,#1418,#1426,.T.);
#1426 = LINE('',#1427,#1428);
#1427 = CARTESIAN_POINT('',(58.58114030983,-147.5,10.));
#1428 = VECTOR('',#1429,1.);
#1429 = DIRECTION('',(0.,0.,1.));
#1430 = ORIENTED_EDGE('',*,*,#960,.T.);
#1431 = ORIENTED_EDGE('',*,*,#1432,.T.);
#1432 = EDGE_CURVE('',#952,#1433,#1435,.T.);
#1433 = VERTEX_POINT('',#1434);
#1434 = CARTESIAN_POINT('',(-58.58114030983,-147.5,14.));
#1435 = LINE('',#1436,#1437);
#1436 = CARTESIAN_POINT('',(-58.58114030983,-147.5,10.));
#1437 = VECTOR('',#1438,1.);
#1438 = DIRECTION('',(0.,0.,1.));
#1439 = ORIENTED_EDGE('',*,*,#1440,.F.);
#1440 = EDGE_CURVE('',#1403,#1433,#1441,.T.);
#1441 = LINE('',#1442,#1443);
#1442 = CARTESIAN_POINT('',(-140.,-147.5,14.));
#1443 = VECTOR('',#1444,1.);
#1444 = DIRECTION('',(1.,0.,0.));
#1445 = PLANE('',#1446);
#1446 = AXIS2_PLACEMENT_3D('',#1447,#1448,#1449);
#1447 = CARTESIAN_POINT('',(0.,-147.5,7.));
#1448 = DIRECTION('',(-0.,-1.,-0.));
#1449 = DIRECTION('',(0.,0.,-1.));
#1450 = ADVANCED_FACE('',(#1451,#1469,#1503,#1537,#1571),#1605,.F.);
#1451 = FACE_BOUND('',#1452,.F.);
#1452 = EDGE_LOOP('',(#1453,#1461,#1462,#1463));
#1453 = ORIENTED_EDGE('',*,*,#1454,.F.);
#1454 = EDGE_CURVE('',#1401,#1455,#1457,.T.);
#1455 = VERTEX_POINT('',#1456);
#1456 = CARTESIAN_POINT('',(-140.,147.5,0.));
#1457 = LINE('',#1458,#1459);
#1458 = CARTESIAN_POINT('',(-140.,-147.5,0.));
#1459 = VECTOR('',#1460,1.);
#1460 = DIRECTION('',(0.,1.,0.));
#1461 = ORIENTED_EDGE('',*,*,#1410,.T.);
#1462 = ORIENTED_EDGE('',*,*,#209,.T.);
#1463 = ORIENTED_EDGE('',*,*,#1464,.F.);
#1464 = EDGE_CURVE('',#1455,#210,#1465,.T.);
#1465 = LINE('',#1466,#1467);
#1466 = CARTESIAN_POINT('',(-140.,147.5,0.));
#1467 = VECTOR('',#1468,1.);
#1468 = DIRECTION('',(1.,0.,0.));
#1469 = FACE_BOUND('',#1470,.F.);
#1470 = EDGE_LOOP('',(#1471,#1481,#1489,#1497));
#1471 = ORIENTED_EDGE('',*,*,#1472,.T.);
#1472 = EDGE_CURVE('',#1473,#1475,#1477,.T.);
#1473 = VERTEX_POINT('',#1474);
#1474 = CARTESIAN_POINT('',(-110.7,-96.3,0.));
#1475 = VERTEX_POINT('',#1476);
#1476 = CARTESIAN_POINT('',(-119.3,-96.3,0.));
#1477 = LINE('',#1478,#1479);
#1478 = CARTESIAN_POINT('',(-129.65,-96.3,0.));
#1479 = VECTOR('',#1480,1.);
#1480 = DIRECTION('',(-1.,0.,0.));
#1481 = ORIENTED_EDGE('',*,*,#1482,.T.);
#1482 = EDGE_CURVE('',#1475,#1483,#1485,.T.);
#1483 = VERTEX_POINT('',#1484);
#1484 = CARTESIAN_POINT('',(-119.3,-83.7,0.));
#1485 = LINE('',#1486,#1487);
#1486 = CARTESIAN_POINT('',(-119.3,-121.9,0.));
#1487 = VECTOR('',#1488,1.);
#1488 = DIRECTION('',(0.,1.,0.));
#1489 = ORIENTED_EDGE('',*,*,#1490,.F.);
#1490 = EDGE_CURVE('',#1491,#1483,#1493,.T.);
#1491 = VERTEX_POINT('',#1492);
#1492 = CARTESIAN_POINT('',(-110.7,-83.7,0.));
#1493 = LINE('',#1494,#1495);
#1494 = CARTESIAN_POINT('',(-129.65,-83.7,0.));
#1495 = VECTOR('',#1496,1.);
#1496 = DIRECTION('',(-1.,0.,0.));
#1497 = ORIENTED_EDGE('',*,*,#1498,.F.);
#1498 = EDGE_CURVE('',#1473,#1491,#1499,.T.);
#1499 = LINE('',#1500,#1501);
#1500 = CARTESIAN_POINT('',(-110.7,-121.9,0.));
#1501 = VECTOR('',#1502,1.);
#1502 = DIRECTION('',(0.,1.,0.));
#1503 = FACE_BOUND('',#1504,.F.);
#1504 = EDGE_LOOP('',(#1505,#1515,#1523,#1531));
#1505 = ORIENTED_EDGE('',*,*,#1506,.T.);
#1506 = EDGE_CURVE('',#1507,#1509,#1511,.T.);
#1507 = VERTEX_POINT('',#1508);
#1508 = CARTESIAN_POINT('',(119.3,-96.3,0.));
#1509 = VERTEX_POINT('',#1510);
#1510 = CARTESIAN_POINT('',(110.7,-96.3,0.));
#1511 = LINE('',#1512,#1513);
#1512 = CARTESIAN_POINT('',(-14.65,-96.3,0.));
#1513 = VECTOR('',#1514,1.);
#1514 = DIRECTION('',(-1.,0.,0.));
#1515 = ORIENTED_EDGE('',*,*,#1516,.T.);
#1516 = EDGE_CURVE('',#1509,#1517,#1519,.T.);
#1517 = VERTEX_POINT('',#1518);
#1518 = CARTESIAN_POINT('',(110.7,-83.7,0.));
#1519 = LINE('',#1520,#1521);
#1520 = CARTESIAN_POINT('',(110.7,-121.9,0.));
#1521 = VECTOR('',#1522,1.);
#1522 = DIRECTION('',(0.,1.,0.));
#1523 = ORIENTED_EDGE('',*,*,#1524,.F.);
#1524 = EDGE_CURVE('',#1525,#1517,#1527,.T.);
#1525 = VERTEX_POINT('',#1526);
#1526 = CARTESIAN_POINT('',(119.3,-83.7,0.));
#1527 = LINE('',#1528,#1529);
#1528 = CARTESIAN_POINT('',(-14.65,-83.7,0.));
#1529 = VECTOR('',#1530,1.);
#1530 = DIRECTION('',(-1.,0.,0.));
#1531 = ORIENTED_EDGE('',*,*,#1532,.F.);
#1532 = EDGE_CURVE('',#1507,#1525,#1533,.T.);
#1533 = LINE('',#1534,#1535);
#1534 = CARTESIAN_POINT('',(119.3,-121.9,0.));
#1535 = VECTOR('',#1536,1.);
#1536 = DIRECTION('',(0.,1.,0.));
#1537 = FACE_BOUND('',#1538,.F.);
#1538 = EDGE_LOOP('',(#1539,#1549,#1557,#1565));
#1539 = ORIENTED_EDGE('',*,*,#1540,.T.);
#1540 = EDGE_CURVE('',#1541,#1543,#1545,.T.);
#1541 = VERTEX_POINT('',#1542);
#1542 = CARTESIAN_POINT('',(-110.7,83.7,0.));
#1543 = VERTEX_POINT('',#1544);
#1544 = CARTESIAN_POINT('',(-119.3,83.7,0.));
#1545 = LINE('',#1546,#1547);
#1546 = CARTESIAN_POINT('',(-129.65,83.7,0.));
#1547 = VECTOR('',#1548,1.);
#1548 = DIRECTION('',(-1.,0.,0.));
#1549 = ORIENTED_EDGE('',*,*,#1550,.T.);
#1550 = EDGE_CURVE('',#1543,#1551,#1553,.T.);
#1551 = VERTEX_POINT('',#1552);
#1552 = CARTESIAN_POINT('',(-119.3,96.3,0.));
#1553 = LINE('',#1554,#1555);
#1554 = CARTESIAN_POINT('',(-119.3,-31.9,0.));
#1555 = VECTOR('',#1556,1.);
#1556 = DIRECTION('',(0.,1.,0.));
#1557 = ORIENTED_EDGE('',*,*,#1558,.F.);
#1558 = EDGE_CURVE('',#1559,#1551,#1561,.T.);
#1559 = VERTEX_POINT('',#1560);
#1560 = CARTESIAN_POINT('',(-110.7,96.3,0.));
#1561 = LINE('',#1562,#1563);
#1562 = CARTESIAN_POINT('',(-129.65,96.3,0.));
#1563 = VECTOR('',#1564,1.);
#1564 = DIRECTION('',(-1.,0.,0.));
#1565 = ORIENTED_EDGE('',*,*,#1566,.F.);
#1566 = EDGE_CURVE('',#1541,#1559,#1567,.T.);
#1567 = LINE('',#1568,#1569);
#1568 = CARTESIAN_POINT('',(-110.7,-31.9,0.));
#1569 = VECTOR('',#1570,1.);
#1570 = DIRECTION('',(0.,1.,0.));
#1571 = FACE_BOUND('',#1572,.F.);
#1572 = EDGE_LOOP('',(#1573,#1583,#1591,#1599));
#1573 = ORIENTED_EDGE('',*,*,#1574,.T.);
#1574 = EDGE_CURVE('',#1575,#1577,#1579,.T.);
#1575 = VERTEX_POINT('',#1576);
#1576 = CARTESIAN_POINT('',(119.3,83.7,0.));
#1577 = VERTEX_POINT('',#1578);
#1578 = CARTESIAN_POINT('',(110.7,83.7,0.));
#1579 = LINE('',#1580,#1581);
#1580 = CARTESIAN_POINT('',(-14.65,83.7,0.));
#1581 = VECTOR('',#1582,1.);
#1582 = DIRECTION('',(-1.,0.,0.));
#1583 = ORIENTED_EDGE('',*,*,#1584,.T.);
#1584 = EDGE_CURVE('',#1577,#1585,#1587,.T.);
#1585 = VERTEX_POINT('',#1586);
#1586 = CARTESIAN_POINT('',(110.7,96.3,0.));
#1587 = LINE('',#1588,#1589);
#1588 = CARTESIAN_POINT('',(110.7,-31.9,0.));
#1589 = VECTOR('',#1590,1.);
#1590 = DIRECTION('',(0.,1.,0.));
#1591 = ORIENTED_EDGE('',*,*,#1592,.F.);
#1592 = EDGE_CURVE('',#1593,#1585,#1595,.T.);
#1593 = VERTEX_POINT('',#1594);
#1594 = CARTESIAN_POINT('',(119.3,96.3,0.));
#1595 = LINE('',#1596,#1597);
#1596 = CARTESIAN_POINT('',(-14.65,96.3,0.));
#1597 = VECTOR('',#1598,1.);
#1598 = DIRECTION('',(-1.,0.,0.));
#1599 = ORIENTED_EDGE('',*,*,#1600,.F.);
#1600 = EDGE_CURVE('',#1575,#1593,#1601,.T.);
#1601 = LINE('',#1602,#1603);
#1602 = CARTESIAN_POINT('',(119.3,-31.9,0.));
#1603 = VECTOR('',#1604,1.);
#1604 = DIRECTION('',(0.,1.,0.));
#1605 = PLANE('',#1606);
#1606 = AXIS2_PLACEMENT_3D('',#1607,#1608,#1609);
#1607 = CARTESIAN_POINT('',(-140.,-147.5,0.));
#1608 = DIRECTION('',(0.,0.,1.));
#1609 = DIRECTION('',(1.,0.,0.));
#1610 = ADVANCED_FACE('',(#1611),#1622,.T.);
#1611 = FACE_BOUND('',#1612,.T.);
#1612 = EDGE_LOOP('',(#1613,#1614,#1620,#1621));
#1613 = ORIENTED_EDGE('',*,*,#1464,.F.);
#1614 = ORIENTED_EDGE('',*,*,#1615,.T.);
#1615 = EDGE_CURVE('',#1455,#664,#1616,.T.);
#1616 = LINE('',#1617,#1618);
#1617 = CARTESIAN_POINT('',(-140.,147.5,4.));
#1618 = VECTOR('',#1619,1.);
#1619 = DIRECTION('',(0.,0.,1.));
#1620 = ORIENTED_EDGE('',*,*,#736,.T.);
#1621 = ORIENTED_EDGE('',*,*,#217,.F.);
#1622 = PLANE('',#1623);
#1623 = AXIS2_PLACEMENT_3D('',#1624,#1625,#1626);
#1624 = CARTESIAN_POINT('',(0.,147.5,7.));
#1625 = DIRECTION('',(0.,1.,0.));
#1626 = DIRECTION('',(0.,0.,1.));
#1627 = ADVANCED_FACE('',(#1628,#1634),#1668,.T.);
#1628 = FACE_BOUND('',#1629,.T.);
#1629 = EDGE_LOOP('',(#1630,#1631,#1632,#1633));
#1630 = ORIENTED_EDGE('',*,*,#511,.F.);
#1631 = ORIENTED_EDGE('',*,*,#527,.T.);
#1632 = ORIENTED_EDGE('',*,*,#241,.T.);
#1633 = ORIENTED_EDGE('',*,*,#446,.F.);
#1634 = FACE_BOUND('',#1635,.T.);
#1635 = EDGE_LOOP('',(#1636,#1646,#1654,#1662));
#1636 = ORIENTED_EDGE('',*,*,#1637,.T.);
#1637 = EDGE_CURVE('',#1638,#1640,#1642,.T.);
#1638 = VERTEX_POINT('',#1639);
#1639 = CARTESIAN_POINT('',(119.3,83.7,24.));
#1640 = VERTEX_POINT('',#1641);
#1641 = CARTESIAN_POINT('',(110.7,83.7,24.));
#1642 = LINE('',#1643,#1644);
#1643 = CARTESIAN_POINT('',(97.85,83.7,24.));
#1644 = VECTOR('',#1645,1.);
#1645 = DIRECTION('',(-1.,0.,0.));
#1646 = ORIENTED_EDGE('',*,*,#1647,.T.);
#1647 = EDGE_CURVE('',#1640,#1648,#1650,.T.);
#1648 = VERTEX_POINT('',#1649);
#1649 = CARTESIAN_POINT('',(110.7,96.3,24.));
#1650 = LINE('',#1651,#1652);
#1651 = CARTESIAN_POINT('',(110.7,74.35,24.));
#1652 = VECTOR('',#1653,1.);
#1653 = DIRECTION('',(0.,1.,0.));
#1654 = ORIENTED_EDGE('',*,*,#1655,.F.);
#1655 = EDGE_CURVE('',#1656,#1648,#1658,.T.);
#1656 = VERTEX_POINT('',#1657);
#1657 = CARTESIAN_POINT('',(119.3,96.3,24.));
#1658 = LINE('',#1659,#1660);
#1659 = CARTESIAN_POINT('',(97.85,96.3,24.));
#1660 = VECTOR('',#1661,1.);
#1661 = DIRECTION('',(-1.,0.,0.));
#1662 = ORIENTED_EDGE('',*,*,#1663,.F.);
#1663 = EDGE_CURVE('',#1638,#1656,#1664,.T.);
#1664 = LINE('',#1665,#1666);
#1665 = CARTESIAN_POINT('',(119.3,74.35,24.));
#1666 = VECTOR('',#1667,1.);
#1667 = DIRECTION('',(0.,1.,0.));
#1668 = PLANE('',#1669);
#1669 = AXIS2_PLACEMENT_3D('',#1670,#1671,#1672);
#1670 = CARTESIAN_POINT('',(85.,65.,24.));
#1671 = DIRECTION('',(0.,0.,1.));
#1672 = DIRECTION('',(1.,0.,0.));
#1673 = ADVANCED_FACE('',(#1674),#1726,.T.);
#1674 = FACE_BOUND('',#1675,.T.);
#1675 = EDGE_LOOP('',(#1676,#1677,#1678,#1686,#1695,#1704,#1712,#1720));
#1676 = ORIENTED_EDGE('',*,*,#257,.T.);
#1677 = ORIENTED_EDGE('',*,*,#534,.F.);
#1678 = ORIENTED_EDGE('',*,*,#1679,.F.);
#1679 = EDGE_CURVE('',#1680,#535,#1682,.T.);
#1680 = VERTEX_POINT('',#1681);
#1681 = CARTESIAN_POINT('',(46.89539341834,-5.469477397352,4.));
#1682 = LINE('',#1683,#1684);
#1683 = CARTESIAN_POINT('',(2.830576295061,-66.05860094186,4.));
#1684 = VECTOR('',#1685,1.);
#1685 = DIRECTION('',(0.588171697675,0.808736084303,0.));
#1686 = ORIENTED_EDGE('',*,*,#1687,.F.);
#1687 = EDGE_CURVE('',#1688,#1680,#1690,.T.);
#1688 = VERTEX_POINT('',#1689);
#1689 = CARTESIAN_POINT('',(75.,-64.,4.));
#1690 = CIRCLE('',#1691,75.);
#1691 = AXIS2_PLACEMENT_3D('',#1692,#1693,#1694);
#1692 = CARTESIAN_POINT('',(0.,-64.,4.));
#1693 = DIRECTION('',(0.,0.,1.));
#1694 = DIRECTION('',(1.,0.,0.));
#1695 = ORIENTED_EDGE('',*,*,#1696,.F.);
#1696 = EDGE_CURVE('',#1697,#1688,#1699,.T.);
#1697 = VERTEX_POINT('',#1698);
#1698 = CARTESIAN_POINT('',(73.769149363623,-77.53191051431,4.));
#1699 = CIRCLE('',#1700,75.);
#1700 = AXIS2_PLACEMENT_3D('',#1701,#1702,#1703);
#1701 = CARTESIAN_POINT('',(0.,-64.,4.));
#1702 = DIRECTION('',(0.,0.,1.));
#1703 = DIRECTION('',(1.,0.,0.));
#1704 = ORIENTED_EDGE('',*,*,#1705,.T.);
#1705 = EDGE_CURVE('',#1697,#1706,#1708,.T.);
#1706 = VERTEX_POINT('',#1707);
#1707 = CARTESIAN_POINT('',(85.,-80.13907226919,4.));
#1708 = LINE('',#1709,#1710);
#1709 = CARTESIAN_POINT('',(0.791453975198,-60.59065979914,4.));
#1710 = VECTOR('',#1711,1.);
#1711 = DIRECTION('',(0.974097200243,-0.226129707199,0.));
#1712 = ORIENTED_EDGE('',*,*,#1713,.T.);
#1713 = EDGE_CURVE('',#1706,#1714,#1716,.T.);
#1714 = VERTEX_POINT('',#1715);
#1715 = CARTESIAN_POINT('',(85.,-65.,4.));
#1716 = LINE('',#1717,#1718);
#1717 = CARTESIAN_POINT('',(85.,-115.,4.));
#1718 = VECTOR('',#1719,1.);
#1719 = DIRECTION('',(0.,1.,0.));
#1720 = ORIENTED_EDGE('',*,*,#1721,.T.);
#1721 = EDGE_CURVE('',#1714,#258,#1722,.T.);
#1722 = LINE('',#1723,#1724);
#1723 = CARTESIAN_POINT('',(85.,-65.,4.));
#1724 = VECTOR('',#1725,1.);
#1725 = DIRECTION('',(1.,0.,0.));
#1726 = PLANE('',#1727);
#1727 = AXIS2_PLACEMENT_3D('',#1728,#1729,#1730);
#1728 = CARTESIAN_POINT('',(-140.,-147.5,4.));
#1729 = DIRECTION('',(0.,0.,1.));
#1730 = DIRECTION('',(1.,0.,0.));
#1731 = ADVANCED_FACE('',(#1732),#1757,.T.);
#1732 = FACE_BOUND('',#1733,.T.);
#1733 = EDGE_LOOP('',(#1734,#1735,#1741,#1742,#1750,#1756));
#1734 = ORIENTED_EDGE('',*,*,#1721,.F.);
#1735 = ORIENTED_EDGE('',*,*,#1736,.T.);
#1736 = EDGE_CURVE('',#1714,#1069,#1737,.T.);
#1737 = LINE('',#1738,#1739);
#1738 = CARTESIAN_POINT('',(85.,-65.,4.));
#1739 = VECTOR('',#1740,1.);
#1740 = DIRECTION('',(0.,0.,1.));
#1741 = ORIENTED_EDGE('',*,*,#1068,.T.);
#1742 = ORIENTED_EDGE('',*,*,#1743,.T.);
#1743 = EDGE_CURVE('',#1060,#1744,#1746,.T.);
#1744 = VERTEX_POINT('',#1745);
#1745 = CARTESIAN_POINT('',(101.99509792142,-65.,24.));
#1746 = LINE('',#1747,#1748);
#1747 = CARTESIAN_POINT('',(101.99509792142,-65.,10.));
#1748 = VECTOR('',#1749,1.);
#1749 = DIRECTION('',(0.,0.,1.));
#1750 = ORIENTED_EDGE('',*,*,#1751,.T.);
#1751 = EDGE_CURVE('',#1744,#266,#1752,.T.);
#1752 = LINE('',#1753,#1754);
#1753 = CARTESIAN_POINT('',(85.,-65.,24.));
#1754 = VECTOR('',#1755,1.);
#1755 = DIRECTION('',(1.,0.,0.));
#1756 = ORIENTED_EDGE('',*,*,#265,.F.);
#1757 = PLANE('',#1758);
#1758 = AXIS2_PLACEMENT_3D('',#1759,#1760,#1761);
#1759 = CARTESIAN_POINT('',(85.,-65.,4.));
#1760 = DIRECTION('',(0.,1.,0.));
#1761 = DIRECTION('',(0.,0.,1.));
#1762 = ADVANCED_FACE('',(#1763,#1782),#1816,.T.);
#1763 = FACE_BOUND('',#1764,.T.);
#1764 = EDGE_LOOP('',(#1765,#1774,#1780,#1781));
#1765 = ORIENTED_EDGE('',*,*,#1766,.F.);
#1766 = EDGE_CURVE('',#1767,#1744,#1769,.T.);
#1767 = VERTEX_POINT('',#1768);
#1768 = CARTESIAN_POINT('',(88.334591186013,-115.,24.));
#1769 = CIRCLE('',#1770,102.);
#1770 = AXIS2_PLACEMENT_3D('',#1771,#1772,#1773);
#1771 = CARTESIAN_POINT('',(0.,-64.,24.));
#1772 = DIRECTION('',(0.,0.,1.));
#1773 = DIRECTION('',(1.,0.,0.));
#1774 = ORIENTED_EDGE('',*,*,#1775,.T.);
#1775 = EDGE_CURVE('',#1767,#274,#1776,.T.);
#1776 = LINE('',#1777,#1778);
#1777 = CARTESIAN_POINT('',(85.,-115.,24.));
#1778 = VECTOR('',#1779,1.);
#1779 = DIRECTION('',(1.,0.,0.));
#1780 = ORIENTED_EDGE('',*,*,#273,.T.);
#1781 = ORIENTED_EDGE('',*,*,#1751,.F.);
#1782 = FACE_BOUND('',#1783,.T.);
#1783 = EDGE_LOOP('',(#1784,#1794,#1802,#1810));
#1784 = ORIENTED_EDGE('',*,*,#1785,.T.);
#1785 = EDGE_CURVE('',#1786,#1788,#1790,.T.);
#1786 = VERTEX_POINT('',#1787);
#1787 = CARTESIAN_POINT('',(119.3,-96.3,24.));
#1788 = VERTEX_POINT('',#1789);
#1789 = CARTESIAN_POINT('',(110.7,-96.3,24.));
#1790 = LINE('',#1791,#1792);
#1791 = CARTESIAN_POINT('',(97.85,-96.3,24.));
#1792 = VECTOR('',#1793,1.);
#1793 = DIRECTION('',(-1.,0.,0.));
#1794 = ORIENTED_EDGE('',*,*,#1795,.T.);
#1795 = EDGE_CURVE('',#1788,#1796,#1798,.T.);
#1796 = VERTEX_POINT('',#1797);
#1797 = CARTESIAN_POINT('',(110.7,-83.7,24.));
#1798 = LINE('',#1799,#1800);
#1799 = CARTESIAN_POINT('',(110.7,-105.65,24.));
#1800 = VECTOR('',#1801,1.);
#1801 = DIRECTION('',(0.,1.,0.));
#1802 = ORIENTED_EDGE('',*,*,#1803,.F.);
#1803 = EDGE_CURVE('',#1804,#1796,#1806,.T.);
#1804 = VERTEX_POINT('',#1805);
#1805 = CARTESIAN_POINT('',(119.3,-83.7,24.));
#1806 = LINE('',#1807,#1808);
#1807 = CARTESIAN_POINT('',(97.85,-83.7,24.));
#1808 = VECTOR('',#1809,1.);
#1809 = DIRECTION('',(-1.,0.,0.));
#1810 = ORIENTED_EDGE('',*,*,#1811,.F.);
#1811 = EDGE_CURVE('',#1786,#1804,#1812,.T.);
#1812 = LINE('',#1813,#1814);
#1813 = CARTESIAN_POINT('',(119.3,-105.65,24.));
#1814 = VECTOR('',#1815,1.);
#1815 = DIRECTION('',(0.,1.,0.));
#1816 = PLANE('',#1817);
#1817 = AXIS2_PLACEMENT_3D('',#1818,#1819,#1820);
#1818 = CARTESIAN_POINT('',(85.,-115.,24.));
#1819 = DIRECTION('',(0.,0.,1.));
#1820 = DIRECTION('',(1.,0.,0.));
#1821 = ADVANCED_FACE('',(#1822),#1847,.F.);
#1822 = FACE_BOUND('',#1823,.F.);
#1823 = EDGE_LOOP('',(#1824,#1832,#1838,#1839,#1845,#1846));
#1824 = ORIENTED_EDGE('',*,*,#1825,.F.);
#1825 = EDGE_CURVE('',#1826,#282,#1828,.T.);
#1826 = VERTEX_POINT('',#1827);
#1827 = CARTESIAN_POINT('',(85.,-115.,4.));
#1828 = LINE('',#1829,#1830);
#1829 = CARTESIAN_POINT('',(85.,-115.,4.));
#1830 = VECTOR('',#1831,1.);
#1831 = DIRECTION('',(1.,0.,0.));
#1832 = ORIENTED_EDGE('',*,*,#1833,.T.);
#1833 = EDGE_CURVE('',#1826,#1011,#1834,.T.);
#1834 = LINE('',#1835,#1836);
#1835 = CARTESIAN_POINT('',(85.,-115.,4.));
#1836 = VECTOR('',#1837,1.);
#1837 = DIRECTION('',(0.,0.,1.));
#1838 = ORIENTED_EDGE('',*,*,#1018,.T.);
#1839 = ORIENTED_EDGE('',*,*,#1840,.T.);
#1840 = EDGE_CURVE('',#1019,#1767,#1841,.T.);
#1841 = LINE('',#1842,#1843);
#1842 = CARTESIAN_POINT('',(88.334591186013,-115.,10.));
#1843 = VECTOR('',#1844,1.);
#1844 = DIRECTION('',(0.,0.,1.));
#1845 = ORIENTED_EDGE('',*,*,#1775,.T.);
#1846 = ORIENTED_EDGE('',*,*,#281,.F.);
#1847 = PLANE('',#1848);
#1848 = AXIS2_PLACEMENT_3D('',#1849,#1850,#1851);
#1849 = CARTESIAN_POINT('',(85.,-115.,4.));
#1850 = DIRECTION('',(0.,1.,0.));
#1851 = DIRECTION('',(0.,0.,1.));
#1852 = ADVANCED_FACE('',(#1853),#1896,.T.);
#1853 = FACE_BOUND('',#1854,.T.);
#1854 = EDGE_LOOP('',(#1855,#1856,#1857,#1865,#1873,#1882,#1890));
#1855 = ORIENTED_EDGE('',*,*,#289,.T.);
#1856 = ORIENTED_EDGE('',*,*,#1825,.F.);
#1857 = ORIENTED_EDGE('',*,*,#1858,.T.);
#1858 = EDGE_CURVE('',#1826,#1859,#1861,.T.);
#1859 = VERTEX_POINT('',#1860);
#1860 = CARTESIAN_POINT('',(85.,-87.32521344509,4.));
#1861 = LINE('',#1862,#1863);
#1862 = CARTESIAN_POINT('',(85.,-115.,4.));
#1863 = VECTOR('',#1864,1.);
#1864 = DIRECTION('',(0.,1.,0.));
#1865 = ORIENTED_EDGE('',*,*,#1866,.F.);
#1866 = EDGE_CURVE('',#1867,#1859,#1869,.T.);
#1867 = VERTEX_POINT('',#1868);
#1868 = CARTESIAN_POINT('',(72.186241413227,-84.35059091602,4.));
#1869 = LINE('',#1870,#1871);
#1870 = CARTESIAN_POINT('',(-0.791453975198,-67.40934020085,4.));
#1871 = VECTOR('',#1872,1.);
#1872 = DIRECTION('',(0.974097200243,-0.226129707199,0.));
#1873 = ORIENTED_EDGE('',*,*,#1874,.F.);
#1874 = EDGE_CURVE('',#1875,#1867,#1877,.T.);
#1875 = VERTEX_POINT('',#1876);
#1876 = CARTESIAN_POINT('',(3.500000000001,-138.9182888218,4.));
#1877 = CIRCLE('',#1878,75.);
#1878 = AXIS2_PLACEMENT_3D('',#1879,#1880,#1881);
#1879 = CARTESIAN_POINT('',(0.,-64.,4.));
#1880 = DIRECTION('',(0.,0.,1.));
#1881 = DIRECTION('',(1.,0.,0.));
#1882 = ORIENTED_EDGE('',*,*,#1883,.T.);
#1883 = EDGE_CURVE('',#1875,#1884,#1886,.T.);
#1884 = VERTEX_POINT('',#1885);
#1885 = CARTESIAN_POINT('',(3.5,-139.5,4.));
#1886 = LINE('',#1887,#1888);
#1887 = CARTESIAN_POINT('',(3.5,-64.,4.));
#1888 = VECTOR('',#1889,1.);
#1889 = DIRECTION('',(1.110223024625E-16,-1.,0.));
#1890 = ORIENTED_EDGE('',*,*,#1891,.T.);
#1891 = EDGE_CURVE('',#1884,#290,#1892,.T.);
#1892 = LINE('',#1893,#1894);
#1893 = CARTESIAN_POINT('',(-140.,-139.5,4.));
#1894 = VECTOR('',#1895,1.);
#1895 = DIRECTION('',(1.,0.,0.));
#1896 = PLANE('',#1897);
#1897 = AXIS2_PLACEMENT_3D('',#1898,#1899,#1900);
#1898 = CARTESIAN_POINT('',(-140.,-147.5,4.));
#1899 = DIRECTION('',(0.,0.,1.));
#1900 = DIRECTION('',(1.,0.,0.));
#1901 = ADVANCED_FACE('',(#1902),#1927,.T.);
#1902 = FACE_BOUND('',#1903,.T.);
#1903 = EDGE_LOOP('',(#1904,#1905,#1911,#1912,#1920,#1926));
#1904 = ORIENTED_EDGE('',*,*,#1891,.F.);
#1905 = ORIENTED_EDGE('',*,*,#1906,.T.);
#1906 = EDGE_CURVE('',#1884,#978,#1907,.T.);
#1907 = LINE('',#1908,#1909);
#1908 = CARTESIAN_POINT('',(3.5,-139.5,4.));
#1909 = VECTOR('',#1910,1.);
#1910 = DIRECTION('',(0.,0.,1.));
#1911 = ORIENTED_EDGE('',*,*,#977,.T.);
#1912 = ORIENTED_EDGE('',*,*,#1913,.T.);
#1913 = EDGE_CURVE('',#969,#1914,#1916,.T.);
#1914 = VERTEX_POINT('',#1915);
#1915 = CARTESIAN_POINT('',(68.583890236702,-139.5,14.));
#1916 = LINE('',#1917,#1918);
#1917 = CARTESIAN_POINT('',(68.583890236702,-139.5,10.));
#1918 = VECTOR('',#1919,1.);
#1919 = DIRECTION('',(0.,0.,1.));
#1920 = ORIENTED_EDGE('',*,*,#1921,.T.);
#1921 = EDGE_CURVE('',#1914,#298,#1922,.T.);
#1922 = LINE('',#1923,#1924);
#1923 = CARTESIAN_POINT('',(-140.,-139.5,14.));
#1924 = VECTOR('',#1925,1.);
#1925 = DIRECTION('',(1.,0.,0.));
#1926 = ORIENTED_EDGE('',*,*,#297,.F.);
#1927 = PLANE('',#1928);
#1928 = AXIS2_PLACEMENT_3D('',#1929,#1930,#1931);
#1929 = CARTESIAN_POINT('',(-140.,-139.5,4.));
#1930 = DIRECTION('',(0.,1.,0.));
#1931 = DIRECTION('',(0.,0.,1.));
#1932 = ADVANCED_FACE('',(#1933),#1945,.T.);
#1933 = FACE_BOUND('',#1934,.T.);
#1934 = EDGE_LOOP('',(#1935,#1942,#1943,#1944));
#1935 = ORIENTED_EDGE('',*,*,#1936,.F.);
#1936 = EDGE_CURVE('',#1418,#1914,#1937,.T.);
#1937 = CIRCLE('',#1938,102.);
#1938 = AXIS2_PLACEMENT_3D('',#1939,#1940,#1941);
#1939 = CARTESIAN_POINT('',(0.,-64.,14.));
#1940 = DIRECTION('',(0.,0.,1.));
#1941 = DIRECTION('',(1.,0.,0.));
#1942 = ORIENTED_EDGE('',*,*,#1417,.T.);
#1943 = ORIENTED_EDGE('',*,*,#305,.T.);
#1944 = ORIENTED_EDGE('',*,*,#1921,.F.);
#1945 = PLANE('',#1946);
#1946 = AXIS2_PLACEMENT_3D('',#1947,#1948,#1949);
#1947 = CARTESIAN_POINT('',(0.,-136.7793566267,14.));
#1948 = DIRECTION('',(0.,0.,1.));
#1949 = DIRECTION('',(1.,0.,0.));
#1950 = ADVANCED_FACE('',(#1951),#1976,.T.);
#1951 = FACE_BOUND('',#1952,.T.);
#1952 = EDGE_LOOP('',(#1953,#1963,#1969,#1970));
#1953 = ORIENTED_EDGE('',*,*,#1954,.F.);
#1954 = EDGE_CURVE('',#1955,#1957,#1959,.T.);
#1955 = VERTEX_POINT('',#1956);
#1956 = CARTESIAN_POINT('',(89.6,102.4,3.6));
#1957 = VERTEX_POINT('',#1958);
#1958 = CARTESIAN_POINT('',(89.6,102.4,8.4));
#1959 = LINE('',#1960,#1961);
#1960 = CARTESIAN_POINT('',(89.6,102.4,3.6));
#1961 = VECTOR('',#1962,1.);
#1962 = DIRECTION('',(0.,0.,1.));
#1963 = ORIENTED_EDGE('',*,*,#1964,.T.);
#1964 = EDGE_CURVE('',#1955,#316,#1965,.T.);
#1965 = LINE('',#1966,#1967);
#1966 = CARTESIAN_POINT('',(89.6,102.4,3.6));
#1967 = VECTOR('',#1968,1.);
#1968 = DIRECTION('',(1.,0.,0.));
#1969 = ORIENTED_EDGE('',*,*,#313,.F.);
#1970 = ORIENTED_EDGE('',*,*,#1971,.F.);
#1971 = EDGE_CURVE('',#1957,#314,#1972,.T.);
#1972 = LINE('',#1973,#1974);
#1973 = CARTESIAN_POINT('',(89.6,102.4,8.4));
#1974 = VECTOR('',#1975,1.);
#1975 = DIRECTION('',(1.,0.,0.));
#1976 = PLANE('',#1977);
#1977 = AXIS2_PLACEMENT_3D('',#1978,#1979,#1980);
#1978 = CARTESIAN_POINT('',(89.6,102.4,3.6));
#1979 = DIRECTION('',(0.,-1.,0.));
#1980 = DIRECTION('',(0.,0.,1.));
#1981 = ADVANCED_FACE('',(#1982,#2000),#2034,.T.);
#1982 = FACE_BOUND('',#1983,.T.);
#1983 = EDGE_LOOP('',(#1984,#1992,#1998,#1999));
#1984 = ORIENTED_EDGE('',*,*,#1985,.F.);
#1985 = EDGE_CURVE('',#1986,#1955,#1988,.T.);
#1986 = VERTEX_POINT('',#1987);
#1987 = CARTESIAN_POINT('',(89.6,77.6,3.6));
#1988 = LINE('',#1989,#1990);
#1989 = CARTESIAN_POINT('',(89.6,77.6,3.6));
#1990 = VECTOR('',#1991,1.);
#1991 = DIRECTION('',(0.,1.,0.));
#1992 = ORIENTED_EDGE('',*,*,#1993,.T.);
#1993 = EDGE_CURVE('',#1986,#324,#1994,.T.);
#1994 = LINE('',#1995,#1996);
#1995 = CARTESIAN_POINT('',(89.6,77.6,3.6));
#1996 = VECTOR('',#1997,1.);
#1997 = DIRECTION('',(1.,0.,0.));
#1998 = ORIENTED_EDGE('',*,*,#323,.F.);
#1999 = ORIENTED_EDGE('',*,*,#1964,.F.);
#2000 = FACE_BOUND('',#2001,.T.);
#2001 = EDGE_LOOP('',(#2002,#2012,#2020,#2028));
#2002 = ORIENTED_EDGE('',*,*,#2003,.T.);
#2003 = EDGE_CURVE('',#2004,#2006,#2008,.T.);
#2004 = VERTEX_POINT('',#2005);
#2005 = CARTESIAN_POINT('',(119.3,83.7,3.6));
#2006 = VERTEX_POINT('',#2007);
#2007 = CARTESIAN_POINT('',(110.7,83.7,3.6));
#2008 = LINE('',#2009,#2010);
#2009 = CARTESIAN_POINT('',(100.15,83.7,3.6));
#2010 = VECTOR('',#2011,1.);
#2011 = DIRECTION('',(-1.,0.,0.));
#2012 = ORIENTED_EDGE('',*,*,#2013,.T.);
#2013 = EDGE_CURVE('',#2006,#2014,#2016,.T.);
#2014 = VERTEX_POINT('',#2015);
#2015 = CARTESIAN_POINT('',(110.7,96.3,3.6));
#2016 = LINE('',#2017,#2018);
#2017 = CARTESIAN_POINT('',(110.7,80.65,3.6));
#2018 = VECTOR('',#2019,1.);
#2019 = DIRECTION('',(0.,1.,0.));
#2020 = ORIENTED_EDGE('',*,*,#2021,.F.);
#2021 = EDGE_CURVE('',#2022,#2014,#2024,.T.);
#2022 = VERTEX_POINT('',#2023);
#2023 = CARTESIAN_POINT('',(119.3,96.3,3.6));
#2024 = LINE('',#2025,#2026);
#2025 = CARTESIAN_POINT('',(100.15,96.3,3.6));
#2026 = VECTOR('',#2027,1.);
#2027 = DIRECTION('',(-1.,0.,0.));
#2028 = ORIENTED_EDGE('',*,*,#2029,.F.);
#2029 = EDGE_CURVE('',#2004,#2022,#2030,.T.);
#2030 = LINE('',#2031,#2032);
#2031 = CARTESIAN_POINT('',(119.3,80.65,3.6));
#2032 = VECTOR('',#2033,1.);
#2033 = DIRECTION('',(0.,1.,0.));
#2034 = PLANE('',#2035);
#2035 = AXIS2_PLACEMENT_3D('',#2036,#2037,#2038);
#2036 = CARTESIAN_POINT('',(89.6,77.6,3.6));
#2037 = DIRECTION('',(0.,0.,1.));
#2038 = DIRECTION('',(0.,1.,0.));
#2039 = ADVANCED_FACE('',(#2040),#2058,.T.);
#2040 = FACE_BOUND('',#2041,.T.);
#2041 = EDGE_LOOP('',(#2042,#2050,#2056,#2057));
#2042 = ORIENTED_EDGE('',*,*,#2043,.F.);
#2043 = EDGE_CURVE('',#2044,#1986,#2046,.T.);
#2044 = VERTEX_POINT('',#2045);
#2045 = CARTESIAN_POINT('',(89.6,77.6,8.4));
#2046 = LINE('',#2047,#2048);
#2047 = CARTESIAN_POINT('',(89.6,77.6,8.4));
#2048 = VECTOR('',#2049,1.);
#2049 = DIRECTION('',(0.,0.,-1.));
#2050 = ORIENTED_EDGE('',*,*,#2051,.T.);
#2051 = EDGE_CURVE('',#2044,#332,#2052,.T.);
#2052 = LINE('',#2053,#2054);
#2053 = CARTESIAN_POINT('',(89.6,77.6,8.4));
#2054 = VECTOR('',#2055,1.);
#2055 = DIRECTION('',(1.,0.,0.));
#2056 = ORIENTED_EDGE('',*,*,#331,.F.);
#2057 = ORIENTED_EDGE('',*,*,#1993,.F.);
#2058 = PLANE('',#2059);
#2059 = AXIS2_PLACEMENT_3D('',#2060,#2061,#2062);
#2060 = CARTESIAN_POINT('',(89.6,77.6,8.4));
#2061 = DIRECTION('',(0.,1.,0.));
#2062 = DIRECTION('',(0.,0.,-1.));
#2063 = ADVANCED_FACE('',(#2064),#2114,.T.);
#2064 = FACE_BOUND('',#2065,.T.);
#2065 = EDGE_LOOP('',(#2066,#2074,#2082,#2090,#2098,#2106,#2112,#2113));
#2066 = ORIENTED_EDGE('',*,*,#2067,.F.);
#2067 = EDGE_CURVE('',#2068,#2044,#2070,.T.);
#2068 = VERTEX_POINT('',#2069);
#2069 = CARTESIAN_POINT('',(89.6,90.,20.4));
#2070 = LINE('',#2071,#2072);
#2071 = CARTESIAN_POINT('',(89.6,90.,20.4));
#2072 = VECTOR('',#2073,1.);
#2073 = DIRECTION('',(0.,-0.718602141767,-0.695421427516));
#2074 = ORIENTED_EDGE('',*,*,#2075,.T.);
#2075 = EDGE_CURVE('',#2068,#2076,#2078,.T.);
#2076 = VERTEX_POINT('',#2077);
#2077 = CARTESIAN_POINT('',(110.7,90.,20.4));
#2078 = LINE('',#2079,#2080);
#2079 = CARTESIAN_POINT('',(89.6,90.,20.4));
#2080 = VECTOR('',#2081,1.);
#2081 = DIRECTION('',(1.,0.,0.));
#2082 = ORIENTED_EDGE('',*,*,#2083,.T.);
#2083 = EDGE_CURVE('',#2076,#2084,#2086,.T.);
#2084 = VERTEX_POINT('',#2085);
#2085 = CARTESIAN_POINT('',(110.7,83.7,14.303225806452));
#2086 = LINE('',#2087,#2088);
#2087 = CARTESIAN_POINT('',(110.7,83.026249328318,13.651209027405));
#2088 = VECTOR('',#2089,1.);
#2089 = DIRECTION('',(0.,-0.718602141767,-0.695421427516));
#2090 = ORIENTED_EDGE('',*,*,#2091,.T.);
#2091 = EDGE_CURVE('',#2084,#2092,#2094,.T.);
#2092 = VERTEX_POINT('',#2093);
#2093 = CARTESIAN_POINT('',(119.3,83.7,14.303225806452));
#2094 = LINE('',#2095,#2096);
#2095 = CARTESIAN_POINT('',(100.15,83.7,14.303225806452));
#2096 = VECTOR('',#2097,1.);
#2097 = DIRECTION('',(1.,0.,0.));
#2098 = ORIENTED_EDGE('',*,*,#2099,.F.);
#2099 = EDGE_CURVE('',#2100,#2092,#2102,.T.);
#2100 = VERTEX_POINT('',#2101);
#2101 = CARTESIAN_POINT('',(119.3,90.,20.4));
#2102 = LINE('',#2103,#2104);
#2103 = CARTESIAN_POINT('',(119.3,83.026249328318,13.651209027405));
#2104 = VECTOR('',#2105,1.);
#2105 = DIRECTION('',(0.,-0.718602141767,-0.695421427516));
#2106 = ORIENTED_EDGE('',*,*,#2107,.T.);
#2107 = EDGE_CURVE('',#2100,#340,#2108,.T.);
#2108 = LINE('',#2109,#2110);
#2109 = CARTESIAN_POINT('',(89.6,90.,20.4));
#2110 = VECTOR('',#2111,1.);
#2111 = DIRECTION('',(1.,0.,0.));
#2112 = ORIENTED_EDGE('',*,*,#339,.F.);
#2113 = ORIENTED_EDGE('',*,*,#2051,.F.);
#2114 = PLANE('',#2115);
#2115 = AXIS2_PLACEMENT_3D('',#2116,#2117,#2118);
#2116 = CARTESIAN_POINT('',(89.6,90.,20.4));
#2117 = DIRECTION('',(0.,0.695421427516,-0.718602141767));
#2118 = DIRECTION('',(0.,-0.718602141767,-0.695421427516));
#2119 = ADVANCED_FACE('',(#2120),#2154,.T.);
#2120 = FACE_BOUND('',#2121,.T.);
#2121 = EDGE_LOOP('',(#2122,#2128,#2129,#2130,#2131,#2139,#2147,#2153));
#2122 = ORIENTED_EDGE('',*,*,#2123,.F.);
#2123 = EDGE_CURVE('',#1957,#2068,#2124,.T.);
#2124 = LINE('',#2125,#2126);
#2125 = CARTESIAN_POINT('',(89.6,102.4,8.4));
#2126 = VECTOR('',#2127,1.);
#2127 = DIRECTION('',(0.,-0.718602141767,0.695421427516));
#2128 = ORIENTED_EDGE('',*,*,#1971,.T.);
#2129 = ORIENTED_EDGE('',*,*,#347,.F.);
#2130 = ORIENTED_EDGE('',*,*,#2107,.F.);
#2131 = ORIENTED_EDGE('',*,*,#2132,.F.);
#2132 = EDGE_CURVE('',#2133,#2100,#2135,.T.);
#2133 = VERTEX_POINT('',#2134);
#2134 = CARTESIAN_POINT('',(119.3,96.3,14.303225806452));
#2135 = LINE('',#2136,#2137);
#2136 = CARTESIAN_POINT('',(119.3,99.920499731327,10.799516389038));
#2137 = VECTOR('',#2138,1.);
#2138 = DIRECTION('',(0.,-0.718602141767,0.695421427516));
#2139 = ORIENTED_EDGE('',*,*,#2140,.F.);
#2140 = EDGE_CURVE('',#2141,#2133,#2143,.T.);
#2141 = VERTEX_POINT('',#2142);
#2142 = CARTESIAN_POINT('',(110.7,96.3,14.303225806452));
#2143 = LINE('',#2144,#2145);
#2144 = CARTESIAN_POINT('',(100.15,96.3,14.303225806452));
#2145 = VECTOR('',#2146,1.);
#2146 = DIRECTION('',(1.,0.,0.));
#2147 = ORIENTED_EDGE('',*,*,#2148,.T.);
#2148 = EDGE_CURVE('',#2141,#2076,#2149,.T.);
#2149 = LINE('',#2150,#2151);
#2150 = CARTESIAN_POINT('',(110.7,99.920499731327,10.799516389038));
#2151 = VECTOR('',#2152,1.);
#2152 = DIRECTION('',(0.,-0.718602141767,0.695421427516));
#2153 = ORIENTED_EDGE('',*,*,#2075,.F.);
#2154 = PLANE('',#2155);
#2155 = AXIS2_PLACEMENT_3D('',#2156,#2157,#2158);
#2156 = CARTESIAN_POINT('',(89.6,102.4,8.4));
#2157 = DIRECTION('',(0.,-0.695421427516,-0.718602141767));
#2158 = DIRECTION('',(0.,-0.718602141767,0.695421427516));
#2159 = ADVANCED_FACE('',(#2160),#2185,.T.);
#2160 = FACE_BOUND('',#2161,.T.);
#2161 = EDGE_LOOP('',(#2162,#2172,#2178,#2179));
#2162 = ORIENTED_EDGE('',*,*,#2163,.F.);
#2163 = EDGE_CURVE('',#2164,#2166,#2168,.T.);
#2164 = VERTEX_POINT('',#2165);
#2165 = CARTESIAN_POINT('',(89.6,-77.6,3.6));
#2166 = VERTEX_POINT('',#2167);
#2167 = CARTESIAN_POINT('',(89.6,-77.6,8.4));
#2168 = LINE('',#2169,#2170);
#2169 = CARTESIAN_POINT('',(89.6,-77.6,3.6));
#2170 = VECTOR('',#2171,1.);
#2171 = DIRECTION('',(0.,0.,1.));
#2172 = ORIENTED_EDGE('',*,*,#2173,.T.);
#2173 = EDGE_CURVE('',#2164,#358,#2174,.T.);
#2174 = LINE('',#2175,#2176);
#2175 = CARTESIAN_POINT('',(89.6,-77.6,3.6));
#2176 = VECTOR('',#2177,1.);
#2177 = DIRECTION('',(1.,0.,0.));
#2178 = ORIENTED_EDGE('',*,*,#355,.F.);
#2179 = ORIENTED_EDGE('',*,*,#2180,.F.);
#2180 = EDGE_CURVE('',#2166,#356,#2181,.T.);
#2181 = LINE('',#2182,#2183);
#2182 = CARTESIAN_POINT('',(89.6,-77.6,8.4));
#2183 = VECTOR('',#2184,1.);
#2184 = DIRECTION('',(1.,0.,0.));
#2185 = PLANE('',#2186);
#2186 = AXIS2_PLACEMENT_3D('',#2187,#2188,#2189);
#2187 = CARTESIAN_POINT('',(89.6,-77.6,3.6));
#2188 = DIRECTION('',(0.,-1.,0.));
#2189 = DIRECTION('',(0.,0.,1.));
#2190 = ADVANCED_FACE('',(#2191,#2209),#2243,.T.);
#2191 = FACE_BOUND('',#2192,.T.);
#2192 = EDGE_LOOP('',(#2193,#2201,#2207,#2208));
#2193 = ORIENTED_EDGE('',*,*,#2194,.F.);
#2194 = EDGE_CURVE('',#2195,#2164,#2197,.T.);
#2195 = VERTEX_POINT('',#2196);
#2196 = CARTESIAN_POINT('',(89.6,-102.4,3.6));
#2197 = LINE('',#2198,#2199);
#2198 = CARTESIAN_POINT('',(89.6,-102.4,3.6));
#2199 = VECTOR('',#2200,1.);
#2200 = DIRECTION('',(0.,1.,0.));
#2201 = ORIENTED_EDGE('',*,*,#2202,.T.);
#2202 = EDGE_CURVE('',#2195,#366,#2203,.T.);
#2203 = LINE('',#2204,#2205);
#2204 = CARTESIAN_POINT('',(89.6,-102.4,3.6));
#2205 = VECTOR('',#2206,1.);
#2206 = DIRECTION('',(1.,0.,0.));
#2207 = ORIENTED_EDGE('',*,*,#365,.F.);
#2208 = ORIENTED_EDGE('',*,*,#2173,.F.);
#2209 = FACE_BOUND('',#2210,.T.);
#2210 = EDGE_LOOP('',(#2211,#2221,#2229,#2237));
#2211 = ORIENTED_EDGE('',*,*,#2212,.T.);
#2212 = EDGE_CURVE('',#2213,#2215,#2217,.T.);
#2213 = VERTEX_POINT('',#2214);
#2214 = CARTESIAN_POINT('',(119.3,-96.3,3.6));
#2215 = VERTEX_POINT('',#2216);
#2216 = CARTESIAN_POINT('',(110.7,-96.3,3.6));
#2217 = LINE('',#2218,#2219);
#2218 = CARTESIAN_POINT('',(100.15,-96.3,3.6));
#2219 = VECTOR('',#2220,1.);
#2220 = DIRECTION('',(-1.,0.,0.));
#2221 = ORIENTED_EDGE('',*,*,#2222,.T.);
#2222 = EDGE_CURVE('',#2215,#2223,#2225,.T.);
#2223 = VERTEX_POINT('',#2224);
#2224 = CARTESIAN_POINT('',(110.7,-83.7,3.6));
#2225 = LINE('',#2226,#2227);
#2226 = CARTESIAN_POINT('',(110.7,-99.35,3.6));
#2227 = VECTOR('',#2228,1.);
#2228 = DIRECTION('',(0.,1.,0.));
#2229 = ORIENTED_EDGE('',*,*,#2230,.F.);
#2230 = EDGE_CURVE('',#2231,#2223,#2233,.T.);
#2231 = VERTEX_POINT('',#2232);
#2232 = CARTESIAN_POINT('',(119.3,-83.7,3.6));
#2233 = LINE('',#2234,#2235);
#2234 = CARTESIAN_POINT('',(100.15,-83.7,3.6));
#2235 = VECTOR('',#2236,1.);
#2236 = DIRECTION('',(-1.,0.,0.));
#2237 = ORIENTED_EDGE('',*,*,#2238,.F.);
#2238 = EDGE_CURVE('',#2213,#2231,#2239,.T.);
#2239 = LINE('',#2240,#2241);
#2240 = CARTESIAN_POINT('',(119.3,-99.35,3.6));
#2241 = VECTOR('',#2242,1.);
#2242 = DIRECTION('',(0.,1.,0.));
#2243 = PLANE('',#2244);
#2244 = AXIS2_PLACEMENT_3D('',#2245,#2246,#2247);
#2245 = CARTESIAN_POINT('',(89.6,-102.4,3.6));
#2246 = DIRECTION('',(0.,0.,1.));
#2247 = DIRECTION('',(0.,1.,0.));
#2248 = ADVANCED_FACE('',(#2249),#2267,.T.);
#2249 = FACE_BOUND('',#2250,.T.);
#2250 = EDGE_LOOP('',(#2251,#2259,#2265,#2266));
#2251 = ORIENTED_EDGE('',*,*,#2252,.F.);
#2252 = EDGE_CURVE('',#2253,#2195,#2255,.T.);
#2253 = VERTEX_POINT('',#2254);
#2254 = CARTESIAN_POINT('',(89.6,-102.4,8.4));
#2255 = LINE('',#2256,#2257);
#2256 = CARTESIAN_POINT('',(89.6,-102.4,8.4));
#2257 = VECTOR('',#2258,1.);
#2258 = DIRECTION('',(0.,0.,-1.));
#2259 = ORIENTED_EDGE('',*,*,#2260,.T.);
#2260 = EDGE_CURVE('',#2253,#374,#2261,.T.);
#2261 = LINE('',#2262,#2263);
#2262 = CARTESIAN_POINT('',(89.6,-102.4,8.4));
#2263 = VECTOR('',#2264,1.);
#2264 = DIRECTION('',(1.,0.,0.));
#2265 = ORIENTED_EDGE('',*,*,#373,.F.);
#2266 = ORIENTED_EDGE('',*,*,#2202,.F.);
#2267 = PLANE('',#2268);
#2268 = AXIS2_PLACEMENT_3D('',#2269,#2270,#2271);
#2269 = CARTESIAN_POINT('',(89.6,-102.4,8.4));
#2270 = DIRECTION('',(0.,1.,0.));
#2271 = DIRECTION('',(0.,0.,-1.));
#2272 = ADVANCED_FACE('',(#2273),#2331,.T.);
#2273 = FACE_BOUND('',#2274,.T.);
#2274 = EDGE_LOOP('',(#2275,#2281,#2282,#2291,#2299,#2307,#2315,#2323,
    #2329,#2330));
#2275 = ORIENTED_EDGE('',*,*,#2276,.F.);
#2276 = EDGE_CURVE('',#1036,#2253,#2277,.T.);
#2277 = LINE('',#2278,#2279);
#2278 = CARTESIAN_POINT('',(89.6,-90.,20.4));
#2279 = VECTOR('',#2280,1.);
#2280 = DIRECTION('',(0.,-0.718602141767,-0.695421427516));
#2281 = ORIENTED_EDGE('',*,*,#1035,.T.);
#2282 = ORIENTED_EDGE('',*,*,#2283,.F.);
#2283 = EDGE_CURVE('',#2284,#1027,#2286,.T.);
#2284 = VERTEX_POINT('',#2285);
#2285 = CARTESIAN_POINT('',(98.630624047504,-90.,20.4));
#2286 = ELLIPSE('',#2287,141.94224324076,102.);
#2287 = AXIS2_PLACEMENT_3D('',#2288,#2289,#2290);
#2288 = CARTESIAN_POINT('',(0.,-64.,45.561290322564));
#2289 = DIRECTION('',(0.,0.695421427516,-0.718602141767));
#2290 = DIRECTION('',(0.,0.718602141767,0.695421427516));
#2291 = ORIENTED_EDGE('',*,*,#2292,.T.);
#2292 = EDGE_CURVE('',#2284,#2293,#2295,.T.);
#2293 = VERTEX_POINT('',#2294);
#2294 = CARTESIAN_POINT('',(110.7,-90.,20.4));
#2295 = LINE('',#2296,#2297);
#2296 = CARTESIAN_POINT('',(89.6,-90.,20.4));
#2297 = VECTOR('',#2298,1.);
#2298 = DIRECTION('',(1.,0.,0.));
#2299 = ORIENTED_EDGE('',*,*,#2300,.T.);
#2300 = EDGE_CURVE('',#2293,#2301,#2303,.T.);
#2301 = VERTEX_POINT('',#2302);
#2302 = CARTESIAN_POINT('',(110.7,-96.3,14.303225806452));
#2303 = LINE('',#2304,#2305);
#2304 = CARTESIAN_POINT('',(110.7,-96.97375067168,13.651209027405));
#2305 = VECTOR('',#2306,1.);
#2306 = DIRECTION('',(0.,-0.718602141767,-0.695421427516));
#2307 = ORIENTED_EDGE('',*,*,#2308,.T.);
#2308 = EDGE_CURVE('',#2301,#2309,#2311,.T.);
#2309 = VERTEX_POINT('',#2310);
#2310 = CARTESIAN_POINT('',(119.3,-96.3,14.303225806452));
#2311 = LINE('',#2312,#2313);
#2312 = CARTESIAN_POINT('',(100.15,-96.3,14.303225806452));
#2313 = VECTOR('',#2314,1.);
#2314 = DIRECTION('',(1.,0.,0.));
#2315 = ORIENTED_EDGE('',*,*,#2316,.F.);
#2316 = EDGE_CURVE('',#2317,#2309,#2319,.T.);
#2317 = VERTEX_POINT('',#2318);
#2318 = CARTESIAN_POINT('',(119.3,-90.,20.4));
#2319 = LINE('',#2320,#2321);
#2320 = CARTESIAN_POINT('',(119.3,-96.97375067168,13.651209027405));
#2321 = VECTOR('',#2322,1.);
#2322 = DIRECTION('',(0.,-0.718602141767,-0.695421427516));
#2323 = ORIENTED_EDGE('',*,*,#2324,.T.);
#2324 = EDGE_CURVE('',#2317,#382,#2325,.T.);
#2325 = LINE('',#2326,#2327);
#2326 = CARTESIAN_POINT('',(89.6,-90.,20.4));
#2327 = VECTOR('',#2328,1.);
#2328 = DIRECTION('',(1.,0.,0.));
#2329 = ORIENTED_EDGE('',*,*,#381,.F.);
#2330 = ORIENTED_EDGE('',*,*,#2260,.F.);
#2331 = PLANE('',#2332);
#2332 = AXIS2_PLACEMENT_3D('',#2333,#2334,#2335);
#2333 = CARTESIAN_POINT('',(89.6,-90.,20.4));
#2334 = DIRECTION('',(0.,0.695421427516,-0.718602141767));
#2335 = DIRECTION('',(0.,-0.718602141767,-0.695421427516));
#2336 = ADVANCED_FACE('',(#2337),#2379,.T.);
#2337 = FACE_BOUND('',#2338,.T.);
#2338 = EDGE_LOOP('',(#2339,#2345,#2346,#2347,#2348,#2356,#2364,#2370,
    #2371,#2378));
#2339 = ORIENTED_EDGE('',*,*,#2340,.F.);
#2340 = EDGE_CURVE('',#2166,#1044,#2341,.T.);
#2341 = LINE('',#2342,#2343);
#2342 = CARTESIAN_POINT('',(89.6,-77.6,8.4));
#2343 = VECTOR('',#2344,1.);
#2344 = DIRECTION('',(0.,-0.718602141767,0.695421427516));
#2345 = ORIENTED_EDGE('',*,*,#2180,.T.);
#2346 = ORIENTED_EDGE('',*,*,#389,.F.);
#2347 = ORIENTED_EDGE('',*,*,#2324,.F.);
#2348 = ORIENTED_EDGE('',*,*,#2349,.F.);
#2349 = EDGE_CURVE('',#2350,#2317,#2352,.T.);
#2350 = VERTEX_POINT('',#2351);
#2351 = CARTESIAN_POINT('',(119.3,-83.7,14.303225806452));
#2352 = LINE('',#2353,#2354);
#2353 = CARTESIAN_POINT('',(119.3,-80.07950026867,10.799516389038));
#2354 = VECTOR('',#2355,1.);
#2355 = DIRECTION('',(0.,-0.718602141767,0.695421427516));
#2356 = ORIENTED_EDGE('',*,*,#2357,.F.);
#2357 = EDGE_CURVE('',#2358,#2350,#2360,.T.);
#2358 = VERTEX_POINT('',#2359);
#2359 = CARTESIAN_POINT('',(110.7,-83.7,14.303225806452));
#2360 = LINE('',#2361,#2362);
#2361 = CARTESIAN_POINT('',(100.15,-83.7,14.303225806452));
#2362 = VECTOR('',#2363,1.);
#2363 = DIRECTION('',(1.,0.,0.));
#2364 = ORIENTED_EDGE('',*,*,#2365,.T.);
#2365 = EDGE_CURVE('',#2358,#2293,#2366,.T.);
#2366 = LINE('',#2367,#2368);
#2367 = CARTESIAN_POINT('',(110.7,-80.07950026867,10.799516389038));
#2368 = VECTOR('',#2369,1.);
#2369 = DIRECTION('',(0.,-0.718602141767,0.695421427516));
#2370 = ORIENTED_EDGE('',*,*,#2292,.F.);
#2371 = ORIENTED_EDGE('',*,*,#2372,.F.);
#2372 = EDGE_CURVE('',#1052,#2284,#2373,.T.);
#2373 = ELLIPSE('',#2374,141.94224324076,102.);
#2374 = AXIS2_PLACEMENT_3D('',#2375,#2376,#2377);
#2375 = CARTESIAN_POINT('',(0.,-64.,-4.761290322572));
#2376 = DIRECTION('',(-0.,-0.695421427516,-0.718602141767));
#2377 = DIRECTION('',(0.,-0.718602141767,0.695421427516));
#2378 = ORIENTED_EDGE('',*,*,#1051,.T.);
#2379 = PLANE('',#2380);
#2380 = AXIS2_PLACEMENT_3D('',#2381,#2382,#2383);
#2381 = CARTESIAN_POINT('',(89.6,-77.6,8.4));
#2382 = DIRECTION('',(0.,-0.695421427516,-0.718602141767));
#2383 = DIRECTION('',(0.,-0.718602141767,0.695421427516));
#2384 = ADVANCED_FACE('',(#2385),#2404,.F.);
#2385 = FACE_BOUND('',#2386,.F.);
#2386 = EDGE_LOOP('',(#2387,#2395,#2396,#2397));
#2387 = ORIENTED_EDGE('',*,*,#2388,.F.);
#2388 = EDGE_CURVE('',#1111,#2389,#2391,.T.);
#2389 = VERTEX_POINT('',#2390);
#2390 = CARTESIAN_POINT('',(62.788759921521,16.38390154451,14.));
#2391 = LINE('',#2392,#2393);
#2392 = CARTESIAN_POINT('',(62.788759921521,16.38390154451,10.));
#2393 = VECTOR('',#2394,1.);
#2394 = DIRECTION('',(0.,0.,1.));
#2395 = ORIENTED_EDGE('',*,*,#1118,.T.);
#2396 = ORIENTED_EDGE('',*,*,#470,.T.);
#2397 = ORIENTED_EDGE('',*,*,#2398,.F.);
#2398 = EDGE_CURVE('',#2389,#471,#2399,.T.);
#2399 = CIRCLE('',#2400,102.);
#2400 = AXIS2_PLACEMENT_3D('',#2401,#2402,#2403);
#2401 = CARTESIAN_POINT('',(0.,-64.,14.));
#2402 = DIRECTION('',(0.,0.,1.));
#2403 = DIRECTION('',(1.,0.,0.));
#2404 = CYLINDRICAL_SURFACE('',#2405,102.);
#2405 = AXIS2_PLACEMENT_3D('',#2406,#2407,#2408);
#2406 = CARTESIAN_POINT('',(0.,-64.,10.));
#2407 = DIRECTION('',(0.,0.,1.));
#2408 = DIRECTION('',(1.,0.,0.));
#2409 = ADVANCED_FACE('',(#2410),#2421,.T.);
#2410 = FACE_BOUND('',#2411,.T.);
#2411 = EDGE_LOOP('',(#2412,#2413,#2414,#2420));
#2412 = ORIENTED_EDGE('',*,*,#478,.F.);
#2413 = ORIENTED_EDGE('',*,*,#2398,.F.);
#2414 = ORIENTED_EDGE('',*,*,#2415,.T.);
#2415 = EDGE_CURVE('',#2389,#543,#2416,.T.);
#2416 = LINE('',#2417,#2418);
#2417 = CARTESIAN_POINT('',(2.830576295061,-66.05860094186,14.));
#2418 = VECTOR('',#2419,1.);
#2419 = DIRECTION('',(0.588171697675,0.808736084303,0.));
#2420 = ORIENTED_EDGE('',*,*,#550,.T.);
#2421 = PLANE('',#2422);
#2422 = AXIS2_PLACEMENT_3D('',#2423,#2424,#2425);
#2423 = CARTESIAN_POINT('',(2.830576295061,-66.05860094186,14.));
#2424 = DIRECTION('',(0.,0.,1.));
#2425 = DIRECTION('',(0.588171697675,0.808736084303,0.));
#2426 = ADVANCED_FACE('',(#2427),#2440,.F.);
#2427 = FACE_BOUND('',#2428,.F.);
#2428 = EDGE_LOOP('',(#2429,#2435,#2436,#2437,#2438,#2439));
#2429 = ORIENTED_EDGE('',*,*,#2430,.T.);
#2430 = EDGE_CURVE('',#1680,#1102,#2431,.T.);
#2431 = LINE('',#2432,#2433);
#2432 = CARTESIAN_POINT('',(46.895393418341,-5.469477397353,4.));
#2433 = VECTOR('',#2434,1.);
#2434 = DIRECTION('',(0.,0.,1.));
#2435 = ORIENTED_EDGE('',*,*,#1110,.T.);
#2436 = ORIENTED_EDGE('',*,*,#2388,.T.);
#2437 = ORIENTED_EDGE('',*,*,#2415,.T.);
#2438 = ORIENTED_EDGE('',*,*,#542,.T.);
#2439 = ORIENTED_EDGE('',*,*,#1679,.F.);
#2440 = PLANE('',#2441);
#2441 = AXIS2_PLACEMENT_3D('',#2442,#2443,#2444);
#2442 = CARTESIAN_POINT('',(2.830576295061,-66.05860094186,4.));
#2443 = DIRECTION('',(-0.808736084303,0.588171697675,0.));
#2444 = DIRECTION('',(0.,0.,1.));
#2445 = ADVANCED_FACE('',(#2446),#2452,.T.);
#2446 = FACE_BOUND('',#2447,.T.);
#2447 = EDGE_LOOP('',(#2448,#2449,#2450,#2451));
#2448 = ORIENTED_EDGE('',*,*,#647,.F.);
#2449 = ORIENTED_EDGE('',*,*,#582,.T.);
#2450 = ORIENTED_EDGE('',*,*,#606,.T.);
#2451 = ORIENTED_EDGE('',*,*,#630,.F.);
#2452 = PLANE('',#2453);
#2453 = AXIS2_PLACEMENT_3D('',#2454,#2455,#2456);
#2454 = CARTESIAN_POINT('',(44.504870800578,29.082310215335,26.));
#2455 = DIRECTION('',(0.,0.,1.));
#2456 = DIRECTION('',(0.378159495647,0.925740458148,0.));
#2457 = ADVANCED_FACE('',(#2458,#2558,#2600),#2642,.T.);
#2458 = FACE_BOUND('',#2459,.T.);
#2459 = EDGE_LOOP('',(#2460,#2461,#2469,#2477,#2485,#2493,#2501,#2509,
    #2517,#2525,#2533,#2541,#2549,#2555,#2556,#2557));
#2460 = ORIENTED_EDGE('',*,*,#1400,.T.);
#2461 = ORIENTED_EDGE('',*,*,#2462,.T.);
#2462 = EDGE_CURVE('',#1403,#2463,#2465,.T.);
#2463 = VERTEX_POINT('',#2464);
#2464 = CARTESIAN_POINT('',(-140.,-139.5,14.));
#2465 = LINE('',#2466,#2467);
#2466 = CARTESIAN_POINT('',(-140.,-147.5,14.));
#2467 = VECTOR('',#2468,1.);
#2468 = DIRECTION('',(0.,1.,0.));
#2469 = ORIENTED_EDGE('',*,*,#2470,.F.);
#2470 = EDGE_CURVE('',#2471,#2463,#2473,.T.);
#2471 = VERTEX_POINT('',#2472);
#2472 = CARTESIAN_POINT('',(-140.,-139.5,4.));
#2473 = LINE('',#2474,#2475);
#2474 = CARTESIAN_POINT('',(-140.,-139.5,4.));
#2475 = VECTOR('',#2476,1.);
#2476 = DIRECTION('',(0.,0.,1.));
#2477 = ORIENTED_EDGE('',*,*,#2478,.T.);
#2478 = EDGE_CURVE('',#2471,#2479,#2481,.T.);
#2479 = VERTEX_POINT('',#2480);
#2480 = CARTESIAN_POINT('',(-140.,-115.,4.));
#2481 = LINE('',#2482,#2483);
#2482 = CARTESIAN_POINT('',(-140.,-147.5,4.));
#2483 = VECTOR('',#2484,1.);
#2484 = DIRECTION('',(0.,1.,0.));
#2485 = ORIENTED_EDGE('',*,*,#2486,.T.);
#2486 = EDGE_CURVE('',#2479,#2487,#2489,.T.);
#2487 = VERTEX_POINT('',#2488);
#2488 = CARTESIAN_POINT('',(-140.,-115.,24.));
#2489 = LINE('',#2490,#2491);
#2490 = CARTESIAN_POINT('',(-140.,-115.,4.));
#2491 = VECTOR('',#2492,1.);
#2492 = DIRECTION('',(0.,0.,1.));
#2493 = ORIENTED_EDGE('',*,*,#2494,.T.);
#2494 = EDGE_CURVE('',#2487,#2495,#2497,.T.);
#2495 = VERTEX_POINT('',#2496);
#2496 = CARTESIAN_POINT('',(-140.,-65.,24.));
#2497 = LINE('',#2498,#2499);
#2498 = CARTESIAN_POINT('',(-140.,-115.,24.));
#2499 = VECTOR('',#2500,1.);
#2500 = DIRECTION('',(0.,1.,0.));
#2501 = ORIENTED_EDGE('',*,*,#2502,.F.);
#2502 = EDGE_CURVE('',#2503,#2495,#2505,.T.);
#2503 = VERTEX_POINT('',#2504);
#2504 = CARTESIAN_POINT('',(-140.,-65.,4.));
#2505 = LINE('',#2506,#2507);
#2506 = CARTESIAN_POINT('',(-140.,-65.,4.));
#2507 = VECTOR('',#2508,1.);
#2508 = DIRECTION('',(0.,0.,1.));
#2509 = ORIENTED_EDGE('',*,*,#2510,.T.);
#2510 = EDGE_CURVE('',#2503,#2511,#2513,.T.);
#2511 = VERTEX_POINT('',#2512);
#2512 = CARTESIAN_POINT('',(-140.,65.,4.));
#2513 = LINE('',#2514,#2515);
#2514 = CARTESIAN_POINT('',(-140.,-147.5,4.));
#2515 = VECTOR('',#2516,1.);
#2516 = DIRECTION('',(0.,1.,0.));
#2517 = ORIENTED_EDGE('',*,*,#2518,.T.);
#2518 = EDGE_CURVE('',#2511,#2519,#2521,.T.);
#2519 = VERTEX_POINT('',#2520);
#2520 = CARTESIAN_POINT('',(-140.,65.,24.));
#2521 = LINE('',#2522,#2523);
#2522 = CARTESIAN_POINT('',(-140.,65.,4.));
#2523 = VECTOR('',#2524,1.);
#2524 = DIRECTION('',(0.,0.,1.));
#2525 = ORIENTED_EDGE('',*,*,#2526,.T.);
#2526 = EDGE_CURVE('',#2519,#2527,#2529,.T.);
#2527 = VERTEX_POINT('',#2528);
#2528 = CARTESIAN_POINT('',(-140.,115.,24.));
#2529 = LINE('',#2530,#2531);
#2530 = CARTESIAN_POINT('',(-140.,65.,24.));
#2531 = VECTOR('',#2532,1.);
#2532 = DIRECTION('',(0.,1.,0.));
#2533 = ORIENTED_EDGE('',*,*,#2534,.F.);
#2534 = EDGE_CURVE('',#2535,#2527,#2537,.T.);
#2535 = VERTEX_POINT('',#2536);
#2536 = CARTESIAN_POINT('',(-140.,115.,4.));
#2537 = LINE('',#2538,#2539);
#2538 = CARTESIAN_POINT('',(-140.,115.,4.));
#2539 = VECTOR('',#2540,1.);
#2540 = DIRECTION('',(0.,0.,1.));
#2541 = ORIENTED_EDGE('',*,*,#2542,.T.);
#2542 = EDGE_CURVE('',#2535,#2543,#2545,.T.);
#2543 = VERTEX_POINT('',#2544);
#2544 = CARTESIAN_POINT('',(-140.,139.5,4.));
#2545 = LINE('',#2546,#2547);
#2546 = CARTESIAN_POINT('',(-140.,-147.5,4.));
#2547 = VECTOR('',#2548,1.);
#2548 = DIRECTION('',(0.,1.,0.));
#2549 = ORIENTED_EDGE('',*,*,#2550,.T.);
#2550 = EDGE_CURVE('',#2543,#662,#2551,.T.);
#2551 = LINE('',#2552,#2553);
#2552 = CARTESIAN_POINT('',(-140.,139.5,4.));
#2553 = VECTOR('',#2554,1.);
#2554 = DIRECTION('',(0.,0.,1.));
#2555 = ORIENTED_EDGE('',*,*,#661,.T.);
#2556 = ORIENTED_EDGE('',*,*,#1615,.F.);
#2557 = ORIENTED_EDGE('',*,*,#1454,.F.);
#2558 = FACE_BOUND('',#2559,.T.);
#2559 = EDGE_LOOP('',(#2560,#2570,#2578,#2586,#2594));
#2560 = ORIENTED_EDGE('',*,*,#2561,.T.);
#2561 = EDGE_CURVE('',#2562,#2564,#2566,.T.);
#2562 = VERTEX_POINT('',#2563);
#2563 = CARTESIAN_POINT('',(-140.,77.6,8.4));
#2564 = VERTEX_POINT('',#2565);
#2565 = CARTESIAN_POINT('',(-140.,77.6,3.6));
#2566 = LINE('',#2567,#2568);
#2567 = CARTESIAN_POINT('',(-140.,77.6,7.567688022284));
#2568 = VECTOR('',#2569,1.);
#2569 = DIRECTION('',(0.,0.,-1.));
#2570 = ORIENTED_EDGE('',*,*,#2571,.T.);
#2571 = EDGE_CURVE('',#2564,#2572,#2574,.T.);
#2572 = VERTEX_POINT('',#2573);
#2573 = CARTESIAN_POINT('',(-140.,102.4,3.6));
#2574 = LINE('',#2575,#2576);
#2575 = CARTESIAN_POINT('',(-140.,38.8,3.6));
#2576 = VECTOR('',#2577,1.);
#2577 = DIRECTION('',(0.,1.,0.));
#2578 = ORIENTED_EDGE('',*,*,#2579,.T.);
#2579 = EDGE_CURVE('',#2572,#2580,#2582,.T.);
#2580 = VERTEX_POINT('',#2581);
#2581 = CARTESIAN_POINT('',(-140.,102.4,8.4));
#2582 = LINE('',#2583,#2584);
#2583 = CARTESIAN_POINT('',(-140.,102.4,5.167688022284));
#2584 = VECTOR('',#2585,1.);
#2585 = DIRECTION('',(0.,0.,1.));
#2586 = ORIENTED_EDGE('',*,*,#2587,.T.);
#2587 = EDGE_CURVE('',#2580,#2588,#2590,.T.);
#2588 = VERTEX_POINT('',#2589);
#2589 = CARTESIAN_POINT('',(-140.,90.,20.4));
#2590 = LINE('',#2591,#2592);
#2591 = CARTESIAN_POINT('',(-140.,76.376813615946,33.583728758762));
#2592 = VECTOR('',#2593,1.);
#2593 = DIRECTION('',(0.,-0.718602141767,0.695421427516));
#2594 = ORIENTED_EDGE('',*,*,#2595,.T.);
#2595 = EDGE_CURVE('',#2588,#2562,#2596,.T.);
#2596 = LINE('',#2597,#2598);
#2597 = CARTESIAN_POINT('',(-140.,63.348172950416,-5.392090693146));
#2598 = VECTOR('',#2599,1.);
#2599 = DIRECTION('',(0.,-0.718602141767,-0.695421427516));
#2600 = FACE_BOUND('',#2601,.T.);
#2601 = EDGE_LOOP('',(#2602,#2612,#2620,#2628,#2636));
#2602 = ORIENTED_EDGE('',*,*,#2603,.T.);
#2603 = EDGE_CURVE('',#2604,#2606,#2608,.T.);
#2604 = VERTEX_POINT('',#2605);
#2605 = CARTESIAN_POINT('',(-140.,-102.4,8.4));
#2606 = VERTEX_POINT('',#2607);
#2607 = CARTESIAN_POINT('',(-140.,-102.4,3.6));
#2608 = LINE('',#2609,#2610);
#2609 = CARTESIAN_POINT('',(-140.,-102.4,7.567688022284));
#2610 = VECTOR('',#2611,1.);
#2611 = DIRECTION('',(0.,0.,-1.));
#2612 = ORIENTED_EDGE('',*,*,#2613,.T.);
#2613 = EDGE_CURVE('',#2606,#2614,#2616,.T.);
#2614 = VERTEX_POINT('',#2615);
#2615 = CARTESIAN_POINT('',(-140.,-77.6,3.6));
#2616 = LINE('',#2617,#2618);
#2617 = CARTESIAN_POINT('',(-140.,-51.2,3.6));
#2618 = VECTOR('',#2619,1.);
#2619 = DIRECTION('',(0.,1.,0.));
#2620 = ORIENTED_EDGE('',*,*,#2621,.T.);
#2621 = EDGE_CURVE('',#2614,#2622,#2624,.T.);
#2622 = VERTEX_POINT('',#2623);
#2623 = CARTESIAN_POINT('',(-140.,-77.6,8.4));
#2624 = LINE('',#2625,#2626);
#2625 = CARTESIAN_POINT('',(-140.,-77.6,5.167688022284));
#2626 = VECTOR('',#2627,1.);
#2627 = DIRECTION('',(0.,0.,1.));
#2628 = ORIENTED_EDGE('',*,*,#2629,.T.);
#2629 = EDGE_CURVE('',#2622,#2630,#2632,.T.);
#2630 = VERTEX_POINT('',#2631);
#2631 = CARTESIAN_POINT('',(-140.,-90.,20.4));
#2632 = LINE('',#2633,#2634);
#2633 = CARTESIAN_POINT('',(-140.,-57.14817295041,-11.39209069314));
#2634 = VECTOR('',#2635,1.);
#2635 = DIRECTION('',(0.,-0.718602141767,0.695421427516));
#2636 = ORIENTED_EDGE('',*,*,#2637,.T.);
#2637 = EDGE_CURVE('',#2630,#2604,#2638,.T.);
#2638 = LINE('',#2639,#2640);
#2639 = CARTESIAN_POINT('',(-140.,-70.17681361594,39.583728758762));
#2640 = VECTOR('',#2641,1.);
#2641 = DIRECTION('',(0.,-0.718602141767,-0.695421427516));
#2642 = PLANE('',#2643);
#2643 = AXIS2_PLACEMENT_3D('',#2644,#2645,#2646);
#2644 = CARTESIAN_POINT('',(-140.,0.,6.735376044568));
#2645 = DIRECTION('',(-1.,-0.,-0.));
#2646 = DIRECTION('',(0.,0.,-1.));
#2647 = ADVANCED_FACE('',(#2648),#2659,.T.);
#2648 = FACE_BOUND('',#2649,.T.);
#2649 = EDGE_LOOP('',(#2650,#2651,#2652,#2653));
#2650 = ORIENTED_EDGE('',*,*,#1130,.F.);
#2651 = ORIENTED_EDGE('',*,*,#760,.T.);
#2652 = ORIENTED_EDGE('',*,*,#719,.F.);
#2653 = ORIENTED_EDGE('',*,*,#2654,.F.);
#2654 = EDGE_CURVE('',#1131,#712,#2655,.T.);
#2655 = LINE('',#2656,#2657);
#2656 = CARTESIAN_POINT('',(1.182267407057,58.994317932896,10.));
#2657 = VECTOR('',#2658,1.);
#2658 = DIRECTION('',(0.,0.,1.));
#2659 = PLANE('',#2660);
#2660 = AXIS2_PLACEMENT_3D('',#2661,#2662,#2663);
#2661 = CARTESIAN_POINT('',(2.364425582849,58.977272256556,10.));
#2662 = DIRECTION('',(-1.441761768731E-02,-0.999896060748,0.));
#2663 = DIRECTION('',(-0.999896060748,1.441761768731E-02,0.));
#2664 = ADVANCED_FACE('',(#2665),#2676,.T.);
#2665 = FACE_BOUND('',#2666,.T.);
#2666 = EDGE_LOOP('',(#2667,#2668,#2669,#2670));
#2667 = ORIENTED_EDGE('',*,*,#1138,.F.);
#2668 = ORIENTED_EDGE('',*,*,#2654,.T.);
#2669 = ORIENTED_EDGE('',*,*,#711,.F.);
#2670 = ORIENTED_EDGE('',*,*,#2671,.F.);
#2671 = EDGE_CURVE('',#1139,#704,#2672,.T.);
#2672 = LINE('',#2673,#2674);
#2673 = CARTESIAN_POINT('',(7.531577814756E-15,59.,10.));
#2674 = VECTOR('',#2675,1.);
#2675 = DIRECTION('',(0.,0.,1.));
#2676 = PLANE('',#2677);
#2677 = AXIS2_PLACEMENT_3D('',#2678,#2679,#2680);
#2678 = CARTESIAN_POINT('',(1.182267407057,58.994317932896,10.));
#2679 = DIRECTION('',(-4.806020573991E-03,-0.999988451016,0.));
#2680 = DIRECTION('',(-0.999988451016,4.806020573991E-03,0.));
#2681 = ADVANCED_FACE('',(#2682),#2693,.T.);
#2682 = FACE_BOUND('',#2683,.T.);
#2683 = EDGE_LOOP('',(#2684,#2685,#2686,#2687));
#2684 = ORIENTED_EDGE('',*,*,#1146,.F.);
#2685 = ORIENTED_EDGE('',*,*,#2671,.T.);
#2686 = ORIENTED_EDGE('',*,*,#703,.F.);
#2687 = ORIENTED_EDGE('',*,*,#2688,.F.);
#2688 = EDGE_CURVE('',#1147,#696,#2689,.T.);
#2689 = LINE('',#2690,#2691);
#2690 = CARTESIAN_POINT('',(-1.182267407057,58.994317932896,10.));
#2691 = VECTOR('',#2692,1.);
#2692 = DIRECTION('',(0.,0.,1.));
#2693 = PLANE('',#2694);
#2694 = AXIS2_PLACEMENT_3D('',#2695,#2696,#2697);
#2695 = CARTESIAN_POINT('',(7.531577814756E-15,59.,10.));
#2696 = DIRECTION('',(4.806020573991E-03,-0.999988451016,0.));
#2697 = DIRECTION('',(-0.999988451016,-4.806020573991E-03,0.));
#2698 = ADVANCED_FACE('',(#2699),#2710,.T.);
#2699 = FACE_BOUND('',#2700,.T.);
#2700 = EDGE_LOOP('',(#2701,#2702,#2703,#2704));
#2701 = ORIENTED_EDGE('',*,*,#1154,.F.);
#2702 = ORIENTED_EDGE('',*,*,#2688,.T.);
#2703 = ORIENTED_EDGE('',*,*,#695,.F.);
#2704 = ORIENTED_EDGE('',*,*,#2705,.F.);
#2705 = EDGE_CURVE('',#1155,#688,#2706,.T.);
#2706 = LINE('',#2707,#2708);
#2707 = CARTESIAN_POINT('',(-2.364425582849,58.977272256556,10.));
#2708 = VECTOR('',#2709,1.);
#2709 = DIRECTION('',(0.,0.,1.));
#2710 = PLANE('',#2711);
#2711 = AXIS2_PLACEMENT_3D('',#2712,#2713,#2714);
#2712 = CARTESIAN_POINT('',(-1.182267407057,58.994317932896,10.));
#2713 = DIRECTION('',(1.441761768731E-02,-0.999896060748,0.));
#2714 = DIRECTION('',(-0.999896060748,-1.441761768731E-02,0.));
#2715 = ADVANCED_FACE('',(#2716),#2727,.T.);
#2716 = FACE_BOUND('',#2717,.T.);
#2717 = EDGE_LOOP('',(#2718,#2719,#2720,#2721));
#2718 = ORIENTED_EDGE('',*,*,#1162,.F.);
#2719 = ORIENTED_EDGE('',*,*,#2705,.T.);
#2720 = ORIENTED_EDGE('',*,*,#687,.F.);
#2721 = ORIENTED_EDGE('',*,*,#2722,.F.);
#2722 = EDGE_CURVE('',#777,#680,#2723,.T.);
#2723 = LINE('',#2724,#2725);
#2724 = CARTESIAN_POINT('',(-3.5,58.94997892773,7.));
#2725 = VECTOR('',#2726,1.);
#2726 = DIRECTION('',(0.,0.,1.));
#2727 = PLANE('',#2728);
#2728 = AXIS2_PLACEMENT_3D('',#2729,#2730,#2731);
#2729 = CARTESIAN_POINT('',(-2.364425582849,58.977272256556,10.));
#2730 = DIRECTION('',(2.402788273768E-02,-0.999711288748,0.));
#2731 = DIRECTION('',(-0.999711288748,-2.402788273768E-02,0.));
#2732 = ADVANCED_FACE('',(#2733),#2760,.T.);
#2733 = FACE_BOUND('',#2734,.T.);
#2734 = EDGE_LOOP('',(#2735,#2745,#2751,#2752,#2753,#2754));
#2735 = ORIENTED_EDGE('',*,*,#2736,.F.);
#2736 = EDGE_CURVE('',#2737,#2739,#2741,.T.);
#2737 = VERTEX_POINT('',#2738);
#2738 = CARTESIAN_POINT('',(-3.499999999998,10.918288821889,4.));
#2739 = VERTEX_POINT('',#2740);
#2740 = CARTESIAN_POINT('',(-3.5,139.5,4.));
#2741 = LINE('',#2742,#2743);
#2742 = CARTESIAN_POINT('',(-3.5,-64.,4.));
#2743 = VECTOR('',#2744,1.);
#2744 = DIRECTION('',(1.110223024625E-16,1.,0.));
#2745 = ORIENTED_EDGE('',*,*,#2746,.T.);
#2746 = EDGE_CURVE('',#2737,#775,#2747,.T.);
#2747 = LINE('',#2748,#2749);
#2748 = CARTESIAN_POINT('',(-3.5,10.918288821889,4.));
#2749 = VECTOR('',#2750,1.);
#2750 = DIRECTION('',(0.,0.,1.));
#2751 = ORIENTED_EDGE('',*,*,#774,.T.);
#2752 = ORIENTED_EDGE('',*,*,#2722,.T.);
#2753 = ORIENTED_EDGE('',*,*,#679,.T.);
#2754 = ORIENTED_EDGE('',*,*,#2755,.F.);
#2755 = EDGE_CURVE('',#2739,#672,#2756,.T.);
#2756 = LINE('',#2757,#2758);
#2757 = CARTESIAN_POINT('',(-3.5,139.5,4.));
#2758 = VECTOR('',#2759,1.);
#2759 = DIRECTION('',(0.,0.,1.));
#2760 = PLANE('',#2761);
#2761 = AXIS2_PLACEMENT_3D('',#2762,#2763,#2764);
#2762 = CARTESIAN_POINT('',(-3.5,-64.,4.));
#2763 = DIRECTION('',(-1.,1.110223024625E-16,0.));
#2764 = DIRECTION('',(0.,0.,1.));
#2765 = ADVANCED_FACE('',(#2766),#2777,.F.);
#2766 = FACE_BOUND('',#2767,.F.);
#2767 = EDGE_LOOP('',(#2768,#2774,#2775,#2776));
#2768 = ORIENTED_EDGE('',*,*,#2769,.F.);
#2769 = EDGE_CURVE('',#2543,#2739,#2770,.T.);
#2770 = LINE('',#2771,#2772);
#2771 = CARTESIAN_POINT('',(-140.,139.5,4.));
#2772 = VECTOR('',#2773,1.);
#2773 = DIRECTION('',(1.,0.,0.));
#2774 = ORIENTED_EDGE('',*,*,#2550,.T.);
#2775 = ORIENTED_EDGE('',*,*,#671,.T.);
#2776 = ORIENTED_EDGE('',*,*,#2755,.F.);
#2777 = PLANE('',#2778);
#2778 = AXIS2_PLACEMENT_3D('',#2779,#2780,#2781);
#2779 = CARTESIAN_POINT('',(-140.,139.5,4.));
#2780 = DIRECTION('',(0.,1.,0.));
#2781 = DIRECTION('',(0.,0.,1.));
#2782 = ADVANCED_FACE('',(#2783),#2803,.T.);
#2783 = FACE_BOUND('',#2784,.T.);
#2784 = EDGE_LOOP('',(#2785,#2786,#2787,#2796,#2802));
#2785 = ORIENTED_EDGE('',*,*,#784,.F.);
#2786 = ORIENTED_EDGE('',*,*,#2746,.F.);
#2787 = ORIENTED_EDGE('',*,*,#2788,.T.);
#2788 = EDGE_CURVE('',#2737,#2789,#2791,.T.);
#2789 = VERTEX_POINT('',#2790);
#2790 = CARTESIAN_POINT('',(-41.23424082821,-1.352275513627,4.));
#2791 = CIRCLE('',#2792,75.);
#2792 = AXIS2_PLACEMENT_3D('',#2793,#2794,#2795);
#2793 = CARTESIAN_POINT('',(0.,-64.,4.));
#2794 = DIRECTION('',(0.,0.,1.));
#2795 = DIRECTION('',(1.,0.,0.));
#2796 = ORIENTED_EDGE('',*,*,#2797,.T.);
#2797 = EDGE_CURVE('',#2789,#794,#2798,.T.);
#2798 = LINE('',#2799,#2800);
#2799 = CARTESIAN_POINT('',(-41.23424082821,-1.352275513627,4.));
#2800 = VECTOR('',#2801,1.);
#2801 = DIRECTION('',(0.,0.,1.));
#2802 = ORIENTED_EDGE('',*,*,#793,.F.);
#2803 = CYLINDRICAL_SURFACE('',#2804,75.);
#2804 = AXIS2_PLACEMENT_3D('',#2805,#2806,#2807);
#2805 = CARTESIAN_POINT('',(0.,-64.,4.));
#2806 = DIRECTION('',(0.,0.,1.));
#2807 = DIRECTION('',(1.,0.,0.));
#2808 = ADVANCED_FACE('',(#2809),#2843,.F.);
#2809 = FACE_BOUND('',#2810,.F.);
#2810 = EDGE_LOOP('',(#2811,#2812,#2813,#2821,#2829,#2837));
#2811 = ORIENTED_EDGE('',*,*,#2797,.T.);
#2812 = ORIENTED_EDGE('',*,*,#802,.T.);
#2813 = ORIENTED_EDGE('',*,*,#2814,.T.);
#2814 = EDGE_CURVE('',#803,#2815,#2817,.T.);
#2815 = VERTEX_POINT('',#2816);
#2816 = CARTESIAN_POINT('',(-57.12760733139,20.501103428237,14.));
#2817 = LINE('',#2818,#2819);
#2818 = CARTESIAN_POINT('',(-57.12760733139,20.501103428237,10.));
#2819 = VECTOR('',#2820,1.);
#2820 = DIRECTION('',(0.,0.,1.));
#2821 = ORIENTED_EDGE('',*,*,#2822,.T.);
#2822 = EDGE_CURVE('',#2815,#2823,#2825,.T.);
#2823 = VERTEX_POINT('',#2824);
#2824 = CARTESIAN_POINT('',(-89.49044120176,65.,14.));
#2825 = LINE('',#2826,#2827);
#2826 = CARTESIAN_POINT('',(2.830576295061,-61.94139905813,14.));
#2827 = VECTOR('',#2828,1.);
#2828 = DIRECTION('',(-0.588171697675,0.808736084303,0.));
#2829 = ORIENTED_EDGE('',*,*,#2830,.T.);
#2830 = EDGE_CURVE('',#2823,#2831,#2833,.T.);
#2831 = VERTEX_POINT('',#2832);
#2832 = CARTESIAN_POINT('',(-89.49044120176,65.,4.));
#2833 = LINE('',#2834,#2835);
#2834 = CARTESIAN_POINT('',(-89.49044120176,65.,4.));
#2835 = VECTOR('',#2836,1.);
#2836 = DIRECTION('',(0.,0.,-1.));
#2837 = ORIENTED_EDGE('',*,*,#2838,.F.);
#2838 = EDGE_CURVE('',#2789,#2831,#2839,.T.);
#2839 = LINE('',#2840,#2841);
#2840 = CARTESIAN_POINT('',(2.830576295061,-61.94139905813,4.));
#2841 = VECTOR('',#2842,1.);
#2842 = DIRECTION('',(-0.588171697675,0.808736084303,0.));
#2843 = PLANE('',#2844);
#2844 = AXIS2_PLACEMENT_3D('',#2845,#2846,#2847);
#2845 = CARTESIAN_POINT('',(2.830576295061,-61.94139905813,4.));
#2846 = DIRECTION('',(-0.808736084303,-0.588171697675,0.));
#2847 = DIRECTION('',(0.,0.,1.));
#2848 = ADVANCED_FACE('',(#2849),#2868,.F.);
#2849 = FACE_BOUND('',#2850,.F.);
#2850 = EDGE_LOOP('',(#2851,#2852,#2853,#2861));
#2851 = ORIENTED_EDGE('',*,*,#2814,.F.);
#2852 = ORIENTED_EDGE('',*,*,#810,.T.);
#2853 = ORIENTED_EDGE('',*,*,#2854,.T.);
#2854 = EDGE_CURVE('',#811,#2855,#2857,.T.);
#2855 = VERTEX_POINT('',#2856);
#2856 = CARTESIAN_POINT('',(-62.78875992152,16.38390154451,14.));
#2857 = LINE('',#2858,#2859);
#2858 = CARTESIAN_POINT('',(-62.78875992152,16.38390154451,10.));
#2859 = VECTOR('',#2860,1.);
#2860 = DIRECTION('',(0.,0.,1.));
#2861 = ORIENTED_EDGE('',*,*,#2862,.F.);
#2862 = EDGE_CURVE('',#2815,#2855,#2863,.T.);
#2863 = CIRCLE('',#2864,102.);
#2864 = AXIS2_PLACEMENT_3D('',#2865,#2866,#2867);
#2865 = CARTESIAN_POINT('',(0.,-64.,14.));
#2866 = DIRECTION('',(0.,0.,1.));
#2867 = DIRECTION('',(1.,0.,0.));
#2868 = CYLINDRICAL_SURFACE('',#2869,102.);
#2869 = AXIS2_PLACEMENT_3D('',#2870,#2871,#2872);
#2870 = CARTESIAN_POINT('',(0.,-64.,10.));
#2871 = DIRECTION('',(0.,0.,1.));
#2872 = DIRECTION('',(1.,0.,0.));
#2873 = ADVANCED_FACE('',(#2874),#2908,.T.);
#2874 = FACE_BOUND('',#2875,.T.);
#2875 = EDGE_LOOP('',(#2876,#2884,#2885,#2886,#2894,#2902));
#2876 = ORIENTED_EDGE('',*,*,#2877,.T.);
#2877 = EDGE_CURVE('',#2878,#820,#2880,.T.);
#2878 = VERTEX_POINT('',#2879);
#2879 = CARTESIAN_POINT('',(-46.89539341834,-5.469477397353,4.));
#2880 = LINE('',#2881,#2882);
#2881 = CARTESIAN_POINT('',(-46.89539341834,-5.469477397353,4.));
#2882 = VECTOR('',#2883,1.);
#2883 = DIRECTION('',(0.,0.,1.));
#2884 = ORIENTED_EDGE('',*,*,#819,.T.);
#2885 = ORIENTED_EDGE('',*,*,#2854,.T.);
#2886 = ORIENTED_EDGE('',*,*,#2887,.T.);
#2887 = EDGE_CURVE('',#2855,#2888,#2890,.T.);
#2888 = VERTEX_POINT('',#2889);
#2889 = CARTESIAN_POINT('',(-98.14592243459,65.,14.));
#2890 = LINE('',#2891,#2892);
#2891 = CARTESIAN_POINT('',(-2.830576295061,-66.05860094186,14.));
#2892 = VECTOR('',#2893,1.);
#2893 = DIRECTION('',(-0.588171697675,0.808736084303,0.));
#2894 = ORIENTED_EDGE('',*,*,#2895,.T.);
#2895 = EDGE_CURVE('',#2888,#2896,#2898,.T.);
#2896 = VERTEX_POINT('',#2897);
#2897 = CARTESIAN_POINT('',(-98.14592243459,65.,4.));
#2898 = LINE('',#2899,#2900);
#2899 = CARTESIAN_POINT('',(-98.14592243459,65.,4.));
#2900 = VECTOR('',#2901,1.);
#2901 = DIRECTION('',(0.,0.,-1.));
#2902 = ORIENTED_EDGE('',*,*,#2903,.F.);
#2903 = EDGE_CURVE('',#2878,#2896,#2904,.T.);
#2904 = LINE('',#2905,#2906);
#2905 = CARTESIAN_POINT('',(-2.830576295061,-66.05860094186,4.));
#2906 = VECTOR('',#2907,1.);
#2907 = DIRECTION('',(-0.588171697675,0.808736084303,0.));
#2908 = PLANE('',#2909);
#2909 = AXIS2_PLACEMENT_3D('',#2910,#2911,#2912);
#2910 = CARTESIAN_POINT('',(-2.830576295061,-66.05860094186,4.));
#2911 = DIRECTION('',(-0.808736084303,-0.588171697675,0.));
#2912 = DIRECTION('',(0.,0.,1.));
#2913 = ADVANCED_FACE('',(#2914),#2933,.T.);
#2914 = FACE_BOUND('',#2915,.T.);
#2915 = EDGE_LOOP('',(#2916,#2917,#2918,#2927));
#2916 = ORIENTED_EDGE('',*,*,#827,.F.);
#2917 = ORIENTED_EDGE('',*,*,#2877,.F.);
#2918 = ORIENTED_EDGE('',*,*,#2919,.T.);
#2919 = EDGE_CURVE('',#2878,#2920,#2922,.T.);
#2920 = VERTEX_POINT('',#2921);
#2921 = CARTESIAN_POINT('',(-73.76914936362,-77.53191051431,4.));
#2922 = CIRCLE('',#2923,75.);
#2923 = AXIS2_PLACEMENT_3D('',#2924,#2925,#2926);
#2924 = CARTESIAN_POINT('',(0.,-64.,4.));
#2925 = DIRECTION('',(0.,0.,1.));
#2926 = DIRECTION('',(1.,0.,0.));
#2927 = ORIENTED_EDGE('',*,*,#2928,.T.);
#2928 = EDGE_CURVE('',#2920,#828,#2929,.T.);
#2929 = LINE('',#2930,#2931);
#2930 = CARTESIAN_POINT('',(-73.76914936362,-77.53191051431,4.));
#2931 = VECTOR('',#2932,1.);
#2932 = DIRECTION('',(0.,0.,1.));
#2933 = CYLINDRICAL_SURFACE('',#2934,75.);
#2934 = AXIS2_PLACEMENT_3D('',#2935,#2936,#2937);
#2935 = CARTESIAN_POINT('',(0.,-64.,4.));
#2936 = DIRECTION('',(0.,0.,1.));
#2937 = DIRECTION('',(1.,0.,0.));
#2938 = ADVANCED_FACE('',(#2939),#2957,.F.);
#2939 = FACE_BOUND('',#2940,.F.);
#2940 = EDGE_LOOP('',(#2941,#2942,#2943,#2951));
#2941 = ORIENTED_EDGE('',*,*,#2928,.T.);
#2942 = ORIENTED_EDGE('',*,*,#836,.T.);
#2943 = ORIENTED_EDGE('',*,*,#2944,.F.);
#2944 = EDGE_CURVE('',#2945,#837,#2947,.T.);
#2945 = VERTEX_POINT('',#2946);
#2946 = CARTESIAN_POINT('',(-85.,-80.13907226919,4.));
#2947 = LINE('',#2948,#2949);
#2948 = CARTESIAN_POINT('',(-85.,-80.13907226919,4.));
#2949 = VECTOR('',#2950,1.);
#2950 = DIRECTION('',(0.,0.,1.));
#2951 = ORIENTED_EDGE('',*,*,#2952,.F.);
#2952 = EDGE_CURVE('',#2920,#2945,#2953,.T.);
#2953 = LINE('',#2954,#2955);
#2954 = CARTESIAN_POINT('',(-0.791453975198,-60.59065979914,4.));
#2955 = VECTOR('',#2956,1.);
#2956 = DIRECTION('',(-0.974097200243,-0.226129707199,0.));
#2957 = PLANE('',#2958);
#2958 = AXIS2_PLACEMENT_3D('',#2959,#2960,#2961);
#2959 = CARTESIAN_POINT('',(-0.791453975198,-60.59065979914,4.));
#2960 = DIRECTION('',(0.226129707199,-0.974097200243,0.));
#2961 = DIRECTION('',(0.,0.,1.));
#2962 = ADVANCED_FACE('',(#2963),#2981,.T.);
#2963 = FACE_BOUND('',#2964,.T.);
#2964 = EDGE_LOOP('',(#2965,#2973,#2974,#2975));
#2965 = ORIENTED_EDGE('',*,*,#2966,.T.);
#2966 = EDGE_CURVE('',#2967,#845,#2969,.T.);
#2967 = VERTEX_POINT('',#2968);
#2968 = CARTESIAN_POINT('',(-85.,-65.,4.));
#2969 = LINE('',#2970,#2971);
#2970 = CARTESIAN_POINT('',(-85.,-65.,4.));
#2971 = VECTOR('',#2972,1.);
#2972 = DIRECTION('',(0.,0.,1.));
#2973 = ORIENTED_EDGE('',*,*,#844,.T.);
#2974 = ORIENTED_EDGE('',*,*,#2944,.F.);
#2975 = ORIENTED_EDGE('',*,*,#2976,.T.);
#2976 = EDGE_CURVE('',#2945,#2967,#2977,.T.);
#2977 = LINE('',#2978,#2979);
#2978 = CARTESIAN_POINT('',(-85.,-115.,4.));
#2979 = VECTOR('',#2980,1.);
#2980 = DIRECTION('',(0.,1.,0.));
#2981 = PLANE('',#2982);
#2982 = AXIS2_PLACEMENT_3D('',#2983,#2984,#2985);
#2983 = CARTESIAN_POINT('',(-85.,-115.,4.));
#2984 = DIRECTION('',(1.,0.,0.));
#2985 = DIRECTION('',(0.,0.,1.));
#2986 = ADVANCED_FACE('',(#2987),#3012,.T.);
#2987 = FACE_BOUND('',#2988,.T.);
#2988 = EDGE_LOOP('',(#2989,#2995,#2996,#3004,#3010,#3011));
#2989 = ORIENTED_EDGE('',*,*,#2990,.F.);
#2990 = EDGE_CURVE('',#2503,#2967,#2991,.T.);
#2991 = LINE('',#2992,#2993);
#2992 = CARTESIAN_POINT('',(-140.,-65.,4.));
#2993 = VECTOR('',#2994,1.);
#2994 = DIRECTION('',(1.,0.,0.));
#2995 = ORIENTED_EDGE('',*,*,#2502,.T.);
#2996 = ORIENTED_EDGE('',*,*,#2997,.T.);
#2997 = EDGE_CURVE('',#2495,#2998,#3000,.T.);
#2998 = VERTEX_POINT('',#2999);
#2999 = CARTESIAN_POINT('',(-101.9950979214,-65.,24.));
#3000 = LINE('',#3001,#3002);
#3001 = CARTESIAN_POINT('',(-140.,-65.,24.));
#3002 = VECTOR('',#3003,1.);
#3003 = DIRECTION('',(1.,0.,0.));
#3004 = ORIENTED_EDGE('',*,*,#3005,.F.);
#3005 = EDGE_CURVE('',#853,#2998,#3006,.T.);
#3006 = LINE('',#3007,#3008);
#3007 = CARTESIAN_POINT('',(-101.9950979214,-65.,10.));
#3008 = VECTOR('',#3009,1.);
#3009 = DIRECTION('',(0.,0.,1.));
#3010 = ORIENTED_EDGE('',*,*,#852,.T.);
#3011 = ORIENTED_EDGE('',*,*,#2966,.F.);
#3012 = PLANE('',#3013);
#3013 = AXIS2_PLACEMENT_3D('',#3014,#3015,#3016);
#3014 = CARTESIAN_POINT('',(-140.,-65.,4.));
#3015 = DIRECTION('',(0.,1.,0.));
#3016 = DIRECTION('',(0.,0.,1.));
#3017 = ADVANCED_FACE('',(#3018),#3054,.F.);
#3018 = FACE_BOUND('',#3019,.F.);
#3019 = EDGE_LOOP('',(#3020,#3021,#3022,#3031,#3038,#3039,#3047));
#3020 = ORIENTED_EDGE('',*,*,#3005,.F.);
#3021 = ORIENTED_EDGE('',*,*,#860,.T.);
#3022 = ORIENTED_EDGE('',*,*,#3023,.F.);
#3023 = EDGE_CURVE('',#3024,#861,#3026,.T.);
#3024 = VERTEX_POINT('',#3025);
#3025 = CARTESIAN_POINT('',(-98.6306240475,-90.,20.4));
#3026 = ELLIPSE('',#3027,141.94224324076,102.);
#3027 = AXIS2_PLACEMENT_3D('',#3028,#3029,#3030);
#3028 = CARTESIAN_POINT('',(0.,-64.,-4.761290322572));
#3029 = DIRECTION('',(-0.,-0.695421427516,-0.718602141767));
#3030 = DIRECTION('',(0.,-0.718602141767,0.695421427516));
#3031 = ORIENTED_EDGE('',*,*,#3032,.F.);
#3032 = EDGE_CURVE('',#886,#3024,#3033,.T.);
#3033 = ELLIPSE('',#3034,141.94224324076,102.);
#3034 = AXIS2_PLACEMENT_3D('',#3035,#3036,#3037);
#3035 = CARTESIAN_POINT('',(0.,-64.,45.561290322564));
#3036 = DIRECTION('',(0.,0.695421427516,-0.718602141767));
#3037 = DIRECTION('',(0.,0.718602141767,0.695421427516));
#3038 = ORIENTED_EDGE('',*,*,#893,.T.);
#3039 = ORIENTED_EDGE('',*,*,#3040,.T.);
#3040 = EDGE_CURVE('',#894,#3041,#3043,.T.);
#3041 = VERTEX_POINT('',#3042);
#3042 = CARTESIAN_POINT('',(-88.33459118601,-115.,24.));
#3043 = LINE('',#3044,#3045);
#3044 = CARTESIAN_POINT('',(-88.33459118601,-115.,10.));
#3045 = VECTOR('',#3046,1.);
#3046 = DIRECTION('',(0.,0.,1.));
#3047 = ORIENTED_EDGE('',*,*,#3048,.F.);
#3048 = EDGE_CURVE('',#2998,#3041,#3049,.T.);
#3049 = CIRCLE('',#3050,102.);
#3050 = AXIS2_PLACEMENT_3D('',#3051,#3052,#3053);
#3051 = CARTESIAN_POINT('',(0.,-64.,24.));
#3052 = DIRECTION('',(0.,0.,1.));
#3053 = DIRECTION('',(1.,0.,0.));
#3054 = CYLINDRICAL_SURFACE('',#3055,102.);
#3055 = AXIS2_PLACEMENT_3D('',#3056,#3057,#3058);
#3056 = CARTESIAN_POINT('',(0.,-64.,10.));
#3057 = DIRECTION('',(0.,0.,1.));
#3058 = DIRECTION('',(1.,0.,0.));
#3059 = ADVANCED_FACE('',(#3060),#3117,.T.);
#3060 = FACE_BOUND('',#3061,.T.);
#3061 = EDGE_LOOP('',(#3062,#3063,#3071,#3077,#3078,#3079,#3087,#3095,
    #3103,#3111));
#3062 = ORIENTED_EDGE('',*,*,#2629,.F.);
#3063 = ORIENTED_EDGE('',*,*,#3064,.T.);
#3064 = EDGE_CURVE('',#2622,#3065,#3067,.T.);
#3065 = VERTEX_POINT('',#3066);
#3066 = CARTESIAN_POINT('',(-89.6,-77.6,8.4));
#3067 = LINE('',#3068,#3069);
#3068 = CARTESIAN_POINT('',(-142.,-77.6,8.4));
#3069 = VECTOR('',#3070,1.);
#3070 = DIRECTION('',(1.,0.,0.));
#3071 = ORIENTED_EDGE('',*,*,#3072,.T.);
#3072 = EDGE_CURVE('',#3065,#870,#3073,.T.);
#3073 = LINE('',#3074,#3075);
#3074 = CARTESIAN_POINT('',(-89.6,-77.6,8.4));
#3075 = VECTOR('',#3076,1.);
#3076 = DIRECTION('',(0.,-0.718602141767,0.695421427516));
#3077 = ORIENTED_EDGE('',*,*,#869,.T.);
#3078 = ORIENTED_EDGE('',*,*,#3023,.F.);
#3079 = ORIENTED_EDGE('',*,*,#3080,.F.);
#3080 = EDGE_CURVE('',#3081,#3024,#3083,.T.);
#3081 = VERTEX_POINT('',#3082);
#3082 = CARTESIAN_POINT('',(-110.7,-90.,20.4));
#3083 = LINE('',#3084,#3085);
#3084 = CARTESIAN_POINT('',(-142.,-90.,20.4));
#3085 = VECTOR('',#3086,1.);
#3086 = DIRECTION('',(1.,0.,0.));
#3087 = ORIENTED_EDGE('',*,*,#3088,.F.);
#3088 = EDGE_CURVE('',#3089,#3081,#3091,.T.);
#3089 = VERTEX_POINT('',#3090);
#3090 = CARTESIAN_POINT('',(-110.7,-83.7,14.303225806452));
#3091 = LINE('',#3092,#3093);
#3092 = CARTESIAN_POINT('',(-110.7,-80.07950026867,10.799516389038));
#3093 = VECTOR('',#3094,1.);
#3094 = DIRECTION('',(0.,-0.718602141767,0.695421427516));
#3095 = ORIENTED_EDGE('',*,*,#3096,.F.);
#3096 = EDGE_CURVE('',#3097,#3089,#3099,.T.);
#3097 = VERTEX_POINT('',#3098);
#3098 = CARTESIAN_POINT('',(-119.3,-83.7,14.303225806452));
#3099 = LINE('',#3100,#3101);
#3100 = CARTESIAN_POINT('',(-130.65,-83.7,14.303225806452));
#3101 = VECTOR('',#3102,1.);
#3102 = DIRECTION('',(1.,0.,0.));
#3103 = ORIENTED_EDGE('',*,*,#3104,.T.);
#3104 = EDGE_CURVE('',#3097,#3105,#3107,.T.);
#3105 = VERTEX_POINT('',#3106);
#3106 = CARTESIAN_POINT('',(-119.3,-90.,20.4));
#3107 = LINE('',#3108,#3109);
#3108 = CARTESIAN_POINT('',(-119.3,-80.07950026867,10.799516389038));
#3109 = VECTOR('',#3110,1.);
#3110 = DIRECTION('',(0.,-0.718602141767,0.695421427516));
#3111 = ORIENTED_EDGE('',*,*,#3112,.F.);
#3112 = EDGE_CURVE('',#2630,#3105,#3113,.T.);
#3113 = LINE('',#3114,#3115);
#3114 = CARTESIAN_POINT('',(-142.,-90.,20.4));
#3115 = VECTOR('',#3116,1.);
#3116 = DIRECTION('',(1.,0.,0.));
#3117 = PLANE('',#3118);
#3118 = AXIS2_PLACEMENT_3D('',#3119,#3120,#3121);
#3119 = CARTESIAN_POINT('',(-142.,-77.6,8.4));
#3120 = DIRECTION('',(0.,-0.695421427516,-0.718602141767));
#3121 = DIRECTION('',(0.,-0.718602141767,0.695421427516));
#3122 = ADVANCED_FACE('',(#3123),#3157,.F.);
#3123 = FACE_BOUND('',#3124,.F.);
#3124 = EDGE_LOOP('',(#3125,#3135,#3143,#3149,#3150,#3151));
#3125 = ORIENTED_EDGE('',*,*,#3126,.T.);
#3126 = EDGE_CURVE('',#3127,#3129,#3131,.T.);
#3127 = VERTEX_POINT('',#3128);
#3128 = CARTESIAN_POINT('',(-89.6,-102.4,8.4));
#3129 = VERTEX_POINT('',#3130);
#3130 = CARTESIAN_POINT('',(-89.6,-102.4,3.6));
#3131 = LINE('',#3132,#3133);
#3132 = CARTESIAN_POINT('',(-89.6,-102.4,8.4));
#3133 = VECTOR('',#3134,1.);
#3134 = DIRECTION('',(0.,0.,-1.));
#3135 = ORIENTED_EDGE('',*,*,#3136,.T.);
#3136 = EDGE_CURVE('',#3129,#3137,#3139,.T.);
#3137 = VERTEX_POINT('',#3138);
#3138 = CARTESIAN_POINT('',(-89.6,-77.6,3.6));
#3139 = LINE('',#3140,#3141);
#3140 = CARTESIAN_POINT('',(-89.6,-102.4,3.6));
#3141 = VECTOR('',#3142,1.);
#3142 = DIRECTION('',(0.,1.,0.));
#3143 = ORIENTED_EDGE('',*,*,#3144,.T.);
#3144 = EDGE_CURVE('',#3137,#3065,#3145,.T.);
#3145 = LINE('',#3146,#3147);
#3146 = CARTESIAN_POINT('',(-89.6,-77.6,3.6));
#3147 = VECTOR('',#3148,1.);
#3148 = DIRECTION('',(0.,0.,1.));
#3149 = ORIENTED_EDGE('',*,*,#3072,.T.);
#3150 = ORIENTED_EDGE('',*,*,#877,.T.);
#3151 = ORIENTED_EDGE('',*,*,#3152,.T.);
#3152 = EDGE_CURVE('',#878,#3127,#3153,.T.);
#3153 = LINE('',#3154,#3155);
#3154 = CARTESIAN_POINT('',(-89.6,-90.,20.4));
#3155 = VECTOR('',#3156,1.);
#3156 = DIRECTION('',(0.,-0.718602141767,-0.695421427516));
#3157 = PLANE('',#3158);
#3158 = AXIS2_PLACEMENT_3D('',#3159,#3160,#3161);
#3159 = CARTESIAN_POINT('',(-89.6,-90.,9.343075305071));
#3160 = DIRECTION('',(1.,0.,0.));
#3161 = DIRECTION('',(0.,0.,1.));
#3162 = ADVANCED_FACE('',(#3163),#3199,.T.);
#3163 = FACE_BOUND('',#3164,.T.);
#3164 = EDGE_LOOP('',(#3165,#3166,#3167,#3175,#3183,#3189,#3190,#3191,
    #3192,#3193));
#3165 = ORIENTED_EDGE('',*,*,#2637,.F.);
#3166 = ORIENTED_EDGE('',*,*,#3112,.T.);
#3167 = ORIENTED_EDGE('',*,*,#3168,.T.);
#3168 = EDGE_CURVE('',#3105,#3169,#3171,.T.);
#3169 = VERTEX_POINT('',#3170);
#3170 = CARTESIAN_POINT('',(-119.3,-96.3,14.303225806452));
#3171 = LINE('',#3172,#3173);
#3172 = CARTESIAN_POINT('',(-119.3,-96.97375067168,13.651209027405));
#3173 = VECTOR('',#3174,1.);
#3174 = DIRECTION('',(0.,-0.718602141767,-0.695421427516));
#3175 = ORIENTED_EDGE('',*,*,#3176,.T.);
#3176 = EDGE_CURVE('',#3169,#3177,#3179,.T.);
#3177 = VERTEX_POINT('',#3178);
#3178 = CARTESIAN_POINT('',(-110.7,-96.3,14.303225806452));
#3179 = LINE('',#3180,#3181);
#3180 = CARTESIAN_POINT('',(-130.65,-96.3,14.303225806452));
#3181 = VECTOR('',#3182,1.);
#3182 = DIRECTION('',(1.,0.,0.));
#3183 = ORIENTED_EDGE('',*,*,#3184,.F.);
#3184 = EDGE_CURVE('',#3081,#3177,#3185,.T.);
#3185 = LINE('',#3186,#3187);
#3186 = CARTESIAN_POINT('',(-110.7,-96.97375067168,13.651209027405));
#3187 = VECTOR('',#3188,1.);
#3188 = DIRECTION('',(0.,-0.718602141767,-0.695421427516));
#3189 = ORIENTED_EDGE('',*,*,#3080,.T.);
#3190 = ORIENTED_EDGE('',*,*,#3032,.F.);
#3191 = ORIENTED_EDGE('',*,*,#885,.T.);
#3192 = ORIENTED_EDGE('',*,*,#3152,.T.);
#3193 = ORIENTED_EDGE('',*,*,#3194,.F.);
#3194 = EDGE_CURVE('',#2604,#3127,#3195,.T.);
#3195 = LINE('',#3196,#3197);
#3196 = CARTESIAN_POINT('',(-142.,-102.4,8.4));
#3197 = VECTOR('',#3198,1.);
#3198 = DIRECTION('',(1.,0.,0.));
#3199 = PLANE('',#3200);
#3200 = AXIS2_PLACEMENT_3D('',#3201,#3202,#3203);
#3201 = CARTESIAN_POINT('',(-142.,-90.,20.4));
#3202 = DIRECTION('',(0.,0.695421427516,-0.718602141767));
#3203 = DIRECTION('',(0.,-0.718602141767,-0.695421427516));
#3204 = ADVANCED_FACE('',(#3205),#3230,.F.);
#3205 = FACE_BOUND('',#3206,.F.);
#3206 = EDGE_LOOP('',(#3207,#3215,#3216,#3222,#3223,#3224));
#3207 = ORIENTED_EDGE('',*,*,#3208,.F.);
#3208 = EDGE_CURVE('',#2479,#3209,#3211,.T.);
#3209 = VERTEX_POINT('',#3210);
#3210 = CARTESIAN_POINT('',(-85.,-115.,4.));
#3211 = LINE('',#3212,#3213);
#3212 = CARTESIAN_POINT('',(-140.,-115.,4.));
#3213 = VECTOR('',#3214,1.);
#3214 = DIRECTION('',(1.,0.,0.));
#3215 = ORIENTED_EDGE('',*,*,#2486,.T.);
#3216 = ORIENTED_EDGE('',*,*,#3217,.T.);
#3217 = EDGE_CURVE('',#2487,#3041,#3218,.T.);
#3218 = LINE('',#3219,#3220);
#3219 = CARTESIAN_POINT('',(-140.,-115.,24.));
#3220 = VECTOR('',#3221,1.);
#3221 = DIRECTION('',(1.,0.,0.));
#3222 = ORIENTED_EDGE('',*,*,#3040,.F.);
#3223 = ORIENTED_EDGE('',*,*,#902,.T.);
#3224 = ORIENTED_EDGE('',*,*,#3225,.F.);
#3225 = EDGE_CURVE('',#3209,#903,#3226,.T.);
#3226 = LINE('',#3227,#3228);
#3227 = CARTESIAN_POINT('',(-85.,-115.,4.));
#3228 = VECTOR('',#3229,1.);
#3229 = DIRECTION('',(0.,0.,1.));
#3230 = PLANE('',#3231);
#3231 = AXIS2_PLACEMENT_3D('',#3232,#3233,#3234);
#3232 = CARTESIAN_POINT('',(-140.,-115.,4.));
#3233 = DIRECTION('',(0.,1.,0.));
#3234 = DIRECTION('',(0.,0.,1.));
#3235 = ADVANCED_FACE('',(#3236),#3254,.T.);
#3236 = FACE_BOUND('',#3237,.T.);
#3237 = EDGE_LOOP('',(#3238,#3239,#3247,#3253));
#3238 = ORIENTED_EDGE('',*,*,#3225,.F.);
#3239 = ORIENTED_EDGE('',*,*,#3240,.T.);
#3240 = EDGE_CURVE('',#3209,#3241,#3243,.T.);
#3241 = VERTEX_POINT('',#3242);
#3242 = CARTESIAN_POINT('',(-85.,-87.32521344509,4.));
#3243 = LINE('',#3244,#3245);
#3244 = CARTESIAN_POINT('',(-85.,-115.,4.));
#3245 = VECTOR('',#3246,1.);
#3246 = DIRECTION('',(0.,1.,0.));
#3247 = ORIENTED_EDGE('',*,*,#3248,.T.);
#3248 = EDGE_CURVE('',#3241,#911,#3249,.T.);
#3249 = LINE('',#3250,#3251);
#3250 = CARTESIAN_POINT('',(-85.,-87.32521344509,4.));
#3251 = VECTOR('',#3252,1.);
#3252 = DIRECTION('',(0.,0.,1.));
#3253 = ORIENTED_EDGE('',*,*,#910,.T.);
#3254 = PLANE('',#3255);
#3255 = AXIS2_PLACEMENT_3D('',#3256,#3257,#3258);
#3256 = CARTESIAN_POINT('',(-85.,-115.,4.));
#3257 = DIRECTION('',(1.,0.,0.));
#3258 = DIRECTION('',(0.,0.,1.));
#3259 = ADVANCED_FACE('',(#3260),#3278,.T.);
#3260 = FACE_BOUND('',#3261,.T.);
#3261 = EDGE_LOOP('',(#3262,#3270,#3271,#3272));
#3262 = ORIENTED_EDGE('',*,*,#3263,.T.);
#3263 = EDGE_CURVE('',#3264,#919,#3266,.T.);
#3264 = VERTEX_POINT('',#3265);
#3265 = CARTESIAN_POINT('',(-72.18624141322,-84.35059091602,4.));
#3266 = LINE('',#3267,#3268);
#3267 = CARTESIAN_POINT('',(-72.18624141322,-84.35059091602,4.));
#3268 = VECTOR('',#3269,1.);
#3269 = DIRECTION('',(0.,0.,1.));
#3270 = ORIENTED_EDGE('',*,*,#918,.T.);
#3271 = ORIENTED_EDGE('',*,*,#3248,.F.);
#3272 = ORIENTED_EDGE('',*,*,#3273,.F.);
#3273 = EDGE_CURVE('',#3264,#3241,#3274,.T.);
#3274 = LINE('',#3275,#3276);
#3275 = CARTESIAN_POINT('',(0.791453975198,-67.40934020085,4.));
#3276 = VECTOR('',#3277,1.);
#3277 = DIRECTION('',(-0.974097200243,-0.226129707199,0.));
#3278 = PLANE('',#3279);
#3279 = AXIS2_PLACEMENT_3D('',#3280,#3281,#3282);
#3280 = CARTESIAN_POINT('',(0.791453975198,-67.40934020085,4.));
#3281 = DIRECTION('',(0.226129707199,-0.974097200243,0.));
#3282 = DIRECTION('',(0.,0.,1.));
#3283 = ADVANCED_FACE('',(#3284),#3303,.T.);
#3284 = FACE_BOUND('',#3285,.T.);
#3285 = EDGE_LOOP('',(#3286,#3287,#3288,#3297));
#3286 = ORIENTED_EDGE('',*,*,#926,.F.);
#3287 = ORIENTED_EDGE('',*,*,#3263,.F.);
#3288 = ORIENTED_EDGE('',*,*,#3289,.T.);
#3289 = EDGE_CURVE('',#3264,#3290,#3292,.T.);
#3290 = VERTEX_POINT('',#3291);
#3291 = CARTESIAN_POINT('',(-3.5,-138.9182888218,4.));
#3292 = CIRCLE('',#3293,75.);
#3293 = AXIS2_PLACEMENT_3D('',#3294,#3295,#3296);
#3294 = CARTESIAN_POINT('',(0.,-64.,4.));
#3295 = DIRECTION('',(0.,0.,1.));
#3296 = DIRECTION('',(1.,0.,0.));
#3297 = ORIENTED_EDGE('',*,*,#3298,.T.);
#3298 = EDGE_CURVE('',#3290,#927,#3299,.T.);
#3299 = LINE('',#3300,#3301);
#3300 = CARTESIAN_POINT('',(-3.5,-138.9182888218,4.));
#3301 = VECTOR('',#3302,1.);
#3302 = DIRECTION('',(0.,0.,1.));
#3303 = CYLINDRICAL_SURFACE('',#3304,75.);
#3304 = AXIS2_PLACEMENT_3D('',#3305,#3306,#3307);
#3305 = CARTESIAN_POINT('',(0.,-64.,4.));
#3306 = DIRECTION('',(0.,0.,1.));
#3307 = DIRECTION('',(1.,0.,0.));
#3308 = ADVANCED_FACE('',(#3309),#3327,.F.);
#3309 = FACE_BOUND('',#3310,.F.);
#3310 = EDGE_LOOP('',(#3311,#3312,#3313,#3321));
#3311 = ORIENTED_EDGE('',*,*,#3298,.T.);
#3312 = ORIENTED_EDGE('',*,*,#935,.T.);
#3313 = ORIENTED_EDGE('',*,*,#3314,.F.);
#3314 = EDGE_CURVE('',#3315,#936,#3317,.T.);
#3315 = VERTEX_POINT('',#3316);
#3316 = CARTESIAN_POINT('',(-3.5,-139.5,4.));
#3317 = LINE('',#3318,#3319);
#3318 = CARTESIAN_POINT('',(-3.5,-139.5,4.));
#3319 = VECTOR('',#3320,1.);
#3320 = DIRECTION('',(0.,0.,1.));
#3321 = ORIENTED_EDGE('',*,*,#3322,.F.);
#3322 = EDGE_CURVE('',#3290,#3315,#3323,.T.);
#3323 = LINE('',#3324,#3325);
#3324 = CARTESIAN_POINT('',(-3.5,-64.,4.));
#3325 = VECTOR('',#3326,1.);
#3326 = DIRECTION('',(1.110223024625E-16,-1.,0.));
#3327 = PLANE('',#3328);
#3328 = AXIS2_PLACEMENT_3D('',#3329,#3330,#3331);
#3329 = CARTESIAN_POINT('',(-3.5,-64.,4.));
#3330 = DIRECTION('',(1.,1.110223024625E-16,0.));
#3331 = DIRECTION('',(0.,0.,1.));
#3332 = ADVANCED_FACE('',(#3333),#3358,.T.);
#3333 = FACE_BOUND('',#3334,.T.);
#3334 = EDGE_LOOP('',(#3335,#3341,#3342,#3350,#3356,#3357));
#3335 = ORIENTED_EDGE('',*,*,#3336,.F.);
#3336 = EDGE_CURVE('',#2471,#3315,#3337,.T.);
#3337 = LINE('',#3338,#3339);
#3338 = CARTESIAN_POINT('',(-140.,-139.5,4.));
#3339 = VECTOR('',#3340,1.);
#3340 = DIRECTION('',(1.,0.,0.));
#3341 = ORIENTED_EDGE('',*,*,#2470,.T.);
#3342 = ORIENTED_EDGE('',*,*,#3343,.T.);
#3343 = EDGE_CURVE('',#2463,#3344,#3346,.T.);
#3344 = VERTEX_POINT('',#3345);
#3345 = CARTESIAN_POINT('',(-68.5838902367,-139.5,14.));
#3346 = LINE('',#3347,#3348);
#3347 = CARTESIAN_POINT('',(-140.,-139.5,14.));
#3348 = VECTOR('',#3349,1.);
#3349 = DIRECTION('',(1.,0.,0.));
#3350 = ORIENTED_EDGE('',*,*,#3351,.F.);
#3351 = EDGE_CURVE('',#944,#3344,#3352,.T.);
#3352 = LINE('',#3353,#3354);
#3353 = CARTESIAN_POINT('',(-68.5838902367,-139.5,10.));
#3354 = VECTOR('',#3355,1.);
#3355 = DIRECTION('',(0.,0.,1.));
#3356 = ORIENTED_EDGE('',*,*,#943,.T.);
#3357 = ORIENTED_EDGE('',*,*,#3314,.F.);
#3358 = PLANE('',#3359);
#3359 = AXIS2_PLACEMENT_3D('',#3360,#3361,#3362);
#3360 = CARTESIAN_POINT('',(-140.,-139.5,4.));
#3361 = DIRECTION('',(0.,1.,0.));
#3362 = DIRECTION('',(0.,0.,1.));
#3363 = ADVANCED_FACE('',(#3364),#3376,.F.);
#3364 = FACE_BOUND('',#3365,.F.);
#3365 = EDGE_LOOP('',(#3366,#3367,#3368,#3375));
#3366 = ORIENTED_EDGE('',*,*,#951,.T.);
#3367 = ORIENTED_EDGE('',*,*,#1432,.T.);
#3368 = ORIENTED_EDGE('',*,*,#3369,.F.);
#3369 = EDGE_CURVE('',#3344,#1433,#3370,.T.);
#3370 = CIRCLE('',#3371,102.);
#3371 = AXIS2_PLACEMENT_3D('',#3372,#3373,#3374);
#3372 = CARTESIAN_POINT('',(0.,-64.,14.));
#3373 = DIRECTION('',(0.,0.,1.));
#3374 = DIRECTION('',(1.,0.,0.));
#3375 = ORIENTED_EDGE('',*,*,#3351,.F.);
#3376 = CYLINDRICAL_SURFACE('',#3377,102.);
#3377 = AXIS2_PLACEMENT_3D('',#3378,#3379,#3380);
#3378 = CARTESIAN_POINT('',(0.,-64.,10.));
#3379 = DIRECTION('',(0.,0.,1.));
#3380 = DIRECTION('',(1.,0.,0.));
#3381 = ADVANCED_FACE('',(#3382),#3388,.F.);
#3382 = FACE_BOUND('',#3383,.F.);
#3383 = EDGE_LOOP('',(#3384,#3385,#3386,#3387));
#3384 = ORIENTED_EDGE('',*,*,#968,.T.);
#3385 = ORIENTED_EDGE('',*,*,#1913,.T.);
#3386 = ORIENTED_EDGE('',*,*,#1936,.F.);
#3387 = ORIENTED_EDGE('',*,*,#1425,.F.);
#3388 = CYLINDRICAL_SURFACE('',#3389,102.);
#3389 = AXIS2_PLACEMENT_3D('',#3390,#3391,#3392);
#3390 = CARTESIAN_POINT('',(0.,-64.,10.));
#3391 = DIRECTION('',(0.,0.,1.));
#3392 = DIRECTION('',(1.,0.,0.));
#3393 = ADVANCED_FACE('',(#3394),#3405,.T.);
#3394 = FACE_BOUND('',#3395,.T.);
#3395 = EDGE_LOOP('',(#3396,#3402,#3403,#3404));
#3396 = ORIENTED_EDGE('',*,*,#3397,.T.);
#3397 = EDGE_CURVE('',#1875,#986,#3398,.T.);
#3398 = LINE('',#3399,#3400);
#3399 = CARTESIAN_POINT('',(3.5,-138.9182888218,4.));
#3400 = VECTOR('',#3401,1.);
#3401 = DIRECTION('',(0.,0.,1.));
#3402 = ORIENTED_EDGE('',*,*,#985,.T.);
#3403 = ORIENTED_EDGE('',*,*,#1906,.F.);
#3404 = ORIENTED_EDGE('',*,*,#1883,.F.);
#3405 = PLANE('',#3406);
#3406 = AXIS2_PLACEMENT_3D('',#3407,#3408,#3409);
#3407 = CARTESIAN_POINT('',(3.5,-64.,4.));
#3408 = DIRECTION('',(1.,1.110223024625E-16,0.));
#3409 = DIRECTION('',(0.,0.,1.));
#3410 = ADVANCED_FACE('',(#3411),#3422,.T.);
#3411 = FACE_BOUND('',#3412,.T.);
#3412 = EDGE_LOOP('',(#3413,#3414,#3420,#3421));
#3413 = ORIENTED_EDGE('',*,*,#1874,.T.);
#3414 = ORIENTED_EDGE('',*,*,#3415,.T.);
#3415 = EDGE_CURVE('',#1867,#994,#3416,.T.);
#3416 = LINE('',#3417,#3418);
#3417 = CARTESIAN_POINT('',(72.186241413227,-84.35059091602,4.));
#3418 = VECTOR('',#3419,1.);
#3419 = DIRECTION('',(0.,0.,1.));
#3420 = ORIENTED_EDGE('',*,*,#993,.F.);
#3421 = ORIENTED_EDGE('',*,*,#3397,.F.);
#3422 = CYLINDRICAL_SURFACE('',#3423,75.);
#3423 = AXIS2_PLACEMENT_3D('',#3424,#3425,#3426);
#3424 = CARTESIAN_POINT('',(0.,-64.,4.));
#3425 = DIRECTION('',(0.,0.,1.));
#3426 = DIRECTION('',(1.,0.,0.));
#3427 = ADVANCED_FACE('',(#3428),#3439,.F.);
#3428 = FACE_BOUND('',#3429,.F.);
#3429 = EDGE_LOOP('',(#3430,#3431,#3432,#3438));
#3430 = ORIENTED_EDGE('',*,*,#3415,.T.);
#3431 = ORIENTED_EDGE('',*,*,#1002,.T.);
#3432 = ORIENTED_EDGE('',*,*,#3433,.T.);
#3433 = EDGE_CURVE('',#1003,#1859,#3434,.T.);
#3434 = LINE('',#3435,#3436);
#3435 = CARTESIAN_POINT('',(85.,-87.32521344509,4.));
#3436 = VECTOR('',#3437,1.);
#3437 = DIRECTION('',(0.,0.,-1.));
#3438 = ORIENTED_EDGE('',*,*,#1866,.F.);
#3439 = PLANE('',#3440);
#3440 = AXIS2_PLACEMENT_3D('',#3441,#3442,#3443);
#3441 = CARTESIAN_POINT('',(-0.791453975198,-67.40934020085,4.));
#3442 = DIRECTION('',(0.226129707199,0.974097200243,0.));
#3443 = DIRECTION('',(0.,0.,1.));
#3444 = ADVANCED_FACE('',(#3445),#3451,.F.);
#3445 = FACE_BOUND('',#3446,.F.);
#3446 = EDGE_LOOP('',(#3447,#3448,#3449,#3450));
#3447 = ORIENTED_EDGE('',*,*,#1833,.F.);
#3448 = ORIENTED_EDGE('',*,*,#1858,.T.);
#3449 = ORIENTED_EDGE('',*,*,#3433,.F.);
#3450 = ORIENTED_EDGE('',*,*,#1010,.T.);
#3451 = PLANE('',#3452);
#3452 = AXIS2_PLACEMENT_3D('',#3453,#3454,#3455);
#3453 = CARTESIAN_POINT('',(85.,-115.,4.));
#3454 = DIRECTION('',(1.,0.,0.));
#3455 = DIRECTION('',(0.,0.,1.));
#3456 = ADVANCED_FACE('',(#3457),#3466,.F.);
#3457 = FACE_BOUND('',#3458,.F.);
#3458 = EDGE_LOOP('',(#3459,#3460,#3461,#3462,#3463,#3464,#3465));
#3459 = ORIENTED_EDGE('',*,*,#1059,.T.);
#3460 = ORIENTED_EDGE('',*,*,#1743,.T.);
#3461 = ORIENTED_EDGE('',*,*,#1766,.F.);
#3462 = ORIENTED_EDGE('',*,*,#1840,.F.);
#3463 = ORIENTED_EDGE('',*,*,#1026,.T.);
#3464 = ORIENTED_EDGE('',*,*,#2283,.F.);
#3465 = ORIENTED_EDGE('',*,*,#2372,.F.);
#3466 = CYLINDRICAL_SURFACE('',#3467,102.);
#3467 = AXIS2_PLACEMENT_3D('',#3468,#3469,#3470);
#3468 = CARTESIAN_POINT('',(0.,-64.,10.));
#3469 = DIRECTION('',(0.,0.,1.));
#3470 = DIRECTION('',(1.,0.,0.));
#3471 = ADVANCED_FACE('',(#3472),#3480,.T.);
#3472 = FACE_BOUND('',#3473,.T.);
#3473 = EDGE_LOOP('',(#3474,#3475,#3476,#3477,#3478,#3479));
#3474 = ORIENTED_EDGE('',*,*,#2252,.T.);
#3475 = ORIENTED_EDGE('',*,*,#2194,.T.);
#3476 = ORIENTED_EDGE('',*,*,#2163,.T.);
#3477 = ORIENTED_EDGE('',*,*,#2340,.T.);
#3478 = ORIENTED_EDGE('',*,*,#1043,.T.);
#3479 = ORIENTED_EDGE('',*,*,#2276,.T.);
#3480 = PLANE('',#3481);
#3481 = AXIS2_PLACEMENT_3D('',#3482,#3483,#3484);
#3482 = CARTESIAN_POINT('',(89.6,-90.,9.343075305071));
#3483 = DIRECTION('',(1.,0.,0.));
#3484 = DIRECTION('',(0.,0.,1.));
#3485 = ADVANCED_FACE('',(#3486),#3497,.F.);
#3486 = FACE_BOUND('',#3487,.F.);
#3487 = EDGE_LOOP('',(#3488,#3489,#3490,#3496));
#3488 = ORIENTED_EDGE('',*,*,#1736,.T.);
#3489 = ORIENTED_EDGE('',*,*,#1076,.T.);
#3490 = ORIENTED_EDGE('',*,*,#3491,.T.);
#3491 = EDGE_CURVE('',#1077,#1706,#3492,.T.);
#3492 = LINE('',#3493,#3494);
#3493 = CARTESIAN_POINT('',(85.,-80.13907226919,4.));
#3494 = VECTOR('',#3495,1.);
#3495 = DIRECTION('',(0.,0.,-1.));
#3496 = ORIENTED_EDGE('',*,*,#1713,.T.);
#3497 = PLANE('',#3498);
#3498 = AXIS2_PLACEMENT_3D('',#3499,#3500,#3501);
#3499 = CARTESIAN_POINT('',(85.,-115.,4.));
#3500 = DIRECTION('',(1.,0.,0.));
#3501 = DIRECTION('',(0.,0.,1.));
#3502 = ADVANCED_FACE('',(#3503),#3514,.T.);
#3503 = FACE_BOUND('',#3504,.T.);
#3504 = EDGE_LOOP('',(#3505,#3511,#3512,#3513));
#3505 = ORIENTED_EDGE('',*,*,#3506,.T.);
#3506 = EDGE_CURVE('',#1697,#1085,#3507,.T.);
#3507 = LINE('',#3508,#3509);
#3508 = CARTESIAN_POINT('',(73.769149363623,-77.53191051431,4.));
#3509 = VECTOR('',#3510,1.);
#3510 = DIRECTION('',(0.,0.,1.));
#3511 = ORIENTED_EDGE('',*,*,#1084,.T.);
#3512 = ORIENTED_EDGE('',*,*,#3491,.T.);
#3513 = ORIENTED_EDGE('',*,*,#1705,.F.);
#3514 = PLANE('',#3515);
#3515 = AXIS2_PLACEMENT_3D('',#3516,#3517,#3518);
#3516 = CARTESIAN_POINT('',(0.791453975198,-60.59065979914,4.));
#3517 = DIRECTION('',(0.226129707199,0.974097200243,0.));
#3518 = DIRECTION('',(0.,0.,1.));
#3519 = ADVANCED_FACE('',(#3520),#3528,.T.);
#3520 = FACE_BOUND('',#3521,.T.);
#3521 = EDGE_LOOP('',(#3522,#3523,#3524,#3525,#3526,#3527));
#3522 = ORIENTED_EDGE('',*,*,#1687,.T.);
#3523 = ORIENTED_EDGE('',*,*,#2430,.T.);
#3524 = ORIENTED_EDGE('',*,*,#1101,.F.);
#3525 = ORIENTED_EDGE('',*,*,#1092,.F.);
#3526 = ORIENTED_EDGE('',*,*,#3506,.F.);
#3527 = ORIENTED_EDGE('',*,*,#1696,.T.);
#3528 = CYLINDRICAL_SURFACE('',#3529,75.);
#3529 = AXIS2_PLACEMENT_3D('',#3530,#3531,#3532);
#3530 = CARTESIAN_POINT('',(0.,-64.,4.));
#3531 = DIRECTION('',(0.,0.,1.));
#3532 = DIRECTION('',(1.,0.,0.));
#3533 = ADVANCED_FACE('',(#3534),#3575,.F.);
#3534 = FACE_BOUND('',#3535,.F.);
#3535 = EDGE_LOOP('',(#3536,#3546,#3554,#3562,#3568,#3569));
#3536 = ORIENTED_EDGE('',*,*,#3537,.F.);
#3537 = EDGE_CURVE('',#3538,#3540,#3542,.T.);
#3538 = VERTEX_POINT('',#3539);
#3539 = CARTESIAN_POINT('',(3.500000000001,-49.92875272053,4.));
#3540 = VERTEX_POINT('',#3541);
#3541 = CARTESIAN_POINT('',(3.499999999999,-24.1534192182,4.));
#3542 = LINE('',#3543,#3544);
#3543 = CARTESIAN_POINT('',(3.5,-64.,4.));
#3544 = VECTOR('',#3545,1.);
#3545 = DIRECTION('',(1.110223024625E-16,1.,0.));
#3546 = ORIENTED_EDGE('',*,*,#3547,.T.);
#3547 = EDGE_CURVE('',#3538,#3548,#3550,.T.);
#3548 = VERTEX_POINT('',#3549);
#3549 = CARTESIAN_POINT('',(3.5,-49.92875272053,14.));
#3550 = LINE('',#3551,#3552);
#3551 = CARTESIAN_POINT('',(3.5,-49.92875272053,4.));
#3552 = VECTOR('',#3553,1.);
#3553 = DIRECTION('',(0.,0.,1.));
#3554 = ORIENTED_EDGE('',*,*,#3555,.T.);
#3555 = EDGE_CURVE('',#3548,#3556,#3558,.T.);
#3556 = VERTEX_POINT('',#3557);
#3557 = CARTESIAN_POINT('',(3.5,-49.41404785418,14.));
#3558 = LINE('',#3559,#3560);
#3559 = CARTESIAN_POINT('',(3.5,-64.,14.));
#3560 = VECTOR('',#3561,1.);
#3561 = DIRECTION('',(1.110223024625E-16,1.,0.));
#3562 = ORIENTED_EDGE('',*,*,#3563,.F.);
#3563 = EDGE_CURVE('',#1171,#3556,#3564,.T.);
#3564 = LINE('',#3565,#3566);
#3565 = CARTESIAN_POINT('',(3.5,-49.41404785418,9.));
#3566 = VECTOR('',#3567,1.);
#3567 = DIRECTION('',(0.,0.,1.));
#3568 = ORIENTED_EDGE('',*,*,#1170,.T.);
#3569 = ORIENTED_EDGE('',*,*,#3570,.F.);
#3570 = EDGE_CURVE('',#3540,#1173,#3571,.T.);
#3571 = LINE('',#3572,#3573);
#3572 = CARTESIAN_POINT('',(3.5,-24.1534192182,3.5));
#3573 = VECTOR('',#3574,1.);
#3574 = DIRECTION('',(0.,0.,1.));
#3575 = PLANE('',#3576);
#3576 = AXIS2_PLACEMENT_3D('',#3577,#3578,#3579);
#3577 = CARTESIAN_POINT('',(3.5,-64.,4.));
#3578 = DIRECTION('',(-1.,1.110223024625E-16,0.));
#3579 = DIRECTION('',(0.,0.,1.));
#3580 = ADVANCED_FACE('',(#3581),#3600,.F.);
#3581 = FACE_BOUND('',#3582,.F.);
#3582 = EDGE_LOOP('',(#3583,#3584,#3592,#3599));
#3583 = ORIENTED_EDGE('',*,*,#1180,.F.);
#3584 = ORIENTED_EDGE('',*,*,#3585,.F.);
#3585 = EDGE_CURVE('',#3586,#1181,#3588,.T.);
#3586 = VERTEX_POINT('',#3587);
#3587 = CARTESIAN_POINT('',(20.606054769912,-29.71603134379,4.));
#3588 = LINE('',#3589,#3590);
#3589 = CARTESIAN_POINT('',(20.606054769912,-29.71603134379,3.5));
#3590 = VECTOR('',#3591,1.);
#3591 = DIRECTION('',(0.,0.,1.));
#3592 = ORIENTED_EDGE('',*,*,#3593,.T.);
#3593 = EDGE_CURVE('',#3586,#3540,#3594,.T.);
#3594 = CIRCLE('',#3595,40.);
#3595 = AXIS2_PLACEMENT_3D('',#3596,#3597,#3598);
#3596 = CARTESIAN_POINT('',(0.,-64.,4.));
#3597 = DIRECTION('',(0.,0.,1.));
#3598 = DIRECTION('',(1.,0.,0.));
#3599 = ORIENTED_EDGE('',*,*,#3570,.T.);
#3600 = CYLINDRICAL_SURFACE('',#3601,40.);
#3601 = AXIS2_PLACEMENT_3D('',#3602,#3603,#3604);
#3602 = CARTESIAN_POINT('',(0.,-64.,3.5));
#3603 = DIRECTION('',(0.,0.,1.));
#3604 = DIRECTION('',(1.,0.,0.));
#3605 = ADVANCED_FACE('',(#3606),#3640,.T.);
#3606 = FACE_BOUND('',#3607,.T.);
#3607 = EDGE_LOOP('',(#3608,#3616,#3624,#3632,#3638,#3639));
#3608 = ORIENTED_EDGE('',*,*,#3609,.F.);
#3609 = EDGE_CURVE('',#3610,#3586,#3612,.T.);
#3610 = VERTEX_POINT('',#3611);
#3611 = CARTESIAN_POINT('',(5.44573310571,-50.56147363207,4.));
#3612 = LINE('',#3613,#3614);
#3613 = CARTESIAN_POINT('',(-2.830576295061,-61.94139905813,4.));
#3614 = VECTOR('',#3615,1.);
#3615 = DIRECTION('',(0.588171697675,0.808736084303,0.));
#3616 = ORIENTED_EDGE('',*,*,#3617,.T.);
#3617 = EDGE_CURVE('',#3610,#3618,#3620,.T.);
#3618 = VERTEX_POINT('',#3619);
#3619 = CARTESIAN_POINT('',(5.44573310571,-50.56147363207,14.));
#3620 = LINE('',#3621,#3622);
#3621 = CARTESIAN_POINT('',(5.44573310571,-50.56147363207,4.));
#3622 = VECTOR('',#3623,1.);
#3623 = DIRECTION('',(0.,0.,1.));
#3624 = ORIENTED_EDGE('',*,*,#3625,.T.);
#3625 = EDGE_CURVE('',#3618,#3626,#3628,.T.);
#3626 = VERTEX_POINT('',#3627);
#3627 = CARTESIAN_POINT('',(5.748467940747,-50.14521323389,14.));
#3628 = LINE('',#3629,#3630);
#3629 = CARTESIAN_POINT('',(-2.830576295061,-61.94139905813,14.));
#3630 = VECTOR('',#3631,1.);
#3631 = DIRECTION('',(0.588171697675,0.808736084303,0.));
#3632 = ORIENTED_EDGE('',*,*,#3633,.F.);
#3633 = EDGE_CURVE('',#1190,#3626,#3634,.T.);
#3634 = LINE('',#3635,#3636);
#3635 = CARTESIAN_POINT('',(5.748467940747,-50.14521323389,9.));
#3636 = VECTOR('',#3637,1.);
#3637 = DIRECTION('',(0.,0.,1.));
#3638 = ORIENTED_EDGE('',*,*,#1189,.T.);
#3639 = ORIENTED_EDGE('',*,*,#3585,.F.);
#3640 = PLANE('',#3641);
#3641 = AXIS2_PLACEMENT_3D('',#3642,#3643,#3644);
#3642 = CARTESIAN_POINT('',(-2.830576295061,-61.94139905813,4.));
#3643 = DIRECTION('',(-0.808736084303,0.588171697675,0.));
#3644 = DIRECTION('',(0.,0.,1.));
#3645 = ADVANCED_FACE('',(#3646),#3665,.T.);
#3646 = FACE_BOUND('',#3647,.T.);
#3647 = EDGE_LOOP('',(#3648,#3656,#3657,#3658));
#3648 = ORIENTED_EDGE('',*,*,#3649,.F.);
#3649 = EDGE_CURVE('',#1198,#3650,#3652,.T.);
#3650 = VERTEX_POINT('',#3651);
#3651 = CARTESIAN_POINT('',(11.409620530872,-54.26241511762,14.));
#3652 = LINE('',#3653,#3654);
#3653 = CARTESIAN_POINT('',(11.409620530872,-54.26241511762,9.));
#3654 = VECTOR('',#3655,1.);
#3655 = DIRECTION('',(0.,0.,1.));
#3656 = ORIENTED_EDGE('',*,*,#1197,.T.);
#3657 = ORIENTED_EDGE('',*,*,#3633,.T.);
#3658 = ORIENTED_EDGE('',*,*,#3659,.F.);
#3659 = EDGE_CURVE('',#3650,#3626,#3660,.T.);
#3660 = CIRCLE('',#3661,15.);
#3661 = AXIS2_PLACEMENT_3D('',#3662,#3663,#3664);
#3662 = CARTESIAN_POINT('',(0.,-64.,14.));
#3663 = DIRECTION('',(0.,0.,1.));
#3664 = DIRECTION('',(1.,0.,0.));
#3665 = CYLINDRICAL_SURFACE('',#3666,15.);
#3666 = AXIS2_PLACEMENT_3D('',#3667,#3668,#3669);
#3667 = CARTESIAN_POINT('',(0.,-64.,9.));
#3668 = DIRECTION('',(0.,0.,1.));
#3669 = DIRECTION('',(1.,0.,0.));
#3670 = ADVANCED_FACE('',(#3671),#3705,.F.);
#3671 = FACE_BOUND('',#3672,.F.);
#3672 = EDGE_LOOP('',(#3673,#3683,#3691,#3697,#3698,#3699));
#3673 = ORIENTED_EDGE('',*,*,#3674,.F.);
#3674 = EDGE_CURVE('',#3675,#3677,#3679,.T.);
#3675 = VERTEX_POINT('',#3676);
#3676 = CARTESIAN_POINT('',(11.106885695832,-54.6786755158,4.));
#3677 = VERTEX_POINT('',#3678);
#3678 = CARTESIAN_POINT('',(26.267207360035,-33.83323322752,4.));
#3679 = LINE('',#3680,#3681);
#3680 = CARTESIAN_POINT('',(2.830576295061,-66.05860094186,4.));
#3681 = VECTOR('',#3682,1.);
#3682 = DIRECTION('',(0.588171697675,0.808736084303,0.));
#3683 = ORIENTED_EDGE('',*,*,#3684,.T.);
#3684 = EDGE_CURVE('',#3675,#3685,#3687,.T.);
#3685 = VERTEX_POINT('',#3686);
#3686 = CARTESIAN_POINT('',(11.106885695833,-54.6786755158,14.));
#3687 = LINE('',#3688,#3689);
#3688 = CARTESIAN_POINT('',(11.106885695833,-54.6786755158,4.));
#3689 = VECTOR('',#3690,1.);
#3690 = DIRECTION('',(0.,0.,1.));
#3691 = ORIENTED_EDGE('',*,*,#3692,.T.);
#3692 = EDGE_CURVE('',#3685,#3650,#3693,.T.);
#3693 = LINE('',#3694,#3695);
#3694 = CARTESIAN_POINT('',(2.830576295061,-66.05860094186,14.));
#3695 = VECTOR('',#3696,1.);
#3696 = DIRECTION('',(0.588171697675,0.808736084303,0.));
#3697 = ORIENTED_EDGE('',*,*,#3649,.F.);
#3698 = ORIENTED_EDGE('',*,*,#1206,.T.);
#3699 = ORIENTED_EDGE('',*,*,#3700,.F.);
#3700 = EDGE_CURVE('',#3677,#1207,#3701,.T.);
#3701 = LINE('',#3702,#3703);
#3702 = CARTESIAN_POINT('',(26.267207360035,-33.83323322752,3.5));
#3703 = VECTOR('',#3704,1.);
#3704 = DIRECTION('',(0.,0.,1.));
#3705 = PLANE('',#3706);
#3706 = AXIS2_PLACEMENT_3D('',#3707,#3708,#3709);
#3707 = CARTESIAN_POINT('',(2.830576295061,-66.05860094186,4.));
#3708 = DIRECTION('',(-0.808736084303,0.588171697675,0.));
#3709 = DIRECTION('',(0.,0.,1.));
#3710 = ADVANCED_FACE('',(#3711),#3740,.F.);
#3711 = FACE_BOUND('',#3712,.F.);
#3712 = EDGE_LOOP('',(#3713,#3714,#3715,#3716,#3724,#3733));
#3713 = ORIENTED_EDGE('',*,*,#3700,.T.);
#3714 = ORIENTED_EDGE('',*,*,#1214,.F.);
#3715 = ORIENTED_EDGE('',*,*,#1223,.F.);
#3716 = ORIENTED_EDGE('',*,*,#3717,.F.);
#3717 = EDGE_CURVE('',#3718,#1224,#3720,.T.);
#3718 = VERTEX_POINT('',#3719);
#3719 = CARTESIAN_POINT('',(39.605896754013,-69.60115544422,4.));
#3720 = LINE('',#3721,#3722);
#3721 = CARTESIAN_POINT('',(39.605896754013,-69.60115544423,3.5));
#3722 = VECTOR('',#3723,1.);
#3723 = DIRECTION('',(0.,0.,1.));
#3724 = ORIENTED_EDGE('',*,*,#3725,.T.);
#3725 = EDGE_CURVE('',#3718,#3726,#3728,.T.);
#3726 = VERTEX_POINT('',#3727);
#3727 = CARTESIAN_POINT('',(40.,-64.,4.));
#3728 = CIRCLE('',#3729,40.);
#3729 = AXIS2_PLACEMENT_3D('',#3730,#3731,#3732);
#3730 = CARTESIAN_POINT('',(0.,-64.,4.));
#3731 = DIRECTION('',(0.,0.,1.));
#3732 = DIRECTION('',(1.,0.,0.));
#3733 = ORIENTED_EDGE('',*,*,#3734,.T.);
#3734 = EDGE_CURVE('',#3726,#3677,#3735,.T.);
#3735 = CIRCLE('',#3736,40.);
#3736 = AXIS2_PLACEMENT_3D('',#3737,#3738,#3739);
#3737 = CARTESIAN_POINT('',(0.,-64.,4.));
#3738 = DIRECTION('',(0.,0.,1.));
#3739 = DIRECTION('',(1.,0.,0.));
#3740 = CYLINDRICAL_SURFACE('',#3741,40.);
#3741 = AXIS2_PLACEMENT_3D('',#3742,#3743,#3744);
#3742 = CARTESIAN_POINT('',(0.,-64.,3.5));
#3743 = DIRECTION('',(0.,0.,1.));
#3744 = DIRECTION('',(1.,0.,0.));
#3745 = ADVANCED_FACE('',(#3746),#3780,.T.);
#3746 = FACE_BOUND('',#3747,.T.);
#3747 = EDGE_LOOP('',(#3748,#3756,#3764,#3772,#3778,#3779));
#3748 = ORIENTED_EDGE('',*,*,#3749,.F.);
#3749 = EDGE_CURVE('',#3750,#3718,#3752,.T.);
#3750 = VERTEX_POINT('',#3751);
#3751 = CARTESIAN_POINT('',(14.498216554062,-63.77258682638,4.));
#3752 = LINE('',#3753,#3754);
#3753 = CARTESIAN_POINT('',(0.791453975198,-60.59065979914,4.));
#3754 = VECTOR('',#3755,1.);
#3755 = DIRECTION('',(0.974097200243,-0.226129707199,0.));
#3756 = ORIENTED_EDGE('',*,*,#3757,.T.);
#3757 = EDGE_CURVE('',#3750,#3758,#3760,.T.);
#3758 = VERTEX_POINT('',#3759);
#3759 = CARTESIAN_POINT('',(14.498216554062,-63.77258682638,14.));
#3760 = LINE('',#3761,#3762);
#3761 = CARTESIAN_POINT('',(14.498216554062,-63.77258682638,4.));
#3762 = VECTOR('',#3763,1.);
#3763 = DIRECTION('',(0.,0.,1.));
#3764 = ORIENTED_EDGE('',*,*,#3765,.T.);
#3765 = EDGE_CURVE('',#3758,#3766,#3768,.T.);
#3766 = VERTEX_POINT('',#3767);
#3767 = CARTESIAN_POINT('',(14.999589123319,-63.88897688709,14.));
#3768 = LINE('',#3769,#3770);
#3769 = CARTESIAN_POINT('',(0.791453975198,-60.59065979914,14.));
#3770 = VECTOR('',#3771,1.);
#3771 = DIRECTION('',(0.974097200243,-0.226129707199,0.));
#3772 = ORIENTED_EDGE('',*,*,#3773,.F.);
#3773 = EDGE_CURVE('',#1233,#3766,#3774,.T.);
#3774 = LINE('',#3775,#3776);
#3775 = CARTESIAN_POINT('',(14.999589123319,-63.88897688709,9.));
#3776 = VECTOR('',#3777,1.);
#3777 = DIRECTION('',(0.,0.,1.));
#3778 = ORIENTED_EDGE('',*,*,#1232,.T.);
#3779 = ORIENTED_EDGE('',*,*,#3717,.F.);
#3780 = PLANE('',#3781);
#3781 = AXIS2_PLACEMENT_3D('',#3782,#3783,#3784);
#3782 = CARTESIAN_POINT('',(0.791453975198,-60.59065979914,4.));
#3783 = DIRECTION('',(0.226129707199,0.974097200243,0.));
#3784 = DIRECTION('',(0.,0.,1.));
#3785 = ADVANCED_FACE('',(#3786),#3815,.T.);
#3786 = FACE_BOUND('',#3787,.T.);
#3787 = EDGE_LOOP('',(#3788,#3789,#3790,#3799,#3808,#3814));
#3788 = ORIENTED_EDGE('',*,*,#1240,.T.);
#3789 = ORIENTED_EDGE('',*,*,#3773,.T.);
#3790 = ORIENTED_EDGE('',*,*,#3791,.F.);
#3791 = EDGE_CURVE('',#3792,#3766,#3794,.T.);
#3792 = VERTEX_POINT('',#3793);
#3793 = CARTESIAN_POINT('',(15.,-64.,14.));
#3794 = CIRCLE('',#3795,15.);
#3795 = AXIS2_PLACEMENT_3D('',#3796,#3797,#3798);
#3796 = CARTESIAN_POINT('',(0.,-64.,14.));
#3797 = DIRECTION('',(0.,0.,1.));
#3798 = DIRECTION('',(1.,0.,0.));
#3799 = ORIENTED_EDGE('',*,*,#3800,.F.);
#3800 = EDGE_CURVE('',#3801,#3792,#3803,.T.);
#3801 = VERTEX_POINT('',#3802);
#3802 = CARTESIAN_POINT('',(13.416681172926,-70.7076572888,14.));
#3803 = CIRCLE('',#3804,15.);
#3804 = AXIS2_PLACEMENT_3D('',#3805,#3806,#3807);
#3805 = CARTESIAN_POINT('',(0.,-64.,14.));
#3806 = DIRECTION('',(0.,0.,1.));
#3807 = DIRECTION('',(1.,0.,0.));
#3808 = ORIENTED_EDGE('',*,*,#3809,.F.);
#3809 = EDGE_CURVE('',#1250,#3801,#3810,.T.);
#3810 = LINE('',#3811,#3812);
#3811 = CARTESIAN_POINT('',(13.416681172926,-70.7076572888,9.));
#3812 = VECTOR('',#3813,1.);
#3813 = DIRECTION('',(0.,0.,1.));
#3814 = ORIENTED_EDGE('',*,*,#1249,.T.);
#3815 = CYLINDRICAL_SURFACE('',#3816,15.);
#3816 = AXIS2_PLACEMENT_3D('',#3817,#3818,#3819);
#3817 = CARTESIAN_POINT('',(0.,-64.,9.));
#3818 = DIRECTION('',(0.,0.,1.));
#3819 = DIRECTION('',(1.,0.,0.));
#3820 = ADVANCED_FACE('',(#3821),#3855,.F.);
#3821 = FACE_BOUND('',#3822,.F.);
#3822 = EDGE_LOOP('',(#3823,#3833,#3841,#3847,#3848,#3849));
#3823 = ORIENTED_EDGE('',*,*,#3824,.F.);
#3824 = EDGE_CURVE('',#3825,#3827,#3829,.T.);
#3825 = VERTEX_POINT('',#3826);
#3826 = CARTESIAN_POINT('',(12.915308603666,-70.59126722808,4.));
#3827 = VERTEX_POINT('',#3828);
#3828 = CARTESIAN_POINT('',(38.022988803618,-76.41983584593,4.));
#3829 = LINE('',#3830,#3831);
#3830 = CARTESIAN_POINT('',(-0.791453975198,-67.40934020085,4.));
#3831 = VECTOR('',#3832,1.);
#3832 = DIRECTION('',(0.974097200243,-0.226129707199,0.));
#3833 = ORIENTED_EDGE('',*,*,#3834,.T.);
#3834 = EDGE_CURVE('',#3825,#3835,#3837,.T.);
#3835 = VERTEX_POINT('',#3836);
#3836 = CARTESIAN_POINT('',(12.915308603666,-70.59126722808,14.));
#3837 = LINE('',#3838,#3839);
#3838 = CARTESIAN_POINT('',(12.915308603666,-70.59126722808,4.));
#3839 = VECTOR('',#3840,1.);
#3840 = DIRECTION('',(0.,0.,1.));
#3841 = ORIENTED_EDGE('',*,*,#3842,.T.);
#3842 = EDGE_CURVE('',#3835,#3801,#3843,.T.);
#3843 = LINE('',#3844,#3845);
#3844 = CARTESIAN_POINT('',(-0.791453975198,-67.40934020085,14.));
#3845 = VECTOR('',#3846,1.);
#3846 = DIRECTION('',(0.974097200243,-0.226129707199,0.));
#3847 = ORIENTED_EDGE('',*,*,#3809,.F.);
#3848 = ORIENTED_EDGE('',*,*,#1258,.T.);
#3849 = ORIENTED_EDGE('',*,*,#3850,.F.);
#3850 = EDGE_CURVE('',#3827,#1259,#3851,.T.);
#3851 = LINE('',#3852,#3853);
#3852 = CARTESIAN_POINT('',(38.022988803618,-76.41983584593,3.5));
#3853 = VECTOR('',#3854,1.);
#3854 = DIRECTION('',(0.,0.,1.));
#3855 = PLANE('',#3856);
#3856 = AXIS2_PLACEMENT_3D('',#3857,#3858,#3859);
#3857 = CARTESIAN_POINT('',(-0.791453975198,-67.40934020085,4.));
#3858 = DIRECTION('',(0.226129707199,0.974097200243,0.));
#3859 = DIRECTION('',(0.,0.,1.));
#3860 = ADVANCED_FACE('',(#3861),#3880,.F.);
#3861 = FACE_BOUND('',#3862,.F.);
#3862 = EDGE_LOOP('',(#3863,#3872,#3873,#3874));
#3863 = ORIENTED_EDGE('',*,*,#3864,.T.);
#3864 = EDGE_CURVE('',#3865,#3827,#3867,.T.);
#3865 = VERTEX_POINT('',#3866);
#3866 = CARTESIAN_POINT('',(3.5,-103.8465807817,4.));
#3867 = CIRCLE('',#3868,40.);
#3868 = AXIS2_PLACEMENT_3D('',#3869,#3870,#3871);
#3869 = CARTESIAN_POINT('',(0.,-64.,4.));
#3870 = DIRECTION('',(0.,0.,1.));
#3871 = DIRECTION('',(1.,0.,0.));
#3872 = ORIENTED_EDGE('',*,*,#3850,.T.);
#3873 = ORIENTED_EDGE('',*,*,#1266,.F.);
#3874 = ORIENTED_EDGE('',*,*,#3875,.F.);
#3875 = EDGE_CURVE('',#3865,#1267,#3876,.T.);
#3876 = LINE('',#3877,#3878);
#3877 = CARTESIAN_POINT('',(3.5,-103.8465807817,3.5));
#3878 = VECTOR('',#3879,1.);
#3879 = DIRECTION('',(0.,0.,1.));
#3880 = CYLINDRICAL_SURFACE('',#3881,40.);
#3881 = AXIS2_PLACEMENT_3D('',#3882,#3883,#3884);
#3882 = CARTESIAN_POINT('',(0.,-64.,3.5));
#3883 = DIRECTION('',(0.,0.,1.));
#3884 = DIRECTION('',(1.,0.,0.));
#3885 = ADVANCED_FACE('',(#3886),#3920,.T.);
#3886 = FACE_BOUND('',#3887,.T.);
#3887 = EDGE_LOOP('',(#3888,#3896,#3904,#3912,#3918,#3919));
#3888 = ORIENTED_EDGE('',*,*,#3889,.F.);
#3889 = EDGE_CURVE('',#3890,#3865,#3892,.T.);
#3890 = VERTEX_POINT('',#3891);
#3891 = CARTESIAN_POINT('',(3.5,-78.07124727947,4.));
#3892 = LINE('',#3893,#3894);
#3893 = CARTESIAN_POINT('',(3.5,-64.,4.));
#3894 = VECTOR('',#3895,1.);
#3895 = DIRECTION('',(1.110223024625E-16,-1.,0.));
#3896 = ORIENTED_EDGE('',*,*,#3897,.T.);
#3897 = EDGE_CURVE('',#3890,#3898,#3900,.T.);
#3898 = VERTEX_POINT('',#3899);
#3899 = CARTESIAN_POINT('',(3.5,-78.07124727947,14.));
#3900 = LINE('',#3901,#3902);
#3901 = CARTESIAN_POINT('',(3.5,-78.07124727947,4.));
#3902 = VECTOR('',#3903,1.);
#3903 = DIRECTION('',(0.,0.,1.));
#3904 = ORIENTED_EDGE('',*,*,#3905,.T.);
#3905 = EDGE_CURVE('',#3898,#3906,#3908,.T.);
#3906 = VERTEX_POINT('',#3907);
#3907 = CARTESIAN_POINT('',(3.5,-78.58595214581,14.));
#3908 = LINE('',#3909,#3910);
#3909 = CARTESIAN_POINT('',(3.5,-64.,14.));
#3910 = VECTOR('',#3911,1.);
#3911 = DIRECTION('',(1.110223024625E-16,-1.,0.));
#3912 = ORIENTED_EDGE('',*,*,#3913,.F.);
#3913 = EDGE_CURVE('',#1276,#3906,#3914,.T.);
#3914 = LINE('',#3915,#3916);
#3915 = CARTESIAN_POINT('',(3.5,-78.58595214581,9.));
#3916 = VECTOR('',#3917,1.);
#3917 = DIRECTION('',(0.,0.,1.));
#3918 = ORIENTED_EDGE('',*,*,#1275,.T.);
#3919 = ORIENTED_EDGE('',*,*,#3875,.F.);
#3920 = PLANE('',#3921);
#3921 = AXIS2_PLACEMENT_3D('',#3922,#3923,#3924);
#3922 = CARTESIAN_POINT('',(3.5,-64.,4.));
#3923 = DIRECTION('',(1.,1.110223024625E-16,0.));
#3924 = DIRECTION('',(0.,0.,1.));
#3925 = ADVANCED_FACE('',(#3926),#3945,.T.);
#3926 = FACE_BOUND('',#3927,.T.);
#3927 = EDGE_LOOP('',(#3928,#3929,#3930,#3939));
#3928 = ORIENTED_EDGE('',*,*,#1283,.T.);
#3929 = ORIENTED_EDGE('',*,*,#3913,.T.);
#3930 = ORIENTED_EDGE('',*,*,#3931,.F.);
#3931 = EDGE_CURVE('',#3932,#3906,#3934,.T.);
#3932 = VERTEX_POINT('',#3933);
#3933 = CARTESIAN_POINT('',(-3.5,-78.58595214581,14.));
#3934 = CIRCLE('',#3935,15.);
#3935 = AXIS2_PLACEMENT_3D('',#3936,#3937,#3938);
#3936 = CARTESIAN_POINT('',(0.,-64.,14.));
#3937 = DIRECTION('',(0.,0.,1.));
#3938 = DIRECTION('',(1.,0.,0.));
#3939 = ORIENTED_EDGE('',*,*,#3940,.F.);
#3940 = EDGE_CURVE('',#1284,#3932,#3941,.T.);
#3941 = LINE('',#3942,#3943);
#3942 = CARTESIAN_POINT('',(-3.5,-78.58595214581,9.));
#3943 = VECTOR('',#3944,1.);
#3944 = DIRECTION('',(0.,0.,1.));
#3945 = CYLINDRICAL_SURFACE('',#3946,15.);
#3946 = AXIS2_PLACEMENT_3D('',#3947,#3948,#3949);
#3947 = CARTESIAN_POINT('',(0.,-64.,9.));
#3948 = DIRECTION('',(0.,0.,1.));
#3949 = DIRECTION('',(1.,0.,0.));
#3950 = ADVANCED_FACE('',(#3951),#3985,.F.);
#3951 = FACE_BOUND('',#3952,.F.);
#3952 = EDGE_LOOP('',(#3953,#3963,#3971,#3977,#3978,#3979));
#3953 = ORIENTED_EDGE('',*,*,#3954,.F.);
#3954 = EDGE_CURVE('',#3955,#3957,#3959,.T.);
#3955 = VERTEX_POINT('',#3956);
#3956 = CARTESIAN_POINT('',(-3.5,-78.07124727947,4.));
#3957 = VERTEX_POINT('',#3958);
#3958 = CARTESIAN_POINT('',(-3.500000000001,-103.8465807817,4.));
#3959 = LINE('',#3960,#3961);
#3960 = CARTESIAN_POINT('',(-3.5,-64.,4.));
#3961 = VECTOR('',#3962,1.);
#3962 = DIRECTION('',(1.110223024625E-16,-1.,0.));
#3963 = ORIENTED_EDGE('',*,*,#3964,.T.);
#3964 = EDGE_CURVE('',#3955,#3965,#3967,.T.);
#3965 = VERTEX_POINT('',#3966);
#3966 = CARTESIAN_POINT('',(-3.5,-78.07124727947,14.));
#3967 = LINE('',#3968,#3969);
#3968 = CARTESIAN_POINT('',(-3.5,-78.07124727947,4.));
#3969 = VECTOR('',#3970,1.);
#3970 = DIRECTION('',(0.,0.,1.));
#3971 = ORIENTED_EDGE('',*,*,#3972,.T.);
#3972 = EDGE_CURVE('',#3965,#3932,#3973,.T.);
#3973 = LINE('',#3974,#3975);
#3974 = CARTESIAN_POINT('',(-3.5,-64.,14.));
#3975 = VECTOR('',#3976,1.);
#3976 = DIRECTION('',(1.110223024625E-16,-1.,0.));
#3977 = ORIENTED_EDGE('',*,*,#3940,.F.);
#3978 = ORIENTED_EDGE('',*,*,#1292,.T.);
#3979 = ORIENTED_EDGE('',*,*,#3980,.F.);
#3980 = EDGE_CURVE('',#3957,#1293,#3981,.T.);
#3981 = LINE('',#3982,#3983);
#3982 = CARTESIAN_POINT('',(-3.5,-103.8465807817,3.5));
#3983 = VECTOR('',#3984,1.);
#3984 = DIRECTION('',(0.,0.,1.));
#3985 = PLANE('',#3986);
#3986 = AXIS2_PLACEMENT_3D('',#3987,#3988,#3989);
#3987 = CARTESIAN_POINT('',(-3.5,-64.,4.));
#3988 = DIRECTION('',(1.,1.110223024625E-16,0.));
#3989 = DIRECTION('',(0.,0.,1.));
#3990 = ADVANCED_FACE('',(#3991),#4010,.F.);
#3991 = FACE_BOUND('',#3992,.F.);
#3992 = EDGE_LOOP('',(#3993,#3994,#4002,#4009));
#3993 = ORIENTED_EDGE('',*,*,#1300,.F.);
#3994 = ORIENTED_EDGE('',*,*,#3995,.F.);
#3995 = EDGE_CURVE('',#3996,#1301,#3998,.T.);
#3996 = VERTEX_POINT('',#3997);
#3997 = CARTESIAN_POINT('',(-38.02298880361,-76.41983584593,4.));
#3998 = LINE('',#3999,#4000);
#3999 = CARTESIAN_POINT('',(-38.02298880361,-76.41983584593,3.5));
#4000 = VECTOR('',#4001,1.);
#4001 = DIRECTION('',(0.,0.,1.));
#4002 = ORIENTED_EDGE('',*,*,#4003,.T.);
#4003 = EDGE_CURVE('',#3996,#3957,#4004,.T.);
#4004 = CIRCLE('',#4005,40.);
#4005 = AXIS2_PLACEMENT_3D('',#4006,#4007,#4008);
#4006 = CARTESIAN_POINT('',(0.,-64.,4.));
#4007 = DIRECTION('',(0.,0.,1.));
#4008 = DIRECTION('',(1.,0.,0.));
#4009 = ORIENTED_EDGE('',*,*,#3980,.T.);
#4010 = CYLINDRICAL_SURFACE('',#4011,40.);
#4011 = AXIS2_PLACEMENT_3D('',#4012,#4013,#4014);
#4012 = CARTESIAN_POINT('',(0.,-64.,3.5));
#4013 = DIRECTION('',(0.,0.,1.));
#4014 = DIRECTION('',(1.,0.,0.));
#4015 = ADVANCED_FACE('',(#4016),#4050,.T.);
#4016 = FACE_BOUND('',#4017,.T.);
#4017 = EDGE_LOOP('',(#4018,#4026,#4034,#4042,#4048,#4049));
#4018 = ORIENTED_EDGE('',*,*,#4019,.F.);
#4019 = EDGE_CURVE('',#4020,#3996,#4022,.T.);
#4020 = VERTEX_POINT('',#4021);
#4021 = CARTESIAN_POINT('',(-12.91530860366,-70.59126722808,4.));
#4022 = LINE('',#4023,#4024);
#4023 = CARTESIAN_POINT('',(0.791453975198,-67.40934020085,4.));
#4024 = VECTOR('',#4025,1.);
#4025 = DIRECTION('',(-0.974097200243,-0.226129707199,0.));
#4026 = ORIENTED_EDGE('',*,*,#4027,.T.);
#4027 = EDGE_CURVE('',#4020,#4028,#4030,.T.);
#4028 = VERTEX_POINT('',#4029);
#4029 = CARTESIAN_POINT('',(-12.91530860366,-70.59126722808,14.));
#4030 = LINE('',#4031,#4032);
#4031 = CARTESIAN_POINT('',(-12.91530860366,-70.59126722808,4.));
#4032 = VECTOR('',#4033,1.);
#4033 = DIRECTION('',(0.,0.,1.));
#4034 = ORIENTED_EDGE('',*,*,#4035,.T.);
#4035 = EDGE_CURVE('',#4028,#4036,#4038,.T.);
#4036 = VERTEX_POINT('',#4037);
#4037 = CARTESIAN_POINT('',(-13.41668117292,-70.7076572888,14.));
#4038 = LINE('',#4039,#4040);
#4039 = CARTESIAN_POINT('',(0.791453975198,-67.40934020085,14.));
#4040 = VECTOR('',#4041,1.);
#4041 = DIRECTION('',(-0.974097200243,-0.226129707199,0.));
#4042 = ORIENTED_EDGE('',*,*,#4043,.F.);
#4043 = EDGE_CURVE('',#1310,#4036,#4044,.T.);
#4044 = LINE('',#4045,#4046);
#4045 = CARTESIAN_POINT('',(-13.41668117292,-70.7076572888,9.));
#4046 = VECTOR('',#4047,1.);
#4047 = DIRECTION('',(0.,0.,1.));
#4048 = ORIENTED_EDGE('',*,*,#1309,.T.);
#4049 = ORIENTED_EDGE('',*,*,#3995,.F.);
#4050 = PLANE('',#4051);
#4051 = AXIS2_PLACEMENT_3D('',#4052,#4053,#4054);
#4052 = CARTESIAN_POINT('',(0.791453975198,-67.40934020085,4.));
#4053 = DIRECTION('',(0.226129707199,-0.974097200243,0.));
#4054 = DIRECTION('',(0.,0.,1.));
#4055 = ADVANCED_FACE('',(#4056),#4075,.T.);
#4056 = FACE_BOUND('',#4057,.T.);
#4057 = EDGE_LOOP('',(#4058,#4059,#4060,#4069));
#4058 = ORIENTED_EDGE('',*,*,#1317,.T.);
#4059 = ORIENTED_EDGE('',*,*,#4043,.T.);
#4060 = ORIENTED_EDGE('',*,*,#4061,.F.);
#4061 = EDGE_CURVE('',#4062,#4036,#4064,.T.);
#4062 = VERTEX_POINT('',#4063);
#4063 = CARTESIAN_POINT('',(-14.99958912331,-63.88897688709,14.));
#4064 = CIRCLE('',#4065,15.);
#4065 = AXIS2_PLACEMENT_3D('',#4066,#4067,#4068);
#4066 = CARTESIAN_POINT('',(0.,-64.,14.));
#4067 = DIRECTION('',(0.,0.,1.));
#4068 = DIRECTION('',(1.,0.,0.));
#4069 = ORIENTED_EDGE('',*,*,#4070,.F.);
#4070 = EDGE_CURVE('',#1318,#4062,#4071,.T.);
#4071 = LINE('',#4072,#4073);
#4072 = CARTESIAN_POINT('',(-14.99958912331,-63.88897688709,9.));
#4073 = VECTOR('',#4074,1.);
#4074 = DIRECTION('',(0.,0.,1.));
#4075 = CYLINDRICAL_SURFACE('',#4076,15.);
#4076 = AXIS2_PLACEMENT_3D('',#4077,#4078,#4079);
#4077 = CARTESIAN_POINT('',(0.,-64.,9.));
#4078 = DIRECTION('',(0.,0.,1.));
#4079 = DIRECTION('',(1.,0.,0.));
#4080 = ADVANCED_FACE('',(#4081),#4115,.F.);
#4081 = FACE_BOUND('',#4082,.F.);
#4082 = EDGE_LOOP('',(#4083,#4093,#4101,#4107,#4108,#4109));
#4083 = ORIENTED_EDGE('',*,*,#4084,.F.);
#4084 = EDGE_CURVE('',#4085,#4087,#4089,.T.);
#4085 = VERTEX_POINT('',#4086);
#4086 = CARTESIAN_POINT('',(-14.49821655406,-63.77258682638,4.));
#4087 = VERTEX_POINT('',#4088);
#4088 = CARTESIAN_POINT('',(-39.60589675401,-69.60115544422,4.));
#4089 = LINE('',#4090,#4091);
#4090 = CARTESIAN_POINT('',(-0.791453975198,-60.59065979914,4.));
#4091 = VECTOR('',#4092,1.);
#4092 = DIRECTION('',(-0.974097200243,-0.226129707199,0.));
#4093 = ORIENTED_EDGE('',*,*,#4094,.T.);
#4094 = EDGE_CURVE('',#4085,#4095,#4097,.T.);
#4095 = VERTEX_POINT('',#4096);
#4096 = CARTESIAN_POINT('',(-14.49821655406,-63.77258682638,14.));
#4097 = LINE('',#4098,#4099);
#4098 = CARTESIAN_POINT('',(-14.49821655406,-63.77258682638,4.));
#4099 = VECTOR('',#4100,1.);
#4100 = DIRECTION('',(0.,0.,1.));
#4101 = ORIENTED_EDGE('',*,*,#4102,.T.);
#4102 = EDGE_CURVE('',#4095,#4062,#4103,.T.);
#4103 = LINE('',#4104,#4105);
#4104 = CARTESIAN_POINT('',(-0.791453975198,-60.59065979914,14.));
#4105 = VECTOR('',#4106,1.);
#4106 = DIRECTION('',(-0.974097200243,-0.226129707199,0.));
#4107 = ORIENTED_EDGE('',*,*,#4070,.F.);
#4108 = ORIENTED_EDGE('',*,*,#1326,.T.);
#4109 = ORIENTED_EDGE('',*,*,#4110,.F.);
#4110 = EDGE_CURVE('',#4087,#1327,#4111,.T.);
#4111 = LINE('',#4112,#4113);
#4112 = CARTESIAN_POINT('',(-39.60589675401,-69.60115544423,3.5));
#4113 = VECTOR('',#4114,1.);
#4114 = DIRECTION('',(0.,0.,1.));
#4115 = PLANE('',#4116);
#4116 = AXIS2_PLACEMENT_3D('',#4117,#4118,#4119);
#4117 = CARTESIAN_POINT('',(-0.791453975198,-60.59065979914,4.));
#4118 = DIRECTION('',(0.226129707199,-0.974097200243,0.));
#4119 = DIRECTION('',(0.,0.,1.));
#4120 = ADVANCED_FACE('',(#4121),#4140,.F.);
#4121 = FACE_BOUND('',#4122,.F.);
#4122 = EDGE_LOOP('',(#4123,#4124,#4132,#4139));
#4123 = ORIENTED_EDGE('',*,*,#1334,.F.);
#4124 = ORIENTED_EDGE('',*,*,#4125,.F.);
#4125 = EDGE_CURVE('',#4126,#1335,#4128,.T.);
#4126 = VERTEX_POINT('',#4127);
#4127 = CARTESIAN_POINT('',(-26.26720736003,-33.83323322752,4.));
#4128 = LINE('',#4129,#4130);
#4129 = CARTESIAN_POINT('',(-26.26720736003,-33.83323322752,3.5));
#4130 = VECTOR('',#4131,1.);
#4131 = DIRECTION('',(0.,0.,1.));
#4132 = ORIENTED_EDGE('',*,*,#4133,.T.);
#4133 = EDGE_CURVE('',#4126,#4087,#4134,.T.);
#4134 = CIRCLE('',#4135,40.);
#4135 = AXIS2_PLACEMENT_3D('',#4136,#4137,#4138);
#4136 = CARTESIAN_POINT('',(0.,-64.,4.));
#4137 = DIRECTION('',(0.,0.,1.));
#4138 = DIRECTION('',(1.,0.,0.));
#4139 = ORIENTED_EDGE('',*,*,#4110,.T.);
#4140 = CYLINDRICAL_SURFACE('',#4141,40.);
#4141 = AXIS2_PLACEMENT_3D('',#4142,#4143,#4144);
#4142 = CARTESIAN_POINT('',(0.,-64.,3.5));
#4143 = DIRECTION('',(0.,0.,1.));
#4144 = DIRECTION('',(1.,0.,0.));
#4145 = ADVANCED_FACE('',(#4146),#4180,.T.);
#4146 = FACE_BOUND('',#4147,.T.);
#4147 = EDGE_LOOP('',(#4148,#4156,#4164,#4172,#4178,#4179));
#4148 = ORIENTED_EDGE('',*,*,#4149,.F.);
#4149 = EDGE_CURVE('',#4150,#4126,#4152,.T.);
#4150 = VERTEX_POINT('',#4151);
#4151 = CARTESIAN_POINT('',(-11.10688569583,-54.6786755158,4.));
#4152 = LINE('',#4153,#4154);
#4153 = CARTESIAN_POINT('',(-2.830576295061,-66.05860094186,4.));
#4154 = VECTOR('',#4155,1.);
#4155 = DIRECTION('',(-0.588171697675,0.808736084303,0.));
#4156 = ORIENTED_EDGE('',*,*,#4157,.T.);
#4157 = EDGE_CURVE('',#4150,#4158,#4160,.T.);
#4158 = VERTEX_POINT('',#4159);
#4159 = CARTESIAN_POINT('',(-11.10688569583,-54.6786755158,14.));
#4160 = LINE('',#4161,#4162);
#4161 = CARTESIAN_POINT('',(-11.10688569583,-54.6786755158,4.));
#4162 = VECTOR('',#4163,1.);
#4163 = DIRECTION('',(0.,0.,1.));
#4164 = ORIENTED_EDGE('',*,*,#4165,.T.);
#4165 = EDGE_CURVE('',#4158,#4166,#4168,.T.);
#4166 = VERTEX_POINT('',#4167);
#4167 = CARTESIAN_POINT('',(-11.40962053087,-54.26241511762,14.));
#4168 = LINE('',#4169,#4170);
#4169 = CARTESIAN_POINT('',(-2.830576295061,-66.05860094186,14.));
#4170 = VECTOR('',#4171,1.);
#4171 = DIRECTION('',(-0.588171697675,0.808736084303,0.));
#4172 = ORIENTED_EDGE('',*,*,#4173,.F.);
#4173 = EDGE_CURVE('',#1344,#4166,#4174,.T.);
#4174 = LINE('',#4175,#4176);
#4175 = CARTESIAN_POINT('',(-11.40962053087,-54.26241511762,9.));
#4176 = VECTOR('',#4177,1.);
#4177 = DIRECTION('',(0.,0.,1.));
#4178 = ORIENTED_EDGE('',*,*,#1343,.T.);
#4179 = ORIENTED_EDGE('',*,*,#4125,.F.);
#4180 = PLANE('',#4181);
#4181 = AXIS2_PLACEMENT_3D('',#4182,#4183,#4184);
#4182 = CARTESIAN_POINT('',(-2.830576295061,-66.05860094186,4.));
#4183 = DIRECTION('',(-0.808736084303,-0.588171697675,0.));
#4184 = DIRECTION('',(0.,0.,1.));
#4185 = ADVANCED_FACE('',(#4186),#4205,.T.);
#4186 = FACE_BOUND('',#4187,.T.);
#4187 = EDGE_LOOP('',(#4188,#4196,#4197,#4198));
#4188 = ORIENTED_EDGE('',*,*,#4189,.F.);
#4189 = EDGE_CURVE('',#1352,#4190,#4192,.T.);
#4190 = VERTEX_POINT('',#4191);
#4191 = CARTESIAN_POINT('',(-5.748467940747,-50.14521323389,14.));
#4192 = LINE('',#4193,#4194);
#4193 = CARTESIAN_POINT('',(-5.748467940747,-50.14521323389,9.));
#4194 = VECTOR('',#4195,1.);
#4195 = DIRECTION('',(0.,0.,1.));
#4196 = ORIENTED_EDGE('',*,*,#1351,.T.);
#4197 = ORIENTED_EDGE('',*,*,#4173,.T.);
#4198 = ORIENTED_EDGE('',*,*,#4199,.F.);
#4199 = EDGE_CURVE('',#4190,#4166,#4200,.T.);
#4200 = CIRCLE('',#4201,15.);
#4201 = AXIS2_PLACEMENT_3D('',#4202,#4203,#4204);
#4202 = CARTESIAN_POINT('',(0.,-64.,14.));
#4203 = DIRECTION('',(0.,0.,1.));
#4204 = DIRECTION('',(1.,0.,0.));
#4205 = CYLINDRICAL_SURFACE('',#4206,15.);
#4206 = AXIS2_PLACEMENT_3D('',#4207,#4208,#4209);
#4207 = CARTESIAN_POINT('',(0.,-64.,9.));
#4208 = DIRECTION('',(0.,0.,1.));
#4209 = DIRECTION('',(1.,0.,0.));
#4210 = ADVANCED_FACE('',(#4211),#4245,.F.);
#4211 = FACE_BOUND('',#4212,.F.);
#4212 = EDGE_LOOP('',(#4213,#4223,#4231,#4237,#4238,#4239));
#4213 = ORIENTED_EDGE('',*,*,#4214,.F.);
#4214 = EDGE_CURVE('',#4215,#4217,#4219,.T.);
#4215 = VERTEX_POINT('',#4216);
#4216 = CARTESIAN_POINT('',(-5.44573310571,-50.56147363207,4.));
#4217 = VERTEX_POINT('',#4218);
#4218 = CARTESIAN_POINT('',(-20.60605476991,-29.71603134379,4.));
#4219 = LINE('',#4220,#4221);
#4220 = CARTESIAN_POINT('',(2.830576295061,-61.94139905813,4.));
#4221 = VECTOR('',#4222,1.);
#4222 = DIRECTION('',(-0.588171697675,0.808736084303,0.));
#4223 = ORIENTED_EDGE('',*,*,#4224,.T.);
#4224 = EDGE_CURVE('',#4215,#4225,#4227,.T.);
#4225 = VERTEX_POINT('',#4226);
#4226 = CARTESIAN_POINT('',(-5.44573310571,-50.56147363207,14.));
#4227 = LINE('',#4228,#4229);
#4228 = CARTESIAN_POINT('',(-5.44573310571,-50.56147363207,4.));
#4229 = VECTOR('',#4230,1.);
#4230 = DIRECTION('',(0.,0.,1.));
#4231 = ORIENTED_EDGE('',*,*,#4232,.T.);
#4232 = EDGE_CURVE('',#4225,#4190,#4233,.T.);
#4233 = LINE('',#4234,#4235);
#4234 = CARTESIAN_POINT('',(2.830576295061,-61.94139905813,14.));
#4235 = VECTOR('',#4236,1.);
#4236 = DIRECTION('',(-0.588171697675,0.808736084303,0.));
#4237 = ORIENTED_EDGE('',*,*,#4189,.F.);
#4238 = ORIENTED_EDGE('',*,*,#1360,.T.);
#4239 = ORIENTED_EDGE('',*,*,#4240,.F.);
#4240 = EDGE_CURVE('',#4217,#1361,#4241,.T.);
#4241 = LINE('',#4242,#4243);
#4242 = CARTESIAN_POINT('',(-20.60605476991,-29.71603134379,3.5));
#4243 = VECTOR('',#4244,1.);
#4244 = DIRECTION('',(0.,0.,1.));
#4245 = PLANE('',#4246);
#4246 = AXIS2_PLACEMENT_3D('',#4247,#4248,#4249);
#4247 = CARTESIAN_POINT('',(2.830576295061,-61.94139905813,4.));
#4248 = DIRECTION('',(-0.808736084303,-0.588171697675,0.));
#4249 = DIRECTION('',(0.,0.,1.));
#4250 = ADVANCED_FACE('',(#4251),#4270,.F.);
#4251 = FACE_BOUND('',#4252,.F.);
#4252 = EDGE_LOOP('',(#4253,#4254,#4262,#4269));
#4253 = ORIENTED_EDGE('',*,*,#1368,.F.);
#4254 = ORIENTED_EDGE('',*,*,#4255,.F.);
#4255 = EDGE_CURVE('',#4256,#1369,#4258,.T.);
#4256 = VERTEX_POINT('',#4257);
#4257 = CARTESIAN_POINT('',(-3.5,-24.1534192182,4.));
#4258 = LINE('',#4259,#4260);
#4259 = CARTESIAN_POINT('',(-3.5,-24.1534192182,3.5));
#4260 = VECTOR('',#4261,1.);
#4261 = DIRECTION('',(0.,0.,1.));
#4262 = ORIENTED_EDGE('',*,*,#4263,.T.);
#4263 = EDGE_CURVE('',#4256,#4217,#4264,.T.);
#4264 = CIRCLE('',#4265,40.);
#4265 = AXIS2_PLACEMENT_3D('',#4266,#4267,#4268);
#4266 = CARTESIAN_POINT('',(0.,-64.,4.));
#4267 = DIRECTION('',(0.,0.,1.));
#4268 = DIRECTION('',(1.,0.,0.));
#4269 = ORIENTED_EDGE('',*,*,#4240,.T.);
#4270 = CYLINDRICAL_SURFACE('',#4271,40.);
#4271 = AXIS2_PLACEMENT_3D('',#4272,#4273,#4274);
#4272 = CARTESIAN_POINT('',(0.,-64.,3.5));
#4273 = DIRECTION('',(0.,0.,1.));
#4274 = DIRECTION('',(1.,0.,0.));
#4275 = ADVANCED_FACE('',(#4276),#4310,.T.);
#4276 = FACE_BOUND('',#4277,.T.);
#4277 = EDGE_LOOP('',(#4278,#4286,#4294,#4302,#4308,#4309));
#4278 = ORIENTED_EDGE('',*,*,#4279,.F.);
#4279 = EDGE_CURVE('',#4280,#4256,#4282,.T.);
#4280 = VERTEX_POINT('',#4281);
#4281 = CARTESIAN_POINT('',(-3.5,-49.92875272053,4.));
#4282 = LINE('',#4283,#4284);
#4283 = CARTESIAN_POINT('',(-3.5,-64.,4.));
#4284 = VECTOR('',#4285,1.);
#4285 = DIRECTION('',(1.110223024625E-16,1.,0.));
#4286 = ORIENTED_EDGE('',*,*,#4287,.T.);
#4287 = EDGE_CURVE('',#4280,#4288,#4290,.T.);
#4288 = VERTEX_POINT('',#4289);
#4289 = CARTESIAN_POINT('',(-3.5,-49.92875272053,14.));
#4290 = LINE('',#4291,#4292);
#4291 = CARTESIAN_POINT('',(-3.5,-49.92875272053,4.));
#4292 = VECTOR('',#4293,1.);
#4293 = DIRECTION('',(0.,0.,1.));
#4294 = ORIENTED_EDGE('',*,*,#4295,.T.);
#4295 = EDGE_CURVE('',#4288,#4296,#4298,.T.);
#4296 = VERTEX_POINT('',#4297);
#4297 = CARTESIAN_POINT('',(-3.5,-49.41404785418,14.));
#4298 = LINE('',#4299,#4300);
#4299 = CARTESIAN_POINT('',(-3.5,-64.,14.));
#4300 = VECTOR('',#4301,1.);
#4301 = DIRECTION('',(1.110223024625E-16,1.,0.));
#4302 = ORIENTED_EDGE('',*,*,#4303,.F.);
#4303 = EDGE_CURVE('',#1378,#4296,#4304,.T.);
#4304 = LINE('',#4305,#4306);
#4305 = CARTESIAN_POINT('',(-3.5,-49.41404785418,9.));
#4306 = VECTOR('',#4307,1.);
#4307 = DIRECTION('',(0.,0.,1.));
#4308 = ORIENTED_EDGE('',*,*,#1377,.T.);
#4309 = ORIENTED_EDGE('',*,*,#4255,.F.);
#4310 = PLANE('',#4311);
#4311 = AXIS2_PLACEMENT_3D('',#4312,#4313,#4314);
#4312 = CARTESIAN_POINT('',(-3.5,-64.,4.));
#4313 = DIRECTION('',(-1.,1.110223024625E-16,0.));
#4314 = DIRECTION('',(0.,0.,1.));
#4315 = ADVANCED_FACE('',(#4316),#4328,.T.);
#4316 = FACE_BOUND('',#4317,.T.);
#4317 = EDGE_LOOP('',(#4318,#4319,#4320,#4321));
#4318 = ORIENTED_EDGE('',*,*,#3563,.F.);
#4319 = ORIENTED_EDGE('',*,*,#1385,.T.);
#4320 = ORIENTED_EDGE('',*,*,#4303,.T.);
#4321 = ORIENTED_EDGE('',*,*,#4322,.F.);
#4322 = EDGE_CURVE('',#3556,#4296,#4323,.T.);
#4323 = CIRCLE('',#4324,15.);
#4324 = AXIS2_PLACEMENT_3D('',#4325,#4326,#4327);
#4325 = CARTESIAN_POINT('',(0.,-64.,14.));
#4326 = DIRECTION('',(0.,0.,1.));
#4327 = DIRECTION('',(1.,0.,0.));
#4328 = CYLINDRICAL_SURFACE('',#4329,15.);
#4329 = AXIS2_PLACEMENT_3D('',#4330,#4331,#4332);
#4330 = CARTESIAN_POINT('',(0.,-64.,9.));
#4331 = DIRECTION('',(0.,0.,1.));
#4332 = DIRECTION('',(1.,0.,0.));
#4333 = ADVANCED_FACE('',(#4334),#4340,.T.);
#4334 = FACE_BOUND('',#4335,.T.);
#4335 = EDGE_LOOP('',(#4336,#4337,#4338,#4339));
#4336 = ORIENTED_EDGE('',*,*,#2462,.F.);
#4337 = ORIENTED_EDGE('',*,*,#1440,.T.);
#4338 = ORIENTED_EDGE('',*,*,#3369,.F.);
#4339 = ORIENTED_EDGE('',*,*,#3343,.F.);
#4340 = PLANE('',#4341);
#4341 = AXIS2_PLACEMENT_3D('',#4342,#4343,#4344);
#4342 = CARTESIAN_POINT('',(0.,-136.7793566267,14.));
#4343 = DIRECTION('',(0.,0.,1.));
#4344 = DIRECTION('',(1.,0.,0.));
#4345 = ADVANCED_FACE('',(#4346),#4371,.T.);
#4346 = FACE_BOUND('',#4347,.T.);
#4347 = EDGE_LOOP('',(#4348,#4356,#4357,#4365));
#4348 = ORIENTED_EDGE('',*,*,#4349,.F.);
#4349 = EDGE_CURVE('',#1473,#4350,#4352,.T.);
#4350 = VERTEX_POINT('',#4351);
#4351 = CARTESIAN_POINT('',(-110.7,-96.3,3.6));
#4352 = LINE('',#4353,#4354);
#4353 = CARTESIAN_POINT('',(-110.7,-96.3,-1.));
#4354 = VECTOR('',#4355,1.);
#4355 = DIRECTION('',(0.,0.,1.));
#4356 = ORIENTED_EDGE('',*,*,#1472,.T.);
#4357 = ORIENTED_EDGE('',*,*,#4358,.T.);
#4358 = EDGE_CURVE('',#1475,#4359,#4361,.T.);
#4359 = VERTEX_POINT('',#4360);
#4360 = CARTESIAN_POINT('',(-119.3,-96.3,3.6));
#4361 = LINE('',#4362,#4363);
#4362 = CARTESIAN_POINT('',(-119.3,-96.3,-1.));
#4363 = VECTOR('',#4364,1.);
#4364 = DIRECTION('',(0.,0.,1.));
#4365 = ORIENTED_EDGE('',*,*,#4366,.F.);
#4366 = EDGE_CURVE('',#4350,#4359,#4367,.T.);
#4367 = LINE('',#4368,#4369);
#4368 = CARTESIAN_POINT('',(-130.65,-96.3,3.6));
#4369 = VECTOR('',#4370,1.);
#4370 = DIRECTION('',(-1.,0.,0.));
#4371 = PLANE('',#4372);
#4372 = AXIS2_PLACEMENT_3D('',#4373,#4374,#4375);
#4373 = CARTESIAN_POINT('',(-119.3,-96.3,-1.));
#4374 = DIRECTION('',(0.,1.,0.));
#4375 = DIRECTION('',(0.,0.,1.));
#4376 = ADVANCED_FACE('',(#4377),#4395,.T.);
#4377 = FACE_BOUND('',#4378,.T.);
#4378 = EDGE_LOOP('',(#4379,#4380,#4381,#4389));
#4379 = ORIENTED_EDGE('',*,*,#4358,.F.);
#4380 = ORIENTED_EDGE('',*,*,#1482,.T.);
#4381 = ORIENTED_EDGE('',*,*,#4382,.T.);
#4382 = EDGE_CURVE('',#1483,#4383,#4385,.T.);
#4383 = VERTEX_POINT('',#4384);
#4384 = CARTESIAN_POINT('',(-119.3,-83.7,3.6));
#4385 = LINE('',#4386,#4387);
#4386 = CARTESIAN_POINT('',(-119.3,-83.7,-1.));
#4387 = VECTOR('',#4388,1.);
#4388 = DIRECTION('',(0.,0.,1.));
#4389 = ORIENTED_EDGE('',*,*,#4390,.F.);
#4390 = EDGE_CURVE('',#4359,#4383,#4391,.T.);
#4391 = LINE('',#4392,#4393);
#4392 = CARTESIAN_POINT('',(-119.3,-99.35,3.6));
#4393 = VECTOR('',#4394,1.);
#4394 = DIRECTION('',(0.,1.,0.));
#4395 = PLANE('',#4396);
#4396 = AXIS2_PLACEMENT_3D('',#4397,#4398,#4399);
#4397 = CARTESIAN_POINT('',(-119.3,-96.3,-1.));
#4398 = DIRECTION('',(1.,0.,0.));
#4399 = DIRECTION('',(0.,0.,1.));
#4400 = ADVANCED_FACE('',(#4401),#4419,.F.);
#4401 = FACE_BOUND('',#4402,.F.);
#4402 = EDGE_LOOP('',(#4403,#4411,#4412,#4413));
#4403 = ORIENTED_EDGE('',*,*,#4404,.F.);
#4404 = EDGE_CURVE('',#1491,#4405,#4407,.T.);
#4405 = VERTEX_POINT('',#4406);
#4406 = CARTESIAN_POINT('',(-110.7,-83.7,3.6));
#4407 = LINE('',#4408,#4409);
#4408 = CARTESIAN_POINT('',(-110.7,-83.7,-1.));
#4409 = VECTOR('',#4410,1.);
#4410 = DIRECTION('',(0.,0.,1.));
#4411 = ORIENTED_EDGE('',*,*,#1490,.T.);
#4412 = ORIENTED_EDGE('',*,*,#4382,.T.);
#4413 = ORIENTED_EDGE('',*,*,#4414,.F.);
#4414 = EDGE_CURVE('',#4405,#4383,#4415,.T.);
#4415 = LINE('',#4416,#4417);
#4416 = CARTESIAN_POINT('',(-130.65,-83.7,3.6));
#4417 = VECTOR('',#4418,1.);
#4418 = DIRECTION('',(-1.,0.,0.));
#4419 = PLANE('',#4420);
#4420 = AXIS2_PLACEMENT_3D('',#4421,#4422,#4423);
#4421 = CARTESIAN_POINT('',(-119.3,-83.7,-1.));
#4422 = DIRECTION('',(0.,1.,0.));
#4423 = DIRECTION('',(0.,0.,1.));
#4424 = ADVANCED_FACE('',(#4425),#4436,.F.);
#4425 = FACE_BOUND('',#4426,.F.);
#4426 = EDGE_LOOP('',(#4427,#4428,#4429,#4430));
#4427 = ORIENTED_EDGE('',*,*,#4349,.F.);
#4428 = ORIENTED_EDGE('',*,*,#1498,.T.);
#4429 = ORIENTED_EDGE('',*,*,#4404,.T.);
#4430 = ORIENTED_EDGE('',*,*,#4431,.F.);
#4431 = EDGE_CURVE('',#4350,#4405,#4432,.T.);
#4432 = LINE('',#4433,#4434);
#4433 = CARTESIAN_POINT('',(-110.7,-99.35,3.6));
#4434 = VECTOR('',#4435,1.);
#4435 = DIRECTION('',(0.,1.,0.));
#4436 = PLANE('',#4437);
#4437 = AXIS2_PLACEMENT_3D('',#4438,#4439,#4440);
#4438 = CARTESIAN_POINT('',(-110.7,-96.3,-1.));
#4439 = DIRECTION('',(1.,0.,0.));
#4440 = DIRECTION('',(0.,0.,1.));
#4441 = ADVANCED_FACE('',(#4442),#4458,.T.);
#4442 = FACE_BOUND('',#4443,.T.);
#4443 = EDGE_LOOP('',(#4444,#4450,#4451,#4457));
#4444 = ORIENTED_EDGE('',*,*,#4445,.F.);
#4445 = EDGE_CURVE('',#1507,#2213,#4446,.T.);
#4446 = LINE('',#4447,#4448);
#4447 = CARTESIAN_POINT('',(119.3,-96.3,-1.));
#4448 = VECTOR('',#4449,1.);
#4449 = DIRECTION('',(0.,0.,1.));
#4450 = ORIENTED_EDGE('',*,*,#1506,.T.);
#4451 = ORIENTED_EDGE('',*,*,#4452,.T.);
#4452 = EDGE_CURVE('',#1509,#2215,#4453,.T.);
#4453 = LINE('',#4454,#4455);
#4454 = CARTESIAN_POINT('',(110.7,-96.3,-1.));
#4455 = VECTOR('',#4456,1.);
#4456 = DIRECTION('',(0.,0.,1.));
#4457 = ORIENTED_EDGE('',*,*,#2212,.F.);
#4458 = PLANE('',#4459);
#4459 = AXIS2_PLACEMENT_3D('',#4460,#4461,#4462);
#4460 = CARTESIAN_POINT('',(110.7,-96.3,-1.));
#4461 = DIRECTION('',(0.,1.,0.));
#4462 = DIRECTION('',(0.,0.,1.));
#4463 = ADVANCED_FACE('',(#4464),#4475,.T.);
#4464 = FACE_BOUND('',#4465,.T.);
#4465 = EDGE_LOOP('',(#4466,#4467,#4468,#4474));
#4466 = ORIENTED_EDGE('',*,*,#4452,.F.);
#4467 = ORIENTED_EDGE('',*,*,#1516,.T.);
#4468 = ORIENTED_EDGE('',*,*,#4469,.T.);
#4469 = EDGE_CURVE('',#1517,#2223,#4470,.T.);
#4470 = LINE('',#4471,#4472);
#4471 = CARTESIAN_POINT('',(110.7,-83.7,-1.));
#4472 = VECTOR('',#4473,1.);
#4473 = DIRECTION('',(0.,0.,1.));
#4474 = ORIENTED_EDGE('',*,*,#2222,.F.);
#4475 = PLANE('',#4476);
#4476 = AXIS2_PLACEMENT_3D('',#4477,#4478,#4479);
#4477 = CARTESIAN_POINT('',(110.7,-96.3,-1.));
#4478 = DIRECTION('',(1.,0.,0.));
#4479 = DIRECTION('',(0.,0.,1.));
#4480 = ADVANCED_FACE('',(#4481),#4492,.F.);
#4481 = FACE_BOUND('',#4482,.F.);
#4482 = EDGE_LOOP('',(#4483,#4489,#4490,#4491));
#4483 = ORIENTED_EDGE('',*,*,#4484,.F.);
#4484 = EDGE_CURVE('',#1525,#2231,#4485,.T.);
#4485 = LINE('',#4486,#4487);
#4486 = CARTESIAN_POINT('',(119.3,-83.7,-1.));
#4487 = VECTOR('',#4488,1.);
#4488 = DIRECTION('',(0.,0.,1.));
#4489 = ORIENTED_EDGE('',*,*,#1524,.T.);
#4490 = ORIENTED_EDGE('',*,*,#4469,.T.);
#4491 = ORIENTED_EDGE('',*,*,#2230,.F.);
#4492 = PLANE('',#4493);
#4493 = AXIS2_PLACEMENT_3D('',#4494,#4495,#4496);
#4494 = CARTESIAN_POINT('',(110.7,-83.7,-1.));
#4495 = DIRECTION('',(0.,1.,0.));
#4496 = DIRECTION('',(0.,0.,1.));
#4497 = ADVANCED_FACE('',(#4498),#4504,.F.);
#4498 = FACE_BOUND('',#4499,.F.);
#4499 = EDGE_LOOP('',(#4500,#4501,#4502,#4503));
#4500 = ORIENTED_EDGE('',*,*,#4445,.F.);
#4501 = ORIENTED_EDGE('',*,*,#1532,.T.);
#4502 = ORIENTED_EDGE('',*,*,#4484,.T.);
#4503 = ORIENTED_EDGE('',*,*,#2238,.F.);
#4504 = PLANE('',#4505);
#4505 = AXIS2_PLACEMENT_3D('',#4506,#4507,#4508);
#4506 = CARTESIAN_POINT('',(119.3,-96.3,-1.));
#4507 = DIRECTION('',(1.,0.,0.));
#4508 = DIRECTION('',(0.,0.,1.));
#4509 = ADVANCED_FACE('',(#4510),#4535,.T.);
#4510 = FACE_BOUND('',#4511,.T.);
#4511 = EDGE_LOOP('',(#4512,#4520,#4521,#4529));
#4512 = ORIENTED_EDGE('',*,*,#4513,.F.);
#4513 = EDGE_CURVE('',#1541,#4514,#4516,.T.);
#4514 = VERTEX_POINT('',#4515);
#4515 = CARTESIAN_POINT('',(-110.7,83.7,3.6));
#4516 = LINE('',#4517,#4518);
#4517 = CARTESIAN_POINT('',(-110.7,83.7,-1.));
#4518 = VECTOR('',#4519,1.);
#4519 = DIRECTION('',(0.,0.,1.));
#4520 = ORIENTED_EDGE('',*,*,#1540,.T.);
#4521 = ORIENTED_EDGE('',*,*,#4522,.T.);
#4522 = EDGE_CURVE('',#1543,#4523,#4525,.T.);
#4523 = VERTEX_POINT('',#4524);
#4524 = CARTESIAN_POINT('',(-119.3,83.7,3.6));
#4525 = LINE('',#4526,#4527);
#4526 = CARTESIAN_POINT('',(-119.3,83.7,-1.));
#4527 = VECTOR('',#4528,1.);
#4528 = DIRECTION('',(0.,0.,1.));
#4529 = ORIENTED_EDGE('',*,*,#4530,.F.);
#4530 = EDGE_CURVE('',#4514,#4523,#4531,.T.);
#4531 = LINE('',#4532,#4533);
#4532 = CARTESIAN_POINT('',(-130.65,83.7,3.6));
#4533 = VECTOR('',#4534,1.);
#4534 = DIRECTION('',(-1.,0.,0.));
#4535 = PLANE('',#4536);
#4536 = AXIS2_PLACEMENT_3D('',#4537,#4538,#4539);
#4537 = CARTESIAN_POINT('',(-119.3,83.7,-1.));
#4538 = DIRECTION('',(0.,1.,0.));
#4539 = DIRECTION('',(0.,0.,1.));
#4540 = ADVANCED_FACE('',(#4541),#4559,.T.);
#4541 = FACE_BOUND('',#4542,.T.);
#4542 = EDGE_LOOP('',(#4543,#4544,#4545,#4553));
#4543 = ORIENTED_EDGE('',*,*,#4522,.F.);
#4544 = ORIENTED_EDGE('',*,*,#1550,.T.);
#4545 = ORIENTED_EDGE('',*,*,#4546,.T.);
#4546 = EDGE_CURVE('',#1551,#4547,#4549,.T.);
#4547 = VERTEX_POINT('',#4548);
#4548 = CARTESIAN_POINT('',(-119.3,96.3,3.6));
#4549 = LINE('',#4550,#4551);
#4550 = CARTESIAN_POINT('',(-119.3,96.3,-1.));
#4551 = VECTOR('',#4552,1.);
#4552 = DIRECTION('',(0.,0.,1.));
#4553 = ORIENTED_EDGE('',*,*,#4554,.F.);
#4554 = EDGE_CURVE('',#4523,#4547,#4555,.T.);
#4555 = LINE('',#4556,#4557);
#4556 = CARTESIAN_POINT('',(-119.3,80.65,3.6));
#4557 = VECTOR('',#4558,1.);
#4558 = DIRECTION('',(0.,1.,0.));
#4559 = PLANE('',#4560);
#4560 = AXIS2_PLACEMENT_3D('',#4561,#4562,#4563);
#4561 = CARTESIAN_POINT('',(-119.3,83.7,-1.));
#4562 = DIRECTION('',(1.,0.,0.));
#4563 = DIRECTION('',(0.,0.,1.));
#4564 = ADVANCED_FACE('',(#4565),#4583,.F.);
#4565 = FACE_BOUND('',#4566,.F.);
#4566 = EDGE_LOOP('',(#4567,#4575,#4576,#4577));
#4567 = ORIENTED_EDGE('',*,*,#4568,.F.);
#4568 = EDGE_CURVE('',#1559,#4569,#4571,.T.);
#4569 = VERTEX_POINT('',#4570);
#4570 = CARTESIAN_POINT('',(-110.7,96.3,3.6));
#4571 = LINE('',#4572,#4573);
#4572 = CARTESIAN_POINT('',(-110.7,96.3,-1.));
#4573 = VECTOR('',#4574,1.);
#4574 = DIRECTION('',(0.,0.,1.));
#4575 = ORIENTED_EDGE('',*,*,#1558,.T.);
#4576 = ORIENTED_EDGE('',*,*,#4546,.T.);
#4577 = ORIENTED_EDGE('',*,*,#4578,.F.);
#4578 = EDGE_CURVE('',#4569,#4547,#4579,.T.);
#4579 = LINE('',#4580,#4581);
#4580 = CARTESIAN_POINT('',(-130.65,96.3,3.6));
#4581 = VECTOR('',#4582,1.);
#4582 = DIRECTION('',(-1.,0.,0.));
#4583 = PLANE('',#4584);
#4584 = AXIS2_PLACEMENT_3D('',#4585,#4586,#4587);
#4585 = CARTESIAN_POINT('',(-119.3,96.3,-1.));
#4586 = DIRECTION('',(0.,1.,0.));
#4587 = DIRECTION('',(0.,0.,1.));
#4588 = ADVANCED_FACE('',(#4589),#4600,.F.);
#4589 = FACE_BOUND('',#4590,.F.);
#4590 = EDGE_LOOP('',(#4591,#4592,#4593,#4594));
#4591 = ORIENTED_EDGE('',*,*,#4513,.F.);
#4592 = ORIENTED_EDGE('',*,*,#1566,.T.);
#4593 = ORIENTED_EDGE('',*,*,#4568,.T.);
#4594 = ORIENTED_EDGE('',*,*,#4595,.F.);
#4595 = EDGE_CURVE('',#4514,#4569,#4596,.T.);
#4596 = LINE('',#4597,#4598);
#4597 = CARTESIAN_POINT('',(-110.7,80.65,3.6));
#4598 = VECTOR('',#4599,1.);
#4599 = DIRECTION('',(0.,1.,0.));
#4600 = PLANE('',#4601);
#4601 = AXIS2_PLACEMENT_3D('',#4602,#4603,#4604);
#4602 = CARTESIAN_POINT('',(-110.7,83.7,-1.));
#4603 = DIRECTION('',(1.,0.,0.));
#4604 = DIRECTION('',(0.,0.,1.));
#4605 = ADVANCED_FACE('',(#4606),#4622,.T.);
#4606 = FACE_BOUND('',#4607,.T.);
#4607 = EDGE_LOOP('',(#4608,#4614,#4615,#4621));
#4608 = ORIENTED_EDGE('',*,*,#4609,.F.);
#4609 = EDGE_CURVE('',#1575,#2004,#4610,.T.);
#4610 = LINE('',#4611,#4612);
#4611 = CARTESIAN_POINT('',(119.3,83.7,-1.));
#4612 = VECTOR('',#4613,1.);
#4613 = DIRECTION('',(0.,0.,1.));
#4614 = ORIENTED_EDGE('',*,*,#1574,.T.);
#4615 = ORIENTED_EDGE('',*,*,#4616,.T.);
#4616 = EDGE_CURVE('',#1577,#2006,#4617,.T.);
#4617 = LINE('',#4618,#4619);
#4618 = CARTESIAN_POINT('',(110.7,83.7,-1.));
#4619 = VECTOR('',#4620,1.);
#4620 = DIRECTION('',(0.,0.,1.));
#4621 = ORIENTED_EDGE('',*,*,#2003,.F.);
#4622 = PLANE('',#4623);
#4623 = AXIS2_PLACEMENT_3D('',#4624,#4625,#4626);
#4624 = CARTESIAN_POINT('',(110.7,83.7,-1.));
#4625 = DIRECTION('',(0.,1.,0.));
#4626 = DIRECTION('',(0.,0.,1.));
#4627 = ADVANCED_FACE('',(#4628),#4639,.T.);
#4628 = FACE_BOUND('',#4629,.T.);
#4629 = EDGE_LOOP('',(#4630,#4631,#4632,#4638));
#4630 = ORIENTED_EDGE('',*,*,#4616,.F.);
#4631 = ORIENTED_EDGE('',*,*,#1584,.T.);
#4632 = ORIENTED_EDGE('',*,*,#4633,.T.);
#4633 = EDGE_CURVE('',#1585,#2014,#4634,.T.);
#4634 = LINE('',#4635,#4636);
#4635 = CARTESIAN_POINT('',(110.7,96.3,-1.));
#4636 = VECTOR('',#4637,1.);
#4637 = DIRECTION('',(0.,0.,1.));
#4638 = ORIENTED_EDGE('',*,*,#2013,.F.);
#4639 = PLANE('',#4640);
#4640 = AXIS2_PLACEMENT_3D('',#4641,#4642,#4643);
#4641 = CARTESIAN_POINT('',(110.7,83.7,-1.));
#4642 = DIRECTION('',(1.,0.,0.));
#4643 = DIRECTION('',(0.,0.,1.));
#4644 = ADVANCED_FACE('',(#4645),#4656,.F.);
#4645 = FACE_BOUND('',#4646,.F.);
#4646 = EDGE_LOOP('',(#4647,#4653,#4654,#4655));
#4647 = ORIENTED_EDGE('',*,*,#4648,.F.);
#4648 = EDGE_CURVE('',#1593,#2022,#4649,.T.);
#4649 = LINE('',#4650,#4651);
#4650 = CARTESIAN_POINT('',(119.3,96.3,-1.));
#4651 = VECTOR('',#4652,1.);
#4652 = DIRECTION('',(0.,0.,1.));
#4653 = ORIENTED_EDGE('',*,*,#1592,.T.);
#4654 = ORIENTED_EDGE('',*,*,#4633,.T.);
#4655 = ORIENTED_EDGE('',*,*,#2021,.F.);
#4656 = PLANE('',#4657);
#4657 = AXIS2_PLACEMENT_3D('',#4658,#4659,#4660);
#4658 = CARTESIAN_POINT('',(110.7,96.3,-1.));
#4659 = DIRECTION('',(0.,1.,0.));
#4660 = DIRECTION('',(0.,0.,1.));
#4661 = ADVANCED_FACE('',(#4662),#4668,.F.);
#4662 = FACE_BOUND('',#4663,.F.);
#4663 = EDGE_LOOP('',(#4664,#4665,#4666,#4667));
#4664 = ORIENTED_EDGE('',*,*,#4609,.F.);
#4665 = ORIENTED_EDGE('',*,*,#1600,.T.);
#4666 = ORIENTED_EDGE('',*,*,#4648,.T.);
#4667 = ORIENTED_EDGE('',*,*,#2029,.F.);
#4668 = PLANE('',#4669);
#4669 = AXIS2_PLACEMENT_3D('',#4670,#4671,#4672);
#4670 = CARTESIAN_POINT('',(119.3,83.7,-1.));
#4671 = DIRECTION('',(1.,0.,0.));
#4672 = DIRECTION('',(0.,0.,1.));
#4673 = ADVANCED_FACE('',(#4674),#4690,.T.);
#4674 = FACE_BOUND('',#4675,.T.);
#4675 = EDGE_LOOP('',(#4676,#4682,#4683,#4689));
#4676 = ORIENTED_EDGE('',*,*,#4677,.F.);
#4677 = EDGE_CURVE('',#2092,#1638,#4678,.T.);
#4678 = LINE('',#4679,#4680);
#4679 = CARTESIAN_POINT('',(119.3,83.7,-1.));
#4680 = VECTOR('',#4681,1.);
#4681 = DIRECTION('',(0.,0.,1.));
#4682 = ORIENTED_EDGE('',*,*,#2091,.F.);
#4683 = ORIENTED_EDGE('',*,*,#4684,.T.);
#4684 = EDGE_CURVE('',#2084,#1640,#4685,.T.);
#4685 = LINE('',#4686,#4687);
#4686 = CARTESIAN_POINT('',(110.7,83.7,-1.));
#4687 = VECTOR('',#4688,1.);
#4688 = DIRECTION('',(0.,0.,1.));
#4689 = ORIENTED_EDGE('',*,*,#1637,.F.);
#4690 = PLANE('',#4691);
#4691 = AXIS2_PLACEMENT_3D('',#4692,#4693,#4694);
#4692 = CARTESIAN_POINT('',(110.7,83.7,-1.));
#4693 = DIRECTION('',(0.,1.,0.));
#4694 = DIRECTION('',(0.,0.,1.));
#4695 = ADVANCED_FACE('',(#4696),#4708,.T.);
#4696 = FACE_BOUND('',#4697,.T.);
#4697 = EDGE_LOOP('',(#4698,#4699,#4700,#4701,#4707));
#4698 = ORIENTED_EDGE('',*,*,#4684,.F.);
#4699 = ORIENTED_EDGE('',*,*,#2083,.F.);
#4700 = ORIENTED_EDGE('',*,*,#2148,.F.);
#4701 = ORIENTED_EDGE('',*,*,#4702,.T.);
#4702 = EDGE_CURVE('',#2141,#1648,#4703,.T.);
#4703 = LINE('',#4704,#4705);
#4704 = CARTESIAN_POINT('',(110.7,96.3,-1.));
#4705 = VECTOR('',#4706,1.);
#4706 = DIRECTION('',(0.,0.,1.));
#4707 = ORIENTED_EDGE('',*,*,#1647,.F.);
#4708 = PLANE('',#4709);
#4709 = AXIS2_PLACEMENT_3D('',#4710,#4711,#4712);
#4710 = CARTESIAN_POINT('',(110.7,83.7,-1.));
#4711 = DIRECTION('',(1.,0.,0.));
#4712 = DIRECTION('',(0.,0.,1.));
#4713 = ADVANCED_FACE('',(#4714),#4725,.F.);
#4714 = FACE_BOUND('',#4715,.F.);
#4715 = EDGE_LOOP('',(#4716,#4722,#4723,#4724));
#4716 = ORIENTED_EDGE('',*,*,#4717,.F.);
#4717 = EDGE_CURVE('',#2133,#1656,#4718,.T.);
#4718 = LINE('',#4719,#4720);
#4719 = CARTESIAN_POINT('',(119.3,96.3,-1.));
#4720 = VECTOR('',#4721,1.);
#4721 = DIRECTION('',(0.,0.,1.));
#4722 = ORIENTED_EDGE('',*,*,#2140,.F.);
#4723 = ORIENTED_EDGE('',*,*,#4702,.T.);
#4724 = ORIENTED_EDGE('',*,*,#1655,.F.);
#4725 = PLANE('',#4726);
#4726 = AXIS2_PLACEMENT_3D('',#4727,#4728,#4729);
#4727 = CARTESIAN_POINT('',(110.7,96.3,-1.));
#4728 = DIRECTION('',(0.,1.,0.));
#4729 = DIRECTION('',(0.,0.,1.));
#4730 = ADVANCED_FACE('',(#4731),#4738,.F.);
#4731 = FACE_BOUND('',#4732,.F.);
#4732 = EDGE_LOOP('',(#4733,#4734,#4735,#4736,#4737));
#4733 = ORIENTED_EDGE('',*,*,#4677,.F.);
#4734 = ORIENTED_EDGE('',*,*,#2099,.F.);
#4735 = ORIENTED_EDGE('',*,*,#2132,.F.);
#4736 = ORIENTED_EDGE('',*,*,#4717,.T.);
#4737 = ORIENTED_EDGE('',*,*,#1663,.F.);
#4738 = PLANE('',#4739);
#4739 = AXIS2_PLACEMENT_3D('',#4740,#4741,#4742);
#4740 = CARTESIAN_POINT('',(119.3,83.7,-1.));
#4741 = DIRECTION('',(1.,0.,0.));
#4742 = DIRECTION('',(0.,0.,1.));
#4743 = ADVANCED_FACE('',(#4744),#4760,.T.);
#4744 = FACE_BOUND('',#4745,.T.);
#4745 = EDGE_LOOP('',(#4746,#4752,#4753,#4759));
#4746 = ORIENTED_EDGE('',*,*,#4747,.F.);
#4747 = EDGE_CURVE('',#2309,#1786,#4748,.T.);
#4748 = LINE('',#4749,#4750);
#4749 = CARTESIAN_POINT('',(119.3,-96.3,-1.));
#4750 = VECTOR('',#4751,1.);
#4751 = DIRECTION('',(0.,0.,1.));
#4752 = ORIENTED_EDGE('',*,*,#2308,.F.);
#4753 = ORIENTED_EDGE('',*,*,#4754,.T.);
#4754 = EDGE_CURVE('',#2301,#1788,#4755,.T.);
#4755 = LINE('',#4756,#4757);
#4756 = CARTESIAN_POINT('',(110.7,-96.3,-1.));
#4757 = VECTOR('',#4758,1.);
#4758 = DIRECTION('',(0.,0.,1.));
#4759 = ORIENTED_EDGE('',*,*,#1785,.F.);
#4760 = PLANE('',#4761);
#4761 = AXIS2_PLACEMENT_3D('',#4762,#4763,#4764);
#4762 = CARTESIAN_POINT('',(110.7,-96.3,-1.));
#4763 = DIRECTION('',(0.,1.,0.));
#4764 = DIRECTION('',(0.,0.,1.));
#4765 = ADVANCED_FACE('',(#4766),#4778,.T.);
#4766 = FACE_BOUND('',#4767,.T.);
#4767 = EDGE_LOOP('',(#4768,#4769,#4770,#4771,#4777));
#4768 = ORIENTED_EDGE('',*,*,#4754,.F.);
#4769 = ORIENTED_EDGE('',*,*,#2300,.F.);
#4770 = ORIENTED_EDGE('',*,*,#2365,.F.);
#4771 = ORIENTED_EDGE('',*,*,#4772,.T.);
#4772 = EDGE_CURVE('',#2358,#1796,#4773,.T.);
#4773 = LINE('',#4774,#4775);
#4774 = CARTESIAN_POINT('',(110.7,-83.7,-1.));
#4775 = VECTOR('',#4776,1.);
#4776 = DIRECTION('',(0.,0.,1.));
#4777 = ORIENTED_EDGE('',*,*,#1795,.F.);
#4778 = PLANE('',#4779);
#4779 = AXIS2_PLACEMENT_3D('',#4780,#4781,#4782);
#4780 = CARTESIAN_POINT('',(110.7,-96.3,-1.));
#4781 = DIRECTION('',(1.,0.,0.));
#4782 = DIRECTION('',(0.,0.,1.));
#4783 = ADVANCED_FACE('',(#4784),#4795,.F.);
#4784 = FACE_BOUND('',#4785,.F.);
#4785 = EDGE_LOOP('',(#4786,#4792,#4793,#4794));
#4786 = ORIENTED_EDGE('',*,*,#4787,.F.);
#4787 = EDGE_CURVE('',#2350,#1804,#4788,.T.);
#4788 = LINE('',#4789,#4790);
#4789 = CARTESIAN_POINT('',(119.3,-83.7,-1.));
#4790 = VECTOR('',#4791,1.);
#4791 = DIRECTION('',(0.,0.,1.));
#4792 = ORIENTED_EDGE('',*,*,#2357,.F.);
#4793 = ORIENTED_EDGE('',*,*,#4772,.T.);
#4794 = ORIENTED_EDGE('',*,*,#1803,.F.);
#4795 = PLANE('',#4796);
#4796 = AXIS2_PLACEMENT_3D('',#4797,#4798,#4799);
#4797 = CARTESIAN_POINT('',(110.7,-83.7,-1.));
#4798 = DIRECTION('',(0.,1.,0.));
#4799 = DIRECTION('',(0.,0.,1.));
#4800 = ADVANCED_FACE('',(#4801),#4808,.F.);
#4801 = FACE_BOUND('',#4802,.F.);
#4802 = EDGE_LOOP('',(#4803,#4804,#4805,#4806,#4807));
#4803 = ORIENTED_EDGE('',*,*,#4747,.F.);
#4804 = ORIENTED_EDGE('',*,*,#2316,.F.);
#4805 = ORIENTED_EDGE('',*,*,#2349,.F.);
#4806 = ORIENTED_EDGE('',*,*,#4787,.T.);
#4807 = ORIENTED_EDGE('',*,*,#1811,.F.);
#4808 = PLANE('',#4809);
#4809 = AXIS2_PLACEMENT_3D('',#4810,#4811,#4812);
#4810 = CARTESIAN_POINT('',(119.3,-96.3,-1.));
#4811 = DIRECTION('',(1.,0.,0.));
#4812 = DIRECTION('',(0.,0.,1.));
#4813 = ADVANCED_FACE('',(#4814),#4821,.T.);
#4814 = FACE_BOUND('',#4815,.T.);
#4815 = EDGE_LOOP('',(#4816,#4817,#4818,#4819,#4820));
#4816 = ORIENTED_EDGE('',*,*,#1985,.T.);
#4817 = ORIENTED_EDGE('',*,*,#1954,.T.);
#4818 = ORIENTED_EDGE('',*,*,#2123,.T.);
#4819 = ORIENTED_EDGE('',*,*,#2067,.T.);
#4820 = ORIENTED_EDGE('',*,*,#2043,.T.);
#4821 = PLANE('',#4822);
#4822 = AXIS2_PLACEMENT_3D('',#4823,#4824,#4825);
#4823 = CARTESIAN_POINT('',(89.6,90.,9.343075305071));
#4824 = DIRECTION('',(1.,0.,0.));
#4825 = DIRECTION('',(0.,0.,1.));
#4826 = ADVANCED_FACE('',(#4827),#4836,.T.);
#4827 = FACE_BOUND('',#4828,.T.);
#4828 = EDGE_LOOP('',(#4829,#4830,#4831,#4832,#4833,#4834,#4835));
#4829 = ORIENTED_EDGE('',*,*,#2478,.F.);
#4830 = ORIENTED_EDGE('',*,*,#3336,.T.);
#4831 = ORIENTED_EDGE('',*,*,#3322,.F.);
#4832 = ORIENTED_EDGE('',*,*,#3289,.F.);
#4833 = ORIENTED_EDGE('',*,*,#3273,.T.);
#4834 = ORIENTED_EDGE('',*,*,#3240,.F.);
#4835 = ORIENTED_EDGE('',*,*,#3208,.F.);
#4836 = PLANE('',#4837);
#4837 = AXIS2_PLACEMENT_3D('',#4838,#4839,#4840);
#4838 = CARTESIAN_POINT('',(-140.,-147.5,4.));
#4839 = DIRECTION('',(0.,0.,1.));
#4840 = DIRECTION('',(1.,0.,0.));
#4841 = ADVANCED_FACE('',(#4842,#4848),#4882,.T.);
#4842 = FACE_BOUND('',#4843,.T.);
#4843 = EDGE_LOOP('',(#4844,#4845,#4846,#4847));
#4844 = ORIENTED_EDGE('',*,*,#2494,.F.);
#4845 = ORIENTED_EDGE('',*,*,#3217,.T.);
#4846 = ORIENTED_EDGE('',*,*,#3048,.F.);
#4847 = ORIENTED_EDGE('',*,*,#2997,.F.);
#4848 = FACE_BOUND('',#4849,.T.);
#4849 = EDGE_LOOP('',(#4850,#4860,#4868,#4876));
#4850 = ORIENTED_EDGE('',*,*,#4851,.T.);
#4851 = EDGE_CURVE('',#4852,#4854,#4856,.T.);
#4852 = VERTEX_POINT('',#4853);
#4853 = CARTESIAN_POINT('',(-110.7,-96.3,24.));
#4854 = VERTEX_POINT('',#4855);
#4855 = CARTESIAN_POINT('',(-119.3,-96.3,24.));
#4856 = LINE('',#4857,#4858);
#4857 = CARTESIAN_POINT('',(-129.65,-96.3,24.));
#4858 = VECTOR('',#4859,1.);
#4859 = DIRECTION('',(-1.,0.,0.));
#4860 = ORIENTED_EDGE('',*,*,#4861,.T.);
#4861 = EDGE_CURVE('',#4854,#4862,#4864,.T.);
#4862 = VERTEX_POINT('',#4863);
#4863 = CARTESIAN_POINT('',(-119.3,-83.7,24.));
#4864 = LINE('',#4865,#4866);
#4865 = CARTESIAN_POINT('',(-119.3,-105.65,24.));
#4866 = VECTOR('',#4867,1.);
#4867 = DIRECTION('',(0.,1.,0.));
#4868 = ORIENTED_EDGE('',*,*,#4869,.F.);
#4869 = EDGE_CURVE('',#4870,#4862,#4872,.T.);
#4870 = VERTEX_POINT('',#4871);
#4871 = CARTESIAN_POINT('',(-110.7,-83.7,24.));
#4872 = LINE('',#4873,#4874);
#4873 = CARTESIAN_POINT('',(-129.65,-83.7,24.));
#4874 = VECTOR('',#4875,1.);
#4875 = DIRECTION('',(-1.,0.,0.));
#4876 = ORIENTED_EDGE('',*,*,#4877,.F.);
#4877 = EDGE_CURVE('',#4852,#4870,#4878,.T.);
#4878 = LINE('',#4879,#4880);
#4879 = CARTESIAN_POINT('',(-110.7,-105.65,24.));
#4880 = VECTOR('',#4881,1.);
#4881 = DIRECTION('',(0.,1.,0.));
#4882 = PLANE('',#4883);
#4883 = AXIS2_PLACEMENT_3D('',#4884,#4885,#4886);
#4884 = CARTESIAN_POINT('',(-140.,-115.,24.));
#4885 = DIRECTION('',(0.,0.,1.));
#4886 = DIRECTION('',(1.,0.,0.));
#4887 = ADVANCED_FACE('',(#4888),#4902,.T.);
#4888 = FACE_BOUND('',#4889,.T.);
#4889 = EDGE_LOOP('',(#4890,#4891,#4892,#4893,#4894,#4895,#4896));
#4890 = ORIENTED_EDGE('',*,*,#2510,.F.);
#4891 = ORIENTED_EDGE('',*,*,#2990,.T.);
#4892 = ORIENTED_EDGE('',*,*,#2976,.F.);
#4893 = ORIENTED_EDGE('',*,*,#2952,.F.);
#4894 = ORIENTED_EDGE('',*,*,#2919,.F.);
#4895 = ORIENTED_EDGE('',*,*,#2903,.T.);
#4896 = ORIENTED_EDGE('',*,*,#4897,.F.);
#4897 = EDGE_CURVE('',#2511,#2896,#4898,.T.);
#4898 = LINE('',#4899,#4900);
#4899 = CARTESIAN_POINT('',(-140.,65.,4.));
#4900 = VECTOR('',#4901,1.);
#4901 = DIRECTION('',(1.,0.,0.));
#4902 = PLANE('',#4903);
#4903 = AXIS2_PLACEMENT_3D('',#4904,#4905,#4906);
#4904 = CARTESIAN_POINT('',(-140.,-147.5,4.));
#4905 = DIRECTION('',(0.,0.,1.));
#4906 = DIRECTION('',(1.,0.,0.));
#4907 = ADVANCED_FACE('',(#4908),#4942,.F.);
#4908 = FACE_BOUND('',#4909,.F.);
#4909 = EDGE_LOOP('',(#4910,#4911,#4912,#4920,#4928,#4934,#4935,#4941));
#4910 = ORIENTED_EDGE('',*,*,#4897,.F.);
#4911 = ORIENTED_EDGE('',*,*,#2518,.T.);
#4912 = ORIENTED_EDGE('',*,*,#4913,.T.);
#4913 = EDGE_CURVE('',#2519,#4914,#4916,.T.);
#4914 = VERTEX_POINT('',#4915);
#4915 = CARTESIAN_POINT('',(-85.,65.,24.));
#4916 = LINE('',#4917,#4918);
#4917 = CARTESIAN_POINT('',(-140.,65.,24.));
#4918 = VECTOR('',#4919,1.);
#4919 = DIRECTION('',(1.,0.,0.));
#4920 = ORIENTED_EDGE('',*,*,#4921,.F.);
#4921 = EDGE_CURVE('',#4922,#4914,#4924,.T.);
#4922 = VERTEX_POINT('',#4923);
#4923 = CARTESIAN_POINT('',(-85.,65.,4.));
#4924 = LINE('',#4925,#4926);
#4925 = CARTESIAN_POINT('',(-85.,65.,4.));
#4926 = VECTOR('',#4927,1.);
#4927 = DIRECTION('',(0.,0.,1.));
#4928 = ORIENTED_EDGE('',*,*,#4929,.F.);
#4929 = EDGE_CURVE('',#2831,#4922,#4930,.T.);
#4930 = LINE('',#4931,#4932);
#4931 = CARTESIAN_POINT('',(-140.,65.,4.));
#4932 = VECTOR('',#4933,1.);
#4933 = DIRECTION('',(1.,0.,0.));
#4934 = ORIENTED_EDGE('',*,*,#2830,.F.);
#4935 = ORIENTED_EDGE('',*,*,#4936,.T.);
#4936 = EDGE_CURVE('',#2823,#2888,#4937,.T.);
#4937 = LINE('',#4938,#4939);
#4938 = CARTESIAN_POINT('',(-68.58471185246,65.,14.));
#4939 = VECTOR('',#4940,1.);
#4940 = DIRECTION('',(-1.,0.,0.));
#4941 = ORIENTED_EDGE('',*,*,#2895,.T.);
#4942 = PLANE('',#4943);
#4943 = AXIS2_PLACEMENT_3D('',#4944,#4945,#4946);
#4944 = CARTESIAN_POINT('',(-140.,65.,4.));
#4945 = DIRECTION('',(0.,1.,0.));
#4946 = DIRECTION('',(0.,0.,1.));
#4947 = ADVANCED_FACE('',(#4948,#4966),#5000,.T.);
#4948 = FACE_BOUND('',#4949,.T.);
#4949 = EDGE_LOOP('',(#4950,#4951,#4952,#4960));
#4950 = ORIENTED_EDGE('',*,*,#2526,.F.);
#4951 = ORIENTED_EDGE('',*,*,#4913,.T.);
#4952 = ORIENTED_EDGE('',*,*,#4953,.T.);
#4953 = EDGE_CURVE('',#4914,#4954,#4956,.T.);
#4954 = VERTEX_POINT('',#4955);
#4955 = CARTESIAN_POINT('',(-85.,115.,24.));
#4956 = LINE('',#4957,#4958);
#4957 = CARTESIAN_POINT('',(-85.,65.,24.));
#4958 = VECTOR('',#4959,1.);
#4959 = DIRECTION('',(0.,1.,0.));
#4960 = ORIENTED_EDGE('',*,*,#4961,.F.);
#4961 = EDGE_CURVE('',#2527,#4954,#4962,.T.);
#4962 = LINE('',#4963,#4964);
#4963 = CARTESIAN_POINT('',(-140.,115.,24.));
#4964 = VECTOR('',#4965,1.);
#4965 = DIRECTION('',(1.,0.,0.));
#4966 = FACE_BOUND('',#4967,.T.);
#4967 = EDGE_LOOP('',(#4968,#4978,#4986,#4994));
#4968 = ORIENTED_EDGE('',*,*,#4969,.T.);
#4969 = EDGE_CURVE('',#4970,#4972,#4974,.T.);
#4970 = VERTEX_POINT('',#4971);
#4971 = CARTESIAN_POINT('',(-110.7,83.7,24.));
#4972 = VERTEX_POINT('',#4973);
#4973 = CARTESIAN_POINT('',(-119.3,83.7,24.));
#4974 = LINE('',#4975,#4976);
#4975 = CARTESIAN_POINT('',(-129.65,83.7,24.));
#4976 = VECTOR('',#4977,1.);
#4977 = DIRECTION('',(-1.,0.,0.));
#4978 = ORIENTED_EDGE('',*,*,#4979,.T.);
#4979 = EDGE_CURVE('',#4972,#4980,#4982,.T.);
#4980 = VERTEX_POINT('',#4981);
#4981 = CARTESIAN_POINT('',(-119.3,96.3,24.));
#4982 = LINE('',#4983,#4984);
#4983 = CARTESIAN_POINT('',(-119.3,74.35,24.));
#4984 = VECTOR('',#4985,1.);
#4985 = DIRECTION('',(0.,1.,0.));
#4986 = ORIENTED_EDGE('',*,*,#4987,.F.);
#4987 = EDGE_CURVE('',#4988,#4980,#4990,.T.);
#4988 = VERTEX_POINT('',#4989);
#4989 = CARTESIAN_POINT('',(-110.7,96.3,24.));
#4990 = LINE('',#4991,#4992);
#4991 = CARTESIAN_POINT('',(-129.65,96.3,24.));
#4992 = VECTOR('',#4993,1.);
#4993 = DIRECTION('',(-1.,0.,0.));
#4994 = ORIENTED_EDGE('',*,*,#4995,.F.);
#4995 = EDGE_CURVE('',#4970,#4988,#4996,.T.);
#4996 = LINE('',#4997,#4998);
#4997 = CARTESIAN_POINT('',(-110.7,74.35,24.));
#4998 = VECTOR('',#4999,1.);
#4999 = DIRECTION('',(0.,1.,0.));
#5000 = PLANE('',#5001);
#5001 = AXIS2_PLACEMENT_3D('',#5002,#5003,#5004);
#5002 = CARTESIAN_POINT('',(-140.,65.,24.));
#5003 = DIRECTION('',(0.,0.,1.));
#5004 = DIRECTION('',(1.,0.,0.));
#5005 = ADVANCED_FACE('',(#5006),#5024,.T.);
#5006 = FACE_BOUND('',#5007,.T.);
#5007 = EDGE_LOOP('',(#5008,#5016,#5017,#5018));
#5008 = ORIENTED_EDGE('',*,*,#5009,.F.);
#5009 = EDGE_CURVE('',#2535,#5010,#5012,.T.);
#5010 = VERTEX_POINT('',#5011);
#5011 = CARTESIAN_POINT('',(-85.,115.,4.));
#5012 = LINE('',#5013,#5014);
#5013 = CARTESIAN_POINT('',(-140.,115.,4.));
#5014 = VECTOR('',#5015,1.);
#5015 = DIRECTION('',(1.,0.,0.));
#5016 = ORIENTED_EDGE('',*,*,#2534,.T.);
#5017 = ORIENTED_EDGE('',*,*,#4961,.T.);
#5018 = ORIENTED_EDGE('',*,*,#5019,.F.);
#5019 = EDGE_CURVE('',#5010,#4954,#5020,.T.);
#5020 = LINE('',#5021,#5022);
#5021 = CARTESIAN_POINT('',(-85.,115.,4.));
#5022 = VECTOR('',#5023,1.);
#5023 = DIRECTION('',(0.,0.,1.));
#5024 = PLANE('',#5025);
#5025 = AXIS2_PLACEMENT_3D('',#5026,#5027,#5028);
#5026 = CARTESIAN_POINT('',(-140.,115.,4.));
#5027 = DIRECTION('',(0.,1.,0.));
#5028 = DIRECTION('',(0.,0.,1.));
#5029 = ADVANCED_FACE('',(#5030,#5045),#5079,.T.);
#5030 = FACE_BOUND('',#5031,.T.);
#5031 = EDGE_LOOP('',(#5032,#5033,#5034,#5040,#5041,#5042,#5043,#5044));
#5032 = ORIENTED_EDGE('',*,*,#2542,.F.);
#5033 = ORIENTED_EDGE('',*,*,#5009,.T.);
#5034 = ORIENTED_EDGE('',*,*,#5035,.F.);
#5035 = EDGE_CURVE('',#4922,#5010,#5036,.T.);
#5036 = LINE('',#5037,#5038);
#5037 = CARTESIAN_POINT('',(-85.,65.,4.));
#5038 = VECTOR('',#5039,1.);
#5039 = DIRECTION('',(0.,1.,0.));
#5040 = ORIENTED_EDGE('',*,*,#4929,.F.);
#5041 = ORIENTED_EDGE('',*,*,#2838,.F.);
#5042 = ORIENTED_EDGE('',*,*,#2788,.F.);
#5043 = ORIENTED_EDGE('',*,*,#2736,.T.);
#5044 = ORIENTED_EDGE('',*,*,#2769,.F.);
#5045 = FACE_BOUND('',#5046,.T.);
#5046 = EDGE_LOOP('',(#5047,#5057,#5065,#5073));
#5047 = ORIENTED_EDGE('',*,*,#5048,.T.);
#5048 = EDGE_CURVE('',#5049,#5051,#5053,.T.);
#5049 = VERTEX_POINT('',#5050);
#5050 = CARTESIAN_POINT('',(-40.20285622446,50.283552409764,4.));
#5051 = VERTEX_POINT('',#5052);
#5052 = CARTESIAN_POINT('',(-33.3959853028,33.620224163105,4.));
#5053 = LINE('',#5054,#5055);
#5054 = CARTESIAN_POINT('',(-9.315356073881,-25.32953907555,4.));
#5055 = VECTOR('',#5056,1.);
#5056 = DIRECTION('',(0.378159495647,-0.925740458148,0.));
#5057 = ORIENTED_EDGE('',*,*,#5058,.T.);
#5058 = EDGE_CURVE('',#5051,#5059,#5061,.T.);
#5059 = VERTEX_POINT('',#5060);
#5060 = CARTESIAN_POINT('',(-44.50487080057,29.082310215335,4.));
#5061 = LINE('',#5062,#5063);
#5062 = CARTESIAN_POINT('',(-110.7786218803,2.009875320213,4.));
#5063 = VECTOR('',#5064,1.);
#5064 = DIRECTION('',(-0.925740458148,-0.378159495647,0.));
#5065 = ORIENTED_EDGE('',*,*,#5066,.F.);
#5066 = EDGE_CURVE('',#5067,#5059,#5069,.T.);
#5067 = VERTEX_POINT('',#5068);
#5068 = CARTESIAN_POINT('',(-51.31174172223,45.745638461995,4.));
#5069 = LINE('',#5070,#5071);
#5070 = CARTESIAN_POINT('',(-20.42424157165,-29.86745302332,4.));
#5071 = VECTOR('',#5072,1.);
#5072 = DIRECTION('',(0.378159495647,-0.925740458148,0.));
#5073 = ORIENTED_EDGE('',*,*,#5074,.F.);
#5074 = EDGE_CURVE('',#5049,#5067,#5075,.T.);
#5075 = LINE('',#5076,#5077);
#5076 = CARTESIAN_POINT('',(-117.5854928019,18.673203566873,4.));
#5077 = VECTOR('',#5078,1.);
#5078 = DIRECTION('',(-0.925740458148,-0.378159495647,0.));
#5079 = PLANE('',#5080);
#5080 = AXIS2_PLACEMENT_3D('',#5081,#5082,#5083);
#5081 = CARTESIAN_POINT('',(-140.,-147.5,4.));
#5082 = DIRECTION('',(0.,0.,1.));
#5083 = DIRECTION('',(1.,0.,0.));
#5084 = ADVANCED_FACE('',(#5085),#5110,.T.);
#5085 = FACE_BOUND('',#5086,.T.);
#5086 = EDGE_LOOP('',(#5087,#5088,#5096,#5104));
#5087 = ORIENTED_EDGE('',*,*,#2561,.F.);
#5088 = ORIENTED_EDGE('',*,*,#5089,.T.);
#5089 = EDGE_CURVE('',#2562,#5090,#5092,.T.);
#5090 = VERTEX_POINT('',#5091);
#5091 = CARTESIAN_POINT('',(-89.6,77.6,8.4));
#5092 = LINE('',#5093,#5094);
#5093 = CARTESIAN_POINT('',(-142.,77.6,8.4));
#5094 = VECTOR('',#5095,1.);
#5095 = DIRECTION('',(1.,0.,0.));
#5096 = ORIENTED_EDGE('',*,*,#5097,.T.);
#5097 = EDGE_CURVE('',#5090,#5098,#5100,.T.);
#5098 = VERTEX_POINT('',#5099);
#5099 = CARTESIAN_POINT('',(-89.6,77.6,3.6));
#5100 = LINE('',#5101,#5102);
#5101 = CARTESIAN_POINT('',(-89.6,77.6,8.4));
#5102 = VECTOR('',#5103,1.);
#5103 = DIRECTION('',(0.,0.,-1.));
#5104 = ORIENTED_EDGE('',*,*,#5105,.F.);
#5105 = EDGE_CURVE('',#2564,#5098,#5106,.T.);
#5106 = LINE('',#5107,#5108);
#5107 = CARTESIAN_POINT('',(-142.,77.6,3.6));
#5108 = VECTOR('',#5109,1.);
#5109 = DIRECTION('',(1.,0.,0.));
#5110 = PLANE('',#5111);
#5111 = AXIS2_PLACEMENT_3D('',#5112,#5113,#5114);
#5112 = CARTESIAN_POINT('',(-142.,77.6,8.4));
#5113 = DIRECTION('',(0.,1.,0.));
#5114 = DIRECTION('',(0.,0.,-1.));
#5115 = ADVANCED_FACE('',(#5116,#5134),#5140,.T.);
#5116 = FACE_BOUND('',#5117,.T.);
#5117 = EDGE_LOOP('',(#5118,#5119,#5120,#5128));
#5118 = ORIENTED_EDGE('',*,*,#2571,.F.);
#5119 = ORIENTED_EDGE('',*,*,#5105,.T.);
#5120 = ORIENTED_EDGE('',*,*,#5121,.T.);
#5121 = EDGE_CURVE('',#5098,#5122,#5124,.T.);
#5122 = VERTEX_POINT('',#5123);
#5123 = CARTESIAN_POINT('',(-89.6,102.4,3.6));
#5124 = LINE('',#5125,#5126);
#5125 = CARTESIAN_POINT('',(-89.6,77.6,3.6));
#5126 = VECTOR('',#5127,1.);
#5127 = DIRECTION('',(0.,1.,0.));
#5128 = ORIENTED_EDGE('',*,*,#5129,.F.);
#5129 = EDGE_CURVE('',#2572,#5122,#5130,.T.);
#5130 = LINE('',#5131,#5132);
#5131 = CARTESIAN_POINT('',(-142.,102.4,3.6));
#5132 = VECTOR('',#5133,1.);
#5133 = DIRECTION('',(1.,0.,0.));
#5134 = FACE_BOUND('',#5135,.T.);
#5135 = EDGE_LOOP('',(#5136,#5137,#5138,#5139));
#5136 = ORIENTED_EDGE('',*,*,#4530,.T.);
#5137 = ORIENTED_EDGE('',*,*,#4554,.T.);
#5138 = ORIENTED_EDGE('',*,*,#4578,.F.);
#5139 = ORIENTED_EDGE('',*,*,#4595,.F.);
#5140 = PLANE('',#5141);
#5141 = AXIS2_PLACEMENT_3D('',#5142,#5143,#5144);
#5142 = CARTESIAN_POINT('',(-142.,77.6,3.6));
#5143 = DIRECTION('',(0.,0.,1.));
#5144 = DIRECTION('',(0.,1.,0.));
#5145 = ADVANCED_FACE('',(#5146),#5164,.T.);
#5146 = FACE_BOUND('',#5147,.T.);
#5147 = EDGE_LOOP('',(#5148,#5149,#5150,#5158));
#5148 = ORIENTED_EDGE('',*,*,#2579,.F.);
#5149 = ORIENTED_EDGE('',*,*,#5129,.T.);
#5150 = ORIENTED_EDGE('',*,*,#5151,.T.);
#5151 = EDGE_CURVE('',#5122,#5152,#5154,.T.);
#5152 = VERTEX_POINT('',#5153);
#5153 = CARTESIAN_POINT('',(-89.6,102.4,8.4));
#5154 = LINE('',#5155,#5156);
#5155 = CARTESIAN_POINT('',(-89.6,102.4,3.6));
#5156 = VECTOR('',#5157,1.);
#5157 = DIRECTION('',(0.,0.,1.));
#5158 = ORIENTED_EDGE('',*,*,#5159,.F.);
#5159 = EDGE_CURVE('',#2580,#5152,#5160,.T.);
#5160 = LINE('',#5161,#5162);
#5161 = CARTESIAN_POINT('',(-142.,102.4,8.4));
#5162 = VECTOR('',#5163,1.);
#5163 = DIRECTION('',(1.,0.,0.));
#5164 = PLANE('',#5165);
#5165 = AXIS2_PLACEMENT_3D('',#5166,#5167,#5168);
#5166 = CARTESIAN_POINT('',(-142.,102.4,3.6));
#5167 = DIRECTION('',(0.,-1.,0.));
#5168 = DIRECTION('',(0.,0.,1.));
#5169 = ADVANCED_FACE('',(#5170),#5220,.T.);
#5170 = FACE_BOUND('',#5171,.T.);
#5171 = EDGE_LOOP('',(#5172,#5173,#5174,#5182,#5190,#5198,#5206,#5214));
#5172 = ORIENTED_EDGE('',*,*,#2587,.F.);
#5173 = ORIENTED_EDGE('',*,*,#5159,.T.);
#5174 = ORIENTED_EDGE('',*,*,#5175,.T.);
#5175 = EDGE_CURVE('',#5152,#5176,#5178,.T.);
#5176 = VERTEX_POINT('',#5177);
#5177 = CARTESIAN_POINT('',(-89.6,90.,20.4));
#5178 = LINE('',#5179,#5180);
#5179 = CARTESIAN_POINT('',(-89.6,102.4,8.4));
#5180 = VECTOR('',#5181,1.);
#5181 = DIRECTION('',(0.,-0.718602141767,0.695421427516));
#5182 = ORIENTED_EDGE('',*,*,#5183,.F.);
#5183 = EDGE_CURVE('',#5184,#5176,#5186,.T.);
#5184 = VERTEX_POINT('',#5185);
#5185 = CARTESIAN_POINT('',(-110.7,90.,20.4));
#5186 = LINE('',#5187,#5188);
#5187 = CARTESIAN_POINT('',(-142.,90.,20.4));
#5188 = VECTOR('',#5189,1.);
#5189 = DIRECTION('',(1.,0.,0.));
#5190 = ORIENTED_EDGE('',*,*,#5191,.F.);
#5191 = EDGE_CURVE('',#5192,#5184,#5194,.T.);
#5192 = VERTEX_POINT('',#5193);
#5193 = CARTESIAN_POINT('',(-110.7,96.3,14.303225806452));
#5194 = LINE('',#5195,#5196);
#5195 = CARTESIAN_POINT('',(-110.7,99.920499731327,10.799516389038));
#5196 = VECTOR('',#5197,1.);
#5197 = DIRECTION('',(0.,-0.718602141767,0.695421427516));
#5198 = ORIENTED_EDGE('',*,*,#5199,.F.);
#5199 = EDGE_CURVE('',#5200,#5192,#5202,.T.);
#5200 = VERTEX_POINT('',#5201);
#5201 = CARTESIAN_POINT('',(-119.3,96.3,14.303225806452));
#5202 = LINE('',#5203,#5204);
#5203 = CARTESIAN_POINT('',(-130.65,96.3,14.303225806452));
#5204 = VECTOR('',#5205,1.);
#5205 = DIRECTION('',(1.,0.,0.));
#5206 = ORIENTED_EDGE('',*,*,#5207,.T.);
#5207 = EDGE_CURVE('',#5200,#5208,#5210,.T.);
#5208 = VERTEX_POINT('',#5209);
#5209 = CARTESIAN_POINT('',(-119.3,90.,20.4));
#5210 = LINE('',#5211,#5212);
#5211 = CARTESIAN_POINT('',(-119.3,99.920499731327,10.799516389038));
#5212 = VECTOR('',#5213,1.);
#5213 = DIRECTION('',(0.,-0.718602141767,0.695421427516));
#5214 = ORIENTED_EDGE('',*,*,#5215,.F.);
#5215 = EDGE_CURVE('',#2588,#5208,#5216,.T.);
#5216 = LINE('',#5217,#5218);
#5217 = CARTESIAN_POINT('',(-142.,90.,20.4));
#5218 = VECTOR('',#5219,1.);
#5219 = DIRECTION('',(1.,0.,0.));
#5220 = PLANE('',#5221);
#5221 = AXIS2_PLACEMENT_3D('',#5222,#5223,#5224);
#5222 = CARTESIAN_POINT('',(-142.,102.4,8.4));
#5223 = DIRECTION('',(0.,-0.695421427516,-0.718602141767));
#5224 = DIRECTION('',(0.,-0.718602141767,0.695421427516));
#5225 = ADVANCED_FACE('',(#5226),#5260,.T.);
#5226 = FACE_BOUND('',#5227,.T.);
#5227 = EDGE_LOOP('',(#5228,#5229,#5230,#5238,#5246,#5252,#5253,#5259));
#5228 = ORIENTED_EDGE('',*,*,#2595,.F.);
#5229 = ORIENTED_EDGE('',*,*,#5215,.T.);
#5230 = ORIENTED_EDGE('',*,*,#5231,.T.);
#5231 = EDGE_CURVE('',#5208,#5232,#5234,.T.);
#5232 = VERTEX_POINT('',#5233);
#5233 = CARTESIAN_POINT('',(-119.3,83.7,14.303225806452));
#5234 = LINE('',#5235,#5236);
#5235 = CARTESIAN_POINT('',(-119.3,83.026249328318,13.651209027405));
#5236 = VECTOR('',#5237,1.);
#5237 = DIRECTION('',(0.,-0.718602141767,-0.695421427516));
#5238 = ORIENTED_EDGE('',*,*,#5239,.T.);
#5239 = EDGE_CURVE('',#5232,#5240,#5242,.T.);
#5240 = VERTEX_POINT('',#5241);
#5241 = CARTESIAN_POINT('',(-110.7,83.7,14.303225806452));
#5242 = LINE('',#5243,#5244);
#5243 = CARTESIAN_POINT('',(-130.65,83.7,14.303225806452));
#5244 = VECTOR('',#5245,1.);
#5245 = DIRECTION('',(1.,0.,0.));
#5246 = ORIENTED_EDGE('',*,*,#5247,.F.);
#5247 = EDGE_CURVE('',#5184,#5240,#5248,.T.);
#5248 = LINE('',#5249,#5250);
#5249 = CARTESIAN_POINT('',(-110.7,83.026249328318,13.651209027405));
#5250 = VECTOR('',#5251,1.);
#5251 = DIRECTION('',(0.,-0.718602141767,-0.695421427516));
#5252 = ORIENTED_EDGE('',*,*,#5183,.T.);
#5253 = ORIENTED_EDGE('',*,*,#5254,.T.);
#5254 = EDGE_CURVE('',#5176,#5090,#5255,.T.);
#5255 = LINE('',#5256,#5257);
#5256 = CARTESIAN_POINT('',(-89.6,90.,20.4));
#5257 = VECTOR('',#5258,1.);
#5258 = DIRECTION('',(0.,-0.718602141767,-0.695421427516));
#5259 = ORIENTED_EDGE('',*,*,#5089,.F.);
#5260 = PLANE('',#5261);
#5261 = AXIS2_PLACEMENT_3D('',#5262,#5263,#5264);
#5262 = CARTESIAN_POINT('',(-142.,90.,20.4));
#5263 = DIRECTION('',(0.,0.695421427516,-0.718602141767));
#5264 = DIRECTION('',(0.,-0.718602141767,-0.695421427516));
#5265 = ADVANCED_FACE('',(#5266),#5277,.T.);
#5266 = FACE_BOUND('',#5267,.T.);
#5267 = EDGE_LOOP('',(#5268,#5269,#5270,#5271));
#5268 = ORIENTED_EDGE('',*,*,#2603,.F.);
#5269 = ORIENTED_EDGE('',*,*,#3194,.T.);
#5270 = ORIENTED_EDGE('',*,*,#3126,.T.);
#5271 = ORIENTED_EDGE('',*,*,#5272,.F.);
#5272 = EDGE_CURVE('',#2606,#3129,#5273,.T.);
#5273 = LINE('',#5274,#5275);
#5274 = CARTESIAN_POINT('',(-142.,-102.4,3.6));
#5275 = VECTOR('',#5276,1.);
#5276 = DIRECTION('',(1.,0.,0.));
#5277 = PLANE('',#5278);
#5278 = AXIS2_PLACEMENT_3D('',#5279,#5280,#5281);
#5279 = CARTESIAN_POINT('',(-142.,-102.4,8.4));
#5280 = DIRECTION('',(0.,1.,0.));
#5281 = DIRECTION('',(0.,0.,-1.));
#5282 = ADVANCED_FACE('',(#5283,#5294),#5300,.T.);
#5283 = FACE_BOUND('',#5284,.T.);
#5284 = EDGE_LOOP('',(#5285,#5286,#5287,#5288));
#5285 = ORIENTED_EDGE('',*,*,#2613,.F.);
#5286 = ORIENTED_EDGE('',*,*,#5272,.T.);
#5287 = ORIENTED_EDGE('',*,*,#3136,.T.);
#5288 = ORIENTED_EDGE('',*,*,#5289,.F.);
#5289 = EDGE_CURVE('',#2614,#3137,#5290,.T.);
#5290 = LINE('',#5291,#5292);
#5291 = CARTESIAN_POINT('',(-142.,-77.6,3.6));
#5292 = VECTOR('',#5293,1.);
#5293 = DIRECTION('',(1.,0.,0.));
#5294 = FACE_BOUND('',#5295,.T.);
#5295 = EDGE_LOOP('',(#5296,#5297,#5298,#5299));
#5296 = ORIENTED_EDGE('',*,*,#4366,.T.);
#5297 = ORIENTED_EDGE('',*,*,#4390,.T.);
#5298 = ORIENTED_EDGE('',*,*,#4414,.F.);
#5299 = ORIENTED_EDGE('',*,*,#4431,.F.);
#5300 = PLANE('',#5301);
#5301 = AXIS2_PLACEMENT_3D('',#5302,#5303,#5304);
#5302 = CARTESIAN_POINT('',(-142.,-102.4,3.6));
#5303 = DIRECTION('',(0.,0.,1.));
#5304 = DIRECTION('',(0.,1.,0.));
#5305 = ADVANCED_FACE('',(#5306),#5312,.T.);
#5306 = FACE_BOUND('',#5307,.T.);
#5307 = EDGE_LOOP('',(#5308,#5309,#5310,#5311));
#5308 = ORIENTED_EDGE('',*,*,#2621,.F.);
#5309 = ORIENTED_EDGE('',*,*,#5289,.T.);
#5310 = ORIENTED_EDGE('',*,*,#3144,.T.);
#5311 = ORIENTED_EDGE('',*,*,#3064,.F.);
#5312 = PLANE('',#5313);
#5313 = AXIS2_PLACEMENT_3D('',#5314,#5315,#5316);
#5314 = CARTESIAN_POINT('',(-142.,-77.6,3.6));
#5315 = DIRECTION('',(0.,-1.,0.));
#5316 = DIRECTION('',(0.,0.,1.));
#5317 = ADVANCED_FACE('',(#5318),#5324,.T.);
#5318 = FACE_BOUND('',#5319,.T.);
#5319 = EDGE_LOOP('',(#5320,#5321,#5322,#5323));
#5320 = ORIENTED_EDGE('',*,*,#2887,.F.);
#5321 = ORIENTED_EDGE('',*,*,#2862,.F.);
#5322 = ORIENTED_EDGE('',*,*,#2822,.T.);
#5323 = ORIENTED_EDGE('',*,*,#4936,.T.);
#5324 = PLANE('',#5325);
#5325 = AXIS2_PLACEMENT_3D('',#5326,#5327,#5328);
#5326 = CARTESIAN_POINT('',(2.830576295061,-61.94139905813,14.));
#5327 = DIRECTION('',(0.,0.,1.));
#5328 = DIRECTION('',(-0.588171697675,0.808736084303,0.));
#5329 = ADVANCED_FACE('',(#5330),#5347,.F.);
#5330 = FACE_BOUND('',#5331,.F.);
#5331 = EDGE_LOOP('',(#5332,#5338,#5339,#5340,#5346));
#5332 = ORIENTED_EDGE('',*,*,#5333,.F.);
#5333 = EDGE_CURVE('',#3177,#4852,#5334,.T.);
#5334 = LINE('',#5335,#5336);
#5335 = CARTESIAN_POINT('',(-110.7,-96.3,-1.));
#5336 = VECTOR('',#5337,1.);
#5337 = DIRECTION('',(0.,0.,1.));
#5338 = ORIENTED_EDGE('',*,*,#3184,.F.);
#5339 = ORIENTED_EDGE('',*,*,#3088,.F.);
#5340 = ORIENTED_EDGE('',*,*,#5341,.T.);
#5341 = EDGE_CURVE('',#3089,#4870,#5342,.T.);
#5342 = LINE('',#5343,#5344);
#5343 = CARTESIAN_POINT('',(-110.7,-83.7,-1.));
#5344 = VECTOR('',#5345,1.);
#5345 = DIRECTION('',(0.,0.,1.));
#5346 = ORIENTED_EDGE('',*,*,#4877,.F.);
#5347 = PLANE('',#5348);
#5348 = AXIS2_PLACEMENT_3D('',#5349,#5350,#5351);
#5349 = CARTESIAN_POINT('',(-110.7,-96.3,-1.));
#5350 = DIRECTION('',(1.,0.,0.));
#5351 = DIRECTION('',(0.,0.,1.));
#5352 = ADVANCED_FACE('',(#5353),#5364,.F.);
#5353 = FACE_BOUND('',#5354,.F.);
#5354 = EDGE_LOOP('',(#5355,#5356,#5357,#5363));
#5355 = ORIENTED_EDGE('',*,*,#5341,.F.);
#5356 = ORIENTED_EDGE('',*,*,#3096,.F.);
#5357 = ORIENTED_EDGE('',*,*,#5358,.T.);
#5358 = EDGE_CURVE('',#3097,#4862,#5359,.T.);
#5359 = LINE('',#5360,#5361);
#5360 = CARTESIAN_POINT('',(-119.3,-83.7,-1.));
#5361 = VECTOR('',#5362,1.);
#5362 = DIRECTION('',(0.,0.,1.));
#5363 = ORIENTED_EDGE('',*,*,#4869,.F.);
#5364 = PLANE('',#5365);
#5365 = AXIS2_PLACEMENT_3D('',#5366,#5367,#5368);
#5366 = CARTESIAN_POINT('',(-119.3,-83.7,-1.));
#5367 = DIRECTION('',(0.,1.,0.));
#5368 = DIRECTION('',(0.,0.,1.));
#5369 = ADVANCED_FACE('',(#5370),#5382,.T.);
#5370 = FACE_BOUND('',#5371,.T.);
#5371 = EDGE_LOOP('',(#5372,#5378,#5379,#5380,#5381));
#5372 = ORIENTED_EDGE('',*,*,#5373,.F.);
#5373 = EDGE_CURVE('',#3169,#4854,#5374,.T.);
#5374 = LINE('',#5375,#5376);
#5375 = CARTESIAN_POINT('',(-119.3,-96.3,-1.));
#5376 = VECTOR('',#5377,1.);
#5377 = DIRECTION('',(0.,0.,1.));
#5378 = ORIENTED_EDGE('',*,*,#3168,.F.);
#5379 = ORIENTED_EDGE('',*,*,#3104,.F.);
#5380 = ORIENTED_EDGE('',*,*,#5358,.T.);
#5381 = ORIENTED_EDGE('',*,*,#4861,.F.);
#5382 = PLANE('',#5383);
#5383 = AXIS2_PLACEMENT_3D('',#5384,#5385,#5386);
#5384 = CARTESIAN_POINT('',(-119.3,-96.3,-1.));
#5385 = DIRECTION('',(1.,0.,0.));
#5386 = DIRECTION('',(0.,0.,1.));
#5387 = ADVANCED_FACE('',(#5388),#5394,.T.);
#5388 = FACE_BOUND('',#5389,.T.);
#5389 = EDGE_LOOP('',(#5390,#5391,#5392,#5393));
#5390 = ORIENTED_EDGE('',*,*,#5333,.F.);
#5391 = ORIENTED_EDGE('',*,*,#3176,.F.);
#5392 = ORIENTED_EDGE('',*,*,#5373,.T.);
#5393 = ORIENTED_EDGE('',*,*,#4851,.F.);
#5394 = PLANE('',#5395);
#5395 = AXIS2_PLACEMENT_3D('',#5396,#5397,#5398);
#5396 = CARTESIAN_POINT('',(-119.3,-96.3,-1.));
#5397 = DIRECTION('',(0.,1.,0.));
#5398 = DIRECTION('',(0.,0.,1.));
#5399 = ADVANCED_FACE('',(#5400),#5412,.T.);
#5400 = FACE_BOUND('',#5401,.T.);
#5401 = EDGE_LOOP('',(#5402,#5409,#5410,#5411));
#5402 = ORIENTED_EDGE('',*,*,#5403,.F.);
#5403 = EDGE_CURVE('',#3610,#3538,#5404,.T.);
#5404 = CIRCLE('',#5405,14.5);
#5405 = AXIS2_PLACEMENT_3D('',#5406,#5407,#5408);
#5406 = CARTESIAN_POINT('',(0.,-64.,4.));
#5407 = DIRECTION('',(0.,0.,1.));
#5408 = DIRECTION('',(1.,0.,0.));
#5409 = ORIENTED_EDGE('',*,*,#3609,.T.);
#5410 = ORIENTED_EDGE('',*,*,#3593,.T.);
#5411 = ORIENTED_EDGE('',*,*,#3537,.F.);
#5412 = PLANE('',#5413);
#5413 = AXIS2_PLACEMENT_3D('',#5414,#5415,#5416);
#5414 = CARTESIAN_POINT('',(-140.,-147.5,4.));
#5415 = DIRECTION('',(0.,0.,1.));
#5416 = DIRECTION('',(1.,0.,0.));
#5417 = ADVANCED_FACE('',(#5418),#5535,.T.);
#5418 = FACE_BOUND('',#5419,.T.);
#5419 = EDGE_LOOP('',(#5420,#5421,#5428,#5429,#5438,#5446,#5453,#5454,
    #5461,#5462,#5469,#5470,#5477,#5478,#5479,#5480,#5487,#5488,#5495,
    #5496,#5503,#5504,#5511,#5512,#5519,#5520,#5527,#5528));
#5420 = ORIENTED_EDGE('',*,*,#3897,.F.);
#5421 = ORIENTED_EDGE('',*,*,#5422,.T.);
#5422 = EDGE_CURVE('',#3890,#3825,#5423,.T.);
#5423 = CIRCLE('',#5424,14.5);
#5424 = AXIS2_PLACEMENT_3D('',#5425,#5426,#5427);
#5425 = CARTESIAN_POINT('',(0.,-64.,4.));
#5426 = DIRECTION('',(0.,0.,1.));
#5427 = DIRECTION('',(1.,0.,0.));
#5428 = ORIENTED_EDGE('',*,*,#3834,.T.);
#5429 = ORIENTED_EDGE('',*,*,#5430,.T.);
#5430 = EDGE_CURVE('',#3835,#5431,#5433,.T.);
#5431 = VERTEX_POINT('',#5432);
#5432 = CARTESIAN_POINT('',(14.5,-64.,14.));
#5433 = CIRCLE('',#5434,14.5);
#5434 = AXIS2_PLACEMENT_3D('',#5435,#5436,#5437);
#5435 = CARTESIAN_POINT('',(0.,-64.,14.));
#5436 = DIRECTION('',(0.,0.,1.));
#5437 = DIRECTION('',(1.,0.,0.));
#5438 = ORIENTED_EDGE('',*,*,#5439,.T.);
#5439 = EDGE_CURVE('',#5431,#5440,#5442,.T.);
#5440 = VERTEX_POINT('',#5441);
#5441 = CARTESIAN_POINT('',(14.5,-64.,19.));
#5442 = LINE('',#5443,#5444);
#5443 = CARTESIAN_POINT('',(14.5,-64.,4.));
#5444 = VECTOR('',#5445,1.);
#5445 = DIRECTION('',(0.,0.,1.));
#5446 = ORIENTED_EDGE('',*,*,#5447,.F.);
#5447 = EDGE_CURVE('',#5440,#5440,#5448,.T.);
#5448 = CIRCLE('',#5449,14.5);
#5449 = AXIS2_PLACEMENT_3D('',#5450,#5451,#5452);
#5450 = CARTESIAN_POINT('',(0.,-64.,19.));
#5451 = DIRECTION('',(0.,0.,1.));
#5452 = DIRECTION('',(1.,0.,0.));
#5453 = ORIENTED_EDGE('',*,*,#5439,.F.);
#5454 = ORIENTED_EDGE('',*,*,#5455,.T.);
#5455 = EDGE_CURVE('',#5431,#3758,#5456,.T.);
#5456 = CIRCLE('',#5457,14.5);
#5457 = AXIS2_PLACEMENT_3D('',#5458,#5459,#5460);
#5458 = CARTESIAN_POINT('',(0.,-64.,14.));
#5459 = DIRECTION('',(0.,0.,1.));
#5460 = DIRECTION('',(1.,0.,0.));
#5461 = ORIENTED_EDGE('',*,*,#3757,.F.);
#5462 = ORIENTED_EDGE('',*,*,#5463,.T.);
#5463 = EDGE_CURVE('',#3750,#3675,#5464,.T.);
#5464 = CIRCLE('',#5465,14.5);
#5465 = AXIS2_PLACEMENT_3D('',#5466,#5467,#5468);
#5466 = CARTESIAN_POINT('',(0.,-64.,4.));
#5467 = DIRECTION('',(0.,0.,1.));
#5468 = DIRECTION('',(1.,0.,0.));
#5469 = ORIENTED_EDGE('',*,*,#3684,.T.);
#5470 = ORIENTED_EDGE('',*,*,#5471,.T.);
#5471 = EDGE_CURVE('',#3685,#3618,#5472,.T.);
#5472 = CIRCLE('',#5473,14.5);
#5473 = AXIS2_PLACEMENT_3D('',#5474,#5475,#5476);
#5474 = CARTESIAN_POINT('',(0.,-64.,14.));
#5475 = DIRECTION('',(0.,0.,1.));
#5476 = DIRECTION('',(1.,0.,0.));
#5477 = ORIENTED_EDGE('',*,*,#3617,.F.);
#5478 = ORIENTED_EDGE('',*,*,#5403,.T.);
#5479 = ORIENTED_EDGE('',*,*,#3547,.T.);
#5480 = ORIENTED_EDGE('',*,*,#5481,.T.);
#5481 = EDGE_CURVE('',#3548,#4288,#5482,.T.);
#5482 = CIRCLE('',#5483,14.5);
#5483 = AXIS2_PLACEMENT_3D('',#5484,#5485,#5486);
#5484 = CARTESIAN_POINT('',(0.,-64.,14.));
#5485 = DIRECTION('',(0.,0.,1.));
#5486 = DIRECTION('',(1.,0.,0.));
#5487 = ORIENTED_EDGE('',*,*,#4287,.F.);
#5488 = ORIENTED_EDGE('',*,*,#5489,.T.);
#5489 = EDGE_CURVE('',#4280,#4215,#5490,.T.);
#5490 = CIRCLE('',#5491,14.5);
#5491 = AXIS2_PLACEMENT_3D('',#5492,#5493,#5494);
#5492 = CARTESIAN_POINT('',(0.,-64.,4.));
#5493 = DIRECTION('',(0.,0.,1.));
#5494 = DIRECTION('',(1.,0.,0.));
#5495 = ORIENTED_EDGE('',*,*,#4224,.T.);
#5496 = ORIENTED_EDGE('',*,*,#5497,.T.);
#5497 = EDGE_CURVE('',#4225,#4158,#5498,.T.);
#5498 = CIRCLE('',#5499,14.5);
#5499 = AXIS2_PLACEMENT_3D('',#5500,#5501,#5502);
#5500 = CARTESIAN_POINT('',(0.,-64.,14.));
#5501 = DIRECTION('',(0.,0.,1.));
#5502 = DIRECTION('',(1.,0.,0.));
#5503 = ORIENTED_EDGE('',*,*,#4157,.F.);
#5504 = ORIENTED_EDGE('',*,*,#5505,.T.);
#5505 = EDGE_CURVE('',#4150,#4085,#5506,.T.);
#5506 = CIRCLE('',#5507,14.5);
#5507 = AXIS2_PLACEMENT_3D('',#5508,#5509,#5510);
#5508 = CARTESIAN_POINT('',(0.,-64.,4.));
#5509 = DIRECTION('',(0.,0.,1.));
#5510 = DIRECTION('',(1.,0.,0.));
#5511 = ORIENTED_EDGE('',*,*,#4094,.T.);
#5512 = ORIENTED_EDGE('',*,*,#5513,.T.);
#5513 = EDGE_CURVE('',#4095,#4028,#5514,.T.);
#5514 = CIRCLE('',#5515,14.5);
#5515 = AXIS2_PLACEMENT_3D('',#5516,#5517,#5518);
#5516 = CARTESIAN_POINT('',(0.,-64.,14.));
#5517 = DIRECTION('',(0.,0.,1.));
#5518 = DIRECTION('',(1.,0.,0.));
#5519 = ORIENTED_EDGE('',*,*,#4027,.F.);
#5520 = ORIENTED_EDGE('',*,*,#5521,.T.);
#5521 = EDGE_CURVE('',#4020,#3955,#5522,.T.);
#5522 = CIRCLE('',#5523,14.5);
#5523 = AXIS2_PLACEMENT_3D('',#5524,#5525,#5526);
#5524 = CARTESIAN_POINT('',(0.,-64.,4.));
#5525 = DIRECTION('',(0.,0.,1.));
#5526 = DIRECTION('',(1.,0.,0.));
#5527 = ORIENTED_EDGE('',*,*,#3964,.T.);
#5528 = ORIENTED_EDGE('',*,*,#5529,.T.);
#5529 = EDGE_CURVE('',#3965,#3898,#5530,.T.);
#5530 = CIRCLE('',#5531,14.5);
#5531 = AXIS2_PLACEMENT_3D('',#5532,#5533,#5534);
#5532 = CARTESIAN_POINT('',(0.,-64.,14.));
#5533 = DIRECTION('',(0.,0.,1.));
#5534 = DIRECTION('',(1.,0.,0.));
#5535 = CYLINDRICAL_SURFACE('',#5536,14.5);
#5536 = AXIS2_PLACEMENT_3D('',#5537,#5538,#5539);
#5537 = CARTESIAN_POINT('',(0.,-64.,4.));
#5538 = DIRECTION('',(0.,0.,1.));
#5539 = DIRECTION('',(1.,0.,0.));
#5540 = ADVANCED_FACE('',(#5541),#5547,.T.);
#5541 = FACE_BOUND('',#5542,.T.);
#5542 = EDGE_LOOP('',(#5543,#5544,#5545,#5546));
#5543 = ORIENTED_EDGE('',*,*,#4322,.T.);
#5544 = ORIENTED_EDGE('',*,*,#4295,.F.);
#5545 = ORIENTED_EDGE('',*,*,#5481,.F.);
#5546 = ORIENTED_EDGE('',*,*,#3555,.T.);
#5547 = PLANE('',#5548);
#5548 = AXIS2_PLACEMENT_3D('',#5549,#5550,#5551);
#5549 = CARTESIAN_POINT('',(3.809722833574E-15,102.93648731995,14.));
#5550 = DIRECTION('',(0.,0.,1.));
#5551 = DIRECTION('',(1.,0.,0.));
#5552 = ADVANCED_FACE('',(#5553),#5559,.T.);
#5553 = FACE_BOUND('',#5554,.T.);
#5554 = EDGE_LOOP('',(#5555,#5556,#5557,#5558));
#5555 = ORIENTED_EDGE('',*,*,#3625,.F.);
#5556 = ORIENTED_EDGE('',*,*,#5471,.F.);
#5557 = ORIENTED_EDGE('',*,*,#3692,.T.);
#5558 = ORIENTED_EDGE('',*,*,#3659,.T.);
#5559 = PLANE('',#5560);
#5560 = AXIS2_PLACEMENT_3D('',#5561,#5562,#5563);
#5561 = CARTESIAN_POINT('',(2.830576295061,-66.05860094186,14.));
#5562 = DIRECTION('',(0.,0.,1.));
#5563 = DIRECTION('',(0.588171697675,0.808736084303,0.));
#5564 = ADVANCED_FACE('',(#5565),#5572,.T.);
#5565 = FACE_BOUND('',#5566,.T.);
#5566 = EDGE_LOOP('',(#5567,#5568,#5569,#5570,#5571));
#5567 = ORIENTED_EDGE('',*,*,#5463,.F.);
#5568 = ORIENTED_EDGE('',*,*,#3749,.T.);
#5569 = ORIENTED_EDGE('',*,*,#3725,.T.);
#5570 = ORIENTED_EDGE('',*,*,#3734,.T.);
#5571 = ORIENTED_EDGE('',*,*,#3674,.F.);
#5572 = PLANE('',#5573);
#5573 = AXIS2_PLACEMENT_3D('',#5574,#5575,#5576);
#5574 = CARTESIAN_POINT('',(-140.,-147.5,4.));
#5575 = DIRECTION('',(0.,0.,1.));
#5576 = DIRECTION('',(1.,0.,0.));
#5577 = ADVANCED_FACE('',(#5578),#5586,.T.);
#5578 = FACE_BOUND('',#5579,.T.);
#5579 = EDGE_LOOP('',(#5580,#5581,#5582,#5583,#5584,#5585));
#5580 = ORIENTED_EDGE('',*,*,#3765,.F.);
#5581 = ORIENTED_EDGE('',*,*,#5455,.F.);
#5582 = ORIENTED_EDGE('',*,*,#5430,.F.);
#5583 = ORIENTED_EDGE('',*,*,#3842,.T.);
#5584 = ORIENTED_EDGE('',*,*,#3800,.T.);
#5585 = ORIENTED_EDGE('',*,*,#3791,.T.);
#5586 = PLANE('',#5587);
#5587 = AXIS2_PLACEMENT_3D('',#5588,#5589,#5590);
#5588 = CARTESIAN_POINT('',(-0.791453975198,-67.40934020085,14.));
#5589 = DIRECTION('',(0.,0.,1.));
#5590 = DIRECTION('',(0.974097200243,-0.226129707199,0.));
#5591 = ADVANCED_FACE('',(#5592),#5598,.T.);
#5592 = FACE_BOUND('',#5593,.T.);
#5593 = EDGE_LOOP('',(#5594,#5595,#5596,#5597));
#5594 = ORIENTED_EDGE('',*,*,#5422,.F.);
#5595 = ORIENTED_EDGE('',*,*,#3889,.T.);
#5596 = ORIENTED_EDGE('',*,*,#3864,.T.);
#5597 = ORIENTED_EDGE('',*,*,#3824,.F.);
#5598 = PLANE('',#5599);
#5599 = AXIS2_PLACEMENT_3D('',#5600,#5601,#5602);
#5600 = CARTESIAN_POINT('',(-140.,-147.5,4.));
#5601 = DIRECTION('',(0.,0.,1.));
#5602 = DIRECTION('',(1.,0.,0.));
#5603 = ADVANCED_FACE('',(#5604),#5610,.T.);
#5604 = FACE_BOUND('',#5605,.T.);
#5605 = EDGE_LOOP('',(#5606,#5607,#5608,#5609));
#5606 = ORIENTED_EDGE('',*,*,#3972,.T.);
#5607 = ORIENTED_EDGE('',*,*,#3931,.T.);
#5608 = ORIENTED_EDGE('',*,*,#3905,.F.);
#5609 = ORIENTED_EDGE('',*,*,#5529,.F.);
#5610 = PLANE('',#5611);
#5611 = AXIS2_PLACEMENT_3D('',#5612,#5613,#5614);
#5612 = CARTESIAN_POINT('',(0.,-136.7793566267,14.));
#5613 = DIRECTION('',(0.,0.,1.));
#5614 = DIRECTION('',(1.,0.,0.));
#5615 = ADVANCED_FACE('',(#5616),#5622,.T.);
#5616 = FACE_BOUND('',#5617,.T.);
#5617 = EDGE_LOOP('',(#5618,#5619,#5620,#5621));
#5618 = ORIENTED_EDGE('',*,*,#5521,.F.);
#5619 = ORIENTED_EDGE('',*,*,#4019,.T.);
#5620 = ORIENTED_EDGE('',*,*,#4003,.T.);
#5621 = ORIENTED_EDGE('',*,*,#3954,.F.);
#5622 = PLANE('',#5623);
#5623 = AXIS2_PLACEMENT_3D('',#5624,#5625,#5626);
#5624 = CARTESIAN_POINT('',(-140.,-147.5,4.));
#5625 = DIRECTION('',(0.,0.,1.));
#5626 = DIRECTION('',(1.,0.,0.));
#5627 = ADVANCED_FACE('',(#5628),#5634,.T.);
#5628 = FACE_BOUND('',#5629,.T.);
#5629 = EDGE_LOOP('',(#5630,#5631,#5632,#5633));
#5630 = ORIENTED_EDGE('',*,*,#4035,.F.);
#5631 = ORIENTED_EDGE('',*,*,#5513,.F.);
#5632 = ORIENTED_EDGE('',*,*,#4102,.T.);
#5633 = ORIENTED_EDGE('',*,*,#4061,.T.);
#5634 = PLANE('',#5635);
#5635 = AXIS2_PLACEMENT_3D('',#5636,#5637,#5638);
#5636 = CARTESIAN_POINT('',(-0.791453975198,-60.59065979914,14.));
#5637 = DIRECTION('',(0.,0.,1.));
#5638 = DIRECTION('',(-0.974097200243,-0.226129707199,0.));
#5639 = ADVANCED_FACE('',(#5640),#5646,.T.);
#5640 = FACE_BOUND('',#5641,.T.);
#5641 = EDGE_LOOP('',(#5642,#5643,#5644,#5645));
#5642 = ORIENTED_EDGE('',*,*,#5505,.F.);
#5643 = ORIENTED_EDGE('',*,*,#4149,.T.);
#5644 = ORIENTED_EDGE('',*,*,#4133,.T.);
#5645 = ORIENTED_EDGE('',*,*,#4084,.F.);
#5646 = PLANE('',#5647);
#5647 = AXIS2_PLACEMENT_3D('',#5648,#5649,#5650);
#5648 = CARTESIAN_POINT('',(-140.,-147.5,4.));
#5649 = DIRECTION('',(0.,0.,1.));
#5650 = DIRECTION('',(1.,0.,0.));
#5651 = ADVANCED_FACE('',(#5652),#5658,.T.);
#5652 = FACE_BOUND('',#5653,.T.);
#5653 = EDGE_LOOP('',(#5654,#5655,#5656,#5657));
#5654 = ORIENTED_EDGE('',*,*,#4165,.F.);
#5655 = ORIENTED_EDGE('',*,*,#5497,.F.);
#5656 = ORIENTED_EDGE('',*,*,#4232,.T.);
#5657 = ORIENTED_EDGE('',*,*,#4199,.T.);
#5658 = PLANE('',#5659);
#5659 = AXIS2_PLACEMENT_3D('',#5660,#5661,#5662);
#5660 = CARTESIAN_POINT('',(2.830576295061,-61.94139905813,14.));
#5661 = DIRECTION('',(0.,0.,1.));
#5662 = DIRECTION('',(-0.588171697675,0.808736084303,0.));
#5663 = ADVANCED_FACE('',(#5664),#5670,.T.);
#5664 = FACE_BOUND('',#5665,.T.);
#5665 = EDGE_LOOP('',(#5666,#5667,#5668,#5669));
#5666 = ORIENTED_EDGE('',*,*,#5489,.F.);
#5667 = ORIENTED_EDGE('',*,*,#4279,.T.);
#5668 = ORIENTED_EDGE('',*,*,#4263,.T.);
#5669 = ORIENTED_EDGE('',*,*,#4214,.F.);
#5670 = PLANE('',#5671);
#5671 = AXIS2_PLACEMENT_3D('',#5672,#5673,#5674);
#5672 = CARTESIAN_POINT('',(-140.,-147.5,4.));
#5673 = DIRECTION('',(0.,0.,1.));
#5674 = DIRECTION('',(1.,0.,0.));
#5675 = ADVANCED_FACE('',(#5676),#5682,.T.);
#5676 = FACE_BOUND('',#5677,.T.);
#5677 = EDGE_LOOP('',(#5678,#5679,#5680,#5681));
#5678 = ORIENTED_EDGE('',*,*,#4921,.F.);
#5679 = ORIENTED_EDGE('',*,*,#5035,.T.);
#5680 = ORIENTED_EDGE('',*,*,#5019,.T.);
#5681 = ORIENTED_EDGE('',*,*,#4953,.F.);
#5682 = PLANE('',#5683);
#5683 = AXIS2_PLACEMENT_3D('',#5684,#5685,#5686);
#5684 = CARTESIAN_POINT('',(-85.,65.,4.));
#5685 = DIRECTION('',(1.,0.,0.));
#5686 = DIRECTION('',(0.,0.,1.));
#5687 = ADVANCED_FACE('',(#5688),#5704,.T.);
#5688 = FACE_BOUND('',#5689,.T.);
#5689 = EDGE_LOOP('',(#5690,#5696,#5697,#5703));
#5690 = ORIENTED_EDGE('',*,*,#5691,.F.);
#5691 = EDGE_CURVE('',#5240,#4970,#5692,.T.);
#5692 = LINE('',#5693,#5694);
#5693 = CARTESIAN_POINT('',(-110.7,83.7,-1.));
#5694 = VECTOR('',#5695,1.);
#5695 = DIRECTION('',(0.,0.,1.));
#5696 = ORIENTED_EDGE('',*,*,#5239,.F.);
#5697 = ORIENTED_EDGE('',*,*,#5698,.T.);
#5698 = EDGE_CURVE('',#5232,#4972,#5699,.T.);
#5699 = LINE('',#5700,#5701);
#5700 = CARTESIAN_POINT('',(-119.3,83.7,-1.));
#5701 = VECTOR('',#5702,1.);
#5702 = DIRECTION('',(0.,0.,1.));
#5703 = ORIENTED_EDGE('',*,*,#4969,.F.);
#5704 = PLANE('',#5705);
#5705 = AXIS2_PLACEMENT_3D('',#5706,#5707,#5708);
#5706 = CARTESIAN_POINT('',(-119.3,83.7,-1.));
#5707 = DIRECTION('',(0.,1.,0.));
#5708 = DIRECTION('',(0.,0.,1.));
#5709 = ADVANCED_FACE('',(#5710),#5722,.T.);
#5710 = FACE_BOUND('',#5711,.T.);
#5711 = EDGE_LOOP('',(#5712,#5713,#5714,#5715,#5721));
#5712 = ORIENTED_EDGE('',*,*,#5698,.F.);
#5713 = ORIENTED_EDGE('',*,*,#5231,.F.);
#5714 = ORIENTED_EDGE('',*,*,#5207,.F.);
#5715 = ORIENTED_EDGE('',*,*,#5716,.T.);
#5716 = EDGE_CURVE('',#5200,#4980,#5717,.T.);
#5717 = LINE('',#5718,#5719);
#5718 = CARTESIAN_POINT('',(-119.3,96.3,-1.));
#5719 = VECTOR('',#5720,1.);
#5720 = DIRECTION('',(0.,0.,1.));
#5721 = ORIENTED_EDGE('',*,*,#4979,.F.);
#5722 = PLANE('',#5723);
#5723 = AXIS2_PLACEMENT_3D('',#5724,#5725,#5726);
#5724 = CARTESIAN_POINT('',(-119.3,83.7,-1.));
#5725 = DIRECTION('',(1.,0.,0.));
#5726 = DIRECTION('',(0.,0.,1.));
#5727 = ADVANCED_FACE('',(#5728),#5739,.F.);
#5728 = FACE_BOUND('',#5729,.F.);
#5729 = EDGE_LOOP('',(#5730,#5736,#5737,#5738));
#5730 = ORIENTED_EDGE('',*,*,#5731,.F.);
#5731 = EDGE_CURVE('',#5192,#4988,#5732,.T.);
#5732 = LINE('',#5733,#5734);
#5733 = CARTESIAN_POINT('',(-110.7,96.3,-1.));
#5734 = VECTOR('',#5735,1.);
#5735 = DIRECTION('',(0.,0.,1.));
#5736 = ORIENTED_EDGE('',*,*,#5199,.F.);
#5737 = ORIENTED_EDGE('',*,*,#5716,.T.);
#5738 = ORIENTED_EDGE('',*,*,#4987,.F.);
#5739 = PLANE('',#5740);
#5740 = AXIS2_PLACEMENT_3D('',#5741,#5742,#5743);
#5741 = CARTESIAN_POINT('',(-119.3,96.3,-1.));
#5742 = DIRECTION('',(0.,1.,0.));
#5743 = DIRECTION('',(0.,0.,1.));
#5744 = ADVANCED_FACE('',(#5745),#5752,.F.);
#5745 = FACE_BOUND('',#5746,.F.);
#5746 = EDGE_LOOP('',(#5747,#5748,#5749,#5750,#5751));
#5747 = ORIENTED_EDGE('',*,*,#5691,.F.);
#5748 = ORIENTED_EDGE('',*,*,#5247,.F.);
#5749 = ORIENTED_EDGE('',*,*,#5191,.F.);
#5750 = ORIENTED_EDGE('',*,*,#5731,.T.);
#5751 = ORIENTED_EDGE('',*,*,#4995,.F.);
#5752 = PLANE('',#5753);
#5753 = AXIS2_PLACEMENT_3D('',#5754,#5755,#5756);
#5754 = CARTESIAN_POINT('',(-110.7,83.7,-1.));
#5755 = DIRECTION('',(1.,0.,0.));
#5756 = DIRECTION('',(0.,0.,1.));
#5757 = ADVANCED_FACE('',(#5758),#5783,.F.);
#5758 = FACE_BOUND('',#5759,.F.);
#5759 = EDGE_LOOP('',(#5760,#5768,#5769,#5777));
#5760 = ORIENTED_EDGE('',*,*,#5761,.F.);
#5761 = EDGE_CURVE('',#5049,#5762,#5764,.T.);
#5762 = VERTEX_POINT('',#5763);
#5763 = CARTESIAN_POINT('',(-40.20285622446,50.283552409764,26.));
#5764 = LINE('',#5765,#5766);
#5765 = CARTESIAN_POINT('',(-40.20285622446,50.283552409764,3.8));
#5766 = VECTOR('',#5767,1.);
#5767 = DIRECTION('',(0.,0.,1.));
#5768 = ORIENTED_EDGE('',*,*,#5048,.T.);
#5769 = ORIENTED_EDGE('',*,*,#5770,.T.);
#5770 = EDGE_CURVE('',#5051,#5771,#5773,.T.);
#5771 = VERTEX_POINT('',#5772);
#5772 = CARTESIAN_POINT('',(-33.3959853028,33.620224163105,26.));
#5773 = LINE('',#5774,#5775);
#5774 = CARTESIAN_POINT('',(-33.3959853028,33.620224163105,3.8));
#5775 = VECTOR('',#5776,1.);
#5776 = DIRECTION('',(0.,0.,1.));
#5777 = ORIENTED_EDGE('',*,*,#5778,.T.);
#5778 = EDGE_CURVE('',#5771,#5762,#5779,.T.);
#5779 = LINE('',#5780,#5781);
#5780 = CARTESIAN_POINT('',(-33.3959853028,33.620224163105,26.));
#5781 = VECTOR('',#5782,1.);
#5782 = DIRECTION('',(-0.378159495647,0.925740458148,0.));
#5783 = PLANE('',#5784);
#5784 = AXIS2_PLACEMENT_3D('',#5785,#5786,#5787);
#5785 = CARTESIAN_POINT('',(-33.3959853028,33.620224163105,3.8));
#5786 = DIRECTION('',(-0.925740458148,-0.378159495647,0.));
#5787 = DIRECTION('',(0.,0.,1.));
#5788 = ADVANCED_FACE('',(#5789),#5807,.T.);
#5789 = FACE_BOUND('',#5790,.T.);
#5790 = EDGE_LOOP('',(#5791,#5792,#5793,#5801));
#5791 = ORIENTED_EDGE('',*,*,#5761,.F.);
#5792 = ORIENTED_EDGE('',*,*,#5074,.T.);
#5793 = ORIENTED_EDGE('',*,*,#5794,.T.);
#5794 = EDGE_CURVE('',#5067,#5795,#5797,.T.);
#5795 = VERTEX_POINT('',#5796);
#5796 = CARTESIAN_POINT('',(-51.31174172223,45.745638461995,26.));
#5797 = LINE('',#5798,#5799);
#5798 = CARTESIAN_POINT('',(-51.31174172223,45.745638461995,3.8));
#5799 = VECTOR('',#5800,1.);
#5800 = DIRECTION('',(0.,0.,1.));
#5801 = ORIENTED_EDGE('',*,*,#5802,.F.);
#5802 = EDGE_CURVE('',#5762,#5795,#5803,.T.);
#5803 = LINE('',#5804,#5805);
#5804 = CARTESIAN_POINT('',(-40.20285622446,50.283552409764,26.));
#5805 = VECTOR('',#5806,1.);
#5806 = DIRECTION('',(-0.925740458148,-0.378159495647,0.));
#5807 = PLANE('',#5808);
#5808 = AXIS2_PLACEMENT_3D('',#5809,#5810,#5811);
#5809 = CARTESIAN_POINT('',(-40.20285622446,50.283552409764,3.8));
#5810 = DIRECTION('',(-0.378159495647,0.925740458148,0.));
#5811 = DIRECTION('',(0.,0.,1.));
#5812 = ADVANCED_FACE('',(#5813),#5831,.T.);
#5813 = FACE_BOUND('',#5814,.T.);
#5814 = EDGE_LOOP('',(#5815,#5816,#5817,#5825));
#5815 = ORIENTED_EDGE('',*,*,#5794,.F.);
#5816 = ORIENTED_EDGE('',*,*,#5066,.T.);
#5817 = ORIENTED_EDGE('',*,*,#5818,.T.);
#5818 = EDGE_CURVE('',#5059,#5819,#5821,.T.);
#5819 = VERTEX_POINT('',#5820);
#5820 = CARTESIAN_POINT('',(-44.50487080057,29.082310215335,26.));
#5821 = LINE('',#5822,#5823);
#5822 = CARTESIAN_POINT('',(-44.50487080057,29.082310215335,3.8));
#5823 = VECTOR('',#5824,1.);
#5824 = DIRECTION('',(0.,0.,1.));
#5825 = ORIENTED_EDGE('',*,*,#5826,.T.);
#5826 = EDGE_CURVE('',#5819,#5795,#5827,.T.);
#5827 = LINE('',#5828,#5829);
#5828 = CARTESIAN_POINT('',(-44.50487080057,29.082310215335,26.));
#5829 = VECTOR('',#5830,1.);
#5830 = DIRECTION('',(-0.378159495647,0.925740458148,0.));
#5831 = PLANE('',#5832);
#5832 = AXIS2_PLACEMENT_3D('',#5833,#5834,#5835);
#5833 = CARTESIAN_POINT('',(-44.50487080057,29.082310215335,3.8));
#5834 = DIRECTION('',(-0.925740458148,-0.378159495647,0.));
#5835 = DIRECTION('',(0.,0.,1.));
#5836 = ADVANCED_FACE('',(#5837),#5848,.F.);
#5837 = FACE_BOUND('',#5838,.F.);
#5838 = EDGE_LOOP('',(#5839,#5840,#5841,#5842));
#5839 = ORIENTED_EDGE('',*,*,#5770,.F.);
#5840 = ORIENTED_EDGE('',*,*,#5058,.T.);
#5841 = ORIENTED_EDGE('',*,*,#5818,.T.);
#5842 = ORIENTED_EDGE('',*,*,#5843,.F.);
#5843 = EDGE_CURVE('',#5771,#5819,#5844,.T.);
#5844 = LINE('',#5845,#5846);
#5845 = CARTESIAN_POINT('',(-33.3959853028,33.620224163105,26.));
#5846 = VECTOR('',#5847,1.);
#5847 = DIRECTION('',(-0.925740458148,-0.378159495647,0.));
#5848 = PLANE('',#5849);
#5849 = AXIS2_PLACEMENT_3D('',#5850,#5851,#5852);
#5850 = CARTESIAN_POINT('',(-33.3959853028,33.620224163105,3.8));
#5851 = DIRECTION('',(-0.378159495647,0.925740458148,0.));
#5852 = DIRECTION('',(0.,0.,1.));
#5853 = ADVANCED_FACE('',(#5854),#5861,.F.);
#5854 = FACE_BOUND('',#5855,.F.);
#5855 = EDGE_LOOP('',(#5856,#5857,#5858,#5859,#5860));
#5856 = ORIENTED_EDGE('',*,*,#5121,.T.);
#5857 = ORIENTED_EDGE('',*,*,#5151,.T.);
#5858 = ORIENTED_EDGE('',*,*,#5175,.T.);
#5859 = ORIENTED_EDGE('',*,*,#5254,.T.);
#5860 = ORIENTED_EDGE('',*,*,#5097,.T.);
#5861 = PLANE('',#5862);
#5862 = AXIS2_PLACEMENT_3D('',#5863,#5864,#5865);
#5863 = CARTESIAN_POINT('',(-89.6,90.,9.343075305071));
#5864 = DIRECTION('',(1.,0.,0.));
#5865 = DIRECTION('',(0.,0.,1.));
#5866 = ADVANCED_FACE('',(#5867,#5870),#5881,.T.);
#5867 = FACE_BOUND('',#5868,.T.);
#5868 = EDGE_LOOP('',(#5869));
#5869 = ORIENTED_EDGE('',*,*,#5447,.T.);
#5870 = FACE_BOUND('',#5871,.T.);
#5871 = EDGE_LOOP('',(#5872));
#5872 = ORIENTED_EDGE('',*,*,#5873,.F.);
#5873 = EDGE_CURVE('',#5874,#5874,#5876,.T.);
#5874 = VERTEX_POINT('',#5875);
#5875 = CARTESIAN_POINT('',(12.5,-64.,19.));
#5876 = CIRCLE('',#5877,12.5);
#5877 = AXIS2_PLACEMENT_3D('',#5878,#5879,#5880);
#5878 = CARTESIAN_POINT('',(0.,-64.,19.));
#5879 = DIRECTION('',(0.,0.,1.));
#5880 = DIRECTION('',(1.,0.,0.));
#5881 = PLANE('',#5882);
#5882 = AXIS2_PLACEMENT_3D('',#5883,#5884,#5885);
#5883 = CARTESIAN_POINT('',(0.,-64.,19.));
#5884 = DIRECTION('',(0.,0.,1.));
#5885 = DIRECTION('',(1.,0.,0.));
#5886 = ADVANCED_FACE('',(#5887),#5893,.T.);
#5887 = FACE_BOUND('',#5888,.T.);
#5888 = EDGE_LOOP('',(#5889,#5890,#5891,#5892));
#5889 = ORIENTED_EDGE('',*,*,#5843,.F.);
#5890 = ORIENTED_EDGE('',*,*,#5778,.T.);
#5891 = ORIENTED_EDGE('',*,*,#5802,.T.);
#5892 = ORIENTED_EDGE('',*,*,#5826,.F.);
#5893 = PLANE('',#5894);
#5894 = AXIS2_PLACEMENT_3D('',#5895,#5896,#5897);
#5895 = CARTESIAN_POINT('',(-33.3959853028,33.620224163105,26.));
#5896 = DIRECTION('',(0.,0.,1.));
#5897 = DIRECTION('',(-0.378159495647,0.925740458148,0.));
#5898 = ADVANCED_FACE('',(#5899),#5918,.T.);
#5899 = FACE_BOUND('',#5900,.T.);
#5900 = EDGE_LOOP('',(#5901,#5910,#5916,#5917));
#5901 = ORIENTED_EDGE('',*,*,#5902,.F.);
#5902 = EDGE_CURVE('',#5903,#5903,#5905,.T.);
#5903 = VERTEX_POINT('',#5904);
#5904 = CARTESIAN_POINT('',(12.5,-64.,23.));
#5905 = CIRCLE('',#5906,12.5);
#5906 = AXIS2_PLACEMENT_3D('',#5907,#5908,#5909);
#5907 = CARTESIAN_POINT('',(0.,-64.,23.));
#5908 = DIRECTION('',(0.,0.,1.));
#5909 = DIRECTION('',(1.,0.,0.));
#5910 = ORIENTED_EDGE('',*,*,#5911,.F.);
#5911 = EDGE_CURVE('',#5874,#5903,#5912,.T.);
#5912 = LINE('',#5913,#5914);
#5913 = CARTESIAN_POINT('',(12.5,-64.,19.));
#5914 = VECTOR('',#5915,1.);
#5915 = DIRECTION('',(0.,0.,1.));
#5916 = ORIENTED_EDGE('',*,*,#5873,.T.);
#5917 = ORIENTED_EDGE('',*,*,#5911,.T.);
#5918 = CYLINDRICAL_SURFACE('',#5919,12.5);
#5919 = AXIS2_PLACEMENT_3D('',#5920,#5921,#5922);
#5920 = CARTESIAN_POINT('',(0.,-64.,19.));
#5921 = DIRECTION('',(0.,0.,1.));
#5922 = DIRECTION('',(1.,0.,0.));
#5923 = ADVANCED_FACE('',(#5924),#5927,.T.);
#5924 = FACE_BOUND('',#5925,.T.);
#5925 = EDGE_LOOP('',(#5926));
#5926 = ORIENTED_EDGE('',*,*,#5902,.T.);
#5927 = PLANE('',#5928);
#5928 = AXIS2_PLACEMENT_3D('',#5929,#5930,#5931);
#5929 = CARTESIAN_POINT('',(0.,-64.,23.));
#5930 = DIRECTION('',(0.,0.,1.));
#5931 = DIRECTION('',(1.,0.,0.));
#5932 = ( GEOMETRIC_REPRESENTATION_CONTEXT(3) 
GLOBAL_UNCERTAINTY_ASSIGNED_CONTEXT((#5936)) 
GLOBAL_UNIT_ASSIGNED_CONTEXT((#5933,#5934,#5935)) REPRESENTATION_CONTEXT
('Context #1','3D Context with UNIT and UNCERTAINTY') );
#5933 = ( LENGTH_UNIT() NAMED_UNIT(*) SI_UNIT(.MILLI.,.METRE.) );
#5934 = ( NAMED_UNIT(*) PLANE_ANGLE_UNIT() SI_UNIT($,.RADIAN.) );
#5935 = ( NAMED_UNIT(*) SI_UNIT($,.STERADIAN.) SOLID_ANGLE_UNIT() );
#5936 = UNCERTAINTY_MEASURE_WITH_UNIT(LENGTH_MEASURE(1.E-07),#5933,
  'distance_accuracy_value','confusion accuracy');
#5937 = PRODUCT_RELATED_PRODUCT_CATEGORY('part',$,(#7));
ENDSEC;
END-ISO-10303-21;
