ISO-10303-21;
HEADER;
FILE_DESCRIPTION(('FreeCAD Model'),'2;1');
FILE_NAME('Open CASCADE Shape Model','2026-09-20T14:47:09',('FreeCAD'),(
    'FreeCAD'),'Open CASCADE STEP processor 7.8','FreeCAD','Unknown');
FILE_SCHEMA(('AUTOMOTIVE_DESIGN { 1 0 10303 214 1 1 1 1 }'));
ENDSEC;
DATA;
#1 = APPLICATION_PROTOCOL_DEFINITION('international standard',
  'automotive_design',2000,#2);
#2 = APPLICATION_CONTEXT(
  'core data for automotive mechanical design processes');
#3 = SHAPE_DEFINITION_REPRESENTATION(#4,#10);
#4 = PRODUCT_DEFINITION_SHAPE('','',#5);
#5 = PRODUCT_DEFINITION('design','',#6,#9);
#6 = PRODUCT_DEFINITION_FORMATION('','',#7);
#7 = PRODUCT('Open CASCADE STEP translator 7.8 16',
  'Open CASCADE STEP translator 7.8 16','',(#8));
#8 = PRODUCT_CONTEXT('',#2,'mechanical');
#9 = PRODUCT_DEFINITION_CONTEXT('part definition',#2,'design');
#10 = ADVANCED_BREP_SHAPE_REPRESENTATION('',(#11,#15),#4851);
#11 = AXIS2_PLACEMENT_3D('',#12,#13,#14);
#12 = CARTESIAN_POINT('',(0.,0.,0.));
#13 = DIRECTION('',(0.,0.,1.));
#14 = DIRECTION('',(1.,0.,-0.));
#15 = MANIFOLD_SOLID_BREP('',#16);
#16 = CLOSED_SHELL('',(#17,#57,#88,#119,#150,#181,#212,#243,#274,#305,
    #336,#367,#398,#429,#460,#491,#522,#553,#584,#615,#646,#677,#708,
    #739,#770,#801,#832,#863,#894,#925,#956,#987,#1018,#1049,#1080,#1111
    ,#1142,#1173,#1204,#1235,#1266,#1297,#1328,#1359,#1390,#1421,#1452,
    #1483,#1514,#1545,#1576,#1607,#1638,#1669,#1700,#1731,#1762,#1793,
    #1824,#1855,#1886,#1917,#1948,#1979,#2010,#2041,#2072,#2103,#2134,
    #2165,#2196,#2227,#2258,#2289,#2320,#2351,#2382,#2413,#2444,#2475,
    #2506,#2537,#2568,#2599,#2630,#2661,#2692,#2723,#2754,#2785,#2816,
    #2847,#2878,#2909,#2940,#2971,#3002,#3033,#3064,#3095,#3126,#3157,
    #3188,#3219,#3250,#3281,#3312,#3343,#3374,#3405,#3436,#3467,#3498,
    #3529,#3560,#3591,#3622,#3653,#3684,#3715,#3746,#3777,#3808,#3839,
    #3870,#3901,#3932,#3963,#3994,#4025,#4056,#4087,#4118,#4149,#4180,
    #4211,#4242,#4273,#4304,#4335,#4366,#4397,#4428,#4459,#4490,#4521,
    #4543,#4697));
#17 = ADVANCED_FACE('',(#18),#52,.F.);
#18 = FACE_BOUND('',#19,.F.);
#19 = EDGE_LOOP('',(#20,#30,#38,#46));
#20 = ORIENTED_EDGE('',*,*,#21,.T.);
#21 = EDGE_CURVE('',#22,#24,#26,.T.);
#22 = VERTEX_POINT('',#23);
#23 = CARTESIAN_POINT('',(291.99858234363,-88.71595243757,0.));
#24 = VERTEX_POINT('',#25);
#25 = CARTESIAN_POINT('',(291.99858234363,-88.71595243757,1.2));
#26 = LINE('',#27,#28);
#27 = CARTESIAN_POINT('',(291.99858234363,-88.71595243757,0.));
#28 = VECTOR('',#29,1.);
#29 = DIRECTION('',(0.,0.,1.));
#30 = ORIENTED_EDGE('',*,*,#31,.T.);
#31 = EDGE_CURVE('',#24,#32,#34,.T.);
#32 = VERTEX_POINT('',#33);
#33 = CARTESIAN_POINT('',(292.71565414309,-86.32055448836,1.2));
#34 = LINE('',#35,#36);
#35 = CARTESIAN_POINT('',(291.99858234363,-88.71595243757,1.2));
#36 = VECTOR('',#37,1.);
#37 = DIRECTION('',(0.286780010306,0.957996464341,0.));
#38 = ORIENTED_EDGE('',*,*,#39,.F.);
#39 = EDGE_CURVE('',#40,#32,#42,.T.);
#40 = VERTEX_POINT('',#41);
#41 = CARTESIAN_POINT('',(292.71565414309,-86.32055448836,0.));
#42 = LINE('',#43,#44);
#43 = CARTESIAN_POINT('',(292.71565414309,-86.32055448836,0.));
#44 = VECTOR('',#45,1.);
#45 = DIRECTION('',(0.,0.,1.));
#46 = ORIENTED_EDGE('',*,*,#47,.F.);
#47 = EDGE_CURVE('',#22,#40,#48,.T.);
#48 = LINE('',#49,#50);
#49 = CARTESIAN_POINT('',(291.99858234363,-88.71595243757,0.));
#50 = VECTOR('',#51,1.);
#51 = DIRECTION('',(0.286780010306,0.957996464341,0.));
#52 = PLANE('',#53);
#53 = AXIS2_PLACEMENT_3D('',#54,#55,#56);
#54 = CARTESIAN_POINT('',(291.99858234363,-88.71595243757,0.));
#55 = DIRECTION('',(-0.957996464341,0.286780010306,0.));
#56 = DIRECTION('',(0.286780010306,0.957996464341,0.));
#57 = ADVANCED_FACE('',(#58),#83,.F.);
#58 = FACE_BOUND('',#59,.F.);
#59 = EDGE_LOOP('',(#60,#61,#69,#77));
#60 = ORIENTED_EDGE('',*,*,#39,.T.);
#61 = ORIENTED_EDGE('',*,*,#62,.T.);
#62 = EDGE_CURVE('',#32,#63,#65,.T.);
#63 = VERTEX_POINT('',#64);
#64 = CARTESIAN_POINT('',(293.41307575671,-83.91936178609,1.2));
#65 = LINE('',#66,#67);
#66 = CARTESIAN_POINT('',(292.71565414309,-86.32055448836,1.2));
#67 = VECTOR('',#68,1.);
#68 = DIRECTION('',(0.278921270774,0.960313971943,0.));
#69 = ORIENTED_EDGE('',*,*,#70,.F.);
#70 = EDGE_CURVE('',#71,#63,#73,.T.);
#71 = VERTEX_POINT('',#72);
#72 = CARTESIAN_POINT('',(293.41307575671,-83.91936178609,0.));
#73 = LINE('',#74,#75);
#74 = CARTESIAN_POINT('',(293.41307575671,-83.91936178609,0.));
#75 = VECTOR('',#76,1.);
#76 = DIRECTION('',(0.,0.,1.));
#77 = ORIENTED_EDGE('',*,*,#78,.F.);
#78 = EDGE_CURVE('',#40,#71,#79,.T.);
#79 = LINE('',#80,#81);
#80 = CARTESIAN_POINT('',(292.71565414309,-86.32055448836,0.));
#81 = VECTOR('',#82,1.);
#82 = DIRECTION('',(0.278921270774,0.960313971943,0.));
#83 = PLANE('',#84);
#84 = AXIS2_PLACEMENT_3D('',#85,#86,#87);
#85 = CARTESIAN_POINT('',(292.71565414309,-86.32055448836,0.));
#86 = DIRECTION('',(-0.960313971943,0.278921270774,0.));
#87 = DIRECTION('',(0.278921270774,0.960313971943,0.));
#88 = ADVANCED_FACE('',(#89),#114,.F.);
#89 = FACE_BOUND('',#90,.F.);
#90 = EDGE_LOOP('',(#91,#92,#100,#108));
#91 = ORIENTED_EDGE('',*,*,#70,.T.);
#92 = ORIENTED_EDGE('',*,*,#93,.T.);
#93 = EDGE_CURVE('',#63,#94,#96,.T.);
#94 = VERTEX_POINT('',#95);
#95 = CARTESIAN_POINT('',(294.09080036614,-81.51253552431,1.2));
#96 = LINE('',#97,#98);
#97 = CARTESIAN_POINT('',(293.41307575671,-83.91936178609,1.2));
#98 = VECTOR('',#99,1.);
#99 = DIRECTION('',(0.271043807082,0.962567013066,0.));
#100 = ORIENTED_EDGE('',*,*,#101,.F.);
#101 = EDGE_CURVE('',#102,#94,#104,.T.);
#102 = VERTEX_POINT('',#103);
#103 = CARTESIAN_POINT('',(294.09080036614,-81.51253552431,0.));
#104 = LINE('',#105,#106);
#105 = CARTESIAN_POINT('',(294.09080036614,-81.51253552431,0.));
#106 = VECTOR('',#107,1.);
#107 = DIRECTION('',(0.,0.,1.));
#108 = ORIENTED_EDGE('',*,*,#109,.F.);
#109 = EDGE_CURVE('',#71,#102,#110,.T.);
#110 = LINE('',#111,#112);
#111 = CARTESIAN_POINT('',(293.41307575671,-83.91936178609,0.));
#112 = VECTOR('',#113,1.);
#113 = DIRECTION('',(0.271043807082,0.962567013066,0.));
#114 = PLANE('',#115);
#115 = AXIS2_PLACEMENT_3D('',#116,#117,#118);
#116 = CARTESIAN_POINT('',(293.41307575671,-83.91936178609,0.));
#117 = DIRECTION('',(-0.962567013066,0.271043807082,0.));
#118 = DIRECTION('',(0.271043807082,0.962567013066,0.));
#119 = ADVANCED_FACE('',(#120),#145,.F.);
#120 = FACE_BOUND('',#121,.F.);
#121 = EDGE_LOOP('',(#122,#123,#131,#139));
#122 = ORIENTED_EDGE('',*,*,#101,.T.);
#123 = ORIENTED_EDGE('',*,*,#124,.T.);
#124 = EDGE_CURVE('',#94,#125,#127,.T.);
#125 = VERTEX_POINT('',#126);
#126 = CARTESIAN_POINT('',(294.7487824753,-79.10023727478,1.2));
#127 = LINE('',#128,#129);
#128 = CARTESIAN_POINT('',(294.09080036614,-81.51253552431,1.2));
#129 = VECTOR('',#130,1.);
#130 = DIRECTION('',(0.263148148049,0.96475543646,0.));
#131 = ORIENTED_EDGE('',*,*,#132,.F.);
#132 = EDGE_CURVE('',#133,#125,#135,.T.);
#133 = VERTEX_POINT('',#134);
#134 = CARTESIAN_POINT('',(294.7487824753,-79.10023727478,0.));
#135 = LINE('',#136,#137);
#136 = CARTESIAN_POINT('',(294.7487824753,-79.10023727478,0.));
#137 = VECTOR('',#138,1.);
#138 = DIRECTION('',(0.,0.,1.));
#139 = ORIENTED_EDGE('',*,*,#140,.F.);
#140 = EDGE_CURVE('',#102,#133,#141,.T.);
#141 = LINE('',#142,#143);
#142 = CARTESIAN_POINT('',(294.09080036614,-81.51253552431,0.));
#143 = VECTOR('',#144,1.);
#144 = DIRECTION('',(0.263148148049,0.96475543646,0.));
#145 = PLANE('',#146);
#146 = AXIS2_PLACEMENT_3D('',#147,#148,#149);
#147 = CARTESIAN_POINT('',(294.09080036614,-81.51253552431,0.));
#148 = DIRECTION('',(-0.96475543646,0.263148148049,0.));
#149 = DIRECTION('',(0.263148148049,0.96475543646,0.));
#150 = ADVANCED_FACE('',(#151),#176,.F.);
#151 = FACE_BOUND('',#152,.F.);
#152 = EDGE_LOOP('',(#153,#154,#162,#170));
#153 = ORIENTED_EDGE('',*,*,#132,.T.);
#154 = ORIENTED_EDGE('',*,*,#155,.T.);
#155 = EDGE_CURVE('',#125,#156,#158,.T.);
#156 = VERTEX_POINT('',#157);
#157 = CARTESIAN_POINT('',(295.38697791343,-76.68262897662,1.2));
#158 = LINE('',#159,#160);
#159 = CARTESIAN_POINT('',(294.7487824753,-79.10023727478,1.2));
#160 = VECTOR('',#161,1.);
#161 = DIRECTION('',(0.255234823716,0.966879095215,0.));
#162 = ORIENTED_EDGE('',*,*,#163,.F.);
#163 = EDGE_CURVE('',#164,#156,#166,.T.);
#164 = VERTEX_POINT('',#165);
#165 = CARTESIAN_POINT('',(295.38697791343,-76.68262897662,0.));
#166 = LINE('',#167,#168);
#167 = CARTESIAN_POINT('',(295.38697791343,-76.68262897662,0.));
#168 = VECTOR('',#169,1.);
#169 = DIRECTION('',(0.,0.,1.));
#170 = ORIENTED_EDGE('',*,*,#171,.F.);
#171 = EDGE_CURVE('',#133,#164,#172,.T.);
#172 = LINE('',#173,#174);
#173 = CARTESIAN_POINT('',(294.7487824753,-79.10023727478,0.));
#174 = VECTOR('',#175,1.);
#175 = DIRECTION('',(0.255234823716,0.966879095215,0.));
#176 = PLANE('',#177);
#177 = AXIS2_PLACEMENT_3D('',#178,#179,#180);
#178 = CARTESIAN_POINT('',(294.7487824753,-79.10023727478,0.));
#179 = DIRECTION('',(-0.966879095215,0.255234823716,0.));
#180 = DIRECTION('',(0.255234823716,0.966879095215,0.));
#181 = ADVANCED_FACE('',(#182),#207,.F.);
#182 = FACE_BOUND('',#183,.F.);
#183 = EDGE_LOOP('',(#184,#185,#193,#201));
#184 = ORIENTED_EDGE('',*,*,#163,.T.);
#185 = ORIENTED_EDGE('',*,*,#186,.T.);
#186 = EDGE_CURVE('',#156,#187,#189,.T.);
#187 = VERTEX_POINT('',#188);
#188 = CARTESIAN_POINT('',(296.00534383809,-74.25987292537,1.2));
#189 = LINE('',#190,#191);
#190 = CARTESIAN_POINT('',(295.38697791343,-76.68262897662,1.2));
#191 = VECTOR('',#192,1.);
#192 = DIRECTION('',(0.247304365308,0.968937846768,0.));
#193 = ORIENTED_EDGE('',*,*,#194,.F.);
#194 = EDGE_CURVE('',#195,#187,#197,.T.);
#195 = VERTEX_POINT('',#196);
#196 = CARTESIAN_POINT('',(296.00534383809,-74.25987292537,0.));
#197 = LINE('',#198,#199);
#198 = CARTESIAN_POINT('',(296.00534383809,-74.25987292537,0.));
#199 = VECTOR('',#200,1.);
#200 = DIRECTION('',(0.,0.,1.));
#201 = ORIENTED_EDGE('',*,*,#202,.F.);
#202 = EDGE_CURVE('',#164,#195,#203,.T.);
#203 = LINE('',#204,#205);
#204 = CARTESIAN_POINT('',(295.38697791343,-76.68262897662,0.));
#205 = VECTOR('',#206,1.);
#206 = DIRECTION('',(0.247304365308,0.968937846768,0.));
#207 = PLANE('',#208);
#208 = AXIS2_PLACEMENT_3D('',#209,#210,#211);
#209 = CARTESIAN_POINT('',(295.38697791343,-76.68262897662,0.));
#210 = DIRECTION('',(-0.968937846768,0.247304365308,0.));
#211 = DIRECTION('',(0.247304365308,0.968937846768,0.));
#212 = ADVANCED_FACE('',(#213),#238,.F.);
#213 = FACE_BOUND('',#214,.F.);
#214 = EDGE_LOOP('',(#215,#216,#224,#232));
#215 = ORIENTED_EDGE('',*,*,#194,.T.);
#216 = ORIENTED_EDGE('',*,*,#217,.T.);
#217 = EDGE_CURVE('',#187,#218,#220,.T.);
#218 = VERTEX_POINT('',#219);
#219 = CARTESIAN_POINT('',(296.60383873796,-71.83213176219,1.2));
#220 = LINE('',#221,#222);
#221 = CARTESIAN_POINT('',(296.00534383809,-74.25987292537,1.2));
#222 = VECTOR('',#223,1.);
#223 = DIRECTION('',(0.239357305203,0.970931552915,0.));
#224 = ORIENTED_EDGE('',*,*,#225,.F.);
#225 = EDGE_CURVE('',#226,#218,#228,.T.);
#226 = VERTEX_POINT('',#227);
#227 = CARTESIAN_POINT('',(296.60383873796,-71.83213176219,0.));
#228 = LINE('',#229,#230);
#229 = CARTESIAN_POINT('',(296.60383873796,-71.83213176219,0.));
#230 = VECTOR('',#231,1.);
#231 = DIRECTION('',(0.,0.,1.));
#232 = ORIENTED_EDGE('',*,*,#233,.F.);
#233 = EDGE_CURVE('',#195,#226,#234,.T.);
#234 = LINE('',#235,#236);
#235 = CARTESIAN_POINT('',(296.00534383809,-74.25987292537,0.));
#236 = VECTOR('',#237,1.);
#237 = DIRECTION('',(0.239357305203,0.970931552915,0.));
#238 = PLANE('',#239);
#239 = AXIS2_PLACEMENT_3D('',#240,#241,#242);
#240 = CARTESIAN_POINT('',(296.00534383809,-74.25987292537,0.));
#241 = DIRECTION('',(-0.970931552915,0.239357305203,0.));
#242 = DIRECTION('',(0.239357305203,0.970931552915,0.));
#243 = ADVANCED_FACE('',(#244),#269,.F.);
#244 = FACE_BOUND('',#245,.F.);
#245 = EDGE_LOOP('',(#246,#247,#255,#263));
#246 = ORIENTED_EDGE('',*,*,#225,.T.);
#247 = ORIENTED_EDGE('',*,*,#248,.T.);
#248 = EDGE_CURVE('',#218,#249,#251,.T.);
#249 = VERTEX_POINT('',#250);
#250 = CARTESIAN_POINT('',(297.18242243573,-69.39956846284,1.2));
#251 = LINE('',#252,#253);
#252 = CARTESIAN_POINT('',(296.60383873796,-71.83213176219,1.2));
#253 = VECTOR('',#254,1.);
#254 = DIRECTION('',(0.231394176891,0.972860079817,0.));
#255 = ORIENTED_EDGE('',*,*,#256,.F.);
#256 = EDGE_CURVE('',#257,#249,#259,.T.);
#257 = VERTEX_POINT('',#258);
#258 = CARTESIAN_POINT('',(297.18242243573,-69.39956846284,0.));
#259 = LINE('',#260,#261);
#260 = CARTESIAN_POINT('',(297.18242243573,-69.39956846284,0.));
#261 = VECTOR('',#262,1.);
#262 = DIRECTION('',(0.,0.,1.));
#263 = ORIENTED_EDGE('',*,*,#264,.F.);
#264 = EDGE_CURVE('',#226,#257,#265,.T.);
#265 = LINE('',#266,#267);
#266 = CARTESIAN_POINT('',(296.60383873796,-71.83213176219,0.));
#267 = VECTOR('',#268,1.);
#268 = DIRECTION('',(0.231394176891,0.972860079817,0.));
#269 = PLANE('',#270);
#270 = AXIS2_PLACEMENT_3D('',#271,#272,#273);
#271 = CARTESIAN_POINT('',(296.60383873796,-71.83213176219,0.));
#272 = DIRECTION('',(-0.972860079817,0.231394176891,0.));
#273 = DIRECTION('',(0.231394176891,0.972860079817,0.));
#274 = ADVANCED_FACE('',(#275),#300,.F.);
#275 = FACE_BOUND('',#276,.F.);
#276 = EDGE_LOOP('',(#277,#278,#286,#294));
#277 = ORIENTED_EDGE('',*,*,#256,.T.);
#278 = ORIENTED_EDGE('',*,*,#279,.T.);
#279 = EDGE_CURVE('',#249,#280,#282,.T.);
#280 = VERTEX_POINT('',#281);
#281 = CARTESIAN_POINT('',(297.74105609069,-66.96234632685,1.2));
#282 = LINE('',#283,#284);
#283 = CARTESIAN_POINT('',(297.18242243573,-69.39956846284,1.2));
#284 = VECTOR('',#285,1.);
#285 = DIRECTION('',(0.223415514943,0.97472329801,0.));
#286 = ORIENTED_EDGE('',*,*,#287,.F.);
#287 = EDGE_CURVE('',#288,#280,#290,.T.);
#288 = VERTEX_POINT('',#289);
#289 = CARTESIAN_POINT('',(297.74105609069,-66.96234632685,0.));
#290 = LINE('',#291,#292);
#291 = CARTESIAN_POINT('',(297.74105609069,-66.96234632685,0.));
#292 = VECTOR('',#293,1.);
#293 = DIRECTION('',(0.,0.,1.));
#294 = ORIENTED_EDGE('',*,*,#295,.F.);
#295 = EDGE_CURVE('',#257,#288,#296,.T.);
#296 = LINE('',#297,#298);
#297 = CARTESIAN_POINT('',(297.18242243573,-69.39956846284,0.));
#298 = VECTOR('',#299,1.);
#299 = DIRECTION('',(0.223415514943,0.97472329801,0.));
#300 = PLANE('',#301);
#301 = AXIS2_PLACEMENT_3D('',#302,#303,#304);
#302 = CARTESIAN_POINT('',(297.18242243573,-69.39956846284,0.));
#303 = DIRECTION('',(-0.97472329801,0.223415514943,0.));
#304 = DIRECTION('',(0.223415514943,0.97472329801,0.));
#305 = ADVANCED_FACE('',(#306),#331,.F.);
#306 = FACE_BOUND('',#307,.F.);
#307 = EDGE_LOOP('',(#308,#309,#317,#325));
#308 = ORIENTED_EDGE('',*,*,#287,.T.);
#309 = ORIENTED_EDGE('',*,*,#310,.T.);
#310 = EDGE_CURVE('',#280,#311,#313,.T.);
#311 = VERTEX_POINT('',#312);
#312 = CARTESIAN_POINT('',(298.27970220142,-64.52062896647,1.2));
#313 = LINE('',#314,#315);
#314 = CARTESIAN_POINT('',(297.74105609069,-66.96234632685,1.2));
#315 = VECTOR('',#316,1.);
#316 = DIRECTION('',(0.215421854971,0.976521082415,0.));
#317 = ORIENTED_EDGE('',*,*,#318,.F.);
#318 = EDGE_CURVE('',#319,#311,#321,.T.);
#319 = VERTEX_POINT('',#320);
#320 = CARTESIAN_POINT('',(298.27970220142,-64.52062896647,0.));
#321 = LINE('',#322,#323);
#322 = CARTESIAN_POINT('',(298.27970220142,-64.52062896647,0.));
#323 = VECTOR('',#324,1.);
#324 = DIRECTION('',(0.,0.,1.));
#325 = ORIENTED_EDGE('',*,*,#326,.F.);
#326 = EDGE_CURVE('',#288,#319,#327,.T.);
#327 = LINE('',#328,#329);
#328 = CARTESIAN_POINT('',(297.74105609069,-66.96234632685,0.));
#329 = VECTOR('',#330,1.);
#330 = DIRECTION('',(0.215421854971,0.976521082415,0.));
#331 = PLANE('',#332);
#332 = AXIS2_PLACEMENT_3D('',#333,#334,#335);
#333 = CARTESIAN_POINT('',(297.74105609069,-66.96234632685,0.));
#334 = DIRECTION('',(-0.976521082415,0.215421854971,0.));
#335 = DIRECTION('',(0.215421854971,0.976521082415,0.));
#336 = ADVANCED_FACE('',(#337),#362,.F.);
#337 = FACE_BOUND('',#338,.F.);
#338 = EDGE_LOOP('',(#339,#340,#348,#356));
#339 = ORIENTED_EDGE('',*,*,#318,.T.);
#340 = ORIENTED_EDGE('',*,*,#341,.T.);
#341 = EDGE_CURVE('',#311,#342,#344,.T.);
#342 = VERTEX_POINT('',#343);
#343 = CARTESIAN_POINT('',(298.79832460827,-62.07458029571,1.2));
#344 = LINE('',#345,#346);
#345 = CARTESIAN_POINT('',(298.27970220142,-64.52062896647,1.2));
#346 = VECTOR('',#347,1.);
#347 = DIRECTION('',(0.207413733595,0.978253312346,0.));
#348 = ORIENTED_EDGE('',*,*,#349,.F.);
#349 = EDGE_CURVE('',#350,#342,#352,.T.);
#350 = VERTEX_POINT('',#351);
#351 = CARTESIAN_POINT('',(298.79832460827,-62.07458029571,0.));
#352 = LINE('',#353,#354);
#353 = CARTESIAN_POINT('',(298.79832460827,-62.07458029571,0.));
#354 = VECTOR('',#355,1.);
#355 = DIRECTION('',(0.,0.,1.));
#356 = ORIENTED_EDGE('',*,*,#357,.F.);
#357 = EDGE_CURVE('',#319,#350,#358,.T.);
#358 = LINE('',#359,#360);
#359 = CARTESIAN_POINT('',(298.27970220142,-64.52062896647,0.));
#360 = VECTOR('',#361,1.);
#361 = DIRECTION('',(0.207413733595,0.978253312346,0.));
#362 = PLANE('',#363);
#363 = AXIS2_PLACEMENT_3D('',#364,#365,#366);
#364 = CARTESIAN_POINT('',(298.27970220142,-64.52062896647,0.));
#365 = DIRECTION('',(-0.978253312346,0.207413733595,0.));
#366 = DIRECTION('',(0.207413733595,0.978253312346,0.));
#367 = ADVANCED_FACE('',(#368),#393,.F.);
#368 = FACE_BOUND('',#369,.F.);
#369 = EDGE_LOOP('',(#370,#371,#379,#387));
#370 = ORIENTED_EDGE('',*,*,#349,.T.);
#371 = ORIENTED_EDGE('',*,*,#372,.T.);
#372 = EDGE_CURVE('',#342,#373,#375,.T.);
#373 = VERTEX_POINT('',#374);
#374 = CARTESIAN_POINT('',(299.29688849579,-59.62436451936,1.2));
#375 = LINE('',#376,#377);
#376 = CARTESIAN_POINT('',(298.79832460827,-62.07458029571,1.2));
#377 = VECTOR('',#378,1.);
#378 = DIRECTION('',(0.199391688404,0.979919871518,0.));
#379 = ORIENTED_EDGE('',*,*,#380,.F.);
#380 = EDGE_CURVE('',#381,#373,#383,.T.);
#381 = VERTEX_POINT('',#382);
#382 = CARTESIAN_POINT('',(299.29688849579,-59.62436451936,0.));
#383 = LINE('',#384,#385);
#384 = CARTESIAN_POINT('',(299.29688849579,-59.62436451936,0.));
#385 = VECTOR('',#386,1.);
#386 = DIRECTION('',(0.,0.,1.));
#387 = ORIENTED_EDGE('',*,*,#388,.F.);
#388 = EDGE_CURVE('',#350,#381,#389,.T.);
#389 = LINE('',#390,#391);
#390 = CARTESIAN_POINT('',(298.79832460827,-62.07458029571,0.));
#391 = VECTOR('',#392,1.);
#392 = DIRECTION('',(0.199391688404,0.979919871518,0.));
#393 = PLANE('',#394);
#394 = AXIS2_PLACEMENT_3D('',#395,#396,#397);
#395 = CARTESIAN_POINT('',(298.79832460827,-62.07458029571,0.));
#396 = DIRECTION('',(-0.979919871518,0.199391688404,0.));
#397 = DIRECTION('',(0.199391688404,0.979919871518,0.));
#398 = ADVANCED_FACE('',(#399),#424,.F.);
#399 = FACE_BOUND('',#400,.F.);
#400 = EDGE_LOOP('',(#401,#402,#410,#418));
#401 = ORIENTED_EDGE('',*,*,#380,.T.);
#402 = ORIENTED_EDGE('',*,*,#403,.T.);
#403 = EDGE_CURVE('',#373,#404,#406,.T.);
#404 = VERTEX_POINT('',#405);
#405 = CARTESIAN_POINT('',(299.77536039507,-57.17014612194,1.2));
#406 = LINE('',#407,#408);
#407 = CARTESIAN_POINT('',(299.29688849579,-59.62436451936,1.2));
#408 = VECTOR('',#409,1.);
#409 = DIRECTION('',(0.191356257924,0.981520648053,0.));
#410 = ORIENTED_EDGE('',*,*,#411,.F.);
#411 = EDGE_CURVE('',#412,#404,#414,.T.);
#412 = VERTEX_POINT('',#413);
#413 = CARTESIAN_POINT('',(299.77536039507,-57.17014612194,0.));
#414 = LINE('',#415,#416);
#415 = CARTESIAN_POINT('',(299.77536039507,-57.17014612194,0.));
#416 = VECTOR('',#417,1.);
#417 = DIRECTION('',(0.,0.,1.));
#418 = ORIENTED_EDGE('',*,*,#419,.F.);
#419 = EDGE_CURVE('',#381,#412,#420,.T.);
#420 = LINE('',#421,#422);
#421 = CARTESIAN_POINT('',(299.29688849579,-59.62436451936,0.));
#422 = VECTOR('',#423,1.);
#423 = DIRECTION('',(0.191356257924,0.981520648053,0.));
#424 = PLANE('',#425);
#425 = AXIS2_PLACEMENT_3D('',#426,#427,#428);
#426 = CARTESIAN_POINT('',(299.29688849579,-59.62436451936,0.));
#427 = DIRECTION('',(-0.981520648053,0.191356257924,0.));
#428 = DIRECTION('',(0.191356257924,0.981520648053,0.));
#429 = ADVANCED_FACE('',(#430),#455,.F.);
#430 = FACE_BOUND('',#431,.F.);
#431 = EDGE_LOOP('',(#432,#433,#441,#449));
#432 = ORIENTED_EDGE('',*,*,#411,.T.);
#433 = ORIENTED_EDGE('',*,*,#434,.T.);
#434 = EDGE_CURVE('',#404,#435,#437,.T.);
#435 = VERTEX_POINT('',#436);
#436 = CARTESIAN_POINT('',(300.23370818599,-54.71208985668,1.2));
#437 = LINE('',#438,#439);
#438 = CARTESIAN_POINT('',(299.77536039507,-57.17014612194,1.2));
#439 = VECTOR('',#440,1.);
#440 = DIRECTION('',(0.183307981578,0.983055534489,0.));
#441 = ORIENTED_EDGE('',*,*,#442,.F.);
#442 = EDGE_CURVE('',#443,#435,#445,.T.);
#443 = VERTEX_POINT('',#444);
#444 = CARTESIAN_POINT('',(300.23370818599,-54.71208985668,0.));
#445 = LINE('',#446,#447);
#446 = CARTESIAN_POINT('',(300.23370818599,-54.71208985668,0.));
#447 = VECTOR('',#448,1.);
#448 = DIRECTION('',(0.,0.,1.));
#449 = ORIENTED_EDGE('',*,*,#450,.F.);
#450 = EDGE_CURVE('',#412,#443,#451,.T.);
#451 = LINE('',#452,#453);
#452 = CARTESIAN_POINT('',(299.77536039507,-57.17014612194,0.));
#453 = VECTOR('',#454,1.);
#454 = DIRECTION('',(0.183307981578,0.983055534489,0.));
#455 = PLANE('',#456);
#456 = AXIS2_PLACEMENT_3D('',#457,#458,#459);
#457 = CARTESIAN_POINT('',(299.77536039507,-57.17014612194,0.));
#458 = DIRECTION('',(-0.983055534489,0.183307981578,0.));
#459 = DIRECTION('',(0.183307981578,0.983055534489,0.));
#460 = ADVANCED_FACE('',(#461),#486,.F.);
#461 = FACE_BOUND('',#462,.F.);
#462 = EDGE_LOOP('',(#463,#464,#472,#480));
#463 = ORIENTED_EDGE('',*,*,#442,.T.);
#464 = ORIENTED_EDGE('',*,*,#465,.T.);
#465 = EDGE_CURVE('',#435,#466,#468,.T.);
#466 = VERTEX_POINT('',#467);
#467 = CARTESIAN_POINT('',(300.67190109938,-52.25036073445,1.2));
#468 = LINE('',#469,#470);
#469 = CARTESIAN_POINT('',(300.23370818599,-54.71208985668,1.2));
#470 = VECTOR('',#471,1.);
#471 = DIRECTION('',(0.175247399652,0.98452442779,0.));
#472 = ORIENTED_EDGE('',*,*,#473,.F.);
#473 = EDGE_CURVE('',#474,#466,#476,.T.);
#474 = VERTEX_POINT('',#475);
#475 = CARTESIAN_POINT('',(300.67190109938,-52.25036073445,0.));
#476 = LINE('',#477,#478);
#477 = CARTESIAN_POINT('',(300.67190109938,-52.25036073445,0.));
#478 = VECTOR('',#479,1.);
#479 = DIRECTION('',(0.,0.,1.));
#480 = ORIENTED_EDGE('',*,*,#481,.F.);
#481 = EDGE_CURVE('',#443,#474,#482,.T.);
#482 = LINE('',#483,#484);
#483 = CARTESIAN_POINT('',(300.23370818599,-54.71208985668,0.));
#484 = VECTOR('',#485,1.);
#485 = DIRECTION('',(0.175247399652,0.98452442779,0.));
#486 = PLANE('',#487);
#487 = AXIS2_PLACEMENT_3D('',#488,#489,#490);
#488 = CARTESIAN_POINT('',(300.23370818599,-54.71208985668,0.));
#489 = DIRECTION('',(-0.98452442779,0.175247399652,0.));
#490 = DIRECTION('',(0.175247399652,0.98452442779,0.));
#491 = ADVANCED_FACE('',(#492),#517,.F.);
#492 = FACE_BOUND('',#493,.F.);
#493 = EDGE_LOOP('',(#494,#495,#503,#511));
#494 = ORIENTED_EDGE('',*,*,#473,.T.);
#495 = ORIENTED_EDGE('',*,*,#496,.T.);
#496 = EDGE_CURVE('',#466,#497,#499,.T.);
#497 = VERTEX_POINT('',#498);
#498 = CARTESIAN_POINT('',(301.08990971908,-49.78512401265,1.2));
#499 = LINE('',#500,#501);
#500 = CARTESIAN_POINT('',(300.67190109938,-52.25036073445,1.2));
#501 = VECTOR('',#502,1.);
#502 = DIRECTION('',(0.167175053257,0.985927229347,0.));
#503 = ORIENTED_EDGE('',*,*,#504,.F.);
#504 = EDGE_CURVE('',#505,#497,#507,.T.);
#505 = VERTEX_POINT('',#506);
#506 = CARTESIAN_POINT('',(301.08990971908,-49.78512401265,0.));
#507 = LINE('',#508,#509);
#508 = CARTESIAN_POINT('',(301.08990971908,-49.78512401265,0.));
#509 = VECTOR('',#510,1.);
#510 = DIRECTION('',(0.,0.,1.));
#511 = ORIENTED_EDGE('',*,*,#512,.F.);
#512 = EDGE_CURVE('',#474,#505,#513,.T.);
#513 = LINE('',#514,#515);
#514 = CARTESIAN_POINT('',(300.67190109938,-52.25036073445,0.));
#515 = VECTOR('',#516,1.);
#516 = DIRECTION('',(0.167175053257,0.985927229347,0.));
#517 = PLANE('',#518);
#518 = AXIS2_PLACEMENT_3D('',#519,#520,#521);
#519 = CARTESIAN_POINT('',(300.67190109938,-52.25036073445,0.));
#520 = DIRECTION('',(-0.985927229347,0.167175053257,0.));
#521 = DIRECTION('',(0.167175053257,0.985927229347,0.));
#522 = ADVANCED_FACE('',(#523),#548,.F.);
#523 = FACE_BOUND('',#524,.F.);
#524 = EDGE_LOOP('',(#525,#526,#534,#542));
#525 = ORIENTED_EDGE('',*,*,#504,.T.);
#526 = ORIENTED_EDGE('',*,*,#527,.T.);
#527 = EDGE_CURVE('',#497,#528,#530,.T.);
#528 = VERTEX_POINT('',#529);
#529 = CARTESIAN_POINT('',(301.48770598389,-47.31654518419,1.2));
#530 = LINE('',#531,#532);
#531 = CARTESIAN_POINT('',(301.08990971908,-49.78512401265,1.2));
#532 = VECTOR('',#533,1.);
#533 = DIRECTION('',(0.159091484297,0.98726384499,0.));
#534 = ORIENTED_EDGE('',*,*,#535,.F.);
#535 = EDGE_CURVE('',#536,#528,#538,.T.);
#536 = VERTEX_POINT('',#537);
#537 = CARTESIAN_POINT('',(301.48770598389,-47.31654518419,0.));
#538 = LINE('',#539,#540);
#539 = CARTESIAN_POINT('',(301.48770598389,-47.31654518419,0.));
#540 = VECTOR('',#541,1.);
#541 = DIRECTION('',(0.,0.,1.));
#542 = ORIENTED_EDGE('',*,*,#543,.F.);
#543 = EDGE_CURVE('',#505,#536,#544,.T.);
#544 = LINE('',#545,#546);
#545 = CARTESIAN_POINT('',(301.08990971908,-49.78512401265,0.));
#546 = VECTOR('',#547,1.);
#547 = DIRECTION('',(0.159091484297,0.98726384499,0.));
#548 = PLANE('',#549);
#549 = AXIS2_PLACEMENT_3D('',#550,#551,#552);
#550 = CARTESIAN_POINT('',(301.08990971908,-49.78512401265,0.));
#551 = DIRECTION('',(-0.98726384499,0.159091484297,0.));
#552 = DIRECTION('',(0.159091484297,0.98726384499,0.));
#553 = ADVANCED_FACE('',(#554),#579,.F.);
#554 = FACE_BOUND('',#555,.F.);
#555 = EDGE_LOOP('',(#556,#557,#565,#573));
#556 = ORIENTED_EDGE('',*,*,#535,.T.);
#557 = ORIENTED_EDGE('',*,*,#558,.T.);
#558 = EDGE_CURVE('',#528,#559,#561,.T.);
#559 = VERTEX_POINT('',#560);
#560 = CARTESIAN_POINT('',(301.86526318951,-44.84478996632,1.2));
#561 = LINE('',#562,#563);
#562 = CARTESIAN_POINT('',(301.48770598389,-47.31654518419,1.2));
#563 = VECTOR('',#564,1.);
#564 = DIRECTION('',(0.150997235425,0.98853418499,0.));
#565 = ORIENTED_EDGE('',*,*,#566,.F.);
#566 = EDGE_CURVE('',#567,#559,#569,.T.);
#567 = VERTEX_POINT('',#568);
#568 = CARTESIAN_POINT('',(301.86526318951,-44.84478996632,0.));
#569 = LINE('',#570,#571);
#570 = CARTESIAN_POINT('',(301.86526318951,-44.84478996632,0.));
#571 = VECTOR('',#572,1.);
#572 = DIRECTION('',(0.,0.,1.));
#573 = ORIENTED_EDGE('',*,*,#574,.F.);
#574 = EDGE_CURVE('',#536,#567,#575,.T.);
#575 = LINE('',#576,#577);
#576 = CARTESIAN_POINT('',(301.48770598389,-47.31654518419,0.));
#577 = VECTOR('',#578,1.);
#578 = DIRECTION('',(0.150997235425,0.98853418499,0.));
#579 = PLANE('',#580);
#580 = AXIS2_PLACEMENT_3D('',#581,#582,#583);
#581 = CARTESIAN_POINT('',(301.48770598389,-47.31654518419,0.));
#582 = DIRECTION('',(-0.98853418499,0.150997235425,0.));
#583 = DIRECTION('',(0.150997235425,0.98853418499,0.));
#584 = ADVANCED_FACE('',(#585),#610,.F.);
#585 = FACE_BOUND('',#586,.F.);
#586 = EDGE_LOOP('',(#587,#588,#596,#604));
#587 = ORIENTED_EDGE('',*,*,#566,.T.);
#588 = ORIENTED_EDGE('',*,*,#589,.T.);
#589 = EDGE_CURVE('',#559,#590,#592,.T.);
#590 = VERTEX_POINT('',#591);
#591 = CARTESIAN_POINT('',(302.22255599029,-42.3700242895,1.2));
#592 = LINE('',#593,#594);
#593 = CARTESIAN_POINT('',(301.86526318951,-44.84478996632,1.2));
#594 = VECTOR('',#595,1.);
#595 = DIRECTION('',(0.142892850014,0.989738164069,0.));
#596 = ORIENTED_EDGE('',*,*,#597,.F.);
#597 = EDGE_CURVE('',#598,#590,#600,.T.);
#598 = VERTEX_POINT('',#599);
#599 = CARTESIAN_POINT('',(302.22255599029,-42.3700242895,0.));
#600 = LINE('',#601,#602);
#601 = CARTESIAN_POINT('',(302.22255599029,-42.3700242895,0.));
#602 = VECTOR('',#603,1.);
#603 = DIRECTION('',(0.,0.,1.));
#604 = ORIENTED_EDGE('',*,*,#605,.F.);
#605 = EDGE_CURVE('',#567,#598,#606,.T.);
#606 = LINE('',#607,#608);
#607 = CARTESIAN_POINT('',(301.86526318951,-44.84478996632,0.));
#608 = VECTOR('',#609,1.);
#609 = DIRECTION('',(0.142892850014,0.989738164069,0.));
#610 = PLANE('',#611);
#611 = AXIS2_PLACEMENT_3D('',#612,#613,#614);
#612 = CARTESIAN_POINT('',(301.86526318951,-44.84478996632,0.));
#613 = DIRECTION('',(-0.989738164069,0.142892850014,0.));
#614 = DIRECTION('',(0.142892850014,0.989738164069,0.));
#615 = ADVANCED_FACE('',(#616),#641,.F.);
#616 = FACE_BOUND('',#617,.F.);
#617 = EDGE_LOOP('',(#618,#619,#627,#635));
#618 = ORIENTED_EDGE('',*,*,#597,.T.);
#619 = ORIENTED_EDGE('',*,*,#620,.T.);
#620 = EDGE_CURVE('',#590,#621,#623,.T.);
#621 = VERTEX_POINT('',#622);
#622 = CARTESIAN_POINT('',(302.55956040093,-39.89241428633,1.2));
#623 = LINE('',#624,#625);
#624 = CARTESIAN_POINT('',(302.22255599029,-42.3700242895,1.2));
#625 = VECTOR('',#626,1.);
#626 = DIRECTION('',(0.134778872116,0.990875701403,0.));
#627 = ORIENTED_EDGE('',*,*,#628,.F.);
#628 = EDGE_CURVE('',#629,#621,#631,.T.);
#629 = VERTEX_POINT('',#630);
#630 = CARTESIAN_POINT('',(302.55956040093,-39.89241428633,0.));
#631 = LINE('',#632,#633);
#632 = CARTESIAN_POINT('',(302.55956040093,-39.89241428633,0.));
#633 = VECTOR('',#634,1.);
#634 = DIRECTION('',(0.,0.,1.));
#635 = ORIENTED_EDGE('',*,*,#636,.F.);
#636 = EDGE_CURVE('',#598,#629,#637,.T.);
#637 = LINE('',#638,#639);
#638 = CARTESIAN_POINT('',(302.22255599029,-42.3700242895,0.));
#639 = VECTOR('',#640,1.);
#640 = DIRECTION('',(0.134778872116,0.990875701403,0.));
#641 = PLANE('',#642);
#642 = AXIS2_PLACEMENT_3D('',#643,#644,#645);
#643 = CARTESIAN_POINT('',(302.22255599029,-42.3700242895,0.));
#644 = DIRECTION('',(-0.990875701403,0.134778872116,0.));
#645 = DIRECTION('',(0.134778872116,0.990875701403,0.));
#646 = ADVANCED_FACE('',(#647),#672,.F.);
#647 = FACE_BOUND('',#648,.F.);
#648 = EDGE_LOOP('',(#649,#650,#658,#666));
#649 = ORIENTED_EDGE('',*,*,#628,.T.);
#650 = ORIENTED_EDGE('',*,*,#651,.T.);
#651 = EDGE_CURVE('',#621,#652,#654,.T.);
#652 = VERTEX_POINT('',#653);
#653 = CARTESIAN_POINT('',(302.87625379812,-37.41212628031,1.2));
#654 = LINE('',#655,#656);
#655 = CARTESIAN_POINT('',(302.55956040093,-39.89241428633,1.2));
#656 = VECTOR('',#657,1.);
#657 = DIRECTION('',(0.126655846427,0.991946720629,0.));
#658 = ORIENTED_EDGE('',*,*,#659,.F.);
#659 = EDGE_CURVE('',#660,#652,#662,.T.);
#660 = VERTEX_POINT('',#661);
#661 = CARTESIAN_POINT('',(302.87625379812,-37.41212628031,0.));
#662 = LINE('',#663,#664);
#663 = CARTESIAN_POINT('',(302.87625379812,-37.41212628031,0.));
#664 = VECTOR('',#665,1.);
#665 = DIRECTION('',(0.,0.,1.));
#666 = ORIENTED_EDGE('',*,*,#667,.F.);
#667 = EDGE_CURVE('',#629,#660,#668,.T.);
#668 = LINE('',#669,#670);
#669 = CARTESIAN_POINT('',(302.55956040093,-39.89241428633,0.));
#670 = VECTOR('',#671,1.);
#671 = DIRECTION('',(0.126655846427,0.991946720629,0.));
#672 = PLANE('',#673);
#673 = AXIS2_PLACEMENT_3D('',#674,#675,#676);
#674 = CARTESIAN_POINT('',(302.55956040093,-39.89241428633,0.));
#675 = DIRECTION('',(-0.991946720629,0.126655846427,0.));
#676 = DIRECTION('',(0.126655846427,0.991946720629,0.));
#677 = ADVANCED_FACE('',(#678),#703,.F.);
#678 = FACE_BOUND('',#679,.F.);
#679 = EDGE_LOOP('',(#680,#681,#689,#697));
#680 = ORIENTED_EDGE('',*,*,#659,.T.);
#681 = ORIENTED_EDGE('',*,*,#682,.T.);
#682 = EDGE_CURVE('',#652,#683,#685,.T.);
#683 = VERTEX_POINT('',#684);
#684 = CARTESIAN_POINT('',(303.17261492203,-34.92932677474,1.2));
#685 = LINE('',#686,#687);
#686 = CARTESIAN_POINT('',(302.87625379812,-37.41212628031,1.2));
#687 = VECTOR('',#688,1.);
#688 = DIRECTION('',(0.118524318252,0.992951149847,0.));
#689 = ORIENTED_EDGE('',*,*,#690,.F.);
#690 = EDGE_CURVE('',#691,#683,#693,.T.);
#691 = VERTEX_POINT('',#692);
#692 = CARTESIAN_POINT('',(303.17261492203,-34.92932677474,0.));
#693 = LINE('',#694,#695);
#694 = CARTESIAN_POINT('',(303.17261492203,-34.92932677474,0.));
#695 = VECTOR('',#696,1.);
#696 = DIRECTION('',(0.,0.,1.));
#697 = ORIENTED_EDGE('',*,*,#698,.F.);
#698 = EDGE_CURVE('',#660,#691,#699,.T.);
#699 = LINE('',#700,#701);
#700 = CARTESIAN_POINT('',(302.87625379812,-37.41212628031,0.));
#701 = VECTOR('',#702,1.);
#702 = DIRECTION('',(0.118524318252,0.992951149847,0.));
#703 = PLANE('',#704);
#704 = AXIS2_PLACEMENT_3D('',#705,#706,#707);
#705 = CARTESIAN_POINT('',(302.87625379812,-37.41212628031,0.));
#706 = DIRECTION('',(-0.992951149847,0.118524318252,0.));
#707 = DIRECTION('',(0.118524318252,0.992951149847,0.));
#708 = ADVANCED_FACE('',(#709),#734,.F.);
#709 = FACE_BOUND('',#710,.F.);
#710 = EDGE_LOOP('',(#711,#712,#720,#728));
#711 = ORIENTED_EDGE('',*,*,#690,.T.);
#712 = ORIENTED_EDGE('',*,*,#713,.T.);
#713 = EDGE_CURVE('',#683,#714,#716,.T.);
#714 = VERTEX_POINT('',#715);
#715 = CARTESIAN_POINT('',(303.44862387775,-32.44418244151,1.2));
#716 = LINE('',#717,#718);
#717 = CARTESIAN_POINT('',(303.17261492203,-34.92932677474,1.2));
#718 = VECTOR('',#719,1.);
#719 = DIRECTION('',(0.110384833465,0.993888921631,0.));
#720 = ORIENTED_EDGE('',*,*,#721,.F.);
#721 = EDGE_CURVE('',#722,#714,#724,.T.);
#722 = VERTEX_POINT('',#723);
#723 = CARTESIAN_POINT('',(303.44862387775,-32.44418244151,0.));
#724 = LINE('',#725,#726);
#725 = CARTESIAN_POINT('',(303.44862387775,-32.44418244151,0.));
#726 = VECTOR('',#727,1.);
#727 = DIRECTION('',(0.,0.,1.));
#728 = ORIENTED_EDGE('',*,*,#729,.F.);
#729 = EDGE_CURVE('',#691,#722,#730,.T.);
#730 = LINE('',#731,#732);
#731 = CARTESIAN_POINT('',(303.17261492203,-34.92932677474,0.));
#732 = VECTOR('',#733,1.);
#733 = DIRECTION('',(0.110384833465,0.993888921631,0.));
#734 = PLANE('',#735);
#735 = AXIS2_PLACEMENT_3D('',#736,#737,#738);
#736 = CARTESIAN_POINT('',(303.17261492203,-34.92932677474,0.));
#737 = DIRECTION('',(-0.993888921631,0.110384833465,0.));
#738 = DIRECTION('',(0.110384833465,0.993888921631,0.));
#739 = ADVANCED_FACE('',(#740),#765,.F.);
#740 = FACE_BOUND('',#741,.F.);
#741 = EDGE_LOOP('',(#742,#743,#751,#759));
#742 = ORIENTED_EDGE('',*,*,#721,.T.);
#743 = ORIENTED_EDGE('',*,*,#744,.T.);
#744 = EDGE_CURVE('',#714,#745,#747,.T.);
#745 = VERTEX_POINT('',#746);
#746 = CARTESIAN_POINT('',(303.70426213662,-29.95686010993,1.2));
#747 = LINE('',#748,#749);
#748 = CARTESIAN_POINT('',(303.44862387775,-32.44418244151,1.2));
#749 = VECTOR('',#750,1.);
#750 = DIRECTION('',(0.102237938475,0.994759973027,0.));
#751 = ORIENTED_EDGE('',*,*,#752,.F.);
#752 = EDGE_CURVE('',#753,#745,#755,.T.);
#753 = VERTEX_POINT('',#754);
#754 = CARTESIAN_POINT('',(303.70426213662,-29.95686010993,0.));
#755 = LINE('',#756,#757);
#756 = CARTESIAN_POINT('',(303.70426213662,-29.95686010993,0.));
#757 = VECTOR('',#758,1.);
#758 = DIRECTION('',(0.,0.,1.));
#759 = ORIENTED_EDGE('',*,*,#760,.F.);
#760 = EDGE_CURVE('',#722,#753,#761,.T.);
#761 = LINE('',#762,#763);
#762 = CARTESIAN_POINT('',(303.44862387775,-32.44418244151,0.));
#763 = VECTOR('',#764,1.);
#764 = DIRECTION('',(0.102237938475,0.994759973027,0.));
#765 = PLANE('',#766);
#766 = AXIS2_PLACEMENT_3D('',#767,#768,#769);
#767 = CARTESIAN_POINT('',(303.44862387775,-32.44418244151,0.));
#768 = DIRECTION('',(-0.994759973027,0.102237938475,0.));
#769 = DIRECTION('',(0.102237938475,0.994759973027,0.));
#770 = ADVANCED_FACE('',(#771),#796,.F.);
#771 = FACE_BOUND('',#772,.F.);
#772 = EDGE_LOOP('',(#773,#774,#782,#790));
#773 = ORIENTED_EDGE('',*,*,#752,.T.);
#774 = ORIENTED_EDGE('',*,*,#775,.T.);
#775 = EDGE_CURVE('',#745,#776,#778,.T.);
#776 = VERTEX_POINT('',#777);
#777 = CARTESIAN_POINT('',(303.9395125375,-27.46752675549,1.2));
#778 = LINE('',#779,#780);
#779 = CARTESIAN_POINT('',(303.70426213662,-29.95686010993,1.2));
#780 = VECTOR('',#781,1.);
#781 = DIRECTION('',(9.408418018784E-02,0.99556424556,0.));
#782 = ORIENTED_EDGE('',*,*,#783,.F.);
#783 = EDGE_CURVE('',#784,#776,#786,.T.);
#784 = VERTEX_POINT('',#785);
#785 = CARTESIAN_POINT('',(303.9395125375,-27.46752675549,0.));
#786 = LINE('',#787,#788);
#787 = CARTESIAN_POINT('',(303.9395125375,-27.46752675549,0.));
#788 = VECTOR('',#789,1.);
#789 = DIRECTION('',(0.,0.,1.));
#790 = ORIENTED_EDGE('',*,*,#791,.F.);
#791 = EDGE_CURVE('',#753,#784,#792,.T.);
#792 = LINE('',#793,#794);
#793 = CARTESIAN_POINT('',(303.70426213662,-29.95686010993,0.));
#794 = VECTOR('',#795,1.);
#795 = DIRECTION('',(9.408418018784E-02,0.99556424556,0.));
#796 = PLANE('',#797);
#797 = AXIS2_PLACEMENT_3D('',#798,#799,#800);
#798 = CARTESIAN_POINT('',(303.70426213662,-29.95686010993,0.));
#799 = DIRECTION('',(-0.99556424556,9.408418018784E-02,0.));
#800 = DIRECTION('',(9.408418018784E-02,0.99556424556,0.));
#801 = ADVANCED_FACE('',(#802),#827,.F.);
#802 = FACE_BOUND('',#803,.F.);
#803 = EDGE_LOOP('',(#804,#805,#813,#821));
#804 = ORIENTED_EDGE('',*,*,#783,.T.);
#805 = ORIENTED_EDGE('',*,*,#806,.T.);
#806 = EDGE_CURVE('',#776,#807,#809,.T.);
#807 = VERTEX_POINT('',#808);
#808 = CARTESIAN_POINT('',(304.15435928787,-24.97634948872,1.2));
#809 = LINE('',#810,#811);
#810 = CARTESIAN_POINT('',(303.9395125375,-27.46752675549,1.2));
#811 = VECTOR('',#812,1.);
#812 = DIRECTION('',(8.592410597037E-02,0.996301685241,0.));
#813 = ORIENTED_EDGE('',*,*,#814,.F.);
#814 = EDGE_CURVE('',#815,#807,#817,.T.);
#815 = VERTEX_POINT('',#816);
#816 = CARTESIAN_POINT('',(304.15435928787,-24.97634948872,0.));
#817 = LINE('',#818,#819);
#818 = CARTESIAN_POINT('',(304.15435928787,-24.97634948872,0.));
#819 = VECTOR('',#820,1.);
#820 = DIRECTION('',(0.,0.,1.));
#821 = ORIENTED_EDGE('',*,*,#822,.F.);
#822 = EDGE_CURVE('',#784,#815,#823,.T.);
#823 = LINE('',#824,#825);
#824 = CARTESIAN_POINT('',(303.9395125375,-27.46752675549,0.));
#825 = VECTOR('',#826,1.);
#826 = DIRECTION('',(8.592410597037E-02,0.996301685241,0.));
#827 = PLANE('',#828);
#828 = AXIS2_PLACEMENT_3D('',#829,#830,#831);
#829 = CARTESIAN_POINT('',(303.9395125375,-27.46752675549,0.));
#830 = DIRECTION('',(-0.996301685241,8.592410597037E-02,0.));
#831 = DIRECTION('',(8.592410597037E-02,0.996301685241,0.));
#832 = ADVANCED_FACE('',(#833),#858,.F.);
#833 = FACE_BOUND('',#834,.F.);
#834 = EDGE_LOOP('',(#835,#836,#844,#852));
#835 = ORIENTED_EDGE('',*,*,#814,.T.);
#836 = ORIENTED_EDGE('',*,*,#837,.T.);
#837 = EDGE_CURVE('',#807,#838,#840,.T.);
#838 = VERTEX_POINT('',#839);
#839 = CARTESIAN_POINT('',(304.34878796493,-22.48349554391,1.2));
#840 = LINE('',#841,#842);
#841 = CARTESIAN_POINT('',(304.15435928787,-24.97634948872,1.2));
#842 = VECTOR('',#843,1.);
#843 = DIRECTION('',(7.77582636137E-02,0.996972242562,0.));
#844 = ORIENTED_EDGE('',*,*,#845,.F.);
#845 = EDGE_CURVE('',#846,#838,#848,.T.);
#846 = VERTEX_POINT('',#847);
#847 = CARTESIAN_POINT('',(304.34878796493,-22.48349554391,0.));
#848 = LINE('',#849,#850);
#849 = CARTESIAN_POINT('',(304.34878796493,-22.48349554391,0.));
#850 = VECTOR('',#851,1.);
#851 = DIRECTION('',(0.,0.,1.));
#852 = ORIENTED_EDGE('',*,*,#853,.F.);
#853 = EDGE_CURVE('',#815,#846,#854,.T.);
#854 = LINE('',#855,#856);
#855 = CARTESIAN_POINT('',(304.15435928787,-24.97634948872,0.));
#856 = VECTOR('',#857,1.);
#857 = DIRECTION('',(7.77582636137E-02,0.996972242562,0.));
#858 = PLANE('',#859);
#859 = AXIS2_PLACEMENT_3D('',#860,#861,#862);
#860 = CARTESIAN_POINT('',(304.15435928787,-24.97634948872,0.));
#861 = DIRECTION('',(-0.996972242562,7.77582636137E-02,0.));
#862 = DIRECTION('',(7.77582636137E-02,0.996972242562,0.));
#863 = ADVANCED_FACE('',(#864),#889,.F.);
#864 = FACE_BOUND('',#865,.F.);
#865 = EDGE_LOOP('',(#866,#867,#875,#883));
#866 = ORIENTED_EDGE('',*,*,#845,.T.);
#867 = ORIENTED_EDGE('',*,*,#868,.T.);
#868 = EDGE_CURVE('',#838,#869,#871,.T.);
#869 = VERTEX_POINT('',#870);
#870 = CARTESIAN_POINT('',(304.52278551657,-19.98913226792,1.2));
#871 = LINE('',#872,#873);
#872 = CARTESIAN_POINT('',(304.34878796493,-22.48349554391,1.2));
#873 = VECTOR('',#874,1.);
#874 = DIRECTION('',(6.958720129592E-02,0.997575872511,0.));
#875 = ORIENTED_EDGE('',*,*,#876,.F.);
#876 = EDGE_CURVE('',#877,#869,#879,.T.);
#877 = VERTEX_POINT('',#878);
#878 = CARTESIAN_POINT('',(304.52278551657,-19.98913226792,0.));
#879 = LINE('',#880,#881);
#880 = CARTESIAN_POINT('',(304.52278551657,-19.98913226792,0.));
#881 = VECTOR('',#882,1.);
#882 = DIRECTION('',(0.,0.,1.));
#883 = ORIENTED_EDGE('',*,*,#884,.F.);
#884 = EDGE_CURVE('',#846,#877,#885,.T.);
#885 = LINE('',#886,#887);
#886 = CARTESIAN_POINT('',(304.34878796493,-22.48349554391,0.));
#887 = VECTOR('',#888,1.);
#888 = DIRECTION('',(6.958720129592E-02,0.997575872511,0.));
#889 = PLANE('',#890);
#890 = AXIS2_PLACEMENT_3D('',#891,#892,#893);
#891 = CARTESIAN_POINT('',(304.34878796493,-22.48349554391,0.));
#892 = DIRECTION('',(-0.997575872511,6.958720129592E-02,0.));
#893 = DIRECTION('',(6.958720129592E-02,0.997575872511,0.));
#894 = ADVANCED_FACE('',(#895),#920,.F.);
#895 = FACE_BOUND('',#896,.F.);
#896 = EDGE_LOOP('',(#897,#898,#906,#914));
#897 = ORIENTED_EDGE('',*,*,#876,.T.);
#898 = ORIENTED_EDGE('',*,*,#899,.T.);
#899 = EDGE_CURVE('',#869,#900,#902,.T.);
#900 = VERTEX_POINT('',#901);
#901 = CARTESIAN_POINT('',(304.67634026222,-17.49342710891,1.2));
#902 = LINE('',#903,#904);
#903 = CARTESIAN_POINT('',(304.52278551657,-19.98913226792,1.2));
#904 = VECTOR('',#905,1.);
#905 = DIRECTION('',(6.141146754557E-02,0.998112534564,0.));
#906 = ORIENTED_EDGE('',*,*,#907,.F.);
#907 = EDGE_CURVE('',#908,#900,#910,.T.);
#908 = VERTEX_POINT('',#909);
#909 = CARTESIAN_POINT('',(304.67634026222,-17.49342710891,0.));
#910 = LINE('',#911,#912);
#911 = CARTESIAN_POINT('',(304.67634026222,-17.49342710891,0.));
#912 = VECTOR('',#913,1.);
#913 = DIRECTION('',(0.,0.,1.));
#914 = ORIENTED_EDGE('',*,*,#915,.F.);
#915 = EDGE_CURVE('',#877,#908,#916,.T.);
#916 = LINE('',#917,#918);
#917 = CARTESIAN_POINT('',(304.52278551657,-19.98913226792,0.));
#918 = VECTOR('',#919,1.);
#919 = DIRECTION('',(6.141146754557E-02,0.998112534564,0.));
#920 = PLANE('',#921);
#921 = AXIS2_PLACEMENT_3D('',#922,#923,#924);
#922 = CARTESIAN_POINT('',(304.52278551657,-19.98913226792,0.));
#923 = DIRECTION('',(-0.998112534564,6.141146754557E-02,0.));
#924 = DIRECTION('',(6.141146754557E-02,0.998112534564,0.));
#925 = ADVANCED_FACE('',(#926),#951,.F.);
#926 = FACE_BOUND('',#927,.F.);
#927 = EDGE_LOOP('',(#928,#929,#937,#945));
#928 = ORIENTED_EDGE('',*,*,#907,.T.);
#929 = ORIENTED_EDGE('',*,*,#930,.T.);
#930 = EDGE_CURVE('',#900,#931,#933,.T.);
#931 = VERTEX_POINT('',#932);
#932 = CARTESIAN_POINT('',(304.80944189366,-14.99654760514,1.2));
#933 = LINE('',#934,#935);
#934 = CARTESIAN_POINT('',(304.67634026222,-17.49342710891,1.2));
#935 = VECTOR('',#936,1.);
#936 = DIRECTION('',(5.323161120483E-02,0.998582192695,0.));
#937 = ORIENTED_EDGE('',*,*,#938,.F.);
#938 = EDGE_CURVE('',#939,#931,#941,.T.);
#939 = VERTEX_POINT('',#940);
#940 = CARTESIAN_POINT('',(304.80944189366,-14.99654760514,0.));
#941 = LINE('',#942,#943);
#942 = CARTESIAN_POINT('',(304.80944189366,-14.99654760514,0.));
#943 = VECTOR('',#944,1.);
#944 = DIRECTION('',(0.,0.,1.));
#945 = ORIENTED_EDGE('',*,*,#946,.F.);
#946 = EDGE_CURVE('',#908,#939,#947,.T.);
#947 = LINE('',#948,#949);
#948 = CARTESIAN_POINT('',(304.67634026222,-17.49342710891,0.));
#949 = VECTOR('',#950,1.);
#950 = DIRECTION('',(5.323161120483E-02,0.998582192695,0.));
#951 = PLANE('',#952);
#952 = AXIS2_PLACEMENT_3D('',#953,#954,#955);
#953 = CARTESIAN_POINT('',(304.67634026222,-17.49342710891,0.));
#954 = DIRECTION('',(-0.998582192695,5.323161120483E-02,0.));
#955 = DIRECTION('',(5.323161120483E-02,0.998582192695,0.));
#956 = ADVANCED_FACE('',(#957),#982,.F.);
#957 = FACE_BOUND('',#958,.F.);
#958 = EDGE_LOOP('',(#959,#960,#968,#976));
#959 = ORIENTED_EDGE('',*,*,#938,.T.);
#960 = ORIENTED_EDGE('',*,*,#961,.T.);
#961 = EDGE_CURVE('',#931,#962,#964,.T.);
#962 = VERTEX_POINT('',#963);
#963 = CARTESIAN_POINT('',(304.92208147568,-12.49866137371,1.2));
#964 = LINE('',#965,#966);
#965 = CARTESIAN_POINT('',(304.80944189366,-14.99654760514,1.2));
#966 = VECTOR('',#967,1.);
#967 = DIRECTION('',(4.504818139251E-02,0.998984815377,0.));
#968 = ORIENTED_EDGE('',*,*,#969,.F.);
#969 = EDGE_CURVE('',#970,#962,#972,.T.);
#970 = VERTEX_POINT('',#971);
#971 = CARTESIAN_POINT('',(304.92208147568,-12.49866137371,0.));
#972 = LINE('',#973,#974);
#973 = CARTESIAN_POINT('',(304.92208147568,-12.49866137371,0.));
#974 = VECTOR('',#975,1.);
#975 = DIRECTION('',(0.,0.,1.));
#976 = ORIENTED_EDGE('',*,*,#977,.F.);
#977 = EDGE_CURVE('',#939,#970,#978,.T.);
#978 = LINE('',#979,#980);
#979 = CARTESIAN_POINT('',(304.80944189366,-14.99654760514,0.));
#980 = VECTOR('',#981,1.);
#981 = DIRECTION('',(4.504818139251E-02,0.998984815377,0.));
#982 = PLANE('',#983);
#983 = AXIS2_PLACEMENT_3D('',#984,#985,#986);
#984 = CARTESIAN_POINT('',(304.80944189366,-14.99654760514,0.));
#985 = DIRECTION('',(-0.998984815377,4.504818139251E-02,0.));
#986 = DIRECTION('',(4.504818139251E-02,0.998984815377,0.));
#987 = ADVANCED_FACE('',(#988),#1013,.F.);
#988 = FACE_BOUND('',#989,.F.);
#989 = EDGE_LOOP('',(#990,#991,#999,#1007));
#990 = ORIENTED_EDGE('',*,*,#969,.T.);
#991 = ORIENTED_EDGE('',*,*,#992,.T.);
#992 = EDGE_CURVE('',#962,#993,#995,.T.);
#993 = VERTEX_POINT('',#994);
#994 = CARTESIAN_POINT('',(305.01425144673,-9.999936099286,1.2));
#995 = LINE('',#996,#997);
#996 = CARTESIAN_POINT('',(304.92208147568,-12.49866137371,1.2));
#997 = VECTOR('',#998,1.);
#998 = DIRECTION('',(3.686172746753E-02,0.999320375579,0.));
#999 = ORIENTED_EDGE('',*,*,#1000,.F.);
#1000 = EDGE_CURVE('',#1001,#993,#1003,.T.);
#1001 = VERTEX_POINT('',#1002);
#1002 = CARTESIAN_POINT('',(305.01425144673,-9.999936099286,0.));
#1003 = LINE('',#1004,#1005);
#1004 = CARTESIAN_POINT('',(305.01425144673,-9.999936099286,0.));
#1005 = VECTOR('',#1006,1.);
#1006 = DIRECTION('',(0.,0.,1.));
#1007 = ORIENTED_EDGE('',*,*,#1008,.F.);
#1008 = EDGE_CURVE('',#970,#1001,#1009,.T.);
#1009 = LINE('',#1010,#1011);
#1010 = CARTESIAN_POINT('',(304.92208147568,-12.49866137371,0.));
#1011 = VECTOR('',#1012,1.);
#1012 = DIRECTION('',(3.686172746753E-02,0.999320375579,0.));
#1013 = PLANE('',#1014);
#1014 = AXIS2_PLACEMENT_3D('',#1015,#1016,#1017);
#1015 = CARTESIAN_POINT('',(304.92208147568,-12.49866137371,0.));
#1016 = DIRECTION('',(-0.999320375579,3.686172746753E-02,0.));
#1017 = DIRECTION('',(3.686172746753E-02,0.999320375579,0.));
#1018 = ADVANCED_FACE('',(#1019),#1044,.F.);
#1019 = FACE_BOUND('',#1020,.F.);
#1020 = EDGE_LOOP('',(#1021,#1022,#1030,#1038));
#1021 = ORIENTED_EDGE('',*,*,#1000,.T.);
#1022 = ORIENTED_EDGE('',*,*,#1023,.T.);
#1023 = EDGE_CURVE('',#993,#1024,#1026,.T.);
#1024 = VERTEX_POINT('',#1025);
#1025 = CARTESIAN_POINT('',(305.08594561937,-7.500539522865,1.2));
#1026 = LINE('',#1027,#1028);
#1027 = CARTESIAN_POINT('',(305.01425144673,-9.999936099286,1.2));
#1028 = VECTOR('',#1029,1.);
#1029 = DIRECTION('',(2.867279899156E-02,0.999588850777,0.));
#1030 = ORIENTED_EDGE('',*,*,#1031,.F.);
#1031 = EDGE_CURVE('',#1032,#1024,#1034,.T.);
#1032 = VERTEX_POINT('',#1033);
#1033 = CARTESIAN_POINT('',(305.08594561937,-7.500539522865,0.));
#1034 = LINE('',#1035,#1036);
#1035 = CARTESIAN_POINT('',(305.08594561937,-7.500539522865,0.));
#1036 = VECTOR('',#1037,1.);
#1037 = DIRECTION('',(0.,0.,1.));
#1038 = ORIENTED_EDGE('',*,*,#1039,.F.);
#1039 = EDGE_CURVE('',#1001,#1032,#1040,.T.);
#1040 = LINE('',#1041,#1042);
#1041 = CARTESIAN_POINT('',(305.01425144673,-9.999936099286,0.));
#1042 = VECTOR('',#1043,1.);
#1043 = DIRECTION('',(2.867279899156E-02,0.999588850777,0.));
#1044 = PLANE('',#1045);
#1045 = AXIS2_PLACEMENT_3D('',#1046,#1047,#1048);
#1046 = CARTESIAN_POINT('',(305.01425144673,-9.999936099286,0.));
#1047 = DIRECTION('',(-0.999588850777,2.867279899156E-02,0.));
#1048 = DIRECTION('',(2.867279899156E-02,0.999588850777,0.));
#1049 = ADVANCED_FACE('',(#1050),#1075,.F.);
#1050 = FACE_BOUND('',#1051,.F.);
#1051 = EDGE_LOOP('',(#1052,#1053,#1061,#1069));
#1052 = ORIENTED_EDGE('',*,*,#1031,.T.);
#1053 = ORIENTED_EDGE('',*,*,#1054,.T.);
#1054 = EDGE_CURVE('',#1024,#1055,#1057,.T.);
#1055 = VERTEX_POINT('',#1056);
#1056 = CARTESIAN_POINT('',(305.13715918072,-5.000639430511,1.2));
#1057 = LINE('',#1058,#1059);
#1058 = CARTESIAN_POINT('',(305.08594561937,-7.500539522865,1.2));
#1059 = VECTOR('',#1060,1.);
#1060 = DIRECTION('',(2.048194569263E-02,0.999790222947,0.));
#1061 = ORIENTED_EDGE('',*,*,#1062,.F.);
#1062 = EDGE_CURVE('',#1063,#1055,#1065,.T.);
#1063 = VERTEX_POINT('',#1064);
#1064 = CARTESIAN_POINT('',(305.13715918072,-5.000639430511,0.));
#1065 = LINE('',#1066,#1067);
#1066 = CARTESIAN_POINT('',(305.13715918072,-5.000639430511,0.));
#1067 = VECTOR('',#1068,1.);
#1068 = DIRECTION('',(0.,0.,1.));
#1069 = ORIENTED_EDGE('',*,*,#1070,.F.);
#1070 = EDGE_CURVE('',#1032,#1063,#1071,.T.);
#1071 = LINE('',#1072,#1073);
#1072 = CARTESIAN_POINT('',(305.08594561937,-7.500539522865,0.));
#1073 = VECTOR('',#1074,1.);
#1074 = DIRECTION('',(2.048194569263E-02,0.999790222947,0.));
#1075 = PLANE('',#1076);
#1076 = AXIS2_PLACEMENT_3D('',#1077,#1078,#1079);
#1077 = CARTESIAN_POINT('',(305.08594561937,-7.500539522865,0.));
#1078 = DIRECTION('',(-0.999790222947,2.048194569263E-02,0.));
#1079 = DIRECTION('',(2.048194569263E-02,0.999790222947,0.));
#1080 = ADVANCED_FACE('',(#1081),#1106,.F.);
#1081 = FACE_BOUND('',#1082,.F.);
#1082 = EDGE_LOOP('',(#1083,#1084,#1092,#1100));
#1083 = ORIENTED_EDGE('',*,*,#1062,.T.);
#1084 = ORIENTED_EDGE('',*,*,#1085,.T.);
#1085 = EDGE_CURVE('',#1055,#1086,#1088,.T.);
#1086 = VERTEX_POINT('',#1087);
#1087 = CARTESIAN_POINT('',(305.1678886928,-2.50040364209,1.2));
#1088 = LINE('',#1089,#1090);
#1089 = CARTESIAN_POINT('',(305.13715918072,-5.000639430511,1.2));
#1090 = VECTOR('',#1091,1.);
#1091 = DIRECTION('',(1.228971742778E-02,0.999924478571,0.));
#1092 = ORIENTED_EDGE('',*,*,#1093,.F.);
#1093 = EDGE_CURVE('',#1094,#1086,#1096,.T.);
#1094 = VERTEX_POINT('',#1095);
#1095 = CARTESIAN_POINT('',(305.1678886928,-2.50040364209,0.));
#1096 = LINE('',#1097,#1098);
#1097 = CARTESIAN_POINT('',(305.1678886928,-2.50040364209,0.));
#1098 = VECTOR('',#1099,1.);
#1099 = DIRECTION('',(0.,0.,1.));
#1100 = ORIENTED_EDGE('',*,*,#1101,.F.);
#1101 = EDGE_CURVE('',#1063,#1094,#1102,.T.);
#1102 = LINE('',#1103,#1104);
#1103 = CARTESIAN_POINT('',(305.13715918072,-5.000639430511,0.));
#1104 = VECTOR('',#1105,1.);
#1105 = DIRECTION('',(1.228971742778E-02,0.999924478571,0.));
#1106 = PLANE('',#1107);
#1107 = AXIS2_PLACEMENT_3D('',#1108,#1109,#1110);
#1108 = CARTESIAN_POINT('',(305.13715918072,-5.000639430511,0.));
#1109 = DIRECTION('',(-0.999924478571,1.228971742778E-02,0.));
#1110 = DIRECTION('',(1.228971742778E-02,0.999924478571,0.));
#1111 = ADVANCED_FACE('',(#1112),#1137,.F.);
#1112 = FACE_BOUND('',#1113,.F.);
#1113 = EDGE_LOOP('',(#1114,#1115,#1123,#1131));
#1114 = ORIENTED_EDGE('',*,*,#1093,.T.);
#1115 = ORIENTED_EDGE('',*,*,#1116,.T.);
#1116 = EDGE_CURVE('',#1086,#1117,#1119,.T.);
#1117 = VERTEX_POINT('',#1118);
#1118 = CARTESIAN_POINT('',(305.17813209271,0.,1.2));
#1119 = LINE('',#1120,#1121);
#1120 = CARTESIAN_POINT('',(305.1678886928,-2.50040364209,1.2));
#1121 = VECTOR('',#1122,1.);
#1122 = DIRECTION('',(4.09666414647E-03,0.999991608636,0.));
#1123 = ORIENTED_EDGE('',*,*,#1124,.F.);
#1124 = EDGE_CURVE('',#1125,#1117,#1127,.T.);
#1125 = VERTEX_POINT('',#1126);
#1126 = CARTESIAN_POINT('',(305.17813209271,0.,0.));
#1127 = LINE('',#1128,#1129);
#1128 = CARTESIAN_POINT('',(305.17813209271,0.,0.));
#1129 = VECTOR('',#1130,1.);
#1130 = DIRECTION('',(0.,0.,1.));
#1131 = ORIENTED_EDGE('',*,*,#1132,.F.);
#1132 = EDGE_CURVE('',#1094,#1125,#1133,.T.);
#1133 = LINE('',#1134,#1135);
#1134 = CARTESIAN_POINT('',(305.1678886928,-2.50040364209,0.));
#1135 = VECTOR('',#1136,1.);
#1136 = DIRECTION('',(4.09666414647E-03,0.999991608636,0.));
#1137 = PLANE('',#1138);
#1138 = AXIS2_PLACEMENT_3D('',#1139,#1140,#1141);
#1139 = CARTESIAN_POINT('',(305.1678886928,-2.50040364209,0.));
#1140 = DIRECTION('',(-0.999991608636,4.09666414647E-03,0.));
#1141 = DIRECTION('',(4.09666414647E-03,0.999991608636,0.));
#1142 = ADVANCED_FACE('',(#1143),#1168,.F.);
#1143 = FACE_BOUND('',#1144,.F.);
#1144 = EDGE_LOOP('',(#1145,#1146,#1154,#1162));
#1145 = ORIENTED_EDGE('',*,*,#1124,.T.);
#1146 = ORIENTED_EDGE('',*,*,#1147,.T.);
#1147 = EDGE_CURVE('',#1117,#1148,#1150,.T.);
#1148 = VERTEX_POINT('',#1149);
#1149 = CARTESIAN_POINT('',(305.1678886928,2.50040364209,1.2));
#1150 = LINE('',#1151,#1152);
#1151 = CARTESIAN_POINT('',(305.17813209271,0.,1.2));
#1152 = VECTOR('',#1153,1.);
#1153 = DIRECTION('',(-4.09666414647E-03,0.999991608636,0.));
#1154 = ORIENTED_EDGE('',*,*,#1155,.F.);
#1155 = EDGE_CURVE('',#1156,#1148,#1158,.T.);
#1156 = VERTEX_POINT('',#1157);
#1157 = CARTESIAN_POINT('',(305.1678886928,2.50040364209,0.));
#1158 = LINE('',#1159,#1160);
#1159 = CARTESIAN_POINT('',(305.1678886928,2.50040364209,0.));
#1160 = VECTOR('',#1161,1.);
#1161 = DIRECTION('',(0.,0.,1.));
#1162 = ORIENTED_EDGE('',*,*,#1163,.F.);
#1163 = EDGE_CURVE('',#1125,#1156,#1164,.T.);
#1164 = LINE('',#1165,#1166);
#1165 = CARTESIAN_POINT('',(305.17813209271,0.,0.));
#1166 = VECTOR('',#1167,1.);
#1167 = DIRECTION('',(-4.09666414647E-03,0.999991608636,0.));
#1168 = PLANE('',#1169);
#1169 = AXIS2_PLACEMENT_3D('',#1170,#1171,#1172);
#1170 = CARTESIAN_POINT('',(305.17813209271,0.,0.));
#1171 = DIRECTION('',(-0.999991608636,-4.09666414647E-03,0.));
#1172 = DIRECTION('',(-4.09666414647E-03,0.999991608636,0.));
#1173 = ADVANCED_FACE('',(#1174),#1199,.F.);
#1174 = FACE_BOUND('',#1175,.F.);
#1175 = EDGE_LOOP('',(#1176,#1177,#1185,#1193));
#1176 = ORIENTED_EDGE('',*,*,#1155,.T.);
#1177 = ORIENTED_EDGE('',*,*,#1178,.T.);
#1178 = EDGE_CURVE('',#1148,#1179,#1181,.T.);
#1179 = VERTEX_POINT('',#1180);
#1180 = CARTESIAN_POINT('',(305.13715918072,5.000639430511,1.2));
#1181 = LINE('',#1182,#1183);
#1182 = CARTESIAN_POINT('',(305.1678886928,2.50040364209,1.2));
#1183 = VECTOR('',#1184,1.);
#1184 = DIRECTION('',(-1.228971742778E-02,0.999924478571,0.));
#1185 = ORIENTED_EDGE('',*,*,#1186,.F.);
#1186 = EDGE_CURVE('',#1187,#1179,#1189,.T.);
#1187 = VERTEX_POINT('',#1188);
#1188 = CARTESIAN_POINT('',(305.13715918072,5.000639430511,0.));
#1189 = LINE('',#1190,#1191);
#1190 = CARTESIAN_POINT('',(305.13715918072,5.000639430511,0.));
#1191 = VECTOR('',#1192,1.);
#1192 = DIRECTION('',(0.,0.,1.));
#1193 = ORIENTED_EDGE('',*,*,#1194,.F.);
#1194 = EDGE_CURVE('',#1156,#1187,#1195,.T.);
#1195 = LINE('',#1196,#1197);
#1196 = CARTESIAN_POINT('',(305.1678886928,2.50040364209,0.));
#1197 = VECTOR('',#1198,1.);
#1198 = DIRECTION('',(-1.228971742778E-02,0.999924478571,0.));
#1199 = PLANE('',#1200);
#1200 = AXIS2_PLACEMENT_3D('',#1201,#1202,#1203);
#1201 = CARTESIAN_POINT('',(305.1678886928,2.50040364209,0.));
#1202 = DIRECTION('',(-0.999924478571,-1.228971742778E-02,0.));
#1203 = DIRECTION('',(-1.228971742778E-02,0.999924478571,0.));
#1204 = ADVANCED_FACE('',(#1205),#1230,.F.);
#1205 = FACE_BOUND('',#1206,.F.);
#1206 = EDGE_LOOP('',(#1207,#1208,#1216,#1224));
#1207 = ORIENTED_EDGE('',*,*,#1186,.T.);
#1208 = ORIENTED_EDGE('',*,*,#1209,.T.);
#1209 = EDGE_CURVE('',#1179,#1210,#1212,.T.);
#1210 = VERTEX_POINT('',#1211);
#1211 = CARTESIAN_POINT('',(305.08594561937,7.500539522865,1.2));
#1212 = LINE('',#1213,#1214);
#1213 = CARTESIAN_POINT('',(305.13715918072,5.000639430511,1.2));
#1214 = VECTOR('',#1215,1.);
#1215 = DIRECTION('',(-2.048194569263E-02,0.999790222947,0.));
#1216 = ORIENTED_EDGE('',*,*,#1217,.F.);
#1217 = EDGE_CURVE('',#1218,#1210,#1220,.T.);
#1218 = VERTEX_POINT('',#1219);
#1219 = CARTESIAN_POINT('',(305.08594561937,7.500539522865,0.));
#1220 = LINE('',#1221,#1222);
#1221 = CARTESIAN_POINT('',(305.08594561937,7.500539522865,0.));
#1222 = VECTOR('',#1223,1.);
#1223 = DIRECTION('',(0.,0.,1.));
#1224 = ORIENTED_EDGE('',*,*,#1225,.F.);
#1225 = EDGE_CURVE('',#1187,#1218,#1226,.T.);
#1226 = LINE('',#1227,#1228);
#1227 = CARTESIAN_POINT('',(305.13715918072,5.000639430511,0.));
#1228 = VECTOR('',#1229,1.);
#1229 = DIRECTION('',(-2.048194569263E-02,0.999790222947,0.));
#1230 = PLANE('',#1231);
#1231 = AXIS2_PLACEMENT_3D('',#1232,#1233,#1234);
#1232 = CARTESIAN_POINT('',(305.13715918072,5.000639430511,0.));
#1233 = DIRECTION('',(-0.999790222947,-2.048194569263E-02,0.));
#1234 = DIRECTION('',(-2.048194569263E-02,0.999790222947,0.));
#1235 = ADVANCED_FACE('',(#1236),#1261,.F.);
#1236 = FACE_BOUND('',#1237,.F.);
#1237 = EDGE_LOOP('',(#1238,#1239,#1247,#1255));
#1238 = ORIENTED_EDGE('',*,*,#1217,.T.);
#1239 = ORIENTED_EDGE('',*,*,#1240,.T.);
#1240 = EDGE_CURVE('',#1210,#1241,#1243,.T.);
#1241 = VERTEX_POINT('',#1242);
#1242 = CARTESIAN_POINT('',(305.01425144673,9.999936099286,1.2));
#1243 = LINE('',#1244,#1245);
#1244 = CARTESIAN_POINT('',(305.08594561937,7.500539522865,1.2));
#1245 = VECTOR('',#1246,1.);
#1246 = DIRECTION('',(-2.867279899156E-02,0.999588850777,0.));
#1247 = ORIENTED_EDGE('',*,*,#1248,.F.);
#1248 = EDGE_CURVE('',#1249,#1241,#1251,.T.);
#1249 = VERTEX_POINT('',#1250);
#1250 = CARTESIAN_POINT('',(305.01425144673,9.999936099286,0.));
#1251 = LINE('',#1252,#1253);
#1252 = CARTESIAN_POINT('',(305.01425144673,9.999936099286,0.));
#1253 = VECTOR('',#1254,1.);
#1254 = DIRECTION('',(0.,0.,1.));
#1255 = ORIENTED_EDGE('',*,*,#1256,.F.);
#1256 = EDGE_CURVE('',#1218,#1249,#1257,.T.);
#1257 = LINE('',#1258,#1259);
#1258 = CARTESIAN_POINT('',(305.08594561937,7.500539522865,0.));
#1259 = VECTOR('',#1260,1.);
#1260 = DIRECTION('',(-2.867279899156E-02,0.999588850777,0.));
#1261 = PLANE('',#1262);
#1262 = AXIS2_PLACEMENT_3D('',#1263,#1264,#1265);
#1263 = CARTESIAN_POINT('',(305.08594561937,7.500539522865,0.));
#1264 = DIRECTION('',(-0.999588850777,-2.867279899156E-02,0.));
#1265 = DIRECTION('',(-2.867279899156E-02,0.999588850777,0.));
#1266 = ADVANCED_FACE('',(#1267),#1292,.F.);
#1267 = FACE_BOUND('',#1268,.F.);
#1268 = EDGE_LOOP('',(#1269,#1270,#1278,#1286));
#1269 = ORIENTED_EDGE('',*,*,#1248,.T.);
#1270 = ORIENTED_EDGE('',*,*,#1271,.T.);
#1271 = EDGE_CURVE('',#1241,#1272,#1274,.T.);
#1272 = VERTEX_POINT('',#1273);
#1273 = CARTESIAN_POINT('',(304.92208147568,12.498661373712,1.2));
#1274 = LINE('',#1275,#1276);
#1275 = CARTESIAN_POINT('',(305.01425144673,9.999936099286,1.2));
#1276 = VECTOR('',#1277,1.);
#1277 = DIRECTION('',(-3.686172746753E-02,0.999320375579,0.));
#1278 = ORIENTED_EDGE('',*,*,#1279,.F.);
#1279 = EDGE_CURVE('',#1280,#1272,#1282,.T.);
#1280 = VERTEX_POINT('',#1281);
#1281 = CARTESIAN_POINT('',(304.92208147568,12.498661373712,0.));
#1282 = LINE('',#1283,#1284);
#1283 = CARTESIAN_POINT('',(304.92208147568,12.498661373712,0.));
#1284 = VECTOR('',#1285,1.);
#1285 = DIRECTION('',(0.,0.,1.));
#1286 = ORIENTED_EDGE('',*,*,#1287,.F.);
#1287 = EDGE_CURVE('',#1249,#1280,#1288,.T.);
#1288 = LINE('',#1289,#1290);
#1289 = CARTESIAN_POINT('',(305.01425144673,9.999936099286,0.));
#1290 = VECTOR('',#1291,1.);
#1291 = DIRECTION('',(-3.686172746753E-02,0.999320375579,0.));
#1292 = PLANE('',#1293);
#1293 = AXIS2_PLACEMENT_3D('',#1294,#1295,#1296);
#1294 = CARTESIAN_POINT('',(305.01425144673,9.999936099286,0.));
#1295 = DIRECTION('',(-0.999320375579,-3.686172746753E-02,0.));
#1296 = DIRECTION('',(-3.686172746753E-02,0.999320375579,0.));
#1297 = ADVANCED_FACE('',(#1298),#1323,.F.);
#1298 = FACE_BOUND('',#1299,.F.);
#1299 = EDGE_LOOP('',(#1300,#1301,#1309,#1317));
#1300 = ORIENTED_EDGE('',*,*,#1279,.T.);
#1301 = ORIENTED_EDGE('',*,*,#1302,.T.);
#1302 = EDGE_CURVE('',#1272,#1303,#1305,.T.);
#1303 = VERTEX_POINT('',#1304);
#1304 = CARTESIAN_POINT('',(304.80944189366,14.996547605144,1.2));
#1305 = LINE('',#1306,#1307);
#1306 = CARTESIAN_POINT('',(304.92208147568,12.498661373712,1.2));
#1307 = VECTOR('',#1308,1.);
#1308 = DIRECTION('',(-4.504818139251E-02,0.998984815377,0.));
#1309 = ORIENTED_EDGE('',*,*,#1310,.F.);
#1310 = EDGE_CURVE('',#1311,#1303,#1313,.T.);
#1311 = VERTEX_POINT('',#1312);
#1312 = CARTESIAN_POINT('',(304.80944189366,14.996547605144,0.));
#1313 = LINE('',#1314,#1315);
#1314 = CARTESIAN_POINT('',(304.80944189366,14.996547605144,0.));
#1315 = VECTOR('',#1316,1.);
#1316 = DIRECTION('',(0.,0.,1.));
#1317 = ORIENTED_EDGE('',*,*,#1318,.F.);
#1318 = EDGE_CURVE('',#1280,#1311,#1319,.T.);
#1319 = LINE('',#1320,#1321);
#1320 = CARTESIAN_POINT('',(304.92208147568,12.498661373712,0.));
#1321 = VECTOR('',#1322,1.);
#1322 = DIRECTION('',(-4.504818139251E-02,0.998984815377,0.));
#1323 = PLANE('',#1324);
#1324 = AXIS2_PLACEMENT_3D('',#1325,#1326,#1327);
#1325 = CARTESIAN_POINT('',(304.92208147568,12.498661373712,0.));
#1326 = DIRECTION('',(-0.998984815377,-4.504818139251E-02,0.));
#1327 = DIRECTION('',(-4.504818139251E-02,0.998984815377,0.));
#1328 = ADVANCED_FACE('',(#1329),#1354,.F.);
#1329 = FACE_BOUND('',#1330,.F.);
#1330 = EDGE_LOOP('',(#1331,#1332,#1340,#1348));
#1331 = ORIENTED_EDGE('',*,*,#1310,.T.);
#1332 = ORIENTED_EDGE('',*,*,#1333,.T.);
#1333 = EDGE_CURVE('',#1303,#1334,#1336,.T.);
#1334 = VERTEX_POINT('',#1335);
#1335 = CARTESIAN_POINT('',(304.67634026222,17.49342710891,1.2));
#1336 = LINE('',#1337,#1338);
#1337 = CARTESIAN_POINT('',(304.80944189366,14.996547605144,1.2));
#1338 = VECTOR('',#1339,1.);
#1339 = DIRECTION('',(-5.323161120483E-02,0.998582192695,0.));
#1340 = ORIENTED_EDGE('',*,*,#1341,.F.);
#1341 = EDGE_CURVE('',#1342,#1334,#1344,.T.);
#1342 = VERTEX_POINT('',#1343);
#1343 = CARTESIAN_POINT('',(304.67634026222,17.49342710891,0.));
#1344 = LINE('',#1345,#1346);
#1345 = CARTESIAN_POINT('',(304.67634026222,17.49342710891,0.));
#1346 = VECTOR('',#1347,1.);
#1347 = DIRECTION('',(0.,0.,1.));
#1348 = ORIENTED_EDGE('',*,*,#1349,.F.);
#1349 = EDGE_CURVE('',#1311,#1342,#1350,.T.);
#1350 = LINE('',#1351,#1352);
#1351 = CARTESIAN_POINT('',(304.80944189366,14.996547605144,0.));
#1352 = VECTOR('',#1353,1.);
#1353 = DIRECTION('',(-5.323161120483E-02,0.998582192695,0.));
#1354 = PLANE('',#1355);
#1355 = AXIS2_PLACEMENT_3D('',#1356,#1357,#1358);
#1356 = CARTESIAN_POINT('',(304.80944189366,14.996547605144,0.));
#1357 = DIRECTION('',(-0.998582192695,-5.323161120483E-02,0.));
#1358 = DIRECTION('',(-5.323161120483E-02,0.998582192695,0.));
#1359 = ADVANCED_FACE('',(#1360),#1385,.F.);
#1360 = FACE_BOUND('',#1361,.F.);
#1361 = EDGE_LOOP('',(#1362,#1363,#1371,#1379));
#1362 = ORIENTED_EDGE('',*,*,#1341,.T.);
#1363 = ORIENTED_EDGE('',*,*,#1364,.T.);
#1364 = EDGE_CURVE('',#1334,#1365,#1367,.T.);
#1365 = VERTEX_POINT('',#1366);
#1366 = CARTESIAN_POINT('',(304.52278551657,19.98913226792,1.2));
#1367 = LINE('',#1368,#1369);
#1368 = CARTESIAN_POINT('',(304.67634026222,17.49342710891,1.2));
#1369 = VECTOR('',#1370,1.);
#1370 = DIRECTION('',(-6.141146754557E-02,0.998112534564,0.));
#1371 = ORIENTED_EDGE('',*,*,#1372,.F.);
#1372 = EDGE_CURVE('',#1373,#1365,#1375,.T.);
#1373 = VERTEX_POINT('',#1374);
#1374 = CARTESIAN_POINT('',(304.52278551657,19.98913226792,0.));
#1375 = LINE('',#1376,#1377);
#1376 = CARTESIAN_POINT('',(304.52278551657,19.98913226792,0.));
#1377 = VECTOR('',#1378,1.);
#1378 = DIRECTION('',(0.,0.,1.));
#1379 = ORIENTED_EDGE('',*,*,#1380,.F.);
#1380 = EDGE_CURVE('',#1342,#1373,#1381,.T.);
#1381 = LINE('',#1382,#1383);
#1382 = CARTESIAN_POINT('',(304.67634026222,17.49342710891,0.));
#1383 = VECTOR('',#1384,1.);
#1384 = DIRECTION('',(-6.141146754557E-02,0.998112534564,0.));
#1385 = PLANE('',#1386);
#1386 = AXIS2_PLACEMENT_3D('',#1387,#1388,#1389);
#1387 = CARTESIAN_POINT('',(304.67634026222,17.49342710891,0.));
#1388 = DIRECTION('',(-0.998112534564,-6.141146754557E-02,0.));
#1389 = DIRECTION('',(-6.141146754557E-02,0.998112534564,0.));
#1390 = ADVANCED_FACE('',(#1391),#1416,.F.);
#1391 = FACE_BOUND('',#1392,.F.);
#1392 = EDGE_LOOP('',(#1393,#1394,#1402,#1410));
#1393 = ORIENTED_EDGE('',*,*,#1372,.T.);
#1394 = ORIENTED_EDGE('',*,*,#1395,.T.);
#1395 = EDGE_CURVE('',#1365,#1396,#1398,.T.);
#1396 = VERTEX_POINT('',#1397);
#1397 = CARTESIAN_POINT('',(304.34878796493,22.483495543916,1.2));
#1398 = LINE('',#1399,#1400);
#1399 = CARTESIAN_POINT('',(304.52278551657,19.98913226792,1.2));
#1400 = VECTOR('',#1401,1.);
#1401 = DIRECTION('',(-6.958720129592E-02,0.997575872511,0.));
#1402 = ORIENTED_EDGE('',*,*,#1403,.F.);
#1403 = EDGE_CURVE('',#1404,#1396,#1406,.T.);
#1404 = VERTEX_POINT('',#1405);
#1405 = CARTESIAN_POINT('',(304.34878796493,22.483495543916,0.));
#1406 = LINE('',#1407,#1408);
#1407 = CARTESIAN_POINT('',(304.34878796493,22.483495543916,0.));
#1408 = VECTOR('',#1409,1.);
#1409 = DIRECTION('',(0.,0.,1.));
#1410 = ORIENTED_EDGE('',*,*,#1411,.F.);
#1411 = EDGE_CURVE('',#1373,#1404,#1412,.T.);
#1412 = LINE('',#1413,#1414);
#1413 = CARTESIAN_POINT('',(304.52278551657,19.98913226792,0.));
#1414 = VECTOR('',#1415,1.);
#1415 = DIRECTION('',(-6.958720129592E-02,0.997575872511,0.));
#1416 = PLANE('',#1417);
#1417 = AXIS2_PLACEMENT_3D('',#1418,#1419,#1420);
#1418 = CARTESIAN_POINT('',(304.52278551657,19.98913226792,0.));
#1419 = DIRECTION('',(-0.997575872511,-6.958720129592E-02,0.));
#1420 = DIRECTION('',(-6.958720129592E-02,0.997575872511,0.));
#1421 = ADVANCED_FACE('',(#1422),#1447,.F.);
#1422 = FACE_BOUND('',#1423,.F.);
#1423 = EDGE_LOOP('',(#1424,#1425,#1433,#1441));
#1424 = ORIENTED_EDGE('',*,*,#1403,.T.);
#1425 = ORIENTED_EDGE('',*,*,#1426,.T.);
#1426 = EDGE_CURVE('',#1396,#1427,#1429,.T.);
#1427 = VERTEX_POINT('',#1428);
#1428 = CARTESIAN_POINT('',(304.15435928787,24.976349488726,1.2));
#1429 = LINE('',#1430,#1431);
#1430 = CARTESIAN_POINT('',(304.34878796493,22.483495543916,1.2));
#1431 = VECTOR('',#1432,1.);
#1432 = DIRECTION('',(-7.77582636137E-02,0.996972242562,0.));
#1433 = ORIENTED_EDGE('',*,*,#1434,.F.);
#1434 = EDGE_CURVE('',#1435,#1427,#1437,.T.);
#1435 = VERTEX_POINT('',#1436);
#1436 = CARTESIAN_POINT('',(304.15435928787,24.976349488726,0.));
#1437 = LINE('',#1438,#1439);
#1438 = CARTESIAN_POINT('',(304.15435928787,24.976349488726,0.));
#1439 = VECTOR('',#1440,1.);
#1440 = DIRECTION('',(0.,0.,1.));
#1441 = ORIENTED_EDGE('',*,*,#1442,.F.);
#1442 = EDGE_CURVE('',#1404,#1435,#1443,.T.);
#1443 = LINE('',#1444,#1445);
#1444 = CARTESIAN_POINT('',(304.34878796493,22.483495543916,0.));
#1445 = VECTOR('',#1446,1.);
#1446 = DIRECTION('',(-7.77582636137E-02,0.996972242562,0.));
#1447 = PLANE('',#1448);
#1448 = AXIS2_PLACEMENT_3D('',#1449,#1450,#1451);
#1449 = CARTESIAN_POINT('',(304.34878796493,22.483495543916,0.));
#1450 = DIRECTION('',(-0.996972242562,-7.77582636137E-02,0.));
#1451 = DIRECTION('',(-7.77582636137E-02,0.996972242562,0.));
#1452 = ADVANCED_FACE('',(#1453),#1478,.F.);
#1453 = FACE_BOUND('',#1454,.F.);
#1454 = EDGE_LOOP('',(#1455,#1456,#1464,#1472));
#1455 = ORIENTED_EDGE('',*,*,#1434,.T.);
#1456 = ORIENTED_EDGE('',*,*,#1457,.T.);
#1457 = EDGE_CURVE('',#1427,#1458,#1460,.T.);
#1458 = VERTEX_POINT('',#1459);
#1459 = CARTESIAN_POINT('',(303.9395125375,27.467526755496,1.2));
#1460 = LINE('',#1461,#1462);
#1461 = CARTESIAN_POINT('',(304.15435928787,24.976349488726,1.2));
#1462 = VECTOR('',#1463,1.);
#1463 = DIRECTION('',(-8.592410597037E-02,0.996301685241,0.));
#1464 = ORIENTED_EDGE('',*,*,#1465,.F.);
#1465 = EDGE_CURVE('',#1466,#1458,#1468,.T.);
#1466 = VERTEX_POINT('',#1467);
#1467 = CARTESIAN_POINT('',(303.9395125375,27.467526755496,0.));
#1468 = LINE('',#1469,#1470);
#1469 = CARTESIAN_POINT('',(303.9395125375,27.467526755496,0.));
#1470 = VECTOR('',#1471,1.);
#1471 = DIRECTION('',(0.,0.,1.));
#1472 = ORIENTED_EDGE('',*,*,#1473,.F.);
#1473 = EDGE_CURVE('',#1435,#1466,#1474,.T.);
#1474 = LINE('',#1475,#1476);
#1475 = CARTESIAN_POINT('',(304.15435928787,24.976349488726,0.));
#1476 = VECTOR('',#1477,1.);
#1477 = DIRECTION('',(-8.592410597037E-02,0.996301685241,0.));
#1478 = PLANE('',#1479);
#1479 = AXIS2_PLACEMENT_3D('',#1480,#1481,#1482);
#1480 = CARTESIAN_POINT('',(304.15435928787,24.976349488726,0.));
#1481 = DIRECTION('',(-0.996301685241,-8.592410597037E-02,0.));
#1482 = DIRECTION('',(-8.592410597037E-02,0.996301685241,0.));
#1483 = ADVANCED_FACE('',(#1484),#1509,.F.);
#1484 = FACE_BOUND('',#1485,.F.);
#1485 = EDGE_LOOP('',(#1486,#1487,#1495,#1503));
#1486 = ORIENTED_EDGE('',*,*,#1465,.T.);
#1487 = ORIENTED_EDGE('',*,*,#1488,.T.);
#1488 = EDGE_CURVE('',#1458,#1489,#1491,.T.);
#1489 = VERTEX_POINT('',#1490);
#1490 = CARTESIAN_POINT('',(303.70426213662,29.956860109931,1.2));
#1491 = LINE('',#1492,#1493);
#1492 = CARTESIAN_POINT('',(303.9395125375,27.467526755496,1.2));
#1493 = VECTOR('',#1494,1.);
#1494 = DIRECTION('',(-9.408418018784E-02,0.99556424556,0.));
#1495 = ORIENTED_EDGE('',*,*,#1496,.F.);
#1496 = EDGE_CURVE('',#1497,#1489,#1499,.T.);
#1497 = VERTEX_POINT('',#1498);
#1498 = CARTESIAN_POINT('',(303.70426213662,29.956860109931,0.));
#1499 = LINE('',#1500,#1501);
#1500 = CARTESIAN_POINT('',(303.70426213662,29.956860109931,0.));
#1501 = VECTOR('',#1502,1.);
#1502 = DIRECTION('',(0.,0.,1.));
#1503 = ORIENTED_EDGE('',*,*,#1504,.F.);
#1504 = EDGE_CURVE('',#1466,#1497,#1505,.T.);
#1505 = LINE('',#1506,#1507);
#1506 = CARTESIAN_POINT('',(303.9395125375,27.467526755496,0.));
#1507 = VECTOR('',#1508,1.);
#1508 = DIRECTION('',(-9.408418018784E-02,0.99556424556,0.));
#1509 = PLANE('',#1510);
#1510 = AXIS2_PLACEMENT_3D('',#1511,#1512,#1513);
#1511 = CARTESIAN_POINT('',(303.9395125375,27.467526755496,0.));
#1512 = DIRECTION('',(-0.99556424556,-9.408418018784E-02,0.));
#1513 = DIRECTION('',(-9.408418018784E-02,0.99556424556,0.));
#1514 = ADVANCED_FACE('',(#1515),#1540,.F.);
#1515 = FACE_BOUND('',#1516,.F.);
#1516 = EDGE_LOOP('',(#1517,#1518,#1526,#1534));
#1517 = ORIENTED_EDGE('',*,*,#1496,.T.);
#1518 = ORIENTED_EDGE('',*,*,#1519,.T.);
#1519 = EDGE_CURVE('',#1489,#1520,#1522,.T.);
#1520 = VERTEX_POINT('',#1521);
#1521 = CARTESIAN_POINT('',(303.44862387775,32.444182441519,1.2));
#1522 = LINE('',#1523,#1524);
#1523 = CARTESIAN_POINT('',(303.70426213662,29.956860109931,1.2));
#1524 = VECTOR('',#1525,1.);
#1525 = DIRECTION('',(-0.102237938475,0.994759973027,0.));
#1526 = ORIENTED_EDGE('',*,*,#1527,.F.);
#1527 = EDGE_CURVE('',#1528,#1520,#1530,.T.);
#1528 = VERTEX_POINT('',#1529);
#1529 = CARTESIAN_POINT('',(303.44862387775,32.444182441519,0.));
#1530 = LINE('',#1531,#1532);
#1531 = CARTESIAN_POINT('',(303.44862387775,32.444182441519,0.));
#1532 = VECTOR('',#1533,1.);
#1533 = DIRECTION('',(0.,0.,1.));
#1534 = ORIENTED_EDGE('',*,*,#1535,.F.);
#1535 = EDGE_CURVE('',#1497,#1528,#1536,.T.);
#1536 = LINE('',#1537,#1538);
#1537 = CARTESIAN_POINT('',(303.70426213662,29.956860109931,0.));
#1538 = VECTOR('',#1539,1.);
#1539 = DIRECTION('',(-0.102237938475,0.994759973027,0.));
#1540 = PLANE('',#1541);
#1541 = AXIS2_PLACEMENT_3D('',#1542,#1543,#1544);
#1542 = CARTESIAN_POINT('',(303.70426213662,29.956860109931,0.));
#1543 = DIRECTION('',(-0.994759973027,-0.102237938475,0.));
#1544 = DIRECTION('',(-0.102237938475,0.994759973027,0.));
#1545 = ADVANCED_FACE('',(#1546),#1571,.F.);
#1546 = FACE_BOUND('',#1547,.F.);
#1547 = EDGE_LOOP('',(#1548,#1549,#1557,#1565));
#1548 = ORIENTED_EDGE('',*,*,#1527,.T.);
#1549 = ORIENTED_EDGE('',*,*,#1550,.T.);
#1550 = EDGE_CURVE('',#1520,#1551,#1553,.T.);
#1551 = VERTEX_POINT('',#1552);
#1552 = CARTESIAN_POINT('',(303.17261492203,34.929326774748,1.2));
#1553 = LINE('',#1554,#1555);
#1554 = CARTESIAN_POINT('',(303.44862387775,32.444182441519,1.2));
#1555 = VECTOR('',#1556,1.);
#1556 = DIRECTION('',(-0.110384833465,0.993888921631,0.));
#1557 = ORIENTED_EDGE('',*,*,#1558,.F.);
#1558 = EDGE_CURVE('',#1559,#1551,#1561,.T.);
#1559 = VERTEX_POINT('',#1560);
#1560 = CARTESIAN_POINT('',(303.17261492203,34.929326774748,0.));
#1561 = LINE('',#1562,#1563);
#1562 = CARTESIAN_POINT('',(303.17261492203,34.929326774748,0.));
#1563 = VECTOR('',#1564,1.);
#1564 = DIRECTION('',(0.,0.,1.));
#1565 = ORIENTED_EDGE('',*,*,#1566,.F.);
#1566 = EDGE_CURVE('',#1528,#1559,#1567,.T.);
#1567 = LINE('',#1568,#1569);
#1568 = CARTESIAN_POINT('',(303.44862387775,32.444182441519,0.));
#1569 = VECTOR('',#1570,1.);
#1570 = DIRECTION('',(-0.110384833465,0.993888921631,0.));
#1571 = PLANE('',#1572);
#1572 = AXIS2_PLACEMENT_3D('',#1573,#1574,#1575);
#1573 = CARTESIAN_POINT('',(303.44862387775,32.444182441519,0.));
#1574 = DIRECTION('',(-0.993888921631,-0.110384833465,0.));
#1575 = DIRECTION('',(-0.110384833465,0.993888921631,0.));
#1576 = ADVANCED_FACE('',(#1577),#1602,.F.);
#1577 = FACE_BOUND('',#1578,.F.);
#1578 = EDGE_LOOP('',(#1579,#1580,#1588,#1596));
#1579 = ORIENTED_EDGE('',*,*,#1558,.T.);
#1580 = ORIENTED_EDGE('',*,*,#1581,.T.);
#1581 = EDGE_CURVE('',#1551,#1582,#1584,.T.);
#1582 = VERTEX_POINT('',#1583);
#1583 = CARTESIAN_POINT('',(302.87625379812,37.412126280317,1.2));
#1584 = LINE('',#1585,#1586);
#1585 = CARTESIAN_POINT('',(303.17261492203,34.929326774748,1.2));
#1586 = VECTOR('',#1587,1.);
#1587 = DIRECTION('',(-0.118524318252,0.992951149847,0.));
#1588 = ORIENTED_EDGE('',*,*,#1589,.F.);
#1589 = EDGE_CURVE('',#1590,#1582,#1592,.T.);
#1590 = VERTEX_POINT('',#1591);
#1591 = CARTESIAN_POINT('',(302.87625379812,37.412126280317,0.));
#1592 = LINE('',#1593,#1594);
#1593 = CARTESIAN_POINT('',(302.87625379812,37.412126280317,0.));
#1594 = VECTOR('',#1595,1.);
#1595 = DIRECTION('',(0.,0.,1.));
#1596 = ORIENTED_EDGE('',*,*,#1597,.F.);
#1597 = EDGE_CURVE('',#1559,#1590,#1598,.T.);
#1598 = LINE('',#1599,#1600);
#1599 = CARTESIAN_POINT('',(303.17261492203,34.929326774748,0.));
#1600 = VECTOR('',#1601,1.);
#1601 = DIRECTION('',(-0.118524318252,0.992951149847,0.));
#1602 = PLANE('',#1603);
#1603 = AXIS2_PLACEMENT_3D('',#1604,#1605,#1606);
#1604 = CARTESIAN_POINT('',(303.17261492203,34.929326774748,0.));
#1605 = DIRECTION('',(-0.992951149847,-0.118524318252,0.));
#1606 = DIRECTION('',(-0.118524318252,0.992951149847,0.));
#1607 = ADVANCED_FACE('',(#1608),#1633,.F.);
#1608 = FACE_BOUND('',#1609,.F.);
#1609 = EDGE_LOOP('',(#1610,#1611,#1619,#1627));
#1610 = ORIENTED_EDGE('',*,*,#1589,.T.);
#1611 = ORIENTED_EDGE('',*,*,#1612,.T.);
#1612 = EDGE_CURVE('',#1582,#1613,#1615,.T.);
#1613 = VERTEX_POINT('',#1614);
#1614 = CARTESIAN_POINT('',(302.55956040093,39.892414286334,1.2));
#1615 = LINE('',#1616,#1617);
#1616 = CARTESIAN_POINT('',(302.87625379812,37.412126280317,1.2));
#1617 = VECTOR('',#1618,1.);
#1618 = DIRECTION('',(-0.126655846427,0.991946720629,0.));
#1619 = ORIENTED_EDGE('',*,*,#1620,.F.);
#1620 = EDGE_CURVE('',#1621,#1613,#1623,.T.);
#1621 = VERTEX_POINT('',#1622);
#1622 = CARTESIAN_POINT('',(302.55956040093,39.892414286334,0.));
#1623 = LINE('',#1624,#1625);
#1624 = CARTESIAN_POINT('',(302.55956040093,39.892414286334,0.));
#1625 = VECTOR('',#1626,1.);
#1626 = DIRECTION('',(0.,0.,1.));
#1627 = ORIENTED_EDGE('',*,*,#1628,.F.);
#1628 = EDGE_CURVE('',#1590,#1621,#1629,.T.);
#1629 = LINE('',#1630,#1631);
#1630 = CARTESIAN_POINT('',(302.87625379812,37.412126280317,0.));
#1631 = VECTOR('',#1632,1.);
#1632 = DIRECTION('',(-0.126655846427,0.991946720629,0.));
#1633 = PLANE('',#1634);
#1634 = AXIS2_PLACEMENT_3D('',#1635,#1636,#1637);
#1635 = CARTESIAN_POINT('',(302.87625379812,37.412126280317,0.));
#1636 = DIRECTION('',(-0.991946720629,-0.126655846427,0.));
#1637 = DIRECTION('',(-0.126655846427,0.991946720629,0.));
#1638 = ADVANCED_FACE('',(#1639),#1664,.F.);
#1639 = FACE_BOUND('',#1640,.F.);
#1640 = EDGE_LOOP('',(#1641,#1642,#1650,#1658));
#1641 = ORIENTED_EDGE('',*,*,#1620,.T.);
#1642 = ORIENTED_EDGE('',*,*,#1643,.T.);
#1643 = EDGE_CURVE('',#1613,#1644,#1646,.T.);
#1644 = VERTEX_POINT('',#1645);
#1645 = CARTESIAN_POINT('',(302.22255599029,42.370024289508,1.2));
#1646 = LINE('',#1647,#1648);
#1647 = CARTESIAN_POINT('',(302.55956040093,39.892414286334,1.2));
#1648 = VECTOR('',#1649,1.);
#1649 = DIRECTION('',(-0.134778872116,0.990875701403,0.));
#1650 = ORIENTED_EDGE('',*,*,#1651,.F.);
#1651 = EDGE_CURVE('',#1652,#1644,#1654,.T.);
#1652 = VERTEX_POINT('',#1653);
#1653 = CARTESIAN_POINT('',(302.22255599029,42.370024289508,0.));
#1654 = LINE('',#1655,#1656);
#1655 = CARTESIAN_POINT('',(302.22255599029,42.370024289508,0.));
#1656 = VECTOR('',#1657,1.);
#1657 = DIRECTION('',(0.,0.,1.));
#1658 = ORIENTED_EDGE('',*,*,#1659,.F.);
#1659 = EDGE_CURVE('',#1621,#1652,#1660,.T.);
#1660 = LINE('',#1661,#1662);
#1661 = CARTESIAN_POINT('',(302.55956040093,39.892414286334,0.));
#1662 = VECTOR('',#1663,1.);
#1663 = DIRECTION('',(-0.134778872116,0.990875701403,0.));
#1664 = PLANE('',#1665);
#1665 = AXIS2_PLACEMENT_3D('',#1666,#1667,#1668);
#1666 = CARTESIAN_POINT('',(302.55956040093,39.892414286334,0.));
#1667 = DIRECTION('',(-0.990875701403,-0.134778872116,0.));
#1668 = DIRECTION('',(-0.134778872116,0.990875701403,0.));
#1669 = ADVANCED_FACE('',(#1670),#1695,.F.);
#1670 = FACE_BOUND('',#1671,.F.);
#1671 = EDGE_LOOP('',(#1672,#1673,#1681,#1689));
#1672 = ORIENTED_EDGE('',*,*,#1651,.T.);
#1673 = ORIENTED_EDGE('',*,*,#1674,.T.);
#1674 = EDGE_CURVE('',#1644,#1675,#1677,.T.);
#1675 = VERTEX_POINT('',#1676);
#1676 = CARTESIAN_POINT('',(301.86526318951,44.84478996632,1.2));
#1677 = LINE('',#1678,#1679);
#1678 = CARTESIAN_POINT('',(302.22255599029,42.370024289508,1.2));
#1679 = VECTOR('',#1680,1.);
#1680 = DIRECTION('',(-0.142892850014,0.989738164069,0.));
#1681 = ORIENTED_EDGE('',*,*,#1682,.F.);
#1682 = EDGE_CURVE('',#1683,#1675,#1685,.T.);
#1683 = VERTEX_POINT('',#1684);
#1684 = CARTESIAN_POINT('',(301.86526318951,44.84478996632,0.));
#1685 = LINE('',#1686,#1687);
#1686 = CARTESIAN_POINT('',(301.86526318951,44.84478996632,0.));
#1687 = VECTOR('',#1688,1.);
#1688 = DIRECTION('',(0.,0.,1.));
#1689 = ORIENTED_EDGE('',*,*,#1690,.F.);
#1690 = EDGE_CURVE('',#1652,#1683,#1691,.T.);
#1691 = LINE('',#1692,#1693);
#1692 = CARTESIAN_POINT('',(302.22255599029,42.370024289508,0.));
#1693 = VECTOR('',#1694,1.);
#1694 = DIRECTION('',(-0.142892850014,0.989738164069,0.));
#1695 = PLANE('',#1696);
#1696 = AXIS2_PLACEMENT_3D('',#1697,#1698,#1699);
#1697 = CARTESIAN_POINT('',(302.22255599029,42.370024289508,0.));
#1698 = DIRECTION('',(-0.989738164069,-0.142892850014,0.));
#1699 = DIRECTION('',(-0.142892850014,0.989738164069,0.));
#1700 = ADVANCED_FACE('',(#1701),#1726,.F.);
#1701 = FACE_BOUND('',#1702,.F.);
#1702 = EDGE_LOOP('',(#1703,#1704,#1712,#1720));
#1703 = ORIENTED_EDGE('',*,*,#1682,.T.);
#1704 = ORIENTED_EDGE('',*,*,#1705,.T.);
#1705 = EDGE_CURVE('',#1675,#1706,#1708,.T.);
#1706 = VERTEX_POINT('',#1707);
#1707 = CARTESIAN_POINT('',(301.48770598389,47.316545184197,1.2));
#1708 = LINE('',#1709,#1710);
#1709 = CARTESIAN_POINT('',(301.86526318951,44.84478996632,1.2));
#1710 = VECTOR('',#1711,1.);
#1711 = DIRECTION('',(-0.150997235425,0.98853418499,0.));
#1712 = ORIENTED_EDGE('',*,*,#1713,.F.);
#1713 = EDGE_CURVE('',#1714,#1706,#1716,.T.);
#1714 = VERTEX_POINT('',#1715);
#1715 = CARTESIAN_POINT('',(301.48770598389,47.316545184197,0.));
#1716 = LINE('',#1717,#1718);
#1717 = CARTESIAN_POINT('',(301.48770598389,47.316545184197,0.));
#1718 = VECTOR('',#1719,1.);
#1719 = DIRECTION('',(0.,0.,1.));
#1720 = ORIENTED_EDGE('',*,*,#1721,.F.);
#1721 = EDGE_CURVE('',#1683,#1714,#1722,.T.);
#1722 = LINE('',#1723,#1724);
#1723 = CARTESIAN_POINT('',(301.86526318951,44.84478996632,0.));
#1724 = VECTOR('',#1725,1.);
#1725 = DIRECTION('',(-0.150997235425,0.98853418499,0.));
#1726 = PLANE('',#1727);
#1727 = AXIS2_PLACEMENT_3D('',#1728,#1729,#1730);
#1728 = CARTESIAN_POINT('',(301.86526318951,44.84478996632,0.));
#1729 = DIRECTION('',(-0.98853418499,-0.150997235425,0.));
#1730 = DIRECTION('',(-0.150997235425,0.98853418499,0.));
#1731 = ADVANCED_FACE('',(#1732),#1757,.F.);
#1732 = FACE_BOUND('',#1733,.F.);
#1733 = EDGE_LOOP('',(#1734,#1735,#1743,#1751));
#1734 = ORIENTED_EDGE('',*,*,#1713,.T.);
#1735 = ORIENTED_EDGE('',*,*,#1736,.T.);
#1736 = EDGE_CURVE('',#1706,#1737,#1739,.T.);
#1737 = VERTEX_POINT('',#1738);
#1738 = CARTESIAN_POINT('',(301.08990971908,49.785124012656,1.2));
#1739 = LINE('',#1740,#1741);
#1740 = CARTESIAN_POINT('',(301.48770598389,47.316545184197,1.2));
#1741 = VECTOR('',#1742,1.);
#1742 = DIRECTION('',(-0.159091484297,0.98726384499,0.));
#1743 = ORIENTED_EDGE('',*,*,#1744,.F.);
#1744 = EDGE_CURVE('',#1745,#1737,#1747,.T.);
#1745 = VERTEX_POINT('',#1746);
#1746 = CARTESIAN_POINT('',(301.08990971908,49.785124012656,0.));
#1747 = LINE('',#1748,#1749);
#1748 = CARTESIAN_POINT('',(301.08990971908,49.785124012656,0.));
#1749 = VECTOR('',#1750,1.);
#1750 = DIRECTION('',(0.,0.,1.));
#1751 = ORIENTED_EDGE('',*,*,#1752,.F.);
#1752 = EDGE_CURVE('',#1714,#1745,#1753,.T.);
#1753 = LINE('',#1754,#1755);
#1754 = CARTESIAN_POINT('',(301.48770598389,47.316545184197,0.));
#1755 = VECTOR('',#1756,1.);
#1756 = DIRECTION('',(-0.159091484297,0.98726384499,0.));
#1757 = PLANE('',#1758);
#1758 = AXIS2_PLACEMENT_3D('',#1759,#1760,#1761);
#1759 = CARTESIAN_POINT('',(301.48770598389,47.316545184197,0.));
#1760 = DIRECTION('',(-0.98726384499,-0.159091484297,0.));
#1761 = DIRECTION('',(-0.159091484297,0.98726384499,0.));
#1762 = ADVANCED_FACE('',(#1763),#1788,.F.);
#1763 = FACE_BOUND('',#1764,.F.);
#1764 = EDGE_LOOP('',(#1765,#1766,#1774,#1782));
#1765 = ORIENTED_EDGE('',*,*,#1744,.T.);
#1766 = ORIENTED_EDGE('',*,*,#1767,.T.);
#1767 = EDGE_CURVE('',#1737,#1768,#1770,.T.);
#1768 = VERTEX_POINT('',#1769);
#1769 = CARTESIAN_POINT('',(300.67190109938,52.25036073445,1.2));
#1770 = LINE('',#1771,#1772);
#1771 = CARTESIAN_POINT('',(301.08990971908,49.785124012656,1.2));
#1772 = VECTOR('',#1773,1.);
#1773 = DIRECTION('',(-0.167175053257,0.985927229347,0.));
#1774 = ORIENTED_EDGE('',*,*,#1775,.F.);
#1775 = EDGE_CURVE('',#1776,#1768,#1778,.T.);
#1776 = VERTEX_POINT('',#1777);
#1777 = CARTESIAN_POINT('',(300.67190109938,52.25036073445,0.));
#1778 = LINE('',#1779,#1780);
#1779 = CARTESIAN_POINT('',(300.67190109938,52.25036073445,0.));
#1780 = VECTOR('',#1781,1.);
#1781 = DIRECTION('',(0.,0.,1.));
#1782 = ORIENTED_EDGE('',*,*,#1783,.F.);
#1783 = EDGE_CURVE('',#1745,#1776,#1784,.T.);
#1784 = LINE('',#1785,#1786);
#1785 = CARTESIAN_POINT('',(301.08990971908,49.785124012656,0.));
#1786 = VECTOR('',#1787,1.);
#1787 = DIRECTION('',(-0.167175053257,0.985927229347,0.));
#1788 = PLANE('',#1789);
#1789 = AXIS2_PLACEMENT_3D('',#1790,#1791,#1792);
#1790 = CARTESIAN_POINT('',(301.08990971908,49.785124012656,0.));
#1791 = DIRECTION('',(-0.985927229347,-0.167175053257,0.));
#1792 = DIRECTION('',(-0.167175053257,0.985927229347,0.));
#1793 = ADVANCED_FACE('',(#1794),#1819,.F.);
#1794 = FACE_BOUND('',#1795,.F.);
#1795 = EDGE_LOOP('',(#1796,#1797,#1805,#1813));
#1796 = ORIENTED_EDGE('',*,*,#1775,.T.);
#1797 = ORIENTED_EDGE('',*,*,#1798,.T.);
#1798 = EDGE_CURVE('',#1768,#1799,#1801,.T.);
#1799 = VERTEX_POINT('',#1800);
#1800 = CARTESIAN_POINT('',(300.23370818599,54.712089856687,1.2));
#1801 = LINE('',#1802,#1803);
#1802 = CARTESIAN_POINT('',(300.67190109938,52.25036073445,1.2));
#1803 = VECTOR('',#1804,1.);
#1804 = DIRECTION('',(-0.175247399652,0.98452442779,0.));
#1805 = ORIENTED_EDGE('',*,*,#1806,.F.);
#1806 = EDGE_CURVE('',#1807,#1799,#1809,.T.);
#1807 = VERTEX_POINT('',#1808);
#1808 = CARTESIAN_POINT('',(300.23370818599,54.712089856687,0.));
#1809 = LINE('',#1810,#1811);
#1810 = CARTESIAN_POINT('',(300.23370818599,54.712089856687,0.));
#1811 = VECTOR('',#1812,1.);
#1812 = DIRECTION('',(0.,0.,1.));
#1813 = ORIENTED_EDGE('',*,*,#1814,.F.);
#1814 = EDGE_CURVE('',#1776,#1807,#1815,.T.);
#1815 = LINE('',#1816,#1817);
#1816 = CARTESIAN_POINT('',(300.67190109938,52.25036073445,0.));
#1817 = VECTOR('',#1818,1.);
#1818 = DIRECTION('',(-0.175247399652,0.98452442779,0.));
#1819 = PLANE('',#1820);
#1820 = AXIS2_PLACEMENT_3D('',#1821,#1822,#1823);
#1821 = CARTESIAN_POINT('',(300.67190109938,52.25036073445,0.));
#1822 = DIRECTION('',(-0.98452442779,-0.175247399652,0.));
#1823 = DIRECTION('',(-0.175247399652,0.98452442779,0.));
#1824 = ADVANCED_FACE('',(#1825),#1850,.F.);
#1825 = FACE_BOUND('',#1826,.F.);
#1826 = EDGE_LOOP('',(#1827,#1828,#1836,#1844));
#1827 = ORIENTED_EDGE('',*,*,#1806,.T.);
#1828 = ORIENTED_EDGE('',*,*,#1829,.T.);
#1829 = EDGE_CURVE('',#1799,#1830,#1832,.T.);
#1830 = VERTEX_POINT('',#1831);
#1831 = CARTESIAN_POINT('',(299.77536039507,57.170146121944,1.2));
#1832 = LINE('',#1833,#1834);
#1833 = CARTESIAN_POINT('',(300.23370818599,54.712089856687,1.2));
#1834 = VECTOR('',#1835,1.);
#1835 = DIRECTION('',(-0.183307981578,0.983055534489,0.));
#1836 = ORIENTED_EDGE('',*,*,#1837,.F.);
#1837 = EDGE_CURVE('',#1838,#1830,#1840,.T.);
#1838 = VERTEX_POINT('',#1839);
#1839 = CARTESIAN_POINT('',(299.77536039507,57.170146121944,0.));
#1840 = LINE('',#1841,#1842);
#1841 = CARTESIAN_POINT('',(299.77536039507,57.170146121944,0.));
#1842 = VECTOR('',#1843,1.);
#1843 = DIRECTION('',(0.,0.,1.));
#1844 = ORIENTED_EDGE('',*,*,#1845,.F.);
#1845 = EDGE_CURVE('',#1807,#1838,#1846,.T.);
#1846 = LINE('',#1847,#1848);
#1847 = CARTESIAN_POINT('',(300.23370818599,54.712089856687,0.));
#1848 = VECTOR('',#1849,1.);
#1849 = DIRECTION('',(-0.183307981578,0.983055534489,0.));
#1850 = PLANE('',#1851);
#1851 = AXIS2_PLACEMENT_3D('',#1852,#1853,#1854);
#1852 = CARTESIAN_POINT('',(300.23370818599,54.712089856687,0.));
#1853 = DIRECTION('',(-0.983055534489,-0.183307981578,0.));
#1854 = DIRECTION('',(-0.183307981578,0.983055534489,0.));
#1855 = ADVANCED_FACE('',(#1856),#1881,.F.);
#1856 = FACE_BOUND('',#1857,.F.);
#1857 = EDGE_LOOP('',(#1858,#1859,#1867,#1875));
#1858 = ORIENTED_EDGE('',*,*,#1837,.T.);
#1859 = ORIENTED_EDGE('',*,*,#1860,.T.);
#1860 = EDGE_CURVE('',#1830,#1861,#1863,.T.);
#1861 = VERTEX_POINT('',#1862);
#1862 = CARTESIAN_POINT('',(299.29688849579,59.624364519361,1.2));
#1863 = LINE('',#1864,#1865);
#1864 = CARTESIAN_POINT('',(299.77536039507,57.170146121944,1.2));
#1865 = VECTOR('',#1866,1.);
#1866 = DIRECTION('',(-0.191356257924,0.981520648053,0.));
#1867 = ORIENTED_EDGE('',*,*,#1868,.F.);
#1868 = EDGE_CURVE('',#1869,#1861,#1871,.T.);
#1869 = VERTEX_POINT('',#1870);
#1870 = CARTESIAN_POINT('',(299.29688849579,59.624364519361,0.));
#1871 = LINE('',#1872,#1873);
#1872 = CARTESIAN_POINT('',(299.29688849579,59.624364519361,0.));
#1873 = VECTOR('',#1874,1.);
#1874 = DIRECTION('',(0.,0.,1.));
#1875 = ORIENTED_EDGE('',*,*,#1876,.F.);
#1876 = EDGE_CURVE('',#1838,#1869,#1877,.T.);
#1877 = LINE('',#1878,#1879);
#1878 = CARTESIAN_POINT('',(299.77536039507,57.170146121944,0.));
#1879 = VECTOR('',#1880,1.);
#1880 = DIRECTION('',(-0.191356257924,0.981520648053,0.));
#1881 = PLANE('',#1882);
#1882 = AXIS2_PLACEMENT_3D('',#1883,#1884,#1885);
#1883 = CARTESIAN_POINT('',(299.77536039507,57.170146121944,0.));
#1884 = DIRECTION('',(-0.981520648053,-0.191356257924,0.));
#1885 = DIRECTION('',(-0.191356257924,0.981520648053,0.));
#1886 = ADVANCED_FACE('',(#1887),#1912,.F.);
#1887 = FACE_BOUND('',#1888,.F.);
#1888 = EDGE_LOOP('',(#1889,#1890,#1898,#1906));
#1889 = ORIENTED_EDGE('',*,*,#1868,.T.);
#1890 = ORIENTED_EDGE('',*,*,#1891,.T.);
#1891 = EDGE_CURVE('',#1861,#1892,#1894,.T.);
#1892 = VERTEX_POINT('',#1893);
#1893 = CARTESIAN_POINT('',(298.79832460827,62.074580295712,1.2));
#1894 = LINE('',#1895,#1896);
#1895 = CARTESIAN_POINT('',(299.29688849579,59.624364519361,1.2));
#1896 = VECTOR('',#1897,1.);
#1897 = DIRECTION('',(-0.199391688404,0.979919871518,0.));
#1898 = ORIENTED_EDGE('',*,*,#1899,.F.);
#1899 = EDGE_CURVE('',#1900,#1892,#1902,.T.);
#1900 = VERTEX_POINT('',#1901);
#1901 = CARTESIAN_POINT('',(298.79832460827,62.074580295712,0.));
#1902 = LINE('',#1903,#1904);
#1903 = CARTESIAN_POINT('',(298.79832460827,62.074580295712,0.));
#1904 = VECTOR('',#1905,1.);
#1905 = DIRECTION('',(0.,0.,1.));
#1906 = ORIENTED_EDGE('',*,*,#1907,.F.);
#1907 = EDGE_CURVE('',#1869,#1900,#1908,.T.);
#1908 = LINE('',#1909,#1910);
#1909 = CARTESIAN_POINT('',(299.29688849579,59.624364519361,0.));
#1910 = VECTOR('',#1911,1.);
#1911 = DIRECTION('',(-0.199391688404,0.979919871518,0.));
#1912 = PLANE('',#1913);
#1913 = AXIS2_PLACEMENT_3D('',#1914,#1915,#1916);
#1914 = CARTESIAN_POINT('',(299.29688849579,59.624364519361,0.));
#1915 = DIRECTION('',(-0.979919871518,-0.199391688404,0.));
#1916 = DIRECTION('',(-0.199391688404,0.979919871518,0.));
#1917 = ADVANCED_FACE('',(#1918),#1943,.F.);
#1918 = FACE_BOUND('',#1919,.F.);
#1919 = EDGE_LOOP('',(#1920,#1921,#1929,#1937));
#1920 = ORIENTED_EDGE('',*,*,#1899,.T.);
#1921 = ORIENTED_EDGE('',*,*,#1922,.T.);
#1922 = EDGE_CURVE('',#1892,#1923,#1925,.T.);
#1923 = VERTEX_POINT('',#1924);
#1924 = CARTESIAN_POINT('',(298.27970220142,64.520628966473,1.2));
#1925 = LINE('',#1926,#1927);
#1926 = CARTESIAN_POINT('',(298.79832460827,62.074580295712,1.2));
#1927 = VECTOR('',#1928,1.);
#1928 = DIRECTION('',(-0.207413733595,0.978253312346,0.));
#1929 = ORIENTED_EDGE('',*,*,#1930,.F.);
#1930 = EDGE_CURVE('',#1931,#1923,#1933,.T.);
#1931 = VERTEX_POINT('',#1932);
#1932 = CARTESIAN_POINT('',(298.27970220142,64.520628966473,0.));
#1933 = LINE('',#1934,#1935);
#1934 = CARTESIAN_POINT('',(298.27970220142,64.520628966473,0.));
#1935 = VECTOR('',#1936,1.);
#1936 = DIRECTION('',(0.,0.,1.));
#1937 = ORIENTED_EDGE('',*,*,#1938,.F.);
#1938 = EDGE_CURVE('',#1900,#1931,#1939,.T.);
#1939 = LINE('',#1940,#1941);
#1940 = CARTESIAN_POINT('',(298.79832460827,62.074580295712,0.));
#1941 = VECTOR('',#1942,1.);
#1942 = DIRECTION('',(-0.207413733595,0.978253312346,0.));
#1943 = PLANE('',#1944);
#1944 = AXIS2_PLACEMENT_3D('',#1945,#1946,#1947);
#1945 = CARTESIAN_POINT('',(298.79832460827,62.074580295712,0.));
#1946 = DIRECTION('',(-0.978253312346,-0.207413733595,0.));
#1947 = DIRECTION('',(-0.207413733595,0.978253312346,0.));
#1948 = ADVANCED_FACE('',(#1949),#1974,.F.);
#1949 = FACE_BOUND('',#1950,.F.);
#1950 = EDGE_LOOP('',(#1951,#1952,#1960,#1968));
#1951 = ORIENTED_EDGE('',*,*,#1930,.T.);
#1952 = ORIENTED_EDGE('',*,*,#1953,.T.);
#1953 = EDGE_CURVE('',#1923,#1954,#1956,.T.);
#1954 = VERTEX_POINT('',#1955);
#1955 = CARTESIAN_POINT('',(297.74105609069,66.962346326859,1.2));
#1956 = LINE('',#1957,#1958);
#1957 = CARTESIAN_POINT('',(298.27970220142,64.520628966473,1.2));
#1958 = VECTOR('',#1959,1.);
#1959 = DIRECTION('',(-0.215421854971,0.976521082415,0.));
#1960 = ORIENTED_EDGE('',*,*,#1961,.F.);
#1961 = EDGE_CURVE('',#1962,#1954,#1964,.T.);
#1962 = VERTEX_POINT('',#1963);
#1963 = CARTESIAN_POINT('',(297.74105609069,66.962346326859,0.));
#1964 = LINE('',#1965,#1966);
#1965 = CARTESIAN_POINT('',(297.74105609069,66.962346326859,0.));
#1966 = VECTOR('',#1967,1.);
#1967 = DIRECTION('',(0.,0.,1.));
#1968 = ORIENTED_EDGE('',*,*,#1969,.F.);
#1969 = EDGE_CURVE('',#1931,#1962,#1970,.T.);
#1970 = LINE('',#1971,#1972);
#1971 = CARTESIAN_POINT('',(298.27970220142,64.520628966473,0.));
#1972 = VECTOR('',#1973,1.);
#1973 = DIRECTION('',(-0.215421854971,0.976521082415,0.));
#1974 = PLANE('',#1975);
#1975 = AXIS2_PLACEMENT_3D('',#1976,#1977,#1978);
#1976 = CARTESIAN_POINT('',(298.27970220142,64.520628966473,0.));
#1977 = DIRECTION('',(-0.976521082415,-0.215421854971,0.));
#1978 = DIRECTION('',(-0.215421854971,0.976521082415,0.));
#1979 = ADVANCED_FACE('',(#1980),#2005,.F.);
#1980 = FACE_BOUND('',#1981,.F.);
#1981 = EDGE_LOOP('',(#1982,#1983,#1991,#1999));
#1982 = ORIENTED_EDGE('',*,*,#1961,.T.);
#1983 = ORIENTED_EDGE('',*,*,#1984,.T.);
#1984 = EDGE_CURVE('',#1954,#1985,#1987,.T.);
#1985 = VERTEX_POINT('',#1986);
#1986 = CARTESIAN_POINT('',(297.18242243573,69.399568462849,1.2));
#1987 = LINE('',#1988,#1989);
#1988 = CARTESIAN_POINT('',(297.74105609069,66.962346326859,1.2));
#1989 = VECTOR('',#1990,1.);
#1990 = DIRECTION('',(-0.223415514943,0.97472329801,0.));
#1991 = ORIENTED_EDGE('',*,*,#1992,.F.);
#1992 = EDGE_CURVE('',#1993,#1985,#1995,.T.);
#1993 = VERTEX_POINT('',#1994);
#1994 = CARTESIAN_POINT('',(297.18242243573,69.399568462849,0.));
#1995 = LINE('',#1996,#1997);
#1996 = CARTESIAN_POINT('',(297.18242243573,69.399568462849,0.));
#1997 = VECTOR('',#1998,1.);
#1998 = DIRECTION('',(0.,0.,1.));
#1999 = ORIENTED_EDGE('',*,*,#2000,.F.);
#2000 = EDGE_CURVE('',#1962,#1993,#2001,.T.);
#2001 = LINE('',#2002,#2003);
#2002 = CARTESIAN_POINT('',(297.74105609069,66.962346326859,0.));
#2003 = VECTOR('',#2004,1.);
#2004 = DIRECTION('',(-0.223415514943,0.97472329801,0.));
#2005 = PLANE('',#2006);
#2006 = AXIS2_PLACEMENT_3D('',#2007,#2008,#2009);
#2007 = CARTESIAN_POINT('',(297.74105609069,66.962346326859,0.));
#2008 = DIRECTION('',(-0.97472329801,-0.223415514943,0.));
#2009 = DIRECTION('',(-0.223415514943,0.97472329801,0.));
#2010 = ADVANCED_FACE('',(#2011),#2036,.F.);
#2011 = FACE_BOUND('',#2012,.F.);
#2012 = EDGE_LOOP('',(#2013,#2014,#2022,#2030));
#2013 = ORIENTED_EDGE('',*,*,#1992,.T.);
#2014 = ORIENTED_EDGE('',*,*,#2015,.T.);
#2015 = EDGE_CURVE('',#1985,#2016,#2018,.T.);
#2016 = VERTEX_POINT('',#2017);
#2017 = CARTESIAN_POINT('',(296.60383873796,71.83213176219,1.2));
#2018 = LINE('',#2019,#2020);
#2019 = CARTESIAN_POINT('',(297.18242243573,69.399568462849,1.2));
#2020 = VECTOR('',#2021,1.);
#2021 = DIRECTION('',(-0.231394176891,0.972860079817,0.));
#2022 = ORIENTED_EDGE('',*,*,#2023,.F.);
#2023 = EDGE_CURVE('',#2024,#2016,#2026,.T.);
#2024 = VERTEX_POINT('',#2025);
#2025 = CARTESIAN_POINT('',(296.60383873796,71.83213176219,0.));
#2026 = LINE('',#2027,#2028);
#2027 = CARTESIAN_POINT('',(296.60383873796,71.83213176219,0.));
#2028 = VECTOR('',#2029,1.);
#2029 = DIRECTION('',(0.,0.,1.));
#2030 = ORIENTED_EDGE('',*,*,#2031,.F.);
#2031 = EDGE_CURVE('',#1993,#2024,#2032,.T.);
#2032 = LINE('',#2033,#2034);
#2033 = CARTESIAN_POINT('',(297.18242243573,69.399568462849,0.));
#2034 = VECTOR('',#2035,1.);
#2035 = DIRECTION('',(-0.231394176891,0.972860079817,0.));
#2036 = PLANE('',#2037);
#2037 = AXIS2_PLACEMENT_3D('',#2038,#2039,#2040);
#2038 = CARTESIAN_POINT('',(297.18242243573,69.399568462849,0.));
#2039 = DIRECTION('',(-0.972860079817,-0.231394176891,0.));
#2040 = DIRECTION('',(-0.231394176891,0.972860079817,0.));
#2041 = ADVANCED_FACE('',(#2042),#2067,.F.);
#2042 = FACE_BOUND('',#2043,.F.);
#2043 = EDGE_LOOP('',(#2044,#2045,#2053,#2061));
#2044 = ORIENTED_EDGE('',*,*,#2023,.T.);
#2045 = ORIENTED_EDGE('',*,*,#2046,.T.);
#2046 = EDGE_CURVE('',#2016,#2047,#2049,.T.);
#2047 = VERTEX_POINT('',#2048);
#2048 = CARTESIAN_POINT('',(296.00534383809,74.259872925378,1.2));
#2049 = LINE('',#2050,#2051);
#2050 = CARTESIAN_POINT('',(296.60383873796,71.83213176219,1.2));
#2051 = VECTOR('',#2052,1.);
#2052 = DIRECTION('',(-0.239357305203,0.970931552915,0.));
#2053 = ORIENTED_EDGE('',*,*,#2054,.F.);
#2054 = EDGE_CURVE('',#2055,#2047,#2057,.T.);
#2055 = VERTEX_POINT('',#2056);
#2056 = CARTESIAN_POINT('',(296.00534383809,74.259872925378,0.));
#2057 = LINE('',#2058,#2059);
#2058 = CARTESIAN_POINT('',(296.00534383809,74.259872925378,0.));
#2059 = VECTOR('',#2060,1.);
#2060 = DIRECTION('',(0.,0.,1.));
#2061 = ORIENTED_EDGE('',*,*,#2062,.F.);
#2062 = EDGE_CURVE('',#2024,#2055,#2063,.T.);
#2063 = LINE('',#2064,#2065);
#2064 = CARTESIAN_POINT('',(296.60383873796,71.83213176219,0.));
#2065 = VECTOR('',#2066,1.);
#2066 = DIRECTION('',(-0.239357305203,0.970931552915,0.));
#2067 = PLANE('',#2068);
#2068 = AXIS2_PLACEMENT_3D('',#2069,#2070,#2071);
#2069 = CARTESIAN_POINT('',(296.60383873796,71.83213176219,0.));
#2070 = DIRECTION('',(-0.970931552915,-0.239357305203,0.));
#2071 = DIRECTION('',(-0.239357305203,0.970931552915,0.));
#2072 = ADVANCED_FACE('',(#2073),#2098,.F.);
#2073 = FACE_BOUND('',#2074,.F.);
#2074 = EDGE_LOOP('',(#2075,#2076,#2084,#2092));
#2075 = ORIENTED_EDGE('',*,*,#2054,.T.);
#2076 = ORIENTED_EDGE('',*,*,#2077,.T.);
#2077 = EDGE_CURVE('',#2047,#2078,#2080,.T.);
#2078 = VERTEX_POINT('',#2079);
#2079 = CARTESIAN_POINT('',(295.38697791343,76.682628976623,1.2));
#2080 = LINE('',#2081,#2082);
#2081 = CARTESIAN_POINT('',(296.00534383809,74.259872925378,1.2));
#2082 = VECTOR('',#2083,1.);
#2083 = DIRECTION('',(-0.247304365308,0.968937846768,0.));
#2084 = ORIENTED_EDGE('',*,*,#2085,.F.);
#2085 = EDGE_CURVE('',#2086,#2078,#2088,.T.);
#2086 = VERTEX_POINT('',#2087);
#2087 = CARTESIAN_POINT('',(295.38697791343,76.682628976623,0.));
#2088 = LINE('',#2089,#2090);
#2089 = CARTESIAN_POINT('',(295.38697791343,76.682628976623,0.));
#2090 = VECTOR('',#2091,1.);
#2091 = DIRECTION('',(0.,0.,1.));
#2092 = ORIENTED_EDGE('',*,*,#2093,.F.);
#2093 = EDGE_CURVE('',#2055,#2086,#2094,.T.);
#2094 = LINE('',#2095,#2096);
#2095 = CARTESIAN_POINT('',(296.00534383809,74.259872925378,0.));
#2096 = VECTOR('',#2097,1.);
#2097 = DIRECTION('',(-0.247304365308,0.968937846768,0.));
#2098 = PLANE('',#2099);
#2099 = AXIS2_PLACEMENT_3D('',#2100,#2101,#2102);
#2100 = CARTESIAN_POINT('',(296.00534383809,74.259872925378,0.));
#2101 = DIRECTION('',(-0.968937846768,-0.247304365308,0.));
#2102 = DIRECTION('',(-0.247304365308,0.968937846768,0.));
#2103 = ADVANCED_FACE('',(#2104),#2129,.F.);
#2104 = FACE_BOUND('',#2105,.F.);
#2105 = EDGE_LOOP('',(#2106,#2107,#2115,#2123));
#2106 = ORIENTED_EDGE('',*,*,#2085,.T.);
#2107 = ORIENTED_EDGE('',*,*,#2108,.T.);
#2108 = EDGE_CURVE('',#2078,#2109,#2111,.T.);
#2109 = VERTEX_POINT('',#2110);
#2110 = CARTESIAN_POINT('',(294.7487824753,79.100237274788,1.2));
#2111 = LINE('',#2112,#2113);
#2112 = CARTESIAN_POINT('',(295.38697791343,76.682628976623,1.2));
#2113 = VECTOR('',#2114,1.);
#2114 = DIRECTION('',(-0.255234823716,0.966879095215,0.));
#2115 = ORIENTED_EDGE('',*,*,#2116,.F.);
#2116 = EDGE_CURVE('',#2117,#2109,#2119,.T.);
#2117 = VERTEX_POINT('',#2118);
#2118 = CARTESIAN_POINT('',(294.7487824753,79.100237274788,0.));
#2119 = LINE('',#2120,#2121);
#2120 = CARTESIAN_POINT('',(294.7487824753,79.100237274788,0.));
#2121 = VECTOR('',#2122,1.);
#2122 = DIRECTION('',(0.,0.,1.));
#2123 = ORIENTED_EDGE('',*,*,#2124,.F.);
#2124 = EDGE_CURVE('',#2086,#2117,#2125,.T.);
#2125 = LINE('',#2126,#2127);
#2126 = CARTESIAN_POINT('',(295.38697791343,76.682628976623,0.));
#2127 = VECTOR('',#2128,1.);
#2128 = DIRECTION('',(-0.255234823716,0.966879095215,0.));
#2129 = PLANE('',#2130);
#2130 = AXIS2_PLACEMENT_3D('',#2131,#2132,#2133);
#2131 = CARTESIAN_POINT('',(295.38697791343,76.682628976623,0.));
#2132 = DIRECTION('',(-0.966879095215,-0.255234823716,0.));
#2133 = DIRECTION('',(-0.255234823716,0.966879095215,0.));
#2134 = ADVANCED_FACE('',(#2135),#2160,.F.);
#2135 = FACE_BOUND('',#2136,.F.);
#2136 = EDGE_LOOP('',(#2137,#2138,#2146,#2154));
#2137 = ORIENTED_EDGE('',*,*,#2116,.T.);
#2138 = ORIENTED_EDGE('',*,*,#2139,.T.);
#2139 = EDGE_CURVE('',#2109,#2140,#2142,.T.);
#2140 = VERTEX_POINT('',#2141);
#2141 = CARTESIAN_POINT('',(294.09080036614,81.51253552431,1.2));
#2142 = LINE('',#2143,#2144);
#2143 = CARTESIAN_POINT('',(294.7487824753,79.100237274788,1.2));
#2144 = VECTOR('',#2145,1.);
#2145 = DIRECTION('',(-0.263148148049,0.96475543646,0.));
#2146 = ORIENTED_EDGE('',*,*,#2147,.F.);
#2147 = EDGE_CURVE('',#2148,#2140,#2150,.T.);
#2148 = VERTEX_POINT('',#2149);
#2149 = CARTESIAN_POINT('',(294.09080036614,81.51253552431,0.));
#2150 = LINE('',#2151,#2152);
#2151 = CARTESIAN_POINT('',(294.09080036614,81.51253552431,0.));
#2152 = VECTOR('',#2153,1.);
#2153 = DIRECTION('',(0.,0.,1.));
#2154 = ORIENTED_EDGE('',*,*,#2155,.F.);
#2155 = EDGE_CURVE('',#2117,#2148,#2156,.T.);
#2156 = LINE('',#2157,#2158);
#2157 = CARTESIAN_POINT('',(294.7487824753,79.100237274788,0.));
#2158 = VECTOR('',#2159,1.);
#2159 = DIRECTION('',(-0.263148148049,0.96475543646,0.));
#2160 = PLANE('',#2161);
#2161 = AXIS2_PLACEMENT_3D('',#2162,#2163,#2164);
#2162 = CARTESIAN_POINT('',(294.7487824753,79.100237274788,0.));
#2163 = DIRECTION('',(-0.96475543646,-0.263148148049,0.));
#2164 = DIRECTION('',(-0.263148148049,0.96475543646,0.));
#2165 = ADVANCED_FACE('',(#2166),#2191,.F.);
#2166 = FACE_BOUND('',#2167,.F.);
#2167 = EDGE_LOOP('',(#2168,#2169,#2177,#2185));
#2168 = ORIENTED_EDGE('',*,*,#2147,.T.);
#2169 = ORIENTED_EDGE('',*,*,#2170,.T.);
#2170 = EDGE_CURVE('',#2140,#2171,#2173,.T.);
#2171 = VERTEX_POINT('',#2172);
#2172 = CARTESIAN_POINT('',(293.41307575671,83.91936178609,1.2));
#2173 = LINE('',#2174,#2175);
#2174 = CARTESIAN_POINT('',(294.09080036614,81.51253552431,1.2));
#2175 = VECTOR('',#2176,1.);
#2176 = DIRECTION('',(-0.271043807082,0.962567013066,0.));
#2177 = ORIENTED_EDGE('',*,*,#2178,.F.);
#2178 = EDGE_CURVE('',#2179,#2171,#2181,.T.);
#2179 = VERTEX_POINT('',#2180);
#2180 = CARTESIAN_POINT('',(293.41307575671,83.91936178609,0.));
#2181 = LINE('',#2182,#2183);
#2182 = CARTESIAN_POINT('',(293.41307575671,83.91936178609,0.));
#2183 = VECTOR('',#2184,1.);
#2184 = DIRECTION('',(0.,0.,1.));
#2185 = ORIENTED_EDGE('',*,*,#2186,.F.);
#2186 = EDGE_CURVE('',#2148,#2179,#2187,.T.);
#2187 = LINE('',#2188,#2189);
#2188 = CARTESIAN_POINT('',(294.09080036614,81.51253552431,0.));
#2189 = VECTOR('',#2190,1.);
#2190 = DIRECTION('',(-0.271043807082,0.962567013066,0.));
#2191 = PLANE('',#2192);
#2192 = AXIS2_PLACEMENT_3D('',#2193,#2194,#2195);
#2193 = CARTESIAN_POINT('',(294.09080036614,81.51253552431,0.));
#2194 = DIRECTION('',(-0.962567013066,-0.271043807082,0.));
#2195 = DIRECTION('',(-0.271043807082,0.962567013066,0.));
#2196 = ADVANCED_FACE('',(#2197),#2222,.F.);
#2197 = FACE_BOUND('',#2198,.F.);
#2198 = EDGE_LOOP('',(#2199,#2200,#2208,#2216));
#2199 = ORIENTED_EDGE('',*,*,#2178,.T.);
#2200 = ORIENTED_EDGE('',*,*,#2201,.T.);
#2201 = EDGE_CURVE('',#2171,#2202,#2204,.T.);
#2202 = VERTEX_POINT('',#2203);
#2203 = CARTESIAN_POINT('',(292.71565414309,86.320554488368,1.2));
#2204 = LINE('',#2205,#2206);
#2205 = CARTESIAN_POINT('',(293.41307575671,83.91936178609,1.2));
#2206 = VECTOR('',#2207,1.);
#2207 = DIRECTION('',(-0.278921270774,0.960313971943,0.));
#2208 = ORIENTED_EDGE('',*,*,#2209,.F.);
#2209 = EDGE_CURVE('',#2210,#2202,#2212,.T.);
#2210 = VERTEX_POINT('',#2211);
#2211 = CARTESIAN_POINT('',(292.71565414309,86.320554488368,0.));
#2212 = LINE('',#2213,#2214);
#2213 = CARTESIAN_POINT('',(292.71565414309,86.320554488368,0.));
#2214 = VECTOR('',#2215,1.);
#2215 = DIRECTION('',(0.,0.,1.));
#2216 = ORIENTED_EDGE('',*,*,#2217,.F.);
#2217 = EDGE_CURVE('',#2179,#2210,#2218,.T.);
#2218 = LINE('',#2219,#2220);
#2219 = CARTESIAN_POINT('',(293.41307575671,83.91936178609,0.));
#2220 = VECTOR('',#2221,1.);
#2221 = DIRECTION('',(-0.278921270774,0.960313971943,0.));
#2222 = PLANE('',#2223);
#2223 = AXIS2_PLACEMENT_3D('',#2224,#2225,#2226);
#2224 = CARTESIAN_POINT('',(293.41307575671,83.91936178609,0.));
#2225 = DIRECTION('',(-0.960313971943,-0.278921270774,0.));
#2226 = DIRECTION('',(-0.278921270774,0.960313971943,0.));
#2227 = ADVANCED_FACE('',(#2228),#2253,.F.);
#2228 = FACE_BOUND('',#2229,.F.);
#2229 = EDGE_LOOP('',(#2230,#2231,#2239,#2247));
#2230 = ORIENTED_EDGE('',*,*,#2209,.T.);
#2231 = ORIENTED_EDGE('',*,*,#2232,.T.);
#2232 = EDGE_CURVE('',#2202,#2233,#2235,.T.);
#2233 = VERTEX_POINT('',#2234);
#2234 = CARTESIAN_POINT('',(291.99858234363,88.71595243757,1.2));
#2235 = LINE('',#2236,#2237);
#2236 = CARTESIAN_POINT('',(292.71565414309,86.320554488368,1.2));
#2237 = VECTOR('',#2238,1.);
#2238 = DIRECTION('',(-0.286780010306,0.957996464341,0.));
#2239 = ORIENTED_EDGE('',*,*,#2240,.F.);
#2240 = EDGE_CURVE('',#2241,#2233,#2243,.T.);
#2241 = VERTEX_POINT('',#2242);
#2242 = CARTESIAN_POINT('',(291.99858234363,88.71595243757,0.));
#2243 = LINE('',#2244,#2245);
#2244 = CARTESIAN_POINT('',(291.99858234363,88.71595243757,0.));
#2245 = VECTOR('',#2246,1.);
#2246 = DIRECTION('',(0.,0.,1.));
#2247 = ORIENTED_EDGE('',*,*,#2248,.F.);
#2248 = EDGE_CURVE('',#2210,#2241,#2249,.T.);
#2249 = LINE('',#2250,#2251);
#2250 = CARTESIAN_POINT('',(292.71565414309,86.320554488368,0.));
#2251 = VECTOR('',#2252,1.);
#2252 = DIRECTION('',(-0.286780010306,0.957996464341,0.));
#2253 = PLANE('',#2254);
#2254 = AXIS2_PLACEMENT_3D('',#2255,#2256,#2257);
#2255 = CARTESIAN_POINT('',(292.71565414309,86.320554488368,0.));
#2256 = DIRECTION('',(-0.957996464341,-0.286780010306,0.));
#2257 = DIRECTION('',(-0.286780010306,0.957996464341,0.));
#2258 = ADVANCED_FACE('',(#2259),#2284,.F.);
#2259 = FACE_BOUND('',#2260,.F.);
#2260 = EDGE_LOOP('',(#2261,#2262,#2270,#2278));
#2261 = ORIENTED_EDGE('',*,*,#2240,.T.);
#2262 = ORIENTED_EDGE('',*,*,#2263,.T.);
#2263 = EDGE_CURVE('',#2233,#2264,#2266,.T.);
#2264 = VERTEX_POINT('',#2265);
#2265 = CARTESIAN_POINT('',(241.86155053901,73.483157493021,1.2));
#2266 = LINE('',#2267,#2268);
#2267 = CARTESIAN_POINT('',(291.99858234363,88.71595243757,1.2));
#2268 = VECTOR('',#2269,1.);
#2269 = DIRECTION('',(-0.956813584058,-0.290702193598,0.));
#2270 = ORIENTED_EDGE('',*,*,#2271,.F.);
#2271 = EDGE_CURVE('',#2272,#2264,#2274,.T.);
#2272 = VERTEX_POINT('',#2273);
#2273 = CARTESIAN_POINT('',(241.86155053901,73.483157493021,0.));
#2274 = LINE('',#2275,#2276);
#2275 = CARTESIAN_POINT('',(241.86155053901,73.483157493021,0.));
#2276 = VECTOR('',#2277,1.);
#2277 = DIRECTION('',(0.,0.,1.));
#2278 = ORIENTED_EDGE('',*,*,#2279,.F.);
#2279 = EDGE_CURVE('',#2241,#2272,#2280,.T.);
#2280 = LINE('',#2281,#2282);
#2281 = CARTESIAN_POINT('',(291.99858234363,88.71595243757,0.));
#2282 = VECTOR('',#2283,1.);
#2283 = DIRECTION('',(-0.956813584058,-0.290702193598,0.));
#2284 = PLANE('',#2285);
#2285 = AXIS2_PLACEMENT_3D('',#2286,#2287,#2288);
#2286 = CARTESIAN_POINT('',(291.99858234363,88.71595243757,0.));
#2287 = DIRECTION('',(0.290702193598,-0.956813584058,0.));
#2288 = DIRECTION('',(-0.956813584058,-0.290702193598,0.));
#2289 = ADVANCED_FACE('',(#2290),#2315,.F.);
#2290 = FACE_BOUND('',#2291,.F.);
#2291 = EDGE_LOOP('',(#2292,#2293,#2301,#2309));
#2292 = ORIENTED_EDGE('',*,*,#2271,.T.);
#2293 = ORIENTED_EDGE('',*,*,#2294,.T.);
#2294 = EDGE_CURVE('',#2264,#2295,#2297,.T.);
#2295 = VERTEX_POINT('',#2296);
#2296 = CARTESIAN_POINT('',(242.4554989612,71.499056551497,1.2));
#2297 = LINE('',#2298,#2299);
#2298 = CARTESIAN_POINT('',(241.86155053901,73.483157493021,1.2));
#2299 = VECTOR('',#2300,1.);
#2300 = DIRECTION('',(0.286780010306,-0.957996464341,0.));
#2301 = ORIENTED_EDGE('',*,*,#2302,.F.);
#2302 = EDGE_CURVE('',#2303,#2295,#2305,.T.);
#2303 = VERTEX_POINT('',#2304);
#2304 = CARTESIAN_POINT('',(242.4554989612,71.499056551497,0.));
#2305 = LINE('',#2306,#2307);
#2306 = CARTESIAN_POINT('',(242.4554989612,71.499056551497,0.));
#2307 = VECTOR('',#2308,1.);
#2308 = DIRECTION('',(0.,0.,1.));
#2309 = ORIENTED_EDGE('',*,*,#2310,.F.);
#2310 = EDGE_CURVE('',#2272,#2303,#2311,.T.);
#2311 = LINE('',#2312,#2313);
#2312 = CARTESIAN_POINT('',(241.86155053901,73.483157493021,0.));
#2313 = VECTOR('',#2314,1.);
#2314 = DIRECTION('',(0.286780010306,-0.957996464341,0.));
#2315 = PLANE('',#2316);
#2316 = AXIS2_PLACEMENT_3D('',#2317,#2318,#2319);
#2317 = CARTESIAN_POINT('',(241.86155053901,73.483157493021,0.));
#2318 = DIRECTION('',(0.957996464341,0.286780010306,-0.));
#2319 = DIRECTION('',(0.286780010306,-0.957996464341,0.));
#2320 = ADVANCED_FACE('',(#2321),#2346,.F.);
#2321 = FACE_BOUND('',#2322,.F.);
#2322 = EDGE_LOOP('',(#2323,#2324,#2332,#2340));
#2323 = ORIENTED_EDGE('',*,*,#2302,.T.);
#2324 = ORIENTED_EDGE('',*,*,#2325,.T.);
#2325 = EDGE_CURVE('',#2295,#2326,#2328,.T.);
#2326 = VERTEX_POINT('',#2327);
#2327 = CARTESIAN_POINT('',(243.03317119336,69.510155833367,1.2));
#2328 = LINE('',#2329,#2330);
#2329 = CARTESIAN_POINT('',(242.4554989612,71.499056551497,1.2));
#2330 = VECTOR('',#2331,1.);
#2331 = DIRECTION('',(0.278921270774,-0.960313971943,0.));
#2332 = ORIENTED_EDGE('',*,*,#2333,.F.);
#2333 = EDGE_CURVE('',#2334,#2326,#2336,.T.);
#2334 = VERTEX_POINT('',#2335);
#2335 = CARTESIAN_POINT('',(243.03317119336,69.510155833367,0.));
#2336 = LINE('',#2337,#2338);
#2337 = CARTESIAN_POINT('',(243.03317119336,69.510155833367,0.));
#2338 = VECTOR('',#2339,1.);
#2339 = DIRECTION('',(0.,0.,1.));
#2340 = ORIENTED_EDGE('',*,*,#2341,.F.);
#2341 = EDGE_CURVE('',#2303,#2334,#2342,.T.);
#2342 = LINE('',#2343,#2344);
#2343 = CARTESIAN_POINT('',(242.4554989612,71.499056551497,0.));
#2344 = VECTOR('',#2345,1.);
#2345 = DIRECTION('',(0.278921270774,-0.960313971943,0.));
#2346 = PLANE('',#2347);
#2347 = AXIS2_PLACEMENT_3D('',#2348,#2349,#2350);
#2348 = CARTESIAN_POINT('',(242.4554989612,71.499056551497,0.));
#2349 = DIRECTION('',(0.960313971943,0.278921270774,-0.));
#2350 = DIRECTION('',(0.278921270774,-0.960313971943,0.));
#2351 = ADVANCED_FACE('',(#2352),#2377,.F.);
#2352 = FACE_BOUND('',#2353,.F.);
#2353 = EDGE_LOOP('',(#2354,#2355,#2363,#2371));
#2354 = ORIENTED_EDGE('',*,*,#2333,.T.);
#2355 = ORIENTED_EDGE('',*,*,#2356,.T.);
#2356 = EDGE_CURVE('',#2326,#2357,#2359,.T.);
#2357 = VERTEX_POINT('',#2358);
#2358 = CARTESIAN_POINT('',(243.59452845599,67.516588854788,1.2));
#2359 = LINE('',#2360,#2361);
#2360 = CARTESIAN_POINT('',(243.03317119336,69.510155833367,1.2));
#2361 = VECTOR('',#2362,1.);
#2362 = DIRECTION('',(0.271043807082,-0.962567013066,0.));
#2363 = ORIENTED_EDGE('',*,*,#2364,.F.);
#2364 = EDGE_CURVE('',#2365,#2357,#2367,.T.);
#2365 = VERTEX_POINT('',#2366);
#2366 = CARTESIAN_POINT('',(243.59452845599,67.516588854788,0.));
#2367 = LINE('',#2368,#2369);
#2368 = CARTESIAN_POINT('',(243.59452845599,67.516588854788,0.));
#2369 = VECTOR('',#2370,1.);
#2370 = DIRECTION('',(0.,0.,1.));
#2371 = ORIENTED_EDGE('',*,*,#2372,.F.);
#2372 = EDGE_CURVE('',#2334,#2365,#2373,.T.);
#2373 = LINE('',#2374,#2375);
#2374 = CARTESIAN_POINT('',(243.03317119336,69.510155833367,0.));
#2375 = VECTOR('',#2376,1.);
#2376 = DIRECTION('',(0.271043807082,-0.962567013066,0.));
#2377 = PLANE('',#2378);
#2378 = AXIS2_PLACEMENT_3D('',#2379,#2380,#2381);
#2379 = CARTESIAN_POINT('',(243.03317119336,69.510155833367,0.));
#2380 = DIRECTION('',(0.962567013066,0.271043807082,-0.));
#2381 = DIRECTION('',(0.271043807082,-0.962567013066,0.));
#2382 = ADVANCED_FACE('',(#2383),#2408,.F.);
#2383 = FACE_BOUND('',#2384,.F.);
#2384 = EDGE_LOOP('',(#2385,#2386,#2394,#2402));
#2385 = ORIENTED_EDGE('',*,*,#2364,.T.);
#2386 = ORIENTED_EDGE('',*,*,#2387,.T.);
#2387 = EDGE_CURVE('',#2357,#2388,#2390,.T.);
#2388 = VERTEX_POINT('',#2389);
#2389 = CARTESIAN_POINT('',(244.13953306481,65.518489445165,1.2));
#2390 = LINE('',#2391,#2392);
#2391 = CARTESIAN_POINT('',(243.59452845599,67.516588854788,1.2));
#2392 = VECTOR('',#2393,1.);
#2393 = DIRECTION('',(0.263148148049,-0.96475543646,0.));
#2394 = ORIENTED_EDGE('',*,*,#2395,.F.);
#2395 = EDGE_CURVE('',#2396,#2388,#2398,.T.);
#2396 = VERTEX_POINT('',#2397);
#2397 = CARTESIAN_POINT('',(244.13953306481,65.518489445165,0.));
#2398 = LINE('',#2399,#2400);
#2399 = CARTESIAN_POINT('',(244.13953306481,65.518489445165,0.));
#2400 = VECTOR('',#2401,1.);
#2401 = DIRECTION('',(0.,0.,1.));
#2402 = ORIENTED_EDGE('',*,*,#2403,.F.);
#2403 = EDGE_CURVE('',#2365,#2396,#2404,.T.);
#2404 = LINE('',#2405,#2406);
#2405 = CARTESIAN_POINT('',(243.59452845599,67.516588854788,0.));
#2406 = VECTOR('',#2407,1.);
#2407 = DIRECTION('',(0.263148148049,-0.96475543646,0.));
#2408 = PLANE('',#2409);
#2409 = AXIS2_PLACEMENT_3D('',#2410,#2411,#2412);
#2410 = CARTESIAN_POINT('',(243.59452845599,67.516588854788,0.));
#2411 = DIRECTION('',(0.96475543646,0.263148148049,-0.));
#2412 = DIRECTION('',(0.263148148049,-0.96475543646,0.));
#2413 = ADVANCED_FACE('',(#2414),#2439,.F.);
#2414 = FACE_BOUND('',#2415,.F.);
#2415 = EDGE_LOOP('',(#2416,#2417,#2425,#2433));
#2416 = ORIENTED_EDGE('',*,*,#2395,.T.);
#2417 = ORIENTED_EDGE('',*,*,#2418,.T.);
#2418 = EDGE_CURVE('',#2388,#2419,#2421,.T.);
#2419 = VERTEX_POINT('',#2420);
#2420 = CARTESIAN_POINT('',(244.66814843334,63.515991738165,1.2));
#2421 = LINE('',#2422,#2423);
#2422 = CARTESIAN_POINT('',(244.13953306481,65.518489445165,1.2));
#2423 = VECTOR('',#2424,1.);
#2424 = DIRECTION('',(0.255234823716,-0.966879095215,0.));
#2425 = ORIENTED_EDGE('',*,*,#2426,.F.);
#2426 = EDGE_CURVE('',#2427,#2419,#2429,.T.);
#2427 = VERTEX_POINT('',#2428);
#2428 = CARTESIAN_POINT('',(244.66814843334,63.515991738165,0.));
#2429 = LINE('',#2430,#2431);
#2430 = CARTESIAN_POINT('',(244.66814843334,63.515991738165,0.));
#2431 = VECTOR('',#2432,1.);
#2432 = DIRECTION('',(0.,0.,1.));
#2433 = ORIENTED_EDGE('',*,*,#2434,.F.);
#2434 = EDGE_CURVE('',#2396,#2427,#2435,.T.);
#2435 = LINE('',#2436,#2437);
#2436 = CARTESIAN_POINT('',(244.13953306481,65.518489445165,0.));
#2437 = VECTOR('',#2438,1.);
#2438 = DIRECTION('',(0.255234823716,-0.966879095215,0.));
#2439 = PLANE('',#2440);
#2440 = AXIS2_PLACEMENT_3D('',#2441,#2442,#2443);
#2441 = CARTESIAN_POINT('',(244.13953306481,65.518489445165,0.));
#2442 = DIRECTION('',(0.966879095215,0.255234823716,-0.));
#2443 = DIRECTION('',(0.255234823716,-0.966879095215,0.));
#2444 = ADVANCED_FACE('',(#2445),#2470,.F.);
#2445 = FACE_BOUND('',#2446,.F.);
#2446 = EDGE_LOOP('',(#2447,#2448,#2456,#2464));
#2447 = ORIENTED_EDGE('',*,*,#2426,.T.);
#2448 = ORIENTED_EDGE('',*,*,#2449,.T.);
#2449 = EDGE_CURVE('',#2419,#2450,#2452,.T.);
#2450 = VERTEX_POINT('',#2451);
#2451 = CARTESIAN_POINT('',(245.18033907528,61.509230162719,1.2));
#2452 = LINE('',#2453,#2454);
#2453 = CARTESIAN_POINT('',(244.66814843334,63.515991738165,1.2));
#2454 = VECTOR('',#2455,1.);
#2455 = DIRECTION('',(0.247304365308,-0.968937846768,0.));
#2456 = ORIENTED_EDGE('',*,*,#2457,.F.);
#2457 = EDGE_CURVE('',#2458,#2450,#2460,.T.);
#2458 = VERTEX_POINT('',#2459);
#2459 = CARTESIAN_POINT('',(245.18033907528,61.509230162719,0.));
#2460 = LINE('',#2461,#2462);
#2461 = CARTESIAN_POINT('',(245.18033907528,61.509230162719,0.));
#2462 = VECTOR('',#2463,1.);
#2463 = DIRECTION('',(0.,0.,1.));
#2464 = ORIENTED_EDGE('',*,*,#2465,.F.);
#2465 = EDGE_CURVE('',#2427,#2458,#2466,.T.);
#2466 = LINE('',#2467,#2468);
#2467 = CARTESIAN_POINT('',(244.66814843334,63.515991738165,0.));
#2468 = VECTOR('',#2469,1.);
#2469 = DIRECTION('',(0.247304365308,-0.968937846768,0.));
#2470 = PLANE('',#2471);
#2471 = AXIS2_PLACEMENT_3D('',#2472,#2473,#2474);
#2472 = CARTESIAN_POINT('',(244.66814843334,63.515991738165,0.));
#2473 = DIRECTION('',(0.968937846768,0.247304365308,-0.));
#2474 = DIRECTION('',(0.247304365308,-0.968937846768,0.));
#2475 = ADVANCED_FACE('',(#2476),#2501,.F.);
#2476 = FACE_BOUND('',#2477,.F.);
#2477 = EDGE_LOOP('',(#2478,#2479,#2487,#2495));
#2478 = ORIENTED_EDGE('',*,*,#2457,.T.);
#2479 = ORIENTED_EDGE('',*,*,#2480,.T.);
#2480 = EDGE_CURVE('',#2450,#2481,#2483,.T.);
#2481 = VERTEX_POINT('',#2482);
#2482 = CARTESIAN_POINT('',(245.67607060696,59.498339433993,1.2));
#2483 = LINE('',#2484,#2485);
#2484 = CARTESIAN_POINT('',(245.18033907528,61.509230162719,1.2));
#2485 = VECTOR('',#2486,1.);
#2486 = DIRECTION('',(0.239357305203,-0.970931552915,0.));
#2487 = ORIENTED_EDGE('',*,*,#2488,.F.);
#2488 = EDGE_CURVE('',#2489,#2481,#2491,.T.);
#2489 = VERTEX_POINT('',#2490);
#2490 = CARTESIAN_POINT('',(245.67607060696,59.498339433993,0.));
#2491 = LINE('',#2492,#2493);
#2492 = CARTESIAN_POINT('',(245.67607060696,59.498339433993,0.));
#2493 = VECTOR('',#2494,1.);
#2494 = DIRECTION('',(0.,0.,1.));
#2495 = ORIENTED_EDGE('',*,*,#2496,.F.);
#2496 = EDGE_CURVE('',#2458,#2489,#2497,.T.);
#2497 = LINE('',#2498,#2499);
#2498 = CARTESIAN_POINT('',(245.18033907528,61.509230162719,0.));
#2499 = VECTOR('',#2500,1.);
#2500 = DIRECTION('',(0.239357305203,-0.970931552915,0.));
#2501 = PLANE('',#2502);
#2502 = AXIS2_PLACEMENT_3D('',#2503,#2504,#2505);
#2503 = CARTESIAN_POINT('',(245.18033907528,61.509230162719,0.));
#2504 = DIRECTION('',(0.970931552915,0.239357305203,-0.));
#2505 = DIRECTION('',(0.239357305203,-0.970931552915,0.));
#2506 = ADVANCED_FACE('',(#2507),#2532,.F.);
#2507 = FACE_BOUND('',#2508,.F.);
#2508 = EDGE_LOOP('',(#2509,#2510,#2518,#2526));
#2509 = ORIENTED_EDGE('',*,*,#2488,.T.);
#2510 = ORIENTED_EDGE('',*,*,#2511,.T.);
#2511 = EDGE_CURVE('',#2481,#2512,#2514,.T.);
#2512 = VERTEX_POINT('',#2513);
#2513 = CARTESIAN_POINT('',(246.15530974961,57.483454544345,1.2));
#2514 = LINE('',#2515,#2516);
#2515 = CARTESIAN_POINT('',(245.67607060696,59.498339433993,1.2));
#2516 = VECTOR('',#2517,1.);
#2517 = DIRECTION('',(0.231394176891,-0.972860079817,0.));
#2518 = ORIENTED_EDGE('',*,*,#2519,.F.);
#2519 = EDGE_CURVE('',#2520,#2512,#2522,.T.);
#2520 = VERTEX_POINT('',#2521);
#2521 = CARTESIAN_POINT('',(246.15530974961,57.483454544345,0.));
#2522 = LINE('',#2523,#2524);
#2523 = CARTESIAN_POINT('',(246.15530974961,57.483454544345,0.));
#2524 = VECTOR('',#2525,1.);
#2525 = DIRECTION('',(0.,0.,1.));
#2526 = ORIENTED_EDGE('',*,*,#2527,.F.);
#2527 = EDGE_CURVE('',#2489,#2520,#2528,.T.);
#2528 = LINE('',#2529,#2530);
#2529 = CARTESIAN_POINT('',(245.67607060696,59.498339433993,0.));
#2530 = VECTOR('',#2531,1.);
#2531 = DIRECTION('',(0.231394176891,-0.972860079817,0.));
#2532 = PLANE('',#2533);
#2533 = AXIS2_PLACEMENT_3D('',#2534,#2535,#2536);
#2534 = CARTESIAN_POINT('',(245.67607060696,59.498339433993,0.));
#2535 = DIRECTION('',(0.972860079817,0.231394176891,-0.));
#2536 = DIRECTION('',(0.231394176891,-0.972860079817,0.));
#2537 = ADVANCED_FACE('',(#2538),#2563,.F.);
#2538 = FACE_BOUND('',#2539,.F.);
#2539 = EDGE_LOOP('',(#2540,#2541,#2549,#2557));
#2540 = ORIENTED_EDGE('',*,*,#2519,.T.);
#2541 = ORIENTED_EDGE('',*,*,#2542,.T.);
#2542 = EDGE_CURVE('',#2512,#2543,#2545,.T.);
#2543 = VERTEX_POINT('',#2544);
#2544 = CARTESIAN_POINT('',(246.61802433161,55.464710754264,1.2));
#2545 = LINE('',#2546,#2547);
#2546 = CARTESIAN_POINT('',(246.15530974961,57.483454544345,1.2));
#2547 = VECTOR('',#2548,1.);
#2548 = DIRECTION('',(0.223415514943,-0.97472329801,0.));
#2549 = ORIENTED_EDGE('',*,*,#2550,.F.);
#2550 = EDGE_CURVE('',#2551,#2543,#2553,.T.);
#2551 = VERTEX_POINT('',#2552);
#2552 = CARTESIAN_POINT('',(246.61802433161,55.464710754264,0.));
#2553 = LINE('',#2554,#2555);
#2554 = CARTESIAN_POINT('',(246.61802433161,55.464710754264,0.));
#2555 = VECTOR('',#2556,1.);
#2556 = DIRECTION('',(0.,0.,1.));
#2557 = ORIENTED_EDGE('',*,*,#2558,.F.);
#2558 = EDGE_CURVE('',#2520,#2551,#2559,.T.);
#2559 = LINE('',#2560,#2561);
#2560 = CARTESIAN_POINT('',(246.15530974961,57.483454544345,0.));
#2561 = VECTOR('',#2562,1.);
#2562 = DIRECTION('',(0.223415514943,-0.97472329801,0.));
#2563 = PLANE('',#2564);
#2564 = AXIS2_PLACEMENT_3D('',#2565,#2566,#2567);
#2565 = CARTESIAN_POINT('',(246.15530974961,57.483454544345,0.));
#2566 = DIRECTION('',(0.97472329801,0.223415514943,-0.));
#2567 = DIRECTION('',(0.223415514943,-0.97472329801,0.));
#2568 = ADVANCED_FACE('',(#2569),#2594,.F.);
#2569 = FACE_BOUND('',#2570,.F.);
#2570 = EDGE_LOOP('',(#2571,#2572,#2580,#2588));
#2571 = ORIENTED_EDGE('',*,*,#2550,.T.);
#2572 = ORIENTED_EDGE('',*,*,#2573,.T.);
#2573 = EDGE_CURVE('',#2543,#2574,#2576,.T.);
#2574 = VERTEX_POINT('',#2575);
#2575 = CARTESIAN_POINT('',(247.06418329063,53.442243583289,1.2));
#2576 = LINE('',#2577,#2578);
#2577 = CARTESIAN_POINT('',(246.61802433161,55.464710754264,1.2));
#2578 = VECTOR('',#2579,1.);
#2579 = DIRECTION('',(0.215421854971,-0.976521082415,0.));
#2580 = ORIENTED_EDGE('',*,*,#2581,.F.);
#2581 = EDGE_CURVE('',#2582,#2574,#2584,.T.);
#2582 = VERTEX_POINT('',#2583);
#2583 = CARTESIAN_POINT('',(247.06418329063,53.442243583289,0.));
#2584 = LINE('',#2585,#2586);
#2585 = CARTESIAN_POINT('',(247.06418329063,53.442243583289,0.));
#2586 = VECTOR('',#2587,1.);
#2587 = DIRECTION('',(0.,0.,1.));
#2588 = ORIENTED_EDGE('',*,*,#2589,.F.);
#2589 = EDGE_CURVE('',#2551,#2582,#2590,.T.);
#2590 = LINE('',#2591,#2592);
#2591 = CARTESIAN_POINT('',(246.61802433161,55.464710754264,0.));
#2592 = VECTOR('',#2593,1.);
#2593 = DIRECTION('',(0.215421854971,-0.976521082415,0.));
#2594 = PLANE('',#2595);
#2595 = AXIS2_PLACEMENT_3D('',#2596,#2597,#2598);
#2596 = CARTESIAN_POINT('',(246.61802433161,55.464710754264,0.));
#2597 = DIRECTION('',(0.976521082415,0.215421854971,-0.));
#2598 = DIRECTION('',(0.215421854971,-0.976521082415,0.));
#2599 = ADVANCED_FACE('',(#2600),#2625,.F.);
#2600 = FACE_BOUND('',#2601,.F.);
#2601 = EDGE_LOOP('',(#2602,#2603,#2611,#2619));
#2602 = ORIENTED_EDGE('',*,*,#2581,.T.);
#2603 = ORIENTED_EDGE('',*,*,#2604,.T.);
#2604 = EDGE_CURVE('',#2574,#2605,#2607,.T.);
#2605 = VERTEX_POINT('',#2606);
#2606 = CARTESIAN_POINT('',(247.49375667574,51.416188800914,1.2));
#2607 = LINE('',#2608,#2609);
#2608 = CARTESIAN_POINT('',(247.06418329063,53.442243583289,1.2));
#2609 = VECTOR('',#2610,1.);
#2610 = DIRECTION('',(0.207413733595,-0.978253312346,0.));
#2611 = ORIENTED_EDGE('',*,*,#2612,.F.);
#2612 = EDGE_CURVE('',#2613,#2605,#2615,.T.);
#2613 = VERTEX_POINT('',#2614);
#2614 = CARTESIAN_POINT('',(247.49375667574,51.416188800914,0.));
#2615 = LINE('',#2616,#2617);
#2616 = CARTESIAN_POINT('',(247.49375667574,51.416188800914,0.));
#2617 = VECTOR('',#2618,1.);
#2618 = DIRECTION('',(0.,0.,1.));
#2619 = ORIENTED_EDGE('',*,*,#2620,.F.);
#2620 = EDGE_CURVE('',#2582,#2613,#2621,.T.);
#2621 = LINE('',#2622,#2623);
#2622 = CARTESIAN_POINT('',(247.06418329063,53.442243583289,0.));
#2623 = VECTOR('',#2624,1.);
#2624 = DIRECTION('',(0.207413733595,-0.978253312346,0.));
#2625 = PLANE('',#2626);
#2626 = AXIS2_PLACEMENT_3D('',#2627,#2628,#2629);
#2627 = CARTESIAN_POINT('',(247.06418329063,53.442243583289,0.));
#2628 = DIRECTION('',(0.978253312346,0.207413733595,-0.));
#2629 = DIRECTION('',(0.207413733595,-0.978253312346,0.));
#2630 = ADVANCED_FACE('',(#2631),#2656,.F.);
#2631 = FACE_BOUND('',#2632,.F.);
#2632 = EDGE_LOOP('',(#2633,#2634,#2642,#2650));
#2633 = ORIENTED_EDGE('',*,*,#2612,.T.);
#2634 = ORIENTED_EDGE('',*,*,#2635,.T.);
#2635 = EDGE_CURVE('',#2605,#2636,#2638,.T.);
#2636 = VERTEX_POINT('',#2637);
#2637 = CARTESIAN_POINT('',(247.90671564941,49.386682417468,1.2));
#2638 = LINE('',#2639,#2640);
#2639 = CARTESIAN_POINT('',(247.49375667574,51.416188800914,1.2));
#2640 = VECTOR('',#2641,1.);
#2641 = DIRECTION('',(0.199391688404,-0.979919871518,0.));
#2642 = ORIENTED_EDGE('',*,*,#2643,.F.);
#2643 = EDGE_CURVE('',#2644,#2636,#2646,.T.);
#2644 = VERTEX_POINT('',#2645);
#2645 = CARTESIAN_POINT('',(247.90671564941,49.386682417468,0.));
#2646 = LINE('',#2647,#2648);
#2647 = CARTESIAN_POINT('',(247.90671564941,49.386682417468,0.));
#2648 = VECTOR('',#2649,1.);
#2649 = DIRECTION('',(0.,0.,1.));
#2650 = ORIENTED_EDGE('',*,*,#2651,.F.);
#2651 = EDGE_CURVE('',#2613,#2644,#2652,.T.);
#2652 = LINE('',#2653,#2654);
#2653 = CARTESIAN_POINT('',(247.49375667574,51.416188800914,0.));
#2654 = VECTOR('',#2655,1.);
#2655 = DIRECTION('',(0.199391688404,-0.979919871518,0.));
#2656 = PLANE('',#2657);
#2657 = AXIS2_PLACEMENT_3D('',#2658,#2659,#2660);
#2658 = CARTESIAN_POINT('',(247.49375667574,51.416188800914,0.));
#2659 = DIRECTION('',(0.979919871518,0.199391688404,-0.));
#2660 = DIRECTION('',(0.199391688404,-0.979919871518,0.));
#2661 = ADVANCED_FACE('',(#2662),#2687,.F.);
#2662 = FACE_BOUND('',#2663,.F.);
#2663 = EDGE_LOOP('',(#2664,#2665,#2673,#2681));
#2664 = ORIENTED_EDGE('',*,*,#2643,.T.);
#2665 = ORIENTED_EDGE('',*,*,#2666,.T.);
#2666 = EDGE_CURVE('',#2636,#2667,#2669,.T.);
#2667 = VERTEX_POINT('',#2668);
#2668 = CARTESIAN_POINT('',(248.30303248944,47.353860674992,1.2));
#2669 = LINE('',#2670,#2671);
#2670 = CARTESIAN_POINT('',(247.90671564941,49.386682417468,1.2));
#2671 = VECTOR('',#2672,1.);
#2672 = DIRECTION('',(0.191356257924,-0.981520648053,0.));
#2673 = ORIENTED_EDGE('',*,*,#2674,.F.);
#2674 = EDGE_CURVE('',#2675,#2667,#2677,.T.);
#2675 = VERTEX_POINT('',#2676);
#2676 = CARTESIAN_POINT('',(248.30303248944,47.353860674992,0.));
#2677 = LINE('',#2678,#2679);
#2678 = CARTESIAN_POINT('',(248.30303248944,47.353860674992,0.));
#2679 = VECTOR('',#2680,1.);
#2680 = DIRECTION('',(0.,0.,1.));
#2681 = ORIENTED_EDGE('',*,*,#2682,.F.);
#2682 = EDGE_CURVE('',#2644,#2675,#2683,.T.);
#2683 = LINE('',#2684,#2685);
#2684 = CARTESIAN_POINT('',(247.90671564941,49.386682417468,0.));
#2685 = VECTOR('',#2686,1.);
#2686 = DIRECTION('',(0.191356257924,-0.981520648053,0.));
#2687 = PLANE('',#2688);
#2688 = AXIS2_PLACEMENT_3D('',#2689,#2690,#2691);
#2689 = CARTESIAN_POINT('',(247.90671564941,49.386682417468,0.));
#2690 = DIRECTION('',(0.981520648053,0.191356257924,-0.));
#2691 = DIRECTION('',(0.191356257924,-0.981520648053,0.));
#2692 = ADVANCED_FACE('',(#2693),#2718,.F.);
#2693 = FACE_BOUND('',#2694,.F.);
#2694 = EDGE_LOOP('',(#2695,#2696,#2704,#2712));
#2695 = ORIENTED_EDGE('',*,*,#2674,.T.);
#2696 = ORIENTED_EDGE('',*,*,#2697,.T.);
#2697 = EDGE_CURVE('',#2667,#2698,#2700,.T.);
#2698 = VERTEX_POINT('',#2699);
#2699 = CARTESIAN_POINT('',(248.68268059085,45.317860038086,1.2));
#2700 = LINE('',#2701,#2702);
#2701 = CARTESIAN_POINT('',(248.30303248944,47.353860674992,1.2));
#2702 = VECTOR('',#2703,1.);
#2703 = DIRECTION('',(0.183307981578,-0.983055534489,0.));
#2704 = ORIENTED_EDGE('',*,*,#2705,.F.);
#2705 = EDGE_CURVE('',#2706,#2698,#2708,.T.);
#2706 = VERTEX_POINT('',#2707);
#2707 = CARTESIAN_POINT('',(248.68268059085,45.317860038086,0.));
#2708 = LINE('',#2709,#2710);
#2709 = CARTESIAN_POINT('',(248.68268059085,45.317860038086,0.));
#2710 = VECTOR('',#2711,1.);
#2711 = DIRECTION('',(0.,0.,1.));
#2712 = ORIENTED_EDGE('',*,*,#2713,.F.);
#2713 = EDGE_CURVE('',#2675,#2706,#2714,.T.);
#2714 = LINE('',#2715,#2716);
#2715 = CARTESIAN_POINT('',(248.30303248944,47.353860674992,0.));
#2716 = VECTOR('',#2717,1.);
#2717 = DIRECTION('',(0.183307981578,-0.983055534489,0.));
#2718 = PLANE('',#2719);
#2719 = AXIS2_PLACEMENT_3D('',#2720,#2721,#2722);
#2720 = CARTESIAN_POINT('',(248.30303248944,47.353860674992,0.));
#2721 = DIRECTION('',(0.983055534489,0.183307981578,-0.));
#2722 = DIRECTION('',(0.183307981578,-0.983055534489,0.));
#2723 = ADVANCED_FACE('',(#2724),#2749,.F.);
#2724 = FACE_BOUND('',#2725,.F.);
#2725 = EDGE_LOOP('',(#2726,#2727,#2735,#2743));
#2726 = ORIENTED_EDGE('',*,*,#2705,.T.);
#2727 = ORIENTED_EDGE('',*,*,#2728,.T.);
#2728 = EDGE_CURVE('',#2698,#2729,#2731,.T.);
#2729 = VERTEX_POINT('',#2730);
#2730 = CARTESIAN_POINT('',(249.0456344676,43.278817184752,1.2));
#2731 = LINE('',#2732,#2733);
#2732 = CARTESIAN_POINT('',(248.68268059085,45.317860038086,1.2));
#2733 = VECTOR('',#2734,1.);
#2734 = DIRECTION('',(0.175247399652,-0.98452442779,0.));
#2735 = ORIENTED_EDGE('',*,*,#2736,.F.);
#2736 = EDGE_CURVE('',#2737,#2729,#2739,.T.);
#2737 = VERTEX_POINT('',#2738);
#2738 = CARTESIAN_POINT('',(249.0456344676,43.278817184752,0.));
#2739 = LINE('',#2740,#2741);
#2740 = CARTESIAN_POINT('',(249.0456344676,43.278817184752,0.));
#2741 = VECTOR('',#2742,1.);
#2742 = DIRECTION('',(0.,0.,1.));
#2743 = ORIENTED_EDGE('',*,*,#2744,.F.);
#2744 = EDGE_CURVE('',#2706,#2737,#2745,.T.);
#2745 = LINE('',#2746,#2747);
#2746 = CARTESIAN_POINT('',(248.68268059085,45.317860038086,0.));
#2747 = VECTOR('',#2748,1.);
#2748 = DIRECTION('',(0.175247399652,-0.98452442779,0.));
#2749 = PLANE('',#2750);
#2750 = AXIS2_PLACEMENT_3D('',#2751,#2752,#2753);
#2751 = CARTESIAN_POINT('',(248.68268059085,45.317860038086,0.));
#2752 = DIRECTION('',(0.98452442779,0.175247399652,-0.));
#2753 = DIRECTION('',(0.175247399652,-0.98452442779,0.));
#2754 = ADVANCED_FACE('',(#2755),#2780,.F.);
#2755 = FACE_BOUND('',#2756,.F.);
#2756 = EDGE_LOOP('',(#2757,#2758,#2766,#2774));
#2757 = ORIENTED_EDGE('',*,*,#2736,.T.);
#2758 = ORIENTED_EDGE('',*,*,#2759,.T.);
#2759 = EDGE_CURVE('',#2729,#2760,#2762,.T.);
#2760 = VERTEX_POINT('',#2761);
#2761 = CARTESIAN_POINT('',(249.39186975438,41.236868997219,1.2));
#2762 = LINE('',#2763,#2764);
#2763 = CARTESIAN_POINT('',(249.0456344676,43.278817184752,1.2));
#2764 = VECTOR('',#2765,1.);
#2765 = DIRECTION('',(0.167175053257,-0.985927229347,0.));
#2766 = ORIENTED_EDGE('',*,*,#2767,.F.);
#2767 = EDGE_CURVE('',#2768,#2760,#2770,.T.);
#2768 = VERTEX_POINT('',#2769);
#2769 = CARTESIAN_POINT('',(249.39186975438,41.236868997219,0.));
#2770 = LINE('',#2771,#2772);
#2771 = CARTESIAN_POINT('',(249.39186975438,41.236868997219,0.));
#2772 = VECTOR('',#2773,1.);
#2773 = DIRECTION('',(0.,0.,1.));
#2774 = ORIENTED_EDGE('',*,*,#2775,.F.);
#2775 = EDGE_CURVE('',#2737,#2768,#2776,.T.);
#2776 = LINE('',#2777,#2778);
#2777 = CARTESIAN_POINT('',(249.0456344676,43.278817184752,0.));
#2778 = VECTOR('',#2779,1.);
#2779 = DIRECTION('',(0.167175053257,-0.985927229347,0.));
#2780 = PLANE('',#2781);
#2781 = AXIS2_PLACEMENT_3D('',#2782,#2783,#2784);
#2782 = CARTESIAN_POINT('',(249.0456344676,43.278817184752,0.));
#2783 = DIRECTION('',(0.985927229347,0.167175053257,-0.));
#2784 = DIRECTION('',(0.167175053257,-0.985927229347,0.));
#2785 = ADVANCED_FACE('',(#2786),#2811,.F.);
#2786 = FACE_BOUND('',#2787,.F.);
#2787 = EDGE_LOOP('',(#2788,#2789,#2797,#2805));
#2788 = ORIENTED_EDGE('',*,*,#2767,.T.);
#2789 = ORIENTED_EDGE('',*,*,#2790,.T.);
#2790 = EDGE_CURVE('',#2760,#2791,#2793,.T.);
#2791 = VERTEX_POINT('',#2792);
#2792 = CARTESIAN_POINT('',(249.7213632082,39.192152552753,1.2));
#2793 = LINE('',#2794,#2795);
#2794 = CARTESIAN_POINT('',(249.39186975438,41.236868997219,1.2));
#2795 = VECTOR('',#2796,1.);
#2796 = DIRECTION('',(0.159091484297,-0.98726384499,0.));
#2797 = ORIENTED_EDGE('',*,*,#2798,.F.);
#2798 = EDGE_CURVE('',#2799,#2791,#2801,.T.);
#2799 = VERTEX_POINT('',#2800);
#2800 = CARTESIAN_POINT('',(249.7213632082,39.192152552753,0.));
#2801 = LINE('',#2802,#2803);
#2802 = CARTESIAN_POINT('',(249.7213632082,39.192152552753,0.));
#2803 = VECTOR('',#2804,1.);
#2804 = DIRECTION('',(0.,0.,1.));
#2805 = ORIENTED_EDGE('',*,*,#2806,.F.);
#2806 = EDGE_CURVE('',#2768,#2799,#2807,.T.);
#2807 = LINE('',#2808,#2809);
#2808 = CARTESIAN_POINT('',(249.39186975438,41.236868997219,0.));
#2809 = VECTOR('',#2810,1.);
#2810 = DIRECTION('',(0.159091484297,-0.98726384499,0.));
#2811 = PLANE('',#2812);
#2812 = AXIS2_PLACEMENT_3D('',#2813,#2814,#2815);
#2813 = CARTESIAN_POINT('',(249.39186975438,41.236868997219,0.));
#2814 = DIRECTION('',(0.98726384499,0.159091484297,-0.));
#2815 = DIRECTION('',(0.159091484297,-0.98726384499,0.));
#2816 = ADVANCED_FACE('',(#2817),#2842,.F.);
#2817 = FACE_BOUND('',#2818,.F.);
#2818 = EDGE_LOOP('',(#2819,#2820,#2828,#2836));
#2819 = ORIENTED_EDGE('',*,*,#2798,.T.);
#2820 = ORIENTED_EDGE('',*,*,#2821,.T.);
#2821 = EDGE_CURVE('',#2791,#2822,#2824,.T.);
#2822 = VERTEX_POINT('',#2823);
#2823 = CARTESIAN_POINT('',(250.03409270995,37.144805114453,1.2));
#2824 = LINE('',#2825,#2826);
#2825 = CARTESIAN_POINT('',(249.7213632082,39.192152552753,1.2));
#2826 = VECTOR('',#2827,1.);
#2827 = DIRECTION('',(0.150997235425,-0.98853418499,0.));
#2828 = ORIENTED_EDGE('',*,*,#2829,.F.);
#2829 = EDGE_CURVE('',#2830,#2822,#2832,.T.);
#2830 = VERTEX_POINT('',#2831);
#2831 = CARTESIAN_POINT('',(250.03409270995,37.144805114453,0.));
#2832 = LINE('',#2833,#2834);
#2833 = CARTESIAN_POINT('',(250.03409270995,37.144805114453,0.));
#2834 = VECTOR('',#2835,1.);
#2835 = DIRECTION('',(0.,0.,1.));
#2836 = ORIENTED_EDGE('',*,*,#2837,.F.);
#2837 = EDGE_CURVE('',#2799,#2830,#2838,.T.);
#2838 = LINE('',#2839,#2840);
#2839 = CARTESIAN_POINT('',(249.7213632082,39.192152552753,0.));
#2840 = VECTOR('',#2841,1.);
#2841 = DIRECTION('',(0.150997235425,-0.98853418499,0.));
#2842 = PLANE('',#2843);
#2843 = AXIS2_PLACEMENT_3D('',#2844,#2845,#2846);
#2844 = CARTESIAN_POINT('',(249.7213632082,39.192152552753,0.));
#2845 = DIRECTION('',(0.98853418499,0.150997235425,-0.));
#2846 = DIRECTION('',(0.150997235425,-0.98853418499,0.));
#2847 = ADVANCED_FACE('',(#2848),#2873,.F.);
#2848 = FACE_BOUND('',#2849,.F.);
#2849 = EDGE_LOOP('',(#2850,#2851,#2859,#2867));
#2850 = ORIENTED_EDGE('',*,*,#2829,.T.);
#2851 = ORIENTED_EDGE('',*,*,#2852,.T.);
#2852 = EDGE_CURVE('',#2822,#2853,#2855,.T.);
#2853 = VERTEX_POINT('',#2854);
#2854 = CARTESIAN_POINT('',(250.33003726591,35.094964122039,1.2));
#2855 = LINE('',#2856,#2857);
#2856 = CARTESIAN_POINT('',(250.03409270995,37.144805114453,1.2));
#2857 = VECTOR('',#2858,1.);
#2858 = DIRECTION('',(0.142892850014,-0.989738164069,0.));
#2859 = ORIENTED_EDGE('',*,*,#2860,.F.);
#2860 = EDGE_CURVE('',#2861,#2853,#2863,.T.);
#2861 = VERTEX_POINT('',#2862);
#2862 = CARTESIAN_POINT('',(250.33003726591,35.094964122039,0.));
#2863 = LINE('',#2864,#2865);
#2864 = CARTESIAN_POINT('',(250.33003726591,35.094964122039,0.));
#2865 = VECTOR('',#2866,1.);
#2866 = DIRECTION('',(0.,0.,1.));
#2867 = ORIENTED_EDGE('',*,*,#2868,.F.);
#2868 = EDGE_CURVE('',#2830,#2861,#2869,.T.);
#2869 = LINE('',#2870,#2871);
#2870 = CARTESIAN_POINT('',(250.03409270995,37.144805114453,0.));
#2871 = VECTOR('',#2872,1.);
#2872 = DIRECTION('',(0.142892850014,-0.989738164069,0.));
#2873 = PLANE('',#2874);
#2874 = AXIS2_PLACEMENT_3D('',#2875,#2876,#2877);
#2875 = CARTESIAN_POINT('',(250.03409270995,37.144805114453,0.));
#2876 = DIRECTION('',(0.989738164069,0.142892850014,-0.));
#2877 = DIRECTION('',(0.142892850014,-0.989738164069,0.));
#2878 = ADVANCED_FACE('',(#2879),#2904,.F.);
#2879 = FACE_BOUND('',#2880,.F.);
#2880 = EDGE_LOOP('',(#2881,#2882,#2890,#2898));
#2881 = ORIENTED_EDGE('',*,*,#2860,.T.);
#2882 = ORIENTED_EDGE('',*,*,#2883,.T.);
#2883 = EDGE_CURVE('',#2853,#2884,#2886,.T.);
#2884 = VERTEX_POINT('',#2885);
#2885 = CARTESIAN_POINT('',(250.60917700913,33.042767182626,1.2));
#2886 = LINE('',#2887,#2888);
#2887 = CARTESIAN_POINT('',(250.33003726591,35.094964122039,1.2));
#2888 = VECTOR('',#2889,1.);
#2889 = DIRECTION('',(0.134778872116,-0.990875701403,0.));
#2890 = ORIENTED_EDGE('',*,*,#2891,.F.);
#2891 = EDGE_CURVE('',#2892,#2884,#2894,.T.);
#2892 = VERTEX_POINT('',#2893);
#2893 = CARTESIAN_POINT('',(250.60917700913,33.042767182626,0.));
#2894 = LINE('',#2895,#2896);
#2895 = CARTESIAN_POINT('',(250.60917700913,33.042767182626,0.));
#2896 = VECTOR('',#2897,1.);
#2897 = DIRECTION('',(0.,0.,1.));
#2898 = ORIENTED_EDGE('',*,*,#2899,.F.);
#2899 = EDGE_CURVE('',#2861,#2892,#2900,.T.);
#2900 = LINE('',#2901,#2902);
#2901 = CARTESIAN_POINT('',(250.33003726591,35.094964122039,0.));
#2902 = VECTOR('',#2903,1.);
#2903 = DIRECTION('',(0.134778872116,-0.990875701403,0.));
#2904 = PLANE('',#2905);
#2905 = AXIS2_PLACEMENT_3D('',#2906,#2907,#2908);
#2906 = CARTESIAN_POINT('',(250.33003726591,35.094964122039,0.));
#2907 = DIRECTION('',(0.990875701403,0.134778872116,-0.));
#2908 = DIRECTION('',(0.134778872116,-0.990875701403,0.));
#2909 = ADVANCED_FACE('',(#2910),#2935,.F.);
#2910 = FACE_BOUND('',#2911,.F.);
#2911 = EDGE_LOOP('',(#2912,#2913,#2921,#2929));
#2912 = ORIENTED_EDGE('',*,*,#2891,.T.);
#2913 = ORIENTED_EDGE('',*,*,#2914,.T.);
#2914 = EDGE_CURVE('',#2884,#2915,#2917,.T.);
#2915 = VERTEX_POINT('',#2916);
#2916 = CARTESIAN_POINT('',(250.87149320079,30.988352061484,1.2));
#2917 = LINE('',#2918,#2919);
#2918 = CARTESIAN_POINT('',(250.60917700913,33.042767182626,1.2));
#2919 = VECTOR('',#2920,1.);
#2920 = DIRECTION('',(0.126655846427,-0.991946720629,0.));
#2921 = ORIENTED_EDGE('',*,*,#2922,.F.);
#2922 = EDGE_CURVE('',#2923,#2915,#2925,.T.);
#2923 = VERTEX_POINT('',#2924);
#2924 = CARTESIAN_POINT('',(250.87149320079,30.988352061484,0.));
#2925 = LINE('',#2926,#2927);
#2926 = CARTESIAN_POINT('',(250.87149320079,30.988352061484,0.));
#2927 = VECTOR('',#2928,1.);
#2928 = DIRECTION('',(0.,0.,1.));
#2929 = ORIENTED_EDGE('',*,*,#2930,.F.);
#2930 = EDGE_CURVE('',#2892,#2923,#2931,.T.);
#2931 = LINE('',#2932,#2933);
#2932 = CARTESIAN_POINT('',(250.60917700913,33.042767182626,0.));
#2933 = VECTOR('',#2934,1.);
#2934 = DIRECTION('',(0.126655846427,-0.991946720629,0.));
#2935 = PLANE('',#2936);
#2936 = AXIS2_PLACEMENT_3D('',#2937,#2938,#2939);
#2937 = CARTESIAN_POINT('',(250.60917700913,33.042767182626,0.));
#2938 = DIRECTION('',(0.991946720629,0.126655846427,-0.));
#2939 = DIRECTION('',(0.126655846427,-0.991946720629,0.));
#2940 = ADVANCED_FACE('',(#2941),#2966,.F.);
#2941 = FACE_BOUND('',#2942,.F.);
#2942 = EDGE_LOOP('',(#2943,#2944,#2952,#2960));
#2943 = ORIENTED_EDGE('',*,*,#2922,.T.);
#2944 = ORIENTED_EDGE('',*,*,#2945,.T.);
#2945 = EDGE_CURVE('',#2915,#2946,#2948,.T.);
#2946 = VERTEX_POINT('',#2947);
#2947 = CARTESIAN_POINT('',(251.11696823143,28.931856672792,1.2));
#2948 = LINE('',#2949,#2950);
#2949 = CARTESIAN_POINT('',(250.87149320079,30.988352061484,1.2));
#2950 = VECTOR('',#2951,1.);
#2951 = DIRECTION('',(0.118524318252,-0.992951149847,0.));
#2952 = ORIENTED_EDGE('',*,*,#2953,.F.);
#2953 = EDGE_CURVE('',#2954,#2946,#2956,.T.);
#2954 = VERTEX_POINT('',#2955);
#2955 = CARTESIAN_POINT('',(251.11696823143,28.931856672792,0.));
#2956 = LINE('',#2957,#2958);
#2957 = CARTESIAN_POINT('',(251.11696823143,28.931856672792,0.));
#2958 = VECTOR('',#2959,1.);
#2959 = DIRECTION('',(0.,0.,1.));
#2960 = ORIENTED_EDGE('',*,*,#2961,.F.);
#2961 = EDGE_CURVE('',#2923,#2954,#2962,.T.);
#2962 = LINE('',#2963,#2964);
#2963 = CARTESIAN_POINT('',(250.87149320079,30.988352061484,0.));
#2964 = VECTOR('',#2965,1.);
#2965 = DIRECTION('',(0.118524318252,-0.992951149847,0.));
#2966 = PLANE('',#2967);
#2967 = AXIS2_PLACEMENT_3D('',#2968,#2969,#2970);
#2968 = CARTESIAN_POINT('',(250.87149320079,30.988352061484,0.));
#2969 = DIRECTION('',(0.992951149847,0.118524318252,-0.));
#2970 = DIRECTION('',(0.118524318252,-0.992951149847,0.));
#2971 = ADVANCED_FACE('',(#2972),#2997,.F.);
#2972 = FACE_BOUND('',#2973,.F.);
#2973 = EDGE_LOOP('',(#2974,#2975,#2983,#2991));
#2974 = ORIENTED_EDGE('',*,*,#2953,.T.);
#2975 = ORIENTED_EDGE('',*,*,#2976,.T.);
#2976 = EDGE_CURVE('',#2946,#2977,#2979,.T.);
#2977 = VERTEX_POINT('',#2978);
#2978 = CARTESIAN_POINT('',(251.34558562216,26.873419070377,1.2));
#2979 = LINE('',#2980,#2981);
#2980 = CARTESIAN_POINT('',(251.11696823143,28.931856672792,1.2));
#2981 = VECTOR('',#2982,1.);
#2982 = DIRECTION('',(0.110384833465,-0.993888921631,0.));
#2983 = ORIENTED_EDGE('',*,*,#2984,.F.);
#2984 = EDGE_CURVE('',#2985,#2977,#2987,.T.);
#2985 = VERTEX_POINT('',#2986);
#2986 = CARTESIAN_POINT('',(251.34558562216,26.873419070377,0.));
#2987 = LINE('',#2988,#2989);
#2988 = CARTESIAN_POINT('',(251.34558562216,26.873419070377,0.));
#2989 = VECTOR('',#2990,1.);
#2990 = DIRECTION('',(0.,0.,1.));
#2991 = ORIENTED_EDGE('',*,*,#2992,.F.);
#2992 = EDGE_CURVE('',#2954,#2985,#2993,.T.);
#2993 = LINE('',#2994,#2995);
#2994 = CARTESIAN_POINT('',(251.11696823143,28.931856672792,0.));
#2995 = VECTOR('',#2996,1.);
#2996 = DIRECTION('',(0.110384833465,-0.993888921631,0.));
#2997 = PLANE('',#2998);
#2998 = AXIS2_PLACEMENT_3D('',#2999,#3000,#3001);
#2999 = CARTESIAN_POINT('',(251.11696823143,28.931856672792,0.));
#3000 = DIRECTION('',(0.993888921631,0.110384833465,-0.));
#3001 = DIRECTION('',(0.110384833465,-0.993888921631,0.));
#3002 = ADVANCED_FACE('',(#3003),#3028,.F.);
#3003 = FACE_BOUND('',#3004,.F.);
#3004 = EDGE_LOOP('',(#3005,#3006,#3014,#3022));
#3005 = ORIENTED_EDGE('',*,*,#2984,.T.);
#3006 = ORIENTED_EDGE('',*,*,#3007,.T.);
#3007 = EDGE_CURVE('',#2977,#3008,#3010,.T.);
#3008 = VERTEX_POINT('',#3009);
#3009 = CARTESIAN_POINT('',(251.55733002576,24.81317743845,1.2));
#3010 = LINE('',#3011,#3012);
#3011 = CARTESIAN_POINT('',(251.34558562216,26.873419070377,1.2));
#3012 = VECTOR('',#3013,1.);
#3013 = DIRECTION('',(0.102237938475,-0.994759973027,0.));
#3014 = ORIENTED_EDGE('',*,*,#3015,.F.);
#3015 = EDGE_CURVE('',#3016,#3008,#3018,.T.);
#3016 = VERTEX_POINT('',#3017);
#3017 = CARTESIAN_POINT('',(251.55733002576,24.81317743845,0.));
#3018 = LINE('',#3019,#3020);
#3019 = CARTESIAN_POINT('',(251.55733002576,24.81317743845,0.));
#3020 = VECTOR('',#3021,1.);
#3021 = DIRECTION('',(0.,0.,1.));
#3022 = ORIENTED_EDGE('',*,*,#3023,.F.);
#3023 = EDGE_CURVE('',#2985,#3016,#3024,.T.);
#3024 = LINE('',#3025,#3026);
#3025 = CARTESIAN_POINT('',(251.34558562216,26.873419070377,0.));
#3026 = VECTOR('',#3027,1.);
#3027 = DIRECTION('',(0.102237938475,-0.994759973027,0.));
#3028 = PLANE('',#3029);
#3029 = AXIS2_PLACEMENT_3D('',#3030,#3031,#3032);
#3030 = CARTESIAN_POINT('',(251.34558562216,26.873419070377,0.));
#3031 = DIRECTION('',(0.994759973027,0.102237938475,-0.));
#3032 = DIRECTION('',(0.102237938475,-0.994759973027,0.));
#3033 = ADVANCED_FACE('',(#3034),#3059,.F.);
#3034 = FACE_BOUND('',#3035,.F.);
#3035 = EDGE_LOOP('',(#3036,#3037,#3045,#3053));
#3036 = ORIENTED_EDGE('',*,*,#3015,.T.);
#3037 = ORIENTED_EDGE('',*,*,#3038,.T.);
#3038 = EDGE_CURVE('',#3008,#3039,#3041,.T.);
#3039 = VERTEX_POINT('',#3040);
#3040 = CARTESIAN_POINT('',(251.75218722768,22.751270082325,1.2));
#3041 = LINE('',#3042,#3043);
#3042 = CARTESIAN_POINT('',(251.55733002576,24.81317743845,1.2));
#3043 = VECTOR('',#3044,1.);
#3044 = DIRECTION('',(9.408418018782E-02,-0.99556424556,0.));
#3045 = ORIENTED_EDGE('',*,*,#3046,.F.);
#3046 = EDGE_CURVE('',#3047,#3039,#3049,.T.);
#3047 = VERTEX_POINT('',#3048);
#3048 = CARTESIAN_POINT('',(251.75218722768,22.751270082325,0.));
#3049 = LINE('',#3050,#3051);
#3050 = CARTESIAN_POINT('',(251.75218722768,22.751270082325,0.));
#3051 = VECTOR('',#3052,1.);
#3052 = DIRECTION('',(0.,0.,1.));
#3053 = ORIENTED_EDGE('',*,*,#3054,.F.);
#3054 = EDGE_CURVE('',#3016,#3047,#3055,.T.);
#3055 = LINE('',#3056,#3057);
#3056 = CARTESIAN_POINT('',(251.55733002576,24.81317743845,0.));
#3057 = VECTOR('',#3058,1.);
#3058 = DIRECTION('',(9.408418018782E-02,-0.99556424556,0.));
#3059 = PLANE('',#3060);
#3060 = AXIS2_PLACEMENT_3D('',#3061,#3062,#3063);
#3061 = CARTESIAN_POINT('',(251.55733002576,24.81317743845,0.));
#3062 = DIRECTION('',(0.99556424556,9.408418018782E-02,-0.));
#3063 = DIRECTION('',(9.408418018782E-02,-0.99556424556,0.));
#3064 = ADVANCED_FACE('',(#3065),#3090,.F.);
#3065 = FACE_BOUND('',#3066,.F.);
#3066 = EDGE_LOOP('',(#3067,#3068,#3076,#3084));
#3067 = ORIENTED_EDGE('',*,*,#3046,.T.);
#3068 = ORIENTED_EDGE('',*,*,#3069,.T.);
#3069 = EDGE_CURVE('',#3039,#3070,#3072,.T.);
#3070 = VERTEX_POINT('',#3071);
#3071 = CARTESIAN_POINT('',(251.93014414705,20.687835419141,1.2));
#3072 = LINE('',#3073,#3074);
#3073 = CARTESIAN_POINT('',(251.75218722768,22.751270082325,1.2));
#3074 = VECTOR('',#3075,1.);
#3075 = DIRECTION('',(8.592410597038E-02,-0.996301685241,0.));
#3076 = ORIENTED_EDGE('',*,*,#3077,.F.);
#3077 = EDGE_CURVE('',#3078,#3070,#3080,.T.);
#3078 = VERTEX_POINT('',#3079);
#3079 = CARTESIAN_POINT('',(251.93014414705,20.687835419141,0.));
#3080 = LINE('',#3081,#3082);
#3081 = CARTESIAN_POINT('',(251.93014414705,20.687835419141,0.));
#3082 = VECTOR('',#3083,1.);
#3083 = DIRECTION('',(0.,0.,1.));
#3084 = ORIENTED_EDGE('',*,*,#3085,.F.);
#3085 = EDGE_CURVE('',#3047,#3078,#3086,.T.);
#3086 = LINE('',#3087,#3088);
#3087 = CARTESIAN_POINT('',(251.75218722768,22.751270082325,0.));
#3088 = VECTOR('',#3089,1.);
#3089 = DIRECTION('',(8.592410597038E-02,-0.996301685241,0.));
#3090 = PLANE('',#3091);
#3091 = AXIS2_PLACEMENT_3D('',#3092,#3093,#3094);
#3092 = CARTESIAN_POINT('',(251.75218722768,22.751270082325,0.));
#3093 = DIRECTION('',(0.996301685241,8.592410597038E-02,-0.));
#3094 = DIRECTION('',(8.592410597038E-02,-0.996301685241,0.));
#3095 = ADVANCED_FACE('',(#3096),#3121,.F.);
#3096 = FACE_BOUND('',#3097,.F.);
#3097 = EDGE_LOOP('',(#3098,#3099,#3107,#3115));
#3098 = ORIENTED_EDGE('',*,*,#3077,.T.);
#3099 = ORIENTED_EDGE('',*,*,#3100,.T.);
#3100 = EDGE_CURVE('',#3070,#3101,#3103,.T.);
#3101 = VERTEX_POINT('',#3102);
#3102 = CARTESIAN_POINT('',(252.09118883749,18.623011968562,1.2));
#3103 = LINE('',#3104,#3105);
#3104 = CARTESIAN_POINT('',(251.93014414705,20.687835419141,1.2));
#3105 = VECTOR('',#3106,1.);
#3106 = DIRECTION('',(7.775826361371E-02,-0.996972242562,0.));
#3107 = ORIENTED_EDGE('',*,*,#3108,.F.);
#3108 = EDGE_CURVE('',#3109,#3101,#3111,.T.);
#3109 = VERTEX_POINT('',#3110);
#3110 = CARTESIAN_POINT('',(252.09118883749,18.623011968562,0.));
#3111 = LINE('',#3112,#3113);
#3112 = CARTESIAN_POINT('',(252.09118883749,18.623011968562,0.));
#3113 = VECTOR('',#3114,1.);
#3114 = DIRECTION('',(0.,0.,1.));
#3115 = ORIENTED_EDGE('',*,*,#3116,.F.);
#3116 = EDGE_CURVE('',#3078,#3109,#3117,.T.);
#3117 = LINE('',#3118,#3119);
#3118 = CARTESIAN_POINT('',(251.93014414705,20.687835419141,0.));
#3119 = VECTOR('',#3120,1.);
#3120 = DIRECTION('',(7.775826361371E-02,-0.996972242562,0.));
#3121 = PLANE('',#3122);
#3122 = AXIS2_PLACEMENT_3D('',#3123,#3124,#3125);
#3123 = CARTESIAN_POINT('',(251.93014414705,20.687835419141,0.));
#3124 = DIRECTION('',(0.996972242562,7.775826361371E-02,-0.));
#3125 = DIRECTION('',(7.775826361371E-02,-0.996972242562,0.));
#3126 = ADVANCED_FACE('',(#3127),#3152,.F.);
#3127 = FACE_BOUND('',#3128,.F.);
#3128 = EDGE_LOOP('',(#3129,#3130,#3138,#3146));
#3129 = ORIENTED_EDGE('',*,*,#3108,.T.);
#3130 = ORIENTED_EDGE('',*,*,#3131,.T.);
#3131 = EDGE_CURVE('',#3101,#3132,#3134,.T.);
#3132 = VERTEX_POINT('',#3133);
#3133 = CARTESIAN_POINT('',(252.23531048799,16.556938343485,1.2));
#3134 = LINE('',#3135,#3136);
#3135 = CARTESIAN_POINT('',(252.09118883749,18.623011968562,1.2));
#3136 = VECTOR('',#3137,1.);
#3137 = DIRECTION('',(6.958720129592E-02,-0.997575872511,0.));
#3138 = ORIENTED_EDGE('',*,*,#3139,.F.);
#3139 = EDGE_CURVE('',#3140,#3132,#3142,.T.);
#3140 = VERTEX_POINT('',#3141);
#3141 = CARTESIAN_POINT('',(252.23531048799,16.556938343485,0.));
#3142 = LINE('',#3143,#3144);
#3143 = CARTESIAN_POINT('',(252.23531048799,16.556938343485,0.));
#3144 = VECTOR('',#3145,1.);
#3145 = DIRECTION('',(0.,0.,1.));
#3146 = ORIENTED_EDGE('',*,*,#3147,.F.);
#3147 = EDGE_CURVE('',#3109,#3140,#3148,.T.);
#3148 = LINE('',#3149,#3150);
#3149 = CARTESIAN_POINT('',(252.09118883749,18.623011968562,0.));
#3150 = VECTOR('',#3151,1.);
#3151 = DIRECTION('',(6.958720129592E-02,-0.997575872511,0.));
#3152 = PLANE('',#3153);
#3153 = AXIS2_PLACEMENT_3D('',#3154,#3155,#3156);
#3154 = CARTESIAN_POINT('',(252.09118883749,18.623011968562,0.));
#3155 = DIRECTION('',(0.997575872511,6.958720129592E-02,-0.));
#3156 = DIRECTION('',(6.958720129592E-02,-0.997575872511,0.));
#3157 = ADVANCED_FACE('',(#3158),#3183,.F.);
#3158 = FACE_BOUND('',#3159,.F.);
#3159 = EDGE_LOOP('',(#3160,#3161,#3169,#3177));
#3160 = ORIENTED_EDGE('',*,*,#3139,.T.);
#3161 = ORIENTED_EDGE('',*,*,#3162,.T.);
#3162 = EDGE_CURVE('',#3132,#3163,#3165,.T.);
#3163 = VERTEX_POINT('',#3164);
#3164 = CARTESIAN_POINT('',(252.36249942355,14.48975324073,1.2));
#3165 = LINE('',#3166,#3167);
#3166 = CARTESIAN_POINT('',(252.23531048799,16.556938343485,1.2));
#3167 = VECTOR('',#3168,1.);
#3168 = DIRECTION('',(6.141146754556E-02,-0.998112534564,0.));
#3169 = ORIENTED_EDGE('',*,*,#3170,.F.);
#3170 = EDGE_CURVE('',#3171,#3163,#3173,.T.);
#3171 = VERTEX_POINT('',#3172);
#3172 = CARTESIAN_POINT('',(252.36249942355,14.48975324073,0.));
#3173 = LINE('',#3174,#3175);
#3174 = CARTESIAN_POINT('',(252.36249942355,14.48975324073,0.));
#3175 = VECTOR('',#3176,1.);
#3176 = DIRECTION('',(0.,0.,1.));
#3177 = ORIENTED_EDGE('',*,*,#3178,.F.);
#3178 = EDGE_CURVE('',#3140,#3171,#3179,.T.);
#3179 = LINE('',#3180,#3181);
#3180 = CARTESIAN_POINT('',(252.23531048799,16.556938343485,0.));
#3181 = VECTOR('',#3182,1.);
#3182 = DIRECTION('',(6.141146754556E-02,-0.998112534564,0.));
#3183 = PLANE('',#3184);
#3184 = AXIS2_PLACEMENT_3D('',#3185,#3186,#3187);
#3185 = CARTESIAN_POINT('',(252.23531048799,16.556938343485,0.));
#3186 = DIRECTION('',(0.998112534564,6.141146754556E-02,-0.));
#3187 = DIRECTION('',(6.141146754556E-02,-0.998112534564,0.));
#3188 = ADVANCED_FACE('',(#3189),#3214,.F.);
#3189 = FACE_BOUND('',#3190,.F.);
#3190 = EDGE_LOOP('',(#3191,#3192,#3200,#3208));
#3191 = ORIENTED_EDGE('',*,*,#3170,.T.);
#3192 = ORIENTED_EDGE('',*,*,#3193,.T.);
#3193 = EDGE_CURVE('',#3163,#3194,#3196,.T.);
#3194 = VERTEX_POINT('',#3195);
#3195 = CARTESIAN_POINT('',(252.47274710592,12.421595431734,1.2));
#3196 = LINE('',#3197,#3198);
#3197 = CARTESIAN_POINT('',(252.36249942355,14.48975324073,1.2));
#3198 = VECTOR('',#3199,1.);
#3199 = DIRECTION('',(5.323161120482E-02,-0.998582192695,0.));
#3200 = ORIENTED_EDGE('',*,*,#3201,.F.);
#3201 = EDGE_CURVE('',#3202,#3194,#3204,.T.);
#3202 = VERTEX_POINT('',#3203);
#3203 = CARTESIAN_POINT('',(252.47274710592,12.421595431734,0.));
#3204 = LINE('',#3205,#3206);
#3205 = CARTESIAN_POINT('',(252.47274710592,12.421595431734,0.));
#3206 = VECTOR('',#3207,1.);
#3207 = DIRECTION('',(0.,0.,1.));
#3208 = ORIENTED_EDGE('',*,*,#3209,.F.);
#3209 = EDGE_CURVE('',#3171,#3202,#3210,.T.);
#3210 = LINE('',#3211,#3212);
#3211 = CARTESIAN_POINT('',(252.36249942355,14.48975324073,0.));
#3212 = VECTOR('',#3213,1.);
#3213 = DIRECTION('',(5.323161120482E-02,-0.998582192695,0.));
#3214 = PLANE('',#3215);
#3215 = AXIS2_PLACEMENT_3D('',#3216,#3217,#3218);
#3216 = CARTESIAN_POINT('',(252.36249942355,14.48975324073,0.));
#3217 = DIRECTION('',(0.998582192695,5.323161120482E-02,-0.));
#3218 = DIRECTION('',(5.323161120482E-02,-0.998582192695,0.));
#3219 = ADVANCED_FACE('',(#3220),#3245,.F.);
#3220 = FACE_BOUND('',#3221,.F.);
#3221 = EDGE_LOOP('',(#3222,#3223,#3231,#3239));
#3222 = ORIENTED_EDGE('',*,*,#3201,.T.);
#3223 = ORIENTED_EDGE('',*,*,#3224,.T.);
#3224 = EDGE_CURVE('',#3194,#3225,#3227,.T.);
#3225 = VERTEX_POINT('',#3226);
#3226 = CARTESIAN_POINT('',(252.56604613409,10.352603753229,1.2));
#3227 = LINE('',#3228,#3229);
#3228 = CARTESIAN_POINT('',(252.47274710592,12.421595431734,1.2));
#3229 = VECTOR('',#3230,1.);
#3230 = DIRECTION('',(4.504818139252E-02,-0.998984815377,0.));
#3231 = ORIENTED_EDGE('',*,*,#3232,.F.);
#3232 = EDGE_CURVE('',#3233,#3225,#3235,.T.);
#3233 = VERTEX_POINT('',#3234);
#3234 = CARTESIAN_POINT('',(252.56604613409,10.352603753229,0.));
#3235 = LINE('',#3236,#3237);
#3236 = CARTESIAN_POINT('',(252.56604613409,10.352603753229,0.));
#3237 = VECTOR('',#3238,1.);
#3238 = DIRECTION('',(0.,0.,1.));
#3239 = ORIENTED_EDGE('',*,*,#3240,.F.);
#3240 = EDGE_CURVE('',#3202,#3233,#3241,.T.);
#3241 = LINE('',#3242,#3243);
#3242 = CARTESIAN_POINT('',(252.47274710592,12.421595431734,0.));
#3243 = VECTOR('',#3244,1.);
#3244 = DIRECTION('',(4.504818139252E-02,-0.998984815377,0.));
#3245 = PLANE('',#3246);
#3246 = AXIS2_PLACEMENT_3D('',#3247,#3248,#3249);
#3247 = CARTESIAN_POINT('',(252.47274710592,12.421595431734,0.));
#3248 = DIRECTION('',(0.998984815377,4.504818139252E-02,-0.));
#3249 = DIRECTION('',(4.504818139252E-02,-0.998984815377,0.));
#3250 = ADVANCED_FACE('',(#3251),#3276,.F.);
#3251 = FACE_BOUND('',#3252,.F.);
#3252 = EDGE_LOOP('',(#3253,#3254,#3262,#3270));
#3253 = ORIENTED_EDGE('',*,*,#3232,.T.);
#3254 = ORIENTED_EDGE('',*,*,#3255,.T.);
#3255 = EDGE_CURVE('',#3225,#3256,#3258,.T.);
#3256 = VERTEX_POINT('',#3257);
#3257 = CARTESIAN_POINT('',(252.64239024485,8.282917097927,1.2));
#3258 = LINE('',#3259,#3260);
#3259 = CARTESIAN_POINT('',(252.56604613409,10.352603753229,1.2));
#3260 = VECTOR('',#3261,1.);
#3261 = DIRECTION('',(3.686172746753E-02,-0.999320375579,0.));
#3262 = ORIENTED_EDGE('',*,*,#3263,.F.);
#3263 = EDGE_CURVE('',#3264,#3256,#3266,.T.);
#3264 = VERTEX_POINT('',#3265);
#3265 = CARTESIAN_POINT('',(252.64239024485,8.282917097927,0.));
#3266 = LINE('',#3267,#3268);
#3267 = CARTESIAN_POINT('',(252.64239024485,8.282917097927,0.));
#3268 = VECTOR('',#3269,1.);
#3269 = DIRECTION('',(0.,0.,1.));
#3270 = ORIENTED_EDGE('',*,*,#3271,.F.);
#3271 = EDGE_CURVE('',#3233,#3264,#3272,.T.);
#3272 = LINE('',#3273,#3274);
#3273 = CARTESIAN_POINT('',(252.56604613409,10.352603753229,0.));
#3274 = VECTOR('',#3275,1.);
#3275 = DIRECTION('',(3.686172746753E-02,-0.999320375579,0.));
#3276 = PLANE('',#3277);
#3277 = AXIS2_PLACEMENT_3D('',#3278,#3279,#3280);
#3278 = CARTESIAN_POINT('',(252.56604613409,10.352603753229,0.));
#3279 = DIRECTION('',(0.999320375579,3.686172746753E-02,-0.));
#3280 = DIRECTION('',(3.686172746753E-02,-0.999320375579,0.));
#3281 = ADVANCED_FACE('',(#3282),#3307,.F.);
#3282 = FACE_BOUND('',#3283,.F.);
#3283 = EDGE_LOOP('',(#3284,#3285,#3293,#3301));
#3284 = ORIENTED_EDGE('',*,*,#3263,.T.);
#3285 = ORIENTED_EDGE('',*,*,#3286,.T.);
#3286 = EDGE_CURVE('',#3256,#3287,#3289,.T.);
#3287 = VERTEX_POINT('',#3288);
#3288 = CARTESIAN_POINT('',(252.70177431315,6.212674405194,1.2));
#3289 = LINE('',#3290,#3291);
#3290 = CARTESIAN_POINT('',(252.64239024485,8.282917097927,1.2));
#3291 = VECTOR('',#3292,1.);
#3292 = DIRECTION('',(2.867279899157E-02,-0.999588850777,0.));
#3293 = ORIENTED_EDGE('',*,*,#3294,.F.);
#3294 = EDGE_CURVE('',#3295,#3287,#3297,.T.);
#3295 = VERTEX_POINT('',#3296);
#3296 = CARTESIAN_POINT('',(252.70177431315,6.212674405194,0.));
#3297 = LINE('',#3298,#3299);
#3298 = CARTESIAN_POINT('',(252.70177431315,6.212674405194,0.));
#3299 = VECTOR('',#3300,1.);
#3300 = DIRECTION('',(0.,0.,1.));
#3301 = ORIENTED_EDGE('',*,*,#3302,.F.);
#3302 = EDGE_CURVE('',#3264,#3295,#3303,.T.);
#3303 = LINE('',#3304,#3305);
#3304 = CARTESIAN_POINT('',(252.64239024485,8.282917097927,0.));
#3305 = VECTOR('',#3306,1.);
#3306 = DIRECTION('',(2.867279899157E-02,-0.999588850777,0.));
#3307 = PLANE('',#3308);
#3308 = AXIS2_PLACEMENT_3D('',#3309,#3310,#3311);
#3309 = CARTESIAN_POINT('',(252.64239024485,8.282917097927,0.));
#3310 = DIRECTION('',(0.999588850777,2.867279899157E-02,-0.));
#3311 = DIRECTION('',(2.867279899157E-02,-0.999588850777,0.));
#3312 = ADVANCED_FACE('',(#3313),#3338,.F.);
#3313 = FACE_BOUND('',#3314,.F.);
#3314 = EDGE_LOOP('',(#3315,#3316,#3324,#3332));
#3315 = ORIENTED_EDGE('',*,*,#3294,.T.);
#3316 = ORIENTED_EDGE('',*,*,#3317,.T.);
#3317 = EDGE_CURVE('',#3287,#3318,#3320,.T.);
#3318 = VERTEX_POINT('',#3319);
#3319 = CARTESIAN_POINT('',(252.74419435252,4.142014651724,1.2));
#3320 = LINE('',#3321,#3322);
#3321 = CARTESIAN_POINT('',(252.70177431315,6.212674405194,1.2));
#3322 = VECTOR('',#3323,1.);
#3323 = DIRECTION('',(2.048194569262E-02,-0.999790222947,0.));
#3324 = ORIENTED_EDGE('',*,*,#3325,.F.);
#3325 = EDGE_CURVE('',#3326,#3318,#3328,.T.);
#3326 = VERTEX_POINT('',#3327);
#3327 = CARTESIAN_POINT('',(252.74419435252,4.142014651724,0.));
#3328 = LINE('',#3329,#3330);
#3329 = CARTESIAN_POINT('',(252.74419435252,4.142014651724,0.));
#3330 = VECTOR('',#3331,1.);
#3331 = DIRECTION('',(0.,0.,1.));
#3332 = ORIENTED_EDGE('',*,*,#3333,.F.);
#3333 = EDGE_CURVE('',#3295,#3326,#3334,.T.);
#3334 = LINE('',#3335,#3336);
#3335 = CARTESIAN_POINT('',(252.70177431315,6.212674405194,0.));
#3336 = VECTOR('',#3337,1.);
#3337 = DIRECTION('',(2.048194569262E-02,-0.999790222947,0.));
#3338 = PLANE('',#3339);
#3339 = AXIS2_PLACEMENT_3D('',#3340,#3341,#3342);
#3340 = CARTESIAN_POINT('',(252.70177431315,6.212674405194,0.));
#3341 = DIRECTION('',(0.999790222947,2.048194569262E-02,-0.));
#3342 = DIRECTION('',(2.048194569262E-02,-0.999790222947,0.));
#3343 = ADVANCED_FACE('',(#3344),#3369,.F.);
#3344 = FACE_BOUND('',#3345,.F.);
#3345 = EDGE_LOOP('',(#3346,#3347,#3355,#3363));
#3346 = ORIENTED_EDGE('',*,*,#3325,.T.);
#3347 = ORIENTED_EDGE('',*,*,#3348,.T.);
#3348 = EDGE_CURVE('',#3318,#3349,#3351,.T.);
#3349 = VERTEX_POINT('',#3350);
#3350 = CARTESIAN_POINT('',(252.76964751527,2.071076842207,1.2));
#3351 = LINE('',#3352,#3353);
#3352 = CARTESIAN_POINT('',(252.74419435252,4.142014651724,1.2));
#3353 = VECTOR('',#3354,1.);
#3354 = DIRECTION('',(1.228971742779E-02,-0.999924478571,0.));
#3355 = ORIENTED_EDGE('',*,*,#3356,.F.);
#3356 = EDGE_CURVE('',#3357,#3349,#3359,.T.);
#3357 = VERTEX_POINT('',#3358);
#3358 = CARTESIAN_POINT('',(252.76964751527,2.071076842207,0.));
#3359 = LINE('',#3360,#3361);
#3360 = CARTESIAN_POINT('',(252.76964751527,2.071076842207,0.));
#3361 = VECTOR('',#3362,1.);
#3362 = DIRECTION('',(0.,0.,1.));
#3363 = ORIENTED_EDGE('',*,*,#3364,.F.);
#3364 = EDGE_CURVE('',#3326,#3357,#3365,.T.);
#3365 = LINE('',#3366,#3367);
#3366 = CARTESIAN_POINT('',(252.74419435252,4.142014651724,0.));
#3367 = VECTOR('',#3368,1.);
#3368 = DIRECTION('',(1.228971742779E-02,-0.999924478571,0.));
#3369 = PLANE('',#3370);
#3370 = AXIS2_PLACEMENT_3D('',#3371,#3372,#3373);
#3371 = CARTESIAN_POINT('',(252.74419435252,4.142014651724,0.));
#3372 = DIRECTION('',(0.999924478571,1.228971742779E-02,-0.));
#3373 = DIRECTION('',(1.228971742779E-02,-0.999924478571,0.));
#3374 = ADVANCED_FACE('',(#3375),#3400,.F.);
#3375 = FACE_BOUND('',#3376,.F.);
#3376 = EDGE_LOOP('',(#3377,#3378,#3386,#3394));
#3377 = ORIENTED_EDGE('',*,*,#3356,.T.);
#3378 = ORIENTED_EDGE('',*,*,#3379,.T.);
#3379 = EDGE_CURVE('',#3349,#3380,#3382,.T.);
#3380 = VERTEX_POINT('',#3381);
#3381 = CARTESIAN_POINT('',(252.77813209271,0.,1.2));
#3382 = LINE('',#3383,#3384);
#3383 = CARTESIAN_POINT('',(252.76964751527,2.071076842207,1.2));
#3384 = VECTOR('',#3385,1.);
#3385 = DIRECTION('',(4.09666414646E-03,-0.999991608636,0.));
#3386 = ORIENTED_EDGE('',*,*,#3387,.F.);
#3387 = EDGE_CURVE('',#3388,#3380,#3390,.T.);
#3388 = VERTEX_POINT('',#3389);
#3389 = CARTESIAN_POINT('',(252.77813209271,0.,0.));
#3390 = LINE('',#3391,#3392);
#3391 = CARTESIAN_POINT('',(252.77813209271,0.,0.));
#3392 = VECTOR('',#3393,1.);
#3393 = DIRECTION('',(0.,0.,1.));
#3394 = ORIENTED_EDGE('',*,*,#3395,.F.);
#3395 = EDGE_CURVE('',#3357,#3388,#3396,.T.);
#3396 = LINE('',#3397,#3398);
#3397 = CARTESIAN_POINT('',(252.76964751527,2.071076842207,0.));
#3398 = VECTOR('',#3399,1.);
#3399 = DIRECTION('',(4.09666414646E-03,-0.999991608636,0.));
#3400 = PLANE('',#3401);
#3401 = AXIS2_PLACEMENT_3D('',#3402,#3403,#3404);
#3402 = CARTESIAN_POINT('',(252.76964751527,2.071076842207,0.));
#3403 = DIRECTION('',(0.999991608636,4.09666414646E-03,-0.));
#3404 = DIRECTION('',(4.09666414646E-03,-0.999991608636,0.));
#3405 = ADVANCED_FACE('',(#3406),#3431,.F.);
#3406 = FACE_BOUND('',#3407,.F.);
#3407 = EDGE_LOOP('',(#3408,#3409,#3417,#3425));
#3408 = ORIENTED_EDGE('',*,*,#3387,.T.);
#3409 = ORIENTED_EDGE('',*,*,#3410,.T.);
#3410 = EDGE_CURVE('',#3380,#3411,#3413,.T.);
#3411 = VERTEX_POINT('',#3412);
#3412 = CARTESIAN_POINT('',(252.76964751527,-2.071076842207,1.2));
#3413 = LINE('',#3414,#3415);
#3414 = CARTESIAN_POINT('',(252.77813209271,0.,1.2));
#3415 = VECTOR('',#3416,1.);
#3416 = DIRECTION('',(-4.09666414646E-03,-0.999991608636,0.));
#3417 = ORIENTED_EDGE('',*,*,#3418,.F.);
#3418 = EDGE_CURVE('',#3419,#3411,#3421,.T.);
#3419 = VERTEX_POINT('',#3420);
#3420 = CARTESIAN_POINT('',(252.76964751527,-2.071076842207,0.));
#3421 = LINE('',#3422,#3423);
#3422 = CARTESIAN_POINT('',(252.76964751527,-2.071076842207,0.));
#3423 = VECTOR('',#3424,1.);
#3424 = DIRECTION('',(0.,0.,1.));
#3425 = ORIENTED_EDGE('',*,*,#3426,.F.);
#3426 = EDGE_CURVE('',#3388,#3419,#3427,.T.);
#3427 = LINE('',#3428,#3429);
#3428 = CARTESIAN_POINT('',(252.77813209271,0.,0.));
#3429 = VECTOR('',#3430,1.);
#3430 = DIRECTION('',(-4.09666414646E-03,-0.999991608636,0.));
#3431 = PLANE('',#3432);
#3432 = AXIS2_PLACEMENT_3D('',#3433,#3434,#3435);
#3433 = CARTESIAN_POINT('',(252.77813209271,0.,0.));
#3434 = DIRECTION('',(0.999991608636,-4.09666414646E-03,0.));
#3435 = DIRECTION('',(-4.09666414646E-03,-0.999991608636,0.));
#3436 = ADVANCED_FACE('',(#3437),#3462,.F.);
#3437 = FACE_BOUND('',#3438,.F.);
#3438 = EDGE_LOOP('',(#3439,#3440,#3448,#3456));
#3439 = ORIENTED_EDGE('',*,*,#3418,.T.);
#3440 = ORIENTED_EDGE('',*,*,#3441,.T.);
#3441 = EDGE_CURVE('',#3411,#3442,#3444,.T.);
#3442 = VERTEX_POINT('',#3443);
#3443 = CARTESIAN_POINT('',(252.74419435252,-4.142014651724,1.2));
#3444 = LINE('',#3445,#3446);
#3445 = CARTESIAN_POINT('',(252.76964751527,-2.071076842207,1.2));
#3446 = VECTOR('',#3447,1.);
#3447 = DIRECTION('',(-1.228971742779E-02,-0.999924478571,0.));
#3448 = ORIENTED_EDGE('',*,*,#3449,.F.);
#3449 = EDGE_CURVE('',#3450,#3442,#3452,.T.);
#3450 = VERTEX_POINT('',#3451);
#3451 = CARTESIAN_POINT('',(252.74419435252,-4.142014651724,0.));
#3452 = LINE('',#3453,#3454);
#3453 = CARTESIAN_POINT('',(252.74419435252,-4.142014651724,0.));
#3454 = VECTOR('',#3455,1.);
#3455 = DIRECTION('',(0.,0.,1.));
#3456 = ORIENTED_EDGE('',*,*,#3457,.F.);
#3457 = EDGE_CURVE('',#3419,#3450,#3458,.T.);
#3458 = LINE('',#3459,#3460);
#3459 = CARTESIAN_POINT('',(252.76964751527,-2.071076842207,0.));
#3460 = VECTOR('',#3461,1.);
#3461 = DIRECTION('',(-1.228971742779E-02,-0.999924478571,0.));
#3462 = PLANE('',#3463);
#3463 = AXIS2_PLACEMENT_3D('',#3464,#3465,#3466);
#3464 = CARTESIAN_POINT('',(252.76964751527,-2.071076842207,0.));
#3465 = DIRECTION('',(0.999924478571,-1.228971742779E-02,0.));
#3466 = DIRECTION('',(-1.228971742779E-02,-0.999924478571,0.));
#3467 = ADVANCED_FACE('',(#3468),#3493,.F.);
#3468 = FACE_BOUND('',#3469,.F.);
#3469 = EDGE_LOOP('',(#3470,#3471,#3479,#3487));
#3470 = ORIENTED_EDGE('',*,*,#3449,.T.);
#3471 = ORIENTED_EDGE('',*,*,#3472,.T.);
#3472 = EDGE_CURVE('',#3442,#3473,#3475,.T.);
#3473 = VERTEX_POINT('',#3474);
#3474 = CARTESIAN_POINT('',(252.70177431315,-6.212674405194,1.2));
#3475 = LINE('',#3476,#3477);
#3476 = CARTESIAN_POINT('',(252.74419435252,-4.142014651724,1.2));
#3477 = VECTOR('',#3478,1.);
#3478 = DIRECTION('',(-2.048194569262E-02,-0.999790222947,0.));
#3479 = ORIENTED_EDGE('',*,*,#3480,.F.);
#3480 = EDGE_CURVE('',#3481,#3473,#3483,.T.);
#3481 = VERTEX_POINT('',#3482);
#3482 = CARTESIAN_POINT('',(252.70177431315,-6.212674405194,0.));
#3483 = LINE('',#3484,#3485);
#3484 = CARTESIAN_POINT('',(252.70177431315,-6.212674405194,0.));
#3485 = VECTOR('',#3486,1.);
#3486 = DIRECTION('',(0.,0.,1.));
#3487 = ORIENTED_EDGE('',*,*,#3488,.F.);
#3488 = EDGE_CURVE('',#3450,#3481,#3489,.T.);
#3489 = LINE('',#3490,#3491);
#3490 = CARTESIAN_POINT('',(252.74419435252,-4.142014651724,0.));
#3491 = VECTOR('',#3492,1.);
#3492 = DIRECTION('',(-2.048194569262E-02,-0.999790222947,0.));
#3493 = PLANE('',#3494);
#3494 = AXIS2_PLACEMENT_3D('',#3495,#3496,#3497);
#3495 = CARTESIAN_POINT('',(252.74419435252,-4.142014651724,0.));
#3496 = DIRECTION('',(0.999790222947,-2.048194569262E-02,0.));
#3497 = DIRECTION('',(-2.048194569262E-02,-0.999790222947,0.));
#3498 = ADVANCED_FACE('',(#3499),#3524,.F.);
#3499 = FACE_BOUND('',#3500,.F.);
#3500 = EDGE_LOOP('',(#3501,#3502,#3510,#3518));
#3501 = ORIENTED_EDGE('',*,*,#3480,.T.);
#3502 = ORIENTED_EDGE('',*,*,#3503,.T.);
#3503 = EDGE_CURVE('',#3473,#3504,#3506,.T.);
#3504 = VERTEX_POINT('',#3505);
#3505 = CARTESIAN_POINT('',(252.64239024485,-8.282917097927,1.2));
#3506 = LINE('',#3507,#3508);
#3507 = CARTESIAN_POINT('',(252.70177431315,-6.212674405194,1.2));
#3508 = VECTOR('',#3509,1.);
#3509 = DIRECTION('',(-2.867279899158E-02,-0.999588850777,0.));
#3510 = ORIENTED_EDGE('',*,*,#3511,.F.);
#3511 = EDGE_CURVE('',#3512,#3504,#3514,.T.);
#3512 = VERTEX_POINT('',#3513);
#3513 = CARTESIAN_POINT('',(252.64239024485,-8.282917097927,0.));
#3514 = LINE('',#3515,#3516);
#3515 = CARTESIAN_POINT('',(252.64239024485,-8.282917097927,0.));
#3516 = VECTOR('',#3517,1.);
#3517 = DIRECTION('',(0.,0.,1.));
#3518 = ORIENTED_EDGE('',*,*,#3519,.F.);
#3519 = EDGE_CURVE('',#3481,#3512,#3520,.T.);
#3520 = LINE('',#3521,#3522);
#3521 = CARTESIAN_POINT('',(252.70177431315,-6.212674405194,0.));
#3522 = VECTOR('',#3523,1.);
#3523 = DIRECTION('',(-2.867279899158E-02,-0.999588850777,0.));
#3524 = PLANE('',#3525);
#3525 = AXIS2_PLACEMENT_3D('',#3526,#3527,#3528);
#3526 = CARTESIAN_POINT('',(252.70177431315,-6.212674405194,0.));
#3527 = DIRECTION('',(0.999588850777,-2.867279899158E-02,0.));
#3528 = DIRECTION('',(-2.867279899158E-02,-0.999588850777,0.));
#3529 = ADVANCED_FACE('',(#3530),#3555,.F.);
#3530 = FACE_BOUND('',#3531,.F.);
#3531 = EDGE_LOOP('',(#3532,#3533,#3541,#3549));
#3532 = ORIENTED_EDGE('',*,*,#3511,.T.);
#3533 = ORIENTED_EDGE('',*,*,#3534,.T.);
#3534 = EDGE_CURVE('',#3504,#3535,#3537,.T.);
#3535 = VERTEX_POINT('',#3536);
#3536 = CARTESIAN_POINT('',(252.56604613409,-10.35260375322,1.2));
#3537 = LINE('',#3538,#3539);
#3538 = CARTESIAN_POINT('',(252.64239024485,-8.282917097927,1.2));
#3539 = VECTOR('',#3540,1.);
#3540 = DIRECTION('',(-3.686172746753E-02,-0.999320375579,0.));
#3541 = ORIENTED_EDGE('',*,*,#3542,.F.);
#3542 = EDGE_CURVE('',#3543,#3535,#3545,.T.);
#3543 = VERTEX_POINT('',#3544);
#3544 = CARTESIAN_POINT('',(252.56604613409,-10.35260375322,0.));
#3545 = LINE('',#3546,#3547);
#3546 = CARTESIAN_POINT('',(252.56604613409,-10.35260375322,0.));
#3547 = VECTOR('',#3548,1.);
#3548 = DIRECTION('',(0.,0.,1.));
#3549 = ORIENTED_EDGE('',*,*,#3550,.F.);
#3550 = EDGE_CURVE('',#3512,#3543,#3551,.T.);
#3551 = LINE('',#3552,#3553);
#3552 = CARTESIAN_POINT('',(252.64239024485,-8.282917097927,0.));
#3553 = VECTOR('',#3554,1.);
#3554 = DIRECTION('',(-3.686172746753E-02,-0.999320375579,0.));
#3555 = PLANE('',#3556);
#3556 = AXIS2_PLACEMENT_3D('',#3557,#3558,#3559);
#3557 = CARTESIAN_POINT('',(252.64239024485,-8.282917097927,0.));
#3558 = DIRECTION('',(0.999320375579,-3.686172746753E-02,0.));
#3559 = DIRECTION('',(-3.686172746753E-02,-0.999320375579,0.));
#3560 = ADVANCED_FACE('',(#3561),#3586,.F.);
#3561 = FACE_BOUND('',#3562,.F.);
#3562 = EDGE_LOOP('',(#3563,#3564,#3572,#3580));
#3563 = ORIENTED_EDGE('',*,*,#3542,.T.);
#3564 = ORIENTED_EDGE('',*,*,#3565,.T.);
#3565 = EDGE_CURVE('',#3535,#3566,#3568,.T.);
#3566 = VERTEX_POINT('',#3567);
#3567 = CARTESIAN_POINT('',(252.47274710592,-12.42159543173,1.2));
#3568 = LINE('',#3569,#3570);
#3569 = CARTESIAN_POINT('',(252.56604613409,-10.35260375322,1.2));
#3570 = VECTOR('',#3571,1.);
#3571 = DIRECTION('',(-4.504818139252E-02,-0.998984815377,0.));
#3572 = ORIENTED_EDGE('',*,*,#3573,.F.);
#3573 = EDGE_CURVE('',#3574,#3566,#3576,.T.);
#3574 = VERTEX_POINT('',#3575);
#3575 = CARTESIAN_POINT('',(252.47274710592,-12.42159543173,0.));
#3576 = LINE('',#3577,#3578);
#3577 = CARTESIAN_POINT('',(252.47274710592,-12.42159543173,0.));
#3578 = VECTOR('',#3579,1.);
#3579 = DIRECTION('',(0.,0.,1.));
#3580 = ORIENTED_EDGE('',*,*,#3581,.F.);
#3581 = EDGE_CURVE('',#3543,#3574,#3582,.T.);
#3582 = LINE('',#3583,#3584);
#3583 = CARTESIAN_POINT('',(252.56604613409,-10.35260375322,0.));
#3584 = VECTOR('',#3585,1.);
#3585 = DIRECTION('',(-4.504818139252E-02,-0.998984815377,0.));
#3586 = PLANE('',#3587);
#3587 = AXIS2_PLACEMENT_3D('',#3588,#3589,#3590);
#3588 = CARTESIAN_POINT('',(252.56604613409,-10.35260375322,0.));
#3589 = DIRECTION('',(0.998984815377,-4.504818139252E-02,0.));
#3590 = DIRECTION('',(-4.504818139252E-02,-0.998984815377,0.));
#3591 = ADVANCED_FACE('',(#3592),#3617,.F.);
#3592 = FACE_BOUND('',#3593,.F.);
#3593 = EDGE_LOOP('',(#3594,#3595,#3603,#3611));
#3594 = ORIENTED_EDGE('',*,*,#3573,.T.);
#3595 = ORIENTED_EDGE('',*,*,#3596,.T.);
#3596 = EDGE_CURVE('',#3566,#3597,#3599,.T.);
#3597 = VERTEX_POINT('',#3598);
#3598 = CARTESIAN_POINT('',(252.36249942355,-14.48975324073,1.2));
#3599 = LINE('',#3600,#3601);
#3600 = CARTESIAN_POINT('',(252.47274710592,-12.42159543173,1.2));
#3601 = VECTOR('',#3602,1.);
#3602 = DIRECTION('',(-5.323161120482E-02,-0.998582192695,0.));
#3603 = ORIENTED_EDGE('',*,*,#3604,.F.);
#3604 = EDGE_CURVE('',#3605,#3597,#3607,.T.);
#3605 = VERTEX_POINT('',#3606);
#3606 = CARTESIAN_POINT('',(252.36249942355,-14.48975324073,0.));
#3607 = LINE('',#3608,#3609);
#3608 = CARTESIAN_POINT('',(252.36249942355,-14.48975324073,0.));
#3609 = VECTOR('',#3610,1.);
#3610 = DIRECTION('',(0.,0.,1.));
#3611 = ORIENTED_EDGE('',*,*,#3612,.F.);
#3612 = EDGE_CURVE('',#3574,#3605,#3613,.T.);
#3613 = LINE('',#3614,#3615);
#3614 = CARTESIAN_POINT('',(252.47274710592,-12.42159543173,0.));
#3615 = VECTOR('',#3616,1.);
#3616 = DIRECTION('',(-5.323161120482E-02,-0.998582192695,0.));
#3617 = PLANE('',#3618);
#3618 = AXIS2_PLACEMENT_3D('',#3619,#3620,#3621);
#3619 = CARTESIAN_POINT('',(252.47274710592,-12.42159543173,0.));
#3620 = DIRECTION('',(0.998582192695,-5.323161120482E-02,0.));
#3621 = DIRECTION('',(-5.323161120482E-02,-0.998582192695,0.));
#3622 = ADVANCED_FACE('',(#3623),#3648,.F.);
#3623 = FACE_BOUND('',#3624,.F.);
#3624 = EDGE_LOOP('',(#3625,#3626,#3634,#3642));
#3625 = ORIENTED_EDGE('',*,*,#3604,.T.);
#3626 = ORIENTED_EDGE('',*,*,#3627,.T.);
#3627 = EDGE_CURVE('',#3597,#3628,#3630,.T.);
#3628 = VERTEX_POINT('',#3629);
#3629 = CARTESIAN_POINT('',(252.23531048799,-16.55693834348,1.2));
#3630 = LINE('',#3631,#3632);
#3631 = CARTESIAN_POINT('',(252.36249942355,-14.48975324073,1.2));
#3632 = VECTOR('',#3633,1.);
#3633 = DIRECTION('',(-6.141146754556E-02,-0.998112534564,0.));
#3634 = ORIENTED_EDGE('',*,*,#3635,.F.);
#3635 = EDGE_CURVE('',#3636,#3628,#3638,.T.);
#3636 = VERTEX_POINT('',#3637);
#3637 = CARTESIAN_POINT('',(252.23531048799,-16.55693834348,0.));
#3638 = LINE('',#3639,#3640);
#3639 = CARTESIAN_POINT('',(252.23531048799,-16.55693834348,0.));
#3640 = VECTOR('',#3641,1.);
#3641 = DIRECTION('',(0.,0.,1.));
#3642 = ORIENTED_EDGE('',*,*,#3643,.F.);
#3643 = EDGE_CURVE('',#3605,#3636,#3644,.T.);
#3644 = LINE('',#3645,#3646);
#3645 = CARTESIAN_POINT('',(252.36249942355,-14.48975324073,0.));
#3646 = VECTOR('',#3647,1.);
#3647 = DIRECTION('',(-6.141146754556E-02,-0.998112534564,0.));
#3648 = PLANE('',#3649);
#3649 = AXIS2_PLACEMENT_3D('',#3650,#3651,#3652);
#3650 = CARTESIAN_POINT('',(252.36249942355,-14.48975324073,0.));
#3651 = DIRECTION('',(0.998112534564,-6.141146754556E-02,0.));
#3652 = DIRECTION('',(-6.141146754556E-02,-0.998112534564,0.));
#3653 = ADVANCED_FACE('',(#3654),#3679,.F.);
#3654 = FACE_BOUND('',#3655,.F.);
#3655 = EDGE_LOOP('',(#3656,#3657,#3665,#3673));
#3656 = ORIENTED_EDGE('',*,*,#3635,.T.);
#3657 = ORIENTED_EDGE('',*,*,#3658,.T.);
#3658 = EDGE_CURVE('',#3628,#3659,#3661,.T.);
#3659 = VERTEX_POINT('',#3660);
#3660 = CARTESIAN_POINT('',(252.09118883749,-18.62301196856,1.2));
#3661 = LINE('',#3662,#3663);
#3662 = CARTESIAN_POINT('',(252.23531048799,-16.55693834348,1.2));
#3663 = VECTOR('',#3664,1.);
#3664 = DIRECTION('',(-6.958720129592E-02,-0.997575872511,0.));
#3665 = ORIENTED_EDGE('',*,*,#3666,.F.);
#3666 = EDGE_CURVE('',#3667,#3659,#3669,.T.);
#3667 = VERTEX_POINT('',#3668);
#3668 = CARTESIAN_POINT('',(252.09118883749,-18.62301196856,0.));
#3669 = LINE('',#3670,#3671);
#3670 = CARTESIAN_POINT('',(252.09118883749,-18.62301196856,0.));
#3671 = VECTOR('',#3672,1.);
#3672 = DIRECTION('',(0.,0.,1.));
#3673 = ORIENTED_EDGE('',*,*,#3674,.F.);
#3674 = EDGE_CURVE('',#3636,#3667,#3675,.T.);
#3675 = LINE('',#3676,#3677);
#3676 = CARTESIAN_POINT('',(252.23531048799,-16.55693834348,0.));
#3677 = VECTOR('',#3678,1.);
#3678 = DIRECTION('',(-6.958720129592E-02,-0.997575872511,0.));
#3679 = PLANE('',#3680);
#3680 = AXIS2_PLACEMENT_3D('',#3681,#3682,#3683);
#3681 = CARTESIAN_POINT('',(252.23531048799,-16.55693834348,0.));
#3682 = DIRECTION('',(0.997575872511,-6.958720129592E-02,0.));
#3683 = DIRECTION('',(-6.958720129592E-02,-0.997575872511,0.));
#3684 = ADVANCED_FACE('',(#3685),#3710,.F.);
#3685 = FACE_BOUND('',#3686,.F.);
#3686 = EDGE_LOOP('',(#3687,#3688,#3696,#3704));
#3687 = ORIENTED_EDGE('',*,*,#3666,.T.);
#3688 = ORIENTED_EDGE('',*,*,#3689,.T.);
#3689 = EDGE_CURVE('',#3659,#3690,#3692,.T.);
#3690 = VERTEX_POINT('',#3691);
#3691 = CARTESIAN_POINT('',(251.93014414705,-20.68783541914,1.2));
#3692 = LINE('',#3693,#3694);
#3693 = CARTESIAN_POINT('',(252.09118883749,-18.62301196856,1.2));
#3694 = VECTOR('',#3695,1.);
#3695 = DIRECTION('',(-7.775826361371E-02,-0.996972242562,0.));
#3696 = ORIENTED_EDGE('',*,*,#3697,.F.);
#3697 = EDGE_CURVE('',#3698,#3690,#3700,.T.);
#3698 = VERTEX_POINT('',#3699);
#3699 = CARTESIAN_POINT('',(251.93014414705,-20.68783541914,0.));
#3700 = LINE('',#3701,#3702);
#3701 = CARTESIAN_POINT('',(251.93014414705,-20.68783541914,0.));
#3702 = VECTOR('',#3703,1.);
#3703 = DIRECTION('',(0.,0.,1.));
#3704 = ORIENTED_EDGE('',*,*,#3705,.F.);
#3705 = EDGE_CURVE('',#3667,#3698,#3706,.T.);
#3706 = LINE('',#3707,#3708);
#3707 = CARTESIAN_POINT('',(252.09118883749,-18.62301196856,0.));
#3708 = VECTOR('',#3709,1.);
#3709 = DIRECTION('',(-7.775826361371E-02,-0.996972242562,0.));
#3710 = PLANE('',#3711);
#3711 = AXIS2_PLACEMENT_3D('',#3712,#3713,#3714);
#3712 = CARTESIAN_POINT('',(252.09118883749,-18.62301196856,0.));
#3713 = DIRECTION('',(0.996972242562,-7.775826361371E-02,0.));
#3714 = DIRECTION('',(-7.775826361371E-02,-0.996972242562,0.));
#3715 = ADVANCED_FACE('',(#3716),#3741,.F.);
#3716 = FACE_BOUND('',#3717,.F.);
#3717 = EDGE_LOOP('',(#3718,#3719,#3727,#3735));
#3718 = ORIENTED_EDGE('',*,*,#3697,.T.);
#3719 = ORIENTED_EDGE('',*,*,#3720,.T.);
#3720 = EDGE_CURVE('',#3690,#3721,#3723,.T.);
#3721 = VERTEX_POINT('',#3722);
#3722 = CARTESIAN_POINT('',(251.75218722768,-22.75127008232,1.2));
#3723 = LINE('',#3724,#3725);
#3724 = CARTESIAN_POINT('',(251.93014414705,-20.68783541914,1.2));
#3725 = VECTOR('',#3726,1.);
#3726 = DIRECTION('',(-8.592410597038E-02,-0.996301685241,0.));
#3727 = ORIENTED_EDGE('',*,*,#3728,.F.);
#3728 = EDGE_CURVE('',#3729,#3721,#3731,.T.);
#3729 = VERTEX_POINT('',#3730);
#3730 = CARTESIAN_POINT('',(251.75218722768,-22.75127008232,0.));
#3731 = LINE('',#3732,#3733);
#3732 = CARTESIAN_POINT('',(251.75218722768,-22.75127008232,0.));
#3733 = VECTOR('',#3734,1.);
#3734 = DIRECTION('',(0.,0.,1.));
#3735 = ORIENTED_EDGE('',*,*,#3736,.F.);
#3736 = EDGE_CURVE('',#3698,#3729,#3737,.T.);
#3737 = LINE('',#3738,#3739);
#3738 = CARTESIAN_POINT('',(251.93014414705,-20.68783541914,0.));
#3739 = VECTOR('',#3740,1.);
#3740 = DIRECTION('',(-8.592410597038E-02,-0.996301685241,0.));
#3741 = PLANE('',#3742);
#3742 = AXIS2_PLACEMENT_3D('',#3743,#3744,#3745);
#3743 = CARTESIAN_POINT('',(251.93014414705,-20.68783541914,0.));
#3744 = DIRECTION('',(0.996301685241,-8.592410597038E-02,0.));
#3745 = DIRECTION('',(-8.592410597038E-02,-0.996301685241,0.));
#3746 = ADVANCED_FACE('',(#3747),#3772,.F.);
#3747 = FACE_BOUND('',#3748,.F.);
#3748 = EDGE_LOOP('',(#3749,#3750,#3758,#3766));
#3749 = ORIENTED_EDGE('',*,*,#3728,.T.);
#3750 = ORIENTED_EDGE('',*,*,#3751,.T.);
#3751 = EDGE_CURVE('',#3721,#3752,#3754,.T.);
#3752 = VERTEX_POINT('',#3753);
#3753 = CARTESIAN_POINT('',(251.55733002576,-24.81317743845,1.2));
#3754 = LINE('',#3755,#3756);
#3755 = CARTESIAN_POINT('',(251.75218722768,-22.75127008232,1.2));
#3756 = VECTOR('',#3757,1.);
#3757 = DIRECTION('',(-9.408418018782E-02,-0.99556424556,0.));
#3758 = ORIENTED_EDGE('',*,*,#3759,.F.);
#3759 = EDGE_CURVE('',#3760,#3752,#3762,.T.);
#3760 = VERTEX_POINT('',#3761);
#3761 = CARTESIAN_POINT('',(251.55733002576,-24.81317743845,0.));
#3762 = LINE('',#3763,#3764);
#3763 = CARTESIAN_POINT('',(251.55733002576,-24.81317743845,0.));
#3764 = VECTOR('',#3765,1.);
#3765 = DIRECTION('',(0.,0.,1.));
#3766 = ORIENTED_EDGE('',*,*,#3767,.F.);
#3767 = EDGE_CURVE('',#3729,#3760,#3768,.T.);
#3768 = LINE('',#3769,#3770);
#3769 = CARTESIAN_POINT('',(251.75218722768,-22.75127008232,0.));
#3770 = VECTOR('',#3771,1.);
#3771 = DIRECTION('',(-9.408418018782E-02,-0.99556424556,0.));
#3772 = PLANE('',#3773);
#3773 = AXIS2_PLACEMENT_3D('',#3774,#3775,#3776);
#3774 = CARTESIAN_POINT('',(251.75218722768,-22.75127008232,0.));
#3775 = DIRECTION('',(0.99556424556,-9.408418018782E-02,0.));
#3776 = DIRECTION('',(-9.408418018782E-02,-0.99556424556,0.));
#3777 = ADVANCED_FACE('',(#3778),#3803,.F.);
#3778 = FACE_BOUND('',#3779,.F.);
#3779 = EDGE_LOOP('',(#3780,#3781,#3789,#3797));
#3780 = ORIENTED_EDGE('',*,*,#3759,.T.);
#3781 = ORIENTED_EDGE('',*,*,#3782,.T.);
#3782 = EDGE_CURVE('',#3752,#3783,#3785,.T.);
#3783 = VERTEX_POINT('',#3784);
#3784 = CARTESIAN_POINT('',(251.34558562216,-26.87341907037,1.2));
#3785 = LINE('',#3786,#3787);
#3786 = CARTESIAN_POINT('',(251.55733002576,-24.81317743845,1.2));
#3787 = VECTOR('',#3788,1.);
#3788 = DIRECTION('',(-0.102237938475,-0.994759973027,0.));
#3789 = ORIENTED_EDGE('',*,*,#3790,.F.);
#3790 = EDGE_CURVE('',#3791,#3783,#3793,.T.);
#3791 = VERTEX_POINT('',#3792);
#3792 = CARTESIAN_POINT('',(251.34558562216,-26.87341907037,0.));
#3793 = LINE('',#3794,#3795);
#3794 = CARTESIAN_POINT('',(251.34558562216,-26.87341907037,0.));
#3795 = VECTOR('',#3796,1.);
#3796 = DIRECTION('',(0.,0.,1.));
#3797 = ORIENTED_EDGE('',*,*,#3798,.F.);
#3798 = EDGE_CURVE('',#3760,#3791,#3799,.T.);
#3799 = LINE('',#3800,#3801);
#3800 = CARTESIAN_POINT('',(251.55733002576,-24.81317743845,0.));
#3801 = VECTOR('',#3802,1.);
#3802 = DIRECTION('',(-0.102237938475,-0.994759973027,0.));
#3803 = PLANE('',#3804);
#3804 = AXIS2_PLACEMENT_3D('',#3805,#3806,#3807);
#3805 = CARTESIAN_POINT('',(251.55733002576,-24.81317743845,0.));
#3806 = DIRECTION('',(0.994759973027,-0.102237938475,0.));
#3807 = DIRECTION('',(-0.102237938475,-0.994759973027,0.));
#3808 = ADVANCED_FACE('',(#3809),#3834,.F.);
#3809 = FACE_BOUND('',#3810,.F.);
#3810 = EDGE_LOOP('',(#3811,#3812,#3820,#3828));
#3811 = ORIENTED_EDGE('',*,*,#3790,.T.);
#3812 = ORIENTED_EDGE('',*,*,#3813,.T.);
#3813 = EDGE_CURVE('',#3783,#3814,#3816,.T.);
#3814 = VERTEX_POINT('',#3815);
#3815 = CARTESIAN_POINT('',(251.11696823143,-28.93185667279,1.2));
#3816 = LINE('',#3817,#3818);
#3817 = CARTESIAN_POINT('',(251.34558562216,-26.87341907037,1.2));
#3818 = VECTOR('',#3819,1.);
#3819 = DIRECTION('',(-0.110384833465,-0.993888921631,0.));
#3820 = ORIENTED_EDGE('',*,*,#3821,.F.);
#3821 = EDGE_CURVE('',#3822,#3814,#3824,.T.);
#3822 = VERTEX_POINT('',#3823);
#3823 = CARTESIAN_POINT('',(251.11696823143,-28.93185667279,0.));
#3824 = LINE('',#3825,#3826);
#3825 = CARTESIAN_POINT('',(251.11696823143,-28.93185667279,0.));
#3826 = VECTOR('',#3827,1.);
#3827 = DIRECTION('',(0.,0.,1.));
#3828 = ORIENTED_EDGE('',*,*,#3829,.F.);
#3829 = EDGE_CURVE('',#3791,#3822,#3830,.T.);
#3830 = LINE('',#3831,#3832);
#3831 = CARTESIAN_POINT('',(251.34558562216,-26.87341907037,0.));
#3832 = VECTOR('',#3833,1.);
#3833 = DIRECTION('',(-0.110384833465,-0.993888921631,0.));
#3834 = PLANE('',#3835);
#3835 = AXIS2_PLACEMENT_3D('',#3836,#3837,#3838);
#3836 = CARTESIAN_POINT('',(251.34558562216,-26.87341907037,0.));
#3837 = DIRECTION('',(0.993888921631,-0.110384833465,0.));
#3838 = DIRECTION('',(-0.110384833465,-0.993888921631,0.));
#3839 = ADVANCED_FACE('',(#3840),#3865,.F.);
#3840 = FACE_BOUND('',#3841,.F.);
#3841 = EDGE_LOOP('',(#3842,#3843,#3851,#3859));
#3842 = ORIENTED_EDGE('',*,*,#3821,.T.);
#3843 = ORIENTED_EDGE('',*,*,#3844,.T.);
#3844 = EDGE_CURVE('',#3814,#3845,#3847,.T.);
#3845 = VERTEX_POINT('',#3846);
#3846 = CARTESIAN_POINT('',(250.87149320079,-30.98835206148,1.2));
#3847 = LINE('',#3848,#3849);
#3848 = CARTESIAN_POINT('',(251.11696823143,-28.93185667279,1.2));
#3849 = VECTOR('',#3850,1.);
#3850 = DIRECTION('',(-0.118524318252,-0.992951149847,0.));
#3851 = ORIENTED_EDGE('',*,*,#3852,.F.);
#3852 = EDGE_CURVE('',#3853,#3845,#3855,.T.);
#3853 = VERTEX_POINT('',#3854);
#3854 = CARTESIAN_POINT('',(250.87149320079,-30.98835206148,0.));
#3855 = LINE('',#3856,#3857);
#3856 = CARTESIAN_POINT('',(250.87149320079,-30.98835206148,0.));
#3857 = VECTOR('',#3858,1.);
#3858 = DIRECTION('',(0.,0.,1.));
#3859 = ORIENTED_EDGE('',*,*,#3860,.F.);
#3860 = EDGE_CURVE('',#3822,#3853,#3861,.T.);
#3861 = LINE('',#3862,#3863);
#3862 = CARTESIAN_POINT('',(251.11696823143,-28.93185667279,0.));
#3863 = VECTOR('',#3864,1.);
#3864 = DIRECTION('',(-0.118524318252,-0.992951149847,0.));
#3865 = PLANE('',#3866);
#3866 = AXIS2_PLACEMENT_3D('',#3867,#3868,#3869);
#3867 = CARTESIAN_POINT('',(251.11696823143,-28.93185667279,0.));
#3868 = DIRECTION('',(0.992951149847,-0.118524318252,0.));
#3869 = DIRECTION('',(-0.118524318252,-0.992951149847,0.));
#3870 = ADVANCED_FACE('',(#3871),#3896,.F.);
#3871 = FACE_BOUND('',#3872,.F.);
#3872 = EDGE_LOOP('',(#3873,#3874,#3882,#3890));
#3873 = ORIENTED_EDGE('',*,*,#3852,.T.);
#3874 = ORIENTED_EDGE('',*,*,#3875,.T.);
#3875 = EDGE_CURVE('',#3845,#3876,#3878,.T.);
#3876 = VERTEX_POINT('',#3877);
#3877 = CARTESIAN_POINT('',(250.60917700913,-33.04276718262,1.2));
#3878 = LINE('',#3879,#3880);
#3879 = CARTESIAN_POINT('',(250.87149320079,-30.98835206148,1.2));
#3880 = VECTOR('',#3881,1.);
#3881 = DIRECTION('',(-0.126655846427,-0.991946720629,0.));
#3882 = ORIENTED_EDGE('',*,*,#3883,.F.);
#3883 = EDGE_CURVE('',#3884,#3876,#3886,.T.);
#3884 = VERTEX_POINT('',#3885);
#3885 = CARTESIAN_POINT('',(250.60917700913,-33.04276718262,0.));
#3886 = LINE('',#3887,#3888);
#3887 = CARTESIAN_POINT('',(250.60917700913,-33.04276718262,0.));
#3888 = VECTOR('',#3889,1.);
#3889 = DIRECTION('',(0.,0.,1.));
#3890 = ORIENTED_EDGE('',*,*,#3891,.F.);
#3891 = EDGE_CURVE('',#3853,#3884,#3892,.T.);
#3892 = LINE('',#3893,#3894);
#3893 = CARTESIAN_POINT('',(250.87149320079,-30.98835206148,0.));
#3894 = VECTOR('',#3895,1.);
#3895 = DIRECTION('',(-0.126655846427,-0.991946720629,0.));
#3896 = PLANE('',#3897);
#3897 = AXIS2_PLACEMENT_3D('',#3898,#3899,#3900);
#3898 = CARTESIAN_POINT('',(250.87149320079,-30.98835206148,0.));
#3899 = DIRECTION('',(0.991946720629,-0.126655846427,0.));
#3900 = DIRECTION('',(-0.126655846427,-0.991946720629,0.));
#3901 = ADVANCED_FACE('',(#3902),#3927,.F.);
#3902 = FACE_BOUND('',#3903,.F.);
#3903 = EDGE_LOOP('',(#3904,#3905,#3913,#3921));
#3904 = ORIENTED_EDGE('',*,*,#3883,.T.);
#3905 = ORIENTED_EDGE('',*,*,#3906,.T.);
#3906 = EDGE_CURVE('',#3876,#3907,#3909,.T.);
#3907 = VERTEX_POINT('',#3908);
#3908 = CARTESIAN_POINT('',(250.33003726591,-35.09496412203,1.2));
#3909 = LINE('',#3910,#3911);
#3910 = CARTESIAN_POINT('',(250.60917700913,-33.04276718262,1.2));
#3911 = VECTOR('',#3912,1.);
#3912 = DIRECTION('',(-0.134778872116,-0.990875701403,0.));
#3913 = ORIENTED_EDGE('',*,*,#3914,.F.);
#3914 = EDGE_CURVE('',#3915,#3907,#3917,.T.);
#3915 = VERTEX_POINT('',#3916);
#3916 = CARTESIAN_POINT('',(250.33003726591,-35.09496412203,0.));
#3917 = LINE('',#3918,#3919);
#3918 = CARTESIAN_POINT('',(250.33003726591,-35.09496412203,0.));
#3919 = VECTOR('',#3920,1.);
#3920 = DIRECTION('',(0.,0.,1.));
#3921 = ORIENTED_EDGE('',*,*,#3922,.F.);
#3922 = EDGE_CURVE('',#3884,#3915,#3923,.T.);
#3923 = LINE('',#3924,#3925);
#3924 = CARTESIAN_POINT('',(250.60917700913,-33.04276718262,0.));
#3925 = VECTOR('',#3926,1.);
#3926 = DIRECTION('',(-0.134778872116,-0.990875701403,0.));
#3927 = PLANE('',#3928);
#3928 = AXIS2_PLACEMENT_3D('',#3929,#3930,#3931);
#3929 = CARTESIAN_POINT('',(250.60917700913,-33.04276718262,0.));
#3930 = DIRECTION('',(0.990875701403,-0.134778872116,0.));
#3931 = DIRECTION('',(-0.134778872116,-0.990875701403,0.));
#3932 = ADVANCED_FACE('',(#3933),#3958,.F.);
#3933 = FACE_BOUND('',#3934,.F.);
#3934 = EDGE_LOOP('',(#3935,#3936,#3944,#3952));
#3935 = ORIENTED_EDGE('',*,*,#3914,.T.);
#3936 = ORIENTED_EDGE('',*,*,#3937,.T.);
#3937 = EDGE_CURVE('',#3907,#3938,#3940,.T.);
#3938 = VERTEX_POINT('',#3939);
#3939 = CARTESIAN_POINT('',(250.03409270995,-37.14480511445,1.2));
#3940 = LINE('',#3941,#3942);
#3941 = CARTESIAN_POINT('',(250.33003726591,-35.09496412203,1.2));
#3942 = VECTOR('',#3943,1.);
#3943 = DIRECTION('',(-0.142892850014,-0.989738164069,0.));
#3944 = ORIENTED_EDGE('',*,*,#3945,.F.);
#3945 = EDGE_CURVE('',#3946,#3938,#3948,.T.);
#3946 = VERTEX_POINT('',#3947);
#3947 = CARTESIAN_POINT('',(250.03409270995,-37.14480511445,0.));
#3948 = LINE('',#3949,#3950);
#3949 = CARTESIAN_POINT('',(250.03409270995,-37.14480511445,0.));
#3950 = VECTOR('',#3951,1.);
#3951 = DIRECTION('',(0.,0.,1.));
#3952 = ORIENTED_EDGE('',*,*,#3953,.F.);
#3953 = EDGE_CURVE('',#3915,#3946,#3954,.T.);
#3954 = LINE('',#3955,#3956);
#3955 = CARTESIAN_POINT('',(250.33003726591,-35.09496412203,0.));
#3956 = VECTOR('',#3957,1.);
#3957 = DIRECTION('',(-0.142892850014,-0.989738164069,0.));
#3958 = PLANE('',#3959);
#3959 = AXIS2_PLACEMENT_3D('',#3960,#3961,#3962);
#3960 = CARTESIAN_POINT('',(250.33003726591,-35.09496412203,0.));
#3961 = DIRECTION('',(0.989738164069,-0.142892850014,0.));
#3962 = DIRECTION('',(-0.142892850014,-0.989738164069,0.));
#3963 = ADVANCED_FACE('',(#3964),#3989,.F.);
#3964 = FACE_BOUND('',#3965,.F.);
#3965 = EDGE_LOOP('',(#3966,#3967,#3975,#3983));
#3966 = ORIENTED_EDGE('',*,*,#3945,.T.);
#3967 = ORIENTED_EDGE('',*,*,#3968,.T.);
#3968 = EDGE_CURVE('',#3938,#3969,#3971,.T.);
#3969 = VERTEX_POINT('',#3970);
#3970 = CARTESIAN_POINT('',(249.7213632082,-39.19215255275,1.2));
#3971 = LINE('',#3972,#3973);
#3972 = CARTESIAN_POINT('',(250.03409270995,-37.14480511445,1.2));
#3973 = VECTOR('',#3974,1.);
#3974 = DIRECTION('',(-0.150997235425,-0.98853418499,0.));
#3975 = ORIENTED_EDGE('',*,*,#3976,.F.);
#3976 = EDGE_CURVE('',#3977,#3969,#3979,.T.);
#3977 = VERTEX_POINT('',#3978);
#3978 = CARTESIAN_POINT('',(249.7213632082,-39.19215255275,0.));
#3979 = LINE('',#3980,#3981);
#3980 = CARTESIAN_POINT('',(249.7213632082,-39.19215255275,0.));
#3981 = VECTOR('',#3982,1.);
#3982 = DIRECTION('',(0.,0.,1.));
#3983 = ORIENTED_EDGE('',*,*,#3984,.F.);
#3984 = EDGE_CURVE('',#3946,#3977,#3985,.T.);
#3985 = LINE('',#3986,#3987);
#3986 = CARTESIAN_POINT('',(250.03409270995,-37.14480511445,0.));
#3987 = VECTOR('',#3988,1.);
#3988 = DIRECTION('',(-0.150997235425,-0.98853418499,0.));
#3989 = PLANE('',#3990);
#3990 = AXIS2_PLACEMENT_3D('',#3991,#3992,#3993);
#3991 = CARTESIAN_POINT('',(250.03409270995,-37.14480511445,0.));
#3992 = DIRECTION('',(0.98853418499,-0.150997235425,0.));
#3993 = DIRECTION('',(-0.150997235425,-0.98853418499,0.));
#3994 = ADVANCED_FACE('',(#3995),#4020,.F.);
#3995 = FACE_BOUND('',#3996,.F.);
#3996 = EDGE_LOOP('',(#3997,#3998,#4006,#4014));
#3997 = ORIENTED_EDGE('',*,*,#3976,.T.);
#3998 = ORIENTED_EDGE('',*,*,#3999,.T.);
#3999 = EDGE_CURVE('',#3969,#4000,#4002,.T.);
#4000 = VERTEX_POINT('',#4001);
#4001 = CARTESIAN_POINT('',(249.39186975438,-41.23686899721,1.2));
#4002 = LINE('',#4003,#4004);
#4003 = CARTESIAN_POINT('',(249.7213632082,-39.19215255275,1.2));
#4004 = VECTOR('',#4005,1.);
#4005 = DIRECTION('',(-0.159091484297,-0.98726384499,0.));
#4006 = ORIENTED_EDGE('',*,*,#4007,.F.);
#4007 = EDGE_CURVE('',#4008,#4000,#4010,.T.);
#4008 = VERTEX_POINT('',#4009);
#4009 = CARTESIAN_POINT('',(249.39186975438,-41.23686899721,0.));
#4010 = LINE('',#4011,#4012);
#4011 = CARTESIAN_POINT('',(249.39186975438,-41.23686899721,0.));
#4012 = VECTOR('',#4013,1.);
#4013 = DIRECTION('',(0.,0.,1.));
#4014 = ORIENTED_EDGE('',*,*,#4015,.F.);
#4015 = EDGE_CURVE('',#3977,#4008,#4016,.T.);
#4016 = LINE('',#4017,#4018);
#4017 = CARTESIAN_POINT('',(249.7213632082,-39.19215255275,0.));
#4018 = VECTOR('',#4019,1.);
#4019 = DIRECTION('',(-0.159091484297,-0.98726384499,0.));
#4020 = PLANE('',#4021);
#4021 = AXIS2_PLACEMENT_3D('',#4022,#4023,#4024);
#4022 = CARTESIAN_POINT('',(249.7213632082,-39.19215255275,0.));
#4023 = DIRECTION('',(0.98726384499,-0.159091484297,0.));
#4024 = DIRECTION('',(-0.159091484297,-0.98726384499,0.));
#4025 = ADVANCED_FACE('',(#4026),#4051,.F.);
#4026 = FACE_BOUND('',#4027,.F.);
#4027 = EDGE_LOOP('',(#4028,#4029,#4037,#4045));
#4028 = ORIENTED_EDGE('',*,*,#4007,.T.);
#4029 = ORIENTED_EDGE('',*,*,#4030,.T.);
#4030 = EDGE_CURVE('',#4000,#4031,#4033,.T.);
#4031 = VERTEX_POINT('',#4032);
#4032 = CARTESIAN_POINT('',(249.0456344676,-43.27881718475,1.2));
#4033 = LINE('',#4034,#4035);
#4034 = CARTESIAN_POINT('',(249.39186975438,-41.23686899721,1.2));
#4035 = VECTOR('',#4036,1.);
#4036 = DIRECTION('',(-0.167175053257,-0.985927229347,0.));
#4037 = ORIENTED_EDGE('',*,*,#4038,.F.);
#4038 = EDGE_CURVE('',#4039,#4031,#4041,.T.);
#4039 = VERTEX_POINT('',#4040);
#4040 = CARTESIAN_POINT('',(249.0456344676,-43.27881718475,0.));
#4041 = LINE('',#4042,#4043);
#4042 = CARTESIAN_POINT('',(249.0456344676,-43.27881718475,0.));
#4043 = VECTOR('',#4044,1.);
#4044 = DIRECTION('',(0.,0.,1.));
#4045 = ORIENTED_EDGE('',*,*,#4046,.F.);
#4046 = EDGE_CURVE('',#4008,#4039,#4047,.T.);
#4047 = LINE('',#4048,#4049);
#4048 = CARTESIAN_POINT('',(249.39186975438,-41.23686899721,0.));
#4049 = VECTOR('',#4050,1.);
#4050 = DIRECTION('',(-0.167175053257,-0.985927229347,0.));
#4051 = PLANE('',#4052);
#4052 = AXIS2_PLACEMENT_3D('',#4053,#4054,#4055);
#4053 = CARTESIAN_POINT('',(249.39186975438,-41.23686899721,0.));
#4054 = DIRECTION('',(0.985927229347,-0.167175053257,0.));
#4055 = DIRECTION('',(-0.167175053257,-0.985927229347,0.));
#4056 = ADVANCED_FACE('',(#4057),#4082,.F.);
#4057 = FACE_BOUND('',#4058,.F.);
#4058 = EDGE_LOOP('',(#4059,#4060,#4068,#4076));
#4059 = ORIENTED_EDGE('',*,*,#4038,.T.);
#4060 = ORIENTED_EDGE('',*,*,#4061,.T.);
#4061 = EDGE_CURVE('',#4031,#4062,#4064,.T.);
#4062 = VERTEX_POINT('',#4063);
#4063 = CARTESIAN_POINT('',(248.68268059085,-45.31786003808,1.2));
#4064 = LINE('',#4065,#4066);
#4065 = CARTESIAN_POINT('',(249.0456344676,-43.27881718475,1.2));
#4066 = VECTOR('',#4067,1.);
#4067 = DIRECTION('',(-0.175247399652,-0.98452442779,0.));
#4068 = ORIENTED_EDGE('',*,*,#4069,.F.);
#4069 = EDGE_CURVE('',#4070,#4062,#4072,.T.);
#4070 = VERTEX_POINT('',#4071);
#4071 = CARTESIAN_POINT('',(248.68268059085,-45.31786003808,0.));
#4072 = LINE('',#4073,#4074);
#4073 = CARTESIAN_POINT('',(248.68268059085,-45.31786003808,0.));
#4074 = VECTOR('',#4075,1.);
#4075 = DIRECTION('',(0.,0.,1.));
#4076 = ORIENTED_EDGE('',*,*,#4077,.F.);
#4077 = EDGE_CURVE('',#4039,#4070,#4078,.T.);
#4078 = LINE('',#4079,#4080);
#4079 = CARTESIAN_POINT('',(249.0456344676,-43.27881718475,0.));
#4080 = VECTOR('',#4081,1.);
#4081 = DIRECTION('',(-0.175247399652,-0.98452442779,0.));
#4082 = PLANE('',#4083);
#4083 = AXIS2_PLACEMENT_3D('',#4084,#4085,#4086);
#4084 = CARTESIAN_POINT('',(249.0456344676,-43.27881718475,0.));
#4085 = DIRECTION('',(0.98452442779,-0.175247399652,0.));
#4086 = DIRECTION('',(-0.175247399652,-0.98452442779,0.));
#4087 = ADVANCED_FACE('',(#4088),#4113,.F.);
#4088 = FACE_BOUND('',#4089,.F.);
#4089 = EDGE_LOOP('',(#4090,#4091,#4099,#4107));
#4090 = ORIENTED_EDGE('',*,*,#4069,.T.);
#4091 = ORIENTED_EDGE('',*,*,#4092,.T.);
#4092 = EDGE_CURVE('',#4062,#4093,#4095,.T.);
#4093 = VERTEX_POINT('',#4094);
#4094 = CARTESIAN_POINT('',(248.30303248944,-47.35386067499,1.2));
#4095 = LINE('',#4096,#4097);
#4096 = CARTESIAN_POINT('',(248.68268059085,-45.31786003808,1.2));
#4097 = VECTOR('',#4098,1.);
#4098 = DIRECTION('',(-0.183307981578,-0.983055534489,0.));
#4099 = ORIENTED_EDGE('',*,*,#4100,.F.);
#4100 = EDGE_CURVE('',#4101,#4093,#4103,.T.);
#4101 = VERTEX_POINT('',#4102);
#4102 = CARTESIAN_POINT('',(248.30303248944,-47.35386067499,0.));
#4103 = LINE('',#4104,#4105);
#4104 = CARTESIAN_POINT('',(248.30303248944,-47.35386067499,0.));
#4105 = VECTOR('',#4106,1.);
#4106 = DIRECTION('',(0.,0.,1.));
#4107 = ORIENTED_EDGE('',*,*,#4108,.F.);
#4108 = EDGE_CURVE('',#4070,#4101,#4109,.T.);
#4109 = LINE('',#4110,#4111);
#4110 = CARTESIAN_POINT('',(248.68268059085,-45.31786003808,0.));
#4111 = VECTOR('',#4112,1.);
#4112 = DIRECTION('',(-0.183307981578,-0.983055534489,0.));
#4113 = PLANE('',#4114);
#4114 = AXIS2_PLACEMENT_3D('',#4115,#4116,#4117);
#4115 = CARTESIAN_POINT('',(248.68268059085,-45.31786003808,0.));
#4116 = DIRECTION('',(0.983055534489,-0.183307981578,0.));
#4117 = DIRECTION('',(-0.183307981578,-0.983055534489,0.));
#4118 = ADVANCED_FACE('',(#4119),#4144,.F.);
#4119 = FACE_BOUND('',#4120,.F.);
#4120 = EDGE_LOOP('',(#4121,#4122,#4130,#4138));
#4121 = ORIENTED_EDGE('',*,*,#4100,.T.);
#4122 = ORIENTED_EDGE('',*,*,#4123,.T.);
#4123 = EDGE_CURVE('',#4093,#4124,#4126,.T.);
#4124 = VERTEX_POINT('',#4125);
#4125 = CARTESIAN_POINT('',(247.90671564941,-49.38668241746,1.2));
#4126 = LINE('',#4127,#4128);
#4127 = CARTESIAN_POINT('',(248.30303248944,-47.35386067499,1.2));
#4128 = VECTOR('',#4129,1.);
#4129 = DIRECTION('',(-0.191356257924,-0.981520648053,0.));
#4130 = ORIENTED_EDGE('',*,*,#4131,.F.);
#4131 = EDGE_CURVE('',#4132,#4124,#4134,.T.);
#4132 = VERTEX_POINT('',#4133);
#4133 = CARTESIAN_POINT('',(247.90671564941,-49.38668241746,0.));
#4134 = LINE('',#4135,#4136);
#4135 = CARTESIAN_POINT('',(247.90671564941,-49.38668241746,0.));
#4136 = VECTOR('',#4137,1.);
#4137 = DIRECTION('',(0.,0.,1.));
#4138 = ORIENTED_EDGE('',*,*,#4139,.F.);
#4139 = EDGE_CURVE('',#4101,#4132,#4140,.T.);
#4140 = LINE('',#4141,#4142);
#4141 = CARTESIAN_POINT('',(248.30303248944,-47.35386067499,0.));
#4142 = VECTOR('',#4143,1.);
#4143 = DIRECTION('',(-0.191356257924,-0.981520648053,0.));
#4144 = PLANE('',#4145);
#4145 = AXIS2_PLACEMENT_3D('',#4146,#4147,#4148);
#4146 = CARTESIAN_POINT('',(248.30303248944,-47.35386067499,0.));
#4147 = DIRECTION('',(0.981520648053,-0.191356257924,0.));
#4148 = DIRECTION('',(-0.191356257924,-0.981520648053,0.));
#4149 = ADVANCED_FACE('',(#4150),#4175,.F.);
#4150 = FACE_BOUND('',#4151,.F.);
#4151 = EDGE_LOOP('',(#4152,#4153,#4161,#4169));
#4152 = ORIENTED_EDGE('',*,*,#4131,.T.);
#4153 = ORIENTED_EDGE('',*,*,#4154,.T.);
#4154 = EDGE_CURVE('',#4124,#4155,#4157,.T.);
#4155 = VERTEX_POINT('',#4156);
#4156 = CARTESIAN_POINT('',(247.49375667574,-51.41618880091,1.2));
#4157 = LINE('',#4158,#4159);
#4158 = CARTESIAN_POINT('',(247.90671564941,-49.38668241746,1.2));
#4159 = VECTOR('',#4160,1.);
#4160 = DIRECTION('',(-0.199391688404,-0.979919871518,0.));
#4161 = ORIENTED_EDGE('',*,*,#4162,.F.);
#4162 = EDGE_CURVE('',#4163,#4155,#4165,.T.);
#4163 = VERTEX_POINT('',#4164);
#4164 = CARTESIAN_POINT('',(247.49375667574,-51.41618880091,0.));
#4165 = LINE('',#4166,#4167);
#4166 = CARTESIAN_POINT('',(247.49375667574,-51.41618880091,0.));
#4167 = VECTOR('',#4168,1.);
#4168 = DIRECTION('',(0.,0.,1.));
#4169 = ORIENTED_EDGE('',*,*,#4170,.F.);
#4170 = EDGE_CURVE('',#4132,#4163,#4171,.T.);
#4171 = LINE('',#4172,#4173);
#4172 = CARTESIAN_POINT('',(247.90671564941,-49.38668241746,0.));
#4173 = VECTOR('',#4174,1.);
#4174 = DIRECTION('',(-0.199391688404,-0.979919871518,0.));
#4175 = PLANE('',#4176);
#4176 = AXIS2_PLACEMENT_3D('',#4177,#4178,#4179);
#4177 = CARTESIAN_POINT('',(247.90671564941,-49.38668241746,0.));
#4178 = DIRECTION('',(0.979919871518,-0.199391688404,0.));
#4179 = DIRECTION('',(-0.199391688404,-0.979919871518,0.));
#4180 = ADVANCED_FACE('',(#4181),#4206,.F.);
#4181 = FACE_BOUND('',#4182,.F.);
#4182 = EDGE_LOOP('',(#4183,#4184,#4192,#4200));
#4183 = ORIENTED_EDGE('',*,*,#4162,.T.);
#4184 = ORIENTED_EDGE('',*,*,#4185,.T.);
#4185 = EDGE_CURVE('',#4155,#4186,#4188,.T.);
#4186 = VERTEX_POINT('',#4187);
#4187 = CARTESIAN_POINT('',(247.06418329063,-53.44224358328,1.2));
#4188 = LINE('',#4189,#4190);
#4189 = CARTESIAN_POINT('',(247.49375667574,-51.41618880091,1.2));
#4190 = VECTOR('',#4191,1.);
#4191 = DIRECTION('',(-0.207413733595,-0.978253312346,0.));
#4192 = ORIENTED_EDGE('',*,*,#4193,.F.);
#4193 = EDGE_CURVE('',#4194,#4186,#4196,.T.);
#4194 = VERTEX_POINT('',#4195);
#4195 = CARTESIAN_POINT('',(247.06418329063,-53.44224358328,0.));
#4196 = LINE('',#4197,#4198);
#4197 = CARTESIAN_POINT('',(247.06418329063,-53.44224358328,0.));
#4198 = VECTOR('',#4199,1.);
#4199 = DIRECTION('',(0.,0.,1.));
#4200 = ORIENTED_EDGE('',*,*,#4201,.F.);
#4201 = EDGE_CURVE('',#4163,#4194,#4202,.T.);
#4202 = LINE('',#4203,#4204);
#4203 = CARTESIAN_POINT('',(247.49375667574,-51.41618880091,0.));
#4204 = VECTOR('',#4205,1.);
#4205 = DIRECTION('',(-0.207413733595,-0.978253312346,0.));
#4206 = PLANE('',#4207);
#4207 = AXIS2_PLACEMENT_3D('',#4208,#4209,#4210);
#4208 = CARTESIAN_POINT('',(247.49375667574,-51.41618880091,0.));
#4209 = DIRECTION('',(0.978253312346,-0.207413733595,0.));
#4210 = DIRECTION('',(-0.207413733595,-0.978253312346,0.));
#4211 = ADVANCED_FACE('',(#4212),#4237,.F.);
#4212 = FACE_BOUND('',#4213,.F.);
#4213 = EDGE_LOOP('',(#4214,#4215,#4223,#4231));
#4214 = ORIENTED_EDGE('',*,*,#4193,.T.);
#4215 = ORIENTED_EDGE('',*,*,#4216,.T.);
#4216 = EDGE_CURVE('',#4186,#4217,#4219,.T.);
#4217 = VERTEX_POINT('',#4218);
#4218 = CARTESIAN_POINT('',(246.61802433161,-55.46471075426,1.2));
#4219 = LINE('',#4220,#4221);
#4220 = CARTESIAN_POINT('',(247.06418329063,-53.44224358328,1.2));
#4221 = VECTOR('',#4222,1.);
#4222 = DIRECTION('',(-0.215421854971,-0.976521082415,0.));
#4223 = ORIENTED_EDGE('',*,*,#4224,.F.);
#4224 = EDGE_CURVE('',#4225,#4217,#4227,.T.);
#4225 = VERTEX_POINT('',#4226);
#4226 = CARTESIAN_POINT('',(246.61802433161,-55.46471075426,0.));
#4227 = LINE('',#4228,#4229);
#4228 = CARTESIAN_POINT('',(246.61802433161,-55.46471075426,0.));
#4229 = VECTOR('',#4230,1.);
#4230 = DIRECTION('',(0.,0.,1.));
#4231 = ORIENTED_EDGE('',*,*,#4232,.F.);
#4232 = EDGE_CURVE('',#4194,#4225,#4233,.T.);
#4233 = LINE('',#4234,#4235);
#4234 = CARTESIAN_POINT('',(247.06418329063,-53.44224358328,0.));
#4235 = VECTOR('',#4236,1.);
#4236 = DIRECTION('',(-0.215421854971,-0.976521082415,0.));
#4237 = PLANE('',#4238);
#4238 = AXIS2_PLACEMENT_3D('',#4239,#4240,#4241);
#4239 = CARTESIAN_POINT('',(247.06418329063,-53.44224358328,0.));
#4240 = DIRECTION('',(0.976521082415,-0.215421854971,0.));
#4241 = DIRECTION('',(-0.215421854971,-0.976521082415,0.));
#4242 = ADVANCED_FACE('',(#4243),#4268,.F.);
#4243 = FACE_BOUND('',#4244,.F.);
#4244 = EDGE_LOOP('',(#4245,#4246,#4254,#4262));
#4245 = ORIENTED_EDGE('',*,*,#4224,.T.);
#4246 = ORIENTED_EDGE('',*,*,#4247,.T.);
#4247 = EDGE_CURVE('',#4217,#4248,#4250,.T.);
#4248 = VERTEX_POINT('',#4249);
#4249 = CARTESIAN_POINT('',(246.15530974961,-57.48345454434,1.2));
#4250 = LINE('',#4251,#4252);
#4251 = CARTESIAN_POINT('',(246.61802433161,-55.46471075426,1.2));
#4252 = VECTOR('',#4253,1.);
#4253 = DIRECTION('',(-0.223415514943,-0.97472329801,0.));
#4254 = ORIENTED_EDGE('',*,*,#4255,.F.);
#4255 = EDGE_CURVE('',#4256,#4248,#4258,.T.);
#4256 = VERTEX_POINT('',#4257);
#4257 = CARTESIAN_POINT('',(246.15530974961,-57.48345454434,0.));
#4258 = LINE('',#4259,#4260);
#4259 = CARTESIAN_POINT('',(246.15530974961,-57.48345454434,0.));
#4260 = VECTOR('',#4261,1.);
#4261 = DIRECTION('',(0.,0.,1.));
#4262 = ORIENTED_EDGE('',*,*,#4263,.F.);
#4263 = EDGE_CURVE('',#4225,#4256,#4264,.T.);
#4264 = LINE('',#4265,#4266);
#4265 = CARTESIAN_POINT('',(246.61802433161,-55.46471075426,0.));
#4266 = VECTOR('',#4267,1.);
#4267 = DIRECTION('',(-0.223415514943,-0.97472329801,0.));
#4268 = PLANE('',#4269);
#4269 = AXIS2_PLACEMENT_3D('',#4270,#4271,#4272);
#4270 = CARTESIAN_POINT('',(246.61802433161,-55.46471075426,0.));
#4271 = DIRECTION('',(0.97472329801,-0.223415514943,0.));
#4272 = DIRECTION('',(-0.223415514943,-0.97472329801,0.));
#4273 = ADVANCED_FACE('',(#4274),#4299,.F.);
#4274 = FACE_BOUND('',#4275,.F.);
#4275 = EDGE_LOOP('',(#4276,#4277,#4285,#4293));
#4276 = ORIENTED_EDGE('',*,*,#4255,.T.);
#4277 = ORIENTED_EDGE('',*,*,#4278,.T.);
#4278 = EDGE_CURVE('',#4248,#4279,#4281,.T.);
#4279 = VERTEX_POINT('',#4280);
#4280 = CARTESIAN_POINT('',(245.67607060696,-59.49833943399,1.2));
#4281 = LINE('',#4282,#4283);
#4282 = CARTESIAN_POINT('',(246.15530974961,-57.48345454434,1.2));
#4283 = VECTOR('',#4284,1.);
#4284 = DIRECTION('',(-0.231394176891,-0.972860079817,0.));
#4285 = ORIENTED_EDGE('',*,*,#4286,.F.);
#4286 = EDGE_CURVE('',#4287,#4279,#4289,.T.);
#4287 = VERTEX_POINT('',#4288);
#4288 = CARTESIAN_POINT('',(245.67607060696,-59.49833943399,0.));
#4289 = LINE('',#4290,#4291);
#4290 = CARTESIAN_POINT('',(245.67607060696,-59.49833943399,0.));
#4291 = VECTOR('',#4292,1.);
#4292 = DIRECTION('',(0.,0.,1.));
#4293 = ORIENTED_EDGE('',*,*,#4294,.F.);
#4294 = EDGE_CURVE('',#4256,#4287,#4295,.T.);
#4295 = LINE('',#4296,#4297);
#4296 = CARTESIAN_POINT('',(246.15530974961,-57.48345454434,0.));
#4297 = VECTOR('',#4298,1.);
#4298 = DIRECTION('',(-0.231394176891,-0.972860079817,0.));
#4299 = PLANE('',#4300);
#4300 = AXIS2_PLACEMENT_3D('',#4301,#4302,#4303);
#4301 = CARTESIAN_POINT('',(246.15530974961,-57.48345454434,0.));
#4302 = DIRECTION('',(0.972860079817,-0.231394176891,0.));
#4303 = DIRECTION('',(-0.231394176891,-0.972860079817,0.));
#4304 = ADVANCED_FACE('',(#4305),#4330,.F.);
#4305 = FACE_BOUND('',#4306,.F.);
#4306 = EDGE_LOOP('',(#4307,#4308,#4316,#4324));
#4307 = ORIENTED_EDGE('',*,*,#4286,.T.);
#4308 = ORIENTED_EDGE('',*,*,#4309,.T.);
#4309 = EDGE_CURVE('',#4279,#4310,#4312,.T.);
#4310 = VERTEX_POINT('',#4311);
#4311 = CARTESIAN_POINT('',(245.18033907528,-61.50923016271,1.2));
#4312 = LINE('',#4313,#4314);
#4313 = CARTESIAN_POINT('',(245.67607060696,-59.49833943399,1.2));
#4314 = VECTOR('',#4315,1.);
#4315 = DIRECTION('',(-0.239357305203,-0.970931552915,0.));
#4316 = ORIENTED_EDGE('',*,*,#4317,.F.);
#4317 = EDGE_CURVE('',#4318,#4310,#4320,.T.);
#4318 = VERTEX_POINT('',#4319);
#4319 = CARTESIAN_POINT('',(245.18033907528,-61.50923016271,0.));
#4320 = LINE('',#4321,#4322);
#4321 = CARTESIAN_POINT('',(245.18033907528,-61.50923016271,0.));
#4322 = VECTOR('',#4323,1.);
#4323 = DIRECTION('',(0.,0.,1.));
#4324 = ORIENTED_EDGE('',*,*,#4325,.F.);
#4325 = EDGE_CURVE('',#4287,#4318,#4326,.T.);
#4326 = LINE('',#4327,#4328);
#4327 = CARTESIAN_POINT('',(245.67607060696,-59.49833943399,0.));
#4328 = VECTOR('',#4329,1.);
#4329 = DIRECTION('',(-0.239357305203,-0.970931552915,0.));
#4330 = PLANE('',#4331);
#4331 = AXIS2_PLACEMENT_3D('',#4332,#4333,#4334);
#4332 = CARTESIAN_POINT('',(245.67607060696,-59.49833943399,0.));
#4333 = DIRECTION('',(0.970931552915,-0.239357305203,0.));
#4334 = DIRECTION('',(-0.239357305203,-0.970931552915,0.));
#4335 = ADVANCED_FACE('',(#4336),#4361,.F.);
#4336 = FACE_BOUND('',#4337,.F.);
#4337 = EDGE_LOOP('',(#4338,#4339,#4347,#4355));
#4338 = ORIENTED_EDGE('',*,*,#4317,.T.);
#4339 = ORIENTED_EDGE('',*,*,#4340,.T.);
#4340 = EDGE_CURVE('',#4310,#4341,#4343,.T.);
#4341 = VERTEX_POINT('',#4342);
#4342 = CARTESIAN_POINT('',(244.66814843334,-63.51599173816,1.2));
#4343 = LINE('',#4344,#4345);
#4344 = CARTESIAN_POINT('',(245.18033907528,-61.50923016271,1.2));
#4345 = VECTOR('',#4346,1.);
#4346 = DIRECTION('',(-0.247304365308,-0.968937846768,0.));
#4347 = ORIENTED_EDGE('',*,*,#4348,.F.);
#4348 = EDGE_CURVE('',#4349,#4341,#4351,.T.);
#4349 = VERTEX_POINT('',#4350);
#4350 = CARTESIAN_POINT('',(244.66814843334,-63.51599173816,0.));
#4351 = LINE('',#4352,#4353);
#4352 = CARTESIAN_POINT('',(244.66814843334,-63.51599173816,0.));
#4353 = VECTOR('',#4354,1.);
#4354 = DIRECTION('',(0.,0.,1.));
#4355 = ORIENTED_EDGE('',*,*,#4356,.F.);
#4356 = EDGE_CURVE('',#4318,#4349,#4357,.T.);
#4357 = LINE('',#4358,#4359);
#4358 = CARTESIAN_POINT('',(245.18033907528,-61.50923016271,0.));
#4359 = VECTOR('',#4360,1.);
#4360 = DIRECTION('',(-0.247304365308,-0.968937846768,0.));
#4361 = PLANE('',#4362);
#4362 = AXIS2_PLACEMENT_3D('',#4363,#4364,#4365);
#4363 = CARTESIAN_POINT('',(245.18033907528,-61.50923016271,0.));
#4364 = DIRECTION('',(0.968937846768,-0.247304365308,0.));
#4365 = DIRECTION('',(-0.247304365308,-0.968937846768,0.));
#4366 = ADVANCED_FACE('',(#4367),#4392,.F.);
#4367 = FACE_BOUND('',#4368,.F.);
#4368 = EDGE_LOOP('',(#4369,#4370,#4378,#4386));
#4369 = ORIENTED_EDGE('',*,*,#4348,.T.);
#4370 = ORIENTED_EDGE('',*,*,#4371,.T.);
#4371 = EDGE_CURVE('',#4341,#4372,#4374,.T.);
#4372 = VERTEX_POINT('',#4373);
#4373 = CARTESIAN_POINT('',(244.13953306481,-65.51848944516,1.2));
#4374 = LINE('',#4375,#4376);
#4375 = CARTESIAN_POINT('',(244.66814843334,-63.51599173816,1.2));
#4376 = VECTOR('',#4377,1.);
#4377 = DIRECTION('',(-0.255234823716,-0.966879095215,0.));
#4378 = ORIENTED_EDGE('',*,*,#4379,.F.);
#4379 = EDGE_CURVE('',#4380,#4372,#4382,.T.);
#4380 = VERTEX_POINT('',#4381);
#4381 = CARTESIAN_POINT('',(244.13953306481,-65.51848944516,0.));
#4382 = LINE('',#4383,#4384);
#4383 = CARTESIAN_POINT('',(244.13953306481,-65.51848944516,0.));
#4384 = VECTOR('',#4385,1.);
#4385 = DIRECTION('',(0.,0.,1.));
#4386 = ORIENTED_EDGE('',*,*,#4387,.F.);
#4387 = EDGE_CURVE('',#4349,#4380,#4388,.T.);
#4388 = LINE('',#4389,#4390);
#4389 = CARTESIAN_POINT('',(244.66814843334,-63.51599173816,0.));
#4390 = VECTOR('',#4391,1.);
#4391 = DIRECTION('',(-0.255234823716,-0.966879095215,0.));
#4392 = PLANE('',#4393);
#4393 = AXIS2_PLACEMENT_3D('',#4394,#4395,#4396);
#4394 = CARTESIAN_POINT('',(244.66814843334,-63.51599173816,0.));
#4395 = DIRECTION('',(0.966879095215,-0.255234823716,0.));
#4396 = DIRECTION('',(-0.255234823716,-0.966879095215,0.));
#4397 = ADVANCED_FACE('',(#4398),#4423,.F.);
#4398 = FACE_BOUND('',#4399,.F.);
#4399 = EDGE_LOOP('',(#4400,#4401,#4409,#4417));
#4400 = ORIENTED_EDGE('',*,*,#4379,.T.);
#4401 = ORIENTED_EDGE('',*,*,#4402,.T.);
#4402 = EDGE_CURVE('',#4372,#4403,#4405,.T.);
#4403 = VERTEX_POINT('',#4404);
#4404 = CARTESIAN_POINT('',(243.59452845599,-67.51658885478,1.2));
#4405 = LINE('',#4406,#4407);
#4406 = CARTESIAN_POINT('',(244.13953306481,-65.51848944516,1.2));
#4407 = VECTOR('',#4408,1.);
#4408 = DIRECTION('',(-0.263148148049,-0.96475543646,0.));
#4409 = ORIENTED_EDGE('',*,*,#4410,.F.);
#4410 = EDGE_CURVE('',#4411,#4403,#4413,.T.);
#4411 = VERTEX_POINT('',#4412);
#4412 = CARTESIAN_POINT('',(243.59452845599,-67.51658885478,0.));
#4413 = LINE('',#4414,#4415);
#4414 = CARTESIAN_POINT('',(243.59452845599,-67.51658885478,0.));
#4415 = VECTOR('',#4416,1.);
#4416 = DIRECTION('',(0.,0.,1.));
#4417 = ORIENTED_EDGE('',*,*,#4418,.F.);
#4418 = EDGE_CURVE('',#4380,#4411,#4419,.T.);
#4419 = LINE('',#4420,#4421);
#4420 = CARTESIAN_POINT('',(244.13953306481,-65.51848944516,0.));
#4421 = VECTOR('',#4422,1.);
#4422 = DIRECTION('',(-0.263148148049,-0.96475543646,0.));
#4423 = PLANE('',#4424);
#4424 = AXIS2_PLACEMENT_3D('',#4425,#4426,#4427);
#4425 = CARTESIAN_POINT('',(244.13953306481,-65.51848944516,0.));
#4426 = DIRECTION('',(0.96475543646,-0.263148148049,0.));
#4427 = DIRECTION('',(-0.263148148049,-0.96475543646,0.));
#4428 = ADVANCED_FACE('',(#4429),#4454,.F.);
#4429 = FACE_BOUND('',#4430,.F.);
#4430 = EDGE_LOOP('',(#4431,#4432,#4440,#4448));
#4431 = ORIENTED_EDGE('',*,*,#4410,.T.);
#4432 = ORIENTED_EDGE('',*,*,#4433,.T.);
#4433 = EDGE_CURVE('',#4403,#4434,#4436,.T.);
#4434 = VERTEX_POINT('',#4435);
#4435 = CARTESIAN_POINT('',(243.03317119336,-69.51015583336,1.2));
#4436 = LINE('',#4437,#4438);
#4437 = CARTESIAN_POINT('',(243.59452845599,-67.51658885478,1.2));
#4438 = VECTOR('',#4439,1.);
#4439 = DIRECTION('',(-0.271043807082,-0.962567013066,0.));
#4440 = ORIENTED_EDGE('',*,*,#4441,.F.);
#4441 = EDGE_CURVE('',#4442,#4434,#4444,.T.);
#4442 = VERTEX_POINT('',#4443);
#4443 = CARTESIAN_POINT('',(243.03317119336,-69.51015583336,0.));
#4444 = LINE('',#4445,#4446);
#4445 = CARTESIAN_POINT('',(243.03317119336,-69.51015583336,0.));
#4446 = VECTOR('',#4447,1.);
#4447 = DIRECTION('',(0.,0.,1.));
#4448 = ORIENTED_EDGE('',*,*,#4449,.F.);
#4449 = EDGE_CURVE('',#4411,#4442,#4450,.T.);
#4450 = LINE('',#4451,#4452);
#4451 = CARTESIAN_POINT('',(243.59452845599,-67.51658885478,0.));
#4452 = VECTOR('',#4453,1.);
#4453 = DIRECTION('',(-0.271043807082,-0.962567013066,0.));
#4454 = PLANE('',#4455);
#4455 = AXIS2_PLACEMENT_3D('',#4456,#4457,#4458);
#4456 = CARTESIAN_POINT('',(243.59452845599,-67.51658885478,0.));
#4457 = DIRECTION('',(0.962567013066,-0.271043807082,0.));
#4458 = DIRECTION('',(-0.271043807082,-0.962567013066,0.));
#4459 = ADVANCED_FACE('',(#4460),#4485,.F.);
#4460 = FACE_BOUND('',#4461,.F.);
#4461 = EDGE_LOOP('',(#4462,#4463,#4471,#4479));
#4462 = ORIENTED_EDGE('',*,*,#4441,.T.);
#4463 = ORIENTED_EDGE('',*,*,#4464,.T.);
#4464 = EDGE_CURVE('',#4434,#4465,#4467,.T.);
#4465 = VERTEX_POINT('',#4466);
#4466 = CARTESIAN_POINT('',(242.4554989612,-71.49905655149,1.2));
#4467 = LINE('',#4468,#4469);
#4468 = CARTESIAN_POINT('',(243.03317119336,-69.51015583336,1.2));
#4469 = VECTOR('',#4470,1.);
#4470 = DIRECTION('',(-0.278921270774,-0.960313971943,0.));
#4471 = ORIENTED_EDGE('',*,*,#4472,.F.);
#4472 = EDGE_CURVE('',#4473,#4465,#4475,.T.);
#4473 = VERTEX_POINT('',#4474);
#4474 = CARTESIAN_POINT('',(242.4554989612,-71.49905655149,0.));
#4475 = LINE('',#4476,#4477);
#4476 = CARTESIAN_POINT('',(242.4554989612,-71.49905655149,0.));
#4477 = VECTOR('',#4478,1.);
#4478 = DIRECTION('',(0.,0.,1.));
#4479 = ORIENTED_EDGE('',*,*,#4480,.F.);
#4480 = EDGE_CURVE('',#4442,#4473,#4481,.T.);
#4481 = LINE('',#4482,#4483);
#4482 = CARTESIAN_POINT('',(243.03317119336,-69.51015583336,0.));
#4483 = VECTOR('',#4484,1.);
#4484 = DIRECTION('',(-0.278921270774,-0.960313971943,0.));
#4485 = PLANE('',#4486);
#4486 = AXIS2_PLACEMENT_3D('',#4487,#4488,#4489);
#4487 = CARTESIAN_POINT('',(243.03317119336,-69.51015583336,0.));
#4488 = DIRECTION('',(0.960313971943,-0.278921270774,0.));
#4489 = DIRECTION('',(-0.278921270774,-0.960313971943,0.));
#4490 = ADVANCED_FACE('',(#4491),#4516,.F.);
#4491 = FACE_BOUND('',#4492,.F.);
#4492 = EDGE_LOOP('',(#4493,#4494,#4502,#4510));
#4493 = ORIENTED_EDGE('',*,*,#4472,.T.);
#4494 = ORIENTED_EDGE('',*,*,#4495,.T.);
#4495 = EDGE_CURVE('',#4465,#4496,#4498,.T.);
#4496 = VERTEX_POINT('',#4497);
#4497 = CARTESIAN_POINT('',(241.86155053901,-73.48315749302,1.2));
#4498 = LINE('',#4499,#4500);
#4499 = CARTESIAN_POINT('',(242.4554989612,-71.49905655149,1.2));
#4500 = VECTOR('',#4501,1.);
#4501 = DIRECTION('',(-0.286780010306,-0.957996464341,0.));
#4502 = ORIENTED_EDGE('',*,*,#4503,.F.);
#4503 = EDGE_CURVE('',#4504,#4496,#4506,.T.);
#4504 = VERTEX_POINT('',#4505);
#4505 = CARTESIAN_POINT('',(241.86155053901,-73.48315749302,0.));
#4506 = LINE('',#4507,#4508);
#4507 = CARTESIAN_POINT('',(241.86155053901,-73.48315749302,0.));
#4508 = VECTOR('',#4509,1.);
#4509 = DIRECTION('',(0.,0.,1.));
#4510 = ORIENTED_EDGE('',*,*,#4511,.F.);
#4511 = EDGE_CURVE('',#4473,#4504,#4512,.T.);
#4512 = LINE('',#4513,#4514);
#4513 = CARTESIAN_POINT('',(242.4554989612,-71.49905655149,0.));
#4514 = VECTOR('',#4515,1.);
#4515 = DIRECTION('',(-0.286780010306,-0.957996464341,0.));
#4516 = PLANE('',#4517);
#4517 = AXIS2_PLACEMENT_3D('',#4518,#4519,#4520);
#4518 = CARTESIAN_POINT('',(242.4554989612,-71.49905655149,0.));
#4519 = DIRECTION('',(0.957996464341,-0.286780010306,0.));
#4520 = DIRECTION('',(-0.286780010306,-0.957996464341,0.));
#4521 = ADVANCED_FACE('',(#4522),#4538,.F.);
#4522 = FACE_BOUND('',#4523,.F.);
#4523 = EDGE_LOOP('',(#4524,#4525,#4531,#4532));
#4524 = ORIENTED_EDGE('',*,*,#4503,.T.);
#4525 = ORIENTED_EDGE('',*,*,#4526,.T.);
#4526 = EDGE_CURVE('',#4496,#24,#4527,.T.);
#4527 = LINE('',#4528,#4529);
#4528 = CARTESIAN_POINT('',(241.86155053901,-73.48315749302,1.2));
#4529 = VECTOR('',#4530,1.);
#4530 = DIRECTION('',(0.956813584058,-0.290702193598,0.));
#4531 = ORIENTED_EDGE('',*,*,#21,.F.);
#4532 = ORIENTED_EDGE('',*,*,#4533,.F.);
#4533 = EDGE_CURVE('',#4504,#22,#4534,.T.);
#4534 = LINE('',#4535,#4536);
#4535 = CARTESIAN_POINT('',(241.86155053901,-73.48315749302,0.));
#4536 = VECTOR('',#4537,1.);
#4537 = DIRECTION('',(0.956813584058,-0.290702193598,0.));
#4538 = PLANE('',#4539);
#4539 = AXIS2_PLACEMENT_3D('',#4540,#4541,#4542);
#4540 = CARTESIAN_POINT('',(241.86155053901,-73.48315749302,0.));
#4541 = DIRECTION('',(0.290702193598,0.956813584058,-0.));
#4542 = DIRECTION('',(0.956813584058,-0.290702193598,0.));
#4543 = ADVANCED_FACE('',(#4544),#4692,.F.);
#4544 = FACE_BOUND('',#4545,.F.);
#4545 = EDGE_LOOP('',(#4546,#4547,#4548,#4549,#4550,#4551,#4552,#4553,
    #4554,#4555,#4556,#4557,#4558,#4559,#4560,#4561,#4562,#4563,#4564,
    #4565,#4566,#4567,#4568,#4569,#4570,#4571,#4572,#4573,#4574,#4575,
    #4576,#4577,#4578,#4579,#4580,#4581,#4582,#4583,#4584,#4585,#4586,
    #4587,#4588,#4589,#4590,#4591,#4592,#4593,#4594,#4595,#4596,#4597,
    #4598,#4599,#4600,#4601,#4602,#4603,#4604,#4605,#4606,#4607,#4608,
    #4609,#4610,#4611,#4612,#4613,#4614,#4615,#4616,#4617,#4618,#4619,
    #4620,#4621,#4622,#4623,#4624,#4625,#4626,#4627,#4628,#4629,#4630,
    #4631,#4632,#4633,#4634,#4635,#4636,#4637,#4638,#4639,#4640,#4641,
    #4642,#4643,#4644,#4645,#4646,#4647,#4648,#4649,#4650,#4651,#4652,
    #4653,#4654,#4655,#4656,#4657,#4658,#4659,#4660,#4661,#4662,#4663,
    #4664,#4665,#4666,#4667,#4668,#4669,#4670,#4671,#4672,#4673,#4674,
    #4675,#4676,#4677,#4678,#4679,#4680,#4681,#4682,#4683,#4684,#4685,
    #4686,#4687,#4688,#4689,#4690,#4691));
#4546 = ORIENTED_EDGE('',*,*,#47,.T.);
#4547 = ORIENTED_EDGE('',*,*,#78,.T.);
#4548 = ORIENTED_EDGE('',*,*,#109,.T.);
#4549 = ORIENTED_EDGE('',*,*,#140,.T.);
#4550 = ORIENTED_EDGE('',*,*,#171,.T.);
#4551 = ORIENTED_EDGE('',*,*,#202,.T.);
#4552 = ORIENTED_EDGE('',*,*,#233,.T.);
#4553 = ORIENTED_EDGE('',*,*,#264,.T.);
#4554 = ORIENTED_EDGE('',*,*,#295,.T.);
#4555 = ORIENTED_EDGE('',*,*,#326,.T.);
#4556 = ORIENTED_EDGE('',*,*,#357,.T.);
#4557 = ORIENTED_EDGE('',*,*,#388,.T.);
#4558 = ORIENTED_EDGE('',*,*,#419,.T.);
#4559 = ORIENTED_EDGE('',*,*,#450,.T.);
#4560 = ORIENTED_EDGE('',*,*,#481,.T.);
#4561 = ORIENTED_EDGE('',*,*,#512,.T.);
#4562 = ORIENTED_EDGE('',*,*,#543,.T.);
#4563 = ORIENTED_EDGE('',*,*,#574,.T.);
#4564 = ORIENTED_EDGE('',*,*,#605,.T.);
#4565 = ORIENTED_EDGE('',*,*,#636,.T.);
#4566 = ORIENTED_EDGE('',*,*,#667,.T.);
#4567 = ORIENTED_EDGE('',*,*,#698,.T.);
#4568 = ORIENTED_EDGE('',*,*,#729,.T.);
#4569 = ORIENTED_EDGE('',*,*,#760,.T.);
#4570 = ORIENTED_EDGE('',*,*,#791,.T.);
#4571 = ORIENTED_EDGE('',*,*,#822,.T.);
#4572 = ORIENTED_EDGE('',*,*,#853,.T.);
#4573 = ORIENTED_EDGE('',*,*,#884,.T.);
#4574 = ORIENTED_EDGE('',*,*,#915,.T.);
#4575 = ORIENTED_EDGE('',*,*,#946,.T.);
#4576 = ORIENTED_EDGE('',*,*,#977,.T.);
#4577 = ORIENTED_EDGE('',*,*,#1008,.T.);
#4578 = ORIENTED_EDGE('',*,*,#1039,.T.);
#4579 = ORIENTED_EDGE('',*,*,#1070,.T.);
#4580 = ORIENTED_EDGE('',*,*,#1101,.T.);
#4581 = ORIENTED_EDGE('',*,*,#1132,.T.);
#4582 = ORIENTED_EDGE('',*,*,#1163,.T.);
#4583 = ORIENTED_EDGE('',*,*,#1194,.T.);
#4584 = ORIENTED_EDGE('',*,*,#1225,.T.);
#4585 = ORIENTED_EDGE('',*,*,#1256,.T.);
#4586 = ORIENTED_EDGE('',*,*,#1287,.T.);
#4587 = ORIENTED_EDGE('',*,*,#1318,.T.);
#4588 = ORIENTED_EDGE('',*,*,#1349,.T.);
#4589 = ORIENTED_EDGE('',*,*,#1380,.T.);
#4590 = ORIENTED_EDGE('',*,*,#1411,.T.);
#4591 = ORIENTED_EDGE('',*,*,#1442,.T.);
#4592 = ORIENTED_EDGE('',*,*,#1473,.T.);
#4593 = ORIENTED_EDGE('',*,*,#1504,.T.);
#4594 = ORIENTED_EDGE('',*,*,#1535,.T.);
#4595 = ORIENTED_EDGE('',*,*,#1566,.T.);
#4596 = ORIENTED_EDGE('',*,*,#1597,.T.);
#4597 = ORIENTED_EDGE('',*,*,#1628,.T.);
#4598 = ORIENTED_EDGE('',*,*,#1659,.T.);
#4599 = ORIENTED_EDGE('',*,*,#1690,.T.);
#4600 = ORIENTED_EDGE('',*,*,#1721,.T.);
#4601 = ORIENTED_EDGE('',*,*,#1752,.T.);
#4602 = ORIENTED_EDGE('',*,*,#1783,.T.);
#4603 = ORIENTED_EDGE('',*,*,#1814,.T.);
#4604 = ORIENTED_EDGE('',*,*,#1845,.T.);
#4605 = ORIENTED_EDGE('',*,*,#1876,.T.);
#4606 = ORIENTED_EDGE('',*,*,#1907,.T.);
#4607 = ORIENTED_EDGE('',*,*,#1938,.T.);
#4608 = ORIENTED_EDGE('',*,*,#1969,.T.);
#4609 = ORIENTED_EDGE('',*,*,#2000,.T.);
#4610 = ORIENTED_EDGE('',*,*,#2031,.T.);
#4611 = ORIENTED_EDGE('',*,*,#2062,.T.);
#4612 = ORIENTED_EDGE('',*,*,#2093,.T.);
#4613 = ORIENTED_EDGE('',*,*,#2124,.T.);
#4614 = ORIENTED_EDGE('',*,*,#2155,.T.);
#4615 = ORIENTED_EDGE('',*,*,#2186,.T.);
#4616 = ORIENTED_EDGE('',*,*,#2217,.T.);
#4617 = ORIENTED_EDGE('',*,*,#2248,.T.);
#4618 = ORIENTED_EDGE('',*,*,#2279,.T.);
#4619 = ORIENTED_EDGE('',*,*,#2310,.T.);
#4620 = ORIENTED_EDGE('',*,*,#2341,.T.);
#4621 = ORIENTED_EDGE('',*,*,#2372,.T.);
#4622 = ORIENTED_EDGE('',*,*,#2403,.T.);
#4623 = ORIENTED_EDGE('',*,*,#2434,.T.);
#4624 = ORIENTED_EDGE('',*,*,#2465,.T.);
#4625 = ORIENTED_EDGE('',*,*,#2496,.T.);
#4626 = ORIENTED_EDGE('',*,*,#2527,.T.);
#4627 = ORIENTED_EDGE('',*,*,#2558,.T.);
#4628 = ORIENTED_EDGE('',*,*,#2589,.T.);
#4629 = ORIENTED_EDGE('',*,*,#2620,.T.);
#4630 = ORIENTED_EDGE('',*,*,#2651,.T.);
#4631 = ORIENTED_EDGE('',*,*,#2682,.T.);
#4632 = ORIENTED_EDGE('',*,*,#2713,.T.);
#4633 = ORIENTED_EDGE('',*,*,#2744,.T.);
#4634 = ORIENTED_EDGE('',*,*,#2775,.T.);
#4635 = ORIENTED_EDGE('',*,*,#2806,.T.);
#4636 = ORIENTED_EDGE('',*,*,#2837,.T.);
#4637 = ORIENTED_EDGE('',*,*,#2868,.T.);
#4638 = ORIENTED_EDGE('',*,*,#2899,.T.);
#4639 = ORIENTED_EDGE('',*,*,#2930,.T.);
#4640 = ORIENTED_EDGE('',*,*,#2961,.T.);
#4641 = ORIENTED_EDGE('',*,*,#2992,.T.);
#4642 = ORIENTED_EDGE('',*,*,#3023,.T.);
#4643 = ORIENTED_EDGE('',*,*,#3054,.T.);
#4644 = ORIENTED_EDGE('',*,*,#3085,.T.);
#4645 = ORIENTED_EDGE('',*,*,#3116,.T.);
#4646 = ORIENTED_EDGE('',*,*,#3147,.T.);
#4647 = ORIENTED_EDGE('',*,*,#3178,.T.);
#4648 = ORIENTED_EDGE('',*,*,#3209,.T.);
#4649 = ORIENTED_EDGE('',*,*,#3240,.T.);
#4650 = ORIENTED_EDGE('',*,*,#3271,.T.);
#4651 = ORIENTED_EDGE('',*,*,#3302,.T.);
#4652 = ORIENTED_EDGE('',*,*,#3333,.T.);
#4653 = ORIENTED_EDGE('',*,*,#3364,.T.);
#4654 = ORIENTED_EDGE('',*,*,#3395,.T.);
#4655 = ORIENTED_EDGE('',*,*,#3426,.T.);
#4656 = ORIENTED_EDGE('',*,*,#3457,.T.);
#4657 = ORIENTED_EDGE('',*,*,#3488,.T.);
#4658 = ORIENTED_EDGE('',*,*,#3519,.T.);
#4659 = ORIENTED_EDGE('',*,*,#3550,.T.);
#4660 = ORIENTED_EDGE('',*,*,#3581,.T.);
#4661 = ORIENTED_EDGE('',*,*,#3612,.T.);
#4662 = ORIENTED_EDGE('',*,*,#3643,.T.);
#4663 = ORIENTED_EDGE('',*,*,#3674,.T.);
#4664 = ORIENTED_EDGE('',*,*,#3705,.T.);
#4665 = ORIENTED_EDGE('',*,*,#3736,.T.);
#4666 = ORIENTED_EDGE('',*,*,#3767,.T.);
#4667 = ORIENTED_EDGE('',*,*,#3798,.T.);
#4668 = ORIENTED_EDGE('',*,*,#3829,.T.);
#4669 = ORIENTED_EDGE('',*,*,#3860,.T.);
#4670 = ORIENTED_EDGE('',*,*,#3891,.T.);
#4671 = ORIENTED_EDGE('',*,*,#3922,.T.);
#4672 = ORIENTED_EDGE('',*,*,#3953,.T.);
#4673 = ORIENTED_EDGE('',*,*,#3984,.T.);
#4674 = ORIENTED_EDGE('',*,*,#4015,.T.);
#4675 = ORIENTED_EDGE('',*,*,#4046,.T.);
#4676 = ORIENTED_EDGE('',*,*,#4077,.T.);
#4677 = ORIENTED_EDGE('',*,*,#4108,.T.);
#4678 = ORIENTED_EDGE('',*,*,#4139,.T.);
#4679 = ORIENTED_EDGE('',*,*,#4170,.T.);
#4680 = ORIENTED_EDGE('',*,*,#4201,.T.);
#4681 = ORIENTED_EDGE('',*,*,#4232,.T.);
#4682 = ORIENTED_EDGE('',*,*,#4263,.T.);
#4683 = ORIENTED_EDGE('',*,*,#4294,.T.);
#4684 = ORIENTED_EDGE('',*,*,#4325,.T.);
#4685 = ORIENTED_EDGE('',*,*,#4356,.T.);
#4686 = ORIENTED_EDGE('',*,*,#4387,.T.);
#4687 = ORIENTED_EDGE('',*,*,#4418,.T.);
#4688 = ORIENTED_EDGE('',*,*,#4449,.T.);
#4689 = ORIENTED_EDGE('',*,*,#4480,.T.);
#4690 = ORIENTED_EDGE('',*,*,#4511,.T.);
#4691 = ORIENTED_EDGE('',*,*,#4533,.T.);
#4692 = PLANE('',#4693);
#4693 = AXIS2_PLACEMENT_3D('',#4694,#4695,#4696);
#4694 = CARTESIAN_POINT('',(274.85168681873,5.239636188824E-15,0.));
#4695 = DIRECTION('',(0.,0.,1.));
#4696 = DIRECTION('',(1.,0.,-0.));
#4697 = ADVANCED_FACE('',(#4698),#4846,.T.);
#4698 = FACE_BOUND('',#4699,.T.);
#4699 = EDGE_LOOP('',(#4700,#4701,#4702,#4703,#4704,#4705,#4706,#4707,
    #4708,#4709,#4710,#4711,#4712,#4713,#4714,#4715,#4716,#4717,#4718,
    #4719,#4720,#4721,#4722,#4723,#4724,#4725,#4726,#4727,#4728,#4729,
    #4730,#4731,#4732,#4733,#4734,#4735,#4736,#4737,#4738,#4739,#4740,
    #4741,#4742,#4743,#4744,#4745,#4746,#4747,#4748,#4749,#4750,#4751,
    #4752,#4753,#4754,#4755,#4756,#4757,#4758,#4759,#4760,#4761,#4762,
    #4763,#4764,#4765,#4766,#4767,#4768,#4769,#4770,#4771,#4772,#4773,
    #4774,#4775,#4776,#4777,#4778,#4779,#4780,#4781,#4782,#4783,#4784,
    #4785,#4786,#4787,#4788,#4789,#4790,#4791,#4792,#4793,#4794,#4795,
    #4796,#4797,#4798,#4799,#4800,#4801,#4802,#4803,#4804,#4805,#4806,
    #4807,#4808,#4809,#4810,#4811,#4812,#4813,#4814,#4815,#4816,#4817,
    #4818,#4819,#4820,#4821,#4822,#4823,#4824,#4825,#4826,#4827,#4828,
    #4829,#4830,#4831,#4832,#4833,#4834,#4835,#4836,#4837,#4838,#4839,
    #4840,#4841,#4842,#4843,#4844,#4845));
#4700 = ORIENTED_EDGE('',*,*,#31,.T.);
#4701 = ORIENTED_EDGE('',*,*,#62,.T.);
#4702 = ORIENTED_EDGE('',*,*,#93,.T.);
#4703 = ORIENTED_EDGE('',*,*,#124,.T.);
#4704 = ORIENTED_EDGE('',*,*,#155,.T.);
#4705 = ORIENTED_EDGE('',*,*,#186,.T.);
#4706 = ORIENTED_EDGE('',*,*,#217,.T.);
#4707 = ORIENTED_EDGE('',*,*,#248,.T.);
#4708 = ORIENTED_EDGE('',*,*,#279,.T.);
#4709 = ORIENTED_EDGE('',*,*,#310,.T.);
#4710 = ORIENTED_EDGE('',*,*,#341,.T.);
#4711 = ORIENTED_EDGE('',*,*,#372,.T.);
#4712 = ORIENTED_EDGE('',*,*,#403,.T.);
#4713 = ORIENTED_EDGE('',*,*,#434,.T.);
#4714 = ORIENTED_EDGE('',*,*,#465,.T.);
#4715 = ORIENTED_EDGE('',*,*,#496,.T.);
#4716 = ORIENTED_EDGE('',*,*,#527,.T.);
#4717 = ORIENTED_EDGE('',*,*,#558,.T.);
#4718 = ORIENTED_EDGE('',*,*,#589,.T.);
#4719 = ORIENTED_EDGE('',*,*,#620,.T.);
#4720 = ORIENTED_EDGE('',*,*,#651,.T.);
#4721 = ORIENTED_EDGE('',*,*,#682,.T.);
#4722 = ORIENTED_EDGE('',*,*,#713,.T.);
#4723 = ORIENTED_EDGE('',*,*,#744,.T.);
#4724 = ORIENTED_EDGE('',*,*,#775,.T.);
#4725 = ORIENTED_EDGE('',*,*,#806,.T.);
#4726 = ORIENTED_EDGE('',*,*,#837,.T.);
#4727 = ORIENTED_EDGE('',*,*,#868,.T.);
#4728 = ORIENTED_EDGE('',*,*,#899,.T.);
#4729 = ORIENTED_EDGE('',*,*,#930,.T.);
#4730 = ORIENTED_EDGE('',*,*,#961,.T.);
#4731 = ORIENTED_EDGE('',*,*,#992,.T.);
#4732 = ORIENTED_EDGE('',*,*,#1023,.T.);
#4733 = ORIENTED_EDGE('',*,*,#1054,.T.);
#4734 = ORIENTED_EDGE('',*,*,#1085,.T.);
#4735 = ORIENTED_EDGE('',*,*,#1116,.T.);
#4736 = ORIENTED_EDGE('',*,*,#1147,.T.);
#4737 = ORIENTED_EDGE('',*,*,#1178,.T.);
#4738 = ORIENTED_EDGE('',*,*,#1209,.T.);
#4739 = ORIENTED_EDGE('',*,*,#1240,.T.);
#4740 = ORIENTED_EDGE('',*,*,#1271,.T.);
#4741 = ORIENTED_EDGE('',*,*,#1302,.T.);
#4742 = ORIENTED_EDGE('',*,*,#1333,.T.);
#4743 = ORIENTED_EDGE('',*,*,#1364,.T.);
#4744 = ORIENTED_EDGE('',*,*,#1395,.T.);
#4745 = ORIENTED_EDGE('',*,*,#1426,.T.);
#4746 = ORIENTED_EDGE('',*,*,#1457,.T.);
#4747 = ORIENTED_EDGE('',*,*,#1488,.T.);
#4748 = ORIENTED_EDGE('',*,*,#1519,.T.);
#4749 = ORIENTED_EDGE('',*,*,#1550,.T.);
#4750 = ORIENTED_EDGE('',*,*,#1581,.T.);
#4751 = ORIENTED_EDGE('',*,*,#1612,.T.);
#4752 = ORIENTED_EDGE('',*,*,#1643,.T.);
#4753 = ORIENTED_EDGE('',*,*,#1674,.T.);
#4754 = ORIENTED_EDGE('',*,*,#1705,.T.);
#4755 = ORIENTED_EDGE('',*,*,#1736,.T.);
#4756 = ORIENTED_EDGE('',*,*,#1767,.T.);
#4757 = ORIENTED_EDGE('',*,*,#1798,.T.);
#4758 = ORIENTED_EDGE('',*,*,#1829,.T.);
#4759 = ORIENTED_EDGE('',*,*,#1860,.T.);
#4760 = ORIENTED_EDGE('',*,*,#1891,.T.);
#4761 = ORIENTED_EDGE('',*,*,#1922,.T.);
#4762 = ORIENTED_EDGE('',*,*,#1953,.T.);
#4763 = ORIENTED_EDGE('',*,*,#1984,.T.);
#4764 = ORIENTED_EDGE('',*,*,#2015,.T.);
#4765 = ORIENTED_EDGE('',*,*,#2046,.T.);
#4766 = ORIENTED_EDGE('',*,*,#2077,.T.);
#4767 = ORIENTED_EDGE('',*,*,#2108,.T.);
#4768 = ORIENTED_EDGE('',*,*,#2139,.T.);
#4769 = ORIENTED_EDGE('',*,*,#2170,.T.);
#4770 = ORIENTED_EDGE('',*,*,#2201,.T.);
#4771 = ORIENTED_EDGE('',*,*,#2232,.T.);
#4772 = ORIENTED_EDGE('',*,*,#2263,.T.);
#4773 = ORIENTED_EDGE('',*,*,#2294,.T.);
#4774 = ORIENTED_EDGE('',*,*,#2325,.T.);
#4775 = ORIENTED_EDGE('',*,*,#2356,.T.);
#4776 = ORIENTED_EDGE('',*,*,#2387,.T.);
#4777 = ORIENTED_EDGE('',*,*,#2418,.T.);
#4778 = ORIENTED_EDGE('',*,*,#2449,.T.);
#4779 = ORIENTED_EDGE('',*,*,#2480,.T.);
#4780 = ORIENTED_EDGE('',*,*,#2511,.T.);
#4781 = ORIENTED_EDGE('',*,*,#2542,.T.);
#4782 = ORIENTED_EDGE('',*,*,#2573,.T.);
#4783 = ORIENTED_EDGE('',*,*,#2604,.T.);
#4784 = ORIENTED_EDGE('',*,*,#2635,.T.);
#4785 = ORIENTED_EDGE('',*,*,#2666,.T.);
#4786 = ORIENTED_EDGE('',*,*,#2697,.T.);
#4787 = ORIENTED_EDGE('',*,*,#2728,.T.);
#4788 = ORIENTED_EDGE('',*,*,#2759,.T.);
#4789 = ORIENTED_EDGE('',*,*,#2790,.T.);
#4790 = ORIENTED_EDGE('',*,*,#2821,.T.);
#4791 = ORIENTED_EDGE('',*,*,#2852,.T.);
#4792 = ORIENTED_EDGE('',*,*,#2883,.T.);
#4793 = ORIENTED_EDGE('',*,*,#2914,.T.);
#4794 = ORIENTED_EDGE('',*,*,#2945,.T.);
#4795 = ORIENTED_EDGE('',*,*,#2976,.T.);
#4796 = ORIENTED_EDGE('',*,*,#3007,.T.);
#4797 = ORIENTED_EDGE('',*,*,#3038,.T.);
#4798 = ORIENTED_EDGE('',*,*,#3069,.T.);
#4799 = ORIENTED_EDGE('',*,*,#3100,.T.);
#4800 = ORIENTED_EDGE('',*,*,#3131,.T.);
#4801 = ORIENTED_EDGE('',*,*,#3162,.T.);
#4802 = ORIENTED_EDGE('',*,*,#3193,.T.);
#4803 = ORIENTED_EDGE('',*,*,#3224,.T.);
#4804 = ORIENTED_EDGE('',*,*,#3255,.T.);
#4805 = ORIENTED_EDGE('',*,*,#3286,.T.);
#4806 = ORIENTED_EDGE('',*,*,#3317,.T.);
#4807 = ORIENTED_EDGE('',*,*,#3348,.T.);
#4808 = ORIENTED_EDGE('',*,*,#3379,.T.);
#4809 = ORIENTED_EDGE('',*,*,#3410,.T.);
#4810 = ORIENTED_EDGE('',*,*,#3441,.T.);
#4811 = ORIENTED_EDGE('',*,*,#3472,.T.);
#4812 = ORIENTED_EDGE('',*,*,#3503,.T.);
#4813 = ORIENTED_EDGE('',*,*,#3534,.T.);
#4814 = ORIENTED_EDGE('',*,*,#3565,.T.);
#4815 = ORIENTED_EDGE('',*,*,#3596,.T.);
#4816 = ORIENTED_EDGE('',*,*,#3627,.T.);
#4817 = ORIENTED_EDGE('',*,*,#3658,.T.);
#4818 = ORIENTED_EDGE('',*,*,#3689,.T.);
#4819 = ORIENTED_EDGE('',*,*,#3720,.T.);
#4820 = ORIENTED_EDGE('',*,*,#3751,.T.);
#4821 = ORIENTED_EDGE('',*,*,#3782,.T.);
#4822 = ORIENTED_EDGE('',*,*,#3813,.T.);
#4823 = ORIENTED_EDGE('',*,*,#3844,.T.);
#4824 = ORIENTED_EDGE('',*,*,#3875,.T.);
#4825 = ORIENTED_EDGE('',*,*,#3906,.T.);
#4826 = ORIENTED_EDGE('',*,*,#3937,.T.);
#4827 = ORIENTED_EDGE('',*,*,#3968,.T.);
#4828 = ORIENTED_EDGE('',*,*,#3999,.T.);
#4829 = ORIENTED_EDGE('',*,*,#4030,.T.);
#4830 = ORIENTED_EDGE('',*,*,#4061,.T.);
#4831 = ORIENTED_EDGE('',*,*,#4092,.T.);
#4832 = ORIENTED_EDGE('',*,*,#4123,.T.);
#4833 = ORIENTED_EDGE('',*,*,#4154,.T.);
#4834 = ORIENTED_EDGE('',*,*,#4185,.T.);
#4835 = ORIENTED_EDGE('',*,*,#4216,.T.);
#4836 = ORIENTED_EDGE('',*,*,#4247,.T.);
#4837 = ORIENTED_EDGE('',*,*,#4278,.T.);
#4838 = ORIENTED_EDGE('',*,*,#4309,.T.);
#4839 = ORIENTED_EDGE('',*,*,#4340,.T.);
#4840 = ORIENTED_EDGE('',*,*,#4371,.T.);
#4841 = ORIENTED_EDGE('',*,*,#4402,.T.);
#4842 = ORIENTED_EDGE('',*,*,#4433,.T.);
#4843 = ORIENTED_EDGE('',*,*,#4464,.T.);
#4844 = ORIENTED_EDGE('',*,*,#4495,.T.);
#4845 = ORIENTED_EDGE('',*,*,#4526,.T.);
#4846 = PLANE('',#4847);
#4847 = AXIS2_PLACEMENT_3D('',#4848,#4849,#4850);
#4848 = CARTESIAN_POINT('',(274.85168681873,5.239636188824E-15,1.2));
#4849 = DIRECTION('',(0.,0.,1.));
#4850 = DIRECTION('',(1.,0.,-0.));
#4851 = ( GEOMETRIC_REPRESENTATION_CONTEXT(3) 
GLOBAL_UNCERTAINTY_ASSIGNED_CONTEXT((#4855)) 
GLOBAL_UNIT_ASSIGNED_CONTEXT((#4852,#4853,#4854)) REPRESENTATION_CONTEXT
('Context #1','3D Context with UNIT and UNCERTAINTY') );
#4852 = ( LENGTH_UNIT() NAMED_UNIT(*) SI_UNIT(.MILLI.,.METRE.) );
#4853 = ( NAMED_UNIT(*) PLANE_ANGLE_UNIT() SI_UNIT($,.RADIAN.) );
#4854 = ( NAMED_UNIT(*) SI_UNIT($,.STERADIAN.) SOLID_ANGLE_UNIT() );
#4855 = UNCERTAINTY_MEASURE_WITH_UNIT(LENGTH_MEASURE(1.E-07),#4852,
  'distance_accuracy_value','confusion accuracy');
#4856 = PRODUCT_RELATED_PRODUCT_CATEGORY('part',$,(#7));
ENDSEC;
END-ISO-10303-21;
