ISO-10303-21;
HEADER;
FILE_DESCRIPTION(('FreeCAD Model'),'2;1');
FILE_NAME('Open CASCADE Shape Model','2026-09-20T10:27:52',('FreeCAD'),(
    'FreeCAD'),'Open CASCADE STEP processor 7.8','FreeCAD','Unknown');
FILE_SCHEMA(('AUTOMOTIVE_DESIGN { 1 0 10303 214 1 1 1 1 }'));
ENDSEC;
DATA;
#1 = APPLICATION_PROTOCOL_DEFINITION('international standard',
  'automotive_design',2000,#2);
#2 = APPLICATION_CONTEXT(
  'core data for automotive mechanical design processes');
#3 = SHAPE_DEFINITION_REPRESENTATION(#4,#10);
#4 = PRODUCT_DEFINITION_SHAPE('','',#5);
#5 = PRODUCT_DEFINITION('design','',#6,#9);
#6 = PRODUCT_DEFINITION_FORMATION('','',#7);
#7 = PRODUCT('Open CASCADE STEP translator 7.8 3',
  'Open CASCADE STEP translator 7.8 3','',(#8));
#8 = PRODUCT_CONTEXT('',#2,'mechanical');
#9 = PRODUCT_DEFINITION_CONTEXT('part definition',#2,'design');
#10 = ADVANCED_BREP_SHAPE_REPRESENTATION('',(#11,#15),#4519);
#11 = AXIS2_PLACEMENT_3D('',#12,#13,#14);
#12 = CARTESIAN_POINT('',(0.,0.,0.));
#13 = DIRECTION('',(0.,0.,1.));
#14 = DIRECTION('',(1.,0.,-0.));
#15 = MANIFOLD_SOLID_BREP('',#16);
#16 = CLOSED_SHELL('',(#17,#785,#1009,#1033,#1057,#1081,#1121,#1145,
    #1169,#1193,#1217,#1241,#1265,#1305,#1329,#1353,#1377,#1408,#1432,
    #1456,#1480,#1504,#1528,#1552,#1576,#1600,#1624,#1648,#1672,#1696,
    #1720,#1744,#1768,#1792,#1816,#1840,#1864,#1888,#1912,#1936,#1960,
    #1984,#2008,#2032,#2056,#2080,#2104,#2128,#2152,#2176,#2200,#2224,
    #2248,#2272,#2296,#2320,#2344,#2368,#2392,#2416,#2440,#2464,#2488,
    #2512,#2536,#2560,#2584,#2608,#2632,#2656,#2680,#2704,#2728,#2752,
    #2776,#2800,#2824,#2848,#2872,#2896,#2920,#2944,#2968,#2992,#3016,
    #3056,#3080,#3136,#3153,#3177,#3224,#3248,#3272,#3289,#3306,#3337,
    #3361,#3412,#3424,#3472,#3544,#3568,#3626,#3650,#3697,#3721,#3737,
    #3756,#3805,#3822,#3839,#3904,#3928,#3984,#4031,#4048,#4072,#4188,
    #4201,#4225,#4251,#4268,#4280,#4292,#4311,#4322,#4335,#4358,#4375,
    #4393,#4405,#4424,#4436,#4449,#4471,#4489,#4506));
#17 = ADVANCED_FACE('',(#18),#780,.T.);
#18 = FACE_BOUND('',#19,.T.);
#19 = EDGE_LOOP('',(#20,#30,#38,#46,#54,#62,#70,#78,#86,#94,#102,#110,
    #118,#126,#134,#142,#150,#158,#166,#174,#182,#190,#198,#206,#214,
    #222,#230,#238,#246,#254,#262,#270,#278,#286,#294,#302,#310,#318,
    #326,#334,#342,#350,#358,#366,#374,#382,#390,#398,#406,#414,#422,
    #430,#438,#446,#454,#462,#470,#478,#486,#494,#502,#510,#518,#526,
    #534,#542,#550,#558,#566,#574,#582,#590,#598,#606,#614,#622,#630,
    #638,#646,#654,#662,#670,#678,#686,#694,#702,#710,#718,#726,#734,
    #742,#750,#758,#766,#774));
#20 = ORIENTED_EDGE('',*,*,#21,.F.);
#21 = EDGE_CURVE('',#22,#24,#26,.T.);
#22 = VERTEX_POINT('',#23);
#23 = CARTESIAN_POINT('',(140.,-139.5,4.));
#24 = VERTEX_POINT('',#25);
#25 = CARTESIAN_POINT('',(140.,-115.,4.));
#26 = LINE('',#27,#28);
#27 = CARTESIAN_POINT('',(140.,-147.5,4.));
#28 = VECTOR('',#29,1.);
#29 = DIRECTION('',(0.,1.,0.));
#30 = ORIENTED_EDGE('',*,*,#31,.T.);
#31 = EDGE_CURVE('',#22,#32,#34,.T.);
#32 = VERTEX_POINT('',#33);
#33 = CARTESIAN_POINT('',(332.,-139.5,4.));
#34 = LINE('',#35,#36);
#35 = CARTESIAN_POINT('',(140.,-139.5,4.));
#36 = VECTOR('',#37,1.);
#37 = DIRECTION('',(1.,0.,0.));
#38 = ORIENTED_EDGE('',*,*,#39,.T.);
#39 = EDGE_CURVE('',#32,#40,#42,.T.);
#40 = VERTEX_POINT('',#41);
#41 = CARTESIAN_POINT('',(332.,139.5,4.));
#42 = LINE('',#43,#44);
#43 = CARTESIAN_POINT('',(332.,-147.5,4.));
#44 = VECTOR('',#45,1.);
#45 = DIRECTION('',(0.,1.,0.));
#46 = ORIENTED_EDGE('',*,*,#47,.F.);
#47 = EDGE_CURVE('',#48,#40,#50,.T.);
#48 = VERTEX_POINT('',#49);
#49 = CARTESIAN_POINT('',(227.14663679053,139.5,4.));
#50 = LINE('',#51,#52);
#51 = CARTESIAN_POINT('',(140.,139.5,4.));
#52 = VECTOR('',#53,1.);
#53 = DIRECTION('',(1.,0.,0.));
#54 = ORIENTED_EDGE('',*,*,#55,.T.);
#55 = EDGE_CURVE('',#48,#56,#58,.T.);
#56 = VERTEX_POINT('',#57);
#57 = CARTESIAN_POINT('',(227.89813276712,138.66746689101,4.));
#58 = LINE('',#59,#60);
#59 = CARTESIAN_POINT('',(279.33447610243,81.684515330349,4.));
#60 = VECTOR('',#61,1.);
#61 = DIRECTION('',(0.67005572795,-0.742310798414,0.));
#62 = ORIENTED_EDGE('',*,*,#63,.T.);
#63 = EDGE_CURVE('',#56,#64,#66,.T.);
#64 = VERTEX_POINT('',#65);
#65 = CARTESIAN_POINT('',(230.87957673429,135.26435231057,4.));
#66 = LINE('',#67,#68);
#67 = CARTESIAN_POINT('',(281.2247953624,77.798725099393,4.));
#68 = VECTOR('',#69,1.);
#69 = DIRECTION('',(0.658969995893,-0.752169225981,0.));
#70 = ORIENTED_EDGE('',*,*,#71,.T.);
#71 = EDGE_CURVE('',#64,#72,#74,.T.);
#72 = VERTEX_POINT('',#73);
#73 = CARTESIAN_POINT('',(233.81020825107,131.81738322312,4.));
#74 = LINE('',#75,#76);
#75 = CARTESIAN_POINT('',(283.05030200096,73.901852032121,4.));
#76 = VECTOR('',#77,1.);
#77 = DIRECTION('',(0.647739236369,-0.761862114603,0.));
#78 = ORIENTED_EDGE('',*,*,#79,.T.);
#79 = EDGE_CURVE('',#72,#80,#82,.T.);
#80 = VERTEX_POINT('',#81);
#81 = CARTESIAN_POINT('',(236.68938233806,128.32731824467,4.));
#82 = LINE('',#83,#84);
#83 = CARTESIAN_POINT('',(284.81133224435,69.995058024084,4.));
#84 = VECTOR('',#85,1.);
#85 = DIRECTION('',(0.636365921066,-0.771387331051,0.));
#86 = ORIENTED_EDGE('',*,*,#87,.T.);
#87 = EDGE_CURVE('',#80,#88,#90,.T.);
#88 = VERTEX_POINT('',#89);
#89 = CARTESIAN_POINT('',(239.51646534073,124.79492547588,4.));
#90 = LINE('',#91,#92);
#91 = CARTESIAN_POINT('',(286.50824521046,66.079485127015,4.));
#92 = VECTOR('',#93,1.);
#93 = DIRECTION('',(0.624852553048,-0.780742778993,0.));
#94 = ORIENTED_EDGE('',*,*,#95,.T.);
#95 = EDGE_CURVE('',#88,#96,#98,.T.);
#96 = VERTEX_POINT('',#97);
#97 = CARTESIAN_POINT('',(242.29083506886,121.22098233298,4.));
#98 = LINE('',#99,#100);
#99 = CARTESIAN_POINT('',(288.14142217247,62.156255049045,4.));
#100 = VECTOR('',#101,1.);
#101 = DIRECTION('',(0.613201666199,-0.789926399465,0.));
#102 = ORIENTED_EDGE('',*,*,#103,.T.);
#103 = EDGE_CURVE('',#96,#104,#106,.T.);
#104 = VERTEX_POINT('',#105);
#105 = CARTESIAN_POINT('',(245.01188093347,117.60627537672,4.));
#106 = LINE('',#107,#108);
#107 = CARTESIAN_POINT('',(289.7112658106,58.226468678989,4.));
#108 = VECTOR('',#109,1.);
#109 = DIRECTION('',(0.60141582467,-0.798936171315,0.));
#110 = ORIENTED_EDGE('',*,*,#111,.T.);
#111 = EDGE_CURVE('',#104,#112,#114,.T.);
#112 = VERTEX_POINT('',#113);
#113 = CARTESIAN_POINT('',(245.18638607683,117.36715644934,4.));
#114 = LINE('',#115,#116);
#115 = CARTESIAN_POINT('',(291.2181994526,54.291205635039,4.));
#116 = VECTOR('',#117,1.);
#117 = DIRECTION('',(0.589497622315,-0.807770111656,0.));
#118 = ORIENTED_EDGE('',*,*,#119,.T.);
#119 = EDGE_CURVE('',#112,#120,#122,.T.);
#120 = VERTEX_POINT('',#121);
#121 = CARTESIAN_POINT('',(327.22825094907,135.91385462525,4.));
#122 = LINE('',#123,#124);
#123 = CARTESIAN_POINT('',(139.22825094907,93.413854625259,4.));
#124 = VECTOR('',#125,1.);
#125 = DIRECTION('',(0.975387035788,0.220499728835,0.));
#126 = ORIENTED_EDGE('',*,*,#127,.F.);
#127 = EDGE_CURVE('',#128,#120,#130,.T.);
#128 = VERTEX_POINT('',#129);
#129 = CARTESIAN_POINT('',(328.77174905092,129.08614537474,4.));
#130 = LINE('',#131,#132);
#131 = CARTESIAN_POINT('',(328.77174905092,129.08614537474,4.));
#132 = VECTOR('',#133,1.);
#133 = DIRECTION('',(-0.220499728835,0.975387035788,0.));
#134 = ORIENTED_EDGE('',*,*,#135,.F.);
#135 = EDGE_CURVE('',#136,#128,#138,.T.);
#136 = VERTEX_POINT('',#137);
#137 = CARTESIAN_POINT('',(249.62885927046,111.19480061053,4.));
#138 = LINE('',#139,#140);
#139 = CARTESIAN_POINT('',(140.77174905092,86.586145374741,4.));
#140 = VECTOR('',#141,1.);
#141 = DIRECTION('',(0.975387035788,0.220499728835,0.));
#142 = ORIENTED_EDGE('',*,*,#143,.T.);
#143 = EDGE_CURVE('',#136,#144,#146,.T.);
#144 = VERTEX_POINT('',#145);
#145 = CARTESIAN_POINT('',(250.29161752616,110.25776094883,4.));
#146 = LINE('',#147,#148);
#147 = CARTESIAN_POINT('',(292.66266630379,50.351523838117,4.));
#148 = VECTOR('',#149,1.);
#149 = DIRECTION('',(0.577449682115,-0.816426276295,0.));
#150 = ORIENTED_EDGE('',*,*,#151,.T.);
#151 = EDGE_CURVE('',#144,#152,#154,.T.);
#152 = VERTEX_POINT('',#153);
#153 = CARTESIAN_POINT('',(252.84914627899,106.52557075332,4.));
#154 = LINE('',#155,#156);
#155 = CARTESIAN_POINT('',(294.04512866745,46.408459110182,4.));
#156 = VECTOR('',#157,1.);
#157 = DIRECTION('',(0.565274655605,-0.824902760167,0.));
#158 = ORIENTED_EDGE('',*,*,#159,.T.);
#159 = EDGE_CURVE('',#152,#160,#162,.T.);
#160 = VERTEX_POINT('',#161);
#161 = CARTESIAN_POINT('',(255.35102747353,102.75585094074,4.));
#162 = LINE('',#163,#164);
#163 = CARTESIAN_POINT('',(295.36606715627,42.463024797699,4.));
#164 = VECTOR('',#165,1.);
#165 = DIRECTION('',(0.55297522229,-0.833197697748,0.));
#166 = ORIENTED_EDGE('',*,*,#167,.T.);
#167 = EDGE_CURVE('',#160,#168,#170,.T.);
#168 = VERTEX_POINT('',#169);
#169 = CARTESIAN_POINT('',(257.79671049065,98.949431158747,4.));
#170 = LINE('',#171,#172);
#171 = CARTESIAN_POINT('',(296.62597989566,38.516211420483,4.));
#172 = VECTOR('',#173,1.);
#173 = DIRECTION('',(0.540554089056,-0.841309263473,0.));
#174 = ORIENTED_EDGE('',*,*,#175,.T.);
#175 = EDGE_CURVE('',#168,#176,#178,.T.);
#176 = VERTEX_POINT('',#177);
#177 = CARTESIAN_POINT('',(260.18565707941,95.107149132004,4.));
#178 = LINE('',#179,#180);
#179 = CARTESIAN_POINT('',(297.82538171977,34.568986346157,4.));
#180 = VECTOR('',#181,1.);
#181 = DIRECTION('',(0.528013989569,-0.849235672131,0.));
#182 = ORIENTED_EDGE('',*,*,#183,.T.);
#183 = EDGE_CURVE('',#176,#184,#186,.T.);
#184 = VERTEX_POINT('',#185);
#185 = CARTESIAN_POINT('',(262.51734147556,91.229850477816,4.));
#186 = LINE('',#187,#188);
#187 = CARTESIAN_POINT('',(298.9648033608,30.6222934903,4.));
#188 = VECTOR('',#189,1.);
#189 = DIRECTION('',(0.515357683682,-0.856975179261,0.));
#190 = ORIENTED_EDGE('',*,*,#191,.T.);
#191 = EDGE_CURVE('',#184,#192,#194,.T.);
#192 = VERTEX_POINT('',#193);
#193 = CARTESIAN_POINT('',(264.7912505172,87.318388520017,4.));
#194 = LINE('',#195,#196);
#195 = CARTESIAN_POINT('',(300.04479063277,26.677053042537,4.));
#196 = VECTOR('',#197,1.);
#197 = DIRECTION('',(0.50258795682,-0.864526081538,0.));
#198 = ORIENTED_EDGE('',*,*,#199,.T.);
#199 = EDGE_CURVE('',#192,#200,#202,.T.);
#200 = VERTEX_POINT('',#201);
#201 = CARTESIAN_POINT('',(267.00688375779,83.373624101171,4.));
#202 = LINE('',#203,#204);
#203 = CARTESIAN_POINT('',(301.06590361005,22.734161218584,4.));
#204 = VECTOR('',#205,1.);
#205 = DIRECTION('',(0.48970761937,-0.871886717143,0.));
#206 = ORIENTED_EDGE('',*,*,#207,.T.);
#207 = EDGE_CURVE('',#200,#208,#210,.T.);
#208 = VERTEX_POINT('',#209);
#209 = CARTESIAN_POINT('',(269.16375357621,79.396425393114,4.));
#210 = LINE('',#211,#212);
#211 = CARTESIAN_POINT('',(302.02871580195,18.794490038422,4.));
#212 = VECTOR('',#213,1.);
#213 = DIRECTION('',(0.476719506064,-0.879055466133,0.));
#214 = ORIENTED_EDGE('',*,*,#215,.T.);
#215 = EDGE_CURVE('',#208,#216,#218,.T.);
#216 = VERTEX_POINT('',#217);
#217 = CARTESIAN_POINT('',(271.26138528414,75.387667705889,4.));
#218 = LINE('',#219,#220);
#219 = CARTESIAN_POINT('',(302.93381332377,14.858887130634,4.));
#220 = VECTOR('',#221,1.);
#221 = DIRECTION('',(0.463626475352,-0.886030750794,0.));
#222 = ORIENTED_EDGE('',*,*,#223,.T.);
#223 = EDGE_CURVE('',#216,#224,#226,.T.);
#224 = VERTEX_POINT('',#225);
#225 = CARTESIAN_POINT('',(273.29931723049,71.348233295104,4.));
#226 = LINE('',#227,#228);
#227 = CARTESIAN_POINT('',(303.78179406535,10.928175562945,4.));
#228 = VECTOR('',#229,1.);
#229 = DIRECTION('',(0.450431408775,-0.892811035992,0.));
#230 = ORIENTED_EDGE('',*,*,#231,.T.);
#231 = EDGE_CURVE('',#224,#232,#234,.T.);
#232 = VERTEX_POINT('',#233);
#233 = CARTESIAN_POINT('',(275.27710090303,67.279011167761,4.));
#234 = LINE('',#235,#236);
#235 = CARTESIAN_POINT('',(304.57326685782,7.003153699016,4.));
#236 = VECTOR('',#237,1.);
#237 = DIRECTION('',(0.43713721033,-0.899394829508,0.));
#238 = ORIENTED_EDGE('',*,*,#239,.T.);
#239 = EDGE_CURVE('',#232,#240,#242,.T.);
#240 = VERTEX_POINT('',#241);
#241 = CARTESIAN_POINT('',(277.19430102706,63.180896886606,4.));
#242 = LINE('',#243,#244);
#243 = CARTESIAN_POINT('',(305.3088506394,3.084595081464,4.));
#244 = VECTOR('',#245,1.);
#245 = DIRECTION('',(0.423746805832,-0.905780682366,0.));
#246 = ORIENTED_EDGE('',*,*,#247,.T.);
#247 = EDGE_CURVE('',#240,#248,#250,.T.);
#248 = VERTEX_POINT('',#249);
#249 = CARTESIAN_POINT('',(279.05049566125,59.054792373027,4.));
#250 = LINE('',#251,#252);
#251 = CARTESIAN_POINT('',(305.98917362098,-0.826751658907,4.));
#252 = VECTOR('',#253,1.);
#253 = DIRECTION('',(0.410263142269,-0.911967189155,0.));
#254 = ORIENTED_EDGE('',*,*,#255,.T.);
#255 = EDGE_CURVE('',#248,#256,#258,.T.);
#256 = VERTEX_POINT('',#257);
#257 = CARTESIAN_POINT('',(280.8452762905,54.901605708563,4.));
#258 = LINE('',#259,#260);
#259 = CARTESIAN_POINT('',(306.61487245239,-4.730162867707,4.));
#260 = VECTOR('',#261,1.);
#261 = DIRECTION('',(0.396689187153,-0.917952988336,0.));
#262 = ORIENTED_EDGE('',*,*,#263,.T.);
#263 = EDGE_CURVE('',#256,#264,#266,.T.);
#264 = VERTEX_POINT('',#265);
#265 = CARTESIAN_POINT('',(282.57824791579,50.722250935045,4.));
#266 = LINE('',#267,#268);
#267 = CARTESIAN_POINT('',(307.18659139002,-8.624939905486,4.));
#268 = VECTOR('',#269,1.);
#269 = DIRECTION('',(0.383027927868,-0.923736762543,0.));
#270 = ORIENTED_EDGE('',*,*,#271,.T.);
#271 = EDGE_CURVE('',#264,#272,#274,.T.);
#272 = VERTEX_POINT('',#273);
#273 = CARTESIAN_POINT('',(284.24902914118,46.517647853437,4.));
#274 = LINE('',#275,#276);
#275 = CARTESIAN_POINT('',(307.70498146669,-12.51040916027,4.));
#276 = VECTOR('',#277,1.);
#277 = DIRECTION('',(0.369282371011,-0.92931723887,0.));
#278 = ORIENTED_EDGE('',*,*,#279,.T.);
#279 = EDGE_CURVE('',#272,#280,#282,.T.);
#280 = VERTEX_POINT('',#281);
#281 = CARTESIAN_POINT('',(285.85725225772,42.288721821402,4.));
#282 = LINE('',#283,#284);
#283 = CARTESIAN_POINT('',(308.17069966456,-16.38592203424,4.));
#284 = VECTOR('',#285,1.);
#285 = DIRECTION('',(0.355455541733,-0.934693189154,0.));
#286 = ORIENTED_EDGE('',*,*,#287,.T.);
#287 = EDGE_CURVE('',#280,#288,#290,.T.);
#288 = VERTEX_POINT('',#289);
#289 = CARTESIAN_POINT('',(287.40256332436,38.036403549647,4.));
#290 = LINE('',#291,#292);
#291 = CARTESIAN_POINT('',(308.58440809172,-20.25085490463,4.));
#292 = VECTOR('',#293,1.);
#293 = DIRECTION('',(0.341550483072,-0.939863430246,0.));
#294 = ORIENTED_EDGE('',*,*,#295,.T.);
#295 = EDGE_CURVE('',#288,#296,#298,.T.);
#296 = VERTEX_POINT('',#297);
#297 = CARTESIAN_POINT('',(288.88462224588,33.761628897092,4.));
#298 = LINE('',#299,#300);
#299 = CARTESIAN_POINT('',(308.94677316343,-24.10460905919,4.));
#300 = VECTOR('',#301,1.);
#301 = DIRECTION('',(0.32757025528,-0.944826824268,0.));
#302 = ORIENTED_EDGE('',*,*,#303,.T.);
#303 = EDGE_CURVE('',#296,#304,#306,.T.);
#304 = VERTEX_POINT('',#305);
#305 = CARTESIAN_POINT('',(290.30310284772,29.465338664903,4.));
#306 = LINE('',#307,#308);
#307 = CARTESIAN_POINT('',(309.25846478871,-27.94661060615,4.));
#308 = VECTOR('',#309,1.);
#309 = DIRECTION('',(0.313517935154,-0.949582278866,0.));
#310 = ORIENTED_EDGE('',*,*,#311,.T.);
#311 = EDGE_CURVE('',#304,#312,#314,.T.);
#312 = VERTEX_POINT('',#313);
#313 = CARTESIAN_POINT('',(291.65769294776,25.148478389439,4.));
#314 = LINE('',#315,#316);
#315 = CARTESIAN_POINT('',(309.52015556293,-31.77631035916,4.));
#316 = VECTOR('',#317,1.);
#317 = DIRECTION('',(0.29939661536,-0.95412874745,0.));
#318 = ORIENTED_EDGE('',*,*,#319,.T.);
#319 = EDGE_CURVE('',#312,#320,#322,.T.);
#320 = VERTEX_POINT('',#321);
#321 = CARTESIAN_POINT('',(292.94809442502,20.811998134155,4.));
#322 = LINE('',#323,#324);
#323 = CARTESIAN_POINT('',(309.73251996738,-35.59318369724,4.));
#324 = VECTOR('',#325,1.);
#325 = DIRECTION('',(0.285209403744,-0.958465229425,0.));
#326 = ORIENTED_EDGE('',*,*,#327,.T.);
#327 = EDGE_CURVE('',#320,#328,#330,.T.);
#328 = VERTEX_POINT('',#329);
#329 = CARTESIAN_POINT('',(294.17402328532,16.456852280515,4.));
#330 = LINE('',#331,#332);
#331 = CARTESIAN_POINT('',(309.89623357637,-39.39673040012,4.));
#332 = VECTOR('',#333,1.);
#333 = DIRECTION('',(0.270959422659,-0.962590770407,0.));
#334 = ORIENTED_EDGE('',*,*,#335,.T.);
#335 = EDGE_CURVE('',#328,#336,#338,.T.);
#336 = VERTEX_POINT('',#337);
#337 = CARTESIAN_POINT('',(295.33520972371,12.083999317941,4.));
#338 = LINE('',#339,#340);
#339 = CARTESIAN_POINT('',(310.01197227272,-43.18647445918,4.));
#340 = VECTOR('',#341,1.);
#341 = DIRECTION('',(0.256649808268,-0.96650446244,0.));
#342 = ORIENTED_EDGE('',*,*,#343,.T.);
#343 = EDGE_CURVE('',#336,#344,#346,.T.);
#344 = VERTEX_POINT('',#345);
#345 = CARTESIAN_POINT('',(296.4313981839,7.694401632876,4.));
#346 = LINE('',#347,#348);
#347 = CARTESIAN_POINT('',(310.08041147232,-46.96196386441,4.));
#348 = VECTOR('',#349,1.);
#349 = DIRECTION('',(0.242283709862,-0.97020544419,0.));
#350 = ORIENTED_EDGE('',*,*,#351,.T.);
#351 = EDGE_CURVE('',#344,#352,#354,.T.);
#352 = VERTEX_POINT('',#353);
#353 = CARTESIAN_POINT('',(297.4623474145,3.289025296973,4.));
#354 = LINE('',#355,#356);
#355 = CARTESIAN_POINT('',(310.10222535853,-50.72277036754,4.));
#356 = VECTOR('',#357,1.);
#357 = DIRECTION('',(0.22786428916,-0.973692901138,0.));
#358 = ORIENTED_EDGE('',*,*,#359,.T.);
#359 = EDGE_CURVE('',#352,#360,#362,.T.);
#360 = VERTEX_POINT('',#361);
#361 = CARTESIAN_POINT('',(298.42783052207,-1.131160145514,4.));
#362 = LINE('',#363,#364);
#363 = CARTESIAN_POINT('',(310.07808612705,-54.46848922183,4.));
#364 = VECTOR('',#365,1.);
#365 = DIRECTION('',(0.213394719619,-0.976966065756,0.));
#366 = ORIENTED_EDGE('',*,*,#367,.T.);
#367 = EDGE_CURVE('',#360,#368,#370,.T.);
#368 = VERTEX_POINT('',#369);
#369 = CARTESIAN_POINT('',(299.32763502113,-5.565181891116,4.));
#370 = LINE('',#371,#372);
#371 = CARTESIAN_POINT('',(310.00866324203,-58.19873889887,4.));
#372 = VECTOR('',#373,1.);
#373 = DIRECTION('',(0.19887818573,-0.980024217681,0.));
#374 = ORIENTED_EDGE('',*,*,#375,.T.);
#375 = EDGE_CURVE('',#368,#376,#378,.T.);
#376 = VERTEX_POINT('',#377);
#377 = CARTESIAN_POINT('',(300.16156288084,-10.01206409124,4.));
#378 = LINE('',#379,#380);
#379 = CARTESIAN_POINT('',(309.89462270413,-61.9131607827,4.));
#380 = VECTOR('',#381,1.);
#381 = DIRECTION('',(0.184317882323,-0.982866683867,0.));
#382 = ORIENTED_EDGE('',*,*,#383,.T.);
#383 = EDGE_CURVE('',#376,#384,#386,.T.);
#384 = VERTEX_POINT('',#385);
#385 = CARTESIAN_POINT('',(300.92943056867,-14.47082806693,4.));
#386 = LINE('',#387,#388);
#387 = CARTESIAN_POINT('',(309.73662633108,-65.61141884176,4.));
#388 = VECTOR('',#389,1.);
#389 = DIRECTION('',(0.169717013858,-0.98549283874,0.));
#390 = ORIENTED_EDGE('',*,*,#391,.T.);
#391 = EDGE_CURVE('',#384,#392,#394,.T.);
#392 = VERTEX_POINT('',#393);
#393 = CARTESIAN_POINT('',(249.61975048704,-22.91575138929,4.));
#394 = LINE('',#395,#396);
#395 = CARTESIAN_POINT('',(186.27337017574,-33.34176308196,4.));
#396 = VECTOR('',#397,1.);
#397 = DIRECTION('',(-0.986724616954,-0.162402371584,0.));
#398 = ORIENTED_EDGE('',*,*,#399,.T.);
#399 = EDGE_CURVE('',#392,#400,#402,.T.);
#400 = VERTEX_POINT('',#401);
#401 = CARTESIAN_POINT('',(248.98280733302,-19.21722463174,4.));
#402 = LINE('',#403,#404);
#403 = CARTESIAN_POINT('',(258.14120580589,-72.39713808987,4.));
#404 = VECTOR('',#405,1.);
#405 = DIRECTION('',(-0.169717013858,0.98549283874,0.));
#406 = ORIENTED_EDGE('',*,*,#407,.T.);
#407 = EDGE_CURVE('',#400,#408,#410,.T.);
#408 = VERTEX_POINT('',#409);
#409 = CARTESIAN_POINT('',(248.29106753252,-15.52855375916,4.));
#410 = LINE('',#411,#412);
#411 = CARTESIAN_POINT('',(258.40554427086,-69.4635387188,4.));
#412 = VECTOR('',#413,1.);
#413 = DIRECTION('',(-0.184317882323,0.982866683867,0.));
#414 = ORIENTED_EDGE('',*,*,#415,.T.);
#415 = EDGE_CURVE('',#408,#416,#418,.T.);
#416 = VERTEX_POINT('',#417);
#417 = CARTESIAN_POINT('',(247.54468332505,-11.8505505818,4.));
#418 = LINE('',#419,#420);
#419 = CARTESIAN_POINT('',(258.63725872258,-66.5121138203,4.));
#420 = VECTOR('',#421,1.);
#421 = DIRECTION('',(-0.19887818573,0.980024217681,0.));
#422 = ORIENTED_EDGE('',*,*,#423,.T.);
#423 = EDGE_CURVE('',#416,#424,#426,.T.);
#424 = VERTEX_POINT('',#425);
#425 = CARTESIAN_POINT('',(246.74381897636,-8.184024562152,4.));
#426 = LINE('',#427,#428);
#427 = CARTESIAN_POINT('',(258.8356614454,-63.54303150401,4.));
#428 = VECTOR('',#429,1.);
#429 = DIRECTION('',(-0.213394719619,0.976966065756,0.));
#430 = ORIENTED_EDGE('',*,*,#431,.T.);
#431 = EDGE_CURVE('',#424,#432,#434,.T.);
#432 = VERTEX_POINT('',#433);
#433 = CARTESIAN_POINT('',(245.88865074234,-4.529782636756,4.));
#434 = LINE('',#435,#436);
#435 = CARTESIAN_POINT('',(259.00005805252,-60.55648286659,4.));
#436 = VECTOR('',#437,1.);
#437 = DIRECTION('',(-0.22786428916,0.973692901138,0.));
#438 = ORIENTED_EDGE('',*,*,#439,.T.);
#439 = EDGE_CURVE('',#432,#440,#442,.T.);
#440 = VERTEX_POINT('',#441);
#441 = CARTESIAN_POINT('',(244.97936683015,-0.888629038672,4.));
#442 = LINE('',#443,#444);
#443 = CARTESIAN_POINT('',(259.12974821166,-57.55268235675,4.));
#444 = VECTOR('',#445,1.);
#445 = DIRECTION('',(-0.242283709862,0.97020544419,0.));
#446 = ORIENTED_EDGE('',*,*,#447,.T.);
#447 = EDGE_CURVE('',#440,#448,#450,.T.);
#448 = VERTEX_POINT('',#449);
#449 = CARTESIAN_POINT('',(244.01616735686,2.738634879554,4.));
#450 = LINE('',#451,#452);
#451 = CARTESIAN_POINT('',(259.22402638379,-54.53186811777,4.));
#452 = VECTOR('',#453,1.);
#453 = DIRECTION('',(-0.256649808268,0.96650446244,0.));
#454 = ORIENTED_EDGE('',*,*,#455,.T.);
#455 = EDGE_CURVE('',#448,#456,#458,.T.);
#456 = VERTEX_POINT('',#457);
#457 = CARTESIAN_POINT('',(242.99926430539,6.351210822246,4.));
#458 = LINE('',#459,#460);
#459 = CARTESIAN_POINT('',(259.28218257438,-51.49430230747,4.));
#460 = VECTOR('',#461,1.);
#461 = DIRECTION('',(-0.270959422659,0.962590770407,0.));
#462 = ORIENTED_EDGE('',*,*,#463,.T.);
#463 = EDGE_CURVE('',#456,#464,#466,.T.);
#464 = VERTEX_POINT('',#465);
#465 = CARTESIAN_POINT('',(241.92888147785,9.948303726288,4.));
#466 = LINE('',#467,#468);
#467 = CARTESIAN_POINT('',(259.30350309641,-48.44027139494,4.));
#468 = VECTOR('',#469,1.);
#469 = DIRECTION('',(-0.285209403744,0.958465229425,0.));
#470 = ORIENTED_EDGE('',*,*,#471,.T.);
#471 = EDGE_CURVE('',#464,#472,#474,.T.);
#472 = VERTEX_POINT('',#473);
#473 = CARTESIAN_POINT('',(240.80525444627,13.5291219361,4.));
#474 = LINE('',#475,#476);
#475 = CARTESIAN_POINT('',(259.28727134435,-45.37008643382,4.));
#476 = VECTOR('',#477,1.);
#477 = DIRECTION('',(-0.29939661536,0.95412874745,0.));
#478 = ORIENTED_EDGE('',*,*,#479,.T.);
#479 = EDGE_CURVE('',#472,#480,#482,.T.);
#480 = VERTEX_POINT('',#481);
#481 = CARTESIAN_POINT('',(239.62863050081,17.092877377874,4.));
#482 = LINE('',#483,#484);
#483 = CARTESIAN_POINT('',(259.23276857863,-42.28408331167,4.));
#484 = VECTOR('',#485,1.);
#485 = DIRECTION('',(-0.313517935154,0.949582278866,0.));
#486 = ORIENTED_EDGE('',*,*,#487,.T.);
#487 = EDGE_CURVE('',#480,#488,#490,.T.);
#488 = VERTEX_POINT('',#489);
#489 = CARTESIAN_POINT('',(238.39926859527,20.638785733007,4.));
#490 = LINE('',#491,#492);
#491 = CARTESIAN_POINT('',(259.13927471959,-39.18262297519,4.));
#492 = VECTOR('',#493,1.);
#493 = DIRECTION('',(-0.32757025528,0.944826824268,0.));
#494 = ORIENTED_EDGE('',*,*,#495,.T.);
#495 = EDGE_CURVE('',#488,#496,#498,.T.);
#496 = VERTEX_POINT('',#497);
#497 = CARTESIAN_POINT('',(237.11743929014,24.166066610724,4.));
#498 = LINE('',#499,#500);
#499 = CARTESIAN_POINT('',(259.00606915044,-36.06609163092,4.));
#500 = VECTOR('',#501,1.);
#501 = DIRECTION('',(-0.341550483072,0.939863430246,0.));
#502 = ORIENTED_EDGE('',*,*,#503,.T.);
#503 = EDGE_CURVE('',#496,#504,#506,.T.);
#504 = VERTEX_POINT('',#505);
#505 = CARTESIAN_POINT('',(235.78342469303,27.673943719819,4.));
#506 = LINE('',#507,#508);
#507 = CARTESIAN_POINT('',(258.83243152828,-32.9349009211,4.));
#508 = VECTOR('',#509,1.);
#509 = DIRECTION('',(-0.355455541733,0.934693189154,0.));
#510 = ORIENTED_EDGE('',*,*,#511,.T.);
#511 = EDGE_CURVE('',#504,#512,#514,.T.);
#512 = VERTEX_POINT('',#513);
#513 = CARTESIAN_POINT('',(234.39751839662,31.161645039509,4.));
#514 = LINE('',#515,#516);
#515 = CARTESIAN_POINT('',(258.61764260258,-29.78948807452,4.));
#516 = VECTOR('',#517,1.);
#517 = DIRECTION('',(-0.369282371011,0.92931723887,0.));
#518 = ORIENTED_EDGE('',*,*,#519,.T.);
#519 = EDGE_CURVE('',#512,#520,#522,.T.);
#520 = VERTEX_POINT('',#521);
#521 = CARTESIAN_POINT('',(232.960025414,34.628402989341,4.));
#522 = LINE('',#523,#524);
#523 = CARTESIAN_POINT('',(258.3609850402,-26.63031603202,4.));
#524 = VECTOR('',#525,1.);
#525 = DIRECTION('',(-0.383027927868,0.923736762543,0.));
#526 = ORIENTED_EDGE('',*,*,#527,.T.);
#527 = EDGE_CURVE('',#520,#528,#530,.T.);
#528 = VERTEX_POINT('',#529);
#529 = CARTESIAN_POINT('',(231.47126211157,38.07345459812,4.));
#530 = LINE('',#531,#532);
#531 = CARTESIAN_POINT('',(258.06174425638,-23.45787354645,4.));
#532 = VECTOR('',#533,1.);
#533 = DIRECTION('',(-0.396689187153,0.917952988336,0.));
#534 = ORIENTED_EDGE('',*,*,#535,.T.);
#535 = EDGE_CURVE('',#528,#536,#538,.T.);
#536 = VERTEX_POINT('',#537);
#537 = CARTESIAN_POINT('',(229.93155613942,41.496041671829,4.));
#538 = LINE('',#539,#540);
#539 = CARTESIAN_POINT('',(257.71920925073,-20.27267525692,4.));
#540 = VECTOR('',#541,1.);
#541 = DIRECTION('',(-0.410263142269,0.911967189155,0.));
#542 = ORIENTED_EDGE('',*,*,#543,.T.);
#543 = EDGE_CURVE('',#536,#544,#546,.T.);
#544 = VERTEX_POINT('',#545);
#545 = CARTESIAN_POINT('',(228.34124635918,44.89541096049,4.));
#546 = LINE('',#547,#548);
#547 = CARTESIAN_POINT('',(257.33267344759,-17.0752617371,4.));
#548 = VECTOR('',#549,1.);
#549 = DIRECTION('',(-0.423746805832,0.905780682366,0.));
#550 = ORIENTED_EDGE('',*,*,#551,.T.);
#551 = EDGE_CURVE('',#544,#552,#554,.T.);
#552 = VERTEX_POINT('',#553);
#553 = CARTESIAN_POINT('',(226.7006827695,48.270814323944,4.));
#554 = LINE('',#555,#556);
#555 = CARTESIAN_POINT('',(256.90143553985,-13.8661995175,4.));
#556 = VECTOR('',#557,1.);
#557 = DIRECTION('',(-0.43713721033,0.899394829508,0.));
#558 = ORIENTED_EDGE('',*,*,#559,.T.);
#559 = EDGE_CURVE('',#552,#560,#562,.T.);
#560 = VERTEX_POINT('',#561);
#561 = CARTESIAN_POINT('',(225.01022642897,51.6215088965,4.));
#562 = LINE('',#563,#564);
#563 = CARTESIAN_POINT('',(256.42480033554,-10.64608108149,4.));
#564 = VECTOR('',#565,1.);
#565 = DIRECTION('',(-0.450431408775,0.892811035992,0.));
#566 = ORIENTED_EDGE('',*,*,#567,.T.);
#567 = EDGE_CURVE('',#560,#568,#570,.T.);
#568 = VERTEX_POINT('',#569);
#569 = CARTESIAN_POINT('',(223.27024937668,54.946757250432,4.));
#570 = LINE('',#571,#572);
#571 = CARTESIAN_POINT('',(255.90207960636,-7.415524835111,4.));
#572 = VECTOR('',#573,1.);
#573 = DIRECTION('',(-0.463626475352,0.886030750794,0.));
#574 = ORIENTED_EDGE('',*,*,#575,.T.);
#575 = EDGE_CURVE('',#568,#576,#578,.T.);
#576 = VERTEX_POINT('',#577);
#577 = CARTESIAN_POINT('',(221.48113455036,58.245827558266,4.));
#578 = LINE('',#579,#580);
#579 = CARTESIAN_POINT('',(255.33259293728,-4.175175050398,4.));
#580 = VECTOR('',#581,1.);
#581 = DIRECTION('',(-0.476719506064,0.879055466133,0.));
#582 = ORIENTED_EDGE('',*,*,#583,.T.);
#583 = EDGE_CURVE('',#576,#584,#586,.T.);
#584 = VERTEX_POINT('',#585);
#585 = CARTESIAN_POINT('',(219.64327570205,61.517993753848,4.));
#586 = LINE('',#587,#588);
#587 = CARTESIAN_POINT('',(254.71566857653,-0.925701782346,4.));
#588 = VECTOR('',#589,1.);
#589 = DIRECTION('',(-0.48970761937,0.871886717143,0.));
#590 = ORIENTED_EDGE('',*,*,#591,.T.);
#591 = EDGE_CURVE('',#584,#592,#594,.T.);
#592 = VERTEX_POINT('',#593);
#593 = CARTESIAN_POINT('',(217.75707731151,64.762535692137,4.));
#594 = LINE('',#595,#596);
#595 = CARTESIAN_POINT('',(254.05064428512,2.332199240634,4.));
#596 = VECTOR('',#597,1.);
#597 = DIRECTION('',(-0.50258795682,0.864526081538,0.));
#598 = ORIENTED_EDGE('',*,*,#599,.T.);
#599 = EDGE_CURVE('',#592,#600,#602,.T.);
#600 = VERTEX_POINT('',#601);
#601 = CARTESIAN_POINT('',(215.82295449713,67.978739307693,4.));
#602 = LINE('',#603,#604);
#603 = CARTESIAN_POINT('',(253.33686818501,5.59780675274,4.));
#604 = VECTOR('',#605,1.);
#605 = DIRECTION('',(-0.515357683682,0.856975179261,0.));
#606 = ORIENTED_EDGE('',*,*,#607,.T.);
#607 = EDGE_CURVE('',#600,#608,#610,.T.);
#608 = VERTEX_POINT('',#609);
#609 = CARTESIAN_POINT('',(213.84133292463,71.165896771833,4.));
#610 = LINE('',#611,#612);
#611 = CARTESIAN_POINT('',(252.5736996053,8.870374113264,4.));
#612 = VECTOR('',#613,1.);
#613 = DIRECTION('',(-0.528013989569,0.849235672131,0.));
#614 = ORIENTED_EDGE('',*,*,#615,.T.);
#615 = EDGE_CURVE('',#608,#616,#618,.T.);
#616 = VERTEX_POINT('',#617);
#617 = CARTESIAN_POINT('',(211.81264871336,74.323306648412,4.));
#618 = LINE('',#619,#620);
#619 = CARTESIAN_POINT('',(251.76050992547,12.149129495505,4.));
#620 = VECTOR('',#621,1.);
#621 = DIRECTION('',(-0.540554089056,0.841309263473,0.));
#622 = ORIENTED_EDGE('',*,*,#623,.T.);
#623 = EDGE_CURVE('',#616,#624,#626,.T.);
#624 = VERTEX_POINT('',#625);
#625 = CARTESIAN_POINT('',(209.73734834027,77.450274048192,4.));
#626 = LINE('',#627,#628);
#627 = CARTESIAN_POINT('',(250.89668341491,15.433276102056,4.));
#628 = VECTOR('',#629,1.);
#629 = DIRECTION('',(-0.55297522229,0.833197697748,0.));
#630 = ORIENTED_EDGE('',*,*,#631,.T.);
#631 = EDGE_CURVE('',#624,#632,#634,.T.);
#632 = VERTEX_POINT('',#633);
#633 = CARTESIAN_POINT('',(207.61588854175,80.546110781781,4.));
#634 = LINE('',#635,#636);
#635 = CARTESIAN_POINT('',(249.98161806805,18.721992406366,4.));
#636 = VECTOR('',#637,1.);
#637 = DIRECTION('',(-0.565274655605,0.824902760167,0.));
#638 = ORIENTED_EDGE('',*,*,#639,.T.);
#639 = EDGE_CURVE('',#632,#640,#642,.T.);
#640 = VERTEX_POINT('',#641);
#641 = CARTESIAN_POINT('',(205.44873621299,83.610135511086,4.));
#642 = LINE('',#643,#644);
#643 = CARTESIAN_POINT('',(249.01472643405,22.014432420454,4.));
#644 = VECTOR('',#645,1.);
#645 = DIRECTION('',(-0.577449682115,0.816426276295,0.));
#646 = ORIENTED_EDGE('',*,*,#647,.T.);
#647 = EDGE_CURVE('',#640,#648,#650,.T.);
#648 = VERTEX_POINT('',#649);
#649 = CARTESIAN_POINT('',(203.23636830534,86.641673899265,4.));
#650 = LINE('',#651,#652);
#651 = CARTESIAN_POINT('',(247.99543644058,25.309725988682,4.));
#652 = VECTOR('',#653,1.);
#653 = DIRECTION('',(-0.589497622315,0.807770111656,0.));
#654 = ORIENTED_EDGE('',*,*,#655,.T.);
#655 = EDGE_CURVE('',#648,#656,#658,.T.);
#656 = VERTEX_POINT('',#657);
#657 = CARTESIAN_POINT('',(200.97927172126,89.640058759137,4.));
#658 = LINE('',#659,#660);
#659 = CARTESIAN_POINT('',(246.92319221057,28.606979107372,4.));
#660 = VECTOR('',#661,1.);
#661 = DIRECTION('',(-0.60141582467,0.798936171315,0.));
#662 = ORIENTED_EDGE('',*,*,#663,.T.);
#663 = EDGE_CURVE('',#656,#664,#666,.T.);
#664 = VERTEX_POINT('',#665);
#665 = CARTESIAN_POINT('',(198.67794320718,92.604630200017,4.));
#666 = LINE('',#667,#668);
#667 = CARTESIAN_POINT('',(245.79745487134,31.905274270132,4.));
#668 = VECTOR('',#669,1.);
#669 = DIRECTION('',(-0.613201666199,0.789926399465,0.));
#670 = ORIENTED_EDGE('',*,*,#671,.T.);
#671 = EDGE_CURVE('',#664,#672,#674,.T.);
#672 = VERTEX_POINT('',#673);
#673 = CARTESIAN_POINT('',(196.3328892442,95.534735772948,4.));
#674 = LINE('',#675,#676);
#675 = CARTESIAN_POINT('',(244.61770335534,35.203670838652,4.));
#676 = VECTOR('',#677,1.);
#677 = DIRECTION('',(-0.624852553048,0.780742778993,0.));
#678 = ORIENTED_EDGE('',*,*,#679,.T.);
#679 = EDGE_CURVE('',#672,#680,#682,.T.);
#680 = VERTEX_POINT('',#681);
#681 = CARTESIAN_POINT('',(193.9446259366,98.429730614289,4.));
#682 = LINE('',#683,#684);
#683 = CARTESIAN_POINT('',(243.38343519154,38.501205438753,4.));
#684 = VECTOR('',#685,1.);
#685 = DIRECTION('',(-0.636365921066,0.771387331051,0.));
#686 = ORIENTED_EDGE('',*,*,#687,.T.);
#687 = EDGE_CURVE('',#680,#688,#690,.T.);
#688 = VERTEX_POINT('',#689);
#689 = CARTESIAN_POINT('',(193.81848657884,98.578094018019,4.));
#690 = LINE('',#691,#692);
#691 = CARTESIAN_POINT('',(242.09416728694,41.796892381441,4.));
#692 = VECTOR('',#693,1.);
#693 = DIRECTION('',(-0.647739236369,0.761862114603,0.));
#694 = ORIENTED_EDGE('',*,*,#695,.F.);
#695 = EDGE_CURVE('',#696,#688,#698,.T.);
#696 = VERTEX_POINT('',#697);
#697 = CARTESIAN_POINT('',(165.,92.063276573336,4.));
#698 = LINE('',#699,#700);
#699 = CARTESIAN_POINT('',(140.77174905092,86.586145374741,4.));
#700 = VECTOR('',#701,1.);
#701 = DIRECTION('',(0.975387035788,0.220499728835,0.));
#702 = ORIENTED_EDGE('',*,*,#703,.F.);
#703 = EDGE_CURVE('',#704,#696,#706,.T.);
#704 = VERTEX_POINT('',#705);
#705 = CARTESIAN_POINT('',(165.,65.,4.));
#706 = LINE('',#707,#708);
#707 = CARTESIAN_POINT('',(165.,65.,4.));
#708 = VECTOR('',#709,1.);
#709 = DIRECTION('',(0.,1.,0.));
#710 = ORIENTED_EDGE('',*,*,#711,.F.);
#711 = EDGE_CURVE('',#712,#704,#714,.T.);
#712 = VERTEX_POINT('',#713);
#713 = CARTESIAN_POINT('',(140.,65.,4.));
#714 = LINE('',#715,#716);
#715 = CARTESIAN_POINT('',(140.,65.,4.));
#716 = VECTOR('',#717,1.);
#717 = DIRECTION('',(1.,0.,0.));
#718 = ORIENTED_EDGE('',*,*,#719,.F.);
#719 = EDGE_CURVE('',#720,#712,#722,.T.);
#720 = VERTEX_POINT('',#721);
#721 = CARTESIAN_POINT('',(140.,-65.,4.));
#722 = LINE('',#723,#724);
#723 = CARTESIAN_POINT('',(140.,-147.5,4.));
#724 = VECTOR('',#725,1.);
#725 = DIRECTION('',(0.,1.,0.));
#726 = ORIENTED_EDGE('',*,*,#727,.T.);
#727 = EDGE_CURVE('',#720,#728,#730,.T.);
#728 = VERTEX_POINT('',#729);
#729 = CARTESIAN_POINT('',(165.,-65.,4.));
#730 = LINE('',#731,#732);
#731 = CARTESIAN_POINT('',(140.,-65.,4.));
#732 = VECTOR('',#733,1.);
#733 = DIRECTION('',(1.,0.,0.));
#734 = ORIENTED_EDGE('',*,*,#735,.F.);
#735 = EDGE_CURVE('',#736,#728,#738,.T.);
#736 = VERTEX_POINT('',#737);
#737 = CARTESIAN_POINT('',(165.,-92.06327657333,4.));
#738 = LINE('',#739,#740);
#739 = CARTESIAN_POINT('',(165.,-115.,4.));
#740 = VECTOR('',#741,1.);
#741 = DIRECTION('',(0.,1.,0.));
#742 = ORIENTED_EDGE('',*,*,#743,.T.);
#743 = EDGE_CURVE('',#736,#744,#746,.T.);
#744 = VERTEX_POINT('',#745);
#745 = CARTESIAN_POINT('',(328.77174905092,-129.0861453747,4.));
#746 = LINE('',#747,#748);
#747 = CARTESIAN_POINT('',(140.77174905092,-86.58614537474,4.));
#748 = VECTOR('',#749,1.);
#749 = DIRECTION('',(0.975387035788,-0.220499728835,0.));
#750 = ORIENTED_EDGE('',*,*,#751,.F.);
#751 = EDGE_CURVE('',#752,#744,#754,.T.);
#752 = VERTEX_POINT('',#753);
#753 = CARTESIAN_POINT('',(327.22825094907,-135.9138546252,4.));
#754 = LINE('',#755,#756);
#755 = CARTESIAN_POINT('',(327.22825094907,-135.9138546252,4.));
#756 = VECTOR('',#757,1.);
#757 = DIRECTION('',(0.220499728835,0.975387035788,0.));
#758 = ORIENTED_EDGE('',*,*,#759,.F.);
#759 = EDGE_CURVE('',#760,#752,#762,.T.);
#760 = VERTEX_POINT('',#761);
#761 = CARTESIAN_POINT('',(165.,-99.23991491602,4.));
#762 = LINE('',#763,#764);
#763 = CARTESIAN_POINT('',(139.22825094907,-93.41385462525,4.));
#764 = VECTOR('',#765,1.);
#765 = DIRECTION('',(0.975387035788,-0.220499728835,0.));
#766 = ORIENTED_EDGE('',*,*,#767,.F.);
#767 = EDGE_CURVE('',#768,#760,#770,.T.);
#768 = VERTEX_POINT('',#769);
#769 = CARTESIAN_POINT('',(165.,-115.,4.));
#770 = LINE('',#771,#772);
#771 = CARTESIAN_POINT('',(165.,-115.,4.));
#772 = VECTOR('',#773,1.);
#773 = DIRECTION('',(0.,1.,0.));
#774 = ORIENTED_EDGE('',*,*,#775,.F.);
#775 = EDGE_CURVE('',#24,#768,#776,.T.);
#776 = LINE('',#777,#778);
#777 = CARTESIAN_POINT('',(140.,-115.,4.));
#778 = VECTOR('',#779,1.);
#779 = DIRECTION('',(1.,0.,0.));
#780 = PLANE('',#781);
#781 = AXIS2_PLACEMENT_3D('',#782,#783,#784);
#782 = CARTESIAN_POINT('',(140.,-147.5,4.));
#783 = DIRECTION('',(0.,0.,1.));
#784 = DIRECTION('',(1.,0.,0.));
#785 = ADVANCED_FACE('',(#786,#962),#1004,.T.);
#786 = FACE_BOUND('',#787,.T.);
#787 = EDGE_LOOP('',(#788,#798,#806,#814,#820,#821,#829,#837,#843,#844,
    #852,#860,#868,#876,#884,#892,#900,#908,#916,#924,#932,#940,#948,
    #956));
#788 = ORIENTED_EDGE('',*,*,#789,.F.);
#789 = EDGE_CURVE('',#790,#792,#794,.T.);
#790 = VERTEX_POINT('',#791);
#791 = CARTESIAN_POINT('',(140.,-147.5,0.));
#792 = VERTEX_POINT('',#793);
#793 = CARTESIAN_POINT('',(140.,147.5,0.));
#794 = LINE('',#795,#796);
#795 = CARTESIAN_POINT('',(140.,-147.5,0.));
#796 = VECTOR('',#797,1.);
#797 = DIRECTION('',(0.,1.,0.));
#798 = ORIENTED_EDGE('',*,*,#799,.T.);
#799 = EDGE_CURVE('',#790,#800,#802,.T.);
#800 = VERTEX_POINT('',#801);
#801 = CARTESIAN_POINT('',(140.,-147.5,14.));
#802 = LINE('',#803,#804);
#803 = CARTESIAN_POINT('',(140.,-147.5,0.));
#804 = VECTOR('',#805,1.);
#805 = DIRECTION('',(0.,0.,1.));
#806 = ORIENTED_EDGE('',*,*,#807,.T.);
#807 = EDGE_CURVE('',#800,#808,#810,.T.);
#808 = VERTEX_POINT('',#809);
#809 = CARTESIAN_POINT('',(140.,-139.5,14.));
#810 = LINE('',#811,#812);
#811 = CARTESIAN_POINT('',(140.,-147.5,14.));
#812 = VECTOR('',#813,1.);
#813 = DIRECTION('',(0.,1.,0.));
#814 = ORIENTED_EDGE('',*,*,#815,.F.);
#815 = EDGE_CURVE('',#22,#808,#816,.T.);
#816 = LINE('',#817,#818);
#817 = CARTESIAN_POINT('',(140.,-139.5,4.));
#818 = VECTOR('',#819,1.);
#819 = DIRECTION('',(0.,0.,1.));
#820 = ORIENTED_EDGE('',*,*,#21,.T.);
#821 = ORIENTED_EDGE('',*,*,#822,.T.);
#822 = EDGE_CURVE('',#24,#823,#825,.T.);
#823 = VERTEX_POINT('',#824);
#824 = CARTESIAN_POINT('',(140.,-115.,24.));
#825 = LINE('',#826,#827);
#826 = CARTESIAN_POINT('',(140.,-115.,4.));
#827 = VECTOR('',#828,1.);
#828 = DIRECTION('',(0.,0.,1.));
#829 = ORIENTED_EDGE('',*,*,#830,.T.);
#830 = EDGE_CURVE('',#823,#831,#833,.T.);
#831 = VERTEX_POINT('',#832);
#832 = CARTESIAN_POINT('',(140.,-65.,24.));
#833 = LINE('',#834,#835);
#834 = CARTESIAN_POINT('',(140.,-115.,24.));
#835 = VECTOR('',#836,1.);
#836 = DIRECTION('',(0.,1.,0.));
#837 = ORIENTED_EDGE('',*,*,#838,.F.);
#838 = EDGE_CURVE('',#720,#831,#839,.T.);
#839 = LINE('',#840,#841);
#840 = CARTESIAN_POINT('',(140.,-65.,4.));
#841 = VECTOR('',#842,1.);
#842 = DIRECTION('',(0.,0.,1.));
#843 = ORIENTED_EDGE('',*,*,#719,.T.);
#844 = ORIENTED_EDGE('',*,*,#845,.T.);
#845 = EDGE_CURVE('',#712,#846,#848,.T.);
#846 = VERTEX_POINT('',#847);
#847 = CARTESIAN_POINT('',(140.,65.,17.6));
#848 = LINE('',#849,#850);
#849 = CARTESIAN_POINT('',(140.,65.,4.));
#850 = VECTOR('',#851,1.);
#851 = DIRECTION('',(0.,0.,1.));
#852 = ORIENTED_EDGE('',*,*,#853,.T.);
#853 = EDGE_CURVE('',#846,#854,#856,.T.);
#854 = VERTEX_POINT('',#855);
#855 = CARTESIAN_POINT('',(140.,87.6,17.6));
#856 = LINE('',#857,#858);
#857 = CARTESIAN_POINT('',(140.,14.584778301514,17.6));
#858 = VECTOR('',#859,1.);
#859 = DIRECTION('',(0.,1.,0.));
#860 = ORIENTED_EDGE('',*,*,#861,.T.);
#861 = EDGE_CURVE('',#854,#862,#864,.T.);
#862 = VERTEX_POINT('',#863);
#863 = CARTESIAN_POINT('',(140.,78.,8.));
#864 = LINE('',#865,#866);
#865 = CARTESIAN_POINT('',(140.,79.75,9.75));
#866 = VECTOR('',#867,1.);
#867 = DIRECTION('',(0.,-0.707106781187,-0.707106781187));
#868 = ORIENTED_EDGE('',*,*,#869,.T.);
#869 = EDGE_CURVE('',#862,#870,#872,.T.);
#870 = VERTEX_POINT('',#871);
#871 = CARTESIAN_POINT('',(140.,78.,4.));
#872 = LINE('',#873,#874);
#873 = CARTESIAN_POINT('',(140.,78.,6.));
#874 = VECTOR('',#875,1.);
#875 = DIRECTION('',(0.,0.,-1.));
#876 = ORIENTED_EDGE('',*,*,#877,.T.);
#877 = EDGE_CURVE('',#870,#878,#880,.T.);
#878 = VERTEX_POINT('',#879);
#879 = CARTESIAN_POINT('',(140.,102.,4.));
#880 = LINE('',#881,#882);
#881 = CARTESIAN_POINT('',(140.,-147.5,4.));
#882 = VECTOR('',#883,1.);
#883 = DIRECTION('',(0.,1.,0.));
#884 = ORIENTED_EDGE('',*,*,#885,.T.);
#885 = EDGE_CURVE('',#878,#886,#888,.T.);
#886 = VERTEX_POINT('',#887);
#887 = CARTESIAN_POINT('',(140.,102.,8.));
#888 = LINE('',#889,#890);
#889 = CARTESIAN_POINT('',(140.,102.,4.));
#890 = VECTOR('',#891,1.);
#891 = DIRECTION('',(0.,0.,1.));
#892 = ORIENTED_EDGE('',*,*,#893,.T.);
#893 = EDGE_CURVE('',#886,#894,#896,.T.);
#894 = VERTEX_POINT('',#895);
#895 = CARTESIAN_POINT('',(140.,92.4,17.6));
#896 = LINE('',#897,#898);
#897 = CARTESIAN_POINT('',(140.,93.75,16.25));
#898 = VECTOR('',#899,1.);
#899 = DIRECTION('',(0.,-0.707106781187,0.707106781187));
#900 = ORIENTED_EDGE('',*,*,#901,.T.);
#901 = EDGE_CURVE('',#894,#902,#904,.T.);
#902 = VERTEX_POINT('',#903);
#903 = CARTESIAN_POINT('',(140.,99.031694510383,17.6));
#904 = LINE('',#905,#906);
#905 = CARTESIAN_POINT('',(140.,14.584778301514,17.6));
#906 = VECTOR('',#907,1.);
#907 = DIRECTION('',(0.,1.,0.));
#908 = ORIENTED_EDGE('',*,*,#909,.T.);
#909 = EDGE_CURVE('',#902,#910,#912,.T.);
#910 = VERTEX_POINT('',#911);
#911 = CARTESIAN_POINT('',(140.,99.031694510383,24.));
#912 = LINE('',#913,#914);
#913 = CARTESIAN_POINT('',(140.,99.031694510383,12.167688022284));
#914 = VECTOR('',#915,1.);
#915 = DIRECTION('',(0.,0.,1.));
#916 = ORIENTED_EDGE('',*,*,#917,.T.);
#917 = EDGE_CURVE('',#910,#918,#920,.T.);
#918 = VERTEX_POINT('',#919);
#919 = CARTESIAN_POINT('',(140.,115.,24.));
#920 = LINE('',#921,#922);
#921 = CARTESIAN_POINT('',(140.,65.,24.));
#922 = VECTOR('',#923,1.);
#923 = DIRECTION('',(0.,1.,0.));
#924 = ORIENTED_EDGE('',*,*,#925,.F.);
#925 = EDGE_CURVE('',#926,#918,#928,.T.);
#926 = VERTEX_POINT('',#927);
#927 = CARTESIAN_POINT('',(140.,115.,4.));
#928 = LINE('',#929,#930);
#929 = CARTESIAN_POINT('',(140.,115.,4.));
#930 = VECTOR('',#931,1.);
#931 = DIRECTION('',(0.,0.,1.));
#932 = ORIENTED_EDGE('',*,*,#933,.T.);
#933 = EDGE_CURVE('',#926,#934,#936,.T.);
#934 = VERTEX_POINT('',#935);
#935 = CARTESIAN_POINT('',(140.,139.5,4.));
#936 = LINE('',#937,#938);
#937 = CARTESIAN_POINT('',(140.,-147.5,4.));
#938 = VECTOR('',#939,1.);
#939 = DIRECTION('',(0.,1.,0.));
#940 = ORIENTED_EDGE('',*,*,#941,.T.);
#941 = EDGE_CURVE('',#934,#942,#944,.T.);
#942 = VERTEX_POINT('',#943);
#943 = CARTESIAN_POINT('',(140.,139.5,14.));
#944 = LINE('',#945,#946);
#945 = CARTESIAN_POINT('',(140.,139.5,4.));
#946 = VECTOR('',#947,1.);
#947 = DIRECTION('',(0.,0.,1.));
#948 = ORIENTED_EDGE('',*,*,#949,.T.);
#949 = EDGE_CURVE('',#942,#950,#952,.T.);
#950 = VERTEX_POINT('',#951);
#951 = CARTESIAN_POINT('',(140.,147.5,14.));
#952 = LINE('',#953,#954);
#953 = CARTESIAN_POINT('',(140.,139.5,14.));
#954 = VECTOR('',#955,1.);
#955 = DIRECTION('',(0.,1.,0.));
#956 = ORIENTED_EDGE('',*,*,#957,.F.);
#957 = EDGE_CURVE('',#792,#950,#958,.T.);
#958 = LINE('',#959,#960);
#959 = CARTESIAN_POINT('',(140.,147.5,4.));
#960 = VECTOR('',#961,1.);
#961 = DIRECTION('',(0.,0.,1.));
#962 = FACE_BOUND('',#963,.T.);
#963 = EDGE_LOOP('',(#964,#974,#982,#990,#998));
#964 = ORIENTED_EDGE('',*,*,#965,.T.);
#965 = EDGE_CURVE('',#966,#968,#970,.T.);
#966 = VERTEX_POINT('',#967);
#967 = CARTESIAN_POINT('',(140.,-102.,4.));
#968 = VERTEX_POINT('',#969);
#969 = CARTESIAN_POINT('',(140.,-78.,4.));
#970 = LINE('',#971,#972);
#971 = CARTESIAN_POINT('',(140.,-147.5,4.));
#972 = VECTOR('',#973,1.);
#973 = DIRECTION('',(0.,1.,0.));
#974 = ORIENTED_EDGE('',*,*,#975,.T.);
#975 = EDGE_CURVE('',#968,#976,#978,.T.);
#976 = VERTEX_POINT('',#977);
#977 = CARTESIAN_POINT('',(140.,-78.,8.));
#978 = LINE('',#979,#980);
#979 = CARTESIAN_POINT('',(140.,-78.,4.));
#980 = VECTOR('',#981,1.);
#981 = DIRECTION('',(0.,0.,1.));
#982 = ORIENTED_EDGE('',*,*,#983,.T.);
#983 = EDGE_CURVE('',#976,#984,#986,.T.);
#984 = VERTEX_POINT('',#985);
#985 = CARTESIAN_POINT('',(140.,-90.,20.));
#986 = LINE('',#987,#988);
#987 = CARTESIAN_POINT('',(140.,-86.25,16.25));
#988 = VECTOR('',#989,1.);
#989 = DIRECTION('',(0.,-0.707106781187,0.707106781187));
#990 = ORIENTED_EDGE('',*,*,#991,.T.);
#991 = EDGE_CURVE('',#984,#992,#994,.T.);
#992 = VERTEX_POINT('',#993);
#993 = CARTESIAN_POINT('',(140.,-102.,8.));
#994 = LINE('',#995,#996);
#995 = CARTESIAN_POINT('',(140.,-100.25,9.75));
#996 = VECTOR('',#997,1.);
#997 = DIRECTION('',(0.,-0.707106781187,-0.707106781187));
#998 = ORIENTED_EDGE('',*,*,#999,.T.);
#999 = EDGE_CURVE('',#992,#966,#1000,.T.);
#1000 = LINE('',#1001,#1002);
#1001 = CARTESIAN_POINT('',(140.,-102.,6.));
#1002 = VECTOR('',#1003,1.);
#1003 = DIRECTION('',(0.,0.,-1.));
#1004 = PLANE('',#1005);
#1005 = AXIS2_PLACEMENT_3D('',#1006,#1007,#1008);
#1006 = CARTESIAN_POINT('',(140.,0.,6.735376044568));
#1007 = DIRECTION('',(-1.,-0.,-0.));
#1008 = DIRECTION('',(0.,0.,-1.));
#1009 = ADVANCED_FACE('',(#1010),#1028,.T.);
#1010 = FACE_BOUND('',#1011,.T.);
#1011 = EDGE_LOOP('',(#1012,#1013,#1014,#1022));
#1012 = ORIENTED_EDGE('',*,*,#31,.F.);
#1013 = ORIENTED_EDGE('',*,*,#815,.T.);
#1014 = ORIENTED_EDGE('',*,*,#1015,.T.);
#1015 = EDGE_CURVE('',#808,#1016,#1018,.T.);
#1016 = VERTEX_POINT('',#1017);
#1017 = CARTESIAN_POINT('',(332.,-139.5,14.));
#1018 = LINE('',#1019,#1020);
#1019 = CARTESIAN_POINT('',(140.,-139.5,14.));
#1020 = VECTOR('',#1021,1.);
#1021 = DIRECTION('',(1.,0.,0.));
#1022 = ORIENTED_EDGE('',*,*,#1023,.T.);
#1023 = EDGE_CURVE('',#1016,#32,#1024,.T.);
#1024 = LINE('',#1025,#1026);
#1025 = CARTESIAN_POINT('',(332.,-139.5,4.));
#1026 = VECTOR('',#1027,1.);
#1027 = DIRECTION('',(0.,0.,-1.));
#1028 = PLANE('',#1029);
#1029 = AXIS2_PLACEMENT_3D('',#1030,#1031,#1032);
#1030 = CARTESIAN_POINT('',(140.,-139.5,4.));
#1031 = DIRECTION('',(0.,1.,0.));
#1032 = DIRECTION('',(0.,0.,1.));
#1033 = ADVANCED_FACE('',(#1034),#1052,.F.);
#1034 = FACE_BOUND('',#1035,.F.);
#1035 = EDGE_LOOP('',(#1036,#1037,#1038,#1046));
#1036 = ORIENTED_EDGE('',*,*,#1023,.T.);
#1037 = ORIENTED_EDGE('',*,*,#39,.T.);
#1038 = ORIENTED_EDGE('',*,*,#1039,.F.);
#1039 = EDGE_CURVE('',#1040,#40,#1042,.T.);
#1040 = VERTEX_POINT('',#1041);
#1041 = CARTESIAN_POINT('',(332.,139.5,14.));
#1042 = LINE('',#1043,#1044);
#1043 = CARTESIAN_POINT('',(332.,139.5,4.));
#1044 = VECTOR('',#1045,1.);
#1045 = DIRECTION('',(0.,0.,-1.));
#1046 = ORIENTED_EDGE('',*,*,#1047,.F.);
#1047 = EDGE_CURVE('',#1016,#1040,#1048,.T.);
#1048 = LINE('',#1049,#1050);
#1049 = CARTESIAN_POINT('',(332.,-147.5,14.));
#1050 = VECTOR('',#1051,1.);
#1051 = DIRECTION('',(0.,1.,0.));
#1052 = PLANE('',#1053);
#1053 = AXIS2_PLACEMENT_3D('',#1054,#1055,#1056);
#1054 = CARTESIAN_POINT('',(332.,-147.5,4.));
#1055 = DIRECTION('',(1.,0.,0.));
#1056 = DIRECTION('',(0.,0.,1.));
#1057 = ADVANCED_FACE('',(#1058),#1076,.F.);
#1058 = FACE_BOUND('',#1059,.F.);
#1059 = EDGE_LOOP('',(#1060,#1061,#1069,#1075));
#1060 = ORIENTED_EDGE('',*,*,#47,.F.);
#1061 = ORIENTED_EDGE('',*,*,#1062,.T.);
#1062 = EDGE_CURVE('',#48,#1063,#1065,.T.);
#1063 = VERTEX_POINT('',#1064);
#1064 = CARTESIAN_POINT('',(227.14663679053,139.5,14.));
#1065 = LINE('',#1066,#1067);
#1066 = CARTESIAN_POINT('',(227.14663679053,139.5,3.9));
#1067 = VECTOR('',#1068,1.);
#1068 = DIRECTION('',(0.,0.,1.));
#1069 = ORIENTED_EDGE('',*,*,#1070,.T.);
#1070 = EDGE_CURVE('',#1063,#1040,#1071,.T.);
#1071 = LINE('',#1072,#1073);
#1072 = CARTESIAN_POINT('',(140.,139.5,14.));
#1073 = VECTOR('',#1074,1.);
#1074 = DIRECTION('',(1.,0.,0.));
#1075 = ORIENTED_EDGE('',*,*,#1039,.T.);
#1076 = PLANE('',#1077);
#1077 = AXIS2_PLACEMENT_3D('',#1078,#1079,#1080);
#1078 = CARTESIAN_POINT('',(140.,139.5,4.));
#1079 = DIRECTION('',(0.,1.,0.));
#1080 = DIRECTION('',(0.,0.,1.));
#1081 = ADVANCED_FACE('',(#1082),#1116,.F.);
#1082 = FACE_BOUND('',#1083,.F.);
#1083 = EDGE_LOOP('',(#1084,#1085,#1086,#1094,#1102,#1110));
#1084 = ORIENTED_EDGE('',*,*,#1062,.F.);
#1085 = ORIENTED_EDGE('',*,*,#55,.T.);
#1086 = ORIENTED_EDGE('',*,*,#1087,.T.);
#1087 = EDGE_CURVE('',#56,#1088,#1090,.T.);
#1088 = VERTEX_POINT('',#1089);
#1089 = CARTESIAN_POINT('',(227.89813276712,138.66746689101,16.8));
#1090 = LINE('',#1091,#1092);
#1091 = CARTESIAN_POINT('',(227.89813276712,138.66746689101,3.8));
#1092 = VECTOR('',#1093,1.);
#1093 = DIRECTION('',(0.,0.,1.));
#1094 = ORIENTED_EDGE('',*,*,#1095,.T.);
#1095 = EDGE_CURVE('',#1088,#1096,#1098,.T.);
#1096 = VERTEX_POINT('',#1097);
#1097 = CARTESIAN_POINT('',(224.86653251185,142.025978,16.8));
#1098 = LINE('',#1099,#1100);
#1099 = CARTESIAN_POINT('',(252.07181507132,111.88702958806,16.8));
#1100 = VECTOR('',#1101,1.);
#1101 = DIRECTION('',(-0.67005572795,0.742310798414,0.));
#1102 = ORIENTED_EDGE('',*,*,#1103,.F.);
#1103 = EDGE_CURVE('',#1104,#1096,#1106,.T.);
#1104 = VERTEX_POINT('',#1105);
#1105 = CARTESIAN_POINT('',(224.86653251185,142.025978,14.));
#1106 = LINE('',#1107,#1108);
#1107 = CARTESIAN_POINT('',(224.86653251185,142.025978,3.8));
#1108 = VECTOR('',#1109,1.);
#1109 = DIRECTION('',(0.,0.,1.));
#1110 = ORIENTED_EDGE('',*,*,#1111,.T.);
#1111 = EDGE_CURVE('',#1104,#1063,#1112,.T.);
#1112 = LINE('',#1113,#1114);
#1113 = CARTESIAN_POINT('',(273.60183692451,88.035330326292,14.));
#1114 = VECTOR('',#1115,1.);
#1115 = DIRECTION('',(0.67005572795,-0.742310798414,0.));
#1116 = PLANE('',#1117);
#1117 = AXIS2_PLACEMENT_3D('',#1118,#1119,#1120);
#1118 = CARTESIAN_POINT('',(227.89813276712,138.66746689101,3.8));
#1119 = DIRECTION('',(-0.742310798414,-0.67005572795,0.));
#1120 = DIRECTION('',(-0.67005572795,0.742310798414,0.));
#1121 = ADVANCED_FACE('',(#1122),#1140,.F.);
#1122 = FACE_BOUND('',#1123,.F.);
#1123 = EDGE_LOOP('',(#1124,#1125,#1126,#1134));
#1124 = ORIENTED_EDGE('',*,*,#1087,.F.);
#1125 = ORIENTED_EDGE('',*,*,#63,.T.);
#1126 = ORIENTED_EDGE('',*,*,#1127,.T.);
#1127 = EDGE_CURVE('',#64,#1128,#1130,.T.);
#1128 = VERTEX_POINT('',#1129);
#1129 = CARTESIAN_POINT('',(230.87957673429,135.26435231057,16.8));
#1130 = LINE('',#1131,#1132);
#1131 = CARTESIAN_POINT('',(230.87957673429,135.26435231057,3.8));
#1132 = VECTOR('',#1133,1.);
#1133 = DIRECTION('',(0.,0.,1.));
#1134 = ORIENTED_EDGE('',*,*,#1135,.T.);
#1135 = EDGE_CURVE('',#1128,#1088,#1136,.T.);
#1136 = LINE('',#1137,#1138);
#1137 = CARTESIAN_POINT('',(253.35875572509,109.60590538949,16.8));
#1138 = VECTOR('',#1139,1.);
#1139 = DIRECTION('',(-0.658969995893,0.752169225981,0.));
#1140 = PLANE('',#1141);
#1141 = AXIS2_PLACEMENT_3D('',#1142,#1143,#1144);
#1142 = CARTESIAN_POINT('',(230.87957673429,135.26435231057,3.8));
#1143 = DIRECTION('',(-0.752169225981,-0.658969995893,0.));
#1144 = DIRECTION('',(-0.658969995893,0.752169225981,0.));
#1145 = ADVANCED_FACE('',(#1146),#1164,.F.);
#1146 = FACE_BOUND('',#1147,.F.);
#1147 = EDGE_LOOP('',(#1148,#1149,#1150,#1158));
#1148 = ORIENTED_EDGE('',*,*,#1127,.F.);
#1149 = ORIENTED_EDGE('',*,*,#71,.T.);
#1150 = ORIENTED_EDGE('',*,*,#1151,.T.);
#1151 = EDGE_CURVE('',#72,#1152,#1154,.T.);
#1152 = VERTEX_POINT('',#1153);
#1153 = CARTESIAN_POINT('',(233.81020825107,131.81738322312,16.8));
#1154 = LINE('',#1155,#1156);
#1155 = CARTESIAN_POINT('',(233.81020825107,131.81738322312,3.8));
#1156 = VECTOR('',#1157,1.);
#1157 = DIRECTION('',(0.,0.,1.));
#1158 = ORIENTED_EDGE('',*,*,#1159,.T.);
#1159 = EDGE_CURVE('',#1152,#1128,#1160,.T.);
#1160 = LINE('',#1161,#1162);
#1161 = CARTESIAN_POINT('',(254.62875374264,107.3308920541,16.8));
#1162 = VECTOR('',#1163,1.);
#1163 = DIRECTION('',(-0.647739236369,0.761862114603,0.));
#1164 = PLANE('',#1165);
#1165 = AXIS2_PLACEMENT_3D('',#1166,#1167,#1168);
#1166 = CARTESIAN_POINT('',(233.81020825107,131.81738322312,3.8));
#1167 = DIRECTION('',(-0.761862114603,-0.647739236369,0.));
#1168 = DIRECTION('',(-0.647739236369,0.761862114603,0.));
#1169 = ADVANCED_FACE('',(#1170),#1188,.F.);
#1170 = FACE_BOUND('',#1171,.F.);
#1171 = EDGE_LOOP('',(#1172,#1173,#1174,#1182));
#1172 = ORIENTED_EDGE('',*,*,#1151,.F.);
#1173 = ORIENTED_EDGE('',*,*,#79,.T.);
#1174 = ORIENTED_EDGE('',*,*,#1175,.T.);
#1175 = EDGE_CURVE('',#80,#1176,#1178,.T.);
#1176 = VERTEX_POINT('',#1177);
#1177 = CARTESIAN_POINT('',(236.68938233806,128.32731824467,16.8));
#1178 = LINE('',#1179,#1180);
#1179 = CARTESIAN_POINT('',(236.68938233806,128.32731824467,3.8));
#1180 = VECTOR('',#1181,1.);
#1181 = DIRECTION('',(0.,0.,1.));
#1182 = ORIENTED_EDGE('',*,*,#1183,.T.);
#1183 = EDGE_CURVE('',#1176,#1152,#1184,.T.);
#1184 = LINE('',#1185,#1186);
#1185 = CARTESIAN_POINT('',(255.88263435318,105.0617237871,16.8));
#1186 = VECTOR('',#1187,1.);
#1187 = DIRECTION('',(-0.636365921066,0.771387331051,0.));
#1188 = PLANE('',#1189);
#1189 = AXIS2_PLACEMENT_3D('',#1190,#1191,#1192);
#1190 = CARTESIAN_POINT('',(236.68938233806,128.32731824467,3.8));
#1191 = DIRECTION('',(-0.771387331051,-0.636365921066,0.));
#1192 = DIRECTION('',(-0.636365921066,0.771387331051,0.));
#1193 = ADVANCED_FACE('',(#1194),#1212,.F.);
#1194 = FACE_BOUND('',#1195,.F.);
#1195 = EDGE_LOOP('',(#1196,#1197,#1198,#1206));
#1196 = ORIENTED_EDGE('',*,*,#1175,.F.);
#1197 = ORIENTED_EDGE('',*,*,#87,.T.);
#1198 = ORIENTED_EDGE('',*,*,#1199,.T.);
#1199 = EDGE_CURVE('',#88,#1200,#1202,.T.);
#1200 = VERTEX_POINT('',#1201);
#1201 = CARTESIAN_POINT('',(239.51646534073,124.79492547588,16.8));
#1202 = LINE('',#1203,#1204);
#1203 = CARTESIAN_POINT('',(239.51646534073,124.79492547588,3.8));
#1204 = VECTOR('',#1205,1.);
#1205 = DIRECTION('',(0.,0.,1.));
#1206 = ORIENTED_EDGE('',*,*,#1207,.T.);
#1207 = EDGE_CURVE('',#1200,#1176,#1208,.T.);
#1208 = LINE('',#1209,#1210);
#1209 = CARTESIAN_POINT('',(257.12120310819,102.79810107152,16.8));
#1210 = VECTOR('',#1211,1.);
#1211 = DIRECTION('',(-0.624852553048,0.780742778993,0.));
#1212 = PLANE('',#1213);
#1213 = AXIS2_PLACEMENT_3D('',#1214,#1215,#1216);
#1214 = CARTESIAN_POINT('',(239.51646534073,124.79492547588,3.8));
#1215 = DIRECTION('',(-0.780742778993,-0.624852553048,0.));
#1216 = DIRECTION('',(-0.624852553048,0.780742778993,0.));
#1217 = ADVANCED_FACE('',(#1218),#1236,.F.);
#1218 = FACE_BOUND('',#1219,.F.);
#1219 = EDGE_LOOP('',(#1220,#1221,#1222,#1230));
#1220 = ORIENTED_EDGE('',*,*,#1199,.F.);
#1221 = ORIENTED_EDGE('',*,*,#95,.T.);
#1222 = ORIENTED_EDGE('',*,*,#1223,.T.);
#1223 = EDGE_CURVE('',#96,#1224,#1226,.T.);
#1224 = VERTEX_POINT('',#1225);
#1225 = CARTESIAN_POINT('',(242.29083506886,121.22098233298,16.8));
#1226 = LINE('',#1227,#1228);
#1227 = CARTESIAN_POINT('',(242.29083506886,121.22098233298,3.8));
#1228 = VECTOR('',#1229,1.);
#1229 = DIRECTION('',(0.,0.,1.));
#1230 = ORIENTED_EDGE('',*,*,#1231,.T.);
#1231 = EDGE_CURVE('',#1224,#1200,#1232,.T.);
#1232 = LINE('',#1233,#1234);
#1233 = CARTESIAN_POINT('',(258.34524475195,100.53969143709,16.8));
#1234 = VECTOR('',#1235,1.);
#1235 = DIRECTION('',(-0.613201666199,0.789926399465,0.));
#1236 = PLANE('',#1237);
#1237 = AXIS2_PLACEMENT_3D('',#1238,#1239,#1240);
#1238 = CARTESIAN_POINT('',(242.29083506886,121.22098233298,3.8));
#1239 = DIRECTION('',(-0.789926399465,-0.613201666199,0.));
#1240 = DIRECTION('',(-0.613201666199,0.789926399465,0.));
#1241 = ADVANCED_FACE('',(#1242),#1260,.F.);
#1242 = FACE_BOUND('',#1243,.F.);
#1243 = EDGE_LOOP('',(#1244,#1245,#1246,#1254));
#1244 = ORIENTED_EDGE('',*,*,#1223,.F.);
#1245 = ORIENTED_EDGE('',*,*,#103,.T.);
#1246 = ORIENTED_EDGE('',*,*,#1247,.T.);
#1247 = EDGE_CURVE('',#104,#1248,#1250,.T.);
#1248 = VERTEX_POINT('',#1249);
#1249 = CARTESIAN_POINT('',(245.01188093347,117.60627537672,16.8));
#1250 = LINE('',#1251,#1252);
#1251 = CARTESIAN_POINT('',(245.01188093347,117.60627537672,3.8));
#1252 = VECTOR('',#1253,1.);
#1253 = DIRECTION('',(0.,0.,1.));
#1254 = ORIENTED_EDGE('',*,*,#1255,.T.);
#1255 = EDGE_CURVE('',#1248,#1224,#1256,.T.);
#1256 = LINE('',#1257,#1258);
#1257 = CARTESIAN_POINT('',(259.55552211825,98.286130264931,16.8));
#1258 = VECTOR('',#1259,1.);
#1259 = DIRECTION('',(-0.60141582467,0.798936171315,0.));
#1260 = PLANE('',#1261);
#1261 = AXIS2_PLACEMENT_3D('',#1262,#1263,#1264);
#1262 = CARTESIAN_POINT('',(245.01188093347,117.60627537672,3.8));
#1263 = DIRECTION('',(-0.798936171315,-0.60141582467,0.));
#1264 = DIRECTION('',(-0.60141582467,0.798936171315,0.));
#1265 = ADVANCED_FACE('',(#1266),#1300,.F.);
#1266 = FACE_BOUND('',#1267,.F.);
#1267 = EDGE_LOOP('',(#1268,#1276,#1284,#1292,#1298,#1299));
#1268 = ORIENTED_EDGE('',*,*,#1269,.T.);
#1269 = EDGE_CURVE('',#112,#1270,#1272,.T.);
#1270 = VERTEX_POINT('',#1271);
#1271 = CARTESIAN_POINT('',(245.18638607683,117.36715644934,14.));
#1272 = LINE('',#1273,#1274);
#1273 = CARTESIAN_POINT('',(245.18638607683,117.36715644934,3.9));
#1274 = VECTOR('',#1275,1.);
#1275 = DIRECTION('',(0.,0.,1.));
#1276 = ORIENTED_EDGE('',*,*,#1277,.T.);
#1277 = EDGE_CURVE('',#1270,#1278,#1280,.T.);
#1278 = VERTEX_POINT('',#1279);
#1279 = CARTESIAN_POINT('',(247.67900408121,113.95160013919,14.));
#1280 = LINE('',#1281,#1282);
#1281 = CARTESIAN_POINT('',(235.61889189023,130.4771938012,14.));
#1282 = VECTOR('',#1283,1.);
#1283 = DIRECTION('',(0.589497622315,-0.807770111656,0.));
#1284 = ORIENTED_EDGE('',*,*,#1285,.T.);
#1285 = EDGE_CURVE('',#1278,#1286,#1288,.T.);
#1286 = VERTEX_POINT('',#1287);
#1287 = CARTESIAN_POINT('',(247.67900408121,113.95160013919,16.8));
#1288 = LINE('',#1289,#1290);
#1289 = CARTESIAN_POINT('',(247.67900408121,113.95160013919,3.8));
#1290 = VECTOR('',#1291,1.);
#1291 = DIRECTION('',(0.,0.,1.));
#1292 = ORIENTED_EDGE('',*,*,#1293,.T.);
#1293 = EDGE_CURVE('',#1286,#1248,#1294,.T.);
#1294 = LINE('',#1295,#1296);
#1295 = CARTESIAN_POINT('',(260.75277505373,96.037021626104,16.8));
#1296 = VECTOR('',#1297,1.);
#1297 = DIRECTION('',(-0.589497622315,0.807770111656,0.));
#1298 = ORIENTED_EDGE('',*,*,#1247,.F.);
#1299 = ORIENTED_EDGE('',*,*,#111,.T.);
#1300 = PLANE('',#1301);
#1301 = AXIS2_PLACEMENT_3D('',#1302,#1303,#1304);
#1302 = CARTESIAN_POINT('',(247.67900408121,113.95160013919,3.8));
#1303 = DIRECTION('',(-0.807770111656,-0.589497622315,0.));
#1304 = DIRECTION('',(-0.589497622315,0.807770111656,0.));
#1305 = ADVANCED_FACE('',(#1306),#1324,.T.);
#1306 = FACE_BOUND('',#1307,.T.);
#1307 = EDGE_LOOP('',(#1308,#1309,#1310,#1318));
#1308 = ORIENTED_EDGE('',*,*,#119,.F.);
#1309 = ORIENTED_EDGE('',*,*,#1269,.T.);
#1310 = ORIENTED_EDGE('',*,*,#1311,.T.);
#1311 = EDGE_CURVE('',#1270,#1312,#1314,.T.);
#1312 = VERTEX_POINT('',#1313);
#1313 = CARTESIAN_POINT('',(327.22825094907,135.91385462525,14.));
#1314 = LINE('',#1315,#1316);
#1315 = CARTESIAN_POINT('',(139.22825094907,93.413854625259,14.));
#1316 = VECTOR('',#1317,1.);
#1317 = DIRECTION('',(0.975387035788,0.220499728835,0.));
#1318 = ORIENTED_EDGE('',*,*,#1319,.F.);
#1319 = EDGE_CURVE('',#120,#1312,#1320,.T.);
#1320 = LINE('',#1321,#1322);
#1321 = CARTESIAN_POINT('',(327.22825094907,135.91385462525,4.));
#1322 = VECTOR('',#1323,1.);
#1323 = DIRECTION('',(0.,0.,1.));
#1324 = PLANE('',#1325);
#1325 = AXIS2_PLACEMENT_3D('',#1326,#1327,#1328);
#1326 = CARTESIAN_POINT('',(139.22825094907,93.413854625259,4.));
#1327 = DIRECTION('',(-0.220499728835,0.975387035788,0.));
#1328 = DIRECTION('',(0.,0.,1.));
#1329 = ADVANCED_FACE('',(#1330),#1348,.T.);
#1330 = FACE_BOUND('',#1331,.T.);
#1331 = EDGE_LOOP('',(#1332,#1340,#1341,#1342));
#1332 = ORIENTED_EDGE('',*,*,#1333,.F.);
#1333 = EDGE_CURVE('',#128,#1334,#1336,.T.);
#1334 = VERTEX_POINT('',#1335);
#1335 = CARTESIAN_POINT('',(328.77174905092,129.08614537474,14.));
#1336 = LINE('',#1337,#1338);
#1337 = CARTESIAN_POINT('',(328.77174905092,129.08614537474,4.));
#1338 = VECTOR('',#1339,1.);
#1339 = DIRECTION('',(0.,0.,1.));
#1340 = ORIENTED_EDGE('',*,*,#127,.T.);
#1341 = ORIENTED_EDGE('',*,*,#1319,.T.);
#1342 = ORIENTED_EDGE('',*,*,#1343,.F.);
#1343 = EDGE_CURVE('',#1334,#1312,#1344,.T.);
#1344 = LINE('',#1345,#1346);
#1345 = CARTESIAN_POINT('',(328.77174905092,129.08614537474,14.));
#1346 = VECTOR('',#1347,1.);
#1347 = DIRECTION('',(-0.220499728835,0.975387035788,0.));
#1348 = PLANE('',#1349);
#1349 = AXIS2_PLACEMENT_3D('',#1350,#1351,#1352);
#1350 = CARTESIAN_POINT('',(328.77174905092,129.08614537474,4.));
#1351 = DIRECTION('',(0.975387035788,0.220499728835,0.));
#1352 = DIRECTION('',(0.,0.,1.));
#1353 = ADVANCED_FACE('',(#1354),#1372,.F.);
#1354 = FACE_BOUND('',#1355,.F.);
#1355 = EDGE_LOOP('',(#1356,#1357,#1365,#1371));
#1356 = ORIENTED_EDGE('',*,*,#135,.F.);
#1357 = ORIENTED_EDGE('',*,*,#1358,.T.);
#1358 = EDGE_CURVE('',#136,#1359,#1361,.T.);
#1359 = VERTEX_POINT('',#1360);
#1360 = CARTESIAN_POINT('',(249.62885927046,111.19480061053,14.));
#1361 = LINE('',#1362,#1363);
#1362 = CARTESIAN_POINT('',(249.62885927046,111.19480061053,3.9));
#1363 = VECTOR('',#1364,1.);
#1364 = DIRECTION('',(0.,0.,1.));
#1365 = ORIENTED_EDGE('',*,*,#1366,.T.);
#1366 = EDGE_CURVE('',#1359,#1334,#1367,.T.);
#1367 = LINE('',#1368,#1369);
#1368 = CARTESIAN_POINT('',(140.77174905092,86.586145374741,14.));
#1369 = VECTOR('',#1370,1.);
#1370 = DIRECTION('',(0.975387035788,0.220499728835,0.));
#1371 = ORIENTED_EDGE('',*,*,#1333,.F.);
#1372 = PLANE('',#1373);
#1373 = AXIS2_PLACEMENT_3D('',#1374,#1375,#1376);
#1374 = CARTESIAN_POINT('',(140.77174905092,86.586145374741,4.));
#1375 = DIRECTION('',(-0.220499728835,0.975387035788,0.));
#1376 = DIRECTION('',(0.,0.,1.));
#1377 = ADVANCED_FACE('',(#1378),#1403,.F.);
#1378 = FACE_BOUND('',#1379,.F.);
#1379 = EDGE_LOOP('',(#1380,#1381,#1382,#1390,#1396,#1397));
#1380 = ORIENTED_EDGE('',*,*,#1358,.F.);
#1381 = ORIENTED_EDGE('',*,*,#143,.T.);
#1382 = ORIENTED_EDGE('',*,*,#1383,.T.);
#1383 = EDGE_CURVE('',#144,#1384,#1386,.T.);
#1384 = VERTEX_POINT('',#1385);
#1385 = CARTESIAN_POINT('',(250.29161752616,110.25776094883,16.8));
#1386 = LINE('',#1387,#1388);
#1387 = CARTESIAN_POINT('',(250.29161752616,110.25776094883,3.8));
#1388 = VECTOR('',#1389,1.);
#1389 = DIRECTION('',(0.,0.,1.));
#1390 = ORIENTED_EDGE('',*,*,#1391,.T.);
#1391 = EDGE_CURVE('',#1384,#1286,#1392,.T.);
#1392 = LINE('',#1393,#1394);
#1393 = CARTESIAN_POINT('',(261.93771936938,93.791939153946,16.8));
#1394 = VECTOR('',#1395,1.);
#1395 = DIRECTION('',(-0.577449682115,0.816426276295,0.));
#1396 = ORIENTED_EDGE('',*,*,#1285,.F.);
#1397 = ORIENTED_EDGE('',*,*,#1398,.T.);
#1398 = EDGE_CURVE('',#1278,#1359,#1399,.T.);
#1399 = LINE('',#1400,#1401);
#1400 = CARTESIAN_POINT('',(237.61195307279,128.1848835276,14.));
#1401 = VECTOR('',#1402,1.);
#1402 = DIRECTION('',(0.577449682115,-0.816426276295,0.));
#1403 = PLANE('',#1404);
#1404 = AXIS2_PLACEMENT_3D('',#1405,#1406,#1407);
#1405 = CARTESIAN_POINT('',(250.29161752616,110.25776094883,3.8));
#1406 = DIRECTION('',(-0.816426276295,-0.577449682115,0.));
#1407 = DIRECTION('',(-0.577449682115,0.816426276295,0.));
#1408 = ADVANCED_FACE('',(#1409),#1427,.F.);
#1409 = FACE_BOUND('',#1410,.F.);
#1410 = EDGE_LOOP('',(#1411,#1412,#1413,#1421));
#1411 = ORIENTED_EDGE('',*,*,#1383,.F.);
#1412 = ORIENTED_EDGE('',*,*,#151,.T.);
#1413 = ORIENTED_EDGE('',*,*,#1414,.T.);
#1414 = EDGE_CURVE('',#152,#1415,#1417,.T.);
#1415 = VERTEX_POINT('',#1416);
#1416 = CARTESIAN_POINT('',(252.84914627899,106.52557075332,16.8));
#1417 = LINE('',#1418,#1419);
#1418 = CARTESIAN_POINT('',(252.84914627899,106.52557075332,3.8));
#1419 = VECTOR('',#1420,1.);
#1420 = DIRECTION('',(0.,0.,1.));
#1421 = ORIENTED_EDGE('',*,*,#1422,.T.);
#1422 = EDGE_CURVE('',#1415,#1384,#1423,.T.);
#1423 = LINE('',#1424,#1425);
#1424 = CARTESIAN_POINT('',(263.11104582091,91.550426948884,16.8));
#1425 = VECTOR('',#1426,1.);
#1426 = DIRECTION('',(-0.565274655605,0.824902760167,0.));
#1427 = PLANE('',#1428);
#1428 = AXIS2_PLACEMENT_3D('',#1429,#1430,#1431);
#1429 = CARTESIAN_POINT('',(252.84914627899,106.52557075332,3.8));
#1430 = DIRECTION('',(-0.824902760167,-0.565274655605,0.));
#1431 = DIRECTION('',(-0.565274655605,0.824902760167,0.));
#1432 = ADVANCED_FACE('',(#1433),#1451,.F.);
#1433 = FACE_BOUND('',#1434,.F.);
#1434 = EDGE_LOOP('',(#1435,#1436,#1437,#1445));
#1435 = ORIENTED_EDGE('',*,*,#1414,.F.);
#1436 = ORIENTED_EDGE('',*,*,#159,.T.);
#1437 = ORIENTED_EDGE('',*,*,#1438,.T.);
#1438 = EDGE_CURVE('',#160,#1439,#1441,.T.);
#1439 = VERTEX_POINT('',#1440);
#1440 = CARTESIAN_POINT('',(255.35102747353,102.75585094074,16.8));
#1441 = LINE('',#1442,#1443);
#1442 = CARTESIAN_POINT('',(255.35102747353,102.75585094074,3.8));
#1443 = VECTOR('',#1444,1.);
#1444 = DIRECTION('',(0.,0.,1.));
#1445 = ORIENTED_EDGE('',*,*,#1446,.T.);
#1446 = EDGE_CURVE('',#1439,#1415,#1447,.T.);
#1447 = LINE('',#1448,#1449);
#1448 = CARTESIAN_POINT('',(264.27341911912,89.312000515173,16.8));
#1449 = VECTOR('',#1450,1.);
#1450 = DIRECTION('',(-0.55297522229,0.833197697748,0.));
#1451 = PLANE('',#1452);
#1452 = AXIS2_PLACEMENT_3D('',#1453,#1454,#1455);
#1453 = CARTESIAN_POINT('',(255.35102747353,102.75585094074,3.8));
#1454 = DIRECTION('',(-0.833197697748,-0.55297522229,0.));
#1455 = DIRECTION('',(-0.55297522229,0.833197697748,0.));
#1456 = ADVANCED_FACE('',(#1457),#1475,.F.);
#1457 = FACE_BOUND('',#1458,.F.);
#1458 = EDGE_LOOP('',(#1459,#1460,#1461,#1469));
#1459 = ORIENTED_EDGE('',*,*,#1438,.F.);
#1460 = ORIENTED_EDGE('',*,*,#167,.T.);
#1461 = ORIENTED_EDGE('',*,*,#1462,.T.);
#1462 = EDGE_CURVE('',#168,#1463,#1465,.T.);
#1463 = VERTEX_POINT('',#1464);
#1464 = CARTESIAN_POINT('',(257.79671049065,98.949431158747,16.8));
#1465 = LINE('',#1466,#1467);
#1466 = CARTESIAN_POINT('',(257.79671049065,98.949431158747,3.8));
#1467 = VECTOR('',#1468,1.);
#1468 = DIRECTION('',(0.,0.,1.));
#1469 = ORIENTED_EDGE('',*,*,#1470,.T.);
#1470 = EDGE_CURVE('',#1463,#1439,#1471,.T.);
#1471 = LINE('',#1472,#1473);
#1472 = CARTESIAN_POINT('',(265.42547697116,87.07614772815,16.8));
#1473 = VECTOR('',#1474,1.);
#1474 = DIRECTION('',(-0.540554089056,0.841309263473,0.));
#1475 = PLANE('',#1476);
#1476 = AXIS2_PLACEMENT_3D('',#1477,#1478,#1479);
#1477 = CARTESIAN_POINT('',(257.79671049065,98.949431158747,3.8));
#1478 = DIRECTION('',(-0.841309263473,-0.540554089056,0.));
#1479 = DIRECTION('',(-0.540554089056,0.841309263473,0.));
#1480 = ADVANCED_FACE('',(#1481),#1499,.F.);
#1481 = FACE_BOUND('',#1482,.F.);
#1482 = EDGE_LOOP('',(#1483,#1484,#1485,#1493));
#1483 = ORIENTED_EDGE('',*,*,#1462,.F.);
#1484 = ORIENTED_EDGE('',*,*,#175,.T.);
#1485 = ORIENTED_EDGE('',*,*,#1486,.T.);
#1486 = EDGE_CURVE('',#176,#1487,#1489,.T.);
#1487 = VERTEX_POINT('',#1488);
#1488 = CARTESIAN_POINT('',(260.18565707941,95.107149132004,16.8));
#1489 = LINE('',#1490,#1491);
#1490 = CARTESIAN_POINT('',(260.18565707941,95.107149132004,3.8));
#1491 = VECTOR('',#1492,1.);
#1492 = DIRECTION('',(0.,0.,1.));
#1493 = ORIENTED_EDGE('',*,*,#1494,.T.);
#1494 = EDGE_CURVE('',#1487,#1463,#1495,.T.);
#1495 = LINE('',#1496,#1497);
#1496 = CARTESIAN_POINT('',(266.56782915363,84.842329831415,16.8));
#1497 = VECTOR('',#1498,1.);
#1498 = DIRECTION('',(-0.528013989569,0.849235672131,0.));
#1499 = PLANE('',#1500);
#1500 = AXIS2_PLACEMENT_3D('',#1501,#1502,#1503);
#1501 = CARTESIAN_POINT('',(260.18565707941,95.107149132004,3.8));
#1502 = DIRECTION('',(-0.849235672131,-0.528013989569,0.));
#1503 = DIRECTION('',(-0.528013989569,0.849235672131,0.));
#1504 = ADVANCED_FACE('',(#1505),#1523,.F.);
#1505 = FACE_BOUND('',#1506,.F.);
#1506 = EDGE_LOOP('',(#1507,#1508,#1509,#1517));
#1507 = ORIENTED_EDGE('',*,*,#1486,.F.);
#1508 = ORIENTED_EDGE('',*,*,#183,.T.);
#1509 = ORIENTED_EDGE('',*,*,#1510,.T.);
#1510 = EDGE_CURVE('',#184,#1511,#1513,.T.);
#1511 = VERTEX_POINT('',#1512);
#1512 = CARTESIAN_POINT('',(262.51734147556,91.229850477816,16.8));
#1513 = LINE('',#1514,#1515);
#1514 = CARTESIAN_POINT('',(262.51734147556,91.229850477816,3.8));
#1515 = VECTOR('',#1516,1.);
#1516 = DIRECTION('',(0.,0.,1.));
#1517 = ORIENTED_EDGE('',*,*,#1518,.T.);
#1518 = EDGE_CURVE('',#1511,#1487,#1519,.T.);
#1519 = LINE('',#1520,#1521);
#1520 = CARTESIAN_POINT('',(267.70105661842,82.609982462941,16.8));
#1521 = VECTOR('',#1522,1.);
#1522 = DIRECTION('',(-0.515357683682,0.856975179261,0.));
#1523 = PLANE('',#1524);
#1524 = AXIS2_PLACEMENT_3D('',#1525,#1526,#1527);
#1525 = CARTESIAN_POINT('',(262.51734147556,91.229850477816,3.8));
#1526 = DIRECTION('',(-0.856975179261,-0.515357683682,0.));
#1527 = DIRECTION('',(-0.515357683682,0.856975179261,0.));
#1528 = ADVANCED_FACE('',(#1529),#1547,.F.);
#1529 = FACE_BOUND('',#1530,.F.);
#1530 = EDGE_LOOP('',(#1531,#1532,#1533,#1541));
#1531 = ORIENTED_EDGE('',*,*,#1510,.F.);
#1532 = ORIENTED_EDGE('',*,*,#191,.T.);
#1533 = ORIENTED_EDGE('',*,*,#1534,.T.);
#1534 = EDGE_CURVE('',#192,#1535,#1537,.T.);
#1535 = VERTEX_POINT('',#1536);
#1536 = CARTESIAN_POINT('',(264.7912505172,87.318388520017,16.8));
#1537 = LINE('',#1538,#1539);
#1538 = CARTESIAN_POINT('',(264.7912505172,87.318388520017,3.8));
#1539 = VECTOR('',#1540,1.);
#1540 = DIRECTION('',(0.,0.,1.));
#1541 = ORIENTED_EDGE('',*,*,#1542,.T.);
#1542 = EDGE_CURVE('',#1535,#1511,#1543,.T.);
#1543 = LINE('',#1544,#1545);
#1544 = CARTESIAN_POINT('',(268.82571063209,80.378516708679,16.8));
#1545 = VECTOR('',#1546,1.);
#1546 = DIRECTION('',(-0.50258795682,0.864526081538,0.));
#1547 = PLANE('',#1548);
#1548 = AXIS2_PLACEMENT_3D('',#1549,#1550,#1551);
#1549 = CARTESIAN_POINT('',(264.7912505172,87.318388520017,3.8));
#1550 = DIRECTION('',(-0.864526081538,-0.50258795682,0.));
#1551 = DIRECTION('',(-0.50258795682,0.864526081538,0.));
#1552 = ADVANCED_FACE('',(#1553),#1571,.F.);
#1553 = FACE_BOUND('',#1554,.F.);
#1554 = EDGE_LOOP('',(#1555,#1556,#1557,#1565));
#1555 = ORIENTED_EDGE('',*,*,#1534,.F.);
#1556 = ORIENTED_EDGE('',*,*,#199,.T.);
#1557 = ORIENTED_EDGE('',*,*,#1558,.T.);
#1558 = EDGE_CURVE('',#200,#1559,#1561,.T.);
#1559 = VERTEX_POINT('',#1560);
#1560 = CARTESIAN_POINT('',(267.00688375779,83.373624101171,16.8));
#1561 = LINE('',#1562,#1563);
#1562 = CARTESIAN_POINT('',(267.00688375779,83.373624101171,3.8));
#1563 = VECTOR('',#1564,1.);
#1564 = DIRECTION('',(0.,0.,1.));
#1565 = ORIENTED_EDGE('',*,*,#1566,.T.);
#1566 = EDGE_CURVE('',#1559,#1535,#1567,.T.);
#1567 = LINE('',#1568,#1569);
#1568 = CARTESIAN_POINT('',(269.94231194985,78.147320183173,16.8));
#1569 = VECTOR('',#1570,1.);
#1570 = DIRECTION('',(-0.48970761937,0.871886717143,0.));
#1571 = PLANE('',#1572);
#1572 = AXIS2_PLACEMENT_3D('',#1573,#1574,#1575);
#1573 = CARTESIAN_POINT('',(267.00688375779,83.373624101171,3.8));
#1574 = DIRECTION('',(-0.871886717143,-0.48970761937,0.));
#1575 = DIRECTION('',(-0.48970761937,0.871886717143,0.));
#1576 = ADVANCED_FACE('',(#1577),#1595,.F.);
#1577 = FACE_BOUND('',#1578,.F.);
#1578 = EDGE_LOOP('',(#1579,#1580,#1581,#1589));
#1579 = ORIENTED_EDGE('',*,*,#1558,.F.);
#1580 = ORIENTED_EDGE('',*,*,#207,.T.);
#1581 = ORIENTED_EDGE('',*,*,#1582,.T.);
#1582 = EDGE_CURVE('',#208,#1583,#1585,.T.);
#1583 = VERTEX_POINT('',#1584);
#1584 = CARTESIAN_POINT('',(269.16375357621,79.396425393114,16.8));
#1585 = LINE('',#1586,#1587);
#1586 = CARTESIAN_POINT('',(269.16375357621,79.396425393114,3.8));
#1587 = VECTOR('',#1588,1.);
#1588 = DIRECTION('',(0.,0.,1.));
#1589 = ORIENTED_EDGE('',*,*,#1590,.T.);
#1590 = EDGE_CURVE('',#1583,#1559,#1591,.T.);
#1591 = LINE('',#1592,#1593);
#1592 = CARTESIAN_POINT('',(271.05135002451,75.91575813568,16.8));
#1593 = VECTOR('',#1594,1.);
#1594 = DIRECTION('',(-0.476719506064,0.879055466133,0.));
#1595 = PLANE('',#1596);
#1596 = AXIS2_PLACEMENT_3D('',#1597,#1598,#1599);
#1597 = CARTESIAN_POINT('',(269.16375357621,79.396425393114,3.8));
#1598 = DIRECTION('',(-0.879055466133,-0.476719506064,0.));
#1599 = DIRECTION('',(-0.476719506064,0.879055466133,0.));
#1600 = ADVANCED_FACE('',(#1601),#1619,.F.);
#1601 = FACE_BOUND('',#1602,.F.);
#1602 = EDGE_LOOP('',(#1603,#1604,#1605,#1613));
#1603 = ORIENTED_EDGE('',*,*,#1582,.F.);
#1604 = ORIENTED_EDGE('',*,*,#215,.T.);
#1605 = ORIENTED_EDGE('',*,*,#1606,.T.);
#1606 = EDGE_CURVE('',#216,#1607,#1609,.T.);
#1607 = VERTEX_POINT('',#1608);
#1608 = CARTESIAN_POINT('',(271.26138528414,75.387667705889,16.8));
#1609 = LINE('',#1610,#1611);
#1610 = CARTESIAN_POINT('',(271.26138528414,75.387667705889,3.8));
#1611 = VECTOR('',#1612,1.);
#1612 = DIRECTION('',(0.,0.,1.));
#1613 = ORIENTED_EDGE('',*,*,#1614,.T.);
#1614 = EDGE_CURVE('',#1607,#1583,#1615,.T.);
#1615 = LINE('',#1616,#1617);
#1616 = CARTESIAN_POINT('',(272.15328225171,73.683174580882,16.8));
#1617 = VECTOR('',#1618,1.);
#1618 = DIRECTION('',(-0.463626475352,0.886030750794,0.));
#1619 = PLANE('',#1620);
#1620 = AXIS2_PLACEMENT_3D('',#1621,#1622,#1623);
#1621 = CARTESIAN_POINT('',(271.26138528414,75.387667705889,3.8));
#1622 = DIRECTION('',(-0.886030750794,-0.463626475352,0.));
#1623 = DIRECTION('',(-0.463626475352,0.886030750794,0.));
#1624 = ADVANCED_FACE('',(#1625),#1643,.F.);
#1625 = FACE_BOUND('',#1626,.F.);
#1626 = EDGE_LOOP('',(#1627,#1628,#1629,#1637));
#1627 = ORIENTED_EDGE('',*,*,#1606,.F.);
#1628 = ORIENTED_EDGE('',*,*,#223,.T.);
#1629 = ORIENTED_EDGE('',*,*,#1630,.T.);
#1630 = EDGE_CURVE('',#224,#1631,#1633,.T.);
#1631 = VERTEX_POINT('',#1632);
#1632 = CARTESIAN_POINT('',(273.29931723049,71.348233295104,16.8));
#1633 = LINE('',#1634,#1635);
#1634 = CARTESIAN_POINT('',(273.29931723049,71.348233295104,3.8));
#1635 = VECTOR('',#1636,1.);
#1636 = DIRECTION('',(0.,0.,1.));
#1637 = ORIENTED_EDGE('',*,*,#1638,.T.);
#1638 = EDGE_CURVE('',#1631,#1607,#1639,.T.);
#1639 = LINE('',#1640,#1641);
#1640 = CARTESIAN_POINT('',(273.24853325167,71.448893453029,16.8));
#1641 = VECTOR('',#1642,1.);
#1642 = DIRECTION('',(-0.450431408775,0.892811035992,0.));
#1643 = PLANE('',#1644);
#1644 = AXIS2_PLACEMENT_3D('',#1645,#1646,#1647);
#1645 = CARTESIAN_POINT('',(273.29931723049,71.348233295104,3.8));
#1646 = DIRECTION('',(-0.892811035992,-0.450431408775,0.));
#1647 = DIRECTION('',(-0.450431408775,0.892811035992,0.));
#1648 = ADVANCED_FACE('',(#1649),#1667,.F.);
#1649 = FACE_BOUND('',#1650,.F.);
#1650 = EDGE_LOOP('',(#1651,#1652,#1653,#1661));
#1651 = ORIENTED_EDGE('',*,*,#1630,.F.);
#1652 = ORIENTED_EDGE('',*,*,#231,.T.);
#1653 = ORIENTED_EDGE('',*,*,#1654,.T.);
#1654 = EDGE_CURVE('',#232,#1655,#1657,.T.);
#1655 = VERTEX_POINT('',#1656);
#1656 = CARTESIAN_POINT('',(275.27710090303,67.279011167761,16.8));
#1657 = LINE('',#1658,#1659);
#1658 = CARTESIAN_POINT('',(275.27710090303,67.279011167761,3.8));
#1659 = VECTOR('',#1660,1.);
#1660 = DIRECTION('',(0.,0.,1.));
#1661 = ORIENTED_EDGE('',*,*,#1662,.T.);
#1662 = EDGE_CURVE('',#1655,#1631,#1663,.T.);
#1663 = LINE('',#1664,#1665);
#1664 = CARTESIAN_POINT('',(274.33749418853,69.212219782398,16.8));
#1665 = VECTOR('',#1666,1.);
#1666 = DIRECTION('',(-0.43713721033,0.899394829508,0.));
#1667 = PLANE('',#1668);
#1668 = AXIS2_PLACEMENT_3D('',#1669,#1670,#1671);
#1669 = CARTESIAN_POINT('',(275.27710090303,67.279011167761,3.8));
#1670 = DIRECTION('',(-0.899394829508,-0.43713721033,0.));
#1671 = DIRECTION('',(-0.43713721033,0.899394829508,0.));
#1672 = ADVANCED_FACE('',(#1673),#1691,.F.);
#1673 = FACE_BOUND('',#1674,.F.);
#1674 = EDGE_LOOP('',(#1675,#1676,#1677,#1685));
#1675 = ORIENTED_EDGE('',*,*,#1654,.F.);
#1676 = ORIENTED_EDGE('',*,*,#239,.T.);
#1677 = ORIENTED_EDGE('',*,*,#1678,.T.);
#1678 = EDGE_CURVE('',#240,#1679,#1681,.T.);
#1679 = VERTEX_POINT('',#1680);
#1680 = CARTESIAN_POINT('',(277.19430102706,63.180896886606,16.8));
#1681 = LINE('',#1682,#1683);
#1682 = CARTESIAN_POINT('',(277.19430102706,63.180896886606,3.8));
#1683 = VECTOR('',#1684,1.);
#1684 = DIRECTION('',(0.,0.,1.));
#1685 = ORIENTED_EDGE('',*,*,#1686,.T.);
#1686 = EDGE_CURVE('',#1679,#1655,#1687,.T.);
#1687 = LINE('',#1688,#1689);
#1688 = CARTESIAN_POINT('',(275.4205221277,66.972440892873,16.8));
#1689 = VECTOR('',#1690,1.);
#1690 = DIRECTION('',(-0.423746805832,0.905780682366,0.));
#1691 = PLANE('',#1692);
#1692 = AXIS2_PLACEMENT_3D('',#1693,#1694,#1695);
#1693 = CARTESIAN_POINT('',(277.19430102706,63.180896886606,3.8));
#1694 = DIRECTION('',(-0.905780682366,-0.423746805832,0.));
#1695 = DIRECTION('',(-0.423746805832,0.905780682366,0.));
#1696 = ADVANCED_FACE('',(#1697),#1715,.F.);
#1697 = FACE_BOUND('',#1698,.F.);
#1698 = EDGE_LOOP('',(#1699,#1700,#1701,#1709));
#1699 = ORIENTED_EDGE('',*,*,#1678,.F.);
#1700 = ORIENTED_EDGE('',*,*,#247,.T.);
#1701 = ORIENTED_EDGE('',*,*,#1702,.T.);
#1702 = EDGE_CURVE('',#248,#1703,#1705,.T.);
#1703 = VERTEX_POINT('',#1704);
#1704 = CARTESIAN_POINT('',(279.05049566125,59.054792373027,16.8));
#1705 = LINE('',#1706,#1707);
#1706 = CARTESIAN_POINT('',(279.05049566125,59.054792373027,3.8));
#1707 = VECTOR('',#1708,1.);
#1708 = DIRECTION('',(0.,0.,1.));
#1709 = ORIENTED_EDGE('',*,*,#1710,.T.);
#1710 = EDGE_CURVE('',#1703,#1679,#1711,.T.);
#1711 = LINE('',#1712,#1713);
#1712 = CARTESIAN_POINT('',(276.49793943201,64.728827619441,16.8));
#1713 = VECTOR('',#1714,1.);
#1714 = DIRECTION('',(-0.410263142269,0.911967189155,0.));
#1715 = PLANE('',#1716);
#1716 = AXIS2_PLACEMENT_3D('',#1717,#1718,#1719);
#1717 = CARTESIAN_POINT('',(279.05049566125,59.054792373027,3.8));
#1718 = DIRECTION('',(-0.911967189155,-0.410263142269,0.));
#1719 = DIRECTION('',(-0.410263142269,0.911967189155,0.));
#1720 = ADVANCED_FACE('',(#1721),#1739,.F.);
#1721 = FACE_BOUND('',#1722,.F.);
#1722 = EDGE_LOOP('',(#1723,#1724,#1725,#1733));
#1723 = ORIENTED_EDGE('',*,*,#1702,.F.);
#1724 = ORIENTED_EDGE('',*,*,#255,.T.);
#1725 = ORIENTED_EDGE('',*,*,#1726,.T.);
#1726 = EDGE_CURVE('',#256,#1727,#1729,.T.);
#1727 = VERTEX_POINT('',#1728);
#1728 = CARTESIAN_POINT('',(280.8452762905,54.901605708563,16.8));
#1729 = LINE('',#1730,#1731);
#1730 = CARTESIAN_POINT('',(280.8452762905,54.901605708563,3.8));
#1731 = VECTOR('',#1732,1.);
#1732 = DIRECTION('',(0.,0.,1.));
#1733 = ORIENTED_EDGE('',*,*,#1734,.T.);
#1734 = EDGE_CURVE('',#1727,#1703,#1735,.T.);
#1735 = LINE('',#1736,#1737);
#1736 = CARTESIAN_POINT('',(277.5700331972,62.480635544472,16.8));
#1737 = VECTOR('',#1738,1.);
#1738 = DIRECTION('',(-0.396689187153,0.917952988336,0.));
#1739 = PLANE('',#1740);
#1740 = AXIS2_PLACEMENT_3D('',#1741,#1742,#1743);
#1741 = CARTESIAN_POINT('',(280.8452762905,54.901605708563,3.8));
#1742 = DIRECTION('',(-0.917952988336,-0.396689187153,0.));
#1743 = DIRECTION('',(-0.396689187153,0.917952988336,0.));
#1744 = ADVANCED_FACE('',(#1745),#1763,.F.);
#1745 = FACE_BOUND('',#1746,.F.);
#1746 = EDGE_LOOP('',(#1747,#1748,#1749,#1757));
#1747 = ORIENTED_EDGE('',*,*,#1726,.F.);
#1748 = ORIENTED_EDGE('',*,*,#263,.T.);
#1749 = ORIENTED_EDGE('',*,*,#1750,.T.);
#1750 = EDGE_CURVE('',#264,#1751,#1753,.T.);
#1751 = VERTEX_POINT('',#1752);
#1752 = CARTESIAN_POINT('',(282.57824791579,50.722250935045,16.8));
#1753 = LINE('',#1754,#1755);
#1754 = CARTESIAN_POINT('',(282.57824791579,50.722250935045,3.8));
#1755 = VECTOR('',#1756,1.);
#1756 = DIRECTION('',(0.,0.,1.));
#1757 = ORIENTED_EDGE('',*,*,#1758,.T.);
#1758 = EDGE_CURVE('',#1751,#1727,#1759,.T.);
#1759 = LINE('',#1760,#1761);
#1760 = CARTESIAN_POINT('',(278.63705472724,60.227106251502,16.8));
#1761 = VECTOR('',#1762,1.);
#1762 = DIRECTION('',(-0.383027927868,0.923736762543,0.));
#1763 = PLANE('',#1764);
#1764 = AXIS2_PLACEMENT_3D('',#1765,#1766,#1767);
#1765 = CARTESIAN_POINT('',(282.57824791579,50.722250935045,3.8));
#1766 = DIRECTION('',(-0.923736762543,-0.383027927868,0.));
#1767 = DIRECTION('',(-0.383027927868,0.923736762543,0.));
#1768 = ADVANCED_FACE('',(#1769),#1787,.F.);
#1769 = FACE_BOUND('',#1770,.F.);
#1770 = EDGE_LOOP('',(#1771,#1772,#1773,#1781));
#1771 = ORIENTED_EDGE('',*,*,#1750,.F.);
#1772 = ORIENTED_EDGE('',*,*,#271,.T.);
#1773 = ORIENTED_EDGE('',*,*,#1774,.T.);
#1774 = EDGE_CURVE('',#272,#1775,#1777,.T.);
#1775 = VERTEX_POINT('',#1776);
#1776 = CARTESIAN_POINT('',(284.24902914118,46.517647853437,16.8));
#1777 = LINE('',#1778,#1779);
#1778 = CARTESIAN_POINT('',(284.24902914118,46.517647853437,3.8));
#1779 = VECTOR('',#1780,1.);
#1780 = DIRECTION('',(0.,0.,1.));
#1781 = ORIENTED_EDGE('',*,*,#1782,.T.);
#1782 = EDGE_CURVE('',#1775,#1751,#1783,.T.);
#1783 = LINE('',#1784,#1785);
#1784 = CARTESIAN_POINT('',(279.6992190501,57.967468595329,16.8));
#1785 = VECTOR('',#1786,1.);
#1786 = DIRECTION('',(-0.369282371011,0.92931723887,0.));
#1787 = PLANE('',#1788);
#1788 = AXIS2_PLACEMENT_3D('',#1789,#1790,#1791);
#1789 = CARTESIAN_POINT('',(284.24902914118,46.517647853437,3.8));
#1790 = DIRECTION('',(-0.92931723887,-0.369282371011,0.));
#1791 = DIRECTION('',(-0.369282371011,0.92931723887,0.));
#1792 = ADVANCED_FACE('',(#1793),#1811,.F.);
#1793 = FACE_BOUND('',#1794,.F.);
#1794 = EDGE_LOOP('',(#1795,#1796,#1797,#1805));
#1795 = ORIENTED_EDGE('',*,*,#1774,.F.);
#1796 = ORIENTED_EDGE('',*,*,#279,.T.);
#1797 = ORIENTED_EDGE('',*,*,#1798,.T.);
#1798 = EDGE_CURVE('',#280,#1799,#1801,.T.);
#1799 = VERTEX_POINT('',#1800);
#1800 = CARTESIAN_POINT('',(285.85725225772,42.288721821402,16.8));
#1801 = LINE('',#1802,#1803);
#1802 = CARTESIAN_POINT('',(285.85725225772,42.288721821402,3.8));
#1803 = VECTOR('',#1804,1.);
#1804 = DIRECTION('',(0.,0.,1.));
#1805 = ORIENTED_EDGE('',*,*,#1806,.T.);
#1806 = EDGE_CURVE('',#1799,#1775,#1807,.T.);
#1807 = LINE('',#1808,#1809);
#1808 = CARTESIAN_POINT('',(280.75670447448,55.700939987143,16.8));
#1809 = VECTOR('',#1810,1.);
#1810 = DIRECTION('',(-0.355455541733,0.934693189154,0.));
#1811 = PLANE('',#1812);
#1812 = AXIS2_PLACEMENT_3D('',#1813,#1814,#1815);
#1813 = CARTESIAN_POINT('',(285.85725225772,42.288721821402,3.8));
#1814 = DIRECTION('',(-0.934693189154,-0.355455541733,0.));
#1815 = DIRECTION('',(-0.355455541733,0.934693189154,0.));
#1816 = ADVANCED_FACE('',(#1817),#1835,.F.);
#1817 = FACE_BOUND('',#1818,.F.);
#1818 = EDGE_LOOP('',(#1819,#1820,#1821,#1829));
#1819 = ORIENTED_EDGE('',*,*,#1798,.F.);
#1820 = ORIENTED_EDGE('',*,*,#287,.T.);
#1821 = ORIENTED_EDGE('',*,*,#1822,.T.);
#1822 = EDGE_CURVE('',#288,#1823,#1825,.T.);
#1823 = VERTEX_POINT('',#1824);
#1824 = CARTESIAN_POINT('',(287.40256332436,38.036403549647,16.8));
#1825 = LINE('',#1826,#1827);
#1826 = CARTESIAN_POINT('',(287.40256332436,38.036403549647,3.8));
#1827 = VECTOR('',#1828,1.);
#1828 = DIRECTION('',(0.,0.,1.));
#1829 = ORIENTED_EDGE('',*,*,#1830,.T.);
#1830 = EDGE_CURVE('',#1823,#1799,#1831,.T.);
#1831 = LINE('',#1832,#1833);
#1832 = CARTESIAN_POINT('',(281.80965218772,53.426727693409,16.8));
#1833 = VECTOR('',#1834,1.);
#1834 = DIRECTION('',(-0.341550483072,0.939863430246,0.));
#1835 = PLANE('',#1836);
#1836 = AXIS2_PLACEMENT_3D('',#1837,#1838,#1839);
#1837 = CARTESIAN_POINT('',(287.40256332436,38.036403549647,3.8));
#1838 = DIRECTION('',(-0.939863430246,-0.341550483072,0.));
#1839 = DIRECTION('',(-0.341550483072,0.939863430246,0.));
#1840 = ADVANCED_FACE('',(#1841),#1859,.F.);
#1841 = FACE_BOUND('',#1842,.F.);
#1842 = EDGE_LOOP('',(#1843,#1844,#1845,#1853));
#1843 = ORIENTED_EDGE('',*,*,#1822,.F.);
#1844 = ORIENTED_EDGE('',*,*,#295,.T.);
#1845 = ORIENTED_EDGE('',*,*,#1846,.T.);
#1846 = EDGE_CURVE('',#296,#1847,#1849,.T.);
#1847 = VERTEX_POINT('',#1848);
#1848 = CARTESIAN_POINT('',(288.88462224588,33.761628897092,16.8));
#1849 = LINE('',#1850,#1851);
#1850 = CARTESIAN_POINT('',(288.88462224588,33.761628897092,3.8));
#1851 = VECTOR('',#1852,1.);
#1852 = DIRECTION('',(0.,0.,1.));
#1853 = ORIENTED_EDGE('',*,*,#1854,.T.);
#1854 = EDGE_CURVE('',#1847,#1823,#1855,.T.);
#1855 = LINE('',#1856,#1857);
#1856 = CARTESIAN_POINT('',(282.85816589573,51.144030147252,16.8));
#1857 = VECTOR('',#1858,1.);
#1858 = DIRECTION('',(-0.32757025528,0.944826824268,0.));
#1859 = PLANE('',#1860);
#1860 = AXIS2_PLACEMENT_3D('',#1861,#1862,#1863);
#1861 = CARTESIAN_POINT('',(288.88462224588,33.761628897092,3.8));
#1862 = DIRECTION('',(-0.944826824268,-0.32757025528,0.));
#1863 = DIRECTION('',(-0.32757025528,0.944826824268,0.));
#1864 = ADVANCED_FACE('',(#1865),#1883,.F.);
#1865 = FACE_BOUND('',#1866,.F.);
#1866 = EDGE_LOOP('',(#1867,#1868,#1869,#1877));
#1867 = ORIENTED_EDGE('',*,*,#1846,.F.);
#1868 = ORIENTED_EDGE('',*,*,#303,.T.);
#1869 = ORIENTED_EDGE('',*,*,#1870,.T.);
#1870 = EDGE_CURVE('',#304,#1871,#1873,.T.);
#1871 = VERTEX_POINT('',#1872);
#1872 = CARTESIAN_POINT('',(290.30310284772,29.465338664903,16.8));
#1873 = LINE('',#1874,#1875);
#1874 = CARTESIAN_POINT('',(290.30310284772,29.465338664903,3.8));
#1875 = VECTOR('',#1876,1.);
#1876 = DIRECTION('',(0.,0.,1.));
#1877 = ORIENTED_EDGE('',*,*,#1878,.T.);
#1878 = EDGE_CURVE('',#1871,#1847,#1879,.T.);
#1879 = LINE('',#1880,#1881);
#1880 = CARTESIAN_POINT('',(283.90231150477,48.85203827109,16.8));
#1881 = VECTOR('',#1882,1.);
#1882 = DIRECTION('',(-0.313517935154,0.949582278866,0.));
#1883 = PLANE('',#1884);
#1884 = AXIS2_PLACEMENT_3D('',#1885,#1886,#1887);
#1885 = CARTESIAN_POINT('',(290.30310284772,29.465338664903,3.8));
#1886 = DIRECTION('',(-0.949582278866,-0.313517935154,0.));
#1887 = DIRECTION('',(-0.313517935154,0.949582278866,0.));
#1888 = ADVANCED_FACE('',(#1889),#1907,.F.);
#1889 = FACE_BOUND('',#1890,.F.);
#1890 = EDGE_LOOP('',(#1891,#1892,#1893,#1901));
#1891 = ORIENTED_EDGE('',*,*,#1870,.F.);
#1892 = ORIENTED_EDGE('',*,*,#311,.T.);
#1893 = ORIENTED_EDGE('',*,*,#1894,.T.);
#1894 = EDGE_CURVE('',#312,#1895,#1897,.T.);
#1895 = VERTEX_POINT('',#1896);
#1896 = CARTESIAN_POINT('',(291.65769294776,25.148478389439,16.8));
#1897 = LINE('',#1898,#1899);
#1898 = CARTESIAN_POINT('',(291.65769294776,25.148478389439,3.8));
#1899 = VECTOR('',#1900,1.);
#1900 = DIRECTION('',(0.,0.,1.));
#1901 = ORIENTED_EDGE('',*,*,#1902,.T.);
#1902 = EDGE_CURVE('',#1895,#1871,#1903,.T.);
#1903 = LINE('',#1904,#1905);
#1904 = CARTESIAN_POINT('',(284.94211684573,46.54993680916,16.8));
#1905 = VECTOR('',#1906,1.);
#1906 = DIRECTION('',(-0.29939661536,0.95412874745,0.));
#1907 = PLANE('',#1908);
#1908 = AXIS2_PLACEMENT_3D('',#1909,#1910,#1911);
#1909 = CARTESIAN_POINT('',(291.65769294776,25.148478389439,3.8));
#1910 = DIRECTION('',(-0.95412874745,-0.29939661536,0.));
#1911 = DIRECTION('',(-0.29939661536,0.95412874745,0.));
#1912 = ADVANCED_FACE('',(#1913),#1931,.F.);
#1913 = FACE_BOUND('',#1914,.F.);
#1914 = EDGE_LOOP('',(#1915,#1916,#1917,#1925));
#1915 = ORIENTED_EDGE('',*,*,#1894,.F.);
#1916 = ORIENTED_EDGE('',*,*,#319,.T.);
#1917 = ORIENTED_EDGE('',*,*,#1918,.T.);
#1918 = EDGE_CURVE('',#320,#1919,#1921,.T.);
#1919 = VERTEX_POINT('',#1920);
#1920 = CARTESIAN_POINT('',(292.94809442502,20.811998134155,16.8));
#1921 = LINE('',#1922,#1923);
#1922 = CARTESIAN_POINT('',(292.94809442502,20.811998134155,3.8));
#1923 = VECTOR('',#1924,1.);
#1924 = DIRECTION('',(0.,0.,1.));
#1925 = ORIENTED_EDGE('',*,*,#1926,.T.);
#1926 = EDGE_CURVE('',#1919,#1895,#1927,.T.);
#1927 = LINE('',#1928,#1929);
#1928 = CARTESIAN_POINT('',(285.97757144146,44.236905668552,16.8));
#1929 = VECTOR('',#1930,1.);
#1930 = DIRECTION('',(-0.285209403744,0.958465229425,0.));
#1931 = PLANE('',#1932);
#1932 = AXIS2_PLACEMENT_3D('',#1933,#1934,#1935);
#1933 = CARTESIAN_POINT('',(292.94809442502,20.811998134155,3.8));
#1934 = DIRECTION('',(-0.958465229425,-0.285209403744,0.));
#1935 = DIRECTION('',(-0.285209403744,0.958465229425,0.));
#1936 = ADVANCED_FACE('',(#1937),#1955,.F.);
#1937 = FACE_BOUND('',#1938,.F.);
#1938 = EDGE_LOOP('',(#1939,#1940,#1941,#1949));
#1939 = ORIENTED_EDGE('',*,*,#1918,.F.);
#1940 = ORIENTED_EDGE('',*,*,#327,.T.);
#1941 = ORIENTED_EDGE('',*,*,#1942,.T.);
#1942 = EDGE_CURVE('',#328,#1943,#1945,.T.);
#1943 = VERTEX_POINT('',#1944);
#1944 = CARTESIAN_POINT('',(294.17402328532,16.456852280515,16.8));
#1945 = LINE('',#1946,#1947);
#1946 = CARTESIAN_POINT('',(294.17402328532,16.456852280515,3.8));
#1947 = VECTOR('',#1948,1.);
#1948 = DIRECTION('',(0.,0.,1.));
#1949 = ORIENTED_EDGE('',*,*,#1950,.T.);
#1950 = EDGE_CURVE('',#1943,#1919,#1951,.T.);
#1951 = LINE('',#1952,#1953);
#1952 = CARTESIAN_POINT('',(287.00862631658,41.912121267722,16.8));
#1953 = VECTOR('',#1954,1.);
#1954 = DIRECTION('',(-0.270959422659,0.962590770407,0.));
#1955 = PLANE('',#1956);
#1956 = AXIS2_PLACEMENT_3D('',#1957,#1958,#1959);
#1957 = CARTESIAN_POINT('',(294.17402328532,16.456852280515,3.8));
#1958 = DIRECTION('',(-0.962590770407,-0.270959422659,0.));
#1959 = DIRECTION('',(-0.270959422659,0.962590770407,0.));
#1960 = ADVANCED_FACE('',(#1961),#1979,.F.);
#1961 = FACE_BOUND('',#1962,.F.);
#1962 = EDGE_LOOP('',(#1963,#1964,#1965,#1973));
#1963 = ORIENTED_EDGE('',*,*,#1942,.F.);
#1964 = ORIENTED_EDGE('',*,*,#335,.T.);
#1965 = ORIENTED_EDGE('',*,*,#1966,.T.);
#1966 = EDGE_CURVE('',#336,#1967,#1969,.T.);
#1967 = VERTEX_POINT('',#1968);
#1968 = CARTESIAN_POINT('',(295.33520972371,12.083999317941,16.8));
#1969 = LINE('',#1970,#1971);
#1970 = CARTESIAN_POINT('',(295.33520972371,12.083999317941,3.8));
#1971 = VECTOR('',#1972,1.);
#1972 = DIRECTION('',(0.,0.,1.));
#1973 = ORIENTED_EDGE('',*,*,#1974,.T.);
#1974 = EDGE_CURVE('',#1967,#1943,#1975,.T.);
#1975 = LINE('',#1976,#1977);
#1976 = CARTESIAN_POINT('',(288.03519385101,39.57475789072,16.8));
#1977 = VECTOR('',#1978,1.);
#1978 = DIRECTION('',(-0.256649808268,0.96650446244,0.));
#1979 = PLANE('',#1980);
#1980 = AXIS2_PLACEMENT_3D('',#1981,#1982,#1983);
#1981 = CARTESIAN_POINT('',(295.33520972371,12.083999317941,3.8));
#1982 = DIRECTION('',(-0.96650446244,-0.256649808268,0.));
#1983 = DIRECTION('',(-0.256649808268,0.96650446244,0.));
#1984 = ADVANCED_FACE('',(#1985),#2003,.F.);
#1985 = FACE_BOUND('',#1986,.F.);
#1986 = EDGE_LOOP('',(#1987,#1988,#1989,#1997));
#1987 = ORIENTED_EDGE('',*,*,#1966,.F.);
#1988 = ORIENTED_EDGE('',*,*,#343,.T.);
#1989 = ORIENTED_EDGE('',*,*,#1990,.T.);
#1990 = EDGE_CURVE('',#344,#1991,#1993,.T.);
#1991 = VERTEX_POINT('',#1992);
#1992 = CARTESIAN_POINT('',(296.4313981839,7.694401632876,16.8));
#1993 = LINE('',#1994,#1995);
#1994 = CARTESIAN_POINT('',(296.4313981839,7.694401632876,3.8));
#1995 = VECTOR('',#1996,1.);
#1996 = DIRECTION('',(0.,0.,1.));
#1997 = ORIENTED_EDGE('',*,*,#1998,.T.);
#1998 = EDGE_CURVE('',#1991,#1967,#1999,.T.);
#1999 = LINE('',#2000,#2001);
#2000 = CARTESIAN_POINT('',(289.05714767638,37.22398904627,16.8));
#2001 = VECTOR('',#2002,1.);
#2002 = DIRECTION('',(-0.242283709862,0.97020544419,0.));
#2003 = PLANE('',#2004);
#2004 = AXIS2_PLACEMENT_3D('',#2005,#2006,#2007);
#2005 = CARTESIAN_POINT('',(296.4313981839,7.694401632876,3.8));
#2006 = DIRECTION('',(-0.97020544419,-0.242283709862,0.));
#2007 = DIRECTION('',(-0.242283709862,0.97020544419,0.));
#2008 = ADVANCED_FACE('',(#2009),#2027,.F.);
#2009 = FACE_BOUND('',#2010,.F.);
#2010 = EDGE_LOOP('',(#2011,#2012,#2013,#2021));
#2011 = ORIENTED_EDGE('',*,*,#1990,.F.);
#2012 = ORIENTED_EDGE('',*,*,#351,.T.);
#2013 = ORIENTED_EDGE('',*,*,#2014,.T.);
#2014 = EDGE_CURVE('',#352,#2015,#2017,.T.);
#2015 = VERTEX_POINT('',#2016);
#2016 = CARTESIAN_POINT('',(297.4623474145,3.289025296973,16.8));
#2017 = LINE('',#2018,#2019);
#2018 = CARTESIAN_POINT('',(297.4623474145,3.289025296973,3.8));
#2019 = VECTOR('',#2020,1.);
#2020 = DIRECTION('',(0.,0.,1.));
#2021 = ORIENTED_EDGE('',*,*,#2022,.T.);
#2022 = EDGE_CURVE('',#2015,#1991,#2023,.T.);
#2023 = LINE('',#2024,#2025);
#2024 = CARTESIAN_POINT('',(290.07432261649,34.858988829951,16.8));
#2025 = VECTOR('',#2026,1.);
#2026 = DIRECTION('',(-0.22786428916,0.973692901138,0.));
#2027 = PLANE('',#2028);
#2028 = AXIS2_PLACEMENT_3D('',#2029,#2030,#2031);
#2029 = CARTESIAN_POINT('',(297.4623474145,3.289025296973,3.8));
#2030 = DIRECTION('',(-0.973692901138,-0.22786428916,0.));
#2031 = DIRECTION('',(-0.22786428916,0.973692901138,0.));
#2032 = ADVANCED_FACE('',(#2033),#2051,.F.);
#2033 = FACE_BOUND('',#2034,.F.);
#2034 = EDGE_LOOP('',(#2035,#2036,#2037,#2045));
#2035 = ORIENTED_EDGE('',*,*,#2014,.F.);
#2036 = ORIENTED_EDGE('',*,*,#359,.T.);
#2037 = ORIENTED_EDGE('',*,*,#2038,.T.);
#2038 = EDGE_CURVE('',#360,#2039,#2041,.T.);
#2039 = VERTEX_POINT('',#2040);
#2040 = CARTESIAN_POINT('',(298.42783052207,-1.131160145514,16.8));
#2041 = LINE('',#2042,#2043);
#2042 = CARTESIAN_POINT('',(298.42783052207,-1.131160145514,3.8));
#2043 = VECTOR('',#2044,1.);
#2044 = DIRECTION('',(0.,0.,1.));
#2045 = ORIENTED_EDGE('',*,*,#2046,.T.);
#2046 = EDGE_CURVE('',#2039,#2015,#2047,.T.);
#2047 = LINE('',#2048,#2049);
#2048 = CARTESIAN_POINT('',(291.08651467077,32.478933288487,16.8));
#2049 = VECTOR('',#2050,1.);
#2050 = DIRECTION('',(-0.213394719619,0.976966065756,0.));
#2051 = PLANE('',#2052);
#2052 = AXIS2_PLACEMENT_3D('',#2053,#2054,#2055);
#2053 = CARTESIAN_POINT('',(298.42783052207,-1.131160145514,3.8));
#2054 = DIRECTION('',(-0.976966065756,-0.213394719619,0.));
#2055 = DIRECTION('',(-0.213394719619,0.976966065756,0.));
#2056 = ADVANCED_FACE('',(#2057),#2075,.F.);
#2057 = FACE_BOUND('',#2058,.F.);
#2058 = EDGE_LOOP('',(#2059,#2060,#2061,#2069));
#2059 = ORIENTED_EDGE('',*,*,#2038,.F.);
#2060 = ORIENTED_EDGE('',*,*,#367,.T.);
#2061 = ORIENTED_EDGE('',*,*,#2062,.T.);
#2062 = EDGE_CURVE('',#368,#2063,#2065,.T.);
#2063 = VERTEX_POINT('',#2064);
#2064 = CARTESIAN_POINT('',(299.32763502113,-5.565181891116,16.8));
#2065 = LINE('',#2066,#2067);
#2066 = CARTESIAN_POINT('',(299.32763502113,-5.565181891116,3.8));
#2067 = VECTOR('',#2068,1.);
#2068 = DIRECTION('',(0.,0.,1.));
#2069 = ORIENTED_EDGE('',*,*,#2070,.T.);
#2070 = EDGE_CURVE('',#2063,#2039,#2071,.T.);
#2071 = LINE('',#2072,#2073);
#2072 = CARTESIAN_POINT('',(292.093481042,30.083001784501,16.8));
#2073 = VECTOR('',#2074,1.);
#2074 = DIRECTION('',(-0.19887818573,0.980024217681,0.));
#2075 = PLANE('',#2076);
#2076 = AXIS2_PLACEMENT_3D('',#2077,#2078,#2079);
#2077 = CARTESIAN_POINT('',(299.32763502113,-5.565181891116,3.8));
#2078 = DIRECTION('',(-0.980024217681,-0.19887818573,0.));
#2079 = DIRECTION('',(-0.19887818573,0.980024217681,0.));
#2080 = ADVANCED_FACE('',(#2081),#2099,.F.);
#2081 = FACE_BOUND('',#2082,.F.);
#2082 = EDGE_LOOP('',(#2083,#2084,#2085,#2093));
#2083 = ORIENTED_EDGE('',*,*,#2062,.F.);
#2084 = ORIENTED_EDGE('',*,*,#375,.T.);
#2085 = ORIENTED_EDGE('',*,*,#2086,.T.);
#2086 = EDGE_CURVE('',#376,#2087,#2089,.T.);
#2087 = VERTEX_POINT('',#2088);
#2088 = CARTESIAN_POINT('',(300.16156288084,-10.01206409124,16.8));
#2089 = LINE('',#2090,#2091);
#2090 = CARTESIAN_POINT('',(300.16156288084,-10.01206409124,3.8));
#2091 = VECTOR('',#2092,1.);
#2092 = DIRECTION('',(0.,0.,1.));
#2093 = ORIENTED_EDGE('',*,*,#2094,.T.);
#2094 = EDGE_CURVE('',#2087,#2063,#2095,.T.);
#2095 = LINE('',#2096,#2097);
#2096 = CARTESIAN_POINT('',(293.09494020708,27.670378360688,16.8));
#2097 = VECTOR('',#2098,1.);
#2098 = DIRECTION('',(-0.184317882323,0.982866683867,0.));
#2099 = PLANE('',#2100);
#2100 = AXIS2_PLACEMENT_3D('',#2101,#2102,#2103);
#2101 = CARTESIAN_POINT('',(300.16156288084,-10.01206409124,3.8));
#2102 = DIRECTION('',(-0.982866683867,-0.184317882323,0.));
#2103 = DIRECTION('',(-0.184317882323,0.982866683867,0.));
#2104 = ADVANCED_FACE('',(#2105),#2123,.F.);
#2105 = FACE_BOUND('',#2106,.F.);
#2106 = EDGE_LOOP('',(#2107,#2108,#2109,#2117));
#2107 = ORIENTED_EDGE('',*,*,#2086,.F.);
#2108 = ORIENTED_EDGE('',*,*,#383,.T.);
#2109 = ORIENTED_EDGE('',*,*,#2110,.T.);
#2110 = EDGE_CURVE('',#384,#2111,#2113,.T.);
#2111 = VERTEX_POINT('',#2112);
#2112 = CARTESIAN_POINT('',(300.92943056867,-14.47082806693,16.8));
#2113 = LINE('',#2114,#2115);
#2114 = CARTESIAN_POINT('',(300.92943056867,-14.47082806693,3.8));
#2115 = VECTOR('',#2116,1.);
#2116 = DIRECTION('',(0.,0.,1.));
#2117 = ORIENTED_EDGE('',*,*,#2118,.T.);
#2118 = EDGE_CURVE('',#2111,#2087,#2119,.T.);
#2119 = LINE('',#2120,#2121);
#2120 = CARTESIAN_POINT('',(294.09057203202,25.240253101759,16.8));
#2121 = VECTOR('',#2122,1.);
#2122 = DIRECTION('',(-0.169717013858,0.98549283874,0.));
#2123 = PLANE('',#2124);
#2124 = AXIS2_PLACEMENT_3D('',#2125,#2126,#2127);
#2125 = CARTESIAN_POINT('',(300.92943056867,-14.47082806693,3.8));
#2126 = DIRECTION('',(-0.98549283874,-0.169717013858,0.));
#2127 = DIRECTION('',(-0.169717013858,0.98549283874,0.));
#2128 = ADVANCED_FACE('',(#2129),#2147,.F.);
#2129 = FACE_BOUND('',#2130,.F.);
#2130 = EDGE_LOOP('',(#2131,#2132,#2133,#2141));
#2131 = ORIENTED_EDGE('',*,*,#2110,.F.);
#2132 = ORIENTED_EDGE('',*,*,#391,.T.);
#2133 = ORIENTED_EDGE('',*,*,#2134,.T.);
#2134 = EDGE_CURVE('',#392,#2135,#2137,.T.);
#2135 = VERTEX_POINT('',#2136);
#2136 = CARTESIAN_POINT('',(249.61975048704,-22.91575138929,16.8));
#2137 = LINE('',#2138,#2139);
#2138 = CARTESIAN_POINT('',(249.61975048704,-22.91575138929,3.8));
#2139 = VECTOR('',#2140,1.);
#2140 = DIRECTION('',(0.,0.,1.));
#2141 = ORIENTED_EDGE('',*,*,#2142,.T.);
#2142 = EDGE_CURVE('',#2135,#2111,#2143,.T.);
#2143 = LINE('',#2144,#2145);
#2144 = CARTESIAN_POINT('',(254.35739362606,-22.13599534765,16.8));
#2145 = VECTOR('',#2146,1.);
#2146 = DIRECTION('',(0.986724616954,0.162402371584,-0.));
#2147 = PLANE('',#2148);
#2148 = AXIS2_PLACEMENT_3D('',#2149,#2150,#2151);
#2149 = CARTESIAN_POINT('',(249.61975048704,-22.91575138929,3.8));
#2150 = DIRECTION('',(-0.162402371584,0.986724616954,0.));
#2151 = DIRECTION('',(0.986724616954,0.162402371584,0.));
#2152 = ADVANCED_FACE('',(#2153),#2171,.F.);
#2153 = FACE_BOUND('',#2154,.F.);
#2154 = EDGE_LOOP('',(#2155,#2156,#2157,#2165));
#2155 = ORIENTED_EDGE('',*,*,#2134,.F.);
#2156 = ORIENTED_EDGE('',*,*,#399,.T.);
#2157 = ORIENTED_EDGE('',*,*,#2158,.T.);
#2158 = EDGE_CURVE('',#400,#2159,#2161,.T.);
#2159 = VERTEX_POINT('',#2160);
#2160 = CARTESIAN_POINT('',(248.98280733302,-19.21722463174,16.8));
#2161 = LINE('',#2162,#2163);
#2162 = CARTESIAN_POINT('',(248.98280733302,-19.21722463174,3.8));
#2163 = VECTOR('',#2164,1.);
#2164 = DIRECTION('',(0.,0.,1.));
#2165 = ORIENTED_EDGE('',*,*,#2166,.T.);
#2166 = EDGE_CURVE('',#2159,#2135,#2167,.T.);
#2167 = LINE('',#2168,#2169);
#2168 = CARTESIAN_POINT('',(242.49515150683,18.454533853639,16.8));
#2169 = VECTOR('',#2170,1.);
#2170 = DIRECTION('',(0.169717013858,-0.98549283874,0.));
#2171 = PLANE('',#2172);
#2172 = AXIS2_PLACEMENT_3D('',#2173,#2174,#2175);
#2173 = CARTESIAN_POINT('',(248.98280733302,-19.21722463174,3.8));
#2174 = DIRECTION('',(0.98549283874,0.169717013858,0.));
#2175 = DIRECTION('',(0.169717013858,-0.98549283874,0.));
#2176 = ADVANCED_FACE('',(#2177),#2195,.F.);
#2177 = FACE_BOUND('',#2178,.F.);
#2178 = EDGE_LOOP('',(#2179,#2180,#2181,#2189));
#2179 = ORIENTED_EDGE('',*,*,#2158,.F.);
#2180 = ORIENTED_EDGE('',*,*,#407,.T.);
#2181 = ORIENTED_EDGE('',*,*,#2182,.T.);
#2182 = EDGE_CURVE('',#408,#2183,#2185,.T.);
#2183 = VERTEX_POINT('',#2184);
#2184 = CARTESIAN_POINT('',(248.29106753252,-15.52855375916,16.8));
#2185 = LINE('',#2186,#2187);
#2186 = CARTESIAN_POINT('',(248.29106753252,-15.52855375916,3.8));
#2187 = VECTOR('',#2188,1.);
#2188 = DIRECTION('',(0.,0.,1.));
#2189 = ORIENTED_EDGE('',*,*,#2190,.T.);
#2190 = EDGE_CURVE('',#2183,#2159,#2191,.T.);
#2191 = LINE('',#2192,#2193);
#2192 = CARTESIAN_POINT('',(241.60586177381,20.120000424579,16.8));
#2193 = VECTOR('',#2194,1.);
#2194 = DIRECTION('',(0.184317882323,-0.982866683867,0.));
#2195 = PLANE('',#2196);
#2196 = AXIS2_PLACEMENT_3D('',#2197,#2198,#2199);
#2197 = CARTESIAN_POINT('',(248.29106753252,-15.52855375916,3.8));
#2198 = DIRECTION('',(0.982866683867,0.184317882323,0.));
#2199 = DIRECTION('',(0.184317882323,-0.982866683867,0.));
#2200 = ADVANCED_FACE('',(#2201),#2219,.F.);
#2201 = FACE_BOUND('',#2202,.F.);
#2202 = EDGE_LOOP('',(#2203,#2204,#2205,#2213));
#2203 = ORIENTED_EDGE('',*,*,#2182,.F.);
#2204 = ORIENTED_EDGE('',*,*,#415,.T.);
#2205 = ORIENTED_EDGE('',*,*,#2206,.T.);
#2206 = EDGE_CURVE('',#416,#2207,#2209,.T.);
#2207 = VERTEX_POINT('',#2208);
#2208 = CARTESIAN_POINT('',(247.54468332505,-11.8505505818,16.8));
#2209 = LINE('',#2210,#2211);
#2210 = CARTESIAN_POINT('',(247.54468332505,-11.8505505818,3.8));
#2211 = VECTOR('',#2212,1.);
#2212 = DIRECTION('',(0.,0.,1.));
#2213 = ORIENTED_EDGE('',*,*,#2214,.T.);
#2214 = EDGE_CURVE('',#2207,#2183,#2215,.T.);
#2215 = LINE('',#2216,#2217);
#2216 = CARTESIAN_POINT('',(240.72207652255,21.769626863074,16.8));
#2217 = VECTOR('',#2218,1.);
#2218 = DIRECTION('',(0.19887818573,-0.980024217681,0.));
#2219 = PLANE('',#2220);
#2220 = AXIS2_PLACEMENT_3D('',#2221,#2222,#2223);
#2221 = CARTESIAN_POINT('',(247.54468332505,-11.8505505818,3.8));
#2222 = DIRECTION('',(0.980024217681,0.19887818573,0.));
#2223 = DIRECTION('',(0.19887818573,-0.980024217681,0.));
#2224 = ADVANCED_FACE('',(#2225),#2243,.F.);
#2225 = FACE_BOUND('',#2226,.F.);
#2226 = EDGE_LOOP('',(#2227,#2228,#2229,#2237));
#2227 = ORIENTED_EDGE('',*,*,#2206,.F.);
#2228 = ORIENTED_EDGE('',*,*,#423,.T.);
#2229 = ORIENTED_EDGE('',*,*,#2230,.T.);
#2230 = EDGE_CURVE('',#424,#2231,#2233,.T.);
#2231 = VERTEX_POINT('',#2232);
#2232 = CARTESIAN_POINT('',(246.74381897636,-8.184024562152,16.8));
#2233 = LINE('',#2234,#2235);
#2234 = CARTESIAN_POINT('',(246.74381897636,-8.184024562152,3.8));
#2235 = VECTOR('',#2236,1.);
#2236 = DIRECTION('',(0.,0.,1.));
#2237 = ORIENTED_EDGE('',*,*,#2238,.T.);
#2238 = EDGE_CURVE('',#2231,#2207,#2239,.T.);
#2239 = LINE('',#2240,#2241);
#2240 = CARTESIAN_POINT('',(239.84408998912,23.404391006303,16.8));
#2241 = VECTOR('',#2242,1.);
#2242 = DIRECTION('',(0.213394719619,-0.976966065756,0.));
#2243 = PLANE('',#2244);
#2244 = AXIS2_PLACEMENT_3D('',#2245,#2246,#2247);
#2245 = CARTESIAN_POINT('',(246.74381897636,-8.184024562152,3.8));
#2246 = DIRECTION('',(0.976966065756,0.213394719619,0.));
#2247 = DIRECTION('',(0.213394719619,-0.976966065756,0.));
#2248 = ADVANCED_FACE('',(#2249),#2267,.F.);
#2249 = FACE_BOUND('',#2250,.F.);
#2250 = EDGE_LOOP('',(#2251,#2252,#2253,#2261));
#2251 = ORIENTED_EDGE('',*,*,#2230,.F.);
#2252 = ORIENTED_EDGE('',*,*,#431,.T.);
#2253 = ORIENTED_EDGE('',*,*,#2254,.T.);
#2254 = EDGE_CURVE('',#432,#2255,#2257,.T.);
#2255 = VERTEX_POINT('',#2256);
#2256 = CARTESIAN_POINT('',(245.88865074234,-4.529782636756,16.8));
#2257 = LINE('',#2258,#2259);
#2258 = CARTESIAN_POINT('',(245.88865074234,-4.529782636756,3.8));
#2259 = VECTOR('',#2260,1.);
#2260 = DIRECTION('',(0.,0.,1.));
#2261 = ORIENTED_EDGE('',*,*,#2262,.T.);
#2262 = EDGE_CURVE('',#2255,#2231,#2263,.T.);
#2263 = LINE('',#2264,#2265);
#2264 = CARTESIAN_POINT('',(238.97215531048,25.025276330901,16.8));
#2265 = VECTOR('',#2266,1.);
#2266 = DIRECTION('',(0.22786428916,-0.973692901138,0.));
#2267 = PLANE('',#2268);
#2268 = AXIS2_PLACEMENT_3D('',#2269,#2270,#2271);
#2269 = CARTESIAN_POINT('',(245.88865074234,-4.529782636756,3.8));
#2270 = DIRECTION('',(0.973692901138,0.22786428916,0.));
#2271 = DIRECTION('',(0.22786428916,-0.973692901138,0.));
#2272 = ADVANCED_FACE('',(#2273),#2291,.F.);
#2273 = FACE_BOUND('',#2274,.F.);
#2274 = EDGE_LOOP('',(#2275,#2276,#2277,#2285));
#2275 = ORIENTED_EDGE('',*,*,#2254,.F.);
#2276 = ORIENTED_EDGE('',*,*,#439,.T.);
#2277 = ORIENTED_EDGE('',*,*,#2278,.T.);
#2278 = EDGE_CURVE('',#440,#2279,#2281,.T.);
#2279 = VERTEX_POINT('',#2280);
#2280 = CARTESIAN_POINT('',(244.97936683015,-0.888629038672,16.8));
#2281 = LINE('',#2282,#2283);
#2282 = CARTESIAN_POINT('',(244.97936683015,-0.888629038672,3.8));
#2283 = VECTOR('',#2284,1.);
#2284 = DIRECTION('',(0.,0.,1.));
#2285 = ORIENTED_EDGE('',*,*,#2286,.T.);
#2286 = EDGE_CURVE('',#2279,#2255,#2287,.T.);
#2287 = LINE('',#2288,#2289);
#2288 = CARTESIAN_POINT('',(238.10648441573,26.63327055393,16.8));
#2289 = VECTOR('',#2290,1.);
#2290 = DIRECTION('',(0.242283709862,-0.97020544419,0.));
#2291 = PLANE('',#2292);
#2292 = AXIS2_PLACEMENT_3D('',#2293,#2294,#2295);
#2293 = CARTESIAN_POINT('',(244.97936683015,-0.888629038672,3.8));
#2294 = DIRECTION('',(0.97020544419,0.242283709862,0.));
#2295 = DIRECTION('',(0.242283709862,-0.97020544419,0.));
#2296 = ADVANCED_FACE('',(#2297),#2315,.F.);
#2297 = FACE_BOUND('',#2298,.F.);
#2298 = EDGE_LOOP('',(#2299,#2300,#2301,#2309));
#2299 = ORIENTED_EDGE('',*,*,#2278,.F.);
#2300 = ORIENTED_EDGE('',*,*,#447,.T.);
#2301 = ORIENTED_EDGE('',*,*,#2302,.T.);
#2302 = EDGE_CURVE('',#448,#2303,#2305,.T.);
#2303 = VERTEX_POINT('',#2304);
#2304 = CARTESIAN_POINT('',(244.01616735686,2.738634879554,16.8));
#2305 = LINE('',#2306,#2307);
#2306 = CARTESIAN_POINT('',(244.01616735686,2.738634879554,3.8));
#2307 = VECTOR('',#2308,1.);
#2308 = DIRECTION('',(0.,0.,1.));
#2309 = ORIENTED_EDGE('',*,*,#2310,.T.);
#2310 = EDGE_CURVE('',#2303,#2279,#2311,.T.);
#2311 = LINE('',#2312,#2313);
#2312 = CARTESIAN_POINT('',(237.24724796208,28.229364232137,16.8));
#2313 = VECTOR('',#2314,1.);
#2314 = DIRECTION('',(0.256649808268,-0.96650446244,0.));
#2315 = PLANE('',#2316);
#2316 = AXIS2_PLACEMENT_3D('',#2317,#2318,#2319);
#2317 = CARTESIAN_POINT('',(244.01616735686,2.738634879554,3.8));
#2318 = DIRECTION('',(0.96650446244,0.256649808268,0.));
#2319 = DIRECTION('',(0.256649808268,-0.96650446244,0.));
#2320 = ADVANCED_FACE('',(#2321),#2339,.F.);
#2321 = FACE_BOUND('',#2322,.F.);
#2322 = EDGE_LOOP('',(#2323,#2324,#2325,#2333));
#2323 = ORIENTED_EDGE('',*,*,#2302,.F.);
#2324 = ORIENTED_EDGE('',*,*,#455,.T.);
#2325 = ORIENTED_EDGE('',*,*,#2326,.T.);
#2326 = EDGE_CURVE('',#456,#2327,#2329,.T.);
#2327 = VERTEX_POINT('',#2328);
#2328 = CARTESIAN_POINT('',(242.99926430539,6.351210822246,16.8));
#2329 = LINE('',#2330,#2331);
#2330 = CARTESIAN_POINT('',(242.99926430539,6.351210822246,3.8));
#2331 = VECTOR('',#2332,1.);
#2332 = DIRECTION('',(0.,0.,1.));
#2333 = ORIENTED_EDGE('',*,*,#2334,.T.);
#2334 = EDGE_CURVE('',#2327,#2303,#2335,.T.);
#2335 = LINE('',#2336,#2337);
#2336 = CARTESIAN_POINT('',(236.3945753146,29.814549360362,16.8));
#2337 = VECTOR('',#2338,1.);
#2338 = DIRECTION('',(0.270959422659,-0.962590770407,0.));
#2339 = PLANE('',#2340);
#2340 = AXIS2_PLACEMENT_3D('',#2341,#2342,#2343);
#2341 = CARTESIAN_POINT('',(242.99926430539,6.351210822246,3.8));
#2342 = DIRECTION('',(0.962590770407,0.270959422659,0.));
#2343 = DIRECTION('',(0.270959422659,-0.962590770407,0.));
#2344 = ADVANCED_FACE('',(#2345),#2363,.F.);
#2345 = FACE_BOUND('',#2346,.F.);
#2346 = EDGE_LOOP('',(#2347,#2348,#2349,#2357));
#2347 = ORIENTED_EDGE('',*,*,#2326,.F.);
#2348 = ORIENTED_EDGE('',*,*,#463,.T.);
#2349 = ORIENTED_EDGE('',*,*,#2350,.T.);
#2350 = EDGE_CURVE('',#464,#2351,#2353,.T.);
#2351 = VERTEX_POINT('',#2352);
#2352 = CARTESIAN_POINT('',(241.92888147785,9.948303726288,16.8));
#2353 = LINE('',#2354,#2355);
#2354 = CARTESIAN_POINT('',(241.92888147785,9.948303726288,3.8));
#2355 = VECTOR('',#2356,1.);
#2356 = DIRECTION('',(0.,0.,1.));
#2357 = ORIENTED_EDGE('',*,*,#2358,.T.);
#2358 = EDGE_CURVE('',#2351,#2327,#2359,.T.);
#2359 = LINE('',#2360,#2361);
#2360 = CARTESIAN_POINT('',(235.54855457049,31.389817970861,16.8));
#2361 = VECTOR('',#2362,1.);
#2362 = DIRECTION('',(0.285209403744,-0.958465229425,0.));
#2363 = PLANE('',#2364);
#2364 = AXIS2_PLACEMENT_3D('',#2365,#2366,#2367);
#2365 = CARTESIAN_POINT('',(241.92888147785,9.948303726288,3.8));
#2366 = DIRECTION('',(0.958465229425,0.285209403744,0.));
#2367 = DIRECTION('',(0.285209403744,-0.958465229425,0.));
#2368 = ADVANCED_FACE('',(#2369),#2387,.F.);
#2369 = FACE_BOUND('',#2370,.F.);
#2370 = EDGE_LOOP('',(#2371,#2372,#2373,#2381));
#2371 = ORIENTED_EDGE('',*,*,#2350,.F.);
#2372 = ORIENTED_EDGE('',*,*,#471,.T.);
#2373 = ORIENTED_EDGE('',*,*,#2374,.T.);
#2374 = EDGE_CURVE('',#472,#2375,#2377,.T.);
#2375 = VERTEX_POINT('',#2376);
#2376 = CARTESIAN_POINT('',(240.80525444627,13.5291219361,16.8));
#2377 = LINE('',#2378,#2379);
#2378 = CARTESIAN_POINT('',(240.80525444627,13.5291219361,3.8));
#2379 = VECTOR('',#2380,1.);
#2380 = DIRECTION('',(0.,0.,1.));
#2381 = ORIENTED_EDGE('',*,*,#2382,.T.);
#2382 = EDGE_CURVE('',#2375,#2351,#2383,.T.);
#2383 = LINE('',#2384,#2385);
#2384 = CARTESIAN_POINT('',(234.70923262714,32.95616073449,16.8));
#2385 = VECTOR('',#2386,1.);
#2386 = DIRECTION('',(0.29939661536,-0.95412874745,0.));
#2387 = PLANE('',#2388);
#2388 = AXIS2_PLACEMENT_3D('',#2389,#2390,#2391);
#2389 = CARTESIAN_POINT('',(240.80525444627,13.5291219361,3.8));
#2390 = DIRECTION('',(0.95412874745,0.29939661536,0.));
#2391 = DIRECTION('',(0.29939661536,-0.95412874745,0.));
#2392 = ADVANCED_FACE('',(#2393),#2411,.F.);
#2393 = FACE_BOUND('',#2394,.F.);
#2394 = EDGE_LOOP('',(#2395,#2396,#2397,#2405));
#2395 = ORIENTED_EDGE('',*,*,#2374,.F.);
#2396 = ORIENTED_EDGE('',*,*,#479,.T.);
#2397 = ORIENTED_EDGE('',*,*,#2398,.T.);
#2398 = EDGE_CURVE('',#480,#2399,#2401,.T.);
#2399 = VERTEX_POINT('',#2400);
#2400 = CARTESIAN_POINT('',(239.62863050081,17.092877377874,16.8));
#2401 = LINE('',#2402,#2403);
#2402 = CARTESIAN_POINT('',(239.62863050081,17.092877377874,3.8));
#2403 = VECTOR('',#2404,1.);
#2404 = DIRECTION('',(0.,0.,1.));
#2405 = ORIENTED_EDGE('',*,*,#2406,.T.);
#2406 = EDGE_CURVE('',#2399,#2375,#2407,.T.);
#2407 = LINE('',#2408,#2409);
#2408 = CARTESIAN_POINT('',(233.87661529468,34.51456556558,16.8));
#2409 = VECTOR('',#2410,1.);
#2410 = DIRECTION('',(0.313517935154,-0.949582278866,0.));
#2411 = PLANE('',#2412);
#2412 = AXIS2_PLACEMENT_3D('',#2413,#2414,#2415);
#2413 = CARTESIAN_POINT('',(239.62863050081,17.092877377874,3.8));
#2414 = DIRECTION('',(0.949582278866,0.313517935154,0.));
#2415 = DIRECTION('',(0.313517935154,-0.949582278866,0.));
#2416 = ADVANCED_FACE('',(#2417),#2435,.F.);
#2417 = FACE_BOUND('',#2418,.F.);
#2418 = EDGE_LOOP('',(#2419,#2420,#2421,#2429));
#2419 = ORIENTED_EDGE('',*,*,#2398,.F.);
#2420 = ORIENTED_EDGE('',*,*,#487,.T.);
#2421 = ORIENTED_EDGE('',*,*,#2422,.T.);
#2422 = EDGE_CURVE('',#488,#2423,#2425,.T.);
#2423 = VERTEX_POINT('',#2424);
#2424 = CARTESIAN_POINT('',(238.39926859527,20.638785733007,16.8));
#2425 = LINE('',#2426,#2427);
#2426 = CARTESIAN_POINT('',(238.39926859527,20.638785733007,3.8));
#2427 = VECTOR('',#2428,1.);
#2428 = DIRECTION('',(0.,0.,1.));
#2429 = ORIENTED_EDGE('',*,*,#2430,.T.);
#2430 = EDGE_CURVE('',#2423,#2399,#2431,.T.);
#2431 = LINE('',#2432,#2433);
#2432 = CARTESIAN_POINT('',(233.05066745189,36.066016231238,16.8));
#2433 = VECTOR('',#2434,1.);
#2434 = DIRECTION('',(0.32757025528,-0.944826824268,0.));
#2435 = PLANE('',#2436);
#2436 = AXIS2_PLACEMENT_3D('',#2437,#2438,#2439);
#2437 = CARTESIAN_POINT('',(238.39926859527,20.638785733007,3.8));
#2438 = DIRECTION('',(0.944826824268,0.32757025528,0.));
#2439 = DIRECTION('',(0.32757025528,-0.944826824268,0.));
#2440 = ADVANCED_FACE('',(#2441),#2459,.F.);
#2441 = FACE_BOUND('',#2442,.F.);
#2442 = EDGE_LOOP('',(#2443,#2444,#2445,#2453));
#2443 = ORIENTED_EDGE('',*,*,#2422,.F.);
#2444 = ORIENTED_EDGE('',*,*,#495,.T.);
#2445 = ORIENTED_EDGE('',*,*,#2446,.T.);
#2446 = EDGE_CURVE('',#496,#2447,#2449,.T.);
#2447 = VERTEX_POINT('',#2448);
#2448 = CARTESIAN_POINT('',(237.11743929014,24.166066610724,16.8));
#2449 = LINE('',#2450,#2451);
#2450 = CARTESIAN_POINT('',(237.11743929014,24.166066610724,3.8));
#2451 = VECTOR('',#2452,1.);
#2452 = DIRECTION('',(0.,0.,1.));
#2453 = ORIENTED_EDGE('',*,*,#2454,.T.);
#2454 = EDGE_CURVE('',#2447,#2423,#2455,.T.);
#2455 = LINE('',#2456,#2457);
#2456 = CARTESIAN_POINT('',(232.23131324645,37.611490967113,16.8));
#2457 = VECTOR('',#2458,1.);
#2458 = DIRECTION('',(0.341550483072,-0.939863430246,0.));
#2459 = PLANE('',#2460);
#2460 = AXIS2_PLACEMENT_3D('',#2461,#2462,#2463);
#2461 = CARTESIAN_POINT('',(237.11743929014,24.166066610724,3.8));
#2462 = DIRECTION('',(0.939863430246,0.341550483072,0.));
#2463 = DIRECTION('',(0.341550483072,-0.939863430246,0.));
#2464 = ADVANCED_FACE('',(#2465),#2483,.F.);
#2465 = FACE_BOUND('',#2466,.F.);
#2466 = EDGE_LOOP('',(#2467,#2468,#2469,#2477));
#2467 = ORIENTED_EDGE('',*,*,#2446,.F.);
#2468 = ORIENTED_EDGE('',*,*,#503,.T.);
#2469 = ORIENTED_EDGE('',*,*,#2470,.T.);
#2470 = EDGE_CURVE('',#504,#2471,#2473,.T.);
#2471 = VERTEX_POINT('',#2472);
#2472 = CARTESIAN_POINT('',(235.78342469303,27.673943719819,16.8));
#2473 = LINE('',#2474,#2475);
#2474 = CARTESIAN_POINT('',(235.78342469303,27.673943719819,3.8));
#2475 = VECTOR('',#2476,1.);
#2476 = DIRECTION('',(0.,0.,1.));
#2477 = ORIENTED_EDGE('',*,*,#2478,.T.);
#2478 = EDGE_CURVE('',#2471,#2447,#2479,.T.);
#2479 = LINE('',#2480,#2481);
#2480 = CARTESIAN_POINT('',(231.4184363382,39.151961100287,16.8));
#2481 = VECTOR('',#2482,1.);
#2482 = DIRECTION('',(0.355455541733,-0.934693189154,0.));
#2483 = PLANE('',#2484);
#2484 = AXIS2_PLACEMENT_3D('',#2485,#2486,#2487);
#2485 = CARTESIAN_POINT('',(235.78342469303,27.673943719819,3.8));
#2486 = DIRECTION('',(0.934693189154,0.355455541733,0.));
#2487 = DIRECTION('',(0.355455541733,-0.934693189154,0.));
#2488 = ADVANCED_FACE('',(#2489),#2507,.F.);
#2489 = FACE_BOUND('',#2490,.F.);
#2490 = EDGE_LOOP('',(#2491,#2492,#2493,#2501));
#2491 = ORIENTED_EDGE('',*,*,#2470,.F.);
#2492 = ORIENTED_EDGE('',*,*,#511,.T.);
#2493 = ORIENTED_EDGE('',*,*,#2494,.T.);
#2494 = EDGE_CURVE('',#512,#2495,#2497,.T.);
#2495 = VERTEX_POINT('',#2496);
#2496 = CARTESIAN_POINT('',(234.39751839662,31.161645039509,16.8));
#2497 = LINE('',#2498,#2499);
#2498 = CARTESIAN_POINT('',(234.39751839662,31.161645039509,3.8));
#2499 = VECTOR('',#2500,1.);
#2500 = DIRECTION('',(0.,0.,1.));
#2501 = ORIENTED_EDGE('',*,*,#2502,.T.);
#2502 = EDGE_CURVE('',#2495,#2471,#2503,.T.);
#2503 = LINE('',#2504,#2505);
#2504 = CARTESIAN_POINT('',(230.61188018599,40.688389681083,16.8));
#2505 = VECTOR('',#2506,1.);
#2506 = DIRECTION('',(0.369282371011,-0.92931723887,0.));
#2507 = PLANE('',#2508);
#2508 = AXIS2_PLACEMENT_3D('',#2509,#2510,#2511);
#2509 = CARTESIAN_POINT('',(234.39751839662,31.161645039509,3.8));
#2510 = DIRECTION('',(0.92931723887,0.369282371011,0.));
#2511 = DIRECTION('',(0.369282371011,-0.92931723887,0.));
#2512 = ADVANCED_FACE('',(#2513),#2531,.F.);
#2513 = FACE_BOUND('',#2514,.F.);
#2514 = EDGE_LOOP('',(#2515,#2516,#2517,#2525));
#2515 = ORIENTED_EDGE('',*,*,#2494,.F.);
#2516 = ORIENTED_EDGE('',*,*,#519,.T.);
#2517 = ORIENTED_EDGE('',*,*,#2518,.T.);
#2518 = EDGE_CURVE('',#520,#2519,#2521,.T.);
#2519 = VERTEX_POINT('',#2520);
#2520 = CARTESIAN_POINT('',(232.960025414,34.628402989341,16.8));
#2521 = LINE('',#2522,#2523);
#2522 = CARTESIAN_POINT('',(232.960025414,34.628402989341,3.8));
#2523 = VECTOR('',#2524,1.);
#2524 = DIRECTION('',(0.,0.,1.));
#2525 = ORIENTED_EDGE('',*,*,#2526,.T.);
#2526 = EDGE_CURVE('',#2519,#2495,#2527,.T.);
#2527 = LINE('',#2528,#2529);
#2528 = CARTESIAN_POINT('',(229.81144837742,42.221730124959,16.8));
#2529 = VECTOR('',#2530,1.);
#2530 = DIRECTION('',(0.383027927868,-0.923736762543,0.));
#2531 = PLANE('',#2532);
#2532 = AXIS2_PLACEMENT_3D('',#2533,#2534,#2535);
#2533 = CARTESIAN_POINT('',(232.960025414,34.628402989341,3.8));
#2534 = DIRECTION('',(0.923736762543,0.383027927868,0.));
#2535 = DIRECTION('',(0.383027927868,-0.923736762543,0.));
#2536 = ADVANCED_FACE('',(#2537),#2555,.F.);
#2537 = FACE_BOUND('',#2538,.F.);
#2538 = EDGE_LOOP('',(#2539,#2540,#2541,#2549));
#2539 = ORIENTED_EDGE('',*,*,#2518,.F.);
#2540 = ORIENTED_EDGE('',*,*,#527,.T.);
#2541 = ORIENTED_EDGE('',*,*,#2542,.T.);
#2542 = EDGE_CURVE('',#528,#2543,#2545,.T.);
#2543 = VERTEX_POINT('',#2544);
#2544 = CARTESIAN_POINT('',(231.47126211157,38.07345459812,16.8));
#2545 = LINE('',#2546,#2547);
#2546 = CARTESIAN_POINT('',(231.47126211157,38.07345459812,3.8));
#2547 = VECTOR('',#2548,1.);
#2548 = DIRECTION('',(0.,0.,1.));
#2549 = ORIENTED_EDGE('',*,*,#2550,.T.);
#2550 = EDGE_CURVE('',#2543,#2519,#2551,.T.);
#2551 = LINE('',#2552,#2553);
#2552 = CARTESIAN_POINT('',(229.01690500119,43.75292486572,16.8));
#2553 = VECTOR('',#2554,1.);
#2554 = DIRECTION('',(0.396689187153,-0.917952988336,0.));
#2555 = PLANE('',#2556);
#2556 = AXIS2_PLACEMENT_3D('',#2557,#2558,#2559);
#2557 = CARTESIAN_POINT('',(231.47126211157,38.07345459812,3.8));
#2558 = DIRECTION('',(0.917952988336,0.396689187153,0.));
#2559 = DIRECTION('',(0.396689187153,-0.917952988336,0.));
#2560 = ADVANCED_FACE('',(#2561),#2579,.F.);
#2561 = FACE_BOUND('',#2562,.F.);
#2562 = EDGE_LOOP('',(#2563,#2564,#2565,#2573));
#2563 = ORIENTED_EDGE('',*,*,#2542,.F.);
#2564 = ORIENTED_EDGE('',*,*,#535,.T.);
#2565 = ORIENTED_EDGE('',*,*,#2566,.T.);
#2566 = EDGE_CURVE('',#536,#2567,#2569,.T.);
#2567 = VERTEX_POINT('',#2568);
#2568 = CARTESIAN_POINT('',(229.93155613942,41.496041671829,16.8));
#2569 = LINE('',#2570,#2571);
#2570 = CARTESIAN_POINT('',(229.93155613942,41.496041671829,3.8));
#2571 = VECTOR('',#2572,1.);
#2572 = DIRECTION('',(0.,0.,1.));
#2573 = ORIENTED_EDGE('',*,*,#2574,.T.);
#2574 = EDGE_CURVE('',#2567,#2543,#2575,.T.);
#2575 = LINE('',#2576,#2577);
#2576 = CARTESIAN_POINT('',(228.22797506176,45.282904021432,16.8));
#2577 = VECTOR('',#2578,1.);
#2578 = DIRECTION('',(0.410263142269,-0.911967189155,0.));
#2579 = PLANE('',#2580);
#2580 = AXIS2_PLACEMENT_3D('',#2581,#2582,#2583);
#2581 = CARTESIAN_POINT('',(229.93155613942,41.496041671829,3.8));
#2582 = DIRECTION('',(0.911967189155,0.410263142269,0.));
#2583 = DIRECTION('',(0.410263142269,-0.911967189155,0.));
#2584 = ADVANCED_FACE('',(#2585),#2603,.F.);
#2585 = FACE_BOUND('',#2586,.F.);
#2586 = EDGE_LOOP('',(#2587,#2588,#2589,#2597));
#2587 = ORIENTED_EDGE('',*,*,#2566,.F.);
#2588 = ORIENTED_EDGE('',*,*,#543,.T.);
#2589 = ORIENTED_EDGE('',*,*,#2590,.T.);
#2590 = EDGE_CURVE('',#544,#2591,#2593,.T.);
#2591 = VERTEX_POINT('',#2592);
#2592 = CARTESIAN_POINT('',(228.34124635918,44.89541096049,16.8));
#2593 = LINE('',#2594,#2595);
#2594 = CARTESIAN_POINT('',(228.34124635918,44.89541096049,3.8));
#2595 = VECTOR('',#2596,1.);
#2596 = DIRECTION('',(0.,0.,1.));
#2597 = ORIENTED_EDGE('',*,*,#2598,.T.);
#2598 = EDGE_CURVE('',#2591,#2567,#2599,.T.);
#2599 = LINE('',#2600,#2601);
#2600 = CARTESIAN_POINT('',(227.44434493588,46.812584074315,16.8));
#2601 = VECTOR('',#2602,1.);
#2602 = DIRECTION('',(0.423746805832,-0.905780682366,0.));
#2603 = PLANE('',#2604);
#2604 = AXIS2_PLACEMENT_3D('',#2605,#2606,#2607);
#2605 = CARTESIAN_POINT('',(228.34124635918,44.89541096049,3.8));
#2606 = DIRECTION('',(0.905780682366,0.423746805832,0.));
#2607 = DIRECTION('',(0.423746805832,-0.905780682366,0.));
#2608 = ADVANCED_FACE('',(#2609),#2627,.F.);
#2609 = FACE_BOUND('',#2610,.F.);
#2610 = EDGE_LOOP('',(#2611,#2612,#2613,#2621));
#2611 = ORIENTED_EDGE('',*,*,#2590,.F.);
#2612 = ORIENTED_EDGE('',*,*,#551,.T.);
#2613 = ORIENTED_EDGE('',*,*,#2614,.T.);
#2614 = EDGE_CURVE('',#552,#2615,#2617,.T.);
#2615 = VERTEX_POINT('',#2616);
#2616 = CARTESIAN_POINT('',(226.7006827695,48.270814323944,16.8));
#2617 = LINE('',#2618,#2619);
#2618 = CARTESIAN_POINT('',(226.7006827695,48.270814323944,3.8));
#2619 = VECTOR('',#2620,1.);
#2620 = DIRECTION('',(0.,0.,1.));
#2621 = ORIENTED_EDGE('',*,*,#2622,.T.);
#2622 = EDGE_CURVE('',#2615,#2591,#2623,.T.);
#2623 = LINE('',#2624,#2625);
#2624 = CARTESIAN_POINT('',(226.66566287055,48.342866565888,16.8));
#2625 = VECTOR('',#2626,1.);
#2626 = DIRECTION('',(0.43713721033,-0.899394829508,0.));
#2627 = PLANE('',#2628);
#2628 = AXIS2_PLACEMENT_3D('',#2629,#2630,#2631);
#2629 = CARTESIAN_POINT('',(226.7006827695,48.270814323944,3.8));
#2630 = DIRECTION('',(0.899394829508,0.43713721033,0.));
#2631 = DIRECTION('',(0.43713721033,-0.899394829508,0.));
#2632 = ADVANCED_FACE('',(#2633),#2651,.F.);
#2633 = FACE_BOUND('',#2634,.F.);
#2634 = EDGE_LOOP('',(#2635,#2636,#2637,#2645));
#2635 = ORIENTED_EDGE('',*,*,#2614,.F.);
#2636 = ORIENTED_EDGE('',*,*,#559,.T.);
#2637 = ORIENTED_EDGE('',*,*,#2638,.T.);
#2638 = EDGE_CURVE('',#560,#2639,#2641,.T.);
#2639 = VERTEX_POINT('',#2640);
#2640 = CARTESIAN_POINT('',(225.01022642897,51.6215088965,16.8));
#2641 = LINE('',#2642,#2643);
#2642 = CARTESIAN_POINT('',(225.01022642897,51.6215088965,3.8));
#2643 = VECTOR('',#2644,1.);
#2644 = DIRECTION('',(0.,0.,1.));
#2645 = ORIENTED_EDGE('',*,*,#2646,.T.);
#2646 = EDGE_CURVE('',#2639,#2615,#2647,.T.);
#2647 = LINE('',#2648,#2649);
#2648 = CARTESIAN_POINT('',(225.89153952187,49.874636808581,16.8));
#2649 = VECTOR('',#2650,1.);
#2650 = DIRECTION('',(0.450431408775,-0.892811035992,0.));
#2651 = PLANE('',#2652);
#2652 = AXIS2_PLACEMENT_3D('',#2653,#2654,#2655);
#2653 = CARTESIAN_POINT('',(225.01022642897,51.6215088965,3.8));
#2654 = DIRECTION('',(0.892811035992,0.450431408775,0.));
#2655 = DIRECTION('',(0.450431408775,-0.892811035992,0.));
#2656 = ADVANCED_FACE('',(#2657),#2675,.F.);
#2657 = FACE_BOUND('',#2658,.F.);
#2658 = EDGE_LOOP('',(#2659,#2660,#2661,#2669));
#2659 = ORIENTED_EDGE('',*,*,#2638,.F.);
#2660 = ORIENTED_EDGE('',*,*,#567,.T.);
#2661 = ORIENTED_EDGE('',*,*,#2662,.T.);
#2662 = EDGE_CURVE('',#568,#2663,#2665,.T.);
#2663 = VERTEX_POINT('',#2664);
#2664 = CARTESIAN_POINT('',(223.27024937668,54.946757250432,16.8));
#2665 = LINE('',#2666,#2667);
#2666 = CARTESIAN_POINT('',(223.27024937668,54.946757250432,3.8));
#2667 = VECTOR('',#2668,1.);
#2668 = DIRECTION('',(0.,0.,1.));
#2669 = ORIENTED_EDGE('',*,*,#2670,.T.);
#2670 = EDGE_CURVE('',#2663,#2639,#2671,.T.);
#2671 = LINE('',#2672,#2673);
#2672 = CARTESIAN_POINT('',(225.12154853431,51.408762615124,16.8));
#2673 = VECTOR('',#2674,1.);
#2674 = DIRECTION('',(0.463626475352,-0.886030750794,0.));
#2675 = PLANE('',#2676);
#2676 = AXIS2_PLACEMENT_3D('',#2677,#2678,#2679);
#2677 = CARTESIAN_POINT('',(223.27024937668,54.946757250432,3.8));
#2678 = DIRECTION('',(0.886030750794,0.463626475352,0.));
#2679 = DIRECTION('',(0.463626475352,-0.886030750794,0.));
#2680 = ADVANCED_FACE('',(#2681),#2699,.F.);
#2681 = FACE_BOUND('',#2682,.F.);
#2682 = EDGE_LOOP('',(#2683,#2684,#2685,#2693));
#2683 = ORIENTED_EDGE('',*,*,#2662,.F.);
#2684 = ORIENTED_EDGE('',*,*,#575,.T.);
#2685 = ORIENTED_EDGE('',*,*,#2686,.T.);
#2686 = EDGE_CURVE('',#576,#2687,#2689,.T.);
#2687 = VERTEX_POINT('',#2688);
#2688 = CARTESIAN_POINT('',(221.48113455036,58.245827558266,16.8));
#2689 = LINE('',#2690,#2691);
#2690 = CARTESIAN_POINT('',(221.48113455036,58.245827558266,3.8));
#2691 = VECTOR('',#2692,1.);
#2692 = DIRECTION('',(0.,0.,1.));
#2693 = ORIENTED_EDGE('',*,*,#2694,.T.);
#2694 = EDGE_CURVE('',#2687,#2663,#2695,.T.);
#2695 = LINE('',#2696,#2697);
#2696 = CARTESIAN_POINT('',(224.35522715985,52.946093046855,16.8));
#2697 = VECTOR('',#2698,1.);
#2698 = DIRECTION('',(0.476719506064,-0.879055466133,0.));
#2699 = PLANE('',#2700);
#2700 = AXIS2_PLACEMENT_3D('',#2701,#2702,#2703);
#2701 = CARTESIAN_POINT('',(221.48113455036,58.245827558266,3.8));
#2702 = DIRECTION('',(0.879055466133,0.476719506064,0.));
#2703 = DIRECTION('',(0.476719506064,-0.879055466133,0.));
#2704 = ADVANCED_FACE('',(#2705),#2723,.F.);
#2705 = FACE_BOUND('',#2706,.F.);
#2706 = EDGE_LOOP('',(#2707,#2708,#2709,#2717));
#2707 = ORIENTED_EDGE('',*,*,#2686,.F.);
#2708 = ORIENTED_EDGE('',*,*,#583,.T.);
#2709 = ORIENTED_EDGE('',*,*,#2710,.T.);
#2710 = EDGE_CURVE('',#584,#2711,#2713,.T.);
#2711 = VERTEX_POINT('',#2712);
#2712 = CARTESIAN_POINT('',(219.64327570205,61.517993753848,16.8));
#2713 = LINE('',#2714,#2715);
#2714 = CARTESIAN_POINT('',(219.64327570205,61.517993753848,3.8));
#2715 = VECTOR('',#2716,1.);
#2716 = DIRECTION('',(0.,0.,1.));
#2717 = ORIENTED_EDGE('',*,*,#2718,.T.);
#2718 = EDGE_CURVE('',#2711,#2687,#2719,.T.);
#2719 = LINE('',#2720,#2721);
#2720 = CARTESIAN_POINT('',(223.59207691633,54.48745718224,16.8));
#2721 = VECTOR('',#2722,1.);
#2722 = DIRECTION('',(0.48970761937,-0.871886717143,0.));
#2723 = PLANE('',#2724);
#2724 = AXIS2_PLACEMENT_3D('',#2725,#2726,#2727);
#2725 = CARTESIAN_POINT('',(219.64327570205,61.517993753848,3.8));
#2726 = DIRECTION('',(0.871886717143,0.48970761937,0.));
#2727 = DIRECTION('',(0.48970761937,-0.871886717143,0.));
#2728 = ADVANCED_FACE('',(#2729),#2747,.F.);
#2729 = FACE_BOUND('',#2730,.F.);
#2730 = EDGE_LOOP('',(#2731,#2732,#2733,#2741));
#2731 = ORIENTED_EDGE('',*,*,#2710,.F.);
#2732 = ORIENTED_EDGE('',*,*,#591,.T.);
#2733 = ORIENTED_EDGE('',*,*,#2734,.T.);
#2734 = EDGE_CURVE('',#592,#2735,#2737,.T.);
#2735 = VERTEX_POINT('',#2736);
#2736 = CARTESIAN_POINT('',(217.75707731151,64.762535692137,16.8));
#2737 = LINE('',#2738,#2739);
#2738 = CARTESIAN_POINT('',(217.75707731151,64.762535692137,3.8));
#2739 = VECTOR('',#2740,1.);
#2740 = DIRECTION('',(0.,0.,1.));
#2741 = ORIENTED_EDGE('',*,*,#2742,.T.);
#2742 = EDGE_CURVE('',#2735,#2711,#2743,.T.);
#2743 = LINE('',#2744,#2745);
#2744 = CARTESIAN_POINT('',(222.83156428445,56.033662906775,16.8));
#2745 = VECTOR('',#2746,1.);
#2746 = DIRECTION('',(0.50258795682,-0.864526081538,0.));
#2747 = PLANE('',#2748);
#2748 = AXIS2_PLACEMENT_3D('',#2749,#2750,#2751);
#2749 = CARTESIAN_POINT('',(217.75707731151,64.762535692137,3.8));
#2750 = DIRECTION('',(0.864526081538,0.50258795682,0.));
#2751 = DIRECTION('',(0.50258795682,-0.864526081538,0.));
#2752 = ADVANCED_FACE('',(#2753),#2771,.F.);
#2753 = FACE_BOUND('',#2754,.F.);
#2754 = EDGE_LOOP('',(#2755,#2756,#2757,#2765));
#2755 = ORIENTED_EDGE('',*,*,#2734,.F.);
#2756 = ORIENTED_EDGE('',*,*,#599,.T.);
#2757 = ORIENTED_EDGE('',*,*,#2758,.T.);
#2758 = EDGE_CURVE('',#600,#2759,#2761,.T.);
#2759 = VERTEX_POINT('',#2760);
#2760 = CARTESIAN_POINT('',(215.82295449713,67.978739307693,16.8));
#2761 = LINE('',#2762,#2763);
#2762 = CARTESIAN_POINT('',(215.82295449713,67.978739307693,3.8));
#2763 = VECTOR('',#2764,1.);
#2764 = DIRECTION('',(0.,0.,1.));
#2765 = ORIENTED_EDGE('',*,*,#2766,.T.);
#2766 = EDGE_CURVE('',#2759,#2735,#2767,.T.);
#2767 = LINE('',#2768,#2769);
#2768 = CARTESIAN_POINT('',(222.07312144261,57.585495725384,16.8));
#2769 = VECTOR('',#2770,1.);
#2770 = DIRECTION('',(0.515357683682,-0.856975179261,0.));
#2771 = PLANE('',#2772);
#2772 = AXIS2_PLACEMENT_3D('',#2773,#2774,#2775);
#2773 = CARTESIAN_POINT('',(215.82295449713,67.978739307693,3.8));
#2774 = DIRECTION('',(0.856975179261,0.515357683682,0.));
#2775 = DIRECTION('',(0.515357683682,-0.856975179261,0.));
#2776 = ADVANCED_FACE('',(#2777),#2795,.F.);
#2777 = FACE_BOUND('',#2778,.F.);
#2778 = EDGE_LOOP('',(#2779,#2780,#2781,#2789));
#2779 = ORIENTED_EDGE('',*,*,#2758,.F.);
#2780 = ORIENTED_EDGE('',*,*,#607,.T.);
#2781 = ORIENTED_EDGE('',*,*,#2782,.T.);
#2782 = EDGE_CURVE('',#608,#2783,#2785,.T.);
#2783 = VERTEX_POINT('',#2784);
#2784 = CARTESIAN_POINT('',(213.84133292463,71.165896771833,16.8));
#2785 = LINE('',#2786,#2787);
#2786 = CARTESIAN_POINT('',(213.84133292463,71.165896771833,3.8));
#2787 = VECTOR('',#2788,1.);
#2788 = DIRECTION('',(0.,0.,1.));
#2789 = ORIENTED_EDGE('',*,*,#2790,.T.);
#2790 = EDGE_CURVE('',#2783,#2759,#2791,.T.);
#2791 = LINE('',#2792,#2793);
#2792 = CARTESIAN_POINT('',(221.31614703915,59.143717598535,16.8));
#2793 = VECTOR('',#2794,1.);
#2794 = DIRECTION('',(0.528013989569,-0.849235672131,0.));
#2795 = PLANE('',#2796);
#2796 = AXIS2_PLACEMENT_3D('',#2797,#2798,#2799);
#2797 = CARTESIAN_POINT('',(213.84133292463,71.165896771833,3.8));
#2798 = DIRECTION('',(0.849235672131,0.528013989569,0.));
#2799 = DIRECTION('',(0.528013989569,-0.849235672131,0.));
#2800 = ADVANCED_FACE('',(#2801),#2819,.F.);
#2801 = FACE_BOUND('',#2802,.F.);
#2802 = EDGE_LOOP('',(#2803,#2804,#2805,#2813));
#2803 = ORIENTED_EDGE('',*,*,#2782,.F.);
#2804 = ORIENTED_EDGE('',*,*,#615,.T.);
#2805 = ORIENTED_EDGE('',*,*,#2806,.T.);
#2806 = EDGE_CURVE('',#616,#2807,#2809,.T.);
#2807 = VERTEX_POINT('',#2808);
#2808 = CARTESIAN_POINT('',(211.81264871336,74.323306648412,16.8));
#2809 = LINE('',#2810,#2811);
#2810 = CARTESIAN_POINT('',(211.81264871336,74.323306648412,3.8));
#2811 = VECTOR('',#2812,1.);
#2812 = DIRECTION('',(0.,0.,1.));
#2813 = ORIENTED_EDGE('',*,*,#2814,.T.);
#2814 = EDGE_CURVE('',#2807,#2783,#2815,.T.);
#2815 = LINE('',#2816,#2817);
#2816 = CARTESIAN_POINT('',(220.56000700097,60.709065803169,16.8));
#2817 = VECTOR('',#2818,1.);
#2818 = DIRECTION('',(0.540554089056,-0.841309263473,0.));
#2819 = PLANE('',#2820);
#2820 = AXIS2_PLACEMENT_3D('',#2821,#2822,#2823);
#2821 = CARTESIAN_POINT('',(211.81264871336,74.323306648412,3.8));
#2822 = DIRECTION('',(0.841309263473,0.540554089056,0.));
#2823 = DIRECTION('',(0.540554089056,-0.841309263473,0.));
#2824 = ADVANCED_FACE('',(#2825),#2843,.F.);
#2825 = FACE_BOUND('',#2826,.F.);
#2826 = EDGE_LOOP('',(#2827,#2828,#2829,#2837));
#2827 = ORIENTED_EDGE('',*,*,#2806,.F.);
#2828 = ORIENTED_EDGE('',*,*,#623,.T.);
#2829 = ORIENTED_EDGE('',*,*,#2830,.T.);
#2830 = EDGE_CURVE('',#624,#2831,#2833,.T.);
#2831 = VERTEX_POINT('',#2832);
#2832 = CARTESIAN_POINT('',(209.73734834027,77.450274048192,16.8));
#2833 = LINE('',#2834,#2835);
#2834 = CARTESIAN_POINT('',(209.73734834027,77.450274048192,3.8));
#2835 = VECTOR('',#2836,1.);
#2836 = DIRECTION('',(0.,0.,1.));
#2837 = ORIENTED_EDGE('',*,*,#2838,.T.);
#2838 = EDGE_CURVE('',#2831,#2807,#2839,.T.);
#2839 = LINE('',#2840,#2841);
#2840 = CARTESIAN_POINT('',(219.80403537776,62.282251819535,16.8));
#2841 = VECTOR('',#2842,1.);
#2842 = DIRECTION('',(0.55297522229,-0.833197697748,0.));
#2843 = PLANE('',#2844);
#2844 = AXIS2_PLACEMENT_3D('',#2845,#2846,#2847);
#2845 = CARTESIAN_POINT('',(209.73734834027,77.450274048192,3.8));
#2846 = DIRECTION('',(0.833197697748,0.55297522229,0.));
#2847 = DIRECTION('',(0.55297522229,-0.833197697748,0.));
#2848 = ADVANCED_FACE('',(#2849),#2867,.F.);
#2849 = FACE_BOUND('',#2850,.F.);
#2850 = EDGE_LOOP('',(#2851,#2852,#2853,#2861));
#2851 = ORIENTED_EDGE('',*,*,#2830,.F.);
#2852 = ORIENTED_EDGE('',*,*,#631,.T.);
#2853 = ORIENTED_EDGE('',*,*,#2854,.T.);
#2854 = EDGE_CURVE('',#632,#2855,#2857,.T.);
#2855 = VERTEX_POINT('',#2856);
#2856 = CARTESIAN_POINT('',(207.61588854175,80.546110781781,16.8));
#2857 = LINE('',#2858,#2859);
#2858 = CARTESIAN_POINT('',(207.61588854175,80.546110781781,3.8));
#2859 = VECTOR('',#2860,1.);
#2860 = DIRECTION('',(0.,0.,1.));
#2861 = ORIENTED_EDGE('',*,*,#2862,.T.);
#2862 = EDGE_CURVE('',#2855,#2831,#2863,.T.);
#2863 = LINE('',#2864,#2865);
#2864 = CARTESIAN_POINT('',(219.04753522151,63.863960245066,16.8));
#2865 = VECTOR('',#2866,1.);
#2866 = DIRECTION('',(0.565274655605,-0.824902760167,0.));
#2867 = PLANE('',#2868);
#2868 = AXIS2_PLACEMENT_3D('',#2869,#2870,#2871);
#2869 = CARTESIAN_POINT('',(207.61588854175,80.546110781781,3.8));
#2870 = DIRECTION('',(0.824902760167,0.565274655605,0.));
#2871 = DIRECTION('',(0.565274655605,-0.824902760167,0.));
#2872 = ADVANCED_FACE('',(#2873),#2891,.F.);
#2873 = FACE_BOUND('',#2874,.F.);
#2874 = EDGE_LOOP('',(#2875,#2876,#2877,#2885));
#2875 = ORIENTED_EDGE('',*,*,#2854,.F.);
#2876 = ORIENTED_EDGE('',*,*,#639,.T.);
#2877 = ORIENTED_EDGE('',*,*,#2878,.T.);
#2878 = EDGE_CURVE('',#640,#2879,#2881,.T.);
#2879 = VERTEX_POINT('',#2880);
#2880 = CARTESIAN_POINT('',(205.44873621299,83.610135511086,16.8));
#2881 = LINE('',#2882,#2883);
#2882 = CARTESIAN_POINT('',(205.44873621299,83.610135511086,3.8));
#2883 = VECTOR('',#2884,1.);
#2884 = DIRECTION('',(0.,0.,1.));
#2885 = ORIENTED_EDGE('',*,*,#2886,.T.);
#2886 = EDGE_CURVE('',#2879,#2855,#2887,.T.);
#2887 = LINE('',#2888,#2889);
#2888 = CARTESIAN_POINT('',(218.28977949965,65.454847736268,16.8));
#2889 = VECTOR('',#2890,1.);
#2890 = DIRECTION('',(0.577449682115,-0.816426276295,0.));
#2891 = PLANE('',#2892);
#2892 = AXIS2_PLACEMENT_3D('',#2893,#2894,#2895);
#2893 = CARTESIAN_POINT('',(205.44873621299,83.610135511086,3.8));
#2894 = DIRECTION('',(0.816426276295,0.577449682115,0.));
#2895 = DIRECTION('',(0.577449682115,-0.816426276295,0.));
#2896 = ADVANCED_FACE('',(#2897),#2915,.F.);
#2897 = FACE_BOUND('',#2898,.F.);
#2898 = EDGE_LOOP('',(#2899,#2900,#2901,#2909));
#2899 = ORIENTED_EDGE('',*,*,#2878,.F.);
#2900 = ORIENTED_EDGE('',*,*,#647,.T.);
#2901 = ORIENTED_EDGE('',*,*,#2902,.T.);
#2902 = EDGE_CURVE('',#648,#2903,#2905,.T.);
#2903 = VERTEX_POINT('',#2904);
#2904 = CARTESIAN_POINT('',(203.23636830534,86.641673899265,16.8));
#2905 = LINE('',#2906,#2907);
#2906 = CARTESIAN_POINT('',(203.23636830534,86.641673899265,3.8));
#2907 = VECTOR('',#2908,1.);
#2908 = DIRECTION('',(0.,0.,1.));
#2909 = ORIENTED_EDGE('',*,*,#2910,.T.);
#2910 = EDGE_CURVE('',#2903,#2879,#2911,.T.);
#2911 = LINE('',#2912,#2913);
#2912 = CARTESIAN_POINT('',(217.53001204171,67.055541979746,16.8));
#2913 = VECTOR('',#2914,1.);
#2914 = DIRECTION('',(0.589497622315,-0.807770111656,0.));
#2915 = PLANE('',#2916);
#2916 = AXIS2_PLACEMENT_3D('',#2917,#2918,#2919);
#2917 = CARTESIAN_POINT('',(203.23636830534,86.641673899265,3.8));
#2918 = DIRECTION('',(0.807770111656,0.589497622315,0.));
#2919 = DIRECTION('',(0.589497622315,-0.807770111656,0.));
#2920 = ADVANCED_FACE('',(#2921),#2939,.F.);
#2921 = FACE_BOUND('',#2922,.F.);
#2922 = EDGE_LOOP('',(#2923,#2924,#2925,#2933));
#2923 = ORIENTED_EDGE('',*,*,#2902,.F.);
#2924 = ORIENTED_EDGE('',*,*,#655,.T.);
#2925 = ORIENTED_EDGE('',*,*,#2926,.T.);
#2926 = EDGE_CURVE('',#656,#2927,#2929,.T.);
#2927 = VERTEX_POINT('',#2928);
#2928 = CARTESIAN_POINT('',(200.97927172126,89.640058759137,16.8));
#2929 = LINE('',#2930,#2931);
#2930 = CARTESIAN_POINT('',(200.97927172126,89.640058759137,3.8));
#2931 = VECTOR('',#2932,1.);
#2932 = DIRECTION('',(0.,0.,1.));
#2933 = ORIENTED_EDGE('',*,*,#2934,.T.);
#2934 = EDGE_CURVE('',#2927,#2903,#2935,.T.);
#2935 = LINE('',#2936,#2937);
#2936 = CARTESIAN_POINT('',(216.76744851821,68.666640693317,16.8));
#2937 = VECTOR('',#2938,1.);
#2938 = DIRECTION('',(0.60141582467,-0.798936171315,0.));
#2939 = PLANE('',#2940);
#2940 = AXIS2_PLACEMENT_3D('',#2941,#2942,#2943);
#2941 = CARTESIAN_POINT('',(200.97927172126,89.640058759137,3.8));
#2942 = DIRECTION('',(0.798936171315,0.60141582467,0.));
#2943 = DIRECTION('',(0.60141582467,-0.798936171315,0.));
#2944 = ADVANCED_FACE('',(#2945),#2963,.F.);
#2945 = FACE_BOUND('',#2946,.F.);
#2946 = EDGE_LOOP('',(#2947,#2948,#2949,#2957));
#2947 = ORIENTED_EDGE('',*,*,#2926,.F.);
#2948 = ORIENTED_EDGE('',*,*,#663,.T.);
#2949 = ORIENTED_EDGE('',*,*,#2950,.T.);
#2950 = EDGE_CURVE('',#664,#2951,#2953,.T.);
#2951 = VERTEX_POINT('',#2952);
#2952 = CARTESIAN_POINT('',(198.67794320718,92.604630200017,16.8));
#2953 = LINE('',#2954,#2955);
#2954 = CARTESIAN_POINT('',(198.67794320718,92.604630200017,3.8));
#2955 = VECTOR('',#2956,1.);
#2956 = DIRECTION('',(0.,0.,1.));
#2957 = ORIENTED_EDGE('',*,*,#2958,.T.);
#2958 = EDGE_CURVE('',#2951,#2927,#2959,.T.);
#2959 = LINE('',#2960,#2961);
#2960 = CARTESIAN_POINT('',(216.00127745082,70.288710658185,16.8));
#2961 = VECTOR('',#2962,1.);
#2962 = DIRECTION('',(0.613201666199,-0.789926399465,0.));
#2963 = PLANE('',#2964);
#2964 = AXIS2_PLACEMENT_3D('',#2965,#2966,#2967);
#2965 = CARTESIAN_POINT('',(198.67794320718,92.604630200017,3.8));
#2966 = DIRECTION('',(0.789926399465,0.613201666199,0.));
#2967 = DIRECTION('',(0.613201666199,-0.789926399465,0.));
#2968 = ADVANCED_FACE('',(#2969),#2987,.F.);
#2969 = FACE_BOUND('',#2970,.F.);
#2970 = EDGE_LOOP('',(#2971,#2972,#2973,#2981));
#2971 = ORIENTED_EDGE('',*,*,#2950,.F.);
#2972 = ORIENTED_EDGE('',*,*,#671,.T.);
#2973 = ORIENTED_EDGE('',*,*,#2974,.T.);
#2974 = EDGE_CURVE('',#672,#2975,#2977,.T.);
#2975 = VERTEX_POINT('',#2976);
#2976 = CARTESIAN_POINT('',(196.3328892442,95.534735772948,16.8));
#2977 = LINE('',#2978,#2979);
#2978 = CARTESIAN_POINT('',(196.3328892442,95.534735772948,3.8));
#2979 = VECTOR('',#2980,1.);
#2980 = DIRECTION('',(0.,0.,1.));
#2981 = ORIENTED_EDGE('',*,*,#2982,.T.);
#2982 = EDGE_CURVE('',#2975,#2951,#2983,.T.);
#2983 = LINE('',#2984,#2985);
#2984 = CARTESIAN_POINT('',(215.23066125307,71.922286783159,16.8));
#2985 = VECTOR('',#2986,1.);
#2986 = DIRECTION('',(0.624852553048,-0.780742778993,0.));
#2987 = PLANE('',#2988);
#2988 = AXIS2_PLACEMENT_3D('',#2989,#2990,#2991);
#2989 = CARTESIAN_POINT('',(196.3328892442,95.534735772948,3.8));
#2990 = DIRECTION('',(0.780742778993,0.624852553048,0.));
#2991 = DIRECTION('',(0.624852553048,-0.780742778993,0.));
#2992 = ADVANCED_FACE('',(#2993),#3011,.F.);
#2993 = FACE_BOUND('',#2994,.F.);
#2994 = EDGE_LOOP('',(#2995,#2996,#2997,#3005));
#2995 = ORIENTED_EDGE('',*,*,#2974,.F.);
#2996 = ORIENTED_EDGE('',*,*,#679,.T.);
#2997 = ORIENTED_EDGE('',*,*,#2998,.T.);
#2998 = EDGE_CURVE('',#680,#2999,#3001,.T.);
#2999 = VERTEX_POINT('',#3000);
#3000 = CARTESIAN_POINT('',(193.9446259366,98.429730614289,16.8));
#3001 = LINE('',#3002,#3003);
#3002 = CARTESIAN_POINT('',(193.9446259366,98.429730614289,3.8));
#3003 = VECTOR('',#3004,1.);
#3004 = DIRECTION('',(0.,0.,1.));
#3005 = ORIENTED_EDGE('',*,*,#3006,.T.);
#3006 = EDGE_CURVE('',#2999,#2975,#3007,.T.);
#3007 = LINE('',#3008,#3009);
#3008 = CARTESIAN_POINT('',(214.45473730036,73.567871201787,16.8));
#3009 = VECTOR('',#3010,1.);
#3010 = DIRECTION('',(0.636365921066,-0.771387331051,0.));
#3011 = PLANE('',#3012);
#3012 = AXIS2_PLACEMENT_3D('',#3013,#3014,#3015);
#3013 = CARTESIAN_POINT('',(193.9446259366,98.429730614289,3.8));
#3014 = DIRECTION('',(0.771387331051,0.636365921066,0.));
#3015 = DIRECTION('',(0.636365921066,-0.771387331051,0.));
#3016 = ADVANCED_FACE('',(#3017),#3051,.F.);
#3017 = FACE_BOUND('',#3018,.F.);
#3018 = EDGE_LOOP('',(#3019,#3027,#3035,#3043,#3049,#3050));
#3019 = ORIENTED_EDGE('',*,*,#3020,.F.);
#3020 = EDGE_CURVE('',#3021,#688,#3023,.T.);
#3021 = VERTEX_POINT('',#3022);
#3022 = CARTESIAN_POINT('',(193.81848657884,98.578094018019,14.));
#3023 = LINE('',#3024,#3025);
#3024 = CARTESIAN_POINT('',(193.81848657884,98.578094018019,3.9));
#3025 = VECTOR('',#3026,1.);
#3026 = DIRECTION('',(0.,0.,-1.));
#3027 = ORIENTED_EDGE('',*,*,#3028,.T.);
#3028 = EDGE_CURVE('',#3021,#3029,#3031,.T.);
#3029 = VERTEX_POINT('',#3030);
#3030 = CARTESIAN_POINT('',(191.51367889827,101.28897758764,14.));
#3031 = LINE('',#3032,#3033);
#3032 = CARTESIAN_POINT('',(184.49671714326,109.54223294195,14.));
#3033 = VECTOR('',#3034,1.);
#3034 = DIRECTION('',(-0.647739236369,0.761862114603,0.));
#3035 = ORIENTED_EDGE('',*,*,#3036,.T.);
#3036 = EDGE_CURVE('',#3029,#3037,#3039,.T.);
#3037 = VERTEX_POINT('',#3038);
#3038 = CARTESIAN_POINT('',(191.51367889827,101.28897758764,16.8));
#3039 = LINE('',#3040,#3041);
#3040 = CARTESIAN_POINT('',(191.51367889827,101.28897758764,3.8));
#3041 = VECTOR('',#3042,1.);
#3042 = DIRECTION('',(0.,0.,1.));
#3043 = ORIENTED_EDGE('',*,*,#3044,.T.);
#3044 = EDGE_CURVE('',#3037,#2999,#3045,.T.);
#3045 = LINE('',#3046,#3047);
#3046 = CARTESIAN_POINT('',(213.67261902862,75.225932403423,16.8));
#3047 = VECTOR('',#3048,1.);
#3048 = DIRECTION('',(0.647739236369,-0.761862114603,0.));
#3049 = ORIENTED_EDGE('',*,*,#2998,.F.);
#3050 = ORIENTED_EDGE('',*,*,#687,.T.);
#3051 = PLANE('',#3052);
#3052 = AXIS2_PLACEMENT_3D('',#3053,#3054,#3055);
#3053 = CARTESIAN_POINT('',(191.51367889827,101.28897758764,3.8));
#3054 = DIRECTION('',(0.761862114603,0.647739236369,0.));
#3055 = DIRECTION('',(0.647739236369,-0.761862114603,0.));
#3056 = ADVANCED_FACE('',(#3057),#3075,.F.);
#3057 = FACE_BOUND('',#3058,.F.);
#3058 = EDGE_LOOP('',(#3059,#3060,#3068,#3074));
#3059 = ORIENTED_EDGE('',*,*,#695,.F.);
#3060 = ORIENTED_EDGE('',*,*,#3061,.F.);
#3061 = EDGE_CURVE('',#3062,#696,#3064,.T.);
#3062 = VERTEX_POINT('',#3063);
#3063 = CARTESIAN_POINT('',(165.,92.063276573336,14.));
#3064 = LINE('',#3065,#3066);
#3065 = CARTESIAN_POINT('',(165.,92.063276573336,4.));
#3066 = VECTOR('',#3067,1.);
#3067 = DIRECTION('',(0.,0.,-1.));
#3068 = ORIENTED_EDGE('',*,*,#3069,.T.);
#3069 = EDGE_CURVE('',#3062,#3021,#3070,.T.);
#3070 = LINE('',#3071,#3072);
#3071 = CARTESIAN_POINT('',(140.77174905092,86.586145374741,14.));
#3072 = VECTOR('',#3073,1.);
#3073 = DIRECTION('',(0.975387035788,0.220499728835,0.));
#3074 = ORIENTED_EDGE('',*,*,#3020,.T.);
#3075 = PLANE('',#3076);
#3076 = AXIS2_PLACEMENT_3D('',#3077,#3078,#3079);
#3077 = CARTESIAN_POINT('',(140.77174905092,86.586145374741,4.));
#3078 = DIRECTION('',(-0.220499728835,0.975387035788,0.));
#3079 = DIRECTION('',(0.,0.,1.));
#3080 = ADVANCED_FACE('',(#3081),#3131,.T.);
#3081 = FACE_BOUND('',#3082,.T.);
#3082 = EDGE_LOOP('',(#3083,#3091,#3092,#3093,#3101,#3109,#3117,#3125));
#3083 = ORIENTED_EDGE('',*,*,#3084,.F.);
#3084 = EDGE_CURVE('',#704,#3085,#3087,.T.);
#3085 = VERTEX_POINT('',#3086);
#3086 = CARTESIAN_POINT('',(165.,65.,17.6));
#3087 = LINE('',#3088,#3089);
#3088 = CARTESIAN_POINT('',(165.,65.,4.));
#3089 = VECTOR('',#3090,1.);
#3090 = DIRECTION('',(0.,0.,1.));
#3091 = ORIENTED_EDGE('',*,*,#703,.T.);
#3092 = ORIENTED_EDGE('',*,*,#3061,.F.);
#3093 = ORIENTED_EDGE('',*,*,#3094,.T.);
#3094 = EDGE_CURVE('',#3062,#3095,#3097,.T.);
#3095 = VERTEX_POINT('',#3096);
#3096 = CARTESIAN_POINT('',(165.,99.239914916026,14.));
#3097 = LINE('',#3098,#3099);
#3098 = CARTESIAN_POINT('',(165.,75.793072687371,14.));
#3099 = VECTOR('',#3100,1.);
#3100 = DIRECTION('',(0.,1.,0.));
#3101 = ORIENTED_EDGE('',*,*,#3102,.T.);
#3102 = EDGE_CURVE('',#3095,#3103,#3105,.T.);
#3103 = VERTEX_POINT('',#3104);
#3104 = CARTESIAN_POINT('',(165.,99.239914916026,4.));
#3105 = LINE('',#3106,#3107);
#3106 = CARTESIAN_POINT('',(165.,99.239914916026,4.));
#3107 = VECTOR('',#3108,1.);
#3108 = DIRECTION('',(0.,0.,-1.));
#3109 = ORIENTED_EDGE('',*,*,#3110,.T.);
#3110 = EDGE_CURVE('',#3103,#3111,#3113,.T.);
#3111 = VERTEX_POINT('',#3112);
#3112 = CARTESIAN_POINT('',(165.,115.,4.));
#3113 = LINE('',#3114,#3115);
#3114 = CARTESIAN_POINT('',(165.,65.,4.));
#3115 = VECTOR('',#3116,1.);
#3116 = DIRECTION('',(0.,1.,0.));
#3117 = ORIENTED_EDGE('',*,*,#3118,.T.);
#3118 = EDGE_CURVE('',#3111,#3119,#3121,.T.);
#3119 = VERTEX_POINT('',#3120);
#3120 = CARTESIAN_POINT('',(165.,115.,17.6));
#3121 = LINE('',#3122,#3123);
#3122 = CARTESIAN_POINT('',(165.,115.,4.));
#3123 = VECTOR('',#3124,1.);
#3124 = DIRECTION('',(0.,0.,1.));
#3125 = ORIENTED_EDGE('',*,*,#3126,.T.);
#3126 = EDGE_CURVE('',#3119,#3085,#3127,.T.);
#3127 = LINE('',#3128,#3129);
#3128 = CARTESIAN_POINT('',(165.,47.084778301514,17.6));
#3129 = VECTOR('',#3130,1.);
#3130 = DIRECTION('',(0.,-1.,0.));
#3131 = PLANE('',#3132);
#3132 = AXIS2_PLACEMENT_3D('',#3133,#3134,#3135);
#3133 = CARTESIAN_POINT('',(165.,65.,4.));
#3134 = DIRECTION('',(1.,0.,0.));
#3135 = DIRECTION('',(0.,0.,1.));
#3136 = ADVANCED_FACE('',(#3137),#3148,.F.);
#3137 = FACE_BOUND('',#3138,.F.);
#3138 = EDGE_LOOP('',(#3139,#3140,#3141,#3147));
#3139 = ORIENTED_EDGE('',*,*,#711,.F.);
#3140 = ORIENTED_EDGE('',*,*,#845,.T.);
#3141 = ORIENTED_EDGE('',*,*,#3142,.T.);
#3142 = EDGE_CURVE('',#846,#3085,#3143,.T.);
#3143 = LINE('',#3144,#3145);
#3144 = CARTESIAN_POINT('',(164.06541772421,65.,17.6));
#3145 = VECTOR('',#3146,1.);
#3146 = DIRECTION('',(1.,0.,0.));
#3147 = ORIENTED_EDGE('',*,*,#3084,.F.);
#3148 = PLANE('',#3149);
#3149 = AXIS2_PLACEMENT_3D('',#3150,#3151,#3152);
#3150 = CARTESIAN_POINT('',(140.,65.,4.));
#3151 = DIRECTION('',(0.,1.,0.));
#3152 = DIRECTION('',(0.,0.,1.));
#3153 = ADVANCED_FACE('',(#3154),#3172,.T.);
#3154 = FACE_BOUND('',#3155,.T.);
#3155 = EDGE_LOOP('',(#3156,#3157,#3158,#3166));
#3156 = ORIENTED_EDGE('',*,*,#727,.F.);
#3157 = ORIENTED_EDGE('',*,*,#838,.T.);
#3158 = ORIENTED_EDGE('',*,*,#3159,.T.);
#3159 = EDGE_CURVE('',#831,#3160,#3162,.T.);
#3160 = VERTEX_POINT('',#3161);
#3161 = CARTESIAN_POINT('',(165.,-65.,24.));
#3162 = LINE('',#3163,#3164);
#3163 = CARTESIAN_POINT('',(140.,-65.,24.));
#3164 = VECTOR('',#3165,1.);
#3165 = DIRECTION('',(1.,0.,0.));
#3166 = ORIENTED_EDGE('',*,*,#3167,.F.);
#3167 = EDGE_CURVE('',#728,#3160,#3168,.T.);
#3168 = LINE('',#3169,#3170);
#3169 = CARTESIAN_POINT('',(165.,-65.,4.));
#3170 = VECTOR('',#3171,1.);
#3171 = DIRECTION('',(0.,0.,1.));
#3172 = PLANE('',#3173);
#3173 = AXIS2_PLACEMENT_3D('',#3174,#3175,#3176);
#3174 = CARTESIAN_POINT('',(140.,-65.,4.));
#3175 = DIRECTION('',(0.,1.,0.));
#3176 = DIRECTION('',(0.,0.,1.));
#3177 = ADVANCED_FACE('',(#3178),#3219,.T.);
#3178 = FACE_BOUND('',#3179,.T.);
#3179 = EDGE_LOOP('',(#3180,#3188,#3189,#3197,#3205,#3211,#3212,#3213));
#3180 = ORIENTED_EDGE('',*,*,#3181,.F.);
#3181 = EDGE_CURVE('',#768,#3182,#3184,.T.);
#3182 = VERTEX_POINT('',#3183);
#3183 = CARTESIAN_POINT('',(165.,-115.,24.));
#3184 = LINE('',#3185,#3186);
#3185 = CARTESIAN_POINT('',(165.,-115.,4.));
#3186 = VECTOR('',#3187,1.);
#3187 = DIRECTION('',(0.,0.,1.));
#3188 = ORIENTED_EDGE('',*,*,#767,.T.);
#3189 = ORIENTED_EDGE('',*,*,#3190,.F.);
#3190 = EDGE_CURVE('',#3191,#760,#3193,.T.);
#3191 = VERTEX_POINT('',#3192);
#3192 = CARTESIAN_POINT('',(165.,-99.23991491602,14.));
#3193 = LINE('',#3194,#3195);
#3194 = CARTESIAN_POINT('',(165.,-99.23991491602,4.));
#3195 = VECTOR('',#3196,1.);
#3196 = DIRECTION('',(0.,0.,-1.));
#3197 = ORIENTED_EDGE('',*,*,#3198,.T.);
#3198 = EDGE_CURVE('',#3191,#3199,#3201,.T.);
#3199 = VERTEX_POINT('',#3200);
#3200 = CARTESIAN_POINT('',(165.,-92.06327657333,14.));
#3201 = LINE('',#3202,#3203);
#3202 = CARTESIAN_POINT('',(165.,-104.2069273126,14.));
#3203 = VECTOR('',#3204,1.);
#3204 = DIRECTION('',(0.,1.,0.));
#3205 = ORIENTED_EDGE('',*,*,#3206,.T.);
#3206 = EDGE_CURVE('',#3199,#736,#3207,.T.);
#3207 = LINE('',#3208,#3209);
#3208 = CARTESIAN_POINT('',(165.,-92.06327657333,4.));
#3209 = VECTOR('',#3210,1.);
#3210 = DIRECTION('',(0.,0.,-1.));
#3211 = ORIENTED_EDGE('',*,*,#735,.T.);
#3212 = ORIENTED_EDGE('',*,*,#3167,.T.);
#3213 = ORIENTED_EDGE('',*,*,#3214,.F.);
#3214 = EDGE_CURVE('',#3182,#3160,#3215,.T.);
#3215 = LINE('',#3216,#3217);
#3216 = CARTESIAN_POINT('',(165.,-115.,24.));
#3217 = VECTOR('',#3218,1.);
#3218 = DIRECTION('',(0.,1.,0.));
#3219 = PLANE('',#3220);
#3220 = AXIS2_PLACEMENT_3D('',#3221,#3222,#3223);
#3221 = CARTESIAN_POINT('',(165.,-115.,4.));
#3222 = DIRECTION('',(1.,0.,0.));
#3223 = DIRECTION('',(0.,0.,1.));
#3224 = ADVANCED_FACE('',(#3225),#3243,.T.);
#3225 = FACE_BOUND('',#3226,.T.);
#3226 = EDGE_LOOP('',(#3227,#3228,#3229,#3237));
#3227 = ORIENTED_EDGE('',*,*,#743,.F.);
#3228 = ORIENTED_EDGE('',*,*,#3206,.F.);
#3229 = ORIENTED_EDGE('',*,*,#3230,.T.);
#3230 = EDGE_CURVE('',#3199,#3231,#3233,.T.);
#3231 = VERTEX_POINT('',#3232);
#3232 = CARTESIAN_POINT('',(328.77174905092,-129.0861453747,14.));
#3233 = LINE('',#3234,#3235);
#3234 = CARTESIAN_POINT('',(140.77174905092,-86.58614537474,14.));
#3235 = VECTOR('',#3236,1.);
#3236 = DIRECTION('',(0.975387035788,-0.220499728835,0.));
#3237 = ORIENTED_EDGE('',*,*,#3238,.F.);
#3238 = EDGE_CURVE('',#744,#3231,#3239,.T.);
#3239 = LINE('',#3240,#3241);
#3240 = CARTESIAN_POINT('',(328.77174905092,-129.0861453747,4.));
#3241 = VECTOR('',#3242,1.);
#3242 = DIRECTION('',(0.,0.,1.));
#3243 = PLANE('',#3244);
#3244 = AXIS2_PLACEMENT_3D('',#3245,#3246,#3247);
#3245 = CARTESIAN_POINT('',(140.77174905092,-86.58614537474,4.));
#3246 = DIRECTION('',(0.220499728835,0.975387035788,0.));
#3247 = DIRECTION('',(0.,0.,1.));
#3248 = ADVANCED_FACE('',(#3249),#3267,.T.);
#3249 = FACE_BOUND('',#3250,.T.);
#3250 = EDGE_LOOP('',(#3251,#3259,#3260,#3261));
#3251 = ORIENTED_EDGE('',*,*,#3252,.F.);
#3252 = EDGE_CURVE('',#752,#3253,#3255,.T.);
#3253 = VERTEX_POINT('',#3254);
#3254 = CARTESIAN_POINT('',(327.22825094907,-135.9138546252,14.));
#3255 = LINE('',#3256,#3257);
#3256 = CARTESIAN_POINT('',(327.22825094907,-135.9138546252,4.));
#3257 = VECTOR('',#3258,1.);
#3258 = DIRECTION('',(0.,0.,1.));
#3259 = ORIENTED_EDGE('',*,*,#751,.T.);
#3260 = ORIENTED_EDGE('',*,*,#3238,.T.);
#3261 = ORIENTED_EDGE('',*,*,#3262,.F.);
#3262 = EDGE_CURVE('',#3253,#3231,#3263,.T.);
#3263 = LINE('',#3264,#3265);
#3264 = CARTESIAN_POINT('',(327.22825094907,-135.9138546252,14.));
#3265 = VECTOR('',#3266,1.);
#3266 = DIRECTION('',(0.220499728835,0.975387035788,0.));
#3267 = PLANE('',#3268);
#3268 = AXIS2_PLACEMENT_3D('',#3269,#3270,#3271);
#3269 = CARTESIAN_POINT('',(327.22825094907,-135.9138546252,4.));
#3270 = DIRECTION('',(0.975387035788,-0.220499728835,0.));
#3271 = DIRECTION('',(0.,0.,1.));
#3272 = ADVANCED_FACE('',(#3273),#3284,.F.);
#3273 = FACE_BOUND('',#3274,.F.);
#3274 = EDGE_LOOP('',(#3275,#3276,#3277,#3283));
#3275 = ORIENTED_EDGE('',*,*,#759,.F.);
#3276 = ORIENTED_EDGE('',*,*,#3190,.F.);
#3277 = ORIENTED_EDGE('',*,*,#3278,.T.);
#3278 = EDGE_CURVE('',#3191,#3253,#3279,.T.);
#3279 = LINE('',#3280,#3281);
#3280 = CARTESIAN_POINT('',(139.22825094907,-93.41385462525,14.));
#3281 = VECTOR('',#3282,1.);
#3282 = DIRECTION('',(0.975387035788,-0.220499728835,0.));
#3283 = ORIENTED_EDGE('',*,*,#3252,.F.);
#3284 = PLANE('',#3285);
#3285 = AXIS2_PLACEMENT_3D('',#3286,#3287,#3288);
#3286 = CARTESIAN_POINT('',(139.22825094907,-93.41385462525,4.));
#3287 = DIRECTION('',(0.220499728835,0.975387035788,0.));
#3288 = DIRECTION('',(0.,0.,1.));
#3289 = ADVANCED_FACE('',(#3290),#3301,.F.);
#3290 = FACE_BOUND('',#3291,.F.);
#3291 = EDGE_LOOP('',(#3292,#3293,#3294,#3300));
#3292 = ORIENTED_EDGE('',*,*,#775,.F.);
#3293 = ORIENTED_EDGE('',*,*,#822,.T.);
#3294 = ORIENTED_EDGE('',*,*,#3295,.T.);
#3295 = EDGE_CURVE('',#823,#3182,#3296,.T.);
#3296 = LINE('',#3297,#3298);
#3297 = CARTESIAN_POINT('',(140.,-115.,24.));
#3298 = VECTOR('',#3299,1.);
#3299 = DIRECTION('',(1.,0.,0.));
#3300 = ORIENTED_EDGE('',*,*,#3181,.F.);
#3301 = PLANE('',#3302);
#3302 = AXIS2_PLACEMENT_3D('',#3303,#3304,#3305);
#3303 = CARTESIAN_POINT('',(140.,-115.,4.));
#3304 = DIRECTION('',(0.,1.,0.));
#3305 = DIRECTION('',(0.,0.,1.));
#3306 = ADVANCED_FACE('',(#3307),#3332,.F.);
#3307 = FACE_BOUND('',#3308,.F.);
#3308 = EDGE_LOOP('',(#3309,#3310,#3318,#3326));
#3309 = ORIENTED_EDGE('',*,*,#789,.F.);
#3310 = ORIENTED_EDGE('',*,*,#3311,.T.);
#3311 = EDGE_CURVE('',#790,#3312,#3314,.T.);
#3312 = VERTEX_POINT('',#3313);
#3313 = CARTESIAN_POINT('',(340.,-147.5,0.));
#3314 = LINE('',#3315,#3316);
#3315 = CARTESIAN_POINT('',(140.,-147.5,0.));
#3316 = VECTOR('',#3317,1.);
#3317 = DIRECTION('',(1.,0.,0.));
#3318 = ORIENTED_EDGE('',*,*,#3319,.T.);
#3319 = EDGE_CURVE('',#3312,#3320,#3322,.T.);
#3320 = VERTEX_POINT('',#3321);
#3321 = CARTESIAN_POINT('',(340.,147.5,0.));
#3322 = LINE('',#3323,#3324);
#3323 = CARTESIAN_POINT('',(340.,-147.5,0.));
#3324 = VECTOR('',#3325,1.);
#3325 = DIRECTION('',(0.,1.,0.));
#3326 = ORIENTED_EDGE('',*,*,#3327,.F.);
#3327 = EDGE_CURVE('',#792,#3320,#3328,.T.);
#3328 = LINE('',#3329,#3330);
#3329 = CARTESIAN_POINT('',(140.,147.5,0.));
#3330 = VECTOR('',#3331,1.);
#3331 = DIRECTION('',(1.,0.,0.));
#3332 = PLANE('',#3333);
#3333 = AXIS2_PLACEMENT_3D('',#3334,#3335,#3336);
#3334 = CARTESIAN_POINT('',(140.,-147.5,0.));
#3335 = DIRECTION('',(0.,0.,1.));
#3336 = DIRECTION('',(1.,0.,0.));
#3337 = ADVANCED_FACE('',(#3338),#3356,.T.);
#3338 = FACE_BOUND('',#3339,.T.);
#3339 = EDGE_LOOP('',(#3340,#3341,#3349,#3355));
#3340 = ORIENTED_EDGE('',*,*,#3311,.T.);
#3341 = ORIENTED_EDGE('',*,*,#3342,.T.);
#3342 = EDGE_CURVE('',#3312,#3343,#3345,.T.);
#3343 = VERTEX_POINT('',#3344);
#3344 = CARTESIAN_POINT('',(340.,-147.5,14.));
#3345 = LINE('',#3346,#3347);
#3346 = CARTESIAN_POINT('',(340.,-147.5,0.));
#3347 = VECTOR('',#3348,1.);
#3348 = DIRECTION('',(0.,0.,1.));
#3349 = ORIENTED_EDGE('',*,*,#3350,.F.);
#3350 = EDGE_CURVE('',#800,#3343,#3351,.T.);
#3351 = LINE('',#3352,#3353);
#3352 = CARTESIAN_POINT('',(140.,-147.5,14.));
#3353 = VECTOR('',#3354,1.);
#3354 = DIRECTION('',(1.,0.,0.));
#3355 = ORIENTED_EDGE('',*,*,#799,.F.);
#3356 = PLANE('',#3357);
#3357 = AXIS2_PLACEMENT_3D('',#3358,#3359,#3360);
#3358 = CARTESIAN_POINT('',(240.,-147.5,7.));
#3359 = DIRECTION('',(-0.,-1.,-0.));
#3360 = DIRECTION('',(0.,0.,-1.));
#3361 = ADVANCED_FACE('',(#3362),#3407,.T.);
#3362 = FACE_BOUND('',#3363,.T.);
#3363 = EDGE_LOOP('',(#3364,#3365,#3366,#3367,#3375,#3381,#3382,#3390,
    #3398,#3404,#3405,#3406));
#3364 = ORIENTED_EDGE('',*,*,#1015,.F.);
#3365 = ORIENTED_EDGE('',*,*,#807,.F.);
#3366 = ORIENTED_EDGE('',*,*,#3350,.T.);
#3367 = ORIENTED_EDGE('',*,*,#3368,.T.);
#3368 = EDGE_CURVE('',#3343,#3369,#3371,.T.);
#3369 = VERTEX_POINT('',#3370);
#3370 = CARTESIAN_POINT('',(340.,147.5,14.));
#3371 = LINE('',#3372,#3373);
#3372 = CARTESIAN_POINT('',(340.,139.5,14.));
#3373 = VECTOR('',#3374,1.);
#3374 = DIRECTION('',(0.,1.,0.));
#3375 = ORIENTED_EDGE('',*,*,#3376,.F.);
#3376 = EDGE_CURVE('',#950,#3369,#3377,.T.);
#3377 = LINE('',#3378,#3379);
#3378 = CARTESIAN_POINT('',(140.,147.5,14.));
#3379 = VECTOR('',#3380,1.);
#3380 = DIRECTION('',(1.,0.,0.));
#3381 = ORIENTED_EDGE('',*,*,#949,.F.);
#3382 = ORIENTED_EDGE('',*,*,#3383,.T.);
#3383 = EDGE_CURVE('',#942,#3384,#3386,.T.);
#3384 = VERTEX_POINT('',#3385);
#3385 = CARTESIAN_POINT('',(215.59912917291,139.5,14.));
#3386 = LINE('',#3387,#3388);
#3387 = CARTESIAN_POINT('',(140.,139.5,14.));
#3388 = VECTOR('',#3389,1.);
#3389 = DIRECTION('',(1.,0.,0.));
#3390 = ORIENTED_EDGE('',*,*,#3391,.T.);
#3391 = EDGE_CURVE('',#3384,#3392,#3394,.T.);
#3392 = VERTEX_POINT('',#3393);
#3393 = CARTESIAN_POINT('',(221.78544316927,145.33914648954,14.));
#3394 = LINE('',#3395,#3396);
#3395 = CARTESIAN_POINT('',(200.34093436236,125.09807427859,14.));
#3396 = VECTOR('',#3397,1.);
#3397 = DIRECTION('',(0.727217527524,0.686407071396,0.));
#3398 = ORIENTED_EDGE('',*,*,#3399,.T.);
#3399 = EDGE_CURVE('',#3392,#1104,#3400,.T.);
#3400 = LINE('',#3401,#3402);
#3401 = CARTESIAN_POINT('',(272.56962392894,90.729711724099,14.));
#3402 = VECTOR('',#3403,1.);
#3403 = DIRECTION('',(0.680993992769,-0.732289001565,0.));
#3404 = ORIENTED_EDGE('',*,*,#1111,.T.);
#3405 = ORIENTED_EDGE('',*,*,#1070,.T.);
#3406 = ORIENTED_EDGE('',*,*,#1047,.F.);
#3407 = PLANE('',#3408);
#3408 = AXIS2_PLACEMENT_3D('',#3409,#3410,#3411);
#3409 = CARTESIAN_POINT('',(277.86899563318,0.,14.));
#3410 = DIRECTION('',(0.,0.,1.));
#3411 = DIRECTION('',(1.,0.,0.));
#3412 = ADVANCED_FACE('',(#3413),#3419,.T.);
#3413 = FACE_BOUND('',#3414,.T.);
#3414 = EDGE_LOOP('',(#3415,#3416,#3417,#3418));
#3415 = ORIENTED_EDGE('',*,*,#830,.F.);
#3416 = ORIENTED_EDGE('',*,*,#3295,.T.);
#3417 = ORIENTED_EDGE('',*,*,#3214,.T.);
#3418 = ORIENTED_EDGE('',*,*,#3159,.F.);
#3419 = PLANE('',#3420);
#3420 = AXIS2_PLACEMENT_3D('',#3421,#3422,#3423);
#3421 = CARTESIAN_POINT('',(140.,-115.,24.));
#3422 = DIRECTION('',(0.,0.,1.));
#3423 = DIRECTION('',(1.,0.,0.));
#3424 = ADVANCED_FACE('',(#3425),#3467,.T.);
#3425 = FACE_BOUND('',#3426,.T.);
#3426 = EDGE_LOOP('',(#3427,#3435,#3441,#3442,#3450,#3458,#3464,#3465,
    #3466));
#3427 = ORIENTED_EDGE('',*,*,#3428,.F.);
#3428 = EDGE_CURVE('',#3429,#3119,#3431,.T.);
#3429 = VERTEX_POINT('',#3430);
#3430 = CARTESIAN_POINT('',(153.71244269563,115.,17.6));
#3431 = LINE('',#3432,#3433);
#3432 = CARTESIAN_POINT('',(164.06541772421,115.,17.6));
#3433 = VECTOR('',#3434,1.);
#3434 = DIRECTION('',(1.,0.,0.));
#3435 = ORIENTED_EDGE('',*,*,#3436,.T.);
#3436 = EDGE_CURVE('',#3429,#902,#3437,.T.);
#3437 = LINE('',#3438,#3439);
#3438 = CARTESIAN_POINT('',(162.87116936722,125.66544806304,17.6));
#3439 = VECTOR('',#3440,1.);
#3440 = DIRECTION('',(-0.651484677469,-0.758661792252,0.));
#3441 = ORIENTED_EDGE('',*,*,#901,.F.);
#3442 = ORIENTED_EDGE('',*,*,#3443,.T.);
#3443 = EDGE_CURVE('',#894,#3444,#3446,.T.);
#3444 = VERTEX_POINT('',#3445);
#3445 = CARTESIAN_POINT('',(134.3051733944,92.4,17.6));
#3446 = LINE('',#3447,#3448);
#3447 = CARTESIAN_POINT('',(139.06541772421,92.4,17.6));
#3448 = VECTOR('',#3449,1.);
#3449 = DIRECTION('',(-1.,0.,0.));
#3450 = ORIENTED_EDGE('',*,*,#3451,.T.);
#3451 = EDGE_CURVE('',#3444,#3452,#3454,.T.);
#3452 = VERTEX_POINT('',#3453);
#3453 = CARTESIAN_POINT('',(130.18327548971,87.6,17.6));
#3454 = LINE('',#3455,#3456);
#3455 = CARTESIAN_POINT('',(162.87116936722,125.66544806304,17.6));
#3456 = VECTOR('',#3457,1.);
#3457 = DIRECTION('',(-0.651484677469,-0.758661792252,0.));
#3458 = ORIENTED_EDGE('',*,*,#3459,.T.);
#3459 = EDGE_CURVE('',#3452,#854,#3460,.T.);
#3460 = LINE('',#3461,#3462);
#3461 = CARTESIAN_POINT('',(139.06541772421,87.6,17.6));
#3462 = VECTOR('',#3463,1.);
#3463 = DIRECTION('',(1.,0.,0.));
#3464 = ORIENTED_EDGE('',*,*,#853,.F.);
#3465 = ORIENTED_EDGE('',*,*,#3142,.T.);
#3466 = ORIENTED_EDGE('',*,*,#3126,.F.);
#3467 = PLANE('',#3468);
#3468 = AXIS2_PLACEMENT_3D('',#3469,#3470,#3471);
#3469 = CARTESIAN_POINT('',(188.13083544842,29.169556603028,17.6));
#3470 = DIRECTION('',(0.,0.,1.));
#3471 = DIRECTION('',(1.,0.,0.));
#3472 = ADVANCED_FACE('',(#3473),#3539,.F.);
#3473 = FACE_BOUND('',#3474,.F.);
#3474 = EDGE_LOOP('',(#3475,#3485,#3493,#3501,#3509,#3517,#3525,#3531,
    #3532,#3533));
#3475 = ORIENTED_EDGE('',*,*,#3476,.F.);
#3476 = EDGE_CURVE('',#3477,#3479,#3481,.T.);
#3477 = VERTEX_POINT('',#3478);
#3478 = CARTESIAN_POINT('',(90.,90.,20.));
#3479 = VERTEX_POINT('',#3480);
#3480 = CARTESIAN_POINT('',(90.,78.,8.));
#3481 = LINE('',#3482,#3483);
#3482 = CARTESIAN_POINT('',(90.,90.,20.));
#3483 = VECTOR('',#3484,1.);
#3484 = DIRECTION('',(0.,-0.707106781187,-0.707106781187));
#3485 = ORIENTED_EDGE('',*,*,#3486,.T.);
#3486 = EDGE_CURVE('',#3477,#3487,#3489,.T.);
#3487 = VERTEX_POINT('',#3488);
#3488 = CARTESIAN_POINT('',(110.7,90.,20.));
#3489 = LINE('',#3490,#3491);
#3490 = CARTESIAN_POINT('',(90.,90.,20.));
#3491 = VECTOR('',#3492,1.);
#3492 = DIRECTION('',(1.,0.,0.));
#3493 = ORIENTED_EDGE('',*,*,#3494,.T.);
#3494 = EDGE_CURVE('',#3487,#3495,#3497,.T.);
#3495 = VERTEX_POINT('',#3496);
#3496 = CARTESIAN_POINT('',(110.7,83.7,13.7));
#3497 = LINE('',#3498,#3499);
#3498 = CARTESIAN_POINT('',(110.7,83.175,13.175));
#3499 = VECTOR('',#3500,1.);
#3500 = DIRECTION('',(0.,-0.707106781187,-0.707106781187));
#3501 = ORIENTED_EDGE('',*,*,#3502,.T.);
#3502 = EDGE_CURVE('',#3495,#3503,#3505,.T.);
#3503 = VERTEX_POINT('',#3504);
#3504 = CARTESIAN_POINT('',(119.3,83.7,13.7));
#3505 = LINE('',#3506,#3507);
#3506 = CARTESIAN_POINT('',(100.35,83.7,13.7));
#3507 = VECTOR('',#3508,1.);
#3508 = DIRECTION('',(1.,0.,0.));
#3509 = ORIENTED_EDGE('',*,*,#3510,.F.);
#3510 = EDGE_CURVE('',#3511,#3503,#3513,.T.);
#3511 = VERTEX_POINT('',#3512);
#3512 = CARTESIAN_POINT('',(119.3,90.,20.));
#3513 = LINE('',#3514,#3515);
#3514 = CARTESIAN_POINT('',(119.3,83.175,13.175));
#3515 = VECTOR('',#3516,1.);
#3516 = DIRECTION('',(0.,-0.707106781187,-0.707106781187));
#3517 = ORIENTED_EDGE('',*,*,#3518,.T.);
#3518 = EDGE_CURVE('',#3511,#3519,#3521,.T.);
#3519 = VERTEX_POINT('',#3520);
#3520 = CARTESIAN_POINT('',(132.24422444205,90.,20.));
#3521 = LINE('',#3522,#3523);
#3522 = CARTESIAN_POINT('',(90.,90.,20.));
#3523 = VECTOR('',#3524,1.);
#3524 = DIRECTION('',(1.,0.,0.));
#3525 = ORIENTED_EDGE('',*,*,#3526,.T.);
#3526 = EDGE_CURVE('',#3519,#3452,#3527,.T.);
#3527 = LINE('',#3528,#3529);
#3528 = CARTESIAN_POINT('',(135.89716694307,94.253895756354,
    24.253895756354));
#3529 = VECTOR('',#3530,1.);
#3530 = DIRECTION('',(-0.519021883378,-0.60440726525,-0.60440726525));
#3531 = ORIENTED_EDGE('',*,*,#3459,.T.);
#3532 = ORIENTED_EDGE('',*,*,#861,.T.);
#3533 = ORIENTED_EDGE('',*,*,#3534,.F.);
#3534 = EDGE_CURVE('',#3479,#862,#3535,.T.);
#3535 = LINE('',#3536,#3537);
#3536 = CARTESIAN_POINT('',(90.,78.,8.));
#3537 = VECTOR('',#3538,1.);
#3538 = DIRECTION('',(1.,0.,0.));
#3539 = PLANE('',#3540);
#3540 = AXIS2_PLACEMENT_3D('',#3541,#3542,#3543);
#3541 = CARTESIAN_POINT('',(90.,90.,20.));
#3542 = DIRECTION('',(0.,0.707106781187,-0.707106781187));
#3543 = DIRECTION('',(0.,-0.707106781187,-0.707106781187));
#3544 = ADVANCED_FACE('',(#3545),#3563,.F.);
#3545 = FACE_BOUND('',#3546,.F.);
#3546 = EDGE_LOOP('',(#3547,#3555,#3556,#3557));
#3547 = ORIENTED_EDGE('',*,*,#3548,.F.);
#3548 = EDGE_CURVE('',#3479,#3549,#3551,.T.);
#3549 = VERTEX_POINT('',#3550);
#3550 = CARTESIAN_POINT('',(90.,78.,4.));
#3551 = LINE('',#3552,#3553);
#3552 = CARTESIAN_POINT('',(90.,78.,8.));
#3553 = VECTOR('',#3554,1.);
#3554 = DIRECTION('',(0.,0.,-1.));
#3555 = ORIENTED_EDGE('',*,*,#3534,.T.);
#3556 = ORIENTED_EDGE('',*,*,#869,.T.);
#3557 = ORIENTED_EDGE('',*,*,#3558,.F.);
#3558 = EDGE_CURVE('',#3549,#870,#3559,.T.);
#3559 = LINE('',#3560,#3561);
#3560 = CARTESIAN_POINT('',(90.,78.,4.));
#3561 = VECTOR('',#3562,1.);
#3562 = DIRECTION('',(1.,0.,0.));
#3563 = PLANE('',#3564);
#3564 = AXIS2_PLACEMENT_3D('',#3565,#3566,#3567);
#3565 = CARTESIAN_POINT('',(90.,78.,8.));
#3566 = DIRECTION('',(0.,1.,0.));
#3567 = DIRECTION('',(0.,0.,-1.));
#3568 = ADVANCED_FACE('',(#3569,#3587),#3621,.T.);
#3569 = FACE_BOUND('',#3570,.T.);
#3570 = EDGE_LOOP('',(#3571,#3579,#3585,#3586));
#3571 = ORIENTED_EDGE('',*,*,#3572,.T.);
#3572 = EDGE_CURVE('',#3549,#3573,#3575,.T.);
#3573 = VERTEX_POINT('',#3574);
#3574 = CARTESIAN_POINT('',(90.,102.,4.));
#3575 = LINE('',#3576,#3577);
#3576 = CARTESIAN_POINT('',(90.,78.,4.));
#3577 = VECTOR('',#3578,1.);
#3578 = DIRECTION('',(0.,1.,0.));
#3579 = ORIENTED_EDGE('',*,*,#3580,.T.);
#3580 = EDGE_CURVE('',#3573,#878,#3581,.T.);
#3581 = LINE('',#3582,#3583);
#3582 = CARTESIAN_POINT('',(90.,102.,4.));
#3583 = VECTOR('',#3584,1.);
#3584 = DIRECTION('',(1.,0.,0.));
#3585 = ORIENTED_EDGE('',*,*,#877,.F.);
#3586 = ORIENTED_EDGE('',*,*,#3558,.F.);
#3587 = FACE_BOUND('',#3588,.T.);
#3588 = EDGE_LOOP('',(#3589,#3599,#3607,#3615));
#3589 = ORIENTED_EDGE('',*,*,#3590,.F.);
#3590 = EDGE_CURVE('',#3591,#3593,#3595,.T.);
#3591 = VERTEX_POINT('',#3592);
#3592 = CARTESIAN_POINT('',(110.7,96.3,4.));
#3593 = VERTEX_POINT('',#3594);
#3594 = CARTESIAN_POINT('',(119.3,96.3,4.));
#3595 = LINE('',#3596,#3597);
#3596 = CARTESIAN_POINT('',(112.85,96.3,4.));
#3597 = VECTOR('',#3598,1.);
#3598 = DIRECTION('',(1.,0.,0.));
#3599 = ORIENTED_EDGE('',*,*,#3600,.T.);
#3600 = EDGE_CURVE('',#3591,#3601,#3603,.T.);
#3601 = VERTEX_POINT('',#3602);
#3602 = CARTESIAN_POINT('',(110.7,83.7,4.));
#3603 = LINE('',#3604,#3605);
#3604 = CARTESIAN_POINT('',(110.7,86.85,4.));
#3605 = VECTOR('',#3606,1.);
#3606 = DIRECTION('',(0.,-1.,0.));
#3607 = ORIENTED_EDGE('',*,*,#3608,.T.);
#3608 = EDGE_CURVE('',#3601,#3609,#3611,.T.);
#3609 = VERTEX_POINT('',#3610);
#3610 = CARTESIAN_POINT('',(119.3,83.7,4.));
#3611 = LINE('',#3612,#3613);
#3612 = CARTESIAN_POINT('',(112.85,83.7,4.));
#3613 = VECTOR('',#3614,1.);
#3614 = DIRECTION('',(1.,0.,0.));
#3615 = ORIENTED_EDGE('',*,*,#3616,.F.);
#3616 = EDGE_CURVE('',#3593,#3609,#3617,.T.);
#3617 = LINE('',#3618,#3619);
#3618 = CARTESIAN_POINT('',(119.3,86.85,4.));
#3619 = VECTOR('',#3620,1.);
#3620 = DIRECTION('',(0.,-1.,0.));
#3621 = PLANE('',#3622);
#3622 = AXIS2_PLACEMENT_3D('',#3623,#3624,#3625);
#3623 = CARTESIAN_POINT('',(115.,90.,4.));
#3624 = DIRECTION('',(-0.,-0.,-1.));
#3625 = DIRECTION('',(-1.,0.,0.));
#3626 = ADVANCED_FACE('',(#3627),#3645,.F.);
#3627 = FACE_BOUND('',#3628,.F.);
#3628 = EDGE_LOOP('',(#3629,#3637,#3638,#3639));
#3629 = ORIENTED_EDGE('',*,*,#3630,.F.);
#3630 = EDGE_CURVE('',#3573,#3631,#3633,.T.);
#3631 = VERTEX_POINT('',#3632);
#3632 = CARTESIAN_POINT('',(90.,102.,8.));
#3633 = LINE('',#3634,#3635);
#3634 = CARTESIAN_POINT('',(90.,102.,4.));
#3635 = VECTOR('',#3636,1.);
#3636 = DIRECTION('',(0.,0.,1.));
#3637 = ORIENTED_EDGE('',*,*,#3580,.T.);
#3638 = ORIENTED_EDGE('',*,*,#885,.T.);
#3639 = ORIENTED_EDGE('',*,*,#3640,.F.);
#3640 = EDGE_CURVE('',#3631,#886,#3641,.T.);
#3641 = LINE('',#3642,#3643);
#3642 = CARTESIAN_POINT('',(90.,102.,8.));
#3643 = VECTOR('',#3644,1.);
#3644 = DIRECTION('',(1.,0.,0.));
#3645 = PLANE('',#3646);
#3646 = AXIS2_PLACEMENT_3D('',#3647,#3648,#3649);
#3647 = CARTESIAN_POINT('',(90.,102.,4.));
#3648 = DIRECTION('',(0.,-1.,0.));
#3649 = DIRECTION('',(0.,0.,1.));
#3650 = ADVANCED_FACE('',(#3651),#3692,.F.);
#3651 = FACE_BOUND('',#3652,.F.);
#3652 = EDGE_LOOP('',(#3653,#3659,#3660,#3661,#3662,#3668,#3669,#3677,
    #3685,#3691));
#3653 = ORIENTED_EDGE('',*,*,#3654,.F.);
#3654 = EDGE_CURVE('',#3631,#3477,#3655,.T.);
#3655 = LINE('',#3656,#3657);
#3656 = CARTESIAN_POINT('',(90.,102.,8.));
#3657 = VECTOR('',#3658,1.);
#3658 = DIRECTION('',(0.,-0.707106781187,0.707106781187));
#3659 = ORIENTED_EDGE('',*,*,#3640,.T.);
#3660 = ORIENTED_EDGE('',*,*,#893,.T.);
#3661 = ORIENTED_EDGE('',*,*,#3443,.T.);
#3662 = ORIENTED_EDGE('',*,*,#3663,.T.);
#3663 = EDGE_CURVE('',#3444,#3519,#3664,.T.);
#3664 = LINE('',#3665,#3666);
#3665 = CARTESIAN_POINT('',(140.41445554185,99.514333005293,
    10.485666994707));
#3666 = VECTOR('',#3667,1.);
#3667 = DIRECTION('',(-0.519021883378,-0.60440726525,0.60440726525));
#3668 = ORIENTED_EDGE('',*,*,#3518,.F.);
#3669 = ORIENTED_EDGE('',*,*,#3670,.F.);
#3670 = EDGE_CURVE('',#3671,#3511,#3673,.T.);
#3671 = VERTEX_POINT('',#3672);
#3672 = CARTESIAN_POINT('',(119.3,96.3,13.7));
#3673 = LINE('',#3674,#3675);
#3674 = CARTESIAN_POINT('',(119.3,99.675,10.325));
#3675 = VECTOR('',#3676,1.);
#3676 = DIRECTION('',(0.,-0.707106781187,0.707106781187));
#3677 = ORIENTED_EDGE('',*,*,#3678,.F.);
#3678 = EDGE_CURVE('',#3679,#3671,#3681,.T.);
#3679 = VERTEX_POINT('',#3680);
#3680 = CARTESIAN_POINT('',(110.7,96.3,13.7));
#3681 = LINE('',#3682,#3683);
#3682 = CARTESIAN_POINT('',(100.35,96.3,13.7));
#3683 = VECTOR('',#3684,1.);
#3684 = DIRECTION('',(1.,0.,0.));
#3685 = ORIENTED_EDGE('',*,*,#3686,.T.);
#3686 = EDGE_CURVE('',#3679,#3487,#3687,.T.);
#3687 = LINE('',#3688,#3689);
#3688 = CARTESIAN_POINT('',(110.7,99.675,10.325));
#3689 = VECTOR('',#3690,1.);
#3690 = DIRECTION('',(0.,-0.707106781187,0.707106781187));
#3691 = ORIENTED_EDGE('',*,*,#3486,.F.);
#3692 = PLANE('',#3693);
#3693 = AXIS2_PLACEMENT_3D('',#3694,#3695,#3696);
#3694 = CARTESIAN_POINT('',(90.,102.,8.));
#3695 = DIRECTION('',(0.,-0.707106781187,-0.707106781187));
#3696 = DIRECTION('',(0.,-0.707106781187,0.707106781187));
#3697 = ADVANCED_FACE('',(#3698),#3716,.T.);
#3698 = FACE_BOUND('',#3699,.T.);
#3699 = EDGE_LOOP('',(#3700,#3701,#3709,#3715));
#3700 = ORIENTED_EDGE('',*,*,#3436,.F.);
#3701 = ORIENTED_EDGE('',*,*,#3702,.F.);
#3702 = EDGE_CURVE('',#3703,#3429,#3705,.T.);
#3703 = VERTEX_POINT('',#3704);
#3704 = CARTESIAN_POINT('',(153.71244269563,115.,24.));
#3705 = LINE('',#3706,#3707);
#3706 = CARTESIAN_POINT('',(153.71244269563,115.,10.8));
#3707 = VECTOR('',#3708,1.);
#3708 = DIRECTION('',(0.,0.,-1.));
#3709 = ORIENTED_EDGE('',*,*,#3710,.F.);
#3710 = EDGE_CURVE('',#910,#3703,#3711,.T.);
#3711 = LINE('',#3712,#3713);
#3712 = CARTESIAN_POINT('',(143.02539101263,102.55479896285,24.));
#3713 = VECTOR('',#3714,1.);
#3714 = DIRECTION('',(0.651484677469,0.758661792252,0.));
#3715 = ORIENTED_EDGE('',*,*,#909,.F.);
#3716 = PLANE('',#3717);
#3717 = AXIS2_PLACEMENT_3D('',#3718,#3719,#3720);
#3718 = CARTESIAN_POINT('',(162.87116936722,125.66544806304,17.6));
#3719 = DIRECTION('',(0.758661792252,-0.651484677469,0.));
#3720 = DIRECTION('',(-0.651484677469,-0.758661792252,0.));
#3721 = ADVANCED_FACE('',(#3722),#3732,.T.);
#3722 = FACE_BOUND('',#3723,.T.);
#3723 = EDGE_LOOP('',(#3724,#3725,#3726));
#3724 = ORIENTED_EDGE('',*,*,#917,.F.);
#3725 = ORIENTED_EDGE('',*,*,#3710,.T.);
#3726 = ORIENTED_EDGE('',*,*,#3727,.F.);
#3727 = EDGE_CURVE('',#918,#3703,#3728,.T.);
#3728 = LINE('',#3729,#3730);
#3729 = CARTESIAN_POINT('',(140.,115.,24.));
#3730 = VECTOR('',#3731,1.);
#3731 = DIRECTION('',(1.,0.,0.));
#3732 = PLANE('',#3733);
#3733 = AXIS2_PLACEMENT_3D('',#3734,#3735,#3736);
#3734 = CARTESIAN_POINT('',(140.,65.,24.));
#3735 = DIRECTION('',(0.,0.,1.));
#3736 = DIRECTION('',(1.,0.,0.));
#3737 = ADVANCED_FACE('',(#3738),#3751,.T.);
#3738 = FACE_BOUND('',#3739,.T.);
#3739 = EDGE_LOOP('',(#3740,#3746,#3747,#3748,#3749,#3750));
#3740 = ORIENTED_EDGE('',*,*,#3741,.F.);
#3741 = EDGE_CURVE('',#926,#3111,#3742,.T.);
#3742 = LINE('',#3743,#3744);
#3743 = CARTESIAN_POINT('',(140.,115.,4.));
#3744 = VECTOR('',#3745,1.);
#3745 = DIRECTION('',(1.,0.,0.));
#3746 = ORIENTED_EDGE('',*,*,#925,.T.);
#3747 = ORIENTED_EDGE('',*,*,#3727,.T.);
#3748 = ORIENTED_EDGE('',*,*,#3702,.T.);
#3749 = ORIENTED_EDGE('',*,*,#3428,.T.);
#3750 = ORIENTED_EDGE('',*,*,#3118,.F.);
#3751 = PLANE('',#3752);
#3752 = AXIS2_PLACEMENT_3D('',#3753,#3754,#3755);
#3753 = CARTESIAN_POINT('',(140.,115.,4.));
#3754 = DIRECTION('',(0.,1.,0.));
#3755 = DIRECTION('',(0.,0.,1.));
#3756 = ADVANCED_FACE('',(#3757),#3800,.T.);
#3757 = FACE_BOUND('',#3758,.T.);
#3758 = EDGE_LOOP('',(#3759,#3769,#3775,#3776,#3777,#3778,#3786,#3794));
#3759 = ORIENTED_EDGE('',*,*,#3760,.T.);
#3760 = EDGE_CURVE('',#3761,#3763,#3765,.T.);
#3761 = VERTEX_POINT('',#3762);
#3762 = CARTESIAN_POINT('',(183.97013173804,109.64597877695,4.));
#3763 = VERTEX_POINT('',#3764);
#3764 = CARTESIAN_POINT('',(215.59912917291,139.5,4.));
#3765 = LINE('',#3766,#3767);
#3766 = CARTESIAN_POINT('',(127.07166202153,55.940573603345,4.));
#3767 = VECTOR('',#3768,1.);
#3768 = DIRECTION('',(0.727217527524,0.686407071396,0.));
#3769 = ORIENTED_EDGE('',*,*,#3770,.F.);
#3770 = EDGE_CURVE('',#934,#3763,#3771,.T.);
#3771 = LINE('',#3772,#3773);
#3772 = CARTESIAN_POINT('',(140.,139.5,4.));
#3773 = VECTOR('',#3774,1.);
#3774 = DIRECTION('',(1.,0.,0.));
#3775 = ORIENTED_EDGE('',*,*,#933,.F.);
#3776 = ORIENTED_EDGE('',*,*,#3741,.T.);
#3777 = ORIENTED_EDGE('',*,*,#3110,.F.);
#3778 = ORIENTED_EDGE('',*,*,#3779,.T.);
#3779 = EDGE_CURVE('',#3103,#3780,#3782,.T.);
#3780 = VERTEX_POINT('',#3781);
#3781 = CARTESIAN_POINT('',(188.61868155155,104.57924452209,4.));
#3782 = LINE('',#3783,#3784);
#3783 = CARTESIAN_POINT('',(139.22825094907,93.413854625259,4.));
#3784 = VECTOR('',#3785,1.);
#3785 = DIRECTION('',(0.975387035788,0.220499728835,0.));
#3786 = ORIENTED_EDGE('',*,*,#3787,.T.);
#3787 = EDGE_CURVE('',#3780,#3788,#3790,.T.);
#3788 = VERTEX_POINT('',#3789);
#3789 = CARTESIAN_POINT('',(186.52588293681,106.89771886061,4.));
#3790 = LINE('',#3791,#3792);
#3791 = CARTESIAN_POINT('',(239.34880138599,48.378671663567,4.));
#3792 = VECTOR('',#3793,1.);
#3793 = DIRECTION('',(-0.67005572795,0.742310798414,0.));
#3794 = ORIENTED_EDGE('',*,*,#3795,.T.);
#3795 = EDGE_CURVE('',#3788,#3761,#3796,.T.);
#3796 = LINE('',#3797,#3798);
#3797 = CARTESIAN_POINT('',(237.89184097162,51.662685184655,4.));
#3798 = VECTOR('',#3799,1.);
#3799 = DIRECTION('',(-0.680993992769,0.732289001565,0.));
#3800 = PLANE('',#3801);
#3801 = AXIS2_PLACEMENT_3D('',#3802,#3803,#3804);
#3802 = CARTESIAN_POINT('',(140.,-147.5,4.));
#3803 = DIRECTION('',(0.,0.,1.));
#3804 = DIRECTION('',(1.,0.,0.));
#3805 = ADVANCED_FACE('',(#3806),#3817,.F.);
#3806 = FACE_BOUND('',#3807,.F.);
#3807 = EDGE_LOOP('',(#3808,#3809,#3810,#3811));
#3808 = ORIENTED_EDGE('',*,*,#3770,.F.);
#3809 = ORIENTED_EDGE('',*,*,#941,.T.);
#3810 = ORIENTED_EDGE('',*,*,#3383,.T.);
#3811 = ORIENTED_EDGE('',*,*,#3812,.T.);
#3812 = EDGE_CURVE('',#3384,#3763,#3813,.T.);
#3813 = LINE('',#3814,#3815);
#3814 = CARTESIAN_POINT('',(215.59912917291,139.5,3.9));
#3815 = VECTOR('',#3816,1.);
#3816 = DIRECTION('',(0.,0.,-1.));
#3817 = PLANE('',#3818);
#3818 = AXIS2_PLACEMENT_3D('',#3819,#3820,#3821);
#3819 = CARTESIAN_POINT('',(140.,139.5,4.));
#3820 = DIRECTION('',(0.,1.,0.));
#3821 = DIRECTION('',(0.,0.,1.));
#3822 = ADVANCED_FACE('',(#3823),#3834,.T.);
#3823 = FACE_BOUND('',#3824,.T.);
#3824 = EDGE_LOOP('',(#3825,#3826,#3827,#3828));
#3825 = ORIENTED_EDGE('',*,*,#3327,.F.);
#3826 = ORIENTED_EDGE('',*,*,#957,.T.);
#3827 = ORIENTED_EDGE('',*,*,#3376,.T.);
#3828 = ORIENTED_EDGE('',*,*,#3829,.F.);
#3829 = EDGE_CURVE('',#3320,#3369,#3830,.T.);
#3830 = LINE('',#3831,#3832);
#3831 = CARTESIAN_POINT('',(340.,147.5,4.));
#3832 = VECTOR('',#3833,1.);
#3833 = DIRECTION('',(0.,0.,1.));
#3834 = PLANE('',#3835);
#3835 = AXIS2_PLACEMENT_3D('',#3836,#3837,#3838);
#3836 = CARTESIAN_POINT('',(240.,147.5,7.));
#3837 = DIRECTION('',(0.,1.,0.));
#3838 = DIRECTION('',(0.,0.,1.));
#3839 = ADVANCED_FACE('',(#3840,#3865),#3899,.T.);
#3840 = FACE_BOUND('',#3841,.T.);
#3841 = EDGE_LOOP('',(#3842,#3852,#3858,#3859));
#3842 = ORIENTED_EDGE('',*,*,#3843,.T.);
#3843 = EDGE_CURVE('',#3844,#3846,#3848,.T.);
#3844 = VERTEX_POINT('',#3845);
#3845 = CARTESIAN_POINT('',(90.,-102.,4.));
#3846 = VERTEX_POINT('',#3847);
#3847 = CARTESIAN_POINT('',(90.,-78.,4.));
#3848 = LINE('',#3849,#3850);
#3849 = CARTESIAN_POINT('',(90.,-102.,4.));
#3850 = VECTOR('',#3851,1.);
#3851 = DIRECTION('',(0.,1.,0.));
#3852 = ORIENTED_EDGE('',*,*,#3853,.T.);
#3853 = EDGE_CURVE('',#3846,#968,#3854,.T.);
#3854 = LINE('',#3855,#3856);
#3855 = CARTESIAN_POINT('',(90.,-78.,4.));
#3856 = VECTOR('',#3857,1.);
#3857 = DIRECTION('',(1.,0.,0.));
#3858 = ORIENTED_EDGE('',*,*,#965,.F.);
#3859 = ORIENTED_EDGE('',*,*,#3860,.F.);
#3860 = EDGE_CURVE('',#3844,#966,#3861,.T.);
#3861 = LINE('',#3862,#3863);
#3862 = CARTESIAN_POINT('',(90.,-102.,4.));
#3863 = VECTOR('',#3864,1.);
#3864 = DIRECTION('',(1.,0.,0.));
#3865 = FACE_BOUND('',#3866,.T.);
#3866 = EDGE_LOOP('',(#3867,#3877,#3885,#3893));
#3867 = ORIENTED_EDGE('',*,*,#3868,.F.);
#3868 = EDGE_CURVE('',#3869,#3871,#3873,.T.);
#3869 = VERTEX_POINT('',#3870);
#3870 = CARTESIAN_POINT('',(110.7,-83.7,4.));
#3871 = VERTEX_POINT('',#3872);
#3872 = CARTESIAN_POINT('',(119.3,-83.7,4.));
#3873 = LINE('',#3874,#3875);
#3874 = CARTESIAN_POINT('',(112.85,-83.7,4.));
#3875 = VECTOR('',#3876,1.);
#3876 = DIRECTION('',(1.,0.,0.));
#3877 = ORIENTED_EDGE('',*,*,#3878,.T.);
#3878 = EDGE_CURVE('',#3869,#3879,#3881,.T.);
#3879 = VERTEX_POINT('',#3880);
#3880 = CARTESIAN_POINT('',(110.7,-96.3,4.));
#3881 = LINE('',#3882,#3883);
#3882 = CARTESIAN_POINT('',(110.7,-93.15,4.));
#3883 = VECTOR('',#3884,1.);
#3884 = DIRECTION('',(0.,-1.,0.));
#3885 = ORIENTED_EDGE('',*,*,#3886,.T.);
#3886 = EDGE_CURVE('',#3879,#3887,#3889,.T.);
#3887 = VERTEX_POINT('',#3888);
#3888 = CARTESIAN_POINT('',(119.3,-96.3,4.));
#3889 = LINE('',#3890,#3891);
#3890 = CARTESIAN_POINT('',(112.85,-96.3,4.));
#3891 = VECTOR('',#3892,1.);
#3892 = DIRECTION('',(1.,0.,0.));
#3893 = ORIENTED_EDGE('',*,*,#3894,.F.);
#3894 = EDGE_CURVE('',#3871,#3887,#3895,.T.);
#3895 = LINE('',#3896,#3897);
#3896 = CARTESIAN_POINT('',(119.3,-93.15,4.));
#3897 = VECTOR('',#3898,1.);
#3898 = DIRECTION('',(0.,-1.,0.));
#3899 = PLANE('',#3900);
#3900 = AXIS2_PLACEMENT_3D('',#3901,#3902,#3903);
#3901 = CARTESIAN_POINT('',(115.,-90.,4.));
#3902 = DIRECTION('',(-0.,-0.,-1.));
#3903 = DIRECTION('',(-1.,0.,0.));
#3904 = ADVANCED_FACE('',(#3905),#3923,.F.);
#3905 = FACE_BOUND('',#3906,.F.);
#3906 = EDGE_LOOP('',(#3907,#3915,#3916,#3917));
#3907 = ORIENTED_EDGE('',*,*,#3908,.F.);
#3908 = EDGE_CURVE('',#3846,#3909,#3911,.T.);
#3909 = VERTEX_POINT('',#3910);
#3910 = CARTESIAN_POINT('',(90.,-78.,8.));
#3911 = LINE('',#3912,#3913);
#3912 = CARTESIAN_POINT('',(90.,-78.,4.));
#3913 = VECTOR('',#3914,1.);
#3914 = DIRECTION('',(0.,0.,1.));
#3915 = ORIENTED_EDGE('',*,*,#3853,.T.);
#3916 = ORIENTED_EDGE('',*,*,#975,.T.);
#3917 = ORIENTED_EDGE('',*,*,#3918,.F.);
#3918 = EDGE_CURVE('',#3909,#976,#3919,.T.);
#3919 = LINE('',#3920,#3921);
#3920 = CARTESIAN_POINT('',(90.,-78.,8.));
#3921 = VECTOR('',#3922,1.);
#3922 = DIRECTION('',(1.,0.,0.));
#3923 = PLANE('',#3924);
#3924 = AXIS2_PLACEMENT_3D('',#3925,#3926,#3927);
#3925 = CARTESIAN_POINT('',(90.,-78.,4.));
#3926 = DIRECTION('',(0.,-1.,0.));
#3927 = DIRECTION('',(0.,0.,1.));
#3928 = ADVANCED_FACE('',(#3929),#3979,.F.);
#3929 = FACE_BOUND('',#3930,.F.);
#3930 = EDGE_LOOP('',(#3931,#3939,#3940,#3941,#3949,#3957,#3965,#3973));
#3931 = ORIENTED_EDGE('',*,*,#3932,.F.);
#3932 = EDGE_CURVE('',#3909,#3933,#3935,.T.);
#3933 = VERTEX_POINT('',#3934);
#3934 = CARTESIAN_POINT('',(90.,-90.,20.));
#3935 = LINE('',#3936,#3937);
#3936 = CARTESIAN_POINT('',(90.,-78.,8.));
#3937 = VECTOR('',#3938,1.);
#3938 = DIRECTION('',(0.,-0.707106781187,0.707106781187));
#3939 = ORIENTED_EDGE('',*,*,#3918,.T.);
#3940 = ORIENTED_EDGE('',*,*,#983,.T.);
#3941 = ORIENTED_EDGE('',*,*,#3942,.F.);
#3942 = EDGE_CURVE('',#3943,#984,#3945,.T.);
#3943 = VERTEX_POINT('',#3944);
#3944 = CARTESIAN_POINT('',(119.3,-90.,20.));
#3945 = LINE('',#3946,#3947);
#3946 = CARTESIAN_POINT('',(90.,-90.,20.));
#3947 = VECTOR('',#3948,1.);
#3948 = DIRECTION('',(1.,0.,0.));
#3949 = ORIENTED_EDGE('',*,*,#3950,.F.);
#3950 = EDGE_CURVE('',#3951,#3943,#3953,.T.);
#3951 = VERTEX_POINT('',#3952);
#3952 = CARTESIAN_POINT('',(119.3,-83.7,13.7));
#3953 = LINE('',#3954,#3955);
#3954 = CARTESIAN_POINT('',(119.3,-80.325,10.325));
#3955 = VECTOR('',#3956,1.);
#3956 = DIRECTION('',(0.,-0.707106781187,0.707106781187));
#3957 = ORIENTED_EDGE('',*,*,#3958,.F.);
#3958 = EDGE_CURVE('',#3959,#3951,#3961,.T.);
#3959 = VERTEX_POINT('',#3960);
#3960 = CARTESIAN_POINT('',(110.7,-83.7,13.7));
#3961 = LINE('',#3962,#3963);
#3962 = CARTESIAN_POINT('',(100.35,-83.7,13.7));
#3963 = VECTOR('',#3964,1.);
#3964 = DIRECTION('',(1.,0.,0.));
#3965 = ORIENTED_EDGE('',*,*,#3966,.T.);
#3966 = EDGE_CURVE('',#3959,#3967,#3969,.T.);
#3967 = VERTEX_POINT('',#3968);
#3968 = CARTESIAN_POINT('',(110.7,-90.,20.));
#3969 = LINE('',#3970,#3971);
#3970 = CARTESIAN_POINT('',(110.7,-80.325,10.325));
#3971 = VECTOR('',#3972,1.);
#3972 = DIRECTION('',(0.,-0.707106781187,0.707106781187));
#3973 = ORIENTED_EDGE('',*,*,#3974,.F.);
#3974 = EDGE_CURVE('',#3933,#3967,#3975,.T.);
#3975 = LINE('',#3976,#3977);
#3976 = CARTESIAN_POINT('',(90.,-90.,20.));
#3977 = VECTOR('',#3978,1.);
#3978 = DIRECTION('',(1.,0.,0.));
#3979 = PLANE('',#3980);
#3980 = AXIS2_PLACEMENT_3D('',#3981,#3982,#3983);
#3981 = CARTESIAN_POINT('',(90.,-78.,8.));
#3982 = DIRECTION('',(0.,-0.707106781187,-0.707106781187));
#3983 = DIRECTION('',(0.,-0.707106781187,0.707106781187));
#3984 = ADVANCED_FACE('',(#3985),#4026,.F.);
#3985 = FACE_BOUND('',#3986,.F.);
#3986 = EDGE_LOOP('',(#3987,#3995,#3996,#4004,#4012,#4018,#4019,#4020));
#3987 = ORIENTED_EDGE('',*,*,#3988,.F.);
#3988 = EDGE_CURVE('',#3933,#3989,#3991,.T.);
#3989 = VERTEX_POINT('',#3990);
#3990 = CARTESIAN_POINT('',(90.,-102.,8.));
#3991 = LINE('',#3992,#3993);
#3992 = CARTESIAN_POINT('',(90.,-90.,20.));
#3993 = VECTOR('',#3994,1.);
#3994 = DIRECTION('',(0.,-0.707106781187,-0.707106781187));
#3995 = ORIENTED_EDGE('',*,*,#3974,.T.);
#3996 = ORIENTED_EDGE('',*,*,#3997,.T.);
#3997 = EDGE_CURVE('',#3967,#3998,#4000,.T.);
#3998 = VERTEX_POINT('',#3999);
#3999 = CARTESIAN_POINT('',(110.7,-96.3,13.7));
#4000 = LINE('',#4001,#4002);
#4001 = CARTESIAN_POINT('',(110.7,-96.825,13.175));
#4002 = VECTOR('',#4003,1.);
#4003 = DIRECTION('',(0.,-0.707106781187,-0.707106781187));
#4004 = ORIENTED_EDGE('',*,*,#4005,.T.);
#4005 = EDGE_CURVE('',#3998,#4006,#4008,.T.);
#4006 = VERTEX_POINT('',#4007);
#4007 = CARTESIAN_POINT('',(119.3,-96.3,13.7));
#4008 = LINE('',#4009,#4010);
#4009 = CARTESIAN_POINT('',(100.35,-96.3,13.7));
#4010 = VECTOR('',#4011,1.);
#4011 = DIRECTION('',(1.,0.,0.));
#4012 = ORIENTED_EDGE('',*,*,#4013,.F.);
#4013 = EDGE_CURVE('',#3943,#4006,#4014,.T.);
#4014 = LINE('',#4015,#4016);
#4015 = CARTESIAN_POINT('',(119.3,-96.825,13.175));
#4016 = VECTOR('',#4017,1.);
#4017 = DIRECTION('',(0.,-0.707106781187,-0.707106781187));
#4018 = ORIENTED_EDGE('',*,*,#3942,.T.);
#4019 = ORIENTED_EDGE('',*,*,#991,.T.);
#4020 = ORIENTED_EDGE('',*,*,#4021,.F.);
#4021 = EDGE_CURVE('',#3989,#992,#4022,.T.);
#4022 = LINE('',#4023,#4024);
#4023 = CARTESIAN_POINT('',(90.,-102.,8.));
#4024 = VECTOR('',#4025,1.);
#4025 = DIRECTION('',(1.,0.,0.));
#4026 = PLANE('',#4027);
#4027 = AXIS2_PLACEMENT_3D('',#4028,#4029,#4030);
#4028 = CARTESIAN_POINT('',(90.,-90.,20.));
#4029 = DIRECTION('',(0.,0.707106781187,-0.707106781187));
#4030 = DIRECTION('',(0.,-0.707106781187,-0.707106781187));
#4031 = ADVANCED_FACE('',(#4032),#4043,.F.);
#4032 = FACE_BOUND('',#4033,.F.);
#4033 = EDGE_LOOP('',(#4034,#4040,#4041,#4042));
#4034 = ORIENTED_EDGE('',*,*,#4035,.F.);
#4035 = EDGE_CURVE('',#3989,#3844,#4036,.T.);
#4036 = LINE('',#4037,#4038);
#4037 = CARTESIAN_POINT('',(90.,-102.,8.));
#4038 = VECTOR('',#4039,1.);
#4039 = DIRECTION('',(0.,0.,-1.));
#4040 = ORIENTED_EDGE('',*,*,#4021,.T.);
#4041 = ORIENTED_EDGE('',*,*,#999,.T.);
#4042 = ORIENTED_EDGE('',*,*,#3860,.F.);
#4043 = PLANE('',#4044);
#4044 = AXIS2_PLACEMENT_3D('',#4045,#4046,#4047);
#4045 = CARTESIAN_POINT('',(90.,-102.,8.));
#4046 = DIRECTION('',(0.,1.,0.));
#4047 = DIRECTION('',(0.,0.,-1.));
#4048 = ADVANCED_FACE('',(#4049),#4067,.F.);
#4049 = FACE_BOUND('',#4050,.F.);
#4050 = EDGE_LOOP('',(#4051,#4059,#4060,#4061));
#4051 = ORIENTED_EDGE('',*,*,#4052,.F.);
#4052 = EDGE_CURVE('',#3392,#4053,#4055,.T.);
#4053 = VERTEX_POINT('',#4054);
#4054 = CARTESIAN_POINT('',(221.78544316927,145.33914648954,16.8));
#4055 = LINE('',#4056,#4057);
#4056 = CARTESIAN_POINT('',(221.78544316927,145.33914648954,3.8));
#4057 = VECTOR('',#4058,1.);
#4058 = DIRECTION('',(0.,0.,1.));
#4059 = ORIENTED_EDGE('',*,*,#3399,.T.);
#4060 = ORIENTED_EDGE('',*,*,#1103,.T.);
#4061 = ORIENTED_EDGE('',*,*,#4062,.T.);
#4062 = EDGE_CURVE('',#1096,#4053,#4063,.T.);
#4063 = LINE('',#4064,#4065);
#4064 = CARTESIAN_POINT('',(250.76708802838,114.17449598903,16.8));
#4065 = VECTOR('',#4066,1.);
#4066 = DIRECTION('',(-0.680993992769,0.732289001565,0.));
#4067 = PLANE('',#4068);
#4068 = AXIS2_PLACEMENT_3D('',#4069,#4070,#4071);
#4069 = CARTESIAN_POINT('',(224.86653251185,142.025978,3.8));
#4070 = DIRECTION('',(-0.732289001565,-0.680993992769,0.));
#4071 = DIRECTION('',(-0.680993992769,0.732289001565,0.));
#4072 = ADVANCED_FACE('',(#4073),#4183,.T.);
#4073 = FACE_BOUND('',#4074,.T.);
#4074 = EDGE_LOOP('',(#4075,#4076,#4077,#4078,#4086,#4094,#4102,#4108,
    #4109,#4110,#4111,#4112,#4113,#4114,#4115,#4116,#4117,#4118,#4119,
    #4120,#4121,#4122,#4123,#4124,#4125,#4126,#4127,#4128,#4129,#4130,
    #4131,#4132,#4133,#4134,#4135,#4136,#4137,#4138,#4139,#4140,#4141,
    #4142,#4143,#4144,#4145,#4146,#4147,#4148,#4149,#4150,#4151,#4152,
    #4153,#4154,#4155,#4156,#4157,#4158,#4159,#4160,#4161,#4162,#4163,
    #4164,#4165,#4166,#4167,#4168,#4169,#4170,#4171,#4172,#4173,#4174,
    #4175,#4176,#4177,#4178,#4179,#4180,#4181,#4182));
#4075 = ORIENTED_EDGE('',*,*,#1135,.T.);
#4076 = ORIENTED_EDGE('',*,*,#1095,.T.);
#4077 = ORIENTED_EDGE('',*,*,#4062,.T.);
#4078 = ORIENTED_EDGE('',*,*,#4079,.T.);
#4079 = EDGE_CURVE('',#4053,#4080,#4082,.T.);
#4080 = VERTEX_POINT('',#4081);
#4081 = CARTESIAN_POINT('',(183.97013173804,109.64597877695,16.8));
#4082 = LINE('',#4083,#4084);
#4083 = CARTESIAN_POINT('',(206.36943757633,130.7882661117,16.8));
#4084 = VECTOR('',#4085,1.);
#4085 = DIRECTION('',(-0.727217527524,-0.686407071396,0.));
#4086 = ORIENTED_EDGE('',*,*,#4087,.T.);
#4087 = EDGE_CURVE('',#4080,#4088,#4090,.T.);
#4088 = VERTEX_POINT('',#4089);
#4089 = CARTESIAN_POINT('',(186.52588293681,106.89771886061,16.8));
#4090 = LINE('',#4091,#4092);
#4091 = CARTESIAN_POINT('',(211.2798973899,80.279139664517,16.8));
#4092 = VECTOR('',#4093,1.);
#4093 = DIRECTION('',(0.680993992769,-0.732289001565,0.));
#4094 = ORIENTED_EDGE('',*,*,#4095,.T.);
#4095 = EDGE_CURVE('',#4088,#4096,#4098,.T.);
#4096 = VERTEX_POINT('',#4097);
#4097 = CARTESIAN_POINT('',(189.04058313701,104.11184742407,16.8));
#4098 = LINE('',#4099,#4100);
#4099 = CARTESIAN_POINT('',(212.08614035488,78.581185921289,16.8));
#4100 = VECTOR('',#4101,1.);
#4101 = DIRECTION('',(0.67005572795,-0.742310798414,0.));
#4102 = ORIENTED_EDGE('',*,*,#4103,.T.);
#4103 = EDGE_CURVE('',#4096,#3037,#4104,.T.);
#4104 = LINE('',#4105,#4106);
#4105 = CARTESIAN_POINT('',(212.88339705992,76.896904398777,16.8));
#4106 = VECTOR('',#4107,1.);
#4107 = DIRECTION('',(0.658969995893,-0.752169225981,0.));
#4108 = ORIENTED_EDGE('',*,*,#3044,.T.);
#4109 = ORIENTED_EDGE('',*,*,#3006,.T.);
#4110 = ORIENTED_EDGE('',*,*,#2982,.T.);
#4111 = ORIENTED_EDGE('',*,*,#2958,.T.);
#4112 = ORIENTED_EDGE('',*,*,#2934,.T.);
#4113 = ORIENTED_EDGE('',*,*,#2910,.T.);
#4114 = ORIENTED_EDGE('',*,*,#2886,.T.);
#4115 = ORIENTED_EDGE('',*,*,#2862,.T.);
#4116 = ORIENTED_EDGE('',*,*,#2838,.T.);
#4117 = ORIENTED_EDGE('',*,*,#2814,.T.);
#4118 = ORIENTED_EDGE('',*,*,#2790,.T.);
#4119 = ORIENTED_EDGE('',*,*,#2766,.T.);
#4120 = ORIENTED_EDGE('',*,*,#2742,.T.);
#4121 = ORIENTED_EDGE('',*,*,#2718,.T.);
#4122 = ORIENTED_EDGE('',*,*,#2694,.T.);
#4123 = ORIENTED_EDGE('',*,*,#2670,.T.);
#4124 = ORIENTED_EDGE('',*,*,#2646,.T.);
#4125 = ORIENTED_EDGE('',*,*,#2622,.T.);
#4126 = ORIENTED_EDGE('',*,*,#2598,.T.);
#4127 = ORIENTED_EDGE('',*,*,#2574,.T.);
#4128 = ORIENTED_EDGE('',*,*,#2550,.T.);
#4129 = ORIENTED_EDGE('',*,*,#2526,.T.);
#4130 = ORIENTED_EDGE('',*,*,#2502,.T.);
#4131 = ORIENTED_EDGE('',*,*,#2478,.T.);
#4132 = ORIENTED_EDGE('',*,*,#2454,.T.);
#4133 = ORIENTED_EDGE('',*,*,#2430,.T.);
#4134 = ORIENTED_EDGE('',*,*,#2406,.T.);
#4135 = ORIENTED_EDGE('',*,*,#2382,.T.);
#4136 = ORIENTED_EDGE('',*,*,#2358,.T.);
#4137 = ORIENTED_EDGE('',*,*,#2334,.T.);
#4138 = ORIENTED_EDGE('',*,*,#2310,.T.);
#4139 = ORIENTED_EDGE('',*,*,#2286,.T.);
#4140 = ORIENTED_EDGE('',*,*,#2262,.T.);
#4141 = ORIENTED_EDGE('',*,*,#2238,.T.);
#4142 = ORIENTED_EDGE('',*,*,#2214,.T.);
#4143 = ORIENTED_EDGE('',*,*,#2190,.T.);
#4144 = ORIENTED_EDGE('',*,*,#2166,.T.);
#4145 = ORIENTED_EDGE('',*,*,#2142,.T.);
#4146 = ORIENTED_EDGE('',*,*,#2118,.T.);
#4147 = ORIENTED_EDGE('',*,*,#2094,.T.);
#4148 = ORIENTED_EDGE('',*,*,#2070,.T.);
#4149 = ORIENTED_EDGE('',*,*,#2046,.T.);
#4150 = ORIENTED_EDGE('',*,*,#2022,.T.);
#4151 = ORIENTED_EDGE('',*,*,#1998,.T.);
#4152 = ORIENTED_EDGE('',*,*,#1974,.T.);
#4153 = ORIENTED_EDGE('',*,*,#1950,.T.);
#4154 = ORIENTED_EDGE('',*,*,#1926,.T.);
#4155 = ORIENTED_EDGE('',*,*,#1902,.T.);
#4156 = ORIENTED_EDGE('',*,*,#1878,.T.);
#4157 = ORIENTED_EDGE('',*,*,#1854,.T.);
#4158 = ORIENTED_EDGE('',*,*,#1830,.T.);
#4159 = ORIENTED_EDGE('',*,*,#1806,.T.);
#4160 = ORIENTED_EDGE('',*,*,#1782,.T.);
#4161 = ORIENTED_EDGE('',*,*,#1758,.T.);
#4162 = ORIENTED_EDGE('',*,*,#1734,.T.);
#4163 = ORIENTED_EDGE('',*,*,#1710,.T.);
#4164 = ORIENTED_EDGE('',*,*,#1686,.T.);
#4165 = ORIENTED_EDGE('',*,*,#1662,.T.);
#4166 = ORIENTED_EDGE('',*,*,#1638,.T.);
#4167 = ORIENTED_EDGE('',*,*,#1614,.T.);
#4168 = ORIENTED_EDGE('',*,*,#1590,.T.);
#4169 = ORIENTED_EDGE('',*,*,#1566,.T.);
#4170 = ORIENTED_EDGE('',*,*,#1542,.T.);
#4171 = ORIENTED_EDGE('',*,*,#1518,.T.);
#4172 = ORIENTED_EDGE('',*,*,#1494,.T.);
#4173 = ORIENTED_EDGE('',*,*,#1470,.T.);
#4174 = ORIENTED_EDGE('',*,*,#1446,.T.);
#4175 = ORIENTED_EDGE('',*,*,#1422,.T.);
#4176 = ORIENTED_EDGE('',*,*,#1391,.T.);
#4177 = ORIENTED_EDGE('',*,*,#1293,.T.);
#4178 = ORIENTED_EDGE('',*,*,#1255,.T.);
#4179 = ORIENTED_EDGE('',*,*,#1231,.T.);
#4180 = ORIENTED_EDGE('',*,*,#1207,.T.);
#4181 = ORIENTED_EDGE('',*,*,#1183,.T.);
#4182 = ORIENTED_EDGE('',*,*,#1159,.T.);
#4183 = PLANE('',#4184);
#4184 = AXIS2_PLACEMENT_3D('',#4185,#4186,#4187);
#4185 = CARTESIAN_POINT('',(246.05753074814,57.857062846701,16.8));
#4186 = DIRECTION('',(0.,0.,1.));
#4187 = DIRECTION('',(1.,0.,-0.));
#4188 = ADVANCED_FACE('',(#4189),#4196,.T.);
#4189 = FACE_BOUND('',#4190,.T.);
#4190 = EDGE_LOOP('',(#4191,#4192,#4193,#4194,#4195));
#4191 = ORIENTED_EDGE('',*,*,#1311,.F.);
#4192 = ORIENTED_EDGE('',*,*,#1277,.T.);
#4193 = ORIENTED_EDGE('',*,*,#1398,.T.);
#4194 = ORIENTED_EDGE('',*,*,#1366,.T.);
#4195 = ORIENTED_EDGE('',*,*,#1343,.T.);
#4196 = PLANE('',#4197);
#4197 = AXIS2_PLACEMENT_3D('',#4198,#4199,#4200);
#4198 = CARTESIAN_POINT('',(140.77174905092,86.586145374741,14.));
#4199 = DIRECTION('',(0.,0.,1.));
#4200 = DIRECTION('',(0.975387035788,0.220499728835,0.));
#4201 = ADVANCED_FACE('',(#4202),#4220,.F.);
#4202 = FACE_BOUND('',#4203,.F.);
#4203 = EDGE_LOOP('',(#4204,#4205,#4213,#4219));
#4204 = ORIENTED_EDGE('',*,*,#3036,.F.);
#4205 = ORIENTED_EDGE('',*,*,#4206,.T.);
#4206 = EDGE_CURVE('',#3029,#4207,#4209,.T.);
#4207 = VERTEX_POINT('',#4208);
#4208 = CARTESIAN_POINT('',(189.04058313701,104.11184742407,14.));
#4209 = LINE('',#4210,#4211);
#4210 = CARTESIAN_POINT('',(182.90378678048,111.11658116653,14.));
#4211 = VECTOR('',#4212,1.);
#4212 = DIRECTION('',(-0.658969995893,0.752169225981,0.));
#4213 = ORIENTED_EDGE('',*,*,#4214,.T.);
#4214 = EDGE_CURVE('',#4207,#4096,#4215,.T.);
#4215 = LINE('',#4216,#4217);
#4216 = CARTESIAN_POINT('',(189.04058313701,104.11184742407,3.8));
#4217 = VECTOR('',#4218,1.);
#4218 = DIRECTION('',(0.,0.,1.));
#4219 = ORIENTED_EDGE('',*,*,#4103,.T.);
#4220 = PLANE('',#4221);
#4221 = AXIS2_PLACEMENT_3D('',#4222,#4223,#4224);
#4222 = CARTESIAN_POINT('',(189.04058313701,104.11184742407,3.8));
#4223 = DIRECTION('',(0.752169225981,0.658969995893,0.));
#4224 = DIRECTION('',(0.658969995893,-0.752169225981,0.));
#4225 = ADVANCED_FACE('',(#4226),#4246,.T.);
#4226 = FACE_BOUND('',#4227,.T.);
#4227 = EDGE_LOOP('',(#4228,#4236,#4237,#4238,#4239,#4240));
#4228 = ORIENTED_EDGE('',*,*,#4229,.F.);
#4229 = EDGE_CURVE('',#3095,#4230,#4232,.T.);
#4230 = VERTEX_POINT('',#4231);
#4231 = CARTESIAN_POINT('',(188.61868155155,104.57924452209,14.));
#4232 = LINE('',#4233,#4234);
#4233 = CARTESIAN_POINT('',(139.22825094907,93.413854625259,14.));
#4234 = VECTOR('',#4235,1.);
#4235 = DIRECTION('',(0.975387035788,0.220499728835,0.));
#4236 = ORIENTED_EDGE('',*,*,#3094,.F.);
#4237 = ORIENTED_EDGE('',*,*,#3069,.T.);
#4238 = ORIENTED_EDGE('',*,*,#3028,.T.);
#4239 = ORIENTED_EDGE('',*,*,#4206,.T.);
#4240 = ORIENTED_EDGE('',*,*,#4241,.T.);
#4241 = EDGE_CURVE('',#4207,#4230,#4242,.T.);
#4242 = LINE('',#4243,#4244);
#4243 = CARTESIAN_POINT('',(181.30604188983,112.68043843683,14.));
#4244 = VECTOR('',#4245,1.);
#4245 = DIRECTION('',(-0.67005572795,0.742310798414,0.));
#4246 = PLANE('',#4247);
#4247 = AXIS2_PLACEMENT_3D('',#4248,#4249,#4250);
#4248 = CARTESIAN_POINT('',(140.77174905092,86.586145374741,14.));
#4249 = DIRECTION('',(0.,0.,1.));
#4250 = DIRECTION('',(0.975387035788,0.220499728835,0.));
#4251 = ADVANCED_FACE('',(#4252),#4263,.T.);
#4252 = FACE_BOUND('',#4253,.T.);
#4253 = EDGE_LOOP('',(#4254,#4255,#4256,#4257));
#4254 = ORIENTED_EDGE('',*,*,#3779,.F.);
#4255 = ORIENTED_EDGE('',*,*,#3102,.F.);
#4256 = ORIENTED_EDGE('',*,*,#4229,.T.);
#4257 = ORIENTED_EDGE('',*,*,#4258,.T.);
#4258 = EDGE_CURVE('',#4230,#3780,#4259,.T.);
#4259 = LINE('',#4260,#4261);
#4260 = CARTESIAN_POINT('',(188.61868155155,104.57924452209,3.9));
#4261 = VECTOR('',#4262,1.);
#4262 = DIRECTION('',(0.,0.,-1.));
#4263 = PLANE('',#4264);
#4264 = AXIS2_PLACEMENT_3D('',#4265,#4266,#4267);
#4265 = CARTESIAN_POINT('',(139.22825094907,93.413854625259,4.));
#4266 = DIRECTION('',(-0.220499728835,0.975387035788,0.));
#4267 = DIRECTION('',(0.,0.,1.));
#4268 = ADVANCED_FACE('',(#4269),#4275,.T.);
#4269 = FACE_BOUND('',#4270,.T.);
#4270 = EDGE_LOOP('',(#4271,#4272,#4273,#4274));
#4271 = ORIENTED_EDGE('',*,*,#3230,.F.);
#4272 = ORIENTED_EDGE('',*,*,#3198,.F.);
#4273 = ORIENTED_EDGE('',*,*,#3278,.T.);
#4274 = ORIENTED_EDGE('',*,*,#3262,.T.);
#4275 = PLANE('',#4276);
#4276 = AXIS2_PLACEMENT_3D('',#4277,#4278,#4279);
#4277 = CARTESIAN_POINT('',(139.22825094907,-93.41385462525,14.));
#4278 = DIRECTION('',(0.,0.,1.));
#4279 = DIRECTION('',(0.975387035788,-0.220499728835,0.));
#4280 = ADVANCED_FACE('',(#4281),#4287,.T.);
#4281 = FACE_BOUND('',#4282,.T.);
#4282 = EDGE_LOOP('',(#4283,#4284,#4285,#4286));
#4283 = ORIENTED_EDGE('',*,*,#3342,.F.);
#4284 = ORIENTED_EDGE('',*,*,#3319,.T.);
#4285 = ORIENTED_EDGE('',*,*,#3829,.T.);
#4286 = ORIENTED_EDGE('',*,*,#3368,.F.);
#4287 = PLANE('',#4288);
#4288 = AXIS2_PLACEMENT_3D('',#4289,#4290,#4291);
#4289 = CARTESIAN_POINT('',(340.,0.,7.));
#4290 = DIRECTION('',(1.,0.,0.));
#4291 = DIRECTION('',(0.,0.,1.));
#4292 = ADVANCED_FACE('',(#4293),#4306,.F.);
#4293 = FACE_BOUND('',#4294,.F.);
#4294 = EDGE_LOOP('',(#4295,#4296,#4297,#4298,#4299,#4305));
#4295 = ORIENTED_EDGE('',*,*,#3812,.F.);
#4296 = ORIENTED_EDGE('',*,*,#3391,.T.);
#4297 = ORIENTED_EDGE('',*,*,#4052,.T.);
#4298 = ORIENTED_EDGE('',*,*,#4079,.T.);
#4299 = ORIENTED_EDGE('',*,*,#4300,.F.);
#4300 = EDGE_CURVE('',#3761,#4080,#4301,.T.);
#4301 = LINE('',#4302,#4303);
#4302 = CARTESIAN_POINT('',(183.97013173804,109.64597877695,3.8));
#4303 = VECTOR('',#4304,1.);
#4304 = DIRECTION('',(0.,0.,1.));
#4305 = ORIENTED_EDGE('',*,*,#3760,.T.);
#4306 = PLANE('',#4307);
#4307 = AXIS2_PLACEMENT_3D('',#4308,#4309,#4310);
#4308 = CARTESIAN_POINT('',(221.78544316927,145.33914648954,3.8));
#4309 = DIRECTION('',(0.686407071396,-0.727217527524,0.));
#4310 = DIRECTION('',(-0.727217527524,-0.686407071396,0.));
#4311 = ADVANCED_FACE('',(#4312),#4317,.T.);
#4312 = FACE_BOUND('',#4313,.T.);
#4313 = EDGE_LOOP('',(#4314,#4315,#4316));
#4314 = ORIENTED_EDGE('',*,*,#3451,.F.);
#4315 = ORIENTED_EDGE('',*,*,#3663,.T.);
#4316 = ORIENTED_EDGE('',*,*,#3526,.T.);
#4317 = PLANE('',#4318);
#4318 = AXIS2_PLACEMENT_3D('',#4319,#4320,#4321);
#4319 = CARTESIAN_POINT('',(162.87116936722,125.66544806304,17.6));
#4320 = DIRECTION('',(0.758661792252,-0.651484677469,0.));
#4321 = DIRECTION('',(-0.651484677469,-0.758661792252,0.));
#4322 = ADVANCED_FACE('',(#4323),#4330,.F.);
#4323 = FACE_BOUND('',#4324,.F.);
#4324 = EDGE_LOOP('',(#4325,#4326,#4327,#4328,#4329));
#4325 = ORIENTED_EDGE('',*,*,#3572,.T.);
#4326 = ORIENTED_EDGE('',*,*,#3630,.T.);
#4327 = ORIENTED_EDGE('',*,*,#3654,.T.);
#4328 = ORIENTED_EDGE('',*,*,#3476,.T.);
#4329 = ORIENTED_EDGE('',*,*,#3548,.T.);
#4330 = PLANE('',#4331);
#4331 = AXIS2_PLACEMENT_3D('',#4332,#4333,#4334);
#4332 = CARTESIAN_POINT('',(90.,90.,9.389826944734));
#4333 = DIRECTION('',(1.,0.,0.));
#4334 = DIRECTION('',(0.,0.,1.));
#4335 = ADVANCED_FACE('',(#4336),#4353,.T.);
#4336 = FACE_BOUND('',#4337,.T.);
#4337 = EDGE_LOOP('',(#4338,#4344,#4345,#4351,#4352));
#4338 = ORIENTED_EDGE('',*,*,#4339,.F.);
#4339 = EDGE_CURVE('',#3601,#3495,#4340,.T.);
#4340 = LINE('',#4341,#4342);
#4341 = CARTESIAN_POINT('',(110.7,83.7,-1.));
#4342 = VECTOR('',#4343,1.);
#4343 = DIRECTION('',(0.,0.,1.));
#4344 = ORIENTED_EDGE('',*,*,#3600,.F.);
#4345 = ORIENTED_EDGE('',*,*,#4346,.T.);
#4346 = EDGE_CURVE('',#3591,#3679,#4347,.T.);
#4347 = LINE('',#4348,#4349);
#4348 = CARTESIAN_POINT('',(110.7,96.3,-1.));
#4349 = VECTOR('',#4350,1.);
#4350 = DIRECTION('',(0.,0.,1.));
#4351 = ORIENTED_EDGE('',*,*,#3686,.T.);
#4352 = ORIENTED_EDGE('',*,*,#3494,.T.);
#4353 = PLANE('',#4354);
#4354 = AXIS2_PLACEMENT_3D('',#4355,#4356,#4357);
#4355 = CARTESIAN_POINT('',(110.7,83.7,-1.));
#4356 = DIRECTION('',(1.,0.,0.));
#4357 = DIRECTION('',(0.,0.,1.));
#4358 = ADVANCED_FACE('',(#4359),#4370,.T.);
#4359 = FACE_BOUND('',#4360,.T.);
#4360 = EDGE_LOOP('',(#4361,#4367,#4368,#4369));
#4361 = ORIENTED_EDGE('',*,*,#4362,.F.);
#4362 = EDGE_CURVE('',#3609,#3503,#4363,.T.);
#4363 = LINE('',#4364,#4365);
#4364 = CARTESIAN_POINT('',(119.3,83.7,-1.));
#4365 = VECTOR('',#4366,1.);
#4366 = DIRECTION('',(0.,0.,1.));
#4367 = ORIENTED_EDGE('',*,*,#3608,.F.);
#4368 = ORIENTED_EDGE('',*,*,#4339,.T.);
#4369 = ORIENTED_EDGE('',*,*,#3502,.T.);
#4370 = PLANE('',#4371);
#4371 = AXIS2_PLACEMENT_3D('',#4372,#4373,#4374);
#4372 = CARTESIAN_POINT('',(110.7,83.7,-1.));
#4373 = DIRECTION('',(0.,1.,0.));
#4374 = DIRECTION('',(0.,0.,1.));
#4375 = ADVANCED_FACE('',(#4376),#4388,.F.);
#4376 = FACE_BOUND('',#4377,.F.);
#4377 = EDGE_LOOP('',(#4378,#4379,#4380,#4386,#4387));
#4378 = ORIENTED_EDGE('',*,*,#4362,.F.);
#4379 = ORIENTED_EDGE('',*,*,#3616,.F.);
#4380 = ORIENTED_EDGE('',*,*,#4381,.T.);
#4381 = EDGE_CURVE('',#3593,#3671,#4382,.T.);
#4382 = LINE('',#4383,#4384);
#4383 = CARTESIAN_POINT('',(119.3,96.3,-1.));
#4384 = VECTOR('',#4385,1.);
#4385 = DIRECTION('',(0.,0.,1.));
#4386 = ORIENTED_EDGE('',*,*,#3670,.T.);
#4387 = ORIENTED_EDGE('',*,*,#3510,.T.);
#4388 = PLANE('',#4389);
#4389 = AXIS2_PLACEMENT_3D('',#4390,#4391,#4392);
#4390 = CARTESIAN_POINT('',(119.3,83.7,-1.));
#4391 = DIRECTION('',(1.,0.,0.));
#4392 = DIRECTION('',(0.,0.,1.));
#4393 = ADVANCED_FACE('',(#4394),#4400,.F.);
#4394 = FACE_BOUND('',#4395,.F.);
#4395 = EDGE_LOOP('',(#4396,#4397,#4398,#4399));
#4396 = ORIENTED_EDGE('',*,*,#4381,.F.);
#4397 = ORIENTED_EDGE('',*,*,#3590,.F.);
#4398 = ORIENTED_EDGE('',*,*,#4346,.T.);
#4399 = ORIENTED_EDGE('',*,*,#3678,.T.);
#4400 = PLANE('',#4401);
#4401 = AXIS2_PLACEMENT_3D('',#4402,#4403,#4404);
#4402 = CARTESIAN_POINT('',(110.7,96.3,-1.));
#4403 = DIRECTION('',(0.,1.,0.));
#4404 = DIRECTION('',(0.,0.,1.));
#4405 = ADVANCED_FACE('',(#4406),#4419,.F.);
#4406 = FACE_BOUND('',#4407,.F.);
#4407 = EDGE_LOOP('',(#4408,#4409,#4410,#4416,#4417,#4418));
#4408 = ORIENTED_EDGE('',*,*,#4258,.T.);
#4409 = ORIENTED_EDGE('',*,*,#3787,.T.);
#4410 = ORIENTED_EDGE('',*,*,#4411,.T.);
#4411 = EDGE_CURVE('',#3788,#4088,#4412,.T.);
#4412 = LINE('',#4413,#4414);
#4413 = CARTESIAN_POINT('',(186.52588293681,106.89771886061,3.8));
#4414 = VECTOR('',#4415,1.);
#4415 = DIRECTION('',(0.,0.,1.));
#4416 = ORIENTED_EDGE('',*,*,#4095,.T.);
#4417 = ORIENTED_EDGE('',*,*,#4214,.F.);
#4418 = ORIENTED_EDGE('',*,*,#4241,.T.);
#4419 = PLANE('',#4420);
#4420 = AXIS2_PLACEMENT_3D('',#4421,#4422,#4423);
#4421 = CARTESIAN_POINT('',(186.52588293681,106.89771886061,3.8));
#4422 = DIRECTION('',(0.742310798414,0.67005572795,0.));
#4423 = DIRECTION('',(0.67005572795,-0.742310798414,0.));
#4424 = ADVANCED_FACE('',(#4425),#4431,.F.);
#4425 = FACE_BOUND('',#4426,.F.);
#4426 = EDGE_LOOP('',(#4427,#4428,#4429,#4430));
#4427 = ORIENTED_EDGE('',*,*,#4411,.F.);
#4428 = ORIENTED_EDGE('',*,*,#3795,.T.);
#4429 = ORIENTED_EDGE('',*,*,#4300,.T.);
#4430 = ORIENTED_EDGE('',*,*,#4087,.T.);
#4431 = PLANE('',#4432);
#4432 = AXIS2_PLACEMENT_3D('',#4433,#4434,#4435);
#4433 = CARTESIAN_POINT('',(183.97013173804,109.64597877695,3.8));
#4434 = DIRECTION('',(0.732289001565,0.680993992769,0.));
#4435 = DIRECTION('',(0.680993992769,-0.732289001565,0.));
#4436 = ADVANCED_FACE('',(#4437),#4444,.F.);
#4437 = FACE_BOUND('',#4438,.F.);
#4438 = EDGE_LOOP('',(#4439,#4440,#4441,#4442,#4443));
#4439 = ORIENTED_EDGE('',*,*,#3843,.T.);
#4440 = ORIENTED_EDGE('',*,*,#3908,.T.);
#4441 = ORIENTED_EDGE('',*,*,#3932,.T.);
#4442 = ORIENTED_EDGE('',*,*,#3988,.T.);
#4443 = ORIENTED_EDGE('',*,*,#4035,.T.);
#4444 = PLANE('',#4445);
#4445 = AXIS2_PLACEMENT_3D('',#4446,#4447,#4448);
#4446 = CARTESIAN_POINT('',(90.,-90.,9.389826944734));
#4447 = DIRECTION('',(1.,0.,0.));
#4448 = DIRECTION('',(0.,0.,1.));
#4449 = ADVANCED_FACE('',(#4450),#4466,.F.);
#4450 = FACE_BOUND('',#4451,.F.);
#4451 = EDGE_LOOP('',(#4452,#4458,#4459,#4465));
#4452 = ORIENTED_EDGE('',*,*,#4453,.F.);
#4453 = EDGE_CURVE('',#3871,#3951,#4454,.T.);
#4454 = LINE('',#4455,#4456);
#4455 = CARTESIAN_POINT('',(119.3,-83.7,-1.));
#4456 = VECTOR('',#4457,1.);
#4457 = DIRECTION('',(0.,0.,1.));
#4458 = ORIENTED_EDGE('',*,*,#3868,.F.);
#4459 = ORIENTED_EDGE('',*,*,#4460,.T.);
#4460 = EDGE_CURVE('',#3869,#3959,#4461,.T.);
#4461 = LINE('',#4462,#4463);
#4462 = CARTESIAN_POINT('',(110.7,-83.7,-1.));
#4463 = VECTOR('',#4464,1.);
#4464 = DIRECTION('',(0.,0.,1.));
#4465 = ORIENTED_EDGE('',*,*,#3958,.T.);
#4466 = PLANE('',#4467);
#4467 = AXIS2_PLACEMENT_3D('',#4468,#4469,#4470);
#4468 = CARTESIAN_POINT('',(110.7,-83.7,-1.));
#4469 = DIRECTION('',(0.,1.,0.));
#4470 = DIRECTION('',(0.,0.,1.));
#4471 = ADVANCED_FACE('',(#4472),#4484,.T.);
#4472 = FACE_BOUND('',#4473,.T.);
#4473 = EDGE_LOOP('',(#4474,#4480,#4481,#4482,#4483));
#4474 = ORIENTED_EDGE('',*,*,#4475,.F.);
#4475 = EDGE_CURVE('',#3879,#3998,#4476,.T.);
#4476 = LINE('',#4477,#4478);
#4477 = CARTESIAN_POINT('',(110.7,-96.3,-1.));
#4478 = VECTOR('',#4479,1.);
#4479 = DIRECTION('',(0.,0.,1.));
#4480 = ORIENTED_EDGE('',*,*,#3878,.F.);
#4481 = ORIENTED_EDGE('',*,*,#4460,.T.);
#4482 = ORIENTED_EDGE('',*,*,#3966,.T.);
#4483 = ORIENTED_EDGE('',*,*,#3997,.T.);
#4484 = PLANE('',#4485);
#4485 = AXIS2_PLACEMENT_3D('',#4486,#4487,#4488);
#4486 = CARTESIAN_POINT('',(110.7,-96.3,-1.));
#4487 = DIRECTION('',(1.,0.,0.));
#4488 = DIRECTION('',(0.,0.,1.));
#4489 = ADVANCED_FACE('',(#4490),#4501,.T.);
#4490 = FACE_BOUND('',#4491,.T.);
#4491 = EDGE_LOOP('',(#4492,#4498,#4499,#4500));
#4492 = ORIENTED_EDGE('',*,*,#4493,.F.);
#4493 = EDGE_CURVE('',#3887,#4006,#4494,.T.);
#4494 = LINE('',#4495,#4496);
#4495 = CARTESIAN_POINT('',(119.3,-96.3,-1.));
#4496 = VECTOR('',#4497,1.);
#4497 = DIRECTION('',(0.,0.,1.));
#4498 = ORIENTED_EDGE('',*,*,#3886,.F.);
#4499 = ORIENTED_EDGE('',*,*,#4475,.T.);
#4500 = ORIENTED_EDGE('',*,*,#4005,.T.);
#4501 = PLANE('',#4502);
#4502 = AXIS2_PLACEMENT_3D('',#4503,#4504,#4505);
#4503 = CARTESIAN_POINT('',(110.7,-96.3,-1.));
#4504 = DIRECTION('',(0.,1.,0.));
#4505 = DIRECTION('',(0.,0.,1.));
#4506 = ADVANCED_FACE('',(#4507),#4514,.F.);
#4507 = FACE_BOUND('',#4508,.F.);
#4508 = EDGE_LOOP('',(#4509,#4510,#4511,#4512,#4513));
#4509 = ORIENTED_EDGE('',*,*,#4493,.F.);
#4510 = ORIENTED_EDGE('',*,*,#3894,.F.);
#4511 = ORIENTED_EDGE('',*,*,#4453,.T.);
#4512 = ORIENTED_EDGE('',*,*,#3950,.T.);
#4513 = ORIENTED_EDGE('',*,*,#4013,.T.);
#4514 = PLANE('',#4515);
#4515 = AXIS2_PLACEMENT_3D('',#4516,#4517,#4518);
#4516 = CARTESIAN_POINT('',(119.3,-96.3,-1.));
#4517 = DIRECTION('',(1.,0.,0.));
#4518 = DIRECTION('',(0.,0.,1.));
#4519 = ( GEOMETRIC_REPRESENTATION_CONTEXT(3) 
GLOBAL_UNCERTAINTY_ASSIGNED_CONTEXT((#4523)) 
GLOBAL_UNIT_ASSIGNED_CONTEXT((#4520,#4521,#4522)) REPRESENTATION_CONTEXT
('Context #1','3D Context with UNIT and UNCERTAINTY') );
#4520 = ( LENGTH_UNIT() NAMED_UNIT(*) SI_UNIT(.MILLI.,.METRE.) );
#4521 = ( NAMED_UNIT(*) PLANE_ANGLE_UNIT() SI_UNIT($,.RADIAN.) );
#4522 = ( NAMED_UNIT(*) SI_UNIT($,.STERADIAN.) SOLID_ANGLE_UNIT() );
#4523 = UNCERTAINTY_MEASURE_WITH_UNIT(LENGTH_MEASURE(1.E-07),#4520,
  'distance_accuracy_value','confusion accuracy');
#4524 = PRODUCT_RELATED_PRODUCT_CATEGORY('part',$,(#7));
ENDSEC;
END-ISO-10303-21;
