ISO-10303-21;
HEADER;
FILE_DESCRIPTION(('FreeCAD Model'),'2;1');
FILE_NAME('Open CASCADE Shape Model','2026-09-20T14:53:03',('FreeCAD'),(
    'FreeCAD'),'Open CASCADE STEP processor 7.8','FreeCAD','Unknown');
FILE_SCHEMA(('AUTOMOTIVE_DESIGN { 1 0 10303 214 1 1 1 1 }'));
ENDSEC;
DATA;
#1 = APPLICATION_PROTOCOL_DEFINITION('international standard',
  'automotive_design',2000,#2);
#2 = APPLICATION_CONTEXT(
  'core data for automotive mechanical design processes');
#3 = SHAPE_DEFINITION_REPRESENTATION(#4,#10);
#4 = PRODUCT_DEFINITION_SHAPE('','',#5);
#5 = PRODUCT_DEFINITION('design','',#6,#9);
#6 = PRODUCT_DEFINITION_FORMATION('','',#7);
#7 = PRODUCT('Open CASCADE STEP translator 7.8 1',
  'Open CASCADE STEP translator 7.8 1','',(#8));
#8 = PRODUCT_CONTEXT('',#2,'mechanical');
#9 = PRODUCT_DEFINITION_CONTEXT('part definition',#2,'design');
#10 = ADVANCED_BREP_SHAPE_REPRESENTATION('',(#11,#15),#6938);
#11 = AXIS2_PLACEMENT_3D('',#12,#13,#14);
#12 = CARTESIAN_POINT('',(0.,0.,0.));
#13 = DIRECTION('',(0.,0.,1.));
#14 = DIRECTION('',(1.,0.,-0.));
#15 = MANIFOLD_SOLID_BREP('',#16);
#16 = CLOSED_SHELL('',(#17,#57,#88,#112,#136,#153,#233,#264,#288,#312,
    #329,#360,#384,#408,#425,#505,#517,#728,#784,#832,#867,#899,#923,
    #956,#1019,#1179,#1203,#1299,#1323,#1405,#1429,#1480,#1539,#1579,
    #1628,#1668,#1686,#1717,#1775,#1799,#1855,#1895,#1926,#1984,#2008,
    #2081,#2138,#2150,#2175,#2216,#2240,#2258,#2270,#2488,#2513,#2562,
    #2577,#2767,#2785,#2836,#2861,#2878,#2909,#2933,#2957,#2974,#2996,
    #3013,#3030,#3042,#3073,#3097,#3121,#3138,#3160,#3177,#3194,#3206,
    #3230,#3276,#3300,#3324,#3348,#3372,#3396,#3420,#3452,#3464,#3495,
    #3519,#3543,#3560,#3582,#3600,#3617,#3630,#3652,#3670,#3687,#3700,
    #3717,#3735,#3752,#3770,#3783,#3797,#3815,#3840,#3872,#3904,#3936,
    #3968,#3985,#4027,#4059,#4091,#4123,#4155,#4187,#4219,#4251,#4283,
    #4315,#4347,#4379,#4405,#4444,#4484,#4543,#4583,#4622,#4678,#4736,
    #4760,#4820,#4851,#4881,#4905,#4961,#5001,#5032,#5062,#5086,#5159,
    #5216,#5229,#5246,#5258,#5292,#5317,#5344,#5369,#5394,#5441,#5474,
    #5515,#5556,#5581,#5622,#5670,#5688,#5713,#5754,#5802,#5820,#5845,
    #5886,#5934,#5952,#6000,#6018,#6066,#6084,#6132,#6150,#6198,#6216,
    #6243,#6255,#6270,#6292,#6310,#6327,#6340,#6352,#6364,#6382,#6404,
    #6422,#6439,#6452,#6483,#6507,#6531,#6548,#6561,#6575,#6587,#6680,
    #6708,#6722,#6740,#6752,#6770,#6782,#6800,#6812,#6830,#6842,#6860,
    #6872,#6884,#6904,#6929));
#17 = ADVANCED_FACE('',(#18),#52,.T.);
#18 = FACE_BOUND('',#19,.T.);
#19 = EDGE_LOOP('',(#20,#30,#38,#46));
#20 = ORIENTED_EDGE('',*,*,#21,.F.);
#21 = EDGE_CURVE('',#22,#24,#26,.T.);
#22 = VERTEX_POINT('',#23);
#23 = CARTESIAN_POINT('',(104.00814563568,-15.95225664584,3.5));
#24 = VERTEX_POINT('',#25);
#25 = CARTESIAN_POINT('',(103.62466036759,-11.56899997423,3.5));
#26 = LINE('',#27,#28);
#27 = CARTESIAN_POINT('',(104.00814563568,-15.95225664584,3.5));
#28 = VECTOR('',#29,1.);
#29 = DIRECTION('',(-8.715574274764E-02,0.996194698092,0.));
#30 = ORIENTED_EDGE('',*,*,#31,.T.);
#31 = EDGE_CURVE('',#22,#32,#34,.T.);
#32 = VERTEX_POINT('',#33);
#33 = CARTESIAN_POINT('',(108.39140230728,-15.56877137775,3.5));
#34 = LINE('',#35,#36);
#35 = CARTESIAN_POINT('',(104.00814563568,-15.95225664584,3.5));
#36 = VECTOR('',#37,1.);
#37 = DIRECTION('',(0.996194698092,8.715574274764E-02,0.));
#38 = ORIENTED_EDGE('',*,*,#39,.T.);
#39 = EDGE_CURVE('',#32,#40,#42,.T.);
#40 = VERTEX_POINT('',#41);
#41 = CARTESIAN_POINT('',(108.00791703919,-11.18551470614,3.5));
#42 = LINE('',#43,#44);
#43 = CARTESIAN_POINT('',(108.39140230728,-15.56877137775,3.5));
#44 = VECTOR('',#45,1.);
#45 = DIRECTION('',(-8.715574274764E-02,0.996194698092,0.));
#46 = ORIENTED_EDGE('',*,*,#47,.F.);
#47 = EDGE_CURVE('',#24,#40,#48,.T.);
#48 = LINE('',#49,#50);
#49 = CARTESIAN_POINT('',(103.62466036759,-11.56899997423,3.5));
#50 = VECTOR('',#51,1.);
#51 = DIRECTION('',(0.996194698092,8.715574274764E-02,0.));
#52 = PLANE('',#53);
#53 = AXIS2_PLACEMENT_3D('',#54,#55,#56);
#54 = CARTESIAN_POINT('',(104.00814563568,-15.95225664584,3.5));
#55 = DIRECTION('',(0.,0.,1.));
#56 = DIRECTION('',(0.996194698092,8.715574274764E-02,0.));
#57 = ADVANCED_FACE('',(#58),#83,.T.);
#58 = FACE_BOUND('',#59,.T.);
#59 = EDGE_LOOP('',(#60,#68,#69,#77));
#60 = ORIENTED_EDGE('',*,*,#61,.F.);
#61 = EDGE_CURVE('',#22,#62,#64,.T.);
#62 = VERTEX_POINT('',#63);
#63 = CARTESIAN_POINT('',(104.00814563568,-15.95225664584,10.));
#64 = LINE('',#65,#66);
#65 = CARTESIAN_POINT('',(104.00814563568,-15.95225664584,3.5));
#66 = VECTOR('',#67,1.);
#67 = DIRECTION('',(0.,0.,1.));
#68 = ORIENTED_EDGE('',*,*,#21,.T.);
#69 = ORIENTED_EDGE('',*,*,#70,.T.);
#70 = EDGE_CURVE('',#24,#71,#73,.T.);
#71 = VERTEX_POINT('',#72);
#72 = CARTESIAN_POINT('',(103.62466036759,-11.56899997423,10.));
#73 = LINE('',#74,#75);
#74 = CARTESIAN_POINT('',(103.62466036759,-11.56899997423,2.8));
#75 = VECTOR('',#76,1.);
#76 = DIRECTION('',(0.,0.,1.));
#77 = ORIENTED_EDGE('',*,*,#78,.F.);
#78 = EDGE_CURVE('',#62,#71,#79,.T.);
#79 = LINE('',#80,#81);
#80 = CARTESIAN_POINT('',(104.30447516102,-19.33931861935,10.));
#81 = VECTOR('',#82,1.);
#82 = DIRECTION('',(-8.715574274764E-02,0.996194698092,0.));
#83 = PLANE('',#84);
#84 = AXIS2_PLACEMENT_3D('',#85,#86,#87);
#85 = CARTESIAN_POINT('',(103.81640300163,-13.76062831004,6.75));
#86 = DIRECTION('',(0.996194698092,8.715574274764E-02,0.));
#87 = DIRECTION('',(-8.715574274764E-02,0.996194698092,0.));
#88 = ADVANCED_FACE('',(#89),#107,.T.);
#89 = FACE_BOUND('',#90,.T.);
#90 = EDGE_LOOP('',(#91,#99,#100,#101));
#91 = ORIENTED_EDGE('',*,*,#92,.F.);
#92 = EDGE_CURVE('',#32,#93,#95,.T.);
#93 = VERTEX_POINT('',#94);
#94 = CARTESIAN_POINT('',(108.39140230728,-15.56877137775,10.));
#95 = LINE('',#96,#97);
#96 = CARTESIAN_POINT('',(108.39140230728,-15.56877137775,2.8));
#97 = VECTOR('',#98,1.);
#98 = DIRECTION('',(0.,0.,1.));
#99 = ORIENTED_EDGE('',*,*,#31,.F.);
#100 = ORIENTED_EDGE('',*,*,#61,.T.);
#101 = ORIENTED_EDGE('',*,*,#102,.F.);
#102 = EDGE_CURVE('',#93,#62,#103,.T.);
#103 = LINE('',#104,#105);
#104 = CARTESIAN_POINT('',(99.126791615031,-16.3793197853,10.));
#105 = VECTOR('',#106,1.);
#106 = DIRECTION('',(-0.996194698092,-8.715574274764E-02,0.));
#107 = PLANE('',#108);
#108 = AXIS2_PLACEMENT_3D('',#109,#110,#111);
#109 = CARTESIAN_POINT('',(106.19977397148,-15.76051401179,6.75));
#110 = DIRECTION('',(-8.715574274764E-02,0.996194698092,0.));
#111 = DIRECTION('',(0.996194698092,8.715574274764E-02,0.));
#112 = ADVANCED_FACE('',(#113),#131,.T.);
#113 = FACE_BOUND('',#114,.T.);
#114 = EDGE_LOOP('',(#115,#116,#124,#130));
#115 = ORIENTED_EDGE('',*,*,#92,.T.);
#116 = ORIENTED_EDGE('',*,*,#117,.T.);
#117 = EDGE_CURVE('',#93,#118,#120,.T.);
#118 = VERTEX_POINT('',#119);
#119 = CARTESIAN_POINT('',(108.00791703919,-11.18551470614,10.));
#120 = LINE('',#121,#122);
#121 = CARTESIAN_POINT('',(108.68773183262,-18.95583335126,10.));
#122 = VECTOR('',#123,1.);
#123 = DIRECTION('',(-8.715574274764E-02,0.996194698092,0.));
#124 = ORIENTED_EDGE('',*,*,#125,.F.);
#125 = EDGE_CURVE('',#40,#118,#126,.T.);
#126 = LINE('',#127,#128);
#127 = CARTESIAN_POINT('',(108.00791703919,-11.18551470614,3.5));
#128 = VECTOR('',#129,1.);
#129 = DIRECTION('',(0.,0.,1.));
#130 = ORIENTED_EDGE('',*,*,#39,.F.);
#131 = PLANE('',#132);
#132 = AXIS2_PLACEMENT_3D('',#133,#134,#135);
#133 = CARTESIAN_POINT('',(108.19965967324,-13.37714304195,6.75));
#134 = DIRECTION('',(-0.996194698092,-8.715574274764E-02,-0.));
#135 = DIRECTION('',(8.715574274764E-02,-0.996194698092,0.));
#136 = ADVANCED_FACE('',(#137),#148,.T.);
#137 = FACE_BOUND('',#138,.T.);
#138 = EDGE_LOOP('',(#139,#145,#146,#147));
#139 = ORIENTED_EDGE('',*,*,#140,.T.);
#140 = EDGE_CURVE('',#118,#71,#141,.T.);
#141 = LINE('',#142,#143);
#142 = CARTESIAN_POINT('',(98.743306346942,-11.9960631137,10.));
#143 = VECTOR('',#144,1.);
#144 = DIRECTION('',(-0.996194698092,-8.715574274764E-02,0.));
#145 = ORIENTED_EDGE('',*,*,#70,.F.);
#146 = ORIENTED_EDGE('',*,*,#47,.T.);
#147 = ORIENTED_EDGE('',*,*,#125,.T.);
#148 = PLANE('',#149);
#149 = AXIS2_PLACEMENT_3D('',#150,#151,#152);
#150 = CARTESIAN_POINT('',(105.81628870339,-11.37725734019,6.75));
#151 = DIRECTION('',(8.715574274764E-02,-0.996194698092,0.));
#152 = DIRECTION('',(-0.996194698092,-8.715574274764E-02,0.));
#153 = ADVANCED_FACE('',(#154,#188,#222),#228,.T.);
#154 = FACE_BOUND('',#155,.T.);
#155 = EDGE_LOOP('',(#156,#166,#174,#182));
#156 = ORIENTED_EDGE('',*,*,#157,.F.);
#157 = EDGE_CURVE('',#158,#160,#162,.T.);
#158 = VERTEX_POINT('',#159);
#159 = CARTESIAN_POINT('',(94.838096645066,-23.58050687179,10.));
#160 = VERTEX_POINT('',#161);
#161 = CARTESIAN_POINT('',(93.269293275608,-5.649002306142,10.));
#162 = LINE('',#163,#164);
#163 = CARTESIAN_POINT('',(94.838096645066,-23.58050687179,10.));
#164 = VECTOR('',#165,1.);
#165 = DIRECTION('',(-8.715574274764E-02,0.996194698092,0.));
#166 = ORIENTED_EDGE('',*,*,#167,.T.);
#167 = EDGE_CURVE('',#158,#168,#170,.T.);
#168 = VERTEX_POINT('',#169);
#169 = CARTESIAN_POINT('',(110.77721181453,-22.18601498783,10.));
#170 = LINE('',#171,#172);
#171 = CARTESIAN_POINT('',(94.838096645066,-23.58050687179,10.));
#172 = VECTOR('',#173,1.);
#173 = DIRECTION('',(0.996194698092,8.715574274764E-02,0.));
#174 = ORIENTED_EDGE('',*,*,#175,.T.);
#175 = EDGE_CURVE('',#168,#176,#178,.T.);
#176 = VERTEX_POINT('',#177);
#177 = CARTESIAN_POINT('',(109.20840844507,-4.25451042218,10.));
#178 = LINE('',#179,#180);
#179 = CARTESIAN_POINT('',(110.77721181453,-22.18601498783,10.));
#180 = VECTOR('',#181,1.);
#181 = DIRECTION('',(-8.715574274764E-02,0.996194698092,0.));
#182 = ORIENTED_EDGE('',*,*,#183,.F.);
#183 = EDGE_CURVE('',#160,#176,#184,.T.);
#184 = LINE('',#185,#186);
#185 = CARTESIAN_POINT('',(93.269293275608,-5.649002306142,10.));
#186 = VECTOR('',#187,1.);
#187 = DIRECTION('',(0.996194698092,8.715574274764E-02,0.));
#188 = FACE_BOUND('',#189,.T.);
#189 = EDGE_LOOP('',(#190,#200,#208,#216));
#190 = ORIENTED_EDGE('',*,*,#191,.T.);
#191 = EDGE_CURVE('',#192,#194,#196,.T.);
#192 = VERTEX_POINT('',#193);
#193 = CARTESIAN_POINT('',(100.82032260178,-16.23115502263,10.));
#194 = VERTEX_POINT('',#195);
#195 = CARTESIAN_POINT('',(96.437065930184,-16.61464029072,10.));
#196 = LINE('',#197,#198);
#197 = CARTESIAN_POINT('',(95.341251762283,-16.71051160774,10.));
#198 = VECTOR('',#199,1.);
#199 = DIRECTION('',(-0.996194698092,-8.715574274764E-02,0.));
#200 = ORIENTED_EDGE('',*,*,#201,.T.);
#201 = EDGE_CURVE('',#194,#202,#204,.T.);
#202 = VERTEX_POINT('',#203);
#203 = CARTESIAN_POINT('',(96.053580662094,-12.23138361912,10.));
#204 = LINE('',#205,#206);
#205 = CARTESIAN_POINT('',(96.733395455526,-20.00170226423,10.));
#206 = VECTOR('',#207,1.);
#207 = DIRECTION('',(-8.715574274764E-02,0.996194698092,0.));
#208 = ORIENTED_EDGE('',*,*,#209,.F.);
#209 = EDGE_CURVE('',#210,#202,#212,.T.);
#210 = VERTEX_POINT('',#211);
#211 = CARTESIAN_POINT('',(100.43683733369,-11.84789835103,10.));
#212 = LINE('',#213,#214);
#213 = CARTESIAN_POINT('',(94.957766494193,-12.32725493614,10.));
#214 = VECTOR('',#215,1.);
#215 = DIRECTION('',(-0.996194698092,-8.715574274764E-02,0.));
#216 = ORIENTED_EDGE('',*,*,#217,.F.);
#217 = EDGE_CURVE('',#192,#210,#218,.T.);
#218 = LINE('',#219,#220);
#219 = CARTESIAN_POINT('',(101.11665212712,-19.61821699614,10.));
#220 = VECTOR('',#221,1.);
#221 = DIRECTION('',(-8.715574274764E-02,0.996194698092,0.));
#222 = FACE_BOUND('',#223,.T.);
#223 = EDGE_LOOP('',(#224,#225,#226,#227));
#224 = ORIENTED_EDGE('',*,*,#102,.T.);
#225 = ORIENTED_EDGE('',*,*,#78,.T.);
#226 = ORIENTED_EDGE('',*,*,#140,.F.);
#227 = ORIENTED_EDGE('',*,*,#117,.F.);
#228 = PLANE('',#229);
#229 = AXIS2_PLACEMENT_3D('',#230,#231,#232);
#230 = CARTESIAN_POINT('',(94.838096645066,-23.58050687179,10.));
#231 = DIRECTION('',(0.,0.,1.));
#232 = DIRECTION('',(0.996194698092,8.715574274764E-02,0.));
#233 = ADVANCED_FACE('',(#234),#259,.F.);
#234 = FACE_BOUND('',#235,.F.);
#235 = EDGE_LOOP('',(#236,#244,#252,#258));
#236 = ORIENTED_EDGE('',*,*,#237,.F.);
#237 = EDGE_CURVE('',#238,#158,#240,.T.);
#238 = VERTEX_POINT('',#239);
#239 = CARTESIAN_POINT('',(94.838096645066,-23.58050687179,4.));
#240 = LINE('',#241,#242);
#241 = CARTESIAN_POINT('',(94.838096645066,-23.58050687179,3.8));
#242 = VECTOR('',#243,1.);
#243 = DIRECTION('',(0.,0.,1.));
#244 = ORIENTED_EDGE('',*,*,#245,.T.);
#245 = EDGE_CURVE('',#238,#246,#248,.T.);
#246 = VERTEX_POINT('',#247);
#247 = CARTESIAN_POINT('',(93.269293275608,-5.649002306142,4.));
#248 = LINE('',#249,#250);
#249 = CARTESIAN_POINT('',(99.325765593253,-74.87479766704,4.));
#250 = VECTOR('',#251,1.);
#251 = DIRECTION('',(-8.715574274764E-02,0.996194698092,0.));
#252 = ORIENTED_EDGE('',*,*,#253,.T.);
#253 = EDGE_CURVE('',#246,#160,#254,.T.);
#254 = LINE('',#255,#256);
#255 = CARTESIAN_POINT('',(93.269293275608,-5.649002306142,3.8));
#256 = VECTOR('',#257,1.);
#257 = DIRECTION('',(0.,0.,1.));
#258 = ORIENTED_EDGE('',*,*,#157,.F.);
#259 = PLANE('',#260);
#260 = AXIS2_PLACEMENT_3D('',#261,#262,#263);
#261 = CARTESIAN_POINT('',(94.838096645066,-23.58050687179,3.8));
#262 = DIRECTION('',(0.996194698092,8.715574274764E-02,0.));
#263 = DIRECTION('',(0.,0.,1.));
#264 = ADVANCED_FACE('',(#265),#283,.F.);
#265 = FACE_BOUND('',#266,.F.);
#266 = EDGE_LOOP('',(#267,#275,#281,#282));
#267 = ORIENTED_EDGE('',*,*,#268,.F.);
#268 = EDGE_CURVE('',#269,#168,#271,.T.);
#269 = VERTEX_POINT('',#270);
#270 = CARTESIAN_POINT('',(110.77721181453,-22.18601498783,4.));
#271 = LINE('',#272,#273);
#272 = CARTESIAN_POINT('',(110.77721181453,-22.18601498783,3.8));
#273 = VECTOR('',#274,1.);
#274 = DIRECTION('',(0.,0.,1.));
#275 = ORIENTED_EDGE('',*,*,#276,.T.);
#276 = EDGE_CURVE('',#269,#238,#277,.T.);
#277 = LINE('',#278,#279);
#278 = CARTESIAN_POINT('',(-27.06862062565,-34.24596264064,4.));
#279 = VECTOR('',#280,1.);
#280 = DIRECTION('',(-0.996194698092,-8.715574274764E-02,0.));
#281 = ORIENTED_EDGE('',*,*,#237,.T.);
#282 = ORIENTED_EDGE('',*,*,#167,.T.);
#283 = PLANE('',#284);
#284 = AXIS2_PLACEMENT_3D('',#285,#286,#287);
#285 = CARTESIAN_POINT('',(94.838096645066,-23.58050687179,3.8));
#286 = DIRECTION('',(-8.715574274764E-02,0.996194698092,0.));
#287 = DIRECTION('',(0.,0.,1.));
#288 = ADVANCED_FACE('',(#289),#307,.T.);
#289 = FACE_BOUND('',#290,.T.);
#290 = EDGE_LOOP('',(#291,#292,#300,#306));
#291 = ORIENTED_EDGE('',*,*,#268,.F.);
#292 = ORIENTED_EDGE('',*,*,#293,.T.);
#293 = EDGE_CURVE('',#269,#294,#296,.T.);
#294 = VERTEX_POINT('',#295);
#295 = CARTESIAN_POINT('',(109.20840844507,-4.25451042218,4.));
#296 = LINE('',#297,#298);
#297 = CARTESIAN_POINT('',(115.26488076272,-73.48030578308,4.));
#298 = VECTOR('',#299,1.);
#299 = DIRECTION('',(-8.715574274764E-02,0.996194698092,0.));
#300 = ORIENTED_EDGE('',*,*,#301,.T.);
#301 = EDGE_CURVE('',#294,#176,#302,.T.);
#302 = LINE('',#303,#304);
#303 = CARTESIAN_POINT('',(109.20840844507,-4.25451042218,3.8));
#304 = VECTOR('',#305,1.);
#305 = DIRECTION('',(0.,0.,1.));
#306 = ORIENTED_EDGE('',*,*,#175,.F.);
#307 = PLANE('',#308);
#308 = AXIS2_PLACEMENT_3D('',#309,#310,#311);
#309 = CARTESIAN_POINT('',(110.77721181453,-22.18601498783,3.8));
#310 = DIRECTION('',(0.996194698092,8.715574274764E-02,0.));
#311 = DIRECTION('',(0.,0.,1.));
#312 = ADVANCED_FACE('',(#313),#324,.T.);
#313 = FACE_BOUND('',#314,.T.);
#314 = EDGE_LOOP('',(#315,#316,#322,#323));
#315 = ORIENTED_EDGE('',*,*,#301,.F.);
#316 = ORIENTED_EDGE('',*,*,#317,.T.);
#317 = EDGE_CURVE('',#294,#246,#318,.T.);
#318 = LINE('',#319,#320);
#319 = CARTESIAN_POINT('',(-28.63742399511,-16.31445807499,4.));
#320 = VECTOR('',#321,1.);
#321 = DIRECTION('',(-0.996194698092,-8.715574274764E-02,0.));
#322 = ORIENTED_EDGE('',*,*,#253,.T.);
#323 = ORIENTED_EDGE('',*,*,#183,.T.);
#324 = PLANE('',#325);
#325 = AXIS2_PLACEMENT_3D('',#326,#327,#328);
#326 = CARTESIAN_POINT('',(93.269293275608,-5.649002306142,3.8));
#327 = DIRECTION('',(-8.715574274764E-02,0.996194698092,0.));
#328 = DIRECTION('',(0.,0.,1.));
#329 = ADVANCED_FACE('',(#330),#355,.T.);
#330 = FACE_BOUND('',#331,.T.);
#331 = EDGE_LOOP('',(#332,#340,#348,#354));
#332 = ORIENTED_EDGE('',*,*,#333,.F.);
#333 = EDGE_CURVE('',#334,#192,#336,.T.);
#334 = VERTEX_POINT('',#335);
#335 = CARTESIAN_POINT('',(100.82032260178,-16.23115502263,3.5));
#336 = LINE('',#337,#338);
#337 = CARTESIAN_POINT('',(100.82032260178,-16.23115502263,2.8));
#338 = VECTOR('',#339,1.);
#339 = DIRECTION('',(0.,0.,1.));
#340 = ORIENTED_EDGE('',*,*,#341,.F.);
#341 = EDGE_CURVE('',#342,#334,#344,.T.);
#342 = VERTEX_POINT('',#343);
#343 = CARTESIAN_POINT('',(96.437065930184,-16.61464029072,3.5));
#344 = LINE('',#345,#346);
#345 = CARTESIAN_POINT('',(96.437065930184,-16.61464029072,3.5));
#346 = VECTOR('',#347,1.);
#347 = DIRECTION('',(0.996194698092,8.715574274764E-02,0.));
#348 = ORIENTED_EDGE('',*,*,#349,.T.);
#349 = EDGE_CURVE('',#342,#194,#350,.T.);
#350 = LINE('',#351,#352);
#351 = CARTESIAN_POINT('',(96.437065930184,-16.61464029072,3.5));
#352 = VECTOR('',#353,1.);
#353 = DIRECTION('',(0.,0.,1.));
#354 = ORIENTED_EDGE('',*,*,#191,.F.);
#355 = PLANE('',#356);
#356 = AXIS2_PLACEMENT_3D('',#357,#358,#359);
#357 = CARTESIAN_POINT('',(98.628694265986,-16.42289765668,6.75));
#358 = DIRECTION('',(-8.715574274764E-02,0.996194698092,0.));
#359 = DIRECTION('',(0.996194698092,8.715574274764E-02,0.));
#360 = ADVANCED_FACE('',(#361),#379,.T.);
#361 = FACE_BOUND('',#362,.T.);
#362 = EDGE_LOOP('',(#363,#364,#372,#378));
#363 = ORIENTED_EDGE('',*,*,#349,.F.);
#364 = ORIENTED_EDGE('',*,*,#365,.T.);
#365 = EDGE_CURVE('',#342,#366,#368,.T.);
#366 = VERTEX_POINT('',#367);
#367 = CARTESIAN_POINT('',(96.053580662094,-12.23138361912,3.5));
#368 = LINE('',#369,#370);
#369 = CARTESIAN_POINT('',(96.437065930184,-16.61464029072,3.5));
#370 = VECTOR('',#371,1.);
#371 = DIRECTION('',(-8.715574274764E-02,0.996194698092,0.));
#372 = ORIENTED_EDGE('',*,*,#373,.T.);
#373 = EDGE_CURVE('',#366,#202,#374,.T.);
#374 = LINE('',#375,#376);
#375 = CARTESIAN_POINT('',(96.053580662094,-12.23138361912,3.5));
#376 = VECTOR('',#377,1.);
#377 = DIRECTION('',(0.,0.,1.));
#378 = ORIENTED_EDGE('',*,*,#201,.F.);
#379 = PLANE('',#380);
#380 = AXIS2_PLACEMENT_3D('',#381,#382,#383);
#381 = CARTESIAN_POINT('',(96.245323296139,-14.42301195492,6.75));
#382 = DIRECTION('',(0.996194698092,8.715574274764E-02,0.));
#383 = DIRECTION('',(-8.715574274764E-02,0.996194698092,0.));
#384 = ADVANCED_FACE('',(#385),#403,.T.);
#385 = FACE_BOUND('',#386,.T.);
#386 = EDGE_LOOP('',(#387,#395,#396,#397));
#387 = ORIENTED_EDGE('',*,*,#388,.T.);
#388 = EDGE_CURVE('',#389,#210,#391,.T.);
#389 = VERTEX_POINT('',#390);
#390 = CARTESIAN_POINT('',(100.43683733369,-11.84789835103,3.5));
#391 = LINE('',#392,#393);
#392 = CARTESIAN_POINT('',(100.43683733369,-11.84789835103,2.8));
#393 = VECTOR('',#394,1.);
#394 = DIRECTION('',(0.,0.,1.));
#395 = ORIENTED_EDGE('',*,*,#209,.T.);
#396 = ORIENTED_EDGE('',*,*,#373,.F.);
#397 = ORIENTED_EDGE('',*,*,#398,.T.);
#398 = EDGE_CURVE('',#366,#389,#399,.T.);
#399 = LINE('',#400,#401);
#400 = CARTESIAN_POINT('',(96.053580662094,-12.23138361912,3.5));
#401 = VECTOR('',#402,1.);
#402 = DIRECTION('',(0.996194698092,8.715574274764E-02,0.));
#403 = PLANE('',#404);
#404 = AXIS2_PLACEMENT_3D('',#405,#406,#407);
#405 = CARTESIAN_POINT('',(98.245208997896,-12.03964098507,6.75));
#406 = DIRECTION('',(8.715574274764E-02,-0.996194698092,0.));
#407 = DIRECTION('',(-0.996194698092,-8.715574274764E-02,0.));
#408 = ADVANCED_FACE('',(#409),#420,.T.);
#409 = FACE_BOUND('',#410,.T.);
#410 = EDGE_LOOP('',(#411,#412,#413,#414));
#411 = ORIENTED_EDGE('',*,*,#333,.T.);
#412 = ORIENTED_EDGE('',*,*,#217,.T.);
#413 = ORIENTED_EDGE('',*,*,#388,.F.);
#414 = ORIENTED_EDGE('',*,*,#415,.F.);
#415 = EDGE_CURVE('',#334,#389,#416,.T.);
#416 = LINE('',#417,#418);
#417 = CARTESIAN_POINT('',(100.82032260178,-16.23115502263,3.5));
#418 = VECTOR('',#419,1.);
#419 = DIRECTION('',(-8.715574274764E-02,0.996194698092,0.));
#420 = PLANE('',#421);
#421 = AXIS2_PLACEMENT_3D('',#422,#423,#424);
#422 = CARTESIAN_POINT('',(100.62857996774,-14.03952668683,6.75));
#423 = DIRECTION('',(-0.996194698092,-8.715574274764E-02,-0.));
#424 = DIRECTION('',(8.715574274764E-02,-0.996194698092,0.));
#425 = ADVANCED_FACE('',(#426,#494),#500,.T.);
#426 = FACE_BOUND('',#427,.T.);
#427 = EDGE_LOOP('',(#428,#438,#446,#454,#463,#472,#480,#488));
#428 = ORIENTED_EDGE('',*,*,#429,.T.);
#429 = EDGE_CURVE('',#430,#432,#434,.T.);
#430 = VERTEX_POINT('',#431);
#431 = CARTESIAN_POINT('',(140.,-65.,4.));
#432 = VERTEX_POINT('',#433);
#433 = CARTESIAN_POINT('',(140.,65.,4.));
#434 = LINE('',#435,#436);
#435 = CARTESIAN_POINT('',(140.,-147.5,4.));
#436 = VECTOR('',#437,1.);
#437 = DIRECTION('',(0.,1.,0.));
#438 = ORIENTED_EDGE('',*,*,#439,.F.);
#439 = EDGE_CURVE('',#440,#432,#442,.T.);
#440 = VERTEX_POINT('',#441);
#441 = CARTESIAN_POINT('',(98.145922434598,65.,4.));
#442 = LINE('',#443,#444);
#443 = CARTESIAN_POINT('',(85.,65.,4.));
#444 = VECTOR('',#445,1.);
#445 = DIRECTION('',(1.,0.,0.));
#446 = ORIENTED_EDGE('',*,*,#447,.F.);
#447 = EDGE_CURVE('',#448,#440,#450,.T.);
#448 = VERTEX_POINT('',#449);
#449 = CARTESIAN_POINT('',(46.89539341834,-5.469477397352,4.));
#450 = LINE('',#451,#452);
#451 = CARTESIAN_POINT('',(2.830576295061,-66.05860094186,4.));
#452 = VECTOR('',#453,1.);
#453 = DIRECTION('',(0.588171697675,0.808736084303,0.));
#454 = ORIENTED_EDGE('',*,*,#455,.F.);
#455 = EDGE_CURVE('',#456,#448,#458,.T.);
#456 = VERTEX_POINT('',#457);
#457 = CARTESIAN_POINT('',(75.,-64.,4.));
#458 = CIRCLE('',#459,75.);
#459 = AXIS2_PLACEMENT_3D('',#460,#461,#462);
#460 = CARTESIAN_POINT('',(0.,-64.,4.));
#461 = DIRECTION('',(0.,0.,1.));
#462 = DIRECTION('',(1.,0.,0.));
#463 = ORIENTED_EDGE('',*,*,#464,.F.);
#464 = EDGE_CURVE('',#465,#456,#467,.T.);
#465 = VERTEX_POINT('',#466);
#466 = CARTESIAN_POINT('',(73.769149363623,-77.53191051431,4.));
#467 = CIRCLE('',#468,75.);
#468 = AXIS2_PLACEMENT_3D('',#469,#470,#471);
#469 = CARTESIAN_POINT('',(0.,-64.,4.));
#470 = DIRECTION('',(0.,0.,1.));
#471 = DIRECTION('',(1.,0.,0.));
#472 = ORIENTED_EDGE('',*,*,#473,.T.);
#473 = EDGE_CURVE('',#465,#474,#476,.T.);
#474 = VERTEX_POINT('',#475);
#475 = CARTESIAN_POINT('',(85.,-80.13907226919,4.));
#476 = LINE('',#477,#478);
#477 = CARTESIAN_POINT('',(0.791453975198,-60.59065979914,4.));
#478 = VECTOR('',#479,1.);
#479 = DIRECTION('',(0.974097200243,-0.226129707199,0.));
#480 = ORIENTED_EDGE('',*,*,#481,.T.);
#481 = EDGE_CURVE('',#474,#482,#484,.T.);
#482 = VERTEX_POINT('',#483);
#483 = CARTESIAN_POINT('',(85.,-65.,4.));
#484 = LINE('',#485,#486);
#485 = CARTESIAN_POINT('',(85.,-115.,4.));
#486 = VECTOR('',#487,1.);
#487 = DIRECTION('',(0.,1.,0.));
#488 = ORIENTED_EDGE('',*,*,#489,.T.);
#489 = EDGE_CURVE('',#482,#430,#490,.T.);
#490 = LINE('',#491,#492);
#491 = CARTESIAN_POINT('',(85.,-65.,4.));
#492 = VECTOR('',#493,1.);
#493 = DIRECTION('',(1.,0.,0.));
#494 = FACE_BOUND('',#495,.T.);
#495 = EDGE_LOOP('',(#496,#497,#498,#499));
#496 = ORIENTED_EDGE('',*,*,#276,.T.);
#497 = ORIENTED_EDGE('',*,*,#245,.T.);
#498 = ORIENTED_EDGE('',*,*,#317,.F.);
#499 = ORIENTED_EDGE('',*,*,#293,.F.);
#500 = PLANE('',#501);
#501 = AXIS2_PLACEMENT_3D('',#502,#503,#504);
#502 = CARTESIAN_POINT('',(-140.,-147.5,4.));
#503 = DIRECTION('',(0.,0.,1.));
#504 = DIRECTION('',(1.,0.,0.));
#505 = ADVANCED_FACE('',(#506),#512,.T.);
#506 = FACE_BOUND('',#507,.T.);
#507 = EDGE_LOOP('',(#508,#509,#510,#511));
#508 = ORIENTED_EDGE('',*,*,#365,.F.);
#509 = ORIENTED_EDGE('',*,*,#341,.T.);
#510 = ORIENTED_EDGE('',*,*,#415,.T.);
#511 = ORIENTED_EDGE('',*,*,#398,.F.);
#512 = PLANE('',#513);
#513 = AXIS2_PLACEMENT_3D('',#514,#515,#516);
#514 = CARTESIAN_POINT('',(96.437065930184,-16.61464029072,3.5));
#515 = DIRECTION('',(0.,0.,1.));
#516 = DIRECTION('',(0.996194698092,8.715574274764E-02,0.));
#517 = ADVANCED_FACE('',(#518,#639,#681),#723,.T.);
#518 = FACE_BOUND('',#519,.T.);
#519 = EDGE_LOOP('',(#520,#530,#538,#546,#554,#562,#570,#578,#586,#592,
    #593,#601,#609,#617,#625,#633));
#520 = ORIENTED_EDGE('',*,*,#521,.F.);
#521 = EDGE_CURVE('',#522,#524,#526,.T.);
#522 = VERTEX_POINT('',#523);
#523 = CARTESIAN_POINT('',(140.,-147.5,0.));
#524 = VERTEX_POINT('',#525);
#525 = CARTESIAN_POINT('',(140.,-147.5,14.));
#526 = LINE('',#527,#528);
#527 = CARTESIAN_POINT('',(140.,-147.5,0.));
#528 = VECTOR('',#529,1.);
#529 = DIRECTION('',(0.,0.,1.));
#530 = ORIENTED_EDGE('',*,*,#531,.T.);
#531 = EDGE_CURVE('',#522,#532,#534,.T.);
#532 = VERTEX_POINT('',#533);
#533 = CARTESIAN_POINT('',(140.,147.5,0.));
#534 = LINE('',#535,#536);
#535 = CARTESIAN_POINT('',(140.,-147.5,0.));
#536 = VECTOR('',#537,1.);
#537 = DIRECTION('',(0.,1.,0.));
#538 = ORIENTED_EDGE('',*,*,#539,.T.);
#539 = EDGE_CURVE('',#532,#540,#542,.T.);
#540 = VERTEX_POINT('',#541);
#541 = CARTESIAN_POINT('',(140.,147.5,14.));
#542 = LINE('',#543,#544);
#543 = CARTESIAN_POINT('',(140.,147.5,4.));
#544 = VECTOR('',#545,1.);
#545 = DIRECTION('',(0.,0.,1.));
#546 = ORIENTED_EDGE('',*,*,#547,.F.);
#547 = EDGE_CURVE('',#548,#540,#550,.T.);
#548 = VERTEX_POINT('',#549);
#549 = CARTESIAN_POINT('',(140.,139.5,14.));
#550 = LINE('',#551,#552);
#551 = CARTESIAN_POINT('',(140.,139.5,14.));
#552 = VECTOR('',#553,1.);
#553 = DIRECTION('',(0.,1.,0.));
#554 = ORIENTED_EDGE('',*,*,#555,.F.);
#555 = EDGE_CURVE('',#556,#548,#558,.T.);
#556 = VERTEX_POINT('',#557);
#557 = CARTESIAN_POINT('',(140.,139.5,4.));
#558 = LINE('',#559,#560);
#559 = CARTESIAN_POINT('',(140.,139.5,4.));
#560 = VECTOR('',#561,1.);
#561 = DIRECTION('',(0.,0.,1.));
#562 = ORIENTED_EDGE('',*,*,#563,.F.);
#563 = EDGE_CURVE('',#564,#556,#566,.T.);
#564 = VERTEX_POINT('',#565);
#565 = CARTESIAN_POINT('',(140.,115.,4.));
#566 = LINE('',#567,#568);
#567 = CARTESIAN_POINT('',(140.,-147.5,4.));
#568 = VECTOR('',#569,1.);
#569 = DIRECTION('',(0.,1.,0.));
#570 = ORIENTED_EDGE('',*,*,#571,.T.);
#571 = EDGE_CURVE('',#564,#572,#574,.T.);
#572 = VERTEX_POINT('',#573);
#573 = CARTESIAN_POINT('',(140.,115.,24.));
#574 = LINE('',#575,#576);
#575 = CARTESIAN_POINT('',(140.,115.,4.));
#576 = VECTOR('',#577,1.);
#577 = DIRECTION('',(0.,0.,1.));
#578 = ORIENTED_EDGE('',*,*,#579,.F.);
#579 = EDGE_CURVE('',#580,#572,#582,.T.);
#580 = VERTEX_POINT('',#581);
#581 = CARTESIAN_POINT('',(140.,65.,24.));
#582 = LINE('',#583,#584);
#583 = CARTESIAN_POINT('',(140.,65.,24.));
#584 = VECTOR('',#585,1.);
#585 = DIRECTION('',(0.,1.,0.));
#586 = ORIENTED_EDGE('',*,*,#587,.F.);
#587 = EDGE_CURVE('',#432,#580,#588,.T.);
#588 = LINE('',#589,#590);
#589 = CARTESIAN_POINT('',(140.,65.,4.));
#590 = VECTOR('',#591,1.);
#591 = DIRECTION('',(0.,0.,1.));
#592 = ORIENTED_EDGE('',*,*,#429,.F.);
#593 = ORIENTED_EDGE('',*,*,#594,.T.);
#594 = EDGE_CURVE('',#430,#595,#597,.T.);
#595 = VERTEX_POINT('',#596);
#596 = CARTESIAN_POINT('',(140.,-65.,24.));
#597 = LINE('',#598,#599);
#598 = CARTESIAN_POINT('',(140.,-65.,4.));
#599 = VECTOR('',#600,1.);
#600 = DIRECTION('',(0.,0.,1.));
#601 = ORIENTED_EDGE('',*,*,#602,.F.);
#602 = EDGE_CURVE('',#603,#595,#605,.T.);
#603 = VERTEX_POINT('',#604);
#604 = CARTESIAN_POINT('',(140.,-115.,24.));
#605 = LINE('',#606,#607);
#606 = CARTESIAN_POINT('',(140.,-115.,24.));
#607 = VECTOR('',#608,1.);
#608 = DIRECTION('',(0.,1.,0.));
#609 = ORIENTED_EDGE('',*,*,#610,.F.);
#610 = EDGE_CURVE('',#611,#603,#613,.T.);
#611 = VERTEX_POINT('',#612);
#612 = CARTESIAN_POINT('',(140.,-115.,4.));
#613 = LINE('',#614,#615);
#614 = CARTESIAN_POINT('',(140.,-115.,4.));
#615 = VECTOR('',#616,1.);
#616 = DIRECTION('',(0.,0.,1.));
#617 = ORIENTED_EDGE('',*,*,#618,.F.);
#618 = EDGE_CURVE('',#619,#611,#621,.T.);
#619 = VERTEX_POINT('',#620);
#620 = CARTESIAN_POINT('',(140.,-139.5,4.));
#621 = LINE('',#622,#623);
#622 = CARTESIAN_POINT('',(140.,-147.5,4.));
#623 = VECTOR('',#624,1.);
#624 = DIRECTION('',(0.,1.,0.));
#625 = ORIENTED_EDGE('',*,*,#626,.T.);
#626 = EDGE_CURVE('',#619,#627,#629,.T.);
#627 = VERTEX_POINT('',#628);
#628 = CARTESIAN_POINT('',(140.,-139.5,14.));
#629 = LINE('',#630,#631);
#630 = CARTESIAN_POINT('',(140.,-139.5,4.));
#631 = VECTOR('',#632,1.);
#632 = DIRECTION('',(0.,0.,1.));
#633 = ORIENTED_EDGE('',*,*,#634,.F.);
#634 = EDGE_CURVE('',#524,#627,#635,.T.);
#635 = LINE('',#636,#637);
#636 = CARTESIAN_POINT('',(140.,-147.5,14.));
#637 = VECTOR('',#638,1.);
#638 = DIRECTION('',(0.,1.,0.));
#639 = FACE_BOUND('',#640,.T.);
#640 = EDGE_LOOP('',(#641,#651,#659,#667,#675));
#641 = ORIENTED_EDGE('',*,*,#642,.T.);
#642 = EDGE_CURVE('',#643,#645,#647,.T.);
#643 = VERTEX_POINT('',#644);
#644 = CARTESIAN_POINT('',(140.,102.4,8.4));
#645 = VERTEX_POINT('',#646);
#646 = CARTESIAN_POINT('',(140.,102.4,3.6));
#647 = LINE('',#648,#649);
#648 = CARTESIAN_POINT('',(140.,102.4,5.167688022284));
#649 = VECTOR('',#650,1.);
#650 = DIRECTION('',(0.,0.,-1.));
#651 = ORIENTED_EDGE('',*,*,#652,.T.);
#652 = EDGE_CURVE('',#645,#653,#655,.T.);
#653 = VERTEX_POINT('',#654);
#654 = CARTESIAN_POINT('',(140.,77.6,3.6));
#655 = LINE('',#656,#657);
#656 = CARTESIAN_POINT('',(140.,38.8,3.6));
#657 = VECTOR('',#658,1.);
#658 = DIRECTION('',(0.,-1.,0.));
#659 = ORIENTED_EDGE('',*,*,#660,.T.);
#660 = EDGE_CURVE('',#653,#661,#663,.T.);
#661 = VERTEX_POINT('',#662);
#662 = CARTESIAN_POINT('',(140.,77.6,8.4));
#663 = LINE('',#664,#665);
#664 = CARTESIAN_POINT('',(140.,77.6,7.567688022284));
#665 = VECTOR('',#666,1.);
#666 = DIRECTION('',(0.,0.,1.));
#667 = ORIENTED_EDGE('',*,*,#668,.T.);
#668 = EDGE_CURVE('',#661,#669,#671,.T.);
#669 = VERTEX_POINT('',#670);
#670 = CARTESIAN_POINT('',(140.,90.,20.4));
#671 = LINE('',#672,#673);
#672 = CARTESIAN_POINT('',(140.,63.348172950416,-5.392090693146));
#673 = VECTOR('',#674,1.);
#674 = DIRECTION('',(0.,0.718602141767,0.695421427516));
#675 = ORIENTED_EDGE('',*,*,#676,.T.);
#676 = EDGE_CURVE('',#669,#643,#677,.T.);
#677 = LINE('',#678,#679);
#678 = CARTESIAN_POINT('',(140.,76.376813615946,33.583728758762));
#679 = VECTOR('',#680,1.);
#680 = DIRECTION('',(0.,0.718602141767,-0.695421427516));
#681 = FACE_BOUND('',#682,.T.);
#682 = EDGE_LOOP('',(#683,#693,#701,#709,#717));
#683 = ORIENTED_EDGE('',*,*,#684,.T.);
#684 = EDGE_CURVE('',#685,#687,#689,.T.);
#685 = VERTEX_POINT('',#686);
#686 = CARTESIAN_POINT('',(140.,-77.6,8.4));
#687 = VERTEX_POINT('',#688);
#688 = CARTESIAN_POINT('',(140.,-77.6,3.6));
#689 = LINE('',#690,#691);
#690 = CARTESIAN_POINT('',(140.,-77.6,5.167688022284));
#691 = VECTOR('',#692,1.);
#692 = DIRECTION('',(0.,0.,-1.));
#693 = ORIENTED_EDGE('',*,*,#694,.T.);
#694 = EDGE_CURVE('',#687,#695,#697,.T.);
#695 = VERTEX_POINT('',#696);
#696 = CARTESIAN_POINT('',(140.,-102.4,3.6));
#697 = LINE('',#698,#699);
#698 = CARTESIAN_POINT('',(140.,-51.2,3.6));
#699 = VECTOR('',#700,1.);
#700 = DIRECTION('',(0.,-1.,0.));
#701 = ORIENTED_EDGE('',*,*,#702,.T.);
#702 = EDGE_CURVE('',#695,#703,#705,.T.);
#703 = VERTEX_POINT('',#704);
#704 = CARTESIAN_POINT('',(140.,-102.4,8.4));
#705 = LINE('',#706,#707);
#706 = CARTESIAN_POINT('',(140.,-102.4,7.567688022284));
#707 = VECTOR('',#708,1.);
#708 = DIRECTION('',(0.,0.,1.));
#709 = ORIENTED_EDGE('',*,*,#710,.T.);
#710 = EDGE_CURVE('',#703,#711,#713,.T.);
#711 = VERTEX_POINT('',#712);
#712 = CARTESIAN_POINT('',(140.,-90.,20.4));
#713 = LINE('',#714,#715);
#714 = CARTESIAN_POINT('',(140.,-70.17681361594,39.583728758762));
#715 = VECTOR('',#716,1.);
#716 = DIRECTION('',(0.,0.718602141767,0.695421427516));
#717 = ORIENTED_EDGE('',*,*,#718,.T.);
#718 = EDGE_CURVE('',#711,#685,#719,.T.);
#719 = LINE('',#720,#721);
#720 = CARTESIAN_POINT('',(140.,-57.14817295041,-11.39209069314));
#721 = VECTOR('',#722,1.);
#722 = DIRECTION('',(0.,0.718602141767,-0.695421427516));
#723 = PLANE('',#724);
#724 = AXIS2_PLACEMENT_3D('',#725,#726,#727);
#725 = CARTESIAN_POINT('',(140.,0.,6.735376044568));
#726 = DIRECTION('',(1.,0.,0.));
#727 = DIRECTION('',(0.,0.,1.));
#728 = ADVANCED_FACE('',(#729),#779,.F.);
#729 = FACE_BOUND('',#730,.F.);
#730 = EDGE_LOOP('',(#731,#741,#749,#755,#756,#757,#765,#773));
#731 = ORIENTED_EDGE('',*,*,#732,.F.);
#732 = EDGE_CURVE('',#733,#735,#737,.T.);
#733 = VERTEX_POINT('',#734);
#734 = CARTESIAN_POINT('',(85.,65.,4.));
#735 = VERTEX_POINT('',#736);
#736 = CARTESIAN_POINT('',(89.490441201766,65.,4.));
#737 = LINE('',#738,#739);
#738 = CARTESIAN_POINT('',(85.,65.,4.));
#739 = VECTOR('',#740,1.);
#740 = DIRECTION('',(1.,0.,0.));
#741 = ORIENTED_EDGE('',*,*,#742,.T.);
#742 = EDGE_CURVE('',#733,#743,#745,.T.);
#743 = VERTEX_POINT('',#744);
#744 = CARTESIAN_POINT('',(85.,65.,24.));
#745 = LINE('',#746,#747);
#746 = CARTESIAN_POINT('',(85.,65.,4.));
#747 = VECTOR('',#748,1.);
#748 = DIRECTION('',(0.,0.,1.));
#749 = ORIENTED_EDGE('',*,*,#750,.T.);
#750 = EDGE_CURVE('',#743,#580,#751,.T.);
#751 = LINE('',#752,#753);
#752 = CARTESIAN_POINT('',(85.,65.,24.));
#753 = VECTOR('',#754,1.);
#754 = DIRECTION('',(1.,0.,0.));
#755 = ORIENTED_EDGE('',*,*,#587,.F.);
#756 = ORIENTED_EDGE('',*,*,#439,.F.);
#757 = ORIENTED_EDGE('',*,*,#758,.F.);
#758 = EDGE_CURVE('',#759,#440,#761,.T.);
#759 = VERTEX_POINT('',#760);
#760 = CARTESIAN_POINT('',(98.145922434598,65.,14.));
#761 = LINE('',#762,#763);
#762 = CARTESIAN_POINT('',(98.145922434598,65.,4.));
#763 = VECTOR('',#764,1.);
#764 = DIRECTION('',(0.,0.,-1.));
#765 = ORIENTED_EDGE('',*,*,#766,.T.);
#766 = EDGE_CURVE('',#759,#767,#769,.T.);
#767 = VERTEX_POINT('',#768);
#768 = CARTESIAN_POINT('',(89.490441201766,65.,14.));
#769 = LINE('',#770,#771);
#770 = CARTESIAN_POINT('',(43.915288147531,65.,14.));
#771 = VECTOR('',#772,1.);
#772 = DIRECTION('',(-1.,0.,0.));
#773 = ORIENTED_EDGE('',*,*,#774,.T.);
#774 = EDGE_CURVE('',#767,#735,#775,.T.);
#775 = LINE('',#776,#777);
#776 = CARTESIAN_POINT('',(89.490441201766,65.,4.));
#777 = VECTOR('',#778,1.);
#778 = DIRECTION('',(0.,0.,-1.));
#779 = PLANE('',#780);
#780 = AXIS2_PLACEMENT_3D('',#781,#782,#783);
#781 = CARTESIAN_POINT('',(85.,65.,4.));
#782 = DIRECTION('',(0.,1.,0.));
#783 = DIRECTION('',(0.,0.,1.));
#784 = ADVANCED_FACE('',(#785),#827,.F.);
#785 = FACE_BOUND('',#786,.F.);
#786 = EDGE_LOOP('',(#787,#795,#803,#811,#819,#825,#826));
#787 = ORIENTED_EDGE('',*,*,#788,.T.);
#788 = EDGE_CURVE('',#448,#789,#791,.T.);
#789 = VERTEX_POINT('',#790);
#790 = CARTESIAN_POINT('',(46.89539341834,-5.469477397352,8.8));
#791 = LINE('',#792,#793);
#792 = CARTESIAN_POINT('',(46.895393418341,-5.469477397353,4.));
#793 = VECTOR('',#794,1.);
#794 = DIRECTION('',(0.,0.,1.));
#795 = ORIENTED_EDGE('',*,*,#796,.T.);
#796 = EDGE_CURVE('',#789,#797,#799,.T.);
#797 = VERTEX_POINT('',#798);
#798 = CARTESIAN_POINT('',(46.895393418341,-5.469477397353,10.));
#799 = LINE('',#800,#801);
#800 = CARTESIAN_POINT('',(46.895393418341,-5.469477397353,4.));
#801 = VECTOR('',#802,1.);
#802 = DIRECTION('',(0.,0.,1.));
#803 = ORIENTED_EDGE('',*,*,#804,.T.);
#804 = EDGE_CURVE('',#797,#805,#807,.T.);
#805 = VERTEX_POINT('',#806);
#806 = CARTESIAN_POINT('',(62.788759921521,16.38390154451,10.));
#807 = LINE('',#808,#809);
#808 = CARTESIAN_POINT('',(2.83057629506,-66.05860094186,10.));
#809 = VECTOR('',#810,1.);
#810 = DIRECTION('',(0.588171697675,0.808736084303,0.));
#811 = ORIENTED_EDGE('',*,*,#812,.T.);
#812 = EDGE_CURVE('',#805,#813,#815,.T.);
#813 = VERTEX_POINT('',#814);
#814 = CARTESIAN_POINT('',(62.788759921521,16.38390154451,14.));
#815 = LINE('',#816,#817);
#816 = CARTESIAN_POINT('',(62.788759921521,16.38390154451,10.));
#817 = VECTOR('',#818,1.);
#818 = DIRECTION('',(0.,0.,1.));
#819 = ORIENTED_EDGE('',*,*,#820,.T.);
#820 = EDGE_CURVE('',#813,#759,#821,.T.);
#821 = LINE('',#822,#823);
#822 = CARTESIAN_POINT('',(2.830576295061,-66.05860094186,14.));
#823 = VECTOR('',#824,1.);
#824 = DIRECTION('',(0.588171697675,0.808736084303,0.));
#825 = ORIENTED_EDGE('',*,*,#758,.T.);
#826 = ORIENTED_EDGE('',*,*,#447,.F.);
#827 = PLANE('',#828);
#828 = AXIS2_PLACEMENT_3D('',#829,#830,#831);
#829 = CARTESIAN_POINT('',(2.830576295061,-66.05860094186,4.));
#830 = DIRECTION('',(-0.808736084303,0.588171697675,0.));
#831 = DIRECTION('',(0.,0.,1.));
#832 = ADVANCED_FACE('',(#833),#862,.T.);
#833 = FACE_BOUND('',#834,.T.);
#834 = EDGE_LOOP('',(#835,#836,#837,#838,#847,#856));
#835 = ORIENTED_EDGE('',*,*,#464,.T.);
#836 = ORIENTED_EDGE('',*,*,#455,.T.);
#837 = ORIENTED_EDGE('',*,*,#788,.T.);
#838 = ORIENTED_EDGE('',*,*,#839,.F.);
#839 = EDGE_CURVE('',#840,#789,#842,.T.);
#840 = VERTEX_POINT('',#841);
#841 = CARTESIAN_POINT('',(75.,-64.,8.8));
#842 = CIRCLE('',#843,75.);
#843 = AXIS2_PLACEMENT_3D('',#844,#845,#846);
#844 = CARTESIAN_POINT('',(0.,-64.,8.8));
#845 = DIRECTION('',(0.,0.,1.));
#846 = DIRECTION('',(1.,0.,-0.));
#847 = ORIENTED_EDGE('',*,*,#848,.F.);
#848 = EDGE_CURVE('',#849,#840,#851,.T.);
#849 = VERTEX_POINT('',#850);
#850 = CARTESIAN_POINT('',(73.769149363624,-77.53191051431,8.8));
#851 = CIRCLE('',#852,75.);
#852 = AXIS2_PLACEMENT_3D('',#853,#854,#855);
#853 = CARTESIAN_POINT('',(0.,-64.,8.8));
#854 = DIRECTION('',(0.,0.,1.));
#855 = DIRECTION('',(1.,0.,-0.));
#856 = ORIENTED_EDGE('',*,*,#857,.F.);
#857 = EDGE_CURVE('',#465,#849,#858,.T.);
#858 = LINE('',#859,#860);
#859 = CARTESIAN_POINT('',(73.769149363623,-77.53191051431,4.));
#860 = VECTOR('',#861,1.);
#861 = DIRECTION('',(0.,0.,1.));
#862 = CYLINDRICAL_SURFACE('',#863,75.);
#863 = AXIS2_PLACEMENT_3D('',#864,#865,#866);
#864 = CARTESIAN_POINT('',(0.,-64.,4.));
#865 = DIRECTION('',(0.,0.,1.));
#866 = DIRECTION('',(1.,0.,0.));
#867 = ADVANCED_FACE('',(#868),#894,.T.);
#868 = FACE_BOUND('',#869,.T.);
#869 = EDGE_LOOP('',(#870,#871,#879,#887,#893));
#870 = ORIENTED_EDGE('',*,*,#857,.T.);
#871 = ORIENTED_EDGE('',*,*,#872,.T.);
#872 = EDGE_CURVE('',#849,#873,#875,.T.);
#873 = VERTEX_POINT('',#874);
#874 = CARTESIAN_POINT('',(73.769149363623,-77.53191051431,10.));
#875 = LINE('',#876,#877);
#876 = CARTESIAN_POINT('',(73.769149363623,-77.53191051431,4.));
#877 = VECTOR('',#878,1.);
#878 = DIRECTION('',(0.,0.,1.));
#879 = ORIENTED_EDGE('',*,*,#880,.T.);
#880 = EDGE_CURVE('',#873,#881,#883,.T.);
#881 = VERTEX_POINT('',#882);
#882 = CARTESIAN_POINT('',(85.,-80.13907226919,10.));
#883 = LINE('',#884,#885);
#884 = CARTESIAN_POINT('',(0.791453975198,-60.59065979914,10.));
#885 = VECTOR('',#886,1.);
#886 = DIRECTION('',(0.974097200243,-0.226129707199,0.));
#887 = ORIENTED_EDGE('',*,*,#888,.T.);
#888 = EDGE_CURVE('',#881,#474,#889,.T.);
#889 = LINE('',#890,#891);
#890 = CARTESIAN_POINT('',(85.,-80.13907226919,4.));
#891 = VECTOR('',#892,1.);
#892 = DIRECTION('',(0.,0.,-1.));
#893 = ORIENTED_EDGE('',*,*,#473,.F.);
#894 = PLANE('',#895);
#895 = AXIS2_PLACEMENT_3D('',#896,#897,#898);
#896 = CARTESIAN_POINT('',(0.791453975198,-60.59065979914,4.));
#897 = DIRECTION('',(0.226129707199,0.974097200243,0.));
#898 = DIRECTION('',(0.,0.,1.));
#899 = ADVANCED_FACE('',(#900),#918,.F.);
#900 = FACE_BOUND('',#901,.F.);
#901 = EDGE_LOOP('',(#902,#910,#916,#917));
#902 = ORIENTED_EDGE('',*,*,#903,.T.);
#903 = EDGE_CURVE('',#482,#904,#906,.T.);
#904 = VERTEX_POINT('',#905);
#905 = CARTESIAN_POINT('',(85.,-65.,10.));
#906 = LINE('',#907,#908);
#907 = CARTESIAN_POINT('',(85.,-65.,4.));
#908 = VECTOR('',#909,1.);
#909 = DIRECTION('',(0.,0.,1.));
#910 = ORIENTED_EDGE('',*,*,#911,.T.);
#911 = EDGE_CURVE('',#904,#881,#912,.T.);
#912 = LINE('',#913,#914);
#913 = CARTESIAN_POINT('',(85.,-89.5,10.));
#914 = VECTOR('',#915,1.);
#915 = DIRECTION('',(0.,-1.,0.));
#916 = ORIENTED_EDGE('',*,*,#888,.T.);
#917 = ORIENTED_EDGE('',*,*,#481,.T.);
#918 = PLANE('',#919);
#919 = AXIS2_PLACEMENT_3D('',#920,#921,#922);
#920 = CARTESIAN_POINT('',(85.,-115.,4.));
#921 = DIRECTION('',(1.,0.,0.));
#922 = DIRECTION('',(0.,0.,1.));
#923 = ADVANCED_FACE('',(#924),#951,.T.);
#924 = FACE_BOUND('',#925,.T.);
#925 = EDGE_LOOP('',(#926,#927,#928,#936,#944,#950));
#926 = ORIENTED_EDGE('',*,*,#489,.F.);
#927 = ORIENTED_EDGE('',*,*,#903,.T.);
#928 = ORIENTED_EDGE('',*,*,#929,.T.);
#929 = EDGE_CURVE('',#904,#930,#932,.T.);
#930 = VERTEX_POINT('',#931);
#931 = CARTESIAN_POINT('',(101.99509792142,-65.,10.));
#932 = LINE('',#933,#934);
#933 = CARTESIAN_POINT('',(42.5,-65.,10.));
#934 = VECTOR('',#935,1.);
#935 = DIRECTION('',(1.,0.,0.));
#936 = ORIENTED_EDGE('',*,*,#937,.T.);
#937 = EDGE_CURVE('',#930,#938,#940,.T.);
#938 = VERTEX_POINT('',#939);
#939 = CARTESIAN_POINT('',(101.99509792142,-65.,24.));
#940 = LINE('',#941,#942);
#941 = CARTESIAN_POINT('',(101.99509792142,-65.,10.));
#942 = VECTOR('',#943,1.);
#943 = DIRECTION('',(0.,0.,1.));
#944 = ORIENTED_EDGE('',*,*,#945,.T.);
#945 = EDGE_CURVE('',#938,#595,#946,.T.);
#946 = LINE('',#947,#948);
#947 = CARTESIAN_POINT('',(85.,-65.,24.));
#948 = VECTOR('',#949,1.);
#949 = DIRECTION('',(1.,0.,0.));
#950 = ORIENTED_EDGE('',*,*,#594,.F.);
#951 = PLANE('',#952);
#952 = AXIS2_PLACEMENT_3D('',#953,#954,#955);
#953 = CARTESIAN_POINT('',(85.,-65.,4.));
#954 = DIRECTION('',(0.,1.,0.));
#955 = DIRECTION('',(0.,0.,1.));
#956 = ADVANCED_FACE('',(#957),#1014,.T.);
#957 = FACE_BOUND('',#958,.T.);
#958 = EDGE_LOOP('',(#959,#969,#975,#976,#984,#992,#1000,#1008));
#959 = ORIENTED_EDGE('',*,*,#960,.F.);
#960 = EDGE_CURVE('',#961,#963,#965,.T.);
#961 = VERTEX_POINT('',#962);
#962 = CARTESIAN_POINT('',(-140.,-147.5,0.));
#963 = VERTEX_POINT('',#964);
#964 = CARTESIAN_POINT('',(-140.,-147.5,14.));
#965 = LINE('',#966,#967);
#966 = CARTESIAN_POINT('',(-140.,-147.5,0.));
#967 = VECTOR('',#968,1.);
#968 = DIRECTION('',(0.,0.,1.));
#969 = ORIENTED_EDGE('',*,*,#970,.T.);
#970 = EDGE_CURVE('',#961,#522,#971,.T.);
#971 = LINE('',#972,#973);
#972 = CARTESIAN_POINT('',(-140.,-147.5,0.));
#973 = VECTOR('',#974,1.);
#974 = DIRECTION('',(1.,0.,0.));
#975 = ORIENTED_EDGE('',*,*,#521,.T.);
#976 = ORIENTED_EDGE('',*,*,#977,.F.);
#977 = EDGE_CURVE('',#978,#524,#980,.T.);
#978 = VERTEX_POINT('',#979);
#979 = CARTESIAN_POINT('',(58.58114030983,-147.5,14.));
#980 = LINE('',#981,#982);
#981 = CARTESIAN_POINT('',(-140.,-147.5,14.));
#982 = VECTOR('',#983,1.);
#983 = DIRECTION('',(1.,0.,0.));
#984 = ORIENTED_EDGE('',*,*,#985,.F.);
#985 = EDGE_CURVE('',#986,#978,#988,.T.);
#986 = VERTEX_POINT('',#987);
#987 = CARTESIAN_POINT('',(58.58114030983,-147.5,10.));
#988 = LINE('',#989,#990);
#989 = CARTESIAN_POINT('',(58.58114030983,-147.5,10.));
#990 = VECTOR('',#991,1.);
#991 = DIRECTION('',(0.,0.,1.));
#992 = ORIENTED_EDGE('',*,*,#993,.T.);
#993 = EDGE_CURVE('',#986,#994,#996,.T.);
#994 = VERTEX_POINT('',#995);
#995 = CARTESIAN_POINT('',(-58.58114030983,-147.5,10.));
#996 = LINE('',#997,#998);
#997 = CARTESIAN_POINT('',(0.,-147.5,10.));
#998 = VECTOR('',#999,1.);
#999 = DIRECTION('',(-1.,0.,0.));
#1000 = ORIENTED_EDGE('',*,*,#1001,.T.);
#1001 = EDGE_CURVE('',#994,#1002,#1004,.T.);
#1002 = VERTEX_POINT('',#1003);
#1003 = CARTESIAN_POINT('',(-58.58114030983,-147.5,14.));
#1004 = LINE('',#1005,#1006);
#1005 = CARTESIAN_POINT('',(-58.58114030983,-147.5,10.));
#1006 = VECTOR('',#1007,1.);
#1007 = DIRECTION('',(0.,0.,1.));
#1008 = ORIENTED_EDGE('',*,*,#1009,.F.);
#1009 = EDGE_CURVE('',#963,#1002,#1010,.T.);
#1010 = LINE('',#1011,#1012);
#1011 = CARTESIAN_POINT('',(-140.,-147.5,14.));
#1012 = VECTOR('',#1013,1.);
#1013 = DIRECTION('',(1.,0.,0.));
#1014 = PLANE('',#1015);
#1015 = AXIS2_PLACEMENT_3D('',#1016,#1017,#1018);
#1016 = CARTESIAN_POINT('',(0.,-147.5,7.));
#1017 = DIRECTION('',(-0.,-1.,-0.));
#1018 = DIRECTION('',(0.,0.,-1.));
#1019 = ADVANCED_FACE('',(#1020,#1038,#1072,#1106,#1140),#1174,.F.);
#1020 = FACE_BOUND('',#1021,.F.);
#1021 = EDGE_LOOP('',(#1022,#1030,#1031,#1032));
#1022 = ORIENTED_EDGE('',*,*,#1023,.F.);
#1023 = EDGE_CURVE('',#961,#1024,#1026,.T.);
#1024 = VERTEX_POINT('',#1025);
#1025 = CARTESIAN_POINT('',(-140.,147.5,0.));
#1026 = LINE('',#1027,#1028);
#1027 = CARTESIAN_POINT('',(-140.,-147.5,0.));
#1028 = VECTOR('',#1029,1.);
#1029 = DIRECTION('',(0.,1.,0.));
#1030 = ORIENTED_EDGE('',*,*,#970,.T.);
#1031 = ORIENTED_EDGE('',*,*,#531,.T.);
#1032 = ORIENTED_EDGE('',*,*,#1033,.F.);
#1033 = EDGE_CURVE('',#1024,#532,#1034,.T.);
#1034 = LINE('',#1035,#1036);
#1035 = CARTESIAN_POINT('',(-140.,147.5,0.));
#1036 = VECTOR('',#1037,1.);
#1037 = DIRECTION('',(1.,0.,0.));
#1038 = FACE_BOUND('',#1039,.F.);
#1039 = EDGE_LOOP('',(#1040,#1050,#1058,#1066));
#1040 = ORIENTED_EDGE('',*,*,#1041,.T.);
#1041 = EDGE_CURVE('',#1042,#1044,#1046,.T.);
#1042 = VERTEX_POINT('',#1043);
#1043 = CARTESIAN_POINT('',(-110.7,-96.3,0.));
#1044 = VERTEX_POINT('',#1045);
#1045 = CARTESIAN_POINT('',(-119.3,-96.3,0.));
#1046 = LINE('',#1047,#1048);
#1047 = CARTESIAN_POINT('',(-129.65,-96.3,0.));
#1048 = VECTOR('',#1049,1.);
#1049 = DIRECTION('',(-1.,0.,0.));
#1050 = ORIENTED_EDGE('',*,*,#1051,.T.);
#1051 = EDGE_CURVE('',#1044,#1052,#1054,.T.);
#1052 = VERTEX_POINT('',#1053);
#1053 = CARTESIAN_POINT('',(-119.3,-83.7,0.));
#1054 = LINE('',#1055,#1056);
#1055 = CARTESIAN_POINT('',(-119.3,-121.9,0.));
#1056 = VECTOR('',#1057,1.);
#1057 = DIRECTION('',(0.,1.,0.));
#1058 = ORIENTED_EDGE('',*,*,#1059,.F.);
#1059 = EDGE_CURVE('',#1060,#1052,#1062,.T.);
#1060 = VERTEX_POINT('',#1061);
#1061 = CARTESIAN_POINT('',(-110.7,-83.7,0.));
#1062 = LINE('',#1063,#1064);
#1063 = CARTESIAN_POINT('',(-129.65,-83.7,0.));
#1064 = VECTOR('',#1065,1.);
#1065 = DIRECTION('',(-1.,0.,0.));
#1066 = ORIENTED_EDGE('',*,*,#1067,.F.);
#1067 = EDGE_CURVE('',#1042,#1060,#1068,.T.);
#1068 = LINE('',#1069,#1070);
#1069 = CARTESIAN_POINT('',(-110.7,-121.9,0.));
#1070 = VECTOR('',#1071,1.);
#1071 = DIRECTION('',(0.,1.,0.));
#1072 = FACE_BOUND('',#1073,.F.);
#1073 = EDGE_LOOP('',(#1074,#1084,#1092,#1100));
#1074 = ORIENTED_EDGE('',*,*,#1075,.T.);
#1075 = EDGE_CURVE('',#1076,#1078,#1080,.T.);
#1076 = VERTEX_POINT('',#1077);
#1077 = CARTESIAN_POINT('',(119.3,-96.3,0.));
#1078 = VERTEX_POINT('',#1079);
#1079 = CARTESIAN_POINT('',(110.7,-96.3,0.));
#1080 = LINE('',#1081,#1082);
#1081 = CARTESIAN_POINT('',(-14.65,-96.3,0.));
#1082 = VECTOR('',#1083,1.);
#1083 = DIRECTION('',(-1.,0.,0.));
#1084 = ORIENTED_EDGE('',*,*,#1085,.T.);
#1085 = EDGE_CURVE('',#1078,#1086,#1088,.T.);
#1086 = VERTEX_POINT('',#1087);
#1087 = CARTESIAN_POINT('',(110.7,-83.7,0.));
#1088 = LINE('',#1089,#1090);
#1089 = CARTESIAN_POINT('',(110.7,-121.9,0.));
#1090 = VECTOR('',#1091,1.);
#1091 = DIRECTION('',(0.,1.,0.));
#1092 = ORIENTED_EDGE('',*,*,#1093,.F.);
#1093 = EDGE_CURVE('',#1094,#1086,#1096,.T.);
#1094 = VERTEX_POINT('',#1095);
#1095 = CARTESIAN_POINT('',(119.3,-83.7,0.));
#1096 = LINE('',#1097,#1098);
#1097 = CARTESIAN_POINT('',(-14.65,-83.7,0.));
#1098 = VECTOR('',#1099,1.);
#1099 = DIRECTION('',(-1.,0.,0.));
#1100 = ORIENTED_EDGE('',*,*,#1101,.F.);
#1101 = EDGE_CURVE('',#1076,#1094,#1102,.T.);
#1102 = LINE('',#1103,#1104);
#1103 = CARTESIAN_POINT('',(119.3,-121.9,0.));
#1104 = VECTOR('',#1105,1.);
#1105 = DIRECTION('',(0.,1.,0.));
#1106 = FACE_BOUND('',#1107,.F.);
#1107 = EDGE_LOOP('',(#1108,#1118,#1126,#1134));
#1108 = ORIENTED_EDGE('',*,*,#1109,.T.);
#1109 = EDGE_CURVE('',#1110,#1112,#1114,.T.);
#1110 = VERTEX_POINT('',#1111);
#1111 = CARTESIAN_POINT('',(-110.7,83.7,0.));
#1112 = VERTEX_POINT('',#1113);
#1113 = CARTESIAN_POINT('',(-119.3,83.7,0.));
#1114 = LINE('',#1115,#1116);
#1115 = CARTESIAN_POINT('',(-129.65,83.7,0.));
#1116 = VECTOR('',#1117,1.);
#1117 = DIRECTION('',(-1.,0.,0.));
#1118 = ORIENTED_EDGE('',*,*,#1119,.T.);
#1119 = EDGE_CURVE('',#1112,#1120,#1122,.T.);
#1120 = VERTEX_POINT('',#1121);
#1121 = CARTESIAN_POINT('',(-119.3,96.3,0.));
#1122 = LINE('',#1123,#1124);
#1123 = CARTESIAN_POINT('',(-119.3,-31.9,0.));
#1124 = VECTOR('',#1125,1.);
#1125 = DIRECTION('',(0.,1.,0.));
#1126 = ORIENTED_EDGE('',*,*,#1127,.F.);
#1127 = EDGE_CURVE('',#1128,#1120,#1130,.T.);
#1128 = VERTEX_POINT('',#1129);
#1129 = CARTESIAN_POINT('',(-110.7,96.3,0.));
#1130 = LINE('',#1131,#1132);
#1131 = CARTESIAN_POINT('',(-129.65,96.3,0.));
#1132 = VECTOR('',#1133,1.);
#1133 = DIRECTION('',(-1.,0.,0.));
#1134 = ORIENTED_EDGE('',*,*,#1135,.F.);
#1135 = EDGE_CURVE('',#1110,#1128,#1136,.T.);
#1136 = LINE('',#1137,#1138);
#1137 = CARTESIAN_POINT('',(-110.7,-31.9,0.));
#1138 = VECTOR('',#1139,1.);
#1139 = DIRECTION('',(0.,1.,0.));
#1140 = FACE_BOUND('',#1141,.F.);
#1141 = EDGE_LOOP('',(#1142,#1152,#1160,#1168));
#1142 = ORIENTED_EDGE('',*,*,#1143,.T.);
#1143 = EDGE_CURVE('',#1144,#1146,#1148,.T.);
#1144 = VERTEX_POINT('',#1145);
#1145 = CARTESIAN_POINT('',(119.3,83.7,0.));
#1146 = VERTEX_POINT('',#1147);
#1147 = CARTESIAN_POINT('',(110.7,83.7,0.));
#1148 = LINE('',#1149,#1150);
#1149 = CARTESIAN_POINT('',(-14.65,83.7,0.));
#1150 = VECTOR('',#1151,1.);
#1151 = DIRECTION('',(-1.,0.,0.));
#1152 = ORIENTED_EDGE('',*,*,#1153,.T.);
#1153 = EDGE_CURVE('',#1146,#1154,#1156,.T.);
#1154 = VERTEX_POINT('',#1155);
#1155 = CARTESIAN_POINT('',(110.7,96.3,0.));
#1156 = LINE('',#1157,#1158);
#1157 = CARTESIAN_POINT('',(110.7,-31.9,0.));
#1158 = VECTOR('',#1159,1.);
#1159 = DIRECTION('',(0.,1.,0.));
#1160 = ORIENTED_EDGE('',*,*,#1161,.F.);
#1161 = EDGE_CURVE('',#1162,#1154,#1164,.T.);
#1162 = VERTEX_POINT('',#1163);
#1163 = CARTESIAN_POINT('',(119.3,96.3,0.));
#1164 = LINE('',#1165,#1166);
#1165 = CARTESIAN_POINT('',(-14.65,96.3,0.));
#1166 = VECTOR('',#1167,1.);
#1167 = DIRECTION('',(-1.,0.,0.));
#1168 = ORIENTED_EDGE('',*,*,#1169,.F.);
#1169 = EDGE_CURVE('',#1144,#1162,#1170,.T.);
#1170 = LINE('',#1171,#1172);
#1171 = CARTESIAN_POINT('',(119.3,-31.9,0.));
#1172 = VECTOR('',#1173,1.);
#1173 = DIRECTION('',(0.,1.,0.));
#1174 = PLANE('',#1175);
#1175 = AXIS2_PLACEMENT_3D('',#1176,#1177,#1178);
#1176 = CARTESIAN_POINT('',(-140.,-147.5,0.));
#1177 = DIRECTION('',(0.,0.,1.));
#1178 = DIRECTION('',(1.,0.,0.));
#1179 = ADVANCED_FACE('',(#1180),#1198,.T.);
#1180 = FACE_BOUND('',#1181,.T.);
#1181 = EDGE_LOOP('',(#1182,#1183,#1191,#1197));
#1182 = ORIENTED_EDGE('',*,*,#1033,.F.);
#1183 = ORIENTED_EDGE('',*,*,#1184,.T.);
#1184 = EDGE_CURVE('',#1024,#1185,#1187,.T.);
#1185 = VERTEX_POINT('',#1186);
#1186 = CARTESIAN_POINT('',(-140.,147.5,14.));
#1187 = LINE('',#1188,#1189);
#1188 = CARTESIAN_POINT('',(-140.,147.5,4.));
#1189 = VECTOR('',#1190,1.);
#1190 = DIRECTION('',(0.,0.,1.));
#1191 = ORIENTED_EDGE('',*,*,#1192,.T.);
#1192 = EDGE_CURVE('',#1185,#540,#1193,.T.);
#1193 = LINE('',#1194,#1195);
#1194 = CARTESIAN_POINT('',(-140.,147.5,14.));
#1195 = VECTOR('',#1196,1.);
#1196 = DIRECTION('',(1.,0.,0.));
#1197 = ORIENTED_EDGE('',*,*,#539,.F.);
#1198 = PLANE('',#1199);
#1199 = AXIS2_PLACEMENT_3D('',#1200,#1201,#1202);
#1200 = CARTESIAN_POINT('',(0.,147.5,7.));
#1201 = DIRECTION('',(0.,1.,0.));
#1202 = DIRECTION('',(0.,0.,1.));
#1203 = ADVANCED_FACE('',(#1204),#1294,.T.);
#1204 = FACE_BOUND('',#1205,.T.);
#1205 = EDGE_LOOP('',(#1206,#1214,#1222,#1230,#1238,#1246,#1254,#1262,
    #1270,#1278,#1286,#1292,#1293));
#1206 = ORIENTED_EDGE('',*,*,#1207,.F.);
#1207 = EDGE_CURVE('',#1208,#1185,#1210,.T.);
#1208 = VERTEX_POINT('',#1209);
#1209 = CARTESIAN_POINT('',(-140.,139.5,14.));
#1210 = LINE('',#1211,#1212);
#1211 = CARTESIAN_POINT('',(-140.,139.5,14.));
#1212 = VECTOR('',#1213,1.);
#1213 = DIRECTION('',(0.,1.,0.));
#1214 = ORIENTED_EDGE('',*,*,#1215,.T.);
#1215 = EDGE_CURVE('',#1208,#1216,#1218,.T.);
#1216 = VERTEX_POINT('',#1217);
#1217 = CARTESIAN_POINT('',(-3.5,139.5,14.));
#1218 = LINE('',#1219,#1220);
#1219 = CARTESIAN_POINT('',(-140.,139.5,14.));
#1220 = VECTOR('',#1221,1.);
#1221 = DIRECTION('',(1.,0.,0.));
#1222 = ORIENTED_EDGE('',*,*,#1223,.F.);
#1223 = EDGE_CURVE('',#1224,#1216,#1226,.T.);
#1224 = VERTEX_POINT('',#1225);
#1225 = CARTESIAN_POINT('',(-3.5,58.94997892773,14.));
#1226 = LINE('',#1227,#1228);
#1227 = CARTESIAN_POINT('',(-3.5,-64.,14.));
#1228 = VECTOR('',#1229,1.);
#1229 = DIRECTION('',(1.110223024625E-16,1.,0.));
#1230 = ORIENTED_EDGE('',*,*,#1231,.T.);
#1231 = EDGE_CURVE('',#1224,#1232,#1234,.T.);
#1232 = VERTEX_POINT('',#1233);
#1233 = CARTESIAN_POINT('',(-2.364425582849,58.977272256556,14.));
#1234 = LINE('',#1235,#1236);
#1235 = CARTESIAN_POINT('',(-0.654924371937,59.018359813632,14.));
#1236 = VECTOR('',#1237,1.);
#1237 = DIRECTION('',(0.999711288748,2.40278827377E-02,0.));
#1238 = ORIENTED_EDGE('',*,*,#1239,.T.);
#1239 = EDGE_CURVE('',#1232,#1240,#1242,.T.);
#1240 = VERTEX_POINT('',#1241);
#1241 = CARTESIAN_POINT('',(-1.182267407057,58.994317932896,14.));
#1242 = LINE('',#1243,#1244);
#1243 = CARTESIAN_POINT('',(-0.274518806754,59.007406865625,14.));
#1244 = VECTOR('',#1245,1.);
#1245 = DIRECTION('',(0.999896060748,1.441761768733E-02,0.));
#1246 = ORIENTED_EDGE('',*,*,#1247,.T.);
#1247 = EDGE_CURVE('',#1240,#1248,#1250,.T.);
#1248 = VERTEX_POINT('',#1249);
#1249 = CARTESIAN_POINT('',(7.531577814756E-15,59.,14.));
#1250 = LINE('',#1251,#1252);
#1251 = CARTESIAN_POINT('',(0.105578611665,59.00050741884,14.));
#1252 = VECTOR('',#1253,1.);
#1253 = DIRECTION('',(0.999988451016,4.806020573995E-03,0.));
#1254 = ORIENTED_EDGE('',*,*,#1255,.T.);
#1255 = EDGE_CURVE('',#1248,#1256,#1258,.T.);
#1256 = VERTEX_POINT('',#1257);
#1257 = CARTESIAN_POINT('',(1.182267407057,58.994317932896,14.));
#1258 = LINE('',#1259,#1260);
#1259 = CARTESIAN_POINT('',(0.485555091864,58.997666385288,14.));
#1260 = VECTOR('',#1261,1.);
#1261 = DIRECTION('',(0.999988451016,-4.806020573995E-03,0.));
#1262 = ORIENTED_EDGE('',*,*,#1263,.T.);
#1263 = EDGE_CURVE('',#1256,#1264,#1266,.T.);
#1264 = VERTEX_POINT('',#1265);
#1265 = CARTESIAN_POINT('',(2.364425582849,58.977272256556,14.));
#1266 = LINE('',#1267,#1268);
#1267 = CARTESIAN_POINT('',(0.865597894651,58.998884027455,14.));
#1268 = VECTOR('',#1269,1.);
#1269 = DIRECTION('',(0.999896060748,-1.441761768733E-02,0.));
#1270 = ORIENTED_EDGE('',*,*,#1271,.T.);
#1271 = EDGE_CURVE('',#1264,#1272,#1274,.T.);
#1272 = VERTEX_POINT('',#1273);
#1273 = CARTESIAN_POINT('',(3.5,58.94997892773,14.));
#1274 = LINE('',#1275,#1276);
#1275 = CARTESIAN_POINT('',(1.245894233615,59.004155958281,14.));
#1276 = VECTOR('',#1277,1.);
#1277 = DIRECTION('',(0.999711288748,-2.40278827377E-02,0.));
#1278 = ORIENTED_EDGE('',*,*,#1279,.T.);
#1279 = EDGE_CURVE('',#1272,#1280,#1282,.T.);
#1280 = VERTEX_POINT('',#1281);
#1281 = CARTESIAN_POINT('',(3.5,139.5,14.));
#1282 = LINE('',#1283,#1284);
#1283 = CARTESIAN_POINT('',(3.5,-64.,14.));
#1284 = VECTOR('',#1285,1.);
#1285 = DIRECTION('',(1.110223024625E-16,1.,0.));
#1286 = ORIENTED_EDGE('',*,*,#1287,.T.);
#1287 = EDGE_CURVE('',#1280,#548,#1288,.T.);
#1288 = LINE('',#1289,#1290);
#1289 = CARTESIAN_POINT('',(-140.,139.5,14.));
#1290 = VECTOR('',#1291,1.);
#1291 = DIRECTION('',(1.,0.,0.));
#1292 = ORIENTED_EDGE('',*,*,#547,.T.);
#1293 = ORIENTED_EDGE('',*,*,#1192,.F.);
#1294 = PLANE('',#1295);
#1295 = AXIS2_PLACEMENT_3D('',#1296,#1297,#1298);
#1296 = CARTESIAN_POINT('',(3.809722833574E-15,102.93648731995,14.));
#1297 = DIRECTION('',(0.,0.,1.));
#1298 = DIRECTION('',(1.,0.,0.));
#1299 = ADVANCED_FACE('',(#1300),#1318,.F.);
#1300 = FACE_BOUND('',#1301,.F.);
#1301 = EDGE_LOOP('',(#1302,#1310,#1316,#1317));
#1302 = ORIENTED_EDGE('',*,*,#1303,.F.);
#1303 = EDGE_CURVE('',#1304,#556,#1306,.T.);
#1304 = VERTEX_POINT('',#1305);
#1305 = CARTESIAN_POINT('',(3.5,139.5,4.));
#1306 = LINE('',#1307,#1308);
#1307 = CARTESIAN_POINT('',(-140.,139.5,4.));
#1308 = VECTOR('',#1309,1.);
#1309 = DIRECTION('',(1.,0.,0.));
#1310 = ORIENTED_EDGE('',*,*,#1311,.T.);
#1311 = EDGE_CURVE('',#1304,#1280,#1312,.T.);
#1312 = LINE('',#1313,#1314);
#1313 = CARTESIAN_POINT('',(3.5,139.5,4.));
#1314 = VECTOR('',#1315,1.);
#1315 = DIRECTION('',(0.,0.,1.));
#1316 = ORIENTED_EDGE('',*,*,#1287,.T.);
#1317 = ORIENTED_EDGE('',*,*,#555,.F.);
#1318 = PLANE('',#1319);
#1319 = AXIS2_PLACEMENT_3D('',#1320,#1321,#1322);
#1320 = CARTESIAN_POINT('',(-140.,139.5,4.));
#1321 = DIRECTION('',(0.,1.,0.));
#1322 = DIRECTION('',(0.,0.,1.));
#1323 = ADVANCED_FACE('',(#1324,#1366),#1400,.T.);
#1324 = FACE_BOUND('',#1325,.T.);
#1325 = EDGE_LOOP('',(#1326,#1327,#1335,#1344,#1350,#1351,#1359,#1365));
#1326 = ORIENTED_EDGE('',*,*,#1303,.F.);
#1327 = ORIENTED_EDGE('',*,*,#1328,.F.);
#1328 = EDGE_CURVE('',#1329,#1304,#1331,.T.);
#1329 = VERTEX_POINT('',#1330);
#1330 = CARTESIAN_POINT('',(3.499999999998,10.918288821889,4.));
#1331 = LINE('',#1332,#1333);
#1332 = CARTESIAN_POINT('',(3.5,-64.,4.));
#1333 = VECTOR('',#1334,1.);
#1334 = DIRECTION('',(1.110223024625E-16,1.,0.));
#1335 = ORIENTED_EDGE('',*,*,#1336,.F.);
#1336 = EDGE_CURVE('',#1337,#1329,#1339,.T.);
#1337 = VERTEX_POINT('',#1338);
#1338 = CARTESIAN_POINT('',(41.234240828218,-1.352275513627,4.));
#1339 = CIRCLE('',#1340,75.);
#1340 = AXIS2_PLACEMENT_3D('',#1341,#1342,#1343);
#1341 = CARTESIAN_POINT('',(0.,-64.,4.));
#1342 = DIRECTION('',(0.,0.,1.));
#1343 = DIRECTION('',(1.,0.,0.));
#1344 = ORIENTED_EDGE('',*,*,#1345,.T.);
#1345 = EDGE_CURVE('',#1337,#735,#1346,.T.);
#1346 = LINE('',#1347,#1348);
#1347 = CARTESIAN_POINT('',(-2.830576295061,-61.94139905813,4.));
#1348 = VECTOR('',#1349,1.);
#1349 = DIRECTION('',(0.588171697675,0.808736084303,0.));
#1350 = ORIENTED_EDGE('',*,*,#732,.F.);
#1351 = ORIENTED_EDGE('',*,*,#1352,.T.);
#1352 = EDGE_CURVE('',#733,#1353,#1355,.T.);
#1353 = VERTEX_POINT('',#1354);
#1354 = CARTESIAN_POINT('',(85.,115.,4.));
#1355 = LINE('',#1356,#1357);
#1356 = CARTESIAN_POINT('',(85.,65.,4.));
#1357 = VECTOR('',#1358,1.);
#1358 = DIRECTION('',(0.,1.,0.));
#1359 = ORIENTED_EDGE('',*,*,#1360,.T.);
#1360 = EDGE_CURVE('',#1353,#564,#1361,.T.);
#1361 = LINE('',#1362,#1363);
#1362 = CARTESIAN_POINT('',(85.,115.,4.));
#1363 = VECTOR('',#1364,1.);
#1364 = DIRECTION('',(1.,0.,0.));
#1365 = ORIENTED_EDGE('',*,*,#563,.T.);
#1366 = FACE_BOUND('',#1367,.T.);
#1367 = EDGE_LOOP('',(#1368,#1378,#1386,#1394));
#1368 = ORIENTED_EDGE('',*,*,#1369,.T.);
#1369 = EDGE_CURVE('',#1370,#1372,#1374,.T.);
#1370 = VERTEX_POINT('',#1371);
#1371 = CARTESIAN_POINT('',(51.311741722233,45.745638461995,4.));
#1372 = VERTEX_POINT('',#1373);
#1373 = CARTESIAN_POINT('',(44.504870800578,29.082310215335,4.));
#1374 = LINE('',#1375,#1376);
#1375 = CARTESIAN_POINT('',(0.403596990882,-78.87830928883,4.));
#1376 = VECTOR('',#1377,1.);
#1377 = DIRECTION('',(-0.378159495647,-0.925740458148,0.));
#1378 = ORIENTED_EDGE('',*,*,#1379,.T.);
#1379 = EDGE_CURVE('',#1372,#1380,#1382,.T.);
#1380 = VERTEX_POINT('',#1381);
#1381 = CARTESIAN_POINT('',(33.395985302805,33.620224163105,4.));
#1382 = LINE('',#1383,#1384);
#1383 = CARTESIAN_POINT('',(-3.646290790015,48.751774611838,4.));
#1384 = VECTOR('',#1385,1.);
#1385 = DIRECTION('',(-0.925740458148,0.378159495647,0.));
#1386 = ORIENTED_EDGE('',*,*,#1387,.F.);
#1387 = EDGE_CURVE('',#1388,#1380,#1390,.T.);
#1388 = VERTEX_POINT('',#1389);
#1389 = CARTESIAN_POINT('',(40.20285622446,50.283552409764,4.));
#1390 = LINE('',#1391,#1392);
#1391 = CARTESIAN_POINT('',(-10.70528850689,-74.34039534106,4.));
#1392 = VECTOR('',#1393,1.);
#1393 = DIRECTION('',(-0.378159495647,-0.925740458148,0.));
#1394 = ORIENTED_EDGE('',*,*,#1395,.F.);
#1395 = EDGE_CURVE('',#1370,#1388,#1396,.T.);
#1396 = LINE('',#1397,#1398);
#1397 = CARTESIAN_POINT('',(3.16058013164,65.415102858497,4.));
#1398 = VECTOR('',#1399,1.);
#1399 = DIRECTION('',(-0.925740458148,0.378159495647,0.));
#1400 = PLANE('',#1401);
#1401 = AXIS2_PLACEMENT_3D('',#1402,#1403,#1404);
#1402 = CARTESIAN_POINT('',(-140.,-147.5,4.));
#1403 = DIRECTION('',(0.,0.,1.));
#1404 = DIRECTION('',(1.,0.,0.));
#1405 = ADVANCED_FACE('',(#1406),#1424,.T.);
#1406 = FACE_BOUND('',#1407,.T.);
#1407 = EDGE_LOOP('',(#1408,#1409,#1417,#1423));
#1408 = ORIENTED_EDGE('',*,*,#1360,.F.);
#1409 = ORIENTED_EDGE('',*,*,#1410,.T.);
#1410 = EDGE_CURVE('',#1353,#1411,#1413,.T.);
#1411 = VERTEX_POINT('',#1412);
#1412 = CARTESIAN_POINT('',(85.,115.,24.));
#1413 = LINE('',#1414,#1415);
#1414 = CARTESIAN_POINT('',(85.,115.,4.));
#1415 = VECTOR('',#1416,1.);
#1416 = DIRECTION('',(0.,0.,1.));
#1417 = ORIENTED_EDGE('',*,*,#1418,.T.);
#1418 = EDGE_CURVE('',#1411,#572,#1419,.T.);
#1419 = LINE('',#1420,#1421);
#1420 = CARTESIAN_POINT('',(85.,115.,24.));
#1421 = VECTOR('',#1422,1.);
#1422 = DIRECTION('',(1.,0.,0.));
#1423 = ORIENTED_EDGE('',*,*,#571,.F.);
#1424 = PLANE('',#1425);
#1425 = AXIS2_PLACEMENT_3D('',#1426,#1427,#1428);
#1426 = CARTESIAN_POINT('',(85.,115.,4.));
#1427 = DIRECTION('',(0.,1.,0.));
#1428 = DIRECTION('',(0.,0.,1.));
#1429 = ADVANCED_FACE('',(#1430,#1441),#1475,.T.);
#1430 = FACE_BOUND('',#1431,.T.);
#1431 = EDGE_LOOP('',(#1432,#1438,#1439,#1440));
#1432 = ORIENTED_EDGE('',*,*,#1433,.F.);
#1433 = EDGE_CURVE('',#743,#1411,#1434,.T.);
#1434 = LINE('',#1435,#1436);
#1435 = CARTESIAN_POINT('',(85.,65.,24.));
#1436 = VECTOR('',#1437,1.);
#1437 = DIRECTION('',(0.,1.,0.));
#1438 = ORIENTED_EDGE('',*,*,#750,.T.);
#1439 = ORIENTED_EDGE('',*,*,#579,.T.);
#1440 = ORIENTED_EDGE('',*,*,#1418,.F.);
#1441 = FACE_BOUND('',#1442,.T.);
#1442 = EDGE_LOOP('',(#1443,#1453,#1461,#1469));
#1443 = ORIENTED_EDGE('',*,*,#1444,.T.);
#1444 = EDGE_CURVE('',#1445,#1447,#1449,.T.);
#1445 = VERTEX_POINT('',#1446);
#1446 = CARTESIAN_POINT('',(119.3,83.7,24.));
#1447 = VERTEX_POINT('',#1448);
#1448 = CARTESIAN_POINT('',(110.7,83.7,24.));
#1449 = LINE('',#1450,#1451);
#1450 = CARTESIAN_POINT('',(97.85,83.7,24.));
#1451 = VECTOR('',#1452,1.);
#1452 = DIRECTION('',(-1.,0.,0.));
#1453 = ORIENTED_EDGE('',*,*,#1454,.T.);
#1454 = EDGE_CURVE('',#1447,#1455,#1457,.T.);
#1455 = VERTEX_POINT('',#1456);
#1456 = CARTESIAN_POINT('',(110.7,96.3,24.));
#1457 = LINE('',#1458,#1459);
#1458 = CARTESIAN_POINT('',(110.7,74.35,24.));
#1459 = VECTOR('',#1460,1.);
#1460 = DIRECTION('',(0.,1.,0.));
#1461 = ORIENTED_EDGE('',*,*,#1462,.F.);
#1462 = EDGE_CURVE('',#1463,#1455,#1465,.T.);
#1463 = VERTEX_POINT('',#1464);
#1464 = CARTESIAN_POINT('',(119.3,96.3,24.));
#1465 = LINE('',#1466,#1467);
#1466 = CARTESIAN_POINT('',(97.85,96.3,24.));
#1467 = VECTOR('',#1468,1.);
#1468 = DIRECTION('',(-1.,0.,0.));
#1469 = ORIENTED_EDGE('',*,*,#1470,.F.);
#1470 = EDGE_CURVE('',#1445,#1463,#1471,.T.);
#1471 = LINE('',#1472,#1473);
#1472 = CARTESIAN_POINT('',(119.3,74.35,24.));
#1473 = VECTOR('',#1474,1.);
#1474 = DIRECTION('',(0.,1.,0.));
#1475 = PLANE('',#1476);
#1476 = AXIS2_PLACEMENT_3D('',#1477,#1478,#1479);
#1477 = CARTESIAN_POINT('',(85.,65.,24.));
#1478 = DIRECTION('',(0.,0.,1.));
#1479 = DIRECTION('',(1.,0.,0.));
#1480 = ADVANCED_FACE('',(#1481,#1500),#1534,.T.);
#1481 = FACE_BOUND('',#1482,.T.);
#1482 = EDGE_LOOP('',(#1483,#1492,#1498,#1499));
#1483 = ORIENTED_EDGE('',*,*,#1484,.F.);
#1484 = EDGE_CURVE('',#1485,#938,#1487,.T.);
#1485 = VERTEX_POINT('',#1486);
#1486 = CARTESIAN_POINT('',(88.334591186013,-115.,24.));
#1487 = CIRCLE('',#1488,102.);
#1488 = AXIS2_PLACEMENT_3D('',#1489,#1490,#1491);
#1489 = CARTESIAN_POINT('',(0.,-64.,24.));
#1490 = DIRECTION('',(0.,0.,1.));
#1491 = DIRECTION('',(1.,0.,0.));
#1492 = ORIENTED_EDGE('',*,*,#1493,.T.);
#1493 = EDGE_CURVE('',#1485,#603,#1494,.T.);
#1494 = LINE('',#1495,#1496);
#1495 = CARTESIAN_POINT('',(85.,-115.,24.));
#1496 = VECTOR('',#1497,1.);
#1497 = DIRECTION('',(1.,0.,0.));
#1498 = ORIENTED_EDGE('',*,*,#602,.T.);
#1499 = ORIENTED_EDGE('',*,*,#945,.F.);
#1500 = FACE_BOUND('',#1501,.T.);
#1501 = EDGE_LOOP('',(#1502,#1512,#1520,#1528));
#1502 = ORIENTED_EDGE('',*,*,#1503,.T.);
#1503 = EDGE_CURVE('',#1504,#1506,#1508,.T.);
#1504 = VERTEX_POINT('',#1505);
#1505 = CARTESIAN_POINT('',(119.3,-96.3,24.));
#1506 = VERTEX_POINT('',#1507);
#1507 = CARTESIAN_POINT('',(110.7,-96.3,24.));
#1508 = LINE('',#1509,#1510);
#1509 = CARTESIAN_POINT('',(97.85,-96.3,24.));
#1510 = VECTOR('',#1511,1.);
#1511 = DIRECTION('',(-1.,0.,0.));
#1512 = ORIENTED_EDGE('',*,*,#1513,.T.);
#1513 = EDGE_CURVE('',#1506,#1514,#1516,.T.);
#1514 = VERTEX_POINT('',#1515);
#1515 = CARTESIAN_POINT('',(110.7,-83.7,24.));
#1516 = LINE('',#1517,#1518);
#1517 = CARTESIAN_POINT('',(110.7,-105.65,24.));
#1518 = VECTOR('',#1519,1.);
#1519 = DIRECTION('',(0.,1.,0.));
#1520 = ORIENTED_EDGE('',*,*,#1521,.F.);
#1521 = EDGE_CURVE('',#1522,#1514,#1524,.T.);
#1522 = VERTEX_POINT('',#1523);
#1523 = CARTESIAN_POINT('',(119.3,-83.7,24.));
#1524 = LINE('',#1525,#1526);
#1525 = CARTESIAN_POINT('',(97.85,-83.7,24.));
#1526 = VECTOR('',#1527,1.);
#1527 = DIRECTION('',(-1.,0.,0.));
#1528 = ORIENTED_EDGE('',*,*,#1529,.F.);
#1529 = EDGE_CURVE('',#1504,#1522,#1530,.T.);
#1530 = LINE('',#1531,#1532);
#1531 = CARTESIAN_POINT('',(119.3,-105.65,24.));
#1532 = VECTOR('',#1533,1.);
#1533 = DIRECTION('',(0.,1.,0.));
#1534 = PLANE('',#1535);
#1535 = AXIS2_PLACEMENT_3D('',#1536,#1537,#1538);
#1536 = CARTESIAN_POINT('',(85.,-115.,24.));
#1537 = DIRECTION('',(0.,0.,1.));
#1538 = DIRECTION('',(1.,0.,0.));
#1539 = ADVANCED_FACE('',(#1540),#1574,.F.);
#1540 = FACE_BOUND('',#1541,.F.);
#1541 = EDGE_LOOP('',(#1542,#1550,#1558,#1566,#1572,#1573));
#1542 = ORIENTED_EDGE('',*,*,#1543,.F.);
#1543 = EDGE_CURVE('',#1544,#611,#1546,.T.);
#1544 = VERTEX_POINT('',#1545);
#1545 = CARTESIAN_POINT('',(85.,-115.,4.));
#1546 = LINE('',#1547,#1548);
#1547 = CARTESIAN_POINT('',(85.,-115.,4.));
#1548 = VECTOR('',#1549,1.);
#1549 = DIRECTION('',(1.,0.,0.));
#1550 = ORIENTED_EDGE('',*,*,#1551,.T.);
#1551 = EDGE_CURVE('',#1544,#1552,#1554,.T.);
#1552 = VERTEX_POINT('',#1553);
#1553 = CARTESIAN_POINT('',(85.,-115.,10.));
#1554 = LINE('',#1555,#1556);
#1555 = CARTESIAN_POINT('',(85.,-115.,4.));
#1556 = VECTOR('',#1557,1.);
#1557 = DIRECTION('',(0.,0.,1.));
#1558 = ORIENTED_EDGE('',*,*,#1559,.T.);
#1559 = EDGE_CURVE('',#1552,#1560,#1562,.T.);
#1560 = VERTEX_POINT('',#1561);
#1561 = CARTESIAN_POINT('',(88.334591186013,-115.,10.));
#1562 = LINE('',#1563,#1564);
#1563 = CARTESIAN_POINT('',(42.5,-115.,10.));
#1564 = VECTOR('',#1565,1.);
#1565 = DIRECTION('',(1.,0.,0.));
#1566 = ORIENTED_EDGE('',*,*,#1567,.T.);
#1567 = EDGE_CURVE('',#1560,#1485,#1568,.T.);
#1568 = LINE('',#1569,#1570);
#1569 = CARTESIAN_POINT('',(88.334591186013,-115.,10.));
#1570 = VECTOR('',#1571,1.);
#1571 = DIRECTION('',(0.,0.,1.));
#1572 = ORIENTED_EDGE('',*,*,#1493,.T.);
#1573 = ORIENTED_EDGE('',*,*,#610,.F.);
#1574 = PLANE('',#1575);
#1575 = AXIS2_PLACEMENT_3D('',#1576,#1577,#1578);
#1576 = CARTESIAN_POINT('',(85.,-115.,4.));
#1577 = DIRECTION('',(0.,1.,0.));
#1578 = DIRECTION('',(0.,0.,1.));
#1579 = ADVANCED_FACE('',(#1580),#1623,.T.);
#1580 = FACE_BOUND('',#1581,.T.);
#1581 = EDGE_LOOP('',(#1582,#1583,#1584,#1592,#1600,#1609,#1617));
#1582 = ORIENTED_EDGE('',*,*,#618,.T.);
#1583 = ORIENTED_EDGE('',*,*,#1543,.F.);
#1584 = ORIENTED_EDGE('',*,*,#1585,.T.);
#1585 = EDGE_CURVE('',#1544,#1586,#1588,.T.);
#1586 = VERTEX_POINT('',#1587);
#1587 = CARTESIAN_POINT('',(85.,-87.32521344509,4.));
#1588 = LINE('',#1589,#1590);
#1589 = CARTESIAN_POINT('',(85.,-115.,4.));
#1590 = VECTOR('',#1591,1.);
#1591 = DIRECTION('',(0.,1.,0.));
#1592 = ORIENTED_EDGE('',*,*,#1593,.F.);
#1593 = EDGE_CURVE('',#1594,#1586,#1596,.T.);
#1594 = VERTEX_POINT('',#1595);
#1595 = CARTESIAN_POINT('',(72.186241413227,-84.35059091602,4.));
#1596 = LINE('',#1597,#1598);
#1597 = CARTESIAN_POINT('',(-0.791453975198,-67.40934020085,4.));
#1598 = VECTOR('',#1599,1.);
#1599 = DIRECTION('',(0.974097200243,-0.226129707199,0.));
#1600 = ORIENTED_EDGE('',*,*,#1601,.F.);
#1601 = EDGE_CURVE('',#1602,#1594,#1604,.T.);
#1602 = VERTEX_POINT('',#1603);
#1603 = CARTESIAN_POINT('',(3.500000000001,-138.9182888218,4.));
#1604 = CIRCLE('',#1605,75.);
#1605 = AXIS2_PLACEMENT_3D('',#1606,#1607,#1608);
#1606 = CARTESIAN_POINT('',(0.,-64.,4.));
#1607 = DIRECTION('',(0.,0.,1.));
#1608 = DIRECTION('',(1.,0.,0.));
#1609 = ORIENTED_EDGE('',*,*,#1610,.T.);
#1610 = EDGE_CURVE('',#1602,#1611,#1613,.T.);
#1611 = VERTEX_POINT('',#1612);
#1612 = CARTESIAN_POINT('',(3.5,-139.5,4.));
#1613 = LINE('',#1614,#1615);
#1614 = CARTESIAN_POINT('',(3.5,-64.,4.));
#1615 = VECTOR('',#1616,1.);
#1616 = DIRECTION('',(1.110223024625E-16,-1.,0.));
#1617 = ORIENTED_EDGE('',*,*,#1618,.T.);
#1618 = EDGE_CURVE('',#1611,#619,#1619,.T.);
#1619 = LINE('',#1620,#1621);
#1620 = CARTESIAN_POINT('',(-140.,-139.5,4.));
#1621 = VECTOR('',#1622,1.);
#1622 = DIRECTION('',(1.,0.,0.));
#1623 = PLANE('',#1624);
#1624 = AXIS2_PLACEMENT_3D('',#1625,#1626,#1627);
#1625 = CARTESIAN_POINT('',(-140.,-147.5,4.));
#1626 = DIRECTION('',(0.,0.,1.));
#1627 = DIRECTION('',(1.,0.,0.));
#1628 = ADVANCED_FACE('',(#1629),#1663,.T.);
#1629 = FACE_BOUND('',#1630,.T.);
#1630 = EDGE_LOOP('',(#1631,#1632,#1640,#1648,#1656,#1662));
#1631 = ORIENTED_EDGE('',*,*,#1618,.F.);
#1632 = ORIENTED_EDGE('',*,*,#1633,.T.);
#1633 = EDGE_CURVE('',#1611,#1634,#1636,.T.);
#1634 = VERTEX_POINT('',#1635);
#1635 = CARTESIAN_POINT('',(3.5,-139.5,10.));
#1636 = LINE('',#1637,#1638);
#1637 = CARTESIAN_POINT('',(3.5,-139.5,4.));
#1638 = VECTOR('',#1639,1.);
#1639 = DIRECTION('',(0.,0.,1.));
#1640 = ORIENTED_EDGE('',*,*,#1641,.T.);
#1641 = EDGE_CURVE('',#1634,#1642,#1644,.T.);
#1642 = VERTEX_POINT('',#1643);
#1643 = CARTESIAN_POINT('',(68.583890236702,-139.5,10.));
#1644 = LINE('',#1645,#1646);
#1645 = CARTESIAN_POINT('',(-70.,-139.5,10.));
#1646 = VECTOR('',#1647,1.);
#1647 = DIRECTION('',(1.,0.,0.));
#1648 = ORIENTED_EDGE('',*,*,#1649,.T.);
#1649 = EDGE_CURVE('',#1642,#1650,#1652,.T.);
#1650 = VERTEX_POINT('',#1651);
#1651 = CARTESIAN_POINT('',(68.583890236702,-139.5,14.));
#1652 = LINE('',#1653,#1654);
#1653 = CARTESIAN_POINT('',(68.583890236702,-139.5,10.));
#1654 = VECTOR('',#1655,1.);
#1655 = DIRECTION('',(0.,0.,1.));
#1656 = ORIENTED_EDGE('',*,*,#1657,.T.);
#1657 = EDGE_CURVE('',#1650,#627,#1658,.T.);
#1658 = LINE('',#1659,#1660);
#1659 = CARTESIAN_POINT('',(-140.,-139.5,14.));
#1660 = VECTOR('',#1661,1.);
#1661 = DIRECTION('',(1.,0.,0.));
#1662 = ORIENTED_EDGE('',*,*,#626,.F.);
#1663 = PLANE('',#1664);
#1664 = AXIS2_PLACEMENT_3D('',#1665,#1666,#1667);
#1665 = CARTESIAN_POINT('',(-140.,-139.5,4.));
#1666 = DIRECTION('',(0.,1.,0.));
#1667 = DIRECTION('',(0.,0.,1.));
#1668 = ADVANCED_FACE('',(#1669),#1681,.T.);
#1669 = FACE_BOUND('',#1670,.T.);
#1670 = EDGE_LOOP('',(#1671,#1678,#1679,#1680));
#1671 = ORIENTED_EDGE('',*,*,#1672,.F.);
#1672 = EDGE_CURVE('',#978,#1650,#1673,.T.);
#1673 = CIRCLE('',#1674,102.);
#1674 = AXIS2_PLACEMENT_3D('',#1675,#1676,#1677);
#1675 = CARTESIAN_POINT('',(0.,-64.,14.));
#1676 = DIRECTION('',(0.,0.,1.));
#1677 = DIRECTION('',(1.,0.,0.));
#1678 = ORIENTED_EDGE('',*,*,#977,.T.);
#1679 = ORIENTED_EDGE('',*,*,#634,.T.);
#1680 = ORIENTED_EDGE('',*,*,#1657,.F.);
#1681 = PLANE('',#1682);
#1682 = AXIS2_PLACEMENT_3D('',#1683,#1684,#1685);
#1683 = CARTESIAN_POINT('',(0.,-136.7793566267,14.));
#1684 = DIRECTION('',(0.,0.,1.));
#1685 = DIRECTION('',(1.,0.,0.));
#1686 = ADVANCED_FACE('',(#1687),#1712,.T.);
#1687 = FACE_BOUND('',#1688,.T.);
#1688 = EDGE_LOOP('',(#1689,#1699,#1705,#1706));
#1689 = ORIENTED_EDGE('',*,*,#1690,.F.);
#1690 = EDGE_CURVE('',#1691,#1693,#1695,.T.);
#1691 = VERTEX_POINT('',#1692);
#1692 = CARTESIAN_POINT('',(89.6,102.4,3.6));
#1693 = VERTEX_POINT('',#1694);
#1694 = CARTESIAN_POINT('',(89.6,102.4,8.4));
#1695 = LINE('',#1696,#1697);
#1696 = CARTESIAN_POINT('',(89.6,102.4,3.6));
#1697 = VECTOR('',#1698,1.);
#1698 = DIRECTION('',(0.,0.,1.));
#1699 = ORIENTED_EDGE('',*,*,#1700,.T.);
#1700 = EDGE_CURVE('',#1691,#645,#1701,.T.);
#1701 = LINE('',#1702,#1703);
#1702 = CARTESIAN_POINT('',(89.6,102.4,3.6));
#1703 = VECTOR('',#1704,1.);
#1704 = DIRECTION('',(1.,0.,0.));
#1705 = ORIENTED_EDGE('',*,*,#642,.F.);
#1706 = ORIENTED_EDGE('',*,*,#1707,.F.);
#1707 = EDGE_CURVE('',#1693,#643,#1708,.T.);
#1708 = LINE('',#1709,#1710);
#1709 = CARTESIAN_POINT('',(89.6,102.4,8.4));
#1710 = VECTOR('',#1711,1.);
#1711 = DIRECTION('',(1.,0.,0.));
#1712 = PLANE('',#1713);
#1713 = AXIS2_PLACEMENT_3D('',#1714,#1715,#1716);
#1714 = CARTESIAN_POINT('',(89.6,102.4,3.6));
#1715 = DIRECTION('',(0.,-1.,0.));
#1716 = DIRECTION('',(0.,0.,1.));
#1717 = ADVANCED_FACE('',(#1718,#1736),#1770,.T.);
#1718 = FACE_BOUND('',#1719,.T.);
#1719 = EDGE_LOOP('',(#1720,#1728,#1734,#1735));
#1720 = ORIENTED_EDGE('',*,*,#1721,.F.);
#1721 = EDGE_CURVE('',#1722,#1691,#1724,.T.);
#1722 = VERTEX_POINT('',#1723);
#1723 = CARTESIAN_POINT('',(89.6,77.6,3.6));
#1724 = LINE('',#1725,#1726);
#1725 = CARTESIAN_POINT('',(89.6,77.6,3.6));
#1726 = VECTOR('',#1727,1.);
#1727 = DIRECTION('',(0.,1.,0.));
#1728 = ORIENTED_EDGE('',*,*,#1729,.T.);
#1729 = EDGE_CURVE('',#1722,#653,#1730,.T.);
#1730 = LINE('',#1731,#1732);
#1731 = CARTESIAN_POINT('',(89.6,77.6,3.6));
#1732 = VECTOR('',#1733,1.);
#1733 = DIRECTION('',(1.,0.,0.));
#1734 = ORIENTED_EDGE('',*,*,#652,.F.);
#1735 = ORIENTED_EDGE('',*,*,#1700,.F.);
#1736 = FACE_BOUND('',#1737,.T.);
#1737 = EDGE_LOOP('',(#1738,#1748,#1756,#1764));
#1738 = ORIENTED_EDGE('',*,*,#1739,.T.);
#1739 = EDGE_CURVE('',#1740,#1742,#1744,.T.);
#1740 = VERTEX_POINT('',#1741);
#1741 = CARTESIAN_POINT('',(119.3,83.7,3.6));
#1742 = VERTEX_POINT('',#1743);
#1743 = CARTESIAN_POINT('',(110.7,83.7,3.6));
#1744 = LINE('',#1745,#1746);
#1745 = CARTESIAN_POINT('',(100.15,83.7,3.6));
#1746 = VECTOR('',#1747,1.);
#1747 = DIRECTION('',(-1.,0.,0.));
#1748 = ORIENTED_EDGE('',*,*,#1749,.T.);
#1749 = EDGE_CURVE('',#1742,#1750,#1752,.T.);
#1750 = VERTEX_POINT('',#1751);
#1751 = CARTESIAN_POINT('',(110.7,96.3,3.6));
#1752 = LINE('',#1753,#1754);
#1753 = CARTESIAN_POINT('',(110.7,80.65,3.6));
#1754 = VECTOR('',#1755,1.);
#1755 = DIRECTION('',(0.,1.,0.));
#1756 = ORIENTED_EDGE('',*,*,#1757,.F.);
#1757 = EDGE_CURVE('',#1758,#1750,#1760,.T.);
#1758 = VERTEX_POINT('',#1759);
#1759 = CARTESIAN_POINT('',(119.3,96.3,3.6));
#1760 = LINE('',#1761,#1762);
#1761 = CARTESIAN_POINT('',(100.15,96.3,3.6));
#1762 = VECTOR('',#1763,1.);
#1763 = DIRECTION('',(-1.,0.,0.));
#1764 = ORIENTED_EDGE('',*,*,#1765,.F.);
#1765 = EDGE_CURVE('',#1740,#1758,#1766,.T.);
#1766 = LINE('',#1767,#1768);
#1767 = CARTESIAN_POINT('',(119.3,80.65,3.6));
#1768 = VECTOR('',#1769,1.);
#1769 = DIRECTION('',(0.,1.,0.));
#1770 = PLANE('',#1771);
#1771 = AXIS2_PLACEMENT_3D('',#1772,#1773,#1774);
#1772 = CARTESIAN_POINT('',(89.6,77.6,3.6));
#1773 = DIRECTION('',(0.,0.,1.));
#1774 = DIRECTION('',(0.,1.,0.));
#1775 = ADVANCED_FACE('',(#1776),#1794,.T.);
#1776 = FACE_BOUND('',#1777,.T.);
#1777 = EDGE_LOOP('',(#1778,#1786,#1792,#1793));
#1778 = ORIENTED_EDGE('',*,*,#1779,.F.);
#1779 = EDGE_CURVE('',#1780,#1722,#1782,.T.);
#1780 = VERTEX_POINT('',#1781);
#1781 = CARTESIAN_POINT('',(89.6,77.6,8.4));
#1782 = LINE('',#1783,#1784);
#1783 = CARTESIAN_POINT('',(89.6,77.6,8.4));
#1784 = VECTOR('',#1785,1.);
#1785 = DIRECTION('',(0.,0.,-1.));
#1786 = ORIENTED_EDGE('',*,*,#1787,.T.);
#1787 = EDGE_CURVE('',#1780,#661,#1788,.T.);
#1788 = LINE('',#1789,#1790);
#1789 = CARTESIAN_POINT('',(89.6,77.6,8.4));
#1790 = VECTOR('',#1791,1.);
#1791 = DIRECTION('',(1.,0.,0.));
#1792 = ORIENTED_EDGE('',*,*,#660,.F.);
#1793 = ORIENTED_EDGE('',*,*,#1729,.F.);
#1794 = PLANE('',#1795);
#1795 = AXIS2_PLACEMENT_3D('',#1796,#1797,#1798);
#1796 = CARTESIAN_POINT('',(89.6,77.6,8.4));
#1797 = DIRECTION('',(0.,1.,0.));
#1798 = DIRECTION('',(0.,0.,-1.));
#1799 = ADVANCED_FACE('',(#1800),#1850,.T.);
#1800 = FACE_BOUND('',#1801,.T.);
#1801 = EDGE_LOOP('',(#1802,#1810,#1818,#1826,#1834,#1842,#1848,#1849));
#1802 = ORIENTED_EDGE('',*,*,#1803,.F.);
#1803 = EDGE_CURVE('',#1804,#1780,#1806,.T.);
#1804 = VERTEX_POINT('',#1805);
#1805 = CARTESIAN_POINT('',(89.6,90.,20.4));
#1806 = LINE('',#1807,#1808);
#1807 = CARTESIAN_POINT('',(89.6,90.,20.4));
#1808 = VECTOR('',#1809,1.);
#1809 = DIRECTION('',(0.,-0.718602141767,-0.695421427516));
#1810 = ORIENTED_EDGE('',*,*,#1811,.T.);
#1811 = EDGE_CURVE('',#1804,#1812,#1814,.T.);
#1812 = VERTEX_POINT('',#1813);
#1813 = CARTESIAN_POINT('',(110.7,90.,20.4));
#1814 = LINE('',#1815,#1816);
#1815 = CARTESIAN_POINT('',(89.6,90.,20.4));
#1816 = VECTOR('',#1817,1.);
#1817 = DIRECTION('',(1.,0.,0.));
#1818 = ORIENTED_EDGE('',*,*,#1819,.T.);
#1819 = EDGE_CURVE('',#1812,#1820,#1822,.T.);
#1820 = VERTEX_POINT('',#1821);
#1821 = CARTESIAN_POINT('',(110.7,83.7,14.303225806452));
#1822 = LINE('',#1823,#1824);
#1823 = CARTESIAN_POINT('',(110.7,83.026249328318,13.651209027405));
#1824 = VECTOR('',#1825,1.);
#1825 = DIRECTION('',(0.,-0.718602141767,-0.695421427516));
#1826 = ORIENTED_EDGE('',*,*,#1827,.T.);
#1827 = EDGE_CURVE('',#1820,#1828,#1830,.T.);
#1828 = VERTEX_POINT('',#1829);
#1829 = CARTESIAN_POINT('',(119.3,83.7,14.303225806452));
#1830 = LINE('',#1831,#1832);
#1831 = CARTESIAN_POINT('',(100.15,83.7,14.303225806452));
#1832 = VECTOR('',#1833,1.);
#1833 = DIRECTION('',(1.,0.,0.));
#1834 = ORIENTED_EDGE('',*,*,#1835,.F.);
#1835 = EDGE_CURVE('',#1836,#1828,#1838,.T.);
#1836 = VERTEX_POINT('',#1837);
#1837 = CARTESIAN_POINT('',(119.3,90.,20.4));
#1838 = LINE('',#1839,#1840);
#1839 = CARTESIAN_POINT('',(119.3,83.026249328318,13.651209027405));
#1840 = VECTOR('',#1841,1.);
#1841 = DIRECTION('',(0.,-0.718602141767,-0.695421427516));
#1842 = ORIENTED_EDGE('',*,*,#1843,.T.);
#1843 = EDGE_CURVE('',#1836,#669,#1844,.T.);
#1844 = LINE('',#1845,#1846);
#1845 = CARTESIAN_POINT('',(89.6,90.,20.4));
#1846 = VECTOR('',#1847,1.);
#1847 = DIRECTION('',(1.,0.,0.));
#1848 = ORIENTED_EDGE('',*,*,#668,.F.);
#1849 = ORIENTED_EDGE('',*,*,#1787,.F.);
#1850 = PLANE('',#1851);
#1851 = AXIS2_PLACEMENT_3D('',#1852,#1853,#1854);
#1852 = CARTESIAN_POINT('',(89.6,90.,20.4));
#1853 = DIRECTION('',(0.,0.695421427516,-0.718602141767));
#1854 = DIRECTION('',(0.,-0.718602141767,-0.695421427516));
#1855 = ADVANCED_FACE('',(#1856),#1890,.T.);
#1856 = FACE_BOUND('',#1857,.T.);
#1857 = EDGE_LOOP('',(#1858,#1864,#1865,#1866,#1867,#1875,#1883,#1889));
#1858 = ORIENTED_EDGE('',*,*,#1859,.F.);
#1859 = EDGE_CURVE('',#1693,#1804,#1860,.T.);
#1860 = LINE('',#1861,#1862);
#1861 = CARTESIAN_POINT('',(89.6,102.4,8.4));
#1862 = VECTOR('',#1863,1.);
#1863 = DIRECTION('',(0.,-0.718602141767,0.695421427516));
#1864 = ORIENTED_EDGE('',*,*,#1707,.T.);
#1865 = ORIENTED_EDGE('',*,*,#676,.F.);
#1866 = ORIENTED_EDGE('',*,*,#1843,.F.);
#1867 = ORIENTED_EDGE('',*,*,#1868,.F.);
#1868 = EDGE_CURVE('',#1869,#1836,#1871,.T.);
#1869 = VERTEX_POINT('',#1870);
#1870 = CARTESIAN_POINT('',(119.3,96.3,14.303225806452));
#1871 = LINE('',#1872,#1873);
#1872 = CARTESIAN_POINT('',(119.3,99.920499731327,10.799516389038));
#1873 = VECTOR('',#1874,1.);
#1874 = DIRECTION('',(0.,-0.718602141767,0.695421427516));
#1875 = ORIENTED_EDGE('',*,*,#1876,.F.);
#1876 = EDGE_CURVE('',#1877,#1869,#1879,.T.);
#1877 = VERTEX_POINT('',#1878);
#1878 = CARTESIAN_POINT('',(110.7,96.3,14.303225806452));
#1879 = LINE('',#1880,#1881);
#1880 = CARTESIAN_POINT('',(100.15,96.3,14.303225806452));
#1881 = VECTOR('',#1882,1.);
#1882 = DIRECTION('',(1.,0.,0.));
#1883 = ORIENTED_EDGE('',*,*,#1884,.T.);
#1884 = EDGE_CURVE('',#1877,#1812,#1885,.T.);
#1885 = LINE('',#1886,#1887);
#1886 = CARTESIAN_POINT('',(110.7,99.920499731327,10.799516389038));
#1887 = VECTOR('',#1888,1.);
#1888 = DIRECTION('',(0.,-0.718602141767,0.695421427516));
#1889 = ORIENTED_EDGE('',*,*,#1811,.F.);
#1890 = PLANE('',#1891);
#1891 = AXIS2_PLACEMENT_3D('',#1892,#1893,#1894);
#1892 = CARTESIAN_POINT('',(89.6,102.4,8.4));
#1893 = DIRECTION('',(0.,-0.695421427516,-0.718602141767));
#1894 = DIRECTION('',(0.,-0.718602141767,0.695421427516));
#1895 = ADVANCED_FACE('',(#1896),#1921,.T.);
#1896 = FACE_BOUND('',#1897,.T.);
#1897 = EDGE_LOOP('',(#1898,#1908,#1914,#1915));
#1898 = ORIENTED_EDGE('',*,*,#1899,.F.);
#1899 = EDGE_CURVE('',#1900,#1902,#1904,.T.);
#1900 = VERTEX_POINT('',#1901);
#1901 = CARTESIAN_POINT('',(89.6,-77.6,3.6));
#1902 = VERTEX_POINT('',#1903);
#1903 = CARTESIAN_POINT('',(89.6,-77.6,8.4));
#1904 = LINE('',#1905,#1906);
#1905 = CARTESIAN_POINT('',(89.6,-77.6,3.6));
#1906 = VECTOR('',#1907,1.);
#1907 = DIRECTION('',(0.,0.,1.));
#1908 = ORIENTED_EDGE('',*,*,#1909,.T.);
#1909 = EDGE_CURVE('',#1900,#687,#1910,.T.);
#1910 = LINE('',#1911,#1912);
#1911 = CARTESIAN_POINT('',(89.6,-77.6,3.6));
#1912 = VECTOR('',#1913,1.);
#1913 = DIRECTION('',(1.,0.,0.));
#1914 = ORIENTED_EDGE('',*,*,#684,.F.);
#1915 = ORIENTED_EDGE('',*,*,#1916,.F.);
#1916 = EDGE_CURVE('',#1902,#685,#1917,.T.);
#1917 = LINE('',#1918,#1919);
#1918 = CARTESIAN_POINT('',(89.6,-77.6,8.4));
#1919 = VECTOR('',#1920,1.);
#1920 = DIRECTION('',(1.,0.,0.));
#1921 = PLANE('',#1922);
#1922 = AXIS2_PLACEMENT_3D('',#1923,#1924,#1925);
#1923 = CARTESIAN_POINT('',(89.6,-77.6,3.6));
#1924 = DIRECTION('',(0.,-1.,0.));
#1925 = DIRECTION('',(0.,0.,1.));
#1926 = ADVANCED_FACE('',(#1927,#1945),#1979,.T.);
#1927 = FACE_BOUND('',#1928,.T.);
#1928 = EDGE_LOOP('',(#1929,#1937,#1943,#1944));
#1929 = ORIENTED_EDGE('',*,*,#1930,.F.);
#1930 = EDGE_CURVE('',#1931,#1900,#1933,.T.);
#1931 = VERTEX_POINT('',#1932);
#1932 = CARTESIAN_POINT('',(89.6,-102.4,3.6));
#1933 = LINE('',#1934,#1935);
#1934 = CARTESIAN_POINT('',(89.6,-102.4,3.6));
#1935 = VECTOR('',#1936,1.);
#1936 = DIRECTION('',(0.,1.,0.));
#1937 = ORIENTED_EDGE('',*,*,#1938,.T.);
#1938 = EDGE_CURVE('',#1931,#695,#1939,.T.);
#1939 = LINE('',#1940,#1941);
#1940 = CARTESIAN_POINT('',(89.6,-102.4,3.6));
#1941 = VECTOR('',#1942,1.);
#1942 = DIRECTION('',(1.,0.,0.));
#1943 = ORIENTED_EDGE('',*,*,#694,.F.);
#1944 = ORIENTED_EDGE('',*,*,#1909,.F.);
#1945 = FACE_BOUND('',#1946,.T.);
#1946 = EDGE_LOOP('',(#1947,#1957,#1965,#1973));
#1947 = ORIENTED_EDGE('',*,*,#1948,.T.);
#1948 = EDGE_CURVE('',#1949,#1951,#1953,.T.);
#1949 = VERTEX_POINT('',#1950);
#1950 = CARTESIAN_POINT('',(119.3,-96.3,3.6));
#1951 = VERTEX_POINT('',#1952);
#1952 = CARTESIAN_POINT('',(110.7,-96.3,3.6));
#1953 = LINE('',#1954,#1955);
#1954 = CARTESIAN_POINT('',(100.15,-96.3,3.6));
#1955 = VECTOR('',#1956,1.);
#1956 = DIRECTION('',(-1.,0.,0.));
#1957 = ORIENTED_EDGE('',*,*,#1958,.T.);
#1958 = EDGE_CURVE('',#1951,#1959,#1961,.T.);
#1959 = VERTEX_POINT('',#1960);
#1960 = CARTESIAN_POINT('',(110.7,-83.7,3.6));
#1961 = LINE('',#1962,#1963);
#1962 = CARTESIAN_POINT('',(110.7,-99.35,3.6));
#1963 = VECTOR('',#1964,1.);
#1964 = DIRECTION('',(0.,1.,0.));
#1965 = ORIENTED_EDGE('',*,*,#1966,.F.);
#1966 = EDGE_CURVE('',#1967,#1959,#1969,.T.);
#1967 = VERTEX_POINT('',#1968);
#1968 = CARTESIAN_POINT('',(119.3,-83.7,3.6));
#1969 = LINE('',#1970,#1971);
#1970 = CARTESIAN_POINT('',(100.15,-83.7,3.6));
#1971 = VECTOR('',#1972,1.);
#1972 = DIRECTION('',(-1.,0.,0.));
#1973 = ORIENTED_EDGE('',*,*,#1974,.F.);
#1974 = EDGE_CURVE('',#1949,#1967,#1975,.T.);
#1975 = LINE('',#1976,#1977);
#1976 = CARTESIAN_POINT('',(119.3,-99.35,3.6));
#1977 = VECTOR('',#1978,1.);
#1978 = DIRECTION('',(0.,1.,0.));
#1979 = PLANE('',#1980);
#1980 = AXIS2_PLACEMENT_3D('',#1981,#1982,#1983);
#1981 = CARTESIAN_POINT('',(89.6,-102.4,3.6));
#1982 = DIRECTION('',(0.,0.,1.));
#1983 = DIRECTION('',(0.,1.,0.));
#1984 = ADVANCED_FACE('',(#1985),#2003,.T.);
#1985 = FACE_BOUND('',#1986,.T.);
#1986 = EDGE_LOOP('',(#1987,#1995,#2001,#2002));
#1987 = ORIENTED_EDGE('',*,*,#1988,.F.);
#1988 = EDGE_CURVE('',#1989,#1931,#1991,.T.);
#1989 = VERTEX_POINT('',#1990);
#1990 = CARTESIAN_POINT('',(89.6,-102.4,8.4));
#1991 = LINE('',#1992,#1993);
#1992 = CARTESIAN_POINT('',(89.6,-102.4,8.4));
#1993 = VECTOR('',#1994,1.);
#1994 = DIRECTION('',(0.,0.,-1.));
#1995 = ORIENTED_EDGE('',*,*,#1996,.T.);
#1996 = EDGE_CURVE('',#1989,#703,#1997,.T.);
#1997 = LINE('',#1998,#1999);
#1998 = CARTESIAN_POINT('',(89.6,-102.4,8.4));
#1999 = VECTOR('',#2000,1.);
#2000 = DIRECTION('',(1.,0.,0.));
#2001 = ORIENTED_EDGE('',*,*,#702,.F.);
#2002 = ORIENTED_EDGE('',*,*,#1938,.F.);
#2003 = PLANE('',#2004);
#2004 = AXIS2_PLACEMENT_3D('',#2005,#2006,#2007);
#2005 = CARTESIAN_POINT('',(89.6,-102.4,8.4));
#2006 = DIRECTION('',(0.,1.,0.));
#2007 = DIRECTION('',(0.,0.,-1.));
#2008 = ADVANCED_FACE('',(#2009),#2076,.T.);
#2009 = FACE_BOUND('',#2010,.T.);
#2010 = EDGE_LOOP('',(#2011,#2019,#2027,#2036,#2044,#2052,#2060,#2068,
    #2074,#2075));
#2011 = ORIENTED_EDGE('',*,*,#2012,.F.);
#2012 = EDGE_CURVE('',#2013,#1989,#2015,.T.);
#2013 = VERTEX_POINT('',#2014);
#2014 = CARTESIAN_POINT('',(89.6,-100.7466666666,10.));
#2015 = LINE('',#2016,#2017);
#2016 = CARTESIAN_POINT('',(89.6,-90.,20.4));
#2017 = VECTOR('',#2018,1.);
#2018 = DIRECTION('',(0.,-0.718602141767,-0.695421427516));
#2019 = ORIENTED_EDGE('',*,*,#2020,.T.);
#2020 = EDGE_CURVE('',#2013,#2021,#2023,.T.);
#2021 = VERTEX_POINT('',#2022);
#2022 = CARTESIAN_POINT('',(95.150840715615,-100.7466666666,10.));
#2023 = LINE('',#2024,#2025);
#2024 = CARTESIAN_POINT('',(44.8,-100.7466666666,10.));
#2025 = VECTOR('',#2026,1.);
#2026 = DIRECTION('',(1.,0.,0.));
#2027 = ORIENTED_EDGE('',*,*,#2028,.F.);
#2028 = EDGE_CURVE('',#2029,#2021,#2031,.T.);
#2029 = VERTEX_POINT('',#2030);
#2030 = CARTESIAN_POINT('',(98.630624047504,-90.,20.4));
#2031 = ELLIPSE('',#2032,141.94224324076,102.);
#2032 = AXIS2_PLACEMENT_3D('',#2033,#2034,#2035);
#2033 = CARTESIAN_POINT('',(0.,-64.,45.561290322564));
#2034 = DIRECTION('',(0.,0.695421427516,-0.718602141767));
#2035 = DIRECTION('',(0.,0.718602141767,0.695421427516));
#2036 = ORIENTED_EDGE('',*,*,#2037,.T.);
#2037 = EDGE_CURVE('',#2029,#2038,#2040,.T.);
#2038 = VERTEX_POINT('',#2039);
#2039 = CARTESIAN_POINT('',(110.7,-90.,20.4));
#2040 = LINE('',#2041,#2042);
#2041 = CARTESIAN_POINT('',(89.6,-90.,20.4));
#2042 = VECTOR('',#2043,1.);
#2043 = DIRECTION('',(1.,0.,0.));
#2044 = ORIENTED_EDGE('',*,*,#2045,.T.);
#2045 = EDGE_CURVE('',#2038,#2046,#2048,.T.);
#2046 = VERTEX_POINT('',#2047);
#2047 = CARTESIAN_POINT('',(110.7,-96.3,14.303225806452));
#2048 = LINE('',#2049,#2050);
#2049 = CARTESIAN_POINT('',(110.7,-96.97375067168,13.651209027405));
#2050 = VECTOR('',#2051,1.);
#2051 = DIRECTION('',(0.,-0.718602141767,-0.695421427516));
#2052 = ORIENTED_EDGE('',*,*,#2053,.T.);
#2053 = EDGE_CURVE('',#2046,#2054,#2056,.T.);
#2054 = VERTEX_POINT('',#2055);
#2055 = CARTESIAN_POINT('',(119.3,-96.3,14.303225806452));
#2056 = LINE('',#2057,#2058);
#2057 = CARTESIAN_POINT('',(100.15,-96.3,14.303225806452));
#2058 = VECTOR('',#2059,1.);
#2059 = DIRECTION('',(1.,0.,0.));
#2060 = ORIENTED_EDGE('',*,*,#2061,.F.);
#2061 = EDGE_CURVE('',#2062,#2054,#2064,.T.);
#2062 = VERTEX_POINT('',#2063);
#2063 = CARTESIAN_POINT('',(119.3,-90.,20.4));
#2064 = LINE('',#2065,#2066);
#2065 = CARTESIAN_POINT('',(119.3,-96.97375067168,13.651209027405));
#2066 = VECTOR('',#2067,1.);
#2067 = DIRECTION('',(0.,-0.718602141767,-0.695421427516));
#2068 = ORIENTED_EDGE('',*,*,#2069,.T.);
#2069 = EDGE_CURVE('',#2062,#711,#2070,.T.);
#2070 = LINE('',#2071,#2072);
#2071 = CARTESIAN_POINT('',(89.6,-90.,20.4));
#2072 = VECTOR('',#2073,1.);
#2073 = DIRECTION('',(1.,0.,0.));
#2074 = ORIENTED_EDGE('',*,*,#710,.F.);
#2075 = ORIENTED_EDGE('',*,*,#1996,.F.);
#2076 = PLANE('',#2077);
#2077 = AXIS2_PLACEMENT_3D('',#2078,#2079,#2080);
#2078 = CARTESIAN_POINT('',(89.6,-90.,20.4));
#2079 = DIRECTION('',(0.,0.695421427516,-0.718602141767));
#2080 = DIRECTION('',(0.,-0.718602141767,-0.695421427516));
#2081 = ADVANCED_FACE('',(#2082),#2133,.T.);
#2082 = FACE_BOUND('',#2083,.T.);
#2083 = EDGE_LOOP('',(#2084,#2092,#2093,#2094,#2095,#2103,#2111,#2117,
    #2118,#2127));
#2084 = ORIENTED_EDGE('',*,*,#2085,.F.);
#2085 = EDGE_CURVE('',#1902,#2086,#2088,.T.);
#2086 = VERTEX_POINT('',#2087);
#2087 = CARTESIAN_POINT('',(89.6,-79.25333333333,10.));
#2088 = LINE('',#2089,#2090);
#2089 = CARTESIAN_POINT('',(89.6,-77.6,8.4));
#2090 = VECTOR('',#2091,1.);
#2091 = DIRECTION('',(0.,-0.718602141767,0.695421427516));
#2092 = ORIENTED_EDGE('',*,*,#1916,.T.);
#2093 = ORIENTED_EDGE('',*,*,#718,.F.);
#2094 = ORIENTED_EDGE('',*,*,#2069,.F.);
#2095 = ORIENTED_EDGE('',*,*,#2096,.F.);
#2096 = EDGE_CURVE('',#2097,#2062,#2099,.T.);
#2097 = VERTEX_POINT('',#2098);
#2098 = CARTESIAN_POINT('',(119.3,-83.7,14.303225806452));
#2099 = LINE('',#2100,#2101);
#2100 = CARTESIAN_POINT('',(119.3,-80.07950026867,10.799516389038));
#2101 = VECTOR('',#2102,1.);
#2102 = DIRECTION('',(0.,-0.718602141767,0.695421427516));
#2103 = ORIENTED_EDGE('',*,*,#2104,.F.);
#2104 = EDGE_CURVE('',#2105,#2097,#2107,.T.);
#2105 = VERTEX_POINT('',#2106);
#2106 = CARTESIAN_POINT('',(110.7,-83.7,14.303225806452));
#2107 = LINE('',#2108,#2109);
#2108 = CARTESIAN_POINT('',(100.15,-83.7,14.303225806452));
#2109 = VECTOR('',#2110,1.);
#2110 = DIRECTION('',(1.,0.,0.));
#2111 = ORIENTED_EDGE('',*,*,#2112,.T.);
#2112 = EDGE_CURVE('',#2105,#2038,#2113,.T.);
#2113 = LINE('',#2114,#2115);
#2114 = CARTESIAN_POINT('',(110.7,-80.07950026867,10.799516389038));
#2115 = VECTOR('',#2116,1.);
#2116 = DIRECTION('',(0.,-0.718602141767,0.695421427516));
#2117 = ORIENTED_EDGE('',*,*,#2037,.F.);
#2118 = ORIENTED_EDGE('',*,*,#2119,.F.);
#2119 = EDGE_CURVE('',#2120,#2029,#2122,.T.);
#2120 = VERTEX_POINT('',#2121);
#2121 = CARTESIAN_POINT('',(100.85304071877,-79.25333333333,10.));
#2122 = ELLIPSE('',#2123,141.94224324076,102.);
#2123 = AXIS2_PLACEMENT_3D('',#2124,#2125,#2126);
#2124 = CARTESIAN_POINT('',(0.,-64.,-4.761290322572));
#2125 = DIRECTION('',(-0.,-0.695421427516,-0.718602141767));
#2126 = DIRECTION('',(0.,-0.718602141767,0.695421427516));
#2127 = ORIENTED_EDGE('',*,*,#2128,.T.);
#2128 = EDGE_CURVE('',#2120,#2086,#2129,.T.);
#2129 = LINE('',#2130,#2131);
#2130 = CARTESIAN_POINT('',(44.8,-79.25333333333,10.));
#2131 = VECTOR('',#2132,1.);
#2132 = DIRECTION('',(-1.,0.,0.));
#2133 = PLANE('',#2134);
#2134 = AXIS2_PLACEMENT_3D('',#2135,#2136,#2137);
#2135 = CARTESIAN_POINT('',(89.6,-77.6,8.4));
#2136 = DIRECTION('',(0.,-0.695421427516,-0.718602141767));
#2137 = DIRECTION('',(0.,-0.718602141767,0.695421427516));
#2138 = ADVANCED_FACE('',(#2139),#2145,.F.);
#2139 = FACE_BOUND('',#2140,.F.);
#2140 = EDGE_LOOP('',(#2141,#2142,#2143,#2144));
#2141 = ORIENTED_EDGE('',*,*,#742,.F.);
#2142 = ORIENTED_EDGE('',*,*,#1352,.T.);
#2143 = ORIENTED_EDGE('',*,*,#1410,.T.);
#2144 = ORIENTED_EDGE('',*,*,#1433,.F.);
#2145 = PLANE('',#2146);
#2146 = AXIS2_PLACEMENT_3D('',#2147,#2148,#2149);
#2147 = CARTESIAN_POINT('',(85.,65.,4.));
#2148 = DIRECTION('',(1.,0.,0.));
#2149 = DIRECTION('',(0.,0.,1.));
#2150 = ADVANCED_FACE('',(#2151),#2170,.T.);
#2151 = FACE_BOUND('',#2152,.T.);
#2152 = EDGE_LOOP('',(#2153,#2161,#2168,#2169));
#2153 = ORIENTED_EDGE('',*,*,#2154,.F.);
#2154 = EDGE_CURVE('',#2155,#767,#2157,.T.);
#2155 = VERTEX_POINT('',#2156);
#2156 = CARTESIAN_POINT('',(57.127607331397,20.501103428237,14.));
#2157 = LINE('',#2158,#2159);
#2158 = CARTESIAN_POINT('',(-2.830576295061,-61.94139905813,14.));
#2159 = VECTOR('',#2160,1.);
#2160 = DIRECTION('',(0.588171697675,0.808736084303,0.));
#2161 = ORIENTED_EDGE('',*,*,#2162,.F.);
#2162 = EDGE_CURVE('',#813,#2155,#2163,.T.);
#2163 = CIRCLE('',#2164,102.);
#2164 = AXIS2_PLACEMENT_3D('',#2165,#2166,#2167);
#2165 = CARTESIAN_POINT('',(0.,-64.,14.));
#2166 = DIRECTION('',(0.,0.,1.));
#2167 = DIRECTION('',(1.,0.,0.));
#2168 = ORIENTED_EDGE('',*,*,#820,.T.);
#2169 = ORIENTED_EDGE('',*,*,#766,.T.);
#2170 = PLANE('',#2171);
#2171 = AXIS2_PLACEMENT_3D('',#2172,#2173,#2174);
#2172 = CARTESIAN_POINT('',(2.830576295061,-66.05860094186,14.));
#2173 = DIRECTION('',(0.,0.,1.));
#2174 = DIRECTION('',(0.588171697675,0.808736084303,0.));
#2175 = ADVANCED_FACE('',(#2176),#2211,.T.);
#2176 = FACE_BOUND('',#2177,.T.);
#2177 = EDGE_LOOP('',(#2178,#2186,#2194,#2202,#2208,#2209,#2210));
#2178 = ORIENTED_EDGE('',*,*,#2179,.T.);
#2179 = EDGE_CURVE('',#1337,#2180,#2182,.T.);
#2180 = VERTEX_POINT('',#2181);
#2181 = CARTESIAN_POINT('',(41.234240828219,-1.352275513627,8.8));
#2182 = LINE('',#2183,#2184);
#2183 = CARTESIAN_POINT('',(41.234240828219,-1.352275513627,4.));
#2184 = VECTOR('',#2185,1.);
#2185 = DIRECTION('',(0.,0.,1.));
#2186 = ORIENTED_EDGE('',*,*,#2187,.T.);
#2187 = EDGE_CURVE('',#2180,#2188,#2190,.T.);
#2188 = VERTEX_POINT('',#2189);
#2189 = CARTESIAN_POINT('',(41.234240828219,-1.352275513627,10.));
#2190 = LINE('',#2191,#2192);
#2191 = CARTESIAN_POINT('',(41.234240828219,-1.352275513627,4.));
#2192 = VECTOR('',#2193,1.);
#2193 = DIRECTION('',(0.,0.,1.));
#2194 = ORIENTED_EDGE('',*,*,#2195,.T.);
#2195 = EDGE_CURVE('',#2188,#2196,#2198,.T.);
#2196 = VERTEX_POINT('',#2197);
#2197 = CARTESIAN_POINT('',(57.127607331397,20.501103428237,10.));
#2198 = LINE('',#2199,#2200);
#2199 = CARTESIAN_POINT('',(-2.830576295063,-61.94139905813,10.));
#2200 = VECTOR('',#2201,1.);
#2201 = DIRECTION('',(0.588171697675,0.808736084303,0.));
#2202 = ORIENTED_EDGE('',*,*,#2203,.T.);
#2203 = EDGE_CURVE('',#2196,#2155,#2204,.T.);
#2204 = LINE('',#2205,#2206);
#2205 = CARTESIAN_POINT('',(57.127607331397,20.501103428237,10.));
#2206 = VECTOR('',#2207,1.);
#2207 = DIRECTION('',(0.,0.,1.));
#2208 = ORIENTED_EDGE('',*,*,#2154,.T.);
#2209 = ORIENTED_EDGE('',*,*,#774,.T.);
#2210 = ORIENTED_EDGE('',*,*,#1345,.F.);
#2211 = PLANE('',#2212);
#2212 = AXIS2_PLACEMENT_3D('',#2213,#2214,#2215);
#2213 = CARTESIAN_POINT('',(-2.830576295061,-61.94139905813,4.));
#2214 = DIRECTION('',(-0.808736084303,0.588171697675,0.));
#2215 = DIRECTION('',(0.,0.,1.));
#2216 = ADVANCED_FACE('',(#2217),#2235,.F.);
#2217 = FACE_BOUND('',#2218,.F.);
#2218 = EDGE_LOOP('',(#2219,#2226,#2227,#2234));
#2219 = ORIENTED_EDGE('',*,*,#2220,.F.);
#2220 = EDGE_CURVE('',#797,#2188,#2221,.T.);
#2221 = CIRCLE('',#2222,75.);
#2222 = AXIS2_PLACEMENT_3D('',#2223,#2224,#2225);
#2223 = CARTESIAN_POINT('',(0.,-64.,10.));
#2224 = DIRECTION('',(0.,0.,1.));
#2225 = DIRECTION('',(1.,0.,-0.));
#2226 = ORIENTED_EDGE('',*,*,#796,.F.);
#2227 = ORIENTED_EDGE('',*,*,#2228,.T.);
#2228 = EDGE_CURVE('',#789,#2180,#2229,.T.);
#2229 = CIRCLE('',#2230,75.);
#2230 = AXIS2_PLACEMENT_3D('',#2231,#2232,#2233);
#2231 = CARTESIAN_POINT('',(0.,-64.,8.8));
#2232 = DIRECTION('',(0.,0.,1.));
#2233 = DIRECTION('',(1.,0.,-0.));
#2234 = ORIENTED_EDGE('',*,*,#2187,.T.);
#2235 = CYLINDRICAL_SURFACE('',#2236,75.);
#2236 = AXIS2_PLACEMENT_3D('',#2237,#2238,#2239);
#2237 = CARTESIAN_POINT('',(0.,-64.,8.8));
#2238 = DIRECTION('',(0.,0.,1.));
#2239 = DIRECTION('',(1.,0.,-0.));
#2240 = ADVANCED_FACE('',(#2241),#2253,.T.);
#2241 = FACE_BOUND('',#2242,.T.);
#2242 = EDGE_LOOP('',(#2243,#2244,#2245,#2246));
#2243 = ORIENTED_EDGE('',*,*,#2195,.F.);
#2244 = ORIENTED_EDGE('',*,*,#2220,.F.);
#2245 = ORIENTED_EDGE('',*,*,#804,.T.);
#2246 = ORIENTED_EDGE('',*,*,#2247,.T.);
#2247 = EDGE_CURVE('',#805,#2196,#2248,.T.);
#2248 = CIRCLE('',#2249,102.);
#2249 = AXIS2_PLACEMENT_3D('',#2250,#2251,#2252);
#2250 = CARTESIAN_POINT('',(0.,-64.,10.));
#2251 = DIRECTION('',(0.,0.,1.));
#2252 = DIRECTION('',(1.,0.,0.));
#2253 = PLANE('',#2254);
#2254 = AXIS2_PLACEMENT_3D('',#2255,#2256,#2257);
#2255 = CARTESIAN_POINT('',(3.030691199925E-02,-72.10258691561,10.));
#2256 = DIRECTION('',(0.,0.,1.));
#2257 = DIRECTION('',(1.,0.,0.));
#2258 = ADVANCED_FACE('',(#2259),#2265,.F.);
#2259 = FACE_BOUND('',#2260,.F.);
#2260 = EDGE_LOOP('',(#2261,#2262,#2263,#2264));
#2261 = ORIENTED_EDGE('',*,*,#812,.F.);
#2262 = ORIENTED_EDGE('',*,*,#2247,.T.);
#2263 = ORIENTED_EDGE('',*,*,#2203,.T.);
#2264 = ORIENTED_EDGE('',*,*,#2162,.F.);
#2265 = CYLINDRICAL_SURFACE('',#2266,102.);
#2266 = AXIS2_PLACEMENT_3D('',#2267,#2268,#2269);
#2267 = CARTESIAN_POINT('',(0.,-64.,10.));
#2268 = DIRECTION('',(0.,0.,1.));
#2269 = DIRECTION('',(1.,0.,0.));
#2270 = ADVANCED_FACE('',(#2271,#2364),#2483,.T.);
#2271 = FACE_BOUND('',#2272,.T.);
#2272 = EDGE_LOOP('',(#2273,#2274,#2275,#2284,#2293,#2302,#2311,#2320,
    #2329,#2338,#2347,#2356,#2363));
#2273 = ORIENTED_EDGE('',*,*,#839,.T.);
#2274 = ORIENTED_EDGE('',*,*,#2228,.T.);
#2275 = ORIENTED_EDGE('',*,*,#2276,.T.);
#2276 = EDGE_CURVE('',#2180,#2277,#2279,.T.);
#2277 = VERTEX_POINT('',#2278);
#2278 = CARTESIAN_POINT('',(3.499999999999,10.918288821889,8.8));
#2279 = CIRCLE('',#2280,75.);
#2280 = AXIS2_PLACEMENT_3D('',#2281,#2282,#2283);
#2281 = CARTESIAN_POINT('',(0.,-64.,8.8));
#2282 = DIRECTION('',(0.,0.,1.));
#2283 = DIRECTION('',(1.,0.,-0.));
#2284 = ORIENTED_EDGE('',*,*,#2285,.T.);
#2285 = EDGE_CURVE('',#2277,#2286,#2288,.T.);
#2286 = VERTEX_POINT('',#2287);
#2287 = CARTESIAN_POINT('',(-3.5,10.918288821889,8.8));
#2288 = CIRCLE('',#2289,75.);
#2289 = AXIS2_PLACEMENT_3D('',#2290,#2291,#2292);
#2290 = CARTESIAN_POINT('',(0.,-64.,8.8));
#2291 = DIRECTION('',(0.,0.,1.));
#2292 = DIRECTION('',(1.,0.,-0.));
#2293 = ORIENTED_EDGE('',*,*,#2294,.T.);
#2294 = EDGE_CURVE('',#2286,#2295,#2297,.T.);
#2295 = VERTEX_POINT('',#2296);
#2296 = CARTESIAN_POINT('',(-41.23424082821,-1.352275513625,8.8));
#2297 = CIRCLE('',#2298,75.);
#2298 = AXIS2_PLACEMENT_3D('',#2299,#2300,#2301);
#2299 = CARTESIAN_POINT('',(0.,-64.,8.8));
#2300 = DIRECTION('',(0.,0.,1.));
#2301 = DIRECTION('',(1.,0.,-0.));
#2302 = ORIENTED_EDGE('',*,*,#2303,.T.);
#2303 = EDGE_CURVE('',#2295,#2304,#2306,.T.);
#2304 = VERTEX_POINT('',#2305);
#2305 = CARTESIAN_POINT('',(-46.89539341834,-5.469477397352,8.8));
#2306 = CIRCLE('',#2307,75.);
#2307 = AXIS2_PLACEMENT_3D('',#2308,#2309,#2310);
#2308 = CARTESIAN_POINT('',(0.,-64.,8.8));
#2309 = DIRECTION('',(0.,0.,1.));
#2310 = DIRECTION('',(1.,0.,-0.));
#2311 = ORIENTED_EDGE('',*,*,#2312,.T.);
#2312 = EDGE_CURVE('',#2304,#2313,#2315,.T.);
#2313 = VERTEX_POINT('',#2314);
#2314 = CARTESIAN_POINT('',(-73.76914936362,-77.53191051431,8.8));
#2315 = CIRCLE('',#2316,75.);
#2316 = AXIS2_PLACEMENT_3D('',#2317,#2318,#2319);
#2317 = CARTESIAN_POINT('',(0.,-64.,8.8));
#2318 = DIRECTION('',(0.,0.,1.));
#2319 = DIRECTION('',(1.,0.,-0.));
#2320 = ORIENTED_EDGE('',*,*,#2321,.T.);
#2321 = EDGE_CURVE('',#2313,#2322,#2324,.T.);
#2322 = VERTEX_POINT('',#2323);
#2323 = CARTESIAN_POINT('',(-72.18624141322,-84.35059091602,8.8));
#2324 = CIRCLE('',#2325,75.);
#2325 = AXIS2_PLACEMENT_3D('',#2326,#2327,#2328);
#2326 = CARTESIAN_POINT('',(0.,-64.,8.8));
#2327 = DIRECTION('',(0.,0.,1.));
#2328 = DIRECTION('',(1.,0.,-0.));
#2329 = ORIENTED_EDGE('',*,*,#2330,.T.);
#2330 = EDGE_CURVE('',#2322,#2331,#2333,.T.);
#2331 = VERTEX_POINT('',#2332);
#2332 = CARTESIAN_POINT('',(-3.500000000003,-138.9182888218,8.8));
#2333 = CIRCLE('',#2334,75.);
#2334 = AXIS2_PLACEMENT_3D('',#2335,#2336,#2337);
#2335 = CARTESIAN_POINT('',(0.,-64.,8.8));
#2336 = DIRECTION('',(0.,0.,1.));
#2337 = DIRECTION('',(1.,0.,-0.));
#2338 = ORIENTED_EDGE('',*,*,#2339,.T.);
#2339 = EDGE_CURVE('',#2331,#2340,#2342,.T.);
#2340 = VERTEX_POINT('',#2341);
#2341 = CARTESIAN_POINT('',(3.500000000002,-138.9182888218,8.8));
#2342 = CIRCLE('',#2343,75.);
#2343 = AXIS2_PLACEMENT_3D('',#2344,#2345,#2346);
#2344 = CARTESIAN_POINT('',(0.,-64.,8.8));
#2345 = DIRECTION('',(0.,0.,1.));
#2346 = DIRECTION('',(1.,0.,-0.));
#2347 = ORIENTED_EDGE('',*,*,#2348,.T.);
#2348 = EDGE_CURVE('',#2340,#2349,#2351,.T.);
#2349 = VERTEX_POINT('',#2350);
#2350 = CARTESIAN_POINT('',(72.186241413227,-84.35059091602,8.8));
#2351 = CIRCLE('',#2352,75.);
#2352 = AXIS2_PLACEMENT_3D('',#2353,#2354,#2355);
#2353 = CARTESIAN_POINT('',(0.,-64.,8.8));
#2354 = DIRECTION('',(0.,0.,1.));
#2355 = DIRECTION('',(1.,0.,-0.));
#2356 = ORIENTED_EDGE('',*,*,#2357,.T.);
#2357 = EDGE_CURVE('',#2349,#849,#2358,.T.);
#2358 = CIRCLE('',#2359,75.);
#2359 = AXIS2_PLACEMENT_3D('',#2360,#2361,#2362);
#2360 = CARTESIAN_POINT('',(0.,-64.,8.8));
#2361 = DIRECTION('',(0.,0.,1.));
#2362 = DIRECTION('',(1.,0.,-0.));
#2363 = ORIENTED_EDGE('',*,*,#848,.T.);
#2364 = FACE_BOUND('',#2365,.T.);
#2365 = EDGE_LOOP('',(#2366,#2377,#2386,#2395,#2404,#2413,#2422,#2431,
    #2440,#2449,#2458,#2467,#2476));
#2366 = ORIENTED_EDGE('',*,*,#2367,.F.);
#2367 = EDGE_CURVE('',#2368,#2370,#2372,.T.);
#2368 = VERTEX_POINT('',#2369);
#2369 = CARTESIAN_POINT('',(40.,-64.,8.8));
#2370 = VERTEX_POINT('',#2371);
#2371 = CARTESIAN_POINT('',(26.267207360034,-33.83323322752,8.8));
#2372 = CIRCLE('',#2373,40.);
#2373 = AXIS2_PLACEMENT_3D('',#2374,#2375,#2376);
#2374 = CARTESIAN_POINT('',(0.,-64.,8.8));
#2375 = DIRECTION('',(0.,0.,1.));
#2376 = DIRECTION('',(1.,0.,-0.));
#2377 = ORIENTED_EDGE('',*,*,#2378,.F.);
#2378 = EDGE_CURVE('',#2379,#2368,#2381,.T.);
#2379 = VERTEX_POINT('',#2380);
#2380 = CARTESIAN_POINT('',(39.605896754013,-69.60115544423,8.8));
#2381 = CIRCLE('',#2382,40.);
#2382 = AXIS2_PLACEMENT_3D('',#2383,#2384,#2385);
#2383 = CARTESIAN_POINT('',(0.,-64.,8.8));
#2384 = DIRECTION('',(0.,0.,1.));
#2385 = DIRECTION('',(1.,0.,-0.));
#2386 = ORIENTED_EDGE('',*,*,#2387,.F.);
#2387 = EDGE_CURVE('',#2388,#2379,#2390,.T.);
#2388 = VERTEX_POINT('',#2389);
#2389 = CARTESIAN_POINT('',(38.022988803619,-76.41983584593,8.8));
#2390 = CIRCLE('',#2391,40.);
#2391 = AXIS2_PLACEMENT_3D('',#2392,#2393,#2394);
#2392 = CARTESIAN_POINT('',(0.,-64.,8.8));
#2393 = DIRECTION('',(0.,0.,1.));
#2394 = DIRECTION('',(1.,0.,-0.));
#2395 = ORIENTED_EDGE('',*,*,#2396,.F.);
#2396 = EDGE_CURVE('',#2397,#2388,#2399,.T.);
#2397 = VERTEX_POINT('',#2398);
#2398 = CARTESIAN_POINT('',(3.500000000005,-103.8465807817,8.8));
#2399 = CIRCLE('',#2400,40.);
#2400 = AXIS2_PLACEMENT_3D('',#2401,#2402,#2403);
#2401 = CARTESIAN_POINT('',(0.,-64.,8.8));
#2402 = DIRECTION('',(0.,0.,1.));
#2403 = DIRECTION('',(1.,0.,-0.));
#2404 = ORIENTED_EDGE('',*,*,#2405,.F.);
#2405 = EDGE_CURVE('',#2406,#2397,#2408,.T.);
#2406 = VERTEX_POINT('',#2407);
#2407 = CARTESIAN_POINT('',(-3.500000000004,-103.8465807817,8.8));
#2408 = CIRCLE('',#2409,40.);
#2409 = AXIS2_PLACEMENT_3D('',#2410,#2411,#2412);
#2410 = CARTESIAN_POINT('',(0.,-64.,8.8));
#2411 = DIRECTION('',(0.,0.,1.));
#2412 = DIRECTION('',(1.,0.,-0.));
#2413 = ORIENTED_EDGE('',*,*,#2414,.F.);
#2414 = EDGE_CURVE('',#2415,#2406,#2417,.T.);
#2415 = VERTEX_POINT('',#2416);
#2416 = CARTESIAN_POINT('',(-38.02298880361,-76.41983584593,8.8));
#2417 = CIRCLE('',#2418,40.);
#2418 = AXIS2_PLACEMENT_3D('',#2419,#2420,#2421);
#2419 = CARTESIAN_POINT('',(0.,-64.,8.8));
#2420 = DIRECTION('',(0.,0.,1.));
#2421 = DIRECTION('',(1.,0.,-0.));
#2422 = ORIENTED_EDGE('',*,*,#2423,.F.);
#2423 = EDGE_CURVE('',#2424,#2415,#2426,.T.);
#2424 = VERTEX_POINT('',#2425);
#2425 = CARTESIAN_POINT('',(-39.60589675401,-69.60115544423,8.8));
#2426 = CIRCLE('',#2427,40.);
#2427 = AXIS2_PLACEMENT_3D('',#2428,#2429,#2430);
#2428 = CARTESIAN_POINT('',(0.,-64.,8.8));
#2429 = DIRECTION('',(0.,0.,1.));
#2430 = DIRECTION('',(1.,0.,-0.));
#2431 = ORIENTED_EDGE('',*,*,#2432,.F.);
#2432 = EDGE_CURVE('',#2433,#2424,#2435,.T.);
#2433 = VERTEX_POINT('',#2434);
#2434 = CARTESIAN_POINT('',(-26.26720736003,-33.83323322752,8.8));
#2435 = CIRCLE('',#2436,40.);
#2436 = AXIS2_PLACEMENT_3D('',#2437,#2438,#2439);
#2437 = CARTESIAN_POINT('',(0.,-64.,8.8));
#2438 = DIRECTION('',(0.,0.,1.));
#2439 = DIRECTION('',(1.,0.,-0.));
#2440 = ORIENTED_EDGE('',*,*,#2441,.F.);
#2441 = EDGE_CURVE('',#2442,#2433,#2444,.T.);
#2442 = VERTEX_POINT('',#2443);
#2443 = CARTESIAN_POINT('',(-20.6060547699,-29.71603134379,8.8));
#2444 = CIRCLE('',#2445,40.);
#2445 = AXIS2_PLACEMENT_3D('',#2446,#2447,#2448);
#2446 = CARTESIAN_POINT('',(0.,-64.,8.8));
#2447 = DIRECTION('',(0.,0.,1.));
#2448 = DIRECTION('',(1.,0.,-0.));
#2449 = ORIENTED_EDGE('',*,*,#2450,.F.);
#2450 = EDGE_CURVE('',#2451,#2442,#2453,.T.);
#2451 = VERTEX_POINT('',#2452);
#2452 = CARTESIAN_POINT('',(-3.5,-24.1534192182,8.8));
#2453 = CIRCLE('',#2454,40.);
#2454 = AXIS2_PLACEMENT_3D('',#2455,#2456,#2457);
#2455 = CARTESIAN_POINT('',(0.,-64.,8.8));
#2456 = DIRECTION('',(0.,0.,1.));
#2457 = DIRECTION('',(1.,0.,-0.));
#2458 = ORIENTED_EDGE('',*,*,#2459,.F.);
#2459 = EDGE_CURVE('',#2460,#2451,#2462,.T.);
#2460 = VERTEX_POINT('',#2461);
#2461 = CARTESIAN_POINT('',(3.5,-24.1534192182,8.8));
#2462 = CIRCLE('',#2463,40.);
#2463 = AXIS2_PLACEMENT_3D('',#2464,#2465,#2466);
#2464 = CARTESIAN_POINT('',(0.,-64.,8.8));
#2465 = DIRECTION('',(0.,0.,1.));
#2466 = DIRECTION('',(1.,0.,-0.));
#2467 = ORIENTED_EDGE('',*,*,#2468,.F.);
#2468 = EDGE_CURVE('',#2469,#2460,#2471,.T.);
#2469 = VERTEX_POINT('',#2470);
#2470 = CARTESIAN_POINT('',(20.60605476991,-29.71603134379,8.8));
#2471 = CIRCLE('',#2472,40.);
#2472 = AXIS2_PLACEMENT_3D('',#2473,#2474,#2475);
#2473 = CARTESIAN_POINT('',(0.,-64.,8.8));
#2474 = DIRECTION('',(0.,0.,1.));
#2475 = DIRECTION('',(1.,0.,-0.));
#2476 = ORIENTED_EDGE('',*,*,#2477,.F.);
#2477 = EDGE_CURVE('',#2370,#2469,#2478,.T.);
#2478 = CIRCLE('',#2479,40.);
#2479 = AXIS2_PLACEMENT_3D('',#2480,#2481,#2482);
#2480 = CARTESIAN_POINT('',(0.,-64.,8.8));
#2481 = DIRECTION('',(0.,0.,1.));
#2482 = DIRECTION('',(1.,0.,-0.));
#2483 = PLANE('',#2484);
#2484 = AXIS2_PLACEMENT_3D('',#2485,#2486,#2487);
#2485 = CARTESIAN_POINT('',(0.,-64.,8.8));
#2486 = DIRECTION('',(0.,0.,1.));
#2487 = DIRECTION('',(1.,0.,-0.));
#2488 = ADVANCED_FACE('',(#2489),#2508,.F.);
#2489 = FACE_BOUND('',#2490,.F.);
#2490 = EDGE_LOOP('',(#2491,#2492,#2501,#2507));
#2491 = ORIENTED_EDGE('',*,*,#872,.T.);
#2492 = ORIENTED_EDGE('',*,*,#2493,.F.);
#2493 = EDGE_CURVE('',#2494,#873,#2496,.T.);
#2494 = VERTEX_POINT('',#2495);
#2495 = CARTESIAN_POINT('',(72.186241413227,-84.35059091602,10.));
#2496 = CIRCLE('',#2497,75.);
#2497 = AXIS2_PLACEMENT_3D('',#2498,#2499,#2500);
#2498 = CARTESIAN_POINT('',(0.,-64.,10.));
#2499 = DIRECTION('',(0.,0.,1.));
#2500 = DIRECTION('',(1.,0.,-0.));
#2501 = ORIENTED_EDGE('',*,*,#2502,.F.);
#2502 = EDGE_CURVE('',#2349,#2494,#2503,.T.);
#2503 = LINE('',#2504,#2505);
#2504 = CARTESIAN_POINT('',(72.186241413227,-84.35059091602,4.));
#2505 = VECTOR('',#2506,1.);
#2506 = DIRECTION('',(0.,0.,1.));
#2507 = ORIENTED_EDGE('',*,*,#2357,.T.);
#2508 = CYLINDRICAL_SURFACE('',#2509,75.);
#2509 = AXIS2_PLACEMENT_3D('',#2510,#2511,#2512);
#2510 = CARTESIAN_POINT('',(0.,-64.,8.8));
#2511 = DIRECTION('',(0.,0.,1.));
#2512 = DIRECTION('',(1.,0.,-0.));
#2513 = ADVANCED_FACE('',(#2514),#2557,.T.);
#2514 = FACE_BOUND('',#2515,.T.);
#2515 = EDGE_LOOP('',(#2516,#2517,#2518,#2526,#2532,#2533,#2540,#2541,
    #2547,#2548,#2555,#2556));
#2516 = ORIENTED_EDGE('',*,*,#880,.F.);
#2517 = ORIENTED_EDGE('',*,*,#2493,.F.);
#2518 = ORIENTED_EDGE('',*,*,#2519,.T.);
#2519 = EDGE_CURVE('',#2494,#2520,#2522,.T.);
#2520 = VERTEX_POINT('',#2521);
#2521 = CARTESIAN_POINT('',(85.,-87.32521344509,10.));
#2522 = LINE('',#2523,#2524);
#2523 = CARTESIAN_POINT('',(-0.791453975197,-67.40934020085,10.));
#2524 = VECTOR('',#2525,1.);
#2525 = DIRECTION('',(0.974097200243,-0.226129707199,0.));
#2526 = ORIENTED_EDGE('',*,*,#2527,.T.);
#2527 = EDGE_CURVE('',#2520,#1552,#2528,.T.);
#2528 = LINE('',#2529,#2530);
#2529 = CARTESIAN_POINT('',(85.,-89.5,10.));
#2530 = VECTOR('',#2531,1.);
#2531 = DIRECTION('',(0.,-1.,0.));
#2532 = ORIENTED_EDGE('',*,*,#1559,.T.);
#2533 = ORIENTED_EDGE('',*,*,#2534,.T.);
#2534 = EDGE_CURVE('',#1560,#2021,#2535,.T.);
#2535 = CIRCLE('',#2536,102.);
#2536 = AXIS2_PLACEMENT_3D('',#2537,#2538,#2539);
#2537 = CARTESIAN_POINT('',(0.,-64.,10.));
#2538 = DIRECTION('',(0.,0.,1.));
#2539 = DIRECTION('',(1.,0.,0.));
#2540 = ORIENTED_EDGE('',*,*,#2020,.F.);
#2541 = ORIENTED_EDGE('',*,*,#2542,.F.);
#2542 = EDGE_CURVE('',#2086,#2013,#2543,.T.);
#2543 = LINE('',#2544,#2545);
#2544 = CARTESIAN_POINT('',(89.6,-77.,10.));
#2545 = VECTOR('',#2546,1.);
#2546 = DIRECTION('',(0.,-1.,0.));
#2547 = ORIENTED_EDGE('',*,*,#2128,.F.);
#2548 = ORIENTED_EDGE('',*,*,#2549,.T.);
#2549 = EDGE_CURVE('',#2120,#930,#2550,.T.);
#2550 = CIRCLE('',#2551,102.);
#2551 = AXIS2_PLACEMENT_3D('',#2552,#2553,#2554);
#2552 = CARTESIAN_POINT('',(0.,-64.,10.));
#2553 = DIRECTION('',(0.,0.,1.));
#2554 = DIRECTION('',(1.,0.,0.));
#2555 = ORIENTED_EDGE('',*,*,#929,.F.);
#2556 = ORIENTED_EDGE('',*,*,#911,.T.);
#2557 = PLANE('',#2558);
#2558 = AXIS2_PLACEMENT_3D('',#2559,#2560,#2561);
#2559 = CARTESIAN_POINT('',(3.030691199925E-02,-72.10258691561,10.));
#2560 = DIRECTION('',(0.,0.,1.));
#2561 = DIRECTION('',(1.,0.,0.));
#2562 = ADVANCED_FACE('',(#2563),#2572,.F.);
#2563 = FACE_BOUND('',#2564,.F.);
#2564 = EDGE_LOOP('',(#2565,#2566,#2567,#2568,#2569,#2570,#2571));
#2565 = ORIENTED_EDGE('',*,*,#2549,.T.);
#2566 = ORIENTED_EDGE('',*,*,#937,.T.);
#2567 = ORIENTED_EDGE('',*,*,#1484,.F.);
#2568 = ORIENTED_EDGE('',*,*,#1567,.F.);
#2569 = ORIENTED_EDGE('',*,*,#2534,.T.);
#2570 = ORIENTED_EDGE('',*,*,#2028,.F.);
#2571 = ORIENTED_EDGE('',*,*,#2119,.F.);
#2572 = CYLINDRICAL_SURFACE('',#2573,102.);
#2573 = AXIS2_PLACEMENT_3D('',#2574,#2575,#2576);
#2574 = CARTESIAN_POINT('',(0.,-64.,10.));
#2575 = DIRECTION('',(0.,0.,1.));
#2576 = DIRECTION('',(1.,0.,0.));
#2577 = ADVANCED_FACE('',(#2578,#2678,#2720),#2762,.T.);
#2578 = FACE_BOUND('',#2579,.T.);
#2579 = EDGE_LOOP('',(#2580,#2581,#2589,#2597,#2605,#2613,#2621,#2629,
    #2637,#2645,#2653,#2661,#2669,#2675,#2676,#2677));
#2580 = ORIENTED_EDGE('',*,*,#960,.T.);
#2581 = ORIENTED_EDGE('',*,*,#2582,.T.);
#2582 = EDGE_CURVE('',#963,#2583,#2585,.T.);
#2583 = VERTEX_POINT('',#2584);
#2584 = CARTESIAN_POINT('',(-140.,-139.5,14.));
#2585 = LINE('',#2586,#2587);
#2586 = CARTESIAN_POINT('',(-140.,-147.5,14.));
#2587 = VECTOR('',#2588,1.);
#2588 = DIRECTION('',(0.,1.,0.));
#2589 = ORIENTED_EDGE('',*,*,#2590,.F.);
#2590 = EDGE_CURVE('',#2591,#2583,#2593,.T.);
#2591 = VERTEX_POINT('',#2592);
#2592 = CARTESIAN_POINT('',(-140.,-139.5,4.));
#2593 = LINE('',#2594,#2595);
#2594 = CARTESIAN_POINT('',(-140.,-139.5,4.));
#2595 = VECTOR('',#2596,1.);
#2596 = DIRECTION('',(0.,0.,1.));
#2597 = ORIENTED_EDGE('',*,*,#2598,.T.);
#2598 = EDGE_CURVE('',#2591,#2599,#2601,.T.);
#2599 = VERTEX_POINT('',#2600);
#2600 = CARTESIAN_POINT('',(-140.,-115.,4.));
#2601 = LINE('',#2602,#2603);
#2602 = CARTESIAN_POINT('',(-140.,-147.5,4.));
#2603 = VECTOR('',#2604,1.);
#2604 = DIRECTION('',(0.,1.,0.));
#2605 = ORIENTED_EDGE('',*,*,#2606,.T.);
#2606 = EDGE_CURVE('',#2599,#2607,#2609,.T.);
#2607 = VERTEX_POINT('',#2608);
#2608 = CARTESIAN_POINT('',(-140.,-115.,24.));
#2609 = LINE('',#2610,#2611);
#2610 = CARTESIAN_POINT('',(-140.,-115.,4.));
#2611 = VECTOR('',#2612,1.);
#2612 = DIRECTION('',(0.,0.,1.));
#2613 = ORIENTED_EDGE('',*,*,#2614,.T.);
#2614 = EDGE_CURVE('',#2607,#2615,#2617,.T.);
#2615 = VERTEX_POINT('',#2616);
#2616 = CARTESIAN_POINT('',(-140.,-65.,24.));
#2617 = LINE('',#2618,#2619);
#2618 = CARTESIAN_POINT('',(-140.,-115.,24.));
#2619 = VECTOR('',#2620,1.);
#2620 = DIRECTION('',(0.,1.,0.));
#2621 = ORIENTED_EDGE('',*,*,#2622,.F.);
#2622 = EDGE_CURVE('',#2623,#2615,#2625,.T.);
#2623 = VERTEX_POINT('',#2624);
#2624 = CARTESIAN_POINT('',(-140.,-65.,4.));
#2625 = LINE('',#2626,#2627);
#2626 = CARTESIAN_POINT('',(-140.,-65.,4.));
#2627 = VECTOR('',#2628,1.);
#2628 = DIRECTION('',(0.,0.,1.));
#2629 = ORIENTED_EDGE('',*,*,#2630,.T.);
#2630 = EDGE_CURVE('',#2623,#2631,#2633,.T.);
#2631 = VERTEX_POINT('',#2632);
#2632 = CARTESIAN_POINT('',(-140.,65.,4.));
#2633 = LINE('',#2634,#2635);
#2634 = CARTESIAN_POINT('',(-140.,-147.5,4.));
#2635 = VECTOR('',#2636,1.);
#2636 = DIRECTION('',(0.,1.,0.));
#2637 = ORIENTED_EDGE('',*,*,#2638,.T.);
#2638 = EDGE_CURVE('',#2631,#2639,#2641,.T.);
#2639 = VERTEX_POINT('',#2640);
#2640 = CARTESIAN_POINT('',(-140.,65.,24.));
#2641 = LINE('',#2642,#2643);
#2642 = CARTESIAN_POINT('',(-140.,65.,4.));
#2643 = VECTOR('',#2644,1.);
#2644 = DIRECTION('',(0.,0.,1.));
#2645 = ORIENTED_EDGE('',*,*,#2646,.T.);
#2646 = EDGE_CURVE('',#2639,#2647,#2649,.T.);
#2647 = VERTEX_POINT('',#2648);
#2648 = CARTESIAN_POINT('',(-140.,115.,24.));
#2649 = LINE('',#2650,#2651);
#2650 = CARTESIAN_POINT('',(-140.,65.,24.));
#2651 = VECTOR('',#2652,1.);
#2652 = DIRECTION('',(0.,1.,0.));
#2653 = ORIENTED_EDGE('',*,*,#2654,.F.);
#2654 = EDGE_CURVE('',#2655,#2647,#2657,.T.);
#2655 = VERTEX_POINT('',#2656);
#2656 = CARTESIAN_POINT('',(-140.,115.,4.));
#2657 = LINE('',#2658,#2659);
#2658 = CARTESIAN_POINT('',(-140.,115.,4.));
#2659 = VECTOR('',#2660,1.);
#2660 = DIRECTION('',(0.,0.,1.));
#2661 = ORIENTED_EDGE('',*,*,#2662,.T.);
#2662 = EDGE_CURVE('',#2655,#2663,#2665,.T.);
#2663 = VERTEX_POINT('',#2664);
#2664 = CARTESIAN_POINT('',(-140.,139.5,4.));
#2665 = LINE('',#2666,#2667);
#2666 = CARTESIAN_POINT('',(-140.,-147.5,4.));
#2667 = VECTOR('',#2668,1.);
#2668 = DIRECTION('',(0.,1.,0.));
#2669 = ORIENTED_EDGE('',*,*,#2670,.T.);
#2670 = EDGE_CURVE('',#2663,#1208,#2671,.T.);
#2671 = LINE('',#2672,#2673);
#2672 = CARTESIAN_POINT('',(-140.,139.5,4.));
#2673 = VECTOR('',#2674,1.);
#2674 = DIRECTION('',(0.,0.,1.));
#2675 = ORIENTED_EDGE('',*,*,#1207,.T.);
#2676 = ORIENTED_EDGE('',*,*,#1184,.F.);
#2677 = ORIENTED_EDGE('',*,*,#1023,.F.);
#2678 = FACE_BOUND('',#2679,.T.);
#2679 = EDGE_LOOP('',(#2680,#2690,#2698,#2706,#2714));
#2680 = ORIENTED_EDGE('',*,*,#2681,.T.);
#2681 = EDGE_CURVE('',#2682,#2684,#2686,.T.);
#2682 = VERTEX_POINT('',#2683);
#2683 = CARTESIAN_POINT('',(-140.,77.6,8.4));
#2684 = VERTEX_POINT('',#2685);
#2685 = CARTESIAN_POINT('',(-140.,77.6,3.6));
#2686 = LINE('',#2687,#2688);
#2687 = CARTESIAN_POINT('',(-140.,77.6,7.567688022284));
#2688 = VECTOR('',#2689,1.);
#2689 = DIRECTION('',(0.,0.,-1.));
#2690 = ORIENTED_EDGE('',*,*,#2691,.T.);
#2691 = EDGE_CURVE('',#2684,#2692,#2694,.T.);
#2692 = VERTEX_POINT('',#2693);
#2693 = CARTESIAN_POINT('',(-140.,102.4,3.6));
#2694 = LINE('',#2695,#2696);
#2695 = CARTESIAN_POINT('',(-140.,38.8,3.6));
#2696 = VECTOR('',#2697,1.);
#2697 = DIRECTION('',(0.,1.,0.));
#2698 = ORIENTED_EDGE('',*,*,#2699,.T.);
#2699 = EDGE_CURVE('',#2692,#2700,#2702,.T.);
#2700 = VERTEX_POINT('',#2701);
#2701 = CARTESIAN_POINT('',(-140.,102.4,8.4));
#2702 = LINE('',#2703,#2704);
#2703 = CARTESIAN_POINT('',(-140.,102.4,5.167688022284));
#2704 = VECTOR('',#2705,1.);
#2705 = DIRECTION('',(0.,0.,1.));
#2706 = ORIENTED_EDGE('',*,*,#2707,.T.);
#2707 = EDGE_CURVE('',#2700,#2708,#2710,.T.);
#2708 = VERTEX_POINT('',#2709);
#2709 = CARTESIAN_POINT('',(-140.,90.,20.4));
#2710 = LINE('',#2711,#2712);
#2711 = CARTESIAN_POINT('',(-140.,76.376813615946,33.583728758762));
#2712 = VECTOR('',#2713,1.);
#2713 = DIRECTION('',(0.,-0.718602141767,0.695421427516));
#2714 = ORIENTED_EDGE('',*,*,#2715,.T.);
#2715 = EDGE_CURVE('',#2708,#2682,#2716,.T.);
#2716 = LINE('',#2717,#2718);
#2717 = CARTESIAN_POINT('',(-140.,63.348172950416,-5.392090693146));
#2718 = VECTOR('',#2719,1.);
#2719 = DIRECTION('',(0.,-0.718602141767,-0.695421427516));
#2720 = FACE_BOUND('',#2721,.T.);
#2721 = EDGE_LOOP('',(#2722,#2732,#2740,#2748,#2756));
#2722 = ORIENTED_EDGE('',*,*,#2723,.T.);
#2723 = EDGE_CURVE('',#2724,#2726,#2728,.T.);
#2724 = VERTEX_POINT('',#2725);
#2725 = CARTESIAN_POINT('',(-140.,-102.4,8.4));
#2726 = VERTEX_POINT('',#2727);
#2727 = CARTESIAN_POINT('',(-140.,-102.4,3.6));
#2728 = LINE('',#2729,#2730);
#2729 = CARTESIAN_POINT('',(-140.,-102.4,7.567688022284));
#2730 = VECTOR('',#2731,1.);
#2731 = DIRECTION('',(0.,0.,-1.));
#2732 = ORIENTED_EDGE('',*,*,#2733,.T.);
#2733 = EDGE_CURVE('',#2726,#2734,#2736,.T.);
#2734 = VERTEX_POINT('',#2735);
#2735 = CARTESIAN_POINT('',(-140.,-77.6,3.6));
#2736 = LINE('',#2737,#2738);
#2737 = CARTESIAN_POINT('',(-140.,-51.2,3.6));
#2738 = VECTOR('',#2739,1.);
#2739 = DIRECTION('',(0.,1.,0.));
#2740 = ORIENTED_EDGE('',*,*,#2741,.T.);
#2741 = EDGE_CURVE('',#2734,#2742,#2744,.T.);
#2742 = VERTEX_POINT('',#2743);
#2743 = CARTESIAN_POINT('',(-140.,-77.6,8.4));
#2744 = LINE('',#2745,#2746);
#2745 = CARTESIAN_POINT('',(-140.,-77.6,5.167688022284));
#2746 = VECTOR('',#2747,1.);
#2747 = DIRECTION('',(0.,0.,1.));
#2748 = ORIENTED_EDGE('',*,*,#2749,.T.);
#2749 = EDGE_CURVE('',#2742,#2750,#2752,.T.);
#2750 = VERTEX_POINT('',#2751);
#2751 = CARTESIAN_POINT('',(-140.,-90.,20.4));
#2752 = LINE('',#2753,#2754);
#2753 = CARTESIAN_POINT('',(-140.,-57.14817295041,-11.39209069314));
#2754 = VECTOR('',#2755,1.);
#2755 = DIRECTION('',(0.,-0.718602141767,0.695421427516));
#2756 = ORIENTED_EDGE('',*,*,#2757,.T.);
#2757 = EDGE_CURVE('',#2750,#2724,#2758,.T.);
#2758 = LINE('',#2759,#2760);
#2759 = CARTESIAN_POINT('',(-140.,-70.17681361594,39.583728758762));
#2760 = VECTOR('',#2761,1.);
#2761 = DIRECTION('',(0.,-0.718602141767,-0.695421427516));
#2762 = PLANE('',#2763);
#2763 = AXIS2_PLACEMENT_3D('',#2764,#2765,#2766);
#2764 = CARTESIAN_POINT('',(-140.,0.,6.735376044568));
#2765 = DIRECTION('',(-1.,-0.,-0.));
#2766 = DIRECTION('',(0.,0.,-1.));
#2767 = ADVANCED_FACE('',(#2768),#2780,.F.);
#2768 = FACE_BOUND('',#2769,.F.);
#2769 = EDGE_LOOP('',(#2770,#2777,#2778,#2779));
#2770 = ORIENTED_EDGE('',*,*,#2771,.T.);
#2771 = EDGE_CURVE('',#986,#1642,#2772,.T.);
#2772 = CIRCLE('',#2773,102.);
#2773 = AXIS2_PLACEMENT_3D('',#2774,#2775,#2776);
#2774 = CARTESIAN_POINT('',(0.,-64.,10.));
#2775 = DIRECTION('',(0.,0.,1.));
#2776 = DIRECTION('',(1.,0.,0.));
#2777 = ORIENTED_EDGE('',*,*,#1649,.T.);
#2778 = ORIENTED_EDGE('',*,*,#1672,.F.);
#2779 = ORIENTED_EDGE('',*,*,#985,.F.);
#2780 = CYLINDRICAL_SURFACE('',#2781,102.);
#2781 = AXIS2_PLACEMENT_3D('',#2782,#2783,#2784);
#2782 = CARTESIAN_POINT('',(0.,-64.,10.));
#2783 = DIRECTION('',(0.,0.,1.));
#2784 = DIRECTION('',(1.,0.,0.));
#2785 = ADVANCED_FACE('',(#2786),#2831,.T.);
#2786 = FACE_BOUND('',#2787,.T.);
#2787 = EDGE_LOOP('',(#2788,#2799,#2807,#2815,#2822,#2823,#2824,#2825));
#2788 = ORIENTED_EDGE('',*,*,#2789,.F.);
#2789 = EDGE_CURVE('',#2790,#2792,#2794,.T.);
#2790 = VERTEX_POINT('',#2791);
#2791 = CARTESIAN_POINT('',(-3.5,-138.9182888218,10.));
#2792 = VERTEX_POINT('',#2793);
#2793 = CARTESIAN_POINT('',(3.5,-138.9182888218,10.));
#2794 = CIRCLE('',#2795,75.);
#2795 = AXIS2_PLACEMENT_3D('',#2796,#2797,#2798);
#2796 = CARTESIAN_POINT('',(0.,-64.,10.));
#2797 = DIRECTION('',(0.,0.,1.));
#2798 = DIRECTION('',(1.,0.,-0.));
#2799 = ORIENTED_EDGE('',*,*,#2800,.T.);
#2800 = EDGE_CURVE('',#2790,#2801,#2803,.T.);
#2801 = VERTEX_POINT('',#2802);
#2802 = CARTESIAN_POINT('',(-3.5,-139.5,10.));
#2803 = LINE('',#2804,#2805);
#2804 = CARTESIAN_POINT('',(-3.5,-64.,10.));
#2805 = VECTOR('',#2806,1.);
#2806 = DIRECTION('',(1.110223024625E-16,-1.,0.));
#2807 = ORIENTED_EDGE('',*,*,#2808,.F.);
#2808 = EDGE_CURVE('',#2809,#2801,#2811,.T.);
#2809 = VERTEX_POINT('',#2810);
#2810 = CARTESIAN_POINT('',(-68.5838902367,-139.5,10.));
#2811 = LINE('',#2812,#2813);
#2812 = CARTESIAN_POINT('',(-70.,-139.5,10.));
#2813 = VECTOR('',#2814,1.);
#2814 = DIRECTION('',(1.,0.,0.));
#2815 = ORIENTED_EDGE('',*,*,#2816,.T.);
#2816 = EDGE_CURVE('',#2809,#994,#2817,.T.);
#2817 = CIRCLE('',#2818,102.);
#2818 = AXIS2_PLACEMENT_3D('',#2819,#2820,#2821);
#2819 = CARTESIAN_POINT('',(0.,-64.,10.));
#2820 = DIRECTION('',(0.,0.,1.));
#2821 = DIRECTION('',(1.,0.,0.));
#2822 = ORIENTED_EDGE('',*,*,#993,.F.);
#2823 = ORIENTED_EDGE('',*,*,#2771,.T.);
#2824 = ORIENTED_EDGE('',*,*,#1641,.F.);
#2825 = ORIENTED_EDGE('',*,*,#2826,.F.);
#2826 = EDGE_CURVE('',#2792,#1634,#2827,.T.);
#2827 = LINE('',#2828,#2829);
#2828 = CARTESIAN_POINT('',(3.5,-64.,10.));
#2829 = VECTOR('',#2830,1.);
#2830 = DIRECTION('',(1.110223024625E-16,-1.,0.));
#2831 = PLANE('',#2832);
#2832 = AXIS2_PLACEMENT_3D('',#2833,#2834,#2835);
#2833 = CARTESIAN_POINT('',(3.030691199925E-02,-72.10258691561,10.));
#2834 = DIRECTION('',(0.,0.,1.));
#2835 = DIRECTION('',(1.,0.,0.));
#2836 = ADVANCED_FACE('',(#2837),#2856,.F.);
#2837 = FACE_BOUND('',#2838,.F.);
#2838 = EDGE_LOOP('',(#2839,#2840,#2841,#2850));
#2839 = ORIENTED_EDGE('',*,*,#2816,.T.);
#2840 = ORIENTED_EDGE('',*,*,#1001,.T.);
#2841 = ORIENTED_EDGE('',*,*,#2842,.F.);
#2842 = EDGE_CURVE('',#2843,#1002,#2845,.T.);
#2843 = VERTEX_POINT('',#2844);
#2844 = CARTESIAN_POINT('',(-68.5838902367,-139.5,14.));
#2845 = CIRCLE('',#2846,102.);
#2846 = AXIS2_PLACEMENT_3D('',#2847,#2848,#2849);
#2847 = CARTESIAN_POINT('',(0.,-64.,14.));
#2848 = DIRECTION('',(0.,0.,1.));
#2849 = DIRECTION('',(1.,0.,0.));
#2850 = ORIENTED_EDGE('',*,*,#2851,.F.);
#2851 = EDGE_CURVE('',#2809,#2843,#2852,.T.);
#2852 = LINE('',#2853,#2854);
#2853 = CARTESIAN_POINT('',(-68.5838902367,-139.5,10.));
#2854 = VECTOR('',#2855,1.);
#2855 = DIRECTION('',(0.,0.,1.));
#2856 = CYLINDRICAL_SURFACE('',#2857,102.);
#2857 = AXIS2_PLACEMENT_3D('',#2858,#2859,#2860);
#2858 = CARTESIAN_POINT('',(0.,-64.,10.));
#2859 = DIRECTION('',(0.,0.,1.));
#2860 = DIRECTION('',(1.,0.,0.));
#2861 = ADVANCED_FACE('',(#2862),#2873,.T.);
#2862 = FACE_BOUND('',#2863,.T.);
#2863 = EDGE_LOOP('',(#2864,#2865,#2866,#2867));
#2864 = ORIENTED_EDGE('',*,*,#2582,.F.);
#2865 = ORIENTED_EDGE('',*,*,#1009,.T.);
#2866 = ORIENTED_EDGE('',*,*,#2842,.F.);
#2867 = ORIENTED_EDGE('',*,*,#2868,.F.);
#2868 = EDGE_CURVE('',#2583,#2843,#2869,.T.);
#2869 = LINE('',#2870,#2871);
#2870 = CARTESIAN_POINT('',(-140.,-139.5,14.));
#2871 = VECTOR('',#2872,1.);
#2872 = DIRECTION('',(1.,0.,0.));
#2873 = PLANE('',#2874);
#2874 = AXIS2_PLACEMENT_3D('',#2875,#2876,#2877);
#2875 = CARTESIAN_POINT('',(0.,-136.7793566267,14.));
#2876 = DIRECTION('',(0.,0.,1.));
#2877 = DIRECTION('',(1.,0.,0.));
#2878 = ADVANCED_FACE('',(#2879),#2904,.T.);
#2879 = FACE_BOUND('',#2880,.T.);
#2880 = EDGE_LOOP('',(#2881,#2889,#2890,#2898));
#2881 = ORIENTED_EDGE('',*,*,#2882,.F.);
#2882 = EDGE_CURVE('',#1042,#2883,#2885,.T.);
#2883 = VERTEX_POINT('',#2884);
#2884 = CARTESIAN_POINT('',(-110.7,-96.3,3.6));
#2885 = LINE('',#2886,#2887);
#2886 = CARTESIAN_POINT('',(-110.7,-96.3,-1.));
#2887 = VECTOR('',#2888,1.);
#2888 = DIRECTION('',(0.,0.,1.));
#2889 = ORIENTED_EDGE('',*,*,#1041,.T.);
#2890 = ORIENTED_EDGE('',*,*,#2891,.T.);
#2891 = EDGE_CURVE('',#1044,#2892,#2894,.T.);
#2892 = VERTEX_POINT('',#2893);
#2893 = CARTESIAN_POINT('',(-119.3,-96.3,3.6));
#2894 = LINE('',#2895,#2896);
#2895 = CARTESIAN_POINT('',(-119.3,-96.3,-1.));
#2896 = VECTOR('',#2897,1.);
#2897 = DIRECTION('',(0.,0.,1.));
#2898 = ORIENTED_EDGE('',*,*,#2899,.F.);
#2899 = EDGE_CURVE('',#2883,#2892,#2900,.T.);
#2900 = LINE('',#2901,#2902);
#2901 = CARTESIAN_POINT('',(-130.65,-96.3,3.6));
#2902 = VECTOR('',#2903,1.);
#2903 = DIRECTION('',(-1.,0.,0.));
#2904 = PLANE('',#2905);
#2905 = AXIS2_PLACEMENT_3D('',#2906,#2907,#2908);
#2906 = CARTESIAN_POINT('',(-119.3,-96.3,-1.));
#2907 = DIRECTION('',(0.,1.,0.));
#2908 = DIRECTION('',(0.,0.,1.));
#2909 = ADVANCED_FACE('',(#2910),#2928,.T.);
#2910 = FACE_BOUND('',#2911,.T.);
#2911 = EDGE_LOOP('',(#2912,#2913,#2914,#2922));
#2912 = ORIENTED_EDGE('',*,*,#2891,.F.);
#2913 = ORIENTED_EDGE('',*,*,#1051,.T.);
#2914 = ORIENTED_EDGE('',*,*,#2915,.T.);
#2915 = EDGE_CURVE('',#1052,#2916,#2918,.T.);
#2916 = VERTEX_POINT('',#2917);
#2917 = CARTESIAN_POINT('',(-119.3,-83.7,3.6));
#2918 = LINE('',#2919,#2920);
#2919 = CARTESIAN_POINT('',(-119.3,-83.7,-1.));
#2920 = VECTOR('',#2921,1.);
#2921 = DIRECTION('',(0.,0.,1.));
#2922 = ORIENTED_EDGE('',*,*,#2923,.F.);
#2923 = EDGE_CURVE('',#2892,#2916,#2924,.T.);
#2924 = LINE('',#2925,#2926);
#2925 = CARTESIAN_POINT('',(-119.3,-99.35,3.6));
#2926 = VECTOR('',#2927,1.);
#2927 = DIRECTION('',(0.,1.,0.));
#2928 = PLANE('',#2929);
#2929 = AXIS2_PLACEMENT_3D('',#2930,#2931,#2932);
#2930 = CARTESIAN_POINT('',(-119.3,-96.3,-1.));
#2931 = DIRECTION('',(1.,0.,0.));
#2932 = DIRECTION('',(0.,0.,1.));
#2933 = ADVANCED_FACE('',(#2934),#2952,.F.);
#2934 = FACE_BOUND('',#2935,.F.);
#2935 = EDGE_LOOP('',(#2936,#2944,#2945,#2946));
#2936 = ORIENTED_EDGE('',*,*,#2937,.F.);
#2937 = EDGE_CURVE('',#1060,#2938,#2940,.T.);
#2938 = VERTEX_POINT('',#2939);
#2939 = CARTESIAN_POINT('',(-110.7,-83.7,3.6));
#2940 = LINE('',#2941,#2942);
#2941 = CARTESIAN_POINT('',(-110.7,-83.7,-1.));
#2942 = VECTOR('',#2943,1.);
#2943 = DIRECTION('',(0.,0.,1.));
#2944 = ORIENTED_EDGE('',*,*,#1059,.T.);
#2945 = ORIENTED_EDGE('',*,*,#2915,.T.);
#2946 = ORIENTED_EDGE('',*,*,#2947,.F.);
#2947 = EDGE_CURVE('',#2938,#2916,#2948,.T.);
#2948 = LINE('',#2949,#2950);
#2949 = CARTESIAN_POINT('',(-130.65,-83.7,3.6));
#2950 = VECTOR('',#2951,1.);
#2951 = DIRECTION('',(-1.,0.,0.));
#2952 = PLANE('',#2953);
#2953 = AXIS2_PLACEMENT_3D('',#2954,#2955,#2956);
#2954 = CARTESIAN_POINT('',(-119.3,-83.7,-1.));
#2955 = DIRECTION('',(0.,1.,0.));
#2956 = DIRECTION('',(0.,0.,1.));
#2957 = ADVANCED_FACE('',(#2958),#2969,.F.);
#2958 = FACE_BOUND('',#2959,.F.);
#2959 = EDGE_LOOP('',(#2960,#2961,#2962,#2963));
#2960 = ORIENTED_EDGE('',*,*,#2882,.F.);
#2961 = ORIENTED_EDGE('',*,*,#1067,.T.);
#2962 = ORIENTED_EDGE('',*,*,#2937,.T.);
#2963 = ORIENTED_EDGE('',*,*,#2964,.F.);
#2964 = EDGE_CURVE('',#2883,#2938,#2965,.T.);
#2965 = LINE('',#2966,#2967);
#2966 = CARTESIAN_POINT('',(-110.7,-99.35,3.6));
#2967 = VECTOR('',#2968,1.);
#2968 = DIRECTION('',(0.,1.,0.));
#2969 = PLANE('',#2970);
#2970 = AXIS2_PLACEMENT_3D('',#2971,#2972,#2973);
#2971 = CARTESIAN_POINT('',(-110.7,-96.3,-1.));
#2972 = DIRECTION('',(1.,0.,0.));
#2973 = DIRECTION('',(0.,0.,1.));
#2974 = ADVANCED_FACE('',(#2975),#2991,.T.);
#2975 = FACE_BOUND('',#2976,.T.);
#2976 = EDGE_LOOP('',(#2977,#2983,#2984,#2990));
#2977 = ORIENTED_EDGE('',*,*,#2978,.F.);
#2978 = EDGE_CURVE('',#1076,#1949,#2979,.T.);
#2979 = LINE('',#2980,#2981);
#2980 = CARTESIAN_POINT('',(119.3,-96.3,-1.));
#2981 = VECTOR('',#2982,1.);
#2982 = DIRECTION('',(0.,0.,1.));
#2983 = ORIENTED_EDGE('',*,*,#1075,.T.);
#2984 = ORIENTED_EDGE('',*,*,#2985,.T.);
#2985 = EDGE_CURVE('',#1078,#1951,#2986,.T.);
#2986 = LINE('',#2987,#2988);
#2987 = CARTESIAN_POINT('',(110.7,-96.3,-1.));
#2988 = VECTOR('',#2989,1.);
#2989 = DIRECTION('',(0.,0.,1.));
#2990 = ORIENTED_EDGE('',*,*,#1948,.F.);
#2991 = PLANE('',#2992);
#2992 = AXIS2_PLACEMENT_3D('',#2993,#2994,#2995);
#2993 = CARTESIAN_POINT('',(110.7,-96.3,-1.));
#2994 = DIRECTION('',(0.,1.,0.));
#2995 = DIRECTION('',(0.,0.,1.));
#2996 = ADVANCED_FACE('',(#2997),#3008,.T.);
#2997 = FACE_BOUND('',#2998,.T.);
#2998 = EDGE_LOOP('',(#2999,#3000,#3001,#3007));
#2999 = ORIENTED_EDGE('',*,*,#2985,.F.);
#3000 = ORIENTED_EDGE('',*,*,#1085,.T.);
#3001 = ORIENTED_EDGE('',*,*,#3002,.T.);
#3002 = EDGE_CURVE('',#1086,#1959,#3003,.T.);
#3003 = LINE('',#3004,#3005);
#3004 = CARTESIAN_POINT('',(110.7,-83.7,-1.));
#3005 = VECTOR('',#3006,1.);
#3006 = DIRECTION('',(0.,0.,1.));
#3007 = ORIENTED_EDGE('',*,*,#1958,.F.);
#3008 = PLANE('',#3009);
#3009 = AXIS2_PLACEMENT_3D('',#3010,#3011,#3012);
#3010 = CARTESIAN_POINT('',(110.7,-96.3,-1.));
#3011 = DIRECTION('',(1.,0.,0.));
#3012 = DIRECTION('',(0.,0.,1.));
#3013 = ADVANCED_FACE('',(#3014),#3025,.F.);
#3014 = FACE_BOUND('',#3015,.F.);
#3015 = EDGE_LOOP('',(#3016,#3022,#3023,#3024));
#3016 = ORIENTED_EDGE('',*,*,#3017,.F.);
#3017 = EDGE_CURVE('',#1094,#1967,#3018,.T.);
#3018 = LINE('',#3019,#3020);
#3019 = CARTESIAN_POINT('',(119.3,-83.7,-1.));
#3020 = VECTOR('',#3021,1.);
#3021 = DIRECTION('',(0.,0.,1.));
#3022 = ORIENTED_EDGE('',*,*,#1093,.T.);
#3023 = ORIENTED_EDGE('',*,*,#3002,.T.);
#3024 = ORIENTED_EDGE('',*,*,#1966,.F.);
#3025 = PLANE('',#3026);
#3026 = AXIS2_PLACEMENT_3D('',#3027,#3028,#3029);
#3027 = CARTESIAN_POINT('',(110.7,-83.7,-1.));
#3028 = DIRECTION('',(0.,1.,0.));
#3029 = DIRECTION('',(0.,0.,1.));
#3030 = ADVANCED_FACE('',(#3031),#3037,.F.);
#3031 = FACE_BOUND('',#3032,.F.);
#3032 = EDGE_LOOP('',(#3033,#3034,#3035,#3036));
#3033 = ORIENTED_EDGE('',*,*,#2978,.F.);
#3034 = ORIENTED_EDGE('',*,*,#1101,.T.);
#3035 = ORIENTED_EDGE('',*,*,#3017,.T.);
#3036 = ORIENTED_EDGE('',*,*,#1974,.F.);
#3037 = PLANE('',#3038);
#3038 = AXIS2_PLACEMENT_3D('',#3039,#3040,#3041);
#3039 = CARTESIAN_POINT('',(119.3,-96.3,-1.));
#3040 = DIRECTION('',(1.,0.,0.));
#3041 = DIRECTION('',(0.,0.,1.));
#3042 = ADVANCED_FACE('',(#3043),#3068,.T.);
#3043 = FACE_BOUND('',#3044,.T.);
#3044 = EDGE_LOOP('',(#3045,#3053,#3054,#3062));
#3045 = ORIENTED_EDGE('',*,*,#3046,.F.);
#3046 = EDGE_CURVE('',#1110,#3047,#3049,.T.);
#3047 = VERTEX_POINT('',#3048);
#3048 = CARTESIAN_POINT('',(-110.7,83.7,3.6));
#3049 = LINE('',#3050,#3051);
#3050 = CARTESIAN_POINT('',(-110.7,83.7,-1.));
#3051 = VECTOR('',#3052,1.);
#3052 = DIRECTION('',(0.,0.,1.));
#3053 = ORIENTED_EDGE('',*,*,#1109,.T.);
#3054 = ORIENTED_EDGE('',*,*,#3055,.T.);
#3055 = EDGE_CURVE('',#1112,#3056,#3058,.T.);
#3056 = VERTEX_POINT('',#3057);
#3057 = CARTESIAN_POINT('',(-119.3,83.7,3.6));
#3058 = LINE('',#3059,#3060);
#3059 = CARTESIAN_POINT('',(-119.3,83.7,-1.));
#3060 = VECTOR('',#3061,1.);
#3061 = DIRECTION('',(0.,0.,1.));
#3062 = ORIENTED_EDGE('',*,*,#3063,.F.);
#3063 = EDGE_CURVE('',#3047,#3056,#3064,.T.);
#3064 = LINE('',#3065,#3066);
#3065 = CARTESIAN_POINT('',(-130.65,83.7,3.6));
#3066 = VECTOR('',#3067,1.);
#3067 = DIRECTION('',(-1.,0.,0.));
#3068 = PLANE('',#3069);
#3069 = AXIS2_PLACEMENT_3D('',#3070,#3071,#3072);
#3070 = CARTESIAN_POINT('',(-119.3,83.7,-1.));
#3071 = DIRECTION('',(0.,1.,0.));
#3072 = DIRECTION('',(0.,0.,1.));
#3073 = ADVANCED_FACE('',(#3074),#3092,.T.);
#3074 = FACE_BOUND('',#3075,.T.);
#3075 = EDGE_LOOP('',(#3076,#3077,#3078,#3086));
#3076 = ORIENTED_EDGE('',*,*,#3055,.F.);
#3077 = ORIENTED_EDGE('',*,*,#1119,.T.);
#3078 = ORIENTED_EDGE('',*,*,#3079,.T.);
#3079 = EDGE_CURVE('',#1120,#3080,#3082,.T.);
#3080 = VERTEX_POINT('',#3081);
#3081 = CARTESIAN_POINT('',(-119.3,96.3,3.6));
#3082 = LINE('',#3083,#3084);
#3083 = CARTESIAN_POINT('',(-119.3,96.3,-1.));
#3084 = VECTOR('',#3085,1.);
#3085 = DIRECTION('',(0.,0.,1.));
#3086 = ORIENTED_EDGE('',*,*,#3087,.F.);
#3087 = EDGE_CURVE('',#3056,#3080,#3088,.T.);
#3088 = LINE('',#3089,#3090);
#3089 = CARTESIAN_POINT('',(-119.3,80.65,3.6));
#3090 = VECTOR('',#3091,1.);
#3091 = DIRECTION('',(0.,1.,0.));
#3092 = PLANE('',#3093);
#3093 = AXIS2_PLACEMENT_3D('',#3094,#3095,#3096);
#3094 = CARTESIAN_POINT('',(-119.3,83.7,-1.));
#3095 = DIRECTION('',(1.,0.,0.));
#3096 = DIRECTION('',(0.,0.,1.));
#3097 = ADVANCED_FACE('',(#3098),#3116,.F.);
#3098 = FACE_BOUND('',#3099,.F.);
#3099 = EDGE_LOOP('',(#3100,#3108,#3109,#3110));
#3100 = ORIENTED_EDGE('',*,*,#3101,.F.);
#3101 = EDGE_CURVE('',#1128,#3102,#3104,.T.);
#3102 = VERTEX_POINT('',#3103);
#3103 = CARTESIAN_POINT('',(-110.7,96.3,3.6));
#3104 = LINE('',#3105,#3106);
#3105 = CARTESIAN_POINT('',(-110.7,96.3,-1.));
#3106 = VECTOR('',#3107,1.);
#3107 = DIRECTION('',(0.,0.,1.));
#3108 = ORIENTED_EDGE('',*,*,#1127,.T.);
#3109 = ORIENTED_EDGE('',*,*,#3079,.T.);
#3110 = ORIENTED_EDGE('',*,*,#3111,.F.);
#3111 = EDGE_CURVE('',#3102,#3080,#3112,.T.);
#3112 = LINE('',#3113,#3114);
#3113 = CARTESIAN_POINT('',(-130.65,96.3,3.6));
#3114 = VECTOR('',#3115,1.);
#3115 = DIRECTION('',(-1.,0.,0.));
#3116 = PLANE('',#3117);
#3117 = AXIS2_PLACEMENT_3D('',#3118,#3119,#3120);
#3118 = CARTESIAN_POINT('',(-119.3,96.3,-1.));
#3119 = DIRECTION('',(0.,1.,0.));
#3120 = DIRECTION('',(0.,0.,1.));
#3121 = ADVANCED_FACE('',(#3122),#3133,.F.);
#3122 = FACE_BOUND('',#3123,.F.);
#3123 = EDGE_LOOP('',(#3124,#3125,#3126,#3127));
#3124 = ORIENTED_EDGE('',*,*,#3046,.F.);
#3125 = ORIENTED_EDGE('',*,*,#1135,.T.);
#3126 = ORIENTED_EDGE('',*,*,#3101,.T.);
#3127 = ORIENTED_EDGE('',*,*,#3128,.F.);
#3128 = EDGE_CURVE('',#3047,#3102,#3129,.T.);
#3129 = LINE('',#3130,#3131);
#3130 = CARTESIAN_POINT('',(-110.7,80.65,3.6));
#3131 = VECTOR('',#3132,1.);
#3132 = DIRECTION('',(0.,1.,0.));
#3133 = PLANE('',#3134);
#3134 = AXIS2_PLACEMENT_3D('',#3135,#3136,#3137);
#3135 = CARTESIAN_POINT('',(-110.7,83.7,-1.));
#3136 = DIRECTION('',(1.,0.,0.));
#3137 = DIRECTION('',(0.,0.,1.));
#3138 = ADVANCED_FACE('',(#3139),#3155,.T.);
#3139 = FACE_BOUND('',#3140,.T.);
#3140 = EDGE_LOOP('',(#3141,#3147,#3148,#3154));
#3141 = ORIENTED_EDGE('',*,*,#3142,.F.);
#3142 = EDGE_CURVE('',#1144,#1740,#3143,.T.);
#3143 = LINE('',#3144,#3145);
#3144 = CARTESIAN_POINT('',(119.3,83.7,-1.));
#3145 = VECTOR('',#3146,1.);
#3146 = DIRECTION('',(0.,0.,1.));
#3147 = ORIENTED_EDGE('',*,*,#1143,.T.);
#3148 = ORIENTED_EDGE('',*,*,#3149,.T.);
#3149 = EDGE_CURVE('',#1146,#1742,#3150,.T.);
#3150 = LINE('',#3151,#3152);
#3151 = CARTESIAN_POINT('',(110.7,83.7,-1.));
#3152 = VECTOR('',#3153,1.);
#3153 = DIRECTION('',(0.,0.,1.));
#3154 = ORIENTED_EDGE('',*,*,#1739,.F.);
#3155 = PLANE('',#3156);
#3156 = AXIS2_PLACEMENT_3D('',#3157,#3158,#3159);
#3157 = CARTESIAN_POINT('',(110.7,83.7,-1.));
#3158 = DIRECTION('',(0.,1.,0.));
#3159 = DIRECTION('',(0.,0.,1.));
#3160 = ADVANCED_FACE('',(#3161),#3172,.T.);
#3161 = FACE_BOUND('',#3162,.T.);
#3162 = EDGE_LOOP('',(#3163,#3164,#3165,#3171));
#3163 = ORIENTED_EDGE('',*,*,#3149,.F.);
#3164 = ORIENTED_EDGE('',*,*,#1153,.T.);
#3165 = ORIENTED_EDGE('',*,*,#3166,.T.);
#3166 = EDGE_CURVE('',#1154,#1750,#3167,.T.);
#3167 = LINE('',#3168,#3169);
#3168 = CARTESIAN_POINT('',(110.7,96.3,-1.));
#3169 = VECTOR('',#3170,1.);
#3170 = DIRECTION('',(0.,0.,1.));
#3171 = ORIENTED_EDGE('',*,*,#1749,.F.);
#3172 = PLANE('',#3173);
#3173 = AXIS2_PLACEMENT_3D('',#3174,#3175,#3176);
#3174 = CARTESIAN_POINT('',(110.7,83.7,-1.));
#3175 = DIRECTION('',(1.,0.,0.));
#3176 = DIRECTION('',(0.,0.,1.));
#3177 = ADVANCED_FACE('',(#3178),#3189,.F.);
#3178 = FACE_BOUND('',#3179,.F.);
#3179 = EDGE_LOOP('',(#3180,#3186,#3187,#3188));
#3180 = ORIENTED_EDGE('',*,*,#3181,.F.);
#3181 = EDGE_CURVE('',#1162,#1758,#3182,.T.);
#3182 = LINE('',#3183,#3184);
#3183 = CARTESIAN_POINT('',(119.3,96.3,-1.));
#3184 = VECTOR('',#3185,1.);
#3185 = DIRECTION('',(0.,0.,1.));
#3186 = ORIENTED_EDGE('',*,*,#1161,.T.);
#3187 = ORIENTED_EDGE('',*,*,#3166,.T.);
#3188 = ORIENTED_EDGE('',*,*,#1757,.F.);
#3189 = PLANE('',#3190);
#3190 = AXIS2_PLACEMENT_3D('',#3191,#3192,#3193);
#3191 = CARTESIAN_POINT('',(110.7,96.3,-1.));
#3192 = DIRECTION('',(0.,1.,0.));
#3193 = DIRECTION('',(0.,0.,1.));
#3194 = ADVANCED_FACE('',(#3195),#3201,.F.);
#3195 = FACE_BOUND('',#3196,.F.);
#3196 = EDGE_LOOP('',(#3197,#3198,#3199,#3200));
#3197 = ORIENTED_EDGE('',*,*,#3142,.F.);
#3198 = ORIENTED_EDGE('',*,*,#1169,.T.);
#3199 = ORIENTED_EDGE('',*,*,#3181,.T.);
#3200 = ORIENTED_EDGE('',*,*,#1765,.F.);
#3201 = PLANE('',#3202);
#3202 = AXIS2_PLACEMENT_3D('',#3203,#3204,#3205);
#3203 = CARTESIAN_POINT('',(119.3,83.7,-1.));
#3204 = DIRECTION('',(1.,0.,0.));
#3205 = DIRECTION('',(0.,0.,1.));
#3206 = ADVANCED_FACE('',(#3207),#3225,.F.);
#3207 = FACE_BOUND('',#3208,.F.);
#3208 = EDGE_LOOP('',(#3209,#3217,#3218,#3219));
#3209 = ORIENTED_EDGE('',*,*,#3210,.F.);
#3210 = EDGE_CURVE('',#2663,#3211,#3213,.T.);
#3211 = VERTEX_POINT('',#3212);
#3212 = CARTESIAN_POINT('',(-3.5,139.5,4.));
#3213 = LINE('',#3214,#3215);
#3214 = CARTESIAN_POINT('',(-140.,139.5,4.));
#3215 = VECTOR('',#3216,1.);
#3216 = DIRECTION('',(1.,0.,0.));
#3217 = ORIENTED_EDGE('',*,*,#2670,.T.);
#3218 = ORIENTED_EDGE('',*,*,#1215,.T.);
#3219 = ORIENTED_EDGE('',*,*,#3220,.F.);
#3220 = EDGE_CURVE('',#3211,#1216,#3221,.T.);
#3221 = LINE('',#3222,#3223);
#3222 = CARTESIAN_POINT('',(-3.5,139.5,4.));
#3223 = VECTOR('',#3224,1.);
#3224 = DIRECTION('',(0.,0.,1.));
#3225 = PLANE('',#3226);
#3226 = AXIS2_PLACEMENT_3D('',#3227,#3228,#3229);
#3227 = CARTESIAN_POINT('',(-140.,139.5,4.));
#3228 = DIRECTION('',(0.,1.,0.));
#3229 = DIRECTION('',(0.,0.,1.));
#3230 = ADVANCED_FACE('',(#3231),#3271,.T.);
#3231 = FACE_BOUND('',#3232,.T.);
#3232 = EDGE_LOOP('',(#3233,#3241,#3247,#3255,#3263,#3269,#3270));
#3233 = ORIENTED_EDGE('',*,*,#3234,.F.);
#3234 = EDGE_CURVE('',#3235,#3211,#3237,.T.);
#3235 = VERTEX_POINT('',#3236);
#3236 = CARTESIAN_POINT('',(-3.499999999998,10.918288821889,4.));
#3237 = LINE('',#3238,#3239);
#3238 = CARTESIAN_POINT('',(-3.5,-64.,4.));
#3239 = VECTOR('',#3240,1.);
#3240 = DIRECTION('',(1.110223024625E-16,1.,0.));
#3241 = ORIENTED_EDGE('',*,*,#3242,.T.);
#3242 = EDGE_CURVE('',#3235,#2286,#3243,.T.);
#3243 = LINE('',#3244,#3245);
#3244 = CARTESIAN_POINT('',(-3.5,10.918288821889,4.));
#3245 = VECTOR('',#3246,1.);
#3246 = DIRECTION('',(0.,0.,1.));
#3247 = ORIENTED_EDGE('',*,*,#3248,.T.);
#3248 = EDGE_CURVE('',#2286,#3249,#3251,.T.);
#3249 = VERTEX_POINT('',#3250);
#3250 = CARTESIAN_POINT('',(-3.5,10.918288821889,10.));
#3251 = LINE('',#3252,#3253);
#3252 = CARTESIAN_POINT('',(-3.5,10.918288821889,4.));
#3253 = VECTOR('',#3254,1.);
#3254 = DIRECTION('',(0.,0.,1.));
#3255 = ORIENTED_EDGE('',*,*,#3256,.T.);
#3256 = EDGE_CURVE('',#3249,#3257,#3259,.T.);
#3257 = VERTEX_POINT('',#3258);
#3258 = CARTESIAN_POINT('',(-3.5,58.94997892773,10.));
#3259 = LINE('',#3260,#3261);
#3260 = CARTESIAN_POINT('',(-3.5,-64.,10.));
#3261 = VECTOR('',#3262,1.);
#3262 = DIRECTION('',(1.110223024625E-16,1.,0.));
#3263 = ORIENTED_EDGE('',*,*,#3264,.T.);
#3264 = EDGE_CURVE('',#3257,#1224,#3265,.T.);
#3265 = LINE('',#3266,#3267);
#3266 = CARTESIAN_POINT('',(-3.5,58.94997892773,7.));
#3267 = VECTOR('',#3268,1.);
#3268 = DIRECTION('',(0.,0.,1.));
#3269 = ORIENTED_EDGE('',*,*,#1223,.T.);
#3270 = ORIENTED_EDGE('',*,*,#3220,.F.);
#3271 = PLANE('',#3272);
#3272 = AXIS2_PLACEMENT_3D('',#3273,#3274,#3275);
#3273 = CARTESIAN_POINT('',(-3.5,-64.,4.));
#3274 = DIRECTION('',(-1.,1.110223024625E-16,0.));
#3275 = DIRECTION('',(0.,0.,1.));
#3276 = ADVANCED_FACE('',(#3277),#3295,.T.);
#3277 = FACE_BOUND('',#3278,.T.);
#3278 = EDGE_LOOP('',(#3279,#3287,#3293,#3294));
#3279 = ORIENTED_EDGE('',*,*,#3280,.F.);
#3280 = EDGE_CURVE('',#3281,#3257,#3283,.T.);
#3281 = VERTEX_POINT('',#3282);
#3282 = CARTESIAN_POINT('',(-2.364425582849,58.977272256556,10.));
#3283 = LINE('',#3284,#3285);
#3284 = CARTESIAN_POINT('',(-2.364425582849,58.977272256556,10.));
#3285 = VECTOR('',#3286,1.);
#3286 = DIRECTION('',(-0.999711288748,-2.40278827377E-02,0.));
#3287 = ORIENTED_EDGE('',*,*,#3288,.T.);
#3288 = EDGE_CURVE('',#3281,#1232,#3289,.T.);
#3289 = LINE('',#3290,#3291);
#3290 = CARTESIAN_POINT('',(-2.364425582849,58.977272256556,10.));
#3291 = VECTOR('',#3292,1.);
#3292 = DIRECTION('',(0.,0.,1.));
#3293 = ORIENTED_EDGE('',*,*,#1231,.F.);
#3294 = ORIENTED_EDGE('',*,*,#3264,.F.);
#3295 = PLANE('',#3296);
#3296 = AXIS2_PLACEMENT_3D('',#3297,#3298,#3299);
#3297 = CARTESIAN_POINT('',(-2.364425582849,58.977272256556,10.));
#3298 = DIRECTION('',(2.40278827377E-02,-0.999711288748,0.));
#3299 = DIRECTION('',(-0.999711288748,-2.40278827377E-02,0.));
#3300 = ADVANCED_FACE('',(#3301),#3319,.T.);
#3301 = FACE_BOUND('',#3302,.T.);
#3302 = EDGE_LOOP('',(#3303,#3311,#3317,#3318));
#3303 = ORIENTED_EDGE('',*,*,#3304,.F.);
#3304 = EDGE_CURVE('',#3305,#3281,#3307,.T.);
#3305 = VERTEX_POINT('',#3306);
#3306 = CARTESIAN_POINT('',(-1.182267407057,58.994317932896,10.));
#3307 = LINE('',#3308,#3309);
#3308 = CARTESIAN_POINT('',(-1.182267407057,58.994317932896,10.));
#3309 = VECTOR('',#3310,1.);
#3310 = DIRECTION('',(-0.999896060748,-1.441761768733E-02,0.));
#3311 = ORIENTED_EDGE('',*,*,#3312,.T.);
#3312 = EDGE_CURVE('',#3305,#1240,#3313,.T.);
#3313 = LINE('',#3314,#3315);
#3314 = CARTESIAN_POINT('',(-1.182267407057,58.994317932896,10.));
#3315 = VECTOR('',#3316,1.);
#3316 = DIRECTION('',(0.,0.,1.));
#3317 = ORIENTED_EDGE('',*,*,#1239,.F.);
#3318 = ORIENTED_EDGE('',*,*,#3288,.F.);
#3319 = PLANE('',#3320);
#3320 = AXIS2_PLACEMENT_3D('',#3321,#3322,#3323);
#3321 = CARTESIAN_POINT('',(-1.182267407057,58.994317932896,10.));
#3322 = DIRECTION('',(1.441761768733E-02,-0.999896060748,0.));
#3323 = DIRECTION('',(-0.999896060748,-1.441761768733E-02,0.));
#3324 = ADVANCED_FACE('',(#3325),#3343,.T.);
#3325 = FACE_BOUND('',#3326,.T.);
#3326 = EDGE_LOOP('',(#3327,#3335,#3341,#3342));
#3327 = ORIENTED_EDGE('',*,*,#3328,.F.);
#3328 = EDGE_CURVE('',#3329,#3305,#3331,.T.);
#3329 = VERTEX_POINT('',#3330);
#3330 = CARTESIAN_POINT('',(7.531577814756E-15,59.,10.));
#3331 = LINE('',#3332,#3333);
#3332 = CARTESIAN_POINT('',(7.531577814756E-15,59.,10.));
#3333 = VECTOR('',#3334,1.);
#3334 = DIRECTION('',(-0.999988451016,-4.806020573995E-03,0.));
#3335 = ORIENTED_EDGE('',*,*,#3336,.T.);
#3336 = EDGE_CURVE('',#3329,#1248,#3337,.T.);
#3337 = LINE('',#3338,#3339);
#3338 = CARTESIAN_POINT('',(7.531577814756E-15,59.,10.));
#3339 = VECTOR('',#3340,1.);
#3340 = DIRECTION('',(0.,0.,1.));
#3341 = ORIENTED_EDGE('',*,*,#1247,.F.);
#3342 = ORIENTED_EDGE('',*,*,#3312,.F.);
#3343 = PLANE('',#3344);
#3344 = AXIS2_PLACEMENT_3D('',#3345,#3346,#3347);
#3345 = CARTESIAN_POINT('',(7.531577814756E-15,59.,10.));
#3346 = DIRECTION('',(4.806020573995E-03,-0.999988451016,0.));
#3347 = DIRECTION('',(-0.999988451016,-4.806020573995E-03,0.));
#3348 = ADVANCED_FACE('',(#3349),#3367,.T.);
#3349 = FACE_BOUND('',#3350,.T.);
#3350 = EDGE_LOOP('',(#3351,#3359,#3365,#3366));
#3351 = ORIENTED_EDGE('',*,*,#3352,.F.);
#3352 = EDGE_CURVE('',#3353,#3329,#3355,.T.);
#3353 = VERTEX_POINT('',#3354);
#3354 = CARTESIAN_POINT('',(1.182267407057,58.994317932896,10.));
#3355 = LINE('',#3356,#3357);
#3356 = CARTESIAN_POINT('',(1.182267407057,58.994317932896,10.));
#3357 = VECTOR('',#3358,1.);
#3358 = DIRECTION('',(-0.999988451016,4.806020573995E-03,0.));
#3359 = ORIENTED_EDGE('',*,*,#3360,.T.);
#3360 = EDGE_CURVE('',#3353,#1256,#3361,.T.);
#3361 = LINE('',#3362,#3363);
#3362 = CARTESIAN_POINT('',(1.182267407057,58.994317932896,10.));
#3363 = VECTOR('',#3364,1.);
#3364 = DIRECTION('',(0.,0.,1.));
#3365 = ORIENTED_EDGE('',*,*,#1255,.F.);
#3366 = ORIENTED_EDGE('',*,*,#3336,.F.);
#3367 = PLANE('',#3368);
#3368 = AXIS2_PLACEMENT_3D('',#3369,#3370,#3371);
#3369 = CARTESIAN_POINT('',(1.182267407057,58.994317932896,10.));
#3370 = DIRECTION('',(-4.806020573995E-03,-0.999988451016,0.));
#3371 = DIRECTION('',(-0.999988451016,4.806020573995E-03,0.));
#3372 = ADVANCED_FACE('',(#3373),#3391,.T.);
#3373 = FACE_BOUND('',#3374,.T.);
#3374 = EDGE_LOOP('',(#3375,#3383,#3389,#3390));
#3375 = ORIENTED_EDGE('',*,*,#3376,.F.);
#3376 = EDGE_CURVE('',#3377,#3353,#3379,.T.);
#3377 = VERTEX_POINT('',#3378);
#3378 = CARTESIAN_POINT('',(2.364425582849,58.977272256556,10.));
#3379 = LINE('',#3380,#3381);
#3380 = CARTESIAN_POINT('',(2.364425582849,58.977272256556,10.));
#3381 = VECTOR('',#3382,1.);
#3382 = DIRECTION('',(-0.999896060748,1.441761768733E-02,0.));
#3383 = ORIENTED_EDGE('',*,*,#3384,.T.);
#3384 = EDGE_CURVE('',#3377,#1264,#3385,.T.);
#3385 = LINE('',#3386,#3387);
#3386 = CARTESIAN_POINT('',(2.364425582849,58.977272256556,10.));
#3387 = VECTOR('',#3388,1.);
#3388 = DIRECTION('',(0.,0.,1.));
#3389 = ORIENTED_EDGE('',*,*,#1263,.F.);
#3390 = ORIENTED_EDGE('',*,*,#3360,.F.);
#3391 = PLANE('',#3392);
#3392 = AXIS2_PLACEMENT_3D('',#3393,#3394,#3395);
#3393 = CARTESIAN_POINT('',(2.364425582849,58.977272256556,10.));
#3394 = DIRECTION('',(-1.441761768733E-02,-0.999896060748,0.));
#3395 = DIRECTION('',(-0.999896060748,1.441761768733E-02,0.));
#3396 = ADVANCED_FACE('',(#3397),#3415,.T.);
#3397 = FACE_BOUND('',#3398,.T.);
#3398 = EDGE_LOOP('',(#3399,#3407,#3413,#3414));
#3399 = ORIENTED_EDGE('',*,*,#3400,.F.);
#3400 = EDGE_CURVE('',#3401,#3377,#3403,.T.);
#3401 = VERTEX_POINT('',#3402);
#3402 = CARTESIAN_POINT('',(3.5,58.94997892773,10.));
#3403 = LINE('',#3404,#3405);
#3404 = CARTESIAN_POINT('',(3.546365306206,58.948864545855,10.));
#3405 = VECTOR('',#3406,1.);
#3406 = DIRECTION('',(-0.999711288748,2.40278827377E-02,0.));
#3407 = ORIENTED_EDGE('',*,*,#3408,.T.);
#3408 = EDGE_CURVE('',#3401,#1272,#3409,.T.);
#3409 = LINE('',#3410,#3411);
#3410 = CARTESIAN_POINT('',(3.5,58.94997892773,7.));
#3411 = VECTOR('',#3412,1.);
#3412 = DIRECTION('',(0.,0.,1.));
#3413 = ORIENTED_EDGE('',*,*,#1271,.F.);
#3414 = ORIENTED_EDGE('',*,*,#3384,.F.);
#3415 = PLANE('',#3416);
#3416 = AXIS2_PLACEMENT_3D('',#3417,#3418,#3419);
#3417 = CARTESIAN_POINT('',(3.546365306206,58.948864545855,10.));
#3418 = DIRECTION('',(-2.40278827377E-02,-0.999711288748,0.));
#3419 = DIRECTION('',(-0.999711288748,2.40278827377E-02,0.));
#3420 = ADVANCED_FACE('',(#3421),#3447,.F.);
#3421 = FACE_BOUND('',#3422,.F.);
#3422 = EDGE_LOOP('',(#3423,#3424,#3430,#3438,#3444,#3445,#3446));
#3423 = ORIENTED_EDGE('',*,*,#1328,.F.);
#3424 = ORIENTED_EDGE('',*,*,#3425,.T.);
#3425 = EDGE_CURVE('',#1329,#2277,#3426,.T.);
#3426 = LINE('',#3427,#3428);
#3427 = CARTESIAN_POINT('',(3.5,10.918288821889,4.));
#3428 = VECTOR('',#3429,1.);
#3429 = DIRECTION('',(0.,0.,1.));
#3430 = ORIENTED_EDGE('',*,*,#3431,.T.);
#3431 = EDGE_CURVE('',#2277,#3432,#3434,.T.);
#3432 = VERTEX_POINT('',#3433);
#3433 = CARTESIAN_POINT('',(3.5,10.918288821889,10.));
#3434 = LINE('',#3435,#3436);
#3435 = CARTESIAN_POINT('',(3.5,10.918288821889,4.));
#3436 = VECTOR('',#3437,1.);
#3437 = DIRECTION('',(0.,0.,1.));
#3438 = ORIENTED_EDGE('',*,*,#3439,.T.);
#3439 = EDGE_CURVE('',#3432,#3401,#3440,.T.);
#3440 = LINE('',#3441,#3442);
#3441 = CARTESIAN_POINT('',(3.5,-15.93458606827,10.));
#3442 = VECTOR('',#3443,1.);
#3443 = DIRECTION('',(1.110223024625E-16,1.,0.));
#3444 = ORIENTED_EDGE('',*,*,#3408,.T.);
#3445 = ORIENTED_EDGE('',*,*,#1279,.T.);
#3446 = ORIENTED_EDGE('',*,*,#1311,.F.);
#3447 = PLANE('',#3448);
#3448 = AXIS2_PLACEMENT_3D('',#3449,#3450,#3451);
#3449 = CARTESIAN_POINT('',(3.5,-64.,4.));
#3450 = DIRECTION('',(-1.,1.110223024625E-16,0.));
#3451 = DIRECTION('',(0.,0.,1.));
#3452 = ADVANCED_FACE('',(#3453),#3459,.T.);
#3453 = FACE_BOUND('',#3454,.T.);
#3454 = EDGE_LOOP('',(#3455,#3456,#3457,#3458));
#3455 = ORIENTED_EDGE('',*,*,#2276,.F.);
#3456 = ORIENTED_EDGE('',*,*,#2179,.F.);
#3457 = ORIENTED_EDGE('',*,*,#1336,.T.);
#3458 = ORIENTED_EDGE('',*,*,#3425,.T.);
#3459 = CYLINDRICAL_SURFACE('',#3460,75.);
#3460 = AXIS2_PLACEMENT_3D('',#3461,#3462,#3463);
#3461 = CARTESIAN_POINT('',(0.,-64.,4.));
#3462 = DIRECTION('',(0.,0.,1.));
#3463 = DIRECTION('',(1.,0.,0.));
#3464 = ADVANCED_FACE('',(#3465),#3490,.F.);
#3465 = FACE_BOUND('',#3466,.F.);
#3466 = EDGE_LOOP('',(#3467,#3475,#3476,#3484));
#3467 = ORIENTED_EDGE('',*,*,#3468,.F.);
#3468 = EDGE_CURVE('',#1370,#3469,#3471,.T.);
#3469 = VERTEX_POINT('',#3470);
#3470 = CARTESIAN_POINT('',(51.311741722233,45.745638461995,26.));
#3471 = LINE('',#3472,#3473);
#3472 = CARTESIAN_POINT('',(51.311741722233,45.745638461995,3.8));
#3473 = VECTOR('',#3474,1.);
#3474 = DIRECTION('',(0.,0.,1.));
#3475 = ORIENTED_EDGE('',*,*,#1369,.T.);
#3476 = ORIENTED_EDGE('',*,*,#3477,.T.);
#3477 = EDGE_CURVE('',#1372,#3478,#3480,.T.);
#3478 = VERTEX_POINT('',#3479);
#3479 = CARTESIAN_POINT('',(44.504870800578,29.082310215335,26.));
#3480 = LINE('',#3481,#3482);
#3481 = CARTESIAN_POINT('',(44.504870800578,29.082310215335,3.8));
#3482 = VECTOR('',#3483,1.);
#3483 = DIRECTION('',(0.,0.,1.));
#3484 = ORIENTED_EDGE('',*,*,#3485,.T.);
#3485 = EDGE_CURVE('',#3478,#3469,#3486,.T.);
#3486 = LINE('',#3487,#3488);
#3487 = CARTESIAN_POINT('',(44.504870800578,29.082310215335,26.));
#3488 = VECTOR('',#3489,1.);
#3489 = DIRECTION('',(0.378159495647,0.925740458148,0.));
#3490 = PLANE('',#3491);
#3491 = AXIS2_PLACEMENT_3D('',#3492,#3493,#3494);
#3492 = CARTESIAN_POINT('',(44.504870800578,29.082310215335,3.8));
#3493 = DIRECTION('',(-0.925740458148,0.378159495647,0.));
#3494 = DIRECTION('',(0.,0.,1.));
#3495 = ADVANCED_FACE('',(#3496),#3514,.F.);
#3496 = FACE_BOUND('',#3497,.F.);
#3497 = EDGE_LOOP('',(#3498,#3499,#3500,#3508));
#3498 = ORIENTED_EDGE('',*,*,#3477,.F.);
#3499 = ORIENTED_EDGE('',*,*,#1379,.T.);
#3500 = ORIENTED_EDGE('',*,*,#3501,.T.);
#3501 = EDGE_CURVE('',#1380,#3502,#3504,.T.);
#3502 = VERTEX_POINT('',#3503);
#3503 = CARTESIAN_POINT('',(33.395985302805,33.620224163105,26.));
#3504 = LINE('',#3505,#3506);
#3505 = CARTESIAN_POINT('',(33.395985302805,33.620224163105,3.8));
#3506 = VECTOR('',#3507,1.);
#3507 = DIRECTION('',(0.,0.,1.));
#3508 = ORIENTED_EDGE('',*,*,#3509,.F.);
#3509 = EDGE_CURVE('',#3478,#3502,#3510,.T.);
#3510 = LINE('',#3511,#3512);
#3511 = CARTESIAN_POINT('',(44.504870800578,29.082310215335,26.));
#3512 = VECTOR('',#3513,1.);
#3513 = DIRECTION('',(-0.925740458148,0.378159495647,0.));
#3514 = PLANE('',#3515);
#3515 = AXIS2_PLACEMENT_3D('',#3516,#3517,#3518);
#3516 = CARTESIAN_POINT('',(44.504870800578,29.082310215335,3.8));
#3517 = DIRECTION('',(0.378159495647,0.925740458148,0.));
#3518 = DIRECTION('',(0.,0.,1.));
#3519 = ADVANCED_FACE('',(#3520),#3538,.T.);
#3520 = FACE_BOUND('',#3521,.T.);
#3521 = EDGE_LOOP('',(#3522,#3530,#3531,#3532));
#3522 = ORIENTED_EDGE('',*,*,#3523,.F.);
#3523 = EDGE_CURVE('',#1388,#3524,#3526,.T.);
#3524 = VERTEX_POINT('',#3525);
#3525 = CARTESIAN_POINT('',(40.20285622446,50.283552409764,26.));
#3526 = LINE('',#3527,#3528);
#3527 = CARTESIAN_POINT('',(40.20285622446,50.283552409764,3.8));
#3528 = VECTOR('',#3529,1.);
#3529 = DIRECTION('',(0.,0.,1.));
#3530 = ORIENTED_EDGE('',*,*,#1387,.T.);
#3531 = ORIENTED_EDGE('',*,*,#3501,.T.);
#3532 = ORIENTED_EDGE('',*,*,#3533,.T.);
#3533 = EDGE_CURVE('',#3502,#3524,#3534,.T.);
#3534 = LINE('',#3535,#3536);
#3535 = CARTESIAN_POINT('',(33.395985302805,33.620224163105,26.));
#3536 = VECTOR('',#3537,1.);
#3537 = DIRECTION('',(0.378159495647,0.925740458148,0.));
#3538 = PLANE('',#3539);
#3539 = AXIS2_PLACEMENT_3D('',#3540,#3541,#3542);
#3540 = CARTESIAN_POINT('',(33.395985302805,33.620224163105,3.8));
#3541 = DIRECTION('',(-0.925740458148,0.378159495647,0.));
#3542 = DIRECTION('',(0.,0.,1.));
#3543 = ADVANCED_FACE('',(#3544),#3555,.T.);
#3544 = FACE_BOUND('',#3545,.T.);
#3545 = EDGE_LOOP('',(#3546,#3547,#3548,#3549));
#3546 = ORIENTED_EDGE('',*,*,#3468,.F.);
#3547 = ORIENTED_EDGE('',*,*,#1395,.T.);
#3548 = ORIENTED_EDGE('',*,*,#3523,.T.);
#3549 = ORIENTED_EDGE('',*,*,#3550,.F.);
#3550 = EDGE_CURVE('',#3469,#3524,#3551,.T.);
#3551 = LINE('',#3552,#3553);
#3552 = CARTESIAN_POINT('',(51.311741722233,45.745638461995,26.));
#3553 = VECTOR('',#3554,1.);
#3554 = DIRECTION('',(-0.925740458148,0.378159495647,0.));
#3555 = PLANE('',#3556);
#3556 = AXIS2_PLACEMENT_3D('',#3557,#3558,#3559);
#3557 = CARTESIAN_POINT('',(51.311741722233,45.745638461995,3.8));
#3558 = DIRECTION('',(0.378159495647,0.925740458148,0.));
#3559 = DIRECTION('',(0.,0.,1.));
#3560 = ADVANCED_FACE('',(#3561),#3577,.T.);
#3561 = FACE_BOUND('',#3562,.T.);
#3562 = EDGE_LOOP('',(#3563,#3569,#3570,#3576));
#3563 = ORIENTED_EDGE('',*,*,#3564,.F.);
#3564 = EDGE_CURVE('',#1828,#1445,#3565,.T.);
#3565 = LINE('',#3566,#3567);
#3566 = CARTESIAN_POINT('',(119.3,83.7,-1.));
#3567 = VECTOR('',#3568,1.);
#3568 = DIRECTION('',(0.,0.,1.));
#3569 = ORIENTED_EDGE('',*,*,#1827,.F.);
#3570 = ORIENTED_EDGE('',*,*,#3571,.T.);
#3571 = EDGE_CURVE('',#1820,#1447,#3572,.T.);
#3572 = LINE('',#3573,#3574);
#3573 = CARTESIAN_POINT('',(110.7,83.7,-1.));
#3574 = VECTOR('',#3575,1.);
#3575 = DIRECTION('',(0.,0.,1.));
#3576 = ORIENTED_EDGE('',*,*,#1444,.F.);
#3577 = PLANE('',#3578);
#3578 = AXIS2_PLACEMENT_3D('',#3579,#3580,#3581);
#3579 = CARTESIAN_POINT('',(110.7,83.7,-1.));
#3580 = DIRECTION('',(0.,1.,0.));
#3581 = DIRECTION('',(0.,0.,1.));
#3582 = ADVANCED_FACE('',(#3583),#3595,.T.);
#3583 = FACE_BOUND('',#3584,.T.);
#3584 = EDGE_LOOP('',(#3585,#3586,#3587,#3588,#3594));
#3585 = ORIENTED_EDGE('',*,*,#3571,.F.);
#3586 = ORIENTED_EDGE('',*,*,#1819,.F.);
#3587 = ORIENTED_EDGE('',*,*,#1884,.F.);
#3588 = ORIENTED_EDGE('',*,*,#3589,.T.);
#3589 = EDGE_CURVE('',#1877,#1455,#3590,.T.);
#3590 = LINE('',#3591,#3592);
#3591 = CARTESIAN_POINT('',(110.7,96.3,-1.));
#3592 = VECTOR('',#3593,1.);
#3593 = DIRECTION('',(0.,0.,1.));
#3594 = ORIENTED_EDGE('',*,*,#1454,.F.);
#3595 = PLANE('',#3596);
#3596 = AXIS2_PLACEMENT_3D('',#3597,#3598,#3599);
#3597 = CARTESIAN_POINT('',(110.7,83.7,-1.));
#3598 = DIRECTION('',(1.,0.,0.));
#3599 = DIRECTION('',(0.,0.,1.));
#3600 = ADVANCED_FACE('',(#3601),#3612,.F.);
#3601 = FACE_BOUND('',#3602,.F.);
#3602 = EDGE_LOOP('',(#3603,#3609,#3610,#3611));
#3603 = ORIENTED_EDGE('',*,*,#3604,.F.);
#3604 = EDGE_CURVE('',#1869,#1463,#3605,.T.);
#3605 = LINE('',#3606,#3607);
#3606 = CARTESIAN_POINT('',(119.3,96.3,-1.));
#3607 = VECTOR('',#3608,1.);
#3608 = DIRECTION('',(0.,0.,1.));
#3609 = ORIENTED_EDGE('',*,*,#1876,.F.);
#3610 = ORIENTED_EDGE('',*,*,#3589,.T.);
#3611 = ORIENTED_EDGE('',*,*,#1462,.F.);
#3612 = PLANE('',#3613);
#3613 = AXIS2_PLACEMENT_3D('',#3614,#3615,#3616);
#3614 = CARTESIAN_POINT('',(110.7,96.3,-1.));
#3615 = DIRECTION('',(0.,1.,0.));
#3616 = DIRECTION('',(0.,0.,1.));
#3617 = ADVANCED_FACE('',(#3618),#3625,.F.);
#3618 = FACE_BOUND('',#3619,.F.);
#3619 = EDGE_LOOP('',(#3620,#3621,#3622,#3623,#3624));
#3620 = ORIENTED_EDGE('',*,*,#3564,.F.);
#3621 = ORIENTED_EDGE('',*,*,#1835,.F.);
#3622 = ORIENTED_EDGE('',*,*,#1868,.F.);
#3623 = ORIENTED_EDGE('',*,*,#3604,.T.);
#3624 = ORIENTED_EDGE('',*,*,#1470,.F.);
#3625 = PLANE('',#3626);
#3626 = AXIS2_PLACEMENT_3D('',#3627,#3628,#3629);
#3627 = CARTESIAN_POINT('',(119.3,83.7,-1.));
#3628 = DIRECTION('',(1.,0.,0.));
#3629 = DIRECTION('',(0.,0.,1.));
#3630 = ADVANCED_FACE('',(#3631),#3647,.T.);
#3631 = FACE_BOUND('',#3632,.T.);
#3632 = EDGE_LOOP('',(#3633,#3639,#3640,#3646));
#3633 = ORIENTED_EDGE('',*,*,#3634,.F.);
#3634 = EDGE_CURVE('',#2054,#1504,#3635,.T.);
#3635 = LINE('',#3636,#3637);
#3636 = CARTESIAN_POINT('',(119.3,-96.3,-1.));
#3637 = VECTOR('',#3638,1.);
#3638 = DIRECTION('',(0.,0.,1.));
#3639 = ORIENTED_EDGE('',*,*,#2053,.F.);
#3640 = ORIENTED_EDGE('',*,*,#3641,.T.);
#3641 = EDGE_CURVE('',#2046,#1506,#3642,.T.);
#3642 = LINE('',#3643,#3644);
#3643 = CARTESIAN_POINT('',(110.7,-96.3,-1.));
#3644 = VECTOR('',#3645,1.);
#3645 = DIRECTION('',(0.,0.,1.));
#3646 = ORIENTED_EDGE('',*,*,#1503,.F.);
#3647 = PLANE('',#3648);
#3648 = AXIS2_PLACEMENT_3D('',#3649,#3650,#3651);
#3649 = CARTESIAN_POINT('',(110.7,-96.3,-1.));
#3650 = DIRECTION('',(0.,1.,0.));
#3651 = DIRECTION('',(0.,0.,1.));
#3652 = ADVANCED_FACE('',(#3653),#3665,.T.);
#3653 = FACE_BOUND('',#3654,.T.);
#3654 = EDGE_LOOP('',(#3655,#3656,#3657,#3658,#3664));
#3655 = ORIENTED_EDGE('',*,*,#3641,.F.);
#3656 = ORIENTED_EDGE('',*,*,#2045,.F.);
#3657 = ORIENTED_EDGE('',*,*,#2112,.F.);
#3658 = ORIENTED_EDGE('',*,*,#3659,.T.);
#3659 = EDGE_CURVE('',#2105,#1514,#3660,.T.);
#3660 = LINE('',#3661,#3662);
#3661 = CARTESIAN_POINT('',(110.7,-83.7,-1.));
#3662 = VECTOR('',#3663,1.);
#3663 = DIRECTION('',(0.,0.,1.));
#3664 = ORIENTED_EDGE('',*,*,#1513,.F.);
#3665 = PLANE('',#3666);
#3666 = AXIS2_PLACEMENT_3D('',#3667,#3668,#3669);
#3667 = CARTESIAN_POINT('',(110.7,-96.3,-1.));
#3668 = DIRECTION('',(1.,0.,0.));
#3669 = DIRECTION('',(0.,0.,1.));
#3670 = ADVANCED_FACE('',(#3671),#3682,.F.);
#3671 = FACE_BOUND('',#3672,.F.);
#3672 = EDGE_LOOP('',(#3673,#3679,#3680,#3681));
#3673 = ORIENTED_EDGE('',*,*,#3674,.F.);
#3674 = EDGE_CURVE('',#2097,#1522,#3675,.T.);
#3675 = LINE('',#3676,#3677);
#3676 = CARTESIAN_POINT('',(119.3,-83.7,-1.));
#3677 = VECTOR('',#3678,1.);
#3678 = DIRECTION('',(0.,0.,1.));
#3679 = ORIENTED_EDGE('',*,*,#2104,.F.);
#3680 = ORIENTED_EDGE('',*,*,#3659,.T.);
#3681 = ORIENTED_EDGE('',*,*,#1521,.F.);
#3682 = PLANE('',#3683);
#3683 = AXIS2_PLACEMENT_3D('',#3684,#3685,#3686);
#3684 = CARTESIAN_POINT('',(110.7,-83.7,-1.));
#3685 = DIRECTION('',(0.,1.,0.));
#3686 = DIRECTION('',(0.,0.,1.));
#3687 = ADVANCED_FACE('',(#3688),#3695,.F.);
#3688 = FACE_BOUND('',#3689,.F.);
#3689 = EDGE_LOOP('',(#3690,#3691,#3692,#3693,#3694));
#3690 = ORIENTED_EDGE('',*,*,#3634,.F.);
#3691 = ORIENTED_EDGE('',*,*,#2061,.F.);
#3692 = ORIENTED_EDGE('',*,*,#2096,.F.);
#3693 = ORIENTED_EDGE('',*,*,#3674,.T.);
#3694 = ORIENTED_EDGE('',*,*,#1529,.F.);
#3695 = PLANE('',#3696);
#3696 = AXIS2_PLACEMENT_3D('',#3697,#3698,#3699);
#3697 = CARTESIAN_POINT('',(119.3,-96.3,-1.));
#3698 = DIRECTION('',(1.,0.,0.));
#3699 = DIRECTION('',(0.,0.,1.));
#3700 = ADVANCED_FACE('',(#3701),#3712,.F.);
#3701 = FACE_BOUND('',#3702,.F.);
#3702 = EDGE_LOOP('',(#3703,#3704,#3705,#3711));
#3703 = ORIENTED_EDGE('',*,*,#1551,.F.);
#3704 = ORIENTED_EDGE('',*,*,#1585,.T.);
#3705 = ORIENTED_EDGE('',*,*,#3706,.F.);
#3706 = EDGE_CURVE('',#2520,#1586,#3707,.T.);
#3707 = LINE('',#3708,#3709);
#3708 = CARTESIAN_POINT('',(85.,-87.32521344509,4.));
#3709 = VECTOR('',#3710,1.);
#3710 = DIRECTION('',(0.,0.,-1.));
#3711 = ORIENTED_EDGE('',*,*,#2527,.T.);
#3712 = PLANE('',#3713);
#3713 = AXIS2_PLACEMENT_3D('',#3714,#3715,#3716);
#3714 = CARTESIAN_POINT('',(85.,-115.,4.));
#3715 = DIRECTION('',(1.,0.,0.));
#3716 = DIRECTION('',(0.,0.,1.));
#3717 = ADVANCED_FACE('',(#3718),#3730,.F.);
#3718 = FACE_BOUND('',#3719,.F.);
#3719 = EDGE_LOOP('',(#3720,#3726,#3727,#3728,#3729));
#3720 = ORIENTED_EDGE('',*,*,#3721,.T.);
#3721 = EDGE_CURVE('',#1594,#2349,#3722,.T.);
#3722 = LINE('',#3723,#3724);
#3723 = CARTESIAN_POINT('',(72.186241413227,-84.35059091602,4.));
#3724 = VECTOR('',#3725,1.);
#3725 = DIRECTION('',(0.,0.,1.));
#3726 = ORIENTED_EDGE('',*,*,#2502,.T.);
#3727 = ORIENTED_EDGE('',*,*,#2519,.T.);
#3728 = ORIENTED_EDGE('',*,*,#3706,.T.);
#3729 = ORIENTED_EDGE('',*,*,#1593,.F.);
#3730 = PLANE('',#3731);
#3731 = AXIS2_PLACEMENT_3D('',#3732,#3733,#3734);
#3732 = CARTESIAN_POINT('',(-0.791453975198,-67.40934020085,4.));
#3733 = DIRECTION('',(0.226129707199,0.974097200243,0.));
#3734 = DIRECTION('',(0.,0.,1.));
#3735 = ADVANCED_FACE('',(#3736),#3747,.T.);
#3736 = FACE_BOUND('',#3737,.T.);
#3737 = EDGE_LOOP('',(#3738,#3744,#3745,#3746));
#3738 = ORIENTED_EDGE('',*,*,#3739,.F.);
#3739 = EDGE_CURVE('',#1602,#2340,#3740,.T.);
#3740 = LINE('',#3741,#3742);
#3741 = CARTESIAN_POINT('',(3.5,-138.9182888218,4.));
#3742 = VECTOR('',#3743,1.);
#3743 = DIRECTION('',(0.,0.,1.));
#3744 = ORIENTED_EDGE('',*,*,#1601,.T.);
#3745 = ORIENTED_EDGE('',*,*,#3721,.T.);
#3746 = ORIENTED_EDGE('',*,*,#2348,.F.);
#3747 = CYLINDRICAL_SURFACE('',#3748,75.);
#3748 = AXIS2_PLACEMENT_3D('',#3749,#3750,#3751);
#3749 = CARTESIAN_POINT('',(0.,-64.,4.));
#3750 = DIRECTION('',(0.,0.,1.));
#3751 = DIRECTION('',(1.,0.,0.));
#3752 = ADVANCED_FACE('',(#3753),#3765,.T.);
#3753 = FACE_BOUND('',#3754,.T.);
#3754 = EDGE_LOOP('',(#3755,#3756,#3762,#3763,#3764));
#3755 = ORIENTED_EDGE('',*,*,#3739,.T.);
#3756 = ORIENTED_EDGE('',*,*,#3757,.T.);
#3757 = EDGE_CURVE('',#2340,#2792,#3758,.T.);
#3758 = LINE('',#3759,#3760);
#3759 = CARTESIAN_POINT('',(3.5,-138.9182888218,4.));
#3760 = VECTOR('',#3761,1.);
#3761 = DIRECTION('',(0.,0.,1.));
#3762 = ORIENTED_EDGE('',*,*,#2826,.T.);
#3763 = ORIENTED_EDGE('',*,*,#1633,.F.);
#3764 = ORIENTED_EDGE('',*,*,#1610,.F.);
#3765 = PLANE('',#3766);
#3766 = AXIS2_PLACEMENT_3D('',#3767,#3768,#3769);
#3767 = CARTESIAN_POINT('',(3.5,-64.,4.));
#3768 = DIRECTION('',(1.,1.110223024625E-16,0.));
#3769 = DIRECTION('',(0.,0.,1.));
#3770 = ADVANCED_FACE('',(#3771),#3778,.T.);
#3771 = FACE_BOUND('',#3772,.T.);
#3772 = EDGE_LOOP('',(#3773,#3774,#3775,#3776,#3777));
#3773 = ORIENTED_EDGE('',*,*,#1721,.T.);
#3774 = ORIENTED_EDGE('',*,*,#1690,.T.);
#3775 = ORIENTED_EDGE('',*,*,#1859,.T.);
#3776 = ORIENTED_EDGE('',*,*,#1803,.T.);
#3777 = ORIENTED_EDGE('',*,*,#1779,.T.);
#3778 = PLANE('',#3779);
#3779 = AXIS2_PLACEMENT_3D('',#3780,#3781,#3782);
#3780 = CARTESIAN_POINT('',(89.6,90.,9.343075305071));
#3781 = DIRECTION('',(1.,0.,0.));
#3782 = DIRECTION('',(0.,0.,1.));
#3783 = ADVANCED_FACE('',(#3784),#3792,.T.);
#3784 = FACE_BOUND('',#3785,.T.);
#3785 = EDGE_LOOP('',(#3786,#3787,#3788,#3789,#3790,#3791));
#3786 = ORIENTED_EDGE('',*,*,#1988,.T.);
#3787 = ORIENTED_EDGE('',*,*,#1930,.T.);
#3788 = ORIENTED_EDGE('',*,*,#1899,.T.);
#3789 = ORIENTED_EDGE('',*,*,#2085,.T.);
#3790 = ORIENTED_EDGE('',*,*,#2542,.T.);
#3791 = ORIENTED_EDGE('',*,*,#2012,.T.);
#3792 = PLANE('',#3793);
#3793 = AXIS2_PLACEMENT_3D('',#3794,#3795,#3796);
#3794 = CARTESIAN_POINT('',(89.6,-90.,9.343075305071));
#3795 = DIRECTION('',(1.,0.,0.));
#3796 = DIRECTION('',(0.,0.,1.));
#3797 = ADVANCED_FACE('',(#3798),#3810,.F.);
#3798 = FACE_BOUND('',#3799,.F.);
#3799 = EDGE_LOOP('',(#3800,#3801,#3802,#3803));
#3800 = ORIENTED_EDGE('',*,*,#3431,.F.);
#3801 = ORIENTED_EDGE('',*,*,#2285,.T.);
#3802 = ORIENTED_EDGE('',*,*,#3248,.T.);
#3803 = ORIENTED_EDGE('',*,*,#3804,.F.);
#3804 = EDGE_CURVE('',#3432,#3249,#3805,.T.);
#3805 = CIRCLE('',#3806,75.);
#3806 = AXIS2_PLACEMENT_3D('',#3807,#3808,#3809);
#3807 = CARTESIAN_POINT('',(0.,-64.,10.));
#3808 = DIRECTION('',(0.,0.,1.));
#3809 = DIRECTION('',(1.,0.,-0.));
#3810 = CYLINDRICAL_SURFACE('',#3811,75.);
#3811 = AXIS2_PLACEMENT_3D('',#3812,#3813,#3814);
#3812 = CARTESIAN_POINT('',(0.,-64.,8.8));
#3813 = DIRECTION('',(0.,0.,1.));
#3814 = DIRECTION('',(1.,0.,-0.));
#3815 = ADVANCED_FACE('',(#3816),#3835,.T.);
#3816 = FACE_BOUND('',#3817,.T.);
#3817 = EDGE_LOOP('',(#3818,#3819,#3820,#3829));
#3818 = ORIENTED_EDGE('',*,*,#2294,.F.);
#3819 = ORIENTED_EDGE('',*,*,#3242,.F.);
#3820 = ORIENTED_EDGE('',*,*,#3821,.T.);
#3821 = EDGE_CURVE('',#3235,#3822,#3824,.T.);
#3822 = VERTEX_POINT('',#3823);
#3823 = CARTESIAN_POINT('',(-41.23424082821,-1.352275513627,4.));
#3824 = CIRCLE('',#3825,75.);
#3825 = AXIS2_PLACEMENT_3D('',#3826,#3827,#3828);
#3826 = CARTESIAN_POINT('',(0.,-64.,4.));
#3827 = DIRECTION('',(0.,0.,1.));
#3828 = DIRECTION('',(1.,0.,0.));
#3829 = ORIENTED_EDGE('',*,*,#3830,.T.);
#3830 = EDGE_CURVE('',#3822,#2295,#3831,.T.);
#3831 = LINE('',#3832,#3833);
#3832 = CARTESIAN_POINT('',(-41.23424082821,-1.352275513627,4.));
#3833 = VECTOR('',#3834,1.);
#3834 = DIRECTION('',(0.,0.,1.));
#3835 = CYLINDRICAL_SURFACE('',#3836,75.);
#3836 = AXIS2_PLACEMENT_3D('',#3837,#3838,#3839);
#3837 = CARTESIAN_POINT('',(0.,-64.,4.));
#3838 = DIRECTION('',(0.,0.,1.));
#3839 = DIRECTION('',(1.,0.,0.));
#3840 = ADVANCED_FACE('',(#3841),#3867,.F.);
#3841 = FACE_BOUND('',#3842,.F.);
#3842 = EDGE_LOOP('',(#3843,#3851,#3852,#3860));
#3843 = ORIENTED_EDGE('',*,*,#3844,.F.);
#3844 = EDGE_CURVE('',#2295,#3845,#3847,.T.);
#3845 = VERTEX_POINT('',#3846);
#3846 = CARTESIAN_POINT('',(-41.23424082821,-1.352275513627,10.));
#3847 = LINE('',#3848,#3849);
#3848 = CARTESIAN_POINT('',(-41.23424082821,-1.352275513627,4.));
#3849 = VECTOR('',#3850,1.);
#3850 = DIRECTION('',(0.,0.,1.));
#3851 = ORIENTED_EDGE('',*,*,#2303,.T.);
#3852 = ORIENTED_EDGE('',*,*,#3853,.T.);
#3853 = EDGE_CURVE('',#2304,#3854,#3856,.T.);
#3854 = VERTEX_POINT('',#3855);
#3855 = CARTESIAN_POINT('',(-46.89539341834,-5.469477397353,10.));
#3856 = LINE('',#3857,#3858);
#3857 = CARTESIAN_POINT('',(-46.89539341834,-5.469477397353,4.));
#3858 = VECTOR('',#3859,1.);
#3859 = DIRECTION('',(0.,0.,1.));
#3860 = ORIENTED_EDGE('',*,*,#3861,.F.);
#3861 = EDGE_CURVE('',#3845,#3854,#3862,.T.);
#3862 = CIRCLE('',#3863,75.);
#3863 = AXIS2_PLACEMENT_3D('',#3864,#3865,#3866);
#3864 = CARTESIAN_POINT('',(0.,-64.,10.));
#3865 = DIRECTION('',(0.,0.,1.));
#3866 = DIRECTION('',(1.,0.,-0.));
#3867 = CYLINDRICAL_SURFACE('',#3868,75.);
#3868 = AXIS2_PLACEMENT_3D('',#3869,#3870,#3871);
#3869 = CARTESIAN_POINT('',(0.,-64.,8.8));
#3870 = DIRECTION('',(0.,0.,1.));
#3871 = DIRECTION('',(1.,0.,-0.));
#3872 = ADVANCED_FACE('',(#3873),#3899,.T.);
#3873 = FACE_BOUND('',#3874,.T.);
#3874 = EDGE_LOOP('',(#3875,#3876,#3884,#3893));
#3875 = ORIENTED_EDGE('',*,*,#2312,.F.);
#3876 = ORIENTED_EDGE('',*,*,#3877,.F.);
#3877 = EDGE_CURVE('',#3878,#2304,#3880,.T.);
#3878 = VERTEX_POINT('',#3879);
#3879 = CARTESIAN_POINT('',(-46.89539341834,-5.469477397353,4.));
#3880 = LINE('',#3881,#3882);
#3881 = CARTESIAN_POINT('',(-46.89539341834,-5.469477397353,4.));
#3882 = VECTOR('',#3883,1.);
#3883 = DIRECTION('',(0.,0.,1.));
#3884 = ORIENTED_EDGE('',*,*,#3885,.T.);
#3885 = EDGE_CURVE('',#3878,#3886,#3888,.T.);
#3886 = VERTEX_POINT('',#3887);
#3887 = CARTESIAN_POINT('',(-73.76914936362,-77.53191051431,4.));
#3888 = CIRCLE('',#3889,75.);
#3889 = AXIS2_PLACEMENT_3D('',#3890,#3891,#3892);
#3890 = CARTESIAN_POINT('',(0.,-64.,4.));
#3891 = DIRECTION('',(0.,0.,1.));
#3892 = DIRECTION('',(1.,0.,0.));
#3893 = ORIENTED_EDGE('',*,*,#3894,.T.);
#3894 = EDGE_CURVE('',#3886,#2313,#3895,.T.);
#3895 = LINE('',#3896,#3897);
#3896 = CARTESIAN_POINT('',(-73.76914936362,-77.53191051431,4.));
#3897 = VECTOR('',#3898,1.);
#3898 = DIRECTION('',(0.,0.,1.));
#3899 = CYLINDRICAL_SURFACE('',#3900,75.);
#3900 = AXIS2_PLACEMENT_3D('',#3901,#3902,#3903);
#3901 = CARTESIAN_POINT('',(0.,-64.,4.));
#3902 = DIRECTION('',(0.,0.,1.));
#3903 = DIRECTION('',(1.,0.,0.));
#3904 = ADVANCED_FACE('',(#3905),#3931,.F.);
#3905 = FACE_BOUND('',#3906,.F.);
#3906 = EDGE_LOOP('',(#3907,#3915,#3924,#3930));
#3907 = ORIENTED_EDGE('',*,*,#3908,.T.);
#3908 = EDGE_CURVE('',#2322,#3909,#3911,.T.);
#3909 = VERTEX_POINT('',#3910);
#3910 = CARTESIAN_POINT('',(-72.18624141322,-84.35059091602,10.));
#3911 = LINE('',#3912,#3913);
#3912 = CARTESIAN_POINT('',(-72.18624141322,-84.35059091602,4.));
#3913 = VECTOR('',#3914,1.);
#3914 = DIRECTION('',(0.,0.,1.));
#3915 = ORIENTED_EDGE('',*,*,#3916,.F.);
#3916 = EDGE_CURVE('',#3917,#3909,#3919,.T.);
#3917 = VERTEX_POINT('',#3918);
#3918 = CARTESIAN_POINT('',(-73.76914936362,-77.53191051431,10.));
#3919 = CIRCLE('',#3920,75.);
#3920 = AXIS2_PLACEMENT_3D('',#3921,#3922,#3923);
#3921 = CARTESIAN_POINT('',(0.,-64.,10.));
#3922 = DIRECTION('',(0.,0.,1.));
#3923 = DIRECTION('',(1.,0.,-0.));
#3924 = ORIENTED_EDGE('',*,*,#3925,.F.);
#3925 = EDGE_CURVE('',#2313,#3917,#3926,.T.);
#3926 = LINE('',#3927,#3928);
#3927 = CARTESIAN_POINT('',(-73.76914936362,-77.53191051431,4.));
#3928 = VECTOR('',#3929,1.);
#3929 = DIRECTION('',(0.,0.,1.));
#3930 = ORIENTED_EDGE('',*,*,#2321,.T.);
#3931 = CYLINDRICAL_SURFACE('',#3932,75.);
#3932 = AXIS2_PLACEMENT_3D('',#3933,#3934,#3935);
#3933 = CARTESIAN_POINT('',(0.,-64.,8.8));
#3934 = DIRECTION('',(0.,0.,1.));
#3935 = DIRECTION('',(1.,0.,-0.));
#3936 = ADVANCED_FACE('',(#3937),#3963,.T.);
#3937 = FACE_BOUND('',#3938,.T.);
#3938 = EDGE_LOOP('',(#3939,#3940,#3948,#3957));
#3939 = ORIENTED_EDGE('',*,*,#2330,.F.);
#3940 = ORIENTED_EDGE('',*,*,#3941,.F.);
#3941 = EDGE_CURVE('',#3942,#2322,#3944,.T.);
#3942 = VERTEX_POINT('',#3943);
#3943 = CARTESIAN_POINT('',(-72.18624141322,-84.35059091602,4.));
#3944 = LINE('',#3945,#3946);
#3945 = CARTESIAN_POINT('',(-72.18624141322,-84.35059091602,4.));
#3946 = VECTOR('',#3947,1.);
#3947 = DIRECTION('',(0.,0.,1.));
#3948 = ORIENTED_EDGE('',*,*,#3949,.T.);
#3949 = EDGE_CURVE('',#3942,#3950,#3952,.T.);
#3950 = VERTEX_POINT('',#3951);
#3951 = CARTESIAN_POINT('',(-3.5,-138.9182888218,4.));
#3952 = CIRCLE('',#3953,75.);
#3953 = AXIS2_PLACEMENT_3D('',#3954,#3955,#3956);
#3954 = CARTESIAN_POINT('',(0.,-64.,4.));
#3955 = DIRECTION('',(0.,0.,1.));
#3956 = DIRECTION('',(1.,0.,0.));
#3957 = ORIENTED_EDGE('',*,*,#3958,.T.);
#3958 = EDGE_CURVE('',#3950,#2331,#3959,.T.);
#3959 = LINE('',#3960,#3961);
#3960 = CARTESIAN_POINT('',(-3.5,-138.9182888218,4.));
#3961 = VECTOR('',#3962,1.);
#3962 = DIRECTION('',(0.,0.,1.));
#3963 = CYLINDRICAL_SURFACE('',#3964,75.);
#3964 = AXIS2_PLACEMENT_3D('',#3965,#3966,#3967);
#3965 = CARTESIAN_POINT('',(0.,-64.,4.));
#3966 = DIRECTION('',(0.,0.,1.));
#3967 = DIRECTION('',(1.,0.,0.));
#3968 = ADVANCED_FACE('',(#3969),#3980,.F.);
#3969 = FACE_BOUND('',#3970,.F.);
#3970 = EDGE_LOOP('',(#3971,#3972,#3973,#3979));
#3971 = ORIENTED_EDGE('',*,*,#3757,.T.);
#3972 = ORIENTED_EDGE('',*,*,#2789,.F.);
#3973 = ORIENTED_EDGE('',*,*,#3974,.F.);
#3974 = EDGE_CURVE('',#2331,#2790,#3975,.T.);
#3975 = LINE('',#3976,#3977);
#3976 = CARTESIAN_POINT('',(-3.5,-138.9182888218,4.));
#3977 = VECTOR('',#3978,1.);
#3978 = DIRECTION('',(0.,0.,1.));
#3979 = ORIENTED_EDGE('',*,*,#2339,.T.);
#3980 = CYLINDRICAL_SURFACE('',#3981,75.);
#3981 = AXIS2_PLACEMENT_3D('',#3982,#3983,#3984);
#3982 = CARTESIAN_POINT('',(0.,-64.,8.8));
#3983 = DIRECTION('',(0.,0.,1.));
#3984 = DIRECTION('',(1.,0.,-0.));
#3985 = ADVANCED_FACE('',(#3986),#4022,.F.);
#3986 = FACE_BOUND('',#3987,.F.);
#3987 = EDGE_LOOP('',(#3988,#3999,#4005,#4006,#4007,#4015));
#3988 = ORIENTED_EDGE('',*,*,#3989,.T.);
#3989 = EDGE_CURVE('',#3990,#3992,#3994,.T.);
#3990 = VERTEX_POINT('',#3991);
#3991 = CARTESIAN_POINT('',(40.,-64.,4.));
#3992 = VERTEX_POINT('',#3993);
#3993 = CARTESIAN_POINT('',(26.267207360035,-33.83323322752,4.));
#3994 = CIRCLE('',#3995,40.);
#3995 = AXIS2_PLACEMENT_3D('',#3996,#3997,#3998);
#3996 = CARTESIAN_POINT('',(0.,-64.,4.));
#3997 = DIRECTION('',(0.,0.,1.));
#3998 = DIRECTION('',(1.,0.,0.));
#3999 = ORIENTED_EDGE('',*,*,#4000,.T.);
#4000 = EDGE_CURVE('',#3992,#2370,#4001,.T.);
#4001 = LINE('',#4002,#4003);
#4002 = CARTESIAN_POINT('',(26.267207360035,-33.83323322752,3.5));
#4003 = VECTOR('',#4004,1.);
#4004 = DIRECTION('',(0.,0.,1.));
#4005 = ORIENTED_EDGE('',*,*,#2367,.F.);
#4006 = ORIENTED_EDGE('',*,*,#2378,.F.);
#4007 = ORIENTED_EDGE('',*,*,#4008,.F.);
#4008 = EDGE_CURVE('',#4009,#2379,#4011,.T.);
#4009 = VERTEX_POINT('',#4010);
#4010 = CARTESIAN_POINT('',(39.605896754013,-69.60115544422,4.));
#4011 = LINE('',#4012,#4013);
#4012 = CARTESIAN_POINT('',(39.605896754013,-69.60115544423,3.5));
#4013 = VECTOR('',#4014,1.);
#4014 = DIRECTION('',(0.,0.,1.));
#4015 = ORIENTED_EDGE('',*,*,#4016,.T.);
#4016 = EDGE_CURVE('',#4009,#3990,#4017,.T.);
#4017 = CIRCLE('',#4018,40.);
#4018 = AXIS2_PLACEMENT_3D('',#4019,#4020,#4021);
#4019 = CARTESIAN_POINT('',(0.,-64.,4.));
#4020 = DIRECTION('',(0.,0.,1.));
#4021 = DIRECTION('',(1.,0.,0.));
#4022 = CYLINDRICAL_SURFACE('',#4023,40.);
#4023 = AXIS2_PLACEMENT_3D('',#4024,#4025,#4026);
#4024 = CARTESIAN_POINT('',(0.,-64.,3.5));
#4025 = DIRECTION('',(0.,0.,1.));
#4026 = DIRECTION('',(1.,0.,0.));
#4027 = ADVANCED_FACE('',(#4028),#4054,.T.);
#4028 = FACE_BOUND('',#4029,.T.);
#4029 = EDGE_LOOP('',(#4030,#4041,#4047,#4048));
#4030 = ORIENTED_EDGE('',*,*,#4031,.F.);
#4031 = EDGE_CURVE('',#4032,#4034,#4036,.T.);
#4032 = VERTEX_POINT('',#4033);
#4033 = CARTESIAN_POINT('',(26.267207360035,-33.83323322752,10.));
#4034 = VERTEX_POINT('',#4035);
#4035 = CARTESIAN_POINT('',(20.606054769912,-29.71603134379,10.));
#4036 = CIRCLE('',#4037,40.);
#4037 = AXIS2_PLACEMENT_3D('',#4038,#4039,#4040);
#4038 = CARTESIAN_POINT('',(0.,-64.,10.));
#4039 = DIRECTION('',(0.,0.,1.));
#4040 = DIRECTION('',(1.,0.,-0.));
#4041 = ORIENTED_EDGE('',*,*,#4042,.F.);
#4042 = EDGE_CURVE('',#2370,#4032,#4043,.T.);
#4043 = LINE('',#4044,#4045);
#4044 = CARTESIAN_POINT('',(26.267207360035,-33.83323322752,3.5));
#4045 = VECTOR('',#4046,1.);
#4046 = DIRECTION('',(0.,0.,1.));
#4047 = ORIENTED_EDGE('',*,*,#2477,.T.);
#4048 = ORIENTED_EDGE('',*,*,#4049,.T.);
#4049 = EDGE_CURVE('',#2469,#4034,#4050,.T.);
#4050 = LINE('',#4051,#4052);
#4051 = CARTESIAN_POINT('',(20.606054769912,-29.71603134379,3.5));
#4052 = VECTOR('',#4053,1.);
#4053 = DIRECTION('',(0.,0.,1.));
#4054 = CYLINDRICAL_SURFACE('',#4055,40.);
#4055 = AXIS2_PLACEMENT_3D('',#4056,#4057,#4058);
#4056 = CARTESIAN_POINT('',(0.,-64.,8.7));
#4057 = DIRECTION('',(0.,0.,1.));
#4058 = DIRECTION('',(1.,0.,-0.));
#4059 = ADVANCED_FACE('',(#4060),#4086,.F.);
#4060 = FACE_BOUND('',#4061,.F.);
#4061 = EDGE_LOOP('',(#4062,#4063,#4071,#4080));
#4062 = ORIENTED_EDGE('',*,*,#2468,.F.);
#4063 = ORIENTED_EDGE('',*,*,#4064,.F.);
#4064 = EDGE_CURVE('',#4065,#2469,#4067,.T.);
#4065 = VERTEX_POINT('',#4066);
#4066 = CARTESIAN_POINT('',(20.606054769912,-29.71603134379,4.));
#4067 = LINE('',#4068,#4069);
#4068 = CARTESIAN_POINT('',(20.606054769912,-29.71603134379,3.5));
#4069 = VECTOR('',#4070,1.);
#4070 = DIRECTION('',(0.,0.,1.));
#4071 = ORIENTED_EDGE('',*,*,#4072,.T.);
#4072 = EDGE_CURVE('',#4065,#4073,#4075,.T.);
#4073 = VERTEX_POINT('',#4074);
#4074 = CARTESIAN_POINT('',(3.499999999999,-24.1534192182,4.));
#4075 = CIRCLE('',#4076,40.);
#4076 = AXIS2_PLACEMENT_3D('',#4077,#4078,#4079);
#4077 = CARTESIAN_POINT('',(0.,-64.,4.));
#4078 = DIRECTION('',(0.,0.,1.));
#4079 = DIRECTION('',(1.,0.,0.));
#4080 = ORIENTED_EDGE('',*,*,#4081,.T.);
#4081 = EDGE_CURVE('',#4073,#2460,#4082,.T.);
#4082 = LINE('',#4083,#4084);
#4083 = CARTESIAN_POINT('',(3.5,-24.1534192182,3.5));
#4084 = VECTOR('',#4085,1.);
#4085 = DIRECTION('',(0.,0.,1.));
#4086 = CYLINDRICAL_SURFACE('',#4087,40.);
#4087 = AXIS2_PLACEMENT_3D('',#4088,#4089,#4090);
#4088 = CARTESIAN_POINT('',(0.,-64.,3.5));
#4089 = DIRECTION('',(0.,0.,1.));
#4090 = DIRECTION('',(1.,0.,0.));
#4091 = ADVANCED_FACE('',(#4092),#4118,.T.);
#4092 = FACE_BOUND('',#4093,.T.);
#4093 = EDGE_LOOP('',(#4094,#4105,#4111,#4112));
#4094 = ORIENTED_EDGE('',*,*,#4095,.F.);
#4095 = EDGE_CURVE('',#4096,#4098,#4100,.T.);
#4096 = VERTEX_POINT('',#4097);
#4097 = CARTESIAN_POINT('',(3.5,-24.1534192182,10.));
#4098 = VERTEX_POINT('',#4099);
#4099 = CARTESIAN_POINT('',(-3.5,-24.1534192182,10.));
#4100 = CIRCLE('',#4101,40.);
#4101 = AXIS2_PLACEMENT_3D('',#4102,#4103,#4104);
#4102 = CARTESIAN_POINT('',(0.,-64.,10.));
#4103 = DIRECTION('',(0.,0.,1.));
#4104 = DIRECTION('',(1.,0.,-0.));
#4105 = ORIENTED_EDGE('',*,*,#4106,.F.);
#4106 = EDGE_CURVE('',#2460,#4096,#4107,.T.);
#4107 = LINE('',#4108,#4109);
#4108 = CARTESIAN_POINT('',(3.5,-24.1534192182,3.5));
#4109 = VECTOR('',#4110,1.);
#4110 = DIRECTION('',(0.,0.,1.));
#4111 = ORIENTED_EDGE('',*,*,#2459,.T.);
#4112 = ORIENTED_EDGE('',*,*,#4113,.T.);
#4113 = EDGE_CURVE('',#2451,#4098,#4114,.T.);
#4114 = LINE('',#4115,#4116);
#4115 = CARTESIAN_POINT('',(-3.5,-24.1534192182,3.5));
#4116 = VECTOR('',#4117,1.);
#4117 = DIRECTION('',(0.,0.,1.));
#4118 = CYLINDRICAL_SURFACE('',#4119,40.);
#4119 = AXIS2_PLACEMENT_3D('',#4120,#4121,#4122);
#4120 = CARTESIAN_POINT('',(0.,-64.,8.7));
#4121 = DIRECTION('',(0.,0.,1.));
#4122 = DIRECTION('',(1.,0.,-0.));
#4123 = ADVANCED_FACE('',(#4124),#4150,.F.);
#4124 = FACE_BOUND('',#4125,.F.);
#4125 = EDGE_LOOP('',(#4126,#4127,#4135,#4144));
#4126 = ORIENTED_EDGE('',*,*,#2450,.F.);
#4127 = ORIENTED_EDGE('',*,*,#4128,.F.);
#4128 = EDGE_CURVE('',#4129,#2451,#4131,.T.);
#4129 = VERTEX_POINT('',#4130);
#4130 = CARTESIAN_POINT('',(-3.5,-24.1534192182,4.));
#4131 = LINE('',#4132,#4133);
#4132 = CARTESIAN_POINT('',(-3.5,-24.1534192182,3.5));
#4133 = VECTOR('',#4134,1.);
#4134 = DIRECTION('',(0.,0.,1.));
#4135 = ORIENTED_EDGE('',*,*,#4136,.T.);
#4136 = EDGE_CURVE('',#4129,#4137,#4139,.T.);
#4137 = VERTEX_POINT('',#4138);
#4138 = CARTESIAN_POINT('',(-20.60605476991,-29.71603134379,4.));
#4139 = CIRCLE('',#4140,40.);
#4140 = AXIS2_PLACEMENT_3D('',#4141,#4142,#4143);
#4141 = CARTESIAN_POINT('',(0.,-64.,4.));
#4142 = DIRECTION('',(0.,0.,1.));
#4143 = DIRECTION('',(1.,0.,0.));
#4144 = ORIENTED_EDGE('',*,*,#4145,.T.);
#4145 = EDGE_CURVE('',#4137,#2442,#4146,.T.);
#4146 = LINE('',#4147,#4148);
#4147 = CARTESIAN_POINT('',(-20.60605476991,-29.71603134379,3.5));
#4148 = VECTOR('',#4149,1.);
#4149 = DIRECTION('',(0.,0.,1.));
#4150 = CYLINDRICAL_SURFACE('',#4151,40.);
#4151 = AXIS2_PLACEMENT_3D('',#4152,#4153,#4154);
#4152 = CARTESIAN_POINT('',(0.,-64.,3.5));
#4153 = DIRECTION('',(0.,0.,1.));
#4154 = DIRECTION('',(1.,0.,0.));
#4155 = ADVANCED_FACE('',(#4156),#4182,.T.);
#4156 = FACE_BOUND('',#4157,.T.);
#4157 = EDGE_LOOP('',(#4158,#4169,#4175,#4176));
#4158 = ORIENTED_EDGE('',*,*,#4159,.F.);
#4159 = EDGE_CURVE('',#4160,#4162,#4164,.T.);
#4160 = VERTEX_POINT('',#4161);
#4161 = CARTESIAN_POINT('',(-20.60605476991,-29.71603134379,10.));
#4162 = VERTEX_POINT('',#4163);
#4163 = CARTESIAN_POINT('',(-26.26720736003,-33.83323322752,10.));
#4164 = CIRCLE('',#4165,40.);
#4165 = AXIS2_PLACEMENT_3D('',#4166,#4167,#4168);
#4166 = CARTESIAN_POINT('',(0.,-64.,10.));
#4167 = DIRECTION('',(0.,0.,1.));
#4168 = DIRECTION('',(1.,0.,-0.));
#4169 = ORIENTED_EDGE('',*,*,#4170,.F.);
#4170 = EDGE_CURVE('',#2442,#4160,#4171,.T.);
#4171 = LINE('',#4172,#4173);
#4172 = CARTESIAN_POINT('',(-20.60605476991,-29.71603134379,3.5));
#4173 = VECTOR('',#4174,1.);
#4174 = DIRECTION('',(0.,0.,1.));
#4175 = ORIENTED_EDGE('',*,*,#2441,.T.);
#4176 = ORIENTED_EDGE('',*,*,#4177,.T.);
#4177 = EDGE_CURVE('',#2433,#4162,#4178,.T.);
#4178 = LINE('',#4179,#4180);
#4179 = CARTESIAN_POINT('',(-26.26720736003,-33.83323322752,3.5));
#4180 = VECTOR('',#4181,1.);
#4181 = DIRECTION('',(0.,0.,1.));
#4182 = CYLINDRICAL_SURFACE('',#4183,40.);
#4183 = AXIS2_PLACEMENT_3D('',#4184,#4185,#4186);
#4184 = CARTESIAN_POINT('',(0.,-64.,8.7));
#4185 = DIRECTION('',(0.,0.,1.));
#4186 = DIRECTION('',(1.,0.,-0.));
#4187 = ADVANCED_FACE('',(#4188),#4214,.F.);
#4188 = FACE_BOUND('',#4189,.F.);
#4189 = EDGE_LOOP('',(#4190,#4191,#4199,#4208));
#4190 = ORIENTED_EDGE('',*,*,#2432,.F.);
#4191 = ORIENTED_EDGE('',*,*,#4192,.F.);
#4192 = EDGE_CURVE('',#4193,#2433,#4195,.T.);
#4193 = VERTEX_POINT('',#4194);
#4194 = CARTESIAN_POINT('',(-26.26720736003,-33.83323322752,4.));
#4195 = LINE('',#4196,#4197);
#4196 = CARTESIAN_POINT('',(-26.26720736003,-33.83323322752,3.5));
#4197 = VECTOR('',#4198,1.);
#4198 = DIRECTION('',(0.,0.,1.));
#4199 = ORIENTED_EDGE('',*,*,#4200,.T.);
#4200 = EDGE_CURVE('',#4193,#4201,#4203,.T.);
#4201 = VERTEX_POINT('',#4202);
#4202 = CARTESIAN_POINT('',(-39.60589675401,-69.60115544422,4.));
#4203 = CIRCLE('',#4204,40.);
#4204 = AXIS2_PLACEMENT_3D('',#4205,#4206,#4207);
#4205 = CARTESIAN_POINT('',(0.,-64.,4.));
#4206 = DIRECTION('',(0.,0.,1.));
#4207 = DIRECTION('',(1.,0.,0.));
#4208 = ORIENTED_EDGE('',*,*,#4209,.T.);
#4209 = EDGE_CURVE('',#4201,#2424,#4210,.T.);
#4210 = LINE('',#4211,#4212);
#4211 = CARTESIAN_POINT('',(-39.60589675401,-69.60115544423,3.5));
#4212 = VECTOR('',#4213,1.);
#4213 = DIRECTION('',(0.,0.,1.));
#4214 = CYLINDRICAL_SURFACE('',#4215,40.);
#4215 = AXIS2_PLACEMENT_3D('',#4216,#4217,#4218);
#4216 = CARTESIAN_POINT('',(0.,-64.,3.5));
#4217 = DIRECTION('',(0.,0.,1.));
#4218 = DIRECTION('',(1.,0.,0.));
#4219 = ADVANCED_FACE('',(#4220),#4246,.T.);
#4220 = FACE_BOUND('',#4221,.T.);
#4221 = EDGE_LOOP('',(#4222,#4230,#4239,#4245));
#4222 = ORIENTED_EDGE('',*,*,#4223,.T.);
#4223 = EDGE_CURVE('',#2415,#4224,#4226,.T.);
#4224 = VERTEX_POINT('',#4225);
#4225 = CARTESIAN_POINT('',(-38.02298880361,-76.41983584593,10.));
#4226 = LINE('',#4227,#4228);
#4227 = CARTESIAN_POINT('',(-38.02298880361,-76.41983584593,3.5));
#4228 = VECTOR('',#4229,1.);
#4229 = DIRECTION('',(0.,0.,1.));
#4230 = ORIENTED_EDGE('',*,*,#4231,.F.);
#4231 = EDGE_CURVE('',#4232,#4224,#4234,.T.);
#4232 = VERTEX_POINT('',#4233);
#4233 = CARTESIAN_POINT('',(-39.60589675401,-69.60115544423,10.));
#4234 = CIRCLE('',#4235,40.);
#4235 = AXIS2_PLACEMENT_3D('',#4236,#4237,#4238);
#4236 = CARTESIAN_POINT('',(0.,-64.,10.));
#4237 = DIRECTION('',(0.,0.,1.));
#4238 = DIRECTION('',(1.,0.,-0.));
#4239 = ORIENTED_EDGE('',*,*,#4240,.F.);
#4240 = EDGE_CURVE('',#2424,#4232,#4241,.T.);
#4241 = LINE('',#4242,#4243);
#4242 = CARTESIAN_POINT('',(-39.60589675401,-69.60115544423,3.5));
#4243 = VECTOR('',#4244,1.);
#4244 = DIRECTION('',(0.,0.,1.));
#4245 = ORIENTED_EDGE('',*,*,#2423,.T.);
#4246 = CYLINDRICAL_SURFACE('',#4247,40.);
#4247 = AXIS2_PLACEMENT_3D('',#4248,#4249,#4250);
#4248 = CARTESIAN_POINT('',(0.,-64.,8.7));
#4249 = DIRECTION('',(0.,0.,1.));
#4250 = DIRECTION('',(1.,0.,-0.));
#4251 = ADVANCED_FACE('',(#4252),#4278,.F.);
#4252 = FACE_BOUND('',#4253,.F.);
#4253 = EDGE_LOOP('',(#4254,#4255,#4263,#4272));
#4254 = ORIENTED_EDGE('',*,*,#2414,.F.);
#4255 = ORIENTED_EDGE('',*,*,#4256,.F.);
#4256 = EDGE_CURVE('',#4257,#2415,#4259,.T.);
#4257 = VERTEX_POINT('',#4258);
#4258 = CARTESIAN_POINT('',(-38.02298880361,-76.41983584593,4.));
#4259 = LINE('',#4260,#4261);
#4260 = CARTESIAN_POINT('',(-38.02298880361,-76.41983584593,3.5));
#4261 = VECTOR('',#4262,1.);
#4262 = DIRECTION('',(0.,0.,1.));
#4263 = ORIENTED_EDGE('',*,*,#4264,.T.);
#4264 = EDGE_CURVE('',#4257,#4265,#4267,.T.);
#4265 = VERTEX_POINT('',#4266);
#4266 = CARTESIAN_POINT('',(-3.500000000001,-103.8465807817,4.));
#4267 = CIRCLE('',#4268,40.);
#4268 = AXIS2_PLACEMENT_3D('',#4269,#4270,#4271);
#4269 = CARTESIAN_POINT('',(0.,-64.,4.));
#4270 = DIRECTION('',(0.,0.,1.));
#4271 = DIRECTION('',(1.,0.,0.));
#4272 = ORIENTED_EDGE('',*,*,#4273,.T.);
#4273 = EDGE_CURVE('',#4265,#2406,#4274,.T.);
#4274 = LINE('',#4275,#4276);
#4275 = CARTESIAN_POINT('',(-3.5,-103.8465807817,3.5));
#4276 = VECTOR('',#4277,1.);
#4277 = DIRECTION('',(0.,0.,1.));
#4278 = CYLINDRICAL_SURFACE('',#4279,40.);
#4279 = AXIS2_PLACEMENT_3D('',#4280,#4281,#4282);
#4280 = CARTESIAN_POINT('',(0.,-64.,3.5));
#4281 = DIRECTION('',(0.,0.,1.));
#4282 = DIRECTION('',(1.,0.,0.));
#4283 = ADVANCED_FACE('',(#4284),#4310,.T.);
#4284 = FACE_BOUND('',#4285,.T.);
#4285 = EDGE_LOOP('',(#4286,#4294,#4303,#4309));
#4286 = ORIENTED_EDGE('',*,*,#4287,.T.);
#4287 = EDGE_CURVE('',#2397,#4288,#4290,.T.);
#4288 = VERTEX_POINT('',#4289);
#4289 = CARTESIAN_POINT('',(3.5,-103.8465807817,10.));
#4290 = LINE('',#4291,#4292);
#4291 = CARTESIAN_POINT('',(3.5,-103.8465807817,3.5));
#4292 = VECTOR('',#4293,1.);
#4293 = DIRECTION('',(0.,0.,1.));
#4294 = ORIENTED_EDGE('',*,*,#4295,.F.);
#4295 = EDGE_CURVE('',#4296,#4288,#4298,.T.);
#4296 = VERTEX_POINT('',#4297);
#4297 = CARTESIAN_POINT('',(-3.5,-103.8465807817,10.));
#4298 = CIRCLE('',#4299,40.);
#4299 = AXIS2_PLACEMENT_3D('',#4300,#4301,#4302);
#4300 = CARTESIAN_POINT('',(0.,-64.,10.));
#4301 = DIRECTION('',(0.,0.,1.));
#4302 = DIRECTION('',(1.,0.,-0.));
#4303 = ORIENTED_EDGE('',*,*,#4304,.F.);
#4304 = EDGE_CURVE('',#2406,#4296,#4305,.T.);
#4305 = LINE('',#4306,#4307);
#4306 = CARTESIAN_POINT('',(-3.5,-103.8465807817,3.5));
#4307 = VECTOR('',#4308,1.);
#4308 = DIRECTION('',(0.,0.,1.));
#4309 = ORIENTED_EDGE('',*,*,#2405,.T.);
#4310 = CYLINDRICAL_SURFACE('',#4311,40.);
#4311 = AXIS2_PLACEMENT_3D('',#4312,#4313,#4314);
#4312 = CARTESIAN_POINT('',(0.,-64.,8.7));
#4313 = DIRECTION('',(0.,0.,1.));
#4314 = DIRECTION('',(1.,0.,-0.));
#4315 = ADVANCED_FACE('',(#4316),#4342,.F.);
#4316 = FACE_BOUND('',#4317,.F.);
#4317 = EDGE_LOOP('',(#4318,#4326,#4335,#4341));
#4318 = ORIENTED_EDGE('',*,*,#4319,.F.);
#4319 = EDGE_CURVE('',#4320,#2397,#4322,.T.);
#4320 = VERTEX_POINT('',#4321);
#4321 = CARTESIAN_POINT('',(3.5,-103.8465807817,4.));
#4322 = LINE('',#4323,#4324);
#4323 = CARTESIAN_POINT('',(3.5,-103.8465807817,3.5));
#4324 = VECTOR('',#4325,1.);
#4325 = DIRECTION('',(0.,0.,1.));
#4326 = ORIENTED_EDGE('',*,*,#4327,.T.);
#4327 = EDGE_CURVE('',#4320,#4328,#4330,.T.);
#4328 = VERTEX_POINT('',#4329);
#4329 = CARTESIAN_POINT('',(38.022988803618,-76.41983584593,4.));
#4330 = CIRCLE('',#4331,40.);
#4331 = AXIS2_PLACEMENT_3D('',#4332,#4333,#4334);
#4332 = CARTESIAN_POINT('',(0.,-64.,4.));
#4333 = DIRECTION('',(0.,0.,1.));
#4334 = DIRECTION('',(1.,0.,0.));
#4335 = ORIENTED_EDGE('',*,*,#4336,.T.);
#4336 = EDGE_CURVE('',#4328,#2388,#4337,.T.);
#4337 = LINE('',#4338,#4339);
#4338 = CARTESIAN_POINT('',(38.022988803618,-76.41983584593,3.5));
#4339 = VECTOR('',#4340,1.);
#4340 = DIRECTION('',(0.,0.,1.));
#4341 = ORIENTED_EDGE('',*,*,#2396,.F.);
#4342 = CYLINDRICAL_SURFACE('',#4343,40.);
#4343 = AXIS2_PLACEMENT_3D('',#4344,#4345,#4346);
#4344 = CARTESIAN_POINT('',(0.,-64.,3.5));
#4345 = DIRECTION('',(0.,0.,1.));
#4346 = DIRECTION('',(1.,0.,0.));
#4347 = ADVANCED_FACE('',(#4348),#4374,.T.);
#4348 = FACE_BOUND('',#4349,.T.);
#4349 = EDGE_LOOP('',(#4350,#4358,#4367,#4373));
#4350 = ORIENTED_EDGE('',*,*,#4351,.T.);
#4351 = EDGE_CURVE('',#2379,#4352,#4354,.T.);
#4352 = VERTEX_POINT('',#4353);
#4353 = CARTESIAN_POINT('',(39.605896754013,-69.60115544423,10.));
#4354 = LINE('',#4355,#4356);
#4355 = CARTESIAN_POINT('',(39.605896754013,-69.60115544423,3.5));
#4356 = VECTOR('',#4357,1.);
#4357 = DIRECTION('',(0.,0.,1.));
#4358 = ORIENTED_EDGE('',*,*,#4359,.F.);
#4359 = EDGE_CURVE('',#4360,#4352,#4362,.T.);
#4360 = VERTEX_POINT('',#4361);
#4361 = CARTESIAN_POINT('',(38.022988803618,-76.41983584593,10.));
#4362 = CIRCLE('',#4363,40.);
#4363 = AXIS2_PLACEMENT_3D('',#4364,#4365,#4366);
#4364 = CARTESIAN_POINT('',(0.,-64.,10.));
#4365 = DIRECTION('',(0.,0.,1.));
#4366 = DIRECTION('',(1.,0.,-0.));
#4367 = ORIENTED_EDGE('',*,*,#4368,.F.);
#4368 = EDGE_CURVE('',#2388,#4360,#4369,.T.);
#4369 = LINE('',#4370,#4371);
#4370 = CARTESIAN_POINT('',(38.022988803618,-76.41983584593,3.5));
#4371 = VECTOR('',#4372,1.);
#4372 = DIRECTION('',(0.,0.,1.));
#4373 = ORIENTED_EDGE('',*,*,#2387,.T.);
#4374 = CYLINDRICAL_SURFACE('',#4375,40.);
#4375 = AXIS2_PLACEMENT_3D('',#4376,#4377,#4378);
#4376 = CARTESIAN_POINT('',(0.,-64.,8.7));
#4377 = DIRECTION('',(0.,0.,1.));
#4378 = DIRECTION('',(1.,0.,-0.));
#4379 = ADVANCED_FACE('',(#4380),#4400,.T.);
#4380 = FACE_BOUND('',#4381,.T.);
#4381 = EDGE_LOOP('',(#4382,#4390,#4391,#4392,#4393,#4394));
#4382 = ORIENTED_EDGE('',*,*,#4383,.F.);
#4383 = EDGE_CURVE('',#2591,#4384,#4386,.T.);
#4384 = VERTEX_POINT('',#4385);
#4385 = CARTESIAN_POINT('',(-3.5,-139.5,4.));
#4386 = LINE('',#4387,#4388);
#4387 = CARTESIAN_POINT('',(-140.,-139.5,4.));
#4388 = VECTOR('',#4389,1.);
#4389 = DIRECTION('',(1.,0.,0.));
#4390 = ORIENTED_EDGE('',*,*,#2590,.T.);
#4391 = ORIENTED_EDGE('',*,*,#2868,.T.);
#4392 = ORIENTED_EDGE('',*,*,#2851,.F.);
#4393 = ORIENTED_EDGE('',*,*,#2808,.T.);
#4394 = ORIENTED_EDGE('',*,*,#4395,.F.);
#4395 = EDGE_CURVE('',#4384,#2801,#4396,.T.);
#4396 = LINE('',#4397,#4398);
#4397 = CARTESIAN_POINT('',(-3.5,-139.5,4.));
#4398 = VECTOR('',#4399,1.);
#4399 = DIRECTION('',(0.,0.,1.));
#4400 = PLANE('',#4401);
#4401 = AXIS2_PLACEMENT_3D('',#4402,#4403,#4404);
#4402 = CARTESIAN_POINT('',(-140.,-139.5,4.));
#4403 = DIRECTION('',(0.,1.,0.));
#4404 = DIRECTION('',(0.,0.,1.));
#4405 = ADVANCED_FACE('',(#4406),#4439,.T.);
#4406 = FACE_BOUND('',#4407,.T.);
#4407 = EDGE_LOOP('',(#4408,#4409,#4410,#4416,#4417,#4425,#4433));
#4408 = ORIENTED_EDGE('',*,*,#2598,.F.);
#4409 = ORIENTED_EDGE('',*,*,#4383,.T.);
#4410 = ORIENTED_EDGE('',*,*,#4411,.F.);
#4411 = EDGE_CURVE('',#3950,#4384,#4412,.T.);
#4412 = LINE('',#4413,#4414);
#4413 = CARTESIAN_POINT('',(-3.5,-64.,4.));
#4414 = VECTOR('',#4415,1.);
#4415 = DIRECTION('',(1.110223024625E-16,-1.,0.));
#4416 = ORIENTED_EDGE('',*,*,#3949,.F.);
#4417 = ORIENTED_EDGE('',*,*,#4418,.T.);
#4418 = EDGE_CURVE('',#3942,#4419,#4421,.T.);
#4419 = VERTEX_POINT('',#4420);
#4420 = CARTESIAN_POINT('',(-85.,-87.32521344509,4.));
#4421 = LINE('',#4422,#4423);
#4422 = CARTESIAN_POINT('',(0.791453975198,-67.40934020085,4.));
#4423 = VECTOR('',#4424,1.);
#4424 = DIRECTION('',(-0.974097200243,-0.226129707199,0.));
#4425 = ORIENTED_EDGE('',*,*,#4426,.F.);
#4426 = EDGE_CURVE('',#4427,#4419,#4429,.T.);
#4427 = VERTEX_POINT('',#4428);
#4428 = CARTESIAN_POINT('',(-85.,-115.,4.));
#4429 = LINE('',#4430,#4431);
#4430 = CARTESIAN_POINT('',(-85.,-115.,4.));
#4431 = VECTOR('',#4432,1.);
#4432 = DIRECTION('',(0.,1.,0.));
#4433 = ORIENTED_EDGE('',*,*,#4434,.F.);
#4434 = EDGE_CURVE('',#2599,#4427,#4435,.T.);
#4435 = LINE('',#4436,#4437);
#4436 = CARTESIAN_POINT('',(-140.,-115.,4.));
#4437 = VECTOR('',#4438,1.);
#4438 = DIRECTION('',(1.,0.,0.));
#4439 = PLANE('',#4440);
#4440 = AXIS2_PLACEMENT_3D('',#4441,#4442,#4443);
#4441 = CARTESIAN_POINT('',(-140.,-147.5,4.));
#4442 = DIRECTION('',(0.,0.,1.));
#4443 = DIRECTION('',(1.,0.,0.));
#4444 = ADVANCED_FACE('',(#4445),#4479,.F.);
#4445 = FACE_BOUND('',#4446,.F.);
#4446 = EDGE_LOOP('',(#4447,#4448,#4449,#4457,#4465,#4473));
#4447 = ORIENTED_EDGE('',*,*,#4434,.F.);
#4448 = ORIENTED_EDGE('',*,*,#2606,.T.);
#4449 = ORIENTED_EDGE('',*,*,#4450,.T.);
#4450 = EDGE_CURVE('',#2607,#4451,#4453,.T.);
#4451 = VERTEX_POINT('',#4452);
#4452 = CARTESIAN_POINT('',(-88.33459118601,-115.,24.));
#4453 = LINE('',#4454,#4455);
#4454 = CARTESIAN_POINT('',(-140.,-115.,24.));
#4455 = VECTOR('',#4456,1.);
#4456 = DIRECTION('',(1.,0.,0.));
#4457 = ORIENTED_EDGE('',*,*,#4458,.F.);
#4458 = EDGE_CURVE('',#4459,#4451,#4461,.T.);
#4459 = VERTEX_POINT('',#4460);
#4460 = CARTESIAN_POINT('',(-88.33459118601,-115.,10.));
#4461 = LINE('',#4462,#4463);
#4462 = CARTESIAN_POINT('',(-88.33459118601,-115.,10.));
#4463 = VECTOR('',#4464,1.);
#4464 = DIRECTION('',(0.,0.,1.));
#4465 = ORIENTED_EDGE('',*,*,#4466,.T.);
#4466 = EDGE_CURVE('',#4459,#4467,#4469,.T.);
#4467 = VERTEX_POINT('',#4468);
#4468 = CARTESIAN_POINT('',(-85.,-115.,10.));
#4469 = LINE('',#4470,#4471);
#4470 = CARTESIAN_POINT('',(-70.,-115.,10.));
#4471 = VECTOR('',#4472,1.);
#4472 = DIRECTION('',(1.,0.,0.));
#4473 = ORIENTED_EDGE('',*,*,#4474,.F.);
#4474 = EDGE_CURVE('',#4427,#4467,#4475,.T.);
#4475 = LINE('',#4476,#4477);
#4476 = CARTESIAN_POINT('',(-85.,-115.,4.));
#4477 = VECTOR('',#4478,1.);
#4478 = DIRECTION('',(0.,0.,1.));
#4479 = PLANE('',#4480);
#4480 = AXIS2_PLACEMENT_3D('',#4481,#4482,#4483);
#4481 = CARTESIAN_POINT('',(-140.,-115.,4.));
#4482 = DIRECTION('',(0.,1.,0.));
#4483 = DIRECTION('',(0.,0.,1.));
#4484 = ADVANCED_FACE('',(#4485,#4504),#4538,.T.);
#4485 = FACE_BOUND('',#4486,.T.);
#4486 = EDGE_LOOP('',(#4487,#4488,#4489,#4498));
#4487 = ORIENTED_EDGE('',*,*,#2614,.F.);
#4488 = ORIENTED_EDGE('',*,*,#4450,.T.);
#4489 = ORIENTED_EDGE('',*,*,#4490,.F.);
#4490 = EDGE_CURVE('',#4491,#4451,#4493,.T.);
#4491 = VERTEX_POINT('',#4492);
#4492 = CARTESIAN_POINT('',(-101.9950979214,-65.,24.));
#4493 = CIRCLE('',#4494,102.);
#4494 = AXIS2_PLACEMENT_3D('',#4495,#4496,#4497);
#4495 = CARTESIAN_POINT('',(0.,-64.,24.));
#4496 = DIRECTION('',(0.,0.,1.));
#4497 = DIRECTION('',(1.,0.,0.));
#4498 = ORIENTED_EDGE('',*,*,#4499,.F.);
#4499 = EDGE_CURVE('',#2615,#4491,#4500,.T.);
#4500 = LINE('',#4501,#4502);
#4501 = CARTESIAN_POINT('',(-140.,-65.,24.));
#4502 = VECTOR('',#4503,1.);
#4503 = DIRECTION('',(1.,0.,0.));
#4504 = FACE_BOUND('',#4505,.T.);
#4505 = EDGE_LOOP('',(#4506,#4516,#4524,#4532));
#4506 = ORIENTED_EDGE('',*,*,#4507,.T.);
#4507 = EDGE_CURVE('',#4508,#4510,#4512,.T.);
#4508 = VERTEX_POINT('',#4509);
#4509 = CARTESIAN_POINT('',(-110.7,-96.3,24.));
#4510 = VERTEX_POINT('',#4511);
#4511 = CARTESIAN_POINT('',(-119.3,-96.3,24.));
#4512 = LINE('',#4513,#4514);
#4513 = CARTESIAN_POINT('',(-129.65,-96.3,24.));
#4514 = VECTOR('',#4515,1.);
#4515 = DIRECTION('',(-1.,0.,0.));
#4516 = ORIENTED_EDGE('',*,*,#4517,.T.);
#4517 = EDGE_CURVE('',#4510,#4518,#4520,.T.);
#4518 = VERTEX_POINT('',#4519);
#4519 = CARTESIAN_POINT('',(-119.3,-83.7,24.));
#4520 = LINE('',#4521,#4522);
#4521 = CARTESIAN_POINT('',(-119.3,-105.65,24.));
#4522 = VECTOR('',#4523,1.);
#4523 = DIRECTION('',(0.,1.,0.));
#4524 = ORIENTED_EDGE('',*,*,#4525,.F.);
#4525 = EDGE_CURVE('',#4526,#4518,#4528,.T.);
#4526 = VERTEX_POINT('',#4527);
#4527 = CARTESIAN_POINT('',(-110.7,-83.7,24.));
#4528 = LINE('',#4529,#4530);
#4529 = CARTESIAN_POINT('',(-129.65,-83.7,24.));
#4530 = VECTOR('',#4531,1.);
#4531 = DIRECTION('',(-1.,0.,0.));
#4532 = ORIENTED_EDGE('',*,*,#4533,.F.);
#4533 = EDGE_CURVE('',#4508,#4526,#4534,.T.);
#4534 = LINE('',#4535,#4536);
#4535 = CARTESIAN_POINT('',(-110.7,-105.65,24.));
#4536 = VECTOR('',#4537,1.);
#4537 = DIRECTION('',(0.,1.,0.));
#4538 = PLANE('',#4539);
#4539 = AXIS2_PLACEMENT_3D('',#4540,#4541,#4542);
#4540 = CARTESIAN_POINT('',(-140.,-115.,24.));
#4541 = DIRECTION('',(0.,0.,1.));
#4542 = DIRECTION('',(1.,0.,0.));
#4543 = ADVANCED_FACE('',(#4544),#4578,.T.);
#4544 = FACE_BOUND('',#4545,.T.);
#4545 = EDGE_LOOP('',(#4546,#4554,#4555,#4556,#4564,#4572));
#4546 = ORIENTED_EDGE('',*,*,#4547,.F.);
#4547 = EDGE_CURVE('',#2623,#4548,#4550,.T.);
#4548 = VERTEX_POINT('',#4549);
#4549 = CARTESIAN_POINT('',(-85.,-65.,4.));
#4550 = LINE('',#4551,#4552);
#4551 = CARTESIAN_POINT('',(-140.,-65.,4.));
#4552 = VECTOR('',#4553,1.);
#4553 = DIRECTION('',(1.,0.,0.));
#4554 = ORIENTED_EDGE('',*,*,#2622,.T.);
#4555 = ORIENTED_EDGE('',*,*,#4499,.T.);
#4556 = ORIENTED_EDGE('',*,*,#4557,.F.);
#4557 = EDGE_CURVE('',#4558,#4491,#4560,.T.);
#4558 = VERTEX_POINT('',#4559);
#4559 = CARTESIAN_POINT('',(-101.9950979214,-65.,10.));
#4560 = LINE('',#4561,#4562);
#4561 = CARTESIAN_POINT('',(-101.9950979214,-65.,10.));
#4562 = VECTOR('',#4563,1.);
#4563 = DIRECTION('',(0.,0.,1.));
#4564 = ORIENTED_EDGE('',*,*,#4565,.T.);
#4565 = EDGE_CURVE('',#4558,#4566,#4568,.T.);
#4566 = VERTEX_POINT('',#4567);
#4567 = CARTESIAN_POINT('',(-85.,-65.,10.));
#4568 = LINE('',#4569,#4570);
#4569 = CARTESIAN_POINT('',(-70.,-65.,10.));
#4570 = VECTOR('',#4571,1.);
#4571 = DIRECTION('',(1.,0.,0.));
#4572 = ORIENTED_EDGE('',*,*,#4573,.F.);
#4573 = EDGE_CURVE('',#4548,#4566,#4574,.T.);
#4574 = LINE('',#4575,#4576);
#4575 = CARTESIAN_POINT('',(-85.,-65.,4.));
#4576 = VECTOR('',#4577,1.);
#4577 = DIRECTION('',(0.,0.,1.));
#4578 = PLANE('',#4579);
#4579 = AXIS2_PLACEMENT_3D('',#4580,#4581,#4582);
#4580 = CARTESIAN_POINT('',(-140.,-65.,4.));
#4581 = DIRECTION('',(0.,1.,0.));
#4582 = DIRECTION('',(0.,0.,1.));
#4583 = ADVANCED_FACE('',(#4584),#4617,.T.);
#4584 = FACE_BOUND('',#4585,.T.);
#4585 = EDGE_LOOP('',(#4586,#4587,#4588,#4596,#4602,#4603,#4611));
#4586 = ORIENTED_EDGE('',*,*,#2630,.F.);
#4587 = ORIENTED_EDGE('',*,*,#4547,.T.);
#4588 = ORIENTED_EDGE('',*,*,#4589,.F.);
#4589 = EDGE_CURVE('',#4590,#4548,#4592,.T.);
#4590 = VERTEX_POINT('',#4591);
#4591 = CARTESIAN_POINT('',(-85.,-80.13907226919,4.));
#4592 = LINE('',#4593,#4594);
#4593 = CARTESIAN_POINT('',(-85.,-115.,4.));
#4594 = VECTOR('',#4595,1.);
#4595 = DIRECTION('',(0.,1.,0.));
#4596 = ORIENTED_EDGE('',*,*,#4597,.F.);
#4597 = EDGE_CURVE('',#3886,#4590,#4598,.T.);
#4598 = LINE('',#4599,#4600);
#4599 = CARTESIAN_POINT('',(-0.791453975198,-60.59065979914,4.));
#4600 = VECTOR('',#4601,1.);
#4601 = DIRECTION('',(-0.974097200243,-0.226129707199,0.));
#4602 = ORIENTED_EDGE('',*,*,#3885,.F.);
#4603 = ORIENTED_EDGE('',*,*,#4604,.T.);
#4604 = EDGE_CURVE('',#3878,#4605,#4607,.T.);
#4605 = VERTEX_POINT('',#4606);
#4606 = CARTESIAN_POINT('',(-98.14592243459,65.,4.));
#4607 = LINE('',#4608,#4609);
#4608 = CARTESIAN_POINT('',(-2.830576295061,-66.05860094186,4.));
#4609 = VECTOR('',#4610,1.);
#4610 = DIRECTION('',(-0.588171697675,0.808736084303,0.));
#4611 = ORIENTED_EDGE('',*,*,#4612,.F.);
#4612 = EDGE_CURVE('',#2631,#4605,#4613,.T.);
#4613 = LINE('',#4614,#4615);
#4614 = CARTESIAN_POINT('',(-140.,65.,4.));
#4615 = VECTOR('',#4616,1.);
#4616 = DIRECTION('',(1.,0.,0.));
#4617 = PLANE('',#4618);
#4618 = AXIS2_PLACEMENT_3D('',#4619,#4620,#4621);
#4619 = CARTESIAN_POINT('',(-140.,-147.5,4.));
#4620 = DIRECTION('',(0.,0.,1.));
#4621 = DIRECTION('',(1.,0.,0.));
#4622 = ADVANCED_FACE('',(#4623),#4673,.F.);
#4623 = FACE_BOUND('',#4624,.F.);
#4624 = EDGE_LOOP('',(#4625,#4626,#4627,#4635,#4643,#4651,#4659,#4667));
#4625 = ORIENTED_EDGE('',*,*,#4612,.F.);
#4626 = ORIENTED_EDGE('',*,*,#2638,.T.);
#4627 = ORIENTED_EDGE('',*,*,#4628,.T.);
#4628 = EDGE_CURVE('',#2639,#4629,#4631,.T.);
#4629 = VERTEX_POINT('',#4630);
#4630 = CARTESIAN_POINT('',(-85.,65.,24.));
#4631 = LINE('',#4632,#4633);
#4632 = CARTESIAN_POINT('',(-140.,65.,24.));
#4633 = VECTOR('',#4634,1.);
#4634 = DIRECTION('',(1.,0.,0.));
#4635 = ORIENTED_EDGE('',*,*,#4636,.F.);
#4636 = EDGE_CURVE('',#4637,#4629,#4639,.T.);
#4637 = VERTEX_POINT('',#4638);
#4638 = CARTESIAN_POINT('',(-85.,65.,4.));
#4639 = LINE('',#4640,#4641);
#4640 = CARTESIAN_POINT('',(-85.,65.,4.));
#4641 = VECTOR('',#4642,1.);
#4642 = DIRECTION('',(0.,0.,1.));
#4643 = ORIENTED_EDGE('',*,*,#4644,.F.);
#4644 = EDGE_CURVE('',#4645,#4637,#4647,.T.);
#4645 = VERTEX_POINT('',#4646);
#4646 = CARTESIAN_POINT('',(-89.49044120176,65.,4.));
#4647 = LINE('',#4648,#4649);
#4648 = CARTESIAN_POINT('',(-140.,65.,4.));
#4649 = VECTOR('',#4650,1.);
#4650 = DIRECTION('',(1.,0.,0.));
#4651 = ORIENTED_EDGE('',*,*,#4652,.F.);
#4652 = EDGE_CURVE('',#4653,#4645,#4655,.T.);
#4653 = VERTEX_POINT('',#4654);
#4654 = CARTESIAN_POINT('',(-89.49044120176,65.,14.));
#4655 = LINE('',#4656,#4657);
#4656 = CARTESIAN_POINT('',(-89.49044120176,65.,4.));
#4657 = VECTOR('',#4658,1.);
#4658 = DIRECTION('',(0.,0.,-1.));
#4659 = ORIENTED_EDGE('',*,*,#4660,.T.);
#4660 = EDGE_CURVE('',#4653,#4661,#4663,.T.);
#4661 = VERTEX_POINT('',#4662);
#4662 = CARTESIAN_POINT('',(-98.14592243459,65.,14.));
#4663 = LINE('',#4664,#4665);
#4664 = CARTESIAN_POINT('',(-68.58471185246,65.,14.));
#4665 = VECTOR('',#4666,1.);
#4666 = DIRECTION('',(-1.,0.,0.));
#4667 = ORIENTED_EDGE('',*,*,#4668,.T.);
#4668 = EDGE_CURVE('',#4661,#4605,#4669,.T.);
#4669 = LINE('',#4670,#4671);
#4670 = CARTESIAN_POINT('',(-98.14592243459,65.,4.));
#4671 = VECTOR('',#4672,1.);
#4672 = DIRECTION('',(0.,0.,-1.));
#4673 = PLANE('',#4674);
#4674 = AXIS2_PLACEMENT_3D('',#4675,#4676,#4677);
#4675 = CARTESIAN_POINT('',(-140.,65.,4.));
#4676 = DIRECTION('',(0.,1.,0.));
#4677 = DIRECTION('',(0.,0.,1.));
#4678 = ADVANCED_FACE('',(#4679,#4697),#4731,.T.);
#4679 = FACE_BOUND('',#4680,.T.);
#4680 = EDGE_LOOP('',(#4681,#4682,#4683,#4691));
#4681 = ORIENTED_EDGE('',*,*,#2646,.F.);
#4682 = ORIENTED_EDGE('',*,*,#4628,.T.);
#4683 = ORIENTED_EDGE('',*,*,#4684,.T.);
#4684 = EDGE_CURVE('',#4629,#4685,#4687,.T.);
#4685 = VERTEX_POINT('',#4686);
#4686 = CARTESIAN_POINT('',(-85.,115.,24.));
#4687 = LINE('',#4688,#4689);
#4688 = CARTESIAN_POINT('',(-85.,65.,24.));
#4689 = VECTOR('',#4690,1.);
#4690 = DIRECTION('',(0.,1.,0.));
#4691 = ORIENTED_EDGE('',*,*,#4692,.F.);
#4692 = EDGE_CURVE('',#2647,#4685,#4693,.T.);
#4693 = LINE('',#4694,#4695);
#4694 = CARTESIAN_POINT('',(-140.,115.,24.));
#4695 = VECTOR('',#4696,1.);
#4696 = DIRECTION('',(1.,0.,0.));
#4697 = FACE_BOUND('',#4698,.T.);
#4698 = EDGE_LOOP('',(#4699,#4709,#4717,#4725));
#4699 = ORIENTED_EDGE('',*,*,#4700,.T.);
#4700 = EDGE_CURVE('',#4701,#4703,#4705,.T.);
#4701 = VERTEX_POINT('',#4702);
#4702 = CARTESIAN_POINT('',(-110.7,83.7,24.));
#4703 = VERTEX_POINT('',#4704);
#4704 = CARTESIAN_POINT('',(-119.3,83.7,24.));
#4705 = LINE('',#4706,#4707);
#4706 = CARTESIAN_POINT('',(-129.65,83.7,24.));
#4707 = VECTOR('',#4708,1.);
#4708 = DIRECTION('',(-1.,0.,0.));
#4709 = ORIENTED_EDGE('',*,*,#4710,.T.);
#4710 = EDGE_CURVE('',#4703,#4711,#4713,.T.);
#4711 = VERTEX_POINT('',#4712);
#4712 = CARTESIAN_POINT('',(-119.3,96.3,24.));
#4713 = LINE('',#4714,#4715);
#4714 = CARTESIAN_POINT('',(-119.3,74.35,24.));
#4715 = VECTOR('',#4716,1.);
#4716 = DIRECTION('',(0.,1.,0.));
#4717 = ORIENTED_EDGE('',*,*,#4718,.F.);
#4718 = EDGE_CURVE('',#4719,#4711,#4721,.T.);
#4719 = VERTEX_POINT('',#4720);
#4720 = CARTESIAN_POINT('',(-110.7,96.3,24.));
#4721 = LINE('',#4722,#4723);
#4722 = CARTESIAN_POINT('',(-129.65,96.3,24.));
#4723 = VECTOR('',#4724,1.);
#4724 = DIRECTION('',(-1.,0.,0.));
#4725 = ORIENTED_EDGE('',*,*,#4726,.F.);
#4726 = EDGE_CURVE('',#4701,#4719,#4727,.T.);
#4727 = LINE('',#4728,#4729);
#4728 = CARTESIAN_POINT('',(-110.7,74.35,24.));
#4729 = VECTOR('',#4730,1.);
#4730 = DIRECTION('',(0.,1.,0.));
#4731 = PLANE('',#4732);
#4732 = AXIS2_PLACEMENT_3D('',#4733,#4734,#4735);
#4733 = CARTESIAN_POINT('',(-140.,65.,24.));
#4734 = DIRECTION('',(0.,0.,1.));
#4735 = DIRECTION('',(1.,0.,0.));
#4736 = ADVANCED_FACE('',(#4737),#4755,.T.);
#4737 = FACE_BOUND('',#4738,.T.);
#4738 = EDGE_LOOP('',(#4739,#4747,#4748,#4749));
#4739 = ORIENTED_EDGE('',*,*,#4740,.F.);
#4740 = EDGE_CURVE('',#2655,#4741,#4743,.T.);
#4741 = VERTEX_POINT('',#4742);
#4742 = CARTESIAN_POINT('',(-85.,115.,4.));
#4743 = LINE('',#4744,#4745);
#4744 = CARTESIAN_POINT('',(-140.,115.,4.));
#4745 = VECTOR('',#4746,1.);
#4746 = DIRECTION('',(1.,0.,0.));
#4747 = ORIENTED_EDGE('',*,*,#2654,.T.);
#4748 = ORIENTED_EDGE('',*,*,#4692,.T.);
#4749 = ORIENTED_EDGE('',*,*,#4750,.F.);
#4750 = EDGE_CURVE('',#4741,#4685,#4751,.T.);
#4751 = LINE('',#4752,#4753);
#4752 = CARTESIAN_POINT('',(-85.,115.,4.));
#4753 = VECTOR('',#4754,1.);
#4754 = DIRECTION('',(0.,0.,1.));
#4755 = PLANE('',#4756);
#4756 = AXIS2_PLACEMENT_3D('',#4757,#4758,#4759);
#4757 = CARTESIAN_POINT('',(-140.,115.,4.));
#4758 = DIRECTION('',(0.,1.,0.));
#4759 = DIRECTION('',(0.,0.,1.));
#4760 = ADVANCED_FACE('',(#4761,#4781),#4815,.T.);
#4761 = FACE_BOUND('',#4762,.T.);
#4762 = EDGE_LOOP('',(#4763,#4764,#4765,#4771,#4772,#4778,#4779,#4780));
#4763 = ORIENTED_EDGE('',*,*,#2662,.F.);
#4764 = ORIENTED_EDGE('',*,*,#4740,.T.);
#4765 = ORIENTED_EDGE('',*,*,#4766,.F.);
#4766 = EDGE_CURVE('',#4637,#4741,#4767,.T.);
#4767 = LINE('',#4768,#4769);
#4768 = CARTESIAN_POINT('',(-85.,65.,4.));
#4769 = VECTOR('',#4770,1.);
#4770 = DIRECTION('',(0.,1.,0.));
#4771 = ORIENTED_EDGE('',*,*,#4644,.F.);
#4772 = ORIENTED_EDGE('',*,*,#4773,.F.);
#4773 = EDGE_CURVE('',#3822,#4645,#4774,.T.);
#4774 = LINE('',#4775,#4776);
#4775 = CARTESIAN_POINT('',(2.830576295061,-61.94139905813,4.));
#4776 = VECTOR('',#4777,1.);
#4777 = DIRECTION('',(-0.588171697675,0.808736084303,0.));
#4778 = ORIENTED_EDGE('',*,*,#3821,.F.);
#4779 = ORIENTED_EDGE('',*,*,#3234,.T.);
#4780 = ORIENTED_EDGE('',*,*,#3210,.F.);
#4781 = FACE_BOUND('',#4782,.T.);
#4782 = EDGE_LOOP('',(#4783,#4793,#4801,#4809));
#4783 = ORIENTED_EDGE('',*,*,#4784,.T.);
#4784 = EDGE_CURVE('',#4785,#4787,#4789,.T.);
#4785 = VERTEX_POINT('',#4786);
#4786 = CARTESIAN_POINT('',(-40.20285622446,50.283552409764,4.));
#4787 = VERTEX_POINT('',#4788);
#4788 = CARTESIAN_POINT('',(-33.3959853028,33.620224163105,4.));
#4789 = LINE('',#4790,#4791);
#4790 = CARTESIAN_POINT('',(-9.315356073881,-25.32953907555,4.));
#4791 = VECTOR('',#4792,1.);
#4792 = DIRECTION('',(0.378159495647,-0.925740458148,0.));
#4793 = ORIENTED_EDGE('',*,*,#4794,.T.);
#4794 = EDGE_CURVE('',#4787,#4795,#4797,.T.);
#4795 = VERTEX_POINT('',#4796);
#4796 = CARTESIAN_POINT('',(-44.50487080057,29.082310215335,4.));
#4797 = LINE('',#4798,#4799);
#4798 = CARTESIAN_POINT('',(-110.7786218803,2.009875320213,4.));
#4799 = VECTOR('',#4800,1.);
#4800 = DIRECTION('',(-0.925740458148,-0.378159495647,0.));
#4801 = ORIENTED_EDGE('',*,*,#4802,.F.);
#4802 = EDGE_CURVE('',#4803,#4795,#4805,.T.);
#4803 = VERTEX_POINT('',#4804);
#4804 = CARTESIAN_POINT('',(-51.31174172223,45.745638461995,4.));
#4805 = LINE('',#4806,#4807);
#4806 = CARTESIAN_POINT('',(-20.42424157165,-29.86745302332,4.));
#4807 = VECTOR('',#4808,1.);
#4808 = DIRECTION('',(0.378159495647,-0.925740458148,0.));
#4809 = ORIENTED_EDGE('',*,*,#4810,.F.);
#4810 = EDGE_CURVE('',#4785,#4803,#4811,.T.);
#4811 = LINE('',#4812,#4813);
#4812 = CARTESIAN_POINT('',(-117.5854928019,18.673203566873,4.));
#4813 = VECTOR('',#4814,1.);
#4814 = DIRECTION('',(-0.925740458148,-0.378159495647,0.));
#4815 = PLANE('',#4816);
#4816 = AXIS2_PLACEMENT_3D('',#4817,#4818,#4819);
#4817 = CARTESIAN_POINT('',(-140.,-147.5,4.));
#4818 = DIRECTION('',(0.,0.,1.));
#4819 = DIRECTION('',(1.,0.,0.));
#4820 = ADVANCED_FACE('',(#4821),#4846,.T.);
#4821 = FACE_BOUND('',#4822,.T.);
#4822 = EDGE_LOOP('',(#4823,#4824,#4832,#4840));
#4823 = ORIENTED_EDGE('',*,*,#2681,.F.);
#4824 = ORIENTED_EDGE('',*,*,#4825,.T.);
#4825 = EDGE_CURVE('',#2682,#4826,#4828,.T.);
#4826 = VERTEX_POINT('',#4827);
#4827 = CARTESIAN_POINT('',(-89.6,77.6,8.4));
#4828 = LINE('',#4829,#4830);
#4829 = CARTESIAN_POINT('',(-142.,77.6,8.4));
#4830 = VECTOR('',#4831,1.);
#4831 = DIRECTION('',(1.,0.,0.));
#4832 = ORIENTED_EDGE('',*,*,#4833,.T.);
#4833 = EDGE_CURVE('',#4826,#4834,#4836,.T.);
#4834 = VERTEX_POINT('',#4835);
#4835 = CARTESIAN_POINT('',(-89.6,77.6,3.6));
#4836 = LINE('',#4837,#4838);
#4837 = CARTESIAN_POINT('',(-89.6,77.6,8.4));
#4838 = VECTOR('',#4839,1.);
#4839 = DIRECTION('',(0.,0.,-1.));
#4840 = ORIENTED_EDGE('',*,*,#4841,.F.);
#4841 = EDGE_CURVE('',#2684,#4834,#4842,.T.);
#4842 = LINE('',#4843,#4844);
#4843 = CARTESIAN_POINT('',(-142.,77.6,3.6));
#4844 = VECTOR('',#4845,1.);
#4845 = DIRECTION('',(1.,0.,0.));
#4846 = PLANE('',#4847);
#4847 = AXIS2_PLACEMENT_3D('',#4848,#4849,#4850);
#4848 = CARTESIAN_POINT('',(-142.,77.6,8.4));
#4849 = DIRECTION('',(0.,1.,0.));
#4850 = DIRECTION('',(0.,0.,-1.));
#4851 = ADVANCED_FACE('',(#4852,#4870),#4876,.T.);
#4852 = FACE_BOUND('',#4853,.T.);
#4853 = EDGE_LOOP('',(#4854,#4855,#4856,#4864));
#4854 = ORIENTED_EDGE('',*,*,#2691,.F.);
#4855 = ORIENTED_EDGE('',*,*,#4841,.T.);
#4856 = ORIENTED_EDGE('',*,*,#4857,.T.);
#4857 = EDGE_CURVE('',#4834,#4858,#4860,.T.);
#4858 = VERTEX_POINT('',#4859);
#4859 = CARTESIAN_POINT('',(-89.6,102.4,3.6));
#4860 = LINE('',#4861,#4862);
#4861 = CARTESIAN_POINT('',(-89.6,77.6,3.6));
#4862 = VECTOR('',#4863,1.);
#4863 = DIRECTION('',(0.,1.,0.));
#4864 = ORIENTED_EDGE('',*,*,#4865,.F.);
#4865 = EDGE_CURVE('',#2692,#4858,#4866,.T.);
#4866 = LINE('',#4867,#4868);
#4867 = CARTESIAN_POINT('',(-142.,102.4,3.6));
#4868 = VECTOR('',#4869,1.);
#4869 = DIRECTION('',(1.,0.,0.));
#4870 = FACE_BOUND('',#4871,.T.);
#4871 = EDGE_LOOP('',(#4872,#4873,#4874,#4875));
#4872 = ORIENTED_EDGE('',*,*,#3063,.T.);
#4873 = ORIENTED_EDGE('',*,*,#3087,.T.);
#4874 = ORIENTED_EDGE('',*,*,#3111,.F.);
#4875 = ORIENTED_EDGE('',*,*,#3128,.F.);
#4876 = PLANE('',#4877);
#4877 = AXIS2_PLACEMENT_3D('',#4878,#4879,#4880);
#4878 = CARTESIAN_POINT('',(-142.,77.6,3.6));
#4879 = DIRECTION('',(0.,0.,1.));
#4880 = DIRECTION('',(0.,1.,0.));
#4881 = ADVANCED_FACE('',(#4882),#4900,.T.);
#4882 = FACE_BOUND('',#4883,.T.);
#4883 = EDGE_LOOP('',(#4884,#4885,#4886,#4894));
#4884 = ORIENTED_EDGE('',*,*,#2699,.F.);
#4885 = ORIENTED_EDGE('',*,*,#4865,.T.);
#4886 = ORIENTED_EDGE('',*,*,#4887,.T.);
#4887 = EDGE_CURVE('',#4858,#4888,#4890,.T.);
#4888 = VERTEX_POINT('',#4889);
#4889 = CARTESIAN_POINT('',(-89.6,102.4,8.4));
#4890 = LINE('',#4891,#4892);
#4891 = CARTESIAN_POINT('',(-89.6,102.4,3.6));
#4892 = VECTOR('',#4893,1.);
#4893 = DIRECTION('',(0.,0.,1.));
#4894 = ORIENTED_EDGE('',*,*,#4895,.F.);
#4895 = EDGE_CURVE('',#2700,#4888,#4896,.T.);
#4896 = LINE('',#4897,#4898);
#4897 = CARTESIAN_POINT('',(-142.,102.4,8.4));
#4898 = VECTOR('',#4899,1.);
#4899 = DIRECTION('',(1.,0.,0.));
#4900 = PLANE('',#4901);
#4901 = AXIS2_PLACEMENT_3D('',#4902,#4903,#4904);
#4902 = CARTESIAN_POINT('',(-142.,102.4,3.6));
#4903 = DIRECTION('',(0.,-1.,0.));
#4904 = DIRECTION('',(0.,0.,1.));
#4905 = ADVANCED_FACE('',(#4906),#4956,.T.);
#4906 = FACE_BOUND('',#4907,.T.);
#4907 = EDGE_LOOP('',(#4908,#4909,#4910,#4918,#4926,#4934,#4942,#4950));
#4908 = ORIENTED_EDGE('',*,*,#2707,.F.);
#4909 = ORIENTED_EDGE('',*,*,#4895,.T.);
#4910 = ORIENTED_EDGE('',*,*,#4911,.T.);
#4911 = EDGE_CURVE('',#4888,#4912,#4914,.T.);
#4912 = VERTEX_POINT('',#4913);
#4913 = CARTESIAN_POINT('',(-89.6,90.,20.4));
#4914 = LINE('',#4915,#4916);
#4915 = CARTESIAN_POINT('',(-89.6,102.4,8.4));
#4916 = VECTOR('',#4917,1.);
#4917 = DIRECTION('',(0.,-0.718602141767,0.695421427516));
#4918 = ORIENTED_EDGE('',*,*,#4919,.F.);
#4919 = EDGE_CURVE('',#4920,#4912,#4922,.T.);
#4920 = VERTEX_POINT('',#4921);
#4921 = CARTESIAN_POINT('',(-110.7,90.,20.4));
#4922 = LINE('',#4923,#4924);
#4923 = CARTESIAN_POINT('',(-142.,90.,20.4));
#4924 = VECTOR('',#4925,1.);
#4925 = DIRECTION('',(1.,0.,0.));
#4926 = ORIENTED_EDGE('',*,*,#4927,.F.);
#4927 = EDGE_CURVE('',#4928,#4920,#4930,.T.);
#4928 = VERTEX_POINT('',#4929);
#4929 = CARTESIAN_POINT('',(-110.7,96.3,14.303225806452));
#4930 = LINE('',#4931,#4932);
#4931 = CARTESIAN_POINT('',(-110.7,99.920499731327,10.799516389038));
#4932 = VECTOR('',#4933,1.);
#4933 = DIRECTION('',(0.,-0.718602141767,0.695421427516));
#4934 = ORIENTED_EDGE('',*,*,#4935,.F.);
#4935 = EDGE_CURVE('',#4936,#4928,#4938,.T.);
#4936 = VERTEX_POINT('',#4937);
#4937 = CARTESIAN_POINT('',(-119.3,96.3,14.303225806452));
#4938 = LINE('',#4939,#4940);
#4939 = CARTESIAN_POINT('',(-130.65,96.3,14.303225806452));
#4940 = VECTOR('',#4941,1.);
#4941 = DIRECTION('',(1.,0.,0.));
#4942 = ORIENTED_EDGE('',*,*,#4943,.T.);
#4943 = EDGE_CURVE('',#4936,#4944,#4946,.T.);
#4944 = VERTEX_POINT('',#4945);
#4945 = CARTESIAN_POINT('',(-119.3,90.,20.4));
#4946 = LINE('',#4947,#4948);
#4947 = CARTESIAN_POINT('',(-119.3,99.920499731327,10.799516389038));
#4948 = VECTOR('',#4949,1.);
#4949 = DIRECTION('',(0.,-0.718602141767,0.695421427516));
#4950 = ORIENTED_EDGE('',*,*,#4951,.F.);
#4951 = EDGE_CURVE('',#2708,#4944,#4952,.T.);
#4952 = LINE('',#4953,#4954);
#4953 = CARTESIAN_POINT('',(-142.,90.,20.4));
#4954 = VECTOR('',#4955,1.);
#4955 = DIRECTION('',(1.,0.,0.));
#4956 = PLANE('',#4957);
#4957 = AXIS2_PLACEMENT_3D('',#4958,#4959,#4960);
#4958 = CARTESIAN_POINT('',(-142.,102.4,8.4));
#4959 = DIRECTION('',(0.,-0.695421427516,-0.718602141767));
#4960 = DIRECTION('',(0.,-0.718602141767,0.695421427516));
#4961 = ADVANCED_FACE('',(#4962),#4996,.T.);
#4962 = FACE_BOUND('',#4963,.T.);
#4963 = EDGE_LOOP('',(#4964,#4965,#4966,#4974,#4982,#4988,#4989,#4995));
#4964 = ORIENTED_EDGE('',*,*,#2715,.F.);
#4965 = ORIENTED_EDGE('',*,*,#4951,.T.);
#4966 = ORIENTED_EDGE('',*,*,#4967,.T.);
#4967 = EDGE_CURVE('',#4944,#4968,#4970,.T.);
#4968 = VERTEX_POINT('',#4969);
#4969 = CARTESIAN_POINT('',(-119.3,83.7,14.303225806452));
#4970 = LINE('',#4971,#4972);
#4971 = CARTESIAN_POINT('',(-119.3,83.026249328318,13.651209027405));
#4972 = VECTOR('',#4973,1.);
#4973 = DIRECTION('',(0.,-0.718602141767,-0.695421427516));
#4974 = ORIENTED_EDGE('',*,*,#4975,.T.);
#4975 = EDGE_CURVE('',#4968,#4976,#4978,.T.);
#4976 = VERTEX_POINT('',#4977);
#4977 = CARTESIAN_POINT('',(-110.7,83.7,14.303225806452));
#4978 = LINE('',#4979,#4980);
#4979 = CARTESIAN_POINT('',(-130.65,83.7,14.303225806452));
#4980 = VECTOR('',#4981,1.);
#4981 = DIRECTION('',(1.,0.,0.));
#4982 = ORIENTED_EDGE('',*,*,#4983,.F.);
#4983 = EDGE_CURVE('',#4920,#4976,#4984,.T.);
#4984 = LINE('',#4985,#4986);
#4985 = CARTESIAN_POINT('',(-110.7,83.026249328318,13.651209027405));
#4986 = VECTOR('',#4987,1.);
#4987 = DIRECTION('',(0.,-0.718602141767,-0.695421427516));
#4988 = ORIENTED_EDGE('',*,*,#4919,.T.);
#4989 = ORIENTED_EDGE('',*,*,#4990,.T.);
#4990 = EDGE_CURVE('',#4912,#4826,#4991,.T.);
#4991 = LINE('',#4992,#4993);
#4992 = CARTESIAN_POINT('',(-89.6,90.,20.4));
#4993 = VECTOR('',#4994,1.);
#4994 = DIRECTION('',(0.,-0.718602141767,-0.695421427516));
#4995 = ORIENTED_EDGE('',*,*,#4825,.F.);
#4996 = PLANE('',#4997);
#4997 = AXIS2_PLACEMENT_3D('',#4998,#4999,#5000);
#4998 = CARTESIAN_POINT('',(-142.,90.,20.4));
#4999 = DIRECTION('',(0.,0.695421427516,-0.718602141767));
#5000 = DIRECTION('',(0.,-0.718602141767,-0.695421427516));
#5001 = ADVANCED_FACE('',(#5002),#5027,.T.);
#5002 = FACE_BOUND('',#5003,.T.);
#5003 = EDGE_LOOP('',(#5004,#5005,#5013,#5021));
#5004 = ORIENTED_EDGE('',*,*,#2723,.F.);
#5005 = ORIENTED_EDGE('',*,*,#5006,.T.);
#5006 = EDGE_CURVE('',#2724,#5007,#5009,.T.);
#5007 = VERTEX_POINT('',#5008);
#5008 = CARTESIAN_POINT('',(-89.6,-102.4,8.4));
#5009 = LINE('',#5010,#5011);
#5010 = CARTESIAN_POINT('',(-142.,-102.4,8.4));
#5011 = VECTOR('',#5012,1.);
#5012 = DIRECTION('',(1.,0.,0.));
#5013 = ORIENTED_EDGE('',*,*,#5014,.T.);
#5014 = EDGE_CURVE('',#5007,#5015,#5017,.T.);
#5015 = VERTEX_POINT('',#5016);
#5016 = CARTESIAN_POINT('',(-89.6,-102.4,3.6));
#5017 = LINE('',#5018,#5019);
#5018 = CARTESIAN_POINT('',(-89.6,-102.4,8.4));
#5019 = VECTOR('',#5020,1.);
#5020 = DIRECTION('',(0.,0.,-1.));
#5021 = ORIENTED_EDGE('',*,*,#5022,.F.);
#5022 = EDGE_CURVE('',#2726,#5015,#5023,.T.);
#5023 = LINE('',#5024,#5025);
#5024 = CARTESIAN_POINT('',(-142.,-102.4,3.6));
#5025 = VECTOR('',#5026,1.);
#5026 = DIRECTION('',(1.,0.,0.));
#5027 = PLANE('',#5028);
#5028 = AXIS2_PLACEMENT_3D('',#5029,#5030,#5031);
#5029 = CARTESIAN_POINT('',(-142.,-102.4,8.4));
#5030 = DIRECTION('',(0.,1.,0.));
#5031 = DIRECTION('',(0.,0.,-1.));
#5032 = ADVANCED_FACE('',(#5033,#5051),#5057,.T.);
#5033 = FACE_BOUND('',#5034,.T.);
#5034 = EDGE_LOOP('',(#5035,#5036,#5037,#5045));
#5035 = ORIENTED_EDGE('',*,*,#2733,.F.);
#5036 = ORIENTED_EDGE('',*,*,#5022,.T.);
#5037 = ORIENTED_EDGE('',*,*,#5038,.T.);
#5038 = EDGE_CURVE('',#5015,#5039,#5041,.T.);
#5039 = VERTEX_POINT('',#5040);
#5040 = CARTESIAN_POINT('',(-89.6,-77.6,3.6));
#5041 = LINE('',#5042,#5043);
#5042 = CARTESIAN_POINT('',(-89.6,-102.4,3.6));
#5043 = VECTOR('',#5044,1.);
#5044 = DIRECTION('',(0.,1.,0.));
#5045 = ORIENTED_EDGE('',*,*,#5046,.F.);
#5046 = EDGE_CURVE('',#2734,#5039,#5047,.T.);
#5047 = LINE('',#5048,#5049);
#5048 = CARTESIAN_POINT('',(-142.,-77.6,3.6));
#5049 = VECTOR('',#5050,1.);
#5050 = DIRECTION('',(1.,0.,0.));
#5051 = FACE_BOUND('',#5052,.T.);
#5052 = EDGE_LOOP('',(#5053,#5054,#5055,#5056));
#5053 = ORIENTED_EDGE('',*,*,#2899,.T.);
#5054 = ORIENTED_EDGE('',*,*,#2923,.T.);
#5055 = ORIENTED_EDGE('',*,*,#2947,.F.);
#5056 = ORIENTED_EDGE('',*,*,#2964,.F.);
#5057 = PLANE('',#5058);
#5058 = AXIS2_PLACEMENT_3D('',#5059,#5060,#5061);
#5059 = CARTESIAN_POINT('',(-142.,-102.4,3.6));
#5060 = DIRECTION('',(0.,0.,1.));
#5061 = DIRECTION('',(0.,1.,0.));
#5062 = ADVANCED_FACE('',(#5063),#5081,.T.);
#5063 = FACE_BOUND('',#5064,.T.);
#5064 = EDGE_LOOP('',(#5065,#5066,#5067,#5075));
#5065 = ORIENTED_EDGE('',*,*,#2741,.F.);
#5066 = ORIENTED_EDGE('',*,*,#5046,.T.);
#5067 = ORIENTED_EDGE('',*,*,#5068,.T.);
#5068 = EDGE_CURVE('',#5039,#5069,#5071,.T.);
#5069 = VERTEX_POINT('',#5070);
#5070 = CARTESIAN_POINT('',(-89.6,-77.6,8.4));
#5071 = LINE('',#5072,#5073);
#5072 = CARTESIAN_POINT('',(-89.6,-77.6,3.6));
#5073 = VECTOR('',#5074,1.);
#5074 = DIRECTION('',(0.,0.,1.));
#5075 = ORIENTED_EDGE('',*,*,#5076,.F.);
#5076 = EDGE_CURVE('',#2742,#5069,#5077,.T.);
#5077 = LINE('',#5078,#5079);
#5078 = CARTESIAN_POINT('',(-142.,-77.6,8.4));
#5079 = VECTOR('',#5080,1.);
#5080 = DIRECTION('',(1.,0.,0.));
#5081 = PLANE('',#5082);
#5082 = AXIS2_PLACEMENT_3D('',#5083,#5084,#5085);
#5083 = CARTESIAN_POINT('',(-142.,-77.6,3.6));
#5084 = DIRECTION('',(0.,-1.,0.));
#5085 = DIRECTION('',(0.,0.,1.));
#5086 = ADVANCED_FACE('',(#5087),#5154,.T.);
#5087 = FACE_BOUND('',#5088,.T.);
#5088 = EDGE_LOOP('',(#5089,#5090,#5091,#5099,#5107,#5116,#5124,#5132,
    #5140,#5148));
#5089 = ORIENTED_EDGE('',*,*,#2749,.F.);
#5090 = ORIENTED_EDGE('',*,*,#5076,.T.);
#5091 = ORIENTED_EDGE('',*,*,#5092,.T.);
#5092 = EDGE_CURVE('',#5069,#5093,#5095,.T.);
#5093 = VERTEX_POINT('',#5094);
#5094 = CARTESIAN_POINT('',(-89.6,-79.25333333333,10.));
#5095 = LINE('',#5096,#5097);
#5096 = CARTESIAN_POINT('',(-89.6,-77.6,8.4));
#5097 = VECTOR('',#5098,1.);
#5098 = DIRECTION('',(0.,-0.718602141767,0.695421427516));
#5099 = ORIENTED_EDGE('',*,*,#5100,.T.);
#5100 = EDGE_CURVE('',#5093,#5101,#5103,.T.);
#5101 = VERTEX_POINT('',#5102);
#5102 = CARTESIAN_POINT('',(-100.8530407187,-79.25333333333,10.));
#5103 = LINE('',#5104,#5105);
#5104 = CARTESIAN_POINT('',(-71.,-79.25333333333,10.));
#5105 = VECTOR('',#5106,1.);
#5106 = DIRECTION('',(-1.,0.,0.));
#5107 = ORIENTED_EDGE('',*,*,#5108,.F.);
#5108 = EDGE_CURVE('',#5109,#5101,#5111,.T.);
#5109 = VERTEX_POINT('',#5110);
#5110 = CARTESIAN_POINT('',(-98.6306240475,-90.,20.4));
#5111 = ELLIPSE('',#5112,141.94224324076,102.);
#5112 = AXIS2_PLACEMENT_3D('',#5113,#5114,#5115);
#5113 = CARTESIAN_POINT('',(0.,-64.,-4.761290322572));
#5114 = DIRECTION('',(-0.,-0.695421427516,-0.718602141767));
#5115 = DIRECTION('',(0.,-0.718602141767,0.695421427516));
#5116 = ORIENTED_EDGE('',*,*,#5117,.F.);
#5117 = EDGE_CURVE('',#5118,#5109,#5120,.T.);
#5118 = VERTEX_POINT('',#5119);
#5119 = CARTESIAN_POINT('',(-110.7,-90.,20.4));
#5120 = LINE('',#5121,#5122);
#5121 = CARTESIAN_POINT('',(-142.,-90.,20.4));
#5122 = VECTOR('',#5123,1.);
#5123 = DIRECTION('',(1.,0.,0.));
#5124 = ORIENTED_EDGE('',*,*,#5125,.F.);
#5125 = EDGE_CURVE('',#5126,#5118,#5128,.T.);
#5126 = VERTEX_POINT('',#5127);
#5127 = CARTESIAN_POINT('',(-110.7,-83.7,14.303225806452));
#5128 = LINE('',#5129,#5130);
#5129 = CARTESIAN_POINT('',(-110.7,-80.07950026867,10.799516389038));
#5130 = VECTOR('',#5131,1.);
#5131 = DIRECTION('',(0.,-0.718602141767,0.695421427516));
#5132 = ORIENTED_EDGE('',*,*,#5133,.F.);
#5133 = EDGE_CURVE('',#5134,#5126,#5136,.T.);
#5134 = VERTEX_POINT('',#5135);
#5135 = CARTESIAN_POINT('',(-119.3,-83.7,14.303225806452));
#5136 = LINE('',#5137,#5138);
#5137 = CARTESIAN_POINT('',(-130.65,-83.7,14.303225806452));
#5138 = VECTOR('',#5139,1.);
#5139 = DIRECTION('',(1.,0.,0.));
#5140 = ORIENTED_EDGE('',*,*,#5141,.T.);
#5141 = EDGE_CURVE('',#5134,#5142,#5144,.T.);
#5142 = VERTEX_POINT('',#5143);
#5143 = CARTESIAN_POINT('',(-119.3,-90.,20.4));
#5144 = LINE('',#5145,#5146);
#5145 = CARTESIAN_POINT('',(-119.3,-80.07950026867,10.799516389038));
#5146 = VECTOR('',#5147,1.);
#5147 = DIRECTION('',(0.,-0.718602141767,0.695421427516));
#5148 = ORIENTED_EDGE('',*,*,#5149,.F.);
#5149 = EDGE_CURVE('',#2750,#5142,#5150,.T.);
#5150 = LINE('',#5151,#5152);
#5151 = CARTESIAN_POINT('',(-142.,-90.,20.4));
#5152 = VECTOR('',#5153,1.);
#5153 = DIRECTION('',(1.,0.,0.));
#5154 = PLANE('',#5155);
#5155 = AXIS2_PLACEMENT_3D('',#5156,#5157,#5158);
#5156 = CARTESIAN_POINT('',(-142.,-77.6,8.4));
#5157 = DIRECTION('',(0.,-0.695421427516,-0.718602141767));
#5158 = DIRECTION('',(0.,-0.718602141767,0.695421427516));
#5159 = ADVANCED_FACE('',(#5160),#5211,.T.);
#5160 = FACE_BOUND('',#5161,.T.);
#5161 = EDGE_LOOP('',(#5162,#5163,#5164,#5172,#5180,#5186,#5187,#5196,
    #5204,#5210));
#5162 = ORIENTED_EDGE('',*,*,#2757,.F.);
#5163 = ORIENTED_EDGE('',*,*,#5149,.T.);
#5164 = ORIENTED_EDGE('',*,*,#5165,.T.);
#5165 = EDGE_CURVE('',#5142,#5166,#5168,.T.);
#5166 = VERTEX_POINT('',#5167);
#5167 = CARTESIAN_POINT('',(-119.3,-96.3,14.303225806452));
#5168 = LINE('',#5169,#5170);
#5169 = CARTESIAN_POINT('',(-119.3,-96.97375067168,13.651209027405));
#5170 = VECTOR('',#5171,1.);
#5171 = DIRECTION('',(0.,-0.718602141767,-0.695421427516));
#5172 = ORIENTED_EDGE('',*,*,#5173,.T.);
#5173 = EDGE_CURVE('',#5166,#5174,#5176,.T.);
#5174 = VERTEX_POINT('',#5175);
#5175 = CARTESIAN_POINT('',(-110.7,-96.3,14.303225806452));
#5176 = LINE('',#5177,#5178);
#5177 = CARTESIAN_POINT('',(-130.65,-96.3,14.303225806452));
#5178 = VECTOR('',#5179,1.);
#5179 = DIRECTION('',(1.,0.,0.));
#5180 = ORIENTED_EDGE('',*,*,#5181,.F.);
#5181 = EDGE_CURVE('',#5118,#5174,#5182,.T.);
#5182 = LINE('',#5183,#5184);
#5183 = CARTESIAN_POINT('',(-110.7,-96.97375067168,13.651209027405));
#5184 = VECTOR('',#5185,1.);
#5185 = DIRECTION('',(0.,-0.718602141767,-0.695421427516));
#5186 = ORIENTED_EDGE('',*,*,#5117,.T.);
#5187 = ORIENTED_EDGE('',*,*,#5188,.F.);
#5188 = EDGE_CURVE('',#5189,#5109,#5191,.T.);
#5189 = VERTEX_POINT('',#5190);
#5190 = CARTESIAN_POINT('',(-95.15084071561,-100.7466666666,10.));
#5191 = ELLIPSE('',#5192,141.94224324076,102.);
#5192 = AXIS2_PLACEMENT_3D('',#5193,#5194,#5195);
#5193 = CARTESIAN_POINT('',(0.,-64.,45.561290322564));
#5194 = DIRECTION('',(0.,0.695421427516,-0.718602141767));
#5195 = DIRECTION('',(0.,0.718602141767,0.695421427516));
#5196 = ORIENTED_EDGE('',*,*,#5197,.T.);
#5197 = EDGE_CURVE('',#5189,#5198,#5200,.T.);
#5198 = VERTEX_POINT('',#5199);
#5199 = CARTESIAN_POINT('',(-89.6,-100.7466666666,10.));
#5200 = LINE('',#5201,#5202);
#5201 = CARTESIAN_POINT('',(-71.,-100.7466666666,10.));
#5202 = VECTOR('',#5203,1.);
#5203 = DIRECTION('',(1.,0.,0.));
#5204 = ORIENTED_EDGE('',*,*,#5205,.T.);
#5205 = EDGE_CURVE('',#5198,#5007,#5206,.T.);
#5206 = LINE('',#5207,#5208);
#5207 = CARTESIAN_POINT('',(-89.6,-90.,20.4));
#5208 = VECTOR('',#5209,1.);
#5209 = DIRECTION('',(0.,-0.718602141767,-0.695421427516));
#5210 = ORIENTED_EDGE('',*,*,#5006,.F.);
#5211 = PLANE('',#5212);
#5212 = AXIS2_PLACEMENT_3D('',#5213,#5214,#5215);
#5213 = CARTESIAN_POINT('',(-142.,-90.,20.4));
#5214 = DIRECTION('',(0.,0.695421427516,-0.718602141767));
#5215 = DIRECTION('',(0.,-0.718602141767,-0.695421427516));
#5216 = ADVANCED_FACE('',(#5217),#5224,.F.);
#5217 = FACE_BOUND('',#5218,.F.);
#5218 = EDGE_LOOP('',(#5219,#5220,#5221,#5222,#5223));
#5219 = ORIENTED_EDGE('',*,*,#3958,.T.);
#5220 = ORIENTED_EDGE('',*,*,#3974,.T.);
#5221 = ORIENTED_EDGE('',*,*,#2800,.T.);
#5222 = ORIENTED_EDGE('',*,*,#4395,.F.);
#5223 = ORIENTED_EDGE('',*,*,#4411,.F.);
#5224 = PLANE('',#5225);
#5225 = AXIS2_PLACEMENT_3D('',#5226,#5227,#5228);
#5226 = CARTESIAN_POINT('',(-3.5,-64.,4.));
#5227 = DIRECTION('',(1.,1.110223024625E-16,0.));
#5228 = DIRECTION('',(0.,0.,1.));
#5229 = ADVANCED_FACE('',(#5230),#5241,.T.);
#5230 = FACE_BOUND('',#5231,.T.);
#5231 = EDGE_LOOP('',(#5232,#5233,#5234,#5235,#5236,#5237,#5238,#5239,
    #5240));
#5232 = ORIENTED_EDGE('',*,*,#3256,.F.);
#5233 = ORIENTED_EDGE('',*,*,#3804,.F.);
#5234 = ORIENTED_EDGE('',*,*,#3439,.T.);
#5235 = ORIENTED_EDGE('',*,*,#3400,.T.);
#5236 = ORIENTED_EDGE('',*,*,#3376,.T.);
#5237 = ORIENTED_EDGE('',*,*,#3352,.T.);
#5238 = ORIENTED_EDGE('',*,*,#3328,.T.);
#5239 = ORIENTED_EDGE('',*,*,#3304,.T.);
#5240 = ORIENTED_EDGE('',*,*,#3280,.T.);
#5241 = PLANE('',#5242);
#5242 = AXIS2_PLACEMENT_3D('',#5243,#5244,#5245);
#5243 = CARTESIAN_POINT('',(3.030691199925E-02,-72.10258691561,10.));
#5244 = DIRECTION('',(0.,0.,1.));
#5245 = DIRECTION('',(1.,0.,0.));
#5246 = ADVANCED_FACE('',(#5247),#5253,.T.);
#5247 = FACE_BOUND('',#5248,.T.);
#5248 = EDGE_LOOP('',(#5249,#5250,#5251,#5252));
#5249 = ORIENTED_EDGE('',*,*,#3509,.F.);
#5250 = ORIENTED_EDGE('',*,*,#3485,.T.);
#5251 = ORIENTED_EDGE('',*,*,#3550,.T.);
#5252 = ORIENTED_EDGE('',*,*,#3533,.F.);
#5253 = PLANE('',#5254);
#5254 = AXIS2_PLACEMENT_3D('',#5255,#5256,#5257);
#5255 = CARTESIAN_POINT('',(44.504870800578,29.082310215335,26.));
#5256 = DIRECTION('',(0.,0.,1.));
#5257 = DIRECTION('',(0.378159495647,0.925740458148,0.));
#5258 = ADVANCED_FACE('',(#5259),#5287,.F.);
#5259 = FACE_BOUND('',#5260,.F.);
#5260 = EDGE_LOOP('',(#5261,#5262,#5263,#5271,#5279,#5285,#5286));
#5261 = ORIENTED_EDGE('',*,*,#3830,.T.);
#5262 = ORIENTED_EDGE('',*,*,#3844,.T.);
#5263 = ORIENTED_EDGE('',*,*,#5264,.T.);
#5264 = EDGE_CURVE('',#3845,#5265,#5267,.T.);
#5265 = VERTEX_POINT('',#5266);
#5266 = CARTESIAN_POINT('',(-57.12760733139,20.501103428237,10.));
#5267 = LINE('',#5268,#5269);
#5268 = CARTESIAN_POINT('',(2.830576295063,-61.94139905813,10.));
#5269 = VECTOR('',#5270,1.);
#5270 = DIRECTION('',(-0.588171697675,0.808736084303,0.));
#5271 = ORIENTED_EDGE('',*,*,#5272,.T.);
#5272 = EDGE_CURVE('',#5265,#5273,#5275,.T.);
#5273 = VERTEX_POINT('',#5274);
#5274 = CARTESIAN_POINT('',(-57.12760733139,20.501103428237,14.));
#5275 = LINE('',#5276,#5277);
#5276 = CARTESIAN_POINT('',(-57.12760733139,20.501103428237,10.));
#5277 = VECTOR('',#5278,1.);
#5278 = DIRECTION('',(0.,0.,1.));
#5279 = ORIENTED_EDGE('',*,*,#5280,.T.);
#5280 = EDGE_CURVE('',#5273,#4653,#5281,.T.);
#5281 = LINE('',#5282,#5283);
#5282 = CARTESIAN_POINT('',(2.830576295061,-61.94139905813,14.));
#5283 = VECTOR('',#5284,1.);
#5284 = DIRECTION('',(-0.588171697675,0.808736084303,0.));
#5285 = ORIENTED_EDGE('',*,*,#4652,.T.);
#5286 = ORIENTED_EDGE('',*,*,#4773,.F.);
#5287 = PLANE('',#5288);
#5288 = AXIS2_PLACEMENT_3D('',#5289,#5290,#5291);
#5289 = CARTESIAN_POINT('',(2.830576295061,-61.94139905813,4.));
#5290 = DIRECTION('',(-0.808736084303,-0.588171697675,0.));
#5291 = DIRECTION('',(0.,0.,1.));
#5292 = ADVANCED_FACE('',(#5293),#5312,.T.);
#5293 = FACE_BOUND('',#5294,.T.);
#5294 = EDGE_LOOP('',(#5295,#5296,#5297,#5306));
#5295 = ORIENTED_EDGE('',*,*,#3861,.F.);
#5296 = ORIENTED_EDGE('',*,*,#5264,.T.);
#5297 = ORIENTED_EDGE('',*,*,#5298,.T.);
#5298 = EDGE_CURVE('',#5265,#5299,#5301,.T.);
#5299 = VERTEX_POINT('',#5300);
#5300 = CARTESIAN_POINT('',(-62.78875992152,16.38390154451,10.));
#5301 = CIRCLE('',#5302,102.);
#5302 = AXIS2_PLACEMENT_3D('',#5303,#5304,#5305);
#5303 = CARTESIAN_POINT('',(0.,-64.,10.));
#5304 = DIRECTION('',(0.,0.,1.));
#5305 = DIRECTION('',(1.,0.,0.));
#5306 = ORIENTED_EDGE('',*,*,#5307,.F.);
#5307 = EDGE_CURVE('',#3854,#5299,#5308,.T.);
#5308 = LINE('',#5309,#5310);
#5309 = CARTESIAN_POINT('',(-2.83057629506,-66.05860094186,10.));
#5310 = VECTOR('',#5311,1.);
#5311 = DIRECTION('',(-0.588171697675,0.808736084303,0.));
#5312 = PLANE('',#5313);
#5313 = AXIS2_PLACEMENT_3D('',#5314,#5315,#5316);
#5314 = CARTESIAN_POINT('',(3.030691199925E-02,-72.10258691561,10.));
#5315 = DIRECTION('',(0.,0.,1.));
#5316 = DIRECTION('',(1.,0.,0.));
#5317 = ADVANCED_FACE('',(#5318),#5339,.T.);
#5318 = FACE_BOUND('',#5319,.T.);
#5319 = EDGE_LOOP('',(#5320,#5321,#5322,#5323,#5331,#5337,#5338));
#5320 = ORIENTED_EDGE('',*,*,#3877,.T.);
#5321 = ORIENTED_EDGE('',*,*,#3853,.T.);
#5322 = ORIENTED_EDGE('',*,*,#5307,.T.);
#5323 = ORIENTED_EDGE('',*,*,#5324,.T.);
#5324 = EDGE_CURVE('',#5299,#5325,#5327,.T.);
#5325 = VERTEX_POINT('',#5326);
#5326 = CARTESIAN_POINT('',(-62.78875992152,16.38390154451,14.));
#5327 = LINE('',#5328,#5329);
#5328 = CARTESIAN_POINT('',(-62.78875992152,16.38390154451,10.));
#5329 = VECTOR('',#5330,1.);
#5330 = DIRECTION('',(0.,0.,1.));
#5331 = ORIENTED_EDGE('',*,*,#5332,.T.);
#5332 = EDGE_CURVE('',#5325,#4661,#5333,.T.);
#5333 = LINE('',#5334,#5335);
#5334 = CARTESIAN_POINT('',(-2.830576295061,-66.05860094186,14.));
#5335 = VECTOR('',#5336,1.);
#5336 = DIRECTION('',(-0.588171697675,0.808736084303,0.));
#5337 = ORIENTED_EDGE('',*,*,#4668,.T.);
#5338 = ORIENTED_EDGE('',*,*,#4604,.F.);
#5339 = PLANE('',#5340);
#5340 = AXIS2_PLACEMENT_3D('',#5341,#5342,#5343);
#5341 = CARTESIAN_POINT('',(-2.830576295061,-66.05860094186,4.));
#5342 = DIRECTION('',(-0.808736084303,-0.588171697675,0.));
#5343 = DIRECTION('',(0.,0.,1.));
#5344 = ADVANCED_FACE('',(#5345),#5364,.F.);
#5345 = FACE_BOUND('',#5346,.F.);
#5346 = EDGE_LOOP('',(#5347,#5348,#5349,#5357,#5363));
#5347 = ORIENTED_EDGE('',*,*,#3894,.T.);
#5348 = ORIENTED_EDGE('',*,*,#3925,.T.);
#5349 = ORIENTED_EDGE('',*,*,#5350,.T.);
#5350 = EDGE_CURVE('',#3917,#5351,#5353,.T.);
#5351 = VERTEX_POINT('',#5352);
#5352 = CARTESIAN_POINT('',(-85.,-80.13907226919,10.));
#5353 = LINE('',#5354,#5355);
#5354 = CARTESIAN_POINT('',(-0.791453975198,-60.59065979914,10.));
#5355 = VECTOR('',#5356,1.);
#5356 = DIRECTION('',(-0.974097200243,-0.226129707199,0.));
#5357 = ORIENTED_EDGE('',*,*,#5358,.F.);
#5358 = EDGE_CURVE('',#4590,#5351,#5359,.T.);
#5359 = LINE('',#5360,#5361);
#5360 = CARTESIAN_POINT('',(-85.,-80.13907226919,4.));
#5361 = VECTOR('',#5362,1.);
#5362 = DIRECTION('',(0.,0.,1.));
#5363 = ORIENTED_EDGE('',*,*,#4597,.F.);
#5364 = PLANE('',#5365);
#5365 = AXIS2_PLACEMENT_3D('',#5366,#5367,#5368);
#5366 = CARTESIAN_POINT('',(-0.791453975198,-60.59065979914,4.));
#5367 = DIRECTION('',(0.226129707199,-0.974097200243,0.));
#5368 = DIRECTION('',(0.,0.,1.));
#5369 = ADVANCED_FACE('',(#5370),#5389,.T.);
#5370 = FACE_BOUND('',#5371,.T.);
#5371 = EDGE_LOOP('',(#5372,#5373,#5374,#5382,#5388));
#5372 = ORIENTED_EDGE('',*,*,#3941,.T.);
#5373 = ORIENTED_EDGE('',*,*,#3908,.T.);
#5374 = ORIENTED_EDGE('',*,*,#5375,.T.);
#5375 = EDGE_CURVE('',#3909,#5376,#5378,.T.);
#5376 = VERTEX_POINT('',#5377);
#5377 = CARTESIAN_POINT('',(-85.,-87.32521344509,10.));
#5378 = LINE('',#5379,#5380);
#5379 = CARTESIAN_POINT('',(0.791453975197,-67.40934020085,10.));
#5380 = VECTOR('',#5381,1.);
#5381 = DIRECTION('',(-0.974097200243,-0.226129707199,0.));
#5382 = ORIENTED_EDGE('',*,*,#5383,.F.);
#5383 = EDGE_CURVE('',#4419,#5376,#5384,.T.);
#5384 = LINE('',#5385,#5386);
#5385 = CARTESIAN_POINT('',(-85.,-87.32521344509,4.));
#5386 = VECTOR('',#5387,1.);
#5387 = DIRECTION('',(0.,0.,1.));
#5388 = ORIENTED_EDGE('',*,*,#4418,.F.);
#5389 = PLANE('',#5390);
#5390 = AXIS2_PLACEMENT_3D('',#5391,#5392,#5393);
#5391 = CARTESIAN_POINT('',(0.791453975198,-67.40934020085,4.));
#5392 = DIRECTION('',(0.226129707199,-0.974097200243,0.));
#5393 = DIRECTION('',(0.,0.,1.));
#5394 = ADVANCED_FACE('',(#5395),#5436,.T.);
#5395 = FACE_BOUND('',#5396,.T.);
#5396 = EDGE_LOOP('',(#5397,#5398,#5399,#5405,#5406,#5413,#5414,#5420,
    #5421,#5428,#5429,#5435));
#5397 = ORIENTED_EDGE('',*,*,#3916,.F.);
#5398 = ORIENTED_EDGE('',*,*,#5350,.T.);
#5399 = ORIENTED_EDGE('',*,*,#5400,.F.);
#5400 = EDGE_CURVE('',#4566,#5351,#5401,.T.);
#5401 = LINE('',#5402,#5403);
#5402 = CARTESIAN_POINT('',(-85.,-89.5,10.));
#5403 = VECTOR('',#5404,1.);
#5404 = DIRECTION('',(0.,-1.,0.));
#5405 = ORIENTED_EDGE('',*,*,#4565,.F.);
#5406 = ORIENTED_EDGE('',*,*,#5407,.T.);
#5407 = EDGE_CURVE('',#4558,#5101,#5408,.T.);
#5408 = CIRCLE('',#5409,102.);
#5409 = AXIS2_PLACEMENT_3D('',#5410,#5411,#5412);
#5410 = CARTESIAN_POINT('',(0.,-64.,10.));
#5411 = DIRECTION('',(0.,0.,1.));
#5412 = DIRECTION('',(1.,0.,0.));
#5413 = ORIENTED_EDGE('',*,*,#5100,.F.);
#5414 = ORIENTED_EDGE('',*,*,#5415,.T.);
#5415 = EDGE_CURVE('',#5093,#5198,#5416,.T.);
#5416 = LINE('',#5417,#5418);
#5417 = CARTESIAN_POINT('',(-89.6,-77.,10.));
#5418 = VECTOR('',#5419,1.);
#5419 = DIRECTION('',(0.,-1.,0.));
#5420 = ORIENTED_EDGE('',*,*,#5197,.F.);
#5421 = ORIENTED_EDGE('',*,*,#5422,.T.);
#5422 = EDGE_CURVE('',#5189,#4459,#5423,.T.);
#5423 = CIRCLE('',#5424,102.);
#5424 = AXIS2_PLACEMENT_3D('',#5425,#5426,#5427);
#5425 = CARTESIAN_POINT('',(0.,-64.,10.));
#5426 = DIRECTION('',(0.,0.,1.));
#5427 = DIRECTION('',(1.,0.,0.));
#5428 = ORIENTED_EDGE('',*,*,#4466,.T.);
#5429 = ORIENTED_EDGE('',*,*,#5430,.F.);
#5430 = EDGE_CURVE('',#5376,#4467,#5431,.T.);
#5431 = LINE('',#5432,#5433);
#5432 = CARTESIAN_POINT('',(-85.,-89.5,10.));
#5433 = VECTOR('',#5434,1.);
#5434 = DIRECTION('',(0.,-1.,0.));
#5435 = ORIENTED_EDGE('',*,*,#5375,.F.);
#5436 = PLANE('',#5437);
#5437 = AXIS2_PLACEMENT_3D('',#5438,#5439,#5440);
#5438 = CARTESIAN_POINT('',(3.030691199925E-02,-72.10258691561,10.));
#5439 = DIRECTION('',(0.,0.,1.));
#5440 = DIRECTION('',(1.,0.,0.));
#5441 = ADVANCED_FACE('',(#5442),#5469,.T.);
#5442 = FACE_BOUND('',#5443,.T.);
#5443 = EDGE_LOOP('',(#5444,#5455,#5461,#5462,#5463));
#5444 = ORIENTED_EDGE('',*,*,#5445,.F.);
#5445 = EDGE_CURVE('',#5446,#5448,#5450,.T.);
#5446 = VERTEX_POINT('',#5447);
#5447 = CARTESIAN_POINT('',(14.498216554062,-63.77258682638,4.));
#5448 = VERTEX_POINT('',#5449);
#5449 = CARTESIAN_POINT('',(11.106885695832,-54.6786755158,4.));
#5450 = CIRCLE('',#5451,14.5);
#5451 = AXIS2_PLACEMENT_3D('',#5452,#5453,#5454);
#5452 = CARTESIAN_POINT('',(0.,-64.,4.));
#5453 = DIRECTION('',(0.,0.,1.));
#5454 = DIRECTION('',(1.,0.,0.));
#5455 = ORIENTED_EDGE('',*,*,#5456,.T.);
#5456 = EDGE_CURVE('',#5446,#4009,#5457,.T.);
#5457 = LINE('',#5458,#5459);
#5458 = CARTESIAN_POINT('',(0.791453975198,-60.59065979914,4.));
#5459 = VECTOR('',#5460,1.);
#5460 = DIRECTION('',(0.974097200243,-0.226129707199,0.));
#5461 = ORIENTED_EDGE('',*,*,#4016,.T.);
#5462 = ORIENTED_EDGE('',*,*,#3989,.T.);
#5463 = ORIENTED_EDGE('',*,*,#5464,.F.);
#5464 = EDGE_CURVE('',#5448,#3992,#5465,.T.);
#5465 = LINE('',#5466,#5467);
#5466 = CARTESIAN_POINT('',(2.830576295061,-66.05860094186,4.));
#5467 = VECTOR('',#5468,1.);
#5468 = DIRECTION('',(0.588171697675,0.808736084303,0.));
#5469 = PLANE('',#5470);
#5470 = AXIS2_PLACEMENT_3D('',#5471,#5472,#5473);
#5471 = CARTESIAN_POINT('',(-140.,-147.5,4.));
#5472 = DIRECTION('',(0.,0.,1.));
#5473 = DIRECTION('',(1.,0.,0.));
#5474 = ADVANCED_FACE('',(#5475),#5510,.T.);
#5475 = FACE_BOUND('',#5476,.T.);
#5476 = EDGE_LOOP('',(#5477,#5478,#5486,#5494,#5502,#5508,#5509));
#5477 = ORIENTED_EDGE('',*,*,#5456,.F.);
#5478 = ORIENTED_EDGE('',*,*,#5479,.T.);
#5479 = EDGE_CURVE('',#5446,#5480,#5482,.T.);
#5480 = VERTEX_POINT('',#5481);
#5481 = CARTESIAN_POINT('',(14.498216554062,-63.77258682638,14.));
#5482 = LINE('',#5483,#5484);
#5483 = CARTESIAN_POINT('',(14.498216554062,-63.77258682638,4.));
#5484 = VECTOR('',#5485,1.);
#5485 = DIRECTION('',(0.,0.,1.));
#5486 = ORIENTED_EDGE('',*,*,#5487,.T.);
#5487 = EDGE_CURVE('',#5480,#5488,#5490,.T.);
#5488 = VERTEX_POINT('',#5489);
#5489 = CARTESIAN_POINT('',(14.999589123319,-63.88897688709,14.));
#5490 = LINE('',#5491,#5492);
#5491 = CARTESIAN_POINT('',(0.791453975198,-60.59065979914,14.));
#5492 = VECTOR('',#5493,1.);
#5493 = DIRECTION('',(0.974097200243,-0.226129707199,0.));
#5494 = ORIENTED_EDGE('',*,*,#5495,.F.);
#5495 = EDGE_CURVE('',#5496,#5488,#5498,.T.);
#5496 = VERTEX_POINT('',#5497);
#5497 = CARTESIAN_POINT('',(14.999589123319,-63.88897688709,10.));
#5498 = LINE('',#5499,#5500);
#5499 = CARTESIAN_POINT('',(14.999589123319,-63.88897688709,9.));
#5500 = VECTOR('',#5501,1.);
#5501 = DIRECTION('',(0.,0.,1.));
#5502 = ORIENTED_EDGE('',*,*,#5503,.T.);
#5503 = EDGE_CURVE('',#5496,#4352,#5504,.T.);
#5504 = LINE('',#5505,#5506);
#5505 = CARTESIAN_POINT('',(0.791453975198,-60.59065979914,10.));
#5506 = VECTOR('',#5507,1.);
#5507 = DIRECTION('',(0.974097200243,-0.226129707199,0.));
#5508 = ORIENTED_EDGE('',*,*,#4351,.F.);
#5509 = ORIENTED_EDGE('',*,*,#4008,.F.);
#5510 = PLANE('',#5511);
#5511 = AXIS2_PLACEMENT_3D('',#5512,#5513,#5514);
#5512 = CARTESIAN_POINT('',(0.791453975198,-60.59065979914,4.));
#5513 = DIRECTION('',(0.226129707199,0.974097200243,0.));
#5514 = DIRECTION('',(0.,0.,1.));
#5515 = ADVANCED_FACE('',(#5516),#5551,.F.);
#5516 = FACE_BOUND('',#5517,.F.);
#5517 = EDGE_LOOP('',(#5518,#5519,#5527,#5535,#5543,#5549,#5550));
#5518 = ORIENTED_EDGE('',*,*,#5464,.F.);
#5519 = ORIENTED_EDGE('',*,*,#5520,.T.);
#5520 = EDGE_CURVE('',#5448,#5521,#5523,.T.);
#5521 = VERTEX_POINT('',#5522);
#5522 = CARTESIAN_POINT('',(11.106885695833,-54.6786755158,14.));
#5523 = LINE('',#5524,#5525);
#5524 = CARTESIAN_POINT('',(11.106885695833,-54.6786755158,4.));
#5525 = VECTOR('',#5526,1.);
#5526 = DIRECTION('',(0.,0.,1.));
#5527 = ORIENTED_EDGE('',*,*,#5528,.T.);
#5528 = EDGE_CURVE('',#5521,#5529,#5531,.T.);
#5529 = VERTEX_POINT('',#5530);
#5530 = CARTESIAN_POINT('',(11.409620530872,-54.26241511762,14.));
#5531 = LINE('',#5532,#5533);
#5532 = CARTESIAN_POINT('',(2.830576295061,-66.05860094186,14.));
#5533 = VECTOR('',#5534,1.);
#5534 = DIRECTION('',(0.588171697675,0.808736084303,0.));
#5535 = ORIENTED_EDGE('',*,*,#5536,.F.);
#5536 = EDGE_CURVE('',#5537,#5529,#5539,.T.);
#5537 = VERTEX_POINT('',#5538);
#5538 = CARTESIAN_POINT('',(11.409620530872,-54.26241511762,10.));
#5539 = LINE('',#5540,#5541);
#5540 = CARTESIAN_POINT('',(11.409620530872,-54.26241511762,9.));
#5541 = VECTOR('',#5542,1.);
#5542 = DIRECTION('',(0.,0.,1.));
#5543 = ORIENTED_EDGE('',*,*,#5544,.T.);
#5544 = EDGE_CURVE('',#5537,#4032,#5545,.T.);
#5545 = LINE('',#5546,#5547);
#5546 = CARTESIAN_POINT('',(2.83057629506,-66.05860094186,10.));
#5547 = VECTOR('',#5548,1.);
#5548 = DIRECTION('',(0.588171697675,0.808736084303,0.));
#5549 = ORIENTED_EDGE('',*,*,#4042,.F.);
#5550 = ORIENTED_EDGE('',*,*,#4000,.F.);
#5551 = PLANE('',#5552);
#5552 = AXIS2_PLACEMENT_3D('',#5553,#5554,#5555);
#5553 = CARTESIAN_POINT('',(2.830576295061,-66.05860094186,4.));
#5554 = DIRECTION('',(-0.808736084303,0.588171697675,0.));
#5555 = DIRECTION('',(0.,0.,1.));
#5556 = ADVANCED_FACE('',(#5557),#5576,.T.);
#5557 = FACE_BOUND('',#5558,.T.);
#5558 = EDGE_LOOP('',(#5559,#5560,#5568,#5575));
#5559 = ORIENTED_EDGE('',*,*,#4031,.T.);
#5560 = ORIENTED_EDGE('',*,*,#5561,.F.);
#5561 = EDGE_CURVE('',#5562,#4034,#5564,.T.);
#5562 = VERTEX_POINT('',#5563);
#5563 = CARTESIAN_POINT('',(5.748467940747,-50.14521323389,10.));
#5564 = LINE('',#5565,#5566);
#5565 = CARTESIAN_POINT('',(-2.830576295063,-61.94139905813,10.));
#5566 = VECTOR('',#5567,1.);
#5567 = DIRECTION('',(0.588171697675,0.808736084303,0.));
#5568 = ORIENTED_EDGE('',*,*,#5569,.F.);
#5569 = EDGE_CURVE('',#5537,#5562,#5570,.T.);
#5570 = CIRCLE('',#5571,15.);
#5571 = AXIS2_PLACEMENT_3D('',#5572,#5573,#5574);
#5572 = CARTESIAN_POINT('',(0.,-64.,10.));
#5573 = DIRECTION('',(0.,0.,1.));
#5574 = DIRECTION('',(1.,0.,0.));
#5575 = ORIENTED_EDGE('',*,*,#5544,.T.);
#5576 = PLANE('',#5577);
#5577 = AXIS2_PLACEMENT_3D('',#5578,#5579,#5580);
#5578 = CARTESIAN_POINT('',(3.030691199925E-02,-72.10258691561,10.));
#5579 = DIRECTION('',(0.,0.,1.));
#5580 = DIRECTION('',(1.,0.,0.));
#5581 = ADVANCED_FACE('',(#5582),#5617,.T.);
#5582 = FACE_BOUND('',#5583,.T.);
#5583 = EDGE_LOOP('',(#5584,#5592,#5600,#5608,#5614,#5615,#5616));
#5584 = ORIENTED_EDGE('',*,*,#5585,.F.);
#5585 = EDGE_CURVE('',#5586,#4065,#5588,.T.);
#5586 = VERTEX_POINT('',#5587);
#5587 = CARTESIAN_POINT('',(5.44573310571,-50.56147363207,4.));
#5588 = LINE('',#5589,#5590);
#5589 = CARTESIAN_POINT('',(-2.830576295061,-61.94139905813,4.));
#5590 = VECTOR('',#5591,1.);
#5591 = DIRECTION('',(0.588171697675,0.808736084303,0.));
#5592 = ORIENTED_EDGE('',*,*,#5593,.T.);
#5593 = EDGE_CURVE('',#5586,#5594,#5596,.T.);
#5594 = VERTEX_POINT('',#5595);
#5595 = CARTESIAN_POINT('',(5.44573310571,-50.56147363207,14.));
#5596 = LINE('',#5597,#5598);
#5597 = CARTESIAN_POINT('',(5.44573310571,-50.56147363207,4.));
#5598 = VECTOR('',#5599,1.);
#5599 = DIRECTION('',(0.,0.,1.));
#5600 = ORIENTED_EDGE('',*,*,#5601,.T.);
#5601 = EDGE_CURVE('',#5594,#5602,#5604,.T.);
#5602 = VERTEX_POINT('',#5603);
#5603 = CARTESIAN_POINT('',(5.748467940747,-50.14521323389,14.));
#5604 = LINE('',#5605,#5606);
#5605 = CARTESIAN_POINT('',(-2.830576295061,-61.94139905813,14.));
#5606 = VECTOR('',#5607,1.);
#5607 = DIRECTION('',(0.588171697675,0.808736084303,0.));
#5608 = ORIENTED_EDGE('',*,*,#5609,.F.);
#5609 = EDGE_CURVE('',#5562,#5602,#5610,.T.);
#5610 = LINE('',#5611,#5612);
#5611 = CARTESIAN_POINT('',(5.748467940747,-50.14521323389,9.));
#5612 = VECTOR('',#5613,1.);
#5613 = DIRECTION('',(0.,0.,1.));
#5614 = ORIENTED_EDGE('',*,*,#5561,.T.);
#5615 = ORIENTED_EDGE('',*,*,#4049,.F.);
#5616 = ORIENTED_EDGE('',*,*,#4064,.F.);
#5617 = PLANE('',#5618);
#5618 = AXIS2_PLACEMENT_3D('',#5619,#5620,#5621);
#5619 = CARTESIAN_POINT('',(-2.830576295061,-61.94139905813,4.));
#5620 = DIRECTION('',(-0.808736084303,0.588171697675,0.));
#5621 = DIRECTION('',(0.,0.,1.));
#5622 = ADVANCED_FACE('',(#5623),#5665,.F.);
#5623 = FACE_BOUND('',#5624,.F.);
#5624 = EDGE_LOOP('',(#5625,#5633,#5641,#5649,#5657,#5663,#5664));
#5625 = ORIENTED_EDGE('',*,*,#5626,.F.);
#5626 = EDGE_CURVE('',#5627,#4073,#5629,.T.);
#5627 = VERTEX_POINT('',#5628);
#5628 = CARTESIAN_POINT('',(3.500000000001,-49.92875272053,4.));
#5629 = LINE('',#5630,#5631);
#5630 = CARTESIAN_POINT('',(3.5,-64.,4.));
#5631 = VECTOR('',#5632,1.);
#5632 = DIRECTION('',(1.110223024625E-16,1.,0.));
#5633 = ORIENTED_EDGE('',*,*,#5634,.T.);
#5634 = EDGE_CURVE('',#5627,#5635,#5637,.T.);
#5635 = VERTEX_POINT('',#5636);
#5636 = CARTESIAN_POINT('',(3.5,-49.92875272053,14.));
#5637 = LINE('',#5638,#5639);
#5638 = CARTESIAN_POINT('',(3.5,-49.92875272053,4.));
#5639 = VECTOR('',#5640,1.);
#5640 = DIRECTION('',(0.,0.,1.));
#5641 = ORIENTED_EDGE('',*,*,#5642,.T.);
#5642 = EDGE_CURVE('',#5635,#5643,#5645,.T.);
#5643 = VERTEX_POINT('',#5644);
#5644 = CARTESIAN_POINT('',(3.5,-49.41404785418,14.));
#5645 = LINE('',#5646,#5647);
#5646 = CARTESIAN_POINT('',(3.5,-64.,14.));
#5647 = VECTOR('',#5648,1.);
#5648 = DIRECTION('',(1.110223024625E-16,1.,0.));
#5649 = ORIENTED_EDGE('',*,*,#5650,.F.);
#5650 = EDGE_CURVE('',#5651,#5643,#5653,.T.);
#5651 = VERTEX_POINT('',#5652);
#5652 = CARTESIAN_POINT('',(3.5,-49.41404785418,10.));
#5653 = LINE('',#5654,#5655);
#5654 = CARTESIAN_POINT('',(3.5,-49.41404785418,9.));
#5655 = VECTOR('',#5656,1.);
#5656 = DIRECTION('',(0.,0.,1.));
#5657 = ORIENTED_EDGE('',*,*,#5658,.T.);
#5658 = EDGE_CURVE('',#5651,#4096,#5659,.T.);
#5659 = LINE('',#5660,#5661);
#5660 = CARTESIAN_POINT('',(3.5,-64.,10.));
#5661 = VECTOR('',#5662,1.);
#5662 = DIRECTION('',(1.110223024625E-16,1.,0.));
#5663 = ORIENTED_EDGE('',*,*,#4106,.F.);
#5664 = ORIENTED_EDGE('',*,*,#4081,.F.);
#5665 = PLANE('',#5666);
#5666 = AXIS2_PLACEMENT_3D('',#5667,#5668,#5669);
#5667 = CARTESIAN_POINT('',(3.5,-64.,4.));
#5668 = DIRECTION('',(-1.,1.110223024625E-16,0.));
#5669 = DIRECTION('',(0.,0.,1.));
#5670 = ADVANCED_FACE('',(#5671),#5683,.T.);
#5671 = FACE_BOUND('',#5672,.T.);
#5672 = EDGE_LOOP('',(#5673,#5680,#5681,#5682));
#5673 = ORIENTED_EDGE('',*,*,#5674,.F.);
#5674 = EDGE_CURVE('',#5586,#5627,#5675,.T.);
#5675 = CIRCLE('',#5676,14.5);
#5676 = AXIS2_PLACEMENT_3D('',#5677,#5678,#5679);
#5677 = CARTESIAN_POINT('',(0.,-64.,4.));
#5678 = DIRECTION('',(0.,0.,1.));
#5679 = DIRECTION('',(1.,0.,0.));
#5680 = ORIENTED_EDGE('',*,*,#5585,.T.);
#5681 = ORIENTED_EDGE('',*,*,#4072,.T.);
#5682 = ORIENTED_EDGE('',*,*,#5626,.F.);
#5683 = PLANE('',#5684);
#5684 = AXIS2_PLACEMENT_3D('',#5685,#5686,#5687);
#5685 = CARTESIAN_POINT('',(-140.,-147.5,4.));
#5686 = DIRECTION('',(0.,0.,1.));
#5687 = DIRECTION('',(1.,0.,0.));
#5688 = ADVANCED_FACE('',(#5689),#5708,.T.);
#5689 = FACE_BOUND('',#5690,.T.);
#5690 = EDGE_LOOP('',(#5691,#5700,#5701,#5702));
#5691 = ORIENTED_EDGE('',*,*,#5692,.F.);
#5692 = EDGE_CURVE('',#5651,#5693,#5695,.T.);
#5693 = VERTEX_POINT('',#5694);
#5694 = CARTESIAN_POINT('',(-3.5,-49.41404785418,10.));
#5695 = CIRCLE('',#5696,15.);
#5696 = AXIS2_PLACEMENT_3D('',#5697,#5698,#5699);
#5697 = CARTESIAN_POINT('',(0.,-64.,10.));
#5698 = DIRECTION('',(0.,0.,1.));
#5699 = DIRECTION('',(1.,0.,0.));
#5700 = ORIENTED_EDGE('',*,*,#5658,.T.);
#5701 = ORIENTED_EDGE('',*,*,#4095,.T.);
#5702 = ORIENTED_EDGE('',*,*,#5703,.F.);
#5703 = EDGE_CURVE('',#5693,#4098,#5704,.T.);
#5704 = LINE('',#5705,#5706);
#5705 = CARTESIAN_POINT('',(-3.5,-64.,10.));
#5706 = VECTOR('',#5707,1.);
#5707 = DIRECTION('',(1.110223024625E-16,1.,0.));
#5708 = PLANE('',#5709);
#5709 = AXIS2_PLACEMENT_3D('',#5710,#5711,#5712);
#5710 = CARTESIAN_POINT('',(3.030691199925E-02,-72.10258691561,10.));
#5711 = DIRECTION('',(0.,0.,1.));
#5712 = DIRECTION('',(1.,0.,0.));
#5713 = ADVANCED_FACE('',(#5714),#5749,.T.);
#5714 = FACE_BOUND('',#5715,.T.);
#5715 = EDGE_LOOP('',(#5716,#5724,#5732,#5740,#5746,#5747,#5748));
#5716 = ORIENTED_EDGE('',*,*,#5717,.F.);
#5717 = EDGE_CURVE('',#5718,#4129,#5720,.T.);
#5718 = VERTEX_POINT('',#5719);
#5719 = CARTESIAN_POINT('',(-3.5,-49.92875272053,4.));
#5720 = LINE('',#5721,#5722);
#5721 = CARTESIAN_POINT('',(-3.5,-64.,4.));
#5722 = VECTOR('',#5723,1.);
#5723 = DIRECTION('',(1.110223024625E-16,1.,0.));
#5724 = ORIENTED_EDGE('',*,*,#5725,.T.);
#5725 = EDGE_CURVE('',#5718,#5726,#5728,.T.);
#5726 = VERTEX_POINT('',#5727);
#5727 = CARTESIAN_POINT('',(-3.5,-49.92875272053,14.));
#5728 = LINE('',#5729,#5730);
#5729 = CARTESIAN_POINT('',(-3.5,-49.92875272053,4.));
#5730 = VECTOR('',#5731,1.);
#5731 = DIRECTION('',(0.,0.,1.));
#5732 = ORIENTED_EDGE('',*,*,#5733,.T.);
#5733 = EDGE_CURVE('',#5726,#5734,#5736,.T.);
#5734 = VERTEX_POINT('',#5735);
#5735 = CARTESIAN_POINT('',(-3.5,-49.41404785418,14.));
#5736 = LINE('',#5737,#5738);
#5737 = CARTESIAN_POINT('',(-3.5,-64.,14.));
#5738 = VECTOR('',#5739,1.);
#5739 = DIRECTION('',(1.110223024625E-16,1.,0.));
#5740 = ORIENTED_EDGE('',*,*,#5741,.F.);
#5741 = EDGE_CURVE('',#5693,#5734,#5742,.T.);
#5742 = LINE('',#5743,#5744);
#5743 = CARTESIAN_POINT('',(-3.5,-49.41404785418,9.));
#5744 = VECTOR('',#5745,1.);
#5745 = DIRECTION('',(0.,0.,1.));
#5746 = ORIENTED_EDGE('',*,*,#5703,.T.);
#5747 = ORIENTED_EDGE('',*,*,#4113,.F.);
#5748 = ORIENTED_EDGE('',*,*,#4128,.F.);
#5749 = PLANE('',#5750);
#5750 = AXIS2_PLACEMENT_3D('',#5751,#5752,#5753);
#5751 = CARTESIAN_POINT('',(-3.5,-64.,4.));
#5752 = DIRECTION('',(-1.,1.110223024625E-16,0.));
#5753 = DIRECTION('',(0.,0.,1.));
#5754 = ADVANCED_FACE('',(#5755),#5797,.F.);
#5755 = FACE_BOUND('',#5756,.F.);
#5756 = EDGE_LOOP('',(#5757,#5765,#5773,#5781,#5789,#5795,#5796));
#5757 = ORIENTED_EDGE('',*,*,#5758,.F.);
#5758 = EDGE_CURVE('',#5759,#4137,#5761,.T.);
#5759 = VERTEX_POINT('',#5760);
#5760 = CARTESIAN_POINT('',(-5.44573310571,-50.56147363207,4.));
#5761 = LINE('',#5762,#5763);
#5762 = CARTESIAN_POINT('',(2.830576295061,-61.94139905813,4.));
#5763 = VECTOR('',#5764,1.);
#5764 = DIRECTION('',(-0.588171697675,0.808736084303,0.));
#5765 = ORIENTED_EDGE('',*,*,#5766,.T.);
#5766 = EDGE_CURVE('',#5759,#5767,#5769,.T.);
#5767 = VERTEX_POINT('',#5768);
#5768 = CARTESIAN_POINT('',(-5.44573310571,-50.56147363207,14.));
#5769 = LINE('',#5770,#5771);
#5770 = CARTESIAN_POINT('',(-5.44573310571,-50.56147363207,4.));
#5771 = VECTOR('',#5772,1.);
#5772 = DIRECTION('',(0.,0.,1.));
#5773 = ORIENTED_EDGE('',*,*,#5774,.T.);
#5774 = EDGE_CURVE('',#5767,#5775,#5777,.T.);
#5775 = VERTEX_POINT('',#5776);
#5776 = CARTESIAN_POINT('',(-5.748467940747,-50.14521323389,14.));
#5777 = LINE('',#5778,#5779);
#5778 = CARTESIAN_POINT('',(2.830576295061,-61.94139905813,14.));
#5779 = VECTOR('',#5780,1.);
#5780 = DIRECTION('',(-0.588171697675,0.808736084303,0.));
#5781 = ORIENTED_EDGE('',*,*,#5782,.F.);
#5782 = EDGE_CURVE('',#5783,#5775,#5785,.T.);
#5783 = VERTEX_POINT('',#5784);
#5784 = CARTESIAN_POINT('',(-5.748467940747,-50.14521323389,10.));
#5785 = LINE('',#5786,#5787);
#5786 = CARTESIAN_POINT('',(-5.748467940747,-50.14521323389,9.));
#5787 = VECTOR('',#5788,1.);
#5788 = DIRECTION('',(0.,0.,1.));
#5789 = ORIENTED_EDGE('',*,*,#5790,.T.);
#5790 = EDGE_CURVE('',#5783,#4160,#5791,.T.);
#5791 = LINE('',#5792,#5793);
#5792 = CARTESIAN_POINT('',(2.830576295063,-61.94139905813,10.));
#5793 = VECTOR('',#5794,1.);
#5794 = DIRECTION('',(-0.588171697675,0.808736084303,0.));
#5795 = ORIENTED_EDGE('',*,*,#4170,.F.);
#5796 = ORIENTED_EDGE('',*,*,#4145,.F.);
#5797 = PLANE('',#5798);
#5798 = AXIS2_PLACEMENT_3D('',#5799,#5800,#5801);
#5799 = CARTESIAN_POINT('',(2.830576295061,-61.94139905813,4.));
#5800 = DIRECTION('',(-0.808736084303,-0.588171697675,0.));
#5801 = DIRECTION('',(0.,0.,1.));
#5802 = ADVANCED_FACE('',(#5803),#5815,.T.);
#5803 = FACE_BOUND('',#5804,.T.);
#5804 = EDGE_LOOP('',(#5805,#5812,#5813,#5814));
#5805 = ORIENTED_EDGE('',*,*,#5806,.F.);
#5806 = EDGE_CURVE('',#5718,#5759,#5807,.T.);
#5807 = CIRCLE('',#5808,14.5);
#5808 = AXIS2_PLACEMENT_3D('',#5809,#5810,#5811);
#5809 = CARTESIAN_POINT('',(0.,-64.,4.));
#5810 = DIRECTION('',(0.,0.,1.));
#5811 = DIRECTION('',(1.,0.,0.));
#5812 = ORIENTED_EDGE('',*,*,#5717,.T.);
#5813 = ORIENTED_EDGE('',*,*,#4136,.T.);
#5814 = ORIENTED_EDGE('',*,*,#5758,.F.);
#5815 = PLANE('',#5816);
#5816 = AXIS2_PLACEMENT_3D('',#5817,#5818,#5819);
#5817 = CARTESIAN_POINT('',(-140.,-147.5,4.));
#5818 = DIRECTION('',(0.,0.,1.));
#5819 = DIRECTION('',(1.,0.,0.));
#5820 = ADVANCED_FACE('',(#5821),#5840,.T.);
#5821 = FACE_BOUND('',#5822,.T.);
#5822 = EDGE_LOOP('',(#5823,#5824,#5825,#5833));
#5823 = ORIENTED_EDGE('',*,*,#5790,.T.);
#5824 = ORIENTED_EDGE('',*,*,#4159,.T.);
#5825 = ORIENTED_EDGE('',*,*,#5826,.F.);
#5826 = EDGE_CURVE('',#5827,#4162,#5829,.T.);
#5827 = VERTEX_POINT('',#5828);
#5828 = CARTESIAN_POINT('',(-11.40962053087,-54.26241511762,10.));
#5829 = LINE('',#5830,#5831);
#5830 = CARTESIAN_POINT('',(-2.83057629506,-66.05860094186,10.));
#5831 = VECTOR('',#5832,1.);
#5832 = DIRECTION('',(-0.588171697675,0.808736084303,0.));
#5833 = ORIENTED_EDGE('',*,*,#5834,.F.);
#5834 = EDGE_CURVE('',#5783,#5827,#5835,.T.);
#5835 = CIRCLE('',#5836,15.);
#5836 = AXIS2_PLACEMENT_3D('',#5837,#5838,#5839);
#5837 = CARTESIAN_POINT('',(0.,-64.,10.));
#5838 = DIRECTION('',(0.,0.,1.));
#5839 = DIRECTION('',(1.,0.,0.));
#5840 = PLANE('',#5841);
#5841 = AXIS2_PLACEMENT_3D('',#5842,#5843,#5844);
#5842 = CARTESIAN_POINT('',(3.030691199925E-02,-72.10258691561,10.));
#5843 = DIRECTION('',(0.,0.,1.));
#5844 = DIRECTION('',(1.,0.,0.));
#5845 = ADVANCED_FACE('',(#5846),#5881,.T.);
#5846 = FACE_BOUND('',#5847,.T.);
#5847 = EDGE_LOOP('',(#5848,#5856,#5864,#5872,#5878,#5879,#5880));
#5848 = ORIENTED_EDGE('',*,*,#5849,.F.);
#5849 = EDGE_CURVE('',#5850,#4193,#5852,.T.);
#5850 = VERTEX_POINT('',#5851);
#5851 = CARTESIAN_POINT('',(-11.10688569583,-54.6786755158,4.));
#5852 = LINE('',#5853,#5854);
#5853 = CARTESIAN_POINT('',(-2.830576295061,-66.05860094186,4.));
#5854 = VECTOR('',#5855,1.);
#5855 = DIRECTION('',(-0.588171697675,0.808736084303,0.));
#5856 = ORIENTED_EDGE('',*,*,#5857,.T.);
#5857 = EDGE_CURVE('',#5850,#5858,#5860,.T.);
#5858 = VERTEX_POINT('',#5859);
#5859 = CARTESIAN_POINT('',(-11.10688569583,-54.6786755158,14.));
#5860 = LINE('',#5861,#5862);
#5861 = CARTESIAN_POINT('',(-11.10688569583,-54.6786755158,4.));
#5862 = VECTOR('',#5863,1.);
#5863 = DIRECTION('',(0.,0.,1.));
#5864 = ORIENTED_EDGE('',*,*,#5865,.T.);
#5865 = EDGE_CURVE('',#5858,#5866,#5868,.T.);
#5866 = VERTEX_POINT('',#5867);
#5867 = CARTESIAN_POINT('',(-11.40962053087,-54.26241511762,14.));
#5868 = LINE('',#5869,#5870);
#5869 = CARTESIAN_POINT('',(-2.830576295061,-66.05860094186,14.));
#5870 = VECTOR('',#5871,1.);
#5871 = DIRECTION('',(-0.588171697675,0.808736084303,0.));
#5872 = ORIENTED_EDGE('',*,*,#5873,.F.);
#5873 = EDGE_CURVE('',#5827,#5866,#5874,.T.);
#5874 = LINE('',#5875,#5876);
#5875 = CARTESIAN_POINT('',(-11.40962053087,-54.26241511762,9.));
#5876 = VECTOR('',#5877,1.);
#5877 = DIRECTION('',(0.,0.,1.));
#5878 = ORIENTED_EDGE('',*,*,#5826,.T.);
#5879 = ORIENTED_EDGE('',*,*,#4177,.F.);
#5880 = ORIENTED_EDGE('',*,*,#4192,.F.);
#5881 = PLANE('',#5882);
#5882 = AXIS2_PLACEMENT_3D('',#5883,#5884,#5885);
#5883 = CARTESIAN_POINT('',(-2.830576295061,-66.05860094186,4.));
#5884 = DIRECTION('',(-0.808736084303,-0.588171697675,0.));
#5885 = DIRECTION('',(0.,0.,1.));
#5886 = ADVANCED_FACE('',(#5887),#5929,.F.);
#5887 = FACE_BOUND('',#5888,.F.);
#5888 = EDGE_LOOP('',(#5889,#5897,#5905,#5913,#5921,#5927,#5928));
#5889 = ORIENTED_EDGE('',*,*,#5890,.F.);
#5890 = EDGE_CURVE('',#5891,#4201,#5893,.T.);
#5891 = VERTEX_POINT('',#5892);
#5892 = CARTESIAN_POINT('',(-14.49821655406,-63.77258682638,4.));
#5893 = LINE('',#5894,#5895);
#5894 = CARTESIAN_POINT('',(-0.791453975198,-60.59065979914,4.));
#5895 = VECTOR('',#5896,1.);
#5896 = DIRECTION('',(-0.974097200243,-0.226129707199,0.));
#5897 = ORIENTED_EDGE('',*,*,#5898,.T.);
#5898 = EDGE_CURVE('',#5891,#5899,#5901,.T.);
#5899 = VERTEX_POINT('',#5900);
#5900 = CARTESIAN_POINT('',(-14.49821655406,-63.77258682638,14.));
#5901 = LINE('',#5902,#5903);
#5902 = CARTESIAN_POINT('',(-14.49821655406,-63.77258682638,4.));
#5903 = VECTOR('',#5904,1.);
#5904 = DIRECTION('',(0.,0.,1.));
#5905 = ORIENTED_EDGE('',*,*,#5906,.T.);
#5906 = EDGE_CURVE('',#5899,#5907,#5909,.T.);
#5907 = VERTEX_POINT('',#5908);
#5908 = CARTESIAN_POINT('',(-14.99958912331,-63.88897688709,14.));
#5909 = LINE('',#5910,#5911);
#5910 = CARTESIAN_POINT('',(-0.791453975198,-60.59065979914,14.));
#5911 = VECTOR('',#5912,1.);
#5912 = DIRECTION('',(-0.974097200243,-0.226129707199,0.));
#5913 = ORIENTED_EDGE('',*,*,#5914,.F.);
#5914 = EDGE_CURVE('',#5915,#5907,#5917,.T.);
#5915 = VERTEX_POINT('',#5916);
#5916 = CARTESIAN_POINT('',(-14.99958912331,-63.88897688709,10.));
#5917 = LINE('',#5918,#5919);
#5918 = CARTESIAN_POINT('',(-14.99958912331,-63.88897688709,9.));
#5919 = VECTOR('',#5920,1.);
#5920 = DIRECTION('',(0.,0.,1.));
#5921 = ORIENTED_EDGE('',*,*,#5922,.T.);
#5922 = EDGE_CURVE('',#5915,#4232,#5923,.T.);
#5923 = LINE('',#5924,#5925);
#5924 = CARTESIAN_POINT('',(-0.791453975198,-60.59065979914,10.));
#5925 = VECTOR('',#5926,1.);
#5926 = DIRECTION('',(-0.974097200243,-0.226129707199,0.));
#5927 = ORIENTED_EDGE('',*,*,#4240,.F.);
#5928 = ORIENTED_EDGE('',*,*,#4209,.F.);
#5929 = PLANE('',#5930);
#5930 = AXIS2_PLACEMENT_3D('',#5931,#5932,#5933);
#5931 = CARTESIAN_POINT('',(-0.791453975198,-60.59065979914,4.));
#5932 = DIRECTION('',(0.226129707199,-0.974097200243,0.));
#5933 = DIRECTION('',(0.,0.,1.));
#5934 = ADVANCED_FACE('',(#5935),#5947,.T.);
#5935 = FACE_BOUND('',#5936,.T.);
#5936 = EDGE_LOOP('',(#5937,#5944,#5945,#5946));
#5937 = ORIENTED_EDGE('',*,*,#5938,.F.);
#5938 = EDGE_CURVE('',#5850,#5891,#5939,.T.);
#5939 = CIRCLE('',#5940,14.5);
#5940 = AXIS2_PLACEMENT_3D('',#5941,#5942,#5943);
#5941 = CARTESIAN_POINT('',(0.,-64.,4.));
#5942 = DIRECTION('',(0.,0.,1.));
#5943 = DIRECTION('',(1.,0.,0.));
#5944 = ORIENTED_EDGE('',*,*,#5849,.T.);
#5945 = ORIENTED_EDGE('',*,*,#4200,.T.);
#5946 = ORIENTED_EDGE('',*,*,#5890,.F.);
#5947 = PLANE('',#5948);
#5948 = AXIS2_PLACEMENT_3D('',#5949,#5950,#5951);
#5949 = CARTESIAN_POINT('',(-140.,-147.5,4.));
#5950 = DIRECTION('',(0.,0.,1.));
#5951 = DIRECTION('',(1.,0.,0.));
#5952 = ADVANCED_FACE('',(#5953),#5995,.T.);
#5953 = FACE_BOUND('',#5954,.T.);
#5954 = EDGE_LOOP('',(#5955,#5963,#5971,#5979,#5987,#5993,#5994));
#5955 = ORIENTED_EDGE('',*,*,#5956,.F.);
#5956 = EDGE_CURVE('',#5957,#4257,#5959,.T.);
#5957 = VERTEX_POINT('',#5958);
#5958 = CARTESIAN_POINT('',(-12.91530860366,-70.59126722808,4.));
#5959 = LINE('',#5960,#5961);
#5960 = CARTESIAN_POINT('',(0.791453975198,-67.40934020085,4.));
#5961 = VECTOR('',#5962,1.);
#5962 = DIRECTION('',(-0.974097200243,-0.226129707199,0.));
#5963 = ORIENTED_EDGE('',*,*,#5964,.T.);
#5964 = EDGE_CURVE('',#5957,#5965,#5967,.T.);
#5965 = VERTEX_POINT('',#5966);
#5966 = CARTESIAN_POINT('',(-12.91530860366,-70.59126722808,14.));
#5967 = LINE('',#5968,#5969);
#5968 = CARTESIAN_POINT('',(-12.91530860366,-70.59126722808,4.));
#5969 = VECTOR('',#5970,1.);
#5970 = DIRECTION('',(0.,0.,1.));
#5971 = ORIENTED_EDGE('',*,*,#5972,.T.);
#5972 = EDGE_CURVE('',#5965,#5973,#5975,.T.);
#5973 = VERTEX_POINT('',#5974);
#5974 = CARTESIAN_POINT('',(-13.41668117292,-70.7076572888,14.));
#5975 = LINE('',#5976,#5977);
#5976 = CARTESIAN_POINT('',(0.791453975198,-67.40934020085,14.));
#5977 = VECTOR('',#5978,1.);
#5978 = DIRECTION('',(-0.974097200243,-0.226129707199,0.));
#5979 = ORIENTED_EDGE('',*,*,#5980,.F.);
#5980 = EDGE_CURVE('',#5981,#5973,#5983,.T.);
#5981 = VERTEX_POINT('',#5982);
#5982 = CARTESIAN_POINT('',(-13.41668117292,-70.7076572888,10.));
#5983 = LINE('',#5984,#5985);
#5984 = CARTESIAN_POINT('',(-13.41668117292,-70.7076572888,9.));
#5985 = VECTOR('',#5986,1.);
#5986 = DIRECTION('',(0.,0.,1.));
#5987 = ORIENTED_EDGE('',*,*,#5988,.T.);
#5988 = EDGE_CURVE('',#5981,#4224,#5989,.T.);
#5989 = LINE('',#5990,#5991);
#5990 = CARTESIAN_POINT('',(0.791453975197,-67.40934020085,10.));
#5991 = VECTOR('',#5992,1.);
#5992 = DIRECTION('',(-0.974097200243,-0.226129707199,0.));
#5993 = ORIENTED_EDGE('',*,*,#4223,.F.);
#5994 = ORIENTED_EDGE('',*,*,#4256,.F.);
#5995 = PLANE('',#5996);
#5996 = AXIS2_PLACEMENT_3D('',#5997,#5998,#5999);
#5997 = CARTESIAN_POINT('',(0.791453975198,-67.40934020085,4.));
#5998 = DIRECTION('',(0.226129707199,-0.974097200243,0.));
#5999 = DIRECTION('',(0.,0.,1.));
#6000 = ADVANCED_FACE('',(#6001),#6013,.T.);
#6001 = FACE_BOUND('',#6002,.T.);
#6002 = EDGE_LOOP('',(#6003,#6004,#6005,#6006));
#6003 = ORIENTED_EDGE('',*,*,#5922,.T.);
#6004 = ORIENTED_EDGE('',*,*,#4231,.T.);
#6005 = ORIENTED_EDGE('',*,*,#5988,.F.);
#6006 = ORIENTED_EDGE('',*,*,#6007,.F.);
#6007 = EDGE_CURVE('',#5915,#5981,#6008,.T.);
#6008 = CIRCLE('',#6009,15.);
#6009 = AXIS2_PLACEMENT_3D('',#6010,#6011,#6012);
#6010 = CARTESIAN_POINT('',(0.,-64.,10.));
#6011 = DIRECTION('',(0.,0.,1.));
#6012 = DIRECTION('',(1.,0.,0.));
#6013 = PLANE('',#6014);
#6014 = AXIS2_PLACEMENT_3D('',#6015,#6016,#6017);
#6015 = CARTESIAN_POINT('',(3.030691199925E-02,-72.10258691561,10.));
#6016 = DIRECTION('',(0.,0.,1.));
#6017 = DIRECTION('',(1.,0.,0.));
#6018 = ADVANCED_FACE('',(#6019),#6061,.F.);
#6019 = FACE_BOUND('',#6020,.F.);
#6020 = EDGE_LOOP('',(#6021,#6029,#6037,#6045,#6053,#6059,#6060));
#6021 = ORIENTED_EDGE('',*,*,#6022,.F.);
#6022 = EDGE_CURVE('',#6023,#4265,#6025,.T.);
#6023 = VERTEX_POINT('',#6024);
#6024 = CARTESIAN_POINT('',(-3.5,-78.07124727947,4.));
#6025 = LINE('',#6026,#6027);
#6026 = CARTESIAN_POINT('',(-3.5,-64.,4.));
#6027 = VECTOR('',#6028,1.);
#6028 = DIRECTION('',(1.110223024625E-16,-1.,0.));
#6029 = ORIENTED_EDGE('',*,*,#6030,.T.);
#6030 = EDGE_CURVE('',#6023,#6031,#6033,.T.);
#6031 = VERTEX_POINT('',#6032);
#6032 = CARTESIAN_POINT('',(-3.5,-78.07124727947,14.));
#6033 = LINE('',#6034,#6035);
#6034 = CARTESIAN_POINT('',(-3.5,-78.07124727947,4.));
#6035 = VECTOR('',#6036,1.);
#6036 = DIRECTION('',(0.,0.,1.));
#6037 = ORIENTED_EDGE('',*,*,#6038,.T.);
#6038 = EDGE_CURVE('',#6031,#6039,#6041,.T.);
#6039 = VERTEX_POINT('',#6040);
#6040 = CARTESIAN_POINT('',(-3.5,-78.58595214581,14.));
#6041 = LINE('',#6042,#6043);
#6042 = CARTESIAN_POINT('',(-3.5,-64.,14.));
#6043 = VECTOR('',#6044,1.);
#6044 = DIRECTION('',(1.110223024625E-16,-1.,0.));
#6045 = ORIENTED_EDGE('',*,*,#6046,.F.);
#6046 = EDGE_CURVE('',#6047,#6039,#6049,.T.);
#6047 = VERTEX_POINT('',#6048);
#6048 = CARTESIAN_POINT('',(-3.5,-78.58595214581,10.));
#6049 = LINE('',#6050,#6051);
#6050 = CARTESIAN_POINT('',(-3.5,-78.58595214581,9.));
#6051 = VECTOR('',#6052,1.);
#6052 = DIRECTION('',(0.,0.,1.));
#6053 = ORIENTED_EDGE('',*,*,#6054,.T.);
#6054 = EDGE_CURVE('',#6047,#4296,#6055,.T.);
#6055 = LINE('',#6056,#6057);
#6056 = CARTESIAN_POINT('',(-3.5,-64.,10.));
#6057 = VECTOR('',#6058,1.);
#6058 = DIRECTION('',(1.110223024625E-16,-1.,0.));
#6059 = ORIENTED_EDGE('',*,*,#4304,.F.);
#6060 = ORIENTED_EDGE('',*,*,#4273,.F.);
#6061 = PLANE('',#6062);
#6062 = AXIS2_PLACEMENT_3D('',#6063,#6064,#6065);
#6063 = CARTESIAN_POINT('',(-3.5,-64.,4.));
#6064 = DIRECTION('',(1.,1.110223024625E-16,0.));
#6065 = DIRECTION('',(0.,0.,1.));
#6066 = ADVANCED_FACE('',(#6067),#6079,.T.);
#6067 = FACE_BOUND('',#6068,.T.);
#6068 = EDGE_LOOP('',(#6069,#6076,#6077,#6078));
#6069 = ORIENTED_EDGE('',*,*,#6070,.F.);
#6070 = EDGE_CURVE('',#5957,#6023,#6071,.T.);
#6071 = CIRCLE('',#6072,14.5);
#6072 = AXIS2_PLACEMENT_3D('',#6073,#6074,#6075);
#6073 = CARTESIAN_POINT('',(0.,-64.,4.));
#6074 = DIRECTION('',(0.,0.,1.));
#6075 = DIRECTION('',(1.,0.,0.));
#6076 = ORIENTED_EDGE('',*,*,#5956,.T.);
#6077 = ORIENTED_EDGE('',*,*,#4264,.T.);
#6078 = ORIENTED_EDGE('',*,*,#6022,.F.);
#6079 = PLANE('',#6080);
#6080 = AXIS2_PLACEMENT_3D('',#6081,#6082,#6083);
#6081 = CARTESIAN_POINT('',(-140.,-147.5,4.));
#6082 = DIRECTION('',(0.,0.,1.));
#6083 = DIRECTION('',(1.,0.,0.));
#6084 = ADVANCED_FACE('',(#6085),#6127,.T.);
#6085 = FACE_BOUND('',#6086,.T.);
#6086 = EDGE_LOOP('',(#6087,#6095,#6103,#6111,#6119,#6125,#6126));
#6087 = ORIENTED_EDGE('',*,*,#6088,.F.);
#6088 = EDGE_CURVE('',#6089,#4320,#6091,.T.);
#6089 = VERTEX_POINT('',#6090);
#6090 = CARTESIAN_POINT('',(3.5,-78.07124727947,4.));
#6091 = LINE('',#6092,#6093);
#6092 = CARTESIAN_POINT('',(3.5,-64.,4.));
#6093 = VECTOR('',#6094,1.);
#6094 = DIRECTION('',(1.110223024625E-16,-1.,0.));
#6095 = ORIENTED_EDGE('',*,*,#6096,.T.);
#6096 = EDGE_CURVE('',#6089,#6097,#6099,.T.);
#6097 = VERTEX_POINT('',#6098);
#6098 = CARTESIAN_POINT('',(3.5,-78.07124727947,14.));
#6099 = LINE('',#6100,#6101);
#6100 = CARTESIAN_POINT('',(3.5,-78.07124727947,4.));
#6101 = VECTOR('',#6102,1.);
#6102 = DIRECTION('',(0.,0.,1.));
#6103 = ORIENTED_EDGE('',*,*,#6104,.T.);
#6104 = EDGE_CURVE('',#6097,#6105,#6107,.T.);
#6105 = VERTEX_POINT('',#6106);
#6106 = CARTESIAN_POINT('',(3.5,-78.58595214581,14.));
#6107 = LINE('',#6108,#6109);
#6108 = CARTESIAN_POINT('',(3.5,-64.,14.));
#6109 = VECTOR('',#6110,1.);
#6110 = DIRECTION('',(1.110223024625E-16,-1.,0.));
#6111 = ORIENTED_EDGE('',*,*,#6112,.F.);
#6112 = EDGE_CURVE('',#6113,#6105,#6115,.T.);
#6113 = VERTEX_POINT('',#6114);
#6114 = CARTESIAN_POINT('',(3.5,-78.58595214581,10.));
#6115 = LINE('',#6116,#6117);
#6116 = CARTESIAN_POINT('',(3.5,-78.58595214581,9.));
#6117 = VECTOR('',#6118,1.);
#6118 = DIRECTION('',(0.,0.,1.));
#6119 = ORIENTED_EDGE('',*,*,#6120,.T.);
#6120 = EDGE_CURVE('',#6113,#4288,#6121,.T.);
#6121 = LINE('',#6122,#6123);
#6122 = CARTESIAN_POINT('',(3.5,-64.,10.));
#6123 = VECTOR('',#6124,1.);
#6124 = DIRECTION('',(1.110223024625E-16,-1.,0.));
#6125 = ORIENTED_EDGE('',*,*,#4287,.F.);
#6126 = ORIENTED_EDGE('',*,*,#4319,.F.);
#6127 = PLANE('',#6128);
#6128 = AXIS2_PLACEMENT_3D('',#6129,#6130,#6131);
#6129 = CARTESIAN_POINT('',(3.5,-64.,4.));
#6130 = DIRECTION('',(1.,1.110223024625E-16,0.));
#6131 = DIRECTION('',(0.,0.,1.));
#6132 = ADVANCED_FACE('',(#6133),#6145,.T.);
#6133 = FACE_BOUND('',#6134,.T.);
#6134 = EDGE_LOOP('',(#6135,#6136,#6137,#6144));
#6135 = ORIENTED_EDGE('',*,*,#4295,.T.);
#6136 = ORIENTED_EDGE('',*,*,#6120,.F.);
#6137 = ORIENTED_EDGE('',*,*,#6138,.F.);
#6138 = EDGE_CURVE('',#6047,#6113,#6139,.T.);
#6139 = CIRCLE('',#6140,15.);
#6140 = AXIS2_PLACEMENT_3D('',#6141,#6142,#6143);
#6141 = CARTESIAN_POINT('',(0.,-64.,10.));
#6142 = DIRECTION('',(0.,0.,1.));
#6143 = DIRECTION('',(1.,0.,0.));
#6144 = ORIENTED_EDGE('',*,*,#6054,.T.);
#6145 = PLANE('',#6146);
#6146 = AXIS2_PLACEMENT_3D('',#6147,#6148,#6149);
#6147 = CARTESIAN_POINT('',(3.030691199925E-02,-72.10258691561,10.));
#6148 = DIRECTION('',(0.,0.,1.));
#6149 = DIRECTION('',(1.,0.,0.));
#6150 = ADVANCED_FACE('',(#6151),#6193,.F.);
#6151 = FACE_BOUND('',#6152,.F.);
#6152 = EDGE_LOOP('',(#6153,#6161,#6169,#6177,#6185,#6191,#6192));
#6153 = ORIENTED_EDGE('',*,*,#6154,.F.);
#6154 = EDGE_CURVE('',#6155,#4328,#6157,.T.);
#6155 = VERTEX_POINT('',#6156);
#6156 = CARTESIAN_POINT('',(12.915308603666,-70.59126722808,4.));
#6157 = LINE('',#6158,#6159);
#6158 = CARTESIAN_POINT('',(-0.791453975198,-67.40934020085,4.));
#6159 = VECTOR('',#6160,1.);
#6160 = DIRECTION('',(0.974097200243,-0.226129707199,0.));
#6161 = ORIENTED_EDGE('',*,*,#6162,.T.);
#6162 = EDGE_CURVE('',#6155,#6163,#6165,.T.);
#6163 = VERTEX_POINT('',#6164);
#6164 = CARTESIAN_POINT('',(12.915308603666,-70.59126722808,14.));
#6165 = LINE('',#6166,#6167);
#6166 = CARTESIAN_POINT('',(12.915308603666,-70.59126722808,4.));
#6167 = VECTOR('',#6168,1.);
#6168 = DIRECTION('',(0.,0.,1.));
#6169 = ORIENTED_EDGE('',*,*,#6170,.T.);
#6170 = EDGE_CURVE('',#6163,#6171,#6173,.T.);
#6171 = VERTEX_POINT('',#6172);
#6172 = CARTESIAN_POINT('',(13.416681172926,-70.7076572888,14.));
#6173 = LINE('',#6174,#6175);
#6174 = CARTESIAN_POINT('',(-0.791453975198,-67.40934020085,14.));
#6175 = VECTOR('',#6176,1.);
#6176 = DIRECTION('',(0.974097200243,-0.226129707199,0.));
#6177 = ORIENTED_EDGE('',*,*,#6178,.F.);
#6178 = EDGE_CURVE('',#6179,#6171,#6181,.T.);
#6179 = VERTEX_POINT('',#6180);
#6180 = CARTESIAN_POINT('',(13.416681172926,-70.7076572888,10.));
#6181 = LINE('',#6182,#6183);
#6182 = CARTESIAN_POINT('',(13.416681172926,-70.7076572888,9.));
#6183 = VECTOR('',#6184,1.);
#6184 = DIRECTION('',(0.,0.,1.));
#6185 = ORIENTED_EDGE('',*,*,#6186,.T.);
#6186 = EDGE_CURVE('',#6179,#4360,#6187,.T.);
#6187 = LINE('',#6188,#6189);
#6188 = CARTESIAN_POINT('',(-0.791453975197,-67.40934020085,10.));
#6189 = VECTOR('',#6190,1.);
#6190 = DIRECTION('',(0.974097200243,-0.226129707199,0.));
#6191 = ORIENTED_EDGE('',*,*,#4368,.F.);
#6192 = ORIENTED_EDGE('',*,*,#4336,.F.);
#6193 = PLANE('',#6194);
#6194 = AXIS2_PLACEMENT_3D('',#6195,#6196,#6197);
#6195 = CARTESIAN_POINT('',(-0.791453975198,-67.40934020085,4.));
#6196 = DIRECTION('',(0.226129707199,0.974097200243,0.));
#6197 = DIRECTION('',(0.,0.,1.));
#6198 = ADVANCED_FACE('',(#6199),#6211,.T.);
#6199 = FACE_BOUND('',#6200,.T.);
#6200 = EDGE_LOOP('',(#6201,#6208,#6209,#6210));
#6201 = ORIENTED_EDGE('',*,*,#6202,.F.);
#6202 = EDGE_CURVE('',#6089,#6155,#6203,.T.);
#6203 = CIRCLE('',#6204,14.5);
#6204 = AXIS2_PLACEMENT_3D('',#6205,#6206,#6207);
#6205 = CARTESIAN_POINT('',(0.,-64.,4.));
#6206 = DIRECTION('',(0.,0.,1.));
#6207 = DIRECTION('',(1.,0.,0.));
#6208 = ORIENTED_EDGE('',*,*,#6088,.T.);
#6209 = ORIENTED_EDGE('',*,*,#4327,.T.);
#6210 = ORIENTED_EDGE('',*,*,#6154,.F.);
#6211 = PLANE('',#6212);
#6212 = AXIS2_PLACEMENT_3D('',#6213,#6214,#6215);
#6213 = CARTESIAN_POINT('',(-140.,-147.5,4.));
#6214 = DIRECTION('',(0.,0.,1.));
#6215 = DIRECTION('',(1.,0.,0.));
#6216 = ADVANCED_FACE('',(#6217),#6238,.T.);
#6217 = FACE_BOUND('',#6218,.T.);
#6218 = EDGE_LOOP('',(#6219,#6220,#6221,#6230,#6237));
#6219 = ORIENTED_EDGE('',*,*,#4359,.T.);
#6220 = ORIENTED_EDGE('',*,*,#5503,.F.);
#6221 = ORIENTED_EDGE('',*,*,#6222,.F.);
#6222 = EDGE_CURVE('',#6223,#5496,#6225,.T.);
#6223 = VERTEX_POINT('',#6224);
#6224 = CARTESIAN_POINT('',(15.,-64.,10.));
#6225 = CIRCLE('',#6226,15.);
#6226 = AXIS2_PLACEMENT_3D('',#6227,#6228,#6229);
#6227 = CARTESIAN_POINT('',(0.,-64.,10.));
#6228 = DIRECTION('',(0.,0.,1.));
#6229 = DIRECTION('',(1.,0.,0.));
#6230 = ORIENTED_EDGE('',*,*,#6231,.F.);
#6231 = EDGE_CURVE('',#6179,#6223,#6232,.T.);
#6232 = CIRCLE('',#6233,15.);
#6233 = AXIS2_PLACEMENT_3D('',#6234,#6235,#6236);
#6234 = CARTESIAN_POINT('',(0.,-64.,10.));
#6235 = DIRECTION('',(0.,0.,1.));
#6236 = DIRECTION('',(1.,0.,0.));
#6237 = ORIENTED_EDGE('',*,*,#6186,.T.);
#6238 = PLANE('',#6239);
#6239 = AXIS2_PLACEMENT_3D('',#6240,#6241,#6242);
#6240 = CARTESIAN_POINT('',(3.030691199925E-02,-72.10258691561,10.));
#6241 = DIRECTION('',(0.,0.,1.));
#6242 = DIRECTION('',(1.,0.,0.));
#6243 = ADVANCED_FACE('',(#6244),#6250,.T.);
#6244 = FACE_BOUND('',#6245,.T.);
#6245 = EDGE_LOOP('',(#6246,#6247,#6248,#6249));
#6246 = ORIENTED_EDGE('',*,*,#4474,.F.);
#6247 = ORIENTED_EDGE('',*,*,#4426,.T.);
#6248 = ORIENTED_EDGE('',*,*,#5383,.T.);
#6249 = ORIENTED_EDGE('',*,*,#5430,.T.);
#6250 = PLANE('',#6251);
#6251 = AXIS2_PLACEMENT_3D('',#6252,#6253,#6254);
#6252 = CARTESIAN_POINT('',(-85.,-115.,4.));
#6253 = DIRECTION('',(1.,0.,0.));
#6254 = DIRECTION('',(0.,0.,1.));
#6255 = ADVANCED_FACE('',(#6256),#6265,.F.);
#6256 = FACE_BOUND('',#6257,.F.);
#6257 = EDGE_LOOP('',(#6258,#6259,#6260,#6261,#6262,#6263,#6264));
#6258 = ORIENTED_EDGE('',*,*,#4557,.F.);
#6259 = ORIENTED_EDGE('',*,*,#5407,.T.);
#6260 = ORIENTED_EDGE('',*,*,#5108,.F.);
#6261 = ORIENTED_EDGE('',*,*,#5188,.F.);
#6262 = ORIENTED_EDGE('',*,*,#5422,.T.);
#6263 = ORIENTED_EDGE('',*,*,#4458,.T.);
#6264 = ORIENTED_EDGE('',*,*,#4490,.F.);
#6265 = CYLINDRICAL_SURFACE('',#6266,102.);
#6266 = AXIS2_PLACEMENT_3D('',#6267,#6268,#6269);
#6267 = CARTESIAN_POINT('',(0.,-64.,10.));
#6268 = DIRECTION('',(0.,0.,1.));
#6269 = DIRECTION('',(1.,0.,0.));
#6270 = ADVANCED_FACE('',(#6271),#6287,.T.);
#6271 = FACE_BOUND('',#6272,.T.);
#6272 = EDGE_LOOP('',(#6273,#6279,#6280,#6286));
#6273 = ORIENTED_EDGE('',*,*,#6274,.F.);
#6274 = EDGE_CURVE('',#5174,#4508,#6275,.T.);
#6275 = LINE('',#6276,#6277);
#6276 = CARTESIAN_POINT('',(-110.7,-96.3,-1.));
#6277 = VECTOR('',#6278,1.);
#6278 = DIRECTION('',(0.,0.,1.));
#6279 = ORIENTED_EDGE('',*,*,#5173,.F.);
#6280 = ORIENTED_EDGE('',*,*,#6281,.T.);
#6281 = EDGE_CURVE('',#5166,#4510,#6282,.T.);
#6282 = LINE('',#6283,#6284);
#6283 = CARTESIAN_POINT('',(-119.3,-96.3,-1.));
#6284 = VECTOR('',#6285,1.);
#6285 = DIRECTION('',(0.,0.,1.));
#6286 = ORIENTED_EDGE('',*,*,#4507,.F.);
#6287 = PLANE('',#6288);
#6288 = AXIS2_PLACEMENT_3D('',#6289,#6290,#6291);
#6289 = CARTESIAN_POINT('',(-119.3,-96.3,-1.));
#6290 = DIRECTION('',(0.,1.,0.));
#6291 = DIRECTION('',(0.,0.,1.));
#6292 = ADVANCED_FACE('',(#6293),#6305,.T.);
#6293 = FACE_BOUND('',#6294,.T.);
#6294 = EDGE_LOOP('',(#6295,#6296,#6297,#6298,#6304));
#6295 = ORIENTED_EDGE('',*,*,#6281,.F.);
#6296 = ORIENTED_EDGE('',*,*,#5165,.F.);
#6297 = ORIENTED_EDGE('',*,*,#5141,.F.);
#6298 = ORIENTED_EDGE('',*,*,#6299,.T.);
#6299 = EDGE_CURVE('',#5134,#4518,#6300,.T.);
#6300 = LINE('',#6301,#6302);
#6301 = CARTESIAN_POINT('',(-119.3,-83.7,-1.));
#6302 = VECTOR('',#6303,1.);
#6303 = DIRECTION('',(0.,0.,1.));
#6304 = ORIENTED_EDGE('',*,*,#4517,.F.);
#6305 = PLANE('',#6306);
#6306 = AXIS2_PLACEMENT_3D('',#6307,#6308,#6309);
#6307 = CARTESIAN_POINT('',(-119.3,-96.3,-1.));
#6308 = DIRECTION('',(1.,0.,0.));
#6309 = DIRECTION('',(0.,0.,1.));
#6310 = ADVANCED_FACE('',(#6311),#6322,.F.);
#6311 = FACE_BOUND('',#6312,.F.);
#6312 = EDGE_LOOP('',(#6313,#6319,#6320,#6321));
#6313 = ORIENTED_EDGE('',*,*,#6314,.F.);
#6314 = EDGE_CURVE('',#5126,#4526,#6315,.T.);
#6315 = LINE('',#6316,#6317);
#6316 = CARTESIAN_POINT('',(-110.7,-83.7,-1.));
#6317 = VECTOR('',#6318,1.);
#6318 = DIRECTION('',(0.,0.,1.));
#6319 = ORIENTED_EDGE('',*,*,#5133,.F.);
#6320 = ORIENTED_EDGE('',*,*,#6299,.T.);
#6321 = ORIENTED_EDGE('',*,*,#4525,.F.);
#6322 = PLANE('',#6323);
#6323 = AXIS2_PLACEMENT_3D('',#6324,#6325,#6326);
#6324 = CARTESIAN_POINT('',(-119.3,-83.7,-1.));
#6325 = DIRECTION('',(0.,1.,0.));
#6326 = DIRECTION('',(0.,0.,1.));
#6327 = ADVANCED_FACE('',(#6328),#6335,.F.);
#6328 = FACE_BOUND('',#6329,.F.);
#6329 = EDGE_LOOP('',(#6330,#6331,#6332,#6333,#6334));
#6330 = ORIENTED_EDGE('',*,*,#6274,.F.);
#6331 = ORIENTED_EDGE('',*,*,#5181,.F.);
#6332 = ORIENTED_EDGE('',*,*,#5125,.F.);
#6333 = ORIENTED_EDGE('',*,*,#6314,.T.);
#6334 = ORIENTED_EDGE('',*,*,#4533,.F.);
#6335 = PLANE('',#6336);
#6336 = AXIS2_PLACEMENT_3D('',#6337,#6338,#6339);
#6337 = CARTESIAN_POINT('',(-110.7,-96.3,-1.));
#6338 = DIRECTION('',(1.,0.,0.));
#6339 = DIRECTION('',(0.,0.,1.));
#6340 = ADVANCED_FACE('',(#6341),#6347,.T.);
#6341 = FACE_BOUND('',#6342,.T.);
#6342 = EDGE_LOOP('',(#6343,#6344,#6345,#6346));
#6343 = ORIENTED_EDGE('',*,*,#4573,.T.);
#6344 = ORIENTED_EDGE('',*,*,#5400,.T.);
#6345 = ORIENTED_EDGE('',*,*,#5358,.F.);
#6346 = ORIENTED_EDGE('',*,*,#4589,.T.);
#6347 = PLANE('',#6348);
#6348 = AXIS2_PLACEMENT_3D('',#6349,#6350,#6351);
#6349 = CARTESIAN_POINT('',(-85.,-115.,4.));
#6350 = DIRECTION('',(1.,0.,0.));
#6351 = DIRECTION('',(0.,0.,1.));
#6352 = ADVANCED_FACE('',(#6353),#6359,.T.);
#6353 = FACE_BOUND('',#6354,.T.);
#6354 = EDGE_LOOP('',(#6355,#6356,#6357,#6358));
#6355 = ORIENTED_EDGE('',*,*,#4636,.F.);
#6356 = ORIENTED_EDGE('',*,*,#4766,.T.);
#6357 = ORIENTED_EDGE('',*,*,#4750,.T.);
#6358 = ORIENTED_EDGE('',*,*,#4684,.F.);
#6359 = PLANE('',#6360);
#6360 = AXIS2_PLACEMENT_3D('',#6361,#6362,#6363);
#6361 = CARTESIAN_POINT('',(-85.,65.,4.));
#6362 = DIRECTION('',(1.,0.,0.));
#6363 = DIRECTION('',(0.,0.,1.));
#6364 = ADVANCED_FACE('',(#6365),#6377,.T.);
#6365 = FACE_BOUND('',#6366,.T.);
#6366 = EDGE_LOOP('',(#6367,#6368,#6375,#6376));
#6367 = ORIENTED_EDGE('',*,*,#5332,.F.);
#6368 = ORIENTED_EDGE('',*,*,#6369,.F.);
#6369 = EDGE_CURVE('',#5273,#5325,#6370,.T.);
#6370 = CIRCLE('',#6371,102.);
#6371 = AXIS2_PLACEMENT_3D('',#6372,#6373,#6374);
#6372 = CARTESIAN_POINT('',(0.,-64.,14.));
#6373 = DIRECTION('',(0.,0.,1.));
#6374 = DIRECTION('',(1.,0.,0.));
#6375 = ORIENTED_EDGE('',*,*,#5280,.T.);
#6376 = ORIENTED_EDGE('',*,*,#4660,.T.);
#6377 = PLANE('',#6378);
#6378 = AXIS2_PLACEMENT_3D('',#6379,#6380,#6381);
#6379 = CARTESIAN_POINT('',(2.830576295061,-61.94139905813,14.));
#6380 = DIRECTION('',(0.,0.,1.));
#6381 = DIRECTION('',(-0.588171697675,0.808736084303,0.));
#6382 = ADVANCED_FACE('',(#6383),#6399,.T.);
#6383 = FACE_BOUND('',#6384,.T.);
#6384 = EDGE_LOOP('',(#6385,#6391,#6392,#6398));
#6385 = ORIENTED_EDGE('',*,*,#6386,.F.);
#6386 = EDGE_CURVE('',#4976,#4701,#6387,.T.);
#6387 = LINE('',#6388,#6389);
#6388 = CARTESIAN_POINT('',(-110.7,83.7,-1.));
#6389 = VECTOR('',#6390,1.);
#6390 = DIRECTION('',(0.,0.,1.));
#6391 = ORIENTED_EDGE('',*,*,#4975,.F.);
#6392 = ORIENTED_EDGE('',*,*,#6393,.T.);
#6393 = EDGE_CURVE('',#4968,#4703,#6394,.T.);
#6394 = LINE('',#6395,#6396);
#6395 = CARTESIAN_POINT('',(-119.3,83.7,-1.));
#6396 = VECTOR('',#6397,1.);
#6397 = DIRECTION('',(0.,0.,1.));
#6398 = ORIENTED_EDGE('',*,*,#4700,.F.);
#6399 = PLANE('',#6400);
#6400 = AXIS2_PLACEMENT_3D('',#6401,#6402,#6403);
#6401 = CARTESIAN_POINT('',(-119.3,83.7,-1.));
#6402 = DIRECTION('',(0.,1.,0.));
#6403 = DIRECTION('',(0.,0.,1.));
#6404 = ADVANCED_FACE('',(#6405),#6417,.T.);
#6405 = FACE_BOUND('',#6406,.T.);
#6406 = EDGE_LOOP('',(#6407,#6408,#6409,#6410,#6416));
#6407 = ORIENTED_EDGE('',*,*,#6393,.F.);
#6408 = ORIENTED_EDGE('',*,*,#4967,.F.);
#6409 = ORIENTED_EDGE('',*,*,#4943,.F.);
#6410 = ORIENTED_EDGE('',*,*,#6411,.T.);
#6411 = EDGE_CURVE('',#4936,#4711,#6412,.T.);
#6412 = LINE('',#6413,#6414);
#6413 = CARTESIAN_POINT('',(-119.3,96.3,-1.));
#6414 = VECTOR('',#6415,1.);
#6415 = DIRECTION('',(0.,0.,1.));
#6416 = ORIENTED_EDGE('',*,*,#4710,.F.);
#6417 = PLANE('',#6418);
#6418 = AXIS2_PLACEMENT_3D('',#6419,#6420,#6421);
#6419 = CARTESIAN_POINT('',(-119.3,83.7,-1.));
#6420 = DIRECTION('',(1.,0.,0.));
#6421 = DIRECTION('',(0.,0.,1.));
#6422 = ADVANCED_FACE('',(#6423),#6434,.F.);
#6423 = FACE_BOUND('',#6424,.F.);
#6424 = EDGE_LOOP('',(#6425,#6431,#6432,#6433));
#6425 = ORIENTED_EDGE('',*,*,#6426,.F.);
#6426 = EDGE_CURVE('',#4928,#4719,#6427,.T.);
#6427 = LINE('',#6428,#6429);
#6428 = CARTESIAN_POINT('',(-110.7,96.3,-1.));
#6429 = VECTOR('',#6430,1.);
#6430 = DIRECTION('',(0.,0.,1.));
#6431 = ORIENTED_EDGE('',*,*,#4935,.F.);
#6432 = ORIENTED_EDGE('',*,*,#6411,.T.);
#6433 = ORIENTED_EDGE('',*,*,#4718,.F.);
#6434 = PLANE('',#6435);
#6435 = AXIS2_PLACEMENT_3D('',#6436,#6437,#6438);
#6436 = CARTESIAN_POINT('',(-119.3,96.3,-1.));
#6437 = DIRECTION('',(0.,1.,0.));
#6438 = DIRECTION('',(0.,0.,1.));
#6439 = ADVANCED_FACE('',(#6440),#6447,.F.);
#6440 = FACE_BOUND('',#6441,.F.);
#6441 = EDGE_LOOP('',(#6442,#6443,#6444,#6445,#6446));
#6442 = ORIENTED_EDGE('',*,*,#6386,.F.);
#6443 = ORIENTED_EDGE('',*,*,#4983,.F.);
#6444 = ORIENTED_EDGE('',*,*,#4927,.F.);
#6445 = ORIENTED_EDGE('',*,*,#6426,.T.);
#6446 = ORIENTED_EDGE('',*,*,#4726,.F.);
#6447 = PLANE('',#6448);
#6448 = AXIS2_PLACEMENT_3D('',#6449,#6450,#6451);
#6449 = CARTESIAN_POINT('',(-110.7,83.7,-1.));
#6450 = DIRECTION('',(1.,0.,0.));
#6451 = DIRECTION('',(0.,0.,1.));
#6452 = ADVANCED_FACE('',(#6453),#6478,.F.);
#6453 = FACE_BOUND('',#6454,.F.);
#6454 = EDGE_LOOP('',(#6455,#6463,#6464,#6472));
#6455 = ORIENTED_EDGE('',*,*,#6456,.F.);
#6456 = EDGE_CURVE('',#4785,#6457,#6459,.T.);
#6457 = VERTEX_POINT('',#6458);
#6458 = CARTESIAN_POINT('',(-40.20285622446,50.283552409764,26.));
#6459 = LINE('',#6460,#6461);
#6460 = CARTESIAN_POINT('',(-40.20285622446,50.283552409764,3.8));
#6461 = VECTOR('',#6462,1.);
#6462 = DIRECTION('',(0.,0.,1.));
#6463 = ORIENTED_EDGE('',*,*,#4784,.T.);
#6464 = ORIENTED_EDGE('',*,*,#6465,.T.);
#6465 = EDGE_CURVE('',#4787,#6466,#6468,.T.);
#6466 = VERTEX_POINT('',#6467);
#6467 = CARTESIAN_POINT('',(-33.3959853028,33.620224163105,26.));
#6468 = LINE('',#6469,#6470);
#6469 = CARTESIAN_POINT('',(-33.3959853028,33.620224163105,3.8));
#6470 = VECTOR('',#6471,1.);
#6471 = DIRECTION('',(0.,0.,1.));
#6472 = ORIENTED_EDGE('',*,*,#6473,.T.);
#6473 = EDGE_CURVE('',#6466,#6457,#6474,.T.);
#6474 = LINE('',#6475,#6476);
#6475 = CARTESIAN_POINT('',(-33.3959853028,33.620224163105,26.));
#6476 = VECTOR('',#6477,1.);
#6477 = DIRECTION('',(-0.378159495647,0.925740458148,0.));
#6478 = PLANE('',#6479);
#6479 = AXIS2_PLACEMENT_3D('',#6480,#6481,#6482);
#6480 = CARTESIAN_POINT('',(-33.3959853028,33.620224163105,3.8));
#6481 = DIRECTION('',(-0.925740458148,-0.378159495647,0.));
#6482 = DIRECTION('',(0.,0.,1.));
#6483 = ADVANCED_FACE('',(#6484),#6502,.F.);
#6484 = FACE_BOUND('',#6485,.F.);
#6485 = EDGE_LOOP('',(#6486,#6487,#6488,#6496));
#6486 = ORIENTED_EDGE('',*,*,#6465,.F.);
#6487 = ORIENTED_EDGE('',*,*,#4794,.T.);
#6488 = ORIENTED_EDGE('',*,*,#6489,.T.);
#6489 = EDGE_CURVE('',#4795,#6490,#6492,.T.);
#6490 = VERTEX_POINT('',#6491);
#6491 = CARTESIAN_POINT('',(-44.50487080057,29.082310215335,26.));
#6492 = LINE('',#6493,#6494);
#6493 = CARTESIAN_POINT('',(-44.50487080057,29.082310215335,3.8));
#6494 = VECTOR('',#6495,1.);
#6495 = DIRECTION('',(0.,0.,1.));
#6496 = ORIENTED_EDGE('',*,*,#6497,.F.);
#6497 = EDGE_CURVE('',#6466,#6490,#6498,.T.);
#6498 = LINE('',#6499,#6500);
#6499 = CARTESIAN_POINT('',(-33.3959853028,33.620224163105,26.));
#6500 = VECTOR('',#6501,1.);
#6501 = DIRECTION('',(-0.925740458148,-0.378159495647,0.));
#6502 = PLANE('',#6503);
#6503 = AXIS2_PLACEMENT_3D('',#6504,#6505,#6506);
#6504 = CARTESIAN_POINT('',(-33.3959853028,33.620224163105,3.8));
#6505 = DIRECTION('',(-0.378159495647,0.925740458148,0.));
#6506 = DIRECTION('',(0.,0.,1.));
#6507 = ADVANCED_FACE('',(#6508),#6526,.T.);
#6508 = FACE_BOUND('',#6509,.T.);
#6509 = EDGE_LOOP('',(#6510,#6518,#6519,#6520));
#6510 = ORIENTED_EDGE('',*,*,#6511,.F.);
#6511 = EDGE_CURVE('',#4803,#6512,#6514,.T.);
#6512 = VERTEX_POINT('',#6513);
#6513 = CARTESIAN_POINT('',(-51.31174172223,45.745638461995,26.));
#6514 = LINE('',#6515,#6516);
#6515 = CARTESIAN_POINT('',(-51.31174172223,45.745638461995,3.8));
#6516 = VECTOR('',#6517,1.);
#6517 = DIRECTION('',(0.,0.,1.));
#6518 = ORIENTED_EDGE('',*,*,#4802,.T.);
#6519 = ORIENTED_EDGE('',*,*,#6489,.T.);
#6520 = ORIENTED_EDGE('',*,*,#6521,.T.);
#6521 = EDGE_CURVE('',#6490,#6512,#6522,.T.);
#6522 = LINE('',#6523,#6524);
#6523 = CARTESIAN_POINT('',(-44.50487080057,29.082310215335,26.));
#6524 = VECTOR('',#6525,1.);
#6525 = DIRECTION('',(-0.378159495647,0.925740458148,0.));
#6526 = PLANE('',#6527);
#6527 = AXIS2_PLACEMENT_3D('',#6528,#6529,#6530);
#6528 = CARTESIAN_POINT('',(-44.50487080057,29.082310215335,3.8));
#6529 = DIRECTION('',(-0.925740458148,-0.378159495647,0.));
#6530 = DIRECTION('',(0.,0.,1.));
#6531 = ADVANCED_FACE('',(#6532),#6543,.T.);
#6532 = FACE_BOUND('',#6533,.T.);
#6533 = EDGE_LOOP('',(#6534,#6535,#6536,#6537));
#6534 = ORIENTED_EDGE('',*,*,#6456,.F.);
#6535 = ORIENTED_EDGE('',*,*,#4810,.T.);
#6536 = ORIENTED_EDGE('',*,*,#6511,.T.);
#6537 = ORIENTED_EDGE('',*,*,#6538,.F.);
#6538 = EDGE_CURVE('',#6457,#6512,#6539,.T.);
#6539 = LINE('',#6540,#6541);
#6540 = CARTESIAN_POINT('',(-40.20285622446,50.283552409764,26.));
#6541 = VECTOR('',#6542,1.);
#6542 = DIRECTION('',(-0.925740458148,-0.378159495647,0.));
#6543 = PLANE('',#6544);
#6544 = AXIS2_PLACEMENT_3D('',#6545,#6546,#6547);
#6545 = CARTESIAN_POINT('',(-40.20285622446,50.283552409764,3.8));
#6546 = DIRECTION('',(-0.378159495647,0.925740458148,0.));
#6547 = DIRECTION('',(0.,0.,1.));
#6548 = ADVANCED_FACE('',(#6549),#6556,.F.);
#6549 = FACE_BOUND('',#6550,.F.);
#6550 = EDGE_LOOP('',(#6551,#6552,#6553,#6554,#6555));
#6551 = ORIENTED_EDGE('',*,*,#4857,.T.);
#6552 = ORIENTED_EDGE('',*,*,#4887,.T.);
#6553 = ORIENTED_EDGE('',*,*,#4911,.T.);
#6554 = ORIENTED_EDGE('',*,*,#4990,.T.);
#6555 = ORIENTED_EDGE('',*,*,#4833,.T.);
#6556 = PLANE('',#6557);
#6557 = AXIS2_PLACEMENT_3D('',#6558,#6559,#6560);
#6558 = CARTESIAN_POINT('',(-89.6,90.,9.343075305071));
#6559 = DIRECTION('',(1.,0.,0.));
#6560 = DIRECTION('',(0.,0.,1.));
#6561 = ADVANCED_FACE('',(#6562),#6570,.F.);
#6562 = FACE_BOUND('',#6563,.F.);
#6563 = EDGE_LOOP('',(#6564,#6565,#6566,#6567,#6568,#6569));
#6564 = ORIENTED_EDGE('',*,*,#5014,.T.);
#6565 = ORIENTED_EDGE('',*,*,#5038,.T.);
#6566 = ORIENTED_EDGE('',*,*,#5068,.T.);
#6567 = ORIENTED_EDGE('',*,*,#5092,.T.);
#6568 = ORIENTED_EDGE('',*,*,#5415,.T.);
#6569 = ORIENTED_EDGE('',*,*,#5205,.T.);
#6570 = PLANE('',#6571);
#6571 = AXIS2_PLACEMENT_3D('',#6572,#6573,#6574);
#6572 = CARTESIAN_POINT('',(-89.6,-90.,9.343075305071));
#6573 = DIRECTION('',(1.,0.,0.));
#6574 = DIRECTION('',(0.,0.,1.));
#6575 = ADVANCED_FACE('',(#6576),#6582,.F.);
#6576 = FACE_BOUND('',#6577,.F.);
#6577 = EDGE_LOOP('',(#6578,#6579,#6580,#6581));
#6578 = ORIENTED_EDGE('',*,*,#5272,.F.);
#6579 = ORIENTED_EDGE('',*,*,#5298,.T.);
#6580 = ORIENTED_EDGE('',*,*,#5324,.T.);
#6581 = ORIENTED_EDGE('',*,*,#6369,.F.);
#6582 = CYLINDRICAL_SURFACE('',#6583,102.);
#6583 = AXIS2_PLACEMENT_3D('',#6584,#6585,#6586);
#6584 = CARTESIAN_POINT('',(0.,-64.,10.));
#6585 = DIRECTION('',(0.,0.,1.));
#6586 = DIRECTION('',(1.,0.,0.));
#6587 = ADVANCED_FACE('',(#6588),#6675,.T.);
#6588 = FACE_BOUND('',#6589,.T.);
#6589 = EDGE_LOOP('',(#6590,#6591,#6592,#6593,#6602,#6610,#6617,#6618,
    #6625,#6626,#6627,#6628,#6635,#6636,#6637,#6638,#6645,#6646,#6647,
    #6648,#6655,#6656,#6657,#6658,#6665,#6666,#6667,#6668));
#6590 = ORIENTED_EDGE('',*,*,#6096,.F.);
#6591 = ORIENTED_EDGE('',*,*,#6202,.T.);
#6592 = ORIENTED_EDGE('',*,*,#6162,.T.);
#6593 = ORIENTED_EDGE('',*,*,#6594,.T.);
#6594 = EDGE_CURVE('',#6163,#6595,#6597,.T.);
#6595 = VERTEX_POINT('',#6596);
#6596 = CARTESIAN_POINT('',(14.5,-64.,14.));
#6597 = CIRCLE('',#6598,14.5);
#6598 = AXIS2_PLACEMENT_3D('',#6599,#6600,#6601);
#6599 = CARTESIAN_POINT('',(0.,-64.,14.));
#6600 = DIRECTION('',(0.,0.,1.));
#6601 = DIRECTION('',(1.,0.,0.));
#6602 = ORIENTED_EDGE('',*,*,#6603,.T.);
#6603 = EDGE_CURVE('',#6595,#6604,#6606,.T.);
#6604 = VERTEX_POINT('',#6605);
#6605 = CARTESIAN_POINT('',(14.5,-64.,19.));
#6606 = LINE('',#6607,#6608);
#6607 = CARTESIAN_POINT('',(14.5,-64.,4.));
#6608 = VECTOR('',#6609,1.);
#6609 = DIRECTION('',(0.,0.,1.));
#6610 = ORIENTED_EDGE('',*,*,#6611,.F.);
#6611 = EDGE_CURVE('',#6604,#6604,#6612,.T.);
#6612 = CIRCLE('',#6613,14.5);
#6613 = AXIS2_PLACEMENT_3D('',#6614,#6615,#6616);
#6614 = CARTESIAN_POINT('',(0.,-64.,19.));
#6615 = DIRECTION('',(0.,0.,1.));
#6616 = DIRECTION('',(1.,0.,0.));
#6617 = ORIENTED_EDGE('',*,*,#6603,.F.);
#6618 = ORIENTED_EDGE('',*,*,#6619,.T.);
#6619 = EDGE_CURVE('',#6595,#5480,#6620,.T.);
#6620 = CIRCLE('',#6621,14.5);
#6621 = AXIS2_PLACEMENT_3D('',#6622,#6623,#6624);
#6622 = CARTESIAN_POINT('',(0.,-64.,14.));
#6623 = DIRECTION('',(0.,0.,1.));
#6624 = DIRECTION('',(1.,0.,0.));
#6625 = ORIENTED_EDGE('',*,*,#5479,.F.);
#6626 = ORIENTED_EDGE('',*,*,#5445,.T.);
#6627 = ORIENTED_EDGE('',*,*,#5520,.T.);
#6628 = ORIENTED_EDGE('',*,*,#6629,.T.);
#6629 = EDGE_CURVE('',#5521,#5594,#6630,.T.);
#6630 = CIRCLE('',#6631,14.5);
#6631 = AXIS2_PLACEMENT_3D('',#6632,#6633,#6634);
#6632 = CARTESIAN_POINT('',(0.,-64.,14.));
#6633 = DIRECTION('',(0.,0.,1.));
#6634 = DIRECTION('',(1.,0.,0.));
#6635 = ORIENTED_EDGE('',*,*,#5593,.F.);
#6636 = ORIENTED_EDGE('',*,*,#5674,.T.);
#6637 = ORIENTED_EDGE('',*,*,#5634,.T.);
#6638 = ORIENTED_EDGE('',*,*,#6639,.T.);
#6639 = EDGE_CURVE('',#5635,#5726,#6640,.T.);
#6640 = CIRCLE('',#6641,14.5);
#6641 = AXIS2_PLACEMENT_3D('',#6642,#6643,#6644);
#6642 = CARTESIAN_POINT('',(0.,-64.,14.));
#6643 = DIRECTION('',(0.,0.,1.));
#6644 = DIRECTION('',(1.,0.,0.));
#6645 = ORIENTED_EDGE('',*,*,#5725,.F.);
#6646 = ORIENTED_EDGE('',*,*,#5806,.T.);
#6647 = ORIENTED_EDGE('',*,*,#5766,.T.);
#6648 = ORIENTED_EDGE('',*,*,#6649,.T.);
#6649 = EDGE_CURVE('',#5767,#5858,#6650,.T.);
#6650 = CIRCLE('',#6651,14.5);
#6651 = AXIS2_PLACEMENT_3D('',#6652,#6653,#6654);
#6652 = CARTESIAN_POINT('',(0.,-64.,14.));
#6653 = DIRECTION('',(0.,0.,1.));
#6654 = DIRECTION('',(1.,0.,0.));
#6655 = ORIENTED_EDGE('',*,*,#5857,.F.);
#6656 = ORIENTED_EDGE('',*,*,#5938,.T.);
#6657 = ORIENTED_EDGE('',*,*,#5898,.T.);
#6658 = ORIENTED_EDGE('',*,*,#6659,.T.);
#6659 = EDGE_CURVE('',#5899,#5965,#6660,.T.);
#6660 = CIRCLE('',#6661,14.5);
#6661 = AXIS2_PLACEMENT_3D('',#6662,#6663,#6664);
#6662 = CARTESIAN_POINT('',(0.,-64.,14.));
#6663 = DIRECTION('',(0.,0.,1.));
#6664 = DIRECTION('',(1.,0.,0.));
#6665 = ORIENTED_EDGE('',*,*,#5964,.F.);
#6666 = ORIENTED_EDGE('',*,*,#6070,.T.);
#6667 = ORIENTED_EDGE('',*,*,#6030,.T.);
#6668 = ORIENTED_EDGE('',*,*,#6669,.T.);
#6669 = EDGE_CURVE('',#6031,#6097,#6670,.T.);
#6670 = CIRCLE('',#6671,14.5);
#6671 = AXIS2_PLACEMENT_3D('',#6672,#6673,#6674);
#6672 = CARTESIAN_POINT('',(0.,-64.,14.));
#6673 = DIRECTION('',(0.,0.,1.));
#6674 = DIRECTION('',(1.,0.,0.));
#6675 = CYLINDRICAL_SURFACE('',#6676,14.5);
#6676 = AXIS2_PLACEMENT_3D('',#6677,#6678,#6679);
#6677 = CARTESIAN_POINT('',(0.,-64.,4.));
#6678 = DIRECTION('',(0.,0.,1.));
#6679 = DIRECTION('',(1.,0.,0.));
#6680 = ADVANCED_FACE('',(#6681),#6703,.T.);
#6681 = FACE_BOUND('',#6682,.T.);
#6682 = EDGE_LOOP('',(#6683,#6684,#6685,#6686,#6687,#6696));
#6683 = ORIENTED_EDGE('',*,*,#5487,.F.);
#6684 = ORIENTED_EDGE('',*,*,#6619,.F.);
#6685 = ORIENTED_EDGE('',*,*,#6594,.F.);
#6686 = ORIENTED_EDGE('',*,*,#6170,.T.);
#6687 = ORIENTED_EDGE('',*,*,#6688,.T.);
#6688 = EDGE_CURVE('',#6171,#6689,#6691,.T.);
#6689 = VERTEX_POINT('',#6690);
#6690 = CARTESIAN_POINT('',(15.,-64.,14.));
#6691 = CIRCLE('',#6692,15.);
#6692 = AXIS2_PLACEMENT_3D('',#6693,#6694,#6695);
#6693 = CARTESIAN_POINT('',(0.,-64.,14.));
#6694 = DIRECTION('',(0.,0.,1.));
#6695 = DIRECTION('',(1.,0.,0.));
#6696 = ORIENTED_EDGE('',*,*,#6697,.T.);
#6697 = EDGE_CURVE('',#6689,#5488,#6698,.T.);
#6698 = CIRCLE('',#6699,15.);
#6699 = AXIS2_PLACEMENT_3D('',#6700,#6701,#6702);
#6700 = CARTESIAN_POINT('',(0.,-64.,14.));
#6701 = DIRECTION('',(0.,0.,1.));
#6702 = DIRECTION('',(1.,0.,0.));
#6703 = PLANE('',#6704);
#6704 = AXIS2_PLACEMENT_3D('',#6705,#6706,#6707);
#6705 = CARTESIAN_POINT('',(-0.791453975198,-67.40934020085,14.));
#6706 = DIRECTION('',(0.,0.,1.));
#6707 = DIRECTION('',(0.974097200243,-0.226129707199,0.));
#6708 = ADVANCED_FACE('',(#6709),#6717,.T.);
#6709 = FACE_BOUND('',#6710,.T.);
#6710 = EDGE_LOOP('',(#6711,#6712,#6713,#6714,#6715,#6716));
#6711 = ORIENTED_EDGE('',*,*,#6222,.T.);
#6712 = ORIENTED_EDGE('',*,*,#5495,.T.);
#6713 = ORIENTED_EDGE('',*,*,#6697,.F.);
#6714 = ORIENTED_EDGE('',*,*,#6688,.F.);
#6715 = ORIENTED_EDGE('',*,*,#6178,.F.);
#6716 = ORIENTED_EDGE('',*,*,#6231,.T.);
#6717 = CYLINDRICAL_SURFACE('',#6718,15.);
#6718 = AXIS2_PLACEMENT_3D('',#6719,#6720,#6721);
#6719 = CARTESIAN_POINT('',(0.,-64.,9.));
#6720 = DIRECTION('',(0.,0.,1.));
#6721 = DIRECTION('',(1.,0.,0.));
#6722 = ADVANCED_FACE('',(#6723),#6735,.T.);
#6723 = FACE_BOUND('',#6724,.T.);
#6724 = EDGE_LOOP('',(#6725,#6726,#6727,#6728));
#6725 = ORIENTED_EDGE('',*,*,#5601,.F.);
#6726 = ORIENTED_EDGE('',*,*,#6629,.F.);
#6727 = ORIENTED_EDGE('',*,*,#5528,.T.);
#6728 = ORIENTED_EDGE('',*,*,#6729,.T.);
#6729 = EDGE_CURVE('',#5529,#5602,#6730,.T.);
#6730 = CIRCLE('',#6731,15.);
#6731 = AXIS2_PLACEMENT_3D('',#6732,#6733,#6734);
#6732 = CARTESIAN_POINT('',(0.,-64.,14.));
#6733 = DIRECTION('',(0.,0.,1.));
#6734 = DIRECTION('',(1.,0.,0.));
#6735 = PLANE('',#6736);
#6736 = AXIS2_PLACEMENT_3D('',#6737,#6738,#6739);
#6737 = CARTESIAN_POINT('',(2.830576295061,-66.05860094186,14.));
#6738 = DIRECTION('',(0.,0.,1.));
#6739 = DIRECTION('',(0.588171697675,0.808736084303,0.));
#6740 = ADVANCED_FACE('',(#6741),#6747,.T.);
#6741 = FACE_BOUND('',#6742,.T.);
#6742 = EDGE_LOOP('',(#6743,#6744,#6745,#6746));
#6743 = ORIENTED_EDGE('',*,*,#5536,.F.);
#6744 = ORIENTED_EDGE('',*,*,#5569,.T.);
#6745 = ORIENTED_EDGE('',*,*,#5609,.T.);
#6746 = ORIENTED_EDGE('',*,*,#6729,.F.);
#6747 = CYLINDRICAL_SURFACE('',#6748,15.);
#6748 = AXIS2_PLACEMENT_3D('',#6749,#6750,#6751);
#6749 = CARTESIAN_POINT('',(0.,-64.,9.));
#6750 = DIRECTION('',(0.,0.,1.));
#6751 = DIRECTION('',(1.,0.,0.));
#6752 = ADVANCED_FACE('',(#6753),#6765,.T.);
#6753 = FACE_BOUND('',#6754,.T.);
#6754 = EDGE_LOOP('',(#6755,#6762,#6763,#6764));
#6755 = ORIENTED_EDGE('',*,*,#6756,.T.);
#6756 = EDGE_CURVE('',#5643,#5734,#6757,.T.);
#6757 = CIRCLE('',#6758,15.);
#6758 = AXIS2_PLACEMENT_3D('',#6759,#6760,#6761);
#6759 = CARTESIAN_POINT('',(0.,-64.,14.));
#6760 = DIRECTION('',(0.,0.,1.));
#6761 = DIRECTION('',(1.,0.,0.));
#6762 = ORIENTED_EDGE('',*,*,#5733,.F.);
#6763 = ORIENTED_EDGE('',*,*,#6639,.F.);
#6764 = ORIENTED_EDGE('',*,*,#5642,.T.);
#6765 = PLANE('',#6766);
#6766 = AXIS2_PLACEMENT_3D('',#6767,#6768,#6769);
#6767 = CARTESIAN_POINT('',(3.809722833574E-15,102.93648731995,14.));
#6768 = DIRECTION('',(0.,0.,1.));
#6769 = DIRECTION('',(1.,0.,0.));
#6770 = ADVANCED_FACE('',(#6771),#6777,.T.);
#6771 = FACE_BOUND('',#6772,.T.);
#6772 = EDGE_LOOP('',(#6773,#6774,#6775,#6776));
#6773 = ORIENTED_EDGE('',*,*,#5650,.F.);
#6774 = ORIENTED_EDGE('',*,*,#5692,.T.);
#6775 = ORIENTED_EDGE('',*,*,#5741,.T.);
#6776 = ORIENTED_EDGE('',*,*,#6756,.F.);
#6777 = CYLINDRICAL_SURFACE('',#6778,15.);
#6778 = AXIS2_PLACEMENT_3D('',#6779,#6780,#6781);
#6779 = CARTESIAN_POINT('',(0.,-64.,9.));
#6780 = DIRECTION('',(0.,0.,1.));
#6781 = DIRECTION('',(1.,0.,0.));
#6782 = ADVANCED_FACE('',(#6783),#6795,.T.);
#6783 = FACE_BOUND('',#6784,.T.);
#6784 = EDGE_LOOP('',(#6785,#6786,#6787,#6788));
#6785 = ORIENTED_EDGE('',*,*,#5865,.F.);
#6786 = ORIENTED_EDGE('',*,*,#6649,.F.);
#6787 = ORIENTED_EDGE('',*,*,#5774,.T.);
#6788 = ORIENTED_EDGE('',*,*,#6789,.T.);
#6789 = EDGE_CURVE('',#5775,#5866,#6790,.T.);
#6790 = CIRCLE('',#6791,15.);
#6791 = AXIS2_PLACEMENT_3D('',#6792,#6793,#6794);
#6792 = CARTESIAN_POINT('',(0.,-64.,14.));
#6793 = DIRECTION('',(0.,0.,1.));
#6794 = DIRECTION('',(1.,0.,0.));
#6795 = PLANE('',#6796);
#6796 = AXIS2_PLACEMENT_3D('',#6797,#6798,#6799);
#6797 = CARTESIAN_POINT('',(2.830576295061,-61.94139905813,14.));
#6798 = DIRECTION('',(0.,0.,1.));
#6799 = DIRECTION('',(-0.588171697675,0.808736084303,0.));
#6800 = ADVANCED_FACE('',(#6801),#6807,.T.);
#6801 = FACE_BOUND('',#6802,.T.);
#6802 = EDGE_LOOP('',(#6803,#6804,#6805,#6806));
#6803 = ORIENTED_EDGE('',*,*,#5782,.F.);
#6804 = ORIENTED_EDGE('',*,*,#5834,.T.);
#6805 = ORIENTED_EDGE('',*,*,#5873,.T.);
#6806 = ORIENTED_EDGE('',*,*,#6789,.F.);
#6807 = CYLINDRICAL_SURFACE('',#6808,15.);
#6808 = AXIS2_PLACEMENT_3D('',#6809,#6810,#6811);
#6809 = CARTESIAN_POINT('',(0.,-64.,9.));
#6810 = DIRECTION('',(0.,0.,1.));
#6811 = DIRECTION('',(1.,0.,0.));
#6812 = ADVANCED_FACE('',(#6813),#6825,.T.);
#6813 = FACE_BOUND('',#6814,.T.);
#6814 = EDGE_LOOP('',(#6815,#6816,#6817,#6818));
#6815 = ORIENTED_EDGE('',*,*,#5972,.F.);
#6816 = ORIENTED_EDGE('',*,*,#6659,.F.);
#6817 = ORIENTED_EDGE('',*,*,#5906,.T.);
#6818 = ORIENTED_EDGE('',*,*,#6819,.T.);
#6819 = EDGE_CURVE('',#5907,#5973,#6820,.T.);
#6820 = CIRCLE('',#6821,15.);
#6821 = AXIS2_PLACEMENT_3D('',#6822,#6823,#6824);
#6822 = CARTESIAN_POINT('',(0.,-64.,14.));
#6823 = DIRECTION('',(0.,0.,1.));
#6824 = DIRECTION('',(1.,0.,0.));
#6825 = PLANE('',#6826);
#6826 = AXIS2_PLACEMENT_3D('',#6827,#6828,#6829);
#6827 = CARTESIAN_POINT('',(-0.791453975198,-60.59065979914,14.));
#6828 = DIRECTION('',(0.,0.,1.));
#6829 = DIRECTION('',(-0.974097200243,-0.226129707199,0.));
#6830 = ADVANCED_FACE('',(#6831),#6837,.T.);
#6831 = FACE_BOUND('',#6832,.T.);
#6832 = EDGE_LOOP('',(#6833,#6834,#6835,#6836));
#6833 = ORIENTED_EDGE('',*,*,#6007,.T.);
#6834 = ORIENTED_EDGE('',*,*,#5980,.T.);
#6835 = ORIENTED_EDGE('',*,*,#6819,.F.);
#6836 = ORIENTED_EDGE('',*,*,#5914,.F.);
#6837 = CYLINDRICAL_SURFACE('',#6838,15.);
#6838 = AXIS2_PLACEMENT_3D('',#6839,#6840,#6841);
#6839 = CARTESIAN_POINT('',(0.,-64.,9.));
#6840 = DIRECTION('',(0.,0.,1.));
#6841 = DIRECTION('',(1.,0.,0.));
#6842 = ADVANCED_FACE('',(#6843),#6855,.T.);
#6843 = FACE_BOUND('',#6844,.T.);
#6844 = EDGE_LOOP('',(#6845,#6846,#6853,#6854));
#6845 = ORIENTED_EDGE('',*,*,#6038,.T.);
#6846 = ORIENTED_EDGE('',*,*,#6847,.T.);
#6847 = EDGE_CURVE('',#6039,#6105,#6848,.T.);
#6848 = CIRCLE('',#6849,15.);
#6849 = AXIS2_PLACEMENT_3D('',#6850,#6851,#6852);
#6850 = CARTESIAN_POINT('',(0.,-64.,14.));
#6851 = DIRECTION('',(0.,0.,1.));
#6852 = DIRECTION('',(1.,0.,0.));
#6853 = ORIENTED_EDGE('',*,*,#6104,.F.);
#6854 = ORIENTED_EDGE('',*,*,#6669,.F.);
#6855 = PLANE('',#6856);
#6856 = AXIS2_PLACEMENT_3D('',#6857,#6858,#6859);
#6857 = CARTESIAN_POINT('',(0.,-136.7793566267,14.));
#6858 = DIRECTION('',(0.,0.,1.));
#6859 = DIRECTION('',(1.,0.,0.));
#6860 = ADVANCED_FACE('',(#6861),#6867,.T.);
#6861 = FACE_BOUND('',#6862,.T.);
#6862 = EDGE_LOOP('',(#6863,#6864,#6865,#6866));
#6863 = ORIENTED_EDGE('',*,*,#6138,.T.);
#6864 = ORIENTED_EDGE('',*,*,#6112,.T.);
#6865 = ORIENTED_EDGE('',*,*,#6847,.F.);
#6866 = ORIENTED_EDGE('',*,*,#6046,.F.);
#6867 = CYLINDRICAL_SURFACE('',#6868,15.);
#6868 = AXIS2_PLACEMENT_3D('',#6869,#6870,#6871);
#6869 = CARTESIAN_POINT('',(0.,-64.,9.));
#6870 = DIRECTION('',(0.,0.,1.));
#6871 = DIRECTION('',(1.,0.,0.));
#6872 = ADVANCED_FACE('',(#6873),#6879,.T.);
#6873 = FACE_BOUND('',#6874,.T.);
#6874 = EDGE_LOOP('',(#6875,#6876,#6877,#6878));
#6875 = ORIENTED_EDGE('',*,*,#6497,.F.);
#6876 = ORIENTED_EDGE('',*,*,#6473,.T.);
#6877 = ORIENTED_EDGE('',*,*,#6538,.T.);
#6878 = ORIENTED_EDGE('',*,*,#6521,.F.);
#6879 = PLANE('',#6880);
#6880 = AXIS2_PLACEMENT_3D('',#6881,#6882,#6883);
#6881 = CARTESIAN_POINT('',(-33.3959853028,33.620224163105,26.));
#6882 = DIRECTION('',(0.,0.,1.));
#6883 = DIRECTION('',(-0.378159495647,0.925740458148,0.));
#6884 = ADVANCED_FACE('',(#6885,#6888),#6899,.T.);
#6885 = FACE_BOUND('',#6886,.T.);
#6886 = EDGE_LOOP('',(#6887));
#6887 = ORIENTED_EDGE('',*,*,#6611,.T.);
#6888 = FACE_BOUND('',#6889,.T.);
#6889 = EDGE_LOOP('',(#6890));
#6890 = ORIENTED_EDGE('',*,*,#6891,.F.);
#6891 = EDGE_CURVE('',#6892,#6892,#6894,.T.);
#6892 = VERTEX_POINT('',#6893);
#6893 = CARTESIAN_POINT('',(12.5,-64.,19.));
#6894 = CIRCLE('',#6895,12.5);
#6895 = AXIS2_PLACEMENT_3D('',#6896,#6897,#6898);
#6896 = CARTESIAN_POINT('',(0.,-64.,19.));
#6897 = DIRECTION('',(0.,0.,1.));
#6898 = DIRECTION('',(1.,0.,0.));
#6899 = PLANE('',#6900);
#6900 = AXIS2_PLACEMENT_3D('',#6901,#6902,#6903);
#6901 = CARTESIAN_POINT('',(0.,-64.,19.));
#6902 = DIRECTION('',(0.,0.,1.));
#6903 = DIRECTION('',(1.,0.,0.));
#6904 = ADVANCED_FACE('',(#6905),#6924,.T.);
#6905 = FACE_BOUND('',#6906,.T.);
#6906 = EDGE_LOOP('',(#6907,#6916,#6922,#6923));
#6907 = ORIENTED_EDGE('',*,*,#6908,.F.);
#6908 = EDGE_CURVE('',#6909,#6909,#6911,.T.);
#6909 = VERTEX_POINT('',#6910);
#6910 = CARTESIAN_POINT('',(12.5,-64.,23.));
#6911 = CIRCLE('',#6912,12.5);
#6912 = AXIS2_PLACEMENT_3D('',#6913,#6914,#6915);
#6913 = CARTESIAN_POINT('',(0.,-64.,23.));
#6914 = DIRECTION('',(0.,0.,1.));
#6915 = DIRECTION('',(1.,0.,0.));
#6916 = ORIENTED_EDGE('',*,*,#6917,.F.);
#6917 = EDGE_CURVE('',#6892,#6909,#6918,.T.);
#6918 = LINE('',#6919,#6920);
#6919 = CARTESIAN_POINT('',(12.5,-64.,19.));
#6920 = VECTOR('',#6921,1.);
#6921 = DIRECTION('',(0.,0.,1.));
#6922 = ORIENTED_EDGE('',*,*,#6891,.T.);
#6923 = ORIENTED_EDGE('',*,*,#6917,.T.);
#6924 = CYLINDRICAL_SURFACE('',#6925,12.5);
#6925 = AXIS2_PLACEMENT_3D('',#6926,#6927,#6928);
#6926 = CARTESIAN_POINT('',(0.,-64.,19.));
#6927 = DIRECTION('',(0.,0.,1.));
#6928 = DIRECTION('',(1.,0.,0.));
#6929 = ADVANCED_FACE('',(#6930),#6933,.T.);
#6930 = FACE_BOUND('',#6931,.T.);
#6931 = EDGE_LOOP('',(#6932));
#6932 = ORIENTED_EDGE('',*,*,#6908,.T.);
#6933 = PLANE('',#6934);
#6934 = AXIS2_PLACEMENT_3D('',#6935,#6936,#6937);
#6935 = CARTESIAN_POINT('',(0.,-64.,23.));
#6936 = DIRECTION('',(0.,0.,1.));
#6937 = DIRECTION('',(1.,0.,0.));
#6938 = ( GEOMETRIC_REPRESENTATION_CONTEXT(3) 
GLOBAL_UNCERTAINTY_ASSIGNED_CONTEXT((#6942)) 
GLOBAL_UNIT_ASSIGNED_CONTEXT((#6939,#6940,#6941)) REPRESENTATION_CONTEXT
('Context #1','3D Context with UNIT and UNCERTAINTY') );
#6939 = ( LENGTH_UNIT() NAMED_UNIT(*) SI_UNIT(.MILLI.,.METRE.) );
#6940 = ( NAMED_UNIT(*) PLANE_ANGLE_UNIT() SI_UNIT($,.RADIAN.) );
#6941 = ( NAMED_UNIT(*) SI_UNIT($,.STERADIAN.) SOLID_ANGLE_UNIT() );
#6942 = UNCERTAINTY_MEASURE_WITH_UNIT(LENGTH_MEASURE(1.E-07),#6939,
  'distance_accuracy_value','confusion accuracy');
#6943 = PRODUCT_RELATED_PRODUCT_CATEGORY('part',$,(#7));
ENDSEC;
END-ISO-10303-21;
