ISO-10303-21;
HEADER;
FILE_DESCRIPTION(('FreeCAD Model'),'2;1');
FILE_NAME('Open CASCADE Shape Model','2026-09-20T11:47:54',('FreeCAD'),(
    'FreeCAD'),'Open CASCADE STEP processor 7.8','FreeCAD','Unknown');
FILE_SCHEMA(('AUTOMOTIVE_DESIGN { 1 0 10303 214 1 1 1 1 }'));
ENDSEC;
DATA;
#1 = APPLICATION_PROTOCOL_DEFINITION('international standard',
  'automotive_design',2000,#2);
#2 = APPLICATION_CONTEXT(
  'core data for automotive mechanical design processes');
#3 = SHAPE_DEFINITION_REPRESENTATION(#4,#10);
#4 = PRODUCT_DEFINITION_SHAPE('','',#5);
#5 = PRODUCT_DEFINITION('design','',#6,#9);
#6 = PRODUCT_DEFINITION_FORMATION('','',#7);
#7 = PRODUCT('Open CASCADE STEP translator 7.8 2',
  'Open CASCADE STEP translator 7.8 2','',(#8));
#8 = PRODUCT_CONTEXT('',#2,'mechanical');
#9 = PRODUCT_DEFINITION_CONTEXT('part definition',#2,'design');
#10 = ADVANCED_BREP_SHAPE_REPRESENTATION('',(#11,#15),#4519);
#11 = AXIS2_PLACEMENT_3D('',#12,#13,#14);
#12 = CARTESIAN_POINT('',(0.,0.,0.));
#13 = DIRECTION('',(0.,0.,1.));
#14 = DIRECTION('',(1.,0.,-0.));
#15 = MANIFOLD_SOLID_BREP('',#16);
#16 = CLOSED_SHELL('',(#17,#57,#88,#112,#338,#355,#422,#446,#502,#542,
    #558,#575,#623,#695,#719,#777,#801,#848,#872,#1615,#1639,#1663,#1680
    ,#1697,#1728,#1784,#1831,#1855,#1906,#1923,#1940,#1973,#1997,#2023,
    #2047,#2087,#2111,#2139,#2150,#2163,#2186,#2203,#2221,#2233,#2268,
    #2292,#2316,#2333,#2357,#2397,#2421,#2445,#2469,#2493,#2517,#2541,
    #2565,#2589,#2613,#2637,#2661,#2685,#2709,#2733,#2757,#2781,#2805,
    #2829,#2853,#2877,#2901,#2925,#2949,#2973,#2997,#3021,#3045,#3069,
    #3093,#3117,#3141,#3165,#3189,#3213,#3237,#3261,#3285,#3309,#3333,
    #3357,#3381,#3405,#3429,#3453,#3477,#3501,#3525,#3549,#3573,#3597,
    #3621,#3645,#3669,#3693,#3717,#3741,#3765,#3789,#3813,#3837,#3861,
    #3885,#3909,#3933,#3957,#3981,#4005,#4045,#4069,#4093,#4117,#4148,
    #4172,#4196,#4220,#4244,#4268,#4285,#4298,#4321,#4338,#4356,#4368,
    #4463,#4480,#4494,#4506));
#17 = ADVANCED_FACE('',(#18),#52,.F.);
#18 = FACE_BOUND('',#19,.F.);
#19 = EDGE_LOOP('',(#20,#30,#38,#46));
#20 = ORIENTED_EDGE('',*,*,#21,.F.);
#21 = EDGE_CURVE('',#22,#24,#26,.T.);
#22 = VERTEX_POINT('',#23);
#23 = CARTESIAN_POINT('',(-340.,-147.5,0.));
#24 = VERTEX_POINT('',#25);
#25 = CARTESIAN_POINT('',(-340.,147.5,0.));
#26 = LINE('',#27,#28);
#27 = CARTESIAN_POINT('',(-340.,-147.5,0.));
#28 = VECTOR('',#29,1.);
#29 = DIRECTION('',(0.,1.,0.));
#30 = ORIENTED_EDGE('',*,*,#31,.T.);
#31 = EDGE_CURVE('',#22,#32,#34,.T.);
#32 = VERTEX_POINT('',#33);
#33 = CARTESIAN_POINT('',(-140.,-147.5,0.));
#34 = LINE('',#35,#36);
#35 = CARTESIAN_POINT('',(-340.,-147.5,0.));
#36 = VECTOR('',#37,1.);
#37 = DIRECTION('',(1.,0.,0.));
#38 = ORIENTED_EDGE('',*,*,#39,.T.);
#39 = EDGE_CURVE('',#32,#40,#42,.T.);
#40 = VERTEX_POINT('',#41);
#41 = CARTESIAN_POINT('',(-140.,147.5,0.));
#42 = LINE('',#43,#44);
#43 = CARTESIAN_POINT('',(-140.,-147.5,0.));
#44 = VECTOR('',#45,1.);
#45 = DIRECTION('',(0.,1.,0.));
#46 = ORIENTED_EDGE('',*,*,#47,.F.);
#47 = EDGE_CURVE('',#24,#40,#48,.T.);
#48 = LINE('',#49,#50);
#49 = CARTESIAN_POINT('',(-340.,147.5,0.));
#50 = VECTOR('',#51,1.);
#51 = DIRECTION('',(1.,0.,0.));
#52 = PLANE('',#53);
#53 = AXIS2_PLACEMENT_3D('',#54,#55,#56);
#54 = CARTESIAN_POINT('',(-340.,-147.5,0.));
#55 = DIRECTION('',(0.,0.,1.));
#56 = DIRECTION('',(1.,0.,0.));
#57 = ADVANCED_FACE('',(#58),#83,.T.);
#58 = FACE_BOUND('',#59,.T.);
#59 = EDGE_LOOP('',(#60,#68,#76,#82));
#60 = ORIENTED_EDGE('',*,*,#61,.T.);
#61 = EDGE_CURVE('',#22,#62,#64,.T.);
#62 = VERTEX_POINT('',#63);
#63 = CARTESIAN_POINT('',(-340.,-147.5,14.));
#64 = LINE('',#65,#66);
#65 = CARTESIAN_POINT('',(-340.,-147.5,0.));
#66 = VECTOR('',#67,1.);
#67 = DIRECTION('',(0.,0.,1.));
#68 = ORIENTED_EDGE('',*,*,#69,.T.);
#69 = EDGE_CURVE('',#62,#70,#72,.T.);
#70 = VERTEX_POINT('',#71);
#71 = CARTESIAN_POINT('',(-340.,147.5,14.));
#72 = LINE('',#73,#74);
#73 = CARTESIAN_POINT('',(-340.,-147.5,14.));
#74 = VECTOR('',#75,1.);
#75 = DIRECTION('',(0.,1.,0.));
#76 = ORIENTED_EDGE('',*,*,#77,.F.);
#77 = EDGE_CURVE('',#24,#70,#78,.T.);
#78 = LINE('',#79,#80);
#79 = CARTESIAN_POINT('',(-340.,147.5,4.));
#80 = VECTOR('',#81,1.);
#81 = DIRECTION('',(0.,0.,1.));
#82 = ORIENTED_EDGE('',*,*,#21,.F.);
#83 = PLANE('',#84);
#84 = AXIS2_PLACEMENT_3D('',#85,#86,#87);
#85 = CARTESIAN_POINT('',(-340.,0.,7.));
#86 = DIRECTION('',(-1.,-0.,-0.));
#87 = DIRECTION('',(0.,0.,-1.));
#88 = ADVANCED_FACE('',(#89),#107,.T.);
#89 = FACE_BOUND('',#90,.T.);
#90 = EDGE_LOOP('',(#91,#92,#100,#106));
#91 = ORIENTED_EDGE('',*,*,#31,.T.);
#92 = ORIENTED_EDGE('',*,*,#93,.T.);
#93 = EDGE_CURVE('',#32,#94,#96,.T.);
#94 = VERTEX_POINT('',#95);
#95 = CARTESIAN_POINT('',(-140.,-147.5,14.));
#96 = LINE('',#97,#98);
#97 = CARTESIAN_POINT('',(-140.,-147.5,0.));
#98 = VECTOR('',#99,1.);
#99 = DIRECTION('',(0.,0.,1.));
#100 = ORIENTED_EDGE('',*,*,#101,.F.);
#101 = EDGE_CURVE('',#62,#94,#102,.T.);
#102 = LINE('',#103,#104);
#103 = CARTESIAN_POINT('',(-340.,-147.5,14.));
#104 = VECTOR('',#105,1.);
#105 = DIRECTION('',(1.,0.,0.));
#106 = ORIENTED_EDGE('',*,*,#61,.F.);
#107 = PLANE('',#108);
#108 = AXIS2_PLACEMENT_3D('',#109,#110,#111);
#109 = CARTESIAN_POINT('',(-240.,-147.5,7.));
#110 = DIRECTION('',(-0.,-1.,-0.));
#111 = DIRECTION('',(0.,0.,-1.));
#112 = ADVANCED_FACE('',(#113,#291),#333,.T.);
#113 = FACE_BOUND('',#114,.T.);
#114 = EDGE_LOOP('',(#115,#116,#117,#125,#133,#141,#149,#157,#165,#173,
    #181,#189,#197,#205,#213,#221,#229,#237,#245,#253,#261,#269,#277,
    #285));
#115 = ORIENTED_EDGE('',*,*,#93,.F.);
#116 = ORIENTED_EDGE('',*,*,#39,.T.);
#117 = ORIENTED_EDGE('',*,*,#118,.T.);
#118 = EDGE_CURVE('',#40,#119,#121,.T.);
#119 = VERTEX_POINT('',#120);
#120 = CARTESIAN_POINT('',(-140.,147.5,14.));
#121 = LINE('',#122,#123);
#122 = CARTESIAN_POINT('',(-140.,147.5,4.));
#123 = VECTOR('',#124,1.);
#124 = DIRECTION('',(0.,0.,1.));
#125 = ORIENTED_EDGE('',*,*,#126,.F.);
#126 = EDGE_CURVE('',#127,#119,#129,.T.);
#127 = VERTEX_POINT('',#128);
#128 = CARTESIAN_POINT('',(-140.,139.5,14.));
#129 = LINE('',#130,#131);
#130 = CARTESIAN_POINT('',(-140.,139.5,14.));
#131 = VECTOR('',#132,1.);
#132 = DIRECTION('',(0.,1.,0.));
#133 = ORIENTED_EDGE('',*,*,#134,.F.);
#134 = EDGE_CURVE('',#135,#127,#137,.T.);
#135 = VERTEX_POINT('',#136);
#136 = CARTESIAN_POINT('',(-140.,139.5,4.));
#137 = LINE('',#138,#139);
#138 = CARTESIAN_POINT('',(-140.,139.5,4.));
#139 = VECTOR('',#140,1.);
#140 = DIRECTION('',(0.,0.,1.));
#141 = ORIENTED_EDGE('',*,*,#142,.F.);
#142 = EDGE_CURVE('',#143,#135,#145,.T.);
#143 = VERTEX_POINT('',#144);
#144 = CARTESIAN_POINT('',(-140.,115.,4.));
#145 = LINE('',#146,#147);
#146 = CARTESIAN_POINT('',(-140.,-147.5,4.));
#147 = VECTOR('',#148,1.);
#148 = DIRECTION('',(0.,1.,0.));
#149 = ORIENTED_EDGE('',*,*,#150,.T.);
#150 = EDGE_CURVE('',#143,#151,#153,.T.);
#151 = VERTEX_POINT('',#152);
#152 = CARTESIAN_POINT('',(-140.,115.,24.));
#153 = LINE('',#154,#155);
#154 = CARTESIAN_POINT('',(-140.,115.,4.));
#155 = VECTOR('',#156,1.);
#156 = DIRECTION('',(0.,0.,1.));
#157 = ORIENTED_EDGE('',*,*,#158,.F.);
#158 = EDGE_CURVE('',#159,#151,#161,.T.);
#159 = VERTEX_POINT('',#160);
#160 = CARTESIAN_POINT('',(-140.,99.031694510383,24.));
#161 = LINE('',#162,#163);
#162 = CARTESIAN_POINT('',(-140.,65.,24.));
#163 = VECTOR('',#164,1.);
#164 = DIRECTION('',(0.,1.,0.));
#165 = ORIENTED_EDGE('',*,*,#166,.T.);
#166 = EDGE_CURVE('',#159,#167,#169,.T.);
#167 = VERTEX_POINT('',#168);
#168 = CARTESIAN_POINT('',(-140.,99.031694510383,17.6));
#169 = LINE('',#170,#171);
#170 = CARTESIAN_POINT('',(-140.,99.031694510383,12.167688022284));
#171 = VECTOR('',#172,1.);
#172 = DIRECTION('',(0.,0.,-1.));
#173 = ORIENTED_EDGE('',*,*,#174,.T.);
#174 = EDGE_CURVE('',#167,#175,#177,.T.);
#175 = VERTEX_POINT('',#176);
#176 = CARTESIAN_POINT('',(-140.,92.4,17.6));
#177 = LINE('',#178,#179);
#178 = CARTESIAN_POINT('',(-140.,14.584778301514,17.6));
#179 = VECTOR('',#180,1.);
#180 = DIRECTION('',(0.,-1.,0.));
#181 = ORIENTED_EDGE('',*,*,#182,.F.);
#182 = EDGE_CURVE('',#183,#175,#185,.T.);
#183 = VERTEX_POINT('',#184);
#184 = CARTESIAN_POINT('',(-140.,102.,8.));
#185 = LINE('',#186,#187);
#186 = CARTESIAN_POINT('',(-140.,93.75,16.25));
#187 = VECTOR('',#188,1.);
#188 = DIRECTION('',(0.,-0.707106781187,0.707106781187));
#189 = ORIENTED_EDGE('',*,*,#190,.F.);
#190 = EDGE_CURVE('',#191,#183,#193,.T.);
#191 = VERTEX_POINT('',#192);
#192 = CARTESIAN_POINT('',(-140.,102.,4.));
#193 = LINE('',#194,#195);
#194 = CARTESIAN_POINT('',(-140.,102.,4.));
#195 = VECTOR('',#196,1.);
#196 = DIRECTION('',(0.,0.,1.));
#197 = ORIENTED_EDGE('',*,*,#198,.F.);
#198 = EDGE_CURVE('',#199,#191,#201,.T.);
#199 = VERTEX_POINT('',#200);
#200 = CARTESIAN_POINT('',(-140.,78.,4.));
#201 = LINE('',#202,#203);
#202 = CARTESIAN_POINT('',(-140.,-147.5,4.));
#203 = VECTOR('',#204,1.);
#204 = DIRECTION('',(0.,1.,0.));
#205 = ORIENTED_EDGE('',*,*,#206,.F.);
#206 = EDGE_CURVE('',#207,#199,#209,.T.);
#207 = VERTEX_POINT('',#208);
#208 = CARTESIAN_POINT('',(-140.,78.,8.));
#209 = LINE('',#210,#211);
#210 = CARTESIAN_POINT('',(-140.,78.,6.));
#211 = VECTOR('',#212,1.);
#212 = DIRECTION('',(0.,0.,-1.));
#213 = ORIENTED_EDGE('',*,*,#214,.F.);
#214 = EDGE_CURVE('',#215,#207,#217,.T.);
#215 = VERTEX_POINT('',#216);
#216 = CARTESIAN_POINT('',(-140.,87.6,17.6));
#217 = LINE('',#218,#219);
#218 = CARTESIAN_POINT('',(-140.,79.75,9.75));
#219 = VECTOR('',#220,1.);
#220 = DIRECTION('',(0.,-0.707106781187,-0.707106781187));
#221 = ORIENTED_EDGE('',*,*,#222,.T.);
#222 = EDGE_CURVE('',#215,#223,#225,.T.);
#223 = VERTEX_POINT('',#224);
#224 = CARTESIAN_POINT('',(-140.,65.,17.6));
#225 = LINE('',#226,#227);
#226 = CARTESIAN_POINT('',(-140.,14.584778301514,17.6));
#227 = VECTOR('',#228,1.);
#228 = DIRECTION('',(0.,-1.,0.));
#229 = ORIENTED_EDGE('',*,*,#230,.F.);
#230 = EDGE_CURVE('',#231,#223,#233,.T.);
#231 = VERTEX_POINT('',#232);
#232 = CARTESIAN_POINT('',(-140.,65.,4.));
#233 = LINE('',#234,#235);
#234 = CARTESIAN_POINT('',(-140.,65.,4.));
#235 = VECTOR('',#236,1.);
#236 = DIRECTION('',(0.,0.,1.));
#237 = ORIENTED_EDGE('',*,*,#238,.F.);
#238 = EDGE_CURVE('',#239,#231,#241,.T.);
#239 = VERTEX_POINT('',#240);
#240 = CARTESIAN_POINT('',(-140.,-65.,4.));
#241 = LINE('',#242,#243);
#242 = CARTESIAN_POINT('',(-140.,-147.5,4.));
#243 = VECTOR('',#244,1.);
#244 = DIRECTION('',(0.,1.,0.));
#245 = ORIENTED_EDGE('',*,*,#246,.T.);
#246 = EDGE_CURVE('',#239,#247,#249,.T.);
#247 = VERTEX_POINT('',#248);
#248 = CARTESIAN_POINT('',(-140.,-65.,24.));
#249 = LINE('',#250,#251);
#250 = CARTESIAN_POINT('',(-140.,-65.,4.));
#251 = VECTOR('',#252,1.);
#252 = DIRECTION('',(0.,0.,1.));
#253 = ORIENTED_EDGE('',*,*,#254,.F.);
#254 = EDGE_CURVE('',#255,#247,#257,.T.);
#255 = VERTEX_POINT('',#256);
#256 = CARTESIAN_POINT('',(-140.,-115.,24.));
#257 = LINE('',#258,#259);
#258 = CARTESIAN_POINT('',(-140.,-115.,24.));
#259 = VECTOR('',#260,1.);
#260 = DIRECTION('',(0.,1.,0.));
#261 = ORIENTED_EDGE('',*,*,#262,.F.);
#262 = EDGE_CURVE('',#263,#255,#265,.T.);
#263 = VERTEX_POINT('',#264);
#264 = CARTESIAN_POINT('',(-140.,-115.,4.));
#265 = LINE('',#266,#267);
#266 = CARTESIAN_POINT('',(-140.,-115.,4.));
#267 = VECTOR('',#268,1.);
#268 = DIRECTION('',(0.,0.,1.));
#269 = ORIENTED_EDGE('',*,*,#270,.F.);
#270 = EDGE_CURVE('',#271,#263,#273,.T.);
#271 = VERTEX_POINT('',#272);
#272 = CARTESIAN_POINT('',(-140.,-139.5,4.));
#273 = LINE('',#274,#275);
#274 = CARTESIAN_POINT('',(-140.,-147.5,4.));
#275 = VECTOR('',#276,1.);
#276 = DIRECTION('',(0.,1.,0.));
#277 = ORIENTED_EDGE('',*,*,#278,.T.);
#278 = EDGE_CURVE('',#271,#279,#281,.T.);
#279 = VERTEX_POINT('',#280);
#280 = CARTESIAN_POINT('',(-140.,-139.5,14.));
#281 = LINE('',#282,#283);
#282 = CARTESIAN_POINT('',(-140.,-139.5,4.));
#283 = VECTOR('',#284,1.);
#284 = DIRECTION('',(0.,0.,1.));
#285 = ORIENTED_EDGE('',*,*,#286,.F.);
#286 = EDGE_CURVE('',#94,#279,#287,.T.);
#287 = LINE('',#288,#289);
#288 = CARTESIAN_POINT('',(-140.,-147.5,14.));
#289 = VECTOR('',#290,1.);
#290 = DIRECTION('',(0.,1.,0.));
#291 = FACE_BOUND('',#292,.T.);
#292 = EDGE_LOOP('',(#293,#303,#311,#319,#327));
#293 = ORIENTED_EDGE('',*,*,#294,.F.);
#294 = EDGE_CURVE('',#295,#297,#299,.T.);
#295 = VERTEX_POINT('',#296);
#296 = CARTESIAN_POINT('',(-140.,-102.,8.));
#297 = VERTEX_POINT('',#298);
#298 = CARTESIAN_POINT('',(-140.,-102.,4.));
#299 = LINE('',#300,#301);
#300 = CARTESIAN_POINT('',(-140.,-102.,6.));
#301 = VECTOR('',#302,1.);
#302 = DIRECTION('',(0.,0.,-1.));
#303 = ORIENTED_EDGE('',*,*,#304,.F.);
#304 = EDGE_CURVE('',#305,#295,#307,.T.);
#305 = VERTEX_POINT('',#306);
#306 = CARTESIAN_POINT('',(-140.,-90.,20.));
#307 = LINE('',#308,#309);
#308 = CARTESIAN_POINT('',(-140.,-100.25,9.75));
#309 = VECTOR('',#310,1.);
#310 = DIRECTION('',(0.,-0.707106781187,-0.707106781187));
#311 = ORIENTED_EDGE('',*,*,#312,.F.);
#312 = EDGE_CURVE('',#313,#305,#315,.T.);
#313 = VERTEX_POINT('',#314);
#314 = CARTESIAN_POINT('',(-140.,-78.,8.));
#315 = LINE('',#316,#317);
#316 = CARTESIAN_POINT('',(-140.,-86.25,16.25));
#317 = VECTOR('',#318,1.);
#318 = DIRECTION('',(0.,-0.707106781187,0.707106781187));
#319 = ORIENTED_EDGE('',*,*,#320,.F.);
#320 = EDGE_CURVE('',#321,#313,#323,.T.);
#321 = VERTEX_POINT('',#322);
#322 = CARTESIAN_POINT('',(-140.,-78.,4.));
#323 = LINE('',#324,#325);
#324 = CARTESIAN_POINT('',(-140.,-78.,4.));
#325 = VECTOR('',#326,1.);
#326 = DIRECTION('',(0.,0.,1.));
#327 = ORIENTED_EDGE('',*,*,#328,.F.);
#328 = EDGE_CURVE('',#297,#321,#329,.T.);
#329 = LINE('',#330,#331);
#330 = CARTESIAN_POINT('',(-140.,-147.5,4.));
#331 = VECTOR('',#332,1.);
#332 = DIRECTION('',(0.,1.,0.));
#333 = PLANE('',#334);
#334 = AXIS2_PLACEMENT_3D('',#335,#336,#337);
#335 = CARTESIAN_POINT('',(-140.,0.,6.735376044568));
#336 = DIRECTION('',(1.,0.,0.));
#337 = DIRECTION('',(0.,0.,1.));
#338 = ADVANCED_FACE('',(#339),#350,.T.);
#339 = FACE_BOUND('',#340,.T.);
#340 = EDGE_LOOP('',(#341,#342,#343,#349));
#341 = ORIENTED_EDGE('',*,*,#47,.F.);
#342 = ORIENTED_EDGE('',*,*,#77,.T.);
#343 = ORIENTED_EDGE('',*,*,#344,.T.);
#344 = EDGE_CURVE('',#70,#119,#345,.T.);
#345 = LINE('',#346,#347);
#346 = CARTESIAN_POINT('',(-340.,147.5,14.));
#347 = VECTOR('',#348,1.);
#348 = DIRECTION('',(1.,0.,0.));
#349 = ORIENTED_EDGE('',*,*,#118,.F.);
#350 = PLANE('',#351);
#351 = AXIS2_PLACEMENT_3D('',#352,#353,#354);
#352 = CARTESIAN_POINT('',(-240.,147.5,7.));
#353 = DIRECTION('',(0.,1.,0.));
#354 = DIRECTION('',(0.,0.,1.));
#355 = ADVANCED_FACE('',(#356),#417,.T.);
#356 = FACE_BOUND('',#357,.T.);
#357 = EDGE_LOOP('',(#358,#359,#360,#361,#369,#377,#385,#393,#401,#409,
    #415,#416));
#358 = ORIENTED_EDGE('',*,*,#69,.F.);
#359 = ORIENTED_EDGE('',*,*,#101,.T.);
#360 = ORIENTED_EDGE('',*,*,#286,.T.);
#361 = ORIENTED_EDGE('',*,*,#362,.F.);
#362 = EDGE_CURVE('',#363,#279,#365,.T.);
#363 = VERTEX_POINT('',#364);
#364 = CARTESIAN_POINT('',(-332.,-139.5,14.));
#365 = LINE('',#366,#367);
#366 = CARTESIAN_POINT('',(-340.,-139.5,14.));
#367 = VECTOR('',#368,1.);
#368 = DIRECTION('',(1.,0.,0.));
#369 = ORIENTED_EDGE('',*,*,#370,.T.);
#370 = EDGE_CURVE('',#363,#371,#373,.T.);
#371 = VERTEX_POINT('',#372);
#372 = CARTESIAN_POINT('',(-332.,139.5,14.));
#373 = LINE('',#374,#375);
#374 = CARTESIAN_POINT('',(-332.,-147.5,14.));
#375 = VECTOR('',#376,1.);
#376 = DIRECTION('',(0.,1.,0.));
#377 = ORIENTED_EDGE('',*,*,#378,.T.);
#378 = EDGE_CURVE('',#371,#379,#381,.T.);
#379 = VERTEX_POINT('',#380);
#380 = CARTESIAN_POINT('',(-227.1466367905,139.5,14.));
#381 = LINE('',#382,#383);
#382 = CARTESIAN_POINT('',(-340.,139.5,14.));
#383 = VECTOR('',#384,1.);
#384 = DIRECTION('',(1.,0.,0.));
#385 = ORIENTED_EDGE('',*,*,#386,.T.);
#386 = EDGE_CURVE('',#379,#387,#389,.T.);
#387 = VERTEX_POINT('',#388);
#388 = CARTESIAN_POINT('',(-224.8665325118,142.025978,14.));
#389 = LINE('',#390,#391);
#390 = CARTESIAN_POINT('',(-272.0860367968,89.714585880807,14.));
#391 = VECTOR('',#392,1.);
#392 = DIRECTION('',(0.67005572795,0.742310798414,0.));
#393 = ORIENTED_EDGE('',*,*,#394,.T.);
#394 = EDGE_CURVE('',#387,#395,#397,.T.);
#395 = VERTEX_POINT('',#396);
#396 = CARTESIAN_POINT('',(-221.7854431692,145.33914648954,14.));
#397 = LINE('',#398,#399);
#398 = CARTESIAN_POINT('',(-271.0290792576,92.386295968888,14.));
#399 = VECTOR('',#400,1.);
#400 = DIRECTION('',(0.680993992769,0.732289001565,0.));
#401 = ORIENTED_EDGE('',*,*,#402,.T.);
#402 = EDGE_CURVE('',#395,#403,#405,.T.);
#403 = VERTEX_POINT('',#404);
#404 = CARTESIAN_POINT('',(-215.5991291729,139.5,14.));
#405 = LINE('',#406,#407);
#406 = CARTESIAN_POINT('',(-181.4332786467,107.25149042228,14.));
#407 = VECTOR('',#408,1.);
#408 = DIRECTION('',(0.727217527524,-0.686407071396,0.));
#409 = ORIENTED_EDGE('',*,*,#410,.T.);
#410 = EDGE_CURVE('',#403,#127,#411,.T.);
#411 = LINE('',#412,#413);
#412 = CARTESIAN_POINT('',(-340.,139.5,14.));
#413 = VECTOR('',#414,1.);
#414 = DIRECTION('',(1.,0.,0.));
#415 = ORIENTED_EDGE('',*,*,#126,.T.);
#416 = ORIENTED_EDGE('',*,*,#344,.F.);
#417 = PLANE('',#418);
#418 = AXIS2_PLACEMENT_3D('',#419,#420,#421);
#419 = CARTESIAN_POINT('',(-277.8689956331,0.,14.));
#420 = DIRECTION('',(0.,0.,1.));
#421 = DIRECTION('',(1.,0.,0.));
#422 = ADVANCED_FACE('',(#423),#441,.F.);
#423 = FACE_BOUND('',#424,.F.);
#424 = EDGE_LOOP('',(#425,#433,#439,#440));
#425 = ORIENTED_EDGE('',*,*,#426,.F.);
#426 = EDGE_CURVE('',#427,#135,#429,.T.);
#427 = VERTEX_POINT('',#428);
#428 = CARTESIAN_POINT('',(-215.5991291729,139.5,4.));
#429 = LINE('',#430,#431);
#430 = CARTESIAN_POINT('',(-340.,139.5,4.));
#431 = VECTOR('',#432,1.);
#432 = DIRECTION('',(1.,0.,0.));
#433 = ORIENTED_EDGE('',*,*,#434,.T.);
#434 = EDGE_CURVE('',#427,#403,#435,.T.);
#435 = LINE('',#436,#437);
#436 = CARTESIAN_POINT('',(-215.5991291729,139.5,3.9));
#437 = VECTOR('',#438,1.);
#438 = DIRECTION('',(0.,0.,1.));
#439 = ORIENTED_EDGE('',*,*,#410,.T.);
#440 = ORIENTED_EDGE('',*,*,#134,.F.);
#441 = PLANE('',#442);
#442 = AXIS2_PLACEMENT_3D('',#443,#444,#445);
#443 = CARTESIAN_POINT('',(-340.,139.5,4.));
#444 = DIRECTION('',(0.,1.,0.));
#445 = DIRECTION('',(0.,0.,1.));
#446 = ADVANCED_FACE('',(#447),#497,.T.);
#447 = FACE_BOUND('',#448,.T.);
#448 = EDGE_LOOP('',(#449,#450,#458,#466,#474,#482,#490,#496));
#449 = ORIENTED_EDGE('',*,*,#426,.F.);
#450 = ORIENTED_EDGE('',*,*,#451,.T.);
#451 = EDGE_CURVE('',#427,#452,#454,.T.);
#452 = VERTEX_POINT('',#453);
#453 = CARTESIAN_POINT('',(-183.970131738,109.64597877695,4.));
#454 = LINE('',#455,#456);
#455 = CARTESIAN_POINT('',(-161.0485395396,88.010715080584,4.));
#456 = VECTOR('',#457,1.);
#457 = DIRECTION('',(0.727217527524,-0.686407071396,0.));
#458 = ORIENTED_EDGE('',*,*,#459,.T.);
#459 = EDGE_CURVE('',#452,#460,#462,.T.);
#460 = VERTEX_POINT('',#461);
#461 = CARTESIAN_POINT('',(-186.5258829368,106.89771886061,4.));
#462 = LINE('',#463,#464);
#463 = CARTESIAN_POINT('',(-285.5449983897,0.420114122851,4.));
#464 = VECTOR('',#465,1.);
#465 = DIRECTION('',(-0.680993992769,-0.732289001565,0.));
#466 = ORIENTED_EDGE('',*,*,#467,.T.);
#467 = EDGE_CURVE('',#460,#468,#470,.T.);
#468 = VERTEX_POINT('',#469);
#469 = CARTESIAN_POINT('',(-188.6186815515,104.5792445221,4.));
#470 = LINE('',#471,#472);
#471 = CARTESIAN_POINT('',(-285.5036193419,-2.753224294314,4.));
#472 = VECTOR('',#473,1.);
#473 = DIRECTION('',(-0.67005572795,-0.742310798414,0.));
#474 = ORIENTED_EDGE('',*,*,#475,.F.);
#475 = EDGE_CURVE('',#476,#468,#478,.T.);
#476 = VERTEX_POINT('',#477);
#477 = CARTESIAN_POINT('',(-165.,99.239914916026,4.));
#478 = LINE('',#479,#480);
#479 = CARTESIAN_POINT('',(-139.228250949,93.413854625259,4.));
#480 = VECTOR('',#481,1.);
#481 = DIRECTION('',(-0.975387035788,0.220499728835,0.));
#482 = ORIENTED_EDGE('',*,*,#483,.T.);
#483 = EDGE_CURVE('',#476,#484,#486,.T.);
#484 = VERTEX_POINT('',#485);
#485 = CARTESIAN_POINT('',(-165.,115.,4.));
#486 = LINE('',#487,#488);
#487 = CARTESIAN_POINT('',(-165.,65.,4.));
#488 = VECTOR('',#489,1.);
#489 = DIRECTION('',(0.,1.,0.));
#490 = ORIENTED_EDGE('',*,*,#491,.T.);
#491 = EDGE_CURVE('',#484,#143,#492,.T.);
#492 = LINE('',#493,#494);
#493 = CARTESIAN_POINT('',(-165.,115.,4.));
#494 = VECTOR('',#495,1.);
#495 = DIRECTION('',(1.,0.,0.));
#496 = ORIENTED_EDGE('',*,*,#142,.T.);
#497 = PLANE('',#498);
#498 = AXIS2_PLACEMENT_3D('',#499,#500,#501);
#499 = CARTESIAN_POINT('',(-340.,-147.5,4.));
#500 = DIRECTION('',(0.,0.,1.));
#501 = DIRECTION('',(1.,0.,0.));
#502 = ADVANCED_FACE('',(#503),#537,.T.);
#503 = FACE_BOUND('',#504,.T.);
#504 = EDGE_LOOP('',(#505,#506,#514,#522,#530,#536));
#505 = ORIENTED_EDGE('',*,*,#491,.F.);
#506 = ORIENTED_EDGE('',*,*,#507,.T.);
#507 = EDGE_CURVE('',#484,#508,#510,.T.);
#508 = VERTEX_POINT('',#509);
#509 = CARTESIAN_POINT('',(-165.,115.,17.6));
#510 = LINE('',#511,#512);
#511 = CARTESIAN_POINT('',(-165.,115.,4.));
#512 = VECTOR('',#513,1.);
#513 = DIRECTION('',(0.,0.,1.));
#514 = ORIENTED_EDGE('',*,*,#515,.T.);
#515 = EDGE_CURVE('',#508,#516,#518,.T.);
#516 = VERTEX_POINT('',#517);
#517 = CARTESIAN_POINT('',(-153.7124426956,115.,17.6));
#518 = LINE('',#519,#520);
#519 = CARTESIAN_POINT('',(-176.5654177242,115.,17.6));
#520 = VECTOR('',#521,1.);
#521 = DIRECTION('',(1.,0.,0.));
#522 = ORIENTED_EDGE('',*,*,#523,.T.);
#523 = EDGE_CURVE('',#516,#524,#526,.T.);
#524 = VERTEX_POINT('',#525);
#525 = CARTESIAN_POINT('',(-153.7124426956,115.,24.));
#526 = LINE('',#527,#528);
#527 = CARTESIAN_POINT('',(-153.7124426956,115.,10.8));
#528 = VECTOR('',#529,1.);
#529 = DIRECTION('',(0.,0.,1.));
#530 = ORIENTED_EDGE('',*,*,#531,.T.);
#531 = EDGE_CURVE('',#524,#151,#532,.T.);
#532 = LINE('',#533,#534);
#533 = CARTESIAN_POINT('',(-165.,115.,24.));
#534 = VECTOR('',#535,1.);
#535 = DIRECTION('',(1.,0.,0.));
#536 = ORIENTED_EDGE('',*,*,#150,.F.);
#537 = PLANE('',#538);
#538 = AXIS2_PLACEMENT_3D('',#539,#540,#541);
#539 = CARTESIAN_POINT('',(-165.,115.,4.));
#540 = DIRECTION('',(0.,1.,0.));
#541 = DIRECTION('',(0.,0.,1.));
#542 = ADVANCED_FACE('',(#543),#553,.T.);
#543 = FACE_BOUND('',#544,.T.);
#544 = EDGE_LOOP('',(#545,#546,#552));
#545 = ORIENTED_EDGE('',*,*,#531,.F.);
#546 = ORIENTED_EDGE('',*,*,#547,.T.);
#547 = EDGE_CURVE('',#524,#159,#548,.T.);
#548 = LINE('',#549,#550);
#549 = CARTESIAN_POINT('',(-125.5288308634,82.179842896948,24.));
#550 = VECTOR('',#551,1.);
#551 = DIRECTION('',(0.651484677469,-0.758661792252,0.));
#552 = ORIENTED_EDGE('',*,*,#158,.T.);
#553 = PLANE('',#554);
#554 = AXIS2_PLACEMENT_3D('',#555,#556,#557);
#555 = CARTESIAN_POINT('',(-165.,65.,24.));
#556 = DIRECTION('',(0.,0.,1.));
#557 = DIRECTION('',(1.,0.,0.));
#558 = ADVANCED_FACE('',(#559),#570,.T.);
#559 = FACE_BOUND('',#560,.T.);
#560 = EDGE_LOOP('',(#561,#567,#568,#569));
#561 = ORIENTED_EDGE('',*,*,#562,.F.);
#562 = EDGE_CURVE('',#167,#516,#563,.T.);
#563 = LINE('',#564,#565);
#564 = CARTESIAN_POINT('',(-117.2672419443,72.559122605389,17.6));
#565 = VECTOR('',#566,1.);
#566 = DIRECTION('',(-0.651484677469,0.758661792252,0.));
#567 = ORIENTED_EDGE('',*,*,#166,.F.);
#568 = ORIENTED_EDGE('',*,*,#547,.F.);
#569 = ORIENTED_EDGE('',*,*,#523,.F.);
#570 = PLANE('',#571);
#571 = AXIS2_PLACEMENT_3D('',#572,#573,#574);
#572 = CARTESIAN_POINT('',(-117.2672419443,72.559122605389,17.6));
#573 = DIRECTION('',(-0.758661792252,-0.651484677469,0.));
#574 = DIRECTION('',(-0.651484677469,0.758661792252,0.));
#575 = ADVANCED_FACE('',(#576),#618,.T.);
#576 = FACE_BOUND('',#577,.T.);
#577 = EDGE_LOOP('',(#578,#579,#580,#588,#594,#595,#603,#611,#617));
#578 = ORIENTED_EDGE('',*,*,#562,.T.);
#579 = ORIENTED_EDGE('',*,*,#515,.F.);
#580 = ORIENTED_EDGE('',*,*,#581,.T.);
#581 = EDGE_CURVE('',#508,#582,#584,.T.);
#582 = VERTEX_POINT('',#583);
#583 = CARTESIAN_POINT('',(-165.,65.,17.6));
#584 = LINE('',#585,#586);
#585 = CARTESIAN_POINT('',(-165.,47.084778301514,17.6));
#586 = VECTOR('',#587,1.);
#587 = DIRECTION('',(0.,-1.,0.));
#588 = ORIENTED_EDGE('',*,*,#589,.T.);
#589 = EDGE_CURVE('',#582,#223,#590,.T.);
#590 = LINE('',#591,#592);
#591 = CARTESIAN_POINT('',(-176.5654177242,65.,17.6));
#592 = VECTOR('',#593,1.);
#593 = DIRECTION('',(1.,0.,0.));
#594 = ORIENTED_EDGE('',*,*,#222,.F.);
#595 = ORIENTED_EDGE('',*,*,#596,.T.);
#596 = EDGE_CURVE('',#215,#597,#599,.T.);
#597 = VERTEX_POINT('',#598);
#598 = CARTESIAN_POINT('',(-130.1832754897,87.6,17.6));
#599 = LINE('',#600,#601);
#600 = CARTESIAN_POINT('',(-168.0654177242,87.6,17.6));
#601 = VECTOR('',#602,1.);
#602 = DIRECTION('',(1.,0.,0.));
#603 = ORIENTED_EDGE('',*,*,#604,.T.);
#604 = EDGE_CURVE('',#597,#605,#607,.T.);
#605 = VERTEX_POINT('',#606);
#606 = CARTESIAN_POINT('',(-134.3051733944,92.4,17.6));
#607 = LINE('',#608,#609);
#608 = CARTESIAN_POINT('',(-117.2672419443,72.559122605389,17.6));
#609 = VECTOR('',#610,1.);
#610 = DIRECTION('',(-0.651484677469,0.758661792252,0.));
#611 = ORIENTED_EDGE('',*,*,#612,.T.);
#612 = EDGE_CURVE('',#605,#175,#613,.T.);
#613 = LINE('',#614,#615);
#614 = CARTESIAN_POINT('',(-168.0654177242,92.4,17.6));
#615 = VECTOR('',#616,1.);
#616 = DIRECTION('',(-1.,0.,0.));
#617 = ORIENTED_EDGE('',*,*,#174,.F.);
#618 = PLANE('',#619);
#619 = AXIS2_PLACEMENT_3D('',#620,#621,#622);
#620 = CARTESIAN_POINT('',(-188.1308354484,29.169556603028,17.6));
#621 = DIRECTION('',(0.,0.,1.));
#622 = DIRECTION('',(1.,0.,0.));
#623 = ADVANCED_FACE('',(#624),#690,.F.);
#624 = FACE_BOUND('',#625,.F.);
#625 = EDGE_LOOP('',(#626,#627,#635,#643,#651,#659,#667,#675,#683,#689)
  );
#626 = ORIENTED_EDGE('',*,*,#182,.F.);
#627 = ORIENTED_EDGE('',*,*,#628,.T.);
#628 = EDGE_CURVE('',#183,#629,#631,.T.);
#629 = VERTEX_POINT('',#630);
#630 = CARTESIAN_POINT('',(-90.,102.,8.));
#631 = LINE('',#632,#633);
#632 = CARTESIAN_POINT('',(-148.,102.,8.));
#633 = VECTOR('',#634,1.);
#634 = DIRECTION('',(1.,0.,0.));
#635 = ORIENTED_EDGE('',*,*,#636,.T.);
#636 = EDGE_CURVE('',#629,#637,#639,.T.);
#637 = VERTEX_POINT('',#638);
#638 = CARTESIAN_POINT('',(-90.,90.,20.));
#639 = LINE('',#640,#641);
#640 = CARTESIAN_POINT('',(-90.,102.,8.));
#641 = VECTOR('',#642,1.);
#642 = DIRECTION('',(0.,-0.707106781187,0.707106781187));
#643 = ORIENTED_EDGE('',*,*,#644,.F.);
#644 = EDGE_CURVE('',#645,#637,#647,.T.);
#645 = VERTEX_POINT('',#646);
#646 = CARTESIAN_POINT('',(-110.7,90.,20.));
#647 = LINE('',#648,#649);
#648 = CARTESIAN_POINT('',(-148.,90.,20.));
#649 = VECTOR('',#650,1.);
#650 = DIRECTION('',(1.,0.,0.));
#651 = ORIENTED_EDGE('',*,*,#652,.F.);
#652 = EDGE_CURVE('',#653,#645,#655,.T.);
#653 = VERTEX_POINT('',#654);
#654 = CARTESIAN_POINT('',(-110.7,96.3,13.7));
#655 = LINE('',#656,#657);
#656 = CARTESIAN_POINT('',(-110.7,99.675,10.325));
#657 = VECTOR('',#658,1.);
#658 = DIRECTION('',(0.,-0.707106781187,0.707106781187));
#659 = ORIENTED_EDGE('',*,*,#660,.F.);
#660 = EDGE_CURVE('',#661,#653,#663,.T.);
#661 = VERTEX_POINT('',#662);
#662 = CARTESIAN_POINT('',(-119.3,96.3,13.7));
#663 = LINE('',#664,#665);
#664 = CARTESIAN_POINT('',(-133.65,96.3,13.7));
#665 = VECTOR('',#666,1.);
#666 = DIRECTION('',(1.,0.,0.));
#667 = ORIENTED_EDGE('',*,*,#668,.T.);
#668 = EDGE_CURVE('',#661,#669,#671,.T.);
#669 = VERTEX_POINT('',#670);
#670 = CARTESIAN_POINT('',(-119.3,90.,20.));
#671 = LINE('',#672,#673);
#672 = CARTESIAN_POINT('',(-119.3,99.675,10.325));
#673 = VECTOR('',#674,1.);
#674 = DIRECTION('',(0.,-0.707106781187,0.707106781187));
#675 = ORIENTED_EDGE('',*,*,#676,.F.);
#676 = EDGE_CURVE('',#677,#669,#679,.T.);
#677 = VERTEX_POINT('',#678);
#678 = CARTESIAN_POINT('',(-132.244224442,90.,20.));
#679 = LINE('',#680,#681);
#680 = CARTESIAN_POINT('',(-148.,90.,20.));
#681 = VECTOR('',#682,1.);
#682 = DIRECTION('',(1.,0.,0.));
#683 = ORIENTED_EDGE('',*,*,#684,.T.);
#684 = EDGE_CURVE('',#677,#605,#685,.T.);
#685 = LINE('',#686,#687);
#686 = CARTESIAN_POINT('',(-133.7543625816,91.758574141779,
    18.241425858221));
#687 = VECTOR('',#688,1.);
#688 = DIRECTION('',(-0.519021883378,0.60440726525,-0.60440726525));
#689 = ORIENTED_EDGE('',*,*,#612,.T.);
#690 = PLANE('',#691);
#691 = AXIS2_PLACEMENT_3D('',#692,#693,#694);
#692 = CARTESIAN_POINT('',(-148.,102.,8.));
#693 = DIRECTION('',(0.,-0.707106781187,-0.707106781187));
#694 = DIRECTION('',(0.,-0.707106781187,0.707106781187));
#695 = ADVANCED_FACE('',(#696),#714,.F.);
#696 = FACE_BOUND('',#697,.F.);
#697 = EDGE_LOOP('',(#698,#699,#707,#713));
#698 = ORIENTED_EDGE('',*,*,#190,.F.);
#699 = ORIENTED_EDGE('',*,*,#700,.T.);
#700 = EDGE_CURVE('',#191,#701,#703,.T.);
#701 = VERTEX_POINT('',#702);
#702 = CARTESIAN_POINT('',(-90.,102.,4.));
#703 = LINE('',#704,#705);
#704 = CARTESIAN_POINT('',(-148.,102.,4.));
#705 = VECTOR('',#706,1.);
#706 = DIRECTION('',(1.,0.,0.));
#707 = ORIENTED_EDGE('',*,*,#708,.T.);
#708 = EDGE_CURVE('',#701,#629,#709,.T.);
#709 = LINE('',#710,#711);
#710 = CARTESIAN_POINT('',(-90.,102.,4.));
#711 = VECTOR('',#712,1.);
#712 = DIRECTION('',(0.,0.,1.));
#713 = ORIENTED_EDGE('',*,*,#628,.F.);
#714 = PLANE('',#715);
#715 = AXIS2_PLACEMENT_3D('',#716,#717,#718);
#716 = CARTESIAN_POINT('',(-148.,102.,4.));
#717 = DIRECTION('',(0.,-1.,0.));
#718 = DIRECTION('',(0.,0.,1.));
#719 = ADVANCED_FACE('',(#720,#738),#772,.T.);
#720 = FACE_BOUND('',#721,.T.);
#721 = EDGE_LOOP('',(#722,#723,#724,#732));
#722 = ORIENTED_EDGE('',*,*,#198,.T.);
#723 = ORIENTED_EDGE('',*,*,#700,.T.);
#724 = ORIENTED_EDGE('',*,*,#725,.F.);
#725 = EDGE_CURVE('',#726,#701,#728,.T.);
#726 = VERTEX_POINT('',#727);
#727 = CARTESIAN_POINT('',(-90.,78.,4.));
#728 = LINE('',#729,#730);
#729 = CARTESIAN_POINT('',(-90.,78.,4.));
#730 = VECTOR('',#731,1.);
#731 = DIRECTION('',(0.,1.,0.));
#732 = ORIENTED_EDGE('',*,*,#733,.F.);
#733 = EDGE_CURVE('',#199,#726,#734,.T.);
#734 = LINE('',#735,#736);
#735 = CARTESIAN_POINT('',(-148.,78.,4.));
#736 = VECTOR('',#737,1.);
#737 = DIRECTION('',(1.,0.,0.));
#738 = FACE_BOUND('',#739,.T.);
#739 = EDGE_LOOP('',(#740,#750,#758,#766));
#740 = ORIENTED_EDGE('',*,*,#741,.F.);
#741 = EDGE_CURVE('',#742,#744,#746,.T.);
#742 = VERTEX_POINT('',#743);
#743 = CARTESIAN_POINT('',(-119.3,96.3,4.));
#744 = VERTEX_POINT('',#745);
#745 = CARTESIAN_POINT('',(-110.7,96.3,4.));
#746 = LINE('',#747,#748);
#747 = CARTESIAN_POINT('',(-117.15,96.3,4.));
#748 = VECTOR('',#749,1.);
#749 = DIRECTION('',(1.,0.,0.));
#750 = ORIENTED_EDGE('',*,*,#751,.T.);
#751 = EDGE_CURVE('',#742,#752,#754,.T.);
#752 = VERTEX_POINT('',#753);
#753 = CARTESIAN_POINT('',(-119.3,83.7,4.));
#754 = LINE('',#755,#756);
#755 = CARTESIAN_POINT('',(-119.3,86.85,4.));
#756 = VECTOR('',#757,1.);
#757 = DIRECTION('',(0.,-1.,0.));
#758 = ORIENTED_EDGE('',*,*,#759,.T.);
#759 = EDGE_CURVE('',#752,#760,#762,.T.);
#760 = VERTEX_POINT('',#761);
#761 = CARTESIAN_POINT('',(-110.7,83.7,4.));
#762 = LINE('',#763,#764);
#763 = CARTESIAN_POINT('',(-117.15,83.7,4.));
#764 = VECTOR('',#765,1.);
#765 = DIRECTION('',(1.,0.,0.));
#766 = ORIENTED_EDGE('',*,*,#767,.F.);
#767 = EDGE_CURVE('',#744,#760,#768,.T.);
#768 = LINE('',#769,#770);
#769 = CARTESIAN_POINT('',(-110.7,86.85,4.));
#770 = VECTOR('',#771,1.);
#771 = DIRECTION('',(0.,-1.,0.));
#772 = PLANE('',#773);
#773 = AXIS2_PLACEMENT_3D('',#774,#775,#776);
#774 = CARTESIAN_POINT('',(-115.,90.,4.));
#775 = DIRECTION('',(-0.,-0.,-1.));
#776 = DIRECTION('',(-1.,0.,0.));
#777 = ADVANCED_FACE('',(#778),#796,.F.);
#778 = FACE_BOUND('',#779,.F.);
#779 = EDGE_LOOP('',(#780,#781,#789,#795));
#780 = ORIENTED_EDGE('',*,*,#206,.F.);
#781 = ORIENTED_EDGE('',*,*,#782,.T.);
#782 = EDGE_CURVE('',#207,#783,#785,.T.);
#783 = VERTEX_POINT('',#784);
#784 = CARTESIAN_POINT('',(-90.,78.,8.));
#785 = LINE('',#786,#787);
#786 = CARTESIAN_POINT('',(-148.,78.,8.));
#787 = VECTOR('',#788,1.);
#788 = DIRECTION('',(1.,0.,0.));
#789 = ORIENTED_EDGE('',*,*,#790,.T.);
#790 = EDGE_CURVE('',#783,#726,#791,.T.);
#791 = LINE('',#792,#793);
#792 = CARTESIAN_POINT('',(-90.,78.,8.));
#793 = VECTOR('',#794,1.);
#794 = DIRECTION('',(0.,0.,-1.));
#795 = ORIENTED_EDGE('',*,*,#733,.F.);
#796 = PLANE('',#797);
#797 = AXIS2_PLACEMENT_3D('',#798,#799,#800);
#798 = CARTESIAN_POINT('',(-148.,78.,8.));
#799 = DIRECTION('',(0.,1.,0.));
#800 = DIRECTION('',(0.,0.,-1.));
#801 = ADVANCED_FACE('',(#802),#843,.F.);
#802 = FACE_BOUND('',#803,.F.);
#803 = EDGE_LOOP('',(#804,#805,#806,#812,#813,#821,#829,#835,#836,#842)
  );
#804 = ORIENTED_EDGE('',*,*,#214,.F.);
#805 = ORIENTED_EDGE('',*,*,#596,.T.);
#806 = ORIENTED_EDGE('',*,*,#807,.T.);
#807 = EDGE_CURVE('',#597,#677,#808,.T.);
#808 = LINE('',#809,#810);
#809 = CARTESIAN_POINT('',(-129.2370739829,86.49813689284,16.49813689284
    ));
#810 = VECTOR('',#811,1.);
#811 = DIRECTION('',(-0.519021883378,0.60440726525,0.60440726525));
#812 = ORIENTED_EDGE('',*,*,#676,.T.);
#813 = ORIENTED_EDGE('',*,*,#814,.T.);
#814 = EDGE_CURVE('',#669,#815,#817,.T.);
#815 = VERTEX_POINT('',#816);
#816 = CARTESIAN_POINT('',(-119.3,83.7,13.7));
#817 = LINE('',#818,#819);
#818 = CARTESIAN_POINT('',(-119.3,83.175,13.175));
#819 = VECTOR('',#820,1.);
#820 = DIRECTION('',(0.,-0.707106781187,-0.707106781187));
#821 = ORIENTED_EDGE('',*,*,#822,.T.);
#822 = EDGE_CURVE('',#815,#823,#825,.T.);
#823 = VERTEX_POINT('',#824);
#824 = CARTESIAN_POINT('',(-110.7,83.7,13.7));
#825 = LINE('',#826,#827);
#826 = CARTESIAN_POINT('',(-133.65,83.7,13.7));
#827 = VECTOR('',#828,1.);
#828 = DIRECTION('',(1.,0.,0.));
#829 = ORIENTED_EDGE('',*,*,#830,.F.);
#830 = EDGE_CURVE('',#645,#823,#831,.T.);
#831 = LINE('',#832,#833);
#832 = CARTESIAN_POINT('',(-110.7,83.175,13.175));
#833 = VECTOR('',#834,1.);
#834 = DIRECTION('',(0.,-0.707106781187,-0.707106781187));
#835 = ORIENTED_EDGE('',*,*,#644,.T.);
#836 = ORIENTED_EDGE('',*,*,#837,.T.);
#837 = EDGE_CURVE('',#637,#783,#838,.T.);
#838 = LINE('',#839,#840);
#839 = CARTESIAN_POINT('',(-90.,90.,20.));
#840 = VECTOR('',#841,1.);
#841 = DIRECTION('',(0.,-0.707106781187,-0.707106781187));
#842 = ORIENTED_EDGE('',*,*,#782,.F.);
#843 = PLANE('',#844);
#844 = AXIS2_PLACEMENT_3D('',#845,#846,#847);
#845 = CARTESIAN_POINT('',(-148.,90.,20.));
#846 = DIRECTION('',(0.,0.707106781187,-0.707106781187));
#847 = DIRECTION('',(0.,-0.707106781187,-0.707106781187));
#848 = ADVANCED_FACE('',(#849),#867,.F.);
#849 = FACE_BOUND('',#850,.F.);
#850 = EDGE_LOOP('',(#851,#859,#865,#866));
#851 = ORIENTED_EDGE('',*,*,#852,.F.);
#852 = EDGE_CURVE('',#853,#231,#855,.T.);
#853 = VERTEX_POINT('',#854);
#854 = CARTESIAN_POINT('',(-165.,65.,4.));
#855 = LINE('',#856,#857);
#856 = CARTESIAN_POINT('',(-165.,65.,4.));
#857 = VECTOR('',#858,1.);
#858 = DIRECTION('',(1.,0.,0.));
#859 = ORIENTED_EDGE('',*,*,#860,.T.);
#860 = EDGE_CURVE('',#853,#582,#861,.T.);
#861 = LINE('',#862,#863);
#862 = CARTESIAN_POINT('',(-165.,65.,4.));
#863 = VECTOR('',#864,1.);
#864 = DIRECTION('',(0.,0.,1.));
#865 = ORIENTED_EDGE('',*,*,#589,.T.);
#866 = ORIENTED_EDGE('',*,*,#230,.F.);
#867 = PLANE('',#868);
#868 = AXIS2_PLACEMENT_3D('',#869,#870,#871);
#869 = CARTESIAN_POINT('',(-165.,65.,4.));
#870 = DIRECTION('',(0.,1.,0.));
#871 = DIRECTION('',(0.,0.,1.));
#872 = ADVANCED_FACE('',(#873),#1610,.T.);
#873 = FACE_BOUND('',#874,.T.);
#874 = EDGE_LOOP('',(#875,#885,#891,#892,#900,#908,#916,#924,#932,#940,
    #946,#947,#948,#956,#964,#972,#980,#988,#996,#1004,#1012,#1020,#1028
    ,#1036,#1044,#1052,#1060,#1068,#1076,#1084,#1092,#1100,#1108,#1116,
    #1124,#1132,#1140,#1148,#1156,#1164,#1172,#1180,#1188,#1196,#1204,
    #1212,#1220,#1228,#1236,#1244,#1252,#1260,#1268,#1276,#1284,#1292,
    #1300,#1308,#1316,#1324,#1332,#1340,#1348,#1356,#1364,#1372,#1380,
    #1388,#1396,#1404,#1412,#1420,#1428,#1436,#1444,#1452,#1460,#1468,
    #1476,#1484,#1492,#1500,#1508,#1516,#1524,#1532,#1540,#1548,#1556,
    #1564,#1572,#1580,#1588,#1596,#1604));
#875 = ORIENTED_EDGE('',*,*,#876,.F.);
#876 = EDGE_CURVE('',#877,#879,#881,.T.);
#877 = VERTEX_POINT('',#878);
#878 = CARTESIAN_POINT('',(-332.,-139.5,4.));
#879 = VERTEX_POINT('',#880);
#880 = CARTESIAN_POINT('',(-332.,139.5,4.));
#881 = LINE('',#882,#883);
#882 = CARTESIAN_POINT('',(-332.,-147.5,4.));
#883 = VECTOR('',#884,1.);
#884 = DIRECTION('',(0.,1.,0.));
#885 = ORIENTED_EDGE('',*,*,#886,.T.);
#886 = EDGE_CURVE('',#877,#271,#887,.T.);
#887 = LINE('',#888,#889);
#888 = CARTESIAN_POINT('',(-340.,-139.5,4.));
#889 = VECTOR('',#890,1.);
#890 = DIRECTION('',(1.,0.,0.));
#891 = ORIENTED_EDGE('',*,*,#270,.T.);
#892 = ORIENTED_EDGE('',*,*,#893,.F.);
#893 = EDGE_CURVE('',#894,#263,#896,.T.);
#894 = VERTEX_POINT('',#895);
#895 = CARTESIAN_POINT('',(-165.,-115.,4.));
#896 = LINE('',#897,#898);
#897 = CARTESIAN_POINT('',(-165.,-115.,4.));
#898 = VECTOR('',#899,1.);
#899 = DIRECTION('',(1.,0.,0.));
#900 = ORIENTED_EDGE('',*,*,#901,.T.);
#901 = EDGE_CURVE('',#894,#902,#904,.T.);
#902 = VERTEX_POINT('',#903);
#903 = CARTESIAN_POINT('',(-165.,-99.23991491602,4.));
#904 = LINE('',#905,#906);
#905 = CARTESIAN_POINT('',(-165.,-115.,4.));
#906 = VECTOR('',#907,1.);
#907 = DIRECTION('',(0.,1.,0.));
#908 = ORIENTED_EDGE('',*,*,#909,.T.);
#909 = EDGE_CURVE('',#902,#910,#912,.T.);
#910 = VERTEX_POINT('',#911);
#911 = CARTESIAN_POINT('',(-327.228250949,-135.9138546252,4.));
#912 = LINE('',#913,#914);
#913 = CARTESIAN_POINT('',(-139.228250949,-93.41385462525,4.));
#914 = VECTOR('',#915,1.);
#915 = DIRECTION('',(-0.975387035788,-0.220499728835,0.));
#916 = ORIENTED_EDGE('',*,*,#917,.F.);
#917 = EDGE_CURVE('',#918,#910,#920,.T.);
#918 = VERTEX_POINT('',#919);
#919 = CARTESIAN_POINT('',(-328.7717490509,-129.0861453747,4.));
#920 = LINE('',#921,#922);
#921 = CARTESIAN_POINT('',(-328.7717490509,-129.0861453747,4.));
#922 = VECTOR('',#923,1.);
#923 = DIRECTION('',(0.220499728835,-0.975387035788,0.));
#924 = ORIENTED_EDGE('',*,*,#925,.F.);
#925 = EDGE_CURVE('',#926,#918,#928,.T.);
#926 = VERTEX_POINT('',#927);
#927 = CARTESIAN_POINT('',(-165.,-92.06327657333,4.));
#928 = LINE('',#929,#930);
#929 = CARTESIAN_POINT('',(-140.7717490509,-86.58614537474,4.));
#930 = VECTOR('',#931,1.);
#931 = DIRECTION('',(-0.975387035788,-0.220499728835,0.));
#932 = ORIENTED_EDGE('',*,*,#933,.T.);
#933 = EDGE_CURVE('',#926,#934,#936,.T.);
#934 = VERTEX_POINT('',#935);
#935 = CARTESIAN_POINT('',(-165.,-65.,4.));
#936 = LINE('',#937,#938);
#937 = CARTESIAN_POINT('',(-165.,-115.,4.));
#938 = VECTOR('',#939,1.);
#939 = DIRECTION('',(0.,1.,0.));
#940 = ORIENTED_EDGE('',*,*,#941,.T.);
#941 = EDGE_CURVE('',#934,#239,#942,.T.);
#942 = LINE('',#943,#944);
#943 = CARTESIAN_POINT('',(-165.,-65.,4.));
#944 = VECTOR('',#945,1.);
#945 = DIRECTION('',(1.,0.,0.));
#946 = ORIENTED_EDGE('',*,*,#238,.T.);
#947 = ORIENTED_EDGE('',*,*,#852,.F.);
#948 = ORIENTED_EDGE('',*,*,#949,.T.);
#949 = EDGE_CURVE('',#853,#950,#952,.T.);
#950 = VERTEX_POINT('',#951);
#951 = CARTESIAN_POINT('',(-165.,92.063276573336,4.));
#952 = LINE('',#953,#954);
#953 = CARTESIAN_POINT('',(-165.,65.,4.));
#954 = VECTOR('',#955,1.);
#955 = DIRECTION('',(0.,1.,0.));
#956 = ORIENTED_EDGE('',*,*,#957,.T.);
#957 = EDGE_CURVE('',#950,#958,#960,.T.);
#958 = VERTEX_POINT('',#959);
#959 = CARTESIAN_POINT('',(-193.8184865788,98.578094018023,4.));
#960 = LINE('',#961,#962);
#961 = CARTESIAN_POINT('',(-140.7717490509,86.586145374741,4.));
#962 = VECTOR('',#963,1.);
#963 = DIRECTION('',(-0.975387035788,0.220499728835,0.));
#964 = ORIENTED_EDGE('',*,*,#965,.T.);
#965 = EDGE_CURVE('',#958,#966,#968,.T.);
#966 = VERTEX_POINT('',#967);
#967 = CARTESIAN_POINT('',(-193.9446259366,98.429730614289,4.));
#968 = LINE('',#969,#970);
#969 = CARTESIAN_POINT('',(-285.2662526392,-8.981529538411,4.));
#970 = VECTOR('',#971,1.);
#971 = DIRECTION('',(-0.647739236369,-0.761862114603,0.));
#972 = ORIENTED_EDGE('',*,*,#973,.T.);
#973 = EDGE_CURVE('',#966,#974,#976,.T.);
#974 = VERTEX_POINT('',#975);
#975 = CARTESIAN_POINT('',(-196.3328892442,95.534735772948,4.));
#976 = LINE('',#977,#978);
#977 = CARTESIAN_POINT('',(-285.0737253948,-12.03475292421,4.));
#978 = VECTOR('',#979,1.);
#979 = DIRECTION('',(-0.636365921066,-0.771387331051,0.));
#980 = ORIENTED_EDGE('',*,*,#981,.T.);
#981 = EDGE_CURVE('',#974,#982,#984,.T.);
#982 = VERTEX_POINT('',#983);
#983 = CARTESIAN_POINT('',(-198.6779432071,92.604630200017,4.));
#984 = LINE('',#985,#986);
#985 = CARTESIAN_POINT('',(-284.8343016418,-15.04629382055,4.));
#986 = VECTOR('',#987,1.);
#987 = DIRECTION('',(-0.624852553048,-0.780742778993,0.));
#988 = ORIENTED_EDGE('',*,*,#989,.T.);
#989 = EDGE_CURVE('',#982,#990,#992,.T.);
#990 = VERTEX_POINT('',#991);
#991 = CARTESIAN_POINT('',(-200.9792717212,89.640058759137,4.));
#992 = LINE('',#993,#994);
#993 = CARTESIAN_POINT('',(-284.5497474712,-18.01542988291,4.));
#994 = VECTOR('',#995,1.);
#995 = DIRECTION('',(-0.613201666199,-0.789926399465,0.));
#996 = ORIENTED_EDGE('',*,*,#997,.T.);
#997 = EDGE_CURVE('',#990,#998,#1000,.T.);
#998 = VERTEX_POINT('',#999);
#999 = CARTESIAN_POINT('',(-203.2363683053,86.641673899265,4.));
#1000 = LINE('',#1001,#1002);
#1001 = CARTESIAN_POINT('',(-284.221839919,-20.94149895562,4.));
#1002 = VECTOR('',#1003,1.);
#1003 = DIRECTION('',(-0.60141582467,-0.798936171315,0.));
#1004 = ORIENTED_EDGE('',*,*,#1005,.T.);
#1005 = EDGE_CURVE('',#998,#1006,#1008,.T.);
#1006 = VERTEX_POINT('',#1007);
#1007 = CARTESIAN_POINT('',(-205.4487362129,83.610135511086,4.));
#1008 = LINE('',#1009,#1010);
#1009 = CARTESIAN_POINT('',(-283.8523650659,-23.82389922524,4.));
#1010 = VECTOR('',#1011,1.);
#1011 = DIRECTION('',(-0.589497622315,-0.807770111656,0.));
#1012 = ORIENTED_EDGE('',*,*,#1013,.T.);
#1013 = EDGE_CURVE('',#1006,#1014,#1016,.T.);
#1014 = VERTEX_POINT('',#1015);
#1015 = CARTESIAN_POINT('',(-207.6158885417,80.546110781781,4.));
#1016 = LINE('',#1017,#1018);
#1017 = CARTESIAN_POINT('',(-283.4431161358,-26.66208931588,4.));
#1018 = VECTOR('',#1019,1.);
#1019 = DIRECTION('',(-0.577449682115,-0.816426276295,0.));
#1020 = ORIENTED_EDGE('',*,*,#1021,.T.);
#1021 = EDGE_CURVE('',#1014,#1022,#1024,.T.);
#1022 = VERTEX_POINT('',#1023);
#1023 = CARTESIAN_POINT('',(-209.7373483402,77.450274048192,4.));
#1024 = LINE('',#1025,#1026);
#1025 = CARTESIAN_POINT('',(-282.9958915942,-29.4555883265,4.));
#1026 = VECTOR('',#1027,1.);
#1027 = DIRECTION('',(-0.565274655605,-0.824902760167,0.));
#1028 = ORIENTED_EDGE('',*,*,#1029,.T.);
#1029 = EDGE_CURVE('',#1022,#1030,#1032,.T.);
#1030 = VERTEX_POINT('',#1031);
#1031 = CARTESIAN_POINT('',(-211.8126487133,74.323306648412,4.));
#1032 = LINE('',#1033,#1034);
#1033 = CARTESIAN_POINT('',(-282.5124932481,-32.20397581024,4.));
#1034 = VECTOR('',#1035,1.);
#1035 = DIRECTION('',(-0.55297522229,-0.833197697748,0.));
#1036 = ORIENTED_EDGE('',*,*,#1037,.T.);
#1037 = EDGE_CURVE('',#1030,#1038,#1040,.T.);
#1038 = VERTEX_POINT('',#1039);
#1039 = CARTESIAN_POINT('',(-213.8413329246,71.165896771833,4.));
#1040 = LINE('',#1041,#1042);
#1041 = CARTESIAN_POINT('',(-281.9947243505,-34.90689169585,4.));
#1042 = VECTOR('',#1043,1.);
#1043 = DIRECTION('',(-0.540554089056,-0.841309263473,0.));
#1044 = ORIENTED_EDGE('',*,*,#1045,.T.);
#1045 = EDGE_CURVE('',#1038,#1046,#1048,.T.);
#1046 = VERTEX_POINT('',#1047);
#1047 = CARTESIAN_POINT('',(-215.8229544971,67.978739307693,4.));
#1048 = LINE('',#1049,#1050);
#1049 = CARTESIAN_POINT('',(-281.4443877096,-37.56403615143,4.));
#1050 = VECTOR('',#1051,1.);
#1051 = DIRECTION('',(-0.528013989569,-0.849235672131,0.));
#1052 = ORIENTED_EDGE('',*,*,#1053,.T.);
#1053 = EDGE_CURVE('',#1046,#1054,#1056,.T.);
#1054 = VERTEX_POINT('',#1055);
#1055 = CARTESIAN_POINT('',(-217.7570773115,64.762535692137,4.));
#1056 = LINE('',#1057,#1058);
#1057 = CARTESIAN_POINT('',(-280.8632838052,-40.17516939075,4.));
#1058 = VECTOR('',#1059,1.);
#1059 = DIRECTION('',(-0.515357683682,-0.856975179261,0.));
#1060 = ORIENTED_EDGE('',*,*,#1061,.T.);
#1061 = EDGE_CURVE('',#1054,#1062,#1064,.T.);
#1062 = VERTEX_POINT('',#1063);
#1063 = CARTESIAN_POINT('',(-219.643275702,61.517993753848,4.));
#1064 = LINE('',#1065,#1066);
#1065 = CARTESIAN_POINT('',(-280.2532089144,-42.74011142228,4.));
#1066 = VECTOR('',#1067,1.);
#1067 = DIRECTION('',(-0.50258795682,-0.864526081538,0.));
#1068 = ORIENTED_EDGE('',*,*,#1069,.T.);
#1069 = EDGE_CURVE('',#1062,#1070,#1072,.T.);
#1070 = VERTEX_POINT('',#1071);
#1071 = CARTESIAN_POINT('',(-221.4811345503,58.245827558266,4.));
#1072 = LINE('',#1073,#1074);
#1073 = CARTESIAN_POINT('',(-279.6159532475,-45.25874174139,4.));
#1074 = VECTOR('',#1075,1.);
#1075 = DIRECTION('',(-0.48970761937,-0.871886717143,0.));
#1076 = ORIENTED_EDGE('',*,*,#1077,.T.);
#1077 = EDGE_CURVE('',#1070,#1078,#1080,.T.);
#1078 = VERTEX_POINT('',#1079);
#1079 = CARTESIAN_POINT('',(-223.2702493766,54.946757250432,4.));
#1080 = LINE('',#1081,#1082);
#1081 = CARTESIAN_POINT('',(-278.9532990966,-47.73099896606,4.));
#1082 = VECTOR('',#1083,1.);
#1083 = DIRECTION('',(-0.476719506064,-0.879055466133,0.));
#1084 = ORIENTED_EDGE('',*,*,#1085,.T.);
#1085 = EDGE_CURVE('',#1078,#1086,#1088,.T.);
#1086 = VERTEX_POINT('',#1087);
#1087 = CARTESIAN_POINT('',(-225.0102264289,51.6215088965,4.));
#1088 = LINE('',#1089,#1090);
#1089 = CARTESIAN_POINT('',(-278.2670189972,-50.15688041646,4.));
#1090 = VECTOR('',#1091,1.);
#1091 = DIRECTION('',(-0.463626475352,-0.886030750794,0.));
#1092 = ORIENTED_EDGE('',*,*,#1093,.T.);
#1093 = EDGE_CURVE('',#1086,#1094,#1096,.T.);
#1094 = VERTEX_POINT('',#1095);
#1095 = CARTESIAN_POINT('',(-226.7006827695,48.270814323944,4.));
#1096 = LINE('',#1097,#1098);
#1097 = CARTESIAN_POINT('',(-277.5588739068,-52.53644163891,4.));
#1098 = VECTOR('',#1099,1.);
#1099 = DIRECTION('',(-0.450431408775,-0.892811035992,0.));
#1100 = ORIENTED_EDGE('',*,*,#1101,.T.);
#1101 = EDGE_CURVE('',#1094,#1102,#1104,.T.);
#1102 = VERTEX_POINT('',#1103);
#1103 = CARTESIAN_POINT('',(-228.3412463591,44.89541096049,4.));
#1104 = LINE('',#1105,#1106);
#1105 = CARTESIAN_POINT('',(-276.8306114002,-54.86979587484,4.));
#1106 = VECTOR('',#1107,1.);
#1107 = DIRECTION('',(-0.43713721033,-0.899394829508,0.));
#1108 = ORIENTED_EDGE('',*,*,#1109,.T.);
#1109 = EDGE_CURVE('',#1102,#1110,#1112,.T.);
#1110 = VERTEX_POINT('',#1111);
#1111 = CARTESIAN_POINT('',(-229.9315561394,41.496041671829,4.));
#1112 = LINE('',#1113,#1114);
#1113 = CARTESIAN_POINT('',(-276.083963883,-57.15711347515,4.));
#1114 = VECTOR('',#1115,1.);
#1115 = DIRECTION('',(-0.423746805832,-0.905780682366,0.));
#1116 = ORIENTED_EDGE('',*,*,#1117,.T.);
#1117 = EDGE_CURVE('',#1110,#1118,#1120,.T.);
#1118 = VERTEX_POINT('',#1119);
#1119 = CARTESIAN_POINT('',(-231.4712621115,38.073454598121,4.));
#1120 = LINE('',#1121,#1122);
#1121 = CARTESIAN_POINT('',(-275.3206468272,-59.39862126071,4.));
#1122 = VECTOR('',#1123,1.);
#1123 = DIRECTION('',(-0.410263142269,-0.911967189155,0.));
#1124 = ORIENTED_EDGE('',*,*,#1125,.T.);
#1125 = EDGE_CURVE('',#1118,#1126,#1128,.T.);
#1126 = VERTEX_POINT('',#1127);
#1127 = CARTESIAN_POINT('',(-232.960025414,34.628402989341,4.));
#1128 = LINE('',#1129,#1130);
#1129 = CARTESIAN_POINT('',(-274.542357028,-61.59460182965,4.));
#1130 = VECTOR('',#1131,1.);
#1131 = DIRECTION('',(-0.396689187153,-0.917952988336,0.));
#1132 = ORIENTED_EDGE('',*,*,#1133,.T.);
#1133 = EDGE_CURVE('',#1126,#1134,#1136,.T.);
#1134 = VERTEX_POINT('',#1135);
#1135 = CARTESIAN_POINT('',(-234.3975183966,31.161645039509,4.));
#1136 = LINE('',#1137,#1138);
#1137 = CARTESIAN_POINT('',(-273.7507708841,-63.74539281216,4.));
#1138 = VECTOR('',#1139,1.);
#1139 = DIRECTION('',(-0.383027927868,-0.923736762543,0.));
#1140 = ORIENTED_EDGE('',*,*,#1141,.T.);
#1141 = EDGE_CURVE('',#1134,#1142,#1144,.T.);
#1142 = VERTEX_POINT('',#1143);
#1143 = CARTESIAN_POINT('',(-235.783424693,27.673943719819,4.));
#1144 = LINE('',#1145,#1146);
#1145 = CARTESIAN_POINT('',(-272.9475427047,-65.8513860735,4.));
#1146 = VECTOR('',#1147,1.);
#1147 = DIRECTION('',(-0.369282371011,-0.92931723887,0.));
#1148 = ORIENTED_EDGE('',*,*,#1149,.T.);
#1149 = EDGE_CURVE('',#1142,#1150,#1152,.T.);
#1150 = VERTEX_POINT('',#1151);
#1151 = CARTESIAN_POINT('',(-237.1174392901,24.166066610724,4.));
#1152 = LINE('',#1153,#1154);
#1153 = CARTESIAN_POINT('',(-272.1343030417,-67.91302686618,4.));
#1154 = VECTOR('',#1155,1.);
#1155 = DIRECTION('',(-0.355455541733,-0.934693189154,0.));
#1156 = ORIENTED_EDGE('',*,*,#1157,.T.);
#1157 = EDGE_CURVE('',#1150,#1158,#1160,.T.);
#1158 = VERTEX_POINT('',#1159);
#1159 = CARTESIAN_POINT('',(-238.3992685952,20.638785733007,4.));
#1160 = LINE('',#1161,#1162);
#1161 = CARTESIAN_POINT('',(-271.3126570516,-69.93081293196,4.));
#1162 = VECTOR('',#1163,1.);
#1163 = DIRECTION('',(-0.341550483072,-0.939863430246,0.));
#1164 = ORIENTED_EDGE('',*,*,#1165,.T.);
#1165 = EDGE_CURVE('',#1158,#1166,#1168,.T.);
#1166 = VERTEX_POINT('',#1167);
#1167 = CARTESIAN_POINT('',(-239.6286305008,17.092877377874,4.));
#1168 = LINE('',#1169,#1170);
#1169 = CARTESIAN_POINT('',(-270.4841828867,-71.9052935548,4.));
#1170 = VECTOR('',#1171,1.);
#1171 = DIRECTION('',(-0.32757025528,-0.944826824268,0.));
#1172 = ORIENTED_EDGE('',*,*,#1173,.T.);
#1173 = EDGE_CURVE('',#1166,#1174,#1176,.T.);
#1174 = VERTEX_POINT('',#1175);
#1175 = CARTESIAN_POINT('',(-240.8052544462,13.5291219361,4.));
#1176 = LINE('',#1177,#1178);
#1177 = CARTESIAN_POINT('',(-269.6504301177,-73.83706856549,4.));
#1178 = VECTOR('',#1179,1.);
#1179 = DIRECTION('',(-0.313517935154,-0.949582278866,0.));
#1180 = ORIENTED_EDGE('',*,*,#1181,.T.);
#1181 = EDGE_CURVE('',#1174,#1182,#1184,.T.);
#1182 = VERTEX_POINT('',#1183);
#1183 = CARTESIAN_POINT('',(-241.9288814778,9.948303726288,4.));
#1184 = LINE('',#1185,#1186);
#1185 = CARTESIAN_POINT('',(-268.812918189,-75.72678729913,4.));
#1186 = VECTOR('',#1187,1.);
#1187 = DIRECTION('',(-0.29939661536,-0.95412874745,0.));
#1188 = ORIENTED_EDGE('',*,*,#1189,.T.);
#1189 = EDGE_CURVE('',#1182,#1190,#1192,.T.);
#1190 = VERTEX_POINT('',#1191);
#1191 = CARTESIAN_POINT('',(-242.9992643053,6.351210822246,4.));
#1192 = LINE('',#1193,#1194);
#1193 = CARTESIAN_POINT('',(-267.9731349085,-77.57514750633,4.));
#1194 = VECTOR('',#1195,1.);
#1195 = DIRECTION('',(-0.285209403744,-0.958465229425,0.));
#1196 = ORIENTED_EDGE('',*,*,#1197,.T.);
#1197 = EDGE_CURVE('',#1190,#1198,#1200,.T.);
#1198 = VERTEX_POINT('',#1199);
#1199 = CARTESIAN_POINT('',(-244.0161673568,2.738634879554,4.));
#1200 = LINE('',#1201,#1202);
#1201 = CARTESIAN_POINT('',(-267.1325349728,-79.38289421941,4.));
#1202 = VECTOR('',#1203,1.);
#1203 = DIRECTION('',(-0.270959422659,-0.962590770407,0.));
#1204 = ORIENTED_EDGE('',*,*,#1205,.T.);
#1205 = EDGE_CURVE('',#1198,#1206,#1208,.T.);
#1206 = VERTEX_POINT('',#1207);
#1207 = CARTESIAN_POINT('',(-244.9793668301,-0.888629038672,4.));
#1208 = LINE('',#1209,#1210);
#1209 = CARTESIAN_POINT('',(-266.2925385288,-81.15081857442,4.));
#1210 = VECTOR('',#1211,1.);
#1211 = DIRECTION('',(-0.256649808268,-0.96650446244,0.));
#1212 = ORIENTED_EDGE('',*,*,#1213,.T.);
#1213 = EDGE_CURVE('',#1206,#1214,#1216,.T.);
#1214 = VERTEX_POINT('',#1215);
#1215 = CARTESIAN_POINT('',(-245.8886507423,-4.529782636756,4.));
#1216 = LINE('',#1217,#1218);
#1217 = CARTESIAN_POINT('',(-265.4545297741,-82.87975659043,4.));
#1218 = VECTOR('',#1219,1.);
#1219 = DIRECTION('',(-0.242283709862,-0.97020544419,0.));
#1220 = ORIENTED_EDGE('',*,*,#1221,.T.);
#1221 = EDGE_CURVE('',#1214,#1222,#1224,.T.);
#1222 = VERTEX_POINT('',#1223);
#1223 = CARTESIAN_POINT('',(-246.7438189763,-8.184024562152,4.));
#1224 = LINE('',#1225,#1226);
#1225 = CARTESIAN_POINT('',(-264.6198555969,-84.57058790708,4.));
#1226 = VECTOR('',#1227,1.);
#1227 = DIRECTION('',(-0.22786428916,-0.973692901138,0.));
#1228 = ORIENTED_EDGE('',*,*,#1229,.T.);
#1229 = EDGE_CURVE('',#1222,#1230,#1232,.T.);
#1230 = VERTEX_POINT('',#1231);
#1231 = CARTESIAN_POINT('',(-247.544683325,-11.8505505818,4.));
#1232 = LINE('',#1233,#1234);
#1233 = CARTESIAN_POINT('',(-263.7898242558,-86.22423448172,4.));
#1234 = VECTOR('',#1235,1.);
#1235 = DIRECTION('',(-0.213394719619,-0.976966065756,0.));
#1236 = ORIENTED_EDGE('',*,*,#1237,.T.);
#1237 = EDGE_CURVE('',#1230,#1238,#1240,.T.);
#1238 = VERTEX_POINT('',#1239);
#1239 = CARTESIAN_POINT('',(-248.2910675325,-15.52855375916,4.));
#1240 = LINE('',#1241,#1242);
#1241 = CARTESIAN_POINT('',(-262.9657041022,-87.84165924735,4.));
#1242 = VECTOR('',#1243,1.);
#1243 = DIRECTION('',(-0.19887818573,-0.980024217681,0.));
#1244 = ORIENTED_EDGE('',*,*,#1245,.T.);
#1245 = EDGE_CURVE('',#1238,#1246,#1248,.T.);
#1246 = VERTEX_POINT('',#1247);
#1247 = CARTESIAN_POINT('',(-248.982807333,-19.21722463174,4.));
#1248 = LINE('',#1249,#1250);
#1249 = CARTESIAN_POINT('',(-262.1487223455,-89.42386473267,4.));
#1250 = VECTOR('',#1251,1.);
#1251 = DIRECTION('',(-0.184317882323,-0.982866683867,0.));
#1252 = ORIENTED_EDGE('',*,*,#1253,.T.);
#1253 = EDGE_CURVE('',#1246,#1254,#1256,.T.);
#1254 = VERTEX_POINT('',#1255);
#1255 = CARTESIAN_POINT('',(-249.619750487,-22.91575138929,4.));
#1256 = LINE('',#1257,#1258);
#1257 = CARTESIAN_POINT('',(-261.3400638621,-90.97189164558,4.));
#1258 = VECTOR('',#1259,1.);
#1259 = DIRECTION('',(-0.169717013858,-0.98549283874,0.));
#1260 = ORIENTED_EDGE('',*,*,#1261,.T.);
#1261 = EDGE_CURVE('',#1254,#1262,#1264,.T.);
#1262 = VERTEX_POINT('',#1263);
#1263 = CARTESIAN_POINT('',(-300.9294305686,-14.47082806693,4.));
#1264 = LINE('',#1265,#1266);
#1265 = CARTESIAN_POINT('',(-309.2907571869,-13.09465963142,4.));
#1266 = VECTOR('',#1267,1.);
#1267 = DIRECTION('',(-0.986724616954,0.162402371584,0.));
#1268 = ORIENTED_EDGE('',*,*,#1269,.T.);
#1269 = EDGE_CURVE('',#1262,#1270,#1272,.T.);
#1270 = VERTEX_POINT('',#1271);
#1271 = CARTESIAN_POINT('',(-300.1615628808,-10.01206409124,4.));
#1272 = LINE('',#1273,#1274);
#1273 = CARTESIAN_POINT('',(-312.2330789664,-80.10752703084,4.));
#1274 = VECTOR('',#1275,1.);
#1275 = DIRECTION('',(0.169717013858,0.98549283874,0.));
#1276 = ORIENTED_EDGE('',*,*,#1277,.T.);
#1277 = EDGE_CURVE('',#1270,#1278,#1280,.T.);
#1278 = VERTEX_POINT('',#1279);
#1279 = CARTESIAN_POINT('',(-299.3276350211,-5.565181891116,4.));
#1280 = LINE('',#1281,#1282);
#1281 = CARTESIAN_POINT('',(-312.8749669486,-77.80571026022,4.));
#1282 = VECTOR('',#1283,1.);
#1283 = DIRECTION('',(0.184317882323,0.982866683867,0.));
#1284 = ORIENTED_EDGE('',*,*,#1285,.T.);
#1285 = EDGE_CURVE('',#1278,#1286,#1288,.T.);
#1286 = VERTEX_POINT('',#1287);
#1287 = CARTESIAN_POINT('',(-298.427830522,-1.131160145514,4.));
#1288 = LINE('',#1289,#1290);
#1289 = CARTESIAN_POINT('',(-313.5140142684,-75.47227186444,4.));
#1290 = VECTOR('',#1291,1.);
#1291 = DIRECTION('',(0.19887818573,0.980024217681,0.));
#1292 = ORIENTED_EDGE('',*,*,#1293,.T.);
#1293 = EDGE_CURVE('',#1286,#1294,#1296,.T.);
#1294 = VERTEX_POINT('',#1295);
#1295 = CARTESIAN_POINT('',(-297.4623474145,3.289025296973,4.));
#1296 = LINE('',#1297,#1298);
#1297 = CARTESIAN_POINT('',(-314.1490752093,-73.10633646848,4.));
#1298 = VECTOR('',#1299,1.);
#1299 = DIRECTION('',(0.213394719619,0.976966065756,0.));
#1300 = ORIENTED_EDGE('',*,*,#1301,.T.);
#1301 = EDGE_CURVE('',#1294,#1302,#1304,.T.);
#1302 = VERTEX_POINT('',#1303);
#1303 = CARTESIAN_POINT('',(-296.4313981839,7.694401632876,4.));
#1304 = LINE('',#1305,#1306);
#1305 = CARTESIAN_POINT('',(-314.7789641706,-70.70706627737,4.));
#1306 = VECTOR('',#1307,1.);
#1307 = DIRECTION('',(0.22786428916,0.973692901138,0.));
#1308 = ORIENTED_EDGE('',*,*,#1309,.T.);
#1309 = EDGE_CURVE('',#1302,#1310,#1312,.T.);
#1310 = VERTEX_POINT('',#1311);
#1311 = CARTESIAN_POINT('',(-295.3352097237,12.083999317941,4.));
#1312 = LINE('',#1313,#1314);
#1313 = CARTESIAN_POINT('',(-315.4024568486,-68.27366245652,4.));
#1314 = VECTOR('',#1315,1.);
#1315 = DIRECTION('',(0.242283709862,0.97020544419,0.));
#1316 = ORIENTED_EDGE('',*,*,#1317,.T.);
#1317 = EDGE_CURVE('',#1310,#1318,#1320,.T.);
#1318 = VERTEX_POINT('',#1319);
#1319 = CARTESIAN_POINT('',(-294.1740232853,16.456852280515,4.));
#1320 = LINE('',#1321,#1322);
#1321 = CARTESIAN_POINT('',(-316.0182914619,-65.80536647543,4.));
#1322 = VECTOR('',#1323,1.);
#1323 = DIRECTION('',(0.256649808268,0.96650446244,0.));
#1324 = ORIENTED_EDGE('',*,*,#1325,.T.);
#1325 = EDGE_CURVE('',#1318,#1326,#1328,.T.);
#1326 = VERTEX_POINT('',#1327);
#1327 = CARTESIAN_POINT('',(-292.948094425,20.811998134155,4.));
#1328 = LINE('',#1329,#1330);
#1329 = CARTESIAN_POINT('',(-316.6251700189,-63.30146141389,4.));
#1330 = VECTOR('',#1331,1.);
#1331 = DIRECTION('',(0.270959422659,0.962590770407,0.));
#1332 = ORIENTED_EDGE('',*,*,#1333,.T.);
#1333 = EDGE_CURVE('',#1326,#1334,#1336,.T.);
#1334 = VERTEX_POINT('',#1335);
#1335 = CARTESIAN_POINT('',(-291.6576929477,25.148478389439,4.));
#1336 = LINE('',#1337,#1338);
#1337 = CARTESIAN_POINT('',(-317.2217596271,-60.76127322897,4.));
#1338 = VECTOR('',#1339,1.);
#1339 = DIRECTION('',(0.285209403744,0.958465229425,0.));
#1340 = ORIENTED_EDGE('',*,*,#1341,.T.);
#1341 = EDGE_CURVE('',#1334,#1342,#1344,.T.);
#1342 = VERTEX_POINT('',#1343);
#1343 = CARTESIAN_POINT('',(-290.3031028477,29.465338664903,4.));
#1344 = LINE('',#1345,#1346);
#1345 = CARTESIAN_POINT('',(-317.8066938418,-58.18417198183,4.));
#1346 = VECTOR('',#1347,1.);
#1347 = DIRECTION('',(0.29939661536,0.95412874745,0.));
#1348 = ORIENTED_EDGE('',*,*,#1349,.T.);
#1349 = EDGE_CURVE('',#1342,#1350,#1352,.T.);
#1350 = VERTEX_POINT('',#1351);
#1351 = CARTESIAN_POINT('',(-288.8846222458,33.761628897092,4.));
#1352 = LINE('',#1353,#1354);
#1353 = CARTESIAN_POINT('',(-318.3785740541,-55.56957302299,4.));
#1354 = VECTOR('',#1355,1.);
#1355 = DIRECTION('',(0.313517935154,0.949582278866,0.));
#1356 = ORIENTED_EDGE('',*,*,#1357,.T.);
#1357 = EDGE_CURVE('',#1350,#1358,#1360,.T.);
#1358 = VERTEX_POINT('',#1359);
#1359 = CARTESIAN_POINT('',(-287.4025633243,38.036403549647,4.));
#1360 = LINE('',#1361,#1362);
#1361 = CARTESIAN_POINT('',(-318.935970917,-52.91693813495,4.));
#1362 = VECTOR('',#1363,1.);
#1363 = DIRECTION('',(0.32757025528,0.944826824268,0.));
#1364 = ORIENTED_EDGE('',*,*,#1365,.T.);
#1365 = EDGE_CURVE('',#1358,#1366,#1368,.T.);
#1366 = VERTEX_POINT('',#1367);
#1367 = CARTESIAN_POINT('',(-285.8572522577,42.288721821402,4.));
#1368 = LINE('',#1369,#1370);
#1369 = CARTESIAN_POINT('',(-319.477425807,-50.22577663094,4.));
#1370 = VECTOR('',#1371,1.);
#1371 = DIRECTION('',(0.341550483072,0.939863430246,0.));
#1372 = ORIENTED_EDGE('',*,*,#1373,.T.);
#1373 = EDGE_CURVE('',#1366,#1374,#1376,.T.);
#1374 = VERTEX_POINT('',#1375);
#1375 = CARTESIAN_POINT('',(-284.2490291411,46.517647853437,4.));
#1376 = LINE('',#1377,#1378);
#1377 = CARTESIAN_POINT('',(-320.0014523211,-47.49564640875,4.));
#1378 = VECTOR('',#1379,1.);
#1379 = DIRECTION('',(0.355455541733,0.934693189154,0.));
#1380 = ORIENTED_EDGE('',*,*,#1381,.T.);
#1381 = EDGE_CURVE('',#1374,#1382,#1384,.T.);
#1382 = VERTEX_POINT('',#1383);
#1383 = CARTESIAN_POINT('',(-282.5782479157,50.722250935045,4.));
#1384 = LINE('',#1385,#1386);
#1385 = CARTESIAN_POINT('',(-320.5065378079,-44.7261549586,4.));
#1386 = VECTOR('',#1387,1.);
#1387 = DIRECTION('',(0.369282371011,0.92931723887,0.));
#1388 = ORIENTED_EDGE('',*,*,#1389,.T.);
#1389 = EDGE_CURVE('',#1382,#1390,#1392,.T.);
#1390 = VERTEX_POINT('',#1391);
#1391 = CARTESIAN_POINT('',(-280.8452762905,54.901605708563,4.));
#1392 = LINE('',#1393,#1394);
#1393 = CARTESIAN_POINT('',(-320.99114493,-41.91696032394,4.));
#1394 = VECTOR('',#1395,1.);
#1395 = DIRECTION('',(0.383027927868,0.923736762543,0.));
#1396 = ORIENTED_EDGE('',*,*,#1397,.T.);
#1397 = EDGE_CURVE('',#1390,#1398,#1400,.T.);
#1398 = VERTEX_POINT('',#1399);
#1399 = CARTESIAN_POINT('',(-279.0504956612,59.054792373027,4.));
#1400 = LINE('',#1401,#1402);
#1401 = CARTESIAN_POINT('',(-321.4537132582,-39.06777201428,4.));
#1402 = VECTOR('',#1403,1.);
#1403 = DIRECTION('',(0.396689187153,0.917952988336,0.));
#1404 = ORIENTED_EDGE('',*,*,#1405,.T.);
#1405 = EDGE_CURVE('',#1398,#1406,#1408,.T.);
#1406 = VERTEX_POINT('',#1407);
#1407 = CARTESIAN_POINT('',(-277.194301027,63.180896886606,4.));
#1408 = LINE('',#1409,#1410);
#1409 = CARTESIAN_POINT('',(-321.8926608943,-36.17835186905,4.));
#1410 = VECTOR('',#1411,1.);
#1411 = DIRECTION('',(0.410263142269,0.911967189155,0.));
#1412 = ORIENTED_EDGE('',*,*,#1413,.T.);
#1413 = EDGE_CURVE('',#1406,#1414,#1416,.T.);
#1414 = VERTEX_POINT('',#1415);
#1415 = CARTESIAN_POINT('',(-275.277100903,67.279011167761,4.));
#1416 = LINE('',#1417,#1418);
#1417 = CARTESIAN_POINT('',(-322.3063861227,-33.24851487167,4.));
#1418 = VECTOR('',#1419,1.);
#1419 = DIRECTION('',(0.423746805832,0.905780682366,0.));
#1420 = ORIENTED_EDGE('',*,*,#1421,.T.);
#1421 = EDGE_CURVE('',#1414,#1422,#1424,.T.);
#1422 = VERTEX_POINT('',#1423);
#1423 = CARTESIAN_POINT('',(-273.2993172304,71.348233295104,4.));
#1424 = LINE('',#1425,#1426);
#1425 = CARTESIAN_POINT('',(-322.693269087,-30.27812991293,4.));
#1426 = VECTOR('',#1427,1.);
#1427 = DIRECTION('',(0.43713721033,0.899394829508,0.));
#1428 = ORIENTED_EDGE('',*,*,#1429,.T.);
#1429 = EDGE_CURVE('',#1422,#1430,#1432,.T.);
#1430 = VERTEX_POINT('',#1431);
#1431 = CARTESIAN_POINT('',(-271.2613852841,75.387667705889,4.));
#1432 = LINE('',#1433,#1434);
#1433 = CARTESIAN_POINT('',(-323.0516734932,-27.2671205028,4.));
#1434 = VECTOR('',#1435,1.);
#1435 = DIRECTION('',(0.450431408775,0.892811035992,0.));
#1436 = ORIENTED_EDGE('',*,*,#1437,.T.);
#1437 = EDGE_CURVE('',#1430,#1438,#1440,.T.);
#1438 = VERTEX_POINT('',#1439);
#1439 = CARTESIAN_POINT('',(-269.1637535762,79.396425393114,4.));
#1440 = LINE('',#1441,#1442);
#1441 = CARTESIAN_POINT('',(-323.3799483345,-24.21546543013,4.));
#1442 = VECTOR('',#1443,1.);
#1443 = DIRECTION('',(0.463626475352,0.886030750794,0.));
#1444 = ORIENTED_EDGE('',*,*,#1445,.T.);
#1445 = EDGE_CURVE('',#1438,#1446,#1448,.T.);
#1446 = VERTEX_POINT('',#1447);
#1447 = CARTESIAN_POINT('',(-267.0068837577,83.373624101171,4.));
#1448 = LINE('',#1449,#1450);
#1449 = CARTESIAN_POINT('',(-323.6764296389,-21.1231993693,4.));
#1450 = VECTOR('',#1451,1.);
#1451 = DIRECTION('',(0.476719506064,0.879055466133,0.));
#1452 = ORIENTED_EDGE('',*,*,#1453,.T.);
#1453 = EDGE_CURVE('',#1446,#1454,#1456,.T.);
#1454 = VERTEX_POINT('',#1455);
#1455 = CARTESIAN_POINT('',(-264.7912505172,87.318388520017,4.));
#1456 = LINE('',#1457,#1458);
#1457 = CARTESIAN_POINT('',(-323.9394422366,-17.99041343325,4.));
#1458 = VECTOR('',#1459,1.);
#1459 = DIRECTION('',(0.48970761937,0.871886717143,0.));
#1460 = ORIENTED_EDGE('',*,*,#1461,.T.);
#1461 = EDGE_CURVE('',#1454,#1462,#1464,.T.);
#1462 = VERTEX_POINT('',#1463);
#1463 = CARTESIAN_POINT('',(-262.5173414755,91.229850477816,4.));
#1464 = LINE('',#1465,#1466);
#1465 = CARTESIAN_POINT('',(-324.1673015459,-14.81725567233,4.));
#1466 = VECTOR('',#1467,1.);
#1467 = DIRECTION('',(0.50258795682,0.864526081538,0.));
#1468 = ORIENTED_EDGE('',*,*,#1469,.T.);
#1469 = EDGE_CURVE('',#1462,#1470,#1472,.T.);
#1470 = VERTEX_POINT('',#1471);
#1471 = CARTESIAN_POINT('',(-260.1856570794,95.107149132004,4.));
#1472 = LINE('',#1473,#1474);
#1473 = CARTESIAN_POINT('',(-324.3583153757,-11.60393151832,4.));
#1474 = VECTOR('',#1475,1.);
#1475 = DIRECTION('',(0.515357683682,0.856975179261,0.));
#1476 = ORIENTED_EDGE('',*,*,#1477,.T.);
#1477 = EDGE_CURVE('',#1470,#1478,#1480,.T.);
#1478 = VERTEX_POINT('',#1479);
#1479 = CARTESIAN_POINT('',(-257.7967104906,98.949431158747,4.));
#1480 = LINE('',#1481,#1482);
#1481 = CARTESIAN_POINT('',(-324.5107857434,-8.350704173103,4.));
#1482 = VECTOR('',#1483,1.);
#1483 = DIRECTION('',(0.528013989569,0.849235672131,0.));
#1484 = ORIENTED_EDGE('',*,*,#1485,.T.);
#1485 = EDGE_CURVE('',#1478,#1486,#1488,.T.);
#1486 = VERTEX_POINT('',#1487);
#1487 = CARTESIAN_POINT('',(-255.3510274735,102.75585094074,4.));
#1488 = LINE('',#1489,#1490);
#1489 = CARTESIAN_POINT('',(-324.6230107065,-5.057894941584,4.));
#1490 = VECTOR('',#1491,1.);
#1491 = DIRECTION('',(0.540554089056,0.841309263473,0.));
#1492 = ORIENTED_EDGE('',*,*,#1493,.T.);
#1493 = EDGE_CURVE('',#1486,#1494,#1496,.T.);
#1494 = VERTEX_POINT('',#1495);
#1495 = CARTESIAN_POINT('',(-252.8491462789,106.52557075332,4.));
#1496 = LINE('',#1497,#1498);
#1497 = CARTESIAN_POINT('',(-324.6932862056,-1.72588350842,4.));
#1498 = VECTOR('',#1499,1.);
#1499 = DIRECTION('',(0.55297522229,0.833197697748,0.));
#1500 = ORIENTED_EDGE('',*,*,#1501,.T.);
#1501 = EDGE_CURVE('',#1494,#1502,#1504,.T.);
#1502 = VERTEX_POINT('',#1503);
#1503 = CARTESIAN_POINT('',(-250.2916175261,110.25776094883,4.));
#1504 = LINE('',#1505,#1506);
#1505 = CARTESIAN_POINT('',(-324.7199079179,1.644891841865,4.));
#1506 = VECTOR('',#1507,1.);
#1507 = DIRECTION('',(0.565274655605,0.824902760167,0.));
#1508 = ORIENTED_EDGE('',*,*,#1509,.T.);
#1509 = EDGE_CURVE('',#1502,#1510,#1512,.T.);
#1510 = VERTEX_POINT('',#1511);
#1511 = CARTESIAN_POINT('',(-249.6288592704,111.19480061054,4.));
#1512 = LINE('',#1513,#1514);
#1513 = CARTESIAN_POINT('',(-324.7011731187,5.053934061618,4.));
#1514 = VECTOR('',#1515,1.);
#1515 = DIRECTION('',(0.577449682115,0.816426276295,0.));
#1516 = ORIENTED_EDGE('',*,*,#1517,.T.);
#1517 = EDGE_CURVE('',#1510,#1518,#1520,.T.);
#1518 = VERTEX_POINT('',#1519);
#1519 = CARTESIAN_POINT('',(-328.7717490509,129.08614537474,4.));
#1520 = LINE('',#1521,#1522);
#1521 = CARTESIAN_POINT('',(-140.7717490509,86.586145374741,4.));
#1522 = VECTOR('',#1523,1.);
#1523 = DIRECTION('',(-0.975387035788,0.220499728835,0.));
#1524 = ORIENTED_EDGE('',*,*,#1525,.F.);
#1525 = EDGE_CURVE('',#1526,#1518,#1528,.T.);
#1526 = VERTEX_POINT('',#1527);
#1527 = CARTESIAN_POINT('',(-327.228250949,135.91385462525,4.));
#1528 = LINE('',#1529,#1530);
#1529 = CARTESIAN_POINT('',(-327.228250949,135.91385462525,4.));
#1530 = VECTOR('',#1531,1.);
#1531 = DIRECTION('',(-0.220499728835,-0.975387035788,0.));
#1532 = ORIENTED_EDGE('',*,*,#1533,.F.);
#1533 = EDGE_CURVE('',#1534,#1526,#1536,.T.);
#1534 = VERTEX_POINT('',#1535);
#1535 = CARTESIAN_POINT('',(-245.1863860768,117.36715644936,4.));
#1536 = LINE('',#1537,#1538);
#1537 = CARTESIAN_POINT('',(-139.228250949,93.413854625259,4.));
#1538 = VECTOR('',#1539,1.);
#1539 = DIRECTION('',(-0.975387035788,0.220499728835,0.));
#1540 = ORIENTED_EDGE('',*,*,#1541,.T.);
#1541 = EDGE_CURVE('',#1534,#1542,#1544,.T.);
#1542 = VERTEX_POINT('',#1543);
#1543 = CARTESIAN_POINT('',(-245.0118809334,117.60627537672,4.));
#1544 = LINE('',#1545,#1546);
#1545 = CARTESIAN_POINT('',(-324.6353825502,8.500687233964,4.));
#1546 = VECTOR('',#1547,1.);
#1547 = DIRECTION('',(0.589497622315,0.807770111656,0.));
#1548 = ORIENTED_EDGE('',*,*,#1549,.T.);
#1549 = EDGE_CURVE('',#1542,#1550,#1552,.T.);
#1550 = VERTEX_POINT('',#1551);
#1551 = CARTESIAN_POINT('',(-242.2908350688,121.22098233298,4.));
#1552 = LINE('',#1553,#1554);
#1553 = CARTESIAN_POINT('',(-324.5208422947,11.984536524058,4.));
#1554 = VECTOR('',#1555,1.);
#1555 = DIRECTION('',(0.60141582467,0.798936171315,0.));
#1556 = ORIENTED_EDGE('',*,*,#1557,.T.);
#1557 = EDGE_CURVE('',#1550,#1558,#1560,.T.);
#1558 = VERTEX_POINT('',#1559);
#1559 = CARTESIAN_POINT('',(-239.5164653407,124.79492547588,4.));
#1560 = LINE('',#1561,#1562);
#1561 = CARTESIAN_POINT('',(-324.3558656513,15.504808187884,4.));
#1562 = VECTOR('',#1563,1.);
#1563 = DIRECTION('',(0.613201666199,0.789926399465,0.));
#1564 = ORIENTED_EDGE('',*,*,#1565,.T.);
#1565 = EDGE_CURVE('',#1558,#1566,#1568,.T.);
#1566 = VERTEX_POINT('',#1567);
#1567 = CARTESIAN_POINT('',(-236.689382338,128.32731824467,4.));
#1568 = LINE('',#1569,#1570);
#1569 = CARTESIAN_POINT('',(-324.1387750141,19.060769638672,4.));
#1570 = VECTOR('',#1571,1.);
#1571 = DIRECTION('',(0.624852553048,0.780742778993,0.));
#1572 = ORIENTED_EDGE('',*,*,#1573,.T.);
#1573 = EDGE_CURVE('',#1566,#1574,#1576,.T.);
#1574 = VERTEX_POINT('',#1575);
#1575 = CARTESIAN_POINT('',(-233.810208251,131.81738322312,4.));
#1576 = LINE('',#1577,#1578);
#1577 = CARTESIAN_POINT('',(-323.8679037503,22.651629571012,4.));
#1578 = VECTOR('',#1579,1.);
#1579 = DIRECTION('',(0.636365921066,0.771387331051,0.));
#1580 = ORIENTED_EDGE('',*,*,#1581,.T.);
#1581 = EDGE_CURVE('',#1574,#1582,#1584,.T.);
#1582 = VERTEX_POINT('',#1583);
#1583 = CARTESIAN_POINT('',(-230.8795767342,135.26435231057,4.));
#1584 = LINE('',#1585,#1586);
#1585 = CARTESIAN_POINT('',(-323.5415980757,26.276538142675,4.));
#1586 = VECTOR('',#1587,1.);
#1587 = DIRECTION('',(0.647739236369,0.761862114603,0.));
#1588 = ORIENTED_EDGE('',*,*,#1589,.T.);
#1589 = EDGE_CURVE('',#1582,#1590,#1592,.T.);
#1590 = VERTEX_POINT('',#1591);
#1591 = CARTESIAN_POINT('',(-227.8981327671,138.66746689101,4.));
#1592 = LINE('',#1593,#1594);
#1593 = CARTESIAN_POINT('',(-323.1582189275,29.934587214061,4.));
#1594 = VECTOR('',#1595,1.);
#1595 = DIRECTION('',(0.658969995893,0.752169225981,0.));
#1596 = ORIENTED_EDGE('',*,*,#1597,.T.);
#1597 = EDGE_CURVE('',#1590,#1598,#1600,.T.);
#1598 = VERTEX_POINT('',#1599);
#1599 = CARTESIAN_POINT('',(-227.1466367905,139.5,4.));
#1600 = LINE('',#1601,#1602);
#1601 = CARTESIAN_POINT('',(-322.7161438306,33.62481064523,4.));
#1602 = VECTOR('',#1603,1.);
#1603 = DIRECTION('',(0.67005572795,0.742310798414,0.));
#1604 = ORIENTED_EDGE('',*,*,#1605,.F.);
#1605 = EDGE_CURVE('',#879,#1598,#1606,.T.);
#1606 = LINE('',#1607,#1608);
#1607 = CARTESIAN_POINT('',(-340.,139.5,4.));
#1608 = VECTOR('',#1609,1.);
#1609 = DIRECTION('',(1.,0.,0.));
#1610 = PLANE('',#1611);
#1611 = AXIS2_PLACEMENT_3D('',#1612,#1613,#1614);
#1612 = CARTESIAN_POINT('',(-340.,-147.5,4.));
#1613 = DIRECTION('',(0.,0.,1.));
#1614 = DIRECTION('',(1.,0.,0.));
#1615 = ADVANCED_FACE('',(#1616),#1634,.T.);
#1616 = FACE_BOUND('',#1617,.T.);
#1617 = EDGE_LOOP('',(#1618,#1619,#1627,#1633));
#1618 = ORIENTED_EDGE('',*,*,#941,.F.);
#1619 = ORIENTED_EDGE('',*,*,#1620,.T.);
#1620 = EDGE_CURVE('',#934,#1621,#1623,.T.);
#1621 = VERTEX_POINT('',#1622);
#1622 = CARTESIAN_POINT('',(-165.,-65.,24.));
#1623 = LINE('',#1624,#1625);
#1624 = CARTESIAN_POINT('',(-165.,-65.,4.));
#1625 = VECTOR('',#1626,1.);
#1626 = DIRECTION('',(0.,0.,1.));
#1627 = ORIENTED_EDGE('',*,*,#1628,.T.);
#1628 = EDGE_CURVE('',#1621,#247,#1629,.T.);
#1629 = LINE('',#1630,#1631);
#1630 = CARTESIAN_POINT('',(-165.,-65.,24.));
#1631 = VECTOR('',#1632,1.);
#1632 = DIRECTION('',(1.,0.,0.));
#1633 = ORIENTED_EDGE('',*,*,#246,.F.);
#1634 = PLANE('',#1635);
#1635 = AXIS2_PLACEMENT_3D('',#1636,#1637,#1638);
#1636 = CARTESIAN_POINT('',(-165.,-65.,4.));
#1637 = DIRECTION('',(0.,1.,0.));
#1638 = DIRECTION('',(0.,0.,1.));
#1639 = ADVANCED_FACE('',(#1640),#1658,.T.);
#1640 = FACE_BOUND('',#1641,.T.);
#1641 = EDGE_LOOP('',(#1642,#1650,#1656,#1657));
#1642 = ORIENTED_EDGE('',*,*,#1643,.F.);
#1643 = EDGE_CURVE('',#1644,#1621,#1646,.T.);
#1644 = VERTEX_POINT('',#1645);
#1645 = CARTESIAN_POINT('',(-165.,-115.,24.));
#1646 = LINE('',#1647,#1648);
#1647 = CARTESIAN_POINT('',(-165.,-115.,24.));
#1648 = VECTOR('',#1649,1.);
#1649 = DIRECTION('',(0.,1.,0.));
#1650 = ORIENTED_EDGE('',*,*,#1651,.T.);
#1651 = EDGE_CURVE('',#1644,#255,#1652,.T.);
#1652 = LINE('',#1653,#1654);
#1653 = CARTESIAN_POINT('',(-165.,-115.,24.));
#1654 = VECTOR('',#1655,1.);
#1655 = DIRECTION('',(1.,0.,0.));
#1656 = ORIENTED_EDGE('',*,*,#254,.T.);
#1657 = ORIENTED_EDGE('',*,*,#1628,.F.);
#1658 = PLANE('',#1659);
#1659 = AXIS2_PLACEMENT_3D('',#1660,#1661,#1662);
#1660 = CARTESIAN_POINT('',(-165.,-115.,24.));
#1661 = DIRECTION('',(0.,0.,1.));
#1662 = DIRECTION('',(1.,0.,0.));
#1663 = ADVANCED_FACE('',(#1664),#1675,.F.);
#1664 = FACE_BOUND('',#1665,.F.);
#1665 = EDGE_LOOP('',(#1666,#1667,#1673,#1674));
#1666 = ORIENTED_EDGE('',*,*,#893,.F.);
#1667 = ORIENTED_EDGE('',*,*,#1668,.T.);
#1668 = EDGE_CURVE('',#894,#1644,#1669,.T.);
#1669 = LINE('',#1670,#1671);
#1670 = CARTESIAN_POINT('',(-165.,-115.,4.));
#1671 = VECTOR('',#1672,1.);
#1672 = DIRECTION('',(0.,0.,1.));
#1673 = ORIENTED_EDGE('',*,*,#1651,.T.);
#1674 = ORIENTED_EDGE('',*,*,#262,.F.);
#1675 = PLANE('',#1676);
#1676 = AXIS2_PLACEMENT_3D('',#1677,#1678,#1679);
#1677 = CARTESIAN_POINT('',(-165.,-115.,4.));
#1678 = DIRECTION('',(0.,1.,0.));
#1679 = DIRECTION('',(0.,0.,1.));
#1680 = ADVANCED_FACE('',(#1681),#1692,.T.);
#1681 = FACE_BOUND('',#1682,.T.);
#1682 = EDGE_LOOP('',(#1683,#1684,#1690,#1691));
#1683 = ORIENTED_EDGE('',*,*,#886,.F.);
#1684 = ORIENTED_EDGE('',*,*,#1685,.F.);
#1685 = EDGE_CURVE('',#363,#877,#1686,.T.);
#1686 = LINE('',#1687,#1688);
#1687 = CARTESIAN_POINT('',(-332.,-139.5,4.));
#1688 = VECTOR('',#1689,1.);
#1689 = DIRECTION('',(0.,0.,-1.));
#1690 = ORIENTED_EDGE('',*,*,#362,.T.);
#1691 = ORIENTED_EDGE('',*,*,#278,.F.);
#1692 = PLANE('',#1693);
#1693 = AXIS2_PLACEMENT_3D('',#1694,#1695,#1696);
#1694 = CARTESIAN_POINT('',(-340.,-139.5,4.));
#1695 = DIRECTION('',(0.,1.,0.));
#1696 = DIRECTION('',(0.,0.,1.));
#1697 = ADVANCED_FACE('',(#1698),#1723,.F.);
#1698 = FACE_BOUND('',#1699,.F.);
#1699 = EDGE_LOOP('',(#1700,#1701,#1709,#1717));
#1700 = ORIENTED_EDGE('',*,*,#294,.F.);
#1701 = ORIENTED_EDGE('',*,*,#1702,.T.);
#1702 = EDGE_CURVE('',#295,#1703,#1705,.T.);
#1703 = VERTEX_POINT('',#1704);
#1704 = CARTESIAN_POINT('',(-90.,-102.,8.));
#1705 = LINE('',#1706,#1707);
#1706 = CARTESIAN_POINT('',(-148.,-102.,8.));
#1707 = VECTOR('',#1708,1.);
#1708 = DIRECTION('',(1.,0.,0.));
#1709 = ORIENTED_EDGE('',*,*,#1710,.T.);
#1710 = EDGE_CURVE('',#1703,#1711,#1713,.T.);
#1711 = VERTEX_POINT('',#1712);
#1712 = CARTESIAN_POINT('',(-90.,-102.,4.));
#1713 = LINE('',#1714,#1715);
#1714 = CARTESIAN_POINT('',(-90.,-102.,8.));
#1715 = VECTOR('',#1716,1.);
#1716 = DIRECTION('',(0.,0.,-1.));
#1717 = ORIENTED_EDGE('',*,*,#1718,.F.);
#1718 = EDGE_CURVE('',#297,#1711,#1719,.T.);
#1719 = LINE('',#1720,#1721);
#1720 = CARTESIAN_POINT('',(-148.,-102.,4.));
#1721 = VECTOR('',#1722,1.);
#1722 = DIRECTION('',(1.,0.,0.));
#1723 = PLANE('',#1724);
#1724 = AXIS2_PLACEMENT_3D('',#1725,#1726,#1727);
#1725 = CARTESIAN_POINT('',(-148.,-102.,8.));
#1726 = DIRECTION('',(0.,1.,0.));
#1727 = DIRECTION('',(0.,0.,-1.));
#1728 = ADVANCED_FACE('',(#1729),#1779,.F.);
#1729 = FACE_BOUND('',#1730,.F.);
#1730 = EDGE_LOOP('',(#1731,#1732,#1740,#1748,#1756,#1764,#1772,#1778));
#1731 = ORIENTED_EDGE('',*,*,#304,.F.);
#1732 = ORIENTED_EDGE('',*,*,#1733,.T.);
#1733 = EDGE_CURVE('',#305,#1734,#1736,.T.);
#1734 = VERTEX_POINT('',#1735);
#1735 = CARTESIAN_POINT('',(-119.3,-90.,20.));
#1736 = LINE('',#1737,#1738);
#1737 = CARTESIAN_POINT('',(-148.,-90.,20.));
#1738 = VECTOR('',#1739,1.);
#1739 = DIRECTION('',(1.,0.,0.));
#1740 = ORIENTED_EDGE('',*,*,#1741,.T.);
#1741 = EDGE_CURVE('',#1734,#1742,#1744,.T.);
#1742 = VERTEX_POINT('',#1743);
#1743 = CARTESIAN_POINT('',(-119.3,-96.3,13.7));
#1744 = LINE('',#1745,#1746);
#1745 = CARTESIAN_POINT('',(-119.3,-96.825,13.175));
#1746 = VECTOR('',#1747,1.);
#1747 = DIRECTION('',(0.,-0.707106781187,-0.707106781187));
#1748 = ORIENTED_EDGE('',*,*,#1749,.T.);
#1749 = EDGE_CURVE('',#1742,#1750,#1752,.T.);
#1750 = VERTEX_POINT('',#1751);
#1751 = CARTESIAN_POINT('',(-110.7,-96.3,13.7));
#1752 = LINE('',#1753,#1754);
#1753 = CARTESIAN_POINT('',(-133.65,-96.3,13.7));
#1754 = VECTOR('',#1755,1.);
#1755 = DIRECTION('',(1.,0.,0.));
#1756 = ORIENTED_EDGE('',*,*,#1757,.F.);
#1757 = EDGE_CURVE('',#1758,#1750,#1760,.T.);
#1758 = VERTEX_POINT('',#1759);
#1759 = CARTESIAN_POINT('',(-110.7,-90.,20.));
#1760 = LINE('',#1761,#1762);
#1761 = CARTESIAN_POINT('',(-110.7,-96.825,13.175));
#1762 = VECTOR('',#1763,1.);
#1763 = DIRECTION('',(0.,-0.707106781187,-0.707106781187));
#1764 = ORIENTED_EDGE('',*,*,#1765,.T.);
#1765 = EDGE_CURVE('',#1758,#1766,#1768,.T.);
#1766 = VERTEX_POINT('',#1767);
#1767 = CARTESIAN_POINT('',(-90.,-90.,20.));
#1768 = LINE('',#1769,#1770);
#1769 = CARTESIAN_POINT('',(-148.,-90.,20.));
#1770 = VECTOR('',#1771,1.);
#1771 = DIRECTION('',(1.,0.,0.));
#1772 = ORIENTED_EDGE('',*,*,#1773,.T.);
#1773 = EDGE_CURVE('',#1766,#1703,#1774,.T.);
#1774 = LINE('',#1775,#1776);
#1775 = CARTESIAN_POINT('',(-90.,-90.,20.));
#1776 = VECTOR('',#1777,1.);
#1777 = DIRECTION('',(0.,-0.707106781187,-0.707106781187));
#1778 = ORIENTED_EDGE('',*,*,#1702,.F.);
#1779 = PLANE('',#1780);
#1780 = AXIS2_PLACEMENT_3D('',#1781,#1782,#1783);
#1781 = CARTESIAN_POINT('',(-148.,-90.,20.));
#1782 = DIRECTION('',(0.,0.707106781187,-0.707106781187));
#1783 = DIRECTION('',(0.,-0.707106781187,-0.707106781187));
#1784 = ADVANCED_FACE('',(#1785),#1826,.F.);
#1785 = FACE_BOUND('',#1786,.F.);
#1786 = EDGE_LOOP('',(#1787,#1788,#1796,#1802,#1803,#1811,#1819,#1825));
#1787 = ORIENTED_EDGE('',*,*,#312,.F.);
#1788 = ORIENTED_EDGE('',*,*,#1789,.T.);
#1789 = EDGE_CURVE('',#313,#1790,#1792,.T.);
#1790 = VERTEX_POINT('',#1791);
#1791 = CARTESIAN_POINT('',(-90.,-78.,8.));
#1792 = LINE('',#1793,#1794);
#1793 = CARTESIAN_POINT('',(-148.,-78.,8.));
#1794 = VECTOR('',#1795,1.);
#1795 = DIRECTION('',(1.,0.,0.));
#1796 = ORIENTED_EDGE('',*,*,#1797,.T.);
#1797 = EDGE_CURVE('',#1790,#1766,#1798,.T.);
#1798 = LINE('',#1799,#1800);
#1799 = CARTESIAN_POINT('',(-90.,-78.,8.));
#1800 = VECTOR('',#1801,1.);
#1801 = DIRECTION('',(0.,-0.707106781187,0.707106781187));
#1802 = ORIENTED_EDGE('',*,*,#1765,.F.);
#1803 = ORIENTED_EDGE('',*,*,#1804,.F.);
#1804 = EDGE_CURVE('',#1805,#1758,#1807,.T.);
#1805 = VERTEX_POINT('',#1806);
#1806 = CARTESIAN_POINT('',(-110.7,-83.7,13.7));
#1807 = LINE('',#1808,#1809);
#1808 = CARTESIAN_POINT('',(-110.7,-80.325,10.325));
#1809 = VECTOR('',#1810,1.);
#1810 = DIRECTION('',(0.,-0.707106781187,0.707106781187));
#1811 = ORIENTED_EDGE('',*,*,#1812,.F.);
#1812 = EDGE_CURVE('',#1813,#1805,#1815,.T.);
#1813 = VERTEX_POINT('',#1814);
#1814 = CARTESIAN_POINT('',(-119.3,-83.7,13.7));
#1815 = LINE('',#1816,#1817);
#1816 = CARTESIAN_POINT('',(-133.65,-83.7,13.7));
#1817 = VECTOR('',#1818,1.);
#1818 = DIRECTION('',(1.,0.,0.));
#1819 = ORIENTED_EDGE('',*,*,#1820,.T.);
#1820 = EDGE_CURVE('',#1813,#1734,#1821,.T.);
#1821 = LINE('',#1822,#1823);
#1822 = CARTESIAN_POINT('',(-119.3,-80.325,10.325));
#1823 = VECTOR('',#1824,1.);
#1824 = DIRECTION('',(0.,-0.707106781187,0.707106781187));
#1825 = ORIENTED_EDGE('',*,*,#1733,.F.);
#1826 = PLANE('',#1827);
#1827 = AXIS2_PLACEMENT_3D('',#1828,#1829,#1830);
#1828 = CARTESIAN_POINT('',(-148.,-78.,8.));
#1829 = DIRECTION('',(0.,-0.707106781187,-0.707106781187));
#1830 = DIRECTION('',(0.,-0.707106781187,0.707106781187));
#1831 = ADVANCED_FACE('',(#1832),#1850,.F.);
#1832 = FACE_BOUND('',#1833,.F.);
#1833 = EDGE_LOOP('',(#1834,#1835,#1843,#1849));
#1834 = ORIENTED_EDGE('',*,*,#320,.F.);
#1835 = ORIENTED_EDGE('',*,*,#1836,.T.);
#1836 = EDGE_CURVE('',#321,#1837,#1839,.T.);
#1837 = VERTEX_POINT('',#1838);
#1838 = CARTESIAN_POINT('',(-90.,-78.,4.));
#1839 = LINE('',#1840,#1841);
#1840 = CARTESIAN_POINT('',(-148.,-78.,4.));
#1841 = VECTOR('',#1842,1.);
#1842 = DIRECTION('',(1.,0.,0.));
#1843 = ORIENTED_EDGE('',*,*,#1844,.T.);
#1844 = EDGE_CURVE('',#1837,#1790,#1845,.T.);
#1845 = LINE('',#1846,#1847);
#1846 = CARTESIAN_POINT('',(-90.,-78.,4.));
#1847 = VECTOR('',#1848,1.);
#1848 = DIRECTION('',(0.,0.,1.));
#1849 = ORIENTED_EDGE('',*,*,#1789,.F.);
#1850 = PLANE('',#1851);
#1851 = AXIS2_PLACEMENT_3D('',#1852,#1853,#1854);
#1852 = CARTESIAN_POINT('',(-148.,-78.,4.));
#1853 = DIRECTION('',(0.,-1.,0.));
#1854 = DIRECTION('',(0.,0.,1.));
#1855 = ADVANCED_FACE('',(#1856,#1867),#1901,.T.);
#1856 = FACE_BOUND('',#1857,.T.);
#1857 = EDGE_LOOP('',(#1858,#1859,#1860,#1866));
#1858 = ORIENTED_EDGE('',*,*,#328,.T.);
#1859 = ORIENTED_EDGE('',*,*,#1836,.T.);
#1860 = ORIENTED_EDGE('',*,*,#1861,.F.);
#1861 = EDGE_CURVE('',#1711,#1837,#1862,.T.);
#1862 = LINE('',#1863,#1864);
#1863 = CARTESIAN_POINT('',(-90.,-102.,4.));
#1864 = VECTOR('',#1865,1.);
#1865 = DIRECTION('',(0.,1.,0.));
#1866 = ORIENTED_EDGE('',*,*,#1718,.F.);
#1867 = FACE_BOUND('',#1868,.T.);
#1868 = EDGE_LOOP('',(#1869,#1879,#1887,#1895));
#1869 = ORIENTED_EDGE('',*,*,#1870,.F.);
#1870 = EDGE_CURVE('',#1871,#1873,#1875,.T.);
#1871 = VERTEX_POINT('',#1872);
#1872 = CARTESIAN_POINT('',(-119.3,-83.7,4.));
#1873 = VERTEX_POINT('',#1874);
#1874 = CARTESIAN_POINT('',(-110.7,-83.7,4.));
#1875 = LINE('',#1876,#1877);
#1876 = CARTESIAN_POINT('',(-117.15,-83.7,4.));
#1877 = VECTOR('',#1878,1.);
#1878 = DIRECTION('',(1.,0.,0.));
#1879 = ORIENTED_EDGE('',*,*,#1880,.T.);
#1880 = EDGE_CURVE('',#1871,#1881,#1883,.T.);
#1881 = VERTEX_POINT('',#1882);
#1882 = CARTESIAN_POINT('',(-119.3,-96.3,4.));
#1883 = LINE('',#1884,#1885);
#1884 = CARTESIAN_POINT('',(-119.3,-93.15,4.));
#1885 = VECTOR('',#1886,1.);
#1886 = DIRECTION('',(0.,-1.,0.));
#1887 = ORIENTED_EDGE('',*,*,#1888,.T.);
#1888 = EDGE_CURVE('',#1881,#1889,#1891,.T.);
#1889 = VERTEX_POINT('',#1890);
#1890 = CARTESIAN_POINT('',(-110.7,-96.3,4.));
#1891 = LINE('',#1892,#1893);
#1892 = CARTESIAN_POINT('',(-117.15,-96.3,4.));
#1893 = VECTOR('',#1894,1.);
#1894 = DIRECTION('',(1.,0.,0.));
#1895 = ORIENTED_EDGE('',*,*,#1896,.F.);
#1896 = EDGE_CURVE('',#1873,#1889,#1897,.T.);
#1897 = LINE('',#1898,#1899);
#1898 = CARTESIAN_POINT('',(-110.7,-93.15,4.));
#1899 = VECTOR('',#1900,1.);
#1900 = DIRECTION('',(0.,-1.,0.));
#1901 = PLANE('',#1902);
#1902 = AXIS2_PLACEMENT_3D('',#1903,#1904,#1905);
#1903 = CARTESIAN_POINT('',(-115.,-90.,4.));
#1904 = DIRECTION('',(-0.,-0.,-1.));
#1905 = DIRECTION('',(-1.,0.,0.));
#1906 = ADVANCED_FACE('',(#1907),#1918,.T.);
#1907 = FACE_BOUND('',#1908,.T.);
#1908 = EDGE_LOOP('',(#1909,#1910,#1911,#1917));
#1909 = ORIENTED_EDGE('',*,*,#1685,.T.);
#1910 = ORIENTED_EDGE('',*,*,#876,.T.);
#1911 = ORIENTED_EDGE('',*,*,#1912,.F.);
#1912 = EDGE_CURVE('',#371,#879,#1913,.T.);
#1913 = LINE('',#1914,#1915);
#1914 = CARTESIAN_POINT('',(-332.,139.5,4.));
#1915 = VECTOR('',#1916,1.);
#1916 = DIRECTION('',(0.,0.,-1.));
#1917 = ORIENTED_EDGE('',*,*,#370,.F.);
#1918 = PLANE('',#1919);
#1919 = AXIS2_PLACEMENT_3D('',#1920,#1921,#1922);
#1920 = CARTESIAN_POINT('',(-332.,-147.5,4.));
#1921 = DIRECTION('',(1.,0.,0.));
#1922 = DIRECTION('',(0.,0.,1.));
#1923 = ADVANCED_FACE('',(#1924),#1935,.F.);
#1924 = FACE_BOUND('',#1925,.F.);
#1925 = EDGE_LOOP('',(#1926,#1927,#1928,#1929));
#1926 = ORIENTED_EDGE('',*,*,#1605,.F.);
#1927 = ORIENTED_EDGE('',*,*,#1912,.F.);
#1928 = ORIENTED_EDGE('',*,*,#378,.T.);
#1929 = ORIENTED_EDGE('',*,*,#1930,.T.);
#1930 = EDGE_CURVE('',#379,#1598,#1931,.T.);
#1931 = LINE('',#1932,#1933);
#1932 = CARTESIAN_POINT('',(-227.1466367905,139.5,3.9));
#1933 = VECTOR('',#1934,1.);
#1934 = DIRECTION('',(0.,0.,-1.));
#1935 = PLANE('',#1936);
#1936 = AXIS2_PLACEMENT_3D('',#1937,#1938,#1939);
#1937 = CARTESIAN_POINT('',(-340.,139.5,4.));
#1938 = DIRECTION('',(0.,1.,0.));
#1939 = DIRECTION('',(0.,0.,1.));
#1940 = ADVANCED_FACE('',(#1941),#1968,.F.);
#1941 = FACE_BOUND('',#1942,.F.);
#1942 = EDGE_LOOP('',(#1943,#1944,#1945,#1953,#1961,#1967));
#1943 = ORIENTED_EDGE('',*,*,#1930,.F.);
#1944 = ORIENTED_EDGE('',*,*,#386,.T.);
#1945 = ORIENTED_EDGE('',*,*,#1946,.T.);
#1946 = EDGE_CURVE('',#387,#1947,#1949,.T.);
#1947 = VERTEX_POINT('',#1948);
#1948 = CARTESIAN_POINT('',(-224.8665325118,142.025978,16.8));
#1949 = LINE('',#1950,#1951);
#1950 = CARTESIAN_POINT('',(-224.8665325118,142.025978,3.8));
#1951 = VECTOR('',#1952,1.);
#1952 = DIRECTION('',(0.,0.,1.));
#1953 = ORIENTED_EDGE('',*,*,#1954,.T.);
#1954 = EDGE_CURVE('',#1947,#1955,#1957,.T.);
#1955 = VERTEX_POINT('',#1956);
#1956 = CARTESIAN_POINT('',(-227.8981327671,138.66746689101,16.8));
#1957 = LINE('',#1958,#1959);
#1958 = CARTESIAN_POINT('',(-250.5560149436,113.56628514255,16.8));
#1959 = VECTOR('',#1960,1.);
#1960 = DIRECTION('',(-0.67005572795,-0.742310798414,0.));
#1961 = ORIENTED_EDGE('',*,*,#1962,.F.);
#1962 = EDGE_CURVE('',#1590,#1955,#1963,.T.);
#1963 = LINE('',#1964,#1965);
#1964 = CARTESIAN_POINT('',(-227.8981327671,138.66746689101,3.8));
#1965 = VECTOR('',#1966,1.);
#1966 = DIRECTION('',(0.,0.,1.));
#1967 = ORIENTED_EDGE('',*,*,#1597,.T.);
#1968 = PLANE('',#1969);
#1969 = AXIS2_PLACEMENT_3D('',#1970,#1971,#1972);
#1970 = CARTESIAN_POINT('',(-224.8665325118,142.025978,3.8));
#1971 = DIRECTION('',(0.742310798414,-0.67005572795,0.));
#1972 = DIRECTION('',(-0.67005572795,-0.742310798414,0.));
#1973 = ADVANCED_FACE('',(#1974),#1992,.F.);
#1974 = FACE_BOUND('',#1975,.F.);
#1975 = EDGE_LOOP('',(#1976,#1977,#1978,#1986));
#1976 = ORIENTED_EDGE('',*,*,#1946,.F.);
#1977 = ORIENTED_EDGE('',*,*,#394,.T.);
#1978 = ORIENTED_EDGE('',*,*,#1979,.T.);
#1979 = EDGE_CURVE('',#395,#1980,#1982,.T.);
#1980 = VERTEX_POINT('',#1981);
#1981 = CARTESIAN_POINT('',(-221.7854431692,145.33914648954,16.8));
#1982 = LINE('',#1983,#1984);
#1983 = CARTESIAN_POINT('',(-221.7854431692,145.33914648954,3.8));
#1984 = VECTOR('',#1985,1.);
#1985 = DIRECTION('',(0.,0.,1.));
#1986 = ORIENTED_EDGE('',*,*,#1987,.T.);
#1987 = EDGE_CURVE('',#1980,#1947,#1988,.T.);
#1988 = LINE('',#1989,#1990);
#1989 = CARTESIAN_POINT('',(-249.226543357,115.83108023378,16.8));
#1990 = VECTOR('',#1991,1.);
#1991 = DIRECTION('',(-0.680993992769,-0.732289001565,0.));
#1992 = PLANE('',#1993);
#1993 = AXIS2_PLACEMENT_3D('',#1994,#1995,#1996);
#1994 = CARTESIAN_POINT('',(-221.7854431692,145.33914648954,3.8));
#1995 = DIRECTION('',(0.732289001565,-0.680993992769,0.));
#1996 = DIRECTION('',(-0.680993992769,-0.732289001565,0.));
#1997 = ADVANCED_FACE('',(#1998),#2018,.F.);
#1998 = FACE_BOUND('',#1999,.F.);
#1999 = EDGE_LOOP('',(#2000,#2001,#2002,#2010,#2016,#2017));
#2000 = ORIENTED_EDGE('',*,*,#434,.F.);
#2001 = ORIENTED_EDGE('',*,*,#451,.T.);
#2002 = ORIENTED_EDGE('',*,*,#2003,.T.);
#2003 = EDGE_CURVE('',#452,#2004,#2006,.T.);
#2004 = VERTEX_POINT('',#2005);
#2005 = CARTESIAN_POINT('',(-183.970131738,109.64597877695,16.8));
#2006 = LINE('',#2007,#2008);
#2007 = CARTESIAN_POINT('',(-183.970131738,109.64597877695,3.8));
#2008 = VECTOR('',#2009,1.);
#2009 = DIRECTION('',(0.,0.,1.));
#2010 = ORIENTED_EDGE('',*,*,#2011,.T.);
#2011 = EDGE_CURVE('',#2004,#1980,#2012,.T.);
#2012 = LINE('',#2013,#2014);
#2013 = CARTESIAN_POINT('',(-187.4617818606,112.94168225541,16.8));
#2014 = VECTOR('',#2015,1.);
#2015 = DIRECTION('',(-0.727217527524,0.686407071396,0.));
#2016 = ORIENTED_EDGE('',*,*,#1979,.F.);
#2017 = ORIENTED_EDGE('',*,*,#402,.T.);
#2018 = PLANE('',#2019);
#2019 = AXIS2_PLACEMENT_3D('',#2020,#2021,#2022);
#2020 = CARTESIAN_POINT('',(-183.970131738,109.64597877695,3.8));
#2021 = DIRECTION('',(-0.686407071396,-0.727217527524,0.));
#2022 = DIRECTION('',(-0.727217527524,0.686407071396,0.));
#2023 = ADVANCED_FACE('',(#2024),#2042,.F.);
#2024 = FACE_BOUND('',#2025,.F.);
#2025 = EDGE_LOOP('',(#2026,#2027,#2028,#2036));
#2026 = ORIENTED_EDGE('',*,*,#2003,.F.);
#2027 = ORIENTED_EDGE('',*,*,#459,.T.);
#2028 = ORIENTED_EDGE('',*,*,#2029,.T.);
#2029 = EDGE_CURVE('',#460,#2030,#2032,.T.);
#2030 = VERTEX_POINT('',#2031);
#2031 = CARTESIAN_POINT('',(-186.5258829368,106.89771886061,16.8));
#2032 = LINE('',#2033,#2034);
#2033 = CARTESIAN_POINT('',(-186.5258829368,106.89771886061,3.8));
#2034 = VECTOR('',#2035,1.);
#2035 = DIRECTION('',(0.,0.,1.));
#2036 = ORIENTED_EDGE('',*,*,#2037,.T.);
#2037 = EDGE_CURVE('',#2030,#2004,#2038,.T.);
#2038 = LINE('',#2039,#2040);
#2039 = CARTESIAN_POINT('',(-212.5577729892,78.905009706345,16.8));
#2040 = VECTOR('',#2041,1.);
#2041 = DIRECTION('',(0.680993992769,0.732289001565,-0.));
#2042 = PLANE('',#2043);
#2043 = AXIS2_PLACEMENT_3D('',#2044,#2045,#2046);
#2044 = CARTESIAN_POINT('',(-186.5258829368,106.89771886061,3.8));
#2045 = DIRECTION('',(-0.732289001565,0.680993992769,0.));
#2046 = DIRECTION('',(0.680993992769,0.732289001565,0.));
#2047 = ADVANCED_FACE('',(#2048),#2082,.F.);
#2048 = FACE_BOUND('',#2049,.F.);
#2049 = EDGE_LOOP('',(#2050,#2058,#2066,#2074,#2080,#2081));
#2050 = ORIENTED_EDGE('',*,*,#2051,.F.);
#2051 = EDGE_CURVE('',#2052,#468,#2054,.T.);
#2052 = VERTEX_POINT('',#2053);
#2053 = CARTESIAN_POINT('',(-188.6186815515,104.5792445221,14.));
#2054 = LINE('',#2055,#2056);
#2055 = CARTESIAN_POINT('',(-188.6186815515,104.5792445221,3.9));
#2056 = VECTOR('',#2057,1.);
#2057 = DIRECTION('',(0.,0.,-1.));
#2058 = ORIENTED_EDGE('',*,*,#2059,.T.);
#2059 = EDGE_CURVE('',#2052,#2060,#2062,.T.);
#2060 = VERTEX_POINT('',#2061);
#2061 = CARTESIAN_POINT('',(-189.040583137,104.11184742407,14.));
#2062 = LINE('',#2063,#2064);
#2063 = CARTESIAN_POINT('',(-180.5188804131,113.55248301441,14.));
#2064 = VECTOR('',#2065,1.);
#2065 = DIRECTION('',(-0.67005572795,-0.742310798414,0.));
#2066 = ORIENTED_EDGE('',*,*,#2067,.T.);
#2067 = EDGE_CURVE('',#2060,#2068,#2070,.T.);
#2068 = VERTEX_POINT('',#2069);
#2069 = CARTESIAN_POINT('',(-189.040583137,104.11184742407,16.8));
#2070 = LINE('',#2071,#2072);
#2071 = CARTESIAN_POINT('',(-189.040583137,104.11184742407,3.8));
#2072 = VECTOR('',#2073,1.);
#2073 = DIRECTION('',(0.,0.,1.));
#2074 = ORIENTED_EDGE('',*,*,#2075,.T.);
#2075 = EDGE_CURVE('',#2068,#2030,#2076,.T.);
#2076 = LINE('',#2077,#2078);
#2077 = CARTESIAN_POINT('',(-213.3434904549,77.188250203016,16.8));
#2078 = VECTOR('',#2079,1.);
#2079 = DIRECTION('',(0.67005572795,0.742310798414,-0.));
#2080 = ORIENTED_EDGE('',*,*,#2029,.F.);
#2081 = ORIENTED_EDGE('',*,*,#467,.T.);
#2082 = PLANE('',#2083);
#2083 = AXIS2_PLACEMENT_3D('',#2084,#2085,#2086);
#2084 = CARTESIAN_POINT('',(-189.040583137,104.11184742407,3.8));
#2085 = DIRECTION('',(-0.742310798414,0.67005572795,0.));
#2086 = DIRECTION('',(0.67005572795,0.742310798414,0.));
#2087 = ADVANCED_FACE('',(#2088),#2106,.F.);
#2088 = FACE_BOUND('',#2089,.F.);
#2089 = EDGE_LOOP('',(#2090,#2091,#2099,#2105));
#2090 = ORIENTED_EDGE('',*,*,#475,.F.);
#2091 = ORIENTED_EDGE('',*,*,#2092,.T.);
#2092 = EDGE_CURVE('',#476,#2093,#2095,.T.);
#2093 = VERTEX_POINT('',#2094);
#2094 = CARTESIAN_POINT('',(-165.,99.239914916026,14.));
#2095 = LINE('',#2096,#2097);
#2096 = CARTESIAN_POINT('',(-165.,99.239914916026,4.));
#2097 = VECTOR('',#2098,1.);
#2098 = DIRECTION('',(0.,0.,1.));
#2099 = ORIENTED_EDGE('',*,*,#2100,.T.);
#2100 = EDGE_CURVE('',#2093,#2052,#2101,.T.);
#2101 = LINE('',#2102,#2103);
#2102 = CARTESIAN_POINT('',(-139.228250949,93.413854625259,14.));
#2103 = VECTOR('',#2104,1.);
#2104 = DIRECTION('',(-0.975387035788,0.220499728835,0.));
#2105 = ORIENTED_EDGE('',*,*,#2051,.T.);
#2106 = PLANE('',#2107);
#2107 = AXIS2_PLACEMENT_3D('',#2108,#2109,#2110);
#2108 = CARTESIAN_POINT('',(-139.228250949,93.413854625259,4.));
#2109 = DIRECTION('',(-0.220499728835,-0.975387035788,0.));
#2110 = DIRECTION('',(0.,0.,1.));
#2111 = ADVANCED_FACE('',(#2112),#2134,.F.);
#2112 = FACE_BOUND('',#2113,.F.);
#2113 = EDGE_LOOP('',(#2114,#2115,#2116,#2124,#2130,#2131,#2132,#2133));
#2114 = ORIENTED_EDGE('',*,*,#860,.F.);
#2115 = ORIENTED_EDGE('',*,*,#949,.T.);
#2116 = ORIENTED_EDGE('',*,*,#2117,.T.);
#2117 = EDGE_CURVE('',#950,#2118,#2120,.T.);
#2118 = VERTEX_POINT('',#2119);
#2119 = CARTESIAN_POINT('',(-165.,92.063276573336,14.));
#2120 = LINE('',#2121,#2122);
#2121 = CARTESIAN_POINT('',(-165.,92.063276573336,4.));
#2122 = VECTOR('',#2123,1.);
#2123 = DIRECTION('',(0.,0.,1.));
#2124 = ORIENTED_EDGE('',*,*,#2125,.T.);
#2125 = EDGE_CURVE('',#2118,#2093,#2126,.T.);
#2126 = LINE('',#2127,#2128);
#2127 = CARTESIAN_POINT('',(-165.,79.206927312629,14.));
#2128 = VECTOR('',#2129,1.);
#2129 = DIRECTION('',(0.,1.,0.));
#2130 = ORIENTED_EDGE('',*,*,#2092,.F.);
#2131 = ORIENTED_EDGE('',*,*,#483,.T.);
#2132 = ORIENTED_EDGE('',*,*,#507,.T.);
#2133 = ORIENTED_EDGE('',*,*,#581,.T.);
#2134 = PLANE('',#2135);
#2135 = AXIS2_PLACEMENT_3D('',#2136,#2137,#2138);
#2136 = CARTESIAN_POINT('',(-165.,65.,4.));
#2137 = DIRECTION('',(1.,0.,0.));
#2138 = DIRECTION('',(0.,0.,1.));
#2139 = ADVANCED_FACE('',(#2140),#2145,.T.);
#2140 = FACE_BOUND('',#2141,.T.);
#2141 = EDGE_LOOP('',(#2142,#2143,#2144));
#2142 = ORIENTED_EDGE('',*,*,#604,.F.);
#2143 = ORIENTED_EDGE('',*,*,#807,.T.);
#2144 = ORIENTED_EDGE('',*,*,#684,.T.);
#2145 = PLANE('',#2146);
#2146 = AXIS2_PLACEMENT_3D('',#2147,#2148,#2149);
#2147 = CARTESIAN_POINT('',(-117.2672419443,72.559122605389,17.6));
#2148 = DIRECTION('',(-0.758661792252,-0.651484677469,0.));
#2149 = DIRECTION('',(-0.651484677469,0.758661792252,0.));
#2150 = ADVANCED_FACE('',(#2151),#2158,.T.);
#2151 = FACE_BOUND('',#2152,.T.);
#2152 = EDGE_LOOP('',(#2153,#2154,#2155,#2156,#2157));
#2153 = ORIENTED_EDGE('',*,*,#725,.T.);
#2154 = ORIENTED_EDGE('',*,*,#708,.T.);
#2155 = ORIENTED_EDGE('',*,*,#636,.T.);
#2156 = ORIENTED_EDGE('',*,*,#837,.T.);
#2157 = ORIENTED_EDGE('',*,*,#790,.T.);
#2158 = PLANE('',#2159);
#2159 = AXIS2_PLACEMENT_3D('',#2160,#2161,#2162);
#2160 = CARTESIAN_POINT('',(-90.,90.,9.389826944734));
#2161 = DIRECTION('',(1.,0.,0.));
#2162 = DIRECTION('',(0.,0.,1.));
#2163 = ADVANCED_FACE('',(#2164),#2181,.F.);
#2164 = FACE_BOUND('',#2165,.F.);
#2165 = EDGE_LOOP('',(#2166,#2172,#2173,#2179,#2180));
#2166 = ORIENTED_EDGE('',*,*,#2167,.F.);
#2167 = EDGE_CURVE('',#760,#823,#2168,.T.);
#2168 = LINE('',#2169,#2170);
#2169 = CARTESIAN_POINT('',(-110.7,83.7,-1.));
#2170 = VECTOR('',#2171,1.);
#2171 = DIRECTION('',(0.,0.,1.));
#2172 = ORIENTED_EDGE('',*,*,#767,.F.);
#2173 = ORIENTED_EDGE('',*,*,#2174,.T.);
#2174 = EDGE_CURVE('',#744,#653,#2175,.T.);
#2175 = LINE('',#2176,#2177);
#2176 = CARTESIAN_POINT('',(-110.7,96.3,-1.));
#2177 = VECTOR('',#2178,1.);
#2178 = DIRECTION('',(0.,0.,1.));
#2179 = ORIENTED_EDGE('',*,*,#652,.T.);
#2180 = ORIENTED_EDGE('',*,*,#830,.T.);
#2181 = PLANE('',#2182);
#2182 = AXIS2_PLACEMENT_3D('',#2183,#2184,#2185);
#2183 = CARTESIAN_POINT('',(-110.7,83.7,-1.));
#2184 = DIRECTION('',(1.,0.,0.));
#2185 = DIRECTION('',(0.,0.,1.));
#2186 = ADVANCED_FACE('',(#2187),#2198,.F.);
#2187 = FACE_BOUND('',#2188,.F.);
#2188 = EDGE_LOOP('',(#2189,#2190,#2191,#2197));
#2189 = ORIENTED_EDGE('',*,*,#2174,.F.);
#2190 = ORIENTED_EDGE('',*,*,#741,.F.);
#2191 = ORIENTED_EDGE('',*,*,#2192,.T.);
#2192 = EDGE_CURVE('',#742,#661,#2193,.T.);
#2193 = LINE('',#2194,#2195);
#2194 = CARTESIAN_POINT('',(-119.3,96.3,-1.));
#2195 = VECTOR('',#2196,1.);
#2196 = DIRECTION('',(0.,0.,1.));
#2197 = ORIENTED_EDGE('',*,*,#660,.T.);
#2198 = PLANE('',#2199);
#2199 = AXIS2_PLACEMENT_3D('',#2200,#2201,#2202);
#2200 = CARTESIAN_POINT('',(-119.3,96.3,-1.));
#2201 = DIRECTION('',(0.,1.,0.));
#2202 = DIRECTION('',(0.,0.,1.));
#2203 = ADVANCED_FACE('',(#2204),#2216,.T.);
#2204 = FACE_BOUND('',#2205,.T.);
#2205 = EDGE_LOOP('',(#2206,#2212,#2213,#2214,#2215));
#2206 = ORIENTED_EDGE('',*,*,#2207,.F.);
#2207 = EDGE_CURVE('',#752,#815,#2208,.T.);
#2208 = LINE('',#2209,#2210);
#2209 = CARTESIAN_POINT('',(-119.3,83.7,-1.));
#2210 = VECTOR('',#2211,1.);
#2211 = DIRECTION('',(0.,0.,1.));
#2212 = ORIENTED_EDGE('',*,*,#751,.F.);
#2213 = ORIENTED_EDGE('',*,*,#2192,.T.);
#2214 = ORIENTED_EDGE('',*,*,#668,.T.);
#2215 = ORIENTED_EDGE('',*,*,#814,.T.);
#2216 = PLANE('',#2217);
#2217 = AXIS2_PLACEMENT_3D('',#2218,#2219,#2220);
#2218 = CARTESIAN_POINT('',(-119.3,83.7,-1.));
#2219 = DIRECTION('',(1.,0.,0.));
#2220 = DIRECTION('',(0.,0.,1.));
#2221 = ADVANCED_FACE('',(#2222),#2228,.T.);
#2222 = FACE_BOUND('',#2223,.T.);
#2223 = EDGE_LOOP('',(#2224,#2225,#2226,#2227));
#2224 = ORIENTED_EDGE('',*,*,#2167,.F.);
#2225 = ORIENTED_EDGE('',*,*,#759,.F.);
#2226 = ORIENTED_EDGE('',*,*,#2207,.T.);
#2227 = ORIENTED_EDGE('',*,*,#822,.T.);
#2228 = PLANE('',#2229);
#2229 = AXIS2_PLACEMENT_3D('',#2230,#2231,#2232);
#2230 = CARTESIAN_POINT('',(-119.3,83.7,-1.));
#2231 = DIRECTION('',(0.,1.,0.));
#2232 = DIRECTION('',(0.,0.,1.));
#2233 = ADVANCED_FACE('',(#2234),#2263,.F.);
#2234 = FACE_BOUND('',#2235,.F.);
#2235 = EDGE_LOOP('',(#2236,#2237,#2238,#2246,#2254,#2260,#2261,#2262));
#2236 = ORIENTED_EDGE('',*,*,#1668,.F.);
#2237 = ORIENTED_EDGE('',*,*,#901,.T.);
#2238 = ORIENTED_EDGE('',*,*,#2239,.T.);
#2239 = EDGE_CURVE('',#902,#2240,#2242,.T.);
#2240 = VERTEX_POINT('',#2241);
#2241 = CARTESIAN_POINT('',(-165.,-99.23991491602,14.));
#2242 = LINE('',#2243,#2244);
#2243 = CARTESIAN_POINT('',(-165.,-99.23991491602,4.));
#2244 = VECTOR('',#2245,1.);
#2245 = DIRECTION('',(0.,0.,1.));
#2246 = ORIENTED_EDGE('',*,*,#2247,.T.);
#2247 = EDGE_CURVE('',#2240,#2248,#2250,.T.);
#2248 = VERTEX_POINT('',#2249);
#2249 = CARTESIAN_POINT('',(-165.,-92.06327657333,14.));
#2250 = LINE('',#2251,#2252);
#2251 = CARTESIAN_POINT('',(-165.,-100.7930726873,14.));
#2252 = VECTOR('',#2253,1.);
#2253 = DIRECTION('',(0.,1.,0.));
#2254 = ORIENTED_EDGE('',*,*,#2255,.F.);
#2255 = EDGE_CURVE('',#926,#2248,#2256,.T.);
#2256 = LINE('',#2257,#2258);
#2257 = CARTESIAN_POINT('',(-165.,-92.06327657333,4.));
#2258 = VECTOR('',#2259,1.);
#2259 = DIRECTION('',(0.,0.,1.));
#2260 = ORIENTED_EDGE('',*,*,#933,.T.);
#2261 = ORIENTED_EDGE('',*,*,#1620,.T.);
#2262 = ORIENTED_EDGE('',*,*,#1643,.F.);
#2263 = PLANE('',#2264);
#2264 = AXIS2_PLACEMENT_3D('',#2265,#2266,#2267);
#2265 = CARTESIAN_POINT('',(-165.,-115.,4.));
#2266 = DIRECTION('',(1.,0.,0.));
#2267 = DIRECTION('',(0.,0.,1.));
#2268 = ADVANCED_FACE('',(#2269),#2287,.T.);
#2269 = FACE_BOUND('',#2270,.T.);
#2270 = EDGE_LOOP('',(#2271,#2272,#2273,#2281));
#2271 = ORIENTED_EDGE('',*,*,#909,.F.);
#2272 = ORIENTED_EDGE('',*,*,#2239,.T.);
#2273 = ORIENTED_EDGE('',*,*,#2274,.T.);
#2274 = EDGE_CURVE('',#2240,#2275,#2277,.T.);
#2275 = VERTEX_POINT('',#2276);
#2276 = CARTESIAN_POINT('',(-327.228250949,-135.9138546252,14.));
#2277 = LINE('',#2278,#2279);
#2278 = CARTESIAN_POINT('',(-139.228250949,-93.41385462525,14.));
#2279 = VECTOR('',#2280,1.);
#2280 = DIRECTION('',(-0.975387035788,-0.220499728835,0.));
#2281 = ORIENTED_EDGE('',*,*,#2282,.F.);
#2282 = EDGE_CURVE('',#910,#2275,#2283,.T.);
#2283 = LINE('',#2284,#2285);
#2284 = CARTESIAN_POINT('',(-327.228250949,-135.9138546252,4.));
#2285 = VECTOR('',#2286,1.);
#2286 = DIRECTION('',(0.,0.,1.));
#2287 = PLANE('',#2288);
#2288 = AXIS2_PLACEMENT_3D('',#2289,#2290,#2291);
#2289 = CARTESIAN_POINT('',(-139.228250949,-93.41385462525,4.));
#2290 = DIRECTION('',(0.220499728835,-0.975387035788,0.));
#2291 = DIRECTION('',(0.,0.,1.));
#2292 = ADVANCED_FACE('',(#2293),#2311,.T.);
#2293 = FACE_BOUND('',#2294,.T.);
#2294 = EDGE_LOOP('',(#2295,#2303,#2304,#2305));
#2295 = ORIENTED_EDGE('',*,*,#2296,.F.);
#2296 = EDGE_CURVE('',#918,#2297,#2299,.T.);
#2297 = VERTEX_POINT('',#2298);
#2298 = CARTESIAN_POINT('',(-328.7717490509,-129.0861453747,14.));
#2299 = LINE('',#2300,#2301);
#2300 = CARTESIAN_POINT('',(-328.7717490509,-129.0861453747,4.));
#2301 = VECTOR('',#2302,1.);
#2302 = DIRECTION('',(0.,0.,1.));
#2303 = ORIENTED_EDGE('',*,*,#917,.T.);
#2304 = ORIENTED_EDGE('',*,*,#2282,.T.);
#2305 = ORIENTED_EDGE('',*,*,#2306,.F.);
#2306 = EDGE_CURVE('',#2297,#2275,#2307,.T.);
#2307 = LINE('',#2308,#2309);
#2308 = CARTESIAN_POINT('',(-328.7717490509,-129.0861453747,14.));
#2309 = VECTOR('',#2310,1.);
#2310 = DIRECTION('',(0.220499728835,-0.975387035788,0.));
#2311 = PLANE('',#2312);
#2312 = AXIS2_PLACEMENT_3D('',#2313,#2314,#2315);
#2313 = CARTESIAN_POINT('',(-328.7717490509,-129.0861453747,4.));
#2314 = DIRECTION('',(-0.975387035788,-0.220499728835,0.));
#2315 = DIRECTION('',(0.,0.,1.));
#2316 = ADVANCED_FACE('',(#2317),#2328,.F.);
#2317 = FACE_BOUND('',#2318,.F.);
#2318 = EDGE_LOOP('',(#2319,#2320,#2321,#2327));
#2319 = ORIENTED_EDGE('',*,*,#925,.F.);
#2320 = ORIENTED_EDGE('',*,*,#2255,.T.);
#2321 = ORIENTED_EDGE('',*,*,#2322,.T.);
#2322 = EDGE_CURVE('',#2248,#2297,#2323,.T.);
#2323 = LINE('',#2324,#2325);
#2324 = CARTESIAN_POINT('',(-140.7717490509,-86.58614537474,14.));
#2325 = VECTOR('',#2326,1.);
#2326 = DIRECTION('',(-0.975387035788,-0.220499728835,0.));
#2327 = ORIENTED_EDGE('',*,*,#2296,.F.);
#2328 = PLANE('',#2329);
#2329 = AXIS2_PLACEMENT_3D('',#2330,#2331,#2332);
#2330 = CARTESIAN_POINT('',(-140.7717490509,-86.58614537474,4.));
#2331 = DIRECTION('',(0.220499728835,-0.975387035788,0.));
#2332 = DIRECTION('',(0.,0.,1.));
#2333 = ADVANCED_FACE('',(#2334),#2352,.T.);
#2334 = FACE_BOUND('',#2335,.T.);
#2335 = EDGE_LOOP('',(#2336,#2337,#2338,#2346));
#2336 = ORIENTED_EDGE('',*,*,#957,.F.);
#2337 = ORIENTED_EDGE('',*,*,#2117,.T.);
#2338 = ORIENTED_EDGE('',*,*,#2339,.T.);
#2339 = EDGE_CURVE('',#2118,#2340,#2342,.T.);
#2340 = VERTEX_POINT('',#2341);
#2341 = CARTESIAN_POINT('',(-193.8184865788,98.578094018023,14.));
#2342 = LINE('',#2343,#2344);
#2343 = CARTESIAN_POINT('',(-140.7717490509,86.586145374741,14.));
#2344 = VECTOR('',#2345,1.);
#2345 = DIRECTION('',(-0.975387035788,0.220499728835,0.));
#2346 = ORIENTED_EDGE('',*,*,#2347,.T.);
#2347 = EDGE_CURVE('',#2340,#958,#2348,.T.);
#2348 = LINE('',#2349,#2350);
#2349 = CARTESIAN_POINT('',(-193.8184865788,98.578094018023,3.9));
#2350 = VECTOR('',#2351,1.);
#2351 = DIRECTION('',(0.,0.,-1.));
#2352 = PLANE('',#2353);
#2353 = AXIS2_PLACEMENT_3D('',#2354,#2355,#2356);
#2354 = CARTESIAN_POINT('',(-140.7717490509,86.586145374741,4.));
#2355 = DIRECTION('',(-0.220499728835,-0.975387035788,0.));
#2356 = DIRECTION('',(0.,0.,1.));
#2357 = ADVANCED_FACE('',(#2358),#2392,.F.);
#2358 = FACE_BOUND('',#2359,.F.);
#2359 = EDGE_LOOP('',(#2360,#2361,#2362,#2370,#2378,#2386));
#2360 = ORIENTED_EDGE('',*,*,#2347,.T.);
#2361 = ORIENTED_EDGE('',*,*,#965,.T.);
#2362 = ORIENTED_EDGE('',*,*,#2363,.T.);
#2363 = EDGE_CURVE('',#966,#2364,#2366,.T.);
#2364 = VERTEX_POINT('',#2365);
#2365 = CARTESIAN_POINT('',(-193.9446259366,98.429730614289,16.8));
#2366 = LINE('',#2367,#2368);
#2367 = CARTESIAN_POINT('',(-193.9446259366,98.429730614289,3.8));
#2368 = VECTOR('',#2369,1.);
#2369 = DIRECTION('',(0.,0.,1.));
#2370 = ORIENTED_EDGE('',*,*,#2371,.T.);
#2371 = EDGE_CURVE('',#2364,#2372,#2374,.T.);
#2372 = VERTEX_POINT('',#2373);
#2373 = CARTESIAN_POINT('',(-191.5136788982,101.28897758764,16.8));
#2374 = LINE('',#2375,#2376);
#2375 = CARTESIAN_POINT('',(-214.8880925477,73.796308916748,16.8));
#2376 = VECTOR('',#2377,1.);
#2377 = DIRECTION('',(0.647739236369,0.761862114603,-0.));
#2378 = ORIENTED_EDGE('',*,*,#2379,.F.);
#2379 = EDGE_CURVE('',#2380,#2372,#2382,.T.);
#2380 = VERTEX_POINT('',#2381);
#2381 = CARTESIAN_POINT('',(-191.5136788982,101.28897758764,14.));
#2382 = LINE('',#2383,#2384);
#2383 = CARTESIAN_POINT('',(-191.5136788982,101.28897758764,3.8));
#2384 = VECTOR('',#2385,1.);
#2385 = DIRECTION('',(0.,0.,1.));
#2386 = ORIENTED_EDGE('',*,*,#2387,.T.);
#2387 = EDGE_CURVE('',#2380,#2340,#2388,.T.);
#2388 = LINE('',#2389,#2390);
#2389 = CARTESIAN_POINT('',(-183.7036946709,110.47497523043,14.));
#2390 = VECTOR('',#2391,1.);
#2391 = DIRECTION('',(-0.647739236369,-0.761862114603,0.));
#2392 = PLANE('',#2393);
#2393 = AXIS2_PLACEMENT_3D('',#2394,#2395,#2396);
#2394 = CARTESIAN_POINT('',(-193.9446259366,98.429730614289,3.8));
#2395 = DIRECTION('',(-0.761862114603,0.647739236369,0.));
#2396 = DIRECTION('',(0.647739236369,0.761862114603,0.));
#2397 = ADVANCED_FACE('',(#2398),#2416,.F.);
#2398 = FACE_BOUND('',#2399,.F.);
#2399 = EDGE_LOOP('',(#2400,#2401,#2402,#2410));
#2400 = ORIENTED_EDGE('',*,*,#2363,.F.);
#2401 = ORIENTED_EDGE('',*,*,#973,.T.);
#2402 = ORIENTED_EDGE('',*,*,#2403,.T.);
#2403 = EDGE_CURVE('',#974,#2404,#2406,.T.);
#2404 = VERTEX_POINT('',#2405);
#2405 = CARTESIAN_POINT('',(-196.3328892442,95.534735772948,16.8));
#2406 = LINE('',#2407,#2408);
#2407 = CARTESIAN_POINT('',(-196.3328892442,95.534735772948,3.8));
#2408 = VECTOR('',#2409,1.);
#2409 = DIRECTION('',(0.,0.,1.));
#2410 = ORIENTED_EDGE('',*,*,#2411,.T.);
#2411 = EDGE_CURVE('',#2404,#2364,#2412,.T.);
#2412 = LINE('',#2413,#2414);
#2413 = CARTESIAN_POINT('',(-215.6488689541,72.120373781118,16.8));
#2414 = VECTOR('',#2415,1.);
#2415 = DIRECTION('',(0.636365921066,0.771387331051,-0.));
#2416 = PLANE('',#2417);
#2417 = AXIS2_PLACEMENT_3D('',#2418,#2419,#2420);
#2418 = CARTESIAN_POINT('',(-196.3328892442,95.534735772948,3.8));
#2419 = DIRECTION('',(-0.771387331051,0.636365921066,0.));
#2420 = DIRECTION('',(0.636365921066,0.771387331051,0.));
#2421 = ADVANCED_FACE('',(#2422),#2440,.F.);
#2422 = FACE_BOUND('',#2423,.F.);
#2423 = EDGE_LOOP('',(#2424,#2425,#2426,#2434));
#2424 = ORIENTED_EDGE('',*,*,#2403,.F.);
#2425 = ORIENTED_EDGE('',*,*,#981,.T.);
#2426 = ORIENTED_EDGE('',*,*,#2427,.T.);
#2427 = EDGE_CURVE('',#982,#2428,#2430,.T.);
#2428 = VERTEX_POINT('',#2429);
#2429 = CARTESIAN_POINT('',(-198.6779432071,92.604630200017,16.8));
#2430 = LINE('',#2431,#2432);
#2431 = CARTESIAN_POINT('',(-198.6779432071,92.604630200017,3.8));
#2432 = VECTOR('',#2433,1.);
#2433 = DIRECTION('',(0.,0.,1.));
#2434 = ORIENTED_EDGE('',*,*,#2435,.T.);
#2435 = EDGE_CURVE('',#2428,#2404,#2436,.T.);
#2436 = LINE('',#2437,#2438);
#2437 = CARTESIAN_POINT('',(-216.4031882345,70.457233996674,16.8));
#2438 = VECTOR('',#2439,1.);
#2439 = DIRECTION('',(0.624852553048,0.780742778993,-0.));
#2440 = PLANE('',#2441);
#2441 = AXIS2_PLACEMENT_3D('',#2442,#2443,#2444);
#2442 = CARTESIAN_POINT('',(-198.6779432071,92.604630200017,3.8));
#2443 = DIRECTION('',(-0.780742778993,0.624852553048,0.));
#2444 = DIRECTION('',(0.624852553048,0.780742778993,0.));
#2445 = ADVANCED_FACE('',(#2446),#2464,.F.);
#2446 = FACE_BOUND('',#2447,.F.);
#2447 = EDGE_LOOP('',(#2448,#2449,#2450,#2458));
#2448 = ORIENTED_EDGE('',*,*,#2427,.F.);
#2449 = ORIENTED_EDGE('',*,*,#989,.T.);
#2450 = ORIENTED_EDGE('',*,*,#2451,.T.);
#2451 = EDGE_CURVE('',#990,#2452,#2454,.T.);
#2452 = VERTEX_POINT('',#2453);
#2453 = CARTESIAN_POINT('',(-200.9792717212,89.640058759137,16.8));
#2454 = LINE('',#2455,#2456);
#2455 = CARTESIAN_POINT('',(-200.9792717212,89.640058759137,3.8));
#2456 = VECTOR('',#2457,1.);
#2457 = DIRECTION('',(0.,0.,1.));
#2458 = ORIENTED_EDGE('',*,*,#2459,.T.);
#2459 = EDGE_CURVE('',#2452,#2428,#2460,.T.);
#2460 = LINE('',#2461,#2462);
#2461 = CARTESIAN_POINT('',(-217.1519417078,68.806424937731,16.8));
#2462 = VECTOR('',#2463,1.);
#2463 = DIRECTION('',(0.613201666199,0.789926399465,-0.));
#2464 = PLANE('',#2465);
#2465 = AXIS2_PLACEMENT_3D('',#2466,#2467,#2468);
#2466 = CARTESIAN_POINT('',(-200.9792717212,89.640058759137,3.8));
#2467 = DIRECTION('',(-0.789926399465,0.613201666199,0.));
#2468 = DIRECTION('',(0.613201666199,0.789926399465,0.));
#2469 = ADVANCED_FACE('',(#2470),#2488,.F.);
#2470 = FACE_BOUND('',#2471,.F.);
#2471 = EDGE_LOOP('',(#2472,#2473,#2474,#2482));
#2472 = ORIENTED_EDGE('',*,*,#2451,.F.);
#2473 = ORIENTED_EDGE('',*,*,#997,.T.);
#2474 = ORIENTED_EDGE('',*,*,#2475,.T.);
#2475 = EDGE_CURVE('',#998,#2476,#2478,.T.);
#2476 = VERTEX_POINT('',#2477);
#2477 = CARTESIAN_POINT('',(-203.2363683053,86.641673899265,16.8));
#2478 = LINE('',#2479,#2480);
#2479 = CARTESIAN_POINT('',(-203.2363683053,86.641673899265,3.8));
#2480 = VECTOR('',#2481,1.);
#2481 = DIRECTION('',(0.,0.,1.));
#2482 = ORIENTED_EDGE('',*,*,#2483,.T.);
#2483 = EDGE_CURVE('',#2476,#2452,#2484,.T.);
#2484 = LINE('',#2485,#2486);
#2485 = CARTESIAN_POINT('',(-217.8959968102,67.16744826337,16.8));
#2486 = VECTOR('',#2487,1.);
#2487 = DIRECTION('',(0.60141582467,0.798936171315,-0.));
#2488 = PLANE('',#2489);
#2489 = AXIS2_PLACEMENT_3D('',#2490,#2491,#2492);
#2490 = CARTESIAN_POINT('',(-203.2363683053,86.641673899265,3.8));
#2491 = DIRECTION('',(-0.798936171315,0.60141582467,0.));
#2492 = DIRECTION('',(0.60141582467,0.798936171315,0.));
#2493 = ADVANCED_FACE('',(#2494),#2512,.F.);
#2494 = FACE_BOUND('',#2495,.F.);
#2495 = EDGE_LOOP('',(#2496,#2497,#2498,#2506));
#2496 = ORIENTED_EDGE('',*,*,#2475,.F.);
#2497 = ORIENTED_EDGE('',*,*,#1005,.T.);
#2498 = ORIENTED_EDGE('',*,*,#2499,.T.);
#2499 = EDGE_CURVE('',#1006,#2500,#2502,.T.);
#2500 = VERTEX_POINT('',#2501);
#2501 = CARTESIAN_POINT('',(-205.4487362129,83.610135511086,16.8));
#2502 = LINE('',#2503,#2504);
#2503 = CARTESIAN_POINT('',(-205.4487362129,83.610135511086,3.8));
#2504 = VECTOR('',#2505,1.);
#2505 = DIRECTION('',(0.,0.,1.));
#2506 = ORIENTED_EDGE('',*,*,#2507,.T.);
#2507 = EDGE_CURVE('',#2500,#2476,#2508,.T.);
#2508 = LINE('',#2509,#2510);
#2509 = CARTESIAN_POINT('',(-218.6361959954,65.539772785634,16.8));
#2510 = VECTOR('',#2511,1.);
#2511 = DIRECTION('',(0.589497622315,0.807770111656,-0.));
#2512 = PLANE('',#2513);
#2513 = AXIS2_PLACEMENT_3D('',#2514,#2515,#2516);
#2514 = CARTESIAN_POINT('',(-205.4487362129,83.610135511086,3.8));
#2515 = DIRECTION('',(-0.807770111656,0.589497622315,0.));
#2516 = DIRECTION('',(0.589497622315,0.807770111656,0.));
#2517 = ADVANCED_FACE('',(#2518),#2536,.F.);
#2518 = FACE_BOUND('',#2519,.F.);
#2519 = EDGE_LOOP('',(#2520,#2521,#2522,#2530));
#2520 = ORIENTED_EDGE('',*,*,#2499,.F.);
#2521 = ORIENTED_EDGE('',*,*,#1013,.T.);
#2522 = ORIENTED_EDGE('',*,*,#2523,.T.);
#2523 = EDGE_CURVE('',#1014,#2524,#2526,.T.);
#2524 = VERTEX_POINT('',#2525);
#2525 = CARTESIAN_POINT('',(-207.6158885417,80.546110781781,16.8));
#2526 = LINE('',#2527,#2528);
#2527 = CARTESIAN_POINT('',(-207.6158885417,80.546110781781,3.8));
#2528 = VECTOR('',#2529,1.);
#2529 = DIRECTION('',(0.,0.,1.));
#2530 = ORIENTED_EDGE('',*,*,#2531,.T.);
#2531 = EDGE_CURVE('',#2524,#2500,#2532,.T.);
#2532 = LINE('',#2533,#2534);
#2533 = CARTESIAN_POINT('',(-219.3733556639,63.922835371605,16.8));
#2534 = VECTOR('',#2535,1.);
#2535 = DIRECTION('',(0.577449682115,0.816426276295,-0.));
#2536 = PLANE('',#2537);
#2537 = AXIS2_PLACEMENT_3D('',#2538,#2539,#2540);
#2538 = CARTESIAN_POINT('',(-207.6158885417,80.546110781781,3.8));
#2539 = DIRECTION('',(-0.816426276295,0.577449682115,0.));
#2540 = DIRECTION('',(0.577449682115,0.816426276295,0.));
#2541 = ADVANCED_FACE('',(#2542),#2560,.F.);
#2542 = FACE_BOUND('',#2543,.F.);
#2543 = EDGE_LOOP('',(#2544,#2545,#2546,#2554));
#2544 = ORIENTED_EDGE('',*,*,#2523,.F.);
#2545 = ORIENTED_EDGE('',*,*,#1021,.T.);
#2546 = ORIENTED_EDGE('',*,*,#2547,.T.);
#2547 = EDGE_CURVE('',#1022,#2548,#2550,.T.);
#2548 = VERTEX_POINT('',#2549);
#2549 = CARTESIAN_POINT('',(-209.7373483402,77.450274048192,16.8));
#2550 = LINE('',#2551,#2552);
#2551 = CARTESIAN_POINT('',(-209.7373483402,77.450274048192,3.8));
#2552 = VECTOR('',#2553,1.);
#2553 = DIRECTION('',(0.,0.,1.));
#2554 = ORIENTED_EDGE('',*,*,#2555,.T.);
#2555 = EDGE_CURVE('',#2548,#2524,#2556,.T.);
#2556 = LINE('',#2557,#2558);
#2557 = CARTESIAN_POINT('',(-220.1082651207,62.316041878253,16.8));
#2558 = VECTOR('',#2559,1.);
#2559 = DIRECTION('',(0.565274655605,0.824902760167,-0.));
#2560 = PLANE('',#2561);
#2561 = AXIS2_PLACEMENT_3D('',#2562,#2563,#2564);
#2562 = CARTESIAN_POINT('',(-209.7373483402,77.450274048192,3.8));
#2563 = DIRECTION('',(-0.824902760167,0.565274655605,0.));
#2564 = DIRECTION('',(0.565274655605,0.824902760167,0.));
#2565 = ADVANCED_FACE('',(#2566),#2584,.F.);
#2566 = FACE_BOUND('',#2567,.F.);
#2567 = EDGE_LOOP('',(#2568,#2569,#2570,#2578));
#2568 = ORIENTED_EDGE('',*,*,#2547,.F.);
#2569 = ORIENTED_EDGE('',*,*,#1029,.T.);
#2570 = ORIENTED_EDGE('',*,*,#2571,.T.);
#2571 = EDGE_CURVE('',#1030,#2572,#2574,.T.);
#2572 = VERTEX_POINT('',#2573);
#2573 = CARTESIAN_POINT('',(-211.8126487133,74.323306648412,16.8));
#2574 = LINE('',#2575,#2576);
#2575 = CARTESIAN_POINT('',(-211.8126487133,74.323306648412,3.8));
#2576 = VECTOR('',#2577,1.);
#2577 = DIRECTION('',(0.,0.,1.));
#2578 = ORIENTED_EDGE('',*,*,#2579,.T.);
#2579 = EDGE_CURVE('',#2572,#2548,#2580,.T.);
#2580 = LINE('',#2581,#2582);
#2581 = CARTESIAN_POINT('',(-220.8416855642,60.718768119633,16.8));
#2582 = VECTOR('',#2583,1.);
#2583 = DIRECTION('',(0.55297522229,0.833197697748,-0.));
#2584 = PLANE('',#2585);
#2585 = AXIS2_PLACEMENT_3D('',#2586,#2587,#2588);
#2586 = CARTESIAN_POINT('',(-211.8126487133,74.323306648412,3.8));
#2587 = DIRECTION('',(-0.833197697748,0.55297522229,0.));
#2588 = DIRECTION('',(0.55297522229,0.833197697748,0.));
#2589 = ADVANCED_FACE('',(#2590),#2608,.F.);
#2590 = FACE_BOUND('',#2591,.F.);
#2591 = EDGE_LOOP('',(#2592,#2593,#2594,#2602));
#2592 = ORIENTED_EDGE('',*,*,#2571,.F.);
#2593 = ORIENTED_EDGE('',*,*,#1037,.T.);
#2594 = ORIENTED_EDGE('',*,*,#2595,.T.);
#2595 = EDGE_CURVE('',#1038,#2596,#2598,.T.);
#2596 = VERTEX_POINT('',#2597);
#2597 = CARTESIAN_POINT('',(-213.8413329246,71.165896771833,16.8));
#2598 = LINE('',#2599,#2600);
#2599 = CARTESIAN_POINT('',(-213.8413329246,71.165896771833,3.8));
#2600 = VECTOR('',#2601,1.);
#2601 = DIRECTION('',(0.,0.,1.));
#2602 = ORIENTED_EDGE('',*,*,#2603,.T.);
#2603 = EDGE_CURVE('',#2596,#2572,#2604,.T.);
#2604 = LINE('',#2605,#2606);
#2605 = CARTESIAN_POINT('',(-221.5743491065,59.130360864871,16.8));
#2606 = VECTOR('',#2607,1.);
#2607 = DIRECTION('',(0.540554089056,0.841309263473,-0.));
#2608 = PLANE('',#2609);
#2609 = AXIS2_PLACEMENT_3D('',#2610,#2611,#2612);
#2610 = CARTESIAN_POINT('',(-213.8413329246,71.165896771833,3.8));
#2611 = DIRECTION('',(-0.841309263473,0.540554089056,0.));
#2612 = DIRECTION('',(0.540554089056,0.841309263473,0.));
#2613 = ADVANCED_FACE('',(#2614),#2632,.F.);
#2614 = FACE_BOUND('',#2615,.F.);
#2615 = EDGE_LOOP('',(#2616,#2617,#2618,#2626));
#2616 = ORIENTED_EDGE('',*,*,#2595,.F.);
#2617 = ORIENTED_EDGE('',*,*,#1045,.T.);
#2618 = ORIENTED_EDGE('',*,*,#2619,.T.);
#2619 = EDGE_CURVE('',#1046,#2620,#2622,.T.);
#2620 = VERTEX_POINT('',#2621);
#2621 = CARTESIAN_POINT('',(-215.8229544971,67.978739307693,16.8));
#2622 = LINE('',#2623,#2624);
#2623 = CARTESIAN_POINT('',(-215.8229544971,67.978739307693,3.8));
#2624 = VECTOR('',#2625,1.);
#2625 = DIRECTION('',(0.,0.,1.));
#2626 = ORIENTED_EDGE('',*,*,#2627,.T.);
#2627 = EDGE_CURVE('',#2620,#2596,#2628,.T.);
#2628 = LINE('',#2629,#2630);
#2629 = CARTESIAN_POINT('',(-222.3069578253,57.55013886646,16.8));
#2630 = VECTOR('',#2631,1.);
#2631 = DIRECTION('',(0.528013989569,0.849235672131,-0.));
#2632 = PLANE('',#2633);
#2633 = AXIS2_PLACEMENT_3D('',#2634,#2635,#2636);
#2634 = CARTESIAN_POINT('',(-215.8229544971,67.978739307693,3.8));
#2635 = DIRECTION('',(-0.849235672131,0.528013989569,0.));
#2636 = DIRECTION('',(0.528013989569,0.849235672131,0.));
#2637 = ADVANCED_FACE('',(#2638),#2656,.F.);
#2638 = FACE_BOUND('',#2639,.F.);
#2639 = EDGE_LOOP('',(#2640,#2641,#2642,#2650));
#2640 = ORIENTED_EDGE('',*,*,#2619,.F.);
#2641 = ORIENTED_EDGE('',*,*,#1053,.T.);
#2642 = ORIENTED_EDGE('',*,*,#2643,.T.);
#2643 = EDGE_CURVE('',#1054,#2644,#2646,.T.);
#2644 = VERTEX_POINT('',#2645);
#2645 = CARTESIAN_POINT('',(-217.7570773115,64.762535692137,16.8));
#2646 = LINE('',#2647,#2648);
#2647 = CARTESIAN_POINT('',(-217.7570773115,64.762535692137,3.8));
#2648 = VECTOR('',#2649,1.);
#2649 = DIRECTION('',(0.,0.,1.));
#2650 = ORIENTED_EDGE('',*,*,#2651,.T.);
#2651 = EDGE_CURVE('',#2644,#2620,#2652,.T.);
#2652 = LINE('',#2653,#2654);
#2653 = CARTESIAN_POINT('',(-223.0401828498,55.977393917605,16.8));
#2654 = VECTOR('',#2655,1.);
#2655 = DIRECTION('',(0.515357683682,0.856975179261,-0.));
#2656 = PLANE('',#2657);
#2657 = AXIS2_PLACEMENT_3D('',#2658,#2659,#2660);
#2658 = CARTESIAN_POINT('',(-217.7570773115,64.762535692137,3.8));
#2659 = DIRECTION('',(-0.856975179261,0.515357683682,0.));
#2660 = DIRECTION('',(0.515357683682,0.856975179261,0.));
#2661 = ADVANCED_FACE('',(#2662),#2680,.F.);
#2662 = FACE_BOUND('',#2663,.F.);
#2663 = EDGE_LOOP('',(#2664,#2665,#2666,#2674));
#2664 = ORIENTED_EDGE('',*,*,#2643,.F.);
#2665 = ORIENTED_EDGE('',*,*,#1061,.T.);
#2666 = ORIENTED_EDGE('',*,*,#2667,.T.);
#2667 = EDGE_CURVE('',#1062,#2668,#2670,.T.);
#2668 = VERTEX_POINT('',#2669);
#2669 = CARTESIAN_POINT('',(-219.643275702,61.517993753848,16.8));
#2670 = LINE('',#2671,#2672);
#2671 = CARTESIAN_POINT('',(-219.643275702,61.517993753848,3.8));
#2672 = VECTOR('',#2673,1.);
#2673 = DIRECTION('',(0.,0.,1.));
#2674 = ORIENTED_EDGE('',*,*,#2675,.T.);
#2675 = EDGE_CURVE('',#2668,#2644,#2676,.T.);
#2676 = LINE('',#2677,#2678);
#2677 = CARTESIAN_POINT('',(-223.7746634796,54.411391937619,16.8));
#2678 = VECTOR('',#2679,1.);
#2679 = DIRECTION('',(0.50258795682,0.864526081538,-0.));
#2680 = PLANE('',#2681);
#2681 = AXIS2_PLACEMENT_3D('',#2682,#2683,#2684);
#2682 = CARTESIAN_POINT('',(-219.643275702,61.517993753848,3.8));
#2683 = DIRECTION('',(-0.864526081538,0.50258795682,0.));
#2684 = DIRECTION('',(0.50258795682,0.864526081538,0.));
#2685 = ADVANCED_FACE('',(#2686),#2704,.F.);
#2686 = FACE_BOUND('',#2687,.F.);
#2687 = EDGE_LOOP('',(#2688,#2689,#2690,#2698));
#2688 = ORIENTED_EDGE('',*,*,#2667,.F.);
#2689 = ORIENTED_EDGE('',*,*,#1069,.T.);
#2690 = ORIENTED_EDGE('',*,*,#2691,.T.);
#2691 = EDGE_CURVE('',#1070,#2692,#2694,.T.);
#2692 = VERTEX_POINT('',#2693);
#2693 = CARTESIAN_POINT('',(-221.4811345503,58.245827558266,16.8));
#2694 = LINE('',#2695,#2696);
#2695 = CARTESIAN_POINT('',(-221.4811345503,58.245827558266,3.8));
#2696 = VECTOR('',#2697,1.);
#2697 = DIRECTION('',(0.,0.,1.));
#2698 = ORIENTED_EDGE('',*,*,#2699,.T.);
#2699 = EDGE_CURVE('',#2692,#2668,#2700,.T.);
#2700 = LINE('',#2701,#2702);
#2701 = CARTESIAN_POINT('',(-224.5110063404,52.851374084437,16.8));
#2702 = VECTOR('',#2703,1.);
#2703 = DIRECTION('',(0.48970761937,0.871886717143,-0.));
#2704 = PLANE('',#2705);
#2705 = AXIS2_PLACEMENT_3D('',#2706,#2707,#2708);
#2706 = CARTESIAN_POINT('',(-221.4811345503,58.245827558266,3.8));
#2707 = DIRECTION('',(-0.871886717143,0.48970761937,0.));
#2708 = DIRECTION('',(0.48970761937,0.871886717143,0.));
#2709 = ADVANCED_FACE('',(#2710),#2728,.F.);
#2710 = FACE_BOUND('',#2711,.F.);
#2711 = EDGE_LOOP('',(#2712,#2713,#2714,#2722));
#2712 = ORIENTED_EDGE('',*,*,#2691,.F.);
#2713 = ORIENTED_EDGE('',*,*,#1077,.T.);
#2714 = ORIENTED_EDGE('',*,*,#2715,.T.);
#2715 = EDGE_CURVE('',#1078,#2716,#2718,.T.);
#2716 = VERTEX_POINT('',#2717);
#2717 = CARTESIAN_POINT('',(-223.2702493766,54.946757250432,16.8));
#2718 = LINE('',#2719,#2720);
#2719 = CARTESIAN_POINT('',(-223.2702493766,54.946757250432,3.8));
#2720 = VECTOR('',#2721,1.);
#2721 = DIRECTION('',(0.,0.,1.));
#2722 = ORIENTED_EDGE('',*,*,#2723,.T.);
#2723 = EDGE_CURVE('',#2716,#2692,#2724,.T.);
#2724 = LINE('',#2725,#2726);
#2725 = CARTESIAN_POINT('',(-225.2497845729,51.29655789292,16.8));
#2726 = VECTOR('',#2727,1.);
#2727 = DIRECTION('',(0.476719506064,0.879055466133,-0.));
#2728 = PLANE('',#2729);
#2729 = AXIS2_PLACEMENT_3D('',#2730,#2731,#2732);
#2730 = CARTESIAN_POINT('',(-223.2702493766,54.946757250432,3.8));
#2731 = DIRECTION('',(-0.879055466133,0.476719506064,0.));
#2732 = DIRECTION('',(0.476719506064,0.879055466133,0.));
#2733 = ADVANCED_FACE('',(#2734),#2752,.F.);
#2734 = FACE_BOUND('',#2735,.F.);
#2735 = EDGE_LOOP('',(#2736,#2737,#2738,#2746));
#2736 = ORIENTED_EDGE('',*,*,#2715,.F.);
#2737 = ORIENTED_EDGE('',*,*,#1085,.T.);
#2738 = ORIENTED_EDGE('',*,*,#2739,.T.);
#2739 = EDGE_CURVE('',#1086,#2740,#2742,.T.);
#2740 = VERTEX_POINT('',#2741);
#2741 = CARTESIAN_POINT('',(-225.0102264289,51.6215088965,16.8));
#2742 = LINE('',#2743,#2744);
#2743 = CARTESIAN_POINT('',(-225.0102264289,51.6215088965,3.8));
#2744 = VECTOR('',#2745,1.);
#2745 = DIRECTION('',(0.,0.,1.));
#2746 = ORIENTED_EDGE('',*,*,#2747,.T.);
#2747 = EDGE_CURVE('',#2740,#2716,#2748,.T.);
#2748 = LINE('',#2749,#2750);
#2749 = CARTESIAN_POINT('',(-225.9915370603,49.746138438144,16.8));
#2750 = VECTOR('',#2751,1.);
#2751 = DIRECTION('',(0.463626475352,0.886030750794,-0.));
#2752 = PLANE('',#2753);
#2753 = AXIS2_PLACEMENT_3D('',#2754,#2755,#2756);
#2754 = CARTESIAN_POINT('',(-225.0102264289,51.6215088965,3.8));
#2755 = DIRECTION('',(-0.886030750794,0.463626475352,0.));
#2756 = DIRECTION('',(0.463626475352,0.886030750794,0.));
#2757 = ADVANCED_FACE('',(#2758),#2776,.F.);
#2758 = FACE_BOUND('',#2759,.F.);
#2759 = EDGE_LOOP('',(#2760,#2761,#2762,#2770));
#2760 = ORIENTED_EDGE('',*,*,#2739,.F.);
#2761 = ORIENTED_EDGE('',*,*,#1093,.T.);
#2762 = ORIENTED_EDGE('',*,*,#2763,.T.);
#2763 = EDGE_CURVE('',#1094,#2764,#2766,.T.);
#2764 = VERTEX_POINT('',#2765);
#2765 = CARTESIAN_POINT('',(-226.7006827695,48.270814323944,16.8));
#2766 = LINE('',#2767,#2768);
#2767 = CARTESIAN_POINT('',(-226.7006827695,48.270814323944,3.8));
#2768 = VECTOR('',#2769,1.);
#2769 = DIRECTION('',(0.,0.,1.));
#2770 = ORIENTED_EDGE('',*,*,#2771,.T.);
#2771 = EDGE_CURVE('',#2764,#2740,#2772,.T.);
#2772 = LINE('',#2773,#2774);
#2773 = CARTESIAN_POINT('',(-226.7367676921,48.199289522303,16.8));
#2774 = VECTOR('',#2775,1.);
#2775 = DIRECTION('',(0.450431408775,0.892811035992,-0.));
#2776 = PLANE('',#2777);
#2777 = AXIS2_PLACEMENT_3D('',#2778,#2779,#2780);
#2778 = CARTESIAN_POINT('',(-226.7006827695,48.270814323944,3.8));
#2779 = DIRECTION('',(-0.892811035992,0.450431408775,0.));
#2780 = DIRECTION('',(0.450431408775,0.892811035992,0.));
#2781 = ADVANCED_FACE('',(#2782),#2800,.F.);
#2782 = FACE_BOUND('',#2783,.F.);
#2783 = EDGE_LOOP('',(#2784,#2785,#2786,#2794));
#2784 = ORIENTED_EDGE('',*,*,#2763,.F.);
#2785 = ORIENTED_EDGE('',*,*,#1101,.T.);
#2786 = ORIENTED_EDGE('',*,*,#2787,.T.);
#2787 = EDGE_CURVE('',#1102,#2788,#2790,.T.);
#2788 = VERTEX_POINT('',#2789);
#2789 = CARTESIAN_POINT('',(-228.3412463591,44.89541096049,16.8));
#2790 = LINE('',#2791,#2792);
#2791 = CARTESIAN_POINT('',(-228.3412463591,44.89541096049,3.8));
#2792 = VECTOR('',#2793,1.);
#2793 = DIRECTION('',(0.,0.,1.));
#2794 = ORIENTED_EDGE('',*,*,#2795,.T.);
#2795 = EDGE_CURVE('',#2788,#2764,#2796,.T.);
#2796 = LINE('',#2797,#2798);
#2797 = CARTESIAN_POINT('',(-227.4859446653,46.655164884145,16.8));
#2798 = VECTOR('',#2799,1.);
#2799 = DIRECTION('',(0.43713721033,0.899394829508,-0.));
#2800 = PLANE('',#2801);
#2801 = AXIS2_PLACEMENT_3D('',#2802,#2803,#2804);
#2802 = CARTESIAN_POINT('',(-228.3412463591,44.89541096049,3.8));
#2803 = DIRECTION('',(-0.899394829508,0.43713721033,0.));
#2804 = DIRECTION('',(0.43713721033,0.899394829508,0.));
#2805 = ADVANCED_FACE('',(#2806),#2824,.F.);
#2806 = FACE_BOUND('',#2807,.F.);
#2807 = EDGE_LOOP('',(#2808,#2809,#2810,#2818));
#2808 = ORIENTED_EDGE('',*,*,#2787,.F.);
#2809 = ORIENTED_EDGE('',*,*,#1109,.T.);
#2810 = ORIENTED_EDGE('',*,*,#2811,.T.);
#2811 = EDGE_CURVE('',#1110,#2812,#2814,.T.);
#2812 = VERTEX_POINT('',#2813);
#2813 = CARTESIAN_POINT('',(-229.9315561394,41.496041671829,16.8));
#2814 = LINE('',#2815,#2816);
#2815 = CARTESIAN_POINT('',(-229.9315561394,41.496041671829,3.8));
#2816 = VECTOR('',#2817,1.);
#2817 = DIRECTION('',(0.,0.,1.));
#2818 = ORIENTED_EDGE('',*,*,#2819,.T.);
#2819 = EDGE_CURVE('',#2812,#2788,#2820,.T.);
#2820 = LINE('',#2821,#2822);
#2821 = CARTESIAN_POINT('',(-228.2394998259,45.112899429982,16.8));
#2822 = VECTOR('',#2823,1.);
#2823 = DIRECTION('',(0.423746805832,0.905780682366,-0.));
#2824 = PLANE('',#2825);
#2825 = AXIS2_PLACEMENT_3D('',#2826,#2827,#2828);
#2826 = CARTESIAN_POINT('',(-229.9315561394,41.496041671829,3.8));
#2827 = DIRECTION('',(-0.905780682366,0.423746805832,0.));
#2828 = DIRECTION('',(0.423746805832,0.905780682366,0.));
#2829 = ADVANCED_FACE('',(#2830),#2848,.F.);
#2830 = FACE_BOUND('',#2831,.F.);
#2831 = EDGE_LOOP('',(#2832,#2833,#2834,#2842));
#2832 = ORIENTED_EDGE('',*,*,#2811,.F.);
#2833 = ORIENTED_EDGE('',*,*,#1117,.T.);
#2834 = ORIENTED_EDGE('',*,*,#2835,.T.);
#2835 = EDGE_CURVE('',#1118,#2836,#2838,.T.);
#2836 = VERTEX_POINT('',#2837);
#2837 = CARTESIAN_POINT('',(-231.4712621115,38.073454598121,16.8));
#2838 = LINE('',#2839,#2840);
#2839 = CARTESIAN_POINT('',(-231.4712621115,38.073454598121,3.8));
#2840 = VECTOR('',#2841,1.);
#2841 = DIRECTION('',(0.,0.,1.));
#2842 = ORIENTED_EDGE('',*,*,#2843,.T.);
#2843 = EDGE_CURVE('',#2836,#2812,#2844,.T.);
#2844 = LINE('',#2845,#2846);
#2845 = CARTESIAN_POINT('',(-228.9978280477,43.571610484564,16.8));
#2846 = VECTOR('',#2847,1.);
#2847 = DIRECTION('',(0.410263142269,0.911967189155,-0.));
#2848 = PLANE('',#2849);
#2849 = AXIS2_PLACEMENT_3D('',#2850,#2851,#2852);
#2850 = CARTESIAN_POINT('',(-231.4712621115,38.073454598121,3.8));
#2851 = DIRECTION('',(-0.911967189155,0.410263142269,0.));
#2852 = DIRECTION('',(0.410263142269,0.911967189155,0.));
#2853 = ADVANCED_FACE('',(#2854),#2872,.F.);
#2854 = FACE_BOUND('',#2855,.F.);
#2855 = EDGE_LOOP('',(#2856,#2857,#2858,#2866));
#2856 = ORIENTED_EDGE('',*,*,#2835,.F.);
#2857 = ORIENTED_EDGE('',*,*,#1125,.T.);
#2858 = ORIENTED_EDGE('',*,*,#2859,.T.);
#2859 = EDGE_CURVE('',#1126,#2860,#2862,.T.);
#2860 = VERTEX_POINT('',#2861);
#2861 = CARTESIAN_POINT('',(-232.960025414,34.628402989341,16.8));
#2862 = LINE('',#2863,#2864);
#2863 = CARTESIAN_POINT('',(-232.960025414,34.628402989341,3.8));
#2864 = VECTOR('',#2865,1.);
#2865 = DIRECTION('',(0.,0.,1.));
#2866 = ORIENTED_EDGE('',*,*,#2867,.T.);
#2867 = EDGE_CURVE('',#2860,#2836,#2868,.T.);
#2868 = LINE('',#2869,#2870);
#2869 = CARTESIAN_POINT('',(-229.7612866524,42.030399061331,16.8));
#2870 = VECTOR('',#2871,1.);
#2871 = DIRECTION('',(0.396689187153,0.917952988336,-0.));
#2872 = PLANE('',#2873);
#2873 = AXIS2_PLACEMENT_3D('',#2874,#2875,#2876);
#2874 = CARTESIAN_POINT('',(-232.960025414,34.628402989341,3.8));
#2875 = DIRECTION('',(-0.917952988336,0.396689187153,0.));
#2876 = DIRECTION('',(0.396689187153,0.917952988336,0.));
#2877 = ADVANCED_FACE('',(#2878),#2896,.F.);
#2878 = FACE_BOUND('',#2879,.F.);
#2879 = EDGE_LOOP('',(#2880,#2881,#2882,#2890));
#2880 = ORIENTED_EDGE('',*,*,#2859,.F.);
#2881 = ORIENTED_EDGE('',*,*,#1133,.T.);
#2882 = ORIENTED_EDGE('',*,*,#2883,.T.);
#2883 = EDGE_CURVE('',#1134,#2884,#2886,.T.);
#2884 = VERTEX_POINT('',#2885);
#2885 = CARTESIAN_POINT('',(-234.3975183966,31.161645039509,16.8));
#2886 = LINE('',#2887,#2888);
#2887 = CARTESIAN_POINT('',(-234.3975183966,31.161645039509,3.8));
#2888 = VECTOR('',#2889,1.);
#2889 = DIRECTION('',(0.,0.,1.));
#2890 = ORIENTED_EDGE('',*,*,#2891,.T.);
#2891 = EDGE_CURVE('',#2884,#2860,#2892,.T.);
#2892 = LINE('',#2893,#2894);
#2893 = CARTESIAN_POINT('',(-230.5301948687,40.488351150039,16.8));
#2894 = VECTOR('',#2895,1.);
#2895 = DIRECTION('',(0.383027927868,0.923736762543,-0.));
#2896 = PLANE('',#2897);
#2897 = AXIS2_PLACEMENT_3D('',#2898,#2899,#2900);
#2898 = CARTESIAN_POINT('',(-234.3975183966,31.161645039509,3.8));
#2899 = DIRECTION('',(-0.923736762543,0.383027927868,0.));
#2900 = DIRECTION('',(0.383027927868,0.923736762543,0.));
#2901 = ADVANCED_FACE('',(#2902),#2920,.F.);
#2902 = FACE_BOUND('',#2903,.F.);
#2903 = EDGE_LOOP('',(#2904,#2905,#2906,#2914));
#2904 = ORIENTED_EDGE('',*,*,#2883,.F.);
#2905 = ORIENTED_EDGE('',*,*,#1141,.T.);
#2906 = ORIENTED_EDGE('',*,*,#2907,.T.);
#2907 = EDGE_CURVE('',#1142,#2908,#2910,.T.);
#2908 = VERTEX_POINT('',#2909);
#2909 = CARTESIAN_POINT('',(-235.783424693,27.673943719819,16.8));
#2910 = LINE('',#2911,#2912);
#2911 = CARTESIAN_POINT('',(-235.783424693,27.673943719819,3.8));
#2912 = VECTOR('',#2913,1.);
#2913 = DIRECTION('',(0.,0.,1.));
#2914 = ORIENTED_EDGE('',*,*,#2915,.T.);
#2915 = EDGE_CURVE('',#2908,#2884,#2916,.T.);
#2916 = LINE('',#2917,#2918);
#2917 = CARTESIAN_POINT('',(-231.3048333341,38.944539021233,16.8));
#2918 = VECTOR('',#2919,1.);
#2919 = DIRECTION('',(0.369282371011,0.92931723887,-0.));
#2920 = PLANE('',#2921);
#2921 = AXIS2_PLACEMENT_3D('',#2922,#2923,#2924);
#2922 = CARTESIAN_POINT('',(-235.783424693,27.673943719819,3.8));
#2923 = DIRECTION('',(-0.92931723887,0.369282371011,0.));
#2924 = DIRECTION('',(0.369282371011,0.92931723887,0.));
#2925 = ADVANCED_FACE('',(#2926),#2944,.F.);
#2926 = FACE_BOUND('',#2927,.F.);
#2927 = EDGE_LOOP('',(#2928,#2929,#2930,#2938));
#2928 = ORIENTED_EDGE('',*,*,#2907,.F.);
#2929 = ORIENTED_EDGE('',*,*,#1149,.T.);
#2930 = ORIENTED_EDGE('',*,*,#2931,.T.);
#2931 = EDGE_CURVE('',#1150,#2932,#2934,.T.);
#2932 = VERTEX_POINT('',#2933);
#2933 = CARTESIAN_POINT('',(-237.1174392901,24.166066610724,16.8));
#2934 = LINE('',#2935,#2936);
#2935 = CARTESIAN_POINT('',(-237.1174392901,24.166066610724,3.8));
#2936 = VECTOR('',#2937,1.);
#2937 = DIRECTION('',(0.,0.,1.));
#2938 = ORIENTED_EDGE('',*,*,#2939,.T.);
#2939 = EDGE_CURVE('',#2932,#2908,#2940,.T.);
#2940 = LINE('',#2941,#2942);
#2941 = CARTESIAN_POINT('',(-232.0854436367,37.398022545734,16.8));
#2942 = VECTOR('',#2943,1.);
#2943 = DIRECTION('',(0.355455541733,0.934693189154,-0.));
#2944 = PLANE('',#2945);
#2945 = AXIS2_PLACEMENT_3D('',#2946,#2947,#2948);
#2946 = CARTESIAN_POINT('',(-237.1174392901,24.166066610724,3.8));
#2947 = DIRECTION('',(-0.934693189154,0.355455541733,0.));
#2948 = DIRECTION('',(0.355455541733,0.934693189154,0.));
#2949 = ADVANCED_FACE('',(#2950),#2968,.F.);
#2950 = FACE_BOUND('',#2951,.F.);
#2951 = EDGE_LOOP('',(#2952,#2953,#2954,#2962));
#2952 = ORIENTED_EDGE('',*,*,#2931,.F.);
#2953 = ORIENTED_EDGE('',*,*,#1157,.T.);
#2954 = ORIENTED_EDGE('',*,*,#2955,.T.);
#2955 = EDGE_CURVE('',#1158,#2956,#2958,.T.);
#2956 = VERTEX_POINT('',#2957);
#2957 = CARTESIAN_POINT('',(-238.3992685952,20.638785733007,16.8));
#2958 = LINE('',#2959,#2960);
#2959 = CARTESIAN_POINT('',(-238.3992685952,20.638785733007,3.8));
#2960 = VECTOR('',#2961,1.);
#2961 = DIRECTION('',(0.,0.,1.));
#2962 = ORIENTED_EDGE('',*,*,#2963,.T.);
#2963 = EDGE_CURVE('',#2956,#2932,#2964,.T.);
#2964 = LINE('',#2965,#2966);
#2965 = CARTESIAN_POINT('',(-232.8722278989,35.847850528242,16.8));
#2966 = VECTOR('',#2967,1.);
#2967 = DIRECTION('',(0.341550483072,0.939863430246,-0.));
#2968 = PLANE('',#2969);
#2969 = AXIS2_PLACEMENT_3D('',#2970,#2971,#2972);
#2970 = CARTESIAN_POINT('',(-238.3992685952,20.638785733007,3.8));
#2971 = DIRECTION('',(-0.939863430246,0.341550483072,0.));
#2972 = DIRECTION('',(0.341550483072,0.939863430246,0.));
#2973 = ADVANCED_FACE('',(#2974),#2992,.F.);
#2974 = FACE_BOUND('',#2975,.F.);
#2975 = EDGE_LOOP('',(#2976,#2977,#2978,#2986));
#2976 = ORIENTED_EDGE('',*,*,#2955,.F.);
#2977 = ORIENTED_EDGE('',*,*,#1165,.T.);
#2978 = ORIENTED_EDGE('',*,*,#2979,.T.);
#2979 = EDGE_CURVE('',#1166,#2980,#2982,.T.);
#2980 = VERTEX_POINT('',#2981);
#2981 = CARTESIAN_POINT('',(-239.6286305008,17.092877377874,16.8));
#2982 = LINE('',#2983,#2984);
#2983 = CARTESIAN_POINT('',(-239.6286305008,17.092877377874,3.8));
#2984 = VECTOR('',#2985,1.);
#2985 = DIRECTION('',(0.,0.,1.));
#2986 = ORIENTED_EDGE('',*,*,#2987,.T.);
#2987 = EDGE_CURVE('',#2980,#2956,#2988,.T.);
#2988 = LINE('',#2989,#2990);
#2989 = CARTESIAN_POINT('',(-233.6653484046,34.29306205367,16.8));
#2990 = VECTOR('',#2991,1.);
#2991 = DIRECTION('',(0.32757025528,0.944826824268,-0.));
#2992 = PLANE('',#2993);
#2993 = AXIS2_PLACEMENT_3D('',#2994,#2995,#2996);
#2994 = CARTESIAN_POINT('',(-239.6286305008,17.092877377874,3.8));
#2995 = DIRECTION('',(-0.944826824268,0.32757025528,0.));
#2996 = DIRECTION('',(0.32757025528,0.944826824268,0.));
#2997 = ADVANCED_FACE('',(#2998),#3016,.F.);
#2998 = FACE_BOUND('',#2999,.F.);
#2999 = EDGE_LOOP('',(#3000,#3001,#3002,#3010));
#3000 = ORIENTED_EDGE('',*,*,#2979,.F.);
#3001 = ORIENTED_EDGE('',*,*,#1173,.T.);
#3002 = ORIENTED_EDGE('',*,*,#3003,.T.);
#3003 = EDGE_CURVE('',#1174,#3004,#3006,.T.);
#3004 = VERTEX_POINT('',#3005);
#3005 = CARTESIAN_POINT('',(-240.8052544462,13.5291219361,16.8));
#3006 = LINE('',#3007,#3008);
#3007 = CARTESIAN_POINT('',(-240.8052544462,13.5291219361,3.8));
#3008 = VECTOR('',#3009,1.);
#3009 = DIRECTION('',(0.,0.,1.));
#3010 = ORIENTED_EDGE('',*,*,#3011,.T.);
#3011 = EDGE_CURVE('',#3004,#2980,#3012,.T.);
#3012 = LINE('',#3013,#3014);
#3013 = CARTESIAN_POINT('',(-234.4649272673,32.732687844683,16.8));
#3014 = VECTOR('',#3015,1.);
#3015 = DIRECTION('',(0.313517935154,0.949582278866,-0.));
#3016 = PLANE('',#3017);
#3017 = AXIS2_PLACEMENT_3D('',#3018,#3019,#3020);
#3018 = CARTESIAN_POINT('',(-240.8052544462,13.5291219361,3.8));
#3019 = DIRECTION('',(-0.949582278866,0.313517935154,0.));
#3020 = DIRECTION('',(0.313517935154,0.949582278866,0.));
#3021 = ADVANCED_FACE('',(#3022),#3040,.F.);
#3022 = FACE_BOUND('',#3023,.F.);
#3023 = EDGE_LOOP('',(#3024,#3025,#3026,#3034));
#3024 = ORIENTED_EDGE('',*,*,#3003,.F.);
#3025 = ORIENTED_EDGE('',*,*,#1181,.T.);
#3026 = ORIENTED_EDGE('',*,*,#3027,.T.);
#3027 = EDGE_CURVE('',#1182,#3028,#3030,.T.);
#3028 = VERTEX_POINT('',#3029);
#3029 = CARTESIAN_POINT('',(-241.9288814778,9.948303726288,16.8));
#3030 = LINE('',#3031,#3032);
#3031 = CARTESIAN_POINT('',(-241.9288814778,9.948303726288,3.8));
#3032 = VECTOR('',#3033,1.);
#3033 = DIRECTION('',(0.,0.,1.));
#3034 = ORIENTED_EDGE('',*,*,#3035,.T.);
#3035 = EDGE_CURVE('',#3028,#3004,#3036,.T.);
#3036 = LINE('',#3037,#3038);
#3037 = CARTESIAN_POINT('',(-235.2710461428,31.165751629578,16.8));
#3038 = VECTOR('',#3039,1.);
#3039 = DIRECTION('',(0.29939661536,0.95412874745,-0.));
#3040 = PLANE('',#3041);
#3041 = AXIS2_PLACEMENT_3D('',#3042,#3043,#3044);
#3042 = CARTESIAN_POINT('',(-241.9288814778,9.948303726288,3.8));
#3043 = DIRECTION('',(-0.95412874745,0.29939661536,0.));
#3044 = DIRECTION('',(0.29939661536,0.95412874745,0.));
#3045 = ADVANCED_FACE('',(#3046),#3064,.F.);
#3046 = FACE_BOUND('',#3047,.F.);
#3047 = EDGE_LOOP('',(#3048,#3049,#3050,#3058));
#3048 = ORIENTED_EDGE('',*,*,#3027,.F.);
#3049 = ORIENTED_EDGE('',*,*,#1189,.T.);
#3050 = ORIENTED_EDGE('',*,*,#3051,.T.);
#3051 = EDGE_CURVE('',#1190,#3052,#3054,.T.);
#3052 = VERTEX_POINT('',#3053);
#3053 = CARTESIAN_POINT('',(-242.9992643053,6.351210822246,16.8));
#3054 = LINE('',#3055,#3056);
#3055 = CARTESIAN_POINT('',(-242.9992643053,6.351210822246,3.8));
#3056 = VECTOR('',#3057,1.);
#3057 = DIRECTION('',(0.,0.,1.));
#3058 = ORIENTED_EDGE('',*,*,#3059,.T.);
#3059 = EDGE_CURVE('',#3052,#3028,#3060,.T.);
#3060 = LINE('',#3061,#3062);
#3061 = CARTESIAN_POINT('',(-236.0837459841,29.591271518827,16.8));
#3062 = VECTOR('',#3063,1.);
#3063 = DIRECTION('',(0.285209403744,0.958465229425,-0.));
#3064 = PLANE('',#3065);
#3065 = AXIS2_PLACEMENT_3D('',#3066,#3067,#3068);
#3066 = CARTESIAN_POINT('',(-242.9992643053,6.351210822246,3.8));
#3067 = DIRECTION('',(-0.958465229425,0.285209403744,0.));
#3068 = DIRECTION('',(0.285209403744,0.958465229425,0.));
#3069 = ADVANCED_FACE('',(#3070),#3088,.F.);
#3070 = FACE_BOUND('',#3071,.F.);
#3071 = EDGE_LOOP('',(#3072,#3073,#3074,#3082));
#3072 = ORIENTED_EDGE('',*,*,#3051,.F.);
#3073 = ORIENTED_EDGE('',*,*,#1197,.T.);
#3074 = ORIENTED_EDGE('',*,*,#3075,.T.);
#3075 = EDGE_CURVE('',#1198,#3076,#3078,.T.);
#3076 = VERTEX_POINT('',#3077);
#3077 = CARTESIAN_POINT('',(-244.0161673568,2.738634879554,16.8));
#3078 = LINE('',#3079,#3080);
#3079 = CARTESIAN_POINT('',(-244.0161673568,2.738634879554,3.8));
#3080 = VECTOR('',#3081,1.);
#3081 = DIRECTION('',(0.,0.,1.));
#3082 = ORIENTED_EDGE('',*,*,#3083,.T.);
#3083 = EDGE_CURVE('',#3076,#3052,#3084,.T.);
#3084 = LINE('',#3085,#3086);
#3085 = CARTESIAN_POINT('',(-236.9030268402,28.008261389008,16.8));
#3086 = VECTOR('',#3087,1.);
#3087 = DIRECTION('',(0.270959422659,0.962590770407,-0.));
#3088 = PLANE('',#3089);
#3089 = AXIS2_PLACEMENT_3D('',#3090,#3091,#3092);
#3090 = CARTESIAN_POINT('',(-244.0161673568,2.738634879554,3.8));
#3091 = DIRECTION('',(-0.962590770407,0.270959422659,0.));
#3092 = DIRECTION('',(0.270959422659,0.962590770407,0.));
#3093 = ADVANCED_FACE('',(#3094),#3112,.F.);
#3094 = FACE_BOUND('',#3095,.F.);
#3095 = EDGE_LOOP('',(#3096,#3097,#3098,#3106));
#3096 = ORIENTED_EDGE('',*,*,#3075,.F.);
#3097 = ORIENTED_EDGE('',*,*,#1205,.T.);
#3098 = ORIENTED_EDGE('',*,*,#3099,.T.);
#3099 = EDGE_CURVE('',#1206,#3100,#3102,.T.);
#3100 = VERTEX_POINT('',#3101);
#3101 = CARTESIAN_POINT('',(-244.9793668301,-0.888629038672,16.8));
#3102 = LINE('',#3103,#3104);
#3103 = CARTESIAN_POINT('',(-244.9793668301,-0.888629038672,3.8));
#3104 = VECTOR('',#3105,1.);
#3105 = DIRECTION('',(0.,0.,1.));
#3106 = ORIENTED_EDGE('',*,*,#3107,.T.);
#3107 = EDGE_CURVE('',#3100,#3076,#3108,.T.);
#3108 = LINE('',#3109,#3110);
#3109 = CARTESIAN_POINT('',(-237.7288476986,26.415732273018,16.8));
#3110 = VECTOR('',#3111,1.);
#3111 = DIRECTION('',(0.256649808268,0.96650446244,-0.));
#3112 = PLANE('',#3113);
#3113 = AXIS2_PLACEMENT_3D('',#3114,#3115,#3116);
#3114 = CARTESIAN_POINT('',(-244.9793668301,-0.888629038672,3.8));
#3115 = DIRECTION('',(-0.96650446244,0.256649808268,0.));
#3116 = DIRECTION('',(0.256649808268,0.96650446244,0.));
#3117 = ADVANCED_FACE('',(#3118),#3136,.F.);
#3118 = FACE_BOUND('',#3119,.F.);
#3119 = EDGE_LOOP('',(#3120,#3121,#3122,#3130));
#3120 = ORIENTED_EDGE('',*,*,#3099,.F.);
#3121 = ORIENTED_EDGE('',*,*,#1213,.T.);
#3122 = ORIENTED_EDGE('',*,*,#3123,.T.);
#3123 = EDGE_CURVE('',#1214,#3124,#3126,.T.);
#3124 = VERTEX_POINT('',#3125);
#3125 = CARTESIAN_POINT('',(-245.8886507423,-4.529782636756,16.8));
#3126 = LINE('',#3127,#3128);
#3127 = CARTESIAN_POINT('',(-245.8886507423,-4.529782636756,3.8));
#3128 = VECTOR('',#3129,1.);
#3129 = DIRECTION('',(0.,0.,1.));
#3130 = ORIENTED_EDGE('',*,*,#3131,.T.);
#3131 = EDGE_CURVE('',#3124,#3100,#3132,.T.);
#3132 = LINE('',#3133,#3134);
#3133 = CARTESIAN_POINT('',(-238.5611263717,24.812693754883,16.8));
#3134 = VECTOR('',#3135,1.);
#3135 = DIRECTION('',(0.242283709862,0.97020544419,-0.));
#3136 = PLANE('',#3137);
#3137 = AXIS2_PLACEMENT_3D('',#3138,#3139,#3140);
#3138 = CARTESIAN_POINT('',(-245.8886507423,-4.529782636756,3.8));
#3139 = DIRECTION('',(-0.97020544419,0.242283709862,0.));
#3140 = DIRECTION('',(0.242283709862,0.97020544419,0.));
#3141 = ADVANCED_FACE('',(#3142),#3160,.F.);
#3142 = FACE_BOUND('',#3143,.F.);
#3143 = EDGE_LOOP('',(#3144,#3145,#3146,#3154));
#3144 = ORIENTED_EDGE('',*,*,#3123,.F.);
#3145 = ORIENTED_EDGE('',*,*,#1221,.T.);
#3146 = ORIENTED_EDGE('',*,*,#3147,.T.);
#3147 = EDGE_CURVE('',#1222,#3148,#3150,.T.);
#3148 = VERTEX_POINT('',#3149);
#3149 = CARTESIAN_POINT('',(-246.7438189763,-8.184024562152,16.8));
#3150 = LINE('',#3151,#3152);
#3151 = CARTESIAN_POINT('',(-246.7438189763,-8.184024562152,3.8));
#3152 = VECTOR('',#3153,1.);
#3153 = DIRECTION('',(0.,0.,1.));
#3154 = ORIENTED_EDGE('',*,*,#3155,.T.);
#3155 = EDGE_CURVE('',#3148,#3124,#3156,.T.);
#3156 = LINE('',#3157,#3158);
#3157 = CARTESIAN_POINT('',(-239.3997394274,23.198155368195,16.8));
#3158 = VECTOR('',#3159,1.);
#3159 = DIRECTION('',(0.22786428916,0.973692901138,-0.));
#3160 = PLANE('',#3161);
#3161 = AXIS2_PLACEMENT_3D('',#3162,#3163,#3164);
#3162 = CARTESIAN_POINT('',(-246.7438189763,-8.184024562152,3.8));
#3163 = DIRECTION('',(-0.973692901138,0.22786428916,0.));
#3164 = DIRECTION('',(0.22786428916,0.973692901138,0.));
#3165 = ADVANCED_FACE('',(#3166),#3184,.F.);
#3166 = FACE_BOUND('',#3167,.F.);
#3167 = EDGE_LOOP('',(#3168,#3169,#3170,#3178));
#3168 = ORIENTED_EDGE('',*,*,#3147,.F.);
#3169 = ORIENTED_EDGE('',*,*,#1229,.T.);
#3170 = ORIENTED_EDGE('',*,*,#3171,.T.);
#3171 = EDGE_CURVE('',#1230,#3172,#3174,.T.);
#3172 = VERTEX_POINT('',#3173);
#3173 = CARTESIAN_POINT('',(-247.544683325,-11.8505505818,16.8));
#3174 = LINE('',#3175,#3176);
#3175 = CARTESIAN_POINT('',(-247.544683325,-11.8505505818,3.8));
#3176 = VECTOR('',#3177,1.);
#3177 = DIRECTION('',(0.,0.,1.));
#3178 = ORIENTED_EDGE('',*,*,#3179,.T.);
#3179 = EDGE_CURVE('',#3172,#3148,#3180,.T.);
#3180 = LINE('',#3181,#3182);
#3181 = CARTESIAN_POINT('',(-240.2445221634,21.571127996474,16.8));
#3182 = VECTOR('',#3183,1.);
#3183 = DIRECTION('',(0.213394719619,0.976966065756,-0.));
#3184 = PLANE('',#3185);
#3185 = AXIS2_PLACEMENT_3D('',#3186,#3187,#3188);
#3186 = CARTESIAN_POINT('',(-247.544683325,-11.8505505818,3.8));
#3187 = DIRECTION('',(-0.976966065756,0.213394719619,0.));
#3188 = DIRECTION('',(0.213394719619,0.976966065756,0.));
#3189 = ADVANCED_FACE('',(#3190),#3208,.F.);
#3190 = FACE_BOUND('',#3191,.F.);
#3191 = EDGE_LOOP('',(#3192,#3193,#3194,#3202));
#3192 = ORIENTED_EDGE('',*,*,#3171,.F.);
#3193 = ORIENTED_EDGE('',*,*,#1237,.T.);
#3194 = ORIENTED_EDGE('',*,*,#3195,.T.);
#3195 = EDGE_CURVE('',#1238,#3196,#3198,.T.);
#3196 = VERTEX_POINT('',#3197);
#3197 = CARTESIAN_POINT('',(-248.2910675325,-15.52855375916,16.8));
#3198 = LINE('',#3199,#3200);
#3199 = CARTESIAN_POINT('',(-248.2910675325,-15.52855375916,3.8));
#3200 = VECTOR('',#3201,1.);
#3201 = DIRECTION('',(0.,0.,1.));
#3202 = ORIENTED_EDGE('',*,*,#3203,.T.);
#3203 = EDGE_CURVE('',#3196,#3172,#3204,.T.);
#3204 = LINE('',#3205,#3206);
#3205 = CARTESIAN_POINT('',(-241.0952686262,19.930625274391,16.8));
#3206 = VECTOR('',#3207,1.);
#3207 = DIRECTION('',(0.19887818573,0.980024217681,-0.));
#3208 = PLANE('',#3209);
#3209 = AXIS2_PLACEMENT_3D('',#3210,#3211,#3212);
#3210 = CARTESIAN_POINT('',(-248.2910675325,-15.52855375916,3.8));
#3211 = DIRECTION('',(-0.980024217681,0.19887818573,0.));
#3212 = DIRECTION('',(0.19887818573,0.980024217681,0.));
#3213 = ADVANCED_FACE('',(#3214),#3232,.F.);
#3214 = FACE_BOUND('',#3215,.F.);
#3215 = EDGE_LOOP('',(#3216,#3217,#3218,#3226));
#3216 = ORIENTED_EDGE('',*,*,#3195,.F.);
#3217 = ORIENTED_EDGE('',*,*,#1245,.T.);
#3218 = ORIENTED_EDGE('',*,*,#3219,.T.);
#3219 = EDGE_CURVE('',#1246,#3220,#3222,.T.);
#3220 = VERTEX_POINT('',#3221);
#3221 = CARTESIAN_POINT('',(-248.982807333,-19.21722463174,16.8));
#3222 = LINE('',#3223,#3224);
#3223 = CARTESIAN_POINT('',(-248.982807333,-19.21722463174,3.8));
#3224 = VECTOR('',#3225,1.);
#3225 = DIRECTION('',(0.,0.,1.));
#3226 = ORIENTED_EDGE('',*,*,#3227,.T.);
#3227 = EDGE_CURVE('',#3220,#3196,#3228,.T.);
#3228 = LINE('',#3229,#3230);
#3229 = CARTESIAN_POINT('',(-241.951731674,18.275664988287,16.8));
#3230 = VECTOR('',#3231,1.);
#3231 = DIRECTION('',(0.184317882323,0.982866683867,-0.));
#3232 = PLANE('',#3233);
#3233 = AXIS2_PLACEMENT_3D('',#3234,#3235,#3236);
#3234 = CARTESIAN_POINT('',(-248.982807333,-19.21722463174,3.8));
#3235 = DIRECTION('',(-0.982866683867,0.184317882323,0.));
#3236 = DIRECTION('',(0.184317882323,0.982866683867,0.));
#3237 = ADVANCED_FACE('',(#3238),#3256,.F.);
#3238 = FACE_BOUND('',#3239,.F.);
#3239 = EDGE_LOOP('',(#3240,#3241,#3242,#3250));
#3240 = ORIENTED_EDGE('',*,*,#3219,.F.);
#3241 = ORIENTED_EDGE('',*,*,#1253,.T.);
#3242 = ORIENTED_EDGE('',*,*,#3243,.T.);
#3243 = EDGE_CURVE('',#1254,#3244,#3246,.T.);
#3244 = VERTEX_POINT('',#3245);
#3245 = CARTESIAN_POINT('',(-249.619750487,-22.91575138929,16.8));
#3246 = LINE('',#3247,#3248);
#3247 = CARTESIAN_POINT('',(-249.619750487,-22.91575138929,3.8));
#3248 = VECTOR('',#3249,1.);
#3249 = DIRECTION('',(0.,0.,1.));
#3250 = ORIENTED_EDGE('',*,*,#3251,.T.);
#3251 = EDGE_CURVE('',#3244,#3220,#3252,.T.);
#3252 = LINE('',#3253,#3254);
#3253 = CARTESIAN_POINT('',(-242.8136230838,16.605270474861,16.8));
#3254 = VECTOR('',#3255,1.);
#3255 = DIRECTION('',(0.169717013858,0.98549283874,-0.));
#3256 = PLANE('',#3257);
#3257 = AXIS2_PLACEMENT_3D('',#3258,#3259,#3260);
#3258 = CARTESIAN_POINT('',(-249.619750487,-22.91575138929,3.8));
#3259 = DIRECTION('',(-0.98549283874,0.169717013858,0.));
#3260 = DIRECTION('',(0.169717013858,0.98549283874,0.));
#3261 = ADVANCED_FACE('',(#3262),#3280,.F.);
#3262 = FACE_BOUND('',#3263,.F.);
#3263 = EDGE_LOOP('',(#3264,#3265,#3266,#3274));
#3264 = ORIENTED_EDGE('',*,*,#3243,.F.);
#3265 = ORIENTED_EDGE('',*,*,#1261,.T.);
#3266 = ORIENTED_EDGE('',*,*,#3267,.T.);
#3267 = EDGE_CURVE('',#1262,#3268,#3270,.T.);
#3268 = VERTEX_POINT('',#3269);
#3269 = CARTESIAN_POINT('',(-300.9294305686,-14.47082806693,16.8));
#3270 = LINE('',#3271,#3272);
#3271 = CARTESIAN_POINT('',(-300.9294305686,-14.47082806693,3.8));
#3272 = VECTOR('',#3273,1.);
#3273 = DIRECTION('',(0.,0.,1.));
#3274 = ORIENTED_EDGE('',*,*,#3275,.T.);
#3275 = EDGE_CURVE('',#3268,#3244,#3276,.T.);
#3276 = LINE('',#3277,#3278);
#3277 = CARTESIAN_POINT('',(-280.0122336668,-17.91353368647,16.8));
#3278 = VECTOR('',#3279,1.);
#3279 = DIRECTION('',(0.986724616954,-0.162402371584,0.));
#3280 = PLANE('',#3281);
#3281 = AXIS2_PLACEMENT_3D('',#3282,#3283,#3284);
#3282 = CARTESIAN_POINT('',(-300.9294305686,-14.47082806693,3.8));
#3283 = DIRECTION('',(0.162402371584,0.986724616954,0.));
#3284 = DIRECTION('',(0.986724616954,-0.162402371584,0.));
#3285 = ADVANCED_FACE('',(#3286),#3304,.F.);
#3286 = FACE_BOUND('',#3287,.F.);
#3287 = EDGE_LOOP('',(#3288,#3289,#3290,#3298));
#3288 = ORIENTED_EDGE('',*,*,#3267,.F.);
#3289 = ORIENTED_EDGE('',*,*,#1269,.T.);
#3290 = ORIENTED_EDGE('',*,*,#3291,.T.);
#3291 = EDGE_CURVE('',#1270,#3292,#3294,.T.);
#3292 = VERTEX_POINT('',#3293);
#3293 = CARTESIAN_POINT('',(-300.1615628808,-10.01206409124,16.8));
#3294 = LINE('',#3295,#3296);
#3295 = CARTESIAN_POINT('',(-300.1615628808,-10.01206409124,3.8));
#3296 = VECTOR('',#3297,1.);
#3297 = DIRECTION('',(0.,0.,1.));
#3298 = ORIENTED_EDGE('',*,*,#3299,.T.);
#3299 = EDGE_CURVE('',#3292,#3268,#3300,.T.);
#3300 = LINE('',#3301,#3302);
#3301 = CARTESIAN_POINT('',(-293.706638188,27.4696350896,16.8));
#3302 = VECTOR('',#3303,1.);
#3303 = DIRECTION('',(-0.169717013858,-0.98549283874,0.));
#3304 = PLANE('',#3305);
#3305 = AXIS2_PLACEMENT_3D('',#3306,#3307,#3308);
#3306 = CARTESIAN_POINT('',(-300.1615628808,-10.01206409124,3.8));
#3307 = DIRECTION('',(0.98549283874,-0.169717013858,0.));
#3308 = DIRECTION('',(-0.169717013858,-0.98549283874,0.));
#3309 = ADVANCED_FACE('',(#3310),#3328,.F.);
#3310 = FACE_BOUND('',#3311,.F.);
#3311 = EDGE_LOOP('',(#3312,#3313,#3314,#3322));
#3312 = ORIENTED_EDGE('',*,*,#3291,.F.);
#3313 = ORIENTED_EDGE('',*,*,#1277,.T.);
#3314 = ORIENTED_EDGE('',*,*,#3315,.T.);
#3315 = EDGE_CURVE('',#1278,#3316,#3318,.T.);
#3316 = VERTEX_POINT('',#3317);
#3317 = CARTESIAN_POINT('',(-299.3276350211,-5.565181891116,16.8));
#3318 = LINE('',#3319,#3320);
#3319 = CARTESIAN_POINT('',(-299.3276350211,-5.565181891116,3.8));
#3320 = VECTOR('',#3321,1.);
#3321 = DIRECTION('',(0.,0.,1.));
#3322 = ORIENTED_EDGE('',*,*,#3323,.T.);
#3323 = EDGE_CURVE('',#3316,#3292,#3324,.T.);
#3324 = LINE('',#3325,#3326);
#3325 = CARTESIAN_POINT('',(-292.6779762772,29.893819460748,16.8));
#3326 = VECTOR('',#3327,1.);
#3327 = DIRECTION('',(-0.184317882323,-0.982866683867,0.));
#3328 = PLANE('',#3329);
#3329 = AXIS2_PLACEMENT_3D('',#3330,#3331,#3332);
#3330 = CARTESIAN_POINT('',(-299.3276350211,-5.565181891116,3.8));
#3331 = DIRECTION('',(0.982866683867,-0.184317882323,0.));
#3332 = DIRECTION('',(-0.184317882323,-0.982866683867,0.));
#3333 = ADVANCED_FACE('',(#3334),#3352,.F.);
#3334 = FACE_BOUND('',#3335,.F.);
#3335 = EDGE_LOOP('',(#3336,#3337,#3338,#3346));
#3336 = ORIENTED_EDGE('',*,*,#3315,.F.);
#3337 = ORIENTED_EDGE('',*,*,#1285,.T.);
#3338 = ORIENTED_EDGE('',*,*,#3339,.T.);
#3339 = EDGE_CURVE('',#1286,#3340,#3342,.T.);
#3340 = VERTEX_POINT('',#3341);
#3341 = CARTESIAN_POINT('',(-298.427830522,-1.131160145514,16.8));
#3342 = LINE('',#3343,#3344);
#3343 = CARTESIAN_POINT('',(-298.427830522,-1.131160145514,3.8));
#3344 = VECTOR('',#3345,1.);
#3345 = DIRECTION('',(0.,0.,1.));
#3346 = ORIENTED_EDGE('',*,*,#3347,.T.);
#3347 = EDGE_CURVE('',#3340,#3316,#3348,.T.);
#3348 = LINE('',#3349,#3350);
#3349 = CARTESIAN_POINT('',(-291.6435787924,32.300012657295,16.8));
#3350 = VECTOR('',#3351,1.);
#3351 = DIRECTION('',(-0.19887818573,-0.980024217681,0.));
#3352 = PLANE('',#3353);
#3353 = AXIS2_PLACEMENT_3D('',#3354,#3355,#3356);
#3354 = CARTESIAN_POINT('',(-298.427830522,-1.131160145514,3.8));
#3355 = DIRECTION('',(0.980024217681,-0.19887818573,0.));
#3356 = DIRECTION('',(-0.19887818573,-0.980024217681,0.));
#3357 = ADVANCED_FACE('',(#3358),#3376,.F.);
#3358 = FACE_BOUND('',#3359,.F.);
#3359 = EDGE_LOOP('',(#3360,#3361,#3362,#3370));
#3360 = ORIENTED_EDGE('',*,*,#3339,.F.);
#3361 = ORIENTED_EDGE('',*,*,#1293,.T.);
#3362 = ORIENTED_EDGE('',*,*,#3363,.T.);
#3363 = EDGE_CURVE('',#1294,#3364,#3366,.T.);
#3364 = VERTEX_POINT('',#3365);
#3365 = CARTESIAN_POINT('',(-297.4623474145,3.289025296973,16.8));
#3366 = LINE('',#3367,#3368);
#3367 = CARTESIAN_POINT('',(-297.4623474145,3.289025296973,3.8));
#3368 = VECTOR('',#3369,1.);
#3369 = DIRECTION('',(0.,0.,1.));
#3370 = ORIENTED_EDGE('',*,*,#3371,.T.);
#3371 = EDGE_CURVE('',#3364,#3340,#3372,.T.);
#3372 = LINE('',#3373,#3374);
#3373 = CARTESIAN_POINT('',(-290.6037731169,34.689026009732,16.8));
#3374 = VECTOR('',#3375,1.);
#3375 = DIRECTION('',(-0.213394719619,-0.976966065756,0.));
#3376 = PLANE('',#3377);
#3377 = AXIS2_PLACEMENT_3D('',#3378,#3379,#3380);
#3378 = CARTESIAN_POINT('',(-297.4623474145,3.289025296973,3.8));
#3379 = DIRECTION('',(0.976966065756,-0.213394719619,0.));
#3380 = DIRECTION('',(-0.213394719619,-0.976966065756,0.));
#3381 = ADVANCED_FACE('',(#3382),#3400,.F.);
#3382 = FACE_BOUND('',#3383,.F.);
#3383 = EDGE_LOOP('',(#3384,#3385,#3386,#3394));
#3384 = ORIENTED_EDGE('',*,*,#3363,.F.);
#3385 = ORIENTED_EDGE('',*,*,#1301,.T.);
#3386 = ORIENTED_EDGE('',*,*,#3387,.T.);
#3387 = EDGE_CURVE('',#1302,#3388,#3390,.T.);
#3388 = VERTEX_POINT('',#3389);
#3389 = CARTESIAN_POINT('',(-296.4313981839,7.694401632876,16.8));
#3390 = LINE('',#3391,#3392);
#3391 = CARTESIAN_POINT('',(-296.4313981839,7.694401632876,3.8));
#3392 = VECTOR('',#3393,1.);
#3393 = DIRECTION('',(0.,0.,1.));
#3394 = ORIENTED_EDGE('',*,*,#3395,.T.);
#3395 = EDGE_CURVE('',#3388,#3364,#3396,.T.);
#3396 = LINE('',#3397,#3398);
#3397 = CARTESIAN_POINT('',(-289.5588480011,37.061676997902,16.8));
#3398 = VECTOR('',#3399,1.);
#3399 = DIRECTION('',(-0.22786428916,-0.973692901138,0.));
#3400 = PLANE('',#3401);
#3401 = AXIS2_PLACEMENT_3D('',#3402,#3403,#3404);
#3402 = CARTESIAN_POINT('',(-296.4313981839,7.694401632876,3.8));
#3403 = DIRECTION('',(0.973692901138,-0.22786428916,0.));
#3404 = DIRECTION('',(-0.22786428916,-0.973692901138,0.));
#3405 = ADVANCED_FACE('',(#3406),#3424,.F.);
#3406 = FACE_BOUND('',#3407,.F.);
#3407 = EDGE_LOOP('',(#3408,#3409,#3410,#3418));
#3408 = ORIENTED_EDGE('',*,*,#3387,.F.);
#3409 = ORIENTED_EDGE('',*,*,#1309,.T.);
#3410 = ORIENTED_EDGE('',*,*,#3411,.T.);
#3411 = EDGE_CURVE('',#1310,#3412,#3414,.T.);
#3412 = VERTEX_POINT('',#3413);
#3413 = CARTESIAN_POINT('',(-295.3352097237,12.083999317941,16.8));
#3414 = LINE('',#3415,#3416);
#3415 = CARTESIAN_POINT('',(-295.3352097237,12.083999317941,3.8));
#3416 = VECTOR('',#3417,1.);
#3417 = DIRECTION('',(0.,0.,1.));
#3418 = ORIENTED_EDGE('',*,*,#3419,.T.);
#3419 = EDGE_CURVE('',#3412,#3388,#3420,.T.);
#3420 = LINE('',#3421,#3422);
#3421 = CARTESIAN_POINT('',(-288.5090534462,39.418787888802,16.8));
#3422 = VECTOR('',#3423,1.);
#3423 = DIRECTION('',(-0.242283709862,-0.97020544419,0.));
#3424 = PLANE('',#3425);
#3425 = AXIS2_PLACEMENT_3D('',#3426,#3427,#3428);
#3426 = CARTESIAN_POINT('',(-295.3352097237,12.083999317941,3.8));
#3427 = DIRECTION('',(0.97020544419,-0.242283709862,0.));
#3428 = DIRECTION('',(-0.242283709862,-0.97020544419,0.));
#3429 = ADVANCED_FACE('',(#3430),#3448,.F.);
#3430 = FACE_BOUND('',#3431,.F.);
#3431 = EDGE_LOOP('',(#3432,#3433,#3434,#3442));
#3432 = ORIENTED_EDGE('',*,*,#3411,.F.);
#3433 = ORIENTED_EDGE('',*,*,#1317,.T.);
#3434 = ORIENTED_EDGE('',*,*,#3435,.T.);
#3435 = EDGE_CURVE('',#1318,#3436,#3438,.T.);
#3436 = VERTEX_POINT('',#3437);
#3437 = CARTESIAN_POINT('',(-294.1740232853,16.456852280515,16.8));
#3438 = LINE('',#3439,#3440);
#3439 = CARTESIAN_POINT('',(-294.1740232853,16.456852280515,3.8));
#3440 = VECTOR('',#3441,1.);
#3441 = DIRECTION('',(0.,0.,1.));
#3442 = ORIENTED_EDGE('',*,*,#3443,.T.);
#3443 = EDGE_CURVE('',#3436,#3412,#3444,.T.);
#3444 = LINE('',#3445,#3446);
#3445 = CARTESIAN_POINT('',(-287.4546006317,41.761184372005,16.8));
#3446 = VECTOR('',#3447,1.);
#3447 = DIRECTION('',(-0.256649808268,-0.96650446244,0.));
#3448 = PLANE('',#3449);
#3449 = AXIS2_PLACEMENT_3D('',#3450,#3451,#3452);
#3450 = CARTESIAN_POINT('',(-294.1740232853,16.456852280515,3.8));
#3451 = DIRECTION('',(0.96650446244,-0.256649808268,0.));
#3452 = DIRECTION('',(-0.256649808268,-0.96650446244,0.));
#3453 = ADVANCED_FACE('',(#3454),#3472,.F.);
#3454 = FACE_BOUND('',#3455,.F.);
#3455 = EDGE_LOOP('',(#3456,#3457,#3458,#3466));
#3456 = ORIENTED_EDGE('',*,*,#3435,.F.);
#3457 = ORIENTED_EDGE('',*,*,#1325,.T.);
#3458 = ORIENTED_EDGE('',*,*,#3459,.T.);
#3459 = EDGE_CURVE('',#1326,#3460,#3462,.T.);
#3460 = VERTEX_POINT('',#3461);
#3461 = CARTESIAN_POINT('',(-292.948094425,20.811998134155,16.8));
#3462 = LINE('',#3463,#3464);
#3463 = CARTESIAN_POINT('',(-292.948094425,20.811998134155,3.8));
#3464 = VECTOR('',#3465,1.);
#3465 = DIRECTION('',(0.,0.,1.));
#3466 = ORIENTED_EDGE('',*,*,#3467,.T.);
#3467 = EDGE_CURVE('',#3460,#3436,#3468,.T.);
#3468 = LINE('',#3469,#3470);
#3469 = CARTESIAN_POINT('',(-286.3956618864,44.089694194539,16.8));
#3470 = VECTOR('',#3471,1.);
#3471 = DIRECTION('',(-0.270959422659,-0.962590770407,0.));
#3472 = PLANE('',#3473);
#3473 = AXIS2_PLACEMENT_3D('',#3474,#3475,#3476);
#3474 = CARTESIAN_POINT('',(-292.948094425,20.811998134155,3.8));
#3475 = DIRECTION('',(0.962590770407,-0.270959422659,0.));
#3476 = DIRECTION('',(-0.270959422659,-0.962590770407,0.));
#3477 = ADVANCED_FACE('',(#3478),#3496,.F.);
#3478 = FACE_BOUND('',#3479,.F.);
#3479 = EDGE_LOOP('',(#3480,#3481,#3482,#3490));
#3480 = ORIENTED_EDGE('',*,*,#3459,.F.);
#3481 = ORIENTED_EDGE('',*,*,#1333,.T.);
#3482 = ORIENTED_EDGE('',*,*,#3483,.T.);
#3483 = EDGE_CURVE('',#1334,#3484,#3486,.T.);
#3484 = VERTEX_POINT('',#3485);
#3485 = CARTESIAN_POINT('',(-291.6576929477,25.148478389439,16.8));
#3486 = LINE('',#3487,#3488);
#3487 = CARTESIAN_POINT('',(-291.6576929477,25.148478389439,3.8));
#3488 = VECTOR('',#3489,1.);
#3489 = DIRECTION('',(0.,0.,1.));
#3490 = ORIENTED_EDGE('',*,*,#3491,.T.);
#3491 = EDGE_CURVE('',#3484,#3460,#3492,.T.);
#3492 = LINE('',#3493,#3494);
#3493 = CARTESIAN_POINT('',(-285.3323707027,46.405145796186,16.8));
#3494 = VECTOR('',#3495,1.);
#3495 = DIRECTION('',(-0.285209403744,-0.958465229425,0.));
#3496 = PLANE('',#3497);
#3497 = AXIS2_PLACEMENT_3D('',#3498,#3499,#3500);
#3498 = CARTESIAN_POINT('',(-291.6576929477,25.148478389439,3.8));
#3499 = DIRECTION('',(0.958465229425,-0.285209403744,0.));
#3500 = DIRECTION('',(-0.285209403744,-0.958465229425,0.));
#3501 = ADVANCED_FACE('',(#3502),#3520,.F.);
#3502 = FACE_BOUND('',#3503,.F.);
#3503 = EDGE_LOOP('',(#3504,#3505,#3506,#3514));
#3504 = ORIENTED_EDGE('',*,*,#3483,.F.);
#3505 = ORIENTED_EDGE('',*,*,#1341,.T.);
#3506 = ORIENTED_EDGE('',*,*,#3507,.T.);
#3507 = EDGE_CURVE('',#1342,#3508,#3510,.T.);
#3508 = VERTEX_POINT('',#3509);
#3509 = CARTESIAN_POINT('',(-290.3031028477,29.465338664903,16.8));
#3510 = LINE('',#3511,#3512);
#3511 = CARTESIAN_POINT('',(-290.3031028477,29.465338664903,3.8));
#3512 = VECTOR('',#3513,1.);
#3513 = DIRECTION('',(0.,0.,1.));
#3514 = ORIENTED_EDGE('',*,*,#3515,.T.);
#3515 = EDGE_CURVE('',#3508,#3484,#3516,.T.);
#3516 = LINE('',#3517,#3518);
#3517 = CARTESIAN_POINT('',(-284.2648217956,48.708366946888,16.8));
#3518 = VECTOR('',#3519,1.);
#3519 = DIRECTION('',(-0.29939661536,-0.95412874745,0.));
#3520 = PLANE('',#3521);
#3521 = AXIS2_PLACEMENT_3D('',#3522,#3523,#3524);
#3522 = CARTESIAN_POINT('',(-290.3031028477,29.465338664903,3.8));
#3523 = DIRECTION('',(0.95412874745,-0.29939661536,0.));
#3524 = DIRECTION('',(-0.29939661536,-0.95412874745,0.));
#3525 = ADVANCED_FACE('',(#3526),#3544,.F.);
#3526 = FACE_BOUND('',#3527,.F.);
#3527 = EDGE_LOOP('',(#3528,#3529,#3530,#3538));
#3528 = ORIENTED_EDGE('',*,*,#3507,.F.);
#3529 = ORIENTED_EDGE('',*,*,#1349,.T.);
#3530 = ORIENTED_EDGE('',*,*,#3531,.T.);
#3531 = EDGE_CURVE('',#1350,#3532,#3534,.T.);
#3532 = VERTEX_POINT('',#3533);
#3533 = CARTESIAN_POINT('',(-288.8846222458,33.761628897092,16.8));
#3534 = LINE('',#3535,#3536);
#3535 = CARTESIAN_POINT('',(-288.8846222458,33.761628897092,3.8));
#3536 = VECTOR('',#3537,1.);
#3537 = DIRECTION('',(0.,0.,1.));
#3538 = ORIENTED_EDGE('',*,*,#3539,.T.);
#3539 = EDGE_CURVE('',#3532,#3508,#3540,.T.);
#3540 = LINE('',#3541,#3542);
#3541 = CARTESIAN_POINT('',(-283.1930712037,51.000183387172,16.8));
#3542 = VECTOR('',#3543,1.);
#3543 = DIRECTION('',(-0.313517935154,-0.949582278866,0.));
#3544 = PLANE('',#3545);
#3545 = AXIS2_PLACEMENT_3D('',#3546,#3547,#3548);
#3546 = CARTESIAN_POINT('',(-288.8846222458,33.761628897092,3.8));
#3547 = DIRECTION('',(0.949582278866,-0.313517935154,0.));
#3548 = DIRECTION('',(-0.313517935154,-0.949582278866,0.));
#3549 = ADVANCED_FACE('',(#3550),#3568,.F.);
#3550 = FACE_BOUND('',#3551,.F.);
#3551 = EDGE_LOOP('',(#3552,#3553,#3554,#3562));
#3552 = ORIENTED_EDGE('',*,*,#3531,.F.);
#3553 = ORIENTED_EDGE('',*,*,#1357,.T.);
#3554 = ORIENTED_EDGE('',*,*,#3555,.T.);
#3555 = EDGE_CURVE('',#1358,#3556,#3558,.T.);
#3556 = VERTEX_POINT('',#3557);
#3557 = CARTESIAN_POINT('',(-287.4025633243,38.036403549647,16.8));
#3558 = LINE('',#3559,#3560);
#3559 = CARTESIAN_POINT('',(-287.4025633243,38.036403549647,3.8));
#3560 = VECTOR('',#3561,1.);
#3561 = DIRECTION('',(0.,0.,1.));
#3562 = ORIENTED_EDGE('',*,*,#3563,.T.);
#3563 = EDGE_CURVE('',#3556,#3532,#3564,.T.);
#3564 = LINE('',#3565,#3566);
#3565 = CARTESIAN_POINT('',(-282.1171364349,53.281417473521,16.8));
#3566 = VECTOR('',#3567,1.);
#3567 = DIRECTION('',(-0.32757025528,-0.944826824268,0.));
#3568 = PLANE('',#3569);
#3569 = AXIS2_PLACEMENT_3D('',#3570,#3571,#3572);
#3570 = CARTESIAN_POINT('',(-287.4025633243,38.036403549647,3.8));
#3571 = DIRECTION('',(0.944826824268,-0.32757025528,0.));
#3572 = DIRECTION('',(-0.32757025528,-0.944826824268,0.));
#3573 = ADVANCED_FACE('',(#3574),#3592,.F.);
#3574 = FACE_BOUND('',#3575,.F.);
#3575 = EDGE_LOOP('',(#3576,#3577,#3578,#3586));
#3576 = ORIENTED_EDGE('',*,*,#3555,.F.);
#3577 = ORIENTED_EDGE('',*,*,#1365,.T.);
#3578 = ORIENTED_EDGE('',*,*,#3579,.T.);
#3579 = EDGE_CURVE('',#1366,#3580,#3582,.T.);
#3580 = VERTEX_POINT('',#3581);
#3581 = CARTESIAN_POINT('',(-285.8572522577,42.288721821402,16.8));
#3582 = LINE('',#3583,#3584);
#3583 = CARTESIAN_POINT('',(-285.8572522577,42.288721821402,3.8));
#3584 = VECTOR('',#3585,1.);
#3585 = DIRECTION('',(0.,0.,1.));
#3586 = ORIENTED_EDGE('',*,*,#3587,.T.);
#3587 = EDGE_CURVE('',#3580,#3556,#3588,.T.);
#3588 = LINE('',#3589,#3590);
#3589 = CARTESIAN_POINT('',(-281.0369966543,55.552886829284,16.8));
#3590 = VECTOR('',#3591,1.);
#3591 = DIRECTION('',(-0.341550483072,-0.939863430246,0.));
#3592 = PLANE('',#3593);
#3593 = AXIS2_PLACEMENT_3D('',#3594,#3595,#3596);
#3594 = CARTESIAN_POINT('',(-285.8572522577,42.288721821402,3.8));
#3595 = DIRECTION('',(0.939863430246,-0.341550483072,0.));
#3596 = DIRECTION('',(-0.341550483072,-0.939863430246,0.));
#3597 = ADVANCED_FACE('',(#3598),#3616,.F.);
#3598 = FACE_BOUND('',#3599,.F.);
#3599 = EDGE_LOOP('',(#3600,#3601,#3602,#3610));
#3600 = ORIENTED_EDGE('',*,*,#3579,.F.);
#3601 = ORIENTED_EDGE('',*,*,#1373,.T.);
#3602 = ORIENTED_EDGE('',*,*,#3603,.T.);
#3603 = EDGE_CURVE('',#1374,#3604,#3606,.T.);
#3604 = VERTEX_POINT('',#3605);
#3605 = CARTESIAN_POINT('',(-284.2490291411,46.517647853437,16.8));
#3606 = LINE('',#3607,#3608);
#3607 = CARTESIAN_POINT('',(-284.2490291411,46.517647853437,3.8));
#3608 = VECTOR('',#3609,1.);
#3609 = DIRECTION('',(0.,0.,1.));
#3610 = ORIENTED_EDGE('',*,*,#3611,.T.);
#3611 = EDGE_CURVE('',#3604,#3580,#3612,.T.);
#3612 = LINE('',#3613,#3614);
#3613 = CARTESIAN_POINT('',(-279.9525929161,57.815403003147,16.8));
#3614 = VECTOR('',#3615,1.);
#3615 = DIRECTION('',(-0.355455541733,-0.934693189154,0.));
#3616 = PLANE('',#3617);
#3617 = AXIS2_PLACEMENT_3D('',#3618,#3619,#3620);
#3618 = CARTESIAN_POINT('',(-284.2490291411,46.517647853437,3.8));
#3619 = DIRECTION('',(0.934693189154,-0.355455541733,0.));
#3620 = DIRECTION('',(-0.355455541733,-0.934693189154,0.));
#3621 = ADVANCED_FACE('',(#3622),#3640,.F.);
#3622 = FACE_BOUND('',#3623,.F.);
#3623 = EDGE_LOOP('',(#3624,#3625,#3626,#3634));
#3624 = ORIENTED_EDGE('',*,*,#3603,.F.);
#3625 = ORIENTED_EDGE('',*,*,#1381,.T.);
#3626 = ORIENTED_EDGE('',*,*,#3627,.T.);
#3627 = EDGE_CURVE('',#1382,#3628,#3630,.T.);
#3628 = VERTEX_POINT('',#3629);
#3629 = CARTESIAN_POINT('',(-282.5782479157,50.722250935045,16.8));
#3630 = LINE('',#3631,#3632);
#3631 = CARTESIAN_POINT('',(-282.5782479157,50.722250935045,3.8));
#3632 = VECTOR('',#3633,1.);
#3633 = DIRECTION('',(0.,0.,1.));
#3634 = ORIENTED_EDGE('',*,*,#3635,.T.);
#3635 = EDGE_CURVE('',#3628,#3604,#3636,.T.);
#3636 = LINE('',#3637,#3638);
#3637 = CARTESIAN_POINT('',(-278.8638284373,60.069770136118,16.8));
#3638 = VECTOR('',#3639,1.);
#3639 = DIRECTION('',(-0.369282371011,-0.92931723887,0.));
#3640 = PLANE('',#3641);
#3641 = AXIS2_PLACEMENT_3D('',#3642,#3643,#3644);
#3642 = CARTESIAN_POINT('',(-282.5782479157,50.722250935045,3.8));
#3643 = DIRECTION('',(0.92931723887,-0.369282371011,0.));
#3644 = DIRECTION('',(-0.369282371011,-0.92931723887,0.));
#3645 = ADVANCED_FACE('',(#3646),#3664,.F.);
#3646 = FACE_BOUND('',#3647,.F.);
#3647 = EDGE_LOOP('',(#3648,#3649,#3650,#3658));
#3648 = ORIENTED_EDGE('',*,*,#3627,.F.);
#3649 = ORIENTED_EDGE('',*,*,#1389,.T.);
#3650 = ORIENTED_EDGE('',*,*,#3651,.T.);
#3651 = EDGE_CURVE('',#1390,#3652,#3654,.T.);
#3652 = VERTEX_POINT('',#3653);
#3653 = CARTESIAN_POINT('',(-280.8452762905,54.901605708563,16.8));
#3654 = LINE('',#3655,#3656);
#3655 = CARTESIAN_POINT('',(-280.8452762905,54.901605708563,3.8));
#3656 = VECTOR('',#3657,1.);
#3657 = DIRECTION('',(0.,0.,1.));
#3658 = ORIENTED_EDGE('',*,*,#3659,.T.);
#3659 = EDGE_CURVE('',#3652,#3628,#3660,.T.);
#3660 = LINE('',#3661,#3662);
#3661 = CARTESIAN_POINT('',(-277.7705689145,62.316783638261,16.8));
#3662 = VECTOR('',#3663,1.);
#3663 = DIRECTION('',(-0.383027927868,-0.923736762543,0.));
#3664 = PLANE('',#3665);
#3665 = AXIS2_PLACEMENT_3D('',#3666,#3667,#3668);
#3666 = CARTESIAN_POINT('',(-280.8452762905,54.901605708563,3.8));
#3667 = DIRECTION('',(0.923736762543,-0.383027927868,0.));
#3668 = DIRECTION('',(-0.383027927868,-0.923736762543,0.));
#3669 = ADVANCED_FACE('',(#3670),#3688,.F.);
#3670 = FACE_BOUND('',#3671,.F.);
#3671 = EDGE_LOOP('',(#3672,#3673,#3674,#3682));
#3672 = ORIENTED_EDGE('',*,*,#3651,.F.);
#3673 = ORIENTED_EDGE('',*,*,#1397,.T.);
#3674 = ORIENTED_EDGE('',*,*,#3675,.T.);
#3675 = EDGE_CURVE('',#1398,#3676,#3678,.T.);
#3676 = VERTEX_POINT('',#3677);
#3677 = CARTESIAN_POINT('',(-279.0504956612,59.054792373027,16.8));
#3678 = LINE('',#3679,#3680);
#3679 = CARTESIAN_POINT('',(-279.0504956612,59.054792373027,3.8));
#3680 = VECTOR('',#3681,1.);
#3681 = DIRECTION('',(0.,0.,1.));
#3682 = ORIENTED_EDGE('',*,*,#3683,.T.);
#3683 = EDGE_CURVE('',#3676,#3652,#3684,.T.);
#3684 = LINE('',#3685,#3686);
#3685 = CARTESIAN_POINT('',(-276.6726428825,64.557228876694,16.8));
#3686 = VECTOR('',#3687,1.);
#3687 = DIRECTION('',(-0.396689187153,-0.917952988336,0.));
#3688 = PLANE('',#3689);
#3689 = AXIS2_PLACEMENT_3D('',#3690,#3691,#3692);
#3690 = CARTESIAN_POINT('',(-279.0504956612,59.054792373027,3.8));
#3691 = DIRECTION('',(0.917952988336,-0.396689187153,0.));
#3692 = DIRECTION('',(-0.396689187153,-0.917952988336,0.));
#3693 = ADVANCED_FACE('',(#3694),#3712,.F.);
#3694 = FACE_BOUND('',#3695,.F.);
#3695 = EDGE_LOOP('',(#3696,#3697,#3698,#3706));
#3696 = ORIENTED_EDGE('',*,*,#3675,.F.);
#3697 = ORIENTED_EDGE('',*,*,#1405,.T.);
#3698 = ORIENTED_EDGE('',*,*,#3699,.T.);
#3699 = EDGE_CURVE('',#1406,#3700,#3702,.T.);
#3700 = VERTEX_POINT('',#3701);
#3701 = CARTESIAN_POINT('',(-277.194301027,63.180896886606,16.8));
#3702 = LINE('',#3703,#3704);
#3703 = CARTESIAN_POINT('',(-277.194301027,63.180896886606,3.8));
#3704 = VECTOR('',#3705,1.);
#3705 = DIRECTION('',(0.,0.,1.));
#3706 = ORIENTED_EDGE('',*,*,#3707,.T.);
#3707 = EDGE_CURVE('',#3700,#3676,#3708,.T.);
#3708 = LINE('',#3709,#3710);
#3709 = CARTESIAN_POINT('',(-275.5698421148,66.791879876221,16.8));
#3710 = VECTOR('',#3711,1.);
#3711 = DIRECTION('',(-0.410263142269,-0.911967189155,0.));
#3712 = PLANE('',#3713);
#3713 = AXIS2_PLACEMENT_3D('',#3714,#3715,#3716);
#3714 = CARTESIAN_POINT('',(-277.194301027,63.180896886606,3.8));
#3715 = DIRECTION('',(0.911967189155,-0.410263142269,0.));
#3716 = DIRECTION('',(-0.410263142269,-0.911967189155,0.));
#3717 = ADVANCED_FACE('',(#3718),#3736,.F.);
#3718 = FACE_BOUND('',#3719,.F.);
#3719 = EDGE_LOOP('',(#3720,#3721,#3722,#3730));
#3720 = ORIENTED_EDGE('',*,*,#3699,.F.);
#3721 = ORIENTED_EDGE('',*,*,#1413,.T.);
#3722 = ORIENTED_EDGE('',*,*,#3723,.T.);
#3723 = EDGE_CURVE('',#1414,#3724,#3726,.T.);
#3724 = VERTEX_POINT('',#3725);
#3725 = CARTESIAN_POINT('',(-275.277100903,67.279011167761,16.8));
#3726 = LINE('',#3727,#3728);
#3727 = CARTESIAN_POINT('',(-275.277100903,67.279011167761,3.8));
#3728 = VECTOR('',#3729,1.);
#3729 = DIRECTION('',(0.,0.,1.));
#3730 = ORIENTED_EDGE('',*,*,#3731,.T.);
#3731 = EDGE_CURVE('',#3724,#3700,#3732,.T.);
#3732 = LINE('',#3733,#3734);
#3733 = CARTESIAN_POINT('',(-274.4619220656,69.021498033445,16.8));
#3734 = VECTOR('',#3735,1.);
#3735 = DIRECTION('',(-0.423746805832,-0.905780682366,0.));
#3736 = PLANE('',#3737);
#3737 = AXIS2_PLACEMENT_3D('',#3738,#3739,#3740);
#3738 = CARTESIAN_POINT('',(-275.277100903,67.279011167761,3.8));
#3739 = DIRECTION('',(0.905780682366,-0.423746805832,0.));
#3740 = DIRECTION('',(-0.423746805832,-0.905780682366,0.));
#3741 = ADVANCED_FACE('',(#3742),#3760,.F.);
#3742 = FACE_BOUND('',#3743,.F.);
#3743 = EDGE_LOOP('',(#3744,#3745,#3746,#3754));
#3744 = ORIENTED_EDGE('',*,*,#3723,.F.);
#3745 = ORIENTED_EDGE('',*,*,#1421,.T.);
#3746 = ORIENTED_EDGE('',*,*,#3747,.T.);
#3747 = EDGE_CURVE('',#1422,#3748,#3750,.T.);
#3748 = VERTEX_POINT('',#3749);
#3749 = CARTESIAN_POINT('',(-273.2993172304,71.348233295104,16.8));
#3750 = LINE('',#3751,#3752);
#3751 = CARTESIAN_POINT('',(-273.2993172304,71.348233295104,3.8));
#3752 = VECTOR('',#3753,1.);
#3753 = DIRECTION('',(0.,0.,1.));
#3754 = ORIENTED_EDGE('',*,*,#3755,.T.);
#3755 = EDGE_CURVE('',#3748,#3724,#3756,.T.);
#3756 = LINE('',#3757,#3758);
#3757 = CARTESIAN_POINT('',(-273.3486023521,71.246830846051,16.8));
#3758 = VECTOR('',#3759,1.);
#3759 = DIRECTION('',(-0.43713721033,-0.899394829508,0.));
#3760 = PLANE('',#3761);
#3761 = AXIS2_PLACEMENT_3D('',#3762,#3763,#3764);
#3762 = CARTESIAN_POINT('',(-273.2993172304,71.348233295104,3.8));
#3763 = DIRECTION('',(0.899394829508,-0.43713721033,0.));
#3764 = DIRECTION('',(-0.43713721033,-0.899394829508,0.));
#3765 = ADVANCED_FACE('',(#3766),#3784,.F.);
#3766 = FACE_BOUND('',#3767,.F.);
#3767 = EDGE_LOOP('',(#3768,#3769,#3770,#3778));
#3768 = ORIENTED_EDGE('',*,*,#3747,.F.);
#3769 = ORIENTED_EDGE('',*,*,#1429,.T.);
#3770 = ORIENTED_EDGE('',*,*,#3771,.T.);
#3771 = EDGE_CURVE('',#1430,#3772,#3774,.T.);
#3772 = VERTEX_POINT('',#3773);
#3773 = CARTESIAN_POINT('',(-271.2613852841,75.387667705889,16.8));
#3774 = LINE('',#3775,#3776);
#3775 = CARTESIAN_POINT('',(-271.2613852841,75.387667705889,3.8));
#3776 = VECTOR('',#3777,1.);
#3777 = DIRECTION('',(0.,0.,1.));
#3778 = ORIENTED_EDGE('',*,*,#3779,.T.);
#3779 = EDGE_CURVE('',#3772,#3748,#3780,.T.);
#3780 = LINE('',#3781,#3782);
#3781 = CARTESIAN_POINT('',(-272.2295672784,73.468610658414,16.8));
#3782 = VECTOR('',#3783,1.);
#3783 = DIRECTION('',(-0.450431408775,-0.892811035992,0.));
#3784 = PLANE('',#3785);
#3785 = AXIS2_PLACEMENT_3D('',#3786,#3787,#3788);
#3786 = CARTESIAN_POINT('',(-271.2613852841,75.387667705889,3.8));
#3787 = DIRECTION('',(0.892811035992,-0.450431408775,0.));
#3788 = DIRECTION('',(-0.450431408775,-0.892811035992,0.));
#3789 = ADVANCED_FACE('',(#3790),#3808,.F.);
#3790 = FACE_BOUND('',#3791,.F.);
#3791 = EDGE_LOOP('',(#3792,#3793,#3794,#3802));
#3792 = ORIENTED_EDGE('',*,*,#3771,.F.);
#3793 = ORIENTED_EDGE('',*,*,#1437,.T.);
#3794 = ORIENTED_EDGE('',*,*,#3795,.T.);
#3795 = EDGE_CURVE('',#1438,#3796,#3798,.T.);
#3796 = VERTEX_POINT('',#3797);
#3797 = CARTESIAN_POINT('',(-269.1637535762,79.396425393114,16.8));
#3798 = LINE('',#3799,#3800);
#3799 = CARTESIAN_POINT('',(-269.1637535762,79.396425393114,3.8));
#3800 = VECTOR('',#3801,1.);
#3801 = DIRECTION('',(0.,0.,1.));
#3802 = ORIENTED_EDGE('',*,*,#3803,.T.);
#3803 = EDGE_CURVE('',#3796,#3772,#3804,.T.);
#3804 = LINE('',#3805,#3806);
#3805 = CARTESIAN_POINT('',(-271.1044663977,75.687553424493,16.8));
#3806 = VECTOR('',#3807,1.);
#3807 = DIRECTION('',(-0.463626475352,-0.886030750794,0.));
#3808 = PLANE('',#3809);
#3809 = AXIS2_PLACEMENT_3D('',#3810,#3811,#3812);
#3810 = CARTESIAN_POINT('',(-269.1637535762,79.396425393114,3.8));
#3811 = DIRECTION('',(0.886030750794,-0.463626475352,0.));
#3812 = DIRECTION('',(-0.463626475352,-0.886030750794,0.));
#3813 = ADVANCED_FACE('',(#3814),#3832,.F.);
#3814 = FACE_BOUND('',#3815,.F.);
#3815 = EDGE_LOOP('',(#3816,#3817,#3818,#3826));
#3816 = ORIENTED_EDGE('',*,*,#3795,.F.);
#3817 = ORIENTED_EDGE('',*,*,#1445,.T.);
#3818 = ORIENTED_EDGE('',*,*,#3819,.T.);
#3819 = EDGE_CURVE('',#1446,#3820,#3822,.T.);
#3820 = VERTEX_POINT('',#3821);
#3821 = CARTESIAN_POINT('',(-267.0068837577,83.373624101171,16.8));
#3822 = LINE('',#3823,#3824);
#3823 = CARTESIAN_POINT('',(-267.0068837577,83.373624101171,3.8));
#3824 = VECTOR('',#3825,1.);
#3825 = DIRECTION('',(0.,0.,1.));
#3826 = ORIENTED_EDGE('',*,*,#3827,.T.);
#3827 = EDGE_CURVE('',#3820,#3796,#3828,.T.);
#3828 = LINE('',#3829,#3830);
#3829 = CARTESIAN_POINT('',(-269.9729151152,77.90435748969,16.8));
#3830 = VECTOR('',#3831,1.);
#3831 = DIRECTION('',(-0.476719506064,-0.879055466133,0.));
#3832 = PLANE('',#3833);
#3833 = AXIS2_PLACEMENT_3D('',#3834,#3835,#3836);
#3834 = CARTESIAN_POINT('',(-267.0068837577,83.373624101171,3.8));
#3835 = DIRECTION('',(0.879055466133,-0.476719506064,0.));
#3836 = DIRECTION('',(-0.476719506064,-0.879055466133,0.));
#3837 = ADVANCED_FACE('',(#3838),#3856,.F.);
#3838 = FACE_BOUND('',#3839,.F.);
#3839 = EDGE_LOOP('',(#3840,#3841,#3842,#3850));
#3840 = ORIENTED_EDGE('',*,*,#3819,.F.);
#3841 = ORIENTED_EDGE('',*,*,#1453,.T.);
#3842 = ORIENTED_EDGE('',*,*,#3843,.T.);
#3843 = EDGE_CURVE('',#1454,#3844,#3846,.T.);
#3844 = VERTEX_POINT('',#3845);
#3845 = CARTESIAN_POINT('',(-264.7912505172,87.318388520017,16.8));
#3846 = LINE('',#3847,#3848);
#3847 = CARTESIAN_POINT('',(-264.7912505172,87.318388520017,3.8));
#3848 = VECTOR('',#3849,1.);
#3849 = DIRECTION('',(0.,0.,1.));
#3850 = ORIENTED_EDGE('',*,*,#3851,.T.);
#3851 = EDGE_CURVE('',#3844,#3820,#3852,.T.);
#3852 = LINE('',#3853,#3854);
#3853 = CARTESIAN_POINT('',(-268.8344953295,80.119702392595,16.8));
#3854 = VECTOR('',#3855,1.);
#3855 = DIRECTION('',(-0.48970761937,-0.871886717143,0.));
#3856 = PLANE('',#3857);
#3857 = AXIS2_PLACEMENT_3D('',#3858,#3859,#3860);
#3858 = CARTESIAN_POINT('',(-264.7912505172,87.318388520017,3.8));
#3859 = DIRECTION('',(0.871886717143,-0.48970761937,0.));
#3860 = DIRECTION('',(-0.48970761937,-0.871886717143,0.));
#3861 = ADVANCED_FACE('',(#3862),#3880,.F.);
#3862 = FACE_BOUND('',#3863,.F.);
#3863 = EDGE_LOOP('',(#3864,#3865,#3866,#3874));
#3864 = ORIENTED_EDGE('',*,*,#3843,.F.);
#3865 = ORIENTED_EDGE('',*,*,#1461,.T.);
#3866 = ORIENTED_EDGE('',*,*,#3867,.T.);
#3867 = EDGE_CURVE('',#1462,#3868,#3870,.T.);
#3868 = VERTEX_POINT('',#3869);
#3869 = CARTESIAN_POINT('',(-262.5173414755,91.229850477816,16.8));
#3870 = LINE('',#3871,#3872);
#3871 = CARTESIAN_POINT('',(-262.5173414755,91.229850477816,3.8));
#3872 = VECTOR('',#3873,1.);
#3873 = DIRECTION('',(0.,0.,1.));
#3874 = ORIENTED_EDGE('',*,*,#3875,.T.);
#3875 = EDGE_CURVE('',#3868,#3844,#3876,.T.);
#3876 = LINE('',#3877,#3878);
#3877 = CARTESIAN_POINT('',(-267.6887561112,82.334247687567,16.8));
#3878 = VECTOR('',#3879,1.);
#3879 = DIRECTION('',(-0.50258795682,-0.864526081538,0.));
#3880 = PLANE('',#3881);
#3881 = AXIS2_PLACEMENT_3D('',#3882,#3883,#3884);
#3882 = CARTESIAN_POINT('',(-262.5173414755,91.229850477816,3.8));
#3883 = DIRECTION('',(0.864526081538,-0.50258795682,0.));
#3884 = DIRECTION('',(-0.50258795682,-0.864526081538,0.));
#3885 = ADVANCED_FACE('',(#3886),#3904,.F.);
#3886 = FACE_BOUND('',#3887,.F.);
#3887 = EDGE_LOOP('',(#3888,#3889,#3890,#3898));
#3888 = ORIENTED_EDGE('',*,*,#3867,.F.);
#3889 = ORIENTED_EDGE('',*,*,#1469,.T.);
#3890 = ORIENTED_EDGE('',*,*,#3891,.T.);
#3891 = EDGE_CURVE('',#1470,#3892,#3894,.T.);
#3892 = VERTEX_POINT('',#3893);
#3893 = CARTESIAN_POINT('',(-260.1856570794,95.107149132004,16.8));
#3894 = LINE('',#3895,#3896);
#3895 = CARTESIAN_POINT('',(-260.1856570794,95.107149132004,3.8));
#3896 = VECTOR('',#3897,1.);
#3897 = DIRECTION('',(0.,0.,1.));
#3898 = ORIENTED_EDGE('',*,*,#3899,.T.);
#3899 = EDGE_CURVE('',#3892,#3868,#3900,.T.);
#3900 = LINE('',#3901,#3902);
#3901 = CARTESIAN_POINT('',(-266.5352144203,84.548631790032,16.8));
#3902 = VECTOR('',#3903,1.);
#3903 = DIRECTION('',(-0.515357683682,-0.856975179261,0.));
#3904 = PLANE('',#3905);
#3905 = AXIS2_PLACEMENT_3D('',#3906,#3907,#3908);
#3906 = CARTESIAN_POINT('',(-260.1856570794,95.107149132004,3.8));
#3907 = DIRECTION('',(0.856975179261,-0.515357683682,0.));
#3908 = DIRECTION('',(-0.515357683682,-0.856975179261,0.));
#3909 = ADVANCED_FACE('',(#3910),#3928,.F.);
#3910 = FACE_BOUND('',#3911,.F.);
#3911 = EDGE_LOOP('',(#3912,#3913,#3914,#3922));
#3912 = ORIENTED_EDGE('',*,*,#3891,.F.);
#3913 = ORIENTED_EDGE('',*,*,#1477,.T.);
#3914 = ORIENTED_EDGE('',*,*,#3915,.T.);
#3915 = EDGE_CURVE('',#1478,#3916,#3918,.T.);
#3916 = VERTEX_POINT('',#3917);
#3917 = CARTESIAN_POINT('',(-257.7967104906,98.949431158747,16.8));
#3918 = LINE('',#3919,#3920);
#3919 = CARTESIAN_POINT('',(-257.7967104906,98.949431158747,3.8));
#3920 = VECTOR('',#3921,1.);
#3921 = DIRECTION('',(0.,0.,1.));
#3922 = ORIENTED_EDGE('',*,*,#3923,.T.);
#3923 = EDGE_CURVE('',#3916,#3892,#3924,.T.);
#3924 = LINE('',#3925,#3926);
#3925 = CARTESIAN_POINT('',(-265.3733558592,86.763470844775,16.8));
#3926 = VECTOR('',#3927,1.);
#3927 = DIRECTION('',(-0.528013989569,-0.849235672131,0.));
#3928 = PLANE('',#3929);
#3929 = AXIS2_PLACEMENT_3D('',#3930,#3931,#3932);
#3930 = CARTESIAN_POINT('',(-257.7967104906,98.949431158747,3.8));
#3931 = DIRECTION('',(0.849235672131,-0.528013989569,0.));
#3932 = DIRECTION('',(-0.528013989569,-0.849235672131,0.));
#3933 = ADVANCED_FACE('',(#3934),#3952,.F.);
#3934 = FACE_BOUND('',#3935,.F.);
#3935 = EDGE_LOOP('',(#3936,#3937,#3938,#3946));
#3936 = ORIENTED_EDGE('',*,*,#3915,.F.);
#3937 = ORIENTED_EDGE('',*,*,#1485,.T.);
#3938 = ORIENTED_EDGE('',*,*,#3939,.T.);
#3939 = EDGE_CURVE('',#1486,#3940,#3942,.T.);
#3940 = VERTEX_POINT('',#3941);
#3941 = CARTESIAN_POINT('',(-255.3510274735,102.75585094074,16.8));
#3942 = LINE('',#3943,#3944);
#3943 = CARTESIAN_POINT('',(-255.3510274735,102.75585094074,3.8));
#3944 = VECTOR('',#3945,1.);
#3945 = DIRECTION('',(0.,0.,1.));
#3946 = ORIENTED_EDGE('',*,*,#3947,.T.);
#3947 = EDGE_CURVE('',#3940,#3916,#3948,.T.);
#3948 = LINE('',#3949,#3950);
#3949 = CARTESIAN_POINT('',(-264.2026354625,88.97935761914,16.8));
#3950 = VECTOR('',#3951,1.);
#3951 = DIRECTION('',(-0.540554089056,-0.841309263473,0.));
#3952 = PLANE('',#3953);
#3953 = AXIS2_PLACEMENT_3D('',#3954,#3955,#3956);
#3954 = CARTESIAN_POINT('',(-255.3510274735,102.75585094074,3.8));
#3955 = DIRECTION('',(0.841309263473,-0.540554089056,0.));
#3956 = DIRECTION('',(-0.540554089056,-0.841309263473,0.));
#3957 = ADVANCED_FACE('',(#3958),#3976,.F.);
#3958 = FACE_BOUND('',#3959,.F.);
#3959 = EDGE_LOOP('',(#3960,#3961,#3962,#3970));
#3960 = ORIENTED_EDGE('',*,*,#3939,.F.);
#3961 = ORIENTED_EDGE('',*,*,#1493,.T.);
#3962 = ORIENTED_EDGE('',*,*,#3963,.T.);
#3963 = EDGE_CURVE('',#1494,#3964,#3966,.T.);
#3964 = VERTEX_POINT('',#3965);
#3965 = CARTESIAN_POINT('',(-252.8491462789,106.52557075332,16.8));
#3966 = LINE('',#3967,#3968);
#3967 = CARTESIAN_POINT('',(-252.8491462789,106.52557075332,3.8));
#3968 = VECTOR('',#3969,1.);
#3969 = DIRECTION('',(0.,0.,1.));
#3970 = ORIENTED_EDGE('',*,*,#3971,.T.);
#3971 = EDGE_CURVE('',#3964,#3940,#3972,.T.);
#3972 = LINE('',#3973,#3974);
#3973 = CARTESIAN_POINT('',(-263.0224785217,91.196860421443,16.8));
#3974 = VECTOR('',#3975,1.);
#3975 = DIRECTION('',(-0.55297522229,-0.833197697748,0.));
#3976 = PLANE('',#3977);
#3977 = AXIS2_PLACEMENT_3D('',#3978,#3979,#3980);
#3978 = CARTESIAN_POINT('',(-252.8491462789,106.52557075332,3.8));
#3979 = DIRECTION('',(0.833197697748,-0.55297522229,0.));
#3980 = DIRECTION('',(-0.55297522229,-0.833197697748,0.));
#3981 = ADVANCED_FACE('',(#3982),#4000,.F.);
#3982 = FACE_BOUND('',#3983,.F.);
#3983 = EDGE_LOOP('',(#3984,#3985,#3986,#3994));
#3984 = ORIENTED_EDGE('',*,*,#3963,.F.);
#3985 = ORIENTED_EDGE('',*,*,#1501,.T.);
#3986 = ORIENTED_EDGE('',*,*,#3987,.T.);
#3987 = EDGE_CURVE('',#1502,#3988,#3990,.T.);
#3988 = VERTEX_POINT('',#3989);
#3989 = CARTESIAN_POINT('',(-250.2916175261,110.25776094883,16.8));
#3990 = LINE('',#3991,#3992);
#3991 = CARTESIAN_POINT('',(-250.2916175261,110.25776094883,3.8));
#3992 = VECTOR('',#3993,1.);
#3993 = DIRECTION('',(0.,0.,1.));
#3994 = ORIENTED_EDGE('',*,*,#3995,.T.);
#3995 = EDGE_CURVE('',#3988,#3964,#3996,.T.);
#3996 = LINE('',#3997,#3998);
#3997 = CARTESIAN_POINT('',(-261.8322814444,93.416522046626,16.8));
#3998 = VECTOR('',#3999,1.);
#3999 = DIRECTION('',(-0.565274655605,-0.824902760167,0.));
#4000 = PLANE('',#4001);
#4001 = AXIS2_PLACEMENT_3D('',#4002,#4003,#4004);
#4002 = CARTESIAN_POINT('',(-250.2916175261,110.25776094883,3.8));
#4003 = DIRECTION('',(0.824902760167,-0.565274655605,0.));
#4004 = DIRECTION('',(-0.565274655605,-0.824902760167,0.));
#4005 = ADVANCED_FACE('',(#4006),#4040,.F.);
#4006 = FACE_BOUND('',#4007,.F.);
#4007 = EDGE_LOOP('',(#4008,#4016,#4024,#4032,#4038,#4039));
#4008 = ORIENTED_EDGE('',*,*,#4009,.T.);
#4009 = EDGE_CURVE('',#1510,#4010,#4012,.T.);
#4010 = VERTEX_POINT('',#4011);
#4011 = CARTESIAN_POINT('',(-249.6288592704,111.19480061054,14.));
#4012 = LINE('',#4013,#4014);
#4013 = CARTESIAN_POINT('',(-249.6288592704,111.19480061054,3.9));
#4014 = VECTOR('',#4015,1.);
#4015 = DIRECTION('',(0.,0.,1.));
#4016 = ORIENTED_EDGE('',*,*,#4017,.T.);
#4017 = EDGE_CURVE('',#4010,#4018,#4020,.T.);
#4018 = VERTEX_POINT('',#4019);
#4019 = CARTESIAN_POINT('',(-247.6790040812,113.95160013919,14.));
#4020 = LINE('',#4021,#4022);
#4021 = CARTESIAN_POINT('',(-234.4388630545,132.67115159247,14.));
#4022 = VECTOR('',#4023,1.);
#4023 = DIRECTION('',(0.577449682115,0.816426276295,0.));
#4024 = ORIENTED_EDGE('',*,*,#4025,.T.);
#4025 = EDGE_CURVE('',#4018,#4026,#4028,.T.);
#4026 = VERTEX_POINT('',#4027);
#4027 = CARTESIAN_POINT('',(-247.6790040812,113.95160013919,16.8));
#4028 = LINE('',#4029,#4030);
#4029 = CARTESIAN_POINT('',(-247.6790040812,113.95160013919,3.8));
#4030 = VECTOR('',#4031,1.);
#4031 = DIRECTION('',(0.,0.,1.));
#4032 = ORIENTED_EDGE('',*,*,#4033,.T.);
#4033 = EDGE_CURVE('',#4026,#3988,#4034,.T.);
#4034 = LINE('',#4035,#4036);
#4035 = CARTESIAN_POINT('',(-260.6314126469,95.638858749124,16.8));
#4036 = VECTOR('',#4037,1.);
#4037 = DIRECTION('',(-0.577449682115,-0.816426276295,0.));
#4038 = ORIENTED_EDGE('',*,*,#3987,.F.);
#4039 = ORIENTED_EDGE('',*,*,#1509,.T.);
#4040 = PLANE('',#4041);
#4041 = AXIS2_PLACEMENT_3D('',#4042,#4043,#4044);
#4042 = CARTESIAN_POINT('',(-247.6790040812,113.95160013919,3.8));
#4043 = DIRECTION('',(0.816426276295,-0.577449682115,0.));
#4044 = DIRECTION('',(-0.577449682115,-0.816426276295,0.));
#4045 = ADVANCED_FACE('',(#4046),#4064,.T.);
#4046 = FACE_BOUND('',#4047,.T.);
#4047 = EDGE_LOOP('',(#4048,#4049,#4050,#4058));
#4048 = ORIENTED_EDGE('',*,*,#1517,.F.);
#4049 = ORIENTED_EDGE('',*,*,#4009,.T.);
#4050 = ORIENTED_EDGE('',*,*,#4051,.T.);
#4051 = EDGE_CURVE('',#4010,#4052,#4054,.T.);
#4052 = VERTEX_POINT('',#4053);
#4053 = CARTESIAN_POINT('',(-328.7717490509,129.08614537474,14.));
#4054 = LINE('',#4055,#4056);
#4055 = CARTESIAN_POINT('',(-140.7717490509,86.586145374741,14.));
#4056 = VECTOR('',#4057,1.);
#4057 = DIRECTION('',(-0.975387035788,0.220499728835,0.));
#4058 = ORIENTED_EDGE('',*,*,#4059,.F.);
#4059 = EDGE_CURVE('',#1518,#4052,#4060,.T.);
#4060 = LINE('',#4061,#4062);
#4061 = CARTESIAN_POINT('',(-328.7717490509,129.08614537474,4.));
#4062 = VECTOR('',#4063,1.);
#4063 = DIRECTION('',(0.,0.,1.));
#4064 = PLANE('',#4065);
#4065 = AXIS2_PLACEMENT_3D('',#4066,#4067,#4068);
#4066 = CARTESIAN_POINT('',(-140.7717490509,86.586145374741,4.));
#4067 = DIRECTION('',(-0.220499728835,-0.975387035788,0.));
#4068 = DIRECTION('',(0.,0.,1.));
#4069 = ADVANCED_FACE('',(#4070),#4088,.T.);
#4070 = FACE_BOUND('',#4071,.T.);
#4071 = EDGE_LOOP('',(#4072,#4080,#4081,#4082));
#4072 = ORIENTED_EDGE('',*,*,#4073,.F.);
#4073 = EDGE_CURVE('',#1526,#4074,#4076,.T.);
#4074 = VERTEX_POINT('',#4075);
#4075 = CARTESIAN_POINT('',(-327.228250949,135.91385462525,14.));
#4076 = LINE('',#4077,#4078);
#4077 = CARTESIAN_POINT('',(-327.228250949,135.91385462525,4.));
#4078 = VECTOR('',#4079,1.);
#4079 = DIRECTION('',(0.,0.,1.));
#4080 = ORIENTED_EDGE('',*,*,#1525,.T.);
#4081 = ORIENTED_EDGE('',*,*,#4059,.T.);
#4082 = ORIENTED_EDGE('',*,*,#4083,.F.);
#4083 = EDGE_CURVE('',#4074,#4052,#4084,.T.);
#4084 = LINE('',#4085,#4086);
#4085 = CARTESIAN_POINT('',(-327.228250949,135.91385462525,14.));
#4086 = VECTOR('',#4087,1.);
#4087 = DIRECTION('',(-0.220499728835,-0.975387035788,0.));
#4088 = PLANE('',#4089);
#4089 = AXIS2_PLACEMENT_3D('',#4090,#4091,#4092);
#4090 = CARTESIAN_POINT('',(-327.228250949,135.91385462525,4.));
#4091 = DIRECTION('',(-0.975387035788,0.220499728835,0.));
#4092 = DIRECTION('',(0.,0.,1.));
#4093 = ADVANCED_FACE('',(#4094),#4112,.F.);
#4094 = FACE_BOUND('',#4095,.F.);
#4095 = EDGE_LOOP('',(#4096,#4097,#4105,#4111));
#4096 = ORIENTED_EDGE('',*,*,#1533,.F.);
#4097 = ORIENTED_EDGE('',*,*,#4098,.T.);
#4098 = EDGE_CURVE('',#1534,#4099,#4101,.T.);
#4099 = VERTEX_POINT('',#4100);
#4100 = CARTESIAN_POINT('',(-245.1863860768,117.36715644936,14.));
#4101 = LINE('',#4102,#4103);
#4102 = CARTESIAN_POINT('',(-245.1863860768,117.36715644936,3.9));
#4103 = VECTOR('',#4104,1.);
#4104 = DIRECTION('',(0.,0.,1.));
#4105 = ORIENTED_EDGE('',*,*,#4106,.T.);
#4106 = EDGE_CURVE('',#4099,#4074,#4107,.T.);
#4107 = LINE('',#4108,#4109);
#4108 = CARTESIAN_POINT('',(-139.228250949,93.413854625259,14.));
#4109 = VECTOR('',#4110,1.);
#4110 = DIRECTION('',(-0.975387035788,0.220499728835,0.));
#4111 = ORIENTED_EDGE('',*,*,#4073,.F.);
#4112 = PLANE('',#4113);
#4113 = AXIS2_PLACEMENT_3D('',#4114,#4115,#4116);
#4114 = CARTESIAN_POINT('',(-139.228250949,93.413854625259,4.));
#4115 = DIRECTION('',(-0.220499728835,-0.975387035788,0.));
#4116 = DIRECTION('',(0.,0.,1.));
#4117 = ADVANCED_FACE('',(#4118),#4143,.F.);
#4118 = FACE_BOUND('',#4119,.F.);
#4119 = EDGE_LOOP('',(#4120,#4121,#4122,#4130,#4136,#4137));
#4120 = ORIENTED_EDGE('',*,*,#4098,.F.);
#4121 = ORIENTED_EDGE('',*,*,#1541,.T.);
#4122 = ORIENTED_EDGE('',*,*,#4123,.T.);
#4123 = EDGE_CURVE('',#1542,#4124,#4126,.T.);
#4124 = VERTEX_POINT('',#4125);
#4125 = CARTESIAN_POINT('',(-245.0118809334,117.60627537672,16.8));
#4126 = LINE('',#4127,#4128);
#4127 = CARTESIAN_POINT('',(-245.0118809334,117.60627537672,3.8));
#4128 = VECTOR('',#4129,1.);
#4129 = DIRECTION('',(0.,0.,1.));
#4130 = ORIENTED_EDGE('',*,*,#4131,.T.);
#4131 = EDGE_CURVE('',#4124,#4026,#4132,.T.);
#4132 = LINE('',#4133,#4134);
#4133 = CARTESIAN_POINT('',(-259.4192134798,97.864359244855,16.8));
#4134 = VECTOR('',#4135,1.);
#4135 = DIRECTION('',(-0.589497622315,-0.807770111656,0.));
#4136 = ORIENTED_EDGE('',*,*,#4025,.F.);
#4137 = ORIENTED_EDGE('',*,*,#4138,.T.);
#4138 = EDGE_CURVE('',#4018,#4099,#4139,.T.);
#4139 = LINE('',#4140,#4141);
#4140 = CARTESIAN_POINT('',(-232.3915373939,134.89953649286,14.));
#4141 = VECTOR('',#4142,1.);
#4142 = DIRECTION('',(0.589497622315,0.807770111656,0.));
#4143 = PLANE('',#4144);
#4144 = AXIS2_PLACEMENT_3D('',#4145,#4146,#4147);
#4145 = CARTESIAN_POINT('',(-245.0118809334,117.60627537672,3.8));
#4146 = DIRECTION('',(0.807770111656,-0.589497622315,0.));
#4147 = DIRECTION('',(-0.589497622315,-0.807770111656,0.));
#4148 = ADVANCED_FACE('',(#4149),#4167,.F.);
#4149 = FACE_BOUND('',#4150,.F.);
#4150 = EDGE_LOOP('',(#4151,#4152,#4153,#4161));
#4151 = ORIENTED_EDGE('',*,*,#4123,.F.);
#4152 = ORIENTED_EDGE('',*,*,#1549,.T.);
#4153 = ORIENTED_EDGE('',*,*,#4154,.T.);
#4154 = EDGE_CURVE('',#1550,#4155,#4157,.T.);
#4155 = VERTEX_POINT('',#4156);
#4156 = CARTESIAN_POINT('',(-242.2908350688,121.22098233298,16.8));
#4157 = LINE('',#4158,#4159);
#4158 = CARTESIAN_POINT('',(-242.2908350688,121.22098233298,3.8));
#4159 = VECTOR('',#4160,1.);
#4160 = DIRECTION('',(0.,0.,1.));
#4161 = ORIENTED_EDGE('',*,*,#4162,.T.);
#4162 = EDGE_CURVE('',#4155,#4124,#4163,.T.);
#4163 = LINE('',#4164,#4165);
#4164 = CARTESIAN_POINT('',(-258.1949991858,100.09348374304,16.8));
#4165 = VECTOR('',#4166,1.);
#4166 = DIRECTION('',(-0.60141582467,-0.798936171315,0.));
#4167 = PLANE('',#4168);
#4168 = AXIS2_PLACEMENT_3D('',#4169,#4170,#4171);
#4169 = CARTESIAN_POINT('',(-242.2908350688,121.22098233298,3.8));
#4170 = DIRECTION('',(0.798936171315,-0.60141582467,0.));
#4171 = DIRECTION('',(-0.60141582467,-0.798936171315,0.));
#4172 = ADVANCED_FACE('',(#4173),#4191,.F.);
#4173 = FACE_BOUND('',#4174,.F.);
#4174 = EDGE_LOOP('',(#4175,#4176,#4177,#4185));
#4175 = ORIENTED_EDGE('',*,*,#4154,.F.);
#4176 = ORIENTED_EDGE('',*,*,#1557,.T.);
#4177 = ORIENTED_EDGE('',*,*,#4178,.T.);
#4178 = EDGE_CURVE('',#1558,#4179,#4181,.T.);
#4179 = VERTEX_POINT('',#4180);
#4180 = CARTESIAN_POINT('',(-239.5164653407,124.79492547588,16.8));
#4181 = LINE('',#4182,#4183);
#4182 = CARTESIAN_POINT('',(-239.5164653407,124.79492547588,3.8));
#4183 = VECTOR('',#4184,1.);
#4184 = DIRECTION('',(0.,0.,1.));
#4185 = ORIENTED_EDGE('',*,*,#4186,.T.);
#4186 = EDGE_CURVE('',#4179,#4155,#4187,.T.);
#4187 = LINE('',#4188,#4189);
#4188 = CARTESIAN_POINT('',(-256.9580598878,102.32666300853,16.8));
#4189 = VECTOR('',#4190,1.);
#4190 = DIRECTION('',(-0.613201666199,-0.789926399465,0.));
#4191 = PLANE('',#4192);
#4192 = AXIS2_PLACEMENT_3D('',#4193,#4194,#4195);
#4193 = CARTESIAN_POINT('',(-239.5164653407,124.79492547588,3.8));
#4194 = DIRECTION('',(0.789926399465,-0.613201666199,0.));
#4195 = DIRECTION('',(-0.613201666199,-0.789926399465,0.));
#4196 = ADVANCED_FACE('',(#4197),#4215,.F.);
#4197 = FACE_BOUND('',#4198,.F.);
#4198 = EDGE_LOOP('',(#4199,#4200,#4201,#4209));
#4199 = ORIENTED_EDGE('',*,*,#4178,.F.);
#4200 = ORIENTED_EDGE('',*,*,#1565,.T.);
#4201 = ORIENTED_EDGE('',*,*,#4202,.T.);
#4202 = EDGE_CURVE('',#1566,#4203,#4205,.T.);
#4203 = VERTEX_POINT('',#4204);
#4204 = CARTESIAN_POINT('',(-236.689382338,128.32731824467,16.8));
#4205 = LINE('',#4206,#4207);
#4206 = CARTESIAN_POINT('',(-236.689382338,128.32731824467,3.8));
#4207 = VECTOR('',#4208,1.);
#4208 = DIRECTION('',(0.,0.,1.));
#4209 = ORIENTED_EDGE('',*,*,#4210,.T.);
#4210 = EDGE_CURVE('',#4203,#4179,#4211,.T.);
#4211 = LINE('',#4212,#4213);
#4212 = CARTESIAN_POINT('',(-255.7076616068,104.5642974559,16.8));
#4213 = VECTOR('',#4214,1.);
#4214 = DIRECTION('',(-0.624852553048,-0.780742778993,0.));
#4215 = PLANE('',#4216);
#4216 = AXIS2_PLACEMENT_3D('',#4217,#4218,#4219);
#4217 = CARTESIAN_POINT('',(-236.689382338,128.32731824467,3.8));
#4218 = DIRECTION('',(0.780742778993,-0.624852553048,0.));
#4219 = DIRECTION('',(-0.624852553048,-0.780742778993,0.));
#4220 = ADVANCED_FACE('',(#4221),#4239,.F.);
#4221 = FACE_BOUND('',#4222,.F.);
#4222 = EDGE_LOOP('',(#4223,#4224,#4225,#4233));
#4223 = ORIENTED_EDGE('',*,*,#4202,.F.);
#4224 = ORIENTED_EDGE('',*,*,#1573,.T.);
#4225 = ORIENTED_EDGE('',*,*,#4226,.T.);
#4226 = EDGE_CURVE('',#1574,#4227,#4229,.T.);
#4227 = VERTEX_POINT('',#4228);
#4228 = CARTESIAN_POINT('',(-233.810208251,131.81738322312,16.8));
#4229 = LINE('',#4230,#4231);
#4230 = CARTESIAN_POINT('',(-233.810208251,131.81738322312,3.8));
#4231 = VECTOR('',#4232,1.);
#4232 = DIRECTION('',(0.,0.,1.));
#4233 = ORIENTED_EDGE('',*,*,#4234,.T.);
#4234 = EDGE_CURVE('',#4227,#4203,#4235,.T.);
#4235 = LINE('',#4236,#4237);
#4236 = CARTESIAN_POINT('',(-254.4430473096,106.80675627631,16.8));
#4237 = VECTOR('',#4238,1.);
#4238 = DIRECTION('',(-0.636365921066,-0.771387331051,0.));
#4239 = PLANE('',#4240);
#4240 = AXIS2_PLACEMENT_3D('',#4241,#4242,#4243);
#4241 = CARTESIAN_POINT('',(-233.810208251,131.81738322312,3.8));
#4242 = DIRECTION('',(0.771387331051,-0.636365921066,0.));
#4243 = DIRECTION('',(-0.636365921066,-0.771387331051,0.));
#4244 = ADVANCED_FACE('',(#4245),#4263,.F.);
#4245 = FACE_BOUND('',#4246,.F.);
#4246 = EDGE_LOOP('',(#4247,#4248,#4249,#4257));
#4247 = ORIENTED_EDGE('',*,*,#4226,.F.);
#4248 = ORIENTED_EDGE('',*,*,#1581,.T.);
#4249 = ORIENTED_EDGE('',*,*,#4250,.T.);
#4250 = EDGE_CURVE('',#1582,#4251,#4253,.T.);
#4251 = VERTEX_POINT('',#4252);
#4252 = CARTESIAN_POINT('',(-230.8795767342,135.26435231057,16.8));
#4253 = LINE('',#4254,#4255);
#4254 = CARTESIAN_POINT('',(-230.8795767342,135.26435231057,3.8));
#4255 = VECTOR('',#4256,1.);
#4256 = DIRECTION('',(0.,0.,1.));
#4257 = ORIENTED_EDGE('',*,*,#4258,.T.);
#4258 = EDGE_CURVE('',#4251,#4227,#4259,.T.);
#4259 = LINE('',#4260,#4261);
#4260 = CARTESIAN_POINT('',(-253.1634379841,109.05437659781,16.8));
#4261 = VECTOR('',#4262,1.);
#4262 = DIRECTION('',(-0.647739236369,-0.761862114603,0.));
#4263 = PLANE('',#4264);
#4264 = AXIS2_PLACEMENT_3D('',#4265,#4266,#4267);
#4265 = CARTESIAN_POINT('',(-230.8795767342,135.26435231057,3.8));
#4266 = DIRECTION('',(0.761862114603,-0.647739236369,0.));
#4267 = DIRECTION('',(-0.647739236369,-0.761862114603,0.));
#4268 = ADVANCED_FACE('',(#4269),#4280,.F.);
#4269 = FACE_BOUND('',#4270,.F.);
#4270 = EDGE_LOOP('',(#4271,#4272,#4273,#4274));
#4271 = ORIENTED_EDGE('',*,*,#4250,.F.);
#4272 = ORIENTED_EDGE('',*,*,#1589,.T.);
#4273 = ORIENTED_EDGE('',*,*,#1962,.T.);
#4274 = ORIENTED_EDGE('',*,*,#4275,.T.);
#4275 = EDGE_CURVE('',#1955,#4251,#4276,.T.);
#4276 = LINE('',#4277,#4278);
#4277 = CARTESIAN_POINT('',(-251.8680337414,111.30746267971,16.8));
#4278 = VECTOR('',#4279,1.);
#4279 = DIRECTION('',(-0.658969995893,-0.752169225981,0.));
#4280 = PLANE('',#4281);
#4281 = AXIS2_PLACEMENT_3D('',#4282,#4283,#4284);
#4282 = CARTESIAN_POINT('',(-227.8981327671,138.66746689101,3.8));
#4283 = DIRECTION('',(0.752169225981,-0.658969995893,0.));
#4284 = DIRECTION('',(-0.658969995893,-0.752169225981,0.));
#4285 = ADVANCED_FACE('',(#4286),#4293,.T.);
#4286 = FACE_BOUND('',#4287,.T.);
#4287 = EDGE_LOOP('',(#4288,#4289,#4290,#4291,#4292));
#4288 = ORIENTED_EDGE('',*,*,#1861,.T.);
#4289 = ORIENTED_EDGE('',*,*,#1844,.T.);
#4290 = ORIENTED_EDGE('',*,*,#1797,.T.);
#4291 = ORIENTED_EDGE('',*,*,#1773,.T.);
#4292 = ORIENTED_EDGE('',*,*,#1710,.T.);
#4293 = PLANE('',#4294);
#4294 = AXIS2_PLACEMENT_3D('',#4295,#4296,#4297);
#4295 = CARTESIAN_POINT('',(-90.,-90.,9.389826944734));
#4296 = DIRECTION('',(1.,0.,0.));
#4297 = DIRECTION('',(0.,0.,1.));
#4298 = ADVANCED_FACE('',(#4299),#4316,.T.);
#4299 = FACE_BOUND('',#4300,.T.);
#4300 = EDGE_LOOP('',(#4301,#4307,#4308,#4314,#4315));
#4301 = ORIENTED_EDGE('',*,*,#4302,.F.);
#4302 = EDGE_CURVE('',#1881,#1742,#4303,.T.);
#4303 = LINE('',#4304,#4305);
#4304 = CARTESIAN_POINT('',(-119.3,-96.3,-1.));
#4305 = VECTOR('',#4306,1.);
#4306 = DIRECTION('',(0.,0.,1.));
#4307 = ORIENTED_EDGE('',*,*,#1880,.F.);
#4308 = ORIENTED_EDGE('',*,*,#4309,.T.);
#4309 = EDGE_CURVE('',#1871,#1813,#4310,.T.);
#4310 = LINE('',#4311,#4312);
#4311 = CARTESIAN_POINT('',(-119.3,-83.7,-1.));
#4312 = VECTOR('',#4313,1.);
#4313 = DIRECTION('',(0.,0.,1.));
#4314 = ORIENTED_EDGE('',*,*,#1820,.T.);
#4315 = ORIENTED_EDGE('',*,*,#1741,.T.);
#4316 = PLANE('',#4317);
#4317 = AXIS2_PLACEMENT_3D('',#4318,#4319,#4320);
#4318 = CARTESIAN_POINT('',(-119.3,-96.3,-1.));
#4319 = DIRECTION('',(1.,0.,0.));
#4320 = DIRECTION('',(0.,0.,1.));
#4321 = ADVANCED_FACE('',(#4322),#4333,.T.);
#4322 = FACE_BOUND('',#4323,.T.);
#4323 = EDGE_LOOP('',(#4324,#4330,#4331,#4332));
#4324 = ORIENTED_EDGE('',*,*,#4325,.F.);
#4325 = EDGE_CURVE('',#1889,#1750,#4326,.T.);
#4326 = LINE('',#4327,#4328);
#4327 = CARTESIAN_POINT('',(-110.7,-96.3,-1.));
#4328 = VECTOR('',#4329,1.);
#4329 = DIRECTION('',(0.,0.,1.));
#4330 = ORIENTED_EDGE('',*,*,#1888,.F.);
#4331 = ORIENTED_EDGE('',*,*,#4302,.T.);
#4332 = ORIENTED_EDGE('',*,*,#1749,.T.);
#4333 = PLANE('',#4334);
#4334 = AXIS2_PLACEMENT_3D('',#4335,#4336,#4337);
#4335 = CARTESIAN_POINT('',(-119.3,-96.3,-1.));
#4336 = DIRECTION('',(0.,1.,0.));
#4337 = DIRECTION('',(0.,0.,1.));
#4338 = ADVANCED_FACE('',(#4339),#4351,.F.);
#4339 = FACE_BOUND('',#4340,.F.);
#4340 = EDGE_LOOP('',(#4341,#4342,#4343,#4349,#4350));
#4341 = ORIENTED_EDGE('',*,*,#4325,.F.);
#4342 = ORIENTED_EDGE('',*,*,#1896,.F.);
#4343 = ORIENTED_EDGE('',*,*,#4344,.T.);
#4344 = EDGE_CURVE('',#1873,#1805,#4345,.T.);
#4345 = LINE('',#4346,#4347);
#4346 = CARTESIAN_POINT('',(-110.7,-83.7,-1.));
#4347 = VECTOR('',#4348,1.);
#4348 = DIRECTION('',(0.,0.,1.));
#4349 = ORIENTED_EDGE('',*,*,#1804,.T.);
#4350 = ORIENTED_EDGE('',*,*,#1757,.T.);
#4351 = PLANE('',#4352);
#4352 = AXIS2_PLACEMENT_3D('',#4353,#4354,#4355);
#4353 = CARTESIAN_POINT('',(-110.7,-96.3,-1.));
#4354 = DIRECTION('',(1.,0.,0.));
#4355 = DIRECTION('',(0.,0.,1.));
#4356 = ADVANCED_FACE('',(#4357),#4363,.F.);
#4357 = FACE_BOUND('',#4358,.F.);
#4358 = EDGE_LOOP('',(#4359,#4360,#4361,#4362));
#4359 = ORIENTED_EDGE('',*,*,#4344,.F.);
#4360 = ORIENTED_EDGE('',*,*,#1870,.F.);
#4361 = ORIENTED_EDGE('',*,*,#4309,.T.);
#4362 = ORIENTED_EDGE('',*,*,#1812,.T.);
#4363 = PLANE('',#4364);
#4364 = AXIS2_PLACEMENT_3D('',#4365,#4366,#4367);
#4365 = CARTESIAN_POINT('',(-119.3,-83.7,-1.));
#4366 = DIRECTION('',(0.,1.,0.));
#4367 = DIRECTION('',(0.,0.,1.));
#4368 = ADVANCED_FACE('',(#4369),#4458,.T.);
#4369 = FACE_BOUND('',#4370,.T.);
#4370 = EDGE_LOOP('',(#4371,#4372,#4373,#4374,#4375,#4376,#4377,#4378,
    #4379,#4380,#4381,#4382,#4383,#4384,#4385,#4386,#4387,#4388,#4389,
    #4390,#4391,#4392,#4393,#4394,#4395,#4396,#4397,#4398,#4399,#4400,
    #4401,#4402,#4403,#4404,#4405,#4406,#4407,#4408,#4409,#4410,#4411,
    #4412,#4413,#4414,#4415,#4416,#4417,#4418,#4419,#4420,#4421,#4422,
    #4423,#4424,#4425,#4426,#4427,#4428,#4429,#4430,#4431,#4432,#4433,
    #4434,#4435,#4436,#4437,#4438,#4439,#4440,#4441,#4442,#4443,#4444,
    #4445,#4446,#4447,#4448,#4449,#4455,#4456,#4457));
#4371 = ORIENTED_EDGE('',*,*,#1987,.T.);
#4372 = ORIENTED_EDGE('',*,*,#1954,.T.);
#4373 = ORIENTED_EDGE('',*,*,#4275,.T.);
#4374 = ORIENTED_EDGE('',*,*,#4258,.T.);
#4375 = ORIENTED_EDGE('',*,*,#4234,.T.);
#4376 = ORIENTED_EDGE('',*,*,#4210,.T.);
#4377 = ORIENTED_EDGE('',*,*,#4186,.T.);
#4378 = ORIENTED_EDGE('',*,*,#4162,.T.);
#4379 = ORIENTED_EDGE('',*,*,#4131,.T.);
#4380 = ORIENTED_EDGE('',*,*,#4033,.T.);
#4381 = ORIENTED_EDGE('',*,*,#3995,.T.);
#4382 = ORIENTED_EDGE('',*,*,#3971,.T.);
#4383 = ORIENTED_EDGE('',*,*,#3947,.T.);
#4384 = ORIENTED_EDGE('',*,*,#3923,.T.);
#4385 = ORIENTED_EDGE('',*,*,#3899,.T.);
#4386 = ORIENTED_EDGE('',*,*,#3875,.T.);
#4387 = ORIENTED_EDGE('',*,*,#3851,.T.);
#4388 = ORIENTED_EDGE('',*,*,#3827,.T.);
#4389 = ORIENTED_EDGE('',*,*,#3803,.T.);
#4390 = ORIENTED_EDGE('',*,*,#3779,.T.);
#4391 = ORIENTED_EDGE('',*,*,#3755,.T.);
#4392 = ORIENTED_EDGE('',*,*,#3731,.T.);
#4393 = ORIENTED_EDGE('',*,*,#3707,.T.);
#4394 = ORIENTED_EDGE('',*,*,#3683,.T.);
#4395 = ORIENTED_EDGE('',*,*,#3659,.T.);
#4396 = ORIENTED_EDGE('',*,*,#3635,.T.);
#4397 = ORIENTED_EDGE('',*,*,#3611,.T.);
#4398 = ORIENTED_EDGE('',*,*,#3587,.T.);
#4399 = ORIENTED_EDGE('',*,*,#3563,.T.);
#4400 = ORIENTED_EDGE('',*,*,#3539,.T.);
#4401 = ORIENTED_EDGE('',*,*,#3515,.T.);
#4402 = ORIENTED_EDGE('',*,*,#3491,.T.);
#4403 = ORIENTED_EDGE('',*,*,#3467,.T.);
#4404 = ORIENTED_EDGE('',*,*,#3443,.T.);
#4405 = ORIENTED_EDGE('',*,*,#3419,.T.);
#4406 = ORIENTED_EDGE('',*,*,#3395,.T.);
#4407 = ORIENTED_EDGE('',*,*,#3371,.T.);
#4408 = ORIENTED_EDGE('',*,*,#3347,.T.);
#4409 = ORIENTED_EDGE('',*,*,#3323,.T.);
#4410 = ORIENTED_EDGE('',*,*,#3299,.T.);
#4411 = ORIENTED_EDGE('',*,*,#3275,.T.);
#4412 = ORIENTED_EDGE('',*,*,#3251,.T.);
#4413 = ORIENTED_EDGE('',*,*,#3227,.T.);
#4414 = ORIENTED_EDGE('',*,*,#3203,.T.);
#4415 = ORIENTED_EDGE('',*,*,#3179,.T.);
#4416 = ORIENTED_EDGE('',*,*,#3155,.T.);
#4417 = ORIENTED_EDGE('',*,*,#3131,.T.);
#4418 = ORIENTED_EDGE('',*,*,#3107,.T.);
#4419 = ORIENTED_EDGE('',*,*,#3083,.T.);
#4420 = ORIENTED_EDGE('',*,*,#3059,.T.);
#4421 = ORIENTED_EDGE('',*,*,#3035,.T.);
#4422 = ORIENTED_EDGE('',*,*,#3011,.T.);
#4423 = ORIENTED_EDGE('',*,*,#2987,.T.);
#4424 = ORIENTED_EDGE('',*,*,#2963,.T.);
#4425 = ORIENTED_EDGE('',*,*,#2939,.T.);
#4426 = ORIENTED_EDGE('',*,*,#2915,.T.);
#4427 = ORIENTED_EDGE('',*,*,#2891,.T.);
#4428 = ORIENTED_EDGE('',*,*,#2867,.T.);
#4429 = ORIENTED_EDGE('',*,*,#2843,.T.);
#4430 = ORIENTED_EDGE('',*,*,#2819,.T.);
#4431 = ORIENTED_EDGE('',*,*,#2795,.T.);
#4432 = ORIENTED_EDGE('',*,*,#2771,.T.);
#4433 = ORIENTED_EDGE('',*,*,#2747,.T.);
#4434 = ORIENTED_EDGE('',*,*,#2723,.T.);
#4435 = ORIENTED_EDGE('',*,*,#2699,.T.);
#4436 = ORIENTED_EDGE('',*,*,#2675,.T.);
#4437 = ORIENTED_EDGE('',*,*,#2651,.T.);
#4438 = ORIENTED_EDGE('',*,*,#2627,.T.);
#4439 = ORIENTED_EDGE('',*,*,#2603,.T.);
#4440 = ORIENTED_EDGE('',*,*,#2579,.T.);
#4441 = ORIENTED_EDGE('',*,*,#2555,.T.);
#4442 = ORIENTED_EDGE('',*,*,#2531,.T.);
#4443 = ORIENTED_EDGE('',*,*,#2507,.T.);
#4444 = ORIENTED_EDGE('',*,*,#2483,.T.);
#4445 = ORIENTED_EDGE('',*,*,#2459,.T.);
#4446 = ORIENTED_EDGE('',*,*,#2435,.T.);
#4447 = ORIENTED_EDGE('',*,*,#2411,.T.);
#4448 = ORIENTED_EDGE('',*,*,#2371,.T.);
#4449 = ORIENTED_EDGE('',*,*,#4450,.T.);
#4450 = EDGE_CURVE('',#2372,#2068,#4451,.T.);
#4451 = LINE('',#4452,#4453);
#4452 = CARTESIAN_POINT('',(-214.1199449404,75.485469480547,16.8));
#4453 = VECTOR('',#4454,1.);
#4454 = DIRECTION('',(0.658969995893,0.752169225981,-0.));
#4455 = ORIENTED_EDGE('',*,*,#2075,.T.);
#4456 = ORIENTED_EDGE('',*,*,#2037,.T.);
#4457 = ORIENTED_EDGE('',*,*,#2011,.T.);
#4458 = PLANE('',#4459);
#4459 = AXIS2_PLACEMENT_3D('',#4460,#4461,#4462);
#4460 = CARTESIAN_POINT('',(-246.0575307481,57.857062846701,16.8));
#4461 = DIRECTION('',(0.,0.,1.));
#4462 = DIRECTION('',(1.,0.,-0.));
#4463 = ADVANCED_FACE('',(#4464),#4475,.F.);
#4464 = FACE_BOUND('',#4465,.F.);
#4465 = EDGE_LOOP('',(#4466,#4467,#4473,#4474));
#4466 = ORIENTED_EDGE('',*,*,#2067,.F.);
#4467 = ORIENTED_EDGE('',*,*,#4468,.T.);
#4468 = EDGE_CURVE('',#2060,#2380,#4469,.T.);
#4469 = LINE('',#4470,#4471);
#4470 = CARTESIAN_POINT('',(-182.1131084526,112.0190864544,14.));
#4471 = VECTOR('',#4472,1.);
#4472 = DIRECTION('',(-0.658969995893,-0.752169225981,0.));
#4473 = ORIENTED_EDGE('',*,*,#2379,.T.);
#4474 = ORIENTED_EDGE('',*,*,#4450,.T.);
#4475 = PLANE('',#4476);
#4476 = AXIS2_PLACEMENT_3D('',#4477,#4478,#4479);
#4477 = CARTESIAN_POINT('',(-191.5136788982,101.28897758764,3.8));
#4478 = DIRECTION('',(-0.752169225981,0.658969995893,0.));
#4479 = DIRECTION('',(0.658969995893,0.752169225981,0.));
#4480 = ADVANCED_FACE('',(#4481),#4489,.T.);
#4481 = FACE_BOUND('',#4482,.T.);
#4482 = EDGE_LOOP('',(#4483,#4484,#4485,#4486,#4487,#4488));
#4483 = ORIENTED_EDGE('',*,*,#2339,.F.);
#4484 = ORIENTED_EDGE('',*,*,#2125,.T.);
#4485 = ORIENTED_EDGE('',*,*,#2100,.T.);
#4486 = ORIENTED_EDGE('',*,*,#2059,.T.);
#4487 = ORIENTED_EDGE('',*,*,#4468,.T.);
#4488 = ORIENTED_EDGE('',*,*,#2387,.T.);
#4489 = PLANE('',#4490);
#4490 = AXIS2_PLACEMENT_3D('',#4491,#4492,#4493);
#4491 = CARTESIAN_POINT('',(-139.228250949,93.413854625259,14.));
#4492 = DIRECTION('',(0.,0.,1.));
#4493 = DIRECTION('',(-0.975387035788,0.220499728835,0.));
#4494 = ADVANCED_FACE('',(#4495),#4501,.T.);
#4495 = FACE_BOUND('',#4496,.T.);
#4496 = EDGE_LOOP('',(#4497,#4498,#4499,#4500));
#4497 = ORIENTED_EDGE('',*,*,#2274,.F.);
#4498 = ORIENTED_EDGE('',*,*,#2247,.T.);
#4499 = ORIENTED_EDGE('',*,*,#2322,.T.);
#4500 = ORIENTED_EDGE('',*,*,#2306,.T.);
#4501 = PLANE('',#4502);
#4502 = AXIS2_PLACEMENT_3D('',#4503,#4504,#4505);
#4503 = CARTESIAN_POINT('',(-140.7717490509,-86.58614537474,14.));
#4504 = DIRECTION('',(0.,0.,1.));
#4505 = DIRECTION('',(-0.975387035788,-0.220499728835,0.));
#4506 = ADVANCED_FACE('',(#4507),#4514,.T.);
#4507 = FACE_BOUND('',#4508,.T.);
#4508 = EDGE_LOOP('',(#4509,#4510,#4511,#4512,#4513));
#4509 = ORIENTED_EDGE('',*,*,#4051,.F.);
#4510 = ORIENTED_EDGE('',*,*,#4017,.T.);
#4511 = ORIENTED_EDGE('',*,*,#4138,.T.);
#4512 = ORIENTED_EDGE('',*,*,#4106,.T.);
#4513 = ORIENTED_EDGE('',*,*,#4083,.T.);
#4514 = PLANE('',#4515);
#4515 = AXIS2_PLACEMENT_3D('',#4516,#4517,#4518);
#4516 = CARTESIAN_POINT('',(-139.228250949,93.413854625259,14.));
#4517 = DIRECTION('',(0.,0.,1.));
#4518 = DIRECTION('',(-0.975387035788,0.220499728835,0.));
#4519 = ( GEOMETRIC_REPRESENTATION_CONTEXT(3) 
GLOBAL_UNCERTAINTY_ASSIGNED_CONTEXT((#4523)) 
GLOBAL_UNIT_ASSIGNED_CONTEXT((#4520,#4521,#4522)) REPRESENTATION_CONTEXT
('Context #1','3D Context with UNIT and UNCERTAINTY') );
#4520 = ( LENGTH_UNIT() NAMED_UNIT(*) SI_UNIT(.MILLI.,.METRE.) );
#4521 = ( NAMED_UNIT(*) PLANE_ANGLE_UNIT() SI_UNIT($,.RADIAN.) );
#4522 = ( NAMED_UNIT(*) SI_UNIT($,.STERADIAN.) SOLID_ANGLE_UNIT() );
#4523 = UNCERTAINTY_MEASURE_WITH_UNIT(LENGTH_MEASURE(1.E-07),#4520,
  'distance_accuracy_value','confusion accuracy');
#4524 = PRODUCT_RELATED_PRODUCT_CATEGORY('part',$,(#7));
ENDSEC;
END-ISO-10303-21;
