ISO-10303-21;
HEADER;
FILE_DESCRIPTION(('FreeCAD Model'),'2;1');
FILE_NAME('Open CASCADE Shape Model','2026-09-20T11:47:54',('FreeCAD'),(
    'FreeCAD'),'Open CASCADE STEP processor 7.8','FreeCAD','Unknown');
FILE_SCHEMA(('AUTOMOTIVE_DESIGN { 1 0 10303 214 1 1 1 1 }'));
ENDSEC;
DATA;
#1 = APPLICATION_PROTOCOL_DEFINITION('international standard',
  'automotive_design',2000,#2);
#2 = APPLICATION_CONTEXT(
  'core data for automotive mechanical design processes');
#3 = SHAPE_DEFINITION_REPRESENTATION(#4,#10);
#4 = PRODUCT_DEFINITION_SHAPE('','',#5);
#5 = PRODUCT_DEFINITION('design','',#6,#9);
#6 = PRODUCT_DEFINITION_FORMATION('','',#7);
#7 = PRODUCT('Open CASCADE STEP translator 7.8 4',
  'Open CASCADE STEP translator 7.8 4','',(#8));
#8 = PRODUCT_CONTEXT('',#2,'mechanical');
#9 = PRODUCT_DEFINITION_CONTEXT('part definition',#2,'design');
#10 = ADVANCED_BREP_SHAPE_REPRESENTATION('',(#11,#15),#4925);
#11 = AXIS2_PLACEMENT_3D('',#12,#13,#14);
#12 = CARTESIAN_POINT('',(0.,0.,0.));
#13 = DIRECTION('',(0.,0.,1.));
#14 = DIRECTION('',(1.,0.,-0.));
#15 = MANIFOLD_SOLID_BREP('',#16);
#16 = CLOSED_SHELL('',(#17,#100,#189,#317,#399,#455,#479,#504,#528,#577,
    #633,#657,#739,#770,#794,#826,#858,#875,#931,#1004,#1068,#1108,#1171
    ,#1738,#1762,#1802,#1858,#1875,#1952,#1983,#2007,#2039,#2071,#2088,
    #2135,#2152,#2169,#2209,#2233,#2266,#2283,#2325,#2349,#2421,#2460,
    #2480,#2511,#2537,#2570,#2601,#2625,#2657,#2689,#2706,#2723,#2735,
    #2752,#2801,#2832,#2863,#2885,#2910,#2927,#2946,#2970,#2994,#3018,
    #3042,#3066,#3090,#3114,#3138,#3162,#3186,#3210,#3234,#3258,#3282,
    #3306,#3330,#3354,#3378,#3402,#3426,#3450,#3474,#3498,#3522,#3546,
    #3570,#3594,#3618,#3642,#3666,#3690,#3714,#3738,#3762,#3786,#3810,
    #3834,#3858,#3882,#3906,#3930,#3954,#3978,#4002,#4026,#4050,#4074,
    #4098,#4122,#4146,#4170,#4194,#4218,#4242,#4266,#4290,#4314,#4338,
    #4362,#4386,#4410,#4434,#4458,#4482,#4506,#4523,#4545,#4562,#4580,
    #4598,#4610,#4622,#4664,#4688,#4723,#4750,#4770,#4787,#4799,#4812,
    #4824,#4837));
#17 = ADVANCED_FACE('',(#18),#95,.T.);
#18 = FACE_BOUND('',#19,.T.);
#19 = EDGE_LOOP('',(#20,#30,#39,#48,#56,#64,#72,#81,#89));
#20 = ORIENTED_EDGE('',*,*,#21,.F.);
#21 = EDGE_CURVE('',#22,#24,#26,.T.);
#22 = VERTEX_POINT('',#23);
#23 = CARTESIAN_POINT('',(-73.65176148596,-49.84309249817,8.));
#24 = VERTEX_POINT('',#25);
#25 = CARTESIAN_POINT('',(-36.65588553296,-68.1648596368,8.));
#26 = LINE('',#27,#28);
#27 = CARTESIAN_POINT('',(-22.76590795324,-75.04370567628,8.));
#28 = VECTOR('',#29,1.);
#29 = DIRECTION('',(0.896127585788,-0.443796518676,0.));
#30 = ORIENTED_EDGE('',*,*,#31,.T.);
#31 = EDGE_CURVE('',#22,#32,#34,.T.);
#32 = VERTEX_POINT('',#33);
#33 = CARTESIAN_POINT('',(75.,-64.,8.));
#34 = CIRCLE('',#35,75.);
#35 = AXIS2_PLACEMENT_3D('',#36,#37,#38);
#36 = CARTESIAN_POINT('',(0.,-64.,8.));
#37 = DIRECTION('',(0.,0.,1.));
#38 = DIRECTION('',(1.,0.,0.));
#39 = ORIENTED_EDGE('',*,*,#40,.T.);
#40 = EDGE_CURVE('',#32,#41,#43,.T.);
#41 = VERTEX_POINT('',#42);
#42 = CARTESIAN_POINT('',(73.651761485961,-49.84309249817,8.));
#43 = CIRCLE('',#44,75.);
#44 = AXIS2_PLACEMENT_3D('',#45,#46,#47);
#45 = CARTESIAN_POINT('',(0.,-64.,8.));
#46 = DIRECTION('',(0.,0.,1.));
#47 = DIRECTION('',(1.,0.,0.));
#48 = ORIENTED_EDGE('',*,*,#49,.T.);
#49 = EDGE_CURVE('',#41,#50,#52,.T.);
#50 = VERTEX_POINT('',#51);
#51 = CARTESIAN_POINT('',(36.655885532963,-68.1648596368,8.));
#52 = LINE('',#53,#54);
#53 = CARTESIAN_POINT('',(22.765907953243,-75.04370567628,8.));
#54 = VECTOR('',#55,1.);
#55 = DIRECTION('',(-0.896127585788,-0.443796518676,0.));
#56 = ORIENTED_EDGE('',*,*,#57,.T.);
#57 = EDGE_CURVE('',#50,#58,#60,.T.);
#58 = VERTEX_POINT('',#59);
#59 = CARTESIAN_POINT('',(34.43690293958,-63.68422170786,8.));
#60 = LINE('',#61,#62);
#61 = CARTESIAN_POINT('',(32.217920346202,-59.20358377892,8.));
#62 = VECTOR('',#63,1.);
#63 = DIRECTION('',(-0.443796518676,0.896127585788,0.));
#64 = ORIENTED_EDGE('',*,*,#65,.F.);
#65 = EDGE_CURVE('',#66,#58,#68,.T.);
#66 = VERTEX_POINT('',#67);
#67 = CARTESIAN_POINT('',(29.939025409886,-65.91174200828,8.));
#68 = LINE('',#69,#70);
#69 = CARTESIAN_POINT('',(22.787244324333,-69.45357645065,8.));
#70 = VECTOR('',#71,1.);
#71 = DIRECTION('',(0.896127585788,0.443796518676,0.));
#72 = ORIENTED_EDGE('',*,*,#73,.F.);
#73 = EDGE_CURVE('',#74,#66,#76,.T.);
#74 = VERTEX_POINT('',#75);
#75 = CARTESIAN_POINT('',(-29.93902540988,-65.91174200828,8.));
#76 = CIRCLE('',#77,30.);
#77 = AXIS2_PLACEMENT_3D('',#78,#79,#80);
#78 = CARTESIAN_POINT('',(0.,-64.,8.));
#79 = DIRECTION('',(0.,0.,1.));
#80 = DIRECTION('',(1.,0.,0.));
#81 = ORIENTED_EDGE('',*,*,#82,.T.);
#82 = EDGE_CURVE('',#74,#83,#85,.T.);
#83 = VERTEX_POINT('',#84);
#84 = CARTESIAN_POINT('',(-34.43690293958,-63.68422170785,8.));
#85 = LINE('',#86,#87);
#86 = CARTESIAN_POINT('',(-22.78724432433,-69.45357645065,8.));
#87 = VECTOR('',#88,1.);
#88 = DIRECTION('',(-0.896127585788,0.443796518676,0.));
#89 = ORIENTED_EDGE('',*,*,#90,.T.);
#90 = EDGE_CURVE('',#83,#24,#91,.T.);
#91 = LINE('',#92,#93);
#92 = CARTESIAN_POINT('',(-23.34198997267,-41.28103206315,8.));
#93 = VECTOR('',#94,1.);
#94 = DIRECTION('',(-0.443796518676,-0.896127585788,0.));
#95 = PLANE('',#96);
#96 = AXIS2_PLACEMENT_3D('',#97,#98,#99);
#97 = CARTESIAN_POINT('',(0.,-64.,8.));
#98 = DIRECTION('',(0.,0.,1.));
#99 = DIRECTION('',(1.,0.,0.));
#100 = ADVANCED_FACE('',(#101,#142),#184,.T.);
#101 = FACE_BOUND('',#102,.T.);
#102 = EDGE_LOOP('',(#103,#113,#119,#120,#128,#136));
#103 = ORIENTED_EDGE('',*,*,#104,.F.);
#104 = EDGE_CURVE('',#105,#107,#109,.T.);
#105 = VERTEX_POINT('',#106);
#106 = CARTESIAN_POINT('',(-73.65176148596,-49.84309249817,7.8));
#107 = VERTEX_POINT('',#108);
#108 = CARTESIAN_POINT('',(-85.04677516553,-44.19984762829,7.8));
#109 = LINE('',#110,#111);
#110 = CARTESIAN_POINT('',(-36.65588553296,-68.1648596368,7.8));
#111 = VECTOR('',#112,1.);
#112 = DIRECTION('',(-0.896127585788,0.443796518676,0.));
#113 = ORIENTED_EDGE('',*,*,#114,.T.);
#114 = EDGE_CURVE('',#105,#22,#115,.T.);
#115 = LINE('',#116,#117);
#116 = CARTESIAN_POINT('',(-73.65176148596,-49.84309249817,0.));
#117 = VECTOR('',#118,1.);
#118 = DIRECTION('',(0.,0.,1.));
#119 = ORIENTED_EDGE('',*,*,#21,.T.);
#120 = ORIENTED_EDGE('',*,*,#121,.T.);
#121 = EDGE_CURVE('',#24,#122,#124,.T.);
#122 = VERTEX_POINT('',#123);
#123 = CARTESIAN_POINT('',(-36.65588553296,-68.1648596368,27.));
#124 = LINE('',#125,#126);
#125 = CARTESIAN_POINT('',(-36.65588553296,-68.1648596368,7.8));
#126 = VECTOR('',#127,1.);
#127 = DIRECTION('',(0.,0.,1.));
#128 = ORIENTED_EDGE('',*,*,#129,.T.);
#129 = EDGE_CURVE('',#122,#130,#132,.T.);
#130 = VERTEX_POINT('',#131);
#131 = CARTESIAN_POINT('',(-85.04677516553,-44.19984762829,27.));
#132 = LINE('',#133,#134);
#133 = CARTESIAN_POINT('',(-36.65588553296,-68.1648596368,27.));
#134 = VECTOR('',#135,1.);
#135 = DIRECTION('',(-0.896127585788,0.443796518676,0.));
#136 = ORIENTED_EDGE('',*,*,#137,.F.);
#137 = EDGE_CURVE('',#107,#130,#138,.T.);
#138 = LINE('',#139,#140);
#139 = CARTESIAN_POINT('',(-85.04677516553,-44.19984762829,7.8));
#140 = VECTOR('',#141,1.);
#141 = DIRECTION('',(0.,0.,1.));
#142 = FACE_BOUND('',#143,.T.);
#143 = EDGE_LOOP('',(#144,#154,#162,#170,#178));
#144 = ORIENTED_EDGE('',*,*,#145,.F.);
#145 = EDGE_CURVE('',#146,#148,#150,.T.);
#146 = VERTEX_POINT('',#147);
#147 = CARTESIAN_POINT('',(-65.78003207108,-53.74147277983,9.));
#148 = VERTEX_POINT('',#149);
#149 = CARTESIAN_POINT('',(-59.50713897056,-56.84804841056,9.));
#150 = LINE('',#151,#152);
#151 = CARTESIAN_POINT('',(-48.08151225176,-62.50645402368,9.));
#152 = VECTOR('',#153,1.);
#153 = DIRECTION('',(0.896127585788,-0.443796518676,0.));
#154 = ORIENTED_EDGE('',*,*,#155,.F.);
#155 = EDGE_CURVE('',#156,#146,#158,.T.);
#156 = VERTEX_POINT('',#157);
#157 = CARTESIAN_POINT('',(-65.78003207108,-53.74147277983,13.));
#158 = LINE('',#159,#160);
#159 = CARTESIAN_POINT('',(-65.78003207108,-53.74147277983,8.4));
#160 = VECTOR('',#161,1.);
#161 = DIRECTION('',(0.,0.,-1.));
#162 = ORIENTED_EDGE('',*,*,#163,.F.);
#163 = EDGE_CURVE('',#164,#156,#166,.T.);
#164 = VERTEX_POINT('',#165);
#165 = CARTESIAN_POINT('',(-62.64358552082,-55.29476059519,16.5));
#166 = LINE('',#167,#168);
#167 = CARTESIAN_POINT('',(-59.66396129808,-56.77038401979,19.825));
#168 = VECTOR('',#169,1.);
#169 = DIRECTION('',(-0.633657892719,0.313811527823,-0.707106781187));
#170 = ORIENTED_EDGE('',*,*,#171,.F.);
#171 = EDGE_CURVE('',#172,#164,#174,.T.);
#172 = VERTEX_POINT('',#173);
#173 = CARTESIAN_POINT('',(-59.50713897056,-56.84804841056,13.));
#174 = LINE('',#175,#176);
#175 = CARTESIAN_POINT('',(-54.19758302477,-59.47754278372,7.075));
#176 = VECTOR('',#177,1.);
#177 = DIRECTION('',(-0.633657892719,0.313811527823,0.707106781187));
#178 = ORIENTED_EDGE('',*,*,#179,.F.);
#179 = EDGE_CURVE('',#148,#172,#180,.T.);
#180 = LINE('',#181,#182);
#181 = CARTESIAN_POINT('',(-59.50713897056,-56.84804841056,10.4));
#182 = VECTOR('',#183,1.);
#183 = DIRECTION('',(0.,0.,1.));
#184 = PLANE('',#185);
#185 = AXIS2_PLACEMENT_3D('',#186,#187,#188);
#186 = CARTESIAN_POINT('',(-36.65588553296,-68.1648596368,7.8));
#187 = DIRECTION('',(-0.443796518676,-0.896127585788,0.));
#188 = DIRECTION('',(0.,0.,1.));
#189 = ADVANCED_FACE('',(#190),#312,.T.);
#190 = FACE_BOUND('',#191,.T.);
#191 = EDGE_LOOP('',(#192,#193,#194,#203,#211,#220,#228,#237,#245,#254,
    #262,#271,#279,#288,#296,#305,#311));
#192 = ORIENTED_EDGE('',*,*,#31,.F.);
#193 = ORIENTED_EDGE('',*,*,#114,.F.);
#194 = ORIENTED_EDGE('',*,*,#195,.F.);
#195 = EDGE_CURVE('',#196,#105,#198,.T.);
#196 = VERTEX_POINT('',#197);
#197 = CARTESIAN_POINT('',(-55.89990073891,-13.99798906664,7.8));
#198 = CIRCLE('',#199,75.);
#199 = AXIS2_PLACEMENT_3D('',#200,#201,#202);
#200 = CARTESIAN_POINT('',(0.,-64.,7.8));
#201 = DIRECTION('',(0.,0.,1.));
#202 = DIRECTION('',(1.,0.,0.));
#203 = ORIENTED_EDGE('',*,*,#204,.T.);
#204 = EDGE_CURVE('',#196,#205,#207,.T.);
#205 = VERTEX_POINT('',#206);
#206 = CARTESIAN_POINT('',(-55.89990073891,-13.99798906664,8.));
#207 = LINE('',#208,#209);
#208 = CARTESIAN_POINT('',(-55.89990073891,-13.99798906664,0.));
#209 = VECTOR('',#210,1.);
#210 = DIRECTION('',(0.,0.,1.));
#211 = ORIENTED_EDGE('',*,*,#212,.F.);
#212 = EDGE_CURVE('',#213,#205,#215,.T.);
#213 = VERTEX_POINT('',#214);
#214 = CARTESIAN_POINT('',(-4.,10.893257373411,8.));
#215 = CIRCLE('',#216,75.);
#216 = AXIS2_PLACEMENT_3D('',#217,#218,#219);
#217 = CARTESIAN_POINT('',(0.,-64.,8.));
#218 = DIRECTION('',(0.,0.,1.));
#219 = DIRECTION('',(1.,0.,0.));
#220 = ORIENTED_EDGE('',*,*,#221,.F.);
#221 = EDGE_CURVE('',#222,#213,#224,.T.);
#222 = VERTEX_POINT('',#223);
#223 = CARTESIAN_POINT('',(-3.999999999999,10.893257373411,0.));
#224 = LINE('',#225,#226);
#225 = CARTESIAN_POINT('',(-4.,10.893257373411,0.));
#226 = VECTOR('',#227,1.);
#227 = DIRECTION('',(0.,0.,1.));
#228 = ORIENTED_EDGE('',*,*,#229,.T.);
#229 = EDGE_CURVE('',#222,#230,#232,.T.);
#230 = VERTEX_POINT('',#231);
#231 = CARTESIAN_POINT('',(71.722856697228,-85.9278778542,0.));
#232 = CIRCLE('',#233,75.);
#233 = AXIS2_PLACEMENT_3D('',#234,#235,#236);
#234 = CARTESIAN_POINT('',(0.,-64.,0.));
#235 = DIRECTION('',(0.,0.,1.));
#236 = DIRECTION('',(1.,0.,0.));
#237 = ORIENTED_EDGE('',*,*,#238,.T.);
#238 = EDGE_CURVE('',#230,#239,#241,.T.);
#239 = VERTEX_POINT('',#240);
#240 = CARTESIAN_POINT('',(71.722856697228,-85.9278778542,6.));
#241 = LINE('',#242,#243);
#242 = CARTESIAN_POINT('',(71.722856697228,-85.9278778542,0.));
#243 = VECTOR('',#244,1.);
#244 = DIRECTION('',(0.,0.,1.));
#245 = ORIENTED_EDGE('',*,*,#246,.T.);
#246 = EDGE_CURVE('',#239,#247,#249,.T.);
#247 = VERTEX_POINT('',#248);
#248 = CARTESIAN_POINT('',(66.825489314128,-29.95071251953,6.));
#249 = CIRCLE('',#250,75.);
#250 = AXIS2_PLACEMENT_3D('',#251,#252,#253);
#251 = CARTESIAN_POINT('',(0.,-64.,6.));
#252 = DIRECTION('',(0.,0.,1.));
#253 = DIRECTION('',(1.,0.,0.));
#254 = ORIENTED_EDGE('',*,*,#255,.F.);
#255 = EDGE_CURVE('',#256,#247,#258,.T.);
#256 = VERTEX_POINT('',#257);
#257 = CARTESIAN_POINT('',(66.825489314128,-29.95071251953,0.));
#258 = LINE('',#259,#260);
#259 = CARTESIAN_POINT('',(66.825489314128,-29.95071251953,0.));
#260 = VECTOR('',#261,1.);
#261 = DIRECTION('',(0.,0.,1.));
#262 = ORIENTED_EDGE('',*,*,#263,.T.);
#263 = EDGE_CURVE('',#256,#264,#266,.T.);
#264 = VERTEX_POINT('',#265);
#265 = CARTESIAN_POINT('',(3.999999999999,10.893257373411,0.));
#266 = CIRCLE('',#267,75.);
#267 = AXIS2_PLACEMENT_3D('',#268,#269,#270);
#268 = CARTESIAN_POINT('',(0.,-64.,0.));
#269 = DIRECTION('',(0.,0.,1.));
#270 = DIRECTION('',(1.,0.,0.));
#271 = ORIENTED_EDGE('',*,*,#272,.T.);
#272 = EDGE_CURVE('',#264,#273,#275,.T.);
#273 = VERTEX_POINT('',#274);
#274 = CARTESIAN_POINT('',(4.,10.893257373411,8.));
#275 = LINE('',#276,#277);
#276 = CARTESIAN_POINT('',(4.,10.893257373411,0.));
#277 = VECTOR('',#278,1.);
#278 = DIRECTION('',(0.,0.,1.));
#279 = ORIENTED_EDGE('',*,*,#280,.F.);
#280 = EDGE_CURVE('',#281,#273,#283,.T.);
#281 = VERTEX_POINT('',#282);
#282 = CARTESIAN_POINT('',(55.899900738915,-13.99798906664,8.));
#283 = CIRCLE('',#284,75.);
#284 = AXIS2_PLACEMENT_3D('',#285,#286,#287);
#285 = CARTESIAN_POINT('',(0.,-64.,8.));
#286 = DIRECTION('',(0.,0.,1.));
#287 = DIRECTION('',(1.,0.,0.));
#288 = ORIENTED_EDGE('',*,*,#289,.F.);
#289 = EDGE_CURVE('',#290,#281,#292,.T.);
#290 = VERTEX_POINT('',#291);
#291 = CARTESIAN_POINT('',(55.899900738915,-13.99798906664,7.8));
#292 = LINE('',#293,#294);
#293 = CARTESIAN_POINT('',(55.899900738915,-13.99798906664,0.));
#294 = VECTOR('',#295,1.);
#295 = DIRECTION('',(0.,0.,1.));
#296 = ORIENTED_EDGE('',*,*,#297,.F.);
#297 = EDGE_CURVE('',#298,#290,#300,.T.);
#298 = VERTEX_POINT('',#299);
#299 = CARTESIAN_POINT('',(73.651761485961,-49.84309249817,7.8));
#300 = CIRCLE('',#301,75.);
#301 = AXIS2_PLACEMENT_3D('',#302,#303,#304);
#302 = CARTESIAN_POINT('',(0.,-64.,7.8));
#303 = DIRECTION('',(0.,0.,1.));
#304 = DIRECTION('',(1.,0.,0.));
#305 = ORIENTED_EDGE('',*,*,#306,.T.);
#306 = EDGE_CURVE('',#298,#41,#307,.T.);
#307 = LINE('',#308,#309);
#308 = CARTESIAN_POINT('',(73.651761485961,-49.84309249817,0.));
#309 = VECTOR('',#310,1.);
#310 = DIRECTION('',(0.,0.,1.));
#311 = ORIENTED_EDGE('',*,*,#40,.F.);
#312 = CYLINDRICAL_SURFACE('',#313,75.);
#313 = AXIS2_PLACEMENT_3D('',#314,#315,#316);
#314 = CARTESIAN_POINT('',(0.,-64.,0.));
#315 = DIRECTION('',(0.,0.,1.));
#316 = DIRECTION('',(1.,0.,0.));
#317 = ADVANCED_FACE('',(#318,#352),#394,.F.);
#318 = FACE_BOUND('',#319,.F.);
#319 = EDGE_LOOP('',(#320,#328,#329,#330,#338,#346));
#320 = ORIENTED_EDGE('',*,*,#321,.F.);
#321 = EDGE_CURVE('',#298,#322,#324,.T.);
#322 = VERTEX_POINT('',#323);
#323 = CARTESIAN_POINT('',(85.046775165536,-44.19984762829,7.8));
#324 = LINE('',#325,#326);
#325 = CARTESIAN_POINT('',(36.655885532963,-68.1648596368,7.8));
#326 = VECTOR('',#327,1.);
#327 = DIRECTION('',(0.896127585788,0.443796518676,0.));
#328 = ORIENTED_EDGE('',*,*,#306,.T.);
#329 = ORIENTED_EDGE('',*,*,#49,.T.);
#330 = ORIENTED_EDGE('',*,*,#331,.T.);
#331 = EDGE_CURVE('',#50,#332,#334,.T.);
#332 = VERTEX_POINT('',#333);
#333 = CARTESIAN_POINT('',(36.655885532963,-68.1648596368,27.));
#334 = LINE('',#335,#336);
#335 = CARTESIAN_POINT('',(36.655885532963,-68.1648596368,7.8));
#336 = VECTOR('',#337,1.);
#337 = DIRECTION('',(0.,0.,1.));
#338 = ORIENTED_EDGE('',*,*,#339,.T.);
#339 = EDGE_CURVE('',#332,#340,#342,.T.);
#340 = VERTEX_POINT('',#341);
#341 = CARTESIAN_POINT('',(85.046775165536,-44.19984762829,27.));
#342 = LINE('',#343,#344);
#343 = CARTESIAN_POINT('',(36.655885532963,-68.1648596368,27.));
#344 = VECTOR('',#345,1.);
#345 = DIRECTION('',(0.896127585788,0.443796518676,0.));
#346 = ORIENTED_EDGE('',*,*,#347,.F.);
#347 = EDGE_CURVE('',#322,#340,#348,.T.);
#348 = LINE('',#349,#350);
#349 = CARTESIAN_POINT('',(85.046775165536,-44.19984762829,7.8));
#350 = VECTOR('',#351,1.);
#351 = DIRECTION('',(0.,0.,1.));
#352 = FACE_BOUND('',#353,.F.);
#353 = EDGE_LOOP('',(#354,#364,#372,#380,#388));
#354 = ORIENTED_EDGE('',*,*,#355,.F.);
#355 = EDGE_CURVE('',#356,#358,#360,.T.);
#356 = VERTEX_POINT('',#357);
#357 = CARTESIAN_POINT('',(65.780032071086,-53.74147277983,9.));
#358 = VERTEX_POINT('',#359);
#359 = CARTESIAN_POINT('',(59.507138970567,-56.84804841056,9.));
#360 = LINE('',#361,#362);
#361 = CARTESIAN_POINT('',(48.081512251765,-62.50645402368,9.));
#362 = VECTOR('',#363,1.);
#363 = DIRECTION('',(-0.896127585788,-0.443796518676,-0.));
#364 = ORIENTED_EDGE('',*,*,#365,.F.);
#365 = EDGE_CURVE('',#366,#356,#368,.T.);
#366 = VERTEX_POINT('',#367);
#367 = CARTESIAN_POINT('',(65.780032071086,-53.74147277983,13.));
#368 = LINE('',#369,#370);
#369 = CARTESIAN_POINT('',(65.780032071086,-53.74147277983,8.4));
#370 = VECTOR('',#371,1.);
#371 = DIRECTION('',(0.,0.,-1.));
#372 = ORIENTED_EDGE('',*,*,#373,.F.);
#373 = EDGE_CURVE('',#374,#366,#376,.T.);
#374 = VERTEX_POINT('',#375);
#375 = CARTESIAN_POINT('',(62.643585520826,-55.29476059519,16.5));
#376 = LINE('',#377,#378);
#377 = CARTESIAN_POINT('',(59.66396129808,-56.77038401979,19.825));
#378 = VECTOR('',#379,1.);
#379 = DIRECTION('',(0.633657892719,0.313811527823,-0.707106781187));
#380 = ORIENTED_EDGE('',*,*,#381,.F.);
#381 = EDGE_CURVE('',#382,#374,#384,.T.);
#382 = VERTEX_POINT('',#383);
#383 = CARTESIAN_POINT('',(59.507138970567,-56.84804841056,13.));
#384 = LINE('',#385,#386);
#385 = CARTESIAN_POINT('',(54.197583024771,-59.47754278372,7.075));
#386 = VECTOR('',#387,1.);
#387 = DIRECTION('',(0.633657892719,0.313811527823,0.707106781187));
#388 = ORIENTED_EDGE('',*,*,#389,.F.);
#389 = EDGE_CURVE('',#358,#382,#390,.T.);
#390 = LINE('',#391,#392);
#391 = CARTESIAN_POINT('',(59.507138970567,-56.84804841056,10.4));
#392 = VECTOR('',#393,1.);
#393 = DIRECTION('',(0.,0.,1.));
#394 = PLANE('',#395);
#395 = AXIS2_PLACEMENT_3D('',#396,#397,#398);
#396 = CARTESIAN_POINT('',(36.655885532963,-68.1648596368,7.8));
#397 = DIRECTION('',(-0.443796518676,0.896127585788,0.));
#398 = DIRECTION('',(0.,0.,1.));
#399 = ADVANCED_FACE('',(#400),#450,.F.);
#400 = FACE_BOUND('',#401,.F.);
#401 = EDGE_LOOP('',(#402,#403,#404,#412,#420,#428,#436,#444));
#402 = ORIENTED_EDGE('',*,*,#331,.F.);
#403 = ORIENTED_EDGE('',*,*,#57,.T.);
#404 = ORIENTED_EDGE('',*,*,#405,.F.);
#405 = EDGE_CURVE('',#406,#58,#408,.T.);
#406 = VERTEX_POINT('',#407);
#407 = CARTESIAN_POINT('',(34.43690293958,-63.68422170786,16.));
#408 = LINE('',#409,#410);
#409 = CARTESIAN_POINT('',(34.43690293958,-63.68422170786,7.9));
#410 = VECTOR('',#411,1.);
#411 = DIRECTION('',(0.,0.,-1.));
#412 = ORIENTED_EDGE('',*,*,#413,.T.);
#413 = EDGE_CURVE('',#406,#414,#416,.T.);
#414 = VERTEX_POINT('',#415);
#415 = CARTESIAN_POINT('',(21.123007379296,-36.80039413421,16.));
#416 = LINE('',#417,#418);
#417 = CARTESIAN_POINT('',(29.534559997291,-53.78525999747,16.));
#418 = VECTOR('',#419,1.);
#419 = DIRECTION('',(-0.443796518676,0.896127585788,0.));
#420 = ORIENTED_EDGE('',*,*,#421,.T.);
#421 = EDGE_CURVE('',#414,#422,#424,.T.);
#422 = VERTEX_POINT('',#423);
#423 = CARTESIAN_POINT('',(21.123007379296,-36.80039413421,8.));
#424 = LINE('',#425,#426);
#425 = CARTESIAN_POINT('',(21.123007379296,-36.80039413421,7.9));
#426 = VECTOR('',#427,1.);
#427 = DIRECTION('',(0.,0.,-1.));
#428 = ORIENTED_EDGE('',*,*,#429,.T.);
#429 = EDGE_CURVE('',#422,#430,#432,.T.);
#430 = VERTEX_POINT('',#431);
#431 = CARTESIAN_POINT('',(18.904024785917,-32.31975620527,8.));
#432 = LINE('',#433,#434);
#433 = CARTESIAN_POINT('',(32.217920346202,-59.20358377892,8.));
#434 = VECTOR('',#435,1.);
#435 = DIRECTION('',(-0.443796518676,0.896127585788,0.));
#436 = ORIENTED_EDGE('',*,*,#437,.T.);
#437 = EDGE_CURVE('',#430,#438,#440,.T.);
#438 = VERTEX_POINT('',#439);
#439 = CARTESIAN_POINT('',(18.904024785917,-32.31975620527,27.));
#440 = LINE('',#441,#442);
#441 = CARTESIAN_POINT('',(18.904024785917,-32.31975620527,7.8));
#442 = VECTOR('',#443,1.);
#443 = DIRECTION('',(0.,0.,1.));
#444 = ORIENTED_EDGE('',*,*,#445,.F.);
#445 = EDGE_CURVE('',#332,#438,#446,.T.);
#446 = LINE('',#447,#448);
#447 = CARTESIAN_POINT('',(36.655885532963,-68.1648596368,27.));
#448 = VECTOR('',#449,1.);
#449 = DIRECTION('',(-0.443796518676,0.896127585788,0.));
#450 = PLANE('',#451);
#451 = AXIS2_PLACEMENT_3D('',#452,#453,#454);
#452 = CARTESIAN_POINT('',(36.655885532963,-68.1648596368,7.8));
#453 = DIRECTION('',(0.896127585788,0.443796518676,0.));
#454 = DIRECTION('',(0.,0.,1.));
#455 = ADVANCED_FACE('',(#456),#474,.F.);
#456 = FACE_BOUND('',#457,.F.);
#457 = EDGE_LOOP('',(#458,#459,#467,#473));
#458 = ORIENTED_EDGE('',*,*,#65,.F.);
#459 = ORIENTED_EDGE('',*,*,#460,.T.);
#460 = EDGE_CURVE('',#66,#461,#463,.T.);
#461 = VERTEX_POINT('',#462);
#462 = CARTESIAN_POINT('',(29.939025409886,-65.91174200828,16.));
#463 = LINE('',#464,#465);
#464 = CARTESIAN_POINT('',(29.939025409885,-65.91174200828,8.));
#465 = VECTOR('',#466,1.);
#466 = DIRECTION('',(0.,0.,1.));
#467 = ORIENTED_EDGE('',*,*,#468,.T.);
#468 = EDGE_CURVE('',#461,#406,#469,.T.);
#469 = LINE('',#470,#471);
#470 = CARTESIAN_POINT('',(22.787244324333,-69.45357645065,16.));
#471 = VECTOR('',#472,1.);
#472 = DIRECTION('',(0.896127585788,0.443796518676,0.));
#473 = ORIENTED_EDGE('',*,*,#405,.T.);
#474 = PLANE('',#475);
#475 = AXIS2_PLACEMENT_3D('',#476,#477,#478);
#476 = CARTESIAN_POINT('',(22.787244324333,-69.45357645065,8.));
#477 = DIRECTION('',(-0.443796518676,0.896127585788,0.));
#478 = DIRECTION('',(0.,0.,1.));
#479 = ADVANCED_FACE('',(#480),#499,.T.);
#480 = FACE_BOUND('',#481,.T.);
#481 = EDGE_LOOP('',(#482,#483,#492,#498));
#482 = ORIENTED_EDGE('',*,*,#460,.T.);
#483 = ORIENTED_EDGE('',*,*,#484,.F.);
#484 = EDGE_CURVE('',#485,#461,#487,.T.);
#485 = VERTEX_POINT('',#486);
#486 = CARTESIAN_POINT('',(-29.93902540988,-65.91174200828,16.));
#487 = CIRCLE('',#488,30.);
#488 = AXIS2_PLACEMENT_3D('',#489,#490,#491);
#489 = CARTESIAN_POINT('',(0.,-64.,16.));
#490 = DIRECTION('',(0.,0.,1.));
#491 = DIRECTION('',(1.,0.,0.));
#492 = ORIENTED_EDGE('',*,*,#493,.F.);
#493 = EDGE_CURVE('',#74,#485,#494,.T.);
#494 = LINE('',#495,#496);
#495 = CARTESIAN_POINT('',(-29.93902540988,-65.91174200828,8.));
#496 = VECTOR('',#497,1.);
#497 = DIRECTION('',(0.,0.,1.));
#498 = ORIENTED_EDGE('',*,*,#73,.T.);
#499 = CYLINDRICAL_SURFACE('',#500,30.);
#500 = AXIS2_PLACEMENT_3D('',#501,#502,#503);
#501 = CARTESIAN_POINT('',(0.,-64.,8.));
#502 = DIRECTION('',(0.,0.,1.));
#503 = DIRECTION('',(1.,0.,0.));
#504 = ADVANCED_FACE('',(#505),#523,.T.);
#505 = FACE_BOUND('',#506,.T.);
#506 = EDGE_LOOP('',(#507,#508,#509,#517));
#507 = ORIENTED_EDGE('',*,*,#82,.F.);
#508 = ORIENTED_EDGE('',*,*,#493,.T.);
#509 = ORIENTED_EDGE('',*,*,#510,.T.);
#510 = EDGE_CURVE('',#485,#511,#513,.T.);
#511 = VERTEX_POINT('',#512);
#512 = CARTESIAN_POINT('',(-34.43690293958,-63.68422170785,16.));
#513 = LINE('',#514,#515);
#514 = CARTESIAN_POINT('',(-22.78724432433,-69.45357645065,16.));
#515 = VECTOR('',#516,1.);
#516 = DIRECTION('',(-0.896127585788,0.443796518676,0.));
#517 = ORIENTED_EDGE('',*,*,#518,.T.);
#518 = EDGE_CURVE('',#511,#83,#519,.T.);
#519 = LINE('',#520,#521);
#520 = CARTESIAN_POINT('',(-34.43690293958,-63.68422170785,7.9));
#521 = VECTOR('',#522,1.);
#522 = DIRECTION('',(0.,0.,-1.));
#523 = PLANE('',#524);
#524 = AXIS2_PLACEMENT_3D('',#525,#526,#527);
#525 = CARTESIAN_POINT('',(-22.78724432433,-69.45357645065,8.));
#526 = DIRECTION('',(-0.443796518676,-0.896127585788,0.));
#527 = DIRECTION('',(0.,0.,1.));
#528 = ADVANCED_FACE('',(#529),#572,.F.);
#529 = FACE_BOUND('',#530,.F.);
#530 = EDGE_LOOP('',(#531,#541,#549,#557,#563,#564,#565,#566));
#531 = ORIENTED_EDGE('',*,*,#532,.F.);
#532 = EDGE_CURVE('',#533,#535,#537,.T.);
#533 = VERTEX_POINT('',#534);
#534 = CARTESIAN_POINT('',(-18.90402478591,-32.31975620527,8.));
#535 = VERTEX_POINT('',#536);
#536 = CARTESIAN_POINT('',(-18.90402478591,-32.31975620527,27.));
#537 = LINE('',#538,#539);
#538 = CARTESIAN_POINT('',(-18.90402478591,-32.31975620527,7.8));
#539 = VECTOR('',#540,1.);
#540 = DIRECTION('',(0.,0.,1.));
#541 = ORIENTED_EDGE('',*,*,#542,.T.);
#542 = EDGE_CURVE('',#533,#543,#545,.T.);
#543 = VERTEX_POINT('',#544);
#544 = CARTESIAN_POINT('',(-21.12300737929,-36.80039413421,8.));
#545 = LINE('',#546,#547);
#546 = CARTESIAN_POINT('',(-23.34198997267,-41.28103206315,8.));
#547 = VECTOR('',#548,1.);
#548 = DIRECTION('',(-0.443796518676,-0.896127585788,0.));
#549 = ORIENTED_EDGE('',*,*,#550,.F.);
#550 = EDGE_CURVE('',#551,#543,#553,.T.);
#551 = VERTEX_POINT('',#552);
#552 = CARTESIAN_POINT('',(-21.12300737929,-36.80039413421,16.));
#553 = LINE('',#554,#555);
#554 = CARTESIAN_POINT('',(-21.12300737929,-36.80039413421,7.9));
#555 = VECTOR('',#556,1.);
#556 = DIRECTION('',(0.,0.,-1.));
#557 = ORIENTED_EDGE('',*,*,#558,.T.);
#558 = EDGE_CURVE('',#551,#511,#559,.T.);
#559 = LINE('',#560,#561);
#560 = CARTESIAN_POINT('',(-20.65862962376,-35.8627082817,16.));
#561 = VECTOR('',#562,1.);
#562 = DIRECTION('',(-0.443796518676,-0.896127585788,0.));
#563 = ORIENTED_EDGE('',*,*,#518,.T.);
#564 = ORIENTED_EDGE('',*,*,#90,.T.);
#565 = ORIENTED_EDGE('',*,*,#121,.T.);
#566 = ORIENTED_EDGE('',*,*,#567,.F.);
#567 = EDGE_CURVE('',#535,#122,#568,.T.);
#568 = LINE('',#569,#570);
#569 = CARTESIAN_POINT('',(-18.90402478591,-32.31975620527,27.));
#570 = VECTOR('',#571,1.);
#571 = DIRECTION('',(-0.443796518676,-0.896127585788,0.));
#572 = PLANE('',#573);
#573 = AXIS2_PLACEMENT_3D('',#574,#575,#576);
#574 = CARTESIAN_POINT('',(-18.90402478591,-32.31975620527,7.8));
#575 = DIRECTION('',(-0.896127585788,0.443796518676,0.));
#576 = DIRECTION('',(0.,0.,1.));
#577 = ADVANCED_FACE('',(#578),#628,.F.);
#578 = FACE_BOUND('',#579,.F.);
#579 = EDGE_LOOP('',(#580,#581,#582,#590,#598,#606,#614,#622));
#580 = ORIENTED_EDGE('',*,*,#104,.F.);
#581 = ORIENTED_EDGE('',*,*,#195,.F.);
#582 = ORIENTED_EDGE('',*,*,#583,.T.);
#583 = EDGE_CURVE('',#196,#584,#586,.T.);
#584 = VERTEX_POINT('',#585);
#585 = CARTESIAN_POINT('',(-67.29491441849,-8.354744196759,7.8));
#586 = LINE('',#587,#588);
#587 = CARTESIAN_POINT('',(-18.90402478591,-32.31975620527,7.8));
#588 = VECTOR('',#589,1.);
#589 = DIRECTION('',(-0.896127585788,0.443796518676,0.));
#590 = ORIENTED_EDGE('',*,*,#591,.T.);
#591 = EDGE_CURVE('',#584,#592,#594,.T.);
#592 = VERTEX_POINT('',#593);
#593 = CARTESIAN_POINT('',(-68.18250745584,-10.14699936833,7.8));
#594 = LINE('',#595,#596);
#595 = CARTESIAN_POINT('',(-67.29491441849,-8.354744196759,7.8));
#596 = VECTOR('',#597,1.);
#597 = DIRECTION('',(-0.443796518676,-0.896127585788,0.));
#598 = ORIENTED_EDGE('',*,*,#599,.T.);
#599 = EDGE_CURVE('',#592,#600,#602,.T.);
#600 = VERTEX_POINT('',#601);
#601 = CARTESIAN_POINT('',(-66.39025228426,-11.03459240568,7.8));
#602 = LINE('',#603,#604);
#603 = CARTESIAN_POINT('',(-43.09093505376,-22.57330189126,7.8));
#604 = VECTOR('',#605,1.);
#605 = DIRECTION('',(0.896127585788,-0.443796518676,0.));
#606 = ORIENTED_EDGE('',*,*,#607,.T.);
#607 = EDGE_CURVE('',#600,#608,#610,.T.);
#608 = VERTEX_POINT('',#609);
#609 = CARTESIAN_POINT('',(-82.3669269566,-43.29518549407,7.8));
#610 = LINE('',#611,#612);
#611 = CARTESIAN_POINT('',(-65.94645576558,-10.1384648199,7.8));
#612 = VECTOR('',#613,1.);
#613 = DIRECTION('',(-0.443796518676,-0.896127585788,0.));
#614 = ORIENTED_EDGE('',*,*,#615,.F.);
#615 = EDGE_CURVE('',#616,#608,#618,.T.);
#616 = VERTEX_POINT('',#617);
#617 = CARTESIAN_POINT('',(-84.15918212818,-42.40759245671,7.8));
#618 = LINE('',#619,#620);
#619 = CARTESIAN_POINT('',(-59.0676097261,-54.83389497965,7.8));
#620 = VECTOR('',#621,1.);
#621 = DIRECTION('',(0.896127585788,-0.443796518676,0.));
#622 = ORIENTED_EDGE('',*,*,#623,.T.);
#623 = EDGE_CURVE('',#616,#107,#624,.T.);
#624 = LINE('',#625,#626);
#625 = CARTESIAN_POINT('',(-67.29491441849,-8.354744196759,7.8));
#626 = VECTOR('',#627,1.);
#627 = DIRECTION('',(-0.443796518676,-0.896127585788,0.));
#628 = PLANE('',#629);
#629 = AXIS2_PLACEMENT_3D('',#630,#631,#632);
#630 = CARTESIAN_POINT('',(-18.90402478591,-32.31975620527,7.8));
#631 = DIRECTION('',(0.,0.,1.));
#632 = DIRECTION('',(-0.896127585788,0.443796518676,0.));
#633 = ADVANCED_FACE('',(#634),#652,.T.);
#634 = FACE_BOUND('',#635,.T.);
#635 = EDGE_LOOP('',(#636,#637,#645,#651));
#636 = ORIENTED_EDGE('',*,*,#567,.F.);
#637 = ORIENTED_EDGE('',*,*,#638,.T.);
#638 = EDGE_CURVE('',#535,#639,#641,.T.);
#639 = VERTEX_POINT('',#640);
#640 = CARTESIAN_POINT('',(-67.29491441849,-8.354744196759,27.));
#641 = LINE('',#642,#643);
#642 = CARTESIAN_POINT('',(-18.90402478591,-32.31975620527,27.));
#643 = VECTOR('',#644,1.);
#644 = DIRECTION('',(-0.896127585788,0.443796518676,0.));
#645 = ORIENTED_EDGE('',*,*,#646,.T.);
#646 = EDGE_CURVE('',#639,#130,#647,.T.);
#647 = LINE('',#648,#649);
#648 = CARTESIAN_POINT('',(-67.29491441849,-8.354744196759,27.));
#649 = VECTOR('',#650,1.);
#650 = DIRECTION('',(-0.443796518676,-0.896127585788,0.));
#651 = ORIENTED_EDGE('',*,*,#129,.F.);
#652 = PLANE('',#653);
#653 = AXIS2_PLACEMENT_3D('',#654,#655,#656);
#654 = CARTESIAN_POINT('',(-18.90402478591,-32.31975620527,27.));
#655 = DIRECTION('',(0.,0.,1.));
#656 = DIRECTION('',(-0.896127585788,0.443796518676,0.));
#657 = ADVANCED_FACE('',(#658,#692),#734,.T.);
#658 = FACE_BOUND('',#659,.T.);
#659 = EDGE_LOOP('',(#660,#661,#667,#668,#676,#684,#690,#691));
#660 = ORIENTED_EDGE('',*,*,#646,.F.);
#661 = ORIENTED_EDGE('',*,*,#662,.F.);
#662 = EDGE_CURVE('',#584,#639,#663,.T.);
#663 = LINE('',#664,#665);
#664 = CARTESIAN_POINT('',(-67.29491441849,-8.354744196759,7.8));
#665 = VECTOR('',#666,1.);
#666 = DIRECTION('',(0.,0.,1.));
#667 = ORIENTED_EDGE('',*,*,#591,.T.);
#668 = ORIENTED_EDGE('',*,*,#669,.T.);
#669 = EDGE_CURVE('',#592,#670,#672,.T.);
#670 = VERTEX_POINT('',#671);
#671 = CARTESIAN_POINT('',(-68.18250745584,-10.14699936833,8.));
#672 = LINE('',#673,#674);
#673 = CARTESIAN_POINT('',(-68.18250745584,-10.14699936833,6.8));
#674 = VECTOR('',#675,1.);
#675 = DIRECTION('',(0.,0.,1.));
#676 = ORIENTED_EDGE('',*,*,#677,.F.);
#677 = EDGE_CURVE('',#678,#670,#680,.T.);
#678 = VERTEX_POINT('',#679);
#679 = CARTESIAN_POINT('',(-84.15918212818,-42.40759245671,8.));
#680 = LINE('',#681,#682);
#681 = CARTESIAN_POINT('',(-67.73871093716,-9.250871782547,8.));
#682 = VECTOR('',#683,1.);
#683 = DIRECTION('',(0.443796518676,0.896127585788,0.));
#684 = ORIENTED_EDGE('',*,*,#685,.F.);
#685 = EDGE_CURVE('',#616,#678,#686,.T.);
#686 = LINE('',#687,#688);
#687 = CARTESIAN_POINT('',(-84.15918212818,-42.40759245671,6.8));
#688 = VECTOR('',#689,1.);
#689 = DIRECTION('',(0.,0.,1.));
#690 = ORIENTED_EDGE('',*,*,#623,.T.);
#691 = ORIENTED_EDGE('',*,*,#137,.T.);
#692 = FACE_BOUND('',#693,.T.);
#693 = EDGE_LOOP('',(#694,#704,#712,#720,#728));
#694 = ORIENTED_EDGE('',*,*,#695,.T.);
#695 = EDGE_CURVE('',#696,#698,#700,.T.);
#696 = VERTEX_POINT('',#697);
#697 = CARTESIAN_POINT('',(-80.78632858624,-35.59702280472,13.4));
#698 = VERTEX_POINT('',#699);
#699 = CARTESIAN_POINT('',(-80.78632858624,-35.59702280472,8.2));
#700 = LINE('',#701,#702);
#701 = CARTESIAN_POINT('',(-80.78632858624,-35.59702280472,8.));
#702 = VECTOR('',#703,1.);
#703 = DIRECTION('',(0.,0.,-1.));
#704 = ORIENTED_EDGE('',*,*,#705,.T.);
#705 = EDGE_CURVE('',#698,#706,#708,.T.);
#706 = VERTEX_POINT('',#707);
#707 = CARTESIAN_POINT('',(-71.55536099778,-16.95756902032,8.2));
#708 = LINE('',#709,#710);
#709 = CARTESIAN_POINT('',(-69.42513770813,-12.65615660854,8.2));
#710 = VECTOR('',#711,1.);
#711 = DIRECTION('',(0.443796518676,0.896127585788,0.));
#712 = ORIENTED_EDGE('',*,*,#713,.T.);
#713 = EDGE_CURVE('',#706,#714,#716,.T.);
#714 = VERTEX_POINT('',#715);
#715 = CARTESIAN_POINT('',(-71.55536099778,-16.95756902032,13.4));
#716 = LINE('',#717,#718);
#717 = CARTESIAN_POINT('',(-71.55536099778,-16.95756902032,10.6));
#718 = VECTOR('',#719,1.);
#719 = DIRECTION('',(0.,0.,1.));
#720 = ORIENTED_EDGE('',*,*,#721,.T.);
#721 = EDGE_CURVE('',#714,#722,#724,.T.);
#722 = VERTEX_POINT('',#723);
#723 = CARTESIAN_POINT('',(-76.17084479201,-26.27729591252,23.4));
#724 = LINE('',#725,#726);
#725 = CARTESIAN_POINT('',(-72.13540065985,-18.12880295336,
    14.656725595696));
#726 = VECTOR('',#727,1.);
#727 = DIRECTION('',(-0.31990320475,-0.645958394207,0.693108716252));
#728 = ORIENTED_EDGE('',*,*,#729,.T.);
#729 = EDGE_CURVE('',#722,#696,#730,.T.);
#730 = LINE('',#731,#732);
#731 = CARTESIAN_POINT('',(-77.90209467024,-29.77308893588,
    19.649039200615));
#732 = VECTOR('',#733,1.);
#733 = DIRECTION('',(-0.31990320475,-0.645958394207,-0.693108716252));
#734 = PLANE('',#735);
#735 = AXIS2_PLACEMENT_3D('',#736,#737,#738);
#736 = CARTESIAN_POINT('',(-67.29491441849,-8.354744196759,7.8));
#737 = DIRECTION('',(-0.896127585788,0.443796518676,0.));
#738 = DIRECTION('',(0.,0.,1.));
#739 = ADVANCED_FACE('',(#740),#765,.F.);
#740 = FACE_BOUND('',#741,.F.);
#741 = EDGE_LOOP('',(#742,#752,#758,#759));
#742 = ORIENTED_EDGE('',*,*,#743,.F.);
#743 = EDGE_CURVE('',#744,#746,#748,.T.);
#744 = VERTEX_POINT('',#745);
#745 = CARTESIAN_POINT('',(-55.24669239127,-48.24522358699,9.));
#746 = VERTEX_POINT('',#747);
#747 = CARTESIAN_POINT('',(-61.51958549179,-45.13864795626,9.));
#748 = LINE('',#749,#750);
#749 = CARTESIAN_POINT('',(-45.43409532689,-53.1047954665,9.));
#750 = VECTOR('',#751,1.);
#751 = DIRECTION('',(-0.896127585788,0.443796518676,0.));
#752 = ORIENTED_EDGE('',*,*,#753,.T.);
#753 = EDGE_CURVE('',#744,#148,#754,.T.);
#754 = LINE('',#755,#756);
#755 = CARTESIAN_POINT('',(-40.42388866749,-18.31456222166,9.));
#756 = VECTOR('',#757,1.);
#757 = DIRECTION('',(-0.443796518676,-0.896127585788,0.));
#758 = ORIENTED_EDGE('',*,*,#145,.F.);
#759 = ORIENTED_EDGE('',*,*,#760,.F.);
#760 = EDGE_CURVE('',#746,#146,#761,.T.);
#761 = LINE('',#762,#763);
#762 = CARTESIAN_POINT('',(-46.69678176801,-15.20798659093,9.));
#763 = VECTOR('',#764,1.);
#764 = DIRECTION('',(-0.443796518676,-0.896127585788,0.));
#765 = PLANE('',#766);
#766 = AXIS2_PLACEMENT_3D('',#767,#768,#769);
#767 = CARTESIAN_POINT('',(-40.42388866749,-18.31456222166,9.));
#768 = DIRECTION('',(0.,0.,-1.));
#769 = DIRECTION('',(-0.896127585788,0.443796518676,0.));
#770 = ADVANCED_FACE('',(#771),#789,.F.);
#771 = FACE_BOUND('',#772,.F.);
#772 = EDGE_LOOP('',(#773,#781,#782,#783));
#773 = ORIENTED_EDGE('',*,*,#774,.F.);
#774 = EDGE_CURVE('',#746,#775,#777,.T.);
#775 = VERTEX_POINT('',#776);
#776 = CARTESIAN_POINT('',(-61.51958549179,-45.13864795626,13.));
#777 = LINE('',#778,#779);
#778 = CARTESIAN_POINT('',(-61.51958549179,-45.13864795626,8.6));
#779 = VECTOR('',#780,1.);
#780 = DIRECTION('',(0.,0.,1.));
#781 = ORIENTED_EDGE('',*,*,#760,.T.);
#782 = ORIENTED_EDGE('',*,*,#155,.F.);
#783 = ORIENTED_EDGE('',*,*,#784,.F.);
#784 = EDGE_CURVE('',#775,#156,#785,.T.);
#785 = LINE('',#786,#787);
#786 = CARTESIAN_POINT('',(-46.69678176801,-15.20798659093,13.));
#787 = VECTOR('',#788,1.);
#788 = DIRECTION('',(-0.443796518676,-0.896127585788,0.));
#789 = PLANE('',#790);
#790 = AXIS2_PLACEMENT_3D('',#791,#792,#793);
#791 = CARTESIAN_POINT('',(-46.69678176801,-15.20798659093,9.));
#792 = DIRECTION('',(-0.896127585788,0.443796518676,0.));
#793 = DIRECTION('',(0.,0.,1.));
#794 = ADVANCED_FACE('',(#795),#821,.F.);
#795 = FACE_BOUND('',#796,.F.);
#796 = EDGE_LOOP('',(#797,#805,#806,#807,#815));
#797 = ORIENTED_EDGE('',*,*,#798,.F.);
#798 = EDGE_CURVE('',#775,#799,#801,.T.);
#799 = VERTEX_POINT('',#800);
#800 = CARTESIAN_POINT('',(-61.16113445747,-45.31616656373,13.4));
#801 = LINE('',#802,#803);
#802 = CARTESIAN_POINT('',(-56.12041678742,-47.81252198128,19.025));
#803 = VECTOR('',#804,1.);
#804 = DIRECTION('',(0.633657892719,-0.313811527823,0.707106781187));
#805 = ORIENTED_EDGE('',*,*,#784,.T.);
#806 = ORIENTED_EDGE('',*,*,#163,.F.);
#807 = ORIENTED_EDGE('',*,*,#808,.F.);
#808 = EDGE_CURVE('',#809,#164,#811,.T.);
#809 = VERTEX_POINT('',#810);
#810 = CARTESIAN_POINT('',(-56.95233896532,-43.80282043504,16.5));
#811 = LINE('',#812,#813);
#812 = CARTESIAN_POINT('',(-43.56033521775,-16.76127440629,16.5));
#813 = VECTOR('',#814,1.);
#814 = DIRECTION('',(-0.443796518676,-0.896127585788,0.));
#815 = ORIENTED_EDGE('',*,*,#816,.F.);
#816 = EDGE_CURVE('',#799,#809,#817,.T.);
#817 = LINE('',#818,#819);
#818 = CARTESIAN_POINT('',(-47.40726364946,-40.37072144041,
    23.530451713396));
#819 = VECTOR('',#820,1.);
#820 = DIRECTION('',(0.773406819399,0.278091966744,0.569654939187));
#821 = PLANE('',#822);
#822 = AXIS2_PLACEMENT_3D('',#823,#824,#825);
#823 = CARTESIAN_POINT('',(-46.69678176801,-15.20798659093,13.));
#824 = DIRECTION('',(-0.633657892719,0.313811527823,0.707106781187));
#825 = DIRECTION('',(0.633657892719,-0.313811527823,0.707106781186));
#826 = ADVANCED_FACE('',(#827),#853,.F.);
#827 = FACE_BOUND('',#828,.F.);
#828 = EDGE_LOOP('',(#829,#837,#838,#839,#847));
#829 = ORIENTED_EDGE('',*,*,#830,.F.);
#830 = EDGE_CURVE('',#809,#831,#833,.T.);
#831 = VERTEX_POINT('',#832);
#832 = CARTESIAN_POINT('',(-55.60514342559,-48.06770497952,13.4));
#833 = LINE('',#834,#835);
#834 = CARTESIAN_POINT('',(-56.91920399312,-43.90771747979,
    16.423753894081));
#835 = VECTOR('',#836,1.);
#836 = DIRECTION('',(0.247560191374,-0.78371372446,-0.569654939187));
#837 = ORIENTED_EDGE('',*,*,#808,.T.);
#838 = ORIENTED_EDGE('',*,*,#171,.F.);
#839 = ORIENTED_EDGE('',*,*,#840,.F.);
#840 = EDGE_CURVE('',#841,#172,#843,.T.);
#841 = VERTEX_POINT('',#842);
#842 = CARTESIAN_POINT('',(-55.24669239127,-48.24522358699,13.));
#843 = LINE('',#844,#845);
#844 = CARTESIAN_POINT('',(-40.42388866749,-18.31456222166,13.));
#845 = VECTOR('',#846,1.);
#846 = DIRECTION('',(-0.443796518676,-0.896127585788,0.));
#847 = ORIENTED_EDGE('',*,*,#848,.F.);
#848 = EDGE_CURVE('',#831,#841,#849,.T.);
#849 = LINE('',#850,#851);
#850 = CARTESIAN_POINT('',(-50.83326403126,-50.43092144147,8.075));
#851 = VECTOR('',#852,1.);
#852 = DIRECTION('',(0.633657892719,-0.313811527823,-0.707106781187));
#853 = PLANE('',#854);
#854 = AXIS2_PLACEMENT_3D('',#855,#856,#857);
#855 = CARTESIAN_POINT('',(-43.56033521775,-16.76127440629,16.5));
#856 = DIRECTION('',(0.633657892719,-0.313811527823,0.707106781187));
#857 = DIRECTION('',(0.633657892719,-0.313811527823,-0.707106781186));
#858 = ADVANCED_FACE('',(#859),#870,.F.);
#859 = FACE_BOUND('',#860,.F.);
#860 = EDGE_LOOP('',(#861,#867,#868,#869));
#861 = ORIENTED_EDGE('',*,*,#862,.F.);
#862 = EDGE_CURVE('',#841,#744,#863,.T.);
#863 = LINE('',#864,#865);
#864 = CARTESIAN_POINT('',(-55.24669239127,-48.24522358699,10.6));
#865 = VECTOR('',#866,1.);
#866 = DIRECTION('',(0.,0.,-1.));
#867 = ORIENTED_EDGE('',*,*,#840,.T.);
#868 = ORIENTED_EDGE('',*,*,#179,.F.);
#869 = ORIENTED_EDGE('',*,*,#753,.F.);
#870 = PLANE('',#871);
#871 = AXIS2_PLACEMENT_3D('',#872,#873,#874);
#872 = CARTESIAN_POINT('',(-40.42388866749,-18.31456222166,13.));
#873 = DIRECTION('',(0.896127585788,-0.443796518676,0.));
#874 = DIRECTION('',(0.,0.,-1.));
#875 = ADVANCED_FACE('',(#876),#926,.F.);
#876 = FACE_BOUND('',#877,.F.);
#877 = EDGE_LOOP('',(#878,#886,#887,#888,#896,#904,#912,#920));
#878 = ORIENTED_EDGE('',*,*,#879,.F.);
#879 = EDGE_CURVE('',#290,#880,#882,.T.);
#880 = VERTEX_POINT('',#881);
#881 = CARTESIAN_POINT('',(67.29491441849,-8.354744196759,7.8));
#882 = LINE('',#883,#884);
#883 = CARTESIAN_POINT('',(18.904024785917,-32.31975620527,7.8));
#884 = VECTOR('',#885,1.);
#885 = DIRECTION('',(0.896127585788,0.443796518676,0.));
#886 = ORIENTED_EDGE('',*,*,#297,.F.);
#887 = ORIENTED_EDGE('',*,*,#321,.T.);
#888 = ORIENTED_EDGE('',*,*,#889,.T.);
#889 = EDGE_CURVE('',#322,#890,#892,.T.);
#890 = VERTEX_POINT('',#891);
#891 = CARTESIAN_POINT('',(84.159182128184,-42.40759245671,7.8));
#892 = LINE('',#893,#894);
#893 = CARTESIAN_POINT('',(85.046775165536,-44.19984762829,7.8));
#894 = VECTOR('',#895,1.);
#895 = DIRECTION('',(-0.443796518676,0.896127585788,0.));
#896 = ORIENTED_EDGE('',*,*,#897,.T.);
#897 = EDGE_CURVE('',#890,#898,#900,.T.);
#898 = VERTEX_POINT('',#899);
#899 = CARTESIAN_POINT('',(82.366926956607,-43.29518549407,7.8));
#900 = LINE('',#901,#902);
#901 = CARTESIAN_POINT('',(59.067609726109,-54.83389497965,7.8));
#902 = VECTOR('',#903,1.);
#903 = DIRECTION('',(-0.896127585788,-0.443796518676,0.));
#904 = ORIENTED_EDGE('',*,*,#905,.T.);
#905 = EDGE_CURVE('',#898,#906,#908,.T.);
#906 = VERTEX_POINT('',#907);
#907 = CARTESIAN_POINT('',(66.390252284265,-11.03459240568,7.8));
#908 = LINE('',#909,#910);
#909 = CARTESIAN_POINT('',(82.810723475283,-44.19131307985,7.8));
#910 = VECTOR('',#911,1.);
#911 = DIRECTION('',(-0.443796518676,0.896127585788,0.));
#912 = ORIENTED_EDGE('',*,*,#913,.F.);
#913 = EDGE_CURVE('',#914,#906,#916,.T.);
#914 = VERTEX_POINT('',#915);
#915 = CARTESIAN_POINT('',(68.182507455842,-10.14699936833,7.8));
#916 = LINE('',#917,#918);
#917 = CARTESIAN_POINT('',(43.090935053767,-22.57330189126,7.8));
#918 = VECTOR('',#919,1.);
#919 = DIRECTION('',(-0.896127585788,-0.443796518676,0.));
#920 = ORIENTED_EDGE('',*,*,#921,.T.);
#921 = EDGE_CURVE('',#914,#880,#922,.T.);
#922 = LINE('',#923,#924);
#923 = CARTESIAN_POINT('',(85.046775165536,-44.19984762829,7.8));
#924 = VECTOR('',#925,1.);
#925 = DIRECTION('',(-0.443796518676,0.896127585788,0.));
#926 = PLANE('',#927);
#927 = AXIS2_PLACEMENT_3D('',#928,#929,#930);
#928 = CARTESIAN_POINT('',(36.655885532963,-68.1648596368,7.8));
#929 = DIRECTION('',(0.,0.,1.));
#930 = DIRECTION('',(0.896127585788,0.443796518676,0.));
#931 = ADVANCED_FACE('',(#932,#957),#999,.T.);
#932 = FACE_BOUND('',#933,.T.);
#933 = EDGE_LOOP('',(#934,#935,#936,#942,#943,#951));
#934 = ORIENTED_EDGE('',*,*,#879,.F.);
#935 = ORIENTED_EDGE('',*,*,#289,.T.);
#936 = ORIENTED_EDGE('',*,*,#937,.T.);
#937 = EDGE_CURVE('',#281,#430,#938,.T.);
#938 = LINE('',#939,#940);
#939 = CARTESIAN_POINT('',(5.014047206197,-39.19860224475,8.));
#940 = VECTOR('',#941,1.);
#941 = DIRECTION('',(-0.896127585788,-0.443796518676,0.));
#942 = ORIENTED_EDGE('',*,*,#437,.T.);
#943 = ORIENTED_EDGE('',*,*,#944,.T.);
#944 = EDGE_CURVE('',#438,#945,#947,.T.);
#945 = VERTEX_POINT('',#946);
#946 = CARTESIAN_POINT('',(67.29491441849,-8.354744196759,27.));
#947 = LINE('',#948,#949);
#948 = CARTESIAN_POINT('',(18.904024785917,-32.31975620527,27.));
#949 = VECTOR('',#950,1.);
#950 = DIRECTION('',(0.896127585788,0.443796518676,0.));
#951 = ORIENTED_EDGE('',*,*,#952,.F.);
#952 = EDGE_CURVE('',#880,#945,#953,.T.);
#953 = LINE('',#954,#955);
#954 = CARTESIAN_POINT('',(67.29491441849,-8.354744196759,7.8));
#955 = VECTOR('',#956,1.);
#956 = DIRECTION('',(0.,0.,1.));
#957 = FACE_BOUND('',#958,.T.);
#958 = EDGE_LOOP('',(#959,#969,#977,#985,#993));
#959 = ORIENTED_EDGE('',*,*,#960,.F.);
#960 = EDGE_CURVE('',#961,#963,#965,.T.);
#961 = VERTEX_POINT('',#962);
#962 = CARTESIAN_POINT('',(48.02817132404,-17.89636934829,9.));
#963 = VERTEX_POINT('',#964);
#964 = CARTESIAN_POINT('',(41.755278223521,-21.00294497903,9.));
#965 = LINE('',#966,#967);
#966 = CARTESIAN_POINT('',(30.329651504719,-26.66135059215,9.));
#967 = VECTOR('',#968,1.);
#968 = DIRECTION('',(-0.896127585788,-0.443796518676,-0.));
#969 = ORIENTED_EDGE('',*,*,#970,.F.);
#970 = EDGE_CURVE('',#971,#961,#973,.T.);
#971 = VERTEX_POINT('',#972);
#972 = CARTESIAN_POINT('',(48.02817132404,-17.89636934829,13.));
#973 = LINE('',#974,#975);
#974 = CARTESIAN_POINT('',(48.02817132404,-17.89636934829,8.4));
#975 = VECTOR('',#976,1.);
#976 = DIRECTION('',(0.,0.,-1.));
#977 = ORIENTED_EDGE('',*,*,#978,.F.);
#978 = EDGE_CURVE('',#979,#971,#981,.T.);
#979 = VERTEX_POINT('',#980);
#980 = CARTESIAN_POINT('',(44.89172477378,-19.44965716366,16.5));
#981 = LINE('',#982,#983);
#982 = CARTESIAN_POINT('',(41.912100551034,-20.92528058826,19.825));
#983 = VECTOR('',#984,1.);
#984 = DIRECTION('',(0.633657892719,0.313811527823,-0.707106781187));
#985 = ORIENTED_EDGE('',*,*,#986,.F.);
#986 = EDGE_CURVE('',#987,#979,#989,.T.);
#987 = VERTEX_POINT('',#988);
#988 = CARTESIAN_POINT('',(41.755278223521,-21.00294497903,13.));
#989 = LINE('',#990,#991);
#990 = CARTESIAN_POINT('',(36.445722277725,-23.63243935218,7.075));
#991 = VECTOR('',#992,1.);
#992 = DIRECTION('',(0.633657892719,0.313811527823,0.707106781187));
#993 = ORIENTED_EDGE('',*,*,#994,.F.);
#994 = EDGE_CURVE('',#963,#987,#995,.T.);
#995 = LINE('',#996,#997);
#996 = CARTESIAN_POINT('',(41.755278223521,-21.00294497903,10.4));
#997 = VECTOR('',#998,1.);
#998 = DIRECTION('',(0.,0.,1.));
#999 = PLANE('',#1000);
#1000 = AXIS2_PLACEMENT_3D('',#1001,#1002,#1003);
#1001 = CARTESIAN_POINT('',(18.904024785917,-32.31975620527,7.8));
#1002 = DIRECTION('',(-0.443796518676,0.896127585788,0.));
#1003 = DIRECTION('',(0.,0.,1.));
#1004 = ADVANCED_FACE('',(#1005),#1063,.T.);
#1005 = FACE_BOUND('',#1006,.T.);
#1006 = EDGE_LOOP('',(#1007,#1008,#1009,#1017,#1025,#1031,#1032,#1038,
    #1039,#1047,#1056,#1062));
#1007 = ORIENTED_EDGE('',*,*,#937,.F.);
#1008 = ORIENTED_EDGE('',*,*,#280,.T.);
#1009 = ORIENTED_EDGE('',*,*,#1010,.T.);
#1010 = EDGE_CURVE('',#273,#1011,#1013,.T.);
#1011 = VERTEX_POINT('',#1012);
#1012 = CARTESIAN_POINT('',(4.,6.,8.));
#1013 = LINE('',#1014,#1015);
#1014 = CARTESIAN_POINT('',(4.,-29.,8.));
#1015 = VECTOR('',#1016,1.);
#1016 = DIRECTION('',(-1.110223024625E-16,-1.,0.));
#1017 = ORIENTED_EDGE('',*,*,#1018,.T.);
#1018 = EDGE_CURVE('',#1011,#1019,#1021,.T.);
#1019 = VERTEX_POINT('',#1020);
#1020 = CARTESIAN_POINT('',(-4.,6.,8.));
#1021 = LINE('',#1022,#1023);
#1022 = CARTESIAN_POINT('',(2.,6.,8.));
#1023 = VECTOR('',#1024,1.);
#1024 = DIRECTION('',(-1.,1.110223024625E-16,0.));
#1025 = ORIENTED_EDGE('',*,*,#1026,.F.);
#1026 = EDGE_CURVE('',#213,#1019,#1027,.T.);
#1027 = LINE('',#1028,#1029);
#1028 = CARTESIAN_POINT('',(-4.,-29.,8.));
#1029 = VECTOR('',#1030,1.);
#1030 = DIRECTION('',(-1.110223024625E-16,-1.,0.));
#1031 = ORIENTED_EDGE('',*,*,#212,.T.);
#1032 = ORIENTED_EDGE('',*,*,#1033,.T.);
#1033 = EDGE_CURVE('',#205,#533,#1034,.T.);
#1034 = LINE('',#1035,#1036);
#1035 = CARTESIAN_POINT('',(-5.014047206197,-39.19860224475,8.));
#1036 = VECTOR('',#1037,1.);
#1037 = DIRECTION('',(0.896127585788,-0.443796518676,0.));
#1038 = ORIENTED_EDGE('',*,*,#542,.T.);
#1039 = ORIENTED_EDGE('',*,*,#1040,.F.);
#1040 = EDGE_CURVE('',#1041,#543,#1043,.T.);
#1041 = VERTEX_POINT('',#1042);
#1042 = CARTESIAN_POINT('',(-16.6251298496,-39.02791443463,8.));
#1043 = LINE('',#1044,#1045);
#1044 = CARTESIAN_POINT('',(-9.473348764049,-42.569748877,8.));
#1045 = VECTOR('',#1046,1.);
#1046 = DIRECTION('',(-0.896127585788,0.443796518676,0.));
#1047 = ORIENTED_EDGE('',*,*,#1048,.F.);
#1048 = EDGE_CURVE('',#1049,#1041,#1051,.T.);
#1049 = VERTEX_POINT('',#1050);
#1050 = CARTESIAN_POINT('',(16.625129849602,-39.02791443463,8.));
#1051 = CIRCLE('',#1052,30.);
#1052 = AXIS2_PLACEMENT_3D('',#1053,#1054,#1055);
#1053 = CARTESIAN_POINT('',(0.,-64.,8.));
#1054 = DIRECTION('',(0.,0.,1.));
#1055 = DIRECTION('',(1.,0.,0.));
#1056 = ORIENTED_EDGE('',*,*,#1057,.T.);
#1057 = EDGE_CURVE('',#1049,#422,#1058,.T.);
#1058 = LINE('',#1059,#1060);
#1059 = CARTESIAN_POINT('',(9.473348764049,-42.569748877,8.));
#1060 = VECTOR('',#1061,1.);
#1061 = DIRECTION('',(0.896127585788,0.443796518676,0.));
#1062 = ORIENTED_EDGE('',*,*,#429,.T.);
#1063 = PLANE('',#1064);
#1064 = AXIS2_PLACEMENT_3D('',#1065,#1066,#1067);
#1065 = CARTESIAN_POINT('',(0.,-64.,8.));
#1066 = DIRECTION('',(0.,0.,1.));
#1067 = DIRECTION('',(1.,0.,0.));
#1068 = ADVANCED_FACE('',(#1069),#1103,.F.);
#1069 = FACE_BOUND('',#1070,.F.);
#1070 = EDGE_LOOP('',(#1071,#1079,#1080,#1081,#1089,#1097));
#1071 = ORIENTED_EDGE('',*,*,#1072,.F.);
#1072 = EDGE_CURVE('',#264,#1073,#1075,.T.);
#1073 = VERTEX_POINT('',#1074);
#1074 = CARTESIAN_POINT('',(4.,39.,0.));
#1075 = LINE('',#1076,#1077);
#1076 = CARTESIAN_POINT('',(4.,6.,0.));
#1077 = VECTOR('',#1078,1.);
#1078 = DIRECTION('',(1.110223024625E-16,1.,0.));
#1079 = ORIENTED_EDGE('',*,*,#272,.T.);
#1080 = ORIENTED_EDGE('',*,*,#1010,.T.);
#1081 = ORIENTED_EDGE('',*,*,#1082,.T.);
#1082 = EDGE_CURVE('',#1011,#1083,#1085,.T.);
#1083 = VERTEX_POINT('',#1084);
#1084 = CARTESIAN_POINT('',(4.,6.,10.));
#1085 = LINE('',#1086,#1087);
#1086 = CARTESIAN_POINT('',(4.,6.,0.));
#1087 = VECTOR('',#1088,1.);
#1088 = DIRECTION('',(0.,0.,1.));
#1089 = ORIENTED_EDGE('',*,*,#1090,.T.);
#1090 = EDGE_CURVE('',#1083,#1091,#1093,.T.);
#1091 = VERTEX_POINT('',#1092);
#1092 = CARTESIAN_POINT('',(4.,39.,10.));
#1093 = LINE('',#1094,#1095);
#1094 = CARTESIAN_POINT('',(4.,6.,10.));
#1095 = VECTOR('',#1096,1.);
#1096 = DIRECTION('',(1.110223024625E-16,1.,0.));
#1097 = ORIENTED_EDGE('',*,*,#1098,.T.);
#1098 = EDGE_CURVE('',#1091,#1073,#1099,.T.);
#1099 = LINE('',#1100,#1101);
#1100 = CARTESIAN_POINT('',(4.,39.,0.));
#1101 = VECTOR('',#1102,1.);
#1102 = DIRECTION('',(0.,0.,-1.));
#1103 = PLANE('',#1104);
#1104 = AXIS2_PLACEMENT_3D('',#1105,#1106,#1107);
#1105 = CARTESIAN_POINT('',(4.,6.,0.));
#1106 = DIRECTION('',(-1.,1.110223024625E-16,0.));
#1107 = DIRECTION('',(0.,0.,1.));
#1108 = ADVANCED_FACE('',(#1109),#1166,.F.);
#1109 = FACE_BOUND('',#1110,.F.);
#1110 = EDGE_LOOP('',(#1111,#1119,#1127,#1135,#1143,#1151,#1159,#1165));
#1111 = ORIENTED_EDGE('',*,*,#1112,.F.);
#1112 = EDGE_CURVE('',#1113,#256,#1115,.T.);
#1113 = VERTEX_POINT('',#1114);
#1114 = CARTESIAN_POINT('',(89.100652418837,-18.60095002604,0.));
#1115 = LINE('',#1116,#1117);
#1116 = CARTESIAN_POINT('',(89.100652418837,-18.60095002604,0.));
#1117 = VECTOR('',#1118,1.);
#1118 = DIRECTION('',(-0.891006524188,-0.45399049974,0.));
#1119 = ORIENTED_EDGE('',*,*,#1120,.T.);
#1120 = EDGE_CURVE('',#1113,#1121,#1123,.T.);
#1121 = VERTEX_POINT('',#1122);
#1122 = CARTESIAN_POINT('',(89.100652418837,-18.60095002604,6.));
#1123 = LINE('',#1124,#1125);
#1124 = CARTESIAN_POINT('',(89.100652418837,-18.60095002604,0.));
#1125 = VECTOR('',#1126,1.);
#1126 = DIRECTION('',(0.,0.,1.));
#1127 = ORIENTED_EDGE('',*,*,#1128,.T.);
#1128 = EDGE_CURVE('',#1121,#1129,#1131,.T.);
#1129 = VERTEX_POINT('',#1130);
#1130 = CARTESIAN_POINT('',(86.433257167301,-19.96005579056,6.));
#1131 = LINE('',#1132,#1133);
#1132 = CARTESIAN_POINT('',(89.100652418837,-18.60095002604,6.));
#1133 = VECTOR('',#1134,1.);
#1134 = DIRECTION('',(-0.891006524188,-0.45399049974,0.));
#1135 = ORIENTED_EDGE('',*,*,#1136,.T.);
#1136 = EDGE_CURVE('',#1129,#1137,#1139,.T.);
#1137 = VERTEX_POINT('',#1138);
#1138 = CARTESIAN_POINT('',(86.433257167301,-19.96005579056,5.8));
#1139 = LINE('',#1140,#1141);
#1140 = CARTESIAN_POINT('',(86.433257167301,-19.96005579056,2.9));
#1141 = VECTOR('',#1142,1.);
#1142 = DIRECTION('',(0.,0.,-1.));
#1143 = ORIENTED_EDGE('',*,*,#1144,.F.);
#1144 = EDGE_CURVE('',#1145,#1137,#1147,.T.);
#1145 = VERTEX_POINT('',#1146);
#1146 = CARTESIAN_POINT('',(73.958354070989,-26.31633639811,5.8));
#1147 = LINE('',#1148,#1149);
#1148 = CARTESIAN_POINT('',(81.433210884176,-22.50770662046,5.8));
#1149 = VECTOR('',#1150,1.);
#1150 = DIRECTION('',(0.891006524188,0.45399049974,0.));
#1151 = ORIENTED_EDGE('',*,*,#1152,.F.);
#1152 = EDGE_CURVE('',#1153,#1145,#1155,.T.);
#1153 = VERTEX_POINT('',#1154);
#1154 = CARTESIAN_POINT('',(73.958354070989,-26.31633639811,6.));
#1155 = LINE('',#1156,#1157);
#1156 = CARTESIAN_POINT('',(73.958354070989,-26.31633639811,2.9));
#1157 = VECTOR('',#1158,1.);
#1158 = DIRECTION('',(0.,0.,-1.));
#1159 = ORIENTED_EDGE('',*,*,#1160,.T.);
#1160 = EDGE_CURVE('',#1153,#247,#1161,.T.);
#1161 = LINE('',#1162,#1163);
#1162 = CARTESIAN_POINT('',(89.100652418837,-18.60095002604,6.));
#1163 = VECTOR('',#1164,1.);
#1164 = DIRECTION('',(-0.891006524188,-0.45399049974,0.));
#1165 = ORIENTED_EDGE('',*,*,#255,.F.);
#1166 = PLANE('',#1167);
#1167 = AXIS2_PLACEMENT_3D('',#1168,#1169,#1170);
#1168 = CARTESIAN_POINT('',(89.100652418837,-18.60095002604,0.));
#1169 = DIRECTION('',(0.45399049974,-0.891006524188,0.));
#1170 = DIRECTION('',(-0.891006524188,-0.45399049974,0.));
#1171 = ADVANCED_FACE('',(#1172),#1733,.T.);
#1172 = FACE_BOUND('',#1173,.T.);
#1173 = EDGE_LOOP('',(#1174,#1175,#1183,#1191,#1199,#1207,#1215,#1223,
    #1231,#1239,#1247,#1255,#1263,#1271,#1279,#1287,#1295,#1303,#1311,
    #1319,#1327,#1335,#1343,#1351,#1359,#1367,#1375,#1383,#1391,#1399,
    #1407,#1415,#1423,#1431,#1439,#1447,#1455,#1463,#1471,#1479,#1487,
    #1495,#1503,#1511,#1519,#1527,#1535,#1543,#1551,#1559,#1567,#1575,
    #1583,#1591,#1599,#1607,#1615,#1623,#1631,#1639,#1647,#1655,#1663,
    #1671,#1679,#1687,#1695,#1703,#1709,#1710,#1718,#1726,#1732));
#1174 = ORIENTED_EDGE('',*,*,#246,.F.);
#1175 = ORIENTED_EDGE('',*,*,#1176,.T.);
#1176 = EDGE_CURVE('',#239,#1177,#1179,.T.);
#1177 = VERTEX_POINT('',#1178);
#1178 = CARTESIAN_POINT('',(95.630475596304,-93.23717047227,6.));
#1179 = LINE('',#1180,#1181);
#1180 = CARTESIAN_POINT('',(68.853942429339,-85.05076274003,6.));
#1181 = VECTOR('',#1182,1.);
#1182 = DIRECTION('',(0.956304755963,-0.292371704723,0.));
#1183 = ORIENTED_EDGE('',*,*,#1184,.T.);
#1184 = EDGE_CURVE('',#1177,#1185,#1187,.T.);
#1185 = VERTEX_POINT('',#1186);
#1186 = CARTESIAN_POINT('',(95.936870970162,-92.21554161192,6.));
#1187 = LINE('',#1188,#1189);
#1188 = CARTESIAN_POINT('',(95.630475596304,-93.23717047227,6.));
#1189 = VECTOR('',#1190,1.);
#1190 = DIRECTION('',(0.287267645409,0.957850353605,0.));
#1191 = ORIENTED_EDGE('',*,*,#1192,.T.);
#1192 = EDGE_CURVE('',#1185,#1193,#1195,.T.);
#1193 = VERTEX_POINT('',#1194);
#1194 = CARTESIAN_POINT('',(96.232352530529,-91.19070294126,6.));
#1195 = LINE('',#1196,#1197);
#1196 = CARTESIAN_POINT('',(95.936870970162,-92.21554161192,6.));
#1197 = VECTOR('',#1198,1.);
#1198 = DIRECTION('',(0.277035162247,0.960859781071,0.));
#1199 = ORIENTED_EDGE('',*,*,#1200,.T.);
#1200 = EDGE_CURVE('',#1193,#1201,#1203,.T.);
#1201 = VERTEX_POINT('',#1202);
#1202 = CARTESIAN_POINT('',(96.516886663315,-90.16277104629,6.));
#1203 = LINE('',#1204,#1205);
#1204 = CARTESIAN_POINT('',(96.232352530529,-91.19070294126,6.));
#1205 = VECTOR('',#1206,1.);
#1206 = DIRECTION('',(0.266771163463,0.963759900776,0.));
#1207 = ORIENTED_EDGE('',*,*,#1208,.T.);
#1208 = EDGE_CURVE('',#1201,#1209,#1211,.T.);
#1209 = VERTEX_POINT('',#1210);
#1210 = CARTESIAN_POINT('',(96.790440999812,-89.13186286493,6.));
#1211 = LINE('',#1212,#1213);
#1212 = CARTESIAN_POINT('',(96.516886663315,-90.16277104629,6.));
#1213 = VECTOR('',#1214,1.);
#1214 = DIRECTION('',(0.256476816694,0.966550382804,0.));
#1215 = ORIENTED_EDGE('',*,*,#1216,.T.);
#1216 = EDGE_CURVE('',#1209,#1217,#1219,.T.);
#1217 = VERTEX_POINT('',#1218);
#1218 = CARTESIAN_POINT('',(97.05298442038,-88.09809567367,6.));
#1219 = LINE('',#1220,#1221);
#1220 = CARTESIAN_POINT('',(96.790440999812,-89.13186286493,6.));
#1221 = VECTOR('',#1222,1.);
#1222 = DIRECTION('',(0.246153293029,0.969230909707,0.));
#1223 = ORIENTED_EDGE('',*,*,#1224,.T.);
#1224 = EDGE_CURVE('',#1217,#1225,#1227,.T.);
#1225 = VERTEX_POINT('',#1226);
#1226 = CARTESIAN_POINT('',(97.304487057982,-87.06158707424,6.));
#1227 = LINE('',#1228,#1229);
#1228 = CARTESIAN_POINT('',(97.05298442038,-88.09809567367,6.));
#1229 = VECTOR('',#1230,1.);
#1230 = DIRECTION('',(0.235801766875,0.971801176547,0.));
#1231 = ORIENTED_EDGE('',*,*,#1232,.T.);
#1232 = EDGE_CURVE('',#1225,#1233,#1235,.T.);
#1233 = VERTEX_POINT('',#1234);
#1234 = CARTESIAN_POINT('',(97.544920301588,-86.02245498024,6.));
#1235 = LINE('',#1236,#1237);
#1236 = CARTESIAN_POINT('',(97.304487057982,-87.06158707424,6.));
#1237 = VECTOR('',#1238,1.);
#1238 = DIRECTION('',(0.225423415826,0.974260890931,0.));
#1239 = ORIENTED_EDGE('',*,*,#1240,.T.);
#1240 = EDGE_CURVE('',#1233,#1241,#1243,.T.);
#1241 = VERTEX_POINT('',#1242);
#1242 = CARTESIAN_POINT('',(97.774256799423,-84.98081760372,6.));
#1243 = LINE('',#1244,#1245);
#1244 = CARTESIAN_POINT('',(97.544920301588,-86.02245498024,6.));
#1245 = VECTOR('',#1246,1.);
#1246 = DIRECTION('',(0.215019420528,0.976609773039,0.));
#1247 = ORIENTED_EDGE('',*,*,#1248,.T.);
#1248 = EDGE_CURVE('',#1241,#1249,#1251,.T.);
#1249 = VERTEX_POINT('',#1250);
#1250 = CARTESIAN_POINT('',(97.992470462083,-83.93679344172,6.));
#1251 = LINE('',#1252,#1253);
#1252 = CARTESIAN_POINT('',(97.774256799423,-84.98081760372,6.));
#1253 = VECTOR('',#1254,1.);
#1254 = DIRECTION('',(0.204590964541,0.978847555663,0.));
#1255 = ORIENTED_EDGE('',*,*,#1256,.T.);
#1256 = EDGE_CURVE('',#1249,#1257,#1259,.T.);
#1257 = VERTEX_POINT('',#1258);
#1258 = CARTESIAN_POINT('',(98.199536465503,-82.89050126281,6.));
#1259 = LINE('',#1260,#1261);
#1260 = CARTESIAN_POINT('',(97.992470462083,-83.93679344172,6.));
#1261 = VECTOR('',#1262,1.);
#1262 = DIRECTION('',(0.194139234211,0.980973984232,0.));
#1263 = ORIENTED_EDGE('',*,*,#1264,.T.);
#1264 = EDGE_CURVE('',#1257,#1265,#1267,.T.);
#1265 = VERTEX_POINT('',#1266);
#1266 = CARTESIAN_POINT('',(98.395431253778,-81.84206009358,6.));
#1267 = LINE('',#1268,#1269);
#1268 = CARTESIAN_POINT('',(98.199536465503,-82.89050126281,6.));
#1269 = VECTOR('',#1270,1.);
#1270 = DIRECTION('',(0.183665418531,0.982988816842,0.));
#1271 = ORIENTED_EDGE('',*,*,#1272,.T.);
#1272 = EDGE_CURVE('',#1265,#1273,#1275,.T.);
#1273 = VERTEX_POINT('',#1274);
#1274 = CARTESIAN_POINT('',(98.580132541846,-80.79158920507,6.));
#1275 = LINE('',#1276,#1277);
#1276 = CARTESIAN_POINT('',(98.395431253778,-81.84206009358,6.));
#1277 = VECTOR('',#1278,1.);
#1278 = DIRECTION('',(0.173170709006,0.984891824284,0.));
#1279 = ORIENTED_EDGE('',*,*,#1280,.T.);
#1280 = EDGE_CURVE('',#1273,#1281,#1283,.T.);
#1281 = VERTEX_POINT('',#1282);
#1282 = CARTESIAN_POINT('',(98.753619318021,-79.73920809925,6.));
#1283 = LINE('',#1284,#1285);
#1284 = CARTESIAN_POINT('',(98.580132541846,-80.79158920507,6.));
#1285 = VECTOR('',#1286,1.);
#1286 = DIRECTION('',(0.162656299518,0.986682790073,0.));
#1287 = ORIENTED_EDGE('',*,*,#1288,.T.);
#1288 = EDGE_CURVE('',#1281,#1289,#1291,.T.);
#1289 = VERTEX_POINT('',#1290);
#1290 = CARTESIAN_POINT('',(98.915871846383,-78.68503649535,6.));
#1291 = LINE('',#1292,#1293);
#1292 = CARTESIAN_POINT('',(98.753619318021,-79.73920809925,6.));
#1293 = VECTOR('',#1294,1.);
#1294 = DIRECTION('',(0.15212338619,0.988361510468,0.));
#1295 = ORIENTED_EDGE('',*,*,#1296,.T.);
#1296 = EDGE_CURVE('',#1289,#1297,#1299,.T.);
#1297 = VERTEX_POINT('',#1298);
#1298 = CARTESIAN_POINT('',(99.066871669026,-77.62919431634,6.));
#1299 = LINE('',#1300,#1301);
#1300 = CARTESIAN_POINT('',(98.915871846383,-78.68503649535,6.));
#1301 = VECTOR('',#1302,1.);
#1302 = DIRECTION('',(0.14157316725,0.989927794496,0.));
#1303 = ORIENTED_EDGE('',*,*,#1304,.T.);
#1304 = EDGE_CURVE('',#1297,#1305,#1307,.T.);
#1305 = VERTEX_POINT('',#1306);
#1306 = CARTESIAN_POINT('',(99.206601608154,-76.57180167521,6.));
#1307 = LINE('',#1308,#1309);
#1308 = CARTESIAN_POINT('',(99.066871669026,-77.62919431634,6.));
#1309 = VECTOR('',#1310,1.);
#1310 = DIRECTION('',(0.131006842894,0.991381463976,0.));
#1311 = ORIENTED_EDGE('',*,*,#1312,.T.);
#1312 = EDGE_CURVE('',#1305,#1313,#1315,.T.);
#1313 = VERTEX_POINT('',#1314);
#1314 = CARTESIAN_POINT('',(99.33504576804,-75.51297886133,6.));
#1315 = LINE('',#1316,#1317);
#1316 = CARTESIAN_POINT('',(99.206601608154,-76.57180167521,6.));
#1317 = VECTOR('',#1318,1.);
#1318 = DIRECTION('',(0.120425615153,0.992722353539,0.));
#1319 = ORIENTED_EDGE('',*,*,#1320,.T.);
#1320 = EDGE_CURVE('',#1313,#1321,#1323,.T.);
#1321 = VERTEX_POINT('',#1322);
#1322 = CARTESIAN_POINT('',(99.452189536827,-74.45284632676,6.));
#1323 = LINE('',#1324,#1325);
#1324 = CARTESIAN_POINT('',(99.33504576804,-75.51297886133,6.));
#1325 = VECTOR('',#1326,1.);
#1326 = DIRECTION('',(0.109830687749,0.993950310644,0.));
#1327 = ORIENTED_EDGE('',*,*,#1328,.T.);
#1328 = EDGE_CURVE('',#1321,#1329,#1331,.T.);
#1329 = VERTEX_POINT('',#1330);
#1330 = CARTESIAN_POINT('',(99.558019588199,-73.39152467258,6.));
#1331 = LINE('',#1332,#1333);
#1332 = CARTESIAN_POINT('',(99.452189536827,-74.45284632676,6.));
#1333 = VECTOR('',#1334,1.);
#1334 = DIRECTION('',(9.922326596616E-02,0.995065195598,0.));
#1335 = ORIENTED_EDGE('',*,*,#1336,.T.);
#1336 = EDGE_CURVE('',#1329,#1337,#1339,.T.);
#1337 = VERTEX_POINT('',#1338);
#1338 = CARTESIAN_POINT('',(99.65252388289,-72.32913463512,6.));
#1339 = LINE('',#1340,#1341);
#1340 = CARTESIAN_POINT('',(99.558019588199,-73.39152467258,6.));
#1341 = VECTOR('',#1342,1.);
#1342 = DIRECTION('',(8.86045565083E-02,0.996066881573,0.));
#1343 = ORIENTED_EDGE('',*,*,#1344,.T.);
#1344 = EDGE_CURVE('',#1337,#1345,#1347,.T.);
#1345 = VERTEX_POINT('',#1346);
#1346 = CARTESIAN_POINT('',(99.735691670057,-71.26579707226,6.));
#1347 = LINE('',#1348,#1349);
#1348 = CARTESIAN_POINT('',(99.65252388289,-72.32913463512,6.));
#1349 = VECTOR('',#1350,1.);
#1350 = DIRECTION('',(7.797576736374E-02,0.996955254615,0.));
#1351 = ORIENTED_EDGE('',*,*,#1352,.T.);
#1352 = EDGE_CURVE('',#1345,#1353,#1355,.T.);
#1353 = VERTEX_POINT('',#1354);
#1354 = CARTESIAN_POINT('',(99.807513488502,-70.20163294967,6.));
#1355 = LINE('',#1356,#1357);
#1356 = CARTESIAN_POINT('',(99.735691670057,-71.26579707226,6.));
#1357 = VECTOR('',#1358,1.);
#1358 = DIRECTION('',(6.733810766743E-02,0.997730213663,0.));
#1359 = ORIENTED_EDGE('',*,*,#1360,.T.);
#1360 = EDGE_CURVE('',#1353,#1361,#1363,.T.);
#1361 = VERTEX_POINT('',#1362);
#1362 = CARTESIAN_POINT('',(99.867981167749,-69.13676332705,6.));
#1363 = LINE('',#1364,#1365);
#1364 = CARTESIAN_POINT('',(99.807513488502,-70.20163294967,6.));
#1365 = VECTOR('',#1366,1.);
#1366 = DIRECTION('',(5.669278756341E-02,0.998391670557,0.));
#1367 = ORIENTED_EDGE('',*,*,#1368,.T.);
#1368 = EDGE_CURVE('',#1361,#1369,#1371,.T.);
#1369 = VERTEX_POINT('',#1370);
#1370 = CARTESIAN_POINT('',(99.917087828972,-68.07130934436,6.));
#1371 = LINE('',#1372,#1373);
#1372 = CARTESIAN_POINT('',(99.867981167749,-69.13676332705,6.));
#1373 = VECTOR('',#1374,1.);
#1374 = DIRECTION('',(4.604101806706E-02,0.998939550051,0.));
#1375 = ORIENTED_EDGE('',*,*,#1376,.T.);
#1376 = EDGE_CURVE('',#1369,#1377,#1379,.T.);
#1377 = VERTEX_POINT('',#1378);
#1378 = CARTESIAN_POINT('',(99.95482788578,-67.00539220802,6.));
#1379 = LINE('',#1380,#1381);
#1380 = CARTESIAN_POINT('',(99.917087828972,-68.07130934436,6.));
#1381 = VECTOR('',#1382,1.);
#1382 = DIRECTION('',(3.538401092777E-02,0.999373789816,0.));
#1383 = ORIENTED_EDGE('',*,*,#1384,.T.);
#1384 = EDGE_CURVE('',#1377,#1385,#1387,.T.);
#1385 = VERTEX_POINT('',#1386);
#1386 = CARTESIAN_POINT('',(99.98119704485,-65.93913317718,6.));
#1387 = LINE('',#1388,#1389);
#1388 = CARTESIAN_POINT('',(99.95482788578,-67.00539220802,6.));
#1389 = VECTOR('',#1390,1.);
#1390 = DIRECTION('',(2.472297849045E-02,0.999694340453,0.));
#1391 = ORIENTED_EDGE('',*,*,#1392,.T.);
#1392 = EDGE_CURVE('',#1385,#1393,#1395,.T.);
#1393 = VERTEX_POINT('',#1394);
#1394 = CARTESIAN_POINT('',(99.996192306417,-64.87265354983,6.));
#1395 = LINE('',#1396,#1397);
#1396 = CARTESIAN_POINT('',(99.98119704485,-65.93913317718,6.));
#1397 = VECTOR('',#1398,1.);
#1398 = DIRECTION('',(1.405913355803E-02,0.999901165498,0.));
#1399 = ORIENTED_EDGE('',*,*,#1400,.T.);
#1400 = EDGE_CURVE('',#1393,#1401,#1403,.T.);
#1401 = VERTEX_POINT('',#1402);
#1402 = CARTESIAN_POINT('',(99.999811964615,-63.8060746491,6.));
#1403 = LINE('',#1404,#1405);
#1404 = CARTESIAN_POINT('',(99.996192306417,-64.87265354983,6.));
#1405 = VECTOR('',#1406,1.);
#1406 = DIRECTION('',(3.393689253481E-03,0.99999424142,0.));
#1407 = ORIENTED_EDGE('',*,*,#1408,.T.);
#1408 = EDGE_CURVE('',#1401,#1409,#1411,.T.);
#1409 = VERTEX_POINT('',#1410);
#1410 = CARTESIAN_POINT('',(99.992055607669,-62.73951780939,6.));
#1411 = LINE('',#1412,#1413);
#1412 = CARTESIAN_POINT('',(99.999811964615,-63.8060746491,6.));
#1413 = VECTOR('',#1414,1.);
#1414 = DIRECTION('',(-7.272141118431E-03,0.999973557632,0.));
#1415 = ORIENTED_EDGE('',*,*,#1416,.T.);
#1416 = EDGE_CURVE('',#1409,#1417,#1419,.T.);
#1417 = VERTEX_POINT('',#1418);
#1418 = CARTESIAN_POINT('',(99.972924117946,-61.67310436259,6.));
#1419 = LINE('',#1420,#1421);
#1420 = CARTESIAN_POINT('',(99.992055607669,-62.73951780939,6.));
#1421 = VECTOR('',#1422,1.);
#1422 = DIRECTION('',(-1.793714420888E-02,0.999839116487,0.));
#1423 = ORIENTED_EDGE('',*,*,#1424,.T.);
#1424 = EDGE_CURVE('',#1417,#1425,#1427,.T.);
#1425 = VERTEX_POINT('',#1426);
#1426 = CARTESIAN_POINT('',(99.942419671851,-60.60695562429,6.));
#1427 = LINE('',#1428,#1429);
#1428 = CARTESIAN_POINT('',(99.972924117946,-61.67310436259,6.));
#1429 = VECTOR('',#1430,1.);
#1430 = DIRECTION('',(-2.860010676327E-02,0.999590933279,0.));
#1431 = ORIENTED_EDGE('',*,*,#1432,.T.);
#1432 = EDGE_CURVE('',#1425,#1433,#1435,.T.);
#1433 = VERTEX_POINT('',#1434);
#1434 = CARTESIAN_POINT('',(99.935985246284,-60.44318855778,6.));
#1435 = LINE('',#1436,#1437);
#1436 = CARTESIAN_POINT('',(99.942419671851,-60.60695562429,6.));
#1437 = VECTOR('',#1438,1.);
#1438 = DIRECTION('',(-3.925981575906E-02,0.999229036241,0.));
#1439 = ORIENTED_EDGE('',*,*,#1440,.T.);
#1440 = EDGE_CURVE('',#1433,#1441,#1443,.T.);
#1441 = VERTEX_POINT('',#1442);
#1442 = CARTESIAN_POINT('',(98.424036171464,-55.38901261653,6.));
#1443 = LINE('',#1444,#1445);
#1444 = CARTESIAN_POINT('',(98.002071181913,-53.9784589585,6.));
#1445 = VECTOR('',#1446,1.);
#1446 = DIRECTION('',(-0.28659936246,0.958050523426,0.));
#1447 = ORIENTED_EDGE('',*,*,#1448,.T.);
#1448 = EDGE_CURVE('',#1441,#1449,#1451,.T.);
#1449 = VERTEX_POINT('',#1450);
#1450 = CARTESIAN_POINT('',(99.0353669007,-50.14907376293,6.));
#1451 = LINE('',#1452,#1453);
#1452 = CARTESIAN_POINT('',(98.774195291857,-52.38767096602,6.));
#1453 = VECTOR('',#1454,1.);
#1454 = DIRECTION('',(0.115881546653,0.993263040259,0.));
#1455 = ORIENTED_EDGE('',*,*,#1456,.T.);
#1456 = EDGE_CURVE('',#1449,#1457,#1459,.T.);
#1457 = VERTEX_POINT('',#1458);
#1458 = CARTESIAN_POINT('',(99.013265720224,-49.98667735986,6.));
#1459 = LINE('',#1460,#1461);
#1460 = CARTESIAN_POINT('',(99.157095705454,-51.04352010539,6.));
#1461 = VECTOR('',#1462,1.);
#1462 = DIRECTION('',(-0.134850930274,0.990865897387,0.));
#1463 = ORIENTED_EDGE('',*,*,#1464,.T.);
#1464 = EDGE_CURVE('',#1457,#1465,#1467,.T.);
#1465 = VERTEX_POINT('',#1466);
#1466 = CARTESIAN_POINT('',(98.858171949711,-48.93142877505,6.));
#1467 = LINE('',#1468,#1469);
#1468 = CARTESIAN_POINT('',(99.013265720224,-49.98667735986,6.));
#1469 = VECTOR('',#1470,1.);
#1470 = DIRECTION('',(-0.145411537099,0.989371257354,0.));
#1471 = ORIENTED_EDGE('',*,*,#1472,.T.);
#1472 = EDGE_CURVE('',#1465,#1473,#1475,.T.);
#1473 = VERTEX_POINT('',#1474);
#1474 = CARTESIAN_POINT('',(98.691832037441,-47.8778943964,6.));
#1475 = LINE('',#1476,#1477);
#1476 = CARTESIAN_POINT('',(98.858171949711,-48.93142877505,6.));
#1477 = VECTOR('',#1478,1.);
#1478 = DIRECTION('',(-0.155955601854,0.987764066086,0.));
#1479 = ORIENTED_EDGE('',*,*,#1480,.T.);
#1480 = EDGE_CURVE('',#1473,#1481,#1483,.T.);
#1481 = VERTEX_POINT('',#1482);
#1482 = CARTESIAN_POINT('',(98.514264906302,-46.82619407437,6.));
#1483 = LINE('',#1484,#1485);
#1484 = CARTESIAN_POINT('',(98.691832037441,-47.8778943964,6.));
#1485 = VECTOR('',#1486,1.);
#1486 = DIRECTION('',(-0.166481925044,0.986044506416,0.));
#1487 = ORIENTED_EDGE('',*,*,#1488,.T.);
#1488 = EDGE_CURVE('',#1481,#1489,#1491,.T.);
#1489 = VERTEX_POINT('',#1490);
#1490 = CARTESIAN_POINT('',(98.325490756395,-45.77644745078,6.));
#1491 = LINE('',#1492,#1493);
#1492 = CARTESIAN_POINT('',(98.514264906302,-46.82619407437,6.));
#1493 = VECTOR('',#1494,1.);
#1494 = DIRECTION('',(-0.176989309188,0.984212773964,0.));
#1495 = ORIENTED_EDGE('',*,*,#1496,.T.);
#1496 = EDGE_CURVE('',#1489,#1497,#1499,.T.);
#1497 = VERTEX_POINT('',#1498);
#1498 = CARTESIAN_POINT('',(98.125531062738,-44.72877394519,6.));
#1499 = LINE('',#1500,#1501);
#1500 = CARTESIAN_POINT('',(98.325490756395,-45.77644745078,6.));
#1501 = VECTOR('',#1502,1.);
#1502 = DIRECTION('',(-0.187476558964,0.982269077106,0.));
#1503 = ORIENTED_EDGE('',*,*,#1504,.T.);
#1504 = EDGE_CURVE('',#1497,#1505,#1507,.T.);
#1505 = VERTEX_POINT('',#1506);
#1506 = CARTESIAN_POINT('',(97.914408572818,-43.68329274131,6.));
#1507 = LINE('',#1508,#1509);
#1508 = CARTESIAN_POINT('',(98.125531062738,-44.72877394519,6.));
#1509 = VECTOR('',#1510,1.);
#1510 = DIRECTION('',(-0.197942481339,0.98021363696,0.));
#1511 = ORIENTED_EDGE('',*,*,#1512,.T.);
#1512 = EDGE_CURVE('',#1505,#1513,#1515,.T.);
#1513 = VERTEX_POINT('',#1514);
#1514 = CARTESIAN_POINT('',(97.692147304007,-42.64012277347,6.));
#1515 = LINE('',#1516,#1517);
#1516 = CARTESIAN_POINT('',(97.914408572818,-43.68329274131,6.));
#1517 = VECTOR('',#1518,1.);
#1518 = DIRECTION('',(-0.208385885704,0.978046687352,0.));
#1519 = ORIENTED_EDGE('',*,*,#1520,.T.);
#1520 = EDGE_CURVE('',#1513,#1521,#1523,.T.);
#1521 = VERTEX_POINT('',#1522);
#1522 = CARTESIAN_POINT('',(97.458772540827,-41.59938271307,6.));
#1523 = LINE('',#1524,#1525);
#1524 = CARTESIAN_POINT('',(97.692147304007,-42.64012277347,6.));
#1525 = VECTOR('',#1526,1.);
#1526 = DIRECTION('',(-0.218805584015,0.975768474795,0.));
#1527 = ORIENTED_EDGE('',*,*,#1528,.T.);
#1528 = EDGE_CURVE('',#1521,#1529,#1531,.T.);
#1529 = VERTEX_POINT('',#1530);
#1530 = CARTESIAN_POINT('',(97.214310832078,-40.56119095508,6.));
#1531 = LINE('',#1532,#1533);
#1532 = CARTESIAN_POINT('',(97.458772540827,-41.59938271307,6.));
#1533 = VECTOR('',#1534,1.);
#1534 = DIRECTION('',(-0.229200390922,0.973379258461,0.));
#1535 = ORIENTED_EDGE('',*,*,#1536,.T.);
#1536 = EDGE_CURVE('',#1529,#1537,#1539,.T.);
#1537 = VERTEX_POINT('',#1538);
#1538 = CARTESIAN_POINT('',(96.958789987812,-39.52566560456,6.));
#1539 = LINE('',#1540,#1541);
#1540 = CARTESIAN_POINT('',(97.214310832078,-40.56119095508,6.));
#1541 = VECTOR('',#1542,1.);
#1542 = DIRECTION('',(-0.23956912391,0.970879310146,0.));
#1543 = ORIENTED_EDGE('',*,*,#1544,.T.);
#1544 = EDGE_CURVE('',#1537,#1545,#1547,.T.);
#1545 = VERTEX_POINT('',#1546);
#1546 = CARTESIAN_POINT('',(96.692239076173,-38.49292446327,6.));
#1547 = LINE('',#1548,#1549);
#1548 = CARTESIAN_POINT('',(96.958789987812,-39.52566560456,6.));
#1549 = VECTOR('',#1550,1.);
#1550 = DIRECTION('',(-0.249910603426,0.968268914246,0.));
#1551 = ORIENTED_EDGE('',*,*,#1552,.T.);
#1552 = EDGE_CURVE('',#1545,#1553,#1555,.T.);
#1553 = VERTEX_POINT('',#1554);
#1554 = CARTESIAN_POINT('',(96.414688420092,-37.46308501621,6.));
#1555 = LINE('',#1556,#1557);
#1556 = CARTESIAN_POINT('',(96.692239076173,-38.49292446327,6.));
#1557 = VECTOR('',#1558,1.);
#1558 = DIRECTION('',(-0.260223653021,0.965548367721,0.));
#1559 = ORIENTED_EDGE('',*,*,#1560,.T.);
#1560 = EDGE_CURVE('',#1553,#1561,#1563,.T.);
#1561 = VERTEX_POINT('',#1562);
#1562 = CARTESIAN_POINT('',(96.126169593832,-36.4362644183,6.));
#1563 = LINE('',#1564,#1565);
#1564 = CARTESIAN_POINT('',(96.414688420092,-37.46308501621,6.));
#1565 = VECTOR('',#1566,1.);
#1566 = DIRECTION('',(-0.270507099478,0.962717980061,0.));
#1567 = ORIENTED_EDGE('',*,*,#1568,.T.);
#1568 = EDGE_CURVE('',#1561,#1569,#1571,.T.);
#1569 = VERTEX_POINT('',#1570);
#1570 = CARTESIAN_POINT('',(95.8267154194,-35.41257948101,6.));
#1571 = LINE('',#1572,#1573);
#1572 = CARTESIAN_POINT('',(96.126169593832,-36.4362644183,6.));
#1573 = VECTOR('',#1574,1.);
#1574 = DIRECTION('',(-0.280759772949,0.959778073251,0.));
#1575 = ORIENTED_EDGE('',*,*,#1576,.T.);
#1576 = EDGE_CURVE('',#1569,#1577,#1579,.T.);
#1577 = VERTEX_POINT('',#1578);
#1578 = CARTESIAN_POINT('',(95.516359962812,-34.39214665913,6.));
#1579 = LINE('',#1580,#1581);
#1580 = CARTESIAN_POINT('',(95.8267154194,-35.41257948101,6.));
#1581 = VECTOR('',#1582,1.);
#1582 = DIRECTION('',(-0.290980507085,0.956728981738,0.));
#1583 = ORIENTED_EDGE('',*,*,#1584,.T.);
#1584 = EDGE_CURVE('',#1577,#1585,#1587,.T.);
#1585 = VERTEX_POINT('',#1586);
#1586 = CARTESIAN_POINT('',(95.195138530219,-33.37508203745,6.));
#1587 = LINE('',#1588,#1589);
#1588 = CARTESIAN_POINT('',(95.516359962812,-34.39214665913,6.));
#1589 = VECTOR('',#1590,1.);
#1590 = DIRECTION('',(-0.301168139172,0.953571052385,0.));
#1591 = ORIENTED_EDGE('',*,*,#1592,.T.);
#1592 = EDGE_CURVE('',#1585,#1593,#1595,.T.);
#1593 = VERTEX_POINT('',#1594);
#1594 = CARTESIAN_POINT('',(94.863087663888,-32.36150131764,6.));
#1595 = LINE('',#1596,#1597);
#1596 = CARTESIAN_POINT('',(95.195138530219,-33.37508203745,6.));
#1597 = VECTOR('',#1598,1.);
#1598 = DIRECTION('',(-0.311321510262,0.950304644442,0.));
#1599 = ORIENTED_EDGE('',*,*,#1600,.T.);
#1600 = EDGE_CURVE('',#1593,#1601,#1603,.T.);
#1601 = VERTEX_POINT('',#1602);
#1602 = CARTESIAN_POINT('',(94.520245138047,-31.35151980499,6.));
#1603 = LINE('',#1604,#1605);
#1604 = CARTESIAN_POINT('',(94.863087663888,-32.36150131764,6.));
#1605 = VECTOR('',#1606,1.);
#1606 = DIRECTION('',(-0.321439465303,0.946930129495,0.));
#1607 = ORIENTED_EDGE('',*,*,#1608,.T.);
#1608 = EDGE_CURVE('',#1601,#1609,#1611,.T.);
#1609 = VERTEX_POINT('',#1610);
#1610 = CARTESIAN_POINT('',(94.166649954588,-30.34525239538,6.));
#1611 = LINE('',#1612,#1613);
#1612 = CARTESIAN_POINT('',(94.520245138047,-31.35151980499,6.));
#1613 = VECTOR('',#1614,1.);
#1614 = DIRECTION('',(-0.331520853273,0.943447891431,0.));
#1615 = ORIENTED_EDGE('',*,*,#1616,.T.);
#1616 = EDGE_CURVE('',#1609,#1617,#1619,.T.);
#1617 = VERTEX_POINT('',#1618);
#1618 = CARTESIAN_POINT('',(93.802342338626,-29.34281356215,6.));
#1619 = LINE('',#1620,#1621);
#1620 = CARTESIAN_POINT('',(94.166649954588,-30.34525239538,6.));
#1621 = VECTOR('',#1622,1.);
#1622 = DIRECTION('',(-0.34156452731,0.939858326389,0.));
#1623 = ORIENTED_EDGE('',*,*,#1624,.T.);
#1624 = EDGE_CURVE('',#1617,#1625,#1627,.T.);
#1625 = VERTEX_POINT('',#1626);
#1626 = CARTESIAN_POINT('',(93.42736373393,-28.34431734312,6.));
#1627 = LINE('',#1628,#1629);
#1628 = CARTESIAN_POINT('',(93.802342338626,-29.34281356215,6.));
#1629 = VECTOR('',#1630,1.);
#1630 = DIRECTION('',(-0.351569344841,0.936161842722,0.));
#1631 = ORIENTED_EDGE('',*,*,#1632,.T.);
#1632 = EDGE_CURVE('',#1625,#1633,#1635,.T.);
#1633 = VERTEX_POINT('',#1634);
#1634 = CARTESIAN_POINT('',(93.041756798202,-27.34987732757,6.));
#1635 = LINE('',#1636,#1637);
#1636 = CARTESIAN_POINT('',(93.42736373393,-28.34431734312,6.));
#1637 = VECTOR('',#1638,1.);
#1638 = DIRECTION('',(-0.361534167715,0.932358860941,0.));
#1639 = ORIENTED_EDGE('',*,*,#1640,.T.);
#1640 = EDGE_CURVE('',#1633,#1641,#1643,.T.);
#1641 = VERTEX_POINT('',#1642);
#1642 = CARTESIAN_POINT('',(92.64556539823,-26.35960664336,6.));
#1643 = LINE('',#1644,#1645);
#1644 = CARTESIAN_POINT('',(93.041756798202,-27.34987732757,6.));
#1645 = VECTOR('',#1646,1.);
#1646 = DIRECTION('',(-0.371457862331,0.928449813675,0.));
#1647 = ORIENTED_EDGE('',*,*,#1648,.T.);
#1648 = EDGE_CURVE('',#1641,#1649,#1651,.T.);
#1649 = VERTEX_POINT('',#1650);
#1650 = CARTESIAN_POINT('',(92.23883460489,-25.37361794405,6.));
#1651 = LINE('',#1652,#1653);
#1652 = CARTESIAN_POINT('',(92.64556539823,-26.35960664336,6.));
#1653 = VECTOR('',#1654,1.);
#1654 = DIRECTION('',(-0.381339299764,0.924435145619,0.));
#1655 = ORIENTED_EDGE('',*,*,#1656,.T.);
#1656 = EDGE_CURVE('',#1649,#1657,#1659,.T.);
#1657 = VERTEX_POINT('',#1658);
#1658 = CARTESIAN_POINT('',(91.821610688027,-24.39202339608,6.));
#1659 = LINE('',#1660,#1661);
#1660 = CARTESIAN_POINT('',(92.23883460489,-25.37361794405,6.));
#1661 = VECTOR('',#1662,1.);
#1662 = DIRECTION('',(-0.391177355899,0.920315313483,0.));
#1663 = ORIENTED_EDGE('',*,*,#1664,.T.);
#1664 = EDGE_CURVE('',#1657,#1665,#1667,.T.);
#1665 = VERTEX_POINT('',#1666);
#1666 = CARTESIAN_POINT('',(91.393941111186,-23.414934666,6.));
#1667 = LINE('',#1668,#1669);
#1668 = CARTESIAN_POINT('',(91.821610688027,-24.39202339608,6.));
#1669 = VECTOR('',#1670,1.);
#1670 = DIRECTION('',(-0.400970911555,0.916090785942,0.));
#1671 = ORIENTED_EDGE('',*,*,#1672,.T.);
#1672 = EDGE_CURVE('',#1665,#1673,#1675,.T.);
#1673 = VERTEX_POINT('',#1674);
#1674 = CARTESIAN_POINT('',(90.955874526215,-22.44246290777,6.));
#1675 = LINE('',#1676,#1677);
#1676 = CARTESIAN_POINT('',(91.393941111186,-23.414934666,6.));
#1677 = VECTOR('',#1678,1.);
#1678 = DIRECTION('',(-0.410718852613,0.911762043577,0.));
#1679 = ORIENTED_EDGE('',*,*,#1680,.T.);
#1680 = EDGE_CURVE('',#1673,#1681,#1683,.T.);
#1681 = VERTEX_POINT('',#1682);
#1682 = CARTESIAN_POINT('',(90.507460767727,-21.47471875015,6.));
#1683 = LINE('',#1684,#1685);
#1684 = CARTESIAN_POINT('',(90.955874526215,-22.44246290777,6.));
#1685 = VECTOR('',#1686,1.);
#1686 = DIRECTION('',(-0.420420070145,0.90732957883,0.));
#1687 = ORIENTED_EDGE('',*,*,#1688,.T.);
#1688 = EDGE_CURVE('',#1681,#1689,#1691,.T.);
#1689 = VERTEX_POINT('',#1690);
#1690 = CARTESIAN_POINT('',(90.048750847436,-20.51181228406,6.));
#1691 = LINE('',#1692,#1693);
#1692 = CARTESIAN_POINT('',(90.507460767727,-21.47471875015,6.));
#1693 = VECTOR('',#1694,1.);
#1694 = DIRECTION('',(-0.430073460537,0.902793895937,0.));
#1695 = ORIENTED_EDGE('',*,*,#1696,.T.);
#1696 = EDGE_CURVE('',#1689,#1697,#1699,.T.);
#1697 = VERTEX_POINT('',#1698);
#1698 = CARTESIAN_POINT('',(89.579796948351,-19.55385305009,6.));
#1699 = LINE('',#1700,#1701);
#1700 = CARTESIAN_POINT('',(90.048750847436,-20.51181228406,6.));
#1701 = VECTOR('',#1702,1.);
#1702 = DIRECTION('',(-0.439677925614,0.898155510882,0.));
#1703 = ORIENTED_EDGE('',*,*,#1704,.T.);
#1704 = EDGE_CURVE('',#1697,#1121,#1705,.T.);
#1705 = LINE('',#1706,#1707);
#1706 = CARTESIAN_POINT('',(89.579796948351,-19.55385305009,6.));
#1707 = VECTOR('',#1708,1.);
#1708 = DIRECTION('',(-0.44923237277,0.893414951328,0.));
#1709 = ORIENTED_EDGE('',*,*,#1128,.T.);
#1710 = ORIENTED_EDGE('',*,*,#1711,.T.);
#1711 = EDGE_CURVE('',#1129,#1712,#1714,.T.);
#1712 = VERTEX_POINT('',#1713);
#1713 = CARTESIAN_POINT('',(94.912713157644,-37.0820342326,6.));
#1714 = LINE('',#1715,#1716);
#1715 = CARTESIAN_POINT('',(97.721434162848,-42.75349010849,6.));
#1716 = VECTOR('',#1717,1.);
#1717 = DIRECTION('',(0.443796518676,-0.896127585788,0.));
#1718 = ORIENTED_EDGE('',*,*,#1719,.F.);
#1719 = EDGE_CURVE('',#1720,#1712,#1722,.T.);
#1720 = VERTEX_POINT('',#1721);
#1721 = CARTESIAN_POINT('',(82.366926956607,-43.29518549407,6.));
#1722 = LINE('',#1723,#1724);
#1723 = CARTESIAN_POINT('',(80.326129627883,-44.30586607591,6.));
#1724 = VECTOR('',#1725,1.);
#1725 = DIRECTION('',(0.896127585788,0.443796518676,0.));
#1726 = ORIENTED_EDGE('',*,*,#1727,.F.);
#1727 = EDGE_CURVE('',#1153,#1720,#1728,.T.);
#1728 = LINE('',#1729,#1730);
#1729 = CARTESIAN_POINT('',(85.17564796181,-48.96664136996,6.));
#1730 = VECTOR('',#1731,1.);
#1731 = DIRECTION('',(0.443796518676,-0.896127585788,0.));
#1732 = ORIENTED_EDGE('',*,*,#1160,.T.);
#1733 = PLANE('',#1734);
#1734 = AXIS2_PLACEMENT_3D('',#1735,#1736,#1737);
#1735 = CARTESIAN_POINT('',(83.902774309565,-56.65945840953,6.));
#1736 = DIRECTION('',(0.,0.,1.));
#1737 = DIRECTION('',(1.,0.,0.));
#1738 = ADVANCED_FACE('',(#1739),#1757,.F.);
#1739 = FACE_BOUND('',#1740,.F.);
#1740 = EDGE_LOOP('',(#1741,#1749,#1750,#1751));
#1741 = ORIENTED_EDGE('',*,*,#1742,.F.);
#1742 = EDGE_CURVE('',#230,#1743,#1745,.T.);
#1743 = VERTEX_POINT('',#1744);
#1744 = CARTESIAN_POINT('',(95.630475596304,-93.23717047227,0.));
#1745 = LINE('',#1746,#1747);
#1746 = CARTESIAN_POINT('',(68.853942429339,-85.05076274003,0.));
#1747 = VECTOR('',#1748,1.);
#1748 = DIRECTION('',(0.956304755963,-0.292371704723,0.));
#1749 = ORIENTED_EDGE('',*,*,#238,.T.);
#1750 = ORIENTED_EDGE('',*,*,#1176,.T.);
#1751 = ORIENTED_EDGE('',*,*,#1752,.F.);
#1752 = EDGE_CURVE('',#1743,#1177,#1753,.T.);
#1753 = LINE('',#1754,#1755);
#1754 = CARTESIAN_POINT('',(95.630475596304,-93.23717047227,0.));
#1755 = VECTOR('',#1756,1.);
#1756 = DIRECTION('',(0.,0.,1.));
#1757 = PLANE('',#1758);
#1758 = AXIS2_PLACEMENT_3D('',#1759,#1760,#1761);
#1759 = CARTESIAN_POINT('',(68.853942429339,-85.05076274003,0.));
#1760 = DIRECTION('',(0.292371704723,0.956304755963,0.));
#1761 = DIRECTION('',(0.956304755963,-0.292371704723,0.));
#1762 = ADVANCED_FACE('',(#1763),#1797,.T.);
#1763 = FACE_BOUND('',#1764,.T.);
#1764 = EDGE_LOOP('',(#1765,#1773,#1774,#1775,#1783,#1791));
#1765 = ORIENTED_EDGE('',*,*,#1766,.F.);
#1766 = EDGE_CURVE('',#222,#1767,#1769,.T.);
#1767 = VERTEX_POINT('',#1768);
#1768 = CARTESIAN_POINT('',(-4.,39.,0.));
#1769 = LINE('',#1770,#1771);
#1770 = CARTESIAN_POINT('',(-4.,6.,0.));
#1771 = VECTOR('',#1772,1.);
#1772 = DIRECTION('',(1.110223024625E-16,1.,0.));
#1773 = ORIENTED_EDGE('',*,*,#221,.T.);
#1774 = ORIENTED_EDGE('',*,*,#1026,.T.);
#1775 = ORIENTED_EDGE('',*,*,#1776,.T.);
#1776 = EDGE_CURVE('',#1019,#1777,#1779,.T.);
#1777 = VERTEX_POINT('',#1778);
#1778 = CARTESIAN_POINT('',(-4.,6.,10.));
#1779 = LINE('',#1780,#1781);
#1780 = CARTESIAN_POINT('',(-4.,6.,0.));
#1781 = VECTOR('',#1782,1.);
#1782 = DIRECTION('',(0.,0.,1.));
#1783 = ORIENTED_EDGE('',*,*,#1784,.T.);
#1784 = EDGE_CURVE('',#1777,#1785,#1787,.T.);
#1785 = VERTEX_POINT('',#1786);
#1786 = CARTESIAN_POINT('',(-4.,39.,10.));
#1787 = LINE('',#1788,#1789);
#1788 = CARTESIAN_POINT('',(-4.,6.,10.));
#1789 = VECTOR('',#1790,1.);
#1790 = DIRECTION('',(1.110223024625E-16,1.,0.));
#1791 = ORIENTED_EDGE('',*,*,#1792,.T.);
#1792 = EDGE_CURVE('',#1785,#1767,#1793,.T.);
#1793 = LINE('',#1794,#1795);
#1794 = CARTESIAN_POINT('',(-4.,39.,0.));
#1795 = VECTOR('',#1796,1.);
#1796 = DIRECTION('',(0.,0.,-1.));
#1797 = PLANE('',#1798);
#1798 = AXIS2_PLACEMENT_3D('',#1799,#1800,#1801);
#1799 = CARTESIAN_POINT('',(-4.,6.,0.));
#1800 = DIRECTION('',(-1.,1.110223024625E-16,0.));
#1801 = DIRECTION('',(0.,0.,1.));
#1802 = ADVANCED_FACE('',(#1803,#1811),#1853,.F.);
#1803 = FACE_BOUND('',#1804,.F.);
#1804 = EDGE_LOOP('',(#1805,#1806,#1807,#1808,#1809,#1810));
#1805 = ORIENTED_EDGE('',*,*,#583,.F.);
#1806 = ORIENTED_EDGE('',*,*,#204,.T.);
#1807 = ORIENTED_EDGE('',*,*,#1033,.T.);
#1808 = ORIENTED_EDGE('',*,*,#532,.T.);
#1809 = ORIENTED_EDGE('',*,*,#638,.T.);
#1810 = ORIENTED_EDGE('',*,*,#662,.F.);
#1811 = FACE_BOUND('',#1812,.F.);
#1812 = EDGE_LOOP('',(#1813,#1823,#1831,#1839,#1847));
#1813 = ORIENTED_EDGE('',*,*,#1814,.F.);
#1814 = EDGE_CURVE('',#1815,#1817,#1819,.T.);
#1815 = VERTEX_POINT('',#1816);
#1816 = CARTESIAN_POINT('',(-48.02817132404,-17.89636934829,9.));
#1817 = VERTEX_POINT('',#1818);
#1818 = CARTESIAN_POINT('',(-41.75527822352,-21.00294497903,9.));
#1819 = LINE('',#1820,#1821);
#1820 = CARTESIAN_POINT('',(-30.32965150471,-26.66135059215,9.));
#1821 = VECTOR('',#1822,1.);
#1822 = DIRECTION('',(0.896127585788,-0.443796518676,0.));
#1823 = ORIENTED_EDGE('',*,*,#1824,.F.);
#1824 = EDGE_CURVE('',#1825,#1815,#1827,.T.);
#1825 = VERTEX_POINT('',#1826);
#1826 = CARTESIAN_POINT('',(-48.02817132404,-17.89636934829,13.));
#1827 = LINE('',#1828,#1829);
#1828 = CARTESIAN_POINT('',(-48.02817132404,-17.89636934829,8.4));
#1829 = VECTOR('',#1830,1.);
#1830 = DIRECTION('',(0.,0.,-1.));
#1831 = ORIENTED_EDGE('',*,*,#1832,.F.);
#1832 = EDGE_CURVE('',#1833,#1825,#1835,.T.);
#1833 = VERTEX_POINT('',#1834);
#1834 = CARTESIAN_POINT('',(-44.89172477378,-19.44965716366,16.5));
#1835 = LINE('',#1836,#1837);
#1836 = CARTESIAN_POINT('',(-41.91210055103,-20.92528058826,19.825));
#1837 = VECTOR('',#1838,1.);
#1838 = DIRECTION('',(-0.633657892719,0.313811527823,-0.707106781187));
#1839 = ORIENTED_EDGE('',*,*,#1840,.F.);
#1840 = EDGE_CURVE('',#1841,#1833,#1843,.T.);
#1841 = VERTEX_POINT('',#1842);
#1842 = CARTESIAN_POINT('',(-41.75527822352,-21.00294497903,13.));
#1843 = LINE('',#1844,#1845);
#1844 = CARTESIAN_POINT('',(-36.44572227772,-23.63243935218,7.075));
#1845 = VECTOR('',#1846,1.);
#1846 = DIRECTION('',(-0.633657892719,0.313811527823,0.707106781187));
#1847 = ORIENTED_EDGE('',*,*,#1848,.F.);
#1848 = EDGE_CURVE('',#1817,#1841,#1849,.T.);
#1849 = LINE('',#1850,#1851);
#1850 = CARTESIAN_POINT('',(-41.75527822352,-21.00294497903,10.4));
#1851 = VECTOR('',#1852,1.);
#1852 = DIRECTION('',(0.,0.,1.));
#1853 = PLANE('',#1854);
#1854 = AXIS2_PLACEMENT_3D('',#1855,#1856,#1857);
#1855 = CARTESIAN_POINT('',(-18.90402478591,-32.31975620527,7.8));
#1856 = DIRECTION('',(-0.443796518676,-0.896127585788,0.));
#1857 = DIRECTION('',(0.,0.,1.));
#1858 = ADVANCED_FACE('',(#1859),#1870,.T.);
#1859 = FACE_BOUND('',#1860,.T.);
#1860 = EDGE_LOOP('',(#1861,#1862,#1863,#1869));
#1861 = ORIENTED_EDGE('',*,*,#445,.F.);
#1862 = ORIENTED_EDGE('',*,*,#339,.T.);
#1863 = ORIENTED_EDGE('',*,*,#1864,.T.);
#1864 = EDGE_CURVE('',#340,#945,#1865,.T.);
#1865 = LINE('',#1866,#1867);
#1866 = CARTESIAN_POINT('',(85.046775165536,-44.19984762829,27.));
#1867 = VECTOR('',#1868,1.);
#1868 = DIRECTION('',(-0.443796518676,0.896127585788,0.));
#1869 = ORIENTED_EDGE('',*,*,#944,.F.);
#1870 = PLANE('',#1871);
#1871 = AXIS2_PLACEMENT_3D('',#1872,#1873,#1874);
#1872 = CARTESIAN_POINT('',(36.655885532963,-68.1648596368,27.));
#1873 = DIRECTION('',(0.,0.,1.));
#1874 = DIRECTION('',(0.896127585788,0.443796518676,0.));
#1875 = ADVANCED_FACE('',(#1876,#1905),#1947,.T.);
#1876 = FACE_BOUND('',#1877,.T.);
#1877 = EDGE_LOOP('',(#1878,#1879,#1880,#1881,#1889,#1897,#1903,#1904));
#1878 = ORIENTED_EDGE('',*,*,#1864,.F.);
#1879 = ORIENTED_EDGE('',*,*,#347,.F.);
#1880 = ORIENTED_EDGE('',*,*,#889,.T.);
#1881 = ORIENTED_EDGE('',*,*,#1882,.T.);
#1882 = EDGE_CURVE('',#890,#1883,#1885,.T.);
#1883 = VERTEX_POINT('',#1884);
#1884 = CARTESIAN_POINT('',(84.159182128184,-42.40759245671,8.));
#1885 = LINE('',#1886,#1887);
#1886 = CARTESIAN_POINT('',(84.159182128184,-42.40759245671,6.8));
#1887 = VECTOR('',#1888,1.);
#1888 = DIRECTION('',(0.,0.,1.));
#1889 = ORIENTED_EDGE('',*,*,#1890,.F.);
#1890 = EDGE_CURVE('',#1891,#1883,#1893,.T.);
#1891 = VERTEX_POINT('',#1892);
#1892 = CARTESIAN_POINT('',(68.182507455842,-10.14699936833,8.));
#1893 = LINE('',#1894,#1895);
#1894 = CARTESIAN_POINT('',(84.60297864686,-43.3037200425,8.));
#1895 = VECTOR('',#1896,1.);
#1896 = DIRECTION('',(0.443796518676,-0.896127585788,0.));
#1897 = ORIENTED_EDGE('',*,*,#1898,.F.);
#1898 = EDGE_CURVE('',#914,#1891,#1899,.T.);
#1899 = LINE('',#1900,#1901);
#1900 = CARTESIAN_POINT('',(68.182507455842,-10.14699936833,6.8));
#1901 = VECTOR('',#1902,1.);
#1902 = DIRECTION('',(0.,0.,1.));
#1903 = ORIENTED_EDGE('',*,*,#921,.T.);
#1904 = ORIENTED_EDGE('',*,*,#952,.T.);
#1905 = FACE_BOUND('',#1906,.T.);
#1906 = EDGE_LOOP('',(#1907,#1917,#1925,#1933,#1941));
#1907 = ORIENTED_EDGE('',*,*,#1908,.T.);
#1908 = EDGE_CURVE('',#1909,#1911,#1913,.T.);
#1909 = VERTEX_POINT('',#1910);
#1910 = CARTESIAN_POINT('',(71.555360997781,-16.95756902032,13.4));
#1911 = VERTEX_POINT('',#1912);
#1912 = CARTESIAN_POINT('',(71.555360997781,-16.95756902032,8.2));
#1913 = LINE('',#1914,#1915);
#1914 = CARTESIAN_POINT('',(71.555360997781,-16.95756902032,8.));
#1915 = VECTOR('',#1916,1.);
#1916 = DIRECTION('',(0.,0.,-1.));
#1917 = ORIENTED_EDGE('',*,*,#1918,.T.);
#1918 = EDGE_CURVE('',#1911,#1919,#1921,.T.);
#1919 = VERTEX_POINT('',#1920);
#1920 = CARTESIAN_POINT('',(80.786328586245,-35.59702280472,8.2));
#1921 = LINE('',#1922,#1923);
#1922 = CARTESIAN_POINT('',(82.916551875891,-39.89843521651,8.2));
#1923 = VECTOR('',#1924,1.);
#1924 = DIRECTION('',(0.443796518676,-0.896127585788,0.));
#1925 = ORIENTED_EDGE('',*,*,#1926,.T.);
#1926 = EDGE_CURVE('',#1919,#1927,#1929,.T.);
#1927 = VERTEX_POINT('',#1928);
#1928 = CARTESIAN_POINT('',(80.786328586245,-35.59702280472,13.4));
#1929 = LINE('',#1930,#1931);
#1930 = CARTESIAN_POINT('',(80.786328586245,-35.59702280472,10.6));
#1931 = VECTOR('',#1932,1.);
#1932 = DIRECTION('',(0.,0.,1.));
#1933 = ORIENTED_EDGE('',*,*,#1934,.T.);
#1934 = EDGE_CURVE('',#1927,#1935,#1937,.T.);
#1935 = VERTEX_POINT('',#1936);
#1936 = CARTESIAN_POINT('',(76.170844792013,-26.27729591252,23.4));
#1937 = LINE('',#1938,#1939);
#1938 = CARTESIAN_POINT('',(80.206288924172,-34.42578887169,
    14.656725595696));
#1939 = VECTOR('',#1940,1.);
#1940 = DIRECTION('',(-0.31990320475,0.645958394207,0.693108716252));
#1941 = ORIENTED_EDGE('',*,*,#1942,.T.);
#1942 = EDGE_CURVE('',#1935,#1909,#1943,.T.);
#1943 = LINE('',#1944,#1945);
#1944 = CARTESIAN_POINT('',(74.439594913777,-22.78150288916,
    19.649039200615));
#1945 = VECTOR('',#1946,1.);
#1946 = DIRECTION('',(-0.31990320475,0.645958394207,-0.693108716252));
#1947 = PLANE('',#1948);
#1948 = AXIS2_PLACEMENT_3D('',#1949,#1950,#1951);
#1949 = CARTESIAN_POINT('',(85.046775165536,-44.19984762829,7.8));
#1950 = DIRECTION('',(0.896127585788,0.443796518676,0.));
#1951 = DIRECTION('',(0.,0.,1.));
#1952 = ADVANCED_FACE('',(#1953),#1978,.F.);
#1953 = FACE_BOUND('',#1954,.F.);
#1954 = EDGE_LOOP('',(#1955,#1956,#1964,#1972));
#1955 = ORIENTED_EDGE('',*,*,#355,.T.);
#1956 = ORIENTED_EDGE('',*,*,#1957,.T.);
#1957 = EDGE_CURVE('',#358,#1958,#1960,.T.);
#1958 = VERTEX_POINT('',#1959);
#1959 = CARTESIAN_POINT('',(55.246692391276,-48.24522358699,9.));
#1960 = LINE('',#1961,#1962);
#1961 = CARTESIAN_POINT('',(60.838528526596,-59.53643116793,9.));
#1962 = VECTOR('',#1963,1.);
#1963 = DIRECTION('',(-0.443796518676,0.896127585788,0.));
#1964 = ORIENTED_EDGE('',*,*,#1965,.F.);
#1965 = EDGE_CURVE('',#1966,#1958,#1968,.T.);
#1966 = VERTEX_POINT('',#1967);
#1967 = CARTESIAN_POINT('',(61.519585491795,-45.13864795626,9.));
#1968 = LINE('',#1969,#1970);
#1969 = CARTESIAN_POINT('',(45.434095326893,-53.1047954665,9.));
#1970 = VECTOR('',#1971,1.);
#1971 = DIRECTION('',(-0.896127585788,-0.443796518676,-0.));
#1972 = ORIENTED_EDGE('',*,*,#1973,.F.);
#1973 = EDGE_CURVE('',#356,#1966,#1974,.T.);
#1974 = LINE('',#1975,#1976);
#1975 = CARTESIAN_POINT('',(67.111421627114,-56.42985553719,9.));
#1976 = VECTOR('',#1977,1.);
#1977 = DIRECTION('',(-0.443796518676,0.896127585788,0.));
#1978 = PLANE('',#1979);
#1979 = AXIS2_PLACEMENT_3D('',#1980,#1981,#1982);
#1980 = CARTESIAN_POINT('',(60.838528526596,-59.53643116793,9.));
#1981 = DIRECTION('',(0.,0.,-1.));
#1982 = DIRECTION('',(0.896127585788,0.443796518676,0.));
#1983 = ADVANCED_FACE('',(#1984),#2002,.F.);
#1984 = FACE_BOUND('',#1985,.F.);
#1985 = EDGE_LOOP('',(#1986,#1987,#1988,#1996));
#1986 = ORIENTED_EDGE('',*,*,#365,.T.);
#1987 = ORIENTED_EDGE('',*,*,#1973,.T.);
#1988 = ORIENTED_EDGE('',*,*,#1989,.F.);
#1989 = EDGE_CURVE('',#1990,#1966,#1992,.T.);
#1990 = VERTEX_POINT('',#1991);
#1991 = CARTESIAN_POINT('',(61.519585491795,-45.13864795626,13.));
#1992 = LINE('',#1993,#1994);
#1993 = CARTESIAN_POINT('',(61.519585491795,-45.13864795626,11.2));
#1994 = VECTOR('',#1995,1.);
#1995 = DIRECTION('',(0.,0.,-1.));
#1996 = ORIENTED_EDGE('',*,*,#1997,.F.);
#1997 = EDGE_CURVE('',#366,#1990,#1998,.T.);
#1998 = LINE('',#1999,#2000);
#1999 = CARTESIAN_POINT('',(67.111421627114,-56.42985553719,13.));
#2000 = VECTOR('',#2001,1.);
#2001 = DIRECTION('',(-0.443796518676,0.896127585788,0.));
#2002 = PLANE('',#2003);
#2003 = AXIS2_PLACEMENT_3D('',#2004,#2005,#2006);
#2004 = CARTESIAN_POINT('',(67.111421627114,-56.42985553719,9.));
#2005 = DIRECTION('',(0.896127585788,0.443796518676,0.));
#2006 = DIRECTION('',(0.,0.,1.));
#2007 = ADVANCED_FACE('',(#2008),#2034,.F.);
#2008 = FACE_BOUND('',#2009,.F.);
#2009 = EDGE_LOOP('',(#2010,#2011,#2012,#2020,#2028));
#2010 = ORIENTED_EDGE('',*,*,#373,.T.);
#2011 = ORIENTED_EDGE('',*,*,#1997,.T.);
#2012 = ORIENTED_EDGE('',*,*,#2013,.F.);
#2013 = EDGE_CURVE('',#2014,#1990,#2016,.T.);
#2014 = VERTEX_POINT('',#2015);
#2015 = CARTESIAN_POINT('',(61.161134457479,-45.31616656373,13.4));
#2016 = LINE('',#2017,#2018);
#2017 = CARTESIAN_POINT('',(54.955450925895,-48.38945745556,20.325));
#2018 = VECTOR('',#2019,1.);
#2019 = DIRECTION('',(0.633657892719,0.313811527823,-0.707106781187));
#2020 = ORIENTED_EDGE('',*,*,#2021,.F.);
#2021 = EDGE_CURVE('',#2022,#2014,#2024,.T.);
#2022 = VERTEX_POINT('',#2023);
#2023 = CARTESIAN_POINT('',(56.952338965323,-43.80282043504,16.5));
#2024 = LINE('',#2025,#2026);
#2025 = CARTESIAN_POINT('',(53.360313247706,-42.51124468041,
    19.145716510903));
#2026 = VECTOR('',#2027,1.);
#2027 = DIRECTION('',(0.773406819399,-0.278091966744,-0.569654939187));
#2028 = ORIENTED_EDGE('',*,*,#2029,.F.);
#2029 = EDGE_CURVE('',#374,#2022,#2030,.T.);
#2030 = LINE('',#2031,#2032);
#2031 = CARTESIAN_POINT('',(63.974975076855,-57.98314335256,16.5));
#2032 = VECTOR('',#2033,1.);
#2033 = DIRECTION('',(-0.443796518676,0.896127585788,0.));
#2034 = PLANE('',#2035);
#2035 = AXIS2_PLACEMENT_3D('',#2036,#2037,#2038);
#2036 = CARTESIAN_POINT('',(67.111421627114,-56.42985553719,13.));
#2037 = DIRECTION('',(0.633657892719,0.313811527823,0.707106781187));
#2038 = DIRECTION('',(-0.633657892719,-0.313811527823,0.707106781186));
#2039 = ADVANCED_FACE('',(#2040),#2066,.F.);
#2040 = FACE_BOUND('',#2041,.F.);
#2041 = EDGE_LOOP('',(#2042,#2043,#2044,#2052,#2060));
#2042 = ORIENTED_EDGE('',*,*,#381,.T.);
#2043 = ORIENTED_EDGE('',*,*,#2029,.T.);
#2044 = ORIENTED_EDGE('',*,*,#2045,.F.);
#2045 = EDGE_CURVE('',#2046,#2022,#2048,.T.);
#2046 = VERTEX_POINT('',#2047);
#2047 = CARTESIAN_POINT('',(55.605143425591,-48.06770497952,13.4));
#2048 = LINE('',#2049,#2050);
#2049 = CARTESIAN_POINT('',(55.013689248704,-49.94010115616,
    12.039018691589));
#2050 = VECTOR('',#2051,1.);
#2051 = DIRECTION('',(0.247560191374,0.78371372446,0.569654939187));
#2052 = ORIENTED_EDGE('',*,*,#2053,.F.);
#2053 = EDGE_CURVE('',#2054,#2046,#2056,.T.);
#2054 = VERTEX_POINT('',#2055);
#2055 = CARTESIAN_POINT('',(55.246692391276,-48.24522358699,13.));
#2056 = LINE('',#2057,#2058);
#2057 = CARTESIAN_POINT('',(51.998229892793,-49.85398596719,9.375));
#2058 = VECTOR('',#2059,1.);
#2059 = DIRECTION('',(0.633657892719,0.313811527823,0.707106781187));
#2060 = ORIENTED_EDGE('',*,*,#2061,.F.);
#2061 = EDGE_CURVE('',#382,#2054,#2062,.T.);
#2062 = LINE('',#2063,#2064);
#2063 = CARTESIAN_POINT('',(60.838528526596,-59.53643116793,13.));
#2064 = VECTOR('',#2065,1.);
#2065 = DIRECTION('',(-0.443796518676,0.896127585788,0.));
#2066 = PLANE('',#2067);
#2067 = AXIS2_PLACEMENT_3D('',#2068,#2069,#2070);
#2068 = CARTESIAN_POINT('',(63.974975076855,-57.98314335256,16.5));
#2069 = DIRECTION('',(-0.633657892719,-0.313811527823,0.707106781187));
#2070 = DIRECTION('',(-0.633657892719,-0.313811527823,-0.707106781186));
#2071 = ADVANCED_FACE('',(#2072),#2083,.F.);
#2072 = FACE_BOUND('',#2073,.F.);
#2073 = EDGE_LOOP('',(#2074,#2075,#2076,#2082));
#2074 = ORIENTED_EDGE('',*,*,#389,.T.);
#2075 = ORIENTED_EDGE('',*,*,#2061,.T.);
#2076 = ORIENTED_EDGE('',*,*,#2077,.F.);
#2077 = EDGE_CURVE('',#1958,#2054,#2078,.T.);
#2078 = LINE('',#2079,#2080);
#2079 = CARTESIAN_POINT('',(55.246692391276,-48.24522358699,13.2));
#2080 = VECTOR('',#2081,1.);
#2081 = DIRECTION('',(0.,0.,1.));
#2082 = ORIENTED_EDGE('',*,*,#1957,.F.);
#2083 = PLANE('',#2084);
#2084 = AXIS2_PLACEMENT_3D('',#2085,#2086,#2087);
#2085 = CARTESIAN_POINT('',(60.838528526596,-59.53643116793,13.));
#2086 = DIRECTION('',(-0.896127585788,-0.443796518676,0.));
#2087 = DIRECTION('',(0.,0.,-1.));
#2088 = ADVANCED_FACE('',(#2089,#2119),#2130,.T.);
#2089 = FACE_BOUND('',#2090,.T.);
#2090 = EDGE_LOOP('',(#2091,#2099,#2108,#2114,#2115,#2116,#2117,#2118));
#2091 = ORIENTED_EDGE('',*,*,#2092,.F.);
#2092 = EDGE_CURVE('',#2093,#414,#2095,.T.);
#2093 = VERTEX_POINT('',#2094);
#2094 = CARTESIAN_POINT('',(16.625129849602,-39.02791443463,16.));
#2095 = LINE('',#2096,#2097);
#2096 = CARTESIAN_POINT('',(9.473348764049,-42.569748877,16.));
#2097 = VECTOR('',#2098,1.);
#2098 = DIRECTION('',(0.896127585788,0.443796518676,0.));
#2099 = ORIENTED_EDGE('',*,*,#2100,.T.);
#2100 = EDGE_CURVE('',#2093,#2101,#2103,.T.);
#2101 = VERTEX_POINT('',#2102);
#2102 = CARTESIAN_POINT('',(-16.6251298496,-39.02791443463,16.));
#2103 = CIRCLE('',#2104,30.);
#2104 = AXIS2_PLACEMENT_3D('',#2105,#2106,#2107);
#2105 = CARTESIAN_POINT('',(0.,-64.,16.));
#2106 = DIRECTION('',(0.,0.,1.));
#2107 = DIRECTION('',(1.,0.,0.));
#2108 = ORIENTED_EDGE('',*,*,#2109,.T.);
#2109 = EDGE_CURVE('',#2101,#551,#2110,.T.);
#2110 = LINE('',#2111,#2112);
#2111 = CARTESIAN_POINT('',(-9.473348764049,-42.569748877,16.));
#2112 = VECTOR('',#2113,1.);
#2113 = DIRECTION('',(-0.896127585788,0.443796518676,0.));
#2114 = ORIENTED_EDGE('',*,*,#558,.T.);
#2115 = ORIENTED_EDGE('',*,*,#510,.F.);
#2116 = ORIENTED_EDGE('',*,*,#484,.T.);
#2117 = ORIENTED_EDGE('',*,*,#468,.T.);
#2118 = ORIENTED_EDGE('',*,*,#413,.T.);
#2119 = FACE_BOUND('',#2120,.T.);
#2120 = EDGE_LOOP('',(#2121));
#2121 = ORIENTED_EDGE('',*,*,#2122,.F.);
#2122 = EDGE_CURVE('',#2123,#2123,#2125,.T.);
#2123 = VERTEX_POINT('',#2124);
#2124 = CARTESIAN_POINT('',(15.3,-64.,16.));
#2125 = CIRCLE('',#2126,15.3);
#2126 = AXIS2_PLACEMENT_3D('',#2127,#2128,#2129);
#2127 = CARTESIAN_POINT('',(0.,-64.,16.));
#2128 = DIRECTION('',(0.,0.,1.));
#2129 = DIRECTION('',(1.,0.,0.));
#2130 = PLANE('',#2131);
#2131 = AXIS2_PLACEMENT_3D('',#2132,#2133,#2134);
#2132 = CARTESIAN_POINT('',(8.126045049446E-15,-50.50554790103,16.));
#2133 = DIRECTION('',(0.,0.,1.));
#2134 = DIRECTION('',(1.,0.,0.));
#2135 = ADVANCED_FACE('',(#2136),#2147,.T.);
#2136 = FACE_BOUND('',#2137,.T.);
#2137 = EDGE_LOOP('',(#2138,#2139,#2145,#2146));
#2138 = ORIENTED_EDGE('',*,*,#1057,.F.);
#2139 = ORIENTED_EDGE('',*,*,#2140,.T.);
#2140 = EDGE_CURVE('',#1049,#2093,#2141,.T.);
#2141 = LINE('',#2142,#2143);
#2142 = CARTESIAN_POINT('',(16.625129849601,-39.02791443463,8.));
#2143 = VECTOR('',#2144,1.);
#2144 = DIRECTION('',(0.,0.,1.));
#2145 = ORIENTED_EDGE('',*,*,#2092,.T.);
#2146 = ORIENTED_EDGE('',*,*,#421,.T.);
#2147 = PLANE('',#2148);
#2148 = AXIS2_PLACEMENT_3D('',#2149,#2150,#2151);
#2149 = CARTESIAN_POINT('',(9.473348764049,-42.569748877,8.));
#2150 = DIRECTION('',(-0.443796518676,0.896127585788,0.));
#2151 = DIRECTION('',(0.,0.,1.));
#2152 = ADVANCED_FACE('',(#2153),#2164,.F.);
#2153 = FACE_BOUND('',#2154,.F.);
#2154 = EDGE_LOOP('',(#2155,#2156,#2162,#2163));
#2155 = ORIENTED_EDGE('',*,*,#1040,.F.);
#2156 = ORIENTED_EDGE('',*,*,#2157,.T.);
#2157 = EDGE_CURVE('',#1041,#2101,#2158,.T.);
#2158 = LINE('',#2159,#2160);
#2159 = CARTESIAN_POINT('',(-16.6251298496,-39.02791443463,8.));
#2160 = VECTOR('',#2161,1.);
#2161 = DIRECTION('',(0.,0.,1.));
#2162 = ORIENTED_EDGE('',*,*,#2109,.T.);
#2163 = ORIENTED_EDGE('',*,*,#550,.T.);
#2164 = PLANE('',#2165);
#2165 = AXIS2_PLACEMENT_3D('',#2166,#2167,#2168);
#2166 = CARTESIAN_POINT('',(-9.473348764049,-42.569748877,8.));
#2167 = DIRECTION('',(-0.443796518676,-0.896127585788,0.));
#2168 = DIRECTION('',(0.,0.,1.));
#2169 = ADVANCED_FACE('',(#2170),#2204,.F.);
#2170 = FACE_BOUND('',#2171,.F.);
#2171 = EDGE_LOOP('',(#2172,#2182,#2190,#2196,#2197,#2198));
#2172 = ORIENTED_EDGE('',*,*,#2173,.F.);
#2173 = EDGE_CURVE('',#2174,#2176,#2178,.T.);
#2174 = VERTEX_POINT('',#2175);
#2175 = CARTESIAN_POINT('',(-78.9360384853,-4.821441144222,5.8));
#2176 = VERTEX_POINT('',#2177);
#2177 = CARTESIAN_POINT('',(-78.9360384853,-4.821441144222,8.));
#2178 = LINE('',#2179,#2180);
#2179 = CARTESIAN_POINT('',(-78.9360384853,-4.821441144222,5.8));
#2180 = VECTOR('',#2181,1.);
#2181 = DIRECTION('',(0.,0.,1.));
#2182 = ORIENTED_EDGE('',*,*,#2183,.F.);
#2183 = EDGE_CURVE('',#2184,#2174,#2186,.T.);
#2184 = VERTEX_POINT('',#2185);
#2185 = CARTESIAN_POINT('',(-66.39025228426,-11.03459240568,5.8));
#2186 = LINE('',#2187,#2188);
#2187 = CARTESIAN_POINT('',(-66.39025228426,-11.03459240568,5.8));
#2188 = VECTOR('',#2189,1.);
#2189 = DIRECTION('',(-0.896127585788,0.443796518676,0.));
#2190 = ORIENTED_EDGE('',*,*,#2191,.T.);
#2191 = EDGE_CURVE('',#2184,#600,#2192,.T.);
#2192 = LINE('',#2193,#2194);
#2193 = CARTESIAN_POINT('',(-66.39025228426,-11.03459240568,5.8));
#2194 = VECTOR('',#2195,1.);
#2195 = DIRECTION('',(0.,0.,1.));
#2196 = ORIENTED_EDGE('',*,*,#599,.F.);
#2197 = ORIENTED_EDGE('',*,*,#669,.T.);
#2198 = ORIENTED_EDGE('',*,*,#2199,.T.);
#2199 = EDGE_CURVE('',#670,#2176,#2200,.T.);
#2200 = LINE('',#2201,#2202);
#2201 = CARTESIAN_POINT('',(-66.39025228426,-11.03459240568,8.));
#2202 = VECTOR('',#2203,1.);
#2203 = DIRECTION('',(-0.896127585788,0.443796518676,0.));
#2204 = PLANE('',#2205);
#2205 = AXIS2_PLACEMENT_3D('',#2206,#2207,#2208);
#2206 = CARTESIAN_POINT('',(-66.39025228426,-11.03459240568,5.8));
#2207 = DIRECTION('',(-0.443796518676,-0.896127585788,0.));
#2208 = DIRECTION('',(0.,0.,1.));
#2209 = ADVANCED_FACE('',(#2210),#2228,.F.);
#2210 = FACE_BOUND('',#2211,.F.);
#2211 = EDGE_LOOP('',(#2212,#2213,#2221,#2227));
#2212 = ORIENTED_EDGE('',*,*,#2191,.F.);
#2213 = ORIENTED_EDGE('',*,*,#2214,.T.);
#2214 = EDGE_CURVE('',#2184,#2215,#2217,.T.);
#2215 = VERTEX_POINT('',#2216);
#2216 = CARTESIAN_POINT('',(-82.3669269566,-43.29518549407,5.8));
#2217 = LINE('',#2218,#2219);
#2218 = CARTESIAN_POINT('',(-66.39025228426,-11.03459240568,5.8));
#2219 = VECTOR('',#2220,1.);
#2220 = DIRECTION('',(-0.443796518676,-0.896127585788,0.));
#2221 = ORIENTED_EDGE('',*,*,#2222,.T.);
#2222 = EDGE_CURVE('',#2215,#608,#2223,.T.);
#2223 = LINE('',#2224,#2225);
#2224 = CARTESIAN_POINT('',(-82.3669269566,-43.29518549407,5.8));
#2225 = VECTOR('',#2226,1.);
#2226 = DIRECTION('',(0.,0.,1.));
#2227 = ORIENTED_EDGE('',*,*,#607,.F.);
#2228 = PLANE('',#2229);
#2229 = AXIS2_PLACEMENT_3D('',#2230,#2231,#2232);
#2230 = CARTESIAN_POINT('',(-66.39025228426,-11.03459240568,5.8));
#2231 = DIRECTION('',(-0.896127585788,0.443796518676,0.));
#2232 = DIRECTION('',(0.,0.,1.));
#2233 = ADVANCED_FACE('',(#2234),#2261,.T.);
#2234 = FACE_BOUND('',#2235,.T.);
#2235 = EDGE_LOOP('',(#2236,#2246,#2252,#2253,#2254,#2255));
#2236 = ORIENTED_EDGE('',*,*,#2237,.F.);
#2237 = EDGE_CURVE('',#2238,#2240,#2242,.T.);
#2238 = VERTEX_POINT('',#2239);
#2239 = CARTESIAN_POINT('',(-94.91271315764,-37.0820342326,5.8));
#2240 = VERTEX_POINT('',#2241);
#2241 = CARTESIAN_POINT('',(-94.91271315764,-37.0820342326,8.));
#2242 = LINE('',#2243,#2244);
#2243 = CARTESIAN_POINT('',(-94.91271315764,-37.0820342326,5.8));
#2244 = VECTOR('',#2245,1.);
#2245 = DIRECTION('',(0.,0.,1.));
#2246 = ORIENTED_EDGE('',*,*,#2247,.F.);
#2247 = EDGE_CURVE('',#2215,#2238,#2248,.T.);
#2248 = LINE('',#2249,#2250);
#2249 = CARTESIAN_POINT('',(-82.3669269566,-43.29518549407,5.8));
#2250 = VECTOR('',#2251,1.);
#2251 = DIRECTION('',(-0.896127585788,0.443796518676,0.));
#2252 = ORIENTED_EDGE('',*,*,#2222,.T.);
#2253 = ORIENTED_EDGE('',*,*,#615,.F.);
#2254 = ORIENTED_EDGE('',*,*,#685,.T.);
#2255 = ORIENTED_EDGE('',*,*,#2256,.T.);
#2256 = EDGE_CURVE('',#678,#2240,#2257,.T.);
#2257 = LINE('',#2258,#2259);
#2258 = CARTESIAN_POINT('',(-82.3669269566,-43.29518549407,8.));
#2259 = VECTOR('',#2260,1.);
#2260 = DIRECTION('',(-0.896127585788,0.443796518676,0.));
#2261 = PLANE('',#2262);
#2262 = AXIS2_PLACEMENT_3D('',#2263,#2264,#2265);
#2263 = CARTESIAN_POINT('',(-82.3669269566,-43.29518549407,5.8));
#2264 = DIRECTION('',(-0.443796518676,-0.896127585788,0.));
#2265 = DIRECTION('',(0.,0.,1.));
#2266 = ADVANCED_FACE('',(#2267),#2278,.T.);
#2267 = FACE_BOUND('',#2268,.T.);
#2268 = EDGE_LOOP('',(#2269,#2270,#2271,#2272));
#2269 = ORIENTED_EDGE('',*,*,#2256,.F.);
#2270 = ORIENTED_EDGE('',*,*,#677,.T.);
#2271 = ORIENTED_EDGE('',*,*,#2199,.T.);
#2272 = ORIENTED_EDGE('',*,*,#2273,.T.);
#2273 = EDGE_CURVE('',#2176,#2240,#2274,.T.);
#2274 = LINE('',#2275,#2276);
#2275 = CARTESIAN_POINT('',(-78.9360384853,-4.821441144222,8.));
#2276 = VECTOR('',#2277,1.);
#2277 = DIRECTION('',(-0.443796518676,-0.896127585788,0.));
#2278 = PLANE('',#2279);
#2279 = AXIS2_PLACEMENT_3D('',#2280,#2281,#2282);
#2280 = CARTESIAN_POINT('',(-66.39025228426,-11.03459240568,8.));
#2281 = DIRECTION('',(0.,0.,1.));
#2282 = DIRECTION('',(-0.896127585788,0.443796518676,0.));
#2283 = ADVANCED_FACE('',(#2284),#2320,.T.);
#2284 = FACE_BOUND('',#2285,.T.);
#2285 = EDGE_LOOP('',(#2286,#2296,#2302,#2303,#2309,#2310,#2311,#2312,
    #2313,#2314));
#2286 = ORIENTED_EDGE('',*,*,#2287,.F.);
#2287 = EDGE_CURVE('',#2288,#2290,#2292,.T.);
#2288 = VERTEX_POINT('',#2289);
#2289 = CARTESIAN_POINT('',(-35.62149826251,-57.964367346,8.2));
#2290 = VERTEX_POINT('',#2291);
#2291 = CARTESIAN_POINT('',(-35.62149826251,-57.964367346,13.4));
#2292 = LINE('',#2293,#2294);
#2293 = CARTESIAN_POINT('',(-35.62149826251,-57.964367346,8.2));
#2294 = VECTOR('',#2295,1.);
#2295 = DIRECTION('',(0.,0.,1.));
#2296 = ORIENTED_EDGE('',*,*,#2297,.T.);
#2297 = EDGE_CURVE('',#2288,#698,#2298,.T.);
#2298 = LINE('',#2299,#2300);
#2299 = CARTESIAN_POINT('',(-35.62149826251,-57.964367346,8.2));
#2300 = VECTOR('',#2301,1.);
#2301 = DIRECTION('',(-0.896127585788,0.443796518676,0.));
#2302 = ORIENTED_EDGE('',*,*,#695,.F.);
#2303 = ORIENTED_EDGE('',*,*,#2304,.F.);
#2304 = EDGE_CURVE('',#799,#696,#2305,.T.);
#2305 = LINE('',#2306,#2307);
#2306 = CARTESIAN_POINT('',(-35.62149826251,-57.964367346,13.4));
#2307 = VECTOR('',#2308,1.);
#2308 = DIRECTION('',(-0.896127585788,0.443796518676,0.));
#2309 = ORIENTED_EDGE('',*,*,#798,.F.);
#2310 = ORIENTED_EDGE('',*,*,#774,.F.);
#2311 = ORIENTED_EDGE('',*,*,#743,.F.);
#2312 = ORIENTED_EDGE('',*,*,#862,.F.);
#2313 = ORIENTED_EDGE('',*,*,#848,.F.);
#2314 = ORIENTED_EDGE('',*,*,#2315,.F.);
#2315 = EDGE_CURVE('',#2290,#831,#2316,.T.);
#2316 = LINE('',#2317,#2318);
#2317 = CARTESIAN_POINT('',(-35.62149826251,-57.964367346,13.4));
#2318 = VECTOR('',#2319,1.);
#2319 = DIRECTION('',(-0.896127585788,0.443796518676,0.));
#2320 = PLANE('',#2321);
#2321 = AXIS2_PLACEMENT_3D('',#2322,#2323,#2324);
#2322 = CARTESIAN_POINT('',(-35.62149826251,-57.964367346,8.2));
#2323 = DIRECTION('',(0.443796518676,0.896127585788,0.));
#2324 = DIRECTION('',(0.,0.,1.));
#2325 = ADVANCED_FACE('',(#2326),#2344,.T.);
#2326 = FACE_BOUND('',#2327,.T.);
#2327 = EDGE_LOOP('',(#2328,#2336,#2342,#2343));
#2328 = ORIENTED_EDGE('',*,*,#2329,.F.);
#2329 = EDGE_CURVE('',#2330,#2288,#2332,.T.);
#2330 = VERTEX_POINT('',#2331);
#2331 = CARTESIAN_POINT('',(-26.39053067404,-39.3249135616,8.2));
#2332 = LINE('',#2333,#2334);
#2333 = CARTESIAN_POINT('',(-26.39053067404,-39.3249135616,8.2));
#2334 = VECTOR('',#2335,1.);
#2335 = DIRECTION('',(-0.443796518676,-0.896127585788,0.));
#2336 = ORIENTED_EDGE('',*,*,#2337,.T.);
#2337 = EDGE_CURVE('',#2330,#706,#2338,.T.);
#2338 = LINE('',#2339,#2340);
#2339 = CARTESIAN_POINT('',(-26.39053067404,-39.3249135616,8.2));
#2340 = VECTOR('',#2341,1.);
#2341 = DIRECTION('',(-0.896127585788,0.443796518676,0.));
#2342 = ORIENTED_EDGE('',*,*,#705,.F.);
#2343 = ORIENTED_EDGE('',*,*,#2297,.F.);
#2344 = PLANE('',#2345);
#2345 = AXIS2_PLACEMENT_3D('',#2346,#2347,#2348);
#2346 = CARTESIAN_POINT('',(-26.39053067404,-39.3249135616,8.2));
#2347 = DIRECTION('',(0.,0.,1.));
#2348 = DIRECTION('',(-0.443796518676,-0.896127585788,0.));
#2349 = ADVANCED_FACE('',(#2350),#2416,.T.);
#2350 = FACE_BOUND('',#2351,.T.);
#2351 = EDGE_LOOP('',(#2352,#2360,#2368,#2376,#2384,#2392,#2400,#2408,
    #2414,#2415));
#2352 = ORIENTED_EDGE('',*,*,#2353,.F.);
#2353 = EDGE_CURVE('',#2354,#2330,#2356,.T.);
#2354 = VERTEX_POINT('',#2355);
#2355 = CARTESIAN_POINT('',(-26.39053067404,-39.3249135616,13.4));
#2356 = LINE('',#2357,#2358);
#2357 = CARTESIAN_POINT('',(-26.39053067404,-39.3249135616,13.4));
#2358 = VECTOR('',#2359,1.);
#2359 = DIRECTION('',(0.,0.,-1.));
#2360 = ORIENTED_EDGE('',*,*,#2361,.T.);
#2361 = EDGE_CURVE('',#2354,#2362,#2364,.T.);
#2362 = VERTEX_POINT('',#2363);
#2363 = CARTESIAN_POINT('',(-46.37417583712,-29.42825119512,13.4));
#2364 = LINE('',#2365,#2366);
#2365 = CARTESIAN_POINT('',(-26.39053067404,-39.3249135616,13.4));
#2366 = VECTOR('',#2367,1.);
#2367 = DIRECTION('',(-0.896127585788,0.443796518676,0.));
#2368 = ORIENTED_EDGE('',*,*,#2369,.F.);
#2369 = EDGE_CURVE('',#2370,#2362,#2372,.T.);
#2370 = VERTEX_POINT('',#2371);
#2371 = CARTESIAN_POINT('',(-46.01572480281,-29.60576980259,13.));
#2372 = LINE('',#2373,#2374);
#2373 = CARTESIAN_POINT('',(-42.76726230432,-31.21453218279,9.375));
#2374 = VECTOR('',#2375,1.);
#2375 = DIRECTION('',(-0.633657892719,0.313811527823,0.707106781187));
#2376 = ORIENTED_EDGE('',*,*,#2377,.F.);
#2377 = EDGE_CURVE('',#2378,#2370,#2380,.T.);
#2378 = VERTEX_POINT('',#2379);
#2379 = CARTESIAN_POINT('',(-46.01572480281,-29.60576980259,9.));
#2380 = LINE('',#2381,#2382);
#2381 = CARTESIAN_POINT('',(-46.01572480281,-29.60576980259,13.2));
#2382 = VECTOR('',#2383,1.);
#2383 = DIRECTION('',(0.,0.,1.));
#2384 = ORIENTED_EDGE('',*,*,#2385,.F.);
#2385 = EDGE_CURVE('',#2386,#2378,#2388,.T.);
#2386 = VERTEX_POINT('',#2387);
#2387 = CARTESIAN_POINT('',(-52.28861790333,-26.49919417186,9.));
#2388 = LINE('',#2389,#2390);
#2389 = CARTESIAN_POINT('',(-36.20312773842,-34.4653416821,9.));
#2390 = VECTOR('',#2391,1.);
#2391 = DIRECTION('',(0.896127585788,-0.443796518676,0.));
#2392 = ORIENTED_EDGE('',*,*,#2393,.F.);
#2393 = EDGE_CURVE('',#2394,#2386,#2396,.T.);
#2394 = VERTEX_POINT('',#2395);
#2395 = CARTESIAN_POINT('',(-52.28861790333,-26.49919417186,13.));
#2396 = LINE('',#2397,#2398);
#2397 = CARTESIAN_POINT('',(-52.28861790333,-26.49919417186,11.2));
#2398 = VECTOR('',#2399,1.);
#2399 = DIRECTION('',(0.,0.,-1.));
#2400 = ORIENTED_EDGE('',*,*,#2401,.F.);
#2401 = EDGE_CURVE('',#2402,#2394,#2404,.T.);
#2402 = VERTEX_POINT('',#2403);
#2403 = CARTESIAN_POINT('',(-51.93016686901,-26.67671277933,13.4));
#2404 = LINE('',#2405,#2406);
#2405 = CARTESIAN_POINT('',(-45.72448333743,-29.75000367116,20.325));
#2406 = VECTOR('',#2407,1.);
#2407 = DIRECTION('',(-0.633657892719,0.313811527823,-0.707106781187));
#2408 = ORIENTED_EDGE('',*,*,#2409,.T.);
#2409 = EDGE_CURVE('',#2402,#714,#2410,.T.);
#2410 = LINE('',#2411,#2412);
#2411 = CARTESIAN_POINT('',(-26.39053067404,-39.3249135616,13.4));
#2412 = VECTOR('',#2413,1.);
#2413 = DIRECTION('',(-0.896127585788,0.443796518676,0.));
#2414 = ORIENTED_EDGE('',*,*,#713,.F.);
#2415 = ORIENTED_EDGE('',*,*,#2337,.F.);
#2416 = PLANE('',#2417);
#2417 = AXIS2_PLACEMENT_3D('',#2418,#2419,#2420);
#2418 = CARTESIAN_POINT('',(-26.39053067404,-39.3249135616,13.4));
#2419 = DIRECTION('',(-0.443796518676,-0.896127585788,0.));
#2420 = DIRECTION('',(0.,0.,-1.));
#2421 = ADVANCED_FACE('',(#2422),#2455,.T.);
#2422 = FACE_BOUND('',#2423,.T.);
#2423 = EDGE_LOOP('',(#2424,#2432,#2438,#2439,#2440,#2448,#2454));
#2424 = ORIENTED_EDGE('',*,*,#2425,.F.);
#2425 = EDGE_CURVE('',#2426,#2354,#2428,.T.);
#2426 = VERTEX_POINT('',#2427);
#2427 = CARTESIAN_POINT('',(-31.00601446827,-48.6446404538,23.4));
#2428 = LINE('',#2429,#2430);
#2429 = CARTESIAN_POINT('',(-31.00601446827,-48.6446404538,23.4));
#2430 = VECTOR('',#2431,1.);
#2431 = DIRECTION('',(0.31990320475,0.645958394207,-0.693108716252));
#2432 = ORIENTED_EDGE('',*,*,#2433,.T.);
#2433 = EDGE_CURVE('',#2426,#722,#2434,.T.);
#2434 = LINE('',#2435,#2436);
#2435 = CARTESIAN_POINT('',(-31.00601446827,-48.6446404538,23.4));
#2436 = VECTOR('',#2437,1.);
#2437 = DIRECTION('',(-0.896127585788,0.443796518676,0.));
#2438 = ORIENTED_EDGE('',*,*,#721,.F.);
#2439 = ORIENTED_EDGE('',*,*,#2409,.F.);
#2440 = ORIENTED_EDGE('',*,*,#2441,.F.);
#2441 = EDGE_CURVE('',#2442,#2402,#2444,.T.);
#2442 = VERTEX_POINT('',#2443);
#2443 = CARTESIAN_POINT('',(-50.58297132928,-30.94159732381,16.5));
#2444 = LINE('',#2445,#2446);
#2445 = CARTESIAN_POINT('',(-49.4331979477,-34.58149263233,
    19.145716510903));
#2446 = VECTOR('',#2447,1.);
#2447 = DIRECTION('',(-0.247560191374,0.78371372446,-0.569654939187));
#2448 = ORIENTED_EDGE('',*,*,#2449,.F.);
#2449 = EDGE_CURVE('',#2362,#2442,#2450,.T.);
#2450 = LINE('',#2451,#2452);
#2451 = CARTESIAN_POINT('',(-44.52640422559,-28.7638525518,
    12.039018691589));
#2452 = VECTOR('',#2453,1.);
#2453 = DIRECTION('',(-0.773406819399,-0.278091966744,0.569654939187));
#2454 = ORIENTED_EDGE('',*,*,#2361,.F.);
#2455 = PLANE('',#2456);
#2456 = AXIS2_PLACEMENT_3D('',#2457,#2458,#2459);
#2457 = CARTESIAN_POINT('',(-31.00601446827,-48.6446404538,23.4));
#2458 = DIRECTION('',(-0.307599235337,-0.621113840584,-0.720833064902));
#2459 = DIRECTION('',(0.31990320475,0.645958394207,-0.693108716252));
#2460 = ADVANCED_FACE('',(#2461),#2475,.T.);
#2461 = FACE_BOUND('',#2462,.T.);
#2462 = EDGE_LOOP('',(#2463,#2469,#2470,#2471,#2472,#2473,#2474));
#2463 = ORIENTED_EDGE('',*,*,#2464,.F.);
#2464 = EDGE_CURVE('',#2290,#2426,#2465,.T.);
#2465 = LINE('',#2466,#2467);
#2466 = CARTESIAN_POINT('',(-35.62149826251,-57.964367346,13.4));
#2467 = VECTOR('',#2468,1.);
#2468 = DIRECTION('',(0.31990320475,0.645958394207,0.693108716252));
#2469 = ORIENTED_EDGE('',*,*,#2315,.T.);
#2470 = ORIENTED_EDGE('',*,*,#830,.F.);
#2471 = ORIENTED_EDGE('',*,*,#816,.F.);
#2472 = ORIENTED_EDGE('',*,*,#2304,.T.);
#2473 = ORIENTED_EDGE('',*,*,#729,.F.);
#2474 = ORIENTED_EDGE('',*,*,#2433,.F.);
#2475 = PLANE('',#2476);
#2476 = AXIS2_PLACEMENT_3D('',#2477,#2478,#2479);
#2477 = CARTESIAN_POINT('',(-35.62149826251,-57.964367346,13.4));
#2478 = DIRECTION('',(0.307599235337,0.621113840584,-0.720833064902));
#2479 = DIRECTION('',(0.31990320475,0.645958394207,0.693108716252));
#2480 = ADVANCED_FACE('',(#2481),#2506,.F.);
#2481 = FACE_BOUND('',#2482,.F.);
#2482 = EDGE_LOOP('',(#2483,#2491,#2492,#2498,#2499,#2500));
#2483 = ORIENTED_EDGE('',*,*,#2484,.F.);
#2484 = EDGE_CURVE('',#1712,#2485,#2487,.T.);
#2485 = VERTEX_POINT('',#2486);
#2486 = CARTESIAN_POINT('',(94.912713157644,-37.0820342326,8.));
#2487 = LINE('',#2488,#2489);
#2488 = CARTESIAN_POINT('',(94.912713157644,-37.0820342326,5.8));
#2489 = VECTOR('',#2490,1.);
#2490 = DIRECTION('',(0.,0.,1.));
#2491 = ORIENTED_EDGE('',*,*,#1719,.F.);
#2492 = ORIENTED_EDGE('',*,*,#2493,.T.);
#2493 = EDGE_CURVE('',#1720,#898,#2494,.T.);
#2494 = LINE('',#2495,#2496);
#2495 = CARTESIAN_POINT('',(82.366926956607,-43.29518549407,5.8));
#2496 = VECTOR('',#2497,1.);
#2497 = DIRECTION('',(0.,0.,1.));
#2498 = ORIENTED_EDGE('',*,*,#897,.F.);
#2499 = ORIENTED_EDGE('',*,*,#1882,.T.);
#2500 = ORIENTED_EDGE('',*,*,#2501,.T.);
#2501 = EDGE_CURVE('',#1883,#2485,#2502,.T.);
#2502 = LINE('',#2503,#2504);
#2503 = CARTESIAN_POINT('',(82.366926956607,-43.29518549407,8.));
#2504 = VECTOR('',#2505,1.);
#2505 = DIRECTION('',(0.896127585788,0.443796518676,0.));
#2506 = PLANE('',#2507);
#2507 = AXIS2_PLACEMENT_3D('',#2508,#2509,#2510);
#2508 = CARTESIAN_POINT('',(82.366926956607,-43.29518549407,5.8));
#2509 = DIRECTION('',(-0.443796518676,0.896127585788,0.));
#2510 = DIRECTION('',(0.,0.,1.));
#2511 = ADVANCED_FACE('',(#2512),#2532,.F.);
#2512 = FACE_BOUND('',#2513,.F.);
#2513 = EDGE_LOOP('',(#2514,#2515,#2516,#2517,#2525,#2531));
#2514 = ORIENTED_EDGE('',*,*,#2493,.F.);
#2515 = ORIENTED_EDGE('',*,*,#1727,.F.);
#2516 = ORIENTED_EDGE('',*,*,#1152,.T.);
#2517 = ORIENTED_EDGE('',*,*,#2518,.T.);
#2518 = EDGE_CURVE('',#1145,#2519,#2521,.T.);
#2519 = VERTEX_POINT('',#2520);
#2520 = CARTESIAN_POINT('',(66.390252284265,-11.03459240568,5.8));
#2521 = LINE('',#2522,#2523);
#2522 = CARTESIAN_POINT('',(82.366926956607,-43.29518549407,5.8));
#2523 = VECTOR('',#2524,1.);
#2524 = DIRECTION('',(-0.443796518676,0.896127585788,0.));
#2525 = ORIENTED_EDGE('',*,*,#2526,.T.);
#2526 = EDGE_CURVE('',#2519,#906,#2527,.T.);
#2527 = LINE('',#2528,#2529);
#2528 = CARTESIAN_POINT('',(66.390252284265,-11.03459240568,5.8));
#2529 = VECTOR('',#2530,1.);
#2530 = DIRECTION('',(0.,0.,1.));
#2531 = ORIENTED_EDGE('',*,*,#905,.F.);
#2532 = PLANE('',#2533);
#2533 = AXIS2_PLACEMENT_3D('',#2534,#2535,#2536);
#2534 = CARTESIAN_POINT('',(82.366926956607,-43.29518549407,5.8));
#2535 = DIRECTION('',(0.896127585788,0.443796518676,0.));
#2536 = DIRECTION('',(0.,0.,1.));
#2537 = ADVANCED_FACE('',(#2538),#2565,.T.);
#2538 = FACE_BOUND('',#2539,.T.);
#2539 = EDGE_LOOP('',(#2540,#2550,#2556,#2557,#2558,#2559));
#2540 = ORIENTED_EDGE('',*,*,#2541,.F.);
#2541 = EDGE_CURVE('',#2542,#2544,#2546,.T.);
#2542 = VERTEX_POINT('',#2543);
#2543 = CARTESIAN_POINT('',(78.936038485303,-4.821441144222,5.8));
#2544 = VERTEX_POINT('',#2545);
#2545 = CARTESIAN_POINT('',(78.936038485303,-4.821441144222,8.));
#2546 = LINE('',#2547,#2548);
#2547 = CARTESIAN_POINT('',(78.936038485303,-4.821441144222,5.8));
#2548 = VECTOR('',#2549,1.);
#2549 = DIRECTION('',(0.,0.,1.));
#2550 = ORIENTED_EDGE('',*,*,#2551,.F.);
#2551 = EDGE_CURVE('',#2519,#2542,#2552,.T.);
#2552 = LINE('',#2553,#2554);
#2553 = CARTESIAN_POINT('',(66.390252284265,-11.03459240568,5.8));
#2554 = VECTOR('',#2555,1.);
#2555 = DIRECTION('',(0.896127585788,0.443796518676,0.));
#2556 = ORIENTED_EDGE('',*,*,#2526,.T.);
#2557 = ORIENTED_EDGE('',*,*,#913,.F.);
#2558 = ORIENTED_EDGE('',*,*,#1898,.T.);
#2559 = ORIENTED_EDGE('',*,*,#2560,.T.);
#2560 = EDGE_CURVE('',#1891,#2544,#2561,.T.);
#2561 = LINE('',#2562,#2563);
#2562 = CARTESIAN_POINT('',(66.390252284265,-11.03459240568,8.));
#2563 = VECTOR('',#2564,1.);
#2564 = DIRECTION('',(0.896127585788,0.443796518676,0.));
#2565 = PLANE('',#2566);
#2566 = AXIS2_PLACEMENT_3D('',#2567,#2568,#2569);
#2567 = CARTESIAN_POINT('',(66.390252284265,-11.03459240568,5.8));
#2568 = DIRECTION('',(-0.443796518676,0.896127585788,0.));
#2569 = DIRECTION('',(0.,0.,1.));
#2570 = ADVANCED_FACE('',(#2571),#2596,.F.);
#2571 = FACE_BOUND('',#2572,.F.);
#2572 = EDGE_LOOP('',(#2573,#2583,#2589,#2590));
#2573 = ORIENTED_EDGE('',*,*,#2574,.F.);
#2574 = EDGE_CURVE('',#2575,#2577,#2579,.T.);
#2575 = VERTEX_POINT('',#2576);
#2576 = CARTESIAN_POINT('',(46.015724802812,-29.60576980259,9.));
#2577 = VERTEX_POINT('',#2578);
#2578 = CARTESIAN_POINT('',(52.288617903331,-26.49919417186,9.));
#2579 = LINE('',#2580,#2581);
#2580 = CARTESIAN_POINT('',(36.203127738429,-34.4653416821,9.));
#2581 = VECTOR('',#2582,1.);
#2582 = DIRECTION('',(0.896127585788,0.443796518676,0.));
#2583 = ORIENTED_EDGE('',*,*,#2584,.T.);
#2584 = EDGE_CURVE('',#2575,#963,#2585,.T.);
#2585 = LINE('',#2586,#2587);
#2586 = CARTESIAN_POINT('',(60.838528526596,-59.53643116793,9.));
#2587 = VECTOR('',#2588,1.);
#2588 = DIRECTION('',(-0.443796518676,0.896127585788,0.));
#2589 = ORIENTED_EDGE('',*,*,#960,.F.);
#2590 = ORIENTED_EDGE('',*,*,#2591,.F.);
#2591 = EDGE_CURVE('',#2577,#961,#2592,.T.);
#2592 = LINE('',#2593,#2594);
#2593 = CARTESIAN_POINT('',(67.111421627114,-56.42985553719,9.));
#2594 = VECTOR('',#2595,1.);
#2595 = DIRECTION('',(-0.443796518676,0.896127585788,0.));
#2596 = PLANE('',#2597);
#2597 = AXIS2_PLACEMENT_3D('',#2598,#2599,#2600);
#2598 = CARTESIAN_POINT('',(60.838528526596,-59.53643116793,9.));
#2599 = DIRECTION('',(0.,0.,-1.));
#2600 = DIRECTION('',(0.896127585788,0.443796518676,0.));
#2601 = ADVANCED_FACE('',(#2602),#2620,.F.);
#2602 = FACE_BOUND('',#2603,.F.);
#2603 = EDGE_LOOP('',(#2604,#2612,#2613,#2614));
#2604 = ORIENTED_EDGE('',*,*,#2605,.F.);
#2605 = EDGE_CURVE('',#2577,#2606,#2608,.T.);
#2606 = VERTEX_POINT('',#2607);
#2607 = CARTESIAN_POINT('',(52.288617903331,-26.49919417186,13.));
#2608 = LINE('',#2609,#2610);
#2609 = CARTESIAN_POINT('',(52.288617903331,-26.49919417186,8.6));
#2610 = VECTOR('',#2611,1.);
#2611 = DIRECTION('',(0.,0.,1.));
#2612 = ORIENTED_EDGE('',*,*,#2591,.T.);
#2613 = ORIENTED_EDGE('',*,*,#970,.F.);
#2614 = ORIENTED_EDGE('',*,*,#2615,.F.);
#2615 = EDGE_CURVE('',#2606,#971,#2616,.T.);
#2616 = LINE('',#2617,#2618);
#2617 = CARTESIAN_POINT('',(67.111421627114,-56.42985553719,13.));
#2618 = VECTOR('',#2619,1.);
#2619 = DIRECTION('',(-0.443796518676,0.896127585788,0.));
#2620 = PLANE('',#2621);
#2621 = AXIS2_PLACEMENT_3D('',#2622,#2623,#2624);
#2622 = CARTESIAN_POINT('',(67.111421627114,-56.42985553719,9.));
#2623 = DIRECTION('',(0.896127585788,0.443796518676,0.));
#2624 = DIRECTION('',(0.,0.,1.));
#2625 = ADVANCED_FACE('',(#2626),#2652,.F.);
#2626 = FACE_BOUND('',#2627,.F.);
#2627 = EDGE_LOOP('',(#2628,#2636,#2637,#2638,#2646));
#2628 = ORIENTED_EDGE('',*,*,#2629,.F.);
#2629 = EDGE_CURVE('',#2606,#2630,#2632,.T.);
#2630 = VERTEX_POINT('',#2631);
#2631 = CARTESIAN_POINT('',(51.930166869015,-26.67671277933,13.4));
#2632 = LINE('',#2633,#2634);
#2633 = CARTESIAN_POINT('',(46.889449198956,-29.17306819688,19.025));
#2634 = VECTOR('',#2635,1.);
#2635 = DIRECTION('',(-0.633657892719,-0.313811527823,0.707106781187));
#2636 = ORIENTED_EDGE('',*,*,#2615,.T.);
#2637 = ORIENTED_EDGE('',*,*,#978,.F.);
#2638 = ORIENTED_EDGE('',*,*,#2639,.F.);
#2639 = EDGE_CURVE('',#2640,#979,#2642,.T.);
#2640 = VERTEX_POINT('',#2641);
#2641 = CARTESIAN_POINT('',(50.582971329283,-30.94159732381,16.5));
#2642 = LINE('',#2643,#2644);
#2643 = CARTESIAN_POINT('',(63.974975076855,-57.98314335256,16.5));
#2644 = VECTOR('',#2645,1.);
#2645 = DIRECTION('',(-0.443796518676,0.896127585788,0.));
#2646 = ORIENTED_EDGE('',*,*,#2647,.F.);
#2647 = EDGE_CURVE('',#2630,#2640,#2648,.T.);
#2648 = LINE('',#2649,#2650);
#2649 = CARTESIAN_POINT('',(47.527683203287,-40.6138763087,
    23.530451713396));
#2650 = VECTOR('',#2651,1.);
#2651 = DIRECTION('',(-0.247560191374,-0.78371372446,0.569654939187));
#2652 = PLANE('',#2653);
#2653 = AXIS2_PLACEMENT_3D('',#2654,#2655,#2656);
#2654 = CARTESIAN_POINT('',(67.111421627114,-56.42985553719,13.));
#2655 = DIRECTION('',(0.633657892719,0.313811527823,0.707106781187));
#2656 = DIRECTION('',(-0.633657892719,-0.313811527823,0.707106781186));
#2657 = ADVANCED_FACE('',(#2658),#2684,.F.);
#2658 = FACE_BOUND('',#2659,.F.);
#2659 = EDGE_LOOP('',(#2660,#2668,#2669,#2670,#2678));
#2660 = ORIENTED_EDGE('',*,*,#2661,.F.);
#2661 = EDGE_CURVE('',#2640,#2662,#2664,.T.);
#2662 = VERTEX_POINT('',#2663);
#2663 = CARTESIAN_POINT('',(46.374175837127,-29.42825119512,13.4));
#2664 = LINE('',#2665,#2666);
#2665 = CARTESIAN_POINT('',(50.479453823836,-30.9043757918,
    16.423753894081));
#2666 = VECTOR('',#2667,1.);
#2667 = DIRECTION('',(-0.773406819399,0.278091966744,-0.569654939187));
#2668 = ORIENTED_EDGE('',*,*,#2639,.T.);
#2669 = ORIENTED_EDGE('',*,*,#986,.F.);
#2670 = ORIENTED_EDGE('',*,*,#2671,.F.);
#2671 = EDGE_CURVE('',#2672,#987,#2674,.T.);
#2672 = VERTEX_POINT('',#2673);
#2673 = CARTESIAN_POINT('',(46.015724802812,-29.60576980259,13.));
#2674 = LINE('',#2675,#2676);
#2675 = CARTESIAN_POINT('',(60.838528526596,-59.53643116793,13.));
#2676 = VECTOR('',#2677,1.);
#2677 = DIRECTION('',(-0.443796518676,0.896127585788,0.));
#2678 = ORIENTED_EDGE('',*,*,#2679,.F.);
#2679 = EDGE_CURVE('',#2662,#2672,#2680,.T.);
#2680 = LINE('',#2681,#2682);
#2681 = CARTESIAN_POINT('',(41.602296442804,-31.79146765707,8.075));
#2682 = VECTOR('',#2683,1.);
#2683 = DIRECTION('',(-0.633657892719,-0.313811527823,-0.707106781187));
#2684 = PLANE('',#2685);
#2685 = AXIS2_PLACEMENT_3D('',#2686,#2687,#2688);
#2686 = CARTESIAN_POINT('',(63.974975076855,-57.98314335256,16.5));
#2687 = DIRECTION('',(-0.633657892719,-0.313811527823,0.707106781187));
#2688 = DIRECTION('',(-0.633657892719,-0.313811527823,-0.707106781186));
#2689 = ADVANCED_FACE('',(#2690),#2701,.F.);
#2690 = FACE_BOUND('',#2691,.F.);
#2691 = EDGE_LOOP('',(#2692,#2698,#2699,#2700));
#2692 = ORIENTED_EDGE('',*,*,#2693,.F.);
#2693 = EDGE_CURVE('',#2672,#2575,#2694,.T.);
#2694 = LINE('',#2695,#2696);
#2695 = CARTESIAN_POINT('',(46.015724802812,-29.60576980259,10.6));
#2696 = VECTOR('',#2697,1.);
#2697 = DIRECTION('',(0.,0.,-1.));
#2698 = ORIENTED_EDGE('',*,*,#2671,.T.);
#2699 = ORIENTED_EDGE('',*,*,#994,.F.);
#2700 = ORIENTED_EDGE('',*,*,#2584,.F.);
#2701 = PLANE('',#2702);
#2702 = AXIS2_PLACEMENT_3D('',#2703,#2704,#2705);
#2703 = CARTESIAN_POINT('',(60.838528526596,-59.53643116793,13.));
#2704 = DIRECTION('',(-0.896127585788,-0.443796518676,0.));
#2705 = DIRECTION('',(0.,0.,-1.));
#2706 = ADVANCED_FACE('',(#2707),#2718,.F.);
#2707 = FACE_BOUND('',#2708,.F.);
#2708 = EDGE_LOOP('',(#2709,#2710,#2711,#2712));
#2709 = ORIENTED_EDGE('',*,*,#1082,.F.);
#2710 = ORIENTED_EDGE('',*,*,#1018,.T.);
#2711 = ORIENTED_EDGE('',*,*,#1776,.T.);
#2712 = ORIENTED_EDGE('',*,*,#2713,.F.);
#2713 = EDGE_CURVE('',#1083,#1777,#2714,.T.);
#2714 = LINE('',#2715,#2716);
#2715 = CARTESIAN_POINT('',(4.,6.,10.));
#2716 = VECTOR('',#2717,1.);
#2717 = DIRECTION('',(-1.,1.110223024625E-16,0.));
#2718 = PLANE('',#2719);
#2719 = AXIS2_PLACEMENT_3D('',#2720,#2721,#2722);
#2720 = CARTESIAN_POINT('',(4.,6.,0.));
#2721 = DIRECTION('',(1.110223024625E-16,1.,0.));
#2722 = DIRECTION('',(0.,0.,1.));
#2723 = ADVANCED_FACE('',(#2724),#2730,.T.);
#2724 = FACE_BOUND('',#2725,.T.);
#2725 = EDGE_LOOP('',(#2726,#2727,#2728,#2729));
#2726 = ORIENTED_EDGE('',*,*,#2100,.F.);
#2727 = ORIENTED_EDGE('',*,*,#2140,.F.);
#2728 = ORIENTED_EDGE('',*,*,#1048,.T.);
#2729 = ORIENTED_EDGE('',*,*,#2157,.T.);
#2730 = CYLINDRICAL_SURFACE('',#2731,30.);
#2731 = AXIS2_PLACEMENT_3D('',#2732,#2733,#2734);
#2732 = CARTESIAN_POINT('',(0.,-64.,8.));
#2733 = DIRECTION('',(0.,0.,1.));
#2734 = DIRECTION('',(1.,0.,0.));
#2735 = ADVANCED_FACE('',(#2736),#2747,.T.);
#2736 = FACE_BOUND('',#2737,.T.);
#2737 = EDGE_LOOP('',(#2738,#2739,#2740,#2741));
#2738 = ORIENTED_EDGE('',*,*,#1784,.F.);
#2739 = ORIENTED_EDGE('',*,*,#2713,.F.);
#2740 = ORIENTED_EDGE('',*,*,#1090,.T.);
#2741 = ORIENTED_EDGE('',*,*,#2742,.T.);
#2742 = EDGE_CURVE('',#1091,#1785,#2743,.T.);
#2743 = LINE('',#2744,#2745);
#2744 = CARTESIAN_POINT('',(5.5,39.,10.));
#2745 = VECTOR('',#2746,1.);
#2746 = DIRECTION('',(-1.,1.110223024625E-16,0.));
#2747 = PLANE('',#2748);
#2748 = AXIS2_PLACEMENT_3D('',#2749,#2750,#2751);
#2749 = CARTESIAN_POINT('',(4.,6.,10.));
#2750 = DIRECTION('',(0.,0.,1.));
#2751 = DIRECTION('',(1.110223024625E-16,1.,0.));
#2752 = ADVANCED_FACE('',(#2753),#2796,.F.);
#2753 = FACE_BOUND('',#2754,.F.);
#2754 = EDGE_LOOP('',(#2755,#2765,#2773,#2779,#2780,#2781,#2782,#2790));
#2755 = ORIENTED_EDGE('',*,*,#2756,.F.);
#2756 = EDGE_CURVE('',#2757,#2759,#2761,.T.);
#2757 = VERTEX_POINT('',#2758);
#2758 = CARTESIAN_POINT('',(7.,39.,16.));
#2759 = VERTEX_POINT('',#2760);
#2760 = CARTESIAN_POINT('',(-7.,39.,16.));
#2761 = LINE('',#2762,#2763);
#2762 = CARTESIAN_POINT('',(7.,39.,16.));
#2763 = VECTOR('',#2764,1.);
#2764 = DIRECTION('',(-1.,1.110223024625E-16,0.));
#2765 = ORIENTED_EDGE('',*,*,#2766,.F.);
#2766 = EDGE_CURVE('',#2767,#2757,#2769,.T.);
#2767 = VERTEX_POINT('',#2768);
#2768 = CARTESIAN_POINT('',(7.,39.,0.));
#2769 = LINE('',#2770,#2771);
#2770 = CARTESIAN_POINT('',(7.,39.,0.));
#2771 = VECTOR('',#2772,1.);
#2772 = DIRECTION('',(0.,0.,1.));
#2773 = ORIENTED_EDGE('',*,*,#2774,.T.);
#2774 = EDGE_CURVE('',#2767,#1073,#2775,.T.);
#2775 = LINE('',#2776,#2777);
#2776 = CARTESIAN_POINT('',(7.,39.,0.));
#2777 = VECTOR('',#2778,1.);
#2778 = DIRECTION('',(-1.,1.110223024625E-16,0.));
#2779 = ORIENTED_EDGE('',*,*,#1098,.F.);
#2780 = ORIENTED_EDGE('',*,*,#2742,.T.);
#2781 = ORIENTED_EDGE('',*,*,#1792,.T.);
#2782 = ORIENTED_EDGE('',*,*,#2783,.T.);
#2783 = EDGE_CURVE('',#1767,#2784,#2786,.T.);
#2784 = VERTEX_POINT('',#2785);
#2785 = CARTESIAN_POINT('',(-7.,39.,0.));
#2786 = LINE('',#2787,#2788);
#2787 = CARTESIAN_POINT('',(7.,39.,0.));
#2788 = VECTOR('',#2789,1.);
#2789 = DIRECTION('',(-1.,1.110223024625E-16,0.));
#2790 = ORIENTED_EDGE('',*,*,#2791,.T.);
#2791 = EDGE_CURVE('',#2784,#2759,#2792,.T.);
#2792 = LINE('',#2793,#2794);
#2793 = CARTESIAN_POINT('',(-7.,39.,0.));
#2794 = VECTOR('',#2795,1.);
#2795 = DIRECTION('',(0.,0.,1.));
#2796 = PLANE('',#2797);
#2797 = AXIS2_PLACEMENT_3D('',#2798,#2799,#2800);
#2798 = CARTESIAN_POINT('',(7.,39.,0.));
#2799 = DIRECTION('',(1.110223024625E-16,1.,0.));
#2800 = DIRECTION('',(0.,0.,1.));
#2801 = ADVANCED_FACE('',(#2802),#2827,.F.);
#2802 = FACE_BOUND('',#2803,.F.);
#2803 = EDGE_LOOP('',(#2804,#2812,#2813,#2821));
#2804 = ORIENTED_EDGE('',*,*,#2805,.F.);
#2805 = EDGE_CURVE('',#2767,#2806,#2808,.T.);
#2806 = VERTEX_POINT('',#2807);
#2807 = CARTESIAN_POINT('',(7.,57.,0.));
#2808 = LINE('',#2809,#2810);
#2809 = CARTESIAN_POINT('',(7.,39.,0.));
#2810 = VECTOR('',#2811,1.);
#2811 = DIRECTION('',(1.110223024625E-16,1.,0.));
#2812 = ORIENTED_EDGE('',*,*,#2766,.T.);
#2813 = ORIENTED_EDGE('',*,*,#2814,.T.);
#2814 = EDGE_CURVE('',#2757,#2815,#2817,.T.);
#2815 = VERTEX_POINT('',#2816);
#2816 = CARTESIAN_POINT('',(7.,57.,16.));
#2817 = LINE('',#2818,#2819);
#2818 = CARTESIAN_POINT('',(7.,39.,16.));
#2819 = VECTOR('',#2820,1.);
#2820 = DIRECTION('',(1.110223024625E-16,1.,0.));
#2821 = ORIENTED_EDGE('',*,*,#2822,.F.);
#2822 = EDGE_CURVE('',#2806,#2815,#2823,.T.);
#2823 = LINE('',#2824,#2825);
#2824 = CARTESIAN_POINT('',(7.,57.,0.));
#2825 = VECTOR('',#2826,1.);
#2826 = DIRECTION('',(0.,0.,1.));
#2827 = PLANE('',#2828);
#2828 = AXIS2_PLACEMENT_3D('',#2829,#2830,#2831);
#2829 = CARTESIAN_POINT('',(7.,39.,0.));
#2830 = DIRECTION('',(-1.,1.110223024625E-16,0.));
#2831 = DIRECTION('',(0.,0.,1.));
#2832 = ADVANCED_FACE('',(#2833),#2858,.T.);
#2833 = FACE_BOUND('',#2834,.T.);
#2834 = EDGE_LOOP('',(#2835,#2836,#2844,#2852));
#2835 = ORIENTED_EDGE('',*,*,#2822,.F.);
#2836 = ORIENTED_EDGE('',*,*,#2837,.T.);
#2837 = EDGE_CURVE('',#2806,#2838,#2840,.T.);
#2838 = VERTEX_POINT('',#2839);
#2839 = CARTESIAN_POINT('',(-7.,57.,0.));
#2840 = LINE('',#2841,#2842);
#2841 = CARTESIAN_POINT('',(7.,57.,0.));
#2842 = VECTOR('',#2843,1.);
#2843 = DIRECTION('',(-1.,1.110223024625E-16,0.));
#2844 = ORIENTED_EDGE('',*,*,#2845,.T.);
#2845 = EDGE_CURVE('',#2838,#2846,#2848,.T.);
#2846 = VERTEX_POINT('',#2847);
#2847 = CARTESIAN_POINT('',(-7.,57.,16.));
#2848 = LINE('',#2849,#2850);
#2849 = CARTESIAN_POINT('',(-7.,57.,0.));
#2850 = VECTOR('',#2851,1.);
#2851 = DIRECTION('',(0.,0.,1.));
#2852 = ORIENTED_EDGE('',*,*,#2853,.F.);
#2853 = EDGE_CURVE('',#2815,#2846,#2854,.T.);
#2854 = LINE('',#2855,#2856);
#2855 = CARTESIAN_POINT('',(7.,57.,16.));
#2856 = VECTOR('',#2857,1.);
#2857 = DIRECTION('',(-1.,1.110223024625E-16,0.));
#2858 = PLANE('',#2859);
#2859 = AXIS2_PLACEMENT_3D('',#2860,#2861,#2862);
#2860 = CARTESIAN_POINT('',(7.,57.,0.));
#2861 = DIRECTION('',(1.110223024625E-16,1.,0.));
#2862 = DIRECTION('',(0.,0.,1.));
#2863 = ADVANCED_FACE('',(#2864),#2880,.T.);
#2864 = FACE_BOUND('',#2865,.T.);
#2865 = EDGE_LOOP('',(#2866,#2872,#2873,#2879));
#2866 = ORIENTED_EDGE('',*,*,#2867,.F.);
#2867 = EDGE_CURVE('',#2784,#2838,#2868,.T.);
#2868 = LINE('',#2869,#2870);
#2869 = CARTESIAN_POINT('',(-7.,39.,0.));
#2870 = VECTOR('',#2871,1.);
#2871 = DIRECTION('',(1.110223024625E-16,1.,0.));
#2872 = ORIENTED_EDGE('',*,*,#2791,.T.);
#2873 = ORIENTED_EDGE('',*,*,#2874,.T.);
#2874 = EDGE_CURVE('',#2759,#2846,#2875,.T.);
#2875 = LINE('',#2876,#2877);
#2876 = CARTESIAN_POINT('',(-7.,39.,16.));
#2877 = VECTOR('',#2878,1.);
#2878 = DIRECTION('',(1.110223024625E-16,1.,0.));
#2879 = ORIENTED_EDGE('',*,*,#2845,.F.);
#2880 = PLANE('',#2881);
#2881 = AXIS2_PLACEMENT_3D('',#2882,#2883,#2884);
#2882 = CARTESIAN_POINT('',(-7.,39.,0.));
#2883 = DIRECTION('',(-1.,1.110223024625E-16,0.));
#2884 = DIRECTION('',(0.,0.,1.));
#2885 = ADVANCED_FACE('',(#2886),#2905,.F.);
#2886 = FACE_BOUND('',#2887,.F.);
#2887 = EDGE_LOOP('',(#2888,#2889,#2897,#2904));
#2888 = ORIENTED_EDGE('',*,*,#2122,.F.);
#2889 = ORIENTED_EDGE('',*,*,#2890,.F.);
#2890 = EDGE_CURVE('',#2891,#2123,#2893,.T.);
#2891 = VERTEX_POINT('',#2892);
#2892 = CARTESIAN_POINT('',(15.3,-64.,0.));
#2893 = LINE('',#2894,#2895);
#2894 = CARTESIAN_POINT('',(15.3,-64.,-1.));
#2895 = VECTOR('',#2896,1.);
#2896 = DIRECTION('',(0.,0.,1.));
#2897 = ORIENTED_EDGE('',*,*,#2898,.T.);
#2898 = EDGE_CURVE('',#2891,#2891,#2899,.T.);
#2899 = CIRCLE('',#2900,15.3);
#2900 = AXIS2_PLACEMENT_3D('',#2901,#2902,#2903);
#2901 = CARTESIAN_POINT('',(0.,-64.,0.));
#2902 = DIRECTION('',(0.,0.,1.));
#2903 = DIRECTION('',(1.,0.,0.));
#2904 = ORIENTED_EDGE('',*,*,#2890,.T.);
#2905 = CYLINDRICAL_SURFACE('',#2906,15.3);
#2906 = AXIS2_PLACEMENT_3D('',#2907,#2908,#2909);
#2907 = CARTESIAN_POINT('',(0.,-64.,-1.));
#2908 = DIRECTION('',(0.,0.,1.));
#2909 = DIRECTION('',(1.,0.,0.));
#2910 = ADVANCED_FACE('',(#2911),#2922,.F.);
#2911 = FACE_BOUND('',#2912,.F.);
#2912 = EDGE_LOOP('',(#2913,#2914,#2915,#2921));
#2913 = ORIENTED_EDGE('',*,*,#2518,.F.);
#2914 = ORIENTED_EDGE('',*,*,#1144,.T.);
#2915 = ORIENTED_EDGE('',*,*,#2916,.T.);
#2916 = EDGE_CURVE('',#1137,#2542,#2917,.T.);
#2917 = LINE('',#2918,#2919);
#2918 = CARTESIAN_POINT('',(94.912713157644,-37.0820342326,5.8));
#2919 = VECTOR('',#2920,1.);
#2920 = DIRECTION('',(-0.443796518676,0.896127585788,0.));
#2921 = ORIENTED_EDGE('',*,*,#2551,.F.);
#2922 = PLANE('',#2923);
#2923 = AXIS2_PLACEMENT_3D('',#2924,#2925,#2926);
#2924 = CARTESIAN_POINT('',(82.366926956607,-43.29518549407,5.8));
#2925 = DIRECTION('',(0.,0.,1.));
#2926 = DIRECTION('',(0.896127585788,0.443796518676,0.));
#2927 = ADVANCED_FACE('',(#2928),#2941,.T.);
#2928 = FACE_BOUND('',#2929,.T.);
#2929 = EDGE_LOOP('',(#2930,#2931,#2932,#2933,#2934,#2935));
#2930 = ORIENTED_EDGE('',*,*,#2484,.F.);
#2931 = ORIENTED_EDGE('',*,*,#1711,.F.);
#2932 = ORIENTED_EDGE('',*,*,#1136,.T.);
#2933 = ORIENTED_EDGE('',*,*,#2916,.T.);
#2934 = ORIENTED_EDGE('',*,*,#2541,.T.);
#2935 = ORIENTED_EDGE('',*,*,#2936,.F.);
#2936 = EDGE_CURVE('',#2485,#2544,#2937,.T.);
#2937 = LINE('',#2938,#2939);
#2938 = CARTESIAN_POINT('',(94.912713157644,-37.0820342326,8.));
#2939 = VECTOR('',#2940,1.);
#2940 = DIRECTION('',(-0.443796518676,0.896127585788,0.));
#2941 = PLANE('',#2942);
#2942 = AXIS2_PLACEMENT_3D('',#2943,#2944,#2945);
#2943 = CARTESIAN_POINT('',(94.912713157644,-37.0820342326,5.8));
#2944 = DIRECTION('',(0.896127585788,0.443796518676,0.));
#2945 = DIRECTION('',(0.,0.,1.));
#2946 = ADVANCED_FACE('',(#2947),#2965,.F.);
#2947 = FACE_BOUND('',#2948,.F.);
#2948 = EDGE_LOOP('',(#2949,#2957,#2958,#2959));
#2949 = ORIENTED_EDGE('',*,*,#2950,.T.);
#2950 = EDGE_CURVE('',#2951,#1697,#2953,.T.);
#2951 = VERTEX_POINT('',#2952);
#2952 = CARTESIAN_POINT('',(89.579796948351,-19.55385305009,0.));
#2953 = LINE('',#2954,#2955);
#2954 = CARTESIAN_POINT('',(89.579796948351,-19.55385305009,0.));
#2955 = VECTOR('',#2956,1.);
#2956 = DIRECTION('',(0.,0.,1.));
#2957 = ORIENTED_EDGE('',*,*,#1704,.T.);
#2958 = ORIENTED_EDGE('',*,*,#1120,.F.);
#2959 = ORIENTED_EDGE('',*,*,#2960,.F.);
#2960 = EDGE_CURVE('',#2951,#1113,#2961,.T.);
#2961 = LINE('',#2962,#2963);
#2962 = CARTESIAN_POINT('',(89.579796948351,-19.55385305009,0.));
#2963 = VECTOR('',#2964,1.);
#2964 = DIRECTION('',(-0.44923237277,0.893414951328,0.));
#2965 = PLANE('',#2966);
#2966 = AXIS2_PLACEMENT_3D('',#2967,#2968,#2969);
#2967 = CARTESIAN_POINT('',(89.579796948351,-19.55385305009,0.));
#2968 = DIRECTION('',(-0.893414951328,-0.44923237277,0.));
#2969 = DIRECTION('',(-0.44923237277,0.893414951328,0.));
#2970 = ADVANCED_FACE('',(#2971),#2989,.F.);
#2971 = FACE_BOUND('',#2972,.F.);
#2972 = EDGE_LOOP('',(#2973,#2981,#2982,#2983));
#2973 = ORIENTED_EDGE('',*,*,#2974,.T.);
#2974 = EDGE_CURVE('',#2975,#1689,#2977,.T.);
#2975 = VERTEX_POINT('',#2976);
#2976 = CARTESIAN_POINT('',(90.048750847436,-20.51181228406,0.));
#2977 = LINE('',#2978,#2979);
#2978 = CARTESIAN_POINT('',(90.048750847436,-20.51181228406,0.));
#2979 = VECTOR('',#2980,1.);
#2980 = DIRECTION('',(0.,0.,1.));
#2981 = ORIENTED_EDGE('',*,*,#1696,.T.);
#2982 = ORIENTED_EDGE('',*,*,#2950,.F.);
#2983 = ORIENTED_EDGE('',*,*,#2984,.F.);
#2984 = EDGE_CURVE('',#2975,#2951,#2985,.T.);
#2985 = LINE('',#2986,#2987);
#2986 = CARTESIAN_POINT('',(90.048750847436,-20.51181228406,0.));
#2987 = VECTOR('',#2988,1.);
#2988 = DIRECTION('',(-0.439677925614,0.898155510882,0.));
#2989 = PLANE('',#2990);
#2990 = AXIS2_PLACEMENT_3D('',#2991,#2992,#2993);
#2991 = CARTESIAN_POINT('',(90.048750847436,-20.51181228406,0.));
#2992 = DIRECTION('',(-0.898155510882,-0.439677925614,0.));
#2993 = DIRECTION('',(-0.439677925614,0.898155510882,0.));
#2994 = ADVANCED_FACE('',(#2995),#3013,.F.);
#2995 = FACE_BOUND('',#2996,.F.);
#2996 = EDGE_LOOP('',(#2997,#3005,#3006,#3007));
#2997 = ORIENTED_EDGE('',*,*,#2998,.T.);
#2998 = EDGE_CURVE('',#2999,#1681,#3001,.T.);
#2999 = VERTEX_POINT('',#3000);
#3000 = CARTESIAN_POINT('',(90.507460767727,-21.47471875015,0.));
#3001 = LINE('',#3002,#3003);
#3002 = CARTESIAN_POINT('',(90.507460767727,-21.47471875015,0.));
#3003 = VECTOR('',#3004,1.);
#3004 = DIRECTION('',(0.,0.,1.));
#3005 = ORIENTED_EDGE('',*,*,#1688,.T.);
#3006 = ORIENTED_EDGE('',*,*,#2974,.F.);
#3007 = ORIENTED_EDGE('',*,*,#3008,.F.);
#3008 = EDGE_CURVE('',#2999,#2975,#3009,.T.);
#3009 = LINE('',#3010,#3011);
#3010 = CARTESIAN_POINT('',(90.507460767727,-21.47471875015,0.));
#3011 = VECTOR('',#3012,1.);
#3012 = DIRECTION('',(-0.430073460537,0.902793895937,0.));
#3013 = PLANE('',#3014);
#3014 = AXIS2_PLACEMENT_3D('',#3015,#3016,#3017);
#3015 = CARTESIAN_POINT('',(90.507460767727,-21.47471875015,0.));
#3016 = DIRECTION('',(-0.902793895937,-0.430073460537,0.));
#3017 = DIRECTION('',(-0.430073460537,0.902793895937,0.));
#3018 = ADVANCED_FACE('',(#3019),#3037,.F.);
#3019 = FACE_BOUND('',#3020,.F.);
#3020 = EDGE_LOOP('',(#3021,#3029,#3030,#3031));
#3021 = ORIENTED_EDGE('',*,*,#3022,.T.);
#3022 = EDGE_CURVE('',#3023,#1673,#3025,.T.);
#3023 = VERTEX_POINT('',#3024);
#3024 = CARTESIAN_POINT('',(90.955874526215,-22.44246290777,0.));
#3025 = LINE('',#3026,#3027);
#3026 = CARTESIAN_POINT('',(90.955874526215,-22.44246290777,0.));
#3027 = VECTOR('',#3028,1.);
#3028 = DIRECTION('',(0.,0.,1.));
#3029 = ORIENTED_EDGE('',*,*,#1680,.T.);
#3030 = ORIENTED_EDGE('',*,*,#2998,.F.);
#3031 = ORIENTED_EDGE('',*,*,#3032,.F.);
#3032 = EDGE_CURVE('',#3023,#2999,#3033,.T.);
#3033 = LINE('',#3034,#3035);
#3034 = CARTESIAN_POINT('',(90.955874526215,-22.44246290777,0.));
#3035 = VECTOR('',#3036,1.);
#3036 = DIRECTION('',(-0.420420070145,0.90732957883,0.));
#3037 = PLANE('',#3038);
#3038 = AXIS2_PLACEMENT_3D('',#3039,#3040,#3041);
#3039 = CARTESIAN_POINT('',(90.955874526215,-22.44246290777,0.));
#3040 = DIRECTION('',(-0.90732957883,-0.420420070145,0.));
#3041 = DIRECTION('',(-0.420420070145,0.90732957883,0.));
#3042 = ADVANCED_FACE('',(#3043),#3061,.F.);
#3043 = FACE_BOUND('',#3044,.F.);
#3044 = EDGE_LOOP('',(#3045,#3053,#3054,#3055));
#3045 = ORIENTED_EDGE('',*,*,#3046,.T.);
#3046 = EDGE_CURVE('',#3047,#1665,#3049,.T.);
#3047 = VERTEX_POINT('',#3048);
#3048 = CARTESIAN_POINT('',(91.393941111186,-23.414934666,0.));
#3049 = LINE('',#3050,#3051);
#3050 = CARTESIAN_POINT('',(91.393941111186,-23.414934666,0.));
#3051 = VECTOR('',#3052,1.);
#3052 = DIRECTION('',(0.,0.,1.));
#3053 = ORIENTED_EDGE('',*,*,#1672,.T.);
#3054 = ORIENTED_EDGE('',*,*,#3022,.F.);
#3055 = ORIENTED_EDGE('',*,*,#3056,.F.);
#3056 = EDGE_CURVE('',#3047,#3023,#3057,.T.);
#3057 = LINE('',#3058,#3059);
#3058 = CARTESIAN_POINT('',(91.393941111186,-23.414934666,0.));
#3059 = VECTOR('',#3060,1.);
#3060 = DIRECTION('',(-0.410718852613,0.911762043577,0.));
#3061 = PLANE('',#3062);
#3062 = AXIS2_PLACEMENT_3D('',#3063,#3064,#3065);
#3063 = CARTESIAN_POINT('',(91.393941111186,-23.414934666,0.));
#3064 = DIRECTION('',(-0.911762043577,-0.410718852613,0.));
#3065 = DIRECTION('',(-0.410718852613,0.911762043577,0.));
#3066 = ADVANCED_FACE('',(#3067),#3085,.F.);
#3067 = FACE_BOUND('',#3068,.F.);
#3068 = EDGE_LOOP('',(#3069,#3077,#3078,#3079));
#3069 = ORIENTED_EDGE('',*,*,#3070,.T.);
#3070 = EDGE_CURVE('',#3071,#1657,#3073,.T.);
#3071 = VERTEX_POINT('',#3072);
#3072 = CARTESIAN_POINT('',(91.821610688027,-24.39202339608,0.));
#3073 = LINE('',#3074,#3075);
#3074 = CARTESIAN_POINT('',(91.821610688027,-24.39202339608,0.));
#3075 = VECTOR('',#3076,1.);
#3076 = DIRECTION('',(0.,0.,1.));
#3077 = ORIENTED_EDGE('',*,*,#1664,.T.);
#3078 = ORIENTED_EDGE('',*,*,#3046,.F.);
#3079 = ORIENTED_EDGE('',*,*,#3080,.F.);
#3080 = EDGE_CURVE('',#3071,#3047,#3081,.T.);
#3081 = LINE('',#3082,#3083);
#3082 = CARTESIAN_POINT('',(91.821610688027,-24.39202339608,0.));
#3083 = VECTOR('',#3084,1.);
#3084 = DIRECTION('',(-0.400970911555,0.916090785942,0.));
#3085 = PLANE('',#3086);
#3086 = AXIS2_PLACEMENT_3D('',#3087,#3088,#3089);
#3087 = CARTESIAN_POINT('',(91.821610688027,-24.39202339608,0.));
#3088 = DIRECTION('',(-0.916090785942,-0.400970911555,0.));
#3089 = DIRECTION('',(-0.400970911555,0.916090785942,0.));
#3090 = ADVANCED_FACE('',(#3091),#3109,.F.);
#3091 = FACE_BOUND('',#3092,.F.);
#3092 = EDGE_LOOP('',(#3093,#3101,#3102,#3103));
#3093 = ORIENTED_EDGE('',*,*,#3094,.T.);
#3094 = EDGE_CURVE('',#3095,#1649,#3097,.T.);
#3095 = VERTEX_POINT('',#3096);
#3096 = CARTESIAN_POINT('',(92.23883460489,-25.37361794405,0.));
#3097 = LINE('',#3098,#3099);
#3098 = CARTESIAN_POINT('',(92.23883460489,-25.37361794405,0.));
#3099 = VECTOR('',#3100,1.);
#3100 = DIRECTION('',(0.,0.,1.));
#3101 = ORIENTED_EDGE('',*,*,#1656,.T.);
#3102 = ORIENTED_EDGE('',*,*,#3070,.F.);
#3103 = ORIENTED_EDGE('',*,*,#3104,.F.);
#3104 = EDGE_CURVE('',#3095,#3071,#3105,.T.);
#3105 = LINE('',#3106,#3107);
#3106 = CARTESIAN_POINT('',(92.23883460489,-25.37361794405,0.));
#3107 = VECTOR('',#3108,1.);
#3108 = DIRECTION('',(-0.391177355899,0.920315313483,0.));
#3109 = PLANE('',#3110);
#3110 = AXIS2_PLACEMENT_3D('',#3111,#3112,#3113);
#3111 = CARTESIAN_POINT('',(92.23883460489,-25.37361794405,0.));
#3112 = DIRECTION('',(-0.920315313483,-0.391177355899,0.));
#3113 = DIRECTION('',(-0.391177355899,0.920315313483,0.));
#3114 = ADVANCED_FACE('',(#3115),#3133,.F.);
#3115 = FACE_BOUND('',#3116,.F.);
#3116 = EDGE_LOOP('',(#3117,#3125,#3126,#3127));
#3117 = ORIENTED_EDGE('',*,*,#3118,.T.);
#3118 = EDGE_CURVE('',#3119,#1641,#3121,.T.);
#3119 = VERTEX_POINT('',#3120);
#3120 = CARTESIAN_POINT('',(92.64556539823,-26.35960664336,0.));
#3121 = LINE('',#3122,#3123);
#3122 = CARTESIAN_POINT('',(92.64556539823,-26.35960664336,0.));
#3123 = VECTOR('',#3124,1.);
#3124 = DIRECTION('',(0.,0.,1.));
#3125 = ORIENTED_EDGE('',*,*,#1648,.T.);
#3126 = ORIENTED_EDGE('',*,*,#3094,.F.);
#3127 = ORIENTED_EDGE('',*,*,#3128,.F.);
#3128 = EDGE_CURVE('',#3119,#3095,#3129,.T.);
#3129 = LINE('',#3130,#3131);
#3130 = CARTESIAN_POINT('',(92.64556539823,-26.35960664336,0.));
#3131 = VECTOR('',#3132,1.);
#3132 = DIRECTION('',(-0.381339299764,0.924435145619,0.));
#3133 = PLANE('',#3134);
#3134 = AXIS2_PLACEMENT_3D('',#3135,#3136,#3137);
#3135 = CARTESIAN_POINT('',(92.64556539823,-26.35960664336,0.));
#3136 = DIRECTION('',(-0.924435145619,-0.381339299764,0.));
#3137 = DIRECTION('',(-0.381339299764,0.924435145619,0.));
#3138 = ADVANCED_FACE('',(#3139),#3157,.F.);
#3139 = FACE_BOUND('',#3140,.F.);
#3140 = EDGE_LOOP('',(#3141,#3149,#3150,#3151));
#3141 = ORIENTED_EDGE('',*,*,#3142,.T.);
#3142 = EDGE_CURVE('',#3143,#1633,#3145,.T.);
#3143 = VERTEX_POINT('',#3144);
#3144 = CARTESIAN_POINT('',(93.041756798202,-27.34987732757,0.));
#3145 = LINE('',#3146,#3147);
#3146 = CARTESIAN_POINT('',(93.041756798202,-27.34987732757,0.));
#3147 = VECTOR('',#3148,1.);
#3148 = DIRECTION('',(0.,0.,1.));
#3149 = ORIENTED_EDGE('',*,*,#1640,.T.);
#3150 = ORIENTED_EDGE('',*,*,#3118,.F.);
#3151 = ORIENTED_EDGE('',*,*,#3152,.F.);
#3152 = EDGE_CURVE('',#3143,#3119,#3153,.T.);
#3153 = LINE('',#3154,#3155);
#3154 = CARTESIAN_POINT('',(93.041756798202,-27.34987732757,0.));
#3155 = VECTOR('',#3156,1.);
#3156 = DIRECTION('',(-0.371457862331,0.928449813675,0.));
#3157 = PLANE('',#3158);
#3158 = AXIS2_PLACEMENT_3D('',#3159,#3160,#3161);
#3159 = CARTESIAN_POINT('',(93.041756798202,-27.34987732757,0.));
#3160 = DIRECTION('',(-0.928449813675,-0.371457862331,0.));
#3161 = DIRECTION('',(-0.371457862331,0.928449813675,0.));
#3162 = ADVANCED_FACE('',(#3163),#3181,.F.);
#3163 = FACE_BOUND('',#3164,.F.);
#3164 = EDGE_LOOP('',(#3165,#3173,#3174,#3175));
#3165 = ORIENTED_EDGE('',*,*,#3166,.T.);
#3166 = EDGE_CURVE('',#3167,#1625,#3169,.T.);
#3167 = VERTEX_POINT('',#3168);
#3168 = CARTESIAN_POINT('',(93.42736373393,-28.34431734312,0.));
#3169 = LINE('',#3170,#3171);
#3170 = CARTESIAN_POINT('',(93.42736373393,-28.34431734312,0.));
#3171 = VECTOR('',#3172,1.);
#3172 = DIRECTION('',(0.,0.,1.));
#3173 = ORIENTED_EDGE('',*,*,#1632,.T.);
#3174 = ORIENTED_EDGE('',*,*,#3142,.F.);
#3175 = ORIENTED_EDGE('',*,*,#3176,.F.);
#3176 = EDGE_CURVE('',#3167,#3143,#3177,.T.);
#3177 = LINE('',#3178,#3179);
#3178 = CARTESIAN_POINT('',(93.42736373393,-28.34431734312,0.));
#3179 = VECTOR('',#3180,1.);
#3180 = DIRECTION('',(-0.361534167715,0.932358860941,0.));
#3181 = PLANE('',#3182);
#3182 = AXIS2_PLACEMENT_3D('',#3183,#3184,#3185);
#3183 = CARTESIAN_POINT('',(93.42736373393,-28.34431734312,0.));
#3184 = DIRECTION('',(-0.932358860941,-0.361534167715,0.));
#3185 = DIRECTION('',(-0.361534167715,0.932358860941,0.));
#3186 = ADVANCED_FACE('',(#3187),#3205,.F.);
#3187 = FACE_BOUND('',#3188,.F.);
#3188 = EDGE_LOOP('',(#3189,#3197,#3198,#3199));
#3189 = ORIENTED_EDGE('',*,*,#3190,.T.);
#3190 = EDGE_CURVE('',#3191,#1617,#3193,.T.);
#3191 = VERTEX_POINT('',#3192);
#3192 = CARTESIAN_POINT('',(93.802342338626,-29.34281356215,0.));
#3193 = LINE('',#3194,#3195);
#3194 = CARTESIAN_POINT('',(93.802342338626,-29.34281356215,0.));
#3195 = VECTOR('',#3196,1.);
#3196 = DIRECTION('',(0.,0.,1.));
#3197 = ORIENTED_EDGE('',*,*,#1624,.T.);
#3198 = ORIENTED_EDGE('',*,*,#3166,.F.);
#3199 = ORIENTED_EDGE('',*,*,#3200,.F.);
#3200 = EDGE_CURVE('',#3191,#3167,#3201,.T.);
#3201 = LINE('',#3202,#3203);
#3202 = CARTESIAN_POINT('',(93.802342338626,-29.34281356215,0.));
#3203 = VECTOR('',#3204,1.);
#3204 = DIRECTION('',(-0.351569344841,0.936161842722,0.));
#3205 = PLANE('',#3206);
#3206 = AXIS2_PLACEMENT_3D('',#3207,#3208,#3209);
#3207 = CARTESIAN_POINT('',(93.802342338626,-29.34281356215,0.));
#3208 = DIRECTION('',(-0.936161842722,-0.351569344841,0.));
#3209 = DIRECTION('',(-0.351569344841,0.936161842722,0.));
#3210 = ADVANCED_FACE('',(#3211),#3229,.F.);
#3211 = FACE_BOUND('',#3212,.F.);
#3212 = EDGE_LOOP('',(#3213,#3221,#3222,#3223));
#3213 = ORIENTED_EDGE('',*,*,#3214,.T.);
#3214 = EDGE_CURVE('',#3215,#1609,#3217,.T.);
#3215 = VERTEX_POINT('',#3216);
#3216 = CARTESIAN_POINT('',(94.166649954588,-30.34525239538,0.));
#3217 = LINE('',#3218,#3219);
#3218 = CARTESIAN_POINT('',(94.166649954588,-30.34525239538,0.));
#3219 = VECTOR('',#3220,1.);
#3220 = DIRECTION('',(0.,0.,1.));
#3221 = ORIENTED_EDGE('',*,*,#1616,.T.);
#3222 = ORIENTED_EDGE('',*,*,#3190,.F.);
#3223 = ORIENTED_EDGE('',*,*,#3224,.F.);
#3224 = EDGE_CURVE('',#3215,#3191,#3225,.T.);
#3225 = LINE('',#3226,#3227);
#3226 = CARTESIAN_POINT('',(94.166649954588,-30.34525239538,0.));
#3227 = VECTOR('',#3228,1.);
#3228 = DIRECTION('',(-0.34156452731,0.939858326389,0.));
#3229 = PLANE('',#3230);
#3230 = AXIS2_PLACEMENT_3D('',#3231,#3232,#3233);
#3231 = CARTESIAN_POINT('',(94.166649954588,-30.34525239538,0.));
#3232 = DIRECTION('',(-0.939858326389,-0.34156452731,0.));
#3233 = DIRECTION('',(-0.34156452731,0.939858326389,0.));
#3234 = ADVANCED_FACE('',(#3235),#3253,.F.);
#3235 = FACE_BOUND('',#3236,.F.);
#3236 = EDGE_LOOP('',(#3237,#3245,#3246,#3247));
#3237 = ORIENTED_EDGE('',*,*,#3238,.T.);
#3238 = EDGE_CURVE('',#3239,#1601,#3241,.T.);
#3239 = VERTEX_POINT('',#3240);
#3240 = CARTESIAN_POINT('',(94.520245138047,-31.35151980499,0.));
#3241 = LINE('',#3242,#3243);
#3242 = CARTESIAN_POINT('',(94.520245138047,-31.35151980499,0.));
#3243 = VECTOR('',#3244,1.);
#3244 = DIRECTION('',(0.,0.,1.));
#3245 = ORIENTED_EDGE('',*,*,#1608,.T.);
#3246 = ORIENTED_EDGE('',*,*,#3214,.F.);
#3247 = ORIENTED_EDGE('',*,*,#3248,.F.);
#3248 = EDGE_CURVE('',#3239,#3215,#3249,.T.);
#3249 = LINE('',#3250,#3251);
#3250 = CARTESIAN_POINT('',(94.520245138047,-31.35151980499,0.));
#3251 = VECTOR('',#3252,1.);
#3252 = DIRECTION('',(-0.331520853273,0.943447891431,0.));
#3253 = PLANE('',#3254);
#3254 = AXIS2_PLACEMENT_3D('',#3255,#3256,#3257);
#3255 = CARTESIAN_POINT('',(94.520245138047,-31.35151980499,0.));
#3256 = DIRECTION('',(-0.943447891431,-0.331520853273,0.));
#3257 = DIRECTION('',(-0.331520853273,0.943447891431,0.));
#3258 = ADVANCED_FACE('',(#3259),#3277,.F.);
#3259 = FACE_BOUND('',#3260,.F.);
#3260 = EDGE_LOOP('',(#3261,#3269,#3270,#3271));
#3261 = ORIENTED_EDGE('',*,*,#3262,.T.);
#3262 = EDGE_CURVE('',#3263,#1593,#3265,.T.);
#3263 = VERTEX_POINT('',#3264);
#3264 = CARTESIAN_POINT('',(94.863087663888,-32.36150131764,0.));
#3265 = LINE('',#3266,#3267);
#3266 = CARTESIAN_POINT('',(94.863087663888,-32.36150131764,0.));
#3267 = VECTOR('',#3268,1.);
#3268 = DIRECTION('',(0.,0.,1.));
#3269 = ORIENTED_EDGE('',*,*,#1600,.T.);
#3270 = ORIENTED_EDGE('',*,*,#3238,.F.);
#3271 = ORIENTED_EDGE('',*,*,#3272,.F.);
#3272 = EDGE_CURVE('',#3263,#3239,#3273,.T.);
#3273 = LINE('',#3274,#3275);
#3274 = CARTESIAN_POINT('',(94.863087663888,-32.36150131764,0.));
#3275 = VECTOR('',#3276,1.);
#3276 = DIRECTION('',(-0.321439465303,0.946930129495,0.));
#3277 = PLANE('',#3278);
#3278 = AXIS2_PLACEMENT_3D('',#3279,#3280,#3281);
#3279 = CARTESIAN_POINT('',(94.863087663888,-32.36150131764,0.));
#3280 = DIRECTION('',(-0.946930129495,-0.321439465303,0.));
#3281 = DIRECTION('',(-0.321439465303,0.946930129495,0.));
#3282 = ADVANCED_FACE('',(#3283),#3301,.F.);
#3283 = FACE_BOUND('',#3284,.F.);
#3284 = EDGE_LOOP('',(#3285,#3293,#3294,#3295));
#3285 = ORIENTED_EDGE('',*,*,#3286,.T.);
#3286 = EDGE_CURVE('',#3287,#1585,#3289,.T.);
#3287 = VERTEX_POINT('',#3288);
#3288 = CARTESIAN_POINT('',(95.195138530219,-33.37508203745,0.));
#3289 = LINE('',#3290,#3291);
#3290 = CARTESIAN_POINT('',(95.195138530219,-33.37508203745,0.));
#3291 = VECTOR('',#3292,1.);
#3292 = DIRECTION('',(0.,0.,1.));
#3293 = ORIENTED_EDGE('',*,*,#1592,.T.);
#3294 = ORIENTED_EDGE('',*,*,#3262,.F.);
#3295 = ORIENTED_EDGE('',*,*,#3296,.F.);
#3296 = EDGE_CURVE('',#3287,#3263,#3297,.T.);
#3297 = LINE('',#3298,#3299);
#3298 = CARTESIAN_POINT('',(95.195138530219,-33.37508203745,0.));
#3299 = VECTOR('',#3300,1.);
#3300 = DIRECTION('',(-0.311321510262,0.950304644442,0.));
#3301 = PLANE('',#3302);
#3302 = AXIS2_PLACEMENT_3D('',#3303,#3304,#3305);
#3303 = CARTESIAN_POINT('',(95.195138530219,-33.37508203745,0.));
#3304 = DIRECTION('',(-0.950304644442,-0.311321510262,0.));
#3305 = DIRECTION('',(-0.311321510262,0.950304644442,0.));
#3306 = ADVANCED_FACE('',(#3307),#3325,.F.);
#3307 = FACE_BOUND('',#3308,.F.);
#3308 = EDGE_LOOP('',(#3309,#3317,#3318,#3319));
#3309 = ORIENTED_EDGE('',*,*,#3310,.T.);
#3310 = EDGE_CURVE('',#3311,#1577,#3313,.T.);
#3311 = VERTEX_POINT('',#3312);
#3312 = CARTESIAN_POINT('',(95.516359962812,-34.39214665913,0.));
#3313 = LINE('',#3314,#3315);
#3314 = CARTESIAN_POINT('',(95.516359962812,-34.39214665913,0.));
#3315 = VECTOR('',#3316,1.);
#3316 = DIRECTION('',(0.,0.,1.));
#3317 = ORIENTED_EDGE('',*,*,#1584,.T.);
#3318 = ORIENTED_EDGE('',*,*,#3286,.F.);
#3319 = ORIENTED_EDGE('',*,*,#3320,.F.);
#3320 = EDGE_CURVE('',#3311,#3287,#3321,.T.);
#3321 = LINE('',#3322,#3323);
#3322 = CARTESIAN_POINT('',(95.516359962812,-34.39214665913,0.));
#3323 = VECTOR('',#3324,1.);
#3324 = DIRECTION('',(-0.301168139172,0.953571052385,0.));
#3325 = PLANE('',#3326);
#3326 = AXIS2_PLACEMENT_3D('',#3327,#3328,#3329);
#3327 = CARTESIAN_POINT('',(95.516359962812,-34.39214665913,0.));
#3328 = DIRECTION('',(-0.953571052385,-0.301168139172,0.));
#3329 = DIRECTION('',(-0.301168139172,0.953571052385,0.));
#3330 = ADVANCED_FACE('',(#3331),#3349,.F.);
#3331 = FACE_BOUND('',#3332,.F.);
#3332 = EDGE_LOOP('',(#3333,#3341,#3342,#3343));
#3333 = ORIENTED_EDGE('',*,*,#3334,.T.);
#3334 = EDGE_CURVE('',#3335,#1569,#3337,.T.);
#3335 = VERTEX_POINT('',#3336);
#3336 = CARTESIAN_POINT('',(95.8267154194,-35.41257948101,0.));
#3337 = LINE('',#3338,#3339);
#3338 = CARTESIAN_POINT('',(95.8267154194,-35.41257948101,0.));
#3339 = VECTOR('',#3340,1.);
#3340 = DIRECTION('',(0.,0.,1.));
#3341 = ORIENTED_EDGE('',*,*,#1576,.T.);
#3342 = ORIENTED_EDGE('',*,*,#3310,.F.);
#3343 = ORIENTED_EDGE('',*,*,#3344,.F.);
#3344 = EDGE_CURVE('',#3335,#3311,#3345,.T.);
#3345 = LINE('',#3346,#3347);
#3346 = CARTESIAN_POINT('',(95.8267154194,-35.41257948101,0.));
#3347 = VECTOR('',#3348,1.);
#3348 = DIRECTION('',(-0.290980507085,0.956728981738,0.));
#3349 = PLANE('',#3350);
#3350 = AXIS2_PLACEMENT_3D('',#3351,#3352,#3353);
#3351 = CARTESIAN_POINT('',(95.8267154194,-35.41257948101,0.));
#3352 = DIRECTION('',(-0.956728981738,-0.290980507085,0.));
#3353 = DIRECTION('',(-0.290980507085,0.956728981738,0.));
#3354 = ADVANCED_FACE('',(#3355),#3373,.F.);
#3355 = FACE_BOUND('',#3356,.F.);
#3356 = EDGE_LOOP('',(#3357,#3365,#3366,#3367));
#3357 = ORIENTED_EDGE('',*,*,#3358,.T.);
#3358 = EDGE_CURVE('',#3359,#1561,#3361,.T.);
#3359 = VERTEX_POINT('',#3360);
#3360 = CARTESIAN_POINT('',(96.126169593832,-36.4362644183,0.));
#3361 = LINE('',#3362,#3363);
#3362 = CARTESIAN_POINT('',(96.126169593832,-36.4362644183,0.));
#3363 = VECTOR('',#3364,1.);
#3364 = DIRECTION('',(0.,0.,1.));
#3365 = ORIENTED_EDGE('',*,*,#1568,.T.);
#3366 = ORIENTED_EDGE('',*,*,#3334,.F.);
#3367 = ORIENTED_EDGE('',*,*,#3368,.F.);
#3368 = EDGE_CURVE('',#3359,#3335,#3369,.T.);
#3369 = LINE('',#3370,#3371);
#3370 = CARTESIAN_POINT('',(96.126169593832,-36.4362644183,0.));
#3371 = VECTOR('',#3372,1.);
#3372 = DIRECTION('',(-0.280759772949,0.959778073251,0.));
#3373 = PLANE('',#3374);
#3374 = AXIS2_PLACEMENT_3D('',#3375,#3376,#3377);
#3375 = CARTESIAN_POINT('',(96.126169593832,-36.4362644183,0.));
#3376 = DIRECTION('',(-0.959778073251,-0.280759772949,0.));
#3377 = DIRECTION('',(-0.280759772949,0.959778073251,0.));
#3378 = ADVANCED_FACE('',(#3379),#3397,.F.);
#3379 = FACE_BOUND('',#3380,.F.);
#3380 = EDGE_LOOP('',(#3381,#3389,#3390,#3391));
#3381 = ORIENTED_EDGE('',*,*,#3382,.T.);
#3382 = EDGE_CURVE('',#3383,#1553,#3385,.T.);
#3383 = VERTEX_POINT('',#3384);
#3384 = CARTESIAN_POINT('',(96.414688420092,-37.46308501621,0.));
#3385 = LINE('',#3386,#3387);
#3386 = CARTESIAN_POINT('',(96.414688420092,-37.46308501621,0.));
#3387 = VECTOR('',#3388,1.);
#3388 = DIRECTION('',(0.,0.,1.));
#3389 = ORIENTED_EDGE('',*,*,#1560,.T.);
#3390 = ORIENTED_EDGE('',*,*,#3358,.F.);
#3391 = ORIENTED_EDGE('',*,*,#3392,.F.);
#3392 = EDGE_CURVE('',#3383,#3359,#3393,.T.);
#3393 = LINE('',#3394,#3395);
#3394 = CARTESIAN_POINT('',(96.414688420092,-37.46308501621,0.));
#3395 = VECTOR('',#3396,1.);
#3396 = DIRECTION('',(-0.270507099478,0.962717980061,0.));
#3397 = PLANE('',#3398);
#3398 = AXIS2_PLACEMENT_3D('',#3399,#3400,#3401);
#3399 = CARTESIAN_POINT('',(96.414688420092,-37.46308501621,0.));
#3400 = DIRECTION('',(-0.962717980061,-0.270507099478,0.));
#3401 = DIRECTION('',(-0.270507099478,0.962717980061,0.));
#3402 = ADVANCED_FACE('',(#3403),#3421,.F.);
#3403 = FACE_BOUND('',#3404,.F.);
#3404 = EDGE_LOOP('',(#3405,#3413,#3414,#3415));
#3405 = ORIENTED_EDGE('',*,*,#3406,.T.);
#3406 = EDGE_CURVE('',#3407,#1545,#3409,.T.);
#3407 = VERTEX_POINT('',#3408);
#3408 = CARTESIAN_POINT('',(96.692239076173,-38.49292446327,0.));
#3409 = LINE('',#3410,#3411);
#3410 = CARTESIAN_POINT('',(96.692239076173,-38.49292446327,0.));
#3411 = VECTOR('',#3412,1.);
#3412 = DIRECTION('',(0.,0.,1.));
#3413 = ORIENTED_EDGE('',*,*,#1552,.T.);
#3414 = ORIENTED_EDGE('',*,*,#3382,.F.);
#3415 = ORIENTED_EDGE('',*,*,#3416,.F.);
#3416 = EDGE_CURVE('',#3407,#3383,#3417,.T.);
#3417 = LINE('',#3418,#3419);
#3418 = CARTESIAN_POINT('',(96.692239076173,-38.49292446327,0.));
#3419 = VECTOR('',#3420,1.);
#3420 = DIRECTION('',(-0.260223653021,0.965548367721,0.));
#3421 = PLANE('',#3422);
#3422 = AXIS2_PLACEMENT_3D('',#3423,#3424,#3425);
#3423 = CARTESIAN_POINT('',(96.692239076173,-38.49292446327,0.));
#3424 = DIRECTION('',(-0.965548367721,-0.260223653021,0.));
#3425 = DIRECTION('',(-0.260223653021,0.965548367721,0.));
#3426 = ADVANCED_FACE('',(#3427),#3445,.F.);
#3427 = FACE_BOUND('',#3428,.F.);
#3428 = EDGE_LOOP('',(#3429,#3437,#3438,#3439));
#3429 = ORIENTED_EDGE('',*,*,#3430,.T.);
#3430 = EDGE_CURVE('',#3431,#1537,#3433,.T.);
#3431 = VERTEX_POINT('',#3432);
#3432 = CARTESIAN_POINT('',(96.958789987812,-39.52566560456,0.));
#3433 = LINE('',#3434,#3435);
#3434 = CARTESIAN_POINT('',(96.958789987812,-39.52566560456,0.));
#3435 = VECTOR('',#3436,1.);
#3436 = DIRECTION('',(0.,0.,1.));
#3437 = ORIENTED_EDGE('',*,*,#1544,.T.);
#3438 = ORIENTED_EDGE('',*,*,#3406,.F.);
#3439 = ORIENTED_EDGE('',*,*,#3440,.F.);
#3440 = EDGE_CURVE('',#3431,#3407,#3441,.T.);
#3441 = LINE('',#3442,#3443);
#3442 = CARTESIAN_POINT('',(96.958789987812,-39.52566560456,0.));
#3443 = VECTOR('',#3444,1.);
#3444 = DIRECTION('',(-0.249910603426,0.968268914246,0.));
#3445 = PLANE('',#3446);
#3446 = AXIS2_PLACEMENT_3D('',#3447,#3448,#3449);
#3447 = CARTESIAN_POINT('',(96.958789987812,-39.52566560456,0.));
#3448 = DIRECTION('',(-0.968268914246,-0.249910603426,0.));
#3449 = DIRECTION('',(-0.249910603426,0.968268914246,0.));
#3450 = ADVANCED_FACE('',(#3451),#3469,.F.);
#3451 = FACE_BOUND('',#3452,.F.);
#3452 = EDGE_LOOP('',(#3453,#3461,#3462,#3463));
#3453 = ORIENTED_EDGE('',*,*,#3454,.T.);
#3454 = EDGE_CURVE('',#3455,#1529,#3457,.T.);
#3455 = VERTEX_POINT('',#3456);
#3456 = CARTESIAN_POINT('',(97.214310832078,-40.56119095508,0.));
#3457 = LINE('',#3458,#3459);
#3458 = CARTESIAN_POINT('',(97.214310832078,-40.56119095508,0.));
#3459 = VECTOR('',#3460,1.);
#3460 = DIRECTION('',(0.,0.,1.));
#3461 = ORIENTED_EDGE('',*,*,#1536,.T.);
#3462 = ORIENTED_EDGE('',*,*,#3430,.F.);
#3463 = ORIENTED_EDGE('',*,*,#3464,.F.);
#3464 = EDGE_CURVE('',#3455,#3431,#3465,.T.);
#3465 = LINE('',#3466,#3467);
#3466 = CARTESIAN_POINT('',(97.214310832078,-40.56119095508,0.));
#3467 = VECTOR('',#3468,1.);
#3468 = DIRECTION('',(-0.23956912391,0.970879310146,0.));
#3469 = PLANE('',#3470);
#3470 = AXIS2_PLACEMENT_3D('',#3471,#3472,#3473);
#3471 = CARTESIAN_POINT('',(97.214310832078,-40.56119095508,0.));
#3472 = DIRECTION('',(-0.970879310146,-0.23956912391,0.));
#3473 = DIRECTION('',(-0.23956912391,0.970879310146,0.));
#3474 = ADVANCED_FACE('',(#3475),#3493,.F.);
#3475 = FACE_BOUND('',#3476,.F.);
#3476 = EDGE_LOOP('',(#3477,#3485,#3486,#3487));
#3477 = ORIENTED_EDGE('',*,*,#3478,.T.);
#3478 = EDGE_CURVE('',#3479,#1521,#3481,.T.);
#3479 = VERTEX_POINT('',#3480);
#3480 = CARTESIAN_POINT('',(97.458772540827,-41.59938271307,0.));
#3481 = LINE('',#3482,#3483);
#3482 = CARTESIAN_POINT('',(97.458772540827,-41.59938271307,0.));
#3483 = VECTOR('',#3484,1.);
#3484 = DIRECTION('',(0.,0.,1.));
#3485 = ORIENTED_EDGE('',*,*,#1528,.T.);
#3486 = ORIENTED_EDGE('',*,*,#3454,.F.);
#3487 = ORIENTED_EDGE('',*,*,#3488,.F.);
#3488 = EDGE_CURVE('',#3479,#3455,#3489,.T.);
#3489 = LINE('',#3490,#3491);
#3490 = CARTESIAN_POINT('',(97.458772540827,-41.59938271307,0.));
#3491 = VECTOR('',#3492,1.);
#3492 = DIRECTION('',(-0.229200390922,0.973379258461,0.));
#3493 = PLANE('',#3494);
#3494 = AXIS2_PLACEMENT_3D('',#3495,#3496,#3497);
#3495 = CARTESIAN_POINT('',(97.458772540827,-41.59938271307,0.));
#3496 = DIRECTION('',(-0.973379258461,-0.229200390922,0.));
#3497 = DIRECTION('',(-0.229200390922,0.973379258461,0.));
#3498 = ADVANCED_FACE('',(#3499),#3517,.F.);
#3499 = FACE_BOUND('',#3500,.F.);
#3500 = EDGE_LOOP('',(#3501,#3509,#3510,#3511));
#3501 = ORIENTED_EDGE('',*,*,#3502,.T.);
#3502 = EDGE_CURVE('',#3503,#1513,#3505,.T.);
#3503 = VERTEX_POINT('',#3504);
#3504 = CARTESIAN_POINT('',(97.692147304007,-42.64012277347,0.));
#3505 = LINE('',#3506,#3507);
#3506 = CARTESIAN_POINT('',(97.692147304007,-42.64012277347,0.));
#3507 = VECTOR('',#3508,1.);
#3508 = DIRECTION('',(0.,0.,1.));
#3509 = ORIENTED_EDGE('',*,*,#1520,.T.);
#3510 = ORIENTED_EDGE('',*,*,#3478,.F.);
#3511 = ORIENTED_EDGE('',*,*,#3512,.F.);
#3512 = EDGE_CURVE('',#3503,#3479,#3513,.T.);
#3513 = LINE('',#3514,#3515);
#3514 = CARTESIAN_POINT('',(97.692147304007,-42.64012277347,0.));
#3515 = VECTOR('',#3516,1.);
#3516 = DIRECTION('',(-0.218805584015,0.975768474795,0.));
#3517 = PLANE('',#3518);
#3518 = AXIS2_PLACEMENT_3D('',#3519,#3520,#3521);
#3519 = CARTESIAN_POINT('',(97.692147304007,-42.64012277347,0.));
#3520 = DIRECTION('',(-0.975768474795,-0.218805584015,0.));
#3521 = DIRECTION('',(-0.218805584015,0.975768474795,0.));
#3522 = ADVANCED_FACE('',(#3523),#3541,.F.);
#3523 = FACE_BOUND('',#3524,.F.);
#3524 = EDGE_LOOP('',(#3525,#3533,#3534,#3535));
#3525 = ORIENTED_EDGE('',*,*,#3526,.T.);
#3526 = EDGE_CURVE('',#3527,#1505,#3529,.T.);
#3527 = VERTEX_POINT('',#3528);
#3528 = CARTESIAN_POINT('',(97.914408572818,-43.68329274131,0.));
#3529 = LINE('',#3530,#3531);
#3530 = CARTESIAN_POINT('',(97.914408572818,-43.68329274131,0.));
#3531 = VECTOR('',#3532,1.);
#3532 = DIRECTION('',(0.,0.,1.));
#3533 = ORIENTED_EDGE('',*,*,#1512,.T.);
#3534 = ORIENTED_EDGE('',*,*,#3502,.F.);
#3535 = ORIENTED_EDGE('',*,*,#3536,.F.);
#3536 = EDGE_CURVE('',#3527,#3503,#3537,.T.);
#3537 = LINE('',#3538,#3539);
#3538 = CARTESIAN_POINT('',(97.914408572818,-43.68329274131,0.));
#3539 = VECTOR('',#3540,1.);
#3540 = DIRECTION('',(-0.208385885704,0.978046687352,0.));
#3541 = PLANE('',#3542);
#3542 = AXIS2_PLACEMENT_3D('',#3543,#3544,#3545);
#3543 = CARTESIAN_POINT('',(97.914408572818,-43.68329274131,0.));
#3544 = DIRECTION('',(-0.978046687352,-0.208385885704,0.));
#3545 = DIRECTION('',(-0.208385885704,0.978046687352,0.));
#3546 = ADVANCED_FACE('',(#3547),#3565,.F.);
#3547 = FACE_BOUND('',#3548,.F.);
#3548 = EDGE_LOOP('',(#3549,#3557,#3558,#3559));
#3549 = ORIENTED_EDGE('',*,*,#3550,.T.);
#3550 = EDGE_CURVE('',#3551,#1497,#3553,.T.);
#3551 = VERTEX_POINT('',#3552);
#3552 = CARTESIAN_POINT('',(98.125531062738,-44.72877394519,0.));
#3553 = LINE('',#3554,#3555);
#3554 = CARTESIAN_POINT('',(98.125531062738,-44.72877394519,0.));
#3555 = VECTOR('',#3556,1.);
#3556 = DIRECTION('',(0.,0.,1.));
#3557 = ORIENTED_EDGE('',*,*,#1504,.T.);
#3558 = ORIENTED_EDGE('',*,*,#3526,.F.);
#3559 = ORIENTED_EDGE('',*,*,#3560,.F.);
#3560 = EDGE_CURVE('',#3551,#3527,#3561,.T.);
#3561 = LINE('',#3562,#3563);
#3562 = CARTESIAN_POINT('',(98.125531062738,-44.72877394519,0.));
#3563 = VECTOR('',#3564,1.);
#3564 = DIRECTION('',(-0.197942481339,0.98021363696,0.));
#3565 = PLANE('',#3566);
#3566 = AXIS2_PLACEMENT_3D('',#3567,#3568,#3569);
#3567 = CARTESIAN_POINT('',(98.125531062738,-44.72877394519,0.));
#3568 = DIRECTION('',(-0.98021363696,-0.197942481339,0.));
#3569 = DIRECTION('',(-0.197942481339,0.98021363696,0.));
#3570 = ADVANCED_FACE('',(#3571),#3589,.F.);
#3571 = FACE_BOUND('',#3572,.F.);
#3572 = EDGE_LOOP('',(#3573,#3581,#3582,#3583));
#3573 = ORIENTED_EDGE('',*,*,#3574,.T.);
#3574 = EDGE_CURVE('',#3575,#1489,#3577,.T.);
#3575 = VERTEX_POINT('',#3576);
#3576 = CARTESIAN_POINT('',(98.325490756395,-45.77644745078,0.));
#3577 = LINE('',#3578,#3579);
#3578 = CARTESIAN_POINT('',(98.325490756395,-45.77644745078,0.));
#3579 = VECTOR('',#3580,1.);
#3580 = DIRECTION('',(0.,0.,1.));
#3581 = ORIENTED_EDGE('',*,*,#1496,.T.);
#3582 = ORIENTED_EDGE('',*,*,#3550,.F.);
#3583 = ORIENTED_EDGE('',*,*,#3584,.F.);
#3584 = EDGE_CURVE('',#3575,#3551,#3585,.T.);
#3585 = LINE('',#3586,#3587);
#3586 = CARTESIAN_POINT('',(98.325490756395,-45.77644745078,0.));
#3587 = VECTOR('',#3588,1.);
#3588 = DIRECTION('',(-0.187476558964,0.982269077106,0.));
#3589 = PLANE('',#3590);
#3590 = AXIS2_PLACEMENT_3D('',#3591,#3592,#3593);
#3591 = CARTESIAN_POINT('',(98.325490756395,-45.77644745078,0.));
#3592 = DIRECTION('',(-0.982269077106,-0.187476558964,0.));
#3593 = DIRECTION('',(-0.187476558964,0.982269077106,0.));
#3594 = ADVANCED_FACE('',(#3595),#3613,.F.);
#3595 = FACE_BOUND('',#3596,.F.);
#3596 = EDGE_LOOP('',(#3597,#3605,#3606,#3607));
#3597 = ORIENTED_EDGE('',*,*,#3598,.T.);
#3598 = EDGE_CURVE('',#3599,#1481,#3601,.T.);
#3599 = VERTEX_POINT('',#3600);
#3600 = CARTESIAN_POINT('',(98.514264906302,-46.82619407437,0.));
#3601 = LINE('',#3602,#3603);
#3602 = CARTESIAN_POINT('',(98.514264906302,-46.82619407437,0.));
#3603 = VECTOR('',#3604,1.);
#3604 = DIRECTION('',(0.,0.,1.));
#3605 = ORIENTED_EDGE('',*,*,#1488,.T.);
#3606 = ORIENTED_EDGE('',*,*,#3574,.F.);
#3607 = ORIENTED_EDGE('',*,*,#3608,.F.);
#3608 = EDGE_CURVE('',#3599,#3575,#3609,.T.);
#3609 = LINE('',#3610,#3611);
#3610 = CARTESIAN_POINT('',(98.514264906302,-46.82619407437,0.));
#3611 = VECTOR('',#3612,1.);
#3612 = DIRECTION('',(-0.176989309188,0.984212773964,0.));
#3613 = PLANE('',#3614);
#3614 = AXIS2_PLACEMENT_3D('',#3615,#3616,#3617);
#3615 = CARTESIAN_POINT('',(98.514264906302,-46.82619407437,0.));
#3616 = DIRECTION('',(-0.984212773964,-0.176989309188,0.));
#3617 = DIRECTION('',(-0.176989309188,0.984212773964,0.));
#3618 = ADVANCED_FACE('',(#3619),#3637,.F.);
#3619 = FACE_BOUND('',#3620,.F.);
#3620 = EDGE_LOOP('',(#3621,#3629,#3630,#3631));
#3621 = ORIENTED_EDGE('',*,*,#3622,.T.);
#3622 = EDGE_CURVE('',#3623,#1473,#3625,.T.);
#3623 = VERTEX_POINT('',#3624);
#3624 = CARTESIAN_POINT('',(98.691832037441,-47.8778943964,0.));
#3625 = LINE('',#3626,#3627);
#3626 = CARTESIAN_POINT('',(98.691832037441,-47.8778943964,0.));
#3627 = VECTOR('',#3628,1.);
#3628 = DIRECTION('',(0.,0.,1.));
#3629 = ORIENTED_EDGE('',*,*,#1480,.T.);
#3630 = ORIENTED_EDGE('',*,*,#3598,.F.);
#3631 = ORIENTED_EDGE('',*,*,#3632,.F.);
#3632 = EDGE_CURVE('',#3623,#3599,#3633,.T.);
#3633 = LINE('',#3634,#3635);
#3634 = CARTESIAN_POINT('',(98.691832037441,-47.8778943964,0.));
#3635 = VECTOR('',#3636,1.);
#3636 = DIRECTION('',(-0.166481925044,0.986044506416,0.));
#3637 = PLANE('',#3638);
#3638 = AXIS2_PLACEMENT_3D('',#3639,#3640,#3641);
#3639 = CARTESIAN_POINT('',(98.691832037441,-47.8778943964,0.));
#3640 = DIRECTION('',(-0.986044506416,-0.166481925044,0.));
#3641 = DIRECTION('',(-0.166481925044,0.986044506416,0.));
#3642 = ADVANCED_FACE('',(#3643),#3661,.F.);
#3643 = FACE_BOUND('',#3644,.F.);
#3644 = EDGE_LOOP('',(#3645,#3653,#3654,#3655));
#3645 = ORIENTED_EDGE('',*,*,#3646,.T.);
#3646 = EDGE_CURVE('',#3647,#1465,#3649,.T.);
#3647 = VERTEX_POINT('',#3648);
#3648 = CARTESIAN_POINT('',(98.858171949711,-48.93142877505,0.));
#3649 = LINE('',#3650,#3651);
#3650 = CARTESIAN_POINT('',(98.858171949711,-48.93142877505,0.));
#3651 = VECTOR('',#3652,1.);
#3652 = DIRECTION('',(0.,0.,1.));
#3653 = ORIENTED_EDGE('',*,*,#1472,.T.);
#3654 = ORIENTED_EDGE('',*,*,#3622,.F.);
#3655 = ORIENTED_EDGE('',*,*,#3656,.F.);
#3656 = EDGE_CURVE('',#3647,#3623,#3657,.T.);
#3657 = LINE('',#3658,#3659);
#3658 = CARTESIAN_POINT('',(98.858171949711,-48.93142877505,0.));
#3659 = VECTOR('',#3660,1.);
#3660 = DIRECTION('',(-0.155955601854,0.987764066086,0.));
#3661 = PLANE('',#3662);
#3662 = AXIS2_PLACEMENT_3D('',#3663,#3664,#3665);
#3663 = CARTESIAN_POINT('',(98.858171949711,-48.93142877505,0.));
#3664 = DIRECTION('',(-0.987764066086,-0.155955601854,0.));
#3665 = DIRECTION('',(-0.155955601854,0.987764066086,0.));
#3666 = ADVANCED_FACE('',(#3667),#3685,.F.);
#3667 = FACE_BOUND('',#3668,.F.);
#3668 = EDGE_LOOP('',(#3669,#3677,#3678,#3679));
#3669 = ORIENTED_EDGE('',*,*,#3670,.T.);
#3670 = EDGE_CURVE('',#3671,#1457,#3673,.T.);
#3671 = VERTEX_POINT('',#3672);
#3672 = CARTESIAN_POINT('',(99.013265720224,-49.98667735986,0.));
#3673 = LINE('',#3674,#3675);
#3674 = CARTESIAN_POINT('',(99.013265720224,-49.98667735986,0.));
#3675 = VECTOR('',#3676,1.);
#3676 = DIRECTION('',(0.,0.,1.));
#3677 = ORIENTED_EDGE('',*,*,#1464,.T.);
#3678 = ORIENTED_EDGE('',*,*,#3646,.F.);
#3679 = ORIENTED_EDGE('',*,*,#3680,.F.);
#3680 = EDGE_CURVE('',#3671,#3647,#3681,.T.);
#3681 = LINE('',#3682,#3683);
#3682 = CARTESIAN_POINT('',(99.013265720224,-49.98667735986,0.));
#3683 = VECTOR('',#3684,1.);
#3684 = DIRECTION('',(-0.145411537099,0.989371257354,0.));
#3685 = PLANE('',#3686);
#3686 = AXIS2_PLACEMENT_3D('',#3687,#3688,#3689);
#3687 = CARTESIAN_POINT('',(99.013265720224,-49.98667735986,0.));
#3688 = DIRECTION('',(-0.989371257354,-0.145411537099,0.));
#3689 = DIRECTION('',(-0.145411537099,0.989371257354,0.));
#3690 = ADVANCED_FACE('',(#3691),#3709,.F.);
#3691 = FACE_BOUND('',#3692,.F.);
#3692 = EDGE_LOOP('',(#3693,#3701,#3707,#3708));
#3693 = ORIENTED_EDGE('',*,*,#3694,.F.);
#3694 = EDGE_CURVE('',#3695,#3671,#3697,.T.);
#3695 = VERTEX_POINT('',#3696);
#3696 = CARTESIAN_POINT('',(99.0353669007,-50.14907376293,0.));
#3697 = LINE('',#3698,#3699);
#3698 = CARTESIAN_POINT('',(99.157095705454,-51.04352010539,0.));
#3699 = VECTOR('',#3700,1.);
#3700 = DIRECTION('',(-0.134850930274,0.990865897387,0.));
#3701 = ORIENTED_EDGE('',*,*,#3702,.T.);
#3702 = EDGE_CURVE('',#3695,#1449,#3703,.T.);
#3703 = LINE('',#3704,#3705);
#3704 = CARTESIAN_POINT('',(99.0353669007,-50.14907376293,-0.5));
#3705 = VECTOR('',#3706,1.);
#3706 = DIRECTION('',(0.,0.,1.));
#3707 = ORIENTED_EDGE('',*,*,#1456,.T.);
#3708 = ORIENTED_EDGE('',*,*,#3670,.F.);
#3709 = PLANE('',#3710);
#3710 = AXIS2_PLACEMENT_3D('',#3711,#3712,#3713);
#3711 = CARTESIAN_POINT('',(99.157095705454,-51.04352010539,0.));
#3712 = DIRECTION('',(-0.990865897387,-0.134850930274,0.));
#3713 = DIRECTION('',(-0.134850930274,0.990865897387,0.));
#3714 = ADVANCED_FACE('',(#3715),#3733,.T.);
#3715 = FACE_BOUND('',#3716,.T.);
#3716 = EDGE_LOOP('',(#3717,#3725,#3731,#3732));
#3717 = ORIENTED_EDGE('',*,*,#3718,.F.);
#3718 = EDGE_CURVE('',#3719,#1441,#3721,.T.);
#3719 = VERTEX_POINT('',#3720);
#3720 = CARTESIAN_POINT('',(98.424036171464,-55.38901261653,0.));
#3721 = LINE('',#3722,#3723);
#3722 = CARTESIAN_POINT('',(98.424036171464,-55.38901261653,-1.));
#3723 = VECTOR('',#3724,1.);
#3724 = DIRECTION('',(0.,0.,1.));
#3725 = ORIENTED_EDGE('',*,*,#3726,.T.);
#3726 = EDGE_CURVE('',#3719,#3695,#3727,.T.);
#3727 = LINE('',#3728,#3729);
#3728 = CARTESIAN_POINT('',(98.774195291857,-52.38767096602,
    1.110223024625E-16));
#3729 = VECTOR('',#3730,1.);
#3730 = DIRECTION('',(0.115881546653,0.993263040259,0.));
#3731 = ORIENTED_EDGE('',*,*,#3702,.T.);
#3732 = ORIENTED_EDGE('',*,*,#1448,.F.);
#3733 = PLANE('',#3734);
#3734 = AXIS2_PLACEMENT_3D('',#3735,#3736,#3737);
#3735 = CARTESIAN_POINT('',(99.465583054233,-46.46153405564,-1.));
#3736 = DIRECTION('',(0.993263040259,-0.115881546653,0.));
#3737 = DIRECTION('',(-0.115881546653,-0.993263040259,0.));
#3738 = ADVANCED_FACE('',(#3739),#3757,.T.);
#3739 = FACE_BOUND('',#3740,.T.);
#3740 = EDGE_LOOP('',(#3741,#3749,#3750,#3751));
#3741 = ORIENTED_EDGE('',*,*,#3742,.T.);
#3742 = EDGE_CURVE('',#3743,#3719,#3745,.T.);
#3743 = VERTEX_POINT('',#3744);
#3744 = CARTESIAN_POINT('',(99.935985246284,-60.44318855778,0.));
#3745 = LINE('',#3746,#3747);
#3746 = CARTESIAN_POINT('',(98.002071181913,-53.9784589585,0.));
#3747 = VECTOR('',#3748,1.);
#3748 = DIRECTION('',(-0.28659936246,0.958050523426,0.));
#3749 = ORIENTED_EDGE('',*,*,#3718,.T.);
#3750 = ORIENTED_EDGE('',*,*,#1440,.F.);
#3751 = ORIENTED_EDGE('',*,*,#3752,.T.);
#3752 = EDGE_CURVE('',#1433,#3743,#3753,.T.);
#3753 = LINE('',#3754,#3755);
#3754 = CARTESIAN_POINT('',(99.935985246284,-60.44318855778,-0.5));
#3755 = VECTOR('',#3756,1.);
#3756 = DIRECTION('',(0.,0.,-1.));
#3757 = PLANE('',#3758);
#3758 = AXIS2_PLACEMENT_3D('',#3759,#3760,#3761);
#3759 = CARTESIAN_POINT('',(98.424036171464,-55.38901261653,-1.));
#3760 = DIRECTION('',(0.958050523426,0.28659936246,0.));
#3761 = DIRECTION('',(0.28659936246,-0.958050523426,0.));
#3762 = ADVANCED_FACE('',(#3763),#3781,.F.);
#3763 = FACE_BOUND('',#3764,.F.);
#3764 = EDGE_LOOP('',(#3765,#3773,#3779,#3780));
#3765 = ORIENTED_EDGE('',*,*,#3766,.F.);
#3766 = EDGE_CURVE('',#3767,#3743,#3769,.T.);
#3767 = VERTEX_POINT('',#3768);
#3768 = CARTESIAN_POINT('',(99.942419671851,-60.60695562429,0.));
#3769 = LINE('',#3770,#3771);
#3770 = CARTESIAN_POINT('',(99.942419671851,-60.60695562429,0.));
#3771 = VECTOR('',#3772,1.);
#3772 = DIRECTION('',(-3.925981575906E-02,0.999229036241,0.));
#3773 = ORIENTED_EDGE('',*,*,#3774,.T.);
#3774 = EDGE_CURVE('',#3767,#1425,#3775,.T.);
#3775 = LINE('',#3776,#3777);
#3776 = CARTESIAN_POINT('',(99.942419671851,-60.60695562429,0.));
#3777 = VECTOR('',#3778,1.);
#3778 = DIRECTION('',(0.,0.,1.));
#3779 = ORIENTED_EDGE('',*,*,#1432,.T.);
#3780 = ORIENTED_EDGE('',*,*,#3752,.T.);
#3781 = PLANE('',#3782);
#3782 = AXIS2_PLACEMENT_3D('',#3783,#3784,#3785);
#3783 = CARTESIAN_POINT('',(99.942419671851,-60.60695562429,0.));
#3784 = DIRECTION('',(-0.999229036241,-3.925981575906E-02,0.));
#3785 = DIRECTION('',(-3.925981575906E-02,0.999229036241,0.));
#3786 = ADVANCED_FACE('',(#3787),#3805,.F.);
#3787 = FACE_BOUND('',#3788,.F.);
#3788 = EDGE_LOOP('',(#3789,#3797,#3798,#3799));
#3789 = ORIENTED_EDGE('',*,*,#3790,.T.);
#3790 = EDGE_CURVE('',#3791,#1417,#3793,.T.);
#3791 = VERTEX_POINT('',#3792);
#3792 = CARTESIAN_POINT('',(99.972924117946,-61.67310436259,0.));
#3793 = LINE('',#3794,#3795);
#3794 = CARTESIAN_POINT('',(99.972924117946,-61.67310436259,0.));
#3795 = VECTOR('',#3796,1.);
#3796 = DIRECTION('',(0.,0.,1.));
#3797 = ORIENTED_EDGE('',*,*,#1424,.T.);
#3798 = ORIENTED_EDGE('',*,*,#3774,.F.);
#3799 = ORIENTED_EDGE('',*,*,#3800,.F.);
#3800 = EDGE_CURVE('',#3791,#3767,#3801,.T.);
#3801 = LINE('',#3802,#3803);
#3802 = CARTESIAN_POINT('',(99.972924117946,-61.67310436259,0.));
#3803 = VECTOR('',#3804,1.);
#3804 = DIRECTION('',(-2.860010676327E-02,0.999590933279,0.));
#3805 = PLANE('',#3806);
#3806 = AXIS2_PLACEMENT_3D('',#3807,#3808,#3809);
#3807 = CARTESIAN_POINT('',(99.972924117946,-61.67310436259,0.));
#3808 = DIRECTION('',(-0.999590933279,-2.860010676327E-02,0.));
#3809 = DIRECTION('',(-2.860010676327E-02,0.999590933279,0.));
#3810 = ADVANCED_FACE('',(#3811),#3829,.F.);
#3811 = FACE_BOUND('',#3812,.F.);
#3812 = EDGE_LOOP('',(#3813,#3821,#3822,#3823));
#3813 = ORIENTED_EDGE('',*,*,#3814,.T.);
#3814 = EDGE_CURVE('',#3815,#1409,#3817,.T.);
#3815 = VERTEX_POINT('',#3816);
#3816 = CARTESIAN_POINT('',(99.992055607669,-62.73951780939,0.));
#3817 = LINE('',#3818,#3819);
#3818 = CARTESIAN_POINT('',(99.992055607669,-62.73951780939,0.));
#3819 = VECTOR('',#3820,1.);
#3820 = DIRECTION('',(0.,0.,1.));
#3821 = ORIENTED_EDGE('',*,*,#1416,.T.);
#3822 = ORIENTED_EDGE('',*,*,#3790,.F.);
#3823 = ORIENTED_EDGE('',*,*,#3824,.F.);
#3824 = EDGE_CURVE('',#3815,#3791,#3825,.T.);
#3825 = LINE('',#3826,#3827);
#3826 = CARTESIAN_POINT('',(99.992055607669,-62.73951780939,0.));
#3827 = VECTOR('',#3828,1.);
#3828 = DIRECTION('',(-1.793714420888E-02,0.999839116487,0.));
#3829 = PLANE('',#3830);
#3830 = AXIS2_PLACEMENT_3D('',#3831,#3832,#3833);
#3831 = CARTESIAN_POINT('',(99.992055607669,-62.73951780939,0.));
#3832 = DIRECTION('',(-0.999839116487,-1.793714420888E-02,0.));
#3833 = DIRECTION('',(-1.793714420888E-02,0.999839116487,0.));
#3834 = ADVANCED_FACE('',(#3835),#3853,.F.);
#3835 = FACE_BOUND('',#3836,.F.);
#3836 = EDGE_LOOP('',(#3837,#3845,#3846,#3847));
#3837 = ORIENTED_EDGE('',*,*,#3838,.T.);
#3838 = EDGE_CURVE('',#3839,#1401,#3841,.T.);
#3839 = VERTEX_POINT('',#3840);
#3840 = CARTESIAN_POINT('',(99.999811964615,-63.8060746491,0.));
#3841 = LINE('',#3842,#3843);
#3842 = CARTESIAN_POINT('',(99.999811964615,-63.8060746491,0.));
#3843 = VECTOR('',#3844,1.);
#3844 = DIRECTION('',(0.,0.,1.));
#3845 = ORIENTED_EDGE('',*,*,#1408,.T.);
#3846 = ORIENTED_EDGE('',*,*,#3814,.F.);
#3847 = ORIENTED_EDGE('',*,*,#3848,.F.);
#3848 = EDGE_CURVE('',#3839,#3815,#3849,.T.);
#3849 = LINE('',#3850,#3851);
#3850 = CARTESIAN_POINT('',(99.999811964615,-63.8060746491,0.));
#3851 = VECTOR('',#3852,1.);
#3852 = DIRECTION('',(-7.272141118431E-03,0.999973557632,0.));
#3853 = PLANE('',#3854);
#3854 = AXIS2_PLACEMENT_3D('',#3855,#3856,#3857);
#3855 = CARTESIAN_POINT('',(99.999811964615,-63.8060746491,0.));
#3856 = DIRECTION('',(-0.999973557632,-7.272141118431E-03,0.));
#3857 = DIRECTION('',(-7.272141118431E-03,0.999973557632,0.));
#3858 = ADVANCED_FACE('',(#3859),#3877,.F.);
#3859 = FACE_BOUND('',#3860,.F.);
#3860 = EDGE_LOOP('',(#3861,#3869,#3870,#3871));
#3861 = ORIENTED_EDGE('',*,*,#3862,.T.);
#3862 = EDGE_CURVE('',#3863,#1393,#3865,.T.);
#3863 = VERTEX_POINT('',#3864);
#3864 = CARTESIAN_POINT('',(99.996192306417,-64.87265354983,0.));
#3865 = LINE('',#3866,#3867);
#3866 = CARTESIAN_POINT('',(99.996192306417,-64.87265354983,0.));
#3867 = VECTOR('',#3868,1.);
#3868 = DIRECTION('',(0.,0.,1.));
#3869 = ORIENTED_EDGE('',*,*,#1400,.T.);
#3870 = ORIENTED_EDGE('',*,*,#3838,.F.);
#3871 = ORIENTED_EDGE('',*,*,#3872,.F.);
#3872 = EDGE_CURVE('',#3863,#3839,#3873,.T.);
#3873 = LINE('',#3874,#3875);
#3874 = CARTESIAN_POINT('',(99.996192306417,-64.87265354983,0.));
#3875 = VECTOR('',#3876,1.);
#3876 = DIRECTION('',(3.393689253481E-03,0.99999424142,0.));
#3877 = PLANE('',#3878);
#3878 = AXIS2_PLACEMENT_3D('',#3879,#3880,#3881);
#3879 = CARTESIAN_POINT('',(99.996192306417,-64.87265354983,0.));
#3880 = DIRECTION('',(-0.99999424142,3.393689253481E-03,0.));
#3881 = DIRECTION('',(3.393689253481E-03,0.99999424142,0.));
#3882 = ADVANCED_FACE('',(#3883),#3901,.F.);
#3883 = FACE_BOUND('',#3884,.F.);
#3884 = EDGE_LOOP('',(#3885,#3893,#3894,#3895));
#3885 = ORIENTED_EDGE('',*,*,#3886,.T.);
#3886 = EDGE_CURVE('',#3887,#1385,#3889,.T.);
#3887 = VERTEX_POINT('',#3888);
#3888 = CARTESIAN_POINT('',(99.98119704485,-65.93913317718,0.));
#3889 = LINE('',#3890,#3891);
#3890 = CARTESIAN_POINT('',(99.98119704485,-65.93913317718,0.));
#3891 = VECTOR('',#3892,1.);
#3892 = DIRECTION('',(0.,0.,1.));
#3893 = ORIENTED_EDGE('',*,*,#1392,.T.);
#3894 = ORIENTED_EDGE('',*,*,#3862,.F.);
#3895 = ORIENTED_EDGE('',*,*,#3896,.F.);
#3896 = EDGE_CURVE('',#3887,#3863,#3897,.T.);
#3897 = LINE('',#3898,#3899);
#3898 = CARTESIAN_POINT('',(99.98119704485,-65.93913317718,0.));
#3899 = VECTOR('',#3900,1.);
#3900 = DIRECTION('',(1.405913355803E-02,0.999901165498,0.));
#3901 = PLANE('',#3902);
#3902 = AXIS2_PLACEMENT_3D('',#3903,#3904,#3905);
#3903 = CARTESIAN_POINT('',(99.98119704485,-65.93913317718,0.));
#3904 = DIRECTION('',(-0.999901165498,1.405913355803E-02,0.));
#3905 = DIRECTION('',(1.405913355803E-02,0.999901165498,0.));
#3906 = ADVANCED_FACE('',(#3907),#3925,.F.);
#3907 = FACE_BOUND('',#3908,.F.);
#3908 = EDGE_LOOP('',(#3909,#3917,#3918,#3919));
#3909 = ORIENTED_EDGE('',*,*,#3910,.T.);
#3910 = EDGE_CURVE('',#3911,#1377,#3913,.T.);
#3911 = VERTEX_POINT('',#3912);
#3912 = CARTESIAN_POINT('',(99.95482788578,-67.00539220802,0.));
#3913 = LINE('',#3914,#3915);
#3914 = CARTESIAN_POINT('',(99.95482788578,-67.00539220802,0.));
#3915 = VECTOR('',#3916,1.);
#3916 = DIRECTION('',(0.,0.,1.));
#3917 = ORIENTED_EDGE('',*,*,#1384,.T.);
#3918 = ORIENTED_EDGE('',*,*,#3886,.F.);
#3919 = ORIENTED_EDGE('',*,*,#3920,.F.);
#3920 = EDGE_CURVE('',#3911,#3887,#3921,.T.);
#3921 = LINE('',#3922,#3923);
#3922 = CARTESIAN_POINT('',(99.95482788578,-67.00539220802,0.));
#3923 = VECTOR('',#3924,1.);
#3924 = DIRECTION('',(2.472297849045E-02,0.999694340453,0.));
#3925 = PLANE('',#3926);
#3926 = AXIS2_PLACEMENT_3D('',#3927,#3928,#3929);
#3927 = CARTESIAN_POINT('',(99.95482788578,-67.00539220802,0.));
#3928 = DIRECTION('',(-0.999694340453,2.472297849045E-02,0.));
#3929 = DIRECTION('',(2.472297849045E-02,0.999694340453,0.));
#3930 = ADVANCED_FACE('',(#3931),#3949,.F.);
#3931 = FACE_BOUND('',#3932,.F.);
#3932 = EDGE_LOOP('',(#3933,#3941,#3942,#3943));
#3933 = ORIENTED_EDGE('',*,*,#3934,.T.);
#3934 = EDGE_CURVE('',#3935,#1369,#3937,.T.);
#3935 = VERTEX_POINT('',#3936);
#3936 = CARTESIAN_POINT('',(99.917087828972,-68.07130934436,0.));
#3937 = LINE('',#3938,#3939);
#3938 = CARTESIAN_POINT('',(99.917087828972,-68.07130934436,0.));
#3939 = VECTOR('',#3940,1.);
#3940 = DIRECTION('',(0.,0.,1.));
#3941 = ORIENTED_EDGE('',*,*,#1376,.T.);
#3942 = ORIENTED_EDGE('',*,*,#3910,.F.);
#3943 = ORIENTED_EDGE('',*,*,#3944,.F.);
#3944 = EDGE_CURVE('',#3935,#3911,#3945,.T.);
#3945 = LINE('',#3946,#3947);
#3946 = CARTESIAN_POINT('',(99.917087828972,-68.07130934436,0.));
#3947 = VECTOR('',#3948,1.);
#3948 = DIRECTION('',(3.538401092777E-02,0.999373789816,0.));
#3949 = PLANE('',#3950);
#3950 = AXIS2_PLACEMENT_3D('',#3951,#3952,#3953);
#3951 = CARTESIAN_POINT('',(99.917087828972,-68.07130934436,0.));
#3952 = DIRECTION('',(-0.999373789816,3.538401092777E-02,0.));
#3953 = DIRECTION('',(3.538401092777E-02,0.999373789816,0.));
#3954 = ADVANCED_FACE('',(#3955),#3973,.F.);
#3955 = FACE_BOUND('',#3956,.F.);
#3956 = EDGE_LOOP('',(#3957,#3965,#3966,#3967));
#3957 = ORIENTED_EDGE('',*,*,#3958,.T.);
#3958 = EDGE_CURVE('',#3959,#1361,#3961,.T.);
#3959 = VERTEX_POINT('',#3960);
#3960 = CARTESIAN_POINT('',(99.867981167749,-69.13676332705,0.));
#3961 = LINE('',#3962,#3963);
#3962 = CARTESIAN_POINT('',(99.867981167749,-69.13676332705,0.));
#3963 = VECTOR('',#3964,1.);
#3964 = DIRECTION('',(0.,0.,1.));
#3965 = ORIENTED_EDGE('',*,*,#1368,.T.);
#3966 = ORIENTED_EDGE('',*,*,#3934,.F.);
#3967 = ORIENTED_EDGE('',*,*,#3968,.F.);
#3968 = EDGE_CURVE('',#3959,#3935,#3969,.T.);
#3969 = LINE('',#3970,#3971);
#3970 = CARTESIAN_POINT('',(99.867981167749,-69.13676332705,0.));
#3971 = VECTOR('',#3972,1.);
#3972 = DIRECTION('',(4.604101806706E-02,0.998939550051,0.));
#3973 = PLANE('',#3974);
#3974 = AXIS2_PLACEMENT_3D('',#3975,#3976,#3977);
#3975 = CARTESIAN_POINT('',(99.867981167749,-69.13676332705,0.));
#3976 = DIRECTION('',(-0.998939550051,4.604101806706E-02,0.));
#3977 = DIRECTION('',(4.604101806706E-02,0.998939550051,0.));
#3978 = ADVANCED_FACE('',(#3979),#3997,.F.);
#3979 = FACE_BOUND('',#3980,.F.);
#3980 = EDGE_LOOP('',(#3981,#3989,#3990,#3991));
#3981 = ORIENTED_EDGE('',*,*,#3982,.T.);
#3982 = EDGE_CURVE('',#3983,#1353,#3985,.T.);
#3983 = VERTEX_POINT('',#3984);
#3984 = CARTESIAN_POINT('',(99.807513488502,-70.20163294967,0.));
#3985 = LINE('',#3986,#3987);
#3986 = CARTESIAN_POINT('',(99.807513488502,-70.20163294967,0.));
#3987 = VECTOR('',#3988,1.);
#3988 = DIRECTION('',(0.,0.,1.));
#3989 = ORIENTED_EDGE('',*,*,#1360,.T.);
#3990 = ORIENTED_EDGE('',*,*,#3958,.F.);
#3991 = ORIENTED_EDGE('',*,*,#3992,.F.);
#3992 = EDGE_CURVE('',#3983,#3959,#3993,.T.);
#3993 = LINE('',#3994,#3995);
#3994 = CARTESIAN_POINT('',(99.807513488502,-70.20163294967,0.));
#3995 = VECTOR('',#3996,1.);
#3996 = DIRECTION('',(5.669278756341E-02,0.998391670557,0.));
#3997 = PLANE('',#3998);
#3998 = AXIS2_PLACEMENT_3D('',#3999,#4000,#4001);
#3999 = CARTESIAN_POINT('',(99.807513488502,-70.20163294967,0.));
#4000 = DIRECTION('',(-0.998391670557,5.669278756341E-02,0.));
#4001 = DIRECTION('',(5.669278756341E-02,0.998391670557,0.));
#4002 = ADVANCED_FACE('',(#4003),#4021,.F.);
#4003 = FACE_BOUND('',#4004,.F.);
#4004 = EDGE_LOOP('',(#4005,#4013,#4014,#4015));
#4005 = ORIENTED_EDGE('',*,*,#4006,.T.);
#4006 = EDGE_CURVE('',#4007,#1345,#4009,.T.);
#4007 = VERTEX_POINT('',#4008);
#4008 = CARTESIAN_POINT('',(99.735691670057,-71.26579707226,0.));
#4009 = LINE('',#4010,#4011);
#4010 = CARTESIAN_POINT('',(99.735691670057,-71.26579707226,0.));
#4011 = VECTOR('',#4012,1.);
#4012 = DIRECTION('',(0.,0.,1.));
#4013 = ORIENTED_EDGE('',*,*,#1352,.T.);
#4014 = ORIENTED_EDGE('',*,*,#3982,.F.);
#4015 = ORIENTED_EDGE('',*,*,#4016,.F.);
#4016 = EDGE_CURVE('',#4007,#3983,#4017,.T.);
#4017 = LINE('',#4018,#4019);
#4018 = CARTESIAN_POINT('',(99.735691670057,-71.26579707226,0.));
#4019 = VECTOR('',#4020,1.);
#4020 = DIRECTION('',(6.733810766743E-02,0.997730213663,0.));
#4021 = PLANE('',#4022);
#4022 = AXIS2_PLACEMENT_3D('',#4023,#4024,#4025);
#4023 = CARTESIAN_POINT('',(99.735691670057,-71.26579707226,0.));
#4024 = DIRECTION('',(-0.997730213663,6.733810766743E-02,0.));
#4025 = DIRECTION('',(6.733810766743E-02,0.997730213663,0.));
#4026 = ADVANCED_FACE('',(#4027),#4045,.F.);
#4027 = FACE_BOUND('',#4028,.F.);
#4028 = EDGE_LOOP('',(#4029,#4037,#4038,#4039));
#4029 = ORIENTED_EDGE('',*,*,#4030,.T.);
#4030 = EDGE_CURVE('',#4031,#1337,#4033,.T.);
#4031 = VERTEX_POINT('',#4032);
#4032 = CARTESIAN_POINT('',(99.65252388289,-72.32913463512,0.));
#4033 = LINE('',#4034,#4035);
#4034 = CARTESIAN_POINT('',(99.65252388289,-72.32913463512,0.));
#4035 = VECTOR('',#4036,1.);
#4036 = DIRECTION('',(0.,0.,1.));
#4037 = ORIENTED_EDGE('',*,*,#1344,.T.);
#4038 = ORIENTED_EDGE('',*,*,#4006,.F.);
#4039 = ORIENTED_EDGE('',*,*,#4040,.F.);
#4040 = EDGE_CURVE('',#4031,#4007,#4041,.T.);
#4041 = LINE('',#4042,#4043);
#4042 = CARTESIAN_POINT('',(99.65252388289,-72.32913463512,0.));
#4043 = VECTOR('',#4044,1.);
#4044 = DIRECTION('',(7.797576736374E-02,0.996955254615,0.));
#4045 = PLANE('',#4046);
#4046 = AXIS2_PLACEMENT_3D('',#4047,#4048,#4049);
#4047 = CARTESIAN_POINT('',(99.65252388289,-72.32913463512,0.));
#4048 = DIRECTION('',(-0.996955254615,7.797576736374E-02,0.));
#4049 = DIRECTION('',(7.797576736374E-02,0.996955254615,0.));
#4050 = ADVANCED_FACE('',(#4051),#4069,.F.);
#4051 = FACE_BOUND('',#4052,.F.);
#4052 = EDGE_LOOP('',(#4053,#4061,#4062,#4063));
#4053 = ORIENTED_EDGE('',*,*,#4054,.T.);
#4054 = EDGE_CURVE('',#4055,#1329,#4057,.T.);
#4055 = VERTEX_POINT('',#4056);
#4056 = CARTESIAN_POINT('',(99.558019588199,-73.39152467258,0.));
#4057 = LINE('',#4058,#4059);
#4058 = CARTESIAN_POINT('',(99.558019588199,-73.39152467258,0.));
#4059 = VECTOR('',#4060,1.);
#4060 = DIRECTION('',(0.,0.,1.));
#4061 = ORIENTED_EDGE('',*,*,#1336,.T.);
#4062 = ORIENTED_EDGE('',*,*,#4030,.F.);
#4063 = ORIENTED_EDGE('',*,*,#4064,.F.);
#4064 = EDGE_CURVE('',#4055,#4031,#4065,.T.);
#4065 = LINE('',#4066,#4067);
#4066 = CARTESIAN_POINT('',(99.558019588199,-73.39152467258,0.));
#4067 = VECTOR('',#4068,1.);
#4068 = DIRECTION('',(8.86045565083E-02,0.996066881573,0.));
#4069 = PLANE('',#4070);
#4070 = AXIS2_PLACEMENT_3D('',#4071,#4072,#4073);
#4071 = CARTESIAN_POINT('',(99.558019588199,-73.39152467258,0.));
#4072 = DIRECTION('',(-0.996066881573,8.86045565083E-02,0.));
#4073 = DIRECTION('',(8.86045565083E-02,0.996066881573,0.));
#4074 = ADVANCED_FACE('',(#4075),#4093,.F.);
#4075 = FACE_BOUND('',#4076,.F.);
#4076 = EDGE_LOOP('',(#4077,#4085,#4086,#4087));
#4077 = ORIENTED_EDGE('',*,*,#4078,.T.);
#4078 = EDGE_CURVE('',#4079,#1321,#4081,.T.);
#4079 = VERTEX_POINT('',#4080);
#4080 = CARTESIAN_POINT('',(99.452189536827,-74.45284632676,0.));
#4081 = LINE('',#4082,#4083);
#4082 = CARTESIAN_POINT('',(99.452189536827,-74.45284632676,0.));
#4083 = VECTOR('',#4084,1.);
#4084 = DIRECTION('',(0.,0.,1.));
#4085 = ORIENTED_EDGE('',*,*,#1328,.T.);
#4086 = ORIENTED_EDGE('',*,*,#4054,.F.);
#4087 = ORIENTED_EDGE('',*,*,#4088,.F.);
#4088 = EDGE_CURVE('',#4079,#4055,#4089,.T.);
#4089 = LINE('',#4090,#4091);
#4090 = CARTESIAN_POINT('',(99.452189536827,-74.45284632676,0.));
#4091 = VECTOR('',#4092,1.);
#4092 = DIRECTION('',(9.922326596616E-02,0.995065195598,0.));
#4093 = PLANE('',#4094);
#4094 = AXIS2_PLACEMENT_3D('',#4095,#4096,#4097);
#4095 = CARTESIAN_POINT('',(99.452189536827,-74.45284632676,0.));
#4096 = DIRECTION('',(-0.995065195598,9.922326596616E-02,0.));
#4097 = DIRECTION('',(9.922326596616E-02,0.995065195598,0.));
#4098 = ADVANCED_FACE('',(#4099),#4117,.F.);
#4099 = FACE_BOUND('',#4100,.F.);
#4100 = EDGE_LOOP('',(#4101,#4109,#4110,#4111));
#4101 = ORIENTED_EDGE('',*,*,#4102,.T.);
#4102 = EDGE_CURVE('',#4103,#1313,#4105,.T.);
#4103 = VERTEX_POINT('',#4104);
#4104 = CARTESIAN_POINT('',(99.33504576804,-75.51297886133,0.));
#4105 = LINE('',#4106,#4107);
#4106 = CARTESIAN_POINT('',(99.33504576804,-75.51297886133,0.));
#4107 = VECTOR('',#4108,1.);
#4108 = DIRECTION('',(0.,0.,1.));
#4109 = ORIENTED_EDGE('',*,*,#1320,.T.);
#4110 = ORIENTED_EDGE('',*,*,#4078,.F.);
#4111 = ORIENTED_EDGE('',*,*,#4112,.F.);
#4112 = EDGE_CURVE('',#4103,#4079,#4113,.T.);
#4113 = LINE('',#4114,#4115);
#4114 = CARTESIAN_POINT('',(99.33504576804,-75.51297886133,0.));
#4115 = VECTOR('',#4116,1.);
#4116 = DIRECTION('',(0.109830687749,0.993950310644,0.));
#4117 = PLANE('',#4118);
#4118 = AXIS2_PLACEMENT_3D('',#4119,#4120,#4121);
#4119 = CARTESIAN_POINT('',(99.33504576804,-75.51297886133,0.));
#4120 = DIRECTION('',(-0.993950310644,0.109830687749,0.));
#4121 = DIRECTION('',(0.109830687749,0.993950310644,0.));
#4122 = ADVANCED_FACE('',(#4123),#4141,.F.);
#4123 = FACE_BOUND('',#4124,.F.);
#4124 = EDGE_LOOP('',(#4125,#4133,#4134,#4135));
#4125 = ORIENTED_EDGE('',*,*,#4126,.T.);
#4126 = EDGE_CURVE('',#4127,#1305,#4129,.T.);
#4127 = VERTEX_POINT('',#4128);
#4128 = CARTESIAN_POINT('',(99.206601608154,-76.57180167521,0.));
#4129 = LINE('',#4130,#4131);
#4130 = CARTESIAN_POINT('',(99.206601608154,-76.57180167521,0.));
#4131 = VECTOR('',#4132,1.);
#4132 = DIRECTION('',(0.,0.,1.));
#4133 = ORIENTED_EDGE('',*,*,#1312,.T.);
#4134 = ORIENTED_EDGE('',*,*,#4102,.F.);
#4135 = ORIENTED_EDGE('',*,*,#4136,.F.);
#4136 = EDGE_CURVE('',#4127,#4103,#4137,.T.);
#4137 = LINE('',#4138,#4139);
#4138 = CARTESIAN_POINT('',(99.206601608154,-76.57180167521,0.));
#4139 = VECTOR('',#4140,1.);
#4140 = DIRECTION('',(0.120425615153,0.992722353539,0.));
#4141 = PLANE('',#4142);
#4142 = AXIS2_PLACEMENT_3D('',#4143,#4144,#4145);
#4143 = CARTESIAN_POINT('',(99.206601608154,-76.57180167521,0.));
#4144 = DIRECTION('',(-0.992722353539,0.120425615153,0.));
#4145 = DIRECTION('',(0.120425615153,0.992722353539,0.));
#4146 = ADVANCED_FACE('',(#4147),#4165,.F.);
#4147 = FACE_BOUND('',#4148,.F.);
#4148 = EDGE_LOOP('',(#4149,#4157,#4158,#4159));
#4149 = ORIENTED_EDGE('',*,*,#4150,.T.);
#4150 = EDGE_CURVE('',#4151,#1297,#4153,.T.);
#4151 = VERTEX_POINT('',#4152);
#4152 = CARTESIAN_POINT('',(99.066871669026,-77.62919431634,0.));
#4153 = LINE('',#4154,#4155);
#4154 = CARTESIAN_POINT('',(99.066871669026,-77.62919431634,0.));
#4155 = VECTOR('',#4156,1.);
#4156 = DIRECTION('',(0.,0.,1.));
#4157 = ORIENTED_EDGE('',*,*,#1304,.T.);
#4158 = ORIENTED_EDGE('',*,*,#4126,.F.);
#4159 = ORIENTED_EDGE('',*,*,#4160,.F.);
#4160 = EDGE_CURVE('',#4151,#4127,#4161,.T.);
#4161 = LINE('',#4162,#4163);
#4162 = CARTESIAN_POINT('',(99.066871669026,-77.62919431634,0.));
#4163 = VECTOR('',#4164,1.);
#4164 = DIRECTION('',(0.131006842894,0.991381463976,0.));
#4165 = PLANE('',#4166);
#4166 = AXIS2_PLACEMENT_3D('',#4167,#4168,#4169);
#4167 = CARTESIAN_POINT('',(99.066871669026,-77.62919431634,0.));
#4168 = DIRECTION('',(-0.991381463976,0.131006842894,0.));
#4169 = DIRECTION('',(0.131006842894,0.991381463976,0.));
#4170 = ADVANCED_FACE('',(#4171),#4189,.F.);
#4171 = FACE_BOUND('',#4172,.F.);
#4172 = EDGE_LOOP('',(#4173,#4181,#4182,#4183));
#4173 = ORIENTED_EDGE('',*,*,#4174,.T.);
#4174 = EDGE_CURVE('',#4175,#1289,#4177,.T.);
#4175 = VERTEX_POINT('',#4176);
#4176 = CARTESIAN_POINT('',(98.915871846383,-78.68503649535,0.));
#4177 = LINE('',#4178,#4179);
#4178 = CARTESIAN_POINT('',(98.915871846383,-78.68503649535,0.));
#4179 = VECTOR('',#4180,1.);
#4180 = DIRECTION('',(0.,0.,1.));
#4181 = ORIENTED_EDGE('',*,*,#1296,.T.);
#4182 = ORIENTED_EDGE('',*,*,#4150,.F.);
#4183 = ORIENTED_EDGE('',*,*,#4184,.F.);
#4184 = EDGE_CURVE('',#4175,#4151,#4185,.T.);
#4185 = LINE('',#4186,#4187);
#4186 = CARTESIAN_POINT('',(98.915871846383,-78.68503649535,0.));
#4187 = VECTOR('',#4188,1.);
#4188 = DIRECTION('',(0.14157316725,0.989927794496,0.));
#4189 = PLANE('',#4190);
#4190 = AXIS2_PLACEMENT_3D('',#4191,#4192,#4193);
#4191 = CARTESIAN_POINT('',(98.915871846383,-78.68503649535,0.));
#4192 = DIRECTION('',(-0.989927794496,0.14157316725,0.));
#4193 = DIRECTION('',(0.14157316725,0.989927794496,0.));
#4194 = ADVANCED_FACE('',(#4195),#4213,.F.);
#4195 = FACE_BOUND('',#4196,.F.);
#4196 = EDGE_LOOP('',(#4197,#4205,#4206,#4207));
#4197 = ORIENTED_EDGE('',*,*,#4198,.T.);
#4198 = EDGE_CURVE('',#4199,#1281,#4201,.T.);
#4199 = VERTEX_POINT('',#4200);
#4200 = CARTESIAN_POINT('',(98.753619318021,-79.73920809925,0.));
#4201 = LINE('',#4202,#4203);
#4202 = CARTESIAN_POINT('',(98.753619318021,-79.73920809925,0.));
#4203 = VECTOR('',#4204,1.);
#4204 = DIRECTION('',(0.,0.,1.));
#4205 = ORIENTED_EDGE('',*,*,#1288,.T.);
#4206 = ORIENTED_EDGE('',*,*,#4174,.F.);
#4207 = ORIENTED_EDGE('',*,*,#4208,.F.);
#4208 = EDGE_CURVE('',#4199,#4175,#4209,.T.);
#4209 = LINE('',#4210,#4211);
#4210 = CARTESIAN_POINT('',(98.753619318021,-79.73920809925,0.));
#4211 = VECTOR('',#4212,1.);
#4212 = DIRECTION('',(0.15212338619,0.988361510468,0.));
#4213 = PLANE('',#4214);
#4214 = AXIS2_PLACEMENT_3D('',#4215,#4216,#4217);
#4215 = CARTESIAN_POINT('',(98.753619318021,-79.73920809925,0.));
#4216 = DIRECTION('',(-0.988361510468,0.15212338619,0.));
#4217 = DIRECTION('',(0.15212338619,0.988361510468,0.));
#4218 = ADVANCED_FACE('',(#4219),#4237,.F.);
#4219 = FACE_BOUND('',#4220,.F.);
#4220 = EDGE_LOOP('',(#4221,#4229,#4230,#4231));
#4221 = ORIENTED_EDGE('',*,*,#4222,.T.);
#4222 = EDGE_CURVE('',#4223,#1273,#4225,.T.);
#4223 = VERTEX_POINT('',#4224);
#4224 = CARTESIAN_POINT('',(98.580132541846,-80.79158920507,0.));
#4225 = LINE('',#4226,#4227);
#4226 = CARTESIAN_POINT('',(98.580132541846,-80.79158920507,0.));
#4227 = VECTOR('',#4228,1.);
#4228 = DIRECTION('',(0.,0.,1.));
#4229 = ORIENTED_EDGE('',*,*,#1280,.T.);
#4230 = ORIENTED_EDGE('',*,*,#4198,.F.);
#4231 = ORIENTED_EDGE('',*,*,#4232,.F.);
#4232 = EDGE_CURVE('',#4223,#4199,#4233,.T.);
#4233 = LINE('',#4234,#4235);
#4234 = CARTESIAN_POINT('',(98.580132541846,-80.79158920507,0.));
#4235 = VECTOR('',#4236,1.);
#4236 = DIRECTION('',(0.162656299518,0.986682790073,0.));
#4237 = PLANE('',#4238);
#4238 = AXIS2_PLACEMENT_3D('',#4239,#4240,#4241);
#4239 = CARTESIAN_POINT('',(98.580132541846,-80.79158920507,0.));
#4240 = DIRECTION('',(-0.986682790073,0.162656299518,0.));
#4241 = DIRECTION('',(0.162656299518,0.986682790073,0.));
#4242 = ADVANCED_FACE('',(#4243),#4261,.F.);
#4243 = FACE_BOUND('',#4244,.F.);
#4244 = EDGE_LOOP('',(#4245,#4253,#4254,#4255));
#4245 = ORIENTED_EDGE('',*,*,#4246,.T.);
#4246 = EDGE_CURVE('',#4247,#1265,#4249,.T.);
#4247 = VERTEX_POINT('',#4248);
#4248 = CARTESIAN_POINT('',(98.395431253778,-81.84206009358,0.));
#4249 = LINE('',#4250,#4251);
#4250 = CARTESIAN_POINT('',(98.395431253778,-81.84206009358,0.));
#4251 = VECTOR('',#4252,1.);
#4252 = DIRECTION('',(0.,0.,1.));
#4253 = ORIENTED_EDGE('',*,*,#1272,.T.);
#4254 = ORIENTED_EDGE('',*,*,#4222,.F.);
#4255 = ORIENTED_EDGE('',*,*,#4256,.F.);
#4256 = EDGE_CURVE('',#4247,#4223,#4257,.T.);
#4257 = LINE('',#4258,#4259);
#4258 = CARTESIAN_POINT('',(98.395431253778,-81.84206009358,0.));
#4259 = VECTOR('',#4260,1.);
#4260 = DIRECTION('',(0.173170709006,0.984891824284,0.));
#4261 = PLANE('',#4262);
#4262 = AXIS2_PLACEMENT_3D('',#4263,#4264,#4265);
#4263 = CARTESIAN_POINT('',(98.395431253778,-81.84206009358,0.));
#4264 = DIRECTION('',(-0.984891824284,0.173170709006,0.));
#4265 = DIRECTION('',(0.173170709006,0.984891824284,0.));
#4266 = ADVANCED_FACE('',(#4267),#4285,.F.);
#4267 = FACE_BOUND('',#4268,.F.);
#4268 = EDGE_LOOP('',(#4269,#4277,#4278,#4279));
#4269 = ORIENTED_EDGE('',*,*,#4270,.T.);
#4270 = EDGE_CURVE('',#4271,#1257,#4273,.T.);
#4271 = VERTEX_POINT('',#4272);
#4272 = CARTESIAN_POINT('',(98.199536465503,-82.89050126281,0.));
#4273 = LINE('',#4274,#4275);
#4274 = CARTESIAN_POINT('',(98.199536465503,-82.89050126281,0.));
#4275 = VECTOR('',#4276,1.);
#4276 = DIRECTION('',(0.,0.,1.));
#4277 = ORIENTED_EDGE('',*,*,#1264,.T.);
#4278 = ORIENTED_EDGE('',*,*,#4246,.F.);
#4279 = ORIENTED_EDGE('',*,*,#4280,.F.);
#4280 = EDGE_CURVE('',#4271,#4247,#4281,.T.);
#4281 = LINE('',#4282,#4283);
#4282 = CARTESIAN_POINT('',(98.199536465503,-82.89050126281,0.));
#4283 = VECTOR('',#4284,1.);
#4284 = DIRECTION('',(0.183665418531,0.982988816842,0.));
#4285 = PLANE('',#4286);
#4286 = AXIS2_PLACEMENT_3D('',#4287,#4288,#4289);
#4287 = CARTESIAN_POINT('',(98.199536465503,-82.89050126281,0.));
#4288 = DIRECTION('',(-0.982988816842,0.183665418531,0.));
#4289 = DIRECTION('',(0.183665418531,0.982988816842,0.));
#4290 = ADVANCED_FACE('',(#4291),#4309,.F.);
#4291 = FACE_BOUND('',#4292,.F.);
#4292 = EDGE_LOOP('',(#4293,#4301,#4302,#4303));
#4293 = ORIENTED_EDGE('',*,*,#4294,.T.);
#4294 = EDGE_CURVE('',#4295,#1249,#4297,.T.);
#4295 = VERTEX_POINT('',#4296);
#4296 = CARTESIAN_POINT('',(97.992470462083,-83.93679344172,0.));
#4297 = LINE('',#4298,#4299);
#4298 = CARTESIAN_POINT('',(97.992470462083,-83.93679344172,0.));
#4299 = VECTOR('',#4300,1.);
#4300 = DIRECTION('',(0.,0.,1.));
#4301 = ORIENTED_EDGE('',*,*,#1256,.T.);
#4302 = ORIENTED_EDGE('',*,*,#4270,.F.);
#4303 = ORIENTED_EDGE('',*,*,#4304,.F.);
#4304 = EDGE_CURVE('',#4295,#4271,#4305,.T.);
#4305 = LINE('',#4306,#4307);
#4306 = CARTESIAN_POINT('',(97.992470462083,-83.93679344172,0.));
#4307 = VECTOR('',#4308,1.);
#4308 = DIRECTION('',(0.194139234211,0.980973984232,0.));
#4309 = PLANE('',#4310);
#4310 = AXIS2_PLACEMENT_3D('',#4311,#4312,#4313);
#4311 = CARTESIAN_POINT('',(97.992470462083,-83.93679344172,0.));
#4312 = DIRECTION('',(-0.980973984232,0.194139234211,0.));
#4313 = DIRECTION('',(0.194139234211,0.980973984232,0.));
#4314 = ADVANCED_FACE('',(#4315),#4333,.F.);
#4315 = FACE_BOUND('',#4316,.F.);
#4316 = EDGE_LOOP('',(#4317,#4325,#4326,#4327));
#4317 = ORIENTED_EDGE('',*,*,#4318,.T.);
#4318 = EDGE_CURVE('',#4319,#1241,#4321,.T.);
#4319 = VERTEX_POINT('',#4320);
#4320 = CARTESIAN_POINT('',(97.774256799423,-84.98081760372,0.));
#4321 = LINE('',#4322,#4323);
#4322 = CARTESIAN_POINT('',(97.774256799423,-84.98081760372,0.));
#4323 = VECTOR('',#4324,1.);
#4324 = DIRECTION('',(0.,0.,1.));
#4325 = ORIENTED_EDGE('',*,*,#1248,.T.);
#4326 = ORIENTED_EDGE('',*,*,#4294,.F.);
#4327 = ORIENTED_EDGE('',*,*,#4328,.F.);
#4328 = EDGE_CURVE('',#4319,#4295,#4329,.T.);
#4329 = LINE('',#4330,#4331);
#4330 = CARTESIAN_POINT('',(97.774256799423,-84.98081760372,0.));
#4331 = VECTOR('',#4332,1.);
#4332 = DIRECTION('',(0.204590964541,0.978847555663,0.));
#4333 = PLANE('',#4334);
#4334 = AXIS2_PLACEMENT_3D('',#4335,#4336,#4337);
#4335 = CARTESIAN_POINT('',(97.774256799423,-84.98081760372,0.));
#4336 = DIRECTION('',(-0.978847555663,0.204590964541,0.));
#4337 = DIRECTION('',(0.204590964541,0.978847555663,0.));
#4338 = ADVANCED_FACE('',(#4339),#4357,.F.);
#4339 = FACE_BOUND('',#4340,.F.);
#4340 = EDGE_LOOP('',(#4341,#4349,#4350,#4351));
#4341 = ORIENTED_EDGE('',*,*,#4342,.T.);
#4342 = EDGE_CURVE('',#4343,#1233,#4345,.T.);
#4343 = VERTEX_POINT('',#4344);
#4344 = CARTESIAN_POINT('',(97.544920301588,-86.02245498024,0.));
#4345 = LINE('',#4346,#4347);
#4346 = CARTESIAN_POINT('',(97.544920301588,-86.02245498024,0.));
#4347 = VECTOR('',#4348,1.);
#4348 = DIRECTION('',(0.,0.,1.));
#4349 = ORIENTED_EDGE('',*,*,#1240,.T.);
#4350 = ORIENTED_EDGE('',*,*,#4318,.F.);
#4351 = ORIENTED_EDGE('',*,*,#4352,.F.);
#4352 = EDGE_CURVE('',#4343,#4319,#4353,.T.);
#4353 = LINE('',#4354,#4355);
#4354 = CARTESIAN_POINT('',(97.544920301588,-86.02245498024,0.));
#4355 = VECTOR('',#4356,1.);
#4356 = DIRECTION('',(0.215019420528,0.976609773039,0.));
#4357 = PLANE('',#4358);
#4358 = AXIS2_PLACEMENT_3D('',#4359,#4360,#4361);
#4359 = CARTESIAN_POINT('',(97.544920301588,-86.02245498024,0.));
#4360 = DIRECTION('',(-0.976609773039,0.215019420528,0.));
#4361 = DIRECTION('',(0.215019420528,0.976609773039,0.));
#4362 = ADVANCED_FACE('',(#4363),#4381,.F.);
#4363 = FACE_BOUND('',#4364,.F.);
#4364 = EDGE_LOOP('',(#4365,#4373,#4374,#4375));
#4365 = ORIENTED_EDGE('',*,*,#4366,.T.);
#4366 = EDGE_CURVE('',#4367,#1225,#4369,.T.);
#4367 = VERTEX_POINT('',#4368);
#4368 = CARTESIAN_POINT('',(97.304487057982,-87.06158707424,0.));
#4369 = LINE('',#4370,#4371);
#4370 = CARTESIAN_POINT('',(97.304487057982,-87.06158707424,0.));
#4371 = VECTOR('',#4372,1.);
#4372 = DIRECTION('',(0.,0.,1.));
#4373 = ORIENTED_EDGE('',*,*,#1232,.T.);
#4374 = ORIENTED_EDGE('',*,*,#4342,.F.);
#4375 = ORIENTED_EDGE('',*,*,#4376,.F.);
#4376 = EDGE_CURVE('',#4367,#4343,#4377,.T.);
#4377 = LINE('',#4378,#4379);
#4378 = CARTESIAN_POINT('',(97.304487057982,-87.06158707424,0.));
#4379 = VECTOR('',#4380,1.);
#4380 = DIRECTION('',(0.225423415826,0.974260890931,0.));
#4381 = PLANE('',#4382);
#4382 = AXIS2_PLACEMENT_3D('',#4383,#4384,#4385);
#4383 = CARTESIAN_POINT('',(97.304487057982,-87.06158707424,0.));
#4384 = DIRECTION('',(-0.974260890931,0.225423415826,0.));
#4385 = DIRECTION('',(0.225423415826,0.974260890931,0.));
#4386 = ADVANCED_FACE('',(#4387),#4405,.F.);
#4387 = FACE_BOUND('',#4388,.F.);
#4388 = EDGE_LOOP('',(#4389,#4397,#4398,#4399));
#4389 = ORIENTED_EDGE('',*,*,#4390,.T.);
#4390 = EDGE_CURVE('',#4391,#1217,#4393,.T.);
#4391 = VERTEX_POINT('',#4392);
#4392 = CARTESIAN_POINT('',(97.05298442038,-88.09809567367,0.));
#4393 = LINE('',#4394,#4395);
#4394 = CARTESIAN_POINT('',(97.05298442038,-88.09809567367,0.));
#4395 = VECTOR('',#4396,1.);
#4396 = DIRECTION('',(0.,0.,1.));
#4397 = ORIENTED_EDGE('',*,*,#1224,.T.);
#4398 = ORIENTED_EDGE('',*,*,#4366,.F.);
#4399 = ORIENTED_EDGE('',*,*,#4400,.F.);
#4400 = EDGE_CURVE('',#4391,#4367,#4401,.T.);
#4401 = LINE('',#4402,#4403);
#4402 = CARTESIAN_POINT('',(97.05298442038,-88.09809567367,0.));
#4403 = VECTOR('',#4404,1.);
#4404 = DIRECTION('',(0.235801766875,0.971801176547,0.));
#4405 = PLANE('',#4406);
#4406 = AXIS2_PLACEMENT_3D('',#4407,#4408,#4409);
#4407 = CARTESIAN_POINT('',(97.05298442038,-88.09809567367,0.));
#4408 = DIRECTION('',(-0.971801176547,0.235801766875,0.));
#4409 = DIRECTION('',(0.235801766875,0.971801176547,0.));
#4410 = ADVANCED_FACE('',(#4411),#4429,.F.);
#4411 = FACE_BOUND('',#4412,.F.);
#4412 = EDGE_LOOP('',(#4413,#4421,#4422,#4423));
#4413 = ORIENTED_EDGE('',*,*,#4414,.T.);
#4414 = EDGE_CURVE('',#4415,#1209,#4417,.T.);
#4415 = VERTEX_POINT('',#4416);
#4416 = CARTESIAN_POINT('',(96.790440999812,-89.13186286493,0.));
#4417 = LINE('',#4418,#4419);
#4418 = CARTESIAN_POINT('',(96.790440999812,-89.13186286493,0.));
#4419 = VECTOR('',#4420,1.);
#4420 = DIRECTION('',(0.,0.,1.));
#4421 = ORIENTED_EDGE('',*,*,#1216,.T.);
#4422 = ORIENTED_EDGE('',*,*,#4390,.F.);
#4423 = ORIENTED_EDGE('',*,*,#4424,.F.);
#4424 = EDGE_CURVE('',#4415,#4391,#4425,.T.);
#4425 = LINE('',#4426,#4427);
#4426 = CARTESIAN_POINT('',(96.790440999812,-89.13186286493,0.));
#4427 = VECTOR('',#4428,1.);
#4428 = DIRECTION('',(0.246153293029,0.969230909707,0.));
#4429 = PLANE('',#4430);
#4430 = AXIS2_PLACEMENT_3D('',#4431,#4432,#4433);
#4431 = CARTESIAN_POINT('',(96.790440999812,-89.13186286493,0.));
#4432 = DIRECTION('',(-0.969230909707,0.246153293029,0.));
#4433 = DIRECTION('',(0.246153293029,0.969230909707,0.));
#4434 = ADVANCED_FACE('',(#4435),#4453,.F.);
#4435 = FACE_BOUND('',#4436,.F.);
#4436 = EDGE_LOOP('',(#4437,#4445,#4446,#4447));
#4437 = ORIENTED_EDGE('',*,*,#4438,.T.);
#4438 = EDGE_CURVE('',#4439,#1201,#4441,.T.);
#4439 = VERTEX_POINT('',#4440);
#4440 = CARTESIAN_POINT('',(96.516886663315,-90.16277104629,0.));
#4441 = LINE('',#4442,#4443);
#4442 = CARTESIAN_POINT('',(96.516886663315,-90.16277104629,0.));
#4443 = VECTOR('',#4444,1.);
#4444 = DIRECTION('',(0.,0.,1.));
#4445 = ORIENTED_EDGE('',*,*,#1208,.T.);
#4446 = ORIENTED_EDGE('',*,*,#4414,.F.);
#4447 = ORIENTED_EDGE('',*,*,#4448,.F.);
#4448 = EDGE_CURVE('',#4439,#4415,#4449,.T.);
#4449 = LINE('',#4450,#4451);
#4450 = CARTESIAN_POINT('',(96.516886663315,-90.16277104629,0.));
#4451 = VECTOR('',#4452,1.);
#4452 = DIRECTION('',(0.256476816694,0.966550382804,0.));
#4453 = PLANE('',#4454);
#4454 = AXIS2_PLACEMENT_3D('',#4455,#4456,#4457);
#4455 = CARTESIAN_POINT('',(96.516886663315,-90.16277104629,0.));
#4456 = DIRECTION('',(-0.966550382804,0.256476816694,0.));
#4457 = DIRECTION('',(0.256476816694,0.966550382804,0.));
#4458 = ADVANCED_FACE('',(#4459),#4477,.F.);
#4459 = FACE_BOUND('',#4460,.F.);
#4460 = EDGE_LOOP('',(#4461,#4469,#4470,#4471));
#4461 = ORIENTED_EDGE('',*,*,#4462,.T.);
#4462 = EDGE_CURVE('',#4463,#1193,#4465,.T.);
#4463 = VERTEX_POINT('',#4464);
#4464 = CARTESIAN_POINT('',(96.232352530529,-91.19070294126,0.));
#4465 = LINE('',#4466,#4467);
#4466 = CARTESIAN_POINT('',(96.232352530529,-91.19070294126,0.));
#4467 = VECTOR('',#4468,1.);
#4468 = DIRECTION('',(0.,0.,1.));
#4469 = ORIENTED_EDGE('',*,*,#1200,.T.);
#4470 = ORIENTED_EDGE('',*,*,#4438,.F.);
#4471 = ORIENTED_EDGE('',*,*,#4472,.F.);
#4472 = EDGE_CURVE('',#4463,#4439,#4473,.T.);
#4473 = LINE('',#4474,#4475);
#4474 = CARTESIAN_POINT('',(96.232352530529,-91.19070294126,0.));
#4475 = VECTOR('',#4476,1.);
#4476 = DIRECTION('',(0.266771163463,0.963759900776,0.));
#4477 = PLANE('',#4478);
#4478 = AXIS2_PLACEMENT_3D('',#4479,#4480,#4481);
#4479 = CARTESIAN_POINT('',(96.232352530529,-91.19070294126,0.));
#4480 = DIRECTION('',(-0.963759900776,0.266771163463,0.));
#4481 = DIRECTION('',(0.266771163463,0.963759900776,0.));
#4482 = ADVANCED_FACE('',(#4483),#4501,.F.);
#4483 = FACE_BOUND('',#4484,.F.);
#4484 = EDGE_LOOP('',(#4485,#4493,#4494,#4495));
#4485 = ORIENTED_EDGE('',*,*,#4486,.T.);
#4486 = EDGE_CURVE('',#4487,#1185,#4489,.T.);
#4487 = VERTEX_POINT('',#4488);
#4488 = CARTESIAN_POINT('',(95.936870970162,-92.21554161192,0.));
#4489 = LINE('',#4490,#4491);
#4490 = CARTESIAN_POINT('',(95.936870970162,-92.21554161192,0.));
#4491 = VECTOR('',#4492,1.);
#4492 = DIRECTION('',(0.,0.,1.));
#4493 = ORIENTED_EDGE('',*,*,#1192,.T.);
#4494 = ORIENTED_EDGE('',*,*,#4462,.F.);
#4495 = ORIENTED_EDGE('',*,*,#4496,.F.);
#4496 = EDGE_CURVE('',#4487,#4463,#4497,.T.);
#4497 = LINE('',#4498,#4499);
#4498 = CARTESIAN_POINT('',(95.936870970162,-92.21554161192,0.));
#4499 = VECTOR('',#4500,1.);
#4500 = DIRECTION('',(0.277035162247,0.960859781071,0.));
#4501 = PLANE('',#4502);
#4502 = AXIS2_PLACEMENT_3D('',#4503,#4504,#4505);
#4503 = CARTESIAN_POINT('',(95.936870970162,-92.21554161192,0.));
#4504 = DIRECTION('',(-0.960859781071,0.277035162247,0.));
#4505 = DIRECTION('',(0.277035162247,0.960859781071,0.));
#4506 = ADVANCED_FACE('',(#4507),#4518,.F.);
#4507 = FACE_BOUND('',#4508,.F.);
#4508 = EDGE_LOOP('',(#4509,#4510,#4511,#4512));
#4509 = ORIENTED_EDGE('',*,*,#1752,.T.);
#4510 = ORIENTED_EDGE('',*,*,#1184,.T.);
#4511 = ORIENTED_EDGE('',*,*,#4486,.F.);
#4512 = ORIENTED_EDGE('',*,*,#4513,.F.);
#4513 = EDGE_CURVE('',#1743,#4487,#4514,.T.);
#4514 = LINE('',#4515,#4516);
#4515 = CARTESIAN_POINT('',(95.630475596304,-93.23717047227,0.));
#4516 = VECTOR('',#4517,1.);
#4517 = DIRECTION('',(0.287267645409,0.957850353605,0.));
#4518 = PLANE('',#4519);
#4519 = AXIS2_PLACEMENT_3D('',#4520,#4521,#4522);
#4520 = CARTESIAN_POINT('',(95.630475596304,-93.23717047227,0.));
#4521 = DIRECTION('',(-0.957850353605,0.287267645409,0.));
#4522 = DIRECTION('',(0.287267645409,0.957850353605,0.));
#4523 = ADVANCED_FACE('',(#4524),#4540,.F.);
#4524 = FACE_BOUND('',#4525,.F.);
#4525 = EDGE_LOOP('',(#4526,#4527,#4533,#4534));
#4526 = ORIENTED_EDGE('',*,*,#1814,.T.);
#4527 = ORIENTED_EDGE('',*,*,#4528,.T.);
#4528 = EDGE_CURVE('',#1817,#2378,#4529,.T.);
#4529 = LINE('',#4530,#4531);
#4530 = CARTESIAN_POINT('',(-40.42388866749,-18.31456222166,9.));
#4531 = VECTOR('',#4532,1.);
#4532 = DIRECTION('',(-0.443796518676,-0.896127585788,0.));
#4533 = ORIENTED_EDGE('',*,*,#2385,.F.);
#4534 = ORIENTED_EDGE('',*,*,#4535,.F.);
#4535 = EDGE_CURVE('',#1815,#2386,#4536,.T.);
#4536 = LINE('',#4537,#4538);
#4537 = CARTESIAN_POINT('',(-46.69678176801,-15.20798659093,9.));
#4538 = VECTOR('',#4539,1.);
#4539 = DIRECTION('',(-0.443796518676,-0.896127585788,0.));
#4540 = PLANE('',#4541);
#4541 = AXIS2_PLACEMENT_3D('',#4542,#4543,#4544);
#4542 = CARTESIAN_POINT('',(-40.42388866749,-18.31456222166,9.));
#4543 = DIRECTION('',(0.,0.,-1.));
#4544 = DIRECTION('',(-0.896127585788,0.443796518676,0.));
#4545 = ADVANCED_FACE('',(#4546),#4557,.F.);
#4546 = FACE_BOUND('',#4547,.F.);
#4547 = EDGE_LOOP('',(#4548,#4549,#4550,#4551));
#4548 = ORIENTED_EDGE('',*,*,#1824,.T.);
#4549 = ORIENTED_EDGE('',*,*,#4535,.T.);
#4550 = ORIENTED_EDGE('',*,*,#2393,.F.);
#4551 = ORIENTED_EDGE('',*,*,#4552,.F.);
#4552 = EDGE_CURVE('',#1825,#2394,#4553,.T.);
#4553 = LINE('',#4554,#4555);
#4554 = CARTESIAN_POINT('',(-46.69678176801,-15.20798659093,13.));
#4555 = VECTOR('',#4556,1.);
#4556 = DIRECTION('',(-0.443796518676,-0.896127585788,0.));
#4557 = PLANE('',#4558);
#4558 = AXIS2_PLACEMENT_3D('',#4559,#4560,#4561);
#4559 = CARTESIAN_POINT('',(-46.69678176801,-15.20798659093,9.));
#4560 = DIRECTION('',(-0.896127585788,0.443796518676,0.));
#4561 = DIRECTION('',(0.,0.,1.));
#4562 = ADVANCED_FACE('',(#4563),#4575,.F.);
#4563 = FACE_BOUND('',#4564,.F.);
#4564 = EDGE_LOOP('',(#4565,#4566,#4567,#4568,#4569));
#4565 = ORIENTED_EDGE('',*,*,#1832,.T.);
#4566 = ORIENTED_EDGE('',*,*,#4552,.T.);
#4567 = ORIENTED_EDGE('',*,*,#2401,.F.);
#4568 = ORIENTED_EDGE('',*,*,#2441,.F.);
#4569 = ORIENTED_EDGE('',*,*,#4570,.F.);
#4570 = EDGE_CURVE('',#1833,#2442,#4571,.T.);
#4571 = LINE('',#4572,#4573);
#4572 = CARTESIAN_POINT('',(-43.56033521775,-16.76127440629,16.5));
#4573 = VECTOR('',#4574,1.);
#4574 = DIRECTION('',(-0.443796518676,-0.896127585788,0.));
#4575 = PLANE('',#4576);
#4576 = AXIS2_PLACEMENT_3D('',#4577,#4578,#4579);
#4577 = CARTESIAN_POINT('',(-46.69678176801,-15.20798659093,13.));
#4578 = DIRECTION('',(-0.633657892719,0.313811527823,0.707106781187));
#4579 = DIRECTION('',(0.633657892719,-0.313811527823,0.707106781186));
#4580 = ADVANCED_FACE('',(#4581),#4593,.F.);
#4581 = FACE_BOUND('',#4582,.F.);
#4582 = EDGE_LOOP('',(#4583,#4584,#4585,#4586,#4587));
#4583 = ORIENTED_EDGE('',*,*,#1840,.T.);
#4584 = ORIENTED_EDGE('',*,*,#4570,.T.);
#4585 = ORIENTED_EDGE('',*,*,#2449,.F.);
#4586 = ORIENTED_EDGE('',*,*,#2369,.F.);
#4587 = ORIENTED_EDGE('',*,*,#4588,.F.);
#4588 = EDGE_CURVE('',#1841,#2370,#4589,.T.);
#4589 = LINE('',#4590,#4591);
#4590 = CARTESIAN_POINT('',(-40.42388866749,-18.31456222166,13.));
#4591 = VECTOR('',#4592,1.);
#4592 = DIRECTION('',(-0.443796518676,-0.896127585788,0.));
#4593 = PLANE('',#4594);
#4594 = AXIS2_PLACEMENT_3D('',#4595,#4596,#4597);
#4595 = CARTESIAN_POINT('',(-43.56033521775,-16.76127440629,16.5));
#4596 = DIRECTION('',(0.633657892719,-0.313811527823,0.707106781187));
#4597 = DIRECTION('',(0.633657892719,-0.313811527823,-0.707106781186));
#4598 = ADVANCED_FACE('',(#4599),#4605,.F.);
#4599 = FACE_BOUND('',#4600,.F.);
#4600 = EDGE_LOOP('',(#4601,#4602,#4603,#4604));
#4601 = ORIENTED_EDGE('',*,*,#1848,.T.);
#4602 = ORIENTED_EDGE('',*,*,#4588,.T.);
#4603 = ORIENTED_EDGE('',*,*,#2377,.F.);
#4604 = ORIENTED_EDGE('',*,*,#4528,.F.);
#4605 = PLANE('',#4606);
#4606 = AXIS2_PLACEMENT_3D('',#4607,#4608,#4609);
#4607 = CARTESIAN_POINT('',(-40.42388866749,-18.31456222166,13.));
#4608 = DIRECTION('',(0.896127585788,-0.443796518676,0.));
#4609 = DIRECTION('',(0.,0.,-1.));
#4610 = ADVANCED_FACE('',(#4611),#4617,.T.);
#4611 = FACE_BOUND('',#4612,.T.);
#4612 = EDGE_LOOP('',(#4613,#4614,#4615,#4616));
#4613 = ORIENTED_EDGE('',*,*,#2560,.F.);
#4614 = ORIENTED_EDGE('',*,*,#1890,.T.);
#4615 = ORIENTED_EDGE('',*,*,#2501,.T.);
#4616 = ORIENTED_EDGE('',*,*,#2936,.T.);
#4617 = PLANE('',#4618);
#4618 = AXIS2_PLACEMENT_3D('',#4619,#4620,#4621);
#4619 = CARTESIAN_POINT('',(82.366926956607,-43.29518549407,8.));
#4620 = DIRECTION('',(0.,0.,1.));
#4621 = DIRECTION('',(0.896127585788,0.443796518676,0.));
#4622 = ADVANCED_FACE('',(#4623),#4659,.T.);
#4623 = FACE_BOUND('',#4624,.T.);
#4624 = EDGE_LOOP('',(#4625,#4635,#4641,#4642,#4648,#4649,#4650,#4651,
    #4652,#4653));
#4625 = ORIENTED_EDGE('',*,*,#4626,.F.);
#4626 = EDGE_CURVE('',#4627,#4629,#4631,.T.);
#4627 = VERTEX_POINT('',#4628);
#4628 = CARTESIAN_POINT('',(26.390530674046,-39.3249135616,8.2));
#4629 = VERTEX_POINT('',#4630);
#4630 = CARTESIAN_POINT('',(26.390530674046,-39.3249135616,13.4));
#4631 = LINE('',#4632,#4633);
#4632 = CARTESIAN_POINT('',(26.390530674046,-39.3249135616,8.2));
#4633 = VECTOR('',#4634,1.);
#4634 = DIRECTION('',(0.,0.,1.));
#4635 = ORIENTED_EDGE('',*,*,#4636,.T.);
#4636 = EDGE_CURVE('',#4627,#1911,#4637,.T.);
#4637 = LINE('',#4638,#4639);
#4638 = CARTESIAN_POINT('',(26.390530674046,-39.3249135616,8.2));
#4639 = VECTOR('',#4640,1.);
#4640 = DIRECTION('',(0.896127585788,0.443796518676,0.));
#4641 = ORIENTED_EDGE('',*,*,#1908,.F.);
#4642 = ORIENTED_EDGE('',*,*,#4643,.F.);
#4643 = EDGE_CURVE('',#2630,#1909,#4644,.T.);
#4644 = LINE('',#4645,#4646);
#4645 = CARTESIAN_POINT('',(26.390530674046,-39.3249135616,13.4));
#4646 = VECTOR('',#4647,1.);
#4647 = DIRECTION('',(0.896127585788,0.443796518676,0.));
#4648 = ORIENTED_EDGE('',*,*,#2629,.F.);
#4649 = ORIENTED_EDGE('',*,*,#2605,.F.);
#4650 = ORIENTED_EDGE('',*,*,#2574,.F.);
#4651 = ORIENTED_EDGE('',*,*,#2693,.F.);
#4652 = ORIENTED_EDGE('',*,*,#2679,.F.);
#4653 = ORIENTED_EDGE('',*,*,#4654,.F.);
#4654 = EDGE_CURVE('',#4629,#2662,#4655,.T.);
#4655 = LINE('',#4656,#4657);
#4656 = CARTESIAN_POINT('',(26.390530674046,-39.3249135616,13.4));
#4657 = VECTOR('',#4658,1.);
#4658 = DIRECTION('',(0.896127585788,0.443796518676,0.));
#4659 = PLANE('',#4660);
#4660 = AXIS2_PLACEMENT_3D('',#4661,#4662,#4663);
#4661 = CARTESIAN_POINT('',(26.390530674046,-39.3249135616,8.2));
#4662 = DIRECTION('',(0.443796518676,-0.896127585788,0.));
#4663 = DIRECTION('',(0.,0.,1.));
#4664 = ADVANCED_FACE('',(#4665),#4683,.T.);
#4665 = FACE_BOUND('',#4666,.T.);
#4666 = EDGE_LOOP('',(#4667,#4675,#4681,#4682));
#4667 = ORIENTED_EDGE('',*,*,#4668,.F.);
#4668 = EDGE_CURVE('',#4669,#4627,#4671,.T.);
#4669 = VERTEX_POINT('',#4670);
#4670 = CARTESIAN_POINT('',(35.62149826251,-57.964367346,8.2));
#4671 = LINE('',#4672,#4673);
#4672 = CARTESIAN_POINT('',(35.62149826251,-57.964367346,8.2));
#4673 = VECTOR('',#4674,1.);
#4674 = DIRECTION('',(-0.443796518676,0.896127585788,0.));
#4675 = ORIENTED_EDGE('',*,*,#4676,.T.);
#4676 = EDGE_CURVE('',#4669,#1919,#4677,.T.);
#4677 = LINE('',#4678,#4679);
#4678 = CARTESIAN_POINT('',(35.62149826251,-57.964367346,8.2));
#4679 = VECTOR('',#4680,1.);
#4680 = DIRECTION('',(0.896127585788,0.443796518676,0.));
#4681 = ORIENTED_EDGE('',*,*,#1918,.F.);
#4682 = ORIENTED_EDGE('',*,*,#4636,.F.);
#4683 = PLANE('',#4684);
#4684 = AXIS2_PLACEMENT_3D('',#4685,#4686,#4687);
#4685 = CARTESIAN_POINT('',(35.62149826251,-57.964367346,8.2));
#4686 = DIRECTION('',(0.,0.,1.));
#4687 = DIRECTION('',(-0.443796518676,0.896127585788,0.));
#4688 = ADVANCED_FACE('',(#4689),#4718,.T.);
#4689 = FACE_BOUND('',#4690,.T.);
#4690 = EDGE_LOOP('',(#4691,#4699,#4705,#4706,#4707,#4708,#4709,#4710,
    #4716,#4717));
#4691 = ORIENTED_EDGE('',*,*,#4692,.F.);
#4692 = EDGE_CURVE('',#4693,#4669,#4695,.T.);
#4693 = VERTEX_POINT('',#4694);
#4694 = CARTESIAN_POINT('',(35.62149826251,-57.964367346,13.4));
#4695 = LINE('',#4696,#4697);
#4696 = CARTESIAN_POINT('',(35.62149826251,-57.964367346,13.4));
#4697 = VECTOR('',#4698,1.);
#4698 = DIRECTION('',(0.,0.,-1.));
#4699 = ORIENTED_EDGE('',*,*,#4700,.T.);
#4700 = EDGE_CURVE('',#4693,#2046,#4701,.T.);
#4701 = LINE('',#4702,#4703);
#4702 = CARTESIAN_POINT('',(35.62149826251,-57.964367346,13.4));
#4703 = VECTOR('',#4704,1.);
#4704 = DIRECTION('',(0.896127585788,0.443796518676,0.));
#4705 = ORIENTED_EDGE('',*,*,#2053,.F.);
#4706 = ORIENTED_EDGE('',*,*,#2077,.F.);
#4707 = ORIENTED_EDGE('',*,*,#1965,.F.);
#4708 = ORIENTED_EDGE('',*,*,#1989,.F.);
#4709 = ORIENTED_EDGE('',*,*,#2013,.F.);
#4710 = ORIENTED_EDGE('',*,*,#4711,.T.);
#4711 = EDGE_CURVE('',#2014,#1927,#4712,.T.);
#4712 = LINE('',#4713,#4714);
#4713 = CARTESIAN_POINT('',(35.62149826251,-57.964367346,13.4));
#4714 = VECTOR('',#4715,1.);
#4715 = DIRECTION('',(0.896127585788,0.443796518676,0.));
#4716 = ORIENTED_EDGE('',*,*,#1926,.F.);
#4717 = ORIENTED_EDGE('',*,*,#4676,.F.);
#4718 = PLANE('',#4719);
#4719 = AXIS2_PLACEMENT_3D('',#4720,#4721,#4722);
#4720 = CARTESIAN_POINT('',(35.62149826251,-57.964367346,13.4));
#4721 = DIRECTION('',(-0.443796518676,0.896127585788,0.));
#4722 = DIRECTION('',(0.,0.,-1.));
#4723 = ADVANCED_FACE('',(#4724),#4745,.T.);
#4724 = FACE_BOUND('',#4725,.T.);
#4725 = EDGE_LOOP('',(#4726,#4734,#4740,#4741,#4742,#4743,#4744));
#4726 = ORIENTED_EDGE('',*,*,#4727,.F.);
#4727 = EDGE_CURVE('',#4728,#4693,#4730,.T.);
#4728 = VERTEX_POINT('',#4729);
#4729 = CARTESIAN_POINT('',(31.006014468278,-48.6446404538,23.4));
#4730 = LINE('',#4731,#4732);
#4731 = CARTESIAN_POINT('',(31.006014468278,-48.6446404538,23.4));
#4732 = VECTOR('',#4733,1.);
#4733 = DIRECTION('',(0.31990320475,-0.645958394207,-0.693108716252));
#4734 = ORIENTED_EDGE('',*,*,#4735,.T.);
#4735 = EDGE_CURVE('',#4728,#1935,#4736,.T.);
#4736 = LINE('',#4737,#4738);
#4737 = CARTESIAN_POINT('',(31.006014468278,-48.6446404538,23.4));
#4738 = VECTOR('',#4739,1.);
#4739 = DIRECTION('',(0.896127585788,0.443796518676,0.));
#4740 = ORIENTED_EDGE('',*,*,#1934,.F.);
#4741 = ORIENTED_EDGE('',*,*,#4711,.F.);
#4742 = ORIENTED_EDGE('',*,*,#2021,.F.);
#4743 = ORIENTED_EDGE('',*,*,#2045,.F.);
#4744 = ORIENTED_EDGE('',*,*,#4700,.F.);
#4745 = PLANE('',#4746);
#4746 = AXIS2_PLACEMENT_3D('',#4747,#4748,#4749);
#4747 = CARTESIAN_POINT('',(31.006014468278,-48.6446404538,23.4));
#4748 = DIRECTION('',(-0.307599235337,0.621113840584,-0.720833064902));
#4749 = DIRECTION('',(0.31990320475,-0.645958394207,-0.693108716252));
#4750 = ADVANCED_FACE('',(#4751),#4765,.T.);
#4751 = FACE_BOUND('',#4752,.T.);
#4752 = EDGE_LOOP('',(#4753,#4759,#4760,#4761,#4762,#4763,#4764));
#4753 = ORIENTED_EDGE('',*,*,#4754,.F.);
#4754 = EDGE_CURVE('',#4629,#4728,#4755,.T.);
#4755 = LINE('',#4756,#4757);
#4756 = CARTESIAN_POINT('',(26.390530674046,-39.3249135616,13.4));
#4757 = VECTOR('',#4758,1.);
#4758 = DIRECTION('',(0.31990320475,-0.645958394207,0.693108716252));
#4759 = ORIENTED_EDGE('',*,*,#4654,.T.);
#4760 = ORIENTED_EDGE('',*,*,#2661,.F.);
#4761 = ORIENTED_EDGE('',*,*,#2647,.F.);
#4762 = ORIENTED_EDGE('',*,*,#4643,.T.);
#4763 = ORIENTED_EDGE('',*,*,#1942,.F.);
#4764 = ORIENTED_EDGE('',*,*,#4735,.F.);
#4765 = PLANE('',#4766);
#4766 = AXIS2_PLACEMENT_3D('',#4767,#4768,#4769);
#4767 = CARTESIAN_POINT('',(26.390530674046,-39.3249135616,13.4));
#4768 = DIRECTION('',(0.307599235337,-0.621113840584,-0.720833064902));
#4769 = DIRECTION('',(0.31990320475,-0.645958394207,0.693108716252));
#4770 = ADVANCED_FACE('',(#4771),#4782,.T.);
#4771 = FACE_BOUND('',#4772,.T.);
#4772 = EDGE_LOOP('',(#4773,#4774,#4780,#4781));
#4773 = ORIENTED_EDGE('',*,*,#2173,.F.);
#4774 = ORIENTED_EDGE('',*,*,#4775,.T.);
#4775 = EDGE_CURVE('',#2174,#2238,#4776,.T.);
#4776 = LINE('',#4777,#4778);
#4777 = CARTESIAN_POINT('',(-78.9360384853,-4.821441144222,5.8));
#4778 = VECTOR('',#4779,1.);
#4779 = DIRECTION('',(-0.443796518676,-0.896127585788,0.));
#4780 = ORIENTED_EDGE('',*,*,#2237,.T.);
#4781 = ORIENTED_EDGE('',*,*,#2273,.F.);
#4782 = PLANE('',#4783);
#4783 = AXIS2_PLACEMENT_3D('',#4784,#4785,#4786);
#4784 = CARTESIAN_POINT('',(-78.9360384853,-4.821441144222,5.8));
#4785 = DIRECTION('',(-0.896127585788,0.443796518676,0.));
#4786 = DIRECTION('',(0.,0.,1.));
#4787 = ADVANCED_FACE('',(#4788),#4794,.F.);
#4788 = FACE_BOUND('',#4789,.F.);
#4789 = EDGE_LOOP('',(#4790,#4791,#4792,#4793));
#4790 = ORIENTED_EDGE('',*,*,#2214,.F.);
#4791 = ORIENTED_EDGE('',*,*,#2183,.T.);
#4792 = ORIENTED_EDGE('',*,*,#4775,.T.);
#4793 = ORIENTED_EDGE('',*,*,#2247,.F.);
#4794 = PLANE('',#4795);
#4795 = AXIS2_PLACEMENT_3D('',#4796,#4797,#4798);
#4796 = CARTESIAN_POINT('',(-66.39025228426,-11.03459240568,5.8));
#4797 = DIRECTION('',(0.,0.,1.));
#4798 = DIRECTION('',(-0.896127585788,0.443796518676,0.));
#4799 = ADVANCED_FACE('',(#4800),#4807,.T.);
#4800 = FACE_BOUND('',#4801,.T.);
#4801 = EDGE_LOOP('',(#4802,#4803,#4804,#4805,#4806));
#4802 = ORIENTED_EDGE('',*,*,#2329,.T.);
#4803 = ORIENTED_EDGE('',*,*,#2287,.T.);
#4804 = ORIENTED_EDGE('',*,*,#2464,.T.);
#4805 = ORIENTED_EDGE('',*,*,#2425,.T.);
#4806 = ORIENTED_EDGE('',*,*,#2353,.T.);
#4807 = PLANE('',#4808);
#4808 = AXIS2_PLACEMENT_3D('',#4809,#4810,#4811);
#4809 = CARTESIAN_POINT('',(-31.00601446827,-48.6446404538,
    13.551152018738));
#4810 = DIRECTION('',(-0.896127585788,0.443796518676,0.));
#4811 = DIRECTION('',(0.,0.,1.));
#4812 = ADVANCED_FACE('',(#4813),#4819,.T.);
#4813 = FACE_BOUND('',#4814,.T.);
#4814 = EDGE_LOOP('',(#4815,#4816,#4817,#4818));
#4815 = ORIENTED_EDGE('',*,*,#2756,.F.);
#4816 = ORIENTED_EDGE('',*,*,#2814,.T.);
#4817 = ORIENTED_EDGE('',*,*,#2853,.T.);
#4818 = ORIENTED_EDGE('',*,*,#2874,.F.);
#4819 = PLANE('',#4820);
#4820 = AXIS2_PLACEMENT_3D('',#4821,#4822,#4823);
#4821 = CARTESIAN_POINT('',(7.,39.,16.));
#4822 = DIRECTION('',(0.,0.,1.));
#4823 = DIRECTION('',(1.110223024625E-16,1.,0.));
#4824 = ADVANCED_FACE('',(#4825),#4832,.T.);
#4825 = FACE_BOUND('',#4826,.T.);
#4826 = EDGE_LOOP('',(#4827,#4828,#4829,#4830,#4831));
#4827 = ORIENTED_EDGE('',*,*,#4668,.T.);
#4828 = ORIENTED_EDGE('',*,*,#4626,.T.);
#4829 = ORIENTED_EDGE('',*,*,#4754,.T.);
#4830 = ORIENTED_EDGE('',*,*,#4727,.T.);
#4831 = ORIENTED_EDGE('',*,*,#4692,.T.);
#4832 = PLANE('',#4833);
#4833 = AXIS2_PLACEMENT_3D('',#4834,#4835,#4836);
#4834 = CARTESIAN_POINT('',(31.006014468278,-48.6446404538,
    13.551152018738));
#4835 = DIRECTION('',(0.896127585788,0.443796518676,0.));
#4836 = DIRECTION('',(0.,0.,1.));
#4837 = ADVANCED_FACE('',(#4838,#4917),#4920,.T.);
#4838 = FACE_BOUND('',#4839,.T.);
#4839 = EDGE_LOOP('',(#4840,#4841,#4842,#4843,#4844,#4845,#4846,#4847,
    #4848,#4849,#4850,#4851,#4852,#4853,#4854,#4855,#4856,#4857,#4858,
    #4859,#4860,#4861,#4862,#4863,#4864,#4865,#4866,#4867,#4868,#4869,
    #4870,#4871,#4872,#4873,#4874,#4875,#4876,#4877,#4878,#4879,#4880,
    #4881,#4882,#4883,#4884,#4885,#4886,#4887,#4888,#4889,#4890,#4891,
    #4892,#4893,#4894,#4895,#4896,#4897,#4898,#4899,#4900,#4901,#4902,
    #4903,#4904,#4905,#4906,#4907,#4908,#4909,#4910,#4911,#4912,#4913,
    #4914,#4915,#4916));
#4840 = ORIENTED_EDGE('',*,*,#229,.F.);
#4841 = ORIENTED_EDGE('',*,*,#1766,.T.);
#4842 = ORIENTED_EDGE('',*,*,#2783,.T.);
#4843 = ORIENTED_EDGE('',*,*,#2867,.T.);
#4844 = ORIENTED_EDGE('',*,*,#2837,.F.);
#4845 = ORIENTED_EDGE('',*,*,#2805,.F.);
#4846 = ORIENTED_EDGE('',*,*,#2774,.T.);
#4847 = ORIENTED_EDGE('',*,*,#1072,.F.);
#4848 = ORIENTED_EDGE('',*,*,#263,.F.);
#4849 = ORIENTED_EDGE('',*,*,#1112,.F.);
#4850 = ORIENTED_EDGE('',*,*,#2960,.F.);
#4851 = ORIENTED_EDGE('',*,*,#2984,.F.);
#4852 = ORIENTED_EDGE('',*,*,#3008,.F.);
#4853 = ORIENTED_EDGE('',*,*,#3032,.F.);
#4854 = ORIENTED_EDGE('',*,*,#3056,.F.);
#4855 = ORIENTED_EDGE('',*,*,#3080,.F.);
#4856 = ORIENTED_EDGE('',*,*,#3104,.F.);
#4857 = ORIENTED_EDGE('',*,*,#3128,.F.);
#4858 = ORIENTED_EDGE('',*,*,#3152,.F.);
#4859 = ORIENTED_EDGE('',*,*,#3176,.F.);
#4860 = ORIENTED_EDGE('',*,*,#3200,.F.);
#4861 = ORIENTED_EDGE('',*,*,#3224,.F.);
#4862 = ORIENTED_EDGE('',*,*,#3248,.F.);
#4863 = ORIENTED_EDGE('',*,*,#3272,.F.);
#4864 = ORIENTED_EDGE('',*,*,#3296,.F.);
#4865 = ORIENTED_EDGE('',*,*,#3320,.F.);
#4866 = ORIENTED_EDGE('',*,*,#3344,.F.);
#4867 = ORIENTED_EDGE('',*,*,#3368,.F.);
#4868 = ORIENTED_EDGE('',*,*,#3392,.F.);
#4869 = ORIENTED_EDGE('',*,*,#3416,.F.);
#4870 = ORIENTED_EDGE('',*,*,#3440,.F.);
#4871 = ORIENTED_EDGE('',*,*,#3464,.F.);
#4872 = ORIENTED_EDGE('',*,*,#3488,.F.);
#4873 = ORIENTED_EDGE('',*,*,#3512,.F.);
#4874 = ORIENTED_EDGE('',*,*,#3536,.F.);
#4875 = ORIENTED_EDGE('',*,*,#3560,.F.);
#4876 = ORIENTED_EDGE('',*,*,#3584,.F.);
#4877 = ORIENTED_EDGE('',*,*,#3608,.F.);
#4878 = ORIENTED_EDGE('',*,*,#3632,.F.);
#4879 = ORIENTED_EDGE('',*,*,#3656,.F.);
#4880 = ORIENTED_EDGE('',*,*,#3680,.F.);
#4881 = ORIENTED_EDGE('',*,*,#3694,.F.);
#4882 = ORIENTED_EDGE('',*,*,#3726,.F.);
#4883 = ORIENTED_EDGE('',*,*,#3742,.F.);
#4884 = ORIENTED_EDGE('',*,*,#3766,.F.);
#4885 = ORIENTED_EDGE('',*,*,#3800,.F.);
#4886 = ORIENTED_EDGE('',*,*,#3824,.F.);
#4887 = ORIENTED_EDGE('',*,*,#3848,.F.);
#4888 = ORIENTED_EDGE('',*,*,#3872,.F.);
#4889 = ORIENTED_EDGE('',*,*,#3896,.F.);
#4890 = ORIENTED_EDGE('',*,*,#3920,.F.);
#4891 = ORIENTED_EDGE('',*,*,#3944,.F.);
#4892 = ORIENTED_EDGE('',*,*,#3968,.F.);
#4893 = ORIENTED_EDGE('',*,*,#3992,.F.);
#4894 = ORIENTED_EDGE('',*,*,#4016,.F.);
#4895 = ORIENTED_EDGE('',*,*,#4040,.F.);
#4896 = ORIENTED_EDGE('',*,*,#4064,.F.);
#4897 = ORIENTED_EDGE('',*,*,#4088,.F.);
#4898 = ORIENTED_EDGE('',*,*,#4112,.F.);
#4899 = ORIENTED_EDGE('',*,*,#4136,.F.);
#4900 = ORIENTED_EDGE('',*,*,#4160,.F.);
#4901 = ORIENTED_EDGE('',*,*,#4184,.F.);
#4902 = ORIENTED_EDGE('',*,*,#4208,.F.);
#4903 = ORIENTED_EDGE('',*,*,#4232,.F.);
#4904 = ORIENTED_EDGE('',*,*,#4256,.F.);
#4905 = ORIENTED_EDGE('',*,*,#4280,.F.);
#4906 = ORIENTED_EDGE('',*,*,#4304,.F.);
#4907 = ORIENTED_EDGE('',*,*,#4328,.F.);
#4908 = ORIENTED_EDGE('',*,*,#4352,.F.);
#4909 = ORIENTED_EDGE('',*,*,#4376,.F.);
#4910 = ORIENTED_EDGE('',*,*,#4400,.F.);
#4911 = ORIENTED_EDGE('',*,*,#4424,.F.);
#4912 = ORIENTED_EDGE('',*,*,#4448,.F.);
#4913 = ORIENTED_EDGE('',*,*,#4472,.F.);
#4914 = ORIENTED_EDGE('',*,*,#4496,.F.);
#4915 = ORIENTED_EDGE('',*,*,#4513,.F.);
#4916 = ORIENTED_EDGE('',*,*,#1742,.F.);
#4917 = FACE_BOUND('',#4918,.T.);
#4918 = EDGE_LOOP('',(#4919));
#4919 = ORIENTED_EDGE('',*,*,#2898,.T.);
#4920 = PLANE('',#4921);
#4921 = AXIS2_PLACEMENT_3D('',#4922,#4923,#4924);
#4922 = CARTESIAN_POINT('',(14.780615419735,-43.31649703153,
    9.502025100438E-19));
#4923 = DIRECTION('',(-0.,-0.,-1.));
#4924 = DIRECTION('',(-1.,0.,0.));
#4925 = ( GEOMETRIC_REPRESENTATION_CONTEXT(3) 
GLOBAL_UNCERTAINTY_ASSIGNED_CONTEXT((#4929)) 
GLOBAL_UNIT_ASSIGNED_CONTEXT((#4926,#4927,#4928)) REPRESENTATION_CONTEXT
('Context #1','3D Context with UNIT and UNCERTAINTY') );
#4926 = ( LENGTH_UNIT() NAMED_UNIT(*) SI_UNIT(.MILLI.,.METRE.) );
#4927 = ( NAMED_UNIT(*) PLANE_ANGLE_UNIT() SI_UNIT($,.RADIAN.) );
#4928 = ( NAMED_UNIT(*) SI_UNIT($,.STERADIAN.) SOLID_ANGLE_UNIT() );
#4929 = UNCERTAINTY_MEASURE_WITH_UNIT(LENGTH_MEASURE(1.E-07),#4926,
  'distance_accuracy_value','confusion accuracy');
#4930 = PRODUCT_RELATED_PRODUCT_CATEGORY('part',$,(#7));
ENDSEC;
END-ISO-10303-21;
