ISO-10303-21;
HEADER;
FILE_DESCRIPTION(('FreeCAD Model'),'2;1');
FILE_NAME('Open CASCADE Shape Model','2026-09-20T08:35:27',('FreeCAD'),(
    'FreeCAD'),'Open CASCADE STEP processor 7.8','FreeCAD','Unknown');
FILE_SCHEMA(('AUTOMOTIVE_DESIGN { 1 0 10303 214 1 1 1 1 }'));
ENDSEC;
DATA;
#1 = APPLICATION_PROTOCOL_DEFINITION('international standard',
  'automotive_design',2000,#2);
#2 = APPLICATION_CONTEXT(
  'core data for automotive mechanical design processes');
#3 = SHAPE_DEFINITION_REPRESENTATION(#4,#10);
#4 = PRODUCT_DEFINITION_SHAPE('','',#5);
#5 = PRODUCT_DEFINITION('design','',#6,#9);
#6 = PRODUCT_DEFINITION_FORMATION('','',#7);
#7 = PRODUCT('Open CASCADE STEP translator 7.8 1',
  'Open CASCADE STEP translator 7.8 1','',(#8));
#8 = PRODUCT_CONTEXT('',#2,'mechanical');
#9 = PRODUCT_DEFINITION_CONTEXT('part definition',#2,'design');
#10 = ADVANCED_BREP_SHAPE_REPRESENTATION('',(#11,#15),#5465);
#11 = AXIS2_PLACEMENT_3D('',#12,#13,#14);
#12 = CARTESIAN_POINT('',(0.,0.,0.));
#13 = DIRECTION('',(0.,0.,1.));
#14 = DIRECTION('',(1.,0.,-0.));
#15 = MANIFOLD_SOLID_BREP('',#16);
#16 = CLOSED_SHELL('',(#17,#90,#121,#161,#186,#226,#282,#306,#330,#518,
    #568,#593,#618,#643,#689,#747,#773,#836,#996,#1013,#1053,#1112,#1152
    ,#1201,#1241,#1259,#1290,#1348,#1372,#1428,#1468,#1499,#1557,#1581,
    #1654,#1711,#1901,#1941,#1958,#1980,#1998,#2015,#2028,#2063,#2087,
    #2104,#2129,#2154,#2172,#2203,#2227,#2251,#2268,#2290,#2307,#2324,
    #2336,#2367,#2391,#2415,#2432,#2454,#2471,#2488,#2500,#2527,#2549,
    #2567,#2585,#2597,#2621,#2645,#2670,#2687,#2700,#2719,#2752,#2801,
    #2841,#2900,#2940,#2989,#3045,#3103,#3127,#3161,#3192,#3222,#3246,
    #3302,#3342,#3373,#3403,#3427,#3500,#3557,#3582,#3606,#3631,#3655,
    #3672,#3699,#3721,#3739,#3757,#3769,#3793,#3817,#3842,#3875,#3887,
    #3920,#3938,#3960,#3978,#3995,#4008,#4021,#4040,#4058,#4335,#4382,
    #4407,#4447,#4472,#4512,#4559,#4577,#4595,#4613,#4802,#4827,#4844,
    #4879,#4897,#4909,#4947,#4972,#5003,#5041,#5067,#5085,#5113,#5133,
    #5159,#5184,#5215,#5240,#5271,#5296,#5327,#5345,#5357,#5369,#5381,
    #5393,#5405,#5430,#5442,#5451));
#17 = ADVANCED_FACE('',(#18),#85,.T.);
#18 = FACE_BOUND('',#19,.T.);
#19 = EDGE_LOOP('',(#20,#30,#38,#47,#55,#63,#71,#79));
#20 = ORIENTED_EDGE('',*,*,#21,.F.);
#21 = EDGE_CURVE('',#22,#24,#26,.T.);
#22 = VERTEX_POINT('',#23);
#23 = CARTESIAN_POINT('',(3.5,139.5,4.));
#24 = VERTEX_POINT('',#25);
#25 = CARTESIAN_POINT('',(140.,139.5,4.));
#26 = LINE('',#27,#28);
#27 = CARTESIAN_POINT('',(-140.,139.5,4.));
#28 = VECTOR('',#29,1.);
#29 = DIRECTION('',(1.,0.,0.));
#30 = ORIENTED_EDGE('',*,*,#31,.F.);
#31 = EDGE_CURVE('',#32,#22,#34,.T.);
#32 = VERTEX_POINT('',#33);
#33 = CARTESIAN_POINT('',(3.499999999998,10.918288821889,4.));
#34 = LINE('',#35,#36);
#35 = CARTESIAN_POINT('',(3.5,-64.,4.));
#36 = VECTOR('',#37,1.);
#37 = DIRECTION('',(1.110223024625E-16,1.,0.));
#38 = ORIENTED_EDGE('',*,*,#39,.F.);
#39 = EDGE_CURVE('',#40,#32,#42,.T.);
#40 = VERTEX_POINT('',#41);
#41 = CARTESIAN_POINT('',(41.234240828218,-1.352275513627,4.));
#42 = CIRCLE('',#43,75.);
#43 = AXIS2_PLACEMENT_3D('',#44,#45,#46);
#44 = CARTESIAN_POINT('',(0.,-64.,4.));
#45 = DIRECTION('',(0.,0.,1.));
#46 = DIRECTION('',(1.,0.,0.));
#47 = ORIENTED_EDGE('',*,*,#48,.T.);
#48 = EDGE_CURVE('',#40,#49,#51,.T.);
#49 = VERTEX_POINT('',#50);
#50 = CARTESIAN_POINT('',(89.490441201766,65.,4.));
#51 = LINE('',#52,#53);
#52 = CARTESIAN_POINT('',(-2.830576295061,-61.94139905813,4.));
#53 = VECTOR('',#54,1.);
#54 = DIRECTION('',(0.588171697675,0.808736084303,0.));
#55 = ORIENTED_EDGE('',*,*,#56,.F.);
#56 = EDGE_CURVE('',#57,#49,#59,.T.);
#57 = VERTEX_POINT('',#58);
#58 = CARTESIAN_POINT('',(85.,65.,4.));
#59 = LINE('',#60,#61);
#60 = CARTESIAN_POINT('',(85.,65.,4.));
#61 = VECTOR('',#62,1.);
#62 = DIRECTION('',(1.,0.,0.));
#63 = ORIENTED_EDGE('',*,*,#64,.T.);
#64 = EDGE_CURVE('',#57,#65,#67,.T.);
#65 = VERTEX_POINT('',#66);
#66 = CARTESIAN_POINT('',(85.,115.,4.));
#67 = LINE('',#68,#69);
#68 = CARTESIAN_POINT('',(85.,65.,4.));
#69 = VECTOR('',#70,1.);
#70 = DIRECTION('',(0.,1.,0.));
#71 = ORIENTED_EDGE('',*,*,#72,.T.);
#72 = EDGE_CURVE('',#65,#73,#75,.T.);
#73 = VERTEX_POINT('',#74);
#74 = CARTESIAN_POINT('',(140.,115.,4.));
#75 = LINE('',#76,#77);
#76 = CARTESIAN_POINT('',(85.,115.,4.));
#77 = VECTOR('',#78,1.);
#78 = DIRECTION('',(1.,0.,0.));
#79 = ORIENTED_EDGE('',*,*,#80,.T.);
#80 = EDGE_CURVE('',#73,#24,#81,.T.);
#81 = LINE('',#82,#83);
#82 = CARTESIAN_POINT('',(140.,-147.5,4.));
#83 = VECTOR('',#84,1.);
#84 = DIRECTION('',(0.,1.,0.));
#85 = PLANE('',#86);
#86 = AXIS2_PLACEMENT_3D('',#87,#88,#89);
#87 = CARTESIAN_POINT('',(-140.,-147.5,4.));
#88 = DIRECTION('',(0.,0.,1.));
#89 = DIRECTION('',(1.,0.,0.));
#90 = ADVANCED_FACE('',(#91),#116,.F.);
#91 = FACE_BOUND('',#92,.F.);
#92 = EDGE_LOOP('',(#93,#94,#102,#110));
#93 = ORIENTED_EDGE('',*,*,#21,.F.);
#94 = ORIENTED_EDGE('',*,*,#95,.T.);
#95 = EDGE_CURVE('',#22,#96,#98,.T.);
#96 = VERTEX_POINT('',#97);
#97 = CARTESIAN_POINT('',(3.5,139.5,14.));
#98 = LINE('',#99,#100);
#99 = CARTESIAN_POINT('',(3.5,139.5,4.));
#100 = VECTOR('',#101,1.);
#101 = DIRECTION('',(0.,0.,1.));
#102 = ORIENTED_EDGE('',*,*,#103,.T.);
#103 = EDGE_CURVE('',#96,#104,#106,.T.);
#104 = VERTEX_POINT('',#105);
#105 = CARTESIAN_POINT('',(140.,139.5,14.));
#106 = LINE('',#107,#108);
#107 = CARTESIAN_POINT('',(-140.,139.5,14.));
#108 = VECTOR('',#109,1.);
#109 = DIRECTION('',(1.,0.,0.));
#110 = ORIENTED_EDGE('',*,*,#111,.F.);
#111 = EDGE_CURVE('',#24,#104,#112,.T.);
#112 = LINE('',#113,#114);
#113 = CARTESIAN_POINT('',(140.,139.5,4.));
#114 = VECTOR('',#115,1.);
#115 = DIRECTION('',(0.,0.,1.));
#116 = PLANE('',#117);
#117 = AXIS2_PLACEMENT_3D('',#118,#119,#120);
#118 = CARTESIAN_POINT('',(-140.,139.5,4.));
#119 = DIRECTION('',(0.,1.,0.));
#120 = DIRECTION('',(0.,0.,1.));
#121 = ADVANCED_FACE('',(#122),#156,.F.);
#122 = FACE_BOUND('',#123,.F.);
#123 = EDGE_LOOP('',(#124,#132,#140,#148,#154,#155));
#124 = ORIENTED_EDGE('',*,*,#125,.T.);
#125 = EDGE_CURVE('',#32,#126,#128,.T.);
#126 = VERTEX_POINT('',#127);
#127 = CARTESIAN_POINT('',(3.5,10.918288821889,10.));
#128 = LINE('',#129,#130);
#129 = CARTESIAN_POINT('',(3.5,10.918288821889,4.));
#130 = VECTOR('',#131,1.);
#131 = DIRECTION('',(0.,0.,1.));
#132 = ORIENTED_EDGE('',*,*,#133,.T.);
#133 = EDGE_CURVE('',#126,#134,#136,.T.);
#134 = VERTEX_POINT('',#135);
#135 = CARTESIAN_POINT('',(3.5,37.939933294073,10.));
#136 = LINE('',#137,#138);
#137 = CARTESIAN_POINT('',(3.5,-64.,10.));
#138 = VECTOR('',#139,1.);
#139 = DIRECTION('',(1.110223024625E-16,1.,-0.));
#140 = ORIENTED_EDGE('',*,*,#141,.T.);
#141 = EDGE_CURVE('',#134,#142,#144,.T.);
#142 = VERTEX_POINT('',#143);
#143 = CARTESIAN_POINT('',(3.5,37.939933294073,14.));
#144 = LINE('',#145,#146);
#145 = CARTESIAN_POINT('',(3.5,37.939933294073,10.));
#146 = VECTOR('',#147,1.);
#147 = DIRECTION('',(0.,0.,1.));
#148 = ORIENTED_EDGE('',*,*,#149,.T.);
#149 = EDGE_CURVE('',#142,#96,#150,.T.);
#150 = LINE('',#151,#152);
#151 = CARTESIAN_POINT('',(3.5,-64.,14.));
#152 = VECTOR('',#153,1.);
#153 = DIRECTION('',(1.110223024625E-16,1.,0.));
#154 = ORIENTED_EDGE('',*,*,#95,.F.);
#155 = ORIENTED_EDGE('',*,*,#31,.F.);
#156 = PLANE('',#157);
#157 = AXIS2_PLACEMENT_3D('',#158,#159,#160);
#158 = CARTESIAN_POINT('',(3.5,-64.,4.));
#159 = DIRECTION('',(-1.,1.110223024625E-16,0.));
#160 = DIRECTION('',(0.,0.,1.));
#161 = ADVANCED_FACE('',(#162),#181,.T.);
#162 = FACE_BOUND('',#163,.T.);
#163 = EDGE_LOOP('',(#164,#173,#179,#180));
#164 = ORIENTED_EDGE('',*,*,#165,.F.);
#165 = EDGE_CURVE('',#166,#126,#168,.T.);
#166 = VERTEX_POINT('',#167);
#167 = CARTESIAN_POINT('',(41.234240828219,-1.352275513627,10.));
#168 = CIRCLE('',#169,75.);
#169 = AXIS2_PLACEMENT_3D('',#170,#171,#172);
#170 = CARTESIAN_POINT('',(0.,-64.,10.));
#171 = DIRECTION('',(0.,0.,1.));
#172 = DIRECTION('',(1.,0.,0.));
#173 = ORIENTED_EDGE('',*,*,#174,.F.);
#174 = EDGE_CURVE('',#40,#166,#175,.T.);
#175 = LINE('',#176,#177);
#176 = CARTESIAN_POINT('',(41.234240828219,-1.352275513627,4.));
#177 = VECTOR('',#178,1.);
#178 = DIRECTION('',(0.,0.,1.));
#179 = ORIENTED_EDGE('',*,*,#39,.T.);
#180 = ORIENTED_EDGE('',*,*,#125,.T.);
#181 = CYLINDRICAL_SURFACE('',#182,75.);
#182 = AXIS2_PLACEMENT_3D('',#183,#184,#185);
#183 = CARTESIAN_POINT('',(0.,-64.,4.));
#184 = DIRECTION('',(0.,0.,1.));
#185 = DIRECTION('',(1.,0.,0.));
#186 = ADVANCED_FACE('',(#187),#221,.T.);
#187 = FACE_BOUND('',#188,.T.);
#188 = EDGE_LOOP('',(#189,#190,#198,#206,#214,#220));
#189 = ORIENTED_EDGE('',*,*,#174,.T.);
#190 = ORIENTED_EDGE('',*,*,#191,.T.);
#191 = EDGE_CURVE('',#166,#192,#194,.T.);
#192 = VERTEX_POINT('',#193);
#193 = CARTESIAN_POINT('',(57.127607331397,20.501103428237,10.));
#194 = LINE('',#195,#196);
#195 = CARTESIAN_POINT('',(-2.830576295063,-61.94139905813,10.));
#196 = VECTOR('',#197,1.);
#197 = DIRECTION('',(0.588171697675,0.808736084303,-0.));
#198 = ORIENTED_EDGE('',*,*,#199,.T.);
#199 = EDGE_CURVE('',#192,#200,#202,.T.);
#200 = VERTEX_POINT('',#201);
#201 = CARTESIAN_POINT('',(57.127607331397,20.501103428237,14.));
#202 = LINE('',#203,#204);
#203 = CARTESIAN_POINT('',(57.127607331397,20.501103428237,10.));
#204 = VECTOR('',#205,1.);
#205 = DIRECTION('',(0.,0.,1.));
#206 = ORIENTED_EDGE('',*,*,#207,.T.);
#207 = EDGE_CURVE('',#200,#208,#210,.T.);
#208 = VERTEX_POINT('',#209);
#209 = CARTESIAN_POINT('',(89.490441201766,65.,14.));
#210 = LINE('',#211,#212);
#211 = CARTESIAN_POINT('',(-2.830576295061,-61.94139905813,14.));
#212 = VECTOR('',#213,1.);
#213 = DIRECTION('',(0.588171697675,0.808736084303,0.));
#214 = ORIENTED_EDGE('',*,*,#215,.T.);
#215 = EDGE_CURVE('',#208,#49,#216,.T.);
#216 = LINE('',#217,#218);
#217 = CARTESIAN_POINT('',(89.490441201766,65.,4.));
#218 = VECTOR('',#219,1.);
#219 = DIRECTION('',(0.,0.,-1.));
#220 = ORIENTED_EDGE('',*,*,#48,.F.);
#221 = PLANE('',#222);
#222 = AXIS2_PLACEMENT_3D('',#223,#224,#225);
#223 = CARTESIAN_POINT('',(-2.830576295061,-61.94139905813,4.));
#224 = DIRECTION('',(-0.808736084303,0.588171697675,0.));
#225 = DIRECTION('',(0.,0.,1.));
#226 = ADVANCED_FACE('',(#227),#277,.F.);
#227 = FACE_BOUND('',#228,.F.);
#228 = EDGE_LOOP('',(#229,#230,#238,#246,#254,#262,#270,#276));
#229 = ORIENTED_EDGE('',*,*,#56,.F.);
#230 = ORIENTED_EDGE('',*,*,#231,.T.);
#231 = EDGE_CURVE('',#57,#232,#234,.T.);
#232 = VERTEX_POINT('',#233);
#233 = CARTESIAN_POINT('',(85.,65.,24.));
#234 = LINE('',#235,#236);
#235 = CARTESIAN_POINT('',(85.,65.,4.));
#236 = VECTOR('',#237,1.);
#237 = DIRECTION('',(0.,0.,1.));
#238 = ORIENTED_EDGE('',*,*,#239,.T.);
#239 = EDGE_CURVE('',#232,#240,#242,.T.);
#240 = VERTEX_POINT('',#241);
#241 = CARTESIAN_POINT('',(140.,65.,24.));
#242 = LINE('',#243,#244);
#243 = CARTESIAN_POINT('',(85.,65.,24.));
#244 = VECTOR('',#245,1.);
#245 = DIRECTION('',(1.,0.,0.));
#246 = ORIENTED_EDGE('',*,*,#247,.F.);
#247 = EDGE_CURVE('',#248,#240,#250,.T.);
#248 = VERTEX_POINT('',#249);
#249 = CARTESIAN_POINT('',(140.,65.,4.));
#250 = LINE('',#251,#252);
#251 = CARTESIAN_POINT('',(140.,65.,4.));
#252 = VECTOR('',#253,1.);
#253 = DIRECTION('',(0.,0.,1.));
#254 = ORIENTED_EDGE('',*,*,#255,.F.);
#255 = EDGE_CURVE('',#256,#248,#258,.T.);
#256 = VERTEX_POINT('',#257);
#257 = CARTESIAN_POINT('',(98.145922434598,65.,4.));
#258 = LINE('',#259,#260);
#259 = CARTESIAN_POINT('',(85.,65.,4.));
#260 = VECTOR('',#261,1.);
#261 = DIRECTION('',(1.,0.,0.));
#262 = ORIENTED_EDGE('',*,*,#263,.F.);
#263 = EDGE_CURVE('',#264,#256,#266,.T.);
#264 = VERTEX_POINT('',#265);
#265 = CARTESIAN_POINT('',(98.145922434598,65.,14.));
#266 = LINE('',#267,#268);
#267 = CARTESIAN_POINT('',(98.145922434598,65.,4.));
#268 = VECTOR('',#269,1.);
#269 = DIRECTION('',(0.,0.,-1.));
#270 = ORIENTED_EDGE('',*,*,#271,.T.);
#271 = EDGE_CURVE('',#264,#208,#272,.T.);
#272 = LINE('',#273,#274);
#273 = CARTESIAN_POINT('',(43.915288147531,65.,14.));
#274 = VECTOR('',#275,1.);
#275 = DIRECTION('',(-1.,0.,0.));
#276 = ORIENTED_EDGE('',*,*,#215,.T.);
#277 = PLANE('',#278);
#278 = AXIS2_PLACEMENT_3D('',#279,#280,#281);
#279 = CARTESIAN_POINT('',(85.,65.,4.));
#280 = DIRECTION('',(0.,1.,0.));
#281 = DIRECTION('',(0.,0.,1.));
#282 = ADVANCED_FACE('',(#283),#301,.F.);
#283 = FACE_BOUND('',#284,.F.);
#284 = EDGE_LOOP('',(#285,#286,#287,#295));
#285 = ORIENTED_EDGE('',*,*,#231,.F.);
#286 = ORIENTED_EDGE('',*,*,#64,.T.);
#287 = ORIENTED_EDGE('',*,*,#288,.T.);
#288 = EDGE_CURVE('',#65,#289,#291,.T.);
#289 = VERTEX_POINT('',#290);
#290 = CARTESIAN_POINT('',(85.,115.,24.));
#291 = LINE('',#292,#293);
#292 = CARTESIAN_POINT('',(85.,115.,4.));
#293 = VECTOR('',#294,1.);
#294 = DIRECTION('',(0.,0.,1.));
#295 = ORIENTED_EDGE('',*,*,#296,.F.);
#296 = EDGE_CURVE('',#232,#289,#297,.T.);
#297 = LINE('',#298,#299);
#298 = CARTESIAN_POINT('',(85.,65.,24.));
#299 = VECTOR('',#300,1.);
#300 = DIRECTION('',(0.,1.,0.));
#301 = PLANE('',#302);
#302 = AXIS2_PLACEMENT_3D('',#303,#304,#305);
#303 = CARTESIAN_POINT('',(85.,65.,4.));
#304 = DIRECTION('',(1.,0.,0.));
#305 = DIRECTION('',(0.,0.,1.));
#306 = ADVANCED_FACE('',(#307),#325,.T.);
#307 = FACE_BOUND('',#308,.T.);
#308 = EDGE_LOOP('',(#309,#310,#311,#319));
#309 = ORIENTED_EDGE('',*,*,#72,.F.);
#310 = ORIENTED_EDGE('',*,*,#288,.T.);
#311 = ORIENTED_EDGE('',*,*,#312,.T.);
#312 = EDGE_CURVE('',#289,#313,#315,.T.);
#313 = VERTEX_POINT('',#314);
#314 = CARTESIAN_POINT('',(140.,115.,24.));
#315 = LINE('',#316,#317);
#316 = CARTESIAN_POINT('',(85.,115.,24.));
#317 = VECTOR('',#318,1.);
#318 = DIRECTION('',(1.,0.,0.));
#319 = ORIENTED_EDGE('',*,*,#320,.F.);
#320 = EDGE_CURVE('',#73,#313,#321,.T.);
#321 = LINE('',#322,#323);
#322 = CARTESIAN_POINT('',(140.,115.,4.));
#323 = VECTOR('',#324,1.);
#324 = DIRECTION('',(0.,0.,1.));
#325 = PLANE('',#326);
#326 = AXIS2_PLACEMENT_3D('',#327,#328,#329);
#327 = CARTESIAN_POINT('',(85.,115.,4.));
#328 = DIRECTION('',(0.,1.,0.));
#329 = DIRECTION('',(0.,0.,1.));
#330 = ADVANCED_FACE('',(#331,#429,#471),#513,.T.);
#331 = FACE_BOUND('',#332,.T.);
#332 = EDGE_LOOP('',(#333,#343,#351,#359,#365,#366,#367,#368,#374,#375,
    #383,#391,#399,#407,#415,#423));
#333 = ORIENTED_EDGE('',*,*,#334,.F.);
#334 = EDGE_CURVE('',#335,#337,#339,.T.);
#335 = VERTEX_POINT('',#336);
#336 = CARTESIAN_POINT('',(140.,-147.5,0.));
#337 = VERTEX_POINT('',#338);
#338 = CARTESIAN_POINT('',(140.,-147.5,14.));
#339 = LINE('',#340,#341);
#340 = CARTESIAN_POINT('',(140.,-147.5,0.));
#341 = VECTOR('',#342,1.);
#342 = DIRECTION('',(0.,0.,1.));
#343 = ORIENTED_EDGE('',*,*,#344,.T.);
#344 = EDGE_CURVE('',#335,#345,#347,.T.);
#345 = VERTEX_POINT('',#346);
#346 = CARTESIAN_POINT('',(140.,147.5,0.));
#347 = LINE('',#348,#349);
#348 = CARTESIAN_POINT('',(140.,-147.5,0.));
#349 = VECTOR('',#350,1.);
#350 = DIRECTION('',(0.,1.,0.));
#351 = ORIENTED_EDGE('',*,*,#352,.T.);
#352 = EDGE_CURVE('',#345,#353,#355,.T.);
#353 = VERTEX_POINT('',#354);
#354 = CARTESIAN_POINT('',(140.,147.5,14.));
#355 = LINE('',#356,#357);
#356 = CARTESIAN_POINT('',(140.,147.5,4.));
#357 = VECTOR('',#358,1.);
#358 = DIRECTION('',(0.,0.,1.));
#359 = ORIENTED_EDGE('',*,*,#360,.F.);
#360 = EDGE_CURVE('',#104,#353,#361,.T.);
#361 = LINE('',#362,#363);
#362 = CARTESIAN_POINT('',(140.,139.5,14.));
#363 = VECTOR('',#364,1.);
#364 = DIRECTION('',(0.,1.,0.));
#365 = ORIENTED_EDGE('',*,*,#111,.F.);
#366 = ORIENTED_EDGE('',*,*,#80,.F.);
#367 = ORIENTED_EDGE('',*,*,#320,.T.);
#368 = ORIENTED_EDGE('',*,*,#369,.F.);
#369 = EDGE_CURVE('',#240,#313,#370,.T.);
#370 = LINE('',#371,#372);
#371 = CARTESIAN_POINT('',(140.,65.,24.));
#372 = VECTOR('',#373,1.);
#373 = DIRECTION('',(0.,1.,0.));
#374 = ORIENTED_EDGE('',*,*,#247,.F.);
#375 = ORIENTED_EDGE('',*,*,#376,.F.);
#376 = EDGE_CURVE('',#377,#248,#379,.T.);
#377 = VERTEX_POINT('',#378);
#378 = CARTESIAN_POINT('',(140.,-65.,4.));
#379 = LINE('',#380,#381);
#380 = CARTESIAN_POINT('',(140.,-147.5,4.));
#381 = VECTOR('',#382,1.);
#382 = DIRECTION('',(0.,1.,0.));
#383 = ORIENTED_EDGE('',*,*,#384,.T.);
#384 = EDGE_CURVE('',#377,#385,#387,.T.);
#385 = VERTEX_POINT('',#386);
#386 = CARTESIAN_POINT('',(140.,-65.,24.));
#387 = LINE('',#388,#389);
#388 = CARTESIAN_POINT('',(140.,-65.,4.));
#389 = VECTOR('',#390,1.);
#390 = DIRECTION('',(0.,0.,1.));
#391 = ORIENTED_EDGE('',*,*,#392,.F.);
#392 = EDGE_CURVE('',#393,#385,#395,.T.);
#393 = VERTEX_POINT('',#394);
#394 = CARTESIAN_POINT('',(140.,-115.,24.));
#395 = LINE('',#396,#397);
#396 = CARTESIAN_POINT('',(140.,-115.,24.));
#397 = VECTOR('',#398,1.);
#398 = DIRECTION('',(0.,1.,0.));
#399 = ORIENTED_EDGE('',*,*,#400,.F.);
#400 = EDGE_CURVE('',#401,#393,#403,.T.);
#401 = VERTEX_POINT('',#402);
#402 = CARTESIAN_POINT('',(140.,-115.,4.));
#403 = LINE('',#404,#405);
#404 = CARTESIAN_POINT('',(140.,-115.,4.));
#405 = VECTOR('',#406,1.);
#406 = DIRECTION('',(0.,0.,1.));
#407 = ORIENTED_EDGE('',*,*,#408,.F.);
#408 = EDGE_CURVE('',#409,#401,#411,.T.);
#409 = VERTEX_POINT('',#410);
#410 = CARTESIAN_POINT('',(140.,-139.5,4.));
#411 = LINE('',#412,#413);
#412 = CARTESIAN_POINT('',(140.,-147.5,4.));
#413 = VECTOR('',#414,1.);
#414 = DIRECTION('',(0.,1.,0.));
#415 = ORIENTED_EDGE('',*,*,#416,.T.);
#416 = EDGE_CURVE('',#409,#417,#419,.T.);
#417 = VERTEX_POINT('',#418);
#418 = CARTESIAN_POINT('',(140.,-139.5,14.));
#419 = LINE('',#420,#421);
#420 = CARTESIAN_POINT('',(140.,-139.5,4.));
#421 = VECTOR('',#422,1.);
#422 = DIRECTION('',(0.,0.,1.));
#423 = ORIENTED_EDGE('',*,*,#424,.F.);
#424 = EDGE_CURVE('',#337,#417,#425,.T.);
#425 = LINE('',#426,#427);
#426 = CARTESIAN_POINT('',(140.,-147.5,14.));
#427 = VECTOR('',#428,1.);
#428 = DIRECTION('',(0.,1.,0.));
#429 = FACE_BOUND('',#430,.T.);
#430 = EDGE_LOOP('',(#431,#441,#449,#457,#465));
#431 = ORIENTED_EDGE('',*,*,#432,.T.);
#432 = EDGE_CURVE('',#433,#435,#437,.T.);
#433 = VERTEX_POINT('',#434);
#434 = CARTESIAN_POINT('',(140.,102.4,8.4));
#435 = VERTEX_POINT('',#436);
#436 = CARTESIAN_POINT('',(140.,102.4,3.6));
#437 = LINE('',#438,#439);
#438 = CARTESIAN_POINT('',(140.,102.4,5.167688022284));
#439 = VECTOR('',#440,1.);
#440 = DIRECTION('',(0.,0.,-1.));
#441 = ORIENTED_EDGE('',*,*,#442,.T.);
#442 = EDGE_CURVE('',#435,#443,#445,.T.);
#443 = VERTEX_POINT('',#444);
#444 = CARTESIAN_POINT('',(140.,77.6,3.6));
#445 = LINE('',#446,#447);
#446 = CARTESIAN_POINT('',(140.,38.8,3.6));
#447 = VECTOR('',#448,1.);
#448 = DIRECTION('',(0.,-1.,0.));
#449 = ORIENTED_EDGE('',*,*,#450,.T.);
#450 = EDGE_CURVE('',#443,#451,#453,.T.);
#451 = VERTEX_POINT('',#452);
#452 = CARTESIAN_POINT('',(140.,77.6,8.4));
#453 = LINE('',#454,#455);
#454 = CARTESIAN_POINT('',(140.,77.6,7.567688022284));
#455 = VECTOR('',#456,1.);
#456 = DIRECTION('',(0.,0.,1.));
#457 = ORIENTED_EDGE('',*,*,#458,.T.);
#458 = EDGE_CURVE('',#451,#459,#461,.T.);
#459 = VERTEX_POINT('',#460);
#460 = CARTESIAN_POINT('',(140.,90.,20.4));
#461 = LINE('',#462,#463);
#462 = CARTESIAN_POINT('',(140.,63.348172950416,-5.392090693146));
#463 = VECTOR('',#464,1.);
#464 = DIRECTION('',(0.,0.718602141767,0.695421427516));
#465 = ORIENTED_EDGE('',*,*,#466,.T.);
#466 = EDGE_CURVE('',#459,#433,#467,.T.);
#467 = LINE('',#468,#469);
#468 = CARTESIAN_POINT('',(140.,76.376813615946,33.583728758762));
#469 = VECTOR('',#470,1.);
#470 = DIRECTION('',(0.,0.718602141767,-0.695421427516));
#471 = FACE_BOUND('',#472,.T.);
#472 = EDGE_LOOP('',(#473,#483,#491,#499,#507));
#473 = ORIENTED_EDGE('',*,*,#474,.T.);
#474 = EDGE_CURVE('',#475,#477,#479,.T.);
#475 = VERTEX_POINT('',#476);
#476 = CARTESIAN_POINT('',(140.,-77.6,8.4));
#477 = VERTEX_POINT('',#478);
#478 = CARTESIAN_POINT('',(140.,-77.6,3.6));
#479 = LINE('',#480,#481);
#480 = CARTESIAN_POINT('',(140.,-77.6,5.167688022284));
#481 = VECTOR('',#482,1.);
#482 = DIRECTION('',(0.,0.,-1.));
#483 = ORIENTED_EDGE('',*,*,#484,.T.);
#484 = EDGE_CURVE('',#477,#485,#487,.T.);
#485 = VERTEX_POINT('',#486);
#486 = CARTESIAN_POINT('',(140.,-102.4,3.6));
#487 = LINE('',#488,#489);
#488 = CARTESIAN_POINT('',(140.,-51.2,3.6));
#489 = VECTOR('',#490,1.);
#490 = DIRECTION('',(0.,-1.,0.));
#491 = ORIENTED_EDGE('',*,*,#492,.T.);
#492 = EDGE_CURVE('',#485,#493,#495,.T.);
#493 = VERTEX_POINT('',#494);
#494 = CARTESIAN_POINT('',(140.,-102.4,8.4));
#495 = LINE('',#496,#497);
#496 = CARTESIAN_POINT('',(140.,-102.4,7.567688022284));
#497 = VECTOR('',#498,1.);
#498 = DIRECTION('',(0.,0.,1.));
#499 = ORIENTED_EDGE('',*,*,#500,.T.);
#500 = EDGE_CURVE('',#493,#501,#503,.T.);
#501 = VERTEX_POINT('',#502);
#502 = CARTESIAN_POINT('',(140.,-90.,20.4));
#503 = LINE('',#504,#505);
#504 = CARTESIAN_POINT('',(140.,-70.17681361594,39.583728758762));
#505 = VECTOR('',#506,1.);
#506 = DIRECTION('',(0.,0.718602141767,0.695421427516));
#507 = ORIENTED_EDGE('',*,*,#508,.T.);
#508 = EDGE_CURVE('',#501,#475,#509,.T.);
#509 = LINE('',#510,#511);
#510 = CARTESIAN_POINT('',(140.,-57.14817295041,-11.39209069314));
#511 = VECTOR('',#512,1.);
#512 = DIRECTION('',(0.,0.718602141767,-0.695421427516));
#513 = PLANE('',#514);
#514 = AXIS2_PLACEMENT_3D('',#515,#516,#517);
#515 = CARTESIAN_POINT('',(140.,0.,6.735376044568));
#516 = DIRECTION('',(1.,0.,0.));
#517 = DIRECTION('',(0.,0.,1.));
#518 = ADVANCED_FACE('',(#519),#563,.T.);
#519 = FACE_BOUND('',#520,.T.);
#520 = EDGE_LOOP('',(#521,#531,#539,#547,#554,#555,#556,#557));
#521 = ORIENTED_EDGE('',*,*,#522,.F.);
#522 = EDGE_CURVE('',#523,#525,#527,.T.);
#523 = VERTEX_POINT('',#524);
#524 = CARTESIAN_POINT('',(-140.,139.5,14.));
#525 = VERTEX_POINT('',#526);
#526 = CARTESIAN_POINT('',(-140.,147.5,14.));
#527 = LINE('',#528,#529);
#528 = CARTESIAN_POINT('',(-140.,139.5,14.));
#529 = VECTOR('',#530,1.);
#530 = DIRECTION('',(0.,1.,0.));
#531 = ORIENTED_EDGE('',*,*,#532,.T.);
#532 = EDGE_CURVE('',#523,#533,#535,.T.);
#533 = VERTEX_POINT('',#534);
#534 = CARTESIAN_POINT('',(-3.5,139.5,14.));
#535 = LINE('',#536,#537);
#536 = CARTESIAN_POINT('',(-140.,139.5,14.));
#537 = VECTOR('',#538,1.);
#538 = DIRECTION('',(1.,0.,0.));
#539 = ORIENTED_EDGE('',*,*,#540,.F.);
#540 = EDGE_CURVE('',#541,#533,#543,.T.);
#541 = VERTEX_POINT('',#542);
#542 = CARTESIAN_POINT('',(-3.5,37.939933294073,14.));
#543 = LINE('',#544,#545);
#544 = CARTESIAN_POINT('',(-3.5,-64.,14.));
#545 = VECTOR('',#546,1.);
#546 = DIRECTION('',(1.110223024625E-16,1.,0.));
#547 = ORIENTED_EDGE('',*,*,#548,.F.);
#548 = EDGE_CURVE('',#142,#541,#549,.T.);
#549 = CIRCLE('',#550,102.);
#550 = AXIS2_PLACEMENT_3D('',#551,#552,#553);
#551 = CARTESIAN_POINT('',(0.,-64.,14.));
#552 = DIRECTION('',(0.,0.,1.));
#553 = DIRECTION('',(1.,0.,-0.));
#554 = ORIENTED_EDGE('',*,*,#149,.T.);
#555 = ORIENTED_EDGE('',*,*,#103,.T.);
#556 = ORIENTED_EDGE('',*,*,#360,.T.);
#557 = ORIENTED_EDGE('',*,*,#558,.F.);
#558 = EDGE_CURVE('',#525,#353,#559,.T.);
#559 = LINE('',#560,#561);
#560 = CARTESIAN_POINT('',(-140.,147.5,14.));
#561 = VECTOR('',#562,1.);
#562 = DIRECTION('',(1.,0.,0.));
#563 = PLANE('',#564);
#564 = AXIS2_PLACEMENT_3D('',#565,#566,#567);
#565 = CARTESIAN_POINT('',(3.809722833574E-15,102.93648731995,14.));
#566 = DIRECTION('',(0.,0.,1.));
#567 = DIRECTION('',(1.,0.,0.));
#568 = ADVANCED_FACE('',(#569),#588,.F.);
#569 = FACE_BOUND('',#570,.F.);
#570 = EDGE_LOOP('',(#571,#572,#581,#587));
#571 = ORIENTED_EDGE('',*,*,#141,.F.);
#572 = ORIENTED_EDGE('',*,*,#573,.T.);
#573 = EDGE_CURVE('',#134,#574,#576,.T.);
#574 = VERTEX_POINT('',#575);
#575 = CARTESIAN_POINT('',(-3.5,37.939933294073,10.));
#576 = CIRCLE('',#577,102.);
#577 = AXIS2_PLACEMENT_3D('',#578,#579,#580);
#578 = CARTESIAN_POINT('',(0.,-64.,10.));
#579 = DIRECTION('',(0.,0.,1.));
#580 = DIRECTION('',(1.,0.,-0.));
#581 = ORIENTED_EDGE('',*,*,#582,.T.);
#582 = EDGE_CURVE('',#574,#541,#583,.T.);
#583 = LINE('',#584,#585);
#584 = CARTESIAN_POINT('',(-3.5,37.939933294073,10.));
#585 = VECTOR('',#586,1.);
#586 = DIRECTION('',(0.,0.,1.));
#587 = ORIENTED_EDGE('',*,*,#548,.F.);
#588 = CYLINDRICAL_SURFACE('',#589,102.);
#589 = AXIS2_PLACEMENT_3D('',#590,#591,#592);
#590 = CARTESIAN_POINT('',(0.,-64.,10.));
#591 = DIRECTION('',(0.,0.,1.));
#592 = DIRECTION('',(1.,0.,-0.));
#593 = ADVANCED_FACE('',(#594),#613,.T.);
#594 = FACE_BOUND('',#595,.T.);
#595 = EDGE_LOOP('',(#596,#597,#606,#612));
#596 = ORIENTED_EDGE('',*,*,#207,.F.);
#597 = ORIENTED_EDGE('',*,*,#598,.F.);
#598 = EDGE_CURVE('',#599,#200,#601,.T.);
#599 = VERTEX_POINT('',#600);
#600 = CARTESIAN_POINT('',(62.788759921521,16.38390154451,14.));
#601 = CIRCLE('',#602,102.);
#602 = AXIS2_PLACEMENT_3D('',#603,#604,#605);
#603 = CARTESIAN_POINT('',(0.,-64.,14.));
#604 = DIRECTION('',(0.,0.,1.));
#605 = DIRECTION('',(1.,0.,-0.));
#606 = ORIENTED_EDGE('',*,*,#607,.T.);
#607 = EDGE_CURVE('',#599,#264,#608,.T.);
#608 = LINE('',#609,#610);
#609 = CARTESIAN_POINT('',(2.830576295061,-66.05860094186,14.));
#610 = VECTOR('',#611,1.);
#611 = DIRECTION('',(0.588171697675,0.808736084303,0.));
#612 = ORIENTED_EDGE('',*,*,#271,.T.);
#613 = PLANE('',#614);
#614 = AXIS2_PLACEMENT_3D('',#615,#616,#617);
#615 = CARTESIAN_POINT('',(2.830576295061,-66.05860094186,14.));
#616 = DIRECTION('',(0.,0.,1.));
#617 = DIRECTION('',(0.588171697675,0.808736084303,0.));
#618 = ADVANCED_FACE('',(#619),#638,.F.);
#619 = FACE_BOUND('',#620,.F.);
#620 = EDGE_LOOP('',(#621,#629,#636,#637));
#621 = ORIENTED_EDGE('',*,*,#622,.F.);
#622 = EDGE_CURVE('',#623,#599,#625,.T.);
#623 = VERTEX_POINT('',#624);
#624 = CARTESIAN_POINT('',(62.788759921521,16.38390154451,10.));
#625 = LINE('',#626,#627);
#626 = CARTESIAN_POINT('',(62.788759921521,16.38390154451,10.));
#627 = VECTOR('',#628,1.);
#628 = DIRECTION('',(0.,0.,1.));
#629 = ORIENTED_EDGE('',*,*,#630,.T.);
#630 = EDGE_CURVE('',#623,#192,#631,.T.);
#631 = CIRCLE('',#632,102.);
#632 = AXIS2_PLACEMENT_3D('',#633,#634,#635);
#633 = CARTESIAN_POINT('',(0.,-64.,10.));
#634 = DIRECTION('',(0.,0.,1.));
#635 = DIRECTION('',(1.,0.,-0.));
#636 = ORIENTED_EDGE('',*,*,#199,.T.);
#637 = ORIENTED_EDGE('',*,*,#598,.F.);
#638 = CYLINDRICAL_SURFACE('',#639,102.);
#639 = AXIS2_PLACEMENT_3D('',#640,#641,#642);
#640 = CARTESIAN_POINT('',(0.,-64.,10.));
#641 = DIRECTION('',(0.,0.,1.));
#642 = DIRECTION('',(1.,0.,-0.));
#643 = ADVANCED_FACE('',(#644,#650),#684,.T.);
#644 = FACE_BOUND('',#645,.T.);
#645 = EDGE_LOOP('',(#646,#647,#648,#649));
#646 = ORIENTED_EDGE('',*,*,#296,.F.);
#647 = ORIENTED_EDGE('',*,*,#239,.T.);
#648 = ORIENTED_EDGE('',*,*,#369,.T.);
#649 = ORIENTED_EDGE('',*,*,#312,.F.);
#650 = FACE_BOUND('',#651,.T.);
#651 = EDGE_LOOP('',(#652,#662,#670,#678));
#652 = ORIENTED_EDGE('',*,*,#653,.T.);
#653 = EDGE_CURVE('',#654,#656,#658,.T.);
#654 = VERTEX_POINT('',#655);
#655 = CARTESIAN_POINT('',(119.3,83.7,24.));
#656 = VERTEX_POINT('',#657);
#657 = CARTESIAN_POINT('',(110.7,83.7,24.));
#658 = LINE('',#659,#660);
#659 = CARTESIAN_POINT('',(97.85,83.7,24.));
#660 = VECTOR('',#661,1.);
#661 = DIRECTION('',(-1.,0.,0.));
#662 = ORIENTED_EDGE('',*,*,#663,.T.);
#663 = EDGE_CURVE('',#656,#664,#666,.T.);
#664 = VERTEX_POINT('',#665);
#665 = CARTESIAN_POINT('',(110.7,96.3,24.));
#666 = LINE('',#667,#668);
#667 = CARTESIAN_POINT('',(110.7,74.35,24.));
#668 = VECTOR('',#669,1.);
#669 = DIRECTION('',(0.,1.,0.));
#670 = ORIENTED_EDGE('',*,*,#671,.F.);
#671 = EDGE_CURVE('',#672,#664,#674,.T.);
#672 = VERTEX_POINT('',#673);
#673 = CARTESIAN_POINT('',(119.3,96.3,24.));
#674 = LINE('',#675,#676);
#675 = CARTESIAN_POINT('',(97.85,96.3,24.));
#676 = VECTOR('',#677,1.);
#677 = DIRECTION('',(-1.,0.,0.));
#678 = ORIENTED_EDGE('',*,*,#679,.F.);
#679 = EDGE_CURVE('',#654,#672,#680,.T.);
#680 = LINE('',#681,#682);
#681 = CARTESIAN_POINT('',(119.3,74.35,24.));
#682 = VECTOR('',#683,1.);
#683 = DIRECTION('',(0.,1.,0.));
#684 = PLANE('',#685);
#685 = AXIS2_PLACEMENT_3D('',#686,#687,#688);
#686 = CARTESIAN_POINT('',(85.,65.,24.));
#687 = DIRECTION('',(0.,0.,1.));
#688 = DIRECTION('',(1.,0.,0.));
#689 = ADVANCED_FACE('',(#690),#742,.T.);
#690 = FACE_BOUND('',#691,.T.);
#691 = EDGE_LOOP('',(#692,#693,#694,#702,#711,#720,#728,#736));
#692 = ORIENTED_EDGE('',*,*,#376,.T.);
#693 = ORIENTED_EDGE('',*,*,#255,.F.);
#694 = ORIENTED_EDGE('',*,*,#695,.F.);
#695 = EDGE_CURVE('',#696,#256,#698,.T.);
#696 = VERTEX_POINT('',#697);
#697 = CARTESIAN_POINT('',(46.89539341834,-5.469477397352,4.));
#698 = LINE('',#699,#700);
#699 = CARTESIAN_POINT('',(2.830576295061,-66.05860094186,4.));
#700 = VECTOR('',#701,1.);
#701 = DIRECTION('',(0.588171697675,0.808736084303,0.));
#702 = ORIENTED_EDGE('',*,*,#703,.F.);
#703 = EDGE_CURVE('',#704,#696,#706,.T.);
#704 = VERTEX_POINT('',#705);
#705 = CARTESIAN_POINT('',(75.,-64.,4.));
#706 = CIRCLE('',#707,75.);
#707 = AXIS2_PLACEMENT_3D('',#708,#709,#710);
#708 = CARTESIAN_POINT('',(0.,-64.,4.));
#709 = DIRECTION('',(0.,0.,1.));
#710 = DIRECTION('',(1.,0.,0.));
#711 = ORIENTED_EDGE('',*,*,#712,.F.);
#712 = EDGE_CURVE('',#713,#704,#715,.T.);
#713 = VERTEX_POINT('',#714);
#714 = CARTESIAN_POINT('',(73.769149363623,-77.53191051431,4.));
#715 = CIRCLE('',#716,75.);
#716 = AXIS2_PLACEMENT_3D('',#717,#718,#719);
#717 = CARTESIAN_POINT('',(0.,-64.,4.));
#718 = DIRECTION('',(0.,0.,1.));
#719 = DIRECTION('',(1.,0.,0.));
#720 = ORIENTED_EDGE('',*,*,#721,.T.);
#721 = EDGE_CURVE('',#713,#722,#724,.T.);
#722 = VERTEX_POINT('',#723);
#723 = CARTESIAN_POINT('',(85.,-80.13907226919,4.));
#724 = LINE('',#725,#726);
#725 = CARTESIAN_POINT('',(0.791453975198,-60.59065979914,4.));
#726 = VECTOR('',#727,1.);
#727 = DIRECTION('',(0.974097200243,-0.226129707199,0.));
#728 = ORIENTED_EDGE('',*,*,#729,.T.);
#729 = EDGE_CURVE('',#722,#730,#732,.T.);
#730 = VERTEX_POINT('',#731);
#731 = CARTESIAN_POINT('',(85.,-65.,4.));
#732 = LINE('',#733,#734);
#733 = CARTESIAN_POINT('',(85.,-115.,4.));
#734 = VECTOR('',#735,1.);
#735 = DIRECTION('',(0.,1.,0.));
#736 = ORIENTED_EDGE('',*,*,#737,.T.);
#737 = EDGE_CURVE('',#730,#377,#738,.T.);
#738 = LINE('',#739,#740);
#739 = CARTESIAN_POINT('',(85.,-65.,4.));
#740 = VECTOR('',#741,1.);
#741 = DIRECTION('',(1.,0.,0.));
#742 = PLANE('',#743);
#743 = AXIS2_PLACEMENT_3D('',#744,#745,#746);
#744 = CARTESIAN_POINT('',(-140.,-147.5,4.));
#745 = DIRECTION('',(0.,0.,1.));
#746 = DIRECTION('',(1.,0.,0.));
#747 = ADVANCED_FACE('',(#748),#768,.F.);
#748 = FACE_BOUND('',#749,.F.);
#749 = EDGE_LOOP('',(#750,#758,#764,#765,#766,#767));
#750 = ORIENTED_EDGE('',*,*,#751,.T.);
#751 = EDGE_CURVE('',#696,#752,#754,.T.);
#752 = VERTEX_POINT('',#753);
#753 = CARTESIAN_POINT('',(46.895393418341,-5.469477397353,10.));
#754 = LINE('',#755,#756);
#755 = CARTESIAN_POINT('',(46.895393418341,-5.469477397353,4.));
#756 = VECTOR('',#757,1.);
#757 = DIRECTION('',(0.,0.,1.));
#758 = ORIENTED_EDGE('',*,*,#759,.T.);
#759 = EDGE_CURVE('',#752,#623,#760,.T.);
#760 = LINE('',#761,#762);
#761 = CARTESIAN_POINT('',(2.83057629506,-66.05860094186,10.));
#762 = VECTOR('',#763,1.);
#763 = DIRECTION('',(0.588171697675,0.808736084303,-0.));
#764 = ORIENTED_EDGE('',*,*,#622,.T.);
#765 = ORIENTED_EDGE('',*,*,#607,.T.);
#766 = ORIENTED_EDGE('',*,*,#263,.T.);
#767 = ORIENTED_EDGE('',*,*,#695,.F.);
#768 = PLANE('',#769);
#769 = AXIS2_PLACEMENT_3D('',#770,#771,#772);
#770 = CARTESIAN_POINT('',(2.830576295061,-66.05860094186,4.));
#771 = DIRECTION('',(-0.808736084303,0.588171697675,0.));
#772 = DIRECTION('',(0.,0.,1.));
#773 = ADVANCED_FACE('',(#774),#831,.T.);
#774 = FACE_BOUND('',#775,.T.);
#775 = EDGE_LOOP('',(#776,#786,#792,#793,#801,#809,#817,#825));
#776 = ORIENTED_EDGE('',*,*,#777,.F.);
#777 = EDGE_CURVE('',#778,#780,#782,.T.);
#778 = VERTEX_POINT('',#779);
#779 = CARTESIAN_POINT('',(-140.,-147.5,0.));
#780 = VERTEX_POINT('',#781);
#781 = CARTESIAN_POINT('',(-140.,-147.5,14.));
#782 = LINE('',#783,#784);
#783 = CARTESIAN_POINT('',(-140.,-147.5,0.));
#784 = VECTOR('',#785,1.);
#785 = DIRECTION('',(0.,0.,1.));
#786 = ORIENTED_EDGE('',*,*,#787,.T.);
#787 = EDGE_CURVE('',#778,#335,#788,.T.);
#788 = LINE('',#789,#790);
#789 = CARTESIAN_POINT('',(-140.,-147.5,0.));
#790 = VECTOR('',#791,1.);
#791 = DIRECTION('',(1.,0.,0.));
#792 = ORIENTED_EDGE('',*,*,#334,.T.);
#793 = ORIENTED_EDGE('',*,*,#794,.F.);
#794 = EDGE_CURVE('',#795,#337,#797,.T.);
#795 = VERTEX_POINT('',#796);
#796 = CARTESIAN_POINT('',(58.58114030983,-147.5,14.));
#797 = LINE('',#798,#799);
#798 = CARTESIAN_POINT('',(-140.,-147.5,14.));
#799 = VECTOR('',#800,1.);
#800 = DIRECTION('',(1.,0.,0.));
#801 = ORIENTED_EDGE('',*,*,#802,.F.);
#802 = EDGE_CURVE('',#803,#795,#805,.T.);
#803 = VERTEX_POINT('',#804);
#804 = CARTESIAN_POINT('',(58.58114030983,-147.5,10.));
#805 = LINE('',#806,#807);
#806 = CARTESIAN_POINT('',(58.58114030983,-147.5,10.));
#807 = VECTOR('',#808,1.);
#808 = DIRECTION('',(0.,0.,1.));
#809 = ORIENTED_EDGE('',*,*,#810,.T.);
#810 = EDGE_CURVE('',#803,#811,#813,.T.);
#811 = VERTEX_POINT('',#812);
#812 = CARTESIAN_POINT('',(-58.58114030983,-147.5,10.));
#813 = LINE('',#814,#815);
#814 = CARTESIAN_POINT('',(0.,-147.5,10.));
#815 = VECTOR('',#816,1.);
#816 = DIRECTION('',(-1.,0.,0.));
#817 = ORIENTED_EDGE('',*,*,#818,.T.);
#818 = EDGE_CURVE('',#811,#819,#821,.T.);
#819 = VERTEX_POINT('',#820);
#820 = CARTESIAN_POINT('',(-58.58114030983,-147.5,14.));
#821 = LINE('',#822,#823);
#822 = CARTESIAN_POINT('',(-58.58114030983,-147.5,10.));
#823 = VECTOR('',#824,1.);
#824 = DIRECTION('',(0.,0.,1.));
#825 = ORIENTED_EDGE('',*,*,#826,.F.);
#826 = EDGE_CURVE('',#780,#819,#827,.T.);
#827 = LINE('',#828,#829);
#828 = CARTESIAN_POINT('',(-140.,-147.5,14.));
#829 = VECTOR('',#830,1.);
#830 = DIRECTION('',(1.,0.,0.));
#831 = PLANE('',#832);
#832 = AXIS2_PLACEMENT_3D('',#833,#834,#835);
#833 = CARTESIAN_POINT('',(0.,-147.5,7.));
#834 = DIRECTION('',(-0.,-1.,-0.));
#835 = DIRECTION('',(0.,0.,-1.));
#836 = ADVANCED_FACE('',(#837,#855,#889,#923,#957),#991,.F.);
#837 = FACE_BOUND('',#838,.F.);
#838 = EDGE_LOOP('',(#839,#847,#848,#849));
#839 = ORIENTED_EDGE('',*,*,#840,.F.);
#840 = EDGE_CURVE('',#778,#841,#843,.T.);
#841 = VERTEX_POINT('',#842);
#842 = CARTESIAN_POINT('',(-140.,147.5,0.));
#843 = LINE('',#844,#845);
#844 = CARTESIAN_POINT('',(-140.,-147.5,0.));
#845 = VECTOR('',#846,1.);
#846 = DIRECTION('',(0.,1.,0.));
#847 = ORIENTED_EDGE('',*,*,#787,.T.);
#848 = ORIENTED_EDGE('',*,*,#344,.T.);
#849 = ORIENTED_EDGE('',*,*,#850,.F.);
#850 = EDGE_CURVE('',#841,#345,#851,.T.);
#851 = LINE('',#852,#853);
#852 = CARTESIAN_POINT('',(-140.,147.5,0.));
#853 = VECTOR('',#854,1.);
#854 = DIRECTION('',(1.,0.,0.));
#855 = FACE_BOUND('',#856,.F.);
#856 = EDGE_LOOP('',(#857,#867,#875,#883));
#857 = ORIENTED_EDGE('',*,*,#858,.T.);
#858 = EDGE_CURVE('',#859,#861,#863,.T.);
#859 = VERTEX_POINT('',#860);
#860 = CARTESIAN_POINT('',(-110.7,-96.3,0.));
#861 = VERTEX_POINT('',#862);
#862 = CARTESIAN_POINT('',(-119.3,-96.3,0.));
#863 = LINE('',#864,#865);
#864 = CARTESIAN_POINT('',(-129.65,-96.3,0.));
#865 = VECTOR('',#866,1.);
#866 = DIRECTION('',(-1.,0.,0.));
#867 = ORIENTED_EDGE('',*,*,#868,.T.);
#868 = EDGE_CURVE('',#861,#869,#871,.T.);
#869 = VERTEX_POINT('',#870);
#870 = CARTESIAN_POINT('',(-119.3,-83.7,0.));
#871 = LINE('',#872,#873);
#872 = CARTESIAN_POINT('',(-119.3,-121.9,0.));
#873 = VECTOR('',#874,1.);
#874 = DIRECTION('',(0.,1.,0.));
#875 = ORIENTED_EDGE('',*,*,#876,.F.);
#876 = EDGE_CURVE('',#877,#869,#879,.T.);
#877 = VERTEX_POINT('',#878);
#878 = CARTESIAN_POINT('',(-110.7,-83.7,0.));
#879 = LINE('',#880,#881);
#880 = CARTESIAN_POINT('',(-129.65,-83.7,0.));
#881 = VECTOR('',#882,1.);
#882 = DIRECTION('',(-1.,0.,0.));
#883 = ORIENTED_EDGE('',*,*,#884,.F.);
#884 = EDGE_CURVE('',#859,#877,#885,.T.);
#885 = LINE('',#886,#887);
#886 = CARTESIAN_POINT('',(-110.7,-121.9,0.));
#887 = VECTOR('',#888,1.);
#888 = DIRECTION('',(0.,1.,0.));
#889 = FACE_BOUND('',#890,.F.);
#890 = EDGE_LOOP('',(#891,#901,#909,#917));
#891 = ORIENTED_EDGE('',*,*,#892,.T.);
#892 = EDGE_CURVE('',#893,#895,#897,.T.);
#893 = VERTEX_POINT('',#894);
#894 = CARTESIAN_POINT('',(119.3,-96.3,0.));
#895 = VERTEX_POINT('',#896);
#896 = CARTESIAN_POINT('',(110.7,-96.3,0.));
#897 = LINE('',#898,#899);
#898 = CARTESIAN_POINT('',(-14.65,-96.3,0.));
#899 = VECTOR('',#900,1.);
#900 = DIRECTION('',(-1.,0.,0.));
#901 = ORIENTED_EDGE('',*,*,#902,.T.);
#902 = EDGE_CURVE('',#895,#903,#905,.T.);
#903 = VERTEX_POINT('',#904);
#904 = CARTESIAN_POINT('',(110.7,-83.7,0.));
#905 = LINE('',#906,#907);
#906 = CARTESIAN_POINT('',(110.7,-121.9,0.));
#907 = VECTOR('',#908,1.);
#908 = DIRECTION('',(0.,1.,0.));
#909 = ORIENTED_EDGE('',*,*,#910,.F.);
#910 = EDGE_CURVE('',#911,#903,#913,.T.);
#911 = VERTEX_POINT('',#912);
#912 = CARTESIAN_POINT('',(119.3,-83.7,0.));
#913 = LINE('',#914,#915);
#914 = CARTESIAN_POINT('',(-14.65,-83.7,0.));
#915 = VECTOR('',#916,1.);
#916 = DIRECTION('',(-1.,0.,0.));
#917 = ORIENTED_EDGE('',*,*,#918,.F.);
#918 = EDGE_CURVE('',#893,#911,#919,.T.);
#919 = LINE('',#920,#921);
#920 = CARTESIAN_POINT('',(119.3,-121.9,0.));
#921 = VECTOR('',#922,1.);
#922 = DIRECTION('',(0.,1.,0.));
#923 = FACE_BOUND('',#924,.F.);
#924 = EDGE_LOOP('',(#925,#935,#943,#951));
#925 = ORIENTED_EDGE('',*,*,#926,.T.);
#926 = EDGE_CURVE('',#927,#929,#931,.T.);
#927 = VERTEX_POINT('',#928);
#928 = CARTESIAN_POINT('',(-110.7,83.7,0.));
#929 = VERTEX_POINT('',#930);
#930 = CARTESIAN_POINT('',(-119.3,83.7,0.));
#931 = LINE('',#932,#933);
#932 = CARTESIAN_POINT('',(-129.65,83.7,0.));
#933 = VECTOR('',#934,1.);
#934 = DIRECTION('',(-1.,0.,0.));
#935 = ORIENTED_EDGE('',*,*,#936,.T.);
#936 = EDGE_CURVE('',#929,#937,#939,.T.);
#937 = VERTEX_POINT('',#938);
#938 = CARTESIAN_POINT('',(-119.3,96.3,0.));
#939 = LINE('',#940,#941);
#940 = CARTESIAN_POINT('',(-119.3,-31.9,0.));
#941 = VECTOR('',#942,1.);
#942 = DIRECTION('',(0.,1.,0.));
#943 = ORIENTED_EDGE('',*,*,#944,.F.);
#944 = EDGE_CURVE('',#945,#937,#947,.T.);
#945 = VERTEX_POINT('',#946);
#946 = CARTESIAN_POINT('',(-110.7,96.3,0.));
#947 = LINE('',#948,#949);
#948 = CARTESIAN_POINT('',(-129.65,96.3,0.));
#949 = VECTOR('',#950,1.);
#950 = DIRECTION('',(-1.,0.,0.));
#951 = ORIENTED_EDGE('',*,*,#952,.F.);
#952 = EDGE_CURVE('',#927,#945,#953,.T.);
#953 = LINE('',#954,#955);
#954 = CARTESIAN_POINT('',(-110.7,-31.9,0.));
#955 = VECTOR('',#956,1.);
#956 = DIRECTION('',(0.,1.,0.));
#957 = FACE_BOUND('',#958,.F.);
#958 = EDGE_LOOP('',(#959,#969,#977,#985));
#959 = ORIENTED_EDGE('',*,*,#960,.T.);
#960 = EDGE_CURVE('',#961,#963,#965,.T.);
#961 = VERTEX_POINT('',#962);
#962 = CARTESIAN_POINT('',(119.3,83.7,0.));
#963 = VERTEX_POINT('',#964);
#964 = CARTESIAN_POINT('',(110.7,83.7,0.));
#965 = LINE('',#966,#967);
#966 = CARTESIAN_POINT('',(-14.65,83.7,0.));
#967 = VECTOR('',#968,1.);
#968 = DIRECTION('',(-1.,0.,0.));
#969 = ORIENTED_EDGE('',*,*,#970,.T.);
#970 = EDGE_CURVE('',#963,#971,#973,.T.);
#971 = VERTEX_POINT('',#972);
#972 = CARTESIAN_POINT('',(110.7,96.3,0.));
#973 = LINE('',#974,#975);
#974 = CARTESIAN_POINT('',(110.7,-31.9,0.));
#975 = VECTOR('',#976,1.);
#976 = DIRECTION('',(0.,1.,0.));
#977 = ORIENTED_EDGE('',*,*,#978,.F.);
#978 = EDGE_CURVE('',#979,#971,#981,.T.);
#979 = VERTEX_POINT('',#980);
#980 = CARTESIAN_POINT('',(119.3,96.3,0.));
#981 = LINE('',#982,#983);
#982 = CARTESIAN_POINT('',(-14.65,96.3,0.));
#983 = VECTOR('',#984,1.);
#984 = DIRECTION('',(-1.,0.,0.));
#985 = ORIENTED_EDGE('',*,*,#986,.F.);
#986 = EDGE_CURVE('',#961,#979,#987,.T.);
#987 = LINE('',#988,#989);
#988 = CARTESIAN_POINT('',(119.3,-31.9,0.));
#989 = VECTOR('',#990,1.);
#990 = DIRECTION('',(0.,1.,0.));
#991 = PLANE('',#992);
#992 = AXIS2_PLACEMENT_3D('',#993,#994,#995);
#993 = CARTESIAN_POINT('',(-140.,-147.5,0.));
#994 = DIRECTION('',(0.,0.,1.));
#995 = DIRECTION('',(1.,0.,0.));
#996 = ADVANCED_FACE('',(#997),#1008,.T.);
#997 = FACE_BOUND('',#998,.T.);
#998 = EDGE_LOOP('',(#999,#1000,#1006,#1007));
#999 = ORIENTED_EDGE('',*,*,#850,.F.);
#1000 = ORIENTED_EDGE('',*,*,#1001,.T.);
#1001 = EDGE_CURVE('',#841,#525,#1002,.T.);
#1002 = LINE('',#1003,#1004);
#1003 = CARTESIAN_POINT('',(-140.,147.5,4.));
#1004 = VECTOR('',#1005,1.);
#1005 = DIRECTION('',(0.,0.,1.));
#1006 = ORIENTED_EDGE('',*,*,#558,.T.);
#1007 = ORIENTED_EDGE('',*,*,#352,.F.);
#1008 = PLANE('',#1009);
#1009 = AXIS2_PLACEMENT_3D('',#1010,#1011,#1012);
#1010 = CARTESIAN_POINT('',(0.,147.5,7.));
#1011 = DIRECTION('',(0.,1.,0.));
#1012 = DIRECTION('',(0.,0.,1.));
#1013 = ADVANCED_FACE('',(#1014),#1048,.T.);
#1014 = FACE_BOUND('',#1015,.T.);
#1015 = EDGE_LOOP('',(#1016,#1017,#1025,#1033,#1041,#1047));
#1016 = ORIENTED_EDGE('',*,*,#737,.F.);
#1017 = ORIENTED_EDGE('',*,*,#1018,.T.);
#1018 = EDGE_CURVE('',#730,#1019,#1021,.T.);
#1019 = VERTEX_POINT('',#1020);
#1020 = CARTESIAN_POINT('',(85.,-65.,10.));
#1021 = LINE('',#1022,#1023);
#1022 = CARTESIAN_POINT('',(85.,-65.,4.));
#1023 = VECTOR('',#1024,1.);
#1024 = DIRECTION('',(0.,0.,1.));
#1025 = ORIENTED_EDGE('',*,*,#1026,.T.);
#1026 = EDGE_CURVE('',#1019,#1027,#1029,.T.);
#1027 = VERTEX_POINT('',#1028);
#1028 = CARTESIAN_POINT('',(101.99509792142,-65.,10.));
#1029 = LINE('',#1030,#1031);
#1030 = CARTESIAN_POINT('',(42.5,-65.,10.));
#1031 = VECTOR('',#1032,1.);
#1032 = DIRECTION('',(1.,0.,0.));
#1033 = ORIENTED_EDGE('',*,*,#1034,.T.);
#1034 = EDGE_CURVE('',#1027,#1035,#1037,.T.);
#1035 = VERTEX_POINT('',#1036);
#1036 = CARTESIAN_POINT('',(101.99509792142,-65.,24.));
#1037 = LINE('',#1038,#1039);
#1038 = CARTESIAN_POINT('',(101.99509792142,-65.,10.));
#1039 = VECTOR('',#1040,1.);
#1040 = DIRECTION('',(0.,0.,1.));
#1041 = ORIENTED_EDGE('',*,*,#1042,.T.);
#1042 = EDGE_CURVE('',#1035,#385,#1043,.T.);
#1043 = LINE('',#1044,#1045);
#1044 = CARTESIAN_POINT('',(85.,-65.,24.));
#1045 = VECTOR('',#1046,1.);
#1046 = DIRECTION('',(1.,0.,0.));
#1047 = ORIENTED_EDGE('',*,*,#384,.F.);
#1048 = PLANE('',#1049);
#1049 = AXIS2_PLACEMENT_3D('',#1050,#1051,#1052);
#1050 = CARTESIAN_POINT('',(85.,-65.,4.));
#1051 = DIRECTION('',(0.,1.,0.));
#1052 = DIRECTION('',(0.,0.,1.));
#1053 = ADVANCED_FACE('',(#1054,#1073),#1107,.T.);
#1054 = FACE_BOUND('',#1055,.T.);
#1055 = EDGE_LOOP('',(#1056,#1065,#1071,#1072));
#1056 = ORIENTED_EDGE('',*,*,#1057,.F.);
#1057 = EDGE_CURVE('',#1058,#1035,#1060,.T.);
#1058 = VERTEX_POINT('',#1059);
#1059 = CARTESIAN_POINT('',(88.334591186013,-115.,24.));
#1060 = CIRCLE('',#1061,102.);
#1061 = AXIS2_PLACEMENT_3D('',#1062,#1063,#1064);
#1062 = CARTESIAN_POINT('',(0.,-64.,24.));
#1063 = DIRECTION('',(0.,0.,1.));
#1064 = DIRECTION('',(1.,0.,-0.));
#1065 = ORIENTED_EDGE('',*,*,#1066,.T.);
#1066 = EDGE_CURVE('',#1058,#393,#1067,.T.);
#1067 = LINE('',#1068,#1069);
#1068 = CARTESIAN_POINT('',(85.,-115.,24.));
#1069 = VECTOR('',#1070,1.);
#1070 = DIRECTION('',(1.,0.,0.));
#1071 = ORIENTED_EDGE('',*,*,#392,.T.);
#1072 = ORIENTED_EDGE('',*,*,#1042,.F.);
#1073 = FACE_BOUND('',#1074,.T.);
#1074 = EDGE_LOOP('',(#1075,#1085,#1093,#1101));
#1075 = ORIENTED_EDGE('',*,*,#1076,.T.);
#1076 = EDGE_CURVE('',#1077,#1079,#1081,.T.);
#1077 = VERTEX_POINT('',#1078);
#1078 = CARTESIAN_POINT('',(119.3,-96.3,24.));
#1079 = VERTEX_POINT('',#1080);
#1080 = CARTESIAN_POINT('',(110.7,-96.3,24.));
#1081 = LINE('',#1082,#1083);
#1082 = CARTESIAN_POINT('',(97.85,-96.3,24.));
#1083 = VECTOR('',#1084,1.);
#1084 = DIRECTION('',(-1.,0.,0.));
#1085 = ORIENTED_EDGE('',*,*,#1086,.T.);
#1086 = EDGE_CURVE('',#1079,#1087,#1089,.T.);
#1087 = VERTEX_POINT('',#1088);
#1088 = CARTESIAN_POINT('',(110.7,-83.7,24.));
#1089 = LINE('',#1090,#1091);
#1090 = CARTESIAN_POINT('',(110.7,-105.65,24.));
#1091 = VECTOR('',#1092,1.);
#1092 = DIRECTION('',(0.,1.,0.));
#1093 = ORIENTED_EDGE('',*,*,#1094,.F.);
#1094 = EDGE_CURVE('',#1095,#1087,#1097,.T.);
#1095 = VERTEX_POINT('',#1096);
#1096 = CARTESIAN_POINT('',(119.3,-83.7,24.));
#1097 = LINE('',#1098,#1099);
#1098 = CARTESIAN_POINT('',(97.85,-83.7,24.));
#1099 = VECTOR('',#1100,1.);
#1100 = DIRECTION('',(-1.,0.,0.));
#1101 = ORIENTED_EDGE('',*,*,#1102,.F.);
#1102 = EDGE_CURVE('',#1077,#1095,#1103,.T.);
#1103 = LINE('',#1104,#1105);
#1104 = CARTESIAN_POINT('',(119.3,-105.65,24.));
#1105 = VECTOR('',#1106,1.);
#1106 = DIRECTION('',(0.,1.,0.));
#1107 = PLANE('',#1108);
#1108 = AXIS2_PLACEMENT_3D('',#1109,#1110,#1111);
#1109 = CARTESIAN_POINT('',(85.,-115.,24.));
#1110 = DIRECTION('',(0.,0.,1.));
#1111 = DIRECTION('',(1.,0.,0.));
#1112 = ADVANCED_FACE('',(#1113),#1147,.F.);
#1113 = FACE_BOUND('',#1114,.F.);
#1114 = EDGE_LOOP('',(#1115,#1123,#1131,#1139,#1145,#1146));
#1115 = ORIENTED_EDGE('',*,*,#1116,.F.);
#1116 = EDGE_CURVE('',#1117,#401,#1119,.T.);
#1117 = VERTEX_POINT('',#1118);
#1118 = CARTESIAN_POINT('',(85.,-115.,4.));
#1119 = LINE('',#1120,#1121);
#1120 = CARTESIAN_POINT('',(85.,-115.,4.));
#1121 = VECTOR('',#1122,1.);
#1122 = DIRECTION('',(1.,0.,0.));
#1123 = ORIENTED_EDGE('',*,*,#1124,.T.);
#1124 = EDGE_CURVE('',#1117,#1125,#1127,.T.);
#1125 = VERTEX_POINT('',#1126);
#1126 = CARTESIAN_POINT('',(85.,-115.,10.));
#1127 = LINE('',#1128,#1129);
#1128 = CARTESIAN_POINT('',(85.,-115.,4.));
#1129 = VECTOR('',#1130,1.);
#1130 = DIRECTION('',(0.,0.,1.));
#1131 = ORIENTED_EDGE('',*,*,#1132,.T.);
#1132 = EDGE_CURVE('',#1125,#1133,#1135,.T.);
#1133 = VERTEX_POINT('',#1134);
#1134 = CARTESIAN_POINT('',(88.334591186013,-115.,10.));
#1135 = LINE('',#1136,#1137);
#1136 = CARTESIAN_POINT('',(42.5,-115.,10.));
#1137 = VECTOR('',#1138,1.);
#1138 = DIRECTION('',(1.,0.,0.));
#1139 = ORIENTED_EDGE('',*,*,#1140,.T.);
#1140 = EDGE_CURVE('',#1133,#1058,#1141,.T.);
#1141 = LINE('',#1142,#1143);
#1142 = CARTESIAN_POINT('',(88.334591186013,-115.,10.));
#1143 = VECTOR('',#1144,1.);
#1144 = DIRECTION('',(0.,0.,1.));
#1145 = ORIENTED_EDGE('',*,*,#1066,.T.);
#1146 = ORIENTED_EDGE('',*,*,#400,.F.);
#1147 = PLANE('',#1148);
#1148 = AXIS2_PLACEMENT_3D('',#1149,#1150,#1151);
#1149 = CARTESIAN_POINT('',(85.,-115.,4.));
#1150 = DIRECTION('',(0.,1.,0.));
#1151 = DIRECTION('',(0.,0.,1.));
#1152 = ADVANCED_FACE('',(#1153),#1196,.T.);
#1153 = FACE_BOUND('',#1154,.T.);
#1154 = EDGE_LOOP('',(#1155,#1156,#1157,#1165,#1173,#1182,#1190));
#1155 = ORIENTED_EDGE('',*,*,#408,.T.);
#1156 = ORIENTED_EDGE('',*,*,#1116,.F.);
#1157 = ORIENTED_EDGE('',*,*,#1158,.T.);
#1158 = EDGE_CURVE('',#1117,#1159,#1161,.T.);
#1159 = VERTEX_POINT('',#1160);
#1160 = CARTESIAN_POINT('',(85.,-87.32521344509,4.));
#1161 = LINE('',#1162,#1163);
#1162 = CARTESIAN_POINT('',(85.,-115.,4.));
#1163 = VECTOR('',#1164,1.);
#1164 = DIRECTION('',(0.,1.,0.));
#1165 = ORIENTED_EDGE('',*,*,#1166,.F.);
#1166 = EDGE_CURVE('',#1167,#1159,#1169,.T.);
#1167 = VERTEX_POINT('',#1168);
#1168 = CARTESIAN_POINT('',(72.186241413227,-84.35059091602,4.));
#1169 = LINE('',#1170,#1171);
#1170 = CARTESIAN_POINT('',(-0.791453975198,-67.40934020085,4.));
#1171 = VECTOR('',#1172,1.);
#1172 = DIRECTION('',(0.974097200243,-0.226129707199,0.));
#1173 = ORIENTED_EDGE('',*,*,#1174,.F.);
#1174 = EDGE_CURVE('',#1175,#1167,#1177,.T.);
#1175 = VERTEX_POINT('',#1176);
#1176 = CARTESIAN_POINT('',(3.500000000001,-138.9182888218,4.));
#1177 = CIRCLE('',#1178,75.);
#1178 = AXIS2_PLACEMENT_3D('',#1179,#1180,#1181);
#1179 = CARTESIAN_POINT('',(0.,-64.,4.));
#1180 = DIRECTION('',(0.,0.,1.));
#1181 = DIRECTION('',(1.,0.,0.));
#1182 = ORIENTED_EDGE('',*,*,#1183,.T.);
#1183 = EDGE_CURVE('',#1175,#1184,#1186,.T.);
#1184 = VERTEX_POINT('',#1185);
#1185 = CARTESIAN_POINT('',(3.5,-139.5,4.));
#1186 = LINE('',#1187,#1188);
#1187 = CARTESIAN_POINT('',(3.5,-64.,4.));
#1188 = VECTOR('',#1189,1.);
#1189 = DIRECTION('',(1.110223024625E-16,-1.,0.));
#1190 = ORIENTED_EDGE('',*,*,#1191,.T.);
#1191 = EDGE_CURVE('',#1184,#409,#1192,.T.);
#1192 = LINE('',#1193,#1194);
#1193 = CARTESIAN_POINT('',(-140.,-139.5,4.));
#1194 = VECTOR('',#1195,1.);
#1195 = DIRECTION('',(1.,0.,0.));
#1196 = PLANE('',#1197);
#1197 = AXIS2_PLACEMENT_3D('',#1198,#1199,#1200);
#1198 = CARTESIAN_POINT('',(-140.,-147.5,4.));
#1199 = DIRECTION('',(0.,0.,1.));
#1200 = DIRECTION('',(1.,0.,0.));
#1201 = ADVANCED_FACE('',(#1202),#1236,.T.);
#1202 = FACE_BOUND('',#1203,.T.);
#1203 = EDGE_LOOP('',(#1204,#1205,#1213,#1221,#1229,#1235));
#1204 = ORIENTED_EDGE('',*,*,#1191,.F.);
#1205 = ORIENTED_EDGE('',*,*,#1206,.T.);
#1206 = EDGE_CURVE('',#1184,#1207,#1209,.T.);
#1207 = VERTEX_POINT('',#1208);
#1208 = CARTESIAN_POINT('',(3.5,-139.5,10.));
#1209 = LINE('',#1210,#1211);
#1210 = CARTESIAN_POINT('',(3.5,-139.5,4.));
#1211 = VECTOR('',#1212,1.);
#1212 = DIRECTION('',(0.,0.,1.));
#1213 = ORIENTED_EDGE('',*,*,#1214,.T.);
#1214 = EDGE_CURVE('',#1207,#1215,#1217,.T.);
#1215 = VERTEX_POINT('',#1216);
#1216 = CARTESIAN_POINT('',(68.583890236702,-139.5,10.));
#1217 = LINE('',#1218,#1219);
#1218 = CARTESIAN_POINT('',(-70.,-139.5,10.));
#1219 = VECTOR('',#1220,1.);
#1220 = DIRECTION('',(1.,0.,0.));
#1221 = ORIENTED_EDGE('',*,*,#1222,.T.);
#1222 = EDGE_CURVE('',#1215,#1223,#1225,.T.);
#1223 = VERTEX_POINT('',#1224);
#1224 = CARTESIAN_POINT('',(68.583890236702,-139.5,14.));
#1225 = LINE('',#1226,#1227);
#1226 = CARTESIAN_POINT('',(68.583890236702,-139.5,10.));
#1227 = VECTOR('',#1228,1.);
#1228 = DIRECTION('',(0.,0.,1.));
#1229 = ORIENTED_EDGE('',*,*,#1230,.T.);
#1230 = EDGE_CURVE('',#1223,#417,#1231,.T.);
#1231 = LINE('',#1232,#1233);
#1232 = CARTESIAN_POINT('',(-140.,-139.5,14.));
#1233 = VECTOR('',#1234,1.);
#1234 = DIRECTION('',(1.,0.,0.));
#1235 = ORIENTED_EDGE('',*,*,#416,.F.);
#1236 = PLANE('',#1237);
#1237 = AXIS2_PLACEMENT_3D('',#1238,#1239,#1240);
#1238 = CARTESIAN_POINT('',(-140.,-139.5,4.));
#1239 = DIRECTION('',(0.,1.,0.));
#1240 = DIRECTION('',(0.,0.,1.));
#1241 = ADVANCED_FACE('',(#1242),#1254,.T.);
#1242 = FACE_BOUND('',#1243,.T.);
#1243 = EDGE_LOOP('',(#1244,#1251,#1252,#1253));
#1244 = ORIENTED_EDGE('',*,*,#1245,.F.);
#1245 = EDGE_CURVE('',#795,#1223,#1246,.T.);
#1246 = CIRCLE('',#1247,102.);
#1247 = AXIS2_PLACEMENT_3D('',#1248,#1249,#1250);
#1248 = CARTESIAN_POINT('',(0.,-64.,14.));
#1249 = DIRECTION('',(0.,0.,1.));
#1250 = DIRECTION('',(1.,0.,-0.));
#1251 = ORIENTED_EDGE('',*,*,#794,.T.);
#1252 = ORIENTED_EDGE('',*,*,#424,.T.);
#1253 = ORIENTED_EDGE('',*,*,#1230,.F.);
#1254 = PLANE('',#1255);
#1255 = AXIS2_PLACEMENT_3D('',#1256,#1257,#1258);
#1256 = CARTESIAN_POINT('',(0.,-136.7793566267,14.));
#1257 = DIRECTION('',(0.,0.,1.));
#1258 = DIRECTION('',(1.,0.,0.));
#1259 = ADVANCED_FACE('',(#1260),#1285,.T.);
#1260 = FACE_BOUND('',#1261,.T.);
#1261 = EDGE_LOOP('',(#1262,#1272,#1278,#1279));
#1262 = ORIENTED_EDGE('',*,*,#1263,.F.);
#1263 = EDGE_CURVE('',#1264,#1266,#1268,.T.);
#1264 = VERTEX_POINT('',#1265);
#1265 = CARTESIAN_POINT('',(89.6,102.4,3.6));
#1266 = VERTEX_POINT('',#1267);
#1267 = CARTESIAN_POINT('',(89.6,102.4,8.4));
#1268 = LINE('',#1269,#1270);
#1269 = CARTESIAN_POINT('',(89.6,102.4,3.6));
#1270 = VECTOR('',#1271,1.);
#1271 = DIRECTION('',(0.,0.,1.));
#1272 = ORIENTED_EDGE('',*,*,#1273,.T.);
#1273 = EDGE_CURVE('',#1264,#435,#1274,.T.);
#1274 = LINE('',#1275,#1276);
#1275 = CARTESIAN_POINT('',(89.6,102.4,3.6));
#1276 = VECTOR('',#1277,1.);
#1277 = DIRECTION('',(1.,0.,0.));
#1278 = ORIENTED_EDGE('',*,*,#432,.F.);
#1279 = ORIENTED_EDGE('',*,*,#1280,.F.);
#1280 = EDGE_CURVE('',#1266,#433,#1281,.T.);
#1281 = LINE('',#1282,#1283);
#1282 = CARTESIAN_POINT('',(89.6,102.4,8.4));
#1283 = VECTOR('',#1284,1.);
#1284 = DIRECTION('',(1.,0.,0.));
#1285 = PLANE('',#1286);
#1286 = AXIS2_PLACEMENT_3D('',#1287,#1288,#1289);
#1287 = CARTESIAN_POINT('',(89.6,102.4,3.6));
#1288 = DIRECTION('',(0.,-1.,0.));
#1289 = DIRECTION('',(0.,0.,1.));
#1290 = ADVANCED_FACE('',(#1291,#1309),#1343,.T.);
#1291 = FACE_BOUND('',#1292,.T.);
#1292 = EDGE_LOOP('',(#1293,#1301,#1307,#1308));
#1293 = ORIENTED_EDGE('',*,*,#1294,.F.);
#1294 = EDGE_CURVE('',#1295,#1264,#1297,.T.);
#1295 = VERTEX_POINT('',#1296);
#1296 = CARTESIAN_POINT('',(89.6,77.6,3.6));
#1297 = LINE('',#1298,#1299);
#1298 = CARTESIAN_POINT('',(89.6,77.6,3.6));
#1299 = VECTOR('',#1300,1.);
#1300 = DIRECTION('',(0.,1.,0.));
#1301 = ORIENTED_EDGE('',*,*,#1302,.T.);
#1302 = EDGE_CURVE('',#1295,#443,#1303,.T.);
#1303 = LINE('',#1304,#1305);
#1304 = CARTESIAN_POINT('',(89.6,77.6,3.6));
#1305 = VECTOR('',#1306,1.);
#1306 = DIRECTION('',(1.,0.,0.));
#1307 = ORIENTED_EDGE('',*,*,#442,.F.);
#1308 = ORIENTED_EDGE('',*,*,#1273,.F.);
#1309 = FACE_BOUND('',#1310,.T.);
#1310 = EDGE_LOOP('',(#1311,#1321,#1329,#1337));
#1311 = ORIENTED_EDGE('',*,*,#1312,.T.);
#1312 = EDGE_CURVE('',#1313,#1315,#1317,.T.);
#1313 = VERTEX_POINT('',#1314);
#1314 = CARTESIAN_POINT('',(119.3,83.7,3.6));
#1315 = VERTEX_POINT('',#1316);
#1316 = CARTESIAN_POINT('',(110.7,83.7,3.6));
#1317 = LINE('',#1318,#1319);
#1318 = CARTESIAN_POINT('',(100.15,83.7,3.6));
#1319 = VECTOR('',#1320,1.);
#1320 = DIRECTION('',(-1.,0.,0.));
#1321 = ORIENTED_EDGE('',*,*,#1322,.T.);
#1322 = EDGE_CURVE('',#1315,#1323,#1325,.T.);
#1323 = VERTEX_POINT('',#1324);
#1324 = CARTESIAN_POINT('',(110.7,96.3,3.6));
#1325 = LINE('',#1326,#1327);
#1326 = CARTESIAN_POINT('',(110.7,80.65,3.6));
#1327 = VECTOR('',#1328,1.);
#1328 = DIRECTION('',(0.,1.,0.));
#1329 = ORIENTED_EDGE('',*,*,#1330,.F.);
#1330 = EDGE_CURVE('',#1331,#1323,#1333,.T.);
#1331 = VERTEX_POINT('',#1332);
#1332 = CARTESIAN_POINT('',(119.3,96.3,3.6));
#1333 = LINE('',#1334,#1335);
#1334 = CARTESIAN_POINT('',(100.15,96.3,3.6));
#1335 = VECTOR('',#1336,1.);
#1336 = DIRECTION('',(-1.,0.,0.));
#1337 = ORIENTED_EDGE('',*,*,#1338,.F.);
#1338 = EDGE_CURVE('',#1313,#1331,#1339,.T.);
#1339 = LINE('',#1340,#1341);
#1340 = CARTESIAN_POINT('',(119.3,80.65,3.6));
#1341 = VECTOR('',#1342,1.);
#1342 = DIRECTION('',(0.,1.,0.));
#1343 = PLANE('',#1344);
#1344 = AXIS2_PLACEMENT_3D('',#1345,#1346,#1347);
#1345 = CARTESIAN_POINT('',(89.6,77.6,3.6));
#1346 = DIRECTION('',(0.,0.,1.));
#1347 = DIRECTION('',(0.,1.,0.));
#1348 = ADVANCED_FACE('',(#1349),#1367,.T.);
#1349 = FACE_BOUND('',#1350,.T.);
#1350 = EDGE_LOOP('',(#1351,#1359,#1365,#1366));
#1351 = ORIENTED_EDGE('',*,*,#1352,.F.);
#1352 = EDGE_CURVE('',#1353,#1295,#1355,.T.);
#1353 = VERTEX_POINT('',#1354);
#1354 = CARTESIAN_POINT('',(89.6,77.6,8.4));
#1355 = LINE('',#1356,#1357);
#1356 = CARTESIAN_POINT('',(89.6,77.6,8.4));
#1357 = VECTOR('',#1358,1.);
#1358 = DIRECTION('',(0.,0.,-1.));
#1359 = ORIENTED_EDGE('',*,*,#1360,.T.);
#1360 = EDGE_CURVE('',#1353,#451,#1361,.T.);
#1361 = LINE('',#1362,#1363);
#1362 = CARTESIAN_POINT('',(89.6,77.6,8.4));
#1363 = VECTOR('',#1364,1.);
#1364 = DIRECTION('',(1.,0.,0.));
#1365 = ORIENTED_EDGE('',*,*,#450,.F.);
#1366 = ORIENTED_EDGE('',*,*,#1302,.F.);
#1367 = PLANE('',#1368);
#1368 = AXIS2_PLACEMENT_3D('',#1369,#1370,#1371);
#1369 = CARTESIAN_POINT('',(89.6,77.6,8.4));
#1370 = DIRECTION('',(0.,1.,0.));
#1371 = DIRECTION('',(0.,0.,-1.));
#1372 = ADVANCED_FACE('',(#1373),#1423,.T.);
#1373 = FACE_BOUND('',#1374,.T.);
#1374 = EDGE_LOOP('',(#1375,#1383,#1391,#1399,#1407,#1415,#1421,#1422));
#1375 = ORIENTED_EDGE('',*,*,#1376,.F.);
#1376 = EDGE_CURVE('',#1377,#1353,#1379,.T.);
#1377 = VERTEX_POINT('',#1378);
#1378 = CARTESIAN_POINT('',(89.6,90.,20.4));
#1379 = LINE('',#1380,#1381);
#1380 = CARTESIAN_POINT('',(89.6,90.,20.4));
#1381 = VECTOR('',#1382,1.);
#1382 = DIRECTION('',(0.,-0.718602141767,-0.695421427516));
#1383 = ORIENTED_EDGE('',*,*,#1384,.T.);
#1384 = EDGE_CURVE('',#1377,#1385,#1387,.T.);
#1385 = VERTEX_POINT('',#1386);
#1386 = CARTESIAN_POINT('',(110.7,90.,20.4));
#1387 = LINE('',#1388,#1389);
#1388 = CARTESIAN_POINT('',(89.6,90.,20.4));
#1389 = VECTOR('',#1390,1.);
#1390 = DIRECTION('',(1.,0.,0.));
#1391 = ORIENTED_EDGE('',*,*,#1392,.T.);
#1392 = EDGE_CURVE('',#1385,#1393,#1395,.T.);
#1393 = VERTEX_POINT('',#1394);
#1394 = CARTESIAN_POINT('',(110.7,83.7,14.303225806452));
#1395 = LINE('',#1396,#1397);
#1396 = CARTESIAN_POINT('',(110.7,83.026249328318,13.651209027405));
#1397 = VECTOR('',#1398,1.);
#1398 = DIRECTION('',(0.,-0.718602141767,-0.695421427516));
#1399 = ORIENTED_EDGE('',*,*,#1400,.T.);
#1400 = EDGE_CURVE('',#1393,#1401,#1403,.T.);
#1401 = VERTEX_POINT('',#1402);
#1402 = CARTESIAN_POINT('',(119.3,83.7,14.303225806452));
#1403 = LINE('',#1404,#1405);
#1404 = CARTESIAN_POINT('',(100.15,83.7,14.303225806452));
#1405 = VECTOR('',#1406,1.);
#1406 = DIRECTION('',(1.,0.,0.));
#1407 = ORIENTED_EDGE('',*,*,#1408,.F.);
#1408 = EDGE_CURVE('',#1409,#1401,#1411,.T.);
#1409 = VERTEX_POINT('',#1410);
#1410 = CARTESIAN_POINT('',(119.3,90.,20.4));
#1411 = LINE('',#1412,#1413);
#1412 = CARTESIAN_POINT('',(119.3,83.026249328318,13.651209027405));
#1413 = VECTOR('',#1414,1.);
#1414 = DIRECTION('',(0.,-0.718602141767,-0.695421427516));
#1415 = ORIENTED_EDGE('',*,*,#1416,.T.);
#1416 = EDGE_CURVE('',#1409,#459,#1417,.T.);
#1417 = LINE('',#1418,#1419);
#1418 = CARTESIAN_POINT('',(89.6,90.,20.4));
#1419 = VECTOR('',#1420,1.);
#1420 = DIRECTION('',(1.,0.,0.));
#1421 = ORIENTED_EDGE('',*,*,#458,.F.);
#1422 = ORIENTED_EDGE('',*,*,#1360,.F.);
#1423 = PLANE('',#1424);
#1424 = AXIS2_PLACEMENT_3D('',#1425,#1426,#1427);
#1425 = CARTESIAN_POINT('',(89.6,90.,20.4));
#1426 = DIRECTION('',(0.,0.695421427516,-0.718602141767));
#1427 = DIRECTION('',(0.,-0.718602141767,-0.695421427516));
#1428 = ADVANCED_FACE('',(#1429),#1463,.T.);
#1429 = FACE_BOUND('',#1430,.T.);
#1430 = EDGE_LOOP('',(#1431,#1437,#1438,#1439,#1440,#1448,#1456,#1462));
#1431 = ORIENTED_EDGE('',*,*,#1432,.F.);
#1432 = EDGE_CURVE('',#1266,#1377,#1433,.T.);
#1433 = LINE('',#1434,#1435);
#1434 = CARTESIAN_POINT('',(89.6,102.4,8.4));
#1435 = VECTOR('',#1436,1.);
#1436 = DIRECTION('',(0.,-0.718602141767,0.695421427516));
#1437 = ORIENTED_EDGE('',*,*,#1280,.T.);
#1438 = ORIENTED_EDGE('',*,*,#466,.F.);
#1439 = ORIENTED_EDGE('',*,*,#1416,.F.);
#1440 = ORIENTED_EDGE('',*,*,#1441,.F.);
#1441 = EDGE_CURVE('',#1442,#1409,#1444,.T.);
#1442 = VERTEX_POINT('',#1443);
#1443 = CARTESIAN_POINT('',(119.3,96.3,14.303225806452));
#1444 = LINE('',#1445,#1446);
#1445 = CARTESIAN_POINT('',(119.3,99.920499731327,10.799516389038));
#1446 = VECTOR('',#1447,1.);
#1447 = DIRECTION('',(0.,-0.718602141767,0.695421427516));
#1448 = ORIENTED_EDGE('',*,*,#1449,.F.);
#1449 = EDGE_CURVE('',#1450,#1442,#1452,.T.);
#1450 = VERTEX_POINT('',#1451);
#1451 = CARTESIAN_POINT('',(110.7,96.3,14.303225806452));
#1452 = LINE('',#1453,#1454);
#1453 = CARTESIAN_POINT('',(100.15,96.3,14.303225806452));
#1454 = VECTOR('',#1455,1.);
#1455 = DIRECTION('',(1.,0.,0.));
#1456 = ORIENTED_EDGE('',*,*,#1457,.T.);
#1457 = EDGE_CURVE('',#1450,#1385,#1458,.T.);
#1458 = LINE('',#1459,#1460);
#1459 = CARTESIAN_POINT('',(110.7,99.920499731327,10.799516389038));
#1460 = VECTOR('',#1461,1.);
#1461 = DIRECTION('',(0.,-0.718602141767,0.695421427516));
#1462 = ORIENTED_EDGE('',*,*,#1384,.F.);
#1463 = PLANE('',#1464);
#1464 = AXIS2_PLACEMENT_3D('',#1465,#1466,#1467);
#1465 = CARTESIAN_POINT('',(89.6,102.4,8.4));
#1466 = DIRECTION('',(0.,-0.695421427516,-0.718602141767));
#1467 = DIRECTION('',(0.,-0.718602141767,0.695421427516));
#1468 = ADVANCED_FACE('',(#1469),#1494,.T.);
#1469 = FACE_BOUND('',#1470,.T.);
#1470 = EDGE_LOOP('',(#1471,#1481,#1487,#1488));
#1471 = ORIENTED_EDGE('',*,*,#1472,.F.);
#1472 = EDGE_CURVE('',#1473,#1475,#1477,.T.);
#1473 = VERTEX_POINT('',#1474);
#1474 = CARTESIAN_POINT('',(89.6,-77.6,3.6));
#1475 = VERTEX_POINT('',#1476);
#1476 = CARTESIAN_POINT('',(89.6,-77.6,8.4));
#1477 = LINE('',#1478,#1479);
#1478 = CARTESIAN_POINT('',(89.6,-77.6,3.6));
#1479 = VECTOR('',#1480,1.);
#1480 = DIRECTION('',(0.,0.,1.));
#1481 = ORIENTED_EDGE('',*,*,#1482,.T.);
#1482 = EDGE_CURVE('',#1473,#477,#1483,.T.);
#1483 = LINE('',#1484,#1485);
#1484 = CARTESIAN_POINT('',(89.6,-77.6,3.6));
#1485 = VECTOR('',#1486,1.);
#1486 = DIRECTION('',(1.,0.,0.));
#1487 = ORIENTED_EDGE('',*,*,#474,.F.);
#1488 = ORIENTED_EDGE('',*,*,#1489,.F.);
#1489 = EDGE_CURVE('',#1475,#475,#1490,.T.);
#1490 = LINE('',#1491,#1492);
#1491 = CARTESIAN_POINT('',(89.6,-77.6,8.4));
#1492 = VECTOR('',#1493,1.);
#1493 = DIRECTION('',(1.,0.,0.));
#1494 = PLANE('',#1495);
#1495 = AXIS2_PLACEMENT_3D('',#1496,#1497,#1498);
#1496 = CARTESIAN_POINT('',(89.6,-77.6,3.6));
#1497 = DIRECTION('',(0.,-1.,0.));
#1498 = DIRECTION('',(0.,0.,1.));
#1499 = ADVANCED_FACE('',(#1500,#1518),#1552,.T.);
#1500 = FACE_BOUND('',#1501,.T.);
#1501 = EDGE_LOOP('',(#1502,#1510,#1516,#1517));
#1502 = ORIENTED_EDGE('',*,*,#1503,.F.);
#1503 = EDGE_CURVE('',#1504,#1473,#1506,.T.);
#1504 = VERTEX_POINT('',#1505);
#1505 = CARTESIAN_POINT('',(89.6,-102.4,3.6));
#1506 = LINE('',#1507,#1508);
#1507 = CARTESIAN_POINT('',(89.6,-102.4,3.6));
#1508 = VECTOR('',#1509,1.);
#1509 = DIRECTION('',(0.,1.,0.));
#1510 = ORIENTED_EDGE('',*,*,#1511,.T.);
#1511 = EDGE_CURVE('',#1504,#485,#1512,.T.);
#1512 = LINE('',#1513,#1514);
#1513 = CARTESIAN_POINT('',(89.6,-102.4,3.6));
#1514 = VECTOR('',#1515,1.);
#1515 = DIRECTION('',(1.,0.,0.));
#1516 = ORIENTED_EDGE('',*,*,#484,.F.);
#1517 = ORIENTED_EDGE('',*,*,#1482,.F.);
#1518 = FACE_BOUND('',#1519,.T.);
#1519 = EDGE_LOOP('',(#1520,#1530,#1538,#1546));
#1520 = ORIENTED_EDGE('',*,*,#1521,.T.);
#1521 = EDGE_CURVE('',#1522,#1524,#1526,.T.);
#1522 = VERTEX_POINT('',#1523);
#1523 = CARTESIAN_POINT('',(119.3,-96.3,3.6));
#1524 = VERTEX_POINT('',#1525);
#1525 = CARTESIAN_POINT('',(110.7,-96.3,3.6));
#1526 = LINE('',#1527,#1528);
#1527 = CARTESIAN_POINT('',(100.15,-96.3,3.6));
#1528 = VECTOR('',#1529,1.);
#1529 = DIRECTION('',(-1.,0.,0.));
#1530 = ORIENTED_EDGE('',*,*,#1531,.T.);
#1531 = EDGE_CURVE('',#1524,#1532,#1534,.T.);
#1532 = VERTEX_POINT('',#1533);
#1533 = CARTESIAN_POINT('',(110.7,-83.7,3.6));
#1534 = LINE('',#1535,#1536);
#1535 = CARTESIAN_POINT('',(110.7,-99.35,3.6));
#1536 = VECTOR('',#1537,1.);
#1537 = DIRECTION('',(0.,1.,0.));
#1538 = ORIENTED_EDGE('',*,*,#1539,.F.);
#1539 = EDGE_CURVE('',#1540,#1532,#1542,.T.);
#1540 = VERTEX_POINT('',#1541);
#1541 = CARTESIAN_POINT('',(119.3,-83.7,3.6));
#1542 = LINE('',#1543,#1544);
#1543 = CARTESIAN_POINT('',(100.15,-83.7,3.6));
#1544 = VECTOR('',#1545,1.);
#1545 = DIRECTION('',(-1.,0.,0.));
#1546 = ORIENTED_EDGE('',*,*,#1547,.F.);
#1547 = EDGE_CURVE('',#1522,#1540,#1548,.T.);
#1548 = LINE('',#1549,#1550);
#1549 = CARTESIAN_POINT('',(119.3,-99.35,3.6));
#1550 = VECTOR('',#1551,1.);
#1551 = DIRECTION('',(0.,1.,0.));
#1552 = PLANE('',#1553);
#1553 = AXIS2_PLACEMENT_3D('',#1554,#1555,#1556);
#1554 = CARTESIAN_POINT('',(89.6,-102.4,3.6));
#1555 = DIRECTION('',(0.,0.,1.));
#1556 = DIRECTION('',(0.,1.,0.));
#1557 = ADVANCED_FACE('',(#1558),#1576,.T.);
#1558 = FACE_BOUND('',#1559,.T.);
#1559 = EDGE_LOOP('',(#1560,#1568,#1574,#1575));
#1560 = ORIENTED_EDGE('',*,*,#1561,.F.);
#1561 = EDGE_CURVE('',#1562,#1504,#1564,.T.);
#1562 = VERTEX_POINT('',#1563);
#1563 = CARTESIAN_POINT('',(89.6,-102.4,8.4));
#1564 = LINE('',#1565,#1566);
#1565 = CARTESIAN_POINT('',(89.6,-102.4,8.4));
#1566 = VECTOR('',#1567,1.);
#1567 = DIRECTION('',(0.,0.,-1.));
#1568 = ORIENTED_EDGE('',*,*,#1569,.T.);
#1569 = EDGE_CURVE('',#1562,#493,#1570,.T.);
#1570 = LINE('',#1571,#1572);
#1571 = CARTESIAN_POINT('',(89.6,-102.4,8.4));
#1572 = VECTOR('',#1573,1.);
#1573 = DIRECTION('',(1.,0.,0.));
#1574 = ORIENTED_EDGE('',*,*,#492,.F.);
#1575 = ORIENTED_EDGE('',*,*,#1511,.F.);
#1576 = PLANE('',#1577);
#1577 = AXIS2_PLACEMENT_3D('',#1578,#1579,#1580);
#1578 = CARTESIAN_POINT('',(89.6,-102.4,8.4));
#1579 = DIRECTION('',(0.,1.,0.));
#1580 = DIRECTION('',(0.,0.,-1.));
#1581 = ADVANCED_FACE('',(#1582),#1649,.T.);
#1582 = FACE_BOUND('',#1583,.T.);
#1583 = EDGE_LOOP('',(#1584,#1592,#1600,#1609,#1617,#1625,#1633,#1641,
    #1647,#1648));
#1584 = ORIENTED_EDGE('',*,*,#1585,.F.);
#1585 = EDGE_CURVE('',#1586,#1562,#1588,.T.);
#1586 = VERTEX_POINT('',#1587);
#1587 = CARTESIAN_POINT('',(89.6,-100.7466666666,10.));
#1588 = LINE('',#1589,#1590);
#1589 = CARTESIAN_POINT('',(89.6,-90.,20.4));
#1590 = VECTOR('',#1591,1.);
#1591 = DIRECTION('',(0.,-0.718602141767,-0.695421427516));
#1592 = ORIENTED_EDGE('',*,*,#1593,.T.);
#1593 = EDGE_CURVE('',#1586,#1594,#1596,.T.);
#1594 = VERTEX_POINT('',#1595);
#1595 = CARTESIAN_POINT('',(95.150840715615,-100.7466666666,10.));
#1596 = LINE('',#1597,#1598);
#1597 = CARTESIAN_POINT('',(44.8,-100.7466666666,10.));
#1598 = VECTOR('',#1599,1.);
#1599 = DIRECTION('',(1.,-0.,0.));
#1600 = ORIENTED_EDGE('',*,*,#1601,.F.);
#1601 = EDGE_CURVE('',#1602,#1594,#1604,.T.);
#1602 = VERTEX_POINT('',#1603);
#1603 = CARTESIAN_POINT('',(98.630624047504,-90.,20.4));
#1604 = ELLIPSE('',#1605,141.94224324076,102.);
#1605 = AXIS2_PLACEMENT_3D('',#1606,#1607,#1608);
#1606 = CARTESIAN_POINT('',(0.,-64.,45.561290322564));
#1607 = DIRECTION('',(0.,0.695421427516,-0.718602141767));
#1608 = DIRECTION('',(0.,0.718602141767,0.695421427516));
#1609 = ORIENTED_EDGE('',*,*,#1610,.T.);
#1610 = EDGE_CURVE('',#1602,#1611,#1613,.T.);
#1611 = VERTEX_POINT('',#1612);
#1612 = CARTESIAN_POINT('',(110.7,-90.,20.4));
#1613 = LINE('',#1614,#1615);
#1614 = CARTESIAN_POINT('',(89.6,-90.,20.4));
#1615 = VECTOR('',#1616,1.);
#1616 = DIRECTION('',(1.,0.,0.));
#1617 = ORIENTED_EDGE('',*,*,#1618,.T.);
#1618 = EDGE_CURVE('',#1611,#1619,#1621,.T.);
#1619 = VERTEX_POINT('',#1620);
#1620 = CARTESIAN_POINT('',(110.7,-96.3,14.303225806452));
#1621 = LINE('',#1622,#1623);
#1622 = CARTESIAN_POINT('',(110.7,-96.97375067168,13.651209027405));
#1623 = VECTOR('',#1624,1.);
#1624 = DIRECTION('',(0.,-0.718602141767,-0.695421427516));
#1625 = ORIENTED_EDGE('',*,*,#1626,.T.);
#1626 = EDGE_CURVE('',#1619,#1627,#1629,.T.);
#1627 = VERTEX_POINT('',#1628);
#1628 = CARTESIAN_POINT('',(119.3,-96.3,14.303225806452));
#1629 = LINE('',#1630,#1631);
#1630 = CARTESIAN_POINT('',(100.15,-96.3,14.303225806452));
#1631 = VECTOR('',#1632,1.);
#1632 = DIRECTION('',(1.,0.,0.));
#1633 = ORIENTED_EDGE('',*,*,#1634,.F.);
#1634 = EDGE_CURVE('',#1635,#1627,#1637,.T.);
#1635 = VERTEX_POINT('',#1636);
#1636 = CARTESIAN_POINT('',(119.3,-90.,20.4));
#1637 = LINE('',#1638,#1639);
#1638 = CARTESIAN_POINT('',(119.3,-96.97375067168,13.651209027405));
#1639 = VECTOR('',#1640,1.);
#1640 = DIRECTION('',(0.,-0.718602141767,-0.695421427516));
#1641 = ORIENTED_EDGE('',*,*,#1642,.T.);
#1642 = EDGE_CURVE('',#1635,#501,#1643,.T.);
#1643 = LINE('',#1644,#1645);
#1644 = CARTESIAN_POINT('',(89.6,-90.,20.4));
#1645 = VECTOR('',#1646,1.);
#1646 = DIRECTION('',(1.,0.,0.));
#1647 = ORIENTED_EDGE('',*,*,#500,.F.);
#1648 = ORIENTED_EDGE('',*,*,#1569,.F.);
#1649 = PLANE('',#1650);
#1650 = AXIS2_PLACEMENT_3D('',#1651,#1652,#1653);
#1651 = CARTESIAN_POINT('',(89.6,-90.,20.4));
#1652 = DIRECTION('',(0.,0.695421427516,-0.718602141767));
#1653 = DIRECTION('',(0.,-0.718602141767,-0.695421427516));
#1654 = ADVANCED_FACE('',(#1655),#1706,.T.);
#1655 = FACE_BOUND('',#1656,.T.);
#1656 = EDGE_LOOP('',(#1657,#1665,#1666,#1667,#1668,#1676,#1684,#1690,
    #1691,#1700));
#1657 = ORIENTED_EDGE('',*,*,#1658,.F.);
#1658 = EDGE_CURVE('',#1475,#1659,#1661,.T.);
#1659 = VERTEX_POINT('',#1660);
#1660 = CARTESIAN_POINT('',(89.6,-79.25333333333,10.));
#1661 = LINE('',#1662,#1663);
#1662 = CARTESIAN_POINT('',(89.6,-77.6,8.4));
#1663 = VECTOR('',#1664,1.);
#1664 = DIRECTION('',(0.,-0.718602141767,0.695421427516));
#1665 = ORIENTED_EDGE('',*,*,#1489,.T.);
#1666 = ORIENTED_EDGE('',*,*,#508,.F.);
#1667 = ORIENTED_EDGE('',*,*,#1642,.F.);
#1668 = ORIENTED_EDGE('',*,*,#1669,.F.);
#1669 = EDGE_CURVE('',#1670,#1635,#1672,.T.);
#1670 = VERTEX_POINT('',#1671);
#1671 = CARTESIAN_POINT('',(119.3,-83.7,14.303225806452));
#1672 = LINE('',#1673,#1674);
#1673 = CARTESIAN_POINT('',(119.3,-80.07950026867,10.799516389038));
#1674 = VECTOR('',#1675,1.);
#1675 = DIRECTION('',(0.,-0.718602141767,0.695421427516));
#1676 = ORIENTED_EDGE('',*,*,#1677,.F.);
#1677 = EDGE_CURVE('',#1678,#1670,#1680,.T.);
#1678 = VERTEX_POINT('',#1679);
#1679 = CARTESIAN_POINT('',(110.7,-83.7,14.303225806452));
#1680 = LINE('',#1681,#1682);
#1681 = CARTESIAN_POINT('',(100.15,-83.7,14.303225806452));
#1682 = VECTOR('',#1683,1.);
#1683 = DIRECTION('',(1.,0.,0.));
#1684 = ORIENTED_EDGE('',*,*,#1685,.T.);
#1685 = EDGE_CURVE('',#1678,#1611,#1686,.T.);
#1686 = LINE('',#1687,#1688);
#1687 = CARTESIAN_POINT('',(110.7,-80.07950026867,10.799516389038));
#1688 = VECTOR('',#1689,1.);
#1689 = DIRECTION('',(0.,-0.718602141767,0.695421427516));
#1690 = ORIENTED_EDGE('',*,*,#1610,.F.);
#1691 = ORIENTED_EDGE('',*,*,#1692,.F.);
#1692 = EDGE_CURVE('',#1693,#1602,#1695,.T.);
#1693 = VERTEX_POINT('',#1694);
#1694 = CARTESIAN_POINT('',(100.85304071877,-79.25333333333,10.));
#1695 = ELLIPSE('',#1696,141.94224324076,102.);
#1696 = AXIS2_PLACEMENT_3D('',#1697,#1698,#1699);
#1697 = CARTESIAN_POINT('',(0.,-64.,-4.761290322572));
#1698 = DIRECTION('',(0.,-0.695421427516,-0.718602141767));
#1699 = DIRECTION('',(0.,-0.718602141767,0.695421427516));
#1700 = ORIENTED_EDGE('',*,*,#1701,.T.);
#1701 = EDGE_CURVE('',#1693,#1659,#1702,.T.);
#1702 = LINE('',#1703,#1704);
#1703 = CARTESIAN_POINT('',(44.8,-79.25333333333,10.));
#1704 = VECTOR('',#1705,1.);
#1705 = DIRECTION('',(-1.,-0.,0.));
#1706 = PLANE('',#1707);
#1707 = AXIS2_PLACEMENT_3D('',#1708,#1709,#1710);
#1708 = CARTESIAN_POINT('',(89.6,-77.6,8.4));
#1709 = DIRECTION('',(0.,-0.695421427516,-0.718602141767));
#1710 = DIRECTION('',(0.,-0.718602141767,0.695421427516));
#1711 = ADVANCED_FACE('',(#1712,#1812,#1854),#1896,.T.);
#1712 = FACE_BOUND('',#1713,.T.);
#1713 = EDGE_LOOP('',(#1714,#1715,#1723,#1731,#1739,#1747,#1755,#1763,
    #1771,#1779,#1787,#1795,#1803,#1809,#1810,#1811));
#1714 = ORIENTED_EDGE('',*,*,#777,.T.);
#1715 = ORIENTED_EDGE('',*,*,#1716,.T.);
#1716 = EDGE_CURVE('',#780,#1717,#1719,.T.);
#1717 = VERTEX_POINT('',#1718);
#1718 = CARTESIAN_POINT('',(-140.,-139.5,14.));
#1719 = LINE('',#1720,#1721);
#1720 = CARTESIAN_POINT('',(-140.,-147.5,14.));
#1721 = VECTOR('',#1722,1.);
#1722 = DIRECTION('',(0.,1.,0.));
#1723 = ORIENTED_EDGE('',*,*,#1724,.F.);
#1724 = EDGE_CURVE('',#1725,#1717,#1727,.T.);
#1725 = VERTEX_POINT('',#1726);
#1726 = CARTESIAN_POINT('',(-140.,-139.5,4.));
#1727 = LINE('',#1728,#1729);
#1728 = CARTESIAN_POINT('',(-140.,-139.5,4.));
#1729 = VECTOR('',#1730,1.);
#1730 = DIRECTION('',(0.,0.,1.));
#1731 = ORIENTED_EDGE('',*,*,#1732,.T.);
#1732 = EDGE_CURVE('',#1725,#1733,#1735,.T.);
#1733 = VERTEX_POINT('',#1734);
#1734 = CARTESIAN_POINT('',(-140.,-115.,4.));
#1735 = LINE('',#1736,#1737);
#1736 = CARTESIAN_POINT('',(-140.,-147.5,4.));
#1737 = VECTOR('',#1738,1.);
#1738 = DIRECTION('',(0.,1.,0.));
#1739 = ORIENTED_EDGE('',*,*,#1740,.T.);
#1740 = EDGE_CURVE('',#1733,#1741,#1743,.T.);
#1741 = VERTEX_POINT('',#1742);
#1742 = CARTESIAN_POINT('',(-140.,-115.,24.));
#1743 = LINE('',#1744,#1745);
#1744 = CARTESIAN_POINT('',(-140.,-115.,4.));
#1745 = VECTOR('',#1746,1.);
#1746 = DIRECTION('',(0.,0.,1.));
#1747 = ORIENTED_EDGE('',*,*,#1748,.T.);
#1748 = EDGE_CURVE('',#1741,#1749,#1751,.T.);
#1749 = VERTEX_POINT('',#1750);
#1750 = CARTESIAN_POINT('',(-140.,-65.,24.));
#1751 = LINE('',#1752,#1753);
#1752 = CARTESIAN_POINT('',(-140.,-115.,24.));
#1753 = VECTOR('',#1754,1.);
#1754 = DIRECTION('',(0.,1.,0.));
#1755 = ORIENTED_EDGE('',*,*,#1756,.F.);
#1756 = EDGE_CURVE('',#1757,#1749,#1759,.T.);
#1757 = VERTEX_POINT('',#1758);
#1758 = CARTESIAN_POINT('',(-140.,-65.,4.));
#1759 = LINE('',#1760,#1761);
#1760 = CARTESIAN_POINT('',(-140.,-65.,4.));
#1761 = VECTOR('',#1762,1.);
#1762 = DIRECTION('',(0.,0.,1.));
#1763 = ORIENTED_EDGE('',*,*,#1764,.T.);
#1764 = EDGE_CURVE('',#1757,#1765,#1767,.T.);
#1765 = VERTEX_POINT('',#1766);
#1766 = CARTESIAN_POINT('',(-140.,65.,4.));
#1767 = LINE('',#1768,#1769);
#1768 = CARTESIAN_POINT('',(-140.,-147.5,4.));
#1769 = VECTOR('',#1770,1.);
#1770 = DIRECTION('',(0.,1.,0.));
#1771 = ORIENTED_EDGE('',*,*,#1772,.T.);
#1772 = EDGE_CURVE('',#1765,#1773,#1775,.T.);
#1773 = VERTEX_POINT('',#1774);
#1774 = CARTESIAN_POINT('',(-140.,65.,24.));
#1775 = LINE('',#1776,#1777);
#1776 = CARTESIAN_POINT('',(-140.,65.,4.));
#1777 = VECTOR('',#1778,1.);
#1778 = DIRECTION('',(0.,0.,1.));
#1779 = ORIENTED_EDGE('',*,*,#1780,.T.);
#1780 = EDGE_CURVE('',#1773,#1781,#1783,.T.);
#1781 = VERTEX_POINT('',#1782);
#1782 = CARTESIAN_POINT('',(-140.,115.,24.));
#1783 = LINE('',#1784,#1785);
#1784 = CARTESIAN_POINT('',(-140.,65.,24.));
#1785 = VECTOR('',#1786,1.);
#1786 = DIRECTION('',(0.,1.,0.));
#1787 = ORIENTED_EDGE('',*,*,#1788,.F.);
#1788 = EDGE_CURVE('',#1789,#1781,#1791,.T.);
#1789 = VERTEX_POINT('',#1790);
#1790 = CARTESIAN_POINT('',(-140.,115.,4.));
#1791 = LINE('',#1792,#1793);
#1792 = CARTESIAN_POINT('',(-140.,115.,4.));
#1793 = VECTOR('',#1794,1.);
#1794 = DIRECTION('',(0.,0.,1.));
#1795 = ORIENTED_EDGE('',*,*,#1796,.T.);
#1796 = EDGE_CURVE('',#1789,#1797,#1799,.T.);
#1797 = VERTEX_POINT('',#1798);
#1798 = CARTESIAN_POINT('',(-140.,139.5,4.));
#1799 = LINE('',#1800,#1801);
#1800 = CARTESIAN_POINT('',(-140.,-147.5,4.));
#1801 = VECTOR('',#1802,1.);
#1802 = DIRECTION('',(0.,1.,0.));
#1803 = ORIENTED_EDGE('',*,*,#1804,.T.);
#1804 = EDGE_CURVE('',#1797,#523,#1805,.T.);
#1805 = LINE('',#1806,#1807);
#1806 = CARTESIAN_POINT('',(-140.,139.5,4.));
#1807 = VECTOR('',#1808,1.);
#1808 = DIRECTION('',(0.,0.,1.));
#1809 = ORIENTED_EDGE('',*,*,#522,.T.);
#1810 = ORIENTED_EDGE('',*,*,#1001,.F.);
#1811 = ORIENTED_EDGE('',*,*,#840,.F.);
#1812 = FACE_BOUND('',#1813,.T.);
#1813 = EDGE_LOOP('',(#1814,#1824,#1832,#1840,#1848));
#1814 = ORIENTED_EDGE('',*,*,#1815,.T.);
#1815 = EDGE_CURVE('',#1816,#1818,#1820,.T.);
#1816 = VERTEX_POINT('',#1817);
#1817 = CARTESIAN_POINT('',(-140.,77.6,8.4));
#1818 = VERTEX_POINT('',#1819);
#1819 = CARTESIAN_POINT('',(-140.,77.6,3.6));
#1820 = LINE('',#1821,#1822);
#1821 = CARTESIAN_POINT('',(-140.,77.6,7.567688022284));
#1822 = VECTOR('',#1823,1.);
#1823 = DIRECTION('',(0.,0.,-1.));
#1824 = ORIENTED_EDGE('',*,*,#1825,.T.);
#1825 = EDGE_CURVE('',#1818,#1826,#1828,.T.);
#1826 = VERTEX_POINT('',#1827);
#1827 = CARTESIAN_POINT('',(-140.,102.4,3.6));
#1828 = LINE('',#1829,#1830);
#1829 = CARTESIAN_POINT('',(-140.,38.8,3.6));
#1830 = VECTOR('',#1831,1.);
#1831 = DIRECTION('',(0.,1.,0.));
#1832 = ORIENTED_EDGE('',*,*,#1833,.T.);
#1833 = EDGE_CURVE('',#1826,#1834,#1836,.T.);
#1834 = VERTEX_POINT('',#1835);
#1835 = CARTESIAN_POINT('',(-140.,102.4,8.4));
#1836 = LINE('',#1837,#1838);
#1837 = CARTESIAN_POINT('',(-140.,102.4,5.167688022284));
#1838 = VECTOR('',#1839,1.);
#1839 = DIRECTION('',(0.,0.,1.));
#1840 = ORIENTED_EDGE('',*,*,#1841,.T.);
#1841 = EDGE_CURVE('',#1834,#1842,#1844,.T.);
#1842 = VERTEX_POINT('',#1843);
#1843 = CARTESIAN_POINT('',(-140.,90.,20.4));
#1844 = LINE('',#1845,#1846);
#1845 = CARTESIAN_POINT('',(-140.,76.376813615946,33.583728758762));
#1846 = VECTOR('',#1847,1.);
#1847 = DIRECTION('',(0.,-0.718602141767,0.695421427516));
#1848 = ORIENTED_EDGE('',*,*,#1849,.T.);
#1849 = EDGE_CURVE('',#1842,#1816,#1850,.T.);
#1850 = LINE('',#1851,#1852);
#1851 = CARTESIAN_POINT('',(-140.,63.348172950416,-5.392090693146));
#1852 = VECTOR('',#1853,1.);
#1853 = DIRECTION('',(0.,-0.718602141767,-0.695421427516));
#1854 = FACE_BOUND('',#1855,.T.);
#1855 = EDGE_LOOP('',(#1856,#1866,#1874,#1882,#1890));
#1856 = ORIENTED_EDGE('',*,*,#1857,.T.);
#1857 = EDGE_CURVE('',#1858,#1860,#1862,.T.);
#1858 = VERTEX_POINT('',#1859);
#1859 = CARTESIAN_POINT('',(-140.,-102.4,8.4));
#1860 = VERTEX_POINT('',#1861);
#1861 = CARTESIAN_POINT('',(-140.,-102.4,3.6));
#1862 = LINE('',#1863,#1864);
#1863 = CARTESIAN_POINT('',(-140.,-102.4,7.567688022284));
#1864 = VECTOR('',#1865,1.);
#1865 = DIRECTION('',(0.,0.,-1.));
#1866 = ORIENTED_EDGE('',*,*,#1867,.T.);
#1867 = EDGE_CURVE('',#1860,#1868,#1870,.T.);
#1868 = VERTEX_POINT('',#1869);
#1869 = CARTESIAN_POINT('',(-140.,-77.6,3.6));
#1870 = LINE('',#1871,#1872);
#1871 = CARTESIAN_POINT('',(-140.,-51.2,3.6));
#1872 = VECTOR('',#1873,1.);
#1873 = DIRECTION('',(0.,1.,0.));
#1874 = ORIENTED_EDGE('',*,*,#1875,.T.);
#1875 = EDGE_CURVE('',#1868,#1876,#1878,.T.);
#1876 = VERTEX_POINT('',#1877);
#1877 = CARTESIAN_POINT('',(-140.,-77.6,8.4));
#1878 = LINE('',#1879,#1880);
#1879 = CARTESIAN_POINT('',(-140.,-77.6,5.167688022284));
#1880 = VECTOR('',#1881,1.);
#1881 = DIRECTION('',(0.,0.,1.));
#1882 = ORIENTED_EDGE('',*,*,#1883,.T.);
#1883 = EDGE_CURVE('',#1876,#1884,#1886,.T.);
#1884 = VERTEX_POINT('',#1885);
#1885 = CARTESIAN_POINT('',(-140.,-90.,20.4));
#1886 = LINE('',#1887,#1888);
#1887 = CARTESIAN_POINT('',(-140.,-57.14817295041,-11.39209069314));
#1888 = VECTOR('',#1889,1.);
#1889 = DIRECTION('',(0.,-0.718602141767,0.695421427516));
#1890 = ORIENTED_EDGE('',*,*,#1891,.T.);
#1891 = EDGE_CURVE('',#1884,#1858,#1892,.T.);
#1892 = LINE('',#1893,#1894);
#1893 = CARTESIAN_POINT('',(-140.,-70.17681361594,39.583728758762));
#1894 = VECTOR('',#1895,1.);
#1895 = DIRECTION('',(0.,-0.718602141767,-0.695421427516));
#1896 = PLANE('',#1897);
#1897 = AXIS2_PLACEMENT_3D('',#1898,#1899,#1900);
#1898 = CARTESIAN_POINT('',(-140.,0.,6.735376044568));
#1899 = DIRECTION('',(-1.,-0.,-0.));
#1900 = DIRECTION('',(0.,0.,-1.));
#1901 = ADVANCED_FACE('',(#1902),#1936,.T.);
#1902 = FACE_BOUND('',#1903,.T.);
#1903 = EDGE_LOOP('',(#1904,#1914,#1920,#1921,#1922,#1930));
#1904 = ORIENTED_EDGE('',*,*,#1905,.T.);
#1905 = EDGE_CURVE('',#1906,#1908,#1910,.T.);
#1906 = VERTEX_POINT('',#1907);
#1907 = CARTESIAN_POINT('',(-3.499999999998,10.918288821889,4.));
#1908 = VERTEX_POINT('',#1909);
#1909 = CARTESIAN_POINT('',(-3.5,10.918288821889,10.));
#1910 = LINE('',#1911,#1912);
#1911 = CARTESIAN_POINT('',(-3.5,10.918288821889,4.));
#1912 = VECTOR('',#1913,1.);
#1913 = DIRECTION('',(0.,0.,1.));
#1914 = ORIENTED_EDGE('',*,*,#1915,.T.);
#1915 = EDGE_CURVE('',#1908,#574,#1916,.T.);
#1916 = LINE('',#1917,#1918);
#1917 = CARTESIAN_POINT('',(-3.5,-64.,10.));
#1918 = VECTOR('',#1919,1.);
#1919 = DIRECTION('',(1.110223024625E-16,1.,-0.));
#1920 = ORIENTED_EDGE('',*,*,#582,.T.);
#1921 = ORIENTED_EDGE('',*,*,#540,.T.);
#1922 = ORIENTED_EDGE('',*,*,#1923,.F.);
#1923 = EDGE_CURVE('',#1924,#533,#1926,.T.);
#1924 = VERTEX_POINT('',#1925);
#1925 = CARTESIAN_POINT('',(-3.5,139.5,4.));
#1926 = LINE('',#1927,#1928);
#1927 = CARTESIAN_POINT('',(-3.5,139.5,4.));
#1928 = VECTOR('',#1929,1.);
#1929 = DIRECTION('',(0.,0.,1.));
#1930 = ORIENTED_EDGE('',*,*,#1931,.F.);
#1931 = EDGE_CURVE('',#1906,#1924,#1932,.T.);
#1932 = LINE('',#1933,#1934);
#1933 = CARTESIAN_POINT('',(-3.5,-64.,4.));
#1934 = VECTOR('',#1935,1.);
#1935 = DIRECTION('',(1.110223024625E-16,1.,0.));
#1936 = PLANE('',#1937);
#1937 = AXIS2_PLACEMENT_3D('',#1938,#1939,#1940);
#1938 = CARTESIAN_POINT('',(-3.5,-64.,4.));
#1939 = DIRECTION('',(-1.,1.110223024625E-16,0.));
#1940 = DIRECTION('',(0.,0.,1.));
#1941 = ADVANCED_FACE('',(#1942),#1953,.F.);
#1942 = FACE_BOUND('',#1943,.F.);
#1943 = EDGE_LOOP('',(#1944,#1950,#1951,#1952));
#1944 = ORIENTED_EDGE('',*,*,#1945,.F.);
#1945 = EDGE_CURVE('',#1797,#1924,#1946,.T.);
#1946 = LINE('',#1947,#1948);
#1947 = CARTESIAN_POINT('',(-140.,139.5,4.));
#1948 = VECTOR('',#1949,1.);
#1949 = DIRECTION('',(1.,0.,0.));
#1950 = ORIENTED_EDGE('',*,*,#1804,.T.);
#1951 = ORIENTED_EDGE('',*,*,#532,.T.);
#1952 = ORIENTED_EDGE('',*,*,#1923,.F.);
#1953 = PLANE('',#1954);
#1954 = AXIS2_PLACEMENT_3D('',#1955,#1956,#1957);
#1955 = CARTESIAN_POINT('',(-140.,139.5,4.));
#1956 = DIRECTION('',(0.,1.,0.));
#1957 = DIRECTION('',(0.,0.,1.));
#1958 = ADVANCED_FACE('',(#1959),#1975,.T.);
#1959 = FACE_BOUND('',#1960,.T.);
#1960 = EDGE_LOOP('',(#1961,#1967,#1968,#1974));
#1961 = ORIENTED_EDGE('',*,*,#1962,.F.);
#1962 = EDGE_CURVE('',#1401,#654,#1963,.T.);
#1963 = LINE('',#1964,#1965);
#1964 = CARTESIAN_POINT('',(119.3,83.7,-1.));
#1965 = VECTOR('',#1966,1.);
#1966 = DIRECTION('',(0.,0.,1.));
#1967 = ORIENTED_EDGE('',*,*,#1400,.F.);
#1968 = ORIENTED_EDGE('',*,*,#1969,.T.);
#1969 = EDGE_CURVE('',#1393,#656,#1970,.T.);
#1970 = LINE('',#1971,#1972);
#1971 = CARTESIAN_POINT('',(110.7,83.7,-1.));
#1972 = VECTOR('',#1973,1.);
#1973 = DIRECTION('',(0.,0.,1.));
#1974 = ORIENTED_EDGE('',*,*,#653,.F.);
#1975 = PLANE('',#1976);
#1976 = AXIS2_PLACEMENT_3D('',#1977,#1978,#1979);
#1977 = CARTESIAN_POINT('',(110.7,83.7,-1.));
#1978 = DIRECTION('',(0.,1.,0.));
#1979 = DIRECTION('',(0.,0.,1.));
#1980 = ADVANCED_FACE('',(#1981),#1993,.T.);
#1981 = FACE_BOUND('',#1982,.T.);
#1982 = EDGE_LOOP('',(#1983,#1984,#1985,#1986,#1992));
#1983 = ORIENTED_EDGE('',*,*,#1969,.F.);
#1984 = ORIENTED_EDGE('',*,*,#1392,.F.);
#1985 = ORIENTED_EDGE('',*,*,#1457,.F.);
#1986 = ORIENTED_EDGE('',*,*,#1987,.T.);
#1987 = EDGE_CURVE('',#1450,#664,#1988,.T.);
#1988 = LINE('',#1989,#1990);
#1989 = CARTESIAN_POINT('',(110.7,96.3,-1.));
#1990 = VECTOR('',#1991,1.);
#1991 = DIRECTION('',(0.,0.,1.));
#1992 = ORIENTED_EDGE('',*,*,#663,.F.);
#1993 = PLANE('',#1994);
#1994 = AXIS2_PLACEMENT_3D('',#1995,#1996,#1997);
#1995 = CARTESIAN_POINT('',(110.7,83.7,-1.));
#1996 = DIRECTION('',(1.,0.,0.));
#1997 = DIRECTION('',(0.,0.,1.));
#1998 = ADVANCED_FACE('',(#1999),#2010,.F.);
#1999 = FACE_BOUND('',#2000,.F.);
#2000 = EDGE_LOOP('',(#2001,#2007,#2008,#2009));
#2001 = ORIENTED_EDGE('',*,*,#2002,.F.);
#2002 = EDGE_CURVE('',#1442,#672,#2003,.T.);
#2003 = LINE('',#2004,#2005);
#2004 = CARTESIAN_POINT('',(119.3,96.3,-1.));
#2005 = VECTOR('',#2006,1.);
#2006 = DIRECTION('',(0.,0.,1.));
#2007 = ORIENTED_EDGE('',*,*,#1449,.F.);
#2008 = ORIENTED_EDGE('',*,*,#1987,.T.);
#2009 = ORIENTED_EDGE('',*,*,#671,.F.);
#2010 = PLANE('',#2011);
#2011 = AXIS2_PLACEMENT_3D('',#2012,#2013,#2014);
#2012 = CARTESIAN_POINT('',(110.7,96.3,-1.));
#2013 = DIRECTION('',(0.,1.,0.));
#2014 = DIRECTION('',(0.,0.,1.));
#2015 = ADVANCED_FACE('',(#2016),#2023,.F.);
#2016 = FACE_BOUND('',#2017,.F.);
#2017 = EDGE_LOOP('',(#2018,#2019,#2020,#2021,#2022));
#2018 = ORIENTED_EDGE('',*,*,#1962,.F.);
#2019 = ORIENTED_EDGE('',*,*,#1408,.F.);
#2020 = ORIENTED_EDGE('',*,*,#1441,.F.);
#2021 = ORIENTED_EDGE('',*,*,#2002,.T.);
#2022 = ORIENTED_EDGE('',*,*,#679,.F.);
#2023 = PLANE('',#2024);
#2024 = AXIS2_PLACEMENT_3D('',#2025,#2026,#2027);
#2025 = CARTESIAN_POINT('',(119.3,83.7,-1.));
#2026 = DIRECTION('',(1.,0.,0.));
#2027 = DIRECTION('',(0.,0.,1.));
#2028 = ADVANCED_FACE('',(#2029),#2058,.T.);
#2029 = FACE_BOUND('',#2030,.T.);
#2030 = EDGE_LOOP('',(#2031,#2032,#2033,#2042,#2051,#2057));
#2031 = ORIENTED_EDGE('',*,*,#703,.T.);
#2032 = ORIENTED_EDGE('',*,*,#751,.T.);
#2033 = ORIENTED_EDGE('',*,*,#2034,.F.);
#2034 = EDGE_CURVE('',#2035,#752,#2037,.T.);
#2035 = VERTEX_POINT('',#2036);
#2036 = CARTESIAN_POINT('',(75.,-64.,10.));
#2037 = CIRCLE('',#2038,75.);
#2038 = AXIS2_PLACEMENT_3D('',#2039,#2040,#2041);
#2039 = CARTESIAN_POINT('',(0.,-64.,10.));
#2040 = DIRECTION('',(0.,0.,1.));
#2041 = DIRECTION('',(1.,0.,0.));
#2042 = ORIENTED_EDGE('',*,*,#2043,.F.);
#2043 = EDGE_CURVE('',#2044,#2035,#2046,.T.);
#2044 = VERTEX_POINT('',#2045);
#2045 = CARTESIAN_POINT('',(73.769149363623,-77.53191051431,10.));
#2046 = CIRCLE('',#2047,75.);
#2047 = AXIS2_PLACEMENT_3D('',#2048,#2049,#2050);
#2048 = CARTESIAN_POINT('',(0.,-64.,10.));
#2049 = DIRECTION('',(0.,0.,1.));
#2050 = DIRECTION('',(1.,0.,0.));
#2051 = ORIENTED_EDGE('',*,*,#2052,.F.);
#2052 = EDGE_CURVE('',#713,#2044,#2053,.T.);
#2053 = LINE('',#2054,#2055);
#2054 = CARTESIAN_POINT('',(73.769149363623,-77.53191051431,4.));
#2055 = VECTOR('',#2056,1.);
#2056 = DIRECTION('',(0.,0.,1.));
#2057 = ORIENTED_EDGE('',*,*,#712,.T.);
#2058 = CYLINDRICAL_SURFACE('',#2059,75.);
#2059 = AXIS2_PLACEMENT_3D('',#2060,#2061,#2062);
#2060 = CARTESIAN_POINT('',(0.,-64.,4.));
#2061 = DIRECTION('',(0.,0.,1.));
#2062 = DIRECTION('',(1.,0.,0.));
#2063 = ADVANCED_FACE('',(#2064),#2082,.T.);
#2064 = FACE_BOUND('',#2065,.T.);
#2065 = EDGE_LOOP('',(#2066,#2067,#2075,#2081));
#2066 = ORIENTED_EDGE('',*,*,#2052,.T.);
#2067 = ORIENTED_EDGE('',*,*,#2068,.T.);
#2068 = EDGE_CURVE('',#2044,#2069,#2071,.T.);
#2069 = VERTEX_POINT('',#2070);
#2070 = CARTESIAN_POINT('',(85.,-80.13907226919,10.));
#2071 = LINE('',#2072,#2073);
#2072 = CARTESIAN_POINT('',(0.791453975198,-60.59065979914,10.));
#2073 = VECTOR('',#2074,1.);
#2074 = DIRECTION('',(0.974097200243,-0.226129707199,0.));
#2075 = ORIENTED_EDGE('',*,*,#2076,.T.);
#2076 = EDGE_CURVE('',#2069,#722,#2077,.T.);
#2077 = LINE('',#2078,#2079);
#2078 = CARTESIAN_POINT('',(85.,-80.13907226919,4.));
#2079 = VECTOR('',#2080,1.);
#2080 = DIRECTION('',(0.,0.,-1.));
#2081 = ORIENTED_EDGE('',*,*,#721,.F.);
#2082 = PLANE('',#2083);
#2083 = AXIS2_PLACEMENT_3D('',#2084,#2085,#2086);
#2084 = CARTESIAN_POINT('',(0.791453975198,-60.59065979914,4.));
#2085 = DIRECTION('',(0.226129707199,0.974097200243,0.));
#2086 = DIRECTION('',(0.,0.,1.));
#2087 = ADVANCED_FACE('',(#2088),#2099,.F.);
#2088 = FACE_BOUND('',#2089,.F.);
#2089 = EDGE_LOOP('',(#2090,#2091,#2097,#2098));
#2090 = ORIENTED_EDGE('',*,*,#1018,.T.);
#2091 = ORIENTED_EDGE('',*,*,#2092,.T.);
#2092 = EDGE_CURVE('',#1019,#2069,#2093,.T.);
#2093 = LINE('',#2094,#2095);
#2094 = CARTESIAN_POINT('',(85.,-89.5,10.));
#2095 = VECTOR('',#2096,1.);
#2096 = DIRECTION('',(0.,-1.,0.));
#2097 = ORIENTED_EDGE('',*,*,#2076,.T.);
#2098 = ORIENTED_EDGE('',*,*,#729,.T.);
#2099 = PLANE('',#2100);
#2100 = AXIS2_PLACEMENT_3D('',#2101,#2102,#2103);
#2101 = CARTESIAN_POINT('',(85.,-115.,4.));
#2102 = DIRECTION('',(1.,0.,0.));
#2103 = DIRECTION('',(0.,0.,1.));
#2104 = ADVANCED_FACE('',(#2105),#2124,.T.);
#2105 = FACE_BOUND('',#2106,.T.);
#2106 = EDGE_LOOP('',(#2107,#2108,#2109,#2118));
#2107 = ORIENTED_EDGE('',*,*,#1716,.F.);
#2108 = ORIENTED_EDGE('',*,*,#826,.T.);
#2109 = ORIENTED_EDGE('',*,*,#2110,.F.);
#2110 = EDGE_CURVE('',#2111,#819,#2113,.T.);
#2111 = VERTEX_POINT('',#2112);
#2112 = CARTESIAN_POINT('',(-68.5838902367,-139.5,14.));
#2113 = CIRCLE('',#2114,102.);
#2114 = AXIS2_PLACEMENT_3D('',#2115,#2116,#2117);
#2115 = CARTESIAN_POINT('',(0.,-64.,14.));
#2116 = DIRECTION('',(0.,0.,1.));
#2117 = DIRECTION('',(1.,0.,-0.));
#2118 = ORIENTED_EDGE('',*,*,#2119,.F.);
#2119 = EDGE_CURVE('',#1717,#2111,#2120,.T.);
#2120 = LINE('',#2121,#2122);
#2121 = CARTESIAN_POINT('',(-140.,-139.5,14.));
#2122 = VECTOR('',#2123,1.);
#2123 = DIRECTION('',(1.,0.,0.));
#2124 = PLANE('',#2125);
#2125 = AXIS2_PLACEMENT_3D('',#2126,#2127,#2128);
#2126 = CARTESIAN_POINT('',(0.,-136.7793566267,14.));
#2127 = DIRECTION('',(0.,0.,1.));
#2128 = DIRECTION('',(1.,0.,0.));
#2129 = ADVANCED_FACE('',(#2130),#2149,.F.);
#2130 = FACE_BOUND('',#2131,.F.);
#2131 = EDGE_LOOP('',(#2132,#2141,#2142,#2143));
#2132 = ORIENTED_EDGE('',*,*,#2133,.T.);
#2133 = EDGE_CURVE('',#2134,#811,#2136,.T.);
#2134 = VERTEX_POINT('',#2135);
#2135 = CARTESIAN_POINT('',(-68.5838902367,-139.5,10.));
#2136 = CIRCLE('',#2137,102.);
#2137 = AXIS2_PLACEMENT_3D('',#2138,#2139,#2140);
#2138 = CARTESIAN_POINT('',(0.,-64.,10.));
#2139 = DIRECTION('',(0.,0.,1.));
#2140 = DIRECTION('',(1.,0.,-0.));
#2141 = ORIENTED_EDGE('',*,*,#818,.T.);
#2142 = ORIENTED_EDGE('',*,*,#2110,.F.);
#2143 = ORIENTED_EDGE('',*,*,#2144,.F.);
#2144 = EDGE_CURVE('',#2134,#2111,#2145,.T.);
#2145 = LINE('',#2146,#2147);
#2146 = CARTESIAN_POINT('',(-68.5838902367,-139.5,10.));
#2147 = VECTOR('',#2148,1.);
#2148 = DIRECTION('',(0.,0.,1.));
#2149 = CYLINDRICAL_SURFACE('',#2150,102.);
#2150 = AXIS2_PLACEMENT_3D('',#2151,#2152,#2153);
#2151 = CARTESIAN_POINT('',(0.,-64.,10.));
#2152 = DIRECTION('',(0.,0.,1.));
#2153 = DIRECTION('',(1.,0.,-0.));
#2154 = ADVANCED_FACE('',(#2155),#2167,.F.);
#2155 = FACE_BOUND('',#2156,.F.);
#2156 = EDGE_LOOP('',(#2157,#2164,#2165,#2166));
#2157 = ORIENTED_EDGE('',*,*,#2158,.T.);
#2158 = EDGE_CURVE('',#803,#1215,#2159,.T.);
#2159 = CIRCLE('',#2160,102.);
#2160 = AXIS2_PLACEMENT_3D('',#2161,#2162,#2163);
#2161 = CARTESIAN_POINT('',(0.,-64.,10.));
#2162 = DIRECTION('',(0.,0.,1.));
#2163 = DIRECTION('',(1.,0.,-0.));
#2164 = ORIENTED_EDGE('',*,*,#1222,.T.);
#2165 = ORIENTED_EDGE('',*,*,#1245,.F.);
#2166 = ORIENTED_EDGE('',*,*,#802,.F.);
#2167 = CYLINDRICAL_SURFACE('',#2168,102.);
#2168 = AXIS2_PLACEMENT_3D('',#2169,#2170,#2171);
#2169 = CARTESIAN_POINT('',(0.,-64.,10.));
#2170 = DIRECTION('',(0.,0.,1.));
#2171 = DIRECTION('',(1.,0.,-0.));
#2172 = ADVANCED_FACE('',(#2173),#2198,.T.);
#2173 = FACE_BOUND('',#2174,.T.);
#2174 = EDGE_LOOP('',(#2175,#2183,#2184,#2192));
#2175 = ORIENTED_EDGE('',*,*,#2176,.F.);
#2176 = EDGE_CURVE('',#859,#2177,#2179,.T.);
#2177 = VERTEX_POINT('',#2178);
#2178 = CARTESIAN_POINT('',(-110.7,-96.3,3.6));
#2179 = LINE('',#2180,#2181);
#2180 = CARTESIAN_POINT('',(-110.7,-96.3,-1.));
#2181 = VECTOR('',#2182,1.);
#2182 = DIRECTION('',(0.,0.,1.));
#2183 = ORIENTED_EDGE('',*,*,#858,.T.);
#2184 = ORIENTED_EDGE('',*,*,#2185,.T.);
#2185 = EDGE_CURVE('',#861,#2186,#2188,.T.);
#2186 = VERTEX_POINT('',#2187);
#2187 = CARTESIAN_POINT('',(-119.3,-96.3,3.6));
#2188 = LINE('',#2189,#2190);
#2189 = CARTESIAN_POINT('',(-119.3,-96.3,-1.));
#2190 = VECTOR('',#2191,1.);
#2191 = DIRECTION('',(0.,0.,1.));
#2192 = ORIENTED_EDGE('',*,*,#2193,.F.);
#2193 = EDGE_CURVE('',#2177,#2186,#2194,.T.);
#2194 = LINE('',#2195,#2196);
#2195 = CARTESIAN_POINT('',(-130.65,-96.3,3.6));
#2196 = VECTOR('',#2197,1.);
#2197 = DIRECTION('',(-1.,0.,0.));
#2198 = PLANE('',#2199);
#2199 = AXIS2_PLACEMENT_3D('',#2200,#2201,#2202);
#2200 = CARTESIAN_POINT('',(-119.3,-96.3,-1.));
#2201 = DIRECTION('',(0.,1.,0.));
#2202 = DIRECTION('',(0.,0.,1.));
#2203 = ADVANCED_FACE('',(#2204),#2222,.T.);
#2204 = FACE_BOUND('',#2205,.T.);
#2205 = EDGE_LOOP('',(#2206,#2207,#2208,#2216));
#2206 = ORIENTED_EDGE('',*,*,#2185,.F.);
#2207 = ORIENTED_EDGE('',*,*,#868,.T.);
#2208 = ORIENTED_EDGE('',*,*,#2209,.T.);
#2209 = EDGE_CURVE('',#869,#2210,#2212,.T.);
#2210 = VERTEX_POINT('',#2211);
#2211 = CARTESIAN_POINT('',(-119.3,-83.7,3.6));
#2212 = LINE('',#2213,#2214);
#2213 = CARTESIAN_POINT('',(-119.3,-83.7,-1.));
#2214 = VECTOR('',#2215,1.);
#2215 = DIRECTION('',(0.,0.,1.));
#2216 = ORIENTED_EDGE('',*,*,#2217,.F.);
#2217 = EDGE_CURVE('',#2186,#2210,#2218,.T.);
#2218 = LINE('',#2219,#2220);
#2219 = CARTESIAN_POINT('',(-119.3,-99.35,3.6));
#2220 = VECTOR('',#2221,1.);
#2221 = DIRECTION('',(0.,1.,0.));
#2222 = PLANE('',#2223);
#2223 = AXIS2_PLACEMENT_3D('',#2224,#2225,#2226);
#2224 = CARTESIAN_POINT('',(-119.3,-96.3,-1.));
#2225 = DIRECTION('',(1.,0.,0.));
#2226 = DIRECTION('',(0.,0.,1.));
#2227 = ADVANCED_FACE('',(#2228),#2246,.F.);
#2228 = FACE_BOUND('',#2229,.F.);
#2229 = EDGE_LOOP('',(#2230,#2238,#2239,#2240));
#2230 = ORIENTED_EDGE('',*,*,#2231,.F.);
#2231 = EDGE_CURVE('',#877,#2232,#2234,.T.);
#2232 = VERTEX_POINT('',#2233);
#2233 = CARTESIAN_POINT('',(-110.7,-83.7,3.6));
#2234 = LINE('',#2235,#2236);
#2235 = CARTESIAN_POINT('',(-110.7,-83.7,-1.));
#2236 = VECTOR('',#2237,1.);
#2237 = DIRECTION('',(0.,0.,1.));
#2238 = ORIENTED_EDGE('',*,*,#876,.T.);
#2239 = ORIENTED_EDGE('',*,*,#2209,.T.);
#2240 = ORIENTED_EDGE('',*,*,#2241,.F.);
#2241 = EDGE_CURVE('',#2232,#2210,#2242,.T.);
#2242 = LINE('',#2243,#2244);
#2243 = CARTESIAN_POINT('',(-130.65,-83.7,3.6));
#2244 = VECTOR('',#2245,1.);
#2245 = DIRECTION('',(-1.,0.,0.));
#2246 = PLANE('',#2247);
#2247 = AXIS2_PLACEMENT_3D('',#2248,#2249,#2250);
#2248 = CARTESIAN_POINT('',(-119.3,-83.7,-1.));
#2249 = DIRECTION('',(0.,1.,0.));
#2250 = DIRECTION('',(0.,0.,1.));
#2251 = ADVANCED_FACE('',(#2252),#2263,.F.);
#2252 = FACE_BOUND('',#2253,.F.);
#2253 = EDGE_LOOP('',(#2254,#2255,#2256,#2257));
#2254 = ORIENTED_EDGE('',*,*,#2176,.F.);
#2255 = ORIENTED_EDGE('',*,*,#884,.T.);
#2256 = ORIENTED_EDGE('',*,*,#2231,.T.);
#2257 = ORIENTED_EDGE('',*,*,#2258,.F.);
#2258 = EDGE_CURVE('',#2177,#2232,#2259,.T.);
#2259 = LINE('',#2260,#2261);
#2260 = CARTESIAN_POINT('',(-110.7,-99.35,3.6));
#2261 = VECTOR('',#2262,1.);
#2262 = DIRECTION('',(0.,1.,0.));
#2263 = PLANE('',#2264);
#2264 = AXIS2_PLACEMENT_3D('',#2265,#2266,#2267);
#2265 = CARTESIAN_POINT('',(-110.7,-96.3,-1.));
#2266 = DIRECTION('',(1.,0.,0.));
#2267 = DIRECTION('',(0.,0.,1.));
#2268 = ADVANCED_FACE('',(#2269),#2285,.T.);
#2269 = FACE_BOUND('',#2270,.T.);
#2270 = EDGE_LOOP('',(#2271,#2277,#2278,#2284));
#2271 = ORIENTED_EDGE('',*,*,#2272,.F.);
#2272 = EDGE_CURVE('',#893,#1522,#2273,.T.);
#2273 = LINE('',#2274,#2275);
#2274 = CARTESIAN_POINT('',(119.3,-96.3,-1.));
#2275 = VECTOR('',#2276,1.);
#2276 = DIRECTION('',(0.,0.,1.));
#2277 = ORIENTED_EDGE('',*,*,#892,.T.);
#2278 = ORIENTED_EDGE('',*,*,#2279,.T.);
#2279 = EDGE_CURVE('',#895,#1524,#2280,.T.);
#2280 = LINE('',#2281,#2282);
#2281 = CARTESIAN_POINT('',(110.7,-96.3,-1.));
#2282 = VECTOR('',#2283,1.);
#2283 = DIRECTION('',(0.,0.,1.));
#2284 = ORIENTED_EDGE('',*,*,#1521,.F.);
#2285 = PLANE('',#2286);
#2286 = AXIS2_PLACEMENT_3D('',#2287,#2288,#2289);
#2287 = CARTESIAN_POINT('',(110.7,-96.3,-1.));
#2288 = DIRECTION('',(0.,1.,0.));
#2289 = DIRECTION('',(0.,0.,1.));
#2290 = ADVANCED_FACE('',(#2291),#2302,.T.);
#2291 = FACE_BOUND('',#2292,.T.);
#2292 = EDGE_LOOP('',(#2293,#2294,#2295,#2301));
#2293 = ORIENTED_EDGE('',*,*,#2279,.F.);
#2294 = ORIENTED_EDGE('',*,*,#902,.T.);
#2295 = ORIENTED_EDGE('',*,*,#2296,.T.);
#2296 = EDGE_CURVE('',#903,#1532,#2297,.T.);
#2297 = LINE('',#2298,#2299);
#2298 = CARTESIAN_POINT('',(110.7,-83.7,-1.));
#2299 = VECTOR('',#2300,1.);
#2300 = DIRECTION('',(0.,0.,1.));
#2301 = ORIENTED_EDGE('',*,*,#1531,.F.);
#2302 = PLANE('',#2303);
#2303 = AXIS2_PLACEMENT_3D('',#2304,#2305,#2306);
#2304 = CARTESIAN_POINT('',(110.7,-96.3,-1.));
#2305 = DIRECTION('',(1.,0.,0.));
#2306 = DIRECTION('',(0.,0.,1.));
#2307 = ADVANCED_FACE('',(#2308),#2319,.F.);
#2308 = FACE_BOUND('',#2309,.F.);
#2309 = EDGE_LOOP('',(#2310,#2316,#2317,#2318));
#2310 = ORIENTED_EDGE('',*,*,#2311,.F.);
#2311 = EDGE_CURVE('',#911,#1540,#2312,.T.);
#2312 = LINE('',#2313,#2314);
#2313 = CARTESIAN_POINT('',(119.3,-83.7,-1.));
#2314 = VECTOR('',#2315,1.);
#2315 = DIRECTION('',(0.,0.,1.));
#2316 = ORIENTED_EDGE('',*,*,#910,.T.);
#2317 = ORIENTED_EDGE('',*,*,#2296,.T.);
#2318 = ORIENTED_EDGE('',*,*,#1539,.F.);
#2319 = PLANE('',#2320);
#2320 = AXIS2_PLACEMENT_3D('',#2321,#2322,#2323);
#2321 = CARTESIAN_POINT('',(110.7,-83.7,-1.));
#2322 = DIRECTION('',(0.,1.,0.));
#2323 = DIRECTION('',(0.,0.,1.));
#2324 = ADVANCED_FACE('',(#2325),#2331,.F.);
#2325 = FACE_BOUND('',#2326,.F.);
#2326 = EDGE_LOOP('',(#2327,#2328,#2329,#2330));
#2327 = ORIENTED_EDGE('',*,*,#2272,.F.);
#2328 = ORIENTED_EDGE('',*,*,#918,.T.);
#2329 = ORIENTED_EDGE('',*,*,#2311,.T.);
#2330 = ORIENTED_EDGE('',*,*,#1547,.F.);
#2331 = PLANE('',#2332);
#2332 = AXIS2_PLACEMENT_3D('',#2333,#2334,#2335);
#2333 = CARTESIAN_POINT('',(119.3,-96.3,-1.));
#2334 = DIRECTION('',(1.,0.,0.));
#2335 = DIRECTION('',(0.,0.,1.));
#2336 = ADVANCED_FACE('',(#2337),#2362,.T.);
#2337 = FACE_BOUND('',#2338,.T.);
#2338 = EDGE_LOOP('',(#2339,#2347,#2348,#2356));
#2339 = ORIENTED_EDGE('',*,*,#2340,.F.);
#2340 = EDGE_CURVE('',#927,#2341,#2343,.T.);
#2341 = VERTEX_POINT('',#2342);
#2342 = CARTESIAN_POINT('',(-110.7,83.7,3.6));
#2343 = LINE('',#2344,#2345);
#2344 = CARTESIAN_POINT('',(-110.7,83.7,-1.));
#2345 = VECTOR('',#2346,1.);
#2346 = DIRECTION('',(0.,0.,1.));
#2347 = ORIENTED_EDGE('',*,*,#926,.T.);
#2348 = ORIENTED_EDGE('',*,*,#2349,.T.);
#2349 = EDGE_CURVE('',#929,#2350,#2352,.T.);
#2350 = VERTEX_POINT('',#2351);
#2351 = CARTESIAN_POINT('',(-119.3,83.7,3.6));
#2352 = LINE('',#2353,#2354);
#2353 = CARTESIAN_POINT('',(-119.3,83.7,-1.));
#2354 = VECTOR('',#2355,1.);
#2355 = DIRECTION('',(0.,0.,1.));
#2356 = ORIENTED_EDGE('',*,*,#2357,.F.);
#2357 = EDGE_CURVE('',#2341,#2350,#2358,.T.);
#2358 = LINE('',#2359,#2360);
#2359 = CARTESIAN_POINT('',(-130.65,83.7,3.6));
#2360 = VECTOR('',#2361,1.);
#2361 = DIRECTION('',(-1.,0.,0.));
#2362 = PLANE('',#2363);
#2363 = AXIS2_PLACEMENT_3D('',#2364,#2365,#2366);
#2364 = CARTESIAN_POINT('',(-119.3,83.7,-1.));
#2365 = DIRECTION('',(0.,1.,0.));
#2366 = DIRECTION('',(0.,0.,1.));
#2367 = ADVANCED_FACE('',(#2368),#2386,.T.);
#2368 = FACE_BOUND('',#2369,.T.);
#2369 = EDGE_LOOP('',(#2370,#2371,#2372,#2380));
#2370 = ORIENTED_EDGE('',*,*,#2349,.F.);
#2371 = ORIENTED_EDGE('',*,*,#936,.T.);
#2372 = ORIENTED_EDGE('',*,*,#2373,.T.);
#2373 = EDGE_CURVE('',#937,#2374,#2376,.T.);
#2374 = VERTEX_POINT('',#2375);
#2375 = CARTESIAN_POINT('',(-119.3,96.3,3.6));
#2376 = LINE('',#2377,#2378);
#2377 = CARTESIAN_POINT('',(-119.3,96.3,-1.));
#2378 = VECTOR('',#2379,1.);
#2379 = DIRECTION('',(0.,0.,1.));
#2380 = ORIENTED_EDGE('',*,*,#2381,.F.);
#2381 = EDGE_CURVE('',#2350,#2374,#2382,.T.);
#2382 = LINE('',#2383,#2384);
#2383 = CARTESIAN_POINT('',(-119.3,80.65,3.6));
#2384 = VECTOR('',#2385,1.);
#2385 = DIRECTION('',(0.,1.,0.));
#2386 = PLANE('',#2387);
#2387 = AXIS2_PLACEMENT_3D('',#2388,#2389,#2390);
#2388 = CARTESIAN_POINT('',(-119.3,83.7,-1.));
#2389 = DIRECTION('',(1.,0.,0.));
#2390 = DIRECTION('',(0.,0.,1.));
#2391 = ADVANCED_FACE('',(#2392),#2410,.F.);
#2392 = FACE_BOUND('',#2393,.F.);
#2393 = EDGE_LOOP('',(#2394,#2402,#2403,#2404));
#2394 = ORIENTED_EDGE('',*,*,#2395,.F.);
#2395 = EDGE_CURVE('',#945,#2396,#2398,.T.);
#2396 = VERTEX_POINT('',#2397);
#2397 = CARTESIAN_POINT('',(-110.7,96.3,3.6));
#2398 = LINE('',#2399,#2400);
#2399 = CARTESIAN_POINT('',(-110.7,96.3,-1.));
#2400 = VECTOR('',#2401,1.);
#2401 = DIRECTION('',(0.,0.,1.));
#2402 = ORIENTED_EDGE('',*,*,#944,.T.);
#2403 = ORIENTED_EDGE('',*,*,#2373,.T.);
#2404 = ORIENTED_EDGE('',*,*,#2405,.F.);
#2405 = EDGE_CURVE('',#2396,#2374,#2406,.T.);
#2406 = LINE('',#2407,#2408);
#2407 = CARTESIAN_POINT('',(-130.65,96.3,3.6));
#2408 = VECTOR('',#2409,1.);
#2409 = DIRECTION('',(-1.,0.,0.));
#2410 = PLANE('',#2411);
#2411 = AXIS2_PLACEMENT_3D('',#2412,#2413,#2414);
#2412 = CARTESIAN_POINT('',(-119.3,96.3,-1.));
#2413 = DIRECTION('',(0.,1.,0.));
#2414 = DIRECTION('',(0.,0.,1.));
#2415 = ADVANCED_FACE('',(#2416),#2427,.F.);
#2416 = FACE_BOUND('',#2417,.F.);
#2417 = EDGE_LOOP('',(#2418,#2419,#2420,#2421));
#2418 = ORIENTED_EDGE('',*,*,#2340,.F.);
#2419 = ORIENTED_EDGE('',*,*,#952,.T.);
#2420 = ORIENTED_EDGE('',*,*,#2395,.T.);
#2421 = ORIENTED_EDGE('',*,*,#2422,.F.);
#2422 = EDGE_CURVE('',#2341,#2396,#2423,.T.);
#2423 = LINE('',#2424,#2425);
#2424 = CARTESIAN_POINT('',(-110.7,80.65,3.6));
#2425 = VECTOR('',#2426,1.);
#2426 = DIRECTION('',(0.,1.,0.));
#2427 = PLANE('',#2428);
#2428 = AXIS2_PLACEMENT_3D('',#2429,#2430,#2431);
#2429 = CARTESIAN_POINT('',(-110.7,83.7,-1.));
#2430 = DIRECTION('',(1.,0.,0.));
#2431 = DIRECTION('',(0.,0.,1.));
#2432 = ADVANCED_FACE('',(#2433),#2449,.T.);
#2433 = FACE_BOUND('',#2434,.T.);
#2434 = EDGE_LOOP('',(#2435,#2441,#2442,#2448));
#2435 = ORIENTED_EDGE('',*,*,#2436,.F.);
#2436 = EDGE_CURVE('',#961,#1313,#2437,.T.);
#2437 = LINE('',#2438,#2439);
#2438 = CARTESIAN_POINT('',(119.3,83.7,-1.));
#2439 = VECTOR('',#2440,1.);
#2440 = DIRECTION('',(0.,0.,1.));
#2441 = ORIENTED_EDGE('',*,*,#960,.T.);
#2442 = ORIENTED_EDGE('',*,*,#2443,.T.);
#2443 = EDGE_CURVE('',#963,#1315,#2444,.T.);
#2444 = LINE('',#2445,#2446);
#2445 = CARTESIAN_POINT('',(110.7,83.7,-1.));
#2446 = VECTOR('',#2447,1.);
#2447 = DIRECTION('',(0.,0.,1.));
#2448 = ORIENTED_EDGE('',*,*,#1312,.F.);
#2449 = PLANE('',#2450);
#2450 = AXIS2_PLACEMENT_3D('',#2451,#2452,#2453);
#2451 = CARTESIAN_POINT('',(110.7,83.7,-1.));
#2452 = DIRECTION('',(0.,1.,0.));
#2453 = DIRECTION('',(0.,0.,1.));
#2454 = ADVANCED_FACE('',(#2455),#2466,.T.);
#2455 = FACE_BOUND('',#2456,.T.);
#2456 = EDGE_LOOP('',(#2457,#2458,#2459,#2465));
#2457 = ORIENTED_EDGE('',*,*,#2443,.F.);
#2458 = ORIENTED_EDGE('',*,*,#970,.T.);
#2459 = ORIENTED_EDGE('',*,*,#2460,.T.);
#2460 = EDGE_CURVE('',#971,#1323,#2461,.T.);
#2461 = LINE('',#2462,#2463);
#2462 = CARTESIAN_POINT('',(110.7,96.3,-1.));
#2463 = VECTOR('',#2464,1.);
#2464 = DIRECTION('',(0.,0.,1.));
#2465 = ORIENTED_EDGE('',*,*,#1322,.F.);
#2466 = PLANE('',#2467);
#2467 = AXIS2_PLACEMENT_3D('',#2468,#2469,#2470);
#2468 = CARTESIAN_POINT('',(110.7,83.7,-1.));
#2469 = DIRECTION('',(1.,0.,0.));
#2470 = DIRECTION('',(0.,0.,1.));
#2471 = ADVANCED_FACE('',(#2472),#2483,.F.);
#2472 = FACE_BOUND('',#2473,.F.);
#2473 = EDGE_LOOP('',(#2474,#2480,#2481,#2482));
#2474 = ORIENTED_EDGE('',*,*,#2475,.F.);
#2475 = EDGE_CURVE('',#979,#1331,#2476,.T.);
#2476 = LINE('',#2477,#2478);
#2477 = CARTESIAN_POINT('',(119.3,96.3,-1.));
#2478 = VECTOR('',#2479,1.);
#2479 = DIRECTION('',(0.,0.,1.));
#2480 = ORIENTED_EDGE('',*,*,#978,.T.);
#2481 = ORIENTED_EDGE('',*,*,#2460,.T.);
#2482 = ORIENTED_EDGE('',*,*,#1330,.F.);
#2483 = PLANE('',#2484);
#2484 = AXIS2_PLACEMENT_3D('',#2485,#2486,#2487);
#2485 = CARTESIAN_POINT('',(110.7,96.3,-1.));
#2486 = DIRECTION('',(0.,1.,0.));
#2487 = DIRECTION('',(0.,0.,1.));
#2488 = ADVANCED_FACE('',(#2489),#2495,.F.);
#2489 = FACE_BOUND('',#2490,.F.);
#2490 = EDGE_LOOP('',(#2491,#2492,#2493,#2494));
#2491 = ORIENTED_EDGE('',*,*,#2436,.F.);
#2492 = ORIENTED_EDGE('',*,*,#986,.T.);
#2493 = ORIENTED_EDGE('',*,*,#2475,.T.);
#2494 = ORIENTED_EDGE('',*,*,#1338,.F.);
#2495 = PLANE('',#2496);
#2496 = AXIS2_PLACEMENT_3D('',#2497,#2498,#2499);
#2497 = CARTESIAN_POINT('',(119.3,83.7,-1.));
#2498 = DIRECTION('',(1.,0.,0.));
#2499 = DIRECTION('',(0.,0.,1.));
#2500 = ADVANCED_FACE('',(#2501),#2522,.F.);
#2501 = FACE_BOUND('',#2502,.F.);
#2502 = EDGE_LOOP('',(#2503,#2510,#2511,#2512,#2513,#2520,#2521));
#2503 = ORIENTED_EDGE('',*,*,#2504,.T.);
#2504 = EDGE_CURVE('',#1693,#1027,#2505,.T.);
#2505 = CIRCLE('',#2506,102.);
#2506 = AXIS2_PLACEMENT_3D('',#2507,#2508,#2509);
#2507 = CARTESIAN_POINT('',(0.,-64.,10.));
#2508 = DIRECTION('',(0.,0.,1.));
#2509 = DIRECTION('',(1.,0.,-0.));
#2510 = ORIENTED_EDGE('',*,*,#1034,.T.);
#2511 = ORIENTED_EDGE('',*,*,#1057,.F.);
#2512 = ORIENTED_EDGE('',*,*,#1140,.F.);
#2513 = ORIENTED_EDGE('',*,*,#2514,.T.);
#2514 = EDGE_CURVE('',#1133,#1594,#2515,.T.);
#2515 = CIRCLE('',#2516,102.);
#2516 = AXIS2_PLACEMENT_3D('',#2517,#2518,#2519);
#2517 = CARTESIAN_POINT('',(0.,-64.,10.));
#2518 = DIRECTION('',(0.,0.,1.));
#2519 = DIRECTION('',(1.,0.,-0.));
#2520 = ORIENTED_EDGE('',*,*,#1601,.F.);
#2521 = ORIENTED_EDGE('',*,*,#1692,.F.);
#2522 = CYLINDRICAL_SURFACE('',#2523,102.);
#2523 = AXIS2_PLACEMENT_3D('',#2524,#2525,#2526);
#2524 = CARTESIAN_POINT('',(0.,-64.,10.));
#2525 = DIRECTION('',(0.,0.,1.));
#2526 = DIRECTION('',(1.,0.,-0.));
#2527 = ADVANCED_FACE('',(#2528),#2544,.T.);
#2528 = FACE_BOUND('',#2529,.T.);
#2529 = EDGE_LOOP('',(#2530,#2536,#2537,#2543));
#2530 = ORIENTED_EDGE('',*,*,#2531,.F.);
#2531 = EDGE_CURVE('',#1627,#1077,#2532,.T.);
#2532 = LINE('',#2533,#2534);
#2533 = CARTESIAN_POINT('',(119.3,-96.3,-1.));
#2534 = VECTOR('',#2535,1.);
#2535 = DIRECTION('',(0.,0.,1.));
#2536 = ORIENTED_EDGE('',*,*,#1626,.F.);
#2537 = ORIENTED_EDGE('',*,*,#2538,.T.);
#2538 = EDGE_CURVE('',#1619,#1079,#2539,.T.);
#2539 = LINE('',#2540,#2541);
#2540 = CARTESIAN_POINT('',(110.7,-96.3,-1.));
#2541 = VECTOR('',#2542,1.);
#2542 = DIRECTION('',(0.,0.,1.));
#2543 = ORIENTED_EDGE('',*,*,#1076,.F.);
#2544 = PLANE('',#2545);
#2545 = AXIS2_PLACEMENT_3D('',#2546,#2547,#2548);
#2546 = CARTESIAN_POINT('',(110.7,-96.3,-1.));
#2547 = DIRECTION('',(0.,1.,0.));
#2548 = DIRECTION('',(0.,0.,1.));
#2549 = ADVANCED_FACE('',(#2550),#2562,.F.);
#2550 = FACE_BOUND('',#2551,.F.);
#2551 = EDGE_LOOP('',(#2552,#2553,#2554,#2555,#2561));
#2552 = ORIENTED_EDGE('',*,*,#2531,.F.);
#2553 = ORIENTED_EDGE('',*,*,#1634,.F.);
#2554 = ORIENTED_EDGE('',*,*,#1669,.F.);
#2555 = ORIENTED_EDGE('',*,*,#2556,.T.);
#2556 = EDGE_CURVE('',#1670,#1095,#2557,.T.);
#2557 = LINE('',#2558,#2559);
#2558 = CARTESIAN_POINT('',(119.3,-83.7,-1.));
#2559 = VECTOR('',#2560,1.);
#2560 = DIRECTION('',(0.,0.,1.));
#2561 = ORIENTED_EDGE('',*,*,#1102,.F.);
#2562 = PLANE('',#2563);
#2563 = AXIS2_PLACEMENT_3D('',#2564,#2565,#2566);
#2564 = CARTESIAN_POINT('',(119.3,-96.3,-1.));
#2565 = DIRECTION('',(1.,0.,0.));
#2566 = DIRECTION('',(0.,0.,1.));
#2567 = ADVANCED_FACE('',(#2568),#2580,.T.);
#2568 = FACE_BOUND('',#2569,.T.);
#2569 = EDGE_LOOP('',(#2570,#2571,#2572,#2573,#2579));
#2570 = ORIENTED_EDGE('',*,*,#2538,.F.);
#2571 = ORIENTED_EDGE('',*,*,#1618,.F.);
#2572 = ORIENTED_EDGE('',*,*,#1685,.F.);
#2573 = ORIENTED_EDGE('',*,*,#2574,.T.);
#2574 = EDGE_CURVE('',#1678,#1087,#2575,.T.);
#2575 = LINE('',#2576,#2577);
#2576 = CARTESIAN_POINT('',(110.7,-83.7,-1.));
#2577 = VECTOR('',#2578,1.);
#2578 = DIRECTION('',(0.,0.,1.));
#2579 = ORIENTED_EDGE('',*,*,#1086,.F.);
#2580 = PLANE('',#2581);
#2581 = AXIS2_PLACEMENT_3D('',#2582,#2583,#2584);
#2582 = CARTESIAN_POINT('',(110.7,-96.3,-1.));
#2583 = DIRECTION('',(1.,0.,0.));
#2584 = DIRECTION('',(0.,0.,1.));
#2585 = ADVANCED_FACE('',(#2586),#2592,.F.);
#2586 = FACE_BOUND('',#2587,.F.);
#2587 = EDGE_LOOP('',(#2588,#2589,#2590,#2591));
#2588 = ORIENTED_EDGE('',*,*,#2556,.F.);
#2589 = ORIENTED_EDGE('',*,*,#1677,.F.);
#2590 = ORIENTED_EDGE('',*,*,#2574,.T.);
#2591 = ORIENTED_EDGE('',*,*,#1094,.F.);
#2592 = PLANE('',#2593);
#2593 = AXIS2_PLACEMENT_3D('',#2594,#2595,#2596);
#2594 = CARTESIAN_POINT('',(110.7,-83.7,-1.));
#2595 = DIRECTION('',(0.,1.,0.));
#2596 = DIRECTION('',(0.,0.,1.));
#2597 = ADVANCED_FACE('',(#2598),#2616,.F.);
#2598 = FACE_BOUND('',#2599,.F.);
#2599 = EDGE_LOOP('',(#2600,#2601,#2602,#2610));
#2600 = ORIENTED_EDGE('',*,*,#1124,.F.);
#2601 = ORIENTED_EDGE('',*,*,#1158,.T.);
#2602 = ORIENTED_EDGE('',*,*,#2603,.F.);
#2603 = EDGE_CURVE('',#2604,#1159,#2606,.T.);
#2604 = VERTEX_POINT('',#2605);
#2605 = CARTESIAN_POINT('',(85.,-87.32521344509,10.));
#2606 = LINE('',#2607,#2608);
#2607 = CARTESIAN_POINT('',(85.,-87.32521344509,4.));
#2608 = VECTOR('',#2609,1.);
#2609 = DIRECTION('',(0.,0.,-1.));
#2610 = ORIENTED_EDGE('',*,*,#2611,.T.);
#2611 = EDGE_CURVE('',#2604,#1125,#2612,.T.);
#2612 = LINE('',#2613,#2614);
#2613 = CARTESIAN_POINT('',(85.,-89.5,10.));
#2614 = VECTOR('',#2615,1.);
#2615 = DIRECTION('',(0.,-1.,0.));
#2616 = PLANE('',#2617);
#2617 = AXIS2_PLACEMENT_3D('',#2618,#2619,#2620);
#2618 = CARTESIAN_POINT('',(85.,-115.,4.));
#2619 = DIRECTION('',(1.,0.,0.));
#2620 = DIRECTION('',(0.,0.,1.));
#2621 = ADVANCED_FACE('',(#2622),#2640,.F.);
#2622 = FACE_BOUND('',#2623,.F.);
#2623 = EDGE_LOOP('',(#2624,#2632,#2638,#2639));
#2624 = ORIENTED_EDGE('',*,*,#2625,.T.);
#2625 = EDGE_CURVE('',#1167,#2626,#2628,.T.);
#2626 = VERTEX_POINT('',#2627);
#2627 = CARTESIAN_POINT('',(72.186241413227,-84.35059091602,10.));
#2628 = LINE('',#2629,#2630);
#2629 = CARTESIAN_POINT('',(72.186241413227,-84.35059091602,4.));
#2630 = VECTOR('',#2631,1.);
#2631 = DIRECTION('',(0.,0.,1.));
#2632 = ORIENTED_EDGE('',*,*,#2633,.T.);
#2633 = EDGE_CURVE('',#2626,#2604,#2634,.T.);
#2634 = LINE('',#2635,#2636);
#2635 = CARTESIAN_POINT('',(-0.791453975197,-67.40934020085,10.));
#2636 = VECTOR('',#2637,1.);
#2637 = DIRECTION('',(0.974097200243,-0.226129707199,0.));
#2638 = ORIENTED_EDGE('',*,*,#2603,.T.);
#2639 = ORIENTED_EDGE('',*,*,#1166,.F.);
#2640 = PLANE('',#2641);
#2641 = AXIS2_PLACEMENT_3D('',#2642,#2643,#2644);
#2642 = CARTESIAN_POINT('',(-0.791453975198,-67.40934020085,4.));
#2643 = DIRECTION('',(0.226129707199,0.974097200243,0.));
#2644 = DIRECTION('',(0.,0.,1.));
#2645 = ADVANCED_FACE('',(#2646),#2665,.T.);
#2646 = FACE_BOUND('',#2647,.T.);
#2647 = EDGE_LOOP('',(#2648,#2649,#2650,#2659));
#2648 = ORIENTED_EDGE('',*,*,#1174,.T.);
#2649 = ORIENTED_EDGE('',*,*,#2625,.T.);
#2650 = ORIENTED_EDGE('',*,*,#2651,.F.);
#2651 = EDGE_CURVE('',#2652,#2626,#2654,.T.);
#2652 = VERTEX_POINT('',#2653);
#2653 = CARTESIAN_POINT('',(3.5,-138.9182888218,10.));
#2654 = CIRCLE('',#2655,75.);
#2655 = AXIS2_PLACEMENT_3D('',#2656,#2657,#2658);
#2656 = CARTESIAN_POINT('',(0.,-64.,10.));
#2657 = DIRECTION('',(0.,0.,1.));
#2658 = DIRECTION('',(1.,0.,0.));
#2659 = ORIENTED_EDGE('',*,*,#2660,.F.);
#2660 = EDGE_CURVE('',#1175,#2652,#2661,.T.);
#2661 = LINE('',#2662,#2663);
#2662 = CARTESIAN_POINT('',(3.5,-138.9182888218,4.));
#2663 = VECTOR('',#2664,1.);
#2664 = DIRECTION('',(0.,0.,1.));
#2665 = CYLINDRICAL_SURFACE('',#2666,75.);
#2666 = AXIS2_PLACEMENT_3D('',#2667,#2668,#2669);
#2667 = CARTESIAN_POINT('',(0.,-64.,4.));
#2668 = DIRECTION('',(0.,0.,1.));
#2669 = DIRECTION('',(1.,0.,0.));
#2670 = ADVANCED_FACE('',(#2671),#2682,.T.);
#2671 = FACE_BOUND('',#2672,.T.);
#2672 = EDGE_LOOP('',(#2673,#2674,#2680,#2681));
#2673 = ORIENTED_EDGE('',*,*,#2660,.T.);
#2674 = ORIENTED_EDGE('',*,*,#2675,.T.);
#2675 = EDGE_CURVE('',#2652,#1207,#2676,.T.);
#2676 = LINE('',#2677,#2678);
#2677 = CARTESIAN_POINT('',(3.5,-64.,10.));
#2678 = VECTOR('',#2679,1.);
#2679 = DIRECTION('',(1.110223024625E-16,-1.,0.));
#2680 = ORIENTED_EDGE('',*,*,#1206,.F.);
#2681 = ORIENTED_EDGE('',*,*,#1183,.F.);
#2682 = PLANE('',#2683);
#2683 = AXIS2_PLACEMENT_3D('',#2684,#2685,#2686);
#2684 = CARTESIAN_POINT('',(3.5,-64.,4.));
#2685 = DIRECTION('',(1.,1.110223024625E-16,0.));
#2686 = DIRECTION('',(0.,0.,1.));
#2687 = ADVANCED_FACE('',(#2688),#2695,.T.);
#2688 = FACE_BOUND('',#2689,.T.);
#2689 = EDGE_LOOP('',(#2690,#2691,#2692,#2693,#2694));
#2690 = ORIENTED_EDGE('',*,*,#1294,.T.);
#2691 = ORIENTED_EDGE('',*,*,#1263,.T.);
#2692 = ORIENTED_EDGE('',*,*,#1432,.T.);
#2693 = ORIENTED_EDGE('',*,*,#1376,.T.);
#2694 = ORIENTED_EDGE('',*,*,#1352,.T.);
#2695 = PLANE('',#2696);
#2696 = AXIS2_PLACEMENT_3D('',#2697,#2698,#2699);
#2697 = CARTESIAN_POINT('',(89.6,90.,9.343075305071));
#2698 = DIRECTION('',(1.,0.,0.));
#2699 = DIRECTION('',(0.,0.,1.));
#2700 = ADVANCED_FACE('',(#2701),#2714,.T.);
#2701 = FACE_BOUND('',#2702,.T.);
#2702 = EDGE_LOOP('',(#2703,#2704,#2705,#2706,#2707,#2713));
#2703 = ORIENTED_EDGE('',*,*,#1561,.T.);
#2704 = ORIENTED_EDGE('',*,*,#1503,.T.);
#2705 = ORIENTED_EDGE('',*,*,#1472,.T.);
#2706 = ORIENTED_EDGE('',*,*,#1658,.T.);
#2707 = ORIENTED_EDGE('',*,*,#2708,.T.);
#2708 = EDGE_CURVE('',#1659,#1586,#2709,.T.);
#2709 = LINE('',#2710,#2711);
#2710 = CARTESIAN_POINT('',(89.6,-77.,10.));
#2711 = VECTOR('',#2712,1.);
#2712 = DIRECTION('',(0.,-1.,0.));
#2713 = ORIENTED_EDGE('',*,*,#1585,.T.);
#2714 = PLANE('',#2715);
#2715 = AXIS2_PLACEMENT_3D('',#2716,#2717,#2718);
#2716 = CARTESIAN_POINT('',(89.6,-90.,9.343075305071));
#2717 = DIRECTION('',(1.,0.,0.));
#2718 = DIRECTION('',(0.,0.,1.));
#2719 = ADVANCED_FACE('',(#2720),#2747,.T.);
#2720 = FACE_BOUND('',#2721,.T.);
#2721 = EDGE_LOOP('',(#2722,#2730,#2731,#2732,#2733,#2741));
#2722 = ORIENTED_EDGE('',*,*,#2723,.F.);
#2723 = EDGE_CURVE('',#1725,#2724,#2726,.T.);
#2724 = VERTEX_POINT('',#2725);
#2725 = CARTESIAN_POINT('',(-3.5,-139.5,4.));
#2726 = LINE('',#2727,#2728);
#2727 = CARTESIAN_POINT('',(-140.,-139.5,4.));
#2728 = VECTOR('',#2729,1.);
#2729 = DIRECTION('',(1.,0.,0.));
#2730 = ORIENTED_EDGE('',*,*,#1724,.T.);
#2731 = ORIENTED_EDGE('',*,*,#2119,.T.);
#2732 = ORIENTED_EDGE('',*,*,#2144,.F.);
#2733 = ORIENTED_EDGE('',*,*,#2734,.T.);
#2734 = EDGE_CURVE('',#2134,#2735,#2737,.T.);
#2735 = VERTEX_POINT('',#2736);
#2736 = CARTESIAN_POINT('',(-3.5,-139.5,10.));
#2737 = LINE('',#2738,#2739);
#2738 = CARTESIAN_POINT('',(-70.,-139.5,10.));
#2739 = VECTOR('',#2740,1.);
#2740 = DIRECTION('',(1.,0.,0.));
#2741 = ORIENTED_EDGE('',*,*,#2742,.F.);
#2742 = EDGE_CURVE('',#2724,#2735,#2743,.T.);
#2743 = LINE('',#2744,#2745);
#2744 = CARTESIAN_POINT('',(-3.5,-139.5,4.));
#2745 = VECTOR('',#2746,1.);
#2746 = DIRECTION('',(0.,0.,1.));
#2747 = PLANE('',#2748);
#2748 = AXIS2_PLACEMENT_3D('',#2749,#2750,#2751);
#2749 = CARTESIAN_POINT('',(-140.,-139.5,4.));
#2750 = DIRECTION('',(0.,1.,0.));
#2751 = DIRECTION('',(0.,0.,1.));
#2752 = ADVANCED_FACE('',(#2753),#2796,.T.);
#2753 = FACE_BOUND('',#2754,.T.);
#2754 = EDGE_LOOP('',(#2755,#2756,#2757,#2765,#2774,#2782,#2790));
#2755 = ORIENTED_EDGE('',*,*,#1732,.F.);
#2756 = ORIENTED_EDGE('',*,*,#2723,.T.);
#2757 = ORIENTED_EDGE('',*,*,#2758,.F.);
#2758 = EDGE_CURVE('',#2759,#2724,#2761,.T.);
#2759 = VERTEX_POINT('',#2760);
#2760 = CARTESIAN_POINT('',(-3.5,-138.9182888218,4.));
#2761 = LINE('',#2762,#2763);
#2762 = CARTESIAN_POINT('',(-3.5,-64.,4.));
#2763 = VECTOR('',#2764,1.);
#2764 = DIRECTION('',(1.110223024625E-16,-1.,0.));
#2765 = ORIENTED_EDGE('',*,*,#2766,.F.);
#2766 = EDGE_CURVE('',#2767,#2759,#2769,.T.);
#2767 = VERTEX_POINT('',#2768);
#2768 = CARTESIAN_POINT('',(-72.18624141322,-84.35059091602,4.));
#2769 = CIRCLE('',#2770,75.);
#2770 = AXIS2_PLACEMENT_3D('',#2771,#2772,#2773);
#2771 = CARTESIAN_POINT('',(0.,-64.,4.));
#2772 = DIRECTION('',(0.,0.,1.));
#2773 = DIRECTION('',(1.,0.,0.));
#2774 = ORIENTED_EDGE('',*,*,#2775,.T.);
#2775 = EDGE_CURVE('',#2767,#2776,#2778,.T.);
#2776 = VERTEX_POINT('',#2777);
#2777 = CARTESIAN_POINT('',(-85.,-87.32521344509,4.));
#2778 = LINE('',#2779,#2780);
#2779 = CARTESIAN_POINT('',(0.791453975198,-67.40934020085,4.));
#2780 = VECTOR('',#2781,1.);
#2781 = DIRECTION('',(-0.974097200243,-0.226129707199,0.));
#2782 = ORIENTED_EDGE('',*,*,#2783,.F.);
#2783 = EDGE_CURVE('',#2784,#2776,#2786,.T.);
#2784 = VERTEX_POINT('',#2785);
#2785 = CARTESIAN_POINT('',(-85.,-115.,4.));
#2786 = LINE('',#2787,#2788);
#2787 = CARTESIAN_POINT('',(-85.,-115.,4.));
#2788 = VECTOR('',#2789,1.);
#2789 = DIRECTION('',(0.,1.,0.));
#2790 = ORIENTED_EDGE('',*,*,#2791,.F.);
#2791 = EDGE_CURVE('',#1733,#2784,#2792,.T.);
#2792 = LINE('',#2793,#2794);
#2793 = CARTESIAN_POINT('',(-140.,-115.,4.));
#2794 = VECTOR('',#2795,1.);
#2795 = DIRECTION('',(1.,0.,0.));
#2796 = PLANE('',#2797);
#2797 = AXIS2_PLACEMENT_3D('',#2798,#2799,#2800);
#2798 = CARTESIAN_POINT('',(-140.,-147.5,4.));
#2799 = DIRECTION('',(0.,0.,1.));
#2800 = DIRECTION('',(1.,0.,0.));
#2801 = ADVANCED_FACE('',(#2802),#2836,.F.);
#2802 = FACE_BOUND('',#2803,.F.);
#2803 = EDGE_LOOP('',(#2804,#2805,#2806,#2814,#2822,#2830));
#2804 = ORIENTED_EDGE('',*,*,#2791,.F.);
#2805 = ORIENTED_EDGE('',*,*,#1740,.T.);
#2806 = ORIENTED_EDGE('',*,*,#2807,.T.);
#2807 = EDGE_CURVE('',#1741,#2808,#2810,.T.);
#2808 = VERTEX_POINT('',#2809);
#2809 = CARTESIAN_POINT('',(-88.33459118601,-115.,24.));
#2810 = LINE('',#2811,#2812);
#2811 = CARTESIAN_POINT('',(-140.,-115.,24.));
#2812 = VECTOR('',#2813,1.);
#2813 = DIRECTION('',(1.,0.,0.));
#2814 = ORIENTED_EDGE('',*,*,#2815,.F.);
#2815 = EDGE_CURVE('',#2816,#2808,#2818,.T.);
#2816 = VERTEX_POINT('',#2817);
#2817 = CARTESIAN_POINT('',(-88.33459118601,-115.,10.));
#2818 = LINE('',#2819,#2820);
#2819 = CARTESIAN_POINT('',(-88.33459118601,-115.,10.));
#2820 = VECTOR('',#2821,1.);
#2821 = DIRECTION('',(0.,0.,1.));
#2822 = ORIENTED_EDGE('',*,*,#2823,.T.);
#2823 = EDGE_CURVE('',#2816,#2824,#2826,.T.);
#2824 = VERTEX_POINT('',#2825);
#2825 = CARTESIAN_POINT('',(-85.,-115.,10.));
#2826 = LINE('',#2827,#2828);
#2827 = CARTESIAN_POINT('',(-70.,-115.,10.));
#2828 = VECTOR('',#2829,1.);
#2829 = DIRECTION('',(1.,0.,0.));
#2830 = ORIENTED_EDGE('',*,*,#2831,.F.);
#2831 = EDGE_CURVE('',#2784,#2824,#2832,.T.);
#2832 = LINE('',#2833,#2834);
#2833 = CARTESIAN_POINT('',(-85.,-115.,4.));
#2834 = VECTOR('',#2835,1.);
#2835 = DIRECTION('',(0.,0.,1.));
#2836 = PLANE('',#2837);
#2837 = AXIS2_PLACEMENT_3D('',#2838,#2839,#2840);
#2838 = CARTESIAN_POINT('',(-140.,-115.,4.));
#2839 = DIRECTION('',(0.,1.,0.));
#2840 = DIRECTION('',(0.,0.,1.));
#2841 = ADVANCED_FACE('',(#2842,#2861),#2895,.T.);
#2842 = FACE_BOUND('',#2843,.T.);
#2843 = EDGE_LOOP('',(#2844,#2845,#2846,#2855));
#2844 = ORIENTED_EDGE('',*,*,#1748,.F.);
#2845 = ORIENTED_EDGE('',*,*,#2807,.T.);
#2846 = ORIENTED_EDGE('',*,*,#2847,.F.);
#2847 = EDGE_CURVE('',#2848,#2808,#2850,.T.);
#2848 = VERTEX_POINT('',#2849);
#2849 = CARTESIAN_POINT('',(-101.9950979214,-65.,24.));
#2850 = CIRCLE('',#2851,102.);
#2851 = AXIS2_PLACEMENT_3D('',#2852,#2853,#2854);
#2852 = CARTESIAN_POINT('',(0.,-64.,24.));
#2853 = DIRECTION('',(0.,0.,1.));
#2854 = DIRECTION('',(1.,0.,-0.));
#2855 = ORIENTED_EDGE('',*,*,#2856,.F.);
#2856 = EDGE_CURVE('',#1749,#2848,#2857,.T.);
#2857 = LINE('',#2858,#2859);
#2858 = CARTESIAN_POINT('',(-140.,-65.,24.));
#2859 = VECTOR('',#2860,1.);
#2860 = DIRECTION('',(1.,0.,0.));
#2861 = FACE_BOUND('',#2862,.T.);
#2862 = EDGE_LOOP('',(#2863,#2873,#2881,#2889));
#2863 = ORIENTED_EDGE('',*,*,#2864,.T.);
#2864 = EDGE_CURVE('',#2865,#2867,#2869,.T.);
#2865 = VERTEX_POINT('',#2866);
#2866 = CARTESIAN_POINT('',(-110.7,-96.3,24.));
#2867 = VERTEX_POINT('',#2868);
#2868 = CARTESIAN_POINT('',(-119.3,-96.3,24.));
#2869 = LINE('',#2870,#2871);
#2870 = CARTESIAN_POINT('',(-129.65,-96.3,24.));
#2871 = VECTOR('',#2872,1.);
#2872 = DIRECTION('',(-1.,0.,0.));
#2873 = ORIENTED_EDGE('',*,*,#2874,.T.);
#2874 = EDGE_CURVE('',#2867,#2875,#2877,.T.);
#2875 = VERTEX_POINT('',#2876);
#2876 = CARTESIAN_POINT('',(-119.3,-83.7,24.));
#2877 = LINE('',#2878,#2879);
#2878 = CARTESIAN_POINT('',(-119.3,-105.65,24.));
#2879 = VECTOR('',#2880,1.);
#2880 = DIRECTION('',(0.,1.,0.));
#2881 = ORIENTED_EDGE('',*,*,#2882,.F.);
#2882 = EDGE_CURVE('',#2883,#2875,#2885,.T.);
#2883 = VERTEX_POINT('',#2884);
#2884 = CARTESIAN_POINT('',(-110.7,-83.7,24.));
#2885 = LINE('',#2886,#2887);
#2886 = CARTESIAN_POINT('',(-129.65,-83.7,24.));
#2887 = VECTOR('',#2888,1.);
#2888 = DIRECTION('',(-1.,0.,0.));
#2889 = ORIENTED_EDGE('',*,*,#2890,.F.);
#2890 = EDGE_CURVE('',#2865,#2883,#2891,.T.);
#2891 = LINE('',#2892,#2893);
#2892 = CARTESIAN_POINT('',(-110.7,-105.65,24.));
#2893 = VECTOR('',#2894,1.);
#2894 = DIRECTION('',(0.,1.,0.));
#2895 = PLANE('',#2896);
#2896 = AXIS2_PLACEMENT_3D('',#2897,#2898,#2899);
#2897 = CARTESIAN_POINT('',(-140.,-115.,24.));
#2898 = DIRECTION('',(0.,0.,1.));
#2899 = DIRECTION('',(1.,0.,0.));
#2900 = ADVANCED_FACE('',(#2901),#2935,.T.);
#2901 = FACE_BOUND('',#2902,.T.);
#2902 = EDGE_LOOP('',(#2903,#2911,#2912,#2913,#2921,#2929));
#2903 = ORIENTED_EDGE('',*,*,#2904,.F.);
#2904 = EDGE_CURVE('',#1757,#2905,#2907,.T.);
#2905 = VERTEX_POINT('',#2906);
#2906 = CARTESIAN_POINT('',(-85.,-65.,4.));
#2907 = LINE('',#2908,#2909);
#2908 = CARTESIAN_POINT('',(-140.,-65.,4.));
#2909 = VECTOR('',#2910,1.);
#2910 = DIRECTION('',(1.,0.,0.));
#2911 = ORIENTED_EDGE('',*,*,#1756,.T.);
#2912 = ORIENTED_EDGE('',*,*,#2856,.T.);
#2913 = ORIENTED_EDGE('',*,*,#2914,.F.);
#2914 = EDGE_CURVE('',#2915,#2848,#2917,.T.);
#2915 = VERTEX_POINT('',#2916);
#2916 = CARTESIAN_POINT('',(-101.9950979214,-65.,10.));
#2917 = LINE('',#2918,#2919);
#2918 = CARTESIAN_POINT('',(-101.9950979214,-65.,10.));
#2919 = VECTOR('',#2920,1.);
#2920 = DIRECTION('',(0.,0.,1.));
#2921 = ORIENTED_EDGE('',*,*,#2922,.T.);
#2922 = EDGE_CURVE('',#2915,#2923,#2925,.T.);
#2923 = VERTEX_POINT('',#2924);
#2924 = CARTESIAN_POINT('',(-85.,-65.,10.));
#2925 = LINE('',#2926,#2927);
#2926 = CARTESIAN_POINT('',(-70.,-65.,10.));
#2927 = VECTOR('',#2928,1.);
#2928 = DIRECTION('',(1.,0.,0.));
#2929 = ORIENTED_EDGE('',*,*,#2930,.F.);
#2930 = EDGE_CURVE('',#2905,#2923,#2931,.T.);
#2931 = LINE('',#2932,#2933);
#2932 = CARTESIAN_POINT('',(-85.,-65.,4.));
#2933 = VECTOR('',#2934,1.);
#2934 = DIRECTION('',(0.,0.,1.));
#2935 = PLANE('',#2936);
#2936 = AXIS2_PLACEMENT_3D('',#2937,#2938,#2939);
#2937 = CARTESIAN_POINT('',(-140.,-65.,4.));
#2938 = DIRECTION('',(0.,1.,0.));
#2939 = DIRECTION('',(0.,0.,1.));
#2940 = ADVANCED_FACE('',(#2941),#2984,.T.);
#2941 = FACE_BOUND('',#2942,.T.);
#2942 = EDGE_LOOP('',(#2943,#2944,#2945,#2953,#2961,#2970,#2978));
#2943 = ORIENTED_EDGE('',*,*,#1764,.F.);
#2944 = ORIENTED_EDGE('',*,*,#2904,.T.);
#2945 = ORIENTED_EDGE('',*,*,#2946,.F.);
#2946 = EDGE_CURVE('',#2947,#2905,#2949,.T.);
#2947 = VERTEX_POINT('',#2948);
#2948 = CARTESIAN_POINT('',(-85.,-80.13907226919,4.));
#2949 = LINE('',#2950,#2951);
#2950 = CARTESIAN_POINT('',(-85.,-115.,4.));
#2951 = VECTOR('',#2952,1.);
#2952 = DIRECTION('',(0.,1.,0.));
#2953 = ORIENTED_EDGE('',*,*,#2954,.F.);
#2954 = EDGE_CURVE('',#2955,#2947,#2957,.T.);
#2955 = VERTEX_POINT('',#2956);
#2956 = CARTESIAN_POINT('',(-73.76914936362,-77.53191051431,4.));
#2957 = LINE('',#2958,#2959);
#2958 = CARTESIAN_POINT('',(-0.791453975198,-60.59065979914,4.));
#2959 = VECTOR('',#2960,1.);
#2960 = DIRECTION('',(-0.974097200243,-0.226129707199,0.));
#2961 = ORIENTED_EDGE('',*,*,#2962,.F.);
#2962 = EDGE_CURVE('',#2963,#2955,#2965,.T.);
#2963 = VERTEX_POINT('',#2964);
#2964 = CARTESIAN_POINT('',(-46.89539341834,-5.469477397353,4.));
#2965 = CIRCLE('',#2966,75.);
#2966 = AXIS2_PLACEMENT_3D('',#2967,#2968,#2969);
#2967 = CARTESIAN_POINT('',(0.,-64.,4.));
#2968 = DIRECTION('',(0.,0.,1.));
#2969 = DIRECTION('',(1.,0.,0.));
#2970 = ORIENTED_EDGE('',*,*,#2971,.T.);
#2971 = EDGE_CURVE('',#2963,#2972,#2974,.T.);
#2972 = VERTEX_POINT('',#2973);
#2973 = CARTESIAN_POINT('',(-98.14592243459,65.,4.));
#2974 = LINE('',#2975,#2976);
#2975 = CARTESIAN_POINT('',(-2.830576295061,-66.05860094186,4.));
#2976 = VECTOR('',#2977,1.);
#2977 = DIRECTION('',(-0.588171697675,0.808736084303,0.));
#2978 = ORIENTED_EDGE('',*,*,#2979,.F.);
#2979 = EDGE_CURVE('',#1765,#2972,#2980,.T.);
#2980 = LINE('',#2981,#2982);
#2981 = CARTESIAN_POINT('',(-140.,65.,4.));
#2982 = VECTOR('',#2983,1.);
#2983 = DIRECTION('',(1.,0.,0.));
#2984 = PLANE('',#2985);
#2985 = AXIS2_PLACEMENT_3D('',#2986,#2987,#2988);
#2986 = CARTESIAN_POINT('',(-140.,-147.5,4.));
#2987 = DIRECTION('',(0.,0.,1.));
#2988 = DIRECTION('',(1.,0.,0.));
#2989 = ADVANCED_FACE('',(#2990),#3040,.F.);
#2990 = FACE_BOUND('',#2991,.F.);
#2991 = EDGE_LOOP('',(#2992,#2993,#2994,#3002,#3010,#3018,#3026,#3034));
#2992 = ORIENTED_EDGE('',*,*,#2979,.F.);
#2993 = ORIENTED_EDGE('',*,*,#1772,.T.);
#2994 = ORIENTED_EDGE('',*,*,#2995,.T.);
#2995 = EDGE_CURVE('',#1773,#2996,#2998,.T.);
#2996 = VERTEX_POINT('',#2997);
#2997 = CARTESIAN_POINT('',(-85.,65.,24.));
#2998 = LINE('',#2999,#3000);
#2999 = CARTESIAN_POINT('',(-140.,65.,24.));
#3000 = VECTOR('',#3001,1.);
#3001 = DIRECTION('',(1.,0.,0.));
#3002 = ORIENTED_EDGE('',*,*,#3003,.F.);
#3003 = EDGE_CURVE('',#3004,#2996,#3006,.T.);
#3004 = VERTEX_POINT('',#3005);
#3005 = CARTESIAN_POINT('',(-85.,65.,4.));
#3006 = LINE('',#3007,#3008);
#3007 = CARTESIAN_POINT('',(-85.,65.,4.));
#3008 = VECTOR('',#3009,1.);
#3009 = DIRECTION('',(0.,0.,1.));
#3010 = ORIENTED_EDGE('',*,*,#3011,.F.);
#3011 = EDGE_CURVE('',#3012,#3004,#3014,.T.);
#3012 = VERTEX_POINT('',#3013);
#3013 = CARTESIAN_POINT('',(-89.49044120176,65.,4.));
#3014 = LINE('',#3015,#3016);
#3015 = CARTESIAN_POINT('',(-140.,65.,4.));
#3016 = VECTOR('',#3017,1.);
#3017 = DIRECTION('',(1.,0.,0.));
#3018 = ORIENTED_EDGE('',*,*,#3019,.F.);
#3019 = EDGE_CURVE('',#3020,#3012,#3022,.T.);
#3020 = VERTEX_POINT('',#3021);
#3021 = CARTESIAN_POINT('',(-89.49044120176,65.,14.));
#3022 = LINE('',#3023,#3024);
#3023 = CARTESIAN_POINT('',(-89.49044120176,65.,4.));
#3024 = VECTOR('',#3025,1.);
#3025 = DIRECTION('',(0.,0.,-1.));
#3026 = ORIENTED_EDGE('',*,*,#3027,.T.);
#3027 = EDGE_CURVE('',#3020,#3028,#3030,.T.);
#3028 = VERTEX_POINT('',#3029);
#3029 = CARTESIAN_POINT('',(-98.14592243459,65.,14.));
#3030 = LINE('',#3031,#3032);
#3031 = CARTESIAN_POINT('',(-68.58471185246,65.,14.));
#3032 = VECTOR('',#3033,1.);
#3033 = DIRECTION('',(-1.,0.,0.));
#3034 = ORIENTED_EDGE('',*,*,#3035,.T.);
#3035 = EDGE_CURVE('',#3028,#2972,#3036,.T.);
#3036 = LINE('',#3037,#3038);
#3037 = CARTESIAN_POINT('',(-98.14592243459,65.,4.));
#3038 = VECTOR('',#3039,1.);
#3039 = DIRECTION('',(0.,0.,-1.));
#3040 = PLANE('',#3041);
#3041 = AXIS2_PLACEMENT_3D('',#3042,#3043,#3044);
#3042 = CARTESIAN_POINT('',(-140.,65.,4.));
#3043 = DIRECTION('',(0.,1.,0.));
#3044 = DIRECTION('',(0.,0.,1.));
#3045 = ADVANCED_FACE('',(#3046,#3064),#3098,.T.);
#3046 = FACE_BOUND('',#3047,.T.);
#3047 = EDGE_LOOP('',(#3048,#3049,#3050,#3058));
#3048 = ORIENTED_EDGE('',*,*,#1780,.F.);
#3049 = ORIENTED_EDGE('',*,*,#2995,.T.);
#3050 = ORIENTED_EDGE('',*,*,#3051,.T.);
#3051 = EDGE_CURVE('',#2996,#3052,#3054,.T.);
#3052 = VERTEX_POINT('',#3053);
#3053 = CARTESIAN_POINT('',(-85.,115.,24.));
#3054 = LINE('',#3055,#3056);
#3055 = CARTESIAN_POINT('',(-85.,65.,24.));
#3056 = VECTOR('',#3057,1.);
#3057 = DIRECTION('',(0.,1.,0.));
#3058 = ORIENTED_EDGE('',*,*,#3059,.F.);
#3059 = EDGE_CURVE('',#1781,#3052,#3060,.T.);
#3060 = LINE('',#3061,#3062);
#3061 = CARTESIAN_POINT('',(-140.,115.,24.));
#3062 = VECTOR('',#3063,1.);
#3063 = DIRECTION('',(1.,0.,0.));
#3064 = FACE_BOUND('',#3065,.T.);
#3065 = EDGE_LOOP('',(#3066,#3076,#3084,#3092));
#3066 = ORIENTED_EDGE('',*,*,#3067,.T.);
#3067 = EDGE_CURVE('',#3068,#3070,#3072,.T.);
#3068 = VERTEX_POINT('',#3069);
#3069 = CARTESIAN_POINT('',(-110.7,83.7,24.));
#3070 = VERTEX_POINT('',#3071);
#3071 = CARTESIAN_POINT('',(-119.3,83.7,24.));
#3072 = LINE('',#3073,#3074);
#3073 = CARTESIAN_POINT('',(-129.65,83.7,24.));
#3074 = VECTOR('',#3075,1.);
#3075 = DIRECTION('',(-1.,0.,0.));
#3076 = ORIENTED_EDGE('',*,*,#3077,.T.);
#3077 = EDGE_CURVE('',#3070,#3078,#3080,.T.);
#3078 = VERTEX_POINT('',#3079);
#3079 = CARTESIAN_POINT('',(-119.3,96.3,24.));
#3080 = LINE('',#3081,#3082);
#3081 = CARTESIAN_POINT('',(-119.3,74.35,24.));
#3082 = VECTOR('',#3083,1.);
#3083 = DIRECTION('',(0.,1.,0.));
#3084 = ORIENTED_EDGE('',*,*,#3085,.F.);
#3085 = EDGE_CURVE('',#3086,#3078,#3088,.T.);
#3086 = VERTEX_POINT('',#3087);
#3087 = CARTESIAN_POINT('',(-110.7,96.3,24.));
#3088 = LINE('',#3089,#3090);
#3089 = CARTESIAN_POINT('',(-129.65,96.3,24.));
#3090 = VECTOR('',#3091,1.);
#3091 = DIRECTION('',(-1.,0.,0.));
#3092 = ORIENTED_EDGE('',*,*,#3093,.F.);
#3093 = EDGE_CURVE('',#3068,#3086,#3094,.T.);
#3094 = LINE('',#3095,#3096);
#3095 = CARTESIAN_POINT('',(-110.7,74.35,24.));
#3096 = VECTOR('',#3097,1.);
#3097 = DIRECTION('',(0.,1.,0.));
#3098 = PLANE('',#3099);
#3099 = AXIS2_PLACEMENT_3D('',#3100,#3101,#3102);
#3100 = CARTESIAN_POINT('',(-140.,65.,24.));
#3101 = DIRECTION('',(0.,0.,1.));
#3102 = DIRECTION('',(1.,0.,0.));
#3103 = ADVANCED_FACE('',(#3104),#3122,.T.);
#3104 = FACE_BOUND('',#3105,.T.);
#3105 = EDGE_LOOP('',(#3106,#3114,#3115,#3116));
#3106 = ORIENTED_EDGE('',*,*,#3107,.F.);
#3107 = EDGE_CURVE('',#1789,#3108,#3110,.T.);
#3108 = VERTEX_POINT('',#3109);
#3109 = CARTESIAN_POINT('',(-85.,115.,4.));
#3110 = LINE('',#3111,#3112);
#3111 = CARTESIAN_POINT('',(-140.,115.,4.));
#3112 = VECTOR('',#3113,1.);
#3113 = DIRECTION('',(1.,0.,0.));
#3114 = ORIENTED_EDGE('',*,*,#1788,.T.);
#3115 = ORIENTED_EDGE('',*,*,#3059,.T.);
#3116 = ORIENTED_EDGE('',*,*,#3117,.F.);
#3117 = EDGE_CURVE('',#3108,#3052,#3118,.T.);
#3118 = LINE('',#3119,#3120);
#3119 = CARTESIAN_POINT('',(-85.,115.,4.));
#3120 = VECTOR('',#3121,1.);
#3121 = DIRECTION('',(0.,0.,1.));
#3122 = PLANE('',#3123);
#3123 = AXIS2_PLACEMENT_3D('',#3124,#3125,#3126);
#3124 = CARTESIAN_POINT('',(-140.,115.,4.));
#3125 = DIRECTION('',(0.,1.,0.));
#3126 = DIRECTION('',(0.,0.,1.));
#3127 = ADVANCED_FACE('',(#3128),#3156,.T.);
#3128 = FACE_BOUND('',#3129,.T.);
#3129 = EDGE_LOOP('',(#3130,#3131,#3132,#3138,#3139,#3147,#3154,#3155));
#3130 = ORIENTED_EDGE('',*,*,#1796,.F.);
#3131 = ORIENTED_EDGE('',*,*,#3107,.T.);
#3132 = ORIENTED_EDGE('',*,*,#3133,.F.);
#3133 = EDGE_CURVE('',#3004,#3108,#3134,.T.);
#3134 = LINE('',#3135,#3136);
#3135 = CARTESIAN_POINT('',(-85.,65.,4.));
#3136 = VECTOR('',#3137,1.);
#3137 = DIRECTION('',(0.,1.,0.));
#3138 = ORIENTED_EDGE('',*,*,#3011,.F.);
#3139 = ORIENTED_EDGE('',*,*,#3140,.F.);
#3140 = EDGE_CURVE('',#3141,#3012,#3143,.T.);
#3141 = VERTEX_POINT('',#3142);
#3142 = CARTESIAN_POINT('',(-41.23424082821,-1.352275513627,4.));
#3143 = LINE('',#3144,#3145);
#3144 = CARTESIAN_POINT('',(2.830576295061,-61.94139905813,4.));
#3145 = VECTOR('',#3146,1.);
#3146 = DIRECTION('',(-0.588171697675,0.808736084303,0.));
#3147 = ORIENTED_EDGE('',*,*,#3148,.F.);
#3148 = EDGE_CURVE('',#1906,#3141,#3149,.T.);
#3149 = CIRCLE('',#3150,75.);
#3150 = AXIS2_PLACEMENT_3D('',#3151,#3152,#3153);
#3151 = CARTESIAN_POINT('',(0.,-64.,4.));
#3152 = DIRECTION('',(0.,0.,1.));
#3153 = DIRECTION('',(1.,0.,0.));
#3154 = ORIENTED_EDGE('',*,*,#1931,.T.);
#3155 = ORIENTED_EDGE('',*,*,#1945,.F.);
#3156 = PLANE('',#3157);
#3157 = AXIS2_PLACEMENT_3D('',#3158,#3159,#3160);
#3158 = CARTESIAN_POINT('',(-140.,-147.5,4.));
#3159 = DIRECTION('',(0.,0.,1.));
#3160 = DIRECTION('',(1.,0.,0.));
#3161 = ADVANCED_FACE('',(#3162),#3187,.T.);
#3162 = FACE_BOUND('',#3163,.T.);
#3163 = EDGE_LOOP('',(#3164,#3165,#3173,#3181));
#3164 = ORIENTED_EDGE('',*,*,#1815,.F.);
#3165 = ORIENTED_EDGE('',*,*,#3166,.T.);
#3166 = EDGE_CURVE('',#1816,#3167,#3169,.T.);
#3167 = VERTEX_POINT('',#3168);
#3168 = CARTESIAN_POINT('',(-89.6,77.6,8.4));
#3169 = LINE('',#3170,#3171);
#3170 = CARTESIAN_POINT('',(-142.,77.6,8.4));
#3171 = VECTOR('',#3172,1.);
#3172 = DIRECTION('',(1.,0.,0.));
#3173 = ORIENTED_EDGE('',*,*,#3174,.T.);
#3174 = EDGE_CURVE('',#3167,#3175,#3177,.T.);
#3175 = VERTEX_POINT('',#3176);
#3176 = CARTESIAN_POINT('',(-89.6,77.6,3.6));
#3177 = LINE('',#3178,#3179);
#3178 = CARTESIAN_POINT('',(-89.6,77.6,8.4));
#3179 = VECTOR('',#3180,1.);
#3180 = DIRECTION('',(0.,0.,-1.));
#3181 = ORIENTED_EDGE('',*,*,#3182,.F.);
#3182 = EDGE_CURVE('',#1818,#3175,#3183,.T.);
#3183 = LINE('',#3184,#3185);
#3184 = CARTESIAN_POINT('',(-142.,77.6,3.6));
#3185 = VECTOR('',#3186,1.);
#3186 = DIRECTION('',(1.,0.,0.));
#3187 = PLANE('',#3188);
#3188 = AXIS2_PLACEMENT_3D('',#3189,#3190,#3191);
#3189 = CARTESIAN_POINT('',(-142.,77.6,8.4));
#3190 = DIRECTION('',(0.,1.,0.));
#3191 = DIRECTION('',(0.,0.,-1.));
#3192 = ADVANCED_FACE('',(#3193,#3211),#3217,.T.);
#3193 = FACE_BOUND('',#3194,.T.);
#3194 = EDGE_LOOP('',(#3195,#3196,#3197,#3205));
#3195 = ORIENTED_EDGE('',*,*,#1825,.F.);
#3196 = ORIENTED_EDGE('',*,*,#3182,.T.);
#3197 = ORIENTED_EDGE('',*,*,#3198,.T.);
#3198 = EDGE_CURVE('',#3175,#3199,#3201,.T.);
#3199 = VERTEX_POINT('',#3200);
#3200 = CARTESIAN_POINT('',(-89.6,102.4,3.6));
#3201 = LINE('',#3202,#3203);
#3202 = CARTESIAN_POINT('',(-89.6,77.6,3.6));
#3203 = VECTOR('',#3204,1.);
#3204 = DIRECTION('',(0.,1.,0.));
#3205 = ORIENTED_EDGE('',*,*,#3206,.F.);
#3206 = EDGE_CURVE('',#1826,#3199,#3207,.T.);
#3207 = LINE('',#3208,#3209);
#3208 = CARTESIAN_POINT('',(-142.,102.4,3.6));
#3209 = VECTOR('',#3210,1.);
#3210 = DIRECTION('',(1.,0.,0.));
#3211 = FACE_BOUND('',#3212,.T.);
#3212 = EDGE_LOOP('',(#3213,#3214,#3215,#3216));
#3213 = ORIENTED_EDGE('',*,*,#2357,.T.);
#3214 = ORIENTED_EDGE('',*,*,#2381,.T.);
#3215 = ORIENTED_EDGE('',*,*,#2405,.F.);
#3216 = ORIENTED_EDGE('',*,*,#2422,.F.);
#3217 = PLANE('',#3218);
#3218 = AXIS2_PLACEMENT_3D('',#3219,#3220,#3221);
#3219 = CARTESIAN_POINT('',(-142.,77.6,3.6));
#3220 = DIRECTION('',(0.,0.,1.));
#3221 = DIRECTION('',(0.,1.,0.));
#3222 = ADVANCED_FACE('',(#3223),#3241,.T.);
#3223 = FACE_BOUND('',#3224,.T.);
#3224 = EDGE_LOOP('',(#3225,#3226,#3227,#3235));
#3225 = ORIENTED_EDGE('',*,*,#1833,.F.);
#3226 = ORIENTED_EDGE('',*,*,#3206,.T.);
#3227 = ORIENTED_EDGE('',*,*,#3228,.T.);
#3228 = EDGE_CURVE('',#3199,#3229,#3231,.T.);
#3229 = VERTEX_POINT('',#3230);
#3230 = CARTESIAN_POINT('',(-89.6,102.4,8.4));
#3231 = LINE('',#3232,#3233);
#3232 = CARTESIAN_POINT('',(-89.6,102.4,3.6));
#3233 = VECTOR('',#3234,1.);
#3234 = DIRECTION('',(0.,0.,1.));
#3235 = ORIENTED_EDGE('',*,*,#3236,.F.);
#3236 = EDGE_CURVE('',#1834,#3229,#3237,.T.);
#3237 = LINE('',#3238,#3239);
#3238 = CARTESIAN_POINT('',(-142.,102.4,8.4));
#3239 = VECTOR('',#3240,1.);
#3240 = DIRECTION('',(1.,0.,0.));
#3241 = PLANE('',#3242);
#3242 = AXIS2_PLACEMENT_3D('',#3243,#3244,#3245);
#3243 = CARTESIAN_POINT('',(-142.,102.4,3.6));
#3244 = DIRECTION('',(0.,-1.,0.));
#3245 = DIRECTION('',(0.,0.,1.));
#3246 = ADVANCED_FACE('',(#3247),#3297,.T.);
#3247 = FACE_BOUND('',#3248,.T.);
#3248 = EDGE_LOOP('',(#3249,#3250,#3251,#3259,#3267,#3275,#3283,#3291));
#3249 = ORIENTED_EDGE('',*,*,#1841,.F.);
#3250 = ORIENTED_EDGE('',*,*,#3236,.T.);
#3251 = ORIENTED_EDGE('',*,*,#3252,.T.);
#3252 = EDGE_CURVE('',#3229,#3253,#3255,.T.);
#3253 = VERTEX_POINT('',#3254);
#3254 = CARTESIAN_POINT('',(-89.6,90.,20.4));
#3255 = LINE('',#3256,#3257);
#3256 = CARTESIAN_POINT('',(-89.6,102.4,8.4));
#3257 = VECTOR('',#3258,1.);
#3258 = DIRECTION('',(0.,-0.718602141767,0.695421427516));
#3259 = ORIENTED_EDGE('',*,*,#3260,.F.);
#3260 = EDGE_CURVE('',#3261,#3253,#3263,.T.);
#3261 = VERTEX_POINT('',#3262);
#3262 = CARTESIAN_POINT('',(-110.7,90.,20.4));
#3263 = LINE('',#3264,#3265);
#3264 = CARTESIAN_POINT('',(-142.,90.,20.4));
#3265 = VECTOR('',#3266,1.);
#3266 = DIRECTION('',(1.,0.,0.));
#3267 = ORIENTED_EDGE('',*,*,#3268,.F.);
#3268 = EDGE_CURVE('',#3269,#3261,#3271,.T.);
#3269 = VERTEX_POINT('',#3270);
#3270 = CARTESIAN_POINT('',(-110.7,96.3,14.303225806452));
#3271 = LINE('',#3272,#3273);
#3272 = CARTESIAN_POINT('',(-110.7,99.920499731327,10.799516389038));
#3273 = VECTOR('',#3274,1.);
#3274 = DIRECTION('',(0.,-0.718602141767,0.695421427516));
#3275 = ORIENTED_EDGE('',*,*,#3276,.F.);
#3276 = EDGE_CURVE('',#3277,#3269,#3279,.T.);
#3277 = VERTEX_POINT('',#3278);
#3278 = CARTESIAN_POINT('',(-119.3,96.3,14.303225806452));
#3279 = LINE('',#3280,#3281);
#3280 = CARTESIAN_POINT('',(-130.65,96.3,14.303225806452));
#3281 = VECTOR('',#3282,1.);
#3282 = DIRECTION('',(1.,0.,0.));
#3283 = ORIENTED_EDGE('',*,*,#3284,.T.);
#3284 = EDGE_CURVE('',#3277,#3285,#3287,.T.);
#3285 = VERTEX_POINT('',#3286);
#3286 = CARTESIAN_POINT('',(-119.3,90.,20.4));
#3287 = LINE('',#3288,#3289);
#3288 = CARTESIAN_POINT('',(-119.3,99.920499731327,10.799516389038));
#3289 = VECTOR('',#3290,1.);
#3290 = DIRECTION('',(0.,-0.718602141767,0.695421427516));
#3291 = ORIENTED_EDGE('',*,*,#3292,.F.);
#3292 = EDGE_CURVE('',#1842,#3285,#3293,.T.);
#3293 = LINE('',#3294,#3295);
#3294 = CARTESIAN_POINT('',(-142.,90.,20.4));
#3295 = VECTOR('',#3296,1.);
#3296 = DIRECTION('',(1.,0.,0.));
#3297 = PLANE('',#3298);
#3298 = AXIS2_PLACEMENT_3D('',#3299,#3300,#3301);
#3299 = CARTESIAN_POINT('',(-142.,102.4,8.4));
#3300 = DIRECTION('',(0.,-0.695421427516,-0.718602141767));
#3301 = DIRECTION('',(0.,-0.718602141767,0.695421427516));
#3302 = ADVANCED_FACE('',(#3303),#3337,.T.);
#3303 = FACE_BOUND('',#3304,.T.);
#3304 = EDGE_LOOP('',(#3305,#3306,#3307,#3315,#3323,#3329,#3330,#3336));
#3305 = ORIENTED_EDGE('',*,*,#1849,.F.);
#3306 = ORIENTED_EDGE('',*,*,#3292,.T.);
#3307 = ORIENTED_EDGE('',*,*,#3308,.T.);
#3308 = EDGE_CURVE('',#3285,#3309,#3311,.T.);
#3309 = VERTEX_POINT('',#3310);
#3310 = CARTESIAN_POINT('',(-119.3,83.7,14.303225806452));
#3311 = LINE('',#3312,#3313);
#3312 = CARTESIAN_POINT('',(-119.3,83.026249328318,13.651209027405));
#3313 = VECTOR('',#3314,1.);
#3314 = DIRECTION('',(0.,-0.718602141767,-0.695421427516));
#3315 = ORIENTED_EDGE('',*,*,#3316,.T.);
#3316 = EDGE_CURVE('',#3309,#3317,#3319,.T.);
#3317 = VERTEX_POINT('',#3318);
#3318 = CARTESIAN_POINT('',(-110.7,83.7,14.303225806452));
#3319 = LINE('',#3320,#3321);
#3320 = CARTESIAN_POINT('',(-130.65,83.7,14.303225806452));
#3321 = VECTOR('',#3322,1.);
#3322 = DIRECTION('',(1.,0.,0.));
#3323 = ORIENTED_EDGE('',*,*,#3324,.F.);
#3324 = EDGE_CURVE('',#3261,#3317,#3325,.T.);
#3325 = LINE('',#3326,#3327);
#3326 = CARTESIAN_POINT('',(-110.7,83.026249328318,13.651209027405));
#3327 = VECTOR('',#3328,1.);
#3328 = DIRECTION('',(0.,-0.718602141767,-0.695421427516));
#3329 = ORIENTED_EDGE('',*,*,#3260,.T.);
#3330 = ORIENTED_EDGE('',*,*,#3331,.T.);
#3331 = EDGE_CURVE('',#3253,#3167,#3332,.T.);
#3332 = LINE('',#3333,#3334);
#3333 = CARTESIAN_POINT('',(-89.6,90.,20.4));
#3334 = VECTOR('',#3335,1.);
#3335 = DIRECTION('',(0.,-0.718602141767,-0.695421427516));
#3336 = ORIENTED_EDGE('',*,*,#3166,.F.);
#3337 = PLANE('',#3338);
#3338 = AXIS2_PLACEMENT_3D('',#3339,#3340,#3341);
#3339 = CARTESIAN_POINT('',(-142.,90.,20.4));
#3340 = DIRECTION('',(0.,0.695421427516,-0.718602141767));
#3341 = DIRECTION('',(0.,-0.718602141767,-0.695421427516));
#3342 = ADVANCED_FACE('',(#3343),#3368,.T.);
#3343 = FACE_BOUND('',#3344,.T.);
#3344 = EDGE_LOOP('',(#3345,#3346,#3354,#3362));
#3345 = ORIENTED_EDGE('',*,*,#1857,.F.);
#3346 = ORIENTED_EDGE('',*,*,#3347,.T.);
#3347 = EDGE_CURVE('',#1858,#3348,#3350,.T.);
#3348 = VERTEX_POINT('',#3349);
#3349 = CARTESIAN_POINT('',(-89.6,-102.4,8.4));
#3350 = LINE('',#3351,#3352);
#3351 = CARTESIAN_POINT('',(-142.,-102.4,8.4));
#3352 = VECTOR('',#3353,1.);
#3353 = DIRECTION('',(1.,0.,0.));
#3354 = ORIENTED_EDGE('',*,*,#3355,.T.);
#3355 = EDGE_CURVE('',#3348,#3356,#3358,.T.);
#3356 = VERTEX_POINT('',#3357);
#3357 = CARTESIAN_POINT('',(-89.6,-102.4,3.6));
#3358 = LINE('',#3359,#3360);
#3359 = CARTESIAN_POINT('',(-89.6,-102.4,8.4));
#3360 = VECTOR('',#3361,1.);
#3361 = DIRECTION('',(0.,0.,-1.));
#3362 = ORIENTED_EDGE('',*,*,#3363,.F.);
#3363 = EDGE_CURVE('',#1860,#3356,#3364,.T.);
#3364 = LINE('',#3365,#3366);
#3365 = CARTESIAN_POINT('',(-142.,-102.4,3.6));
#3366 = VECTOR('',#3367,1.);
#3367 = DIRECTION('',(1.,0.,0.));
#3368 = PLANE('',#3369);
#3369 = AXIS2_PLACEMENT_3D('',#3370,#3371,#3372);
#3370 = CARTESIAN_POINT('',(-142.,-102.4,8.4));
#3371 = DIRECTION('',(0.,1.,0.));
#3372 = DIRECTION('',(0.,0.,-1.));
#3373 = ADVANCED_FACE('',(#3374,#3392),#3398,.T.);
#3374 = FACE_BOUND('',#3375,.T.);
#3375 = EDGE_LOOP('',(#3376,#3377,#3378,#3386));
#3376 = ORIENTED_EDGE('',*,*,#1867,.F.);
#3377 = ORIENTED_EDGE('',*,*,#3363,.T.);
#3378 = ORIENTED_EDGE('',*,*,#3379,.T.);
#3379 = EDGE_CURVE('',#3356,#3380,#3382,.T.);
#3380 = VERTEX_POINT('',#3381);
#3381 = CARTESIAN_POINT('',(-89.6,-77.6,3.6));
#3382 = LINE('',#3383,#3384);
#3383 = CARTESIAN_POINT('',(-89.6,-102.4,3.6));
#3384 = VECTOR('',#3385,1.);
#3385 = DIRECTION('',(0.,1.,0.));
#3386 = ORIENTED_EDGE('',*,*,#3387,.F.);
#3387 = EDGE_CURVE('',#1868,#3380,#3388,.T.);
#3388 = LINE('',#3389,#3390);
#3389 = CARTESIAN_POINT('',(-142.,-77.6,3.6));
#3390 = VECTOR('',#3391,1.);
#3391 = DIRECTION('',(1.,0.,0.));
#3392 = FACE_BOUND('',#3393,.T.);
#3393 = EDGE_LOOP('',(#3394,#3395,#3396,#3397));
#3394 = ORIENTED_EDGE('',*,*,#2193,.T.);
#3395 = ORIENTED_EDGE('',*,*,#2217,.T.);
#3396 = ORIENTED_EDGE('',*,*,#2241,.F.);
#3397 = ORIENTED_EDGE('',*,*,#2258,.F.);
#3398 = PLANE('',#3399);
#3399 = AXIS2_PLACEMENT_3D('',#3400,#3401,#3402);
#3400 = CARTESIAN_POINT('',(-142.,-102.4,3.6));
#3401 = DIRECTION('',(0.,0.,1.));
#3402 = DIRECTION('',(0.,1.,0.));
#3403 = ADVANCED_FACE('',(#3404),#3422,.T.);
#3404 = FACE_BOUND('',#3405,.T.);
#3405 = EDGE_LOOP('',(#3406,#3407,#3408,#3416));
#3406 = ORIENTED_EDGE('',*,*,#1875,.F.);
#3407 = ORIENTED_EDGE('',*,*,#3387,.T.);
#3408 = ORIENTED_EDGE('',*,*,#3409,.T.);
#3409 = EDGE_CURVE('',#3380,#3410,#3412,.T.);
#3410 = VERTEX_POINT('',#3411);
#3411 = CARTESIAN_POINT('',(-89.6,-77.6,8.4));
#3412 = LINE('',#3413,#3414);
#3413 = CARTESIAN_POINT('',(-89.6,-77.6,3.6));
#3414 = VECTOR('',#3415,1.);
#3415 = DIRECTION('',(0.,0.,1.));
#3416 = ORIENTED_EDGE('',*,*,#3417,.F.);
#3417 = EDGE_CURVE('',#1876,#3410,#3418,.T.);
#3418 = LINE('',#3419,#3420);
#3419 = CARTESIAN_POINT('',(-142.,-77.6,8.4));
#3420 = VECTOR('',#3421,1.);
#3421 = DIRECTION('',(1.,0.,0.));
#3422 = PLANE('',#3423);
#3423 = AXIS2_PLACEMENT_3D('',#3424,#3425,#3426);
#3424 = CARTESIAN_POINT('',(-142.,-77.6,3.6));
#3425 = DIRECTION('',(0.,-1.,0.));
#3426 = DIRECTION('',(0.,0.,1.));
#3427 = ADVANCED_FACE('',(#3428),#3495,.T.);
#3428 = FACE_BOUND('',#3429,.T.);
#3429 = EDGE_LOOP('',(#3430,#3431,#3432,#3440,#3448,#3457,#3465,#3473,
    #3481,#3489));
#3430 = ORIENTED_EDGE('',*,*,#1883,.F.);
#3431 = ORIENTED_EDGE('',*,*,#3417,.T.);
#3432 = ORIENTED_EDGE('',*,*,#3433,.T.);
#3433 = EDGE_CURVE('',#3410,#3434,#3436,.T.);
#3434 = VERTEX_POINT('',#3435);
#3435 = CARTESIAN_POINT('',(-89.6,-79.25333333333,10.));
#3436 = LINE('',#3437,#3438);
#3437 = CARTESIAN_POINT('',(-89.6,-77.6,8.4));
#3438 = VECTOR('',#3439,1.);
#3439 = DIRECTION('',(0.,-0.718602141767,0.695421427516));
#3440 = ORIENTED_EDGE('',*,*,#3441,.T.);
#3441 = EDGE_CURVE('',#3434,#3442,#3444,.T.);
#3442 = VERTEX_POINT('',#3443);
#3443 = CARTESIAN_POINT('',(-100.8530407187,-79.25333333333,10.));
#3444 = LINE('',#3445,#3446);
#3445 = CARTESIAN_POINT('',(-71.,-79.25333333333,10.));
#3446 = VECTOR('',#3447,1.);
#3447 = DIRECTION('',(-1.,-0.,0.));
#3448 = ORIENTED_EDGE('',*,*,#3449,.F.);
#3449 = EDGE_CURVE('',#3450,#3442,#3452,.T.);
#3450 = VERTEX_POINT('',#3451);
#3451 = CARTESIAN_POINT('',(-98.6306240475,-90.,20.4));
#3452 = ELLIPSE('',#3453,141.94224324076,102.);
#3453 = AXIS2_PLACEMENT_3D('',#3454,#3455,#3456);
#3454 = CARTESIAN_POINT('',(0.,-64.,-4.761290322572));
#3455 = DIRECTION('',(0.,-0.695421427516,-0.718602141767));
#3456 = DIRECTION('',(0.,-0.718602141767,0.695421427516));
#3457 = ORIENTED_EDGE('',*,*,#3458,.F.);
#3458 = EDGE_CURVE('',#3459,#3450,#3461,.T.);
#3459 = VERTEX_POINT('',#3460);
#3460 = CARTESIAN_POINT('',(-110.7,-90.,20.4));
#3461 = LINE('',#3462,#3463);
#3462 = CARTESIAN_POINT('',(-142.,-90.,20.4));
#3463 = VECTOR('',#3464,1.);
#3464 = DIRECTION('',(1.,0.,0.));
#3465 = ORIENTED_EDGE('',*,*,#3466,.F.);
#3466 = EDGE_CURVE('',#3467,#3459,#3469,.T.);
#3467 = VERTEX_POINT('',#3468);
#3468 = CARTESIAN_POINT('',(-110.7,-83.7,14.303225806452));
#3469 = LINE('',#3470,#3471);
#3470 = CARTESIAN_POINT('',(-110.7,-80.07950026867,10.799516389038));
#3471 = VECTOR('',#3472,1.);
#3472 = DIRECTION('',(0.,-0.718602141767,0.695421427516));
#3473 = ORIENTED_EDGE('',*,*,#3474,.F.);
#3474 = EDGE_CURVE('',#3475,#3467,#3477,.T.);
#3475 = VERTEX_POINT('',#3476);
#3476 = CARTESIAN_POINT('',(-119.3,-83.7,14.303225806452));
#3477 = LINE('',#3478,#3479);
#3478 = CARTESIAN_POINT('',(-130.65,-83.7,14.303225806452));
#3479 = VECTOR('',#3480,1.);
#3480 = DIRECTION('',(1.,0.,0.));
#3481 = ORIENTED_EDGE('',*,*,#3482,.T.);
#3482 = EDGE_CURVE('',#3475,#3483,#3485,.T.);
#3483 = VERTEX_POINT('',#3484);
#3484 = CARTESIAN_POINT('',(-119.3,-90.,20.4));
#3485 = LINE('',#3486,#3487);
#3486 = CARTESIAN_POINT('',(-119.3,-80.07950026867,10.799516389038));
#3487 = VECTOR('',#3488,1.);
#3488 = DIRECTION('',(0.,-0.718602141767,0.695421427516));
#3489 = ORIENTED_EDGE('',*,*,#3490,.F.);
#3490 = EDGE_CURVE('',#1884,#3483,#3491,.T.);
#3491 = LINE('',#3492,#3493);
#3492 = CARTESIAN_POINT('',(-142.,-90.,20.4));
#3493 = VECTOR('',#3494,1.);
#3494 = DIRECTION('',(1.,0.,0.));
#3495 = PLANE('',#3496);
#3496 = AXIS2_PLACEMENT_3D('',#3497,#3498,#3499);
#3497 = CARTESIAN_POINT('',(-142.,-77.6,8.4));
#3498 = DIRECTION('',(0.,-0.695421427516,-0.718602141767));
#3499 = DIRECTION('',(0.,-0.718602141767,0.695421427516));
#3500 = ADVANCED_FACE('',(#3501),#3552,.T.);
#3501 = FACE_BOUND('',#3502,.T.);
#3502 = EDGE_LOOP('',(#3503,#3504,#3505,#3513,#3521,#3527,#3528,#3537,
    #3545,#3551));
#3503 = ORIENTED_EDGE('',*,*,#1891,.F.);
#3504 = ORIENTED_EDGE('',*,*,#3490,.T.);
#3505 = ORIENTED_EDGE('',*,*,#3506,.T.);
#3506 = EDGE_CURVE('',#3483,#3507,#3509,.T.);
#3507 = VERTEX_POINT('',#3508);
#3508 = CARTESIAN_POINT('',(-119.3,-96.3,14.303225806452));
#3509 = LINE('',#3510,#3511);
#3510 = CARTESIAN_POINT('',(-119.3,-96.97375067168,13.651209027405));
#3511 = VECTOR('',#3512,1.);
#3512 = DIRECTION('',(0.,-0.718602141767,-0.695421427516));
#3513 = ORIENTED_EDGE('',*,*,#3514,.T.);
#3514 = EDGE_CURVE('',#3507,#3515,#3517,.T.);
#3515 = VERTEX_POINT('',#3516);
#3516 = CARTESIAN_POINT('',(-110.7,-96.3,14.303225806452));
#3517 = LINE('',#3518,#3519);
#3518 = CARTESIAN_POINT('',(-130.65,-96.3,14.303225806452));
#3519 = VECTOR('',#3520,1.);
#3520 = DIRECTION('',(1.,0.,0.));
#3521 = ORIENTED_EDGE('',*,*,#3522,.F.);
#3522 = EDGE_CURVE('',#3459,#3515,#3523,.T.);
#3523 = LINE('',#3524,#3525);
#3524 = CARTESIAN_POINT('',(-110.7,-96.97375067168,13.651209027405));
#3525 = VECTOR('',#3526,1.);
#3526 = DIRECTION('',(0.,-0.718602141767,-0.695421427516));
#3527 = ORIENTED_EDGE('',*,*,#3458,.T.);
#3528 = ORIENTED_EDGE('',*,*,#3529,.F.);
#3529 = EDGE_CURVE('',#3530,#3450,#3532,.T.);
#3530 = VERTEX_POINT('',#3531);
#3531 = CARTESIAN_POINT('',(-95.15084071561,-100.7466666666,10.));
#3532 = ELLIPSE('',#3533,141.94224324076,102.);
#3533 = AXIS2_PLACEMENT_3D('',#3534,#3535,#3536);
#3534 = CARTESIAN_POINT('',(0.,-64.,45.561290322564));
#3535 = DIRECTION('',(0.,0.695421427516,-0.718602141767));
#3536 = DIRECTION('',(0.,0.718602141767,0.695421427516));
#3537 = ORIENTED_EDGE('',*,*,#3538,.T.);
#3538 = EDGE_CURVE('',#3530,#3539,#3541,.T.);
#3539 = VERTEX_POINT('',#3540);
#3540 = CARTESIAN_POINT('',(-89.6,-100.7466666666,10.));
#3541 = LINE('',#3542,#3543);
#3542 = CARTESIAN_POINT('',(-71.,-100.7466666666,10.));
#3543 = VECTOR('',#3544,1.);
#3544 = DIRECTION('',(1.,-0.,0.));
#3545 = ORIENTED_EDGE('',*,*,#3546,.T.);
#3546 = EDGE_CURVE('',#3539,#3348,#3547,.T.);
#3547 = LINE('',#3548,#3549);
#3548 = CARTESIAN_POINT('',(-89.6,-90.,20.4));
#3549 = VECTOR('',#3550,1.);
#3550 = DIRECTION('',(0.,-0.718602141767,-0.695421427516));
#3551 = ORIENTED_EDGE('',*,*,#3347,.F.);
#3552 = PLANE('',#3553);
#3553 = AXIS2_PLACEMENT_3D('',#3554,#3555,#3556);
#3554 = CARTESIAN_POINT('',(-142.,-90.,20.4));
#3555 = DIRECTION('',(0.,0.695421427516,-0.718602141767));
#3556 = DIRECTION('',(0.,-0.718602141767,-0.695421427516));
#3557 = ADVANCED_FACE('',(#3558),#3577,.T.);
#3558 = FACE_BOUND('',#3559,.T.);
#3559 = EDGE_LOOP('',(#3560,#3569,#3570,#3571));
#3560 = ORIENTED_EDGE('',*,*,#3561,.F.);
#3561 = EDGE_CURVE('',#1908,#3562,#3564,.T.);
#3562 = VERTEX_POINT('',#3563);
#3563 = CARTESIAN_POINT('',(-41.23424082821,-1.352275513627,10.));
#3564 = CIRCLE('',#3565,75.);
#3565 = AXIS2_PLACEMENT_3D('',#3566,#3567,#3568);
#3566 = CARTESIAN_POINT('',(0.,-64.,10.));
#3567 = DIRECTION('',(0.,0.,1.));
#3568 = DIRECTION('',(1.,0.,0.));
#3569 = ORIENTED_EDGE('',*,*,#1905,.F.);
#3570 = ORIENTED_EDGE('',*,*,#3148,.T.);
#3571 = ORIENTED_EDGE('',*,*,#3572,.T.);
#3572 = EDGE_CURVE('',#3141,#3562,#3573,.T.);
#3573 = LINE('',#3574,#3575);
#3574 = CARTESIAN_POINT('',(-41.23424082821,-1.352275513627,4.));
#3575 = VECTOR('',#3576,1.);
#3576 = DIRECTION('',(0.,0.,1.));
#3577 = CYLINDRICAL_SURFACE('',#3578,75.);
#3578 = AXIS2_PLACEMENT_3D('',#3579,#3580,#3581);
#3579 = CARTESIAN_POINT('',(0.,-64.,4.));
#3580 = DIRECTION('',(0.,0.,1.));
#3581 = DIRECTION('',(1.,0.,0.));
#3582 = ADVANCED_FACE('',(#3583),#3601,.F.);
#3583 = FACE_BOUND('',#3584,.F.);
#3584 = EDGE_LOOP('',(#3585,#3593,#3599,#3600));
#3585 = ORIENTED_EDGE('',*,*,#3586,.T.);
#3586 = EDGE_CURVE('',#2759,#3587,#3589,.T.);
#3587 = VERTEX_POINT('',#3588);
#3588 = CARTESIAN_POINT('',(-3.5,-138.9182888218,10.));
#3589 = LINE('',#3590,#3591);
#3590 = CARTESIAN_POINT('',(-3.5,-138.9182888218,4.));
#3591 = VECTOR('',#3592,1.);
#3592 = DIRECTION('',(0.,0.,1.));
#3593 = ORIENTED_EDGE('',*,*,#3594,.T.);
#3594 = EDGE_CURVE('',#3587,#2735,#3595,.T.);
#3595 = LINE('',#3596,#3597);
#3596 = CARTESIAN_POINT('',(-3.5,-64.,10.));
#3597 = VECTOR('',#3598,1.);
#3598 = DIRECTION('',(1.110223024625E-16,-1.,0.));
#3599 = ORIENTED_EDGE('',*,*,#2742,.F.);
#3600 = ORIENTED_EDGE('',*,*,#2758,.F.);
#3601 = PLANE('',#3602);
#3602 = AXIS2_PLACEMENT_3D('',#3603,#3604,#3605);
#3603 = CARTESIAN_POINT('',(-3.5,-64.,4.));
#3604 = DIRECTION('',(1.,1.110223024625E-16,0.));
#3605 = DIRECTION('',(0.,0.,1.));
#3606 = ADVANCED_FACE('',(#3607),#3626,.T.);
#3607 = FACE_BOUND('',#3608,.T.);
#3608 = EDGE_LOOP('',(#3609,#3618,#3624,#3625));
#3609 = ORIENTED_EDGE('',*,*,#3610,.F.);
#3610 = EDGE_CURVE('',#3611,#3587,#3613,.T.);
#3611 = VERTEX_POINT('',#3612);
#3612 = CARTESIAN_POINT('',(-72.18624141322,-84.35059091602,10.));
#3613 = CIRCLE('',#3614,75.);
#3614 = AXIS2_PLACEMENT_3D('',#3615,#3616,#3617);
#3615 = CARTESIAN_POINT('',(0.,-64.,10.));
#3616 = DIRECTION('',(0.,0.,1.));
#3617 = DIRECTION('',(1.,0.,0.));
#3618 = ORIENTED_EDGE('',*,*,#3619,.F.);
#3619 = EDGE_CURVE('',#2767,#3611,#3620,.T.);
#3620 = LINE('',#3621,#3622);
#3621 = CARTESIAN_POINT('',(-72.18624141322,-84.35059091602,4.));
#3622 = VECTOR('',#3623,1.);
#3623 = DIRECTION('',(0.,0.,1.));
#3624 = ORIENTED_EDGE('',*,*,#2766,.T.);
#3625 = ORIENTED_EDGE('',*,*,#3586,.T.);
#3626 = CYLINDRICAL_SURFACE('',#3627,75.);
#3627 = AXIS2_PLACEMENT_3D('',#3628,#3629,#3630);
#3628 = CARTESIAN_POINT('',(0.,-64.,4.));
#3629 = DIRECTION('',(0.,0.,1.));
#3630 = DIRECTION('',(1.,0.,0.));
#3631 = ADVANCED_FACE('',(#3632),#3650,.T.);
#3632 = FACE_BOUND('',#3633,.T.);
#3633 = EDGE_LOOP('',(#3634,#3635,#3643,#3649));
#3634 = ORIENTED_EDGE('',*,*,#3619,.T.);
#3635 = ORIENTED_EDGE('',*,*,#3636,.T.);
#3636 = EDGE_CURVE('',#3611,#3637,#3639,.T.);
#3637 = VERTEX_POINT('',#3638);
#3638 = CARTESIAN_POINT('',(-85.,-87.32521344509,10.));
#3639 = LINE('',#3640,#3641);
#3640 = CARTESIAN_POINT('',(0.791453975197,-67.40934020085,10.));
#3641 = VECTOR('',#3642,1.);
#3642 = DIRECTION('',(-0.974097200243,-0.226129707199,0.));
#3643 = ORIENTED_EDGE('',*,*,#3644,.F.);
#3644 = EDGE_CURVE('',#2776,#3637,#3645,.T.);
#3645 = LINE('',#3646,#3647);
#3646 = CARTESIAN_POINT('',(-85.,-87.32521344509,4.));
#3647 = VECTOR('',#3648,1.);
#3648 = DIRECTION('',(0.,0.,1.));
#3649 = ORIENTED_EDGE('',*,*,#2775,.F.);
#3650 = PLANE('',#3651);
#3651 = AXIS2_PLACEMENT_3D('',#3652,#3653,#3654);
#3652 = CARTESIAN_POINT('',(0.791453975198,-67.40934020085,4.));
#3653 = DIRECTION('',(0.226129707199,-0.974097200243,0.));
#3654 = DIRECTION('',(0.,0.,1.));
#3655 = ADVANCED_FACE('',(#3656),#3667,.T.);
#3656 = FACE_BOUND('',#3657,.T.);
#3657 = EDGE_LOOP('',(#3658,#3659,#3660,#3661));
#3658 = ORIENTED_EDGE('',*,*,#2831,.F.);
#3659 = ORIENTED_EDGE('',*,*,#2783,.T.);
#3660 = ORIENTED_EDGE('',*,*,#3644,.T.);
#3661 = ORIENTED_EDGE('',*,*,#3662,.T.);
#3662 = EDGE_CURVE('',#3637,#2824,#3663,.T.);
#3663 = LINE('',#3664,#3665);
#3664 = CARTESIAN_POINT('',(-85.,-89.5,10.));
#3665 = VECTOR('',#3666,1.);
#3666 = DIRECTION('',(0.,-1.,0.));
#3667 = PLANE('',#3668);
#3668 = AXIS2_PLACEMENT_3D('',#3669,#3670,#3671);
#3669 = CARTESIAN_POINT('',(-85.,-115.,4.));
#3670 = DIRECTION('',(1.,0.,0.));
#3671 = DIRECTION('',(0.,0.,1.));
#3672 = ADVANCED_FACE('',(#3673),#3694,.F.);
#3673 = FACE_BOUND('',#3674,.F.);
#3674 = EDGE_LOOP('',(#3675,#3676,#3683,#3684,#3685,#3692,#3693));
#3675 = ORIENTED_EDGE('',*,*,#2914,.F.);
#3676 = ORIENTED_EDGE('',*,*,#3677,.T.);
#3677 = EDGE_CURVE('',#2915,#3442,#3678,.T.);
#3678 = CIRCLE('',#3679,102.);
#3679 = AXIS2_PLACEMENT_3D('',#3680,#3681,#3682);
#3680 = CARTESIAN_POINT('',(0.,-64.,10.));
#3681 = DIRECTION('',(0.,0.,1.));
#3682 = DIRECTION('',(1.,0.,-0.));
#3683 = ORIENTED_EDGE('',*,*,#3449,.F.);
#3684 = ORIENTED_EDGE('',*,*,#3529,.F.);
#3685 = ORIENTED_EDGE('',*,*,#3686,.T.);
#3686 = EDGE_CURVE('',#3530,#2816,#3687,.T.);
#3687 = CIRCLE('',#3688,102.);
#3688 = AXIS2_PLACEMENT_3D('',#3689,#3690,#3691);
#3689 = CARTESIAN_POINT('',(0.,-64.,10.));
#3690 = DIRECTION('',(0.,0.,1.));
#3691 = DIRECTION('',(1.,0.,-0.));
#3692 = ORIENTED_EDGE('',*,*,#2815,.T.);
#3693 = ORIENTED_EDGE('',*,*,#2847,.F.);
#3694 = CYLINDRICAL_SURFACE('',#3695,102.);
#3695 = AXIS2_PLACEMENT_3D('',#3696,#3697,#3698);
#3696 = CARTESIAN_POINT('',(0.,-64.,10.));
#3697 = DIRECTION('',(0.,0.,1.));
#3698 = DIRECTION('',(1.,0.,-0.));
#3699 = ADVANCED_FACE('',(#3700),#3716,.T.);
#3700 = FACE_BOUND('',#3701,.T.);
#3701 = EDGE_LOOP('',(#3702,#3708,#3709,#3715));
#3702 = ORIENTED_EDGE('',*,*,#3703,.F.);
#3703 = EDGE_CURVE('',#3515,#2865,#3704,.T.);
#3704 = LINE('',#3705,#3706);
#3705 = CARTESIAN_POINT('',(-110.7,-96.3,-1.));
#3706 = VECTOR('',#3707,1.);
#3707 = DIRECTION('',(0.,0.,1.));
#3708 = ORIENTED_EDGE('',*,*,#3514,.F.);
#3709 = ORIENTED_EDGE('',*,*,#3710,.T.);
#3710 = EDGE_CURVE('',#3507,#2867,#3711,.T.);
#3711 = LINE('',#3712,#3713);
#3712 = CARTESIAN_POINT('',(-119.3,-96.3,-1.));
#3713 = VECTOR('',#3714,1.);
#3714 = DIRECTION('',(0.,0.,1.));
#3715 = ORIENTED_EDGE('',*,*,#2864,.F.);
#3716 = PLANE('',#3717);
#3717 = AXIS2_PLACEMENT_3D('',#3718,#3719,#3720);
#3718 = CARTESIAN_POINT('',(-119.3,-96.3,-1.));
#3719 = DIRECTION('',(0.,1.,0.));
#3720 = DIRECTION('',(0.,0.,1.));
#3721 = ADVANCED_FACE('',(#3722),#3734,.F.);
#3722 = FACE_BOUND('',#3723,.F.);
#3723 = EDGE_LOOP('',(#3724,#3725,#3726,#3727,#3733));
#3724 = ORIENTED_EDGE('',*,*,#3703,.F.);
#3725 = ORIENTED_EDGE('',*,*,#3522,.F.);
#3726 = ORIENTED_EDGE('',*,*,#3466,.F.);
#3727 = ORIENTED_EDGE('',*,*,#3728,.T.);
#3728 = EDGE_CURVE('',#3467,#2883,#3729,.T.);
#3729 = LINE('',#3730,#3731);
#3730 = CARTESIAN_POINT('',(-110.7,-83.7,-1.));
#3731 = VECTOR('',#3732,1.);
#3732 = DIRECTION('',(0.,0.,1.));
#3733 = ORIENTED_EDGE('',*,*,#2890,.F.);
#3734 = PLANE('',#3735);
#3735 = AXIS2_PLACEMENT_3D('',#3736,#3737,#3738);
#3736 = CARTESIAN_POINT('',(-110.7,-96.3,-1.));
#3737 = DIRECTION('',(1.,0.,0.));
#3738 = DIRECTION('',(0.,0.,1.));
#3739 = ADVANCED_FACE('',(#3740),#3752,.T.);
#3740 = FACE_BOUND('',#3741,.T.);
#3741 = EDGE_LOOP('',(#3742,#3743,#3744,#3745,#3751));
#3742 = ORIENTED_EDGE('',*,*,#3710,.F.);
#3743 = ORIENTED_EDGE('',*,*,#3506,.F.);
#3744 = ORIENTED_EDGE('',*,*,#3482,.F.);
#3745 = ORIENTED_EDGE('',*,*,#3746,.T.);
#3746 = EDGE_CURVE('',#3475,#2875,#3747,.T.);
#3747 = LINE('',#3748,#3749);
#3748 = CARTESIAN_POINT('',(-119.3,-83.7,-1.));
#3749 = VECTOR('',#3750,1.);
#3750 = DIRECTION('',(0.,0.,1.));
#3751 = ORIENTED_EDGE('',*,*,#2874,.F.);
#3752 = PLANE('',#3753);
#3753 = AXIS2_PLACEMENT_3D('',#3754,#3755,#3756);
#3754 = CARTESIAN_POINT('',(-119.3,-96.3,-1.));
#3755 = DIRECTION('',(1.,0.,0.));
#3756 = DIRECTION('',(0.,0.,1.));
#3757 = ADVANCED_FACE('',(#3758),#3764,.F.);
#3758 = FACE_BOUND('',#3759,.F.);
#3759 = EDGE_LOOP('',(#3760,#3761,#3762,#3763));
#3760 = ORIENTED_EDGE('',*,*,#3728,.F.);
#3761 = ORIENTED_EDGE('',*,*,#3474,.F.);
#3762 = ORIENTED_EDGE('',*,*,#3746,.T.);
#3763 = ORIENTED_EDGE('',*,*,#2882,.F.);
#3764 = PLANE('',#3765);
#3765 = AXIS2_PLACEMENT_3D('',#3766,#3767,#3768);
#3766 = CARTESIAN_POINT('',(-119.3,-83.7,-1.));
#3767 = DIRECTION('',(0.,1.,0.));
#3768 = DIRECTION('',(0.,0.,1.));
#3769 = ADVANCED_FACE('',(#3770),#3788,.T.);
#3770 = FACE_BOUND('',#3771,.T.);
#3771 = EDGE_LOOP('',(#3772,#3773,#3781,#3787));
#3772 = ORIENTED_EDGE('',*,*,#2930,.T.);
#3773 = ORIENTED_EDGE('',*,*,#3774,.T.);
#3774 = EDGE_CURVE('',#2923,#3775,#3777,.T.);
#3775 = VERTEX_POINT('',#3776);
#3776 = CARTESIAN_POINT('',(-85.,-80.13907226919,10.));
#3777 = LINE('',#3778,#3779);
#3778 = CARTESIAN_POINT('',(-85.,-89.5,10.));
#3779 = VECTOR('',#3780,1.);
#3780 = DIRECTION('',(0.,-1.,0.));
#3781 = ORIENTED_EDGE('',*,*,#3782,.F.);
#3782 = EDGE_CURVE('',#2947,#3775,#3783,.T.);
#3783 = LINE('',#3784,#3785);
#3784 = CARTESIAN_POINT('',(-85.,-80.13907226919,4.));
#3785 = VECTOR('',#3786,1.);
#3786 = DIRECTION('',(0.,0.,1.));
#3787 = ORIENTED_EDGE('',*,*,#2946,.T.);
#3788 = PLANE('',#3789);
#3789 = AXIS2_PLACEMENT_3D('',#3790,#3791,#3792);
#3790 = CARTESIAN_POINT('',(-85.,-115.,4.));
#3791 = DIRECTION('',(1.,0.,0.));
#3792 = DIRECTION('',(0.,0.,1.));
#3793 = ADVANCED_FACE('',(#3794),#3812,.F.);
#3794 = FACE_BOUND('',#3795,.F.);
#3795 = EDGE_LOOP('',(#3796,#3804,#3810,#3811));
#3796 = ORIENTED_EDGE('',*,*,#3797,.T.);
#3797 = EDGE_CURVE('',#2955,#3798,#3800,.T.);
#3798 = VERTEX_POINT('',#3799);
#3799 = CARTESIAN_POINT('',(-73.76914936362,-77.53191051431,10.));
#3800 = LINE('',#3801,#3802);
#3801 = CARTESIAN_POINT('',(-73.76914936362,-77.53191051431,4.));
#3802 = VECTOR('',#3803,1.);
#3803 = DIRECTION('',(0.,0.,1.));
#3804 = ORIENTED_EDGE('',*,*,#3805,.T.);
#3805 = EDGE_CURVE('',#3798,#3775,#3806,.T.);
#3806 = LINE('',#3807,#3808);
#3807 = CARTESIAN_POINT('',(-0.791453975198,-60.59065979914,10.));
#3808 = VECTOR('',#3809,1.);
#3809 = DIRECTION('',(-0.974097200243,-0.226129707199,0.));
#3810 = ORIENTED_EDGE('',*,*,#3782,.F.);
#3811 = ORIENTED_EDGE('',*,*,#2954,.F.);
#3812 = PLANE('',#3813);
#3813 = AXIS2_PLACEMENT_3D('',#3814,#3815,#3816);
#3814 = CARTESIAN_POINT('',(-0.791453975198,-60.59065979914,4.));
#3815 = DIRECTION('',(0.226129707199,-0.974097200243,0.));
#3816 = DIRECTION('',(0.,0.,1.));
#3817 = ADVANCED_FACE('',(#3818),#3837,.T.);
#3818 = FACE_BOUND('',#3819,.T.);
#3819 = EDGE_LOOP('',(#3820,#3829,#3835,#3836));
#3820 = ORIENTED_EDGE('',*,*,#3821,.F.);
#3821 = EDGE_CURVE('',#3822,#3798,#3824,.T.);
#3822 = VERTEX_POINT('',#3823);
#3823 = CARTESIAN_POINT('',(-46.89539341834,-5.469477397353,10.));
#3824 = CIRCLE('',#3825,75.);
#3825 = AXIS2_PLACEMENT_3D('',#3826,#3827,#3828);
#3826 = CARTESIAN_POINT('',(0.,-64.,10.));
#3827 = DIRECTION('',(0.,0.,1.));
#3828 = DIRECTION('',(1.,0.,0.));
#3829 = ORIENTED_EDGE('',*,*,#3830,.F.);
#3830 = EDGE_CURVE('',#2963,#3822,#3831,.T.);
#3831 = LINE('',#3832,#3833);
#3832 = CARTESIAN_POINT('',(-46.89539341834,-5.469477397353,4.));
#3833 = VECTOR('',#3834,1.);
#3834 = DIRECTION('',(0.,0.,1.));
#3835 = ORIENTED_EDGE('',*,*,#2962,.T.);
#3836 = ORIENTED_EDGE('',*,*,#3797,.T.);
#3837 = CYLINDRICAL_SURFACE('',#3838,75.);
#3838 = AXIS2_PLACEMENT_3D('',#3839,#3840,#3841);
#3839 = CARTESIAN_POINT('',(0.,-64.,4.));
#3840 = DIRECTION('',(0.,0.,1.));
#3841 = DIRECTION('',(1.,0.,0.));
#3842 = ADVANCED_FACE('',(#3843),#3870,.T.);
#3843 = FACE_BOUND('',#3844,.T.);
#3844 = EDGE_LOOP('',(#3845,#3846,#3854,#3862,#3868,#3869));
#3845 = ORIENTED_EDGE('',*,*,#3830,.T.);
#3846 = ORIENTED_EDGE('',*,*,#3847,.T.);
#3847 = EDGE_CURVE('',#3822,#3848,#3850,.T.);
#3848 = VERTEX_POINT('',#3849);
#3849 = CARTESIAN_POINT('',(-62.78875992152,16.38390154451,10.));
#3850 = LINE('',#3851,#3852);
#3851 = CARTESIAN_POINT('',(-2.83057629506,-66.05860094186,10.));
#3852 = VECTOR('',#3853,1.);
#3853 = DIRECTION('',(-0.588171697675,0.808736084303,0.));
#3854 = ORIENTED_EDGE('',*,*,#3855,.T.);
#3855 = EDGE_CURVE('',#3848,#3856,#3858,.T.);
#3856 = VERTEX_POINT('',#3857);
#3857 = CARTESIAN_POINT('',(-62.78875992152,16.38390154451,14.));
#3858 = LINE('',#3859,#3860);
#3859 = CARTESIAN_POINT('',(-62.78875992152,16.38390154451,10.));
#3860 = VECTOR('',#3861,1.);
#3861 = DIRECTION('',(0.,0.,1.));
#3862 = ORIENTED_EDGE('',*,*,#3863,.T.);
#3863 = EDGE_CURVE('',#3856,#3028,#3864,.T.);
#3864 = LINE('',#3865,#3866);
#3865 = CARTESIAN_POINT('',(-2.830576295061,-66.05860094186,14.));
#3866 = VECTOR('',#3867,1.);
#3867 = DIRECTION('',(-0.588171697675,0.808736084303,0.));
#3868 = ORIENTED_EDGE('',*,*,#3035,.T.);
#3869 = ORIENTED_EDGE('',*,*,#2971,.F.);
#3870 = PLANE('',#3871);
#3871 = AXIS2_PLACEMENT_3D('',#3872,#3873,#3874);
#3872 = CARTESIAN_POINT('',(-2.830576295061,-66.05860094186,4.));
#3873 = DIRECTION('',(-0.808736084303,-0.588171697675,0.));
#3874 = DIRECTION('',(0.,0.,1.));
#3875 = ADVANCED_FACE('',(#3876),#3882,.T.);
#3876 = FACE_BOUND('',#3877,.T.);
#3877 = EDGE_LOOP('',(#3878,#3879,#3880,#3881));
#3878 = ORIENTED_EDGE('',*,*,#3003,.F.);
#3879 = ORIENTED_EDGE('',*,*,#3133,.T.);
#3880 = ORIENTED_EDGE('',*,*,#3117,.T.);
#3881 = ORIENTED_EDGE('',*,*,#3051,.F.);
#3882 = PLANE('',#3883);
#3883 = AXIS2_PLACEMENT_3D('',#3884,#3885,#3886);
#3884 = CARTESIAN_POINT('',(-85.,65.,4.));
#3885 = DIRECTION('',(1.,0.,0.));
#3886 = DIRECTION('',(0.,0.,1.));
#3887 = ADVANCED_FACE('',(#3888),#3915,.F.);
#3888 = FACE_BOUND('',#3889,.F.);
#3889 = EDGE_LOOP('',(#3890,#3891,#3899,#3907,#3913,#3914));
#3890 = ORIENTED_EDGE('',*,*,#3572,.T.);
#3891 = ORIENTED_EDGE('',*,*,#3892,.T.);
#3892 = EDGE_CURVE('',#3562,#3893,#3895,.T.);
#3893 = VERTEX_POINT('',#3894);
#3894 = CARTESIAN_POINT('',(-57.12760733139,20.501103428237,10.));
#3895 = LINE('',#3896,#3897);
#3896 = CARTESIAN_POINT('',(2.830576295063,-61.94139905813,10.));
#3897 = VECTOR('',#3898,1.);
#3898 = DIRECTION('',(-0.588171697675,0.808736084303,0.));
#3899 = ORIENTED_EDGE('',*,*,#3900,.T.);
#3900 = EDGE_CURVE('',#3893,#3901,#3903,.T.);
#3901 = VERTEX_POINT('',#3902);
#3902 = CARTESIAN_POINT('',(-57.12760733139,20.501103428237,14.));
#3903 = LINE('',#3904,#3905);
#3904 = CARTESIAN_POINT('',(-57.12760733139,20.501103428237,10.));
#3905 = VECTOR('',#3906,1.);
#3906 = DIRECTION('',(0.,0.,1.));
#3907 = ORIENTED_EDGE('',*,*,#3908,.T.);
#3908 = EDGE_CURVE('',#3901,#3020,#3909,.T.);
#3909 = LINE('',#3910,#3911);
#3910 = CARTESIAN_POINT('',(2.830576295061,-61.94139905813,14.));
#3911 = VECTOR('',#3912,1.);
#3912 = DIRECTION('',(-0.588171697675,0.808736084303,0.));
#3913 = ORIENTED_EDGE('',*,*,#3019,.T.);
#3914 = ORIENTED_EDGE('',*,*,#3140,.F.);
#3915 = PLANE('',#3916);
#3916 = AXIS2_PLACEMENT_3D('',#3917,#3918,#3919);
#3917 = CARTESIAN_POINT('',(2.830576295061,-61.94139905813,4.));
#3918 = DIRECTION('',(-0.808736084303,-0.588171697675,0.));
#3919 = DIRECTION('',(0.,0.,1.));
#3920 = ADVANCED_FACE('',(#3921),#3933,.T.);
#3921 = FACE_BOUND('',#3922,.T.);
#3922 = EDGE_LOOP('',(#3923,#3924,#3931,#3932));
#3923 = ORIENTED_EDGE('',*,*,#3863,.F.);
#3924 = ORIENTED_EDGE('',*,*,#3925,.F.);
#3925 = EDGE_CURVE('',#3901,#3856,#3926,.T.);
#3926 = CIRCLE('',#3927,102.);
#3927 = AXIS2_PLACEMENT_3D('',#3928,#3929,#3930);
#3928 = CARTESIAN_POINT('',(0.,-64.,14.));
#3929 = DIRECTION('',(0.,0.,1.));
#3930 = DIRECTION('',(1.,0.,-0.));
#3931 = ORIENTED_EDGE('',*,*,#3908,.T.);
#3932 = ORIENTED_EDGE('',*,*,#3027,.T.);
#3933 = PLANE('',#3934);
#3934 = AXIS2_PLACEMENT_3D('',#3935,#3936,#3937);
#3935 = CARTESIAN_POINT('',(2.830576295061,-61.94139905813,14.));
#3936 = DIRECTION('',(0.,0.,1.));
#3937 = DIRECTION('',(-0.588171697675,0.808736084303,0.));
#3938 = ADVANCED_FACE('',(#3939),#3955,.T.);
#3939 = FACE_BOUND('',#3940,.T.);
#3940 = EDGE_LOOP('',(#3941,#3947,#3948,#3954));
#3941 = ORIENTED_EDGE('',*,*,#3942,.F.);
#3942 = EDGE_CURVE('',#3317,#3068,#3943,.T.);
#3943 = LINE('',#3944,#3945);
#3944 = CARTESIAN_POINT('',(-110.7,83.7,-1.));
#3945 = VECTOR('',#3946,1.);
#3946 = DIRECTION('',(0.,0.,1.));
#3947 = ORIENTED_EDGE('',*,*,#3316,.F.);
#3948 = ORIENTED_EDGE('',*,*,#3949,.T.);
#3949 = EDGE_CURVE('',#3309,#3070,#3950,.T.);
#3950 = LINE('',#3951,#3952);
#3951 = CARTESIAN_POINT('',(-119.3,83.7,-1.));
#3952 = VECTOR('',#3953,1.);
#3953 = DIRECTION('',(0.,0.,1.));
#3954 = ORIENTED_EDGE('',*,*,#3067,.F.);
#3955 = PLANE('',#3956);
#3956 = AXIS2_PLACEMENT_3D('',#3957,#3958,#3959);
#3957 = CARTESIAN_POINT('',(-119.3,83.7,-1.));
#3958 = DIRECTION('',(0.,1.,0.));
#3959 = DIRECTION('',(0.,0.,1.));
#3960 = ADVANCED_FACE('',(#3961),#3973,.T.);
#3961 = FACE_BOUND('',#3962,.T.);
#3962 = EDGE_LOOP('',(#3963,#3964,#3965,#3966,#3972));
#3963 = ORIENTED_EDGE('',*,*,#3949,.F.);
#3964 = ORIENTED_EDGE('',*,*,#3308,.F.);
#3965 = ORIENTED_EDGE('',*,*,#3284,.F.);
#3966 = ORIENTED_EDGE('',*,*,#3967,.T.);
#3967 = EDGE_CURVE('',#3277,#3078,#3968,.T.);
#3968 = LINE('',#3969,#3970);
#3969 = CARTESIAN_POINT('',(-119.3,96.3,-1.));
#3970 = VECTOR('',#3971,1.);
#3971 = DIRECTION('',(0.,0.,1.));
#3972 = ORIENTED_EDGE('',*,*,#3077,.F.);
#3973 = PLANE('',#3974);
#3974 = AXIS2_PLACEMENT_3D('',#3975,#3976,#3977);
#3975 = CARTESIAN_POINT('',(-119.3,83.7,-1.));
#3976 = DIRECTION('',(1.,0.,0.));
#3977 = DIRECTION('',(0.,0.,1.));
#3978 = ADVANCED_FACE('',(#3979),#3990,.F.);
#3979 = FACE_BOUND('',#3980,.F.);
#3980 = EDGE_LOOP('',(#3981,#3987,#3988,#3989));
#3981 = ORIENTED_EDGE('',*,*,#3982,.F.);
#3982 = EDGE_CURVE('',#3269,#3086,#3983,.T.);
#3983 = LINE('',#3984,#3985);
#3984 = CARTESIAN_POINT('',(-110.7,96.3,-1.));
#3985 = VECTOR('',#3986,1.);
#3986 = DIRECTION('',(0.,0.,1.));
#3987 = ORIENTED_EDGE('',*,*,#3276,.F.);
#3988 = ORIENTED_EDGE('',*,*,#3967,.T.);
#3989 = ORIENTED_EDGE('',*,*,#3085,.F.);
#3990 = PLANE('',#3991);
#3991 = AXIS2_PLACEMENT_3D('',#3992,#3993,#3994);
#3992 = CARTESIAN_POINT('',(-119.3,96.3,-1.));
#3993 = DIRECTION('',(0.,1.,0.));
#3994 = DIRECTION('',(0.,0.,1.));
#3995 = ADVANCED_FACE('',(#3996),#4003,.F.);
#3996 = FACE_BOUND('',#3997,.F.);
#3997 = EDGE_LOOP('',(#3998,#3999,#4000,#4001,#4002));
#3998 = ORIENTED_EDGE('',*,*,#3942,.F.);
#3999 = ORIENTED_EDGE('',*,*,#3324,.F.);
#4000 = ORIENTED_EDGE('',*,*,#3268,.F.);
#4001 = ORIENTED_EDGE('',*,*,#3982,.T.);
#4002 = ORIENTED_EDGE('',*,*,#3093,.F.);
#4003 = PLANE('',#4004);
#4004 = AXIS2_PLACEMENT_3D('',#4005,#4006,#4007);
#4005 = CARTESIAN_POINT('',(-110.7,83.7,-1.));
#4006 = DIRECTION('',(1.,0.,0.));
#4007 = DIRECTION('',(0.,0.,1.));
#4008 = ADVANCED_FACE('',(#4009),#4016,.F.);
#4009 = FACE_BOUND('',#4010,.F.);
#4010 = EDGE_LOOP('',(#4011,#4012,#4013,#4014,#4015));
#4011 = ORIENTED_EDGE('',*,*,#3198,.T.);
#4012 = ORIENTED_EDGE('',*,*,#3228,.T.);
#4013 = ORIENTED_EDGE('',*,*,#3252,.T.);
#4014 = ORIENTED_EDGE('',*,*,#3331,.T.);
#4015 = ORIENTED_EDGE('',*,*,#3174,.T.);
#4016 = PLANE('',#4017);
#4017 = AXIS2_PLACEMENT_3D('',#4018,#4019,#4020);
#4018 = CARTESIAN_POINT('',(-89.6,90.,9.343075305071));
#4019 = DIRECTION('',(1.,0.,0.));
#4020 = DIRECTION('',(0.,0.,1.));
#4021 = ADVANCED_FACE('',(#4022),#4035,.F.);
#4022 = FACE_BOUND('',#4023,.F.);
#4023 = EDGE_LOOP('',(#4024,#4025,#4026,#4027,#4028,#4034));
#4024 = ORIENTED_EDGE('',*,*,#3355,.T.);
#4025 = ORIENTED_EDGE('',*,*,#3379,.T.);
#4026 = ORIENTED_EDGE('',*,*,#3409,.T.);
#4027 = ORIENTED_EDGE('',*,*,#3433,.T.);
#4028 = ORIENTED_EDGE('',*,*,#4029,.T.);
#4029 = EDGE_CURVE('',#3434,#3539,#4030,.T.);
#4030 = LINE('',#4031,#4032);
#4031 = CARTESIAN_POINT('',(-89.6,-77.,10.));
#4032 = VECTOR('',#4033,1.);
#4033 = DIRECTION('',(0.,-1.,0.));
#4034 = ORIENTED_EDGE('',*,*,#3546,.T.);
#4035 = PLANE('',#4036);
#4036 = AXIS2_PLACEMENT_3D('',#4037,#4038,#4039);
#4037 = CARTESIAN_POINT('',(-89.6,-90.,9.343075305071));
#4038 = DIRECTION('',(1.,0.,0.));
#4039 = DIRECTION('',(0.,0.,1.));
#4040 = ADVANCED_FACE('',(#4041),#4053,.F.);
#4041 = FACE_BOUND('',#4042,.F.);
#4042 = EDGE_LOOP('',(#4043,#4044,#4051,#4052));
#4043 = ORIENTED_EDGE('',*,*,#3900,.F.);
#4044 = ORIENTED_EDGE('',*,*,#4045,.T.);
#4045 = EDGE_CURVE('',#3893,#3848,#4046,.T.);
#4046 = CIRCLE('',#4047,102.);
#4047 = AXIS2_PLACEMENT_3D('',#4048,#4049,#4050);
#4048 = CARTESIAN_POINT('',(0.,-64.,10.));
#4049 = DIRECTION('',(0.,0.,1.));
#4050 = DIRECTION('',(1.,0.,-0.));
#4051 = ORIENTED_EDGE('',*,*,#3855,.T.);
#4052 = ORIENTED_EDGE('',*,*,#3925,.F.);
#4053 = CYLINDRICAL_SURFACE('',#4054,102.);
#4054 = AXIS2_PLACEMENT_3D('',#4055,#4056,#4057);
#4055 = CARTESIAN_POINT('',(0.,-64.,10.));
#4056 = DIRECTION('',(0.,0.,1.));
#4057 = DIRECTION('',(1.,0.,-0.));
#4058 = ADVANCED_FACE('',(#4059,#4106),#4330,.T.);
#4059 = FACE_BOUND('',#4060,.T.);
#4060 = EDGE_LOOP('',(#4061,#4062,#4063,#4064,#4065,#4066,#4067,#4068,
    #4069,#4070,#4071,#4072,#4073,#4074,#4075,#4076,#4077,#4078,#4079,
    #4080,#4081,#4082,#4083,#4084,#4085,#4086,#4087,#4088,#4089,#4090,
    #4091,#4092,#4093,#4094,#4095,#4096,#4097,#4098,#4099,#4100,#4101,
    #4102,#4103,#4104,#4105));
#4061 = ORIENTED_EDGE('',*,*,#133,.T.);
#4062 = ORIENTED_EDGE('',*,*,#573,.T.);
#4063 = ORIENTED_EDGE('',*,*,#1915,.F.);
#4064 = ORIENTED_EDGE('',*,*,#3561,.T.);
#4065 = ORIENTED_EDGE('',*,*,#3892,.T.);
#4066 = ORIENTED_EDGE('',*,*,#4045,.T.);
#4067 = ORIENTED_EDGE('',*,*,#3847,.F.);
#4068 = ORIENTED_EDGE('',*,*,#3821,.T.);
#4069 = ORIENTED_EDGE('',*,*,#3805,.T.);
#4070 = ORIENTED_EDGE('',*,*,#3774,.F.);
#4071 = ORIENTED_EDGE('',*,*,#2922,.F.);
#4072 = ORIENTED_EDGE('',*,*,#3677,.T.);
#4073 = ORIENTED_EDGE('',*,*,#3441,.F.);
#4074 = ORIENTED_EDGE('',*,*,#4029,.T.);
#4075 = ORIENTED_EDGE('',*,*,#3538,.F.);
#4076 = ORIENTED_EDGE('',*,*,#3686,.T.);
#4077 = ORIENTED_EDGE('',*,*,#2823,.T.);
#4078 = ORIENTED_EDGE('',*,*,#3662,.F.);
#4079 = ORIENTED_EDGE('',*,*,#3636,.F.);
#4080 = ORIENTED_EDGE('',*,*,#3610,.T.);
#4081 = ORIENTED_EDGE('',*,*,#3594,.T.);
#4082 = ORIENTED_EDGE('',*,*,#2734,.F.);
#4083 = ORIENTED_EDGE('',*,*,#2133,.T.);
#4084 = ORIENTED_EDGE('',*,*,#810,.F.);
#4085 = ORIENTED_EDGE('',*,*,#2158,.T.);
#4086 = ORIENTED_EDGE('',*,*,#1214,.F.);
#4087 = ORIENTED_EDGE('',*,*,#2675,.F.);
#4088 = ORIENTED_EDGE('',*,*,#2651,.T.);
#4089 = ORIENTED_EDGE('',*,*,#2633,.T.);
#4090 = ORIENTED_EDGE('',*,*,#2611,.T.);
#4091 = ORIENTED_EDGE('',*,*,#1132,.T.);
#4092 = ORIENTED_EDGE('',*,*,#2514,.T.);
#4093 = ORIENTED_EDGE('',*,*,#1593,.F.);
#4094 = ORIENTED_EDGE('',*,*,#2708,.F.);
#4095 = ORIENTED_EDGE('',*,*,#1701,.F.);
#4096 = ORIENTED_EDGE('',*,*,#2504,.T.);
#4097 = ORIENTED_EDGE('',*,*,#1026,.F.);
#4098 = ORIENTED_EDGE('',*,*,#2092,.T.);
#4099 = ORIENTED_EDGE('',*,*,#2068,.F.);
#4100 = ORIENTED_EDGE('',*,*,#2043,.T.);
#4101 = ORIENTED_EDGE('',*,*,#2034,.T.);
#4102 = ORIENTED_EDGE('',*,*,#759,.T.);
#4103 = ORIENTED_EDGE('',*,*,#630,.T.);
#4104 = ORIENTED_EDGE('',*,*,#191,.F.);
#4105 = ORIENTED_EDGE('',*,*,#165,.T.);
#4106 = FACE_BOUND('',#4107,.T.);
#4107 = EDGE_LOOP('',(#4108,#4118,#4127,#4135,#4144,#4152,#4161,#4170,
    #4178,#4187,#4196,#4204,#4213,#4221,#4230,#4238,#4247,#4255,#4264,
    #4272,#4281,#4289,#4298,#4306,#4315,#4323));
#4108 = ORIENTED_EDGE('',*,*,#4109,.T.);
#4109 = EDGE_CURVE('',#4110,#4112,#4114,.T.);
#4110 = VERTEX_POINT('',#4111);
#4111 = CARTESIAN_POINT('',(3.5,-49.41404785418,10.));
#4112 = VERTEX_POINT('',#4113);
#4113 = CARTESIAN_POINT('',(3.5,-24.1534192182,10.));
#4114 = LINE('',#4115,#4116);
#4115 = CARTESIAN_POINT('',(3.5,-64.,10.));
#4116 = VECTOR('',#4117,1.);
#4117 = DIRECTION('',(1.110223024625E-16,1.,-0.));
#4118 = ORIENTED_EDGE('',*,*,#4119,.F.);
#4119 = EDGE_CURVE('',#4120,#4112,#4122,.T.);
#4120 = VERTEX_POINT('',#4121);
#4121 = CARTESIAN_POINT('',(20.606054769912,-29.71603134379,10.));
#4122 = CIRCLE('',#4123,40.);
#4123 = AXIS2_PLACEMENT_3D('',#4124,#4125,#4126);
#4124 = CARTESIAN_POINT('',(0.,-64.,10.));
#4125 = DIRECTION('',(0.,0.,1.));
#4126 = DIRECTION('',(1.,0.,0.));
#4127 = ORIENTED_EDGE('',*,*,#4128,.F.);
#4128 = EDGE_CURVE('',#4129,#4120,#4131,.T.);
#4129 = VERTEX_POINT('',#4130);
#4130 = CARTESIAN_POINT('',(5.748467940747,-50.14521323389,10.));
#4131 = LINE('',#4132,#4133);
#4132 = CARTESIAN_POINT('',(-2.830576295063,-61.94139905813,10.));
#4133 = VECTOR('',#4134,1.);
#4134 = DIRECTION('',(0.588171697675,0.808736084303,-0.));
#4135 = ORIENTED_EDGE('',*,*,#4136,.F.);
#4136 = EDGE_CURVE('',#4137,#4129,#4139,.T.);
#4137 = VERTEX_POINT('',#4138);
#4138 = CARTESIAN_POINT('',(11.409620530872,-54.26241511762,10.));
#4139 = CIRCLE('',#4140,15.);
#4140 = AXIS2_PLACEMENT_3D('',#4141,#4142,#4143);
#4141 = CARTESIAN_POINT('',(0.,-64.,10.));
#4142 = DIRECTION('',(0.,0.,1.));
#4143 = DIRECTION('',(1.,0.,-0.));
#4144 = ORIENTED_EDGE('',*,*,#4145,.T.);
#4145 = EDGE_CURVE('',#4137,#4146,#4148,.T.);
#4146 = VERTEX_POINT('',#4147);
#4147 = CARTESIAN_POINT('',(26.267207360035,-33.83323322752,10.));
#4148 = LINE('',#4149,#4150);
#4149 = CARTESIAN_POINT('',(2.83057629506,-66.05860094186,10.));
#4150 = VECTOR('',#4151,1.);
#4151 = DIRECTION('',(0.588171697675,0.808736084303,-0.));
#4152 = ORIENTED_EDGE('',*,*,#4153,.F.);
#4153 = EDGE_CURVE('',#4154,#4146,#4156,.T.);
#4154 = VERTEX_POINT('',#4155);
#4155 = CARTESIAN_POINT('',(40.,-64.,10.));
#4156 = CIRCLE('',#4157,40.);
#4157 = AXIS2_PLACEMENT_3D('',#4158,#4159,#4160);
#4158 = CARTESIAN_POINT('',(0.,-64.,10.));
#4159 = DIRECTION('',(0.,0.,1.));
#4160 = DIRECTION('',(1.,0.,0.));
#4161 = ORIENTED_EDGE('',*,*,#4162,.F.);
#4162 = EDGE_CURVE('',#4163,#4154,#4165,.T.);
#4163 = VERTEX_POINT('',#4164);
#4164 = CARTESIAN_POINT('',(39.605896754013,-69.60115544423,10.));
#4165 = CIRCLE('',#4166,40.);
#4166 = AXIS2_PLACEMENT_3D('',#4167,#4168,#4169);
#4167 = CARTESIAN_POINT('',(0.,-64.,10.));
#4168 = DIRECTION('',(0.,0.,1.));
#4169 = DIRECTION('',(1.,0.,0.));
#4170 = ORIENTED_EDGE('',*,*,#4171,.F.);
#4171 = EDGE_CURVE('',#4172,#4163,#4174,.T.);
#4172 = VERTEX_POINT('',#4173);
#4173 = CARTESIAN_POINT('',(14.999589123319,-63.88897688709,10.));
#4174 = LINE('',#4175,#4176);
#4175 = CARTESIAN_POINT('',(0.791453975198,-60.59065979914,10.));
#4176 = VECTOR('',#4177,1.);
#4177 = DIRECTION('',(0.974097200243,-0.226129707199,0.));
#4178 = ORIENTED_EDGE('',*,*,#4179,.F.);
#4179 = EDGE_CURVE('',#4180,#4172,#4182,.T.);
#4180 = VERTEX_POINT('',#4181);
#4181 = CARTESIAN_POINT('',(15.,-64.,10.));
#4182 = CIRCLE('',#4183,15.);
#4183 = AXIS2_PLACEMENT_3D('',#4184,#4185,#4186);
#4184 = CARTESIAN_POINT('',(0.,-64.,10.));
#4185 = DIRECTION('',(0.,0.,1.));
#4186 = DIRECTION('',(1.,0.,-0.));
#4187 = ORIENTED_EDGE('',*,*,#4188,.F.);
#4188 = EDGE_CURVE('',#4189,#4180,#4191,.T.);
#4189 = VERTEX_POINT('',#4190);
#4190 = CARTESIAN_POINT('',(13.416681172926,-70.7076572888,10.));
#4191 = CIRCLE('',#4192,15.);
#4192 = AXIS2_PLACEMENT_3D('',#4193,#4194,#4195);
#4193 = CARTESIAN_POINT('',(0.,-64.,10.));
#4194 = DIRECTION('',(0.,0.,1.));
#4195 = DIRECTION('',(1.,0.,-0.));
#4196 = ORIENTED_EDGE('',*,*,#4197,.T.);
#4197 = EDGE_CURVE('',#4189,#4198,#4200,.T.);
#4198 = VERTEX_POINT('',#4199);
#4199 = CARTESIAN_POINT('',(38.022988803618,-76.41983584593,10.));
#4200 = LINE('',#4201,#4202);
#4201 = CARTESIAN_POINT('',(-0.791453975197,-67.40934020085,10.));
#4202 = VECTOR('',#4203,1.);
#4203 = DIRECTION('',(0.974097200243,-0.226129707199,0.));
#4204 = ORIENTED_EDGE('',*,*,#4205,.F.);
#4205 = EDGE_CURVE('',#4206,#4198,#4208,.T.);
#4206 = VERTEX_POINT('',#4207);
#4207 = CARTESIAN_POINT('',(3.5,-103.8465807817,10.));
#4208 = CIRCLE('',#4209,40.);
#4209 = AXIS2_PLACEMENT_3D('',#4210,#4211,#4212);
#4210 = CARTESIAN_POINT('',(0.,-64.,10.));
#4211 = DIRECTION('',(0.,0.,1.));
#4212 = DIRECTION('',(1.,0.,0.));
#4213 = ORIENTED_EDGE('',*,*,#4214,.F.);
#4214 = EDGE_CURVE('',#4215,#4206,#4217,.T.);
#4215 = VERTEX_POINT('',#4216);
#4216 = CARTESIAN_POINT('',(3.5,-78.58595214581,10.));
#4217 = LINE('',#4218,#4219);
#4218 = CARTESIAN_POINT('',(3.5,-64.,10.));
#4219 = VECTOR('',#4220,1.);
#4220 = DIRECTION('',(1.110223024625E-16,-1.,0.));
#4221 = ORIENTED_EDGE('',*,*,#4222,.F.);
#4222 = EDGE_CURVE('',#4223,#4215,#4225,.T.);
#4223 = VERTEX_POINT('',#4224);
#4224 = CARTESIAN_POINT('',(-3.5,-78.58595214581,10.));
#4225 = CIRCLE('',#4226,15.);
#4226 = AXIS2_PLACEMENT_3D('',#4227,#4228,#4229);
#4227 = CARTESIAN_POINT('',(0.,-64.,10.));
#4228 = DIRECTION('',(0.,0.,1.));
#4229 = DIRECTION('',(1.,0.,-0.));
#4230 = ORIENTED_EDGE('',*,*,#4231,.T.);
#4231 = EDGE_CURVE('',#4223,#4232,#4234,.T.);
#4232 = VERTEX_POINT('',#4233);
#4233 = CARTESIAN_POINT('',(-3.5,-103.8465807817,10.));
#4234 = LINE('',#4235,#4236);
#4235 = CARTESIAN_POINT('',(-3.5,-64.,10.));
#4236 = VECTOR('',#4237,1.);
#4237 = DIRECTION('',(1.110223024625E-16,-1.,0.));
#4238 = ORIENTED_EDGE('',*,*,#4239,.F.);
#4239 = EDGE_CURVE('',#4240,#4232,#4242,.T.);
#4240 = VERTEX_POINT('',#4241);
#4241 = CARTESIAN_POINT('',(-38.02298880361,-76.41983584593,10.));
#4242 = CIRCLE('',#4243,40.);
#4243 = AXIS2_PLACEMENT_3D('',#4244,#4245,#4246);
#4244 = CARTESIAN_POINT('',(0.,-64.,10.));
#4245 = DIRECTION('',(0.,0.,1.));
#4246 = DIRECTION('',(1.,0.,0.));
#4247 = ORIENTED_EDGE('',*,*,#4248,.F.);
#4248 = EDGE_CURVE('',#4249,#4240,#4251,.T.);
#4249 = VERTEX_POINT('',#4250);
#4250 = CARTESIAN_POINT('',(-13.41668117292,-70.7076572888,10.));
#4251 = LINE('',#4252,#4253);
#4252 = CARTESIAN_POINT('',(0.791453975197,-67.40934020085,10.));
#4253 = VECTOR('',#4254,1.);
#4254 = DIRECTION('',(-0.974097200243,-0.226129707199,0.));
#4255 = ORIENTED_EDGE('',*,*,#4256,.F.);
#4256 = EDGE_CURVE('',#4257,#4249,#4259,.T.);
#4257 = VERTEX_POINT('',#4258);
#4258 = CARTESIAN_POINT('',(-14.99958912331,-63.88897688709,10.));
#4259 = CIRCLE('',#4260,15.);
#4260 = AXIS2_PLACEMENT_3D('',#4261,#4262,#4263);
#4261 = CARTESIAN_POINT('',(0.,-64.,10.));
#4262 = DIRECTION('',(0.,0.,1.));
#4263 = DIRECTION('',(1.,0.,-0.));
#4264 = ORIENTED_EDGE('',*,*,#4265,.T.);
#4265 = EDGE_CURVE('',#4257,#4266,#4268,.T.);
#4266 = VERTEX_POINT('',#4267);
#4267 = CARTESIAN_POINT('',(-39.60589675401,-69.60115544423,10.));
#4268 = LINE('',#4269,#4270);
#4269 = CARTESIAN_POINT('',(-0.791453975198,-60.59065979914,10.));
#4270 = VECTOR('',#4271,1.);
#4271 = DIRECTION('',(-0.974097200243,-0.226129707199,0.));
#4272 = ORIENTED_EDGE('',*,*,#4273,.F.);
#4273 = EDGE_CURVE('',#4274,#4266,#4276,.T.);
#4274 = VERTEX_POINT('',#4275);
#4275 = CARTESIAN_POINT('',(-26.26720736003,-33.83323322752,10.));
#4276 = CIRCLE('',#4277,40.);
#4277 = AXIS2_PLACEMENT_3D('',#4278,#4279,#4280);
#4278 = CARTESIAN_POINT('',(0.,-64.,10.));
#4279 = DIRECTION('',(0.,0.,1.));
#4280 = DIRECTION('',(1.,0.,0.));
#4281 = ORIENTED_EDGE('',*,*,#4282,.F.);
#4282 = EDGE_CURVE('',#4283,#4274,#4285,.T.);
#4283 = VERTEX_POINT('',#4284);
#4284 = CARTESIAN_POINT('',(-11.40962053087,-54.26241511762,10.));
#4285 = LINE('',#4286,#4287);
#4286 = CARTESIAN_POINT('',(-2.83057629506,-66.05860094186,10.));
#4287 = VECTOR('',#4288,1.);
#4288 = DIRECTION('',(-0.588171697675,0.808736084303,0.));
#4289 = ORIENTED_EDGE('',*,*,#4290,.F.);
#4290 = EDGE_CURVE('',#4291,#4283,#4293,.T.);
#4291 = VERTEX_POINT('',#4292);
#4292 = CARTESIAN_POINT('',(-5.748467940747,-50.14521323389,10.));
#4293 = CIRCLE('',#4294,15.);
#4294 = AXIS2_PLACEMENT_3D('',#4295,#4296,#4297);
#4295 = CARTESIAN_POINT('',(0.,-64.,10.));
#4296 = DIRECTION('',(0.,0.,1.));
#4297 = DIRECTION('',(1.,0.,-0.));
#4298 = ORIENTED_EDGE('',*,*,#4299,.T.);
#4299 = EDGE_CURVE('',#4291,#4300,#4302,.T.);
#4300 = VERTEX_POINT('',#4301);
#4301 = CARTESIAN_POINT('',(-20.60605476991,-29.71603134379,10.));
#4302 = LINE('',#4303,#4304);
#4303 = CARTESIAN_POINT('',(2.830576295063,-61.94139905813,10.));
#4304 = VECTOR('',#4305,1.);
#4305 = DIRECTION('',(-0.588171697675,0.808736084303,0.));
#4306 = ORIENTED_EDGE('',*,*,#4307,.F.);
#4307 = EDGE_CURVE('',#4308,#4300,#4310,.T.);
#4308 = VERTEX_POINT('',#4309);
#4309 = CARTESIAN_POINT('',(-3.5,-24.1534192182,10.));
#4310 = CIRCLE('',#4311,40.);
#4311 = AXIS2_PLACEMENT_3D('',#4312,#4313,#4314);
#4312 = CARTESIAN_POINT('',(0.,-64.,10.));
#4313 = DIRECTION('',(0.,0.,1.));
#4314 = DIRECTION('',(1.,0.,0.));
#4315 = ORIENTED_EDGE('',*,*,#4316,.F.);
#4316 = EDGE_CURVE('',#4317,#4308,#4319,.T.);
#4317 = VERTEX_POINT('',#4318);
#4318 = CARTESIAN_POINT('',(-3.5,-49.41404785418,10.));
#4319 = LINE('',#4320,#4321);
#4320 = CARTESIAN_POINT('',(-3.5,-64.,10.));
#4321 = VECTOR('',#4322,1.);
#4322 = DIRECTION('',(1.110223024625E-16,1.,-0.));
#4323 = ORIENTED_EDGE('',*,*,#4324,.F.);
#4324 = EDGE_CURVE('',#4110,#4317,#4325,.T.);
#4325 = CIRCLE('',#4326,15.);
#4326 = AXIS2_PLACEMENT_3D('',#4327,#4328,#4329);
#4327 = CARTESIAN_POINT('',(0.,-64.,10.));
#4328 = DIRECTION('',(0.,0.,1.));
#4329 = DIRECTION('',(1.,0.,-0.));
#4330 = PLANE('',#4331);
#4331 = AXIS2_PLACEMENT_3D('',#4332,#4333,#4334);
#4332 = CARTESIAN_POINT('',(3.137295455451E-02,-76.47217956914,10.));
#4333 = DIRECTION('',(0.,0.,1.));
#4334 = DIRECTION('',(1.,0.,-0.));
#4335 = ADVANCED_FACE('',(#4336),#4377,.F.);
#4336 = FACE_BOUND('',#4337,.F.);
#4337 = EDGE_LOOP('',(#4338,#4348,#4356,#4364,#4370,#4371));
#4338 = ORIENTED_EDGE('',*,*,#4339,.F.);
#4339 = EDGE_CURVE('',#4340,#4342,#4344,.T.);
#4340 = VERTEX_POINT('',#4341);
#4341 = CARTESIAN_POINT('',(3.500000000001,-49.92875272053,4.));
#4342 = VERTEX_POINT('',#4343);
#4343 = CARTESIAN_POINT('',(3.499999999999,-24.1534192182,4.));
#4344 = LINE('',#4345,#4346);
#4345 = CARTESIAN_POINT('',(3.5,-64.,4.));
#4346 = VECTOR('',#4347,1.);
#4347 = DIRECTION('',(1.110223024625E-16,1.,0.));
#4348 = ORIENTED_EDGE('',*,*,#4349,.T.);
#4349 = EDGE_CURVE('',#4340,#4350,#4352,.T.);
#4350 = VERTEX_POINT('',#4351);
#4351 = CARTESIAN_POINT('',(3.5,-49.92875272053,14.));
#4352 = LINE('',#4353,#4354);
#4353 = CARTESIAN_POINT('',(3.5,-49.92875272053,4.));
#4354 = VECTOR('',#4355,1.);
#4355 = DIRECTION('',(0.,0.,1.));
#4356 = ORIENTED_EDGE('',*,*,#4357,.T.);
#4357 = EDGE_CURVE('',#4350,#4358,#4360,.T.);
#4358 = VERTEX_POINT('',#4359);
#4359 = CARTESIAN_POINT('',(3.5,-49.41404785418,14.));
#4360 = LINE('',#4361,#4362);
#4361 = CARTESIAN_POINT('',(3.5,-64.,14.));
#4362 = VECTOR('',#4363,1.);
#4363 = DIRECTION('',(1.110223024625E-16,1.,0.));
#4364 = ORIENTED_EDGE('',*,*,#4365,.F.);
#4365 = EDGE_CURVE('',#4110,#4358,#4366,.T.);
#4366 = LINE('',#4367,#4368);
#4367 = CARTESIAN_POINT('',(3.5,-49.41404785418,9.));
#4368 = VECTOR('',#4369,1.);
#4369 = DIRECTION('',(0.,0.,1.));
#4370 = ORIENTED_EDGE('',*,*,#4109,.T.);
#4371 = ORIENTED_EDGE('',*,*,#4372,.F.);
#4372 = EDGE_CURVE('',#4342,#4112,#4373,.T.);
#4373 = LINE('',#4374,#4375);
#4374 = CARTESIAN_POINT('',(3.5,-24.1534192182,3.5));
#4375 = VECTOR('',#4376,1.);
#4376 = DIRECTION('',(0.,0.,1.));
#4377 = PLANE('',#4378);
#4378 = AXIS2_PLACEMENT_3D('',#4379,#4380,#4381);
#4379 = CARTESIAN_POINT('',(3.5,-64.,4.));
#4380 = DIRECTION('',(-1.,1.110223024625E-16,0.));
#4381 = DIRECTION('',(0.,0.,1.));
#4382 = ADVANCED_FACE('',(#4383),#4402,.T.);
#4383 = FACE_BOUND('',#4384,.T.);
#4384 = EDGE_LOOP('',(#4385,#4386,#4387,#4395));
#4385 = ORIENTED_EDGE('',*,*,#4365,.F.);
#4386 = ORIENTED_EDGE('',*,*,#4324,.T.);
#4387 = ORIENTED_EDGE('',*,*,#4388,.T.);
#4388 = EDGE_CURVE('',#4317,#4389,#4391,.T.);
#4389 = VERTEX_POINT('',#4390);
#4390 = CARTESIAN_POINT('',(-3.5,-49.41404785418,14.));
#4391 = LINE('',#4392,#4393);
#4392 = CARTESIAN_POINT('',(-3.5,-49.41404785418,9.));
#4393 = VECTOR('',#4394,1.);
#4394 = DIRECTION('',(0.,0.,1.));
#4395 = ORIENTED_EDGE('',*,*,#4396,.F.);
#4396 = EDGE_CURVE('',#4358,#4389,#4397,.T.);
#4397 = CIRCLE('',#4398,15.);
#4398 = AXIS2_PLACEMENT_3D('',#4399,#4400,#4401);
#4399 = CARTESIAN_POINT('',(0.,-64.,14.));
#4400 = DIRECTION('',(0.,0.,1.));
#4401 = DIRECTION('',(1.,0.,-0.));
#4402 = CYLINDRICAL_SURFACE('',#4403,15.);
#4403 = AXIS2_PLACEMENT_3D('',#4404,#4405,#4406);
#4404 = CARTESIAN_POINT('',(0.,-64.,9.));
#4405 = DIRECTION('',(0.,0.,1.));
#4406 = DIRECTION('',(1.,0.,-0.));
#4407 = ADVANCED_FACE('',(#4408),#4442,.T.);
#4408 = FACE_BOUND('',#4409,.T.);
#4409 = EDGE_LOOP('',(#4410,#4420,#4428,#4434,#4435,#4436));
#4410 = ORIENTED_EDGE('',*,*,#4411,.F.);
#4411 = EDGE_CURVE('',#4412,#4414,#4416,.T.);
#4412 = VERTEX_POINT('',#4413);
#4413 = CARTESIAN_POINT('',(-3.5,-49.92875272053,4.));
#4414 = VERTEX_POINT('',#4415);
#4415 = CARTESIAN_POINT('',(-3.5,-24.1534192182,4.));
#4416 = LINE('',#4417,#4418);
#4417 = CARTESIAN_POINT('',(-3.5,-64.,4.));
#4418 = VECTOR('',#4419,1.);
#4419 = DIRECTION('',(1.110223024625E-16,1.,0.));
#4420 = ORIENTED_EDGE('',*,*,#4421,.T.);
#4421 = EDGE_CURVE('',#4412,#4422,#4424,.T.);
#4422 = VERTEX_POINT('',#4423);
#4423 = CARTESIAN_POINT('',(-3.5,-49.92875272053,14.));
#4424 = LINE('',#4425,#4426);
#4425 = CARTESIAN_POINT('',(-3.5,-49.92875272053,4.));
#4426 = VECTOR('',#4427,1.);
#4427 = DIRECTION('',(0.,0.,1.));
#4428 = ORIENTED_EDGE('',*,*,#4429,.T.);
#4429 = EDGE_CURVE('',#4422,#4389,#4430,.T.);
#4430 = LINE('',#4431,#4432);
#4431 = CARTESIAN_POINT('',(-3.5,-64.,14.));
#4432 = VECTOR('',#4433,1.);
#4433 = DIRECTION('',(1.110223024625E-16,1.,0.));
#4434 = ORIENTED_EDGE('',*,*,#4388,.F.);
#4435 = ORIENTED_EDGE('',*,*,#4316,.T.);
#4436 = ORIENTED_EDGE('',*,*,#4437,.F.);
#4437 = EDGE_CURVE('',#4414,#4308,#4438,.T.);
#4438 = LINE('',#4439,#4440);
#4439 = CARTESIAN_POINT('',(-3.5,-24.1534192182,3.5));
#4440 = VECTOR('',#4441,1.);
#4441 = DIRECTION('',(0.,0.,1.));
#4442 = PLANE('',#4443);
#4443 = AXIS2_PLACEMENT_3D('',#4444,#4445,#4446);
#4444 = CARTESIAN_POINT('',(-3.5,-64.,4.));
#4445 = DIRECTION('',(-1.,1.110223024625E-16,0.));
#4446 = DIRECTION('',(0.,0.,1.));
#4447 = ADVANCED_FACE('',(#4448),#4467,.F.);
#4448 = FACE_BOUND('',#4449,.F.);
#4449 = EDGE_LOOP('',(#4450,#4451,#4459,#4466));
#4450 = ORIENTED_EDGE('',*,*,#4119,.F.);
#4451 = ORIENTED_EDGE('',*,*,#4452,.F.);
#4452 = EDGE_CURVE('',#4453,#4120,#4455,.T.);
#4453 = VERTEX_POINT('',#4454);
#4454 = CARTESIAN_POINT('',(20.606054769912,-29.71603134379,4.));
#4455 = LINE('',#4456,#4457);
#4456 = CARTESIAN_POINT('',(20.606054769912,-29.71603134379,3.5));
#4457 = VECTOR('',#4458,1.);
#4458 = DIRECTION('',(0.,0.,1.));
#4459 = ORIENTED_EDGE('',*,*,#4460,.T.);
#4460 = EDGE_CURVE('',#4453,#4342,#4461,.T.);
#4461 = CIRCLE('',#4462,40.);
#4462 = AXIS2_PLACEMENT_3D('',#4463,#4464,#4465);
#4463 = CARTESIAN_POINT('',(0.,-64.,4.));
#4464 = DIRECTION('',(0.,0.,1.));
#4465 = DIRECTION('',(1.,0.,0.));
#4466 = ORIENTED_EDGE('',*,*,#4372,.T.);
#4467 = CYLINDRICAL_SURFACE('',#4468,40.);
#4468 = AXIS2_PLACEMENT_3D('',#4469,#4470,#4471);
#4469 = CARTESIAN_POINT('',(0.,-64.,3.5));
#4470 = DIRECTION('',(0.,0.,1.));
#4471 = DIRECTION('',(1.,0.,0.));
#4472 = ADVANCED_FACE('',(#4473),#4507,.T.);
#4473 = FACE_BOUND('',#4474,.T.);
#4474 = EDGE_LOOP('',(#4475,#4483,#4491,#4499,#4505,#4506));
#4475 = ORIENTED_EDGE('',*,*,#4476,.F.);
#4476 = EDGE_CURVE('',#4477,#4453,#4479,.T.);
#4477 = VERTEX_POINT('',#4478);
#4478 = CARTESIAN_POINT('',(5.44573310571,-50.56147363207,4.));
#4479 = LINE('',#4480,#4481);
#4480 = CARTESIAN_POINT('',(-2.830576295061,-61.94139905813,4.));
#4481 = VECTOR('',#4482,1.);
#4482 = DIRECTION('',(0.588171697675,0.808736084303,0.));
#4483 = ORIENTED_EDGE('',*,*,#4484,.T.);
#4484 = EDGE_CURVE('',#4477,#4485,#4487,.T.);
#4485 = VERTEX_POINT('',#4486);
#4486 = CARTESIAN_POINT('',(5.44573310571,-50.56147363207,14.));
#4487 = LINE('',#4488,#4489);
#4488 = CARTESIAN_POINT('',(5.44573310571,-50.56147363207,4.));
#4489 = VECTOR('',#4490,1.);
#4490 = DIRECTION('',(0.,0.,1.));
#4491 = ORIENTED_EDGE('',*,*,#4492,.T.);
#4492 = EDGE_CURVE('',#4485,#4493,#4495,.T.);
#4493 = VERTEX_POINT('',#4494);
#4494 = CARTESIAN_POINT('',(5.748467940747,-50.14521323389,14.));
#4495 = LINE('',#4496,#4497);
#4496 = CARTESIAN_POINT('',(-2.830576295061,-61.94139905813,14.));
#4497 = VECTOR('',#4498,1.);
#4498 = DIRECTION('',(0.588171697675,0.808736084303,0.));
#4499 = ORIENTED_EDGE('',*,*,#4500,.F.);
#4500 = EDGE_CURVE('',#4129,#4493,#4501,.T.);
#4501 = LINE('',#4502,#4503);
#4502 = CARTESIAN_POINT('',(5.748467940747,-50.14521323389,9.));
#4503 = VECTOR('',#4504,1.);
#4504 = DIRECTION('',(0.,0.,1.));
#4505 = ORIENTED_EDGE('',*,*,#4128,.T.);
#4506 = ORIENTED_EDGE('',*,*,#4452,.F.);
#4507 = PLANE('',#4508);
#4508 = AXIS2_PLACEMENT_3D('',#4509,#4510,#4511);
#4509 = CARTESIAN_POINT('',(-2.830576295061,-61.94139905813,4.));
#4510 = DIRECTION('',(-0.808736084303,0.588171697675,0.));
#4511 = DIRECTION('',(0.,0.,1.));
#4512 = ADVANCED_FACE('',(#4513),#4554,.F.);
#4513 = FACE_BOUND('',#4514,.F.);
#4514 = EDGE_LOOP('',(#4515,#4525,#4533,#4541,#4547,#4548));
#4515 = ORIENTED_EDGE('',*,*,#4516,.F.);
#4516 = EDGE_CURVE('',#4517,#4519,#4521,.T.);
#4517 = VERTEX_POINT('',#4518);
#4518 = CARTESIAN_POINT('',(11.106885695832,-54.6786755158,4.));
#4519 = VERTEX_POINT('',#4520);
#4520 = CARTESIAN_POINT('',(26.267207360035,-33.83323322752,4.));
#4521 = LINE('',#4522,#4523);
#4522 = CARTESIAN_POINT('',(2.830576295061,-66.05860094186,4.));
#4523 = VECTOR('',#4524,1.);
#4524 = DIRECTION('',(0.588171697675,0.808736084303,0.));
#4525 = ORIENTED_EDGE('',*,*,#4526,.T.);
#4526 = EDGE_CURVE('',#4517,#4527,#4529,.T.);
#4527 = VERTEX_POINT('',#4528);
#4528 = CARTESIAN_POINT('',(11.106885695833,-54.6786755158,14.));
#4529 = LINE('',#4530,#4531);
#4530 = CARTESIAN_POINT('',(11.106885695833,-54.6786755158,4.));
#4531 = VECTOR('',#4532,1.);
#4532 = DIRECTION('',(0.,0.,1.));
#4533 = ORIENTED_EDGE('',*,*,#4534,.T.);
#4534 = EDGE_CURVE('',#4527,#4535,#4537,.T.);
#4535 = VERTEX_POINT('',#4536);
#4536 = CARTESIAN_POINT('',(11.409620530872,-54.26241511762,14.));
#4537 = LINE('',#4538,#4539);
#4538 = CARTESIAN_POINT('',(2.830576295061,-66.05860094186,14.));
#4539 = VECTOR('',#4540,1.);
#4540 = DIRECTION('',(0.588171697675,0.808736084303,0.));
#4541 = ORIENTED_EDGE('',*,*,#4542,.F.);
#4542 = EDGE_CURVE('',#4137,#4535,#4543,.T.);
#4543 = LINE('',#4544,#4545);
#4544 = CARTESIAN_POINT('',(11.409620530872,-54.26241511762,9.));
#4545 = VECTOR('',#4546,1.);
#4546 = DIRECTION('',(0.,0.,1.));
#4547 = ORIENTED_EDGE('',*,*,#4145,.T.);
#4548 = ORIENTED_EDGE('',*,*,#4549,.F.);
#4549 = EDGE_CURVE('',#4519,#4146,#4550,.T.);
#4550 = LINE('',#4551,#4552);
#4551 = CARTESIAN_POINT('',(26.267207360035,-33.83323322752,3.5));
#4552 = VECTOR('',#4553,1.);
#4553 = DIRECTION('',(0.,0.,1.));
#4554 = PLANE('',#4555);
#4555 = AXIS2_PLACEMENT_3D('',#4556,#4557,#4558);
#4556 = CARTESIAN_POINT('',(2.830576295061,-66.05860094186,4.));
#4557 = DIRECTION('',(-0.808736084303,0.588171697675,0.));
#4558 = DIRECTION('',(0.,0.,1.));
#4559 = ADVANCED_FACE('',(#4560),#4572,.T.);
#4560 = FACE_BOUND('',#4561,.T.);
#4561 = EDGE_LOOP('',(#4562,#4563,#4564,#4565));
#4562 = ORIENTED_EDGE('',*,*,#4542,.F.);
#4563 = ORIENTED_EDGE('',*,*,#4136,.T.);
#4564 = ORIENTED_EDGE('',*,*,#4500,.T.);
#4565 = ORIENTED_EDGE('',*,*,#4566,.F.);
#4566 = EDGE_CURVE('',#4535,#4493,#4567,.T.);
#4567 = CIRCLE('',#4568,15.);
#4568 = AXIS2_PLACEMENT_3D('',#4569,#4570,#4571);
#4569 = CARTESIAN_POINT('',(0.,-64.,14.));
#4570 = DIRECTION('',(0.,0.,1.));
#4571 = DIRECTION('',(1.,0.,-0.));
#4572 = CYLINDRICAL_SURFACE('',#4573,15.);
#4573 = AXIS2_PLACEMENT_3D('',#4574,#4575,#4576);
#4574 = CARTESIAN_POINT('',(0.,-64.,9.));
#4575 = DIRECTION('',(0.,0.,1.));
#4576 = DIRECTION('',(1.,0.,-0.));
#4577 = ADVANCED_FACE('',(#4578),#4590,.T.);
#4578 = FACE_BOUND('',#4579,.T.);
#4579 = EDGE_LOOP('',(#4580,#4587,#4588,#4589));
#4580 = ORIENTED_EDGE('',*,*,#4581,.F.);
#4581 = EDGE_CURVE('',#4477,#4340,#4582,.T.);
#4582 = CIRCLE('',#4583,14.5);
#4583 = AXIS2_PLACEMENT_3D('',#4584,#4585,#4586);
#4584 = CARTESIAN_POINT('',(0.,-64.,4.));
#4585 = DIRECTION('',(0.,0.,1.));
#4586 = DIRECTION('',(1.,0.,0.));
#4587 = ORIENTED_EDGE('',*,*,#4476,.T.);
#4588 = ORIENTED_EDGE('',*,*,#4460,.T.);
#4589 = ORIENTED_EDGE('',*,*,#4339,.F.);
#4590 = PLANE('',#4591);
#4591 = AXIS2_PLACEMENT_3D('',#4592,#4593,#4594);
#4592 = CARTESIAN_POINT('',(-140.,-147.5,4.));
#4593 = DIRECTION('',(0.,0.,1.));
#4594 = DIRECTION('',(1.,0.,0.));
#4595 = ADVANCED_FACE('',(#4596),#4608,.T.);
#4596 = FACE_BOUND('',#4597,.T.);
#4597 = EDGE_LOOP('',(#4598,#4599,#4600,#4607));
#4598 = ORIENTED_EDGE('',*,*,#4396,.T.);
#4599 = ORIENTED_EDGE('',*,*,#4429,.F.);
#4600 = ORIENTED_EDGE('',*,*,#4601,.F.);
#4601 = EDGE_CURVE('',#4350,#4422,#4602,.T.);
#4602 = CIRCLE('',#4603,14.5);
#4603 = AXIS2_PLACEMENT_3D('',#4604,#4605,#4606);
#4604 = CARTESIAN_POINT('',(0.,-64.,14.));
#4605 = DIRECTION('',(0.,0.,1.));
#4606 = DIRECTION('',(1.,0.,0.));
#4607 = ORIENTED_EDGE('',*,*,#4357,.T.);
#4608 = PLANE('',#4609);
#4609 = AXIS2_PLACEMENT_3D('',#4610,#4611,#4612);
#4610 = CARTESIAN_POINT('',(3.809722833574E-15,102.93648731995,14.));
#4611 = DIRECTION('',(0.,0.,1.));
#4612 = DIRECTION('',(1.,0.,0.));
#4613 = ADVANCED_FACE('',(#4614),#4797,.T.);
#4614 = FACE_BOUND('',#4615,.T.);
#4615 = EDGE_LOOP('',(#4616,#4626,#4635,#4643,#4652,#4660,#4667,#4668,
    #4677,#4685,#4692,#4693,#4700,#4701,#4702,#4703,#4704,#4705,#4714,
    #4722,#4731,#4739,#4748,#4756,#4765,#4773,#4782,#4790));
#4616 = ORIENTED_EDGE('',*,*,#4617,.F.);
#4617 = EDGE_CURVE('',#4618,#4620,#4622,.T.);
#4618 = VERTEX_POINT('',#4619);
#4619 = CARTESIAN_POINT('',(3.5,-78.07124727947,4.));
#4620 = VERTEX_POINT('',#4621);
#4621 = CARTESIAN_POINT('',(3.5,-78.07124727947,14.));
#4622 = LINE('',#4623,#4624);
#4623 = CARTESIAN_POINT('',(3.5,-78.07124727947,4.));
#4624 = VECTOR('',#4625,1.);
#4625 = DIRECTION('',(0.,0.,1.));
#4626 = ORIENTED_EDGE('',*,*,#4627,.T.);
#4627 = EDGE_CURVE('',#4618,#4628,#4630,.T.);
#4628 = VERTEX_POINT('',#4629);
#4629 = CARTESIAN_POINT('',(12.915308603666,-70.59126722808,4.));
#4630 = CIRCLE('',#4631,14.5);
#4631 = AXIS2_PLACEMENT_3D('',#4632,#4633,#4634);
#4632 = CARTESIAN_POINT('',(0.,-64.,4.));
#4633 = DIRECTION('',(0.,0.,1.));
#4634 = DIRECTION('',(1.,0.,0.));
#4635 = ORIENTED_EDGE('',*,*,#4636,.T.);
#4636 = EDGE_CURVE('',#4628,#4637,#4639,.T.);
#4637 = VERTEX_POINT('',#4638);
#4638 = CARTESIAN_POINT('',(12.915308603666,-70.59126722808,14.));
#4639 = LINE('',#4640,#4641);
#4640 = CARTESIAN_POINT('',(12.915308603666,-70.59126722808,4.));
#4641 = VECTOR('',#4642,1.);
#4642 = DIRECTION('',(0.,0.,1.));
#4643 = ORIENTED_EDGE('',*,*,#4644,.T.);
#4644 = EDGE_CURVE('',#4637,#4645,#4647,.T.);
#4645 = VERTEX_POINT('',#4646);
#4646 = CARTESIAN_POINT('',(14.5,-64.,14.));
#4647 = CIRCLE('',#4648,14.5);
#4648 = AXIS2_PLACEMENT_3D('',#4649,#4650,#4651);
#4649 = CARTESIAN_POINT('',(0.,-64.,14.));
#4650 = DIRECTION('',(0.,0.,1.));
#4651 = DIRECTION('',(1.,0.,0.));
#4652 = ORIENTED_EDGE('',*,*,#4653,.T.);
#4653 = EDGE_CURVE('',#4645,#4654,#4656,.T.);
#4654 = VERTEX_POINT('',#4655);
#4655 = CARTESIAN_POINT('',(14.5,-64.,19.));
#4656 = LINE('',#4657,#4658);
#4657 = CARTESIAN_POINT('',(14.5,-64.,4.));
#4658 = VECTOR('',#4659,1.);
#4659 = DIRECTION('',(0.,0.,1.));
#4660 = ORIENTED_EDGE('',*,*,#4661,.F.);
#4661 = EDGE_CURVE('',#4654,#4654,#4662,.T.);
#4662 = CIRCLE('',#4663,14.5);
#4663 = AXIS2_PLACEMENT_3D('',#4664,#4665,#4666);
#4664 = CARTESIAN_POINT('',(0.,-64.,19.));
#4665 = DIRECTION('',(0.,0.,1.));
#4666 = DIRECTION('',(1.,0.,0.));
#4667 = ORIENTED_EDGE('',*,*,#4653,.F.);
#4668 = ORIENTED_EDGE('',*,*,#4669,.T.);
#4669 = EDGE_CURVE('',#4645,#4670,#4672,.T.);
#4670 = VERTEX_POINT('',#4671);
#4671 = CARTESIAN_POINT('',(14.498216554062,-63.77258682638,14.));
#4672 = CIRCLE('',#4673,14.5);
#4673 = AXIS2_PLACEMENT_3D('',#4674,#4675,#4676);
#4674 = CARTESIAN_POINT('',(0.,-64.,14.));
#4675 = DIRECTION('',(0.,0.,1.));
#4676 = DIRECTION('',(1.,0.,0.));
#4677 = ORIENTED_EDGE('',*,*,#4678,.F.);
#4678 = EDGE_CURVE('',#4679,#4670,#4681,.T.);
#4679 = VERTEX_POINT('',#4680);
#4680 = CARTESIAN_POINT('',(14.498216554062,-63.77258682638,4.));
#4681 = LINE('',#4682,#4683);
#4682 = CARTESIAN_POINT('',(14.498216554062,-63.77258682638,4.));
#4683 = VECTOR('',#4684,1.);
#4684 = DIRECTION('',(0.,0.,1.));
#4685 = ORIENTED_EDGE('',*,*,#4686,.T.);
#4686 = EDGE_CURVE('',#4679,#4517,#4687,.T.);
#4687 = CIRCLE('',#4688,14.5);
#4688 = AXIS2_PLACEMENT_3D('',#4689,#4690,#4691);
#4689 = CARTESIAN_POINT('',(0.,-64.,4.));
#4690 = DIRECTION('',(0.,0.,1.));
#4691 = DIRECTION('',(1.,0.,0.));
#4692 = ORIENTED_EDGE('',*,*,#4526,.T.);
#4693 = ORIENTED_EDGE('',*,*,#4694,.T.);
#4694 = EDGE_CURVE('',#4527,#4485,#4695,.T.);
#4695 = CIRCLE('',#4696,14.5);
#4696 = AXIS2_PLACEMENT_3D('',#4697,#4698,#4699);
#4697 = CARTESIAN_POINT('',(0.,-64.,14.));
#4698 = DIRECTION('',(0.,0.,1.));
#4699 = DIRECTION('',(1.,0.,0.));
#4700 = ORIENTED_EDGE('',*,*,#4484,.F.);
#4701 = ORIENTED_EDGE('',*,*,#4581,.T.);
#4702 = ORIENTED_EDGE('',*,*,#4349,.T.);
#4703 = ORIENTED_EDGE('',*,*,#4601,.T.);
#4704 = ORIENTED_EDGE('',*,*,#4421,.F.);
#4705 = ORIENTED_EDGE('',*,*,#4706,.T.);
#4706 = EDGE_CURVE('',#4412,#4707,#4709,.T.);
#4707 = VERTEX_POINT('',#4708);
#4708 = CARTESIAN_POINT('',(-5.44573310571,-50.56147363207,4.));
#4709 = CIRCLE('',#4710,14.5);
#4710 = AXIS2_PLACEMENT_3D('',#4711,#4712,#4713);
#4711 = CARTESIAN_POINT('',(0.,-64.,4.));
#4712 = DIRECTION('',(0.,0.,1.));
#4713 = DIRECTION('',(1.,0.,0.));
#4714 = ORIENTED_EDGE('',*,*,#4715,.T.);
#4715 = EDGE_CURVE('',#4707,#4716,#4718,.T.);
#4716 = VERTEX_POINT('',#4717);
#4717 = CARTESIAN_POINT('',(-5.44573310571,-50.56147363207,14.));
#4718 = LINE('',#4719,#4720);
#4719 = CARTESIAN_POINT('',(-5.44573310571,-50.56147363207,4.));
#4720 = VECTOR('',#4721,1.);
#4721 = DIRECTION('',(0.,0.,1.));
#4722 = ORIENTED_EDGE('',*,*,#4723,.T.);
#4723 = EDGE_CURVE('',#4716,#4724,#4726,.T.);
#4724 = VERTEX_POINT('',#4725);
#4725 = CARTESIAN_POINT('',(-11.10688569583,-54.6786755158,14.));
#4726 = CIRCLE('',#4727,14.5);
#4727 = AXIS2_PLACEMENT_3D('',#4728,#4729,#4730);
#4728 = CARTESIAN_POINT('',(0.,-64.,14.));
#4729 = DIRECTION('',(0.,0.,1.));
#4730 = DIRECTION('',(1.,0.,0.));
#4731 = ORIENTED_EDGE('',*,*,#4732,.F.);
#4732 = EDGE_CURVE('',#4733,#4724,#4735,.T.);
#4733 = VERTEX_POINT('',#4734);
#4734 = CARTESIAN_POINT('',(-11.10688569583,-54.6786755158,4.));
#4735 = LINE('',#4736,#4737);
#4736 = CARTESIAN_POINT('',(-11.10688569583,-54.6786755158,4.));
#4737 = VECTOR('',#4738,1.);
#4738 = DIRECTION('',(0.,0.,1.));
#4739 = ORIENTED_EDGE('',*,*,#4740,.T.);
#4740 = EDGE_CURVE('',#4733,#4741,#4743,.T.);
#4741 = VERTEX_POINT('',#4742);
#4742 = CARTESIAN_POINT('',(-14.49821655406,-63.77258682638,4.));
#4743 = CIRCLE('',#4744,14.5);
#4744 = AXIS2_PLACEMENT_3D('',#4745,#4746,#4747);
#4745 = CARTESIAN_POINT('',(0.,-64.,4.));
#4746 = DIRECTION('',(0.,0.,1.));
#4747 = DIRECTION('',(1.,0.,0.));
#4748 = ORIENTED_EDGE('',*,*,#4749,.T.);
#4749 = EDGE_CURVE('',#4741,#4750,#4752,.T.);
#4750 = VERTEX_POINT('',#4751);
#4751 = CARTESIAN_POINT('',(-14.49821655406,-63.77258682638,14.));
#4752 = LINE('',#4753,#4754);
#4753 = CARTESIAN_POINT('',(-14.49821655406,-63.77258682638,4.));
#4754 = VECTOR('',#4755,1.);
#4755 = DIRECTION('',(0.,0.,1.));
#4756 = ORIENTED_EDGE('',*,*,#4757,.T.);
#4757 = EDGE_CURVE('',#4750,#4758,#4760,.T.);
#4758 = VERTEX_POINT('',#4759);
#4759 = CARTESIAN_POINT('',(-12.91530860366,-70.59126722808,14.));
#4760 = CIRCLE('',#4761,14.5);
#4761 = AXIS2_PLACEMENT_3D('',#4762,#4763,#4764);
#4762 = CARTESIAN_POINT('',(0.,-64.,14.));
#4763 = DIRECTION('',(0.,0.,1.));
#4764 = DIRECTION('',(1.,0.,0.));
#4765 = ORIENTED_EDGE('',*,*,#4766,.F.);
#4766 = EDGE_CURVE('',#4767,#4758,#4769,.T.);
#4767 = VERTEX_POINT('',#4768);
#4768 = CARTESIAN_POINT('',(-12.91530860366,-70.59126722808,4.));
#4769 = LINE('',#4770,#4771);
#4770 = CARTESIAN_POINT('',(-12.91530860366,-70.59126722808,4.));
#4771 = VECTOR('',#4772,1.);
#4772 = DIRECTION('',(0.,0.,1.));
#4773 = ORIENTED_EDGE('',*,*,#4774,.T.);
#4774 = EDGE_CURVE('',#4767,#4775,#4777,.T.);
#4775 = VERTEX_POINT('',#4776);
#4776 = CARTESIAN_POINT('',(-3.5,-78.07124727947,4.));
#4777 = CIRCLE('',#4778,14.5);
#4778 = AXIS2_PLACEMENT_3D('',#4779,#4780,#4781);
#4779 = CARTESIAN_POINT('',(0.,-64.,4.));
#4780 = DIRECTION('',(0.,0.,1.));
#4781 = DIRECTION('',(1.,0.,0.));
#4782 = ORIENTED_EDGE('',*,*,#4783,.T.);
#4783 = EDGE_CURVE('',#4775,#4784,#4786,.T.);
#4784 = VERTEX_POINT('',#4785);
#4785 = CARTESIAN_POINT('',(-3.5,-78.07124727947,14.));
#4786 = LINE('',#4787,#4788);
#4787 = CARTESIAN_POINT('',(-3.5,-78.07124727947,4.));
#4788 = VECTOR('',#4789,1.);
#4789 = DIRECTION('',(0.,0.,1.));
#4790 = ORIENTED_EDGE('',*,*,#4791,.T.);
#4791 = EDGE_CURVE('',#4784,#4620,#4792,.T.);
#4792 = CIRCLE('',#4793,14.5);
#4793 = AXIS2_PLACEMENT_3D('',#4794,#4795,#4796);
#4794 = CARTESIAN_POINT('',(0.,-64.,14.));
#4795 = DIRECTION('',(0.,0.,1.));
#4796 = DIRECTION('',(1.,0.,0.));
#4797 = CYLINDRICAL_SURFACE('',#4798,14.5);
#4798 = AXIS2_PLACEMENT_3D('',#4799,#4800,#4801);
#4799 = CARTESIAN_POINT('',(0.,-64.,4.));
#4800 = DIRECTION('',(0.,0.,1.));
#4801 = DIRECTION('',(1.,0.,0.));
#4802 = ADVANCED_FACE('',(#4803),#4822,.T.);
#4803 = FACE_BOUND('',#4804,.T.);
#4804 = EDGE_LOOP('',(#4805,#4806,#4807,#4816));
#4805 = ORIENTED_EDGE('',*,*,#4706,.F.);
#4806 = ORIENTED_EDGE('',*,*,#4411,.T.);
#4807 = ORIENTED_EDGE('',*,*,#4808,.T.);
#4808 = EDGE_CURVE('',#4414,#4809,#4811,.T.);
#4809 = VERTEX_POINT('',#4810);
#4810 = CARTESIAN_POINT('',(-20.60605476991,-29.71603134379,4.));
#4811 = CIRCLE('',#4812,40.);
#4812 = AXIS2_PLACEMENT_3D('',#4813,#4814,#4815);
#4813 = CARTESIAN_POINT('',(0.,-64.,4.));
#4814 = DIRECTION('',(0.,0.,1.));
#4815 = DIRECTION('',(1.,0.,0.));
#4816 = ORIENTED_EDGE('',*,*,#4817,.F.);
#4817 = EDGE_CURVE('',#4707,#4809,#4818,.T.);
#4818 = LINE('',#4819,#4820);
#4819 = CARTESIAN_POINT('',(2.830576295061,-61.94139905813,4.));
#4820 = VECTOR('',#4821,1.);
#4821 = DIRECTION('',(-0.588171697675,0.808736084303,0.));
#4822 = PLANE('',#4823);
#4823 = AXIS2_PLACEMENT_3D('',#4824,#4825,#4826);
#4824 = CARTESIAN_POINT('',(-140.,-147.5,4.));
#4825 = DIRECTION('',(0.,0.,1.));
#4826 = DIRECTION('',(1.,0.,0.));
#4827 = ADVANCED_FACE('',(#4828),#4839,.F.);
#4828 = FACE_BOUND('',#4829,.F.);
#4829 = EDGE_LOOP('',(#4830,#4831,#4832,#4833));
#4830 = ORIENTED_EDGE('',*,*,#4307,.F.);
#4831 = ORIENTED_EDGE('',*,*,#4437,.F.);
#4832 = ORIENTED_EDGE('',*,*,#4808,.T.);
#4833 = ORIENTED_EDGE('',*,*,#4834,.T.);
#4834 = EDGE_CURVE('',#4809,#4300,#4835,.T.);
#4835 = LINE('',#4836,#4837);
#4836 = CARTESIAN_POINT('',(-20.60605476991,-29.71603134379,3.5));
#4837 = VECTOR('',#4838,1.);
#4838 = DIRECTION('',(0.,0.,1.));
#4839 = CYLINDRICAL_SURFACE('',#4840,40.);
#4840 = AXIS2_PLACEMENT_3D('',#4841,#4842,#4843);
#4841 = CARTESIAN_POINT('',(0.,-64.,3.5));
#4842 = DIRECTION('',(0.,0.,1.));
#4843 = DIRECTION('',(1.,0.,0.));
#4844 = ADVANCED_FACE('',(#4845),#4874,.F.);
#4845 = FACE_BOUND('',#4846,.F.);
#4846 = EDGE_LOOP('',(#4847,#4848,#4849,#4850,#4858,#4867));
#4847 = ORIENTED_EDGE('',*,*,#4549,.T.);
#4848 = ORIENTED_EDGE('',*,*,#4153,.F.);
#4849 = ORIENTED_EDGE('',*,*,#4162,.F.);
#4850 = ORIENTED_EDGE('',*,*,#4851,.F.);
#4851 = EDGE_CURVE('',#4852,#4163,#4854,.T.);
#4852 = VERTEX_POINT('',#4853);
#4853 = CARTESIAN_POINT('',(39.605896754013,-69.60115544422,4.));
#4854 = LINE('',#4855,#4856);
#4855 = CARTESIAN_POINT('',(39.605896754013,-69.60115544423,3.5));
#4856 = VECTOR('',#4857,1.);
#4857 = DIRECTION('',(0.,0.,1.));
#4858 = ORIENTED_EDGE('',*,*,#4859,.T.);
#4859 = EDGE_CURVE('',#4852,#4860,#4862,.T.);
#4860 = VERTEX_POINT('',#4861);
#4861 = CARTESIAN_POINT('',(40.,-64.,4.));
#4862 = CIRCLE('',#4863,40.);
#4863 = AXIS2_PLACEMENT_3D('',#4864,#4865,#4866);
#4864 = CARTESIAN_POINT('',(0.,-64.,4.));
#4865 = DIRECTION('',(0.,0.,1.));
#4866 = DIRECTION('',(1.,0.,0.));
#4867 = ORIENTED_EDGE('',*,*,#4868,.T.);
#4868 = EDGE_CURVE('',#4860,#4519,#4869,.T.);
#4869 = CIRCLE('',#4870,40.);
#4870 = AXIS2_PLACEMENT_3D('',#4871,#4872,#4873);
#4871 = CARTESIAN_POINT('',(0.,-64.,4.));
#4872 = DIRECTION('',(0.,0.,1.));
#4873 = DIRECTION('',(1.,0.,0.));
#4874 = CYLINDRICAL_SURFACE('',#4875,40.);
#4875 = AXIS2_PLACEMENT_3D('',#4876,#4877,#4878);
#4876 = CARTESIAN_POINT('',(0.,-64.,3.5));
#4877 = DIRECTION('',(0.,0.,1.));
#4878 = DIRECTION('',(1.,0.,0.));
#4879 = ADVANCED_FACE('',(#4880),#4892,.T.);
#4880 = FACE_BOUND('',#4881,.T.);
#4881 = EDGE_LOOP('',(#4882,#4883,#4889,#4890,#4891));
#4882 = ORIENTED_EDGE('',*,*,#4686,.F.);
#4883 = ORIENTED_EDGE('',*,*,#4884,.T.);
#4884 = EDGE_CURVE('',#4679,#4852,#4885,.T.);
#4885 = LINE('',#4886,#4887);
#4886 = CARTESIAN_POINT('',(0.791453975198,-60.59065979914,4.));
#4887 = VECTOR('',#4888,1.);
#4888 = DIRECTION('',(0.974097200243,-0.226129707199,0.));
#4889 = ORIENTED_EDGE('',*,*,#4859,.T.);
#4890 = ORIENTED_EDGE('',*,*,#4868,.T.);
#4891 = ORIENTED_EDGE('',*,*,#4516,.F.);
#4892 = PLANE('',#4893);
#4893 = AXIS2_PLACEMENT_3D('',#4894,#4895,#4896);
#4894 = CARTESIAN_POINT('',(-140.,-147.5,4.));
#4895 = DIRECTION('',(0.,0.,1.));
#4896 = DIRECTION('',(1.,0.,0.));
#4897 = ADVANCED_FACE('',(#4898),#4904,.T.);
#4898 = FACE_BOUND('',#4899,.T.);
#4899 = EDGE_LOOP('',(#4900,#4901,#4902,#4903));
#4900 = ORIENTED_EDGE('',*,*,#4492,.F.);
#4901 = ORIENTED_EDGE('',*,*,#4694,.F.);
#4902 = ORIENTED_EDGE('',*,*,#4534,.T.);
#4903 = ORIENTED_EDGE('',*,*,#4566,.T.);
#4904 = PLANE('',#4905);
#4905 = AXIS2_PLACEMENT_3D('',#4906,#4907,#4908);
#4906 = CARTESIAN_POINT('',(2.830576295061,-66.05860094186,14.));
#4907 = DIRECTION('',(0.,0.,1.));
#4908 = DIRECTION('',(0.588171697675,0.808736084303,0.));
#4909 = ADVANCED_FACE('',(#4910),#4942,.F.);
#4910 = FACE_BOUND('',#4911,.F.);
#4911 = EDGE_LOOP('',(#4912,#4920,#4921,#4929,#4935,#4936));
#4912 = ORIENTED_EDGE('',*,*,#4913,.F.);
#4913 = EDGE_CURVE('',#4775,#4914,#4916,.T.);
#4914 = VERTEX_POINT('',#4915);
#4915 = CARTESIAN_POINT('',(-3.500000000001,-103.8465807817,4.));
#4916 = LINE('',#4917,#4918);
#4917 = CARTESIAN_POINT('',(-3.5,-64.,4.));
#4918 = VECTOR('',#4919,1.);
#4919 = DIRECTION('',(1.110223024625E-16,-1.,0.));
#4920 = ORIENTED_EDGE('',*,*,#4783,.T.);
#4921 = ORIENTED_EDGE('',*,*,#4922,.T.);
#4922 = EDGE_CURVE('',#4784,#4923,#4925,.T.);
#4923 = VERTEX_POINT('',#4924);
#4924 = CARTESIAN_POINT('',(-3.5,-78.58595214581,14.));
#4925 = LINE('',#4926,#4927);
#4926 = CARTESIAN_POINT('',(-3.5,-64.,14.));
#4927 = VECTOR('',#4928,1.);
#4928 = DIRECTION('',(1.110223024625E-16,-1.,0.));
#4929 = ORIENTED_EDGE('',*,*,#4930,.F.);
#4930 = EDGE_CURVE('',#4223,#4923,#4931,.T.);
#4931 = LINE('',#4932,#4933);
#4932 = CARTESIAN_POINT('',(-3.5,-78.58595214581,9.));
#4933 = VECTOR('',#4934,1.);
#4934 = DIRECTION('',(0.,0.,1.));
#4935 = ORIENTED_EDGE('',*,*,#4231,.T.);
#4936 = ORIENTED_EDGE('',*,*,#4937,.F.);
#4937 = EDGE_CURVE('',#4914,#4232,#4938,.T.);
#4938 = LINE('',#4939,#4940);
#4939 = CARTESIAN_POINT('',(-3.5,-103.8465807817,3.5));
#4940 = VECTOR('',#4941,1.);
#4941 = DIRECTION('',(0.,0.,1.));
#4942 = PLANE('',#4943);
#4943 = AXIS2_PLACEMENT_3D('',#4944,#4945,#4946);
#4944 = CARTESIAN_POINT('',(-3.5,-64.,4.));
#4945 = DIRECTION('',(1.,1.110223024625E-16,0.));
#4946 = DIRECTION('',(0.,0.,1.));
#4947 = ADVANCED_FACE('',(#4948),#4967,.T.);
#4948 = FACE_BOUND('',#4949,.T.);
#4949 = EDGE_LOOP('',(#4950,#4951,#4959,#4966));
#4950 = ORIENTED_EDGE('',*,*,#4222,.T.);
#4951 = ORIENTED_EDGE('',*,*,#4952,.T.);
#4952 = EDGE_CURVE('',#4215,#4953,#4955,.T.);
#4953 = VERTEX_POINT('',#4954);
#4954 = CARTESIAN_POINT('',(3.5,-78.58595214581,14.));
#4955 = LINE('',#4956,#4957);
#4956 = CARTESIAN_POINT('',(3.5,-78.58595214581,9.));
#4957 = VECTOR('',#4958,1.);
#4958 = DIRECTION('',(0.,0.,1.));
#4959 = ORIENTED_EDGE('',*,*,#4960,.F.);
#4960 = EDGE_CURVE('',#4923,#4953,#4961,.T.);
#4961 = CIRCLE('',#4962,15.);
#4962 = AXIS2_PLACEMENT_3D('',#4963,#4964,#4965);
#4963 = CARTESIAN_POINT('',(0.,-64.,14.));
#4964 = DIRECTION('',(0.,0.,1.));
#4965 = DIRECTION('',(1.,0.,-0.));
#4966 = ORIENTED_EDGE('',*,*,#4930,.F.);
#4967 = CYLINDRICAL_SURFACE('',#4968,15.);
#4968 = AXIS2_PLACEMENT_3D('',#4969,#4970,#4971);
#4969 = CARTESIAN_POINT('',(0.,-64.,9.));
#4970 = DIRECTION('',(0.,0.,1.));
#4971 = DIRECTION('',(1.,0.,-0.));
#4972 = ADVANCED_FACE('',(#4973),#4998,.T.);
#4973 = FACE_BOUND('',#4974,.T.);
#4974 = EDGE_LOOP('',(#4975,#4983,#4984,#4990,#4991,#4992));
#4975 = ORIENTED_EDGE('',*,*,#4976,.F.);
#4976 = EDGE_CURVE('',#4618,#4977,#4979,.T.);
#4977 = VERTEX_POINT('',#4978);
#4978 = CARTESIAN_POINT('',(3.5,-103.8465807817,4.));
#4979 = LINE('',#4980,#4981);
#4980 = CARTESIAN_POINT('',(3.5,-64.,4.));
#4981 = VECTOR('',#4982,1.);
#4982 = DIRECTION('',(1.110223024625E-16,-1.,0.));
#4983 = ORIENTED_EDGE('',*,*,#4617,.T.);
#4984 = ORIENTED_EDGE('',*,*,#4985,.T.);
#4985 = EDGE_CURVE('',#4620,#4953,#4986,.T.);
#4986 = LINE('',#4987,#4988);
#4987 = CARTESIAN_POINT('',(3.5,-64.,14.));
#4988 = VECTOR('',#4989,1.);
#4989 = DIRECTION('',(1.110223024625E-16,-1.,0.));
#4990 = ORIENTED_EDGE('',*,*,#4952,.F.);
#4991 = ORIENTED_EDGE('',*,*,#4214,.T.);
#4992 = ORIENTED_EDGE('',*,*,#4993,.F.);
#4993 = EDGE_CURVE('',#4977,#4206,#4994,.T.);
#4994 = LINE('',#4995,#4996);
#4995 = CARTESIAN_POINT('',(3.5,-103.8465807817,3.5));
#4996 = VECTOR('',#4997,1.);
#4997 = DIRECTION('',(0.,0.,1.));
#4998 = PLANE('',#4999);
#4999 = AXIS2_PLACEMENT_3D('',#5000,#5001,#5002);
#5000 = CARTESIAN_POINT('',(3.5,-64.,4.));
#5001 = DIRECTION('',(1.,1.110223024625E-16,0.));
#5002 = DIRECTION('',(0.,0.,1.));
#5003 = ADVANCED_FACE('',(#5004),#5036,.F.);
#5004 = FACE_BOUND('',#5005,.F.);
#5005 = EDGE_LOOP('',(#5006,#5014,#5015,#5023,#5029,#5030));
#5006 = ORIENTED_EDGE('',*,*,#5007,.F.);
#5007 = EDGE_CURVE('',#4628,#5008,#5010,.T.);
#5008 = VERTEX_POINT('',#5009);
#5009 = CARTESIAN_POINT('',(38.022988803618,-76.41983584593,4.));
#5010 = LINE('',#5011,#5012);
#5011 = CARTESIAN_POINT('',(-0.791453975198,-67.40934020085,4.));
#5012 = VECTOR('',#5013,1.);
#5013 = DIRECTION('',(0.974097200243,-0.226129707199,0.));
#5014 = ORIENTED_EDGE('',*,*,#4636,.T.);
#5015 = ORIENTED_EDGE('',*,*,#5016,.T.);
#5016 = EDGE_CURVE('',#4637,#5017,#5019,.T.);
#5017 = VERTEX_POINT('',#5018);
#5018 = CARTESIAN_POINT('',(13.416681172926,-70.7076572888,14.));
#5019 = LINE('',#5020,#5021);
#5020 = CARTESIAN_POINT('',(-0.791453975198,-67.40934020085,14.));
#5021 = VECTOR('',#5022,1.);
#5022 = DIRECTION('',(0.974097200243,-0.226129707199,0.));
#5023 = ORIENTED_EDGE('',*,*,#5024,.F.);
#5024 = EDGE_CURVE('',#4189,#5017,#5025,.T.);
#5025 = LINE('',#5026,#5027);
#5026 = CARTESIAN_POINT('',(13.416681172926,-70.7076572888,9.));
#5027 = VECTOR('',#5028,1.);
#5028 = DIRECTION('',(0.,0.,1.));
#5029 = ORIENTED_EDGE('',*,*,#4197,.T.);
#5030 = ORIENTED_EDGE('',*,*,#5031,.F.);
#5031 = EDGE_CURVE('',#5008,#4198,#5032,.T.);
#5032 = LINE('',#5033,#5034);
#5033 = CARTESIAN_POINT('',(38.022988803618,-76.41983584593,3.5));
#5034 = VECTOR('',#5035,1.);
#5035 = DIRECTION('',(0.,0.,1.));
#5036 = PLANE('',#5037);
#5037 = AXIS2_PLACEMENT_3D('',#5038,#5039,#5040);
#5038 = CARTESIAN_POINT('',(-0.791453975198,-67.40934020085,4.));
#5039 = DIRECTION('',(0.226129707199,0.974097200243,0.));
#5040 = DIRECTION('',(0.,0.,1.));
#5041 = ADVANCED_FACE('',(#5042),#5062,.T.);
#5042 = FACE_BOUND('',#5043,.T.);
#5043 = EDGE_LOOP('',(#5044,#5045,#5046,#5054,#5060,#5061));
#5044 = ORIENTED_EDGE('',*,*,#4884,.F.);
#5045 = ORIENTED_EDGE('',*,*,#4678,.T.);
#5046 = ORIENTED_EDGE('',*,*,#5047,.T.);
#5047 = EDGE_CURVE('',#4670,#5048,#5050,.T.);
#5048 = VERTEX_POINT('',#5049);
#5049 = CARTESIAN_POINT('',(14.999589123319,-63.88897688709,14.));
#5050 = LINE('',#5051,#5052);
#5051 = CARTESIAN_POINT('',(0.791453975198,-60.59065979914,14.));
#5052 = VECTOR('',#5053,1.);
#5053 = DIRECTION('',(0.974097200243,-0.226129707199,0.));
#5054 = ORIENTED_EDGE('',*,*,#5055,.F.);
#5055 = EDGE_CURVE('',#4172,#5048,#5056,.T.);
#5056 = LINE('',#5057,#5058);
#5057 = CARTESIAN_POINT('',(14.999589123319,-63.88897688709,9.));
#5058 = VECTOR('',#5059,1.);
#5059 = DIRECTION('',(0.,0.,1.));
#5060 = ORIENTED_EDGE('',*,*,#4171,.T.);
#5061 = ORIENTED_EDGE('',*,*,#4851,.F.);
#5062 = PLANE('',#5063);
#5063 = AXIS2_PLACEMENT_3D('',#5064,#5065,#5066);
#5064 = CARTESIAN_POINT('',(0.791453975198,-60.59065979914,4.));
#5065 = DIRECTION('',(0.226129707199,0.974097200243,0.));
#5066 = DIRECTION('',(0.,0.,1.));
#5067 = ADVANCED_FACE('',(#5068),#5080,.T.);
#5068 = FACE_BOUND('',#5069,.T.);
#5069 = EDGE_LOOP('',(#5070,#5071,#5072,#5079));
#5070 = ORIENTED_EDGE('',*,*,#4627,.F.);
#5071 = ORIENTED_EDGE('',*,*,#4976,.T.);
#5072 = ORIENTED_EDGE('',*,*,#5073,.T.);
#5073 = EDGE_CURVE('',#4977,#5008,#5074,.T.);
#5074 = CIRCLE('',#5075,40.);
#5075 = AXIS2_PLACEMENT_3D('',#5076,#5077,#5078);
#5076 = CARTESIAN_POINT('',(0.,-64.,4.));
#5077 = DIRECTION('',(0.,0.,1.));
#5078 = DIRECTION('',(1.,0.,0.));
#5079 = ORIENTED_EDGE('',*,*,#5007,.F.);
#5080 = PLANE('',#5081);
#5081 = AXIS2_PLACEMENT_3D('',#5082,#5083,#5084);
#5082 = CARTESIAN_POINT('',(-140.,-147.5,4.));
#5083 = DIRECTION('',(0.,0.,1.));
#5084 = DIRECTION('',(1.,0.,0.));
#5085 = ADVANCED_FACE('',(#5086),#5108,.T.);
#5086 = FACE_BOUND('',#5087,.T.);
#5087 = EDGE_LOOP('',(#5088,#5089,#5090,#5091,#5092,#5101));
#5088 = ORIENTED_EDGE('',*,*,#5047,.F.);
#5089 = ORIENTED_EDGE('',*,*,#4669,.F.);
#5090 = ORIENTED_EDGE('',*,*,#4644,.F.);
#5091 = ORIENTED_EDGE('',*,*,#5016,.T.);
#5092 = ORIENTED_EDGE('',*,*,#5093,.T.);
#5093 = EDGE_CURVE('',#5017,#5094,#5096,.T.);
#5094 = VERTEX_POINT('',#5095);
#5095 = CARTESIAN_POINT('',(15.,-64.,14.));
#5096 = CIRCLE('',#5097,15.);
#5097 = AXIS2_PLACEMENT_3D('',#5098,#5099,#5100);
#5098 = CARTESIAN_POINT('',(0.,-64.,14.));
#5099 = DIRECTION('',(0.,0.,1.));
#5100 = DIRECTION('',(1.,0.,-0.));
#5101 = ORIENTED_EDGE('',*,*,#5102,.T.);
#5102 = EDGE_CURVE('',#5094,#5048,#5103,.T.);
#5103 = CIRCLE('',#5104,15.);
#5104 = AXIS2_PLACEMENT_3D('',#5105,#5106,#5107);
#5105 = CARTESIAN_POINT('',(0.,-64.,14.));
#5106 = DIRECTION('',(0.,0.,1.));
#5107 = DIRECTION('',(1.,0.,-0.));
#5108 = PLANE('',#5109);
#5109 = AXIS2_PLACEMENT_3D('',#5110,#5111,#5112);
#5110 = CARTESIAN_POINT('',(-0.791453975198,-67.40934020085,14.));
#5111 = DIRECTION('',(0.,0.,1.));
#5112 = DIRECTION('',(0.974097200243,-0.226129707199,0.));
#5113 = ADVANCED_FACE('',(#5114,#5117),#5128,.T.);
#5114 = FACE_BOUND('',#5115,.T.);
#5115 = EDGE_LOOP('',(#5116));
#5116 = ORIENTED_EDGE('',*,*,#4661,.T.);
#5117 = FACE_BOUND('',#5118,.T.);
#5118 = EDGE_LOOP('',(#5119));
#5119 = ORIENTED_EDGE('',*,*,#5120,.F.);
#5120 = EDGE_CURVE('',#5121,#5121,#5123,.T.);
#5121 = VERTEX_POINT('',#5122);
#5122 = CARTESIAN_POINT('',(12.5,-64.,19.));
#5123 = CIRCLE('',#5124,12.5);
#5124 = AXIS2_PLACEMENT_3D('',#5125,#5126,#5127);
#5125 = CARTESIAN_POINT('',(0.,-64.,19.));
#5126 = DIRECTION('',(0.,0.,1.));
#5127 = DIRECTION('',(1.,0.,0.));
#5128 = PLANE('',#5129);
#5129 = AXIS2_PLACEMENT_3D('',#5130,#5131,#5132);
#5130 = CARTESIAN_POINT('',(0.,-64.,19.));
#5131 = DIRECTION('',(0.,0.,1.));
#5132 = DIRECTION('',(1.,0.,0.));
#5133 = ADVANCED_FACE('',(#5134),#5154,.F.);
#5134 = FACE_BOUND('',#5135,.F.);
#5135 = EDGE_LOOP('',(#5136,#5137,#5138,#5146,#5152,#5153));
#5136 = ORIENTED_EDGE('',*,*,#4817,.F.);
#5137 = ORIENTED_EDGE('',*,*,#4715,.T.);
#5138 = ORIENTED_EDGE('',*,*,#5139,.T.);
#5139 = EDGE_CURVE('',#4716,#5140,#5142,.T.);
#5140 = VERTEX_POINT('',#5141);
#5141 = CARTESIAN_POINT('',(-5.748467940747,-50.14521323389,14.));
#5142 = LINE('',#5143,#5144);
#5143 = CARTESIAN_POINT('',(2.830576295061,-61.94139905813,14.));
#5144 = VECTOR('',#5145,1.);
#5145 = DIRECTION('',(-0.588171697675,0.808736084303,0.));
#5146 = ORIENTED_EDGE('',*,*,#5147,.F.);
#5147 = EDGE_CURVE('',#4291,#5140,#5148,.T.);
#5148 = LINE('',#5149,#5150);
#5149 = CARTESIAN_POINT('',(-5.748467940747,-50.14521323389,9.));
#5150 = VECTOR('',#5151,1.);
#5151 = DIRECTION('',(0.,0.,1.));
#5152 = ORIENTED_EDGE('',*,*,#4299,.T.);
#5153 = ORIENTED_EDGE('',*,*,#4834,.F.);
#5154 = PLANE('',#5155);
#5155 = AXIS2_PLACEMENT_3D('',#5156,#5157,#5158);
#5156 = CARTESIAN_POINT('',(2.830576295061,-61.94139905813,4.));
#5157 = DIRECTION('',(-0.808736084303,-0.588171697675,0.));
#5158 = DIRECTION('',(0.,0.,1.));
#5159 = ADVANCED_FACE('',(#5160),#5179,.T.);
#5160 = FACE_BOUND('',#5161,.T.);
#5161 = EDGE_LOOP('',(#5162,#5170,#5171,#5172));
#5162 = ORIENTED_EDGE('',*,*,#5163,.F.);
#5163 = EDGE_CURVE('',#4724,#5164,#5166,.T.);
#5164 = VERTEX_POINT('',#5165);
#5165 = CARTESIAN_POINT('',(-11.40962053087,-54.26241511762,14.));
#5166 = LINE('',#5167,#5168);
#5167 = CARTESIAN_POINT('',(-2.830576295061,-66.05860094186,14.));
#5168 = VECTOR('',#5169,1.);
#5169 = DIRECTION('',(-0.588171697675,0.808736084303,0.));
#5170 = ORIENTED_EDGE('',*,*,#4723,.F.);
#5171 = ORIENTED_EDGE('',*,*,#5139,.T.);
#5172 = ORIENTED_EDGE('',*,*,#5173,.T.);
#5173 = EDGE_CURVE('',#5140,#5164,#5174,.T.);
#5174 = CIRCLE('',#5175,15.);
#5175 = AXIS2_PLACEMENT_3D('',#5176,#5177,#5178);
#5176 = CARTESIAN_POINT('',(0.,-64.,14.));
#5177 = DIRECTION('',(0.,0.,1.));
#5178 = DIRECTION('',(1.,0.,-0.));
#5179 = PLANE('',#5180);
#5180 = AXIS2_PLACEMENT_3D('',#5181,#5182,#5183);
#5181 = CARTESIAN_POINT('',(2.830576295061,-61.94139905813,14.));
#5182 = DIRECTION('',(0.,0.,1.));
#5183 = DIRECTION('',(-0.588171697675,0.808736084303,0.));
#5184 = ADVANCED_FACE('',(#5185),#5210,.T.);
#5185 = FACE_BOUND('',#5186,.T.);
#5186 = EDGE_LOOP('',(#5187,#5195,#5196,#5197,#5203,#5204));
#5187 = ORIENTED_EDGE('',*,*,#5188,.F.);
#5188 = EDGE_CURVE('',#4733,#5189,#5191,.T.);
#5189 = VERTEX_POINT('',#5190);
#5190 = CARTESIAN_POINT('',(-26.26720736003,-33.83323322752,4.));
#5191 = LINE('',#5192,#5193);
#5192 = CARTESIAN_POINT('',(-2.830576295061,-66.05860094186,4.));
#5193 = VECTOR('',#5194,1.);
#5194 = DIRECTION('',(-0.588171697675,0.808736084303,0.));
#5195 = ORIENTED_EDGE('',*,*,#4732,.T.);
#5196 = ORIENTED_EDGE('',*,*,#5163,.T.);
#5197 = ORIENTED_EDGE('',*,*,#5198,.F.);
#5198 = EDGE_CURVE('',#4283,#5164,#5199,.T.);
#5199 = LINE('',#5200,#5201);
#5200 = CARTESIAN_POINT('',(-11.40962053087,-54.26241511762,9.));
#5201 = VECTOR('',#5202,1.);
#5202 = DIRECTION('',(0.,0.,1.));
#5203 = ORIENTED_EDGE('',*,*,#4282,.T.);
#5204 = ORIENTED_EDGE('',*,*,#5205,.F.);
#5205 = EDGE_CURVE('',#5189,#4274,#5206,.T.);
#5206 = LINE('',#5207,#5208);
#5207 = CARTESIAN_POINT('',(-26.26720736003,-33.83323322752,3.5));
#5208 = VECTOR('',#5209,1.);
#5209 = DIRECTION('',(0.,0.,1.));
#5210 = PLANE('',#5211);
#5211 = AXIS2_PLACEMENT_3D('',#5212,#5213,#5214);
#5212 = CARTESIAN_POINT('',(-2.830576295061,-66.05860094186,4.));
#5213 = DIRECTION('',(-0.808736084303,-0.588171697675,0.));
#5214 = DIRECTION('',(0.,0.,1.));
#5215 = ADVANCED_FACE('',(#5216),#5235,.T.);
#5216 = FACE_BOUND('',#5217,.T.);
#5217 = EDGE_LOOP('',(#5218,#5219,#5220,#5229));
#5218 = ORIENTED_EDGE('',*,*,#4740,.F.);
#5219 = ORIENTED_EDGE('',*,*,#5188,.T.);
#5220 = ORIENTED_EDGE('',*,*,#5221,.T.);
#5221 = EDGE_CURVE('',#5189,#5222,#5224,.T.);
#5222 = VERTEX_POINT('',#5223);
#5223 = CARTESIAN_POINT('',(-39.60589675401,-69.60115544422,4.));
#5224 = CIRCLE('',#5225,40.);
#5225 = AXIS2_PLACEMENT_3D('',#5226,#5227,#5228);
#5226 = CARTESIAN_POINT('',(0.,-64.,4.));
#5227 = DIRECTION('',(0.,0.,1.));
#5228 = DIRECTION('',(1.,0.,0.));
#5229 = ORIENTED_EDGE('',*,*,#5230,.F.);
#5230 = EDGE_CURVE('',#4741,#5222,#5231,.T.);
#5231 = LINE('',#5232,#5233);
#5232 = CARTESIAN_POINT('',(-0.791453975198,-60.59065979914,4.));
#5233 = VECTOR('',#5234,1.);
#5234 = DIRECTION('',(-0.974097200243,-0.226129707199,0.));
#5235 = PLANE('',#5236);
#5236 = AXIS2_PLACEMENT_3D('',#5237,#5238,#5239);
#5237 = CARTESIAN_POINT('',(-140.,-147.5,4.));
#5238 = DIRECTION('',(0.,0.,1.));
#5239 = DIRECTION('',(1.,0.,0.));
#5240 = ADVANCED_FACE('',(#5241),#5266,.F.);
#5241 = FACE_BOUND('',#5242,.F.);
#5242 = EDGE_LOOP('',(#5243,#5244,#5245,#5253,#5259,#5260));
#5243 = ORIENTED_EDGE('',*,*,#5230,.F.);
#5244 = ORIENTED_EDGE('',*,*,#4749,.T.);
#5245 = ORIENTED_EDGE('',*,*,#5246,.T.);
#5246 = EDGE_CURVE('',#4750,#5247,#5249,.T.);
#5247 = VERTEX_POINT('',#5248);
#5248 = CARTESIAN_POINT('',(-14.99958912331,-63.88897688709,14.));
#5249 = LINE('',#5250,#5251);
#5250 = CARTESIAN_POINT('',(-0.791453975198,-60.59065979914,14.));
#5251 = VECTOR('',#5252,1.);
#5252 = DIRECTION('',(-0.974097200243,-0.226129707199,0.));
#5253 = ORIENTED_EDGE('',*,*,#5254,.F.);
#5254 = EDGE_CURVE('',#4257,#5247,#5255,.T.);
#5255 = LINE('',#5256,#5257);
#5256 = CARTESIAN_POINT('',(-14.99958912331,-63.88897688709,9.));
#5257 = VECTOR('',#5258,1.);
#5258 = DIRECTION('',(0.,0.,1.));
#5259 = ORIENTED_EDGE('',*,*,#4265,.T.);
#5260 = ORIENTED_EDGE('',*,*,#5261,.F.);
#5261 = EDGE_CURVE('',#5222,#4266,#5262,.T.);
#5262 = LINE('',#5263,#5264);
#5263 = CARTESIAN_POINT('',(-39.60589675401,-69.60115544423,3.5));
#5264 = VECTOR('',#5265,1.);
#5265 = DIRECTION('',(0.,0.,1.));
#5266 = PLANE('',#5267);
#5267 = AXIS2_PLACEMENT_3D('',#5268,#5269,#5270);
#5268 = CARTESIAN_POINT('',(-0.791453975198,-60.59065979914,4.));
#5269 = DIRECTION('',(0.226129707199,-0.974097200243,0.));
#5270 = DIRECTION('',(0.,0.,1.));
#5271 = ADVANCED_FACE('',(#5272),#5291,.T.);
#5272 = FACE_BOUND('',#5273,.T.);
#5273 = EDGE_LOOP('',(#5274,#5282,#5283,#5284));
#5274 = ORIENTED_EDGE('',*,*,#5275,.F.);
#5275 = EDGE_CURVE('',#4758,#5276,#5278,.T.);
#5276 = VERTEX_POINT('',#5277);
#5277 = CARTESIAN_POINT('',(-13.41668117292,-70.7076572888,14.));
#5278 = LINE('',#5279,#5280);
#5279 = CARTESIAN_POINT('',(0.791453975198,-67.40934020085,14.));
#5280 = VECTOR('',#5281,1.);
#5281 = DIRECTION('',(-0.974097200243,-0.226129707199,0.));
#5282 = ORIENTED_EDGE('',*,*,#4757,.F.);
#5283 = ORIENTED_EDGE('',*,*,#5246,.T.);
#5284 = ORIENTED_EDGE('',*,*,#5285,.T.);
#5285 = EDGE_CURVE('',#5247,#5276,#5286,.T.);
#5286 = CIRCLE('',#5287,15.);
#5287 = AXIS2_PLACEMENT_3D('',#5288,#5289,#5290);
#5288 = CARTESIAN_POINT('',(0.,-64.,14.));
#5289 = DIRECTION('',(0.,0.,1.));
#5290 = DIRECTION('',(1.,0.,-0.));
#5291 = PLANE('',#5292);
#5292 = AXIS2_PLACEMENT_3D('',#5293,#5294,#5295);
#5293 = CARTESIAN_POINT('',(-0.791453975198,-60.59065979914,14.));
#5294 = DIRECTION('',(0.,0.,1.));
#5295 = DIRECTION('',(-0.974097200243,-0.226129707199,0.));
#5296 = ADVANCED_FACE('',(#5297),#5322,.T.);
#5297 = FACE_BOUND('',#5298,.T.);
#5298 = EDGE_LOOP('',(#5299,#5307,#5308,#5309,#5315,#5316));
#5299 = ORIENTED_EDGE('',*,*,#5300,.F.);
#5300 = EDGE_CURVE('',#4767,#5301,#5303,.T.);
#5301 = VERTEX_POINT('',#5302);
#5302 = CARTESIAN_POINT('',(-38.02298880361,-76.41983584593,4.));
#5303 = LINE('',#5304,#5305);
#5304 = CARTESIAN_POINT('',(0.791453975198,-67.40934020085,4.));
#5305 = VECTOR('',#5306,1.);
#5306 = DIRECTION('',(-0.974097200243,-0.226129707199,0.));
#5307 = ORIENTED_EDGE('',*,*,#4766,.T.);
#5308 = ORIENTED_EDGE('',*,*,#5275,.T.);
#5309 = ORIENTED_EDGE('',*,*,#5310,.F.);
#5310 = EDGE_CURVE('',#4249,#5276,#5311,.T.);
#5311 = LINE('',#5312,#5313);
#5312 = CARTESIAN_POINT('',(-13.41668117292,-70.7076572888,9.));
#5313 = VECTOR('',#5314,1.);
#5314 = DIRECTION('',(0.,0.,1.));
#5315 = ORIENTED_EDGE('',*,*,#4248,.T.);
#5316 = ORIENTED_EDGE('',*,*,#5317,.F.);
#5317 = EDGE_CURVE('',#5301,#4240,#5318,.T.);
#5318 = LINE('',#5319,#5320);
#5319 = CARTESIAN_POINT('',(-38.02298880361,-76.41983584593,3.5));
#5320 = VECTOR('',#5321,1.);
#5321 = DIRECTION('',(0.,0.,1.));
#5322 = PLANE('',#5323);
#5323 = AXIS2_PLACEMENT_3D('',#5324,#5325,#5326);
#5324 = CARTESIAN_POINT('',(0.791453975198,-67.40934020085,4.));
#5325 = DIRECTION('',(0.226129707199,-0.974097200243,0.));
#5326 = DIRECTION('',(0.,0.,1.));
#5327 = ADVANCED_FACE('',(#5328),#5340,.T.);
#5328 = FACE_BOUND('',#5329,.T.);
#5329 = EDGE_LOOP('',(#5330,#5331,#5332,#5339));
#5330 = ORIENTED_EDGE('',*,*,#4774,.F.);
#5331 = ORIENTED_EDGE('',*,*,#5300,.T.);
#5332 = ORIENTED_EDGE('',*,*,#5333,.T.);
#5333 = EDGE_CURVE('',#5301,#4914,#5334,.T.);
#5334 = CIRCLE('',#5335,40.);
#5335 = AXIS2_PLACEMENT_3D('',#5336,#5337,#5338);
#5336 = CARTESIAN_POINT('',(0.,-64.,4.));
#5337 = DIRECTION('',(0.,0.,1.));
#5338 = DIRECTION('',(1.,0.,0.));
#5339 = ORIENTED_EDGE('',*,*,#4913,.F.);
#5340 = PLANE('',#5341);
#5341 = AXIS2_PLACEMENT_3D('',#5342,#5343,#5344);
#5342 = CARTESIAN_POINT('',(-140.,-147.5,4.));
#5343 = DIRECTION('',(0.,0.,1.));
#5344 = DIRECTION('',(1.,0.,0.));
#5345 = ADVANCED_FACE('',(#5346),#5352,.T.);
#5346 = FACE_BOUND('',#5347,.T.);
#5347 = EDGE_LOOP('',(#5348,#5349,#5350,#5351));
#5348 = ORIENTED_EDGE('',*,*,#4922,.T.);
#5349 = ORIENTED_EDGE('',*,*,#4960,.T.);
#5350 = ORIENTED_EDGE('',*,*,#4985,.F.);
#5351 = ORIENTED_EDGE('',*,*,#4791,.F.);
#5352 = PLANE('',#5353);
#5353 = AXIS2_PLACEMENT_3D('',#5354,#5355,#5356);
#5354 = CARTESIAN_POINT('',(0.,-136.7793566267,14.));
#5355 = DIRECTION('',(0.,0.,1.));
#5356 = DIRECTION('',(1.,0.,0.));
#5357 = ADVANCED_FACE('',(#5358),#5364,.T.);
#5358 = FACE_BOUND('',#5359,.T.);
#5359 = EDGE_LOOP('',(#5360,#5361,#5362,#5363));
#5360 = ORIENTED_EDGE('',*,*,#5147,.F.);
#5361 = ORIENTED_EDGE('',*,*,#4290,.T.);
#5362 = ORIENTED_EDGE('',*,*,#5198,.T.);
#5363 = ORIENTED_EDGE('',*,*,#5173,.F.);
#5364 = CYLINDRICAL_SURFACE('',#5365,15.);
#5365 = AXIS2_PLACEMENT_3D('',#5366,#5367,#5368);
#5366 = CARTESIAN_POINT('',(0.,-64.,9.));
#5367 = DIRECTION('',(0.,0.,1.));
#5368 = DIRECTION('',(1.,0.,-0.));
#5369 = ADVANCED_FACE('',(#5370),#5376,.F.);
#5370 = FACE_BOUND('',#5371,.F.);
#5371 = EDGE_LOOP('',(#5372,#5373,#5374,#5375));
#5372 = ORIENTED_EDGE('',*,*,#4239,.F.);
#5373 = ORIENTED_EDGE('',*,*,#5317,.F.);
#5374 = ORIENTED_EDGE('',*,*,#5333,.T.);
#5375 = ORIENTED_EDGE('',*,*,#4937,.T.);
#5376 = CYLINDRICAL_SURFACE('',#5377,40.);
#5377 = AXIS2_PLACEMENT_3D('',#5378,#5379,#5380);
#5378 = CARTESIAN_POINT('',(0.,-64.,3.5));
#5379 = DIRECTION('',(0.,0.,1.));
#5380 = DIRECTION('',(1.,0.,0.));
#5381 = ADVANCED_FACE('',(#5382),#5388,.F.);
#5382 = FACE_BOUND('',#5383,.F.);
#5383 = EDGE_LOOP('',(#5384,#5385,#5386,#5387));
#5384 = ORIENTED_EDGE('',*,*,#5073,.T.);
#5385 = ORIENTED_EDGE('',*,*,#5031,.T.);
#5386 = ORIENTED_EDGE('',*,*,#4205,.F.);
#5387 = ORIENTED_EDGE('',*,*,#4993,.F.);
#5388 = CYLINDRICAL_SURFACE('',#5389,40.);
#5389 = AXIS2_PLACEMENT_3D('',#5390,#5391,#5392);
#5390 = CARTESIAN_POINT('',(0.,-64.,3.5));
#5391 = DIRECTION('',(0.,0.,1.));
#5392 = DIRECTION('',(1.,0.,0.));
#5393 = ADVANCED_FACE('',(#5394),#5400,.T.);
#5394 = FACE_BOUND('',#5395,.T.);
#5395 = EDGE_LOOP('',(#5396,#5397,#5398,#5399));
#5396 = ORIENTED_EDGE('',*,*,#4256,.T.);
#5397 = ORIENTED_EDGE('',*,*,#5310,.T.);
#5398 = ORIENTED_EDGE('',*,*,#5285,.F.);
#5399 = ORIENTED_EDGE('',*,*,#5254,.F.);
#5400 = CYLINDRICAL_SURFACE('',#5401,15.);
#5401 = AXIS2_PLACEMENT_3D('',#5402,#5403,#5404);
#5402 = CARTESIAN_POINT('',(0.,-64.,9.));
#5403 = DIRECTION('',(0.,0.,1.));
#5404 = DIRECTION('',(1.,0.,-0.));
#5405 = ADVANCED_FACE('',(#5406),#5425,.T.);
#5406 = FACE_BOUND('',#5407,.T.);
#5407 = EDGE_LOOP('',(#5408,#5417,#5423,#5424));
#5408 = ORIENTED_EDGE('',*,*,#5409,.F.);
#5409 = EDGE_CURVE('',#5410,#5410,#5412,.T.);
#5410 = VERTEX_POINT('',#5411);
#5411 = CARTESIAN_POINT('',(12.5,-64.,23.));
#5412 = CIRCLE('',#5413,12.5);
#5413 = AXIS2_PLACEMENT_3D('',#5414,#5415,#5416);
#5414 = CARTESIAN_POINT('',(0.,-64.,23.));
#5415 = DIRECTION('',(0.,0.,1.));
#5416 = DIRECTION('',(1.,0.,0.));
#5417 = ORIENTED_EDGE('',*,*,#5418,.F.);
#5418 = EDGE_CURVE('',#5121,#5410,#5419,.T.);
#5419 = LINE('',#5420,#5421);
#5420 = CARTESIAN_POINT('',(12.5,-64.,19.));
#5421 = VECTOR('',#5422,1.);
#5422 = DIRECTION('',(0.,0.,1.));
#5423 = ORIENTED_EDGE('',*,*,#5120,.T.);
#5424 = ORIENTED_EDGE('',*,*,#5418,.T.);
#5425 = CYLINDRICAL_SURFACE('',#5426,12.5);
#5426 = AXIS2_PLACEMENT_3D('',#5427,#5428,#5429);
#5427 = CARTESIAN_POINT('',(0.,-64.,19.));
#5428 = DIRECTION('',(0.,0.,1.));
#5429 = DIRECTION('',(1.,0.,0.));
#5430 = ADVANCED_FACE('',(#5431),#5437,.F.);
#5431 = FACE_BOUND('',#5432,.F.);
#5432 = EDGE_LOOP('',(#5433,#5434,#5435,#5436));
#5433 = ORIENTED_EDGE('',*,*,#4273,.F.);
#5434 = ORIENTED_EDGE('',*,*,#5205,.F.);
#5435 = ORIENTED_EDGE('',*,*,#5221,.T.);
#5436 = ORIENTED_EDGE('',*,*,#5261,.T.);
#5437 = CYLINDRICAL_SURFACE('',#5438,40.);
#5438 = AXIS2_PLACEMENT_3D('',#5439,#5440,#5441);
#5439 = CARTESIAN_POINT('',(0.,-64.,3.5));
#5440 = DIRECTION('',(0.,0.,1.));
#5441 = DIRECTION('',(1.,0.,0.));
#5442 = ADVANCED_FACE('',(#5443),#5446,.T.);
#5443 = FACE_BOUND('',#5444,.T.);
#5444 = EDGE_LOOP('',(#5445));
#5445 = ORIENTED_EDGE('',*,*,#5409,.T.);
#5446 = PLANE('',#5447);
#5447 = AXIS2_PLACEMENT_3D('',#5448,#5449,#5450);
#5448 = CARTESIAN_POINT('',(0.,-64.,23.));
#5449 = DIRECTION('',(0.,0.,1.));
#5450 = DIRECTION('',(1.,0.,0.));
#5451 = ADVANCED_FACE('',(#5452),#5460,.T.);
#5452 = FACE_BOUND('',#5453,.T.);
#5453 = EDGE_LOOP('',(#5454,#5455,#5456,#5457,#5458,#5459));
#5454 = ORIENTED_EDGE('',*,*,#4179,.T.);
#5455 = ORIENTED_EDGE('',*,*,#5055,.T.);
#5456 = ORIENTED_EDGE('',*,*,#5102,.F.);
#5457 = ORIENTED_EDGE('',*,*,#5093,.F.);
#5458 = ORIENTED_EDGE('',*,*,#5024,.F.);
#5459 = ORIENTED_EDGE('',*,*,#4188,.T.);
#5460 = CYLINDRICAL_SURFACE('',#5461,15.);
#5461 = AXIS2_PLACEMENT_3D('',#5462,#5463,#5464);
#5462 = CARTESIAN_POINT('',(0.,-64.,9.));
#5463 = DIRECTION('',(0.,0.,1.));
#5464 = DIRECTION('',(1.,0.,-0.));
#5465 = ( GEOMETRIC_REPRESENTATION_CONTEXT(3) 
GLOBAL_UNCERTAINTY_ASSIGNED_CONTEXT((#5469)) 
GLOBAL_UNIT_ASSIGNED_CONTEXT((#5466,#5467,#5468)) REPRESENTATION_CONTEXT
('Context #1','3D Context with UNIT and UNCERTAINTY') );
#5466 = ( LENGTH_UNIT() NAMED_UNIT(*) SI_UNIT(.MILLI.,.METRE.) );
#5467 = ( NAMED_UNIT(*) PLANE_ANGLE_UNIT() SI_UNIT($,.RADIAN.) );
#5468 = ( NAMED_UNIT(*) SI_UNIT($,.STERADIAN.) SOLID_ANGLE_UNIT() );
#5469 = UNCERTAINTY_MEASURE_WITH_UNIT(LENGTH_MEASURE(1.E-07),#5466,
  'distance_accuracy_value','confusion accuracy');
#5470 = PRODUCT_RELATED_PRODUCT_CATEGORY('part',$,(#7));
ENDSEC;
END-ISO-10303-21;
