ISO-10303-21;
HEADER;
FILE_DESCRIPTION(('FreeCAD Model'),'2;1');
FILE_NAME('Open CASCADE Shape Model','2026-09-20T10:22:03',('FreeCAD'),(
    'FreeCAD'),'Open CASCADE STEP processor 7.8','FreeCAD','Unknown');
FILE_SCHEMA(('AUTOMOTIVE_DESIGN { 1 0 10303 214 1 1 1 1 }'));
ENDSEC;
DATA;
#1 = APPLICATION_PROTOCOL_DEFINITION('international standard',
  'automotive_design',2000,#2);
#2 = APPLICATION_CONTEXT(
  'core data for automotive mechanical design processes');
#3 = SHAPE_DEFINITION_REPRESENTATION(#4,#10);
#4 = PRODUCT_DEFINITION_SHAPE('','',#5);
#5 = PRODUCT_DEFINITION('design','',#6,#9);
#6 = PRODUCT_DEFINITION_FORMATION('','',#7);
#7 = PRODUCT('Open CASCADE STEP translator 7.8 2',
  'Open CASCADE STEP translator 7.8 2','',(#8));
#8 = PRODUCT_CONTEXT('',#2,'mechanical');
#9 = PRODUCT_DEFINITION_CONTEXT('part definition',#2,'design');
#10 = ADVANCED_BREP_SHAPE_REPRESENTATION('',(#11,#15),#4467);
#11 = AXIS2_PLACEMENT_3D('',#12,#13,#14);
#12 = CARTESIAN_POINT('',(0.,0.,0.));
#13 = DIRECTION('',(0.,0.,1.));
#14 = DIRECTION('',(1.,0.,-0.));
#15 = MANIFOLD_SOLID_BREP('',#16);
#16 = CLOSED_SHELL('',(#17,#57,#90,#121,#152,#183,#223,#254,#285,#316,
    #347,#378,#409,#440,#471,#502,#533,#564,#595,#626,#657,#688,#719,
    #750,#781,#812,#843,#874,#905,#936,#967,#998,#1020,#1051,#1091,#1124
    ,#1155,#1186,#1217,#1248,#1279,#1310,#1341,#1372,#1403,#1434,#1465,
    #1496,#1527,#1558,#1589,#1620,#1651,#1682,#1713,#1744,#1775,#1806,
    #1837,#1868,#1899,#1930,#1961,#1992,#2023,#2054,#2085,#2116,#2147,
    #2178,#2209,#2240,#2271,#2302,#2333,#2364,#2395,#2426,#2457,#2488,
    #2519,#2550,#2581,#2612,#2643,#2674,#2705,#2736,#2767,#2798,#2829,
    #2860,#2891,#2922,#2953,#2984,#3015,#3046,#3077,#3108,#3139,#3170,
    #3201,#3232,#3263,#3294,#3325,#3356,#3387,#3418,#3449,#3480,#3511,
    #3542,#3573,#3604,#3635,#3666,#3697,#3728,#3759,#3790,#3821,#3852,
    #3883,#3914,#3945,#3976,#4007,#4038,#4069,#4100,#4122,#4146,#4298,
    #4323));
#17 = ADVANCED_FACE('',(#18),#52,.F.);
#18 = FACE_BOUND('',#19,.F.);
#19 = EDGE_LOOP('',(#20,#30,#38,#46));
#20 = ORIENTED_EDGE('',*,*,#21,.F.);
#21 = EDGE_CURVE('',#22,#24,#26,.T.);
#22 = VERTEX_POINT('',#23);
#23 = CARTESIAN_POINT('',(34.873599794522,-66.9718743869,0.));
#24 = VERTEX_POINT('',#25);
#25 = CARTESIAN_POINT('',(71.99887165173,-63.72383396907,0.));
#26 = LINE('',#27,#28);
#27 = CARTESIAN_POINT('',(30.408775399238,-67.36249590612,0.));
#28 = VECTOR('',#29,1.);
#29 = DIRECTION('',(0.996194698092,8.715574274766E-02,0.));
#30 = ORIENTED_EDGE('',*,*,#31,.T.);
#31 = EDGE_CURVE('',#22,#32,#34,.T.);
#32 = VERTEX_POINT('',#33);
#33 = CARTESIAN_POINT('',(34.873599794522,-66.9718743869,6.));
#34 = LINE('',#35,#36);
#35 = CARTESIAN_POINT('',(34.873599794522,-66.97187438689,0.));
#36 = VECTOR('',#37,1.);
#37 = DIRECTION('',(0.,0.,1.));
#38 = ORIENTED_EDGE('',*,*,#39,.T.);
#39 = EDGE_CURVE('',#32,#40,#42,.T.);
#40 = VERTEX_POINT('',#41);
#41 = CARTESIAN_POINT('',(71.99887165173,-63.72383396907,6.));
#42 = LINE('',#43,#44);
#43 = CARTESIAN_POINT('',(30.408775399238,-67.36249590612,6.));
#44 = VECTOR('',#45,1.);
#45 = DIRECTION('',(0.996194698092,8.715574274766E-02,0.));
#46 = ORIENTED_EDGE('',*,*,#47,.T.);
#47 = EDGE_CURVE('',#40,#24,#48,.T.);
#48 = LINE('',#49,#50);
#49 = CARTESIAN_POINT('',(71.99887165173,-63.72383396907,0.));
#50 = VECTOR('',#51,1.);
#51 = DIRECTION('',(-0.,0.,-1.));
#52 = PLANE('',#53);
#53 = AXIS2_PLACEMENT_3D('',#54,#55,#56);
#54 = CARTESIAN_POINT('',(30.408775399238,-67.36249590612,0.));
#55 = DIRECTION('',(-8.715574274766E-02,0.996194698092,0.));
#56 = DIRECTION('',(0.,0.,1.));
#57 = ADVANCED_FACE('',(#58),#85,.T.);
#58 = FACE_BOUND('',#59,.T.);
#59 = EDGE_LOOP('',(#60,#69,#77,#84));
#60 = ORIENTED_EDGE('',*,*,#61,.F.);
#61 = EDGE_CURVE('',#62,#32,#64,.T.);
#62 = VERTEX_POINT('',#63);
#63 = CARTESIAN_POINT('',(-28.12155496192,-84.83694187071,6.));
#64 = CIRCLE('',#65,35.);
#65 = AXIS2_PLACEMENT_3D('',#66,#67,#68);
#66 = CARTESIAN_POINT('',(0.,-64.,6.));
#67 = DIRECTION('',(0.,0.,1.));
#68 = DIRECTION('',(1.,0.,-0.));
#69 = ORIENTED_EDGE('',*,*,#70,.F.);
#70 = EDGE_CURVE('',#71,#62,#73,.T.);
#71 = VERTEX_POINT('',#72);
#72 = CARTESIAN_POINT('',(-28.12155496192,-84.83694187071,0.));
#73 = LINE('',#74,#75);
#74 = CARTESIAN_POINT('',(-28.12155496192,-84.83694187071,0.));
#75 = VECTOR('',#76,1.);
#76 = DIRECTION('',(0.,0.,1.));
#77 = ORIENTED_EDGE('',*,*,#78,.T.);
#78 = EDGE_CURVE('',#71,#22,#79,.T.);
#79 = CIRCLE('',#80,35.);
#80 = AXIS2_PLACEMENT_3D('',#81,#82,#83);
#81 = CARTESIAN_POINT('',(0.,-64.,0.));
#82 = DIRECTION('',(0.,0.,1.));
#83 = DIRECTION('',(1.,0.,-0.));
#84 = ORIENTED_EDGE('',*,*,#31,.T.);
#85 = CYLINDRICAL_SURFACE('',#86,35.);
#86 = AXIS2_PLACEMENT_3D('',#87,#88,#89);
#87 = CARTESIAN_POINT('',(0.,-64.,0.));
#88 = DIRECTION('',(0.,0.,1.));
#89 = DIRECTION('',(1.,0.,-0.));
#90 = ADVANCED_FACE('',(#91),#116,.F.);
#91 = FACE_BOUND('',#92,.F.);
#92 = EDGE_LOOP('',(#93,#101,#102,#110));
#93 = ORIENTED_EDGE('',*,*,#94,.F.);
#94 = EDGE_CURVE('',#24,#95,#97,.T.);
#95 = VERTEX_POINT('',#96);
#96 = CARTESIAN_POINT('',(71.999864614523,-63.86037374735,0.));
#97 = LINE('',#98,#99);
#98 = CARTESIAN_POINT('',(71.994280037522,-63.09245282276,0.));
#99 = VECTOR('',#100,1.);
#100 = DIRECTION('',(7.272141118427E-03,-0.999973557632,0.));
#101 = ORIENTED_EDGE('',*,*,#47,.F.);
#102 = ORIENTED_EDGE('',*,*,#103,.T.);
#103 = EDGE_CURVE('',#40,#104,#106,.T.);
#104 = VERTEX_POINT('',#105);
#105 = CARTESIAN_POINT('',(71.999864614523,-63.86037374735,6.));
#106 = LINE('',#107,#108);
#107 = CARTESIAN_POINT('',(71.994280037522,-63.09245282276,6.));
#108 = VECTOR('',#109,1.);
#109 = DIRECTION('',(7.272141118427E-03,-0.999973557632,0.));
#110 = ORIENTED_EDGE('',*,*,#111,.F.);
#111 = EDGE_CURVE('',#95,#104,#112,.T.);
#112 = LINE('',#113,#114);
#113 = CARTESIAN_POINT('',(71.999864614523,-63.86037374735,0.));
#114 = VECTOR('',#115,1.);
#115 = DIRECTION('',(0.,0.,1.));
#116 = PLANE('',#117);
#117 = AXIS2_PLACEMENT_3D('',#118,#119,#120);
#118 = CARTESIAN_POINT('',(71.994280037522,-63.09245282276,0.));
#119 = DIRECTION('',(0.999973557632,7.272141118427E-03,-0.));
#120 = DIRECTION('',(7.272141118427E-03,-0.999973557632,0.));
#121 = ADVANCED_FACE('',(#122),#147,.T.);
#122 = FACE_BOUND('',#123,.T.);
#123 = EDGE_LOOP('',(#124,#132,#133,#141));
#124 = ORIENTED_EDGE('',*,*,#125,.F.);
#125 = EDGE_CURVE('',#71,#126,#128,.T.);
#126 = VERTEX_POINT('',#127);
#127 = CARTESIAN_POINT('',(-67.60550187057,-103.2486086883,0.));
#128 = LINE('',#129,#130);
#129 = CARTESIAN_POINT('',(-19.69936684373,-80.90961105277,0.));
#130 = VECTOR('',#131,1.);
#131 = DIRECTION('',(-0.906307787037,-0.422618261741,0.));
#132 = ORIENTED_EDGE('',*,*,#70,.T.);
#133 = ORIENTED_EDGE('',*,*,#134,.T.);
#134 = EDGE_CURVE('',#62,#135,#137,.T.);
#135 = VERTEX_POINT('',#136);
#136 = CARTESIAN_POINT('',(-67.60550187057,-103.2486086883,6.));
#137 = LINE('',#138,#139);
#138 = CARTESIAN_POINT('',(-19.69936684373,-80.90961105277,6.));
#139 = VECTOR('',#140,1.);
#140 = DIRECTION('',(-0.906307787037,-0.422618261741,0.));
#141 = ORIENTED_EDGE('',*,*,#142,.F.);
#142 = EDGE_CURVE('',#126,#135,#143,.T.);
#143 = LINE('',#144,#145);
#144 = CARTESIAN_POINT('',(-67.60550187057,-103.2486086884,0.));
#145 = VECTOR('',#146,1.);
#146 = DIRECTION('',(0.,0.,1.));
#147 = PLANE('',#148);
#148 = AXIS2_PLACEMENT_3D('',#149,#150,#151);
#149 = CARTESIAN_POINT('',(-19.69936684373,-80.90961105277,0.));
#150 = DIRECTION('',(0.422618261741,-0.906307787037,0.));
#151 = DIRECTION('',(0.,0.,1.));
#152 = ADVANCED_FACE('',(#153),#178,.F.);
#153 = FACE_BOUND('',#154,.F.);
#154 = EDGE_LOOP('',(#155,#156,#164,#172));
#155 = ORIENTED_EDGE('',*,*,#111,.T.);
#156 = ORIENTED_EDGE('',*,*,#157,.T.);
#157 = EDGE_CURVE('',#104,#158,#160,.T.);
#158 = VERTEX_POINT('',#159);
#159 = CARTESIAN_POINT('',(71.99725846062,-64.62831055588,6.));
#160 = LINE('',#161,#162);
#161 = CARTESIAN_POINT('',(71.999864614523,-63.86037374735,6.));
#162 = VECTOR('',#163,1.);
#163 = DIRECTION('',(-3.393689253477E-03,-0.99999424142,0.));
#164 = ORIENTED_EDGE('',*,*,#165,.F.);
#165 = EDGE_CURVE('',#166,#158,#168,.T.);
#166 = VERTEX_POINT('',#167);
#167 = CARTESIAN_POINT('',(71.99725846062,-64.62831055588,0.));
#168 = LINE('',#169,#170);
#169 = CARTESIAN_POINT('',(71.99725846062,-64.62831055588,0.));
#170 = VECTOR('',#171,1.);
#171 = DIRECTION('',(0.,0.,1.));
#172 = ORIENTED_EDGE('',*,*,#173,.F.);
#173 = EDGE_CURVE('',#95,#166,#174,.T.);
#174 = LINE('',#175,#176);
#175 = CARTESIAN_POINT('',(71.999864614523,-63.86037374735,0.));
#176 = VECTOR('',#177,1.);
#177 = DIRECTION('',(-3.393689253477E-03,-0.99999424142,0.));
#178 = PLANE('',#179);
#179 = AXIS2_PLACEMENT_3D('',#180,#181,#182);
#180 = CARTESIAN_POINT('',(71.999864614523,-63.86037374735,0.));
#181 = DIRECTION('',(0.99999424142,-3.393689253477E-03,0.));
#182 = DIRECTION('',(-3.393689253477E-03,-0.99999424142,0.));
#183 = ADVANCED_FACE('',(#184),#218,.F.);
#184 = FACE_BOUND('',#185,.F.);
#185 = EDGE_LOOP('',(#186,#196,#204,#212));
#186 = ORIENTED_EDGE('',*,*,#187,.T.);
#187 = EDGE_CURVE('',#188,#190,#192,.T.);
#188 = VERTEX_POINT('',#189);
#189 = CARTESIAN_POINT('',(69.074547098517,-84.31518996058,0.));
#190 = VERTEX_POINT('',#191);
#191 = CARTESIAN_POINT('',(69.074547098517,-84.31518996058,6.));
#192 = LINE('',#193,#194);
#193 = CARTESIAN_POINT('',(69.074547098517,-84.31518996058,0.));
#194 = VECTOR('',#195,1.);
#195 = DIRECTION('',(0.,0.,1.));
#196 = ORIENTED_EDGE('',*,*,#197,.T.);
#197 = EDGE_CURVE('',#190,#198,#200,.T.);
#198 = VERTEX_POINT('',#199);
#199 = CARTESIAN_POINT('',(68.853942429339,-85.05076274003,6.));
#200 = LINE('',#201,#202);
#201 = CARTESIAN_POINT('',(69.074547098517,-84.31518996058,6.));
#202 = VECTOR('',#203,1.);
#203 = DIRECTION('',(-0.287267645409,-0.957850353605,0.));
#204 = ORIENTED_EDGE('',*,*,#205,.F.);
#205 = EDGE_CURVE('',#206,#198,#208,.T.);
#206 = VERTEX_POINT('',#207);
#207 = CARTESIAN_POINT('',(68.853942429339,-85.05076274003,0.));
#208 = LINE('',#209,#210);
#209 = CARTESIAN_POINT('',(68.853942429339,-85.05076274003,0.));
#210 = VECTOR('',#211,1.);
#211 = DIRECTION('',(0.,0.,1.));
#212 = ORIENTED_EDGE('',*,*,#213,.F.);
#213 = EDGE_CURVE('',#188,#206,#214,.T.);
#214 = LINE('',#215,#216);
#215 = CARTESIAN_POINT('',(69.074547098517,-84.31518996058,0.));
#216 = VECTOR('',#217,1.);
#217 = DIRECTION('',(-0.287267645409,-0.957850353605,0.));
#218 = PLANE('',#219);
#219 = AXIS2_PLACEMENT_3D('',#220,#221,#222);
#220 = CARTESIAN_POINT('',(69.074547098517,-84.31518996058,0.));
#221 = DIRECTION('',(0.957850353605,-0.287267645409,0.));
#222 = DIRECTION('',(-0.287267645409,-0.957850353605,0.));
#223 = ADVANCED_FACE('',(#224),#249,.F.);
#224 = FACE_BOUND('',#225,.F.);
#225 = EDGE_LOOP('',(#226,#236,#242,#243));
#226 = ORIENTED_EDGE('',*,*,#227,.T.);
#227 = EDGE_CURVE('',#228,#230,#232,.T.);
#228 = VERTEX_POINT('',#229);
#229 = CARTESIAN_POINT('',(69.287293821981,-83.5773061177,0.));
#230 = VERTEX_POINT('',#231);
#231 = CARTESIAN_POINT('',(69.287293821981,-83.5773061177,6.));
#232 = LINE('',#233,#234);
#233 = CARTESIAN_POINT('',(69.287293821981,-83.5773061177,0.));
#234 = VECTOR('',#235,1.);
#235 = DIRECTION('',(0.,0.,1.));
#236 = ORIENTED_EDGE('',*,*,#237,.T.);
#237 = EDGE_CURVE('',#230,#190,#238,.T.);
#238 = LINE('',#239,#240);
#239 = CARTESIAN_POINT('',(69.287293821981,-83.5773061177,6.));
#240 = VECTOR('',#241,1.);
#241 = DIRECTION('',(-0.277035162247,-0.960859781071,0.));
#242 = ORIENTED_EDGE('',*,*,#187,.F.);
#243 = ORIENTED_EDGE('',*,*,#244,.F.);
#244 = EDGE_CURVE('',#228,#188,#245,.T.);
#245 = LINE('',#246,#247);
#246 = CARTESIAN_POINT('',(69.287293821981,-83.5773061177,0.));
#247 = VECTOR('',#248,1.);
#248 = DIRECTION('',(-0.277035162247,-0.960859781071,0.));
#249 = PLANE('',#250);
#250 = AXIS2_PLACEMENT_3D('',#251,#252,#253);
#251 = CARTESIAN_POINT('',(69.287293821981,-83.5773061177,0.));
#252 = DIRECTION('',(0.960859781071,-0.277035162247,0.));
#253 = DIRECTION('',(-0.277035162247,-0.960859781071,0.));
#254 = ADVANCED_FACE('',(#255),#280,.F.);
#255 = FACE_BOUND('',#256,.F.);
#256 = EDGE_LOOP('',(#257,#267,#273,#274));
#257 = ORIENTED_EDGE('',*,*,#258,.T.);
#258 = EDGE_CURVE('',#259,#261,#263,.T.);
#259 = VERTEX_POINT('',#260);
#260 = CARTESIAN_POINT('',(69.492158397587,-82.83719515333,0.));
#261 = VERTEX_POINT('',#262);
#262 = CARTESIAN_POINT('',(69.492158397587,-82.83719515333,6.));
#263 = LINE('',#264,#265);
#264 = CARTESIAN_POINT('',(69.492158397587,-82.83719515333,0.));
#265 = VECTOR('',#266,1.);
#266 = DIRECTION('',(0.,0.,1.));
#267 = ORIENTED_EDGE('',*,*,#268,.T.);
#268 = EDGE_CURVE('',#261,#230,#269,.T.);
#269 = LINE('',#270,#271);
#270 = CARTESIAN_POINT('',(69.492158397587,-82.83719515333,6.));
#271 = VECTOR('',#272,1.);
#272 = DIRECTION('',(-0.266771163463,-0.963759900776,0.));
#273 = ORIENTED_EDGE('',*,*,#227,.F.);
#274 = ORIENTED_EDGE('',*,*,#275,.F.);
#275 = EDGE_CURVE('',#259,#228,#276,.T.);
#276 = LINE('',#277,#278);
#277 = CARTESIAN_POINT('',(69.492158397587,-82.83719515333,0.));
#278 = VECTOR('',#279,1.);
#279 = DIRECTION('',(-0.266771163463,-0.963759900776,0.));
#280 = PLANE('',#281);
#281 = AXIS2_PLACEMENT_3D('',#282,#283,#284);
#282 = CARTESIAN_POINT('',(69.492158397587,-82.83719515333,0.));
#283 = DIRECTION('',(0.963759900776,-0.266771163463,0.));
#284 = DIRECTION('',(-0.266771163463,-0.963759900776,0.));
#285 = ADVANCED_FACE('',(#286),#311,.F.);
#286 = FACE_BOUND('',#287,.F.);
#287 = EDGE_LOOP('',(#288,#298,#304,#305));
#288 = ORIENTED_EDGE('',*,*,#289,.T.);
#289 = EDGE_CURVE('',#290,#292,#294,.T.);
#290 = VERTEX_POINT('',#291);
#291 = CARTESIAN_POINT('',(69.689117519865,-82.09494126275,0.));
#292 = VERTEX_POINT('',#293);
#293 = CARTESIAN_POINT('',(69.689117519865,-82.09494126275,6.));
#294 = LINE('',#295,#296);
#295 = CARTESIAN_POINT('',(69.689117519865,-82.09494126275,0.));
#296 = VECTOR('',#297,1.);
#297 = DIRECTION('',(0.,0.,1.));
#298 = ORIENTED_EDGE('',*,*,#299,.T.);
#299 = EDGE_CURVE('',#292,#261,#300,.T.);
#300 = LINE('',#301,#302);
#301 = CARTESIAN_POINT('',(69.689117519865,-82.09494126275,6.));
#302 = VECTOR('',#303,1.);
#303 = DIRECTION('',(-0.256476816694,-0.966550382804,0.));
#304 = ORIENTED_EDGE('',*,*,#258,.F.);
#305 = ORIENTED_EDGE('',*,*,#306,.F.);
#306 = EDGE_CURVE('',#290,#259,#307,.T.);
#307 = LINE('',#308,#309);
#308 = CARTESIAN_POINT('',(69.689117519865,-82.09494126275,0.));
#309 = VECTOR('',#310,1.);
#310 = DIRECTION('',(-0.256476816694,-0.966550382804,0.));
#311 = PLANE('',#312);
#312 = AXIS2_PLACEMENT_3D('',#313,#314,#315);
#313 = CARTESIAN_POINT('',(69.689117519865,-82.09494126275,0.));
#314 = DIRECTION('',(0.966550382804,-0.256476816694,0.));
#315 = DIRECTION('',(-0.256476816694,-0.966550382804,0.));
#316 = ADVANCED_FACE('',(#317),#342,.F.);
#317 = FACE_BOUND('',#318,.F.);
#318 = EDGE_LOOP('',(#319,#329,#335,#336));
#319 = ORIENTED_EDGE('',*,*,#320,.T.);
#320 = EDGE_CURVE('',#321,#323,#325,.T.);
#321 = VERTEX_POINT('',#322);
#322 = CARTESIAN_POINT('',(69.878148782674,-81.35062888504,0.));
#323 = VERTEX_POINT('',#324);
#324 = CARTESIAN_POINT('',(69.878148782674,-81.35062888504,6.));
#325 = LINE('',#326,#327);
#326 = CARTESIAN_POINT('',(69.878148782674,-81.35062888504,0.));
#327 = VECTOR('',#328,1.);
#328 = DIRECTION('',(0.,0.,1.));
#329 = ORIENTED_EDGE('',*,*,#330,.T.);
#330 = EDGE_CURVE('',#323,#292,#331,.T.);
#331 = LINE('',#332,#333);
#332 = CARTESIAN_POINT('',(69.878148782674,-81.35062888504,6.));
#333 = VECTOR('',#334,1.);
#334 = DIRECTION('',(-0.246153293029,-0.969230909707,0.));
#335 = ORIENTED_EDGE('',*,*,#289,.F.);
#336 = ORIENTED_EDGE('',*,*,#337,.F.);
#337 = EDGE_CURVE('',#321,#290,#338,.T.);
#338 = LINE('',#339,#340);
#339 = CARTESIAN_POINT('',(69.878148782674,-81.35062888504,0.));
#340 = VECTOR('',#341,1.);
#341 = DIRECTION('',(-0.246153293029,-0.969230909707,0.));
#342 = PLANE('',#343);
#343 = AXIS2_PLACEMENT_3D('',#344,#345,#346);
#344 = CARTESIAN_POINT('',(69.878148782674,-81.35062888504,0.));
#345 = DIRECTION('',(0.969230909707,-0.246153293029,0.));
#346 = DIRECTION('',(-0.246153293029,-0.969230909707,0.));
#347 = ADVANCED_FACE('',(#348),#373,.F.);
#348 = FACE_BOUND('',#349,.F.);
#349 = EDGE_LOOP('',(#350,#360,#366,#367));
#350 = ORIENTED_EDGE('',*,*,#351,.T.);
#351 = EDGE_CURVE('',#352,#354,#356,.T.);
#352 = VERTEX_POINT('',#353);
#353 = CARTESIAN_POINT('',(70.059230681747,-80.60434269345,0.));
#354 = VERTEX_POINT('',#355);
#355 = CARTESIAN_POINT('',(70.059230681747,-80.60434269345,6.));
#356 = LINE('',#357,#358);
#357 = CARTESIAN_POINT('',(70.059230681747,-80.60434269345,0.));
#358 = VECTOR('',#359,1.);
#359 = DIRECTION('',(0.,0.,1.));
#360 = ORIENTED_EDGE('',*,*,#361,.T.);
#361 = EDGE_CURVE('',#354,#323,#362,.T.);
#362 = LINE('',#363,#364);
#363 = CARTESIAN_POINT('',(70.059230681747,-80.60434269345,6.));
#364 = VECTOR('',#365,1.);
#365 = DIRECTION('',(-0.235801766875,-0.971801176547,0.));
#366 = ORIENTED_EDGE('',*,*,#320,.F.);
#367 = ORIENTED_EDGE('',*,*,#368,.F.);
#368 = EDGE_CURVE('',#352,#321,#369,.T.);
#369 = LINE('',#370,#371);
#370 = CARTESIAN_POINT('',(70.059230681747,-80.60434269345,0.));
#371 = VECTOR('',#372,1.);
#372 = DIRECTION('',(-0.235801766875,-0.971801176547,0.));
#373 = PLANE('',#374);
#374 = AXIS2_PLACEMENT_3D('',#375,#376,#377);
#375 = CARTESIAN_POINT('',(70.059230681747,-80.60434269345,0.));
#376 = DIRECTION('',(0.971801176547,-0.235801766875,0.));
#377 = DIRECTION('',(-0.235801766875,-0.971801176547,0.));
#378 = ADVANCED_FACE('',(#379),#404,.F.);
#379 = FACE_BOUND('',#380,.F.);
#380 = EDGE_LOOP('',(#381,#391,#397,#398));
#381 = ORIENTED_EDGE('',*,*,#382,.T.);
#382 = EDGE_CURVE('',#383,#385,#387,.T.);
#383 = VERTEX_POINT('',#384);
#384 = CARTESIAN_POINT('',(70.232342617143,-79.85616758577,0.));
#385 = VERTEX_POINT('',#386);
#386 = CARTESIAN_POINT('',(70.232342617143,-79.85616758577,6.));
#387 = LINE('',#388,#389);
#388 = CARTESIAN_POINT('',(70.232342617143,-79.85616758577,0.));
#389 = VECTOR('',#390,1.);
#390 = DIRECTION('',(0.,0.,1.));
#391 = ORIENTED_EDGE('',*,*,#392,.T.);
#392 = EDGE_CURVE('',#385,#354,#393,.T.);
#393 = LINE('',#394,#395);
#394 = CARTESIAN_POINT('',(70.232342617143,-79.85616758577,6.));
#395 = VECTOR('',#396,1.);
#396 = DIRECTION('',(-0.225423415827,-0.974260890931,0.));
#397 = ORIENTED_EDGE('',*,*,#351,.F.);
#398 = ORIENTED_EDGE('',*,*,#399,.F.);
#399 = EDGE_CURVE('',#383,#352,#400,.T.);
#400 = LINE('',#401,#402);
#401 = CARTESIAN_POINT('',(70.232342617143,-79.85616758577,0.));
#402 = VECTOR('',#403,1.);
#403 = DIRECTION('',(-0.225423415827,-0.974260890931,0.));
#404 = PLANE('',#405);
#405 = AXIS2_PLACEMENT_3D('',#406,#407,#408);
#406 = CARTESIAN_POINT('',(70.232342617143,-79.85616758577,0.));
#407 = DIRECTION('',(0.974260890931,-0.225423415827,0.));
#408 = DIRECTION('',(-0.225423415827,-0.974260890931,0.));
#409 = ADVANCED_FACE('',(#410),#435,.F.);
#410 = FACE_BOUND('',#411,.F.);
#411 = EDGE_LOOP('',(#412,#422,#428,#429));
#412 = ORIENTED_EDGE('',*,*,#413,.T.);
#413 = EDGE_CURVE('',#414,#416,#418,.T.);
#414 = VERTEX_POINT('',#415);
#415 = CARTESIAN_POINT('',(70.397464895584,-79.10618867467,0.));
#416 = VERTEX_POINT('',#417);
#417 = CARTESIAN_POINT('',(70.397464895584,-79.10618867467,6.));
#418 = LINE('',#419,#420);
#419 = CARTESIAN_POINT('',(70.397464895584,-79.10618867467,0.));
#420 = VECTOR('',#421,1.);
#421 = DIRECTION('',(0.,0.,1.));
#422 = ORIENTED_EDGE('',*,*,#423,.T.);
#423 = EDGE_CURVE('',#416,#385,#424,.T.);
#424 = LINE('',#425,#426);
#425 = CARTESIAN_POINT('',(70.397464895584,-79.10618867467,6.));
#426 = VECTOR('',#427,1.);
#427 = DIRECTION('',(-0.215019420528,-0.976609773039,0.));
#428 = ORIENTED_EDGE('',*,*,#382,.F.);
#429 = ORIENTED_EDGE('',*,*,#430,.F.);
#430 = EDGE_CURVE('',#414,#383,#431,.T.);
#431 = LINE('',#432,#433);
#432 = CARTESIAN_POINT('',(70.397464895584,-79.10618867467,0.));
#433 = VECTOR('',#434,1.);
#434 = DIRECTION('',(-0.215019420528,-0.976609773039,0.));
#435 = PLANE('',#436);
#436 = AXIS2_PLACEMENT_3D('',#437,#438,#439);
#437 = CARTESIAN_POINT('',(70.397464895584,-79.10618867467,0.));
#438 = DIRECTION('',(0.976609773039,-0.215019420528,0.));
#439 = DIRECTION('',(-0.215019420528,-0.976609773039,0.));
#440 = ADVANCED_FACE('',(#441),#466,.F.);
#441 = FACE_BOUND('',#442,.F.);
#442 = EDGE_LOOP('',(#443,#453,#459,#460));
#443 = ORIENTED_EDGE('',*,*,#444,.T.);
#444 = EDGE_CURVE('',#445,#447,#449,.T.);
#445 = VERTEX_POINT('',#446);
#446 = CARTESIAN_POINT('',(70.5545787327,-78.35449127803,0.));
#447 = VERTEX_POINT('',#448);
#448 = CARTESIAN_POINT('',(70.5545787327,-78.35449127803,6.));
#449 = LINE('',#450,#451);
#450 = CARTESIAN_POINT('',(70.5545787327,-78.35449127803,0.));
#451 = VECTOR('',#452,1.);
#452 = DIRECTION('',(0.,0.,1.));
#453 = ORIENTED_EDGE('',*,*,#454,.T.);
#454 = EDGE_CURVE('',#447,#416,#455,.T.);
#455 = LINE('',#456,#457);
#456 = CARTESIAN_POINT('',(70.5545787327,-78.35449127803,6.));
#457 = VECTOR('',#458,1.);
#458 = DIRECTION('',(-0.204590964541,-0.978847555663,0.));
#459 = ORIENTED_EDGE('',*,*,#413,.F.);
#460 = ORIENTED_EDGE('',*,*,#461,.F.);
#461 = EDGE_CURVE('',#445,#414,#462,.T.);
#462 = LINE('',#463,#464);
#463 = CARTESIAN_POINT('',(70.5545787327,-78.35449127803,0.));
#464 = VECTOR('',#465,1.);
#465 = DIRECTION('',(-0.204590964541,-0.978847555663,0.));
#466 = PLANE('',#467);
#467 = AXIS2_PLACEMENT_3D('',#468,#469,#470);
#468 = CARTESIAN_POINT('',(70.5545787327,-78.35449127803,0.));
#469 = DIRECTION('',(0.978847555663,-0.204590964541,0.));
#470 = DIRECTION('',(-0.204590964541,-0.978847555663,0.));
#471 = ADVANCED_FACE('',(#472),#497,.F.);
#472 = FACE_BOUND('',#473,.F.);
#473 = EDGE_LOOP('',(#474,#484,#490,#491));
#474 = ORIENTED_EDGE('',*,*,#475,.T.);
#475 = EDGE_CURVE('',#476,#478,#480,.T.);
#476 = VERTEX_POINT('',#477);
#477 = CARTESIAN_POINT('',(70.703666255162,-77.60116090922,0.));
#478 = VERTEX_POINT('',#479);
#479 = CARTESIAN_POINT('',(70.703666255162,-77.60116090922,6.));
#480 = LINE('',#481,#482);
#481 = CARTESIAN_POINT('',(70.703666255162,-77.60116090922,0.));
#482 = VECTOR('',#483,1.);
#483 = DIRECTION('',(0.,0.,1.));
#484 = ORIENTED_EDGE('',*,*,#485,.T.);
#485 = EDGE_CURVE('',#478,#447,#486,.T.);
#486 = LINE('',#487,#488);
#487 = CARTESIAN_POINT('',(70.703666255162,-77.60116090922,6.));
#488 = VECTOR('',#489,1.);
#489 = DIRECTION('',(-0.194139234211,-0.980973984232,0.));
#490 = ORIENTED_EDGE('',*,*,#444,.F.);
#491 = ORIENTED_EDGE('',*,*,#492,.F.);
#492 = EDGE_CURVE('',#476,#445,#493,.T.);
#493 = LINE('',#494,#495);
#494 = CARTESIAN_POINT('',(70.703666255162,-77.60116090922,0.));
#495 = VECTOR('',#496,1.);
#496 = DIRECTION('',(-0.194139234211,-0.980973984232,0.));
#497 = PLANE('',#498);
#498 = AXIS2_PLACEMENT_3D('',#499,#500,#501);
#499 = CARTESIAN_POINT('',(70.703666255162,-77.60116090922,0.));
#500 = DIRECTION('',(0.980973984232,-0.194139234211,0.));
#501 = DIRECTION('',(-0.194139234211,-0.980973984232,0.));
#502 = ADVANCED_FACE('',(#503),#528,.F.);
#503 = FACE_BOUND('',#504,.F.);
#504 = EDGE_LOOP('',(#505,#515,#521,#522));
#505 = ORIENTED_EDGE('',*,*,#506,.T.);
#506 = EDGE_CURVE('',#507,#509,#511,.T.);
#507 = VERTEX_POINT('',#508);
#508 = CARTESIAN_POINT('',(70.84471050272,-76.84628326738,0.));
#509 = VERTEX_POINT('',#510);
#510 = CARTESIAN_POINT('',(70.84471050272,-76.84628326738,6.));
#511 = LINE('',#512,#513);
#512 = CARTESIAN_POINT('',(70.84471050272,-76.84628326738,0.));
#513 = VECTOR('',#514,1.);
#514 = DIRECTION('',(0.,0.,1.));
#515 = ORIENTED_EDGE('',*,*,#516,.T.);
#516 = EDGE_CURVE('',#509,#478,#517,.T.);
#517 = LINE('',#518,#519);
#518 = CARTESIAN_POINT('',(70.84471050272,-76.84628326738,6.));
#519 = VECTOR('',#520,1.);
#520 = DIRECTION('',(-0.183665418531,-0.982988816842,0.));
#521 = ORIENTED_EDGE('',*,*,#475,.F.);
#522 = ORIENTED_EDGE('',*,*,#523,.F.);
#523 = EDGE_CURVE('',#507,#476,#524,.T.);
#524 = LINE('',#525,#526);
#525 = CARTESIAN_POINT('',(70.84471050272,-76.84628326738,0.));
#526 = VECTOR('',#527,1.);
#527 = DIRECTION('',(-0.183665418531,-0.982988816842,0.));
#528 = PLANE('',#529);
#529 = AXIS2_PLACEMENT_3D('',#530,#531,#532);
#530 = CARTESIAN_POINT('',(70.84471050272,-76.84628326738,0.));
#531 = DIRECTION('',(0.982988816842,-0.183665418531,0.));
#532 = DIRECTION('',(-0.183665418531,-0.982988816842,0.));
#533 = ADVANCED_FACE('',(#534),#559,.F.);
#534 = FACE_BOUND('',#535,.F.);
#535 = EDGE_LOOP('',(#536,#546,#552,#553));
#536 = ORIENTED_EDGE('',*,*,#537,.T.);
#537 = EDGE_CURVE('',#538,#540,#542,.T.);
#538 = VERTEX_POINT('',#539);
#539 = CARTESIAN_POINT('',(70.977695430129,-76.08994422765,0.));
#540 = VERTEX_POINT('',#541);
#541 = CARTESIAN_POINT('',(70.977695430129,-76.08994422765,6.));
#542 = LINE('',#543,#544);
#543 = CARTESIAN_POINT('',(70.977695430129,-76.08994422765,0.));
#544 = VECTOR('',#545,1.);
#545 = DIRECTION('',(0.,0.,1.));
#546 = ORIENTED_EDGE('',*,*,#547,.T.);
#547 = EDGE_CURVE('',#540,#509,#548,.T.);
#548 = LINE('',#549,#550);
#549 = CARTESIAN_POINT('',(70.977695430129,-76.08994422765,6.));
#550 = VECTOR('',#551,1.);
#551 = DIRECTION('',(-0.173170709006,-0.984891824284,0.));
#552 = ORIENTED_EDGE('',*,*,#506,.F.);
#553 = ORIENTED_EDGE('',*,*,#554,.F.);
#554 = EDGE_CURVE('',#538,#507,#555,.T.);
#555 = LINE('',#556,#557);
#556 = CARTESIAN_POINT('',(70.977695430129,-76.08994422765,0.));
#557 = VECTOR('',#558,1.);
#558 = DIRECTION('',(-0.173170709006,-0.984891824284,0.));
#559 = PLANE('',#560);
#560 = AXIS2_PLACEMENT_3D('',#561,#562,#563);
#561 = CARTESIAN_POINT('',(70.977695430129,-76.08994422765,0.));
#562 = DIRECTION('',(0.984891824284,-0.173170709006,0.));
#563 = DIRECTION('',(-0.173170709006,-0.984891824284,0.));
#564 = ADVANCED_FACE('',(#565),#590,.F.);
#565 = FACE_BOUND('',#566,.F.);
#566 = EDGE_LOOP('',(#567,#577,#583,#584));
#567 = ORIENTED_EDGE('',*,*,#568,.T.);
#568 = EDGE_CURVE('',#569,#571,#573,.T.);
#569 = VERTEX_POINT('',#570);
#570 = CARTESIAN_POINT('',(71.102605908975,-75.33222983146,0.));
#571 = VERTEX_POINT('',#572);
#572 = CARTESIAN_POINT('',(71.102605908975,-75.33222983146,6.));
#573 = LINE('',#574,#575);
#574 = CARTESIAN_POINT('',(71.102605908975,-75.33222983146,0.));
#575 = VECTOR('',#576,1.);
#576 = DIRECTION('',(0.,0.,1.));
#577 = ORIENTED_EDGE('',*,*,#578,.T.);
#578 = EDGE_CURVE('',#571,#540,#579,.T.);
#579 = LINE('',#580,#581);
#580 = CARTESIAN_POINT('',(71.102605908975,-75.33222983146,6.));
#581 = VECTOR('',#582,1.);
#582 = DIRECTION('',(-0.162656299518,-0.986682790073,0.));
#583 = ORIENTED_EDGE('',*,*,#537,.F.);
#584 = ORIENTED_EDGE('',*,*,#585,.F.);
#585 = EDGE_CURVE('',#569,#538,#586,.T.);
#586 = LINE('',#587,#588);
#587 = CARTESIAN_POINT('',(71.102605908975,-75.33222983146,0.));
#588 = VECTOR('',#589,1.);
#589 = DIRECTION('',(-0.162656299518,-0.986682790073,0.));
#590 = PLANE('',#591);
#591 = AXIS2_PLACEMENT_3D('',#592,#593,#594);
#592 = CARTESIAN_POINT('',(71.102605908975,-75.33222983146,0.));
#593 = DIRECTION('',(0.986682790073,-0.162656299518,0.));
#594 = DIRECTION('',(-0.162656299518,-0.986682790073,0.));
#595 = ADVANCED_FACE('',(#596),#621,.F.);
#596 = FACE_BOUND('',#597,.F.);
#597 = EDGE_LOOP('',(#598,#608,#614,#615));
#598 = ORIENTED_EDGE('',*,*,#599,.T.);
#599 = EDGE_CURVE('',#600,#602,#604,.T.);
#600 = VERTEX_POINT('',#601);
#601 = CARTESIAN_POINT('',(71.219427729396,-74.57322627665,0.));
#602 = VERTEX_POINT('',#603);
#603 = CARTESIAN_POINT('',(71.219427729396,-74.57322627665,6.));
#604 = LINE('',#605,#606);
#605 = CARTESIAN_POINT('',(71.219427729396,-74.57322627665,0.));
#606 = VECTOR('',#607,1.);
#607 = DIRECTION('',(0.,0.,1.));
#608 = ORIENTED_EDGE('',*,*,#609,.T.);
#609 = EDGE_CURVE('',#602,#571,#610,.T.);
#610 = LINE('',#611,#612);
#611 = CARTESIAN_POINT('',(71.219427729396,-74.57322627665,6.));
#612 = VECTOR('',#613,1.);
#613 = DIRECTION('',(-0.15212338619,-0.988361510468,0.));
#614 = ORIENTED_EDGE('',*,*,#568,.F.);
#615 = ORIENTED_EDGE('',*,*,#616,.F.);
#616 = EDGE_CURVE('',#600,#569,#617,.T.);
#617 = LINE('',#618,#619);
#618 = CARTESIAN_POINT('',(71.219427729396,-74.57322627665,0.));
#619 = VECTOR('',#620,1.);
#620 = DIRECTION('',(-0.15212338619,-0.988361510468,0.));
#621 = PLANE('',#622);
#622 = AXIS2_PLACEMENT_3D('',#623,#624,#625);
#623 = CARTESIAN_POINT('',(71.219427729396,-74.57322627665,0.));
#624 = DIRECTION('',(0.988361510468,-0.15212338619,0.));
#625 = DIRECTION('',(-0.15212338619,-0.988361510468,0.));
#626 = ADVANCED_FACE('',(#627),#652,.F.);
#627 = FACE_BOUND('',#628,.F.);
#628 = EDGE_LOOP('',(#629,#639,#645,#646));
#629 = ORIENTED_EDGE('',*,*,#630,.T.);
#630 = EDGE_CURVE('',#631,#633,#635,.T.);
#631 = VERTEX_POINT('',#632);
#632 = CARTESIAN_POINT('',(71.328147601698,-73.81301990777,0.));
#633 = VERTEX_POINT('',#634);
#634 = CARTESIAN_POINT('',(71.328147601698,-73.81301990777,6.));
#635 = LINE('',#636,#637);
#636 = CARTESIAN_POINT('',(71.328147601698,-73.81301990777,0.));
#637 = VECTOR('',#638,1.);
#638 = DIRECTION('',(0.,0.,1.));
#639 = ORIENTED_EDGE('',*,*,#640,.T.);
#640 = EDGE_CURVE('',#633,#602,#641,.T.);
#641 = LINE('',#642,#643);
#642 = CARTESIAN_POINT('',(71.328147601698,-73.81301990777,6.));
#643 = VECTOR('',#644,1.);
#644 = DIRECTION('',(-0.14157316725,-0.989927794496,0.));
#645 = ORIENTED_EDGE('',*,*,#599,.F.);
#646 = ORIENTED_EDGE('',*,*,#647,.F.);
#647 = EDGE_CURVE('',#631,#600,#648,.T.);
#648 = LINE('',#649,#650);
#649 = CARTESIAN_POINT('',(71.328147601698,-73.81301990777,0.));
#650 = VECTOR('',#651,1.);
#651 = DIRECTION('',(-0.14157316725,-0.989927794496,0.));
#652 = PLANE('',#653);
#653 = AXIS2_PLACEMENT_3D('',#654,#655,#656);
#654 = CARTESIAN_POINT('',(71.328147601698,-73.81301990777,0.));
#655 = DIRECTION('',(0.989927794496,-0.14157316725,0.));
#656 = DIRECTION('',(-0.14157316725,-0.989927794496,0.));
#657 = ADVANCED_FACE('',(#658),#683,.F.);
#658 = FACE_BOUND('',#659,.F.);
#659 = EDGE_LOOP('',(#660,#670,#676,#677));
#660 = ORIENTED_EDGE('',*,*,#661,.T.);
#661 = EDGE_CURVE('',#662,#664,#666,.T.);
#662 = VERTEX_POINT('',#663);
#663 = CARTESIAN_POINT('',(71.428753157871,-73.05169720615,0.));
#664 = VERTEX_POINT('',#665);
#665 = CARTESIAN_POINT('',(71.428753157871,-73.05169720615,6.));
#666 = LINE('',#667,#668);
#667 = CARTESIAN_POINT('',(71.428753157871,-73.05169720615,0.));
#668 = VECTOR('',#669,1.);
#669 = DIRECTION('',(0.,0.,1.));
#670 = ORIENTED_EDGE('',*,*,#671,.T.);
#671 = EDGE_CURVE('',#664,#633,#672,.T.);
#672 = LINE('',#673,#674);
#673 = CARTESIAN_POINT('',(71.428753157871,-73.05169720615,6.));
#674 = VECTOR('',#675,1.);
#675 = DIRECTION('',(-0.131006842894,-0.991381463976,0.));
#676 = ORIENTED_EDGE('',*,*,#630,.F.);
#677 = ORIENTED_EDGE('',*,*,#678,.F.);
#678 = EDGE_CURVE('',#662,#631,#679,.T.);
#679 = LINE('',#680,#681);
#680 = CARTESIAN_POINT('',(71.428753157871,-73.05169720615,0.));
#681 = VECTOR('',#682,1.);
#682 = DIRECTION('',(-0.131006842894,-0.991381463976,0.));
#683 = PLANE('',#684);
#684 = AXIS2_PLACEMENT_3D('',#685,#686,#687);
#685 = CARTESIAN_POINT('',(71.428753157871,-73.05169720615,0.));
#686 = DIRECTION('',(0.991381463976,-0.131006842894,0.));
#687 = DIRECTION('',(-0.131006842894,-0.991381463976,0.));
#688 = ADVANCED_FACE('',(#689),#714,.F.);
#689 = FACE_BOUND('',#690,.F.);
#690 = EDGE_LOOP('',(#691,#701,#707,#708));
#691 = ORIENTED_EDGE('',*,*,#692,.T.);
#692 = EDGE_CURVE('',#693,#695,#697,.T.);
#693 = VERTEX_POINT('',#694);
#694 = CARTESIAN_POINT('',(71.521232952989,-72.28934478015,0.));
#695 = VERTEX_POINT('',#696);
#696 = CARTESIAN_POINT('',(71.521232952989,-72.28934478015,6.));
#697 = LINE('',#698,#699);
#698 = CARTESIAN_POINT('',(71.521232952989,-72.28934478015,0.));
#699 = VECTOR('',#700,1.);
#700 = DIRECTION('',(0.,0.,1.));
#701 = ORIENTED_EDGE('',*,*,#702,.T.);
#702 = EDGE_CURVE('',#695,#664,#703,.T.);
#703 = LINE('',#704,#705);
#704 = CARTESIAN_POINT('',(71.521232952989,-72.28934478015,6.));
#705 = VECTOR('',#706,1.);
#706 = DIRECTION('',(-0.120425615153,-0.992722353539,0.));
#707 = ORIENTED_EDGE('',*,*,#661,.F.);
#708 = ORIENTED_EDGE('',*,*,#709,.F.);
#709 = EDGE_CURVE('',#693,#662,#710,.T.);
#710 = LINE('',#711,#712);
#711 = CARTESIAN_POINT('',(71.521232952989,-72.28934478015,0.));
#712 = VECTOR('',#713,1.);
#713 = DIRECTION('',(-0.120425615153,-0.992722353539,0.));
#714 = PLANE('',#715);
#715 = AXIS2_PLACEMENT_3D('',#716,#717,#718);
#716 = CARTESIAN_POINT('',(71.521232952989,-72.28934478015,0.));
#717 = DIRECTION('',(0.992722353539,-0.120425615153,0.));
#718 = DIRECTION('',(-0.120425615153,-0.992722353539,0.));
#719 = ADVANCED_FACE('',(#720),#745,.F.);
#720 = FACE_BOUND('',#721,.F.);
#721 = EDGE_LOOP('',(#722,#732,#738,#739));
#722 = ORIENTED_EDGE('',*,*,#723,.T.);
#723 = EDGE_CURVE('',#724,#726,#728,.T.);
#724 = VERTEX_POINT('',#725);
#725 = CARTESIAN_POINT('',(71.605576466516,-71.52604935527,0.));
#726 = VERTEX_POINT('',#727);
#727 = CARTESIAN_POINT('',(71.605576466516,-71.52604935527,6.));
#728 = LINE('',#729,#730);
#729 = CARTESIAN_POINT('',(71.605576466516,-71.52604935527,0.));
#730 = VECTOR('',#731,1.);
#731 = DIRECTION('',(0.,0.,1.));
#732 = ORIENTED_EDGE('',*,*,#733,.T.);
#733 = EDGE_CURVE('',#726,#695,#734,.T.);
#734 = LINE('',#735,#736);
#735 = CARTESIAN_POINT('',(71.605576466516,-71.52604935527,6.));
#736 = VECTOR('',#737,1.);
#737 = DIRECTION('',(-0.109830687749,-0.993950310644,0.));
#738 = ORIENTED_EDGE('',*,*,#692,.F.);
#739 = ORIENTED_EDGE('',*,*,#740,.F.);
#740 = EDGE_CURVE('',#724,#693,#741,.T.);
#741 = LINE('',#742,#743);
#742 = CARTESIAN_POINT('',(71.605576466516,-71.52604935527,0.));
#743 = VECTOR('',#744,1.);
#744 = DIRECTION('',(-0.109830687749,-0.993950310644,0.));
#745 = PLANE('',#746);
#746 = AXIS2_PLACEMENT_3D('',#747,#748,#749);
#747 = CARTESIAN_POINT('',(71.605576466516,-71.52604935527,0.));
#748 = DIRECTION('',(0.993950310644,-0.109830687749,0.));
#749 = DIRECTION('',(-0.109830687749,-0.993950310644,0.));
#750 = ADVANCED_FACE('',(#751),#776,.F.);
#751 = FACE_BOUND('',#752,.F.);
#752 = EDGE_LOOP('',(#753,#763,#769,#770));
#753 = ORIENTED_EDGE('',*,*,#754,.T.);
#754 = EDGE_CURVE('',#755,#757,#759,.T.);
#755 = VERTEX_POINT('',#756);
#756 = CARTESIAN_POINT('',(71.681774103504,-70.76189776425,0.));
#757 = VERTEX_POINT('',#758);
#758 = CARTESIAN_POINT('',(71.681774103504,-70.76189776425,6.));
#759 = LINE('',#760,#761);
#760 = CARTESIAN_POINT('',(71.681774103504,-70.76189776425,0.));
#761 = VECTOR('',#762,1.);
#762 = DIRECTION('',(0.,0.,1.));
#763 = ORIENTED_EDGE('',*,*,#764,.T.);
#764 = EDGE_CURVE('',#757,#726,#765,.T.);
#765 = LINE('',#766,#767);
#766 = CARTESIAN_POINT('',(71.681774103504,-70.76189776425,6.));
#767 = VECTOR('',#768,1.);
#768 = DIRECTION('',(-9.922326596616E-02,-0.995065195598,0.));
#769 = ORIENTED_EDGE('',*,*,#723,.F.);
#770 = ORIENTED_EDGE('',*,*,#771,.F.);
#771 = EDGE_CURVE('',#755,#724,#772,.T.);
#772 = LINE('',#773,#774);
#773 = CARTESIAN_POINT('',(71.681774103504,-70.76189776425,0.));
#774 = VECTOR('',#775,1.);
#775 = DIRECTION('',(-9.922326596616E-02,-0.995065195598,0.));
#776 = PLANE('',#777);
#777 = AXIS2_PLACEMENT_3D('',#778,#779,#780);
#778 = CARTESIAN_POINT('',(71.681774103504,-70.76189776425,0.));
#779 = DIRECTION('',(0.995065195598,-9.922326596616E-02,0.));
#780 = DIRECTION('',(-9.922326596616E-02,-0.995065195598,0.));
#781 = ADVANCED_FACE('',(#782),#807,.F.);
#782 = FACE_BOUND('',#783,.F.);
#783 = EDGE_LOOP('',(#784,#794,#800,#801));
#784 = ORIENTED_EDGE('',*,*,#785,.T.);
#785 = EDGE_CURVE('',#786,#788,#790,.T.);
#786 = VERTEX_POINT('',#787);
#787 = CARTESIAN_POINT('',(71.749817195681,-69.99697693728,0.));
#788 = VERTEX_POINT('',#789);
#789 = CARTESIAN_POINT('',(71.749817195681,-69.99697693728,6.));
#790 = LINE('',#791,#792);
#791 = CARTESIAN_POINT('',(71.749817195681,-69.99697693728,0.));
#792 = VECTOR('',#793,1.);
#793 = DIRECTION('',(0.,0.,1.));
#794 = ORIENTED_EDGE('',*,*,#795,.T.);
#795 = EDGE_CURVE('',#788,#757,#796,.T.);
#796 = LINE('',#797,#798);
#797 = CARTESIAN_POINT('',(71.749817195681,-69.99697693728,6.));
#798 = VECTOR('',#799,1.);
#799 = DIRECTION('',(-8.860455650832E-02,-0.996066881573,0.));
#800 = ORIENTED_EDGE('',*,*,#754,.F.);
#801 = ORIENTED_EDGE('',*,*,#802,.F.);
#802 = EDGE_CURVE('',#786,#755,#803,.T.);
#803 = LINE('',#804,#805);
#804 = CARTESIAN_POINT('',(71.749817195681,-69.99697693728,0.));
#805 = VECTOR('',#806,1.);
#806 = DIRECTION('',(-8.860455650832E-02,-0.996066881573,0.));
#807 = PLANE('',#808);
#808 = AXIS2_PLACEMENT_3D('',#809,#810,#811);
#809 = CARTESIAN_POINT('',(71.749817195681,-69.99697693728,0.));
#810 = DIRECTION('',(0.996066881573,-8.860455650832E-02,0.));
#811 = DIRECTION('',(-8.860455650832E-02,-0.996066881573,0.));
#812 = ADVANCED_FACE('',(#813),#838,.F.);
#813 = FACE_BOUND('',#814,.F.);
#814 = EDGE_LOOP('',(#815,#825,#831,#832));
#815 = ORIENTED_EDGE('',*,*,#816,.T.);
#816 = EDGE_CURVE('',#817,#819,#821,.T.);
#817 = VERTEX_POINT('',#818);
#818 = CARTESIAN_POINT('',(71.809698002441,-69.23137389202,0.));
#819 = VERTEX_POINT('',#820);
#820 = CARTESIAN_POINT('',(71.809698002441,-69.23137389202,6.));
#821 = LINE('',#822,#823);
#822 = CARTESIAN_POINT('',(71.809698002441,-69.23137389202,0.));
#823 = VECTOR('',#824,1.);
#824 = DIRECTION('',(0.,0.,1.));
#825 = ORIENTED_EDGE('',*,*,#826,.T.);
#826 = EDGE_CURVE('',#819,#788,#827,.T.);
#827 = LINE('',#828,#829);
#828 = CARTESIAN_POINT('',(71.809698002441,-69.23137389202,6.));
#829 = VECTOR('',#830,1.);
#830 = DIRECTION('',(-7.797576736375E-02,-0.996955254615,0.));
#831 = ORIENTED_EDGE('',*,*,#785,.F.);
#832 = ORIENTED_EDGE('',*,*,#833,.F.);
#833 = EDGE_CURVE('',#817,#786,#834,.T.);
#834 = LINE('',#835,#836);
#835 = CARTESIAN_POINT('',(71.809698002441,-69.23137389202,0.));
#836 = VECTOR('',#837,1.);
#837 = DIRECTION('',(-7.797576736375E-02,-0.996955254615,0.));
#838 = PLANE('',#839);
#839 = AXIS2_PLACEMENT_3D('',#840,#841,#842);
#840 = CARTESIAN_POINT('',(71.809698002441,-69.23137389202,0.));
#841 = DIRECTION('',(0.996955254615,-7.797576736375E-02,0.));
#842 = DIRECTION('',(-7.797576736375E-02,-0.996955254615,0.));
#843 = ADVANCED_FACE('',(#844),#869,.F.);
#844 = FACE_BOUND('',#845,.F.);
#845 = EDGE_LOOP('',(#846,#856,#862,#863));
#846 = ORIENTED_EDGE('',*,*,#847,.T.);
#847 = EDGE_CURVE('',#848,#850,#852,.T.);
#848 = VERTEX_POINT('',#849);
#849 = CARTESIAN_POINT('',(71.861409711722,-68.46517572376,0.));
#850 = VERTEX_POINT('',#851);
#851 = CARTESIAN_POINT('',(71.861409711722,-68.46517572376,6.));
#852 = LINE('',#853,#854);
#853 = CARTESIAN_POINT('',(71.861409711722,-68.46517572376,0.));
#854 = VECTOR('',#855,1.);
#855 = DIRECTION('',(0.,0.,1.));
#856 = ORIENTED_EDGE('',*,*,#857,.T.);
#857 = EDGE_CURVE('',#850,#819,#858,.T.);
#858 = LINE('',#859,#860);
#859 = CARTESIAN_POINT('',(71.861409711722,-68.46517572376,6.));
#860 = VECTOR('',#861,1.);
#861 = DIRECTION('',(-6.733810766744E-02,-0.997730213663,0.));
#862 = ORIENTED_EDGE('',*,*,#816,.F.);
#863 = ORIENTED_EDGE('',*,*,#864,.F.);
#864 = EDGE_CURVE('',#848,#817,#865,.T.);
#865 = LINE('',#866,#867);
#866 = CARTESIAN_POINT('',(71.861409711722,-68.46517572376,0.));
#867 = VECTOR('',#868,1.);
#868 = DIRECTION('',(-6.733810766744E-02,-0.997730213663,0.));
#869 = PLANE('',#870);
#870 = AXIS2_PLACEMENT_3D('',#871,#872,#873);
#871 = CARTESIAN_POINT('',(71.861409711722,-68.46517572376,0.));
#872 = DIRECTION('',(0.997730213663,-6.733810766744E-02,0.));
#873 = DIRECTION('',(-6.733810766744E-02,-0.997730213663,0.));
#874 = ADVANCED_FACE('',(#875),#900,.F.);
#875 = FACE_BOUND('',#876,.F.);
#876 = EDGE_LOOP('',(#877,#887,#893,#894));
#877 = ORIENTED_EDGE('',*,*,#878,.T.);
#878 = EDGE_CURVE('',#879,#881,#883,.T.);
#879 = VERTEX_POINT('',#880);
#880 = CARTESIAN_POINT('',(71.904946440779,-67.69846959547,0.));
#881 = VERTEX_POINT('',#882);
#882 = CARTESIAN_POINT('',(71.904946440779,-67.69846959547,6.));
#883 = LINE('',#884,#885);
#884 = CARTESIAN_POINT('',(71.904946440779,-67.69846959547,0.));
#885 = VECTOR('',#886,1.);
#886 = DIRECTION('',(0.,0.,1.));
#887 = ORIENTED_EDGE('',*,*,#888,.T.);
#888 = EDGE_CURVE('',#881,#850,#889,.T.);
#889 = LINE('',#890,#891);
#890 = CARTESIAN_POINT('',(71.904946440779,-67.69846959547,6.));
#891 = VECTOR('',#892,1.);
#892 = DIRECTION('',(-5.669278756338E-02,-0.998391670557,0.));
#893 = ORIENTED_EDGE('',*,*,#847,.F.);
#894 = ORIENTED_EDGE('',*,*,#895,.F.);
#895 = EDGE_CURVE('',#879,#848,#896,.T.);
#896 = LINE('',#897,#898);
#897 = CARTESIAN_POINT('',(71.904946440779,-67.69846959547,0.));
#898 = VECTOR('',#899,1.);
#899 = DIRECTION('',(-5.669278756338E-02,-0.998391670557,0.));
#900 = PLANE('',#901);
#901 = AXIS2_PLACEMENT_3D('',#902,#903,#904);
#902 = CARTESIAN_POINT('',(71.904946440779,-67.69846959547,0.));
#903 = DIRECTION('',(0.998391670557,-5.669278756338E-02,0.));
#904 = DIRECTION('',(-5.669278756338E-02,-0.998391670557,0.));
#905 = ADVANCED_FACE('',(#906),#931,.F.);
#906 = FACE_BOUND('',#907,.F.);
#907 = EDGE_LOOP('',(#908,#918,#924,#925));
#908 = ORIENTED_EDGE('',*,*,#909,.T.);
#909 = EDGE_CURVE('',#910,#912,#914,.T.);
#910 = VERTEX_POINT('',#911);
#911 = CARTESIAN_POINT('',(71.94030323686,-66.93134272793,0.));
#912 = VERTEX_POINT('',#913);
#913 = CARTESIAN_POINT('',(71.94030323686,-66.93134272793,6.));
#914 = LINE('',#915,#916);
#915 = CARTESIAN_POINT('',(71.94030323686,-66.93134272793,0.));
#916 = VECTOR('',#917,1.);
#917 = DIRECTION('',(0.,0.,1.));
#918 = ORIENTED_EDGE('',*,*,#919,.T.);
#919 = EDGE_CURVE('',#912,#881,#920,.T.);
#920 = LINE('',#921,#922);
#921 = CARTESIAN_POINT('',(71.94030323686,-66.93134272793,6.));
#922 = VECTOR('',#923,1.);
#923 = DIRECTION('',(-4.604101806709E-02,-0.998939550051,0.));
#924 = ORIENTED_EDGE('',*,*,#878,.F.);
#925 = ORIENTED_EDGE('',*,*,#926,.F.);
#926 = EDGE_CURVE('',#910,#879,#927,.T.);
#927 = LINE('',#928,#929);
#928 = CARTESIAN_POINT('',(71.94030323686,-66.93134272793,0.));
#929 = VECTOR('',#930,1.);
#930 = DIRECTION('',(-4.604101806709E-02,-0.998939550051,0.));
#931 = PLANE('',#932);
#932 = AXIS2_PLACEMENT_3D('',#933,#934,#935);
#933 = CARTESIAN_POINT('',(71.94030323686,-66.93134272793,0.));
#934 = DIRECTION('',(0.998939550051,-4.604101806709E-02,0.));
#935 = DIRECTION('',(-4.604101806709E-02,-0.998939550051,0.));
#936 = ADVANCED_FACE('',(#937),#962,.F.);
#937 = FACE_BOUND('',#938,.F.);
#938 = EDGE_LOOP('',(#939,#949,#955,#956));
#939 = ORIENTED_EDGE('',*,*,#940,.T.);
#940 = EDGE_CURVE('',#941,#943,#945,.T.);
#941 = VERTEX_POINT('',#942);
#942 = CARTESIAN_POINT('',(71.967476077762,-66.16388238978,0.));
#943 = VERTEX_POINT('',#944);
#944 = CARTESIAN_POINT('',(71.967476077762,-66.16388238978,6.));
#945 = LINE('',#946,#947);
#946 = CARTESIAN_POINT('',(71.967476077762,-66.16388238978,0.));
#947 = VECTOR('',#948,1.);
#948 = DIRECTION('',(0.,0.,1.));
#949 = ORIENTED_EDGE('',*,*,#950,.T.);
#950 = EDGE_CURVE('',#943,#912,#951,.T.);
#951 = LINE('',#952,#953);
#952 = CARTESIAN_POINT('',(71.967476077762,-66.16388238978,6.));
#953 = VECTOR('',#954,1.);
#954 = DIRECTION('',(-3.538401092777E-02,-0.999373789816,0.));
#955 = ORIENTED_EDGE('',*,*,#909,.F.);
#956 = ORIENTED_EDGE('',*,*,#957,.F.);
#957 = EDGE_CURVE('',#941,#910,#958,.T.);
#958 = LINE('',#959,#960);
#959 = CARTESIAN_POINT('',(71.967476077762,-66.16388238978,0.));
#960 = VECTOR('',#961,1.);
#961 = DIRECTION('',(-3.538401092777E-02,-0.999373789816,0.));
#962 = PLANE('',#963);
#963 = AXIS2_PLACEMENT_3D('',#964,#965,#966);
#964 = CARTESIAN_POINT('',(71.967476077762,-66.16388238978,0.));
#965 = DIRECTION('',(0.999373789816,-3.538401092777E-02,0.));
#966 = DIRECTION('',(-3.538401092777E-02,-0.999373789816,0.));
#967 = ADVANCED_FACE('',(#968),#993,.F.);
#968 = FACE_BOUND('',#969,.F.);
#969 = EDGE_LOOP('',(#970,#980,#986,#987));
#970 = ORIENTED_EDGE('',*,*,#971,.T.);
#971 = EDGE_CURVE('',#972,#974,#976,.T.);
#972 = VERTEX_POINT('',#973);
#973 = CARTESIAN_POINT('',(71.986461872292,-65.39617588757,0.));
#974 = VERTEX_POINT('',#975);
#975 = CARTESIAN_POINT('',(71.986461872292,-65.39617588757,6.));
#976 = LINE('',#977,#978);
#977 = CARTESIAN_POINT('',(71.986461872292,-65.39617588757,0.));
#978 = VECTOR('',#979,1.);
#979 = DIRECTION('',(0.,0.,1.));
#980 = ORIENTED_EDGE('',*,*,#981,.T.);
#981 = EDGE_CURVE('',#974,#943,#982,.T.);
#982 = LINE('',#983,#984);
#983 = CARTESIAN_POINT('',(71.986461872292,-65.39617588757,6.));
#984 = VECTOR('',#985,1.);
#985 = DIRECTION('',(-2.472297849045E-02,-0.999694340453,0.));
#986 = ORIENTED_EDGE('',*,*,#940,.F.);
#987 = ORIENTED_EDGE('',*,*,#988,.F.);
#988 = EDGE_CURVE('',#972,#941,#989,.T.);
#989 = LINE('',#990,#991);
#990 = CARTESIAN_POINT('',(71.986461872292,-65.39617588757,0.));
#991 = VECTOR('',#992,1.);
#992 = DIRECTION('',(-2.472297849045E-02,-0.999694340453,0.));
#993 = PLANE('',#994);
#994 = AXIS2_PLACEMENT_3D('',#995,#996,#997);
#995 = CARTESIAN_POINT('',(71.986461872292,-65.39617588757,0.));
#996 = DIRECTION('',(0.999694340453,-2.472297849045E-02,0.));
#997 = DIRECTION('',(-2.472297849045E-02,-0.999694340453,0.));
#998 = ADVANCED_FACE('',(#999),#1015,.F.);
#999 = FACE_BOUND('',#1000,.F.);
#1000 = EDGE_LOOP('',(#1001,#1002,#1008,#1009));
#1001 = ORIENTED_EDGE('',*,*,#165,.T.);
#1002 = ORIENTED_EDGE('',*,*,#1003,.T.);
#1003 = EDGE_CURVE('',#158,#974,#1004,.T.);
#1004 = LINE('',#1005,#1006);
#1005 = CARTESIAN_POINT('',(71.99725846062,-64.62831055588,6.));
#1006 = VECTOR('',#1007,1.);
#1007 = DIRECTION('',(-1.405913355802E-02,-0.999901165498,0.));
#1008 = ORIENTED_EDGE('',*,*,#971,.F.);
#1009 = ORIENTED_EDGE('',*,*,#1010,.F.);
#1010 = EDGE_CURVE('',#166,#972,#1011,.T.);
#1011 = LINE('',#1012,#1013);
#1012 = CARTESIAN_POINT('',(71.99725846062,-64.62831055588,0.));
#1013 = VECTOR('',#1014,1.);
#1014 = DIRECTION('',(-1.405913355802E-02,-0.999901165498,0.));
#1015 = PLANE('',#1016);
#1016 = AXIS2_PLACEMENT_3D('',#1017,#1018,#1019);
#1017 = CARTESIAN_POINT('',(71.99725846062,-64.62831055588,0.));
#1018 = DIRECTION('',(0.999901165498,-1.405913355802E-02,0.));
#1019 = DIRECTION('',(-1.405913355802E-02,-0.999901165498,0.));
#1020 = ADVANCED_FACE('',(#1021),#1046,.F.);
#1021 = FACE_BOUND('',#1022,.F.);
#1022 = EDGE_LOOP('',(#1023,#1024,#1032,#1040));
#1023 = ORIENTED_EDGE('',*,*,#205,.T.);
#1024 = ORIENTED_EDGE('',*,*,#1025,.T.);
#1025 = EDGE_CURVE('',#198,#1026,#1028,.T.);
#1026 = VERTEX_POINT('',#1027);
#1027 = CARTESIAN_POINT('',(95.630475596304,-93.23717047227,6.));
#1028 = LINE('',#1029,#1030);
#1029 = CARTESIAN_POINT('',(68.853942429339,-85.05076274003,6.));
#1030 = VECTOR('',#1031,1.);
#1031 = DIRECTION('',(0.956304755963,-0.292371704723,0.));
#1032 = ORIENTED_EDGE('',*,*,#1033,.F.);
#1033 = EDGE_CURVE('',#1034,#1026,#1036,.T.);
#1034 = VERTEX_POINT('',#1035);
#1035 = CARTESIAN_POINT('',(95.630475596304,-93.23717047227,0.));
#1036 = LINE('',#1037,#1038);
#1037 = CARTESIAN_POINT('',(95.630475596304,-93.23717047227,0.));
#1038 = VECTOR('',#1039,1.);
#1039 = DIRECTION('',(0.,0.,1.));
#1040 = ORIENTED_EDGE('',*,*,#1041,.F.);
#1041 = EDGE_CURVE('',#206,#1034,#1042,.T.);
#1042 = LINE('',#1043,#1044);
#1043 = CARTESIAN_POINT('',(68.853942429339,-85.05076274003,0.));
#1044 = VECTOR('',#1045,1.);
#1045 = DIRECTION('',(0.956304755963,-0.292371704723,0.));
#1046 = PLANE('',#1047);
#1047 = AXIS2_PLACEMENT_3D('',#1048,#1049,#1050);
#1048 = CARTESIAN_POINT('',(68.853942429339,-85.05076274003,0.));
#1049 = DIRECTION('',(0.292371704723,0.956304755963,-0.));
#1050 = DIRECTION('',(0.956304755963,-0.292371704723,0.));
#1051 = ADVANCED_FACE('',(#1052),#1086,.T.);
#1052 = FACE_BOUND('',#1053,.T.);
#1053 = EDGE_LOOP('',(#1054,#1064,#1072,#1080));
#1054 = ORIENTED_EDGE('',*,*,#1055,.F.);
#1055 = EDGE_CURVE('',#1056,#1058,#1060,.T.);
#1056 = VERTEX_POINT('',#1057);
#1057 = CARTESIAN_POINT('',(33.82773088155,-55.01753800979,0.));
#1058 = VERTEX_POINT('',#1059);
#1059 = CARTESIAN_POINT('',(70.953002738758,-51.76949759197,0.));
#1060 = LINE('',#1061,#1062);
#1061 = CARTESIAN_POINT('',(29.362906486266,-55.40815952902,0.));
#1062 = VECTOR('',#1063,1.);
#1063 = DIRECTION('',(0.996194698092,8.715574274766E-02,0.));
#1064 = ORIENTED_EDGE('',*,*,#1065,.T.);
#1065 = EDGE_CURVE('',#1056,#1066,#1068,.T.);
#1066 = VERTEX_POINT('',#1067);
#1067 = CARTESIAN_POINT('',(33.82773088155,-55.01753800979,6.));
#1068 = LINE('',#1069,#1070);
#1069 = CARTESIAN_POINT('',(33.82773088155,-55.01753800979,0.));
#1070 = VECTOR('',#1071,1.);
#1071 = DIRECTION('',(0.,0.,1.));
#1072 = ORIENTED_EDGE('',*,*,#1073,.T.);
#1073 = EDGE_CURVE('',#1066,#1074,#1076,.T.);
#1074 = VERTEX_POINT('',#1075);
#1075 = CARTESIAN_POINT('',(70.953002738758,-51.76949759197,6.));
#1076 = LINE('',#1077,#1078);
#1077 = CARTESIAN_POINT('',(29.362906486266,-55.40815952902,6.));
#1078 = VECTOR('',#1079,1.);
#1079 = DIRECTION('',(0.996194698092,8.715574274766E-02,0.));
#1080 = ORIENTED_EDGE('',*,*,#1081,.T.);
#1081 = EDGE_CURVE('',#1074,#1058,#1082,.T.);
#1082 = LINE('',#1083,#1084);
#1083 = CARTESIAN_POINT('',(70.953002738758,-51.76949759197,0.));
#1084 = VECTOR('',#1085,1.);
#1085 = DIRECTION('',(-0.,0.,-1.));
#1086 = PLANE('',#1087);
#1087 = AXIS2_PLACEMENT_3D('',#1088,#1089,#1090);
#1088 = CARTESIAN_POINT('',(29.362906486266,-55.40815952902,0.));
#1089 = DIRECTION('',(-8.715574274766E-02,0.996194698092,0.));
#1090 = DIRECTION('',(0.,0.,1.));
#1091 = ADVANCED_FACE('',(#1092),#1119,.T.);
#1092 = FACE_BOUND('',#1093,.T.);
#1093 = EDGE_LOOP('',(#1094,#1103,#1104,#1113));
#1094 = ORIENTED_EDGE('',*,*,#1095,.F.);
#1095 = EDGE_CURVE('',#1066,#1096,#1098,.T.);
#1096 = VERTEX_POINT('',#1097);
#1097 = CARTESIAN_POINT('',(-34.03821062629,-72.14863285219,6.));
#1098 = CIRCLE('',#1099,35.);
#1099 = AXIS2_PLACEMENT_3D('',#1100,#1101,#1102);
#1100 = CARTESIAN_POINT('',(0.,-64.,6.));
#1101 = DIRECTION('',(0.,0.,1.));
#1102 = DIRECTION('',(1.,0.,-0.));
#1103 = ORIENTED_EDGE('',*,*,#1065,.F.);
#1104 = ORIENTED_EDGE('',*,*,#1105,.T.);
#1105 = EDGE_CURVE('',#1056,#1106,#1108,.T.);
#1106 = VERTEX_POINT('',#1107);
#1107 = CARTESIAN_POINT('',(-34.03821062629,-72.14863285219,0.));
#1108 = CIRCLE('',#1109,35.);
#1109 = AXIS2_PLACEMENT_3D('',#1110,#1111,#1112);
#1110 = CARTESIAN_POINT('',(0.,-64.,0.));
#1111 = DIRECTION('',(0.,0.,1.));
#1112 = DIRECTION('',(1.,0.,-0.));
#1113 = ORIENTED_EDGE('',*,*,#1114,.T.);
#1114 = EDGE_CURVE('',#1106,#1096,#1115,.T.);
#1115 = LINE('',#1116,#1117);
#1116 = CARTESIAN_POINT('',(-34.03821062629,-72.14863285219,0.));
#1117 = VECTOR('',#1118,1.);
#1118 = DIRECTION('',(0.,0.,1.));
#1119 = CYLINDRICAL_SURFACE('',#1120,35.);
#1120 = AXIS2_PLACEMENT_3D('',#1121,#1122,#1123);
#1121 = CARTESIAN_POINT('',(0.,-64.,0.));
#1122 = DIRECTION('',(0.,0.,1.));
#1123 = DIRECTION('',(1.,0.,-0.));
#1124 = ADVANCED_FACE('',(#1125),#1150,.F.);
#1125 = FACE_BOUND('',#1126,.F.);
#1126 = EDGE_LOOP('',(#1127,#1135,#1143,#1149));
#1127 = ORIENTED_EDGE('',*,*,#1128,.F.);
#1128 = EDGE_CURVE('',#1129,#1058,#1131,.T.);
#1129 = VERTEX_POINT('',#1130);
#1130 = CARTESIAN_POINT('',(70.930270732537,-51.63485973355,0.));
#1131 = LINE('',#1132,#1133);
#1132 = CARTESIAN_POINT('',(70.930270732537,-51.63485973355,0.));
#1133 = VECTOR('',#1134,1.);
#1134 = DIRECTION('',(0.166481925044,-0.986044506416,0.));
#1135 = ORIENTED_EDGE('',*,*,#1136,.T.);
#1136 = EDGE_CURVE('',#1129,#1137,#1139,.T.);
#1137 = VERTEX_POINT('',#1138);
#1138 = CARTESIAN_POINT('',(70.930270732537,-51.63485973355,6.));
#1139 = LINE('',#1140,#1141);
#1140 = CARTESIAN_POINT('',(70.930270732537,-51.63485973355,0.));
#1141 = VECTOR('',#1142,1.);
#1142 = DIRECTION('',(0.,0.,1.));
#1143 = ORIENTED_EDGE('',*,*,#1144,.T.);
#1144 = EDGE_CURVE('',#1137,#1074,#1145,.T.);
#1145 = LINE('',#1146,#1147);
#1146 = CARTESIAN_POINT('',(70.930270732537,-51.63485973355,6.));
#1147 = VECTOR('',#1148,1.);
#1148 = DIRECTION('',(0.166481925044,-0.986044506416,0.));
#1149 = ORIENTED_EDGE('',*,*,#1081,.T.);
#1150 = PLANE('',#1151);
#1151 = AXIS2_PLACEMENT_3D('',#1152,#1153,#1154);
#1152 = CARTESIAN_POINT('',(70.930270732537,-51.63485973355,0.));
#1153 = DIRECTION('',(0.986044506416,0.166481925044,-0.));
#1154 = DIRECTION('',(0.166481925044,-0.986044506416,0.));
#1155 = ADVANCED_FACE('',(#1156),#1181,.F.);
#1156 = FACE_BOUND('',#1157,.F.);
#1157 = EDGE_LOOP('',(#1158,#1166,#1167,#1175));
#1158 = ORIENTED_EDGE('',*,*,#1159,.F.);
#1159 = EDGE_CURVE('',#1106,#1160,#1162,.T.);
#1160 = VERTEX_POINT('',#1161);
#1161 = CARTESIAN_POINT('',(-73.52215753494,-90.56029966988,0.));
#1162 = LINE('',#1163,#1164);
#1163 = CARTESIAN_POINT('',(-25.6160225081,-68.22130203426,0.));
#1164 = VECTOR('',#1165,1.);
#1165 = DIRECTION('',(-0.906307787037,-0.422618261741,0.));
#1166 = ORIENTED_EDGE('',*,*,#1114,.T.);
#1167 = ORIENTED_EDGE('',*,*,#1168,.T.);
#1168 = EDGE_CURVE('',#1096,#1169,#1171,.T.);
#1169 = VERTEX_POINT('',#1170);
#1170 = CARTESIAN_POINT('',(-73.52215753494,-90.56029966988,6.));
#1171 = LINE('',#1172,#1173);
#1172 = CARTESIAN_POINT('',(-25.6160225081,-68.22130203426,6.));
#1173 = VECTOR('',#1174,1.);
#1174 = DIRECTION('',(-0.906307787037,-0.422618261741,0.));
#1175 = ORIENTED_EDGE('',*,*,#1176,.F.);
#1176 = EDGE_CURVE('',#1160,#1169,#1177,.T.);
#1177 = LINE('',#1178,#1179);
#1178 = CARTESIAN_POINT('',(-73.52215753494,-90.56029966988,0.));
#1179 = VECTOR('',#1180,1.);
#1180 = DIRECTION('',(0.,0.,1.));
#1181 = PLANE('',#1182);
#1182 = AXIS2_PLACEMENT_3D('',#1183,#1184,#1185);
#1183 = CARTESIAN_POINT('',(-25.6160225081,-68.22130203426,0.));
#1184 = DIRECTION('',(0.422618261741,-0.906307787037,0.));
#1185 = DIRECTION('',(0.,0.,1.));
#1186 = ADVANCED_FACE('',(#1187),#1212,.F.);
#1187 = FACE_BOUND('',#1188,.F.);
#1188 = EDGE_LOOP('',(#1189,#1199,#1205,#1206));
#1189 = ORIENTED_EDGE('',*,*,#1190,.T.);
#1190 = EDGE_CURVE('',#1191,#1193,#1195,.T.);
#1191 = VERTEX_POINT('',#1192);
#1192 = CARTESIAN_POINT('',(70.794353344605,-50.87904216456,0.));
#1193 = VERTEX_POINT('',#1194);
#1194 = CARTESIAN_POINT('',(70.794353344605,-50.87904216456,6.));
#1195 = LINE('',#1196,#1197);
#1196 = CARTESIAN_POINT('',(70.794353344605,-50.87904216456,0.));
#1197 = VECTOR('',#1198,1.);
#1198 = DIRECTION('',(0.,0.,1.));
#1199 = ORIENTED_EDGE('',*,*,#1200,.T.);
#1200 = EDGE_CURVE('',#1193,#1137,#1201,.T.);
#1201 = LINE('',#1202,#1203);
#1202 = CARTESIAN_POINT('',(70.794353344605,-50.87904216456,6.));
#1203 = VECTOR('',#1204,1.);
#1204 = DIRECTION('',(0.176989309188,-0.984212773964,0.));
#1205 = ORIENTED_EDGE('',*,*,#1136,.F.);
#1206 = ORIENTED_EDGE('',*,*,#1207,.F.);
#1207 = EDGE_CURVE('',#1191,#1129,#1208,.T.);
#1208 = LINE('',#1209,#1210);
#1209 = CARTESIAN_POINT('',(70.794353344605,-50.87904216456,0.));
#1210 = VECTOR('',#1211,1.);
#1211 = DIRECTION('',(0.176989309188,-0.984212773964,0.));
#1212 = PLANE('',#1213);
#1213 = AXIS2_PLACEMENT_3D('',#1214,#1215,#1216);
#1214 = CARTESIAN_POINT('',(70.794353344605,-50.87904216456,0.));
#1215 = DIRECTION('',(0.984212773964,0.176989309188,-0.));
#1216 = DIRECTION('',(0.176989309188,-0.984212773964,0.));
#1217 = ADVANCED_FACE('',(#1218),#1243,.F.);
#1218 = FACE_BOUND('',#1219,.F.);
#1219 = EDGE_LOOP('',(#1220,#1230,#1236,#1237));
#1220 = ORIENTED_EDGE('',*,*,#1221,.T.);
#1221 = EDGE_CURVE('',#1222,#1224,#1226,.T.);
#1222 = VERTEX_POINT('',#1223);
#1223 = CARTESIAN_POINT('',(70.650382365172,-50.12471724053,0.));
#1224 = VERTEX_POINT('',#1225);
#1225 = CARTESIAN_POINT('',(70.650382365172,-50.12471724053,6.));
#1226 = LINE('',#1227,#1228);
#1227 = CARTESIAN_POINT('',(70.650382365172,-50.12471724053,0.));
#1228 = VECTOR('',#1229,1.);
#1229 = DIRECTION('',(0.,0.,1.));
#1230 = ORIENTED_EDGE('',*,*,#1231,.T.);
#1231 = EDGE_CURVE('',#1224,#1193,#1232,.T.);
#1232 = LINE('',#1233,#1234);
#1233 = CARTESIAN_POINT('',(70.650382365172,-50.12471724053,6.));
#1234 = VECTOR('',#1235,1.);
#1235 = DIRECTION('',(0.187476558964,-0.982269077106,0.));
#1236 = ORIENTED_EDGE('',*,*,#1190,.F.);
#1237 = ORIENTED_EDGE('',*,*,#1238,.F.);
#1238 = EDGE_CURVE('',#1222,#1191,#1239,.T.);
#1239 = LINE('',#1240,#1241);
#1240 = CARTESIAN_POINT('',(70.650382365172,-50.12471724053,0.));
#1241 = VECTOR('',#1242,1.);
#1242 = DIRECTION('',(0.187476558964,-0.982269077106,0.));
#1243 = PLANE('',#1244);
#1244 = AXIS2_PLACEMENT_3D('',#1245,#1246,#1247);
#1245 = CARTESIAN_POINT('',(70.650382365172,-50.12471724053,0.));
#1246 = DIRECTION('',(0.982269077106,0.187476558964,-0.));
#1247 = DIRECTION('',(0.187476558964,-0.982269077106,0.));
#1248 = ADVANCED_FACE('',(#1249),#1274,.F.);
#1249 = FACE_BOUND('',#1250,.F.);
#1250 = EDGE_LOOP('',(#1251,#1261,#1267,#1268));
#1251 = ORIENTED_EDGE('',*,*,#1252,.T.);
#1252 = EDGE_CURVE('',#1253,#1255,#1257,.T.);
#1253 = VERTEX_POINT('',#1254);
#1254 = CARTESIAN_POINT('',(70.498374172429,-49.37197077374,0.));
#1255 = VERTEX_POINT('',#1256);
#1256 = CARTESIAN_POINT('',(70.498374172429,-49.37197077374,6.));
#1257 = LINE('',#1258,#1259);
#1258 = CARTESIAN_POINT('',(70.498374172429,-49.37197077374,0.));
#1259 = VECTOR('',#1260,1.);
#1260 = DIRECTION('',(0.,0.,1.));
#1261 = ORIENTED_EDGE('',*,*,#1262,.T.);
#1262 = EDGE_CURVE('',#1255,#1224,#1263,.T.);
#1263 = LINE('',#1264,#1265);
#1264 = CARTESIAN_POINT('',(70.498374172429,-49.37197077374,6.));
#1265 = VECTOR('',#1266,1.);
#1266 = DIRECTION('',(0.197942481339,-0.98021363696,0.));
#1267 = ORIENTED_EDGE('',*,*,#1221,.F.);
#1268 = ORIENTED_EDGE('',*,*,#1269,.F.);
#1269 = EDGE_CURVE('',#1253,#1222,#1270,.T.);
#1270 = LINE('',#1271,#1272);
#1271 = CARTESIAN_POINT('',(70.498374172429,-49.37197077374,0.));
#1272 = VECTOR('',#1273,1.);
#1273 = DIRECTION('',(0.197942481339,-0.98021363696,0.));
#1274 = PLANE('',#1275);
#1275 = AXIS2_PLACEMENT_3D('',#1276,#1277,#1278);
#1276 = CARTESIAN_POINT('',(70.498374172429,-49.37197077374,0.));
#1277 = DIRECTION('',(0.98021363696,0.197942481339,-0.));
#1278 = DIRECTION('',(0.197942481339,-0.98021363696,0.));
#1279 = ADVANCED_FACE('',(#1280),#1305,.F.);
#1280 = FACE_BOUND('',#1281,.F.);
#1281 = EDGE_LOOP('',(#1282,#1292,#1298,#1299));
#1282 = ORIENTED_EDGE('',*,*,#1283,.T.);
#1283 = EDGE_CURVE('',#1284,#1286,#1288,.T.);
#1284 = VERTEX_POINT('',#1285);
#1285 = CARTESIAN_POINT('',(70.338346058885,-48.6208883969,0.));
#1286 = VERTEX_POINT('',#1287);
#1287 = CARTESIAN_POINT('',(70.338346058885,-48.6208883969,6.));
#1288 = LINE('',#1289,#1290);
#1289 = CARTESIAN_POINT('',(70.338346058885,-48.6208883969,0.));
#1290 = VECTOR('',#1291,1.);
#1291 = DIRECTION('',(0.,0.,1.));
#1292 = ORIENTED_EDGE('',*,*,#1293,.T.);
#1293 = EDGE_CURVE('',#1286,#1255,#1294,.T.);
#1294 = LINE('',#1295,#1296);
#1295 = CARTESIAN_POINT('',(70.338346058885,-48.6208883969,6.));
#1296 = VECTOR('',#1297,1.);
#1297 = DIRECTION('',(0.208385885704,-0.978046687352,0.));
#1298 = ORIENTED_EDGE('',*,*,#1252,.F.);
#1299 = ORIENTED_EDGE('',*,*,#1300,.F.);
#1300 = EDGE_CURVE('',#1284,#1253,#1301,.T.);
#1301 = LINE('',#1302,#1303);
#1302 = CARTESIAN_POINT('',(70.338346058885,-48.6208883969,0.));
#1303 = VECTOR('',#1304,1.);
#1304 = DIRECTION('',(0.208385885704,-0.978046687352,0.));
#1305 = PLANE('',#1306);
#1306 = AXIS2_PLACEMENT_3D('',#1307,#1308,#1309);
#1307 = CARTESIAN_POINT('',(70.338346058885,-48.6208883969,0.));
#1308 = DIRECTION('',(0.978046687352,0.208385885704,-0.));
#1309 = DIRECTION('',(0.208385885704,-0.978046687352,0.));
#1310 = ADVANCED_FACE('',(#1311),#1336,.F.);
#1311 = FACE_BOUND('',#1312,.F.);
#1312 = EDGE_LOOP('',(#1313,#1323,#1329,#1330));
#1313 = ORIENTED_EDGE('',*,*,#1314,.T.);
#1314 = EDGE_CURVE('',#1315,#1317,#1319,.T.);
#1315 = VERTEX_POINT('',#1316);
#1316 = CARTESIAN_POINT('',(70.170316229396,-47.87155555341,0.));
#1317 = VERTEX_POINT('',#1318);
#1318 = CARTESIAN_POINT('',(70.170316229396,-47.87155555341,6.));
#1319 = LINE('',#1320,#1321);
#1320 = CARTESIAN_POINT('',(70.170316229396,-47.87155555341,0.));
#1321 = VECTOR('',#1322,1.);
#1322 = DIRECTION('',(0.,0.,1.));
#1323 = ORIENTED_EDGE('',*,*,#1324,.T.);
#1324 = EDGE_CURVE('',#1317,#1286,#1325,.T.);
#1325 = LINE('',#1326,#1327);
#1326 = CARTESIAN_POINT('',(70.170316229396,-47.87155555341,6.));
#1327 = VECTOR('',#1328,1.);
#1328 = DIRECTION('',(0.218805584015,-0.975768474795,0.));
#1329 = ORIENTED_EDGE('',*,*,#1283,.F.);
#1330 = ORIENTED_EDGE('',*,*,#1331,.F.);
#1331 = EDGE_CURVE('',#1315,#1284,#1332,.T.);
#1332 = LINE('',#1333,#1334);
#1333 = CARTESIAN_POINT('',(70.170316229396,-47.87155555341,0.));
#1334 = VECTOR('',#1335,1.);
#1335 = DIRECTION('',(0.218805584015,-0.975768474795,0.));
#1336 = PLANE('',#1337);
#1337 = AXIS2_PLACEMENT_3D('',#1338,#1339,#1340);
#1338 = CARTESIAN_POINT('',(70.170316229396,-47.87155555341,0.));
#1339 = DIRECTION('',(0.975768474795,0.218805584015,-0.));
#1340 = DIRECTION('',(0.218805584015,-0.975768474795,0.));
#1341 = ADVANCED_FACE('',(#1342),#1367,.F.);
#1342 = FACE_BOUND('',#1343,.F.);
#1343 = EDGE_LOOP('',(#1344,#1354,#1360,#1361));
#1344 = ORIENTED_EDGE('',*,*,#1345,.T.);
#1345 = EDGE_CURVE('',#1346,#1348,#1350,.T.);
#1346 = VERTEX_POINT('',#1347);
#1347 = CARTESIAN_POINT('',(69.994303799096,-47.12405748765,0.));
#1348 = VERTEX_POINT('',#1349);
#1349 = CARTESIAN_POINT('',(69.994303799096,-47.12405748765,6.));
#1350 = LINE('',#1351,#1352);
#1351 = CARTESIAN_POINT('',(69.994303799096,-47.12405748765,0.));
#1352 = VECTOR('',#1353,1.);
#1353 = DIRECTION('',(0.,0.,1.));
#1354 = ORIENTED_EDGE('',*,*,#1355,.T.);
#1355 = EDGE_CURVE('',#1348,#1317,#1356,.T.);
#1356 = LINE('',#1357,#1358);
#1357 = CARTESIAN_POINT('',(69.994303799096,-47.12405748765,6.));
#1358 = VECTOR('',#1359,1.);
#1359 = DIRECTION('',(0.229200390922,-0.97337925846,0.));
#1360 = ORIENTED_EDGE('',*,*,#1314,.F.);
#1361 = ORIENTED_EDGE('',*,*,#1362,.F.);
#1362 = EDGE_CURVE('',#1346,#1315,#1363,.T.);
#1363 = LINE('',#1364,#1365);
#1364 = CARTESIAN_POINT('',(69.994303799096,-47.12405748765,0.));
#1365 = VECTOR('',#1366,1.);
#1366 = DIRECTION('',(0.229200390922,-0.97337925846,0.));
#1367 = PLANE('',#1368);
#1368 = AXIS2_PLACEMENT_3D('',#1369,#1370,#1371);
#1369 = CARTESIAN_POINT('',(69.994303799096,-47.12405748765,0.));
#1370 = DIRECTION('',(0.97337925846,0.229200390922,-0.));
#1371 = DIRECTION('',(0.229200390922,-0.97337925846,0.));
#1372 = ADVANCED_FACE('',(#1373),#1398,.F.);
#1373 = FACE_BOUND('',#1374,.F.);
#1374 = EDGE_LOOP('',(#1375,#1385,#1391,#1392));
#1375 = ORIENTED_EDGE('',*,*,#1376,.T.);
#1376 = EDGE_CURVE('',#1377,#1379,#1381,.T.);
#1377 = VERTEX_POINT('',#1378);
#1378 = CARTESIAN_POINT('',(69.810328791224,-46.37847923528,0.));
#1379 = VERTEX_POINT('',#1380);
#1380 = CARTESIAN_POINT('',(69.810328791224,-46.37847923528,6.));
#1381 = LINE('',#1382,#1383);
#1382 = CARTESIAN_POINT('',(69.810328791224,-46.37847923528,0.));
#1383 = VECTOR('',#1384,1.);
#1384 = DIRECTION('',(0.,0.,1.));
#1385 = ORIENTED_EDGE('',*,*,#1386,.T.);
#1386 = EDGE_CURVE('',#1379,#1348,#1387,.T.);
#1387 = LINE('',#1388,#1389);
#1388 = CARTESIAN_POINT('',(69.810328791224,-46.37847923528,6.));
#1389 = VECTOR('',#1390,1.);
#1390 = DIRECTION('',(0.23956912391,-0.970879310146,0.));
#1391 = ORIENTED_EDGE('',*,*,#1345,.F.);
#1392 = ORIENTED_EDGE('',*,*,#1393,.F.);
#1393 = EDGE_CURVE('',#1377,#1346,#1394,.T.);
#1394 = LINE('',#1395,#1396);
#1395 = CARTESIAN_POINT('',(69.810328791224,-46.37847923528,0.));
#1396 = VECTOR('',#1397,1.);
#1397 = DIRECTION('',(0.23956912391,-0.970879310146,0.));
#1398 = PLANE('',#1399);
#1399 = AXIS2_PLACEMENT_3D('',#1400,#1401,#1402);
#1400 = CARTESIAN_POINT('',(69.810328791224,-46.37847923528,0.));
#1401 = DIRECTION('',(0.970879310146,0.23956912391,-0.));
#1402 = DIRECTION('',(0.23956912391,-0.970879310146,0.));
#1403 = ADVANCED_FACE('',(#1404),#1429,.F.);
#1404 = FACE_BOUND('',#1405,.F.);
#1405 = EDGE_LOOP('',(#1406,#1416,#1422,#1423));
#1406 = ORIENTED_EDGE('',*,*,#1407,.T.);
#1407 = EDGE_CURVE('',#1408,#1410,#1412,.T.);
#1408 = VERTEX_POINT('',#1409);
#1409 = CARTESIAN_POINT('',(69.618412134845,-45.63490561355,0.));
#1410 = VERTEX_POINT('',#1411);
#1411 = CARTESIAN_POINT('',(69.618412134845,-45.63490561355,6.));
#1412 = LINE('',#1413,#1414);
#1413 = CARTESIAN_POINT('',(69.618412134845,-45.63490561355,0.));
#1414 = VECTOR('',#1415,1.);
#1415 = DIRECTION('',(0.,0.,1.));
#1416 = ORIENTED_EDGE('',*,*,#1417,.T.);
#1417 = EDGE_CURVE('',#1410,#1379,#1418,.T.);
#1418 = LINE('',#1419,#1420);
#1419 = CARTESIAN_POINT('',(69.618412134845,-45.63490561355,6.));
#1420 = VECTOR('',#1421,1.);
#1421 = DIRECTION('',(0.249910603426,-0.968268914246,0.));
#1422 = ORIENTED_EDGE('',*,*,#1376,.F.);
#1423 = ORIENTED_EDGE('',*,*,#1424,.F.);
#1424 = EDGE_CURVE('',#1408,#1377,#1425,.T.);
#1425 = LINE('',#1426,#1427);
#1426 = CARTESIAN_POINT('',(69.618412134845,-45.63490561355,0.));
#1427 = VECTOR('',#1428,1.);
#1428 = DIRECTION('',(0.249910603426,-0.968268914246,0.));
#1429 = PLANE('',#1430);
#1430 = AXIS2_PLACEMENT_3D('',#1431,#1432,#1433);
#1431 = CARTESIAN_POINT('',(69.618412134845,-45.63490561355,0.));
#1432 = DIRECTION('',(0.968268914246,0.249910603426,-0.));
#1433 = DIRECTION('',(0.249910603426,-0.968268914246,0.));
#1434 = ADVANCED_FACE('',(#1435),#1460,.F.);
#1435 = FACE_BOUND('',#1436,.F.);
#1436 = EDGE_LOOP('',(#1437,#1447,#1453,#1454));
#1437 = ORIENTED_EDGE('',*,*,#1438,.T.);
#1438 = EDGE_CURVE('',#1439,#1441,#1443,.T.);
#1439 = VERTEX_POINT('',#1440);
#1440 = CARTESIAN_POINT('',(69.418575662466,-44.89342121167,0.));
#1441 = VERTEX_POINT('',#1442);
#1442 = CARTESIAN_POINT('',(69.418575662466,-44.89342121167,6.));
#1443 = LINE('',#1444,#1445);
#1444 = CARTESIAN_POINT('',(69.418575662466,-44.89342121167,0.));
#1445 = VECTOR('',#1446,1.);
#1446 = DIRECTION('',(0.,0.,1.));
#1447 = ORIENTED_EDGE('',*,*,#1448,.T.);
#1448 = EDGE_CURVE('',#1441,#1410,#1449,.T.);
#1449 = LINE('',#1450,#1451);
#1450 = CARTESIAN_POINT('',(69.418575662466,-44.89342121167,6.));
#1451 = VECTOR('',#1452,1.);
#1452 = DIRECTION('',(0.260223653021,-0.965548367721,0.));
#1453 = ORIENTED_EDGE('',*,*,#1407,.F.);
#1454 = ORIENTED_EDGE('',*,*,#1455,.F.);
#1455 = EDGE_CURVE('',#1439,#1408,#1456,.T.);
#1456 = LINE('',#1457,#1458);
#1457 = CARTESIAN_POINT('',(69.418575662466,-44.89342121167,0.));
#1458 = VECTOR('',#1459,1.);
#1459 = DIRECTION('',(0.260223653021,-0.965548367721,0.));
#1460 = PLANE('',#1461);
#1461 = AXIS2_PLACEMENT_3D('',#1462,#1463,#1464);
#1462 = CARTESIAN_POINT('',(69.418575662466,-44.89342121167,0.));
#1463 = DIRECTION('',(0.965548367721,0.260223653021,-0.));
#1464 = DIRECTION('',(0.260223653021,-0.965548367721,0.));
#1465 = ADVANCED_FACE('',(#1466),#1491,.F.);
#1466 = FACE_BOUND('',#1467,.F.);
#1467 = EDGE_LOOP('',(#1468,#1478,#1484,#1485));
#1468 = ORIENTED_EDGE('',*,*,#1469,.T.);
#1469 = EDGE_CURVE('',#1470,#1472,#1474,.T.);
#1470 = VERTEX_POINT('',#1471);
#1471 = CARTESIAN_POINT('',(69.210842107559,-44.15411038117,0.));
#1472 = VERTEX_POINT('',#1473);
#1473 = CARTESIAN_POINT('',(69.210842107559,-44.15411038117,6.));
#1474 = LINE('',#1475,#1476);
#1475 = CARTESIAN_POINT('',(69.210842107559,-44.15411038117,0.));
#1476 = VECTOR('',#1477,1.);
#1477 = DIRECTION('',(0.,0.,1.));
#1478 = ORIENTED_EDGE('',*,*,#1479,.T.);
#1479 = EDGE_CURVE('',#1472,#1441,#1480,.T.);
#1480 = LINE('',#1481,#1482);
#1481 = CARTESIAN_POINT('',(69.210842107559,-44.15411038117,6.));
#1482 = VECTOR('',#1483,1.);
#1483 = DIRECTION('',(0.270507099478,-0.962717980061,0.));
#1484 = ORIENTED_EDGE('',*,*,#1438,.F.);
#1485 = ORIENTED_EDGE('',*,*,#1486,.F.);
#1486 = EDGE_CURVE('',#1470,#1439,#1487,.T.);
#1487 = LINE('',#1488,#1489);
#1488 = CARTESIAN_POINT('',(69.210842107559,-44.15411038117,0.));
#1489 = VECTOR('',#1490,1.);
#1490 = DIRECTION('',(0.270507099478,-0.962717980061,0.));
#1491 = PLANE('',#1492);
#1492 = AXIS2_PLACEMENT_3D('',#1493,#1494,#1495);
#1493 = CARTESIAN_POINT('',(69.210842107559,-44.15411038117,0.));
#1494 = DIRECTION('',(0.962717980061,0.270507099478,-0.));
#1495 = DIRECTION('',(0.270507099478,-0.962717980061,0.));
#1496 = ADVANCED_FACE('',(#1497),#1522,.F.);
#1497 = FACE_BOUND('',#1498,.F.);
#1498 = EDGE_LOOP('',(#1499,#1509,#1515,#1516));
#1499 = ORIENTED_EDGE('',*,*,#1500,.T.);
#1500 = EDGE_CURVE('',#1501,#1503,#1505,.T.);
#1501 = VERTEX_POINT('',#1502);
#1502 = CARTESIAN_POINT('',(68.995235101968,-43.41705722633,0.));
#1503 = VERTEX_POINT('',#1504);
#1504 = CARTESIAN_POINT('',(68.995235101968,-43.41705722633,6.));
#1505 = LINE('',#1506,#1507);
#1506 = CARTESIAN_POINT('',(68.995235101968,-43.41705722633,0.));
#1507 = VECTOR('',#1508,1.);
#1508 = DIRECTION('',(0.,0.,1.));
#1509 = ORIENTED_EDGE('',*,*,#1510,.T.);
#1510 = EDGE_CURVE('',#1503,#1472,#1511,.T.);
#1511 = LINE('',#1512,#1513);
#1512 = CARTESIAN_POINT('',(68.995235101968,-43.41705722633,6.));
#1513 = VECTOR('',#1514,1.);
#1514 = DIRECTION('',(0.280759772949,-0.959778073251,0.));
#1515 = ORIENTED_EDGE('',*,*,#1469,.F.);
#1516 = ORIENTED_EDGE('',*,*,#1517,.F.);
#1517 = EDGE_CURVE('',#1501,#1470,#1518,.T.);
#1518 = LINE('',#1519,#1520);
#1519 = CARTESIAN_POINT('',(68.995235101968,-43.41705722633,0.));
#1520 = VECTOR('',#1521,1.);
#1521 = DIRECTION('',(0.280759772949,-0.959778073251,0.));
#1522 = PLANE('',#1523);
#1523 = AXIS2_PLACEMENT_3D('',#1524,#1525,#1526);
#1524 = CARTESIAN_POINT('',(68.995235101968,-43.41705722633,0.));
#1525 = DIRECTION('',(0.959778073251,0.280759772949,-0.));
#1526 = DIRECTION('',(0.280759772949,-0.959778073251,0.));
#1527 = ADVANCED_FACE('',(#1528),#1553,.F.);
#1528 = FACE_BOUND('',#1529,.F.);
#1529 = EDGE_LOOP('',(#1530,#1540,#1546,#1547));
#1530 = ORIENTED_EDGE('',*,*,#1531,.T.);
#1531 = EDGE_CURVE('',#1532,#1534,#1536,.T.);
#1532 = VERTEX_POINT('',#1533);
#1533 = CARTESIAN_POINT('',(68.771779173225,-42.68234559457,0.));
#1534 = VERTEX_POINT('',#1535);
#1535 = CARTESIAN_POINT('',(68.771779173225,-42.68234559457,6.));
#1536 = LINE('',#1537,#1538);
#1537 = CARTESIAN_POINT('',(68.771779173225,-42.68234559457,0.));
#1538 = VECTOR('',#1539,1.);
#1539 = DIRECTION('',(0.,0.,1.));
#1540 = ORIENTED_EDGE('',*,*,#1541,.T.);
#1541 = EDGE_CURVE('',#1534,#1503,#1542,.T.);
#1542 = LINE('',#1543,#1544);
#1543 = CARTESIAN_POINT('',(68.771779173225,-42.68234559457,6.));
#1544 = VECTOR('',#1545,1.);
#1545 = DIRECTION('',(0.290980507085,-0.956728981738,0.));
#1546 = ORIENTED_EDGE('',*,*,#1500,.F.);
#1547 = ORIENTED_EDGE('',*,*,#1548,.F.);
#1548 = EDGE_CURVE('',#1532,#1501,#1549,.T.);
#1549 = LINE('',#1550,#1551);
#1550 = CARTESIAN_POINT('',(68.771779173225,-42.68234559457,0.));
#1551 = VECTOR('',#1552,1.);
#1552 = DIRECTION('',(0.290980507085,-0.956728981738,0.));
#1553 = PLANE('',#1554);
#1554 = AXIS2_PLACEMENT_3D('',#1555,#1556,#1557);
#1555 = CARTESIAN_POINT('',(68.771779173225,-42.68234559457,0.));
#1556 = DIRECTION('',(0.956728981738,0.290980507085,-0.));
#1557 = DIRECTION('',(0.290980507085,-0.956728981738,0.));
#1558 = ADVANCED_FACE('',(#1559),#1584,.F.);
#1559 = FACE_BOUND('',#1560,.F.);
#1560 = EDGE_LOOP('',(#1561,#1571,#1577,#1578));
#1561 = ORIENTED_EDGE('',*,*,#1562,.T.);
#1562 = EDGE_CURVE('',#1563,#1565,#1567,.T.);
#1563 = VERTEX_POINT('',#1564);
#1564 = CARTESIAN_POINT('',(68.540499741758,-41.95005906697,0.));
#1565 = VERTEX_POINT('',#1566);
#1566 = CARTESIAN_POINT('',(68.540499741758,-41.95005906697,6.));
#1567 = LINE('',#1568,#1569);
#1568 = CARTESIAN_POINT('',(68.540499741758,-41.95005906697,0.));
#1569 = VECTOR('',#1570,1.);
#1570 = DIRECTION('',(0.,0.,1.));
#1571 = ORIENTED_EDGE('',*,*,#1572,.T.);
#1572 = EDGE_CURVE('',#1565,#1534,#1573,.T.);
#1573 = LINE('',#1574,#1575);
#1574 = CARTESIAN_POINT('',(68.540499741758,-41.95005906697,6.));
#1575 = VECTOR('',#1576,1.);
#1576 = DIRECTION('',(0.301168139172,-0.953571052385,0.));
#1577 = ORIENTED_EDGE('',*,*,#1531,.F.);
#1578 = ORIENTED_EDGE('',*,*,#1579,.F.);
#1579 = EDGE_CURVE('',#1563,#1532,#1580,.T.);
#1580 = LINE('',#1581,#1582);
#1581 = CARTESIAN_POINT('',(68.540499741758,-41.95005906697,0.));
#1582 = VECTOR('',#1583,1.);
#1583 = DIRECTION('',(0.301168139172,-0.953571052385,0.));
#1584 = PLANE('',#1585);
#1585 = AXIS2_PLACEMENT_3D('',#1586,#1587,#1588);
#1586 = CARTESIAN_POINT('',(68.540499741758,-41.95005906697,0.));
#1587 = DIRECTION('',(0.953571052385,0.301168139172,-0.));
#1588 = DIRECTION('',(0.301168139172,-0.953571052385,0.));
#1589 = ADVANCED_FACE('',(#1590),#1615,.F.);
#1590 = FACE_BOUND('',#1591,.F.);
#1591 = EDGE_LOOP('',(#1592,#1602,#1608,#1609));
#1592 = ORIENTED_EDGE('',*,*,#1593,.T.);
#1593 = EDGE_CURVE('',#1594,#1596,#1598,.T.);
#1594 = VERTEX_POINT('',#1595);
#1595 = CARTESIAN_POINT('',(68.301423118,-41.2202809487,0.));
#1596 = VERTEX_POINT('',#1597);
#1597 = CARTESIAN_POINT('',(68.301423118,-41.2202809487,6.));
#1598 = LINE('',#1599,#1600);
#1599 = CARTESIAN_POINT('',(68.301423118,-41.2202809487,0.));
#1600 = VECTOR('',#1601,1.);
#1601 = DIRECTION('',(0.,0.,1.));
#1602 = ORIENTED_EDGE('',*,*,#1603,.T.);
#1603 = EDGE_CURVE('',#1596,#1565,#1604,.T.);
#1604 = LINE('',#1605,#1606);
#1605 = CARTESIAN_POINT('',(68.301423118,-41.2202809487,6.));
#1606 = VECTOR('',#1607,1.);
#1607 = DIRECTION('',(0.311321510262,-0.950304644442,0.));
#1608 = ORIENTED_EDGE('',*,*,#1562,.F.);
#1609 = ORIENTED_EDGE('',*,*,#1610,.F.);
#1610 = EDGE_CURVE('',#1594,#1563,#1611,.T.);
#1611 = LINE('',#1612,#1613);
#1612 = CARTESIAN_POINT('',(68.301423118,-41.2202809487,0.));
#1613 = VECTOR('',#1614,1.);
#1614 = DIRECTION('',(0.311321510262,-0.950304644442,0.));
#1615 = PLANE('',#1616);
#1616 = AXIS2_PLACEMENT_3D('',#1617,#1618,#1619);
#1617 = CARTESIAN_POINT('',(68.301423118,-41.2202809487,0.));
#1618 = DIRECTION('',(0.950304644442,0.311321510262,-0.));
#1619 = DIRECTION('',(0.311321510262,-0.950304644442,0.));
#1620 = ADVANCED_FACE('',(#1621),#1646,.F.);
#1621 = FACE_BOUND('',#1622,.F.);
#1622 = EDGE_LOOP('',(#1623,#1633,#1639,#1640));
#1623 = ORIENTED_EDGE('',*,*,#1624,.T.);
#1624 = EDGE_CURVE('',#1625,#1627,#1629,.T.);
#1625 = VERTEX_POINT('',#1626);
#1626 = CARTESIAN_POINT('',(68.054576499394,-40.49309425959,0.));
#1627 = VERTEX_POINT('',#1628);
#1628 = CARTESIAN_POINT('',(68.054576499394,-40.49309425959,6.));
#1629 = LINE('',#1630,#1631);
#1630 = CARTESIAN_POINT('',(68.054576499394,-40.49309425959,0.));
#1631 = VECTOR('',#1632,1.);
#1632 = DIRECTION('',(0.,0.,1.));
#1633 = ORIENTED_EDGE('',*,*,#1634,.T.);
#1634 = EDGE_CURVE('',#1627,#1596,#1635,.T.);
#1635 = LINE('',#1636,#1637);
#1636 = CARTESIAN_POINT('',(68.054576499394,-40.49309425959,6.));
#1637 = VECTOR('',#1638,1.);
#1638 = DIRECTION('',(0.321439465303,-0.946930129495,0.));
#1639 = ORIENTED_EDGE('',*,*,#1593,.F.);
#1640 = ORIENTED_EDGE('',*,*,#1641,.F.);
#1641 = EDGE_CURVE('',#1625,#1594,#1642,.T.);
#1642 = LINE('',#1643,#1644);
#1643 = CARTESIAN_POINT('',(68.054576499394,-40.49309425959,0.));
#1644 = VECTOR('',#1645,1.);
#1645 = DIRECTION('',(0.321439465303,-0.946930129495,0.));
#1646 = PLANE('',#1647);
#1647 = AXIS2_PLACEMENT_3D('',#1648,#1649,#1650);
#1648 = CARTESIAN_POINT('',(68.054576499394,-40.49309425959,0.));
#1649 = DIRECTION('',(0.946930129495,0.321439465303,-0.));
#1650 = DIRECTION('',(0.321439465303,-0.946930129495,0.));
#1651 = ADVANCED_FACE('',(#1652),#1677,.F.);
#1652 = FACE_BOUND('',#1653,.F.);
#1653 = EDGE_LOOP('',(#1654,#1664,#1670,#1671));
#1654 = ORIENTED_EDGE('',*,*,#1655,.T.);
#1655 = EDGE_CURVE('',#1656,#1658,#1660,.T.);
#1656 = VERTEX_POINT('',#1657);
#1657 = CARTESIAN_POINT('',(67.799987967303,-39.76858172467,0.));
#1658 = VERTEX_POINT('',#1659);
#1659 = CARTESIAN_POINT('',(67.799987967303,-39.76858172467,6.));
#1660 = LINE('',#1661,#1662);
#1661 = CARTESIAN_POINT('',(67.799987967303,-39.76858172467,0.));
#1662 = VECTOR('',#1663,1.);
#1663 = DIRECTION('',(0.,0.,1.));
#1664 = ORIENTED_EDGE('',*,*,#1665,.T.);
#1665 = EDGE_CURVE('',#1658,#1627,#1666,.T.);
#1666 = LINE('',#1667,#1668);
#1667 = CARTESIAN_POINT('',(67.799987967303,-39.76858172467,6.));
#1668 = VECTOR('',#1669,1.);
#1669 = DIRECTION('',(0.331520853273,-0.943447891431,0.));
#1670 = ORIENTED_EDGE('',*,*,#1624,.F.);
#1671 = ORIENTED_EDGE('',*,*,#1672,.F.);
#1672 = EDGE_CURVE('',#1656,#1625,#1673,.T.);
#1673 = LINE('',#1674,#1675);
#1674 = CARTESIAN_POINT('',(67.799987967303,-39.76858172467,0.));
#1675 = VECTOR('',#1676,1.);
#1676 = DIRECTION('',(0.331520853273,-0.943447891431,0.));
#1677 = PLANE('',#1678);
#1678 = AXIS2_PLACEMENT_3D('',#1679,#1680,#1681);
#1679 = CARTESIAN_POINT('',(67.799987967303,-39.76858172467,0.));
#1680 = DIRECTION('',(0.943447891431,0.331520853273,-0.));
#1681 = DIRECTION('',(0.331520853273,-0.943447891431,0.));
#1682 = ADVANCED_FACE('',(#1683),#1708,.F.);
#1683 = FACE_BOUND('',#1684,.F.);
#1684 = EDGE_LOOP('',(#1685,#1695,#1701,#1702));
#1685 = ORIENTED_EDGE('',*,*,#1686,.T.);
#1686 = EDGE_CURVE('',#1687,#1689,#1691,.T.);
#1687 = VERTEX_POINT('',#1688);
#1688 = CARTESIAN_POINT('',(67.537686483811,-39.04682576475,0.));
#1689 = VERTEX_POINT('',#1690);
#1690 = CARTESIAN_POINT('',(67.537686483811,-39.04682576475,6.));
#1691 = LINE('',#1692,#1693);
#1692 = CARTESIAN_POINT('',(67.537686483811,-39.04682576475,0.));
#1693 = VECTOR('',#1694,1.);
#1694 = DIRECTION('',(0.,0.,1.));
#1695 = ORIENTED_EDGE('',*,*,#1696,.T.);
#1696 = EDGE_CURVE('',#1689,#1658,#1697,.T.);
#1697 = LINE('',#1698,#1699);
#1698 = CARTESIAN_POINT('',(67.537686483811,-39.04682576475,6.));
#1699 = VECTOR('',#1700,1.);
#1700 = DIRECTION('',(0.34156452731,-0.939858326389,0.));
#1701 = ORIENTED_EDGE('',*,*,#1655,.F.);
#1702 = ORIENTED_EDGE('',*,*,#1703,.F.);
#1703 = EDGE_CURVE('',#1687,#1656,#1704,.T.);
#1704 = LINE('',#1705,#1706);
#1705 = CARTESIAN_POINT('',(67.537686483811,-39.04682576475,0.));
#1706 = VECTOR('',#1707,1.);
#1707 = DIRECTION('',(0.34156452731,-0.939858326389,0.));
#1708 = PLANE('',#1709);
#1709 = AXIS2_PLACEMENT_3D('',#1710,#1711,#1712);
#1710 = CARTESIAN_POINT('',(67.537686483811,-39.04682576475,0.));
#1711 = DIRECTION('',(0.939858326389,0.34156452731,-0.));
#1712 = DIRECTION('',(0.34156452731,-0.939858326389,0.));
#1713 = ADVANCED_FACE('',(#1714),#1739,.F.);
#1714 = FACE_BOUND('',#1715,.F.);
#1715 = EDGE_LOOP('',(#1716,#1726,#1732,#1733));
#1716 = ORIENTED_EDGE('',*,*,#1717,.T.);
#1717 = EDGE_CURVE('',#1718,#1720,#1722,.T.);
#1718 = VERTEX_POINT('',#1719);
#1719 = CARTESIAN_POINT('',(67.267701888429,-38.32790848704,0.));
#1720 = VERTEX_POINT('',#1721);
#1721 = CARTESIAN_POINT('',(67.267701888429,-38.32790848704,6.));
#1722 = LINE('',#1723,#1724);
#1723 = CARTESIAN_POINT('',(67.267701888429,-38.32790848704,0.));
#1724 = VECTOR('',#1725,1.);
#1725 = DIRECTION('',(0.,0.,1.));
#1726 = ORIENTED_EDGE('',*,*,#1727,.T.);
#1727 = EDGE_CURVE('',#1720,#1689,#1728,.T.);
#1728 = LINE('',#1729,#1730);
#1729 = CARTESIAN_POINT('',(67.267701888429,-38.32790848704,6.));
#1730 = VECTOR('',#1731,1.);
#1731 = DIRECTION('',(0.351569344841,-0.936161842722,0.));
#1732 = ORIENTED_EDGE('',*,*,#1686,.F.);
#1733 = ORIENTED_EDGE('',*,*,#1734,.F.);
#1734 = EDGE_CURVE('',#1718,#1687,#1735,.T.);
#1735 = LINE('',#1736,#1737);
#1736 = CARTESIAN_POINT('',(67.267701888429,-38.32790848704,0.));
#1737 = VECTOR('',#1738,1.);
#1738 = DIRECTION('',(0.351569344841,-0.936161842722,0.));
#1739 = PLANE('',#1740);
#1740 = AXIS2_PLACEMENT_3D('',#1741,#1742,#1743);
#1741 = CARTESIAN_POINT('',(67.267701888429,-38.32790848704,0.));
#1742 = DIRECTION('',(0.936161842722,0.351569344841,-0.));
#1743 = DIRECTION('',(0.351569344841,-0.936161842722,0.));
#1744 = ADVANCED_FACE('',(#1745),#1770,.F.);
#1745 = FACE_BOUND('',#1746,.F.);
#1746 = EDGE_LOOP('',(#1747,#1757,#1763,#1764));
#1747 = ORIENTED_EDGE('',*,*,#1748,.T.);
#1748 = EDGE_CURVE('',#1749,#1751,#1753,.T.);
#1749 = VERTEX_POINT('',#1750);
#1750 = CARTESIAN_POINT('',(66.990064894706,-37.61191167585,0.));
#1751 = VERTEX_POINT('',#1752);
#1752 = CARTESIAN_POINT('',(66.990064894706,-37.61191167585,6.));
#1753 = LINE('',#1754,#1755);
#1754 = CARTESIAN_POINT('',(66.990064894706,-37.61191167585,0.));
#1755 = VECTOR('',#1756,1.);
#1756 = DIRECTION('',(0.,0.,1.));
#1757 = ORIENTED_EDGE('',*,*,#1758,.T.);
#1758 = EDGE_CURVE('',#1751,#1720,#1759,.T.);
#1759 = LINE('',#1760,#1761);
#1760 = CARTESIAN_POINT('',(66.990064894706,-37.61191167585,6.));
#1761 = VECTOR('',#1762,1.);
#1762 = DIRECTION('',(0.361534167715,-0.932358860941,0.));
#1763 = ORIENTED_EDGE('',*,*,#1717,.F.);
#1764 = ORIENTED_EDGE('',*,*,#1765,.F.);
#1765 = EDGE_CURVE('',#1749,#1718,#1766,.T.);
#1766 = LINE('',#1767,#1768);
#1767 = CARTESIAN_POINT('',(66.990064894706,-37.61191167585,0.));
#1768 = VECTOR('',#1769,1.);
#1769 = DIRECTION('',(0.361534167715,-0.932358860941,0.));
#1770 = PLANE('',#1771);
#1771 = AXIS2_PLACEMENT_3D('',#1772,#1773,#1774);
#1772 = CARTESIAN_POINT('',(66.990064894706,-37.61191167585,0.));
#1773 = DIRECTION('',(0.932358860941,0.361534167715,-0.));
#1774 = DIRECTION('',(0.361534167715,-0.932358860941,0.));
#1775 = ADVANCED_FACE('',(#1776),#1801,.F.);
#1776 = FACE_BOUND('',#1777,.F.);
#1777 = EDGE_LOOP('',(#1778,#1788,#1794,#1795));
#1778 = ORIENTED_EDGE('',*,*,#1779,.T.);
#1779 = EDGE_CURVE('',#1780,#1782,#1784,.T.);
#1780 = VERTEX_POINT('',#1781);
#1781 = CARTESIAN_POINT('',(66.704807086725,-36.89891678322,0.));
#1782 = VERTEX_POINT('',#1783);
#1783 = CARTESIAN_POINT('',(66.704807086725,-36.89891678322,6.));
#1784 = LINE('',#1785,#1786);
#1785 = CARTESIAN_POINT('',(66.704807086725,-36.89891678322,0.));
#1786 = VECTOR('',#1787,1.);
#1787 = DIRECTION('',(0.,0.,1.));
#1788 = ORIENTED_EDGE('',*,*,#1789,.T.);
#1789 = EDGE_CURVE('',#1782,#1751,#1790,.T.);
#1790 = LINE('',#1791,#1792);
#1791 = CARTESIAN_POINT('',(66.704807086725,-36.89891678322,6.));
#1792 = VECTOR('',#1793,1.);
#1793 = DIRECTION('',(0.371457862331,-0.928449813675,0.));
#1794 = ORIENTED_EDGE('',*,*,#1748,.F.);
#1795 = ORIENTED_EDGE('',*,*,#1796,.F.);
#1796 = EDGE_CURVE('',#1780,#1749,#1797,.T.);
#1797 = LINE('',#1798,#1799);
#1798 = CARTESIAN_POINT('',(66.704807086725,-36.89891678322,0.));
#1799 = VECTOR('',#1800,1.);
#1800 = DIRECTION('',(0.371457862331,-0.928449813675,0.));
#1801 = PLANE('',#1802);
#1802 = AXIS2_PLACEMENT_3D('',#1803,#1804,#1805);
#1803 = CARTESIAN_POINT('',(66.704807086725,-36.89891678322,0.));
#1804 = DIRECTION('',(0.928449813675,0.371457862331,-0.));
#1805 = DIRECTION('',(0.371457862331,-0.928449813675,0.));
#1806 = ADVANCED_FACE('',(#1807),#1832,.F.);
#1807 = FACE_BOUND('',#1808,.F.);
#1808 = EDGE_LOOP('',(#1809,#1819,#1825,#1826));
#1809 = ORIENTED_EDGE('',*,*,#1810,.T.);
#1810 = EDGE_CURVE('',#1811,#1813,#1815,.T.);
#1811 = VERTEX_POINT('',#1812);
#1812 = CARTESIAN_POINT('',(66.411960915521,-36.18900491972,0.));
#1813 = VERTEX_POINT('',#1814);
#1814 = CARTESIAN_POINT('',(66.411960915521,-36.18900491972,6.));
#1815 = LINE('',#1816,#1817);
#1816 = CARTESIAN_POINT('',(66.411960915521,-36.18900491972,0.));
#1817 = VECTOR('',#1818,1.);
#1818 = DIRECTION('',(0.,0.,1.));
#1819 = ORIENTED_EDGE('',*,*,#1820,.T.);
#1820 = EDGE_CURVE('',#1813,#1782,#1821,.T.);
#1821 = LINE('',#1822,#1823);
#1822 = CARTESIAN_POINT('',(66.411960915521,-36.18900491972,6.));
#1823 = VECTOR('',#1824,1.);
#1824 = DIRECTION('',(0.381339299764,-0.924435145619,0.));
#1825 = ORIENTED_EDGE('',*,*,#1779,.F.);
#1826 = ORIENTED_EDGE('',*,*,#1827,.F.);
#1827 = EDGE_CURVE('',#1811,#1780,#1828,.T.);
#1828 = LINE('',#1829,#1830);
#1829 = CARTESIAN_POINT('',(66.411960915521,-36.18900491972,0.));
#1830 = VECTOR('',#1831,1.);
#1831 = DIRECTION('',(0.381339299764,-0.924435145619,0.));
#1832 = PLANE('',#1833);
#1833 = AXIS2_PLACEMENT_3D('',#1834,#1835,#1836);
#1834 = CARTESIAN_POINT('',(66.411960915521,-36.18900491972,0.));
#1835 = DIRECTION('',(0.924435145619,0.381339299764,-0.));
#1836 = DIRECTION('',(0.381339299764,-0.924435145619,0.));
#1837 = ADVANCED_FACE('',(#1838),#1863,.F.);
#1838 = FACE_BOUND('',#1839,.F.);
#1839 = EDGE_LOOP('',(#1840,#1850,#1856,#1857));
#1840 = ORIENTED_EDGE('',*,*,#1841,.T.);
#1841 = EDGE_CURVE('',#1842,#1844,#1846,.T.);
#1842 = VERTEX_POINT('',#1843);
#1843 = CARTESIAN_POINT('',(66.11155969538,-35.48225684518,0.));
#1844 = VERTEX_POINT('',#1845);
#1845 = CARTESIAN_POINT('',(66.11155969538,-35.48225684518,6.));
#1846 = LINE('',#1847,#1848);
#1847 = CARTESIAN_POINT('',(66.11155969538,-35.48225684518,0.));
#1848 = VECTOR('',#1849,1.);
#1849 = DIRECTION('',(0.,0.,1.));
#1850 = ORIENTED_EDGE('',*,*,#1851,.T.);
#1851 = EDGE_CURVE('',#1844,#1813,#1852,.T.);
#1852 = LINE('',#1853,#1854);
#1853 = CARTESIAN_POINT('',(66.11155969538,-35.48225684518,6.));
#1854 = VECTOR('',#1855,1.);
#1855 = DIRECTION('',(0.391177355899,-0.920315313483,0.));
#1856 = ORIENTED_EDGE('',*,*,#1810,.F.);
#1857 = ORIENTED_EDGE('',*,*,#1858,.F.);
#1858 = EDGE_CURVE('',#1842,#1811,#1859,.T.);
#1859 = LINE('',#1860,#1861);
#1860 = CARTESIAN_POINT('',(66.11155969538,-35.48225684518,0.));
#1861 = VECTOR('',#1862,1.);
#1862 = DIRECTION('',(0.391177355899,-0.920315313483,0.));
#1863 = PLANE('',#1864);
#1864 = AXIS2_PLACEMENT_3D('',#1865,#1866,#1867);
#1865 = CARTESIAN_POINT('',(66.11155969538,-35.48225684518,0.));
#1866 = DIRECTION('',(0.920315313483,0.391177355899,-0.));
#1867 = DIRECTION('',(0.391177355899,-0.920315313483,0.));
#1868 = ADVANCED_FACE('',(#1869),#1894,.F.);
#1869 = FACE_BOUND('',#1870,.F.);
#1870 = EDGE_LOOP('',(#1871,#1881,#1887,#1888));
#1871 = ORIENTED_EDGE('',*,*,#1872,.T.);
#1872 = EDGE_CURVE('',#1873,#1875,#1877,.T.);
#1873 = VERTEX_POINT('',#1874);
#1874 = CARTESIAN_POINT('',(65.803637600054,-34.77875295952,0.));
#1875 = VERTEX_POINT('',#1876);
#1876 = CARTESIAN_POINT('',(65.803637600054,-34.77875295952,6.));
#1877 = LINE('',#1878,#1879);
#1878 = CARTESIAN_POINT('',(65.803637600054,-34.77875295952,0.));
#1879 = VECTOR('',#1880,1.);
#1880 = DIRECTION('',(0.,0.,1.));
#1881 = ORIENTED_EDGE('',*,*,#1882,.T.);
#1882 = EDGE_CURVE('',#1875,#1844,#1883,.T.);
#1883 = LINE('',#1884,#1885);
#1884 = CARTESIAN_POINT('',(65.803637600054,-34.77875295952,6.));
#1885 = VECTOR('',#1886,1.);
#1886 = DIRECTION('',(0.400970911555,-0.916090785942,0.));
#1887 = ORIENTED_EDGE('',*,*,#1841,.F.);
#1888 = ORIENTED_EDGE('',*,*,#1889,.F.);
#1889 = EDGE_CURVE('',#1873,#1842,#1890,.T.);
#1890 = LINE('',#1891,#1892);
#1891 = CARTESIAN_POINT('',(65.803637600054,-34.77875295952,0.));
#1892 = VECTOR('',#1893,1.);
#1893 = DIRECTION('',(0.400970911555,-0.916090785942,0.));
#1894 = PLANE('',#1895);
#1895 = AXIS2_PLACEMENT_3D('',#1896,#1897,#1898);
#1896 = CARTESIAN_POINT('',(65.803637600054,-34.77875295952,0.));
#1897 = DIRECTION('',(0.916090785942,0.400970911555,-0.));
#1898 = DIRECTION('',(0.400970911555,-0.916090785942,0.));
#1899 = ADVANCED_FACE('',(#1900),#1925,.F.);
#1900 = FACE_BOUND('',#1901,.F.);
#1901 = EDGE_LOOP('',(#1902,#1912,#1918,#1919));
#1902 = ORIENTED_EDGE('',*,*,#1903,.T.);
#1903 = EDGE_CURVE('',#1904,#1906,#1908,.T.);
#1904 = VERTEX_POINT('',#1905);
#1905 = CARTESIAN_POINT('',(65.488229658875,-34.0785732936,0.));
#1906 = VERTEX_POINT('',#1907);
#1907 = CARTESIAN_POINT('',(65.488229658875,-34.0785732936,6.));
#1908 = LINE('',#1909,#1910);
#1909 = CARTESIAN_POINT('',(65.488229658875,-34.0785732936,0.));
#1910 = VECTOR('',#1911,1.);
#1911 = DIRECTION('',(0.,0.,1.));
#1912 = ORIENTED_EDGE('',*,*,#1913,.T.);
#1913 = EDGE_CURVE('',#1906,#1875,#1914,.T.);
#1914 = LINE('',#1915,#1916);
#1915 = CARTESIAN_POINT('',(65.488229658875,-34.0785732936,6.));
#1916 = VECTOR('',#1917,1.);
#1917 = DIRECTION('',(0.410718852613,-0.911762043577,0.));
#1918 = ORIENTED_EDGE('',*,*,#1872,.F.);
#1919 = ORIENTED_EDGE('',*,*,#1920,.F.);
#1920 = EDGE_CURVE('',#1904,#1873,#1921,.T.);
#1921 = LINE('',#1922,#1923);
#1922 = CARTESIAN_POINT('',(65.488229658875,-34.0785732936,0.));
#1923 = VECTOR('',#1924,1.);
#1924 = DIRECTION('',(0.410718852613,-0.911762043577,0.));
#1925 = PLANE('',#1926);
#1926 = AXIS2_PLACEMENT_3D('',#1927,#1928,#1929);
#1927 = CARTESIAN_POINT('',(65.488229658875,-34.0785732936,0.));
#1928 = DIRECTION('',(0.911762043577,0.410718852613,-0.));
#1929 = DIRECTION('',(0.410718852613,-0.911762043577,0.));
#1930 = ADVANCED_FACE('',(#1931),#1956,.F.);
#1931 = FACE_BOUND('',#1932,.F.);
#1932 = EDGE_LOOP('',(#1933,#1943,#1949,#1950));
#1933 = ORIENTED_EDGE('',*,*,#1934,.T.);
#1934 = EDGE_CURVE('',#1935,#1937,#1939,.T.);
#1935 = VERTEX_POINT('',#1936);
#1936 = CARTESIAN_POINT('',(65.165371752763,-33.38179750011,0.));
#1937 = VERTEX_POINT('',#1938);
#1938 = CARTESIAN_POINT('',(65.165371752763,-33.38179750011,6.));
#1939 = LINE('',#1940,#1941);
#1940 = CARTESIAN_POINT('',(65.165371752763,-33.38179750011,0.));
#1941 = VECTOR('',#1942,1.);
#1942 = DIRECTION('',(0.,0.,1.));
#1943 = ORIENTED_EDGE('',*,*,#1944,.T.);
#1944 = EDGE_CURVE('',#1937,#1906,#1945,.T.);
#1945 = LINE('',#1946,#1947);
#1946 = CARTESIAN_POINT('',(65.165371752763,-33.38179750011,6.));
#1947 = VECTOR('',#1948,1.);
#1948 = DIRECTION('',(0.420420070145,-0.907329578829,0.));
#1949 = ORIENTED_EDGE('',*,*,#1903,.F.);
#1950 = ORIENTED_EDGE('',*,*,#1951,.F.);
#1951 = EDGE_CURVE('',#1935,#1904,#1952,.T.);
#1952 = LINE('',#1953,#1954);
#1953 = CARTESIAN_POINT('',(65.165371752763,-33.38179750011,0.));
#1954 = VECTOR('',#1955,1.);
#1955 = DIRECTION('',(0.420420070145,-0.907329578829,0.));
#1956 = PLANE('',#1957);
#1957 = AXIS2_PLACEMENT_3D('',#1958,#1959,#1960);
#1958 = CARTESIAN_POINT('',(65.165371752763,-33.38179750011,0.));
#1959 = DIRECTION('',(0.907329578829,0.420420070145,-0.));
#1960 = DIRECTION('',(0.420420070145,-0.907329578829,0.));
#1961 = ADVANCED_FACE('',(#1962),#1987,.F.);
#1962 = FACE_BOUND('',#1963,.F.);
#1963 = EDGE_LOOP('',(#1964,#1974,#1980,#1981));
#1964 = ORIENTED_EDGE('',*,*,#1965,.T.);
#1965 = EDGE_CURVE('',#1966,#1968,#1970,.T.);
#1966 = VERTEX_POINT('',#1967);
#1967 = CARTESIAN_POINT('',(64.835100610154,-32.68850484452,0.));
#1968 = VERTEX_POINT('',#1969);
#1969 = CARTESIAN_POINT('',(64.835100610154,-32.68850484452,6.));
#1970 = LINE('',#1971,#1972);
#1971 = CARTESIAN_POINT('',(64.835100610154,-32.68850484452,0.));
#1972 = VECTOR('',#1973,1.);
#1973 = DIRECTION('',(0.,0.,1.));
#1974 = ORIENTED_EDGE('',*,*,#1975,.T.);
#1975 = EDGE_CURVE('',#1968,#1937,#1976,.T.);
#1976 = LINE('',#1977,#1978);
#1977 = CARTESIAN_POINT('',(64.835100610154,-32.68850484452,6.));
#1978 = VECTOR('',#1979,1.);
#1979 = DIRECTION('',(0.430073460537,-0.902793895938,0.));
#1980 = ORIENTED_EDGE('',*,*,#1934,.F.);
#1981 = ORIENTED_EDGE('',*,*,#1982,.F.);
#1982 = EDGE_CURVE('',#1966,#1935,#1983,.T.);
#1983 = LINE('',#1984,#1985);
#1984 = CARTESIAN_POINT('',(64.835100610154,-32.68850484452,0.));
#1985 = VECTOR('',#1986,1.);
#1986 = DIRECTION('',(0.430073460537,-0.902793895938,0.));
#1987 = PLANE('',#1988);
#1988 = AXIS2_PLACEMENT_3D('',#1989,#1990,#1991);
#1989 = CARTESIAN_POINT('',(64.835100610154,-32.68850484452,0.));
#1990 = DIRECTION('',(0.902793895938,0.430073460537,-0.));
#1991 = DIRECTION('',(0.430073460537,-0.902793895938,0.));
#1992 = ADVANCED_FACE('',(#1993),#2018,.F.);
#1993 = FACE_BOUND('',#1994,.F.);
#1994 = EDGE_LOOP('',(#1995,#2005,#2011,#2012));
#1995 = ORIENTED_EDGE('',*,*,#1996,.T.);
#1996 = EDGE_CURVE('',#1997,#1999,#2001,.T.);
#1997 = VERTEX_POINT('',#1998);
#1998 = CARTESIAN_POINT('',(64.497453802812,-31.99877419607,0.));
#1999 = VERTEX_POINT('',#2000);
#2000 = CARTESIAN_POINT('',(64.497453802812,-31.99877419607,6.));
#2001 = LINE('',#2002,#2003);
#2002 = CARTESIAN_POINT('',(64.497453802812,-31.99877419607,0.));
#2003 = VECTOR('',#2004,1.);
#2004 = DIRECTION('',(0.,0.,1.));
#2005 = ORIENTED_EDGE('',*,*,#2006,.T.);
#2006 = EDGE_CURVE('',#1999,#1968,#2007,.T.);
#2007 = LINE('',#2008,#2009);
#2008 = CARTESIAN_POINT('',(64.497453802812,-31.99877419607,6.));
#2009 = VECTOR('',#2010,1.);
#2010 = DIRECTION('',(0.439677925614,-0.898155510882,0.));
#2011 = ORIENTED_EDGE('',*,*,#1965,.F.);
#2012 = ORIENTED_EDGE('',*,*,#2013,.F.);
#2013 = EDGE_CURVE('',#1997,#1966,#2014,.T.);
#2014 = LINE('',#2015,#2016);
#2015 = CARTESIAN_POINT('',(64.497453802812,-31.99877419607,0.));
#2016 = VECTOR('',#2017,1.);
#2017 = DIRECTION('',(0.439677925614,-0.898155510882,0.));
#2018 = PLANE('',#2019);
#2019 = AXIS2_PLACEMENT_3D('',#2020,#2021,#2022);
#2020 = CARTESIAN_POINT('',(64.497453802812,-31.99877419607,0.));
#2021 = DIRECTION('',(0.898155510882,0.439677925614,-0.));
#2022 = DIRECTION('',(0.439677925614,-0.898155510882,0.));
#2023 = ADVANCED_FACE('',(#2024),#2049,.F.);
#2024 = FACE_BOUND('',#2025,.F.);
#2025 = EDGE_LOOP('',(#2026,#2036,#2042,#2043));
#2026 = ORIENTED_EDGE('',*,*,#2027,.T.);
#2027 = EDGE_CURVE('',#2028,#2030,#2032,.T.);
#2028 = VERTEX_POINT('',#2029);
#2029 = CARTESIAN_POINT('',(64.152469741562,-31.31268401875,0.));
#2030 = VERTEX_POINT('',#2031);
#2031 = CARTESIAN_POINT('',(64.152469741562,-31.31268401875,6.));
#2032 = LINE('',#2033,#2034);
#2033 = CARTESIAN_POINT('',(64.152469741562,-31.31268401875,0.));
#2034 = VECTOR('',#2035,1.);
#2035 = DIRECTION('',(0.,0.,1.));
#2036 = ORIENTED_EDGE('',*,*,#2037,.T.);
#2037 = EDGE_CURVE('',#2030,#1999,#2038,.T.);
#2038 = LINE('',#2039,#2040);
#2039 = CARTESIAN_POINT('',(64.152469741562,-31.31268401875,6.));
#2040 = VECTOR('',#2041,1.);
#2041 = DIRECTION('',(0.44923237277,-0.893414951328,0.));
#2042 = ORIENTED_EDGE('',*,*,#1996,.F.);
#2043 = ORIENTED_EDGE('',*,*,#2044,.F.);
#2044 = EDGE_CURVE('',#2028,#1997,#2045,.T.);
#2045 = LINE('',#2046,#2047);
#2046 = CARTESIAN_POINT('',(64.152469741562,-31.31268401875,0.));
#2047 = VECTOR('',#2048,1.);
#2048 = DIRECTION('',(0.44923237277,-0.893414951328,0.));
#2049 = PLANE('',#2050);
#2050 = AXIS2_PLACEMENT_3D('',#2051,#2052,#2053);
#2051 = CARTESIAN_POINT('',(64.152469741562,-31.31268401875,0.));
#2052 = DIRECTION('',(0.893414951328,0.44923237277,-0.));
#2053 = DIRECTION('',(0.44923237277,-0.893414951328,0.));
#2054 = ADVANCED_FACE('',(#2055),#2080,.F.);
#2055 = FACE_BOUND('',#2056,.F.);
#2056 = EDGE_LOOP('',(#2057,#2067,#2073,#2074));
#2057 = ORIENTED_EDGE('',*,*,#2058,.T.);
#2058 = EDGE_CURVE('',#2059,#2061,#2063,.T.);
#2059 = VERTEX_POINT('',#2060);
#2060 = CARTESIAN_POINT('',(89.100652418837,-18.60095002604,0.));
#2061 = VERTEX_POINT('',#2062);
#2062 = CARTESIAN_POINT('',(89.100652418837,-18.60095002604,6.));
#2063 = LINE('',#2064,#2065);
#2064 = CARTESIAN_POINT('',(89.100652418837,-18.60095002604,0.));
#2065 = VECTOR('',#2066,1.);
#2066 = DIRECTION('',(0.,0.,1.));
#2067 = ORIENTED_EDGE('',*,*,#2068,.T.);
#2068 = EDGE_CURVE('',#2061,#2030,#2069,.T.);
#2069 = LINE('',#2070,#2071);
#2070 = CARTESIAN_POINT('',(89.100652418837,-18.60095002604,6.));
#2071 = VECTOR('',#2072,1.);
#2072 = DIRECTION('',(-0.891006524188,-0.45399049974,0.));
#2073 = ORIENTED_EDGE('',*,*,#2027,.F.);
#2074 = ORIENTED_EDGE('',*,*,#2075,.F.);
#2075 = EDGE_CURVE('',#2059,#2028,#2076,.T.);
#2076 = LINE('',#2077,#2078);
#2077 = CARTESIAN_POINT('',(89.100652418837,-18.60095002604,0.));
#2078 = VECTOR('',#2079,1.);
#2079 = DIRECTION('',(-0.891006524188,-0.45399049974,0.));
#2080 = PLANE('',#2081);
#2081 = AXIS2_PLACEMENT_3D('',#2082,#2083,#2084);
#2082 = CARTESIAN_POINT('',(89.100652418837,-18.60095002604,0.));
#2083 = DIRECTION('',(0.45399049974,-0.891006524188,0.));
#2084 = DIRECTION('',(-0.891006524188,-0.45399049974,0.));
#2085 = ADVANCED_FACE('',(#2086),#2111,.F.);
#2086 = FACE_BOUND('',#2087,.F.);
#2087 = EDGE_LOOP('',(#2088,#2098,#2104,#2105));
#2088 = ORIENTED_EDGE('',*,*,#2089,.T.);
#2089 = EDGE_CURVE('',#2090,#2092,#2094,.T.);
#2090 = VERTEX_POINT('',#2091);
#2091 = CARTESIAN_POINT('',(89.579796948351,-19.55385305009,0.));
#2092 = VERTEX_POINT('',#2093);
#2093 = CARTESIAN_POINT('',(89.579796948351,-19.55385305009,6.));
#2094 = LINE('',#2095,#2096);
#2095 = CARTESIAN_POINT('',(89.579796948351,-19.55385305009,0.));
#2096 = VECTOR('',#2097,1.);
#2097 = DIRECTION('',(0.,0.,1.));
#2098 = ORIENTED_EDGE('',*,*,#2099,.T.);
#2099 = EDGE_CURVE('',#2092,#2061,#2100,.T.);
#2100 = LINE('',#2101,#2102);
#2101 = CARTESIAN_POINT('',(89.579796948351,-19.55385305009,6.));
#2102 = VECTOR('',#2103,1.);
#2103 = DIRECTION('',(-0.44923237277,0.893414951328,0.));
#2104 = ORIENTED_EDGE('',*,*,#2058,.F.);
#2105 = ORIENTED_EDGE('',*,*,#2106,.F.);
#2106 = EDGE_CURVE('',#2090,#2059,#2107,.T.);
#2107 = LINE('',#2108,#2109);
#2108 = CARTESIAN_POINT('',(89.579796948351,-19.55385305009,0.));
#2109 = VECTOR('',#2110,1.);
#2110 = DIRECTION('',(-0.44923237277,0.893414951328,0.));
#2111 = PLANE('',#2112);
#2112 = AXIS2_PLACEMENT_3D('',#2113,#2114,#2115);
#2113 = CARTESIAN_POINT('',(89.579796948351,-19.55385305009,0.));
#2114 = DIRECTION('',(-0.893414951328,-0.44923237277,0.));
#2115 = DIRECTION('',(-0.44923237277,0.893414951328,0.));
#2116 = ADVANCED_FACE('',(#2117),#2142,.F.);
#2117 = FACE_BOUND('',#2118,.F.);
#2118 = EDGE_LOOP('',(#2119,#2129,#2135,#2136));
#2119 = ORIENTED_EDGE('',*,*,#2120,.T.);
#2120 = EDGE_CURVE('',#2121,#2123,#2125,.T.);
#2121 = VERTEX_POINT('',#2122);
#2122 = CARTESIAN_POINT('',(90.048750847436,-20.51181228406,0.));
#2123 = VERTEX_POINT('',#2124);
#2124 = CARTESIAN_POINT('',(90.048750847436,-20.51181228406,6.));
#2125 = LINE('',#2126,#2127);
#2126 = CARTESIAN_POINT('',(90.048750847436,-20.51181228406,0.));
#2127 = VECTOR('',#2128,1.);
#2128 = DIRECTION('',(0.,0.,1.));
#2129 = ORIENTED_EDGE('',*,*,#2130,.T.);
#2130 = EDGE_CURVE('',#2123,#2092,#2131,.T.);
#2131 = LINE('',#2132,#2133);
#2132 = CARTESIAN_POINT('',(90.048750847436,-20.51181228406,6.));
#2133 = VECTOR('',#2134,1.);
#2134 = DIRECTION('',(-0.439677925614,0.898155510882,0.));
#2135 = ORIENTED_EDGE('',*,*,#2089,.F.);
#2136 = ORIENTED_EDGE('',*,*,#2137,.F.);
#2137 = EDGE_CURVE('',#2121,#2090,#2138,.T.);
#2138 = LINE('',#2139,#2140);
#2139 = CARTESIAN_POINT('',(90.048750847436,-20.51181228406,0.));
#2140 = VECTOR('',#2141,1.);
#2141 = DIRECTION('',(-0.439677925614,0.898155510882,0.));
#2142 = PLANE('',#2143);
#2143 = AXIS2_PLACEMENT_3D('',#2144,#2145,#2146);
#2144 = CARTESIAN_POINT('',(90.048750847436,-20.51181228406,0.));
#2145 = DIRECTION('',(-0.898155510882,-0.439677925614,0.));
#2146 = DIRECTION('',(-0.439677925614,0.898155510882,0.));
#2147 = ADVANCED_FACE('',(#2148),#2173,.F.);
#2148 = FACE_BOUND('',#2149,.F.);
#2149 = EDGE_LOOP('',(#2150,#2160,#2166,#2167));
#2150 = ORIENTED_EDGE('',*,*,#2151,.T.);
#2151 = EDGE_CURVE('',#2152,#2154,#2156,.T.);
#2152 = VERTEX_POINT('',#2153);
#2153 = CARTESIAN_POINT('',(90.507460767727,-21.47471875015,0.));
#2154 = VERTEX_POINT('',#2155);
#2155 = CARTESIAN_POINT('',(90.507460767727,-21.47471875015,6.));
#2156 = LINE('',#2157,#2158);
#2157 = CARTESIAN_POINT('',(90.507460767727,-21.47471875015,0.));
#2158 = VECTOR('',#2159,1.);
#2159 = DIRECTION('',(0.,0.,1.));
#2160 = ORIENTED_EDGE('',*,*,#2161,.T.);
#2161 = EDGE_CURVE('',#2154,#2123,#2162,.T.);
#2162 = LINE('',#2163,#2164);
#2163 = CARTESIAN_POINT('',(90.507460767727,-21.47471875015,6.));
#2164 = VECTOR('',#2165,1.);
#2165 = DIRECTION('',(-0.430073460537,0.902793895938,0.));
#2166 = ORIENTED_EDGE('',*,*,#2120,.F.);
#2167 = ORIENTED_EDGE('',*,*,#2168,.F.);
#2168 = EDGE_CURVE('',#2152,#2121,#2169,.T.);
#2169 = LINE('',#2170,#2171);
#2170 = CARTESIAN_POINT('',(90.507460767727,-21.47471875015,0.));
#2171 = VECTOR('',#2172,1.);
#2172 = DIRECTION('',(-0.430073460537,0.902793895938,0.));
#2173 = PLANE('',#2174);
#2174 = AXIS2_PLACEMENT_3D('',#2175,#2176,#2177);
#2175 = CARTESIAN_POINT('',(90.507460767727,-21.47471875015,0.));
#2176 = DIRECTION('',(-0.902793895938,-0.430073460537,0.));
#2177 = DIRECTION('',(-0.430073460537,0.902793895938,0.));
#2178 = ADVANCED_FACE('',(#2179),#2204,.F.);
#2179 = FACE_BOUND('',#2180,.F.);
#2180 = EDGE_LOOP('',(#2181,#2191,#2197,#2198));
#2181 = ORIENTED_EDGE('',*,*,#2182,.T.);
#2182 = EDGE_CURVE('',#2183,#2185,#2187,.T.);
#2183 = VERTEX_POINT('',#2184);
#2184 = CARTESIAN_POINT('',(90.955874526215,-22.44246290777,0.));
#2185 = VERTEX_POINT('',#2186);
#2186 = CARTESIAN_POINT('',(90.955874526215,-22.44246290777,6.));
#2187 = LINE('',#2188,#2189);
#2188 = CARTESIAN_POINT('',(90.955874526215,-22.44246290777,0.));
#2189 = VECTOR('',#2190,1.);
#2190 = DIRECTION('',(0.,0.,1.));
#2191 = ORIENTED_EDGE('',*,*,#2192,.T.);
#2192 = EDGE_CURVE('',#2185,#2154,#2193,.T.);
#2193 = LINE('',#2194,#2195);
#2194 = CARTESIAN_POINT('',(90.955874526215,-22.44246290777,6.));
#2195 = VECTOR('',#2196,1.);
#2196 = DIRECTION('',(-0.420420070145,0.907329578829,0.));
#2197 = ORIENTED_EDGE('',*,*,#2151,.F.);
#2198 = ORIENTED_EDGE('',*,*,#2199,.F.);
#2199 = EDGE_CURVE('',#2183,#2152,#2200,.T.);
#2200 = LINE('',#2201,#2202);
#2201 = CARTESIAN_POINT('',(90.955874526215,-22.44246290777,0.));
#2202 = VECTOR('',#2203,1.);
#2203 = DIRECTION('',(-0.420420070145,0.907329578829,0.));
#2204 = PLANE('',#2205);
#2205 = AXIS2_PLACEMENT_3D('',#2206,#2207,#2208);
#2206 = CARTESIAN_POINT('',(90.955874526215,-22.44246290777,0.));
#2207 = DIRECTION('',(-0.907329578829,-0.420420070145,0.));
#2208 = DIRECTION('',(-0.420420070145,0.907329578829,0.));
#2209 = ADVANCED_FACE('',(#2210),#2235,.F.);
#2210 = FACE_BOUND('',#2211,.F.);
#2211 = EDGE_LOOP('',(#2212,#2222,#2228,#2229));
#2212 = ORIENTED_EDGE('',*,*,#2213,.T.);
#2213 = EDGE_CURVE('',#2214,#2216,#2218,.T.);
#2214 = VERTEX_POINT('',#2215);
#2215 = CARTESIAN_POINT('',(91.393941111186,-23.414934666,0.));
#2216 = VERTEX_POINT('',#2217);
#2217 = CARTESIAN_POINT('',(91.393941111186,-23.414934666,6.));
#2218 = LINE('',#2219,#2220);
#2219 = CARTESIAN_POINT('',(91.393941111186,-23.414934666,0.));
#2220 = VECTOR('',#2221,1.);
#2221 = DIRECTION('',(0.,0.,1.));
#2222 = ORIENTED_EDGE('',*,*,#2223,.T.);
#2223 = EDGE_CURVE('',#2216,#2185,#2224,.T.);
#2224 = LINE('',#2225,#2226);
#2225 = CARTESIAN_POINT('',(91.393941111186,-23.414934666,6.));
#2226 = VECTOR('',#2227,1.);
#2227 = DIRECTION('',(-0.410718852613,0.911762043577,0.));
#2228 = ORIENTED_EDGE('',*,*,#2182,.F.);
#2229 = ORIENTED_EDGE('',*,*,#2230,.F.);
#2230 = EDGE_CURVE('',#2214,#2183,#2231,.T.);
#2231 = LINE('',#2232,#2233);
#2232 = CARTESIAN_POINT('',(91.393941111186,-23.414934666,0.));
#2233 = VECTOR('',#2234,1.);
#2234 = DIRECTION('',(-0.410718852613,0.911762043577,0.));
#2235 = PLANE('',#2236);
#2236 = AXIS2_PLACEMENT_3D('',#2237,#2238,#2239);
#2237 = CARTESIAN_POINT('',(91.393941111186,-23.414934666,0.));
#2238 = DIRECTION('',(-0.911762043577,-0.410718852613,0.));
#2239 = DIRECTION('',(-0.410718852613,0.911762043577,0.));
#2240 = ADVANCED_FACE('',(#2241),#2266,.F.);
#2241 = FACE_BOUND('',#2242,.F.);
#2242 = EDGE_LOOP('',(#2243,#2253,#2259,#2260));
#2243 = ORIENTED_EDGE('',*,*,#2244,.T.);
#2244 = EDGE_CURVE('',#2245,#2247,#2249,.T.);
#2245 = VERTEX_POINT('',#2246);
#2246 = CARTESIAN_POINT('',(91.821610688027,-24.39202339608,0.));
#2247 = VERTEX_POINT('',#2248);
#2248 = CARTESIAN_POINT('',(91.821610688027,-24.39202339608,6.));
#2249 = LINE('',#2250,#2251);
#2250 = CARTESIAN_POINT('',(91.821610688027,-24.39202339608,0.));
#2251 = VECTOR('',#2252,1.);
#2252 = DIRECTION('',(0.,0.,1.));
#2253 = ORIENTED_EDGE('',*,*,#2254,.T.);
#2254 = EDGE_CURVE('',#2247,#2216,#2255,.T.);
#2255 = LINE('',#2256,#2257);
#2256 = CARTESIAN_POINT('',(91.821610688027,-24.39202339608,6.));
#2257 = VECTOR('',#2258,1.);
#2258 = DIRECTION('',(-0.400970911555,0.916090785942,0.));
#2259 = ORIENTED_EDGE('',*,*,#2213,.F.);
#2260 = ORIENTED_EDGE('',*,*,#2261,.F.);
#2261 = EDGE_CURVE('',#2245,#2214,#2262,.T.);
#2262 = LINE('',#2263,#2264);
#2263 = CARTESIAN_POINT('',(91.821610688027,-24.39202339608,0.));
#2264 = VECTOR('',#2265,1.);
#2265 = DIRECTION('',(-0.400970911555,0.916090785942,0.));
#2266 = PLANE('',#2267);
#2267 = AXIS2_PLACEMENT_3D('',#2268,#2269,#2270);
#2268 = CARTESIAN_POINT('',(91.821610688027,-24.39202339608,0.));
#2269 = DIRECTION('',(-0.916090785942,-0.400970911555,0.));
#2270 = DIRECTION('',(-0.400970911555,0.916090785942,0.));
#2271 = ADVANCED_FACE('',(#2272),#2297,.F.);
#2272 = FACE_BOUND('',#2273,.F.);
#2273 = EDGE_LOOP('',(#2274,#2284,#2290,#2291));
#2274 = ORIENTED_EDGE('',*,*,#2275,.T.);
#2275 = EDGE_CURVE('',#2276,#2278,#2280,.T.);
#2276 = VERTEX_POINT('',#2277);
#2277 = CARTESIAN_POINT('',(92.23883460489,-25.37361794405,0.));
#2278 = VERTEX_POINT('',#2279);
#2279 = CARTESIAN_POINT('',(92.23883460489,-25.37361794405,6.));
#2280 = LINE('',#2281,#2282);
#2281 = CARTESIAN_POINT('',(92.23883460489,-25.37361794405,0.));
#2282 = VECTOR('',#2283,1.);
#2283 = DIRECTION('',(0.,0.,1.));
#2284 = ORIENTED_EDGE('',*,*,#2285,.T.);
#2285 = EDGE_CURVE('',#2278,#2247,#2286,.T.);
#2286 = LINE('',#2287,#2288);
#2287 = CARTESIAN_POINT('',(92.23883460489,-25.37361794405,6.));
#2288 = VECTOR('',#2289,1.);
#2289 = DIRECTION('',(-0.391177355899,0.920315313483,0.));
#2290 = ORIENTED_EDGE('',*,*,#2244,.F.);
#2291 = ORIENTED_EDGE('',*,*,#2292,.F.);
#2292 = EDGE_CURVE('',#2276,#2245,#2293,.T.);
#2293 = LINE('',#2294,#2295);
#2294 = CARTESIAN_POINT('',(92.23883460489,-25.37361794405,0.));
#2295 = VECTOR('',#2296,1.);
#2296 = DIRECTION('',(-0.391177355899,0.920315313483,0.));
#2297 = PLANE('',#2298);
#2298 = AXIS2_PLACEMENT_3D('',#2299,#2300,#2301);
#2299 = CARTESIAN_POINT('',(92.23883460489,-25.37361794405,0.));
#2300 = DIRECTION('',(-0.920315313483,-0.391177355899,0.));
#2301 = DIRECTION('',(-0.391177355899,0.920315313483,0.));
#2302 = ADVANCED_FACE('',(#2303),#2328,.F.);
#2303 = FACE_BOUND('',#2304,.F.);
#2304 = EDGE_LOOP('',(#2305,#2315,#2321,#2322));
#2305 = ORIENTED_EDGE('',*,*,#2306,.T.);
#2306 = EDGE_CURVE('',#2307,#2309,#2311,.T.);
#2307 = VERTEX_POINT('',#2308);
#2308 = CARTESIAN_POINT('',(92.64556539823,-26.35960664336,0.));
#2309 = VERTEX_POINT('',#2310);
#2310 = CARTESIAN_POINT('',(92.64556539823,-26.35960664336,6.));
#2311 = LINE('',#2312,#2313);
#2312 = CARTESIAN_POINT('',(92.64556539823,-26.35960664336,0.));
#2313 = VECTOR('',#2314,1.);
#2314 = DIRECTION('',(0.,0.,1.));
#2315 = ORIENTED_EDGE('',*,*,#2316,.T.);
#2316 = EDGE_CURVE('',#2309,#2278,#2317,.T.);
#2317 = LINE('',#2318,#2319);
#2318 = CARTESIAN_POINT('',(92.64556539823,-26.35960664336,6.));
#2319 = VECTOR('',#2320,1.);
#2320 = DIRECTION('',(-0.381339299764,0.924435145619,0.));
#2321 = ORIENTED_EDGE('',*,*,#2275,.F.);
#2322 = ORIENTED_EDGE('',*,*,#2323,.F.);
#2323 = EDGE_CURVE('',#2307,#2276,#2324,.T.);
#2324 = LINE('',#2325,#2326);
#2325 = CARTESIAN_POINT('',(92.64556539823,-26.35960664336,0.));
#2326 = VECTOR('',#2327,1.);
#2327 = DIRECTION('',(-0.381339299764,0.924435145619,0.));
#2328 = PLANE('',#2329);
#2329 = AXIS2_PLACEMENT_3D('',#2330,#2331,#2332);
#2330 = CARTESIAN_POINT('',(92.64556539823,-26.35960664336,0.));
#2331 = DIRECTION('',(-0.924435145619,-0.381339299764,0.));
#2332 = DIRECTION('',(-0.381339299764,0.924435145619,0.));
#2333 = ADVANCED_FACE('',(#2334),#2359,.F.);
#2334 = FACE_BOUND('',#2335,.F.);
#2335 = EDGE_LOOP('',(#2336,#2346,#2352,#2353));
#2336 = ORIENTED_EDGE('',*,*,#2337,.T.);
#2337 = EDGE_CURVE('',#2338,#2340,#2342,.T.);
#2338 = VERTEX_POINT('',#2339);
#2339 = CARTESIAN_POINT('',(93.041756798202,-27.34987732757,0.));
#2340 = VERTEX_POINT('',#2341);
#2341 = CARTESIAN_POINT('',(93.041756798202,-27.34987732757,6.));
#2342 = LINE('',#2343,#2344);
#2343 = CARTESIAN_POINT('',(93.041756798202,-27.34987732757,0.));
#2344 = VECTOR('',#2345,1.);
#2345 = DIRECTION('',(0.,0.,1.));
#2346 = ORIENTED_EDGE('',*,*,#2347,.T.);
#2347 = EDGE_CURVE('',#2340,#2309,#2348,.T.);
#2348 = LINE('',#2349,#2350);
#2349 = CARTESIAN_POINT('',(93.041756798202,-27.34987732757,6.));
#2350 = VECTOR('',#2351,1.);
#2351 = DIRECTION('',(-0.371457862331,0.928449813675,0.));
#2352 = ORIENTED_EDGE('',*,*,#2306,.F.);
#2353 = ORIENTED_EDGE('',*,*,#2354,.F.);
#2354 = EDGE_CURVE('',#2338,#2307,#2355,.T.);
#2355 = LINE('',#2356,#2357);
#2356 = CARTESIAN_POINT('',(93.041756798202,-27.34987732757,0.));
#2357 = VECTOR('',#2358,1.);
#2358 = DIRECTION('',(-0.371457862331,0.928449813675,0.));
#2359 = PLANE('',#2360);
#2360 = AXIS2_PLACEMENT_3D('',#2361,#2362,#2363);
#2361 = CARTESIAN_POINT('',(93.041756798202,-27.34987732757,0.));
#2362 = DIRECTION('',(-0.928449813675,-0.371457862331,0.));
#2363 = DIRECTION('',(-0.371457862331,0.928449813675,0.));
#2364 = ADVANCED_FACE('',(#2365),#2390,.F.);
#2365 = FACE_BOUND('',#2366,.F.);
#2366 = EDGE_LOOP('',(#2367,#2377,#2383,#2384));
#2367 = ORIENTED_EDGE('',*,*,#2368,.T.);
#2368 = EDGE_CURVE('',#2369,#2371,#2373,.T.);
#2369 = VERTEX_POINT('',#2370);
#2370 = CARTESIAN_POINT('',(93.42736373393,-28.34431734312,0.));
#2371 = VERTEX_POINT('',#2372);
#2372 = CARTESIAN_POINT('',(93.42736373393,-28.34431734312,6.));
#2373 = LINE('',#2374,#2375);
#2374 = CARTESIAN_POINT('',(93.42736373393,-28.34431734312,0.));
#2375 = VECTOR('',#2376,1.);
#2376 = DIRECTION('',(0.,0.,1.));
#2377 = ORIENTED_EDGE('',*,*,#2378,.T.);
#2378 = EDGE_CURVE('',#2371,#2340,#2379,.T.);
#2379 = LINE('',#2380,#2381);
#2380 = CARTESIAN_POINT('',(93.42736373393,-28.34431734312,6.));
#2381 = VECTOR('',#2382,1.);
#2382 = DIRECTION('',(-0.361534167715,0.932358860941,0.));
#2383 = ORIENTED_EDGE('',*,*,#2337,.F.);
#2384 = ORIENTED_EDGE('',*,*,#2385,.F.);
#2385 = EDGE_CURVE('',#2369,#2338,#2386,.T.);
#2386 = LINE('',#2387,#2388);
#2387 = CARTESIAN_POINT('',(93.42736373393,-28.34431734312,0.));
#2388 = VECTOR('',#2389,1.);
#2389 = DIRECTION('',(-0.361534167715,0.932358860941,0.));
#2390 = PLANE('',#2391);
#2391 = AXIS2_PLACEMENT_3D('',#2392,#2393,#2394);
#2392 = CARTESIAN_POINT('',(93.42736373393,-28.34431734312,0.));
#2393 = DIRECTION('',(-0.932358860941,-0.361534167715,0.));
#2394 = DIRECTION('',(-0.361534167715,0.932358860941,0.));
#2395 = ADVANCED_FACE('',(#2396),#2421,.F.);
#2396 = FACE_BOUND('',#2397,.F.);
#2397 = EDGE_LOOP('',(#2398,#2408,#2414,#2415));
#2398 = ORIENTED_EDGE('',*,*,#2399,.T.);
#2399 = EDGE_CURVE('',#2400,#2402,#2404,.T.);
#2400 = VERTEX_POINT('',#2401);
#2401 = CARTESIAN_POINT('',(93.802342338626,-29.34281356215,0.));
#2402 = VERTEX_POINT('',#2403);
#2403 = CARTESIAN_POINT('',(93.802342338626,-29.34281356215,6.));
#2404 = LINE('',#2405,#2406);
#2405 = CARTESIAN_POINT('',(93.802342338626,-29.34281356215,0.));
#2406 = VECTOR('',#2407,1.);
#2407 = DIRECTION('',(0.,0.,1.));
#2408 = ORIENTED_EDGE('',*,*,#2409,.T.);
#2409 = EDGE_CURVE('',#2402,#2371,#2410,.T.);
#2410 = LINE('',#2411,#2412);
#2411 = CARTESIAN_POINT('',(93.802342338626,-29.34281356215,6.));
#2412 = VECTOR('',#2413,1.);
#2413 = DIRECTION('',(-0.351569344841,0.936161842722,0.));
#2414 = ORIENTED_EDGE('',*,*,#2368,.F.);
#2415 = ORIENTED_EDGE('',*,*,#2416,.F.);
#2416 = EDGE_CURVE('',#2400,#2369,#2417,.T.);
#2417 = LINE('',#2418,#2419);
#2418 = CARTESIAN_POINT('',(93.802342338626,-29.34281356215,0.));
#2419 = VECTOR('',#2420,1.);
#2420 = DIRECTION('',(-0.351569344841,0.936161842722,0.));
#2421 = PLANE('',#2422);
#2422 = AXIS2_PLACEMENT_3D('',#2423,#2424,#2425);
#2423 = CARTESIAN_POINT('',(93.802342338626,-29.34281356215,0.));
#2424 = DIRECTION('',(-0.936161842722,-0.351569344841,0.));
#2425 = DIRECTION('',(-0.351569344841,0.936161842722,0.));
#2426 = ADVANCED_FACE('',(#2427),#2452,.F.);
#2427 = FACE_BOUND('',#2428,.F.);
#2428 = EDGE_LOOP('',(#2429,#2439,#2445,#2446));
#2429 = ORIENTED_EDGE('',*,*,#2430,.T.);
#2430 = EDGE_CURVE('',#2431,#2433,#2435,.T.);
#2431 = VERTEX_POINT('',#2432);
#2432 = CARTESIAN_POINT('',(94.166649954588,-30.34525239538,0.));
#2433 = VERTEX_POINT('',#2434);
#2434 = CARTESIAN_POINT('',(94.166649954588,-30.34525239538,6.));
#2435 = LINE('',#2436,#2437);
#2436 = CARTESIAN_POINT('',(94.166649954588,-30.34525239538,0.));
#2437 = VECTOR('',#2438,1.);
#2438 = DIRECTION('',(0.,0.,1.));
#2439 = ORIENTED_EDGE('',*,*,#2440,.T.);
#2440 = EDGE_CURVE('',#2433,#2402,#2441,.T.);
#2441 = LINE('',#2442,#2443);
#2442 = CARTESIAN_POINT('',(94.166649954588,-30.34525239538,6.));
#2443 = VECTOR('',#2444,1.);
#2444 = DIRECTION('',(-0.34156452731,0.939858326389,0.));
#2445 = ORIENTED_EDGE('',*,*,#2399,.F.);
#2446 = ORIENTED_EDGE('',*,*,#2447,.F.);
#2447 = EDGE_CURVE('',#2431,#2400,#2448,.T.);
#2448 = LINE('',#2449,#2450);
#2449 = CARTESIAN_POINT('',(94.166649954588,-30.34525239538,0.));
#2450 = VECTOR('',#2451,1.);
#2451 = DIRECTION('',(-0.34156452731,0.939858326389,0.));
#2452 = PLANE('',#2453);
#2453 = AXIS2_PLACEMENT_3D('',#2454,#2455,#2456);
#2454 = CARTESIAN_POINT('',(94.166649954588,-30.34525239538,0.));
#2455 = DIRECTION('',(-0.939858326389,-0.34156452731,0.));
#2456 = DIRECTION('',(-0.34156452731,0.939858326389,0.));
#2457 = ADVANCED_FACE('',(#2458),#2483,.F.);
#2458 = FACE_BOUND('',#2459,.F.);
#2459 = EDGE_LOOP('',(#2460,#2470,#2476,#2477));
#2460 = ORIENTED_EDGE('',*,*,#2461,.T.);
#2461 = EDGE_CURVE('',#2462,#2464,#2466,.T.);
#2462 = VERTEX_POINT('',#2463);
#2463 = CARTESIAN_POINT('',(94.520245138047,-31.35151980499,0.));
#2464 = VERTEX_POINT('',#2465);
#2465 = CARTESIAN_POINT('',(94.520245138047,-31.35151980499,6.));
#2466 = LINE('',#2467,#2468);
#2467 = CARTESIAN_POINT('',(94.520245138047,-31.35151980499,0.));
#2468 = VECTOR('',#2469,1.);
#2469 = DIRECTION('',(0.,0.,1.));
#2470 = ORIENTED_EDGE('',*,*,#2471,.T.);
#2471 = EDGE_CURVE('',#2464,#2433,#2472,.T.);
#2472 = LINE('',#2473,#2474);
#2473 = CARTESIAN_POINT('',(94.520245138047,-31.35151980499,6.));
#2474 = VECTOR('',#2475,1.);
#2475 = DIRECTION('',(-0.331520853273,0.943447891431,0.));
#2476 = ORIENTED_EDGE('',*,*,#2430,.F.);
#2477 = ORIENTED_EDGE('',*,*,#2478,.F.);
#2478 = EDGE_CURVE('',#2462,#2431,#2479,.T.);
#2479 = LINE('',#2480,#2481);
#2480 = CARTESIAN_POINT('',(94.520245138047,-31.35151980499,0.));
#2481 = VECTOR('',#2482,1.);
#2482 = DIRECTION('',(-0.331520853273,0.943447891431,0.));
#2483 = PLANE('',#2484);
#2484 = AXIS2_PLACEMENT_3D('',#2485,#2486,#2487);
#2485 = CARTESIAN_POINT('',(94.520245138047,-31.35151980499,0.));
#2486 = DIRECTION('',(-0.943447891431,-0.331520853273,0.));
#2487 = DIRECTION('',(-0.331520853273,0.943447891431,0.));
#2488 = ADVANCED_FACE('',(#2489),#2514,.F.);
#2489 = FACE_BOUND('',#2490,.F.);
#2490 = EDGE_LOOP('',(#2491,#2501,#2507,#2508));
#2491 = ORIENTED_EDGE('',*,*,#2492,.T.);
#2492 = EDGE_CURVE('',#2493,#2495,#2497,.T.);
#2493 = VERTEX_POINT('',#2494);
#2494 = CARTESIAN_POINT('',(94.863087663888,-32.36150131764,0.));
#2495 = VERTEX_POINT('',#2496);
#2496 = CARTESIAN_POINT('',(94.863087663888,-32.36150131764,6.));
#2497 = LINE('',#2498,#2499);
#2498 = CARTESIAN_POINT('',(94.863087663888,-32.36150131764,0.));
#2499 = VECTOR('',#2500,1.);
#2500 = DIRECTION('',(0.,0.,1.));
#2501 = ORIENTED_EDGE('',*,*,#2502,.T.);
#2502 = EDGE_CURVE('',#2495,#2464,#2503,.T.);
#2503 = LINE('',#2504,#2505);
#2504 = CARTESIAN_POINT('',(94.863087663888,-32.36150131764,6.));
#2505 = VECTOR('',#2506,1.);
#2506 = DIRECTION('',(-0.321439465303,0.946930129495,0.));
#2507 = ORIENTED_EDGE('',*,*,#2461,.F.);
#2508 = ORIENTED_EDGE('',*,*,#2509,.F.);
#2509 = EDGE_CURVE('',#2493,#2462,#2510,.T.);
#2510 = LINE('',#2511,#2512);
#2511 = CARTESIAN_POINT('',(94.863087663888,-32.36150131764,0.));
#2512 = VECTOR('',#2513,1.);
#2513 = DIRECTION('',(-0.321439465303,0.946930129495,0.));
#2514 = PLANE('',#2515);
#2515 = AXIS2_PLACEMENT_3D('',#2516,#2517,#2518);
#2516 = CARTESIAN_POINT('',(94.863087663888,-32.36150131764,0.));
#2517 = DIRECTION('',(-0.946930129495,-0.321439465303,0.));
#2518 = DIRECTION('',(-0.321439465303,0.946930129495,0.));
#2519 = ADVANCED_FACE('',(#2520),#2545,.F.);
#2520 = FACE_BOUND('',#2521,.F.);
#2521 = EDGE_LOOP('',(#2522,#2532,#2538,#2539));
#2522 = ORIENTED_EDGE('',*,*,#2523,.T.);
#2523 = EDGE_CURVE('',#2524,#2526,#2528,.T.);
#2524 = VERTEX_POINT('',#2525);
#2525 = CARTESIAN_POINT('',(95.195138530219,-33.37508203745,0.));
#2526 = VERTEX_POINT('',#2527);
#2527 = CARTESIAN_POINT('',(95.195138530219,-33.37508203745,6.));
#2528 = LINE('',#2529,#2530);
#2529 = CARTESIAN_POINT('',(95.195138530219,-33.37508203745,0.));
#2530 = VECTOR('',#2531,1.);
#2531 = DIRECTION('',(0.,0.,1.));
#2532 = ORIENTED_EDGE('',*,*,#2533,.T.);
#2533 = EDGE_CURVE('',#2526,#2495,#2534,.T.);
#2534 = LINE('',#2535,#2536);
#2535 = CARTESIAN_POINT('',(95.195138530219,-33.37508203745,6.));
#2536 = VECTOR('',#2537,1.);
#2537 = DIRECTION('',(-0.311321510262,0.950304644442,0.));
#2538 = ORIENTED_EDGE('',*,*,#2492,.F.);
#2539 = ORIENTED_EDGE('',*,*,#2540,.F.);
#2540 = EDGE_CURVE('',#2524,#2493,#2541,.T.);
#2541 = LINE('',#2542,#2543);
#2542 = CARTESIAN_POINT('',(95.195138530219,-33.37508203745,0.));
#2543 = VECTOR('',#2544,1.);
#2544 = DIRECTION('',(-0.311321510262,0.950304644442,0.));
#2545 = PLANE('',#2546);
#2546 = AXIS2_PLACEMENT_3D('',#2547,#2548,#2549);
#2547 = CARTESIAN_POINT('',(95.195138530219,-33.37508203745,0.));
#2548 = DIRECTION('',(-0.950304644442,-0.311321510262,0.));
#2549 = DIRECTION('',(-0.311321510262,0.950304644442,0.));
#2550 = ADVANCED_FACE('',(#2551),#2576,.F.);
#2551 = FACE_BOUND('',#2552,.F.);
#2552 = EDGE_LOOP('',(#2553,#2563,#2569,#2570));
#2553 = ORIENTED_EDGE('',*,*,#2554,.T.);
#2554 = EDGE_CURVE('',#2555,#2557,#2559,.T.);
#2555 = VERTEX_POINT('',#2556);
#2556 = CARTESIAN_POINT('',(95.516359962812,-34.39214665913,0.));
#2557 = VERTEX_POINT('',#2558);
#2558 = CARTESIAN_POINT('',(95.516359962812,-34.39214665913,6.));
#2559 = LINE('',#2560,#2561);
#2560 = CARTESIAN_POINT('',(95.516359962812,-34.39214665913,0.));
#2561 = VECTOR('',#2562,1.);
#2562 = DIRECTION('',(0.,0.,1.));
#2563 = ORIENTED_EDGE('',*,*,#2564,.T.);
#2564 = EDGE_CURVE('',#2557,#2526,#2565,.T.);
#2565 = LINE('',#2566,#2567);
#2566 = CARTESIAN_POINT('',(95.516359962812,-34.39214665913,6.));
#2567 = VECTOR('',#2568,1.);
#2568 = DIRECTION('',(-0.301168139172,0.953571052385,0.));
#2569 = ORIENTED_EDGE('',*,*,#2523,.F.);
#2570 = ORIENTED_EDGE('',*,*,#2571,.F.);
#2571 = EDGE_CURVE('',#2555,#2524,#2572,.T.);
#2572 = LINE('',#2573,#2574);
#2573 = CARTESIAN_POINT('',(95.516359962812,-34.39214665913,0.));
#2574 = VECTOR('',#2575,1.);
#2575 = DIRECTION('',(-0.301168139172,0.953571052385,0.));
#2576 = PLANE('',#2577);
#2577 = AXIS2_PLACEMENT_3D('',#2578,#2579,#2580);
#2578 = CARTESIAN_POINT('',(95.516359962812,-34.39214665913,0.));
#2579 = DIRECTION('',(-0.953571052385,-0.301168139172,0.));
#2580 = DIRECTION('',(-0.301168139172,0.953571052385,0.));
#2581 = ADVANCED_FACE('',(#2582),#2607,.F.);
#2582 = FACE_BOUND('',#2583,.F.);
#2583 = EDGE_LOOP('',(#2584,#2594,#2600,#2601));
#2584 = ORIENTED_EDGE('',*,*,#2585,.T.);
#2585 = EDGE_CURVE('',#2586,#2588,#2590,.T.);
#2586 = VERTEX_POINT('',#2587);
#2587 = CARTESIAN_POINT('',(95.8267154194,-35.41257948101,0.));
#2588 = VERTEX_POINT('',#2589);
#2589 = CARTESIAN_POINT('',(95.8267154194,-35.41257948101,6.));
#2590 = LINE('',#2591,#2592);
#2591 = CARTESIAN_POINT('',(95.8267154194,-35.41257948101,0.));
#2592 = VECTOR('',#2593,1.);
#2593 = DIRECTION('',(0.,0.,1.));
#2594 = ORIENTED_EDGE('',*,*,#2595,.T.);
#2595 = EDGE_CURVE('',#2588,#2557,#2596,.T.);
#2596 = LINE('',#2597,#2598);
#2597 = CARTESIAN_POINT('',(95.8267154194,-35.41257948101,6.));
#2598 = VECTOR('',#2599,1.);
#2599 = DIRECTION('',(-0.290980507085,0.956728981738,0.));
#2600 = ORIENTED_EDGE('',*,*,#2554,.F.);
#2601 = ORIENTED_EDGE('',*,*,#2602,.F.);
#2602 = EDGE_CURVE('',#2586,#2555,#2603,.T.);
#2603 = LINE('',#2604,#2605);
#2604 = CARTESIAN_POINT('',(95.8267154194,-35.41257948101,0.));
#2605 = VECTOR('',#2606,1.);
#2606 = DIRECTION('',(-0.290980507085,0.956728981738,0.));
#2607 = PLANE('',#2608);
#2608 = AXIS2_PLACEMENT_3D('',#2609,#2610,#2611);
#2609 = CARTESIAN_POINT('',(95.8267154194,-35.41257948101,0.));
#2610 = DIRECTION('',(-0.956728981738,-0.290980507085,0.));
#2611 = DIRECTION('',(-0.290980507085,0.956728981738,0.));
#2612 = ADVANCED_FACE('',(#2613),#2638,.F.);
#2613 = FACE_BOUND('',#2614,.F.);
#2614 = EDGE_LOOP('',(#2615,#2625,#2631,#2632));
#2615 = ORIENTED_EDGE('',*,*,#2616,.T.);
#2616 = EDGE_CURVE('',#2617,#2619,#2621,.T.);
#2617 = VERTEX_POINT('',#2618);
#2618 = CARTESIAN_POINT('',(96.126169593832,-36.4362644183,0.));
#2619 = VERTEX_POINT('',#2620);
#2620 = CARTESIAN_POINT('',(96.126169593832,-36.4362644183,6.));
#2621 = LINE('',#2622,#2623);
#2622 = CARTESIAN_POINT('',(96.126169593832,-36.4362644183,0.));
#2623 = VECTOR('',#2624,1.);
#2624 = DIRECTION('',(0.,0.,1.));
#2625 = ORIENTED_EDGE('',*,*,#2626,.T.);
#2626 = EDGE_CURVE('',#2619,#2588,#2627,.T.);
#2627 = LINE('',#2628,#2629);
#2628 = CARTESIAN_POINT('',(96.126169593832,-36.4362644183,6.));
#2629 = VECTOR('',#2630,1.);
#2630 = DIRECTION('',(-0.280759772949,0.959778073251,0.));
#2631 = ORIENTED_EDGE('',*,*,#2585,.F.);
#2632 = ORIENTED_EDGE('',*,*,#2633,.F.);
#2633 = EDGE_CURVE('',#2617,#2586,#2634,.T.);
#2634 = LINE('',#2635,#2636);
#2635 = CARTESIAN_POINT('',(96.126169593832,-36.4362644183,0.));
#2636 = VECTOR('',#2637,1.);
#2637 = DIRECTION('',(-0.280759772949,0.959778073251,0.));
#2638 = PLANE('',#2639);
#2639 = AXIS2_PLACEMENT_3D('',#2640,#2641,#2642);
#2640 = CARTESIAN_POINT('',(96.126169593832,-36.4362644183,0.));
#2641 = DIRECTION('',(-0.959778073251,-0.280759772949,0.));
#2642 = DIRECTION('',(-0.280759772949,0.959778073251,0.));
#2643 = ADVANCED_FACE('',(#2644),#2669,.F.);
#2644 = FACE_BOUND('',#2645,.F.);
#2645 = EDGE_LOOP('',(#2646,#2656,#2662,#2663));
#2646 = ORIENTED_EDGE('',*,*,#2647,.T.);
#2647 = EDGE_CURVE('',#2648,#2650,#2652,.T.);
#2648 = VERTEX_POINT('',#2649);
#2649 = CARTESIAN_POINT('',(96.414688420092,-37.46308501621,0.));
#2650 = VERTEX_POINT('',#2651);
#2651 = CARTESIAN_POINT('',(96.414688420092,-37.46308501621,6.));
#2652 = LINE('',#2653,#2654);
#2653 = CARTESIAN_POINT('',(96.414688420092,-37.46308501621,0.));
#2654 = VECTOR('',#2655,1.);
#2655 = DIRECTION('',(0.,0.,1.));
#2656 = ORIENTED_EDGE('',*,*,#2657,.T.);
#2657 = EDGE_CURVE('',#2650,#2619,#2658,.T.);
#2658 = LINE('',#2659,#2660);
#2659 = CARTESIAN_POINT('',(96.414688420092,-37.46308501621,6.));
#2660 = VECTOR('',#2661,1.);
#2661 = DIRECTION('',(-0.270507099478,0.962717980061,0.));
#2662 = ORIENTED_EDGE('',*,*,#2616,.F.);
#2663 = ORIENTED_EDGE('',*,*,#2664,.F.);
#2664 = EDGE_CURVE('',#2648,#2617,#2665,.T.);
#2665 = LINE('',#2666,#2667);
#2666 = CARTESIAN_POINT('',(96.414688420092,-37.46308501621,0.));
#2667 = VECTOR('',#2668,1.);
#2668 = DIRECTION('',(-0.270507099478,0.962717980061,0.));
#2669 = PLANE('',#2670);
#2670 = AXIS2_PLACEMENT_3D('',#2671,#2672,#2673);
#2671 = CARTESIAN_POINT('',(96.414688420092,-37.46308501621,0.));
#2672 = DIRECTION('',(-0.962717980061,-0.270507099478,0.));
#2673 = DIRECTION('',(-0.270507099478,0.962717980061,0.));
#2674 = ADVANCED_FACE('',(#2675),#2700,.F.);
#2675 = FACE_BOUND('',#2676,.F.);
#2676 = EDGE_LOOP('',(#2677,#2687,#2693,#2694));
#2677 = ORIENTED_EDGE('',*,*,#2678,.T.);
#2678 = EDGE_CURVE('',#2679,#2681,#2683,.T.);
#2679 = VERTEX_POINT('',#2680);
#2680 = CARTESIAN_POINT('',(96.692239076173,-38.49292446327,0.));
#2681 = VERTEX_POINT('',#2682);
#2682 = CARTESIAN_POINT('',(96.692239076173,-38.49292446327,6.));
#2683 = LINE('',#2684,#2685);
#2684 = CARTESIAN_POINT('',(96.692239076173,-38.49292446327,0.));
#2685 = VECTOR('',#2686,1.);
#2686 = DIRECTION('',(0.,0.,1.));
#2687 = ORIENTED_EDGE('',*,*,#2688,.T.);
#2688 = EDGE_CURVE('',#2681,#2650,#2689,.T.);
#2689 = LINE('',#2690,#2691);
#2690 = CARTESIAN_POINT('',(96.692239076173,-38.49292446327,6.));
#2691 = VECTOR('',#2692,1.);
#2692 = DIRECTION('',(-0.260223653021,0.965548367721,0.));
#2693 = ORIENTED_EDGE('',*,*,#2647,.F.);
#2694 = ORIENTED_EDGE('',*,*,#2695,.F.);
#2695 = EDGE_CURVE('',#2679,#2648,#2696,.T.);
#2696 = LINE('',#2697,#2698);
#2697 = CARTESIAN_POINT('',(96.692239076173,-38.49292446327,0.));
#2698 = VECTOR('',#2699,1.);
#2699 = DIRECTION('',(-0.260223653021,0.965548367721,0.));
#2700 = PLANE('',#2701);
#2701 = AXIS2_PLACEMENT_3D('',#2702,#2703,#2704);
#2702 = CARTESIAN_POINT('',(96.692239076173,-38.49292446327,0.));
#2703 = DIRECTION('',(-0.965548367721,-0.260223653021,0.));
#2704 = DIRECTION('',(-0.260223653021,0.965548367721,0.));
#2705 = ADVANCED_FACE('',(#2706),#2731,.F.);
#2706 = FACE_BOUND('',#2707,.F.);
#2707 = EDGE_LOOP('',(#2708,#2718,#2724,#2725));
#2708 = ORIENTED_EDGE('',*,*,#2709,.T.);
#2709 = EDGE_CURVE('',#2710,#2712,#2714,.T.);
#2710 = VERTEX_POINT('',#2711);
#2711 = CARTESIAN_POINT('',(96.958789987812,-39.52566560456,0.));
#2712 = VERTEX_POINT('',#2713);
#2713 = CARTESIAN_POINT('',(96.958789987812,-39.52566560456,6.));
#2714 = LINE('',#2715,#2716);
#2715 = CARTESIAN_POINT('',(96.958789987812,-39.52566560456,0.));
#2716 = VECTOR('',#2717,1.);
#2717 = DIRECTION('',(0.,0.,1.));
#2718 = ORIENTED_EDGE('',*,*,#2719,.T.);
#2719 = EDGE_CURVE('',#2712,#2681,#2720,.T.);
#2720 = LINE('',#2721,#2722);
#2721 = CARTESIAN_POINT('',(96.958789987812,-39.52566560456,6.));
#2722 = VECTOR('',#2723,1.);
#2723 = DIRECTION('',(-0.249910603426,0.968268914246,0.));
#2724 = ORIENTED_EDGE('',*,*,#2678,.F.);
#2725 = ORIENTED_EDGE('',*,*,#2726,.F.);
#2726 = EDGE_CURVE('',#2710,#2679,#2727,.T.);
#2727 = LINE('',#2728,#2729);
#2728 = CARTESIAN_POINT('',(96.958789987812,-39.52566560456,0.));
#2729 = VECTOR('',#2730,1.);
#2730 = DIRECTION('',(-0.249910603426,0.968268914246,0.));
#2731 = PLANE('',#2732);
#2732 = AXIS2_PLACEMENT_3D('',#2733,#2734,#2735);
#2733 = CARTESIAN_POINT('',(96.958789987812,-39.52566560456,0.));
#2734 = DIRECTION('',(-0.968268914246,-0.249910603426,0.));
#2735 = DIRECTION('',(-0.249910603426,0.968268914246,0.));
#2736 = ADVANCED_FACE('',(#2737),#2762,.F.);
#2737 = FACE_BOUND('',#2738,.F.);
#2738 = EDGE_LOOP('',(#2739,#2749,#2755,#2756));
#2739 = ORIENTED_EDGE('',*,*,#2740,.T.);
#2740 = EDGE_CURVE('',#2741,#2743,#2745,.T.);
#2741 = VERTEX_POINT('',#2742);
#2742 = CARTESIAN_POINT('',(97.214310832078,-40.56119095508,0.));
#2743 = VERTEX_POINT('',#2744);
#2744 = CARTESIAN_POINT('',(97.214310832078,-40.56119095508,6.));
#2745 = LINE('',#2746,#2747);
#2746 = CARTESIAN_POINT('',(97.214310832078,-40.56119095508,0.));
#2747 = VECTOR('',#2748,1.);
#2748 = DIRECTION('',(0.,0.,1.));
#2749 = ORIENTED_EDGE('',*,*,#2750,.T.);
#2750 = EDGE_CURVE('',#2743,#2712,#2751,.T.);
#2751 = LINE('',#2752,#2753);
#2752 = CARTESIAN_POINT('',(97.214310832078,-40.56119095508,6.));
#2753 = VECTOR('',#2754,1.);
#2754 = DIRECTION('',(-0.23956912391,0.970879310146,0.));
#2755 = ORIENTED_EDGE('',*,*,#2709,.F.);
#2756 = ORIENTED_EDGE('',*,*,#2757,.F.);
#2757 = EDGE_CURVE('',#2741,#2710,#2758,.T.);
#2758 = LINE('',#2759,#2760);
#2759 = CARTESIAN_POINT('',(97.214310832078,-40.56119095508,0.));
#2760 = VECTOR('',#2761,1.);
#2761 = DIRECTION('',(-0.23956912391,0.970879310146,0.));
#2762 = PLANE('',#2763);
#2763 = AXIS2_PLACEMENT_3D('',#2764,#2765,#2766);
#2764 = CARTESIAN_POINT('',(97.214310832078,-40.56119095508,0.));
#2765 = DIRECTION('',(-0.970879310146,-0.23956912391,0.));
#2766 = DIRECTION('',(-0.23956912391,0.970879310146,0.));
#2767 = ADVANCED_FACE('',(#2768),#2793,.F.);
#2768 = FACE_BOUND('',#2769,.F.);
#2769 = EDGE_LOOP('',(#2770,#2780,#2786,#2787));
#2770 = ORIENTED_EDGE('',*,*,#2771,.T.);
#2771 = EDGE_CURVE('',#2772,#2774,#2776,.T.);
#2772 = VERTEX_POINT('',#2773);
#2773 = CARTESIAN_POINT('',(97.458772540827,-41.59938271307,0.));
#2774 = VERTEX_POINT('',#2775);
#2775 = CARTESIAN_POINT('',(97.458772540827,-41.59938271307,6.));
#2776 = LINE('',#2777,#2778);
#2777 = CARTESIAN_POINT('',(97.458772540827,-41.59938271307,0.));
#2778 = VECTOR('',#2779,1.);
#2779 = DIRECTION('',(0.,0.,1.));
#2780 = ORIENTED_EDGE('',*,*,#2781,.T.);
#2781 = EDGE_CURVE('',#2774,#2743,#2782,.T.);
#2782 = LINE('',#2783,#2784);
#2783 = CARTESIAN_POINT('',(97.458772540827,-41.59938271307,6.));
#2784 = VECTOR('',#2785,1.);
#2785 = DIRECTION('',(-0.229200390922,0.97337925846,0.));
#2786 = ORIENTED_EDGE('',*,*,#2740,.F.);
#2787 = ORIENTED_EDGE('',*,*,#2788,.F.);
#2788 = EDGE_CURVE('',#2772,#2741,#2789,.T.);
#2789 = LINE('',#2790,#2791);
#2790 = CARTESIAN_POINT('',(97.458772540827,-41.59938271307,0.));
#2791 = VECTOR('',#2792,1.);
#2792 = DIRECTION('',(-0.229200390922,0.97337925846,0.));
#2793 = PLANE('',#2794);
#2794 = AXIS2_PLACEMENT_3D('',#2795,#2796,#2797);
#2795 = CARTESIAN_POINT('',(97.458772540827,-41.59938271307,0.));
#2796 = DIRECTION('',(-0.97337925846,-0.229200390922,0.));
#2797 = DIRECTION('',(-0.229200390922,0.97337925846,0.));
#2798 = ADVANCED_FACE('',(#2799),#2824,.F.);
#2799 = FACE_BOUND('',#2800,.F.);
#2800 = EDGE_LOOP('',(#2801,#2811,#2817,#2818));
#2801 = ORIENTED_EDGE('',*,*,#2802,.T.);
#2802 = EDGE_CURVE('',#2803,#2805,#2807,.T.);
#2803 = VERTEX_POINT('',#2804);
#2804 = CARTESIAN_POINT('',(97.692147304007,-42.64012277347,0.));
#2805 = VERTEX_POINT('',#2806);
#2806 = CARTESIAN_POINT('',(97.692147304007,-42.64012277347,6.));
#2807 = LINE('',#2808,#2809);
#2808 = CARTESIAN_POINT('',(97.692147304007,-42.64012277347,0.));
#2809 = VECTOR('',#2810,1.);
#2810 = DIRECTION('',(0.,0.,1.));
#2811 = ORIENTED_EDGE('',*,*,#2812,.T.);
#2812 = EDGE_CURVE('',#2805,#2774,#2813,.T.);
#2813 = LINE('',#2814,#2815);
#2814 = CARTESIAN_POINT('',(97.692147304007,-42.64012277347,6.));
#2815 = VECTOR('',#2816,1.);
#2816 = DIRECTION('',(-0.218805584015,0.975768474795,0.));
#2817 = ORIENTED_EDGE('',*,*,#2771,.F.);
#2818 = ORIENTED_EDGE('',*,*,#2819,.F.);
#2819 = EDGE_CURVE('',#2803,#2772,#2820,.T.);
#2820 = LINE('',#2821,#2822);
#2821 = CARTESIAN_POINT('',(97.692147304007,-42.64012277347,0.));
#2822 = VECTOR('',#2823,1.);
#2823 = DIRECTION('',(-0.218805584015,0.975768474795,0.));
#2824 = PLANE('',#2825);
#2825 = AXIS2_PLACEMENT_3D('',#2826,#2827,#2828);
#2826 = CARTESIAN_POINT('',(97.692147304007,-42.64012277347,0.));
#2827 = DIRECTION('',(-0.975768474795,-0.218805584015,0.));
#2828 = DIRECTION('',(-0.218805584015,0.975768474795,0.));
#2829 = ADVANCED_FACE('',(#2830),#2855,.F.);
#2830 = FACE_BOUND('',#2831,.F.);
#2831 = EDGE_LOOP('',(#2832,#2842,#2848,#2849));
#2832 = ORIENTED_EDGE('',*,*,#2833,.T.);
#2833 = EDGE_CURVE('',#2834,#2836,#2838,.T.);
#2834 = VERTEX_POINT('',#2835);
#2835 = CARTESIAN_POINT('',(97.914408572818,-43.68329274131,0.));
#2836 = VERTEX_POINT('',#2837);
#2837 = CARTESIAN_POINT('',(97.914408572818,-43.68329274131,6.));
#2838 = LINE('',#2839,#2840);
#2839 = CARTESIAN_POINT('',(97.914408572818,-43.68329274131,0.));
#2840 = VECTOR('',#2841,1.);
#2841 = DIRECTION('',(0.,0.,1.));
#2842 = ORIENTED_EDGE('',*,*,#2843,.T.);
#2843 = EDGE_CURVE('',#2836,#2805,#2844,.T.);
#2844 = LINE('',#2845,#2846);
#2845 = CARTESIAN_POINT('',(97.914408572818,-43.68329274131,6.));
#2846 = VECTOR('',#2847,1.);
#2847 = DIRECTION('',(-0.208385885704,0.978046687352,0.));
#2848 = ORIENTED_EDGE('',*,*,#2802,.F.);
#2849 = ORIENTED_EDGE('',*,*,#2850,.F.);
#2850 = EDGE_CURVE('',#2834,#2803,#2851,.T.);
#2851 = LINE('',#2852,#2853);
#2852 = CARTESIAN_POINT('',(97.914408572818,-43.68329274131,0.));
#2853 = VECTOR('',#2854,1.);
#2854 = DIRECTION('',(-0.208385885704,0.978046687352,0.));
#2855 = PLANE('',#2856);
#2856 = AXIS2_PLACEMENT_3D('',#2857,#2858,#2859);
#2857 = CARTESIAN_POINT('',(97.914408572818,-43.68329274131,0.));
#2858 = DIRECTION('',(-0.978046687352,-0.208385885704,0.));
#2859 = DIRECTION('',(-0.208385885704,0.978046687352,0.));
#2860 = ADVANCED_FACE('',(#2861),#2886,.F.);
#2861 = FACE_BOUND('',#2862,.F.);
#2862 = EDGE_LOOP('',(#2863,#2873,#2879,#2880));
#2863 = ORIENTED_EDGE('',*,*,#2864,.T.);
#2864 = EDGE_CURVE('',#2865,#2867,#2869,.T.);
#2865 = VERTEX_POINT('',#2866);
#2866 = CARTESIAN_POINT('',(98.125531062738,-44.72877394519,0.));
#2867 = VERTEX_POINT('',#2868);
#2868 = CARTESIAN_POINT('',(98.125531062738,-44.72877394519,6.));
#2869 = LINE('',#2870,#2871);
#2870 = CARTESIAN_POINT('',(98.125531062738,-44.72877394519,0.));
#2871 = VECTOR('',#2872,1.);
#2872 = DIRECTION('',(0.,0.,1.));
#2873 = ORIENTED_EDGE('',*,*,#2874,.T.);
#2874 = EDGE_CURVE('',#2867,#2836,#2875,.T.);
#2875 = LINE('',#2876,#2877);
#2876 = CARTESIAN_POINT('',(98.125531062738,-44.72877394519,6.));
#2877 = VECTOR('',#2878,1.);
#2878 = DIRECTION('',(-0.197942481339,0.98021363696,0.));
#2879 = ORIENTED_EDGE('',*,*,#2833,.F.);
#2880 = ORIENTED_EDGE('',*,*,#2881,.F.);
#2881 = EDGE_CURVE('',#2865,#2834,#2882,.T.);
#2882 = LINE('',#2883,#2884);
#2883 = CARTESIAN_POINT('',(98.125531062738,-44.72877394519,0.));
#2884 = VECTOR('',#2885,1.);
#2885 = DIRECTION('',(-0.197942481339,0.98021363696,0.));
#2886 = PLANE('',#2887);
#2887 = AXIS2_PLACEMENT_3D('',#2888,#2889,#2890);
#2888 = CARTESIAN_POINT('',(98.125531062738,-44.72877394519,0.));
#2889 = DIRECTION('',(-0.98021363696,-0.197942481339,0.));
#2890 = DIRECTION('',(-0.197942481339,0.98021363696,0.));
#2891 = ADVANCED_FACE('',(#2892),#2917,.F.);
#2892 = FACE_BOUND('',#2893,.F.);
#2893 = EDGE_LOOP('',(#2894,#2904,#2910,#2911));
#2894 = ORIENTED_EDGE('',*,*,#2895,.T.);
#2895 = EDGE_CURVE('',#2896,#2898,#2900,.T.);
#2896 = VERTEX_POINT('',#2897);
#2897 = CARTESIAN_POINT('',(98.325490756395,-45.77644745078,0.));
#2898 = VERTEX_POINT('',#2899);
#2899 = CARTESIAN_POINT('',(98.325490756395,-45.77644745078,6.));
#2900 = LINE('',#2901,#2902);
#2901 = CARTESIAN_POINT('',(98.325490756395,-45.77644745078,0.));
#2902 = VECTOR('',#2903,1.);
#2903 = DIRECTION('',(0.,0.,1.));
#2904 = ORIENTED_EDGE('',*,*,#2905,.T.);
#2905 = EDGE_CURVE('',#2898,#2867,#2906,.T.);
#2906 = LINE('',#2907,#2908);
#2907 = CARTESIAN_POINT('',(98.325490756395,-45.77644745078,6.));
#2908 = VECTOR('',#2909,1.);
#2909 = DIRECTION('',(-0.187476558964,0.982269077106,0.));
#2910 = ORIENTED_EDGE('',*,*,#2864,.F.);
#2911 = ORIENTED_EDGE('',*,*,#2912,.F.);
#2912 = EDGE_CURVE('',#2896,#2865,#2913,.T.);
#2913 = LINE('',#2914,#2915);
#2914 = CARTESIAN_POINT('',(98.325490756395,-45.77644745078,0.));
#2915 = VECTOR('',#2916,1.);
#2916 = DIRECTION('',(-0.187476558964,0.982269077106,0.));
#2917 = PLANE('',#2918);
#2918 = AXIS2_PLACEMENT_3D('',#2919,#2920,#2921);
#2919 = CARTESIAN_POINT('',(98.325490756395,-45.77644745078,0.));
#2920 = DIRECTION('',(-0.982269077106,-0.187476558964,0.));
#2921 = DIRECTION('',(-0.187476558964,0.982269077106,0.));
#2922 = ADVANCED_FACE('',(#2923),#2948,.F.);
#2923 = FACE_BOUND('',#2924,.F.);
#2924 = EDGE_LOOP('',(#2925,#2935,#2941,#2942));
#2925 = ORIENTED_EDGE('',*,*,#2926,.T.);
#2926 = EDGE_CURVE('',#2927,#2929,#2931,.T.);
#2927 = VERTEX_POINT('',#2928);
#2928 = CARTESIAN_POINT('',(98.514264906302,-46.82619407437,0.));
#2929 = VERTEX_POINT('',#2930);
#2930 = CARTESIAN_POINT('',(98.514264906302,-46.82619407437,6.));
#2931 = LINE('',#2932,#2933);
#2932 = CARTESIAN_POINT('',(98.514264906302,-46.82619407437,0.));
#2933 = VECTOR('',#2934,1.);
#2934 = DIRECTION('',(0.,0.,1.));
#2935 = ORIENTED_EDGE('',*,*,#2936,.T.);
#2936 = EDGE_CURVE('',#2929,#2898,#2937,.T.);
#2937 = LINE('',#2938,#2939);
#2938 = CARTESIAN_POINT('',(98.514264906302,-46.82619407437,6.));
#2939 = VECTOR('',#2940,1.);
#2940 = DIRECTION('',(-0.176989309188,0.984212773964,0.));
#2941 = ORIENTED_EDGE('',*,*,#2895,.F.);
#2942 = ORIENTED_EDGE('',*,*,#2943,.F.);
#2943 = EDGE_CURVE('',#2927,#2896,#2944,.T.);
#2944 = LINE('',#2945,#2946);
#2945 = CARTESIAN_POINT('',(98.514264906302,-46.82619407437,0.));
#2946 = VECTOR('',#2947,1.);
#2947 = DIRECTION('',(-0.176989309188,0.984212773964,0.));
#2948 = PLANE('',#2949);
#2949 = AXIS2_PLACEMENT_3D('',#2950,#2951,#2952);
#2950 = CARTESIAN_POINT('',(98.514264906302,-46.82619407437,0.));
#2951 = DIRECTION('',(-0.984212773964,-0.176989309188,0.));
#2952 = DIRECTION('',(-0.176989309188,0.984212773964,0.));
#2953 = ADVANCED_FACE('',(#2954),#2979,.F.);
#2954 = FACE_BOUND('',#2955,.F.);
#2955 = EDGE_LOOP('',(#2956,#2966,#2972,#2973));
#2956 = ORIENTED_EDGE('',*,*,#2957,.T.);
#2957 = EDGE_CURVE('',#2958,#2960,#2962,.T.);
#2958 = VERTEX_POINT('',#2959);
#2959 = CARTESIAN_POINT('',(98.691832037441,-47.8778943964,0.));
#2960 = VERTEX_POINT('',#2961);
#2961 = CARTESIAN_POINT('',(98.691832037441,-47.8778943964,6.));
#2962 = LINE('',#2963,#2964);
#2963 = CARTESIAN_POINT('',(98.691832037441,-47.8778943964,0.));
#2964 = VECTOR('',#2965,1.);
#2965 = DIRECTION('',(0.,0.,1.));
#2966 = ORIENTED_EDGE('',*,*,#2967,.T.);
#2967 = EDGE_CURVE('',#2960,#2929,#2968,.T.);
#2968 = LINE('',#2969,#2970);
#2969 = CARTESIAN_POINT('',(98.691832037441,-47.8778943964,6.));
#2970 = VECTOR('',#2971,1.);
#2971 = DIRECTION('',(-0.166481925044,0.986044506416,0.));
#2972 = ORIENTED_EDGE('',*,*,#2926,.F.);
#2973 = ORIENTED_EDGE('',*,*,#2974,.F.);
#2974 = EDGE_CURVE('',#2958,#2927,#2975,.T.);
#2975 = LINE('',#2976,#2977);
#2976 = CARTESIAN_POINT('',(98.691832037441,-47.8778943964,0.));
#2977 = VECTOR('',#2978,1.);
#2978 = DIRECTION('',(-0.166481925044,0.986044506416,0.));
#2979 = PLANE('',#2980);
#2980 = AXIS2_PLACEMENT_3D('',#2981,#2982,#2983);
#2981 = CARTESIAN_POINT('',(98.691832037441,-47.8778943964,0.));
#2982 = DIRECTION('',(-0.986044506416,-0.166481925044,0.));
#2983 = DIRECTION('',(-0.166481925044,0.986044506416,0.));
#2984 = ADVANCED_FACE('',(#2985),#3010,.F.);
#2985 = FACE_BOUND('',#2986,.F.);
#2986 = EDGE_LOOP('',(#2987,#2997,#3003,#3004));
#2987 = ORIENTED_EDGE('',*,*,#2988,.T.);
#2988 = EDGE_CURVE('',#2989,#2991,#2993,.T.);
#2989 = VERTEX_POINT('',#2990);
#2990 = CARTESIAN_POINT('',(98.858171949711,-48.93142877505,0.));
#2991 = VERTEX_POINT('',#2992);
#2992 = CARTESIAN_POINT('',(98.858171949711,-48.93142877505,6.));
#2993 = LINE('',#2994,#2995);
#2994 = CARTESIAN_POINT('',(98.858171949711,-48.93142877505,0.));
#2995 = VECTOR('',#2996,1.);
#2996 = DIRECTION('',(0.,0.,1.));
#2997 = ORIENTED_EDGE('',*,*,#2998,.T.);
#2998 = EDGE_CURVE('',#2991,#2960,#2999,.T.);
#2999 = LINE('',#3000,#3001);
#3000 = CARTESIAN_POINT('',(98.858171949711,-48.93142877505,6.));
#3001 = VECTOR('',#3002,1.);
#3002 = DIRECTION('',(-0.155955601854,0.987764066086,0.));
#3003 = ORIENTED_EDGE('',*,*,#2957,.F.);
#3004 = ORIENTED_EDGE('',*,*,#3005,.F.);
#3005 = EDGE_CURVE('',#2989,#2958,#3006,.T.);
#3006 = LINE('',#3007,#3008);
#3007 = CARTESIAN_POINT('',(98.858171949711,-48.93142877505,0.));
#3008 = VECTOR('',#3009,1.);
#3009 = DIRECTION('',(-0.155955601854,0.987764066086,0.));
#3010 = PLANE('',#3011);
#3011 = AXIS2_PLACEMENT_3D('',#3012,#3013,#3014);
#3012 = CARTESIAN_POINT('',(98.858171949711,-48.93142877505,0.));
#3013 = DIRECTION('',(-0.987764066086,-0.155955601854,0.));
#3014 = DIRECTION('',(-0.155955601854,0.987764066086,0.));
#3015 = ADVANCED_FACE('',(#3016),#3041,.F.);
#3016 = FACE_BOUND('',#3017,.F.);
#3017 = EDGE_LOOP('',(#3018,#3028,#3034,#3035));
#3018 = ORIENTED_EDGE('',*,*,#3019,.T.);
#3019 = EDGE_CURVE('',#3020,#3022,#3024,.T.);
#3020 = VERTEX_POINT('',#3021);
#3021 = CARTESIAN_POINT('',(99.013265720224,-49.98667735986,0.));
#3022 = VERTEX_POINT('',#3023);
#3023 = CARTESIAN_POINT('',(99.013265720224,-49.98667735986,6.));
#3024 = LINE('',#3025,#3026);
#3025 = CARTESIAN_POINT('',(99.013265720224,-49.98667735986,0.));
#3026 = VECTOR('',#3027,1.);
#3027 = DIRECTION('',(0.,0.,1.));
#3028 = ORIENTED_EDGE('',*,*,#3029,.T.);
#3029 = EDGE_CURVE('',#3022,#2991,#3030,.T.);
#3030 = LINE('',#3031,#3032);
#3031 = CARTESIAN_POINT('',(99.013265720224,-49.98667735986,6.));
#3032 = VECTOR('',#3033,1.);
#3033 = DIRECTION('',(-0.145411537099,0.989371257354,0.));
#3034 = ORIENTED_EDGE('',*,*,#2988,.F.);
#3035 = ORIENTED_EDGE('',*,*,#3036,.F.);
#3036 = EDGE_CURVE('',#3020,#2989,#3037,.T.);
#3037 = LINE('',#3038,#3039);
#3038 = CARTESIAN_POINT('',(99.013265720224,-49.98667735986,0.));
#3039 = VECTOR('',#3040,1.);
#3040 = DIRECTION('',(-0.145411537099,0.989371257354,0.));
#3041 = PLANE('',#3042);
#3042 = AXIS2_PLACEMENT_3D('',#3043,#3044,#3045);
#3043 = CARTESIAN_POINT('',(99.013265720224,-49.98667735986,0.));
#3044 = DIRECTION('',(-0.989371257354,-0.145411537099,0.));
#3045 = DIRECTION('',(-0.145411537099,0.989371257354,0.));
#3046 = ADVANCED_FACE('',(#3047),#3072,.F.);
#3047 = FACE_BOUND('',#3048,.F.);
#3048 = EDGE_LOOP('',(#3049,#3057,#3065,#3071));
#3049 = ORIENTED_EDGE('',*,*,#3050,.F.);
#3050 = EDGE_CURVE('',#3051,#3020,#3053,.T.);
#3051 = VERTEX_POINT('',#3052);
#3052 = CARTESIAN_POINT('',(99.0353669007,-50.14907376293,0.));
#3053 = LINE('',#3054,#3055);
#3054 = CARTESIAN_POINT('',(99.157095705454,-51.04352010539,0.));
#3055 = VECTOR('',#3056,1.);
#3056 = DIRECTION('',(-0.134850930274,0.990865897387,0.));
#3057 = ORIENTED_EDGE('',*,*,#3058,.T.);
#3058 = EDGE_CURVE('',#3051,#3059,#3061,.T.);
#3059 = VERTEX_POINT('',#3060);
#3060 = CARTESIAN_POINT('',(99.0353669007,-50.14907376293,6.));
#3061 = LINE('',#3062,#3063);
#3062 = CARTESIAN_POINT('',(99.0353669007,-50.14907376293,-0.5));
#3063 = VECTOR('',#3064,1.);
#3064 = DIRECTION('',(0.,0.,1.));
#3065 = ORIENTED_EDGE('',*,*,#3066,.T.);
#3066 = EDGE_CURVE('',#3059,#3022,#3067,.T.);
#3067 = LINE('',#3068,#3069);
#3068 = CARTESIAN_POINT('',(99.157095705454,-51.04352010539,6.));
#3069 = VECTOR('',#3070,1.);
#3070 = DIRECTION('',(-0.134850930274,0.990865897387,0.));
#3071 = ORIENTED_EDGE('',*,*,#3019,.F.);
#3072 = PLANE('',#3073);
#3073 = AXIS2_PLACEMENT_3D('',#3074,#3075,#3076);
#3074 = CARTESIAN_POINT('',(99.157095705454,-51.04352010539,0.));
#3075 = DIRECTION('',(-0.990865897387,-0.134850930274,0.));
#3076 = DIRECTION('',(-0.134850930274,0.990865897387,0.));
#3077 = ADVANCED_FACE('',(#3078),#3103,.T.);
#3078 = FACE_BOUND('',#3079,.T.);
#3079 = EDGE_LOOP('',(#3080,#3090,#3096,#3097));
#3080 = ORIENTED_EDGE('',*,*,#3081,.F.);
#3081 = EDGE_CURVE('',#3082,#3084,#3086,.T.);
#3082 = VERTEX_POINT('',#3083);
#3083 = CARTESIAN_POINT('',(98.424036171464,-55.38901261653,0.));
#3084 = VERTEX_POINT('',#3085);
#3085 = CARTESIAN_POINT('',(98.424036171464,-55.38901261653,6.));
#3086 = LINE('',#3087,#3088);
#3087 = CARTESIAN_POINT('',(98.424036171464,-55.38901261653,-1.));
#3088 = VECTOR('',#3089,1.);
#3089 = DIRECTION('',(0.,0.,1.));
#3090 = ORIENTED_EDGE('',*,*,#3091,.T.);
#3091 = EDGE_CURVE('',#3082,#3051,#3092,.T.);
#3092 = LINE('',#3093,#3094);
#3093 = CARTESIAN_POINT('',(98.774195291857,-52.38767096602,
    1.110223024625E-16));
#3094 = VECTOR('',#3095,1.);
#3095 = DIRECTION('',(0.115881546653,0.993263040259,-0.));
#3096 = ORIENTED_EDGE('',*,*,#3058,.T.);
#3097 = ORIENTED_EDGE('',*,*,#3098,.F.);
#3098 = EDGE_CURVE('',#3084,#3059,#3099,.T.);
#3099 = LINE('',#3100,#3101);
#3100 = CARTESIAN_POINT('',(98.774195291857,-52.38767096602,6.));
#3101 = VECTOR('',#3102,1.);
#3102 = DIRECTION('',(0.115881546653,0.993263040259,-0.));
#3103 = PLANE('',#3104);
#3104 = AXIS2_PLACEMENT_3D('',#3105,#3106,#3107);
#3105 = CARTESIAN_POINT('',(99.465583054233,-46.46153405564,-1.));
#3106 = DIRECTION('',(0.993263040259,-0.115881546653,0.));
#3107 = DIRECTION('',(-0.115881546653,-0.993263040259,0.));
#3108 = ADVANCED_FACE('',(#3109),#3134,.T.);
#3109 = FACE_BOUND('',#3110,.T.);
#3110 = EDGE_LOOP('',(#3111,#3119,#3120,#3128));
#3111 = ORIENTED_EDGE('',*,*,#3112,.T.);
#3112 = EDGE_CURVE('',#3113,#3082,#3115,.T.);
#3113 = VERTEX_POINT('',#3114);
#3114 = CARTESIAN_POINT('',(99.935985246284,-60.44318855778,0.));
#3115 = LINE('',#3116,#3117);
#3116 = CARTESIAN_POINT('',(98.002071181913,-53.9784589585,0.));
#3117 = VECTOR('',#3118,1.);
#3118 = DIRECTION('',(-0.28659936246,0.958050523426,0.));
#3119 = ORIENTED_EDGE('',*,*,#3081,.T.);
#3120 = ORIENTED_EDGE('',*,*,#3121,.F.);
#3121 = EDGE_CURVE('',#3122,#3084,#3124,.T.);
#3122 = VERTEX_POINT('',#3123);
#3123 = CARTESIAN_POINT('',(99.935985246284,-60.44318855778,6.));
#3124 = LINE('',#3125,#3126);
#3125 = CARTESIAN_POINT('',(98.002071181913,-53.9784589585,6.));
#3126 = VECTOR('',#3127,1.);
#3127 = DIRECTION('',(-0.28659936246,0.958050523426,0.));
#3128 = ORIENTED_EDGE('',*,*,#3129,.T.);
#3129 = EDGE_CURVE('',#3122,#3113,#3130,.T.);
#3130 = LINE('',#3131,#3132);
#3131 = CARTESIAN_POINT('',(99.935985246284,-60.44318855778,-0.5));
#3132 = VECTOR('',#3133,1.);
#3133 = DIRECTION('',(0.,0.,-1.));
#3134 = PLANE('',#3135);
#3135 = AXIS2_PLACEMENT_3D('',#3136,#3137,#3138);
#3136 = CARTESIAN_POINT('',(98.424036171464,-55.38901261653,-1.));
#3137 = DIRECTION('',(0.958050523426,0.28659936246,-0.));
#3138 = DIRECTION('',(0.28659936246,-0.958050523426,0.));
#3139 = ADVANCED_FACE('',(#3140),#3165,.F.);
#3140 = FACE_BOUND('',#3141,.F.);
#3141 = EDGE_LOOP('',(#3142,#3150,#3158,#3164));
#3142 = ORIENTED_EDGE('',*,*,#3143,.F.);
#3143 = EDGE_CURVE('',#3144,#3113,#3146,.T.);
#3144 = VERTEX_POINT('',#3145);
#3145 = CARTESIAN_POINT('',(99.942419671851,-60.60695562429,0.));
#3146 = LINE('',#3147,#3148);
#3147 = CARTESIAN_POINT('',(99.942419671851,-60.60695562429,0.));
#3148 = VECTOR('',#3149,1.);
#3149 = DIRECTION('',(-3.925981575907E-02,0.999229036241,0.));
#3150 = ORIENTED_EDGE('',*,*,#3151,.T.);
#3151 = EDGE_CURVE('',#3144,#3152,#3154,.T.);
#3152 = VERTEX_POINT('',#3153);
#3153 = CARTESIAN_POINT('',(99.942419671851,-60.60695562429,6.));
#3154 = LINE('',#3155,#3156);
#3155 = CARTESIAN_POINT('',(99.942419671851,-60.60695562429,0.));
#3156 = VECTOR('',#3157,1.);
#3157 = DIRECTION('',(0.,0.,1.));
#3158 = ORIENTED_EDGE('',*,*,#3159,.T.);
#3159 = EDGE_CURVE('',#3152,#3122,#3160,.T.);
#3160 = LINE('',#3161,#3162);
#3161 = CARTESIAN_POINT('',(99.942419671851,-60.60695562429,6.));
#3162 = VECTOR('',#3163,1.);
#3163 = DIRECTION('',(-3.925981575907E-02,0.999229036241,0.));
#3164 = ORIENTED_EDGE('',*,*,#3129,.T.);
#3165 = PLANE('',#3166);
#3166 = AXIS2_PLACEMENT_3D('',#3167,#3168,#3169);
#3167 = CARTESIAN_POINT('',(99.942419671851,-60.60695562429,0.));
#3168 = DIRECTION('',(-0.999229036241,-3.925981575907E-02,0.));
#3169 = DIRECTION('',(-3.925981575907E-02,0.999229036241,0.));
#3170 = ADVANCED_FACE('',(#3171),#3196,.F.);
#3171 = FACE_BOUND('',#3172,.F.);
#3172 = EDGE_LOOP('',(#3173,#3183,#3189,#3190));
#3173 = ORIENTED_EDGE('',*,*,#3174,.T.);
#3174 = EDGE_CURVE('',#3175,#3177,#3179,.T.);
#3175 = VERTEX_POINT('',#3176);
#3176 = CARTESIAN_POINT('',(99.972924117946,-61.67310436259,0.));
#3177 = VERTEX_POINT('',#3178);
#3178 = CARTESIAN_POINT('',(99.972924117946,-61.67310436259,6.));
#3179 = LINE('',#3180,#3181);
#3180 = CARTESIAN_POINT('',(99.972924117946,-61.67310436259,0.));
#3181 = VECTOR('',#3182,1.);
#3182 = DIRECTION('',(0.,0.,1.));
#3183 = ORIENTED_EDGE('',*,*,#3184,.T.);
#3184 = EDGE_CURVE('',#3177,#3152,#3185,.T.);
#3185 = LINE('',#3186,#3187);
#3186 = CARTESIAN_POINT('',(99.972924117946,-61.67310436259,6.));
#3187 = VECTOR('',#3188,1.);
#3188 = DIRECTION('',(-2.860010676328E-02,0.999590933279,0.));
#3189 = ORIENTED_EDGE('',*,*,#3151,.F.);
#3190 = ORIENTED_EDGE('',*,*,#3191,.F.);
#3191 = EDGE_CURVE('',#3175,#3144,#3192,.T.);
#3192 = LINE('',#3193,#3194);
#3193 = CARTESIAN_POINT('',(99.972924117946,-61.67310436259,0.));
#3194 = VECTOR('',#3195,1.);
#3195 = DIRECTION('',(-2.860010676328E-02,0.999590933279,0.));
#3196 = PLANE('',#3197);
#3197 = AXIS2_PLACEMENT_3D('',#3198,#3199,#3200);
#3198 = CARTESIAN_POINT('',(99.972924117946,-61.67310436259,0.));
#3199 = DIRECTION('',(-0.999590933279,-2.860010676328E-02,0.));
#3200 = DIRECTION('',(-2.860010676328E-02,0.999590933279,0.));
#3201 = ADVANCED_FACE('',(#3202),#3227,.F.);
#3202 = FACE_BOUND('',#3203,.F.);
#3203 = EDGE_LOOP('',(#3204,#3214,#3220,#3221));
#3204 = ORIENTED_EDGE('',*,*,#3205,.T.);
#3205 = EDGE_CURVE('',#3206,#3208,#3210,.T.);
#3206 = VERTEX_POINT('',#3207);
#3207 = CARTESIAN_POINT('',(99.992055607669,-62.73951780939,0.));
#3208 = VERTEX_POINT('',#3209);
#3209 = CARTESIAN_POINT('',(99.992055607669,-62.73951780939,6.));
#3210 = LINE('',#3211,#3212);
#3211 = CARTESIAN_POINT('',(99.992055607669,-62.73951780939,0.));
#3212 = VECTOR('',#3213,1.);
#3213 = DIRECTION('',(0.,0.,1.));
#3214 = ORIENTED_EDGE('',*,*,#3215,.T.);
#3215 = EDGE_CURVE('',#3208,#3177,#3216,.T.);
#3216 = LINE('',#3217,#3218);
#3217 = CARTESIAN_POINT('',(99.992055607669,-62.73951780939,6.));
#3218 = VECTOR('',#3219,1.);
#3219 = DIRECTION('',(-1.793714420888E-02,0.999839116487,0.));
#3220 = ORIENTED_EDGE('',*,*,#3174,.F.);
#3221 = ORIENTED_EDGE('',*,*,#3222,.F.);
#3222 = EDGE_CURVE('',#3206,#3175,#3223,.T.);
#3223 = LINE('',#3224,#3225);
#3224 = CARTESIAN_POINT('',(99.992055607669,-62.73951780939,0.));
#3225 = VECTOR('',#3226,1.);
#3226 = DIRECTION('',(-1.793714420888E-02,0.999839116487,0.));
#3227 = PLANE('',#3228);
#3228 = AXIS2_PLACEMENT_3D('',#3229,#3230,#3231);
#3229 = CARTESIAN_POINT('',(99.992055607669,-62.73951780939,0.));
#3230 = DIRECTION('',(-0.999839116487,-1.793714420888E-02,0.));
#3231 = DIRECTION('',(-1.793714420888E-02,0.999839116487,0.));
#3232 = ADVANCED_FACE('',(#3233),#3258,.F.);
#3233 = FACE_BOUND('',#3234,.F.);
#3234 = EDGE_LOOP('',(#3235,#3245,#3251,#3252));
#3235 = ORIENTED_EDGE('',*,*,#3236,.T.);
#3236 = EDGE_CURVE('',#3237,#3239,#3241,.T.);
#3237 = VERTEX_POINT('',#3238);
#3238 = CARTESIAN_POINT('',(99.999811964615,-63.8060746491,0.));
#3239 = VERTEX_POINT('',#3240);
#3240 = CARTESIAN_POINT('',(99.999811964615,-63.8060746491,6.));
#3241 = LINE('',#3242,#3243);
#3242 = CARTESIAN_POINT('',(99.999811964615,-63.8060746491,0.));
#3243 = VECTOR('',#3244,1.);
#3244 = DIRECTION('',(0.,0.,1.));
#3245 = ORIENTED_EDGE('',*,*,#3246,.T.);
#3246 = EDGE_CURVE('',#3239,#3208,#3247,.T.);
#3247 = LINE('',#3248,#3249);
#3248 = CARTESIAN_POINT('',(99.999811964615,-63.8060746491,6.));
#3249 = VECTOR('',#3250,1.);
#3250 = DIRECTION('',(-7.27214111843E-03,0.999973557632,0.));
#3251 = ORIENTED_EDGE('',*,*,#3205,.F.);
#3252 = ORIENTED_EDGE('',*,*,#3253,.F.);
#3253 = EDGE_CURVE('',#3237,#3206,#3254,.T.);
#3254 = LINE('',#3255,#3256);
#3255 = CARTESIAN_POINT('',(99.999811964615,-63.8060746491,0.));
#3256 = VECTOR('',#3257,1.);
#3257 = DIRECTION('',(-7.27214111843E-03,0.999973557632,0.));
#3258 = PLANE('',#3259);
#3259 = AXIS2_PLACEMENT_3D('',#3260,#3261,#3262);
#3260 = CARTESIAN_POINT('',(99.999811964615,-63.8060746491,0.));
#3261 = DIRECTION('',(-0.999973557632,-7.27214111843E-03,0.));
#3262 = DIRECTION('',(-7.27214111843E-03,0.999973557632,0.));
#3263 = ADVANCED_FACE('',(#3264),#3289,.F.);
#3264 = FACE_BOUND('',#3265,.F.);
#3265 = EDGE_LOOP('',(#3266,#3276,#3282,#3283));
#3266 = ORIENTED_EDGE('',*,*,#3267,.T.);
#3267 = EDGE_CURVE('',#3268,#3270,#3272,.T.);
#3268 = VERTEX_POINT('',#3269);
#3269 = CARTESIAN_POINT('',(99.996192306417,-64.87265354983,0.));
#3270 = VERTEX_POINT('',#3271);
#3271 = CARTESIAN_POINT('',(99.996192306417,-64.87265354983,6.));
#3272 = LINE('',#3273,#3274);
#3273 = CARTESIAN_POINT('',(99.996192306417,-64.87265354983,0.));
#3274 = VECTOR('',#3275,1.);
#3275 = DIRECTION('',(0.,0.,1.));
#3276 = ORIENTED_EDGE('',*,*,#3277,.T.);
#3277 = EDGE_CURVE('',#3270,#3239,#3278,.T.);
#3278 = LINE('',#3279,#3280);
#3279 = CARTESIAN_POINT('',(99.996192306417,-64.87265354983,6.));
#3280 = VECTOR('',#3281,1.);
#3281 = DIRECTION('',(3.393689253481E-03,0.99999424142,0.));
#3282 = ORIENTED_EDGE('',*,*,#3236,.F.);
#3283 = ORIENTED_EDGE('',*,*,#3284,.F.);
#3284 = EDGE_CURVE('',#3268,#3237,#3285,.T.);
#3285 = LINE('',#3286,#3287);
#3286 = CARTESIAN_POINT('',(99.996192306417,-64.87265354983,0.));
#3287 = VECTOR('',#3288,1.);
#3288 = DIRECTION('',(3.393689253481E-03,0.99999424142,0.));
#3289 = PLANE('',#3290);
#3290 = AXIS2_PLACEMENT_3D('',#3291,#3292,#3293);
#3291 = CARTESIAN_POINT('',(99.996192306417,-64.87265354983,0.));
#3292 = DIRECTION('',(-0.99999424142,3.393689253481E-03,0.));
#3293 = DIRECTION('',(3.393689253481E-03,0.99999424142,0.));
#3294 = ADVANCED_FACE('',(#3295),#3320,.F.);
#3295 = FACE_BOUND('',#3296,.F.);
#3296 = EDGE_LOOP('',(#3297,#3307,#3313,#3314));
#3297 = ORIENTED_EDGE('',*,*,#3298,.T.);
#3298 = EDGE_CURVE('',#3299,#3301,#3303,.T.);
#3299 = VERTEX_POINT('',#3300);
#3300 = CARTESIAN_POINT('',(99.98119704485,-65.93913317718,0.));
#3301 = VERTEX_POINT('',#3302);
#3302 = CARTESIAN_POINT('',(99.98119704485,-65.93913317718,6.));
#3303 = LINE('',#3304,#3305);
#3304 = CARTESIAN_POINT('',(99.98119704485,-65.93913317718,0.));
#3305 = VECTOR('',#3306,1.);
#3306 = DIRECTION('',(0.,0.,1.));
#3307 = ORIENTED_EDGE('',*,*,#3308,.T.);
#3308 = EDGE_CURVE('',#3301,#3270,#3309,.T.);
#3309 = LINE('',#3310,#3311);
#3310 = CARTESIAN_POINT('',(99.98119704485,-65.93913317718,6.));
#3311 = VECTOR('',#3312,1.);
#3312 = DIRECTION('',(1.405913355803E-02,0.999901165498,0.));
#3313 = ORIENTED_EDGE('',*,*,#3267,.F.);
#3314 = ORIENTED_EDGE('',*,*,#3315,.F.);
#3315 = EDGE_CURVE('',#3299,#3268,#3316,.T.);
#3316 = LINE('',#3317,#3318);
#3317 = CARTESIAN_POINT('',(99.98119704485,-65.93913317718,0.));
#3318 = VECTOR('',#3319,1.);
#3319 = DIRECTION('',(1.405913355803E-02,0.999901165498,0.));
#3320 = PLANE('',#3321);
#3321 = AXIS2_PLACEMENT_3D('',#3322,#3323,#3324);
#3322 = CARTESIAN_POINT('',(99.98119704485,-65.93913317718,0.));
#3323 = DIRECTION('',(-0.999901165498,1.405913355803E-02,0.));
#3324 = DIRECTION('',(1.405913355803E-02,0.999901165498,0.));
#3325 = ADVANCED_FACE('',(#3326),#3351,.F.);
#3326 = FACE_BOUND('',#3327,.F.);
#3327 = EDGE_LOOP('',(#3328,#3338,#3344,#3345));
#3328 = ORIENTED_EDGE('',*,*,#3329,.T.);
#3329 = EDGE_CURVE('',#3330,#3332,#3334,.T.);
#3330 = VERTEX_POINT('',#3331);
#3331 = CARTESIAN_POINT('',(99.95482788578,-67.00539220802,0.));
#3332 = VERTEX_POINT('',#3333);
#3333 = CARTESIAN_POINT('',(99.95482788578,-67.00539220802,6.));
#3334 = LINE('',#3335,#3336);
#3335 = CARTESIAN_POINT('',(99.95482788578,-67.00539220802,0.));
#3336 = VECTOR('',#3337,1.);
#3337 = DIRECTION('',(0.,0.,1.));
#3338 = ORIENTED_EDGE('',*,*,#3339,.T.);
#3339 = EDGE_CURVE('',#3332,#3301,#3340,.T.);
#3340 = LINE('',#3341,#3342);
#3341 = CARTESIAN_POINT('',(99.95482788578,-67.00539220802,6.));
#3342 = VECTOR('',#3343,1.);
#3343 = DIRECTION('',(2.472297849044E-02,0.999694340453,0.));
#3344 = ORIENTED_EDGE('',*,*,#3298,.F.);
#3345 = ORIENTED_EDGE('',*,*,#3346,.F.);
#3346 = EDGE_CURVE('',#3330,#3299,#3347,.T.);
#3347 = LINE('',#3348,#3349);
#3348 = CARTESIAN_POINT('',(99.95482788578,-67.00539220802,0.));
#3349 = VECTOR('',#3350,1.);
#3350 = DIRECTION('',(2.472297849044E-02,0.999694340453,0.));
#3351 = PLANE('',#3352);
#3352 = AXIS2_PLACEMENT_3D('',#3353,#3354,#3355);
#3353 = CARTESIAN_POINT('',(99.95482788578,-67.00539220802,0.));
#3354 = DIRECTION('',(-0.999694340453,2.472297849044E-02,0.));
#3355 = DIRECTION('',(2.472297849044E-02,0.999694340453,0.));
#3356 = ADVANCED_FACE('',(#3357),#3382,.F.);
#3357 = FACE_BOUND('',#3358,.F.);
#3358 = EDGE_LOOP('',(#3359,#3369,#3375,#3376));
#3359 = ORIENTED_EDGE('',*,*,#3360,.T.);
#3360 = EDGE_CURVE('',#3361,#3363,#3365,.T.);
#3361 = VERTEX_POINT('',#3362);
#3362 = CARTESIAN_POINT('',(99.917087828972,-68.07130934436,0.));
#3363 = VERTEX_POINT('',#3364);
#3364 = CARTESIAN_POINT('',(99.917087828972,-68.07130934436,6.));
#3365 = LINE('',#3366,#3367);
#3366 = CARTESIAN_POINT('',(99.917087828972,-68.07130934436,0.));
#3367 = VECTOR('',#3368,1.);
#3368 = DIRECTION('',(0.,0.,1.));
#3369 = ORIENTED_EDGE('',*,*,#3370,.T.);
#3370 = EDGE_CURVE('',#3363,#3332,#3371,.T.);
#3371 = LINE('',#3372,#3373);
#3372 = CARTESIAN_POINT('',(99.917087828972,-68.07130934436,6.));
#3373 = VECTOR('',#3374,1.);
#3374 = DIRECTION('',(3.538401092778E-02,0.999373789816,0.));
#3375 = ORIENTED_EDGE('',*,*,#3329,.F.);
#3376 = ORIENTED_EDGE('',*,*,#3377,.F.);
#3377 = EDGE_CURVE('',#3361,#3330,#3378,.T.);
#3378 = LINE('',#3379,#3380);
#3379 = CARTESIAN_POINT('',(99.917087828972,-68.07130934436,0.));
#3380 = VECTOR('',#3381,1.);
#3381 = DIRECTION('',(3.538401092778E-02,0.999373789816,0.));
#3382 = PLANE('',#3383);
#3383 = AXIS2_PLACEMENT_3D('',#3384,#3385,#3386);
#3384 = CARTESIAN_POINT('',(99.917087828972,-68.07130934436,0.));
#3385 = DIRECTION('',(-0.999373789816,3.538401092778E-02,0.));
#3386 = DIRECTION('',(3.538401092778E-02,0.999373789816,0.));
#3387 = ADVANCED_FACE('',(#3388),#3413,.F.);
#3388 = FACE_BOUND('',#3389,.F.);
#3389 = EDGE_LOOP('',(#3390,#3400,#3406,#3407));
#3390 = ORIENTED_EDGE('',*,*,#3391,.T.);
#3391 = EDGE_CURVE('',#3392,#3394,#3396,.T.);
#3392 = VERTEX_POINT('',#3393);
#3393 = CARTESIAN_POINT('',(99.867981167749,-69.13676332705,0.));
#3394 = VERTEX_POINT('',#3395);
#3395 = CARTESIAN_POINT('',(99.867981167749,-69.13676332705,6.));
#3396 = LINE('',#3397,#3398);
#3397 = CARTESIAN_POINT('',(99.867981167749,-69.13676332705,0.));
#3398 = VECTOR('',#3399,1.);
#3399 = DIRECTION('',(0.,0.,1.));
#3400 = ORIENTED_EDGE('',*,*,#3401,.T.);
#3401 = EDGE_CURVE('',#3394,#3363,#3402,.T.);
#3402 = LINE('',#3403,#3404);
#3403 = CARTESIAN_POINT('',(99.867981167749,-69.13676332705,6.));
#3404 = VECTOR('',#3405,1.);
#3405 = DIRECTION('',(4.604101806708E-02,0.998939550051,0.));
#3406 = ORIENTED_EDGE('',*,*,#3360,.F.);
#3407 = ORIENTED_EDGE('',*,*,#3408,.F.);
#3408 = EDGE_CURVE('',#3392,#3361,#3409,.T.);
#3409 = LINE('',#3410,#3411);
#3410 = CARTESIAN_POINT('',(99.867981167749,-69.13676332705,0.));
#3411 = VECTOR('',#3412,1.);
#3412 = DIRECTION('',(4.604101806708E-02,0.998939550051,0.));
#3413 = PLANE('',#3414);
#3414 = AXIS2_PLACEMENT_3D('',#3415,#3416,#3417);
#3415 = CARTESIAN_POINT('',(99.867981167749,-69.13676332705,0.));
#3416 = DIRECTION('',(-0.998939550051,4.604101806708E-02,0.));
#3417 = DIRECTION('',(4.604101806708E-02,0.998939550051,0.));
#3418 = ADVANCED_FACE('',(#3419),#3444,.F.);
#3419 = FACE_BOUND('',#3420,.F.);
#3420 = EDGE_LOOP('',(#3421,#3431,#3437,#3438));
#3421 = ORIENTED_EDGE('',*,*,#3422,.T.);
#3422 = EDGE_CURVE('',#3423,#3425,#3427,.T.);
#3423 = VERTEX_POINT('',#3424);
#3424 = CARTESIAN_POINT('',(99.807513488502,-70.20163294967,0.));
#3425 = VERTEX_POINT('',#3426);
#3426 = CARTESIAN_POINT('',(99.807513488502,-70.20163294967,6.));
#3427 = LINE('',#3428,#3429);
#3428 = CARTESIAN_POINT('',(99.807513488502,-70.20163294967,0.));
#3429 = VECTOR('',#3430,1.);
#3430 = DIRECTION('',(0.,0.,1.));
#3431 = ORIENTED_EDGE('',*,*,#3432,.T.);
#3432 = EDGE_CURVE('',#3425,#3394,#3433,.T.);
#3433 = LINE('',#3434,#3435);
#3434 = CARTESIAN_POINT('',(99.807513488502,-70.20163294967,6.));
#3435 = VECTOR('',#3436,1.);
#3436 = DIRECTION('',(5.669278756339E-02,0.998391670557,0.));
#3437 = ORIENTED_EDGE('',*,*,#3391,.F.);
#3438 = ORIENTED_EDGE('',*,*,#3439,.F.);
#3439 = EDGE_CURVE('',#3423,#3392,#3440,.T.);
#3440 = LINE('',#3441,#3442);
#3441 = CARTESIAN_POINT('',(99.807513488502,-70.20163294967,0.));
#3442 = VECTOR('',#3443,1.);
#3443 = DIRECTION('',(5.669278756339E-02,0.998391670557,0.));
#3444 = PLANE('',#3445);
#3445 = AXIS2_PLACEMENT_3D('',#3446,#3447,#3448);
#3446 = CARTESIAN_POINT('',(99.807513488502,-70.20163294967,0.));
#3447 = DIRECTION('',(-0.998391670557,5.669278756339E-02,0.));
#3448 = DIRECTION('',(5.669278756339E-02,0.998391670557,0.));
#3449 = ADVANCED_FACE('',(#3450),#3475,.F.);
#3450 = FACE_BOUND('',#3451,.F.);
#3451 = EDGE_LOOP('',(#3452,#3462,#3468,#3469));
#3452 = ORIENTED_EDGE('',*,*,#3453,.T.);
#3453 = EDGE_CURVE('',#3454,#3456,#3458,.T.);
#3454 = VERTEX_POINT('',#3455);
#3455 = CARTESIAN_POINT('',(99.735691670057,-71.26579707226,0.));
#3456 = VERTEX_POINT('',#3457);
#3457 = CARTESIAN_POINT('',(99.735691670057,-71.26579707226,6.));
#3458 = LINE('',#3459,#3460);
#3459 = CARTESIAN_POINT('',(99.735691670057,-71.26579707226,0.));
#3460 = VECTOR('',#3461,1.);
#3461 = DIRECTION('',(0.,0.,1.));
#3462 = ORIENTED_EDGE('',*,*,#3463,.T.);
#3463 = EDGE_CURVE('',#3456,#3425,#3464,.T.);
#3464 = LINE('',#3465,#3466);
#3465 = CARTESIAN_POINT('',(99.735691670057,-71.26579707226,6.));
#3466 = VECTOR('',#3467,1.);
#3467 = DIRECTION('',(6.733810766744E-02,0.997730213663,0.));
#3468 = ORIENTED_EDGE('',*,*,#3422,.F.);
#3469 = ORIENTED_EDGE('',*,*,#3470,.F.);
#3470 = EDGE_CURVE('',#3454,#3423,#3471,.T.);
#3471 = LINE('',#3472,#3473);
#3472 = CARTESIAN_POINT('',(99.735691670057,-71.26579707226,0.));
#3473 = VECTOR('',#3474,1.);
#3474 = DIRECTION('',(6.733810766744E-02,0.997730213663,0.));
#3475 = PLANE('',#3476);
#3476 = AXIS2_PLACEMENT_3D('',#3477,#3478,#3479);
#3477 = CARTESIAN_POINT('',(99.735691670057,-71.26579707226,0.));
#3478 = DIRECTION('',(-0.997730213663,6.733810766744E-02,0.));
#3479 = DIRECTION('',(6.733810766744E-02,0.997730213663,0.));
#3480 = ADVANCED_FACE('',(#3481),#3506,.F.);
#3481 = FACE_BOUND('',#3482,.F.);
#3482 = EDGE_LOOP('',(#3483,#3493,#3499,#3500));
#3483 = ORIENTED_EDGE('',*,*,#3484,.T.);
#3484 = EDGE_CURVE('',#3485,#3487,#3489,.T.);
#3485 = VERTEX_POINT('',#3486);
#3486 = CARTESIAN_POINT('',(99.65252388289,-72.32913463512,0.));
#3487 = VERTEX_POINT('',#3488);
#3488 = CARTESIAN_POINT('',(99.65252388289,-72.32913463512,6.));
#3489 = LINE('',#3490,#3491);
#3490 = CARTESIAN_POINT('',(99.65252388289,-72.32913463512,0.));
#3491 = VECTOR('',#3492,1.);
#3492 = DIRECTION('',(0.,0.,1.));
#3493 = ORIENTED_EDGE('',*,*,#3494,.T.);
#3494 = EDGE_CURVE('',#3487,#3456,#3495,.T.);
#3495 = LINE('',#3496,#3497);
#3496 = CARTESIAN_POINT('',(99.65252388289,-72.32913463512,6.));
#3497 = VECTOR('',#3498,1.);
#3498 = DIRECTION('',(7.797576736376E-02,0.996955254615,0.));
#3499 = ORIENTED_EDGE('',*,*,#3453,.F.);
#3500 = ORIENTED_EDGE('',*,*,#3501,.F.);
#3501 = EDGE_CURVE('',#3485,#3454,#3502,.T.);
#3502 = LINE('',#3503,#3504);
#3503 = CARTESIAN_POINT('',(99.65252388289,-72.32913463512,0.));
#3504 = VECTOR('',#3505,1.);
#3505 = DIRECTION('',(7.797576736376E-02,0.996955254615,0.));
#3506 = PLANE('',#3507);
#3507 = AXIS2_PLACEMENT_3D('',#3508,#3509,#3510);
#3508 = CARTESIAN_POINT('',(99.65252388289,-72.32913463512,0.));
#3509 = DIRECTION('',(-0.996955254615,7.797576736376E-02,0.));
#3510 = DIRECTION('',(7.797576736376E-02,0.996955254615,0.));
#3511 = ADVANCED_FACE('',(#3512),#3537,.F.);
#3512 = FACE_BOUND('',#3513,.F.);
#3513 = EDGE_LOOP('',(#3514,#3524,#3530,#3531));
#3514 = ORIENTED_EDGE('',*,*,#3515,.T.);
#3515 = EDGE_CURVE('',#3516,#3518,#3520,.T.);
#3516 = VERTEX_POINT('',#3517);
#3517 = CARTESIAN_POINT('',(99.558019588199,-73.39152467258,0.));
#3518 = VERTEX_POINT('',#3519);
#3519 = CARTESIAN_POINT('',(99.558019588199,-73.39152467258,6.));
#3520 = LINE('',#3521,#3522);
#3521 = CARTESIAN_POINT('',(99.558019588199,-73.39152467258,0.));
#3522 = VECTOR('',#3523,1.);
#3523 = DIRECTION('',(0.,0.,1.));
#3524 = ORIENTED_EDGE('',*,*,#3525,.T.);
#3525 = EDGE_CURVE('',#3518,#3487,#3526,.T.);
#3526 = LINE('',#3527,#3528);
#3527 = CARTESIAN_POINT('',(99.558019588199,-73.39152467258,6.));
#3528 = VECTOR('',#3529,1.);
#3529 = DIRECTION('',(8.860455650833E-02,0.996066881573,0.));
#3530 = ORIENTED_EDGE('',*,*,#3484,.F.);
#3531 = ORIENTED_EDGE('',*,*,#3532,.F.);
#3532 = EDGE_CURVE('',#3516,#3485,#3533,.T.);
#3533 = LINE('',#3534,#3535);
#3534 = CARTESIAN_POINT('',(99.558019588199,-73.39152467258,0.));
#3535 = VECTOR('',#3536,1.);
#3536 = DIRECTION('',(8.860455650833E-02,0.996066881573,0.));
#3537 = PLANE('',#3538);
#3538 = AXIS2_PLACEMENT_3D('',#3539,#3540,#3541);
#3539 = CARTESIAN_POINT('',(99.558019588199,-73.39152467258,0.));
#3540 = DIRECTION('',(-0.996066881573,8.860455650833E-02,0.));
#3541 = DIRECTION('',(8.860455650833E-02,0.996066881573,0.));
#3542 = ADVANCED_FACE('',(#3543),#3568,.F.);
#3543 = FACE_BOUND('',#3544,.F.);
#3544 = EDGE_LOOP('',(#3545,#3555,#3561,#3562));
#3545 = ORIENTED_EDGE('',*,*,#3546,.T.);
#3546 = EDGE_CURVE('',#3547,#3549,#3551,.T.);
#3547 = VERTEX_POINT('',#3548);
#3548 = CARTESIAN_POINT('',(99.452189536827,-74.45284632676,0.));
#3549 = VERTEX_POINT('',#3550);
#3550 = CARTESIAN_POINT('',(99.452189536827,-74.45284632676,6.));
#3551 = LINE('',#3552,#3553);
#3552 = CARTESIAN_POINT('',(99.452189536827,-74.45284632676,0.));
#3553 = VECTOR('',#3554,1.);
#3554 = DIRECTION('',(0.,0.,1.));
#3555 = ORIENTED_EDGE('',*,*,#3556,.T.);
#3556 = EDGE_CURVE('',#3549,#3518,#3557,.T.);
#3557 = LINE('',#3558,#3559);
#3558 = CARTESIAN_POINT('',(99.452189536827,-74.45284632676,6.));
#3559 = VECTOR('',#3560,1.);
#3560 = DIRECTION('',(9.922326596613E-02,0.995065195598,0.));
#3561 = ORIENTED_EDGE('',*,*,#3515,.F.);
#3562 = ORIENTED_EDGE('',*,*,#3563,.F.);
#3563 = EDGE_CURVE('',#3547,#3516,#3564,.T.);
#3564 = LINE('',#3565,#3566);
#3565 = CARTESIAN_POINT('',(99.452189536827,-74.45284632676,0.));
#3566 = VECTOR('',#3567,1.);
#3567 = DIRECTION('',(9.922326596613E-02,0.995065195598,0.));
#3568 = PLANE('',#3569);
#3569 = AXIS2_PLACEMENT_3D('',#3570,#3571,#3572);
#3570 = CARTESIAN_POINT('',(99.452189536827,-74.45284632676,0.));
#3571 = DIRECTION('',(-0.995065195598,9.922326596613E-02,0.));
#3572 = DIRECTION('',(9.922326596613E-02,0.995065195598,0.));
#3573 = ADVANCED_FACE('',(#3574),#3599,.F.);
#3574 = FACE_BOUND('',#3575,.F.);
#3575 = EDGE_LOOP('',(#3576,#3586,#3592,#3593));
#3576 = ORIENTED_EDGE('',*,*,#3577,.T.);
#3577 = EDGE_CURVE('',#3578,#3580,#3582,.T.);
#3578 = VERTEX_POINT('',#3579);
#3579 = CARTESIAN_POINT('',(99.33504576804,-75.51297886133,0.));
#3580 = VERTEX_POINT('',#3581);
#3581 = CARTESIAN_POINT('',(99.33504576804,-75.51297886133,6.));
#3582 = LINE('',#3583,#3584);
#3583 = CARTESIAN_POINT('',(99.33504576804,-75.51297886133,0.));
#3584 = VECTOR('',#3585,1.);
#3585 = DIRECTION('',(0.,0.,1.));
#3586 = ORIENTED_EDGE('',*,*,#3587,.T.);
#3587 = EDGE_CURVE('',#3580,#3549,#3588,.T.);
#3588 = LINE('',#3589,#3590);
#3589 = CARTESIAN_POINT('',(99.33504576804,-75.51297886133,6.));
#3590 = VECTOR('',#3591,1.);
#3591 = DIRECTION('',(0.109830687749,0.993950310644,0.));
#3592 = ORIENTED_EDGE('',*,*,#3546,.F.);
#3593 = ORIENTED_EDGE('',*,*,#3594,.F.);
#3594 = EDGE_CURVE('',#3578,#3547,#3595,.T.);
#3595 = LINE('',#3596,#3597);
#3596 = CARTESIAN_POINT('',(99.33504576804,-75.51297886133,0.));
#3597 = VECTOR('',#3598,1.);
#3598 = DIRECTION('',(0.109830687749,0.993950310644,0.));
#3599 = PLANE('',#3600);
#3600 = AXIS2_PLACEMENT_3D('',#3601,#3602,#3603);
#3601 = CARTESIAN_POINT('',(99.33504576804,-75.51297886133,0.));
#3602 = DIRECTION('',(-0.993950310644,0.109830687749,0.));
#3603 = DIRECTION('',(0.109830687749,0.993950310644,0.));
#3604 = ADVANCED_FACE('',(#3605),#3630,.F.);
#3605 = FACE_BOUND('',#3606,.F.);
#3606 = EDGE_LOOP('',(#3607,#3617,#3623,#3624));
#3607 = ORIENTED_EDGE('',*,*,#3608,.T.);
#3608 = EDGE_CURVE('',#3609,#3611,#3613,.T.);
#3609 = VERTEX_POINT('',#3610);
#3610 = CARTESIAN_POINT('',(99.206601608154,-76.57180167521,0.));
#3611 = VERTEX_POINT('',#3612);
#3612 = CARTESIAN_POINT('',(99.206601608154,-76.57180167521,6.));
#3613 = LINE('',#3614,#3615);
#3614 = CARTESIAN_POINT('',(99.206601608154,-76.57180167521,0.));
#3615 = VECTOR('',#3616,1.);
#3616 = DIRECTION('',(0.,0.,1.));
#3617 = ORIENTED_EDGE('',*,*,#3618,.T.);
#3618 = EDGE_CURVE('',#3611,#3580,#3619,.T.);
#3619 = LINE('',#3620,#3621);
#3620 = CARTESIAN_POINT('',(99.206601608154,-76.57180167521,6.));
#3621 = VECTOR('',#3622,1.);
#3622 = DIRECTION('',(0.120425615153,0.992722353539,0.));
#3623 = ORIENTED_EDGE('',*,*,#3577,.F.);
#3624 = ORIENTED_EDGE('',*,*,#3625,.F.);
#3625 = EDGE_CURVE('',#3609,#3578,#3626,.T.);
#3626 = LINE('',#3627,#3628);
#3627 = CARTESIAN_POINT('',(99.206601608154,-76.57180167521,0.));
#3628 = VECTOR('',#3629,1.);
#3629 = DIRECTION('',(0.120425615153,0.992722353539,0.));
#3630 = PLANE('',#3631);
#3631 = AXIS2_PLACEMENT_3D('',#3632,#3633,#3634);
#3632 = CARTESIAN_POINT('',(99.206601608154,-76.57180167521,0.));
#3633 = DIRECTION('',(-0.992722353539,0.120425615153,0.));
#3634 = DIRECTION('',(0.120425615153,0.992722353539,0.));
#3635 = ADVANCED_FACE('',(#3636),#3661,.F.);
#3636 = FACE_BOUND('',#3637,.F.);
#3637 = EDGE_LOOP('',(#3638,#3648,#3654,#3655));
#3638 = ORIENTED_EDGE('',*,*,#3639,.T.);
#3639 = EDGE_CURVE('',#3640,#3642,#3644,.T.);
#3640 = VERTEX_POINT('',#3641);
#3641 = CARTESIAN_POINT('',(99.066871669026,-77.62919431634,0.));
#3642 = VERTEX_POINT('',#3643);
#3643 = CARTESIAN_POINT('',(99.066871669026,-77.62919431634,6.));
#3644 = LINE('',#3645,#3646);
#3645 = CARTESIAN_POINT('',(99.066871669026,-77.62919431634,0.));
#3646 = VECTOR('',#3647,1.);
#3647 = DIRECTION('',(0.,0.,1.));
#3648 = ORIENTED_EDGE('',*,*,#3649,.T.);
#3649 = EDGE_CURVE('',#3642,#3611,#3650,.T.);
#3650 = LINE('',#3651,#3652);
#3651 = CARTESIAN_POINT('',(99.066871669026,-77.62919431634,6.));
#3652 = VECTOR('',#3653,1.);
#3653 = DIRECTION('',(0.131006842894,0.991381463976,0.));
#3654 = ORIENTED_EDGE('',*,*,#3608,.F.);
#3655 = ORIENTED_EDGE('',*,*,#3656,.F.);
#3656 = EDGE_CURVE('',#3640,#3609,#3657,.T.);
#3657 = LINE('',#3658,#3659);
#3658 = CARTESIAN_POINT('',(99.066871669026,-77.62919431634,0.));
#3659 = VECTOR('',#3660,1.);
#3660 = DIRECTION('',(0.131006842894,0.991381463976,0.));
#3661 = PLANE('',#3662);
#3662 = AXIS2_PLACEMENT_3D('',#3663,#3664,#3665);
#3663 = CARTESIAN_POINT('',(99.066871669026,-77.62919431634,0.));
#3664 = DIRECTION('',(-0.991381463976,0.131006842894,0.));
#3665 = DIRECTION('',(0.131006842894,0.991381463976,0.));
#3666 = ADVANCED_FACE('',(#3667),#3692,.F.);
#3667 = FACE_BOUND('',#3668,.F.);
#3668 = EDGE_LOOP('',(#3669,#3679,#3685,#3686));
#3669 = ORIENTED_EDGE('',*,*,#3670,.T.);
#3670 = EDGE_CURVE('',#3671,#3673,#3675,.T.);
#3671 = VERTEX_POINT('',#3672);
#3672 = CARTESIAN_POINT('',(98.915871846383,-78.68503649535,0.));
#3673 = VERTEX_POINT('',#3674);
#3674 = CARTESIAN_POINT('',(98.915871846383,-78.68503649535,6.));
#3675 = LINE('',#3676,#3677);
#3676 = CARTESIAN_POINT('',(98.915871846383,-78.68503649535,0.));
#3677 = VECTOR('',#3678,1.);
#3678 = DIRECTION('',(0.,0.,1.));
#3679 = ORIENTED_EDGE('',*,*,#3680,.T.);
#3680 = EDGE_CURVE('',#3673,#3642,#3681,.T.);
#3681 = LINE('',#3682,#3683);
#3682 = CARTESIAN_POINT('',(98.915871846383,-78.68503649535,6.));
#3683 = VECTOR('',#3684,1.);
#3684 = DIRECTION('',(0.14157316725,0.989927794496,0.));
#3685 = ORIENTED_EDGE('',*,*,#3639,.F.);
#3686 = ORIENTED_EDGE('',*,*,#3687,.F.);
#3687 = EDGE_CURVE('',#3671,#3640,#3688,.T.);
#3688 = LINE('',#3689,#3690);
#3689 = CARTESIAN_POINT('',(98.915871846383,-78.68503649535,0.));
#3690 = VECTOR('',#3691,1.);
#3691 = DIRECTION('',(0.14157316725,0.989927794496,0.));
#3692 = PLANE('',#3693);
#3693 = AXIS2_PLACEMENT_3D('',#3694,#3695,#3696);
#3694 = CARTESIAN_POINT('',(98.915871846383,-78.68503649535,0.));
#3695 = DIRECTION('',(-0.989927794496,0.14157316725,0.));
#3696 = DIRECTION('',(0.14157316725,0.989927794496,0.));
#3697 = ADVANCED_FACE('',(#3698),#3723,.F.);
#3698 = FACE_BOUND('',#3699,.F.);
#3699 = EDGE_LOOP('',(#3700,#3710,#3716,#3717));
#3700 = ORIENTED_EDGE('',*,*,#3701,.T.);
#3701 = EDGE_CURVE('',#3702,#3704,#3706,.T.);
#3702 = VERTEX_POINT('',#3703);
#3703 = CARTESIAN_POINT('',(98.753619318021,-79.73920809925,0.));
#3704 = VERTEX_POINT('',#3705);
#3705 = CARTESIAN_POINT('',(98.753619318021,-79.73920809925,6.));
#3706 = LINE('',#3707,#3708);
#3707 = CARTESIAN_POINT('',(98.753619318021,-79.73920809925,0.));
#3708 = VECTOR('',#3709,1.);
#3709 = DIRECTION('',(0.,0.,1.));
#3710 = ORIENTED_EDGE('',*,*,#3711,.T.);
#3711 = EDGE_CURVE('',#3704,#3673,#3712,.T.);
#3712 = LINE('',#3713,#3714);
#3713 = CARTESIAN_POINT('',(98.753619318021,-79.73920809925,6.));
#3714 = VECTOR('',#3715,1.);
#3715 = DIRECTION('',(0.15212338619,0.988361510468,0.));
#3716 = ORIENTED_EDGE('',*,*,#3670,.F.);
#3717 = ORIENTED_EDGE('',*,*,#3718,.F.);
#3718 = EDGE_CURVE('',#3702,#3671,#3719,.T.);
#3719 = LINE('',#3720,#3721);
#3720 = CARTESIAN_POINT('',(98.753619318021,-79.73920809925,0.));
#3721 = VECTOR('',#3722,1.);
#3722 = DIRECTION('',(0.15212338619,0.988361510468,0.));
#3723 = PLANE('',#3724);
#3724 = AXIS2_PLACEMENT_3D('',#3725,#3726,#3727);
#3725 = CARTESIAN_POINT('',(98.753619318021,-79.73920809925,0.));
#3726 = DIRECTION('',(-0.988361510468,0.15212338619,0.));
#3727 = DIRECTION('',(0.15212338619,0.988361510468,0.));
#3728 = ADVANCED_FACE('',(#3729),#3754,.F.);
#3729 = FACE_BOUND('',#3730,.F.);
#3730 = EDGE_LOOP('',(#3731,#3741,#3747,#3748));
#3731 = ORIENTED_EDGE('',*,*,#3732,.T.);
#3732 = EDGE_CURVE('',#3733,#3735,#3737,.T.);
#3733 = VERTEX_POINT('',#3734);
#3734 = CARTESIAN_POINT('',(98.580132541846,-80.79158920507,0.));
#3735 = VERTEX_POINT('',#3736);
#3736 = CARTESIAN_POINT('',(98.580132541846,-80.79158920507,6.));
#3737 = LINE('',#3738,#3739);
#3738 = CARTESIAN_POINT('',(98.580132541846,-80.79158920507,0.));
#3739 = VECTOR('',#3740,1.);
#3740 = DIRECTION('',(0.,0.,1.));
#3741 = ORIENTED_EDGE('',*,*,#3742,.T.);
#3742 = EDGE_CURVE('',#3735,#3704,#3743,.T.);
#3743 = LINE('',#3744,#3745);
#3744 = CARTESIAN_POINT('',(98.580132541846,-80.79158920507,6.));
#3745 = VECTOR('',#3746,1.);
#3746 = DIRECTION('',(0.162656299518,0.986682790073,0.));
#3747 = ORIENTED_EDGE('',*,*,#3701,.F.);
#3748 = ORIENTED_EDGE('',*,*,#3749,.F.);
#3749 = EDGE_CURVE('',#3733,#3702,#3750,.T.);
#3750 = LINE('',#3751,#3752);
#3751 = CARTESIAN_POINT('',(98.580132541846,-80.79158920507,0.));
#3752 = VECTOR('',#3753,1.);
#3753 = DIRECTION('',(0.162656299518,0.986682790073,0.));
#3754 = PLANE('',#3755);
#3755 = AXIS2_PLACEMENT_3D('',#3756,#3757,#3758);
#3756 = CARTESIAN_POINT('',(98.580132541846,-80.79158920507,0.));
#3757 = DIRECTION('',(-0.986682790073,0.162656299518,0.));
#3758 = DIRECTION('',(0.162656299518,0.986682790073,0.));
#3759 = ADVANCED_FACE('',(#3760),#3785,.F.);
#3760 = FACE_BOUND('',#3761,.F.);
#3761 = EDGE_LOOP('',(#3762,#3772,#3778,#3779));
#3762 = ORIENTED_EDGE('',*,*,#3763,.T.);
#3763 = EDGE_CURVE('',#3764,#3766,#3768,.T.);
#3764 = VERTEX_POINT('',#3765);
#3765 = CARTESIAN_POINT('',(98.395431253778,-81.84206009358,0.));
#3766 = VERTEX_POINT('',#3767);
#3767 = CARTESIAN_POINT('',(98.395431253778,-81.84206009358,6.));
#3768 = LINE('',#3769,#3770);
#3769 = CARTESIAN_POINT('',(98.395431253778,-81.84206009358,0.));
#3770 = VECTOR('',#3771,1.);
#3771 = DIRECTION('',(0.,0.,1.));
#3772 = ORIENTED_EDGE('',*,*,#3773,.T.);
#3773 = EDGE_CURVE('',#3766,#3735,#3774,.T.);
#3774 = LINE('',#3775,#3776);
#3775 = CARTESIAN_POINT('',(98.395431253778,-81.84206009358,6.));
#3776 = VECTOR('',#3777,1.);
#3777 = DIRECTION('',(0.173170709006,0.984891824284,0.));
#3778 = ORIENTED_EDGE('',*,*,#3732,.F.);
#3779 = ORIENTED_EDGE('',*,*,#3780,.F.);
#3780 = EDGE_CURVE('',#3764,#3733,#3781,.T.);
#3781 = LINE('',#3782,#3783);
#3782 = CARTESIAN_POINT('',(98.395431253778,-81.84206009358,0.));
#3783 = VECTOR('',#3784,1.);
#3784 = DIRECTION('',(0.173170709006,0.984891824284,0.));
#3785 = PLANE('',#3786);
#3786 = AXIS2_PLACEMENT_3D('',#3787,#3788,#3789);
#3787 = CARTESIAN_POINT('',(98.395431253778,-81.84206009358,0.));
#3788 = DIRECTION('',(-0.984891824284,0.173170709006,0.));
#3789 = DIRECTION('',(0.173170709006,0.984891824284,0.));
#3790 = ADVANCED_FACE('',(#3791),#3816,.F.);
#3791 = FACE_BOUND('',#3792,.F.);
#3792 = EDGE_LOOP('',(#3793,#3803,#3809,#3810));
#3793 = ORIENTED_EDGE('',*,*,#3794,.T.);
#3794 = EDGE_CURVE('',#3795,#3797,#3799,.T.);
#3795 = VERTEX_POINT('',#3796);
#3796 = CARTESIAN_POINT('',(98.199536465503,-82.89050126281,0.));
#3797 = VERTEX_POINT('',#3798);
#3798 = CARTESIAN_POINT('',(98.199536465503,-82.89050126281,6.));
#3799 = LINE('',#3800,#3801);
#3800 = CARTESIAN_POINT('',(98.199536465503,-82.89050126281,0.));
#3801 = VECTOR('',#3802,1.);
#3802 = DIRECTION('',(0.,0.,1.));
#3803 = ORIENTED_EDGE('',*,*,#3804,.T.);
#3804 = EDGE_CURVE('',#3797,#3766,#3805,.T.);
#3805 = LINE('',#3806,#3807);
#3806 = CARTESIAN_POINT('',(98.199536465503,-82.89050126281,6.));
#3807 = VECTOR('',#3808,1.);
#3808 = DIRECTION('',(0.183665418531,0.982988816842,0.));
#3809 = ORIENTED_EDGE('',*,*,#3763,.F.);
#3810 = ORIENTED_EDGE('',*,*,#3811,.F.);
#3811 = EDGE_CURVE('',#3795,#3764,#3812,.T.);
#3812 = LINE('',#3813,#3814);
#3813 = CARTESIAN_POINT('',(98.199536465503,-82.89050126281,0.));
#3814 = VECTOR('',#3815,1.);
#3815 = DIRECTION('',(0.183665418531,0.982988816842,0.));
#3816 = PLANE('',#3817);
#3817 = AXIS2_PLACEMENT_3D('',#3818,#3819,#3820);
#3818 = CARTESIAN_POINT('',(98.199536465503,-82.89050126281,0.));
#3819 = DIRECTION('',(-0.982988816842,0.183665418531,0.));
#3820 = DIRECTION('',(0.183665418531,0.982988816842,0.));
#3821 = ADVANCED_FACE('',(#3822),#3847,.F.);
#3822 = FACE_BOUND('',#3823,.F.);
#3823 = EDGE_LOOP('',(#3824,#3834,#3840,#3841));
#3824 = ORIENTED_EDGE('',*,*,#3825,.T.);
#3825 = EDGE_CURVE('',#3826,#3828,#3830,.T.);
#3826 = VERTEX_POINT('',#3827);
#3827 = CARTESIAN_POINT('',(97.992470462083,-83.93679344172,0.));
#3828 = VERTEX_POINT('',#3829);
#3829 = CARTESIAN_POINT('',(97.992470462083,-83.93679344172,6.));
#3830 = LINE('',#3831,#3832);
#3831 = CARTESIAN_POINT('',(97.992470462083,-83.93679344172,0.));
#3832 = VECTOR('',#3833,1.);
#3833 = DIRECTION('',(0.,0.,1.));
#3834 = ORIENTED_EDGE('',*,*,#3835,.T.);
#3835 = EDGE_CURVE('',#3828,#3797,#3836,.T.);
#3836 = LINE('',#3837,#3838);
#3837 = CARTESIAN_POINT('',(97.992470462083,-83.93679344172,6.));
#3838 = VECTOR('',#3839,1.);
#3839 = DIRECTION('',(0.194139234211,0.980973984232,0.));
#3840 = ORIENTED_EDGE('',*,*,#3794,.F.);
#3841 = ORIENTED_EDGE('',*,*,#3842,.F.);
#3842 = EDGE_CURVE('',#3826,#3795,#3843,.T.);
#3843 = LINE('',#3844,#3845);
#3844 = CARTESIAN_POINT('',(97.992470462083,-83.93679344172,0.));
#3845 = VECTOR('',#3846,1.);
#3846 = DIRECTION('',(0.194139234211,0.980973984232,0.));
#3847 = PLANE('',#3848);
#3848 = AXIS2_PLACEMENT_3D('',#3849,#3850,#3851);
#3849 = CARTESIAN_POINT('',(97.992470462083,-83.93679344172,0.));
#3850 = DIRECTION('',(-0.980973984232,0.194139234211,0.));
#3851 = DIRECTION('',(0.194139234211,0.980973984232,0.));
#3852 = ADVANCED_FACE('',(#3853),#3878,.F.);
#3853 = FACE_BOUND('',#3854,.F.);
#3854 = EDGE_LOOP('',(#3855,#3865,#3871,#3872));
#3855 = ORIENTED_EDGE('',*,*,#3856,.T.);
#3856 = EDGE_CURVE('',#3857,#3859,#3861,.T.);
#3857 = VERTEX_POINT('',#3858);
#3858 = CARTESIAN_POINT('',(97.774256799423,-84.98081760372,0.));
#3859 = VERTEX_POINT('',#3860);
#3860 = CARTESIAN_POINT('',(97.774256799423,-84.98081760372,6.));
#3861 = LINE('',#3862,#3863);
#3862 = CARTESIAN_POINT('',(97.774256799423,-84.98081760372,0.));
#3863 = VECTOR('',#3864,1.);
#3864 = DIRECTION('',(0.,0.,1.));
#3865 = ORIENTED_EDGE('',*,*,#3866,.T.);
#3866 = EDGE_CURVE('',#3859,#3828,#3867,.T.);
#3867 = LINE('',#3868,#3869);
#3868 = CARTESIAN_POINT('',(97.774256799423,-84.98081760372,6.));
#3869 = VECTOR('',#3870,1.);
#3870 = DIRECTION('',(0.204590964541,0.978847555663,0.));
#3871 = ORIENTED_EDGE('',*,*,#3825,.F.);
#3872 = ORIENTED_EDGE('',*,*,#3873,.F.);
#3873 = EDGE_CURVE('',#3857,#3826,#3874,.T.);
#3874 = LINE('',#3875,#3876);
#3875 = CARTESIAN_POINT('',(97.774256799423,-84.98081760372,0.));
#3876 = VECTOR('',#3877,1.);
#3877 = DIRECTION('',(0.204590964541,0.978847555663,0.));
#3878 = PLANE('',#3879);
#3879 = AXIS2_PLACEMENT_3D('',#3880,#3881,#3882);
#3880 = CARTESIAN_POINT('',(97.774256799423,-84.98081760372,0.));
#3881 = DIRECTION('',(-0.978847555663,0.204590964541,0.));
#3882 = DIRECTION('',(0.204590964541,0.978847555663,0.));
#3883 = ADVANCED_FACE('',(#3884),#3909,.F.);
#3884 = FACE_BOUND('',#3885,.F.);
#3885 = EDGE_LOOP('',(#3886,#3896,#3902,#3903));
#3886 = ORIENTED_EDGE('',*,*,#3887,.T.);
#3887 = EDGE_CURVE('',#3888,#3890,#3892,.T.);
#3888 = VERTEX_POINT('',#3889);
#3889 = CARTESIAN_POINT('',(97.544920301588,-86.02245498024,0.));
#3890 = VERTEX_POINT('',#3891);
#3891 = CARTESIAN_POINT('',(97.544920301588,-86.02245498024,6.));
#3892 = LINE('',#3893,#3894);
#3893 = CARTESIAN_POINT('',(97.544920301588,-86.02245498024,0.));
#3894 = VECTOR('',#3895,1.);
#3895 = DIRECTION('',(0.,0.,1.));
#3896 = ORIENTED_EDGE('',*,*,#3897,.T.);
#3897 = EDGE_CURVE('',#3890,#3859,#3898,.T.);
#3898 = LINE('',#3899,#3900);
#3899 = CARTESIAN_POINT('',(97.544920301588,-86.02245498024,6.));
#3900 = VECTOR('',#3901,1.);
#3901 = DIRECTION('',(0.215019420528,0.976609773039,0.));
#3902 = ORIENTED_EDGE('',*,*,#3856,.F.);
#3903 = ORIENTED_EDGE('',*,*,#3904,.F.);
#3904 = EDGE_CURVE('',#3888,#3857,#3905,.T.);
#3905 = LINE('',#3906,#3907);
#3906 = CARTESIAN_POINT('',(97.544920301588,-86.02245498024,0.));
#3907 = VECTOR('',#3908,1.);
#3908 = DIRECTION('',(0.215019420528,0.976609773039,0.));
#3909 = PLANE('',#3910);
#3910 = AXIS2_PLACEMENT_3D('',#3911,#3912,#3913);
#3911 = CARTESIAN_POINT('',(97.544920301588,-86.02245498024,0.));
#3912 = DIRECTION('',(-0.976609773039,0.215019420528,0.));
#3913 = DIRECTION('',(0.215019420528,0.976609773039,0.));
#3914 = ADVANCED_FACE('',(#3915),#3940,.F.);
#3915 = FACE_BOUND('',#3916,.F.);
#3916 = EDGE_LOOP('',(#3917,#3927,#3933,#3934));
#3917 = ORIENTED_EDGE('',*,*,#3918,.T.);
#3918 = EDGE_CURVE('',#3919,#3921,#3923,.T.);
#3919 = VERTEX_POINT('',#3920);
#3920 = CARTESIAN_POINT('',(97.304487057982,-87.06158707424,0.));
#3921 = VERTEX_POINT('',#3922);
#3922 = CARTESIAN_POINT('',(97.304487057982,-87.06158707424,6.));
#3923 = LINE('',#3924,#3925);
#3924 = CARTESIAN_POINT('',(97.304487057982,-87.06158707424,0.));
#3925 = VECTOR('',#3926,1.);
#3926 = DIRECTION('',(0.,0.,1.));
#3927 = ORIENTED_EDGE('',*,*,#3928,.T.);
#3928 = EDGE_CURVE('',#3921,#3890,#3929,.T.);
#3929 = LINE('',#3930,#3931);
#3930 = CARTESIAN_POINT('',(97.304487057982,-87.06158707424,6.));
#3931 = VECTOR('',#3932,1.);
#3932 = DIRECTION('',(0.225423415826,0.974260890931,0.));
#3933 = ORIENTED_EDGE('',*,*,#3887,.F.);
#3934 = ORIENTED_EDGE('',*,*,#3935,.F.);
#3935 = EDGE_CURVE('',#3919,#3888,#3936,.T.);
#3936 = LINE('',#3937,#3938);
#3937 = CARTESIAN_POINT('',(97.304487057982,-87.06158707424,0.));
#3938 = VECTOR('',#3939,1.);
#3939 = DIRECTION('',(0.225423415826,0.974260890931,0.));
#3940 = PLANE('',#3941);
#3941 = AXIS2_PLACEMENT_3D('',#3942,#3943,#3944);
#3942 = CARTESIAN_POINT('',(97.304487057982,-87.06158707424,0.));
#3943 = DIRECTION('',(-0.974260890931,0.225423415826,0.));
#3944 = DIRECTION('',(0.225423415826,0.974260890931,0.));
#3945 = ADVANCED_FACE('',(#3946),#3971,.F.);
#3946 = FACE_BOUND('',#3947,.F.);
#3947 = EDGE_LOOP('',(#3948,#3958,#3964,#3965));
#3948 = ORIENTED_EDGE('',*,*,#3949,.T.);
#3949 = EDGE_CURVE('',#3950,#3952,#3954,.T.);
#3950 = VERTEX_POINT('',#3951);
#3951 = CARTESIAN_POINT('',(97.05298442038,-88.09809567367,0.));
#3952 = VERTEX_POINT('',#3953);
#3953 = CARTESIAN_POINT('',(97.05298442038,-88.09809567367,6.));
#3954 = LINE('',#3955,#3956);
#3955 = CARTESIAN_POINT('',(97.05298442038,-88.09809567367,0.));
#3956 = VECTOR('',#3957,1.);
#3957 = DIRECTION('',(0.,0.,1.));
#3958 = ORIENTED_EDGE('',*,*,#3959,.T.);
#3959 = EDGE_CURVE('',#3952,#3921,#3960,.T.);
#3960 = LINE('',#3961,#3962);
#3961 = CARTESIAN_POINT('',(97.05298442038,-88.09809567367,6.));
#3962 = VECTOR('',#3963,1.);
#3963 = DIRECTION('',(0.235801766875,0.971801176547,0.));
#3964 = ORIENTED_EDGE('',*,*,#3918,.F.);
#3965 = ORIENTED_EDGE('',*,*,#3966,.F.);
#3966 = EDGE_CURVE('',#3950,#3919,#3967,.T.);
#3967 = LINE('',#3968,#3969);
#3968 = CARTESIAN_POINT('',(97.05298442038,-88.09809567367,0.));
#3969 = VECTOR('',#3970,1.);
#3970 = DIRECTION('',(0.235801766875,0.971801176547,0.));
#3971 = PLANE('',#3972);
#3972 = AXIS2_PLACEMENT_3D('',#3973,#3974,#3975);
#3973 = CARTESIAN_POINT('',(97.05298442038,-88.09809567367,0.));
#3974 = DIRECTION('',(-0.971801176547,0.235801766875,0.));
#3975 = DIRECTION('',(0.235801766875,0.971801176547,0.));
#3976 = ADVANCED_FACE('',(#3977),#4002,.F.);
#3977 = FACE_BOUND('',#3978,.F.);
#3978 = EDGE_LOOP('',(#3979,#3989,#3995,#3996));
#3979 = ORIENTED_EDGE('',*,*,#3980,.T.);
#3980 = EDGE_CURVE('',#3981,#3983,#3985,.T.);
#3981 = VERTEX_POINT('',#3982);
#3982 = CARTESIAN_POINT('',(96.790440999812,-89.13186286493,0.));
#3983 = VERTEX_POINT('',#3984);
#3984 = CARTESIAN_POINT('',(96.790440999812,-89.13186286493,6.));
#3985 = LINE('',#3986,#3987);
#3986 = CARTESIAN_POINT('',(96.790440999812,-89.13186286493,0.));
#3987 = VECTOR('',#3988,1.);
#3988 = DIRECTION('',(0.,0.,1.));
#3989 = ORIENTED_EDGE('',*,*,#3990,.T.);
#3990 = EDGE_CURVE('',#3983,#3952,#3991,.T.);
#3991 = LINE('',#3992,#3993);
#3992 = CARTESIAN_POINT('',(96.790440999812,-89.13186286493,6.));
#3993 = VECTOR('',#3994,1.);
#3994 = DIRECTION('',(0.246153293029,0.969230909707,0.));
#3995 = ORIENTED_EDGE('',*,*,#3949,.F.);
#3996 = ORIENTED_EDGE('',*,*,#3997,.F.);
#3997 = EDGE_CURVE('',#3981,#3950,#3998,.T.);
#3998 = LINE('',#3999,#4000);
#3999 = CARTESIAN_POINT('',(96.790440999812,-89.13186286493,0.));
#4000 = VECTOR('',#4001,1.);
#4001 = DIRECTION('',(0.246153293029,0.969230909707,0.));
#4002 = PLANE('',#4003);
#4003 = AXIS2_PLACEMENT_3D('',#4004,#4005,#4006);
#4004 = CARTESIAN_POINT('',(96.790440999812,-89.13186286493,0.));
#4005 = DIRECTION('',(-0.969230909707,0.246153293029,0.));
#4006 = DIRECTION('',(0.246153293029,0.969230909707,0.));
#4007 = ADVANCED_FACE('',(#4008),#4033,.F.);
#4008 = FACE_BOUND('',#4009,.F.);
#4009 = EDGE_LOOP('',(#4010,#4020,#4026,#4027));
#4010 = ORIENTED_EDGE('',*,*,#4011,.T.);
#4011 = EDGE_CURVE('',#4012,#4014,#4016,.T.);
#4012 = VERTEX_POINT('',#4013);
#4013 = CARTESIAN_POINT('',(96.516886663315,-90.16277104629,0.));
#4014 = VERTEX_POINT('',#4015);
#4015 = CARTESIAN_POINT('',(96.516886663315,-90.16277104629,6.));
#4016 = LINE('',#4017,#4018);
#4017 = CARTESIAN_POINT('',(96.516886663315,-90.16277104629,0.));
#4018 = VECTOR('',#4019,1.);
#4019 = DIRECTION('',(0.,0.,1.));
#4020 = ORIENTED_EDGE('',*,*,#4021,.T.);
#4021 = EDGE_CURVE('',#4014,#3983,#4022,.T.);
#4022 = LINE('',#4023,#4024);
#4023 = CARTESIAN_POINT('',(96.516886663315,-90.16277104629,6.));
#4024 = VECTOR('',#4025,1.);
#4025 = DIRECTION('',(0.256476816694,0.966550382804,0.));
#4026 = ORIENTED_EDGE('',*,*,#3980,.F.);
#4027 = ORIENTED_EDGE('',*,*,#4028,.F.);
#4028 = EDGE_CURVE('',#4012,#3981,#4029,.T.);
#4029 = LINE('',#4030,#4031);
#4030 = CARTESIAN_POINT('',(96.516886663315,-90.16277104629,0.));
#4031 = VECTOR('',#4032,1.);
#4032 = DIRECTION('',(0.256476816694,0.966550382804,0.));
#4033 = PLANE('',#4034);
#4034 = AXIS2_PLACEMENT_3D('',#4035,#4036,#4037);
#4035 = CARTESIAN_POINT('',(96.516886663315,-90.16277104629,0.));
#4036 = DIRECTION('',(-0.966550382804,0.256476816694,0.));
#4037 = DIRECTION('',(0.256476816694,0.966550382804,0.));
#4038 = ADVANCED_FACE('',(#4039),#4064,.F.);
#4039 = FACE_BOUND('',#4040,.F.);
#4040 = EDGE_LOOP('',(#4041,#4051,#4057,#4058));
#4041 = ORIENTED_EDGE('',*,*,#4042,.T.);
#4042 = EDGE_CURVE('',#4043,#4045,#4047,.T.);
#4043 = VERTEX_POINT('',#4044);
#4044 = CARTESIAN_POINT('',(96.232352530529,-91.19070294126,0.));
#4045 = VERTEX_POINT('',#4046);
#4046 = CARTESIAN_POINT('',(96.232352530529,-91.19070294126,6.));
#4047 = LINE('',#4048,#4049);
#4048 = CARTESIAN_POINT('',(96.232352530529,-91.19070294126,0.));
#4049 = VECTOR('',#4050,1.);
#4050 = DIRECTION('',(0.,0.,1.));
#4051 = ORIENTED_EDGE('',*,*,#4052,.T.);
#4052 = EDGE_CURVE('',#4045,#4014,#4053,.T.);
#4053 = LINE('',#4054,#4055);
#4054 = CARTESIAN_POINT('',(96.232352530529,-91.19070294126,6.));
#4055 = VECTOR('',#4056,1.);
#4056 = DIRECTION('',(0.266771163463,0.963759900776,0.));
#4057 = ORIENTED_EDGE('',*,*,#4011,.F.);
#4058 = ORIENTED_EDGE('',*,*,#4059,.F.);
#4059 = EDGE_CURVE('',#4043,#4012,#4060,.T.);
#4060 = LINE('',#4061,#4062);
#4061 = CARTESIAN_POINT('',(96.232352530529,-91.19070294126,0.));
#4062 = VECTOR('',#4063,1.);
#4063 = DIRECTION('',(0.266771163463,0.963759900776,0.));
#4064 = PLANE('',#4065);
#4065 = AXIS2_PLACEMENT_3D('',#4066,#4067,#4068);
#4066 = CARTESIAN_POINT('',(96.232352530529,-91.19070294126,0.));
#4067 = DIRECTION('',(-0.963759900776,0.266771163463,0.));
#4068 = DIRECTION('',(0.266771163463,0.963759900776,0.));
#4069 = ADVANCED_FACE('',(#4070),#4095,.F.);
#4070 = FACE_BOUND('',#4071,.F.);
#4071 = EDGE_LOOP('',(#4072,#4082,#4088,#4089));
#4072 = ORIENTED_EDGE('',*,*,#4073,.T.);
#4073 = EDGE_CURVE('',#4074,#4076,#4078,.T.);
#4074 = VERTEX_POINT('',#4075);
#4075 = CARTESIAN_POINT('',(95.936870970162,-92.21554161192,0.));
#4076 = VERTEX_POINT('',#4077);
#4077 = CARTESIAN_POINT('',(95.936870970162,-92.21554161192,6.));
#4078 = LINE('',#4079,#4080);
#4079 = CARTESIAN_POINT('',(95.936870970162,-92.21554161192,0.));
#4080 = VECTOR('',#4081,1.);
#4081 = DIRECTION('',(0.,0.,1.));
#4082 = ORIENTED_EDGE('',*,*,#4083,.T.);
#4083 = EDGE_CURVE('',#4076,#4045,#4084,.T.);
#4084 = LINE('',#4085,#4086);
#4085 = CARTESIAN_POINT('',(95.936870970162,-92.21554161192,6.));
#4086 = VECTOR('',#4087,1.);
#4087 = DIRECTION('',(0.277035162247,0.960859781071,0.));
#4088 = ORIENTED_EDGE('',*,*,#4042,.F.);
#4089 = ORIENTED_EDGE('',*,*,#4090,.F.);
#4090 = EDGE_CURVE('',#4074,#4043,#4091,.T.);
#4091 = LINE('',#4092,#4093);
#4092 = CARTESIAN_POINT('',(95.936870970162,-92.21554161192,0.));
#4093 = VECTOR('',#4094,1.);
#4094 = DIRECTION('',(0.277035162247,0.960859781071,0.));
#4095 = PLANE('',#4096);
#4096 = AXIS2_PLACEMENT_3D('',#4097,#4098,#4099);
#4097 = CARTESIAN_POINT('',(95.936870970162,-92.21554161192,0.));
#4098 = DIRECTION('',(-0.960859781071,0.277035162247,0.));
#4099 = DIRECTION('',(0.277035162247,0.960859781071,0.));
#4100 = ADVANCED_FACE('',(#4101),#4117,.F.);
#4101 = FACE_BOUND('',#4102,.F.);
#4102 = EDGE_LOOP('',(#4103,#4104,#4110,#4111));
#4103 = ORIENTED_EDGE('',*,*,#1033,.T.);
#4104 = ORIENTED_EDGE('',*,*,#4105,.T.);
#4105 = EDGE_CURVE('',#1026,#4076,#4106,.T.);
#4106 = LINE('',#4107,#4108);
#4107 = CARTESIAN_POINT('',(95.630475596304,-93.23717047227,6.));
#4108 = VECTOR('',#4109,1.);
#4109 = DIRECTION('',(0.287267645409,0.957850353605,0.));
#4110 = ORIENTED_EDGE('',*,*,#4073,.F.);
#4111 = ORIENTED_EDGE('',*,*,#4112,.F.);
#4112 = EDGE_CURVE('',#1034,#4074,#4113,.T.);
#4113 = LINE('',#4114,#4115);
#4114 = CARTESIAN_POINT('',(95.630475596304,-93.23717047227,0.));
#4115 = VECTOR('',#4116,1.);
#4116 = DIRECTION('',(0.287267645409,0.957850353605,0.));
#4117 = PLANE('',#4118);
#4118 = AXIS2_PLACEMENT_3D('',#4119,#4120,#4121);
#4119 = CARTESIAN_POINT('',(95.630475596304,-93.23717047227,0.));
#4120 = DIRECTION('',(-0.957850353605,0.287267645409,0.));
#4121 = DIRECTION('',(0.287267645409,0.957850353605,0.));
#4122 = ADVANCED_FACE('',(#4123),#4141,.T.);
#4123 = FACE_BOUND('',#4124,.T.);
#4124 = EDGE_LOOP('',(#4125,#4132,#4133,#4140));
#4125 = ORIENTED_EDGE('',*,*,#4126,.F.);
#4126 = EDGE_CURVE('',#1169,#135,#4127,.T.);
#4127 = CIRCLE('',#4128,10.);
#4128 = AXIS2_PLACEMENT_3D('',#4129,#4130,#4131);
#4129 = CARTESIAN_POINT('',(-77.03616189811,-99.92255224795,6.));
#4130 = DIRECTION('',(0.,0.,1.));
#4131 = DIRECTION('',(1.,0.,-0.));
#4132 = ORIENTED_EDGE('',*,*,#1176,.F.);
#4133 = ORIENTED_EDGE('',*,*,#4134,.T.);
#4134 = EDGE_CURVE('',#1160,#126,#4135,.T.);
#4135 = CIRCLE('',#4136,10.);
#4136 = AXIS2_PLACEMENT_3D('',#4137,#4138,#4139);
#4137 = CARTESIAN_POINT('',(-77.03616189811,-99.92255224795,0.));
#4138 = DIRECTION('',(0.,0.,1.));
#4139 = DIRECTION('',(1.,0.,-0.));
#4140 = ORIENTED_EDGE('',*,*,#142,.T.);
#4141 = CYLINDRICAL_SURFACE('',#4142,10.);
#4142 = AXIS2_PLACEMENT_3D('',#4143,#4144,#4145);
#4143 = CARTESIAN_POINT('',(-77.03616189811,-99.92255224795,0.));
#4144 = DIRECTION('',(0.,0.,1.));
#4145 = DIRECTION('',(1.,0.,-0.));
#4146 = ADVANCED_FACE('',(#4147,#4282),#4293,.T.);
#4147 = FACE_BOUND('',#4148,.T.);
#4148 = EDGE_LOOP('',(#4149,#4150,#4151,#4152,#4153,#4154,#4155,#4156,
    #4157,#4158,#4159,#4160,#4161,#4162,#4163,#4164,#4165,#4166,#4167,
    #4168,#4169,#4170,#4171,#4172,#4173,#4174,#4175,#4176,#4177,#4178,
    #4179,#4180,#4181,#4182,#4183,#4184,#4185,#4186,#4187,#4188,#4189,
    #4190,#4191,#4192,#4193,#4194,#4195,#4196,#4197,#4198,#4199,#4200,
    #4201,#4202,#4203,#4204,#4205,#4206,#4207,#4208,#4209,#4210,#4211,
    #4212,#4213,#4214,#4215,#4216,#4217,#4218,#4219,#4220,#4221,#4222,
    #4223,#4224,#4225,#4226,#4227,#4228,#4229,#4230,#4231,#4232,#4233,
    #4234,#4235,#4236,#4237,#4238,#4239,#4240,#4241,#4242,#4243,#4244,
    #4245,#4246,#4247,#4248,#4249,#4250,#4251,#4252,#4253,#4254,#4255,
    #4256,#4257,#4258,#4259,#4260,#4261,#4262,#4263,#4264,#4265,#4266,
    #4267,#4268,#4269,#4270,#4271,#4272,#4273,#4274,#4275,#4276,#4277,
    #4278,#4279,#4280,#4281));
#4149 = ORIENTED_EDGE('',*,*,#1055,.T.);
#4150 = ORIENTED_EDGE('',*,*,#1128,.F.);
#4151 = ORIENTED_EDGE('',*,*,#1207,.F.);
#4152 = ORIENTED_EDGE('',*,*,#1238,.F.);
#4153 = ORIENTED_EDGE('',*,*,#1269,.F.);
#4154 = ORIENTED_EDGE('',*,*,#1300,.F.);
#4155 = ORIENTED_EDGE('',*,*,#1331,.F.);
#4156 = ORIENTED_EDGE('',*,*,#1362,.F.);
#4157 = ORIENTED_EDGE('',*,*,#1393,.F.);
#4158 = ORIENTED_EDGE('',*,*,#1424,.F.);
#4159 = ORIENTED_EDGE('',*,*,#1455,.F.);
#4160 = ORIENTED_EDGE('',*,*,#1486,.F.);
#4161 = ORIENTED_EDGE('',*,*,#1517,.F.);
#4162 = ORIENTED_EDGE('',*,*,#1548,.F.);
#4163 = ORIENTED_EDGE('',*,*,#1579,.F.);
#4164 = ORIENTED_EDGE('',*,*,#1610,.F.);
#4165 = ORIENTED_EDGE('',*,*,#1641,.F.);
#4166 = ORIENTED_EDGE('',*,*,#1672,.F.);
#4167 = ORIENTED_EDGE('',*,*,#1703,.F.);
#4168 = ORIENTED_EDGE('',*,*,#1734,.F.);
#4169 = ORIENTED_EDGE('',*,*,#1765,.F.);
#4170 = ORIENTED_EDGE('',*,*,#1796,.F.);
#4171 = ORIENTED_EDGE('',*,*,#1827,.F.);
#4172 = ORIENTED_EDGE('',*,*,#1858,.F.);
#4173 = ORIENTED_EDGE('',*,*,#1889,.F.);
#4174 = ORIENTED_EDGE('',*,*,#1920,.F.);
#4175 = ORIENTED_EDGE('',*,*,#1951,.F.);
#4176 = ORIENTED_EDGE('',*,*,#1982,.F.);
#4177 = ORIENTED_EDGE('',*,*,#2013,.F.);
#4178 = ORIENTED_EDGE('',*,*,#2044,.F.);
#4179 = ORIENTED_EDGE('',*,*,#2075,.F.);
#4180 = ORIENTED_EDGE('',*,*,#2106,.F.);
#4181 = ORIENTED_EDGE('',*,*,#2137,.F.);
#4182 = ORIENTED_EDGE('',*,*,#2168,.F.);
#4183 = ORIENTED_EDGE('',*,*,#2199,.F.);
#4184 = ORIENTED_EDGE('',*,*,#2230,.F.);
#4185 = ORIENTED_EDGE('',*,*,#2261,.F.);
#4186 = ORIENTED_EDGE('',*,*,#2292,.F.);
#4187 = ORIENTED_EDGE('',*,*,#2323,.F.);
#4188 = ORIENTED_EDGE('',*,*,#2354,.F.);
#4189 = ORIENTED_EDGE('',*,*,#2385,.F.);
#4190 = ORIENTED_EDGE('',*,*,#2416,.F.);
#4191 = ORIENTED_EDGE('',*,*,#2447,.F.);
#4192 = ORIENTED_EDGE('',*,*,#2478,.F.);
#4193 = ORIENTED_EDGE('',*,*,#2509,.F.);
#4194 = ORIENTED_EDGE('',*,*,#2540,.F.);
#4195 = ORIENTED_EDGE('',*,*,#2571,.F.);
#4196 = ORIENTED_EDGE('',*,*,#2602,.F.);
#4197 = ORIENTED_EDGE('',*,*,#2633,.F.);
#4198 = ORIENTED_EDGE('',*,*,#2664,.F.);
#4199 = ORIENTED_EDGE('',*,*,#2695,.F.);
#4200 = ORIENTED_EDGE('',*,*,#2726,.F.);
#4201 = ORIENTED_EDGE('',*,*,#2757,.F.);
#4202 = ORIENTED_EDGE('',*,*,#2788,.F.);
#4203 = ORIENTED_EDGE('',*,*,#2819,.F.);
#4204 = ORIENTED_EDGE('',*,*,#2850,.F.);
#4205 = ORIENTED_EDGE('',*,*,#2881,.F.);
#4206 = ORIENTED_EDGE('',*,*,#2912,.F.);
#4207 = ORIENTED_EDGE('',*,*,#2943,.F.);
#4208 = ORIENTED_EDGE('',*,*,#2974,.F.);
#4209 = ORIENTED_EDGE('',*,*,#3005,.F.);
#4210 = ORIENTED_EDGE('',*,*,#3036,.F.);
#4211 = ORIENTED_EDGE('',*,*,#3050,.F.);
#4212 = ORIENTED_EDGE('',*,*,#3091,.F.);
#4213 = ORIENTED_EDGE('',*,*,#3112,.F.);
#4214 = ORIENTED_EDGE('',*,*,#3143,.F.);
#4215 = ORIENTED_EDGE('',*,*,#3191,.F.);
#4216 = ORIENTED_EDGE('',*,*,#3222,.F.);
#4217 = ORIENTED_EDGE('',*,*,#3253,.F.);
#4218 = ORIENTED_EDGE('',*,*,#3284,.F.);
#4219 = ORIENTED_EDGE('',*,*,#3315,.F.);
#4220 = ORIENTED_EDGE('',*,*,#3346,.F.);
#4221 = ORIENTED_EDGE('',*,*,#3377,.F.);
#4222 = ORIENTED_EDGE('',*,*,#3408,.F.);
#4223 = ORIENTED_EDGE('',*,*,#3439,.F.);
#4224 = ORIENTED_EDGE('',*,*,#3470,.F.);
#4225 = ORIENTED_EDGE('',*,*,#3501,.F.);
#4226 = ORIENTED_EDGE('',*,*,#3532,.F.);
#4227 = ORIENTED_EDGE('',*,*,#3563,.F.);
#4228 = ORIENTED_EDGE('',*,*,#3594,.F.);
#4229 = ORIENTED_EDGE('',*,*,#3625,.F.);
#4230 = ORIENTED_EDGE('',*,*,#3656,.F.);
#4231 = ORIENTED_EDGE('',*,*,#3687,.F.);
#4232 = ORIENTED_EDGE('',*,*,#3718,.F.);
#4233 = ORIENTED_EDGE('',*,*,#3749,.F.);
#4234 = ORIENTED_EDGE('',*,*,#3780,.F.);
#4235 = ORIENTED_EDGE('',*,*,#3811,.F.);
#4236 = ORIENTED_EDGE('',*,*,#3842,.F.);
#4237 = ORIENTED_EDGE('',*,*,#3873,.F.);
#4238 = ORIENTED_EDGE('',*,*,#3904,.F.);
#4239 = ORIENTED_EDGE('',*,*,#3935,.F.);
#4240 = ORIENTED_EDGE('',*,*,#3966,.F.);
#4241 = ORIENTED_EDGE('',*,*,#3997,.F.);
#4242 = ORIENTED_EDGE('',*,*,#4028,.F.);
#4243 = ORIENTED_EDGE('',*,*,#4059,.F.);
#4244 = ORIENTED_EDGE('',*,*,#4090,.F.);
#4245 = ORIENTED_EDGE('',*,*,#4112,.F.);
#4246 = ORIENTED_EDGE('',*,*,#1041,.F.);
#4247 = ORIENTED_EDGE('',*,*,#213,.F.);
#4248 = ORIENTED_EDGE('',*,*,#244,.F.);
#4249 = ORIENTED_EDGE('',*,*,#275,.F.);
#4250 = ORIENTED_EDGE('',*,*,#306,.F.);
#4251 = ORIENTED_EDGE('',*,*,#337,.F.);
#4252 = ORIENTED_EDGE('',*,*,#368,.F.);
#4253 = ORIENTED_EDGE('',*,*,#399,.F.);
#4254 = ORIENTED_EDGE('',*,*,#430,.F.);
#4255 = ORIENTED_EDGE('',*,*,#461,.F.);
#4256 = ORIENTED_EDGE('',*,*,#492,.F.);
#4257 = ORIENTED_EDGE('',*,*,#523,.F.);
#4258 = ORIENTED_EDGE('',*,*,#554,.F.);
#4259 = ORIENTED_EDGE('',*,*,#585,.F.);
#4260 = ORIENTED_EDGE('',*,*,#616,.F.);
#4261 = ORIENTED_EDGE('',*,*,#647,.F.);
#4262 = ORIENTED_EDGE('',*,*,#678,.F.);
#4263 = ORIENTED_EDGE('',*,*,#709,.F.);
#4264 = ORIENTED_EDGE('',*,*,#740,.F.);
#4265 = ORIENTED_EDGE('',*,*,#771,.F.);
#4266 = ORIENTED_EDGE('',*,*,#802,.F.);
#4267 = ORIENTED_EDGE('',*,*,#833,.F.);
#4268 = ORIENTED_EDGE('',*,*,#864,.F.);
#4269 = ORIENTED_EDGE('',*,*,#895,.F.);
#4270 = ORIENTED_EDGE('',*,*,#926,.F.);
#4271 = ORIENTED_EDGE('',*,*,#957,.F.);
#4272 = ORIENTED_EDGE('',*,*,#988,.F.);
#4273 = ORIENTED_EDGE('',*,*,#1010,.F.);
#4274 = ORIENTED_EDGE('',*,*,#173,.F.);
#4275 = ORIENTED_EDGE('',*,*,#94,.F.);
#4276 = ORIENTED_EDGE('',*,*,#21,.F.);
#4277 = ORIENTED_EDGE('',*,*,#78,.F.);
#4278 = ORIENTED_EDGE('',*,*,#125,.T.);
#4279 = ORIENTED_EDGE('',*,*,#4134,.F.);
#4280 = ORIENTED_EDGE('',*,*,#1159,.F.);
#4281 = ORIENTED_EDGE('',*,*,#1105,.F.);
#4282 = FACE_BOUND('',#4283,.T.);
#4283 = EDGE_LOOP('',(#4284));
#4284 = ORIENTED_EDGE('',*,*,#4285,.T.);
#4285 = EDGE_CURVE('',#4286,#4286,#4288,.T.);
#4286 = VERTEX_POINT('',#4287);
#4287 = CARTESIAN_POINT('',(5.5,-64.,0.));
#4288 = CIRCLE('',#4289,5.5);
#4289 = AXIS2_PLACEMENT_3D('',#4290,#4291,#4292);
#4290 = CARTESIAN_POINT('',(0.,-64.,0.));
#4291 = DIRECTION('',(0.,0.,1.));
#4292 = DIRECTION('',(1.,0.,-0.));
#4293 = PLANE('',#4294);
#4294 = AXIS2_PLACEMENT_3D('',#4295,#4296,#4297);
#4295 = CARTESIAN_POINT('',(19.635695147796,-67.43854414809,
    1.032684239179E-18));
#4296 = DIRECTION('',(-0.,-0.,-1.));
#4297 = DIRECTION('',(-1.,0.,0.));
#4298 = ADVANCED_FACE('',(#4299),#4318,.F.);
#4299 = FACE_BOUND('',#4300,.F.);
#4300 = EDGE_LOOP('',(#4301,#4310,#4316,#4317));
#4301 = ORIENTED_EDGE('',*,*,#4302,.F.);
#4302 = EDGE_CURVE('',#4303,#4303,#4305,.T.);
#4303 = VERTEX_POINT('',#4304);
#4304 = CARTESIAN_POINT('',(5.5,-64.,6.));
#4305 = CIRCLE('',#4306,5.5);
#4306 = AXIS2_PLACEMENT_3D('',#4307,#4308,#4309);
#4307 = CARTESIAN_POINT('',(0.,-64.,6.));
#4308 = DIRECTION('',(0.,0.,1.));
#4309 = DIRECTION('',(1.,0.,-0.));
#4310 = ORIENTED_EDGE('',*,*,#4311,.F.);
#4311 = EDGE_CURVE('',#4286,#4303,#4312,.T.);
#4312 = LINE('',#4313,#4314);
#4313 = CARTESIAN_POINT('',(5.5,-64.,-1.));
#4314 = VECTOR('',#4315,1.);
#4315 = DIRECTION('',(0.,0.,1.));
#4316 = ORIENTED_EDGE('',*,*,#4285,.T.);
#4317 = ORIENTED_EDGE('',*,*,#4311,.T.);
#4318 = CYLINDRICAL_SURFACE('',#4319,5.5);
#4319 = AXIS2_PLACEMENT_3D('',#4320,#4321,#4322);
#4320 = CARTESIAN_POINT('',(0.,-64.,-1.));
#4321 = DIRECTION('',(0.,0.,1.));
#4322 = DIRECTION('',(1.,0.,-0.));
#4323 = ADVANCED_FACE('',(#4324,#4459),#4462,.T.);
#4324 = FACE_BOUND('',#4325,.T.);
#4325 = EDGE_LOOP('',(#4326,#4327,#4328,#4329,#4330,#4331,#4332,#4333,
    #4334,#4335,#4336,#4337,#4338,#4339,#4340,#4341,#4342,#4343,#4344,
    #4345,#4346,#4347,#4348,#4349,#4350,#4351,#4352,#4353,#4354,#4355,
    #4356,#4357,#4358,#4359,#4360,#4361,#4362,#4363,#4364,#4365,#4366,
    #4367,#4368,#4369,#4370,#4371,#4372,#4373,#4374,#4375,#4376,#4377,
    #4378,#4379,#4380,#4381,#4382,#4383,#4384,#4385,#4386,#4387,#4388,
    #4389,#4390,#4391,#4392,#4393,#4394,#4395,#4396,#4397,#4398,#4399,
    #4400,#4401,#4402,#4403,#4404,#4405,#4406,#4407,#4408,#4409,#4410,
    #4411,#4412,#4413,#4414,#4415,#4416,#4417,#4418,#4419,#4420,#4421,
    #4422,#4423,#4424,#4425,#4426,#4427,#4428,#4429,#4430,#4431,#4432,
    #4433,#4434,#4435,#4436,#4437,#4438,#4439,#4440,#4441,#4442,#4443,
    #4444,#4445,#4446,#4447,#4448,#4449,#4450,#4451,#4452,#4453,#4454,
    #4455,#4456,#4457,#4458));
#4326 = ORIENTED_EDGE('',*,*,#1073,.F.);
#4327 = ORIENTED_EDGE('',*,*,#1095,.T.);
#4328 = ORIENTED_EDGE('',*,*,#1168,.T.);
#4329 = ORIENTED_EDGE('',*,*,#4126,.T.);
#4330 = ORIENTED_EDGE('',*,*,#134,.F.);
#4331 = ORIENTED_EDGE('',*,*,#61,.T.);
#4332 = ORIENTED_EDGE('',*,*,#39,.T.);
#4333 = ORIENTED_EDGE('',*,*,#103,.T.);
#4334 = ORIENTED_EDGE('',*,*,#157,.T.);
#4335 = ORIENTED_EDGE('',*,*,#1003,.T.);
#4336 = ORIENTED_EDGE('',*,*,#981,.T.);
#4337 = ORIENTED_EDGE('',*,*,#950,.T.);
#4338 = ORIENTED_EDGE('',*,*,#919,.T.);
#4339 = ORIENTED_EDGE('',*,*,#888,.T.);
#4340 = ORIENTED_EDGE('',*,*,#857,.T.);
#4341 = ORIENTED_EDGE('',*,*,#826,.T.);
#4342 = ORIENTED_EDGE('',*,*,#795,.T.);
#4343 = ORIENTED_EDGE('',*,*,#764,.T.);
#4344 = ORIENTED_EDGE('',*,*,#733,.T.);
#4345 = ORIENTED_EDGE('',*,*,#702,.T.);
#4346 = ORIENTED_EDGE('',*,*,#671,.T.);
#4347 = ORIENTED_EDGE('',*,*,#640,.T.);
#4348 = ORIENTED_EDGE('',*,*,#609,.T.);
#4349 = ORIENTED_EDGE('',*,*,#578,.T.);
#4350 = ORIENTED_EDGE('',*,*,#547,.T.);
#4351 = ORIENTED_EDGE('',*,*,#516,.T.);
#4352 = ORIENTED_EDGE('',*,*,#485,.T.);
#4353 = ORIENTED_EDGE('',*,*,#454,.T.);
#4354 = ORIENTED_EDGE('',*,*,#423,.T.);
#4355 = ORIENTED_EDGE('',*,*,#392,.T.);
#4356 = ORIENTED_EDGE('',*,*,#361,.T.);
#4357 = ORIENTED_EDGE('',*,*,#330,.T.);
#4358 = ORIENTED_EDGE('',*,*,#299,.T.);
#4359 = ORIENTED_EDGE('',*,*,#268,.T.);
#4360 = ORIENTED_EDGE('',*,*,#237,.T.);
#4361 = ORIENTED_EDGE('',*,*,#197,.T.);
#4362 = ORIENTED_EDGE('',*,*,#1025,.T.);
#4363 = ORIENTED_EDGE('',*,*,#4105,.T.);
#4364 = ORIENTED_EDGE('',*,*,#4083,.T.);
#4365 = ORIENTED_EDGE('',*,*,#4052,.T.);
#4366 = ORIENTED_EDGE('',*,*,#4021,.T.);
#4367 = ORIENTED_EDGE('',*,*,#3990,.T.);
#4368 = ORIENTED_EDGE('',*,*,#3959,.T.);
#4369 = ORIENTED_EDGE('',*,*,#3928,.T.);
#4370 = ORIENTED_EDGE('',*,*,#3897,.T.);
#4371 = ORIENTED_EDGE('',*,*,#3866,.T.);
#4372 = ORIENTED_EDGE('',*,*,#3835,.T.);
#4373 = ORIENTED_EDGE('',*,*,#3804,.T.);
#4374 = ORIENTED_EDGE('',*,*,#3773,.T.);
#4375 = ORIENTED_EDGE('',*,*,#3742,.T.);
#4376 = ORIENTED_EDGE('',*,*,#3711,.T.);
#4377 = ORIENTED_EDGE('',*,*,#3680,.T.);
#4378 = ORIENTED_EDGE('',*,*,#3649,.T.);
#4379 = ORIENTED_EDGE('',*,*,#3618,.T.);
#4380 = ORIENTED_EDGE('',*,*,#3587,.T.);
#4381 = ORIENTED_EDGE('',*,*,#3556,.T.);
#4382 = ORIENTED_EDGE('',*,*,#3525,.T.);
#4383 = ORIENTED_EDGE('',*,*,#3494,.T.);
#4384 = ORIENTED_EDGE('',*,*,#3463,.T.);
#4385 = ORIENTED_EDGE('',*,*,#3432,.T.);
#4386 = ORIENTED_EDGE('',*,*,#3401,.T.);
#4387 = ORIENTED_EDGE('',*,*,#3370,.T.);
#4388 = ORIENTED_EDGE('',*,*,#3339,.T.);
#4389 = ORIENTED_EDGE('',*,*,#3308,.T.);
#4390 = ORIENTED_EDGE('',*,*,#3277,.T.);
#4391 = ORIENTED_EDGE('',*,*,#3246,.T.);
#4392 = ORIENTED_EDGE('',*,*,#3215,.T.);
#4393 = ORIENTED_EDGE('',*,*,#3184,.T.);
#4394 = ORIENTED_EDGE('',*,*,#3159,.T.);
#4395 = ORIENTED_EDGE('',*,*,#3121,.T.);
#4396 = ORIENTED_EDGE('',*,*,#3098,.T.);
#4397 = ORIENTED_EDGE('',*,*,#3066,.T.);
#4398 = ORIENTED_EDGE('',*,*,#3029,.T.);
#4399 = ORIENTED_EDGE('',*,*,#2998,.T.);
#4400 = ORIENTED_EDGE('',*,*,#2967,.T.);
#4401 = ORIENTED_EDGE('',*,*,#2936,.T.);
#4402 = ORIENTED_EDGE('',*,*,#2905,.T.);
#4403 = ORIENTED_EDGE('',*,*,#2874,.T.);
#4404 = ORIENTED_EDGE('',*,*,#2843,.T.);
#4405 = ORIENTED_EDGE('',*,*,#2812,.T.);
#4406 = ORIENTED_EDGE('',*,*,#2781,.T.);
#4407 = ORIENTED_EDGE('',*,*,#2750,.T.);
#4408 = ORIENTED_EDGE('',*,*,#2719,.T.);
#4409 = ORIENTED_EDGE('',*,*,#2688,.T.);
#4410 = ORIENTED_EDGE('',*,*,#2657,.T.);
#4411 = ORIENTED_EDGE('',*,*,#2626,.T.);
#4412 = ORIENTED_EDGE('',*,*,#2595,.T.);
#4413 = ORIENTED_EDGE('',*,*,#2564,.T.);
#4414 = ORIENTED_EDGE('',*,*,#2533,.T.);
#4415 = ORIENTED_EDGE('',*,*,#2502,.T.);
#4416 = ORIENTED_EDGE('',*,*,#2471,.T.);
#4417 = ORIENTED_EDGE('',*,*,#2440,.T.);
#4418 = ORIENTED_EDGE('',*,*,#2409,.T.);
#4419 = ORIENTED_EDGE('',*,*,#2378,.T.);
#4420 = ORIENTED_EDGE('',*,*,#2347,.T.);
#4421 = ORIENTED_EDGE('',*,*,#2316,.T.);
#4422 = ORIENTED_EDGE('',*,*,#2285,.T.);
#4423 = ORIENTED_EDGE('',*,*,#2254,.T.);
#4424 = ORIENTED_EDGE('',*,*,#2223,.T.);
#4425 = ORIENTED_EDGE('',*,*,#2192,.T.);
#4426 = ORIENTED_EDGE('',*,*,#2161,.T.);
#4427 = ORIENTED_EDGE('',*,*,#2130,.T.);
#4428 = ORIENTED_EDGE('',*,*,#2099,.T.);
#4429 = ORIENTED_EDGE('',*,*,#2068,.T.);
#4430 = ORIENTED_EDGE('',*,*,#2037,.T.);
#4431 = ORIENTED_EDGE('',*,*,#2006,.T.);
#4432 = ORIENTED_EDGE('',*,*,#1975,.T.);
#4433 = ORIENTED_EDGE('',*,*,#1944,.T.);
#4434 = ORIENTED_EDGE('',*,*,#1913,.T.);
#4435 = ORIENTED_EDGE('',*,*,#1882,.T.);
#4436 = ORIENTED_EDGE('',*,*,#1851,.T.);
#4437 = ORIENTED_EDGE('',*,*,#1820,.T.);
#4438 = ORIENTED_EDGE('',*,*,#1789,.T.);
#4439 = ORIENTED_EDGE('',*,*,#1758,.T.);
#4440 = ORIENTED_EDGE('',*,*,#1727,.T.);
#4441 = ORIENTED_EDGE('',*,*,#1696,.T.);
#4442 = ORIENTED_EDGE('',*,*,#1665,.T.);
#4443 = ORIENTED_EDGE('',*,*,#1634,.T.);
#4444 = ORIENTED_EDGE('',*,*,#1603,.T.);
#4445 = ORIENTED_EDGE('',*,*,#1572,.T.);
#4446 = ORIENTED_EDGE('',*,*,#1541,.T.);
#4447 = ORIENTED_EDGE('',*,*,#1510,.T.);
#4448 = ORIENTED_EDGE('',*,*,#1479,.T.);
#4449 = ORIENTED_EDGE('',*,*,#1448,.T.);
#4450 = ORIENTED_EDGE('',*,*,#1417,.T.);
#4451 = ORIENTED_EDGE('',*,*,#1386,.T.);
#4452 = ORIENTED_EDGE('',*,*,#1355,.T.);
#4453 = ORIENTED_EDGE('',*,*,#1324,.T.);
#4454 = ORIENTED_EDGE('',*,*,#1293,.T.);
#4455 = ORIENTED_EDGE('',*,*,#1262,.T.);
#4456 = ORIENTED_EDGE('',*,*,#1231,.T.);
#4457 = ORIENTED_EDGE('',*,*,#1200,.T.);
#4458 = ORIENTED_EDGE('',*,*,#1144,.T.);
#4459 = FACE_BOUND('',#4460,.T.);
#4460 = EDGE_LOOP('',(#4461));
#4461 = ORIENTED_EDGE('',*,*,#4302,.F.);
#4462 = PLANE('',#4463);
#4463 = AXIS2_PLACEMENT_3D('',#4464,#4465,#4466);
#4464 = CARTESIAN_POINT('',(19.635695147796,-67.43854414809,6.));
#4465 = DIRECTION('',(0.,0.,1.));
#4466 = DIRECTION('',(1.,0.,-0.));
#4467 = ( GEOMETRIC_REPRESENTATION_CONTEXT(3) 
GLOBAL_UNCERTAINTY_ASSIGNED_CONTEXT((#4471)) 
GLOBAL_UNIT_ASSIGNED_CONTEXT((#4468,#4469,#4470)) REPRESENTATION_CONTEXT
('Context #1','3D Context with UNIT and UNCERTAINTY') );
#4468 = ( LENGTH_UNIT() NAMED_UNIT(*) SI_UNIT(.MILLI.,.METRE.) );
#4469 = ( NAMED_UNIT(*) PLANE_ANGLE_UNIT() SI_UNIT($,.RADIAN.) );
#4470 = ( NAMED_UNIT(*) SI_UNIT($,.STERADIAN.) SOLID_ANGLE_UNIT() );
#4471 = UNCERTAINTY_MEASURE_WITH_UNIT(LENGTH_MEASURE(2.E-07),#4468,
  'distance_accuracy_value','confusion accuracy');
#4472 = PRODUCT_RELATED_PRODUCT_CATEGORY('part',$,(#7));
ENDSEC;
END-ISO-10303-21;
