ISO-10303-21;
HEADER;
FILE_DESCRIPTION(('FreeCAD Model'),'2;1');
FILE_NAME('Open CASCADE Shape Model','2026-09-20T08:41:17',('FreeCAD'),(
    'FreeCAD'),'Open CASCADE STEP processor 7.8','FreeCAD','Unknown');
FILE_SCHEMA(('AUTOMOTIVE_DESIGN { 1 0 10303 214 1 1 1 1 }'));
ENDSEC;
DATA;
#1 = APPLICATION_PROTOCOL_DEFINITION('international standard',
  'automotive_design',2000,#2);
#2 = APPLICATION_CONTEXT(
  'core data for automotive mechanical design processes');
#3 = SHAPE_DEFINITION_REPRESENTATION(#4,#10);
#4 = PRODUCT_DEFINITION_SHAPE('','',#5);
#5 = PRODUCT_DEFINITION('design','',#6,#9);
#6 = PRODUCT_DEFINITION_FORMATION('','',#7);
#7 = PRODUCT('Open CASCADE STEP translator 7.8 2',
  'Open CASCADE STEP translator 7.8 2','',(#8));
#8 = PRODUCT_CONTEXT('',#2,'mechanical');
#9 = PRODUCT_DEFINITION_CONTEXT('part definition',#2,'design');
#10 = ADVANCED_BREP_SHAPE_REPRESENTATION('',(#11,#15),#4397);
#11 = AXIS2_PLACEMENT_3D('',#12,#13,#14);
#12 = CARTESIAN_POINT('',(0.,0.,0.));
#13 = DIRECTION('',(0.,0.,1.));
#14 = DIRECTION('',(1.,0.,-0.));
#15 = MANIFOLD_SOLID_BREP('',#16);
#16 = CLOSED_SHELL('',(#17,#57,#88,#112,#316,#333,#400,#424,#480,#504,
    #528,#552,#1295,#1319,#1343,#1360,#1377,#1408,#1464,#1511,#1535,
    #1586,#1617,#1673,#1720,#1744,#1795,#1828,#1852,#1883,#1900,#1912,
    #1947,#1971,#2011,#2028,#2052,#2076,#2100,#2124,#2148,#2172,#2212,
    #2236,#2260,#2284,#2315,#2339,#2363,#2387,#2411,#2435,#2459,#2483,
    #2507,#2531,#2555,#2579,#2603,#2627,#2651,#2675,#2699,#2723,#2747,
    #2771,#2795,#2819,#2843,#2867,#2891,#2915,#2939,#2963,#2987,#3011,
    #3035,#3059,#3083,#3107,#3131,#3155,#3179,#3203,#3227,#3251,#3275,
    #3299,#3323,#3347,#3371,#3395,#3419,#3443,#3467,#3491,#3515,#3539,
    #3563,#3587,#3611,#3635,#3659,#3683,#3707,#3731,#3755,#3779,#3803,
    #3827,#3851,#3875,#3899,#3923,#3963,#3980,#4015,#4039,#4063,#4080,
    #4093,#4116,#4133,#4151,#4163,#4176,#4199,#4216,#4234,#4246,#4341,
    #4360,#4372,#4385));
#17 = ADVANCED_FACE('',(#18),#52,.F.);
#18 = FACE_BOUND('',#19,.F.);
#19 = EDGE_LOOP('',(#20,#30,#38,#46));
#20 = ORIENTED_EDGE('',*,*,#21,.F.);
#21 = EDGE_CURVE('',#22,#24,#26,.T.);
#22 = VERTEX_POINT('',#23);
#23 = CARTESIAN_POINT('',(-340.,-147.5,0.));
#24 = VERTEX_POINT('',#25);
#25 = CARTESIAN_POINT('',(-340.,147.5,0.));
#26 = LINE('',#27,#28);
#27 = CARTESIAN_POINT('',(-340.,-147.5,0.));
#28 = VECTOR('',#29,1.);
#29 = DIRECTION('',(0.,1.,0.));
#30 = ORIENTED_EDGE('',*,*,#31,.T.);
#31 = EDGE_CURVE('',#22,#32,#34,.T.);
#32 = VERTEX_POINT('',#33);
#33 = CARTESIAN_POINT('',(-140.,-147.5,0.));
#34 = LINE('',#35,#36);
#35 = CARTESIAN_POINT('',(-340.,-147.5,0.));
#36 = VECTOR('',#37,1.);
#37 = DIRECTION('',(1.,0.,0.));
#38 = ORIENTED_EDGE('',*,*,#39,.T.);
#39 = EDGE_CURVE('',#32,#40,#42,.T.);
#40 = VERTEX_POINT('',#41);
#41 = CARTESIAN_POINT('',(-140.,147.5,0.));
#42 = LINE('',#43,#44);
#43 = CARTESIAN_POINT('',(-140.,-147.5,0.));
#44 = VECTOR('',#45,1.);
#45 = DIRECTION('',(0.,1.,0.));
#46 = ORIENTED_EDGE('',*,*,#47,.F.);
#47 = EDGE_CURVE('',#24,#40,#48,.T.);
#48 = LINE('',#49,#50);
#49 = CARTESIAN_POINT('',(-340.,147.5,0.));
#50 = VECTOR('',#51,1.);
#51 = DIRECTION('',(1.,0.,0.));
#52 = PLANE('',#53);
#53 = AXIS2_PLACEMENT_3D('',#54,#55,#56);
#54 = CARTESIAN_POINT('',(-340.,-147.5,0.));
#55 = DIRECTION('',(0.,0.,1.));
#56 = DIRECTION('',(1.,0.,0.));
#57 = ADVANCED_FACE('',(#58),#83,.T.);
#58 = FACE_BOUND('',#59,.T.);
#59 = EDGE_LOOP('',(#60,#68,#76,#82));
#60 = ORIENTED_EDGE('',*,*,#61,.T.);
#61 = EDGE_CURVE('',#22,#62,#64,.T.);
#62 = VERTEX_POINT('',#63);
#63 = CARTESIAN_POINT('',(-340.,-147.5,14.));
#64 = LINE('',#65,#66);
#65 = CARTESIAN_POINT('',(-340.,-147.5,0.));
#66 = VECTOR('',#67,1.);
#67 = DIRECTION('',(0.,0.,1.));
#68 = ORIENTED_EDGE('',*,*,#69,.T.);
#69 = EDGE_CURVE('',#62,#70,#72,.T.);
#70 = VERTEX_POINT('',#71);
#71 = CARTESIAN_POINT('',(-340.,147.5,14.));
#72 = LINE('',#73,#74);
#73 = CARTESIAN_POINT('',(-340.,-147.5,14.));
#74 = VECTOR('',#75,1.);
#75 = DIRECTION('',(0.,1.,0.));
#76 = ORIENTED_EDGE('',*,*,#77,.F.);
#77 = EDGE_CURVE('',#24,#70,#78,.T.);
#78 = LINE('',#79,#80);
#79 = CARTESIAN_POINT('',(-340.,147.5,4.));
#80 = VECTOR('',#81,1.);
#81 = DIRECTION('',(0.,0.,1.));
#82 = ORIENTED_EDGE('',*,*,#21,.F.);
#83 = PLANE('',#84);
#84 = AXIS2_PLACEMENT_3D('',#85,#86,#87);
#85 = CARTESIAN_POINT('',(-340.,0.,7.));
#86 = DIRECTION('',(-1.,-0.,-0.));
#87 = DIRECTION('',(0.,0.,-1.));
#88 = ADVANCED_FACE('',(#89),#107,.T.);
#89 = FACE_BOUND('',#90,.T.);
#90 = EDGE_LOOP('',(#91,#92,#100,#106));
#91 = ORIENTED_EDGE('',*,*,#31,.T.);
#92 = ORIENTED_EDGE('',*,*,#93,.T.);
#93 = EDGE_CURVE('',#32,#94,#96,.T.);
#94 = VERTEX_POINT('',#95);
#95 = CARTESIAN_POINT('',(-140.,-147.5,14.));
#96 = LINE('',#97,#98);
#97 = CARTESIAN_POINT('',(-140.,-147.5,0.));
#98 = VECTOR('',#99,1.);
#99 = DIRECTION('',(0.,0.,1.));
#100 = ORIENTED_EDGE('',*,*,#101,.F.);
#101 = EDGE_CURVE('',#62,#94,#102,.T.);
#102 = LINE('',#103,#104);
#103 = CARTESIAN_POINT('',(-340.,-147.5,14.));
#104 = VECTOR('',#105,1.);
#105 = DIRECTION('',(1.,0.,0.));
#106 = ORIENTED_EDGE('',*,*,#61,.F.);
#107 = PLANE('',#108);
#108 = AXIS2_PLACEMENT_3D('',#109,#110,#111);
#109 = CARTESIAN_POINT('',(-240.,-147.5,7.));
#110 = DIRECTION('',(-0.,-1.,-0.));
#111 = DIRECTION('',(0.,0.,-1.));
#112 = ADVANCED_FACE('',(#113,#227,#269),#311,.T.);
#113 = FACE_BOUND('',#114,.T.);
#114 = EDGE_LOOP('',(#115,#116,#117,#125,#133,#141,#149,#157,#165,#173,
    #181,#189,#197,#205,#213,#221));
#115 = ORIENTED_EDGE('',*,*,#93,.F.);
#116 = ORIENTED_EDGE('',*,*,#39,.T.);
#117 = ORIENTED_EDGE('',*,*,#118,.T.);
#118 = EDGE_CURVE('',#40,#119,#121,.T.);
#119 = VERTEX_POINT('',#120);
#120 = CARTESIAN_POINT('',(-140.,147.5,14.));
#121 = LINE('',#122,#123);
#122 = CARTESIAN_POINT('',(-140.,147.5,4.));
#123 = VECTOR('',#124,1.);
#124 = DIRECTION('',(0.,0.,1.));
#125 = ORIENTED_EDGE('',*,*,#126,.F.);
#126 = EDGE_CURVE('',#127,#119,#129,.T.);
#127 = VERTEX_POINT('',#128);
#128 = CARTESIAN_POINT('',(-140.,139.5,14.));
#129 = LINE('',#130,#131);
#130 = CARTESIAN_POINT('',(-140.,139.5,14.));
#131 = VECTOR('',#132,1.);
#132 = DIRECTION('',(0.,1.,0.));
#133 = ORIENTED_EDGE('',*,*,#134,.F.);
#134 = EDGE_CURVE('',#135,#127,#137,.T.);
#135 = VERTEX_POINT('',#136);
#136 = CARTESIAN_POINT('',(-140.,139.5,4.));
#137 = LINE('',#138,#139);
#138 = CARTESIAN_POINT('',(-140.,139.5,4.));
#139 = VECTOR('',#140,1.);
#140 = DIRECTION('',(0.,0.,1.));
#141 = ORIENTED_EDGE('',*,*,#142,.F.);
#142 = EDGE_CURVE('',#143,#135,#145,.T.);
#143 = VERTEX_POINT('',#144);
#144 = CARTESIAN_POINT('',(-140.,115.,4.));
#145 = LINE('',#146,#147);
#146 = CARTESIAN_POINT('',(-140.,-147.5,4.));
#147 = VECTOR('',#148,1.);
#148 = DIRECTION('',(0.,1.,0.));
#149 = ORIENTED_EDGE('',*,*,#150,.T.);
#150 = EDGE_CURVE('',#143,#151,#153,.T.);
#151 = VERTEX_POINT('',#152);
#152 = CARTESIAN_POINT('',(-140.,115.,24.));
#153 = LINE('',#154,#155);
#154 = CARTESIAN_POINT('',(-140.,115.,4.));
#155 = VECTOR('',#156,1.);
#156 = DIRECTION('',(0.,0.,1.));
#157 = ORIENTED_EDGE('',*,*,#158,.F.);
#158 = EDGE_CURVE('',#159,#151,#161,.T.);
#159 = VERTEX_POINT('',#160);
#160 = CARTESIAN_POINT('',(-140.,65.,24.));
#161 = LINE('',#162,#163);
#162 = CARTESIAN_POINT('',(-140.,65.,24.));
#163 = VECTOR('',#164,1.);
#164 = DIRECTION('',(0.,1.,0.));
#165 = ORIENTED_EDGE('',*,*,#166,.F.);
#166 = EDGE_CURVE('',#167,#159,#169,.T.);
#167 = VERTEX_POINT('',#168);
#168 = CARTESIAN_POINT('',(-140.,65.,4.));
#169 = LINE('',#170,#171);
#170 = CARTESIAN_POINT('',(-140.,65.,4.));
#171 = VECTOR('',#172,1.);
#172 = DIRECTION('',(0.,0.,1.));
#173 = ORIENTED_EDGE('',*,*,#174,.F.);
#174 = EDGE_CURVE('',#175,#167,#177,.T.);
#175 = VERTEX_POINT('',#176);
#176 = CARTESIAN_POINT('',(-140.,-65.,4.));
#177 = LINE('',#178,#179);
#178 = CARTESIAN_POINT('',(-140.,-147.5,4.));
#179 = VECTOR('',#180,1.);
#180 = DIRECTION('',(0.,1.,0.));
#181 = ORIENTED_EDGE('',*,*,#182,.T.);
#182 = EDGE_CURVE('',#175,#183,#185,.T.);
#183 = VERTEX_POINT('',#184);
#184 = CARTESIAN_POINT('',(-140.,-65.,24.));
#185 = LINE('',#186,#187);
#186 = CARTESIAN_POINT('',(-140.,-65.,4.));
#187 = VECTOR('',#188,1.);
#188 = DIRECTION('',(0.,0.,1.));
#189 = ORIENTED_EDGE('',*,*,#190,.F.);
#190 = EDGE_CURVE('',#191,#183,#193,.T.);
#191 = VERTEX_POINT('',#192);
#192 = CARTESIAN_POINT('',(-140.,-115.,24.));
#193 = LINE('',#194,#195);
#194 = CARTESIAN_POINT('',(-140.,-115.,24.));
#195 = VECTOR('',#196,1.);
#196 = DIRECTION('',(0.,1.,0.));
#197 = ORIENTED_EDGE('',*,*,#198,.F.);
#198 = EDGE_CURVE('',#199,#191,#201,.T.);
#199 = VERTEX_POINT('',#200);
#200 = CARTESIAN_POINT('',(-140.,-115.,4.));
#201 = LINE('',#202,#203);
#202 = CARTESIAN_POINT('',(-140.,-115.,4.));
#203 = VECTOR('',#204,1.);
#204 = DIRECTION('',(0.,0.,1.));
#205 = ORIENTED_EDGE('',*,*,#206,.F.);
#206 = EDGE_CURVE('',#207,#199,#209,.T.);
#207 = VERTEX_POINT('',#208);
#208 = CARTESIAN_POINT('',(-140.,-139.5,4.));
#209 = LINE('',#210,#211);
#210 = CARTESIAN_POINT('',(-140.,-147.5,4.));
#211 = VECTOR('',#212,1.);
#212 = DIRECTION('',(0.,1.,0.));
#213 = ORIENTED_EDGE('',*,*,#214,.T.);
#214 = EDGE_CURVE('',#207,#215,#217,.T.);
#215 = VERTEX_POINT('',#216);
#216 = CARTESIAN_POINT('',(-140.,-139.5,14.));
#217 = LINE('',#218,#219);
#218 = CARTESIAN_POINT('',(-140.,-139.5,4.));
#219 = VECTOR('',#220,1.);
#220 = DIRECTION('',(0.,0.,1.));
#221 = ORIENTED_EDGE('',*,*,#222,.F.);
#222 = EDGE_CURVE('',#94,#215,#223,.T.);
#223 = LINE('',#224,#225);
#224 = CARTESIAN_POINT('',(-140.,-147.5,14.));
#225 = VECTOR('',#226,1.);
#226 = DIRECTION('',(0.,1.,0.));
#227 = FACE_BOUND('',#228,.T.);
#228 = EDGE_LOOP('',(#229,#239,#247,#255,#263));
#229 = ORIENTED_EDGE('',*,*,#230,.F.);
#230 = EDGE_CURVE('',#231,#233,#235,.T.);
#231 = VERTEX_POINT('',#232);
#232 = CARTESIAN_POINT('',(-140.,-102.,8.));
#233 = VERTEX_POINT('',#234);
#234 = CARTESIAN_POINT('',(-140.,-102.,4.));
#235 = LINE('',#236,#237);
#236 = CARTESIAN_POINT('',(-140.,-102.,6.));
#237 = VECTOR('',#238,1.);
#238 = DIRECTION('',(0.,0.,-1.));
#239 = ORIENTED_EDGE('',*,*,#240,.F.);
#240 = EDGE_CURVE('',#241,#231,#243,.T.);
#241 = VERTEX_POINT('',#242);
#242 = CARTESIAN_POINT('',(-140.,-90.,20.));
#243 = LINE('',#244,#245);
#244 = CARTESIAN_POINT('',(-140.,-100.25,9.75));
#245 = VECTOR('',#246,1.);
#246 = DIRECTION('',(0.,-0.707106781187,-0.707106781187));
#247 = ORIENTED_EDGE('',*,*,#248,.F.);
#248 = EDGE_CURVE('',#249,#241,#251,.T.);
#249 = VERTEX_POINT('',#250);
#250 = CARTESIAN_POINT('',(-140.,-78.,8.));
#251 = LINE('',#252,#253);
#252 = CARTESIAN_POINT('',(-140.,-86.25,16.25));
#253 = VECTOR('',#254,1.);
#254 = DIRECTION('',(0.,-0.707106781187,0.707106781187));
#255 = ORIENTED_EDGE('',*,*,#256,.F.);
#256 = EDGE_CURVE('',#257,#249,#259,.T.);
#257 = VERTEX_POINT('',#258);
#258 = CARTESIAN_POINT('',(-140.,-78.,4.));
#259 = LINE('',#260,#261);
#260 = CARTESIAN_POINT('',(-140.,-78.,4.));
#261 = VECTOR('',#262,1.);
#262 = DIRECTION('',(0.,0.,1.));
#263 = ORIENTED_EDGE('',*,*,#264,.F.);
#264 = EDGE_CURVE('',#233,#257,#265,.T.);
#265 = LINE('',#266,#267);
#266 = CARTESIAN_POINT('',(-140.,-147.5,4.));
#267 = VECTOR('',#268,1.);
#268 = DIRECTION('',(0.,1.,0.));
#269 = FACE_BOUND('',#270,.T.);
#270 = EDGE_LOOP('',(#271,#281,#289,#297,#305));
#271 = ORIENTED_EDGE('',*,*,#272,.F.);
#272 = EDGE_CURVE('',#273,#275,#277,.T.);
#273 = VERTEX_POINT('',#274);
#274 = CARTESIAN_POINT('',(-140.,78.,8.));
#275 = VERTEX_POINT('',#276);
#276 = CARTESIAN_POINT('',(-140.,78.,4.));
#277 = LINE('',#278,#279);
#278 = CARTESIAN_POINT('',(-140.,78.,6.));
#279 = VECTOR('',#280,1.);
#280 = DIRECTION('',(0.,0.,-1.));
#281 = ORIENTED_EDGE('',*,*,#282,.F.);
#282 = EDGE_CURVE('',#283,#273,#285,.T.);
#283 = VERTEX_POINT('',#284);
#284 = CARTESIAN_POINT('',(-140.,90.,20.));
#285 = LINE('',#286,#287);
#286 = CARTESIAN_POINT('',(-140.,79.75,9.75));
#287 = VECTOR('',#288,1.);
#288 = DIRECTION('',(0.,-0.707106781187,-0.707106781187));
#289 = ORIENTED_EDGE('',*,*,#290,.F.);
#290 = EDGE_CURVE('',#291,#283,#293,.T.);
#291 = VERTEX_POINT('',#292);
#292 = CARTESIAN_POINT('',(-140.,102.,8.));
#293 = LINE('',#294,#295);
#294 = CARTESIAN_POINT('',(-140.,93.75,16.25));
#295 = VECTOR('',#296,1.);
#296 = DIRECTION('',(0.,-0.707106781187,0.707106781187));
#297 = ORIENTED_EDGE('',*,*,#298,.F.);
#298 = EDGE_CURVE('',#299,#291,#301,.T.);
#299 = VERTEX_POINT('',#300);
#300 = CARTESIAN_POINT('',(-140.,102.,4.));
#301 = LINE('',#302,#303);
#302 = CARTESIAN_POINT('',(-140.,102.,4.));
#303 = VECTOR('',#304,1.);
#304 = DIRECTION('',(0.,0.,1.));
#305 = ORIENTED_EDGE('',*,*,#306,.F.);
#306 = EDGE_CURVE('',#275,#299,#307,.T.);
#307 = LINE('',#308,#309);
#308 = CARTESIAN_POINT('',(-140.,-147.5,4.));
#309 = VECTOR('',#310,1.);
#310 = DIRECTION('',(0.,1.,0.));
#311 = PLANE('',#312);
#312 = AXIS2_PLACEMENT_3D('',#313,#314,#315);
#313 = CARTESIAN_POINT('',(-140.,0.,6.735376044568));
#314 = DIRECTION('',(1.,0.,0.));
#315 = DIRECTION('',(0.,0.,1.));
#316 = ADVANCED_FACE('',(#317),#328,.T.);
#317 = FACE_BOUND('',#318,.T.);
#318 = EDGE_LOOP('',(#319,#320,#321,#327));
#319 = ORIENTED_EDGE('',*,*,#47,.F.);
#320 = ORIENTED_EDGE('',*,*,#77,.T.);
#321 = ORIENTED_EDGE('',*,*,#322,.T.);
#322 = EDGE_CURVE('',#70,#119,#323,.T.);
#323 = LINE('',#324,#325);
#324 = CARTESIAN_POINT('',(-340.,147.5,14.));
#325 = VECTOR('',#326,1.);
#326 = DIRECTION('',(1.,0.,0.));
#327 = ORIENTED_EDGE('',*,*,#118,.F.);
#328 = PLANE('',#329);
#329 = AXIS2_PLACEMENT_3D('',#330,#331,#332);
#330 = CARTESIAN_POINT('',(-240.,147.5,7.));
#331 = DIRECTION('',(0.,1.,0.));
#332 = DIRECTION('',(0.,0.,1.));
#333 = ADVANCED_FACE('',(#334),#395,.T.);
#334 = FACE_BOUND('',#335,.T.);
#335 = EDGE_LOOP('',(#336,#337,#338,#339,#347,#355,#363,#371,#379,#387,
    #393,#394));
#336 = ORIENTED_EDGE('',*,*,#69,.F.);
#337 = ORIENTED_EDGE('',*,*,#101,.T.);
#338 = ORIENTED_EDGE('',*,*,#222,.T.);
#339 = ORIENTED_EDGE('',*,*,#340,.F.);
#340 = EDGE_CURVE('',#341,#215,#343,.T.);
#341 = VERTEX_POINT('',#342);
#342 = CARTESIAN_POINT('',(-332.,-139.5,14.));
#343 = LINE('',#344,#345);
#344 = CARTESIAN_POINT('',(-340.,-139.5,14.));
#345 = VECTOR('',#346,1.);
#346 = DIRECTION('',(1.,0.,0.));
#347 = ORIENTED_EDGE('',*,*,#348,.T.);
#348 = EDGE_CURVE('',#341,#349,#351,.T.);
#349 = VERTEX_POINT('',#350);
#350 = CARTESIAN_POINT('',(-332.,139.5,14.));
#351 = LINE('',#352,#353);
#352 = CARTESIAN_POINT('',(-332.,-147.5,14.));
#353 = VECTOR('',#354,1.);
#354 = DIRECTION('',(0.,1.,0.));
#355 = ORIENTED_EDGE('',*,*,#356,.T.);
#356 = EDGE_CURVE('',#349,#357,#359,.T.);
#357 = VERTEX_POINT('',#358);
#358 = CARTESIAN_POINT('',(-227.1466367905,139.5,14.));
#359 = LINE('',#360,#361);
#360 = CARTESIAN_POINT('',(-340.,139.5,14.));
#361 = VECTOR('',#362,1.);
#362 = DIRECTION('',(1.,0.,0.));
#363 = ORIENTED_EDGE('',*,*,#364,.T.);
#364 = EDGE_CURVE('',#357,#365,#367,.T.);
#365 = VERTEX_POINT('',#366);
#366 = CARTESIAN_POINT('',(-224.8665325118,142.025978,14.));
#367 = LINE('',#368,#369);
#368 = CARTESIAN_POINT('',(-272.0860367968,89.714585880807,14.));
#369 = VECTOR('',#370,1.);
#370 = DIRECTION('',(0.67005572795,0.742310798414,0.));
#371 = ORIENTED_EDGE('',*,*,#372,.T.);
#372 = EDGE_CURVE('',#365,#373,#375,.T.);
#373 = VERTEX_POINT('',#374);
#374 = CARTESIAN_POINT('',(-221.7854431692,145.33914648954,14.));
#375 = LINE('',#376,#377);
#376 = CARTESIAN_POINT('',(-271.0290792576,92.386295968888,14.));
#377 = VECTOR('',#378,1.);
#378 = DIRECTION('',(0.680993992769,0.732289001565,0.));
#379 = ORIENTED_EDGE('',*,*,#380,.T.);
#380 = EDGE_CURVE('',#373,#381,#383,.T.);
#381 = VERTEX_POINT('',#382);
#382 = CARTESIAN_POINT('',(-215.5991291729,139.5,14.));
#383 = LINE('',#384,#385);
#384 = CARTESIAN_POINT('',(-181.4332786467,107.25149042228,14.));
#385 = VECTOR('',#386,1.);
#386 = DIRECTION('',(0.727217527524,-0.686407071396,0.));
#387 = ORIENTED_EDGE('',*,*,#388,.T.);
#388 = EDGE_CURVE('',#381,#127,#389,.T.);
#389 = LINE('',#390,#391);
#390 = CARTESIAN_POINT('',(-340.,139.5,14.));
#391 = VECTOR('',#392,1.);
#392 = DIRECTION('',(1.,0.,0.));
#393 = ORIENTED_EDGE('',*,*,#126,.T.);
#394 = ORIENTED_EDGE('',*,*,#322,.F.);
#395 = PLANE('',#396);
#396 = AXIS2_PLACEMENT_3D('',#397,#398,#399);
#397 = CARTESIAN_POINT('',(-277.8689956331,0.,14.));
#398 = DIRECTION('',(0.,0.,1.));
#399 = DIRECTION('',(1.,0.,0.));
#400 = ADVANCED_FACE('',(#401),#419,.F.);
#401 = FACE_BOUND('',#402,.F.);
#402 = EDGE_LOOP('',(#403,#411,#417,#418));
#403 = ORIENTED_EDGE('',*,*,#404,.F.);
#404 = EDGE_CURVE('',#405,#135,#407,.T.);
#405 = VERTEX_POINT('',#406);
#406 = CARTESIAN_POINT('',(-215.5991291729,139.5,4.));
#407 = LINE('',#408,#409);
#408 = CARTESIAN_POINT('',(-340.,139.5,4.));
#409 = VECTOR('',#410,1.);
#410 = DIRECTION('',(1.,0.,0.));
#411 = ORIENTED_EDGE('',*,*,#412,.T.);
#412 = EDGE_CURVE('',#405,#381,#413,.T.);
#413 = LINE('',#414,#415);
#414 = CARTESIAN_POINT('',(-215.5991291729,139.5,3.9));
#415 = VECTOR('',#416,1.);
#416 = DIRECTION('',(0.,0.,1.));
#417 = ORIENTED_EDGE('',*,*,#388,.T.);
#418 = ORIENTED_EDGE('',*,*,#134,.F.);
#419 = PLANE('',#420);
#420 = AXIS2_PLACEMENT_3D('',#421,#422,#423);
#421 = CARTESIAN_POINT('',(-340.,139.5,4.));
#422 = DIRECTION('',(0.,1.,0.));
#423 = DIRECTION('',(0.,0.,1.));
#424 = ADVANCED_FACE('',(#425),#475,.T.);
#425 = FACE_BOUND('',#426,.T.);
#426 = EDGE_LOOP('',(#427,#428,#436,#444,#452,#460,#468,#474));
#427 = ORIENTED_EDGE('',*,*,#404,.F.);
#428 = ORIENTED_EDGE('',*,*,#429,.T.);
#429 = EDGE_CURVE('',#405,#430,#432,.T.);
#430 = VERTEX_POINT('',#431);
#431 = CARTESIAN_POINT('',(-183.970131738,109.64597877695,4.));
#432 = LINE('',#433,#434);
#433 = CARTESIAN_POINT('',(-161.0485395396,88.010715080584,4.));
#434 = VECTOR('',#435,1.);
#435 = DIRECTION('',(0.727217527524,-0.686407071396,0.));
#436 = ORIENTED_EDGE('',*,*,#437,.T.);
#437 = EDGE_CURVE('',#430,#438,#440,.T.);
#438 = VERTEX_POINT('',#439);
#439 = CARTESIAN_POINT('',(-186.5258829368,106.89771886061,4.));
#440 = LINE('',#441,#442);
#441 = CARTESIAN_POINT('',(-285.5449983897,0.420114122851,4.));
#442 = VECTOR('',#443,1.);
#443 = DIRECTION('',(-0.680993992769,-0.732289001565,0.));
#444 = ORIENTED_EDGE('',*,*,#445,.T.);
#445 = EDGE_CURVE('',#438,#446,#448,.T.);
#446 = VERTEX_POINT('',#447);
#447 = CARTESIAN_POINT('',(-188.6186815515,104.5792445221,4.));
#448 = LINE('',#449,#450);
#449 = CARTESIAN_POINT('',(-285.5036193419,-2.753224294314,4.));
#450 = VECTOR('',#451,1.);
#451 = DIRECTION('',(-0.67005572795,-0.742310798414,0.));
#452 = ORIENTED_EDGE('',*,*,#453,.F.);
#453 = EDGE_CURVE('',#454,#446,#456,.T.);
#454 = VERTEX_POINT('',#455);
#455 = CARTESIAN_POINT('',(-165.,99.239914916026,4.));
#456 = LINE('',#457,#458);
#457 = CARTESIAN_POINT('',(-139.228250949,93.413854625259,4.));
#458 = VECTOR('',#459,1.);
#459 = DIRECTION('',(-0.975387035788,0.220499728835,0.));
#460 = ORIENTED_EDGE('',*,*,#461,.T.);
#461 = EDGE_CURVE('',#454,#462,#464,.T.);
#462 = VERTEX_POINT('',#463);
#463 = CARTESIAN_POINT('',(-165.,115.,4.));
#464 = LINE('',#465,#466);
#465 = CARTESIAN_POINT('',(-165.,65.,4.));
#466 = VECTOR('',#467,1.);
#467 = DIRECTION('',(0.,1.,0.));
#468 = ORIENTED_EDGE('',*,*,#469,.T.);
#469 = EDGE_CURVE('',#462,#143,#470,.T.);
#470 = LINE('',#471,#472);
#471 = CARTESIAN_POINT('',(-165.,115.,4.));
#472 = VECTOR('',#473,1.);
#473 = DIRECTION('',(1.,0.,0.));
#474 = ORIENTED_EDGE('',*,*,#142,.T.);
#475 = PLANE('',#476);
#476 = AXIS2_PLACEMENT_3D('',#477,#478,#479);
#477 = CARTESIAN_POINT('',(-340.,-147.5,4.));
#478 = DIRECTION('',(0.,0.,1.));
#479 = DIRECTION('',(1.,0.,0.));
#480 = ADVANCED_FACE('',(#481),#499,.T.);
#481 = FACE_BOUND('',#482,.T.);
#482 = EDGE_LOOP('',(#483,#484,#492,#498));
#483 = ORIENTED_EDGE('',*,*,#469,.F.);
#484 = ORIENTED_EDGE('',*,*,#485,.T.);
#485 = EDGE_CURVE('',#462,#486,#488,.T.);
#486 = VERTEX_POINT('',#487);
#487 = CARTESIAN_POINT('',(-165.,115.,24.));
#488 = LINE('',#489,#490);
#489 = CARTESIAN_POINT('',(-165.,115.,4.));
#490 = VECTOR('',#491,1.);
#491 = DIRECTION('',(0.,0.,1.));
#492 = ORIENTED_EDGE('',*,*,#493,.T.);
#493 = EDGE_CURVE('',#486,#151,#494,.T.);
#494 = LINE('',#495,#496);
#495 = CARTESIAN_POINT('',(-165.,115.,24.));
#496 = VECTOR('',#497,1.);
#497 = DIRECTION('',(1.,0.,0.));
#498 = ORIENTED_EDGE('',*,*,#150,.F.);
#499 = PLANE('',#500);
#500 = AXIS2_PLACEMENT_3D('',#501,#502,#503);
#501 = CARTESIAN_POINT('',(-165.,115.,4.));
#502 = DIRECTION('',(0.,1.,0.));
#503 = DIRECTION('',(0.,0.,1.));
#504 = ADVANCED_FACE('',(#505),#523,.T.);
#505 = FACE_BOUND('',#506,.T.);
#506 = EDGE_LOOP('',(#507,#515,#521,#522));
#507 = ORIENTED_EDGE('',*,*,#508,.F.);
#508 = EDGE_CURVE('',#509,#486,#511,.T.);
#509 = VERTEX_POINT('',#510);
#510 = CARTESIAN_POINT('',(-165.,65.,24.));
#511 = LINE('',#512,#513);
#512 = CARTESIAN_POINT('',(-165.,65.,24.));
#513 = VECTOR('',#514,1.);
#514 = DIRECTION('',(0.,1.,0.));
#515 = ORIENTED_EDGE('',*,*,#516,.T.);
#516 = EDGE_CURVE('',#509,#159,#517,.T.);
#517 = LINE('',#518,#519);
#518 = CARTESIAN_POINT('',(-165.,65.,24.));
#519 = VECTOR('',#520,1.);
#520 = DIRECTION('',(1.,0.,0.));
#521 = ORIENTED_EDGE('',*,*,#158,.T.);
#522 = ORIENTED_EDGE('',*,*,#493,.F.);
#523 = PLANE('',#524);
#524 = AXIS2_PLACEMENT_3D('',#525,#526,#527);
#525 = CARTESIAN_POINT('',(-165.,65.,24.));
#526 = DIRECTION('',(0.,0.,1.));
#527 = DIRECTION('',(1.,0.,0.));
#528 = ADVANCED_FACE('',(#529),#547,.F.);
#529 = FACE_BOUND('',#530,.F.);
#530 = EDGE_LOOP('',(#531,#539,#545,#546));
#531 = ORIENTED_EDGE('',*,*,#532,.F.);
#532 = EDGE_CURVE('',#533,#167,#535,.T.);
#533 = VERTEX_POINT('',#534);
#534 = CARTESIAN_POINT('',(-165.,65.,4.));
#535 = LINE('',#536,#537);
#536 = CARTESIAN_POINT('',(-165.,65.,4.));
#537 = VECTOR('',#538,1.);
#538 = DIRECTION('',(1.,0.,0.));
#539 = ORIENTED_EDGE('',*,*,#540,.T.);
#540 = EDGE_CURVE('',#533,#509,#541,.T.);
#541 = LINE('',#542,#543);
#542 = CARTESIAN_POINT('',(-165.,65.,4.));
#543 = VECTOR('',#544,1.);
#544 = DIRECTION('',(0.,0.,1.));
#545 = ORIENTED_EDGE('',*,*,#516,.T.);
#546 = ORIENTED_EDGE('',*,*,#166,.F.);
#547 = PLANE('',#548);
#548 = AXIS2_PLACEMENT_3D('',#549,#550,#551);
#549 = CARTESIAN_POINT('',(-165.,65.,4.));
#550 = DIRECTION('',(0.,1.,0.));
#551 = DIRECTION('',(0.,0.,1.));
#552 = ADVANCED_FACE('',(#553),#1290,.T.);
#553 = FACE_BOUND('',#554,.T.);
#554 = EDGE_LOOP('',(#555,#565,#571,#572,#580,#588,#596,#604,#612,#620,
    #626,#627,#628,#636,#644,#652,#660,#668,#676,#684,#692,#700,#708,
    #716,#724,#732,#740,#748,#756,#764,#772,#780,#788,#796,#804,#812,
    #820,#828,#836,#844,#852,#860,#868,#876,#884,#892,#900,#908,#916,
    #924,#932,#940,#948,#956,#964,#972,#980,#988,#996,#1004,#1012,#1020,
    #1028,#1036,#1044,#1052,#1060,#1068,#1076,#1084,#1092,#1100,#1108,
    #1116,#1124,#1132,#1140,#1148,#1156,#1164,#1172,#1180,#1188,#1196,
    #1204,#1212,#1220,#1228,#1236,#1244,#1252,#1260,#1268,#1276,#1284));
#555 = ORIENTED_EDGE('',*,*,#556,.F.);
#556 = EDGE_CURVE('',#557,#559,#561,.T.);
#557 = VERTEX_POINT('',#558);
#558 = CARTESIAN_POINT('',(-332.,-139.5,4.));
#559 = VERTEX_POINT('',#560);
#560 = CARTESIAN_POINT('',(-332.,139.5,4.));
#561 = LINE('',#562,#563);
#562 = CARTESIAN_POINT('',(-332.,-147.5,4.));
#563 = VECTOR('',#564,1.);
#564 = DIRECTION('',(0.,1.,0.));
#565 = ORIENTED_EDGE('',*,*,#566,.T.);
#566 = EDGE_CURVE('',#557,#207,#567,.T.);
#567 = LINE('',#568,#569);
#568 = CARTESIAN_POINT('',(-340.,-139.5,4.));
#569 = VECTOR('',#570,1.);
#570 = DIRECTION('',(1.,0.,0.));
#571 = ORIENTED_EDGE('',*,*,#206,.T.);
#572 = ORIENTED_EDGE('',*,*,#573,.F.);
#573 = EDGE_CURVE('',#574,#199,#576,.T.);
#574 = VERTEX_POINT('',#575);
#575 = CARTESIAN_POINT('',(-165.,-115.,4.));
#576 = LINE('',#577,#578);
#577 = CARTESIAN_POINT('',(-165.,-115.,4.));
#578 = VECTOR('',#579,1.);
#579 = DIRECTION('',(1.,0.,0.));
#580 = ORIENTED_EDGE('',*,*,#581,.T.);
#581 = EDGE_CURVE('',#574,#582,#584,.T.);
#582 = VERTEX_POINT('',#583);
#583 = CARTESIAN_POINT('',(-165.,-99.23991491602,4.));
#584 = LINE('',#585,#586);
#585 = CARTESIAN_POINT('',(-165.,-115.,4.));
#586 = VECTOR('',#587,1.);
#587 = DIRECTION('',(0.,1.,0.));
#588 = ORIENTED_EDGE('',*,*,#589,.T.);
#589 = EDGE_CURVE('',#582,#590,#592,.T.);
#590 = VERTEX_POINT('',#591);
#591 = CARTESIAN_POINT('',(-327.228250949,-135.9138546252,4.));
#592 = LINE('',#593,#594);
#593 = CARTESIAN_POINT('',(-139.228250949,-93.41385462525,4.));
#594 = VECTOR('',#595,1.);
#595 = DIRECTION('',(-0.975387035788,-0.220499728835,0.));
#596 = ORIENTED_EDGE('',*,*,#597,.F.);
#597 = EDGE_CURVE('',#598,#590,#600,.T.);
#598 = VERTEX_POINT('',#599);
#599 = CARTESIAN_POINT('',(-328.7717490509,-129.0861453747,4.));
#600 = LINE('',#601,#602);
#601 = CARTESIAN_POINT('',(-328.7717490509,-129.0861453747,4.));
#602 = VECTOR('',#603,1.);
#603 = DIRECTION('',(0.220499728835,-0.975387035788,0.));
#604 = ORIENTED_EDGE('',*,*,#605,.F.);
#605 = EDGE_CURVE('',#606,#598,#608,.T.);
#606 = VERTEX_POINT('',#607);
#607 = CARTESIAN_POINT('',(-165.,-92.06327657333,4.));
#608 = LINE('',#609,#610);
#609 = CARTESIAN_POINT('',(-140.7717490509,-86.58614537474,4.));
#610 = VECTOR('',#611,1.);
#611 = DIRECTION('',(-0.975387035788,-0.220499728835,0.));
#612 = ORIENTED_EDGE('',*,*,#613,.T.);
#613 = EDGE_CURVE('',#606,#614,#616,.T.);
#614 = VERTEX_POINT('',#615);
#615 = CARTESIAN_POINT('',(-165.,-65.,4.));
#616 = LINE('',#617,#618);
#617 = CARTESIAN_POINT('',(-165.,-115.,4.));
#618 = VECTOR('',#619,1.);
#619 = DIRECTION('',(0.,1.,0.));
#620 = ORIENTED_EDGE('',*,*,#621,.T.);
#621 = EDGE_CURVE('',#614,#175,#622,.T.);
#622 = LINE('',#623,#624);
#623 = CARTESIAN_POINT('',(-165.,-65.,4.));
#624 = VECTOR('',#625,1.);
#625 = DIRECTION('',(1.,0.,0.));
#626 = ORIENTED_EDGE('',*,*,#174,.T.);
#627 = ORIENTED_EDGE('',*,*,#532,.F.);
#628 = ORIENTED_EDGE('',*,*,#629,.T.);
#629 = EDGE_CURVE('',#533,#630,#632,.T.);
#630 = VERTEX_POINT('',#631);
#631 = CARTESIAN_POINT('',(-165.,92.063276573336,4.));
#632 = LINE('',#633,#634);
#633 = CARTESIAN_POINT('',(-165.,65.,4.));
#634 = VECTOR('',#635,1.);
#635 = DIRECTION('',(0.,1.,0.));
#636 = ORIENTED_EDGE('',*,*,#637,.T.);
#637 = EDGE_CURVE('',#630,#638,#640,.T.);
#638 = VERTEX_POINT('',#639);
#639 = CARTESIAN_POINT('',(-193.8184865788,98.578094018023,4.));
#640 = LINE('',#641,#642);
#641 = CARTESIAN_POINT('',(-140.7717490509,86.586145374741,4.));
#642 = VECTOR('',#643,1.);
#643 = DIRECTION('',(-0.975387035788,0.220499728835,0.));
#644 = ORIENTED_EDGE('',*,*,#645,.T.);
#645 = EDGE_CURVE('',#638,#646,#648,.T.);
#646 = VERTEX_POINT('',#647);
#647 = CARTESIAN_POINT('',(-193.9446259366,98.429730614289,4.));
#648 = LINE('',#649,#650);
#649 = CARTESIAN_POINT('',(-285.2662526392,-8.981529538411,4.));
#650 = VECTOR('',#651,1.);
#651 = DIRECTION('',(-0.647739236369,-0.761862114603,0.));
#652 = ORIENTED_EDGE('',*,*,#653,.T.);
#653 = EDGE_CURVE('',#646,#654,#656,.T.);
#654 = VERTEX_POINT('',#655);
#655 = CARTESIAN_POINT('',(-196.3328892442,95.534735772948,4.));
#656 = LINE('',#657,#658);
#657 = CARTESIAN_POINT('',(-285.0737253948,-12.03475292421,4.));
#658 = VECTOR('',#659,1.);
#659 = DIRECTION('',(-0.636365921066,-0.771387331051,0.));
#660 = ORIENTED_EDGE('',*,*,#661,.T.);
#661 = EDGE_CURVE('',#654,#662,#664,.T.);
#662 = VERTEX_POINT('',#663);
#663 = CARTESIAN_POINT('',(-198.6779432071,92.604630200017,4.));
#664 = LINE('',#665,#666);
#665 = CARTESIAN_POINT('',(-284.8343016418,-15.04629382055,4.));
#666 = VECTOR('',#667,1.);
#667 = DIRECTION('',(-0.624852553048,-0.780742778993,0.));
#668 = ORIENTED_EDGE('',*,*,#669,.T.);
#669 = EDGE_CURVE('',#662,#670,#672,.T.);
#670 = VERTEX_POINT('',#671);
#671 = CARTESIAN_POINT('',(-200.9792717212,89.640058759137,4.));
#672 = LINE('',#673,#674);
#673 = CARTESIAN_POINT('',(-284.5497474712,-18.01542988291,4.));
#674 = VECTOR('',#675,1.);
#675 = DIRECTION('',(-0.613201666199,-0.789926399465,0.));
#676 = ORIENTED_EDGE('',*,*,#677,.T.);
#677 = EDGE_CURVE('',#670,#678,#680,.T.);
#678 = VERTEX_POINT('',#679);
#679 = CARTESIAN_POINT('',(-203.2363683053,86.641673899265,4.));
#680 = LINE('',#681,#682);
#681 = CARTESIAN_POINT('',(-284.221839919,-20.94149895562,4.));
#682 = VECTOR('',#683,1.);
#683 = DIRECTION('',(-0.60141582467,-0.798936171315,0.));
#684 = ORIENTED_EDGE('',*,*,#685,.T.);
#685 = EDGE_CURVE('',#678,#686,#688,.T.);
#686 = VERTEX_POINT('',#687);
#687 = CARTESIAN_POINT('',(-205.4487362129,83.610135511086,4.));
#688 = LINE('',#689,#690);
#689 = CARTESIAN_POINT('',(-283.8523650659,-23.82389922524,4.));
#690 = VECTOR('',#691,1.);
#691 = DIRECTION('',(-0.589497622315,-0.807770111656,0.));
#692 = ORIENTED_EDGE('',*,*,#693,.T.);
#693 = EDGE_CURVE('',#686,#694,#696,.T.);
#694 = VERTEX_POINT('',#695);
#695 = CARTESIAN_POINT('',(-207.6158885417,80.546110781781,4.));
#696 = LINE('',#697,#698);
#697 = CARTESIAN_POINT('',(-283.4431161358,-26.66208931588,4.));
#698 = VECTOR('',#699,1.);
#699 = DIRECTION('',(-0.577449682115,-0.816426276295,0.));
#700 = ORIENTED_EDGE('',*,*,#701,.T.);
#701 = EDGE_CURVE('',#694,#702,#704,.T.);
#702 = VERTEX_POINT('',#703);
#703 = CARTESIAN_POINT('',(-209.7373483402,77.450274048192,4.));
#704 = LINE('',#705,#706);
#705 = CARTESIAN_POINT('',(-282.9958915942,-29.4555883265,4.));
#706 = VECTOR('',#707,1.);
#707 = DIRECTION('',(-0.565274655605,-0.824902760167,0.));
#708 = ORIENTED_EDGE('',*,*,#709,.T.);
#709 = EDGE_CURVE('',#702,#710,#712,.T.);
#710 = VERTEX_POINT('',#711);
#711 = CARTESIAN_POINT('',(-211.8126487133,74.323306648412,4.));
#712 = LINE('',#713,#714);
#713 = CARTESIAN_POINT('',(-282.5124932481,-32.20397581024,4.));
#714 = VECTOR('',#715,1.);
#715 = DIRECTION('',(-0.55297522229,-0.833197697748,0.));
#716 = ORIENTED_EDGE('',*,*,#717,.T.);
#717 = EDGE_CURVE('',#710,#718,#720,.T.);
#718 = VERTEX_POINT('',#719);
#719 = CARTESIAN_POINT('',(-213.8413329246,71.165896771833,4.));
#720 = LINE('',#721,#722);
#721 = CARTESIAN_POINT('',(-281.9947243505,-34.90689169585,4.));
#722 = VECTOR('',#723,1.);
#723 = DIRECTION('',(-0.540554089056,-0.841309263473,0.));
#724 = ORIENTED_EDGE('',*,*,#725,.T.);
#725 = EDGE_CURVE('',#718,#726,#728,.T.);
#726 = VERTEX_POINT('',#727);
#727 = CARTESIAN_POINT('',(-215.8229544971,67.978739307693,4.));
#728 = LINE('',#729,#730);
#729 = CARTESIAN_POINT('',(-281.4443877096,-37.56403615143,4.));
#730 = VECTOR('',#731,1.);
#731 = DIRECTION('',(-0.528013989569,-0.849235672131,0.));
#732 = ORIENTED_EDGE('',*,*,#733,.T.);
#733 = EDGE_CURVE('',#726,#734,#736,.T.);
#734 = VERTEX_POINT('',#735);
#735 = CARTESIAN_POINT('',(-217.7570773115,64.762535692137,4.));
#736 = LINE('',#737,#738);
#737 = CARTESIAN_POINT('',(-280.8632838052,-40.17516939075,4.));
#738 = VECTOR('',#739,1.);
#739 = DIRECTION('',(-0.515357683682,-0.856975179261,0.));
#740 = ORIENTED_EDGE('',*,*,#741,.T.);
#741 = EDGE_CURVE('',#734,#742,#744,.T.);
#742 = VERTEX_POINT('',#743);
#743 = CARTESIAN_POINT('',(-219.643275702,61.517993753848,4.));
#744 = LINE('',#745,#746);
#745 = CARTESIAN_POINT('',(-280.2532089144,-42.74011142228,4.));
#746 = VECTOR('',#747,1.);
#747 = DIRECTION('',(-0.50258795682,-0.864526081538,0.));
#748 = ORIENTED_EDGE('',*,*,#749,.T.);
#749 = EDGE_CURVE('',#742,#750,#752,.T.);
#750 = VERTEX_POINT('',#751);
#751 = CARTESIAN_POINT('',(-221.4811345503,58.245827558266,4.));
#752 = LINE('',#753,#754);
#753 = CARTESIAN_POINT('',(-279.6159532475,-45.25874174139,4.));
#754 = VECTOR('',#755,1.);
#755 = DIRECTION('',(-0.48970761937,-0.871886717143,0.));
#756 = ORIENTED_EDGE('',*,*,#757,.T.);
#757 = EDGE_CURVE('',#750,#758,#760,.T.);
#758 = VERTEX_POINT('',#759);
#759 = CARTESIAN_POINT('',(-223.2702493766,54.946757250432,4.));
#760 = LINE('',#761,#762);
#761 = CARTESIAN_POINT('',(-278.9532990966,-47.73099896606,4.));
#762 = VECTOR('',#763,1.);
#763 = DIRECTION('',(-0.476719506064,-0.879055466133,0.));
#764 = ORIENTED_EDGE('',*,*,#765,.T.);
#765 = EDGE_CURVE('',#758,#766,#768,.T.);
#766 = VERTEX_POINT('',#767);
#767 = CARTESIAN_POINT('',(-225.0102264289,51.6215088965,4.));
#768 = LINE('',#769,#770);
#769 = CARTESIAN_POINT('',(-278.2670189972,-50.15688041646,4.));
#770 = VECTOR('',#771,1.);
#771 = DIRECTION('',(-0.463626475352,-0.886030750794,0.));
#772 = ORIENTED_EDGE('',*,*,#773,.T.);
#773 = EDGE_CURVE('',#766,#774,#776,.T.);
#774 = VERTEX_POINT('',#775);
#775 = CARTESIAN_POINT('',(-226.7006827695,48.270814323944,4.));
#776 = LINE('',#777,#778);
#777 = CARTESIAN_POINT('',(-277.5588739068,-52.53644163891,4.));
#778 = VECTOR('',#779,1.);
#779 = DIRECTION('',(-0.450431408775,-0.892811035992,0.));
#780 = ORIENTED_EDGE('',*,*,#781,.T.);
#781 = EDGE_CURVE('',#774,#782,#784,.T.);
#782 = VERTEX_POINT('',#783);
#783 = CARTESIAN_POINT('',(-228.3412463591,44.89541096049,4.));
#784 = LINE('',#785,#786);
#785 = CARTESIAN_POINT('',(-276.8306114002,-54.86979587484,4.));
#786 = VECTOR('',#787,1.);
#787 = DIRECTION('',(-0.43713721033,-0.899394829508,0.));
#788 = ORIENTED_EDGE('',*,*,#789,.T.);
#789 = EDGE_CURVE('',#782,#790,#792,.T.);
#790 = VERTEX_POINT('',#791);
#791 = CARTESIAN_POINT('',(-229.9315561394,41.496041671829,4.));
#792 = LINE('',#793,#794);
#793 = CARTESIAN_POINT('',(-276.083963883,-57.15711347515,4.));
#794 = VECTOR('',#795,1.);
#795 = DIRECTION('',(-0.423746805832,-0.905780682366,0.));
#796 = ORIENTED_EDGE('',*,*,#797,.T.);
#797 = EDGE_CURVE('',#790,#798,#800,.T.);
#798 = VERTEX_POINT('',#799);
#799 = CARTESIAN_POINT('',(-231.4712621115,38.073454598121,4.));
#800 = LINE('',#801,#802);
#801 = CARTESIAN_POINT('',(-275.3206468272,-59.39862126071,4.));
#802 = VECTOR('',#803,1.);
#803 = DIRECTION('',(-0.410263142269,-0.911967189155,0.));
#804 = ORIENTED_EDGE('',*,*,#805,.T.);
#805 = EDGE_CURVE('',#798,#806,#808,.T.);
#806 = VERTEX_POINT('',#807);
#807 = CARTESIAN_POINT('',(-232.960025414,34.628402989341,4.));
#808 = LINE('',#809,#810);
#809 = CARTESIAN_POINT('',(-274.542357028,-61.59460182965,4.));
#810 = VECTOR('',#811,1.);
#811 = DIRECTION('',(-0.396689187153,-0.917952988336,0.));
#812 = ORIENTED_EDGE('',*,*,#813,.T.);
#813 = EDGE_CURVE('',#806,#814,#816,.T.);
#814 = VERTEX_POINT('',#815);
#815 = CARTESIAN_POINT('',(-234.3975183966,31.161645039509,4.));
#816 = LINE('',#817,#818);
#817 = CARTESIAN_POINT('',(-273.7507708841,-63.74539281216,4.));
#818 = VECTOR('',#819,1.);
#819 = DIRECTION('',(-0.383027927868,-0.923736762543,0.));
#820 = ORIENTED_EDGE('',*,*,#821,.T.);
#821 = EDGE_CURVE('',#814,#822,#824,.T.);
#822 = VERTEX_POINT('',#823);
#823 = CARTESIAN_POINT('',(-235.783424693,27.673943719819,4.));
#824 = LINE('',#825,#826);
#825 = CARTESIAN_POINT('',(-272.9475427047,-65.8513860735,4.));
#826 = VECTOR('',#827,1.);
#827 = DIRECTION('',(-0.369282371011,-0.92931723887,0.));
#828 = ORIENTED_EDGE('',*,*,#829,.T.);
#829 = EDGE_CURVE('',#822,#830,#832,.T.);
#830 = VERTEX_POINT('',#831);
#831 = CARTESIAN_POINT('',(-237.1174392901,24.166066610724,4.));
#832 = LINE('',#833,#834);
#833 = CARTESIAN_POINT('',(-272.1343030417,-67.91302686618,4.));
#834 = VECTOR('',#835,1.);
#835 = DIRECTION('',(-0.355455541733,-0.934693189154,0.));
#836 = ORIENTED_EDGE('',*,*,#837,.T.);
#837 = EDGE_CURVE('',#830,#838,#840,.T.);
#838 = VERTEX_POINT('',#839);
#839 = CARTESIAN_POINT('',(-238.3992685952,20.638785733007,4.));
#840 = LINE('',#841,#842);
#841 = CARTESIAN_POINT('',(-271.3126570516,-69.93081293196,4.));
#842 = VECTOR('',#843,1.);
#843 = DIRECTION('',(-0.341550483072,-0.939863430246,0.));
#844 = ORIENTED_EDGE('',*,*,#845,.T.);
#845 = EDGE_CURVE('',#838,#846,#848,.T.);
#846 = VERTEX_POINT('',#847);
#847 = CARTESIAN_POINT('',(-239.6286305008,17.092877377874,4.));
#848 = LINE('',#849,#850);
#849 = CARTESIAN_POINT('',(-270.4841828867,-71.9052935548,4.));
#850 = VECTOR('',#851,1.);
#851 = DIRECTION('',(-0.32757025528,-0.944826824268,0.));
#852 = ORIENTED_EDGE('',*,*,#853,.T.);
#853 = EDGE_CURVE('',#846,#854,#856,.T.);
#854 = VERTEX_POINT('',#855);
#855 = CARTESIAN_POINT('',(-240.8052544462,13.5291219361,4.));
#856 = LINE('',#857,#858);
#857 = CARTESIAN_POINT('',(-269.6504301177,-73.83706856549,4.));
#858 = VECTOR('',#859,1.);
#859 = DIRECTION('',(-0.313517935154,-0.949582278866,0.));
#860 = ORIENTED_EDGE('',*,*,#861,.T.);
#861 = EDGE_CURVE('',#854,#862,#864,.T.);
#862 = VERTEX_POINT('',#863);
#863 = CARTESIAN_POINT('',(-241.9288814778,9.948303726288,4.));
#864 = LINE('',#865,#866);
#865 = CARTESIAN_POINT('',(-268.812918189,-75.72678729913,4.));
#866 = VECTOR('',#867,1.);
#867 = DIRECTION('',(-0.29939661536,-0.95412874745,0.));
#868 = ORIENTED_EDGE('',*,*,#869,.T.);
#869 = EDGE_CURVE('',#862,#870,#872,.T.);
#870 = VERTEX_POINT('',#871);
#871 = CARTESIAN_POINT('',(-242.9992643053,6.351210822246,4.));
#872 = LINE('',#873,#874);
#873 = CARTESIAN_POINT('',(-267.9731349085,-77.57514750633,4.));
#874 = VECTOR('',#875,1.);
#875 = DIRECTION('',(-0.285209403744,-0.958465229425,0.));
#876 = ORIENTED_EDGE('',*,*,#877,.T.);
#877 = EDGE_CURVE('',#870,#878,#880,.T.);
#878 = VERTEX_POINT('',#879);
#879 = CARTESIAN_POINT('',(-244.0161673568,2.738634879554,4.));
#880 = LINE('',#881,#882);
#881 = CARTESIAN_POINT('',(-267.1325349728,-79.38289421941,4.));
#882 = VECTOR('',#883,1.);
#883 = DIRECTION('',(-0.270959422659,-0.962590770407,0.));
#884 = ORIENTED_EDGE('',*,*,#885,.T.);
#885 = EDGE_CURVE('',#878,#886,#888,.T.);
#886 = VERTEX_POINT('',#887);
#887 = CARTESIAN_POINT('',(-244.9793668301,-0.888629038672,4.));
#888 = LINE('',#889,#890);
#889 = CARTESIAN_POINT('',(-266.2925385288,-81.15081857442,4.));
#890 = VECTOR('',#891,1.);
#891 = DIRECTION('',(-0.256649808268,-0.96650446244,0.));
#892 = ORIENTED_EDGE('',*,*,#893,.T.);
#893 = EDGE_CURVE('',#886,#894,#896,.T.);
#894 = VERTEX_POINT('',#895);
#895 = CARTESIAN_POINT('',(-245.8886507423,-4.529782636756,4.));
#896 = LINE('',#897,#898);
#897 = CARTESIAN_POINT('',(-265.4545297741,-82.87975659043,4.));
#898 = VECTOR('',#899,1.);
#899 = DIRECTION('',(-0.242283709862,-0.97020544419,0.));
#900 = ORIENTED_EDGE('',*,*,#901,.T.);
#901 = EDGE_CURVE('',#894,#902,#904,.T.);
#902 = VERTEX_POINT('',#903);
#903 = CARTESIAN_POINT('',(-246.7438189763,-8.184024562152,4.));
#904 = LINE('',#905,#906);
#905 = CARTESIAN_POINT('',(-264.6198555969,-84.57058790708,4.));
#906 = VECTOR('',#907,1.);
#907 = DIRECTION('',(-0.22786428916,-0.973692901138,0.));
#908 = ORIENTED_EDGE('',*,*,#909,.T.);
#909 = EDGE_CURVE('',#902,#910,#912,.T.);
#910 = VERTEX_POINT('',#911);
#911 = CARTESIAN_POINT('',(-247.544683325,-11.8505505818,4.));
#912 = LINE('',#913,#914);
#913 = CARTESIAN_POINT('',(-263.7898242558,-86.22423448172,4.));
#914 = VECTOR('',#915,1.);
#915 = DIRECTION('',(-0.213394719619,-0.976966065756,0.));
#916 = ORIENTED_EDGE('',*,*,#917,.T.);
#917 = EDGE_CURVE('',#910,#918,#920,.T.);
#918 = VERTEX_POINT('',#919);
#919 = CARTESIAN_POINT('',(-248.2910675325,-15.52855375916,4.));
#920 = LINE('',#921,#922);
#921 = CARTESIAN_POINT('',(-262.9657041022,-87.84165924735,4.));
#922 = VECTOR('',#923,1.);
#923 = DIRECTION('',(-0.19887818573,-0.980024217681,0.));
#924 = ORIENTED_EDGE('',*,*,#925,.T.);
#925 = EDGE_CURVE('',#918,#926,#928,.T.);
#926 = VERTEX_POINT('',#927);
#927 = CARTESIAN_POINT('',(-248.982807333,-19.21722463174,4.));
#928 = LINE('',#929,#930);
#929 = CARTESIAN_POINT('',(-262.1487223455,-89.42386473267,4.));
#930 = VECTOR('',#931,1.);
#931 = DIRECTION('',(-0.184317882323,-0.982866683867,0.));
#932 = ORIENTED_EDGE('',*,*,#933,.T.);
#933 = EDGE_CURVE('',#926,#934,#936,.T.);
#934 = VERTEX_POINT('',#935);
#935 = CARTESIAN_POINT('',(-249.619750487,-22.91575138929,4.));
#936 = LINE('',#937,#938);
#937 = CARTESIAN_POINT('',(-261.3400638621,-90.97189164558,4.));
#938 = VECTOR('',#939,1.);
#939 = DIRECTION('',(-0.169717013858,-0.98549283874,0.));
#940 = ORIENTED_EDGE('',*,*,#941,.T.);
#941 = EDGE_CURVE('',#934,#942,#944,.T.);
#942 = VERTEX_POINT('',#943);
#943 = CARTESIAN_POINT('',(-300.9294305686,-14.47082806693,4.));
#944 = LINE('',#945,#946);
#945 = CARTESIAN_POINT('',(-309.2907571869,-13.09465963142,4.));
#946 = VECTOR('',#947,1.);
#947 = DIRECTION('',(-0.986724616954,0.162402371584,0.));
#948 = ORIENTED_EDGE('',*,*,#949,.T.);
#949 = EDGE_CURVE('',#942,#950,#952,.T.);
#950 = VERTEX_POINT('',#951);
#951 = CARTESIAN_POINT('',(-300.1615628808,-10.01206409124,4.));
#952 = LINE('',#953,#954);
#953 = CARTESIAN_POINT('',(-312.2330789664,-80.10752703084,4.));
#954 = VECTOR('',#955,1.);
#955 = DIRECTION('',(0.169717013858,0.98549283874,0.));
#956 = ORIENTED_EDGE('',*,*,#957,.T.);
#957 = EDGE_CURVE('',#950,#958,#960,.T.);
#958 = VERTEX_POINT('',#959);
#959 = CARTESIAN_POINT('',(-299.3276350211,-5.565181891116,4.));
#960 = LINE('',#961,#962);
#961 = CARTESIAN_POINT('',(-312.8749669486,-77.80571026022,4.));
#962 = VECTOR('',#963,1.);
#963 = DIRECTION('',(0.184317882323,0.982866683867,0.));
#964 = ORIENTED_EDGE('',*,*,#965,.T.);
#965 = EDGE_CURVE('',#958,#966,#968,.T.);
#966 = VERTEX_POINT('',#967);
#967 = CARTESIAN_POINT('',(-298.427830522,-1.131160145514,4.));
#968 = LINE('',#969,#970);
#969 = CARTESIAN_POINT('',(-313.5140142684,-75.47227186444,4.));
#970 = VECTOR('',#971,1.);
#971 = DIRECTION('',(0.19887818573,0.980024217681,0.));
#972 = ORIENTED_EDGE('',*,*,#973,.T.);
#973 = EDGE_CURVE('',#966,#974,#976,.T.);
#974 = VERTEX_POINT('',#975);
#975 = CARTESIAN_POINT('',(-297.4623474145,3.289025296973,4.));
#976 = LINE('',#977,#978);
#977 = CARTESIAN_POINT('',(-314.1490752093,-73.10633646848,4.));
#978 = VECTOR('',#979,1.);
#979 = DIRECTION('',(0.213394719619,0.976966065756,0.));
#980 = ORIENTED_EDGE('',*,*,#981,.T.);
#981 = EDGE_CURVE('',#974,#982,#984,.T.);
#982 = VERTEX_POINT('',#983);
#983 = CARTESIAN_POINT('',(-296.4313981839,7.694401632876,4.));
#984 = LINE('',#985,#986);
#985 = CARTESIAN_POINT('',(-314.7789641706,-70.70706627737,4.));
#986 = VECTOR('',#987,1.);
#987 = DIRECTION('',(0.22786428916,0.973692901138,0.));
#988 = ORIENTED_EDGE('',*,*,#989,.T.);
#989 = EDGE_CURVE('',#982,#990,#992,.T.);
#990 = VERTEX_POINT('',#991);
#991 = CARTESIAN_POINT('',(-295.3352097237,12.083999317941,4.));
#992 = LINE('',#993,#994);
#993 = CARTESIAN_POINT('',(-315.4024568486,-68.27366245652,4.));
#994 = VECTOR('',#995,1.);
#995 = DIRECTION('',(0.242283709862,0.97020544419,0.));
#996 = ORIENTED_EDGE('',*,*,#997,.T.);
#997 = EDGE_CURVE('',#990,#998,#1000,.T.);
#998 = VERTEX_POINT('',#999);
#999 = CARTESIAN_POINT('',(-294.1740232853,16.456852280515,4.));
#1000 = LINE('',#1001,#1002);
#1001 = CARTESIAN_POINT('',(-316.0182914619,-65.80536647543,4.));
#1002 = VECTOR('',#1003,1.);
#1003 = DIRECTION('',(0.256649808268,0.96650446244,0.));
#1004 = ORIENTED_EDGE('',*,*,#1005,.T.);
#1005 = EDGE_CURVE('',#998,#1006,#1008,.T.);
#1006 = VERTEX_POINT('',#1007);
#1007 = CARTESIAN_POINT('',(-292.948094425,20.811998134155,4.));
#1008 = LINE('',#1009,#1010);
#1009 = CARTESIAN_POINT('',(-316.6251700189,-63.30146141389,4.));
#1010 = VECTOR('',#1011,1.);
#1011 = DIRECTION('',(0.270959422659,0.962590770407,0.));
#1012 = ORIENTED_EDGE('',*,*,#1013,.T.);
#1013 = EDGE_CURVE('',#1006,#1014,#1016,.T.);
#1014 = VERTEX_POINT('',#1015);
#1015 = CARTESIAN_POINT('',(-291.6576929477,25.148478389439,4.));
#1016 = LINE('',#1017,#1018);
#1017 = CARTESIAN_POINT('',(-317.2217596271,-60.76127322897,4.));
#1018 = VECTOR('',#1019,1.);
#1019 = DIRECTION('',(0.285209403744,0.958465229425,0.));
#1020 = ORIENTED_EDGE('',*,*,#1021,.T.);
#1021 = EDGE_CURVE('',#1014,#1022,#1024,.T.);
#1022 = VERTEX_POINT('',#1023);
#1023 = CARTESIAN_POINT('',(-290.3031028477,29.465338664903,4.));
#1024 = LINE('',#1025,#1026);
#1025 = CARTESIAN_POINT('',(-317.8066938418,-58.18417198183,4.));
#1026 = VECTOR('',#1027,1.);
#1027 = DIRECTION('',(0.29939661536,0.95412874745,0.));
#1028 = ORIENTED_EDGE('',*,*,#1029,.T.);
#1029 = EDGE_CURVE('',#1022,#1030,#1032,.T.);
#1030 = VERTEX_POINT('',#1031);
#1031 = CARTESIAN_POINT('',(-288.8846222458,33.761628897092,4.));
#1032 = LINE('',#1033,#1034);
#1033 = CARTESIAN_POINT('',(-318.3785740541,-55.56957302299,4.));
#1034 = VECTOR('',#1035,1.);
#1035 = DIRECTION('',(0.313517935154,0.949582278866,0.));
#1036 = ORIENTED_EDGE('',*,*,#1037,.T.);
#1037 = EDGE_CURVE('',#1030,#1038,#1040,.T.);
#1038 = VERTEX_POINT('',#1039);
#1039 = CARTESIAN_POINT('',(-287.4025633243,38.036403549647,4.));
#1040 = LINE('',#1041,#1042);
#1041 = CARTESIAN_POINT('',(-318.935970917,-52.91693813495,4.));
#1042 = VECTOR('',#1043,1.);
#1043 = DIRECTION('',(0.32757025528,0.944826824268,0.));
#1044 = ORIENTED_EDGE('',*,*,#1045,.T.);
#1045 = EDGE_CURVE('',#1038,#1046,#1048,.T.);
#1046 = VERTEX_POINT('',#1047);
#1047 = CARTESIAN_POINT('',(-285.8572522577,42.288721821402,4.));
#1048 = LINE('',#1049,#1050);
#1049 = CARTESIAN_POINT('',(-319.477425807,-50.22577663094,4.));
#1050 = VECTOR('',#1051,1.);
#1051 = DIRECTION('',(0.341550483072,0.939863430246,0.));
#1052 = ORIENTED_EDGE('',*,*,#1053,.T.);
#1053 = EDGE_CURVE('',#1046,#1054,#1056,.T.);
#1054 = VERTEX_POINT('',#1055);
#1055 = CARTESIAN_POINT('',(-284.2490291411,46.517647853437,4.));
#1056 = LINE('',#1057,#1058);
#1057 = CARTESIAN_POINT('',(-320.0014523211,-47.49564640875,4.));
#1058 = VECTOR('',#1059,1.);
#1059 = DIRECTION('',(0.355455541733,0.934693189154,0.));
#1060 = ORIENTED_EDGE('',*,*,#1061,.T.);
#1061 = EDGE_CURVE('',#1054,#1062,#1064,.T.);
#1062 = VERTEX_POINT('',#1063);
#1063 = CARTESIAN_POINT('',(-282.5782479157,50.722250935045,4.));
#1064 = LINE('',#1065,#1066);
#1065 = CARTESIAN_POINT('',(-320.5065378079,-44.7261549586,4.));
#1066 = VECTOR('',#1067,1.);
#1067 = DIRECTION('',(0.369282371011,0.92931723887,0.));
#1068 = ORIENTED_EDGE('',*,*,#1069,.T.);
#1069 = EDGE_CURVE('',#1062,#1070,#1072,.T.);
#1070 = VERTEX_POINT('',#1071);
#1071 = CARTESIAN_POINT('',(-280.8452762905,54.901605708563,4.));
#1072 = LINE('',#1073,#1074);
#1073 = CARTESIAN_POINT('',(-320.99114493,-41.91696032394,4.));
#1074 = VECTOR('',#1075,1.);
#1075 = DIRECTION('',(0.383027927868,0.923736762543,0.));
#1076 = ORIENTED_EDGE('',*,*,#1077,.T.);
#1077 = EDGE_CURVE('',#1070,#1078,#1080,.T.);
#1078 = VERTEX_POINT('',#1079);
#1079 = CARTESIAN_POINT('',(-279.0504956612,59.054792373027,4.));
#1080 = LINE('',#1081,#1082);
#1081 = CARTESIAN_POINT('',(-321.4537132582,-39.06777201428,4.));
#1082 = VECTOR('',#1083,1.);
#1083 = DIRECTION('',(0.396689187153,0.917952988336,0.));
#1084 = ORIENTED_EDGE('',*,*,#1085,.T.);
#1085 = EDGE_CURVE('',#1078,#1086,#1088,.T.);
#1086 = VERTEX_POINT('',#1087);
#1087 = CARTESIAN_POINT('',(-277.194301027,63.180896886606,4.));
#1088 = LINE('',#1089,#1090);
#1089 = CARTESIAN_POINT('',(-321.8926608943,-36.17835186905,4.));
#1090 = VECTOR('',#1091,1.);
#1091 = DIRECTION('',(0.410263142269,0.911967189155,0.));
#1092 = ORIENTED_EDGE('',*,*,#1093,.T.);
#1093 = EDGE_CURVE('',#1086,#1094,#1096,.T.);
#1094 = VERTEX_POINT('',#1095);
#1095 = CARTESIAN_POINT('',(-275.277100903,67.279011167761,4.));
#1096 = LINE('',#1097,#1098);
#1097 = CARTESIAN_POINT('',(-322.3063861227,-33.24851487167,4.));
#1098 = VECTOR('',#1099,1.);
#1099 = DIRECTION('',(0.423746805832,0.905780682366,0.));
#1100 = ORIENTED_EDGE('',*,*,#1101,.T.);
#1101 = EDGE_CURVE('',#1094,#1102,#1104,.T.);
#1102 = VERTEX_POINT('',#1103);
#1103 = CARTESIAN_POINT('',(-273.2993172304,71.348233295104,4.));
#1104 = LINE('',#1105,#1106);
#1105 = CARTESIAN_POINT('',(-322.693269087,-30.27812991293,4.));
#1106 = VECTOR('',#1107,1.);
#1107 = DIRECTION('',(0.43713721033,0.899394829508,0.));
#1108 = ORIENTED_EDGE('',*,*,#1109,.T.);
#1109 = EDGE_CURVE('',#1102,#1110,#1112,.T.);
#1110 = VERTEX_POINT('',#1111);
#1111 = CARTESIAN_POINT('',(-271.2613852841,75.387667705889,4.));
#1112 = LINE('',#1113,#1114);
#1113 = CARTESIAN_POINT('',(-323.0516734932,-27.2671205028,4.));
#1114 = VECTOR('',#1115,1.);
#1115 = DIRECTION('',(0.450431408775,0.892811035992,0.));
#1116 = ORIENTED_EDGE('',*,*,#1117,.T.);
#1117 = EDGE_CURVE('',#1110,#1118,#1120,.T.);
#1118 = VERTEX_POINT('',#1119);
#1119 = CARTESIAN_POINT('',(-269.1637535762,79.396425393114,4.));
#1120 = LINE('',#1121,#1122);
#1121 = CARTESIAN_POINT('',(-323.3799483345,-24.21546543013,4.));
#1122 = VECTOR('',#1123,1.);
#1123 = DIRECTION('',(0.463626475352,0.886030750794,0.));
#1124 = ORIENTED_EDGE('',*,*,#1125,.T.);
#1125 = EDGE_CURVE('',#1118,#1126,#1128,.T.);
#1126 = VERTEX_POINT('',#1127);
#1127 = CARTESIAN_POINT('',(-267.0068837577,83.373624101171,4.));
#1128 = LINE('',#1129,#1130);
#1129 = CARTESIAN_POINT('',(-323.6764296389,-21.1231993693,4.));
#1130 = VECTOR('',#1131,1.);
#1131 = DIRECTION('',(0.476719506064,0.879055466133,0.));
#1132 = ORIENTED_EDGE('',*,*,#1133,.T.);
#1133 = EDGE_CURVE('',#1126,#1134,#1136,.T.);
#1134 = VERTEX_POINT('',#1135);
#1135 = CARTESIAN_POINT('',(-264.7912505172,87.318388520017,4.));
#1136 = LINE('',#1137,#1138);
#1137 = CARTESIAN_POINT('',(-323.9394422366,-17.99041343325,4.));
#1138 = VECTOR('',#1139,1.);
#1139 = DIRECTION('',(0.48970761937,0.871886717143,0.));
#1140 = ORIENTED_EDGE('',*,*,#1141,.T.);
#1141 = EDGE_CURVE('',#1134,#1142,#1144,.T.);
#1142 = VERTEX_POINT('',#1143);
#1143 = CARTESIAN_POINT('',(-262.5173414755,91.229850477816,4.));
#1144 = LINE('',#1145,#1146);
#1145 = CARTESIAN_POINT('',(-324.1673015459,-14.81725567233,4.));
#1146 = VECTOR('',#1147,1.);
#1147 = DIRECTION('',(0.50258795682,0.864526081538,0.));
#1148 = ORIENTED_EDGE('',*,*,#1149,.T.);
#1149 = EDGE_CURVE('',#1142,#1150,#1152,.T.);
#1150 = VERTEX_POINT('',#1151);
#1151 = CARTESIAN_POINT('',(-260.1856570794,95.107149132004,4.));
#1152 = LINE('',#1153,#1154);
#1153 = CARTESIAN_POINT('',(-324.3583153757,-11.60393151832,4.));
#1154 = VECTOR('',#1155,1.);
#1155 = DIRECTION('',(0.515357683682,0.856975179261,0.));
#1156 = ORIENTED_EDGE('',*,*,#1157,.T.);
#1157 = EDGE_CURVE('',#1150,#1158,#1160,.T.);
#1158 = VERTEX_POINT('',#1159);
#1159 = CARTESIAN_POINT('',(-257.7967104906,98.949431158747,4.));
#1160 = LINE('',#1161,#1162);
#1161 = CARTESIAN_POINT('',(-324.5107857434,-8.350704173103,4.));
#1162 = VECTOR('',#1163,1.);
#1163 = DIRECTION('',(0.528013989569,0.849235672131,0.));
#1164 = ORIENTED_EDGE('',*,*,#1165,.T.);
#1165 = EDGE_CURVE('',#1158,#1166,#1168,.T.);
#1166 = VERTEX_POINT('',#1167);
#1167 = CARTESIAN_POINT('',(-255.3510274735,102.75585094074,4.));
#1168 = LINE('',#1169,#1170);
#1169 = CARTESIAN_POINT('',(-324.6230107065,-5.057894941584,4.));
#1170 = VECTOR('',#1171,1.);
#1171 = DIRECTION('',(0.540554089056,0.841309263473,0.));
#1172 = ORIENTED_EDGE('',*,*,#1173,.T.);
#1173 = EDGE_CURVE('',#1166,#1174,#1176,.T.);
#1174 = VERTEX_POINT('',#1175);
#1175 = CARTESIAN_POINT('',(-252.8491462789,106.52557075332,4.));
#1176 = LINE('',#1177,#1178);
#1177 = CARTESIAN_POINT('',(-324.6932862056,-1.72588350842,4.));
#1178 = VECTOR('',#1179,1.);
#1179 = DIRECTION('',(0.55297522229,0.833197697748,0.));
#1180 = ORIENTED_EDGE('',*,*,#1181,.T.);
#1181 = EDGE_CURVE('',#1174,#1182,#1184,.T.);
#1182 = VERTEX_POINT('',#1183);
#1183 = CARTESIAN_POINT('',(-250.2916175261,110.25776094883,4.));
#1184 = LINE('',#1185,#1186);
#1185 = CARTESIAN_POINT('',(-324.7199079179,1.644891841865,4.));
#1186 = VECTOR('',#1187,1.);
#1187 = DIRECTION('',(0.565274655605,0.824902760167,0.));
#1188 = ORIENTED_EDGE('',*,*,#1189,.T.);
#1189 = EDGE_CURVE('',#1182,#1190,#1192,.T.);
#1190 = VERTEX_POINT('',#1191);
#1191 = CARTESIAN_POINT('',(-249.6288592704,111.19480061054,4.));
#1192 = LINE('',#1193,#1194);
#1193 = CARTESIAN_POINT('',(-324.7011731187,5.053934061618,4.));
#1194 = VECTOR('',#1195,1.);
#1195 = DIRECTION('',(0.577449682115,0.816426276295,0.));
#1196 = ORIENTED_EDGE('',*,*,#1197,.T.);
#1197 = EDGE_CURVE('',#1190,#1198,#1200,.T.);
#1198 = VERTEX_POINT('',#1199);
#1199 = CARTESIAN_POINT('',(-328.7717490509,129.08614537474,4.));
#1200 = LINE('',#1201,#1202);
#1201 = CARTESIAN_POINT('',(-140.7717490509,86.586145374741,4.));
#1202 = VECTOR('',#1203,1.);
#1203 = DIRECTION('',(-0.975387035788,0.220499728835,0.));
#1204 = ORIENTED_EDGE('',*,*,#1205,.F.);
#1205 = EDGE_CURVE('',#1206,#1198,#1208,.T.);
#1206 = VERTEX_POINT('',#1207);
#1207 = CARTESIAN_POINT('',(-327.228250949,135.91385462525,4.));
#1208 = LINE('',#1209,#1210);
#1209 = CARTESIAN_POINT('',(-327.228250949,135.91385462525,4.));
#1210 = VECTOR('',#1211,1.);
#1211 = DIRECTION('',(-0.220499728835,-0.975387035788,0.));
#1212 = ORIENTED_EDGE('',*,*,#1213,.F.);
#1213 = EDGE_CURVE('',#1214,#1206,#1216,.T.);
#1214 = VERTEX_POINT('',#1215);
#1215 = CARTESIAN_POINT('',(-245.1863860768,117.36715644936,4.));
#1216 = LINE('',#1217,#1218);
#1217 = CARTESIAN_POINT('',(-139.228250949,93.413854625259,4.));
#1218 = VECTOR('',#1219,1.);
#1219 = DIRECTION('',(-0.975387035788,0.220499728835,0.));
#1220 = ORIENTED_EDGE('',*,*,#1221,.T.);
#1221 = EDGE_CURVE('',#1214,#1222,#1224,.T.);
#1222 = VERTEX_POINT('',#1223);
#1223 = CARTESIAN_POINT('',(-245.0118809334,117.60627537672,4.));
#1224 = LINE('',#1225,#1226);
#1225 = CARTESIAN_POINT('',(-324.6353825502,8.500687233964,4.));
#1226 = VECTOR('',#1227,1.);
#1227 = DIRECTION('',(0.589497622315,0.807770111656,0.));
#1228 = ORIENTED_EDGE('',*,*,#1229,.T.);
#1229 = EDGE_CURVE('',#1222,#1230,#1232,.T.);
#1230 = VERTEX_POINT('',#1231);
#1231 = CARTESIAN_POINT('',(-242.2908350688,121.22098233298,4.));
#1232 = LINE('',#1233,#1234);
#1233 = CARTESIAN_POINT('',(-324.5208422947,11.984536524058,4.));
#1234 = VECTOR('',#1235,1.);
#1235 = DIRECTION('',(0.60141582467,0.798936171315,0.));
#1236 = ORIENTED_EDGE('',*,*,#1237,.T.);
#1237 = EDGE_CURVE('',#1230,#1238,#1240,.T.);
#1238 = VERTEX_POINT('',#1239);
#1239 = CARTESIAN_POINT('',(-239.5164653407,124.79492547588,4.));
#1240 = LINE('',#1241,#1242);
#1241 = CARTESIAN_POINT('',(-324.3558656513,15.504808187884,4.));
#1242 = VECTOR('',#1243,1.);
#1243 = DIRECTION('',(0.613201666199,0.789926399465,0.));
#1244 = ORIENTED_EDGE('',*,*,#1245,.T.);
#1245 = EDGE_CURVE('',#1238,#1246,#1248,.T.);
#1246 = VERTEX_POINT('',#1247);
#1247 = CARTESIAN_POINT('',(-236.689382338,128.32731824467,4.));
#1248 = LINE('',#1249,#1250);
#1249 = CARTESIAN_POINT('',(-324.1387750141,19.060769638672,4.));
#1250 = VECTOR('',#1251,1.);
#1251 = DIRECTION('',(0.624852553048,0.780742778993,0.));
#1252 = ORIENTED_EDGE('',*,*,#1253,.T.);
#1253 = EDGE_CURVE('',#1246,#1254,#1256,.T.);
#1254 = VERTEX_POINT('',#1255);
#1255 = CARTESIAN_POINT('',(-233.810208251,131.81738322312,4.));
#1256 = LINE('',#1257,#1258);
#1257 = CARTESIAN_POINT('',(-323.8679037503,22.651629571012,4.));
#1258 = VECTOR('',#1259,1.);
#1259 = DIRECTION('',(0.636365921066,0.771387331051,0.));
#1260 = ORIENTED_EDGE('',*,*,#1261,.T.);
#1261 = EDGE_CURVE('',#1254,#1262,#1264,.T.);
#1262 = VERTEX_POINT('',#1263);
#1263 = CARTESIAN_POINT('',(-230.8795767342,135.26435231057,4.));
#1264 = LINE('',#1265,#1266);
#1265 = CARTESIAN_POINT('',(-323.5415980757,26.276538142675,4.));
#1266 = VECTOR('',#1267,1.);
#1267 = DIRECTION('',(0.647739236369,0.761862114603,0.));
#1268 = ORIENTED_EDGE('',*,*,#1269,.T.);
#1269 = EDGE_CURVE('',#1262,#1270,#1272,.T.);
#1270 = VERTEX_POINT('',#1271);
#1271 = CARTESIAN_POINT('',(-227.8981327671,138.66746689101,4.));
#1272 = LINE('',#1273,#1274);
#1273 = CARTESIAN_POINT('',(-323.1582189275,29.934587214061,4.));
#1274 = VECTOR('',#1275,1.);
#1275 = DIRECTION('',(0.658969995893,0.752169225981,0.));
#1276 = ORIENTED_EDGE('',*,*,#1277,.T.);
#1277 = EDGE_CURVE('',#1270,#1278,#1280,.T.);
#1278 = VERTEX_POINT('',#1279);
#1279 = CARTESIAN_POINT('',(-227.1466367905,139.5,4.));
#1280 = LINE('',#1281,#1282);
#1281 = CARTESIAN_POINT('',(-322.7161438306,33.62481064523,4.));
#1282 = VECTOR('',#1283,1.);
#1283 = DIRECTION('',(0.67005572795,0.742310798414,0.));
#1284 = ORIENTED_EDGE('',*,*,#1285,.F.);
#1285 = EDGE_CURVE('',#559,#1278,#1286,.T.);
#1286 = LINE('',#1287,#1288);
#1287 = CARTESIAN_POINT('',(-340.,139.5,4.));
#1288 = VECTOR('',#1289,1.);
#1289 = DIRECTION('',(1.,0.,0.));
#1290 = PLANE('',#1291);
#1291 = AXIS2_PLACEMENT_3D('',#1292,#1293,#1294);
#1292 = CARTESIAN_POINT('',(-340.,-147.5,4.));
#1293 = DIRECTION('',(0.,0.,1.));
#1294 = DIRECTION('',(1.,0.,0.));
#1295 = ADVANCED_FACE('',(#1296),#1314,.T.);
#1296 = FACE_BOUND('',#1297,.T.);
#1297 = EDGE_LOOP('',(#1298,#1299,#1307,#1313));
#1298 = ORIENTED_EDGE('',*,*,#621,.F.);
#1299 = ORIENTED_EDGE('',*,*,#1300,.T.);
#1300 = EDGE_CURVE('',#614,#1301,#1303,.T.);
#1301 = VERTEX_POINT('',#1302);
#1302 = CARTESIAN_POINT('',(-165.,-65.,24.));
#1303 = LINE('',#1304,#1305);
#1304 = CARTESIAN_POINT('',(-165.,-65.,4.));
#1305 = VECTOR('',#1306,1.);
#1306 = DIRECTION('',(0.,0.,1.));
#1307 = ORIENTED_EDGE('',*,*,#1308,.T.);
#1308 = EDGE_CURVE('',#1301,#183,#1309,.T.);
#1309 = LINE('',#1310,#1311);
#1310 = CARTESIAN_POINT('',(-165.,-65.,24.));
#1311 = VECTOR('',#1312,1.);
#1312 = DIRECTION('',(1.,0.,0.));
#1313 = ORIENTED_EDGE('',*,*,#182,.F.);
#1314 = PLANE('',#1315);
#1315 = AXIS2_PLACEMENT_3D('',#1316,#1317,#1318);
#1316 = CARTESIAN_POINT('',(-165.,-65.,4.));
#1317 = DIRECTION('',(0.,1.,0.));
#1318 = DIRECTION('',(0.,0.,1.));
#1319 = ADVANCED_FACE('',(#1320),#1338,.T.);
#1320 = FACE_BOUND('',#1321,.T.);
#1321 = EDGE_LOOP('',(#1322,#1330,#1336,#1337));
#1322 = ORIENTED_EDGE('',*,*,#1323,.F.);
#1323 = EDGE_CURVE('',#1324,#1301,#1326,.T.);
#1324 = VERTEX_POINT('',#1325);
#1325 = CARTESIAN_POINT('',(-165.,-115.,24.));
#1326 = LINE('',#1327,#1328);
#1327 = CARTESIAN_POINT('',(-165.,-115.,24.));
#1328 = VECTOR('',#1329,1.);
#1329 = DIRECTION('',(0.,1.,0.));
#1330 = ORIENTED_EDGE('',*,*,#1331,.T.);
#1331 = EDGE_CURVE('',#1324,#191,#1332,.T.);
#1332 = LINE('',#1333,#1334);
#1333 = CARTESIAN_POINT('',(-165.,-115.,24.));
#1334 = VECTOR('',#1335,1.);
#1335 = DIRECTION('',(1.,0.,0.));
#1336 = ORIENTED_EDGE('',*,*,#190,.T.);
#1337 = ORIENTED_EDGE('',*,*,#1308,.F.);
#1338 = PLANE('',#1339);
#1339 = AXIS2_PLACEMENT_3D('',#1340,#1341,#1342);
#1340 = CARTESIAN_POINT('',(-165.,-115.,24.));
#1341 = DIRECTION('',(0.,0.,1.));
#1342 = DIRECTION('',(1.,0.,0.));
#1343 = ADVANCED_FACE('',(#1344),#1355,.F.);
#1344 = FACE_BOUND('',#1345,.F.);
#1345 = EDGE_LOOP('',(#1346,#1347,#1353,#1354));
#1346 = ORIENTED_EDGE('',*,*,#573,.F.);
#1347 = ORIENTED_EDGE('',*,*,#1348,.T.);
#1348 = EDGE_CURVE('',#574,#1324,#1349,.T.);
#1349 = LINE('',#1350,#1351);
#1350 = CARTESIAN_POINT('',(-165.,-115.,4.));
#1351 = VECTOR('',#1352,1.);
#1352 = DIRECTION('',(0.,0.,1.));
#1353 = ORIENTED_EDGE('',*,*,#1331,.T.);
#1354 = ORIENTED_EDGE('',*,*,#198,.F.);
#1355 = PLANE('',#1356);
#1356 = AXIS2_PLACEMENT_3D('',#1357,#1358,#1359);
#1357 = CARTESIAN_POINT('',(-165.,-115.,4.));
#1358 = DIRECTION('',(0.,1.,0.));
#1359 = DIRECTION('',(0.,0.,1.));
#1360 = ADVANCED_FACE('',(#1361),#1372,.T.);
#1361 = FACE_BOUND('',#1362,.T.);
#1362 = EDGE_LOOP('',(#1363,#1364,#1370,#1371));
#1363 = ORIENTED_EDGE('',*,*,#566,.F.);
#1364 = ORIENTED_EDGE('',*,*,#1365,.F.);
#1365 = EDGE_CURVE('',#341,#557,#1366,.T.);
#1366 = LINE('',#1367,#1368);
#1367 = CARTESIAN_POINT('',(-332.,-139.5,4.));
#1368 = VECTOR('',#1369,1.);
#1369 = DIRECTION('',(0.,0.,-1.));
#1370 = ORIENTED_EDGE('',*,*,#340,.T.);
#1371 = ORIENTED_EDGE('',*,*,#214,.F.);
#1372 = PLANE('',#1373);
#1373 = AXIS2_PLACEMENT_3D('',#1374,#1375,#1376);
#1374 = CARTESIAN_POINT('',(-340.,-139.5,4.));
#1375 = DIRECTION('',(0.,1.,0.));
#1376 = DIRECTION('',(0.,0.,1.));
#1377 = ADVANCED_FACE('',(#1378),#1403,.F.);
#1378 = FACE_BOUND('',#1379,.F.);
#1379 = EDGE_LOOP('',(#1380,#1381,#1389,#1397));
#1380 = ORIENTED_EDGE('',*,*,#230,.F.);
#1381 = ORIENTED_EDGE('',*,*,#1382,.T.);
#1382 = EDGE_CURVE('',#231,#1383,#1385,.T.);
#1383 = VERTEX_POINT('',#1384);
#1384 = CARTESIAN_POINT('',(-90.,-102.,8.));
#1385 = LINE('',#1386,#1387);
#1386 = CARTESIAN_POINT('',(-148.,-102.,8.));
#1387 = VECTOR('',#1388,1.);
#1388 = DIRECTION('',(1.,0.,0.));
#1389 = ORIENTED_EDGE('',*,*,#1390,.T.);
#1390 = EDGE_CURVE('',#1383,#1391,#1393,.T.);
#1391 = VERTEX_POINT('',#1392);
#1392 = CARTESIAN_POINT('',(-90.,-102.,4.));
#1393 = LINE('',#1394,#1395);
#1394 = CARTESIAN_POINT('',(-90.,-102.,8.));
#1395 = VECTOR('',#1396,1.);
#1396 = DIRECTION('',(0.,0.,-1.));
#1397 = ORIENTED_EDGE('',*,*,#1398,.F.);
#1398 = EDGE_CURVE('',#233,#1391,#1399,.T.);
#1399 = LINE('',#1400,#1401);
#1400 = CARTESIAN_POINT('',(-148.,-102.,4.));
#1401 = VECTOR('',#1402,1.);
#1402 = DIRECTION('',(1.,0.,0.));
#1403 = PLANE('',#1404);
#1404 = AXIS2_PLACEMENT_3D('',#1405,#1406,#1407);
#1405 = CARTESIAN_POINT('',(-148.,-102.,8.));
#1406 = DIRECTION('',(0.,1.,0.));
#1407 = DIRECTION('',(0.,0.,-1.));
#1408 = ADVANCED_FACE('',(#1409),#1459,.F.);
#1409 = FACE_BOUND('',#1410,.F.);
#1410 = EDGE_LOOP('',(#1411,#1412,#1420,#1428,#1436,#1444,#1452,#1458));
#1411 = ORIENTED_EDGE('',*,*,#240,.F.);
#1412 = ORIENTED_EDGE('',*,*,#1413,.T.);
#1413 = EDGE_CURVE('',#241,#1414,#1416,.T.);
#1414 = VERTEX_POINT('',#1415);
#1415 = CARTESIAN_POINT('',(-119.3,-90.,20.));
#1416 = LINE('',#1417,#1418);
#1417 = CARTESIAN_POINT('',(-148.,-90.,20.));
#1418 = VECTOR('',#1419,1.);
#1419 = DIRECTION('',(1.,0.,0.));
#1420 = ORIENTED_EDGE('',*,*,#1421,.T.);
#1421 = EDGE_CURVE('',#1414,#1422,#1424,.T.);
#1422 = VERTEX_POINT('',#1423);
#1423 = CARTESIAN_POINT('',(-119.3,-96.3,13.7));
#1424 = LINE('',#1425,#1426);
#1425 = CARTESIAN_POINT('',(-119.3,-96.825,13.175));
#1426 = VECTOR('',#1427,1.);
#1427 = DIRECTION('',(0.,-0.707106781187,-0.707106781187));
#1428 = ORIENTED_EDGE('',*,*,#1429,.T.);
#1429 = EDGE_CURVE('',#1422,#1430,#1432,.T.);
#1430 = VERTEX_POINT('',#1431);
#1431 = CARTESIAN_POINT('',(-110.7,-96.3,13.7));
#1432 = LINE('',#1433,#1434);
#1433 = CARTESIAN_POINT('',(-133.65,-96.3,13.7));
#1434 = VECTOR('',#1435,1.);
#1435 = DIRECTION('',(1.,0.,0.));
#1436 = ORIENTED_EDGE('',*,*,#1437,.F.);
#1437 = EDGE_CURVE('',#1438,#1430,#1440,.T.);
#1438 = VERTEX_POINT('',#1439);
#1439 = CARTESIAN_POINT('',(-110.7,-90.,20.));
#1440 = LINE('',#1441,#1442);
#1441 = CARTESIAN_POINT('',(-110.7,-96.825,13.175));
#1442 = VECTOR('',#1443,1.);
#1443 = DIRECTION('',(0.,-0.707106781187,-0.707106781187));
#1444 = ORIENTED_EDGE('',*,*,#1445,.T.);
#1445 = EDGE_CURVE('',#1438,#1446,#1448,.T.);
#1446 = VERTEX_POINT('',#1447);
#1447 = CARTESIAN_POINT('',(-90.,-90.,20.));
#1448 = LINE('',#1449,#1450);
#1449 = CARTESIAN_POINT('',(-148.,-90.,20.));
#1450 = VECTOR('',#1451,1.);
#1451 = DIRECTION('',(1.,0.,0.));
#1452 = ORIENTED_EDGE('',*,*,#1453,.T.);
#1453 = EDGE_CURVE('',#1446,#1383,#1454,.T.);
#1454 = LINE('',#1455,#1456);
#1455 = CARTESIAN_POINT('',(-90.,-90.,20.));
#1456 = VECTOR('',#1457,1.);
#1457 = DIRECTION('',(0.,-0.707106781187,-0.707106781187));
#1458 = ORIENTED_EDGE('',*,*,#1382,.F.);
#1459 = PLANE('',#1460);
#1460 = AXIS2_PLACEMENT_3D('',#1461,#1462,#1463);
#1461 = CARTESIAN_POINT('',(-148.,-90.,20.));
#1462 = DIRECTION('',(0.,0.707106781187,-0.707106781187));
#1463 = DIRECTION('',(0.,-0.707106781187,-0.707106781187));
#1464 = ADVANCED_FACE('',(#1465),#1506,.F.);
#1465 = FACE_BOUND('',#1466,.F.);
#1466 = EDGE_LOOP('',(#1467,#1468,#1476,#1482,#1483,#1491,#1499,#1505));
#1467 = ORIENTED_EDGE('',*,*,#248,.F.);
#1468 = ORIENTED_EDGE('',*,*,#1469,.T.);
#1469 = EDGE_CURVE('',#249,#1470,#1472,.T.);
#1470 = VERTEX_POINT('',#1471);
#1471 = CARTESIAN_POINT('',(-90.,-78.,8.));
#1472 = LINE('',#1473,#1474);
#1473 = CARTESIAN_POINT('',(-148.,-78.,8.));
#1474 = VECTOR('',#1475,1.);
#1475 = DIRECTION('',(1.,0.,0.));
#1476 = ORIENTED_EDGE('',*,*,#1477,.T.);
#1477 = EDGE_CURVE('',#1470,#1446,#1478,.T.);
#1478 = LINE('',#1479,#1480);
#1479 = CARTESIAN_POINT('',(-90.,-78.,8.));
#1480 = VECTOR('',#1481,1.);
#1481 = DIRECTION('',(0.,-0.707106781187,0.707106781187));
#1482 = ORIENTED_EDGE('',*,*,#1445,.F.);
#1483 = ORIENTED_EDGE('',*,*,#1484,.F.);
#1484 = EDGE_CURVE('',#1485,#1438,#1487,.T.);
#1485 = VERTEX_POINT('',#1486);
#1486 = CARTESIAN_POINT('',(-110.7,-83.7,13.7));
#1487 = LINE('',#1488,#1489);
#1488 = CARTESIAN_POINT('',(-110.7,-80.325,10.325));
#1489 = VECTOR('',#1490,1.);
#1490 = DIRECTION('',(0.,-0.707106781187,0.707106781187));
#1491 = ORIENTED_EDGE('',*,*,#1492,.F.);
#1492 = EDGE_CURVE('',#1493,#1485,#1495,.T.);
#1493 = VERTEX_POINT('',#1494);
#1494 = CARTESIAN_POINT('',(-119.3,-83.7,13.7));
#1495 = LINE('',#1496,#1497);
#1496 = CARTESIAN_POINT('',(-133.65,-83.7,13.7));
#1497 = VECTOR('',#1498,1.);
#1498 = DIRECTION('',(1.,0.,0.));
#1499 = ORIENTED_EDGE('',*,*,#1500,.T.);
#1500 = EDGE_CURVE('',#1493,#1414,#1501,.T.);
#1501 = LINE('',#1502,#1503);
#1502 = CARTESIAN_POINT('',(-119.3,-80.325,10.325));
#1503 = VECTOR('',#1504,1.);
#1504 = DIRECTION('',(0.,-0.707106781187,0.707106781187));
#1505 = ORIENTED_EDGE('',*,*,#1413,.F.);
#1506 = PLANE('',#1507);
#1507 = AXIS2_PLACEMENT_3D('',#1508,#1509,#1510);
#1508 = CARTESIAN_POINT('',(-148.,-78.,8.));
#1509 = DIRECTION('',(0.,-0.707106781187,-0.707106781187));
#1510 = DIRECTION('',(0.,-0.707106781187,0.707106781187));
#1511 = ADVANCED_FACE('',(#1512),#1530,.F.);
#1512 = FACE_BOUND('',#1513,.F.);
#1513 = EDGE_LOOP('',(#1514,#1515,#1523,#1529));
#1514 = ORIENTED_EDGE('',*,*,#256,.F.);
#1515 = ORIENTED_EDGE('',*,*,#1516,.T.);
#1516 = EDGE_CURVE('',#257,#1517,#1519,.T.);
#1517 = VERTEX_POINT('',#1518);
#1518 = CARTESIAN_POINT('',(-90.,-78.,4.));
#1519 = LINE('',#1520,#1521);
#1520 = CARTESIAN_POINT('',(-148.,-78.,4.));
#1521 = VECTOR('',#1522,1.);
#1522 = DIRECTION('',(1.,0.,0.));
#1523 = ORIENTED_EDGE('',*,*,#1524,.T.);
#1524 = EDGE_CURVE('',#1517,#1470,#1525,.T.);
#1525 = LINE('',#1526,#1527);
#1526 = CARTESIAN_POINT('',(-90.,-78.,4.));
#1527 = VECTOR('',#1528,1.);
#1528 = DIRECTION('',(0.,0.,1.));
#1529 = ORIENTED_EDGE('',*,*,#1469,.F.);
#1530 = PLANE('',#1531);
#1531 = AXIS2_PLACEMENT_3D('',#1532,#1533,#1534);
#1532 = CARTESIAN_POINT('',(-148.,-78.,4.));
#1533 = DIRECTION('',(0.,-1.,0.));
#1534 = DIRECTION('',(0.,0.,1.));
#1535 = ADVANCED_FACE('',(#1536,#1547),#1581,.T.);
#1536 = FACE_BOUND('',#1537,.T.);
#1537 = EDGE_LOOP('',(#1538,#1539,#1540,#1546));
#1538 = ORIENTED_EDGE('',*,*,#264,.T.);
#1539 = ORIENTED_EDGE('',*,*,#1516,.T.);
#1540 = ORIENTED_EDGE('',*,*,#1541,.F.);
#1541 = EDGE_CURVE('',#1391,#1517,#1542,.T.);
#1542 = LINE('',#1543,#1544);
#1543 = CARTESIAN_POINT('',(-90.,-102.,4.));
#1544 = VECTOR('',#1545,1.);
#1545 = DIRECTION('',(0.,1.,0.));
#1546 = ORIENTED_EDGE('',*,*,#1398,.F.);
#1547 = FACE_BOUND('',#1548,.T.);
#1548 = EDGE_LOOP('',(#1549,#1559,#1567,#1575));
#1549 = ORIENTED_EDGE('',*,*,#1550,.F.);
#1550 = EDGE_CURVE('',#1551,#1553,#1555,.T.);
#1551 = VERTEX_POINT('',#1552);
#1552 = CARTESIAN_POINT('',(-119.3,-83.7,4.));
#1553 = VERTEX_POINT('',#1554);
#1554 = CARTESIAN_POINT('',(-110.7,-83.7,4.));
#1555 = LINE('',#1556,#1557);
#1556 = CARTESIAN_POINT('',(-117.15,-83.7,4.));
#1557 = VECTOR('',#1558,1.);
#1558 = DIRECTION('',(1.,0.,0.));
#1559 = ORIENTED_EDGE('',*,*,#1560,.T.);
#1560 = EDGE_CURVE('',#1551,#1561,#1563,.T.);
#1561 = VERTEX_POINT('',#1562);
#1562 = CARTESIAN_POINT('',(-119.3,-96.3,4.));
#1563 = LINE('',#1564,#1565);
#1564 = CARTESIAN_POINT('',(-119.3,-93.15,4.));
#1565 = VECTOR('',#1566,1.);
#1566 = DIRECTION('',(0.,-1.,0.));
#1567 = ORIENTED_EDGE('',*,*,#1568,.T.);
#1568 = EDGE_CURVE('',#1561,#1569,#1571,.T.);
#1569 = VERTEX_POINT('',#1570);
#1570 = CARTESIAN_POINT('',(-110.7,-96.3,4.));
#1571 = LINE('',#1572,#1573);
#1572 = CARTESIAN_POINT('',(-117.15,-96.3,4.));
#1573 = VECTOR('',#1574,1.);
#1574 = DIRECTION('',(1.,0.,0.));
#1575 = ORIENTED_EDGE('',*,*,#1576,.F.);
#1576 = EDGE_CURVE('',#1553,#1569,#1577,.T.);
#1577 = LINE('',#1578,#1579);
#1578 = CARTESIAN_POINT('',(-110.7,-93.15,4.));
#1579 = VECTOR('',#1580,1.);
#1580 = DIRECTION('',(0.,-1.,0.));
#1581 = PLANE('',#1582);
#1582 = AXIS2_PLACEMENT_3D('',#1583,#1584,#1585);
#1583 = CARTESIAN_POINT('',(-115.,-90.,4.));
#1584 = DIRECTION('',(-0.,-0.,-1.));
#1585 = DIRECTION('',(-1.,0.,0.));
#1586 = ADVANCED_FACE('',(#1587),#1612,.F.);
#1587 = FACE_BOUND('',#1588,.F.);
#1588 = EDGE_LOOP('',(#1589,#1590,#1598,#1606));
#1589 = ORIENTED_EDGE('',*,*,#272,.F.);
#1590 = ORIENTED_EDGE('',*,*,#1591,.T.);
#1591 = EDGE_CURVE('',#273,#1592,#1594,.T.);
#1592 = VERTEX_POINT('',#1593);
#1593 = CARTESIAN_POINT('',(-90.,78.,8.));
#1594 = LINE('',#1595,#1596);
#1595 = CARTESIAN_POINT('',(-148.,78.,8.));
#1596 = VECTOR('',#1597,1.);
#1597 = DIRECTION('',(1.,0.,0.));
#1598 = ORIENTED_EDGE('',*,*,#1599,.T.);
#1599 = EDGE_CURVE('',#1592,#1600,#1602,.T.);
#1600 = VERTEX_POINT('',#1601);
#1601 = CARTESIAN_POINT('',(-90.,78.,4.));
#1602 = LINE('',#1603,#1604);
#1603 = CARTESIAN_POINT('',(-90.,78.,8.));
#1604 = VECTOR('',#1605,1.);
#1605 = DIRECTION('',(0.,0.,-1.));
#1606 = ORIENTED_EDGE('',*,*,#1607,.F.);
#1607 = EDGE_CURVE('',#275,#1600,#1608,.T.);
#1608 = LINE('',#1609,#1610);
#1609 = CARTESIAN_POINT('',(-148.,78.,4.));
#1610 = VECTOR('',#1611,1.);
#1611 = DIRECTION('',(1.,0.,0.));
#1612 = PLANE('',#1613);
#1613 = AXIS2_PLACEMENT_3D('',#1614,#1615,#1616);
#1614 = CARTESIAN_POINT('',(-148.,78.,8.));
#1615 = DIRECTION('',(0.,1.,0.));
#1616 = DIRECTION('',(0.,0.,-1.));
#1617 = ADVANCED_FACE('',(#1618),#1668,.F.);
#1618 = FACE_BOUND('',#1619,.F.);
#1619 = EDGE_LOOP('',(#1620,#1621,#1629,#1637,#1645,#1653,#1661,#1667));
#1620 = ORIENTED_EDGE('',*,*,#282,.F.);
#1621 = ORIENTED_EDGE('',*,*,#1622,.T.);
#1622 = EDGE_CURVE('',#283,#1623,#1625,.T.);
#1623 = VERTEX_POINT('',#1624);
#1624 = CARTESIAN_POINT('',(-119.3,90.,20.));
#1625 = LINE('',#1626,#1627);
#1626 = CARTESIAN_POINT('',(-148.,90.,20.));
#1627 = VECTOR('',#1628,1.);
#1628 = DIRECTION('',(1.,0.,0.));
#1629 = ORIENTED_EDGE('',*,*,#1630,.T.);
#1630 = EDGE_CURVE('',#1623,#1631,#1633,.T.);
#1631 = VERTEX_POINT('',#1632);
#1632 = CARTESIAN_POINT('',(-119.3,83.7,13.7));
#1633 = LINE('',#1634,#1635);
#1634 = CARTESIAN_POINT('',(-119.3,83.175,13.175));
#1635 = VECTOR('',#1636,1.);
#1636 = DIRECTION('',(0.,-0.707106781187,-0.707106781187));
#1637 = ORIENTED_EDGE('',*,*,#1638,.T.);
#1638 = EDGE_CURVE('',#1631,#1639,#1641,.T.);
#1639 = VERTEX_POINT('',#1640);
#1640 = CARTESIAN_POINT('',(-110.7,83.7,13.7));
#1641 = LINE('',#1642,#1643);
#1642 = CARTESIAN_POINT('',(-133.65,83.7,13.7));
#1643 = VECTOR('',#1644,1.);
#1644 = DIRECTION('',(1.,0.,0.));
#1645 = ORIENTED_EDGE('',*,*,#1646,.F.);
#1646 = EDGE_CURVE('',#1647,#1639,#1649,.T.);
#1647 = VERTEX_POINT('',#1648);
#1648 = CARTESIAN_POINT('',(-110.7,90.,20.));
#1649 = LINE('',#1650,#1651);
#1650 = CARTESIAN_POINT('',(-110.7,83.175,13.175));
#1651 = VECTOR('',#1652,1.);
#1652 = DIRECTION('',(0.,-0.707106781187,-0.707106781187));
#1653 = ORIENTED_EDGE('',*,*,#1654,.T.);
#1654 = EDGE_CURVE('',#1647,#1655,#1657,.T.);
#1655 = VERTEX_POINT('',#1656);
#1656 = CARTESIAN_POINT('',(-90.,90.,20.));
#1657 = LINE('',#1658,#1659);
#1658 = CARTESIAN_POINT('',(-148.,90.,20.));
#1659 = VECTOR('',#1660,1.);
#1660 = DIRECTION('',(1.,0.,0.));
#1661 = ORIENTED_EDGE('',*,*,#1662,.T.);
#1662 = EDGE_CURVE('',#1655,#1592,#1663,.T.);
#1663 = LINE('',#1664,#1665);
#1664 = CARTESIAN_POINT('',(-90.,90.,20.));
#1665 = VECTOR('',#1666,1.);
#1666 = DIRECTION('',(0.,-0.707106781187,-0.707106781187));
#1667 = ORIENTED_EDGE('',*,*,#1591,.F.);
#1668 = PLANE('',#1669);
#1669 = AXIS2_PLACEMENT_3D('',#1670,#1671,#1672);
#1670 = CARTESIAN_POINT('',(-148.,90.,20.));
#1671 = DIRECTION('',(0.,0.707106781187,-0.707106781187));
#1672 = DIRECTION('',(0.,-0.707106781187,-0.707106781187));
#1673 = ADVANCED_FACE('',(#1674),#1715,.F.);
#1674 = FACE_BOUND('',#1675,.F.);
#1675 = EDGE_LOOP('',(#1676,#1677,#1685,#1691,#1692,#1700,#1708,#1714));
#1676 = ORIENTED_EDGE('',*,*,#290,.F.);
#1677 = ORIENTED_EDGE('',*,*,#1678,.T.);
#1678 = EDGE_CURVE('',#291,#1679,#1681,.T.);
#1679 = VERTEX_POINT('',#1680);
#1680 = CARTESIAN_POINT('',(-90.,102.,8.));
#1681 = LINE('',#1682,#1683);
#1682 = CARTESIAN_POINT('',(-148.,102.,8.));
#1683 = VECTOR('',#1684,1.);
#1684 = DIRECTION('',(1.,0.,0.));
#1685 = ORIENTED_EDGE('',*,*,#1686,.T.);
#1686 = EDGE_CURVE('',#1679,#1655,#1687,.T.);
#1687 = LINE('',#1688,#1689);
#1688 = CARTESIAN_POINT('',(-90.,102.,8.));
#1689 = VECTOR('',#1690,1.);
#1690 = DIRECTION('',(0.,-0.707106781187,0.707106781187));
#1691 = ORIENTED_EDGE('',*,*,#1654,.F.);
#1692 = ORIENTED_EDGE('',*,*,#1693,.F.);
#1693 = EDGE_CURVE('',#1694,#1647,#1696,.T.);
#1694 = VERTEX_POINT('',#1695);
#1695 = CARTESIAN_POINT('',(-110.7,96.3,13.7));
#1696 = LINE('',#1697,#1698);
#1697 = CARTESIAN_POINT('',(-110.7,99.675,10.325));
#1698 = VECTOR('',#1699,1.);
#1699 = DIRECTION('',(0.,-0.707106781187,0.707106781187));
#1700 = ORIENTED_EDGE('',*,*,#1701,.F.);
#1701 = EDGE_CURVE('',#1702,#1694,#1704,.T.);
#1702 = VERTEX_POINT('',#1703);
#1703 = CARTESIAN_POINT('',(-119.3,96.3,13.7));
#1704 = LINE('',#1705,#1706);
#1705 = CARTESIAN_POINT('',(-133.65,96.3,13.7));
#1706 = VECTOR('',#1707,1.);
#1707 = DIRECTION('',(1.,0.,0.));
#1708 = ORIENTED_EDGE('',*,*,#1709,.T.);
#1709 = EDGE_CURVE('',#1702,#1623,#1710,.T.);
#1710 = LINE('',#1711,#1712);
#1711 = CARTESIAN_POINT('',(-119.3,99.675,10.325));
#1712 = VECTOR('',#1713,1.);
#1713 = DIRECTION('',(0.,-0.707106781187,0.707106781187));
#1714 = ORIENTED_EDGE('',*,*,#1622,.F.);
#1715 = PLANE('',#1716);
#1716 = AXIS2_PLACEMENT_3D('',#1717,#1718,#1719);
#1717 = CARTESIAN_POINT('',(-148.,102.,8.));
#1718 = DIRECTION('',(0.,-0.707106781187,-0.707106781187));
#1719 = DIRECTION('',(0.,-0.707106781187,0.707106781187));
#1720 = ADVANCED_FACE('',(#1721),#1739,.F.);
#1721 = FACE_BOUND('',#1722,.F.);
#1722 = EDGE_LOOP('',(#1723,#1724,#1732,#1738));
#1723 = ORIENTED_EDGE('',*,*,#298,.F.);
#1724 = ORIENTED_EDGE('',*,*,#1725,.T.);
#1725 = EDGE_CURVE('',#299,#1726,#1728,.T.);
#1726 = VERTEX_POINT('',#1727);
#1727 = CARTESIAN_POINT('',(-90.,102.,4.));
#1728 = LINE('',#1729,#1730);
#1729 = CARTESIAN_POINT('',(-148.,102.,4.));
#1730 = VECTOR('',#1731,1.);
#1731 = DIRECTION('',(1.,0.,0.));
#1732 = ORIENTED_EDGE('',*,*,#1733,.T.);
#1733 = EDGE_CURVE('',#1726,#1679,#1734,.T.);
#1734 = LINE('',#1735,#1736);
#1735 = CARTESIAN_POINT('',(-90.,102.,4.));
#1736 = VECTOR('',#1737,1.);
#1737 = DIRECTION('',(0.,0.,1.));
#1738 = ORIENTED_EDGE('',*,*,#1678,.F.);
#1739 = PLANE('',#1740);
#1740 = AXIS2_PLACEMENT_3D('',#1741,#1742,#1743);
#1741 = CARTESIAN_POINT('',(-148.,102.,4.));
#1742 = DIRECTION('',(0.,-1.,0.));
#1743 = DIRECTION('',(0.,0.,1.));
#1744 = ADVANCED_FACE('',(#1745,#1756),#1790,.T.);
#1745 = FACE_BOUND('',#1746,.T.);
#1746 = EDGE_LOOP('',(#1747,#1748,#1749,#1755));
#1747 = ORIENTED_EDGE('',*,*,#306,.T.);
#1748 = ORIENTED_EDGE('',*,*,#1725,.T.);
#1749 = ORIENTED_EDGE('',*,*,#1750,.F.);
#1750 = EDGE_CURVE('',#1600,#1726,#1751,.T.);
#1751 = LINE('',#1752,#1753);
#1752 = CARTESIAN_POINT('',(-90.,78.,4.));
#1753 = VECTOR('',#1754,1.);
#1754 = DIRECTION('',(0.,1.,0.));
#1755 = ORIENTED_EDGE('',*,*,#1607,.F.);
#1756 = FACE_BOUND('',#1757,.T.);
#1757 = EDGE_LOOP('',(#1758,#1768,#1776,#1784));
#1758 = ORIENTED_EDGE('',*,*,#1759,.F.);
#1759 = EDGE_CURVE('',#1760,#1762,#1764,.T.);
#1760 = VERTEX_POINT('',#1761);
#1761 = CARTESIAN_POINT('',(-119.3,96.3,4.));
#1762 = VERTEX_POINT('',#1763);
#1763 = CARTESIAN_POINT('',(-110.7,96.3,4.));
#1764 = LINE('',#1765,#1766);
#1765 = CARTESIAN_POINT('',(-117.15,96.3,4.));
#1766 = VECTOR('',#1767,1.);
#1767 = DIRECTION('',(1.,0.,0.));
#1768 = ORIENTED_EDGE('',*,*,#1769,.T.);
#1769 = EDGE_CURVE('',#1760,#1770,#1772,.T.);
#1770 = VERTEX_POINT('',#1771);
#1771 = CARTESIAN_POINT('',(-119.3,83.7,4.));
#1772 = LINE('',#1773,#1774);
#1773 = CARTESIAN_POINT('',(-119.3,86.85,4.));
#1774 = VECTOR('',#1775,1.);
#1775 = DIRECTION('',(0.,-1.,0.));
#1776 = ORIENTED_EDGE('',*,*,#1777,.T.);
#1777 = EDGE_CURVE('',#1770,#1778,#1780,.T.);
#1778 = VERTEX_POINT('',#1779);
#1779 = CARTESIAN_POINT('',(-110.7,83.7,4.));
#1780 = LINE('',#1781,#1782);
#1781 = CARTESIAN_POINT('',(-117.15,83.7,4.));
#1782 = VECTOR('',#1783,1.);
#1783 = DIRECTION('',(1.,0.,0.));
#1784 = ORIENTED_EDGE('',*,*,#1785,.F.);
#1785 = EDGE_CURVE('',#1762,#1778,#1786,.T.);
#1786 = LINE('',#1787,#1788);
#1787 = CARTESIAN_POINT('',(-110.7,86.85,4.));
#1788 = VECTOR('',#1789,1.);
#1789 = DIRECTION('',(0.,-1.,0.));
#1790 = PLANE('',#1791);
#1791 = AXIS2_PLACEMENT_3D('',#1792,#1793,#1794);
#1792 = CARTESIAN_POINT('',(-115.,90.,4.));
#1793 = DIRECTION('',(-0.,-0.,-1.));
#1794 = DIRECTION('',(-1.,0.,0.));
#1795 = ADVANCED_FACE('',(#1796),#1823,.F.);
#1796 = FACE_BOUND('',#1797,.F.);
#1797 = EDGE_LOOP('',(#1798,#1799,#1807,#1815,#1821,#1822));
#1798 = ORIENTED_EDGE('',*,*,#429,.T.);
#1799 = ORIENTED_EDGE('',*,*,#1800,.T.);
#1800 = EDGE_CURVE('',#430,#1801,#1803,.T.);
#1801 = VERTEX_POINT('',#1802);
#1802 = CARTESIAN_POINT('',(-183.970131738,109.64597877695,18.));
#1803 = LINE('',#1804,#1805);
#1804 = CARTESIAN_POINT('',(-183.970131738,109.64597877695,3.8));
#1805 = VECTOR('',#1806,1.);
#1806 = DIRECTION('',(0.,0.,1.));
#1807 = ORIENTED_EDGE('',*,*,#1808,.T.);
#1808 = EDGE_CURVE('',#1801,#1809,#1811,.T.);
#1809 = VERTEX_POINT('',#1810);
#1810 = CARTESIAN_POINT('',(-221.7854431692,145.33914648954,18.));
#1811 = LINE('',#1812,#1813);
#1812 = CARTESIAN_POINT('',(-183.970131738,109.64597877695,18.));
#1813 = VECTOR('',#1814,1.);
#1814 = DIRECTION('',(-0.727217527524,0.686407071396,0.));
#1815 = ORIENTED_EDGE('',*,*,#1816,.F.);
#1816 = EDGE_CURVE('',#373,#1809,#1817,.T.);
#1817 = LINE('',#1818,#1819);
#1818 = CARTESIAN_POINT('',(-221.7854431692,145.33914648954,3.8));
#1819 = VECTOR('',#1820,1.);
#1820 = DIRECTION('',(0.,0.,1.));
#1821 = ORIENTED_EDGE('',*,*,#380,.T.);
#1822 = ORIENTED_EDGE('',*,*,#412,.F.);
#1823 = PLANE('',#1824);
#1824 = AXIS2_PLACEMENT_3D('',#1825,#1826,#1827);
#1825 = CARTESIAN_POINT('',(-183.970131738,109.64597877695,3.8));
#1826 = DIRECTION('',(-0.686407071396,-0.727217527524,0.));
#1827 = DIRECTION('',(-0.727217527524,0.686407071396,0.));
#1828 = ADVANCED_FACE('',(#1829),#1847,.F.);
#1829 = FACE_BOUND('',#1830,.F.);
#1830 = EDGE_LOOP('',(#1831,#1832,#1833,#1841));
#1831 = ORIENTED_EDGE('',*,*,#372,.T.);
#1832 = ORIENTED_EDGE('',*,*,#1816,.T.);
#1833 = ORIENTED_EDGE('',*,*,#1834,.T.);
#1834 = EDGE_CURVE('',#1809,#1835,#1837,.T.);
#1835 = VERTEX_POINT('',#1836);
#1836 = CARTESIAN_POINT('',(-224.8665325118,142.025978,18.));
#1837 = LINE('',#1838,#1839);
#1838 = CARTESIAN_POINT('',(-221.7854431692,145.33914648954,18.));
#1839 = VECTOR('',#1840,1.);
#1840 = DIRECTION('',(-0.680993992769,-0.732289001565,0.));
#1841 = ORIENTED_EDGE('',*,*,#1842,.F.);
#1842 = EDGE_CURVE('',#365,#1835,#1843,.T.);
#1843 = LINE('',#1844,#1845);
#1844 = CARTESIAN_POINT('',(-224.8665325118,142.025978,3.8));
#1845 = VECTOR('',#1846,1.);
#1846 = DIRECTION('',(0.,0.,1.));
#1847 = PLANE('',#1848);
#1848 = AXIS2_PLACEMENT_3D('',#1849,#1850,#1851);
#1849 = CARTESIAN_POINT('',(-221.7854431692,145.33914648954,3.8));
#1850 = DIRECTION('',(0.732289001565,-0.680993992769,0.));
#1851 = DIRECTION('',(-0.680993992769,-0.732289001565,0.));
#1852 = ADVANCED_FACE('',(#1853),#1878,.F.);
#1853 = FACE_BOUND('',#1854,.F.);
#1854 = EDGE_LOOP('',(#1855,#1856,#1857,#1865,#1871,#1872));
#1855 = ORIENTED_EDGE('',*,*,#364,.T.);
#1856 = ORIENTED_EDGE('',*,*,#1842,.T.);
#1857 = ORIENTED_EDGE('',*,*,#1858,.T.);
#1858 = EDGE_CURVE('',#1835,#1859,#1861,.T.);
#1859 = VERTEX_POINT('',#1860);
#1860 = CARTESIAN_POINT('',(-227.8981327671,138.66746689101,18.));
#1861 = LINE('',#1862,#1863);
#1862 = CARTESIAN_POINT('',(-224.8665325118,142.025978,18.));
#1863 = VECTOR('',#1864,1.);
#1864 = DIRECTION('',(-0.67005572795,-0.742310798414,0.));
#1865 = ORIENTED_EDGE('',*,*,#1866,.F.);
#1866 = EDGE_CURVE('',#1270,#1859,#1867,.T.);
#1867 = LINE('',#1868,#1869);
#1868 = CARTESIAN_POINT('',(-227.8981327671,138.66746689101,3.8));
#1869 = VECTOR('',#1870,1.);
#1870 = DIRECTION('',(0.,0.,1.));
#1871 = ORIENTED_EDGE('',*,*,#1277,.T.);
#1872 = ORIENTED_EDGE('',*,*,#1873,.F.);
#1873 = EDGE_CURVE('',#357,#1278,#1874,.T.);
#1874 = LINE('',#1875,#1876);
#1875 = CARTESIAN_POINT('',(-227.1466367905,139.5,3.9));
#1876 = VECTOR('',#1877,1.);
#1877 = DIRECTION('',(0.,0.,-1.));
#1878 = PLANE('',#1879);
#1879 = AXIS2_PLACEMENT_3D('',#1880,#1881,#1882);
#1880 = CARTESIAN_POINT('',(-224.8665325118,142.025978,3.8));
#1881 = DIRECTION('',(0.742310798414,-0.67005572795,0.));
#1882 = DIRECTION('',(-0.67005572795,-0.742310798414,0.));
#1883 = ADVANCED_FACE('',(#1884),#1895,.F.);
#1884 = FACE_BOUND('',#1885,.F.);
#1885 = EDGE_LOOP('',(#1886,#1887,#1893,#1894));
#1886 = ORIENTED_EDGE('',*,*,#1285,.F.);
#1887 = ORIENTED_EDGE('',*,*,#1888,.F.);
#1888 = EDGE_CURVE('',#349,#559,#1889,.T.);
#1889 = LINE('',#1890,#1891);
#1890 = CARTESIAN_POINT('',(-332.,139.5,4.));
#1891 = VECTOR('',#1892,1.);
#1892 = DIRECTION('',(0.,0.,-1.));
#1893 = ORIENTED_EDGE('',*,*,#356,.T.);
#1894 = ORIENTED_EDGE('',*,*,#1873,.T.);
#1895 = PLANE('',#1896);
#1896 = AXIS2_PLACEMENT_3D('',#1897,#1898,#1899);
#1897 = CARTESIAN_POINT('',(-340.,139.5,4.));
#1898 = DIRECTION('',(0.,1.,0.));
#1899 = DIRECTION('',(0.,0.,1.));
#1900 = ADVANCED_FACE('',(#1901),#1907,.T.);
#1901 = FACE_BOUND('',#1902,.T.);
#1902 = EDGE_LOOP('',(#1903,#1904,#1905,#1906));
#1903 = ORIENTED_EDGE('',*,*,#1365,.T.);
#1904 = ORIENTED_EDGE('',*,*,#556,.T.);
#1905 = ORIENTED_EDGE('',*,*,#1888,.F.);
#1906 = ORIENTED_EDGE('',*,*,#348,.F.);
#1907 = PLANE('',#1908);
#1908 = AXIS2_PLACEMENT_3D('',#1909,#1910,#1911);
#1909 = CARTESIAN_POINT('',(-332.,-147.5,4.));
#1910 = DIRECTION('',(1.,0.,0.));
#1911 = DIRECTION('',(0.,0.,1.));
#1912 = ADVANCED_FACE('',(#1913),#1942,.F.);
#1913 = FACE_BOUND('',#1914,.F.);
#1914 = EDGE_LOOP('',(#1915,#1916,#1917,#1925,#1933,#1939,#1940,#1941));
#1915 = ORIENTED_EDGE('',*,*,#540,.F.);
#1916 = ORIENTED_EDGE('',*,*,#629,.T.);
#1917 = ORIENTED_EDGE('',*,*,#1918,.T.);
#1918 = EDGE_CURVE('',#630,#1919,#1921,.T.);
#1919 = VERTEX_POINT('',#1920);
#1920 = CARTESIAN_POINT('',(-165.,92.063276573336,14.));
#1921 = LINE('',#1922,#1923);
#1922 = CARTESIAN_POINT('',(-165.,92.063276573336,4.));
#1923 = VECTOR('',#1924,1.);
#1924 = DIRECTION('',(0.,0.,1.));
#1925 = ORIENTED_EDGE('',*,*,#1926,.T.);
#1926 = EDGE_CURVE('',#1919,#1927,#1929,.T.);
#1927 = VERTEX_POINT('',#1928);
#1928 = CARTESIAN_POINT('',(-165.,99.239914916026,14.));
#1929 = LINE('',#1930,#1931);
#1930 = CARTESIAN_POINT('',(-165.,79.206927312629,14.));
#1931 = VECTOR('',#1932,1.);
#1932 = DIRECTION('',(0.,1.,0.));
#1933 = ORIENTED_EDGE('',*,*,#1934,.F.);
#1934 = EDGE_CURVE('',#454,#1927,#1935,.T.);
#1935 = LINE('',#1936,#1937);
#1936 = CARTESIAN_POINT('',(-165.,99.239914916026,4.));
#1937 = VECTOR('',#1938,1.);
#1938 = DIRECTION('',(0.,0.,1.));
#1939 = ORIENTED_EDGE('',*,*,#461,.T.);
#1940 = ORIENTED_EDGE('',*,*,#485,.T.);
#1941 = ORIENTED_EDGE('',*,*,#508,.F.);
#1942 = PLANE('',#1943);
#1943 = AXIS2_PLACEMENT_3D('',#1944,#1945,#1946);
#1944 = CARTESIAN_POINT('',(-165.,65.,4.));
#1945 = DIRECTION('',(1.,0.,0.));
#1946 = DIRECTION('',(0.,0.,1.));
#1947 = ADVANCED_FACE('',(#1948),#1966,.F.);
#1948 = FACE_BOUND('',#1949,.F.);
#1949 = EDGE_LOOP('',(#1950,#1951,#1952,#1960));
#1950 = ORIENTED_EDGE('',*,*,#453,.F.);
#1951 = ORIENTED_EDGE('',*,*,#1934,.T.);
#1952 = ORIENTED_EDGE('',*,*,#1953,.T.);
#1953 = EDGE_CURVE('',#1927,#1954,#1956,.T.);
#1954 = VERTEX_POINT('',#1955);
#1955 = CARTESIAN_POINT('',(-188.6186815515,104.5792445221,14.));
#1956 = LINE('',#1957,#1958);
#1957 = CARTESIAN_POINT('',(-139.228250949,93.413854625259,14.));
#1958 = VECTOR('',#1959,1.);
#1959 = DIRECTION('',(-0.975387035788,0.220499728835,0.));
#1960 = ORIENTED_EDGE('',*,*,#1961,.T.);
#1961 = EDGE_CURVE('',#1954,#446,#1962,.T.);
#1962 = LINE('',#1963,#1964);
#1963 = CARTESIAN_POINT('',(-188.6186815515,104.5792445221,3.9));
#1964 = VECTOR('',#1965,1.);
#1965 = DIRECTION('',(0.,0.,-1.));
#1966 = PLANE('',#1967);
#1967 = AXIS2_PLACEMENT_3D('',#1968,#1969,#1970);
#1968 = CARTESIAN_POINT('',(-139.228250949,93.413854625259,4.));
#1969 = DIRECTION('',(-0.220499728835,-0.975387035788,0.));
#1970 = DIRECTION('',(0.,0.,1.));
#1971 = ADVANCED_FACE('',(#1972),#2006,.F.);
#1972 = FACE_BOUND('',#1973,.F.);
#1973 = EDGE_LOOP('',(#1974,#1982,#1990,#1998,#2004,#2005));
#1974 = ORIENTED_EDGE('',*,*,#1975,.T.);
#1975 = EDGE_CURVE('',#1954,#1976,#1978,.T.);
#1976 = VERTEX_POINT('',#1977);
#1977 = CARTESIAN_POINT('',(-189.040583137,104.11184742407,14.));
#1978 = LINE('',#1979,#1980);
#1979 = CARTESIAN_POINT('',(-180.5188804131,113.55248301441,14.));
#1980 = VECTOR('',#1981,1.);
#1981 = DIRECTION('',(-0.67005572795,-0.742310798414,0.));
#1982 = ORIENTED_EDGE('',*,*,#1983,.T.);
#1983 = EDGE_CURVE('',#1976,#1984,#1986,.T.);
#1984 = VERTEX_POINT('',#1985);
#1985 = CARTESIAN_POINT('',(-189.040583137,104.11184742407,18.));
#1986 = LINE('',#1987,#1988);
#1987 = CARTESIAN_POINT('',(-189.040583137,104.11184742407,3.8));
#1988 = VECTOR('',#1989,1.);
#1989 = DIRECTION('',(0.,0.,1.));
#1990 = ORIENTED_EDGE('',*,*,#1991,.T.);
#1991 = EDGE_CURVE('',#1984,#1992,#1994,.T.);
#1992 = VERTEX_POINT('',#1993);
#1993 = CARTESIAN_POINT('',(-186.5258829368,106.89771886061,18.));
#1994 = LINE('',#1995,#1996);
#1995 = CARTESIAN_POINT('',(-189.040583137,104.11184742407,18.));
#1996 = VECTOR('',#1997,1.);
#1997 = DIRECTION('',(0.67005572795,0.742310798414,0.));
#1998 = ORIENTED_EDGE('',*,*,#1999,.F.);
#1999 = EDGE_CURVE('',#438,#1992,#2000,.T.);
#2000 = LINE('',#2001,#2002);
#2001 = CARTESIAN_POINT('',(-186.5258829368,106.89771886061,3.8));
#2002 = VECTOR('',#2003,1.);
#2003 = DIRECTION('',(0.,0.,1.));
#2004 = ORIENTED_EDGE('',*,*,#445,.T.);
#2005 = ORIENTED_EDGE('',*,*,#1961,.F.);
#2006 = PLANE('',#2007);
#2007 = AXIS2_PLACEMENT_3D('',#2008,#2009,#2010);
#2008 = CARTESIAN_POINT('',(-189.040583137,104.11184742407,3.8));
#2009 = DIRECTION('',(-0.742310798414,0.67005572795,0.));
#2010 = DIRECTION('',(0.67005572795,0.742310798414,0.));
#2011 = ADVANCED_FACE('',(#2012),#2023,.F.);
#2012 = FACE_BOUND('',#2013,.F.);
#2013 = EDGE_LOOP('',(#2014,#2015,#2016,#2022));
#2014 = ORIENTED_EDGE('',*,*,#437,.T.);
#2015 = ORIENTED_EDGE('',*,*,#1999,.T.);
#2016 = ORIENTED_EDGE('',*,*,#2017,.T.);
#2017 = EDGE_CURVE('',#1992,#1801,#2018,.T.);
#2018 = LINE('',#2019,#2020);
#2019 = CARTESIAN_POINT('',(-186.5258829368,106.89771886061,18.));
#2020 = VECTOR('',#2021,1.);
#2021 = DIRECTION('',(0.680993992769,0.732289001565,0.));
#2022 = ORIENTED_EDGE('',*,*,#1800,.F.);
#2023 = PLANE('',#2024);
#2024 = AXIS2_PLACEMENT_3D('',#2025,#2026,#2027);
#2025 = CARTESIAN_POINT('',(-186.5258829368,106.89771886061,3.8));
#2026 = DIRECTION('',(-0.732289001565,0.680993992769,0.));
#2027 = DIRECTION('',(0.680993992769,0.732289001565,0.));
#2028 = ADVANCED_FACE('',(#2029),#2047,.F.);
#2029 = FACE_BOUND('',#2030,.F.);
#2030 = EDGE_LOOP('',(#2031,#2032,#2033,#2041));
#2031 = ORIENTED_EDGE('',*,*,#1269,.T.);
#2032 = ORIENTED_EDGE('',*,*,#1866,.T.);
#2033 = ORIENTED_EDGE('',*,*,#2034,.T.);
#2034 = EDGE_CURVE('',#1859,#2035,#2037,.T.);
#2035 = VERTEX_POINT('',#2036);
#2036 = CARTESIAN_POINT('',(-230.8795767342,135.26435231057,18.));
#2037 = LINE('',#2038,#2039);
#2038 = CARTESIAN_POINT('',(-227.8981327671,138.66746689101,18.));
#2039 = VECTOR('',#2040,1.);
#2040 = DIRECTION('',(-0.658969995893,-0.752169225981,0.));
#2041 = ORIENTED_EDGE('',*,*,#2042,.F.);
#2042 = EDGE_CURVE('',#1262,#2035,#2043,.T.);
#2043 = LINE('',#2044,#2045);
#2044 = CARTESIAN_POINT('',(-230.8795767342,135.26435231057,3.8));
#2045 = VECTOR('',#2046,1.);
#2046 = DIRECTION('',(0.,0.,1.));
#2047 = PLANE('',#2048);
#2048 = AXIS2_PLACEMENT_3D('',#2049,#2050,#2051);
#2049 = CARTESIAN_POINT('',(-227.8981327671,138.66746689101,3.8));
#2050 = DIRECTION('',(0.752169225981,-0.658969995893,0.));
#2051 = DIRECTION('',(-0.658969995893,-0.752169225981,0.));
#2052 = ADVANCED_FACE('',(#2053),#2071,.F.);
#2053 = FACE_BOUND('',#2054,.F.);
#2054 = EDGE_LOOP('',(#2055,#2056,#2057,#2065));
#2055 = ORIENTED_EDGE('',*,*,#1261,.T.);
#2056 = ORIENTED_EDGE('',*,*,#2042,.T.);
#2057 = ORIENTED_EDGE('',*,*,#2058,.T.);
#2058 = EDGE_CURVE('',#2035,#2059,#2061,.T.);
#2059 = VERTEX_POINT('',#2060);
#2060 = CARTESIAN_POINT('',(-233.810208251,131.81738322312,18.));
#2061 = LINE('',#2062,#2063);
#2062 = CARTESIAN_POINT('',(-230.8795767342,135.26435231057,18.));
#2063 = VECTOR('',#2064,1.);
#2064 = DIRECTION('',(-0.647739236369,-0.761862114603,0.));
#2065 = ORIENTED_EDGE('',*,*,#2066,.F.);
#2066 = EDGE_CURVE('',#1254,#2059,#2067,.T.);
#2067 = LINE('',#2068,#2069);
#2068 = CARTESIAN_POINT('',(-233.810208251,131.81738322312,3.8));
#2069 = VECTOR('',#2070,1.);
#2070 = DIRECTION('',(0.,0.,1.));
#2071 = PLANE('',#2072);
#2072 = AXIS2_PLACEMENT_3D('',#2073,#2074,#2075);
#2073 = CARTESIAN_POINT('',(-230.8795767342,135.26435231057,3.8));
#2074 = DIRECTION('',(0.761862114603,-0.647739236369,0.));
#2075 = DIRECTION('',(-0.647739236369,-0.761862114603,0.));
#2076 = ADVANCED_FACE('',(#2077),#2095,.F.);
#2077 = FACE_BOUND('',#2078,.F.);
#2078 = EDGE_LOOP('',(#2079,#2080,#2081,#2089));
#2079 = ORIENTED_EDGE('',*,*,#1253,.T.);
#2080 = ORIENTED_EDGE('',*,*,#2066,.T.);
#2081 = ORIENTED_EDGE('',*,*,#2082,.T.);
#2082 = EDGE_CURVE('',#2059,#2083,#2085,.T.);
#2083 = VERTEX_POINT('',#2084);
#2084 = CARTESIAN_POINT('',(-236.689382338,128.32731824467,18.));
#2085 = LINE('',#2086,#2087);
#2086 = CARTESIAN_POINT('',(-233.810208251,131.81738322312,18.));
#2087 = VECTOR('',#2088,1.);
#2088 = DIRECTION('',(-0.636365921066,-0.771387331051,0.));
#2089 = ORIENTED_EDGE('',*,*,#2090,.F.);
#2090 = EDGE_CURVE('',#1246,#2083,#2091,.T.);
#2091 = LINE('',#2092,#2093);
#2092 = CARTESIAN_POINT('',(-236.689382338,128.32731824467,3.8));
#2093 = VECTOR('',#2094,1.);
#2094 = DIRECTION('',(0.,0.,1.));
#2095 = PLANE('',#2096);
#2096 = AXIS2_PLACEMENT_3D('',#2097,#2098,#2099);
#2097 = CARTESIAN_POINT('',(-233.810208251,131.81738322312,3.8));
#2098 = DIRECTION('',(0.771387331051,-0.636365921066,0.));
#2099 = DIRECTION('',(-0.636365921066,-0.771387331051,0.));
#2100 = ADVANCED_FACE('',(#2101),#2119,.F.);
#2101 = FACE_BOUND('',#2102,.F.);
#2102 = EDGE_LOOP('',(#2103,#2104,#2105,#2113));
#2103 = ORIENTED_EDGE('',*,*,#1245,.T.);
#2104 = ORIENTED_EDGE('',*,*,#2090,.T.);
#2105 = ORIENTED_EDGE('',*,*,#2106,.T.);
#2106 = EDGE_CURVE('',#2083,#2107,#2109,.T.);
#2107 = VERTEX_POINT('',#2108);
#2108 = CARTESIAN_POINT('',(-239.5164653407,124.79492547588,18.));
#2109 = LINE('',#2110,#2111);
#2110 = CARTESIAN_POINT('',(-236.689382338,128.32731824467,18.));
#2111 = VECTOR('',#2112,1.);
#2112 = DIRECTION('',(-0.624852553048,-0.780742778993,0.));
#2113 = ORIENTED_EDGE('',*,*,#2114,.F.);
#2114 = EDGE_CURVE('',#1238,#2107,#2115,.T.);
#2115 = LINE('',#2116,#2117);
#2116 = CARTESIAN_POINT('',(-239.5164653407,124.79492547588,3.8));
#2117 = VECTOR('',#2118,1.);
#2118 = DIRECTION('',(0.,0.,1.));
#2119 = PLANE('',#2120);
#2120 = AXIS2_PLACEMENT_3D('',#2121,#2122,#2123);
#2121 = CARTESIAN_POINT('',(-236.689382338,128.32731824467,3.8));
#2122 = DIRECTION('',(0.780742778993,-0.624852553048,0.));
#2123 = DIRECTION('',(-0.624852553048,-0.780742778993,0.));
#2124 = ADVANCED_FACE('',(#2125),#2143,.F.);
#2125 = FACE_BOUND('',#2126,.F.);
#2126 = EDGE_LOOP('',(#2127,#2128,#2129,#2137));
#2127 = ORIENTED_EDGE('',*,*,#1237,.T.);
#2128 = ORIENTED_EDGE('',*,*,#2114,.T.);
#2129 = ORIENTED_EDGE('',*,*,#2130,.T.);
#2130 = EDGE_CURVE('',#2107,#2131,#2133,.T.);
#2131 = VERTEX_POINT('',#2132);
#2132 = CARTESIAN_POINT('',(-242.2908350688,121.22098233298,18.));
#2133 = LINE('',#2134,#2135);
#2134 = CARTESIAN_POINT('',(-239.5164653407,124.79492547588,18.));
#2135 = VECTOR('',#2136,1.);
#2136 = DIRECTION('',(-0.613201666199,-0.789926399465,0.));
#2137 = ORIENTED_EDGE('',*,*,#2138,.F.);
#2138 = EDGE_CURVE('',#1230,#2131,#2139,.T.);
#2139 = LINE('',#2140,#2141);
#2140 = CARTESIAN_POINT('',(-242.2908350688,121.22098233298,3.8));
#2141 = VECTOR('',#2142,1.);
#2142 = DIRECTION('',(0.,0.,1.));
#2143 = PLANE('',#2144);
#2144 = AXIS2_PLACEMENT_3D('',#2145,#2146,#2147);
#2145 = CARTESIAN_POINT('',(-239.5164653407,124.79492547588,3.8));
#2146 = DIRECTION('',(0.789926399465,-0.613201666199,0.));
#2147 = DIRECTION('',(-0.613201666199,-0.789926399465,0.));
#2148 = ADVANCED_FACE('',(#2149),#2167,.F.);
#2149 = FACE_BOUND('',#2150,.F.);
#2150 = EDGE_LOOP('',(#2151,#2152,#2153,#2161));
#2151 = ORIENTED_EDGE('',*,*,#1229,.T.);
#2152 = ORIENTED_EDGE('',*,*,#2138,.T.);
#2153 = ORIENTED_EDGE('',*,*,#2154,.T.);
#2154 = EDGE_CURVE('',#2131,#2155,#2157,.T.);
#2155 = VERTEX_POINT('',#2156);
#2156 = CARTESIAN_POINT('',(-245.0118809334,117.60627537672,18.));
#2157 = LINE('',#2158,#2159);
#2158 = CARTESIAN_POINT('',(-242.2908350688,121.22098233298,18.));
#2159 = VECTOR('',#2160,1.);
#2160 = DIRECTION('',(-0.60141582467,-0.798936171315,0.));
#2161 = ORIENTED_EDGE('',*,*,#2162,.F.);
#2162 = EDGE_CURVE('',#1222,#2155,#2163,.T.);
#2163 = LINE('',#2164,#2165);
#2164 = CARTESIAN_POINT('',(-245.0118809334,117.60627537672,3.8));
#2165 = VECTOR('',#2166,1.);
#2166 = DIRECTION('',(0.,0.,1.));
#2167 = PLANE('',#2168);
#2168 = AXIS2_PLACEMENT_3D('',#2169,#2170,#2171);
#2169 = CARTESIAN_POINT('',(-242.2908350688,121.22098233298,3.8));
#2170 = DIRECTION('',(0.798936171315,-0.60141582467,0.));
#2171 = DIRECTION('',(-0.60141582467,-0.798936171315,0.));
#2172 = ADVANCED_FACE('',(#2173),#2207,.F.);
#2173 = FACE_BOUND('',#2174,.F.);
#2174 = EDGE_LOOP('',(#2175,#2176,#2177,#2185,#2193,#2201));
#2175 = ORIENTED_EDGE('',*,*,#1221,.T.);
#2176 = ORIENTED_EDGE('',*,*,#2162,.T.);
#2177 = ORIENTED_EDGE('',*,*,#2178,.T.);
#2178 = EDGE_CURVE('',#2155,#2179,#2181,.T.);
#2179 = VERTEX_POINT('',#2180);
#2180 = CARTESIAN_POINT('',(-247.6790040812,113.95160013919,18.));
#2181 = LINE('',#2182,#2183);
#2182 = CARTESIAN_POINT('',(-245.0118809334,117.60627537672,18.));
#2183 = VECTOR('',#2184,1.);
#2184 = DIRECTION('',(-0.589497622315,-0.807770111656,0.));
#2185 = ORIENTED_EDGE('',*,*,#2186,.F.);
#2186 = EDGE_CURVE('',#2187,#2179,#2189,.T.);
#2187 = VERTEX_POINT('',#2188);
#2188 = CARTESIAN_POINT('',(-247.6790040812,113.95160013919,14.));
#2189 = LINE('',#2190,#2191);
#2190 = CARTESIAN_POINT('',(-247.6790040812,113.95160013919,3.8));
#2191 = VECTOR('',#2192,1.);
#2192 = DIRECTION('',(0.,0.,1.));
#2193 = ORIENTED_EDGE('',*,*,#2194,.T.);
#2194 = EDGE_CURVE('',#2187,#2195,#2197,.T.);
#2195 = VERTEX_POINT('',#2196);
#2196 = CARTESIAN_POINT('',(-245.1863860768,117.36715644936,14.));
#2197 = LINE('',#2198,#2199);
#2198 = CARTESIAN_POINT('',(-232.3915373939,134.89953649286,14.));
#2199 = VECTOR('',#2200,1.);
#2200 = DIRECTION('',(0.589497622315,0.807770111656,0.));
#2201 = ORIENTED_EDGE('',*,*,#2202,.F.);
#2202 = EDGE_CURVE('',#1214,#2195,#2203,.T.);
#2203 = LINE('',#2204,#2205);
#2204 = CARTESIAN_POINT('',(-245.1863860768,117.36715644936,3.9));
#2205 = VECTOR('',#2206,1.);
#2206 = DIRECTION('',(0.,0.,1.));
#2207 = PLANE('',#2208);
#2208 = AXIS2_PLACEMENT_3D('',#2209,#2210,#2211);
#2209 = CARTESIAN_POINT('',(-245.0118809334,117.60627537672,3.8));
#2210 = DIRECTION('',(0.807770111656,-0.589497622315,0.));
#2211 = DIRECTION('',(-0.589497622315,-0.807770111656,0.));
#2212 = ADVANCED_FACE('',(#2213),#2231,.F.);
#2213 = FACE_BOUND('',#2214,.F.);
#2214 = EDGE_LOOP('',(#2215,#2216,#2217,#2225));
#2215 = ORIENTED_EDGE('',*,*,#1213,.F.);
#2216 = ORIENTED_EDGE('',*,*,#2202,.T.);
#2217 = ORIENTED_EDGE('',*,*,#2218,.T.);
#2218 = EDGE_CURVE('',#2195,#2219,#2221,.T.);
#2219 = VERTEX_POINT('',#2220);
#2220 = CARTESIAN_POINT('',(-327.228250949,135.91385462525,14.));
#2221 = LINE('',#2222,#2223);
#2222 = CARTESIAN_POINT('',(-139.228250949,93.413854625259,14.));
#2223 = VECTOR('',#2224,1.);
#2224 = DIRECTION('',(-0.975387035788,0.220499728835,0.));
#2225 = ORIENTED_EDGE('',*,*,#2226,.F.);
#2226 = EDGE_CURVE('',#1206,#2219,#2227,.T.);
#2227 = LINE('',#2228,#2229);
#2228 = CARTESIAN_POINT('',(-327.228250949,135.91385462525,4.));
#2229 = VECTOR('',#2230,1.);
#2230 = DIRECTION('',(0.,0.,1.));
#2231 = PLANE('',#2232);
#2232 = AXIS2_PLACEMENT_3D('',#2233,#2234,#2235);
#2233 = CARTESIAN_POINT('',(-139.228250949,93.413854625259,4.));
#2234 = DIRECTION('',(-0.220499728835,-0.975387035788,0.));
#2235 = DIRECTION('',(0.,0.,1.));
#2236 = ADVANCED_FACE('',(#2237),#2255,.T.);
#2237 = FACE_BOUND('',#2238,.T.);
#2238 = EDGE_LOOP('',(#2239,#2240,#2241,#2249));
#2239 = ORIENTED_EDGE('',*,*,#2226,.F.);
#2240 = ORIENTED_EDGE('',*,*,#1205,.T.);
#2241 = ORIENTED_EDGE('',*,*,#2242,.T.);
#2242 = EDGE_CURVE('',#1198,#2243,#2245,.T.);
#2243 = VERTEX_POINT('',#2244);
#2244 = CARTESIAN_POINT('',(-328.7717490509,129.08614537474,14.));
#2245 = LINE('',#2246,#2247);
#2246 = CARTESIAN_POINT('',(-328.7717490509,129.08614537474,4.));
#2247 = VECTOR('',#2248,1.);
#2248 = DIRECTION('',(0.,0.,1.));
#2249 = ORIENTED_EDGE('',*,*,#2250,.F.);
#2250 = EDGE_CURVE('',#2219,#2243,#2251,.T.);
#2251 = LINE('',#2252,#2253);
#2252 = CARTESIAN_POINT('',(-327.228250949,135.91385462525,14.));
#2253 = VECTOR('',#2254,1.);
#2254 = DIRECTION('',(-0.220499728835,-0.975387035788,0.));
#2255 = PLANE('',#2256);
#2256 = AXIS2_PLACEMENT_3D('',#2257,#2258,#2259);
#2257 = CARTESIAN_POINT('',(-327.228250949,135.91385462525,4.));
#2258 = DIRECTION('',(-0.975387035788,0.220499728835,0.));
#2259 = DIRECTION('',(0.,0.,1.));
#2260 = ADVANCED_FACE('',(#2261),#2279,.T.);
#2261 = FACE_BOUND('',#2262,.T.);
#2262 = EDGE_LOOP('',(#2263,#2264,#2272,#2278));
#2263 = ORIENTED_EDGE('',*,*,#1197,.F.);
#2264 = ORIENTED_EDGE('',*,*,#2265,.T.);
#2265 = EDGE_CURVE('',#1190,#2266,#2268,.T.);
#2266 = VERTEX_POINT('',#2267);
#2267 = CARTESIAN_POINT('',(-249.6288592704,111.19480061054,14.));
#2268 = LINE('',#2269,#2270);
#2269 = CARTESIAN_POINT('',(-249.6288592704,111.19480061054,3.9));
#2270 = VECTOR('',#2271,1.);
#2271 = DIRECTION('',(0.,0.,1.));
#2272 = ORIENTED_EDGE('',*,*,#2273,.T.);
#2273 = EDGE_CURVE('',#2266,#2243,#2274,.T.);
#2274 = LINE('',#2275,#2276);
#2275 = CARTESIAN_POINT('',(-140.7717490509,86.586145374741,14.));
#2276 = VECTOR('',#2277,1.);
#2277 = DIRECTION('',(-0.975387035788,0.220499728835,0.));
#2278 = ORIENTED_EDGE('',*,*,#2242,.F.);
#2279 = PLANE('',#2280);
#2280 = AXIS2_PLACEMENT_3D('',#2281,#2282,#2283);
#2281 = CARTESIAN_POINT('',(-140.7717490509,86.586145374741,4.));
#2282 = DIRECTION('',(-0.220499728835,-0.975387035788,0.));
#2283 = DIRECTION('',(0.,0.,1.));
#2284 = ADVANCED_FACE('',(#2285),#2310,.F.);
#2285 = FACE_BOUND('',#2286,.F.);
#2286 = EDGE_LOOP('',(#2287,#2293,#2294,#2302,#2308,#2309));
#2287 = ORIENTED_EDGE('',*,*,#2288,.T.);
#2288 = EDGE_CURVE('',#2266,#2187,#2289,.T.);
#2289 = LINE('',#2290,#2291);
#2290 = CARTESIAN_POINT('',(-234.4388630545,132.67115159247,14.));
#2291 = VECTOR('',#2292,1.);
#2292 = DIRECTION('',(0.577449682115,0.816426276295,0.));
#2293 = ORIENTED_EDGE('',*,*,#2186,.T.);
#2294 = ORIENTED_EDGE('',*,*,#2295,.T.);
#2295 = EDGE_CURVE('',#2179,#2296,#2298,.T.);
#2296 = VERTEX_POINT('',#2297);
#2297 = CARTESIAN_POINT('',(-250.2916175261,110.25776094883,18.));
#2298 = LINE('',#2299,#2300);
#2299 = CARTESIAN_POINT('',(-247.6790040812,113.95160013919,18.));
#2300 = VECTOR('',#2301,1.);
#2301 = DIRECTION('',(-0.577449682115,-0.816426276295,0.));
#2302 = ORIENTED_EDGE('',*,*,#2303,.F.);
#2303 = EDGE_CURVE('',#1182,#2296,#2304,.T.);
#2304 = LINE('',#2305,#2306);
#2305 = CARTESIAN_POINT('',(-250.2916175261,110.25776094883,3.8));
#2306 = VECTOR('',#2307,1.);
#2307 = DIRECTION('',(0.,0.,1.));
#2308 = ORIENTED_EDGE('',*,*,#1189,.T.);
#2309 = ORIENTED_EDGE('',*,*,#2265,.T.);
#2310 = PLANE('',#2311);
#2311 = AXIS2_PLACEMENT_3D('',#2312,#2313,#2314);
#2312 = CARTESIAN_POINT('',(-247.6790040812,113.95160013919,3.8));
#2313 = DIRECTION('',(0.816426276295,-0.577449682115,0.));
#2314 = DIRECTION('',(-0.577449682115,-0.816426276295,0.));
#2315 = ADVANCED_FACE('',(#2316),#2334,.F.);
#2316 = FACE_BOUND('',#2317,.F.);
#2317 = EDGE_LOOP('',(#2318,#2319,#2320,#2328));
#2318 = ORIENTED_EDGE('',*,*,#1181,.T.);
#2319 = ORIENTED_EDGE('',*,*,#2303,.T.);
#2320 = ORIENTED_EDGE('',*,*,#2321,.T.);
#2321 = EDGE_CURVE('',#2296,#2322,#2324,.T.);
#2322 = VERTEX_POINT('',#2323);
#2323 = CARTESIAN_POINT('',(-252.8491462789,106.52557075332,18.));
#2324 = LINE('',#2325,#2326);
#2325 = CARTESIAN_POINT('',(-250.2916175261,110.25776094883,18.));
#2326 = VECTOR('',#2327,1.);
#2327 = DIRECTION('',(-0.565274655605,-0.824902760167,0.));
#2328 = ORIENTED_EDGE('',*,*,#2329,.F.);
#2329 = EDGE_CURVE('',#1174,#2322,#2330,.T.);
#2330 = LINE('',#2331,#2332);
#2331 = CARTESIAN_POINT('',(-252.8491462789,106.52557075332,3.8));
#2332 = VECTOR('',#2333,1.);
#2333 = DIRECTION('',(0.,0.,1.));
#2334 = PLANE('',#2335);
#2335 = AXIS2_PLACEMENT_3D('',#2336,#2337,#2338);
#2336 = CARTESIAN_POINT('',(-250.2916175261,110.25776094883,3.8));
#2337 = DIRECTION('',(0.824902760167,-0.565274655605,0.));
#2338 = DIRECTION('',(-0.565274655605,-0.824902760167,0.));
#2339 = ADVANCED_FACE('',(#2340),#2358,.F.);
#2340 = FACE_BOUND('',#2341,.F.);
#2341 = EDGE_LOOP('',(#2342,#2343,#2344,#2352));
#2342 = ORIENTED_EDGE('',*,*,#1173,.T.);
#2343 = ORIENTED_EDGE('',*,*,#2329,.T.);
#2344 = ORIENTED_EDGE('',*,*,#2345,.T.);
#2345 = EDGE_CURVE('',#2322,#2346,#2348,.T.);
#2346 = VERTEX_POINT('',#2347);
#2347 = CARTESIAN_POINT('',(-255.3510274735,102.75585094074,18.));
#2348 = LINE('',#2349,#2350);
#2349 = CARTESIAN_POINT('',(-252.8491462789,106.52557075332,18.));
#2350 = VECTOR('',#2351,1.);
#2351 = DIRECTION('',(-0.55297522229,-0.833197697748,0.));
#2352 = ORIENTED_EDGE('',*,*,#2353,.F.);
#2353 = EDGE_CURVE('',#1166,#2346,#2354,.T.);
#2354 = LINE('',#2355,#2356);
#2355 = CARTESIAN_POINT('',(-255.3510274735,102.75585094074,3.8));
#2356 = VECTOR('',#2357,1.);
#2357 = DIRECTION('',(0.,0.,1.));
#2358 = PLANE('',#2359);
#2359 = AXIS2_PLACEMENT_3D('',#2360,#2361,#2362);
#2360 = CARTESIAN_POINT('',(-252.8491462789,106.52557075332,3.8));
#2361 = DIRECTION('',(0.833197697748,-0.55297522229,0.));
#2362 = DIRECTION('',(-0.55297522229,-0.833197697748,0.));
#2363 = ADVANCED_FACE('',(#2364),#2382,.F.);
#2364 = FACE_BOUND('',#2365,.F.);
#2365 = EDGE_LOOP('',(#2366,#2367,#2368,#2376));
#2366 = ORIENTED_EDGE('',*,*,#1165,.T.);
#2367 = ORIENTED_EDGE('',*,*,#2353,.T.);
#2368 = ORIENTED_EDGE('',*,*,#2369,.T.);
#2369 = EDGE_CURVE('',#2346,#2370,#2372,.T.);
#2370 = VERTEX_POINT('',#2371);
#2371 = CARTESIAN_POINT('',(-257.7967104906,98.949431158747,18.));
#2372 = LINE('',#2373,#2374);
#2373 = CARTESIAN_POINT('',(-255.3510274735,102.75585094074,18.));
#2374 = VECTOR('',#2375,1.);
#2375 = DIRECTION('',(-0.540554089056,-0.841309263473,0.));
#2376 = ORIENTED_EDGE('',*,*,#2377,.F.);
#2377 = EDGE_CURVE('',#1158,#2370,#2378,.T.);
#2378 = LINE('',#2379,#2380);
#2379 = CARTESIAN_POINT('',(-257.7967104906,98.949431158747,3.8));
#2380 = VECTOR('',#2381,1.);
#2381 = DIRECTION('',(0.,0.,1.));
#2382 = PLANE('',#2383);
#2383 = AXIS2_PLACEMENT_3D('',#2384,#2385,#2386);
#2384 = CARTESIAN_POINT('',(-255.3510274735,102.75585094074,3.8));
#2385 = DIRECTION('',(0.841309263473,-0.540554089056,0.));
#2386 = DIRECTION('',(-0.540554089056,-0.841309263473,0.));
#2387 = ADVANCED_FACE('',(#2388),#2406,.F.);
#2388 = FACE_BOUND('',#2389,.F.);
#2389 = EDGE_LOOP('',(#2390,#2391,#2392,#2400));
#2390 = ORIENTED_EDGE('',*,*,#1157,.T.);
#2391 = ORIENTED_EDGE('',*,*,#2377,.T.);
#2392 = ORIENTED_EDGE('',*,*,#2393,.T.);
#2393 = EDGE_CURVE('',#2370,#2394,#2396,.T.);
#2394 = VERTEX_POINT('',#2395);
#2395 = CARTESIAN_POINT('',(-260.1856570794,95.107149132004,18.));
#2396 = LINE('',#2397,#2398);
#2397 = CARTESIAN_POINT('',(-257.7967104906,98.949431158747,18.));
#2398 = VECTOR('',#2399,1.);
#2399 = DIRECTION('',(-0.528013989569,-0.849235672131,0.));
#2400 = ORIENTED_EDGE('',*,*,#2401,.F.);
#2401 = EDGE_CURVE('',#1150,#2394,#2402,.T.);
#2402 = LINE('',#2403,#2404);
#2403 = CARTESIAN_POINT('',(-260.1856570794,95.107149132004,3.8));
#2404 = VECTOR('',#2405,1.);
#2405 = DIRECTION('',(0.,0.,1.));
#2406 = PLANE('',#2407);
#2407 = AXIS2_PLACEMENT_3D('',#2408,#2409,#2410);
#2408 = CARTESIAN_POINT('',(-257.7967104906,98.949431158747,3.8));
#2409 = DIRECTION('',(0.849235672131,-0.528013989569,0.));
#2410 = DIRECTION('',(-0.528013989569,-0.849235672131,0.));
#2411 = ADVANCED_FACE('',(#2412),#2430,.F.);
#2412 = FACE_BOUND('',#2413,.F.);
#2413 = EDGE_LOOP('',(#2414,#2415,#2416,#2424));
#2414 = ORIENTED_EDGE('',*,*,#1149,.T.);
#2415 = ORIENTED_EDGE('',*,*,#2401,.T.);
#2416 = ORIENTED_EDGE('',*,*,#2417,.T.);
#2417 = EDGE_CURVE('',#2394,#2418,#2420,.T.);
#2418 = VERTEX_POINT('',#2419);
#2419 = CARTESIAN_POINT('',(-262.5173414755,91.229850477816,18.));
#2420 = LINE('',#2421,#2422);
#2421 = CARTESIAN_POINT('',(-260.1856570794,95.107149132004,18.));
#2422 = VECTOR('',#2423,1.);
#2423 = DIRECTION('',(-0.515357683682,-0.856975179261,0.));
#2424 = ORIENTED_EDGE('',*,*,#2425,.F.);
#2425 = EDGE_CURVE('',#1142,#2418,#2426,.T.);
#2426 = LINE('',#2427,#2428);
#2427 = CARTESIAN_POINT('',(-262.5173414755,91.229850477816,3.8));
#2428 = VECTOR('',#2429,1.);
#2429 = DIRECTION('',(0.,0.,1.));
#2430 = PLANE('',#2431);
#2431 = AXIS2_PLACEMENT_3D('',#2432,#2433,#2434);
#2432 = CARTESIAN_POINT('',(-260.1856570794,95.107149132004,3.8));
#2433 = DIRECTION('',(0.856975179261,-0.515357683682,0.));
#2434 = DIRECTION('',(-0.515357683682,-0.856975179261,0.));
#2435 = ADVANCED_FACE('',(#2436),#2454,.F.);
#2436 = FACE_BOUND('',#2437,.F.);
#2437 = EDGE_LOOP('',(#2438,#2439,#2440,#2448));
#2438 = ORIENTED_EDGE('',*,*,#1141,.T.);
#2439 = ORIENTED_EDGE('',*,*,#2425,.T.);
#2440 = ORIENTED_EDGE('',*,*,#2441,.T.);
#2441 = EDGE_CURVE('',#2418,#2442,#2444,.T.);
#2442 = VERTEX_POINT('',#2443);
#2443 = CARTESIAN_POINT('',(-264.7912505172,87.318388520017,18.));
#2444 = LINE('',#2445,#2446);
#2445 = CARTESIAN_POINT('',(-262.5173414755,91.229850477816,18.));
#2446 = VECTOR('',#2447,1.);
#2447 = DIRECTION('',(-0.50258795682,-0.864526081538,0.));
#2448 = ORIENTED_EDGE('',*,*,#2449,.F.);
#2449 = EDGE_CURVE('',#1134,#2442,#2450,.T.);
#2450 = LINE('',#2451,#2452);
#2451 = CARTESIAN_POINT('',(-264.7912505172,87.318388520017,3.8));
#2452 = VECTOR('',#2453,1.);
#2453 = DIRECTION('',(0.,0.,1.));
#2454 = PLANE('',#2455);
#2455 = AXIS2_PLACEMENT_3D('',#2456,#2457,#2458);
#2456 = CARTESIAN_POINT('',(-262.5173414755,91.229850477816,3.8));
#2457 = DIRECTION('',(0.864526081538,-0.50258795682,0.));
#2458 = DIRECTION('',(-0.50258795682,-0.864526081538,0.));
#2459 = ADVANCED_FACE('',(#2460),#2478,.F.);
#2460 = FACE_BOUND('',#2461,.F.);
#2461 = EDGE_LOOP('',(#2462,#2463,#2464,#2472));
#2462 = ORIENTED_EDGE('',*,*,#1133,.T.);
#2463 = ORIENTED_EDGE('',*,*,#2449,.T.);
#2464 = ORIENTED_EDGE('',*,*,#2465,.T.);
#2465 = EDGE_CURVE('',#2442,#2466,#2468,.T.);
#2466 = VERTEX_POINT('',#2467);
#2467 = CARTESIAN_POINT('',(-267.0068837577,83.373624101171,18.));
#2468 = LINE('',#2469,#2470);
#2469 = CARTESIAN_POINT('',(-264.7912505172,87.318388520017,18.));
#2470 = VECTOR('',#2471,1.);
#2471 = DIRECTION('',(-0.48970761937,-0.871886717143,0.));
#2472 = ORIENTED_EDGE('',*,*,#2473,.F.);
#2473 = EDGE_CURVE('',#1126,#2466,#2474,.T.);
#2474 = LINE('',#2475,#2476);
#2475 = CARTESIAN_POINT('',(-267.0068837577,83.373624101171,3.8));
#2476 = VECTOR('',#2477,1.);
#2477 = DIRECTION('',(0.,0.,1.));
#2478 = PLANE('',#2479);
#2479 = AXIS2_PLACEMENT_3D('',#2480,#2481,#2482);
#2480 = CARTESIAN_POINT('',(-264.7912505172,87.318388520017,3.8));
#2481 = DIRECTION('',(0.871886717143,-0.48970761937,0.));
#2482 = DIRECTION('',(-0.48970761937,-0.871886717143,0.));
#2483 = ADVANCED_FACE('',(#2484),#2502,.F.);
#2484 = FACE_BOUND('',#2485,.F.);
#2485 = EDGE_LOOP('',(#2486,#2487,#2488,#2496));
#2486 = ORIENTED_EDGE('',*,*,#1125,.T.);
#2487 = ORIENTED_EDGE('',*,*,#2473,.T.);
#2488 = ORIENTED_EDGE('',*,*,#2489,.T.);
#2489 = EDGE_CURVE('',#2466,#2490,#2492,.T.);
#2490 = VERTEX_POINT('',#2491);
#2491 = CARTESIAN_POINT('',(-269.1637535762,79.396425393114,18.));
#2492 = LINE('',#2493,#2494);
#2493 = CARTESIAN_POINT('',(-267.0068837577,83.373624101171,18.));
#2494 = VECTOR('',#2495,1.);
#2495 = DIRECTION('',(-0.476719506064,-0.879055466133,0.));
#2496 = ORIENTED_EDGE('',*,*,#2497,.F.);
#2497 = EDGE_CURVE('',#1118,#2490,#2498,.T.);
#2498 = LINE('',#2499,#2500);
#2499 = CARTESIAN_POINT('',(-269.1637535762,79.396425393114,3.8));
#2500 = VECTOR('',#2501,1.);
#2501 = DIRECTION('',(0.,0.,1.));
#2502 = PLANE('',#2503);
#2503 = AXIS2_PLACEMENT_3D('',#2504,#2505,#2506);
#2504 = CARTESIAN_POINT('',(-267.0068837577,83.373624101171,3.8));
#2505 = DIRECTION('',(0.879055466133,-0.476719506064,0.));
#2506 = DIRECTION('',(-0.476719506064,-0.879055466133,0.));
#2507 = ADVANCED_FACE('',(#2508),#2526,.F.);
#2508 = FACE_BOUND('',#2509,.F.);
#2509 = EDGE_LOOP('',(#2510,#2511,#2512,#2520));
#2510 = ORIENTED_EDGE('',*,*,#1117,.T.);
#2511 = ORIENTED_EDGE('',*,*,#2497,.T.);
#2512 = ORIENTED_EDGE('',*,*,#2513,.T.);
#2513 = EDGE_CURVE('',#2490,#2514,#2516,.T.);
#2514 = VERTEX_POINT('',#2515);
#2515 = CARTESIAN_POINT('',(-271.2613852841,75.387667705889,18.));
#2516 = LINE('',#2517,#2518);
#2517 = CARTESIAN_POINT('',(-269.1637535762,79.396425393114,18.));
#2518 = VECTOR('',#2519,1.);
#2519 = DIRECTION('',(-0.463626475352,-0.886030750794,0.));
#2520 = ORIENTED_EDGE('',*,*,#2521,.F.);
#2521 = EDGE_CURVE('',#1110,#2514,#2522,.T.);
#2522 = LINE('',#2523,#2524);
#2523 = CARTESIAN_POINT('',(-271.2613852841,75.387667705889,3.8));
#2524 = VECTOR('',#2525,1.);
#2525 = DIRECTION('',(0.,0.,1.));
#2526 = PLANE('',#2527);
#2527 = AXIS2_PLACEMENT_3D('',#2528,#2529,#2530);
#2528 = CARTESIAN_POINT('',(-269.1637535762,79.396425393114,3.8));
#2529 = DIRECTION('',(0.886030750794,-0.463626475352,0.));
#2530 = DIRECTION('',(-0.463626475352,-0.886030750794,0.));
#2531 = ADVANCED_FACE('',(#2532),#2550,.F.);
#2532 = FACE_BOUND('',#2533,.F.);
#2533 = EDGE_LOOP('',(#2534,#2535,#2536,#2544));
#2534 = ORIENTED_EDGE('',*,*,#1109,.T.);
#2535 = ORIENTED_EDGE('',*,*,#2521,.T.);
#2536 = ORIENTED_EDGE('',*,*,#2537,.T.);
#2537 = EDGE_CURVE('',#2514,#2538,#2540,.T.);
#2538 = VERTEX_POINT('',#2539);
#2539 = CARTESIAN_POINT('',(-273.2993172304,71.348233295104,18.));
#2540 = LINE('',#2541,#2542);
#2541 = CARTESIAN_POINT('',(-271.2613852841,75.387667705889,18.));
#2542 = VECTOR('',#2543,1.);
#2543 = DIRECTION('',(-0.450431408775,-0.892811035992,0.));
#2544 = ORIENTED_EDGE('',*,*,#2545,.F.);
#2545 = EDGE_CURVE('',#1102,#2538,#2546,.T.);
#2546 = LINE('',#2547,#2548);
#2547 = CARTESIAN_POINT('',(-273.2993172304,71.348233295104,3.8));
#2548 = VECTOR('',#2549,1.);
#2549 = DIRECTION('',(0.,0.,1.));
#2550 = PLANE('',#2551);
#2551 = AXIS2_PLACEMENT_3D('',#2552,#2553,#2554);
#2552 = CARTESIAN_POINT('',(-271.2613852841,75.387667705889,3.8));
#2553 = DIRECTION('',(0.892811035992,-0.450431408775,0.));
#2554 = DIRECTION('',(-0.450431408775,-0.892811035992,0.));
#2555 = ADVANCED_FACE('',(#2556),#2574,.F.);
#2556 = FACE_BOUND('',#2557,.F.);
#2557 = EDGE_LOOP('',(#2558,#2559,#2560,#2568));
#2558 = ORIENTED_EDGE('',*,*,#1101,.T.);
#2559 = ORIENTED_EDGE('',*,*,#2545,.T.);
#2560 = ORIENTED_EDGE('',*,*,#2561,.T.);
#2561 = EDGE_CURVE('',#2538,#2562,#2564,.T.);
#2562 = VERTEX_POINT('',#2563);
#2563 = CARTESIAN_POINT('',(-275.277100903,67.279011167761,18.));
#2564 = LINE('',#2565,#2566);
#2565 = CARTESIAN_POINT('',(-273.2993172304,71.348233295104,18.));
#2566 = VECTOR('',#2567,1.);
#2567 = DIRECTION('',(-0.43713721033,-0.899394829508,0.));
#2568 = ORIENTED_EDGE('',*,*,#2569,.F.);
#2569 = EDGE_CURVE('',#1094,#2562,#2570,.T.);
#2570 = LINE('',#2571,#2572);
#2571 = CARTESIAN_POINT('',(-275.277100903,67.279011167761,3.8));
#2572 = VECTOR('',#2573,1.);
#2573 = DIRECTION('',(0.,0.,1.));
#2574 = PLANE('',#2575);
#2575 = AXIS2_PLACEMENT_3D('',#2576,#2577,#2578);
#2576 = CARTESIAN_POINT('',(-273.2993172304,71.348233295104,3.8));
#2577 = DIRECTION('',(0.899394829508,-0.43713721033,0.));
#2578 = DIRECTION('',(-0.43713721033,-0.899394829508,0.));
#2579 = ADVANCED_FACE('',(#2580),#2598,.F.);
#2580 = FACE_BOUND('',#2581,.F.);
#2581 = EDGE_LOOP('',(#2582,#2583,#2584,#2592));
#2582 = ORIENTED_EDGE('',*,*,#1093,.T.);
#2583 = ORIENTED_EDGE('',*,*,#2569,.T.);
#2584 = ORIENTED_EDGE('',*,*,#2585,.T.);
#2585 = EDGE_CURVE('',#2562,#2586,#2588,.T.);
#2586 = VERTEX_POINT('',#2587);
#2587 = CARTESIAN_POINT('',(-277.194301027,63.180896886606,18.));
#2588 = LINE('',#2589,#2590);
#2589 = CARTESIAN_POINT('',(-275.277100903,67.279011167761,18.));
#2590 = VECTOR('',#2591,1.);
#2591 = DIRECTION('',(-0.423746805832,-0.905780682366,0.));
#2592 = ORIENTED_EDGE('',*,*,#2593,.F.);
#2593 = EDGE_CURVE('',#1086,#2586,#2594,.T.);
#2594 = LINE('',#2595,#2596);
#2595 = CARTESIAN_POINT('',(-277.194301027,63.180896886606,3.8));
#2596 = VECTOR('',#2597,1.);
#2597 = DIRECTION('',(0.,0.,1.));
#2598 = PLANE('',#2599);
#2599 = AXIS2_PLACEMENT_3D('',#2600,#2601,#2602);
#2600 = CARTESIAN_POINT('',(-275.277100903,67.279011167761,3.8));
#2601 = DIRECTION('',(0.905780682366,-0.423746805832,0.));
#2602 = DIRECTION('',(-0.423746805832,-0.905780682366,0.));
#2603 = ADVANCED_FACE('',(#2604),#2622,.F.);
#2604 = FACE_BOUND('',#2605,.F.);
#2605 = EDGE_LOOP('',(#2606,#2607,#2608,#2616));
#2606 = ORIENTED_EDGE('',*,*,#1085,.T.);
#2607 = ORIENTED_EDGE('',*,*,#2593,.T.);
#2608 = ORIENTED_EDGE('',*,*,#2609,.T.);
#2609 = EDGE_CURVE('',#2586,#2610,#2612,.T.);
#2610 = VERTEX_POINT('',#2611);
#2611 = CARTESIAN_POINT('',(-279.0504956612,59.054792373027,18.));
#2612 = LINE('',#2613,#2614);
#2613 = CARTESIAN_POINT('',(-277.194301027,63.180896886606,18.));
#2614 = VECTOR('',#2615,1.);
#2615 = DIRECTION('',(-0.410263142269,-0.911967189155,0.));
#2616 = ORIENTED_EDGE('',*,*,#2617,.F.);
#2617 = EDGE_CURVE('',#1078,#2610,#2618,.T.);
#2618 = LINE('',#2619,#2620);
#2619 = CARTESIAN_POINT('',(-279.0504956612,59.054792373027,3.8));
#2620 = VECTOR('',#2621,1.);
#2621 = DIRECTION('',(0.,0.,1.));
#2622 = PLANE('',#2623);
#2623 = AXIS2_PLACEMENT_3D('',#2624,#2625,#2626);
#2624 = CARTESIAN_POINT('',(-277.194301027,63.180896886606,3.8));
#2625 = DIRECTION('',(0.911967189155,-0.410263142269,0.));
#2626 = DIRECTION('',(-0.410263142269,-0.911967189155,0.));
#2627 = ADVANCED_FACE('',(#2628),#2646,.F.);
#2628 = FACE_BOUND('',#2629,.F.);
#2629 = EDGE_LOOP('',(#2630,#2631,#2632,#2640));
#2630 = ORIENTED_EDGE('',*,*,#1077,.T.);
#2631 = ORIENTED_EDGE('',*,*,#2617,.T.);
#2632 = ORIENTED_EDGE('',*,*,#2633,.T.);
#2633 = EDGE_CURVE('',#2610,#2634,#2636,.T.);
#2634 = VERTEX_POINT('',#2635);
#2635 = CARTESIAN_POINT('',(-280.8452762905,54.901605708563,18.));
#2636 = LINE('',#2637,#2638);
#2637 = CARTESIAN_POINT('',(-279.0504956612,59.054792373027,18.));
#2638 = VECTOR('',#2639,1.);
#2639 = DIRECTION('',(-0.396689187153,-0.917952988336,0.));
#2640 = ORIENTED_EDGE('',*,*,#2641,.F.);
#2641 = EDGE_CURVE('',#1070,#2634,#2642,.T.);
#2642 = LINE('',#2643,#2644);
#2643 = CARTESIAN_POINT('',(-280.8452762905,54.901605708563,3.8));
#2644 = VECTOR('',#2645,1.);
#2645 = DIRECTION('',(0.,0.,1.));
#2646 = PLANE('',#2647);
#2647 = AXIS2_PLACEMENT_3D('',#2648,#2649,#2650);
#2648 = CARTESIAN_POINT('',(-279.0504956612,59.054792373027,3.8));
#2649 = DIRECTION('',(0.917952988336,-0.396689187153,0.));
#2650 = DIRECTION('',(-0.396689187153,-0.917952988336,0.));
#2651 = ADVANCED_FACE('',(#2652),#2670,.F.);
#2652 = FACE_BOUND('',#2653,.F.);
#2653 = EDGE_LOOP('',(#2654,#2655,#2656,#2664));
#2654 = ORIENTED_EDGE('',*,*,#1069,.T.);
#2655 = ORIENTED_EDGE('',*,*,#2641,.T.);
#2656 = ORIENTED_EDGE('',*,*,#2657,.T.);
#2657 = EDGE_CURVE('',#2634,#2658,#2660,.T.);
#2658 = VERTEX_POINT('',#2659);
#2659 = CARTESIAN_POINT('',(-282.5782479157,50.722250935045,18.));
#2660 = LINE('',#2661,#2662);
#2661 = CARTESIAN_POINT('',(-280.8452762905,54.901605708563,18.));
#2662 = VECTOR('',#2663,1.);
#2663 = DIRECTION('',(-0.383027927868,-0.923736762543,0.));
#2664 = ORIENTED_EDGE('',*,*,#2665,.F.);
#2665 = EDGE_CURVE('',#1062,#2658,#2666,.T.);
#2666 = LINE('',#2667,#2668);
#2667 = CARTESIAN_POINT('',(-282.5782479157,50.722250935045,3.8));
#2668 = VECTOR('',#2669,1.);
#2669 = DIRECTION('',(0.,0.,1.));
#2670 = PLANE('',#2671);
#2671 = AXIS2_PLACEMENT_3D('',#2672,#2673,#2674);
#2672 = CARTESIAN_POINT('',(-280.8452762905,54.901605708563,3.8));
#2673 = DIRECTION('',(0.923736762543,-0.383027927868,0.));
#2674 = DIRECTION('',(-0.383027927868,-0.923736762543,0.));
#2675 = ADVANCED_FACE('',(#2676),#2694,.F.);
#2676 = FACE_BOUND('',#2677,.F.);
#2677 = EDGE_LOOP('',(#2678,#2679,#2680,#2688));
#2678 = ORIENTED_EDGE('',*,*,#1061,.T.);
#2679 = ORIENTED_EDGE('',*,*,#2665,.T.);
#2680 = ORIENTED_EDGE('',*,*,#2681,.T.);
#2681 = EDGE_CURVE('',#2658,#2682,#2684,.T.);
#2682 = VERTEX_POINT('',#2683);
#2683 = CARTESIAN_POINT('',(-284.2490291411,46.517647853437,18.));
#2684 = LINE('',#2685,#2686);
#2685 = CARTESIAN_POINT('',(-282.5782479157,50.722250935045,18.));
#2686 = VECTOR('',#2687,1.);
#2687 = DIRECTION('',(-0.369282371011,-0.92931723887,0.));
#2688 = ORIENTED_EDGE('',*,*,#2689,.F.);
#2689 = EDGE_CURVE('',#1054,#2682,#2690,.T.);
#2690 = LINE('',#2691,#2692);
#2691 = CARTESIAN_POINT('',(-284.2490291411,46.517647853437,3.8));
#2692 = VECTOR('',#2693,1.);
#2693 = DIRECTION('',(0.,0.,1.));
#2694 = PLANE('',#2695);
#2695 = AXIS2_PLACEMENT_3D('',#2696,#2697,#2698);
#2696 = CARTESIAN_POINT('',(-282.5782479157,50.722250935045,3.8));
#2697 = DIRECTION('',(0.92931723887,-0.369282371011,0.));
#2698 = DIRECTION('',(-0.369282371011,-0.92931723887,0.));
#2699 = ADVANCED_FACE('',(#2700),#2718,.F.);
#2700 = FACE_BOUND('',#2701,.F.);
#2701 = EDGE_LOOP('',(#2702,#2703,#2704,#2712));
#2702 = ORIENTED_EDGE('',*,*,#1053,.T.);
#2703 = ORIENTED_EDGE('',*,*,#2689,.T.);
#2704 = ORIENTED_EDGE('',*,*,#2705,.T.);
#2705 = EDGE_CURVE('',#2682,#2706,#2708,.T.);
#2706 = VERTEX_POINT('',#2707);
#2707 = CARTESIAN_POINT('',(-285.8572522577,42.288721821402,18.));
#2708 = LINE('',#2709,#2710);
#2709 = CARTESIAN_POINT('',(-284.2490291411,46.517647853437,18.));
#2710 = VECTOR('',#2711,1.);
#2711 = DIRECTION('',(-0.355455541733,-0.934693189154,0.));
#2712 = ORIENTED_EDGE('',*,*,#2713,.F.);
#2713 = EDGE_CURVE('',#1046,#2706,#2714,.T.);
#2714 = LINE('',#2715,#2716);
#2715 = CARTESIAN_POINT('',(-285.8572522577,42.288721821402,3.8));
#2716 = VECTOR('',#2717,1.);
#2717 = DIRECTION('',(0.,0.,1.));
#2718 = PLANE('',#2719);
#2719 = AXIS2_PLACEMENT_3D('',#2720,#2721,#2722);
#2720 = CARTESIAN_POINT('',(-284.2490291411,46.517647853437,3.8));
#2721 = DIRECTION('',(0.934693189154,-0.355455541733,0.));
#2722 = DIRECTION('',(-0.355455541733,-0.934693189154,0.));
#2723 = ADVANCED_FACE('',(#2724),#2742,.F.);
#2724 = FACE_BOUND('',#2725,.F.);
#2725 = EDGE_LOOP('',(#2726,#2727,#2728,#2736));
#2726 = ORIENTED_EDGE('',*,*,#1045,.T.);
#2727 = ORIENTED_EDGE('',*,*,#2713,.T.);
#2728 = ORIENTED_EDGE('',*,*,#2729,.T.);
#2729 = EDGE_CURVE('',#2706,#2730,#2732,.T.);
#2730 = VERTEX_POINT('',#2731);
#2731 = CARTESIAN_POINT('',(-287.4025633243,38.036403549647,18.));
#2732 = LINE('',#2733,#2734);
#2733 = CARTESIAN_POINT('',(-285.8572522577,42.288721821402,18.));
#2734 = VECTOR('',#2735,1.);
#2735 = DIRECTION('',(-0.341550483072,-0.939863430246,0.));
#2736 = ORIENTED_EDGE('',*,*,#2737,.F.);
#2737 = EDGE_CURVE('',#1038,#2730,#2738,.T.);
#2738 = LINE('',#2739,#2740);
#2739 = CARTESIAN_POINT('',(-287.4025633243,38.036403549647,3.8));
#2740 = VECTOR('',#2741,1.);
#2741 = DIRECTION('',(0.,0.,1.));
#2742 = PLANE('',#2743);
#2743 = AXIS2_PLACEMENT_3D('',#2744,#2745,#2746);
#2744 = CARTESIAN_POINT('',(-285.8572522577,42.288721821402,3.8));
#2745 = DIRECTION('',(0.939863430246,-0.341550483072,0.));
#2746 = DIRECTION('',(-0.341550483072,-0.939863430246,0.));
#2747 = ADVANCED_FACE('',(#2748),#2766,.F.);
#2748 = FACE_BOUND('',#2749,.F.);
#2749 = EDGE_LOOP('',(#2750,#2751,#2752,#2760));
#2750 = ORIENTED_EDGE('',*,*,#1037,.T.);
#2751 = ORIENTED_EDGE('',*,*,#2737,.T.);
#2752 = ORIENTED_EDGE('',*,*,#2753,.T.);
#2753 = EDGE_CURVE('',#2730,#2754,#2756,.T.);
#2754 = VERTEX_POINT('',#2755);
#2755 = CARTESIAN_POINT('',(-288.8846222458,33.761628897092,18.));
#2756 = LINE('',#2757,#2758);
#2757 = CARTESIAN_POINT('',(-287.4025633243,38.036403549647,18.));
#2758 = VECTOR('',#2759,1.);
#2759 = DIRECTION('',(-0.32757025528,-0.944826824268,0.));
#2760 = ORIENTED_EDGE('',*,*,#2761,.F.);
#2761 = EDGE_CURVE('',#1030,#2754,#2762,.T.);
#2762 = LINE('',#2763,#2764);
#2763 = CARTESIAN_POINT('',(-288.8846222458,33.761628897092,3.8));
#2764 = VECTOR('',#2765,1.);
#2765 = DIRECTION('',(0.,0.,1.));
#2766 = PLANE('',#2767);
#2767 = AXIS2_PLACEMENT_3D('',#2768,#2769,#2770);
#2768 = CARTESIAN_POINT('',(-287.4025633243,38.036403549647,3.8));
#2769 = DIRECTION('',(0.944826824268,-0.32757025528,0.));
#2770 = DIRECTION('',(-0.32757025528,-0.944826824268,0.));
#2771 = ADVANCED_FACE('',(#2772),#2790,.F.);
#2772 = FACE_BOUND('',#2773,.F.);
#2773 = EDGE_LOOP('',(#2774,#2775,#2776,#2784));
#2774 = ORIENTED_EDGE('',*,*,#1029,.T.);
#2775 = ORIENTED_EDGE('',*,*,#2761,.T.);
#2776 = ORIENTED_EDGE('',*,*,#2777,.T.);
#2777 = EDGE_CURVE('',#2754,#2778,#2780,.T.);
#2778 = VERTEX_POINT('',#2779);
#2779 = CARTESIAN_POINT('',(-290.3031028477,29.465338664903,18.));
#2780 = LINE('',#2781,#2782);
#2781 = CARTESIAN_POINT('',(-288.8846222458,33.761628897092,18.));
#2782 = VECTOR('',#2783,1.);
#2783 = DIRECTION('',(-0.313517935154,-0.949582278866,0.));
#2784 = ORIENTED_EDGE('',*,*,#2785,.F.);
#2785 = EDGE_CURVE('',#1022,#2778,#2786,.T.);
#2786 = LINE('',#2787,#2788);
#2787 = CARTESIAN_POINT('',(-290.3031028477,29.465338664903,3.8));
#2788 = VECTOR('',#2789,1.);
#2789 = DIRECTION('',(0.,0.,1.));
#2790 = PLANE('',#2791);
#2791 = AXIS2_PLACEMENT_3D('',#2792,#2793,#2794);
#2792 = CARTESIAN_POINT('',(-288.8846222458,33.761628897092,3.8));
#2793 = DIRECTION('',(0.949582278866,-0.313517935154,0.));
#2794 = DIRECTION('',(-0.313517935154,-0.949582278866,0.));
#2795 = ADVANCED_FACE('',(#2796),#2814,.F.);
#2796 = FACE_BOUND('',#2797,.F.);
#2797 = EDGE_LOOP('',(#2798,#2799,#2800,#2808));
#2798 = ORIENTED_EDGE('',*,*,#1021,.T.);
#2799 = ORIENTED_EDGE('',*,*,#2785,.T.);
#2800 = ORIENTED_EDGE('',*,*,#2801,.T.);
#2801 = EDGE_CURVE('',#2778,#2802,#2804,.T.);
#2802 = VERTEX_POINT('',#2803);
#2803 = CARTESIAN_POINT('',(-291.6576929477,25.148478389439,18.));
#2804 = LINE('',#2805,#2806);
#2805 = CARTESIAN_POINT('',(-290.3031028477,29.465338664903,18.));
#2806 = VECTOR('',#2807,1.);
#2807 = DIRECTION('',(-0.29939661536,-0.95412874745,0.));
#2808 = ORIENTED_EDGE('',*,*,#2809,.F.);
#2809 = EDGE_CURVE('',#1014,#2802,#2810,.T.);
#2810 = LINE('',#2811,#2812);
#2811 = CARTESIAN_POINT('',(-291.6576929477,25.148478389439,3.8));
#2812 = VECTOR('',#2813,1.);
#2813 = DIRECTION('',(0.,0.,1.));
#2814 = PLANE('',#2815);
#2815 = AXIS2_PLACEMENT_3D('',#2816,#2817,#2818);
#2816 = CARTESIAN_POINT('',(-290.3031028477,29.465338664903,3.8));
#2817 = DIRECTION('',(0.95412874745,-0.29939661536,0.));
#2818 = DIRECTION('',(-0.29939661536,-0.95412874745,0.));
#2819 = ADVANCED_FACE('',(#2820),#2838,.F.);
#2820 = FACE_BOUND('',#2821,.F.);
#2821 = EDGE_LOOP('',(#2822,#2823,#2824,#2832));
#2822 = ORIENTED_EDGE('',*,*,#1013,.T.);
#2823 = ORIENTED_EDGE('',*,*,#2809,.T.);
#2824 = ORIENTED_EDGE('',*,*,#2825,.T.);
#2825 = EDGE_CURVE('',#2802,#2826,#2828,.T.);
#2826 = VERTEX_POINT('',#2827);
#2827 = CARTESIAN_POINT('',(-292.948094425,20.811998134155,18.));
#2828 = LINE('',#2829,#2830);
#2829 = CARTESIAN_POINT('',(-291.6576929477,25.148478389439,18.));
#2830 = VECTOR('',#2831,1.);
#2831 = DIRECTION('',(-0.285209403744,-0.958465229425,0.));
#2832 = ORIENTED_EDGE('',*,*,#2833,.F.);
#2833 = EDGE_CURVE('',#1006,#2826,#2834,.T.);
#2834 = LINE('',#2835,#2836);
#2835 = CARTESIAN_POINT('',(-292.948094425,20.811998134155,3.8));
#2836 = VECTOR('',#2837,1.);
#2837 = DIRECTION('',(0.,0.,1.));
#2838 = PLANE('',#2839);
#2839 = AXIS2_PLACEMENT_3D('',#2840,#2841,#2842);
#2840 = CARTESIAN_POINT('',(-291.6576929477,25.148478389439,3.8));
#2841 = DIRECTION('',(0.958465229425,-0.285209403744,0.));
#2842 = DIRECTION('',(-0.285209403744,-0.958465229425,0.));
#2843 = ADVANCED_FACE('',(#2844),#2862,.F.);
#2844 = FACE_BOUND('',#2845,.F.);
#2845 = EDGE_LOOP('',(#2846,#2847,#2848,#2856));
#2846 = ORIENTED_EDGE('',*,*,#1005,.T.);
#2847 = ORIENTED_EDGE('',*,*,#2833,.T.);
#2848 = ORIENTED_EDGE('',*,*,#2849,.T.);
#2849 = EDGE_CURVE('',#2826,#2850,#2852,.T.);
#2850 = VERTEX_POINT('',#2851);
#2851 = CARTESIAN_POINT('',(-294.1740232853,16.456852280515,18.));
#2852 = LINE('',#2853,#2854);
#2853 = CARTESIAN_POINT('',(-292.948094425,20.811998134155,18.));
#2854 = VECTOR('',#2855,1.);
#2855 = DIRECTION('',(-0.270959422659,-0.962590770407,0.));
#2856 = ORIENTED_EDGE('',*,*,#2857,.F.);
#2857 = EDGE_CURVE('',#998,#2850,#2858,.T.);
#2858 = LINE('',#2859,#2860);
#2859 = CARTESIAN_POINT('',(-294.1740232853,16.456852280515,3.8));
#2860 = VECTOR('',#2861,1.);
#2861 = DIRECTION('',(0.,0.,1.));
#2862 = PLANE('',#2863);
#2863 = AXIS2_PLACEMENT_3D('',#2864,#2865,#2866);
#2864 = CARTESIAN_POINT('',(-292.948094425,20.811998134155,3.8));
#2865 = DIRECTION('',(0.962590770407,-0.270959422659,0.));
#2866 = DIRECTION('',(-0.270959422659,-0.962590770407,0.));
#2867 = ADVANCED_FACE('',(#2868),#2886,.F.);
#2868 = FACE_BOUND('',#2869,.F.);
#2869 = EDGE_LOOP('',(#2870,#2871,#2872,#2880));
#2870 = ORIENTED_EDGE('',*,*,#997,.T.);
#2871 = ORIENTED_EDGE('',*,*,#2857,.T.);
#2872 = ORIENTED_EDGE('',*,*,#2873,.T.);
#2873 = EDGE_CURVE('',#2850,#2874,#2876,.T.);
#2874 = VERTEX_POINT('',#2875);
#2875 = CARTESIAN_POINT('',(-295.3352097237,12.083999317941,18.));
#2876 = LINE('',#2877,#2878);
#2877 = CARTESIAN_POINT('',(-294.1740232853,16.456852280515,18.));
#2878 = VECTOR('',#2879,1.);
#2879 = DIRECTION('',(-0.256649808268,-0.96650446244,0.));
#2880 = ORIENTED_EDGE('',*,*,#2881,.F.);
#2881 = EDGE_CURVE('',#990,#2874,#2882,.T.);
#2882 = LINE('',#2883,#2884);
#2883 = CARTESIAN_POINT('',(-295.3352097237,12.083999317941,3.8));
#2884 = VECTOR('',#2885,1.);
#2885 = DIRECTION('',(0.,0.,1.));
#2886 = PLANE('',#2887);
#2887 = AXIS2_PLACEMENT_3D('',#2888,#2889,#2890);
#2888 = CARTESIAN_POINT('',(-294.1740232853,16.456852280515,3.8));
#2889 = DIRECTION('',(0.96650446244,-0.256649808268,0.));
#2890 = DIRECTION('',(-0.256649808268,-0.96650446244,0.));
#2891 = ADVANCED_FACE('',(#2892),#2910,.F.);
#2892 = FACE_BOUND('',#2893,.F.);
#2893 = EDGE_LOOP('',(#2894,#2895,#2896,#2904));
#2894 = ORIENTED_EDGE('',*,*,#989,.T.);
#2895 = ORIENTED_EDGE('',*,*,#2881,.T.);
#2896 = ORIENTED_EDGE('',*,*,#2897,.T.);
#2897 = EDGE_CURVE('',#2874,#2898,#2900,.T.);
#2898 = VERTEX_POINT('',#2899);
#2899 = CARTESIAN_POINT('',(-296.4313981839,7.694401632876,18.));
#2900 = LINE('',#2901,#2902);
#2901 = CARTESIAN_POINT('',(-295.3352097237,12.083999317941,18.));
#2902 = VECTOR('',#2903,1.);
#2903 = DIRECTION('',(-0.242283709862,-0.97020544419,0.));
#2904 = ORIENTED_EDGE('',*,*,#2905,.F.);
#2905 = EDGE_CURVE('',#982,#2898,#2906,.T.);
#2906 = LINE('',#2907,#2908);
#2907 = CARTESIAN_POINT('',(-296.4313981839,7.694401632876,3.8));
#2908 = VECTOR('',#2909,1.);
#2909 = DIRECTION('',(0.,0.,1.));
#2910 = PLANE('',#2911);
#2911 = AXIS2_PLACEMENT_3D('',#2912,#2913,#2914);
#2912 = CARTESIAN_POINT('',(-295.3352097237,12.083999317941,3.8));
#2913 = DIRECTION('',(0.97020544419,-0.242283709862,0.));
#2914 = DIRECTION('',(-0.242283709862,-0.97020544419,0.));
#2915 = ADVANCED_FACE('',(#2916),#2934,.F.);
#2916 = FACE_BOUND('',#2917,.F.);
#2917 = EDGE_LOOP('',(#2918,#2919,#2920,#2928));
#2918 = ORIENTED_EDGE('',*,*,#981,.T.);
#2919 = ORIENTED_EDGE('',*,*,#2905,.T.);
#2920 = ORIENTED_EDGE('',*,*,#2921,.T.);
#2921 = EDGE_CURVE('',#2898,#2922,#2924,.T.);
#2922 = VERTEX_POINT('',#2923);
#2923 = CARTESIAN_POINT('',(-297.4623474145,3.289025296973,18.));
#2924 = LINE('',#2925,#2926);
#2925 = CARTESIAN_POINT('',(-296.4313981839,7.694401632876,18.));
#2926 = VECTOR('',#2927,1.);
#2927 = DIRECTION('',(-0.22786428916,-0.973692901138,0.));
#2928 = ORIENTED_EDGE('',*,*,#2929,.F.);
#2929 = EDGE_CURVE('',#974,#2922,#2930,.T.);
#2930 = LINE('',#2931,#2932);
#2931 = CARTESIAN_POINT('',(-297.4623474145,3.289025296973,3.8));
#2932 = VECTOR('',#2933,1.);
#2933 = DIRECTION('',(0.,0.,1.));
#2934 = PLANE('',#2935);
#2935 = AXIS2_PLACEMENT_3D('',#2936,#2937,#2938);
#2936 = CARTESIAN_POINT('',(-296.4313981839,7.694401632876,3.8));
#2937 = DIRECTION('',(0.973692901138,-0.22786428916,0.));
#2938 = DIRECTION('',(-0.22786428916,-0.973692901138,0.));
#2939 = ADVANCED_FACE('',(#2940),#2958,.F.);
#2940 = FACE_BOUND('',#2941,.F.);
#2941 = EDGE_LOOP('',(#2942,#2943,#2944,#2952));
#2942 = ORIENTED_EDGE('',*,*,#973,.T.);
#2943 = ORIENTED_EDGE('',*,*,#2929,.T.);
#2944 = ORIENTED_EDGE('',*,*,#2945,.T.);
#2945 = EDGE_CURVE('',#2922,#2946,#2948,.T.);
#2946 = VERTEX_POINT('',#2947);
#2947 = CARTESIAN_POINT('',(-298.427830522,-1.131160145514,18.));
#2948 = LINE('',#2949,#2950);
#2949 = CARTESIAN_POINT('',(-297.4623474145,3.289025296973,18.));
#2950 = VECTOR('',#2951,1.);
#2951 = DIRECTION('',(-0.213394719619,-0.976966065756,0.));
#2952 = ORIENTED_EDGE('',*,*,#2953,.F.);
#2953 = EDGE_CURVE('',#966,#2946,#2954,.T.);
#2954 = LINE('',#2955,#2956);
#2955 = CARTESIAN_POINT('',(-298.427830522,-1.131160145514,3.8));
#2956 = VECTOR('',#2957,1.);
#2957 = DIRECTION('',(0.,0.,1.));
#2958 = PLANE('',#2959);
#2959 = AXIS2_PLACEMENT_3D('',#2960,#2961,#2962);
#2960 = CARTESIAN_POINT('',(-297.4623474145,3.289025296973,3.8));
#2961 = DIRECTION('',(0.976966065756,-0.213394719619,0.));
#2962 = DIRECTION('',(-0.213394719619,-0.976966065756,0.));
#2963 = ADVANCED_FACE('',(#2964),#2982,.F.);
#2964 = FACE_BOUND('',#2965,.F.);
#2965 = EDGE_LOOP('',(#2966,#2967,#2968,#2976));
#2966 = ORIENTED_EDGE('',*,*,#965,.T.);
#2967 = ORIENTED_EDGE('',*,*,#2953,.T.);
#2968 = ORIENTED_EDGE('',*,*,#2969,.T.);
#2969 = EDGE_CURVE('',#2946,#2970,#2972,.T.);
#2970 = VERTEX_POINT('',#2971);
#2971 = CARTESIAN_POINT('',(-299.3276350211,-5.565181891116,18.));
#2972 = LINE('',#2973,#2974);
#2973 = CARTESIAN_POINT('',(-298.427830522,-1.131160145514,18.));
#2974 = VECTOR('',#2975,1.);
#2975 = DIRECTION('',(-0.19887818573,-0.980024217681,0.));
#2976 = ORIENTED_EDGE('',*,*,#2977,.F.);
#2977 = EDGE_CURVE('',#958,#2970,#2978,.T.);
#2978 = LINE('',#2979,#2980);
#2979 = CARTESIAN_POINT('',(-299.3276350211,-5.565181891116,3.8));
#2980 = VECTOR('',#2981,1.);
#2981 = DIRECTION('',(0.,0.,1.));
#2982 = PLANE('',#2983);
#2983 = AXIS2_PLACEMENT_3D('',#2984,#2985,#2986);
#2984 = CARTESIAN_POINT('',(-298.427830522,-1.131160145514,3.8));
#2985 = DIRECTION('',(0.980024217681,-0.19887818573,0.));
#2986 = DIRECTION('',(-0.19887818573,-0.980024217681,0.));
#2987 = ADVANCED_FACE('',(#2988),#3006,.F.);
#2988 = FACE_BOUND('',#2989,.F.);
#2989 = EDGE_LOOP('',(#2990,#2991,#2992,#3000));
#2990 = ORIENTED_EDGE('',*,*,#957,.T.);
#2991 = ORIENTED_EDGE('',*,*,#2977,.T.);
#2992 = ORIENTED_EDGE('',*,*,#2993,.T.);
#2993 = EDGE_CURVE('',#2970,#2994,#2996,.T.);
#2994 = VERTEX_POINT('',#2995);
#2995 = CARTESIAN_POINT('',(-300.1615628808,-10.01206409124,18.));
#2996 = LINE('',#2997,#2998);
#2997 = CARTESIAN_POINT('',(-299.3276350211,-5.565181891116,18.));
#2998 = VECTOR('',#2999,1.);
#2999 = DIRECTION('',(-0.184317882323,-0.982866683867,0.));
#3000 = ORIENTED_EDGE('',*,*,#3001,.F.);
#3001 = EDGE_CURVE('',#950,#2994,#3002,.T.);
#3002 = LINE('',#3003,#3004);
#3003 = CARTESIAN_POINT('',(-300.1615628808,-10.01206409124,3.8));
#3004 = VECTOR('',#3005,1.);
#3005 = DIRECTION('',(0.,0.,1.));
#3006 = PLANE('',#3007);
#3007 = AXIS2_PLACEMENT_3D('',#3008,#3009,#3010);
#3008 = CARTESIAN_POINT('',(-299.3276350211,-5.565181891116,3.8));
#3009 = DIRECTION('',(0.982866683867,-0.184317882323,0.));
#3010 = DIRECTION('',(-0.184317882323,-0.982866683867,0.));
#3011 = ADVANCED_FACE('',(#3012),#3030,.F.);
#3012 = FACE_BOUND('',#3013,.F.);
#3013 = EDGE_LOOP('',(#3014,#3015,#3016,#3024));
#3014 = ORIENTED_EDGE('',*,*,#949,.T.);
#3015 = ORIENTED_EDGE('',*,*,#3001,.T.);
#3016 = ORIENTED_EDGE('',*,*,#3017,.T.);
#3017 = EDGE_CURVE('',#2994,#3018,#3020,.T.);
#3018 = VERTEX_POINT('',#3019);
#3019 = CARTESIAN_POINT('',(-300.9294305686,-14.47082806693,18.));
#3020 = LINE('',#3021,#3022);
#3021 = CARTESIAN_POINT('',(-300.1615628808,-10.01206409124,18.));
#3022 = VECTOR('',#3023,1.);
#3023 = DIRECTION('',(-0.169717013858,-0.98549283874,0.));
#3024 = ORIENTED_EDGE('',*,*,#3025,.F.);
#3025 = EDGE_CURVE('',#942,#3018,#3026,.T.);
#3026 = LINE('',#3027,#3028);
#3027 = CARTESIAN_POINT('',(-300.9294305686,-14.47082806693,3.8));
#3028 = VECTOR('',#3029,1.);
#3029 = DIRECTION('',(0.,0.,1.));
#3030 = PLANE('',#3031);
#3031 = AXIS2_PLACEMENT_3D('',#3032,#3033,#3034);
#3032 = CARTESIAN_POINT('',(-300.1615628808,-10.01206409124,3.8));
#3033 = DIRECTION('',(0.98549283874,-0.169717013858,0.));
#3034 = DIRECTION('',(-0.169717013858,-0.98549283874,0.));
#3035 = ADVANCED_FACE('',(#3036),#3054,.F.);
#3036 = FACE_BOUND('',#3037,.F.);
#3037 = EDGE_LOOP('',(#3038,#3039,#3040,#3048));
#3038 = ORIENTED_EDGE('',*,*,#941,.T.);
#3039 = ORIENTED_EDGE('',*,*,#3025,.T.);
#3040 = ORIENTED_EDGE('',*,*,#3041,.T.);
#3041 = EDGE_CURVE('',#3018,#3042,#3044,.T.);
#3042 = VERTEX_POINT('',#3043);
#3043 = CARTESIAN_POINT('',(-249.619750487,-22.91575138929,18.));
#3044 = LINE('',#3045,#3046);
#3045 = CARTESIAN_POINT('',(-300.9294305686,-14.47082806693,18.));
#3046 = VECTOR('',#3047,1.);
#3047 = DIRECTION('',(0.986724616954,-0.162402371584,0.));
#3048 = ORIENTED_EDGE('',*,*,#3049,.F.);
#3049 = EDGE_CURVE('',#934,#3042,#3050,.T.);
#3050 = LINE('',#3051,#3052);
#3051 = CARTESIAN_POINT('',(-249.619750487,-22.91575138929,3.8));
#3052 = VECTOR('',#3053,1.);
#3053 = DIRECTION('',(0.,0.,1.));
#3054 = PLANE('',#3055);
#3055 = AXIS2_PLACEMENT_3D('',#3056,#3057,#3058);
#3056 = CARTESIAN_POINT('',(-300.9294305686,-14.47082806693,3.8));
#3057 = DIRECTION('',(0.162402371584,0.986724616954,0.));
#3058 = DIRECTION('',(0.986724616954,-0.162402371584,0.));
#3059 = ADVANCED_FACE('',(#3060),#3078,.F.);
#3060 = FACE_BOUND('',#3061,.F.);
#3061 = EDGE_LOOP('',(#3062,#3063,#3064,#3072));
#3062 = ORIENTED_EDGE('',*,*,#933,.T.);
#3063 = ORIENTED_EDGE('',*,*,#3049,.T.);
#3064 = ORIENTED_EDGE('',*,*,#3065,.T.);
#3065 = EDGE_CURVE('',#3042,#3066,#3068,.T.);
#3066 = VERTEX_POINT('',#3067);
#3067 = CARTESIAN_POINT('',(-248.982807333,-19.21722463174,18.));
#3068 = LINE('',#3069,#3070);
#3069 = CARTESIAN_POINT('',(-249.619750487,-22.91575138929,18.));
#3070 = VECTOR('',#3071,1.);
#3071 = DIRECTION('',(0.169717013858,0.98549283874,0.));
#3072 = ORIENTED_EDGE('',*,*,#3073,.F.);
#3073 = EDGE_CURVE('',#926,#3066,#3074,.T.);
#3074 = LINE('',#3075,#3076);
#3075 = CARTESIAN_POINT('',(-248.982807333,-19.21722463174,3.8));
#3076 = VECTOR('',#3077,1.);
#3077 = DIRECTION('',(0.,0.,1.));
#3078 = PLANE('',#3079);
#3079 = AXIS2_PLACEMENT_3D('',#3080,#3081,#3082);
#3080 = CARTESIAN_POINT('',(-249.619750487,-22.91575138929,3.8));
#3081 = DIRECTION('',(-0.98549283874,0.169717013858,0.));
#3082 = DIRECTION('',(0.169717013858,0.98549283874,0.));
#3083 = ADVANCED_FACE('',(#3084),#3102,.F.);
#3084 = FACE_BOUND('',#3085,.F.);
#3085 = EDGE_LOOP('',(#3086,#3087,#3088,#3096));
#3086 = ORIENTED_EDGE('',*,*,#925,.T.);
#3087 = ORIENTED_EDGE('',*,*,#3073,.T.);
#3088 = ORIENTED_EDGE('',*,*,#3089,.T.);
#3089 = EDGE_CURVE('',#3066,#3090,#3092,.T.);
#3090 = VERTEX_POINT('',#3091);
#3091 = CARTESIAN_POINT('',(-248.2910675325,-15.52855375916,18.));
#3092 = LINE('',#3093,#3094);
#3093 = CARTESIAN_POINT('',(-248.982807333,-19.21722463174,18.));
#3094 = VECTOR('',#3095,1.);
#3095 = DIRECTION('',(0.184317882323,0.982866683867,0.));
#3096 = ORIENTED_EDGE('',*,*,#3097,.F.);
#3097 = EDGE_CURVE('',#918,#3090,#3098,.T.);
#3098 = LINE('',#3099,#3100);
#3099 = CARTESIAN_POINT('',(-248.2910675325,-15.52855375916,3.8));
#3100 = VECTOR('',#3101,1.);
#3101 = DIRECTION('',(0.,0.,1.));
#3102 = PLANE('',#3103);
#3103 = AXIS2_PLACEMENT_3D('',#3104,#3105,#3106);
#3104 = CARTESIAN_POINT('',(-248.982807333,-19.21722463174,3.8));
#3105 = DIRECTION('',(-0.982866683867,0.184317882323,0.));
#3106 = DIRECTION('',(0.184317882323,0.982866683867,0.));
#3107 = ADVANCED_FACE('',(#3108),#3126,.F.);
#3108 = FACE_BOUND('',#3109,.F.);
#3109 = EDGE_LOOP('',(#3110,#3111,#3112,#3120));
#3110 = ORIENTED_EDGE('',*,*,#917,.T.);
#3111 = ORIENTED_EDGE('',*,*,#3097,.T.);
#3112 = ORIENTED_EDGE('',*,*,#3113,.T.);
#3113 = EDGE_CURVE('',#3090,#3114,#3116,.T.);
#3114 = VERTEX_POINT('',#3115);
#3115 = CARTESIAN_POINT('',(-247.544683325,-11.8505505818,18.));
#3116 = LINE('',#3117,#3118);
#3117 = CARTESIAN_POINT('',(-248.2910675325,-15.52855375916,18.));
#3118 = VECTOR('',#3119,1.);
#3119 = DIRECTION('',(0.19887818573,0.980024217681,0.));
#3120 = ORIENTED_EDGE('',*,*,#3121,.F.);
#3121 = EDGE_CURVE('',#910,#3114,#3122,.T.);
#3122 = LINE('',#3123,#3124);
#3123 = CARTESIAN_POINT('',(-247.544683325,-11.8505505818,3.8));
#3124 = VECTOR('',#3125,1.);
#3125 = DIRECTION('',(0.,0.,1.));
#3126 = PLANE('',#3127);
#3127 = AXIS2_PLACEMENT_3D('',#3128,#3129,#3130);
#3128 = CARTESIAN_POINT('',(-248.2910675325,-15.52855375916,3.8));
#3129 = DIRECTION('',(-0.980024217681,0.19887818573,0.));
#3130 = DIRECTION('',(0.19887818573,0.980024217681,0.));
#3131 = ADVANCED_FACE('',(#3132),#3150,.F.);
#3132 = FACE_BOUND('',#3133,.F.);
#3133 = EDGE_LOOP('',(#3134,#3135,#3136,#3144));
#3134 = ORIENTED_EDGE('',*,*,#909,.T.);
#3135 = ORIENTED_EDGE('',*,*,#3121,.T.);
#3136 = ORIENTED_EDGE('',*,*,#3137,.T.);
#3137 = EDGE_CURVE('',#3114,#3138,#3140,.T.);
#3138 = VERTEX_POINT('',#3139);
#3139 = CARTESIAN_POINT('',(-246.7438189763,-8.184024562152,18.));
#3140 = LINE('',#3141,#3142);
#3141 = CARTESIAN_POINT('',(-247.544683325,-11.8505505818,18.));
#3142 = VECTOR('',#3143,1.);
#3143 = DIRECTION('',(0.213394719619,0.976966065756,0.));
#3144 = ORIENTED_EDGE('',*,*,#3145,.F.);
#3145 = EDGE_CURVE('',#902,#3138,#3146,.T.);
#3146 = LINE('',#3147,#3148);
#3147 = CARTESIAN_POINT('',(-246.7438189763,-8.184024562152,3.8));
#3148 = VECTOR('',#3149,1.);
#3149 = DIRECTION('',(0.,0.,1.));
#3150 = PLANE('',#3151);
#3151 = AXIS2_PLACEMENT_3D('',#3152,#3153,#3154);
#3152 = CARTESIAN_POINT('',(-247.544683325,-11.8505505818,3.8));
#3153 = DIRECTION('',(-0.976966065756,0.213394719619,0.));
#3154 = DIRECTION('',(0.213394719619,0.976966065756,0.));
#3155 = ADVANCED_FACE('',(#3156),#3174,.F.);
#3156 = FACE_BOUND('',#3157,.F.);
#3157 = EDGE_LOOP('',(#3158,#3159,#3160,#3168));
#3158 = ORIENTED_EDGE('',*,*,#901,.T.);
#3159 = ORIENTED_EDGE('',*,*,#3145,.T.);
#3160 = ORIENTED_EDGE('',*,*,#3161,.T.);
#3161 = EDGE_CURVE('',#3138,#3162,#3164,.T.);
#3162 = VERTEX_POINT('',#3163);
#3163 = CARTESIAN_POINT('',(-245.8886507423,-4.529782636756,18.));
#3164 = LINE('',#3165,#3166);
#3165 = CARTESIAN_POINT('',(-246.7438189763,-8.184024562152,18.));
#3166 = VECTOR('',#3167,1.);
#3167 = DIRECTION('',(0.22786428916,0.973692901138,0.));
#3168 = ORIENTED_EDGE('',*,*,#3169,.F.);
#3169 = EDGE_CURVE('',#894,#3162,#3170,.T.);
#3170 = LINE('',#3171,#3172);
#3171 = CARTESIAN_POINT('',(-245.8886507423,-4.529782636756,3.8));
#3172 = VECTOR('',#3173,1.);
#3173 = DIRECTION('',(0.,0.,1.));
#3174 = PLANE('',#3175);
#3175 = AXIS2_PLACEMENT_3D('',#3176,#3177,#3178);
#3176 = CARTESIAN_POINT('',(-246.7438189763,-8.184024562152,3.8));
#3177 = DIRECTION('',(-0.973692901138,0.22786428916,0.));
#3178 = DIRECTION('',(0.22786428916,0.973692901138,0.));
#3179 = ADVANCED_FACE('',(#3180),#3198,.F.);
#3180 = FACE_BOUND('',#3181,.F.);
#3181 = EDGE_LOOP('',(#3182,#3183,#3184,#3192));
#3182 = ORIENTED_EDGE('',*,*,#893,.T.);
#3183 = ORIENTED_EDGE('',*,*,#3169,.T.);
#3184 = ORIENTED_EDGE('',*,*,#3185,.T.);
#3185 = EDGE_CURVE('',#3162,#3186,#3188,.T.);
#3186 = VERTEX_POINT('',#3187);
#3187 = CARTESIAN_POINT('',(-244.9793668301,-0.888629038672,18.));
#3188 = LINE('',#3189,#3190);
#3189 = CARTESIAN_POINT('',(-245.8886507423,-4.529782636756,18.));
#3190 = VECTOR('',#3191,1.);
#3191 = DIRECTION('',(0.242283709862,0.97020544419,0.));
#3192 = ORIENTED_EDGE('',*,*,#3193,.F.);
#3193 = EDGE_CURVE('',#886,#3186,#3194,.T.);
#3194 = LINE('',#3195,#3196);
#3195 = CARTESIAN_POINT('',(-244.9793668301,-0.888629038672,3.8));
#3196 = VECTOR('',#3197,1.);
#3197 = DIRECTION('',(0.,0.,1.));
#3198 = PLANE('',#3199);
#3199 = AXIS2_PLACEMENT_3D('',#3200,#3201,#3202);
#3200 = CARTESIAN_POINT('',(-245.8886507423,-4.529782636756,3.8));
#3201 = DIRECTION('',(-0.97020544419,0.242283709862,0.));
#3202 = DIRECTION('',(0.242283709862,0.97020544419,0.));
#3203 = ADVANCED_FACE('',(#3204),#3222,.F.);
#3204 = FACE_BOUND('',#3205,.F.);
#3205 = EDGE_LOOP('',(#3206,#3207,#3208,#3216));
#3206 = ORIENTED_EDGE('',*,*,#885,.T.);
#3207 = ORIENTED_EDGE('',*,*,#3193,.T.);
#3208 = ORIENTED_EDGE('',*,*,#3209,.T.);
#3209 = EDGE_CURVE('',#3186,#3210,#3212,.T.);
#3210 = VERTEX_POINT('',#3211);
#3211 = CARTESIAN_POINT('',(-244.0161673568,2.738634879554,18.));
#3212 = LINE('',#3213,#3214);
#3213 = CARTESIAN_POINT('',(-244.9793668301,-0.888629038672,18.));
#3214 = VECTOR('',#3215,1.);
#3215 = DIRECTION('',(0.256649808268,0.96650446244,0.));
#3216 = ORIENTED_EDGE('',*,*,#3217,.F.);
#3217 = EDGE_CURVE('',#878,#3210,#3218,.T.);
#3218 = LINE('',#3219,#3220);
#3219 = CARTESIAN_POINT('',(-244.0161673568,2.738634879554,3.8));
#3220 = VECTOR('',#3221,1.);
#3221 = DIRECTION('',(0.,0.,1.));
#3222 = PLANE('',#3223);
#3223 = AXIS2_PLACEMENT_3D('',#3224,#3225,#3226);
#3224 = CARTESIAN_POINT('',(-244.9793668301,-0.888629038672,3.8));
#3225 = DIRECTION('',(-0.96650446244,0.256649808268,0.));
#3226 = DIRECTION('',(0.256649808268,0.96650446244,0.));
#3227 = ADVANCED_FACE('',(#3228),#3246,.F.);
#3228 = FACE_BOUND('',#3229,.F.);
#3229 = EDGE_LOOP('',(#3230,#3231,#3232,#3240));
#3230 = ORIENTED_EDGE('',*,*,#877,.T.);
#3231 = ORIENTED_EDGE('',*,*,#3217,.T.);
#3232 = ORIENTED_EDGE('',*,*,#3233,.T.);
#3233 = EDGE_CURVE('',#3210,#3234,#3236,.T.);
#3234 = VERTEX_POINT('',#3235);
#3235 = CARTESIAN_POINT('',(-242.9992643053,6.351210822246,18.));
#3236 = LINE('',#3237,#3238);
#3237 = CARTESIAN_POINT('',(-244.0161673568,2.738634879554,18.));
#3238 = VECTOR('',#3239,1.);
#3239 = DIRECTION('',(0.270959422659,0.962590770407,0.));
#3240 = ORIENTED_EDGE('',*,*,#3241,.F.);
#3241 = EDGE_CURVE('',#870,#3234,#3242,.T.);
#3242 = LINE('',#3243,#3244);
#3243 = CARTESIAN_POINT('',(-242.9992643053,6.351210822246,3.8));
#3244 = VECTOR('',#3245,1.);
#3245 = DIRECTION('',(0.,0.,1.));
#3246 = PLANE('',#3247);
#3247 = AXIS2_PLACEMENT_3D('',#3248,#3249,#3250);
#3248 = CARTESIAN_POINT('',(-244.0161673568,2.738634879554,3.8));
#3249 = DIRECTION('',(-0.962590770407,0.270959422659,0.));
#3250 = DIRECTION('',(0.270959422659,0.962590770407,0.));
#3251 = ADVANCED_FACE('',(#3252),#3270,.F.);
#3252 = FACE_BOUND('',#3253,.F.);
#3253 = EDGE_LOOP('',(#3254,#3255,#3256,#3264));
#3254 = ORIENTED_EDGE('',*,*,#869,.T.);
#3255 = ORIENTED_EDGE('',*,*,#3241,.T.);
#3256 = ORIENTED_EDGE('',*,*,#3257,.T.);
#3257 = EDGE_CURVE('',#3234,#3258,#3260,.T.);
#3258 = VERTEX_POINT('',#3259);
#3259 = CARTESIAN_POINT('',(-241.9288814778,9.948303726288,18.));
#3260 = LINE('',#3261,#3262);
#3261 = CARTESIAN_POINT('',(-242.9992643053,6.351210822246,18.));
#3262 = VECTOR('',#3263,1.);
#3263 = DIRECTION('',(0.285209403744,0.958465229425,0.));
#3264 = ORIENTED_EDGE('',*,*,#3265,.F.);
#3265 = EDGE_CURVE('',#862,#3258,#3266,.T.);
#3266 = LINE('',#3267,#3268);
#3267 = CARTESIAN_POINT('',(-241.9288814778,9.948303726288,3.8));
#3268 = VECTOR('',#3269,1.);
#3269 = DIRECTION('',(0.,0.,1.));
#3270 = PLANE('',#3271);
#3271 = AXIS2_PLACEMENT_3D('',#3272,#3273,#3274);
#3272 = CARTESIAN_POINT('',(-242.9992643053,6.351210822246,3.8));
#3273 = DIRECTION('',(-0.958465229425,0.285209403744,0.));
#3274 = DIRECTION('',(0.285209403744,0.958465229425,0.));
#3275 = ADVANCED_FACE('',(#3276),#3294,.F.);
#3276 = FACE_BOUND('',#3277,.F.);
#3277 = EDGE_LOOP('',(#3278,#3279,#3280,#3288));
#3278 = ORIENTED_EDGE('',*,*,#861,.T.);
#3279 = ORIENTED_EDGE('',*,*,#3265,.T.);
#3280 = ORIENTED_EDGE('',*,*,#3281,.T.);
#3281 = EDGE_CURVE('',#3258,#3282,#3284,.T.);
#3282 = VERTEX_POINT('',#3283);
#3283 = CARTESIAN_POINT('',(-240.8052544462,13.5291219361,18.));
#3284 = LINE('',#3285,#3286);
#3285 = CARTESIAN_POINT('',(-241.9288814778,9.948303726288,18.));
#3286 = VECTOR('',#3287,1.);
#3287 = DIRECTION('',(0.29939661536,0.95412874745,0.));
#3288 = ORIENTED_EDGE('',*,*,#3289,.F.);
#3289 = EDGE_CURVE('',#854,#3282,#3290,.T.);
#3290 = LINE('',#3291,#3292);
#3291 = CARTESIAN_POINT('',(-240.8052544462,13.5291219361,3.8));
#3292 = VECTOR('',#3293,1.);
#3293 = DIRECTION('',(0.,0.,1.));
#3294 = PLANE('',#3295);
#3295 = AXIS2_PLACEMENT_3D('',#3296,#3297,#3298);
#3296 = CARTESIAN_POINT('',(-241.9288814778,9.948303726288,3.8));
#3297 = DIRECTION('',(-0.95412874745,0.29939661536,0.));
#3298 = DIRECTION('',(0.29939661536,0.95412874745,0.));
#3299 = ADVANCED_FACE('',(#3300),#3318,.F.);
#3300 = FACE_BOUND('',#3301,.F.);
#3301 = EDGE_LOOP('',(#3302,#3303,#3304,#3312));
#3302 = ORIENTED_EDGE('',*,*,#853,.T.);
#3303 = ORIENTED_EDGE('',*,*,#3289,.T.);
#3304 = ORIENTED_EDGE('',*,*,#3305,.T.);
#3305 = EDGE_CURVE('',#3282,#3306,#3308,.T.);
#3306 = VERTEX_POINT('',#3307);
#3307 = CARTESIAN_POINT('',(-239.6286305008,17.092877377874,18.));
#3308 = LINE('',#3309,#3310);
#3309 = CARTESIAN_POINT('',(-240.8052544462,13.5291219361,18.));
#3310 = VECTOR('',#3311,1.);
#3311 = DIRECTION('',(0.313517935154,0.949582278866,0.));
#3312 = ORIENTED_EDGE('',*,*,#3313,.F.);
#3313 = EDGE_CURVE('',#846,#3306,#3314,.T.);
#3314 = LINE('',#3315,#3316);
#3315 = CARTESIAN_POINT('',(-239.6286305008,17.092877377874,3.8));
#3316 = VECTOR('',#3317,1.);
#3317 = DIRECTION('',(0.,0.,1.));
#3318 = PLANE('',#3319);
#3319 = AXIS2_PLACEMENT_3D('',#3320,#3321,#3322);
#3320 = CARTESIAN_POINT('',(-240.8052544462,13.5291219361,3.8));
#3321 = DIRECTION('',(-0.949582278866,0.313517935154,0.));
#3322 = DIRECTION('',(0.313517935154,0.949582278866,0.));
#3323 = ADVANCED_FACE('',(#3324),#3342,.F.);
#3324 = FACE_BOUND('',#3325,.F.);
#3325 = EDGE_LOOP('',(#3326,#3327,#3328,#3336));
#3326 = ORIENTED_EDGE('',*,*,#845,.T.);
#3327 = ORIENTED_EDGE('',*,*,#3313,.T.);
#3328 = ORIENTED_EDGE('',*,*,#3329,.T.);
#3329 = EDGE_CURVE('',#3306,#3330,#3332,.T.);
#3330 = VERTEX_POINT('',#3331);
#3331 = CARTESIAN_POINT('',(-238.3992685952,20.638785733007,18.));
#3332 = LINE('',#3333,#3334);
#3333 = CARTESIAN_POINT('',(-239.6286305008,17.092877377874,18.));
#3334 = VECTOR('',#3335,1.);
#3335 = DIRECTION('',(0.32757025528,0.944826824268,0.));
#3336 = ORIENTED_EDGE('',*,*,#3337,.F.);
#3337 = EDGE_CURVE('',#838,#3330,#3338,.T.);
#3338 = LINE('',#3339,#3340);
#3339 = CARTESIAN_POINT('',(-238.3992685952,20.638785733007,3.8));
#3340 = VECTOR('',#3341,1.);
#3341 = DIRECTION('',(0.,0.,1.));
#3342 = PLANE('',#3343);
#3343 = AXIS2_PLACEMENT_3D('',#3344,#3345,#3346);
#3344 = CARTESIAN_POINT('',(-239.6286305008,17.092877377874,3.8));
#3345 = DIRECTION('',(-0.944826824268,0.32757025528,0.));
#3346 = DIRECTION('',(0.32757025528,0.944826824268,0.));
#3347 = ADVANCED_FACE('',(#3348),#3366,.F.);
#3348 = FACE_BOUND('',#3349,.F.);
#3349 = EDGE_LOOP('',(#3350,#3351,#3352,#3360));
#3350 = ORIENTED_EDGE('',*,*,#837,.T.);
#3351 = ORIENTED_EDGE('',*,*,#3337,.T.);
#3352 = ORIENTED_EDGE('',*,*,#3353,.T.);
#3353 = EDGE_CURVE('',#3330,#3354,#3356,.T.);
#3354 = VERTEX_POINT('',#3355);
#3355 = CARTESIAN_POINT('',(-237.1174392901,24.166066610724,18.));
#3356 = LINE('',#3357,#3358);
#3357 = CARTESIAN_POINT('',(-238.3992685952,20.638785733007,18.));
#3358 = VECTOR('',#3359,1.);
#3359 = DIRECTION('',(0.341550483072,0.939863430246,0.));
#3360 = ORIENTED_EDGE('',*,*,#3361,.F.);
#3361 = EDGE_CURVE('',#830,#3354,#3362,.T.);
#3362 = LINE('',#3363,#3364);
#3363 = CARTESIAN_POINT('',(-237.1174392901,24.166066610724,3.8));
#3364 = VECTOR('',#3365,1.);
#3365 = DIRECTION('',(0.,0.,1.));
#3366 = PLANE('',#3367);
#3367 = AXIS2_PLACEMENT_3D('',#3368,#3369,#3370);
#3368 = CARTESIAN_POINT('',(-238.3992685952,20.638785733007,3.8));
#3369 = DIRECTION('',(-0.939863430246,0.341550483072,0.));
#3370 = DIRECTION('',(0.341550483072,0.939863430246,0.));
#3371 = ADVANCED_FACE('',(#3372),#3390,.F.);
#3372 = FACE_BOUND('',#3373,.F.);
#3373 = EDGE_LOOP('',(#3374,#3375,#3376,#3384));
#3374 = ORIENTED_EDGE('',*,*,#829,.T.);
#3375 = ORIENTED_EDGE('',*,*,#3361,.T.);
#3376 = ORIENTED_EDGE('',*,*,#3377,.T.);
#3377 = EDGE_CURVE('',#3354,#3378,#3380,.T.);
#3378 = VERTEX_POINT('',#3379);
#3379 = CARTESIAN_POINT('',(-235.783424693,27.673943719819,18.));
#3380 = LINE('',#3381,#3382);
#3381 = CARTESIAN_POINT('',(-237.1174392901,24.166066610724,18.));
#3382 = VECTOR('',#3383,1.);
#3383 = DIRECTION('',(0.355455541733,0.934693189154,0.));
#3384 = ORIENTED_EDGE('',*,*,#3385,.F.);
#3385 = EDGE_CURVE('',#822,#3378,#3386,.T.);
#3386 = LINE('',#3387,#3388);
#3387 = CARTESIAN_POINT('',(-235.783424693,27.673943719819,3.8));
#3388 = VECTOR('',#3389,1.);
#3389 = DIRECTION('',(0.,0.,1.));
#3390 = PLANE('',#3391);
#3391 = AXIS2_PLACEMENT_3D('',#3392,#3393,#3394);
#3392 = CARTESIAN_POINT('',(-237.1174392901,24.166066610724,3.8));
#3393 = DIRECTION('',(-0.934693189154,0.355455541733,0.));
#3394 = DIRECTION('',(0.355455541733,0.934693189154,0.));
#3395 = ADVANCED_FACE('',(#3396),#3414,.F.);
#3396 = FACE_BOUND('',#3397,.F.);
#3397 = EDGE_LOOP('',(#3398,#3399,#3400,#3408));
#3398 = ORIENTED_EDGE('',*,*,#821,.T.);
#3399 = ORIENTED_EDGE('',*,*,#3385,.T.);
#3400 = ORIENTED_EDGE('',*,*,#3401,.T.);
#3401 = EDGE_CURVE('',#3378,#3402,#3404,.T.);
#3402 = VERTEX_POINT('',#3403);
#3403 = CARTESIAN_POINT('',(-234.3975183966,31.161645039509,18.));
#3404 = LINE('',#3405,#3406);
#3405 = CARTESIAN_POINT('',(-235.783424693,27.673943719819,18.));
#3406 = VECTOR('',#3407,1.);
#3407 = DIRECTION('',(0.369282371011,0.92931723887,0.));
#3408 = ORIENTED_EDGE('',*,*,#3409,.F.);
#3409 = EDGE_CURVE('',#814,#3402,#3410,.T.);
#3410 = LINE('',#3411,#3412);
#3411 = CARTESIAN_POINT('',(-234.3975183966,31.161645039509,3.8));
#3412 = VECTOR('',#3413,1.);
#3413 = DIRECTION('',(0.,0.,1.));
#3414 = PLANE('',#3415);
#3415 = AXIS2_PLACEMENT_3D('',#3416,#3417,#3418);
#3416 = CARTESIAN_POINT('',(-235.783424693,27.673943719819,3.8));
#3417 = DIRECTION('',(-0.92931723887,0.369282371011,0.));
#3418 = DIRECTION('',(0.369282371011,0.92931723887,0.));
#3419 = ADVANCED_FACE('',(#3420),#3438,.F.);
#3420 = FACE_BOUND('',#3421,.F.);
#3421 = EDGE_LOOP('',(#3422,#3423,#3424,#3432));
#3422 = ORIENTED_EDGE('',*,*,#813,.T.);
#3423 = ORIENTED_EDGE('',*,*,#3409,.T.);
#3424 = ORIENTED_EDGE('',*,*,#3425,.T.);
#3425 = EDGE_CURVE('',#3402,#3426,#3428,.T.);
#3426 = VERTEX_POINT('',#3427);
#3427 = CARTESIAN_POINT('',(-232.960025414,34.628402989341,18.));
#3428 = LINE('',#3429,#3430);
#3429 = CARTESIAN_POINT('',(-234.3975183966,31.161645039509,18.));
#3430 = VECTOR('',#3431,1.);
#3431 = DIRECTION('',(0.383027927868,0.923736762543,0.));
#3432 = ORIENTED_EDGE('',*,*,#3433,.F.);
#3433 = EDGE_CURVE('',#806,#3426,#3434,.T.);
#3434 = LINE('',#3435,#3436);
#3435 = CARTESIAN_POINT('',(-232.960025414,34.628402989341,3.8));
#3436 = VECTOR('',#3437,1.);
#3437 = DIRECTION('',(0.,0.,1.));
#3438 = PLANE('',#3439);
#3439 = AXIS2_PLACEMENT_3D('',#3440,#3441,#3442);
#3440 = CARTESIAN_POINT('',(-234.3975183966,31.161645039509,3.8));
#3441 = DIRECTION('',(-0.923736762543,0.383027927868,0.));
#3442 = DIRECTION('',(0.383027927868,0.923736762543,0.));
#3443 = ADVANCED_FACE('',(#3444),#3462,.F.);
#3444 = FACE_BOUND('',#3445,.F.);
#3445 = EDGE_LOOP('',(#3446,#3447,#3448,#3456));
#3446 = ORIENTED_EDGE('',*,*,#805,.T.);
#3447 = ORIENTED_EDGE('',*,*,#3433,.T.);
#3448 = ORIENTED_EDGE('',*,*,#3449,.T.);
#3449 = EDGE_CURVE('',#3426,#3450,#3452,.T.);
#3450 = VERTEX_POINT('',#3451);
#3451 = CARTESIAN_POINT('',(-231.4712621115,38.073454598121,18.));
#3452 = LINE('',#3453,#3454);
#3453 = CARTESIAN_POINT('',(-232.960025414,34.628402989341,18.));
#3454 = VECTOR('',#3455,1.);
#3455 = DIRECTION('',(0.396689187153,0.917952988336,0.));
#3456 = ORIENTED_EDGE('',*,*,#3457,.F.);
#3457 = EDGE_CURVE('',#798,#3450,#3458,.T.);
#3458 = LINE('',#3459,#3460);
#3459 = CARTESIAN_POINT('',(-231.4712621115,38.073454598121,3.8));
#3460 = VECTOR('',#3461,1.);
#3461 = DIRECTION('',(0.,0.,1.));
#3462 = PLANE('',#3463);
#3463 = AXIS2_PLACEMENT_3D('',#3464,#3465,#3466);
#3464 = CARTESIAN_POINT('',(-232.960025414,34.628402989341,3.8));
#3465 = DIRECTION('',(-0.917952988336,0.396689187153,0.));
#3466 = DIRECTION('',(0.396689187153,0.917952988336,0.));
#3467 = ADVANCED_FACE('',(#3468),#3486,.F.);
#3468 = FACE_BOUND('',#3469,.F.);
#3469 = EDGE_LOOP('',(#3470,#3471,#3472,#3480));
#3470 = ORIENTED_EDGE('',*,*,#797,.T.);
#3471 = ORIENTED_EDGE('',*,*,#3457,.T.);
#3472 = ORIENTED_EDGE('',*,*,#3473,.T.);
#3473 = EDGE_CURVE('',#3450,#3474,#3476,.T.);
#3474 = VERTEX_POINT('',#3475);
#3475 = CARTESIAN_POINT('',(-229.9315561394,41.496041671829,18.));
#3476 = LINE('',#3477,#3478);
#3477 = CARTESIAN_POINT('',(-231.4712621115,38.073454598121,18.));
#3478 = VECTOR('',#3479,1.);
#3479 = DIRECTION('',(0.410263142269,0.911967189155,0.));
#3480 = ORIENTED_EDGE('',*,*,#3481,.F.);
#3481 = EDGE_CURVE('',#790,#3474,#3482,.T.);
#3482 = LINE('',#3483,#3484);
#3483 = CARTESIAN_POINT('',(-229.9315561394,41.496041671829,3.8));
#3484 = VECTOR('',#3485,1.);
#3485 = DIRECTION('',(0.,0.,1.));
#3486 = PLANE('',#3487);
#3487 = AXIS2_PLACEMENT_3D('',#3488,#3489,#3490);
#3488 = CARTESIAN_POINT('',(-231.4712621115,38.073454598121,3.8));
#3489 = DIRECTION('',(-0.911967189155,0.410263142269,0.));
#3490 = DIRECTION('',(0.410263142269,0.911967189155,0.));
#3491 = ADVANCED_FACE('',(#3492),#3510,.F.);
#3492 = FACE_BOUND('',#3493,.F.);
#3493 = EDGE_LOOP('',(#3494,#3495,#3496,#3504));
#3494 = ORIENTED_EDGE('',*,*,#789,.T.);
#3495 = ORIENTED_EDGE('',*,*,#3481,.T.);
#3496 = ORIENTED_EDGE('',*,*,#3497,.T.);
#3497 = EDGE_CURVE('',#3474,#3498,#3500,.T.);
#3498 = VERTEX_POINT('',#3499);
#3499 = CARTESIAN_POINT('',(-228.3412463591,44.89541096049,18.));
#3500 = LINE('',#3501,#3502);
#3501 = CARTESIAN_POINT('',(-229.9315561394,41.496041671829,18.));
#3502 = VECTOR('',#3503,1.);
#3503 = DIRECTION('',(0.423746805832,0.905780682366,0.));
#3504 = ORIENTED_EDGE('',*,*,#3505,.F.);
#3505 = EDGE_CURVE('',#782,#3498,#3506,.T.);
#3506 = LINE('',#3507,#3508);
#3507 = CARTESIAN_POINT('',(-228.3412463591,44.89541096049,3.8));
#3508 = VECTOR('',#3509,1.);
#3509 = DIRECTION('',(0.,0.,1.));
#3510 = PLANE('',#3511);
#3511 = AXIS2_PLACEMENT_3D('',#3512,#3513,#3514);
#3512 = CARTESIAN_POINT('',(-229.9315561394,41.496041671829,3.8));
#3513 = DIRECTION('',(-0.905780682366,0.423746805832,0.));
#3514 = DIRECTION('',(0.423746805832,0.905780682366,0.));
#3515 = ADVANCED_FACE('',(#3516),#3534,.F.);
#3516 = FACE_BOUND('',#3517,.F.);
#3517 = EDGE_LOOP('',(#3518,#3519,#3520,#3528));
#3518 = ORIENTED_EDGE('',*,*,#781,.T.);
#3519 = ORIENTED_EDGE('',*,*,#3505,.T.);
#3520 = ORIENTED_EDGE('',*,*,#3521,.T.);
#3521 = EDGE_CURVE('',#3498,#3522,#3524,.T.);
#3522 = VERTEX_POINT('',#3523);
#3523 = CARTESIAN_POINT('',(-226.7006827695,48.270814323944,18.));
#3524 = LINE('',#3525,#3526);
#3525 = CARTESIAN_POINT('',(-228.3412463591,44.89541096049,18.));
#3526 = VECTOR('',#3527,1.);
#3527 = DIRECTION('',(0.43713721033,0.899394829508,0.));
#3528 = ORIENTED_EDGE('',*,*,#3529,.F.);
#3529 = EDGE_CURVE('',#774,#3522,#3530,.T.);
#3530 = LINE('',#3531,#3532);
#3531 = CARTESIAN_POINT('',(-226.7006827695,48.270814323944,3.8));
#3532 = VECTOR('',#3533,1.);
#3533 = DIRECTION('',(0.,0.,1.));
#3534 = PLANE('',#3535);
#3535 = AXIS2_PLACEMENT_3D('',#3536,#3537,#3538);
#3536 = CARTESIAN_POINT('',(-228.3412463591,44.89541096049,3.8));
#3537 = DIRECTION('',(-0.899394829508,0.43713721033,0.));
#3538 = DIRECTION('',(0.43713721033,0.899394829508,0.));
#3539 = ADVANCED_FACE('',(#3540),#3558,.F.);
#3540 = FACE_BOUND('',#3541,.F.);
#3541 = EDGE_LOOP('',(#3542,#3543,#3544,#3552));
#3542 = ORIENTED_EDGE('',*,*,#773,.T.);
#3543 = ORIENTED_EDGE('',*,*,#3529,.T.);
#3544 = ORIENTED_EDGE('',*,*,#3545,.T.);
#3545 = EDGE_CURVE('',#3522,#3546,#3548,.T.);
#3546 = VERTEX_POINT('',#3547);
#3547 = CARTESIAN_POINT('',(-225.0102264289,51.6215088965,18.));
#3548 = LINE('',#3549,#3550);
#3549 = CARTESIAN_POINT('',(-226.7006827695,48.270814323944,18.));
#3550 = VECTOR('',#3551,1.);
#3551 = DIRECTION('',(0.450431408775,0.892811035992,0.));
#3552 = ORIENTED_EDGE('',*,*,#3553,.F.);
#3553 = EDGE_CURVE('',#766,#3546,#3554,.T.);
#3554 = LINE('',#3555,#3556);
#3555 = CARTESIAN_POINT('',(-225.0102264289,51.6215088965,3.8));
#3556 = VECTOR('',#3557,1.);
#3557 = DIRECTION('',(0.,0.,1.));
#3558 = PLANE('',#3559);
#3559 = AXIS2_PLACEMENT_3D('',#3560,#3561,#3562);
#3560 = CARTESIAN_POINT('',(-226.7006827695,48.270814323944,3.8));
#3561 = DIRECTION('',(-0.892811035992,0.450431408775,0.));
#3562 = DIRECTION('',(0.450431408775,0.892811035992,0.));
#3563 = ADVANCED_FACE('',(#3564),#3582,.F.);
#3564 = FACE_BOUND('',#3565,.F.);
#3565 = EDGE_LOOP('',(#3566,#3567,#3568,#3576));
#3566 = ORIENTED_EDGE('',*,*,#765,.T.);
#3567 = ORIENTED_EDGE('',*,*,#3553,.T.);
#3568 = ORIENTED_EDGE('',*,*,#3569,.T.);
#3569 = EDGE_CURVE('',#3546,#3570,#3572,.T.);
#3570 = VERTEX_POINT('',#3571);
#3571 = CARTESIAN_POINT('',(-223.2702493766,54.946757250432,18.));
#3572 = LINE('',#3573,#3574);
#3573 = CARTESIAN_POINT('',(-225.0102264289,51.6215088965,18.));
#3574 = VECTOR('',#3575,1.);
#3575 = DIRECTION('',(0.463626475352,0.886030750794,0.));
#3576 = ORIENTED_EDGE('',*,*,#3577,.F.);
#3577 = EDGE_CURVE('',#758,#3570,#3578,.T.);
#3578 = LINE('',#3579,#3580);
#3579 = CARTESIAN_POINT('',(-223.2702493766,54.946757250432,3.8));
#3580 = VECTOR('',#3581,1.);
#3581 = DIRECTION('',(0.,0.,1.));
#3582 = PLANE('',#3583);
#3583 = AXIS2_PLACEMENT_3D('',#3584,#3585,#3586);
#3584 = CARTESIAN_POINT('',(-225.0102264289,51.6215088965,3.8));
#3585 = DIRECTION('',(-0.886030750794,0.463626475352,0.));
#3586 = DIRECTION('',(0.463626475352,0.886030750794,0.));
#3587 = ADVANCED_FACE('',(#3588),#3606,.F.);
#3588 = FACE_BOUND('',#3589,.F.);
#3589 = EDGE_LOOP('',(#3590,#3591,#3592,#3600));
#3590 = ORIENTED_EDGE('',*,*,#757,.T.);
#3591 = ORIENTED_EDGE('',*,*,#3577,.T.);
#3592 = ORIENTED_EDGE('',*,*,#3593,.T.);
#3593 = EDGE_CURVE('',#3570,#3594,#3596,.T.);
#3594 = VERTEX_POINT('',#3595);
#3595 = CARTESIAN_POINT('',(-221.4811345503,58.245827558266,18.));
#3596 = LINE('',#3597,#3598);
#3597 = CARTESIAN_POINT('',(-223.2702493766,54.946757250432,18.));
#3598 = VECTOR('',#3599,1.);
#3599 = DIRECTION('',(0.476719506064,0.879055466133,0.));
#3600 = ORIENTED_EDGE('',*,*,#3601,.F.);
#3601 = EDGE_CURVE('',#750,#3594,#3602,.T.);
#3602 = LINE('',#3603,#3604);
#3603 = CARTESIAN_POINT('',(-221.4811345503,58.245827558266,3.8));
#3604 = VECTOR('',#3605,1.);
#3605 = DIRECTION('',(0.,0.,1.));
#3606 = PLANE('',#3607);
#3607 = AXIS2_PLACEMENT_3D('',#3608,#3609,#3610);
#3608 = CARTESIAN_POINT('',(-223.2702493766,54.946757250432,3.8));
#3609 = DIRECTION('',(-0.879055466133,0.476719506064,0.));
#3610 = DIRECTION('',(0.476719506064,0.879055466133,0.));
#3611 = ADVANCED_FACE('',(#3612),#3630,.F.);
#3612 = FACE_BOUND('',#3613,.F.);
#3613 = EDGE_LOOP('',(#3614,#3615,#3616,#3624));
#3614 = ORIENTED_EDGE('',*,*,#749,.T.);
#3615 = ORIENTED_EDGE('',*,*,#3601,.T.);
#3616 = ORIENTED_EDGE('',*,*,#3617,.T.);
#3617 = EDGE_CURVE('',#3594,#3618,#3620,.T.);
#3618 = VERTEX_POINT('',#3619);
#3619 = CARTESIAN_POINT('',(-219.643275702,61.517993753848,18.));
#3620 = LINE('',#3621,#3622);
#3621 = CARTESIAN_POINT('',(-221.4811345503,58.245827558266,18.));
#3622 = VECTOR('',#3623,1.);
#3623 = DIRECTION('',(0.48970761937,0.871886717143,0.));
#3624 = ORIENTED_EDGE('',*,*,#3625,.F.);
#3625 = EDGE_CURVE('',#742,#3618,#3626,.T.);
#3626 = LINE('',#3627,#3628);
#3627 = CARTESIAN_POINT('',(-219.643275702,61.517993753848,3.8));
#3628 = VECTOR('',#3629,1.);
#3629 = DIRECTION('',(0.,0.,1.));
#3630 = PLANE('',#3631);
#3631 = AXIS2_PLACEMENT_3D('',#3632,#3633,#3634);
#3632 = CARTESIAN_POINT('',(-221.4811345503,58.245827558266,3.8));
#3633 = DIRECTION('',(-0.871886717143,0.48970761937,0.));
#3634 = DIRECTION('',(0.48970761937,0.871886717143,0.));
#3635 = ADVANCED_FACE('',(#3636),#3654,.F.);
#3636 = FACE_BOUND('',#3637,.F.);
#3637 = EDGE_LOOP('',(#3638,#3639,#3640,#3648));
#3638 = ORIENTED_EDGE('',*,*,#741,.T.);
#3639 = ORIENTED_EDGE('',*,*,#3625,.T.);
#3640 = ORIENTED_EDGE('',*,*,#3641,.T.);
#3641 = EDGE_CURVE('',#3618,#3642,#3644,.T.);
#3642 = VERTEX_POINT('',#3643);
#3643 = CARTESIAN_POINT('',(-217.7570773115,64.762535692137,18.));
#3644 = LINE('',#3645,#3646);
#3645 = CARTESIAN_POINT('',(-219.643275702,61.517993753848,18.));
#3646 = VECTOR('',#3647,1.);
#3647 = DIRECTION('',(0.50258795682,0.864526081538,0.));
#3648 = ORIENTED_EDGE('',*,*,#3649,.F.);
#3649 = EDGE_CURVE('',#734,#3642,#3650,.T.);
#3650 = LINE('',#3651,#3652);
#3651 = CARTESIAN_POINT('',(-217.7570773115,64.762535692137,3.8));
#3652 = VECTOR('',#3653,1.);
#3653 = DIRECTION('',(0.,0.,1.));
#3654 = PLANE('',#3655);
#3655 = AXIS2_PLACEMENT_3D('',#3656,#3657,#3658);
#3656 = CARTESIAN_POINT('',(-219.643275702,61.517993753848,3.8));
#3657 = DIRECTION('',(-0.864526081538,0.50258795682,0.));
#3658 = DIRECTION('',(0.50258795682,0.864526081538,0.));
#3659 = ADVANCED_FACE('',(#3660),#3678,.F.);
#3660 = FACE_BOUND('',#3661,.F.);
#3661 = EDGE_LOOP('',(#3662,#3663,#3664,#3672));
#3662 = ORIENTED_EDGE('',*,*,#733,.T.);
#3663 = ORIENTED_EDGE('',*,*,#3649,.T.);
#3664 = ORIENTED_EDGE('',*,*,#3665,.T.);
#3665 = EDGE_CURVE('',#3642,#3666,#3668,.T.);
#3666 = VERTEX_POINT('',#3667);
#3667 = CARTESIAN_POINT('',(-215.8229544971,67.978739307693,18.));
#3668 = LINE('',#3669,#3670);
#3669 = CARTESIAN_POINT('',(-217.7570773115,64.762535692137,18.));
#3670 = VECTOR('',#3671,1.);
#3671 = DIRECTION('',(0.515357683682,0.856975179261,0.));
#3672 = ORIENTED_EDGE('',*,*,#3673,.F.);
#3673 = EDGE_CURVE('',#726,#3666,#3674,.T.);
#3674 = LINE('',#3675,#3676);
#3675 = CARTESIAN_POINT('',(-215.8229544971,67.978739307693,3.8));
#3676 = VECTOR('',#3677,1.);
#3677 = DIRECTION('',(0.,0.,1.));
#3678 = PLANE('',#3679);
#3679 = AXIS2_PLACEMENT_3D('',#3680,#3681,#3682);
#3680 = CARTESIAN_POINT('',(-217.7570773115,64.762535692137,3.8));
#3681 = DIRECTION('',(-0.856975179261,0.515357683682,0.));
#3682 = DIRECTION('',(0.515357683682,0.856975179261,0.));
#3683 = ADVANCED_FACE('',(#3684),#3702,.F.);
#3684 = FACE_BOUND('',#3685,.F.);
#3685 = EDGE_LOOP('',(#3686,#3687,#3688,#3696));
#3686 = ORIENTED_EDGE('',*,*,#725,.T.);
#3687 = ORIENTED_EDGE('',*,*,#3673,.T.);
#3688 = ORIENTED_EDGE('',*,*,#3689,.T.);
#3689 = EDGE_CURVE('',#3666,#3690,#3692,.T.);
#3690 = VERTEX_POINT('',#3691);
#3691 = CARTESIAN_POINT('',(-213.8413329246,71.165896771833,18.));
#3692 = LINE('',#3693,#3694);
#3693 = CARTESIAN_POINT('',(-215.8229544971,67.978739307693,18.));
#3694 = VECTOR('',#3695,1.);
#3695 = DIRECTION('',(0.528013989569,0.849235672131,0.));
#3696 = ORIENTED_EDGE('',*,*,#3697,.F.);
#3697 = EDGE_CURVE('',#718,#3690,#3698,.T.);
#3698 = LINE('',#3699,#3700);
#3699 = CARTESIAN_POINT('',(-213.8413329246,71.165896771833,3.8));
#3700 = VECTOR('',#3701,1.);
#3701 = DIRECTION('',(0.,0.,1.));
#3702 = PLANE('',#3703);
#3703 = AXIS2_PLACEMENT_3D('',#3704,#3705,#3706);
#3704 = CARTESIAN_POINT('',(-215.8229544971,67.978739307693,3.8));
#3705 = DIRECTION('',(-0.849235672131,0.528013989569,0.));
#3706 = DIRECTION('',(0.528013989569,0.849235672131,0.));
#3707 = ADVANCED_FACE('',(#3708),#3726,.F.);
#3708 = FACE_BOUND('',#3709,.F.);
#3709 = EDGE_LOOP('',(#3710,#3711,#3712,#3720));
#3710 = ORIENTED_EDGE('',*,*,#717,.T.);
#3711 = ORIENTED_EDGE('',*,*,#3697,.T.);
#3712 = ORIENTED_EDGE('',*,*,#3713,.T.);
#3713 = EDGE_CURVE('',#3690,#3714,#3716,.T.);
#3714 = VERTEX_POINT('',#3715);
#3715 = CARTESIAN_POINT('',(-211.8126487133,74.323306648412,18.));
#3716 = LINE('',#3717,#3718);
#3717 = CARTESIAN_POINT('',(-213.8413329246,71.165896771833,18.));
#3718 = VECTOR('',#3719,1.);
#3719 = DIRECTION('',(0.540554089056,0.841309263473,0.));
#3720 = ORIENTED_EDGE('',*,*,#3721,.F.);
#3721 = EDGE_CURVE('',#710,#3714,#3722,.T.);
#3722 = LINE('',#3723,#3724);
#3723 = CARTESIAN_POINT('',(-211.8126487133,74.323306648412,3.8));
#3724 = VECTOR('',#3725,1.);
#3725 = DIRECTION('',(0.,0.,1.));
#3726 = PLANE('',#3727);
#3727 = AXIS2_PLACEMENT_3D('',#3728,#3729,#3730);
#3728 = CARTESIAN_POINT('',(-213.8413329246,71.165896771833,3.8));
#3729 = DIRECTION('',(-0.841309263473,0.540554089056,0.));
#3730 = DIRECTION('',(0.540554089056,0.841309263473,0.));
#3731 = ADVANCED_FACE('',(#3732),#3750,.F.);
#3732 = FACE_BOUND('',#3733,.F.);
#3733 = EDGE_LOOP('',(#3734,#3735,#3736,#3744));
#3734 = ORIENTED_EDGE('',*,*,#709,.T.);
#3735 = ORIENTED_EDGE('',*,*,#3721,.T.);
#3736 = ORIENTED_EDGE('',*,*,#3737,.T.);
#3737 = EDGE_CURVE('',#3714,#3738,#3740,.T.);
#3738 = VERTEX_POINT('',#3739);
#3739 = CARTESIAN_POINT('',(-209.7373483402,77.450274048192,18.));
#3740 = LINE('',#3741,#3742);
#3741 = CARTESIAN_POINT('',(-211.8126487133,74.323306648412,18.));
#3742 = VECTOR('',#3743,1.);
#3743 = DIRECTION('',(0.55297522229,0.833197697748,0.));
#3744 = ORIENTED_EDGE('',*,*,#3745,.F.);
#3745 = EDGE_CURVE('',#702,#3738,#3746,.T.);
#3746 = LINE('',#3747,#3748);
#3747 = CARTESIAN_POINT('',(-209.7373483402,77.450274048192,3.8));
#3748 = VECTOR('',#3749,1.);
#3749 = DIRECTION('',(0.,0.,1.));
#3750 = PLANE('',#3751);
#3751 = AXIS2_PLACEMENT_3D('',#3752,#3753,#3754);
#3752 = CARTESIAN_POINT('',(-211.8126487133,74.323306648412,3.8));
#3753 = DIRECTION('',(-0.833197697748,0.55297522229,0.));
#3754 = DIRECTION('',(0.55297522229,0.833197697748,0.));
#3755 = ADVANCED_FACE('',(#3756),#3774,.F.);
#3756 = FACE_BOUND('',#3757,.F.);
#3757 = EDGE_LOOP('',(#3758,#3759,#3760,#3768));
#3758 = ORIENTED_EDGE('',*,*,#701,.T.);
#3759 = ORIENTED_EDGE('',*,*,#3745,.T.);
#3760 = ORIENTED_EDGE('',*,*,#3761,.T.);
#3761 = EDGE_CURVE('',#3738,#3762,#3764,.T.);
#3762 = VERTEX_POINT('',#3763);
#3763 = CARTESIAN_POINT('',(-207.6158885417,80.546110781781,18.));
#3764 = LINE('',#3765,#3766);
#3765 = CARTESIAN_POINT('',(-209.7373483402,77.450274048192,18.));
#3766 = VECTOR('',#3767,1.);
#3767 = DIRECTION('',(0.565274655605,0.824902760167,0.));
#3768 = ORIENTED_EDGE('',*,*,#3769,.F.);
#3769 = EDGE_CURVE('',#694,#3762,#3770,.T.);
#3770 = LINE('',#3771,#3772);
#3771 = CARTESIAN_POINT('',(-207.6158885417,80.546110781781,3.8));
#3772 = VECTOR('',#3773,1.);
#3773 = DIRECTION('',(0.,0.,1.));
#3774 = PLANE('',#3775);
#3775 = AXIS2_PLACEMENT_3D('',#3776,#3777,#3778);
#3776 = CARTESIAN_POINT('',(-209.7373483402,77.450274048192,3.8));
#3777 = DIRECTION('',(-0.824902760167,0.565274655605,0.));
#3778 = DIRECTION('',(0.565274655605,0.824902760167,0.));
#3779 = ADVANCED_FACE('',(#3780),#3798,.F.);
#3780 = FACE_BOUND('',#3781,.F.);
#3781 = EDGE_LOOP('',(#3782,#3783,#3784,#3792));
#3782 = ORIENTED_EDGE('',*,*,#693,.T.);
#3783 = ORIENTED_EDGE('',*,*,#3769,.T.);
#3784 = ORIENTED_EDGE('',*,*,#3785,.T.);
#3785 = EDGE_CURVE('',#3762,#3786,#3788,.T.);
#3786 = VERTEX_POINT('',#3787);
#3787 = CARTESIAN_POINT('',(-205.4487362129,83.610135511086,18.));
#3788 = LINE('',#3789,#3790);
#3789 = CARTESIAN_POINT('',(-207.6158885417,80.546110781781,18.));
#3790 = VECTOR('',#3791,1.);
#3791 = DIRECTION('',(0.577449682115,0.816426276295,0.));
#3792 = ORIENTED_EDGE('',*,*,#3793,.F.);
#3793 = EDGE_CURVE('',#686,#3786,#3794,.T.);
#3794 = LINE('',#3795,#3796);
#3795 = CARTESIAN_POINT('',(-205.4487362129,83.610135511086,3.8));
#3796 = VECTOR('',#3797,1.);
#3797 = DIRECTION('',(0.,0.,1.));
#3798 = PLANE('',#3799);
#3799 = AXIS2_PLACEMENT_3D('',#3800,#3801,#3802);
#3800 = CARTESIAN_POINT('',(-207.6158885417,80.546110781781,3.8));
#3801 = DIRECTION('',(-0.816426276295,0.577449682115,0.));
#3802 = DIRECTION('',(0.577449682115,0.816426276295,0.));
#3803 = ADVANCED_FACE('',(#3804),#3822,.F.);
#3804 = FACE_BOUND('',#3805,.F.);
#3805 = EDGE_LOOP('',(#3806,#3807,#3808,#3816));
#3806 = ORIENTED_EDGE('',*,*,#685,.T.);
#3807 = ORIENTED_EDGE('',*,*,#3793,.T.);
#3808 = ORIENTED_EDGE('',*,*,#3809,.T.);
#3809 = EDGE_CURVE('',#3786,#3810,#3812,.T.);
#3810 = VERTEX_POINT('',#3811);
#3811 = CARTESIAN_POINT('',(-203.2363683053,86.641673899265,18.));
#3812 = LINE('',#3813,#3814);
#3813 = CARTESIAN_POINT('',(-205.4487362129,83.610135511086,18.));
#3814 = VECTOR('',#3815,1.);
#3815 = DIRECTION('',(0.589497622315,0.807770111656,0.));
#3816 = ORIENTED_EDGE('',*,*,#3817,.F.);
#3817 = EDGE_CURVE('',#678,#3810,#3818,.T.);
#3818 = LINE('',#3819,#3820);
#3819 = CARTESIAN_POINT('',(-203.2363683053,86.641673899265,3.8));
#3820 = VECTOR('',#3821,1.);
#3821 = DIRECTION('',(0.,0.,1.));
#3822 = PLANE('',#3823);
#3823 = AXIS2_PLACEMENT_3D('',#3824,#3825,#3826);
#3824 = CARTESIAN_POINT('',(-205.4487362129,83.610135511086,3.8));
#3825 = DIRECTION('',(-0.807770111656,0.589497622315,0.));
#3826 = DIRECTION('',(0.589497622315,0.807770111656,0.));
#3827 = ADVANCED_FACE('',(#3828),#3846,.F.);
#3828 = FACE_BOUND('',#3829,.F.);
#3829 = EDGE_LOOP('',(#3830,#3831,#3832,#3840));
#3830 = ORIENTED_EDGE('',*,*,#677,.T.);
#3831 = ORIENTED_EDGE('',*,*,#3817,.T.);
#3832 = ORIENTED_EDGE('',*,*,#3833,.T.);
#3833 = EDGE_CURVE('',#3810,#3834,#3836,.T.);
#3834 = VERTEX_POINT('',#3835);
#3835 = CARTESIAN_POINT('',(-200.9792717212,89.640058759137,18.));
#3836 = LINE('',#3837,#3838);
#3837 = CARTESIAN_POINT('',(-203.2363683053,86.641673899265,18.));
#3838 = VECTOR('',#3839,1.);
#3839 = DIRECTION('',(0.60141582467,0.798936171315,0.));
#3840 = ORIENTED_EDGE('',*,*,#3841,.F.);
#3841 = EDGE_CURVE('',#670,#3834,#3842,.T.);
#3842 = LINE('',#3843,#3844);
#3843 = CARTESIAN_POINT('',(-200.9792717212,89.640058759137,3.8));
#3844 = VECTOR('',#3845,1.);
#3845 = DIRECTION('',(0.,0.,1.));
#3846 = PLANE('',#3847);
#3847 = AXIS2_PLACEMENT_3D('',#3848,#3849,#3850);
#3848 = CARTESIAN_POINT('',(-203.2363683053,86.641673899265,3.8));
#3849 = DIRECTION('',(-0.798936171315,0.60141582467,0.));
#3850 = DIRECTION('',(0.60141582467,0.798936171315,0.));
#3851 = ADVANCED_FACE('',(#3852),#3870,.F.);
#3852 = FACE_BOUND('',#3853,.F.);
#3853 = EDGE_LOOP('',(#3854,#3855,#3856,#3864));
#3854 = ORIENTED_EDGE('',*,*,#669,.T.);
#3855 = ORIENTED_EDGE('',*,*,#3841,.T.);
#3856 = ORIENTED_EDGE('',*,*,#3857,.T.);
#3857 = EDGE_CURVE('',#3834,#3858,#3860,.T.);
#3858 = VERTEX_POINT('',#3859);
#3859 = CARTESIAN_POINT('',(-198.6779432071,92.604630200017,18.));
#3860 = LINE('',#3861,#3862);
#3861 = CARTESIAN_POINT('',(-200.9792717212,89.640058759137,18.));
#3862 = VECTOR('',#3863,1.);
#3863 = DIRECTION('',(0.613201666199,0.789926399465,0.));
#3864 = ORIENTED_EDGE('',*,*,#3865,.F.);
#3865 = EDGE_CURVE('',#662,#3858,#3866,.T.);
#3866 = LINE('',#3867,#3868);
#3867 = CARTESIAN_POINT('',(-198.6779432071,92.604630200017,3.8));
#3868 = VECTOR('',#3869,1.);
#3869 = DIRECTION('',(0.,0.,1.));
#3870 = PLANE('',#3871);
#3871 = AXIS2_PLACEMENT_3D('',#3872,#3873,#3874);
#3872 = CARTESIAN_POINT('',(-200.9792717212,89.640058759137,3.8));
#3873 = DIRECTION('',(-0.789926399465,0.613201666199,0.));
#3874 = DIRECTION('',(0.613201666199,0.789926399465,0.));
#3875 = ADVANCED_FACE('',(#3876),#3894,.F.);
#3876 = FACE_BOUND('',#3877,.F.);
#3877 = EDGE_LOOP('',(#3878,#3879,#3880,#3888));
#3878 = ORIENTED_EDGE('',*,*,#661,.T.);
#3879 = ORIENTED_EDGE('',*,*,#3865,.T.);
#3880 = ORIENTED_EDGE('',*,*,#3881,.T.);
#3881 = EDGE_CURVE('',#3858,#3882,#3884,.T.);
#3882 = VERTEX_POINT('',#3883);
#3883 = CARTESIAN_POINT('',(-196.3328892442,95.534735772948,18.));
#3884 = LINE('',#3885,#3886);
#3885 = CARTESIAN_POINT('',(-198.6779432071,92.604630200017,18.));
#3886 = VECTOR('',#3887,1.);
#3887 = DIRECTION('',(0.624852553048,0.780742778993,0.));
#3888 = ORIENTED_EDGE('',*,*,#3889,.F.);
#3889 = EDGE_CURVE('',#654,#3882,#3890,.T.);
#3890 = LINE('',#3891,#3892);
#3891 = CARTESIAN_POINT('',(-196.3328892442,95.534735772948,3.8));
#3892 = VECTOR('',#3893,1.);
#3893 = DIRECTION('',(0.,0.,1.));
#3894 = PLANE('',#3895);
#3895 = AXIS2_PLACEMENT_3D('',#3896,#3897,#3898);
#3896 = CARTESIAN_POINT('',(-198.6779432071,92.604630200017,3.8));
#3897 = DIRECTION('',(-0.780742778993,0.624852553048,0.));
#3898 = DIRECTION('',(0.624852553048,0.780742778993,0.));
#3899 = ADVANCED_FACE('',(#3900),#3918,.F.);
#3900 = FACE_BOUND('',#3901,.F.);
#3901 = EDGE_LOOP('',(#3902,#3903,#3904,#3912));
#3902 = ORIENTED_EDGE('',*,*,#653,.T.);
#3903 = ORIENTED_EDGE('',*,*,#3889,.T.);
#3904 = ORIENTED_EDGE('',*,*,#3905,.T.);
#3905 = EDGE_CURVE('',#3882,#3906,#3908,.T.);
#3906 = VERTEX_POINT('',#3907);
#3907 = CARTESIAN_POINT('',(-193.9446259366,98.429730614289,18.));
#3908 = LINE('',#3909,#3910);
#3909 = CARTESIAN_POINT('',(-196.3328892442,95.534735772948,18.));
#3910 = VECTOR('',#3911,1.);
#3911 = DIRECTION('',(0.636365921066,0.771387331051,0.));
#3912 = ORIENTED_EDGE('',*,*,#3913,.F.);
#3913 = EDGE_CURVE('',#646,#3906,#3914,.T.);
#3914 = LINE('',#3915,#3916);
#3915 = CARTESIAN_POINT('',(-193.9446259366,98.429730614289,3.8));
#3916 = VECTOR('',#3917,1.);
#3917 = DIRECTION('',(0.,0.,1.));
#3918 = PLANE('',#3919);
#3919 = AXIS2_PLACEMENT_3D('',#3920,#3921,#3922);
#3920 = CARTESIAN_POINT('',(-196.3328892442,95.534735772948,3.8));
#3921 = DIRECTION('',(-0.771387331051,0.636365921066,0.));
#3922 = DIRECTION('',(0.636365921066,0.771387331051,0.));
#3923 = ADVANCED_FACE('',(#3924),#3958,.F.);
#3924 = FACE_BOUND('',#3925,.F.);
#3925 = EDGE_LOOP('',(#3926,#3927,#3928,#3936,#3944,#3952));
#3926 = ORIENTED_EDGE('',*,*,#645,.T.);
#3927 = ORIENTED_EDGE('',*,*,#3913,.T.);
#3928 = ORIENTED_EDGE('',*,*,#3929,.T.);
#3929 = EDGE_CURVE('',#3906,#3930,#3932,.T.);
#3930 = VERTEX_POINT('',#3931);
#3931 = CARTESIAN_POINT('',(-191.5136788982,101.28897758764,18.));
#3932 = LINE('',#3933,#3934);
#3933 = CARTESIAN_POINT('',(-193.9446259366,98.429730614289,18.));
#3934 = VECTOR('',#3935,1.);
#3935 = DIRECTION('',(0.647739236369,0.761862114603,0.));
#3936 = ORIENTED_EDGE('',*,*,#3937,.F.);
#3937 = EDGE_CURVE('',#3938,#3930,#3940,.T.);
#3938 = VERTEX_POINT('',#3939);
#3939 = CARTESIAN_POINT('',(-191.5136788982,101.28897758764,14.));
#3940 = LINE('',#3941,#3942);
#3941 = CARTESIAN_POINT('',(-191.5136788982,101.28897758764,3.8));
#3942 = VECTOR('',#3943,1.);
#3943 = DIRECTION('',(0.,0.,1.));
#3944 = ORIENTED_EDGE('',*,*,#3945,.T.);
#3945 = EDGE_CURVE('',#3938,#3946,#3948,.T.);
#3946 = VERTEX_POINT('',#3947);
#3947 = CARTESIAN_POINT('',(-193.8184865788,98.578094018023,14.));
#3948 = LINE('',#3949,#3950);
#3949 = CARTESIAN_POINT('',(-183.7036946709,110.47497523043,14.));
#3950 = VECTOR('',#3951,1.);
#3951 = DIRECTION('',(-0.647739236369,-0.761862114603,0.));
#3952 = ORIENTED_EDGE('',*,*,#3953,.T.);
#3953 = EDGE_CURVE('',#3946,#638,#3954,.T.);
#3954 = LINE('',#3955,#3956);
#3955 = CARTESIAN_POINT('',(-193.8184865788,98.578094018023,3.9));
#3956 = VECTOR('',#3957,1.);
#3957 = DIRECTION('',(0.,0.,-1.));
#3958 = PLANE('',#3959);
#3959 = AXIS2_PLACEMENT_3D('',#3960,#3961,#3962);
#3960 = CARTESIAN_POINT('',(-193.9446259366,98.429730614289,3.8));
#3961 = DIRECTION('',(-0.761862114603,0.647739236369,0.));
#3962 = DIRECTION('',(0.647739236369,0.761862114603,0.));
#3963 = ADVANCED_FACE('',(#3964),#3975,.T.);
#3964 = FACE_BOUND('',#3965,.T.);
#3965 = EDGE_LOOP('',(#3966,#3967,#3968,#3974));
#3966 = ORIENTED_EDGE('',*,*,#637,.F.);
#3967 = ORIENTED_EDGE('',*,*,#1918,.T.);
#3968 = ORIENTED_EDGE('',*,*,#3969,.T.);
#3969 = EDGE_CURVE('',#1919,#3946,#3970,.T.);
#3970 = LINE('',#3971,#3972);
#3971 = CARTESIAN_POINT('',(-140.7717490509,86.586145374741,14.));
#3972 = VECTOR('',#3973,1.);
#3973 = DIRECTION('',(-0.975387035788,0.220499728835,0.));
#3974 = ORIENTED_EDGE('',*,*,#3953,.T.);
#3975 = PLANE('',#3976);
#3976 = AXIS2_PLACEMENT_3D('',#3977,#3978,#3979);
#3977 = CARTESIAN_POINT('',(-140.7717490509,86.586145374741,4.));
#3978 = DIRECTION('',(-0.220499728835,-0.975387035788,0.));
#3979 = DIRECTION('',(0.,0.,1.));
#3980 = ADVANCED_FACE('',(#3981),#4010,.F.);
#3981 = FACE_BOUND('',#3982,.F.);
#3982 = EDGE_LOOP('',(#3983,#3984,#3985,#3993,#4001,#4007,#4008,#4009));
#3983 = ORIENTED_EDGE('',*,*,#1348,.F.);
#3984 = ORIENTED_EDGE('',*,*,#581,.T.);
#3985 = ORIENTED_EDGE('',*,*,#3986,.T.);
#3986 = EDGE_CURVE('',#582,#3987,#3989,.T.);
#3987 = VERTEX_POINT('',#3988);
#3988 = CARTESIAN_POINT('',(-165.,-99.23991491602,14.));
#3989 = LINE('',#3990,#3991);
#3990 = CARTESIAN_POINT('',(-165.,-99.23991491602,4.));
#3991 = VECTOR('',#3992,1.);
#3992 = DIRECTION('',(0.,0.,1.));
#3993 = ORIENTED_EDGE('',*,*,#3994,.T.);
#3994 = EDGE_CURVE('',#3987,#3995,#3997,.T.);
#3995 = VERTEX_POINT('',#3996);
#3996 = CARTESIAN_POINT('',(-165.,-92.06327657333,14.));
#3997 = LINE('',#3998,#3999);
#3998 = CARTESIAN_POINT('',(-165.,-100.7930726873,14.));
#3999 = VECTOR('',#4000,1.);
#4000 = DIRECTION('',(0.,1.,0.));
#4001 = ORIENTED_EDGE('',*,*,#4002,.F.);
#4002 = EDGE_CURVE('',#606,#3995,#4003,.T.);
#4003 = LINE('',#4004,#4005);
#4004 = CARTESIAN_POINT('',(-165.,-92.06327657333,4.));
#4005 = VECTOR('',#4006,1.);
#4006 = DIRECTION('',(0.,0.,1.));
#4007 = ORIENTED_EDGE('',*,*,#613,.T.);
#4008 = ORIENTED_EDGE('',*,*,#1300,.T.);
#4009 = ORIENTED_EDGE('',*,*,#1323,.F.);
#4010 = PLANE('',#4011);
#4011 = AXIS2_PLACEMENT_3D('',#4012,#4013,#4014);
#4012 = CARTESIAN_POINT('',(-165.,-115.,4.));
#4013 = DIRECTION('',(1.,0.,0.));
#4014 = DIRECTION('',(0.,0.,1.));
#4015 = ADVANCED_FACE('',(#4016),#4034,.F.);
#4016 = FACE_BOUND('',#4017,.F.);
#4017 = EDGE_LOOP('',(#4018,#4019,#4020,#4028));
#4018 = ORIENTED_EDGE('',*,*,#605,.F.);
#4019 = ORIENTED_EDGE('',*,*,#4002,.T.);
#4020 = ORIENTED_EDGE('',*,*,#4021,.T.);
#4021 = EDGE_CURVE('',#3995,#4022,#4024,.T.);
#4022 = VERTEX_POINT('',#4023);
#4023 = CARTESIAN_POINT('',(-328.7717490509,-129.0861453747,14.));
#4024 = LINE('',#4025,#4026);
#4025 = CARTESIAN_POINT('',(-140.7717490509,-86.58614537474,14.));
#4026 = VECTOR('',#4027,1.);
#4027 = DIRECTION('',(-0.975387035788,-0.220499728835,0.));
#4028 = ORIENTED_EDGE('',*,*,#4029,.F.);
#4029 = EDGE_CURVE('',#598,#4022,#4030,.T.);
#4030 = LINE('',#4031,#4032);
#4031 = CARTESIAN_POINT('',(-328.7717490509,-129.0861453747,4.));
#4032 = VECTOR('',#4033,1.);
#4033 = DIRECTION('',(0.,0.,1.));
#4034 = PLANE('',#4035);
#4035 = AXIS2_PLACEMENT_3D('',#4036,#4037,#4038);
#4036 = CARTESIAN_POINT('',(-140.7717490509,-86.58614537474,4.));
#4037 = DIRECTION('',(0.220499728835,-0.975387035788,0.));
#4038 = DIRECTION('',(0.,0.,1.));
#4039 = ADVANCED_FACE('',(#4040),#4058,.T.);
#4040 = FACE_BOUND('',#4041,.T.);
#4041 = EDGE_LOOP('',(#4042,#4043,#4044,#4052));
#4042 = ORIENTED_EDGE('',*,*,#4029,.F.);
#4043 = ORIENTED_EDGE('',*,*,#597,.T.);
#4044 = ORIENTED_EDGE('',*,*,#4045,.T.);
#4045 = EDGE_CURVE('',#590,#4046,#4048,.T.);
#4046 = VERTEX_POINT('',#4047);
#4047 = CARTESIAN_POINT('',(-327.228250949,-135.9138546252,14.));
#4048 = LINE('',#4049,#4050);
#4049 = CARTESIAN_POINT('',(-327.228250949,-135.9138546252,4.));
#4050 = VECTOR('',#4051,1.);
#4051 = DIRECTION('',(0.,0.,1.));
#4052 = ORIENTED_EDGE('',*,*,#4053,.F.);
#4053 = EDGE_CURVE('',#4022,#4046,#4054,.T.);
#4054 = LINE('',#4055,#4056);
#4055 = CARTESIAN_POINT('',(-328.7717490509,-129.0861453747,14.));
#4056 = VECTOR('',#4057,1.);
#4057 = DIRECTION('',(0.220499728835,-0.975387035788,0.));
#4058 = PLANE('',#4059);
#4059 = AXIS2_PLACEMENT_3D('',#4060,#4061,#4062);
#4060 = CARTESIAN_POINT('',(-328.7717490509,-129.0861453747,4.));
#4061 = DIRECTION('',(-0.975387035788,-0.220499728835,0.));
#4062 = DIRECTION('',(0.,0.,1.));
#4063 = ADVANCED_FACE('',(#4064),#4075,.T.);
#4064 = FACE_BOUND('',#4065,.T.);
#4065 = EDGE_LOOP('',(#4066,#4067,#4068,#4074));
#4066 = ORIENTED_EDGE('',*,*,#589,.F.);
#4067 = ORIENTED_EDGE('',*,*,#3986,.T.);
#4068 = ORIENTED_EDGE('',*,*,#4069,.T.);
#4069 = EDGE_CURVE('',#3987,#4046,#4070,.T.);
#4070 = LINE('',#4071,#4072);
#4071 = CARTESIAN_POINT('',(-139.228250949,-93.41385462525,14.));
#4072 = VECTOR('',#4073,1.);
#4073 = DIRECTION('',(-0.975387035788,-0.220499728835,0.));
#4074 = ORIENTED_EDGE('',*,*,#4045,.F.);
#4075 = PLANE('',#4076);
#4076 = AXIS2_PLACEMENT_3D('',#4077,#4078,#4079);
#4077 = CARTESIAN_POINT('',(-139.228250949,-93.41385462525,4.));
#4078 = DIRECTION('',(0.220499728835,-0.975387035788,0.));
#4079 = DIRECTION('',(0.,0.,1.));
#4080 = ADVANCED_FACE('',(#4081),#4088,.T.);
#4081 = FACE_BOUND('',#4082,.T.);
#4082 = EDGE_LOOP('',(#4083,#4084,#4085,#4086,#4087));
#4083 = ORIENTED_EDGE('',*,*,#1541,.T.);
#4084 = ORIENTED_EDGE('',*,*,#1524,.T.);
#4085 = ORIENTED_EDGE('',*,*,#1477,.T.);
#4086 = ORIENTED_EDGE('',*,*,#1453,.T.);
#4087 = ORIENTED_EDGE('',*,*,#1390,.T.);
#4088 = PLANE('',#4089);
#4089 = AXIS2_PLACEMENT_3D('',#4090,#4091,#4092);
#4090 = CARTESIAN_POINT('',(-90.,-90.,9.389826944734));
#4091 = DIRECTION('',(1.,0.,0.));
#4092 = DIRECTION('',(0.,0.,1.));
#4093 = ADVANCED_FACE('',(#4094),#4111,.T.);
#4094 = FACE_BOUND('',#4095,.T.);
#4095 = EDGE_LOOP('',(#4096,#4102,#4103,#4109,#4110));
#4096 = ORIENTED_EDGE('',*,*,#4097,.F.);
#4097 = EDGE_CURVE('',#1561,#1422,#4098,.T.);
#4098 = LINE('',#4099,#4100);
#4099 = CARTESIAN_POINT('',(-119.3,-96.3,-1.));
#4100 = VECTOR('',#4101,1.);
#4101 = DIRECTION('',(0.,0.,1.));
#4102 = ORIENTED_EDGE('',*,*,#1560,.F.);
#4103 = ORIENTED_EDGE('',*,*,#4104,.T.);
#4104 = EDGE_CURVE('',#1551,#1493,#4105,.T.);
#4105 = LINE('',#4106,#4107);
#4106 = CARTESIAN_POINT('',(-119.3,-83.7,-1.));
#4107 = VECTOR('',#4108,1.);
#4108 = DIRECTION('',(0.,0.,1.));
#4109 = ORIENTED_EDGE('',*,*,#1500,.T.);
#4110 = ORIENTED_EDGE('',*,*,#1421,.T.);
#4111 = PLANE('',#4112);
#4112 = AXIS2_PLACEMENT_3D('',#4113,#4114,#4115);
#4113 = CARTESIAN_POINT('',(-119.3,-96.3,-1.));
#4114 = DIRECTION('',(1.,0.,0.));
#4115 = DIRECTION('',(0.,0.,1.));
#4116 = ADVANCED_FACE('',(#4117),#4128,.T.);
#4117 = FACE_BOUND('',#4118,.T.);
#4118 = EDGE_LOOP('',(#4119,#4125,#4126,#4127));
#4119 = ORIENTED_EDGE('',*,*,#4120,.F.);
#4120 = EDGE_CURVE('',#1569,#1430,#4121,.T.);
#4121 = LINE('',#4122,#4123);
#4122 = CARTESIAN_POINT('',(-110.7,-96.3,-1.));
#4123 = VECTOR('',#4124,1.);
#4124 = DIRECTION('',(0.,0.,1.));
#4125 = ORIENTED_EDGE('',*,*,#1568,.F.);
#4126 = ORIENTED_EDGE('',*,*,#4097,.T.);
#4127 = ORIENTED_EDGE('',*,*,#1429,.T.);
#4128 = PLANE('',#4129);
#4129 = AXIS2_PLACEMENT_3D('',#4130,#4131,#4132);
#4130 = CARTESIAN_POINT('',(-119.3,-96.3,-1.));
#4131 = DIRECTION('',(0.,1.,0.));
#4132 = DIRECTION('',(0.,0.,1.));
#4133 = ADVANCED_FACE('',(#4134),#4146,.F.);
#4134 = FACE_BOUND('',#4135,.F.);
#4135 = EDGE_LOOP('',(#4136,#4137,#4138,#4144,#4145));
#4136 = ORIENTED_EDGE('',*,*,#4120,.F.);
#4137 = ORIENTED_EDGE('',*,*,#1576,.F.);
#4138 = ORIENTED_EDGE('',*,*,#4139,.T.);
#4139 = EDGE_CURVE('',#1553,#1485,#4140,.T.);
#4140 = LINE('',#4141,#4142);
#4141 = CARTESIAN_POINT('',(-110.7,-83.7,-1.));
#4142 = VECTOR('',#4143,1.);
#4143 = DIRECTION('',(0.,0.,1.));
#4144 = ORIENTED_EDGE('',*,*,#1484,.T.);
#4145 = ORIENTED_EDGE('',*,*,#1437,.T.);
#4146 = PLANE('',#4147);
#4147 = AXIS2_PLACEMENT_3D('',#4148,#4149,#4150);
#4148 = CARTESIAN_POINT('',(-110.7,-96.3,-1.));
#4149 = DIRECTION('',(1.,0.,0.));
#4150 = DIRECTION('',(0.,0.,1.));
#4151 = ADVANCED_FACE('',(#4152),#4158,.F.);
#4152 = FACE_BOUND('',#4153,.F.);
#4153 = EDGE_LOOP('',(#4154,#4155,#4156,#4157));
#4154 = ORIENTED_EDGE('',*,*,#4139,.F.);
#4155 = ORIENTED_EDGE('',*,*,#1550,.F.);
#4156 = ORIENTED_EDGE('',*,*,#4104,.T.);
#4157 = ORIENTED_EDGE('',*,*,#1492,.T.);
#4158 = PLANE('',#4159);
#4159 = AXIS2_PLACEMENT_3D('',#4160,#4161,#4162);
#4160 = CARTESIAN_POINT('',(-119.3,-83.7,-1.));
#4161 = DIRECTION('',(0.,1.,0.));
#4162 = DIRECTION('',(0.,0.,1.));
#4163 = ADVANCED_FACE('',(#4164),#4171,.T.);
#4164 = FACE_BOUND('',#4165,.T.);
#4165 = EDGE_LOOP('',(#4166,#4167,#4168,#4169,#4170));
#4166 = ORIENTED_EDGE('',*,*,#1750,.T.);
#4167 = ORIENTED_EDGE('',*,*,#1733,.T.);
#4168 = ORIENTED_EDGE('',*,*,#1686,.T.);
#4169 = ORIENTED_EDGE('',*,*,#1662,.T.);
#4170 = ORIENTED_EDGE('',*,*,#1599,.T.);
#4171 = PLANE('',#4172);
#4172 = AXIS2_PLACEMENT_3D('',#4173,#4174,#4175);
#4173 = CARTESIAN_POINT('',(-90.,90.,9.389826944734));
#4174 = DIRECTION('',(1.,0.,0.));
#4175 = DIRECTION('',(0.,0.,1.));
#4176 = ADVANCED_FACE('',(#4177),#4194,.T.);
#4177 = FACE_BOUND('',#4178,.T.);
#4178 = EDGE_LOOP('',(#4179,#4185,#4186,#4192,#4193));
#4179 = ORIENTED_EDGE('',*,*,#4180,.F.);
#4180 = EDGE_CURVE('',#1770,#1631,#4181,.T.);
#4181 = LINE('',#4182,#4183);
#4182 = CARTESIAN_POINT('',(-119.3,83.7,-1.));
#4183 = VECTOR('',#4184,1.);
#4184 = DIRECTION('',(0.,0.,1.));
#4185 = ORIENTED_EDGE('',*,*,#1769,.F.);
#4186 = ORIENTED_EDGE('',*,*,#4187,.T.);
#4187 = EDGE_CURVE('',#1760,#1702,#4188,.T.);
#4188 = LINE('',#4189,#4190);
#4189 = CARTESIAN_POINT('',(-119.3,96.3,-1.));
#4190 = VECTOR('',#4191,1.);
#4191 = DIRECTION('',(0.,0.,1.));
#4192 = ORIENTED_EDGE('',*,*,#1709,.T.);
#4193 = ORIENTED_EDGE('',*,*,#1630,.T.);
#4194 = PLANE('',#4195);
#4195 = AXIS2_PLACEMENT_3D('',#4196,#4197,#4198);
#4196 = CARTESIAN_POINT('',(-119.3,83.7,-1.));
#4197 = DIRECTION('',(1.,0.,0.));
#4198 = DIRECTION('',(0.,0.,1.));
#4199 = ADVANCED_FACE('',(#4200),#4211,.T.);
#4200 = FACE_BOUND('',#4201,.T.);
#4201 = EDGE_LOOP('',(#4202,#4208,#4209,#4210));
#4202 = ORIENTED_EDGE('',*,*,#4203,.F.);
#4203 = EDGE_CURVE('',#1778,#1639,#4204,.T.);
#4204 = LINE('',#4205,#4206);
#4205 = CARTESIAN_POINT('',(-110.7,83.7,-1.));
#4206 = VECTOR('',#4207,1.);
#4207 = DIRECTION('',(0.,0.,1.));
#4208 = ORIENTED_EDGE('',*,*,#1777,.F.);
#4209 = ORIENTED_EDGE('',*,*,#4180,.T.);
#4210 = ORIENTED_EDGE('',*,*,#1638,.T.);
#4211 = PLANE('',#4212);
#4212 = AXIS2_PLACEMENT_3D('',#4213,#4214,#4215);
#4213 = CARTESIAN_POINT('',(-119.3,83.7,-1.));
#4214 = DIRECTION('',(0.,1.,0.));
#4215 = DIRECTION('',(0.,0.,1.));
#4216 = ADVANCED_FACE('',(#4217),#4229,.F.);
#4217 = FACE_BOUND('',#4218,.F.);
#4218 = EDGE_LOOP('',(#4219,#4220,#4221,#4227,#4228));
#4219 = ORIENTED_EDGE('',*,*,#4203,.F.);
#4220 = ORIENTED_EDGE('',*,*,#1785,.F.);
#4221 = ORIENTED_EDGE('',*,*,#4222,.T.);
#4222 = EDGE_CURVE('',#1762,#1694,#4223,.T.);
#4223 = LINE('',#4224,#4225);
#4224 = CARTESIAN_POINT('',(-110.7,96.3,-1.));
#4225 = VECTOR('',#4226,1.);
#4226 = DIRECTION('',(0.,0.,1.));
#4227 = ORIENTED_EDGE('',*,*,#1693,.T.);
#4228 = ORIENTED_EDGE('',*,*,#1646,.T.);
#4229 = PLANE('',#4230);
#4230 = AXIS2_PLACEMENT_3D('',#4231,#4232,#4233);
#4231 = CARTESIAN_POINT('',(-110.7,83.7,-1.));
#4232 = DIRECTION('',(1.,0.,0.));
#4233 = DIRECTION('',(0.,0.,1.));
#4234 = ADVANCED_FACE('',(#4235),#4241,.F.);
#4235 = FACE_BOUND('',#4236,.F.);
#4236 = EDGE_LOOP('',(#4237,#4238,#4239,#4240));
#4237 = ORIENTED_EDGE('',*,*,#4222,.F.);
#4238 = ORIENTED_EDGE('',*,*,#1759,.F.);
#4239 = ORIENTED_EDGE('',*,*,#4187,.T.);
#4240 = ORIENTED_EDGE('',*,*,#1701,.T.);
#4241 = PLANE('',#4242);
#4242 = AXIS2_PLACEMENT_3D('',#4243,#4244,#4245);
#4243 = CARTESIAN_POINT('',(-119.3,96.3,-1.));
#4244 = DIRECTION('',(0.,1.,0.));
#4245 = DIRECTION('',(0.,0.,1.));
#4246 = ADVANCED_FACE('',(#4247),#4336,.T.);
#4247 = FACE_BOUND('',#4248,.T.);
#4248 = EDGE_LOOP('',(#4249,#4250,#4251,#4252,#4253,#4254,#4255,#4256,
    #4257,#4258,#4259,#4260,#4261,#4262,#4263,#4264,#4265,#4266,#4267,
    #4268,#4269,#4270,#4271,#4272,#4273,#4274,#4275,#4276,#4277,#4278,
    #4279,#4280,#4281,#4282,#4283,#4284,#4285,#4286,#4287,#4288,#4289,
    #4290,#4291,#4292,#4293,#4294,#4295,#4296,#4297,#4298,#4299,#4300,
    #4301,#4302,#4303,#4304,#4305,#4306,#4307,#4308,#4309,#4310,#4311,
    #4312,#4313,#4314,#4315,#4316,#4317,#4318,#4319,#4320,#4321,#4322,
    #4323,#4324,#4325,#4326,#4327,#4333,#4334,#4335));
#4249 = ORIENTED_EDGE('',*,*,#1834,.T.);
#4250 = ORIENTED_EDGE('',*,*,#1858,.T.);
#4251 = ORIENTED_EDGE('',*,*,#2034,.T.);
#4252 = ORIENTED_EDGE('',*,*,#2058,.T.);
#4253 = ORIENTED_EDGE('',*,*,#2082,.T.);
#4254 = ORIENTED_EDGE('',*,*,#2106,.T.);
#4255 = ORIENTED_EDGE('',*,*,#2130,.T.);
#4256 = ORIENTED_EDGE('',*,*,#2154,.T.);
#4257 = ORIENTED_EDGE('',*,*,#2178,.T.);
#4258 = ORIENTED_EDGE('',*,*,#2295,.T.);
#4259 = ORIENTED_EDGE('',*,*,#2321,.T.);
#4260 = ORIENTED_EDGE('',*,*,#2345,.T.);
#4261 = ORIENTED_EDGE('',*,*,#2369,.T.);
#4262 = ORIENTED_EDGE('',*,*,#2393,.T.);
#4263 = ORIENTED_EDGE('',*,*,#2417,.T.);
#4264 = ORIENTED_EDGE('',*,*,#2441,.T.);
#4265 = ORIENTED_EDGE('',*,*,#2465,.T.);
#4266 = ORIENTED_EDGE('',*,*,#2489,.T.);
#4267 = ORIENTED_EDGE('',*,*,#2513,.T.);
#4268 = ORIENTED_EDGE('',*,*,#2537,.T.);
#4269 = ORIENTED_EDGE('',*,*,#2561,.T.);
#4270 = ORIENTED_EDGE('',*,*,#2585,.T.);
#4271 = ORIENTED_EDGE('',*,*,#2609,.T.);
#4272 = ORIENTED_EDGE('',*,*,#2633,.T.);
#4273 = ORIENTED_EDGE('',*,*,#2657,.T.);
#4274 = ORIENTED_EDGE('',*,*,#2681,.T.);
#4275 = ORIENTED_EDGE('',*,*,#2705,.T.);
#4276 = ORIENTED_EDGE('',*,*,#2729,.T.);
#4277 = ORIENTED_EDGE('',*,*,#2753,.T.);
#4278 = ORIENTED_EDGE('',*,*,#2777,.T.);
#4279 = ORIENTED_EDGE('',*,*,#2801,.T.);
#4280 = ORIENTED_EDGE('',*,*,#2825,.T.);
#4281 = ORIENTED_EDGE('',*,*,#2849,.T.);
#4282 = ORIENTED_EDGE('',*,*,#2873,.T.);
#4283 = ORIENTED_EDGE('',*,*,#2897,.T.);
#4284 = ORIENTED_EDGE('',*,*,#2921,.T.);
#4285 = ORIENTED_EDGE('',*,*,#2945,.T.);
#4286 = ORIENTED_EDGE('',*,*,#2969,.T.);
#4287 = ORIENTED_EDGE('',*,*,#2993,.T.);
#4288 = ORIENTED_EDGE('',*,*,#3017,.T.);
#4289 = ORIENTED_EDGE('',*,*,#3041,.T.);
#4290 = ORIENTED_EDGE('',*,*,#3065,.T.);
#4291 = ORIENTED_EDGE('',*,*,#3089,.T.);
#4292 = ORIENTED_EDGE('',*,*,#3113,.T.);
#4293 = ORIENTED_EDGE('',*,*,#3137,.T.);
#4294 = ORIENTED_EDGE('',*,*,#3161,.T.);
#4295 = ORIENTED_EDGE('',*,*,#3185,.T.);
#4296 = ORIENTED_EDGE('',*,*,#3209,.T.);
#4297 = ORIENTED_EDGE('',*,*,#3233,.T.);
#4298 = ORIENTED_EDGE('',*,*,#3257,.T.);
#4299 = ORIENTED_EDGE('',*,*,#3281,.T.);
#4300 = ORIENTED_EDGE('',*,*,#3305,.T.);
#4301 = ORIENTED_EDGE('',*,*,#3329,.T.);
#4302 = ORIENTED_EDGE('',*,*,#3353,.T.);
#4303 = ORIENTED_EDGE('',*,*,#3377,.T.);
#4304 = ORIENTED_EDGE('',*,*,#3401,.T.);
#4305 = ORIENTED_EDGE('',*,*,#3425,.T.);
#4306 = ORIENTED_EDGE('',*,*,#3449,.T.);
#4307 = ORIENTED_EDGE('',*,*,#3473,.T.);
#4308 = ORIENTED_EDGE('',*,*,#3497,.T.);
#4309 = ORIENTED_EDGE('',*,*,#3521,.T.);
#4310 = ORIENTED_EDGE('',*,*,#3545,.T.);
#4311 = ORIENTED_EDGE('',*,*,#3569,.T.);
#4312 = ORIENTED_EDGE('',*,*,#3593,.T.);
#4313 = ORIENTED_EDGE('',*,*,#3617,.T.);
#4314 = ORIENTED_EDGE('',*,*,#3641,.T.);
#4315 = ORIENTED_EDGE('',*,*,#3665,.T.);
#4316 = ORIENTED_EDGE('',*,*,#3689,.T.);
#4317 = ORIENTED_EDGE('',*,*,#3713,.T.);
#4318 = ORIENTED_EDGE('',*,*,#3737,.T.);
#4319 = ORIENTED_EDGE('',*,*,#3761,.T.);
#4320 = ORIENTED_EDGE('',*,*,#3785,.T.);
#4321 = ORIENTED_EDGE('',*,*,#3809,.T.);
#4322 = ORIENTED_EDGE('',*,*,#3833,.T.);
#4323 = ORIENTED_EDGE('',*,*,#3857,.T.);
#4324 = ORIENTED_EDGE('',*,*,#3881,.T.);
#4325 = ORIENTED_EDGE('',*,*,#3905,.T.);
#4326 = ORIENTED_EDGE('',*,*,#3929,.T.);
#4327 = ORIENTED_EDGE('',*,*,#4328,.T.);
#4328 = EDGE_CURVE('',#3930,#1984,#4329,.T.);
#4329 = LINE('',#4330,#4331);
#4330 = CARTESIAN_POINT('',(-191.5136788982,101.28897758764,18.));
#4331 = VECTOR('',#4332,1.);
#4332 = DIRECTION('',(0.658969995893,0.752169225981,0.));
#4333 = ORIENTED_EDGE('',*,*,#1991,.T.);
#4334 = ORIENTED_EDGE('',*,*,#2017,.T.);
#4335 = ORIENTED_EDGE('',*,*,#1808,.T.);
#4336 = PLANE('',#4337);
#4337 = AXIS2_PLACEMENT_3D('',#4338,#4339,#4340);
#4338 = CARTESIAN_POINT('',(-246.2346319238,57.944770095596,18.));
#4339 = DIRECTION('',(0.,0.,1.));
#4340 = DIRECTION('',(1.,0.,0.));
#4341 = ADVANCED_FACE('',(#4342),#4355,.T.);
#4342 = FACE_BOUND('',#4343,.T.);
#4343 = EDGE_LOOP('',(#4344,#4345,#4346,#4347,#4348,#4354));
#4344 = ORIENTED_EDGE('',*,*,#3969,.F.);
#4345 = ORIENTED_EDGE('',*,*,#1926,.T.);
#4346 = ORIENTED_EDGE('',*,*,#1953,.T.);
#4347 = ORIENTED_EDGE('',*,*,#1975,.T.);
#4348 = ORIENTED_EDGE('',*,*,#4349,.T.);
#4349 = EDGE_CURVE('',#1976,#3938,#4350,.T.);
#4350 = LINE('',#4351,#4352);
#4351 = CARTESIAN_POINT('',(-182.1131084526,112.0190864544,14.));
#4352 = VECTOR('',#4353,1.);
#4353 = DIRECTION('',(-0.658969995893,-0.752169225981,0.));
#4354 = ORIENTED_EDGE('',*,*,#3945,.T.);
#4355 = PLANE('',#4356);
#4356 = AXIS2_PLACEMENT_3D('',#4357,#4358,#4359);
#4357 = CARTESIAN_POINT('',(-139.228250949,93.413854625259,14.));
#4358 = DIRECTION('',(0.,0.,1.));
#4359 = DIRECTION('',(-0.975387035788,0.220499728835,0.));
#4360 = ADVANCED_FACE('',(#4361),#4367,.F.);
#4361 = FACE_BOUND('',#4362,.F.);
#4362 = EDGE_LOOP('',(#4363,#4364,#4365,#4366));
#4363 = ORIENTED_EDGE('',*,*,#4349,.T.);
#4364 = ORIENTED_EDGE('',*,*,#3937,.T.);
#4365 = ORIENTED_EDGE('',*,*,#4328,.T.);
#4366 = ORIENTED_EDGE('',*,*,#1983,.F.);
#4367 = PLANE('',#4368);
#4368 = AXIS2_PLACEMENT_3D('',#4369,#4370,#4371);
#4369 = CARTESIAN_POINT('',(-191.5136788982,101.28897758764,3.8));
#4370 = DIRECTION('',(-0.752169225981,0.658969995893,0.));
#4371 = DIRECTION('',(0.658969995893,0.752169225981,0.));
#4372 = ADVANCED_FACE('',(#4373),#4380,.T.);
#4373 = FACE_BOUND('',#4374,.T.);
#4374 = EDGE_LOOP('',(#4375,#4376,#4377,#4378,#4379));
#4375 = ORIENTED_EDGE('',*,*,#2273,.F.);
#4376 = ORIENTED_EDGE('',*,*,#2288,.T.);
#4377 = ORIENTED_EDGE('',*,*,#2194,.T.);
#4378 = ORIENTED_EDGE('',*,*,#2218,.T.);
#4379 = ORIENTED_EDGE('',*,*,#2250,.T.);
#4380 = PLANE('',#4381);
#4381 = AXIS2_PLACEMENT_3D('',#4382,#4383,#4384);
#4382 = CARTESIAN_POINT('',(-139.228250949,93.413854625259,14.));
#4383 = DIRECTION('',(0.,0.,1.));
#4384 = DIRECTION('',(-0.975387035788,0.220499728835,0.));
#4385 = ADVANCED_FACE('',(#4386),#4392,.T.);
#4386 = FACE_BOUND('',#4387,.T.);
#4387 = EDGE_LOOP('',(#4388,#4389,#4390,#4391));
#4388 = ORIENTED_EDGE('',*,*,#4069,.F.);
#4389 = ORIENTED_EDGE('',*,*,#3994,.T.);
#4390 = ORIENTED_EDGE('',*,*,#4021,.T.);
#4391 = ORIENTED_EDGE('',*,*,#4053,.T.);
#4392 = PLANE('',#4393);
#4393 = AXIS2_PLACEMENT_3D('',#4394,#4395,#4396);
#4394 = CARTESIAN_POINT('',(-140.7717490509,-86.58614537474,14.));
#4395 = DIRECTION('',(0.,0.,1.));
#4396 = DIRECTION('',(-0.975387035788,-0.220499728835,0.));
#4397 = ( GEOMETRIC_REPRESENTATION_CONTEXT(3) 
GLOBAL_UNCERTAINTY_ASSIGNED_CONTEXT((#4401)) 
GLOBAL_UNIT_ASSIGNED_CONTEXT((#4398,#4399,#4400)) REPRESENTATION_CONTEXT
('Context #1','3D Context with UNIT and UNCERTAINTY') );
#4398 = ( LENGTH_UNIT() NAMED_UNIT(*) SI_UNIT(.MILLI.,.METRE.) );
#4399 = ( NAMED_UNIT(*) PLANE_ANGLE_UNIT() SI_UNIT($,.RADIAN.) );
#4400 = ( NAMED_UNIT(*) SI_UNIT($,.STERADIAN.) SOLID_ANGLE_UNIT() );
#4401 = UNCERTAINTY_MEASURE_WITH_UNIT(LENGTH_MEASURE(1.E-07),#4398,
  'distance_accuracy_value','confusion accuracy');
#4402 = PRODUCT_RELATED_PRODUCT_CATEGORY('part',$,(#7));
ENDSEC;
END-ISO-10303-21;
