ISO-10303-21;
HEADER;
FILE_DESCRIPTION(('FreeCAD Model'),'2;1');
FILE_NAME('Open CASCADE Shape Model','2026-09-20T08:41:17',('FreeCAD'),(
    'FreeCAD'),'Open CASCADE STEP processor 7.8','FreeCAD','Unknown');
FILE_SCHEMA(('AUTOMOTIVE_DESIGN { 1 0 10303 214 1 1 1 1 }'));
ENDSEC;
DATA;
#1 = APPLICATION_PROTOCOL_DEFINITION('international standard',
  'automotive_design',2000,#2);
#2 = APPLICATION_CONTEXT(
  'core data for automotive mechanical design processes');
#3 = SHAPE_DEFINITION_REPRESENTATION(#4,#10);
#4 = PRODUCT_DEFINITION_SHAPE('','',#5);
#5 = PRODUCT_DEFINITION('design','',#6,#9);
#6 = PRODUCT_DEFINITION_FORMATION('','',#7);
#7 = PRODUCT('Open CASCADE STEP translator 7.8 3',
  'Open CASCADE STEP translator 7.8 3','',(#8));
#8 = PRODUCT_CONTEXT('',#2,'mechanical');
#9 = PRODUCT_DEFINITION_CONTEXT('part definition',#2,'design');
#10 = ADVANCED_BREP_SHAPE_REPRESENTATION('',(#11,#15),#4397);
#11 = AXIS2_PLACEMENT_3D('',#12,#13,#14);
#12 = CARTESIAN_POINT('',(0.,0.,0.));
#13 = DIRECTION('',(0.,0.,1.));
#14 = DIRECTION('',(1.,0.,-0.));
#15 = MANIFOLD_SOLID_BREP('',#16);
#16 = CLOSED_SHELL('',(#17,#785,#987,#1011,#1058,#1082,#1106,#1123,#1140
    ,#1164,#1220,#1244,#1284,#1308,#1332,#1356,#1380,#1404,#1428,#1452,
    #1476,#1500,#1524,#1548,#1572,#1596,#1620,#1644,#1668,#1692,#1716,
    #1740,#1764,#1788,#1812,#1836,#1860,#1884,#1908,#1932,#1956,#1980,
    #2004,#2028,#2052,#2076,#2100,#2124,#2148,#2172,#2196,#2220,#2244,
    #2268,#2292,#2316,#2340,#2364,#2388,#2412,#2436,#2460,#2484,#2508,
    #2532,#2556,#2580,#2604,#2628,#2652,#2676,#2700,#2724,#2748,#2772,
    #2796,#2820,#2844,#2868,#2892,#2932,#2956,#2980,#3004,#3035,#3059,
    #3083,#3107,#3131,#3155,#3179,#3219,#3243,#3267,#3284,#3315,#3366,
    #3378,#3395,#3412,#3461,#3478,#3502,#3519,#3584,#3608,#3664,#3711,
    #3728,#3793,#3817,#3873,#3920,#3937,#3949,#3982,#3999,#4122,#4139,
    #4152,#4169,#4181,#4200,#4217,#4231,#4244,#4266,#4284,#4301,#4314,
    #4327,#4349,#4367,#4384));
#17 = ADVANCED_FACE('',(#18),#780,.T.);
#18 = FACE_BOUND('',#19,.T.);
#19 = EDGE_LOOP('',(#20,#30,#38,#46,#54,#62,#70,#78,#86,#94,#102,#110,
    #118,#126,#134,#142,#150,#158,#166,#174,#182,#190,#198,#206,#214,
    #222,#230,#238,#246,#254,#262,#270,#278,#286,#294,#302,#310,#318,
    #326,#334,#342,#350,#358,#366,#374,#382,#390,#398,#406,#414,#422,
    #430,#438,#446,#454,#462,#470,#478,#486,#494,#502,#510,#518,#526,
    #534,#542,#550,#558,#566,#574,#582,#590,#598,#606,#614,#622,#630,
    #638,#646,#654,#662,#670,#678,#686,#694,#702,#710,#718,#726,#734,
    #742,#750,#758,#766,#774));
#20 = ORIENTED_EDGE('',*,*,#21,.F.);
#21 = EDGE_CURVE('',#22,#24,#26,.T.);
#22 = VERTEX_POINT('',#23);
#23 = CARTESIAN_POINT('',(140.,-139.5,4.));
#24 = VERTEX_POINT('',#25);
#25 = CARTESIAN_POINT('',(140.,-115.,4.));
#26 = LINE('',#27,#28);
#27 = CARTESIAN_POINT('',(140.,-147.5,4.));
#28 = VECTOR('',#29,1.);
#29 = DIRECTION('',(0.,1.,0.));
#30 = ORIENTED_EDGE('',*,*,#31,.T.);
#31 = EDGE_CURVE('',#22,#32,#34,.T.);
#32 = VERTEX_POINT('',#33);
#33 = CARTESIAN_POINT('',(332.,-139.5,4.));
#34 = LINE('',#35,#36);
#35 = CARTESIAN_POINT('',(140.,-139.5,4.));
#36 = VECTOR('',#37,1.);
#37 = DIRECTION('',(1.,0.,0.));
#38 = ORIENTED_EDGE('',*,*,#39,.T.);
#39 = EDGE_CURVE('',#32,#40,#42,.T.);
#40 = VERTEX_POINT('',#41);
#41 = CARTESIAN_POINT('',(332.,139.5,4.));
#42 = LINE('',#43,#44);
#43 = CARTESIAN_POINT('',(332.,-147.5,4.));
#44 = VECTOR('',#45,1.);
#45 = DIRECTION('',(0.,1.,0.));
#46 = ORIENTED_EDGE('',*,*,#47,.F.);
#47 = EDGE_CURVE('',#48,#40,#50,.T.);
#48 = VERTEX_POINT('',#49);
#49 = CARTESIAN_POINT('',(227.14663679053,139.5,4.));
#50 = LINE('',#51,#52);
#51 = CARTESIAN_POINT('',(140.,139.5,4.));
#52 = VECTOR('',#53,1.);
#53 = DIRECTION('',(1.,0.,0.));
#54 = ORIENTED_EDGE('',*,*,#55,.T.);
#55 = EDGE_CURVE('',#48,#56,#58,.T.);
#56 = VERTEX_POINT('',#57);
#57 = CARTESIAN_POINT('',(227.89813276712,138.66746689101,4.));
#58 = LINE('',#59,#60);
#59 = CARTESIAN_POINT('',(279.33447610243,81.684515330349,4.));
#60 = VECTOR('',#61,1.);
#61 = DIRECTION('',(0.67005572795,-0.742310798414,0.));
#62 = ORIENTED_EDGE('',*,*,#63,.T.);
#63 = EDGE_CURVE('',#56,#64,#66,.T.);
#64 = VERTEX_POINT('',#65);
#65 = CARTESIAN_POINT('',(230.87957673429,135.26435231057,4.));
#66 = LINE('',#67,#68);
#67 = CARTESIAN_POINT('',(281.2247953624,77.798725099393,4.));
#68 = VECTOR('',#69,1.);
#69 = DIRECTION('',(0.658969995893,-0.752169225981,0.));
#70 = ORIENTED_EDGE('',*,*,#71,.T.);
#71 = EDGE_CURVE('',#64,#72,#74,.T.);
#72 = VERTEX_POINT('',#73);
#73 = CARTESIAN_POINT('',(233.81020825107,131.81738322312,4.));
#74 = LINE('',#75,#76);
#75 = CARTESIAN_POINT('',(283.05030200096,73.901852032121,4.));
#76 = VECTOR('',#77,1.);
#77 = DIRECTION('',(0.647739236369,-0.761862114603,0.));
#78 = ORIENTED_EDGE('',*,*,#79,.T.);
#79 = EDGE_CURVE('',#72,#80,#82,.T.);
#80 = VERTEX_POINT('',#81);
#81 = CARTESIAN_POINT('',(236.68938233806,128.32731824467,4.));
#82 = LINE('',#83,#84);
#83 = CARTESIAN_POINT('',(284.81133224435,69.995058024084,4.));
#84 = VECTOR('',#85,1.);
#85 = DIRECTION('',(0.636365921066,-0.771387331051,0.));
#86 = ORIENTED_EDGE('',*,*,#87,.T.);
#87 = EDGE_CURVE('',#80,#88,#90,.T.);
#88 = VERTEX_POINT('',#89);
#89 = CARTESIAN_POINT('',(239.51646534073,124.79492547588,4.));
#90 = LINE('',#91,#92);
#91 = CARTESIAN_POINT('',(286.50824521046,66.079485127015,4.));
#92 = VECTOR('',#93,1.);
#93 = DIRECTION('',(0.624852553048,-0.780742778993,0.));
#94 = ORIENTED_EDGE('',*,*,#95,.T.);
#95 = EDGE_CURVE('',#88,#96,#98,.T.);
#96 = VERTEX_POINT('',#97);
#97 = CARTESIAN_POINT('',(242.29083506886,121.22098233298,4.));
#98 = LINE('',#99,#100);
#99 = CARTESIAN_POINT('',(288.14142217247,62.156255049045,4.));
#100 = VECTOR('',#101,1.);
#101 = DIRECTION('',(0.613201666199,-0.789926399465,0.));
#102 = ORIENTED_EDGE('',*,*,#103,.T.);
#103 = EDGE_CURVE('',#96,#104,#106,.T.);
#104 = VERTEX_POINT('',#105);
#105 = CARTESIAN_POINT('',(245.01188093347,117.60627537672,4.));
#106 = LINE('',#107,#108);
#107 = CARTESIAN_POINT('',(289.7112658106,58.226468678989,4.));
#108 = VECTOR('',#109,1.);
#109 = DIRECTION('',(0.60141582467,-0.798936171315,0.));
#110 = ORIENTED_EDGE('',*,*,#111,.T.);
#111 = EDGE_CURVE('',#104,#112,#114,.T.);
#112 = VERTEX_POINT('',#113);
#113 = CARTESIAN_POINT('',(245.18638607683,117.36715644934,4.));
#114 = LINE('',#115,#116);
#115 = CARTESIAN_POINT('',(291.2181994526,54.291205635039,4.));
#116 = VECTOR('',#117,1.);
#117 = DIRECTION('',(0.589497622315,-0.807770111656,0.));
#118 = ORIENTED_EDGE('',*,*,#119,.T.);
#119 = EDGE_CURVE('',#112,#120,#122,.T.);
#120 = VERTEX_POINT('',#121);
#121 = CARTESIAN_POINT('',(327.22825094907,135.91385462525,4.));
#122 = LINE('',#123,#124);
#123 = CARTESIAN_POINT('',(139.22825094907,93.413854625259,4.));
#124 = VECTOR('',#125,1.);
#125 = DIRECTION('',(0.975387035788,0.220499728835,0.));
#126 = ORIENTED_EDGE('',*,*,#127,.F.);
#127 = EDGE_CURVE('',#128,#120,#130,.T.);
#128 = VERTEX_POINT('',#129);
#129 = CARTESIAN_POINT('',(328.77174905092,129.08614537474,4.));
#130 = LINE('',#131,#132);
#131 = CARTESIAN_POINT('',(328.77174905092,129.08614537474,4.));
#132 = VECTOR('',#133,1.);
#133 = DIRECTION('',(-0.220499728835,0.975387035788,0.));
#134 = ORIENTED_EDGE('',*,*,#135,.F.);
#135 = EDGE_CURVE('',#136,#128,#138,.T.);
#136 = VERTEX_POINT('',#137);
#137 = CARTESIAN_POINT('',(249.62885927046,111.19480061053,4.));
#138 = LINE('',#139,#140);
#139 = CARTESIAN_POINT('',(140.77174905092,86.586145374741,4.));
#140 = VECTOR('',#141,1.);
#141 = DIRECTION('',(0.975387035788,0.220499728835,0.));
#142 = ORIENTED_EDGE('',*,*,#143,.T.);
#143 = EDGE_CURVE('',#136,#144,#146,.T.);
#144 = VERTEX_POINT('',#145);
#145 = CARTESIAN_POINT('',(250.29161752616,110.25776094883,4.));
#146 = LINE('',#147,#148);
#147 = CARTESIAN_POINT('',(292.66266630379,50.351523838117,4.));
#148 = VECTOR('',#149,1.);
#149 = DIRECTION('',(0.577449682115,-0.816426276295,0.));
#150 = ORIENTED_EDGE('',*,*,#151,.T.);
#151 = EDGE_CURVE('',#144,#152,#154,.T.);
#152 = VERTEX_POINT('',#153);
#153 = CARTESIAN_POINT('',(252.84914627899,106.52557075332,4.));
#154 = LINE('',#155,#156);
#155 = CARTESIAN_POINT('',(294.04512866745,46.408459110182,4.));
#156 = VECTOR('',#157,1.);
#157 = DIRECTION('',(0.565274655605,-0.824902760167,0.));
#158 = ORIENTED_EDGE('',*,*,#159,.T.);
#159 = EDGE_CURVE('',#152,#160,#162,.T.);
#160 = VERTEX_POINT('',#161);
#161 = CARTESIAN_POINT('',(255.35102747353,102.75585094074,4.));
#162 = LINE('',#163,#164);
#163 = CARTESIAN_POINT('',(295.36606715627,42.463024797699,4.));
#164 = VECTOR('',#165,1.);
#165 = DIRECTION('',(0.55297522229,-0.833197697748,0.));
#166 = ORIENTED_EDGE('',*,*,#167,.T.);
#167 = EDGE_CURVE('',#160,#168,#170,.T.);
#168 = VERTEX_POINT('',#169);
#169 = CARTESIAN_POINT('',(257.79671049065,98.949431158747,4.));
#170 = LINE('',#171,#172);
#171 = CARTESIAN_POINT('',(296.62597989566,38.516211420483,4.));
#172 = VECTOR('',#173,1.);
#173 = DIRECTION('',(0.540554089056,-0.841309263473,0.));
#174 = ORIENTED_EDGE('',*,*,#175,.T.);
#175 = EDGE_CURVE('',#168,#176,#178,.T.);
#176 = VERTEX_POINT('',#177);
#177 = CARTESIAN_POINT('',(260.18565707941,95.107149132004,4.));
#178 = LINE('',#179,#180);
#179 = CARTESIAN_POINT('',(297.82538171977,34.568986346157,4.));
#180 = VECTOR('',#181,1.);
#181 = DIRECTION('',(0.528013989569,-0.849235672131,0.));
#182 = ORIENTED_EDGE('',*,*,#183,.T.);
#183 = EDGE_CURVE('',#176,#184,#186,.T.);
#184 = VERTEX_POINT('',#185);
#185 = CARTESIAN_POINT('',(262.51734147556,91.229850477816,4.));
#186 = LINE('',#187,#188);
#187 = CARTESIAN_POINT('',(298.9648033608,30.6222934903,4.));
#188 = VECTOR('',#189,1.);
#189 = DIRECTION('',(0.515357683682,-0.856975179261,0.));
#190 = ORIENTED_EDGE('',*,*,#191,.T.);
#191 = EDGE_CURVE('',#184,#192,#194,.T.);
#192 = VERTEX_POINT('',#193);
#193 = CARTESIAN_POINT('',(264.7912505172,87.318388520017,4.));
#194 = LINE('',#195,#196);
#195 = CARTESIAN_POINT('',(300.04479063277,26.677053042537,4.));
#196 = VECTOR('',#197,1.);
#197 = DIRECTION('',(0.50258795682,-0.864526081538,0.));
#198 = ORIENTED_EDGE('',*,*,#199,.T.);
#199 = EDGE_CURVE('',#192,#200,#202,.T.);
#200 = VERTEX_POINT('',#201);
#201 = CARTESIAN_POINT('',(267.00688375779,83.373624101171,4.));
#202 = LINE('',#203,#204);
#203 = CARTESIAN_POINT('',(301.06590361005,22.734161218584,4.));
#204 = VECTOR('',#205,1.);
#205 = DIRECTION('',(0.48970761937,-0.871886717143,0.));
#206 = ORIENTED_EDGE('',*,*,#207,.T.);
#207 = EDGE_CURVE('',#200,#208,#210,.T.);
#208 = VERTEX_POINT('',#209);
#209 = CARTESIAN_POINT('',(269.16375357621,79.396425393114,4.));
#210 = LINE('',#211,#212);
#211 = CARTESIAN_POINT('',(302.02871580195,18.794490038422,4.));
#212 = VECTOR('',#213,1.);
#213 = DIRECTION('',(0.476719506064,-0.879055466133,0.));
#214 = ORIENTED_EDGE('',*,*,#215,.T.);
#215 = EDGE_CURVE('',#208,#216,#218,.T.);
#216 = VERTEX_POINT('',#217);
#217 = CARTESIAN_POINT('',(271.26138528414,75.387667705889,4.));
#218 = LINE('',#219,#220);
#219 = CARTESIAN_POINT('',(302.93381332377,14.858887130634,4.));
#220 = VECTOR('',#221,1.);
#221 = DIRECTION('',(0.463626475352,-0.886030750794,0.));
#222 = ORIENTED_EDGE('',*,*,#223,.T.);
#223 = EDGE_CURVE('',#216,#224,#226,.T.);
#224 = VERTEX_POINT('',#225);
#225 = CARTESIAN_POINT('',(273.29931723049,71.348233295104,4.));
#226 = LINE('',#227,#228);
#227 = CARTESIAN_POINT('',(303.78179406535,10.928175562945,4.));
#228 = VECTOR('',#229,1.);
#229 = DIRECTION('',(0.450431408775,-0.892811035992,0.));
#230 = ORIENTED_EDGE('',*,*,#231,.T.);
#231 = EDGE_CURVE('',#224,#232,#234,.T.);
#232 = VERTEX_POINT('',#233);
#233 = CARTESIAN_POINT('',(275.27710090303,67.279011167761,4.));
#234 = LINE('',#235,#236);
#235 = CARTESIAN_POINT('',(304.57326685782,7.003153699016,4.));
#236 = VECTOR('',#237,1.);
#237 = DIRECTION('',(0.43713721033,-0.899394829508,0.));
#238 = ORIENTED_EDGE('',*,*,#239,.T.);
#239 = EDGE_CURVE('',#232,#240,#242,.T.);
#240 = VERTEX_POINT('',#241);
#241 = CARTESIAN_POINT('',(277.19430102706,63.180896886606,4.));
#242 = LINE('',#243,#244);
#243 = CARTESIAN_POINT('',(305.3088506394,3.084595081464,4.));
#244 = VECTOR('',#245,1.);
#245 = DIRECTION('',(0.423746805832,-0.905780682366,0.));
#246 = ORIENTED_EDGE('',*,*,#247,.T.);
#247 = EDGE_CURVE('',#240,#248,#250,.T.);
#248 = VERTEX_POINT('',#249);
#249 = CARTESIAN_POINT('',(279.05049566125,59.054792373027,4.));
#250 = LINE('',#251,#252);
#251 = CARTESIAN_POINT('',(305.98917362098,-0.826751658907,4.));
#252 = VECTOR('',#253,1.);
#253 = DIRECTION('',(0.410263142269,-0.911967189155,0.));
#254 = ORIENTED_EDGE('',*,*,#255,.T.);
#255 = EDGE_CURVE('',#248,#256,#258,.T.);
#256 = VERTEX_POINT('',#257);
#257 = CARTESIAN_POINT('',(280.8452762905,54.901605708563,4.));
#258 = LINE('',#259,#260);
#259 = CARTESIAN_POINT('',(306.61487245239,-4.730162867707,4.));
#260 = VECTOR('',#261,1.);
#261 = DIRECTION('',(0.396689187153,-0.917952988336,0.));
#262 = ORIENTED_EDGE('',*,*,#263,.T.);
#263 = EDGE_CURVE('',#256,#264,#266,.T.);
#264 = VERTEX_POINT('',#265);
#265 = CARTESIAN_POINT('',(282.57824791579,50.722250935045,4.));
#266 = LINE('',#267,#268);
#267 = CARTESIAN_POINT('',(307.18659139002,-8.624939905486,4.));
#268 = VECTOR('',#269,1.);
#269 = DIRECTION('',(0.383027927868,-0.923736762543,0.));
#270 = ORIENTED_EDGE('',*,*,#271,.T.);
#271 = EDGE_CURVE('',#264,#272,#274,.T.);
#272 = VERTEX_POINT('',#273);
#273 = CARTESIAN_POINT('',(284.24902914118,46.517647853437,4.));
#274 = LINE('',#275,#276);
#275 = CARTESIAN_POINT('',(307.70498146669,-12.51040916027,4.));
#276 = VECTOR('',#277,1.);
#277 = DIRECTION('',(0.369282371011,-0.92931723887,0.));
#278 = ORIENTED_EDGE('',*,*,#279,.T.);
#279 = EDGE_CURVE('',#272,#280,#282,.T.);
#280 = VERTEX_POINT('',#281);
#281 = CARTESIAN_POINT('',(285.85725225772,42.288721821402,4.));
#282 = LINE('',#283,#284);
#283 = CARTESIAN_POINT('',(308.17069966456,-16.38592203424,4.));
#284 = VECTOR('',#285,1.);
#285 = DIRECTION('',(0.355455541733,-0.934693189154,0.));
#286 = ORIENTED_EDGE('',*,*,#287,.T.);
#287 = EDGE_CURVE('',#280,#288,#290,.T.);
#288 = VERTEX_POINT('',#289);
#289 = CARTESIAN_POINT('',(287.40256332436,38.036403549647,4.));
#290 = LINE('',#291,#292);
#291 = CARTESIAN_POINT('',(308.58440809172,-20.25085490463,4.));
#292 = VECTOR('',#293,1.);
#293 = DIRECTION('',(0.341550483072,-0.939863430246,0.));
#294 = ORIENTED_EDGE('',*,*,#295,.T.);
#295 = EDGE_CURVE('',#288,#296,#298,.T.);
#296 = VERTEX_POINT('',#297);
#297 = CARTESIAN_POINT('',(288.88462224588,33.761628897092,4.));
#298 = LINE('',#299,#300);
#299 = CARTESIAN_POINT('',(308.94677316343,-24.10460905919,4.));
#300 = VECTOR('',#301,1.);
#301 = DIRECTION('',(0.32757025528,-0.944826824268,0.));
#302 = ORIENTED_EDGE('',*,*,#303,.T.);
#303 = EDGE_CURVE('',#296,#304,#306,.T.);
#304 = VERTEX_POINT('',#305);
#305 = CARTESIAN_POINT('',(290.30310284772,29.465338664903,4.));
#306 = LINE('',#307,#308);
#307 = CARTESIAN_POINT('',(309.25846478871,-27.94661060615,4.));
#308 = VECTOR('',#309,1.);
#309 = DIRECTION('',(0.313517935154,-0.949582278866,0.));
#310 = ORIENTED_EDGE('',*,*,#311,.T.);
#311 = EDGE_CURVE('',#304,#312,#314,.T.);
#312 = VERTEX_POINT('',#313);
#313 = CARTESIAN_POINT('',(291.65769294776,25.148478389439,4.));
#314 = LINE('',#315,#316);
#315 = CARTESIAN_POINT('',(309.52015556293,-31.77631035916,4.));
#316 = VECTOR('',#317,1.);
#317 = DIRECTION('',(0.29939661536,-0.95412874745,0.));
#318 = ORIENTED_EDGE('',*,*,#319,.T.);
#319 = EDGE_CURVE('',#312,#320,#322,.T.);
#320 = VERTEX_POINT('',#321);
#321 = CARTESIAN_POINT('',(292.94809442502,20.811998134155,4.));
#322 = LINE('',#323,#324);
#323 = CARTESIAN_POINT('',(309.73251996738,-35.59318369724,4.));
#324 = VECTOR('',#325,1.);
#325 = DIRECTION('',(0.285209403744,-0.958465229425,0.));
#326 = ORIENTED_EDGE('',*,*,#327,.T.);
#327 = EDGE_CURVE('',#320,#328,#330,.T.);
#328 = VERTEX_POINT('',#329);
#329 = CARTESIAN_POINT('',(294.17402328532,16.456852280515,4.));
#330 = LINE('',#331,#332);
#331 = CARTESIAN_POINT('',(309.89623357637,-39.39673040012,4.));
#332 = VECTOR('',#333,1.);
#333 = DIRECTION('',(0.270959422659,-0.962590770407,0.));
#334 = ORIENTED_EDGE('',*,*,#335,.T.);
#335 = EDGE_CURVE('',#328,#336,#338,.T.);
#336 = VERTEX_POINT('',#337);
#337 = CARTESIAN_POINT('',(295.33520972371,12.083999317941,4.));
#338 = LINE('',#339,#340);
#339 = CARTESIAN_POINT('',(310.01197227272,-43.18647445918,4.));
#340 = VECTOR('',#341,1.);
#341 = DIRECTION('',(0.256649808268,-0.96650446244,0.));
#342 = ORIENTED_EDGE('',*,*,#343,.T.);
#343 = EDGE_CURVE('',#336,#344,#346,.T.);
#344 = VERTEX_POINT('',#345);
#345 = CARTESIAN_POINT('',(296.4313981839,7.694401632876,4.));
#346 = LINE('',#347,#348);
#347 = CARTESIAN_POINT('',(310.08041147232,-46.96196386441,4.));
#348 = VECTOR('',#349,1.);
#349 = DIRECTION('',(0.242283709862,-0.97020544419,0.));
#350 = ORIENTED_EDGE('',*,*,#351,.T.);
#351 = EDGE_CURVE('',#344,#352,#354,.T.);
#352 = VERTEX_POINT('',#353);
#353 = CARTESIAN_POINT('',(297.4623474145,3.289025296973,4.));
#354 = LINE('',#355,#356);
#355 = CARTESIAN_POINT('',(310.10222535853,-50.72277036754,4.));
#356 = VECTOR('',#357,1.);
#357 = DIRECTION('',(0.22786428916,-0.973692901138,0.));
#358 = ORIENTED_EDGE('',*,*,#359,.T.);
#359 = EDGE_CURVE('',#352,#360,#362,.T.);
#360 = VERTEX_POINT('',#361);
#361 = CARTESIAN_POINT('',(298.42783052207,-1.131160145514,4.));
#362 = LINE('',#363,#364);
#363 = CARTESIAN_POINT('',(310.07808612705,-54.46848922183,4.));
#364 = VECTOR('',#365,1.);
#365 = DIRECTION('',(0.213394719619,-0.976966065756,0.));
#366 = ORIENTED_EDGE('',*,*,#367,.T.);
#367 = EDGE_CURVE('',#360,#368,#370,.T.);
#368 = VERTEX_POINT('',#369);
#369 = CARTESIAN_POINT('',(299.32763502113,-5.565181891116,4.));
#370 = LINE('',#371,#372);
#371 = CARTESIAN_POINT('',(310.00866324203,-58.19873889887,4.));
#372 = VECTOR('',#373,1.);
#373 = DIRECTION('',(0.19887818573,-0.980024217681,0.));
#374 = ORIENTED_EDGE('',*,*,#375,.T.);
#375 = EDGE_CURVE('',#368,#376,#378,.T.);
#376 = VERTEX_POINT('',#377);
#377 = CARTESIAN_POINT('',(300.16156288084,-10.01206409124,4.));
#378 = LINE('',#379,#380);
#379 = CARTESIAN_POINT('',(309.89462270413,-61.9131607827,4.));
#380 = VECTOR('',#381,1.);
#381 = DIRECTION('',(0.184317882323,-0.982866683867,0.));
#382 = ORIENTED_EDGE('',*,*,#383,.T.);
#383 = EDGE_CURVE('',#376,#384,#386,.T.);
#384 = VERTEX_POINT('',#385);
#385 = CARTESIAN_POINT('',(300.92943056867,-14.47082806693,4.));
#386 = LINE('',#387,#388);
#387 = CARTESIAN_POINT('',(309.73662633108,-65.61141884176,4.));
#388 = VECTOR('',#389,1.);
#389 = DIRECTION('',(0.169717013858,-0.98549283874,0.));
#390 = ORIENTED_EDGE('',*,*,#391,.T.);
#391 = EDGE_CURVE('',#384,#392,#394,.T.);
#392 = VERTEX_POINT('',#393);
#393 = CARTESIAN_POINT('',(249.61975048704,-22.91575138929,4.));
#394 = LINE('',#395,#396);
#395 = CARTESIAN_POINT('',(186.27337017574,-33.34176308196,4.));
#396 = VECTOR('',#397,1.);
#397 = DIRECTION('',(-0.986724616954,-0.162402371584,0.));
#398 = ORIENTED_EDGE('',*,*,#399,.T.);
#399 = EDGE_CURVE('',#392,#400,#402,.T.);
#400 = VERTEX_POINT('',#401);
#401 = CARTESIAN_POINT('',(248.98280733302,-19.21722463174,4.));
#402 = LINE('',#403,#404);
#403 = CARTESIAN_POINT('',(258.14120580589,-72.39713808987,4.));
#404 = VECTOR('',#405,1.);
#405 = DIRECTION('',(-0.169717013858,0.98549283874,0.));
#406 = ORIENTED_EDGE('',*,*,#407,.T.);
#407 = EDGE_CURVE('',#400,#408,#410,.T.);
#408 = VERTEX_POINT('',#409);
#409 = CARTESIAN_POINT('',(248.29106753252,-15.52855375916,4.));
#410 = LINE('',#411,#412);
#411 = CARTESIAN_POINT('',(258.40554427086,-69.4635387188,4.));
#412 = VECTOR('',#413,1.);
#413 = DIRECTION('',(-0.184317882323,0.982866683867,0.));
#414 = ORIENTED_EDGE('',*,*,#415,.T.);
#415 = EDGE_CURVE('',#408,#416,#418,.T.);
#416 = VERTEX_POINT('',#417);
#417 = CARTESIAN_POINT('',(247.54468332505,-11.8505505818,4.));
#418 = LINE('',#419,#420);
#419 = CARTESIAN_POINT('',(258.63725872258,-66.5121138203,4.));
#420 = VECTOR('',#421,1.);
#421 = DIRECTION('',(-0.19887818573,0.980024217681,0.));
#422 = ORIENTED_EDGE('',*,*,#423,.T.);
#423 = EDGE_CURVE('',#416,#424,#426,.T.);
#424 = VERTEX_POINT('',#425);
#425 = CARTESIAN_POINT('',(246.74381897636,-8.184024562152,4.));
#426 = LINE('',#427,#428);
#427 = CARTESIAN_POINT('',(258.8356614454,-63.54303150401,4.));
#428 = VECTOR('',#429,1.);
#429 = DIRECTION('',(-0.213394719619,0.976966065756,0.));
#430 = ORIENTED_EDGE('',*,*,#431,.T.);
#431 = EDGE_CURVE('',#424,#432,#434,.T.);
#432 = VERTEX_POINT('',#433);
#433 = CARTESIAN_POINT('',(245.88865074234,-4.529782636756,4.));
#434 = LINE('',#435,#436);
#435 = CARTESIAN_POINT('',(259.00005805252,-60.55648286659,4.));
#436 = VECTOR('',#437,1.);
#437 = DIRECTION('',(-0.22786428916,0.973692901138,0.));
#438 = ORIENTED_EDGE('',*,*,#439,.T.);
#439 = EDGE_CURVE('',#432,#440,#442,.T.);
#440 = VERTEX_POINT('',#441);
#441 = CARTESIAN_POINT('',(244.97936683015,-0.888629038672,4.));
#442 = LINE('',#443,#444);
#443 = CARTESIAN_POINT('',(259.12974821166,-57.55268235675,4.));
#444 = VECTOR('',#445,1.);
#445 = DIRECTION('',(-0.242283709862,0.97020544419,0.));
#446 = ORIENTED_EDGE('',*,*,#447,.T.);
#447 = EDGE_CURVE('',#440,#448,#450,.T.);
#448 = VERTEX_POINT('',#449);
#449 = CARTESIAN_POINT('',(244.01616735686,2.738634879554,4.));
#450 = LINE('',#451,#452);
#451 = CARTESIAN_POINT('',(259.22402638379,-54.53186811777,4.));
#452 = VECTOR('',#453,1.);
#453 = DIRECTION('',(-0.256649808268,0.96650446244,0.));
#454 = ORIENTED_EDGE('',*,*,#455,.T.);
#455 = EDGE_CURVE('',#448,#456,#458,.T.);
#456 = VERTEX_POINT('',#457);
#457 = CARTESIAN_POINT('',(242.99926430539,6.351210822246,4.));
#458 = LINE('',#459,#460);
#459 = CARTESIAN_POINT('',(259.28218257438,-51.49430230747,4.));
#460 = VECTOR('',#461,1.);
#461 = DIRECTION('',(-0.270959422659,0.962590770407,0.));
#462 = ORIENTED_EDGE('',*,*,#463,.T.);
#463 = EDGE_CURVE('',#456,#464,#466,.T.);
#464 = VERTEX_POINT('',#465);
#465 = CARTESIAN_POINT('',(241.92888147785,9.948303726288,4.));
#466 = LINE('',#467,#468);
#467 = CARTESIAN_POINT('',(259.30350309641,-48.44027139494,4.));
#468 = VECTOR('',#469,1.);
#469 = DIRECTION('',(-0.285209403744,0.958465229425,0.));
#470 = ORIENTED_EDGE('',*,*,#471,.T.);
#471 = EDGE_CURVE('',#464,#472,#474,.T.);
#472 = VERTEX_POINT('',#473);
#473 = CARTESIAN_POINT('',(240.80525444627,13.5291219361,4.));
#474 = LINE('',#475,#476);
#475 = CARTESIAN_POINT('',(259.28727134435,-45.37008643382,4.));
#476 = VECTOR('',#477,1.);
#477 = DIRECTION('',(-0.29939661536,0.95412874745,0.));
#478 = ORIENTED_EDGE('',*,*,#479,.T.);
#479 = EDGE_CURVE('',#472,#480,#482,.T.);
#480 = VERTEX_POINT('',#481);
#481 = CARTESIAN_POINT('',(239.62863050081,17.092877377874,4.));
#482 = LINE('',#483,#484);
#483 = CARTESIAN_POINT('',(259.23276857863,-42.28408331167,4.));
#484 = VECTOR('',#485,1.);
#485 = DIRECTION('',(-0.313517935154,0.949582278866,0.));
#486 = ORIENTED_EDGE('',*,*,#487,.T.);
#487 = EDGE_CURVE('',#480,#488,#490,.T.);
#488 = VERTEX_POINT('',#489);
#489 = CARTESIAN_POINT('',(238.39926859527,20.638785733007,4.));
#490 = LINE('',#491,#492);
#491 = CARTESIAN_POINT('',(259.13927471959,-39.18262297519,4.));
#492 = VECTOR('',#493,1.);
#493 = DIRECTION('',(-0.32757025528,0.944826824268,0.));
#494 = ORIENTED_EDGE('',*,*,#495,.T.);
#495 = EDGE_CURVE('',#488,#496,#498,.T.);
#496 = VERTEX_POINT('',#497);
#497 = CARTESIAN_POINT('',(237.11743929014,24.166066610724,4.));
#498 = LINE('',#499,#500);
#499 = CARTESIAN_POINT('',(259.00606915044,-36.06609163092,4.));
#500 = VECTOR('',#501,1.);
#501 = DIRECTION('',(-0.341550483072,0.939863430246,0.));
#502 = ORIENTED_EDGE('',*,*,#503,.T.);
#503 = EDGE_CURVE('',#496,#504,#506,.T.);
#504 = VERTEX_POINT('',#505);
#505 = CARTESIAN_POINT('',(235.78342469303,27.673943719819,4.));
#506 = LINE('',#507,#508);
#507 = CARTESIAN_POINT('',(258.83243152828,-32.9349009211,4.));
#508 = VECTOR('',#509,1.);
#509 = DIRECTION('',(-0.355455541733,0.934693189154,0.));
#510 = ORIENTED_EDGE('',*,*,#511,.T.);
#511 = EDGE_CURVE('',#504,#512,#514,.T.);
#512 = VERTEX_POINT('',#513);
#513 = CARTESIAN_POINT('',(234.39751839662,31.161645039509,4.));
#514 = LINE('',#515,#516);
#515 = CARTESIAN_POINT('',(258.61764260258,-29.78948807452,4.));
#516 = VECTOR('',#517,1.);
#517 = DIRECTION('',(-0.369282371011,0.92931723887,0.));
#518 = ORIENTED_EDGE('',*,*,#519,.T.);
#519 = EDGE_CURVE('',#512,#520,#522,.T.);
#520 = VERTEX_POINT('',#521);
#521 = CARTESIAN_POINT('',(232.960025414,34.628402989341,4.));
#522 = LINE('',#523,#524);
#523 = CARTESIAN_POINT('',(258.3609850402,-26.63031603202,4.));
#524 = VECTOR('',#525,1.);
#525 = DIRECTION('',(-0.383027927868,0.923736762543,0.));
#526 = ORIENTED_EDGE('',*,*,#527,.T.);
#527 = EDGE_CURVE('',#520,#528,#530,.T.);
#528 = VERTEX_POINT('',#529);
#529 = CARTESIAN_POINT('',(231.47126211157,38.07345459812,4.));
#530 = LINE('',#531,#532);
#531 = CARTESIAN_POINT('',(258.06174425638,-23.45787354645,4.));
#532 = VECTOR('',#533,1.);
#533 = DIRECTION('',(-0.396689187153,0.917952988336,0.));
#534 = ORIENTED_EDGE('',*,*,#535,.T.);
#535 = EDGE_CURVE('',#528,#536,#538,.T.);
#536 = VERTEX_POINT('',#537);
#537 = CARTESIAN_POINT('',(229.93155613942,41.496041671829,4.));
#538 = LINE('',#539,#540);
#539 = CARTESIAN_POINT('',(257.71920925073,-20.27267525692,4.));
#540 = VECTOR('',#541,1.);
#541 = DIRECTION('',(-0.410263142269,0.911967189155,0.));
#542 = ORIENTED_EDGE('',*,*,#543,.T.);
#543 = EDGE_CURVE('',#536,#544,#546,.T.);
#544 = VERTEX_POINT('',#545);
#545 = CARTESIAN_POINT('',(228.34124635918,44.89541096049,4.));
#546 = LINE('',#547,#548);
#547 = CARTESIAN_POINT('',(257.33267344759,-17.0752617371,4.));
#548 = VECTOR('',#549,1.);
#549 = DIRECTION('',(-0.423746805832,0.905780682366,0.));
#550 = ORIENTED_EDGE('',*,*,#551,.T.);
#551 = EDGE_CURVE('',#544,#552,#554,.T.);
#552 = VERTEX_POINT('',#553);
#553 = CARTESIAN_POINT('',(226.7006827695,48.270814323944,4.));
#554 = LINE('',#555,#556);
#555 = CARTESIAN_POINT('',(256.90143553985,-13.8661995175,4.));
#556 = VECTOR('',#557,1.);
#557 = DIRECTION('',(-0.43713721033,0.899394829508,0.));
#558 = ORIENTED_EDGE('',*,*,#559,.T.);
#559 = EDGE_CURVE('',#552,#560,#562,.T.);
#560 = VERTEX_POINT('',#561);
#561 = CARTESIAN_POINT('',(225.01022642897,51.6215088965,4.));
#562 = LINE('',#563,#564);
#563 = CARTESIAN_POINT('',(256.42480033554,-10.64608108149,4.));
#564 = VECTOR('',#565,1.);
#565 = DIRECTION('',(-0.450431408775,0.892811035992,0.));
#566 = ORIENTED_EDGE('',*,*,#567,.T.);
#567 = EDGE_CURVE('',#560,#568,#570,.T.);
#568 = VERTEX_POINT('',#569);
#569 = CARTESIAN_POINT('',(223.27024937668,54.946757250432,4.));
#570 = LINE('',#571,#572);
#571 = CARTESIAN_POINT('',(255.90207960636,-7.415524835111,4.));
#572 = VECTOR('',#573,1.);
#573 = DIRECTION('',(-0.463626475352,0.886030750794,0.));
#574 = ORIENTED_EDGE('',*,*,#575,.T.);
#575 = EDGE_CURVE('',#568,#576,#578,.T.);
#576 = VERTEX_POINT('',#577);
#577 = CARTESIAN_POINT('',(221.48113455036,58.245827558266,4.));
#578 = LINE('',#579,#580);
#579 = CARTESIAN_POINT('',(255.33259293728,-4.175175050398,4.));
#580 = VECTOR('',#581,1.);
#581 = DIRECTION('',(-0.476719506064,0.879055466133,0.));
#582 = ORIENTED_EDGE('',*,*,#583,.T.);
#583 = EDGE_CURVE('',#576,#584,#586,.T.);
#584 = VERTEX_POINT('',#585);
#585 = CARTESIAN_POINT('',(219.64327570205,61.517993753848,4.));
#586 = LINE('',#587,#588);
#587 = CARTESIAN_POINT('',(254.71566857653,-0.925701782346,4.));
#588 = VECTOR('',#589,1.);
#589 = DIRECTION('',(-0.48970761937,0.871886717143,0.));
#590 = ORIENTED_EDGE('',*,*,#591,.T.);
#591 = EDGE_CURVE('',#584,#592,#594,.T.);
#592 = VERTEX_POINT('',#593);
#593 = CARTESIAN_POINT('',(217.75707731151,64.762535692137,4.));
#594 = LINE('',#595,#596);
#595 = CARTESIAN_POINT('',(254.05064428512,2.332199240634,4.));
#596 = VECTOR('',#597,1.);
#597 = DIRECTION('',(-0.50258795682,0.864526081538,0.));
#598 = ORIENTED_EDGE('',*,*,#599,.T.);
#599 = EDGE_CURVE('',#592,#600,#602,.T.);
#600 = VERTEX_POINT('',#601);
#601 = CARTESIAN_POINT('',(215.82295449713,67.978739307693,4.));
#602 = LINE('',#603,#604);
#603 = CARTESIAN_POINT('',(253.33686818501,5.59780675274,4.));
#604 = VECTOR('',#605,1.);
#605 = DIRECTION('',(-0.515357683682,0.856975179261,0.));
#606 = ORIENTED_EDGE('',*,*,#607,.T.);
#607 = EDGE_CURVE('',#600,#608,#610,.T.);
#608 = VERTEX_POINT('',#609);
#609 = CARTESIAN_POINT('',(213.84133292463,71.165896771833,4.));
#610 = LINE('',#611,#612);
#611 = CARTESIAN_POINT('',(252.5736996053,8.870374113264,4.));
#612 = VECTOR('',#613,1.);
#613 = DIRECTION('',(-0.528013989569,0.849235672131,0.));
#614 = ORIENTED_EDGE('',*,*,#615,.T.);
#615 = EDGE_CURVE('',#608,#616,#618,.T.);
#616 = VERTEX_POINT('',#617);
#617 = CARTESIAN_POINT('',(211.81264871336,74.323306648412,4.));
#618 = LINE('',#619,#620);
#619 = CARTESIAN_POINT('',(251.76050992547,12.149129495505,4.));
#620 = VECTOR('',#621,1.);
#621 = DIRECTION('',(-0.540554089056,0.841309263473,0.));
#622 = ORIENTED_EDGE('',*,*,#623,.T.);
#623 = EDGE_CURVE('',#616,#624,#626,.T.);
#624 = VERTEX_POINT('',#625);
#625 = CARTESIAN_POINT('',(209.73734834027,77.450274048192,4.));
#626 = LINE('',#627,#628);
#627 = CARTESIAN_POINT('',(250.89668341491,15.433276102056,4.));
#628 = VECTOR('',#629,1.);
#629 = DIRECTION('',(-0.55297522229,0.833197697748,0.));
#630 = ORIENTED_EDGE('',*,*,#631,.T.);
#631 = EDGE_CURVE('',#624,#632,#634,.T.);
#632 = VERTEX_POINT('',#633);
#633 = CARTESIAN_POINT('',(207.61588854175,80.546110781781,4.));
#634 = LINE('',#635,#636);
#635 = CARTESIAN_POINT('',(249.98161806805,18.721992406366,4.));
#636 = VECTOR('',#637,1.);
#637 = DIRECTION('',(-0.565274655605,0.824902760167,0.));
#638 = ORIENTED_EDGE('',*,*,#639,.T.);
#639 = EDGE_CURVE('',#632,#640,#642,.T.);
#640 = VERTEX_POINT('',#641);
#641 = CARTESIAN_POINT('',(205.44873621299,83.610135511086,4.));
#642 = LINE('',#643,#644);
#643 = CARTESIAN_POINT('',(249.01472643405,22.014432420454,4.));
#644 = VECTOR('',#645,1.);
#645 = DIRECTION('',(-0.577449682115,0.816426276295,0.));
#646 = ORIENTED_EDGE('',*,*,#647,.T.);
#647 = EDGE_CURVE('',#640,#648,#650,.T.);
#648 = VERTEX_POINT('',#649);
#649 = CARTESIAN_POINT('',(203.23636830534,86.641673899265,4.));
#650 = LINE('',#651,#652);
#651 = CARTESIAN_POINT('',(247.99543644058,25.309725988682,4.));
#652 = VECTOR('',#653,1.);
#653 = DIRECTION('',(-0.589497622315,0.807770111656,0.));
#654 = ORIENTED_EDGE('',*,*,#655,.T.);
#655 = EDGE_CURVE('',#648,#656,#658,.T.);
#656 = VERTEX_POINT('',#657);
#657 = CARTESIAN_POINT('',(200.97927172126,89.640058759137,4.));
#658 = LINE('',#659,#660);
#659 = CARTESIAN_POINT('',(246.92319221057,28.606979107372,4.));
#660 = VECTOR('',#661,1.);
#661 = DIRECTION('',(-0.60141582467,0.798936171315,0.));
#662 = ORIENTED_EDGE('',*,*,#663,.T.);
#663 = EDGE_CURVE('',#656,#664,#666,.T.);
#664 = VERTEX_POINT('',#665);
#665 = CARTESIAN_POINT('',(198.67794320718,92.604630200017,4.));
#666 = LINE('',#667,#668);
#667 = CARTESIAN_POINT('',(245.79745487134,31.905274270132,4.));
#668 = VECTOR('',#669,1.);
#669 = DIRECTION('',(-0.613201666199,0.789926399465,0.));
#670 = ORIENTED_EDGE('',*,*,#671,.T.);
#671 = EDGE_CURVE('',#664,#672,#674,.T.);
#672 = VERTEX_POINT('',#673);
#673 = CARTESIAN_POINT('',(196.3328892442,95.534735772948,4.));
#674 = LINE('',#675,#676);
#675 = CARTESIAN_POINT('',(244.61770335534,35.203670838652,4.));
#676 = VECTOR('',#677,1.);
#677 = DIRECTION('',(-0.624852553048,0.780742778993,0.));
#678 = ORIENTED_EDGE('',*,*,#679,.T.);
#679 = EDGE_CURVE('',#672,#680,#682,.T.);
#680 = VERTEX_POINT('',#681);
#681 = CARTESIAN_POINT('',(193.9446259366,98.429730614289,4.));
#682 = LINE('',#683,#684);
#683 = CARTESIAN_POINT('',(243.38343519154,38.501205438753,4.));
#684 = VECTOR('',#685,1.);
#685 = DIRECTION('',(-0.636365921066,0.771387331051,0.));
#686 = ORIENTED_EDGE('',*,*,#687,.T.);
#687 = EDGE_CURVE('',#680,#688,#690,.T.);
#688 = VERTEX_POINT('',#689);
#689 = CARTESIAN_POINT('',(193.81848657884,98.578094018019,4.));
#690 = LINE('',#691,#692);
#691 = CARTESIAN_POINT('',(242.09416728694,41.796892381441,4.));
#692 = VECTOR('',#693,1.);
#693 = DIRECTION('',(-0.647739236369,0.761862114603,0.));
#694 = ORIENTED_EDGE('',*,*,#695,.F.);
#695 = EDGE_CURVE('',#696,#688,#698,.T.);
#696 = VERTEX_POINT('',#697);
#697 = CARTESIAN_POINT('',(165.,92.063276573336,4.));
#698 = LINE('',#699,#700);
#699 = CARTESIAN_POINT('',(140.77174905092,86.586145374741,4.));
#700 = VECTOR('',#701,1.);
#701 = DIRECTION('',(0.975387035788,0.220499728835,0.));
#702 = ORIENTED_EDGE('',*,*,#703,.F.);
#703 = EDGE_CURVE('',#704,#696,#706,.T.);
#704 = VERTEX_POINT('',#705);
#705 = CARTESIAN_POINT('',(165.,65.,4.));
#706 = LINE('',#707,#708);
#707 = CARTESIAN_POINT('',(165.,65.,4.));
#708 = VECTOR('',#709,1.);
#709 = DIRECTION('',(0.,1.,0.));
#710 = ORIENTED_EDGE('',*,*,#711,.F.);
#711 = EDGE_CURVE('',#712,#704,#714,.T.);
#712 = VERTEX_POINT('',#713);
#713 = CARTESIAN_POINT('',(140.,65.,4.));
#714 = LINE('',#715,#716);
#715 = CARTESIAN_POINT('',(140.,65.,4.));
#716 = VECTOR('',#717,1.);
#717 = DIRECTION('',(1.,0.,0.));
#718 = ORIENTED_EDGE('',*,*,#719,.F.);
#719 = EDGE_CURVE('',#720,#712,#722,.T.);
#720 = VERTEX_POINT('',#721);
#721 = CARTESIAN_POINT('',(140.,-65.,4.));
#722 = LINE('',#723,#724);
#723 = CARTESIAN_POINT('',(140.,-147.5,4.));
#724 = VECTOR('',#725,1.);
#725 = DIRECTION('',(0.,1.,0.));
#726 = ORIENTED_EDGE('',*,*,#727,.T.);
#727 = EDGE_CURVE('',#720,#728,#730,.T.);
#728 = VERTEX_POINT('',#729);
#729 = CARTESIAN_POINT('',(165.,-65.,4.));
#730 = LINE('',#731,#732);
#731 = CARTESIAN_POINT('',(140.,-65.,4.));
#732 = VECTOR('',#733,1.);
#733 = DIRECTION('',(1.,0.,0.));
#734 = ORIENTED_EDGE('',*,*,#735,.F.);
#735 = EDGE_CURVE('',#736,#728,#738,.T.);
#736 = VERTEX_POINT('',#737);
#737 = CARTESIAN_POINT('',(165.,-92.06327657333,4.));
#738 = LINE('',#739,#740);
#739 = CARTESIAN_POINT('',(165.,-115.,4.));
#740 = VECTOR('',#741,1.);
#741 = DIRECTION('',(0.,1.,0.));
#742 = ORIENTED_EDGE('',*,*,#743,.T.);
#743 = EDGE_CURVE('',#736,#744,#746,.T.);
#744 = VERTEX_POINT('',#745);
#745 = CARTESIAN_POINT('',(328.77174905092,-129.0861453747,4.));
#746 = LINE('',#747,#748);
#747 = CARTESIAN_POINT('',(140.77174905092,-86.58614537474,4.));
#748 = VECTOR('',#749,1.);
#749 = DIRECTION('',(0.975387035788,-0.220499728835,0.));
#750 = ORIENTED_EDGE('',*,*,#751,.F.);
#751 = EDGE_CURVE('',#752,#744,#754,.T.);
#752 = VERTEX_POINT('',#753);
#753 = CARTESIAN_POINT('',(327.22825094907,-135.9138546252,4.));
#754 = LINE('',#755,#756);
#755 = CARTESIAN_POINT('',(327.22825094907,-135.9138546252,4.));
#756 = VECTOR('',#757,1.);
#757 = DIRECTION('',(0.220499728835,0.975387035788,0.));
#758 = ORIENTED_EDGE('',*,*,#759,.F.);
#759 = EDGE_CURVE('',#760,#752,#762,.T.);
#760 = VERTEX_POINT('',#761);
#761 = CARTESIAN_POINT('',(165.,-99.23991491602,4.));
#762 = LINE('',#763,#764);
#763 = CARTESIAN_POINT('',(139.22825094907,-93.41385462525,4.));
#764 = VECTOR('',#765,1.);
#765 = DIRECTION('',(0.975387035788,-0.220499728835,0.));
#766 = ORIENTED_EDGE('',*,*,#767,.F.);
#767 = EDGE_CURVE('',#768,#760,#770,.T.);
#768 = VERTEX_POINT('',#769);
#769 = CARTESIAN_POINT('',(165.,-115.,4.));
#770 = LINE('',#771,#772);
#771 = CARTESIAN_POINT('',(165.,-115.,4.));
#772 = VECTOR('',#773,1.);
#773 = DIRECTION('',(0.,1.,0.));
#774 = ORIENTED_EDGE('',*,*,#775,.F.);
#775 = EDGE_CURVE('',#24,#768,#776,.T.);
#776 = LINE('',#777,#778);
#777 = CARTESIAN_POINT('',(140.,-115.,4.));
#778 = VECTOR('',#779,1.);
#779 = DIRECTION('',(1.,0.,0.));
#780 = PLANE('',#781);
#781 = AXIS2_PLACEMENT_3D('',#782,#783,#784);
#782 = CARTESIAN_POINT('',(140.,-147.5,4.));
#783 = DIRECTION('',(0.,0.,1.));
#784 = DIRECTION('',(1.,0.,0.));
#785 = ADVANCED_FACE('',(#786,#898,#940),#982,.T.);
#786 = FACE_BOUND('',#787,.T.);
#787 = EDGE_LOOP('',(#788,#798,#806,#812,#813,#821,#829,#835,#836,#844,
    #852,#860,#868,#876,#884,#892));
#788 = ORIENTED_EDGE('',*,*,#789,.T.);
#789 = EDGE_CURVE('',#790,#792,#794,.T.);
#790 = VERTEX_POINT('',#791);
#791 = CARTESIAN_POINT('',(140.,-147.5,0.));
#792 = VERTEX_POINT('',#793);
#793 = CARTESIAN_POINT('',(140.,-147.5,14.));
#794 = LINE('',#795,#796);
#795 = CARTESIAN_POINT('',(140.,-147.5,0.));
#796 = VECTOR('',#797,1.);
#797 = DIRECTION('',(0.,0.,1.));
#798 = ORIENTED_EDGE('',*,*,#799,.T.);
#799 = EDGE_CURVE('',#792,#800,#802,.T.);
#800 = VERTEX_POINT('',#801);
#801 = CARTESIAN_POINT('',(140.,-139.5,14.));
#802 = LINE('',#803,#804);
#803 = CARTESIAN_POINT('',(140.,-147.5,14.));
#804 = VECTOR('',#805,1.);
#805 = DIRECTION('',(0.,1.,0.));
#806 = ORIENTED_EDGE('',*,*,#807,.F.);
#807 = EDGE_CURVE('',#22,#800,#808,.T.);
#808 = LINE('',#809,#810);
#809 = CARTESIAN_POINT('',(140.,-139.5,4.));
#810 = VECTOR('',#811,1.);
#811 = DIRECTION('',(0.,0.,1.));
#812 = ORIENTED_EDGE('',*,*,#21,.T.);
#813 = ORIENTED_EDGE('',*,*,#814,.T.);
#814 = EDGE_CURVE('',#24,#815,#817,.T.);
#815 = VERTEX_POINT('',#816);
#816 = CARTESIAN_POINT('',(140.,-115.,24.));
#817 = LINE('',#818,#819);
#818 = CARTESIAN_POINT('',(140.,-115.,4.));
#819 = VECTOR('',#820,1.);
#820 = DIRECTION('',(0.,0.,1.));
#821 = ORIENTED_EDGE('',*,*,#822,.T.);
#822 = EDGE_CURVE('',#815,#823,#825,.T.);
#823 = VERTEX_POINT('',#824);
#824 = CARTESIAN_POINT('',(140.,-65.,24.));
#825 = LINE('',#826,#827);
#826 = CARTESIAN_POINT('',(140.,-115.,24.));
#827 = VECTOR('',#828,1.);
#828 = DIRECTION('',(0.,1.,0.));
#829 = ORIENTED_EDGE('',*,*,#830,.F.);
#830 = EDGE_CURVE('',#720,#823,#831,.T.);
#831 = LINE('',#832,#833);
#832 = CARTESIAN_POINT('',(140.,-65.,4.));
#833 = VECTOR('',#834,1.);
#834 = DIRECTION('',(0.,0.,1.));
#835 = ORIENTED_EDGE('',*,*,#719,.T.);
#836 = ORIENTED_EDGE('',*,*,#837,.T.);
#837 = EDGE_CURVE('',#712,#838,#840,.T.);
#838 = VERTEX_POINT('',#839);
#839 = CARTESIAN_POINT('',(140.,65.,24.));
#840 = LINE('',#841,#842);
#841 = CARTESIAN_POINT('',(140.,65.,4.));
#842 = VECTOR('',#843,1.);
#843 = DIRECTION('',(0.,0.,1.));
#844 = ORIENTED_EDGE('',*,*,#845,.T.);
#845 = EDGE_CURVE('',#838,#846,#848,.T.);
#846 = VERTEX_POINT('',#847);
#847 = CARTESIAN_POINT('',(140.,115.,24.));
#848 = LINE('',#849,#850);
#849 = CARTESIAN_POINT('',(140.,65.,24.));
#850 = VECTOR('',#851,1.);
#851 = DIRECTION('',(0.,1.,0.));
#852 = ORIENTED_EDGE('',*,*,#853,.F.);
#853 = EDGE_CURVE('',#854,#846,#856,.T.);
#854 = VERTEX_POINT('',#855);
#855 = CARTESIAN_POINT('',(140.,115.,4.));
#856 = LINE('',#857,#858);
#857 = CARTESIAN_POINT('',(140.,115.,4.));
#858 = VECTOR('',#859,1.);
#859 = DIRECTION('',(0.,0.,1.));
#860 = ORIENTED_EDGE('',*,*,#861,.T.);
#861 = EDGE_CURVE('',#854,#862,#864,.T.);
#862 = VERTEX_POINT('',#863);
#863 = CARTESIAN_POINT('',(140.,139.5,4.));
#864 = LINE('',#865,#866);
#865 = CARTESIAN_POINT('',(140.,-147.5,4.));
#866 = VECTOR('',#867,1.);
#867 = DIRECTION('',(0.,1.,0.));
#868 = ORIENTED_EDGE('',*,*,#869,.T.);
#869 = EDGE_CURVE('',#862,#870,#872,.T.);
#870 = VERTEX_POINT('',#871);
#871 = CARTESIAN_POINT('',(140.,139.5,14.));
#872 = LINE('',#873,#874);
#873 = CARTESIAN_POINT('',(140.,139.5,4.));
#874 = VECTOR('',#875,1.);
#875 = DIRECTION('',(0.,0.,1.));
#876 = ORIENTED_EDGE('',*,*,#877,.T.);
#877 = EDGE_CURVE('',#870,#878,#880,.T.);
#878 = VERTEX_POINT('',#879);
#879 = CARTESIAN_POINT('',(140.,147.5,14.));
#880 = LINE('',#881,#882);
#881 = CARTESIAN_POINT('',(140.,139.5,14.));
#882 = VECTOR('',#883,1.);
#883 = DIRECTION('',(0.,1.,0.));
#884 = ORIENTED_EDGE('',*,*,#885,.F.);
#885 = EDGE_CURVE('',#886,#878,#888,.T.);
#886 = VERTEX_POINT('',#887);
#887 = CARTESIAN_POINT('',(140.,147.5,0.));
#888 = LINE('',#889,#890);
#889 = CARTESIAN_POINT('',(140.,147.5,4.));
#890 = VECTOR('',#891,1.);
#891 = DIRECTION('',(0.,0.,1.));
#892 = ORIENTED_EDGE('',*,*,#893,.F.);
#893 = EDGE_CURVE('',#790,#886,#894,.T.);
#894 = LINE('',#895,#896);
#895 = CARTESIAN_POINT('',(140.,-147.5,0.));
#896 = VECTOR('',#897,1.);
#897 = DIRECTION('',(0.,1.,0.));
#898 = FACE_BOUND('',#899,.T.);
#899 = EDGE_LOOP('',(#900,#910,#918,#926,#934));
#900 = ORIENTED_EDGE('',*,*,#901,.T.);
#901 = EDGE_CURVE('',#902,#904,#906,.T.);
#902 = VERTEX_POINT('',#903);
#903 = CARTESIAN_POINT('',(140.,-102.,4.));
#904 = VERTEX_POINT('',#905);
#905 = CARTESIAN_POINT('',(140.,-78.,4.));
#906 = LINE('',#907,#908);
#907 = CARTESIAN_POINT('',(140.,-147.5,4.));
#908 = VECTOR('',#909,1.);
#909 = DIRECTION('',(0.,1.,0.));
#910 = ORIENTED_EDGE('',*,*,#911,.T.);
#911 = EDGE_CURVE('',#904,#912,#914,.T.);
#912 = VERTEX_POINT('',#913);
#913 = CARTESIAN_POINT('',(140.,-78.,8.));
#914 = LINE('',#915,#916);
#915 = CARTESIAN_POINT('',(140.,-78.,4.));
#916 = VECTOR('',#917,1.);
#917 = DIRECTION('',(0.,0.,1.));
#918 = ORIENTED_EDGE('',*,*,#919,.T.);
#919 = EDGE_CURVE('',#912,#920,#922,.T.);
#920 = VERTEX_POINT('',#921);
#921 = CARTESIAN_POINT('',(140.,-90.,20.));
#922 = LINE('',#923,#924);
#923 = CARTESIAN_POINT('',(140.,-86.25,16.25));
#924 = VECTOR('',#925,1.);
#925 = DIRECTION('',(0.,-0.707106781187,0.707106781187));
#926 = ORIENTED_EDGE('',*,*,#927,.T.);
#927 = EDGE_CURVE('',#920,#928,#930,.T.);
#928 = VERTEX_POINT('',#929);
#929 = CARTESIAN_POINT('',(140.,-102.,8.));
#930 = LINE('',#931,#932);
#931 = CARTESIAN_POINT('',(140.,-100.25,9.75));
#932 = VECTOR('',#933,1.);
#933 = DIRECTION('',(0.,-0.707106781187,-0.707106781187));
#934 = ORIENTED_EDGE('',*,*,#935,.T.);
#935 = EDGE_CURVE('',#928,#902,#936,.T.);
#936 = LINE('',#937,#938);
#937 = CARTESIAN_POINT('',(140.,-102.,6.));
#938 = VECTOR('',#939,1.);
#939 = DIRECTION('',(0.,0.,-1.));
#940 = FACE_BOUND('',#941,.T.);
#941 = EDGE_LOOP('',(#942,#952,#960,#968,#976));
#942 = ORIENTED_EDGE('',*,*,#943,.T.);
#943 = EDGE_CURVE('',#944,#946,#948,.T.);
#944 = VERTEX_POINT('',#945);
#945 = CARTESIAN_POINT('',(140.,78.,4.));
#946 = VERTEX_POINT('',#947);
#947 = CARTESIAN_POINT('',(140.,102.,4.));
#948 = LINE('',#949,#950);
#949 = CARTESIAN_POINT('',(140.,-147.5,4.));
#950 = VECTOR('',#951,1.);
#951 = DIRECTION('',(0.,1.,0.));
#952 = ORIENTED_EDGE('',*,*,#953,.T.);
#953 = EDGE_CURVE('',#946,#954,#956,.T.);
#954 = VERTEX_POINT('',#955);
#955 = CARTESIAN_POINT('',(140.,102.,8.));
#956 = LINE('',#957,#958);
#957 = CARTESIAN_POINT('',(140.,102.,4.));
#958 = VECTOR('',#959,1.);
#959 = DIRECTION('',(0.,0.,1.));
#960 = ORIENTED_EDGE('',*,*,#961,.T.);
#961 = EDGE_CURVE('',#954,#962,#964,.T.);
#962 = VERTEX_POINT('',#963);
#963 = CARTESIAN_POINT('',(140.,90.,20.));
#964 = LINE('',#965,#966);
#965 = CARTESIAN_POINT('',(140.,93.75,16.25));
#966 = VECTOR('',#967,1.);
#967 = DIRECTION('',(0.,-0.707106781187,0.707106781187));
#968 = ORIENTED_EDGE('',*,*,#969,.T.);
#969 = EDGE_CURVE('',#962,#970,#972,.T.);
#970 = VERTEX_POINT('',#971);
#971 = CARTESIAN_POINT('',(140.,78.,8.));
#972 = LINE('',#973,#974);
#973 = CARTESIAN_POINT('',(140.,79.75,9.75));
#974 = VECTOR('',#975,1.);
#975 = DIRECTION('',(0.,-0.707106781187,-0.707106781187));
#976 = ORIENTED_EDGE('',*,*,#977,.T.);
#977 = EDGE_CURVE('',#970,#944,#978,.T.);
#978 = LINE('',#979,#980);
#979 = CARTESIAN_POINT('',(140.,78.,6.));
#980 = VECTOR('',#981,1.);
#981 = DIRECTION('',(0.,0.,-1.));
#982 = PLANE('',#983);
#983 = AXIS2_PLACEMENT_3D('',#984,#985,#986);
#984 = CARTESIAN_POINT('',(140.,0.,6.735376044568));
#985 = DIRECTION('',(-1.,-0.,-0.));
#986 = DIRECTION('',(0.,0.,-1.));
#987 = ADVANCED_FACE('',(#988),#1006,.F.);
#988 = FACE_BOUND('',#989,.F.);
#989 = EDGE_LOOP('',(#990,#991,#992,#1000));
#990 = ORIENTED_EDGE('',*,*,#775,.F.);
#991 = ORIENTED_EDGE('',*,*,#814,.T.);
#992 = ORIENTED_EDGE('',*,*,#993,.T.);
#993 = EDGE_CURVE('',#815,#994,#996,.T.);
#994 = VERTEX_POINT('',#995);
#995 = CARTESIAN_POINT('',(165.,-115.,24.));
#996 = LINE('',#997,#998);
#997 = CARTESIAN_POINT('',(140.,-115.,24.));
#998 = VECTOR('',#999,1.);
#999 = DIRECTION('',(1.,0.,0.));
#1000 = ORIENTED_EDGE('',*,*,#1001,.F.);
#1001 = EDGE_CURVE('',#768,#994,#1002,.T.);
#1002 = LINE('',#1003,#1004);
#1003 = CARTESIAN_POINT('',(165.,-115.,4.));
#1004 = VECTOR('',#1005,1.);
#1005 = DIRECTION('',(0.,0.,1.));
#1006 = PLANE('',#1007);
#1007 = AXIS2_PLACEMENT_3D('',#1008,#1009,#1010);
#1008 = CARTESIAN_POINT('',(140.,-115.,4.));
#1009 = DIRECTION('',(0.,1.,0.));
#1010 = DIRECTION('',(0.,0.,1.));
#1011 = ADVANCED_FACE('',(#1012),#1053,.T.);
#1012 = FACE_BOUND('',#1013,.T.);
#1013 = EDGE_LOOP('',(#1014,#1015,#1016,#1024,#1032,#1038,#1039,#1047));
#1014 = ORIENTED_EDGE('',*,*,#1001,.F.);
#1015 = ORIENTED_EDGE('',*,*,#767,.T.);
#1016 = ORIENTED_EDGE('',*,*,#1017,.F.);
#1017 = EDGE_CURVE('',#1018,#760,#1020,.T.);
#1018 = VERTEX_POINT('',#1019);
#1019 = CARTESIAN_POINT('',(165.,-99.23991491602,14.));
#1020 = LINE('',#1021,#1022);
#1021 = CARTESIAN_POINT('',(165.,-99.23991491602,4.));
#1022 = VECTOR('',#1023,1.);
#1023 = DIRECTION('',(0.,0.,-1.));
#1024 = ORIENTED_EDGE('',*,*,#1025,.T.);
#1025 = EDGE_CURVE('',#1018,#1026,#1028,.T.);
#1026 = VERTEX_POINT('',#1027);
#1027 = CARTESIAN_POINT('',(165.,-92.06327657333,14.));
#1028 = LINE('',#1029,#1030);
#1029 = CARTESIAN_POINT('',(165.,-104.2069273126,14.));
#1030 = VECTOR('',#1031,1.);
#1031 = DIRECTION('',(0.,1.,0.));
#1032 = ORIENTED_EDGE('',*,*,#1033,.T.);
#1033 = EDGE_CURVE('',#1026,#736,#1034,.T.);
#1034 = LINE('',#1035,#1036);
#1035 = CARTESIAN_POINT('',(165.,-92.06327657333,4.));
#1036 = VECTOR('',#1037,1.);
#1037 = DIRECTION('',(0.,0.,-1.));
#1038 = ORIENTED_EDGE('',*,*,#735,.T.);
#1039 = ORIENTED_EDGE('',*,*,#1040,.T.);
#1040 = EDGE_CURVE('',#728,#1041,#1043,.T.);
#1041 = VERTEX_POINT('',#1042);
#1042 = CARTESIAN_POINT('',(165.,-65.,24.));
#1043 = LINE('',#1044,#1045);
#1044 = CARTESIAN_POINT('',(165.,-65.,4.));
#1045 = VECTOR('',#1046,1.);
#1046 = DIRECTION('',(0.,0.,1.));
#1047 = ORIENTED_EDGE('',*,*,#1048,.F.);
#1048 = EDGE_CURVE('',#994,#1041,#1049,.T.);
#1049 = LINE('',#1050,#1051);
#1050 = CARTESIAN_POINT('',(165.,-115.,24.));
#1051 = VECTOR('',#1052,1.);
#1052 = DIRECTION('',(0.,1.,0.));
#1053 = PLANE('',#1054);
#1054 = AXIS2_PLACEMENT_3D('',#1055,#1056,#1057);
#1055 = CARTESIAN_POINT('',(165.,-115.,4.));
#1056 = DIRECTION('',(1.,0.,0.));
#1057 = DIRECTION('',(0.,0.,1.));
#1058 = ADVANCED_FACE('',(#1059),#1077,.F.);
#1059 = FACE_BOUND('',#1060,.F.);
#1060 = EDGE_LOOP('',(#1061,#1062,#1063,#1071));
#1061 = ORIENTED_EDGE('',*,*,#759,.F.);
#1062 = ORIENTED_EDGE('',*,*,#1017,.F.);
#1063 = ORIENTED_EDGE('',*,*,#1064,.T.);
#1064 = EDGE_CURVE('',#1018,#1065,#1067,.T.);
#1065 = VERTEX_POINT('',#1066);
#1066 = CARTESIAN_POINT('',(327.22825094907,-135.9138546252,14.));
#1067 = LINE('',#1068,#1069);
#1068 = CARTESIAN_POINT('',(139.22825094907,-93.41385462525,14.));
#1069 = VECTOR('',#1070,1.);
#1070 = DIRECTION('',(0.975387035788,-0.220499728835,0.));
#1071 = ORIENTED_EDGE('',*,*,#1072,.F.);
#1072 = EDGE_CURVE('',#752,#1065,#1073,.T.);
#1073 = LINE('',#1074,#1075);
#1074 = CARTESIAN_POINT('',(327.22825094907,-135.9138546252,4.));
#1075 = VECTOR('',#1076,1.);
#1076 = DIRECTION('',(0.,0.,1.));
#1077 = PLANE('',#1078);
#1078 = AXIS2_PLACEMENT_3D('',#1079,#1080,#1081);
#1079 = CARTESIAN_POINT('',(139.22825094907,-93.41385462525,4.));
#1080 = DIRECTION('',(0.220499728835,0.975387035788,0.));
#1081 = DIRECTION('',(0.,0.,1.));
#1082 = ADVANCED_FACE('',(#1083),#1101,.T.);
#1083 = FACE_BOUND('',#1084,.T.);
#1084 = EDGE_LOOP('',(#1085,#1086,#1087,#1095));
#1085 = ORIENTED_EDGE('',*,*,#1072,.F.);
#1086 = ORIENTED_EDGE('',*,*,#751,.T.);
#1087 = ORIENTED_EDGE('',*,*,#1088,.T.);
#1088 = EDGE_CURVE('',#744,#1089,#1091,.T.);
#1089 = VERTEX_POINT('',#1090);
#1090 = CARTESIAN_POINT('',(328.77174905092,-129.0861453747,14.));
#1091 = LINE('',#1092,#1093);
#1092 = CARTESIAN_POINT('',(328.77174905092,-129.0861453747,4.));
#1093 = VECTOR('',#1094,1.);
#1094 = DIRECTION('',(0.,0.,1.));
#1095 = ORIENTED_EDGE('',*,*,#1096,.F.);
#1096 = EDGE_CURVE('',#1065,#1089,#1097,.T.);
#1097 = LINE('',#1098,#1099);
#1098 = CARTESIAN_POINT('',(327.22825094907,-135.9138546252,14.));
#1099 = VECTOR('',#1100,1.);
#1100 = DIRECTION('',(0.220499728835,0.975387035788,0.));
#1101 = PLANE('',#1102);
#1102 = AXIS2_PLACEMENT_3D('',#1103,#1104,#1105);
#1103 = CARTESIAN_POINT('',(327.22825094907,-135.9138546252,4.));
#1104 = DIRECTION('',(0.975387035788,-0.220499728835,0.));
#1105 = DIRECTION('',(0.,0.,1.));
#1106 = ADVANCED_FACE('',(#1107),#1118,.T.);
#1107 = FACE_BOUND('',#1108,.T.);
#1108 = EDGE_LOOP('',(#1109,#1110,#1111,#1117));
#1109 = ORIENTED_EDGE('',*,*,#743,.F.);
#1110 = ORIENTED_EDGE('',*,*,#1033,.F.);
#1111 = ORIENTED_EDGE('',*,*,#1112,.T.);
#1112 = EDGE_CURVE('',#1026,#1089,#1113,.T.);
#1113 = LINE('',#1114,#1115);
#1114 = CARTESIAN_POINT('',(140.77174905092,-86.58614537474,14.));
#1115 = VECTOR('',#1116,1.);
#1116 = DIRECTION('',(0.975387035788,-0.220499728835,0.));
#1117 = ORIENTED_EDGE('',*,*,#1088,.F.);
#1118 = PLANE('',#1119);
#1119 = AXIS2_PLACEMENT_3D('',#1120,#1121,#1122);
#1120 = CARTESIAN_POINT('',(140.77174905092,-86.58614537474,4.));
#1121 = DIRECTION('',(0.220499728835,0.975387035788,0.));
#1122 = DIRECTION('',(0.,0.,1.));
#1123 = ADVANCED_FACE('',(#1124),#1135,.T.);
#1124 = FACE_BOUND('',#1125,.T.);
#1125 = EDGE_LOOP('',(#1126,#1127,#1128,#1134));
#1126 = ORIENTED_EDGE('',*,*,#727,.F.);
#1127 = ORIENTED_EDGE('',*,*,#830,.T.);
#1128 = ORIENTED_EDGE('',*,*,#1129,.T.);
#1129 = EDGE_CURVE('',#823,#1041,#1130,.T.);
#1130 = LINE('',#1131,#1132);
#1131 = CARTESIAN_POINT('',(140.,-65.,24.));
#1132 = VECTOR('',#1133,1.);
#1133 = DIRECTION('',(1.,0.,0.));
#1134 = ORIENTED_EDGE('',*,*,#1040,.F.);
#1135 = PLANE('',#1136);
#1136 = AXIS2_PLACEMENT_3D('',#1137,#1138,#1139);
#1137 = CARTESIAN_POINT('',(140.,-65.,4.));
#1138 = DIRECTION('',(0.,1.,0.));
#1139 = DIRECTION('',(0.,0.,1.));
#1140 = ADVANCED_FACE('',(#1141),#1159,.F.);
#1141 = FACE_BOUND('',#1142,.F.);
#1142 = EDGE_LOOP('',(#1143,#1144,#1145,#1153));
#1143 = ORIENTED_EDGE('',*,*,#711,.F.);
#1144 = ORIENTED_EDGE('',*,*,#837,.T.);
#1145 = ORIENTED_EDGE('',*,*,#1146,.T.);
#1146 = EDGE_CURVE('',#838,#1147,#1149,.T.);
#1147 = VERTEX_POINT('',#1148);
#1148 = CARTESIAN_POINT('',(165.,65.,24.));
#1149 = LINE('',#1150,#1151);
#1150 = CARTESIAN_POINT('',(140.,65.,24.));
#1151 = VECTOR('',#1152,1.);
#1152 = DIRECTION('',(1.,0.,0.));
#1153 = ORIENTED_EDGE('',*,*,#1154,.F.);
#1154 = EDGE_CURVE('',#704,#1147,#1155,.T.);
#1155 = LINE('',#1156,#1157);
#1156 = CARTESIAN_POINT('',(165.,65.,4.));
#1157 = VECTOR('',#1158,1.);
#1158 = DIRECTION('',(0.,0.,1.));
#1159 = PLANE('',#1160);
#1160 = AXIS2_PLACEMENT_3D('',#1161,#1162,#1163);
#1161 = CARTESIAN_POINT('',(140.,65.,4.));
#1162 = DIRECTION('',(0.,1.,0.));
#1163 = DIRECTION('',(0.,0.,1.));
#1164 = ADVANCED_FACE('',(#1165),#1215,.T.);
#1165 = FACE_BOUND('',#1166,.T.);
#1166 = EDGE_LOOP('',(#1167,#1168,#1169,#1177,#1185,#1193,#1201,#1209));
#1167 = ORIENTED_EDGE('',*,*,#1154,.F.);
#1168 = ORIENTED_EDGE('',*,*,#703,.T.);
#1169 = ORIENTED_EDGE('',*,*,#1170,.F.);
#1170 = EDGE_CURVE('',#1171,#696,#1173,.T.);
#1171 = VERTEX_POINT('',#1172);
#1172 = CARTESIAN_POINT('',(165.,92.063276573336,14.));
#1173 = LINE('',#1174,#1175);
#1174 = CARTESIAN_POINT('',(165.,92.063276573336,4.));
#1175 = VECTOR('',#1176,1.);
#1176 = DIRECTION('',(0.,0.,-1.));
#1177 = ORIENTED_EDGE('',*,*,#1178,.T.);
#1178 = EDGE_CURVE('',#1171,#1179,#1181,.T.);
#1179 = VERTEX_POINT('',#1180);
#1180 = CARTESIAN_POINT('',(165.,99.239914916026,14.));
#1181 = LINE('',#1182,#1183);
#1182 = CARTESIAN_POINT('',(165.,75.793072687371,14.));
#1183 = VECTOR('',#1184,1.);
#1184 = DIRECTION('',(0.,1.,0.));
#1185 = ORIENTED_EDGE('',*,*,#1186,.T.);
#1186 = EDGE_CURVE('',#1179,#1187,#1189,.T.);
#1187 = VERTEX_POINT('',#1188);
#1188 = CARTESIAN_POINT('',(165.,99.239914916026,4.));
#1189 = LINE('',#1190,#1191);
#1190 = CARTESIAN_POINT('',(165.,99.239914916026,4.));
#1191 = VECTOR('',#1192,1.);
#1192 = DIRECTION('',(0.,0.,-1.));
#1193 = ORIENTED_EDGE('',*,*,#1194,.T.);
#1194 = EDGE_CURVE('',#1187,#1195,#1197,.T.);
#1195 = VERTEX_POINT('',#1196);
#1196 = CARTESIAN_POINT('',(165.,115.,4.));
#1197 = LINE('',#1198,#1199);
#1198 = CARTESIAN_POINT('',(165.,65.,4.));
#1199 = VECTOR('',#1200,1.);
#1200 = DIRECTION('',(0.,1.,0.));
#1201 = ORIENTED_EDGE('',*,*,#1202,.T.);
#1202 = EDGE_CURVE('',#1195,#1203,#1205,.T.);
#1203 = VERTEX_POINT('',#1204);
#1204 = CARTESIAN_POINT('',(165.,115.,24.));
#1205 = LINE('',#1206,#1207);
#1206 = CARTESIAN_POINT('',(165.,115.,4.));
#1207 = VECTOR('',#1208,1.);
#1208 = DIRECTION('',(0.,0.,1.));
#1209 = ORIENTED_EDGE('',*,*,#1210,.F.);
#1210 = EDGE_CURVE('',#1147,#1203,#1211,.T.);
#1211 = LINE('',#1212,#1213);
#1212 = CARTESIAN_POINT('',(165.,65.,24.));
#1213 = VECTOR('',#1214,1.);
#1214 = DIRECTION('',(0.,1.,0.));
#1215 = PLANE('',#1216);
#1216 = AXIS2_PLACEMENT_3D('',#1217,#1218,#1219);
#1217 = CARTESIAN_POINT('',(165.,65.,4.));
#1218 = DIRECTION('',(1.,0.,0.));
#1219 = DIRECTION('',(0.,0.,1.));
#1220 = ADVANCED_FACE('',(#1221),#1239,.F.);
#1221 = FACE_BOUND('',#1222,.F.);
#1222 = EDGE_LOOP('',(#1223,#1224,#1225,#1233));
#1223 = ORIENTED_EDGE('',*,*,#695,.F.);
#1224 = ORIENTED_EDGE('',*,*,#1170,.F.);
#1225 = ORIENTED_EDGE('',*,*,#1226,.T.);
#1226 = EDGE_CURVE('',#1171,#1227,#1229,.T.);
#1227 = VERTEX_POINT('',#1228);
#1228 = CARTESIAN_POINT('',(193.81848657884,98.578094018019,14.));
#1229 = LINE('',#1230,#1231);
#1230 = CARTESIAN_POINT('',(140.77174905092,86.586145374741,14.));
#1231 = VECTOR('',#1232,1.);
#1232 = DIRECTION('',(0.975387035788,0.220499728835,0.));
#1233 = ORIENTED_EDGE('',*,*,#1234,.T.);
#1234 = EDGE_CURVE('',#1227,#688,#1235,.T.);
#1235 = LINE('',#1236,#1237);
#1236 = CARTESIAN_POINT('',(193.81848657884,98.578094018019,3.9));
#1237 = VECTOR('',#1238,1.);
#1238 = DIRECTION('',(0.,0.,-1.));
#1239 = PLANE('',#1240);
#1240 = AXIS2_PLACEMENT_3D('',#1241,#1242,#1243);
#1241 = CARTESIAN_POINT('',(140.77174905092,86.586145374741,4.));
#1242 = DIRECTION('',(-0.220499728835,0.975387035788,0.));
#1243 = DIRECTION('',(0.,0.,1.));
#1244 = ADVANCED_FACE('',(#1245),#1279,.F.);
#1245 = FACE_BOUND('',#1246,.F.);
#1246 = EDGE_LOOP('',(#1247,#1255,#1263,#1271,#1277,#1278));
#1247 = ORIENTED_EDGE('',*,*,#1248,.T.);
#1248 = EDGE_CURVE('',#1227,#1249,#1251,.T.);
#1249 = VERTEX_POINT('',#1250);
#1250 = CARTESIAN_POINT('',(191.51367889827,101.28897758764,14.));
#1251 = LINE('',#1252,#1253);
#1252 = CARTESIAN_POINT('',(184.49671714326,109.54223294195,14.));
#1253 = VECTOR('',#1254,1.);
#1254 = DIRECTION('',(-0.647739236369,0.761862114603,0.));
#1255 = ORIENTED_EDGE('',*,*,#1256,.T.);
#1256 = EDGE_CURVE('',#1249,#1257,#1259,.T.);
#1257 = VERTEX_POINT('',#1258);
#1258 = CARTESIAN_POINT('',(191.51367889827,101.28897758764,18.));
#1259 = LINE('',#1260,#1261);
#1260 = CARTESIAN_POINT('',(191.51367889827,101.28897758764,3.8));
#1261 = VECTOR('',#1262,1.);
#1262 = DIRECTION('',(0.,0.,1.));
#1263 = ORIENTED_EDGE('',*,*,#1264,.T.);
#1264 = EDGE_CURVE('',#1257,#1265,#1267,.T.);
#1265 = VERTEX_POINT('',#1266);
#1266 = CARTESIAN_POINT('',(193.9446259366,98.429730614289,18.));
#1267 = LINE('',#1268,#1269);
#1268 = CARTESIAN_POINT('',(191.51367889827,101.28897758764,18.));
#1269 = VECTOR('',#1270,1.);
#1270 = DIRECTION('',(0.647739236369,-0.761862114603,0.));
#1271 = ORIENTED_EDGE('',*,*,#1272,.F.);
#1272 = EDGE_CURVE('',#680,#1265,#1273,.T.);
#1273 = LINE('',#1274,#1275);
#1274 = CARTESIAN_POINT('',(193.9446259366,98.429730614289,3.8));
#1275 = VECTOR('',#1276,1.);
#1276 = DIRECTION('',(0.,0.,1.));
#1277 = ORIENTED_EDGE('',*,*,#687,.T.);
#1278 = ORIENTED_EDGE('',*,*,#1234,.F.);
#1279 = PLANE('',#1280);
#1280 = AXIS2_PLACEMENT_3D('',#1281,#1282,#1283);
#1281 = CARTESIAN_POINT('',(191.51367889827,101.28897758764,3.8));
#1282 = DIRECTION('',(0.761862114603,0.647739236369,0.));
#1283 = DIRECTION('',(0.647739236369,-0.761862114603,0.));
#1284 = ADVANCED_FACE('',(#1285),#1303,.F.);
#1285 = FACE_BOUND('',#1286,.F.);
#1286 = EDGE_LOOP('',(#1287,#1288,#1289,#1297));
#1287 = ORIENTED_EDGE('',*,*,#679,.T.);
#1288 = ORIENTED_EDGE('',*,*,#1272,.T.);
#1289 = ORIENTED_EDGE('',*,*,#1290,.T.);
#1290 = EDGE_CURVE('',#1265,#1291,#1293,.T.);
#1291 = VERTEX_POINT('',#1292);
#1292 = CARTESIAN_POINT('',(196.3328892442,95.534735772948,18.));
#1293 = LINE('',#1294,#1295);
#1294 = CARTESIAN_POINT('',(193.9446259366,98.429730614289,18.));
#1295 = VECTOR('',#1296,1.);
#1296 = DIRECTION('',(0.636365921066,-0.771387331051,0.));
#1297 = ORIENTED_EDGE('',*,*,#1298,.F.);
#1298 = EDGE_CURVE('',#672,#1291,#1299,.T.);
#1299 = LINE('',#1300,#1301);
#1300 = CARTESIAN_POINT('',(196.3328892442,95.534735772948,3.8));
#1301 = VECTOR('',#1302,1.);
#1302 = DIRECTION('',(0.,0.,1.));
#1303 = PLANE('',#1304);
#1304 = AXIS2_PLACEMENT_3D('',#1305,#1306,#1307);
#1305 = CARTESIAN_POINT('',(193.9446259366,98.429730614289,3.8));
#1306 = DIRECTION('',(0.771387331051,0.636365921066,0.));
#1307 = DIRECTION('',(0.636365921066,-0.771387331051,0.));
#1308 = ADVANCED_FACE('',(#1309),#1327,.F.);
#1309 = FACE_BOUND('',#1310,.F.);
#1310 = EDGE_LOOP('',(#1311,#1312,#1313,#1321));
#1311 = ORIENTED_EDGE('',*,*,#671,.T.);
#1312 = ORIENTED_EDGE('',*,*,#1298,.T.);
#1313 = ORIENTED_EDGE('',*,*,#1314,.T.);
#1314 = EDGE_CURVE('',#1291,#1315,#1317,.T.);
#1315 = VERTEX_POINT('',#1316);
#1316 = CARTESIAN_POINT('',(198.67794320718,92.604630200017,18.));
#1317 = LINE('',#1318,#1319);
#1318 = CARTESIAN_POINT('',(196.3328892442,95.534735772948,18.));
#1319 = VECTOR('',#1320,1.);
#1320 = DIRECTION('',(0.624852553048,-0.780742778993,0.));
#1321 = ORIENTED_EDGE('',*,*,#1322,.F.);
#1322 = EDGE_CURVE('',#664,#1315,#1323,.T.);
#1323 = LINE('',#1324,#1325);
#1324 = CARTESIAN_POINT('',(198.67794320718,92.604630200017,3.8));
#1325 = VECTOR('',#1326,1.);
#1326 = DIRECTION('',(0.,0.,1.));
#1327 = PLANE('',#1328);
#1328 = AXIS2_PLACEMENT_3D('',#1329,#1330,#1331);
#1329 = CARTESIAN_POINT('',(196.3328892442,95.534735772948,3.8));
#1330 = DIRECTION('',(0.780742778993,0.624852553048,0.));
#1331 = DIRECTION('',(0.624852553048,-0.780742778993,0.));
#1332 = ADVANCED_FACE('',(#1333),#1351,.F.);
#1333 = FACE_BOUND('',#1334,.F.);
#1334 = EDGE_LOOP('',(#1335,#1336,#1337,#1345));
#1335 = ORIENTED_EDGE('',*,*,#663,.T.);
#1336 = ORIENTED_EDGE('',*,*,#1322,.T.);
#1337 = ORIENTED_EDGE('',*,*,#1338,.T.);
#1338 = EDGE_CURVE('',#1315,#1339,#1341,.T.);
#1339 = VERTEX_POINT('',#1340);
#1340 = CARTESIAN_POINT('',(200.97927172126,89.640058759137,18.));
#1341 = LINE('',#1342,#1343);
#1342 = CARTESIAN_POINT('',(198.67794320718,92.604630200017,18.));
#1343 = VECTOR('',#1344,1.);
#1344 = DIRECTION('',(0.613201666199,-0.789926399465,0.));
#1345 = ORIENTED_EDGE('',*,*,#1346,.F.);
#1346 = EDGE_CURVE('',#656,#1339,#1347,.T.);
#1347 = LINE('',#1348,#1349);
#1348 = CARTESIAN_POINT('',(200.97927172126,89.640058759137,3.8));
#1349 = VECTOR('',#1350,1.);
#1350 = DIRECTION('',(0.,0.,1.));
#1351 = PLANE('',#1352);
#1352 = AXIS2_PLACEMENT_3D('',#1353,#1354,#1355);
#1353 = CARTESIAN_POINT('',(198.67794320718,92.604630200017,3.8));
#1354 = DIRECTION('',(0.789926399465,0.613201666199,0.));
#1355 = DIRECTION('',(0.613201666199,-0.789926399465,0.));
#1356 = ADVANCED_FACE('',(#1357),#1375,.F.);
#1357 = FACE_BOUND('',#1358,.F.);
#1358 = EDGE_LOOP('',(#1359,#1360,#1361,#1369));
#1359 = ORIENTED_EDGE('',*,*,#655,.T.);
#1360 = ORIENTED_EDGE('',*,*,#1346,.T.);
#1361 = ORIENTED_EDGE('',*,*,#1362,.T.);
#1362 = EDGE_CURVE('',#1339,#1363,#1365,.T.);
#1363 = VERTEX_POINT('',#1364);
#1364 = CARTESIAN_POINT('',(203.23636830534,86.641673899265,18.));
#1365 = LINE('',#1366,#1367);
#1366 = CARTESIAN_POINT('',(200.97927172126,89.640058759137,18.));
#1367 = VECTOR('',#1368,1.);
#1368 = DIRECTION('',(0.60141582467,-0.798936171315,0.));
#1369 = ORIENTED_EDGE('',*,*,#1370,.F.);
#1370 = EDGE_CURVE('',#648,#1363,#1371,.T.);
#1371 = LINE('',#1372,#1373);
#1372 = CARTESIAN_POINT('',(203.23636830534,86.641673899265,3.8));
#1373 = VECTOR('',#1374,1.);
#1374 = DIRECTION('',(0.,0.,1.));
#1375 = PLANE('',#1376);
#1376 = AXIS2_PLACEMENT_3D('',#1377,#1378,#1379);
#1377 = CARTESIAN_POINT('',(200.97927172126,89.640058759137,3.8));
#1378 = DIRECTION('',(0.798936171315,0.60141582467,0.));
#1379 = DIRECTION('',(0.60141582467,-0.798936171315,0.));
#1380 = ADVANCED_FACE('',(#1381),#1399,.F.);
#1381 = FACE_BOUND('',#1382,.F.);
#1382 = EDGE_LOOP('',(#1383,#1384,#1385,#1393));
#1383 = ORIENTED_EDGE('',*,*,#647,.T.);
#1384 = ORIENTED_EDGE('',*,*,#1370,.T.);
#1385 = ORIENTED_EDGE('',*,*,#1386,.T.);
#1386 = EDGE_CURVE('',#1363,#1387,#1389,.T.);
#1387 = VERTEX_POINT('',#1388);
#1388 = CARTESIAN_POINT('',(205.44873621299,83.610135511086,18.));
#1389 = LINE('',#1390,#1391);
#1390 = CARTESIAN_POINT('',(203.23636830534,86.641673899265,18.));
#1391 = VECTOR('',#1392,1.);
#1392 = DIRECTION('',(0.589497622315,-0.807770111656,0.));
#1393 = ORIENTED_EDGE('',*,*,#1394,.F.);
#1394 = EDGE_CURVE('',#640,#1387,#1395,.T.);
#1395 = LINE('',#1396,#1397);
#1396 = CARTESIAN_POINT('',(205.44873621299,83.610135511086,3.8));
#1397 = VECTOR('',#1398,1.);
#1398 = DIRECTION('',(0.,0.,1.));
#1399 = PLANE('',#1400);
#1400 = AXIS2_PLACEMENT_3D('',#1401,#1402,#1403);
#1401 = CARTESIAN_POINT('',(203.23636830534,86.641673899265,3.8));
#1402 = DIRECTION('',(0.807770111656,0.589497622315,0.));
#1403 = DIRECTION('',(0.589497622315,-0.807770111656,0.));
#1404 = ADVANCED_FACE('',(#1405),#1423,.F.);
#1405 = FACE_BOUND('',#1406,.F.);
#1406 = EDGE_LOOP('',(#1407,#1408,#1409,#1417));
#1407 = ORIENTED_EDGE('',*,*,#639,.T.);
#1408 = ORIENTED_EDGE('',*,*,#1394,.T.);
#1409 = ORIENTED_EDGE('',*,*,#1410,.T.);
#1410 = EDGE_CURVE('',#1387,#1411,#1413,.T.);
#1411 = VERTEX_POINT('',#1412);
#1412 = CARTESIAN_POINT('',(207.61588854175,80.546110781781,18.));
#1413 = LINE('',#1414,#1415);
#1414 = CARTESIAN_POINT('',(205.44873621299,83.610135511086,18.));
#1415 = VECTOR('',#1416,1.);
#1416 = DIRECTION('',(0.577449682115,-0.816426276295,0.));
#1417 = ORIENTED_EDGE('',*,*,#1418,.F.);
#1418 = EDGE_CURVE('',#632,#1411,#1419,.T.);
#1419 = LINE('',#1420,#1421);
#1420 = CARTESIAN_POINT('',(207.61588854175,80.546110781781,3.8));
#1421 = VECTOR('',#1422,1.);
#1422 = DIRECTION('',(0.,0.,1.));
#1423 = PLANE('',#1424);
#1424 = AXIS2_PLACEMENT_3D('',#1425,#1426,#1427);
#1425 = CARTESIAN_POINT('',(205.44873621299,83.610135511086,3.8));
#1426 = DIRECTION('',(0.816426276295,0.577449682115,0.));
#1427 = DIRECTION('',(0.577449682115,-0.816426276295,0.));
#1428 = ADVANCED_FACE('',(#1429),#1447,.F.);
#1429 = FACE_BOUND('',#1430,.F.);
#1430 = EDGE_LOOP('',(#1431,#1432,#1433,#1441));
#1431 = ORIENTED_EDGE('',*,*,#631,.T.);
#1432 = ORIENTED_EDGE('',*,*,#1418,.T.);
#1433 = ORIENTED_EDGE('',*,*,#1434,.T.);
#1434 = EDGE_CURVE('',#1411,#1435,#1437,.T.);
#1435 = VERTEX_POINT('',#1436);
#1436 = CARTESIAN_POINT('',(209.73734834027,77.450274048192,18.));
#1437 = LINE('',#1438,#1439);
#1438 = CARTESIAN_POINT('',(207.61588854175,80.546110781781,18.));
#1439 = VECTOR('',#1440,1.);
#1440 = DIRECTION('',(0.565274655605,-0.824902760167,0.));
#1441 = ORIENTED_EDGE('',*,*,#1442,.F.);
#1442 = EDGE_CURVE('',#624,#1435,#1443,.T.);
#1443 = LINE('',#1444,#1445);
#1444 = CARTESIAN_POINT('',(209.73734834027,77.450274048192,3.8));
#1445 = VECTOR('',#1446,1.);
#1446 = DIRECTION('',(0.,0.,1.));
#1447 = PLANE('',#1448);
#1448 = AXIS2_PLACEMENT_3D('',#1449,#1450,#1451);
#1449 = CARTESIAN_POINT('',(207.61588854175,80.546110781781,3.8));
#1450 = DIRECTION('',(0.824902760167,0.565274655605,0.));
#1451 = DIRECTION('',(0.565274655605,-0.824902760167,0.));
#1452 = ADVANCED_FACE('',(#1453),#1471,.F.);
#1453 = FACE_BOUND('',#1454,.F.);
#1454 = EDGE_LOOP('',(#1455,#1456,#1457,#1465));
#1455 = ORIENTED_EDGE('',*,*,#623,.T.);
#1456 = ORIENTED_EDGE('',*,*,#1442,.T.);
#1457 = ORIENTED_EDGE('',*,*,#1458,.T.);
#1458 = EDGE_CURVE('',#1435,#1459,#1461,.T.);
#1459 = VERTEX_POINT('',#1460);
#1460 = CARTESIAN_POINT('',(211.81264871336,74.323306648412,18.));
#1461 = LINE('',#1462,#1463);
#1462 = CARTESIAN_POINT('',(209.73734834027,77.450274048192,18.));
#1463 = VECTOR('',#1464,1.);
#1464 = DIRECTION('',(0.55297522229,-0.833197697748,0.));
#1465 = ORIENTED_EDGE('',*,*,#1466,.F.);
#1466 = EDGE_CURVE('',#616,#1459,#1467,.T.);
#1467 = LINE('',#1468,#1469);
#1468 = CARTESIAN_POINT('',(211.81264871336,74.323306648412,3.8));
#1469 = VECTOR('',#1470,1.);
#1470 = DIRECTION('',(0.,0.,1.));
#1471 = PLANE('',#1472);
#1472 = AXIS2_PLACEMENT_3D('',#1473,#1474,#1475);
#1473 = CARTESIAN_POINT('',(209.73734834027,77.450274048192,3.8));
#1474 = DIRECTION('',(0.833197697748,0.55297522229,0.));
#1475 = DIRECTION('',(0.55297522229,-0.833197697748,0.));
#1476 = ADVANCED_FACE('',(#1477),#1495,.F.);
#1477 = FACE_BOUND('',#1478,.F.);
#1478 = EDGE_LOOP('',(#1479,#1480,#1481,#1489));
#1479 = ORIENTED_EDGE('',*,*,#615,.T.);
#1480 = ORIENTED_EDGE('',*,*,#1466,.T.);
#1481 = ORIENTED_EDGE('',*,*,#1482,.T.);
#1482 = EDGE_CURVE('',#1459,#1483,#1485,.T.);
#1483 = VERTEX_POINT('',#1484);
#1484 = CARTESIAN_POINT('',(213.84133292463,71.165896771833,18.));
#1485 = LINE('',#1486,#1487);
#1486 = CARTESIAN_POINT('',(211.81264871336,74.323306648412,18.));
#1487 = VECTOR('',#1488,1.);
#1488 = DIRECTION('',(0.540554089056,-0.841309263473,0.));
#1489 = ORIENTED_EDGE('',*,*,#1490,.F.);
#1490 = EDGE_CURVE('',#608,#1483,#1491,.T.);
#1491 = LINE('',#1492,#1493);
#1492 = CARTESIAN_POINT('',(213.84133292463,71.165896771833,3.8));
#1493 = VECTOR('',#1494,1.);
#1494 = DIRECTION('',(0.,0.,1.));
#1495 = PLANE('',#1496);
#1496 = AXIS2_PLACEMENT_3D('',#1497,#1498,#1499);
#1497 = CARTESIAN_POINT('',(211.81264871336,74.323306648412,3.8));
#1498 = DIRECTION('',(0.841309263473,0.540554089056,0.));
#1499 = DIRECTION('',(0.540554089056,-0.841309263473,0.));
#1500 = ADVANCED_FACE('',(#1501),#1519,.F.);
#1501 = FACE_BOUND('',#1502,.F.);
#1502 = EDGE_LOOP('',(#1503,#1504,#1505,#1513));
#1503 = ORIENTED_EDGE('',*,*,#607,.T.);
#1504 = ORIENTED_EDGE('',*,*,#1490,.T.);
#1505 = ORIENTED_EDGE('',*,*,#1506,.T.);
#1506 = EDGE_CURVE('',#1483,#1507,#1509,.T.);
#1507 = VERTEX_POINT('',#1508);
#1508 = CARTESIAN_POINT('',(215.82295449713,67.978739307693,18.));
#1509 = LINE('',#1510,#1511);
#1510 = CARTESIAN_POINT('',(213.84133292463,71.165896771833,18.));
#1511 = VECTOR('',#1512,1.);
#1512 = DIRECTION('',(0.528013989569,-0.849235672131,0.));
#1513 = ORIENTED_EDGE('',*,*,#1514,.F.);
#1514 = EDGE_CURVE('',#600,#1507,#1515,.T.);
#1515 = LINE('',#1516,#1517);
#1516 = CARTESIAN_POINT('',(215.82295449713,67.978739307693,3.8));
#1517 = VECTOR('',#1518,1.);
#1518 = DIRECTION('',(0.,0.,1.));
#1519 = PLANE('',#1520);
#1520 = AXIS2_PLACEMENT_3D('',#1521,#1522,#1523);
#1521 = CARTESIAN_POINT('',(213.84133292463,71.165896771833,3.8));
#1522 = DIRECTION('',(0.849235672131,0.528013989569,0.));
#1523 = DIRECTION('',(0.528013989569,-0.849235672131,0.));
#1524 = ADVANCED_FACE('',(#1525),#1543,.F.);
#1525 = FACE_BOUND('',#1526,.F.);
#1526 = EDGE_LOOP('',(#1527,#1528,#1529,#1537));
#1527 = ORIENTED_EDGE('',*,*,#599,.T.);
#1528 = ORIENTED_EDGE('',*,*,#1514,.T.);
#1529 = ORIENTED_EDGE('',*,*,#1530,.T.);
#1530 = EDGE_CURVE('',#1507,#1531,#1533,.T.);
#1531 = VERTEX_POINT('',#1532);
#1532 = CARTESIAN_POINT('',(217.75707731151,64.762535692137,18.));
#1533 = LINE('',#1534,#1535);
#1534 = CARTESIAN_POINT('',(215.82295449713,67.978739307693,18.));
#1535 = VECTOR('',#1536,1.);
#1536 = DIRECTION('',(0.515357683682,-0.856975179261,0.));
#1537 = ORIENTED_EDGE('',*,*,#1538,.F.);
#1538 = EDGE_CURVE('',#592,#1531,#1539,.T.);
#1539 = LINE('',#1540,#1541);
#1540 = CARTESIAN_POINT('',(217.75707731151,64.762535692137,3.8));
#1541 = VECTOR('',#1542,1.);
#1542 = DIRECTION('',(0.,0.,1.));
#1543 = PLANE('',#1544);
#1544 = AXIS2_PLACEMENT_3D('',#1545,#1546,#1547);
#1545 = CARTESIAN_POINT('',(215.82295449713,67.978739307693,3.8));
#1546 = DIRECTION('',(0.856975179261,0.515357683682,0.));
#1547 = DIRECTION('',(0.515357683682,-0.856975179261,0.));
#1548 = ADVANCED_FACE('',(#1549),#1567,.F.);
#1549 = FACE_BOUND('',#1550,.F.);
#1550 = EDGE_LOOP('',(#1551,#1552,#1553,#1561));
#1551 = ORIENTED_EDGE('',*,*,#591,.T.);
#1552 = ORIENTED_EDGE('',*,*,#1538,.T.);
#1553 = ORIENTED_EDGE('',*,*,#1554,.T.);
#1554 = EDGE_CURVE('',#1531,#1555,#1557,.T.);
#1555 = VERTEX_POINT('',#1556);
#1556 = CARTESIAN_POINT('',(219.64327570205,61.517993753848,18.));
#1557 = LINE('',#1558,#1559);
#1558 = CARTESIAN_POINT('',(217.75707731151,64.762535692137,18.));
#1559 = VECTOR('',#1560,1.);
#1560 = DIRECTION('',(0.50258795682,-0.864526081538,0.));
#1561 = ORIENTED_EDGE('',*,*,#1562,.F.);
#1562 = EDGE_CURVE('',#584,#1555,#1563,.T.);
#1563 = LINE('',#1564,#1565);
#1564 = CARTESIAN_POINT('',(219.64327570205,61.517993753848,3.8));
#1565 = VECTOR('',#1566,1.);
#1566 = DIRECTION('',(0.,0.,1.));
#1567 = PLANE('',#1568);
#1568 = AXIS2_PLACEMENT_3D('',#1569,#1570,#1571);
#1569 = CARTESIAN_POINT('',(217.75707731151,64.762535692137,3.8));
#1570 = DIRECTION('',(0.864526081538,0.50258795682,0.));
#1571 = DIRECTION('',(0.50258795682,-0.864526081538,0.));
#1572 = ADVANCED_FACE('',(#1573),#1591,.F.);
#1573 = FACE_BOUND('',#1574,.F.);
#1574 = EDGE_LOOP('',(#1575,#1576,#1577,#1585));
#1575 = ORIENTED_EDGE('',*,*,#583,.T.);
#1576 = ORIENTED_EDGE('',*,*,#1562,.T.);
#1577 = ORIENTED_EDGE('',*,*,#1578,.T.);
#1578 = EDGE_CURVE('',#1555,#1579,#1581,.T.);
#1579 = VERTEX_POINT('',#1580);
#1580 = CARTESIAN_POINT('',(221.48113455036,58.245827558266,18.));
#1581 = LINE('',#1582,#1583);
#1582 = CARTESIAN_POINT('',(219.64327570205,61.517993753848,18.));
#1583 = VECTOR('',#1584,1.);
#1584 = DIRECTION('',(0.48970761937,-0.871886717143,0.));
#1585 = ORIENTED_EDGE('',*,*,#1586,.F.);
#1586 = EDGE_CURVE('',#576,#1579,#1587,.T.);
#1587 = LINE('',#1588,#1589);
#1588 = CARTESIAN_POINT('',(221.48113455036,58.245827558266,3.8));
#1589 = VECTOR('',#1590,1.);
#1590 = DIRECTION('',(0.,0.,1.));
#1591 = PLANE('',#1592);
#1592 = AXIS2_PLACEMENT_3D('',#1593,#1594,#1595);
#1593 = CARTESIAN_POINT('',(219.64327570205,61.517993753848,3.8));
#1594 = DIRECTION('',(0.871886717143,0.48970761937,0.));
#1595 = DIRECTION('',(0.48970761937,-0.871886717143,0.));
#1596 = ADVANCED_FACE('',(#1597),#1615,.F.);
#1597 = FACE_BOUND('',#1598,.F.);
#1598 = EDGE_LOOP('',(#1599,#1600,#1601,#1609));
#1599 = ORIENTED_EDGE('',*,*,#575,.T.);
#1600 = ORIENTED_EDGE('',*,*,#1586,.T.);
#1601 = ORIENTED_EDGE('',*,*,#1602,.T.);
#1602 = EDGE_CURVE('',#1579,#1603,#1605,.T.);
#1603 = VERTEX_POINT('',#1604);
#1604 = CARTESIAN_POINT('',(223.27024937668,54.946757250432,18.));
#1605 = LINE('',#1606,#1607);
#1606 = CARTESIAN_POINT('',(221.48113455036,58.245827558266,18.));
#1607 = VECTOR('',#1608,1.);
#1608 = DIRECTION('',(0.476719506064,-0.879055466133,0.));
#1609 = ORIENTED_EDGE('',*,*,#1610,.F.);
#1610 = EDGE_CURVE('',#568,#1603,#1611,.T.);
#1611 = LINE('',#1612,#1613);
#1612 = CARTESIAN_POINT('',(223.27024937668,54.946757250432,3.8));
#1613 = VECTOR('',#1614,1.);
#1614 = DIRECTION('',(0.,0.,1.));
#1615 = PLANE('',#1616);
#1616 = AXIS2_PLACEMENT_3D('',#1617,#1618,#1619);
#1617 = CARTESIAN_POINT('',(221.48113455036,58.245827558266,3.8));
#1618 = DIRECTION('',(0.879055466133,0.476719506064,0.));
#1619 = DIRECTION('',(0.476719506064,-0.879055466133,0.));
#1620 = ADVANCED_FACE('',(#1621),#1639,.F.);
#1621 = FACE_BOUND('',#1622,.F.);
#1622 = EDGE_LOOP('',(#1623,#1624,#1625,#1633));
#1623 = ORIENTED_EDGE('',*,*,#567,.T.);
#1624 = ORIENTED_EDGE('',*,*,#1610,.T.);
#1625 = ORIENTED_EDGE('',*,*,#1626,.T.);
#1626 = EDGE_CURVE('',#1603,#1627,#1629,.T.);
#1627 = VERTEX_POINT('',#1628);
#1628 = CARTESIAN_POINT('',(225.01022642897,51.6215088965,18.));
#1629 = LINE('',#1630,#1631);
#1630 = CARTESIAN_POINT('',(223.27024937668,54.946757250432,18.));
#1631 = VECTOR('',#1632,1.);
#1632 = DIRECTION('',(0.463626475352,-0.886030750794,0.));
#1633 = ORIENTED_EDGE('',*,*,#1634,.F.);
#1634 = EDGE_CURVE('',#560,#1627,#1635,.T.);
#1635 = LINE('',#1636,#1637);
#1636 = CARTESIAN_POINT('',(225.01022642897,51.6215088965,3.8));
#1637 = VECTOR('',#1638,1.);
#1638 = DIRECTION('',(0.,0.,1.));
#1639 = PLANE('',#1640);
#1640 = AXIS2_PLACEMENT_3D('',#1641,#1642,#1643);
#1641 = CARTESIAN_POINT('',(223.27024937668,54.946757250432,3.8));
#1642 = DIRECTION('',(0.886030750794,0.463626475352,0.));
#1643 = DIRECTION('',(0.463626475352,-0.886030750794,0.));
#1644 = ADVANCED_FACE('',(#1645),#1663,.F.);
#1645 = FACE_BOUND('',#1646,.F.);
#1646 = EDGE_LOOP('',(#1647,#1648,#1649,#1657));
#1647 = ORIENTED_EDGE('',*,*,#559,.T.);
#1648 = ORIENTED_EDGE('',*,*,#1634,.T.);
#1649 = ORIENTED_EDGE('',*,*,#1650,.T.);
#1650 = EDGE_CURVE('',#1627,#1651,#1653,.T.);
#1651 = VERTEX_POINT('',#1652);
#1652 = CARTESIAN_POINT('',(226.7006827695,48.270814323944,18.));
#1653 = LINE('',#1654,#1655);
#1654 = CARTESIAN_POINT('',(225.01022642897,51.6215088965,18.));
#1655 = VECTOR('',#1656,1.);
#1656 = DIRECTION('',(0.450431408775,-0.892811035992,0.));
#1657 = ORIENTED_EDGE('',*,*,#1658,.F.);
#1658 = EDGE_CURVE('',#552,#1651,#1659,.T.);
#1659 = LINE('',#1660,#1661);
#1660 = CARTESIAN_POINT('',(226.7006827695,48.270814323944,3.8));
#1661 = VECTOR('',#1662,1.);
#1662 = DIRECTION('',(0.,0.,1.));
#1663 = PLANE('',#1664);
#1664 = AXIS2_PLACEMENT_3D('',#1665,#1666,#1667);
#1665 = CARTESIAN_POINT('',(225.01022642897,51.6215088965,3.8));
#1666 = DIRECTION('',(0.892811035992,0.450431408775,0.));
#1667 = DIRECTION('',(0.450431408775,-0.892811035992,0.));
#1668 = ADVANCED_FACE('',(#1669),#1687,.F.);
#1669 = FACE_BOUND('',#1670,.F.);
#1670 = EDGE_LOOP('',(#1671,#1672,#1673,#1681));
#1671 = ORIENTED_EDGE('',*,*,#551,.T.);
#1672 = ORIENTED_EDGE('',*,*,#1658,.T.);
#1673 = ORIENTED_EDGE('',*,*,#1674,.T.);
#1674 = EDGE_CURVE('',#1651,#1675,#1677,.T.);
#1675 = VERTEX_POINT('',#1676);
#1676 = CARTESIAN_POINT('',(228.34124635918,44.89541096049,18.));
#1677 = LINE('',#1678,#1679);
#1678 = CARTESIAN_POINT('',(226.7006827695,48.270814323944,18.));
#1679 = VECTOR('',#1680,1.);
#1680 = DIRECTION('',(0.43713721033,-0.899394829508,0.));
#1681 = ORIENTED_EDGE('',*,*,#1682,.F.);
#1682 = EDGE_CURVE('',#544,#1675,#1683,.T.);
#1683 = LINE('',#1684,#1685);
#1684 = CARTESIAN_POINT('',(228.34124635918,44.89541096049,3.8));
#1685 = VECTOR('',#1686,1.);
#1686 = DIRECTION('',(0.,0.,1.));
#1687 = PLANE('',#1688);
#1688 = AXIS2_PLACEMENT_3D('',#1689,#1690,#1691);
#1689 = CARTESIAN_POINT('',(226.7006827695,48.270814323944,3.8));
#1690 = DIRECTION('',(0.899394829508,0.43713721033,0.));
#1691 = DIRECTION('',(0.43713721033,-0.899394829508,0.));
#1692 = ADVANCED_FACE('',(#1693),#1711,.F.);
#1693 = FACE_BOUND('',#1694,.F.);
#1694 = EDGE_LOOP('',(#1695,#1696,#1697,#1705));
#1695 = ORIENTED_EDGE('',*,*,#543,.T.);
#1696 = ORIENTED_EDGE('',*,*,#1682,.T.);
#1697 = ORIENTED_EDGE('',*,*,#1698,.T.);
#1698 = EDGE_CURVE('',#1675,#1699,#1701,.T.);
#1699 = VERTEX_POINT('',#1700);
#1700 = CARTESIAN_POINT('',(229.93155613942,41.496041671829,18.));
#1701 = LINE('',#1702,#1703);
#1702 = CARTESIAN_POINT('',(228.34124635918,44.89541096049,18.));
#1703 = VECTOR('',#1704,1.);
#1704 = DIRECTION('',(0.423746805832,-0.905780682366,0.));
#1705 = ORIENTED_EDGE('',*,*,#1706,.F.);
#1706 = EDGE_CURVE('',#536,#1699,#1707,.T.);
#1707 = LINE('',#1708,#1709);
#1708 = CARTESIAN_POINT('',(229.93155613942,41.496041671829,3.8));
#1709 = VECTOR('',#1710,1.);
#1710 = DIRECTION('',(0.,0.,1.));
#1711 = PLANE('',#1712);
#1712 = AXIS2_PLACEMENT_3D('',#1713,#1714,#1715);
#1713 = CARTESIAN_POINT('',(228.34124635918,44.89541096049,3.8));
#1714 = DIRECTION('',(0.905780682366,0.423746805832,0.));
#1715 = DIRECTION('',(0.423746805832,-0.905780682366,0.));
#1716 = ADVANCED_FACE('',(#1717),#1735,.F.);
#1717 = FACE_BOUND('',#1718,.F.);
#1718 = EDGE_LOOP('',(#1719,#1720,#1721,#1729));
#1719 = ORIENTED_EDGE('',*,*,#535,.T.);
#1720 = ORIENTED_EDGE('',*,*,#1706,.T.);
#1721 = ORIENTED_EDGE('',*,*,#1722,.T.);
#1722 = EDGE_CURVE('',#1699,#1723,#1725,.T.);
#1723 = VERTEX_POINT('',#1724);
#1724 = CARTESIAN_POINT('',(231.47126211157,38.07345459812,18.));
#1725 = LINE('',#1726,#1727);
#1726 = CARTESIAN_POINT('',(229.93155613942,41.496041671829,18.));
#1727 = VECTOR('',#1728,1.);
#1728 = DIRECTION('',(0.410263142269,-0.911967189155,0.));
#1729 = ORIENTED_EDGE('',*,*,#1730,.F.);
#1730 = EDGE_CURVE('',#528,#1723,#1731,.T.);
#1731 = LINE('',#1732,#1733);
#1732 = CARTESIAN_POINT('',(231.47126211157,38.07345459812,3.8));
#1733 = VECTOR('',#1734,1.);
#1734 = DIRECTION('',(0.,0.,1.));
#1735 = PLANE('',#1736);
#1736 = AXIS2_PLACEMENT_3D('',#1737,#1738,#1739);
#1737 = CARTESIAN_POINT('',(229.93155613942,41.496041671829,3.8));
#1738 = DIRECTION('',(0.911967189155,0.410263142269,0.));
#1739 = DIRECTION('',(0.410263142269,-0.911967189155,0.));
#1740 = ADVANCED_FACE('',(#1741),#1759,.F.);
#1741 = FACE_BOUND('',#1742,.F.);
#1742 = EDGE_LOOP('',(#1743,#1744,#1745,#1753));
#1743 = ORIENTED_EDGE('',*,*,#527,.T.);
#1744 = ORIENTED_EDGE('',*,*,#1730,.T.);
#1745 = ORIENTED_EDGE('',*,*,#1746,.T.);
#1746 = EDGE_CURVE('',#1723,#1747,#1749,.T.);
#1747 = VERTEX_POINT('',#1748);
#1748 = CARTESIAN_POINT('',(232.960025414,34.628402989341,18.));
#1749 = LINE('',#1750,#1751);
#1750 = CARTESIAN_POINT('',(231.47126211157,38.07345459812,18.));
#1751 = VECTOR('',#1752,1.);
#1752 = DIRECTION('',(0.396689187153,-0.917952988336,0.));
#1753 = ORIENTED_EDGE('',*,*,#1754,.F.);
#1754 = EDGE_CURVE('',#520,#1747,#1755,.T.);
#1755 = LINE('',#1756,#1757);
#1756 = CARTESIAN_POINT('',(232.960025414,34.628402989341,3.8));
#1757 = VECTOR('',#1758,1.);
#1758 = DIRECTION('',(0.,0.,1.));
#1759 = PLANE('',#1760);
#1760 = AXIS2_PLACEMENT_3D('',#1761,#1762,#1763);
#1761 = CARTESIAN_POINT('',(231.47126211157,38.07345459812,3.8));
#1762 = DIRECTION('',(0.917952988336,0.396689187153,0.));
#1763 = DIRECTION('',(0.396689187153,-0.917952988336,0.));
#1764 = ADVANCED_FACE('',(#1765),#1783,.F.);
#1765 = FACE_BOUND('',#1766,.F.);
#1766 = EDGE_LOOP('',(#1767,#1768,#1769,#1777));
#1767 = ORIENTED_EDGE('',*,*,#519,.T.);
#1768 = ORIENTED_EDGE('',*,*,#1754,.T.);
#1769 = ORIENTED_EDGE('',*,*,#1770,.T.);
#1770 = EDGE_CURVE('',#1747,#1771,#1773,.T.);
#1771 = VERTEX_POINT('',#1772);
#1772 = CARTESIAN_POINT('',(234.39751839662,31.161645039509,18.));
#1773 = LINE('',#1774,#1775);
#1774 = CARTESIAN_POINT('',(232.960025414,34.628402989341,18.));
#1775 = VECTOR('',#1776,1.);
#1776 = DIRECTION('',(0.383027927868,-0.923736762543,0.));
#1777 = ORIENTED_EDGE('',*,*,#1778,.F.);
#1778 = EDGE_CURVE('',#512,#1771,#1779,.T.);
#1779 = LINE('',#1780,#1781);
#1780 = CARTESIAN_POINT('',(234.39751839662,31.161645039509,3.8));
#1781 = VECTOR('',#1782,1.);
#1782 = DIRECTION('',(0.,0.,1.));
#1783 = PLANE('',#1784);
#1784 = AXIS2_PLACEMENT_3D('',#1785,#1786,#1787);
#1785 = CARTESIAN_POINT('',(232.960025414,34.628402989341,3.8));
#1786 = DIRECTION('',(0.923736762543,0.383027927868,0.));
#1787 = DIRECTION('',(0.383027927868,-0.923736762543,0.));
#1788 = ADVANCED_FACE('',(#1789),#1807,.F.);
#1789 = FACE_BOUND('',#1790,.F.);
#1790 = EDGE_LOOP('',(#1791,#1792,#1793,#1801));
#1791 = ORIENTED_EDGE('',*,*,#511,.T.);
#1792 = ORIENTED_EDGE('',*,*,#1778,.T.);
#1793 = ORIENTED_EDGE('',*,*,#1794,.T.);
#1794 = EDGE_CURVE('',#1771,#1795,#1797,.T.);
#1795 = VERTEX_POINT('',#1796);
#1796 = CARTESIAN_POINT('',(235.78342469303,27.673943719819,18.));
#1797 = LINE('',#1798,#1799);
#1798 = CARTESIAN_POINT('',(234.39751839662,31.161645039509,18.));
#1799 = VECTOR('',#1800,1.);
#1800 = DIRECTION('',(0.369282371011,-0.92931723887,0.));
#1801 = ORIENTED_EDGE('',*,*,#1802,.F.);
#1802 = EDGE_CURVE('',#504,#1795,#1803,.T.);
#1803 = LINE('',#1804,#1805);
#1804 = CARTESIAN_POINT('',(235.78342469303,27.673943719819,3.8));
#1805 = VECTOR('',#1806,1.);
#1806 = DIRECTION('',(0.,0.,1.));
#1807 = PLANE('',#1808);
#1808 = AXIS2_PLACEMENT_3D('',#1809,#1810,#1811);
#1809 = CARTESIAN_POINT('',(234.39751839662,31.161645039509,3.8));
#1810 = DIRECTION('',(0.92931723887,0.369282371011,0.));
#1811 = DIRECTION('',(0.369282371011,-0.92931723887,0.));
#1812 = ADVANCED_FACE('',(#1813),#1831,.F.);
#1813 = FACE_BOUND('',#1814,.F.);
#1814 = EDGE_LOOP('',(#1815,#1816,#1817,#1825));
#1815 = ORIENTED_EDGE('',*,*,#503,.T.);
#1816 = ORIENTED_EDGE('',*,*,#1802,.T.);
#1817 = ORIENTED_EDGE('',*,*,#1818,.T.);
#1818 = EDGE_CURVE('',#1795,#1819,#1821,.T.);
#1819 = VERTEX_POINT('',#1820);
#1820 = CARTESIAN_POINT('',(237.11743929014,24.166066610724,18.));
#1821 = LINE('',#1822,#1823);
#1822 = CARTESIAN_POINT('',(235.78342469303,27.673943719819,18.));
#1823 = VECTOR('',#1824,1.);
#1824 = DIRECTION('',(0.355455541733,-0.934693189154,0.));
#1825 = ORIENTED_EDGE('',*,*,#1826,.F.);
#1826 = EDGE_CURVE('',#496,#1819,#1827,.T.);
#1827 = LINE('',#1828,#1829);
#1828 = CARTESIAN_POINT('',(237.11743929014,24.166066610724,3.8));
#1829 = VECTOR('',#1830,1.);
#1830 = DIRECTION('',(0.,0.,1.));
#1831 = PLANE('',#1832);
#1832 = AXIS2_PLACEMENT_3D('',#1833,#1834,#1835);
#1833 = CARTESIAN_POINT('',(235.78342469303,27.673943719819,3.8));
#1834 = DIRECTION('',(0.934693189154,0.355455541733,0.));
#1835 = DIRECTION('',(0.355455541733,-0.934693189154,0.));
#1836 = ADVANCED_FACE('',(#1837),#1855,.F.);
#1837 = FACE_BOUND('',#1838,.F.);
#1838 = EDGE_LOOP('',(#1839,#1840,#1841,#1849));
#1839 = ORIENTED_EDGE('',*,*,#495,.T.);
#1840 = ORIENTED_EDGE('',*,*,#1826,.T.);
#1841 = ORIENTED_EDGE('',*,*,#1842,.T.);
#1842 = EDGE_CURVE('',#1819,#1843,#1845,.T.);
#1843 = VERTEX_POINT('',#1844);
#1844 = CARTESIAN_POINT('',(238.39926859527,20.638785733007,18.));
#1845 = LINE('',#1846,#1847);
#1846 = CARTESIAN_POINT('',(237.11743929014,24.166066610724,18.));
#1847 = VECTOR('',#1848,1.);
#1848 = DIRECTION('',(0.341550483072,-0.939863430246,0.));
#1849 = ORIENTED_EDGE('',*,*,#1850,.F.);
#1850 = EDGE_CURVE('',#488,#1843,#1851,.T.);
#1851 = LINE('',#1852,#1853);
#1852 = CARTESIAN_POINT('',(238.39926859527,20.638785733007,3.8));
#1853 = VECTOR('',#1854,1.);
#1854 = DIRECTION('',(0.,0.,1.));
#1855 = PLANE('',#1856);
#1856 = AXIS2_PLACEMENT_3D('',#1857,#1858,#1859);
#1857 = CARTESIAN_POINT('',(237.11743929014,24.166066610724,3.8));
#1858 = DIRECTION('',(0.939863430246,0.341550483072,0.));
#1859 = DIRECTION('',(0.341550483072,-0.939863430246,0.));
#1860 = ADVANCED_FACE('',(#1861),#1879,.F.);
#1861 = FACE_BOUND('',#1862,.F.);
#1862 = EDGE_LOOP('',(#1863,#1864,#1865,#1873));
#1863 = ORIENTED_EDGE('',*,*,#487,.T.);
#1864 = ORIENTED_EDGE('',*,*,#1850,.T.);
#1865 = ORIENTED_EDGE('',*,*,#1866,.T.);
#1866 = EDGE_CURVE('',#1843,#1867,#1869,.T.);
#1867 = VERTEX_POINT('',#1868);
#1868 = CARTESIAN_POINT('',(239.62863050081,17.092877377874,18.));
#1869 = LINE('',#1870,#1871);
#1870 = CARTESIAN_POINT('',(238.39926859527,20.638785733007,18.));
#1871 = VECTOR('',#1872,1.);
#1872 = DIRECTION('',(0.32757025528,-0.944826824268,0.));
#1873 = ORIENTED_EDGE('',*,*,#1874,.F.);
#1874 = EDGE_CURVE('',#480,#1867,#1875,.T.);
#1875 = LINE('',#1876,#1877);
#1876 = CARTESIAN_POINT('',(239.62863050081,17.092877377874,3.8));
#1877 = VECTOR('',#1878,1.);
#1878 = DIRECTION('',(0.,0.,1.));
#1879 = PLANE('',#1880);
#1880 = AXIS2_PLACEMENT_3D('',#1881,#1882,#1883);
#1881 = CARTESIAN_POINT('',(238.39926859527,20.638785733007,3.8));
#1882 = DIRECTION('',(0.944826824268,0.32757025528,0.));
#1883 = DIRECTION('',(0.32757025528,-0.944826824268,0.));
#1884 = ADVANCED_FACE('',(#1885),#1903,.F.);
#1885 = FACE_BOUND('',#1886,.F.);
#1886 = EDGE_LOOP('',(#1887,#1888,#1889,#1897));
#1887 = ORIENTED_EDGE('',*,*,#479,.T.);
#1888 = ORIENTED_EDGE('',*,*,#1874,.T.);
#1889 = ORIENTED_EDGE('',*,*,#1890,.T.);
#1890 = EDGE_CURVE('',#1867,#1891,#1893,.T.);
#1891 = VERTEX_POINT('',#1892);
#1892 = CARTESIAN_POINT('',(240.80525444627,13.5291219361,18.));
#1893 = LINE('',#1894,#1895);
#1894 = CARTESIAN_POINT('',(239.62863050081,17.092877377874,18.));
#1895 = VECTOR('',#1896,1.);
#1896 = DIRECTION('',(0.313517935154,-0.949582278866,0.));
#1897 = ORIENTED_EDGE('',*,*,#1898,.F.);
#1898 = EDGE_CURVE('',#472,#1891,#1899,.T.);
#1899 = LINE('',#1900,#1901);
#1900 = CARTESIAN_POINT('',(240.80525444627,13.5291219361,3.8));
#1901 = VECTOR('',#1902,1.);
#1902 = DIRECTION('',(0.,0.,1.));
#1903 = PLANE('',#1904);
#1904 = AXIS2_PLACEMENT_3D('',#1905,#1906,#1907);
#1905 = CARTESIAN_POINT('',(239.62863050081,17.092877377874,3.8));
#1906 = DIRECTION('',(0.949582278866,0.313517935154,0.));
#1907 = DIRECTION('',(0.313517935154,-0.949582278866,0.));
#1908 = ADVANCED_FACE('',(#1909),#1927,.F.);
#1909 = FACE_BOUND('',#1910,.F.);
#1910 = EDGE_LOOP('',(#1911,#1912,#1913,#1921));
#1911 = ORIENTED_EDGE('',*,*,#471,.T.);
#1912 = ORIENTED_EDGE('',*,*,#1898,.T.);
#1913 = ORIENTED_EDGE('',*,*,#1914,.T.);
#1914 = EDGE_CURVE('',#1891,#1915,#1917,.T.);
#1915 = VERTEX_POINT('',#1916);
#1916 = CARTESIAN_POINT('',(241.92888147785,9.948303726288,18.));
#1917 = LINE('',#1918,#1919);
#1918 = CARTESIAN_POINT('',(240.80525444627,13.5291219361,18.));
#1919 = VECTOR('',#1920,1.);
#1920 = DIRECTION('',(0.29939661536,-0.95412874745,0.));
#1921 = ORIENTED_EDGE('',*,*,#1922,.F.);
#1922 = EDGE_CURVE('',#464,#1915,#1923,.T.);
#1923 = LINE('',#1924,#1925);
#1924 = CARTESIAN_POINT('',(241.92888147785,9.948303726288,3.8));
#1925 = VECTOR('',#1926,1.);
#1926 = DIRECTION('',(0.,0.,1.));
#1927 = PLANE('',#1928);
#1928 = AXIS2_PLACEMENT_3D('',#1929,#1930,#1931);
#1929 = CARTESIAN_POINT('',(240.80525444627,13.5291219361,3.8));
#1930 = DIRECTION('',(0.95412874745,0.29939661536,0.));
#1931 = DIRECTION('',(0.29939661536,-0.95412874745,0.));
#1932 = ADVANCED_FACE('',(#1933),#1951,.F.);
#1933 = FACE_BOUND('',#1934,.F.);
#1934 = EDGE_LOOP('',(#1935,#1936,#1937,#1945));
#1935 = ORIENTED_EDGE('',*,*,#463,.T.);
#1936 = ORIENTED_EDGE('',*,*,#1922,.T.);
#1937 = ORIENTED_EDGE('',*,*,#1938,.T.);
#1938 = EDGE_CURVE('',#1915,#1939,#1941,.T.);
#1939 = VERTEX_POINT('',#1940);
#1940 = CARTESIAN_POINT('',(242.99926430539,6.351210822246,18.));
#1941 = LINE('',#1942,#1943);
#1942 = CARTESIAN_POINT('',(241.92888147785,9.948303726288,18.));
#1943 = VECTOR('',#1944,1.);
#1944 = DIRECTION('',(0.285209403744,-0.958465229425,0.));
#1945 = ORIENTED_EDGE('',*,*,#1946,.F.);
#1946 = EDGE_CURVE('',#456,#1939,#1947,.T.);
#1947 = LINE('',#1948,#1949);
#1948 = CARTESIAN_POINT('',(242.99926430539,6.351210822246,3.8));
#1949 = VECTOR('',#1950,1.);
#1950 = DIRECTION('',(0.,0.,1.));
#1951 = PLANE('',#1952);
#1952 = AXIS2_PLACEMENT_3D('',#1953,#1954,#1955);
#1953 = CARTESIAN_POINT('',(241.92888147785,9.948303726288,3.8));
#1954 = DIRECTION('',(0.958465229425,0.285209403744,0.));
#1955 = DIRECTION('',(0.285209403744,-0.958465229425,0.));
#1956 = ADVANCED_FACE('',(#1957),#1975,.F.);
#1957 = FACE_BOUND('',#1958,.F.);
#1958 = EDGE_LOOP('',(#1959,#1960,#1961,#1969));
#1959 = ORIENTED_EDGE('',*,*,#455,.T.);
#1960 = ORIENTED_EDGE('',*,*,#1946,.T.);
#1961 = ORIENTED_EDGE('',*,*,#1962,.T.);
#1962 = EDGE_CURVE('',#1939,#1963,#1965,.T.);
#1963 = VERTEX_POINT('',#1964);
#1964 = CARTESIAN_POINT('',(244.01616735686,2.738634879554,18.));
#1965 = LINE('',#1966,#1967);
#1966 = CARTESIAN_POINT('',(242.99926430539,6.351210822246,18.));
#1967 = VECTOR('',#1968,1.);
#1968 = DIRECTION('',(0.270959422659,-0.962590770407,0.));
#1969 = ORIENTED_EDGE('',*,*,#1970,.F.);
#1970 = EDGE_CURVE('',#448,#1963,#1971,.T.);
#1971 = LINE('',#1972,#1973);
#1972 = CARTESIAN_POINT('',(244.01616735686,2.738634879554,3.8));
#1973 = VECTOR('',#1974,1.);
#1974 = DIRECTION('',(0.,0.,1.));
#1975 = PLANE('',#1976);
#1976 = AXIS2_PLACEMENT_3D('',#1977,#1978,#1979);
#1977 = CARTESIAN_POINT('',(242.99926430539,6.351210822246,3.8));
#1978 = DIRECTION('',(0.962590770407,0.270959422659,0.));
#1979 = DIRECTION('',(0.270959422659,-0.962590770407,0.));
#1980 = ADVANCED_FACE('',(#1981),#1999,.F.);
#1981 = FACE_BOUND('',#1982,.F.);
#1982 = EDGE_LOOP('',(#1983,#1984,#1985,#1993));
#1983 = ORIENTED_EDGE('',*,*,#447,.T.);
#1984 = ORIENTED_EDGE('',*,*,#1970,.T.);
#1985 = ORIENTED_EDGE('',*,*,#1986,.T.);
#1986 = EDGE_CURVE('',#1963,#1987,#1989,.T.);
#1987 = VERTEX_POINT('',#1988);
#1988 = CARTESIAN_POINT('',(244.97936683015,-0.888629038672,18.));
#1989 = LINE('',#1990,#1991);
#1990 = CARTESIAN_POINT('',(244.01616735686,2.738634879554,18.));
#1991 = VECTOR('',#1992,1.);
#1992 = DIRECTION('',(0.256649808268,-0.96650446244,0.));
#1993 = ORIENTED_EDGE('',*,*,#1994,.F.);
#1994 = EDGE_CURVE('',#440,#1987,#1995,.T.);
#1995 = LINE('',#1996,#1997);
#1996 = CARTESIAN_POINT('',(244.97936683015,-0.888629038672,3.8));
#1997 = VECTOR('',#1998,1.);
#1998 = DIRECTION('',(0.,0.,1.));
#1999 = PLANE('',#2000);
#2000 = AXIS2_PLACEMENT_3D('',#2001,#2002,#2003);
#2001 = CARTESIAN_POINT('',(244.01616735686,2.738634879554,3.8));
#2002 = DIRECTION('',(0.96650446244,0.256649808268,0.));
#2003 = DIRECTION('',(0.256649808268,-0.96650446244,0.));
#2004 = ADVANCED_FACE('',(#2005),#2023,.F.);
#2005 = FACE_BOUND('',#2006,.F.);
#2006 = EDGE_LOOP('',(#2007,#2008,#2009,#2017));
#2007 = ORIENTED_EDGE('',*,*,#439,.T.);
#2008 = ORIENTED_EDGE('',*,*,#1994,.T.);
#2009 = ORIENTED_EDGE('',*,*,#2010,.T.);
#2010 = EDGE_CURVE('',#1987,#2011,#2013,.T.);
#2011 = VERTEX_POINT('',#2012);
#2012 = CARTESIAN_POINT('',(245.88865074234,-4.529782636756,18.));
#2013 = LINE('',#2014,#2015);
#2014 = CARTESIAN_POINT('',(244.97936683015,-0.888629038672,18.));
#2015 = VECTOR('',#2016,1.);
#2016 = DIRECTION('',(0.242283709862,-0.97020544419,0.));
#2017 = ORIENTED_EDGE('',*,*,#2018,.F.);
#2018 = EDGE_CURVE('',#432,#2011,#2019,.T.);
#2019 = LINE('',#2020,#2021);
#2020 = CARTESIAN_POINT('',(245.88865074234,-4.529782636756,3.8));
#2021 = VECTOR('',#2022,1.);
#2022 = DIRECTION('',(0.,0.,1.));
#2023 = PLANE('',#2024);
#2024 = AXIS2_PLACEMENT_3D('',#2025,#2026,#2027);
#2025 = CARTESIAN_POINT('',(244.97936683015,-0.888629038672,3.8));
#2026 = DIRECTION('',(0.97020544419,0.242283709862,0.));
#2027 = DIRECTION('',(0.242283709862,-0.97020544419,0.));
#2028 = ADVANCED_FACE('',(#2029),#2047,.F.);
#2029 = FACE_BOUND('',#2030,.F.);
#2030 = EDGE_LOOP('',(#2031,#2032,#2033,#2041));
#2031 = ORIENTED_EDGE('',*,*,#431,.T.);
#2032 = ORIENTED_EDGE('',*,*,#2018,.T.);
#2033 = ORIENTED_EDGE('',*,*,#2034,.T.);
#2034 = EDGE_CURVE('',#2011,#2035,#2037,.T.);
#2035 = VERTEX_POINT('',#2036);
#2036 = CARTESIAN_POINT('',(246.74381897636,-8.184024562152,18.));
#2037 = LINE('',#2038,#2039);
#2038 = CARTESIAN_POINT('',(245.88865074234,-4.529782636756,18.));
#2039 = VECTOR('',#2040,1.);
#2040 = DIRECTION('',(0.22786428916,-0.973692901138,0.));
#2041 = ORIENTED_EDGE('',*,*,#2042,.F.);
#2042 = EDGE_CURVE('',#424,#2035,#2043,.T.);
#2043 = LINE('',#2044,#2045);
#2044 = CARTESIAN_POINT('',(246.74381897636,-8.184024562152,3.8));
#2045 = VECTOR('',#2046,1.);
#2046 = DIRECTION('',(0.,0.,1.));
#2047 = PLANE('',#2048);
#2048 = AXIS2_PLACEMENT_3D('',#2049,#2050,#2051);
#2049 = CARTESIAN_POINT('',(245.88865074234,-4.529782636756,3.8));
#2050 = DIRECTION('',(0.973692901138,0.22786428916,0.));
#2051 = DIRECTION('',(0.22786428916,-0.973692901138,0.));
#2052 = ADVANCED_FACE('',(#2053),#2071,.F.);
#2053 = FACE_BOUND('',#2054,.F.);
#2054 = EDGE_LOOP('',(#2055,#2056,#2057,#2065));
#2055 = ORIENTED_EDGE('',*,*,#423,.T.);
#2056 = ORIENTED_EDGE('',*,*,#2042,.T.);
#2057 = ORIENTED_EDGE('',*,*,#2058,.T.);
#2058 = EDGE_CURVE('',#2035,#2059,#2061,.T.);
#2059 = VERTEX_POINT('',#2060);
#2060 = CARTESIAN_POINT('',(247.54468332505,-11.8505505818,18.));
#2061 = LINE('',#2062,#2063);
#2062 = CARTESIAN_POINT('',(246.74381897636,-8.184024562152,18.));
#2063 = VECTOR('',#2064,1.);
#2064 = DIRECTION('',(0.213394719619,-0.976966065756,0.));
#2065 = ORIENTED_EDGE('',*,*,#2066,.F.);
#2066 = EDGE_CURVE('',#416,#2059,#2067,.T.);
#2067 = LINE('',#2068,#2069);
#2068 = CARTESIAN_POINT('',(247.54468332505,-11.8505505818,3.8));
#2069 = VECTOR('',#2070,1.);
#2070 = DIRECTION('',(0.,0.,1.));
#2071 = PLANE('',#2072);
#2072 = AXIS2_PLACEMENT_3D('',#2073,#2074,#2075);
#2073 = CARTESIAN_POINT('',(246.74381897636,-8.184024562152,3.8));
#2074 = DIRECTION('',(0.976966065756,0.213394719619,0.));
#2075 = DIRECTION('',(0.213394719619,-0.976966065756,0.));
#2076 = ADVANCED_FACE('',(#2077),#2095,.F.);
#2077 = FACE_BOUND('',#2078,.F.);
#2078 = EDGE_LOOP('',(#2079,#2080,#2081,#2089));
#2079 = ORIENTED_EDGE('',*,*,#415,.T.);
#2080 = ORIENTED_EDGE('',*,*,#2066,.T.);
#2081 = ORIENTED_EDGE('',*,*,#2082,.T.);
#2082 = EDGE_CURVE('',#2059,#2083,#2085,.T.);
#2083 = VERTEX_POINT('',#2084);
#2084 = CARTESIAN_POINT('',(248.29106753252,-15.52855375916,18.));
#2085 = LINE('',#2086,#2087);
#2086 = CARTESIAN_POINT('',(247.54468332505,-11.8505505818,18.));
#2087 = VECTOR('',#2088,1.);
#2088 = DIRECTION('',(0.19887818573,-0.980024217681,0.));
#2089 = ORIENTED_EDGE('',*,*,#2090,.F.);
#2090 = EDGE_CURVE('',#408,#2083,#2091,.T.);
#2091 = LINE('',#2092,#2093);
#2092 = CARTESIAN_POINT('',(248.29106753252,-15.52855375916,3.8));
#2093 = VECTOR('',#2094,1.);
#2094 = DIRECTION('',(0.,0.,1.));
#2095 = PLANE('',#2096);
#2096 = AXIS2_PLACEMENT_3D('',#2097,#2098,#2099);
#2097 = CARTESIAN_POINT('',(247.54468332505,-11.8505505818,3.8));
#2098 = DIRECTION('',(0.980024217681,0.19887818573,0.));
#2099 = DIRECTION('',(0.19887818573,-0.980024217681,0.));
#2100 = ADVANCED_FACE('',(#2101),#2119,.F.);
#2101 = FACE_BOUND('',#2102,.F.);
#2102 = EDGE_LOOP('',(#2103,#2104,#2105,#2113));
#2103 = ORIENTED_EDGE('',*,*,#407,.T.);
#2104 = ORIENTED_EDGE('',*,*,#2090,.T.);
#2105 = ORIENTED_EDGE('',*,*,#2106,.T.);
#2106 = EDGE_CURVE('',#2083,#2107,#2109,.T.);
#2107 = VERTEX_POINT('',#2108);
#2108 = CARTESIAN_POINT('',(248.98280733302,-19.21722463174,18.));
#2109 = LINE('',#2110,#2111);
#2110 = CARTESIAN_POINT('',(248.29106753252,-15.52855375916,18.));
#2111 = VECTOR('',#2112,1.);
#2112 = DIRECTION('',(0.184317882323,-0.982866683867,0.));
#2113 = ORIENTED_EDGE('',*,*,#2114,.F.);
#2114 = EDGE_CURVE('',#400,#2107,#2115,.T.);
#2115 = LINE('',#2116,#2117);
#2116 = CARTESIAN_POINT('',(248.98280733302,-19.21722463174,3.8));
#2117 = VECTOR('',#2118,1.);
#2118 = DIRECTION('',(0.,0.,1.));
#2119 = PLANE('',#2120);
#2120 = AXIS2_PLACEMENT_3D('',#2121,#2122,#2123);
#2121 = CARTESIAN_POINT('',(248.29106753252,-15.52855375916,3.8));
#2122 = DIRECTION('',(0.982866683867,0.184317882323,0.));
#2123 = DIRECTION('',(0.184317882323,-0.982866683867,0.));
#2124 = ADVANCED_FACE('',(#2125),#2143,.F.);
#2125 = FACE_BOUND('',#2126,.F.);
#2126 = EDGE_LOOP('',(#2127,#2128,#2129,#2137));
#2127 = ORIENTED_EDGE('',*,*,#399,.T.);
#2128 = ORIENTED_EDGE('',*,*,#2114,.T.);
#2129 = ORIENTED_EDGE('',*,*,#2130,.T.);
#2130 = EDGE_CURVE('',#2107,#2131,#2133,.T.);
#2131 = VERTEX_POINT('',#2132);
#2132 = CARTESIAN_POINT('',(249.61975048704,-22.91575138929,18.));
#2133 = LINE('',#2134,#2135);
#2134 = CARTESIAN_POINT('',(248.98280733302,-19.21722463174,18.));
#2135 = VECTOR('',#2136,1.);
#2136 = DIRECTION('',(0.169717013858,-0.98549283874,0.));
#2137 = ORIENTED_EDGE('',*,*,#2138,.F.);
#2138 = EDGE_CURVE('',#392,#2131,#2139,.T.);
#2139 = LINE('',#2140,#2141);
#2140 = CARTESIAN_POINT('',(249.61975048704,-22.91575138929,3.8));
#2141 = VECTOR('',#2142,1.);
#2142 = DIRECTION('',(0.,0.,1.));
#2143 = PLANE('',#2144);
#2144 = AXIS2_PLACEMENT_3D('',#2145,#2146,#2147);
#2145 = CARTESIAN_POINT('',(248.98280733302,-19.21722463174,3.8));
#2146 = DIRECTION('',(0.98549283874,0.169717013858,0.));
#2147 = DIRECTION('',(0.169717013858,-0.98549283874,0.));
#2148 = ADVANCED_FACE('',(#2149),#2167,.F.);
#2149 = FACE_BOUND('',#2150,.F.);
#2150 = EDGE_LOOP('',(#2151,#2152,#2153,#2161));
#2151 = ORIENTED_EDGE('',*,*,#391,.T.);
#2152 = ORIENTED_EDGE('',*,*,#2138,.T.);
#2153 = ORIENTED_EDGE('',*,*,#2154,.T.);
#2154 = EDGE_CURVE('',#2131,#2155,#2157,.T.);
#2155 = VERTEX_POINT('',#2156);
#2156 = CARTESIAN_POINT('',(300.92943056867,-14.47082806693,18.));
#2157 = LINE('',#2158,#2159);
#2158 = CARTESIAN_POINT('',(249.61975048704,-22.91575138929,18.));
#2159 = VECTOR('',#2160,1.);
#2160 = DIRECTION('',(0.986724616954,0.162402371584,0.));
#2161 = ORIENTED_EDGE('',*,*,#2162,.F.);
#2162 = EDGE_CURVE('',#384,#2155,#2163,.T.);
#2163 = LINE('',#2164,#2165);
#2164 = CARTESIAN_POINT('',(300.92943056867,-14.47082806693,3.8));
#2165 = VECTOR('',#2166,1.);
#2166 = DIRECTION('',(0.,0.,1.));
#2167 = PLANE('',#2168);
#2168 = AXIS2_PLACEMENT_3D('',#2169,#2170,#2171);
#2169 = CARTESIAN_POINT('',(249.61975048704,-22.91575138929,3.8));
#2170 = DIRECTION('',(-0.162402371584,0.986724616954,0.));
#2171 = DIRECTION('',(0.986724616954,0.162402371584,0.));
#2172 = ADVANCED_FACE('',(#2173),#2191,.F.);
#2173 = FACE_BOUND('',#2174,.F.);
#2174 = EDGE_LOOP('',(#2175,#2176,#2177,#2185));
#2175 = ORIENTED_EDGE('',*,*,#383,.T.);
#2176 = ORIENTED_EDGE('',*,*,#2162,.T.);
#2177 = ORIENTED_EDGE('',*,*,#2178,.T.);
#2178 = EDGE_CURVE('',#2155,#2179,#2181,.T.);
#2179 = VERTEX_POINT('',#2180);
#2180 = CARTESIAN_POINT('',(300.16156288084,-10.01206409124,18.));
#2181 = LINE('',#2182,#2183);
#2182 = CARTESIAN_POINT('',(300.92943056867,-14.47082806693,18.));
#2183 = VECTOR('',#2184,1.);
#2184 = DIRECTION('',(-0.169717013858,0.98549283874,0.));
#2185 = ORIENTED_EDGE('',*,*,#2186,.F.);
#2186 = EDGE_CURVE('',#376,#2179,#2187,.T.);
#2187 = LINE('',#2188,#2189);
#2188 = CARTESIAN_POINT('',(300.16156288084,-10.01206409124,3.8));
#2189 = VECTOR('',#2190,1.);
#2190 = DIRECTION('',(0.,0.,1.));
#2191 = PLANE('',#2192);
#2192 = AXIS2_PLACEMENT_3D('',#2193,#2194,#2195);
#2193 = CARTESIAN_POINT('',(300.92943056867,-14.47082806693,3.8));
#2194 = DIRECTION('',(-0.98549283874,-0.169717013858,0.));
#2195 = DIRECTION('',(-0.169717013858,0.98549283874,0.));
#2196 = ADVANCED_FACE('',(#2197),#2215,.F.);
#2197 = FACE_BOUND('',#2198,.F.);
#2198 = EDGE_LOOP('',(#2199,#2200,#2201,#2209));
#2199 = ORIENTED_EDGE('',*,*,#375,.T.);
#2200 = ORIENTED_EDGE('',*,*,#2186,.T.);
#2201 = ORIENTED_EDGE('',*,*,#2202,.T.);
#2202 = EDGE_CURVE('',#2179,#2203,#2205,.T.);
#2203 = VERTEX_POINT('',#2204);
#2204 = CARTESIAN_POINT('',(299.32763502113,-5.565181891116,18.));
#2205 = LINE('',#2206,#2207);
#2206 = CARTESIAN_POINT('',(300.16156288084,-10.01206409124,18.));
#2207 = VECTOR('',#2208,1.);
#2208 = DIRECTION('',(-0.184317882323,0.982866683867,0.));
#2209 = ORIENTED_EDGE('',*,*,#2210,.F.);
#2210 = EDGE_CURVE('',#368,#2203,#2211,.T.);
#2211 = LINE('',#2212,#2213);
#2212 = CARTESIAN_POINT('',(299.32763502113,-5.565181891116,3.8));
#2213 = VECTOR('',#2214,1.);
#2214 = DIRECTION('',(0.,0.,1.));
#2215 = PLANE('',#2216);
#2216 = AXIS2_PLACEMENT_3D('',#2217,#2218,#2219);
#2217 = CARTESIAN_POINT('',(300.16156288084,-10.01206409124,3.8));
#2218 = DIRECTION('',(-0.982866683867,-0.184317882323,0.));
#2219 = DIRECTION('',(-0.184317882323,0.982866683867,0.));
#2220 = ADVANCED_FACE('',(#2221),#2239,.F.);
#2221 = FACE_BOUND('',#2222,.F.);
#2222 = EDGE_LOOP('',(#2223,#2224,#2225,#2233));
#2223 = ORIENTED_EDGE('',*,*,#367,.T.);
#2224 = ORIENTED_EDGE('',*,*,#2210,.T.);
#2225 = ORIENTED_EDGE('',*,*,#2226,.T.);
#2226 = EDGE_CURVE('',#2203,#2227,#2229,.T.);
#2227 = VERTEX_POINT('',#2228);
#2228 = CARTESIAN_POINT('',(298.42783052207,-1.131160145514,18.));
#2229 = LINE('',#2230,#2231);
#2230 = CARTESIAN_POINT('',(299.32763502113,-5.565181891116,18.));
#2231 = VECTOR('',#2232,1.);
#2232 = DIRECTION('',(-0.19887818573,0.980024217681,0.));
#2233 = ORIENTED_EDGE('',*,*,#2234,.F.);
#2234 = EDGE_CURVE('',#360,#2227,#2235,.T.);
#2235 = LINE('',#2236,#2237);
#2236 = CARTESIAN_POINT('',(298.42783052207,-1.131160145514,3.8));
#2237 = VECTOR('',#2238,1.);
#2238 = DIRECTION('',(0.,0.,1.));
#2239 = PLANE('',#2240);
#2240 = AXIS2_PLACEMENT_3D('',#2241,#2242,#2243);
#2241 = CARTESIAN_POINT('',(299.32763502113,-5.565181891116,3.8));
#2242 = DIRECTION('',(-0.980024217681,-0.19887818573,0.));
#2243 = DIRECTION('',(-0.19887818573,0.980024217681,0.));
#2244 = ADVANCED_FACE('',(#2245),#2263,.F.);
#2245 = FACE_BOUND('',#2246,.F.);
#2246 = EDGE_LOOP('',(#2247,#2248,#2249,#2257));
#2247 = ORIENTED_EDGE('',*,*,#359,.T.);
#2248 = ORIENTED_EDGE('',*,*,#2234,.T.);
#2249 = ORIENTED_EDGE('',*,*,#2250,.T.);
#2250 = EDGE_CURVE('',#2227,#2251,#2253,.T.);
#2251 = VERTEX_POINT('',#2252);
#2252 = CARTESIAN_POINT('',(297.4623474145,3.289025296973,18.));
#2253 = LINE('',#2254,#2255);
#2254 = CARTESIAN_POINT('',(298.42783052207,-1.131160145514,18.));
#2255 = VECTOR('',#2256,1.);
#2256 = DIRECTION('',(-0.213394719619,0.976966065756,0.));
#2257 = ORIENTED_EDGE('',*,*,#2258,.F.);
#2258 = EDGE_CURVE('',#352,#2251,#2259,.T.);
#2259 = LINE('',#2260,#2261);
#2260 = CARTESIAN_POINT('',(297.4623474145,3.289025296973,3.8));
#2261 = VECTOR('',#2262,1.);
#2262 = DIRECTION('',(0.,0.,1.));
#2263 = PLANE('',#2264);
#2264 = AXIS2_PLACEMENT_3D('',#2265,#2266,#2267);
#2265 = CARTESIAN_POINT('',(298.42783052207,-1.131160145514,3.8));
#2266 = DIRECTION('',(-0.976966065756,-0.213394719619,0.));
#2267 = DIRECTION('',(-0.213394719619,0.976966065756,0.));
#2268 = ADVANCED_FACE('',(#2269),#2287,.F.);
#2269 = FACE_BOUND('',#2270,.F.);
#2270 = EDGE_LOOP('',(#2271,#2272,#2273,#2281));
#2271 = ORIENTED_EDGE('',*,*,#351,.T.);
#2272 = ORIENTED_EDGE('',*,*,#2258,.T.);
#2273 = ORIENTED_EDGE('',*,*,#2274,.T.);
#2274 = EDGE_CURVE('',#2251,#2275,#2277,.T.);
#2275 = VERTEX_POINT('',#2276);
#2276 = CARTESIAN_POINT('',(296.4313981839,7.694401632876,18.));
#2277 = LINE('',#2278,#2279);
#2278 = CARTESIAN_POINT('',(297.4623474145,3.289025296973,18.));
#2279 = VECTOR('',#2280,1.);
#2280 = DIRECTION('',(-0.22786428916,0.973692901138,0.));
#2281 = ORIENTED_EDGE('',*,*,#2282,.F.);
#2282 = EDGE_CURVE('',#344,#2275,#2283,.T.);
#2283 = LINE('',#2284,#2285);
#2284 = CARTESIAN_POINT('',(296.4313981839,7.694401632876,3.8));
#2285 = VECTOR('',#2286,1.);
#2286 = DIRECTION('',(0.,0.,1.));
#2287 = PLANE('',#2288);
#2288 = AXIS2_PLACEMENT_3D('',#2289,#2290,#2291);
#2289 = CARTESIAN_POINT('',(297.4623474145,3.289025296973,3.8));
#2290 = DIRECTION('',(-0.973692901138,-0.22786428916,0.));
#2291 = DIRECTION('',(-0.22786428916,0.973692901138,0.));
#2292 = ADVANCED_FACE('',(#2293),#2311,.F.);
#2293 = FACE_BOUND('',#2294,.F.);
#2294 = EDGE_LOOP('',(#2295,#2296,#2297,#2305));
#2295 = ORIENTED_EDGE('',*,*,#343,.T.);
#2296 = ORIENTED_EDGE('',*,*,#2282,.T.);
#2297 = ORIENTED_EDGE('',*,*,#2298,.T.);
#2298 = EDGE_CURVE('',#2275,#2299,#2301,.T.);
#2299 = VERTEX_POINT('',#2300);
#2300 = CARTESIAN_POINT('',(295.33520972371,12.083999317941,18.));
#2301 = LINE('',#2302,#2303);
#2302 = CARTESIAN_POINT('',(296.4313981839,7.694401632876,18.));
#2303 = VECTOR('',#2304,1.);
#2304 = DIRECTION('',(-0.242283709862,0.97020544419,0.));
#2305 = ORIENTED_EDGE('',*,*,#2306,.F.);
#2306 = EDGE_CURVE('',#336,#2299,#2307,.T.);
#2307 = LINE('',#2308,#2309);
#2308 = CARTESIAN_POINT('',(295.33520972371,12.083999317941,3.8));
#2309 = VECTOR('',#2310,1.);
#2310 = DIRECTION('',(0.,0.,1.));
#2311 = PLANE('',#2312);
#2312 = AXIS2_PLACEMENT_3D('',#2313,#2314,#2315);
#2313 = CARTESIAN_POINT('',(296.4313981839,7.694401632876,3.8));
#2314 = DIRECTION('',(-0.97020544419,-0.242283709862,0.));
#2315 = DIRECTION('',(-0.242283709862,0.97020544419,0.));
#2316 = ADVANCED_FACE('',(#2317),#2335,.F.);
#2317 = FACE_BOUND('',#2318,.F.);
#2318 = EDGE_LOOP('',(#2319,#2320,#2321,#2329));
#2319 = ORIENTED_EDGE('',*,*,#335,.T.);
#2320 = ORIENTED_EDGE('',*,*,#2306,.T.);
#2321 = ORIENTED_EDGE('',*,*,#2322,.T.);
#2322 = EDGE_CURVE('',#2299,#2323,#2325,.T.);
#2323 = VERTEX_POINT('',#2324);
#2324 = CARTESIAN_POINT('',(294.17402328532,16.456852280515,18.));
#2325 = LINE('',#2326,#2327);
#2326 = CARTESIAN_POINT('',(295.33520972371,12.083999317941,18.));
#2327 = VECTOR('',#2328,1.);
#2328 = DIRECTION('',(-0.256649808268,0.96650446244,0.));
#2329 = ORIENTED_EDGE('',*,*,#2330,.F.);
#2330 = EDGE_CURVE('',#328,#2323,#2331,.T.);
#2331 = LINE('',#2332,#2333);
#2332 = CARTESIAN_POINT('',(294.17402328532,16.456852280515,3.8));
#2333 = VECTOR('',#2334,1.);
#2334 = DIRECTION('',(0.,0.,1.));
#2335 = PLANE('',#2336);
#2336 = AXIS2_PLACEMENT_3D('',#2337,#2338,#2339);
#2337 = CARTESIAN_POINT('',(295.33520972371,12.083999317941,3.8));
#2338 = DIRECTION('',(-0.96650446244,-0.256649808268,0.));
#2339 = DIRECTION('',(-0.256649808268,0.96650446244,0.));
#2340 = ADVANCED_FACE('',(#2341),#2359,.F.);
#2341 = FACE_BOUND('',#2342,.F.);
#2342 = EDGE_LOOP('',(#2343,#2344,#2345,#2353));
#2343 = ORIENTED_EDGE('',*,*,#327,.T.);
#2344 = ORIENTED_EDGE('',*,*,#2330,.T.);
#2345 = ORIENTED_EDGE('',*,*,#2346,.T.);
#2346 = EDGE_CURVE('',#2323,#2347,#2349,.T.);
#2347 = VERTEX_POINT('',#2348);
#2348 = CARTESIAN_POINT('',(292.94809442502,20.811998134155,18.));
#2349 = LINE('',#2350,#2351);
#2350 = CARTESIAN_POINT('',(294.17402328532,16.456852280515,18.));
#2351 = VECTOR('',#2352,1.);
#2352 = DIRECTION('',(-0.270959422659,0.962590770407,0.));
#2353 = ORIENTED_EDGE('',*,*,#2354,.F.);
#2354 = EDGE_CURVE('',#320,#2347,#2355,.T.);
#2355 = LINE('',#2356,#2357);
#2356 = CARTESIAN_POINT('',(292.94809442502,20.811998134155,3.8));
#2357 = VECTOR('',#2358,1.);
#2358 = DIRECTION('',(0.,0.,1.));
#2359 = PLANE('',#2360);
#2360 = AXIS2_PLACEMENT_3D('',#2361,#2362,#2363);
#2361 = CARTESIAN_POINT('',(294.17402328532,16.456852280515,3.8));
#2362 = DIRECTION('',(-0.962590770407,-0.270959422659,0.));
#2363 = DIRECTION('',(-0.270959422659,0.962590770407,0.));
#2364 = ADVANCED_FACE('',(#2365),#2383,.F.);
#2365 = FACE_BOUND('',#2366,.F.);
#2366 = EDGE_LOOP('',(#2367,#2368,#2369,#2377));
#2367 = ORIENTED_EDGE('',*,*,#319,.T.);
#2368 = ORIENTED_EDGE('',*,*,#2354,.T.);
#2369 = ORIENTED_EDGE('',*,*,#2370,.T.);
#2370 = EDGE_CURVE('',#2347,#2371,#2373,.T.);
#2371 = VERTEX_POINT('',#2372);
#2372 = CARTESIAN_POINT('',(291.65769294776,25.148478389439,18.));
#2373 = LINE('',#2374,#2375);
#2374 = CARTESIAN_POINT('',(292.94809442502,20.811998134155,18.));
#2375 = VECTOR('',#2376,1.);
#2376 = DIRECTION('',(-0.285209403744,0.958465229425,0.));
#2377 = ORIENTED_EDGE('',*,*,#2378,.F.);
#2378 = EDGE_CURVE('',#312,#2371,#2379,.T.);
#2379 = LINE('',#2380,#2381);
#2380 = CARTESIAN_POINT('',(291.65769294776,25.148478389439,3.8));
#2381 = VECTOR('',#2382,1.);
#2382 = DIRECTION('',(0.,0.,1.));
#2383 = PLANE('',#2384);
#2384 = AXIS2_PLACEMENT_3D('',#2385,#2386,#2387);
#2385 = CARTESIAN_POINT('',(292.94809442502,20.811998134155,3.8));
#2386 = DIRECTION('',(-0.958465229425,-0.285209403744,0.));
#2387 = DIRECTION('',(-0.285209403744,0.958465229425,0.));
#2388 = ADVANCED_FACE('',(#2389),#2407,.F.);
#2389 = FACE_BOUND('',#2390,.F.);
#2390 = EDGE_LOOP('',(#2391,#2392,#2393,#2401));
#2391 = ORIENTED_EDGE('',*,*,#311,.T.);
#2392 = ORIENTED_EDGE('',*,*,#2378,.T.);
#2393 = ORIENTED_EDGE('',*,*,#2394,.T.);
#2394 = EDGE_CURVE('',#2371,#2395,#2397,.T.);
#2395 = VERTEX_POINT('',#2396);
#2396 = CARTESIAN_POINT('',(290.30310284772,29.465338664903,18.));
#2397 = LINE('',#2398,#2399);
#2398 = CARTESIAN_POINT('',(291.65769294776,25.148478389439,18.));
#2399 = VECTOR('',#2400,1.);
#2400 = DIRECTION('',(-0.29939661536,0.95412874745,0.));
#2401 = ORIENTED_EDGE('',*,*,#2402,.F.);
#2402 = EDGE_CURVE('',#304,#2395,#2403,.T.);
#2403 = LINE('',#2404,#2405);
#2404 = CARTESIAN_POINT('',(290.30310284772,29.465338664903,3.8));
#2405 = VECTOR('',#2406,1.);
#2406 = DIRECTION('',(0.,0.,1.));
#2407 = PLANE('',#2408);
#2408 = AXIS2_PLACEMENT_3D('',#2409,#2410,#2411);
#2409 = CARTESIAN_POINT('',(291.65769294776,25.148478389439,3.8));
#2410 = DIRECTION('',(-0.95412874745,-0.29939661536,0.));
#2411 = DIRECTION('',(-0.29939661536,0.95412874745,0.));
#2412 = ADVANCED_FACE('',(#2413),#2431,.F.);
#2413 = FACE_BOUND('',#2414,.F.);
#2414 = EDGE_LOOP('',(#2415,#2416,#2417,#2425));
#2415 = ORIENTED_EDGE('',*,*,#303,.T.);
#2416 = ORIENTED_EDGE('',*,*,#2402,.T.);
#2417 = ORIENTED_EDGE('',*,*,#2418,.T.);
#2418 = EDGE_CURVE('',#2395,#2419,#2421,.T.);
#2419 = VERTEX_POINT('',#2420);
#2420 = CARTESIAN_POINT('',(288.88462224588,33.761628897092,18.));
#2421 = LINE('',#2422,#2423);
#2422 = CARTESIAN_POINT('',(290.30310284772,29.465338664903,18.));
#2423 = VECTOR('',#2424,1.);
#2424 = DIRECTION('',(-0.313517935154,0.949582278866,0.));
#2425 = ORIENTED_EDGE('',*,*,#2426,.F.);
#2426 = EDGE_CURVE('',#296,#2419,#2427,.T.);
#2427 = LINE('',#2428,#2429);
#2428 = CARTESIAN_POINT('',(288.88462224588,33.761628897092,3.8));
#2429 = VECTOR('',#2430,1.);
#2430 = DIRECTION('',(0.,0.,1.));
#2431 = PLANE('',#2432);
#2432 = AXIS2_PLACEMENT_3D('',#2433,#2434,#2435);
#2433 = CARTESIAN_POINT('',(290.30310284772,29.465338664903,3.8));
#2434 = DIRECTION('',(-0.949582278866,-0.313517935154,0.));
#2435 = DIRECTION('',(-0.313517935154,0.949582278866,0.));
#2436 = ADVANCED_FACE('',(#2437),#2455,.F.);
#2437 = FACE_BOUND('',#2438,.F.);
#2438 = EDGE_LOOP('',(#2439,#2440,#2441,#2449));
#2439 = ORIENTED_EDGE('',*,*,#295,.T.);
#2440 = ORIENTED_EDGE('',*,*,#2426,.T.);
#2441 = ORIENTED_EDGE('',*,*,#2442,.T.);
#2442 = EDGE_CURVE('',#2419,#2443,#2445,.T.);
#2443 = VERTEX_POINT('',#2444);
#2444 = CARTESIAN_POINT('',(287.40256332436,38.036403549647,18.));
#2445 = LINE('',#2446,#2447);
#2446 = CARTESIAN_POINT('',(288.88462224588,33.761628897092,18.));
#2447 = VECTOR('',#2448,1.);
#2448 = DIRECTION('',(-0.32757025528,0.944826824268,0.));
#2449 = ORIENTED_EDGE('',*,*,#2450,.F.);
#2450 = EDGE_CURVE('',#288,#2443,#2451,.T.);
#2451 = LINE('',#2452,#2453);
#2452 = CARTESIAN_POINT('',(287.40256332436,38.036403549647,3.8));
#2453 = VECTOR('',#2454,1.);
#2454 = DIRECTION('',(0.,0.,1.));
#2455 = PLANE('',#2456);
#2456 = AXIS2_PLACEMENT_3D('',#2457,#2458,#2459);
#2457 = CARTESIAN_POINT('',(288.88462224588,33.761628897092,3.8));
#2458 = DIRECTION('',(-0.944826824268,-0.32757025528,0.));
#2459 = DIRECTION('',(-0.32757025528,0.944826824268,0.));
#2460 = ADVANCED_FACE('',(#2461),#2479,.F.);
#2461 = FACE_BOUND('',#2462,.F.);
#2462 = EDGE_LOOP('',(#2463,#2464,#2465,#2473));
#2463 = ORIENTED_EDGE('',*,*,#287,.T.);
#2464 = ORIENTED_EDGE('',*,*,#2450,.T.);
#2465 = ORIENTED_EDGE('',*,*,#2466,.T.);
#2466 = EDGE_CURVE('',#2443,#2467,#2469,.T.);
#2467 = VERTEX_POINT('',#2468);
#2468 = CARTESIAN_POINT('',(285.85725225772,42.288721821402,18.));
#2469 = LINE('',#2470,#2471);
#2470 = CARTESIAN_POINT('',(287.40256332436,38.036403549647,18.));
#2471 = VECTOR('',#2472,1.);
#2472 = DIRECTION('',(-0.341550483072,0.939863430246,0.));
#2473 = ORIENTED_EDGE('',*,*,#2474,.F.);
#2474 = EDGE_CURVE('',#280,#2467,#2475,.T.);
#2475 = LINE('',#2476,#2477);
#2476 = CARTESIAN_POINT('',(285.85725225772,42.288721821402,3.8));
#2477 = VECTOR('',#2478,1.);
#2478 = DIRECTION('',(0.,0.,1.));
#2479 = PLANE('',#2480);
#2480 = AXIS2_PLACEMENT_3D('',#2481,#2482,#2483);
#2481 = CARTESIAN_POINT('',(287.40256332436,38.036403549647,3.8));
#2482 = DIRECTION('',(-0.939863430246,-0.341550483072,0.));
#2483 = DIRECTION('',(-0.341550483072,0.939863430246,0.));
#2484 = ADVANCED_FACE('',(#2485),#2503,.F.);
#2485 = FACE_BOUND('',#2486,.F.);
#2486 = EDGE_LOOP('',(#2487,#2488,#2489,#2497));
#2487 = ORIENTED_EDGE('',*,*,#279,.T.);
#2488 = ORIENTED_EDGE('',*,*,#2474,.T.);
#2489 = ORIENTED_EDGE('',*,*,#2490,.T.);
#2490 = EDGE_CURVE('',#2467,#2491,#2493,.T.);
#2491 = VERTEX_POINT('',#2492);
#2492 = CARTESIAN_POINT('',(284.24902914118,46.517647853437,18.));
#2493 = LINE('',#2494,#2495);
#2494 = CARTESIAN_POINT('',(285.85725225772,42.288721821402,18.));
#2495 = VECTOR('',#2496,1.);
#2496 = DIRECTION('',(-0.355455541733,0.934693189154,0.));
#2497 = ORIENTED_EDGE('',*,*,#2498,.F.);
#2498 = EDGE_CURVE('',#272,#2491,#2499,.T.);
#2499 = LINE('',#2500,#2501);
#2500 = CARTESIAN_POINT('',(284.24902914118,46.517647853437,3.8));
#2501 = VECTOR('',#2502,1.);
#2502 = DIRECTION('',(0.,0.,1.));
#2503 = PLANE('',#2504);
#2504 = AXIS2_PLACEMENT_3D('',#2505,#2506,#2507);
#2505 = CARTESIAN_POINT('',(285.85725225772,42.288721821402,3.8));
#2506 = DIRECTION('',(-0.934693189154,-0.355455541733,0.));
#2507 = DIRECTION('',(-0.355455541733,0.934693189154,0.));
#2508 = ADVANCED_FACE('',(#2509),#2527,.F.);
#2509 = FACE_BOUND('',#2510,.F.);
#2510 = EDGE_LOOP('',(#2511,#2512,#2513,#2521));
#2511 = ORIENTED_EDGE('',*,*,#271,.T.);
#2512 = ORIENTED_EDGE('',*,*,#2498,.T.);
#2513 = ORIENTED_EDGE('',*,*,#2514,.T.);
#2514 = EDGE_CURVE('',#2491,#2515,#2517,.T.);
#2515 = VERTEX_POINT('',#2516);
#2516 = CARTESIAN_POINT('',(282.57824791579,50.722250935045,18.));
#2517 = LINE('',#2518,#2519);
#2518 = CARTESIAN_POINT('',(284.24902914118,46.517647853437,18.));
#2519 = VECTOR('',#2520,1.);
#2520 = DIRECTION('',(-0.369282371011,0.92931723887,0.));
#2521 = ORIENTED_EDGE('',*,*,#2522,.F.);
#2522 = EDGE_CURVE('',#264,#2515,#2523,.T.);
#2523 = LINE('',#2524,#2525);
#2524 = CARTESIAN_POINT('',(282.57824791579,50.722250935045,3.8));
#2525 = VECTOR('',#2526,1.);
#2526 = DIRECTION('',(0.,0.,1.));
#2527 = PLANE('',#2528);
#2528 = AXIS2_PLACEMENT_3D('',#2529,#2530,#2531);
#2529 = CARTESIAN_POINT('',(284.24902914118,46.517647853437,3.8));
#2530 = DIRECTION('',(-0.92931723887,-0.369282371011,0.));
#2531 = DIRECTION('',(-0.369282371011,0.92931723887,0.));
#2532 = ADVANCED_FACE('',(#2533),#2551,.F.);
#2533 = FACE_BOUND('',#2534,.F.);
#2534 = EDGE_LOOP('',(#2535,#2536,#2537,#2545));
#2535 = ORIENTED_EDGE('',*,*,#263,.T.);
#2536 = ORIENTED_EDGE('',*,*,#2522,.T.);
#2537 = ORIENTED_EDGE('',*,*,#2538,.T.);
#2538 = EDGE_CURVE('',#2515,#2539,#2541,.T.);
#2539 = VERTEX_POINT('',#2540);
#2540 = CARTESIAN_POINT('',(280.8452762905,54.901605708563,18.));
#2541 = LINE('',#2542,#2543);
#2542 = CARTESIAN_POINT('',(282.57824791579,50.722250935045,18.));
#2543 = VECTOR('',#2544,1.);
#2544 = DIRECTION('',(-0.383027927868,0.923736762543,0.));
#2545 = ORIENTED_EDGE('',*,*,#2546,.F.);
#2546 = EDGE_CURVE('',#256,#2539,#2547,.T.);
#2547 = LINE('',#2548,#2549);
#2548 = CARTESIAN_POINT('',(280.8452762905,54.901605708563,3.8));
#2549 = VECTOR('',#2550,1.);
#2550 = DIRECTION('',(0.,0.,1.));
#2551 = PLANE('',#2552);
#2552 = AXIS2_PLACEMENT_3D('',#2553,#2554,#2555);
#2553 = CARTESIAN_POINT('',(282.57824791579,50.722250935045,3.8));
#2554 = DIRECTION('',(-0.923736762543,-0.383027927868,0.));
#2555 = DIRECTION('',(-0.383027927868,0.923736762543,0.));
#2556 = ADVANCED_FACE('',(#2557),#2575,.F.);
#2557 = FACE_BOUND('',#2558,.F.);
#2558 = EDGE_LOOP('',(#2559,#2560,#2561,#2569));
#2559 = ORIENTED_EDGE('',*,*,#255,.T.);
#2560 = ORIENTED_EDGE('',*,*,#2546,.T.);
#2561 = ORIENTED_EDGE('',*,*,#2562,.T.);
#2562 = EDGE_CURVE('',#2539,#2563,#2565,.T.);
#2563 = VERTEX_POINT('',#2564);
#2564 = CARTESIAN_POINT('',(279.05049566125,59.054792373027,18.));
#2565 = LINE('',#2566,#2567);
#2566 = CARTESIAN_POINT('',(280.8452762905,54.901605708563,18.));
#2567 = VECTOR('',#2568,1.);
#2568 = DIRECTION('',(-0.396689187153,0.917952988336,0.));
#2569 = ORIENTED_EDGE('',*,*,#2570,.F.);
#2570 = EDGE_CURVE('',#248,#2563,#2571,.T.);
#2571 = LINE('',#2572,#2573);
#2572 = CARTESIAN_POINT('',(279.05049566125,59.054792373027,3.8));
#2573 = VECTOR('',#2574,1.);
#2574 = DIRECTION('',(0.,0.,1.));
#2575 = PLANE('',#2576);
#2576 = AXIS2_PLACEMENT_3D('',#2577,#2578,#2579);
#2577 = CARTESIAN_POINT('',(280.8452762905,54.901605708563,3.8));
#2578 = DIRECTION('',(-0.917952988336,-0.396689187153,0.));
#2579 = DIRECTION('',(-0.396689187153,0.917952988336,0.));
#2580 = ADVANCED_FACE('',(#2581),#2599,.F.);
#2581 = FACE_BOUND('',#2582,.F.);
#2582 = EDGE_LOOP('',(#2583,#2584,#2585,#2593));
#2583 = ORIENTED_EDGE('',*,*,#247,.T.);
#2584 = ORIENTED_EDGE('',*,*,#2570,.T.);
#2585 = ORIENTED_EDGE('',*,*,#2586,.T.);
#2586 = EDGE_CURVE('',#2563,#2587,#2589,.T.);
#2587 = VERTEX_POINT('',#2588);
#2588 = CARTESIAN_POINT('',(277.19430102706,63.180896886606,18.));
#2589 = LINE('',#2590,#2591);
#2590 = CARTESIAN_POINT('',(279.05049566125,59.054792373027,18.));
#2591 = VECTOR('',#2592,1.);
#2592 = DIRECTION('',(-0.410263142269,0.911967189155,0.));
#2593 = ORIENTED_EDGE('',*,*,#2594,.F.);
#2594 = EDGE_CURVE('',#240,#2587,#2595,.T.);
#2595 = LINE('',#2596,#2597);
#2596 = CARTESIAN_POINT('',(277.19430102706,63.180896886606,3.8));
#2597 = VECTOR('',#2598,1.);
#2598 = DIRECTION('',(0.,0.,1.));
#2599 = PLANE('',#2600);
#2600 = AXIS2_PLACEMENT_3D('',#2601,#2602,#2603);
#2601 = CARTESIAN_POINT('',(279.05049566125,59.054792373027,3.8));
#2602 = DIRECTION('',(-0.911967189155,-0.410263142269,0.));
#2603 = DIRECTION('',(-0.410263142269,0.911967189155,0.));
#2604 = ADVANCED_FACE('',(#2605),#2623,.F.);
#2605 = FACE_BOUND('',#2606,.F.);
#2606 = EDGE_LOOP('',(#2607,#2608,#2609,#2617));
#2607 = ORIENTED_EDGE('',*,*,#239,.T.);
#2608 = ORIENTED_EDGE('',*,*,#2594,.T.);
#2609 = ORIENTED_EDGE('',*,*,#2610,.T.);
#2610 = EDGE_CURVE('',#2587,#2611,#2613,.T.);
#2611 = VERTEX_POINT('',#2612);
#2612 = CARTESIAN_POINT('',(275.27710090303,67.279011167761,18.));
#2613 = LINE('',#2614,#2615);
#2614 = CARTESIAN_POINT('',(277.19430102706,63.180896886606,18.));
#2615 = VECTOR('',#2616,1.);
#2616 = DIRECTION('',(-0.423746805832,0.905780682366,0.));
#2617 = ORIENTED_EDGE('',*,*,#2618,.F.);
#2618 = EDGE_CURVE('',#232,#2611,#2619,.T.);
#2619 = LINE('',#2620,#2621);
#2620 = CARTESIAN_POINT('',(275.27710090303,67.279011167761,3.8));
#2621 = VECTOR('',#2622,1.);
#2622 = DIRECTION('',(0.,0.,1.));
#2623 = PLANE('',#2624);
#2624 = AXIS2_PLACEMENT_3D('',#2625,#2626,#2627);
#2625 = CARTESIAN_POINT('',(277.19430102706,63.180896886606,3.8));
#2626 = DIRECTION('',(-0.905780682366,-0.423746805832,0.));
#2627 = DIRECTION('',(-0.423746805832,0.905780682366,0.));
#2628 = ADVANCED_FACE('',(#2629),#2647,.F.);
#2629 = FACE_BOUND('',#2630,.F.);
#2630 = EDGE_LOOP('',(#2631,#2632,#2633,#2641));
#2631 = ORIENTED_EDGE('',*,*,#231,.T.);
#2632 = ORIENTED_EDGE('',*,*,#2618,.T.);
#2633 = ORIENTED_EDGE('',*,*,#2634,.T.);
#2634 = EDGE_CURVE('',#2611,#2635,#2637,.T.);
#2635 = VERTEX_POINT('',#2636);
#2636 = CARTESIAN_POINT('',(273.29931723049,71.348233295104,18.));
#2637 = LINE('',#2638,#2639);
#2638 = CARTESIAN_POINT('',(275.27710090303,67.279011167761,18.));
#2639 = VECTOR('',#2640,1.);
#2640 = DIRECTION('',(-0.43713721033,0.899394829508,0.));
#2641 = ORIENTED_EDGE('',*,*,#2642,.F.);
#2642 = EDGE_CURVE('',#224,#2635,#2643,.T.);
#2643 = LINE('',#2644,#2645);
#2644 = CARTESIAN_POINT('',(273.29931723049,71.348233295104,3.8));
#2645 = VECTOR('',#2646,1.);
#2646 = DIRECTION('',(0.,0.,1.));
#2647 = PLANE('',#2648);
#2648 = AXIS2_PLACEMENT_3D('',#2649,#2650,#2651);
#2649 = CARTESIAN_POINT('',(275.27710090303,67.279011167761,3.8));
#2650 = DIRECTION('',(-0.899394829508,-0.43713721033,0.));
#2651 = DIRECTION('',(-0.43713721033,0.899394829508,0.));
#2652 = ADVANCED_FACE('',(#2653),#2671,.F.);
#2653 = FACE_BOUND('',#2654,.F.);
#2654 = EDGE_LOOP('',(#2655,#2656,#2657,#2665));
#2655 = ORIENTED_EDGE('',*,*,#223,.T.);
#2656 = ORIENTED_EDGE('',*,*,#2642,.T.);
#2657 = ORIENTED_EDGE('',*,*,#2658,.T.);
#2658 = EDGE_CURVE('',#2635,#2659,#2661,.T.);
#2659 = VERTEX_POINT('',#2660);
#2660 = CARTESIAN_POINT('',(271.26138528414,75.387667705889,18.));
#2661 = LINE('',#2662,#2663);
#2662 = CARTESIAN_POINT('',(273.29931723049,71.348233295104,18.));
#2663 = VECTOR('',#2664,1.);
#2664 = DIRECTION('',(-0.450431408775,0.892811035992,0.));
#2665 = ORIENTED_EDGE('',*,*,#2666,.F.);
#2666 = EDGE_CURVE('',#216,#2659,#2667,.T.);
#2667 = LINE('',#2668,#2669);
#2668 = CARTESIAN_POINT('',(271.26138528414,75.387667705889,3.8));
#2669 = VECTOR('',#2670,1.);
#2670 = DIRECTION('',(0.,0.,1.));
#2671 = PLANE('',#2672);
#2672 = AXIS2_PLACEMENT_3D('',#2673,#2674,#2675);
#2673 = CARTESIAN_POINT('',(273.29931723049,71.348233295104,3.8));
#2674 = DIRECTION('',(-0.892811035992,-0.450431408775,0.));
#2675 = DIRECTION('',(-0.450431408775,0.892811035992,0.));
#2676 = ADVANCED_FACE('',(#2677),#2695,.F.);
#2677 = FACE_BOUND('',#2678,.F.);
#2678 = EDGE_LOOP('',(#2679,#2680,#2681,#2689));
#2679 = ORIENTED_EDGE('',*,*,#215,.T.);
#2680 = ORIENTED_EDGE('',*,*,#2666,.T.);
#2681 = ORIENTED_EDGE('',*,*,#2682,.T.);
#2682 = EDGE_CURVE('',#2659,#2683,#2685,.T.);
#2683 = VERTEX_POINT('',#2684);
#2684 = CARTESIAN_POINT('',(269.16375357621,79.396425393114,18.));
#2685 = LINE('',#2686,#2687);
#2686 = CARTESIAN_POINT('',(271.26138528414,75.387667705889,18.));
#2687 = VECTOR('',#2688,1.);
#2688 = DIRECTION('',(-0.463626475352,0.886030750794,0.));
#2689 = ORIENTED_EDGE('',*,*,#2690,.F.);
#2690 = EDGE_CURVE('',#208,#2683,#2691,.T.);
#2691 = LINE('',#2692,#2693);
#2692 = CARTESIAN_POINT('',(269.16375357621,79.396425393114,3.8));
#2693 = VECTOR('',#2694,1.);
#2694 = DIRECTION('',(0.,0.,1.));
#2695 = PLANE('',#2696);
#2696 = AXIS2_PLACEMENT_3D('',#2697,#2698,#2699);
#2697 = CARTESIAN_POINT('',(271.26138528414,75.387667705889,3.8));
#2698 = DIRECTION('',(-0.886030750794,-0.463626475352,0.));
#2699 = DIRECTION('',(-0.463626475352,0.886030750794,0.));
#2700 = ADVANCED_FACE('',(#2701),#2719,.F.);
#2701 = FACE_BOUND('',#2702,.F.);
#2702 = EDGE_LOOP('',(#2703,#2704,#2705,#2713));
#2703 = ORIENTED_EDGE('',*,*,#207,.T.);
#2704 = ORIENTED_EDGE('',*,*,#2690,.T.);
#2705 = ORIENTED_EDGE('',*,*,#2706,.T.);
#2706 = EDGE_CURVE('',#2683,#2707,#2709,.T.);
#2707 = VERTEX_POINT('',#2708);
#2708 = CARTESIAN_POINT('',(267.00688375779,83.373624101171,18.));
#2709 = LINE('',#2710,#2711);
#2710 = CARTESIAN_POINT('',(269.16375357621,79.396425393114,18.));
#2711 = VECTOR('',#2712,1.);
#2712 = DIRECTION('',(-0.476719506064,0.879055466133,0.));
#2713 = ORIENTED_EDGE('',*,*,#2714,.F.);
#2714 = EDGE_CURVE('',#200,#2707,#2715,.T.);
#2715 = LINE('',#2716,#2717);
#2716 = CARTESIAN_POINT('',(267.00688375779,83.373624101171,3.8));
#2717 = VECTOR('',#2718,1.);
#2718 = DIRECTION('',(0.,0.,1.));
#2719 = PLANE('',#2720);
#2720 = AXIS2_PLACEMENT_3D('',#2721,#2722,#2723);
#2721 = CARTESIAN_POINT('',(269.16375357621,79.396425393114,3.8));
#2722 = DIRECTION('',(-0.879055466133,-0.476719506064,0.));
#2723 = DIRECTION('',(-0.476719506064,0.879055466133,0.));
#2724 = ADVANCED_FACE('',(#2725),#2743,.F.);
#2725 = FACE_BOUND('',#2726,.F.);
#2726 = EDGE_LOOP('',(#2727,#2728,#2729,#2737));
#2727 = ORIENTED_EDGE('',*,*,#199,.T.);
#2728 = ORIENTED_EDGE('',*,*,#2714,.T.);
#2729 = ORIENTED_EDGE('',*,*,#2730,.T.);
#2730 = EDGE_CURVE('',#2707,#2731,#2733,.T.);
#2731 = VERTEX_POINT('',#2732);
#2732 = CARTESIAN_POINT('',(264.7912505172,87.318388520017,18.));
#2733 = LINE('',#2734,#2735);
#2734 = CARTESIAN_POINT('',(267.00688375779,83.373624101171,18.));
#2735 = VECTOR('',#2736,1.);
#2736 = DIRECTION('',(-0.48970761937,0.871886717143,0.));
#2737 = ORIENTED_EDGE('',*,*,#2738,.F.);
#2738 = EDGE_CURVE('',#192,#2731,#2739,.T.);
#2739 = LINE('',#2740,#2741);
#2740 = CARTESIAN_POINT('',(264.7912505172,87.318388520017,3.8));
#2741 = VECTOR('',#2742,1.);
#2742 = DIRECTION('',(0.,0.,1.));
#2743 = PLANE('',#2744);
#2744 = AXIS2_PLACEMENT_3D('',#2745,#2746,#2747);
#2745 = CARTESIAN_POINT('',(267.00688375779,83.373624101171,3.8));
#2746 = DIRECTION('',(-0.871886717143,-0.48970761937,0.));
#2747 = DIRECTION('',(-0.48970761937,0.871886717143,0.));
#2748 = ADVANCED_FACE('',(#2749),#2767,.F.);
#2749 = FACE_BOUND('',#2750,.F.);
#2750 = EDGE_LOOP('',(#2751,#2752,#2753,#2761));
#2751 = ORIENTED_EDGE('',*,*,#191,.T.);
#2752 = ORIENTED_EDGE('',*,*,#2738,.T.);
#2753 = ORIENTED_EDGE('',*,*,#2754,.T.);
#2754 = EDGE_CURVE('',#2731,#2755,#2757,.T.);
#2755 = VERTEX_POINT('',#2756);
#2756 = CARTESIAN_POINT('',(262.51734147556,91.229850477816,18.));
#2757 = LINE('',#2758,#2759);
#2758 = CARTESIAN_POINT('',(264.7912505172,87.318388520017,18.));
#2759 = VECTOR('',#2760,1.);
#2760 = DIRECTION('',(-0.50258795682,0.864526081538,0.));
#2761 = ORIENTED_EDGE('',*,*,#2762,.F.);
#2762 = EDGE_CURVE('',#184,#2755,#2763,.T.);
#2763 = LINE('',#2764,#2765);
#2764 = CARTESIAN_POINT('',(262.51734147556,91.229850477816,3.8));
#2765 = VECTOR('',#2766,1.);
#2766 = DIRECTION('',(0.,0.,1.));
#2767 = PLANE('',#2768);
#2768 = AXIS2_PLACEMENT_3D('',#2769,#2770,#2771);
#2769 = CARTESIAN_POINT('',(264.7912505172,87.318388520017,3.8));
#2770 = DIRECTION('',(-0.864526081538,-0.50258795682,0.));
#2771 = DIRECTION('',(-0.50258795682,0.864526081538,0.));
#2772 = ADVANCED_FACE('',(#2773),#2791,.F.);
#2773 = FACE_BOUND('',#2774,.F.);
#2774 = EDGE_LOOP('',(#2775,#2776,#2777,#2785));
#2775 = ORIENTED_EDGE('',*,*,#183,.T.);
#2776 = ORIENTED_EDGE('',*,*,#2762,.T.);
#2777 = ORIENTED_EDGE('',*,*,#2778,.T.);
#2778 = EDGE_CURVE('',#2755,#2779,#2781,.T.);
#2779 = VERTEX_POINT('',#2780);
#2780 = CARTESIAN_POINT('',(260.18565707941,95.107149132004,18.));
#2781 = LINE('',#2782,#2783);
#2782 = CARTESIAN_POINT('',(262.51734147556,91.229850477816,18.));
#2783 = VECTOR('',#2784,1.);
#2784 = DIRECTION('',(-0.515357683682,0.856975179261,0.));
#2785 = ORIENTED_EDGE('',*,*,#2786,.F.);
#2786 = EDGE_CURVE('',#176,#2779,#2787,.T.);
#2787 = LINE('',#2788,#2789);
#2788 = CARTESIAN_POINT('',(260.18565707941,95.107149132004,3.8));
#2789 = VECTOR('',#2790,1.);
#2790 = DIRECTION('',(0.,0.,1.));
#2791 = PLANE('',#2792);
#2792 = AXIS2_PLACEMENT_3D('',#2793,#2794,#2795);
#2793 = CARTESIAN_POINT('',(262.51734147556,91.229850477816,3.8));
#2794 = DIRECTION('',(-0.856975179261,-0.515357683682,0.));
#2795 = DIRECTION('',(-0.515357683682,0.856975179261,0.));
#2796 = ADVANCED_FACE('',(#2797),#2815,.F.);
#2797 = FACE_BOUND('',#2798,.F.);
#2798 = EDGE_LOOP('',(#2799,#2800,#2801,#2809));
#2799 = ORIENTED_EDGE('',*,*,#175,.T.);
#2800 = ORIENTED_EDGE('',*,*,#2786,.T.);
#2801 = ORIENTED_EDGE('',*,*,#2802,.T.);
#2802 = EDGE_CURVE('',#2779,#2803,#2805,.T.);
#2803 = VERTEX_POINT('',#2804);
#2804 = CARTESIAN_POINT('',(257.79671049065,98.949431158747,18.));
#2805 = LINE('',#2806,#2807);
#2806 = CARTESIAN_POINT('',(260.18565707941,95.107149132004,18.));
#2807 = VECTOR('',#2808,1.);
#2808 = DIRECTION('',(-0.528013989569,0.849235672131,0.));
#2809 = ORIENTED_EDGE('',*,*,#2810,.F.);
#2810 = EDGE_CURVE('',#168,#2803,#2811,.T.);
#2811 = LINE('',#2812,#2813);
#2812 = CARTESIAN_POINT('',(257.79671049065,98.949431158747,3.8));
#2813 = VECTOR('',#2814,1.);
#2814 = DIRECTION('',(0.,0.,1.));
#2815 = PLANE('',#2816);
#2816 = AXIS2_PLACEMENT_3D('',#2817,#2818,#2819);
#2817 = CARTESIAN_POINT('',(260.18565707941,95.107149132004,3.8));
#2818 = DIRECTION('',(-0.849235672131,-0.528013989569,0.));
#2819 = DIRECTION('',(-0.528013989569,0.849235672131,0.));
#2820 = ADVANCED_FACE('',(#2821),#2839,.F.);
#2821 = FACE_BOUND('',#2822,.F.);
#2822 = EDGE_LOOP('',(#2823,#2824,#2825,#2833));
#2823 = ORIENTED_EDGE('',*,*,#167,.T.);
#2824 = ORIENTED_EDGE('',*,*,#2810,.T.);
#2825 = ORIENTED_EDGE('',*,*,#2826,.T.);
#2826 = EDGE_CURVE('',#2803,#2827,#2829,.T.);
#2827 = VERTEX_POINT('',#2828);
#2828 = CARTESIAN_POINT('',(255.35102747353,102.75585094074,18.));
#2829 = LINE('',#2830,#2831);
#2830 = CARTESIAN_POINT('',(257.79671049065,98.949431158747,18.));
#2831 = VECTOR('',#2832,1.);
#2832 = DIRECTION('',(-0.540554089056,0.841309263473,0.));
#2833 = ORIENTED_EDGE('',*,*,#2834,.F.);
#2834 = EDGE_CURVE('',#160,#2827,#2835,.T.);
#2835 = LINE('',#2836,#2837);
#2836 = CARTESIAN_POINT('',(255.35102747353,102.75585094074,3.8));
#2837 = VECTOR('',#2838,1.);
#2838 = DIRECTION('',(0.,0.,1.));
#2839 = PLANE('',#2840);
#2840 = AXIS2_PLACEMENT_3D('',#2841,#2842,#2843);
#2841 = CARTESIAN_POINT('',(257.79671049065,98.949431158747,3.8));
#2842 = DIRECTION('',(-0.841309263473,-0.540554089056,0.));
#2843 = DIRECTION('',(-0.540554089056,0.841309263473,0.));
#2844 = ADVANCED_FACE('',(#2845),#2863,.F.);
#2845 = FACE_BOUND('',#2846,.F.);
#2846 = EDGE_LOOP('',(#2847,#2848,#2849,#2857));
#2847 = ORIENTED_EDGE('',*,*,#159,.T.);
#2848 = ORIENTED_EDGE('',*,*,#2834,.T.);
#2849 = ORIENTED_EDGE('',*,*,#2850,.T.);
#2850 = EDGE_CURVE('',#2827,#2851,#2853,.T.);
#2851 = VERTEX_POINT('',#2852);
#2852 = CARTESIAN_POINT('',(252.84914627899,106.52557075332,18.));
#2853 = LINE('',#2854,#2855);
#2854 = CARTESIAN_POINT('',(255.35102747353,102.75585094074,18.));
#2855 = VECTOR('',#2856,1.);
#2856 = DIRECTION('',(-0.55297522229,0.833197697748,0.));
#2857 = ORIENTED_EDGE('',*,*,#2858,.F.);
#2858 = EDGE_CURVE('',#152,#2851,#2859,.T.);
#2859 = LINE('',#2860,#2861);
#2860 = CARTESIAN_POINT('',(252.84914627899,106.52557075332,3.8));
#2861 = VECTOR('',#2862,1.);
#2862 = DIRECTION('',(0.,0.,1.));
#2863 = PLANE('',#2864);
#2864 = AXIS2_PLACEMENT_3D('',#2865,#2866,#2867);
#2865 = CARTESIAN_POINT('',(255.35102747353,102.75585094074,3.8));
#2866 = DIRECTION('',(-0.833197697748,-0.55297522229,0.));
#2867 = DIRECTION('',(-0.55297522229,0.833197697748,0.));
#2868 = ADVANCED_FACE('',(#2869),#2887,.F.);
#2869 = FACE_BOUND('',#2870,.F.);
#2870 = EDGE_LOOP('',(#2871,#2872,#2873,#2881));
#2871 = ORIENTED_EDGE('',*,*,#151,.T.);
#2872 = ORIENTED_EDGE('',*,*,#2858,.T.);
#2873 = ORIENTED_EDGE('',*,*,#2874,.T.);
#2874 = EDGE_CURVE('',#2851,#2875,#2877,.T.);
#2875 = VERTEX_POINT('',#2876);
#2876 = CARTESIAN_POINT('',(250.29161752616,110.25776094883,18.));
#2877 = LINE('',#2878,#2879);
#2878 = CARTESIAN_POINT('',(252.84914627899,106.52557075332,18.));
#2879 = VECTOR('',#2880,1.);
#2880 = DIRECTION('',(-0.565274655605,0.824902760167,0.));
#2881 = ORIENTED_EDGE('',*,*,#2882,.F.);
#2882 = EDGE_CURVE('',#144,#2875,#2883,.T.);
#2883 = LINE('',#2884,#2885);
#2884 = CARTESIAN_POINT('',(250.29161752616,110.25776094883,3.8));
#2885 = VECTOR('',#2886,1.);
#2886 = DIRECTION('',(0.,0.,1.));
#2887 = PLANE('',#2888);
#2888 = AXIS2_PLACEMENT_3D('',#2889,#2890,#2891);
#2889 = CARTESIAN_POINT('',(252.84914627899,106.52557075332,3.8));
#2890 = DIRECTION('',(-0.824902760167,-0.565274655605,0.));
#2891 = DIRECTION('',(-0.565274655605,0.824902760167,0.));
#2892 = ADVANCED_FACE('',(#2893),#2927,.F.);
#2893 = FACE_BOUND('',#2894,.F.);
#2894 = EDGE_LOOP('',(#2895,#2896,#2897,#2905,#2913,#2921));
#2895 = ORIENTED_EDGE('',*,*,#143,.T.);
#2896 = ORIENTED_EDGE('',*,*,#2882,.T.);
#2897 = ORIENTED_EDGE('',*,*,#2898,.T.);
#2898 = EDGE_CURVE('',#2875,#2899,#2901,.T.);
#2899 = VERTEX_POINT('',#2900);
#2900 = CARTESIAN_POINT('',(247.67900408121,113.95160013919,18.));
#2901 = LINE('',#2902,#2903);
#2902 = CARTESIAN_POINT('',(250.29161752616,110.25776094883,18.));
#2903 = VECTOR('',#2904,1.);
#2904 = DIRECTION('',(-0.577449682115,0.816426276295,0.));
#2905 = ORIENTED_EDGE('',*,*,#2906,.F.);
#2906 = EDGE_CURVE('',#2907,#2899,#2909,.T.);
#2907 = VERTEX_POINT('',#2908);
#2908 = CARTESIAN_POINT('',(247.67900408121,113.95160013919,14.));
#2909 = LINE('',#2910,#2911);
#2910 = CARTESIAN_POINT('',(247.67900408121,113.95160013919,3.8));
#2911 = VECTOR('',#2912,1.);
#2912 = DIRECTION('',(0.,0.,1.));
#2913 = ORIENTED_EDGE('',*,*,#2914,.T.);
#2914 = EDGE_CURVE('',#2907,#2915,#2917,.T.);
#2915 = VERTEX_POINT('',#2916);
#2916 = CARTESIAN_POINT('',(249.62885927046,111.19480061053,14.));
#2917 = LINE('',#2918,#2919);
#2918 = CARTESIAN_POINT('',(237.61195307279,128.1848835276,14.));
#2919 = VECTOR('',#2920,1.);
#2920 = DIRECTION('',(0.577449682115,-0.816426276295,0.));
#2921 = ORIENTED_EDGE('',*,*,#2922,.F.);
#2922 = EDGE_CURVE('',#136,#2915,#2923,.T.);
#2923 = LINE('',#2924,#2925);
#2924 = CARTESIAN_POINT('',(249.62885927046,111.19480061053,3.9));
#2925 = VECTOR('',#2926,1.);
#2926 = DIRECTION('',(0.,0.,1.));
#2927 = PLANE('',#2928);
#2928 = AXIS2_PLACEMENT_3D('',#2929,#2930,#2931);
#2929 = CARTESIAN_POINT('',(250.29161752616,110.25776094883,3.8));
#2930 = DIRECTION('',(-0.816426276295,-0.577449682115,0.));
#2931 = DIRECTION('',(-0.577449682115,0.816426276295,0.));
#2932 = ADVANCED_FACE('',(#2933),#2951,.F.);
#2933 = FACE_BOUND('',#2934,.F.);
#2934 = EDGE_LOOP('',(#2935,#2936,#2937,#2945));
#2935 = ORIENTED_EDGE('',*,*,#135,.F.);
#2936 = ORIENTED_EDGE('',*,*,#2922,.T.);
#2937 = ORIENTED_EDGE('',*,*,#2938,.T.);
#2938 = EDGE_CURVE('',#2915,#2939,#2941,.T.);
#2939 = VERTEX_POINT('',#2940);
#2940 = CARTESIAN_POINT('',(328.77174905092,129.08614537474,14.));
#2941 = LINE('',#2942,#2943);
#2942 = CARTESIAN_POINT('',(140.77174905092,86.586145374741,14.));
#2943 = VECTOR('',#2944,1.);
#2944 = DIRECTION('',(0.975387035788,0.220499728835,0.));
#2945 = ORIENTED_EDGE('',*,*,#2946,.F.);
#2946 = EDGE_CURVE('',#128,#2939,#2947,.T.);
#2947 = LINE('',#2948,#2949);
#2948 = CARTESIAN_POINT('',(328.77174905092,129.08614537474,4.));
#2949 = VECTOR('',#2950,1.);
#2950 = DIRECTION('',(0.,0.,1.));
#2951 = PLANE('',#2952);
#2952 = AXIS2_PLACEMENT_3D('',#2953,#2954,#2955);
#2953 = CARTESIAN_POINT('',(140.77174905092,86.586145374741,4.));
#2954 = DIRECTION('',(-0.220499728835,0.975387035788,0.));
#2955 = DIRECTION('',(0.,0.,1.));
#2956 = ADVANCED_FACE('',(#2957),#2975,.T.);
#2957 = FACE_BOUND('',#2958,.T.);
#2958 = EDGE_LOOP('',(#2959,#2960,#2961,#2969));
#2959 = ORIENTED_EDGE('',*,*,#2946,.F.);
#2960 = ORIENTED_EDGE('',*,*,#127,.T.);
#2961 = ORIENTED_EDGE('',*,*,#2962,.T.);
#2962 = EDGE_CURVE('',#120,#2963,#2965,.T.);
#2963 = VERTEX_POINT('',#2964);
#2964 = CARTESIAN_POINT('',(327.22825094907,135.91385462525,14.));
#2965 = LINE('',#2966,#2967);
#2966 = CARTESIAN_POINT('',(327.22825094907,135.91385462525,4.));
#2967 = VECTOR('',#2968,1.);
#2968 = DIRECTION('',(0.,0.,1.));
#2969 = ORIENTED_EDGE('',*,*,#2970,.F.);
#2970 = EDGE_CURVE('',#2939,#2963,#2971,.T.);
#2971 = LINE('',#2972,#2973);
#2972 = CARTESIAN_POINT('',(328.77174905092,129.08614537474,14.));
#2973 = VECTOR('',#2974,1.);
#2974 = DIRECTION('',(-0.220499728835,0.975387035788,0.));
#2975 = PLANE('',#2976);
#2976 = AXIS2_PLACEMENT_3D('',#2977,#2978,#2979);
#2977 = CARTESIAN_POINT('',(328.77174905092,129.08614537474,4.));
#2978 = DIRECTION('',(0.975387035788,0.220499728835,0.));
#2979 = DIRECTION('',(0.,0.,1.));
#2980 = ADVANCED_FACE('',(#2981),#2999,.T.);
#2981 = FACE_BOUND('',#2982,.T.);
#2982 = EDGE_LOOP('',(#2983,#2984,#2992,#2998));
#2983 = ORIENTED_EDGE('',*,*,#119,.F.);
#2984 = ORIENTED_EDGE('',*,*,#2985,.T.);
#2985 = EDGE_CURVE('',#112,#2986,#2988,.T.);
#2986 = VERTEX_POINT('',#2987);
#2987 = CARTESIAN_POINT('',(245.18638607683,117.36715644934,14.));
#2988 = LINE('',#2989,#2990);
#2989 = CARTESIAN_POINT('',(245.18638607683,117.36715644934,3.9));
#2990 = VECTOR('',#2991,1.);
#2991 = DIRECTION('',(0.,0.,1.));
#2992 = ORIENTED_EDGE('',*,*,#2993,.T.);
#2993 = EDGE_CURVE('',#2986,#2963,#2994,.T.);
#2994 = LINE('',#2995,#2996);
#2995 = CARTESIAN_POINT('',(139.22825094907,93.413854625259,14.));
#2996 = VECTOR('',#2997,1.);
#2997 = DIRECTION('',(0.975387035788,0.220499728835,0.));
#2998 = ORIENTED_EDGE('',*,*,#2962,.F.);
#2999 = PLANE('',#3000);
#3000 = AXIS2_PLACEMENT_3D('',#3001,#3002,#3003);
#3001 = CARTESIAN_POINT('',(139.22825094907,93.413854625259,4.));
#3002 = DIRECTION('',(-0.220499728835,0.975387035788,0.));
#3003 = DIRECTION('',(0.,0.,1.));
#3004 = ADVANCED_FACE('',(#3005),#3030,.F.);
#3005 = FACE_BOUND('',#3006,.F.);
#3006 = EDGE_LOOP('',(#3007,#3013,#3014,#3022,#3028,#3029));
#3007 = ORIENTED_EDGE('',*,*,#3008,.T.);
#3008 = EDGE_CURVE('',#2986,#2907,#3009,.T.);
#3009 = LINE('',#3010,#3011);
#3010 = CARTESIAN_POINT('',(235.61889189023,130.4771938012,14.));
#3011 = VECTOR('',#3012,1.);
#3012 = DIRECTION('',(0.589497622315,-0.807770111656,0.));
#3013 = ORIENTED_EDGE('',*,*,#2906,.T.);
#3014 = ORIENTED_EDGE('',*,*,#3015,.T.);
#3015 = EDGE_CURVE('',#2899,#3016,#3018,.T.);
#3016 = VERTEX_POINT('',#3017);
#3017 = CARTESIAN_POINT('',(245.01188093347,117.60627537672,18.));
#3018 = LINE('',#3019,#3020);
#3019 = CARTESIAN_POINT('',(247.67900408121,113.95160013919,18.));
#3020 = VECTOR('',#3021,1.);
#3021 = DIRECTION('',(-0.589497622315,0.807770111656,0.));
#3022 = ORIENTED_EDGE('',*,*,#3023,.F.);
#3023 = EDGE_CURVE('',#104,#3016,#3024,.T.);
#3024 = LINE('',#3025,#3026);
#3025 = CARTESIAN_POINT('',(245.01188093347,117.60627537672,3.8));
#3026 = VECTOR('',#3027,1.);
#3027 = DIRECTION('',(0.,0.,1.));
#3028 = ORIENTED_EDGE('',*,*,#111,.T.);
#3029 = ORIENTED_EDGE('',*,*,#2985,.T.);
#3030 = PLANE('',#3031);
#3031 = AXIS2_PLACEMENT_3D('',#3032,#3033,#3034);
#3032 = CARTESIAN_POINT('',(247.67900408121,113.95160013919,3.8));
#3033 = DIRECTION('',(-0.807770111656,-0.589497622315,0.));
#3034 = DIRECTION('',(-0.589497622315,0.807770111656,0.));
#3035 = ADVANCED_FACE('',(#3036),#3054,.F.);
#3036 = FACE_BOUND('',#3037,.F.);
#3037 = EDGE_LOOP('',(#3038,#3039,#3040,#3048));
#3038 = ORIENTED_EDGE('',*,*,#103,.T.);
#3039 = ORIENTED_EDGE('',*,*,#3023,.T.);
#3040 = ORIENTED_EDGE('',*,*,#3041,.T.);
#3041 = EDGE_CURVE('',#3016,#3042,#3044,.T.);
#3042 = VERTEX_POINT('',#3043);
#3043 = CARTESIAN_POINT('',(242.29083506886,121.22098233298,18.));
#3044 = LINE('',#3045,#3046);
#3045 = CARTESIAN_POINT('',(245.01188093347,117.60627537672,18.));
#3046 = VECTOR('',#3047,1.);
#3047 = DIRECTION('',(-0.60141582467,0.798936171315,0.));
#3048 = ORIENTED_EDGE('',*,*,#3049,.F.);
#3049 = EDGE_CURVE('',#96,#3042,#3050,.T.);
#3050 = LINE('',#3051,#3052);
#3051 = CARTESIAN_POINT('',(242.29083506886,121.22098233298,3.8));
#3052 = VECTOR('',#3053,1.);
#3053 = DIRECTION('',(0.,0.,1.));
#3054 = PLANE('',#3055);
#3055 = AXIS2_PLACEMENT_3D('',#3056,#3057,#3058);
#3056 = CARTESIAN_POINT('',(245.01188093347,117.60627537672,3.8));
#3057 = DIRECTION('',(-0.798936171315,-0.60141582467,0.));
#3058 = DIRECTION('',(-0.60141582467,0.798936171315,0.));
#3059 = ADVANCED_FACE('',(#3060),#3078,.F.);
#3060 = FACE_BOUND('',#3061,.F.);
#3061 = EDGE_LOOP('',(#3062,#3063,#3064,#3072));
#3062 = ORIENTED_EDGE('',*,*,#95,.T.);
#3063 = ORIENTED_EDGE('',*,*,#3049,.T.);
#3064 = ORIENTED_EDGE('',*,*,#3065,.T.);
#3065 = EDGE_CURVE('',#3042,#3066,#3068,.T.);
#3066 = VERTEX_POINT('',#3067);
#3067 = CARTESIAN_POINT('',(239.51646534073,124.79492547588,18.));
#3068 = LINE('',#3069,#3070);
#3069 = CARTESIAN_POINT('',(242.29083506886,121.22098233298,18.));
#3070 = VECTOR('',#3071,1.);
#3071 = DIRECTION('',(-0.613201666199,0.789926399465,0.));
#3072 = ORIENTED_EDGE('',*,*,#3073,.F.);
#3073 = EDGE_CURVE('',#88,#3066,#3074,.T.);
#3074 = LINE('',#3075,#3076);
#3075 = CARTESIAN_POINT('',(239.51646534073,124.79492547588,3.8));
#3076 = VECTOR('',#3077,1.);
#3077 = DIRECTION('',(0.,0.,1.));
#3078 = PLANE('',#3079);
#3079 = AXIS2_PLACEMENT_3D('',#3080,#3081,#3082);
#3080 = CARTESIAN_POINT('',(242.29083506886,121.22098233298,3.8));
#3081 = DIRECTION('',(-0.789926399465,-0.613201666199,0.));
#3082 = DIRECTION('',(-0.613201666199,0.789926399465,0.));
#3083 = ADVANCED_FACE('',(#3084),#3102,.F.);
#3084 = FACE_BOUND('',#3085,.F.);
#3085 = EDGE_LOOP('',(#3086,#3087,#3088,#3096));
#3086 = ORIENTED_EDGE('',*,*,#87,.T.);
#3087 = ORIENTED_EDGE('',*,*,#3073,.T.);
#3088 = ORIENTED_EDGE('',*,*,#3089,.T.);
#3089 = EDGE_CURVE('',#3066,#3090,#3092,.T.);
#3090 = VERTEX_POINT('',#3091);
#3091 = CARTESIAN_POINT('',(236.68938233806,128.32731824467,18.));
#3092 = LINE('',#3093,#3094);
#3093 = CARTESIAN_POINT('',(239.51646534073,124.79492547588,18.));
#3094 = VECTOR('',#3095,1.);
#3095 = DIRECTION('',(-0.624852553048,0.780742778993,0.));
#3096 = ORIENTED_EDGE('',*,*,#3097,.F.);
#3097 = EDGE_CURVE('',#80,#3090,#3098,.T.);
#3098 = LINE('',#3099,#3100);
#3099 = CARTESIAN_POINT('',(236.68938233806,128.32731824467,3.8));
#3100 = VECTOR('',#3101,1.);
#3101 = DIRECTION('',(0.,0.,1.));
#3102 = PLANE('',#3103);
#3103 = AXIS2_PLACEMENT_3D('',#3104,#3105,#3106);
#3104 = CARTESIAN_POINT('',(239.51646534073,124.79492547588,3.8));
#3105 = DIRECTION('',(-0.780742778993,-0.624852553048,0.));
#3106 = DIRECTION('',(-0.624852553048,0.780742778993,0.));
#3107 = ADVANCED_FACE('',(#3108),#3126,.F.);
#3108 = FACE_BOUND('',#3109,.F.);
#3109 = EDGE_LOOP('',(#3110,#3111,#3112,#3120));
#3110 = ORIENTED_EDGE('',*,*,#79,.T.);
#3111 = ORIENTED_EDGE('',*,*,#3097,.T.);
#3112 = ORIENTED_EDGE('',*,*,#3113,.T.);
#3113 = EDGE_CURVE('',#3090,#3114,#3116,.T.);
#3114 = VERTEX_POINT('',#3115);
#3115 = CARTESIAN_POINT('',(233.81020825107,131.81738322312,18.));
#3116 = LINE('',#3117,#3118);
#3117 = CARTESIAN_POINT('',(236.68938233806,128.32731824467,18.));
#3118 = VECTOR('',#3119,1.);
#3119 = DIRECTION('',(-0.636365921066,0.771387331051,0.));
#3120 = ORIENTED_EDGE('',*,*,#3121,.F.);
#3121 = EDGE_CURVE('',#72,#3114,#3122,.T.);
#3122 = LINE('',#3123,#3124);
#3123 = CARTESIAN_POINT('',(233.81020825107,131.81738322312,3.8));
#3124 = VECTOR('',#3125,1.);
#3125 = DIRECTION('',(0.,0.,1.));
#3126 = PLANE('',#3127);
#3127 = AXIS2_PLACEMENT_3D('',#3128,#3129,#3130);
#3128 = CARTESIAN_POINT('',(236.68938233806,128.32731824467,3.8));
#3129 = DIRECTION('',(-0.771387331051,-0.636365921066,0.));
#3130 = DIRECTION('',(-0.636365921066,0.771387331051,0.));
#3131 = ADVANCED_FACE('',(#3132),#3150,.F.);
#3132 = FACE_BOUND('',#3133,.F.);
#3133 = EDGE_LOOP('',(#3134,#3135,#3136,#3144));
#3134 = ORIENTED_EDGE('',*,*,#71,.T.);
#3135 = ORIENTED_EDGE('',*,*,#3121,.T.);
#3136 = ORIENTED_EDGE('',*,*,#3137,.T.);
#3137 = EDGE_CURVE('',#3114,#3138,#3140,.T.);
#3138 = VERTEX_POINT('',#3139);
#3139 = CARTESIAN_POINT('',(230.87957673429,135.26435231057,18.));
#3140 = LINE('',#3141,#3142);
#3141 = CARTESIAN_POINT('',(233.81020825107,131.81738322312,18.));
#3142 = VECTOR('',#3143,1.);
#3143 = DIRECTION('',(-0.647739236369,0.761862114603,0.));
#3144 = ORIENTED_EDGE('',*,*,#3145,.F.);
#3145 = EDGE_CURVE('',#64,#3138,#3146,.T.);
#3146 = LINE('',#3147,#3148);
#3147 = CARTESIAN_POINT('',(230.87957673429,135.26435231057,3.8));
#3148 = VECTOR('',#3149,1.);
#3149 = DIRECTION('',(0.,0.,1.));
#3150 = PLANE('',#3151);
#3151 = AXIS2_PLACEMENT_3D('',#3152,#3153,#3154);
#3152 = CARTESIAN_POINT('',(233.81020825107,131.81738322312,3.8));
#3153 = DIRECTION('',(-0.761862114603,-0.647739236369,0.));
#3154 = DIRECTION('',(-0.647739236369,0.761862114603,0.));
#3155 = ADVANCED_FACE('',(#3156),#3174,.F.);
#3156 = FACE_BOUND('',#3157,.F.);
#3157 = EDGE_LOOP('',(#3158,#3159,#3160,#3168));
#3158 = ORIENTED_EDGE('',*,*,#63,.T.);
#3159 = ORIENTED_EDGE('',*,*,#3145,.T.);
#3160 = ORIENTED_EDGE('',*,*,#3161,.T.);
#3161 = EDGE_CURVE('',#3138,#3162,#3164,.T.);
#3162 = VERTEX_POINT('',#3163);
#3163 = CARTESIAN_POINT('',(227.89813276712,138.66746689101,18.));
#3164 = LINE('',#3165,#3166);
#3165 = CARTESIAN_POINT('',(230.87957673429,135.26435231057,18.));
#3166 = VECTOR('',#3167,1.);
#3167 = DIRECTION('',(-0.658969995893,0.752169225981,0.));
#3168 = ORIENTED_EDGE('',*,*,#3169,.F.);
#3169 = EDGE_CURVE('',#56,#3162,#3170,.T.);
#3170 = LINE('',#3171,#3172);
#3171 = CARTESIAN_POINT('',(227.89813276712,138.66746689101,3.8));
#3172 = VECTOR('',#3173,1.);
#3173 = DIRECTION('',(0.,0.,1.));
#3174 = PLANE('',#3175);
#3175 = AXIS2_PLACEMENT_3D('',#3176,#3177,#3178);
#3176 = CARTESIAN_POINT('',(230.87957673429,135.26435231057,3.8));
#3177 = DIRECTION('',(-0.752169225981,-0.658969995893,0.));
#3178 = DIRECTION('',(-0.658969995893,0.752169225981,0.));
#3179 = ADVANCED_FACE('',(#3180),#3214,.F.);
#3180 = FACE_BOUND('',#3181,.F.);
#3181 = EDGE_LOOP('',(#3182,#3183,#3184,#3192,#3200,#3208));
#3182 = ORIENTED_EDGE('',*,*,#55,.T.);
#3183 = ORIENTED_EDGE('',*,*,#3169,.T.);
#3184 = ORIENTED_EDGE('',*,*,#3185,.T.);
#3185 = EDGE_CURVE('',#3162,#3186,#3188,.T.);
#3186 = VERTEX_POINT('',#3187);
#3187 = CARTESIAN_POINT('',(224.86653251185,142.025978,18.));
#3188 = LINE('',#3189,#3190);
#3189 = CARTESIAN_POINT('',(227.89813276712,138.66746689101,18.));
#3190 = VECTOR('',#3191,1.);
#3191 = DIRECTION('',(-0.67005572795,0.742310798414,0.));
#3192 = ORIENTED_EDGE('',*,*,#3193,.F.);
#3193 = EDGE_CURVE('',#3194,#3186,#3196,.T.);
#3194 = VERTEX_POINT('',#3195);
#3195 = CARTESIAN_POINT('',(224.86653251185,142.025978,14.));
#3196 = LINE('',#3197,#3198);
#3197 = CARTESIAN_POINT('',(224.86653251185,142.025978,3.8));
#3198 = VECTOR('',#3199,1.);
#3199 = DIRECTION('',(0.,0.,1.));
#3200 = ORIENTED_EDGE('',*,*,#3201,.T.);
#3201 = EDGE_CURVE('',#3194,#3202,#3204,.T.);
#3202 = VERTEX_POINT('',#3203);
#3203 = CARTESIAN_POINT('',(227.14663679053,139.5,14.));
#3204 = LINE('',#3205,#3206);
#3205 = CARTESIAN_POINT('',(273.60183692451,88.035330326292,14.));
#3206 = VECTOR('',#3207,1.);
#3207 = DIRECTION('',(0.67005572795,-0.742310798414,0.));
#3208 = ORIENTED_EDGE('',*,*,#3209,.F.);
#3209 = EDGE_CURVE('',#48,#3202,#3210,.T.);
#3210 = LINE('',#3211,#3212);
#3211 = CARTESIAN_POINT('',(227.14663679053,139.5,3.9));
#3212 = VECTOR('',#3213,1.);
#3213 = DIRECTION('',(0.,0.,1.));
#3214 = PLANE('',#3215);
#3215 = AXIS2_PLACEMENT_3D('',#3216,#3217,#3218);
#3216 = CARTESIAN_POINT('',(227.89813276712,138.66746689101,3.8));
#3217 = DIRECTION('',(-0.742310798414,-0.67005572795,0.));
#3218 = DIRECTION('',(-0.67005572795,0.742310798414,0.));
#3219 = ADVANCED_FACE('',(#3220),#3238,.F.);
#3220 = FACE_BOUND('',#3221,.F.);
#3221 = EDGE_LOOP('',(#3222,#3223,#3224,#3232));
#3222 = ORIENTED_EDGE('',*,*,#47,.F.);
#3223 = ORIENTED_EDGE('',*,*,#3209,.T.);
#3224 = ORIENTED_EDGE('',*,*,#3225,.T.);
#3225 = EDGE_CURVE('',#3202,#3226,#3228,.T.);
#3226 = VERTEX_POINT('',#3227);
#3227 = CARTESIAN_POINT('',(332.,139.5,14.));
#3228 = LINE('',#3229,#3230);
#3229 = CARTESIAN_POINT('',(140.,139.5,14.));
#3230 = VECTOR('',#3231,1.);
#3231 = DIRECTION('',(1.,0.,0.));
#3232 = ORIENTED_EDGE('',*,*,#3233,.T.);
#3233 = EDGE_CURVE('',#3226,#40,#3234,.T.);
#3234 = LINE('',#3235,#3236);
#3235 = CARTESIAN_POINT('',(332.,139.5,4.));
#3236 = VECTOR('',#3237,1.);
#3237 = DIRECTION('',(0.,0.,-1.));
#3238 = PLANE('',#3239);
#3239 = AXIS2_PLACEMENT_3D('',#3240,#3241,#3242);
#3240 = CARTESIAN_POINT('',(140.,139.5,4.));
#3241 = DIRECTION('',(0.,1.,0.));
#3242 = DIRECTION('',(0.,0.,1.));
#3243 = ADVANCED_FACE('',(#3244),#3262,.F.);
#3244 = FACE_BOUND('',#3245,.F.);
#3245 = EDGE_LOOP('',(#3246,#3254,#3255,#3256));
#3246 = ORIENTED_EDGE('',*,*,#3247,.T.);
#3247 = EDGE_CURVE('',#3248,#32,#3250,.T.);
#3248 = VERTEX_POINT('',#3249);
#3249 = CARTESIAN_POINT('',(332.,-139.5,14.));
#3250 = LINE('',#3251,#3252);
#3251 = CARTESIAN_POINT('',(332.,-139.5,4.));
#3252 = VECTOR('',#3253,1.);
#3253 = DIRECTION('',(0.,0.,-1.));
#3254 = ORIENTED_EDGE('',*,*,#39,.T.);
#3255 = ORIENTED_EDGE('',*,*,#3233,.F.);
#3256 = ORIENTED_EDGE('',*,*,#3257,.F.);
#3257 = EDGE_CURVE('',#3248,#3226,#3258,.T.);
#3258 = LINE('',#3259,#3260);
#3259 = CARTESIAN_POINT('',(332.,-147.5,14.));
#3260 = VECTOR('',#3261,1.);
#3261 = DIRECTION('',(0.,1.,0.));
#3262 = PLANE('',#3263);
#3263 = AXIS2_PLACEMENT_3D('',#3264,#3265,#3266);
#3264 = CARTESIAN_POINT('',(332.,-147.5,4.));
#3265 = DIRECTION('',(1.,0.,0.));
#3266 = DIRECTION('',(0.,0.,1.));
#3267 = ADVANCED_FACE('',(#3268),#3279,.T.);
#3268 = FACE_BOUND('',#3269,.T.);
#3269 = EDGE_LOOP('',(#3270,#3271,#3272,#3278));
#3270 = ORIENTED_EDGE('',*,*,#31,.F.);
#3271 = ORIENTED_EDGE('',*,*,#807,.T.);
#3272 = ORIENTED_EDGE('',*,*,#3273,.T.);
#3273 = EDGE_CURVE('',#800,#3248,#3274,.T.);
#3274 = LINE('',#3275,#3276);
#3275 = CARTESIAN_POINT('',(140.,-139.5,14.));
#3276 = VECTOR('',#3277,1.);
#3277 = DIRECTION('',(1.,0.,0.));
#3278 = ORIENTED_EDGE('',*,*,#3247,.T.);
#3279 = PLANE('',#3280);
#3280 = AXIS2_PLACEMENT_3D('',#3281,#3282,#3283);
#3281 = CARTESIAN_POINT('',(140.,-139.5,4.));
#3282 = DIRECTION('',(0.,1.,0.));
#3283 = DIRECTION('',(0.,0.,1.));
#3284 = ADVANCED_FACE('',(#3285),#3310,.T.);
#3285 = FACE_BOUND('',#3286,.T.);
#3286 = EDGE_LOOP('',(#3287,#3295,#3303,#3309));
#3287 = ORIENTED_EDGE('',*,*,#3288,.T.);
#3288 = EDGE_CURVE('',#790,#3289,#3291,.T.);
#3289 = VERTEX_POINT('',#3290);
#3290 = CARTESIAN_POINT('',(340.,-147.5,0.));
#3291 = LINE('',#3292,#3293);
#3292 = CARTESIAN_POINT('',(140.,-147.5,0.));
#3293 = VECTOR('',#3294,1.);
#3294 = DIRECTION('',(1.,0.,0.));
#3295 = ORIENTED_EDGE('',*,*,#3296,.T.);
#3296 = EDGE_CURVE('',#3289,#3297,#3299,.T.);
#3297 = VERTEX_POINT('',#3298);
#3298 = CARTESIAN_POINT('',(340.,-147.5,14.));
#3299 = LINE('',#3300,#3301);
#3300 = CARTESIAN_POINT('',(340.,-147.5,0.));
#3301 = VECTOR('',#3302,1.);
#3302 = DIRECTION('',(0.,0.,1.));
#3303 = ORIENTED_EDGE('',*,*,#3304,.F.);
#3304 = EDGE_CURVE('',#792,#3297,#3305,.T.);
#3305 = LINE('',#3306,#3307);
#3306 = CARTESIAN_POINT('',(140.,-147.5,14.));
#3307 = VECTOR('',#3308,1.);
#3308 = DIRECTION('',(1.,0.,0.));
#3309 = ORIENTED_EDGE('',*,*,#789,.F.);
#3310 = PLANE('',#3311);
#3311 = AXIS2_PLACEMENT_3D('',#3312,#3313,#3314);
#3312 = CARTESIAN_POINT('',(240.,-147.5,7.));
#3313 = DIRECTION('',(-0.,-1.,-0.));
#3314 = DIRECTION('',(0.,0.,-1.));
#3315 = ADVANCED_FACE('',(#3316),#3361,.T.);
#3316 = FACE_BOUND('',#3317,.T.);
#3317 = EDGE_LOOP('',(#3318,#3319,#3320,#3321,#3329,#3335,#3336,#3344,
    #3352,#3358,#3359,#3360));
#3318 = ORIENTED_EDGE('',*,*,#3273,.F.);
#3319 = ORIENTED_EDGE('',*,*,#799,.F.);
#3320 = ORIENTED_EDGE('',*,*,#3304,.T.);
#3321 = ORIENTED_EDGE('',*,*,#3322,.T.);
#3322 = EDGE_CURVE('',#3297,#3323,#3325,.T.);
#3323 = VERTEX_POINT('',#3324);
#3324 = CARTESIAN_POINT('',(340.,147.5,14.));
#3325 = LINE('',#3326,#3327);
#3326 = CARTESIAN_POINT('',(340.,139.5,14.));
#3327 = VECTOR('',#3328,1.);
#3328 = DIRECTION('',(0.,1.,0.));
#3329 = ORIENTED_EDGE('',*,*,#3330,.F.);
#3330 = EDGE_CURVE('',#878,#3323,#3331,.T.);
#3331 = LINE('',#3332,#3333);
#3332 = CARTESIAN_POINT('',(140.,147.5,14.));
#3333 = VECTOR('',#3334,1.);
#3334 = DIRECTION('',(1.,0.,0.));
#3335 = ORIENTED_EDGE('',*,*,#877,.F.);
#3336 = ORIENTED_EDGE('',*,*,#3337,.T.);
#3337 = EDGE_CURVE('',#870,#3338,#3340,.T.);
#3338 = VERTEX_POINT('',#3339);
#3339 = CARTESIAN_POINT('',(215.59912917291,139.5,14.));
#3340 = LINE('',#3341,#3342);
#3341 = CARTESIAN_POINT('',(140.,139.5,14.));
#3342 = VECTOR('',#3343,1.);
#3343 = DIRECTION('',(1.,0.,0.));
#3344 = ORIENTED_EDGE('',*,*,#3345,.T.);
#3345 = EDGE_CURVE('',#3338,#3346,#3348,.T.);
#3346 = VERTEX_POINT('',#3347);
#3347 = CARTESIAN_POINT('',(221.78544316927,145.33914648954,14.));
#3348 = LINE('',#3349,#3350);
#3349 = CARTESIAN_POINT('',(200.34093436236,125.09807427859,14.));
#3350 = VECTOR('',#3351,1.);
#3351 = DIRECTION('',(0.727217527524,0.686407071396,0.));
#3352 = ORIENTED_EDGE('',*,*,#3353,.T.);
#3353 = EDGE_CURVE('',#3346,#3194,#3354,.T.);
#3354 = LINE('',#3355,#3356);
#3355 = CARTESIAN_POINT('',(272.56962392894,90.729711724099,14.));
#3356 = VECTOR('',#3357,1.);
#3357 = DIRECTION('',(0.680993992769,-0.732289001565,0.));
#3358 = ORIENTED_EDGE('',*,*,#3201,.T.);
#3359 = ORIENTED_EDGE('',*,*,#3225,.T.);
#3360 = ORIENTED_EDGE('',*,*,#3257,.F.);
#3361 = PLANE('',#3362);
#3362 = AXIS2_PLACEMENT_3D('',#3363,#3364,#3365);
#3363 = CARTESIAN_POINT('',(277.86899563318,0.,14.));
#3364 = DIRECTION('',(0.,0.,1.));
#3365 = DIRECTION('',(1.,0.,0.));
#3366 = ADVANCED_FACE('',(#3367),#3373,.T.);
#3367 = FACE_BOUND('',#3368,.T.);
#3368 = EDGE_LOOP('',(#3369,#3370,#3371,#3372));
#3369 = ORIENTED_EDGE('',*,*,#822,.F.);
#3370 = ORIENTED_EDGE('',*,*,#993,.T.);
#3371 = ORIENTED_EDGE('',*,*,#1048,.T.);
#3372 = ORIENTED_EDGE('',*,*,#1129,.F.);
#3373 = PLANE('',#3374);
#3374 = AXIS2_PLACEMENT_3D('',#3375,#3376,#3377);
#3375 = CARTESIAN_POINT('',(140.,-115.,24.));
#3376 = DIRECTION('',(0.,0.,1.));
#3377 = DIRECTION('',(1.,0.,0.));
#3378 = ADVANCED_FACE('',(#3379),#3390,.T.);
#3379 = FACE_BOUND('',#3380,.T.);
#3380 = EDGE_LOOP('',(#3381,#3382,#3383,#3384));
#3381 = ORIENTED_EDGE('',*,*,#845,.F.);
#3382 = ORIENTED_EDGE('',*,*,#1146,.T.);
#3383 = ORIENTED_EDGE('',*,*,#1210,.T.);
#3384 = ORIENTED_EDGE('',*,*,#3385,.F.);
#3385 = EDGE_CURVE('',#846,#1203,#3386,.T.);
#3386 = LINE('',#3387,#3388);
#3387 = CARTESIAN_POINT('',(140.,115.,24.));
#3388 = VECTOR('',#3389,1.);
#3389 = DIRECTION('',(1.,0.,0.));
#3390 = PLANE('',#3391);
#3391 = AXIS2_PLACEMENT_3D('',#3392,#3393,#3394);
#3392 = CARTESIAN_POINT('',(140.,65.,24.));
#3393 = DIRECTION('',(0.,0.,1.));
#3394 = DIRECTION('',(1.,0.,0.));
#3395 = ADVANCED_FACE('',(#3396),#3407,.T.);
#3396 = FACE_BOUND('',#3397,.T.);
#3397 = EDGE_LOOP('',(#3398,#3404,#3405,#3406));
#3398 = ORIENTED_EDGE('',*,*,#3399,.F.);
#3399 = EDGE_CURVE('',#854,#1195,#3400,.T.);
#3400 = LINE('',#3401,#3402);
#3401 = CARTESIAN_POINT('',(140.,115.,4.));
#3402 = VECTOR('',#3403,1.);
#3403 = DIRECTION('',(1.,0.,0.));
#3404 = ORIENTED_EDGE('',*,*,#853,.T.);
#3405 = ORIENTED_EDGE('',*,*,#3385,.T.);
#3406 = ORIENTED_EDGE('',*,*,#1202,.F.);
#3407 = PLANE('',#3408);
#3408 = AXIS2_PLACEMENT_3D('',#3409,#3410,#3411);
#3409 = CARTESIAN_POINT('',(140.,115.,4.));
#3410 = DIRECTION('',(0.,1.,0.));
#3411 = DIRECTION('',(0.,0.,1.));
#3412 = ADVANCED_FACE('',(#3413),#3456,.T.);
#3413 = FACE_BOUND('',#3414,.T.);
#3414 = EDGE_LOOP('',(#3415,#3425,#3431,#3432,#3433,#3434,#3442,#3450));
#3415 = ORIENTED_EDGE('',*,*,#3416,.T.);
#3416 = EDGE_CURVE('',#3417,#3419,#3421,.T.);
#3417 = VERTEX_POINT('',#3418);
#3418 = CARTESIAN_POINT('',(183.97013173804,109.64597877695,4.));
#3419 = VERTEX_POINT('',#3420);
#3420 = CARTESIAN_POINT('',(215.59912917291,139.5,4.));
#3421 = LINE('',#3422,#3423);
#3422 = CARTESIAN_POINT('',(127.07166202153,55.940573603345,4.));
#3423 = VECTOR('',#3424,1.);
#3424 = DIRECTION('',(0.727217527524,0.686407071396,0.));
#3425 = ORIENTED_EDGE('',*,*,#3426,.F.);
#3426 = EDGE_CURVE('',#862,#3419,#3427,.T.);
#3427 = LINE('',#3428,#3429);
#3428 = CARTESIAN_POINT('',(140.,139.5,4.));
#3429 = VECTOR('',#3430,1.);
#3430 = DIRECTION('',(1.,0.,0.));
#3431 = ORIENTED_EDGE('',*,*,#861,.F.);
#3432 = ORIENTED_EDGE('',*,*,#3399,.T.);
#3433 = ORIENTED_EDGE('',*,*,#1194,.F.);
#3434 = ORIENTED_EDGE('',*,*,#3435,.T.);
#3435 = EDGE_CURVE('',#1187,#3436,#3438,.T.);
#3436 = VERTEX_POINT('',#3437);
#3437 = CARTESIAN_POINT('',(188.61868155155,104.57924452209,4.));
#3438 = LINE('',#3439,#3440);
#3439 = CARTESIAN_POINT('',(139.22825094907,93.413854625259,4.));
#3440 = VECTOR('',#3441,1.);
#3441 = DIRECTION('',(0.975387035788,0.220499728835,0.));
#3442 = ORIENTED_EDGE('',*,*,#3443,.T.);
#3443 = EDGE_CURVE('',#3436,#3444,#3446,.T.);
#3444 = VERTEX_POINT('',#3445);
#3445 = CARTESIAN_POINT('',(186.52588293681,106.89771886061,4.));
#3446 = LINE('',#3447,#3448);
#3447 = CARTESIAN_POINT('',(239.34880138599,48.378671663567,4.));
#3448 = VECTOR('',#3449,1.);
#3449 = DIRECTION('',(-0.67005572795,0.742310798414,0.));
#3450 = ORIENTED_EDGE('',*,*,#3451,.T.);
#3451 = EDGE_CURVE('',#3444,#3417,#3452,.T.);
#3452 = LINE('',#3453,#3454);
#3453 = CARTESIAN_POINT('',(237.89184097162,51.662685184655,4.));
#3454 = VECTOR('',#3455,1.);
#3455 = DIRECTION('',(-0.680993992769,0.732289001565,0.));
#3456 = PLANE('',#3457);
#3457 = AXIS2_PLACEMENT_3D('',#3458,#3459,#3460);
#3458 = CARTESIAN_POINT('',(140.,-147.5,4.));
#3459 = DIRECTION('',(0.,0.,1.));
#3460 = DIRECTION('',(1.,0.,0.));
#3461 = ADVANCED_FACE('',(#3462),#3473,.F.);
#3462 = FACE_BOUND('',#3463,.F.);
#3463 = EDGE_LOOP('',(#3464,#3465,#3466,#3467));
#3464 = ORIENTED_EDGE('',*,*,#3426,.F.);
#3465 = ORIENTED_EDGE('',*,*,#869,.T.);
#3466 = ORIENTED_EDGE('',*,*,#3337,.T.);
#3467 = ORIENTED_EDGE('',*,*,#3468,.T.);
#3468 = EDGE_CURVE('',#3338,#3419,#3469,.T.);
#3469 = LINE('',#3470,#3471);
#3470 = CARTESIAN_POINT('',(215.59912917291,139.5,3.9));
#3471 = VECTOR('',#3472,1.);
#3472 = DIRECTION('',(0.,0.,-1.));
#3473 = PLANE('',#3474);
#3474 = AXIS2_PLACEMENT_3D('',#3475,#3476,#3477);
#3475 = CARTESIAN_POINT('',(140.,139.5,4.));
#3476 = DIRECTION('',(0.,1.,0.));
#3477 = DIRECTION('',(0.,0.,1.));
#3478 = ADVANCED_FACE('',(#3479),#3497,.T.);
#3479 = FACE_BOUND('',#3480,.T.);
#3480 = EDGE_LOOP('',(#3481,#3489,#3490,#3491));
#3481 = ORIENTED_EDGE('',*,*,#3482,.F.);
#3482 = EDGE_CURVE('',#886,#3483,#3485,.T.);
#3483 = VERTEX_POINT('',#3484);
#3484 = CARTESIAN_POINT('',(340.,147.5,0.));
#3485 = LINE('',#3486,#3487);
#3486 = CARTESIAN_POINT('',(140.,147.5,0.));
#3487 = VECTOR('',#3488,1.);
#3488 = DIRECTION('',(1.,0.,0.));
#3489 = ORIENTED_EDGE('',*,*,#885,.T.);
#3490 = ORIENTED_EDGE('',*,*,#3330,.T.);
#3491 = ORIENTED_EDGE('',*,*,#3492,.F.);
#3492 = EDGE_CURVE('',#3483,#3323,#3493,.T.);
#3493 = LINE('',#3494,#3495);
#3494 = CARTESIAN_POINT('',(340.,147.5,4.));
#3495 = VECTOR('',#3496,1.);
#3496 = DIRECTION('',(0.,0.,1.));
#3497 = PLANE('',#3498);
#3498 = AXIS2_PLACEMENT_3D('',#3499,#3500,#3501);
#3499 = CARTESIAN_POINT('',(240.,147.5,7.));
#3500 = DIRECTION('',(0.,1.,0.));
#3501 = DIRECTION('',(0.,0.,1.));
#3502 = ADVANCED_FACE('',(#3503),#3514,.F.);
#3503 = FACE_BOUND('',#3504,.F.);
#3504 = EDGE_LOOP('',(#3505,#3506,#3507,#3513));
#3505 = ORIENTED_EDGE('',*,*,#893,.F.);
#3506 = ORIENTED_EDGE('',*,*,#3288,.T.);
#3507 = ORIENTED_EDGE('',*,*,#3508,.T.);
#3508 = EDGE_CURVE('',#3289,#3483,#3509,.T.);
#3509 = LINE('',#3510,#3511);
#3510 = CARTESIAN_POINT('',(340.,-147.5,0.));
#3511 = VECTOR('',#3512,1.);
#3512 = DIRECTION('',(0.,1.,0.));
#3513 = ORIENTED_EDGE('',*,*,#3482,.F.);
#3514 = PLANE('',#3515);
#3515 = AXIS2_PLACEMENT_3D('',#3516,#3517,#3518);
#3516 = CARTESIAN_POINT('',(140.,-147.5,0.));
#3517 = DIRECTION('',(0.,0.,1.));
#3518 = DIRECTION('',(1.,0.,0.));
#3519 = ADVANCED_FACE('',(#3520,#3545),#3579,.T.);
#3520 = FACE_BOUND('',#3521,.T.);
#3521 = EDGE_LOOP('',(#3522,#3532,#3538,#3539));
#3522 = ORIENTED_EDGE('',*,*,#3523,.T.);
#3523 = EDGE_CURVE('',#3524,#3526,#3528,.T.);
#3524 = VERTEX_POINT('',#3525);
#3525 = CARTESIAN_POINT('',(90.,-102.,4.));
#3526 = VERTEX_POINT('',#3527);
#3527 = CARTESIAN_POINT('',(90.,-78.,4.));
#3528 = LINE('',#3529,#3530);
#3529 = CARTESIAN_POINT('',(90.,-102.,4.));
#3530 = VECTOR('',#3531,1.);
#3531 = DIRECTION('',(0.,1.,0.));
#3532 = ORIENTED_EDGE('',*,*,#3533,.T.);
#3533 = EDGE_CURVE('',#3526,#904,#3534,.T.);
#3534 = LINE('',#3535,#3536);
#3535 = CARTESIAN_POINT('',(90.,-78.,4.));
#3536 = VECTOR('',#3537,1.);
#3537 = DIRECTION('',(1.,0.,0.));
#3538 = ORIENTED_EDGE('',*,*,#901,.F.);
#3539 = ORIENTED_EDGE('',*,*,#3540,.F.);
#3540 = EDGE_CURVE('',#3524,#902,#3541,.T.);
#3541 = LINE('',#3542,#3543);
#3542 = CARTESIAN_POINT('',(90.,-102.,4.));
#3543 = VECTOR('',#3544,1.);
#3544 = DIRECTION('',(1.,0.,0.));
#3545 = FACE_BOUND('',#3546,.T.);
#3546 = EDGE_LOOP('',(#3547,#3557,#3565,#3573));
#3547 = ORIENTED_EDGE('',*,*,#3548,.F.);
#3548 = EDGE_CURVE('',#3549,#3551,#3553,.T.);
#3549 = VERTEX_POINT('',#3550);
#3550 = CARTESIAN_POINT('',(110.7,-83.7,4.));
#3551 = VERTEX_POINT('',#3552);
#3552 = CARTESIAN_POINT('',(119.3,-83.7,4.));
#3553 = LINE('',#3554,#3555);
#3554 = CARTESIAN_POINT('',(112.85,-83.7,4.));
#3555 = VECTOR('',#3556,1.);
#3556 = DIRECTION('',(1.,0.,0.));
#3557 = ORIENTED_EDGE('',*,*,#3558,.T.);
#3558 = EDGE_CURVE('',#3549,#3559,#3561,.T.);
#3559 = VERTEX_POINT('',#3560);
#3560 = CARTESIAN_POINT('',(110.7,-96.3,4.));
#3561 = LINE('',#3562,#3563);
#3562 = CARTESIAN_POINT('',(110.7,-93.15,4.));
#3563 = VECTOR('',#3564,1.);
#3564 = DIRECTION('',(0.,-1.,0.));
#3565 = ORIENTED_EDGE('',*,*,#3566,.T.);
#3566 = EDGE_CURVE('',#3559,#3567,#3569,.T.);
#3567 = VERTEX_POINT('',#3568);
#3568 = CARTESIAN_POINT('',(119.3,-96.3,4.));
#3569 = LINE('',#3570,#3571);
#3570 = CARTESIAN_POINT('',(112.85,-96.3,4.));
#3571 = VECTOR('',#3572,1.);
#3572 = DIRECTION('',(1.,0.,0.));
#3573 = ORIENTED_EDGE('',*,*,#3574,.F.);
#3574 = EDGE_CURVE('',#3551,#3567,#3575,.T.);
#3575 = LINE('',#3576,#3577);
#3576 = CARTESIAN_POINT('',(119.3,-93.15,4.));
#3577 = VECTOR('',#3578,1.);
#3578 = DIRECTION('',(0.,-1.,0.));
#3579 = PLANE('',#3580);
#3580 = AXIS2_PLACEMENT_3D('',#3581,#3582,#3583);
#3581 = CARTESIAN_POINT('',(115.,-90.,4.));
#3582 = DIRECTION('',(-0.,-0.,-1.));
#3583 = DIRECTION('',(-1.,0.,0.));
#3584 = ADVANCED_FACE('',(#3585),#3603,.F.);
#3585 = FACE_BOUND('',#3586,.F.);
#3586 = EDGE_LOOP('',(#3587,#3595,#3596,#3597));
#3587 = ORIENTED_EDGE('',*,*,#3588,.F.);
#3588 = EDGE_CURVE('',#3526,#3589,#3591,.T.);
#3589 = VERTEX_POINT('',#3590);
#3590 = CARTESIAN_POINT('',(90.,-78.,8.));
#3591 = LINE('',#3592,#3593);
#3592 = CARTESIAN_POINT('',(90.,-78.,4.));
#3593 = VECTOR('',#3594,1.);
#3594 = DIRECTION('',(0.,0.,1.));
#3595 = ORIENTED_EDGE('',*,*,#3533,.T.);
#3596 = ORIENTED_EDGE('',*,*,#911,.T.);
#3597 = ORIENTED_EDGE('',*,*,#3598,.F.);
#3598 = EDGE_CURVE('',#3589,#912,#3599,.T.);
#3599 = LINE('',#3600,#3601);
#3600 = CARTESIAN_POINT('',(90.,-78.,8.));
#3601 = VECTOR('',#3602,1.);
#3602 = DIRECTION('',(1.,0.,0.));
#3603 = PLANE('',#3604);
#3604 = AXIS2_PLACEMENT_3D('',#3605,#3606,#3607);
#3605 = CARTESIAN_POINT('',(90.,-78.,4.));
#3606 = DIRECTION('',(0.,-1.,0.));
#3607 = DIRECTION('',(0.,0.,1.));
#3608 = ADVANCED_FACE('',(#3609),#3659,.F.);
#3609 = FACE_BOUND('',#3610,.F.);
#3610 = EDGE_LOOP('',(#3611,#3619,#3620,#3621,#3629,#3637,#3645,#3653));
#3611 = ORIENTED_EDGE('',*,*,#3612,.F.);
#3612 = EDGE_CURVE('',#3589,#3613,#3615,.T.);
#3613 = VERTEX_POINT('',#3614);
#3614 = CARTESIAN_POINT('',(90.,-90.,20.));
#3615 = LINE('',#3616,#3617);
#3616 = CARTESIAN_POINT('',(90.,-78.,8.));
#3617 = VECTOR('',#3618,1.);
#3618 = DIRECTION('',(0.,-0.707106781187,0.707106781187));
#3619 = ORIENTED_EDGE('',*,*,#3598,.T.);
#3620 = ORIENTED_EDGE('',*,*,#919,.T.);
#3621 = ORIENTED_EDGE('',*,*,#3622,.F.);
#3622 = EDGE_CURVE('',#3623,#920,#3625,.T.);
#3623 = VERTEX_POINT('',#3624);
#3624 = CARTESIAN_POINT('',(119.3,-90.,20.));
#3625 = LINE('',#3626,#3627);
#3626 = CARTESIAN_POINT('',(90.,-90.,20.));
#3627 = VECTOR('',#3628,1.);
#3628 = DIRECTION('',(1.,0.,0.));
#3629 = ORIENTED_EDGE('',*,*,#3630,.F.);
#3630 = EDGE_CURVE('',#3631,#3623,#3633,.T.);
#3631 = VERTEX_POINT('',#3632);
#3632 = CARTESIAN_POINT('',(119.3,-83.7,13.7));
#3633 = LINE('',#3634,#3635);
#3634 = CARTESIAN_POINT('',(119.3,-80.325,10.325));
#3635 = VECTOR('',#3636,1.);
#3636 = DIRECTION('',(0.,-0.707106781187,0.707106781187));
#3637 = ORIENTED_EDGE('',*,*,#3638,.F.);
#3638 = EDGE_CURVE('',#3639,#3631,#3641,.T.);
#3639 = VERTEX_POINT('',#3640);
#3640 = CARTESIAN_POINT('',(110.7,-83.7,13.7));
#3641 = LINE('',#3642,#3643);
#3642 = CARTESIAN_POINT('',(100.35,-83.7,13.7));
#3643 = VECTOR('',#3644,1.);
#3644 = DIRECTION('',(1.,0.,0.));
#3645 = ORIENTED_EDGE('',*,*,#3646,.T.);
#3646 = EDGE_CURVE('',#3639,#3647,#3649,.T.);
#3647 = VERTEX_POINT('',#3648);
#3648 = CARTESIAN_POINT('',(110.7,-90.,20.));
#3649 = LINE('',#3650,#3651);
#3650 = CARTESIAN_POINT('',(110.7,-80.325,10.325));
#3651 = VECTOR('',#3652,1.);
#3652 = DIRECTION('',(0.,-0.707106781187,0.707106781187));
#3653 = ORIENTED_EDGE('',*,*,#3654,.F.);
#3654 = EDGE_CURVE('',#3613,#3647,#3655,.T.);
#3655 = LINE('',#3656,#3657);
#3656 = CARTESIAN_POINT('',(90.,-90.,20.));
#3657 = VECTOR('',#3658,1.);
#3658 = DIRECTION('',(1.,0.,0.));
#3659 = PLANE('',#3660);
#3660 = AXIS2_PLACEMENT_3D('',#3661,#3662,#3663);
#3661 = CARTESIAN_POINT('',(90.,-78.,8.));
#3662 = DIRECTION('',(0.,-0.707106781187,-0.707106781187));
#3663 = DIRECTION('',(0.,-0.707106781187,0.707106781187));
#3664 = ADVANCED_FACE('',(#3665),#3706,.F.);
#3665 = FACE_BOUND('',#3666,.F.);
#3666 = EDGE_LOOP('',(#3667,#3675,#3676,#3684,#3692,#3698,#3699,#3700));
#3667 = ORIENTED_EDGE('',*,*,#3668,.F.);
#3668 = EDGE_CURVE('',#3613,#3669,#3671,.T.);
#3669 = VERTEX_POINT('',#3670);
#3670 = CARTESIAN_POINT('',(90.,-102.,8.));
#3671 = LINE('',#3672,#3673);
#3672 = CARTESIAN_POINT('',(90.,-90.,20.));
#3673 = VECTOR('',#3674,1.);
#3674 = DIRECTION('',(0.,-0.707106781187,-0.707106781187));
#3675 = ORIENTED_EDGE('',*,*,#3654,.T.);
#3676 = ORIENTED_EDGE('',*,*,#3677,.T.);
#3677 = EDGE_CURVE('',#3647,#3678,#3680,.T.);
#3678 = VERTEX_POINT('',#3679);
#3679 = CARTESIAN_POINT('',(110.7,-96.3,13.7));
#3680 = LINE('',#3681,#3682);
#3681 = CARTESIAN_POINT('',(110.7,-96.825,13.175));
#3682 = VECTOR('',#3683,1.);
#3683 = DIRECTION('',(0.,-0.707106781187,-0.707106781187));
#3684 = ORIENTED_EDGE('',*,*,#3685,.T.);
#3685 = EDGE_CURVE('',#3678,#3686,#3688,.T.);
#3686 = VERTEX_POINT('',#3687);
#3687 = CARTESIAN_POINT('',(119.3,-96.3,13.7));
#3688 = LINE('',#3689,#3690);
#3689 = CARTESIAN_POINT('',(100.35,-96.3,13.7));
#3690 = VECTOR('',#3691,1.);
#3691 = DIRECTION('',(1.,0.,0.));
#3692 = ORIENTED_EDGE('',*,*,#3693,.F.);
#3693 = EDGE_CURVE('',#3623,#3686,#3694,.T.);
#3694 = LINE('',#3695,#3696);
#3695 = CARTESIAN_POINT('',(119.3,-96.825,13.175));
#3696 = VECTOR('',#3697,1.);
#3697 = DIRECTION('',(0.,-0.707106781187,-0.707106781187));
#3698 = ORIENTED_EDGE('',*,*,#3622,.T.);
#3699 = ORIENTED_EDGE('',*,*,#927,.T.);
#3700 = ORIENTED_EDGE('',*,*,#3701,.F.);
#3701 = EDGE_CURVE('',#3669,#928,#3702,.T.);
#3702 = LINE('',#3703,#3704);
#3703 = CARTESIAN_POINT('',(90.,-102.,8.));
#3704 = VECTOR('',#3705,1.);
#3705 = DIRECTION('',(1.,0.,0.));
#3706 = PLANE('',#3707);
#3707 = AXIS2_PLACEMENT_3D('',#3708,#3709,#3710);
#3708 = CARTESIAN_POINT('',(90.,-90.,20.));
#3709 = DIRECTION('',(0.,0.707106781187,-0.707106781187));
#3710 = DIRECTION('',(0.,-0.707106781187,-0.707106781187));
#3711 = ADVANCED_FACE('',(#3712),#3723,.F.);
#3712 = FACE_BOUND('',#3713,.F.);
#3713 = EDGE_LOOP('',(#3714,#3720,#3721,#3722));
#3714 = ORIENTED_EDGE('',*,*,#3715,.F.);
#3715 = EDGE_CURVE('',#3669,#3524,#3716,.T.);
#3716 = LINE('',#3717,#3718);
#3717 = CARTESIAN_POINT('',(90.,-102.,8.));
#3718 = VECTOR('',#3719,1.);
#3719 = DIRECTION('',(0.,0.,-1.));
#3720 = ORIENTED_EDGE('',*,*,#3701,.T.);
#3721 = ORIENTED_EDGE('',*,*,#935,.T.);
#3722 = ORIENTED_EDGE('',*,*,#3540,.F.);
#3723 = PLANE('',#3724);
#3724 = AXIS2_PLACEMENT_3D('',#3725,#3726,#3727);
#3725 = CARTESIAN_POINT('',(90.,-102.,8.));
#3726 = DIRECTION('',(0.,1.,0.));
#3727 = DIRECTION('',(0.,0.,-1.));
#3728 = ADVANCED_FACE('',(#3729,#3754),#3788,.T.);
#3729 = FACE_BOUND('',#3730,.T.);
#3730 = EDGE_LOOP('',(#3731,#3741,#3747,#3748));
#3731 = ORIENTED_EDGE('',*,*,#3732,.T.);
#3732 = EDGE_CURVE('',#3733,#3735,#3737,.T.);
#3733 = VERTEX_POINT('',#3734);
#3734 = CARTESIAN_POINT('',(90.,78.,4.));
#3735 = VERTEX_POINT('',#3736);
#3736 = CARTESIAN_POINT('',(90.,102.,4.));
#3737 = LINE('',#3738,#3739);
#3738 = CARTESIAN_POINT('',(90.,78.,4.));
#3739 = VECTOR('',#3740,1.);
#3740 = DIRECTION('',(0.,1.,0.));
#3741 = ORIENTED_EDGE('',*,*,#3742,.T.);
#3742 = EDGE_CURVE('',#3735,#946,#3743,.T.);
#3743 = LINE('',#3744,#3745);
#3744 = CARTESIAN_POINT('',(90.,102.,4.));
#3745 = VECTOR('',#3746,1.);
#3746 = DIRECTION('',(1.,0.,0.));
#3747 = ORIENTED_EDGE('',*,*,#943,.F.);
#3748 = ORIENTED_EDGE('',*,*,#3749,.F.);
#3749 = EDGE_CURVE('',#3733,#944,#3750,.T.);
#3750 = LINE('',#3751,#3752);
#3751 = CARTESIAN_POINT('',(90.,78.,4.));
#3752 = VECTOR('',#3753,1.);
#3753 = DIRECTION('',(1.,0.,0.));
#3754 = FACE_BOUND('',#3755,.T.);
#3755 = EDGE_LOOP('',(#3756,#3766,#3774,#3782));
#3756 = ORIENTED_EDGE('',*,*,#3757,.F.);
#3757 = EDGE_CURVE('',#3758,#3760,#3762,.T.);
#3758 = VERTEX_POINT('',#3759);
#3759 = CARTESIAN_POINT('',(110.7,96.3,4.));
#3760 = VERTEX_POINT('',#3761);
#3761 = CARTESIAN_POINT('',(119.3,96.3,4.));
#3762 = LINE('',#3763,#3764);
#3763 = CARTESIAN_POINT('',(112.85,96.3,4.));
#3764 = VECTOR('',#3765,1.);
#3765 = DIRECTION('',(1.,0.,0.));
#3766 = ORIENTED_EDGE('',*,*,#3767,.T.);
#3767 = EDGE_CURVE('',#3758,#3768,#3770,.T.);
#3768 = VERTEX_POINT('',#3769);
#3769 = CARTESIAN_POINT('',(110.7,83.7,4.));
#3770 = LINE('',#3771,#3772);
#3771 = CARTESIAN_POINT('',(110.7,86.85,4.));
#3772 = VECTOR('',#3773,1.);
#3773 = DIRECTION('',(0.,-1.,0.));
#3774 = ORIENTED_EDGE('',*,*,#3775,.T.);
#3775 = EDGE_CURVE('',#3768,#3776,#3778,.T.);
#3776 = VERTEX_POINT('',#3777);
#3777 = CARTESIAN_POINT('',(119.3,83.7,4.));
#3778 = LINE('',#3779,#3780);
#3779 = CARTESIAN_POINT('',(112.85,83.7,4.));
#3780 = VECTOR('',#3781,1.);
#3781 = DIRECTION('',(1.,0.,0.));
#3782 = ORIENTED_EDGE('',*,*,#3783,.F.);
#3783 = EDGE_CURVE('',#3760,#3776,#3784,.T.);
#3784 = LINE('',#3785,#3786);
#3785 = CARTESIAN_POINT('',(119.3,86.85,4.));
#3786 = VECTOR('',#3787,1.);
#3787 = DIRECTION('',(0.,-1.,0.));
#3788 = PLANE('',#3789);
#3789 = AXIS2_PLACEMENT_3D('',#3790,#3791,#3792);
#3790 = CARTESIAN_POINT('',(115.,90.,4.));
#3791 = DIRECTION('',(-0.,-0.,-1.));
#3792 = DIRECTION('',(-1.,0.,0.));
#3793 = ADVANCED_FACE('',(#3794),#3812,.F.);
#3794 = FACE_BOUND('',#3795,.F.);
#3795 = EDGE_LOOP('',(#3796,#3804,#3805,#3806));
#3796 = ORIENTED_EDGE('',*,*,#3797,.F.);
#3797 = EDGE_CURVE('',#3735,#3798,#3800,.T.);
#3798 = VERTEX_POINT('',#3799);
#3799 = CARTESIAN_POINT('',(90.,102.,8.));
#3800 = LINE('',#3801,#3802);
#3801 = CARTESIAN_POINT('',(90.,102.,4.));
#3802 = VECTOR('',#3803,1.);
#3803 = DIRECTION('',(0.,0.,1.));
#3804 = ORIENTED_EDGE('',*,*,#3742,.T.);
#3805 = ORIENTED_EDGE('',*,*,#953,.T.);
#3806 = ORIENTED_EDGE('',*,*,#3807,.F.);
#3807 = EDGE_CURVE('',#3798,#954,#3808,.T.);
#3808 = LINE('',#3809,#3810);
#3809 = CARTESIAN_POINT('',(90.,102.,8.));
#3810 = VECTOR('',#3811,1.);
#3811 = DIRECTION('',(1.,0.,0.));
#3812 = PLANE('',#3813);
#3813 = AXIS2_PLACEMENT_3D('',#3814,#3815,#3816);
#3814 = CARTESIAN_POINT('',(90.,102.,4.));
#3815 = DIRECTION('',(0.,-1.,0.));
#3816 = DIRECTION('',(0.,0.,1.));
#3817 = ADVANCED_FACE('',(#3818),#3868,.F.);
#3818 = FACE_BOUND('',#3819,.F.);
#3819 = EDGE_LOOP('',(#3820,#3828,#3829,#3830,#3838,#3846,#3854,#3862));
#3820 = ORIENTED_EDGE('',*,*,#3821,.F.);
#3821 = EDGE_CURVE('',#3798,#3822,#3824,.T.);
#3822 = VERTEX_POINT('',#3823);
#3823 = CARTESIAN_POINT('',(90.,90.,20.));
#3824 = LINE('',#3825,#3826);
#3825 = CARTESIAN_POINT('',(90.,102.,8.));
#3826 = VECTOR('',#3827,1.);
#3827 = DIRECTION('',(0.,-0.707106781187,0.707106781187));
#3828 = ORIENTED_EDGE('',*,*,#3807,.T.);
#3829 = ORIENTED_EDGE('',*,*,#961,.T.);
#3830 = ORIENTED_EDGE('',*,*,#3831,.F.);
#3831 = EDGE_CURVE('',#3832,#962,#3834,.T.);
#3832 = VERTEX_POINT('',#3833);
#3833 = CARTESIAN_POINT('',(119.3,90.,20.));
#3834 = LINE('',#3835,#3836);
#3835 = CARTESIAN_POINT('',(90.,90.,20.));
#3836 = VECTOR('',#3837,1.);
#3837 = DIRECTION('',(1.,0.,0.));
#3838 = ORIENTED_EDGE('',*,*,#3839,.F.);
#3839 = EDGE_CURVE('',#3840,#3832,#3842,.T.);
#3840 = VERTEX_POINT('',#3841);
#3841 = CARTESIAN_POINT('',(119.3,96.3,13.7));
#3842 = LINE('',#3843,#3844);
#3843 = CARTESIAN_POINT('',(119.3,99.675,10.325));
#3844 = VECTOR('',#3845,1.);
#3845 = DIRECTION('',(0.,-0.707106781187,0.707106781187));
#3846 = ORIENTED_EDGE('',*,*,#3847,.F.);
#3847 = EDGE_CURVE('',#3848,#3840,#3850,.T.);
#3848 = VERTEX_POINT('',#3849);
#3849 = CARTESIAN_POINT('',(110.7,96.3,13.7));
#3850 = LINE('',#3851,#3852);
#3851 = CARTESIAN_POINT('',(100.35,96.3,13.7));
#3852 = VECTOR('',#3853,1.);
#3853 = DIRECTION('',(1.,0.,0.));
#3854 = ORIENTED_EDGE('',*,*,#3855,.T.);
#3855 = EDGE_CURVE('',#3848,#3856,#3858,.T.);
#3856 = VERTEX_POINT('',#3857);
#3857 = CARTESIAN_POINT('',(110.7,90.,20.));
#3858 = LINE('',#3859,#3860);
#3859 = CARTESIAN_POINT('',(110.7,99.675,10.325));
#3860 = VECTOR('',#3861,1.);
#3861 = DIRECTION('',(0.,-0.707106781187,0.707106781187));
#3862 = ORIENTED_EDGE('',*,*,#3863,.F.);
#3863 = EDGE_CURVE('',#3822,#3856,#3864,.T.);
#3864 = LINE('',#3865,#3866);
#3865 = CARTESIAN_POINT('',(90.,90.,20.));
#3866 = VECTOR('',#3867,1.);
#3867 = DIRECTION('',(1.,0.,0.));
#3868 = PLANE('',#3869);
#3869 = AXIS2_PLACEMENT_3D('',#3870,#3871,#3872);
#3870 = CARTESIAN_POINT('',(90.,102.,8.));
#3871 = DIRECTION('',(0.,-0.707106781187,-0.707106781187));
#3872 = DIRECTION('',(0.,-0.707106781187,0.707106781187));
#3873 = ADVANCED_FACE('',(#3874),#3915,.F.);
#3874 = FACE_BOUND('',#3875,.F.);
#3875 = EDGE_LOOP('',(#3876,#3884,#3885,#3893,#3901,#3907,#3908,#3909));
#3876 = ORIENTED_EDGE('',*,*,#3877,.F.);
#3877 = EDGE_CURVE('',#3822,#3878,#3880,.T.);
#3878 = VERTEX_POINT('',#3879);
#3879 = CARTESIAN_POINT('',(90.,78.,8.));
#3880 = LINE('',#3881,#3882);
#3881 = CARTESIAN_POINT('',(90.,90.,20.));
#3882 = VECTOR('',#3883,1.);
#3883 = DIRECTION('',(0.,-0.707106781187,-0.707106781187));
#3884 = ORIENTED_EDGE('',*,*,#3863,.T.);
#3885 = ORIENTED_EDGE('',*,*,#3886,.T.);
#3886 = EDGE_CURVE('',#3856,#3887,#3889,.T.);
#3887 = VERTEX_POINT('',#3888);
#3888 = CARTESIAN_POINT('',(110.7,83.7,13.7));
#3889 = LINE('',#3890,#3891);
#3890 = CARTESIAN_POINT('',(110.7,83.175,13.175));
#3891 = VECTOR('',#3892,1.);
#3892 = DIRECTION('',(0.,-0.707106781187,-0.707106781187));
#3893 = ORIENTED_EDGE('',*,*,#3894,.T.);
#3894 = EDGE_CURVE('',#3887,#3895,#3897,.T.);
#3895 = VERTEX_POINT('',#3896);
#3896 = CARTESIAN_POINT('',(119.3,83.7,13.7));
#3897 = LINE('',#3898,#3899);
#3898 = CARTESIAN_POINT('',(100.35,83.7,13.7));
#3899 = VECTOR('',#3900,1.);
#3900 = DIRECTION('',(1.,0.,0.));
#3901 = ORIENTED_EDGE('',*,*,#3902,.F.);
#3902 = EDGE_CURVE('',#3832,#3895,#3903,.T.);
#3903 = LINE('',#3904,#3905);
#3904 = CARTESIAN_POINT('',(119.3,83.175,13.175));
#3905 = VECTOR('',#3906,1.);
#3906 = DIRECTION('',(0.,-0.707106781187,-0.707106781187));
#3907 = ORIENTED_EDGE('',*,*,#3831,.T.);
#3908 = ORIENTED_EDGE('',*,*,#969,.T.);
#3909 = ORIENTED_EDGE('',*,*,#3910,.F.);
#3910 = EDGE_CURVE('',#3878,#970,#3911,.T.);
#3911 = LINE('',#3912,#3913);
#3912 = CARTESIAN_POINT('',(90.,78.,8.));
#3913 = VECTOR('',#3914,1.);
#3914 = DIRECTION('',(1.,0.,0.));
#3915 = PLANE('',#3916);
#3916 = AXIS2_PLACEMENT_3D('',#3917,#3918,#3919);
#3917 = CARTESIAN_POINT('',(90.,90.,20.));
#3918 = DIRECTION('',(0.,0.707106781187,-0.707106781187));
#3919 = DIRECTION('',(0.,-0.707106781187,-0.707106781187));
#3920 = ADVANCED_FACE('',(#3921),#3932,.F.);
#3921 = FACE_BOUND('',#3922,.F.);
#3922 = EDGE_LOOP('',(#3923,#3929,#3930,#3931));
#3923 = ORIENTED_EDGE('',*,*,#3924,.F.);
#3924 = EDGE_CURVE('',#3878,#3733,#3925,.T.);
#3925 = LINE('',#3926,#3927);
#3926 = CARTESIAN_POINT('',(90.,78.,8.));
#3927 = VECTOR('',#3928,1.);
#3928 = DIRECTION('',(0.,0.,-1.));
#3929 = ORIENTED_EDGE('',*,*,#3910,.T.);
#3930 = ORIENTED_EDGE('',*,*,#977,.T.);
#3931 = ORIENTED_EDGE('',*,*,#3749,.F.);
#3932 = PLANE('',#3933);
#3933 = AXIS2_PLACEMENT_3D('',#3934,#3935,#3936);
#3934 = CARTESIAN_POINT('',(90.,78.,8.));
#3935 = DIRECTION('',(0.,1.,0.));
#3936 = DIRECTION('',(0.,0.,-1.));
#3937 = ADVANCED_FACE('',(#3938),#3944,.T.);
#3938 = FACE_BOUND('',#3939,.T.);
#3939 = EDGE_LOOP('',(#3940,#3941,#3942,#3943));
#3940 = ORIENTED_EDGE('',*,*,#1112,.F.);
#3941 = ORIENTED_EDGE('',*,*,#1025,.F.);
#3942 = ORIENTED_EDGE('',*,*,#1064,.T.);
#3943 = ORIENTED_EDGE('',*,*,#1096,.T.);
#3944 = PLANE('',#3945);
#3945 = AXIS2_PLACEMENT_3D('',#3946,#3947,#3948);
#3946 = CARTESIAN_POINT('',(139.22825094907,-93.41385462525,14.));
#3947 = DIRECTION('',(0.,0.,1.));
#3948 = DIRECTION('',(0.975387035788,-0.220499728835,0.));
#3949 = ADVANCED_FACE('',(#3950),#3977,.T.);
#3950 = FACE_BOUND('',#3951,.T.);
#3951 = EDGE_LOOP('',(#3952,#3960,#3961,#3962,#3963,#3971));
#3952 = ORIENTED_EDGE('',*,*,#3953,.F.);
#3953 = EDGE_CURVE('',#1179,#3954,#3956,.T.);
#3954 = VERTEX_POINT('',#3955);
#3955 = CARTESIAN_POINT('',(188.61868155155,104.57924452209,14.));
#3956 = LINE('',#3957,#3958);
#3957 = CARTESIAN_POINT('',(139.22825094907,93.413854625259,14.));
#3958 = VECTOR('',#3959,1.);
#3959 = DIRECTION('',(0.975387035788,0.220499728835,0.));
#3960 = ORIENTED_EDGE('',*,*,#1178,.F.);
#3961 = ORIENTED_EDGE('',*,*,#1226,.T.);
#3962 = ORIENTED_EDGE('',*,*,#1248,.T.);
#3963 = ORIENTED_EDGE('',*,*,#3964,.T.);
#3964 = EDGE_CURVE('',#1249,#3965,#3967,.T.);
#3965 = VERTEX_POINT('',#3966);
#3966 = CARTESIAN_POINT('',(189.04058313701,104.11184742407,14.));
#3967 = LINE('',#3968,#3969);
#3968 = CARTESIAN_POINT('',(182.90378678048,111.11658116653,14.));
#3969 = VECTOR('',#3970,1.);
#3970 = DIRECTION('',(-0.658969995893,0.752169225981,0.));
#3971 = ORIENTED_EDGE('',*,*,#3972,.T.);
#3972 = EDGE_CURVE('',#3965,#3954,#3973,.T.);
#3973 = LINE('',#3974,#3975);
#3974 = CARTESIAN_POINT('',(181.30604188983,112.68043843683,14.));
#3975 = VECTOR('',#3976,1.);
#3976 = DIRECTION('',(-0.67005572795,0.742310798414,0.));
#3977 = PLANE('',#3978);
#3978 = AXIS2_PLACEMENT_3D('',#3979,#3980,#3981);
#3979 = CARTESIAN_POINT('',(140.77174905092,86.586145374741,14.));
#3980 = DIRECTION('',(0.,0.,1.));
#3981 = DIRECTION('',(0.975387035788,0.220499728835,0.));
#3982 = ADVANCED_FACE('',(#3983),#3994,.T.);
#3983 = FACE_BOUND('',#3984,.T.);
#3984 = EDGE_LOOP('',(#3985,#3986,#3987,#3988));
#3985 = ORIENTED_EDGE('',*,*,#3435,.F.);
#3986 = ORIENTED_EDGE('',*,*,#1186,.F.);
#3987 = ORIENTED_EDGE('',*,*,#3953,.T.);
#3988 = ORIENTED_EDGE('',*,*,#3989,.T.);
#3989 = EDGE_CURVE('',#3954,#3436,#3990,.T.);
#3990 = LINE('',#3991,#3992);
#3991 = CARTESIAN_POINT('',(188.61868155155,104.57924452209,3.9));
#3992 = VECTOR('',#3993,1.);
#3993 = DIRECTION('',(0.,0.,-1.));
#3994 = PLANE('',#3995);
#3995 = AXIS2_PLACEMENT_3D('',#3996,#3997,#3998);
#3996 = CARTESIAN_POINT('',(139.22825094907,93.413854625259,4.));
#3997 = DIRECTION('',(-0.220499728835,0.975387035788,0.));
#3998 = DIRECTION('',(0.,0.,1.));
#3999 = ADVANCED_FACE('',(#4000),#4117,.T.);
#4000 = FACE_BOUND('',#4001,.T.);
#4001 = EDGE_LOOP('',(#4002,#4003,#4004,#4005,#4006,#4007,#4008,#4009,
    #4010,#4011,#4012,#4013,#4014,#4015,#4016,#4017,#4018,#4019,#4020,
    #4021,#4022,#4023,#4024,#4025,#4026,#4027,#4028,#4029,#4030,#4031,
    #4032,#4033,#4034,#4035,#4036,#4037,#4038,#4039,#4040,#4041,#4049,
    #4057,#4065,#4073,#4079,#4080,#4081,#4082,#4083,#4084,#4085,#4086,
    #4087,#4088,#4089,#4090,#4091,#4092,#4093,#4094,#4095,#4096,#4097,
    #4098,#4099,#4100,#4101,#4102,#4103,#4104,#4105,#4106,#4107,#4108,
    #4109,#4110,#4111,#4112,#4113,#4114,#4115,#4116));
#4002 = ORIENTED_EDGE('',*,*,#2178,.T.);
#4003 = ORIENTED_EDGE('',*,*,#2202,.T.);
#4004 = ORIENTED_EDGE('',*,*,#2226,.T.);
#4005 = ORIENTED_EDGE('',*,*,#2250,.T.);
#4006 = ORIENTED_EDGE('',*,*,#2274,.T.);
#4007 = ORIENTED_EDGE('',*,*,#2298,.T.);
#4008 = ORIENTED_EDGE('',*,*,#2322,.T.);
#4009 = ORIENTED_EDGE('',*,*,#2346,.T.);
#4010 = ORIENTED_EDGE('',*,*,#2370,.T.);
#4011 = ORIENTED_EDGE('',*,*,#2394,.T.);
#4012 = ORIENTED_EDGE('',*,*,#2418,.T.);
#4013 = ORIENTED_EDGE('',*,*,#2442,.T.);
#4014 = ORIENTED_EDGE('',*,*,#2466,.T.);
#4015 = ORIENTED_EDGE('',*,*,#2490,.T.);
#4016 = ORIENTED_EDGE('',*,*,#2514,.T.);
#4017 = ORIENTED_EDGE('',*,*,#2538,.T.);
#4018 = ORIENTED_EDGE('',*,*,#2562,.T.);
#4019 = ORIENTED_EDGE('',*,*,#2586,.T.);
#4020 = ORIENTED_EDGE('',*,*,#2610,.T.);
#4021 = ORIENTED_EDGE('',*,*,#2634,.T.);
#4022 = ORIENTED_EDGE('',*,*,#2658,.T.);
#4023 = ORIENTED_EDGE('',*,*,#2682,.T.);
#4024 = ORIENTED_EDGE('',*,*,#2706,.T.);
#4025 = ORIENTED_EDGE('',*,*,#2730,.T.);
#4026 = ORIENTED_EDGE('',*,*,#2754,.T.);
#4027 = ORIENTED_EDGE('',*,*,#2778,.T.);
#4028 = ORIENTED_EDGE('',*,*,#2802,.T.);
#4029 = ORIENTED_EDGE('',*,*,#2826,.T.);
#4030 = ORIENTED_EDGE('',*,*,#2850,.T.);
#4031 = ORIENTED_EDGE('',*,*,#2874,.T.);
#4032 = ORIENTED_EDGE('',*,*,#2898,.T.);
#4033 = ORIENTED_EDGE('',*,*,#3015,.T.);
#4034 = ORIENTED_EDGE('',*,*,#3041,.T.);
#4035 = ORIENTED_EDGE('',*,*,#3065,.T.);
#4036 = ORIENTED_EDGE('',*,*,#3089,.T.);
#4037 = ORIENTED_EDGE('',*,*,#3113,.T.);
#4038 = ORIENTED_EDGE('',*,*,#3137,.T.);
#4039 = ORIENTED_EDGE('',*,*,#3161,.T.);
#4040 = ORIENTED_EDGE('',*,*,#3185,.T.);
#4041 = ORIENTED_EDGE('',*,*,#4042,.T.);
#4042 = EDGE_CURVE('',#3186,#4043,#4045,.T.);
#4043 = VERTEX_POINT('',#4044);
#4044 = CARTESIAN_POINT('',(221.78544316927,145.33914648954,18.));
#4045 = LINE('',#4046,#4047);
#4046 = CARTESIAN_POINT('',(224.86653251185,142.025978,18.));
#4047 = VECTOR('',#4048,1.);
#4048 = DIRECTION('',(-0.680993992769,0.732289001565,0.));
#4049 = ORIENTED_EDGE('',*,*,#4050,.T.);
#4050 = EDGE_CURVE('',#4043,#4051,#4053,.T.);
#4051 = VERTEX_POINT('',#4052);
#4052 = CARTESIAN_POINT('',(183.97013173804,109.64597877695,18.));
#4053 = LINE('',#4054,#4055);
#4054 = CARTESIAN_POINT('',(221.78544316927,145.33914648954,18.));
#4055 = VECTOR('',#4056,1.);
#4056 = DIRECTION('',(-0.727217527524,-0.686407071396,0.));
#4057 = ORIENTED_EDGE('',*,*,#4058,.T.);
#4058 = EDGE_CURVE('',#4051,#4059,#4061,.T.);
#4059 = VERTEX_POINT('',#4060);
#4060 = CARTESIAN_POINT('',(186.52588293681,106.89771886061,18.));
#4061 = LINE('',#4062,#4063);
#4062 = CARTESIAN_POINT('',(183.97013173804,109.64597877695,18.));
#4063 = VECTOR('',#4064,1.);
#4064 = DIRECTION('',(0.680993992769,-0.732289001565,0.));
#4065 = ORIENTED_EDGE('',*,*,#4066,.T.);
#4066 = EDGE_CURVE('',#4059,#4067,#4069,.T.);
#4067 = VERTEX_POINT('',#4068);
#4068 = CARTESIAN_POINT('',(189.04058313701,104.11184742407,18.));
#4069 = LINE('',#4070,#4071);
#4070 = CARTESIAN_POINT('',(186.52588293681,106.89771886061,18.));
#4071 = VECTOR('',#4072,1.);
#4072 = DIRECTION('',(0.67005572795,-0.742310798414,0.));
#4073 = ORIENTED_EDGE('',*,*,#4074,.T.);
#4074 = EDGE_CURVE('',#4067,#1257,#4075,.T.);
#4075 = LINE('',#4076,#4077);
#4076 = CARTESIAN_POINT('',(189.04058313701,104.11184742407,18.));
#4077 = VECTOR('',#4078,1.);
#4078 = DIRECTION('',(0.658969995893,-0.752169225981,0.));
#4079 = ORIENTED_EDGE('',*,*,#1264,.T.);
#4080 = ORIENTED_EDGE('',*,*,#1290,.T.);
#4081 = ORIENTED_EDGE('',*,*,#1314,.T.);
#4082 = ORIENTED_EDGE('',*,*,#1338,.T.);
#4083 = ORIENTED_EDGE('',*,*,#1362,.T.);
#4084 = ORIENTED_EDGE('',*,*,#1386,.T.);
#4085 = ORIENTED_EDGE('',*,*,#1410,.T.);
#4086 = ORIENTED_EDGE('',*,*,#1434,.T.);
#4087 = ORIENTED_EDGE('',*,*,#1458,.T.);
#4088 = ORIENTED_EDGE('',*,*,#1482,.T.);
#4089 = ORIENTED_EDGE('',*,*,#1506,.T.);
#4090 = ORIENTED_EDGE('',*,*,#1530,.T.);
#4091 = ORIENTED_EDGE('',*,*,#1554,.T.);
#4092 = ORIENTED_EDGE('',*,*,#1578,.T.);
#4093 = ORIENTED_EDGE('',*,*,#1602,.T.);
#4094 = ORIENTED_EDGE('',*,*,#1626,.T.);
#4095 = ORIENTED_EDGE('',*,*,#1650,.T.);
#4096 = ORIENTED_EDGE('',*,*,#1674,.T.);
#4097 = ORIENTED_EDGE('',*,*,#1698,.T.);
#4098 = ORIENTED_EDGE('',*,*,#1722,.T.);
#4099 = ORIENTED_EDGE('',*,*,#1746,.T.);
#4100 = ORIENTED_EDGE('',*,*,#1770,.T.);
#4101 = ORIENTED_EDGE('',*,*,#1794,.T.);
#4102 = ORIENTED_EDGE('',*,*,#1818,.T.);
#4103 = ORIENTED_EDGE('',*,*,#1842,.T.);
#4104 = ORIENTED_EDGE('',*,*,#1866,.T.);
#4105 = ORIENTED_EDGE('',*,*,#1890,.T.);
#4106 = ORIENTED_EDGE('',*,*,#1914,.T.);
#4107 = ORIENTED_EDGE('',*,*,#1938,.T.);
#4108 = ORIENTED_EDGE('',*,*,#1962,.T.);
#4109 = ORIENTED_EDGE('',*,*,#1986,.T.);
#4110 = ORIENTED_EDGE('',*,*,#2010,.T.);
#4111 = ORIENTED_EDGE('',*,*,#2034,.T.);
#4112 = ORIENTED_EDGE('',*,*,#2058,.T.);
#4113 = ORIENTED_EDGE('',*,*,#2082,.T.);
#4114 = ORIENTED_EDGE('',*,*,#2106,.T.);
#4115 = ORIENTED_EDGE('',*,*,#2130,.T.);
#4116 = ORIENTED_EDGE('',*,*,#2154,.T.);
#4117 = PLANE('',#4118);
#4118 = AXIS2_PLACEMENT_3D('',#4119,#4120,#4121);
#4119 = CARTESIAN_POINT('',(246.23463192379,57.944770095596,18.));
#4120 = DIRECTION('',(0.,0.,1.));
#4121 = DIRECTION('',(1.,0.,0.));
#4122 = ADVANCED_FACE('',(#4123),#4134,.F.);
#4123 = FACE_BOUND('',#4124,.F.);
#4124 = EDGE_LOOP('',(#4125,#4126,#4132,#4133));
#4125 = ORIENTED_EDGE('',*,*,#3964,.T.);
#4126 = ORIENTED_EDGE('',*,*,#4127,.T.);
#4127 = EDGE_CURVE('',#3965,#4067,#4128,.T.);
#4128 = LINE('',#4129,#4130);
#4129 = CARTESIAN_POINT('',(189.04058313701,104.11184742407,3.8));
#4130 = VECTOR('',#4131,1.);
#4131 = DIRECTION('',(0.,0.,1.));
#4132 = ORIENTED_EDGE('',*,*,#4074,.T.);
#4133 = ORIENTED_EDGE('',*,*,#1256,.F.);
#4134 = PLANE('',#4135);
#4135 = AXIS2_PLACEMENT_3D('',#4136,#4137,#4138);
#4136 = CARTESIAN_POINT('',(189.04058313701,104.11184742407,3.8));
#4137 = DIRECTION('',(0.752169225981,0.658969995893,0.));
#4138 = DIRECTION('',(0.658969995893,-0.752169225981,0.));
#4139 = ADVANCED_FACE('',(#4140),#4147,.T.);
#4140 = FACE_BOUND('',#4141,.T.);
#4141 = EDGE_LOOP('',(#4142,#4143,#4144,#4145,#4146));
#4142 = ORIENTED_EDGE('',*,*,#2993,.F.);
#4143 = ORIENTED_EDGE('',*,*,#3008,.T.);
#4144 = ORIENTED_EDGE('',*,*,#2914,.T.);
#4145 = ORIENTED_EDGE('',*,*,#2938,.T.);
#4146 = ORIENTED_EDGE('',*,*,#2970,.T.);
#4147 = PLANE('',#4148);
#4148 = AXIS2_PLACEMENT_3D('',#4149,#4150,#4151);
#4149 = CARTESIAN_POINT('',(140.77174905092,86.586145374741,14.));
#4150 = DIRECTION('',(0.,0.,1.));
#4151 = DIRECTION('',(0.975387035788,0.220499728835,0.));
#4152 = ADVANCED_FACE('',(#4153),#4164,.F.);
#4153 = FACE_BOUND('',#4154,.F.);
#4154 = EDGE_LOOP('',(#4155,#4156,#4157,#4158));
#4155 = ORIENTED_EDGE('',*,*,#3353,.T.);
#4156 = ORIENTED_EDGE('',*,*,#3193,.T.);
#4157 = ORIENTED_EDGE('',*,*,#4042,.T.);
#4158 = ORIENTED_EDGE('',*,*,#4159,.F.);
#4159 = EDGE_CURVE('',#3346,#4043,#4160,.T.);
#4160 = LINE('',#4161,#4162);
#4161 = CARTESIAN_POINT('',(221.78544316927,145.33914648954,3.8));
#4162 = VECTOR('',#4163,1.);
#4163 = DIRECTION('',(0.,0.,1.));
#4164 = PLANE('',#4165);
#4165 = AXIS2_PLACEMENT_3D('',#4166,#4167,#4168);
#4166 = CARTESIAN_POINT('',(224.86653251185,142.025978,3.8));
#4167 = DIRECTION('',(-0.732289001565,-0.680993992769,0.));
#4168 = DIRECTION('',(-0.680993992769,0.732289001565,0.));
#4169 = ADVANCED_FACE('',(#4170),#4176,.T.);
#4170 = FACE_BOUND('',#4171,.T.);
#4171 = EDGE_LOOP('',(#4172,#4173,#4174,#4175));
#4172 = ORIENTED_EDGE('',*,*,#3296,.F.);
#4173 = ORIENTED_EDGE('',*,*,#3508,.T.);
#4174 = ORIENTED_EDGE('',*,*,#3492,.T.);
#4175 = ORIENTED_EDGE('',*,*,#3322,.F.);
#4176 = PLANE('',#4177);
#4177 = AXIS2_PLACEMENT_3D('',#4178,#4179,#4180);
#4178 = CARTESIAN_POINT('',(340.,0.,7.));
#4179 = DIRECTION('',(1.,0.,0.));
#4180 = DIRECTION('',(0.,0.,1.));
#4181 = ADVANCED_FACE('',(#4182),#4195,.F.);
#4182 = FACE_BOUND('',#4183,.F.);
#4183 = EDGE_LOOP('',(#4184,#4185,#4186,#4187,#4193,#4194));
#4184 = ORIENTED_EDGE('',*,*,#3345,.T.);
#4185 = ORIENTED_EDGE('',*,*,#4159,.T.);
#4186 = ORIENTED_EDGE('',*,*,#4050,.T.);
#4187 = ORIENTED_EDGE('',*,*,#4188,.F.);
#4188 = EDGE_CURVE('',#3417,#4051,#4189,.T.);
#4189 = LINE('',#4190,#4191);
#4190 = CARTESIAN_POINT('',(183.97013173804,109.64597877695,3.8));
#4191 = VECTOR('',#4192,1.);
#4192 = DIRECTION('',(0.,0.,1.));
#4193 = ORIENTED_EDGE('',*,*,#3416,.T.);
#4194 = ORIENTED_EDGE('',*,*,#3468,.F.);
#4195 = PLANE('',#4196);
#4196 = AXIS2_PLACEMENT_3D('',#4197,#4198,#4199);
#4197 = CARTESIAN_POINT('',(221.78544316927,145.33914648954,3.8));
#4198 = DIRECTION('',(0.686407071396,-0.727217527524,0.));
#4199 = DIRECTION('',(-0.727217527524,-0.686407071396,0.));
#4200 = ADVANCED_FACE('',(#4201),#4212,.F.);
#4201 = FACE_BOUND('',#4202,.F.);
#4202 = EDGE_LOOP('',(#4203,#4204,#4205,#4206));
#4203 = ORIENTED_EDGE('',*,*,#3451,.T.);
#4204 = ORIENTED_EDGE('',*,*,#4188,.T.);
#4205 = ORIENTED_EDGE('',*,*,#4058,.T.);
#4206 = ORIENTED_EDGE('',*,*,#4207,.F.);
#4207 = EDGE_CURVE('',#3444,#4059,#4208,.T.);
#4208 = LINE('',#4209,#4210);
#4209 = CARTESIAN_POINT('',(186.52588293681,106.89771886061,3.8));
#4210 = VECTOR('',#4211,1.);
#4211 = DIRECTION('',(0.,0.,1.));
#4212 = PLANE('',#4213);
#4213 = AXIS2_PLACEMENT_3D('',#4214,#4215,#4216);
#4214 = CARTESIAN_POINT('',(183.97013173804,109.64597877695,3.8));
#4215 = DIRECTION('',(0.732289001565,0.680993992769,0.));
#4216 = DIRECTION('',(0.680993992769,-0.732289001565,0.));
#4217 = ADVANCED_FACE('',(#4218),#4226,.F.);
#4218 = FACE_BOUND('',#4219,.F.);
#4219 = EDGE_LOOP('',(#4220,#4221,#4222,#4223,#4224,#4225));
#4220 = ORIENTED_EDGE('',*,*,#3443,.T.);
#4221 = ORIENTED_EDGE('',*,*,#4207,.T.);
#4222 = ORIENTED_EDGE('',*,*,#4066,.T.);
#4223 = ORIENTED_EDGE('',*,*,#4127,.F.);
#4224 = ORIENTED_EDGE('',*,*,#3972,.T.);
#4225 = ORIENTED_EDGE('',*,*,#3989,.T.);
#4226 = PLANE('',#4227);
#4227 = AXIS2_PLACEMENT_3D('',#4228,#4229,#4230);
#4228 = CARTESIAN_POINT('',(186.52588293681,106.89771886061,3.8));
#4229 = DIRECTION('',(0.742310798414,0.67005572795,0.));
#4230 = DIRECTION('',(0.67005572795,-0.742310798414,0.));
#4231 = ADVANCED_FACE('',(#4232),#4239,.F.);
#4232 = FACE_BOUND('',#4233,.F.);
#4233 = EDGE_LOOP('',(#4234,#4235,#4236,#4237,#4238));
#4234 = ORIENTED_EDGE('',*,*,#3523,.T.);
#4235 = ORIENTED_EDGE('',*,*,#3588,.T.);
#4236 = ORIENTED_EDGE('',*,*,#3612,.T.);
#4237 = ORIENTED_EDGE('',*,*,#3668,.T.);
#4238 = ORIENTED_EDGE('',*,*,#3715,.T.);
#4239 = PLANE('',#4240);
#4240 = AXIS2_PLACEMENT_3D('',#4241,#4242,#4243);
#4241 = CARTESIAN_POINT('',(90.,-90.,9.389826944734));
#4242 = DIRECTION('',(1.,0.,0.));
#4243 = DIRECTION('',(0.,0.,1.));
#4244 = ADVANCED_FACE('',(#4245),#4261,.F.);
#4245 = FACE_BOUND('',#4246,.F.);
#4246 = EDGE_LOOP('',(#4247,#4253,#4254,#4260));
#4247 = ORIENTED_EDGE('',*,*,#4248,.F.);
#4248 = EDGE_CURVE('',#3551,#3631,#4249,.T.);
#4249 = LINE('',#4250,#4251);
#4250 = CARTESIAN_POINT('',(119.3,-83.7,-1.));
#4251 = VECTOR('',#4252,1.);
#4252 = DIRECTION('',(0.,0.,1.));
#4253 = ORIENTED_EDGE('',*,*,#3548,.F.);
#4254 = ORIENTED_EDGE('',*,*,#4255,.T.);
#4255 = EDGE_CURVE('',#3549,#3639,#4256,.T.);
#4256 = LINE('',#4257,#4258);
#4257 = CARTESIAN_POINT('',(110.7,-83.7,-1.));
#4258 = VECTOR('',#4259,1.);
#4259 = DIRECTION('',(0.,0.,1.));
#4260 = ORIENTED_EDGE('',*,*,#3638,.T.);
#4261 = PLANE('',#4262);
#4262 = AXIS2_PLACEMENT_3D('',#4263,#4264,#4265);
#4263 = CARTESIAN_POINT('',(110.7,-83.7,-1.));
#4264 = DIRECTION('',(0.,1.,0.));
#4265 = DIRECTION('',(0.,0.,1.));
#4266 = ADVANCED_FACE('',(#4267),#4279,.T.);
#4267 = FACE_BOUND('',#4268,.T.);
#4268 = EDGE_LOOP('',(#4269,#4275,#4276,#4277,#4278));
#4269 = ORIENTED_EDGE('',*,*,#4270,.F.);
#4270 = EDGE_CURVE('',#3559,#3678,#4271,.T.);
#4271 = LINE('',#4272,#4273);
#4272 = CARTESIAN_POINT('',(110.7,-96.3,-1.));
#4273 = VECTOR('',#4274,1.);
#4274 = DIRECTION('',(0.,0.,1.));
#4275 = ORIENTED_EDGE('',*,*,#3558,.F.);
#4276 = ORIENTED_EDGE('',*,*,#4255,.T.);
#4277 = ORIENTED_EDGE('',*,*,#3646,.T.);
#4278 = ORIENTED_EDGE('',*,*,#3677,.T.);
#4279 = PLANE('',#4280);
#4280 = AXIS2_PLACEMENT_3D('',#4281,#4282,#4283);
#4281 = CARTESIAN_POINT('',(110.7,-96.3,-1.));
#4282 = DIRECTION('',(1.,0.,0.));
#4283 = DIRECTION('',(0.,0.,1.));
#4284 = ADVANCED_FACE('',(#4285),#4296,.T.);
#4285 = FACE_BOUND('',#4286,.T.);
#4286 = EDGE_LOOP('',(#4287,#4293,#4294,#4295));
#4287 = ORIENTED_EDGE('',*,*,#4288,.F.);
#4288 = EDGE_CURVE('',#3567,#3686,#4289,.T.);
#4289 = LINE('',#4290,#4291);
#4290 = CARTESIAN_POINT('',(119.3,-96.3,-1.));
#4291 = VECTOR('',#4292,1.);
#4292 = DIRECTION('',(0.,0.,1.));
#4293 = ORIENTED_EDGE('',*,*,#3566,.F.);
#4294 = ORIENTED_EDGE('',*,*,#4270,.T.);
#4295 = ORIENTED_EDGE('',*,*,#3685,.T.);
#4296 = PLANE('',#4297);
#4297 = AXIS2_PLACEMENT_3D('',#4298,#4299,#4300);
#4298 = CARTESIAN_POINT('',(110.7,-96.3,-1.));
#4299 = DIRECTION('',(0.,1.,0.));
#4300 = DIRECTION('',(0.,0.,1.));
#4301 = ADVANCED_FACE('',(#4302),#4309,.F.);
#4302 = FACE_BOUND('',#4303,.F.);
#4303 = EDGE_LOOP('',(#4304,#4305,#4306,#4307,#4308));
#4304 = ORIENTED_EDGE('',*,*,#4288,.F.);
#4305 = ORIENTED_EDGE('',*,*,#3574,.F.);
#4306 = ORIENTED_EDGE('',*,*,#4248,.T.);
#4307 = ORIENTED_EDGE('',*,*,#3630,.T.);
#4308 = ORIENTED_EDGE('',*,*,#3693,.T.);
#4309 = PLANE('',#4310);
#4310 = AXIS2_PLACEMENT_3D('',#4311,#4312,#4313);
#4311 = CARTESIAN_POINT('',(119.3,-96.3,-1.));
#4312 = DIRECTION('',(1.,0.,0.));
#4313 = DIRECTION('',(0.,0.,1.));
#4314 = ADVANCED_FACE('',(#4315),#4322,.F.);
#4315 = FACE_BOUND('',#4316,.F.);
#4316 = EDGE_LOOP('',(#4317,#4318,#4319,#4320,#4321));
#4317 = ORIENTED_EDGE('',*,*,#3732,.T.);
#4318 = ORIENTED_EDGE('',*,*,#3797,.T.);
#4319 = ORIENTED_EDGE('',*,*,#3821,.T.);
#4320 = ORIENTED_EDGE('',*,*,#3877,.T.);
#4321 = ORIENTED_EDGE('',*,*,#3924,.T.);
#4322 = PLANE('',#4323);
#4323 = AXIS2_PLACEMENT_3D('',#4324,#4325,#4326);
#4324 = CARTESIAN_POINT('',(90.,90.,9.389826944734));
#4325 = DIRECTION('',(1.,0.,0.));
#4326 = DIRECTION('',(0.,0.,1.));
#4327 = ADVANCED_FACE('',(#4328),#4344,.F.);
#4328 = FACE_BOUND('',#4329,.F.);
#4329 = EDGE_LOOP('',(#4330,#4336,#4337,#4343));
#4330 = ORIENTED_EDGE('',*,*,#4331,.F.);
#4331 = EDGE_CURVE('',#3760,#3840,#4332,.T.);
#4332 = LINE('',#4333,#4334);
#4333 = CARTESIAN_POINT('',(119.3,96.3,-1.));
#4334 = VECTOR('',#4335,1.);
#4335 = DIRECTION('',(0.,0.,1.));
#4336 = ORIENTED_EDGE('',*,*,#3757,.F.);
#4337 = ORIENTED_EDGE('',*,*,#4338,.T.);
#4338 = EDGE_CURVE('',#3758,#3848,#4339,.T.);
#4339 = LINE('',#4340,#4341);
#4340 = CARTESIAN_POINT('',(110.7,96.3,-1.));
#4341 = VECTOR('',#4342,1.);
#4342 = DIRECTION('',(0.,0.,1.));
#4343 = ORIENTED_EDGE('',*,*,#3847,.T.);
#4344 = PLANE('',#4345);
#4345 = AXIS2_PLACEMENT_3D('',#4346,#4347,#4348);
#4346 = CARTESIAN_POINT('',(110.7,96.3,-1.));
#4347 = DIRECTION('',(0.,1.,0.));
#4348 = DIRECTION('',(0.,0.,1.));
#4349 = ADVANCED_FACE('',(#4350),#4362,.T.);
#4350 = FACE_BOUND('',#4351,.T.);
#4351 = EDGE_LOOP('',(#4352,#4358,#4359,#4360,#4361));
#4352 = ORIENTED_EDGE('',*,*,#4353,.F.);
#4353 = EDGE_CURVE('',#3768,#3887,#4354,.T.);
#4354 = LINE('',#4355,#4356);
#4355 = CARTESIAN_POINT('',(110.7,83.7,-1.));
#4356 = VECTOR('',#4357,1.);
#4357 = DIRECTION('',(0.,0.,1.));
#4358 = ORIENTED_EDGE('',*,*,#3767,.F.);
#4359 = ORIENTED_EDGE('',*,*,#4338,.T.);
#4360 = ORIENTED_EDGE('',*,*,#3855,.T.);
#4361 = ORIENTED_EDGE('',*,*,#3886,.T.);
#4362 = PLANE('',#4363);
#4363 = AXIS2_PLACEMENT_3D('',#4364,#4365,#4366);
#4364 = CARTESIAN_POINT('',(110.7,83.7,-1.));
#4365 = DIRECTION('',(1.,0.,0.));
#4366 = DIRECTION('',(0.,0.,1.));
#4367 = ADVANCED_FACE('',(#4368),#4379,.T.);
#4368 = FACE_BOUND('',#4369,.T.);
#4369 = EDGE_LOOP('',(#4370,#4376,#4377,#4378));
#4370 = ORIENTED_EDGE('',*,*,#4371,.F.);
#4371 = EDGE_CURVE('',#3776,#3895,#4372,.T.);
#4372 = LINE('',#4373,#4374);
#4373 = CARTESIAN_POINT('',(119.3,83.7,-1.));
#4374 = VECTOR('',#4375,1.);
#4375 = DIRECTION('',(0.,0.,1.));
#4376 = ORIENTED_EDGE('',*,*,#3775,.F.);
#4377 = ORIENTED_EDGE('',*,*,#4353,.T.);
#4378 = ORIENTED_EDGE('',*,*,#3894,.T.);
#4379 = PLANE('',#4380);
#4380 = AXIS2_PLACEMENT_3D('',#4381,#4382,#4383);
#4381 = CARTESIAN_POINT('',(110.7,83.7,-1.));
#4382 = DIRECTION('',(0.,1.,0.));
#4383 = DIRECTION('',(0.,0.,1.));
#4384 = ADVANCED_FACE('',(#4385),#4392,.F.);
#4385 = FACE_BOUND('',#4386,.F.);
#4386 = EDGE_LOOP('',(#4387,#4388,#4389,#4390,#4391));
#4387 = ORIENTED_EDGE('',*,*,#4371,.F.);
#4388 = ORIENTED_EDGE('',*,*,#3783,.F.);
#4389 = ORIENTED_EDGE('',*,*,#4331,.T.);
#4390 = ORIENTED_EDGE('',*,*,#3839,.T.);
#4391 = ORIENTED_EDGE('',*,*,#3902,.T.);
#4392 = PLANE('',#4393);
#4393 = AXIS2_PLACEMENT_3D('',#4394,#4395,#4396);
#4394 = CARTESIAN_POINT('',(119.3,83.7,-1.));
#4395 = DIRECTION('',(1.,0.,0.));
#4396 = DIRECTION('',(0.,0.,1.));
#4397 = ( GEOMETRIC_REPRESENTATION_CONTEXT(3) 
GLOBAL_UNCERTAINTY_ASSIGNED_CONTEXT((#4401)) 
GLOBAL_UNIT_ASSIGNED_CONTEXT((#4398,#4399,#4400)) REPRESENTATION_CONTEXT
('Context #1','3D Context with UNIT and UNCERTAINTY') );
#4398 = ( LENGTH_UNIT() NAMED_UNIT(*) SI_UNIT(.MILLI.,.METRE.) );
#4399 = ( NAMED_UNIT(*) PLANE_ANGLE_UNIT() SI_UNIT($,.RADIAN.) );
#4400 = ( NAMED_UNIT(*) SI_UNIT($,.STERADIAN.) SOLID_ANGLE_UNIT() );
#4401 = UNCERTAINTY_MEASURE_WITH_UNIT(LENGTH_MEASURE(1.E-07),#4398,
  'distance_accuracy_value','confusion accuracy');
#4402 = PRODUCT_RELATED_PRODUCT_CATEGORY('part',$,(#7));
ENDSEC;
END-ISO-10303-21;
