ISO-10303-21;
HEADER;
FILE_DESCRIPTION(('FreeCAD Model'),'2;1');
FILE_NAME('Open CASCADE Shape Model','2026-09-20T09:36:25',('FreeCAD'),(
    'FreeCAD'),'Open CASCADE STEP processor 7.8','FreeCAD','Unknown');
FILE_SCHEMA(('AUTOMOTIVE_DESIGN { 1 0 10303 214 1 1 1 1 }'));
ENDSEC;
DATA;
#1 = APPLICATION_PROTOCOL_DEFINITION('international standard',
  'automotive_design',2000,#2);
#2 = APPLICATION_CONTEXT(
  'core data for automotive mechanical design processes');
#3 = SHAPE_DEFINITION_REPRESENTATION(#4,#10);
#4 = PRODUCT_DEFINITION_SHAPE('','',#5);
#5 = PRODUCT_DEFINITION('design','',#6,#9);
#6 = PRODUCT_DEFINITION_FORMATION('','',#7);
#7 = PRODUCT('Open CASCADE STEP translator 7.8 1',
  'Open CASCADE STEP translator 7.8 1','',(#8));
#8 = PRODUCT_CONTEXT('',#2,'mechanical');
#9 = PRODUCT_DEFINITION_CONTEXT('part definition',#2,'design');
#10 = ADVANCED_BREP_SHAPE_REPRESENTATION('',(#11,#15),#6358);
#11 = AXIS2_PLACEMENT_3D('',#12,#13,#14);
#12 = CARTESIAN_POINT('',(0.,0.,0.));
#13 = DIRECTION('',(0.,0.,1.));
#14 = DIRECTION('',(1.,0.,-0.));
#15 = MANIFOLD_SOLID_BREP('',#16);
#16 = CLOSED_SHELL('',(#17,#57,#88,#128,#159,#266,#297,#337,#371,#411,
    #467,#491,#515,#703,#734,#758,#782,#799,#888,#1521,#1538,#1563,#1580
    ,#1626,#1718,#1737,#1791,#1951,#1968,#1999,#2058,#2089,#2138,#2169,
    #2187,#2218,#2276,#2300,#2356,#2396,#2427,#2485,#2509,#2573,#2621,
    #2633,#2823,#2847,#2878,#2895,#2912,#2929,#2946,#2958,#2984,#3024,
    #3049,#3089,#3114,#3138,#3162,#3193,#3235,#3298,#3338,#3380,#3411,
    #3435,#3459,#3484,#3508,#3539,#3557,#3569,#3586,#3603,#3620,#3632,
    #3647,#3661,#3678,#3695,#3709,#3756,#3781,#3821,#3846,#3886,#3921,
    #3961,#3996,#4036,#4061,#4101,#4126,#4166,#4191,#4231,#4256,#4296,
    #4321,#4361,#4386,#4426,#4451,#4491,#4509,#4531,#4549,#4566,#4579,
    #4610,#4634,#4658,#4675,#4687,#4718,#4742,#4766,#4783,#4805,#4822,
    #4839,#4851,#4882,#4906,#4930,#4947,#4969,#4986,#5003,#5015,#5037,
    #5055,#5072,#5085,#5098,#5113,#5159,#5179,#5219,#5277,#5301,#5356,
    #5387,#5417,#5441,#5497,#5537,#5554,#5577,#5589,#5601,#5624,#5641,
    #5659,#5671,#5689,#5812,#5824,#5836,#5849,#5863,#5875,#5887,#5899,
    #5911,#5923,#5935,#5947,#6009,#6021,#6043,#6061,#6078,#6091,#6122,
    #6146,#6170,#6187,#6200,#6220,#6232,#6257,#6266,#6283,#6300,#6312,
    #6334,#6346));
#17 = ADVANCED_FACE('',(#18),#52,.T.);
#18 = FACE_BOUND('',#19,.T.);
#19 = EDGE_LOOP('',(#20,#30,#38,#46));
#20 = ORIENTED_EDGE('',*,*,#21,.F.);
#21 = EDGE_CURVE('',#22,#24,#26,.T.);
#22 = VERTEX_POINT('',#23);
#23 = CARTESIAN_POINT('',(104.00814563568,-15.95225664584,3.5));
#24 = VERTEX_POINT('',#25);
#25 = CARTESIAN_POINT('',(103.62466036759,-11.56899997423,3.5));
#26 = LINE('',#27,#28);
#27 = CARTESIAN_POINT('',(104.00814563568,-15.95225664584,3.5));
#28 = VECTOR('',#29,1.);
#29 = DIRECTION('',(-8.715574274766E-02,0.996194698092,0.));
#30 = ORIENTED_EDGE('',*,*,#31,.T.);
#31 = EDGE_CURVE('',#22,#32,#34,.T.);
#32 = VERTEX_POINT('',#33);
#33 = CARTESIAN_POINT('',(108.39140230728,-15.56877137775,3.5));
#34 = LINE('',#35,#36);
#35 = CARTESIAN_POINT('',(104.00814563568,-15.95225664584,3.5));
#36 = VECTOR('',#37,1.);
#37 = DIRECTION('',(0.996194698092,8.715574274766E-02,0.));
#38 = ORIENTED_EDGE('',*,*,#39,.T.);
#39 = EDGE_CURVE('',#32,#40,#42,.T.);
#40 = VERTEX_POINT('',#41);
#41 = CARTESIAN_POINT('',(108.00791703919,-11.18551470614,3.5));
#42 = LINE('',#43,#44);
#43 = CARTESIAN_POINT('',(108.39140230728,-15.56877137775,3.5));
#44 = VECTOR('',#45,1.);
#45 = DIRECTION('',(-8.715574274766E-02,0.996194698092,0.));
#46 = ORIENTED_EDGE('',*,*,#47,.F.);
#47 = EDGE_CURVE('',#24,#40,#48,.T.);
#48 = LINE('',#49,#50);
#49 = CARTESIAN_POINT('',(103.62466036759,-11.56899997423,3.5));
#50 = VECTOR('',#51,1.);
#51 = DIRECTION('',(0.996194698092,8.715574274766E-02,0.));
#52 = PLANE('',#53);
#53 = AXIS2_PLACEMENT_3D('',#54,#55,#56);
#54 = CARTESIAN_POINT('',(104.00814563568,-15.95225664584,3.5));
#55 = DIRECTION('',(0.,0.,1.));
#56 = DIRECTION('',(0.996194698092,8.715574274766E-02,0.));
#57 = ADVANCED_FACE('',(#58),#83,.T.);
#58 = FACE_BOUND('',#59,.T.);
#59 = EDGE_LOOP('',(#60,#68,#69,#77));
#60 = ORIENTED_EDGE('',*,*,#61,.F.);
#61 = EDGE_CURVE('',#32,#62,#64,.T.);
#62 = VERTEX_POINT('',#63);
#63 = CARTESIAN_POINT('',(108.39140230728,-15.56877137775,10.));
#64 = LINE('',#65,#66);
#65 = CARTESIAN_POINT('',(108.39140230728,-15.56877137775,2.8));
#66 = VECTOR('',#67,1.);
#67 = DIRECTION('',(0.,0.,1.));
#68 = ORIENTED_EDGE('',*,*,#31,.F.);
#69 = ORIENTED_EDGE('',*,*,#70,.T.);
#70 = EDGE_CURVE('',#22,#71,#73,.T.);
#71 = VERTEX_POINT('',#72);
#72 = CARTESIAN_POINT('',(104.00814563568,-15.95225664584,10.));
#73 = LINE('',#74,#75);
#74 = CARTESIAN_POINT('',(104.00814563568,-15.95225664584,3.5));
#75 = VECTOR('',#76,1.);
#76 = DIRECTION('',(0.,0.,1.));
#77 = ORIENTED_EDGE('',*,*,#78,.F.);
#78 = EDGE_CURVE('',#62,#71,#79,.T.);
#79 = LINE('',#80,#81);
#80 = CARTESIAN_POINT('',(99.126791615031,-16.3793197853,10.));
#81 = VECTOR('',#82,1.);
#82 = DIRECTION('',(-0.996194698092,-8.715574274766E-02,0.));
#83 = PLANE('',#84);
#84 = AXIS2_PLACEMENT_3D('',#85,#86,#87);
#85 = CARTESIAN_POINT('',(106.19977397148,-15.76051401179,6.75));
#86 = DIRECTION('',(-8.715574274766E-02,0.996194698092,0.));
#87 = DIRECTION('',(0.996194698092,8.715574274766E-02,0.));
#88 = ADVANCED_FACE('',(#89),#123,.T.);
#89 = FACE_BOUND('',#90,.T.);
#90 = EDGE_LOOP('',(#91,#101,#109,#117));
#91 = ORIENTED_EDGE('',*,*,#92,.F.);
#92 = EDGE_CURVE('',#93,#95,#97,.T.);
#93 = VERTEX_POINT('',#94);
#94 = CARTESIAN_POINT('',(96.437065930184,-16.61464029072,3.5));
#95 = VERTEX_POINT('',#96);
#96 = CARTESIAN_POINT('',(96.053580662094,-12.23138361912,3.5));
#97 = LINE('',#98,#99);
#98 = CARTESIAN_POINT('',(96.437065930184,-16.61464029072,3.5));
#99 = VECTOR('',#100,1.);
#100 = DIRECTION('',(-8.715574274766E-02,0.996194698092,0.));
#101 = ORIENTED_EDGE('',*,*,#102,.T.);
#102 = EDGE_CURVE('',#93,#103,#105,.T.);
#103 = VERTEX_POINT('',#104);
#104 = CARTESIAN_POINT('',(100.82032260178,-16.23115502263,3.5));
#105 = LINE('',#106,#107);
#106 = CARTESIAN_POINT('',(96.437065930184,-16.61464029072,3.5));
#107 = VECTOR('',#108,1.);
#108 = DIRECTION('',(0.996194698092,8.715574274766E-02,0.));
#109 = ORIENTED_EDGE('',*,*,#110,.T.);
#110 = EDGE_CURVE('',#103,#111,#113,.T.);
#111 = VERTEX_POINT('',#112);
#112 = CARTESIAN_POINT('',(100.43683733369,-11.84789835103,3.5));
#113 = LINE('',#114,#115);
#114 = CARTESIAN_POINT('',(100.82032260178,-16.23115502263,3.5));
#115 = VECTOR('',#116,1.);
#116 = DIRECTION('',(-8.715574274766E-02,0.996194698092,0.));
#117 = ORIENTED_EDGE('',*,*,#118,.F.);
#118 = EDGE_CURVE('',#95,#111,#119,.T.);
#119 = LINE('',#120,#121);
#120 = CARTESIAN_POINT('',(96.053580662094,-12.23138361912,3.5));
#121 = VECTOR('',#122,1.);
#122 = DIRECTION('',(0.996194698092,8.715574274766E-02,0.));
#123 = PLANE('',#124);
#124 = AXIS2_PLACEMENT_3D('',#125,#126,#127);
#125 = CARTESIAN_POINT('',(96.437065930184,-16.61464029072,3.5));
#126 = DIRECTION('',(0.,0.,1.));
#127 = DIRECTION('',(0.996194698092,8.715574274766E-02,0.));
#128 = ADVANCED_FACE('',(#129),#154,.T.);
#129 = FACE_BOUND('',#130,.T.);
#130 = EDGE_LOOP('',(#131,#139,#140,#148));
#131 = ORIENTED_EDGE('',*,*,#132,.F.);
#132 = EDGE_CURVE('',#103,#133,#135,.T.);
#133 = VERTEX_POINT('',#134);
#134 = CARTESIAN_POINT('',(100.82032260178,-16.23115502263,10.));
#135 = LINE('',#136,#137);
#136 = CARTESIAN_POINT('',(100.82032260178,-16.23115502263,2.8));
#137 = VECTOR('',#138,1.);
#138 = DIRECTION('',(0.,0.,1.));
#139 = ORIENTED_EDGE('',*,*,#102,.F.);
#140 = ORIENTED_EDGE('',*,*,#141,.T.);
#141 = EDGE_CURVE('',#93,#142,#144,.T.);
#142 = VERTEX_POINT('',#143);
#143 = CARTESIAN_POINT('',(96.437065930184,-16.61464029072,10.));
#144 = LINE('',#145,#146);
#145 = CARTESIAN_POINT('',(96.437065930184,-16.61464029072,3.5));
#146 = VECTOR('',#147,1.);
#147 = DIRECTION('',(0.,0.,1.));
#148 = ORIENTED_EDGE('',*,*,#149,.F.);
#149 = EDGE_CURVE('',#133,#142,#150,.T.);
#150 = LINE('',#151,#152);
#151 = CARTESIAN_POINT('',(95.341251762283,-16.71051160774,10.));
#152 = VECTOR('',#153,1.);
#153 = DIRECTION('',(-0.996194698092,-8.715574274766E-02,0.));
#154 = PLANE('',#155);
#155 = AXIS2_PLACEMENT_3D('',#156,#157,#158);
#156 = CARTESIAN_POINT('',(98.628694265986,-16.42289765668,6.75));
#157 = DIRECTION('',(-8.715574274766E-02,0.996194698092,0.));
#158 = DIRECTION('',(0.996194698092,8.715574274766E-02,0.));
#159 = ADVANCED_FACE('',(#160,#227),#261,.T.);
#160 = FACE_BOUND('',#161,.T.);
#161 = EDGE_LOOP('',(#162,#172,#180,#189,#197,#205,#213,#221));
#162 = ORIENTED_EDGE('',*,*,#163,.F.);
#163 = EDGE_CURVE('',#164,#166,#168,.T.);
#164 = VERTEX_POINT('',#165);
#165 = CARTESIAN_POINT('',(3.5,139.5,4.));
#166 = VERTEX_POINT('',#167);
#167 = CARTESIAN_POINT('',(140.,139.5,4.));
#168 = LINE('',#169,#170);
#169 = CARTESIAN_POINT('',(-140.,139.5,4.));
#170 = VECTOR('',#171,1.);
#171 = DIRECTION('',(1.,0.,0.));
#172 = ORIENTED_EDGE('',*,*,#173,.F.);
#173 = EDGE_CURVE('',#174,#164,#176,.T.);
#174 = VERTEX_POINT('',#175);
#175 = CARTESIAN_POINT('',(3.499999999998,10.918288821889,4.));
#176 = LINE('',#177,#178);
#177 = CARTESIAN_POINT('',(3.5,-64.,4.));
#178 = VECTOR('',#179,1.);
#179 = DIRECTION('',(1.110223024625E-16,1.,0.));
#180 = ORIENTED_EDGE('',*,*,#181,.F.);
#181 = EDGE_CURVE('',#182,#174,#184,.T.);
#182 = VERTEX_POINT('',#183);
#183 = CARTESIAN_POINT('',(41.234240828218,-1.352275513627,4.));
#184 = CIRCLE('',#185,75.);
#185 = AXIS2_PLACEMENT_3D('',#186,#187,#188);
#186 = CARTESIAN_POINT('',(0.,-64.,4.));
#187 = DIRECTION('',(0.,0.,1.));
#188 = DIRECTION('',(1.,0.,0.));
#189 = ORIENTED_EDGE('',*,*,#190,.T.);
#190 = EDGE_CURVE('',#182,#191,#193,.T.);
#191 = VERTEX_POINT('',#192);
#192 = CARTESIAN_POINT('',(89.490441201766,65.,4.));
#193 = LINE('',#194,#195);
#194 = CARTESIAN_POINT('',(-2.830576295061,-61.94139905813,4.));
#195 = VECTOR('',#196,1.);
#196 = DIRECTION('',(0.588171697675,0.808736084303,0.));
#197 = ORIENTED_EDGE('',*,*,#198,.F.);
#198 = EDGE_CURVE('',#199,#191,#201,.T.);
#199 = VERTEX_POINT('',#200);
#200 = CARTESIAN_POINT('',(85.,65.,4.));
#201 = LINE('',#202,#203);
#202 = CARTESIAN_POINT('',(85.,65.,4.));
#203 = VECTOR('',#204,1.);
#204 = DIRECTION('',(1.,0.,0.));
#205 = ORIENTED_EDGE('',*,*,#206,.T.);
#206 = EDGE_CURVE('',#199,#207,#209,.T.);
#207 = VERTEX_POINT('',#208);
#208 = CARTESIAN_POINT('',(85.,115.,4.));
#209 = LINE('',#210,#211);
#210 = CARTESIAN_POINT('',(85.,65.,4.));
#211 = VECTOR('',#212,1.);
#212 = DIRECTION('',(0.,1.,0.));
#213 = ORIENTED_EDGE('',*,*,#214,.T.);
#214 = EDGE_CURVE('',#207,#215,#217,.T.);
#215 = VERTEX_POINT('',#216);
#216 = CARTESIAN_POINT('',(140.,115.,4.));
#217 = LINE('',#218,#219);
#218 = CARTESIAN_POINT('',(85.,115.,4.));
#219 = VECTOR('',#220,1.);
#220 = DIRECTION('',(1.,0.,0.));
#221 = ORIENTED_EDGE('',*,*,#222,.T.);
#222 = EDGE_CURVE('',#215,#166,#223,.T.);
#223 = LINE('',#224,#225);
#224 = CARTESIAN_POINT('',(140.,-147.5,4.));
#225 = VECTOR('',#226,1.);
#226 = DIRECTION('',(0.,1.,0.));
#227 = FACE_BOUND('',#228,.T.);
#228 = EDGE_LOOP('',(#229,#239,#247,#255));
#229 = ORIENTED_EDGE('',*,*,#230,.T.);
#230 = EDGE_CURVE('',#231,#233,#235,.T.);
#231 = VERTEX_POINT('',#232);
#232 = CARTESIAN_POINT('',(51.311741722233,45.745638461995,4.));
#233 = VERTEX_POINT('',#234);
#234 = CARTESIAN_POINT('',(44.504870800578,29.082310215335,4.));
#235 = LINE('',#236,#237);
#236 = CARTESIAN_POINT('',(0.403596990882,-78.87830928883,4.));
#237 = VECTOR('',#238,1.);
#238 = DIRECTION('',(-0.378159495647,-0.925740458148,0.));
#239 = ORIENTED_EDGE('',*,*,#240,.T.);
#240 = EDGE_CURVE('',#233,#241,#243,.T.);
#241 = VERTEX_POINT('',#242);
#242 = CARTESIAN_POINT('',(33.395985302805,33.620224163105,4.));
#243 = LINE('',#244,#245);
#244 = CARTESIAN_POINT('',(-3.646290790015,48.751774611838,4.));
#245 = VECTOR('',#246,1.);
#246 = DIRECTION('',(-0.925740458148,0.378159495647,0.));
#247 = ORIENTED_EDGE('',*,*,#248,.F.);
#248 = EDGE_CURVE('',#249,#241,#251,.T.);
#249 = VERTEX_POINT('',#250);
#250 = CARTESIAN_POINT('',(40.20285622446,50.283552409764,4.));
#251 = LINE('',#252,#253);
#252 = CARTESIAN_POINT('',(-10.70528850689,-74.34039534106,4.));
#253 = VECTOR('',#254,1.);
#254 = DIRECTION('',(-0.378159495647,-0.925740458148,0.));
#255 = ORIENTED_EDGE('',*,*,#256,.F.);
#256 = EDGE_CURVE('',#231,#249,#257,.T.);
#257 = LINE('',#258,#259);
#258 = CARTESIAN_POINT('',(3.16058013164,65.415102858497,4.));
#259 = VECTOR('',#260,1.);
#260 = DIRECTION('',(-0.925740458148,0.378159495647,0.));
#261 = PLANE('',#262);
#262 = AXIS2_PLACEMENT_3D('',#263,#264,#265);
#263 = CARTESIAN_POINT('',(-140.,-147.5,4.));
#264 = DIRECTION('',(0.,0.,1.));
#265 = DIRECTION('',(1.,0.,0.));
#266 = ADVANCED_FACE('',(#267),#292,.F.);
#267 = FACE_BOUND('',#268,.F.);
#268 = EDGE_LOOP('',(#269,#270,#278,#286));
#269 = ORIENTED_EDGE('',*,*,#163,.F.);
#270 = ORIENTED_EDGE('',*,*,#271,.T.);
#271 = EDGE_CURVE('',#164,#272,#274,.T.);
#272 = VERTEX_POINT('',#273);
#273 = CARTESIAN_POINT('',(3.5,139.5,14.));
#274 = LINE('',#275,#276);
#275 = CARTESIAN_POINT('',(3.5,139.5,4.));
#276 = VECTOR('',#277,1.);
#277 = DIRECTION('',(0.,0.,1.));
#278 = ORIENTED_EDGE('',*,*,#279,.T.);
#279 = EDGE_CURVE('',#272,#280,#282,.T.);
#280 = VERTEX_POINT('',#281);
#281 = CARTESIAN_POINT('',(140.,139.5,14.));
#282 = LINE('',#283,#284);
#283 = CARTESIAN_POINT('',(-140.,139.5,14.));
#284 = VECTOR('',#285,1.);
#285 = DIRECTION('',(1.,0.,0.));
#286 = ORIENTED_EDGE('',*,*,#287,.F.);
#287 = EDGE_CURVE('',#166,#280,#288,.T.);
#288 = LINE('',#289,#290);
#289 = CARTESIAN_POINT('',(140.,139.5,4.));
#290 = VECTOR('',#291,1.);
#291 = DIRECTION('',(0.,0.,1.));
#292 = PLANE('',#293);
#293 = AXIS2_PLACEMENT_3D('',#294,#295,#296);
#294 = CARTESIAN_POINT('',(-140.,139.5,4.));
#295 = DIRECTION('',(0.,1.,0.));
#296 = DIRECTION('',(0.,0.,1.));
#297 = ADVANCED_FACE('',(#298),#332,.F.);
#298 = FACE_BOUND('',#299,.F.);
#299 = EDGE_LOOP('',(#300,#301,#309,#317,#325,#331));
#300 = ORIENTED_EDGE('',*,*,#173,.F.);
#301 = ORIENTED_EDGE('',*,*,#302,.T.);
#302 = EDGE_CURVE('',#174,#303,#305,.T.);
#303 = VERTEX_POINT('',#304);
#304 = CARTESIAN_POINT('',(3.5,10.918288821889,10.));
#305 = LINE('',#306,#307);
#306 = CARTESIAN_POINT('',(3.5,10.918288821889,4.));
#307 = VECTOR('',#308,1.);
#308 = DIRECTION('',(0.,0.,1.));
#309 = ORIENTED_EDGE('',*,*,#310,.T.);
#310 = EDGE_CURVE('',#303,#311,#313,.T.);
#311 = VERTEX_POINT('',#312);
#312 = CARTESIAN_POINT('',(3.5,58.94997892773,10.));
#313 = LINE('',#314,#315);
#314 = CARTESIAN_POINT('',(3.5,-15.93458606827,10.));
#315 = VECTOR('',#316,1.);
#316 = DIRECTION('',(1.110223024625E-16,1.,0.));
#317 = ORIENTED_EDGE('',*,*,#318,.T.);
#318 = EDGE_CURVE('',#311,#319,#321,.T.);
#319 = VERTEX_POINT('',#320);
#320 = CARTESIAN_POINT('',(3.5,58.94997892773,14.));
#321 = LINE('',#322,#323);
#322 = CARTESIAN_POINT('',(3.5,58.94997892773,7.));
#323 = VECTOR('',#324,1.);
#324 = DIRECTION('',(0.,0.,1.));
#325 = ORIENTED_EDGE('',*,*,#326,.T.);
#326 = EDGE_CURVE('',#319,#272,#327,.T.);
#327 = LINE('',#328,#329);
#328 = CARTESIAN_POINT('',(3.5,-64.,14.));
#329 = VECTOR('',#330,1.);
#330 = DIRECTION('',(1.110223024625E-16,1.,0.));
#331 = ORIENTED_EDGE('',*,*,#271,.F.);
#332 = PLANE('',#333);
#333 = AXIS2_PLACEMENT_3D('',#334,#335,#336);
#334 = CARTESIAN_POINT('',(3.5,-64.,4.));
#335 = DIRECTION('',(-1.,1.110223024625E-16,0.));
#336 = DIRECTION('',(0.,0.,1.));
#337 = ADVANCED_FACE('',(#338),#366,.T.);
#338 = FACE_BOUND('',#339,.T.);
#339 = EDGE_LOOP('',(#340,#351,#357,#358,#359));
#340 = ORIENTED_EDGE('',*,*,#341,.F.);
#341 = EDGE_CURVE('',#342,#344,#346,.T.);
#342 = VERTEX_POINT('',#343);
#343 = CARTESIAN_POINT('',(41.234240828219,-1.352275513627,10.));
#344 = VERTEX_POINT('',#345);
#345 = CARTESIAN_POINT('',(25.437775014607,6.554373374769,10.));
#346 = CIRCLE('',#347,75.);
#347 = AXIS2_PLACEMENT_3D('',#348,#349,#350);
#348 = CARTESIAN_POINT('',(0.,-64.,10.));
#349 = DIRECTION('',(0.,0.,1.));
#350 = DIRECTION('',(1.,0.,0.));
#351 = ORIENTED_EDGE('',*,*,#352,.F.);
#352 = EDGE_CURVE('',#182,#342,#353,.T.);
#353 = LINE('',#354,#355);
#354 = CARTESIAN_POINT('',(41.234240828219,-1.352275513627,4.));
#355 = VECTOR('',#356,1.);
#356 = DIRECTION('',(0.,0.,1.));
#357 = ORIENTED_EDGE('',*,*,#181,.T.);
#358 = ORIENTED_EDGE('',*,*,#302,.T.);
#359 = ORIENTED_EDGE('',*,*,#360,.F.);
#360 = EDGE_CURVE('',#344,#303,#361,.T.);
#361 = CIRCLE('',#362,75.);
#362 = AXIS2_PLACEMENT_3D('',#363,#364,#365);
#363 = CARTESIAN_POINT('',(0.,-64.,10.));
#364 = DIRECTION('',(0.,0.,1.));
#365 = DIRECTION('',(1.,0.,0.));
#366 = CYLINDRICAL_SURFACE('',#367,75.);
#367 = AXIS2_PLACEMENT_3D('',#368,#369,#370);
#368 = CARTESIAN_POINT('',(0.,-64.,4.));
#369 = DIRECTION('',(0.,0.,1.));
#370 = DIRECTION('',(1.,0.,0.));
#371 = ADVANCED_FACE('',(#372),#406,.T.);
#372 = FACE_BOUND('',#373,.T.);
#373 = EDGE_LOOP('',(#374,#375,#383,#391,#399,#405));
#374 = ORIENTED_EDGE('',*,*,#352,.T.);
#375 = ORIENTED_EDGE('',*,*,#376,.T.);
#376 = EDGE_CURVE('',#342,#377,#379,.T.);
#377 = VERTEX_POINT('',#378);
#378 = CARTESIAN_POINT('',(57.127607331397,20.501103428237,10.));
#379 = LINE('',#380,#381);
#380 = CARTESIAN_POINT('',(-2.830576295063,-61.94139905813,10.));
#381 = VECTOR('',#382,1.);
#382 = DIRECTION('',(0.588171697675,0.808736084303,0.));
#383 = ORIENTED_EDGE('',*,*,#384,.T.);
#384 = EDGE_CURVE('',#377,#385,#387,.T.);
#385 = VERTEX_POINT('',#386);
#386 = CARTESIAN_POINT('',(57.127607331397,20.501103428237,14.));
#387 = LINE('',#388,#389);
#388 = CARTESIAN_POINT('',(57.127607331397,20.501103428237,10.));
#389 = VECTOR('',#390,1.);
#390 = DIRECTION('',(0.,0.,1.));
#391 = ORIENTED_EDGE('',*,*,#392,.T.);
#392 = EDGE_CURVE('',#385,#393,#395,.T.);
#393 = VERTEX_POINT('',#394);
#394 = CARTESIAN_POINT('',(89.490441201766,65.,14.));
#395 = LINE('',#396,#397);
#396 = CARTESIAN_POINT('',(-2.830576295061,-61.94139905813,14.));
#397 = VECTOR('',#398,1.);
#398 = DIRECTION('',(0.588171697675,0.808736084303,0.));
#399 = ORIENTED_EDGE('',*,*,#400,.T.);
#400 = EDGE_CURVE('',#393,#191,#401,.T.);
#401 = LINE('',#402,#403);
#402 = CARTESIAN_POINT('',(89.490441201766,65.,4.));
#403 = VECTOR('',#404,1.);
#404 = DIRECTION('',(0.,0.,-1.));
#405 = ORIENTED_EDGE('',*,*,#190,.F.);
#406 = PLANE('',#407);
#407 = AXIS2_PLACEMENT_3D('',#408,#409,#410);
#408 = CARTESIAN_POINT('',(-2.830576295061,-61.94139905813,4.));
#409 = DIRECTION('',(-0.808736084303,0.588171697675,0.));
#410 = DIRECTION('',(0.,0.,1.));
#411 = ADVANCED_FACE('',(#412),#462,.F.);
#412 = FACE_BOUND('',#413,.F.);
#413 = EDGE_LOOP('',(#414,#415,#423,#431,#439,#447,#455,#461));
#414 = ORIENTED_EDGE('',*,*,#198,.F.);
#415 = ORIENTED_EDGE('',*,*,#416,.T.);
#416 = EDGE_CURVE('',#199,#417,#419,.T.);
#417 = VERTEX_POINT('',#418);
#418 = CARTESIAN_POINT('',(85.,65.,24.));
#419 = LINE('',#420,#421);
#420 = CARTESIAN_POINT('',(85.,65.,4.));
#421 = VECTOR('',#422,1.);
#422 = DIRECTION('',(0.,0.,1.));
#423 = ORIENTED_EDGE('',*,*,#424,.T.);
#424 = EDGE_CURVE('',#417,#425,#427,.T.);
#425 = VERTEX_POINT('',#426);
#426 = CARTESIAN_POINT('',(140.,65.,24.));
#427 = LINE('',#428,#429);
#428 = CARTESIAN_POINT('',(85.,65.,24.));
#429 = VECTOR('',#430,1.);
#430 = DIRECTION('',(1.,0.,0.));
#431 = ORIENTED_EDGE('',*,*,#432,.F.);
#432 = EDGE_CURVE('',#433,#425,#435,.T.);
#433 = VERTEX_POINT('',#434);
#434 = CARTESIAN_POINT('',(140.,65.,4.));
#435 = LINE('',#436,#437);
#436 = CARTESIAN_POINT('',(140.,65.,4.));
#437 = VECTOR('',#438,1.);
#438 = DIRECTION('',(0.,0.,1.));
#439 = ORIENTED_EDGE('',*,*,#440,.F.);
#440 = EDGE_CURVE('',#441,#433,#443,.T.);
#441 = VERTEX_POINT('',#442);
#442 = CARTESIAN_POINT('',(98.145922434598,65.,4.));
#443 = LINE('',#444,#445);
#444 = CARTESIAN_POINT('',(85.,65.,4.));
#445 = VECTOR('',#446,1.);
#446 = DIRECTION('',(1.,0.,0.));
#447 = ORIENTED_EDGE('',*,*,#448,.F.);
#448 = EDGE_CURVE('',#449,#441,#451,.T.);
#449 = VERTEX_POINT('',#450);
#450 = CARTESIAN_POINT('',(98.145922434598,65.,14.));
#451 = LINE('',#452,#453);
#452 = CARTESIAN_POINT('',(98.145922434598,65.,4.));
#453 = VECTOR('',#454,1.);
#454 = DIRECTION('',(0.,0.,-1.));
#455 = ORIENTED_EDGE('',*,*,#456,.T.);
#456 = EDGE_CURVE('',#449,#393,#457,.T.);
#457 = LINE('',#458,#459);
#458 = CARTESIAN_POINT('',(43.915288147531,65.,14.));
#459 = VECTOR('',#460,1.);
#460 = DIRECTION('',(-1.,0.,0.));
#461 = ORIENTED_EDGE('',*,*,#400,.T.);
#462 = PLANE('',#463);
#463 = AXIS2_PLACEMENT_3D('',#464,#465,#466);
#464 = CARTESIAN_POINT('',(85.,65.,4.));
#465 = DIRECTION('',(0.,1.,0.));
#466 = DIRECTION('',(0.,0.,1.));
#467 = ADVANCED_FACE('',(#468),#486,.F.);
#468 = FACE_BOUND('',#469,.F.);
#469 = EDGE_LOOP('',(#470,#471,#472,#480));
#470 = ORIENTED_EDGE('',*,*,#416,.F.);
#471 = ORIENTED_EDGE('',*,*,#206,.T.);
#472 = ORIENTED_EDGE('',*,*,#473,.T.);
#473 = EDGE_CURVE('',#207,#474,#476,.T.);
#474 = VERTEX_POINT('',#475);
#475 = CARTESIAN_POINT('',(85.,115.,24.));
#476 = LINE('',#477,#478);
#477 = CARTESIAN_POINT('',(85.,115.,4.));
#478 = VECTOR('',#479,1.);
#479 = DIRECTION('',(0.,0.,1.));
#480 = ORIENTED_EDGE('',*,*,#481,.F.);
#481 = EDGE_CURVE('',#417,#474,#482,.T.);
#482 = LINE('',#483,#484);
#483 = CARTESIAN_POINT('',(85.,65.,24.));
#484 = VECTOR('',#485,1.);
#485 = DIRECTION('',(0.,1.,0.));
#486 = PLANE('',#487);
#487 = AXIS2_PLACEMENT_3D('',#488,#489,#490);
#488 = CARTESIAN_POINT('',(85.,65.,4.));
#489 = DIRECTION('',(1.,0.,0.));
#490 = DIRECTION('',(0.,0.,1.));
#491 = ADVANCED_FACE('',(#492),#510,.T.);
#492 = FACE_BOUND('',#493,.T.);
#493 = EDGE_LOOP('',(#494,#495,#496,#504));
#494 = ORIENTED_EDGE('',*,*,#214,.F.);
#495 = ORIENTED_EDGE('',*,*,#473,.T.);
#496 = ORIENTED_EDGE('',*,*,#497,.T.);
#497 = EDGE_CURVE('',#474,#498,#500,.T.);
#498 = VERTEX_POINT('',#499);
#499 = CARTESIAN_POINT('',(140.,115.,24.));
#500 = LINE('',#501,#502);
#501 = CARTESIAN_POINT('',(85.,115.,24.));
#502 = VECTOR('',#503,1.);
#503 = DIRECTION('',(1.,0.,0.));
#504 = ORIENTED_EDGE('',*,*,#505,.F.);
#505 = EDGE_CURVE('',#215,#498,#506,.T.);
#506 = LINE('',#507,#508);
#507 = CARTESIAN_POINT('',(140.,115.,4.));
#508 = VECTOR('',#509,1.);
#509 = DIRECTION('',(0.,0.,1.));
#510 = PLANE('',#511);
#511 = AXIS2_PLACEMENT_3D('',#512,#513,#514);
#512 = CARTESIAN_POINT('',(85.,115.,4.));
#513 = DIRECTION('',(0.,1.,0.));
#514 = DIRECTION('',(0.,0.,1.));
#515 = ADVANCED_FACE('',(#516,#614,#656),#698,.T.);
#516 = FACE_BOUND('',#517,.T.);
#517 = EDGE_LOOP('',(#518,#528,#536,#544,#550,#551,#552,#553,#559,#560,
    #568,#576,#584,#592,#600,#608));
#518 = ORIENTED_EDGE('',*,*,#519,.F.);
#519 = EDGE_CURVE('',#520,#522,#524,.T.);
#520 = VERTEX_POINT('',#521);
#521 = CARTESIAN_POINT('',(140.,-147.5,0.));
#522 = VERTEX_POINT('',#523);
#523 = CARTESIAN_POINT('',(140.,-147.5,14.));
#524 = LINE('',#525,#526);
#525 = CARTESIAN_POINT('',(140.,-147.5,0.));
#526 = VECTOR('',#527,1.);
#527 = DIRECTION('',(0.,0.,1.));
#528 = ORIENTED_EDGE('',*,*,#529,.T.);
#529 = EDGE_CURVE('',#520,#530,#532,.T.);
#530 = VERTEX_POINT('',#531);
#531 = CARTESIAN_POINT('',(140.,147.5,0.));
#532 = LINE('',#533,#534);
#533 = CARTESIAN_POINT('',(140.,-147.5,0.));
#534 = VECTOR('',#535,1.);
#535 = DIRECTION('',(0.,1.,0.));
#536 = ORIENTED_EDGE('',*,*,#537,.T.);
#537 = EDGE_CURVE('',#530,#538,#540,.T.);
#538 = VERTEX_POINT('',#539);
#539 = CARTESIAN_POINT('',(140.,147.5,14.));
#540 = LINE('',#541,#542);
#541 = CARTESIAN_POINT('',(140.,147.5,4.));
#542 = VECTOR('',#543,1.);
#543 = DIRECTION('',(0.,0.,1.));
#544 = ORIENTED_EDGE('',*,*,#545,.F.);
#545 = EDGE_CURVE('',#280,#538,#546,.T.);
#546 = LINE('',#547,#548);
#547 = CARTESIAN_POINT('',(140.,139.5,14.));
#548 = VECTOR('',#549,1.);
#549 = DIRECTION('',(0.,1.,0.));
#550 = ORIENTED_EDGE('',*,*,#287,.F.);
#551 = ORIENTED_EDGE('',*,*,#222,.F.);
#552 = ORIENTED_EDGE('',*,*,#505,.T.);
#553 = ORIENTED_EDGE('',*,*,#554,.F.);
#554 = EDGE_CURVE('',#425,#498,#555,.T.);
#555 = LINE('',#556,#557);
#556 = CARTESIAN_POINT('',(140.,65.,24.));
#557 = VECTOR('',#558,1.);
#558 = DIRECTION('',(0.,1.,0.));
#559 = ORIENTED_EDGE('',*,*,#432,.F.);
#560 = ORIENTED_EDGE('',*,*,#561,.F.);
#561 = EDGE_CURVE('',#562,#433,#564,.T.);
#562 = VERTEX_POINT('',#563);
#563 = CARTESIAN_POINT('',(140.,-65.,4.));
#564 = LINE('',#565,#566);
#565 = CARTESIAN_POINT('',(140.,-147.5,4.));
#566 = VECTOR('',#567,1.);
#567 = DIRECTION('',(0.,1.,0.));
#568 = ORIENTED_EDGE('',*,*,#569,.T.);
#569 = EDGE_CURVE('',#562,#570,#572,.T.);
#570 = VERTEX_POINT('',#571);
#571 = CARTESIAN_POINT('',(140.,-65.,24.));
#572 = LINE('',#573,#574);
#573 = CARTESIAN_POINT('',(140.,-65.,4.));
#574 = VECTOR('',#575,1.);
#575 = DIRECTION('',(0.,0.,1.));
#576 = ORIENTED_EDGE('',*,*,#577,.F.);
#577 = EDGE_CURVE('',#578,#570,#580,.T.);
#578 = VERTEX_POINT('',#579);
#579 = CARTESIAN_POINT('',(140.,-115.,24.));
#580 = LINE('',#581,#582);
#581 = CARTESIAN_POINT('',(140.,-115.,24.));
#582 = VECTOR('',#583,1.);
#583 = DIRECTION('',(0.,1.,0.));
#584 = ORIENTED_EDGE('',*,*,#585,.F.);
#585 = EDGE_CURVE('',#586,#578,#588,.T.);
#586 = VERTEX_POINT('',#587);
#587 = CARTESIAN_POINT('',(140.,-115.,4.));
#588 = LINE('',#589,#590);
#589 = CARTESIAN_POINT('',(140.,-115.,4.));
#590 = VECTOR('',#591,1.);
#591 = DIRECTION('',(0.,0.,1.));
#592 = ORIENTED_EDGE('',*,*,#593,.F.);
#593 = EDGE_CURVE('',#594,#586,#596,.T.);
#594 = VERTEX_POINT('',#595);
#595 = CARTESIAN_POINT('',(140.,-139.5,4.));
#596 = LINE('',#597,#598);
#597 = CARTESIAN_POINT('',(140.,-147.5,4.));
#598 = VECTOR('',#599,1.);
#599 = DIRECTION('',(0.,1.,0.));
#600 = ORIENTED_EDGE('',*,*,#601,.T.);
#601 = EDGE_CURVE('',#594,#602,#604,.T.);
#602 = VERTEX_POINT('',#603);
#603 = CARTESIAN_POINT('',(140.,-139.5,14.));
#604 = LINE('',#605,#606);
#605 = CARTESIAN_POINT('',(140.,-139.5,4.));
#606 = VECTOR('',#607,1.);
#607 = DIRECTION('',(0.,0.,1.));
#608 = ORIENTED_EDGE('',*,*,#609,.F.);
#609 = EDGE_CURVE('',#522,#602,#610,.T.);
#610 = LINE('',#611,#612);
#611 = CARTESIAN_POINT('',(140.,-147.5,14.));
#612 = VECTOR('',#613,1.);
#613 = DIRECTION('',(0.,1.,0.));
#614 = FACE_BOUND('',#615,.T.);
#615 = EDGE_LOOP('',(#616,#626,#634,#642,#650));
#616 = ORIENTED_EDGE('',*,*,#617,.T.);
#617 = EDGE_CURVE('',#618,#620,#622,.T.);
#618 = VERTEX_POINT('',#619);
#619 = CARTESIAN_POINT('',(140.,102.4,8.4));
#620 = VERTEX_POINT('',#621);
#621 = CARTESIAN_POINT('',(140.,102.4,3.6));
#622 = LINE('',#623,#624);
#623 = CARTESIAN_POINT('',(140.,102.4,5.167688022284));
#624 = VECTOR('',#625,1.);
#625 = DIRECTION('',(0.,0.,-1.));
#626 = ORIENTED_EDGE('',*,*,#627,.T.);
#627 = EDGE_CURVE('',#620,#628,#630,.T.);
#628 = VERTEX_POINT('',#629);
#629 = CARTESIAN_POINT('',(140.,77.6,3.6));
#630 = LINE('',#631,#632);
#631 = CARTESIAN_POINT('',(140.,38.8,3.6));
#632 = VECTOR('',#633,1.);
#633 = DIRECTION('',(0.,-1.,0.));
#634 = ORIENTED_EDGE('',*,*,#635,.T.);
#635 = EDGE_CURVE('',#628,#636,#638,.T.);
#636 = VERTEX_POINT('',#637);
#637 = CARTESIAN_POINT('',(140.,77.6,8.4));
#638 = LINE('',#639,#640);
#639 = CARTESIAN_POINT('',(140.,77.6,7.567688022284));
#640 = VECTOR('',#641,1.);
#641 = DIRECTION('',(0.,0.,1.));
#642 = ORIENTED_EDGE('',*,*,#643,.T.);
#643 = EDGE_CURVE('',#636,#644,#646,.T.);
#644 = VERTEX_POINT('',#645);
#645 = CARTESIAN_POINT('',(140.,90.,20.4));
#646 = LINE('',#647,#648);
#647 = CARTESIAN_POINT('',(140.,63.348172950416,-5.392090693146));
#648 = VECTOR('',#649,1.);
#649 = DIRECTION('',(0.,0.718602141767,0.695421427516));
#650 = ORIENTED_EDGE('',*,*,#651,.T.);
#651 = EDGE_CURVE('',#644,#618,#652,.T.);
#652 = LINE('',#653,#654);
#653 = CARTESIAN_POINT('',(140.,76.376813615946,33.583728758762));
#654 = VECTOR('',#655,1.);
#655 = DIRECTION('',(0.,0.718602141767,-0.695421427516));
#656 = FACE_BOUND('',#657,.T.);
#657 = EDGE_LOOP('',(#658,#668,#676,#684,#692));
#658 = ORIENTED_EDGE('',*,*,#659,.T.);
#659 = EDGE_CURVE('',#660,#662,#664,.T.);
#660 = VERTEX_POINT('',#661);
#661 = CARTESIAN_POINT('',(140.,-77.6,8.4));
#662 = VERTEX_POINT('',#663);
#663 = CARTESIAN_POINT('',(140.,-77.6,3.6));
#664 = LINE('',#665,#666);
#665 = CARTESIAN_POINT('',(140.,-77.6,5.167688022284));
#666 = VECTOR('',#667,1.);
#667 = DIRECTION('',(0.,0.,-1.));
#668 = ORIENTED_EDGE('',*,*,#669,.T.);
#669 = EDGE_CURVE('',#662,#670,#672,.T.);
#670 = VERTEX_POINT('',#671);
#671 = CARTESIAN_POINT('',(140.,-102.4,3.6));
#672 = LINE('',#673,#674);
#673 = CARTESIAN_POINT('',(140.,-51.2,3.6));
#674 = VECTOR('',#675,1.);
#675 = DIRECTION('',(0.,-1.,0.));
#676 = ORIENTED_EDGE('',*,*,#677,.T.);
#677 = EDGE_CURVE('',#670,#678,#680,.T.);
#678 = VERTEX_POINT('',#679);
#679 = CARTESIAN_POINT('',(140.,-102.4,8.4));
#680 = LINE('',#681,#682);
#681 = CARTESIAN_POINT('',(140.,-102.4,7.567688022284));
#682 = VECTOR('',#683,1.);
#683 = DIRECTION('',(0.,0.,1.));
#684 = ORIENTED_EDGE('',*,*,#685,.T.);
#685 = EDGE_CURVE('',#678,#686,#688,.T.);
#686 = VERTEX_POINT('',#687);
#687 = CARTESIAN_POINT('',(140.,-90.,20.4));
#688 = LINE('',#689,#690);
#689 = CARTESIAN_POINT('',(140.,-70.17681361594,39.583728758762));
#690 = VECTOR('',#691,1.);
#691 = DIRECTION('',(0.,0.718602141767,0.695421427516));
#692 = ORIENTED_EDGE('',*,*,#693,.T.);
#693 = EDGE_CURVE('',#686,#660,#694,.T.);
#694 = LINE('',#695,#696);
#695 = CARTESIAN_POINT('',(140.,-57.14817295041,-11.39209069314));
#696 = VECTOR('',#697,1.);
#697 = DIRECTION('',(0.,0.718602141767,-0.695421427516));
#698 = PLANE('',#699);
#699 = AXIS2_PLACEMENT_3D('',#700,#701,#702);
#700 = CARTESIAN_POINT('',(140.,0.,6.735376044568));
#701 = DIRECTION('',(1.,0.,0.));
#702 = DIRECTION('',(0.,0.,1.));
#703 = ADVANCED_FACE('',(#704),#729,.F.);
#704 = FACE_BOUND('',#705,.F.);
#705 = EDGE_LOOP('',(#706,#714,#715,#723));
#706 = ORIENTED_EDGE('',*,*,#707,.F.);
#707 = EDGE_CURVE('',#231,#708,#710,.T.);
#708 = VERTEX_POINT('',#709);
#709 = CARTESIAN_POINT('',(51.311741722233,45.745638461995,26.));
#710 = LINE('',#711,#712);
#711 = CARTESIAN_POINT('',(51.311741722233,45.745638461995,3.8));
#712 = VECTOR('',#713,1.);
#713 = DIRECTION('',(0.,0.,1.));
#714 = ORIENTED_EDGE('',*,*,#230,.T.);
#715 = ORIENTED_EDGE('',*,*,#716,.T.);
#716 = EDGE_CURVE('',#233,#717,#719,.T.);
#717 = VERTEX_POINT('',#718);
#718 = CARTESIAN_POINT('',(44.504870800578,29.082310215335,26.));
#719 = LINE('',#720,#721);
#720 = CARTESIAN_POINT('',(44.504870800578,29.082310215335,3.8));
#721 = VECTOR('',#722,1.);
#722 = DIRECTION('',(0.,0.,1.));
#723 = ORIENTED_EDGE('',*,*,#724,.T.);
#724 = EDGE_CURVE('',#717,#708,#725,.T.);
#725 = LINE('',#726,#727);
#726 = CARTESIAN_POINT('',(44.504870800578,29.082310215335,26.));
#727 = VECTOR('',#728,1.);
#728 = DIRECTION('',(0.378159495647,0.925740458148,0.));
#729 = PLANE('',#730);
#730 = AXIS2_PLACEMENT_3D('',#731,#732,#733);
#731 = CARTESIAN_POINT('',(44.504870800578,29.082310215335,3.8));
#732 = DIRECTION('',(-0.925740458148,0.378159495647,0.));
#733 = DIRECTION('',(0.,0.,1.));
#734 = ADVANCED_FACE('',(#735),#753,.F.);
#735 = FACE_BOUND('',#736,.F.);
#736 = EDGE_LOOP('',(#737,#738,#739,#747));
#737 = ORIENTED_EDGE('',*,*,#716,.F.);
#738 = ORIENTED_EDGE('',*,*,#240,.T.);
#739 = ORIENTED_EDGE('',*,*,#740,.T.);
#740 = EDGE_CURVE('',#241,#741,#743,.T.);
#741 = VERTEX_POINT('',#742);
#742 = CARTESIAN_POINT('',(33.395985302805,33.620224163105,26.));
#743 = LINE('',#744,#745);
#744 = CARTESIAN_POINT('',(33.395985302805,33.620224163105,3.8));
#745 = VECTOR('',#746,1.);
#746 = DIRECTION('',(0.,0.,1.));
#747 = ORIENTED_EDGE('',*,*,#748,.F.);
#748 = EDGE_CURVE('',#717,#741,#749,.T.);
#749 = LINE('',#750,#751);
#750 = CARTESIAN_POINT('',(44.504870800578,29.082310215335,26.));
#751 = VECTOR('',#752,1.);
#752 = DIRECTION('',(-0.925740458148,0.378159495647,0.));
#753 = PLANE('',#754);
#754 = AXIS2_PLACEMENT_3D('',#755,#756,#757);
#755 = CARTESIAN_POINT('',(44.504870800578,29.082310215335,3.8));
#756 = DIRECTION('',(0.378159495647,0.925740458148,0.));
#757 = DIRECTION('',(0.,0.,1.));
#758 = ADVANCED_FACE('',(#759),#777,.T.);
#759 = FACE_BOUND('',#760,.T.);
#760 = EDGE_LOOP('',(#761,#769,#770,#771));
#761 = ORIENTED_EDGE('',*,*,#762,.F.);
#762 = EDGE_CURVE('',#249,#763,#765,.T.);
#763 = VERTEX_POINT('',#764);
#764 = CARTESIAN_POINT('',(40.20285622446,50.283552409764,26.));
#765 = LINE('',#766,#767);
#766 = CARTESIAN_POINT('',(40.20285622446,50.283552409764,3.8));
#767 = VECTOR('',#768,1.);
#768 = DIRECTION('',(0.,0.,1.));
#769 = ORIENTED_EDGE('',*,*,#248,.T.);
#770 = ORIENTED_EDGE('',*,*,#740,.T.);
#771 = ORIENTED_EDGE('',*,*,#772,.T.);
#772 = EDGE_CURVE('',#741,#763,#773,.T.);
#773 = LINE('',#774,#775);
#774 = CARTESIAN_POINT('',(33.395985302805,33.620224163105,26.));
#775 = VECTOR('',#776,1.);
#776 = DIRECTION('',(0.378159495647,0.925740458148,0.));
#777 = PLANE('',#778);
#778 = AXIS2_PLACEMENT_3D('',#779,#780,#781);
#779 = CARTESIAN_POINT('',(33.395985302805,33.620224163105,3.8));
#780 = DIRECTION('',(-0.925740458148,0.378159495647,0.));
#781 = DIRECTION('',(0.,0.,1.));
#782 = ADVANCED_FACE('',(#783),#794,.T.);
#783 = FACE_BOUND('',#784,.T.);
#784 = EDGE_LOOP('',(#785,#786,#787,#788));
#785 = ORIENTED_EDGE('',*,*,#707,.F.);
#786 = ORIENTED_EDGE('',*,*,#256,.T.);
#787 = ORIENTED_EDGE('',*,*,#762,.T.);
#788 = ORIENTED_EDGE('',*,*,#789,.F.);
#789 = EDGE_CURVE('',#708,#763,#790,.T.);
#790 = LINE('',#791,#792);
#791 = CARTESIAN_POINT('',(51.311741722233,45.745638461995,26.));
#792 = VECTOR('',#793,1.);
#793 = DIRECTION('',(-0.925740458148,0.378159495647,0.));
#794 = PLANE('',#795);
#795 = AXIS2_PLACEMENT_3D('',#796,#797,#798);
#796 = CARTESIAN_POINT('',(51.311741722233,45.745638461995,3.8));
#797 = DIRECTION('',(0.378159495647,0.925740458148,0.));
#798 = DIRECTION('',(0.,0.,1.));
#799 = ADVANCED_FACE('',(#800),#883,.T.);
#800 = FACE_BOUND('',#801,.T.);
#801 = EDGE_LOOP('',(#802,#812,#820,#828,#836,#844,#852,#860,#868,#874,
    #875,#876,#877));
#802 = ORIENTED_EDGE('',*,*,#803,.F.);
#803 = EDGE_CURVE('',#804,#806,#808,.T.);
#804 = VERTEX_POINT('',#805);
#805 = CARTESIAN_POINT('',(-140.,139.5,14.));
#806 = VERTEX_POINT('',#807);
#807 = CARTESIAN_POINT('',(-140.,147.5,14.));
#808 = LINE('',#809,#810);
#809 = CARTESIAN_POINT('',(-140.,139.5,14.));
#810 = VECTOR('',#811,1.);
#811 = DIRECTION('',(0.,1.,0.));
#812 = ORIENTED_EDGE('',*,*,#813,.T.);
#813 = EDGE_CURVE('',#804,#814,#816,.T.);
#814 = VERTEX_POINT('',#815);
#815 = CARTESIAN_POINT('',(-3.5,139.5,14.));
#816 = LINE('',#817,#818);
#817 = CARTESIAN_POINT('',(-140.,139.5,14.));
#818 = VECTOR('',#819,1.);
#819 = DIRECTION('',(1.,0.,0.));
#820 = ORIENTED_EDGE('',*,*,#821,.F.);
#821 = EDGE_CURVE('',#822,#814,#824,.T.);
#822 = VERTEX_POINT('',#823);
#823 = CARTESIAN_POINT('',(-3.5,58.94997892773,14.));
#824 = LINE('',#825,#826);
#825 = CARTESIAN_POINT('',(-3.5,-64.,14.));
#826 = VECTOR('',#827,1.);
#827 = DIRECTION('',(1.110223024625E-16,1.,0.));
#828 = ORIENTED_EDGE('',*,*,#829,.T.);
#829 = EDGE_CURVE('',#822,#830,#832,.T.);
#830 = VERTEX_POINT('',#831);
#831 = CARTESIAN_POINT('',(-2.364425582849,58.977272256556,14.));
#832 = LINE('',#833,#834);
#833 = CARTESIAN_POINT('',(-0.654924371937,59.018359813632,14.));
#834 = VECTOR('',#835,1.);
#835 = DIRECTION('',(0.999711288748,2.402788273769E-02,0.));
#836 = ORIENTED_EDGE('',*,*,#837,.T.);
#837 = EDGE_CURVE('',#830,#838,#840,.T.);
#838 = VERTEX_POINT('',#839);
#839 = CARTESIAN_POINT('',(-1.182267407057,58.994317932896,14.));
#840 = LINE('',#841,#842);
#841 = CARTESIAN_POINT('',(-0.274518806754,59.007406865625,14.));
#842 = VECTOR('',#843,1.);
#843 = DIRECTION('',(0.999896060748,1.441761768732E-02,0.));
#844 = ORIENTED_EDGE('',*,*,#845,.T.);
#845 = EDGE_CURVE('',#838,#846,#848,.T.);
#846 = VERTEX_POINT('',#847);
#847 = CARTESIAN_POINT('',(7.531577814756E-15,59.,14.));
#848 = LINE('',#849,#850);
#849 = CARTESIAN_POINT('',(0.105578611665,59.00050741884,14.));
#850 = VECTOR('',#851,1.);
#851 = DIRECTION('',(0.999988451016,4.806020573993E-03,0.));
#852 = ORIENTED_EDGE('',*,*,#853,.T.);
#853 = EDGE_CURVE('',#846,#854,#856,.T.);
#854 = VERTEX_POINT('',#855);
#855 = CARTESIAN_POINT('',(1.182267407057,58.994317932896,14.));
#856 = LINE('',#857,#858);
#857 = CARTESIAN_POINT('',(0.485555091864,58.997666385288,14.));
#858 = VECTOR('',#859,1.);
#859 = DIRECTION('',(0.999988451016,-4.806020573993E-03,0.));
#860 = ORIENTED_EDGE('',*,*,#861,.T.);
#861 = EDGE_CURVE('',#854,#862,#864,.T.);
#862 = VERTEX_POINT('',#863);
#863 = CARTESIAN_POINT('',(2.364425582849,58.977272256556,14.));
#864 = LINE('',#865,#866);
#865 = CARTESIAN_POINT('',(0.865597894651,58.998884027455,14.));
#866 = VECTOR('',#867,1.);
#867 = DIRECTION('',(0.999896060748,-1.441761768732E-02,0.));
#868 = ORIENTED_EDGE('',*,*,#869,.T.);
#869 = EDGE_CURVE('',#862,#319,#870,.T.);
#870 = LINE('',#871,#872);
#871 = CARTESIAN_POINT('',(1.245894233615,59.004155958281,14.));
#872 = VECTOR('',#873,1.);
#873 = DIRECTION('',(0.999711288748,-2.402788273769E-02,0.));
#874 = ORIENTED_EDGE('',*,*,#326,.T.);
#875 = ORIENTED_EDGE('',*,*,#279,.T.);
#876 = ORIENTED_EDGE('',*,*,#545,.T.);
#877 = ORIENTED_EDGE('',*,*,#878,.F.);
#878 = EDGE_CURVE('',#806,#538,#879,.T.);
#879 = LINE('',#880,#881);
#880 = CARTESIAN_POINT('',(-140.,147.5,14.));
#881 = VECTOR('',#882,1.);
#882 = DIRECTION('',(1.,0.,0.));
#883 = PLANE('',#884);
#884 = AXIS2_PLACEMENT_3D('',#885,#886,#887);
#885 = CARTESIAN_POINT('',(3.809722833574E-15,102.93648731995,14.));
#886 = DIRECTION('',(0.,0.,1.));
#887 = DIRECTION('',(1.,0.,0.));
#888 = ADVANCED_FACE('',(#889,#1292),#1516,.T.);
#889 = FACE_BOUND('',#890,.T.);
#890 = EDGE_LOOP('',(#891,#901,#910,#919,#927,#936,#944,#953,#961,#969,
    #977,#986,#994,#1002,#1010,#1019,#1027,#1035,#1043,#1052,#1060,#1068
    ,#1077,#1085,#1094,#1102,#1110,#1119,#1127,#1135,#1143,#1152,#1160,
    #1168,#1176,#1185,#1193,#1201,#1209,#1218,#1227,#1235,#1242,#1243,
    #1244,#1245,#1246,#1254,#1262,#1270,#1278,#1286));
#891 = ORIENTED_EDGE('',*,*,#892,.F.);
#892 = EDGE_CURVE('',#893,#895,#897,.T.);
#893 = VERTEX_POINT('',#894);
#894 = CARTESIAN_POINT('',(-3.5,10.918288821889,10.));
#895 = VERTEX_POINT('',#896);
#896 = CARTESIAN_POINT('',(-3.5,58.94997892773,10.));
#897 = LINE('',#898,#899);
#898 = CARTESIAN_POINT('',(-3.5,-64.,10.));
#899 = VECTOR('',#900,1.);
#900 = DIRECTION('',(1.110223024625E-16,1.,0.));
#901 = ORIENTED_EDGE('',*,*,#902,.T.);
#902 = EDGE_CURVE('',#893,#903,#905,.T.);
#903 = VERTEX_POINT('',#904);
#904 = CARTESIAN_POINT('',(-25.4377750146,6.554373374769,10.));
#905 = CIRCLE('',#906,75.);
#906 = AXIS2_PLACEMENT_3D('',#907,#908,#909);
#907 = CARTESIAN_POINT('',(0.,-64.,10.));
#908 = DIRECTION('',(0.,0.,1.));
#909 = DIRECTION('',(1.,0.,0.));
#910 = ORIENTED_EDGE('',*,*,#911,.T.);
#911 = EDGE_CURVE('',#903,#912,#914,.T.);
#912 = VERTEX_POINT('',#913);
#913 = CARTESIAN_POINT('',(-41.23424082821,-1.352275513627,10.));
#914 = CIRCLE('',#915,75.);
#915 = AXIS2_PLACEMENT_3D('',#916,#917,#918);
#916 = CARTESIAN_POINT('',(0.,-64.,10.));
#917 = DIRECTION('',(0.,0.,1.));
#918 = DIRECTION('',(1.,0.,0.));
#919 = ORIENTED_EDGE('',*,*,#920,.T.);
#920 = EDGE_CURVE('',#912,#921,#923,.T.);
#921 = VERTEX_POINT('',#922);
#922 = CARTESIAN_POINT('',(-57.12760733139,20.501103428237,10.));
#923 = LINE('',#924,#925);
#924 = CARTESIAN_POINT('',(2.830576295063,-61.94139905813,10.));
#925 = VECTOR('',#926,1.);
#926 = DIRECTION('',(-0.588171697675,0.808736084303,0.));
#927 = ORIENTED_EDGE('',*,*,#928,.T.);
#928 = EDGE_CURVE('',#921,#929,#931,.T.);
#929 = VERTEX_POINT('',#930);
#930 = CARTESIAN_POINT('',(-62.78875992152,16.38390154451,10.));
#931 = CIRCLE('',#932,102.);
#932 = AXIS2_PLACEMENT_3D('',#933,#934,#935);
#933 = CARTESIAN_POINT('',(0.,-64.,10.));
#934 = DIRECTION('',(0.,0.,1.));
#935 = DIRECTION('',(1.,0.,0.));
#936 = ORIENTED_EDGE('',*,*,#937,.F.);
#937 = EDGE_CURVE('',#938,#929,#940,.T.);
#938 = VERTEX_POINT('',#939);
#939 = CARTESIAN_POINT('',(-46.89539341834,-5.469477397353,10.));
#940 = LINE('',#941,#942);
#941 = CARTESIAN_POINT('',(-2.83057629506,-66.05860094186,10.));
#942 = VECTOR('',#943,1.);
#943 = DIRECTION('',(-0.588171697675,0.808736084303,0.));
#944 = ORIENTED_EDGE('',*,*,#945,.T.);
#945 = EDGE_CURVE('',#938,#946,#948,.T.);
#946 = VERTEX_POINT('',#947);
#947 = CARTESIAN_POINT('',(-73.76914936362,-77.53191051431,10.));
#948 = CIRCLE('',#949,75.);
#949 = AXIS2_PLACEMENT_3D('',#950,#951,#952);
#950 = CARTESIAN_POINT('',(0.,-64.,10.));
#951 = DIRECTION('',(0.,0.,1.));
#952 = DIRECTION('',(1.,0.,0.));
#953 = ORIENTED_EDGE('',*,*,#954,.T.);
#954 = EDGE_CURVE('',#946,#955,#957,.T.);
#955 = VERTEX_POINT('',#956);
#956 = CARTESIAN_POINT('',(-85.,-80.13907226919,10.));
#957 = LINE('',#958,#959);
#958 = CARTESIAN_POINT('',(-0.791453975198,-60.59065979914,10.));
#959 = VECTOR('',#960,1.);
#960 = DIRECTION('',(-0.974097200243,-0.226129707199,0.));
#961 = ORIENTED_EDGE('',*,*,#962,.F.);
#962 = EDGE_CURVE('',#963,#955,#965,.T.);
#963 = VERTEX_POINT('',#964);
#964 = CARTESIAN_POINT('',(-85.,-65.,10.));
#965 = LINE('',#966,#967);
#966 = CARTESIAN_POINT('',(-85.,-89.5,10.));
#967 = VECTOR('',#968,1.);
#968 = DIRECTION('',(0.,-1.,0.));
#969 = ORIENTED_EDGE('',*,*,#970,.F.);
#970 = EDGE_CURVE('',#971,#963,#973,.T.);
#971 = VERTEX_POINT('',#972);
#972 = CARTESIAN_POINT('',(-101.9950979214,-65.,10.));
#973 = LINE('',#974,#975);
#974 = CARTESIAN_POINT('',(-70.,-65.,10.));
#975 = VECTOR('',#976,1.);
#976 = DIRECTION('',(1.,0.,0.));
#977 = ORIENTED_EDGE('',*,*,#978,.T.);
#978 = EDGE_CURVE('',#971,#979,#981,.T.);
#979 = VERTEX_POINT('',#980);
#980 = CARTESIAN_POINT('',(-100.8530407187,-79.25333333333,10.));
#981 = CIRCLE('',#982,102.);
#982 = AXIS2_PLACEMENT_3D('',#983,#984,#985);
#983 = CARTESIAN_POINT('',(0.,-64.,10.));
#984 = DIRECTION('',(0.,0.,1.));
#985 = DIRECTION('',(1.,0.,0.));
#986 = ORIENTED_EDGE('',*,*,#987,.F.);
#987 = EDGE_CURVE('',#988,#979,#990,.T.);
#988 = VERTEX_POINT('',#989);
#989 = CARTESIAN_POINT('',(-89.6,-79.25333333333,10.));
#990 = LINE('',#991,#992);
#991 = CARTESIAN_POINT('',(-71.,-79.25333333333,10.));
#992 = VECTOR('',#993,1.);
#993 = DIRECTION('',(-1.,0.,0.));
#994 = ORIENTED_EDGE('',*,*,#995,.T.);
#995 = EDGE_CURVE('',#988,#996,#998,.T.);
#996 = VERTEX_POINT('',#997);
#997 = CARTESIAN_POINT('',(-89.6,-100.7466666666,10.));
#998 = LINE('',#999,#1000);
#999 = CARTESIAN_POINT('',(-89.6,-77.,10.));
#1000 = VECTOR('',#1001,1.);
#1001 = DIRECTION('',(0.,-1.,0.));
#1002 = ORIENTED_EDGE('',*,*,#1003,.F.);
#1003 = EDGE_CURVE('',#1004,#996,#1006,.T.);
#1004 = VERTEX_POINT('',#1005);
#1005 = CARTESIAN_POINT('',(-95.15084071561,-100.7466666666,10.));
#1006 = LINE('',#1007,#1008);
#1007 = CARTESIAN_POINT('',(-71.,-100.7466666666,10.));
#1008 = VECTOR('',#1009,1.);
#1009 = DIRECTION('',(1.,0.,0.));
#1010 = ORIENTED_EDGE('',*,*,#1011,.T.);
#1011 = EDGE_CURVE('',#1004,#1012,#1014,.T.);
#1012 = VERTEX_POINT('',#1013);
#1013 = CARTESIAN_POINT('',(-88.33459118601,-115.,10.));
#1014 = CIRCLE('',#1015,102.);
#1015 = AXIS2_PLACEMENT_3D('',#1016,#1017,#1018);
#1016 = CARTESIAN_POINT('',(0.,-64.,10.));
#1017 = DIRECTION('',(0.,0.,1.));
#1018 = DIRECTION('',(1.,0.,0.));
#1019 = ORIENTED_EDGE('',*,*,#1020,.T.);
#1020 = EDGE_CURVE('',#1012,#1021,#1023,.T.);
#1021 = VERTEX_POINT('',#1022);
#1022 = CARTESIAN_POINT('',(-85.,-115.,10.));
#1023 = LINE('',#1024,#1025);
#1024 = CARTESIAN_POINT('',(-70.,-115.,10.));
#1025 = VECTOR('',#1026,1.);
#1026 = DIRECTION('',(1.,0.,0.));
#1027 = ORIENTED_EDGE('',*,*,#1028,.F.);
#1028 = EDGE_CURVE('',#1029,#1021,#1031,.T.);
#1029 = VERTEX_POINT('',#1030);
#1030 = CARTESIAN_POINT('',(-85.,-87.32521344509,10.));
#1031 = LINE('',#1032,#1033);
#1032 = CARTESIAN_POINT('',(-85.,-89.5,10.));
#1033 = VECTOR('',#1034,1.);
#1034 = DIRECTION('',(0.,-1.,0.));
#1035 = ORIENTED_EDGE('',*,*,#1036,.F.);
#1036 = EDGE_CURVE('',#1037,#1029,#1039,.T.);
#1037 = VERTEX_POINT('',#1038);
#1038 = CARTESIAN_POINT('',(-72.18624141322,-84.35059091602,10.));
#1039 = LINE('',#1040,#1041);
#1040 = CARTESIAN_POINT('',(0.791453975197,-67.40934020085,10.));
#1041 = VECTOR('',#1042,1.);
#1042 = DIRECTION('',(-0.974097200243,-0.226129707199,0.));
#1043 = ORIENTED_EDGE('',*,*,#1044,.T.);
#1044 = EDGE_CURVE('',#1037,#1045,#1047,.T.);
#1045 = VERTEX_POINT('',#1046);
#1046 = CARTESIAN_POINT('',(-3.5,-138.9182888218,10.));
#1047 = CIRCLE('',#1048,75.);
#1048 = AXIS2_PLACEMENT_3D('',#1049,#1050,#1051);
#1049 = CARTESIAN_POINT('',(0.,-64.,10.));
#1050 = DIRECTION('',(0.,0.,1.));
#1051 = DIRECTION('',(1.,0.,0.));
#1052 = ORIENTED_EDGE('',*,*,#1053,.T.);
#1053 = EDGE_CURVE('',#1045,#1054,#1056,.T.);
#1054 = VERTEX_POINT('',#1055);
#1055 = CARTESIAN_POINT('',(-3.5,-139.5,10.));
#1056 = LINE('',#1057,#1058);
#1057 = CARTESIAN_POINT('',(-3.5,-64.,10.));
#1058 = VECTOR('',#1059,1.);
#1059 = DIRECTION('',(1.110223024625E-16,-1.,0.));
#1060 = ORIENTED_EDGE('',*,*,#1061,.F.);
#1061 = EDGE_CURVE('',#1062,#1054,#1064,.T.);
#1062 = VERTEX_POINT('',#1063);
#1063 = CARTESIAN_POINT('',(-68.5838902367,-139.5,10.));
#1064 = LINE('',#1065,#1066);
#1065 = CARTESIAN_POINT('',(-70.,-139.5,10.));
#1066 = VECTOR('',#1067,1.);
#1067 = DIRECTION('',(1.,0.,0.));
#1068 = ORIENTED_EDGE('',*,*,#1069,.T.);
#1069 = EDGE_CURVE('',#1062,#1070,#1072,.T.);
#1070 = VERTEX_POINT('',#1071);
#1071 = CARTESIAN_POINT('',(-58.58114030983,-147.5,10.));
#1072 = CIRCLE('',#1073,102.);
#1073 = AXIS2_PLACEMENT_3D('',#1074,#1075,#1076);
#1074 = CARTESIAN_POINT('',(0.,-64.,10.));
#1075 = DIRECTION('',(0.,0.,1.));
#1076 = DIRECTION('',(1.,0.,0.));
#1077 = ORIENTED_EDGE('',*,*,#1078,.F.);
#1078 = EDGE_CURVE('',#1079,#1070,#1081,.T.);
#1079 = VERTEX_POINT('',#1080);
#1080 = CARTESIAN_POINT('',(58.58114030983,-147.5,10.));
#1081 = LINE('',#1082,#1083);
#1082 = CARTESIAN_POINT('',(0.,-147.5,10.));
#1083 = VECTOR('',#1084,1.);
#1084 = DIRECTION('',(-1.,0.,0.));
#1085 = ORIENTED_EDGE('',*,*,#1086,.T.);
#1086 = EDGE_CURVE('',#1079,#1087,#1089,.T.);
#1087 = VERTEX_POINT('',#1088);
#1088 = CARTESIAN_POINT('',(68.583890236702,-139.5,10.));
#1089 = CIRCLE('',#1090,102.);
#1090 = AXIS2_PLACEMENT_3D('',#1091,#1092,#1093);
#1091 = CARTESIAN_POINT('',(0.,-64.,10.));
#1092 = DIRECTION('',(0.,0.,1.));
#1093 = DIRECTION('',(1.,0.,0.));
#1094 = ORIENTED_EDGE('',*,*,#1095,.F.);
#1095 = EDGE_CURVE('',#1096,#1087,#1098,.T.);
#1096 = VERTEX_POINT('',#1097);
#1097 = CARTESIAN_POINT('',(3.5,-139.5,10.));
#1098 = LINE('',#1099,#1100);
#1099 = CARTESIAN_POINT('',(-70.,-139.5,10.));
#1100 = VECTOR('',#1101,1.);
#1101 = DIRECTION('',(1.,0.,0.));
#1102 = ORIENTED_EDGE('',*,*,#1103,.F.);
#1103 = EDGE_CURVE('',#1104,#1096,#1106,.T.);
#1104 = VERTEX_POINT('',#1105);
#1105 = CARTESIAN_POINT('',(3.5,-138.9182888218,10.));
#1106 = LINE('',#1107,#1108);
#1107 = CARTESIAN_POINT('',(3.5,-64.,10.));
#1108 = VECTOR('',#1109,1.);
#1109 = DIRECTION('',(1.110223024625E-16,-1.,0.));
#1110 = ORIENTED_EDGE('',*,*,#1111,.T.);
#1111 = EDGE_CURVE('',#1104,#1112,#1114,.T.);
#1112 = VERTEX_POINT('',#1113);
#1113 = CARTESIAN_POINT('',(72.186241413227,-84.35059091602,10.));
#1114 = CIRCLE('',#1115,75.);
#1115 = AXIS2_PLACEMENT_3D('',#1116,#1117,#1118);
#1116 = CARTESIAN_POINT('',(0.,-64.,10.));
#1117 = DIRECTION('',(0.,0.,1.));
#1118 = DIRECTION('',(1.,0.,0.));
#1119 = ORIENTED_EDGE('',*,*,#1120,.T.);
#1120 = EDGE_CURVE('',#1112,#1121,#1123,.T.);
#1121 = VERTEX_POINT('',#1122);
#1122 = CARTESIAN_POINT('',(85.,-87.32521344509,10.));
#1123 = LINE('',#1124,#1125);
#1124 = CARTESIAN_POINT('',(-0.791453975197,-67.40934020085,10.));
#1125 = VECTOR('',#1126,1.);
#1126 = DIRECTION('',(0.974097200243,-0.226129707199,0.));
#1127 = ORIENTED_EDGE('',*,*,#1128,.T.);
#1128 = EDGE_CURVE('',#1121,#1129,#1131,.T.);
#1129 = VERTEX_POINT('',#1130);
#1130 = CARTESIAN_POINT('',(85.,-115.,10.));
#1131 = LINE('',#1132,#1133);
#1132 = CARTESIAN_POINT('',(85.,-89.5,10.));
#1133 = VECTOR('',#1134,1.);
#1134 = DIRECTION('',(0.,-1.,0.));
#1135 = ORIENTED_EDGE('',*,*,#1136,.T.);
#1136 = EDGE_CURVE('',#1129,#1137,#1139,.T.);
#1137 = VERTEX_POINT('',#1138);
#1138 = CARTESIAN_POINT('',(88.334591186013,-115.,10.));
#1139 = LINE('',#1140,#1141);
#1140 = CARTESIAN_POINT('',(42.5,-115.,10.));
#1141 = VECTOR('',#1142,1.);
#1142 = DIRECTION('',(1.,0.,0.));
#1143 = ORIENTED_EDGE('',*,*,#1144,.T.);
#1144 = EDGE_CURVE('',#1137,#1145,#1147,.T.);
#1145 = VERTEX_POINT('',#1146);
#1146 = CARTESIAN_POINT('',(95.150840715615,-100.7466666666,10.));
#1147 = CIRCLE('',#1148,102.);
#1148 = AXIS2_PLACEMENT_3D('',#1149,#1150,#1151);
#1149 = CARTESIAN_POINT('',(0.,-64.,10.));
#1150 = DIRECTION('',(0.,0.,1.));
#1151 = DIRECTION('',(1.,0.,0.));
#1152 = ORIENTED_EDGE('',*,*,#1153,.F.);
#1153 = EDGE_CURVE('',#1154,#1145,#1156,.T.);
#1154 = VERTEX_POINT('',#1155);
#1155 = CARTESIAN_POINT('',(89.6,-100.7466666666,10.));
#1156 = LINE('',#1157,#1158);
#1157 = CARTESIAN_POINT('',(44.8,-100.7466666666,10.));
#1158 = VECTOR('',#1159,1.);
#1159 = DIRECTION('',(1.,0.,0.));
#1160 = ORIENTED_EDGE('',*,*,#1161,.F.);
#1161 = EDGE_CURVE('',#1162,#1154,#1164,.T.);
#1162 = VERTEX_POINT('',#1163);
#1163 = CARTESIAN_POINT('',(89.6,-79.25333333333,10.));
#1164 = LINE('',#1165,#1166);
#1165 = CARTESIAN_POINT('',(89.6,-77.,10.));
#1166 = VECTOR('',#1167,1.);
#1167 = DIRECTION('',(0.,-1.,0.));
#1168 = ORIENTED_EDGE('',*,*,#1169,.F.);
#1169 = EDGE_CURVE('',#1170,#1162,#1172,.T.);
#1170 = VERTEX_POINT('',#1171);
#1171 = CARTESIAN_POINT('',(100.85304071877,-79.25333333333,10.));
#1172 = LINE('',#1173,#1174);
#1173 = CARTESIAN_POINT('',(44.8,-79.25333333333,10.));
#1174 = VECTOR('',#1175,1.);
#1175 = DIRECTION('',(-1.,0.,0.));
#1176 = ORIENTED_EDGE('',*,*,#1177,.T.);
#1177 = EDGE_CURVE('',#1170,#1178,#1180,.T.);
#1178 = VERTEX_POINT('',#1179);
#1179 = CARTESIAN_POINT('',(101.99509792142,-65.,10.));
#1180 = CIRCLE('',#1181,102.);
#1181 = AXIS2_PLACEMENT_3D('',#1182,#1183,#1184);
#1182 = CARTESIAN_POINT('',(0.,-64.,10.));
#1183 = DIRECTION('',(0.,0.,1.));
#1184 = DIRECTION('',(1.,0.,0.));
#1185 = ORIENTED_EDGE('',*,*,#1186,.F.);
#1186 = EDGE_CURVE('',#1187,#1178,#1189,.T.);
#1187 = VERTEX_POINT('',#1188);
#1188 = CARTESIAN_POINT('',(85.,-65.,10.));
#1189 = LINE('',#1190,#1191);
#1190 = CARTESIAN_POINT('',(42.5,-65.,10.));
#1191 = VECTOR('',#1192,1.);
#1192 = DIRECTION('',(1.,0.,0.));
#1193 = ORIENTED_EDGE('',*,*,#1194,.T.);
#1194 = EDGE_CURVE('',#1187,#1195,#1197,.T.);
#1195 = VERTEX_POINT('',#1196);
#1196 = CARTESIAN_POINT('',(85.,-80.13907226919,10.));
#1197 = LINE('',#1198,#1199);
#1198 = CARTESIAN_POINT('',(85.,-89.5,10.));
#1199 = VECTOR('',#1200,1.);
#1200 = DIRECTION('',(0.,-1.,0.));
#1201 = ORIENTED_EDGE('',*,*,#1202,.F.);
#1202 = EDGE_CURVE('',#1203,#1195,#1205,.T.);
#1203 = VERTEX_POINT('',#1204);
#1204 = CARTESIAN_POINT('',(73.769149363623,-77.53191051431,10.));
#1205 = LINE('',#1206,#1207);
#1206 = CARTESIAN_POINT('',(0.791453975198,-60.59065979914,10.));
#1207 = VECTOR('',#1208,1.);
#1208 = DIRECTION('',(0.974097200243,-0.226129707199,0.));
#1209 = ORIENTED_EDGE('',*,*,#1210,.T.);
#1210 = EDGE_CURVE('',#1203,#1211,#1213,.T.);
#1211 = VERTEX_POINT('',#1212);
#1212 = CARTESIAN_POINT('',(75.,-64.,10.));
#1213 = CIRCLE('',#1214,75.);
#1214 = AXIS2_PLACEMENT_3D('',#1215,#1216,#1217);
#1215 = CARTESIAN_POINT('',(0.,-64.,10.));
#1216 = DIRECTION('',(0.,0.,1.));
#1217 = DIRECTION('',(1.,0.,0.));
#1218 = ORIENTED_EDGE('',*,*,#1219,.T.);
#1219 = EDGE_CURVE('',#1211,#1220,#1222,.T.);
#1220 = VERTEX_POINT('',#1221);
#1221 = CARTESIAN_POINT('',(46.895393418341,-5.469477397353,10.));
#1222 = CIRCLE('',#1223,75.);
#1223 = AXIS2_PLACEMENT_3D('',#1224,#1225,#1226);
#1224 = CARTESIAN_POINT('',(0.,-64.,10.));
#1225 = DIRECTION('',(0.,0.,1.));
#1226 = DIRECTION('',(1.,0.,0.));
#1227 = ORIENTED_EDGE('',*,*,#1228,.T.);
#1228 = EDGE_CURVE('',#1220,#1229,#1231,.T.);
#1229 = VERTEX_POINT('',#1230);
#1230 = CARTESIAN_POINT('',(62.788759921521,16.38390154451,10.));
#1231 = LINE('',#1232,#1233);
#1232 = CARTESIAN_POINT('',(2.83057629506,-66.05860094186,10.));
#1233 = VECTOR('',#1234,1.);
#1234 = DIRECTION('',(0.588171697675,0.808736084303,0.));
#1235 = ORIENTED_EDGE('',*,*,#1236,.T.);
#1236 = EDGE_CURVE('',#1229,#377,#1237,.T.);
#1237 = CIRCLE('',#1238,102.);
#1238 = AXIS2_PLACEMENT_3D('',#1239,#1240,#1241);
#1239 = CARTESIAN_POINT('',(0.,-64.,10.));
#1240 = DIRECTION('',(0.,0.,1.));
#1241 = DIRECTION('',(1.,0.,0.));
#1242 = ORIENTED_EDGE('',*,*,#376,.F.);
#1243 = ORIENTED_EDGE('',*,*,#341,.T.);
#1244 = ORIENTED_EDGE('',*,*,#360,.T.);
#1245 = ORIENTED_EDGE('',*,*,#310,.T.);
#1246 = ORIENTED_EDGE('',*,*,#1247,.T.);
#1247 = EDGE_CURVE('',#311,#1248,#1250,.T.);
#1248 = VERTEX_POINT('',#1249);
#1249 = CARTESIAN_POINT('',(2.364425582849,58.977272256556,10.));
#1250 = LINE('',#1251,#1252);
#1251 = CARTESIAN_POINT('',(3.546365306206,58.948864545855,10.));
#1252 = VECTOR('',#1253,1.);
#1253 = DIRECTION('',(-0.999711288748,2.402788273769E-02,0.));
#1254 = ORIENTED_EDGE('',*,*,#1255,.T.);
#1255 = EDGE_CURVE('',#1248,#1256,#1258,.T.);
#1256 = VERTEX_POINT('',#1257);
#1257 = CARTESIAN_POINT('',(1.182267407057,58.994317932896,10.));
#1258 = LINE('',#1259,#1260);
#1259 = CARTESIAN_POINT('',(2.364425582849,58.977272256556,10.));
#1260 = VECTOR('',#1261,1.);
#1261 = DIRECTION('',(-0.999896060748,1.441761768732E-02,0.));
#1262 = ORIENTED_EDGE('',*,*,#1263,.T.);
#1263 = EDGE_CURVE('',#1256,#1264,#1266,.T.);
#1264 = VERTEX_POINT('',#1265);
#1265 = CARTESIAN_POINT('',(7.531577814756E-15,59.,10.));
#1266 = LINE('',#1267,#1268);
#1267 = CARTESIAN_POINT('',(1.182267407057,58.994317932896,10.));
#1268 = VECTOR('',#1269,1.);
#1269 = DIRECTION('',(-0.999988451016,4.806020573993E-03,0.));
#1270 = ORIENTED_EDGE('',*,*,#1271,.T.);
#1271 = EDGE_CURVE('',#1264,#1272,#1274,.T.);
#1272 = VERTEX_POINT('',#1273);
#1273 = CARTESIAN_POINT('',(-1.182267407057,58.994317932896,10.));
#1274 = LINE('',#1275,#1276);
#1275 = CARTESIAN_POINT('',(7.531577814756E-15,59.,10.));
#1276 = VECTOR('',#1277,1.);
#1277 = DIRECTION('',(-0.999988451016,-4.806020573993E-03,0.));
#1278 = ORIENTED_EDGE('',*,*,#1279,.T.);
#1279 = EDGE_CURVE('',#1272,#1280,#1282,.T.);
#1280 = VERTEX_POINT('',#1281);
#1281 = CARTESIAN_POINT('',(-2.364425582849,58.977272256556,10.));
#1282 = LINE('',#1283,#1284);
#1283 = CARTESIAN_POINT('',(-1.182267407057,58.994317932896,10.));
#1284 = VECTOR('',#1285,1.);
#1285 = DIRECTION('',(-0.999896060748,-1.441761768732E-02,0.));
#1286 = ORIENTED_EDGE('',*,*,#1287,.T.);
#1287 = EDGE_CURVE('',#1280,#895,#1288,.T.);
#1288 = LINE('',#1289,#1290);
#1289 = CARTESIAN_POINT('',(-2.364425582849,58.977272256556,10.));
#1290 = VECTOR('',#1291,1.);
#1291 = DIRECTION('',(-0.999711288748,-2.402788273769E-02,0.));
#1292 = FACE_BOUND('',#1293,.T.);
#1293 = EDGE_LOOP('',(#1294,#1304,#1313,#1321,#1330,#1338,#1347,#1356,
    #1364,#1373,#1382,#1390,#1399,#1407,#1416,#1424,#1433,#1441,#1450,
    #1458,#1467,#1475,#1484,#1492,#1501,#1509));
#1294 = ORIENTED_EDGE('',*,*,#1295,.T.);
#1295 = EDGE_CURVE('',#1296,#1298,#1300,.T.);
#1296 = VERTEX_POINT('',#1297);
#1297 = CARTESIAN_POINT('',(3.5,-49.41404785418,10.));
#1298 = VERTEX_POINT('',#1299);
#1299 = CARTESIAN_POINT('',(3.5,-24.1534192182,10.));
#1300 = LINE('',#1301,#1302);
#1301 = CARTESIAN_POINT('',(3.5,-64.,10.));
#1302 = VECTOR('',#1303,1.);
#1303 = DIRECTION('',(1.110223024625E-16,1.,0.));
#1304 = ORIENTED_EDGE('',*,*,#1305,.F.);
#1305 = EDGE_CURVE('',#1306,#1298,#1308,.T.);
#1306 = VERTEX_POINT('',#1307);
#1307 = CARTESIAN_POINT('',(20.606054769912,-29.71603134379,10.));
#1308 = CIRCLE('',#1309,40.);
#1309 = AXIS2_PLACEMENT_3D('',#1310,#1311,#1312);
#1310 = CARTESIAN_POINT('',(0.,-64.,10.));
#1311 = DIRECTION('',(0.,0.,1.));
#1312 = DIRECTION('',(1.,0.,0.));
#1313 = ORIENTED_EDGE('',*,*,#1314,.F.);
#1314 = EDGE_CURVE('',#1315,#1306,#1317,.T.);
#1315 = VERTEX_POINT('',#1316);
#1316 = CARTESIAN_POINT('',(5.748467940747,-50.14521323389,10.));
#1317 = LINE('',#1318,#1319);
#1318 = CARTESIAN_POINT('',(-2.830576295063,-61.94139905813,10.));
#1319 = VECTOR('',#1320,1.);
#1320 = DIRECTION('',(0.588171697675,0.808736084303,0.));
#1321 = ORIENTED_EDGE('',*,*,#1322,.F.);
#1322 = EDGE_CURVE('',#1323,#1315,#1325,.T.);
#1323 = VERTEX_POINT('',#1324);
#1324 = CARTESIAN_POINT('',(11.409620530872,-54.26241511762,10.));
#1325 = CIRCLE('',#1326,15.);
#1326 = AXIS2_PLACEMENT_3D('',#1327,#1328,#1329);
#1327 = CARTESIAN_POINT('',(0.,-64.,10.));
#1328 = DIRECTION('',(0.,0.,1.));
#1329 = DIRECTION('',(1.,0.,0.));
#1330 = ORIENTED_EDGE('',*,*,#1331,.T.);
#1331 = EDGE_CURVE('',#1323,#1332,#1334,.T.);
#1332 = VERTEX_POINT('',#1333);
#1333 = CARTESIAN_POINT('',(26.267207360035,-33.83323322752,10.));
#1334 = LINE('',#1335,#1336);
#1335 = CARTESIAN_POINT('',(2.83057629506,-66.05860094186,10.));
#1336 = VECTOR('',#1337,1.);
#1337 = DIRECTION('',(0.588171697675,0.808736084303,0.));
#1338 = ORIENTED_EDGE('',*,*,#1339,.F.);
#1339 = EDGE_CURVE('',#1340,#1332,#1342,.T.);
#1340 = VERTEX_POINT('',#1341);
#1341 = CARTESIAN_POINT('',(40.,-64.,10.));
#1342 = CIRCLE('',#1343,40.);
#1343 = AXIS2_PLACEMENT_3D('',#1344,#1345,#1346);
#1344 = CARTESIAN_POINT('',(0.,-64.,10.));
#1345 = DIRECTION('',(0.,0.,1.));
#1346 = DIRECTION('',(1.,0.,0.));
#1347 = ORIENTED_EDGE('',*,*,#1348,.F.);
#1348 = EDGE_CURVE('',#1349,#1340,#1351,.T.);
#1349 = VERTEX_POINT('',#1350);
#1350 = CARTESIAN_POINT('',(39.605896754013,-69.60115544423,10.));
#1351 = CIRCLE('',#1352,40.);
#1352 = AXIS2_PLACEMENT_3D('',#1353,#1354,#1355);
#1353 = CARTESIAN_POINT('',(0.,-64.,10.));
#1354 = DIRECTION('',(0.,0.,1.));
#1355 = DIRECTION('',(1.,0.,0.));
#1356 = ORIENTED_EDGE('',*,*,#1357,.F.);
#1357 = EDGE_CURVE('',#1358,#1349,#1360,.T.);
#1358 = VERTEX_POINT('',#1359);
#1359 = CARTESIAN_POINT('',(14.999589123319,-63.88897688709,10.));
#1360 = LINE('',#1361,#1362);
#1361 = CARTESIAN_POINT('',(0.791453975198,-60.59065979914,10.));
#1362 = VECTOR('',#1363,1.);
#1363 = DIRECTION('',(0.974097200243,-0.226129707199,0.));
#1364 = ORIENTED_EDGE('',*,*,#1365,.F.);
#1365 = EDGE_CURVE('',#1366,#1358,#1368,.T.);
#1366 = VERTEX_POINT('',#1367);
#1367 = CARTESIAN_POINT('',(15.,-64.,10.));
#1368 = CIRCLE('',#1369,15.);
#1369 = AXIS2_PLACEMENT_3D('',#1370,#1371,#1372);
#1370 = CARTESIAN_POINT('',(0.,-64.,10.));
#1371 = DIRECTION('',(0.,0.,1.));
#1372 = DIRECTION('',(1.,0.,0.));
#1373 = ORIENTED_EDGE('',*,*,#1374,.F.);
#1374 = EDGE_CURVE('',#1375,#1366,#1377,.T.);
#1375 = VERTEX_POINT('',#1376);
#1376 = CARTESIAN_POINT('',(13.416681172926,-70.7076572888,10.));
#1377 = CIRCLE('',#1378,15.);
#1378 = AXIS2_PLACEMENT_3D('',#1379,#1380,#1381);
#1379 = CARTESIAN_POINT('',(0.,-64.,10.));
#1380 = DIRECTION('',(0.,0.,1.));
#1381 = DIRECTION('',(1.,0.,0.));
#1382 = ORIENTED_EDGE('',*,*,#1383,.T.);
#1383 = EDGE_CURVE('',#1375,#1384,#1386,.T.);
#1384 = VERTEX_POINT('',#1385);
#1385 = CARTESIAN_POINT('',(38.022988803618,-76.41983584593,10.));
#1386 = LINE('',#1387,#1388);
#1387 = CARTESIAN_POINT('',(-0.791453975197,-67.40934020085,10.));
#1388 = VECTOR('',#1389,1.);
#1389 = DIRECTION('',(0.974097200243,-0.226129707199,0.));
#1390 = ORIENTED_EDGE('',*,*,#1391,.F.);
#1391 = EDGE_CURVE('',#1392,#1384,#1394,.T.);
#1392 = VERTEX_POINT('',#1393);
#1393 = CARTESIAN_POINT('',(3.5,-103.8465807817,10.));
#1394 = CIRCLE('',#1395,40.);
#1395 = AXIS2_PLACEMENT_3D('',#1396,#1397,#1398);
#1396 = CARTESIAN_POINT('',(0.,-64.,10.));
#1397 = DIRECTION('',(0.,0.,1.));
#1398 = DIRECTION('',(1.,0.,0.));
#1399 = ORIENTED_EDGE('',*,*,#1400,.F.);
#1400 = EDGE_CURVE('',#1401,#1392,#1403,.T.);
#1401 = VERTEX_POINT('',#1402);
#1402 = CARTESIAN_POINT('',(3.5,-78.58595214581,10.));
#1403 = LINE('',#1404,#1405);
#1404 = CARTESIAN_POINT('',(3.5,-64.,10.));
#1405 = VECTOR('',#1406,1.);
#1406 = DIRECTION('',(1.110223024625E-16,-1.,0.));
#1407 = ORIENTED_EDGE('',*,*,#1408,.F.);
#1408 = EDGE_CURVE('',#1409,#1401,#1411,.T.);
#1409 = VERTEX_POINT('',#1410);
#1410 = CARTESIAN_POINT('',(-3.5,-78.58595214581,10.));
#1411 = CIRCLE('',#1412,15.);
#1412 = AXIS2_PLACEMENT_3D('',#1413,#1414,#1415);
#1413 = CARTESIAN_POINT('',(0.,-64.,10.));
#1414 = DIRECTION('',(0.,0.,1.));
#1415 = DIRECTION('',(1.,0.,0.));
#1416 = ORIENTED_EDGE('',*,*,#1417,.T.);
#1417 = EDGE_CURVE('',#1409,#1418,#1420,.T.);
#1418 = VERTEX_POINT('',#1419);
#1419 = CARTESIAN_POINT('',(-3.5,-103.8465807817,10.));
#1420 = LINE('',#1421,#1422);
#1421 = CARTESIAN_POINT('',(-3.5,-64.,10.));
#1422 = VECTOR('',#1423,1.);
#1423 = DIRECTION('',(1.110223024625E-16,-1.,0.));
#1424 = ORIENTED_EDGE('',*,*,#1425,.F.);
#1425 = EDGE_CURVE('',#1426,#1418,#1428,.T.);
#1426 = VERTEX_POINT('',#1427);
#1427 = CARTESIAN_POINT('',(-38.02298880361,-76.41983584593,10.));
#1428 = CIRCLE('',#1429,40.);
#1429 = AXIS2_PLACEMENT_3D('',#1430,#1431,#1432);
#1430 = CARTESIAN_POINT('',(0.,-64.,10.));
#1431 = DIRECTION('',(0.,0.,1.));
#1432 = DIRECTION('',(1.,0.,0.));
#1433 = ORIENTED_EDGE('',*,*,#1434,.F.);
#1434 = EDGE_CURVE('',#1435,#1426,#1437,.T.);
#1435 = VERTEX_POINT('',#1436);
#1436 = CARTESIAN_POINT('',(-13.41668117292,-70.7076572888,10.));
#1437 = LINE('',#1438,#1439);
#1438 = CARTESIAN_POINT('',(0.791453975197,-67.40934020085,10.));
#1439 = VECTOR('',#1440,1.);
#1440 = DIRECTION('',(-0.974097200243,-0.226129707199,0.));
#1441 = ORIENTED_EDGE('',*,*,#1442,.F.);
#1442 = EDGE_CURVE('',#1443,#1435,#1445,.T.);
#1443 = VERTEX_POINT('',#1444);
#1444 = CARTESIAN_POINT('',(-14.99958912331,-63.88897688709,10.));
#1445 = CIRCLE('',#1446,15.);
#1446 = AXIS2_PLACEMENT_3D('',#1447,#1448,#1449);
#1447 = CARTESIAN_POINT('',(0.,-64.,10.));
#1448 = DIRECTION('',(0.,0.,1.));
#1449 = DIRECTION('',(1.,0.,0.));
#1450 = ORIENTED_EDGE('',*,*,#1451,.T.);
#1451 = EDGE_CURVE('',#1443,#1452,#1454,.T.);
#1452 = VERTEX_POINT('',#1453);
#1453 = CARTESIAN_POINT('',(-39.60589675401,-69.60115544423,10.));
#1454 = LINE('',#1455,#1456);
#1455 = CARTESIAN_POINT('',(-0.791453975198,-60.59065979914,10.));
#1456 = VECTOR('',#1457,1.);
#1457 = DIRECTION('',(-0.974097200243,-0.226129707199,0.));
#1458 = ORIENTED_EDGE('',*,*,#1459,.F.);
#1459 = EDGE_CURVE('',#1460,#1452,#1462,.T.);
#1460 = VERTEX_POINT('',#1461);
#1461 = CARTESIAN_POINT('',(-26.26720736003,-33.83323322752,10.));
#1462 = CIRCLE('',#1463,40.);
#1463 = AXIS2_PLACEMENT_3D('',#1464,#1465,#1466);
#1464 = CARTESIAN_POINT('',(0.,-64.,10.));
#1465 = DIRECTION('',(0.,0.,1.));
#1466 = DIRECTION('',(1.,0.,0.));
#1467 = ORIENTED_EDGE('',*,*,#1468,.F.);
#1468 = EDGE_CURVE('',#1469,#1460,#1471,.T.);
#1469 = VERTEX_POINT('',#1470);
#1470 = CARTESIAN_POINT('',(-11.40962053087,-54.26241511762,10.));
#1471 = LINE('',#1472,#1473);
#1472 = CARTESIAN_POINT('',(-2.83057629506,-66.05860094186,10.));
#1473 = VECTOR('',#1474,1.);
#1474 = DIRECTION('',(-0.588171697675,0.808736084303,0.));
#1475 = ORIENTED_EDGE('',*,*,#1476,.F.);
#1476 = EDGE_CURVE('',#1477,#1469,#1479,.T.);
#1477 = VERTEX_POINT('',#1478);
#1478 = CARTESIAN_POINT('',(-5.748467940747,-50.14521323389,10.));
#1479 = CIRCLE('',#1480,15.);
#1480 = AXIS2_PLACEMENT_3D('',#1481,#1482,#1483);
#1481 = CARTESIAN_POINT('',(0.,-64.,10.));
#1482 = DIRECTION('',(0.,0.,1.));
#1483 = DIRECTION('',(1.,0.,0.));
#1484 = ORIENTED_EDGE('',*,*,#1485,.T.);
#1485 = EDGE_CURVE('',#1477,#1486,#1488,.T.);
#1486 = VERTEX_POINT('',#1487);
#1487 = CARTESIAN_POINT('',(-20.60605476991,-29.71603134379,10.));
#1488 = LINE('',#1489,#1490);
#1489 = CARTESIAN_POINT('',(2.830576295063,-61.94139905813,10.));
#1490 = VECTOR('',#1491,1.);
#1491 = DIRECTION('',(-0.588171697675,0.808736084303,0.));
#1492 = ORIENTED_EDGE('',*,*,#1493,.F.);
#1493 = EDGE_CURVE('',#1494,#1486,#1496,.T.);
#1494 = VERTEX_POINT('',#1495);
#1495 = CARTESIAN_POINT('',(-3.5,-24.1534192182,10.));
#1496 = CIRCLE('',#1497,40.);
#1497 = AXIS2_PLACEMENT_3D('',#1498,#1499,#1500);
#1498 = CARTESIAN_POINT('',(0.,-64.,10.));
#1499 = DIRECTION('',(0.,0.,1.));
#1500 = DIRECTION('',(1.,0.,0.));
#1501 = ORIENTED_EDGE('',*,*,#1502,.F.);
#1502 = EDGE_CURVE('',#1503,#1494,#1505,.T.);
#1503 = VERTEX_POINT('',#1504);
#1504 = CARTESIAN_POINT('',(-3.5,-49.41404785418,10.));
#1505 = LINE('',#1506,#1507);
#1506 = CARTESIAN_POINT('',(-3.5,-64.,10.));
#1507 = VECTOR('',#1508,1.);
#1508 = DIRECTION('',(1.110223024625E-16,1.,0.));
#1509 = ORIENTED_EDGE('',*,*,#1510,.F.);
#1510 = EDGE_CURVE('',#1296,#1503,#1511,.T.);
#1511 = CIRCLE('',#1512,15.);
#1512 = AXIS2_PLACEMENT_3D('',#1513,#1514,#1515);
#1513 = CARTESIAN_POINT('',(0.,-64.,10.));
#1514 = DIRECTION('',(0.,0.,1.));
#1515 = DIRECTION('',(1.,0.,0.));
#1516 = PLANE('',#1517);
#1517 = AXIS2_PLACEMENT_3D('',#1518,#1519,#1520);
#1518 = CARTESIAN_POINT('',(3.030691199925E-02,-72.10258691561,10.));
#1519 = DIRECTION('',(0.,0.,1.));
#1520 = DIRECTION('',(1.,0.,0.));
#1521 = ADVANCED_FACE('',(#1522),#1533,.T.);
#1522 = FACE_BOUND('',#1523,.T.);
#1523 = EDGE_LOOP('',(#1524,#1525,#1526,#1527));
#1524 = ORIENTED_EDGE('',*,*,#1247,.F.);
#1525 = ORIENTED_EDGE('',*,*,#318,.T.);
#1526 = ORIENTED_EDGE('',*,*,#869,.F.);
#1527 = ORIENTED_EDGE('',*,*,#1528,.F.);
#1528 = EDGE_CURVE('',#1248,#862,#1529,.T.);
#1529 = LINE('',#1530,#1531);
#1530 = CARTESIAN_POINT('',(2.364425582849,58.977272256556,10.));
#1531 = VECTOR('',#1532,1.);
#1532 = DIRECTION('',(0.,0.,1.));
#1533 = PLANE('',#1534);
#1534 = AXIS2_PLACEMENT_3D('',#1535,#1536,#1537);
#1535 = CARTESIAN_POINT('',(3.546365306206,58.948864545855,10.));
#1536 = DIRECTION('',(-2.402788273769E-02,-0.999711288748,0.));
#1537 = DIRECTION('',(-0.999711288748,2.402788273769E-02,0.));
#1538 = ADVANCED_FACE('',(#1539),#1558,.F.);
#1539 = FACE_BOUND('',#1540,.F.);
#1540 = EDGE_LOOP('',(#1541,#1549,#1550,#1551));
#1541 = ORIENTED_EDGE('',*,*,#1542,.F.);
#1542 = EDGE_CURVE('',#1229,#1543,#1545,.T.);
#1543 = VERTEX_POINT('',#1544);
#1544 = CARTESIAN_POINT('',(62.788759921521,16.38390154451,14.));
#1545 = LINE('',#1546,#1547);
#1546 = CARTESIAN_POINT('',(62.788759921521,16.38390154451,10.));
#1547 = VECTOR('',#1548,1.);
#1548 = DIRECTION('',(0.,0.,1.));
#1549 = ORIENTED_EDGE('',*,*,#1236,.T.);
#1550 = ORIENTED_EDGE('',*,*,#384,.T.);
#1551 = ORIENTED_EDGE('',*,*,#1552,.F.);
#1552 = EDGE_CURVE('',#1543,#385,#1553,.T.);
#1553 = CIRCLE('',#1554,102.);
#1554 = AXIS2_PLACEMENT_3D('',#1555,#1556,#1557);
#1555 = CARTESIAN_POINT('',(0.,-64.,14.));
#1556 = DIRECTION('',(0.,0.,1.));
#1557 = DIRECTION('',(1.,0.,0.));
#1558 = CYLINDRICAL_SURFACE('',#1559,102.);
#1559 = AXIS2_PLACEMENT_3D('',#1560,#1561,#1562);
#1560 = CARTESIAN_POINT('',(0.,-64.,10.));
#1561 = DIRECTION('',(0.,0.,1.));
#1562 = DIRECTION('',(1.,0.,0.));
#1563 = ADVANCED_FACE('',(#1564),#1575,.T.);
#1564 = FACE_BOUND('',#1565,.T.);
#1565 = EDGE_LOOP('',(#1566,#1567,#1568,#1574));
#1566 = ORIENTED_EDGE('',*,*,#392,.F.);
#1567 = ORIENTED_EDGE('',*,*,#1552,.F.);
#1568 = ORIENTED_EDGE('',*,*,#1569,.T.);
#1569 = EDGE_CURVE('',#1543,#449,#1570,.T.);
#1570 = LINE('',#1571,#1572);
#1571 = CARTESIAN_POINT('',(2.830576295061,-66.05860094186,14.));
#1572 = VECTOR('',#1573,1.);
#1573 = DIRECTION('',(0.588171697675,0.808736084303,0.));
#1574 = ORIENTED_EDGE('',*,*,#456,.T.);
#1575 = PLANE('',#1576);
#1576 = AXIS2_PLACEMENT_3D('',#1577,#1578,#1579);
#1577 = CARTESIAN_POINT('',(2.830576295061,-66.05860094186,14.));
#1578 = DIRECTION('',(0.,0.,1.));
#1579 = DIRECTION('',(0.588171697675,0.808736084303,0.));
#1580 = ADVANCED_FACE('',(#1581,#1587),#1621,.T.);
#1581 = FACE_BOUND('',#1582,.T.);
#1582 = EDGE_LOOP('',(#1583,#1584,#1585,#1586));
#1583 = ORIENTED_EDGE('',*,*,#481,.F.);
#1584 = ORIENTED_EDGE('',*,*,#424,.T.);
#1585 = ORIENTED_EDGE('',*,*,#554,.T.);
#1586 = ORIENTED_EDGE('',*,*,#497,.F.);
#1587 = FACE_BOUND('',#1588,.T.);
#1588 = EDGE_LOOP('',(#1589,#1599,#1607,#1615));
#1589 = ORIENTED_EDGE('',*,*,#1590,.T.);
#1590 = EDGE_CURVE('',#1591,#1593,#1595,.T.);
#1591 = VERTEX_POINT('',#1592);
#1592 = CARTESIAN_POINT('',(119.3,83.7,24.));
#1593 = VERTEX_POINT('',#1594);
#1594 = CARTESIAN_POINT('',(110.7,83.7,24.));
#1595 = LINE('',#1596,#1597);
#1596 = CARTESIAN_POINT('',(97.85,83.7,24.));
#1597 = VECTOR('',#1598,1.);
#1598 = DIRECTION('',(-1.,0.,0.));
#1599 = ORIENTED_EDGE('',*,*,#1600,.T.);
#1600 = EDGE_CURVE('',#1593,#1601,#1603,.T.);
#1601 = VERTEX_POINT('',#1602);
#1602 = CARTESIAN_POINT('',(110.7,96.3,24.));
#1603 = LINE('',#1604,#1605);
#1604 = CARTESIAN_POINT('',(110.7,74.35,24.));
#1605 = VECTOR('',#1606,1.);
#1606 = DIRECTION('',(0.,1.,0.));
#1607 = ORIENTED_EDGE('',*,*,#1608,.F.);
#1608 = EDGE_CURVE('',#1609,#1601,#1611,.T.);
#1609 = VERTEX_POINT('',#1610);
#1610 = CARTESIAN_POINT('',(119.3,96.3,24.));
#1611 = LINE('',#1612,#1613);
#1612 = CARTESIAN_POINT('',(97.85,96.3,24.));
#1613 = VECTOR('',#1614,1.);
#1614 = DIRECTION('',(-1.,0.,0.));
#1615 = ORIENTED_EDGE('',*,*,#1616,.F.);
#1616 = EDGE_CURVE('',#1591,#1609,#1617,.T.);
#1617 = LINE('',#1618,#1619);
#1618 = CARTESIAN_POINT('',(119.3,74.35,24.));
#1619 = VECTOR('',#1620,1.);
#1620 = DIRECTION('',(0.,1.,0.));
#1621 = PLANE('',#1622);
#1622 = AXIS2_PLACEMENT_3D('',#1623,#1624,#1625);
#1623 = CARTESIAN_POINT('',(85.,65.,24.));
#1624 = DIRECTION('',(0.,0.,1.));
#1625 = DIRECTION('',(1.,0.,0.));
#1626 = ADVANCED_FACE('',(#1627,#1679),#1713,.T.);
#1627 = FACE_BOUND('',#1628,.T.);
#1628 = EDGE_LOOP('',(#1629,#1630,#1631,#1639,#1648,#1657,#1665,#1673));
#1629 = ORIENTED_EDGE('',*,*,#561,.T.);
#1630 = ORIENTED_EDGE('',*,*,#440,.F.);
#1631 = ORIENTED_EDGE('',*,*,#1632,.F.);
#1632 = EDGE_CURVE('',#1633,#441,#1635,.T.);
#1633 = VERTEX_POINT('',#1634);
#1634 = CARTESIAN_POINT('',(46.89539341834,-5.469477397352,4.));
#1635 = LINE('',#1636,#1637);
#1636 = CARTESIAN_POINT('',(2.830576295061,-66.05860094186,4.));
#1637 = VECTOR('',#1638,1.);
#1638 = DIRECTION('',(0.588171697675,0.808736084303,0.));
#1639 = ORIENTED_EDGE('',*,*,#1640,.F.);
#1640 = EDGE_CURVE('',#1641,#1633,#1643,.T.);
#1641 = VERTEX_POINT('',#1642);
#1642 = CARTESIAN_POINT('',(75.,-64.,4.));
#1643 = CIRCLE('',#1644,75.);
#1644 = AXIS2_PLACEMENT_3D('',#1645,#1646,#1647);
#1645 = CARTESIAN_POINT('',(0.,-64.,4.));
#1646 = DIRECTION('',(0.,0.,1.));
#1647 = DIRECTION('',(1.,0.,0.));
#1648 = ORIENTED_EDGE('',*,*,#1649,.F.);
#1649 = EDGE_CURVE('',#1650,#1641,#1652,.T.);
#1650 = VERTEX_POINT('',#1651);
#1651 = CARTESIAN_POINT('',(73.769149363623,-77.53191051431,4.));
#1652 = CIRCLE('',#1653,75.);
#1653 = AXIS2_PLACEMENT_3D('',#1654,#1655,#1656);
#1654 = CARTESIAN_POINT('',(0.,-64.,4.));
#1655 = DIRECTION('',(0.,0.,1.));
#1656 = DIRECTION('',(1.,0.,0.));
#1657 = ORIENTED_EDGE('',*,*,#1658,.T.);
#1658 = EDGE_CURVE('',#1650,#1659,#1661,.T.);
#1659 = VERTEX_POINT('',#1660);
#1660 = CARTESIAN_POINT('',(85.,-80.13907226919,4.));
#1661 = LINE('',#1662,#1663);
#1662 = CARTESIAN_POINT('',(0.791453975198,-60.59065979914,4.));
#1663 = VECTOR('',#1664,1.);
#1664 = DIRECTION('',(0.974097200243,-0.226129707199,0.));
#1665 = ORIENTED_EDGE('',*,*,#1666,.T.);
#1666 = EDGE_CURVE('',#1659,#1667,#1669,.T.);
#1667 = VERTEX_POINT('',#1668);
#1668 = CARTESIAN_POINT('',(85.,-65.,4.));
#1669 = LINE('',#1670,#1671);
#1670 = CARTESIAN_POINT('',(85.,-115.,4.));
#1671 = VECTOR('',#1672,1.);
#1672 = DIRECTION('',(0.,1.,0.));
#1673 = ORIENTED_EDGE('',*,*,#1674,.T.);
#1674 = EDGE_CURVE('',#1667,#562,#1675,.T.);
#1675 = LINE('',#1676,#1677);
#1676 = CARTESIAN_POINT('',(85.,-65.,4.));
#1677 = VECTOR('',#1678,1.);
#1678 = DIRECTION('',(1.,0.,0.));
#1679 = FACE_BOUND('',#1680,.T.);
#1680 = EDGE_LOOP('',(#1681,#1691,#1699,#1707));
#1681 = ORIENTED_EDGE('',*,*,#1682,.T.);
#1682 = EDGE_CURVE('',#1683,#1685,#1687,.T.);
#1683 = VERTEX_POINT('',#1684);
#1684 = CARTESIAN_POINT('',(110.77721181453,-22.18601498783,4.));
#1685 = VERTEX_POINT('',#1686);
#1686 = CARTESIAN_POINT('',(94.838096645066,-23.58050687179,4.));
#1687 = LINE('',#1688,#1689);
#1688 = CARTESIAN_POINT('',(-27.06862062565,-34.24596264064,4.));
#1689 = VECTOR('',#1690,1.);
#1690 = DIRECTION('',(-0.996194698092,-8.715574274766E-02,0.));
#1691 = ORIENTED_EDGE('',*,*,#1692,.T.);
#1692 = EDGE_CURVE('',#1685,#1693,#1695,.T.);
#1693 = VERTEX_POINT('',#1694);
#1694 = CARTESIAN_POINT('',(93.269293275608,-5.649002306142,4.));
#1695 = LINE('',#1696,#1697);
#1696 = CARTESIAN_POINT('',(99.325765593253,-74.87479766704,4.));
#1697 = VECTOR('',#1698,1.);
#1698 = DIRECTION('',(-8.715574274766E-02,0.996194698092,0.));
#1699 = ORIENTED_EDGE('',*,*,#1700,.F.);
#1700 = EDGE_CURVE('',#1701,#1693,#1703,.T.);
#1701 = VERTEX_POINT('',#1702);
#1702 = CARTESIAN_POINT('',(109.20840844507,-4.25451042218,4.));
#1703 = LINE('',#1704,#1705);
#1704 = CARTESIAN_POINT('',(-28.63742399511,-16.31445807499,4.));
#1705 = VECTOR('',#1706,1.);
#1706 = DIRECTION('',(-0.996194698092,-8.715574274766E-02,0.));
#1707 = ORIENTED_EDGE('',*,*,#1708,.F.);
#1708 = EDGE_CURVE('',#1683,#1701,#1709,.T.);
#1709 = LINE('',#1710,#1711);
#1710 = CARTESIAN_POINT('',(115.26488076272,-73.48030578308,4.));
#1711 = VECTOR('',#1712,1.);
#1712 = DIRECTION('',(-8.715574274766E-02,0.996194698092,0.));
#1713 = PLANE('',#1714);
#1714 = AXIS2_PLACEMENT_3D('',#1715,#1716,#1717);
#1715 = CARTESIAN_POINT('',(-140.,-147.5,4.));
#1716 = DIRECTION('',(0.,0.,1.));
#1717 = DIRECTION('',(1.,0.,0.));
#1718 = ADVANCED_FACE('',(#1719),#1732,.F.);
#1719 = FACE_BOUND('',#1720,.F.);
#1720 = EDGE_LOOP('',(#1721,#1727,#1728,#1729,#1730,#1731));
#1721 = ORIENTED_EDGE('',*,*,#1722,.T.);
#1722 = EDGE_CURVE('',#1633,#1220,#1723,.T.);
#1723 = LINE('',#1724,#1725);
#1724 = CARTESIAN_POINT('',(46.895393418341,-5.469477397353,4.));
#1725 = VECTOR('',#1726,1.);
#1726 = DIRECTION('',(0.,0.,1.));
#1727 = ORIENTED_EDGE('',*,*,#1228,.T.);
#1728 = ORIENTED_EDGE('',*,*,#1542,.T.);
#1729 = ORIENTED_EDGE('',*,*,#1569,.T.);
#1730 = ORIENTED_EDGE('',*,*,#448,.T.);
#1731 = ORIENTED_EDGE('',*,*,#1632,.F.);
#1732 = PLANE('',#1733);
#1733 = AXIS2_PLACEMENT_3D('',#1734,#1735,#1736);
#1734 = CARTESIAN_POINT('',(2.830576295061,-66.05860094186,4.));
#1735 = DIRECTION('',(-0.808736084303,0.588171697675,0.));
#1736 = DIRECTION('',(0.,0.,1.));
#1737 = ADVANCED_FACE('',(#1738),#1786,.T.);
#1738 = FACE_BOUND('',#1739,.T.);
#1739 = EDGE_LOOP('',(#1740,#1750,#1756,#1757,#1765,#1771,#1772,#1780));
#1740 = ORIENTED_EDGE('',*,*,#1741,.F.);
#1741 = EDGE_CURVE('',#1742,#1744,#1746,.T.);
#1742 = VERTEX_POINT('',#1743);
#1743 = CARTESIAN_POINT('',(-140.,-147.5,0.));
#1744 = VERTEX_POINT('',#1745);
#1745 = CARTESIAN_POINT('',(-140.,-147.5,14.));
#1746 = LINE('',#1747,#1748);
#1747 = CARTESIAN_POINT('',(-140.,-147.5,0.));
#1748 = VECTOR('',#1749,1.);
#1749 = DIRECTION('',(0.,0.,1.));
#1750 = ORIENTED_EDGE('',*,*,#1751,.T.);
#1751 = EDGE_CURVE('',#1742,#520,#1752,.T.);
#1752 = LINE('',#1753,#1754);
#1753 = CARTESIAN_POINT('',(-140.,-147.5,0.));
#1754 = VECTOR('',#1755,1.);
#1755 = DIRECTION('',(1.,0.,0.));
#1756 = ORIENTED_EDGE('',*,*,#519,.T.);
#1757 = ORIENTED_EDGE('',*,*,#1758,.F.);
#1758 = EDGE_CURVE('',#1759,#522,#1761,.T.);
#1759 = VERTEX_POINT('',#1760);
#1760 = CARTESIAN_POINT('',(58.58114030983,-147.5,14.));
#1761 = LINE('',#1762,#1763);
#1762 = CARTESIAN_POINT('',(-140.,-147.5,14.));
#1763 = VECTOR('',#1764,1.);
#1764 = DIRECTION('',(1.,0.,0.));
#1765 = ORIENTED_EDGE('',*,*,#1766,.F.);
#1766 = EDGE_CURVE('',#1079,#1759,#1767,.T.);
#1767 = LINE('',#1768,#1769);
#1768 = CARTESIAN_POINT('',(58.58114030983,-147.5,10.));
#1769 = VECTOR('',#1770,1.);
#1770 = DIRECTION('',(0.,0.,1.));
#1771 = ORIENTED_EDGE('',*,*,#1078,.T.);
#1772 = ORIENTED_EDGE('',*,*,#1773,.T.);
#1773 = EDGE_CURVE('',#1070,#1774,#1776,.T.);
#1774 = VERTEX_POINT('',#1775);
#1775 = CARTESIAN_POINT('',(-58.58114030983,-147.5,14.));
#1776 = LINE('',#1777,#1778);
#1777 = CARTESIAN_POINT('',(-58.58114030983,-147.5,10.));
#1778 = VECTOR('',#1779,1.);
#1779 = DIRECTION('',(0.,0.,1.));
#1780 = ORIENTED_EDGE('',*,*,#1781,.F.);
#1781 = EDGE_CURVE('',#1744,#1774,#1782,.T.);
#1782 = LINE('',#1783,#1784);
#1783 = CARTESIAN_POINT('',(-140.,-147.5,14.));
#1784 = VECTOR('',#1785,1.);
#1785 = DIRECTION('',(1.,0.,0.));
#1786 = PLANE('',#1787);
#1787 = AXIS2_PLACEMENT_3D('',#1788,#1789,#1790);
#1788 = CARTESIAN_POINT('',(0.,-147.5,7.));
#1789 = DIRECTION('',(-0.,-1.,-0.));
#1790 = DIRECTION('',(0.,0.,-1.));
#1791 = ADVANCED_FACE('',(#1792,#1810,#1844,#1878,#1912),#1946,.F.);
#1792 = FACE_BOUND('',#1793,.F.);
#1793 = EDGE_LOOP('',(#1794,#1802,#1803,#1804));
#1794 = ORIENTED_EDGE('',*,*,#1795,.F.);
#1795 = EDGE_CURVE('',#1742,#1796,#1798,.T.);
#1796 = VERTEX_POINT('',#1797);
#1797 = CARTESIAN_POINT('',(-140.,147.5,0.));
#1798 = LINE('',#1799,#1800);
#1799 = CARTESIAN_POINT('',(-140.,-147.5,0.));
#1800 = VECTOR('',#1801,1.);
#1801 = DIRECTION('',(0.,1.,0.));
#1802 = ORIENTED_EDGE('',*,*,#1751,.T.);
#1803 = ORIENTED_EDGE('',*,*,#529,.T.);
#1804 = ORIENTED_EDGE('',*,*,#1805,.F.);
#1805 = EDGE_CURVE('',#1796,#530,#1806,.T.);
#1806 = LINE('',#1807,#1808);
#1807 = CARTESIAN_POINT('',(-140.,147.5,0.));
#1808 = VECTOR('',#1809,1.);
#1809 = DIRECTION('',(1.,0.,0.));
#1810 = FACE_BOUND('',#1811,.F.);
#1811 = EDGE_LOOP('',(#1812,#1822,#1830,#1838));
#1812 = ORIENTED_EDGE('',*,*,#1813,.T.);
#1813 = EDGE_CURVE('',#1814,#1816,#1818,.T.);
#1814 = VERTEX_POINT('',#1815);
#1815 = CARTESIAN_POINT('',(-110.7,-96.3,0.));
#1816 = VERTEX_POINT('',#1817);
#1817 = CARTESIAN_POINT('',(-119.3,-96.3,0.));
#1818 = LINE('',#1819,#1820);
#1819 = CARTESIAN_POINT('',(-129.65,-96.3,0.));
#1820 = VECTOR('',#1821,1.);
#1821 = DIRECTION('',(-1.,0.,0.));
#1822 = ORIENTED_EDGE('',*,*,#1823,.T.);
#1823 = EDGE_CURVE('',#1816,#1824,#1826,.T.);
#1824 = VERTEX_POINT('',#1825);
#1825 = CARTESIAN_POINT('',(-119.3,-83.7,0.));
#1826 = LINE('',#1827,#1828);
#1827 = CARTESIAN_POINT('',(-119.3,-121.9,0.));
#1828 = VECTOR('',#1829,1.);
#1829 = DIRECTION('',(0.,1.,0.));
#1830 = ORIENTED_EDGE('',*,*,#1831,.F.);
#1831 = EDGE_CURVE('',#1832,#1824,#1834,.T.);
#1832 = VERTEX_POINT('',#1833);
#1833 = CARTESIAN_POINT('',(-110.7,-83.7,0.));
#1834 = LINE('',#1835,#1836);
#1835 = CARTESIAN_POINT('',(-129.65,-83.7,0.));
#1836 = VECTOR('',#1837,1.);
#1837 = DIRECTION('',(-1.,0.,0.));
#1838 = ORIENTED_EDGE('',*,*,#1839,.F.);
#1839 = EDGE_CURVE('',#1814,#1832,#1840,.T.);
#1840 = LINE('',#1841,#1842);
#1841 = CARTESIAN_POINT('',(-110.7,-121.9,0.));
#1842 = VECTOR('',#1843,1.);
#1843 = DIRECTION('',(0.,1.,0.));
#1844 = FACE_BOUND('',#1845,.F.);
#1845 = EDGE_LOOP('',(#1846,#1856,#1864,#1872));
#1846 = ORIENTED_EDGE('',*,*,#1847,.T.);
#1847 = EDGE_CURVE('',#1848,#1850,#1852,.T.);
#1848 = VERTEX_POINT('',#1849);
#1849 = CARTESIAN_POINT('',(119.3,-96.3,0.));
#1850 = VERTEX_POINT('',#1851);
#1851 = CARTESIAN_POINT('',(110.7,-96.3,0.));
#1852 = LINE('',#1853,#1854);
#1853 = CARTESIAN_POINT('',(-14.65,-96.3,0.));
#1854 = VECTOR('',#1855,1.);
#1855 = DIRECTION('',(-1.,0.,0.));
#1856 = ORIENTED_EDGE('',*,*,#1857,.T.);
#1857 = EDGE_CURVE('',#1850,#1858,#1860,.T.);
#1858 = VERTEX_POINT('',#1859);
#1859 = CARTESIAN_POINT('',(110.7,-83.7,0.));
#1860 = LINE('',#1861,#1862);
#1861 = CARTESIAN_POINT('',(110.7,-121.9,0.));
#1862 = VECTOR('',#1863,1.);
#1863 = DIRECTION('',(0.,1.,0.));
#1864 = ORIENTED_EDGE('',*,*,#1865,.F.);
#1865 = EDGE_CURVE('',#1866,#1858,#1868,.T.);
#1866 = VERTEX_POINT('',#1867);
#1867 = CARTESIAN_POINT('',(119.3,-83.7,0.));
#1868 = LINE('',#1869,#1870);
#1869 = CARTESIAN_POINT('',(-14.65,-83.7,0.));
#1870 = VECTOR('',#1871,1.);
#1871 = DIRECTION('',(-1.,0.,0.));
#1872 = ORIENTED_EDGE('',*,*,#1873,.F.);
#1873 = EDGE_CURVE('',#1848,#1866,#1874,.T.);
#1874 = LINE('',#1875,#1876);
#1875 = CARTESIAN_POINT('',(119.3,-121.9,0.));
#1876 = VECTOR('',#1877,1.);
#1877 = DIRECTION('',(0.,1.,0.));
#1878 = FACE_BOUND('',#1879,.F.);
#1879 = EDGE_LOOP('',(#1880,#1890,#1898,#1906));
#1880 = ORIENTED_EDGE('',*,*,#1881,.T.);
#1881 = EDGE_CURVE('',#1882,#1884,#1886,.T.);
#1882 = VERTEX_POINT('',#1883);
#1883 = CARTESIAN_POINT('',(-110.7,83.7,0.));
#1884 = VERTEX_POINT('',#1885);
#1885 = CARTESIAN_POINT('',(-119.3,83.7,0.));
#1886 = LINE('',#1887,#1888);
#1887 = CARTESIAN_POINT('',(-129.65,83.7,0.));
#1888 = VECTOR('',#1889,1.);
#1889 = DIRECTION('',(-1.,0.,0.));
#1890 = ORIENTED_EDGE('',*,*,#1891,.T.);
#1891 = EDGE_CURVE('',#1884,#1892,#1894,.T.);
#1892 = VERTEX_POINT('',#1893);
#1893 = CARTESIAN_POINT('',(-119.3,96.3,0.));
#1894 = LINE('',#1895,#1896);
#1895 = CARTESIAN_POINT('',(-119.3,-31.9,0.));
#1896 = VECTOR('',#1897,1.);
#1897 = DIRECTION('',(0.,1.,0.));
#1898 = ORIENTED_EDGE('',*,*,#1899,.F.);
#1899 = EDGE_CURVE('',#1900,#1892,#1902,.T.);
#1900 = VERTEX_POINT('',#1901);
#1901 = CARTESIAN_POINT('',(-110.7,96.3,0.));
#1902 = LINE('',#1903,#1904);
#1903 = CARTESIAN_POINT('',(-129.65,96.3,0.));
#1904 = VECTOR('',#1905,1.);
#1905 = DIRECTION('',(-1.,0.,0.));
#1906 = ORIENTED_EDGE('',*,*,#1907,.F.);
#1907 = EDGE_CURVE('',#1882,#1900,#1908,.T.);
#1908 = LINE('',#1909,#1910);
#1909 = CARTESIAN_POINT('',(-110.7,-31.9,0.));
#1910 = VECTOR('',#1911,1.);
#1911 = DIRECTION('',(0.,1.,0.));
#1912 = FACE_BOUND('',#1913,.F.);
#1913 = EDGE_LOOP('',(#1914,#1924,#1932,#1940));
#1914 = ORIENTED_EDGE('',*,*,#1915,.T.);
#1915 = EDGE_CURVE('',#1916,#1918,#1920,.T.);
#1916 = VERTEX_POINT('',#1917);
#1917 = CARTESIAN_POINT('',(119.3,83.7,0.));
#1918 = VERTEX_POINT('',#1919);
#1919 = CARTESIAN_POINT('',(110.7,83.7,0.));
#1920 = LINE('',#1921,#1922);
#1921 = CARTESIAN_POINT('',(-14.65,83.7,0.));
#1922 = VECTOR('',#1923,1.);
#1923 = DIRECTION('',(-1.,0.,0.));
#1924 = ORIENTED_EDGE('',*,*,#1925,.T.);
#1925 = EDGE_CURVE('',#1918,#1926,#1928,.T.);
#1926 = VERTEX_POINT('',#1927);
#1927 = CARTESIAN_POINT('',(110.7,96.3,0.));
#1928 = LINE('',#1929,#1930);
#1929 = CARTESIAN_POINT('',(110.7,-31.9,0.));
#1930 = VECTOR('',#1931,1.);
#1931 = DIRECTION('',(0.,1.,0.));
#1932 = ORIENTED_EDGE('',*,*,#1933,.F.);
#1933 = EDGE_CURVE('',#1934,#1926,#1936,.T.);
#1934 = VERTEX_POINT('',#1935);
#1935 = CARTESIAN_POINT('',(119.3,96.3,0.));
#1936 = LINE('',#1937,#1938);
#1937 = CARTESIAN_POINT('',(-14.65,96.3,0.));
#1938 = VECTOR('',#1939,1.);
#1939 = DIRECTION('',(-1.,0.,0.));
#1940 = ORIENTED_EDGE('',*,*,#1941,.F.);
#1941 = EDGE_CURVE('',#1916,#1934,#1942,.T.);
#1942 = LINE('',#1943,#1944);
#1943 = CARTESIAN_POINT('',(119.3,-31.9,0.));
#1944 = VECTOR('',#1945,1.);
#1945 = DIRECTION('',(0.,1.,0.));
#1946 = PLANE('',#1947);
#1947 = AXIS2_PLACEMENT_3D('',#1948,#1949,#1950);
#1948 = CARTESIAN_POINT('',(-140.,-147.5,0.));
#1949 = DIRECTION('',(0.,0.,1.));
#1950 = DIRECTION('',(1.,0.,0.));
#1951 = ADVANCED_FACE('',(#1952),#1963,.T.);
#1952 = FACE_BOUND('',#1953,.T.);
#1953 = EDGE_LOOP('',(#1954,#1955,#1961,#1962));
#1954 = ORIENTED_EDGE('',*,*,#1805,.F.);
#1955 = ORIENTED_EDGE('',*,*,#1956,.T.);
#1956 = EDGE_CURVE('',#1796,#806,#1957,.T.);
#1957 = LINE('',#1958,#1959);
#1958 = CARTESIAN_POINT('',(-140.,147.5,4.));
#1959 = VECTOR('',#1960,1.);
#1960 = DIRECTION('',(0.,0.,1.));
#1961 = ORIENTED_EDGE('',*,*,#878,.T.);
#1962 = ORIENTED_EDGE('',*,*,#537,.F.);
#1963 = PLANE('',#1964);
#1964 = AXIS2_PLACEMENT_3D('',#1965,#1966,#1967);
#1965 = CARTESIAN_POINT('',(0.,147.5,7.));
#1966 = DIRECTION('',(0.,1.,0.));
#1967 = DIRECTION('',(0.,0.,1.));
#1968 = ADVANCED_FACE('',(#1969),#1994,.T.);
#1969 = FACE_BOUND('',#1970,.T.);
#1970 = EDGE_LOOP('',(#1971,#1972,#1978,#1979,#1987,#1993));
#1971 = ORIENTED_EDGE('',*,*,#1674,.F.);
#1972 = ORIENTED_EDGE('',*,*,#1973,.T.);
#1973 = EDGE_CURVE('',#1667,#1187,#1974,.T.);
#1974 = LINE('',#1975,#1976);
#1975 = CARTESIAN_POINT('',(85.,-65.,4.));
#1976 = VECTOR('',#1977,1.);
#1977 = DIRECTION('',(0.,0.,1.));
#1978 = ORIENTED_EDGE('',*,*,#1186,.T.);
#1979 = ORIENTED_EDGE('',*,*,#1980,.T.);
#1980 = EDGE_CURVE('',#1178,#1981,#1983,.T.);
#1981 = VERTEX_POINT('',#1982);
#1982 = CARTESIAN_POINT('',(101.99509792142,-65.,24.));
#1983 = LINE('',#1984,#1985);
#1984 = CARTESIAN_POINT('',(101.99509792142,-65.,10.));
#1985 = VECTOR('',#1986,1.);
#1986 = DIRECTION('',(0.,0.,1.));
#1987 = ORIENTED_EDGE('',*,*,#1988,.T.);
#1988 = EDGE_CURVE('',#1981,#570,#1989,.T.);
#1989 = LINE('',#1990,#1991);
#1990 = CARTESIAN_POINT('',(85.,-65.,24.));
#1991 = VECTOR('',#1992,1.);
#1992 = DIRECTION('',(1.,0.,0.));
#1993 = ORIENTED_EDGE('',*,*,#569,.F.);
#1994 = PLANE('',#1995);
#1995 = AXIS2_PLACEMENT_3D('',#1996,#1997,#1998);
#1996 = CARTESIAN_POINT('',(85.,-65.,4.));
#1997 = DIRECTION('',(0.,1.,0.));
#1998 = DIRECTION('',(0.,0.,1.));
#1999 = ADVANCED_FACE('',(#2000,#2019),#2053,.T.);
#2000 = FACE_BOUND('',#2001,.T.);
#2001 = EDGE_LOOP('',(#2002,#2011,#2017,#2018));
#2002 = ORIENTED_EDGE('',*,*,#2003,.F.);
#2003 = EDGE_CURVE('',#2004,#1981,#2006,.T.);
#2004 = VERTEX_POINT('',#2005);
#2005 = CARTESIAN_POINT('',(88.334591186013,-115.,24.));
#2006 = CIRCLE('',#2007,102.);
#2007 = AXIS2_PLACEMENT_3D('',#2008,#2009,#2010);
#2008 = CARTESIAN_POINT('',(0.,-64.,24.));
#2009 = DIRECTION('',(0.,0.,1.));
#2010 = DIRECTION('',(1.,0.,0.));
#2011 = ORIENTED_EDGE('',*,*,#2012,.T.);
#2012 = EDGE_CURVE('',#2004,#578,#2013,.T.);
#2013 = LINE('',#2014,#2015);
#2014 = CARTESIAN_POINT('',(85.,-115.,24.));
#2015 = VECTOR('',#2016,1.);
#2016 = DIRECTION('',(1.,0.,0.));
#2017 = ORIENTED_EDGE('',*,*,#577,.T.);
#2018 = ORIENTED_EDGE('',*,*,#1988,.F.);
#2019 = FACE_BOUND('',#2020,.T.);
#2020 = EDGE_LOOP('',(#2021,#2031,#2039,#2047));
#2021 = ORIENTED_EDGE('',*,*,#2022,.T.);
#2022 = EDGE_CURVE('',#2023,#2025,#2027,.T.);
#2023 = VERTEX_POINT('',#2024);
#2024 = CARTESIAN_POINT('',(119.3,-96.3,24.));
#2025 = VERTEX_POINT('',#2026);
#2026 = CARTESIAN_POINT('',(110.7,-96.3,24.));
#2027 = LINE('',#2028,#2029);
#2028 = CARTESIAN_POINT('',(97.85,-96.3,24.));
#2029 = VECTOR('',#2030,1.);
#2030 = DIRECTION('',(-1.,0.,0.));
#2031 = ORIENTED_EDGE('',*,*,#2032,.T.);
#2032 = EDGE_CURVE('',#2025,#2033,#2035,.T.);
#2033 = VERTEX_POINT('',#2034);
#2034 = CARTESIAN_POINT('',(110.7,-83.7,24.));
#2035 = LINE('',#2036,#2037);
#2036 = CARTESIAN_POINT('',(110.7,-105.65,24.));
#2037 = VECTOR('',#2038,1.);
#2038 = DIRECTION('',(0.,1.,0.));
#2039 = ORIENTED_EDGE('',*,*,#2040,.F.);
#2040 = EDGE_CURVE('',#2041,#2033,#2043,.T.);
#2041 = VERTEX_POINT('',#2042);
#2042 = CARTESIAN_POINT('',(119.3,-83.7,24.));
#2043 = LINE('',#2044,#2045);
#2044 = CARTESIAN_POINT('',(97.85,-83.7,24.));
#2045 = VECTOR('',#2046,1.);
#2046 = DIRECTION('',(-1.,0.,0.));
#2047 = ORIENTED_EDGE('',*,*,#2048,.F.);
#2048 = EDGE_CURVE('',#2023,#2041,#2049,.T.);
#2049 = LINE('',#2050,#2051);
#2050 = CARTESIAN_POINT('',(119.3,-105.65,24.));
#2051 = VECTOR('',#2052,1.);
#2052 = DIRECTION('',(0.,1.,0.));
#2053 = PLANE('',#2054);
#2054 = AXIS2_PLACEMENT_3D('',#2055,#2056,#2057);
#2055 = CARTESIAN_POINT('',(85.,-115.,24.));
#2056 = DIRECTION('',(0.,0.,1.));
#2057 = DIRECTION('',(1.,0.,0.));
#2058 = ADVANCED_FACE('',(#2059),#2084,.F.);
#2059 = FACE_BOUND('',#2060,.F.);
#2060 = EDGE_LOOP('',(#2061,#2069,#2075,#2076,#2082,#2083));
#2061 = ORIENTED_EDGE('',*,*,#2062,.F.);
#2062 = EDGE_CURVE('',#2063,#586,#2065,.T.);
#2063 = VERTEX_POINT('',#2064);
#2064 = CARTESIAN_POINT('',(85.,-115.,4.));
#2065 = LINE('',#2066,#2067);
#2066 = CARTESIAN_POINT('',(85.,-115.,4.));
#2067 = VECTOR('',#2068,1.);
#2068 = DIRECTION('',(1.,0.,0.));
#2069 = ORIENTED_EDGE('',*,*,#2070,.T.);
#2070 = EDGE_CURVE('',#2063,#1129,#2071,.T.);
#2071 = LINE('',#2072,#2073);
#2072 = CARTESIAN_POINT('',(85.,-115.,4.));
#2073 = VECTOR('',#2074,1.);
#2074 = DIRECTION('',(0.,0.,1.));
#2075 = ORIENTED_EDGE('',*,*,#1136,.T.);
#2076 = ORIENTED_EDGE('',*,*,#2077,.T.);
#2077 = EDGE_CURVE('',#1137,#2004,#2078,.T.);
#2078 = LINE('',#2079,#2080);
#2079 = CARTESIAN_POINT('',(88.334591186013,-115.,10.));
#2080 = VECTOR('',#2081,1.);
#2081 = DIRECTION('',(0.,0.,1.));
#2082 = ORIENTED_EDGE('',*,*,#2012,.T.);
#2083 = ORIENTED_EDGE('',*,*,#585,.F.);
#2084 = PLANE('',#2085);
#2085 = AXIS2_PLACEMENT_3D('',#2086,#2087,#2088);
#2086 = CARTESIAN_POINT('',(85.,-115.,4.));
#2087 = DIRECTION('',(0.,1.,0.));
#2088 = DIRECTION('',(0.,0.,1.));
#2089 = ADVANCED_FACE('',(#2090),#2133,.T.);
#2090 = FACE_BOUND('',#2091,.T.);
#2091 = EDGE_LOOP('',(#2092,#2093,#2094,#2102,#2110,#2119,#2127));
#2092 = ORIENTED_EDGE('',*,*,#593,.T.);
#2093 = ORIENTED_EDGE('',*,*,#2062,.F.);
#2094 = ORIENTED_EDGE('',*,*,#2095,.T.);
#2095 = EDGE_CURVE('',#2063,#2096,#2098,.T.);
#2096 = VERTEX_POINT('',#2097);
#2097 = CARTESIAN_POINT('',(85.,-87.32521344509,4.));
#2098 = LINE('',#2099,#2100);
#2099 = CARTESIAN_POINT('',(85.,-115.,4.));
#2100 = VECTOR('',#2101,1.);
#2101 = DIRECTION('',(0.,1.,0.));
#2102 = ORIENTED_EDGE('',*,*,#2103,.F.);
#2103 = EDGE_CURVE('',#2104,#2096,#2106,.T.);
#2104 = VERTEX_POINT('',#2105);
#2105 = CARTESIAN_POINT('',(72.186241413227,-84.35059091602,4.));
#2106 = LINE('',#2107,#2108);
#2107 = CARTESIAN_POINT('',(-0.791453975198,-67.40934020085,4.));
#2108 = VECTOR('',#2109,1.);
#2109 = DIRECTION('',(0.974097200243,-0.226129707199,0.));
#2110 = ORIENTED_EDGE('',*,*,#2111,.F.);
#2111 = EDGE_CURVE('',#2112,#2104,#2114,.T.);
#2112 = VERTEX_POINT('',#2113);
#2113 = CARTESIAN_POINT('',(3.500000000001,-138.9182888218,4.));
#2114 = CIRCLE('',#2115,75.);
#2115 = AXIS2_PLACEMENT_3D('',#2116,#2117,#2118);
#2116 = CARTESIAN_POINT('',(0.,-64.,4.));
#2117 = DIRECTION('',(0.,0.,1.));
#2118 = DIRECTION('',(1.,0.,0.));
#2119 = ORIENTED_EDGE('',*,*,#2120,.T.);
#2120 = EDGE_CURVE('',#2112,#2121,#2123,.T.);
#2121 = VERTEX_POINT('',#2122);
#2122 = CARTESIAN_POINT('',(3.5,-139.5,4.));
#2123 = LINE('',#2124,#2125);
#2124 = CARTESIAN_POINT('',(3.5,-64.,4.));
#2125 = VECTOR('',#2126,1.);
#2126 = DIRECTION('',(1.110223024625E-16,-1.,0.));
#2127 = ORIENTED_EDGE('',*,*,#2128,.T.);
#2128 = EDGE_CURVE('',#2121,#594,#2129,.T.);
#2129 = LINE('',#2130,#2131);
#2130 = CARTESIAN_POINT('',(-140.,-139.5,4.));
#2131 = VECTOR('',#2132,1.);
#2132 = DIRECTION('',(1.,0.,0.));
#2133 = PLANE('',#2134);
#2134 = AXIS2_PLACEMENT_3D('',#2135,#2136,#2137);
#2135 = CARTESIAN_POINT('',(-140.,-147.5,4.));
#2136 = DIRECTION('',(0.,0.,1.));
#2137 = DIRECTION('',(1.,0.,0.));
#2138 = ADVANCED_FACE('',(#2139),#2164,.T.);
#2139 = FACE_BOUND('',#2140,.T.);
#2140 = EDGE_LOOP('',(#2141,#2142,#2148,#2149,#2157,#2163));
#2141 = ORIENTED_EDGE('',*,*,#2128,.F.);
#2142 = ORIENTED_EDGE('',*,*,#2143,.T.);
#2143 = EDGE_CURVE('',#2121,#1096,#2144,.T.);
#2144 = LINE('',#2145,#2146);
#2145 = CARTESIAN_POINT('',(3.5,-139.5,4.));
#2146 = VECTOR('',#2147,1.);
#2147 = DIRECTION('',(0.,0.,1.));
#2148 = ORIENTED_EDGE('',*,*,#1095,.T.);
#2149 = ORIENTED_EDGE('',*,*,#2150,.T.);
#2150 = EDGE_CURVE('',#1087,#2151,#2153,.T.);
#2151 = VERTEX_POINT('',#2152);
#2152 = CARTESIAN_POINT('',(68.583890236702,-139.5,14.));
#2153 = LINE('',#2154,#2155);
#2154 = CARTESIAN_POINT('',(68.583890236702,-139.5,10.));
#2155 = VECTOR('',#2156,1.);
#2156 = DIRECTION('',(0.,0.,1.));
#2157 = ORIENTED_EDGE('',*,*,#2158,.T.);
#2158 = EDGE_CURVE('',#2151,#602,#2159,.T.);
#2159 = LINE('',#2160,#2161);
#2160 = CARTESIAN_POINT('',(-140.,-139.5,14.));
#2161 = VECTOR('',#2162,1.);
#2162 = DIRECTION('',(1.,0.,0.));
#2163 = ORIENTED_EDGE('',*,*,#601,.F.);
#2164 = PLANE('',#2165);
#2165 = AXIS2_PLACEMENT_3D('',#2166,#2167,#2168);
#2166 = CARTESIAN_POINT('',(-140.,-139.5,4.));
#2167 = DIRECTION('',(0.,1.,0.));
#2168 = DIRECTION('',(0.,0.,1.));
#2169 = ADVANCED_FACE('',(#2170),#2182,.T.);
#2170 = FACE_BOUND('',#2171,.T.);
#2171 = EDGE_LOOP('',(#2172,#2179,#2180,#2181));
#2172 = ORIENTED_EDGE('',*,*,#2173,.F.);
#2173 = EDGE_CURVE('',#1759,#2151,#2174,.T.);
#2174 = CIRCLE('',#2175,102.);
#2175 = AXIS2_PLACEMENT_3D('',#2176,#2177,#2178);
#2176 = CARTESIAN_POINT('',(0.,-64.,14.));
#2177 = DIRECTION('',(0.,0.,1.));
#2178 = DIRECTION('',(1.,0.,0.));
#2179 = ORIENTED_EDGE('',*,*,#1758,.T.);
#2180 = ORIENTED_EDGE('',*,*,#609,.T.);
#2181 = ORIENTED_EDGE('',*,*,#2158,.F.);
#2182 = PLANE('',#2183);
#2183 = AXIS2_PLACEMENT_3D('',#2184,#2185,#2186);
#2184 = CARTESIAN_POINT('',(0.,-136.7793566267,14.));
#2185 = DIRECTION('',(0.,0.,1.));
#2186 = DIRECTION('',(1.,0.,0.));
#2187 = ADVANCED_FACE('',(#2188),#2213,.T.);
#2188 = FACE_BOUND('',#2189,.T.);
#2189 = EDGE_LOOP('',(#2190,#2200,#2206,#2207));
#2190 = ORIENTED_EDGE('',*,*,#2191,.F.);
#2191 = EDGE_CURVE('',#2192,#2194,#2196,.T.);
#2192 = VERTEX_POINT('',#2193);
#2193 = CARTESIAN_POINT('',(89.6,102.4,3.6));
#2194 = VERTEX_POINT('',#2195);
#2195 = CARTESIAN_POINT('',(89.6,102.4,8.4));
#2196 = LINE('',#2197,#2198);
#2197 = CARTESIAN_POINT('',(89.6,102.4,3.6));
#2198 = VECTOR('',#2199,1.);
#2199 = DIRECTION('',(0.,0.,1.));
#2200 = ORIENTED_EDGE('',*,*,#2201,.T.);
#2201 = EDGE_CURVE('',#2192,#620,#2202,.T.);
#2202 = LINE('',#2203,#2204);
#2203 = CARTESIAN_POINT('',(89.6,102.4,3.6));
#2204 = VECTOR('',#2205,1.);
#2205 = DIRECTION('',(1.,0.,0.));
#2206 = ORIENTED_EDGE('',*,*,#617,.F.);
#2207 = ORIENTED_EDGE('',*,*,#2208,.F.);
#2208 = EDGE_CURVE('',#2194,#618,#2209,.T.);
#2209 = LINE('',#2210,#2211);
#2210 = CARTESIAN_POINT('',(89.6,102.4,8.4));
#2211 = VECTOR('',#2212,1.);
#2212 = DIRECTION('',(1.,0.,0.));
#2213 = PLANE('',#2214);
#2214 = AXIS2_PLACEMENT_3D('',#2215,#2216,#2217);
#2215 = CARTESIAN_POINT('',(89.6,102.4,3.6));
#2216 = DIRECTION('',(0.,-1.,0.));
#2217 = DIRECTION('',(0.,0.,1.));
#2218 = ADVANCED_FACE('',(#2219,#2237),#2271,.T.);
#2219 = FACE_BOUND('',#2220,.T.);
#2220 = EDGE_LOOP('',(#2221,#2229,#2235,#2236));
#2221 = ORIENTED_EDGE('',*,*,#2222,.F.);
#2222 = EDGE_CURVE('',#2223,#2192,#2225,.T.);
#2223 = VERTEX_POINT('',#2224);
#2224 = CARTESIAN_POINT('',(89.6,77.6,3.6));
#2225 = LINE('',#2226,#2227);
#2226 = CARTESIAN_POINT('',(89.6,77.6,3.6));
#2227 = VECTOR('',#2228,1.);
#2228 = DIRECTION('',(0.,1.,0.));
#2229 = ORIENTED_EDGE('',*,*,#2230,.T.);
#2230 = EDGE_CURVE('',#2223,#628,#2231,.T.);
#2231 = LINE('',#2232,#2233);
#2232 = CARTESIAN_POINT('',(89.6,77.6,3.6));
#2233 = VECTOR('',#2234,1.);
#2234 = DIRECTION('',(1.,0.,0.));
#2235 = ORIENTED_EDGE('',*,*,#627,.F.);
#2236 = ORIENTED_EDGE('',*,*,#2201,.F.);
#2237 = FACE_BOUND('',#2238,.T.);
#2238 = EDGE_LOOP('',(#2239,#2249,#2257,#2265));
#2239 = ORIENTED_EDGE('',*,*,#2240,.T.);
#2240 = EDGE_CURVE('',#2241,#2243,#2245,.T.);
#2241 = VERTEX_POINT('',#2242);
#2242 = CARTESIAN_POINT('',(119.3,83.7,3.6));
#2243 = VERTEX_POINT('',#2244);
#2244 = CARTESIAN_POINT('',(110.7,83.7,3.6));
#2245 = LINE('',#2246,#2247);
#2246 = CARTESIAN_POINT('',(100.15,83.7,3.6));
#2247 = VECTOR('',#2248,1.);
#2248 = DIRECTION('',(-1.,0.,0.));
#2249 = ORIENTED_EDGE('',*,*,#2250,.T.);
#2250 = EDGE_CURVE('',#2243,#2251,#2253,.T.);
#2251 = VERTEX_POINT('',#2252);
#2252 = CARTESIAN_POINT('',(110.7,96.3,3.6));
#2253 = LINE('',#2254,#2255);
#2254 = CARTESIAN_POINT('',(110.7,80.65,3.6));
#2255 = VECTOR('',#2256,1.);
#2256 = DIRECTION('',(0.,1.,0.));
#2257 = ORIENTED_EDGE('',*,*,#2258,.F.);
#2258 = EDGE_CURVE('',#2259,#2251,#2261,.T.);
#2259 = VERTEX_POINT('',#2260);
#2260 = CARTESIAN_POINT('',(119.3,96.3,3.6));
#2261 = LINE('',#2262,#2263);
#2262 = CARTESIAN_POINT('',(100.15,96.3,3.6));
#2263 = VECTOR('',#2264,1.);
#2264 = DIRECTION('',(-1.,0.,0.));
#2265 = ORIENTED_EDGE('',*,*,#2266,.F.);
#2266 = EDGE_CURVE('',#2241,#2259,#2267,.T.);
#2267 = LINE('',#2268,#2269);
#2268 = CARTESIAN_POINT('',(119.3,80.65,3.6));
#2269 = VECTOR('',#2270,1.);
#2270 = DIRECTION('',(0.,1.,0.));
#2271 = PLANE('',#2272);
#2272 = AXIS2_PLACEMENT_3D('',#2273,#2274,#2275);
#2273 = CARTESIAN_POINT('',(89.6,77.6,3.6));
#2274 = DIRECTION('',(0.,0.,1.));
#2275 = DIRECTION('',(0.,1.,0.));
#2276 = ADVANCED_FACE('',(#2277),#2295,.T.);
#2277 = FACE_BOUND('',#2278,.T.);
#2278 = EDGE_LOOP('',(#2279,#2287,#2293,#2294));
#2279 = ORIENTED_EDGE('',*,*,#2280,.F.);
#2280 = EDGE_CURVE('',#2281,#2223,#2283,.T.);
#2281 = VERTEX_POINT('',#2282);
#2282 = CARTESIAN_POINT('',(89.6,77.6,8.4));
#2283 = LINE('',#2284,#2285);
#2284 = CARTESIAN_POINT('',(89.6,77.6,8.4));
#2285 = VECTOR('',#2286,1.);
#2286 = DIRECTION('',(0.,0.,-1.));
#2287 = ORIENTED_EDGE('',*,*,#2288,.T.);
#2288 = EDGE_CURVE('',#2281,#636,#2289,.T.);
#2289 = LINE('',#2290,#2291);
#2290 = CARTESIAN_POINT('',(89.6,77.6,8.4));
#2291 = VECTOR('',#2292,1.);
#2292 = DIRECTION('',(1.,0.,0.));
#2293 = ORIENTED_EDGE('',*,*,#635,.F.);
#2294 = ORIENTED_EDGE('',*,*,#2230,.F.);
#2295 = PLANE('',#2296);
#2296 = AXIS2_PLACEMENT_3D('',#2297,#2298,#2299);
#2297 = CARTESIAN_POINT('',(89.6,77.6,8.4));
#2298 = DIRECTION('',(0.,1.,0.));
#2299 = DIRECTION('',(0.,0.,-1.));
#2300 = ADVANCED_FACE('',(#2301),#2351,.T.);
#2301 = FACE_BOUND('',#2302,.T.);
#2302 = EDGE_LOOP('',(#2303,#2311,#2319,#2327,#2335,#2343,#2349,#2350));
#2303 = ORIENTED_EDGE('',*,*,#2304,.F.);
#2304 = EDGE_CURVE('',#2305,#2281,#2307,.T.);
#2305 = VERTEX_POINT('',#2306);
#2306 = CARTESIAN_POINT('',(89.6,90.,20.4));
#2307 = LINE('',#2308,#2309);
#2308 = CARTESIAN_POINT('',(89.6,90.,20.4));
#2309 = VECTOR('',#2310,1.);
#2310 = DIRECTION('',(0.,-0.718602141767,-0.695421427516));
#2311 = ORIENTED_EDGE('',*,*,#2312,.T.);
#2312 = EDGE_CURVE('',#2305,#2313,#2315,.T.);
#2313 = VERTEX_POINT('',#2314);
#2314 = CARTESIAN_POINT('',(110.7,90.,20.4));
#2315 = LINE('',#2316,#2317);
#2316 = CARTESIAN_POINT('',(89.6,90.,20.4));
#2317 = VECTOR('',#2318,1.);
#2318 = DIRECTION('',(1.,0.,0.));
#2319 = ORIENTED_EDGE('',*,*,#2320,.T.);
#2320 = EDGE_CURVE('',#2313,#2321,#2323,.T.);
#2321 = VERTEX_POINT('',#2322);
#2322 = CARTESIAN_POINT('',(110.7,83.7,14.303225806452));
#2323 = LINE('',#2324,#2325);
#2324 = CARTESIAN_POINT('',(110.7,83.026249328318,13.651209027405));
#2325 = VECTOR('',#2326,1.);
#2326 = DIRECTION('',(0.,-0.718602141767,-0.695421427516));
#2327 = ORIENTED_EDGE('',*,*,#2328,.T.);
#2328 = EDGE_CURVE('',#2321,#2329,#2331,.T.);
#2329 = VERTEX_POINT('',#2330);
#2330 = CARTESIAN_POINT('',(119.3,83.7,14.303225806452));
#2331 = LINE('',#2332,#2333);
#2332 = CARTESIAN_POINT('',(100.15,83.7,14.303225806452));
#2333 = VECTOR('',#2334,1.);
#2334 = DIRECTION('',(1.,0.,0.));
#2335 = ORIENTED_EDGE('',*,*,#2336,.F.);
#2336 = EDGE_CURVE('',#2337,#2329,#2339,.T.);
#2337 = VERTEX_POINT('',#2338);
#2338 = CARTESIAN_POINT('',(119.3,90.,20.4));
#2339 = LINE('',#2340,#2341);
#2340 = CARTESIAN_POINT('',(119.3,83.026249328318,13.651209027405));
#2341 = VECTOR('',#2342,1.);
#2342 = DIRECTION('',(0.,-0.718602141767,-0.695421427516));
#2343 = ORIENTED_EDGE('',*,*,#2344,.T.);
#2344 = EDGE_CURVE('',#2337,#644,#2345,.T.);
#2345 = LINE('',#2346,#2347);
#2346 = CARTESIAN_POINT('',(89.6,90.,20.4));
#2347 = VECTOR('',#2348,1.);
#2348 = DIRECTION('',(1.,0.,0.));
#2349 = ORIENTED_EDGE('',*,*,#643,.F.);
#2350 = ORIENTED_EDGE('',*,*,#2288,.F.);
#2351 = PLANE('',#2352);
#2352 = AXIS2_PLACEMENT_3D('',#2353,#2354,#2355);
#2353 = CARTESIAN_POINT('',(89.6,90.,20.4));
#2354 = DIRECTION('',(0.,0.695421427516,-0.718602141767));
#2355 = DIRECTION('',(0.,-0.718602141767,-0.695421427516));
#2356 = ADVANCED_FACE('',(#2357),#2391,.T.);
#2357 = FACE_BOUND('',#2358,.T.);
#2358 = EDGE_LOOP('',(#2359,#2365,#2366,#2367,#2368,#2376,#2384,#2390));
#2359 = ORIENTED_EDGE('',*,*,#2360,.F.);
#2360 = EDGE_CURVE('',#2194,#2305,#2361,.T.);
#2361 = LINE('',#2362,#2363);
#2362 = CARTESIAN_POINT('',(89.6,102.4,8.4));
#2363 = VECTOR('',#2364,1.);
#2364 = DIRECTION('',(0.,-0.718602141767,0.695421427516));
#2365 = ORIENTED_EDGE('',*,*,#2208,.T.);
#2366 = ORIENTED_EDGE('',*,*,#651,.F.);
#2367 = ORIENTED_EDGE('',*,*,#2344,.F.);
#2368 = ORIENTED_EDGE('',*,*,#2369,.F.);
#2369 = EDGE_CURVE('',#2370,#2337,#2372,.T.);
#2370 = VERTEX_POINT('',#2371);
#2371 = CARTESIAN_POINT('',(119.3,96.3,14.303225806452));
#2372 = LINE('',#2373,#2374);
#2373 = CARTESIAN_POINT('',(119.3,99.920499731327,10.799516389038));
#2374 = VECTOR('',#2375,1.);
#2375 = DIRECTION('',(0.,-0.718602141767,0.695421427516));
#2376 = ORIENTED_EDGE('',*,*,#2377,.F.);
#2377 = EDGE_CURVE('',#2378,#2370,#2380,.T.);
#2378 = VERTEX_POINT('',#2379);
#2379 = CARTESIAN_POINT('',(110.7,96.3,14.303225806452));
#2380 = LINE('',#2381,#2382);
#2381 = CARTESIAN_POINT('',(100.15,96.3,14.303225806452));
#2382 = VECTOR('',#2383,1.);
#2383 = DIRECTION('',(1.,0.,0.));
#2384 = ORIENTED_EDGE('',*,*,#2385,.T.);
#2385 = EDGE_CURVE('',#2378,#2313,#2386,.T.);
#2386 = LINE('',#2387,#2388);
#2387 = CARTESIAN_POINT('',(110.7,99.920499731327,10.799516389038));
#2388 = VECTOR('',#2389,1.);
#2389 = DIRECTION('',(0.,-0.718602141767,0.695421427516));
#2390 = ORIENTED_EDGE('',*,*,#2312,.F.);
#2391 = PLANE('',#2392);
#2392 = AXIS2_PLACEMENT_3D('',#2393,#2394,#2395);
#2393 = CARTESIAN_POINT('',(89.6,102.4,8.4));
#2394 = DIRECTION('',(0.,-0.695421427516,-0.718602141767));
#2395 = DIRECTION('',(0.,-0.718602141767,0.695421427516));
#2396 = ADVANCED_FACE('',(#2397),#2422,.T.);
#2397 = FACE_BOUND('',#2398,.T.);
#2398 = EDGE_LOOP('',(#2399,#2409,#2415,#2416));
#2399 = ORIENTED_EDGE('',*,*,#2400,.F.);
#2400 = EDGE_CURVE('',#2401,#2403,#2405,.T.);
#2401 = VERTEX_POINT('',#2402);
#2402 = CARTESIAN_POINT('',(89.6,-77.6,3.6));
#2403 = VERTEX_POINT('',#2404);
#2404 = CARTESIAN_POINT('',(89.6,-77.6,8.4));
#2405 = LINE('',#2406,#2407);
#2406 = CARTESIAN_POINT('',(89.6,-77.6,3.6));
#2407 = VECTOR('',#2408,1.);
#2408 = DIRECTION('',(0.,0.,1.));
#2409 = ORIENTED_EDGE('',*,*,#2410,.T.);
#2410 = EDGE_CURVE('',#2401,#662,#2411,.T.);
#2411 = LINE('',#2412,#2413);
#2412 = CARTESIAN_POINT('',(89.6,-77.6,3.6));
#2413 = VECTOR('',#2414,1.);
#2414 = DIRECTION('',(1.,0.,0.));
#2415 = ORIENTED_EDGE('',*,*,#659,.F.);
#2416 = ORIENTED_EDGE('',*,*,#2417,.F.);
#2417 = EDGE_CURVE('',#2403,#660,#2418,.T.);
#2418 = LINE('',#2419,#2420);
#2419 = CARTESIAN_POINT('',(89.6,-77.6,8.4));
#2420 = VECTOR('',#2421,1.);
#2421 = DIRECTION('',(1.,0.,0.));
#2422 = PLANE('',#2423);
#2423 = AXIS2_PLACEMENT_3D('',#2424,#2425,#2426);
#2424 = CARTESIAN_POINT('',(89.6,-77.6,3.6));
#2425 = DIRECTION('',(0.,-1.,0.));
#2426 = DIRECTION('',(0.,0.,1.));
#2427 = ADVANCED_FACE('',(#2428,#2446),#2480,.T.);
#2428 = FACE_BOUND('',#2429,.T.);
#2429 = EDGE_LOOP('',(#2430,#2438,#2444,#2445));
#2430 = ORIENTED_EDGE('',*,*,#2431,.F.);
#2431 = EDGE_CURVE('',#2432,#2401,#2434,.T.);
#2432 = VERTEX_POINT('',#2433);
#2433 = CARTESIAN_POINT('',(89.6,-102.4,3.6));
#2434 = LINE('',#2435,#2436);
#2435 = CARTESIAN_POINT('',(89.6,-102.4,3.6));
#2436 = VECTOR('',#2437,1.);
#2437 = DIRECTION('',(0.,1.,0.));
#2438 = ORIENTED_EDGE('',*,*,#2439,.T.);
#2439 = EDGE_CURVE('',#2432,#670,#2440,.T.);
#2440 = LINE('',#2441,#2442);
#2441 = CARTESIAN_POINT('',(89.6,-102.4,3.6));
#2442 = VECTOR('',#2443,1.);
#2443 = DIRECTION('',(1.,0.,0.));
#2444 = ORIENTED_EDGE('',*,*,#669,.F.);
#2445 = ORIENTED_EDGE('',*,*,#2410,.F.);
#2446 = FACE_BOUND('',#2447,.T.);
#2447 = EDGE_LOOP('',(#2448,#2458,#2466,#2474));
#2448 = ORIENTED_EDGE('',*,*,#2449,.T.);
#2449 = EDGE_CURVE('',#2450,#2452,#2454,.T.);
#2450 = VERTEX_POINT('',#2451);
#2451 = CARTESIAN_POINT('',(119.3,-96.3,3.6));
#2452 = VERTEX_POINT('',#2453);
#2453 = CARTESIAN_POINT('',(110.7,-96.3,3.6));
#2454 = LINE('',#2455,#2456);
#2455 = CARTESIAN_POINT('',(100.15,-96.3,3.6));
#2456 = VECTOR('',#2457,1.);
#2457 = DIRECTION('',(-1.,0.,0.));
#2458 = ORIENTED_EDGE('',*,*,#2459,.T.);
#2459 = EDGE_CURVE('',#2452,#2460,#2462,.T.);
#2460 = VERTEX_POINT('',#2461);
#2461 = CARTESIAN_POINT('',(110.7,-83.7,3.6));
#2462 = LINE('',#2463,#2464);
#2463 = CARTESIAN_POINT('',(110.7,-99.35,3.6));
#2464 = VECTOR('',#2465,1.);
#2465 = DIRECTION('',(0.,1.,0.));
#2466 = ORIENTED_EDGE('',*,*,#2467,.F.);
#2467 = EDGE_CURVE('',#2468,#2460,#2470,.T.);
#2468 = VERTEX_POINT('',#2469);
#2469 = CARTESIAN_POINT('',(119.3,-83.7,3.6));
#2470 = LINE('',#2471,#2472);
#2471 = CARTESIAN_POINT('',(100.15,-83.7,3.6));
#2472 = VECTOR('',#2473,1.);
#2473 = DIRECTION('',(-1.,0.,0.));
#2474 = ORIENTED_EDGE('',*,*,#2475,.F.);
#2475 = EDGE_CURVE('',#2450,#2468,#2476,.T.);
#2476 = LINE('',#2477,#2478);
#2477 = CARTESIAN_POINT('',(119.3,-99.35,3.6));
#2478 = VECTOR('',#2479,1.);
#2479 = DIRECTION('',(0.,1.,0.));
#2480 = PLANE('',#2481);
#2481 = AXIS2_PLACEMENT_3D('',#2482,#2483,#2484);
#2482 = CARTESIAN_POINT('',(89.6,-102.4,3.6));
#2483 = DIRECTION('',(0.,0.,1.));
#2484 = DIRECTION('',(0.,1.,0.));
#2485 = ADVANCED_FACE('',(#2486),#2504,.T.);
#2486 = FACE_BOUND('',#2487,.T.);
#2487 = EDGE_LOOP('',(#2488,#2496,#2502,#2503));
#2488 = ORIENTED_EDGE('',*,*,#2489,.F.);
#2489 = EDGE_CURVE('',#2490,#2432,#2492,.T.);
#2490 = VERTEX_POINT('',#2491);
#2491 = CARTESIAN_POINT('',(89.6,-102.4,8.4));
#2492 = LINE('',#2493,#2494);
#2493 = CARTESIAN_POINT('',(89.6,-102.4,8.4));
#2494 = VECTOR('',#2495,1.);
#2495 = DIRECTION('',(0.,0.,-1.));
#2496 = ORIENTED_EDGE('',*,*,#2497,.T.);
#2497 = EDGE_CURVE('',#2490,#678,#2498,.T.);
#2498 = LINE('',#2499,#2500);
#2499 = CARTESIAN_POINT('',(89.6,-102.4,8.4));
#2500 = VECTOR('',#2501,1.);
#2501 = DIRECTION('',(1.,0.,0.));
#2502 = ORIENTED_EDGE('',*,*,#677,.F.);
#2503 = ORIENTED_EDGE('',*,*,#2439,.F.);
#2504 = PLANE('',#2505);
#2505 = AXIS2_PLACEMENT_3D('',#2506,#2507,#2508);
#2506 = CARTESIAN_POINT('',(89.6,-102.4,8.4));
#2507 = DIRECTION('',(0.,1.,0.));
#2508 = DIRECTION('',(0.,0.,-1.));
#2509 = ADVANCED_FACE('',(#2510),#2568,.T.);
#2510 = FACE_BOUND('',#2511,.T.);
#2511 = EDGE_LOOP('',(#2512,#2518,#2519,#2528,#2536,#2544,#2552,#2560,
    #2566,#2567));
#2512 = ORIENTED_EDGE('',*,*,#2513,.F.);
#2513 = EDGE_CURVE('',#1154,#2490,#2514,.T.);
#2514 = LINE('',#2515,#2516);
#2515 = CARTESIAN_POINT('',(89.6,-90.,20.4));
#2516 = VECTOR('',#2517,1.);
#2517 = DIRECTION('',(0.,-0.718602141767,-0.695421427516));
#2518 = ORIENTED_EDGE('',*,*,#1153,.T.);
#2519 = ORIENTED_EDGE('',*,*,#2520,.F.);
#2520 = EDGE_CURVE('',#2521,#1145,#2523,.T.);
#2521 = VERTEX_POINT('',#2522);
#2522 = CARTESIAN_POINT('',(98.630624047504,-90.,20.4));
#2523 = ELLIPSE('',#2524,141.94224324076,102.);
#2524 = AXIS2_PLACEMENT_3D('',#2525,#2526,#2527);
#2525 = CARTESIAN_POINT('',(0.,-64.,45.561290322564));
#2526 = DIRECTION('',(0.,0.695421427516,-0.718602141767));
#2527 = DIRECTION('',(0.,0.718602141767,0.695421427516));
#2528 = ORIENTED_EDGE('',*,*,#2529,.T.);
#2529 = EDGE_CURVE('',#2521,#2530,#2532,.T.);
#2530 = VERTEX_POINT('',#2531);
#2531 = CARTESIAN_POINT('',(110.7,-90.,20.4));
#2532 = LINE('',#2533,#2534);
#2533 = CARTESIAN_POINT('',(89.6,-90.,20.4));
#2534 = VECTOR('',#2535,1.);
#2535 = DIRECTION('',(1.,0.,0.));
#2536 = ORIENTED_EDGE('',*,*,#2537,.T.);
#2537 = EDGE_CURVE('',#2530,#2538,#2540,.T.);
#2538 = VERTEX_POINT('',#2539);
#2539 = CARTESIAN_POINT('',(110.7,-96.3,14.303225806452));
#2540 = LINE('',#2541,#2542);
#2541 = CARTESIAN_POINT('',(110.7,-96.97375067168,13.651209027405));
#2542 = VECTOR('',#2543,1.);
#2543 = DIRECTION('',(0.,-0.718602141767,-0.695421427516));
#2544 = ORIENTED_EDGE('',*,*,#2545,.T.);
#2545 = EDGE_CURVE('',#2538,#2546,#2548,.T.);
#2546 = VERTEX_POINT('',#2547);
#2547 = CARTESIAN_POINT('',(119.3,-96.3,14.303225806452));
#2548 = LINE('',#2549,#2550);
#2549 = CARTESIAN_POINT('',(100.15,-96.3,14.303225806452));
#2550 = VECTOR('',#2551,1.);
#2551 = DIRECTION('',(1.,0.,0.));
#2552 = ORIENTED_EDGE('',*,*,#2553,.F.);
#2553 = EDGE_CURVE('',#2554,#2546,#2556,.T.);
#2554 = VERTEX_POINT('',#2555);
#2555 = CARTESIAN_POINT('',(119.3,-90.,20.4));
#2556 = LINE('',#2557,#2558);
#2557 = CARTESIAN_POINT('',(119.3,-96.97375067168,13.651209027405));
#2558 = VECTOR('',#2559,1.);
#2559 = DIRECTION('',(0.,-0.718602141767,-0.695421427516));
#2560 = ORIENTED_EDGE('',*,*,#2561,.T.);
#2561 = EDGE_CURVE('',#2554,#686,#2562,.T.);
#2562 = LINE('',#2563,#2564);
#2563 = CARTESIAN_POINT('',(89.6,-90.,20.4));
#2564 = VECTOR('',#2565,1.);
#2565 = DIRECTION('',(1.,0.,0.));
#2566 = ORIENTED_EDGE('',*,*,#685,.F.);
#2567 = ORIENTED_EDGE('',*,*,#2497,.F.);
#2568 = PLANE('',#2569);
#2569 = AXIS2_PLACEMENT_3D('',#2570,#2571,#2572);
#2570 = CARTESIAN_POINT('',(89.6,-90.,20.4));
#2571 = DIRECTION('',(0.,0.695421427516,-0.718602141767));
#2572 = DIRECTION('',(0.,-0.718602141767,-0.695421427516));
#2573 = ADVANCED_FACE('',(#2574),#2616,.T.);
#2574 = FACE_BOUND('',#2575,.T.);
#2575 = EDGE_LOOP('',(#2576,#2582,#2583,#2584,#2585,#2593,#2601,#2607,
    #2608,#2615));
#2576 = ORIENTED_EDGE('',*,*,#2577,.F.);
#2577 = EDGE_CURVE('',#2403,#1162,#2578,.T.);
#2578 = LINE('',#2579,#2580);
#2579 = CARTESIAN_POINT('',(89.6,-77.6,8.4));
#2580 = VECTOR('',#2581,1.);
#2581 = DIRECTION('',(0.,-0.718602141767,0.695421427516));
#2582 = ORIENTED_EDGE('',*,*,#2417,.T.);
#2583 = ORIENTED_EDGE('',*,*,#693,.F.);
#2584 = ORIENTED_EDGE('',*,*,#2561,.F.);
#2585 = ORIENTED_EDGE('',*,*,#2586,.F.);
#2586 = EDGE_CURVE('',#2587,#2554,#2589,.T.);
#2587 = VERTEX_POINT('',#2588);
#2588 = CARTESIAN_POINT('',(119.3,-83.7,14.303225806452));
#2589 = LINE('',#2590,#2591);
#2590 = CARTESIAN_POINT('',(119.3,-80.07950026867,10.799516389038));
#2591 = VECTOR('',#2592,1.);
#2592 = DIRECTION('',(0.,-0.718602141767,0.695421427516));
#2593 = ORIENTED_EDGE('',*,*,#2594,.F.);
#2594 = EDGE_CURVE('',#2595,#2587,#2597,.T.);
#2595 = VERTEX_POINT('',#2596);
#2596 = CARTESIAN_POINT('',(110.7,-83.7,14.303225806452));
#2597 = LINE('',#2598,#2599);
#2598 = CARTESIAN_POINT('',(100.15,-83.7,14.303225806452));
#2599 = VECTOR('',#2600,1.);
#2600 = DIRECTION('',(1.,0.,0.));
#2601 = ORIENTED_EDGE('',*,*,#2602,.T.);
#2602 = EDGE_CURVE('',#2595,#2530,#2603,.T.);
#2603 = LINE('',#2604,#2605);
#2604 = CARTESIAN_POINT('',(110.7,-80.07950026867,10.799516389038));
#2605 = VECTOR('',#2606,1.);
#2606 = DIRECTION('',(0.,-0.718602141767,0.695421427516));
#2607 = ORIENTED_EDGE('',*,*,#2529,.F.);
#2608 = ORIENTED_EDGE('',*,*,#2609,.F.);
#2609 = EDGE_CURVE('',#1170,#2521,#2610,.T.);
#2610 = ELLIPSE('',#2611,141.94224324076,102.);
#2611 = AXIS2_PLACEMENT_3D('',#2612,#2613,#2614);
#2612 = CARTESIAN_POINT('',(0.,-64.,-4.761290322572));
#2613 = DIRECTION('',(-0.,-0.695421427516,-0.718602141767));
#2614 = DIRECTION('',(0.,-0.718602141767,0.695421427516));
#2615 = ORIENTED_EDGE('',*,*,#1169,.T.);
#2616 = PLANE('',#2617);
#2617 = AXIS2_PLACEMENT_3D('',#2618,#2619,#2620);
#2618 = CARTESIAN_POINT('',(89.6,-77.6,8.4));
#2619 = DIRECTION('',(0.,-0.695421427516,-0.718602141767));
#2620 = DIRECTION('',(0.,-0.718602141767,0.695421427516));
#2621 = ADVANCED_FACE('',(#2622),#2628,.T.);
#2622 = FACE_BOUND('',#2623,.T.);
#2623 = EDGE_LOOP('',(#2624,#2625,#2626,#2627));
#2624 = ORIENTED_EDGE('',*,*,#748,.F.);
#2625 = ORIENTED_EDGE('',*,*,#724,.T.);
#2626 = ORIENTED_EDGE('',*,*,#789,.T.);
#2627 = ORIENTED_EDGE('',*,*,#772,.F.);
#2628 = PLANE('',#2629);
#2629 = AXIS2_PLACEMENT_3D('',#2630,#2631,#2632);
#2630 = CARTESIAN_POINT('',(44.504870800578,29.082310215335,26.));
#2631 = DIRECTION('',(0.,0.,1.));
#2632 = DIRECTION('',(0.378159495647,0.925740458148,0.));
#2633 = ADVANCED_FACE('',(#2634,#2734,#2776),#2818,.T.);
#2634 = FACE_BOUND('',#2635,.T.);
#2635 = EDGE_LOOP('',(#2636,#2637,#2645,#2653,#2661,#2669,#2677,#2685,
    #2693,#2701,#2709,#2717,#2725,#2731,#2732,#2733));
#2636 = ORIENTED_EDGE('',*,*,#1741,.T.);
#2637 = ORIENTED_EDGE('',*,*,#2638,.T.);
#2638 = EDGE_CURVE('',#1744,#2639,#2641,.T.);
#2639 = VERTEX_POINT('',#2640);
#2640 = CARTESIAN_POINT('',(-140.,-139.5,14.));
#2641 = LINE('',#2642,#2643);
#2642 = CARTESIAN_POINT('',(-140.,-147.5,14.));
#2643 = VECTOR('',#2644,1.);
#2644 = DIRECTION('',(0.,1.,0.));
#2645 = ORIENTED_EDGE('',*,*,#2646,.F.);
#2646 = EDGE_CURVE('',#2647,#2639,#2649,.T.);
#2647 = VERTEX_POINT('',#2648);
#2648 = CARTESIAN_POINT('',(-140.,-139.5,4.));
#2649 = LINE('',#2650,#2651);
#2650 = CARTESIAN_POINT('',(-140.,-139.5,4.));
#2651 = VECTOR('',#2652,1.);
#2652 = DIRECTION('',(0.,0.,1.));
#2653 = ORIENTED_EDGE('',*,*,#2654,.T.);
#2654 = EDGE_CURVE('',#2647,#2655,#2657,.T.);
#2655 = VERTEX_POINT('',#2656);
#2656 = CARTESIAN_POINT('',(-140.,-115.,4.));
#2657 = LINE('',#2658,#2659);
#2658 = CARTESIAN_POINT('',(-140.,-147.5,4.));
#2659 = VECTOR('',#2660,1.);
#2660 = DIRECTION('',(0.,1.,0.));
#2661 = ORIENTED_EDGE('',*,*,#2662,.T.);
#2662 = EDGE_CURVE('',#2655,#2663,#2665,.T.);
#2663 = VERTEX_POINT('',#2664);
#2664 = CARTESIAN_POINT('',(-140.,-115.,24.));
#2665 = LINE('',#2666,#2667);
#2666 = CARTESIAN_POINT('',(-140.,-115.,4.));
#2667 = VECTOR('',#2668,1.);
#2668 = DIRECTION('',(0.,0.,1.));
#2669 = ORIENTED_EDGE('',*,*,#2670,.T.);
#2670 = EDGE_CURVE('',#2663,#2671,#2673,.T.);
#2671 = VERTEX_POINT('',#2672);
#2672 = CARTESIAN_POINT('',(-140.,-65.,24.));
#2673 = LINE('',#2674,#2675);
#2674 = CARTESIAN_POINT('',(-140.,-115.,24.));
#2675 = VECTOR('',#2676,1.);
#2676 = DIRECTION('',(0.,1.,0.));
#2677 = ORIENTED_EDGE('',*,*,#2678,.F.);
#2678 = EDGE_CURVE('',#2679,#2671,#2681,.T.);
#2679 = VERTEX_POINT('',#2680);
#2680 = CARTESIAN_POINT('',(-140.,-65.,4.));
#2681 = LINE('',#2682,#2683);
#2682 = CARTESIAN_POINT('',(-140.,-65.,4.));
#2683 = VECTOR('',#2684,1.);
#2684 = DIRECTION('',(0.,0.,1.));
#2685 = ORIENTED_EDGE('',*,*,#2686,.T.);
#2686 = EDGE_CURVE('',#2679,#2687,#2689,.T.);
#2687 = VERTEX_POINT('',#2688);
#2688 = CARTESIAN_POINT('',(-140.,65.,4.));
#2689 = LINE('',#2690,#2691);
#2690 = CARTESIAN_POINT('',(-140.,-147.5,4.));
#2691 = VECTOR('',#2692,1.);
#2692 = DIRECTION('',(0.,1.,0.));
#2693 = ORIENTED_EDGE('',*,*,#2694,.T.);
#2694 = EDGE_CURVE('',#2687,#2695,#2697,.T.);
#2695 = VERTEX_POINT('',#2696);
#2696 = CARTESIAN_POINT('',(-140.,65.,24.));
#2697 = LINE('',#2698,#2699);
#2698 = CARTESIAN_POINT('',(-140.,65.,4.));
#2699 = VECTOR('',#2700,1.);
#2700 = DIRECTION('',(0.,0.,1.));
#2701 = ORIENTED_EDGE('',*,*,#2702,.T.);
#2702 = EDGE_CURVE('',#2695,#2703,#2705,.T.);
#2703 = VERTEX_POINT('',#2704);
#2704 = CARTESIAN_POINT('',(-140.,115.,24.));
#2705 = LINE('',#2706,#2707);
#2706 = CARTESIAN_POINT('',(-140.,65.,24.));
#2707 = VECTOR('',#2708,1.);
#2708 = DIRECTION('',(0.,1.,0.));
#2709 = ORIENTED_EDGE('',*,*,#2710,.F.);
#2710 = EDGE_CURVE('',#2711,#2703,#2713,.T.);
#2711 = VERTEX_POINT('',#2712);
#2712 = CARTESIAN_POINT('',(-140.,115.,4.));
#2713 = LINE('',#2714,#2715);
#2714 = CARTESIAN_POINT('',(-140.,115.,4.));
#2715 = VECTOR('',#2716,1.);
#2716 = DIRECTION('',(0.,0.,1.));
#2717 = ORIENTED_EDGE('',*,*,#2718,.T.);
#2718 = EDGE_CURVE('',#2711,#2719,#2721,.T.);
#2719 = VERTEX_POINT('',#2720);
#2720 = CARTESIAN_POINT('',(-140.,139.5,4.));
#2721 = LINE('',#2722,#2723);
#2722 = CARTESIAN_POINT('',(-140.,-147.5,4.));
#2723 = VECTOR('',#2724,1.);
#2724 = DIRECTION('',(0.,1.,0.));
#2725 = ORIENTED_EDGE('',*,*,#2726,.T.);
#2726 = EDGE_CURVE('',#2719,#804,#2727,.T.);
#2727 = LINE('',#2728,#2729);
#2728 = CARTESIAN_POINT('',(-140.,139.5,4.));
#2729 = VECTOR('',#2730,1.);
#2730 = DIRECTION('',(0.,0.,1.));
#2731 = ORIENTED_EDGE('',*,*,#803,.T.);
#2732 = ORIENTED_EDGE('',*,*,#1956,.F.);
#2733 = ORIENTED_EDGE('',*,*,#1795,.F.);
#2734 = FACE_BOUND('',#2735,.T.);
#2735 = EDGE_LOOP('',(#2736,#2746,#2754,#2762,#2770));
#2736 = ORIENTED_EDGE('',*,*,#2737,.T.);
#2737 = EDGE_CURVE('',#2738,#2740,#2742,.T.);
#2738 = VERTEX_POINT('',#2739);
#2739 = CARTESIAN_POINT('',(-140.,77.6,8.4));
#2740 = VERTEX_POINT('',#2741);
#2741 = CARTESIAN_POINT('',(-140.,77.6,3.6));
#2742 = LINE('',#2743,#2744);
#2743 = CARTESIAN_POINT('',(-140.,77.6,7.567688022284));
#2744 = VECTOR('',#2745,1.);
#2745 = DIRECTION('',(0.,0.,-1.));
#2746 = ORIENTED_EDGE('',*,*,#2747,.T.);
#2747 = EDGE_CURVE('',#2740,#2748,#2750,.T.);
#2748 = VERTEX_POINT('',#2749);
#2749 = CARTESIAN_POINT('',(-140.,102.4,3.6));
#2750 = LINE('',#2751,#2752);
#2751 = CARTESIAN_POINT('',(-140.,38.8,3.6));
#2752 = VECTOR('',#2753,1.);
#2753 = DIRECTION('',(0.,1.,0.));
#2754 = ORIENTED_EDGE('',*,*,#2755,.T.);
#2755 = EDGE_CURVE('',#2748,#2756,#2758,.T.);
#2756 = VERTEX_POINT('',#2757);
#2757 = CARTESIAN_POINT('',(-140.,102.4,8.4));
#2758 = LINE('',#2759,#2760);
#2759 = CARTESIAN_POINT('',(-140.,102.4,5.167688022284));
#2760 = VECTOR('',#2761,1.);
#2761 = DIRECTION('',(0.,0.,1.));
#2762 = ORIENTED_EDGE('',*,*,#2763,.T.);
#2763 = EDGE_CURVE('',#2756,#2764,#2766,.T.);
#2764 = VERTEX_POINT('',#2765);
#2765 = CARTESIAN_POINT('',(-140.,90.,20.4));
#2766 = LINE('',#2767,#2768);
#2767 = CARTESIAN_POINT('',(-140.,76.376813615946,33.583728758762));
#2768 = VECTOR('',#2769,1.);
#2769 = DIRECTION('',(0.,-0.718602141767,0.695421427516));
#2770 = ORIENTED_EDGE('',*,*,#2771,.T.);
#2771 = EDGE_CURVE('',#2764,#2738,#2772,.T.);
#2772 = LINE('',#2773,#2774);
#2773 = CARTESIAN_POINT('',(-140.,63.348172950416,-5.392090693146));
#2774 = VECTOR('',#2775,1.);
#2775 = DIRECTION('',(0.,-0.718602141767,-0.695421427516));
#2776 = FACE_BOUND('',#2777,.T.);
#2777 = EDGE_LOOP('',(#2778,#2788,#2796,#2804,#2812));
#2778 = ORIENTED_EDGE('',*,*,#2779,.T.);
#2779 = EDGE_CURVE('',#2780,#2782,#2784,.T.);
#2780 = VERTEX_POINT('',#2781);
#2781 = CARTESIAN_POINT('',(-140.,-102.4,8.4));
#2782 = VERTEX_POINT('',#2783);
#2783 = CARTESIAN_POINT('',(-140.,-102.4,3.6));
#2784 = LINE('',#2785,#2786);
#2785 = CARTESIAN_POINT('',(-140.,-102.4,7.567688022284));
#2786 = VECTOR('',#2787,1.);
#2787 = DIRECTION('',(0.,0.,-1.));
#2788 = ORIENTED_EDGE('',*,*,#2789,.T.);
#2789 = EDGE_CURVE('',#2782,#2790,#2792,.T.);
#2790 = VERTEX_POINT('',#2791);
#2791 = CARTESIAN_POINT('',(-140.,-77.6,3.6));
#2792 = LINE('',#2793,#2794);
#2793 = CARTESIAN_POINT('',(-140.,-51.2,3.6));
#2794 = VECTOR('',#2795,1.);
#2795 = DIRECTION('',(0.,1.,0.));
#2796 = ORIENTED_EDGE('',*,*,#2797,.T.);
#2797 = EDGE_CURVE('',#2790,#2798,#2800,.T.);
#2798 = VERTEX_POINT('',#2799);
#2799 = CARTESIAN_POINT('',(-140.,-77.6,8.4));
#2800 = LINE('',#2801,#2802);
#2801 = CARTESIAN_POINT('',(-140.,-77.6,5.167688022284));
#2802 = VECTOR('',#2803,1.);
#2803 = DIRECTION('',(0.,0.,1.));
#2804 = ORIENTED_EDGE('',*,*,#2805,.T.);
#2805 = EDGE_CURVE('',#2798,#2806,#2808,.T.);
#2806 = VERTEX_POINT('',#2807);
#2807 = CARTESIAN_POINT('',(-140.,-90.,20.4));
#2808 = LINE('',#2809,#2810);
#2809 = CARTESIAN_POINT('',(-140.,-57.14817295041,-11.39209069314));
#2810 = VECTOR('',#2811,1.);
#2811 = DIRECTION('',(0.,-0.718602141767,0.695421427516));
#2812 = ORIENTED_EDGE('',*,*,#2813,.T.);
#2813 = EDGE_CURVE('',#2806,#2780,#2814,.T.);
#2814 = LINE('',#2815,#2816);
#2815 = CARTESIAN_POINT('',(-140.,-70.17681361594,39.583728758762));
#2816 = VECTOR('',#2817,1.);
#2817 = DIRECTION('',(0.,-0.718602141767,-0.695421427516));
#2818 = PLANE('',#2819);
#2819 = AXIS2_PLACEMENT_3D('',#2820,#2821,#2822);
#2820 = CARTESIAN_POINT('',(-140.,0.,6.735376044568));
#2821 = DIRECTION('',(-1.,-0.,-0.));
#2822 = DIRECTION('',(0.,0.,-1.));
#2823 = ADVANCED_FACE('',(#2824),#2842,.F.);
#2824 = FACE_BOUND('',#2825,.F.);
#2825 = EDGE_LOOP('',(#2826,#2834,#2835,#2836));
#2826 = ORIENTED_EDGE('',*,*,#2827,.F.);
#2827 = EDGE_CURVE('',#2719,#2828,#2830,.T.);
#2828 = VERTEX_POINT('',#2829);
#2829 = CARTESIAN_POINT('',(-3.5,139.5,4.));
#2830 = LINE('',#2831,#2832);
#2831 = CARTESIAN_POINT('',(-140.,139.5,4.));
#2832 = VECTOR('',#2833,1.);
#2833 = DIRECTION('',(1.,0.,0.));
#2834 = ORIENTED_EDGE('',*,*,#2726,.T.);
#2835 = ORIENTED_EDGE('',*,*,#813,.T.);
#2836 = ORIENTED_EDGE('',*,*,#2837,.F.);
#2837 = EDGE_CURVE('',#2828,#814,#2838,.T.);
#2838 = LINE('',#2839,#2840);
#2839 = CARTESIAN_POINT('',(-3.5,139.5,4.));
#2840 = VECTOR('',#2841,1.);
#2841 = DIRECTION('',(0.,0.,1.));
#2842 = PLANE('',#2843);
#2843 = AXIS2_PLACEMENT_3D('',#2844,#2845,#2846);
#2844 = CARTESIAN_POINT('',(-140.,139.5,4.));
#2845 = DIRECTION('',(0.,1.,0.));
#2846 = DIRECTION('',(0.,0.,1.));
#2847 = ADVANCED_FACE('',(#2848),#2873,.T.);
#2848 = FACE_BOUND('',#2849,.T.);
#2849 = EDGE_LOOP('',(#2850,#2858,#2864,#2865,#2871,#2872));
#2850 = ORIENTED_EDGE('',*,*,#2851,.F.);
#2851 = EDGE_CURVE('',#2852,#2828,#2854,.T.);
#2852 = VERTEX_POINT('',#2853);
#2853 = CARTESIAN_POINT('',(-3.499999999998,10.918288821889,4.));
#2854 = LINE('',#2855,#2856);
#2855 = CARTESIAN_POINT('',(-3.5,-64.,4.));
#2856 = VECTOR('',#2857,1.);
#2857 = DIRECTION('',(1.110223024625E-16,1.,0.));
#2858 = ORIENTED_EDGE('',*,*,#2859,.T.);
#2859 = EDGE_CURVE('',#2852,#893,#2860,.T.);
#2860 = LINE('',#2861,#2862);
#2861 = CARTESIAN_POINT('',(-3.5,10.918288821889,4.));
#2862 = VECTOR('',#2863,1.);
#2863 = DIRECTION('',(0.,0.,1.));
#2864 = ORIENTED_EDGE('',*,*,#892,.T.);
#2865 = ORIENTED_EDGE('',*,*,#2866,.T.);
#2866 = EDGE_CURVE('',#895,#822,#2867,.T.);
#2867 = LINE('',#2868,#2869);
#2868 = CARTESIAN_POINT('',(-3.5,58.94997892773,7.));
#2869 = VECTOR('',#2870,1.);
#2870 = DIRECTION('',(0.,0.,1.));
#2871 = ORIENTED_EDGE('',*,*,#821,.T.);
#2872 = ORIENTED_EDGE('',*,*,#2837,.F.);
#2873 = PLANE('',#2874);
#2874 = AXIS2_PLACEMENT_3D('',#2875,#2876,#2877);
#2875 = CARTESIAN_POINT('',(-3.5,-64.,4.));
#2876 = DIRECTION('',(-1.,1.110223024625E-16,0.));
#2877 = DIRECTION('',(0.,0.,1.));
#2878 = ADVANCED_FACE('',(#2879),#2890,.T.);
#2879 = FACE_BOUND('',#2880,.T.);
#2880 = EDGE_LOOP('',(#2881,#2882,#2888,#2889));
#2881 = ORIENTED_EDGE('',*,*,#1287,.F.);
#2882 = ORIENTED_EDGE('',*,*,#2883,.T.);
#2883 = EDGE_CURVE('',#1280,#830,#2884,.T.);
#2884 = LINE('',#2885,#2886);
#2885 = CARTESIAN_POINT('',(-2.364425582849,58.977272256556,10.));
#2886 = VECTOR('',#2887,1.);
#2887 = DIRECTION('',(0.,0.,1.));
#2888 = ORIENTED_EDGE('',*,*,#829,.F.);
#2889 = ORIENTED_EDGE('',*,*,#2866,.F.);
#2890 = PLANE('',#2891);
#2891 = AXIS2_PLACEMENT_3D('',#2892,#2893,#2894);
#2892 = CARTESIAN_POINT('',(-2.364425582849,58.977272256556,10.));
#2893 = DIRECTION('',(2.402788273769E-02,-0.999711288748,0.));
#2894 = DIRECTION('',(-0.999711288748,-2.402788273769E-02,0.));
#2895 = ADVANCED_FACE('',(#2896),#2907,.T.);
#2896 = FACE_BOUND('',#2897,.T.);
#2897 = EDGE_LOOP('',(#2898,#2899,#2905,#2906));
#2898 = ORIENTED_EDGE('',*,*,#1279,.F.);
#2899 = ORIENTED_EDGE('',*,*,#2900,.T.);
#2900 = EDGE_CURVE('',#1272,#838,#2901,.T.);
#2901 = LINE('',#2902,#2903);
#2902 = CARTESIAN_POINT('',(-1.182267407057,58.994317932896,10.));
#2903 = VECTOR('',#2904,1.);
#2904 = DIRECTION('',(0.,0.,1.));
#2905 = ORIENTED_EDGE('',*,*,#837,.F.);
#2906 = ORIENTED_EDGE('',*,*,#2883,.F.);
#2907 = PLANE('',#2908);
#2908 = AXIS2_PLACEMENT_3D('',#2909,#2910,#2911);
#2909 = CARTESIAN_POINT('',(-1.182267407057,58.994317932896,10.));
#2910 = DIRECTION('',(1.441761768732E-02,-0.999896060748,0.));
#2911 = DIRECTION('',(-0.999896060748,-1.441761768732E-02,0.));
#2912 = ADVANCED_FACE('',(#2913),#2924,.T.);
#2913 = FACE_BOUND('',#2914,.T.);
#2914 = EDGE_LOOP('',(#2915,#2916,#2922,#2923));
#2915 = ORIENTED_EDGE('',*,*,#1271,.F.);
#2916 = ORIENTED_EDGE('',*,*,#2917,.T.);
#2917 = EDGE_CURVE('',#1264,#846,#2918,.T.);
#2918 = LINE('',#2919,#2920);
#2919 = CARTESIAN_POINT('',(7.531577814756E-15,59.,10.));
#2920 = VECTOR('',#2921,1.);
#2921 = DIRECTION('',(0.,0.,1.));
#2922 = ORIENTED_EDGE('',*,*,#845,.F.);
#2923 = ORIENTED_EDGE('',*,*,#2900,.F.);
#2924 = PLANE('',#2925);
#2925 = AXIS2_PLACEMENT_3D('',#2926,#2927,#2928);
#2926 = CARTESIAN_POINT('',(7.531577814756E-15,59.,10.));
#2927 = DIRECTION('',(4.806020573993E-03,-0.999988451016,0.));
#2928 = DIRECTION('',(-0.999988451016,-4.806020573993E-03,0.));
#2929 = ADVANCED_FACE('',(#2930),#2941,.T.);
#2930 = FACE_BOUND('',#2931,.T.);
#2931 = EDGE_LOOP('',(#2932,#2933,#2939,#2940));
#2932 = ORIENTED_EDGE('',*,*,#1263,.F.);
#2933 = ORIENTED_EDGE('',*,*,#2934,.T.);
#2934 = EDGE_CURVE('',#1256,#854,#2935,.T.);
#2935 = LINE('',#2936,#2937);
#2936 = CARTESIAN_POINT('',(1.182267407057,58.994317932896,10.));
#2937 = VECTOR('',#2938,1.);
#2938 = DIRECTION('',(0.,0.,1.));
#2939 = ORIENTED_EDGE('',*,*,#853,.F.);
#2940 = ORIENTED_EDGE('',*,*,#2917,.F.);
#2941 = PLANE('',#2942);
#2942 = AXIS2_PLACEMENT_3D('',#2943,#2944,#2945);
#2943 = CARTESIAN_POINT('',(1.182267407057,58.994317932896,10.));
#2944 = DIRECTION('',(-4.806020573993E-03,-0.999988451016,0.));
#2945 = DIRECTION('',(-0.999988451016,4.806020573993E-03,0.));
#2946 = ADVANCED_FACE('',(#2947),#2953,.T.);
#2947 = FACE_BOUND('',#2948,.T.);
#2948 = EDGE_LOOP('',(#2949,#2950,#2951,#2952));
#2949 = ORIENTED_EDGE('',*,*,#1255,.F.);
#2950 = ORIENTED_EDGE('',*,*,#1528,.T.);
#2951 = ORIENTED_EDGE('',*,*,#861,.F.);
#2952 = ORIENTED_EDGE('',*,*,#2934,.F.);
#2953 = PLANE('',#2954);
#2954 = AXIS2_PLACEMENT_3D('',#2955,#2956,#2957);
#2955 = CARTESIAN_POINT('',(2.364425582849,58.977272256556,10.));
#2956 = DIRECTION('',(-1.441761768732E-02,-0.999896060748,0.));
#2957 = DIRECTION('',(-0.999896060748,1.441761768732E-02,0.));
#2958 = ADVANCED_FACE('',(#2959),#2979,.T.);
#2959 = FACE_BOUND('',#2960,.T.);
#2960 = EDGE_LOOP('',(#2961,#2962,#2963,#2972,#2978));
#2961 = ORIENTED_EDGE('',*,*,#902,.F.);
#2962 = ORIENTED_EDGE('',*,*,#2859,.F.);
#2963 = ORIENTED_EDGE('',*,*,#2964,.T.);
#2964 = EDGE_CURVE('',#2852,#2965,#2967,.T.);
#2965 = VERTEX_POINT('',#2966);
#2966 = CARTESIAN_POINT('',(-41.23424082821,-1.352275513627,4.));
#2967 = CIRCLE('',#2968,75.);
#2968 = AXIS2_PLACEMENT_3D('',#2969,#2970,#2971);
#2969 = CARTESIAN_POINT('',(0.,-64.,4.));
#2970 = DIRECTION('',(0.,0.,1.));
#2971 = DIRECTION('',(1.,0.,0.));
#2972 = ORIENTED_EDGE('',*,*,#2973,.T.);
#2973 = EDGE_CURVE('',#2965,#912,#2974,.T.);
#2974 = LINE('',#2975,#2976);
#2975 = CARTESIAN_POINT('',(-41.23424082821,-1.352275513627,4.));
#2976 = VECTOR('',#2977,1.);
#2977 = DIRECTION('',(0.,0.,1.));
#2978 = ORIENTED_EDGE('',*,*,#911,.F.);
#2979 = CYLINDRICAL_SURFACE('',#2980,75.);
#2980 = AXIS2_PLACEMENT_3D('',#2981,#2982,#2983);
#2981 = CARTESIAN_POINT('',(0.,-64.,4.));
#2982 = DIRECTION('',(0.,0.,1.));
#2983 = DIRECTION('',(1.,0.,0.));
#2984 = ADVANCED_FACE('',(#2985),#3019,.F.);
#2985 = FACE_BOUND('',#2986,.F.);
#2986 = EDGE_LOOP('',(#2987,#2988,#2989,#2997,#3005,#3013));
#2987 = ORIENTED_EDGE('',*,*,#2973,.T.);
#2988 = ORIENTED_EDGE('',*,*,#920,.T.);
#2989 = ORIENTED_EDGE('',*,*,#2990,.T.);
#2990 = EDGE_CURVE('',#921,#2991,#2993,.T.);
#2991 = VERTEX_POINT('',#2992);
#2992 = CARTESIAN_POINT('',(-57.12760733139,20.501103428237,14.));
#2993 = LINE('',#2994,#2995);
#2994 = CARTESIAN_POINT('',(-57.12760733139,20.501103428237,10.));
#2995 = VECTOR('',#2996,1.);
#2996 = DIRECTION('',(0.,0.,1.));
#2997 = ORIENTED_EDGE('',*,*,#2998,.T.);
#2998 = EDGE_CURVE('',#2991,#2999,#3001,.T.);
#2999 = VERTEX_POINT('',#3000);
#3000 = CARTESIAN_POINT('',(-89.49044120176,65.,14.));
#3001 = LINE('',#3002,#3003);
#3002 = CARTESIAN_POINT('',(2.830576295061,-61.94139905813,14.));
#3003 = VECTOR('',#3004,1.);
#3004 = DIRECTION('',(-0.588171697675,0.808736084303,0.));
#3005 = ORIENTED_EDGE('',*,*,#3006,.T.);
#3006 = EDGE_CURVE('',#2999,#3007,#3009,.T.);
#3007 = VERTEX_POINT('',#3008);
#3008 = CARTESIAN_POINT('',(-89.49044120176,65.,4.));
#3009 = LINE('',#3010,#3011);
#3010 = CARTESIAN_POINT('',(-89.49044120176,65.,4.));
#3011 = VECTOR('',#3012,1.);
#3012 = DIRECTION('',(0.,0.,-1.));
#3013 = ORIENTED_EDGE('',*,*,#3014,.F.);
#3014 = EDGE_CURVE('',#2965,#3007,#3015,.T.);
#3015 = LINE('',#3016,#3017);
#3016 = CARTESIAN_POINT('',(2.830576295061,-61.94139905813,4.));
#3017 = VECTOR('',#3018,1.);
#3018 = DIRECTION('',(-0.588171697675,0.808736084303,0.));
#3019 = PLANE('',#3020);
#3020 = AXIS2_PLACEMENT_3D('',#3021,#3022,#3023);
#3021 = CARTESIAN_POINT('',(2.830576295061,-61.94139905813,4.));
#3022 = DIRECTION('',(-0.808736084303,-0.588171697675,0.));
#3023 = DIRECTION('',(0.,0.,1.));
#3024 = ADVANCED_FACE('',(#3025),#3044,.F.);
#3025 = FACE_BOUND('',#3026,.F.);
#3026 = EDGE_LOOP('',(#3027,#3028,#3029,#3037));
#3027 = ORIENTED_EDGE('',*,*,#2990,.F.);
#3028 = ORIENTED_EDGE('',*,*,#928,.T.);
#3029 = ORIENTED_EDGE('',*,*,#3030,.T.);
#3030 = EDGE_CURVE('',#929,#3031,#3033,.T.);
#3031 = VERTEX_POINT('',#3032);
#3032 = CARTESIAN_POINT('',(-62.78875992152,16.38390154451,14.));
#3033 = LINE('',#3034,#3035);
#3034 = CARTESIAN_POINT('',(-62.78875992152,16.38390154451,10.));
#3035 = VECTOR('',#3036,1.);
#3036 = DIRECTION('',(0.,0.,1.));
#3037 = ORIENTED_EDGE('',*,*,#3038,.F.);
#3038 = EDGE_CURVE('',#2991,#3031,#3039,.T.);
#3039 = CIRCLE('',#3040,102.);
#3040 = AXIS2_PLACEMENT_3D('',#3041,#3042,#3043);
#3041 = CARTESIAN_POINT('',(0.,-64.,14.));
#3042 = DIRECTION('',(0.,0.,1.));
#3043 = DIRECTION('',(1.,0.,0.));
#3044 = CYLINDRICAL_SURFACE('',#3045,102.);
#3045 = AXIS2_PLACEMENT_3D('',#3046,#3047,#3048);
#3046 = CARTESIAN_POINT('',(0.,-64.,10.));
#3047 = DIRECTION('',(0.,0.,1.));
#3048 = DIRECTION('',(1.,0.,0.));
#3049 = ADVANCED_FACE('',(#3050),#3084,.T.);
#3050 = FACE_BOUND('',#3051,.T.);
#3051 = EDGE_LOOP('',(#3052,#3060,#3061,#3062,#3070,#3078));
#3052 = ORIENTED_EDGE('',*,*,#3053,.T.);
#3053 = EDGE_CURVE('',#3054,#938,#3056,.T.);
#3054 = VERTEX_POINT('',#3055);
#3055 = CARTESIAN_POINT('',(-46.89539341834,-5.469477397353,4.));
#3056 = LINE('',#3057,#3058);
#3057 = CARTESIAN_POINT('',(-46.89539341834,-5.469477397353,4.));
#3058 = VECTOR('',#3059,1.);
#3059 = DIRECTION('',(0.,0.,1.));
#3060 = ORIENTED_EDGE('',*,*,#937,.T.);
#3061 = ORIENTED_EDGE('',*,*,#3030,.T.);
#3062 = ORIENTED_EDGE('',*,*,#3063,.T.);
#3063 = EDGE_CURVE('',#3031,#3064,#3066,.T.);
#3064 = VERTEX_POINT('',#3065);
#3065 = CARTESIAN_POINT('',(-98.14592243459,65.,14.));
#3066 = LINE('',#3067,#3068);
#3067 = CARTESIAN_POINT('',(-2.830576295061,-66.05860094186,14.));
#3068 = VECTOR('',#3069,1.);
#3069 = DIRECTION('',(-0.588171697675,0.808736084303,0.));
#3070 = ORIENTED_EDGE('',*,*,#3071,.T.);
#3071 = EDGE_CURVE('',#3064,#3072,#3074,.T.);
#3072 = VERTEX_POINT('',#3073);
#3073 = CARTESIAN_POINT('',(-98.14592243459,65.,4.));
#3074 = LINE('',#3075,#3076);
#3075 = CARTESIAN_POINT('',(-98.14592243459,65.,4.));
#3076 = VECTOR('',#3077,1.);
#3077 = DIRECTION('',(0.,0.,-1.));
#3078 = ORIENTED_EDGE('',*,*,#3079,.F.);
#3079 = EDGE_CURVE('',#3054,#3072,#3080,.T.);
#3080 = LINE('',#3081,#3082);
#3081 = CARTESIAN_POINT('',(-2.830576295061,-66.05860094186,4.));
#3082 = VECTOR('',#3083,1.);
#3083 = DIRECTION('',(-0.588171697675,0.808736084303,0.));
#3084 = PLANE('',#3085);
#3085 = AXIS2_PLACEMENT_3D('',#3086,#3087,#3088);
#3086 = CARTESIAN_POINT('',(-2.830576295061,-66.05860094186,4.));
#3087 = DIRECTION('',(-0.808736084303,-0.588171697675,0.));
#3088 = DIRECTION('',(0.,0.,1.));
#3089 = ADVANCED_FACE('',(#3090),#3109,.T.);
#3090 = FACE_BOUND('',#3091,.T.);
#3091 = EDGE_LOOP('',(#3092,#3093,#3094,#3103));
#3092 = ORIENTED_EDGE('',*,*,#945,.F.);
#3093 = ORIENTED_EDGE('',*,*,#3053,.F.);
#3094 = ORIENTED_EDGE('',*,*,#3095,.T.);
#3095 = EDGE_CURVE('',#3054,#3096,#3098,.T.);
#3096 = VERTEX_POINT('',#3097);
#3097 = CARTESIAN_POINT('',(-73.76914936362,-77.53191051431,4.));
#3098 = CIRCLE('',#3099,75.);
#3099 = AXIS2_PLACEMENT_3D('',#3100,#3101,#3102);
#3100 = CARTESIAN_POINT('',(0.,-64.,4.));
#3101 = DIRECTION('',(0.,0.,1.));
#3102 = DIRECTION('',(1.,0.,0.));
#3103 = ORIENTED_EDGE('',*,*,#3104,.T.);
#3104 = EDGE_CURVE('',#3096,#946,#3105,.T.);
#3105 = LINE('',#3106,#3107);
#3106 = CARTESIAN_POINT('',(-73.76914936362,-77.53191051431,4.));
#3107 = VECTOR('',#3108,1.);
#3108 = DIRECTION('',(0.,0.,1.));
#3109 = CYLINDRICAL_SURFACE('',#3110,75.);
#3110 = AXIS2_PLACEMENT_3D('',#3111,#3112,#3113);
#3111 = CARTESIAN_POINT('',(0.,-64.,4.));
#3112 = DIRECTION('',(0.,0.,1.));
#3113 = DIRECTION('',(1.,0.,0.));
#3114 = ADVANCED_FACE('',(#3115),#3133,.F.);
#3115 = FACE_BOUND('',#3116,.F.);
#3116 = EDGE_LOOP('',(#3117,#3118,#3119,#3127));
#3117 = ORIENTED_EDGE('',*,*,#3104,.T.);
#3118 = ORIENTED_EDGE('',*,*,#954,.T.);
#3119 = ORIENTED_EDGE('',*,*,#3120,.F.);
#3120 = EDGE_CURVE('',#3121,#955,#3123,.T.);
#3121 = VERTEX_POINT('',#3122);
#3122 = CARTESIAN_POINT('',(-85.,-80.13907226919,4.));
#3123 = LINE('',#3124,#3125);
#3124 = CARTESIAN_POINT('',(-85.,-80.13907226919,4.));
#3125 = VECTOR('',#3126,1.);
#3126 = DIRECTION('',(0.,0.,1.));
#3127 = ORIENTED_EDGE('',*,*,#3128,.F.);
#3128 = EDGE_CURVE('',#3096,#3121,#3129,.T.);
#3129 = LINE('',#3130,#3131);
#3130 = CARTESIAN_POINT('',(-0.791453975198,-60.59065979914,4.));
#3131 = VECTOR('',#3132,1.);
#3132 = DIRECTION('',(-0.974097200243,-0.226129707199,0.));
#3133 = PLANE('',#3134);
#3134 = AXIS2_PLACEMENT_3D('',#3135,#3136,#3137);
#3135 = CARTESIAN_POINT('',(-0.791453975198,-60.59065979914,4.));
#3136 = DIRECTION('',(0.226129707199,-0.974097200243,0.));
#3137 = DIRECTION('',(0.,0.,1.));
#3138 = ADVANCED_FACE('',(#3139),#3157,.T.);
#3139 = FACE_BOUND('',#3140,.T.);
#3140 = EDGE_LOOP('',(#3141,#3149,#3150,#3151));
#3141 = ORIENTED_EDGE('',*,*,#3142,.T.);
#3142 = EDGE_CURVE('',#3143,#963,#3145,.T.);
#3143 = VERTEX_POINT('',#3144);
#3144 = CARTESIAN_POINT('',(-85.,-65.,4.));
#3145 = LINE('',#3146,#3147);
#3146 = CARTESIAN_POINT('',(-85.,-65.,4.));
#3147 = VECTOR('',#3148,1.);
#3148 = DIRECTION('',(0.,0.,1.));
#3149 = ORIENTED_EDGE('',*,*,#962,.T.);
#3150 = ORIENTED_EDGE('',*,*,#3120,.F.);
#3151 = ORIENTED_EDGE('',*,*,#3152,.T.);
#3152 = EDGE_CURVE('',#3121,#3143,#3153,.T.);
#3153 = LINE('',#3154,#3155);
#3154 = CARTESIAN_POINT('',(-85.,-115.,4.));
#3155 = VECTOR('',#3156,1.);
#3156 = DIRECTION('',(0.,1.,0.));
#3157 = PLANE('',#3158);
#3158 = AXIS2_PLACEMENT_3D('',#3159,#3160,#3161);
#3159 = CARTESIAN_POINT('',(-85.,-115.,4.));
#3160 = DIRECTION('',(1.,0.,0.));
#3161 = DIRECTION('',(0.,0.,1.));
#3162 = ADVANCED_FACE('',(#3163),#3188,.T.);
#3163 = FACE_BOUND('',#3164,.T.);
#3164 = EDGE_LOOP('',(#3165,#3171,#3172,#3180,#3186,#3187));
#3165 = ORIENTED_EDGE('',*,*,#3166,.F.);
#3166 = EDGE_CURVE('',#2679,#3143,#3167,.T.);
#3167 = LINE('',#3168,#3169);
#3168 = CARTESIAN_POINT('',(-140.,-65.,4.));
#3169 = VECTOR('',#3170,1.);
#3170 = DIRECTION('',(1.,0.,0.));
#3171 = ORIENTED_EDGE('',*,*,#2678,.T.);
#3172 = ORIENTED_EDGE('',*,*,#3173,.T.);
#3173 = EDGE_CURVE('',#2671,#3174,#3176,.T.);
#3174 = VERTEX_POINT('',#3175);
#3175 = CARTESIAN_POINT('',(-101.9950979214,-65.,24.));
#3176 = LINE('',#3177,#3178);
#3177 = CARTESIAN_POINT('',(-140.,-65.,24.));
#3178 = VECTOR('',#3179,1.);
#3179 = DIRECTION('',(1.,0.,0.));
#3180 = ORIENTED_EDGE('',*,*,#3181,.F.);
#3181 = EDGE_CURVE('',#971,#3174,#3182,.T.);
#3182 = LINE('',#3183,#3184);
#3183 = CARTESIAN_POINT('',(-101.9950979214,-65.,10.));
#3184 = VECTOR('',#3185,1.);
#3185 = DIRECTION('',(0.,0.,1.));
#3186 = ORIENTED_EDGE('',*,*,#970,.T.);
#3187 = ORIENTED_EDGE('',*,*,#3142,.F.);
#3188 = PLANE('',#3189);
#3189 = AXIS2_PLACEMENT_3D('',#3190,#3191,#3192);
#3190 = CARTESIAN_POINT('',(-140.,-65.,4.));
#3191 = DIRECTION('',(0.,1.,0.));
#3192 = DIRECTION('',(0.,0.,1.));
#3193 = ADVANCED_FACE('',(#3194),#3230,.F.);
#3194 = FACE_BOUND('',#3195,.F.);
#3195 = EDGE_LOOP('',(#3196,#3197,#3198,#3207,#3214,#3215,#3223));
#3196 = ORIENTED_EDGE('',*,*,#3181,.F.);
#3197 = ORIENTED_EDGE('',*,*,#978,.T.);
#3198 = ORIENTED_EDGE('',*,*,#3199,.F.);
#3199 = EDGE_CURVE('',#3200,#979,#3202,.T.);
#3200 = VERTEX_POINT('',#3201);
#3201 = CARTESIAN_POINT('',(-98.6306240475,-90.,20.4));
#3202 = ELLIPSE('',#3203,141.94224324076,102.);
#3203 = AXIS2_PLACEMENT_3D('',#3204,#3205,#3206);
#3204 = CARTESIAN_POINT('',(0.,-64.,-4.761290322572));
#3205 = DIRECTION('',(-0.,-0.695421427516,-0.718602141767));
#3206 = DIRECTION('',(0.,-0.718602141767,0.695421427516));
#3207 = ORIENTED_EDGE('',*,*,#3208,.F.);
#3208 = EDGE_CURVE('',#1004,#3200,#3209,.T.);
#3209 = ELLIPSE('',#3210,141.94224324076,102.);
#3210 = AXIS2_PLACEMENT_3D('',#3211,#3212,#3213);
#3211 = CARTESIAN_POINT('',(0.,-64.,45.561290322564));
#3212 = DIRECTION('',(0.,0.695421427516,-0.718602141767));
#3213 = DIRECTION('',(0.,0.718602141767,0.695421427516));
#3214 = ORIENTED_EDGE('',*,*,#1011,.T.);
#3215 = ORIENTED_EDGE('',*,*,#3216,.T.);
#3216 = EDGE_CURVE('',#1012,#3217,#3219,.T.);
#3217 = VERTEX_POINT('',#3218);
#3218 = CARTESIAN_POINT('',(-88.33459118601,-115.,24.));
#3219 = LINE('',#3220,#3221);
#3220 = CARTESIAN_POINT('',(-88.33459118601,-115.,10.));
#3221 = VECTOR('',#3222,1.);
#3222 = DIRECTION('',(0.,0.,1.));
#3223 = ORIENTED_EDGE('',*,*,#3224,.F.);
#3224 = EDGE_CURVE('',#3174,#3217,#3225,.T.);
#3225 = CIRCLE('',#3226,102.);
#3226 = AXIS2_PLACEMENT_3D('',#3227,#3228,#3229);
#3227 = CARTESIAN_POINT('',(0.,-64.,24.));
#3228 = DIRECTION('',(0.,0.,1.));
#3229 = DIRECTION('',(1.,0.,0.));
#3230 = CYLINDRICAL_SURFACE('',#3231,102.);
#3231 = AXIS2_PLACEMENT_3D('',#3232,#3233,#3234);
#3232 = CARTESIAN_POINT('',(0.,-64.,10.));
#3233 = DIRECTION('',(0.,0.,1.));
#3234 = DIRECTION('',(1.,0.,0.));
#3235 = ADVANCED_FACE('',(#3236),#3293,.T.);
#3236 = FACE_BOUND('',#3237,.T.);
#3237 = EDGE_LOOP('',(#3238,#3239,#3247,#3253,#3254,#3255,#3263,#3271,
    #3279,#3287));
#3238 = ORIENTED_EDGE('',*,*,#2805,.F.);
#3239 = ORIENTED_EDGE('',*,*,#3240,.T.);
#3240 = EDGE_CURVE('',#2798,#3241,#3243,.T.);
#3241 = VERTEX_POINT('',#3242);
#3242 = CARTESIAN_POINT('',(-89.6,-77.6,8.4));
#3243 = LINE('',#3244,#3245);
#3244 = CARTESIAN_POINT('',(-142.,-77.6,8.4));
#3245 = VECTOR('',#3246,1.);
#3246 = DIRECTION('',(1.,0.,0.));
#3247 = ORIENTED_EDGE('',*,*,#3248,.T.);
#3248 = EDGE_CURVE('',#3241,#988,#3249,.T.);
#3249 = LINE('',#3250,#3251);
#3250 = CARTESIAN_POINT('',(-89.6,-77.6,8.4));
#3251 = VECTOR('',#3252,1.);
#3252 = DIRECTION('',(0.,-0.718602141767,0.695421427516));
#3253 = ORIENTED_EDGE('',*,*,#987,.T.);
#3254 = ORIENTED_EDGE('',*,*,#3199,.F.);
#3255 = ORIENTED_EDGE('',*,*,#3256,.F.);
#3256 = EDGE_CURVE('',#3257,#3200,#3259,.T.);
#3257 = VERTEX_POINT('',#3258);
#3258 = CARTESIAN_POINT('',(-110.7,-90.,20.4));
#3259 = LINE('',#3260,#3261);
#3260 = CARTESIAN_POINT('',(-142.,-90.,20.4));
#3261 = VECTOR('',#3262,1.);
#3262 = DIRECTION('',(1.,0.,0.));
#3263 = ORIENTED_EDGE('',*,*,#3264,.F.);
#3264 = EDGE_CURVE('',#3265,#3257,#3267,.T.);
#3265 = VERTEX_POINT('',#3266);
#3266 = CARTESIAN_POINT('',(-110.7,-83.7,14.303225806452));
#3267 = LINE('',#3268,#3269);
#3268 = CARTESIAN_POINT('',(-110.7,-80.07950026867,10.799516389038));
#3269 = VECTOR('',#3270,1.);
#3270 = DIRECTION('',(0.,-0.718602141767,0.695421427516));
#3271 = ORIENTED_EDGE('',*,*,#3272,.F.);
#3272 = EDGE_CURVE('',#3273,#3265,#3275,.T.);
#3273 = VERTEX_POINT('',#3274);
#3274 = CARTESIAN_POINT('',(-119.3,-83.7,14.303225806452));
#3275 = LINE('',#3276,#3277);
#3276 = CARTESIAN_POINT('',(-130.65,-83.7,14.303225806452));
#3277 = VECTOR('',#3278,1.);
#3278 = DIRECTION('',(1.,0.,0.));
#3279 = ORIENTED_EDGE('',*,*,#3280,.T.);
#3280 = EDGE_CURVE('',#3273,#3281,#3283,.T.);
#3281 = VERTEX_POINT('',#3282);
#3282 = CARTESIAN_POINT('',(-119.3,-90.,20.4));
#3283 = LINE('',#3284,#3285);
#3284 = CARTESIAN_POINT('',(-119.3,-80.07950026867,10.799516389038));
#3285 = VECTOR('',#3286,1.);
#3286 = DIRECTION('',(0.,-0.718602141767,0.695421427516));
#3287 = ORIENTED_EDGE('',*,*,#3288,.F.);
#3288 = EDGE_CURVE('',#2806,#3281,#3289,.T.);
#3289 = LINE('',#3290,#3291);
#3290 = CARTESIAN_POINT('',(-142.,-90.,20.4));
#3291 = VECTOR('',#3292,1.);
#3292 = DIRECTION('',(1.,0.,0.));
#3293 = PLANE('',#3294);
#3294 = AXIS2_PLACEMENT_3D('',#3295,#3296,#3297);
#3295 = CARTESIAN_POINT('',(-142.,-77.6,8.4));
#3296 = DIRECTION('',(0.,-0.695421427516,-0.718602141767));
#3297 = DIRECTION('',(0.,-0.718602141767,0.695421427516));
#3298 = ADVANCED_FACE('',(#3299),#3333,.F.);
#3299 = FACE_BOUND('',#3300,.F.);
#3300 = EDGE_LOOP('',(#3301,#3311,#3319,#3325,#3326,#3327));
#3301 = ORIENTED_EDGE('',*,*,#3302,.T.);
#3302 = EDGE_CURVE('',#3303,#3305,#3307,.T.);
#3303 = VERTEX_POINT('',#3304);
#3304 = CARTESIAN_POINT('',(-89.6,-102.4,8.4));
#3305 = VERTEX_POINT('',#3306);
#3306 = CARTESIAN_POINT('',(-89.6,-102.4,3.6));
#3307 = LINE('',#3308,#3309);
#3308 = CARTESIAN_POINT('',(-89.6,-102.4,8.4));
#3309 = VECTOR('',#3310,1.);
#3310 = DIRECTION('',(0.,0.,-1.));
#3311 = ORIENTED_EDGE('',*,*,#3312,.T.);
#3312 = EDGE_CURVE('',#3305,#3313,#3315,.T.);
#3313 = VERTEX_POINT('',#3314);
#3314 = CARTESIAN_POINT('',(-89.6,-77.6,3.6));
#3315 = LINE('',#3316,#3317);
#3316 = CARTESIAN_POINT('',(-89.6,-102.4,3.6));
#3317 = VECTOR('',#3318,1.);
#3318 = DIRECTION('',(0.,1.,0.));
#3319 = ORIENTED_EDGE('',*,*,#3320,.T.);
#3320 = EDGE_CURVE('',#3313,#3241,#3321,.T.);
#3321 = LINE('',#3322,#3323);
#3322 = CARTESIAN_POINT('',(-89.6,-77.6,3.6));
#3323 = VECTOR('',#3324,1.);
#3324 = DIRECTION('',(0.,0.,1.));
#3325 = ORIENTED_EDGE('',*,*,#3248,.T.);
#3326 = ORIENTED_EDGE('',*,*,#995,.T.);
#3327 = ORIENTED_EDGE('',*,*,#3328,.T.);
#3328 = EDGE_CURVE('',#996,#3303,#3329,.T.);
#3329 = LINE('',#3330,#3331);
#3330 = CARTESIAN_POINT('',(-89.6,-90.,20.4));
#3331 = VECTOR('',#3332,1.);
#3332 = DIRECTION('',(0.,-0.718602141767,-0.695421427516));
#3333 = PLANE('',#3334);
#3334 = AXIS2_PLACEMENT_3D('',#3335,#3336,#3337);
#3335 = CARTESIAN_POINT('',(-89.6,-90.,9.343075305071));
#3336 = DIRECTION('',(1.,0.,0.));
#3337 = DIRECTION('',(0.,0.,1.));
#3338 = ADVANCED_FACE('',(#3339),#3375,.T.);
#3339 = FACE_BOUND('',#3340,.T.);
#3340 = EDGE_LOOP('',(#3341,#3342,#3343,#3351,#3359,#3365,#3366,#3367,
    #3368,#3369));
#3341 = ORIENTED_EDGE('',*,*,#2813,.F.);
#3342 = ORIENTED_EDGE('',*,*,#3288,.T.);
#3343 = ORIENTED_EDGE('',*,*,#3344,.T.);
#3344 = EDGE_CURVE('',#3281,#3345,#3347,.T.);
#3345 = VERTEX_POINT('',#3346);
#3346 = CARTESIAN_POINT('',(-119.3,-96.3,14.303225806452));
#3347 = LINE('',#3348,#3349);
#3348 = CARTESIAN_POINT('',(-119.3,-96.97375067168,13.651209027405));
#3349 = VECTOR('',#3350,1.);
#3350 = DIRECTION('',(0.,-0.718602141767,-0.695421427516));
#3351 = ORIENTED_EDGE('',*,*,#3352,.T.);
#3352 = EDGE_CURVE('',#3345,#3353,#3355,.T.);
#3353 = VERTEX_POINT('',#3354);
#3354 = CARTESIAN_POINT('',(-110.7,-96.3,14.303225806452));
#3355 = LINE('',#3356,#3357);
#3356 = CARTESIAN_POINT('',(-130.65,-96.3,14.303225806452));
#3357 = VECTOR('',#3358,1.);
#3358 = DIRECTION('',(1.,0.,0.));
#3359 = ORIENTED_EDGE('',*,*,#3360,.F.);
#3360 = EDGE_CURVE('',#3257,#3353,#3361,.T.);
#3361 = LINE('',#3362,#3363);
#3362 = CARTESIAN_POINT('',(-110.7,-96.97375067168,13.651209027405));
#3363 = VECTOR('',#3364,1.);
#3364 = DIRECTION('',(0.,-0.718602141767,-0.695421427516));
#3365 = ORIENTED_EDGE('',*,*,#3256,.T.);
#3366 = ORIENTED_EDGE('',*,*,#3208,.F.);
#3367 = ORIENTED_EDGE('',*,*,#1003,.T.);
#3368 = ORIENTED_EDGE('',*,*,#3328,.T.);
#3369 = ORIENTED_EDGE('',*,*,#3370,.F.);
#3370 = EDGE_CURVE('',#2780,#3303,#3371,.T.);
#3371 = LINE('',#3372,#3373);
#3372 = CARTESIAN_POINT('',(-142.,-102.4,8.4));
#3373 = VECTOR('',#3374,1.);
#3374 = DIRECTION('',(1.,0.,0.));
#3375 = PLANE('',#3376);
#3376 = AXIS2_PLACEMENT_3D('',#3377,#3378,#3379);
#3377 = CARTESIAN_POINT('',(-142.,-90.,20.4));
#3378 = DIRECTION('',(0.,0.695421427516,-0.718602141767));
#3379 = DIRECTION('',(0.,-0.718602141767,-0.695421427516));
#3380 = ADVANCED_FACE('',(#3381),#3406,.F.);
#3381 = FACE_BOUND('',#3382,.F.);
#3382 = EDGE_LOOP('',(#3383,#3391,#3392,#3398,#3399,#3400));
#3383 = ORIENTED_EDGE('',*,*,#3384,.F.);
#3384 = EDGE_CURVE('',#2655,#3385,#3387,.T.);
#3385 = VERTEX_POINT('',#3386);
#3386 = CARTESIAN_POINT('',(-85.,-115.,4.));
#3387 = LINE('',#3388,#3389);
#3388 = CARTESIAN_POINT('',(-140.,-115.,4.));
#3389 = VECTOR('',#3390,1.);
#3390 = DIRECTION('',(1.,0.,0.));
#3391 = ORIENTED_EDGE('',*,*,#2662,.T.);
#3392 = ORIENTED_EDGE('',*,*,#3393,.T.);
#3393 = EDGE_CURVE('',#2663,#3217,#3394,.T.);
#3394 = LINE('',#3395,#3396);
#3395 = CARTESIAN_POINT('',(-140.,-115.,24.));
#3396 = VECTOR('',#3397,1.);
#3397 = DIRECTION('',(1.,0.,0.));
#3398 = ORIENTED_EDGE('',*,*,#3216,.F.);
#3399 = ORIENTED_EDGE('',*,*,#1020,.T.);
#3400 = ORIENTED_EDGE('',*,*,#3401,.F.);
#3401 = EDGE_CURVE('',#3385,#1021,#3402,.T.);
#3402 = LINE('',#3403,#3404);
#3403 = CARTESIAN_POINT('',(-85.,-115.,4.));
#3404 = VECTOR('',#3405,1.);
#3405 = DIRECTION('',(0.,0.,1.));
#3406 = PLANE('',#3407);
#3407 = AXIS2_PLACEMENT_3D('',#3408,#3409,#3410);
#3408 = CARTESIAN_POINT('',(-140.,-115.,4.));
#3409 = DIRECTION('',(0.,1.,0.));
#3410 = DIRECTION('',(0.,0.,1.));
#3411 = ADVANCED_FACE('',(#3412),#3430,.T.);
#3412 = FACE_BOUND('',#3413,.T.);
#3413 = EDGE_LOOP('',(#3414,#3415,#3423,#3429));
#3414 = ORIENTED_EDGE('',*,*,#3401,.F.);
#3415 = ORIENTED_EDGE('',*,*,#3416,.T.);
#3416 = EDGE_CURVE('',#3385,#3417,#3419,.T.);
#3417 = VERTEX_POINT('',#3418);
#3418 = CARTESIAN_POINT('',(-85.,-87.32521344509,4.));
#3419 = LINE('',#3420,#3421);
#3420 = CARTESIAN_POINT('',(-85.,-115.,4.));
#3421 = VECTOR('',#3422,1.);
#3422 = DIRECTION('',(0.,1.,0.));
#3423 = ORIENTED_EDGE('',*,*,#3424,.T.);
#3424 = EDGE_CURVE('',#3417,#1029,#3425,.T.);
#3425 = LINE('',#3426,#3427);
#3426 = CARTESIAN_POINT('',(-85.,-87.32521344509,4.));
#3427 = VECTOR('',#3428,1.);
#3428 = DIRECTION('',(0.,0.,1.));
#3429 = ORIENTED_EDGE('',*,*,#1028,.T.);
#3430 = PLANE('',#3431);
#3431 = AXIS2_PLACEMENT_3D('',#3432,#3433,#3434);
#3432 = CARTESIAN_POINT('',(-85.,-115.,4.));
#3433 = DIRECTION('',(1.,0.,0.));
#3434 = DIRECTION('',(0.,0.,1.));
#3435 = ADVANCED_FACE('',(#3436),#3454,.T.);
#3436 = FACE_BOUND('',#3437,.T.);
#3437 = EDGE_LOOP('',(#3438,#3446,#3447,#3448));
#3438 = ORIENTED_EDGE('',*,*,#3439,.T.);
#3439 = EDGE_CURVE('',#3440,#1037,#3442,.T.);
#3440 = VERTEX_POINT('',#3441);
#3441 = CARTESIAN_POINT('',(-72.18624141322,-84.35059091602,4.));
#3442 = LINE('',#3443,#3444);
#3443 = CARTESIAN_POINT('',(-72.18624141322,-84.35059091602,4.));
#3444 = VECTOR('',#3445,1.);
#3445 = DIRECTION('',(0.,0.,1.));
#3446 = ORIENTED_EDGE('',*,*,#1036,.T.);
#3447 = ORIENTED_EDGE('',*,*,#3424,.F.);
#3448 = ORIENTED_EDGE('',*,*,#3449,.F.);
#3449 = EDGE_CURVE('',#3440,#3417,#3450,.T.);
#3450 = LINE('',#3451,#3452);
#3451 = CARTESIAN_POINT('',(0.791453975198,-67.40934020085,4.));
#3452 = VECTOR('',#3453,1.);
#3453 = DIRECTION('',(-0.974097200243,-0.226129707199,0.));
#3454 = PLANE('',#3455);
#3455 = AXIS2_PLACEMENT_3D('',#3456,#3457,#3458);
#3456 = CARTESIAN_POINT('',(0.791453975198,-67.40934020085,4.));
#3457 = DIRECTION('',(0.226129707199,-0.974097200243,0.));
#3458 = DIRECTION('',(0.,0.,1.));
#3459 = ADVANCED_FACE('',(#3460),#3479,.T.);
#3460 = FACE_BOUND('',#3461,.T.);
#3461 = EDGE_LOOP('',(#3462,#3463,#3464,#3473));
#3462 = ORIENTED_EDGE('',*,*,#1044,.F.);
#3463 = ORIENTED_EDGE('',*,*,#3439,.F.);
#3464 = ORIENTED_EDGE('',*,*,#3465,.T.);
#3465 = EDGE_CURVE('',#3440,#3466,#3468,.T.);
#3466 = VERTEX_POINT('',#3467);
#3467 = CARTESIAN_POINT('',(-3.5,-138.9182888218,4.));
#3468 = CIRCLE('',#3469,75.);
#3469 = AXIS2_PLACEMENT_3D('',#3470,#3471,#3472);
#3470 = CARTESIAN_POINT('',(0.,-64.,4.));
#3471 = DIRECTION('',(0.,0.,1.));
#3472 = DIRECTION('',(1.,0.,0.));
#3473 = ORIENTED_EDGE('',*,*,#3474,.T.);
#3474 = EDGE_CURVE('',#3466,#1045,#3475,.T.);
#3475 = LINE('',#3476,#3477);
#3476 = CARTESIAN_POINT('',(-3.5,-138.9182888218,4.));
#3477 = VECTOR('',#3478,1.);
#3478 = DIRECTION('',(0.,0.,1.));
#3479 = CYLINDRICAL_SURFACE('',#3480,75.);
#3480 = AXIS2_PLACEMENT_3D('',#3481,#3482,#3483);
#3481 = CARTESIAN_POINT('',(0.,-64.,4.));
#3482 = DIRECTION('',(0.,0.,1.));
#3483 = DIRECTION('',(1.,0.,0.));
#3484 = ADVANCED_FACE('',(#3485),#3503,.F.);
#3485 = FACE_BOUND('',#3486,.F.);
#3486 = EDGE_LOOP('',(#3487,#3488,#3489,#3497));
#3487 = ORIENTED_EDGE('',*,*,#3474,.T.);
#3488 = ORIENTED_EDGE('',*,*,#1053,.T.);
#3489 = ORIENTED_EDGE('',*,*,#3490,.F.);
#3490 = EDGE_CURVE('',#3491,#1054,#3493,.T.);
#3491 = VERTEX_POINT('',#3492);
#3492 = CARTESIAN_POINT('',(-3.5,-139.5,4.));
#3493 = LINE('',#3494,#3495);
#3494 = CARTESIAN_POINT('',(-3.5,-139.5,4.));
#3495 = VECTOR('',#3496,1.);
#3496 = DIRECTION('',(0.,0.,1.));
#3497 = ORIENTED_EDGE('',*,*,#3498,.F.);
#3498 = EDGE_CURVE('',#3466,#3491,#3499,.T.);
#3499 = LINE('',#3500,#3501);
#3500 = CARTESIAN_POINT('',(-3.5,-64.,4.));
#3501 = VECTOR('',#3502,1.);
#3502 = DIRECTION('',(1.110223024625E-16,-1.,0.));
#3503 = PLANE('',#3504);
#3504 = AXIS2_PLACEMENT_3D('',#3505,#3506,#3507);
#3505 = CARTESIAN_POINT('',(-3.5,-64.,4.));
#3506 = DIRECTION('',(1.,1.110223024625E-16,0.));
#3507 = DIRECTION('',(0.,0.,1.));
#3508 = ADVANCED_FACE('',(#3509),#3534,.T.);
#3509 = FACE_BOUND('',#3510,.T.);
#3510 = EDGE_LOOP('',(#3511,#3517,#3518,#3526,#3532,#3533));
#3511 = ORIENTED_EDGE('',*,*,#3512,.F.);
#3512 = EDGE_CURVE('',#2647,#3491,#3513,.T.);
#3513 = LINE('',#3514,#3515);
#3514 = CARTESIAN_POINT('',(-140.,-139.5,4.));
#3515 = VECTOR('',#3516,1.);
#3516 = DIRECTION('',(1.,0.,0.));
#3517 = ORIENTED_EDGE('',*,*,#2646,.T.);
#3518 = ORIENTED_EDGE('',*,*,#3519,.T.);
#3519 = EDGE_CURVE('',#2639,#3520,#3522,.T.);
#3520 = VERTEX_POINT('',#3521);
#3521 = CARTESIAN_POINT('',(-68.5838902367,-139.5,14.));
#3522 = LINE('',#3523,#3524);
#3523 = CARTESIAN_POINT('',(-140.,-139.5,14.));
#3524 = VECTOR('',#3525,1.);
#3525 = DIRECTION('',(1.,0.,0.));
#3526 = ORIENTED_EDGE('',*,*,#3527,.F.);
#3527 = EDGE_CURVE('',#1062,#3520,#3528,.T.);
#3528 = LINE('',#3529,#3530);
#3529 = CARTESIAN_POINT('',(-68.5838902367,-139.5,10.));
#3530 = VECTOR('',#3531,1.);
#3531 = DIRECTION('',(0.,0.,1.));
#3532 = ORIENTED_EDGE('',*,*,#1061,.T.);
#3533 = ORIENTED_EDGE('',*,*,#3490,.F.);
#3534 = PLANE('',#3535);
#3535 = AXIS2_PLACEMENT_3D('',#3536,#3537,#3538);
#3536 = CARTESIAN_POINT('',(-140.,-139.5,4.));
#3537 = DIRECTION('',(0.,1.,0.));
#3538 = DIRECTION('',(0.,0.,1.));
#3539 = ADVANCED_FACE('',(#3540),#3552,.F.);
#3540 = FACE_BOUND('',#3541,.F.);
#3541 = EDGE_LOOP('',(#3542,#3543,#3544,#3551));
#3542 = ORIENTED_EDGE('',*,*,#1069,.T.);
#3543 = ORIENTED_EDGE('',*,*,#1773,.T.);
#3544 = ORIENTED_EDGE('',*,*,#3545,.F.);
#3545 = EDGE_CURVE('',#3520,#1774,#3546,.T.);
#3546 = CIRCLE('',#3547,102.);
#3547 = AXIS2_PLACEMENT_3D('',#3548,#3549,#3550);
#3548 = CARTESIAN_POINT('',(0.,-64.,14.));
#3549 = DIRECTION('',(0.,0.,1.));
#3550 = DIRECTION('',(1.,0.,0.));
#3551 = ORIENTED_EDGE('',*,*,#3527,.F.);
#3552 = CYLINDRICAL_SURFACE('',#3553,102.);
#3553 = AXIS2_PLACEMENT_3D('',#3554,#3555,#3556);
#3554 = CARTESIAN_POINT('',(0.,-64.,10.));
#3555 = DIRECTION('',(0.,0.,1.));
#3556 = DIRECTION('',(1.,0.,0.));
#3557 = ADVANCED_FACE('',(#3558),#3564,.F.);
#3558 = FACE_BOUND('',#3559,.F.);
#3559 = EDGE_LOOP('',(#3560,#3561,#3562,#3563));
#3560 = ORIENTED_EDGE('',*,*,#1086,.T.);
#3561 = ORIENTED_EDGE('',*,*,#2150,.T.);
#3562 = ORIENTED_EDGE('',*,*,#2173,.F.);
#3563 = ORIENTED_EDGE('',*,*,#1766,.F.);
#3564 = CYLINDRICAL_SURFACE('',#3565,102.);
#3565 = AXIS2_PLACEMENT_3D('',#3566,#3567,#3568);
#3566 = CARTESIAN_POINT('',(0.,-64.,10.));
#3567 = DIRECTION('',(0.,0.,1.));
#3568 = DIRECTION('',(1.,0.,0.));
#3569 = ADVANCED_FACE('',(#3570),#3581,.T.);
#3570 = FACE_BOUND('',#3571,.T.);
#3571 = EDGE_LOOP('',(#3572,#3578,#3579,#3580));
#3572 = ORIENTED_EDGE('',*,*,#3573,.T.);
#3573 = EDGE_CURVE('',#2112,#1104,#3574,.T.);
#3574 = LINE('',#3575,#3576);
#3575 = CARTESIAN_POINT('',(3.5,-138.9182888218,4.));
#3576 = VECTOR('',#3577,1.);
#3577 = DIRECTION('',(0.,0.,1.));
#3578 = ORIENTED_EDGE('',*,*,#1103,.T.);
#3579 = ORIENTED_EDGE('',*,*,#2143,.F.);
#3580 = ORIENTED_EDGE('',*,*,#2120,.F.);
#3581 = PLANE('',#3582);
#3582 = AXIS2_PLACEMENT_3D('',#3583,#3584,#3585);
#3583 = CARTESIAN_POINT('',(3.5,-64.,4.));
#3584 = DIRECTION('',(1.,1.110223024625E-16,0.));
#3585 = DIRECTION('',(0.,0.,1.));
#3586 = ADVANCED_FACE('',(#3587),#3598,.T.);
#3587 = FACE_BOUND('',#3588,.T.);
#3588 = EDGE_LOOP('',(#3589,#3590,#3596,#3597));
#3589 = ORIENTED_EDGE('',*,*,#2111,.T.);
#3590 = ORIENTED_EDGE('',*,*,#3591,.T.);
#3591 = EDGE_CURVE('',#2104,#1112,#3592,.T.);
#3592 = LINE('',#3593,#3594);
#3593 = CARTESIAN_POINT('',(72.186241413227,-84.35059091602,4.));
#3594 = VECTOR('',#3595,1.);
#3595 = DIRECTION('',(0.,0.,1.));
#3596 = ORIENTED_EDGE('',*,*,#1111,.F.);
#3597 = ORIENTED_EDGE('',*,*,#3573,.F.);
#3598 = CYLINDRICAL_SURFACE('',#3599,75.);
#3599 = AXIS2_PLACEMENT_3D('',#3600,#3601,#3602);
#3600 = CARTESIAN_POINT('',(0.,-64.,4.));
#3601 = DIRECTION('',(0.,0.,1.));
#3602 = DIRECTION('',(1.,0.,0.));
#3603 = ADVANCED_FACE('',(#3604),#3615,.F.);
#3604 = FACE_BOUND('',#3605,.F.);
#3605 = EDGE_LOOP('',(#3606,#3607,#3608,#3614));
#3606 = ORIENTED_EDGE('',*,*,#3591,.T.);
#3607 = ORIENTED_EDGE('',*,*,#1120,.T.);
#3608 = ORIENTED_EDGE('',*,*,#3609,.T.);
#3609 = EDGE_CURVE('',#1121,#2096,#3610,.T.);
#3610 = LINE('',#3611,#3612);
#3611 = CARTESIAN_POINT('',(85.,-87.32521344509,4.));
#3612 = VECTOR('',#3613,1.);
#3613 = DIRECTION('',(0.,0.,-1.));
#3614 = ORIENTED_EDGE('',*,*,#2103,.F.);
#3615 = PLANE('',#3616);
#3616 = AXIS2_PLACEMENT_3D('',#3617,#3618,#3619);
#3617 = CARTESIAN_POINT('',(-0.791453975198,-67.40934020085,4.));
#3618 = DIRECTION('',(0.226129707199,0.974097200243,0.));
#3619 = DIRECTION('',(0.,0.,1.));
#3620 = ADVANCED_FACE('',(#3621),#3627,.F.);
#3621 = FACE_BOUND('',#3622,.F.);
#3622 = EDGE_LOOP('',(#3623,#3624,#3625,#3626));
#3623 = ORIENTED_EDGE('',*,*,#2070,.F.);
#3624 = ORIENTED_EDGE('',*,*,#2095,.T.);
#3625 = ORIENTED_EDGE('',*,*,#3609,.F.);
#3626 = ORIENTED_EDGE('',*,*,#1128,.T.);
#3627 = PLANE('',#3628);
#3628 = AXIS2_PLACEMENT_3D('',#3629,#3630,#3631);
#3629 = CARTESIAN_POINT('',(85.,-115.,4.));
#3630 = DIRECTION('',(1.,0.,0.));
#3631 = DIRECTION('',(0.,0.,1.));
#3632 = ADVANCED_FACE('',(#3633),#3642,.F.);
#3633 = FACE_BOUND('',#3634,.F.);
#3634 = EDGE_LOOP('',(#3635,#3636,#3637,#3638,#3639,#3640,#3641));
#3635 = ORIENTED_EDGE('',*,*,#1177,.T.);
#3636 = ORIENTED_EDGE('',*,*,#1980,.T.);
#3637 = ORIENTED_EDGE('',*,*,#2003,.F.);
#3638 = ORIENTED_EDGE('',*,*,#2077,.F.);
#3639 = ORIENTED_EDGE('',*,*,#1144,.T.);
#3640 = ORIENTED_EDGE('',*,*,#2520,.F.);
#3641 = ORIENTED_EDGE('',*,*,#2609,.F.);
#3642 = CYLINDRICAL_SURFACE('',#3643,102.);
#3643 = AXIS2_PLACEMENT_3D('',#3644,#3645,#3646);
#3644 = CARTESIAN_POINT('',(0.,-64.,10.));
#3645 = DIRECTION('',(0.,0.,1.));
#3646 = DIRECTION('',(1.,0.,0.));
#3647 = ADVANCED_FACE('',(#3648),#3656,.T.);
#3648 = FACE_BOUND('',#3649,.T.);
#3649 = EDGE_LOOP('',(#3650,#3651,#3652,#3653,#3654,#3655));
#3650 = ORIENTED_EDGE('',*,*,#2489,.T.);
#3651 = ORIENTED_EDGE('',*,*,#2431,.T.);
#3652 = ORIENTED_EDGE('',*,*,#2400,.T.);
#3653 = ORIENTED_EDGE('',*,*,#2577,.T.);
#3654 = ORIENTED_EDGE('',*,*,#1161,.T.);
#3655 = ORIENTED_EDGE('',*,*,#2513,.T.);
#3656 = PLANE('',#3657);
#3657 = AXIS2_PLACEMENT_3D('',#3658,#3659,#3660);
#3658 = CARTESIAN_POINT('',(89.6,-90.,9.343075305071));
#3659 = DIRECTION('',(1.,0.,0.));
#3660 = DIRECTION('',(0.,0.,1.));
#3661 = ADVANCED_FACE('',(#3662),#3673,.F.);
#3662 = FACE_BOUND('',#3663,.F.);
#3663 = EDGE_LOOP('',(#3664,#3665,#3666,#3672));
#3664 = ORIENTED_EDGE('',*,*,#1973,.T.);
#3665 = ORIENTED_EDGE('',*,*,#1194,.T.);
#3666 = ORIENTED_EDGE('',*,*,#3667,.T.);
#3667 = EDGE_CURVE('',#1195,#1659,#3668,.T.);
#3668 = LINE('',#3669,#3670);
#3669 = CARTESIAN_POINT('',(85.,-80.13907226919,4.));
#3670 = VECTOR('',#3671,1.);
#3671 = DIRECTION('',(0.,0.,-1.));
#3672 = ORIENTED_EDGE('',*,*,#1666,.T.);
#3673 = PLANE('',#3674);
#3674 = AXIS2_PLACEMENT_3D('',#3675,#3676,#3677);
#3675 = CARTESIAN_POINT('',(85.,-115.,4.));
#3676 = DIRECTION('',(1.,0.,0.));
#3677 = DIRECTION('',(0.,0.,1.));
#3678 = ADVANCED_FACE('',(#3679),#3690,.T.);
#3679 = FACE_BOUND('',#3680,.T.);
#3680 = EDGE_LOOP('',(#3681,#3687,#3688,#3689));
#3681 = ORIENTED_EDGE('',*,*,#3682,.T.);
#3682 = EDGE_CURVE('',#1650,#1203,#3683,.T.);
#3683 = LINE('',#3684,#3685);
#3684 = CARTESIAN_POINT('',(73.769149363623,-77.53191051431,4.));
#3685 = VECTOR('',#3686,1.);
#3686 = DIRECTION('',(0.,0.,1.));
#3687 = ORIENTED_EDGE('',*,*,#1202,.T.);
#3688 = ORIENTED_EDGE('',*,*,#3667,.T.);
#3689 = ORIENTED_EDGE('',*,*,#1658,.F.);
#3690 = PLANE('',#3691);
#3691 = AXIS2_PLACEMENT_3D('',#3692,#3693,#3694);
#3692 = CARTESIAN_POINT('',(0.791453975198,-60.59065979914,4.));
#3693 = DIRECTION('',(0.226129707199,0.974097200243,0.));
#3694 = DIRECTION('',(0.,0.,1.));
#3695 = ADVANCED_FACE('',(#3696),#3704,.T.);
#3696 = FACE_BOUND('',#3697,.T.);
#3697 = EDGE_LOOP('',(#3698,#3699,#3700,#3701,#3702,#3703));
#3698 = ORIENTED_EDGE('',*,*,#1640,.T.);
#3699 = ORIENTED_EDGE('',*,*,#1722,.T.);
#3700 = ORIENTED_EDGE('',*,*,#1219,.F.);
#3701 = ORIENTED_EDGE('',*,*,#1210,.F.);
#3702 = ORIENTED_EDGE('',*,*,#3682,.F.);
#3703 = ORIENTED_EDGE('',*,*,#1649,.T.);
#3704 = CYLINDRICAL_SURFACE('',#3705,75.);
#3705 = AXIS2_PLACEMENT_3D('',#3706,#3707,#3708);
#3706 = CARTESIAN_POINT('',(0.,-64.,4.));
#3707 = DIRECTION('',(0.,0.,1.));
#3708 = DIRECTION('',(1.,0.,0.));
#3709 = ADVANCED_FACE('',(#3710),#3751,.F.);
#3710 = FACE_BOUND('',#3711,.F.);
#3711 = EDGE_LOOP('',(#3712,#3722,#3730,#3738,#3744,#3745));
#3712 = ORIENTED_EDGE('',*,*,#3713,.F.);
#3713 = EDGE_CURVE('',#3714,#3716,#3718,.T.);
#3714 = VERTEX_POINT('',#3715);
#3715 = CARTESIAN_POINT('',(3.500000000001,-49.92875272053,4.));
#3716 = VERTEX_POINT('',#3717);
#3717 = CARTESIAN_POINT('',(3.499999999999,-24.1534192182,4.));
#3718 = LINE('',#3719,#3720);
#3719 = CARTESIAN_POINT('',(3.5,-64.,4.));
#3720 = VECTOR('',#3721,1.);
#3721 = DIRECTION('',(1.110223024625E-16,1.,0.));
#3722 = ORIENTED_EDGE('',*,*,#3723,.T.);
#3723 = EDGE_CURVE('',#3714,#3724,#3726,.T.);
#3724 = VERTEX_POINT('',#3725);
#3725 = CARTESIAN_POINT('',(3.5,-49.92875272053,14.));
#3726 = LINE('',#3727,#3728);
#3727 = CARTESIAN_POINT('',(3.5,-49.92875272053,4.));
#3728 = VECTOR('',#3729,1.);
#3729 = DIRECTION('',(0.,0.,1.));
#3730 = ORIENTED_EDGE('',*,*,#3731,.T.);
#3731 = EDGE_CURVE('',#3724,#3732,#3734,.T.);
#3732 = VERTEX_POINT('',#3733);
#3733 = CARTESIAN_POINT('',(3.5,-49.41404785418,14.));
#3734 = LINE('',#3735,#3736);
#3735 = CARTESIAN_POINT('',(3.5,-64.,14.));
#3736 = VECTOR('',#3737,1.);
#3737 = DIRECTION('',(1.110223024625E-16,1.,0.));
#3738 = ORIENTED_EDGE('',*,*,#3739,.F.);
#3739 = EDGE_CURVE('',#1296,#3732,#3740,.T.);
#3740 = LINE('',#3741,#3742);
#3741 = CARTESIAN_POINT('',(3.5,-49.41404785418,9.));
#3742 = VECTOR('',#3743,1.);
#3743 = DIRECTION('',(0.,0.,1.));
#3744 = ORIENTED_EDGE('',*,*,#1295,.T.);
#3745 = ORIENTED_EDGE('',*,*,#3746,.F.);
#3746 = EDGE_CURVE('',#3716,#1298,#3747,.T.);
#3747 = LINE('',#3748,#3749);
#3748 = CARTESIAN_POINT('',(3.5,-24.1534192182,3.5));
#3749 = VECTOR('',#3750,1.);
#3750 = DIRECTION('',(0.,0.,1.));
#3751 = PLANE('',#3752);
#3752 = AXIS2_PLACEMENT_3D('',#3753,#3754,#3755);
#3753 = CARTESIAN_POINT('',(3.5,-64.,4.));
#3754 = DIRECTION('',(-1.,1.110223024625E-16,0.));
#3755 = DIRECTION('',(0.,0.,1.));
#3756 = ADVANCED_FACE('',(#3757),#3776,.F.);
#3757 = FACE_BOUND('',#3758,.F.);
#3758 = EDGE_LOOP('',(#3759,#3760,#3768,#3775));
#3759 = ORIENTED_EDGE('',*,*,#1305,.F.);
#3760 = ORIENTED_EDGE('',*,*,#3761,.F.);
#3761 = EDGE_CURVE('',#3762,#1306,#3764,.T.);
#3762 = VERTEX_POINT('',#3763);
#3763 = CARTESIAN_POINT('',(20.606054769912,-29.71603134379,4.));
#3764 = LINE('',#3765,#3766);
#3765 = CARTESIAN_POINT('',(20.606054769912,-29.71603134379,3.5));
#3766 = VECTOR('',#3767,1.);
#3767 = DIRECTION('',(0.,0.,1.));
#3768 = ORIENTED_EDGE('',*,*,#3769,.T.);
#3769 = EDGE_CURVE('',#3762,#3716,#3770,.T.);
#3770 = CIRCLE('',#3771,40.);
#3771 = AXIS2_PLACEMENT_3D('',#3772,#3773,#3774);
#3772 = CARTESIAN_POINT('',(0.,-64.,4.));
#3773 = DIRECTION('',(0.,0.,1.));
#3774 = DIRECTION('',(1.,0.,0.));
#3775 = ORIENTED_EDGE('',*,*,#3746,.T.);
#3776 = CYLINDRICAL_SURFACE('',#3777,40.);
#3777 = AXIS2_PLACEMENT_3D('',#3778,#3779,#3780);
#3778 = CARTESIAN_POINT('',(0.,-64.,3.5));
#3779 = DIRECTION('',(0.,0.,1.));
#3780 = DIRECTION('',(1.,0.,0.));
#3781 = ADVANCED_FACE('',(#3782),#3816,.T.);
#3782 = FACE_BOUND('',#3783,.T.);
#3783 = EDGE_LOOP('',(#3784,#3792,#3800,#3808,#3814,#3815));
#3784 = ORIENTED_EDGE('',*,*,#3785,.F.);
#3785 = EDGE_CURVE('',#3786,#3762,#3788,.T.);
#3786 = VERTEX_POINT('',#3787);
#3787 = CARTESIAN_POINT('',(5.44573310571,-50.56147363207,4.));
#3788 = LINE('',#3789,#3790);
#3789 = CARTESIAN_POINT('',(-2.830576295061,-61.94139905813,4.));
#3790 = VECTOR('',#3791,1.);
#3791 = DIRECTION('',(0.588171697675,0.808736084303,0.));
#3792 = ORIENTED_EDGE('',*,*,#3793,.T.);
#3793 = EDGE_CURVE('',#3786,#3794,#3796,.T.);
#3794 = VERTEX_POINT('',#3795);
#3795 = CARTESIAN_POINT('',(5.44573310571,-50.56147363207,14.));
#3796 = LINE('',#3797,#3798);
#3797 = CARTESIAN_POINT('',(5.44573310571,-50.56147363207,4.));
#3798 = VECTOR('',#3799,1.);
#3799 = DIRECTION('',(0.,0.,1.));
#3800 = ORIENTED_EDGE('',*,*,#3801,.T.);
#3801 = EDGE_CURVE('',#3794,#3802,#3804,.T.);
#3802 = VERTEX_POINT('',#3803);
#3803 = CARTESIAN_POINT('',(5.748467940747,-50.14521323389,14.));
#3804 = LINE('',#3805,#3806);
#3805 = CARTESIAN_POINT('',(-2.830576295061,-61.94139905813,14.));
#3806 = VECTOR('',#3807,1.);
#3807 = DIRECTION('',(0.588171697675,0.808736084303,0.));
#3808 = ORIENTED_EDGE('',*,*,#3809,.F.);
#3809 = EDGE_CURVE('',#1315,#3802,#3810,.T.);
#3810 = LINE('',#3811,#3812);
#3811 = CARTESIAN_POINT('',(5.748467940747,-50.14521323389,9.));
#3812 = VECTOR('',#3813,1.);
#3813 = DIRECTION('',(0.,0.,1.));
#3814 = ORIENTED_EDGE('',*,*,#1314,.T.);
#3815 = ORIENTED_EDGE('',*,*,#3761,.F.);
#3816 = PLANE('',#3817);
#3817 = AXIS2_PLACEMENT_3D('',#3818,#3819,#3820);
#3818 = CARTESIAN_POINT('',(-2.830576295061,-61.94139905813,4.));
#3819 = DIRECTION('',(-0.808736084303,0.588171697675,0.));
#3820 = DIRECTION('',(0.,0.,1.));
#3821 = ADVANCED_FACE('',(#3822),#3841,.T.);
#3822 = FACE_BOUND('',#3823,.T.);
#3823 = EDGE_LOOP('',(#3824,#3832,#3833,#3834));
#3824 = ORIENTED_EDGE('',*,*,#3825,.F.);
#3825 = EDGE_CURVE('',#1323,#3826,#3828,.T.);
#3826 = VERTEX_POINT('',#3827);
#3827 = CARTESIAN_POINT('',(11.409620530872,-54.26241511762,14.));
#3828 = LINE('',#3829,#3830);
#3829 = CARTESIAN_POINT('',(11.409620530872,-54.26241511762,9.));
#3830 = VECTOR('',#3831,1.);
#3831 = DIRECTION('',(0.,0.,1.));
#3832 = ORIENTED_EDGE('',*,*,#1322,.T.);
#3833 = ORIENTED_EDGE('',*,*,#3809,.T.);
#3834 = ORIENTED_EDGE('',*,*,#3835,.F.);
#3835 = EDGE_CURVE('',#3826,#3802,#3836,.T.);
#3836 = CIRCLE('',#3837,15.);
#3837 = AXIS2_PLACEMENT_3D('',#3838,#3839,#3840);
#3838 = CARTESIAN_POINT('',(0.,-64.,14.));
#3839 = DIRECTION('',(0.,0.,1.));
#3840 = DIRECTION('',(1.,0.,0.));
#3841 = CYLINDRICAL_SURFACE('',#3842,15.);
#3842 = AXIS2_PLACEMENT_3D('',#3843,#3844,#3845);
#3843 = CARTESIAN_POINT('',(0.,-64.,9.));
#3844 = DIRECTION('',(0.,0.,1.));
#3845 = DIRECTION('',(1.,0.,0.));
#3846 = ADVANCED_FACE('',(#3847),#3881,.F.);
#3847 = FACE_BOUND('',#3848,.F.);
#3848 = EDGE_LOOP('',(#3849,#3859,#3867,#3873,#3874,#3875));
#3849 = ORIENTED_EDGE('',*,*,#3850,.F.);
#3850 = EDGE_CURVE('',#3851,#3853,#3855,.T.);
#3851 = VERTEX_POINT('',#3852);
#3852 = CARTESIAN_POINT('',(11.106885695832,-54.6786755158,4.));
#3853 = VERTEX_POINT('',#3854);
#3854 = CARTESIAN_POINT('',(26.267207360035,-33.83323322752,4.));
#3855 = LINE('',#3856,#3857);
#3856 = CARTESIAN_POINT('',(2.830576295061,-66.05860094186,4.));
#3857 = VECTOR('',#3858,1.);
#3858 = DIRECTION('',(0.588171697675,0.808736084303,0.));
#3859 = ORIENTED_EDGE('',*,*,#3860,.T.);
#3860 = EDGE_CURVE('',#3851,#3861,#3863,.T.);
#3861 = VERTEX_POINT('',#3862);
#3862 = CARTESIAN_POINT('',(11.106885695833,-54.6786755158,14.));
#3863 = LINE('',#3864,#3865);
#3864 = CARTESIAN_POINT('',(11.106885695833,-54.6786755158,4.));
#3865 = VECTOR('',#3866,1.);
#3866 = DIRECTION('',(0.,0.,1.));
#3867 = ORIENTED_EDGE('',*,*,#3868,.T.);
#3868 = EDGE_CURVE('',#3861,#3826,#3869,.T.);
#3869 = LINE('',#3870,#3871);
#3870 = CARTESIAN_POINT('',(2.830576295061,-66.05860094186,14.));
#3871 = VECTOR('',#3872,1.);
#3872 = DIRECTION('',(0.588171697675,0.808736084303,0.));
#3873 = ORIENTED_EDGE('',*,*,#3825,.F.);
#3874 = ORIENTED_EDGE('',*,*,#1331,.T.);
#3875 = ORIENTED_EDGE('',*,*,#3876,.F.);
#3876 = EDGE_CURVE('',#3853,#1332,#3877,.T.);
#3877 = LINE('',#3878,#3879);
#3878 = CARTESIAN_POINT('',(26.267207360035,-33.83323322752,3.5));
#3879 = VECTOR('',#3880,1.);
#3880 = DIRECTION('',(0.,0.,1.));
#3881 = PLANE('',#3882);
#3882 = AXIS2_PLACEMENT_3D('',#3883,#3884,#3885);
#3883 = CARTESIAN_POINT('',(2.830576295061,-66.05860094186,4.));
#3884 = DIRECTION('',(-0.808736084303,0.588171697675,0.));
#3885 = DIRECTION('',(0.,0.,1.));
#3886 = ADVANCED_FACE('',(#3887),#3916,.F.);
#3887 = FACE_BOUND('',#3888,.F.);
#3888 = EDGE_LOOP('',(#3889,#3890,#3891,#3892,#3900,#3909));
#3889 = ORIENTED_EDGE('',*,*,#3876,.T.);
#3890 = ORIENTED_EDGE('',*,*,#1339,.F.);
#3891 = ORIENTED_EDGE('',*,*,#1348,.F.);
#3892 = ORIENTED_EDGE('',*,*,#3893,.F.);
#3893 = EDGE_CURVE('',#3894,#1349,#3896,.T.);
#3894 = VERTEX_POINT('',#3895);
#3895 = CARTESIAN_POINT('',(39.605896754013,-69.60115544422,4.));
#3896 = LINE('',#3897,#3898);
#3897 = CARTESIAN_POINT('',(39.605896754013,-69.60115544423,3.5));
#3898 = VECTOR('',#3899,1.);
#3899 = DIRECTION('',(0.,0.,1.));
#3900 = ORIENTED_EDGE('',*,*,#3901,.T.);
#3901 = EDGE_CURVE('',#3894,#3902,#3904,.T.);
#3902 = VERTEX_POINT('',#3903);
#3903 = CARTESIAN_POINT('',(40.,-64.,4.));
#3904 = CIRCLE('',#3905,40.);
#3905 = AXIS2_PLACEMENT_3D('',#3906,#3907,#3908);
#3906 = CARTESIAN_POINT('',(0.,-64.,4.));
#3907 = DIRECTION('',(0.,0.,1.));
#3908 = DIRECTION('',(1.,0.,0.));
#3909 = ORIENTED_EDGE('',*,*,#3910,.T.);
#3910 = EDGE_CURVE('',#3902,#3853,#3911,.T.);
#3911 = CIRCLE('',#3912,40.);
#3912 = AXIS2_PLACEMENT_3D('',#3913,#3914,#3915);
#3913 = CARTESIAN_POINT('',(0.,-64.,4.));
#3914 = DIRECTION('',(0.,0.,1.));
#3915 = DIRECTION('',(1.,0.,0.));
#3916 = CYLINDRICAL_SURFACE('',#3917,40.);
#3917 = AXIS2_PLACEMENT_3D('',#3918,#3919,#3920);
#3918 = CARTESIAN_POINT('',(0.,-64.,3.5));
#3919 = DIRECTION('',(0.,0.,1.));
#3920 = DIRECTION('',(1.,0.,0.));
#3921 = ADVANCED_FACE('',(#3922),#3956,.T.);
#3922 = FACE_BOUND('',#3923,.T.);
#3923 = EDGE_LOOP('',(#3924,#3932,#3940,#3948,#3954,#3955));
#3924 = ORIENTED_EDGE('',*,*,#3925,.F.);
#3925 = EDGE_CURVE('',#3926,#3894,#3928,.T.);
#3926 = VERTEX_POINT('',#3927);
#3927 = CARTESIAN_POINT('',(14.498216554062,-63.77258682638,4.));
#3928 = LINE('',#3929,#3930);
#3929 = CARTESIAN_POINT('',(0.791453975198,-60.59065979914,4.));
#3930 = VECTOR('',#3931,1.);
#3931 = DIRECTION('',(0.974097200243,-0.226129707199,0.));
#3932 = ORIENTED_EDGE('',*,*,#3933,.T.);
#3933 = EDGE_CURVE('',#3926,#3934,#3936,.T.);
#3934 = VERTEX_POINT('',#3935);
#3935 = CARTESIAN_POINT('',(14.498216554062,-63.77258682638,14.));
#3936 = LINE('',#3937,#3938);
#3937 = CARTESIAN_POINT('',(14.498216554062,-63.77258682638,4.));
#3938 = VECTOR('',#3939,1.);
#3939 = DIRECTION('',(0.,0.,1.));
#3940 = ORIENTED_EDGE('',*,*,#3941,.T.);
#3941 = EDGE_CURVE('',#3934,#3942,#3944,.T.);
#3942 = VERTEX_POINT('',#3943);
#3943 = CARTESIAN_POINT('',(14.999589123319,-63.88897688709,14.));
#3944 = LINE('',#3945,#3946);
#3945 = CARTESIAN_POINT('',(0.791453975198,-60.59065979914,14.));
#3946 = VECTOR('',#3947,1.);
#3947 = DIRECTION('',(0.974097200243,-0.226129707199,0.));
#3948 = ORIENTED_EDGE('',*,*,#3949,.F.);
#3949 = EDGE_CURVE('',#1358,#3942,#3950,.T.);
#3950 = LINE('',#3951,#3952);
#3951 = CARTESIAN_POINT('',(14.999589123319,-63.88897688709,9.));
#3952 = VECTOR('',#3953,1.);
#3953 = DIRECTION('',(0.,0.,1.));
#3954 = ORIENTED_EDGE('',*,*,#1357,.T.);
#3955 = ORIENTED_EDGE('',*,*,#3893,.F.);
#3956 = PLANE('',#3957);
#3957 = AXIS2_PLACEMENT_3D('',#3958,#3959,#3960);
#3958 = CARTESIAN_POINT('',(0.791453975198,-60.59065979914,4.));
#3959 = DIRECTION('',(0.226129707199,0.974097200243,0.));
#3960 = DIRECTION('',(0.,0.,1.));
#3961 = ADVANCED_FACE('',(#3962),#3991,.T.);
#3962 = FACE_BOUND('',#3963,.T.);
#3963 = EDGE_LOOP('',(#3964,#3965,#3966,#3975,#3984,#3990));
#3964 = ORIENTED_EDGE('',*,*,#1365,.T.);
#3965 = ORIENTED_EDGE('',*,*,#3949,.T.);
#3966 = ORIENTED_EDGE('',*,*,#3967,.F.);
#3967 = EDGE_CURVE('',#3968,#3942,#3970,.T.);
#3968 = VERTEX_POINT('',#3969);
#3969 = CARTESIAN_POINT('',(15.,-64.,14.));
#3970 = CIRCLE('',#3971,15.);
#3971 = AXIS2_PLACEMENT_3D('',#3972,#3973,#3974);
#3972 = CARTESIAN_POINT('',(0.,-64.,14.));
#3973 = DIRECTION('',(0.,0.,1.));
#3974 = DIRECTION('',(1.,0.,0.));
#3975 = ORIENTED_EDGE('',*,*,#3976,.F.);
#3976 = EDGE_CURVE('',#3977,#3968,#3979,.T.);
#3977 = VERTEX_POINT('',#3978);
#3978 = CARTESIAN_POINT('',(13.416681172926,-70.7076572888,14.));
#3979 = CIRCLE('',#3980,15.);
#3980 = AXIS2_PLACEMENT_3D('',#3981,#3982,#3983);
#3981 = CARTESIAN_POINT('',(0.,-64.,14.));
#3982 = DIRECTION('',(0.,0.,1.));
#3983 = DIRECTION('',(1.,0.,0.));
#3984 = ORIENTED_EDGE('',*,*,#3985,.F.);
#3985 = EDGE_CURVE('',#1375,#3977,#3986,.T.);
#3986 = LINE('',#3987,#3988);
#3987 = CARTESIAN_POINT('',(13.416681172926,-70.7076572888,9.));
#3988 = VECTOR('',#3989,1.);
#3989 = DIRECTION('',(0.,0.,1.));
#3990 = ORIENTED_EDGE('',*,*,#1374,.T.);
#3991 = CYLINDRICAL_SURFACE('',#3992,15.);
#3992 = AXIS2_PLACEMENT_3D('',#3993,#3994,#3995);
#3993 = CARTESIAN_POINT('',(0.,-64.,9.));
#3994 = DIRECTION('',(0.,0.,1.));
#3995 = DIRECTION('',(1.,0.,0.));
#3996 = ADVANCED_FACE('',(#3997),#4031,.F.);
#3997 = FACE_BOUND('',#3998,.F.);
#3998 = EDGE_LOOP('',(#3999,#4009,#4017,#4023,#4024,#4025));
#3999 = ORIENTED_EDGE('',*,*,#4000,.F.);
#4000 = EDGE_CURVE('',#4001,#4003,#4005,.T.);
#4001 = VERTEX_POINT('',#4002);
#4002 = CARTESIAN_POINT('',(12.915308603666,-70.59126722808,4.));
#4003 = VERTEX_POINT('',#4004);
#4004 = CARTESIAN_POINT('',(38.022988803618,-76.41983584593,4.));
#4005 = LINE('',#4006,#4007);
#4006 = CARTESIAN_POINT('',(-0.791453975198,-67.40934020085,4.));
#4007 = VECTOR('',#4008,1.);
#4008 = DIRECTION('',(0.974097200243,-0.226129707199,0.));
#4009 = ORIENTED_EDGE('',*,*,#4010,.T.);
#4010 = EDGE_CURVE('',#4001,#4011,#4013,.T.);
#4011 = VERTEX_POINT('',#4012);
#4012 = CARTESIAN_POINT('',(12.915308603666,-70.59126722808,14.));
#4013 = LINE('',#4014,#4015);
#4014 = CARTESIAN_POINT('',(12.915308603666,-70.59126722808,4.));
#4015 = VECTOR('',#4016,1.);
#4016 = DIRECTION('',(0.,0.,1.));
#4017 = ORIENTED_EDGE('',*,*,#4018,.T.);
#4018 = EDGE_CURVE('',#4011,#3977,#4019,.T.);
#4019 = LINE('',#4020,#4021);
#4020 = CARTESIAN_POINT('',(-0.791453975198,-67.40934020085,14.));
#4021 = VECTOR('',#4022,1.);
#4022 = DIRECTION('',(0.974097200243,-0.226129707199,0.));
#4023 = ORIENTED_EDGE('',*,*,#3985,.F.);
#4024 = ORIENTED_EDGE('',*,*,#1383,.T.);
#4025 = ORIENTED_EDGE('',*,*,#4026,.F.);
#4026 = EDGE_CURVE('',#4003,#1384,#4027,.T.);
#4027 = LINE('',#4028,#4029);
#4028 = CARTESIAN_POINT('',(38.022988803618,-76.41983584593,3.5));
#4029 = VECTOR('',#4030,1.);
#4030 = DIRECTION('',(0.,0.,1.));
#4031 = PLANE('',#4032);
#4032 = AXIS2_PLACEMENT_3D('',#4033,#4034,#4035);
#4033 = CARTESIAN_POINT('',(-0.791453975198,-67.40934020085,4.));
#4034 = DIRECTION('',(0.226129707199,0.974097200243,0.));
#4035 = DIRECTION('',(0.,0.,1.));
#4036 = ADVANCED_FACE('',(#4037),#4056,.F.);
#4037 = FACE_BOUND('',#4038,.F.);
#4038 = EDGE_LOOP('',(#4039,#4048,#4049,#4050));
#4039 = ORIENTED_EDGE('',*,*,#4040,.T.);
#4040 = EDGE_CURVE('',#4041,#4003,#4043,.T.);
#4041 = VERTEX_POINT('',#4042);
#4042 = CARTESIAN_POINT('',(3.5,-103.8465807817,4.));
#4043 = CIRCLE('',#4044,40.);
#4044 = AXIS2_PLACEMENT_3D('',#4045,#4046,#4047);
#4045 = CARTESIAN_POINT('',(0.,-64.,4.));
#4046 = DIRECTION('',(0.,0.,1.));
#4047 = DIRECTION('',(1.,0.,0.));
#4048 = ORIENTED_EDGE('',*,*,#4026,.T.);
#4049 = ORIENTED_EDGE('',*,*,#1391,.F.);
#4050 = ORIENTED_EDGE('',*,*,#4051,.F.);
#4051 = EDGE_CURVE('',#4041,#1392,#4052,.T.);
#4052 = LINE('',#4053,#4054);
#4053 = CARTESIAN_POINT('',(3.5,-103.8465807817,3.5));
#4054 = VECTOR('',#4055,1.);
#4055 = DIRECTION('',(0.,0.,1.));
#4056 = CYLINDRICAL_SURFACE('',#4057,40.);
#4057 = AXIS2_PLACEMENT_3D('',#4058,#4059,#4060);
#4058 = CARTESIAN_POINT('',(0.,-64.,3.5));
#4059 = DIRECTION('',(0.,0.,1.));
#4060 = DIRECTION('',(1.,0.,0.));
#4061 = ADVANCED_FACE('',(#4062),#4096,.T.);
#4062 = FACE_BOUND('',#4063,.T.);
#4063 = EDGE_LOOP('',(#4064,#4072,#4080,#4088,#4094,#4095));
#4064 = ORIENTED_EDGE('',*,*,#4065,.F.);
#4065 = EDGE_CURVE('',#4066,#4041,#4068,.T.);
#4066 = VERTEX_POINT('',#4067);
#4067 = CARTESIAN_POINT('',(3.5,-78.07124727947,4.));
#4068 = LINE('',#4069,#4070);
#4069 = CARTESIAN_POINT('',(3.5,-64.,4.));
#4070 = VECTOR('',#4071,1.);
#4071 = DIRECTION('',(1.110223024625E-16,-1.,0.));
#4072 = ORIENTED_EDGE('',*,*,#4073,.T.);
#4073 = EDGE_CURVE('',#4066,#4074,#4076,.T.);
#4074 = VERTEX_POINT('',#4075);
#4075 = CARTESIAN_POINT('',(3.5,-78.07124727947,14.));
#4076 = LINE('',#4077,#4078);
#4077 = CARTESIAN_POINT('',(3.5,-78.07124727947,4.));
#4078 = VECTOR('',#4079,1.);
#4079 = DIRECTION('',(0.,0.,1.));
#4080 = ORIENTED_EDGE('',*,*,#4081,.T.);
#4081 = EDGE_CURVE('',#4074,#4082,#4084,.T.);
#4082 = VERTEX_POINT('',#4083);
#4083 = CARTESIAN_POINT('',(3.5,-78.58595214581,14.));
#4084 = LINE('',#4085,#4086);
#4085 = CARTESIAN_POINT('',(3.5,-64.,14.));
#4086 = VECTOR('',#4087,1.);
#4087 = DIRECTION('',(1.110223024625E-16,-1.,0.));
#4088 = ORIENTED_EDGE('',*,*,#4089,.F.);
#4089 = EDGE_CURVE('',#1401,#4082,#4090,.T.);
#4090 = LINE('',#4091,#4092);
#4091 = CARTESIAN_POINT('',(3.5,-78.58595214581,9.));
#4092 = VECTOR('',#4093,1.);
#4093 = DIRECTION('',(0.,0.,1.));
#4094 = ORIENTED_EDGE('',*,*,#1400,.T.);
#4095 = ORIENTED_EDGE('',*,*,#4051,.F.);
#4096 = PLANE('',#4097);
#4097 = AXIS2_PLACEMENT_3D('',#4098,#4099,#4100);
#4098 = CARTESIAN_POINT('',(3.5,-64.,4.));
#4099 = DIRECTION('',(1.,1.110223024625E-16,0.));
#4100 = DIRECTION('',(0.,0.,1.));
#4101 = ADVANCED_FACE('',(#4102),#4121,.T.);
#4102 = FACE_BOUND('',#4103,.T.);
#4103 = EDGE_LOOP('',(#4104,#4105,#4106,#4115));
#4104 = ORIENTED_EDGE('',*,*,#1408,.T.);
#4105 = ORIENTED_EDGE('',*,*,#4089,.T.);
#4106 = ORIENTED_EDGE('',*,*,#4107,.F.);
#4107 = EDGE_CURVE('',#4108,#4082,#4110,.T.);
#4108 = VERTEX_POINT('',#4109);
#4109 = CARTESIAN_POINT('',(-3.5,-78.58595214581,14.));
#4110 = CIRCLE('',#4111,15.);
#4111 = AXIS2_PLACEMENT_3D('',#4112,#4113,#4114);
#4112 = CARTESIAN_POINT('',(0.,-64.,14.));
#4113 = DIRECTION('',(0.,0.,1.));
#4114 = DIRECTION('',(1.,0.,0.));
#4115 = ORIENTED_EDGE('',*,*,#4116,.F.);
#4116 = EDGE_CURVE('',#1409,#4108,#4117,.T.);
#4117 = LINE('',#4118,#4119);
#4118 = CARTESIAN_POINT('',(-3.5,-78.58595214581,9.));
#4119 = VECTOR('',#4120,1.);
#4120 = DIRECTION('',(0.,0.,1.));
#4121 = CYLINDRICAL_SURFACE('',#4122,15.);
#4122 = AXIS2_PLACEMENT_3D('',#4123,#4124,#4125);
#4123 = CARTESIAN_POINT('',(0.,-64.,9.));
#4124 = DIRECTION('',(0.,0.,1.));
#4125 = DIRECTION('',(1.,0.,0.));
#4126 = ADVANCED_FACE('',(#4127),#4161,.F.);
#4127 = FACE_BOUND('',#4128,.F.);
#4128 = EDGE_LOOP('',(#4129,#4139,#4147,#4153,#4154,#4155));
#4129 = ORIENTED_EDGE('',*,*,#4130,.F.);
#4130 = EDGE_CURVE('',#4131,#4133,#4135,.T.);
#4131 = VERTEX_POINT('',#4132);
#4132 = CARTESIAN_POINT('',(-3.5,-78.07124727947,4.));
#4133 = VERTEX_POINT('',#4134);
#4134 = CARTESIAN_POINT('',(-3.500000000001,-103.8465807817,4.));
#4135 = LINE('',#4136,#4137);
#4136 = CARTESIAN_POINT('',(-3.5,-64.,4.));
#4137 = VECTOR('',#4138,1.);
#4138 = DIRECTION('',(1.110223024625E-16,-1.,0.));
#4139 = ORIENTED_EDGE('',*,*,#4140,.T.);
#4140 = EDGE_CURVE('',#4131,#4141,#4143,.T.);
#4141 = VERTEX_POINT('',#4142);
#4142 = CARTESIAN_POINT('',(-3.5,-78.07124727947,14.));
#4143 = LINE('',#4144,#4145);
#4144 = CARTESIAN_POINT('',(-3.5,-78.07124727947,4.));
#4145 = VECTOR('',#4146,1.);
#4146 = DIRECTION('',(0.,0.,1.));
#4147 = ORIENTED_EDGE('',*,*,#4148,.T.);
#4148 = EDGE_CURVE('',#4141,#4108,#4149,.T.);
#4149 = LINE('',#4150,#4151);
#4150 = CARTESIAN_POINT('',(-3.5,-64.,14.));
#4151 = VECTOR('',#4152,1.);
#4152 = DIRECTION('',(1.110223024625E-16,-1.,0.));
#4153 = ORIENTED_EDGE('',*,*,#4116,.F.);
#4154 = ORIENTED_EDGE('',*,*,#1417,.T.);
#4155 = ORIENTED_EDGE('',*,*,#4156,.F.);
#4156 = EDGE_CURVE('',#4133,#1418,#4157,.T.);
#4157 = LINE('',#4158,#4159);
#4158 = CARTESIAN_POINT('',(-3.5,-103.8465807817,3.5));
#4159 = VECTOR('',#4160,1.);
#4160 = DIRECTION('',(0.,0.,1.));
#4161 = PLANE('',#4162);
#4162 = AXIS2_PLACEMENT_3D('',#4163,#4164,#4165);
#4163 = CARTESIAN_POINT('',(-3.5,-64.,4.));
#4164 = DIRECTION('',(1.,1.110223024625E-16,0.));
#4165 = DIRECTION('',(0.,0.,1.));
#4166 = ADVANCED_FACE('',(#4167),#4186,.F.);
#4167 = FACE_BOUND('',#4168,.F.);
#4168 = EDGE_LOOP('',(#4169,#4170,#4178,#4185));
#4169 = ORIENTED_EDGE('',*,*,#1425,.F.);
#4170 = ORIENTED_EDGE('',*,*,#4171,.F.);
#4171 = EDGE_CURVE('',#4172,#1426,#4174,.T.);
#4172 = VERTEX_POINT('',#4173);
#4173 = CARTESIAN_POINT('',(-38.02298880361,-76.41983584593,4.));
#4174 = LINE('',#4175,#4176);
#4175 = CARTESIAN_POINT('',(-38.02298880361,-76.41983584593,3.5));
#4176 = VECTOR('',#4177,1.);
#4177 = DIRECTION('',(0.,0.,1.));
#4178 = ORIENTED_EDGE('',*,*,#4179,.T.);
#4179 = EDGE_CURVE('',#4172,#4133,#4180,.T.);
#4180 = CIRCLE('',#4181,40.);
#4181 = AXIS2_PLACEMENT_3D('',#4182,#4183,#4184);
#4182 = CARTESIAN_POINT('',(0.,-64.,4.));
#4183 = DIRECTION('',(0.,0.,1.));
#4184 = DIRECTION('',(1.,0.,0.));
#4185 = ORIENTED_EDGE('',*,*,#4156,.T.);
#4186 = CYLINDRICAL_SURFACE('',#4187,40.);
#4187 = AXIS2_PLACEMENT_3D('',#4188,#4189,#4190);
#4188 = CARTESIAN_POINT('',(0.,-64.,3.5));
#4189 = DIRECTION('',(0.,0.,1.));
#4190 = DIRECTION('',(1.,0.,0.));
#4191 = ADVANCED_FACE('',(#4192),#4226,.T.);
#4192 = FACE_BOUND('',#4193,.T.);
#4193 = EDGE_LOOP('',(#4194,#4202,#4210,#4218,#4224,#4225));
#4194 = ORIENTED_EDGE('',*,*,#4195,.F.);
#4195 = EDGE_CURVE('',#4196,#4172,#4198,.T.);
#4196 = VERTEX_POINT('',#4197);
#4197 = CARTESIAN_POINT('',(-12.91530860366,-70.59126722808,4.));
#4198 = LINE('',#4199,#4200);
#4199 = CARTESIAN_POINT('',(0.791453975198,-67.40934020085,4.));
#4200 = VECTOR('',#4201,1.);
#4201 = DIRECTION('',(-0.974097200243,-0.226129707199,0.));
#4202 = ORIENTED_EDGE('',*,*,#4203,.T.);
#4203 = EDGE_CURVE('',#4196,#4204,#4206,.T.);
#4204 = VERTEX_POINT('',#4205);
#4205 = CARTESIAN_POINT('',(-12.91530860366,-70.59126722808,14.));
#4206 = LINE('',#4207,#4208);
#4207 = CARTESIAN_POINT('',(-12.91530860366,-70.59126722808,4.));
#4208 = VECTOR('',#4209,1.);
#4209 = DIRECTION('',(0.,0.,1.));
#4210 = ORIENTED_EDGE('',*,*,#4211,.T.);
#4211 = EDGE_CURVE('',#4204,#4212,#4214,.T.);
#4212 = VERTEX_POINT('',#4213);
#4213 = CARTESIAN_POINT('',(-13.41668117292,-70.7076572888,14.));
#4214 = LINE('',#4215,#4216);
#4215 = CARTESIAN_POINT('',(0.791453975198,-67.40934020085,14.));
#4216 = VECTOR('',#4217,1.);
#4217 = DIRECTION('',(-0.974097200243,-0.226129707199,0.));
#4218 = ORIENTED_EDGE('',*,*,#4219,.F.);
#4219 = EDGE_CURVE('',#1435,#4212,#4220,.T.);
#4220 = LINE('',#4221,#4222);
#4221 = CARTESIAN_POINT('',(-13.41668117292,-70.7076572888,9.));
#4222 = VECTOR('',#4223,1.);
#4223 = DIRECTION('',(0.,0.,1.));
#4224 = ORIENTED_EDGE('',*,*,#1434,.T.);
#4225 = ORIENTED_EDGE('',*,*,#4171,.F.);
#4226 = PLANE('',#4227);
#4227 = AXIS2_PLACEMENT_3D('',#4228,#4229,#4230);
#4228 = CARTESIAN_POINT('',(0.791453975198,-67.40934020085,4.));
#4229 = DIRECTION('',(0.226129707199,-0.974097200243,0.));
#4230 = DIRECTION('',(0.,0.,1.));
#4231 = ADVANCED_FACE('',(#4232),#4251,.T.);
#4232 = FACE_BOUND('',#4233,.T.);
#4233 = EDGE_LOOP('',(#4234,#4235,#4236,#4245));
#4234 = ORIENTED_EDGE('',*,*,#1442,.T.);
#4235 = ORIENTED_EDGE('',*,*,#4219,.T.);
#4236 = ORIENTED_EDGE('',*,*,#4237,.F.);
#4237 = EDGE_CURVE('',#4238,#4212,#4240,.T.);
#4238 = VERTEX_POINT('',#4239);
#4239 = CARTESIAN_POINT('',(-14.99958912331,-63.88897688709,14.));
#4240 = CIRCLE('',#4241,15.);
#4241 = AXIS2_PLACEMENT_3D('',#4242,#4243,#4244);
#4242 = CARTESIAN_POINT('',(0.,-64.,14.));
#4243 = DIRECTION('',(0.,0.,1.));
#4244 = DIRECTION('',(1.,0.,0.));
#4245 = ORIENTED_EDGE('',*,*,#4246,.F.);
#4246 = EDGE_CURVE('',#1443,#4238,#4247,.T.);
#4247 = LINE('',#4248,#4249);
#4248 = CARTESIAN_POINT('',(-14.99958912331,-63.88897688709,9.));
#4249 = VECTOR('',#4250,1.);
#4250 = DIRECTION('',(0.,0.,1.));
#4251 = CYLINDRICAL_SURFACE('',#4252,15.);
#4252 = AXIS2_PLACEMENT_3D('',#4253,#4254,#4255);
#4253 = CARTESIAN_POINT('',(0.,-64.,9.));
#4254 = DIRECTION('',(0.,0.,1.));
#4255 = DIRECTION('',(1.,0.,0.));
#4256 = ADVANCED_FACE('',(#4257),#4291,.F.);
#4257 = FACE_BOUND('',#4258,.F.);
#4258 = EDGE_LOOP('',(#4259,#4269,#4277,#4283,#4284,#4285));
#4259 = ORIENTED_EDGE('',*,*,#4260,.F.);
#4260 = EDGE_CURVE('',#4261,#4263,#4265,.T.);
#4261 = VERTEX_POINT('',#4262);
#4262 = CARTESIAN_POINT('',(-14.49821655406,-63.77258682638,4.));
#4263 = VERTEX_POINT('',#4264);
#4264 = CARTESIAN_POINT('',(-39.60589675401,-69.60115544422,4.));
#4265 = LINE('',#4266,#4267);
#4266 = CARTESIAN_POINT('',(-0.791453975198,-60.59065979914,4.));
#4267 = VECTOR('',#4268,1.);
#4268 = DIRECTION('',(-0.974097200243,-0.226129707199,0.));
#4269 = ORIENTED_EDGE('',*,*,#4270,.T.);
#4270 = EDGE_CURVE('',#4261,#4271,#4273,.T.);
#4271 = VERTEX_POINT('',#4272);
#4272 = CARTESIAN_POINT('',(-14.49821655406,-63.77258682638,14.));
#4273 = LINE('',#4274,#4275);
#4274 = CARTESIAN_POINT('',(-14.49821655406,-63.77258682638,4.));
#4275 = VECTOR('',#4276,1.);
#4276 = DIRECTION('',(0.,0.,1.));
#4277 = ORIENTED_EDGE('',*,*,#4278,.T.);
#4278 = EDGE_CURVE('',#4271,#4238,#4279,.T.);
#4279 = LINE('',#4280,#4281);
#4280 = CARTESIAN_POINT('',(-0.791453975198,-60.59065979914,14.));
#4281 = VECTOR('',#4282,1.);
#4282 = DIRECTION('',(-0.974097200243,-0.226129707199,0.));
#4283 = ORIENTED_EDGE('',*,*,#4246,.F.);
#4284 = ORIENTED_EDGE('',*,*,#1451,.T.);
#4285 = ORIENTED_EDGE('',*,*,#4286,.F.);
#4286 = EDGE_CURVE('',#4263,#1452,#4287,.T.);
#4287 = LINE('',#4288,#4289);
#4288 = CARTESIAN_POINT('',(-39.60589675401,-69.60115544423,3.5));
#4289 = VECTOR('',#4290,1.);
#4290 = DIRECTION('',(0.,0.,1.));
#4291 = PLANE('',#4292);
#4292 = AXIS2_PLACEMENT_3D('',#4293,#4294,#4295);
#4293 = CARTESIAN_POINT('',(-0.791453975198,-60.59065979914,4.));
#4294 = DIRECTION('',(0.226129707199,-0.974097200243,0.));
#4295 = DIRECTION('',(0.,0.,1.));
#4296 = ADVANCED_FACE('',(#4297),#4316,.F.);
#4297 = FACE_BOUND('',#4298,.F.);
#4298 = EDGE_LOOP('',(#4299,#4300,#4308,#4315));
#4299 = ORIENTED_EDGE('',*,*,#1459,.F.);
#4300 = ORIENTED_EDGE('',*,*,#4301,.F.);
#4301 = EDGE_CURVE('',#4302,#1460,#4304,.T.);
#4302 = VERTEX_POINT('',#4303);
#4303 = CARTESIAN_POINT('',(-26.26720736003,-33.83323322752,4.));
#4304 = LINE('',#4305,#4306);
#4305 = CARTESIAN_POINT('',(-26.26720736003,-33.83323322752,3.5));
#4306 = VECTOR('',#4307,1.);
#4307 = DIRECTION('',(0.,0.,1.));
#4308 = ORIENTED_EDGE('',*,*,#4309,.T.);
#4309 = EDGE_CURVE('',#4302,#4263,#4310,.T.);
#4310 = CIRCLE('',#4311,40.);
#4311 = AXIS2_PLACEMENT_3D('',#4312,#4313,#4314);
#4312 = CARTESIAN_POINT('',(0.,-64.,4.));
#4313 = DIRECTION('',(0.,0.,1.));
#4314 = DIRECTION('',(1.,0.,0.));
#4315 = ORIENTED_EDGE('',*,*,#4286,.T.);
#4316 = CYLINDRICAL_SURFACE('',#4317,40.);
#4317 = AXIS2_PLACEMENT_3D('',#4318,#4319,#4320);
#4318 = CARTESIAN_POINT('',(0.,-64.,3.5));
#4319 = DIRECTION('',(0.,0.,1.));
#4320 = DIRECTION('',(1.,0.,0.));
#4321 = ADVANCED_FACE('',(#4322),#4356,.T.);
#4322 = FACE_BOUND('',#4323,.T.);
#4323 = EDGE_LOOP('',(#4324,#4332,#4340,#4348,#4354,#4355));
#4324 = ORIENTED_EDGE('',*,*,#4325,.F.);
#4325 = EDGE_CURVE('',#4326,#4302,#4328,.T.);
#4326 = VERTEX_POINT('',#4327);
#4327 = CARTESIAN_POINT('',(-11.10688569583,-54.6786755158,4.));
#4328 = LINE('',#4329,#4330);
#4329 = CARTESIAN_POINT('',(-2.830576295061,-66.05860094186,4.));
#4330 = VECTOR('',#4331,1.);
#4331 = DIRECTION('',(-0.588171697675,0.808736084303,0.));
#4332 = ORIENTED_EDGE('',*,*,#4333,.T.);
#4333 = EDGE_CURVE('',#4326,#4334,#4336,.T.);
#4334 = VERTEX_POINT('',#4335);
#4335 = CARTESIAN_POINT('',(-11.10688569583,-54.6786755158,14.));
#4336 = LINE('',#4337,#4338);
#4337 = CARTESIAN_POINT('',(-11.10688569583,-54.6786755158,4.));
#4338 = VECTOR('',#4339,1.);
#4339 = DIRECTION('',(0.,0.,1.));
#4340 = ORIENTED_EDGE('',*,*,#4341,.T.);
#4341 = EDGE_CURVE('',#4334,#4342,#4344,.T.);
#4342 = VERTEX_POINT('',#4343);
#4343 = CARTESIAN_POINT('',(-11.40962053087,-54.26241511762,14.));
#4344 = LINE('',#4345,#4346);
#4345 = CARTESIAN_POINT('',(-2.830576295061,-66.05860094186,14.));
#4346 = VECTOR('',#4347,1.);
#4347 = DIRECTION('',(-0.588171697675,0.808736084303,0.));
#4348 = ORIENTED_EDGE('',*,*,#4349,.F.);
#4349 = EDGE_CURVE('',#1469,#4342,#4350,.T.);
#4350 = LINE('',#4351,#4352);
#4351 = CARTESIAN_POINT('',(-11.40962053087,-54.26241511762,9.));
#4352 = VECTOR('',#4353,1.);
#4353 = DIRECTION('',(0.,0.,1.));
#4354 = ORIENTED_EDGE('',*,*,#1468,.T.);
#4355 = ORIENTED_EDGE('',*,*,#4301,.F.);
#4356 = PLANE('',#4357);
#4357 = AXIS2_PLACEMENT_3D('',#4358,#4359,#4360);
#4358 = CARTESIAN_POINT('',(-2.830576295061,-66.05860094186,4.));
#4359 = DIRECTION('',(-0.808736084303,-0.588171697675,0.));
#4360 = DIRECTION('',(0.,0.,1.));
#4361 = ADVANCED_FACE('',(#4362),#4381,.T.);
#4362 = FACE_BOUND('',#4363,.T.);
#4363 = EDGE_LOOP('',(#4364,#4372,#4373,#4374));
#4364 = ORIENTED_EDGE('',*,*,#4365,.F.);
#4365 = EDGE_CURVE('',#1477,#4366,#4368,.T.);
#4366 = VERTEX_POINT('',#4367);
#4367 = CARTESIAN_POINT('',(-5.748467940747,-50.14521323389,14.));
#4368 = LINE('',#4369,#4370);
#4369 = CARTESIAN_POINT('',(-5.748467940747,-50.14521323389,9.));
#4370 = VECTOR('',#4371,1.);
#4371 = DIRECTION('',(0.,0.,1.));
#4372 = ORIENTED_EDGE('',*,*,#1476,.T.);
#4373 = ORIENTED_EDGE('',*,*,#4349,.T.);
#4374 = ORIENTED_EDGE('',*,*,#4375,.F.);
#4375 = EDGE_CURVE('',#4366,#4342,#4376,.T.);
#4376 = CIRCLE('',#4377,15.);
#4377 = AXIS2_PLACEMENT_3D('',#4378,#4379,#4380);
#4378 = CARTESIAN_POINT('',(0.,-64.,14.));
#4379 = DIRECTION('',(0.,0.,1.));
#4380 = DIRECTION('',(1.,0.,0.));
#4381 = CYLINDRICAL_SURFACE('',#4382,15.);
#4382 = AXIS2_PLACEMENT_3D('',#4383,#4384,#4385);
#4383 = CARTESIAN_POINT('',(0.,-64.,9.));
#4384 = DIRECTION('',(0.,0.,1.));
#4385 = DIRECTION('',(1.,0.,0.));
#4386 = ADVANCED_FACE('',(#4387),#4421,.F.);
#4387 = FACE_BOUND('',#4388,.F.);
#4388 = EDGE_LOOP('',(#4389,#4399,#4407,#4413,#4414,#4415));
#4389 = ORIENTED_EDGE('',*,*,#4390,.F.);
#4390 = EDGE_CURVE('',#4391,#4393,#4395,.T.);
#4391 = VERTEX_POINT('',#4392);
#4392 = CARTESIAN_POINT('',(-5.44573310571,-50.56147363207,4.));
#4393 = VERTEX_POINT('',#4394);
#4394 = CARTESIAN_POINT('',(-20.60605476991,-29.71603134379,4.));
#4395 = LINE('',#4396,#4397);
#4396 = CARTESIAN_POINT('',(2.830576295061,-61.94139905813,4.));
#4397 = VECTOR('',#4398,1.);
#4398 = DIRECTION('',(-0.588171697675,0.808736084303,0.));
#4399 = ORIENTED_EDGE('',*,*,#4400,.T.);
#4400 = EDGE_CURVE('',#4391,#4401,#4403,.T.);
#4401 = VERTEX_POINT('',#4402);
#4402 = CARTESIAN_POINT('',(-5.44573310571,-50.56147363207,14.));
#4403 = LINE('',#4404,#4405);
#4404 = CARTESIAN_POINT('',(-5.44573310571,-50.56147363207,4.));
#4405 = VECTOR('',#4406,1.);
#4406 = DIRECTION('',(0.,0.,1.));
#4407 = ORIENTED_EDGE('',*,*,#4408,.T.);
#4408 = EDGE_CURVE('',#4401,#4366,#4409,.T.);
#4409 = LINE('',#4410,#4411);
#4410 = CARTESIAN_POINT('',(2.830576295061,-61.94139905813,14.));
#4411 = VECTOR('',#4412,1.);
#4412 = DIRECTION('',(-0.588171697675,0.808736084303,0.));
#4413 = ORIENTED_EDGE('',*,*,#4365,.F.);
#4414 = ORIENTED_EDGE('',*,*,#1485,.T.);
#4415 = ORIENTED_EDGE('',*,*,#4416,.F.);
#4416 = EDGE_CURVE('',#4393,#1486,#4417,.T.);
#4417 = LINE('',#4418,#4419);
#4418 = CARTESIAN_POINT('',(-20.60605476991,-29.71603134379,3.5));
#4419 = VECTOR('',#4420,1.);
#4420 = DIRECTION('',(0.,0.,1.));
#4421 = PLANE('',#4422);
#4422 = AXIS2_PLACEMENT_3D('',#4423,#4424,#4425);
#4423 = CARTESIAN_POINT('',(2.830576295061,-61.94139905813,4.));
#4424 = DIRECTION('',(-0.808736084303,-0.588171697675,0.));
#4425 = DIRECTION('',(0.,0.,1.));
#4426 = ADVANCED_FACE('',(#4427),#4446,.F.);
#4427 = FACE_BOUND('',#4428,.F.);
#4428 = EDGE_LOOP('',(#4429,#4430,#4438,#4445));
#4429 = ORIENTED_EDGE('',*,*,#1493,.F.);
#4430 = ORIENTED_EDGE('',*,*,#4431,.F.);
#4431 = EDGE_CURVE('',#4432,#1494,#4434,.T.);
#4432 = VERTEX_POINT('',#4433);
#4433 = CARTESIAN_POINT('',(-3.5,-24.1534192182,4.));
#4434 = LINE('',#4435,#4436);
#4435 = CARTESIAN_POINT('',(-3.5,-24.1534192182,3.5));
#4436 = VECTOR('',#4437,1.);
#4437 = DIRECTION('',(0.,0.,1.));
#4438 = ORIENTED_EDGE('',*,*,#4439,.T.);
#4439 = EDGE_CURVE('',#4432,#4393,#4440,.T.);
#4440 = CIRCLE('',#4441,40.);
#4441 = AXIS2_PLACEMENT_3D('',#4442,#4443,#4444);
#4442 = CARTESIAN_POINT('',(0.,-64.,4.));
#4443 = DIRECTION('',(0.,0.,1.));
#4444 = DIRECTION('',(1.,0.,0.));
#4445 = ORIENTED_EDGE('',*,*,#4416,.T.);
#4446 = CYLINDRICAL_SURFACE('',#4447,40.);
#4447 = AXIS2_PLACEMENT_3D('',#4448,#4449,#4450);
#4448 = CARTESIAN_POINT('',(0.,-64.,3.5));
#4449 = DIRECTION('',(0.,0.,1.));
#4450 = DIRECTION('',(1.,0.,0.));
#4451 = ADVANCED_FACE('',(#4452),#4486,.T.);
#4452 = FACE_BOUND('',#4453,.T.);
#4453 = EDGE_LOOP('',(#4454,#4462,#4470,#4478,#4484,#4485));
#4454 = ORIENTED_EDGE('',*,*,#4455,.F.);
#4455 = EDGE_CURVE('',#4456,#4432,#4458,.T.);
#4456 = VERTEX_POINT('',#4457);
#4457 = CARTESIAN_POINT('',(-3.5,-49.92875272053,4.));
#4458 = LINE('',#4459,#4460);
#4459 = CARTESIAN_POINT('',(-3.5,-64.,4.));
#4460 = VECTOR('',#4461,1.);
#4461 = DIRECTION('',(1.110223024625E-16,1.,0.));
#4462 = ORIENTED_EDGE('',*,*,#4463,.T.);
#4463 = EDGE_CURVE('',#4456,#4464,#4466,.T.);
#4464 = VERTEX_POINT('',#4465);
#4465 = CARTESIAN_POINT('',(-3.5,-49.92875272053,14.));
#4466 = LINE('',#4467,#4468);
#4467 = CARTESIAN_POINT('',(-3.5,-49.92875272053,4.));
#4468 = VECTOR('',#4469,1.);
#4469 = DIRECTION('',(0.,0.,1.));
#4470 = ORIENTED_EDGE('',*,*,#4471,.T.);
#4471 = EDGE_CURVE('',#4464,#4472,#4474,.T.);
#4472 = VERTEX_POINT('',#4473);
#4473 = CARTESIAN_POINT('',(-3.5,-49.41404785418,14.));
#4474 = LINE('',#4475,#4476);
#4475 = CARTESIAN_POINT('',(-3.5,-64.,14.));
#4476 = VECTOR('',#4477,1.);
#4477 = DIRECTION('',(1.110223024625E-16,1.,0.));
#4478 = ORIENTED_EDGE('',*,*,#4479,.F.);
#4479 = EDGE_CURVE('',#1503,#4472,#4480,.T.);
#4480 = LINE('',#4481,#4482);
#4481 = CARTESIAN_POINT('',(-3.5,-49.41404785418,9.));
#4482 = VECTOR('',#4483,1.);
#4483 = DIRECTION('',(0.,0.,1.));
#4484 = ORIENTED_EDGE('',*,*,#1502,.T.);
#4485 = ORIENTED_EDGE('',*,*,#4431,.F.);
#4486 = PLANE('',#4487);
#4487 = AXIS2_PLACEMENT_3D('',#4488,#4489,#4490);
#4488 = CARTESIAN_POINT('',(-3.5,-64.,4.));
#4489 = DIRECTION('',(-1.,1.110223024625E-16,0.));
#4490 = DIRECTION('',(0.,0.,1.));
#4491 = ADVANCED_FACE('',(#4492),#4504,.T.);
#4492 = FACE_BOUND('',#4493,.T.);
#4493 = EDGE_LOOP('',(#4494,#4495,#4496,#4497));
#4494 = ORIENTED_EDGE('',*,*,#3739,.F.);
#4495 = ORIENTED_EDGE('',*,*,#1510,.T.);
#4496 = ORIENTED_EDGE('',*,*,#4479,.T.);
#4497 = ORIENTED_EDGE('',*,*,#4498,.F.);
#4498 = EDGE_CURVE('',#3732,#4472,#4499,.T.);
#4499 = CIRCLE('',#4500,15.);
#4500 = AXIS2_PLACEMENT_3D('',#4501,#4502,#4503);
#4501 = CARTESIAN_POINT('',(0.,-64.,14.));
#4502 = DIRECTION('',(0.,0.,1.));
#4503 = DIRECTION('',(1.,0.,0.));
#4504 = CYLINDRICAL_SURFACE('',#4505,15.);
#4505 = AXIS2_PLACEMENT_3D('',#4506,#4507,#4508);
#4506 = CARTESIAN_POINT('',(0.,-64.,9.));
#4507 = DIRECTION('',(0.,0.,1.));
#4508 = DIRECTION('',(1.,0.,0.));
#4509 = ADVANCED_FACE('',(#4510),#4526,.T.);
#4510 = FACE_BOUND('',#4511,.T.);
#4511 = EDGE_LOOP('',(#4512,#4518,#4519,#4525));
#4512 = ORIENTED_EDGE('',*,*,#4513,.F.);
#4513 = EDGE_CURVE('',#2329,#1591,#4514,.T.);
#4514 = LINE('',#4515,#4516);
#4515 = CARTESIAN_POINT('',(119.3,83.7,-1.));
#4516 = VECTOR('',#4517,1.);
#4517 = DIRECTION('',(0.,0.,1.));
#4518 = ORIENTED_EDGE('',*,*,#2328,.F.);
#4519 = ORIENTED_EDGE('',*,*,#4520,.T.);
#4520 = EDGE_CURVE('',#2321,#1593,#4521,.T.);
#4521 = LINE('',#4522,#4523);
#4522 = CARTESIAN_POINT('',(110.7,83.7,-1.));
#4523 = VECTOR('',#4524,1.);
#4524 = DIRECTION('',(0.,0.,1.));
#4525 = ORIENTED_EDGE('',*,*,#1590,.F.);
#4526 = PLANE('',#4527);
#4527 = AXIS2_PLACEMENT_3D('',#4528,#4529,#4530);
#4528 = CARTESIAN_POINT('',(110.7,83.7,-1.));
#4529 = DIRECTION('',(0.,1.,0.));
#4530 = DIRECTION('',(0.,0.,1.));
#4531 = ADVANCED_FACE('',(#4532),#4544,.T.);
#4532 = FACE_BOUND('',#4533,.T.);
#4533 = EDGE_LOOP('',(#4534,#4535,#4536,#4537,#4543));
#4534 = ORIENTED_EDGE('',*,*,#4520,.F.);
#4535 = ORIENTED_EDGE('',*,*,#2320,.F.);
#4536 = ORIENTED_EDGE('',*,*,#2385,.F.);
#4537 = ORIENTED_EDGE('',*,*,#4538,.T.);
#4538 = EDGE_CURVE('',#2378,#1601,#4539,.T.);
#4539 = LINE('',#4540,#4541);
#4540 = CARTESIAN_POINT('',(110.7,96.3,-1.));
#4541 = VECTOR('',#4542,1.);
#4542 = DIRECTION('',(0.,0.,1.));
#4543 = ORIENTED_EDGE('',*,*,#1600,.F.);
#4544 = PLANE('',#4545);
#4545 = AXIS2_PLACEMENT_3D('',#4546,#4547,#4548);
#4546 = CARTESIAN_POINT('',(110.7,83.7,-1.));
#4547 = DIRECTION('',(1.,0.,0.));
#4548 = DIRECTION('',(0.,0.,1.));
#4549 = ADVANCED_FACE('',(#4550),#4561,.F.);
#4550 = FACE_BOUND('',#4551,.F.);
#4551 = EDGE_LOOP('',(#4552,#4558,#4559,#4560));
#4552 = ORIENTED_EDGE('',*,*,#4553,.F.);
#4553 = EDGE_CURVE('',#2370,#1609,#4554,.T.);
#4554 = LINE('',#4555,#4556);
#4555 = CARTESIAN_POINT('',(119.3,96.3,-1.));
#4556 = VECTOR('',#4557,1.);
#4557 = DIRECTION('',(0.,0.,1.));
#4558 = ORIENTED_EDGE('',*,*,#2377,.F.);
#4559 = ORIENTED_EDGE('',*,*,#4538,.T.);
#4560 = ORIENTED_EDGE('',*,*,#1608,.F.);
#4561 = PLANE('',#4562);
#4562 = AXIS2_PLACEMENT_3D('',#4563,#4564,#4565);
#4563 = CARTESIAN_POINT('',(110.7,96.3,-1.));
#4564 = DIRECTION('',(0.,1.,0.));
#4565 = DIRECTION('',(0.,0.,1.));
#4566 = ADVANCED_FACE('',(#4567),#4574,.F.);
#4567 = FACE_BOUND('',#4568,.F.);
#4568 = EDGE_LOOP('',(#4569,#4570,#4571,#4572,#4573));
#4569 = ORIENTED_EDGE('',*,*,#4513,.F.);
#4570 = ORIENTED_EDGE('',*,*,#2336,.F.);
#4571 = ORIENTED_EDGE('',*,*,#2369,.F.);
#4572 = ORIENTED_EDGE('',*,*,#4553,.T.);
#4573 = ORIENTED_EDGE('',*,*,#1616,.F.);
#4574 = PLANE('',#4575);
#4575 = AXIS2_PLACEMENT_3D('',#4576,#4577,#4578);
#4576 = CARTESIAN_POINT('',(119.3,83.7,-1.));
#4577 = DIRECTION('',(1.,0.,0.));
#4578 = DIRECTION('',(0.,0.,1.));
#4579 = ADVANCED_FACE('',(#4580),#4605,.F.);
#4580 = FACE_BOUND('',#4581,.F.);
#4581 = EDGE_LOOP('',(#4582,#4590,#4591,#4599));
#4582 = ORIENTED_EDGE('',*,*,#4583,.F.);
#4583 = EDGE_CURVE('',#1683,#4584,#4586,.T.);
#4584 = VERTEX_POINT('',#4585);
#4585 = CARTESIAN_POINT('',(110.77721181453,-22.18601498783,10.));
#4586 = LINE('',#4587,#4588);
#4587 = CARTESIAN_POINT('',(110.77721181453,-22.18601498783,3.8));
#4588 = VECTOR('',#4589,1.);
#4589 = DIRECTION('',(0.,0.,1.));
#4590 = ORIENTED_EDGE('',*,*,#1682,.T.);
#4591 = ORIENTED_EDGE('',*,*,#4592,.T.);
#4592 = EDGE_CURVE('',#1685,#4593,#4595,.T.);
#4593 = VERTEX_POINT('',#4594);
#4594 = CARTESIAN_POINT('',(94.838096645066,-23.58050687179,10.));
#4595 = LINE('',#4596,#4597);
#4596 = CARTESIAN_POINT('',(94.838096645066,-23.58050687179,3.8));
#4597 = VECTOR('',#4598,1.);
#4598 = DIRECTION('',(0.,0.,1.));
#4599 = ORIENTED_EDGE('',*,*,#4600,.T.);
#4600 = EDGE_CURVE('',#4593,#4584,#4601,.T.);
#4601 = LINE('',#4602,#4603);
#4602 = CARTESIAN_POINT('',(94.838096645066,-23.58050687179,10.));
#4603 = VECTOR('',#4604,1.);
#4604 = DIRECTION('',(0.996194698092,8.715574274766E-02,0.));
#4605 = PLANE('',#4606);
#4606 = AXIS2_PLACEMENT_3D('',#4607,#4608,#4609);
#4607 = CARTESIAN_POINT('',(94.838096645066,-23.58050687179,3.8));
#4608 = DIRECTION('',(-8.715574274766E-02,0.996194698092,0.));
#4609 = DIRECTION('',(0.,0.,1.));
#4610 = ADVANCED_FACE('',(#4611),#4629,.T.);
#4611 = FACE_BOUND('',#4612,.T.);
#4612 = EDGE_LOOP('',(#4613,#4614,#4615,#4623));
#4613 = ORIENTED_EDGE('',*,*,#4583,.F.);
#4614 = ORIENTED_EDGE('',*,*,#1708,.T.);
#4615 = ORIENTED_EDGE('',*,*,#4616,.T.);
#4616 = EDGE_CURVE('',#1701,#4617,#4619,.T.);
#4617 = VERTEX_POINT('',#4618);
#4618 = CARTESIAN_POINT('',(109.20840844507,-4.25451042218,10.));
#4619 = LINE('',#4620,#4621);
#4620 = CARTESIAN_POINT('',(109.20840844507,-4.25451042218,3.8));
#4621 = VECTOR('',#4622,1.);
#4622 = DIRECTION('',(0.,0.,1.));
#4623 = ORIENTED_EDGE('',*,*,#4624,.F.);
#4624 = EDGE_CURVE('',#4584,#4617,#4625,.T.);
#4625 = LINE('',#4626,#4627);
#4626 = CARTESIAN_POINT('',(110.77721181453,-22.18601498783,10.));
#4627 = VECTOR('',#4628,1.);
#4628 = DIRECTION('',(-8.715574274766E-02,0.996194698092,0.));
#4629 = PLANE('',#4630);
#4630 = AXIS2_PLACEMENT_3D('',#4631,#4632,#4633);
#4631 = CARTESIAN_POINT('',(110.77721181453,-22.18601498783,3.8));
#4632 = DIRECTION('',(0.996194698092,8.715574274766E-02,0.));
#4633 = DIRECTION('',(0.,0.,1.));
#4634 = ADVANCED_FACE('',(#4635),#4653,.T.);
#4635 = FACE_BOUND('',#4636,.T.);
#4636 = EDGE_LOOP('',(#4637,#4638,#4639,#4647));
#4637 = ORIENTED_EDGE('',*,*,#4616,.F.);
#4638 = ORIENTED_EDGE('',*,*,#1700,.T.);
#4639 = ORIENTED_EDGE('',*,*,#4640,.T.);
#4640 = EDGE_CURVE('',#1693,#4641,#4643,.T.);
#4641 = VERTEX_POINT('',#4642);
#4642 = CARTESIAN_POINT('',(93.269293275608,-5.649002306142,10.));
#4643 = LINE('',#4644,#4645);
#4644 = CARTESIAN_POINT('',(93.269293275608,-5.649002306142,3.8));
#4645 = VECTOR('',#4646,1.);
#4646 = DIRECTION('',(0.,0.,1.));
#4647 = ORIENTED_EDGE('',*,*,#4648,.T.);
#4648 = EDGE_CURVE('',#4641,#4617,#4649,.T.);
#4649 = LINE('',#4650,#4651);
#4650 = CARTESIAN_POINT('',(93.269293275608,-5.649002306142,10.));
#4651 = VECTOR('',#4652,1.);
#4652 = DIRECTION('',(0.996194698092,8.715574274766E-02,0.));
#4653 = PLANE('',#4654);
#4654 = AXIS2_PLACEMENT_3D('',#4655,#4656,#4657);
#4655 = CARTESIAN_POINT('',(93.269293275608,-5.649002306142,3.8));
#4656 = DIRECTION('',(-8.715574274766E-02,0.996194698092,0.));
#4657 = DIRECTION('',(0.,0.,1.));
#4658 = ADVANCED_FACE('',(#4659),#4670,.F.);
#4659 = FACE_BOUND('',#4660,.F.);
#4660 = EDGE_LOOP('',(#4661,#4662,#4663,#4664));
#4661 = ORIENTED_EDGE('',*,*,#4592,.F.);
#4662 = ORIENTED_EDGE('',*,*,#1692,.T.);
#4663 = ORIENTED_EDGE('',*,*,#4640,.T.);
#4664 = ORIENTED_EDGE('',*,*,#4665,.F.);
#4665 = EDGE_CURVE('',#4593,#4641,#4666,.T.);
#4666 = LINE('',#4667,#4668);
#4667 = CARTESIAN_POINT('',(94.838096645066,-23.58050687179,10.));
#4668 = VECTOR('',#4669,1.);
#4669 = DIRECTION('',(-8.715574274766E-02,0.996194698092,0.));
#4670 = PLANE('',#4671);
#4671 = AXIS2_PLACEMENT_3D('',#4672,#4673,#4674);
#4672 = CARTESIAN_POINT('',(94.838096645066,-23.58050687179,3.8));
#4673 = DIRECTION('',(0.996194698092,8.715574274766E-02,0.));
#4674 = DIRECTION('',(0.,0.,1.));
#4675 = ADVANCED_FACE('',(#4676),#4682,.T.);
#4676 = FACE_BOUND('',#4677,.T.);
#4677 = EDGE_LOOP('',(#4678,#4679,#4680,#4681));
#4678 = ORIENTED_EDGE('',*,*,#2638,.F.);
#4679 = ORIENTED_EDGE('',*,*,#1781,.T.);
#4680 = ORIENTED_EDGE('',*,*,#3545,.F.);
#4681 = ORIENTED_EDGE('',*,*,#3519,.F.);
#4682 = PLANE('',#4683);
#4683 = AXIS2_PLACEMENT_3D('',#4684,#4685,#4686);
#4684 = CARTESIAN_POINT('',(0.,-136.7793566267,14.));
#4685 = DIRECTION('',(0.,0.,1.));
#4686 = DIRECTION('',(1.,0.,0.));
#4687 = ADVANCED_FACE('',(#4688),#4713,.T.);
#4688 = FACE_BOUND('',#4689,.T.);
#4689 = EDGE_LOOP('',(#4690,#4698,#4699,#4707));
#4690 = ORIENTED_EDGE('',*,*,#4691,.F.);
#4691 = EDGE_CURVE('',#1814,#4692,#4694,.T.);
#4692 = VERTEX_POINT('',#4693);
#4693 = CARTESIAN_POINT('',(-110.7,-96.3,3.6));
#4694 = LINE('',#4695,#4696);
#4695 = CARTESIAN_POINT('',(-110.7,-96.3,-1.));
#4696 = VECTOR('',#4697,1.);
#4697 = DIRECTION('',(0.,0.,1.));
#4698 = ORIENTED_EDGE('',*,*,#1813,.T.);
#4699 = ORIENTED_EDGE('',*,*,#4700,.T.);
#4700 = EDGE_CURVE('',#1816,#4701,#4703,.T.);
#4701 = VERTEX_POINT('',#4702);
#4702 = CARTESIAN_POINT('',(-119.3,-96.3,3.6));
#4703 = LINE('',#4704,#4705);
#4704 = CARTESIAN_POINT('',(-119.3,-96.3,-1.));
#4705 = VECTOR('',#4706,1.);
#4706 = DIRECTION('',(0.,0.,1.));
#4707 = ORIENTED_EDGE('',*,*,#4708,.F.);
#4708 = EDGE_CURVE('',#4692,#4701,#4709,.T.);
#4709 = LINE('',#4710,#4711);
#4710 = CARTESIAN_POINT('',(-130.65,-96.3,3.6));
#4711 = VECTOR('',#4712,1.);
#4712 = DIRECTION('',(-1.,0.,0.));
#4713 = PLANE('',#4714);
#4714 = AXIS2_PLACEMENT_3D('',#4715,#4716,#4717);
#4715 = CARTESIAN_POINT('',(-119.3,-96.3,-1.));
#4716 = DIRECTION('',(0.,1.,0.));
#4717 = DIRECTION('',(0.,0.,1.));
#4718 = ADVANCED_FACE('',(#4719),#4737,.T.);
#4719 = FACE_BOUND('',#4720,.T.);
#4720 = EDGE_LOOP('',(#4721,#4722,#4723,#4731));
#4721 = ORIENTED_EDGE('',*,*,#4700,.F.);
#4722 = ORIENTED_EDGE('',*,*,#1823,.T.);
#4723 = ORIENTED_EDGE('',*,*,#4724,.T.);
#4724 = EDGE_CURVE('',#1824,#4725,#4727,.T.);
#4725 = VERTEX_POINT('',#4726);
#4726 = CARTESIAN_POINT('',(-119.3,-83.7,3.6));
#4727 = LINE('',#4728,#4729);
#4728 = CARTESIAN_POINT('',(-119.3,-83.7,-1.));
#4729 = VECTOR('',#4730,1.);
#4730 = DIRECTION('',(0.,0.,1.));
#4731 = ORIENTED_EDGE('',*,*,#4732,.F.);
#4732 = EDGE_CURVE('',#4701,#4725,#4733,.T.);
#4733 = LINE('',#4734,#4735);
#4734 = CARTESIAN_POINT('',(-119.3,-99.35,3.6));
#4735 = VECTOR('',#4736,1.);
#4736 = DIRECTION('',(0.,1.,0.));
#4737 = PLANE('',#4738);
#4738 = AXIS2_PLACEMENT_3D('',#4739,#4740,#4741);
#4739 = CARTESIAN_POINT('',(-119.3,-96.3,-1.));
#4740 = DIRECTION('',(1.,0.,0.));
#4741 = DIRECTION('',(0.,0.,1.));
#4742 = ADVANCED_FACE('',(#4743),#4761,.F.);
#4743 = FACE_BOUND('',#4744,.F.);
#4744 = EDGE_LOOP('',(#4745,#4753,#4754,#4755));
#4745 = ORIENTED_EDGE('',*,*,#4746,.F.);
#4746 = EDGE_CURVE('',#1832,#4747,#4749,.T.);
#4747 = VERTEX_POINT('',#4748);
#4748 = CARTESIAN_POINT('',(-110.7,-83.7,3.6));
#4749 = LINE('',#4750,#4751);
#4750 = CARTESIAN_POINT('',(-110.7,-83.7,-1.));
#4751 = VECTOR('',#4752,1.);
#4752 = DIRECTION('',(0.,0.,1.));
#4753 = ORIENTED_EDGE('',*,*,#1831,.T.);
#4754 = ORIENTED_EDGE('',*,*,#4724,.T.);
#4755 = ORIENTED_EDGE('',*,*,#4756,.F.);
#4756 = EDGE_CURVE('',#4747,#4725,#4757,.T.);
#4757 = LINE('',#4758,#4759);
#4758 = CARTESIAN_POINT('',(-130.65,-83.7,3.6));
#4759 = VECTOR('',#4760,1.);
#4760 = DIRECTION('',(-1.,0.,0.));
#4761 = PLANE('',#4762);
#4762 = AXIS2_PLACEMENT_3D('',#4763,#4764,#4765);
#4763 = CARTESIAN_POINT('',(-119.3,-83.7,-1.));
#4764 = DIRECTION('',(0.,1.,0.));
#4765 = DIRECTION('',(0.,0.,1.));
#4766 = ADVANCED_FACE('',(#4767),#4778,.F.);
#4767 = FACE_BOUND('',#4768,.F.);
#4768 = EDGE_LOOP('',(#4769,#4770,#4771,#4772));
#4769 = ORIENTED_EDGE('',*,*,#4691,.F.);
#4770 = ORIENTED_EDGE('',*,*,#1839,.T.);
#4771 = ORIENTED_EDGE('',*,*,#4746,.T.);
#4772 = ORIENTED_EDGE('',*,*,#4773,.F.);
#4773 = EDGE_CURVE('',#4692,#4747,#4774,.T.);
#4774 = LINE('',#4775,#4776);
#4775 = CARTESIAN_POINT('',(-110.7,-99.35,3.6));
#4776 = VECTOR('',#4777,1.);
#4777 = DIRECTION('',(0.,1.,0.));
#4778 = PLANE('',#4779);
#4779 = AXIS2_PLACEMENT_3D('',#4780,#4781,#4782);
#4780 = CARTESIAN_POINT('',(-110.7,-96.3,-1.));
#4781 = DIRECTION('',(1.,0.,0.));
#4782 = DIRECTION('',(0.,0.,1.));
#4783 = ADVANCED_FACE('',(#4784),#4800,.T.);
#4784 = FACE_BOUND('',#4785,.T.);
#4785 = EDGE_LOOP('',(#4786,#4792,#4793,#4799));
#4786 = ORIENTED_EDGE('',*,*,#4787,.F.);
#4787 = EDGE_CURVE('',#1848,#2450,#4788,.T.);
#4788 = LINE('',#4789,#4790);
#4789 = CARTESIAN_POINT('',(119.3,-96.3,-1.));
#4790 = VECTOR('',#4791,1.);
#4791 = DIRECTION('',(0.,0.,1.));
#4792 = ORIENTED_EDGE('',*,*,#1847,.T.);
#4793 = ORIENTED_EDGE('',*,*,#4794,.T.);
#4794 = EDGE_CURVE('',#1850,#2452,#4795,.T.);
#4795 = LINE('',#4796,#4797);
#4796 = CARTESIAN_POINT('',(110.7,-96.3,-1.));
#4797 = VECTOR('',#4798,1.);
#4798 = DIRECTION('',(0.,0.,1.));
#4799 = ORIENTED_EDGE('',*,*,#2449,.F.);
#4800 = PLANE('',#4801);
#4801 = AXIS2_PLACEMENT_3D('',#4802,#4803,#4804);
#4802 = CARTESIAN_POINT('',(110.7,-96.3,-1.));
#4803 = DIRECTION('',(0.,1.,0.));
#4804 = DIRECTION('',(0.,0.,1.));
#4805 = ADVANCED_FACE('',(#4806),#4817,.T.);
#4806 = FACE_BOUND('',#4807,.T.);
#4807 = EDGE_LOOP('',(#4808,#4809,#4810,#4816));
#4808 = ORIENTED_EDGE('',*,*,#4794,.F.);
#4809 = ORIENTED_EDGE('',*,*,#1857,.T.);
#4810 = ORIENTED_EDGE('',*,*,#4811,.T.);
#4811 = EDGE_CURVE('',#1858,#2460,#4812,.T.);
#4812 = LINE('',#4813,#4814);
#4813 = CARTESIAN_POINT('',(110.7,-83.7,-1.));
#4814 = VECTOR('',#4815,1.);
#4815 = DIRECTION('',(0.,0.,1.));
#4816 = ORIENTED_EDGE('',*,*,#2459,.F.);
#4817 = PLANE('',#4818);
#4818 = AXIS2_PLACEMENT_3D('',#4819,#4820,#4821);
#4819 = CARTESIAN_POINT('',(110.7,-96.3,-1.));
#4820 = DIRECTION('',(1.,0.,0.));
#4821 = DIRECTION('',(0.,0.,1.));
#4822 = ADVANCED_FACE('',(#4823),#4834,.F.);
#4823 = FACE_BOUND('',#4824,.F.);
#4824 = EDGE_LOOP('',(#4825,#4831,#4832,#4833));
#4825 = ORIENTED_EDGE('',*,*,#4826,.F.);
#4826 = EDGE_CURVE('',#1866,#2468,#4827,.T.);
#4827 = LINE('',#4828,#4829);
#4828 = CARTESIAN_POINT('',(119.3,-83.7,-1.));
#4829 = VECTOR('',#4830,1.);
#4830 = DIRECTION('',(0.,0.,1.));
#4831 = ORIENTED_EDGE('',*,*,#1865,.T.);
#4832 = ORIENTED_EDGE('',*,*,#4811,.T.);
#4833 = ORIENTED_EDGE('',*,*,#2467,.F.);
#4834 = PLANE('',#4835);
#4835 = AXIS2_PLACEMENT_3D('',#4836,#4837,#4838);
#4836 = CARTESIAN_POINT('',(110.7,-83.7,-1.));
#4837 = DIRECTION('',(0.,1.,0.));
#4838 = DIRECTION('',(0.,0.,1.));
#4839 = ADVANCED_FACE('',(#4840),#4846,.F.);
#4840 = FACE_BOUND('',#4841,.F.);
#4841 = EDGE_LOOP('',(#4842,#4843,#4844,#4845));
#4842 = ORIENTED_EDGE('',*,*,#4787,.F.);
#4843 = ORIENTED_EDGE('',*,*,#1873,.T.);
#4844 = ORIENTED_EDGE('',*,*,#4826,.T.);
#4845 = ORIENTED_EDGE('',*,*,#2475,.F.);
#4846 = PLANE('',#4847);
#4847 = AXIS2_PLACEMENT_3D('',#4848,#4849,#4850);
#4848 = CARTESIAN_POINT('',(119.3,-96.3,-1.));
#4849 = DIRECTION('',(1.,0.,0.));
#4850 = DIRECTION('',(0.,0.,1.));
#4851 = ADVANCED_FACE('',(#4852),#4877,.T.);
#4852 = FACE_BOUND('',#4853,.T.);
#4853 = EDGE_LOOP('',(#4854,#4862,#4863,#4871));
#4854 = ORIENTED_EDGE('',*,*,#4855,.F.);
#4855 = EDGE_CURVE('',#1882,#4856,#4858,.T.);
#4856 = VERTEX_POINT('',#4857);
#4857 = CARTESIAN_POINT('',(-110.7,83.7,3.6));
#4858 = LINE('',#4859,#4860);
#4859 = CARTESIAN_POINT('',(-110.7,83.7,-1.));
#4860 = VECTOR('',#4861,1.);
#4861 = DIRECTION('',(0.,0.,1.));
#4862 = ORIENTED_EDGE('',*,*,#1881,.T.);
#4863 = ORIENTED_EDGE('',*,*,#4864,.T.);
#4864 = EDGE_CURVE('',#1884,#4865,#4867,.T.);
#4865 = VERTEX_POINT('',#4866);
#4866 = CARTESIAN_POINT('',(-119.3,83.7,3.6));
#4867 = LINE('',#4868,#4869);
#4868 = CARTESIAN_POINT('',(-119.3,83.7,-1.));
#4869 = VECTOR('',#4870,1.);
#4870 = DIRECTION('',(0.,0.,1.));
#4871 = ORIENTED_EDGE('',*,*,#4872,.F.);
#4872 = EDGE_CURVE('',#4856,#4865,#4873,.T.);
#4873 = LINE('',#4874,#4875);
#4874 = CARTESIAN_POINT('',(-130.65,83.7,3.6));
#4875 = VECTOR('',#4876,1.);
#4876 = DIRECTION('',(-1.,0.,0.));
#4877 = PLANE('',#4878);
#4878 = AXIS2_PLACEMENT_3D('',#4879,#4880,#4881);
#4879 = CARTESIAN_POINT('',(-119.3,83.7,-1.));
#4880 = DIRECTION('',(0.,1.,0.));
#4881 = DIRECTION('',(0.,0.,1.));
#4882 = ADVANCED_FACE('',(#4883),#4901,.T.);
#4883 = FACE_BOUND('',#4884,.T.);
#4884 = EDGE_LOOP('',(#4885,#4886,#4887,#4895));
#4885 = ORIENTED_EDGE('',*,*,#4864,.F.);
#4886 = ORIENTED_EDGE('',*,*,#1891,.T.);
#4887 = ORIENTED_EDGE('',*,*,#4888,.T.);
#4888 = EDGE_CURVE('',#1892,#4889,#4891,.T.);
#4889 = VERTEX_POINT('',#4890);
#4890 = CARTESIAN_POINT('',(-119.3,96.3,3.6));
#4891 = LINE('',#4892,#4893);
#4892 = CARTESIAN_POINT('',(-119.3,96.3,-1.));
#4893 = VECTOR('',#4894,1.);
#4894 = DIRECTION('',(0.,0.,1.));
#4895 = ORIENTED_EDGE('',*,*,#4896,.F.);
#4896 = EDGE_CURVE('',#4865,#4889,#4897,.T.);
#4897 = LINE('',#4898,#4899);
#4898 = CARTESIAN_POINT('',(-119.3,80.65,3.6));
#4899 = VECTOR('',#4900,1.);
#4900 = DIRECTION('',(0.,1.,0.));
#4901 = PLANE('',#4902);
#4902 = AXIS2_PLACEMENT_3D('',#4903,#4904,#4905);
#4903 = CARTESIAN_POINT('',(-119.3,83.7,-1.));
#4904 = DIRECTION('',(1.,0.,0.));
#4905 = DIRECTION('',(0.,0.,1.));
#4906 = ADVANCED_FACE('',(#4907),#4925,.F.);
#4907 = FACE_BOUND('',#4908,.F.);
#4908 = EDGE_LOOP('',(#4909,#4917,#4918,#4919));
#4909 = ORIENTED_EDGE('',*,*,#4910,.F.);
#4910 = EDGE_CURVE('',#1900,#4911,#4913,.T.);
#4911 = VERTEX_POINT('',#4912);
#4912 = CARTESIAN_POINT('',(-110.7,96.3,3.6));
#4913 = LINE('',#4914,#4915);
#4914 = CARTESIAN_POINT('',(-110.7,96.3,-1.));
#4915 = VECTOR('',#4916,1.);
#4916 = DIRECTION('',(0.,0.,1.));
#4917 = ORIENTED_EDGE('',*,*,#1899,.T.);
#4918 = ORIENTED_EDGE('',*,*,#4888,.T.);
#4919 = ORIENTED_EDGE('',*,*,#4920,.F.);
#4920 = EDGE_CURVE('',#4911,#4889,#4921,.T.);
#4921 = LINE('',#4922,#4923);
#4922 = CARTESIAN_POINT('',(-130.65,96.3,3.6));
#4923 = VECTOR('',#4924,1.);
#4924 = DIRECTION('',(-1.,0.,0.));
#4925 = PLANE('',#4926);
#4926 = AXIS2_PLACEMENT_3D('',#4927,#4928,#4929);
#4927 = CARTESIAN_POINT('',(-119.3,96.3,-1.));
#4928 = DIRECTION('',(0.,1.,0.));
#4929 = DIRECTION('',(0.,0.,1.));
#4930 = ADVANCED_FACE('',(#4931),#4942,.F.);
#4931 = FACE_BOUND('',#4932,.F.);
#4932 = EDGE_LOOP('',(#4933,#4934,#4935,#4936));
#4933 = ORIENTED_EDGE('',*,*,#4855,.F.);
#4934 = ORIENTED_EDGE('',*,*,#1907,.T.);
#4935 = ORIENTED_EDGE('',*,*,#4910,.T.);
#4936 = ORIENTED_EDGE('',*,*,#4937,.F.);
#4937 = EDGE_CURVE('',#4856,#4911,#4938,.T.);
#4938 = LINE('',#4939,#4940);
#4939 = CARTESIAN_POINT('',(-110.7,80.65,3.6));
#4940 = VECTOR('',#4941,1.);
#4941 = DIRECTION('',(0.,1.,0.));
#4942 = PLANE('',#4943);
#4943 = AXIS2_PLACEMENT_3D('',#4944,#4945,#4946);
#4944 = CARTESIAN_POINT('',(-110.7,83.7,-1.));
#4945 = DIRECTION('',(1.,0.,0.));
#4946 = DIRECTION('',(0.,0.,1.));
#4947 = ADVANCED_FACE('',(#4948),#4964,.T.);
#4948 = FACE_BOUND('',#4949,.T.);
#4949 = EDGE_LOOP('',(#4950,#4956,#4957,#4963));
#4950 = ORIENTED_EDGE('',*,*,#4951,.F.);
#4951 = EDGE_CURVE('',#1916,#2241,#4952,.T.);
#4952 = LINE('',#4953,#4954);
#4953 = CARTESIAN_POINT('',(119.3,83.7,-1.));
#4954 = VECTOR('',#4955,1.);
#4955 = DIRECTION('',(0.,0.,1.));
#4956 = ORIENTED_EDGE('',*,*,#1915,.T.);
#4957 = ORIENTED_EDGE('',*,*,#4958,.T.);
#4958 = EDGE_CURVE('',#1918,#2243,#4959,.T.);
#4959 = LINE('',#4960,#4961);
#4960 = CARTESIAN_POINT('',(110.7,83.7,-1.));
#4961 = VECTOR('',#4962,1.);
#4962 = DIRECTION('',(0.,0.,1.));
#4963 = ORIENTED_EDGE('',*,*,#2240,.F.);
#4964 = PLANE('',#4965);
#4965 = AXIS2_PLACEMENT_3D('',#4966,#4967,#4968);
#4966 = CARTESIAN_POINT('',(110.7,83.7,-1.));
#4967 = DIRECTION('',(0.,1.,0.));
#4968 = DIRECTION('',(0.,0.,1.));
#4969 = ADVANCED_FACE('',(#4970),#4981,.T.);
#4970 = FACE_BOUND('',#4971,.T.);
#4971 = EDGE_LOOP('',(#4972,#4973,#4974,#4980));
#4972 = ORIENTED_EDGE('',*,*,#4958,.F.);
#4973 = ORIENTED_EDGE('',*,*,#1925,.T.);
#4974 = ORIENTED_EDGE('',*,*,#4975,.T.);
#4975 = EDGE_CURVE('',#1926,#2251,#4976,.T.);
#4976 = LINE('',#4977,#4978);
#4977 = CARTESIAN_POINT('',(110.7,96.3,-1.));
#4978 = VECTOR('',#4979,1.);
#4979 = DIRECTION('',(0.,0.,1.));
#4980 = ORIENTED_EDGE('',*,*,#2250,.F.);
#4981 = PLANE('',#4982);
#4982 = AXIS2_PLACEMENT_3D('',#4983,#4984,#4985);
#4983 = CARTESIAN_POINT('',(110.7,83.7,-1.));
#4984 = DIRECTION('',(1.,0.,0.));
#4985 = DIRECTION('',(0.,0.,1.));
#4986 = ADVANCED_FACE('',(#4987),#4998,.F.);
#4987 = FACE_BOUND('',#4988,.F.);
#4988 = EDGE_LOOP('',(#4989,#4995,#4996,#4997));
#4989 = ORIENTED_EDGE('',*,*,#4990,.F.);
#4990 = EDGE_CURVE('',#1934,#2259,#4991,.T.);
#4991 = LINE('',#4992,#4993);
#4992 = CARTESIAN_POINT('',(119.3,96.3,-1.));
#4993 = VECTOR('',#4994,1.);
#4994 = DIRECTION('',(0.,0.,1.));
#4995 = ORIENTED_EDGE('',*,*,#1933,.T.);
#4996 = ORIENTED_EDGE('',*,*,#4975,.T.);
#4997 = ORIENTED_EDGE('',*,*,#2258,.F.);
#4998 = PLANE('',#4999);
#4999 = AXIS2_PLACEMENT_3D('',#5000,#5001,#5002);
#5000 = CARTESIAN_POINT('',(110.7,96.3,-1.));
#5001 = DIRECTION('',(0.,1.,0.));
#5002 = DIRECTION('',(0.,0.,1.));
#5003 = ADVANCED_FACE('',(#5004),#5010,.F.);
#5004 = FACE_BOUND('',#5005,.F.);
#5005 = EDGE_LOOP('',(#5006,#5007,#5008,#5009));
#5006 = ORIENTED_EDGE('',*,*,#4951,.F.);
#5007 = ORIENTED_EDGE('',*,*,#1941,.T.);
#5008 = ORIENTED_EDGE('',*,*,#4990,.T.);
#5009 = ORIENTED_EDGE('',*,*,#2266,.F.);
#5010 = PLANE('',#5011);
#5011 = AXIS2_PLACEMENT_3D('',#5012,#5013,#5014);
#5012 = CARTESIAN_POINT('',(119.3,83.7,-1.));
#5013 = DIRECTION('',(1.,0.,0.));
#5014 = DIRECTION('',(0.,0.,1.));
#5015 = ADVANCED_FACE('',(#5016),#5032,.T.);
#5016 = FACE_BOUND('',#5017,.T.);
#5017 = EDGE_LOOP('',(#5018,#5024,#5025,#5031));
#5018 = ORIENTED_EDGE('',*,*,#5019,.F.);
#5019 = EDGE_CURVE('',#2546,#2023,#5020,.T.);
#5020 = LINE('',#5021,#5022);
#5021 = CARTESIAN_POINT('',(119.3,-96.3,-1.));
#5022 = VECTOR('',#5023,1.);
#5023 = DIRECTION('',(0.,0.,1.));
#5024 = ORIENTED_EDGE('',*,*,#2545,.F.);
#5025 = ORIENTED_EDGE('',*,*,#5026,.T.);
#5026 = EDGE_CURVE('',#2538,#2025,#5027,.T.);
#5027 = LINE('',#5028,#5029);
#5028 = CARTESIAN_POINT('',(110.7,-96.3,-1.));
#5029 = VECTOR('',#5030,1.);
#5030 = DIRECTION('',(0.,0.,1.));
#5031 = ORIENTED_EDGE('',*,*,#2022,.F.);
#5032 = PLANE('',#5033);
#5033 = AXIS2_PLACEMENT_3D('',#5034,#5035,#5036);
#5034 = CARTESIAN_POINT('',(110.7,-96.3,-1.));
#5035 = DIRECTION('',(0.,1.,0.));
#5036 = DIRECTION('',(0.,0.,1.));
#5037 = ADVANCED_FACE('',(#5038),#5050,.T.);
#5038 = FACE_BOUND('',#5039,.T.);
#5039 = EDGE_LOOP('',(#5040,#5041,#5042,#5043,#5049));
#5040 = ORIENTED_EDGE('',*,*,#5026,.F.);
#5041 = ORIENTED_EDGE('',*,*,#2537,.F.);
#5042 = ORIENTED_EDGE('',*,*,#2602,.F.);
#5043 = ORIENTED_EDGE('',*,*,#5044,.T.);
#5044 = EDGE_CURVE('',#2595,#2033,#5045,.T.);
#5045 = LINE('',#5046,#5047);
#5046 = CARTESIAN_POINT('',(110.7,-83.7,-1.));
#5047 = VECTOR('',#5048,1.);
#5048 = DIRECTION('',(0.,0.,1.));
#5049 = ORIENTED_EDGE('',*,*,#2032,.F.);
#5050 = PLANE('',#5051);
#5051 = AXIS2_PLACEMENT_3D('',#5052,#5053,#5054);
#5052 = CARTESIAN_POINT('',(110.7,-96.3,-1.));
#5053 = DIRECTION('',(1.,0.,0.));
#5054 = DIRECTION('',(0.,0.,1.));
#5055 = ADVANCED_FACE('',(#5056),#5067,.F.);
#5056 = FACE_BOUND('',#5057,.F.);
#5057 = EDGE_LOOP('',(#5058,#5064,#5065,#5066));
#5058 = ORIENTED_EDGE('',*,*,#5059,.F.);
#5059 = EDGE_CURVE('',#2587,#2041,#5060,.T.);
#5060 = LINE('',#5061,#5062);
#5061 = CARTESIAN_POINT('',(119.3,-83.7,-1.));
#5062 = VECTOR('',#5063,1.);
#5063 = DIRECTION('',(0.,0.,1.));
#5064 = ORIENTED_EDGE('',*,*,#2594,.F.);
#5065 = ORIENTED_EDGE('',*,*,#5044,.T.);
#5066 = ORIENTED_EDGE('',*,*,#2040,.F.);
#5067 = PLANE('',#5068);
#5068 = AXIS2_PLACEMENT_3D('',#5069,#5070,#5071);
#5069 = CARTESIAN_POINT('',(110.7,-83.7,-1.));
#5070 = DIRECTION('',(0.,1.,0.));
#5071 = DIRECTION('',(0.,0.,1.));
#5072 = ADVANCED_FACE('',(#5073),#5080,.F.);
#5073 = FACE_BOUND('',#5074,.F.);
#5074 = EDGE_LOOP('',(#5075,#5076,#5077,#5078,#5079));
#5075 = ORIENTED_EDGE('',*,*,#5019,.F.);
#5076 = ORIENTED_EDGE('',*,*,#2553,.F.);
#5077 = ORIENTED_EDGE('',*,*,#2586,.F.);
#5078 = ORIENTED_EDGE('',*,*,#5059,.T.);
#5079 = ORIENTED_EDGE('',*,*,#2048,.F.);
#5080 = PLANE('',#5081);
#5081 = AXIS2_PLACEMENT_3D('',#5082,#5083,#5084);
#5082 = CARTESIAN_POINT('',(119.3,-96.3,-1.));
#5083 = DIRECTION('',(1.,0.,0.));
#5084 = DIRECTION('',(0.,0.,1.));
#5085 = ADVANCED_FACE('',(#5086),#5093,.T.);
#5086 = FACE_BOUND('',#5087,.T.);
#5087 = EDGE_LOOP('',(#5088,#5089,#5090,#5091,#5092));
#5088 = ORIENTED_EDGE('',*,*,#2222,.T.);
#5089 = ORIENTED_EDGE('',*,*,#2191,.T.);
#5090 = ORIENTED_EDGE('',*,*,#2360,.T.);
#5091 = ORIENTED_EDGE('',*,*,#2304,.T.);
#5092 = ORIENTED_EDGE('',*,*,#2280,.T.);
#5093 = PLANE('',#5094);
#5094 = AXIS2_PLACEMENT_3D('',#5095,#5096,#5097);
#5095 = CARTESIAN_POINT('',(89.6,90.,9.343075305071));
#5096 = DIRECTION('',(1.,0.,0.));
#5097 = DIRECTION('',(0.,0.,1.));
#5098 = ADVANCED_FACE('',(#5099),#5108,.T.);
#5099 = FACE_BOUND('',#5100,.T.);
#5100 = EDGE_LOOP('',(#5101,#5102,#5103,#5104,#5105,#5106,#5107));
#5101 = ORIENTED_EDGE('',*,*,#2654,.F.);
#5102 = ORIENTED_EDGE('',*,*,#3512,.T.);
#5103 = ORIENTED_EDGE('',*,*,#3498,.F.);
#5104 = ORIENTED_EDGE('',*,*,#3465,.F.);
#5105 = ORIENTED_EDGE('',*,*,#3449,.T.);
#5106 = ORIENTED_EDGE('',*,*,#3416,.F.);
#5107 = ORIENTED_EDGE('',*,*,#3384,.F.);
#5108 = PLANE('',#5109);
#5109 = AXIS2_PLACEMENT_3D('',#5110,#5111,#5112);
#5110 = CARTESIAN_POINT('',(-140.,-147.5,4.));
#5111 = DIRECTION('',(0.,0.,1.));
#5112 = DIRECTION('',(1.,0.,0.));
#5113 = ADVANCED_FACE('',(#5114,#5120),#5154,.T.);
#5114 = FACE_BOUND('',#5115,.T.);
#5115 = EDGE_LOOP('',(#5116,#5117,#5118,#5119));
#5116 = ORIENTED_EDGE('',*,*,#2670,.F.);
#5117 = ORIENTED_EDGE('',*,*,#3393,.T.);
#5118 = ORIENTED_EDGE('',*,*,#3224,.F.);
#5119 = ORIENTED_EDGE('',*,*,#3173,.F.);
#5120 = FACE_BOUND('',#5121,.T.);
#5121 = EDGE_LOOP('',(#5122,#5132,#5140,#5148));
#5122 = ORIENTED_EDGE('',*,*,#5123,.T.);
#5123 = EDGE_CURVE('',#5124,#5126,#5128,.T.);
#5124 = VERTEX_POINT('',#5125);
#5125 = CARTESIAN_POINT('',(-110.7,-96.3,24.));
#5126 = VERTEX_POINT('',#5127);
#5127 = CARTESIAN_POINT('',(-119.3,-96.3,24.));
#5128 = LINE('',#5129,#5130);
#5129 = CARTESIAN_POINT('',(-129.65,-96.3,24.));
#5130 = VECTOR('',#5131,1.);
#5131 = DIRECTION('',(-1.,0.,0.));
#5132 = ORIENTED_EDGE('',*,*,#5133,.T.);
#5133 = EDGE_CURVE('',#5126,#5134,#5136,.T.);
#5134 = VERTEX_POINT('',#5135);
#5135 = CARTESIAN_POINT('',(-119.3,-83.7,24.));
#5136 = LINE('',#5137,#5138);
#5137 = CARTESIAN_POINT('',(-119.3,-105.65,24.));
#5138 = VECTOR('',#5139,1.);
#5139 = DIRECTION('',(0.,1.,0.));
#5140 = ORIENTED_EDGE('',*,*,#5141,.F.);
#5141 = EDGE_CURVE('',#5142,#5134,#5144,.T.);
#5142 = VERTEX_POINT('',#5143);
#5143 = CARTESIAN_POINT('',(-110.7,-83.7,24.));
#5144 = LINE('',#5145,#5146);
#5145 = CARTESIAN_POINT('',(-129.65,-83.7,24.));
#5146 = VECTOR('',#5147,1.);
#5147 = DIRECTION('',(-1.,0.,0.));
#5148 = ORIENTED_EDGE('',*,*,#5149,.F.);
#5149 = EDGE_CURVE('',#5124,#5142,#5150,.T.);
#5150 = LINE('',#5151,#5152);
#5151 = CARTESIAN_POINT('',(-110.7,-105.65,24.));
#5152 = VECTOR('',#5153,1.);
#5153 = DIRECTION('',(0.,1.,0.));
#5154 = PLANE('',#5155);
#5155 = AXIS2_PLACEMENT_3D('',#5156,#5157,#5158);
#5156 = CARTESIAN_POINT('',(-140.,-115.,24.));
#5157 = DIRECTION('',(0.,0.,1.));
#5158 = DIRECTION('',(1.,0.,0.));
#5159 = ADVANCED_FACE('',(#5160),#5174,.T.);
#5160 = FACE_BOUND('',#5161,.T.);
#5161 = EDGE_LOOP('',(#5162,#5163,#5164,#5165,#5166,#5167,#5168));
#5162 = ORIENTED_EDGE('',*,*,#2686,.F.);
#5163 = ORIENTED_EDGE('',*,*,#3166,.T.);
#5164 = ORIENTED_EDGE('',*,*,#3152,.F.);
#5165 = ORIENTED_EDGE('',*,*,#3128,.F.);
#5166 = ORIENTED_EDGE('',*,*,#3095,.F.);
#5167 = ORIENTED_EDGE('',*,*,#3079,.T.);
#5168 = ORIENTED_EDGE('',*,*,#5169,.F.);
#5169 = EDGE_CURVE('',#2687,#3072,#5170,.T.);
#5170 = LINE('',#5171,#5172);
#5171 = CARTESIAN_POINT('',(-140.,65.,4.));
#5172 = VECTOR('',#5173,1.);
#5173 = DIRECTION('',(1.,0.,0.));
#5174 = PLANE('',#5175);
#5175 = AXIS2_PLACEMENT_3D('',#5176,#5177,#5178);
#5176 = CARTESIAN_POINT('',(-140.,-147.5,4.));
#5177 = DIRECTION('',(0.,0.,1.));
#5178 = DIRECTION('',(1.,0.,0.));
#5179 = ADVANCED_FACE('',(#5180),#5214,.F.);
#5180 = FACE_BOUND('',#5181,.F.);
#5181 = EDGE_LOOP('',(#5182,#5183,#5184,#5192,#5200,#5206,#5207,#5213));
#5182 = ORIENTED_EDGE('',*,*,#5169,.F.);
#5183 = ORIENTED_EDGE('',*,*,#2694,.T.);
#5184 = ORIENTED_EDGE('',*,*,#5185,.T.);
#5185 = EDGE_CURVE('',#2695,#5186,#5188,.T.);
#5186 = VERTEX_POINT('',#5187);
#5187 = CARTESIAN_POINT('',(-85.,65.,24.));
#5188 = LINE('',#5189,#5190);
#5189 = CARTESIAN_POINT('',(-140.,65.,24.));
#5190 = VECTOR('',#5191,1.);
#5191 = DIRECTION('',(1.,0.,0.));
#5192 = ORIENTED_EDGE('',*,*,#5193,.F.);
#5193 = EDGE_CURVE('',#5194,#5186,#5196,.T.);
#5194 = VERTEX_POINT('',#5195);
#5195 = CARTESIAN_POINT('',(-85.,65.,4.));
#5196 = LINE('',#5197,#5198);
#5197 = CARTESIAN_POINT('',(-85.,65.,4.));
#5198 = VECTOR('',#5199,1.);
#5199 = DIRECTION('',(0.,0.,1.));
#5200 = ORIENTED_EDGE('',*,*,#5201,.F.);
#5201 = EDGE_CURVE('',#3007,#5194,#5202,.T.);
#5202 = LINE('',#5203,#5204);
#5203 = CARTESIAN_POINT('',(-140.,65.,4.));
#5204 = VECTOR('',#5205,1.);
#5205 = DIRECTION('',(1.,0.,0.));
#5206 = ORIENTED_EDGE('',*,*,#3006,.F.);
#5207 = ORIENTED_EDGE('',*,*,#5208,.T.);
#5208 = EDGE_CURVE('',#2999,#3064,#5209,.T.);
#5209 = LINE('',#5210,#5211);
#5210 = CARTESIAN_POINT('',(-68.58471185246,65.,14.));
#5211 = VECTOR('',#5212,1.);
#5212 = DIRECTION('',(-1.,0.,0.));
#5213 = ORIENTED_EDGE('',*,*,#3071,.T.);
#5214 = PLANE('',#5215);
#5215 = AXIS2_PLACEMENT_3D('',#5216,#5217,#5218);
#5216 = CARTESIAN_POINT('',(-140.,65.,4.));
#5217 = DIRECTION('',(0.,1.,0.));
#5218 = DIRECTION('',(0.,0.,1.));
#5219 = ADVANCED_FACE('',(#5220,#5238),#5272,.T.);
#5220 = FACE_BOUND('',#5221,.T.);
#5221 = EDGE_LOOP('',(#5222,#5223,#5224,#5232));
#5222 = ORIENTED_EDGE('',*,*,#2702,.F.);
#5223 = ORIENTED_EDGE('',*,*,#5185,.T.);
#5224 = ORIENTED_EDGE('',*,*,#5225,.T.);
#5225 = EDGE_CURVE('',#5186,#5226,#5228,.T.);
#5226 = VERTEX_POINT('',#5227);
#5227 = CARTESIAN_POINT('',(-85.,115.,24.));
#5228 = LINE('',#5229,#5230);
#5229 = CARTESIAN_POINT('',(-85.,65.,24.));
#5230 = VECTOR('',#5231,1.);
#5231 = DIRECTION('',(0.,1.,0.));
#5232 = ORIENTED_EDGE('',*,*,#5233,.F.);
#5233 = EDGE_CURVE('',#2703,#5226,#5234,.T.);
#5234 = LINE('',#5235,#5236);
#5235 = CARTESIAN_POINT('',(-140.,115.,24.));
#5236 = VECTOR('',#5237,1.);
#5237 = DIRECTION('',(1.,0.,0.));
#5238 = FACE_BOUND('',#5239,.T.);
#5239 = EDGE_LOOP('',(#5240,#5250,#5258,#5266));
#5240 = ORIENTED_EDGE('',*,*,#5241,.T.);
#5241 = EDGE_CURVE('',#5242,#5244,#5246,.T.);
#5242 = VERTEX_POINT('',#5243);
#5243 = CARTESIAN_POINT('',(-110.7,83.7,24.));
#5244 = VERTEX_POINT('',#5245);
#5245 = CARTESIAN_POINT('',(-119.3,83.7,24.));
#5246 = LINE('',#5247,#5248);
#5247 = CARTESIAN_POINT('',(-129.65,83.7,24.));
#5248 = VECTOR('',#5249,1.);
#5249 = DIRECTION('',(-1.,0.,0.));
#5250 = ORIENTED_EDGE('',*,*,#5251,.T.);
#5251 = EDGE_CURVE('',#5244,#5252,#5254,.T.);
#5252 = VERTEX_POINT('',#5253);
#5253 = CARTESIAN_POINT('',(-119.3,96.3,24.));
#5254 = LINE('',#5255,#5256);
#5255 = CARTESIAN_POINT('',(-119.3,74.35,24.));
#5256 = VECTOR('',#5257,1.);
#5257 = DIRECTION('',(0.,1.,0.));
#5258 = ORIENTED_EDGE('',*,*,#5259,.F.);
#5259 = EDGE_CURVE('',#5260,#5252,#5262,.T.);
#5260 = VERTEX_POINT('',#5261);
#5261 = CARTESIAN_POINT('',(-110.7,96.3,24.));
#5262 = LINE('',#5263,#5264);
#5263 = CARTESIAN_POINT('',(-129.65,96.3,24.));
#5264 = VECTOR('',#5265,1.);
#5265 = DIRECTION('',(-1.,0.,0.));
#5266 = ORIENTED_EDGE('',*,*,#5267,.F.);
#5267 = EDGE_CURVE('',#5242,#5260,#5268,.T.);
#5268 = LINE('',#5269,#5270);
#5269 = CARTESIAN_POINT('',(-110.7,74.35,24.));
#5270 = VECTOR('',#5271,1.);
#5271 = DIRECTION('',(0.,1.,0.));
#5272 = PLANE('',#5273);
#5273 = AXIS2_PLACEMENT_3D('',#5274,#5275,#5276);
#5274 = CARTESIAN_POINT('',(-140.,65.,24.));
#5275 = DIRECTION('',(0.,0.,1.));
#5276 = DIRECTION('',(1.,0.,0.));
#5277 = ADVANCED_FACE('',(#5278),#5296,.T.);
#5278 = FACE_BOUND('',#5279,.T.);
#5279 = EDGE_LOOP('',(#5280,#5288,#5289,#5290));
#5280 = ORIENTED_EDGE('',*,*,#5281,.F.);
#5281 = EDGE_CURVE('',#2711,#5282,#5284,.T.);
#5282 = VERTEX_POINT('',#5283);
#5283 = CARTESIAN_POINT('',(-85.,115.,4.));
#5284 = LINE('',#5285,#5286);
#5285 = CARTESIAN_POINT('',(-140.,115.,4.));
#5286 = VECTOR('',#5287,1.);
#5287 = DIRECTION('',(1.,0.,0.));
#5288 = ORIENTED_EDGE('',*,*,#2710,.T.);
#5289 = ORIENTED_EDGE('',*,*,#5233,.T.);
#5290 = ORIENTED_EDGE('',*,*,#5291,.F.);
#5291 = EDGE_CURVE('',#5282,#5226,#5292,.T.);
#5292 = LINE('',#5293,#5294);
#5293 = CARTESIAN_POINT('',(-85.,115.,4.));
#5294 = VECTOR('',#5295,1.);
#5295 = DIRECTION('',(0.,0.,1.));
#5296 = PLANE('',#5297);
#5297 = AXIS2_PLACEMENT_3D('',#5298,#5299,#5300);
#5298 = CARTESIAN_POINT('',(-140.,115.,4.));
#5299 = DIRECTION('',(0.,1.,0.));
#5300 = DIRECTION('',(0.,0.,1.));
#5301 = ADVANCED_FACE('',(#5302,#5317),#5351,.T.);
#5302 = FACE_BOUND('',#5303,.T.);
#5303 = EDGE_LOOP('',(#5304,#5305,#5306,#5312,#5313,#5314,#5315,#5316));
#5304 = ORIENTED_EDGE('',*,*,#2718,.F.);
#5305 = ORIENTED_EDGE('',*,*,#5281,.T.);
#5306 = ORIENTED_EDGE('',*,*,#5307,.F.);
#5307 = EDGE_CURVE('',#5194,#5282,#5308,.T.);
#5308 = LINE('',#5309,#5310);
#5309 = CARTESIAN_POINT('',(-85.,65.,4.));
#5310 = VECTOR('',#5311,1.);
#5311 = DIRECTION('',(0.,1.,0.));
#5312 = ORIENTED_EDGE('',*,*,#5201,.F.);
#5313 = ORIENTED_EDGE('',*,*,#3014,.F.);
#5314 = ORIENTED_EDGE('',*,*,#2964,.F.);
#5315 = ORIENTED_EDGE('',*,*,#2851,.T.);
#5316 = ORIENTED_EDGE('',*,*,#2827,.F.);
#5317 = FACE_BOUND('',#5318,.T.);
#5318 = EDGE_LOOP('',(#5319,#5329,#5337,#5345));
#5319 = ORIENTED_EDGE('',*,*,#5320,.T.);
#5320 = EDGE_CURVE('',#5321,#5323,#5325,.T.);
#5321 = VERTEX_POINT('',#5322);
#5322 = CARTESIAN_POINT('',(-40.20285622446,50.283552409764,4.));
#5323 = VERTEX_POINT('',#5324);
#5324 = CARTESIAN_POINT('',(-33.3959853028,33.620224163105,4.));
#5325 = LINE('',#5326,#5327);
#5326 = CARTESIAN_POINT('',(-9.315356073881,-25.32953907555,4.));
#5327 = VECTOR('',#5328,1.);
#5328 = DIRECTION('',(0.378159495647,-0.925740458148,0.));
#5329 = ORIENTED_EDGE('',*,*,#5330,.T.);
#5330 = EDGE_CURVE('',#5323,#5331,#5333,.T.);
#5331 = VERTEX_POINT('',#5332);
#5332 = CARTESIAN_POINT('',(-44.50487080057,29.082310215335,4.));
#5333 = LINE('',#5334,#5335);
#5334 = CARTESIAN_POINT('',(-110.7786218803,2.009875320213,4.));
#5335 = VECTOR('',#5336,1.);
#5336 = DIRECTION('',(-0.925740458148,-0.378159495647,0.));
#5337 = ORIENTED_EDGE('',*,*,#5338,.F.);
#5338 = EDGE_CURVE('',#5339,#5331,#5341,.T.);
#5339 = VERTEX_POINT('',#5340);
#5340 = CARTESIAN_POINT('',(-51.31174172223,45.745638461995,4.));
#5341 = LINE('',#5342,#5343);
#5342 = CARTESIAN_POINT('',(-20.42424157165,-29.86745302332,4.));
#5343 = VECTOR('',#5344,1.);
#5344 = DIRECTION('',(0.378159495647,-0.925740458148,0.));
#5345 = ORIENTED_EDGE('',*,*,#5346,.F.);
#5346 = EDGE_CURVE('',#5321,#5339,#5347,.T.);
#5347 = LINE('',#5348,#5349);
#5348 = CARTESIAN_POINT('',(-117.5854928019,18.673203566873,4.));
#5349 = VECTOR('',#5350,1.);
#5350 = DIRECTION('',(-0.925740458148,-0.378159495647,0.));
#5351 = PLANE('',#5352);
#5352 = AXIS2_PLACEMENT_3D('',#5353,#5354,#5355);
#5353 = CARTESIAN_POINT('',(-140.,-147.5,4.));
#5354 = DIRECTION('',(0.,0.,1.));
#5355 = DIRECTION('',(1.,0.,0.));
#5356 = ADVANCED_FACE('',(#5357),#5382,.T.);
#5357 = FACE_BOUND('',#5358,.T.);
#5358 = EDGE_LOOP('',(#5359,#5360,#5368,#5376));
#5359 = ORIENTED_EDGE('',*,*,#2737,.F.);
#5360 = ORIENTED_EDGE('',*,*,#5361,.T.);
#5361 = EDGE_CURVE('',#2738,#5362,#5364,.T.);
#5362 = VERTEX_POINT('',#5363);
#5363 = CARTESIAN_POINT('',(-89.6,77.6,8.4));
#5364 = LINE('',#5365,#5366);
#5365 = CARTESIAN_POINT('',(-142.,77.6,8.4));
#5366 = VECTOR('',#5367,1.);
#5367 = DIRECTION('',(1.,0.,0.));
#5368 = ORIENTED_EDGE('',*,*,#5369,.T.);
#5369 = EDGE_CURVE('',#5362,#5370,#5372,.T.);
#5370 = VERTEX_POINT('',#5371);
#5371 = CARTESIAN_POINT('',(-89.6,77.6,3.6));
#5372 = LINE('',#5373,#5374);
#5373 = CARTESIAN_POINT('',(-89.6,77.6,8.4));
#5374 = VECTOR('',#5375,1.);
#5375 = DIRECTION('',(0.,0.,-1.));
#5376 = ORIENTED_EDGE('',*,*,#5377,.F.);
#5377 = EDGE_CURVE('',#2740,#5370,#5378,.T.);
#5378 = LINE('',#5379,#5380);
#5379 = CARTESIAN_POINT('',(-142.,77.6,3.6));
#5380 = VECTOR('',#5381,1.);
#5381 = DIRECTION('',(1.,0.,0.));
#5382 = PLANE('',#5383);
#5383 = AXIS2_PLACEMENT_3D('',#5384,#5385,#5386);
#5384 = CARTESIAN_POINT('',(-142.,77.6,8.4));
#5385 = DIRECTION('',(0.,1.,0.));
#5386 = DIRECTION('',(0.,0.,-1.));
#5387 = ADVANCED_FACE('',(#5388,#5406),#5412,.T.);
#5388 = FACE_BOUND('',#5389,.T.);
#5389 = EDGE_LOOP('',(#5390,#5391,#5392,#5400));
#5390 = ORIENTED_EDGE('',*,*,#2747,.F.);
#5391 = ORIENTED_EDGE('',*,*,#5377,.T.);
#5392 = ORIENTED_EDGE('',*,*,#5393,.T.);
#5393 = EDGE_CURVE('',#5370,#5394,#5396,.T.);
#5394 = VERTEX_POINT('',#5395);
#5395 = CARTESIAN_POINT('',(-89.6,102.4,3.6));
#5396 = LINE('',#5397,#5398);
#5397 = CARTESIAN_POINT('',(-89.6,77.6,3.6));
#5398 = VECTOR('',#5399,1.);
#5399 = DIRECTION('',(0.,1.,0.));
#5400 = ORIENTED_EDGE('',*,*,#5401,.F.);
#5401 = EDGE_CURVE('',#2748,#5394,#5402,.T.);
#5402 = LINE('',#5403,#5404);
#5403 = CARTESIAN_POINT('',(-142.,102.4,3.6));
#5404 = VECTOR('',#5405,1.);
#5405 = DIRECTION('',(1.,0.,0.));
#5406 = FACE_BOUND('',#5407,.T.);
#5407 = EDGE_LOOP('',(#5408,#5409,#5410,#5411));
#5408 = ORIENTED_EDGE('',*,*,#4872,.T.);
#5409 = ORIENTED_EDGE('',*,*,#4896,.T.);
#5410 = ORIENTED_EDGE('',*,*,#4920,.F.);
#5411 = ORIENTED_EDGE('',*,*,#4937,.F.);
#5412 = PLANE('',#5413);
#5413 = AXIS2_PLACEMENT_3D('',#5414,#5415,#5416);
#5414 = CARTESIAN_POINT('',(-142.,77.6,3.6));
#5415 = DIRECTION('',(0.,0.,1.));
#5416 = DIRECTION('',(0.,1.,0.));
#5417 = ADVANCED_FACE('',(#5418),#5436,.T.);
#5418 = FACE_BOUND('',#5419,.T.);
#5419 = EDGE_LOOP('',(#5420,#5421,#5422,#5430));
#5420 = ORIENTED_EDGE('',*,*,#2755,.F.);
#5421 = ORIENTED_EDGE('',*,*,#5401,.T.);
#5422 = ORIENTED_EDGE('',*,*,#5423,.T.);
#5423 = EDGE_CURVE('',#5394,#5424,#5426,.T.);
#5424 = VERTEX_POINT('',#5425);
#5425 = CARTESIAN_POINT('',(-89.6,102.4,8.4));
#5426 = LINE('',#5427,#5428);
#5427 = CARTESIAN_POINT('',(-89.6,102.4,3.6));
#5428 = VECTOR('',#5429,1.);
#5429 = DIRECTION('',(0.,0.,1.));
#5430 = ORIENTED_EDGE('',*,*,#5431,.F.);
#5431 = EDGE_CURVE('',#2756,#5424,#5432,.T.);
#5432 = LINE('',#5433,#5434);
#5433 = CARTESIAN_POINT('',(-142.,102.4,8.4));
#5434 = VECTOR('',#5435,1.);
#5435 = DIRECTION('',(1.,0.,0.));
#5436 = PLANE('',#5437);
#5437 = AXIS2_PLACEMENT_3D('',#5438,#5439,#5440);
#5438 = CARTESIAN_POINT('',(-142.,102.4,3.6));
#5439 = DIRECTION('',(0.,-1.,0.));
#5440 = DIRECTION('',(0.,0.,1.));
#5441 = ADVANCED_FACE('',(#5442),#5492,.T.);
#5442 = FACE_BOUND('',#5443,.T.);
#5443 = EDGE_LOOP('',(#5444,#5445,#5446,#5454,#5462,#5470,#5478,#5486));
#5444 = ORIENTED_EDGE('',*,*,#2763,.F.);
#5445 = ORIENTED_EDGE('',*,*,#5431,.T.);
#5446 = ORIENTED_EDGE('',*,*,#5447,.T.);
#5447 = EDGE_CURVE('',#5424,#5448,#5450,.T.);
#5448 = VERTEX_POINT('',#5449);
#5449 = CARTESIAN_POINT('',(-89.6,90.,20.4));
#5450 = LINE('',#5451,#5452);
#5451 = CARTESIAN_POINT('',(-89.6,102.4,8.4));
#5452 = VECTOR('',#5453,1.);
#5453 = DIRECTION('',(0.,-0.718602141767,0.695421427516));
#5454 = ORIENTED_EDGE('',*,*,#5455,.F.);
#5455 = EDGE_CURVE('',#5456,#5448,#5458,.T.);
#5456 = VERTEX_POINT('',#5457);
#5457 = CARTESIAN_POINT('',(-110.7,90.,20.4));
#5458 = LINE('',#5459,#5460);
#5459 = CARTESIAN_POINT('',(-142.,90.,20.4));
#5460 = VECTOR('',#5461,1.);
#5461 = DIRECTION('',(1.,0.,0.));
#5462 = ORIENTED_EDGE('',*,*,#5463,.F.);
#5463 = EDGE_CURVE('',#5464,#5456,#5466,.T.);
#5464 = VERTEX_POINT('',#5465);
#5465 = CARTESIAN_POINT('',(-110.7,96.3,14.303225806452));
#5466 = LINE('',#5467,#5468);
#5467 = CARTESIAN_POINT('',(-110.7,99.920499731327,10.799516389038));
#5468 = VECTOR('',#5469,1.);
#5469 = DIRECTION('',(0.,-0.718602141767,0.695421427516));
#5470 = ORIENTED_EDGE('',*,*,#5471,.F.);
#5471 = EDGE_CURVE('',#5472,#5464,#5474,.T.);
#5472 = VERTEX_POINT('',#5473);
#5473 = CARTESIAN_POINT('',(-119.3,96.3,14.303225806452));
#5474 = LINE('',#5475,#5476);
#5475 = CARTESIAN_POINT('',(-130.65,96.3,14.303225806452));
#5476 = VECTOR('',#5477,1.);
#5477 = DIRECTION('',(1.,0.,0.));
#5478 = ORIENTED_EDGE('',*,*,#5479,.T.);
#5479 = EDGE_CURVE('',#5472,#5480,#5482,.T.);
#5480 = VERTEX_POINT('',#5481);
#5481 = CARTESIAN_POINT('',(-119.3,90.,20.4));
#5482 = LINE('',#5483,#5484);
#5483 = CARTESIAN_POINT('',(-119.3,99.920499731327,10.799516389038));
#5484 = VECTOR('',#5485,1.);
#5485 = DIRECTION('',(0.,-0.718602141767,0.695421427516));
#5486 = ORIENTED_EDGE('',*,*,#5487,.F.);
#5487 = EDGE_CURVE('',#2764,#5480,#5488,.T.);
#5488 = LINE('',#5489,#5490);
#5489 = CARTESIAN_POINT('',(-142.,90.,20.4));
#5490 = VECTOR('',#5491,1.);
#5491 = DIRECTION('',(1.,0.,0.));
#5492 = PLANE('',#5493);
#5493 = AXIS2_PLACEMENT_3D('',#5494,#5495,#5496);
#5494 = CARTESIAN_POINT('',(-142.,102.4,8.4));
#5495 = DIRECTION('',(0.,-0.695421427516,-0.718602141767));
#5496 = DIRECTION('',(0.,-0.718602141767,0.695421427516));
#5497 = ADVANCED_FACE('',(#5498),#5532,.T.);
#5498 = FACE_BOUND('',#5499,.T.);
#5499 = EDGE_LOOP('',(#5500,#5501,#5502,#5510,#5518,#5524,#5525,#5531));
#5500 = ORIENTED_EDGE('',*,*,#2771,.F.);
#5501 = ORIENTED_EDGE('',*,*,#5487,.T.);
#5502 = ORIENTED_EDGE('',*,*,#5503,.T.);
#5503 = EDGE_CURVE('',#5480,#5504,#5506,.T.);
#5504 = VERTEX_POINT('',#5505);
#5505 = CARTESIAN_POINT('',(-119.3,83.7,14.303225806452));
#5506 = LINE('',#5507,#5508);
#5507 = CARTESIAN_POINT('',(-119.3,83.026249328318,13.651209027405));
#5508 = VECTOR('',#5509,1.);
#5509 = DIRECTION('',(0.,-0.718602141767,-0.695421427516));
#5510 = ORIENTED_EDGE('',*,*,#5511,.T.);
#5511 = EDGE_CURVE('',#5504,#5512,#5514,.T.);
#5512 = VERTEX_POINT('',#5513);
#5513 = CARTESIAN_POINT('',(-110.7,83.7,14.303225806452));
#5514 = LINE('',#5515,#5516);
#5515 = CARTESIAN_POINT('',(-130.65,83.7,14.303225806452));
#5516 = VECTOR('',#5517,1.);
#5517 = DIRECTION('',(1.,0.,0.));
#5518 = ORIENTED_EDGE('',*,*,#5519,.F.);
#5519 = EDGE_CURVE('',#5456,#5512,#5520,.T.);
#5520 = LINE('',#5521,#5522);
#5521 = CARTESIAN_POINT('',(-110.7,83.026249328318,13.651209027405));
#5522 = VECTOR('',#5523,1.);
#5523 = DIRECTION('',(0.,-0.718602141767,-0.695421427516));
#5524 = ORIENTED_EDGE('',*,*,#5455,.T.);
#5525 = ORIENTED_EDGE('',*,*,#5526,.T.);
#5526 = EDGE_CURVE('',#5448,#5362,#5527,.T.);
#5527 = LINE('',#5528,#5529);
#5528 = CARTESIAN_POINT('',(-89.6,90.,20.4));
#5529 = VECTOR('',#5530,1.);
#5530 = DIRECTION('',(0.,-0.718602141767,-0.695421427516));
#5531 = ORIENTED_EDGE('',*,*,#5361,.F.);
#5532 = PLANE('',#5533);
#5533 = AXIS2_PLACEMENT_3D('',#5534,#5535,#5536);
#5534 = CARTESIAN_POINT('',(-142.,90.,20.4));
#5535 = DIRECTION('',(0.,0.695421427516,-0.718602141767));
#5536 = DIRECTION('',(0.,-0.718602141767,-0.695421427516));
#5537 = ADVANCED_FACE('',(#5538),#5549,.T.);
#5538 = FACE_BOUND('',#5539,.T.);
#5539 = EDGE_LOOP('',(#5540,#5541,#5542,#5543));
#5540 = ORIENTED_EDGE('',*,*,#2779,.F.);
#5541 = ORIENTED_EDGE('',*,*,#3370,.T.);
#5542 = ORIENTED_EDGE('',*,*,#3302,.T.);
#5543 = ORIENTED_EDGE('',*,*,#5544,.F.);
#5544 = EDGE_CURVE('',#2782,#3305,#5545,.T.);
#5545 = LINE('',#5546,#5547);
#5546 = CARTESIAN_POINT('',(-142.,-102.4,3.6));
#5547 = VECTOR('',#5548,1.);
#5548 = DIRECTION('',(1.,0.,0.));
#5549 = PLANE('',#5550);
#5550 = AXIS2_PLACEMENT_3D('',#5551,#5552,#5553);
#5551 = CARTESIAN_POINT('',(-142.,-102.4,8.4));
#5552 = DIRECTION('',(0.,1.,0.));
#5553 = DIRECTION('',(0.,0.,-1.));
#5554 = ADVANCED_FACE('',(#5555,#5566),#5572,.T.);
#5555 = FACE_BOUND('',#5556,.T.);
#5556 = EDGE_LOOP('',(#5557,#5558,#5559,#5560));
#5557 = ORIENTED_EDGE('',*,*,#2789,.F.);
#5558 = ORIENTED_EDGE('',*,*,#5544,.T.);
#5559 = ORIENTED_EDGE('',*,*,#3312,.T.);
#5560 = ORIENTED_EDGE('',*,*,#5561,.F.);
#5561 = EDGE_CURVE('',#2790,#3313,#5562,.T.);
#5562 = LINE('',#5563,#5564);
#5563 = CARTESIAN_POINT('',(-142.,-77.6,3.6));
#5564 = VECTOR('',#5565,1.);
#5565 = DIRECTION('',(1.,0.,0.));
#5566 = FACE_BOUND('',#5567,.T.);
#5567 = EDGE_LOOP('',(#5568,#5569,#5570,#5571));
#5568 = ORIENTED_EDGE('',*,*,#4708,.T.);
#5569 = ORIENTED_EDGE('',*,*,#4732,.T.);
#5570 = ORIENTED_EDGE('',*,*,#4756,.F.);
#5571 = ORIENTED_EDGE('',*,*,#4773,.F.);
#5572 = PLANE('',#5573);
#5573 = AXIS2_PLACEMENT_3D('',#5574,#5575,#5576);
#5574 = CARTESIAN_POINT('',(-142.,-102.4,3.6));
#5575 = DIRECTION('',(0.,0.,1.));
#5576 = DIRECTION('',(0.,1.,0.));
#5577 = ADVANCED_FACE('',(#5578),#5584,.T.);
#5578 = FACE_BOUND('',#5579,.T.);
#5579 = EDGE_LOOP('',(#5580,#5581,#5582,#5583));
#5580 = ORIENTED_EDGE('',*,*,#2797,.F.);
#5581 = ORIENTED_EDGE('',*,*,#5561,.T.);
#5582 = ORIENTED_EDGE('',*,*,#3320,.T.);
#5583 = ORIENTED_EDGE('',*,*,#3240,.F.);
#5584 = PLANE('',#5585);
#5585 = AXIS2_PLACEMENT_3D('',#5586,#5587,#5588);
#5586 = CARTESIAN_POINT('',(-142.,-77.6,3.6));
#5587 = DIRECTION('',(0.,-1.,0.));
#5588 = DIRECTION('',(0.,0.,1.));
#5589 = ADVANCED_FACE('',(#5590),#5596,.T.);
#5590 = FACE_BOUND('',#5591,.T.);
#5591 = EDGE_LOOP('',(#5592,#5593,#5594,#5595));
#5592 = ORIENTED_EDGE('',*,*,#3063,.F.);
#5593 = ORIENTED_EDGE('',*,*,#3038,.F.);
#5594 = ORIENTED_EDGE('',*,*,#2998,.T.);
#5595 = ORIENTED_EDGE('',*,*,#5208,.T.);
#5596 = PLANE('',#5597);
#5597 = AXIS2_PLACEMENT_3D('',#5598,#5599,#5600);
#5598 = CARTESIAN_POINT('',(2.830576295061,-61.94139905813,14.));
#5599 = DIRECTION('',(0.,0.,1.));
#5600 = DIRECTION('',(-0.588171697675,0.808736084303,0.));
#5601 = ADVANCED_FACE('',(#5602),#5619,.F.);
#5602 = FACE_BOUND('',#5603,.F.);
#5603 = EDGE_LOOP('',(#5604,#5610,#5611,#5612,#5618));
#5604 = ORIENTED_EDGE('',*,*,#5605,.F.);
#5605 = EDGE_CURVE('',#3353,#5124,#5606,.T.);
#5606 = LINE('',#5607,#5608);
#5607 = CARTESIAN_POINT('',(-110.7,-96.3,-1.));
#5608 = VECTOR('',#5609,1.);
#5609 = DIRECTION('',(0.,0.,1.));
#5610 = ORIENTED_EDGE('',*,*,#3360,.F.);
#5611 = ORIENTED_EDGE('',*,*,#3264,.F.);
#5612 = ORIENTED_EDGE('',*,*,#5613,.T.);
#5613 = EDGE_CURVE('',#3265,#5142,#5614,.T.);
#5614 = LINE('',#5615,#5616);
#5615 = CARTESIAN_POINT('',(-110.7,-83.7,-1.));
#5616 = VECTOR('',#5617,1.);
#5617 = DIRECTION('',(0.,0.,1.));
#5618 = ORIENTED_EDGE('',*,*,#5149,.F.);
#5619 = PLANE('',#5620);
#5620 = AXIS2_PLACEMENT_3D('',#5621,#5622,#5623);
#5621 = CARTESIAN_POINT('',(-110.7,-96.3,-1.));
#5622 = DIRECTION('',(1.,0.,0.));
#5623 = DIRECTION('',(0.,0.,1.));
#5624 = ADVANCED_FACE('',(#5625),#5636,.F.);
#5625 = FACE_BOUND('',#5626,.F.);
#5626 = EDGE_LOOP('',(#5627,#5628,#5629,#5635));
#5627 = ORIENTED_EDGE('',*,*,#5613,.F.);
#5628 = ORIENTED_EDGE('',*,*,#3272,.F.);
#5629 = ORIENTED_EDGE('',*,*,#5630,.T.);
#5630 = EDGE_CURVE('',#3273,#5134,#5631,.T.);
#5631 = LINE('',#5632,#5633);
#5632 = CARTESIAN_POINT('',(-119.3,-83.7,-1.));
#5633 = VECTOR('',#5634,1.);
#5634 = DIRECTION('',(0.,0.,1.));
#5635 = ORIENTED_EDGE('',*,*,#5141,.F.);
#5636 = PLANE('',#5637);
#5637 = AXIS2_PLACEMENT_3D('',#5638,#5639,#5640);
#5638 = CARTESIAN_POINT('',(-119.3,-83.7,-1.));
#5639 = DIRECTION('',(0.,1.,0.));
#5640 = DIRECTION('',(0.,0.,1.));
#5641 = ADVANCED_FACE('',(#5642),#5654,.T.);
#5642 = FACE_BOUND('',#5643,.T.);
#5643 = EDGE_LOOP('',(#5644,#5650,#5651,#5652,#5653));
#5644 = ORIENTED_EDGE('',*,*,#5645,.F.);
#5645 = EDGE_CURVE('',#3345,#5126,#5646,.T.);
#5646 = LINE('',#5647,#5648);
#5647 = CARTESIAN_POINT('',(-119.3,-96.3,-1.));
#5648 = VECTOR('',#5649,1.);
#5649 = DIRECTION('',(0.,0.,1.));
#5650 = ORIENTED_EDGE('',*,*,#3344,.F.);
#5651 = ORIENTED_EDGE('',*,*,#3280,.F.);
#5652 = ORIENTED_EDGE('',*,*,#5630,.T.);
#5653 = ORIENTED_EDGE('',*,*,#5133,.F.);
#5654 = PLANE('',#5655);
#5655 = AXIS2_PLACEMENT_3D('',#5656,#5657,#5658);
#5656 = CARTESIAN_POINT('',(-119.3,-96.3,-1.));
#5657 = DIRECTION('',(1.,0.,0.));
#5658 = DIRECTION('',(0.,0.,1.));
#5659 = ADVANCED_FACE('',(#5660),#5666,.T.);
#5660 = FACE_BOUND('',#5661,.T.);
#5661 = EDGE_LOOP('',(#5662,#5663,#5664,#5665));
#5662 = ORIENTED_EDGE('',*,*,#5605,.F.);
#5663 = ORIENTED_EDGE('',*,*,#3352,.F.);
#5664 = ORIENTED_EDGE('',*,*,#5645,.T.);
#5665 = ORIENTED_EDGE('',*,*,#5123,.F.);
#5666 = PLANE('',#5667);
#5667 = AXIS2_PLACEMENT_3D('',#5668,#5669,#5670);
#5668 = CARTESIAN_POINT('',(-119.3,-96.3,-1.));
#5669 = DIRECTION('',(0.,1.,0.));
#5670 = DIRECTION('',(0.,0.,1.));
#5671 = ADVANCED_FACE('',(#5672),#5684,.T.);
#5672 = FACE_BOUND('',#5673,.T.);
#5673 = EDGE_LOOP('',(#5674,#5681,#5682,#5683));
#5674 = ORIENTED_EDGE('',*,*,#5675,.F.);
#5675 = EDGE_CURVE('',#3786,#3714,#5676,.T.);
#5676 = CIRCLE('',#5677,14.5);
#5677 = AXIS2_PLACEMENT_3D('',#5678,#5679,#5680);
#5678 = CARTESIAN_POINT('',(0.,-64.,4.));
#5679 = DIRECTION('',(0.,0.,1.));
#5680 = DIRECTION('',(1.,0.,0.));
#5681 = ORIENTED_EDGE('',*,*,#3785,.T.);
#5682 = ORIENTED_EDGE('',*,*,#3769,.T.);
#5683 = ORIENTED_EDGE('',*,*,#3713,.F.);
#5684 = PLANE('',#5685);
#5685 = AXIS2_PLACEMENT_3D('',#5686,#5687,#5688);
#5686 = CARTESIAN_POINT('',(-140.,-147.5,4.));
#5687 = DIRECTION('',(0.,0.,1.));
#5688 = DIRECTION('',(1.,0.,0.));
#5689 = ADVANCED_FACE('',(#5690),#5807,.T.);
#5690 = FACE_BOUND('',#5691,.T.);
#5691 = EDGE_LOOP('',(#5692,#5693,#5700,#5701,#5710,#5718,#5725,#5726,
    #5733,#5734,#5741,#5742,#5749,#5750,#5751,#5752,#5759,#5760,#5767,
    #5768,#5775,#5776,#5783,#5784,#5791,#5792,#5799,#5800));
#5692 = ORIENTED_EDGE('',*,*,#4073,.F.);
#5693 = ORIENTED_EDGE('',*,*,#5694,.T.);
#5694 = EDGE_CURVE('',#4066,#4001,#5695,.T.);
#5695 = CIRCLE('',#5696,14.5);
#5696 = AXIS2_PLACEMENT_3D('',#5697,#5698,#5699);
#5697 = CARTESIAN_POINT('',(0.,-64.,4.));
#5698 = DIRECTION('',(0.,0.,1.));
#5699 = DIRECTION('',(1.,0.,0.));
#5700 = ORIENTED_EDGE('',*,*,#4010,.T.);
#5701 = ORIENTED_EDGE('',*,*,#5702,.T.);
#5702 = EDGE_CURVE('',#4011,#5703,#5705,.T.);
#5703 = VERTEX_POINT('',#5704);
#5704 = CARTESIAN_POINT('',(14.5,-64.,14.));
#5705 = CIRCLE('',#5706,14.5);
#5706 = AXIS2_PLACEMENT_3D('',#5707,#5708,#5709);
#5707 = CARTESIAN_POINT('',(0.,-64.,14.));
#5708 = DIRECTION('',(0.,0.,1.));
#5709 = DIRECTION('',(1.,0.,0.));
#5710 = ORIENTED_EDGE('',*,*,#5711,.T.);
#5711 = EDGE_CURVE('',#5703,#5712,#5714,.T.);
#5712 = VERTEX_POINT('',#5713);
#5713 = CARTESIAN_POINT('',(14.5,-64.,19.));
#5714 = LINE('',#5715,#5716);
#5715 = CARTESIAN_POINT('',(14.5,-64.,4.));
#5716 = VECTOR('',#5717,1.);
#5717 = DIRECTION('',(0.,0.,1.));
#5718 = ORIENTED_EDGE('',*,*,#5719,.F.);
#5719 = EDGE_CURVE('',#5712,#5712,#5720,.T.);
#5720 = CIRCLE('',#5721,14.5);
#5721 = AXIS2_PLACEMENT_3D('',#5722,#5723,#5724);
#5722 = CARTESIAN_POINT('',(0.,-64.,19.));
#5723 = DIRECTION('',(0.,0.,1.));
#5724 = DIRECTION('',(1.,0.,0.));
#5725 = ORIENTED_EDGE('',*,*,#5711,.F.);
#5726 = ORIENTED_EDGE('',*,*,#5727,.T.);
#5727 = EDGE_CURVE('',#5703,#3934,#5728,.T.);
#5728 = CIRCLE('',#5729,14.5);
#5729 = AXIS2_PLACEMENT_3D('',#5730,#5731,#5732);
#5730 = CARTESIAN_POINT('',(0.,-64.,14.));
#5731 = DIRECTION('',(0.,0.,1.));
#5732 = DIRECTION('',(1.,0.,0.));
#5733 = ORIENTED_EDGE('',*,*,#3933,.F.);
#5734 = ORIENTED_EDGE('',*,*,#5735,.T.);
#5735 = EDGE_CURVE('',#3926,#3851,#5736,.T.);
#5736 = CIRCLE('',#5737,14.5);
#5737 = AXIS2_PLACEMENT_3D('',#5738,#5739,#5740);
#5738 = CARTESIAN_POINT('',(0.,-64.,4.));
#5739 = DIRECTION('',(0.,0.,1.));
#5740 = DIRECTION('',(1.,0.,0.));
#5741 = ORIENTED_EDGE('',*,*,#3860,.T.);
#5742 = ORIENTED_EDGE('',*,*,#5743,.T.);
#5743 = EDGE_CURVE('',#3861,#3794,#5744,.T.);
#5744 = CIRCLE('',#5745,14.5);
#5745 = AXIS2_PLACEMENT_3D('',#5746,#5747,#5748);
#5746 = CARTESIAN_POINT('',(0.,-64.,14.));
#5747 = DIRECTION('',(0.,0.,1.));
#5748 = DIRECTION('',(1.,0.,0.));
#5749 = ORIENTED_EDGE('',*,*,#3793,.F.);
#5750 = ORIENTED_EDGE('',*,*,#5675,.T.);
#5751 = ORIENTED_EDGE('',*,*,#3723,.T.);
#5752 = ORIENTED_EDGE('',*,*,#5753,.T.);
#5753 = EDGE_CURVE('',#3724,#4464,#5754,.T.);
#5754 = CIRCLE('',#5755,14.5);
#5755 = AXIS2_PLACEMENT_3D('',#5756,#5757,#5758);
#5756 = CARTESIAN_POINT('',(0.,-64.,14.));
#5757 = DIRECTION('',(0.,0.,1.));
#5758 = DIRECTION('',(1.,0.,0.));
#5759 = ORIENTED_EDGE('',*,*,#4463,.F.);
#5760 = ORIENTED_EDGE('',*,*,#5761,.T.);
#5761 = EDGE_CURVE('',#4456,#4391,#5762,.T.);
#5762 = CIRCLE('',#5763,14.5);
#5763 = AXIS2_PLACEMENT_3D('',#5764,#5765,#5766);
#5764 = CARTESIAN_POINT('',(0.,-64.,4.));
#5765 = DIRECTION('',(0.,0.,1.));
#5766 = DIRECTION('',(1.,0.,0.));
#5767 = ORIENTED_EDGE('',*,*,#4400,.T.);
#5768 = ORIENTED_EDGE('',*,*,#5769,.T.);
#5769 = EDGE_CURVE('',#4401,#4334,#5770,.T.);
#5770 = CIRCLE('',#5771,14.5);
#5771 = AXIS2_PLACEMENT_3D('',#5772,#5773,#5774);
#5772 = CARTESIAN_POINT('',(0.,-64.,14.));
#5773 = DIRECTION('',(0.,0.,1.));
#5774 = DIRECTION('',(1.,0.,0.));
#5775 = ORIENTED_EDGE('',*,*,#4333,.F.);
#5776 = ORIENTED_EDGE('',*,*,#5777,.T.);
#5777 = EDGE_CURVE('',#4326,#4261,#5778,.T.);
#5778 = CIRCLE('',#5779,14.5);
#5779 = AXIS2_PLACEMENT_3D('',#5780,#5781,#5782);
#5780 = CARTESIAN_POINT('',(0.,-64.,4.));
#5781 = DIRECTION('',(0.,0.,1.));
#5782 = DIRECTION('',(1.,0.,0.));
#5783 = ORIENTED_EDGE('',*,*,#4270,.T.);
#5784 = ORIENTED_EDGE('',*,*,#5785,.T.);
#5785 = EDGE_CURVE('',#4271,#4204,#5786,.T.);
#5786 = CIRCLE('',#5787,14.5);
#5787 = AXIS2_PLACEMENT_3D('',#5788,#5789,#5790);
#5788 = CARTESIAN_POINT('',(0.,-64.,14.));
#5789 = DIRECTION('',(0.,0.,1.));
#5790 = DIRECTION('',(1.,0.,0.));
#5791 = ORIENTED_EDGE('',*,*,#4203,.F.);
#5792 = ORIENTED_EDGE('',*,*,#5793,.T.);
#5793 = EDGE_CURVE('',#4196,#4131,#5794,.T.);
#5794 = CIRCLE('',#5795,14.5);
#5795 = AXIS2_PLACEMENT_3D('',#5796,#5797,#5798);
#5796 = CARTESIAN_POINT('',(0.,-64.,4.));
#5797 = DIRECTION('',(0.,0.,1.));
#5798 = DIRECTION('',(1.,0.,0.));
#5799 = ORIENTED_EDGE('',*,*,#4140,.T.);
#5800 = ORIENTED_EDGE('',*,*,#5801,.T.);
#5801 = EDGE_CURVE('',#4141,#4074,#5802,.T.);
#5802 = CIRCLE('',#5803,14.5);
#5803 = AXIS2_PLACEMENT_3D('',#5804,#5805,#5806);
#5804 = CARTESIAN_POINT('',(0.,-64.,14.));
#5805 = DIRECTION('',(0.,0.,1.));
#5806 = DIRECTION('',(1.,0.,0.));
#5807 = CYLINDRICAL_SURFACE('',#5808,14.5);
#5808 = AXIS2_PLACEMENT_3D('',#5809,#5810,#5811);
#5809 = CARTESIAN_POINT('',(0.,-64.,4.));
#5810 = DIRECTION('',(0.,0.,1.));
#5811 = DIRECTION('',(1.,0.,0.));
#5812 = ADVANCED_FACE('',(#5813),#5819,.T.);
#5813 = FACE_BOUND('',#5814,.T.);
#5814 = EDGE_LOOP('',(#5815,#5816,#5817,#5818));
#5815 = ORIENTED_EDGE('',*,*,#4498,.T.);
#5816 = ORIENTED_EDGE('',*,*,#4471,.F.);
#5817 = ORIENTED_EDGE('',*,*,#5753,.F.);
#5818 = ORIENTED_EDGE('',*,*,#3731,.T.);
#5819 = PLANE('',#5820);
#5820 = AXIS2_PLACEMENT_3D('',#5821,#5822,#5823);
#5821 = CARTESIAN_POINT('',(3.809722833574E-15,102.93648731995,14.));
#5822 = DIRECTION('',(0.,0.,1.));
#5823 = DIRECTION('',(1.,0.,0.));
#5824 = ADVANCED_FACE('',(#5825),#5831,.T.);
#5825 = FACE_BOUND('',#5826,.T.);
#5826 = EDGE_LOOP('',(#5827,#5828,#5829,#5830));
#5827 = ORIENTED_EDGE('',*,*,#3801,.F.);
#5828 = ORIENTED_EDGE('',*,*,#5743,.F.);
#5829 = ORIENTED_EDGE('',*,*,#3868,.T.);
#5830 = ORIENTED_EDGE('',*,*,#3835,.T.);
#5831 = PLANE('',#5832);
#5832 = AXIS2_PLACEMENT_3D('',#5833,#5834,#5835);
#5833 = CARTESIAN_POINT('',(2.830576295061,-66.05860094186,14.));
#5834 = DIRECTION('',(0.,0.,1.));
#5835 = DIRECTION('',(0.588171697675,0.808736084303,0.));
#5836 = ADVANCED_FACE('',(#5837),#5844,.T.);
#5837 = FACE_BOUND('',#5838,.T.);
#5838 = EDGE_LOOP('',(#5839,#5840,#5841,#5842,#5843));
#5839 = ORIENTED_EDGE('',*,*,#5735,.F.);
#5840 = ORIENTED_EDGE('',*,*,#3925,.T.);
#5841 = ORIENTED_EDGE('',*,*,#3901,.T.);
#5842 = ORIENTED_EDGE('',*,*,#3910,.T.);
#5843 = ORIENTED_EDGE('',*,*,#3850,.F.);
#5844 = PLANE('',#5845);
#5845 = AXIS2_PLACEMENT_3D('',#5846,#5847,#5848);
#5846 = CARTESIAN_POINT('',(-140.,-147.5,4.));
#5847 = DIRECTION('',(0.,0.,1.));
#5848 = DIRECTION('',(1.,0.,0.));
#5849 = ADVANCED_FACE('',(#5850),#5858,.T.);
#5850 = FACE_BOUND('',#5851,.T.);
#5851 = EDGE_LOOP('',(#5852,#5853,#5854,#5855,#5856,#5857));
#5852 = ORIENTED_EDGE('',*,*,#3941,.F.);
#5853 = ORIENTED_EDGE('',*,*,#5727,.F.);
#5854 = ORIENTED_EDGE('',*,*,#5702,.F.);
#5855 = ORIENTED_EDGE('',*,*,#4018,.T.);
#5856 = ORIENTED_EDGE('',*,*,#3976,.T.);
#5857 = ORIENTED_EDGE('',*,*,#3967,.T.);
#5858 = PLANE('',#5859);
#5859 = AXIS2_PLACEMENT_3D('',#5860,#5861,#5862);
#5860 = CARTESIAN_POINT('',(-0.791453975198,-67.40934020085,14.));
#5861 = DIRECTION('',(0.,0.,1.));
#5862 = DIRECTION('',(0.974097200243,-0.226129707199,0.));
#5863 = ADVANCED_FACE('',(#5864),#5870,.T.);
#5864 = FACE_BOUND('',#5865,.T.);
#5865 = EDGE_LOOP('',(#5866,#5867,#5868,#5869));
#5866 = ORIENTED_EDGE('',*,*,#5694,.F.);
#5867 = ORIENTED_EDGE('',*,*,#4065,.T.);
#5868 = ORIENTED_EDGE('',*,*,#4040,.T.);
#5869 = ORIENTED_EDGE('',*,*,#4000,.F.);
#5870 = PLANE('',#5871);
#5871 = AXIS2_PLACEMENT_3D('',#5872,#5873,#5874);
#5872 = CARTESIAN_POINT('',(-140.,-147.5,4.));
#5873 = DIRECTION('',(0.,0.,1.));
#5874 = DIRECTION('',(1.,0.,0.));
#5875 = ADVANCED_FACE('',(#5876),#5882,.T.);
#5876 = FACE_BOUND('',#5877,.T.);
#5877 = EDGE_LOOP('',(#5878,#5879,#5880,#5881));
#5878 = ORIENTED_EDGE('',*,*,#4148,.T.);
#5879 = ORIENTED_EDGE('',*,*,#4107,.T.);
#5880 = ORIENTED_EDGE('',*,*,#4081,.F.);
#5881 = ORIENTED_EDGE('',*,*,#5801,.F.);
#5882 = PLANE('',#5883);
#5883 = AXIS2_PLACEMENT_3D('',#5884,#5885,#5886);
#5884 = CARTESIAN_POINT('',(0.,-136.7793566267,14.));
#5885 = DIRECTION('',(0.,0.,1.));
#5886 = DIRECTION('',(1.,0.,0.));
#5887 = ADVANCED_FACE('',(#5888),#5894,.T.);
#5888 = FACE_BOUND('',#5889,.T.);
#5889 = EDGE_LOOP('',(#5890,#5891,#5892,#5893));
#5890 = ORIENTED_EDGE('',*,*,#5793,.F.);
#5891 = ORIENTED_EDGE('',*,*,#4195,.T.);
#5892 = ORIENTED_EDGE('',*,*,#4179,.T.);
#5893 = ORIENTED_EDGE('',*,*,#4130,.F.);
#5894 = PLANE('',#5895);
#5895 = AXIS2_PLACEMENT_3D('',#5896,#5897,#5898);
#5896 = CARTESIAN_POINT('',(-140.,-147.5,4.));
#5897 = DIRECTION('',(0.,0.,1.));
#5898 = DIRECTION('',(1.,0.,0.));
#5899 = ADVANCED_FACE('',(#5900),#5906,.T.);
#5900 = FACE_BOUND('',#5901,.T.);
#5901 = EDGE_LOOP('',(#5902,#5903,#5904,#5905));
#5902 = ORIENTED_EDGE('',*,*,#4211,.F.);
#5903 = ORIENTED_EDGE('',*,*,#5785,.F.);
#5904 = ORIENTED_EDGE('',*,*,#4278,.T.);
#5905 = ORIENTED_EDGE('',*,*,#4237,.T.);
#5906 = PLANE('',#5907);
#5907 = AXIS2_PLACEMENT_3D('',#5908,#5909,#5910);
#5908 = CARTESIAN_POINT('',(-0.791453975198,-60.59065979914,14.));
#5909 = DIRECTION('',(0.,0.,1.));
#5910 = DIRECTION('',(-0.974097200243,-0.226129707199,0.));
#5911 = ADVANCED_FACE('',(#5912),#5918,.T.);
#5912 = FACE_BOUND('',#5913,.T.);
#5913 = EDGE_LOOP('',(#5914,#5915,#5916,#5917));
#5914 = ORIENTED_EDGE('',*,*,#5777,.F.);
#5915 = ORIENTED_EDGE('',*,*,#4325,.T.);
#5916 = ORIENTED_EDGE('',*,*,#4309,.T.);
#5917 = ORIENTED_EDGE('',*,*,#4260,.F.);
#5918 = PLANE('',#5919);
#5919 = AXIS2_PLACEMENT_3D('',#5920,#5921,#5922);
#5920 = CARTESIAN_POINT('',(-140.,-147.5,4.));
#5921 = DIRECTION('',(0.,0.,1.));
#5922 = DIRECTION('',(1.,0.,0.));
#5923 = ADVANCED_FACE('',(#5924),#5930,.T.);
#5924 = FACE_BOUND('',#5925,.T.);
#5925 = EDGE_LOOP('',(#5926,#5927,#5928,#5929));
#5926 = ORIENTED_EDGE('',*,*,#4341,.F.);
#5927 = ORIENTED_EDGE('',*,*,#5769,.F.);
#5928 = ORIENTED_EDGE('',*,*,#4408,.T.);
#5929 = ORIENTED_EDGE('',*,*,#4375,.T.);
#5930 = PLANE('',#5931);
#5931 = AXIS2_PLACEMENT_3D('',#5932,#5933,#5934);
#5932 = CARTESIAN_POINT('',(2.830576295061,-61.94139905813,14.));
#5933 = DIRECTION('',(0.,0.,1.));
#5934 = DIRECTION('',(-0.588171697675,0.808736084303,0.));
#5935 = ADVANCED_FACE('',(#5936),#5942,.T.);
#5936 = FACE_BOUND('',#5937,.T.);
#5937 = EDGE_LOOP('',(#5938,#5939,#5940,#5941));
#5938 = ORIENTED_EDGE('',*,*,#5761,.F.);
#5939 = ORIENTED_EDGE('',*,*,#4455,.T.);
#5940 = ORIENTED_EDGE('',*,*,#4439,.T.);
#5941 = ORIENTED_EDGE('',*,*,#4390,.F.);
#5942 = PLANE('',#5943);
#5943 = AXIS2_PLACEMENT_3D('',#5944,#5945,#5946);
#5944 = CARTESIAN_POINT('',(-140.,-147.5,4.));
#5945 = DIRECTION('',(0.,0.,1.));
#5946 = DIRECTION('',(1.,0.,0.));
#5947 = ADVANCED_FACE('',(#5948,#5954,#5979),#6004,.T.);
#5948 = FACE_BOUND('',#5949,.T.);
#5949 = EDGE_LOOP('',(#5950,#5951,#5952,#5953));
#5950 = ORIENTED_EDGE('',*,*,#4665,.F.);
#5951 = ORIENTED_EDGE('',*,*,#4600,.T.);
#5952 = ORIENTED_EDGE('',*,*,#4624,.T.);
#5953 = ORIENTED_EDGE('',*,*,#4648,.F.);
#5954 = FACE_BOUND('',#5955,.T.);
#5955 = EDGE_LOOP('',(#5956,#5957,#5965,#5973));
#5956 = ORIENTED_EDGE('',*,*,#149,.T.);
#5957 = ORIENTED_EDGE('',*,*,#5958,.T.);
#5958 = EDGE_CURVE('',#142,#5959,#5961,.T.);
#5959 = VERTEX_POINT('',#5960);
#5960 = CARTESIAN_POINT('',(96.053580662094,-12.23138361912,10.));
#5961 = LINE('',#5962,#5963);
#5962 = CARTESIAN_POINT('',(96.733395455526,-20.00170226423,10.));
#5963 = VECTOR('',#5964,1.);
#5964 = DIRECTION('',(-8.715574274766E-02,0.996194698092,0.));
#5965 = ORIENTED_EDGE('',*,*,#5966,.F.);
#5966 = EDGE_CURVE('',#5967,#5959,#5969,.T.);
#5967 = VERTEX_POINT('',#5968);
#5968 = CARTESIAN_POINT('',(100.43683733369,-11.84789835103,10.));
#5969 = LINE('',#5970,#5971);
#5970 = CARTESIAN_POINT('',(94.957766494193,-12.32725493614,10.));
#5971 = VECTOR('',#5972,1.);
#5972 = DIRECTION('',(-0.996194698092,-8.715574274766E-02,0.));
#5973 = ORIENTED_EDGE('',*,*,#5974,.F.);
#5974 = EDGE_CURVE('',#133,#5967,#5975,.T.);
#5975 = LINE('',#5976,#5977);
#5976 = CARTESIAN_POINT('',(101.11665212712,-19.61821699614,10.));
#5977 = VECTOR('',#5978,1.);
#5978 = DIRECTION('',(-8.715574274766E-02,0.996194698092,0.));
#5979 = FACE_BOUND('',#5980,.T.);
#5980 = EDGE_LOOP('',(#5981,#5982,#5990,#5998));
#5981 = ORIENTED_EDGE('',*,*,#78,.T.);
#5982 = ORIENTED_EDGE('',*,*,#5983,.T.);
#5983 = EDGE_CURVE('',#71,#5984,#5986,.T.);
#5984 = VERTEX_POINT('',#5985);
#5985 = CARTESIAN_POINT('',(103.62466036759,-11.56899997423,10.));
#5986 = LINE('',#5987,#5988);
#5987 = CARTESIAN_POINT('',(104.30447516102,-19.33931861935,10.));
#5988 = VECTOR('',#5989,1.);
#5989 = DIRECTION('',(-8.715574274766E-02,0.996194698092,0.));
#5990 = ORIENTED_EDGE('',*,*,#5991,.F.);
#5991 = EDGE_CURVE('',#5992,#5984,#5994,.T.);
#5992 = VERTEX_POINT('',#5993);
#5993 = CARTESIAN_POINT('',(108.00791703919,-11.18551470614,10.));
#5994 = LINE('',#5995,#5996);
#5995 = CARTESIAN_POINT('',(98.743306346942,-11.9960631137,10.));
#5996 = VECTOR('',#5997,1.);
#5997 = DIRECTION('',(-0.996194698092,-8.715574274766E-02,0.));
#5998 = ORIENTED_EDGE('',*,*,#5999,.F.);
#5999 = EDGE_CURVE('',#62,#5992,#6000,.T.);
#6000 = LINE('',#6001,#6002);
#6001 = CARTESIAN_POINT('',(108.68773183262,-18.95583335126,10.));
#6002 = VECTOR('',#6003,1.);
#6003 = DIRECTION('',(-8.715574274766E-02,0.996194698092,0.));
#6004 = PLANE('',#6005);
#6005 = AXIS2_PLACEMENT_3D('',#6006,#6007,#6008);
#6006 = CARTESIAN_POINT('',(94.838096645066,-23.58050687179,10.));
#6007 = DIRECTION('',(0.,0.,1.));
#6008 = DIRECTION('',(0.996194698092,8.715574274766E-02,0.));
#6009 = ADVANCED_FACE('',(#6010),#6016,.T.);
#6010 = FACE_BOUND('',#6011,.T.);
#6011 = EDGE_LOOP('',(#6012,#6013,#6014,#6015));
#6012 = ORIENTED_EDGE('',*,*,#5193,.F.);
#6013 = ORIENTED_EDGE('',*,*,#5307,.T.);
#6014 = ORIENTED_EDGE('',*,*,#5291,.T.);
#6015 = ORIENTED_EDGE('',*,*,#5225,.F.);
#6016 = PLANE('',#6017);
#6017 = AXIS2_PLACEMENT_3D('',#6018,#6019,#6020);
#6018 = CARTESIAN_POINT('',(-85.,65.,4.));
#6019 = DIRECTION('',(1.,0.,0.));
#6020 = DIRECTION('',(0.,0.,1.));
#6021 = ADVANCED_FACE('',(#6022),#6038,.T.);
#6022 = FACE_BOUND('',#6023,.T.);
#6023 = EDGE_LOOP('',(#6024,#6030,#6031,#6037));
#6024 = ORIENTED_EDGE('',*,*,#6025,.F.);
#6025 = EDGE_CURVE('',#5512,#5242,#6026,.T.);
#6026 = LINE('',#6027,#6028);
#6027 = CARTESIAN_POINT('',(-110.7,83.7,-1.));
#6028 = VECTOR('',#6029,1.);
#6029 = DIRECTION('',(0.,0.,1.));
#6030 = ORIENTED_EDGE('',*,*,#5511,.F.);
#6031 = ORIENTED_EDGE('',*,*,#6032,.T.);
#6032 = EDGE_CURVE('',#5504,#5244,#6033,.T.);
#6033 = LINE('',#6034,#6035);
#6034 = CARTESIAN_POINT('',(-119.3,83.7,-1.));
#6035 = VECTOR('',#6036,1.);
#6036 = DIRECTION('',(0.,0.,1.));
#6037 = ORIENTED_EDGE('',*,*,#5241,.F.);
#6038 = PLANE('',#6039);
#6039 = AXIS2_PLACEMENT_3D('',#6040,#6041,#6042);
#6040 = CARTESIAN_POINT('',(-119.3,83.7,-1.));
#6041 = DIRECTION('',(0.,1.,0.));
#6042 = DIRECTION('',(0.,0.,1.));
#6043 = ADVANCED_FACE('',(#6044),#6056,.T.);
#6044 = FACE_BOUND('',#6045,.T.);
#6045 = EDGE_LOOP('',(#6046,#6047,#6048,#6049,#6055));
#6046 = ORIENTED_EDGE('',*,*,#6032,.F.);
#6047 = ORIENTED_EDGE('',*,*,#5503,.F.);
#6048 = ORIENTED_EDGE('',*,*,#5479,.F.);
#6049 = ORIENTED_EDGE('',*,*,#6050,.T.);
#6050 = EDGE_CURVE('',#5472,#5252,#6051,.T.);
#6051 = LINE('',#6052,#6053);
#6052 = CARTESIAN_POINT('',(-119.3,96.3,-1.));
#6053 = VECTOR('',#6054,1.);
#6054 = DIRECTION('',(0.,0.,1.));
#6055 = ORIENTED_EDGE('',*,*,#5251,.F.);
#6056 = PLANE('',#6057);
#6057 = AXIS2_PLACEMENT_3D('',#6058,#6059,#6060);
#6058 = CARTESIAN_POINT('',(-119.3,83.7,-1.));
#6059 = DIRECTION('',(1.,0.,0.));
#6060 = DIRECTION('',(0.,0.,1.));
#6061 = ADVANCED_FACE('',(#6062),#6073,.F.);
#6062 = FACE_BOUND('',#6063,.F.);
#6063 = EDGE_LOOP('',(#6064,#6070,#6071,#6072));
#6064 = ORIENTED_EDGE('',*,*,#6065,.F.);
#6065 = EDGE_CURVE('',#5464,#5260,#6066,.T.);
#6066 = LINE('',#6067,#6068);
#6067 = CARTESIAN_POINT('',(-110.7,96.3,-1.));
#6068 = VECTOR('',#6069,1.);
#6069 = DIRECTION('',(0.,0.,1.));
#6070 = ORIENTED_EDGE('',*,*,#5471,.F.);
#6071 = ORIENTED_EDGE('',*,*,#6050,.T.);
#6072 = ORIENTED_EDGE('',*,*,#5259,.F.);
#6073 = PLANE('',#6074);
#6074 = AXIS2_PLACEMENT_3D('',#6075,#6076,#6077);
#6075 = CARTESIAN_POINT('',(-119.3,96.3,-1.));
#6076 = DIRECTION('',(0.,1.,0.));
#6077 = DIRECTION('',(0.,0.,1.));
#6078 = ADVANCED_FACE('',(#6079),#6086,.F.);
#6079 = FACE_BOUND('',#6080,.F.);
#6080 = EDGE_LOOP('',(#6081,#6082,#6083,#6084,#6085));
#6081 = ORIENTED_EDGE('',*,*,#6025,.F.);
#6082 = ORIENTED_EDGE('',*,*,#5519,.F.);
#6083 = ORIENTED_EDGE('',*,*,#5463,.F.);
#6084 = ORIENTED_EDGE('',*,*,#6065,.T.);
#6085 = ORIENTED_EDGE('',*,*,#5267,.F.);
#6086 = PLANE('',#6087);
#6087 = AXIS2_PLACEMENT_3D('',#6088,#6089,#6090);
#6088 = CARTESIAN_POINT('',(-110.7,83.7,-1.));
#6089 = DIRECTION('',(1.,0.,0.));
#6090 = DIRECTION('',(0.,0.,1.));
#6091 = ADVANCED_FACE('',(#6092),#6117,.F.);
#6092 = FACE_BOUND('',#6093,.F.);
#6093 = EDGE_LOOP('',(#6094,#6102,#6103,#6111));
#6094 = ORIENTED_EDGE('',*,*,#6095,.F.);
#6095 = EDGE_CURVE('',#5321,#6096,#6098,.T.);
#6096 = VERTEX_POINT('',#6097);
#6097 = CARTESIAN_POINT('',(-40.20285622446,50.283552409764,26.));
#6098 = LINE('',#6099,#6100);
#6099 = CARTESIAN_POINT('',(-40.20285622446,50.283552409764,3.8));
#6100 = VECTOR('',#6101,1.);
#6101 = DIRECTION('',(0.,0.,1.));
#6102 = ORIENTED_EDGE('',*,*,#5320,.T.);
#6103 = ORIENTED_EDGE('',*,*,#6104,.T.);
#6104 = EDGE_CURVE('',#5323,#6105,#6107,.T.);
#6105 = VERTEX_POINT('',#6106);
#6106 = CARTESIAN_POINT('',(-33.3959853028,33.620224163105,26.));
#6107 = LINE('',#6108,#6109);
#6108 = CARTESIAN_POINT('',(-33.3959853028,33.620224163105,3.8));
#6109 = VECTOR('',#6110,1.);
#6110 = DIRECTION('',(0.,0.,1.));
#6111 = ORIENTED_EDGE('',*,*,#6112,.T.);
#6112 = EDGE_CURVE('',#6105,#6096,#6113,.T.);
#6113 = LINE('',#6114,#6115);
#6114 = CARTESIAN_POINT('',(-33.3959853028,33.620224163105,26.));
#6115 = VECTOR('',#6116,1.);
#6116 = DIRECTION('',(-0.378159495647,0.925740458148,0.));
#6117 = PLANE('',#6118);
#6118 = AXIS2_PLACEMENT_3D('',#6119,#6120,#6121);
#6119 = CARTESIAN_POINT('',(-33.3959853028,33.620224163105,3.8));
#6120 = DIRECTION('',(-0.925740458148,-0.378159495647,0.));
#6121 = DIRECTION('',(0.,0.,1.));
#6122 = ADVANCED_FACE('',(#6123),#6141,.F.);
#6123 = FACE_BOUND('',#6124,.F.);
#6124 = EDGE_LOOP('',(#6125,#6126,#6127,#6135));
#6125 = ORIENTED_EDGE('',*,*,#6104,.F.);
#6126 = ORIENTED_EDGE('',*,*,#5330,.T.);
#6127 = ORIENTED_EDGE('',*,*,#6128,.T.);
#6128 = EDGE_CURVE('',#5331,#6129,#6131,.T.);
#6129 = VERTEX_POINT('',#6130);
#6130 = CARTESIAN_POINT('',(-44.50487080057,29.082310215335,26.));
#6131 = LINE('',#6132,#6133);
#6132 = CARTESIAN_POINT('',(-44.50487080057,29.082310215335,3.8));
#6133 = VECTOR('',#6134,1.);
#6134 = DIRECTION('',(0.,0.,1.));
#6135 = ORIENTED_EDGE('',*,*,#6136,.F.);
#6136 = EDGE_CURVE('',#6105,#6129,#6137,.T.);
#6137 = LINE('',#6138,#6139);
#6138 = CARTESIAN_POINT('',(-33.3959853028,33.620224163105,26.));
#6139 = VECTOR('',#6140,1.);
#6140 = DIRECTION('',(-0.925740458148,-0.378159495647,0.));
#6141 = PLANE('',#6142);
#6142 = AXIS2_PLACEMENT_3D('',#6143,#6144,#6145);
#6143 = CARTESIAN_POINT('',(-33.3959853028,33.620224163105,3.8));
#6144 = DIRECTION('',(-0.378159495647,0.925740458148,0.));
#6145 = DIRECTION('',(0.,0.,1.));
#6146 = ADVANCED_FACE('',(#6147),#6165,.T.);
#6147 = FACE_BOUND('',#6148,.T.);
#6148 = EDGE_LOOP('',(#6149,#6157,#6158,#6159));
#6149 = ORIENTED_EDGE('',*,*,#6150,.F.);
#6150 = EDGE_CURVE('',#5339,#6151,#6153,.T.);
#6151 = VERTEX_POINT('',#6152);
#6152 = CARTESIAN_POINT('',(-51.31174172223,45.745638461995,26.));
#6153 = LINE('',#6154,#6155);
#6154 = CARTESIAN_POINT('',(-51.31174172223,45.745638461995,3.8));
#6155 = VECTOR('',#6156,1.);
#6156 = DIRECTION('',(0.,0.,1.));
#6157 = ORIENTED_EDGE('',*,*,#5338,.T.);
#6158 = ORIENTED_EDGE('',*,*,#6128,.T.);
#6159 = ORIENTED_EDGE('',*,*,#6160,.T.);
#6160 = EDGE_CURVE('',#6129,#6151,#6161,.T.);
#6161 = LINE('',#6162,#6163);
#6162 = CARTESIAN_POINT('',(-44.50487080057,29.082310215335,26.));
#6163 = VECTOR('',#6164,1.);
#6164 = DIRECTION('',(-0.378159495647,0.925740458148,0.));
#6165 = PLANE('',#6166);
#6166 = AXIS2_PLACEMENT_3D('',#6167,#6168,#6169);
#6167 = CARTESIAN_POINT('',(-44.50487080057,29.082310215335,3.8));
#6168 = DIRECTION('',(-0.925740458148,-0.378159495647,0.));
#6169 = DIRECTION('',(0.,0.,1.));
#6170 = ADVANCED_FACE('',(#6171),#6182,.T.);
#6171 = FACE_BOUND('',#6172,.T.);
#6172 = EDGE_LOOP('',(#6173,#6174,#6175,#6176));
#6173 = ORIENTED_EDGE('',*,*,#6095,.F.);
#6174 = ORIENTED_EDGE('',*,*,#5346,.T.);
#6175 = ORIENTED_EDGE('',*,*,#6150,.T.);
#6176 = ORIENTED_EDGE('',*,*,#6177,.F.);
#6177 = EDGE_CURVE('',#6096,#6151,#6178,.T.);
#6178 = LINE('',#6179,#6180);
#6179 = CARTESIAN_POINT('',(-40.20285622446,50.283552409764,26.));
#6180 = VECTOR('',#6181,1.);
#6181 = DIRECTION('',(-0.925740458148,-0.378159495647,0.));
#6182 = PLANE('',#6183);
#6183 = AXIS2_PLACEMENT_3D('',#6184,#6185,#6186);
#6184 = CARTESIAN_POINT('',(-40.20285622446,50.283552409764,3.8));
#6185 = DIRECTION('',(-0.378159495647,0.925740458148,0.));
#6186 = DIRECTION('',(0.,0.,1.));
#6187 = ADVANCED_FACE('',(#6188),#6195,.F.);
#6188 = FACE_BOUND('',#6189,.F.);
#6189 = EDGE_LOOP('',(#6190,#6191,#6192,#6193,#6194));
#6190 = ORIENTED_EDGE('',*,*,#5393,.T.);
#6191 = ORIENTED_EDGE('',*,*,#5423,.T.);
#6192 = ORIENTED_EDGE('',*,*,#5447,.T.);
#6193 = ORIENTED_EDGE('',*,*,#5526,.T.);
#6194 = ORIENTED_EDGE('',*,*,#5369,.T.);
#6195 = PLANE('',#6196);
#6196 = AXIS2_PLACEMENT_3D('',#6197,#6198,#6199);
#6197 = CARTESIAN_POINT('',(-89.6,90.,9.343075305071));
#6198 = DIRECTION('',(1.,0.,0.));
#6199 = DIRECTION('',(0.,0.,1.));
#6200 = ADVANCED_FACE('',(#6201,#6204),#6215,.T.);
#6201 = FACE_BOUND('',#6202,.T.);
#6202 = EDGE_LOOP('',(#6203));
#6203 = ORIENTED_EDGE('',*,*,#5719,.T.);
#6204 = FACE_BOUND('',#6205,.T.);
#6205 = EDGE_LOOP('',(#6206));
#6206 = ORIENTED_EDGE('',*,*,#6207,.F.);
#6207 = EDGE_CURVE('',#6208,#6208,#6210,.T.);
#6208 = VERTEX_POINT('',#6209);
#6209 = CARTESIAN_POINT('',(12.5,-64.,19.));
#6210 = CIRCLE('',#6211,12.5);
#6211 = AXIS2_PLACEMENT_3D('',#6212,#6213,#6214);
#6212 = CARTESIAN_POINT('',(0.,-64.,19.));
#6213 = DIRECTION('',(0.,0.,1.));
#6214 = DIRECTION('',(1.,0.,0.));
#6215 = PLANE('',#6216);
#6216 = AXIS2_PLACEMENT_3D('',#6217,#6218,#6219);
#6217 = CARTESIAN_POINT('',(0.,-64.,19.));
#6218 = DIRECTION('',(0.,0.,1.));
#6219 = DIRECTION('',(1.,0.,0.));
#6220 = ADVANCED_FACE('',(#6221),#6227,.T.);
#6221 = FACE_BOUND('',#6222,.T.);
#6222 = EDGE_LOOP('',(#6223,#6224,#6225,#6226));
#6223 = ORIENTED_EDGE('',*,*,#6136,.F.);
#6224 = ORIENTED_EDGE('',*,*,#6112,.T.);
#6225 = ORIENTED_EDGE('',*,*,#6177,.T.);
#6226 = ORIENTED_EDGE('',*,*,#6160,.F.);
#6227 = PLANE('',#6228);
#6228 = AXIS2_PLACEMENT_3D('',#6229,#6230,#6231);
#6229 = CARTESIAN_POINT('',(-33.3959853028,33.620224163105,26.));
#6230 = DIRECTION('',(0.,0.,1.));
#6231 = DIRECTION('',(-0.378159495647,0.925740458148,0.));
#6232 = ADVANCED_FACE('',(#6233),#6252,.T.);
#6233 = FACE_BOUND('',#6234,.T.);
#6234 = EDGE_LOOP('',(#6235,#6244,#6250,#6251));
#6235 = ORIENTED_EDGE('',*,*,#6236,.F.);
#6236 = EDGE_CURVE('',#6237,#6237,#6239,.T.);
#6237 = VERTEX_POINT('',#6238);
#6238 = CARTESIAN_POINT('',(12.5,-64.,23.));
#6239 = CIRCLE('',#6240,12.5);
#6240 = AXIS2_PLACEMENT_3D('',#6241,#6242,#6243);
#6241 = CARTESIAN_POINT('',(0.,-64.,23.));
#6242 = DIRECTION('',(0.,0.,1.));
#6243 = DIRECTION('',(1.,0.,0.));
#6244 = ORIENTED_EDGE('',*,*,#6245,.F.);
#6245 = EDGE_CURVE('',#6208,#6237,#6246,.T.);
#6246 = LINE('',#6247,#6248);
#6247 = CARTESIAN_POINT('',(12.5,-64.,19.));
#6248 = VECTOR('',#6249,1.);
#6249 = DIRECTION('',(0.,0.,1.));
#6250 = ORIENTED_EDGE('',*,*,#6207,.T.);
#6251 = ORIENTED_EDGE('',*,*,#6245,.T.);
#6252 = CYLINDRICAL_SURFACE('',#6253,12.5);
#6253 = AXIS2_PLACEMENT_3D('',#6254,#6255,#6256);
#6254 = CARTESIAN_POINT('',(0.,-64.,19.));
#6255 = DIRECTION('',(0.,0.,1.));
#6256 = DIRECTION('',(1.,0.,0.));
#6257 = ADVANCED_FACE('',(#6258),#6261,.T.);
#6258 = FACE_BOUND('',#6259,.T.);
#6259 = EDGE_LOOP('',(#6260));
#6260 = ORIENTED_EDGE('',*,*,#6236,.T.);
#6261 = PLANE('',#6262);
#6262 = AXIS2_PLACEMENT_3D('',#6263,#6264,#6265);
#6263 = CARTESIAN_POINT('',(0.,-64.,23.));
#6264 = DIRECTION('',(0.,0.,1.));
#6265 = DIRECTION('',(1.,0.,0.));
#6266 = ADVANCED_FACE('',(#6267),#6278,.T.);
#6267 = FACE_BOUND('',#6268,.T.);
#6268 = EDGE_LOOP('',(#6269,#6270,#6271,#6277));
#6269 = ORIENTED_EDGE('',*,*,#132,.T.);
#6270 = ORIENTED_EDGE('',*,*,#5974,.T.);
#6271 = ORIENTED_EDGE('',*,*,#6272,.F.);
#6272 = EDGE_CURVE('',#111,#5967,#6273,.T.);
#6273 = LINE('',#6274,#6275);
#6274 = CARTESIAN_POINT('',(100.43683733369,-11.84789835103,2.8));
#6275 = VECTOR('',#6276,1.);
#6276 = DIRECTION('',(0.,0.,1.));
#6277 = ORIENTED_EDGE('',*,*,#110,.F.);
#6278 = PLANE('',#6279);
#6279 = AXIS2_PLACEMENT_3D('',#6280,#6281,#6282);
#6280 = CARTESIAN_POINT('',(100.62857996774,-14.03952668683,6.75));
#6281 = DIRECTION('',(-0.996194698092,-8.715574274766E-02,-0.));
#6282 = DIRECTION('',(8.715574274766E-02,-0.996194698092,0.));
#6283 = ADVANCED_FACE('',(#6284),#6295,.T.);
#6284 = FACE_BOUND('',#6285,.T.);
#6285 = EDGE_LOOP('',(#6286,#6287,#6288,#6294));
#6286 = ORIENTED_EDGE('',*,*,#141,.F.);
#6287 = ORIENTED_EDGE('',*,*,#92,.T.);
#6288 = ORIENTED_EDGE('',*,*,#6289,.T.);
#6289 = EDGE_CURVE('',#95,#5959,#6290,.T.);
#6290 = LINE('',#6291,#6292);
#6291 = CARTESIAN_POINT('',(96.053580662094,-12.23138361912,3.5));
#6292 = VECTOR('',#6293,1.);
#6293 = DIRECTION('',(0.,0.,1.));
#6294 = ORIENTED_EDGE('',*,*,#5958,.F.);
#6295 = PLANE('',#6296);
#6296 = AXIS2_PLACEMENT_3D('',#6297,#6298,#6299);
#6297 = CARTESIAN_POINT('',(96.245323296139,-14.42301195492,6.75));
#6298 = DIRECTION('',(0.996194698092,8.715574274766E-02,0.));
#6299 = DIRECTION('',(-8.715574274766E-02,0.996194698092,0.));
#6300 = ADVANCED_FACE('',(#6301),#6307,.T.);
#6301 = FACE_BOUND('',#6302,.T.);
#6302 = EDGE_LOOP('',(#6303,#6304,#6305,#6306));
#6303 = ORIENTED_EDGE('',*,*,#6272,.T.);
#6304 = ORIENTED_EDGE('',*,*,#5966,.T.);
#6305 = ORIENTED_EDGE('',*,*,#6289,.F.);
#6306 = ORIENTED_EDGE('',*,*,#118,.T.);
#6307 = PLANE('',#6308);
#6308 = AXIS2_PLACEMENT_3D('',#6309,#6310,#6311);
#6309 = CARTESIAN_POINT('',(98.245208997896,-12.03964098507,6.75));
#6310 = DIRECTION('',(8.715574274766E-02,-0.996194698092,-0.));
#6311 = DIRECTION('',(-0.996194698092,-8.715574274766E-02,0.));
#6312 = ADVANCED_FACE('',(#6313),#6329,.T.);
#6313 = FACE_BOUND('',#6314,.T.);
#6314 = EDGE_LOOP('',(#6315,#6316,#6322,#6323));
#6315 = ORIENTED_EDGE('',*,*,#5991,.T.);
#6316 = ORIENTED_EDGE('',*,*,#6317,.F.);
#6317 = EDGE_CURVE('',#24,#5984,#6318,.T.);
#6318 = LINE('',#6319,#6320);
#6319 = CARTESIAN_POINT('',(103.62466036759,-11.56899997423,2.8));
#6320 = VECTOR('',#6321,1.);
#6321 = DIRECTION('',(0.,0.,1.));
#6322 = ORIENTED_EDGE('',*,*,#47,.T.);
#6323 = ORIENTED_EDGE('',*,*,#6324,.T.);
#6324 = EDGE_CURVE('',#40,#5992,#6325,.T.);
#6325 = LINE('',#6326,#6327);
#6326 = CARTESIAN_POINT('',(108.00791703919,-11.18551470614,3.5));
#6327 = VECTOR('',#6328,1.);
#6328 = DIRECTION('',(0.,0.,1.));
#6329 = PLANE('',#6330);
#6330 = AXIS2_PLACEMENT_3D('',#6331,#6332,#6333);
#6331 = CARTESIAN_POINT('',(105.81628870339,-11.37725734019,6.75));
#6332 = DIRECTION('',(8.715574274766E-02,-0.996194698092,-0.));
#6333 = DIRECTION('',(-0.996194698092,-8.715574274766E-02,0.));
#6334 = ADVANCED_FACE('',(#6335),#6341,.T.);
#6335 = FACE_BOUND('',#6336,.T.);
#6336 = EDGE_LOOP('',(#6337,#6338,#6339,#6340));
#6337 = ORIENTED_EDGE('',*,*,#61,.T.);
#6338 = ORIENTED_EDGE('',*,*,#5999,.T.);
#6339 = ORIENTED_EDGE('',*,*,#6324,.F.);
#6340 = ORIENTED_EDGE('',*,*,#39,.F.);
#6341 = PLANE('',#6342);
#6342 = AXIS2_PLACEMENT_3D('',#6343,#6344,#6345);
#6343 = CARTESIAN_POINT('',(108.19965967324,-13.37714304195,6.75));
#6344 = DIRECTION('',(-0.996194698092,-8.715574274766E-02,-0.));
#6345 = DIRECTION('',(8.715574274766E-02,-0.996194698092,0.));
#6346 = ADVANCED_FACE('',(#6347),#6353,.T.);
#6347 = FACE_BOUND('',#6348,.T.);
#6348 = EDGE_LOOP('',(#6349,#6350,#6351,#6352));
#6349 = ORIENTED_EDGE('',*,*,#70,.F.);
#6350 = ORIENTED_EDGE('',*,*,#21,.T.);
#6351 = ORIENTED_EDGE('',*,*,#6317,.T.);
#6352 = ORIENTED_EDGE('',*,*,#5983,.F.);
#6353 = PLANE('',#6354);
#6354 = AXIS2_PLACEMENT_3D('',#6355,#6356,#6357);
#6355 = CARTESIAN_POINT('',(103.81640300163,-13.76062831004,6.75));
#6356 = DIRECTION('',(0.996194698092,8.715574274766E-02,0.));
#6357 = DIRECTION('',(-8.715574274766E-02,0.996194698092,0.));
#6358 = ( GEOMETRIC_REPRESENTATION_CONTEXT(3) 
GLOBAL_UNCERTAINTY_ASSIGNED_CONTEXT((#6362)) 
GLOBAL_UNIT_ASSIGNED_CONTEXT((#6359,#6360,#6361)) REPRESENTATION_CONTEXT
('Context #1','3D Context with UNIT and UNCERTAINTY') );
#6359 = ( LENGTH_UNIT() NAMED_UNIT(*) SI_UNIT(.MILLI.,.METRE.) );
#6360 = ( NAMED_UNIT(*) PLANE_ANGLE_UNIT() SI_UNIT($,.RADIAN.) );
#6361 = ( NAMED_UNIT(*) SI_UNIT($,.STERADIAN.) SOLID_ANGLE_UNIT() );
#6362 = UNCERTAINTY_MEASURE_WITH_UNIT(LENGTH_MEASURE(1.E-07),#6359,
  'distance_accuracy_value','confusion accuracy');
#6363 = PRODUCT_RELATED_PRODUCT_CATEGORY('part',$,(#7));
ENDSEC;
END-ISO-10303-21;
